
/tmp/jit_dump.bin:     file format binary


Disassembly of section .data:

00000000 <.data>:
       0:	e92d4030 	push	{r4, r5, lr}
       4:	e1a04001 	mov	r4, r1
       8:	e24dd004 	sub	sp, sp, #4
       c:	e5905008 	ldr	r5, [r0, #8]
      10:	e12fff32 	blx	r2
      14:	e28dd004 	add	sp, sp, #4
      18:	e8bd8030 	pop	{r4, r5, pc}
      1c:	e52de004 	push	{lr}		@ (str lr, [sp, #-4]!)
      20:	e24dd004 	sub	sp, sp, #4
      24:	e58d0000 	str	r0, [sp]
      28:	e30cc123 	movw	ip, #49443	@ 0xc123
      2c:	e34cc456 	movt	ip, #50262	@ 0xc456
      30:	e3a009fd 	mov	r0, #4145152	@ 0x3f4000
      34:	e3800db5 	orr	r0, r0, #11584	@ 0x2d40
      38:	e1a01004 	mov	r1, r4
      3c:	e59d2000 	ldr	r2, [sp]
      40:	e59fcff0 	ldr	ip, [pc, #4080]	@ 0x1038
      44:	e12fff3c 	blx	ip
      48:	e3500000 	cmp	r0, #0
      4c:	1a00000b 	bne	0x80
      50:	e59f0fe4 	ldr	r0, [pc, #4068]	@ 0x103c
      54:	e1a01004 	mov	r1, r4
      58:	e59d2000 	ldr	r2, [sp]
      5c:	e59fcfdc 	ldr	ip, [pc, #4060]	@ 0x1040
      60:	e12fff3c 	blx	ip
      64:	e3500000 	cmp	r0, #0
      68:	1a000004 	bne	0x80
      6c:	e59f0fd0 	ldr	r0, [pc, #4048]	@ 0x1044
      70:	e30ccabc 	movw	ip, #51900	@ 0xcabc
      74:	e34ccdef 	movt	ip, #52719	@ 0xcdef
      78:	e28dd004 	add	sp, sp, #4
      7c:	e49df004 	pop	{pc}		@ (ldr pc, [sp], #4)
      80:	e59d0000 	ldr	r0, [sp]
      84:	e59d1004 	ldr	r1, [sp, #4]
      88:	e59fcfb8 	ldr	ip, [pc, #4024]	@ 0x1048
      8c:	e12fff3c 	blx	ip
      90:	e28dd008 	add	sp, sp, #8
      94:	e12fff10 	bx	r0
      98:	e92d41c0 	push	{r6, r7, r8, lr}
      9c:	e24dd008 	sub	sp, sp, #8
      a0:	e58d0000 	str	r0, [sp]
      a4:	e30cc123 	movw	ip, #49443	@ 0xc123
      a8:	e34cc456 	movt	ip, #50262	@ 0xc456
      ac:	e595e03c 	ldr	lr, [r5, #60]	@ 0x3c
      b0:	e59e0008 	ldr	r0, [lr, #8]
      b4:	e2406c10 	sub	r6, r0, #16, 24	@ 0x1000
      b8:	e2466050 	sub	r6, r6, #80	@ 0x50
      bc:	e595003c 	ldr	r0, [r5, #60]	@ 0x3c
      c0:	e5806008 	str	r6, [r0, #8]
      c4:	e1a01006 	mov	r1, r6
      c8:	e5950030 	ldr	r0, [r5, #48]	@ 0x30
      cc:	e3a0cc10 	mov	ip, #16, 24	@ 0x1000
      d0:	e38cc04c 	orr	ip, ip, #76	@ 0x4c
      d4:	e091100c 	adds	r1, r1, ip
      d8:	2a0000d5 	bcs	0x434
      dc:	e59fcf68 	ldr	ip, [pc, #3944]	@ 0x104c
      e0:	e151000c 	cmp	r1, ip
      e4:	8a0000d2 	bhi	0x434
      e8:	e3a0e000 	mov	lr, #0
      ec:	e780e001 	str	lr, [r0, r1]
      f0:	e59f0f58 	ldr	r0, [pc, #3928]	@ 0x1050
      f4:	e1a01004 	mov	r1, r4
      f8:	e59d2000 	ldr	r2, [sp]
      fc:	e59fcf50 	ldr	ip, [pc, #3920]	@ 0x1054
     100:	e12fff3c 	blx	ip
     104:	e3500000 	cmp	r0, #0
     108:	1a0000cc 	bne	0x440
     10c:	e2860040 	add	r0, r6, #64	@ 0x40
     110:	e5840040 	str	r0, [r4, #64]	@ 0x40
     114:	e3a0ee40 	mov	lr, #64, 28	@ 0x400
     118:	e584e020 	str	lr, [r4, #32]
     11c:	e59f0f34 	ldr	r0, [pc, #3892]	@ 0x1058
     120:	e1a01004 	mov	r1, r4
     124:	e59d2000 	ldr	r2, [sp]
     128:	e59fcf2c 	ldr	ip, [pc, #3884]	@ 0x105c
     12c:	e12fff3c 	blx	ip
     130:	e3500000 	cmp	r0, #0
     134:	1a0000c1 	bne	0x440
     138:	e5940040 	ldr	r0, [r4, #64]	@ 0x40
     13c:	e1a02006 	mov	r2, r6
     140:	e5951030 	ldr	r1, [r5, #48]	@ 0x30
     144:	e292203c 	adds	r2, r2, #60	@ 0x3c
     148:	2a0000b9 	bcs	0x434
     14c:	e59fcef8 	ldr	ip, [pc, #3832]	@ 0x104c
     150:	e152000c 	cmp	r2, ip
     154:	8a0000b6 	bhi	0x434
     158:	e7810002 	str	r0, [r1, r2]
     15c:	e1a01006 	mov	r1, r6
     160:	e5950030 	ldr	r0, [r5, #48]	@ 0x30
     164:	e2911038 	adds	r1, r1, #56	@ 0x38
     168:	2a0000b1 	bcs	0x434
     16c:	e59fced8 	ldr	ip, [pc, #3800]	@ 0x104c
     170:	e151000c 	cmp	r1, ip
     174:	8a0000ae 	bhi	0x434
     178:	e3e0e000 	mvn	lr, #0
     17c:	e780e001 	str	lr, [r0, r1]
     180:	e1a01006 	mov	r1, r6
     184:	e5950030 	ldr	r0, [r5, #48]	@ 0x30
     188:	e2911030 	adds	r1, r1, #48	@ 0x30
     18c:	2a0000a8 	bcs	0x434
     190:	e59fcec8 	ldr	ip, [pc, #3784]	@ 0x1060
     194:	e151000c 	cmp	r1, ip
     198:	8a0000a5 	bhi	0x434
     19c:	e0800001 	add	r0, r0, r1
     1a0:	e3a01000 	mov	r1, #0
     1a4:	e3a02000 	mov	r2, #0
     1a8:	e5802000 	str	r2, [r0]
     1ac:	e5801004 	str	r1, [r0, #4]
     1b0:	e2860040 	add	r0, r6, #64	@ 0x40
     1b4:	e2861030 	add	r1, r6, #48	@ 0x30
     1b8:	e2862038 	add	r2, r6, #56	@ 0x38
     1bc:	e5840040 	str	r0, [r4, #64]	@ 0x40
     1c0:	e3a0ee40 	mov	lr, #64, 28	@ 0x400
     1c4:	e584e020 	str	lr, [r4, #32]
     1c8:	e59fee94 	ldr	lr, [pc, #3732]	@ 0x1064
     1cc:	e584e048 	str	lr, [r4, #72]	@ 0x48
     1d0:	e584104c 	str	r1, [r4, #76]	@ 0x4c
     1d4:	e5842050 	str	r2, [r4, #80]	@ 0x50
     1d8:	e59f0e88 	ldr	r0, [pc, #3720]	@ 0x1068
     1dc:	e1a01004 	mov	r1, r4
     1e0:	e59d2000 	ldr	r2, [sp]
     1e4:	e59fce80 	ldr	ip, [pc, #3712]	@ 0x106c
     1e8:	e12fff3c 	blx	ip
     1ec:	e3500000 	cmp	r0, #0
     1f0:	1a000092 	bne	0x440
     1f4:	e5940040 	ldr	r0, [r4, #64]	@ 0x40
     1f8:	e1a02006 	mov	r2, r6
     1fc:	e5951030 	ldr	r1, [r5, #48]	@ 0x30
     200:	e292202c 	adds	r2, r2, #44	@ 0x2c
     204:	2a00008a 	bcs	0x434
     208:	e59fce3c 	ldr	ip, [pc, #3644]	@ 0x104c
     20c:	e152000c 	cmp	r2, ip
     210:	8a000087 	bhi	0x434
     214:	e7810002 	str	r0, [r1, r2]
     218:	e1a02006 	mov	r2, r6
     21c:	e5951030 	ldr	r1, [r5, #48]	@ 0x30
     220:	e292202c 	adds	r2, r2, #44	@ 0x2c
     224:	2a000082 	bcs	0x434
     228:	e59fce1c 	ldr	ip, [pc, #3612]	@ 0x104c
     22c:	e152000c 	cmp	r2, ip
     230:	8a00007f 	bhi	0x434
     234:	e7910002 	ldr	r0, [r1, r2]
     238:	e3500000 	cmp	r0, #0
     23c:	1a000026 	bne	0x2dc
     240:	e1a03006 	mov	r3, r6
     244:	e5952030 	ldr	r2, [r5, #48]	@ 0x30
     248:	e2933030 	adds	r3, r3, #48	@ 0x30
     24c:	2a000078 	bcs	0x434
     250:	e59fce08 	ldr	ip, [pc, #3592]	@ 0x1060
     254:	e153000c 	cmp	r3, ip
     258:	8a000075 	bhi	0x434
     25c:	e082c003 	add	ip, r2, r3
     260:	e59c0000 	ldr	r0, [ip]
     264:	e59c1004 	ldr	r1, [ip, #4]
     268:	e1a03006 	mov	r3, r6
     26c:	e5952030 	ldr	r2, [r5, #48]	@ 0x30
     270:	e2933008 	adds	r3, r3, #8
     274:	2a00006e 	bcs	0x434
     278:	e59fcdcc 	ldr	ip, [pc, #3532]	@ 0x104c
     27c:	e153000c 	cmp	r3, ip
     280:	8a00006b 	bhi	0x434
     284:	e3a0ee40 	mov	lr, #64, 28	@ 0x400
     288:	e782e003 	str	lr, [r2, r3]
     28c:	e1a03006 	mov	r3, r6
     290:	e5952030 	ldr	r2, [r5, #48]	@ 0x30
     294:	e59fcdc4 	ldr	ip, [pc, #3524]	@ 0x1060
     298:	e153000c 	cmp	r3, ip
     29c:	8a000064 	bhi	0x434
     2a0:	e082c003 	add	ip, r2, r3
     2a4:	e58c0000 	str	r0, [ip]
     2a8:	e58c1004 	str	r1, [ip, #4]
     2ac:	e3a0eb40 	mov	lr, #64, 22	@ 0x10000
     2b0:	e38ee070 	orr	lr, lr, #112	@ 0x70
     2b4:	e584e03c 	str	lr, [r4, #60]	@ 0x3c
     2b8:	e5846000 	str	r6, [r4]
     2bc:	e59f0dac 	ldr	r0, [pc, #3500]	@ 0x1070
     2c0:	e1a01004 	mov	r1, r4
     2c4:	e59d2000 	ldr	r2, [sp]
     2c8:	e59fcda4 	ldr	ip, [pc, #3492]	@ 0x1074
     2cc:	e12fff3c 	blx	ip
     2d0:	e3500000 	cmp	r0, #0
     2d4:	1a000059 	bne	0x440
     2d8:	ea00003f 	b	0x3dc
     2dc:	e1a02006 	mov	r2, r6
     2e0:	e5951030 	ldr	r1, [r5, #48]	@ 0x30
     2e4:	e2922038 	adds	r2, r2, #56	@ 0x38
     2e8:	2a000051 	bcs	0x434
     2ec:	e59fcd58 	ldr	ip, [pc, #3416]	@ 0x104c
     2f0:	e152000c 	cmp	r2, ip
     2f4:	8a00004e 	bhi	0x434
     2f8:	e7910002 	ldr	r0, [r1, r2]
     2fc:	e1a03006 	mov	r3, r6
     300:	e5952030 	ldr	r2, [r5, #48]	@ 0x30
     304:	e293303c 	adds	r3, r3, #60	@ 0x3c
     308:	2a000049 	bcs	0x434
     30c:	e59fcd38 	ldr	ip, [pc, #3384]	@ 0x104c
     310:	e153000c 	cmp	r3, ip
     314:	8a000046 	bhi	0x434
     318:	e7921003 	ldr	r1, [r2, r3]
     31c:	e1a08006 	mov	r8, r6
     320:	e5957030 	ldr	r7, [r5, #48]	@ 0x30
     324:	e2988030 	adds	r8, r8, #48	@ 0x30
     328:	2a000041 	bcs	0x434
     32c:	e59fcd2c 	ldr	ip, [pc, #3372]	@ 0x1060
     330:	e158000c 	cmp	r8, ip
     334:	8a00003e 	bhi	0x434
     338:	e087c008 	add	ip, r7, r8
     33c:	e59c2000 	ldr	r2, [ip]
     340:	e59c3004 	ldr	r3, [ip, #4]
     344:	e1a08006 	mov	r8, r6
     348:	e5957030 	ldr	r7, [r5, #48]	@ 0x30
     34c:	e2988018 	adds	r8, r8, #24
     350:	2a000037 	bcs	0x434
     354:	e59fcd04 	ldr	ip, [pc, #3332]	@ 0x1060
     358:	e158000c 	cmp	r8, ip
     35c:	8a000034 	bhi	0x434
     360:	e087c008 	add	ip, r7, r8
     364:	e58c2000 	str	r2, [ip]
     368:	e58c3004 	str	r3, [ip, #4]
     36c:	e1a03006 	mov	r3, r6
     370:	e5952030 	ldr	r2, [r5, #48]	@ 0x30
     374:	e2933014 	adds	r3, r3, #20
     378:	2a00002d 	bcs	0x434
     37c:	e59fccc8 	ldr	ip, [pc, #3272]	@ 0x104c
     380:	e153000c 	cmp	r3, ip
     384:	8a00002a 	bhi	0x434
     388:	e7821003 	str	r1, [r2, r3]
     38c:	e1a02006 	mov	r2, r6
     390:	e5951030 	ldr	r1, [r5, #48]	@ 0x30
     394:	e2922010 	adds	r2, r2, #16
     398:	2a000025 	bcs	0x434
     39c:	e59fcca8 	ldr	ip, [pc, #3240]	@ 0x104c
     3a0:	e152000c 	cmp	r2, ip
     3a4:	8a000022 	bhi	0x434
     3a8:	e7810002 	str	r0, [r1, r2]
     3ac:	e2860010 	add	r0, r6, #16
     3b0:	e3a0eb40 	mov	lr, #64, 22	@ 0x10000
     3b4:	e38ee1d8 	orr	lr, lr, #216, 2	@ 0x36
     3b8:	e584e03c 	str	lr, [r4, #60]	@ 0x3c
     3bc:	e5840040 	str	r0, [r4, #64]	@ 0x40
     3c0:	e59f0cb0 	ldr	r0, [pc, #3248]	@ 0x1078
     3c4:	e1a01004 	mov	r1, r4
     3c8:	e59d2000 	ldr	r2, [sp]
     3cc:	e59fcca8 	ldr	ip, [pc, #3240]	@ 0x107c
     3d0:	e12fff3c 	blx	ip
     3d4:	e3500000 	cmp	r0, #0
     3d8:	1a000018 	bne	0x440
     3dc:	e1a02006 	mov	r2, r6
     3e0:	e5951030 	ldr	r1, [r5, #48]	@ 0x30
     3e4:	e292202c 	adds	r2, r2, #44	@ 0x2c
     3e8:	2a000011 	bcs	0x434
     3ec:	e59fcc58 	ldr	ip, [pc, #3160]	@ 0x104c
     3f0:	e152000c 	cmp	r2, ip
     3f4:	8a00000e 	bhi	0x434
     3f8:	e7910002 	ldr	r0, [r1, r2]
     3fc:	e3a01000 	mov	r1, #0
     400:	e3500000 	cmp	r0, #0
     404:	13a01001 	movne	r1, #1
     408:	e2866c10 	add	r6, r6, #16, 24	@ 0x1000
     40c:	e2866050 	add	r6, r6, #80	@ 0x50
     410:	e595003c 	ldr	r0, [r5, #60]	@ 0x3c
     414:	e5806008 	str	r6, [r0, #8]
     418:	e5841014 	str	r1, [r4, #20]
     41c:	e3a009fe 	mov	r0, #4161536	@ 0x3f8000
     420:	e3800e93 	orr	r0, r0, #2352	@ 0x930
     424:	e30ccabc 	movw	ip, #51900	@ 0xcabc
     428:	e34ccdef 	movt	ip, #52719	@ 0xcdef
     42c:	e28dd008 	add	sp, sp, #8
     430:	e8bd81c0 	pop	{r6, r7, r8, pc}
     434:	e3a00008 	mov	r0, #8
     438:	e59d1000 	ldr	r1, [sp]
     43c:	e5810010 	str	r0, [r1, #16]
     440:	e59d0000 	ldr	r0, [sp]
     444:	e59d1014 	ldr	r1, [sp, #20]
     448:	e59fcc30 	ldr	ip, [pc, #3120]	@ 0x1080
     44c:	e12fff3c 	blx	ip
     450:	e28dd008 	add	sp, sp, #8
     454:	e8bd01c0 	pop	{r6, r7, r8}
     458:	e28dd004 	add	sp, sp, #4
     45c:	e12fff10 	bx	r0
     460:	e92d4040 	push	{r6, lr}
     464:	e24dd008 	sub	sp, sp, #8
     468:	e58d0000 	str	r0, [sp]
     46c:	e30cc123 	movw	ip, #49443	@ 0xc123
     470:	e34cc456 	movt	ip, #50262	@ 0xc456
     474:	e595e03c 	ldr	lr, [r5, #60]	@ 0x3c
     478:	e59e0008 	ldr	r0, [lr, #8]
     47c:	e2406010 	sub	r6, r0, #16
     480:	e595003c 	ldr	r0, [r5, #60]	@ 0x3c
     484:	e5806008 	str	r6, [r0, #8]
     488:	e1a01006 	mov	r1, r6
     48c:	e5950030 	ldr	r0, [r5, #48]	@ 0x30
     490:	e291100c 	adds	r1, r1, #12
     494:	2a00001c 	bcs	0x50c
     498:	e59fcbac 	ldr	ip, [pc, #2988]	@ 0x104c
     49c:	e151000c 	cmp	r1, ip
     4a0:	8a000019 	bhi	0x50c
     4a4:	e59febd8 	ldr	lr, [pc, #3032]	@ 0x1084
     4a8:	e780e001 	str	lr, [r0, r1]
     4ac:	e1a02006 	mov	r2, r6
     4b0:	e5951030 	ldr	r1, [r5, #48]	@ 0x30
     4b4:	e292200c 	adds	r2, r2, #12
     4b8:	2a000013 	bcs	0x50c
     4bc:	e59fcb88 	ldr	ip, [pc, #2952]	@ 0x104c
     4c0:	e152000c 	cmp	r2, ip
     4c4:	8a000010 	bhi	0x50c
     4c8:	e7910002 	ldr	r0, [r1, r2]
     4cc:	e584000c 	str	r0, [r4, #12]
     4d0:	e59f0bb0 	ldr	r0, [pc, #2992]	@ 0x1088
     4d4:	e1a01004 	mov	r1, r4
     4d8:	e59d2000 	ldr	r2, [sp]
     4dc:	e59fcba8 	ldr	ip, [pc, #2984]	@ 0x108c
     4e0:	e12fff3c 	blx	ip
     4e4:	e3500000 	cmp	r0, #0
     4e8:	1a00000a 	bne	0x518
     4ec:	e2866010 	add	r6, r6, #16
     4f0:	e595003c 	ldr	r0, [r5, #60]	@ 0x3c
     4f4:	e5806008 	str	r6, [r0, #8]
     4f8:	e59f0b90 	ldr	r0, [pc, #2960]	@ 0x1090
     4fc:	e30ccabc 	movw	ip, #51900	@ 0xcabc
     500:	e34ccdef 	movt	ip, #52719	@ 0xcdef
     504:	e28dd008 	add	sp, sp, #8
     508:	e8bd8040 	pop	{r6, pc}
     50c:	e3a00008 	mov	r0, #8
     510:	e59d1000 	ldr	r1, [sp]
     514:	e5810010 	str	r0, [r1, #16]
     518:	e59d0000 	ldr	r0, [sp]
     51c:	e59d100c 	ldr	r1, [sp, #12]
     520:	e59fcb6c 	ldr	ip, [pc, #2924]	@ 0x1094
     524:	e12fff3c 	blx	ip
     528:	e59d6008 	ldr	r6, [sp, #8]
     52c:	e28dd010 	add	sp, sp, #16
     530:	e12fff10 	bx	r0
     534:	e92d40c0 	push	{r6, r7, lr}
     538:	e24dd004 	sub	sp, sp, #4
     53c:	e58d0000 	str	r0, [sp]
     540:	e30cc123 	movw	ip, #49443	@ 0xc123
     544:	e34cc456 	movt	ip, #50262	@ 0xc456
     548:	e5940000 	ldr	r0, [r4]
     54c:	e5941004 	ldr	r1, [r4, #4]
     550:	e595e03c 	ldr	lr, [r5, #60]	@ 0x3c
     554:	e59e2008 	ldr	r2, [lr, #8]
     558:	e2426010 	sub	r6, r2, #16
     55c:	e595203c 	ldr	r2, [r5, #60]	@ 0x3c
     560:	e5826008 	str	r6, [r2, #8]
     564:	e1a03006 	mov	r3, r6
     568:	e5952030 	ldr	r2, [r5, #48]	@ 0x30
     56c:	e293300c 	adds	r3, r3, #12
     570:	2a00009a 	bcs	0x7e0
     574:	e59fcad0 	ldr	ip, [pc, #2768]	@ 0x104c
     578:	e153000c 	cmp	r3, ip
     57c:	8a000097 	bhi	0x7e0
     580:	e7820003 	str	r0, [r2, r3]
     584:	e1a02006 	mov	r2, r6
     588:	e5950030 	ldr	r0, [r5, #48]	@ 0x30
     58c:	e2922008 	adds	r2, r2, #8
     590:	2a000092 	bcs	0x7e0
     594:	e59fcab0 	ldr	ip, [pc, #2736]	@ 0x104c
     598:	e152000c 	cmp	r2, ip
     59c:	8a00008f 	bhi	0x7e0
     5a0:	e7801002 	str	r1, [r0, r2]
     5a4:	e59f0aec 	ldr	r0, [pc, #2796]	@ 0x1098
     5a8:	e1a01004 	mov	r1, r4
     5ac:	e59d2000 	ldr	r2, [sp]
     5b0:	e59fcae4 	ldr	ip, [pc, #2788]	@ 0x109c
     5b4:	e12fff3c 	blx	ip
     5b8:	e3500000 	cmp	r0, #0
     5bc:	1a00008a 	bne	0x7ec
     5c0:	e5940030 	ldr	r0, [r4, #48]	@ 0x30
     5c4:	e1a03006 	mov	r3, r6
     5c8:	e5952030 	ldr	r2, [r5, #48]	@ 0x30
     5cc:	e2933008 	adds	r3, r3, #8
     5d0:	2a000082 	bcs	0x7e0
     5d4:	e59fca70 	ldr	ip, [pc, #2672]	@ 0x104c
     5d8:	e153000c 	cmp	r3, ip
     5dc:	8a00007f 	bhi	0x7e0
     5e0:	e7921003 	ldr	r1, [r2, r3]
     5e4:	e3510000 	cmp	r1, #0
     5e8:	0a00007a 	beq	0x7d8
     5ec:	e52d3008 	str	r3, [sp, #-8]!
     5f0:	e58d2004 	str	r2, [sp, #4]
     5f4:	e59fcaa4 	ldr	ip, [pc, #2724]	@ 0x10a0
     5f8:	e12fff3c 	blx	ip
     5fc:	e59d2004 	ldr	r2, [sp, #4]
     600:	e49d3008 	ldr	r3, [sp], #8
     604:	e1a00001 	mov	r0, r1
     608:	e1a02006 	mov	r2, r6
     60c:	e5951030 	ldr	r1, [r5, #48]	@ 0x30
     610:	e2922004 	adds	r2, r2, #4
     614:	2a000071 	bcs	0x7e0
     618:	e59fca2c 	ldr	ip, [pc, #2604]	@ 0x104c
     61c:	e152000c 	cmp	r2, ip
     620:	8a00006e 	bhi	0x7e0
     624:	e7810002 	str	r0, [r1, r2]
     628:	e1a01006 	mov	r1, r6
     62c:	e5950030 	ldr	r0, [r5, #48]	@ 0x30
     630:	e59fca14 	ldr	ip, [pc, #2580]	@ 0x104c
     634:	e151000c 	cmp	r1, ip
     638:	8a000068 	bhi	0x7e0
     63c:	e3a0e000 	mov	lr, #0
     640:	e780e001 	str	lr, [r0, r1]
     644:	e1a02006 	mov	r2, r6
     648:	e5951030 	ldr	r1, [r5, #48]	@ 0x30
     64c:	e59fc9f8 	ldr	ip, [pc, #2552]	@ 0x104c
     650:	e152000c 	cmp	r2, ip
     654:	8a000061 	bhi	0x7e0
     658:	e7910002 	ldr	r0, [r1, r2]
     65c:	e1a03006 	mov	r3, r6
     660:	e5952030 	ldr	r2, [r5, #48]	@ 0x30
     664:	e2933008 	adds	r3, r3, #8
     668:	2a00005c 	bcs	0x7e0
     66c:	e59fc9d8 	ldr	ip, [pc, #2520]	@ 0x104c
     670:	e153000c 	cmp	r3, ip
     674:	8a000059 	bhi	0x7e0
     678:	e7921003 	ldr	r1, [r2, r3]
     67c:	e1500001 	cmp	r0, r1
     680:	e3a00000 	mov	r0, #0
     684:	33a00001 	movcc	r0, #1
     688:	e3100001 	tst	r0, #1
     68c:	0a000040 	beq	0x794
     690:	e1a02006 	mov	r2, r6
     694:	e5951030 	ldr	r1, [r5, #48]	@ 0x30
     698:	e59fc9ac 	ldr	ip, [pc, #2476]	@ 0x104c
     69c:	e152000c 	cmp	r2, ip
     6a0:	8a00004e 	bhi	0x7e0
     6a4:	e7910002 	ldr	r0, [r1, r2]
     6a8:	e1a03006 	mov	r3, r6
     6ac:	e5952030 	ldr	r2, [r5, #48]	@ 0x30
     6b0:	e2933004 	adds	r3, r3, #4
     6b4:	2a000049 	bcs	0x7e0
     6b8:	e59fc98c 	ldr	ip, [pc, #2444]	@ 0x104c
     6bc:	e153000c 	cmp	r3, ip
     6c0:	8a000046 	bhi	0x7e0
     6c4:	e7921003 	ldr	r1, [r2, r3]
     6c8:	e1500001 	cmp	r0, r1
     6cc:	e3a00000 	mov	r0, #0
     6d0:	03a00001 	moveq	r0, #1
     6d4:	e3100001 	tst	r0, #1
     6d8:	0a000001 	beq	0x6e4
     6dc:	e59f0980 	ldr	r0, [pc, #2432]	@ 0x1064
     6e0:	ea000008 	b	0x708
     6e4:	e59f09b8 	ldr	r0, [pc, #2488]	@ 0x10a4
     6e8:	e1a01004 	mov	r1, r4
     6ec:	e59d2000 	ldr	r2, [sp]
     6f0:	e59fc9b0 	ldr	ip, [pc, #2480]	@ 0x10a8
     6f4:	e12fff3c 	blx	ip
     6f8:	e3500000 	cmp	r0, #0
     6fc:	1a00003a 	bne	0x7ec
     700:	e594102c 	ldr	r1, [r4, #44]	@ 0x2c
     704:	e1a00001 	mov	r0, r1
     708:	e1a03006 	mov	r3, r6
     70c:	e5952030 	ldr	r2, [r5, #48]	@ 0x30
     710:	e293300c 	adds	r3, r3, #12
     714:	2a000031 	bcs	0x7e0
     718:	e59fc92c 	ldr	ip, [pc, #2348]	@ 0x104c
     71c:	e153000c 	cmp	r3, ip
     720:	8a00002e 	bhi	0x7e0
     724:	e7921003 	ldr	r1, [r2, r3]
     728:	e1a07006 	mov	r7, r6
     72c:	e5953030 	ldr	r3, [r5, #48]	@ 0x30
     730:	e59fc914 	ldr	ip, [pc, #2324]	@ 0x104c
     734:	e157000c 	cmp	r7, ip
     738:	8a000028 	bhi	0x7e0
     73c:	e7932007 	ldr	r2, [r3, r7]
     740:	e1a02102 	lsl	r2, r2, #2
     744:	e0811002 	add	r1, r1, r2
     748:	e5952030 	ldr	r2, [r5, #48]	@ 0x30
     74c:	e59fc8f8 	ldr	ip, [pc, #2296]	@ 0x104c
     750:	e151000c 	cmp	r1, ip
     754:	8a000021 	bhi	0x7e0
     758:	e7820001 	str	r0, [r2, r1]
     75c:	e1a02006 	mov	r2, r6
     760:	e5951030 	ldr	r1, [r5, #48]	@ 0x30
     764:	e59fc8e0 	ldr	ip, [pc, #2272]	@ 0x104c
     768:	e152000c 	cmp	r2, ip
     76c:	8a00001b 	bhi	0x7e0
     770:	e7910002 	ldr	r0, [r1, r2]
     774:	e2800001 	add	r0, r0, #1
     778:	e1a02006 	mov	r2, r6
     77c:	e5951030 	ldr	r1, [r5, #48]	@ 0x30
     780:	e59fc8c4 	ldr	ip, [pc, #2244]	@ 0x104c
     784:	e152000c 	cmp	r2, ip
     788:	8a000014 	bhi	0x7e0
     78c:	e7810002 	str	r0, [r1, r2]
     790:	eaffffab 	b	0x644
     794:	e1a02006 	mov	r2, r6
     798:	e5951030 	ldr	r1, [r5, #48]	@ 0x30
     79c:	e2922004 	adds	r2, r2, #4
     7a0:	2a00000e 	bcs	0x7e0
     7a4:	e59fc8a0 	ldr	ip, [pc, #2208]	@ 0x104c
     7a8:	e152000c 	cmp	r2, ip
     7ac:	8a00000b 	bhi	0x7e0
     7b0:	e7910002 	ldr	r0, [r1, r2]
     7b4:	e2866010 	add	r6, r6, #16
     7b8:	e595103c 	ldr	r1, [r5, #60]	@ 0x3c
     7bc:	e5816008 	str	r6, [r1, #8]
     7c0:	e5840014 	str	r0, [r4, #20]
     7c4:	e59f08e0 	ldr	r0, [pc, #2272]	@ 0x10ac
     7c8:	e30ccabc 	movw	ip, #51900	@ 0xcabc
     7cc:	e34ccdef 	movt	ip, #52719	@ 0xcdef
     7d0:	e28dd004 	add	sp, sp, #4
     7d4:	e8bd80c0 	pop	{r6, r7, pc}
     7d8:	e3a00003 	mov	r0, #3
     7dc:	ea000000 	b	0x7e4
     7e0:	e3a00008 	mov	r0, #8
     7e4:	e59d1000 	ldr	r1, [sp]
     7e8:	e5810010 	str	r0, [r1, #16]
     7ec:	e59d0000 	ldr	r0, [sp]
     7f0:	e59d100c 	ldr	r1, [sp, #12]
     7f4:	e59fc8b4 	ldr	ip, [pc, #2228]	@ 0x10b0
     7f8:	e12fff3c 	blx	ip
     7fc:	e28dd004 	add	sp, sp, #4
     800:	e8bd00c0 	pop	{r6, r7}
     804:	e28dd004 	add	sp, sp, #4
     808:	e12fff10 	bx	r0
     80c:	e92d43c0 	push	{r6, r7, r8, r9, lr}
     810:	e24dd004 	sub	sp, sp, #4
     814:	e58d0000 	str	r0, [sp]
     818:	e30cc123 	movw	ip, #49443	@ 0xc123
     81c:	e34cc456 	movt	ip, #50262	@ 0xc456
     820:	e5940000 	ldr	r0, [r4]
     824:	e5941004 	ldr	r1, [r4, #4]
     828:	e5942008 	ldr	r2, [r4, #8]
     82c:	e594300c 	ldr	r3, [r4, #12]
     830:	e5946010 	ldr	r6, [r4, #16]
     834:	e595e03c 	ldr	lr, [r5, #60]	@ 0x3c
     838:	e59e7008 	ldr	r7, [lr, #8]
     83c:	e2477030 	sub	r7, r7, #48	@ 0x30
     840:	e1a09007 	mov	r9, r7
     844:	e5958030 	ldr	r8, [r5, #48]	@ 0x30
     848:	e2999028 	adds	r9, r9, #40	@ 0x28
     84c:	2a000129 	bcs	0xcf8
     850:	e59fc7f4 	ldr	ip, [pc, #2036]	@ 0x104c
     854:	e159000c 	cmp	r9, ip
     858:	8a000126 	bhi	0xcf8
     85c:	e7880009 	str	r0, [r8, r9]
     860:	e1a08007 	mov	r8, r7
     864:	e5950030 	ldr	r0, [r5, #48]	@ 0x30
     868:	e2988024 	adds	r8, r8, #36	@ 0x24
     86c:	2a000121 	bcs	0xcf8
     870:	e59fc7d4 	ldr	ip, [pc, #2004]	@ 0x104c
     874:	e158000c 	cmp	r8, ip
     878:	8a00011e 	bhi	0xcf8
     87c:	e7801008 	str	r1, [r0, r8]
     880:	e1a01007 	mov	r1, r7
     884:	e5950030 	ldr	r0, [r5, #48]	@ 0x30
     888:	e2911020 	adds	r1, r1, #32
     88c:	2a000119 	bcs	0xcf8
     890:	e59fc7b4 	ldr	ip, [pc, #1972]	@ 0x104c
     894:	e151000c 	cmp	r1, ip
     898:	8a000116 	bhi	0xcf8
     89c:	e7802001 	str	r2, [r0, r1]
     8a0:	e1a01007 	mov	r1, r7
     8a4:	e5950030 	ldr	r0, [r5, #48]	@ 0x30
     8a8:	e291101c 	adds	r1, r1, #28
     8ac:	2a000111 	bcs	0xcf8
     8b0:	e59fc794 	ldr	ip, [pc, #1940]	@ 0x104c
     8b4:	e151000c 	cmp	r1, ip
     8b8:	8a00010e 	bhi	0xcf8
     8bc:	e7803001 	str	r3, [r0, r1]
     8c0:	e1a01007 	mov	r1, r7
     8c4:	e5950030 	ldr	r0, [r5, #48]	@ 0x30
     8c8:	e2911018 	adds	r1, r1, #24
     8cc:	2a000109 	bcs	0xcf8
     8d0:	e59fc774 	ldr	ip, [pc, #1908]	@ 0x104c
     8d4:	e151000c 	cmp	r1, ip
     8d8:	8a000106 	bhi	0xcf8
     8dc:	e7806001 	str	r6, [r0, r1]
     8e0:	e1a01007 	mov	r1, r7
     8e4:	e5950030 	ldr	r0, [r5, #48]	@ 0x30
     8e8:	e2911010 	adds	r1, r1, #16
     8ec:	2a000101 	bcs	0xcf8
     8f0:	e59fc768 	ldr	ip, [pc, #1896]	@ 0x1060
     8f4:	e151000c 	cmp	r1, ip
     8f8:	8a0000fe 	bhi	0xcf8
     8fc:	e0800001 	add	r0, r0, r1
     900:	e3a01000 	mov	r1, #0
     904:	e3a02000 	mov	r2, #0
     908:	e5802000 	str	r2, [r0]
     90c:	e5801004 	str	r1, [r0, #4]
     910:	e1a01007 	mov	r1, r7
     914:	e5950030 	ldr	r0, [r5, #48]	@ 0x30
     918:	e291100c 	adds	r1, r1, #12
     91c:	2a0000f5 	bcs	0xcf8
     920:	e59fc724 	ldr	ip, [pc, #1828]	@ 0x104c
     924:	e151000c 	cmp	r1, ip
     928:	8a0000f2 	bhi	0xcf8
     92c:	e3a0e000 	mov	lr, #0
     930:	e780e001 	str	lr, [r0, r1]
     934:	e1a02007 	mov	r2, r7
     938:	e5951030 	ldr	r1, [r5, #48]	@ 0x30
     93c:	e292200c 	adds	r2, r2, #12
     940:	2a0000ec 	bcs	0xcf8
     944:	e59fc700 	ldr	ip, [pc, #1792]	@ 0x104c
     948:	e152000c 	cmp	r2, ip
     94c:	8a0000e9 	bhi	0xcf8
     950:	e7910002 	ldr	r0, [r1, r2]
     954:	e1a03007 	mov	r3, r7
     958:	e5952030 	ldr	r2, [r5, #48]	@ 0x30
     95c:	e2933024 	adds	r3, r3, #36	@ 0x24
     960:	2a0000e4 	bcs	0xcf8
     964:	e59fc6e0 	ldr	ip, [pc, #1760]	@ 0x104c
     968:	e153000c 	cmp	r3, ip
     96c:	8a0000e1 	bhi	0xcf8
     970:	e7921003 	ldr	r1, [r2, r3]
     974:	e1500001 	cmp	r0, r1
     978:	e3a00000 	mov	r0, #0
     97c:	33a00001 	movcc	r0, #1
     980:	e3100001 	tst	r0, #1
     984:	0a00009d 	beq	0xc00
     988:	e1a02007 	mov	r2, r7
     98c:	e5951030 	ldr	r1, [r5, #48]	@ 0x30
     990:	e2922028 	adds	r2, r2, #40	@ 0x28
     994:	2a0000d7 	bcs	0xcf8
     998:	e59fc6ac 	ldr	ip, [pc, #1708]	@ 0x104c
     99c:	e152000c 	cmp	r2, ip
     9a0:	8a0000d4 	bhi	0xcf8
     9a4:	e7910002 	ldr	r0, [r1, r2]
     9a8:	e1a03007 	mov	r3, r7
     9ac:	e5952030 	ldr	r2, [r5, #48]	@ 0x30
     9b0:	e293300c 	adds	r3, r3, #12
     9b4:	2a0000cf 	bcs	0xcf8
     9b8:	e59fc68c 	ldr	ip, [pc, #1676]	@ 0x104c
     9bc:	e153000c 	cmp	r3, ip
     9c0:	8a0000cc 	bhi	0xcf8
     9c4:	e7921003 	ldr	r1, [r2, r3]
     9c8:	e1a01101 	lsl	r1, r1, #2
     9cc:	e0800001 	add	r0, r0, r1
     9d0:	e1a02000 	mov	r2, r0
     9d4:	e5951030 	ldr	r1, [r5, #48]	@ 0x30
     9d8:	e59fc66c 	ldr	ip, [pc, #1644]	@ 0x104c
     9dc:	e152000c 	cmp	r2, ip
     9e0:	8a0000c4 	bhi	0xcf8
     9e4:	e7910002 	ldr	r0, [r1, r2]
     9e8:	e1a03007 	mov	r3, r7
     9ec:	e5952030 	ldr	r2, [r5, #48]	@ 0x30
     9f0:	e2933020 	adds	r3, r3, #32
     9f4:	2a0000bf 	bcs	0xcf8
     9f8:	e59fc64c 	ldr	ip, [pc, #1612]	@ 0x104c
     9fc:	e153000c 	cmp	r3, ip
     a00:	8a0000bc 	bhi	0xcf8
     a04:	e7921003 	ldr	r1, [r2, r3]
     a08:	e1500001 	cmp	r0, r1
     a0c:	e3a00000 	mov	r0, #0
     a10:	03a00001 	moveq	r0, #1
     a14:	e3100001 	tst	r0, #1
     a18:	0a000037 	beq	0xafc
     a1c:	e1a02007 	mov	r2, r7
     a20:	e5951030 	ldr	r1, [r5, #48]	@ 0x30
     a24:	e292200c 	adds	r2, r2, #12
     a28:	2a0000b2 	bcs	0xcf8
     a2c:	e59fc618 	ldr	ip, [pc, #1560]	@ 0x104c
     a30:	e152000c 	cmp	r2, ip
     a34:	8a0000af 	bhi	0xcf8
     a38:	e7910002 	ldr	r0, [r1, r2]
     a3c:	e1a03007 	mov	r3, r7
     a40:	e5952030 	ldr	r2, [r5, #48]	@ 0x30
     a44:	e2933018 	adds	r3, r3, #24
     a48:	2a0000aa 	bcs	0xcf8
     a4c:	e59fc5f8 	ldr	ip, [pc, #1528]	@ 0x104c
     a50:	e153000c 	cmp	r3, ip
     a54:	8a0000a7 	bhi	0xcf8
     a58:	e7921003 	ldr	r1, [r2, r3]
     a5c:	e5952030 	ldr	r2, [r5, #48]	@ 0x30
     a60:	e59fc5e4 	ldr	ip, [pc, #1508]	@ 0x104c
     a64:	e151000c 	cmp	r1, ip
     a68:	8a0000a2 	bhi	0xcf8
     a6c:	e7820001 	str	r0, [r2, r1]
     a70:	e1a03007 	mov	r3, r7
     a74:	e5952030 	ldr	r2, [r5, #48]	@ 0x30
     a78:	e2933010 	adds	r3, r3, #16
     a7c:	2a00009d 	bcs	0xcf8
     a80:	e59fc5d8 	ldr	ip, [pc, #1496]	@ 0x1060
     a84:	e153000c 	cmp	r3, ip
     a88:	8a00009a 	bhi	0xcf8
     a8c:	e082c003 	add	ip, r2, r3
     a90:	e59c0000 	ldr	r0, [ip]
     a94:	e59c1004 	ldr	r1, [ip, #4]
     a98:	e1a06007 	mov	r6, r7
     a9c:	e5953030 	ldr	r3, [r5, #48]	@ 0x30
     aa0:	e296601c 	adds	r6, r6, #28
     aa4:	2a000093 	bcs	0xcf8
     aa8:	e59fc59c 	ldr	ip, [pc, #1436]	@ 0x104c
     aac:	e156000c 	cmp	r6, ip
     ab0:	8a000090 	bhi	0xcf8
     ab4:	e7932006 	ldr	r2, [r3, r6]
     ab8:	e5953030 	ldr	r3, [r5, #48]	@ 0x30
     abc:	e59fc59c 	ldr	ip, [pc, #1436]	@ 0x1060
     ac0:	e152000c 	cmp	r2, ip
     ac4:	8a00008b 	bhi	0xcf8
     ac8:	e083c002 	add	ip, r3, r2
     acc:	e58c0000 	str	r0, [ip]
     ad0:	e58c1004 	str	r1, [ip, #4]
     ad4:	e1a01007 	mov	r1, r7
     ad8:	e5950030 	ldr	r0, [r5, #48]	@ 0x30
     adc:	e291102c 	adds	r1, r1, #44	@ 0x2c
     ae0:	2a000084 	bcs	0xcf8
     ae4:	e59fc560 	ldr	ip, [pc, #1376]	@ 0x104c
     ae8:	e151000c 	cmp	r1, ip
     aec:	8a000081 	bhi	0xcf8
     af0:	e3e0e000 	mvn	lr, #0
     af4:	e780e001 	str	lr, [r0, r1]
     af8:	ea000070 	b	0xcc0
     afc:	e1a02007 	mov	r2, r7
     b00:	e5951030 	ldr	r1, [r5, #48]	@ 0x30
     b04:	e2922028 	adds	r2, r2, #40	@ 0x28
     b08:	2a00007a 	bcs	0xcf8
     b0c:	e59fc538 	ldr	ip, [pc, #1336]	@ 0x104c
     b10:	e152000c 	cmp	r2, ip
     b14:	8a000077 	bhi	0xcf8
     b18:	e7910002 	ldr	r0, [r1, r2]
     b1c:	e1a03007 	mov	r3, r7
     b20:	e5952030 	ldr	r2, [r5, #48]	@ 0x30
     b24:	e293300c 	adds	r3, r3, #12
     b28:	2a000072 	bcs	0xcf8
     b2c:	e59fc518 	ldr	ip, [pc, #1304]	@ 0x104c
     b30:	e153000c 	cmp	r3, ip
     b34:	8a00006f 	bhi	0xcf8
     b38:	e7921003 	ldr	r1, [r2, r3]
     b3c:	e1a01101 	lsl	r1, r1, #2
     b40:	e0800001 	add	r0, r0, r1
     b44:	e1a02000 	mov	r2, r0
     b48:	e5951030 	ldr	r1, [r5, #48]	@ 0x30
     b4c:	e59fc4f8 	ldr	ip, [pc, #1272]	@ 0x104c
     b50:	e152000c 	cmp	r2, ip
     b54:	8a000067 	bhi	0xcf8
     b58:	e7910002 	ldr	r0, [r1, r2]
     b5c:	e3a01000 	mov	r1, #0
     b60:	e1a08007 	mov	r8, r7
     b64:	e5956030 	ldr	r6, [r5, #48]	@ 0x30
     b68:	e2988010 	adds	r8, r8, #16
     b6c:	2a000061 	bcs	0xcf8
     b70:	e59fc4e8 	ldr	ip, [pc, #1256]	@ 0x1060
     b74:	e158000c 	cmp	r8, ip
     b78:	8a00005e 	bhi	0xcf8
     b7c:	e086c008 	add	ip, r6, r8
     b80:	e59c2000 	ldr	r2, [ip]
     b84:	e59c3004 	ldr	r3, [ip, #4]
     b88:	e0900002 	adds	r0, r0, r2
     b8c:	e0a11003 	adc	r1, r1, r3
     b90:	e1a03007 	mov	r3, r7
     b94:	e5952030 	ldr	r2, [r5, #48]	@ 0x30
     b98:	e2933010 	adds	r3, r3, #16
     b9c:	2a000055 	bcs	0xcf8
     ba0:	e59fc4b8 	ldr	ip, [pc, #1208]	@ 0x1060
     ba4:	e153000c 	cmp	r3, ip
     ba8:	8a000052 	bhi	0xcf8
     bac:	e082c003 	add	ip, r2, r3
     bb0:	e58c0000 	str	r0, [ip]
     bb4:	e58c1004 	str	r1, [ip, #4]
     bb8:	e1a02007 	mov	r2, r7
     bbc:	e5951030 	ldr	r1, [r5, #48]	@ 0x30
     bc0:	e292200c 	adds	r2, r2, #12
     bc4:	2a00004b 	bcs	0xcf8
     bc8:	e59fc47c 	ldr	ip, [pc, #1148]	@ 0x104c
     bcc:	e152000c 	cmp	r2, ip
     bd0:	8a000048 	bhi	0xcf8
     bd4:	e7910002 	ldr	r0, [r1, r2]
     bd8:	e2800001 	add	r0, r0, #1
     bdc:	e1a02007 	mov	r2, r7
     be0:	e5951030 	ldr	r1, [r5, #48]	@ 0x30
     be4:	e292200c 	adds	r2, r2, #12
     be8:	2a000042 	bcs	0xcf8
     bec:	e59fc458 	ldr	ip, [pc, #1112]	@ 0x104c
     bf0:	e152000c 	cmp	r2, ip
     bf4:	8a00003f 	bhi	0xcf8
     bf8:	e7810002 	str	r0, [r1, r2]
     bfc:	eaffff4c 	b	0x934
     c00:	e1a02007 	mov	r2, r7
     c04:	e5951030 	ldr	r1, [r5, #48]	@ 0x30
     c08:	e2922018 	adds	r2, r2, #24
     c0c:	2a000039 	bcs	0xcf8
     c10:	e59fc434 	ldr	ip, [pc, #1076]	@ 0x104c
     c14:	e152000c 	cmp	r2, ip
     c18:	8a000036 	bhi	0xcf8
     c1c:	e7910002 	ldr	r0, [r1, r2]
     c20:	e5951030 	ldr	r1, [r5, #48]	@ 0x30
     c24:	e59fc420 	ldr	ip, [pc, #1056]	@ 0x104c
     c28:	e150000c 	cmp	r0, ip
     c2c:	8a000031 	bhi	0xcf8
     c30:	e3e0e000 	mvn	lr, #0
     c34:	e781e000 	str	lr, [r1, r0]
     c38:	e1a03007 	mov	r3, r7
     c3c:	e5952030 	ldr	r2, [r5, #48]	@ 0x30
     c40:	e2933010 	adds	r3, r3, #16
     c44:	2a00002b 	bcs	0xcf8
     c48:	e59fc410 	ldr	ip, [pc, #1040]	@ 0x1060
     c4c:	e153000c 	cmp	r3, ip
     c50:	8a000028 	bhi	0xcf8
     c54:	e082c003 	add	ip, r2, r3
     c58:	e59c0000 	ldr	r0, [ip]
     c5c:	e59c1004 	ldr	r1, [ip, #4]
     c60:	e1a06007 	mov	r6, r7
     c64:	e5953030 	ldr	r3, [r5, #48]	@ 0x30
     c68:	e296601c 	adds	r6, r6, #28
     c6c:	2a000021 	bcs	0xcf8
     c70:	e59fc3d4 	ldr	ip, [pc, #980]	@ 0x104c
     c74:	e156000c 	cmp	r6, ip
     c78:	8a00001e 	bhi	0xcf8
     c7c:	e7932006 	ldr	r2, [r3, r6]
     c80:	e5953030 	ldr	r3, [r5, #48]	@ 0x30
     c84:	e59fc3d4 	ldr	ip, [pc, #980]	@ 0x1060
     c88:	e152000c 	cmp	r2, ip
     c8c:	8a000019 	bhi	0xcf8
     c90:	e083c002 	add	ip, r3, r2
     c94:	e58c0000 	str	r0, [ip]
     c98:	e58c1004 	str	r1, [ip, #4]
     c9c:	e1a01007 	mov	r1, r7
     ca0:	e5950030 	ldr	r0, [r5, #48]	@ 0x30
     ca4:	e291102c 	adds	r1, r1, #44	@ 0x2c
     ca8:	2a000012 	bcs	0xcf8
     cac:	e59fc398 	ldr	ip, [pc, #920]	@ 0x104c
     cb0:	e151000c 	cmp	r1, ip
     cb4:	8a00000f 	bhi	0xcf8
     cb8:	e3a0e000 	mov	lr, #0
     cbc:	e780e001 	str	lr, [r0, r1]
     cc0:	e1a01007 	mov	r1, r7
     cc4:	e5950030 	ldr	r0, [r5, #48]	@ 0x30
     cc8:	e291102c 	adds	r1, r1, #44	@ 0x2c
     ccc:	2a000009 	bcs	0xcf8
     cd0:	e59fc374 	ldr	ip, [pc, #884]	@ 0x104c
     cd4:	e151000c 	cmp	r1, ip
     cd8:	8a000006 	bhi	0xcf8
     cdc:	e7907001 	ldr	r7, [r0, r1]
     ce0:	e5847048 	str	r7, [r4, #72]	@ 0x48
     ce4:	e59f03c8 	ldr	r0, [pc, #968]	@ 0x10b4
     ce8:	e30ccabc 	movw	ip, #51900	@ 0xcabc
     cec:	e34ccdef 	movt	ip, #52719	@ 0xcdef
     cf0:	e28dd004 	add	sp, sp, #4
     cf4:	e8bd83c0 	pop	{r6, r7, r8, r9, pc}
     cf8:	e3a00008 	mov	r0, #8
     cfc:	e59d1000 	ldr	r1, [sp]
     d00:	e5810010 	str	r0, [r1, #16]
     d04:	e59d0000 	ldr	r0, [sp]
     d08:	e59d1014 	ldr	r1, [sp, #20]
     d0c:	e59fc3a4 	ldr	ip, [pc, #932]	@ 0x10b8
     d10:	e12fff3c 	blx	ip
     d14:	e28dd004 	add	sp, sp, #4
     d18:	e8bd03c0 	pop	{r6, r7, r8, r9}
     d1c:	e28dd004 	add	sp, sp, #4
     d20:	e12fff10 	bx	r0
     d24:	e52de004 	push	{lr}		@ (str lr, [sp, #-4]!)
     d28:	e24dd004 	sub	sp, sp, #4
     d2c:	e58d0000 	str	r0, [sp]
     d30:	e30cc123 	movw	ip, #49443	@ 0xc123
     d34:	e34cc456 	movt	ip, #50262	@ 0xc456
     d38:	e3a0c001 	mov	ip, #1
     d3c:	e35c0000 	cmp	ip, #0
     d40:	0a000007 	beq	0xd64
     d44:	e3a009fb 	mov	r0, #4112384	@ 0x3ec000
     d48:	e3800e57 	orr	r0, r0, #1392	@ 0x570
     d4c:	e1a01004 	mov	r1, r4
     d50:	e59d2000 	ldr	r2, [sp]
     d54:	e59fc360 	ldr	ip, [pc, #864]	@ 0x10bc
     d58:	e12fff3c 	blx	ip
     d5c:	e3500000 	cmp	r0, #0
     d60:	1a000017 	bne	0xdc4
     d64:	e59f0354 	ldr	r0, [pc, #852]	@ 0x10c0
     d68:	e1a01004 	mov	r1, r4
     d6c:	e59d2000 	ldr	r2, [sp]
     d70:	e59fc34c 	ldr	ip, [pc, #844]	@ 0x10c4
     d74:	e12fff3c 	blx	ip
     d78:	e3500000 	cmp	r0, #0
     d7c:	1a000010 	bne	0xdc4
     d80:	e5940004 	ldr	r0, [r4, #4]
     d84:	e5840004 	str	r0, [r4, #4]
     d88:	e59f0338 	ldr	r0, [pc, #824]	@ 0x10c8
     d8c:	e1a01004 	mov	r1, r4
     d90:	e59d2000 	ldr	r2, [sp]
     d94:	e59fc330 	ldr	ip, [pc, #816]	@ 0x10cc
     d98:	e12fff3c 	blx	ip
     d9c:	e3500000 	cmp	r0, #0
     da0:	1a000007 	bne	0xdc4
     da4:	e3a00015 	mov	r0, #21
     da8:	ea000003 	b	0xdbc
     dac:	e30ccabc 	movw	ip, #51900	@ 0xcabc
     db0:	e34ccdef 	movt	ip, #52719	@ 0xcdef
     db4:	e28dd004 	add	sp, sp, #4
     db8:	e49df004 	pop	{pc}		@ (ldr pc, [sp], #4)
     dbc:	e59d1000 	ldr	r1, [sp]
     dc0:	e5810010 	str	r0, [r1, #16]
     dc4:	e59d0000 	ldr	r0, [sp]
     dc8:	e59d1004 	ldr	r1, [sp, #4]
     dcc:	e59fc2fc 	ldr	ip, [pc, #764]	@ 0x10d0
     dd0:	e12fff3c 	blx	ip
     dd4:	e28dd008 	add	sp, sp, #8
     dd8:	e12fff10 	bx	r0
     ddc:	e52de004 	push	{lr}		@ (str lr, [sp, #-4]!)
     de0:	e24dd004 	sub	sp, sp, #4
     de4:	e58d0000 	str	r0, [sp]
     de8:	e30cc123 	movw	ip, #49443	@ 0xc123
     dec:	e34cc456 	movt	ip, #50262	@ 0xc456
     df0:	e3a009fd 	mov	r0, #4145152	@ 0x3f4000
     df4:	e3800f64 	orr	r0, r0, #100, 30	@ 0x190
     df8:	e30ccabc 	movw	ip, #51900	@ 0xcabc
     dfc:	e34ccdef 	movt	ip, #52719	@ 0xcdef
     e00:	e28dd004 	add	sp, sp, #4
     e04:	e49df004 	pop	{pc}		@ (ldr pc, [sp], #4)
     e08:	e92d4040 	push	{r6, lr}
     e0c:	e24dd008 	sub	sp, sp, #8
     e10:	e58d0000 	str	r0, [sp]
     e14:	e30cc123 	movw	ip, #49443	@ 0xc123
     e18:	e34cc456 	movt	ip, #50262	@ 0xc456
     e1c:	e3a06000 	mov	r6, #0
     e20:	e3a0c000 	mov	ip, #0
     e24:	e35c0000 	cmp	ip, #0
     e28:	9a000011 	bls	0xe74
     e2c:	e2460004 	sub	r0, r6, #4
     e30:	e1a06000 	mov	r6, r0
     e34:	e1a02000 	mov	r2, r0
     e38:	e5951030 	ldr	r1, [r5, #48]	@ 0x30
     e3c:	e59fc208 	ldr	ip, [pc, #520]	@ 0x104c
     e40:	e152000c 	cmp	r2, ip
     e44:	8a000017 	bhi	0xea8
     e48:	e7910002 	ldr	r0, [r1, r2]
     e4c:	e584000c 	str	r0, [r4, #12]
     e50:	e59f027c 	ldr	r0, [pc, #636]	@ 0x10d4
     e54:	e1a01004 	mov	r1, r4
     e58:	e59d2000 	ldr	r2, [sp]
     e5c:	e59fc274 	ldr	ip, [pc, #628]	@ 0x10d8
     e60:	e12fff3c 	blx	ip
     e64:	e3500000 	cmp	r0, #0
     e68:	1a000011 	bne	0xeb4
     e6c:	e3560000 	cmp	r6, #0
     e70:	8affffed 	bhi	0xe2c
     e74:	e3a009fd 	mov	r0, #4145152	@ 0x3f4000
     e78:	e3800dc9 	orr	r0, r0, #12864	@ 0x3240
     e7c:	e1a01004 	mov	r1, r4
     e80:	e59d2000 	ldr	r2, [sp]
     e84:	e59fc250 	ldr	ip, [pc, #592]	@ 0x10dc
     e88:	e12fff3c 	blx	ip
     e8c:	e3500000 	cmp	r0, #0
     e90:	1a000007 	bne	0xeb4
     e94:	e59f0244 	ldr	r0, [pc, #580]	@ 0x10e0
     e98:	e30ccabc 	movw	ip, #51900	@ 0xcabc
     e9c:	e34ccdef 	movt	ip, #52719	@ 0xcdef
     ea0:	e28dd008 	add	sp, sp, #8
     ea4:	e8bd8040 	pop	{r6, pc}
     ea8:	e3a00008 	mov	r0, #8
     eac:	e59d1000 	ldr	r1, [sp]
     eb0:	e5810010 	str	r0, [r1, #16]
     eb4:	e59d0000 	ldr	r0, [sp]
     eb8:	e59d100c 	ldr	r1, [sp, #12]
     ebc:	e59fc220 	ldr	ip, [pc, #544]	@ 0x10e4
     ec0:	e12fff3c 	blx	ip
     ec4:	e59d6008 	ldr	r6, [sp, #8]
     ec8:	e28dd010 	add	sp, sp, #16
     ecc:	e12fff10 	bx	r0
     ed0:	e92d4040 	push	{r6, lr}
     ed4:	e24dd008 	sub	sp, sp, #8
     ed8:	e58d0000 	str	r0, [sp]
     edc:	e30cc123 	movw	ip, #49443	@ 0xc123
     ee0:	e34cc456 	movt	ip, #50262	@ 0xc456
     ee4:	e5946000 	ldr	r6, [r4]
     ee8:	e59f01f8 	ldr	r0, [pc, #504]	@ 0x10e8
     eec:	e1a01004 	mov	r1, r4
     ef0:	e59d2000 	ldr	r2, [sp]
     ef4:	e59fc1f0 	ldr	ip, [pc, #496]	@ 0x10ec
     ef8:	e12fff3c 	blx	ip
     efc:	e3500000 	cmp	r0, #0
     f00:	1a00001d 	bne	0xf7c
     f04:	e59f01e4 	ldr	r0, [pc, #484]	@ 0x10f0
     f08:	e1a01004 	mov	r1, r4
     f0c:	e59d2000 	ldr	r2, [sp]
     f10:	e59fc1dc 	ldr	ip, [pc, #476]	@ 0x10f4
     f14:	e12fff3c 	blx	ip
     f18:	e3500000 	cmp	r0, #0
     f1c:	1a000016 	bne	0xf7c
     f20:	e59f01d0 	ldr	r0, [pc, #464]	@ 0x10f8
     f24:	e1a01004 	mov	r1, r4
     f28:	e59d2000 	ldr	r2, [sp]
     f2c:	e59fc1c8 	ldr	ip, [pc, #456]	@ 0x10fc
     f30:	e12fff3c 	blx	ip
     f34:	e3500000 	cmp	r0, #0
     f38:	1a00000f 	bne	0xf7c
     f3c:	e5846000 	str	r6, [r4]
     f40:	e59f01b8 	ldr	r0, [pc, #440]	@ 0x1100
     f44:	e1a01004 	mov	r1, r4
     f48:	e59d2000 	ldr	r2, [sp]
     f4c:	e59fc1b0 	ldr	ip, [pc, #432]	@ 0x1104
     f50:	e12fff3c 	blx	ip
     f54:	e3500000 	cmp	r0, #0
     f58:	1a000007 	bne	0xf7c
     f5c:	e3a00015 	mov	r0, #21
     f60:	ea000003 	b	0xf74
     f64:	e30ccabc 	movw	ip, #51900	@ 0xcabc
     f68:	e34ccdef 	movt	ip, #52719	@ 0xcdef
     f6c:	e28dd008 	add	sp, sp, #8
     f70:	e8bd8040 	pop	{r6, pc}
     f74:	e59d1000 	ldr	r1, [sp]
     f78:	e5810010 	str	r0, [r1, #16]
     f7c:	e59d0000 	ldr	r0, [sp]
     f80:	e59d100c 	ldr	r1, [sp, #12]
     f84:	e59fc17c 	ldr	ip, [pc, #380]	@ 0x1108
     f88:	e12fff3c 	blx	ip
     f8c:	e59d6008 	ldr	r6, [sp, #8]
     f90:	e28dd010 	add	sp, sp, #16
     f94:	e12fff10 	bx	r0
     f98:	e52de004 	push	{lr}		@ (str lr, [sp, #-4]!)
     f9c:	e24dd004 	sub	sp, sp, #4
     fa0:	e58d0000 	str	r0, [sp]
     fa4:	e30cc123 	movw	ip, #49443	@ 0xc123
     fa8:	e34cc456 	movt	ip, #50262	@ 0xc456
     fac:	e5940000 	ldr	r0, [r4]
     fb0:	e5840000 	str	r0, [r4]
     fb4:	e59f0150 	ldr	r0, [pc, #336]	@ 0x110c
     fb8:	e1a01004 	mov	r1, r4
     fbc:	e59d2000 	ldr	r2, [sp]
     fc0:	e59fc148 	ldr	ip, [pc, #328]	@ 0x1110
     fc4:	e12fff3c 	blx	ip
     fc8:	e3500000 	cmp	r0, #0
     fcc:	1a000007 	bne	0xff0
     fd0:	e3a00015 	mov	r0, #21
     fd4:	ea000003 	b	0xfe8
     fd8:	e30ccabc 	movw	ip, #51900	@ 0xcabc
     fdc:	e34ccdef 	movt	ip, #52719	@ 0xcdef
     fe0:	e28dd004 	add	sp, sp, #4
     fe4:	e49df004 	pop	{pc}		@ (ldr pc, [sp], #4)
     fe8:	e59d1000 	ldr	r1, [sp]
     fec:	e5810010 	str	r0, [r1, #16]
     ff0:	e59d0000 	ldr	r0, [sp]
     ff4:	e59d1004 	ldr	r1, [sp, #4]
     ff8:	e59fc114 	ldr	ip, [pc, #276]	@ 0x1114
     ffc:	e12fff3c 	blx	ip
    1000:	e28dd008 	add	sp, sp, #8
    1004:	e12fff10 	bx	r0
    1008:	e92d40c0 	push	{r6, r7, lr}
    100c:	e24dd004 	sub	sp, sp, #4
    1010:	e58d0000 	str	r0, [sp]
    1014:	e30cc123 	movw	ip, #49443	@ 0xc123
    1018:	e34cc456 	movt	ip, #50262	@ 0xc456
    101c:	e5940000 	ldr	r0, [r4]
    1020:	e5941004 	ldr	r1, [r4, #4]
    1024:	ea00003b 	b	0x1118
	...
    1038:	000487b4 			@ <UNDEFINED> instruction: 0x000487b4
    103c:	003f6d4c 	eorseq	r6, pc, ip, asr #26
    1040:	000487b4 			@ <UNDEFINED> instruction: 0x000487b4
    1044:	003f6d60 	eorseq	r6, pc, r0, ror #26
    1048:	00047eac 	andeq	r7, r4, ip, lsr #29
    104c:	0101fffc 	strdeq	pc, [r1, -ip]
    1050:	003f8744 	eorseq	r8, pc, r4, asr #14
    1054:	000487b4 			@ <UNDEFINED> instruction: 0x000487b4
    1058:	003f875c 	eorseq	r8, pc, ip, asr r7	@ <UNPREDICTABLE>
    105c:	000487b4 			@ <UNDEFINED> instruction: 0x000487b4
    1060:	0101fff8 	strdeq	pc, [r1, -r8]
    1064:	deadbad4 			@ <UNDEFINED> instruction: 0xdeadbad4
    1068:	003f87dc 	ldrsbteq	r8, [pc], -ip
    106c:	000487b4 			@ <UNDEFINED> instruction: 0x000487b4
    1070:	003f8844 	eorseq	r8, pc, r4, asr #16
    1074:	000487b4 			@ <UNDEFINED> instruction: 0x000487b4
    1078:	003f88cc 	eorseq	r8, pc, ip, asr #17
    107c:	000487b4 			@ <UNDEFINED> instruction: 0x000487b4
    1080:	00047eac 	andeq	r7, r4, ip, lsr #29
    1084:	075bcd15 	smmlaeq	fp, r5, sp, ip
    1088:	003f8514 	eorseq	r8, pc, r4, lsl r5	@ <UNPREDICTABLE>
    108c:	000487b4 			@ <UNDEFINED> instruction: 0x000487b4
    1090:	003f8544 	eorseq	r8, pc, r4, asr #10
    1094:	00047eac 	andeq	r7, r4, ip, lsr #29
    1098:	003f8f18 	eorseq	r8, pc, r8, lsl pc	@ <UNPREDICTABLE>
    109c:	000487b4 			@ <UNDEFINED> instruction: 0x000487b4
    10a0:	001f44e8 	andseq	r4, pc, r8, ror #9
    10a4:	003f8fd4 	ldrsbteq	r8, [pc], -r4
    10a8:	000487b4 			@ <UNDEFINED> instruction: 0x000487b4
    10ac:	003f9078 	eorseq	r9, pc, r8, ror r0	@ <UNPREDICTABLE>
    10b0:	00047eac 	andeq	r7, r4, ip, lsr #29
    10b4:	003f9f5c 	eorseq	r9, pc, ip, asr pc	@ <UNPREDICTABLE>
    10b8:	00047eac 	andeq	r7, r4, ip, lsr #29
    10bc:	000487b4 			@ <UNDEFINED> instruction: 0x000487b4
    10c0:	003ec57c 	eorseq	ip, lr, ip, ror r5
    10c4:	000487b4 			@ <UNDEFINED> instruction: 0x000487b4
    10c8:	003ec58c 	eorseq	ip, lr, ip, lsl #11
    10cc:	000487b4 			@ <UNDEFINED> instruction: 0x000487b4
    10d0:	00047eac 	andeq	r7, r4, ip, lsr #29
    10d4:	003f7214 	eorseq	r7, pc, r4, lsl r2	@ <UNPREDICTABLE>
    10d8:	00048af0 	strdeq	r8, [r4], -r0
    10dc:	000487b4 			@ <UNDEFINED> instruction: 0x000487b4
    10e0:	003f7254 	eorseq	r7, pc, r4, asr r2	@ <UNPREDICTABLE>
    10e4:	00047eac 	andeq	r7, r4, ip, lsr #29
    10e8:	003f3490 	mlaseq	pc, r0, r4, r3	@ <UNPREDICTABLE>
    10ec:	000487b4 			@ <UNDEFINED> instruction: 0x000487b4
    10f0:	003f349c 	mlaseq	pc, ip, r4, r3	@ <UNPREDICTABLE>
    10f4:	000487b4 			@ <UNDEFINED> instruction: 0x000487b4
    10f8:	003f34a8 	eorseq	r3, pc, r8, lsr #9
    10fc:	000487b4 			@ <UNDEFINED> instruction: 0x000487b4
    1100:	003f34b4 	ldrhteq	r3, [pc], -r4
    1104:	000487b4 			@ <UNDEFINED> instruction: 0x000487b4
    1108:	00047eac 	andeq	r7, r4, ip, lsr #29
    110c:	003f6f18 	eorseq	r6, pc, r8, lsl pc	@ <UNPREDICTABLE>
    1110:	000487b4 			@ <UNDEFINED> instruction: 0x000487b4
    1114:	00047eac 	andeq	r7, r4, ip, lsr #29
    1118:	e595e03c 	ldr	lr, [r5, #60]	@ 0x3c
    111c:	e59e2008 	ldr	r2, [lr, #8]
    1120:	e2422010 	sub	r2, r2, #16
    1124:	e1a06002 	mov	r6, r2
    1128:	e595303c 	ldr	r3, [r5, #60]	@ 0x3c
    112c:	e5832008 	str	r2, [r3, #8]
    1130:	e1a03006 	mov	r3, r6
    1134:	e5952030 	ldr	r2, [r5, #48]	@ 0x30
    1138:	e293300c 	adds	r3, r3, #12
    113c:	2a000019 	bcs	0x11a8
    1140:	e59fcff0 	ldr	ip, [pc, #4080]	@ 0x2138
    1144:	e153000c 	cmp	r3, ip
    1148:	8a000016 	bhi	0x11a8
    114c:	e7821003 	str	r1, [r2, r3]
    1150:	e3a0eb42 	mov	lr, #67584	@ 0x10800
    1154:	e38eefca 	orr	lr, lr, #808	@ 0x328
    1158:	e584e010 	str	lr, [r4, #16]
    115c:	e5840000 	str	r0, [r4]
    1160:	e5841004 	str	r1, [r4, #4]
    1164:	e59f0fd0 	ldr	r0, [pc, #4048]	@ 0x213c
    1168:	e1a01004 	mov	r1, r4
    116c:	e59d2000 	ldr	r2, [sp]
    1170:	e59fcfc8 	ldr	ip, [pc, #4040]	@ 0x2140
    1174:	e12fff3c 	blx	ip
    1178:	e3500000 	cmp	r0, #0
    117c:	1a00000c 	bne	0x11b4
    1180:	e5940014 	ldr	r0, [r4, #20]
    1184:	e2866010 	add	r6, r6, #16
    1188:	e595103c 	ldr	r1, [r5, #60]	@ 0x3c
    118c:	e5816008 	str	r6, [r1, #8]
    1190:	e5840004 	str	r0, [r4, #4]
    1194:	e59f0fa8 	ldr	r0, [pc, #4008]	@ 0x2144
    1198:	e30ccabc 	movw	ip, #51900	@ 0xcabc
    119c:	e34ccdef 	movt	ip, #52719	@ 0xcdef
    11a0:	e28dd004 	add	sp, sp, #4
    11a4:	e8bd80c0 	pop	{r6, r7, pc}
    11a8:	e3a00008 	mov	r0, #8
    11ac:	e59d1000 	ldr	r1, [sp]
    11b0:	e5810010 	str	r0, [r1, #16]
    11b4:	e59d0000 	ldr	r0, [sp]
    11b8:	e59d100c 	ldr	r1, [sp, #12]
    11bc:	e59fcf84 	ldr	ip, [pc, #3972]	@ 0x2148
    11c0:	e12fff3c 	blx	ip
    11c4:	e28dd004 	add	sp, sp, #4
    11c8:	e8bd00c0 	pop	{r6, r7}
    11cc:	e28dd004 	add	sp, sp, #4
    11d0:	e12fff10 	bx	r0
    11d4:	e52de004 	push	{lr}		@ (str lr, [sp, #-4]!)
    11d8:	e24dd004 	sub	sp, sp, #4
    11dc:	e58d0000 	str	r0, [sp]
    11e0:	e30cc123 	movw	ip, #49443	@ 0xc123
    11e4:	e34cc456 	movt	ip, #50262	@ 0xc456
    11e8:	e5940000 	ldr	r0, [r4]
    11ec:	e2400001 	sub	r0, r0, #1
    11f0:	e3a01000 	mov	r1, #0
    11f4:	e5952030 	ldr	r2, [r5, #48]	@ 0x30
    11f8:	e282cb40 	add	ip, r2, #64, 22	@ 0x10000
    11fc:	e58c0c60 	str	r0, [ip, #3168]	@ 0xc60
    1200:	e58c1c64 	str	r1, [ip, #3172]	@ 0xc64
    1204:	e3a009fd 	mov	r0, #4145152	@ 0x3f4000
    1208:	e3800dc0 	orr	r0, r0, #192, 26	@ 0x3000
    120c:	e30ccabc 	movw	ip, #51900	@ 0xcabc
    1210:	e34ccdef 	movt	ip, #52719	@ 0xcdef
    1214:	e28dd004 	add	sp, sp, #4
    1218:	e49df004 	pop	{pc}		@ (ldr pc, [sp], #4)
    121c:	e92d40c0 	push	{r6, r7, lr}
    1220:	e24dd004 	sub	sp, sp, #4
    1224:	e58d0000 	str	r0, [sp]
    1228:	e30cc123 	movw	ip, #49443	@ 0xc123
    122c:	e34cc456 	movt	ip, #50262	@ 0xc456
    1230:	e5952030 	ldr	r2, [r5, #48]	@ 0x30
    1234:	e282cb40 	add	ip, r2, #64, 22	@ 0x10000
    1238:	e59c0c60 	ldr	r0, [ip, #3168]	@ 0xc60
    123c:	e59c1c64 	ldr	r1, [ip, #3172]	@ 0xc64
    1240:	e1a02001 	mov	r2, r1
    1244:	e59f1f00 	ldr	r1, [pc, #3840]	@ 0x214c
    1248:	e0020192 	mul	r2, r2, r1
    124c:	e59fcefc 	ldr	ip, [pc, #3836]	@ 0x2150
    1250:	e0222c90 	mla	r2, r0, ip, r2
    1254:	e0810091 	umull	r0, r1, r1, r0
    1258:	e0822001 	add	r2, r2, r1
    125c:	e1a01002 	mov	r1, r2
    1260:	e2900001 	adds	r0, r0, #1
    1264:	e2a11000 	adc	r1, r1, #0
    1268:	e1a02000 	mov	r2, r0
    126c:	e1a03001 	mov	r3, r1
    1270:	e5956030 	ldr	r6, [r5, #48]	@ 0x30
    1274:	e286cb40 	add	ip, r6, #64, 22	@ 0x10000
    1278:	e58c0c60 	str	r0, [ip, #3168]	@ 0xc60
    127c:	e58c1c64 	str	r1, [ip, #3172]	@ 0xc64
    1280:	e1a020a3 	lsr	r2, r3, #1
    1284:	e3a03000 	mov	r3, #0
    1288:	e1a00002 	mov	r0, r2
    128c:	e5840024 	str	r0, [r4, #36]	@ 0x24
    1290:	e59f0ebc 	ldr	r0, [pc, #3772]	@ 0x2154
    1294:	e30ccabc 	movw	ip, #51900	@ 0xcabc
    1298:	e34ccdef 	movt	ip, #52719	@ 0xcdef
    129c:	e28dd004 	add	sp, sp, #4
    12a0:	e8bd80c0 	pop	{r6, r7, pc}
    12a4:	e92d4fc0 	push	{r6, r7, r8, r9, sl, fp, lr}
    12a8:	e24dd004 	sub	sp, sp, #4
    12ac:	e58d0000 	str	r0, [sp]
    12b0:	e30cc123 	movw	ip, #49443	@ 0xc123
    12b4:	e34cc456 	movt	ip, #50262	@ 0xc456
    12b8:	e5946000 	ldr	r6, [r4]
    12bc:	e5940004 	ldr	r0, [r4, #4]
    12c0:	e595e03c 	ldr	lr, [r5, #60]	@ 0x3c
    12c4:	e59e1008 	ldr	r1, [lr, #8]
    12c8:	e2411020 	sub	r1, r1, #32
    12cc:	e584100c 	str	r1, [r4, #12]
    12d0:	e595203c 	ldr	r2, [r5, #60]	@ 0x3c
    12d4:	e5821008 	str	r1, [r2, #8]
    12d8:	e1a03006 	mov	r3, r6
    12dc:	e5952030 	ldr	r2, [r5, #48]	@ 0x30
    12e0:	e293301c 	adds	r3, r3, #28
    12e4:	2a000129 	bcs	0x1790
    12e8:	e59fce48 	ldr	ip, [pc, #3656]	@ 0x2138
    12ec:	e153000c 	cmp	r3, ip
    12f0:	8a000126 	bhi	0x1790
    12f4:	e7921003 	ldr	r1, [r2, r3]
    12f8:	e1a02001 	mov	r2, r1
    12fc:	e594900c 	ldr	r9, [r4, #12]
    1300:	e5953030 	ldr	r3, [r5, #48]	@ 0x30
    1304:	e2999010 	adds	r9, r9, #16
    1308:	2a000120 	bcs	0x1790
    130c:	e59fce24 	ldr	ip, [pc, #3620]	@ 0x2138
    1310:	e159000c 	cmp	r9, ip
    1314:	8a00011d 	bhi	0x1790
    1318:	e7831009 	str	r1, [r3, r9]
    131c:	e1a09006 	mov	r9, r6
    1320:	e5953030 	ldr	r3, [r5, #48]	@ 0x30
    1324:	e2999014 	adds	r9, r9, #20
    1328:	2a000118 	bcs	0x1790
    132c:	e59fce04 	ldr	ip, [pc, #3588]	@ 0x2138
    1330:	e159000c 	cmp	r9, ip
    1334:	8a000115 	bhi	0x1790
    1338:	e7931009 	ldr	r1, [r3, r9]
    133c:	e594900c 	ldr	r9, [r4, #12]
    1340:	e5953030 	ldr	r3, [r5, #48]	@ 0x30
    1344:	e594a008 	ldr	sl, [r4, #8]
    1348:	e299901c 	adds	r9, r9, #28
    134c:	2a00010f 	bcs	0x1790
    1350:	e59fcde0 	ldr	ip, [pc, #3552]	@ 0x2138
    1354:	e159000c 	cmp	r9, ip
    1358:	8a00010c 	bhi	0x1790
    135c:	e783a009 	str	sl, [r3, r9]
    1360:	e594900c 	ldr	r9, [r4, #12]
    1364:	e5953030 	ldr	r3, [r5, #48]	@ 0x30
    1368:	e2999018 	adds	r9, r9, #24
    136c:	2a000107 	bcs	0x1790
    1370:	e59fcdc0 	ldr	ip, [pc, #3520]	@ 0x2138
    1374:	e159000c 	cmp	r9, ip
    1378:	8a000104 	bhi	0x1790
    137c:	e7830009 	str	r0, [r3, r9]
    1380:	e0411002 	sub	r1, r1, r2
    1384:	e1a00001 	mov	r0, r1
    1388:	e594300c 	ldr	r3, [r4, #12]
    138c:	e5952030 	ldr	r2, [r5, #48]	@ 0x30
    1390:	e2933014 	adds	r3, r3, #20
    1394:	2a0000fd 	bcs	0x1790
    1398:	e59fcd98 	ldr	ip, [pc, #3480]	@ 0x2138
    139c:	e153000c 	cmp	r3, ip
    13a0:	8a0000fa 	bhi	0x1790
    13a4:	e7821003 	str	r1, [r2, r3]
    13a8:	e594c008 	ldr	ip, [r4, #8]
    13ac:	e080900c 	add	r9, r0, ip
    13b0:	e594c00c 	ldr	ip, [r4, #12]
    13b4:	e28ca010 	add	sl, ip, #16
    13b8:	e3a0e002 	mov	lr, #2
    13bc:	e584e01c 	str	lr, [r4, #28]
    13c0:	e1a02006 	mov	r2, r6
    13c4:	e5951030 	ldr	r1, [r5, #48]	@ 0x30
    13c8:	e292203c 	adds	r2, r2, #60	@ 0x3c
    13cc:	2a0000ef 	bcs	0x1790
    13d0:	e59fcd60 	ldr	ip, [pc, #3424]	@ 0x2138
    13d4:	e152000c 	cmp	r2, ip
    13d8:	8a0000ec 	bhi	0x1790
    13dc:	e7910002 	ldr	r0, [r1, r2]
    13e0:	e594c00c 	ldr	ip, [r4, #12]
    13e4:	e28c1010 	add	r1, ip, #16
    13e8:	e594c00c 	ldr	ip, [r4, #12]
    13ec:	e28c200c 	add	r2, ip, #12
    13f0:	e5840040 	str	r0, [r4, #64]	@ 0x40
    13f4:	e5841044 	str	r1, [r4, #68]	@ 0x44
    13f8:	e3a0e002 	mov	lr, #2
    13fc:	e584e02c 	str	lr, [r4, #44]	@ 0x2c
    1400:	e584204c 	str	r2, [r4, #76]	@ 0x4c
    1404:	e59f0d4c 	ldr	r0, [pc, #3404]	@ 0x2158
    1408:	e1a01004 	mov	r1, r4
    140c:	e59d2000 	ldr	r2, [sp]
    1410:	e59fcd44 	ldr	ip, [pc, #3396]	@ 0x215c
    1414:	e12fff3c 	blx	ip
    1418:	e3500000 	cmp	r0, #0
    141c:	1a0000de 	bne	0x179c
    1420:	e5940040 	ldr	r0, [r4, #64]	@ 0x40
    1424:	e5840040 	str	r0, [r4, #64]	@ 0x40
    1428:	e59f0d30 	ldr	r0, [pc, #3376]	@ 0x2160
    142c:	e1a01004 	mov	r1, r4
    1430:	e59d2000 	ldr	r2, [sp]
    1434:	e59fcd28 	ldr	ip, [pc, #3368]	@ 0x2164
    1438:	e12fff3c 	blx	ip
    143c:	e3500000 	cmp	r0, #0
    1440:	1a0000d5 	bne	0x179c
    1444:	e5940040 	ldr	r0, [r4, #64]	@ 0x40
    1448:	e3500000 	cmp	r0, #0
    144c:	0a000001 	beq	0x1458
    1450:	e584a014 	str	sl, [r4, #20]
    1454:	ea000066 	b	0x15f4
    1458:	e594200c 	ldr	r2, [r4, #12]
    145c:	e5951030 	ldr	r1, [r5, #48]	@ 0x30
    1460:	e292200c 	adds	r2, r2, #12
    1464:	2a0000c9 	bcs	0x1790
    1468:	e59fccc8 	ldr	ip, [pc, #3272]	@ 0x2138
    146c:	e152000c 	cmp	r2, ip
    1470:	8a0000c6 	bhi	0x1790
    1474:	e7910002 	ldr	r0, [r1, r2]
    1478:	e1a01000 	mov	r1, r0
    147c:	e1590000 	cmp	r9, r0
    1480:	0a00005d 	beq	0x15fc
    1484:	e3710001 	cmn	r1, #1
    1488:	ca000001 	bgt	0x1494
    148c:	e584a014 	str	sl, [r4, #20]
    1490:	ea000085 	b	0x16ac
    1494:	e1a0300a 	mov	r3, sl
    1498:	e5952030 	ldr	r2, [r5, #48]	@ 0x30
    149c:	e2933004 	adds	r3, r3, #4
    14a0:	2a0000ba 	bcs	0x1790
    14a4:	e59fcc8c 	ldr	ip, [pc, #3212]	@ 0x2138
    14a8:	e153000c 	cmp	r3, ip
    14ac:	8a0000b7 	bhi	0x1790
    14b0:	e7920003 	ldr	r0, [r2, r3]
    14b4:	e1a02000 	mov	r2, r0
    14b8:	e1510000 	cmp	r1, r0
    14bc:	e3a00000 	mov	r0, #0
    14c0:	83a00001 	movhi	r0, #1
    14c4:	e1a03000 	mov	r3, r0
    14c8:	e3500000 	cmp	r0, #0
    14cc:	e3a07008 	mov	r7, #8
    14d0:	03a07000 	moveq	r7, #0
    14d4:	e08a7007 	add	r7, sl, r7
    14d8:	e5847014 	str	r7, [r4, #20]
    14dc:	e594b014 	ldr	fp, [r4, #20]
    14e0:	e5958030 	ldr	r8, [r5, #48]	@ 0x30
    14e4:	e59fcc4c 	ldr	ip, [pc, #3148]	@ 0x2138
    14e8:	e15b000c 	cmp	fp, ip
    14ec:	8a0000a7 	bhi	0x1790
    14f0:	e798000b 	ldr	r0, [r8, fp]
    14f4:	e3530000 	cmp	r3, #0
    14f8:	03a02000 	moveq	r2, #0
    14fc:	e0412002 	sub	r2, r1, r2
    1500:	e1a08002 	mov	r8, r2
    1504:	e0800002 	add	r0, r0, r2
    1508:	e5952030 	ldr	r2, [r5, #48]	@ 0x30
    150c:	e59fcc24 	ldr	ip, [pc, #3108]	@ 0x2138
    1510:	e157000c 	cmp	r7, ip
    1514:	8a00009d 	bhi	0x1790
    1518:	e7820007 	str	r0, [r2, r7]
    151c:	e3530000 	cmp	r3, #0
    1520:	e3a0000c 	mov	r0, #12
    1524:	03a00004 	moveq	r0, #4
    1528:	e08a0000 	add	r0, sl, r0
    152c:	e1a02000 	mov	r2, r0
    1530:	e1a0b002 	mov	fp, r2
    1534:	e5957030 	ldr	r7, [r5, #48]	@ 0x30
    1538:	e59fcbf8 	ldr	ip, [pc, #3064]	@ 0x2138
    153c:	e15b000c 	cmp	fp, ip
    1540:	8a000092 	bhi	0x1790
    1544:	e797200b 	ldr	r2, [r7, fp]
    1548:	e0422008 	sub	r2, r2, r8
    154c:	e5957030 	ldr	r7, [r5, #48]	@ 0x30
    1550:	e59fcbe0 	ldr	ip, [pc, #3040]	@ 0x2138
    1554:	e150000c 	cmp	r0, ip
    1558:	8a00008c 	bhi	0x1790
    155c:	e7872000 	str	r2, [r7, r0]
    1560:	e0499001 	sub	r9, r9, r1
    1564:	e594a014 	ldr	sl, [r4, #20]
    1568:	e1a02006 	mov	r2, r6
    156c:	e5951030 	ldr	r1, [r5, #48]	@ 0x30
    1570:	e292203c 	adds	r2, r2, #60	@ 0x3c
    1574:	2a000085 	bcs	0x1790
    1578:	e59fcbb8 	ldr	ip, [pc, #3000]	@ 0x2138
    157c:	e152000c 	cmp	r2, ip
    1580:	8a000082 	bhi	0x1790
    1584:	e7910002 	ldr	r0, [r1, r2]
    1588:	e594c01c 	ldr	ip, [r4, #28]
    158c:	e04c3003 	sub	r3, ip, r3
    1590:	e584301c 	str	r3, [r4, #28]
    1594:	e594c00c 	ldr	ip, [r4, #12]
    1598:	e28c100c 	add	r1, ip, #12
    159c:	e5840040 	str	r0, [r4, #64]	@ 0x40
    15a0:	e5843048 	str	r3, [r4, #72]	@ 0x48
    15a4:	e584104c 	str	r1, [r4, #76]	@ 0x4c
    15a8:	e59f0bb8 	ldr	r0, [pc, #3000]	@ 0x2168
    15ac:	e1a01004 	mov	r1, r4
    15b0:	e59d2000 	ldr	r2, [sp]
    15b4:	e59fcbb0 	ldr	ip, [pc, #2992]	@ 0x216c
    15b8:	e12fff3c 	blx	ip
    15bc:	e3500000 	cmp	r0, #0
    15c0:	1a000075 	bne	0x179c
    15c4:	e5940040 	ldr	r0, [r4, #64]	@ 0x40
    15c8:	e5840040 	str	r0, [r4, #64]	@ 0x40
    15cc:	e59f0b9c 	ldr	r0, [pc, #2972]	@ 0x2170
    15d0:	e1a01004 	mov	r1, r4
    15d4:	e59d2000 	ldr	r2, [sp]
    15d8:	e59fcb94 	ldr	ip, [pc, #2964]	@ 0x2174
    15dc:	e12fff3c 	blx	ip
    15e0:	e3500000 	cmp	r0, #0
    15e4:	1a00006c 	bne	0x179c
    15e8:	e5940040 	ldr	r0, [r4, #64]	@ 0x40
    15ec:	e3500000 	cmp	r0, #0
    15f0:	0affff98 	beq	0x1458
    15f4:	e3790001 	cmn	r9, #1
    15f8:	1a00002b 	bne	0x16ac
    15fc:	e1a02006 	mov	r2, r6
    1600:	e5951030 	ldr	r1, [r5, #48]	@ 0x30
    1604:	e292202c 	adds	r2, r2, #44	@ 0x2c
    1608:	2a000060 	bcs	0x1790
    160c:	e59fcb24 	ldr	ip, [pc, #2852]	@ 0x2138
    1610:	e152000c 	cmp	r2, ip
    1614:	8a00005d 	bhi	0x1790
    1618:	e7910002 	ldr	r0, [r1, r2]
    161c:	e1a01000 	mov	r1, r0
    1620:	e1a03006 	mov	r3, r6
    1624:	e5952030 	ldr	r2, [r5, #48]	@ 0x30
    1628:	e293301c 	adds	r3, r3, #28
    162c:	2a000057 	bcs	0x1790
    1630:	e59fcb00 	ldr	ip, [pc, #2816]	@ 0x2138
    1634:	e153000c 	cmp	r3, ip
    1638:	8a000054 	bhi	0x1790
    163c:	e7820003 	str	r0, [r2, r3]
    1640:	e1a02006 	mov	r2, r6
    1644:	e5950030 	ldr	r0, [r5, #48]	@ 0x30
    1648:	e2922014 	adds	r2, r2, #20
    164c:	2a00004f 	bcs	0x1790
    1650:	e59fcae0 	ldr	ip, [pc, #2784]	@ 0x2138
    1654:	e152000c 	cmp	r2, ip
    1658:	8a00004c 	bhi	0x1790
    165c:	e7801002 	str	r1, [r0, r2]
    1660:	e1a03006 	mov	r3, r6
    1664:	e5952030 	ldr	r2, [r5, #48]	@ 0x30
    1668:	e2933030 	adds	r3, r3, #48	@ 0x30
    166c:	2a000047 	bcs	0x1790
    1670:	e59fcac0 	ldr	ip, [pc, #2752]	@ 0x2138
    1674:	e153000c 	cmp	r3, ip
    1678:	8a000044 	bhi	0x1790
    167c:	e7920003 	ldr	r0, [r2, r3]
    1680:	e0811000 	add	r1, r1, r0
    1684:	e1a02006 	mov	r2, r6
    1688:	e5950030 	ldr	r0, [r5, #48]	@ 0x30
    168c:	e2922010 	adds	r2, r2, #16
    1690:	2a00003e 	bcs	0x1790
    1694:	e59fca9c 	ldr	ip, [pc, #2716]	@ 0x2138
    1698:	e152000c 	cmp	r2, ip
    169c:	8a00003b 	bhi	0x1790
    16a0:	e7801002 	str	r1, [r0, r2]
    16a4:	e5940008 	ldr	r0, [r4, #8]
    16a8:	ea00002e 	b	0x1768
    16ac:	e3a00000 	mov	r0, #0
    16b0:	e1a02006 	mov	r2, r6
    16b4:	e5951030 	ldr	r1, [r5, #48]	@ 0x30
    16b8:	e292201c 	adds	r2, r2, #28
    16bc:	2a000033 	bcs	0x1790
    16c0:	e59fca70 	ldr	ip, [pc, #2672]	@ 0x2138
    16c4:	e152000c 	cmp	r2, ip
    16c8:	8a000030 	bhi	0x1790
    16cc:	e3a0e000 	mov	lr, #0
    16d0:	e781e002 	str	lr, [r1, r2]
    16d4:	e1a02006 	mov	r2, r6
    16d8:	e5951030 	ldr	r1, [r5, #48]	@ 0x30
    16dc:	e2922010 	adds	r2, r2, #16
    16e0:	2a00002a 	bcs	0x1790
    16e4:	e59fca8c 	ldr	ip, [pc, #2700]	@ 0x2178
    16e8:	e152000c 	cmp	r2, ip
    16ec:	8a000027 	bhi	0x1790
    16f0:	e0811002 	add	r1, r1, r2
    16f4:	e3a02000 	mov	r2, #0
    16f8:	e3a03000 	mov	r3, #0
    16fc:	e5813000 	str	r3, [r1]
    1700:	e5812004 	str	r2, [r1, #4]
    1704:	e1a03006 	mov	r3, r6
    1708:	e5952030 	ldr	r2, [r5, #48]	@ 0x30
    170c:	e59fca24 	ldr	ip, [pc, #2596]	@ 0x2138
    1710:	e153000c 	cmp	r3, ip
    1714:	8a00001d 	bhi	0x1790
    1718:	e7921003 	ldr	r1, [r2, r3]
    171c:	e3811020 	orr	r1, r1, #32
    1720:	e5952030 	ldr	r2, [r5, #48]	@ 0x30
    1724:	e59fca0c 	ldr	ip, [pc, #2572]	@ 0x2138
    1728:	e156000c 	cmp	r6, ip
    172c:	8a000017 	bhi	0x1790
    1730:	e7821006 	str	r1, [r2, r6]
    1734:	e594c01c 	ldr	ip, [r4, #28]
    1738:	e35c0002 	cmp	ip, #2
    173c:	0a000009 	beq	0x1768
    1740:	e5943014 	ldr	r3, [r4, #20]
    1744:	e5952030 	ldr	r2, [r5, #48]	@ 0x30
    1748:	e2933004 	adds	r3, r3, #4
    174c:	2a00000f 	bcs	0x1790
    1750:	e59fc9e0 	ldr	ip, [pc, #2528]	@ 0x2138
    1754:	e153000c 	cmp	r3, ip
    1758:	8a00000c 	bhi	0x1790
    175c:	e7921003 	ldr	r1, [r2, r3]
    1760:	e594c008 	ldr	ip, [r4, #8]
    1764:	e04c0001 	sub	r0, ip, r1
    1768:	e594c00c 	ldr	ip, [r4, #12]
    176c:	e28c1020 	add	r1, ip, #32
    1770:	e595203c 	ldr	r2, [r5, #60]	@ 0x3c
    1774:	e5821008 	str	r1, [r2, #8]
    1778:	e5840004 	str	r0, [r4, #4]
    177c:	e59f09f8 	ldr	r0, [pc, #2552]	@ 0x217c
    1780:	e30ccabc 	movw	ip, #51900	@ 0xcabc
    1784:	e34ccdef 	movt	ip, #52719	@ 0xcdef
    1788:	e28dd004 	add	sp, sp, #4
    178c:	e8bd8fc0 	pop	{r6, r7, r8, r9, sl, fp, pc}
    1790:	e3a00008 	mov	r0, #8
    1794:	e59d1000 	ldr	r1, [sp]
    1798:	e5810010 	str	r0, [r1, #16]
    179c:	e59d0000 	ldr	r0, [sp]
    17a0:	e59d101c 	ldr	r1, [sp, #28]
    17a4:	e59fc9d4 	ldr	ip, [pc, #2516]	@ 0x2180
    17a8:	e12fff3c 	blx	ip
    17ac:	e28dd004 	add	sp, sp, #4
    17b0:	e8bd0fc0 	pop	{r6, r7, r8, r9, sl, fp}
    17b4:	e28dd004 	add	sp, sp, #4
    17b8:	e12fff10 	bx	r0
    17bc:	e52de004 	push	{lr}		@ (str lr, [sp, #-4]!)
    17c0:	e24dd004 	sub	sp, sp, #4
    17c4:	e58d0000 	str	r0, [sp]
    17c8:	e30cc123 	movw	ip, #49443	@ 0xc123
    17cc:	e34cc456 	movt	ip, #50262	@ 0xc456
    17d0:	e3a0e000 	mov	lr, #0
    17d4:	e584e004 	str	lr, [r4, #4]
    17d8:	e59f09a4 	ldr	r0, [pc, #2468]	@ 0x2184
    17dc:	e30ccabc 	movw	ip, #51900	@ 0xcabc
    17e0:	e34ccdef 	movt	ip, #52719	@ 0xcdef
    17e4:	e28dd004 	add	sp, sp, #4
    17e8:	e49df004 	pop	{pc}		@ (ldr pc, [sp], #4)
    17ec:	e52de004 	push	{lr}		@ (str lr, [sp, #-4]!)
    17f0:	e24dd004 	sub	sp, sp, #4
    17f4:	e58d0000 	str	r0, [sp]
    17f8:	e30cc123 	movw	ip, #49443	@ 0xc123
    17fc:	e34cc456 	movt	ip, #50262	@ 0xc456
    1800:	e3a0e000 	mov	lr, #0
    1804:	e584e010 	str	lr, [r4, #16]
    1808:	e3a0e000 	mov	lr, #0
    180c:	e584e014 	str	lr, [r4, #20]
    1810:	e3a009fe 	mov	r0, #4161536	@ 0x3f8000
    1814:	e3800e5b 	orr	r0, r0, #1456	@ 0x5b0
    1818:	e30ccabc 	movw	ip, #51900	@ 0xcabc
    181c:	e34ccdef 	movt	ip, #52719	@ 0xcdef
    1820:	e28dd004 	add	sp, sp, #4
    1824:	e49df004 	pop	{pc}		@ (ldr pc, [sp], #4)
    1828:	e52de004 	push	{lr}		@ (str lr, [sp, #-4]!)
    182c:	e24dd004 	sub	sp, sp, #4
    1830:	e58d0000 	str	r0, [sp]
    1834:	e30cc123 	movw	ip, #49443	@ 0xc123
    1838:	e34cc456 	movt	ip, #50262	@ 0xc456
    183c:	e3a0e001 	mov	lr, #1
    1840:	e584e004 	str	lr, [r4, #4]
    1844:	e59f093c 	ldr	r0, [pc, #2364]	@ 0x2188
    1848:	e30ccabc 	movw	ip, #51900	@ 0xcabc
    184c:	e34ccdef 	movt	ip, #52719	@ 0xcdef
    1850:	e28dd004 	add	sp, sp, #4
    1854:	e49df004 	pop	{pc}		@ (ldr pc, [sp], #4)
    1858:	e52de004 	push	{lr}		@ (str lr, [sp, #-4]!)
    185c:	e24dd004 	sub	sp, sp, #4
    1860:	e58d0000 	str	r0, [sp]
    1864:	e30cc123 	movw	ip, #49443	@ 0xc123
    1868:	e34cc456 	movt	ip, #50262	@ 0xc456
    186c:	e59f0918 	ldr	r0, [pc, #2328]	@ 0x218c
    1870:	e30ccabc 	movw	ip, #51900	@ 0xcabc
    1874:	e34ccdef 	movt	ip, #52719	@ 0xcdef
    1878:	e28dd004 	add	sp, sp, #4
    187c:	e49df004 	pop	{pc}		@ (ldr pc, [sp], #4)
    1880:	e52de004 	push	{lr}		@ (str lr, [sp, #-4]!)
    1884:	e24dd004 	sub	sp, sp, #4
    1888:	e58d0000 	str	r0, [sp]
    188c:	e30cc123 	movw	ip, #49443	@ 0xc123
    1890:	e34cc456 	movt	ip, #50262	@ 0xc456
    1894:	e3a0eb44 	mov	lr, #68, 22	@ 0x11000
    1898:	e38ee078 	orr	lr, lr, #120	@ 0x78
    189c:	e584e000 	str	lr, [r4]
    18a0:	e59f08e8 	ldr	r0, [pc, #2280]	@ 0x2190
    18a4:	e30ccabc 	movw	ip, #51900	@ 0xcabc
    18a8:	e34ccdef 	movt	ip, #52719	@ 0xcdef
    18ac:	e28dd004 	add	sp, sp, #4
    18b0:	e49df004 	pop	{pc}		@ (ldr pc, [sp], #4)
    18b4:	e92d4040 	push	{r6, lr}
    18b8:	e24dd010 	sub	sp, sp, #16
    18bc:	e58d0000 	str	r0, [sp]
    18c0:	e30cc123 	movw	ip, #49443	@ 0xc123
    18c4:	e34cc456 	movt	ip, #50262	@ 0xc456
    18c8:	e5946000 	ldr	r6, [r4]
    18cc:	e5940004 	ldr	r0, [r4, #4]
    18d0:	e5941008 	ldr	r1, [r4, #8]
    18d4:	e3510000 	cmp	r1, #0
    18d8:	0a00000b 	beq	0x190c
    18dc:	e1a02001 	mov	r2, r1
    18e0:	e1a01000 	mov	r1, r0
    18e4:	e1a00006 	mov	r0, r6
    18e8:	e28d3004 	add	r3, sp, #4
    18ec:	e595e028 	ldr	lr, [r5, #40]	@ 0x28
    18f0:	e58de004 	str	lr, [sp, #4]
    18f4:	e595e028 	ldr	lr, [r5, #40]	@ 0x28
    18f8:	e58de008 	str	lr, [sp, #8]
    18fc:	e59fc890 	ldr	ip, [pc, #2192]	@ 0x2194
    1900:	e12fff3c 	blx	ip
    1904:	e3500000 	cmp	r0, #0
    1908:	1a000005 	bne	0x1924
    190c:	e5846000 	str	r6, [r4]
    1910:	e59f0880 	ldr	r0, [pc, #2176]	@ 0x2198
    1914:	e30ccabc 	movw	ip, #51900	@ 0xcabc
    1918:	e34ccdef 	movt	ip, #52719	@ 0xcdef
    191c:	e28dd010 	add	sp, sp, #16
    1920:	e8bd8040 	pop	{r6, pc}
    1924:	e59d1000 	ldr	r1, [sp]
    1928:	e5810010 	str	r0, [r1, #16]
    192c:	e59d0000 	ldr	r0, [sp]
    1930:	e59d1014 	ldr	r1, [sp, #20]
    1934:	e59fc860 	ldr	ip, [pc, #2144]	@ 0x219c
    1938:	e12fff3c 	blx	ip
    193c:	e59d6010 	ldr	r6, [sp, #16]
    1940:	e28dd018 	add	sp, sp, #24
    1944:	e12fff10 	bx	r0
    1948:	e92d4fc0 	push	{r6, r7, r8, r9, sl, fp, lr}
    194c:	e24dd004 	sub	sp, sp, #4
    1950:	e58d0000 	str	r0, [sp]
    1954:	e30cc123 	movw	ip, #49443	@ 0xc123
    1958:	e34cc456 	movt	ip, #50262	@ 0xc456
    195c:	e5940000 	ldr	r0, [r4]
    1960:	e5941004 	ldr	r1, [r4, #4]
    1964:	e5942008 	ldr	r2, [r4, #8]
    1968:	e3520f80 	cmp	r2, #128, 30	@ 0x200
    196c:	3a00000d 	bcc	0x19a8
    1970:	e5840000 	str	r0, [r4]
    1974:	e5841004 	str	r1, [r4, #4]
    1978:	e5842008 	str	r2, [r4, #8]
    197c:	e59f081c 	ldr	r0, [pc, #2076]	@ 0x21a0
    1980:	e1a01004 	mov	r1, r4
    1984:	e59d2000 	ldr	r2, [sp]
    1988:	e59fc814 	ldr	ip, [pc, #2068]	@ 0x21a4
    198c:	e12fff3c 	blx	ip
    1990:	e3500000 	cmp	r0, #0
    1994:	1a0001b2 	bne	0x2064
    1998:	e5943030 	ldr	r3, [r4, #48]	@ 0x30
    199c:	e5843030 	str	r3, [r4, #48]	@ 0x30
    19a0:	e59f0800 	ldr	r0, [pc, #2048]	@ 0x21a8
    19a4:	ea0001a9 	b	0x2050
    19a8:	e0803002 	add	r3, r0, r2
    19ac:	e0216000 	eor	r6, r1, r0
    19b0:	e3160003 	tst	r6, #3
    19b4:	1a000139 	bne	0x1ea0
    19b8:	e3100003 	tst	r0, #3
    19bc:	1a000001 	bne	0x19c8
    19c0:	e1a06000 	mov	r6, r0
    19c4:	ea000019 	b	0x1a30
    19c8:	e3520000 	cmp	r2, #0
    19cc:	1a000001 	bne	0x19d8
    19d0:	e1a06000 	mov	r6, r0
    19d4:	ea000015 	b	0x1a30
    19d8:	e1a06000 	mov	r6, r0
    19dc:	e1a09001 	mov	r9, r1
    19e0:	e5958030 	ldr	r8, [r5, #48]	@ 0x30
    19e4:	e3e0c4fe 	mvn	ip, #-33554432	@ 0xfe000000
    19e8:	e3ccc8fe 	bic	ip, ip, #16646144	@ 0xfe0000
    19ec:	e159000c 	cmp	r9, ip
    19f0:	8a000198 	bhi	0x2058
    19f4:	e7d87009 	ldrb	r7, [r8, r9]
    19f8:	e1a09006 	mov	r9, r6
    19fc:	e5958030 	ldr	r8, [r5, #48]	@ 0x30
    1a00:	e3e0c4fe 	mvn	ip, #-33554432	@ 0xfe000000
    1a04:	e3ccc8fe 	bic	ip, ip, #16646144	@ 0xfe0000
    1a08:	e159000c 	cmp	r9, ip
    1a0c:	8a000191 	bhi	0x2058
    1a10:	e7c87009 	strb	r7, [r8, r9]
    1a14:	e2811001 	add	r1, r1, #1
    1a18:	e2867001 	add	r7, r6, #1
    1a1c:	e1a06007 	mov	r6, r7
    1a20:	e3170003 	tst	r7, #3
    1a24:	0a000001 	beq	0x1a30
    1a28:	e1560003 	cmp	r6, r3
    1a2c:	3affffea 	bcc	0x19dc
    1a30:	e3c37003 	bic	r7, r3, #3
    1a34:	e3530040 	cmp	r3, #64	@ 0x40
    1a38:	3a000104 	bcc	0x1e50
    1a3c:	e2478040 	sub	r8, r7, #64	@ 0x40
    1a40:	e1a09008 	mov	r9, r8
    1a44:	e1560008 	cmp	r6, r8
    1a48:	8a000100 	bhi	0x1e50
    1a4c:	e1a0b001 	mov	fp, r1
    1a50:	e595a030 	ldr	sl, [r5, #48]	@ 0x30
    1a54:	e59fc6dc 	ldr	ip, [pc, #1756]	@ 0x2138
    1a58:	e15b000c 	cmp	fp, ip
    1a5c:	8a00017d 	bhi	0x2058
    1a60:	e79a800b 	ldr	r8, [sl, fp]
    1a64:	e1a0b006 	mov	fp, r6
    1a68:	e595a030 	ldr	sl, [r5, #48]	@ 0x30
    1a6c:	e59fc6c4 	ldr	ip, [pc, #1732]	@ 0x2138
    1a70:	e15b000c 	cmp	fp, ip
    1a74:	8a000177 	bhi	0x2058
    1a78:	e78a800b 	str	r8, [sl, fp]
    1a7c:	e1a0b001 	mov	fp, r1
    1a80:	e595a030 	ldr	sl, [r5, #48]	@ 0x30
    1a84:	e29bb004 	adds	fp, fp, #4
    1a88:	2a000172 	bcs	0x2058
    1a8c:	e59fc6a4 	ldr	ip, [pc, #1700]	@ 0x2138
    1a90:	e15b000c 	cmp	fp, ip
    1a94:	8a00016f 	bhi	0x2058
    1a98:	e79a800b 	ldr	r8, [sl, fp]
    1a9c:	e1a0b006 	mov	fp, r6
    1aa0:	e595a030 	ldr	sl, [r5, #48]	@ 0x30
    1aa4:	e29bb004 	adds	fp, fp, #4
    1aa8:	2a00016a 	bcs	0x2058
    1aac:	e59fc684 	ldr	ip, [pc, #1668]	@ 0x2138
    1ab0:	e15b000c 	cmp	fp, ip
    1ab4:	8a000167 	bhi	0x2058
    1ab8:	e78a800b 	str	r8, [sl, fp]
    1abc:	e1a0b001 	mov	fp, r1
    1ac0:	e595a030 	ldr	sl, [r5, #48]	@ 0x30
    1ac4:	e29bb008 	adds	fp, fp, #8
    1ac8:	2a000162 	bcs	0x2058
    1acc:	e59fc664 	ldr	ip, [pc, #1636]	@ 0x2138
    1ad0:	e15b000c 	cmp	fp, ip
    1ad4:	8a00015f 	bhi	0x2058
    1ad8:	e79a800b 	ldr	r8, [sl, fp]
    1adc:	e1a0b006 	mov	fp, r6
    1ae0:	e595a030 	ldr	sl, [r5, #48]	@ 0x30
    1ae4:	e29bb008 	adds	fp, fp, #8
    1ae8:	2a00015a 	bcs	0x2058
    1aec:	e59fc644 	ldr	ip, [pc, #1604]	@ 0x2138
    1af0:	e15b000c 	cmp	fp, ip
    1af4:	8a000157 	bhi	0x2058
    1af8:	e78a800b 	str	r8, [sl, fp]
    1afc:	e1a0b001 	mov	fp, r1
    1b00:	e595a030 	ldr	sl, [r5, #48]	@ 0x30
    1b04:	e29bb00c 	adds	fp, fp, #12
    1b08:	2a000152 	bcs	0x2058
    1b0c:	e59fc624 	ldr	ip, [pc, #1572]	@ 0x2138
    1b10:	e15b000c 	cmp	fp, ip
    1b14:	8a00014f 	bhi	0x2058
    1b18:	e79a800b 	ldr	r8, [sl, fp]
    1b1c:	e1a0b006 	mov	fp, r6
    1b20:	e595a030 	ldr	sl, [r5, #48]	@ 0x30
    1b24:	e29bb00c 	adds	fp, fp, #12
    1b28:	2a00014a 	bcs	0x2058
    1b2c:	e59fc604 	ldr	ip, [pc, #1540]	@ 0x2138
    1b30:	e15b000c 	cmp	fp, ip
    1b34:	8a000147 	bhi	0x2058
    1b38:	e78a800b 	str	r8, [sl, fp]
    1b3c:	e1a0b001 	mov	fp, r1
    1b40:	e595a030 	ldr	sl, [r5, #48]	@ 0x30
    1b44:	e29bb010 	adds	fp, fp, #16
    1b48:	2a000142 	bcs	0x2058
    1b4c:	e59fc5e4 	ldr	ip, [pc, #1508]	@ 0x2138
    1b50:	e15b000c 	cmp	fp, ip
    1b54:	8a00013f 	bhi	0x2058
    1b58:	e79a800b 	ldr	r8, [sl, fp]
    1b5c:	e1a0b006 	mov	fp, r6
    1b60:	e595a030 	ldr	sl, [r5, #48]	@ 0x30
    1b64:	e29bb010 	adds	fp, fp, #16
    1b68:	2a00013a 	bcs	0x2058
    1b6c:	e59fc5c4 	ldr	ip, [pc, #1476]	@ 0x2138
    1b70:	e15b000c 	cmp	fp, ip
    1b74:	8a000137 	bhi	0x2058
    1b78:	e78a800b 	str	r8, [sl, fp]
    1b7c:	e1a0b001 	mov	fp, r1
    1b80:	e595a030 	ldr	sl, [r5, #48]	@ 0x30
    1b84:	e29bb014 	adds	fp, fp, #20
    1b88:	2a000132 	bcs	0x2058
    1b8c:	e59fc5a4 	ldr	ip, [pc, #1444]	@ 0x2138
    1b90:	e15b000c 	cmp	fp, ip
    1b94:	8a00012f 	bhi	0x2058
    1b98:	e79a800b 	ldr	r8, [sl, fp]
    1b9c:	e1a0b006 	mov	fp, r6
    1ba0:	e595a030 	ldr	sl, [r5, #48]	@ 0x30
    1ba4:	e29bb014 	adds	fp, fp, #20
    1ba8:	2a00012a 	bcs	0x2058
    1bac:	e59fc584 	ldr	ip, [pc, #1412]	@ 0x2138
    1bb0:	e15b000c 	cmp	fp, ip
    1bb4:	8a000127 	bhi	0x2058
    1bb8:	e78a800b 	str	r8, [sl, fp]
    1bbc:	e1a0b001 	mov	fp, r1
    1bc0:	e595a030 	ldr	sl, [r5, #48]	@ 0x30
    1bc4:	e29bb018 	adds	fp, fp, #24
    1bc8:	2a000122 	bcs	0x2058
    1bcc:	e59fc564 	ldr	ip, [pc, #1380]	@ 0x2138
    1bd0:	e15b000c 	cmp	fp, ip
    1bd4:	8a00011f 	bhi	0x2058
    1bd8:	e79a800b 	ldr	r8, [sl, fp]
    1bdc:	e1a0b006 	mov	fp, r6
    1be0:	e595a030 	ldr	sl, [r5, #48]	@ 0x30
    1be4:	e29bb018 	adds	fp, fp, #24
    1be8:	2a00011a 	bcs	0x2058
    1bec:	e59fc544 	ldr	ip, [pc, #1348]	@ 0x2138
    1bf0:	e15b000c 	cmp	fp, ip
    1bf4:	8a000117 	bhi	0x2058
    1bf8:	e78a800b 	str	r8, [sl, fp]
    1bfc:	e1a0b001 	mov	fp, r1
    1c00:	e595a030 	ldr	sl, [r5, #48]	@ 0x30
    1c04:	e29bb01c 	adds	fp, fp, #28
    1c08:	2a000112 	bcs	0x2058
    1c0c:	e59fc524 	ldr	ip, [pc, #1316]	@ 0x2138
    1c10:	e15b000c 	cmp	fp, ip
    1c14:	8a00010f 	bhi	0x2058
    1c18:	e79a800b 	ldr	r8, [sl, fp]
    1c1c:	e1a0b006 	mov	fp, r6
    1c20:	e595a030 	ldr	sl, [r5, #48]	@ 0x30
    1c24:	e29bb01c 	adds	fp, fp, #28
    1c28:	2a00010a 	bcs	0x2058
    1c2c:	e59fc504 	ldr	ip, [pc, #1284]	@ 0x2138
    1c30:	e15b000c 	cmp	fp, ip
    1c34:	8a000107 	bhi	0x2058
    1c38:	e78a800b 	str	r8, [sl, fp]
    1c3c:	e1a0b001 	mov	fp, r1
    1c40:	e595a030 	ldr	sl, [r5, #48]	@ 0x30
    1c44:	e29bb020 	adds	fp, fp, #32
    1c48:	2a000102 	bcs	0x2058
    1c4c:	e59fc4e4 	ldr	ip, [pc, #1252]	@ 0x2138
    1c50:	e15b000c 	cmp	fp, ip
    1c54:	8a0000ff 	bhi	0x2058
    1c58:	e79a800b 	ldr	r8, [sl, fp]
    1c5c:	e1a0b006 	mov	fp, r6
    1c60:	e595a030 	ldr	sl, [r5, #48]	@ 0x30
    1c64:	e29bb020 	adds	fp, fp, #32
    1c68:	2a0000fa 	bcs	0x2058
    1c6c:	e59fc4c4 	ldr	ip, [pc, #1220]	@ 0x2138
    1c70:	e15b000c 	cmp	fp, ip
    1c74:	8a0000f7 	bhi	0x2058
    1c78:	e78a800b 	str	r8, [sl, fp]
    1c7c:	e1a0b001 	mov	fp, r1
    1c80:	e595a030 	ldr	sl, [r5, #48]	@ 0x30
    1c84:	e29bb024 	adds	fp, fp, #36	@ 0x24
    1c88:	2a0000f2 	bcs	0x2058
    1c8c:	e59fc4a4 	ldr	ip, [pc, #1188]	@ 0x2138
    1c90:	e15b000c 	cmp	fp, ip
    1c94:	8a0000ef 	bhi	0x2058
    1c98:	e79a800b 	ldr	r8, [sl, fp]
    1c9c:	e1a0b006 	mov	fp, r6
    1ca0:	e595a030 	ldr	sl, [r5, #48]	@ 0x30
    1ca4:	e29bb024 	adds	fp, fp, #36	@ 0x24
    1ca8:	2a0000ea 	bcs	0x2058
    1cac:	e59fc484 	ldr	ip, [pc, #1156]	@ 0x2138
    1cb0:	e15b000c 	cmp	fp, ip
    1cb4:	8a0000e7 	bhi	0x2058
    1cb8:	e78a800b 	str	r8, [sl, fp]
    1cbc:	e1a0b001 	mov	fp, r1
    1cc0:	e595a030 	ldr	sl, [r5, #48]	@ 0x30
    1cc4:	e29bb028 	adds	fp, fp, #40	@ 0x28
    1cc8:	2a0000e2 	bcs	0x2058
    1ccc:	e59fc464 	ldr	ip, [pc, #1124]	@ 0x2138
    1cd0:	e15b000c 	cmp	fp, ip
    1cd4:	8a0000df 	bhi	0x2058
    1cd8:	e79a800b 	ldr	r8, [sl, fp]
    1cdc:	e1a0b006 	mov	fp, r6
    1ce0:	e595a030 	ldr	sl, [r5, #48]	@ 0x30
    1ce4:	e29bb028 	adds	fp, fp, #40	@ 0x28
    1ce8:	2a0000da 	bcs	0x2058
    1cec:	e59fc444 	ldr	ip, [pc, #1092]	@ 0x2138
    1cf0:	e15b000c 	cmp	fp, ip
    1cf4:	8a0000d7 	bhi	0x2058
    1cf8:	e78a800b 	str	r8, [sl, fp]
    1cfc:	e1a0b001 	mov	fp, r1
    1d00:	e595a030 	ldr	sl, [r5, #48]	@ 0x30
    1d04:	e29bb02c 	adds	fp, fp, #44	@ 0x2c
    1d08:	2a0000d2 	bcs	0x2058
    1d0c:	e59fc424 	ldr	ip, [pc, #1060]	@ 0x2138
    1d10:	e15b000c 	cmp	fp, ip
    1d14:	8a0000cf 	bhi	0x2058
    1d18:	e79a800b 	ldr	r8, [sl, fp]
    1d1c:	e1a0b006 	mov	fp, r6
    1d20:	e595a030 	ldr	sl, [r5, #48]	@ 0x30
    1d24:	e29bb02c 	adds	fp, fp, #44	@ 0x2c
    1d28:	2a0000ca 	bcs	0x2058
    1d2c:	e59fc404 	ldr	ip, [pc, #1028]	@ 0x2138
    1d30:	e15b000c 	cmp	fp, ip
    1d34:	8a0000c7 	bhi	0x2058
    1d38:	e78a800b 	str	r8, [sl, fp]
    1d3c:	e1a0b001 	mov	fp, r1
    1d40:	e595a030 	ldr	sl, [r5, #48]	@ 0x30
    1d44:	e29bb030 	adds	fp, fp, #48	@ 0x30
    1d48:	2a0000c2 	bcs	0x2058
    1d4c:	e59fc3e4 	ldr	ip, [pc, #996]	@ 0x2138
    1d50:	e15b000c 	cmp	fp, ip
    1d54:	8a0000bf 	bhi	0x2058
    1d58:	e79a800b 	ldr	r8, [sl, fp]
    1d5c:	e1a0b006 	mov	fp, r6
    1d60:	e595a030 	ldr	sl, [r5, #48]	@ 0x30
    1d64:	e29bb030 	adds	fp, fp, #48	@ 0x30
    1d68:	2a0000ba 	bcs	0x2058
    1d6c:	e59fc3c4 	ldr	ip, [pc, #964]	@ 0x2138
    1d70:	e15b000c 	cmp	fp, ip
    1d74:	8a0000b7 	bhi	0x2058
    1d78:	e78a800b 	str	r8, [sl, fp]
    1d7c:	e1a0b001 	mov	fp, r1
    1d80:	e595a030 	ldr	sl, [r5, #48]	@ 0x30
    1d84:	e29bb034 	adds	fp, fp, #52	@ 0x34
    1d88:	2a0000b2 	bcs	0x2058
    1d8c:	e59fc3a4 	ldr	ip, [pc, #932]	@ 0x2138
    1d90:	e15b000c 	cmp	fp, ip
    1d94:	8a0000af 	bhi	0x2058
    1d98:	e79a800b 	ldr	r8, [sl, fp]
    1d9c:	e1a0b006 	mov	fp, r6
    1da0:	e595a030 	ldr	sl, [r5, #48]	@ 0x30
    1da4:	e29bb034 	adds	fp, fp, #52	@ 0x34
    1da8:	2a0000aa 	bcs	0x2058
    1dac:	e59fc384 	ldr	ip, [pc, #900]	@ 0x2138
    1db0:	e15b000c 	cmp	fp, ip
    1db4:	8a0000a7 	bhi	0x2058
    1db8:	e78a800b 	str	r8, [sl, fp]
    1dbc:	e1a0b001 	mov	fp, r1
    1dc0:	e595a030 	ldr	sl, [r5, #48]	@ 0x30
    1dc4:	e29bb038 	adds	fp, fp, #56	@ 0x38
    1dc8:	2a0000a2 	bcs	0x2058
    1dcc:	e59fc364 	ldr	ip, [pc, #868]	@ 0x2138
    1dd0:	e15b000c 	cmp	fp, ip
    1dd4:	8a00009f 	bhi	0x2058
    1dd8:	e79a800b 	ldr	r8, [sl, fp]
    1ddc:	e1a0b006 	mov	fp, r6
    1de0:	e595a030 	ldr	sl, [r5, #48]	@ 0x30
    1de4:	e29bb038 	adds	fp, fp, #56	@ 0x38
    1de8:	2a00009a 	bcs	0x2058
    1dec:	e59fc344 	ldr	ip, [pc, #836]	@ 0x2138
    1df0:	e15b000c 	cmp	fp, ip
    1df4:	8a000097 	bhi	0x2058
    1df8:	e78a800b 	str	r8, [sl, fp]
    1dfc:	e1a0b001 	mov	fp, r1
    1e00:	e595a030 	ldr	sl, [r5, #48]	@ 0x30
    1e04:	e29bb03c 	adds	fp, fp, #60	@ 0x3c
    1e08:	2a000092 	bcs	0x2058
    1e0c:	e59fc324 	ldr	ip, [pc, #804]	@ 0x2138
    1e10:	e15b000c 	cmp	fp, ip
    1e14:	8a00008f 	bhi	0x2058
    1e18:	e79a800b 	ldr	r8, [sl, fp]
    1e1c:	e1a0b006 	mov	fp, r6
    1e20:	e595a030 	ldr	sl, [r5, #48]	@ 0x30
    1e24:	e29bb03c 	adds	fp, fp, #60	@ 0x3c
    1e28:	2a00008a 	bcs	0x2058
    1e2c:	e59fc304 	ldr	ip, [pc, #772]	@ 0x2138
    1e30:	e15b000c 	cmp	fp, ip
    1e34:	8a000087 	bhi	0x2058
    1e38:	e78a800b 	str	r8, [sl, fp]
    1e3c:	e2811040 	add	r1, r1, #64	@ 0x40
    1e40:	e2868040 	add	r8, r6, #64	@ 0x40
    1e44:	e1a06008 	mov	r6, r8
    1e48:	e1580009 	cmp	r8, r9
    1e4c:	9afffefe 	bls	0x1a4c
    1e50:	e1560007 	cmp	r6, r7
    1e54:	2a000064 	bcs	0x1fec
    1e58:	e1a0a001 	mov	sl, r1
    1e5c:	e5959030 	ldr	r9, [r5, #48]	@ 0x30
    1e60:	e59fc2d0 	ldr	ip, [pc, #720]	@ 0x2138
    1e64:	e15a000c 	cmp	sl, ip
    1e68:	8a00007a 	bhi	0x2058
    1e6c:	e799800a 	ldr	r8, [r9, sl]
    1e70:	e1a0a006 	mov	sl, r6
    1e74:	e5959030 	ldr	r9, [r5, #48]	@ 0x30
    1e78:	e59fc2b8 	ldr	ip, [pc, #696]	@ 0x2138
    1e7c:	e15a000c 	cmp	sl, ip
    1e80:	8a000074 	bhi	0x2058
    1e84:	e789800a 	str	r8, [r9, sl]
    1e88:	e2811004 	add	r1, r1, #4
    1e8c:	e2868004 	add	r8, r6, #4
    1e90:	e1a06008 	mov	r6, r8
    1e94:	e1580007 	cmp	r8, r7
    1e98:	3affffee 	bcc	0x1e58
    1e9c:	ea000052 	b	0x1fec
    1ea0:	e3530004 	cmp	r3, #4
    1ea4:	2a000001 	bcs	0x1eb0
    1ea8:	e1a06000 	mov	r6, r0
    1eac:	ea00004e 	b	0x1fec
    1eb0:	e3520004 	cmp	r2, #4
    1eb4:	2a000001 	bcs	0x1ec0
    1eb8:	e1a06000 	mov	r6, r0
    1ebc:	ea00004a 	b	0x1fec
    1ec0:	e2432004 	sub	r2, r3, #4
    1ec4:	e1a06000 	mov	r6, r0
    1ec8:	e1a09001 	mov	r9, r1
    1ecc:	e5958030 	ldr	r8, [r5, #48]	@ 0x30
    1ed0:	e3e0c4fe 	mvn	ip, #-33554432	@ 0xfe000000
    1ed4:	e3ccc8fe 	bic	ip, ip, #16646144	@ 0xfe0000
    1ed8:	e159000c 	cmp	r9, ip
    1edc:	8a00005d 	bhi	0x2058
    1ee0:	e7d87009 	ldrb	r7, [r8, r9]
    1ee4:	e1a09006 	mov	r9, r6
    1ee8:	e5958030 	ldr	r8, [r5, #48]	@ 0x30
    1eec:	e3e0c4fe 	mvn	ip, #-33554432	@ 0xfe000000
    1ef0:	e3ccc8fe 	bic	ip, ip, #16646144	@ 0xfe0000
    1ef4:	e159000c 	cmp	r9, ip
    1ef8:	8a000056 	bhi	0x2058
    1efc:	e7c87009 	strb	r7, [r8, r9]
    1f00:	e1a09001 	mov	r9, r1
    1f04:	e5958030 	ldr	r8, [r5, #48]	@ 0x30
    1f08:	e2999001 	adds	r9, r9, #1
    1f0c:	2a000051 	bcs	0x2058
    1f10:	e3e0c4fe 	mvn	ip, #-33554432	@ 0xfe000000
    1f14:	e3ccc8fe 	bic	ip, ip, #16646144	@ 0xfe0000
    1f18:	e159000c 	cmp	r9, ip
    1f1c:	8a00004d 	bhi	0x2058
    1f20:	e7d87009 	ldrb	r7, [r8, r9]
    1f24:	e1a09006 	mov	r9, r6
    1f28:	e5958030 	ldr	r8, [r5, #48]	@ 0x30
    1f2c:	e2999001 	adds	r9, r9, #1
    1f30:	2a000048 	bcs	0x2058
    1f34:	e3e0c4fe 	mvn	ip, #-33554432	@ 0xfe000000
    1f38:	e3ccc8fe 	bic	ip, ip, #16646144	@ 0xfe0000
    1f3c:	e159000c 	cmp	r9, ip
    1f40:	8a000044 	bhi	0x2058
    1f44:	e7c87009 	strb	r7, [r8, r9]
    1f48:	e1a09001 	mov	r9, r1
    1f4c:	e5958030 	ldr	r8, [r5, #48]	@ 0x30
    1f50:	e2999002 	adds	r9, r9, #2
    1f54:	2a00003f 	bcs	0x2058
    1f58:	e3e0c4fe 	mvn	ip, #-33554432	@ 0xfe000000
    1f5c:	e3ccc8fe 	bic	ip, ip, #16646144	@ 0xfe0000
    1f60:	e159000c 	cmp	r9, ip
    1f64:	8a00003b 	bhi	0x2058
    1f68:	e7d87009 	ldrb	r7, [r8, r9]
    1f6c:	e1a09006 	mov	r9, r6
    1f70:	e5958030 	ldr	r8, [r5, #48]	@ 0x30
    1f74:	e2999002 	adds	r9, r9, #2
    1f78:	2a000036 	bcs	0x2058
    1f7c:	e3e0c4fe 	mvn	ip, #-33554432	@ 0xfe000000
    1f80:	e3ccc8fe 	bic	ip, ip, #16646144	@ 0xfe0000
    1f84:	e159000c 	cmp	r9, ip
    1f88:	8a000032 	bhi	0x2058
    1f8c:	e7c87009 	strb	r7, [r8, r9]
    1f90:	e1a09001 	mov	r9, r1
    1f94:	e5958030 	ldr	r8, [r5, #48]	@ 0x30
    1f98:	e2999003 	adds	r9, r9, #3
    1f9c:	2a00002d 	bcs	0x2058
    1fa0:	e3e0c4fe 	mvn	ip, #-33554432	@ 0xfe000000
    1fa4:	e3ccc8fe 	bic	ip, ip, #16646144	@ 0xfe0000
    1fa8:	e159000c 	cmp	r9, ip
    1fac:	8a000029 	bhi	0x2058
    1fb0:	e7d87009 	ldrb	r7, [r8, r9]
    1fb4:	e1a09006 	mov	r9, r6
    1fb8:	e5958030 	ldr	r8, [r5, #48]	@ 0x30
    1fbc:	e2999003 	adds	r9, r9, #3
    1fc0:	2a000024 	bcs	0x2058
    1fc4:	e3e0c4fe 	mvn	ip, #-33554432	@ 0xfe000000
    1fc8:	e3ccc8fe 	bic	ip, ip, #16646144	@ 0xfe0000
    1fcc:	e159000c 	cmp	r9, ip
    1fd0:	8a000020 	bhi	0x2058
    1fd4:	e7c87009 	strb	r7, [r8, r9]
    1fd8:	e2811004 	add	r1, r1, #4
    1fdc:	e2867004 	add	r7, r6, #4
    1fe0:	e1a06007 	mov	r6, r7
    1fe4:	e1570002 	cmp	r7, r2
    1fe8:	9affffb6 	bls	0x1ec8
    1fec:	e1560003 	cmp	r6, r3
    1ff0:	2a000012 	bcs	0x2040
    1ff4:	e1a08001 	mov	r8, r1
    1ff8:	e5957030 	ldr	r7, [r5, #48]	@ 0x30
    1ffc:	e3e0c4fe 	mvn	ip, #-33554432	@ 0xfe000000
    2000:	e3ccc8fe 	bic	ip, ip, #16646144	@ 0xfe0000
    2004:	e158000c 	cmp	r8, ip
    2008:	8a000012 	bhi	0x2058
    200c:	e7d72008 	ldrb	r2, [r7, r8]
    2010:	e1a08006 	mov	r8, r6
    2014:	e5957030 	ldr	r7, [r5, #48]	@ 0x30
    2018:	e3e0c4fe 	mvn	ip, #-33554432	@ 0xfe000000
    201c:	e3ccc8fe 	bic	ip, ip, #16646144	@ 0xfe0000
    2020:	e158000c 	cmp	r8, ip
    2024:	8a00000b 	bhi	0x2058
    2028:	e7c72008 	strb	r2, [r7, r8]
    202c:	e2811001 	add	r1, r1, #1
    2030:	e2862001 	add	r2, r6, #1
    2034:	e1a06002 	mov	r6, r2
    2038:	e1520003 	cmp	r2, r3
    203c:	1affffec 	bne	0x1ff4
    2040:	e5840000 	str	r0, [r4]
    2044:	e59f0160 	ldr	r0, [pc, #352]	@ 0x21ac
    2048:	e30ccabc 	movw	ip, #51900	@ 0xcabc
    204c:	e34ccdef 	movt	ip, #52719	@ 0xcdef
    2050:	e28dd004 	add	sp, sp, #4
    2054:	e8bd8fc0 	pop	{r6, r7, r8, r9, sl, fp, pc}
    2058:	e3a00008 	mov	r0, #8
    205c:	e59d1000 	ldr	r1, [sp]
    2060:	e5810010 	str	r0, [r1, #16]
    2064:	e59d0000 	ldr	r0, [sp]
    2068:	e59d101c 	ldr	r1, [sp, #28]
    206c:	e59fc13c 	ldr	ip, [pc, #316]	@ 0x21b0
    2070:	e12fff3c 	blx	ip
    2074:	e28dd004 	add	sp, sp, #4
    2078:	e8bd0fc0 	pop	{r6, r7, r8, r9, sl, fp}
    207c:	e28dd004 	add	sp, sp, #4
    2080:	e12fff10 	bx	r0
    2084:	e92d43c0 	push	{r6, r7, r8, r9, lr}
    2088:	e24dd004 	sub	sp, sp, #4
    208c:	e58d0000 	str	r0, [sp]
    2090:	e30cc123 	movw	ip, #49443	@ 0xc123
    2094:	e34cc456 	movt	ip, #50262	@ 0xc456
    2098:	e5942000 	ldr	r2, [r4]
    209c:	e5940004 	ldr	r0, [r4, #4]
    20a0:	e5941008 	ldr	r1, [r4, #8]
    20a4:	e3510000 	cmp	r1, #0
    20a8:	0a000114 	beq	0x2500
    20ac:	e1a06002 	mov	r6, r2
    20b0:	e5953030 	ldr	r3, [r5, #48]	@ 0x30
    20b4:	e3e0c4fe 	mvn	ip, #-33554432	@ 0xfe000000
    20b8:	e3ccc8fe 	bic	ip, ip, #16646144	@ 0xfe0000
    20bc:	e156000c 	cmp	r6, ip
    20c0:	8a000115 	bhi	0x251c
    20c4:	e7c30006 	strb	r0, [r3, r6]
    20c8:	e0823001 	add	r3, r2, r1
    20cc:	e1a06003 	mov	r6, r3
    20d0:	e2433001 	sub	r3, r3, #1
    20d4:	e5957030 	ldr	r7, [r5, #48]	@ 0x30
    20d8:	e3e0c4fe 	mvn	ip, #-33554432	@ 0xfe000000
    20dc:	e3ccc8fe 	bic	ip, ip, #16646144	@ 0xfe0000
    20e0:	e153000c 	cmp	r3, ip
    20e4:	8a00010c 	bhi	0x251c
    20e8:	e7c70003 	strb	r0, [r7, r3]
    20ec:	e3510003 	cmp	r1, #3
    20f0:	3a000102 	bcc	0x2500
    20f4:	e1a07002 	mov	r7, r2
    20f8:	e5953030 	ldr	r3, [r5, #48]	@ 0x30
    20fc:	e2977002 	adds	r7, r7, #2
    2100:	2a000105 	bcs	0x251c
    2104:	e3e0c4fe 	mvn	ip, #-33554432	@ 0xfe000000
    2108:	e3ccc8fe 	bic	ip, ip, #16646144	@ 0xfe0000
    210c:	e157000c 	cmp	r7, ip
    2110:	8a000101 	bhi	0x251c
    2114:	e7c30007 	strb	r0, [r3, r7]
    2118:	e1a07002 	mov	r7, r2
    211c:	e5953030 	ldr	r3, [r5, #48]	@ 0x30
    2120:	ea000023 	b	0x21b4
	...
    2138:	0101fffc 	strdeq	pc, [r1, -ip]
    213c:	003f9c68 	eorseq	r9, pc, r8, ror #24
    2140:	000487b4 			@ <UNDEFINED> instruction: 0x000487b4
    2144:	003f9ca4 	eorseq	r9, pc, r4, lsr #25
    2148:	00047eac 	andeq	r7, r4, ip, lsr #29
    214c:	4c957f2d 	ldcmi	15, cr7, [r5], {45}	@ 0x2d
    2150:	5851f42d 	ldmdapl	r1, {r0, r2, r3, r5, sl, ip, sp, lr, pc}^
    2154:	003fa078 	eorseq	sl, pc, r8, ror r0	@ <UNPREDICTABLE>
    2158:	003faffc 	ldrshteq	sl, [pc], -ip
    215c:	000487b4 			@ <UNDEFINED> instruction: 0x000487b4
    2160:	003fb014 	eorseq	fp, pc, r4, lsl r0	@ <UNPREDICTABLE>
    2164:	000487b4 			@ <UNDEFINED> instruction: 0x000487b4
    2168:	003fb1c4 	eorseq	fp, pc, r4, asr #3
    216c:	000487b4 			@ <UNDEFINED> instruction: 0x000487b4
    2170:	003fb1dc 	ldrsbteq	fp, [pc], -ip
    2174:	000487b4 			@ <UNDEFINED> instruction: 0x000487b4
    2178:	0101fff8 	strdeq	pc, [r1, -r8]
    217c:	003fb31c 	eorseq	fp, pc, ip, lsl r3	@ <UNPREDICTABLE>
    2180:	00047eac 	andeq	r7, r4, ip, lsr #29
    2184:	003f79c4 	eorseq	r7, pc, r4, asr #19
    2188:	003f6dec 	eorseq	r6, pc, ip, ror #27
    218c:	003fa430 	eorseq	sl, pc, r0, lsr r4	@ <UNPREDICTABLE>
    2190:	003f7a1c 	eorseq	r7, pc, ip, lsl sl	@ <UNPREDICTABLE>
    2194:	00049988 	andeq	r9, r4, r8, lsl #19
    2198:	003f6fac 	eorseq	r6, pc, ip, lsr #31
    219c:	00047eac 	andeq	r7, r4, ip, lsr #29
    21a0:	003fc7c8 	eorseq	ip, pc, r8, asr #15
    21a4:	000487b4 			@ <UNDEFINED> instruction: 0x000487b4
    21a8:	003fc7e4 	eorseq	ip, pc, r4, ror #15
    21ac:	003fcce8 	eorseq	ip, pc, r8, ror #25
    21b0:	00047eac 	andeq	r7, r4, ip, lsr #29
    21b4:	e2977001 	adds	r7, r7, #1
    21b8:	2a0000d7 	bcs	0x251c
    21bc:	e3e0c4fe 	mvn	ip, #-33554432	@ 0xfe000000
    21c0:	e3ccc8fe 	bic	ip, ip, #16646144	@ 0xfe0000
    21c4:	e157000c 	cmp	r7, ip
    21c8:	8a0000d3 	bhi	0x251c
    21cc:	e7c30007 	strb	r0, [r3, r7]
    21d0:	e2463003 	sub	r3, r6, #3
    21d4:	e5957030 	ldr	r7, [r5, #48]	@ 0x30
    21d8:	e3e0c4fe 	mvn	ip, #-33554432	@ 0xfe000000
    21dc:	e3ccc8fe 	bic	ip, ip, #16646144	@ 0xfe0000
    21e0:	e153000c 	cmp	r3, ip
    21e4:	8a0000cc 	bhi	0x251c
    21e8:	e7c70003 	strb	r0, [r7, r3]
    21ec:	e2463002 	sub	r3, r6, #2
    21f0:	e5957030 	ldr	r7, [r5, #48]	@ 0x30
    21f4:	e3e0c4fe 	mvn	ip, #-33554432	@ 0xfe000000
    21f8:	e3ccc8fe 	bic	ip, ip, #16646144	@ 0xfe0000
    21fc:	e153000c 	cmp	r3, ip
    2200:	8a0000c5 	bhi	0x251c
    2204:	e7c70003 	strb	r0, [r7, r3]
    2208:	e3510007 	cmp	r1, #7
    220c:	3a0000bb 	bcc	0x2500
    2210:	e1a07002 	mov	r7, r2
    2214:	e5953030 	ldr	r3, [r5, #48]	@ 0x30
    2218:	e2977003 	adds	r7, r7, #3
    221c:	2a0000be 	bcs	0x251c
    2220:	e3e0c4fe 	mvn	ip, #-33554432	@ 0xfe000000
    2224:	e3ccc8fe 	bic	ip, ip, #16646144	@ 0xfe0000
    2228:	e157000c 	cmp	r7, ip
    222c:	8a0000ba 	bhi	0x251c
    2230:	e7c30007 	strb	r0, [r3, r7]
    2234:	e2466004 	sub	r6, r6, #4
    2238:	e5953030 	ldr	r3, [r5, #48]	@ 0x30
    223c:	e3e0c4fe 	mvn	ip, #-33554432	@ 0xfe000000
    2240:	e3ccc8fe 	bic	ip, ip, #16646144	@ 0xfe0000
    2244:	e156000c 	cmp	r6, ip
    2248:	8a0000b3 	bhi	0x251c
    224c:	e7c30006 	strb	r0, [r3, r6]
    2250:	e3510009 	cmp	r1, #9
    2254:	3a0000a9 	bcc	0x2500
    2258:	e2623000 	rsb	r3, r2, #0
    225c:	e2033003 	and	r3, r3, #3
    2260:	e1a06003 	mov	r6, r3
    2264:	e0823003 	add	r3, r2, r3
    2268:	e1a07003 	mov	r7, r3
    226c:	e20000ff 	and	r0, r0, #255	@ 0xff
    2270:	e59fcf40 	ldr	ip, [pc, #3904]	@ 0x31b8
    2274:	e0000c90 	mul	r0, r0, ip
    2278:	e1a08000 	mov	r8, r0
    227c:	e5959030 	ldr	r9, [r5, #48]	@ 0x30
    2280:	e59fcf34 	ldr	ip, [pc, #3892]	@ 0x31bc
    2284:	e153000c 	cmp	r3, ip
    2288:	8a0000a3 	bhi	0x251c
    228c:	e7890003 	str	r0, [r9, r3]
    2290:	e0411006 	sub	r1, r1, r6
    2294:	e3c11003 	bic	r1, r1, #3
    2298:	e1a00001 	mov	r0, r1
    229c:	e0871001 	add	r1, r7, r1
    22a0:	e1a03001 	mov	r3, r1
    22a4:	e2411004 	sub	r1, r1, #4
    22a8:	e5956030 	ldr	r6, [r5, #48]	@ 0x30
    22ac:	e59fcf08 	ldr	ip, [pc, #3848]	@ 0x31bc
    22b0:	e151000c 	cmp	r1, ip
    22b4:	8a000098 	bhi	0x251c
    22b8:	e7868001 	str	r8, [r6, r1]
    22bc:	e3500009 	cmp	r0, #9
    22c0:	3a00008e 	bcc	0x2500
    22c4:	e1a06007 	mov	r6, r7
    22c8:	e5951030 	ldr	r1, [r5, #48]	@ 0x30
    22cc:	e2966008 	adds	r6, r6, #8
    22d0:	2a000091 	bcs	0x251c
    22d4:	e59fcee0 	ldr	ip, [pc, #3808]	@ 0x31bc
    22d8:	e156000c 	cmp	r6, ip
    22dc:	8a00008e 	bhi	0x251c
    22e0:	e7818006 	str	r8, [r1, r6]
    22e4:	e1a06007 	mov	r6, r7
    22e8:	e5951030 	ldr	r1, [r5, #48]	@ 0x30
    22ec:	e2966004 	adds	r6, r6, #4
    22f0:	2a000089 	bcs	0x251c
    22f4:	e59fcec0 	ldr	ip, [pc, #3776]	@ 0x31bc
    22f8:	e156000c 	cmp	r6, ip
    22fc:	8a000086 	bhi	0x251c
    2300:	e7818006 	str	r8, [r1, r6]
    2304:	e2431008 	sub	r1, r3, #8
    2308:	e5956030 	ldr	r6, [r5, #48]	@ 0x30
    230c:	e59fcea8 	ldr	ip, [pc, #3752]	@ 0x31bc
    2310:	e151000c 	cmp	r1, ip
    2314:	8a000080 	bhi	0x251c
    2318:	e7868001 	str	r8, [r6, r1]
    231c:	e243100c 	sub	r1, r3, #12
    2320:	e5956030 	ldr	r6, [r5, #48]	@ 0x30
    2324:	e59fce90 	ldr	ip, [pc, #3728]	@ 0x31bc
    2328:	e151000c 	cmp	r1, ip
    232c:	8a00007a 	bhi	0x251c
    2330:	e7868001 	str	r8, [r6, r1]
    2334:	e3500019 	cmp	r0, #25
    2338:	3a000070 	bcc	0x2500
    233c:	e1a06007 	mov	r6, r7
    2340:	e5951030 	ldr	r1, [r5, #48]	@ 0x30
    2344:	e2966018 	adds	r6, r6, #24
    2348:	2a000073 	bcs	0x251c
    234c:	e59fce68 	ldr	ip, [pc, #3688]	@ 0x31bc
    2350:	e156000c 	cmp	r6, ip
    2354:	8a000070 	bhi	0x251c
    2358:	e7818006 	str	r8, [r1, r6]
    235c:	e1a06007 	mov	r6, r7
    2360:	e5951030 	ldr	r1, [r5, #48]	@ 0x30
    2364:	e2966014 	adds	r6, r6, #20
    2368:	2a00006b 	bcs	0x251c
    236c:	e59fce48 	ldr	ip, [pc, #3656]	@ 0x31bc
    2370:	e156000c 	cmp	r6, ip
    2374:	8a000068 	bhi	0x251c
    2378:	e7818006 	str	r8, [r1, r6]
    237c:	e1a06007 	mov	r6, r7
    2380:	e5951030 	ldr	r1, [r5, #48]	@ 0x30
    2384:	e2966010 	adds	r6, r6, #16
    2388:	2a000063 	bcs	0x251c
    238c:	e59fce28 	ldr	ip, [pc, #3624]	@ 0x31bc
    2390:	e156000c 	cmp	r6, ip
    2394:	8a000060 	bhi	0x251c
    2398:	e7818006 	str	r8, [r1, r6]
    239c:	e1a06007 	mov	r6, r7
    23a0:	e5951030 	ldr	r1, [r5, #48]	@ 0x30
    23a4:	e296600c 	adds	r6, r6, #12
    23a8:	2a00005b 	bcs	0x251c
    23ac:	e59fce08 	ldr	ip, [pc, #3592]	@ 0x31bc
    23b0:	e156000c 	cmp	r6, ip
    23b4:	8a000058 	bhi	0x251c
    23b8:	e7818006 	str	r8, [r1, r6]
    23bc:	e2431010 	sub	r1, r3, #16
    23c0:	e5956030 	ldr	r6, [r5, #48]	@ 0x30
    23c4:	e59fcdf0 	ldr	ip, [pc, #3568]	@ 0x31bc
    23c8:	e151000c 	cmp	r1, ip
    23cc:	8a000052 	bhi	0x251c
    23d0:	e7868001 	str	r8, [r6, r1]
    23d4:	e2431014 	sub	r1, r3, #20
    23d8:	e5956030 	ldr	r6, [r5, #48]	@ 0x30
    23dc:	e59fcdd8 	ldr	ip, [pc, #3544]	@ 0x31bc
    23e0:	e151000c 	cmp	r1, ip
    23e4:	8a00004c 	bhi	0x251c
    23e8:	e7868001 	str	r8, [r6, r1]
    23ec:	e2431018 	sub	r1, r3, #24
    23f0:	e5956030 	ldr	r6, [r5, #48]	@ 0x30
    23f4:	e59fcdc0 	ldr	ip, [pc, #3520]	@ 0x31bc
    23f8:	e151000c 	cmp	r1, ip
    23fc:	8a000046 	bhi	0x251c
    2400:	e7868001 	str	r8, [r6, r1]
    2404:	e243301c 	sub	r3, r3, #28
    2408:	e5951030 	ldr	r1, [r5, #48]	@ 0x30
    240c:	e59fcda8 	ldr	ip, [pc, #3496]	@ 0x31bc
    2410:	e153000c 	cmp	r3, ip
    2414:	8a000040 	bhi	0x251c
    2418:	e7818003 	str	r8, [r1, r3]
    241c:	e2071004 	and	r1, r7, #4
    2420:	e3811018 	orr	r1, r1, #24
    2424:	e1a03001 	mov	r3, r1
    2428:	e0400001 	sub	r0, r0, r1
    242c:	e1a06000 	mov	r6, r0
    2430:	e3500020 	cmp	r0, #32
    2434:	3a000031 	bcc	0x2500
    2438:	e1a00008 	mov	r0, r8
    243c:	e3a01000 	mov	r1, #0
    2440:	e1a08000 	mov	r8, r0
    2444:	e3a0c001 	mov	ip, #1
    2448:	e0080c98 	mul	r8, r8, ip
    244c:	e0811008 	add	r1, r1, r8
    2450:	e0877003 	add	r7, r7, r3
    2454:	e1a08007 	mov	r8, r7
    2458:	e5953030 	ldr	r3, [r5, #48]	@ 0x30
    245c:	e2988018 	adds	r8, r8, #24
    2460:	2a00002d 	bcs	0x251c
    2464:	e59fcd54 	ldr	ip, [pc, #3412]	@ 0x31c0
    2468:	e158000c 	cmp	r8, ip
    246c:	8a00002a 	bhi	0x251c
    2470:	e083c008 	add	ip, r3, r8
    2474:	e58c0000 	str	r0, [ip]
    2478:	e58c1004 	str	r1, [ip, #4]
    247c:	e1a08007 	mov	r8, r7
    2480:	e5953030 	ldr	r3, [r5, #48]	@ 0x30
    2484:	e2988010 	adds	r8, r8, #16
    2488:	2a000023 	bcs	0x251c
    248c:	e59fcd2c 	ldr	ip, [pc, #3372]	@ 0x31c0
    2490:	e158000c 	cmp	r8, ip
    2494:	8a000020 	bhi	0x251c
    2498:	e083c008 	add	ip, r3, r8
    249c:	e58c0000 	str	r0, [ip]
    24a0:	e58c1004 	str	r1, [ip, #4]
    24a4:	e1a08007 	mov	r8, r7
    24a8:	e5953030 	ldr	r3, [r5, #48]	@ 0x30
    24ac:	e2988008 	adds	r8, r8, #8
    24b0:	2a000019 	bcs	0x251c
    24b4:	e59fcd04 	ldr	ip, [pc, #3332]	@ 0x31c0
    24b8:	e158000c 	cmp	r8, ip
    24bc:	8a000016 	bhi	0x251c
    24c0:	e083c008 	add	ip, r3, r8
    24c4:	e58c0000 	str	r0, [ip]
    24c8:	e58c1004 	str	r1, [ip, #4]
    24cc:	e1a08007 	mov	r8, r7
    24d0:	e5953030 	ldr	r3, [r5, #48]	@ 0x30
    24d4:	e59fcce4 	ldr	ip, [pc, #3300]	@ 0x31c0
    24d8:	e158000c 	cmp	r8, ip
    24dc:	8a00000e 	bhi	0x251c
    24e0:	e083c008 	add	ip, r3, r8
    24e4:	e58c0000 	str	r0, [ip]
    24e8:	e58c1004 	str	r1, [ip, #4]
    24ec:	e2877020 	add	r7, r7, #32
    24f0:	e2463020 	sub	r3, r6, #32
    24f4:	e1a06003 	mov	r6, r3
    24f8:	e353001f 	cmp	r3, #31
    24fc:	8affffd4 	bhi	0x2454
    2500:	e5842000 	str	r2, [r4]
    2504:	e3a009ff 	mov	r0, #4177920	@ 0x3fc000
    2508:	e3800ff0 	orr	r0, r0, #240, 30	@ 0x3c0
    250c:	e30ccabc 	movw	ip, #51900	@ 0xcabc
    2510:	e34ccdef 	movt	ip, #52719	@ 0xcdef
    2514:	e28dd004 	add	sp, sp, #4
    2518:	e8bd83c0 	pop	{r6, r7, r8, r9, pc}
    251c:	e3a00008 	mov	r0, #8
    2520:	e59d1000 	ldr	r1, [sp]
    2524:	e5810010 	str	r0, [r1, #16]
    2528:	e59d0000 	ldr	r0, [sp]
    252c:	e59d1014 	ldr	r1, [sp, #20]
    2530:	e59fcc8c 	ldr	ip, [pc, #3212]	@ 0x31c4
    2534:	e12fff3c 	blx	ip
    2538:	e28dd004 	add	sp, sp, #4
    253c:	e8bd03c0 	pop	{r6, r7, r8, r9}
    2540:	e28dd004 	add	sp, sp, #4
    2544:	e12fff10 	bx	r0
    2548:	e52de004 	push	{lr}		@ (str lr, [sp, #-4]!)
    254c:	e24dd004 	sub	sp, sp, #4
    2550:	e58d0000 	str	r0, [sp]
    2554:	e30cc123 	movw	ip, #49443	@ 0xc123
    2558:	e34cc456 	movt	ip, #50262	@ 0xc456
    255c:	e59f0c64 	ldr	r0, [pc, #3172]	@ 0x31c8
    2560:	e30ccabc 	movw	ip, #51900	@ 0xcabc
    2564:	e34ccdef 	movt	ip, #52719	@ 0xcdef
    2568:	e28dd004 	add	sp, sp, #4
    256c:	e49df004 	pop	{pc}		@ (ldr pc, [sp], #4)
    2570:	e52de004 	push	{lr}		@ (str lr, [sp, #-4]!)
    2574:	e24dd004 	sub	sp, sp, #4
    2578:	e58d0000 	str	r0, [sp]
    257c:	e30cc123 	movw	ip, #49443	@ 0xc123
    2580:	e34cc456 	movt	ip, #50262	@ 0xc456
    2584:	e3a0eb44 	mov	lr, #68, 22	@ 0x11000
    2588:	e38ee07c 	orr	lr, lr, #124	@ 0x7c
    258c:	e584e000 	str	lr, [r4]
    2590:	e59f0c34 	ldr	r0, [pc, #3124]	@ 0x31cc
    2594:	e1a01004 	mov	r1, r4
    2598:	e59d2000 	ldr	r2, [sp]
    259c:	e59fcc2c 	ldr	ip, [pc, #3116]	@ 0x31d0
    25a0:	e12fff3c 	blx	ip
    25a4:	e3500000 	cmp	r0, #0
    25a8:	1a000007 	bne	0x25cc
    25ac:	e3a0eb44 	mov	lr, #68, 22	@ 0x11000
    25b0:	e38ee080 	orr	lr, lr, #128	@ 0x80
    25b4:	e584e004 	str	lr, [r4, #4]
    25b8:	e59f0c14 	ldr	r0, [pc, #3092]	@ 0x31d4
    25bc:	e30ccabc 	movw	ip, #51900	@ 0xcabc
    25c0:	e34ccdef 	movt	ip, #52719	@ 0xcdef
    25c4:	e28dd004 	add	sp, sp, #4
    25c8:	e49df004 	pop	{pc}		@ (ldr pc, [sp], #4)
    25cc:	e59d0000 	ldr	r0, [sp]
    25d0:	e59d1004 	ldr	r1, [sp, #4]
    25d4:	e59fcbfc 	ldr	ip, [pc, #3068]	@ 0x31d8
    25d8:	e12fff3c 	blx	ip
    25dc:	e28dd008 	add	sp, sp, #8
    25e0:	e12fff10 	bx	r0
    25e4:	e92d4040 	push	{r6, lr}
    25e8:	e24dd008 	sub	sp, sp, #8
    25ec:	e58d0000 	str	r0, [sp]
    25f0:	e30cc123 	movw	ip, #49443	@ 0xc123
    25f4:	e34cc456 	movt	ip, #50262	@ 0xc456
    25f8:	e59f0bdc 	ldr	r0, [pc, #3036]	@ 0x31dc
    25fc:	e1a01004 	mov	r1, r4
    2600:	e59d2000 	ldr	r2, [sp]
    2604:	e59fcbd4 	ldr	ip, [pc, #3028]	@ 0x31e0
    2608:	e12fff3c 	blx	ip
    260c:	e3500000 	cmp	r0, #0
    2610:	1a000046 	bne	0x2730
    2614:	e5940008 	ldr	r0, [r4, #8]
    2618:	e1a02000 	mov	r2, r0
    261c:	e5951030 	ldr	r1, [r5, #48]	@ 0x30
    2620:	e59fcb94 	ldr	ip, [pc, #2964]	@ 0x31bc
    2624:	e152000c 	cmp	r2, ip
    2628:	8a00003d 	bhi	0x2724
    262c:	e7910002 	ldr	r0, [r1, r2]
    2630:	e1a06000 	mov	r6, r0
    2634:	e3500000 	cmp	r0, #0
    2638:	0a000013 	beq	0x268c
    263c:	e5846000 	str	r6, [r4]
    2640:	e3a009fe 	mov	r0, #4161536	@ 0x3f8000
    2644:	e3800dec 	orr	r0, r0, #236, 26	@ 0x3b00
    2648:	e1a01004 	mov	r1, r4
    264c:	e59d2000 	ldr	r2, [sp]
    2650:	e59fcb8c 	ldr	ip, [pc, #2956]	@ 0x31e4
    2654:	e12fff3c 	blx	ip
    2658:	e3500000 	cmp	r0, #0
    265c:	1a000033 	bne	0x2730
    2660:	e1a02006 	mov	r2, r6
    2664:	e5951030 	ldr	r1, [r5, #48]	@ 0x30
    2668:	e2922038 	adds	r2, r2, #56	@ 0x38
    266c:	2a00002c 	bcs	0x2724
    2670:	e59fcb44 	ldr	ip, [pc, #2884]	@ 0x31bc
    2674:	e152000c 	cmp	r2, ip
    2678:	8a000029 	bhi	0x2724
    267c:	e7910002 	ldr	r0, [r1, r2]
    2680:	e1a06000 	mov	r6, r0
    2684:	e3500000 	cmp	r0, #0
    2688:	1affffeb 	bne	0x263c
    268c:	e5951030 	ldr	r1, [r5, #48]	@ 0x30
    2690:	e281cb48 	add	ip, r1, #72, 22	@ 0x12000
    2694:	e51c0f7c 	ldr	r0, [ip, #-3964]	@ 0xfffff084
    2698:	e5840008 	str	r0, [r4, #8]
    269c:	e59f0b44 	ldr	r0, [pc, #2884]	@ 0x31e8
    26a0:	e1a01004 	mov	r1, r4
    26a4:	e59d2000 	ldr	r2, [sp]
    26a8:	e59fcb3c 	ldr	ip, [pc, #2876]	@ 0x31ec
    26ac:	e12fff3c 	blx	ip
    26b0:	e3500000 	cmp	r0, #0
    26b4:	1a00001d 	bne	0x2730
    26b8:	e5951030 	ldr	r1, [r5, #48]	@ 0x30
    26bc:	e281cb40 	add	ip, r1, #64, 22	@ 0x10000
    26c0:	e59c0bb8 	ldr	r0, [ip, #3000]	@ 0xbb8
    26c4:	e5840008 	str	r0, [r4, #8]
    26c8:	e59f0b20 	ldr	r0, [pc, #2848]	@ 0x31f0
    26cc:	e1a01004 	mov	r1, r4
    26d0:	e59d2000 	ldr	r2, [sp]
    26d4:	e59fcb18 	ldr	ip, [pc, #2840]	@ 0x31f4
    26d8:	e12fff3c 	blx	ip
    26dc:	e3500000 	cmp	r0, #0
    26e0:	1a000012 	bne	0x2730
    26e4:	e5951030 	ldr	r1, [r5, #48]	@ 0x30
    26e8:	e281cb40 	add	ip, r1, #64, 22	@ 0x10000
    26ec:	e59c0c50 	ldr	r0, [ip, #3152]	@ 0xc50
    26f0:	e5840008 	str	r0, [r4, #8]
    26f4:	e59f0afc 	ldr	r0, [pc, #2812]	@ 0x31f8
    26f8:	e1a01004 	mov	r1, r4
    26fc:	e59d2000 	ldr	r2, [sp]
    2700:	e59fcaf4 	ldr	ip, [pc, #2804]	@ 0x31fc
    2704:	e12fff3c 	blx	ip
    2708:	e3500000 	cmp	r0, #0
    270c:	1a000007 	bne	0x2730
    2710:	e59f0ae8 	ldr	r0, [pc, #2792]	@ 0x3200
    2714:	e30ccabc 	movw	ip, #51900	@ 0xcabc
    2718:	e34ccdef 	movt	ip, #52719	@ 0xcdef
    271c:	e28dd008 	add	sp, sp, #8
    2720:	e8bd8040 	pop	{r6, pc}
    2724:	e3a00008 	mov	r0, #8
    2728:	e59d1000 	ldr	r1, [sp]
    272c:	e5810010 	str	r0, [r1, #16]
    2730:	e59d0000 	ldr	r0, [sp]
    2734:	e59d100c 	ldr	r1, [sp, #12]
    2738:	e59fcac4 	ldr	ip, [pc, #2756]	@ 0x3204
    273c:	e12fff3c 	blx	ip
    2740:	e59d6008 	ldr	r6, [sp, #8]
    2744:	e28dd010 	add	sp, sp, #16
    2748:	e12fff10 	bx	r0
    274c:	e92d40c0 	push	{r6, r7, lr}
    2750:	e24dd004 	sub	sp, sp, #4
    2754:	e58d0000 	str	r0, [sp]
    2758:	e30cc123 	movw	ip, #49443	@ 0xc123
    275c:	e34cc456 	movt	ip, #50262	@ 0xc456
    2760:	e5946000 	ldr	r6, [r4]
    2764:	e3560000 	cmp	r6, #0
    2768:	0a000064 	beq	0x2900
    276c:	e1a02006 	mov	r2, r6
    2770:	e5951030 	ldr	r1, [r5, #48]	@ 0x30
    2774:	e292204c 	adds	r2, r2, #76	@ 0x4c
    2778:	2a000066 	bcs	0x2918
    277c:	e59fca38 	ldr	ip, [pc, #2616]	@ 0x31bc
    2780:	e152000c 	cmp	r2, ip
    2784:	8a000063 	bhi	0x2918
    2788:	e7910002 	ldr	r0, [r1, r2]
    278c:	e3500000 	cmp	r0, #0
    2790:	ba000007 	blt	0x27b4
    2794:	e5846000 	str	r6, [r4]
    2798:	e59f0a68 	ldr	r0, [pc, #2664]	@ 0x3208
    279c:	e1a01004 	mov	r1, r4
    27a0:	e59d2000 	ldr	r2, [sp]
    27a4:	e59fca60 	ldr	ip, [pc, #2656]	@ 0x320c
    27a8:	e12fff3c 	blx	ip
    27ac:	e3500000 	cmp	r0, #0
    27b0:	1a00005b 	bne	0x2924
    27b4:	e1a02006 	mov	r2, r6
    27b8:	e5951030 	ldr	r1, [r5, #48]	@ 0x30
    27bc:	e2922014 	adds	r2, r2, #20
    27c0:	2a000054 	bcs	0x2918
    27c4:	e59fc9f0 	ldr	ip, [pc, #2544]	@ 0x31bc
    27c8:	e152000c 	cmp	r2, ip
    27cc:	8a000051 	bhi	0x2918
    27d0:	e7910002 	ldr	r0, [r1, r2]
    27d4:	e1a03006 	mov	r3, r6
    27d8:	e5952030 	ldr	r2, [r5, #48]	@ 0x30
    27dc:	e293301c 	adds	r3, r3, #28
    27e0:	2a00004c 	bcs	0x2918
    27e4:	e59fc9d0 	ldr	ip, [pc, #2512]	@ 0x31bc
    27e8:	e153000c 	cmp	r3, ip
    27ec:	8a000049 	bhi	0x2918
    27f0:	e7921003 	ldr	r1, [r2, r3]
    27f4:	e1500001 	cmp	r0, r1
    27f8:	0a000014 	beq	0x2850
    27fc:	e1a02006 	mov	r2, r6
    2800:	e5951030 	ldr	r1, [r5, #48]	@ 0x30
    2804:	e2922024 	adds	r2, r2, #36	@ 0x24
    2808:	2a000042 	bcs	0x2918
    280c:	e59fc9a8 	ldr	ip, [pc, #2472]	@ 0x31bc
    2810:	e152000c 	cmp	r2, ip
    2814:	8a00003f 	bhi	0x2918
    2818:	e7910002 	ldr	r0, [r1, r2]
    281c:	e5846000 	str	r6, [r4]
    2820:	e3a0e000 	mov	lr, #0
    2824:	e584e00c 	str	lr, [r4, #12]
    2828:	e3a0e000 	mov	lr, #0
    282c:	e584e00c 	str	lr, [r4, #12]
    2830:	e5840020 	str	r0, [r4, #32]
    2834:	e59f09d4 	ldr	r0, [pc, #2516]	@ 0x3210
    2838:	e1a01004 	mov	r1, r4
    283c:	e59d2000 	ldr	r2, [sp]
    2840:	e59fc9cc 	ldr	ip, [pc, #2508]	@ 0x3214
    2844:	e12fff3c 	blx	ip
    2848:	e3500000 	cmp	r0, #0
    284c:	1a000034 	bne	0x2924
    2850:	e1a02006 	mov	r2, r6
    2854:	e5951030 	ldr	r1, [r5, #48]	@ 0x30
    2858:	e2922004 	adds	r2, r2, #4
    285c:	2a00002d 	bcs	0x2918
    2860:	e59fc954 	ldr	ip, [pc, #2388]	@ 0x31bc
    2864:	e152000c 	cmp	r2, ip
    2868:	8a00002a 	bhi	0x2918
    286c:	e7910002 	ldr	r0, [r1, r2]
    2870:	e1a01000 	mov	r1, r0
    2874:	e1a07006 	mov	r7, r6
    2878:	e5953030 	ldr	r3, [r5, #48]	@ 0x30
    287c:	e2977008 	adds	r7, r7, #8
    2880:	2a000024 	bcs	0x2918
    2884:	e59fc930 	ldr	ip, [pc, #2352]	@ 0x31bc
    2888:	e157000c 	cmp	r7, ip
    288c:	8a000021 	bhi	0x2918
    2890:	e7932007 	ldr	r2, [r3, r7]
    2894:	e1a03002 	mov	r3, r2
    2898:	e1500002 	cmp	r0, r2
    289c:	0a000017 	beq	0x2900
    28a0:	e0411003 	sub	r1, r1, r3
    28a4:	e1a00001 	mov	r0, r1
    28a8:	e1a01fc0 	asr	r1, r0, #31
    28ac:	e1a07006 	mov	r7, r6
    28b0:	e5953030 	ldr	r3, [r5, #48]	@ 0x30
    28b4:	e2977028 	adds	r7, r7, #40	@ 0x28
    28b8:	2a000016 	bcs	0x2918
    28bc:	e59fc8f8 	ldr	ip, [pc, #2296]	@ 0x31bc
    28c0:	e157000c 	cmp	r7, ip
    28c4:	8a000013 	bhi	0x2918
    28c8:	e7932007 	ldr	r2, [r3, r7]
    28cc:	e5846000 	str	r6, [r4]
    28d0:	e5840018 	str	r0, [r4, #24]
    28d4:	e584101c 	str	r1, [r4, #28]
    28d8:	e3a0e001 	mov	lr, #1
    28dc:	e584e010 	str	lr, [r4, #16]
    28e0:	e5842024 	str	r2, [r4, #36]	@ 0x24
    28e4:	e59f092c 	ldr	r0, [pc, #2348]	@ 0x3218
    28e8:	e1a01004 	mov	r1, r4
    28ec:	e59d2000 	ldr	r2, [sp]
    28f0:	e59fc924 	ldr	ip, [pc, #2340]	@ 0x321c
    28f4:	e12fff3c 	blx	ip
    28f8:	e3500000 	cmp	r0, #0
    28fc:	1a000008 	bne	0x2924
    2900:	e3a009fe 	mov	r0, #4161536	@ 0x3f8000
    2904:	e3800d53 	orr	r0, r0, #5312	@ 0x14c0
    2908:	e30ccabc 	movw	ip, #51900	@ 0xcabc
    290c:	e34ccdef 	movt	ip, #52719	@ 0xcdef
    2910:	e28dd004 	add	sp, sp, #4
    2914:	e8bd80c0 	pop	{r6, r7, pc}
    2918:	e3a00008 	mov	r0, #8
    291c:	e59d1000 	ldr	r1, [sp]
    2920:	e5810010 	str	r0, [r1, #16]
    2924:	e59d0000 	ldr	r0, [sp]
    2928:	e59d100c 	ldr	r1, [sp, #12]
    292c:	e59fc8ec 	ldr	ip, [pc, #2284]	@ 0x3220
    2930:	e12fff3c 	blx	ip
    2934:	e28dd004 	add	sp, sp, #4
    2938:	e8bd00c0 	pop	{r6, r7}
    293c:	e28dd004 	add	sp, sp, #4
    2940:	e12fff10 	bx	r0
    2944:	e92d4040 	push	{r6, lr}
    2948:	e24dd008 	sub	sp, sp, #8
    294c:	e58d0000 	str	r0, [sp]
    2950:	e30cc123 	movw	ip, #49443	@ 0xc123
    2954:	e34cc456 	movt	ip, #50262	@ 0xc456
    2958:	e5940000 	ldr	r0, [r4]
    295c:	e1a03000 	mov	r3, r0
    2960:	e5952030 	ldr	r2, [r5, #48]	@ 0x30
    2964:	e2933048 	adds	r3, r3, #72	@ 0x48
    2968:	2a00005e 	bcs	0x2ae8
    296c:	e59fc848 	ldr	ip, [pc, #2120]	@ 0x31bc
    2970:	e153000c 	cmp	r3, ip
    2974:	8a00005b 	bhi	0x2ae8
    2978:	e7921003 	ldr	r1, [r2, r3]
    297c:	e1a02001 	mov	r2, r1
    2980:	e2411001 	sub	r1, r1, #1
    2984:	e1811002 	orr	r1, r1, r2
    2988:	e1a03000 	mov	r3, r0
    298c:	e5952030 	ldr	r2, [r5, #48]	@ 0x30
    2990:	e2933048 	adds	r3, r3, #72	@ 0x48
    2994:	2a000053 	bcs	0x2ae8
    2998:	e59fc81c 	ldr	ip, [pc, #2076]	@ 0x31bc
    299c:	e153000c 	cmp	r3, ip
    29a0:	8a000050 	bhi	0x2ae8
    29a4:	e7821003 	str	r1, [r2, r3]
    29a8:	e1a03000 	mov	r3, r0
    29ac:	e5952030 	ldr	r2, [r5, #48]	@ 0x30
    29b0:	e59fc804 	ldr	ip, [pc, #2052]	@ 0x31bc
    29b4:	e153000c 	cmp	r3, ip
    29b8:	8a00004a 	bhi	0x2ae8
    29bc:	e7921003 	ldr	r1, [r2, r3]
    29c0:	e1a02001 	mov	r2, r1
    29c4:	e3110008 	tst	r1, #8
    29c8:	0a00000a 	beq	0x29f8
    29cc:	e3822020 	orr	r2, r2, #32
    29d0:	e1a03000 	mov	r3, r0
    29d4:	e5951030 	ldr	r1, [r5, #48]	@ 0x30
    29d8:	e59fc7dc 	ldr	ip, [pc, #2012]	@ 0x31bc
    29dc:	e153000c 	cmp	r3, ip
    29e0:	8a000040 	bhi	0x2ae8
    29e4:	e7812003 	str	r2, [r1, r3]
    29e8:	e3e0e000 	mvn	lr, #0
    29ec:	e584e008 	str	lr, [r4, #8]
    29f0:	e59f082c 	ldr	r0, [pc, #2092]	@ 0x3224
    29f4:	ea000039 	b	0x2ae0
    29f8:	e1a02000 	mov	r2, r0
    29fc:	e5951030 	ldr	r1, [r5, #48]	@ 0x30
    2a00:	e2922004 	adds	r2, r2, #4
    2a04:	2a000037 	bcs	0x2ae8
    2a08:	e59fc7b0 	ldr	ip, [pc, #1968]	@ 0x31c0
    2a0c:	e152000c 	cmp	r2, ip
    2a10:	8a000034 	bhi	0x2ae8
    2a14:	e0811002 	add	r1, r1, r2
    2a18:	e3a02000 	mov	r2, #0
    2a1c:	e3a03000 	mov	r3, #0
    2a20:	e5813000 	str	r3, [r1]
    2a24:	e5812004 	str	r2, [r1, #4]
    2a28:	e1a03000 	mov	r3, r0
    2a2c:	e5952030 	ldr	r2, [r5, #48]	@ 0x30
    2a30:	e293302c 	adds	r3, r3, #44	@ 0x2c
    2a34:	2a00002b 	bcs	0x2ae8
    2a38:	e59fc77c 	ldr	ip, [pc, #1916]	@ 0x31bc
    2a3c:	e153000c 	cmp	r3, ip
    2a40:	8a000028 	bhi	0x2ae8
    2a44:	e7921003 	ldr	r1, [r2, r3]
    2a48:	e1a02001 	mov	r2, r1
    2a4c:	e1a06000 	mov	r6, r0
    2a50:	e5953030 	ldr	r3, [r5, #48]	@ 0x30
    2a54:	e296601c 	adds	r6, r6, #28
    2a58:	2a000022 	bcs	0x2ae8
    2a5c:	e59fc758 	ldr	ip, [pc, #1880]	@ 0x31bc
    2a60:	e156000c 	cmp	r6, ip
    2a64:	8a00001f 	bhi	0x2ae8
    2a68:	e7831006 	str	r1, [r3, r6]
    2a6c:	e1a03000 	mov	r3, r0
    2a70:	e5951030 	ldr	r1, [r5, #48]	@ 0x30
    2a74:	e2933014 	adds	r3, r3, #20
    2a78:	2a00001a 	bcs	0x2ae8
    2a7c:	e59fc738 	ldr	ip, [pc, #1848]	@ 0x31bc
    2a80:	e153000c 	cmp	r3, ip
    2a84:	8a000017 	bhi	0x2ae8
    2a88:	e7812003 	str	r2, [r1, r3]
    2a8c:	e1a06000 	mov	r6, r0
    2a90:	e5953030 	ldr	r3, [r5, #48]	@ 0x30
    2a94:	e2966030 	adds	r6, r6, #48	@ 0x30
    2a98:	2a000012 	bcs	0x2ae8
    2a9c:	e59fc718 	ldr	ip, [pc, #1816]	@ 0x31bc
    2aa0:	e156000c 	cmp	r6, ip
    2aa4:	8a00000f 	bhi	0x2ae8
    2aa8:	e7931006 	ldr	r1, [r3, r6]
    2aac:	e0822001 	add	r2, r2, r1
    2ab0:	e5951030 	ldr	r1, [r5, #48]	@ 0x30
    2ab4:	e2900010 	adds	r0, r0, #16
    2ab8:	2a00000a 	bcs	0x2ae8
    2abc:	e59fc6f8 	ldr	ip, [pc, #1784]	@ 0x31bc
    2ac0:	e150000c 	cmp	r0, ip
    2ac4:	8a000007 	bhi	0x2ae8
    2ac8:	e7812000 	str	r2, [r1, r0]
    2acc:	e3a0e000 	mov	lr, #0
    2ad0:	e584e01c 	str	lr, [r4, #28]
    2ad4:	e59f074c 	ldr	r0, [pc, #1868]	@ 0x3228
    2ad8:	e30ccabc 	movw	ip, #51900	@ 0xcabc
    2adc:	e34ccdef 	movt	ip, #52719	@ 0xcdef
    2ae0:	e28dd008 	add	sp, sp, #8
    2ae4:	e8bd8040 	pop	{r6, pc}
    2ae8:	e3a00008 	mov	r0, #8
    2aec:	e59d1000 	ldr	r1, [sp]
    2af0:	e5810010 	str	r0, [r1, #16]
    2af4:	e59d0000 	ldr	r0, [sp]
    2af8:	e59d100c 	ldr	r1, [sp, #12]
    2afc:	e59fc728 	ldr	ip, [pc, #1832]	@ 0x322c
    2b00:	e12fff3c 	blx	ip
    2b04:	e59d6008 	ldr	r6, [sp, #8]
    2b08:	e28dd010 	add	sp, sp, #16
    2b0c:	e12fff10 	bx	r0
    2b10:	e92d43c0 	push	{r6, r7, r8, r9, lr}
    2b14:	e24dd004 	sub	sp, sp, #4
    2b18:	e58d0000 	str	r0, [sp]
    2b1c:	e30cc123 	movw	ip, #49443	@ 0xc123
    2b20:	e34cc456 	movt	ip, #50262	@ 0xc456
    2b24:	e5940000 	ldr	r0, [r4]
    2b28:	e5941004 	ldr	r1, [r4, #4]
    2b2c:	e5942008 	ldr	r2, [r4, #8]
    2b30:	e3520000 	cmp	r2, #0
    2b34:	e3a03000 	mov	r3, #0
    2b38:	13a03001 	movne	r3, #1
    2b3c:	e3100003 	tst	r0, #3
    2b40:	0a000016 	beq	0x2ba0
    2b44:	e3520000 	cmp	r2, #0
    2b48:	0a000014 	beq	0x2ba0
    2b4c:	e20160ff 	and	r6, r1, #255	@ 0xff
    2b50:	e1a09000 	mov	r9, r0
    2b54:	e5958030 	ldr	r8, [r5, #48]	@ 0x30
    2b58:	e3e0c4fe 	mvn	ip, #-33554432	@ 0xfe000000
    2b5c:	e3ccc8fe 	bic	ip, ip, #16646144	@ 0xfe0000
    2b60:	e159000c 	cmp	r9, ip
    2b64:	8a00004e 	bhi	0x2ca4
    2b68:	e7d87009 	ldrb	r7, [r8, r9]
    2b6c:	e1570006 	cmp	r7, r6
    2b70:	0a000032 	beq	0x2c40
    2b74:	e2427001 	sub	r7, r2, #1
    2b78:	e1a02007 	mov	r2, r7
    2b7c:	e3570000 	cmp	r7, #0
    2b80:	e3a03000 	mov	r3, #0
    2b84:	13a03001 	movne	r3, #1
    2b88:	e2807001 	add	r7, r0, #1
    2b8c:	e1a00007 	mov	r0, r7
    2b90:	e3170003 	tst	r7, #3
    2b94:	0a000001 	beq	0x2ba0
    2b98:	e3520000 	cmp	r2, #0
    2b9c:	1affffeb 	bne	0x2b50
    2ba0:	e3530000 	cmp	r3, #0
    2ba4:	0a000037 	beq	0x2c88
    2ba8:	e1a07000 	mov	r7, r0
    2bac:	e5956030 	ldr	r6, [r5, #48]	@ 0x30
    2bb0:	e3e0c4fe 	mvn	ip, #-33554432	@ 0xfe000000
    2bb4:	e3ccc8fe 	bic	ip, ip, #16646144	@ 0xfe0000
    2bb8:	e157000c 	cmp	r7, ip
    2bbc:	8a000038 	bhi	0x2ca4
    2bc0:	e7d63007 	ldrb	r3, [r6, r7]
    2bc4:	e20160ff 	and	r6, r1, #255	@ 0xff
    2bc8:	e1530006 	cmp	r3, r6
    2bcc:	0a000019 	beq	0x2c38
    2bd0:	e3520004 	cmp	r2, #4
    2bd4:	3a000017 	bcc	0x2c38
    2bd8:	e20130ff 	and	r3, r1, #255	@ 0xff
    2bdc:	e59fc5d4 	ldr	ip, [pc, #1492]	@ 0x31b8
    2be0:	e0030c93 	mul	r3, r3, ip
    2be4:	e1a08000 	mov	r8, r0
    2be8:	e5957030 	ldr	r7, [r5, #48]	@ 0x30
    2bec:	e59fc5c8 	ldr	ip, [pc, #1480]	@ 0x31bc
    2bf0:	e158000c 	cmp	r8, ip
    2bf4:	8a00002a 	bhi	0x2ca4
    2bf8:	e7976008 	ldr	r6, [r7, r8]
    2bfc:	e0266003 	eor	r6, r6, r3
    2c00:	e1a07006 	mov	r7, r6
    2c04:	e59fc624 	ldr	ip, [pc, #1572]	@ 0x3230
    2c08:	e04c6006 	sub	r6, ip, r6
    2c0c:	e1866007 	orr	r6, r6, r7
    2c10:	e59fc61c 	ldr	ip, [pc, #1564]	@ 0x3234
    2c14:	e006600c 	and	r6, r6, ip
    2c18:	e59fc614 	ldr	ip, [pc, #1556]	@ 0x3234
    2c1c:	e156000c 	cmp	r6, ip
    2c20:	1a000006 	bne	0x2c40
    2c24:	e2800004 	add	r0, r0, #4
    2c28:	e2426004 	sub	r6, r2, #4
    2c2c:	e1a02006 	mov	r2, r6
    2c30:	e3560003 	cmp	r6, #3
    2c34:	8affffea 	bhi	0x2be4
    2c38:	e3520000 	cmp	r2, #0
    2c3c:	0a000011 	beq	0x2c88
    2c40:	e20110ff 	and	r1, r1, #255	@ 0xff
    2c44:	e1a07000 	mov	r7, r0
    2c48:	e5956030 	ldr	r6, [r5, #48]	@ 0x30
    2c4c:	e3e0c4fe 	mvn	ip, #-33554432	@ 0xfe000000
    2c50:	e3ccc8fe 	bic	ip, ip, #16646144	@ 0xfe0000
    2c54:	e157000c 	cmp	r7, ip
    2c58:	8a000011 	bhi	0x2ca4
    2c5c:	e7d63007 	ldrb	r3, [r6, r7]
    2c60:	e1530001 	cmp	r3, r1
    2c64:	1a000002 	bne	0x2c74
    2c68:	e5840000 	str	r0, [r4]
    2c6c:	e59f05c4 	ldr	r0, [pc, #1476]	@ 0x3238
    2c70:	ea000009 	b	0x2c9c
    2c74:	e2800001 	add	r0, r0, #1
    2c78:	e2423001 	sub	r3, r2, #1
    2c7c:	e1a02003 	mov	r2, r3
    2c80:	e3530000 	cmp	r3, #0
    2c84:	1affffee 	bne	0x2c44
    2c88:	e3a0e000 	mov	lr, #0
    2c8c:	e584e018 	str	lr, [r4, #24]
    2c90:	e59f05a4 	ldr	r0, [pc, #1444]	@ 0x323c
    2c94:	e30ccabc 	movw	ip, #51900	@ 0xcabc
    2c98:	e34ccdef 	movt	ip, #52719	@ 0xcdef
    2c9c:	e28dd004 	add	sp, sp, #4
    2ca0:	e8bd83c0 	pop	{r6, r7, r8, r9, pc}
    2ca4:	e3a00008 	mov	r0, #8
    2ca8:	e59d1000 	ldr	r1, [sp]
    2cac:	e5810010 	str	r0, [r1, #16]
    2cb0:	e59d0000 	ldr	r0, [sp]
    2cb4:	e59d1014 	ldr	r1, [sp, #20]
    2cb8:	e59fc580 	ldr	ip, [pc, #1408]	@ 0x3240
    2cbc:	e12fff3c 	blx	ip
    2cc0:	e28dd004 	add	sp, sp, #4
    2cc4:	e8bd03c0 	pop	{r6, r7, r8, r9}
    2cc8:	e28dd004 	add	sp, sp, #4
    2ccc:	e12fff10 	bx	r0
    2cd0:	e92d40c0 	push	{r6, r7, lr}
    2cd4:	e24dd004 	sub	sp, sp, #4
    2cd8:	e58d0000 	str	r0, [sp]
    2cdc:	e30cc123 	movw	ip, #49443	@ 0xc123
    2ce0:	e34cc456 	movt	ip, #50262	@ 0xc456
    2ce4:	e5946000 	ldr	r6, [r4]
    2ce8:	e5947004 	ldr	r7, [r4, #4]
    2cec:	e5846000 	str	r6, [r4]
    2cf0:	e3a0e000 	mov	lr, #0
    2cf4:	e584e00c 	str	lr, [r4, #12]
    2cf8:	e5847004 	str	r7, [r4, #4]
    2cfc:	e59f0540 	ldr	r0, [pc, #1344]	@ 0x3244
    2d00:	e1a01004 	mov	r1, r4
    2d04:	e59d2000 	ldr	r2, [sp]
    2d08:	e59fc538 	ldr	ip, [pc, #1336]	@ 0x3248
    2d0c:	e12fff3c 	blx	ip
    2d10:	e3500000 	cmp	r0, #0
    2d14:	1a00000a 	bne	0x2d44
    2d18:	e5940010 	ldr	r0, [r4, #16]
    2d1c:	e1a01000 	mov	r1, r0
    2d20:	e0400006 	sub	r0, r0, r6
    2d24:	e3510000 	cmp	r1, #0
    2d28:	01a00007 	moveq	r0, r7
    2d2c:	e5840010 	str	r0, [r4, #16]
    2d30:	e59f0514 	ldr	r0, [pc, #1300]	@ 0x324c
    2d34:	e30ccabc 	movw	ip, #51900	@ 0xcabc
    2d38:	e34ccdef 	movt	ip, #52719	@ 0xcdef
    2d3c:	e28dd004 	add	sp, sp, #4
    2d40:	e8bd80c0 	pop	{r6, r7, pc}
    2d44:	e59d0000 	ldr	r0, [sp]
    2d48:	e59d100c 	ldr	r1, [sp, #12]
    2d4c:	e59fc4fc 	ldr	ip, [pc, #1276]	@ 0x3250
    2d50:	e12fff3c 	blx	ip
    2d54:	e28dd004 	add	sp, sp, #4
    2d58:	e8bd00c0 	pop	{r6, r7}
    2d5c:	e28dd004 	add	sp, sp, #4
    2d60:	e12fff10 	bx	r0
    2d64:	e92d43c0 	push	{r6, r7, r8, r9, lr}
    2d68:	e24dd004 	sub	sp, sp, #4
    2d6c:	e58d0000 	str	r0, [sp]
    2d70:	e30cc123 	movw	ip, #49443	@ 0xc123
    2d74:	e34cc456 	movt	ip, #50262	@ 0xc456
    2d78:	ed940b00 	vldr	d0, [r4]
    2d7c:	e5946008 	ldr	r6, [r4, #8]
    2d80:	ec510a10 	vmov	r0, r1, s0, s1
    2d84:	e1a02000 	mov	r2, r0
    2d88:	e1a03001 	mov	r3, r1
    2d8c:	e1a00a21 	lsr	r0, r1, #20
    2d90:	e3a01000 	mov	r1, #0
    2d94:	e3a0cc07 	mov	ip, #1792	@ 0x700
    2d98:	e38cc0ff 	orr	ip, ip, #255	@ 0xff
    2d9c:	e000000c 	and	r0, r0, ip
    2da0:	e1a01000 	mov	r1, r0
    2da4:	e3a0cc07 	mov	ip, #1792	@ 0x700
    2da8:	e38cc0ff 	orr	ip, ip, #255	@ 0xff
    2dac:	e150000c 	cmp	r0, ip
    2db0:	0a000037 	beq	0x2e94
    2db4:	e3510000 	cmp	r1, #0
    2db8:	1a000026 	bne	0x2e58
    2dbc:	e3a0c000 	mov	ip, #0
    2dc0:	ec4cca11 	vmov	s2, s3, ip, ip
    2dc4:	eeb40b41 	vcmp.f64	d0, d1
    2dc8:	eef1fa10 	vmrs	APSR_nzcv, fpscr
    2dcc:	1a000001 	bne	0x2dd8
    2dd0:	e3a00000 	mov	r0, #0
    2dd4:	ea000016 	b	0x2e34
    2dd8:	e3a0c000 	mov	ip, #0
    2ddc:	e3a0e204 	mov	lr, #4, 4	@ 0x40000000
    2de0:	e38ee63f 	orr	lr, lr, #66060288	@ 0x3f00000
    2de4:	ec4eca11 	vmov	s2, s3, ip, lr
    2de8:	ee202b01 	vmul.f64	d2, d0, d1
    2dec:	ed842b0f 	vstr	d2, [r4, #60]	@ 0x3c
    2df0:	e5846008 	str	r6, [r4, #8]
    2df4:	e59f0458 	ldr	r0, [pc, #1112]	@ 0x3254
    2df8:	e1a01004 	mov	r1, r4
    2dfc:	e59d2000 	ldr	r2, [sp]
    2e00:	e59fc450 	ldr	ip, [pc, #1104]	@ 0x3258
    2e04:	e12fff3c 	blx	ip
    2e08:	e3500000 	cmp	r0, #0
    2e0c:	1a000029 	bne	0x2eb8
    2e10:	ed941b0f 	vldr	d1, [r4, #60]	@ 0x3c
    2e14:	eeb00b41 	vmov.f64	d0, d1
    2e18:	e1a09006 	mov	r9, r6
    2e1c:	e5958030 	ldr	r8, [r5, #48]	@ 0x30
    2e20:	e59fc394 	ldr	ip, [pc, #916]	@ 0x31bc
    2e24:	e159000c 	cmp	r9, ip
    2e28:	8a00001f 	bhi	0x2eac
    2e2c:	e7987009 	ldr	r7, [r8, r9]
    2e30:	e2470040 	sub	r0, r7, #64	@ 0x40
    2e34:	e1a08006 	mov	r8, r6
    2e38:	e5957030 	ldr	r7, [r5, #48]	@ 0x30
    2e3c:	e59fc378 	ldr	ip, [pc, #888]	@ 0x31bc
    2e40:	e158000c 	cmp	r8, ip
    2e44:	8a000018 	bhi	0x2eac
    2e48:	e7870008 	str	r0, [r7, r8]
    2e4c:	ed840b00 	vstr	d0, [r4]
    2e50:	e59f0404 	ldr	r0, [pc, #1028]	@ 0x325c
    2e54:	ea000012 	b	0x2ea4
    2e58:	e2411c03 	sub	r1, r1, #768	@ 0x300
    2e5c:	e24110fe 	sub	r1, r1, #254	@ 0xfe
    2e60:	e5950030 	ldr	r0, [r5, #48]	@ 0x30
    2e64:	e59fc350 	ldr	ip, [pc, #848]	@ 0x31bc
    2e68:	e156000c 	cmp	r6, ip
    2e6c:	8a00000e 	bhi	0x2eac
    2e70:	e7801006 	str	r1, [r0, r6]
    2e74:	e3c22000 	bic	r2, r2, #0
    2e78:	e3e0c207 	mvn	ip, #1879048192	@ 0x70000000
    2e7c:	e3ccc6ff 	bic	ip, ip, #267386880	@ 0xff00000
    2e80:	e003300c 	and	r3, r3, ip
    2e84:	e3822000 	orr	r2, r2, #0
    2e88:	e3833203 	orr	r3, r3, #805306368	@ 0x30000000
    2e8c:	e38336fe 	orr	r3, r3, #266338304	@ 0xfe00000
    2e90:	ec432a10 	vmov	s0, s1, r2, r3
    2e94:	ed840b00 	vstr	d0, [r4]
    2e98:	e59f03c0 	ldr	r0, [pc, #960]	@ 0x3260
    2e9c:	e30ccabc 	movw	ip, #51900	@ 0xcabc
    2ea0:	e34ccdef 	movt	ip, #52719	@ 0xcdef
    2ea4:	e28dd004 	add	sp, sp, #4
    2ea8:	e8bd83c0 	pop	{r6, r7, r8, r9, pc}
    2eac:	e3a00008 	mov	r0, #8
    2eb0:	e59d1000 	ldr	r1, [sp]
    2eb4:	e5810010 	str	r0, [r1, #16]
    2eb8:	e59d0000 	ldr	r0, [sp]
    2ebc:	e59d1014 	ldr	r1, [sp, #20]
    2ec0:	e59fc39c 	ldr	ip, [pc, #924]	@ 0x3264
    2ec4:	e12fff3c 	blx	ip
    2ec8:	e28dd004 	add	sp, sp, #4
    2ecc:	e8bd03c0 	pop	{r6, r7, r8, r9}
    2ed0:	e28dd004 	add	sp, sp, #4
    2ed4:	e12fff10 	bx	r0
    2ed8:	e92d4fc0 	push	{r6, r7, r8, r9, sl, fp, lr}
    2edc:	e24dd004 	sub	sp, sp, #4
    2ee0:	e58d0000 	str	r0, [sp]
    2ee4:	e30cc123 	movw	ip, #49443	@ 0xc123
    2ee8:	e34cc456 	movt	ip, #50262	@ 0xc456
    2eec:	e5946000 	ldr	r6, [r4]
    2ef0:	e5947004 	ldr	r7, [r4, #4]
    2ef4:	e5948008 	ldr	r8, [r4, #8]
    2ef8:	e1a02008 	mov	r2, r8
    2efc:	e5951030 	ldr	r1, [r5, #48]	@ 0x30
    2f00:	e2922010 	adds	r2, r2, #16
    2f04:	2a00009f 	bcs	0x3188
    2f08:	e59fc2ac 	ldr	ip, [pc, #684]	@ 0x31bc
    2f0c:	e152000c 	cmp	r2, ip
    2f10:	8a00009c 	bhi	0x3188
    2f14:	e7910002 	ldr	r0, [r1, r2]
    2f18:	e1a01000 	mov	r1, r0
    2f1c:	e3500000 	cmp	r0, #0
    2f20:	1a000013 	bne	0x2f74
    2f24:	e3a09000 	mov	r9, #0
    2f28:	e5848008 	str	r8, [r4, #8]
    2f2c:	e59f0334 	ldr	r0, [pc, #820]	@ 0x3268
    2f30:	e1a01004 	mov	r1, r4
    2f34:	e59d2000 	ldr	r2, [sp]
    2f38:	e59fc32c 	ldr	ip, [pc, #812]	@ 0x326c
    2f3c:	e12fff3c 	blx	ip
    2f40:	e3500000 	cmp	r0, #0
    2f44:	1a000092 	bne	0x3194
    2f48:	e5940024 	ldr	r0, [r4, #36]	@ 0x24
    2f4c:	e3500000 	cmp	r0, #0
    2f50:	1a000086 	bne	0x3170
    2f54:	e1a02008 	mov	r2, r8
    2f58:	e5950030 	ldr	r0, [r5, #48]	@ 0x30
    2f5c:	e2922010 	adds	r2, r2, #16
    2f60:	2a000088 	bcs	0x3188
    2f64:	e59fc250 	ldr	ip, [pc, #592]	@ 0x31bc
    2f68:	e152000c 	cmp	r2, ip
    2f6c:	8a000085 	bhi	0x3188
    2f70:	e7901002 	ldr	r1, [r0, r2]
    2f74:	e1a03008 	mov	r3, r8
    2f78:	e5952030 	ldr	r2, [r5, #48]	@ 0x30
    2f7c:	e2933014 	adds	r3, r3, #20
    2f80:	2a000080 	bcs	0x3188
    2f84:	e59fc230 	ldr	ip, [pc, #560]	@ 0x31bc
    2f88:	e153000c 	cmp	r3, ip
    2f8c:	8a00007d 	bhi	0x3188
    2f90:	e7920003 	ldr	r0, [r2, r3]
    2f94:	e1a02000 	mov	r2, r0
    2f98:	e0411000 	sub	r1, r1, r0
    2f9c:	e1570001 	cmp	r7, r1
    2fa0:	9a000016 	bls	0x3000
    2fa4:	e1a03008 	mov	r3, r8
    2fa8:	e5951030 	ldr	r1, [r5, #48]	@ 0x30
    2fac:	e2933024 	adds	r3, r3, #36	@ 0x24
    2fb0:	2a000074 	bcs	0x3188
    2fb4:	e59fc200 	ldr	ip, [pc, #512]	@ 0x31bc
    2fb8:	e153000c 	cmp	r3, ip
    2fbc:	8a000071 	bhi	0x3188
    2fc0:	e7910003 	ldr	r0, [r1, r3]
    2fc4:	e5848008 	str	r8, [r4, #8]
    2fc8:	e5846000 	str	r6, [r4]
    2fcc:	e5847004 	str	r7, [r4, #4]
    2fd0:	e5840030 	str	r0, [r4, #48]	@ 0x30
    2fd4:	e59f0294 	ldr	r0, [pc, #660]	@ 0x3270
    2fd8:	e1a01004 	mov	r1, r4
    2fdc:	e59d2000 	ldr	r2, [sp]
    2fe0:	e59fc28c 	ldr	ip, [pc, #652]	@ 0x3274
    2fe4:	e12fff3c 	blx	ip
    2fe8:	e3500000 	cmp	r0, #0
    2fec:	1a000068 	bne	0x3194
    2ff0:	e5940024 	ldr	r0, [r4, #36]	@ 0x24
    2ff4:	e5840024 	str	r0, [r4, #36]	@ 0x24
    2ff8:	e59f0278 	ldr	r0, [pc, #632]	@ 0x3278
    2ffc:	ea00005f 	b	0x3180
    3000:	e1a03008 	mov	r3, r8
    3004:	e5951030 	ldr	r1, [r5, #48]	@ 0x30
    3008:	e2933050 	adds	r3, r3, #80	@ 0x50
    300c:	2a00005d 	bcs	0x3188
    3010:	e59fc1a4 	ldr	ip, [pc, #420]	@ 0x31bc
    3014:	e153000c 	cmp	r3, ip
    3018:	8a00005a 	bhi	0x3188
    301c:	e7910003 	ldr	r0, [r1, r3]
    3020:	e3500000 	cmp	r0, #0
    3024:	ba000034 	blt	0x30fc
    3028:	e3570000 	cmp	r7, #0
    302c:	0a000032 	beq	0x30fc
    3030:	e1a0a007 	mov	sl, r7
    3034:	e086000a 	add	r0, r6, sl
    3038:	e1a0b000 	mov	fp, r0
    303c:	e2400001 	sub	r0, r0, #1
    3040:	e1a03000 	mov	r3, r0
    3044:	e5951030 	ldr	r1, [r5, #48]	@ 0x30
    3048:	e3e0c4fe 	mvn	ip, #-33554432	@ 0xfe000000
    304c:	e3ccc8fe 	bic	ip, ip, #16646144	@ 0xfe0000
    3050:	e153000c 	cmp	r3, ip
    3054:	8a00004b 	bhi	0x3188
    3058:	e7d10003 	ldrb	r0, [r1, r3]
    305c:	e350000a 	cmp	r0, #10
    3060:	0a000004 	beq	0x3078
    3064:	e24a0001 	sub	r0, sl, #1
    3068:	e1a0a000 	mov	sl, r0
    306c:	e3500000 	cmp	r0, #0
    3070:	0a000021 	beq	0x30fc
    3074:	eaffffee 	b	0x3034
    3078:	e1a03008 	mov	r3, r8
    307c:	e5951030 	ldr	r1, [r5, #48]	@ 0x30
    3080:	e2933024 	adds	r3, r3, #36	@ 0x24
    3084:	2a00003f 	bcs	0x3188
    3088:	e59fc12c 	ldr	ip, [pc, #300]	@ 0x31bc
    308c:	e153000c 	cmp	r3, ip
    3090:	8a00003c 	bhi	0x3188
    3094:	e7910003 	ldr	r0, [r1, r3]
    3098:	e5848008 	str	r8, [r4, #8]
    309c:	e5846000 	str	r6, [r4]
    30a0:	e584a00c 	str	sl, [r4, #12]
    30a4:	e5840030 	str	r0, [r4, #48]	@ 0x30
    30a8:	e59f01cc 	ldr	r0, [pc, #460]	@ 0x327c
    30ac:	e1a01004 	mov	r1, r4
    30b0:	e59d2000 	ldr	r2, [sp]
    30b4:	e59fc1c4 	ldr	ip, [pc, #452]	@ 0x3280
    30b8:	e12fff3c 	blx	ip
    30bc:	e3500000 	cmp	r0, #0
    30c0:	1a000033 	bne	0x3194
    30c4:	e5940024 	ldr	r0, [r4, #36]	@ 0x24
    30c8:	e1a09000 	mov	r9, r0
    30cc:	e150000a 	cmp	r0, sl
    30d0:	3a000026 	bcc	0x3170
    30d4:	e047700a 	sub	r7, r7, sl
    30d8:	e1a01008 	mov	r1, r8
    30dc:	e5950030 	ldr	r0, [r5, #48]	@ 0x30
    30e0:	e2911014 	adds	r1, r1, #20
    30e4:	2a000027 	bcs	0x3188
    30e8:	e59fc0cc 	ldr	ip, [pc, #204]	@ 0x31bc
    30ec:	e151000c 	cmp	r1, ip
    30f0:	8a000024 	bhi	0x3188
    30f4:	e7902001 	ldr	r2, [r0, r1]
    30f8:	ea000001 	b	0x3104
    30fc:	e1a0b006 	mov	fp, r6
    3100:	e3a0a000 	mov	sl, #0
    3104:	e5842010 	str	r2, [r4, #16]
    3108:	e584b014 	str	fp, [r4, #20]
    310c:	e5847004 	str	r7, [r4, #4]
    3110:	e59f016c 	ldr	r0, [pc, #364]	@ 0x3284
    3114:	e1a01004 	mov	r1, r4
    3118:	e59d2000 	ldr	r2, [sp]
    311c:	e59fc164 	ldr	ip, [pc, #356]	@ 0x3288
    3120:	e12fff3c 	blx	ip
    3124:	e3500000 	cmp	r0, #0
    3128:	1a000019 	bne	0x3194
    312c:	e1a02008 	mov	r2, r8
    3130:	e5951030 	ldr	r1, [r5, #48]	@ 0x30
    3134:	e2922014 	adds	r2, r2, #20
    3138:	2a000012 	bcs	0x3188
    313c:	e59fc078 	ldr	ip, [pc, #120]	@ 0x31bc
    3140:	e152000c 	cmp	r2, ip
    3144:	8a00000f 	bhi	0x3188
    3148:	e7910002 	ldr	r0, [r1, r2]
    314c:	e0800007 	add	r0, r0, r7
    3150:	e5951030 	ldr	r1, [r5, #48]	@ 0x30
    3154:	e2988014 	adds	r8, r8, #20
    3158:	2a00000a 	bcs	0x3188
    315c:	e59fc058 	ldr	ip, [pc, #88]	@ 0x31bc
    3160:	e158000c 	cmp	r8, ip
    3164:	8a000007 	bhi	0x3188
    3168:	e7810008 	str	r0, [r1, r8]
    316c:	e08a9007 	add	r9, sl, r7
    3170:	e5849010 	str	r9, [r4, #16]
    3174:	e59f0110 	ldr	r0, [pc, #272]	@ 0x328c
    3178:	e30ccabc 	movw	ip, #51900	@ 0xcabc
    317c:	e34ccdef 	movt	ip, #52719	@ 0xcdef
    3180:	e28dd004 	add	sp, sp, #4
    3184:	e8bd8fc0 	pop	{r6, r7, r8, r9, sl, fp, pc}
    3188:	e3a00008 	mov	r0, #8
    318c:	e59d1000 	ldr	r1, [sp]
    3190:	e5810010 	str	r0, [r1, #16]
    3194:	e59d0000 	ldr	r0, [sp]
    3198:	e59d101c 	ldr	r1, [sp, #28]
    319c:	ea00003b 	b	0x3290
	...
    31b8:	01010101 	tsteq	r1, r1, lsl #2
    31bc:	0101fffc 	strdeq	pc, [r1, -ip]
    31c0:	0101fff8 	strdeq	pc, [r1, -r8]
    31c4:	00047eac 	andeq	r7, r4, ip, lsr #29
    31c8:	003fa3a0 	eorseq	sl, pc, r0, lsr #7
    31cc:	003f9bf0 	ldrshteq	r9, [pc], -r0
    31d0:	000487b4 			@ <UNDEFINED> instruction: 0x000487b4
    31d4:	003f9c08 	eorseq	r9, pc, r8, lsl #24
    31d8:	00047eac 	andeq	r7, r4, ip, lsr #29
    31dc:	003fbad4 	ldrsbteq	fp, [pc], -r4
    31e0:	000487b4 			@ <UNDEFINED> instruction: 0x000487b4
    31e4:	000487b4 			@ <UNDEFINED> instruction: 0x000487b4
    31e8:	003fbb3c 	eorseq	fp, pc, ip, lsr fp	@ <UNPREDICTABLE>
    31ec:	000487b4 			@ <UNDEFINED> instruction: 0x000487b4
    31f0:	003fbb58 	eorseq	fp, pc, r8, asr fp	@ <UNPREDICTABLE>
    31f4:	000487b4 			@ <UNDEFINED> instruction: 0x000487b4
    31f8:	003fbb74 	eorseq	fp, pc, r4, ror fp	@ <UNPREDICTABLE>
    31fc:	000487b4 			@ <UNDEFINED> instruction: 0x000487b4
    3200:	003fbb8c 	eorseq	fp, pc, ip, lsl #23
    3204:	00047eac 	andeq	r7, r4, ip, lsr #29
    3208:	003f93d0 	ldrsbteq	r9, [pc], -r0
    320c:	000487b4 			@ <UNDEFINED> instruction: 0x000487b4
    3210:	003f941c 	eorseq	r9, pc, ip, lsl r4	@ <UNPREDICTABLE>
    3214:	00048af0 	strdeq	r8, [r4], -r0
    3218:	003f9498 	mlaseq	pc, r8, r4, r9	@ <UNPREDICTABLE>
    321c:	00048af0 	strdeq	r8, [r4], -r0
    3220:	00047eac 	andeq	r7, r4, ip, lsr #29
    3224:	003fa974 	eorseq	sl, pc, r4, ror r9	@ <UNPREDICTABLE>
    3228:	003fa9dc 	ldrsbteq	sl, [pc], -ip
    322c:	00047eac 	andeq	r7, r4, ip, lsr #29
    3230:	01010100 	mrseq	r0, (UNDEF: 17)
    3234:	80808080 	addhi	r8, r0, r0, lsl #1
    3238:	003fd61c 	eorseq	sp, pc, ip, lsl r6	@ <UNPREDICTABLE>
    323c:	003fd654 	eorseq	sp, pc, r4, asr r6	@ <UNPREDICTABLE>
    3240:	00047eac 	andeq	r7, r4, ip, lsr #29
    3244:	003f2204 	eorseq	r2, pc, r4, lsl #4
    3248:	000487b4 			@ <UNDEFINED> instruction: 0x000487b4
    324c:	003f2244 	eorseq	r2, pc, r4, asr #4
    3250:	00047eac 	andeq	r7, r4, ip, lsr #29
    3254:	003fb794 	mlaseq	pc, r4, r7, fp	@ <UNPREDICTABLE>
    3258:	000487b4 			@ <UNDEFINED> instruction: 0x000487b4
    325c:	003fb7d8 	ldrsbteq	fp, [pc], -r8
    3260:	003fb844 	eorseq	fp, pc, r4, asr #16
    3264:	00047eac 	andeq	r7, r4, ip, lsr #29
    3268:	003fdef4 	ldrshteq	sp, [pc], -r4
    326c:	000487b4 			@ <UNDEFINED> instruction: 0x000487b4
    3270:	003fdf60 	eorseq	sp, pc, r0, ror #30
    3274:	00048af0 	strdeq	r8, [r4], -r0
    3278:	003fdf84 	eorseq	sp, pc, r4, lsl #31
    327c:	003fe038 	eorseq	lr, pc, r8, lsr r0	@ <UNPREDICTABLE>
    3280:	00048af0 	strdeq	r8, [r4], -r0
    3284:	003fe0a4 	eorseq	lr, pc, r4, lsr #1
    3288:	000487b4 			@ <UNDEFINED> instruction: 0x000487b4
    328c:	003fe0f0 	ldrshteq	lr, [pc], -r0
    3290:	e59fcfe0 	ldr	ip, [pc, #4064]	@ 0x4278
    3294:	e12fff3c 	blx	ip
    3298:	e28dd004 	add	sp, sp, #4
    329c:	e8bd0fc0 	pop	{r6, r7, r8, r9, sl, fp}
    32a0:	e28dd004 	add	sp, sp, #4
    32a4:	e12fff10 	bx	r0
    32a8:	e92d4fc0 	push	{r6, r7, r8, r9, sl, fp, lr}
    32ac:	e24dd004 	sub	sp, sp, #4
    32b0:	e58d0000 	str	r0, [sp]
    32b4:	e30cc123 	movw	ip, #49443	@ 0xc123
    32b8:	e34cc456 	movt	ip, #50262	@ 0xc456
    32bc:	e5947004 	ldr	r7, [r4, #4]
    32c0:	e5940008 	ldr	r0, [r4, #8]
    32c4:	e594800c 	ldr	r8, [r4, #12]
    32c8:	e5949010 	ldr	r9, [r4, #16]
    32cc:	e595e03c 	ldr	lr, [r5, #60]	@ 0x3c
    32d0:	e59e1008 	ldr	r1, [lr, #8]
    32d4:	e24110d0 	sub	r1, r1, #208	@ 0xd0
    32d8:	e5841014 	str	r1, [r4, #20]
    32dc:	e595203c 	ldr	r2, [r5, #60]	@ 0x3c
    32e0:	e5821008 	str	r1, [r2, #8]
    32e4:	e5942014 	ldr	r2, [r4, #20]
    32e8:	e5951030 	ldr	r1, [r5, #48]	@ 0x30
    32ec:	e29220cc 	adds	r2, r2, #204	@ 0xcc
    32f0:	2a00012f 	bcs	0x37b4
    32f4:	e59fcf80 	ldr	ip, [pc, #3968]	@ 0x427c
    32f8:	e152000c 	cmp	r2, ip
    32fc:	8a00012c 	bhi	0x37b4
    3300:	e7810002 	str	r0, [r1, r2]
    3304:	e594c014 	ldr	ip, [r4, #20]
    3308:	e28c00a0 	add	r0, ip, #160	@ 0xa0
    330c:	e3a01000 	mov	r1, #0
    3310:	e3a02028 	mov	r2, #40	@ 0x28
    3314:	e5953028 	ldr	r3, [r5, #40]	@ 0x28
    3318:	e59fcf60 	ldr	ip, [pc, #3936]	@ 0x4280
    331c:	e12fff3c 	blx	ip
    3320:	e3500000 	cmp	r0, #0
    3324:	1a000123 	bne	0x37b8
    3328:	e5942014 	ldr	r2, [r4, #20]
    332c:	e5951030 	ldr	r1, [r5, #48]	@ 0x30
    3330:	e29220cc 	adds	r2, r2, #204	@ 0xcc
    3334:	2a00011e 	bcs	0x37b4
    3338:	e59fcf3c 	ldr	ip, [pc, #3900]	@ 0x427c
    333c:	e152000c 	cmp	r2, ip
    3340:	8a00011b 	bhi	0x37b4
    3344:	e7910002 	ldr	r0, [r1, r2]
    3348:	e5942014 	ldr	r2, [r4, #20]
    334c:	e5951030 	ldr	r1, [r5, #48]	@ 0x30
    3350:	e29220c8 	adds	r2, r2, #200	@ 0xc8
    3354:	2a000116 	bcs	0x37b4
    3358:	e59fcf1c 	ldr	ip, [pc, #3868]	@ 0x427c
    335c:	e152000c 	cmp	r2, ip
    3360:	8a000113 	bhi	0x37b4
    3364:	e7810002 	str	r0, [r1, r2]
    3368:	e594c014 	ldr	ip, [r4, #20]
    336c:	e28c00c8 	add	r0, ip, #200	@ 0xc8
    3370:	e594c014 	ldr	ip, [r4, #20]
    3374:	e28c1050 	add	r1, ip, #80	@ 0x50
    3378:	e594c014 	ldr	ip, [r4, #20]
    337c:	e28c20a0 	add	r2, ip, #160	@ 0xa0
    3380:	e3a0e000 	mov	lr, #0
    3384:	e584e024 	str	lr, [r4, #36]	@ 0x24
    3388:	e5847004 	str	r7, [r4, #4]
    338c:	e5840044 	str	r0, [r4, #68]	@ 0x44
    3390:	e5841048 	str	r1, [r4, #72]	@ 0x48
    3394:	e584204c 	str	r2, [r4, #76]	@ 0x4c
    3398:	e584800c 	str	r8, [r4, #12]
    339c:	e5849010 	str	r9, [r4, #16]
    33a0:	e59f0edc 	ldr	r0, [pc, #3804]	@ 0x4284
    33a4:	e1a01004 	mov	r1, r4
    33a8:	e59d2000 	ldr	r2, [sp]
    33ac:	e59fced4 	ldr	ip, [pc, #3796]	@ 0x4288
    33b0:	e12fff3c 	blx	ip
    33b4:	e3500000 	cmp	r0, #0
    33b8:	1a000100 	bne	0x37c0
    33bc:	e594003c 	ldr	r0, [r4, #60]	@ 0x3c
    33c0:	e3500000 	cmp	r0, #0
    33c4:	aa000002 	bge	0x33d4
    33c8:	e3e0e000 	mvn	lr, #0
    33cc:	e584e010 	str	lr, [r4, #16]
    33d0:	ea0000ee 	b	0x3790
    33d4:	e5942000 	ldr	r2, [r4]
    33d8:	e5951030 	ldr	r1, [r5, #48]	@ 0x30
    33dc:	e292204c 	adds	r2, r2, #76	@ 0x4c
    33e0:	2a0000f3 	bcs	0x37b4
    33e4:	e59fce90 	ldr	ip, [pc, #3728]	@ 0x427c
    33e8:	e152000c 	cmp	r2, ip
    33ec:	8a0000f0 	bhi	0x37b4
    33f0:	e7910002 	ldr	r0, [r1, r2]
    33f4:	e3500000 	cmp	r0, #0
    33f8:	aa000002 	bge	0x3408
    33fc:	e3a0e001 	mov	lr, #1
    3400:	e584e018 	str	lr, [r4, #24]
    3404:	ea00000b 	b	0x3438
    3408:	e59f0e7c 	ldr	r0, [pc, #3708]	@ 0x428c
    340c:	e1a01004 	mov	r1, r4
    3410:	e59d2000 	ldr	r2, [sp]
    3414:	e59fce74 	ldr	ip, [pc, #3700]	@ 0x4290
    3418:	e12fff3c 	blx	ip
    341c:	e3500000 	cmp	r0, #0
    3420:	1a0000e6 	bne	0x37c0
    3424:	e594003c 	ldr	r0, [r4, #60]	@ 0x3c
    3428:	e3500000 	cmp	r0, #0
    342c:	e3a0c000 	mov	ip, #0
    3430:	03a0c001 	moveq	ip, #1
    3434:	e584c018 	str	ip, [r4, #24]
    3438:	e5942000 	ldr	r2, [r4]
    343c:	e5951030 	ldr	r1, [r5, #48]	@ 0x30
    3440:	e59fce34 	ldr	ip, [pc, #3636]	@ 0x427c
    3444:	e152000c 	cmp	r2, ip
    3448:	8a0000d9 	bhi	0x37b4
    344c:	e7910002 	ldr	r0, [r1, r2]
    3450:	e1a0a000 	mov	sl, r0
    3454:	e3c00020 	bic	r0, r0, #32
    3458:	e5942000 	ldr	r2, [r4]
    345c:	e5951030 	ldr	r1, [r5, #48]	@ 0x30
    3460:	e59fce14 	ldr	ip, [pc, #3604]	@ 0x427c
    3464:	e152000c 	cmp	r2, ip
    3468:	8a0000d1 	bhi	0x37b4
    346c:	e7810002 	str	r0, [r1, r2]
    3470:	e5942000 	ldr	r2, [r4]
    3474:	e5951030 	ldr	r1, [r5, #48]	@ 0x30
    3478:	e2922030 	adds	r2, r2, #48	@ 0x30
    347c:	2a0000cc 	bcs	0x37b4
    3480:	e59fcdf4 	ldr	ip, [pc, #3572]	@ 0x427c
    3484:	e152000c 	cmp	r2, ip
    3488:	8a0000c9 	bhi	0x37b4
    348c:	e7910002 	ldr	r0, [r1, r2]
    3490:	e3500000 	cmp	r0, #0
    3494:	1a00002f 	bne	0x3558
    3498:	e5941000 	ldr	r1, [r4]
    349c:	e5950030 	ldr	r0, [r5, #48]	@ 0x30
    34a0:	e2911030 	adds	r1, r1, #48	@ 0x30
    34a4:	2a0000c2 	bcs	0x37b4
    34a8:	e59fcdcc 	ldr	ip, [pc, #3532]	@ 0x427c
    34ac:	e151000c 	cmp	r1, ip
    34b0:	8a0000bf 	bhi	0x37b4
    34b4:	e3a0e050 	mov	lr, #80	@ 0x50
    34b8:	e780e001 	str	lr, [r0, r1]
    34bc:	e5941000 	ldr	r1, [r4]
    34c0:	e5950030 	ldr	r0, [r5, #48]	@ 0x30
    34c4:	e291101c 	adds	r1, r1, #28
    34c8:	2a0000b9 	bcs	0x37b4
    34cc:	e59fcda8 	ldr	ip, [pc, #3496]	@ 0x427c
    34d0:	e151000c 	cmp	r1, ip
    34d4:	8a0000b6 	bhi	0x37b4
    34d8:	e3a0e000 	mov	lr, #0
    34dc:	e780e001 	str	lr, [r0, r1]
    34e0:	e5941000 	ldr	r1, [r4]
    34e4:	e5950030 	ldr	r0, [r5, #48]	@ 0x30
    34e8:	e2911010 	adds	r1, r1, #16
    34ec:	2a0000b0 	bcs	0x37b4
    34f0:	e59fcd9c 	ldr	ip, [pc, #3484]	@ 0x4294
    34f4:	e151000c 	cmp	r1, ip
    34f8:	8a0000ad 	bhi	0x37b4
    34fc:	e0800001 	add	r0, r0, r1
    3500:	e3a01000 	mov	r1, #0
    3504:	e3a02000 	mov	r2, #0
    3508:	e5802000 	str	r2, [r0]
    350c:	e5801004 	str	r1, [r0, #4]
    3510:	e5941000 	ldr	r1, [r4]
    3514:	e5950030 	ldr	r0, [r5, #48]	@ 0x30
    3518:	e291102c 	adds	r1, r1, #44	@ 0x2c
    351c:	2a0000a4 	bcs	0x37b4
    3520:	e59fcd54 	ldr	ip, [pc, #3412]	@ 0x427c
    3524:	e151000c 	cmp	r1, ip
    3528:	8a0000a1 	bhi	0x37b4
    352c:	e7906001 	ldr	r6, [r0, r1]
    3530:	e5941000 	ldr	r1, [r4]
    3534:	e5950030 	ldr	r0, [r5, #48]	@ 0x30
    3538:	e5942014 	ldr	r2, [r4, #20]
    353c:	e291102c 	adds	r1, r1, #44	@ 0x2c
    3540:	2a00009b 	bcs	0x37b4
    3544:	e59fcd30 	ldr	ip, [pc, #3376]	@ 0x427c
    3548:	e151000c 	cmp	r1, ip
    354c:	8a000098 	bhi	0x37b4
    3550:	e7802001 	str	r2, [r0, r1]
    3554:	ea00000a 	b	0x3584
    3558:	e3a06000 	mov	r6, #0
    355c:	e5942000 	ldr	r2, [r4]
    3560:	e5951030 	ldr	r1, [r5, #48]	@ 0x30
    3564:	e2922010 	adds	r2, r2, #16
    3568:	2a000091 	bcs	0x37b4
    356c:	e59fcd08 	ldr	ip, [pc, #3336]	@ 0x427c
    3570:	e152000c 	cmp	r2, ip
    3574:	8a00008e 	bhi	0x37b4
    3578:	e7910002 	ldr	r0, [r1, r2]
    357c:	e3500000 	cmp	r0, #0
    3580:	1a00000a 	bne	0x35b0
    3584:	e3e0b000 	mvn	fp, #0
    3588:	e59f0d08 	ldr	r0, [pc, #3336]	@ 0x4298
    358c:	e1a01004 	mov	r1, r4
    3590:	e59d2000 	ldr	r2, [sp]
    3594:	e59fcd00 	ldr	ip, [pc, #3328]	@ 0x429c
    3598:	e12fff3c 	blx	ip
    359c:	e3500000 	cmp	r0, #0
    35a0:	1a000086 	bne	0x37c0
    35a4:	e594003c 	ldr	r0, [r4, #60]	@ 0x3c
    35a8:	e3500000 	cmp	r0, #0
    35ac:	1a000014 	bne	0x3604
    35b0:	e594c014 	ldr	ip, [r4, #20]
    35b4:	e28c00c8 	add	r0, ip, #200	@ 0xc8
    35b8:	e594c014 	ldr	ip, [r4, #20]
    35bc:	e28c1050 	add	r1, ip, #80	@ 0x50
    35c0:	e594c014 	ldr	ip, [r4, #20]
    35c4:	e28c20a0 	add	r2, ip, #160	@ 0xa0
    35c8:	e5847004 	str	r7, [r4, #4]
    35cc:	e5840044 	str	r0, [r4, #68]	@ 0x44
    35d0:	e5841048 	str	r1, [r4, #72]	@ 0x48
    35d4:	e584204c 	str	r2, [r4, #76]	@ 0x4c
    35d8:	e584800c 	str	r8, [r4, #12]
    35dc:	e5849010 	str	r9, [r4, #16]
    35e0:	e59f0cb8 	ldr	r0, [pc, #3256]	@ 0x42a0
    35e4:	e1a01004 	mov	r1, r4
    35e8:	e59d2000 	ldr	r2, [sp]
    35ec:	e59fccb0 	ldr	ip, [pc, #3248]	@ 0x42a4
    35f0:	e12fff3c 	blx	ip
    35f4:	e3500000 	cmp	r0, #0
    35f8:	1a000070 	bne	0x37c0
    35fc:	e594003c 	ldr	r0, [r4, #60]	@ 0x3c
    3600:	e1a0b000 	mov	fp, r0
    3604:	e20aa020 	and	sl, sl, #32
    3608:	e3560000 	cmp	r6, #0
    360c:	0a000043 	beq	0x3720
    3610:	e5942000 	ldr	r2, [r4]
    3614:	e5951030 	ldr	r1, [r5, #48]	@ 0x30
    3618:	e2922024 	adds	r2, r2, #36	@ 0x24
    361c:	2a000064 	bcs	0x37b4
    3620:	e59fcc54 	ldr	ip, [pc, #3156]	@ 0x427c
    3624:	e152000c 	cmp	r2, ip
    3628:	8a000061 	bhi	0x37b4
    362c:	e7910002 	ldr	r0, [r1, r2]
    3630:	e3a0e000 	mov	lr, #0
    3634:	e584e024 	str	lr, [r4, #36]	@ 0x24
    3638:	e3a0e000 	mov	lr, #0
    363c:	e584e024 	str	lr, [r4, #36]	@ 0x24
    3640:	e5840048 	str	r0, [r4, #72]	@ 0x48
    3644:	e59f0c5c 	ldr	r0, [pc, #3164]	@ 0x42a8
    3648:	e1a01004 	mov	r1, r4
    364c:	e59d2000 	ldr	r2, [sp]
    3650:	e59fcc54 	ldr	ip, [pc, #3156]	@ 0x42ac
    3654:	e12fff3c 	blx	ip
    3658:	e3500000 	cmp	r0, #0
    365c:	1a000057 	bne	0x37c0
    3660:	e5941000 	ldr	r1, [r4]
    3664:	e5950030 	ldr	r0, [r5, #48]	@ 0x30
    3668:	e2911030 	adds	r1, r1, #48	@ 0x30
    366c:	2a000050 	bcs	0x37b4
    3670:	e59fcc04 	ldr	ip, [pc, #3076]	@ 0x427c
    3674:	e151000c 	cmp	r1, ip
    3678:	8a00004d 	bhi	0x37b4
    367c:	e3a0e000 	mov	lr, #0
    3680:	e780e001 	str	lr, [r0, r1]
    3684:	e5941000 	ldr	r1, [r4]
    3688:	e5950030 	ldr	r0, [r5, #48]	@ 0x30
    368c:	e291102c 	adds	r1, r1, #44	@ 0x2c
    3690:	2a000047 	bcs	0x37b4
    3694:	e59fcbe0 	ldr	ip, [pc, #3040]	@ 0x427c
    3698:	e151000c 	cmp	r1, ip
    369c:	8a000044 	bhi	0x37b4
    36a0:	e7806001 	str	r6, [r0, r1]
    36a4:	e5941000 	ldr	r1, [r4]
    36a8:	e5950030 	ldr	r0, [r5, #48]	@ 0x30
    36ac:	e291101c 	adds	r1, r1, #28
    36b0:	2a00003f 	bcs	0x37b4
    36b4:	e59fcbc0 	ldr	ip, [pc, #3008]	@ 0x427c
    36b8:	e151000c 	cmp	r1, ip
    36bc:	8a00003c 	bhi	0x37b4
    36c0:	e3a0e000 	mov	lr, #0
    36c4:	e780e001 	str	lr, [r0, r1]
    36c8:	e5942000 	ldr	r2, [r4]
    36cc:	e5951030 	ldr	r1, [r5, #48]	@ 0x30
    36d0:	e2922014 	adds	r2, r2, #20
    36d4:	2a000036 	bcs	0x37b4
    36d8:	e59fcb9c 	ldr	ip, [pc, #2972]	@ 0x427c
    36dc:	e152000c 	cmp	r2, ip
    36e0:	8a000033 	bhi	0x37b4
    36e4:	e7910002 	ldr	r0, [r1, r2]
    36e8:	e5942000 	ldr	r2, [r4]
    36ec:	e5951030 	ldr	r1, [r5, #48]	@ 0x30
    36f0:	e2922010 	adds	r2, r2, #16
    36f4:	2a00002e 	bcs	0x37b4
    36f8:	e59fcb94 	ldr	ip, [pc, #2964]	@ 0x4294
    36fc:	e152000c 	cmp	r2, ip
    3700:	8a00002b 	bhi	0x37b4
    3704:	e0811002 	add	r1, r1, r2
    3708:	e3a02000 	mov	r2, #0
    370c:	e3a03000 	mov	r3, #0
    3710:	e5813000 	str	r3, [r1]
    3714:	e5812004 	str	r2, [r1, #4]
    3718:	e3500000 	cmp	r0, #0
    371c:	03e0b000 	mvneq	fp, #0
    3720:	e5942000 	ldr	r2, [r4]
    3724:	e5951030 	ldr	r1, [r5, #48]	@ 0x30
    3728:	e59fcb4c 	ldr	ip, [pc, #2892]	@ 0x427c
    372c:	e152000c 	cmp	r2, ip
    3730:	8a00001f 	bhi	0x37b4
    3734:	e7910002 	ldr	r0, [r1, r2]
    3738:	e1a01000 	mov	r1, r0
    373c:	e180000a 	orr	r0, r0, sl
    3740:	e5943000 	ldr	r3, [r4]
    3744:	e5952030 	ldr	r2, [r5, #48]	@ 0x30
    3748:	e59fcb2c 	ldr	ip, [pc, #2860]	@ 0x427c
    374c:	e153000c 	cmp	r3, ip
    3750:	8a000017 	bhi	0x37b4
    3754:	e7820003 	str	r0, [r2, r3]
    3758:	e3110020 	tst	r1, #32
    375c:	e3e0e000 	mvn	lr, #0
    3760:	01a0e00b 	moveq	lr, fp
    3764:	e584e010 	str	lr, [r4, #16]
    3768:	e594c018 	ldr	ip, [r4, #24]
    376c:	e35c0000 	cmp	ip, #0
    3770:	1a000006 	bne	0x3790
    3774:	e59f0b34 	ldr	r0, [pc, #2868]	@ 0x42b0
    3778:	e1a01004 	mov	r1, r4
    377c:	e59d2000 	ldr	r2, [sp]
    3780:	e59fcb2c 	ldr	ip, [pc, #2860]	@ 0x42b4
    3784:	e12fff3c 	blx	ip
    3788:	e3500000 	cmp	r0, #0
    378c:	1a00000b 	bne	0x37c0
    3790:	e594c014 	ldr	ip, [r4, #20]
    3794:	e28c00d0 	add	r0, ip, #208	@ 0xd0
    3798:	e595103c 	ldr	r1, [r5, #60]	@ 0x3c
    379c:	e5810008 	str	r0, [r1, #8]
    37a0:	e59f0b10 	ldr	r0, [pc, #2832]	@ 0x42b8
    37a4:	e30ccabc 	movw	ip, #51900	@ 0xcabc
    37a8:	e34ccdef 	movt	ip, #52719	@ 0xcdef
    37ac:	e28dd004 	add	sp, sp, #4
    37b0:	e8bd8fc0 	pop	{r6, r7, r8, r9, sl, fp, pc}
    37b4:	e3a00008 	mov	r0, #8
    37b8:	e59d1000 	ldr	r1, [sp]
    37bc:	e5810010 	str	r0, [r1, #16]
    37c0:	e59d0000 	ldr	r0, [sp]
    37c4:	e59d101c 	ldr	r1, [sp, #28]
    37c8:	e59fcaec 	ldr	ip, [pc, #2796]	@ 0x42bc
    37cc:	e12fff3c 	blx	ip
    37d0:	e28dd004 	add	sp, sp, #4
    37d4:	e8bd0fc0 	pop	{r6, r7, r8, r9, sl, fp}
    37d8:	e28dd004 	add	sp, sp, #4
    37dc:	e12fff10 	bx	r0
    37e0:	e92d4fc0 	push	{r6, r7, r8, r9, sl, fp, lr}
    37e4:	e24dd004 	sub	sp, sp, #4
    37e8:	e58d0000 	str	r0, [sp]
    37ec:	e30cc123 	movw	ip, #49443	@ 0xc123
    37f0:	e34cc456 	movt	ip, #50262	@ 0xc456
    37f4:	e595e03c 	ldr	lr, [r5, #60]	@ 0x3c
    37f8:	e59e0008 	ldr	r0, [lr, #8]
    37fc:	e2400040 	sub	r0, r0, #64	@ 0x40
    3800:	e584001c 	str	r0, [r4, #28]
    3804:	e595103c 	ldr	r1, [r5, #60]	@ 0x3c
    3808:	e5810008 	str	r0, [r1, #8]
    380c:	e594101c 	ldr	r1, [r4, #28]
    3810:	e5950030 	ldr	r0, [r5, #48]	@ 0x30
    3814:	e5942004 	ldr	r2, [r4, #4]
    3818:	e291103c 	adds	r1, r1, #60	@ 0x3c
    381c:	2a00060d 	bcs	0x5058
    3820:	e59fca54 	ldr	ip, [pc, #2644]	@ 0x427c
    3824:	e151000c 	cmp	r1, ip
    3828:	8a00060a 	bhi	0x5058
    382c:	e7802001 	str	r2, [r0, r1]
    3830:	e594c01c 	ldr	ip, [r4, #28]
    3834:	e28ce029 	add	lr, ip, #41	@ 0x29
    3838:	e584e020 	str	lr, [r4, #32]
    383c:	e594c01c 	ldr	ip, [r4, #28]
    3840:	e28ce027 	add	lr, ip, #39	@ 0x27
    3844:	e584e024 	str	lr, [r4, #36]	@ 0x24
    3848:	e594c01c 	ldr	ip, [r4, #28]
    384c:	e28ce028 	add	lr, ip, #40	@ 0x28
    3850:	e584e028 	str	lr, [r4, #40]	@ 0x28
    3854:	e3a0e000 	mov	lr, #0
    3858:	e584e02c 	str	lr, [r4, #44]	@ 0x2c
    385c:	e3a0e000 	mov	lr, #0
    3860:	e584e030 	str	lr, [r4, #48]	@ 0x30
    3864:	e3a0e000 	mov	lr, #0
    3868:	e584e034 	str	lr, [r4, #52]	@ 0x34
    386c:	e594e004 	ldr	lr, [r4, #4]
    3870:	e584e038 	str	lr, [r4, #56]	@ 0x38
    3874:	e594c030 	ldr	ip, [r4, #48]	@ 0x30
    3878:	e3e0e480 	mvn	lr, #128, 8	@ 0x80000000
    387c:	e02c000e 	eor	r0, ip, lr
    3880:	e594c034 	ldr	ip, [r4, #52]	@ 0x34
    3884:	e15c0000 	cmp	ip, r0
    3888:	ca0005d7 	bgt	0x4fec
    388c:	e594e030 	ldr	lr, [r4, #48]	@ 0x30
    3890:	e594c034 	ldr	ip, [r4, #52]	@ 0x34
    3894:	e08ce00e 	add	lr, ip, lr
    3898:	e584e030 	str	lr, [r4, #48]	@ 0x30
    389c:	e594e038 	ldr	lr, [r4, #56]	@ 0x38
    38a0:	e584e034 	str	lr, [r4, #52]	@ 0x34
    38a4:	e5943038 	ldr	r3, [r4, #56]	@ 0x38
    38a8:	e5952030 	ldr	r2, [r5, #48]	@ 0x30
    38ac:	e3e0c4fe 	mvn	ip, #-33554432	@ 0xfe000000
    38b0:	e3ccc8fe 	bic	ip, ip, #16646144	@ 0xfe0000
    38b4:	e153000c 	cmp	r3, ip
    38b8:	8a0005e6 	bhi	0x5058
    38bc:	e7d21003 	ldrb	r1, [r2, r3]
    38c0:	e584103c 	str	r1, [r4, #60]	@ 0x3c
    38c4:	e3510000 	cmp	r1, #0
    38c8:	0a00050b 	beq	0x4cfc
    38cc:	e594c03c 	ldr	ip, [r4, #60]	@ 0x3c
    38d0:	e20c10ff 	and	r1, ip, #255	@ 0xff
    38d4:	e1a03001 	mov	r3, r1
    38d8:	e3510000 	cmp	r1, #0
    38dc:	1a000002 	bne	0x38ec
    38e0:	e594e034 	ldr	lr, [r4, #52]	@ 0x34
    38e4:	e584e004 	str	lr, [r4, #4]
    38e8:	ea000020 	b	0x3970
    38ec:	e3530025 	cmp	r3, #37	@ 0x25
    38f0:	1a0004f3 	bne	0x4cc4
    38f4:	e5941034 	ldr	r1, [r4, #52]	@ 0x34
    38f8:	e1a08001 	mov	r8, r1
    38fc:	e5957030 	ldr	r7, [r5, #48]	@ 0x30
    3900:	e2988001 	adds	r8, r8, #1
    3904:	2a0005d3 	bcs	0x5058
    3908:	e3e0c4fe 	mvn	ip, #-33554432	@ 0xfe000000
    390c:	e3ccc8fe 	bic	ip, ip, #16646144	@ 0xfe0000
    3910:	e158000c 	cmp	r8, ip
    3914:	8a0005cf 	bhi	0x5058
    3918:	e7d73008 	ldrb	r3, [r7, r8]
    391c:	e3530025 	cmp	r3, #37	@ 0x25
    3920:	0a000001 	beq	0x392c
    3924:	e5841004 	str	r1, [r4, #4]
    3928:	ea000010 	b	0x3970
    392c:	e594c034 	ldr	ip, [r4, #52]	@ 0x34
    3930:	e28ce001 	add	lr, ip, #1
    3934:	e584e034 	str	lr, [r4, #52]	@ 0x34
    3938:	e1a08001 	mov	r8, r1
    393c:	e5957030 	ldr	r7, [r5, #48]	@ 0x30
    3940:	e2988002 	adds	r8, r8, #2
    3944:	2a0005c3 	bcs	0x5058
    3948:	e3e0c4fe 	mvn	ip, #-33554432	@ 0xfe000000
    394c:	e3ccc8fe 	bic	ip, ip, #16646144	@ 0xfe0000
    3950:	e158000c 	cmp	r8, ip
    3954:	8a0005bf 	bhi	0x5058
    3958:	e7d73008 	ldrb	r3, [r7, r8]
    395c:	e2817002 	add	r7, r1, #2
    3960:	e5847004 	str	r7, [r4, #4]
    3964:	e1a01007 	mov	r1, r7
    3968:	e3530025 	cmp	r3, #37	@ 0x25
    396c:	0affffe1 	beq	0x38f8
    3970:	e594e038 	ldr	lr, [r4, #56]	@ 0x38
    3974:	e594c034 	ldr	ip, [r4, #52]	@ 0x34
    3978:	e04c100e 	sub	r1, ip, lr
    397c:	e5841034 	str	r1, [r4, #52]	@ 0x34
    3980:	e594c030 	ldr	ip, [r4, #48]	@ 0x30
    3984:	e3e0e480 	mvn	lr, #128, 8	@ 0x80000000
    3988:	e02c300e 	eor	r3, ip, lr
    398c:	e584303c 	str	r3, [r4, #60]	@ 0x3c
    3990:	e1510003 	cmp	r1, r3
    3994:	ca000594 	bgt	0x4fec
    3998:	e594c000 	ldr	ip, [r4]
    399c:	e35c0000 	cmp	ip, #0
    39a0:	0a000006 	beq	0x39c0
    39a4:	e59f0914 	ldr	r0, [pc, #2324]	@ 0x42c0
    39a8:	e1a01004 	mov	r1, r4
    39ac:	e59d2000 	ldr	r2, [sp]
    39b0:	e59fc90c 	ldr	ip, [pc, #2316]	@ 0x42c4
    39b4:	e12fff3c 	blx	ip
    39b8:	e3500000 	cmp	r0, #0
    39bc:	1a0005a8 	bne	0x5064
    39c0:	e594c034 	ldr	ip, [r4, #52]	@ 0x34
    39c4:	e35c0000 	cmp	ip, #0
    39c8:	1affffa7 	bne	0x386c
    39cc:	e594301c 	ldr	r3, [r4, #28]
    39d0:	e5951030 	ldr	r1, [r5, #48]	@ 0x30
    39d4:	e5948004 	ldr	r8, [r4, #4]
    39d8:	e293303c 	adds	r3, r3, #60	@ 0x3c
    39dc:	2a00059d 	bcs	0x5058
    39e0:	e59fc894 	ldr	ip, [pc, #2196]	@ 0x427c
    39e4:	e153000c 	cmp	r3, ip
    39e8:	8a00059a 	bhi	0x5058
    39ec:	e7818003 	str	r8, [r1, r3]
    39f0:	e594c004 	ldr	ip, [r4, #4]
    39f4:	e28c1001 	add	r1, ip, #1
    39f8:	e3e08000 	mvn	r8, #0
    39fc:	e594a004 	ldr	sl, [r4, #4]
    3a00:	e5959030 	ldr	r9, [r5, #48]	@ 0x30
    3a04:	e29aa001 	adds	sl, sl, #1
    3a08:	2a000592 	bcs	0x5058
    3a0c:	e3e0c4fe 	mvn	ip, #-33554432	@ 0xfe000000
    3a10:	e3ccc8fe 	bic	ip, ip, #16646144	@ 0xfe0000
    3a14:	e15a000c 	cmp	sl, ip
    3a18:	8a00058e 	bhi	0x5058
    3a1c:	e19930da 	ldrsb	r3, [r9, sl]
    3a20:	e2433030 	sub	r3, r3, #48	@ 0x30
    3a24:	e1a09003 	mov	r9, r3
    3a28:	e3530009 	cmp	r3, #9
    3a2c:	8a00000f 	bhi	0x3a70
    3a30:	e594b004 	ldr	fp, [r4, #4]
    3a34:	e595a030 	ldr	sl, [r5, #48]	@ 0x30
    3a38:	e29bb002 	adds	fp, fp, #2
    3a3c:	2a000585 	bcs	0x5058
    3a40:	e3e0c4fe 	mvn	ip, #-33554432	@ 0xfe000000
    3a44:	e3ccc8fe 	bic	ip, ip, #16646144	@ 0xfe0000
    3a48:	e15b000c 	cmp	fp, ip
    3a4c:	8a000581 	bhi	0x5058
    3a50:	e7da300b 	ldrb	r3, [sl, fp]
    3a54:	e3530024 	cmp	r3, #36	@ 0x24
    3a58:	1a000004 	bne	0x3a70
    3a5c:	e594c004 	ldr	ip, [r4, #4]
    3a60:	e28c1003 	add	r1, ip, #3
    3a64:	e3a0e001 	mov	lr, #1
    3a68:	e584e02c 	str	lr, [r4, #44]	@ 0x2c
    3a6c:	e1a08009 	mov	r8, r9
    3a70:	e594901c 	ldr	r9, [r4, #28]
    3a74:	e5953030 	ldr	r3, [r5, #48]	@ 0x30
    3a78:	e299903c 	adds	r9, r9, #60	@ 0x3c
    3a7c:	2a000575 	bcs	0x5058
    3a80:	e59fc7f4 	ldr	ip, [pc, #2036]	@ 0x427c
    3a84:	e159000c 	cmp	r9, ip
    3a88:	8a000572 	bhi	0x5058
    3a8c:	e7831009 	str	r1, [r3, r9]
    3a90:	e3a09000 	mov	r9, #0
    3a94:	e1a0b001 	mov	fp, r1
    3a98:	e595a030 	ldr	sl, [r5, #48]	@ 0x30
    3a9c:	e3e0c4fe 	mvn	ip, #-33554432	@ 0xfe000000
    3aa0:	e3ccc8fe 	bic	ip, ip, #16646144	@ 0xfe0000
    3aa4:	e15b000c 	cmp	fp, ip
    3aa8:	8a00056a 	bhi	0x5058
    3aac:	e19a30db 	ldrsb	r3, [sl, fp]
    3ab0:	e1a0a003 	mov	sl, r3
    3ab4:	e2433020 	sub	r3, r3, #32
    3ab8:	e1a0b003 	mov	fp, r3
    3abc:	e353001f 	cmp	r3, #31
    3ac0:	9a000001 	bls	0x3acc
    3ac4:	e1a03001 	mov	r3, r1
    3ac8:	ea00002b 	b	0x3b7c
    3acc:	e3a09000 	mov	r9, #0
    3ad0:	e1a03001 	mov	r3, r1
    3ad4:	e3a0c001 	mov	ip, #1
    3ad8:	e20be01f 	and	lr, fp, #31
    3adc:	e1a0be1c 	lsl	fp, ip, lr
    3ae0:	e1a0600b 	mov	r6, fp
    3ae4:	e3a0cb4a 	mov	ip, #75776	@ 0x12800
    3ae8:	e38cc089 	orr	ip, ip, #137	@ 0x89
    3aec:	e11b000c 	tst	fp, ip
    3af0:	0a000021 	beq	0x3b7c
    3af4:	e281b001 	add	fp, r1, #1
    3af8:	e1a0300b 	mov	r3, fp
    3afc:	e594001c 	ldr	r0, [r4, #28]
    3b00:	e5957030 	ldr	r7, [r5, #48]	@ 0x30
    3b04:	e290003c 	adds	r0, r0, #60	@ 0x3c
    3b08:	2a000552 	bcs	0x5058
    3b0c:	e59fc768 	ldr	ip, [pc, #1896]	@ 0x427c
    3b10:	e150000c 	cmp	r0, ip
    3b14:	8a00054f 	bhi	0x5058
    3b18:	e787b000 	str	fp, [r7, r0]
    3b1c:	e1869009 	orr	r9, r6, r9
    3b20:	e1a0b001 	mov	fp, r1
    3b24:	e5957030 	ldr	r7, [r5, #48]	@ 0x30
    3b28:	e29bb001 	adds	fp, fp, #1
    3b2c:	2a000549 	bcs	0x5058
    3b30:	e3e0c4fe 	mvn	ip, #-33554432	@ 0xfe000000
    3b34:	e3ccc8fe 	bic	ip, ip, #16646144	@ 0xfe0000
    3b38:	e15b000c 	cmp	fp, ip
    3b3c:	8a000545 	bhi	0x5058
    3b40:	e19700db 	ldrsb	r0, [r7, fp]
    3b44:	e1a0a000 	mov	sl, r0
    3b48:	e2400020 	sub	r0, r0, #32
    3b4c:	e1a07000 	mov	r7, r0
    3b50:	e3500020 	cmp	r0, #32
    3b54:	2a000008 	bcs	0x3b7c
    3b58:	e1a01003 	mov	r1, r3
    3b5c:	e3a0c001 	mov	ip, #1
    3b60:	e207e01f 	and	lr, r7, #31
    3b64:	e1a07e1c 	lsl	r7, ip, lr
    3b68:	e1a06007 	mov	r6, r7
    3b6c:	e3a0cb4a 	mov	ip, #75776	@ 0x12800
    3b70:	e38cc089 	orr	ip, ip, #137	@ 0x89
    3b74:	e117000c 	tst	r7, ip
    3b78:	1affffdd 	bne	0x3af4
    3b7c:	e35a002a 	cmp	sl, #42	@ 0x2a
    3b80:	1a000071 	bne	0x3d4c
    3b84:	e1a06003 	mov	r6, r3
    3b88:	e5951030 	ldr	r1, [r5, #48]	@ 0x30
    3b8c:	e2966001 	adds	r6, r6, #1
    3b90:	2a000530 	bcs	0x5058
    3b94:	e3e0c4fe 	mvn	ip, #-33554432	@ 0xfe000000
    3b98:	e3ccc8fe 	bic	ip, ip, #16646144	@ 0xfe0000
    3b9c:	e156000c 	cmp	r6, ip
    3ba0:	8a00052c 	bhi	0x5058
    3ba4:	e19100d6 	ldrsb	r0, [r1, r6]
    3ba8:	e2400030 	sub	r0, r0, #48	@ 0x30
    3bac:	e1a01000 	mov	r1, r0
    3bb0:	e3500009 	cmp	r0, #9
    3bb4:	8a000027 	bhi	0x3c58
    3bb8:	e1a07003 	mov	r7, r3
    3bbc:	e5956030 	ldr	r6, [r5, #48]	@ 0x30
    3bc0:	e2977002 	adds	r7, r7, #2
    3bc4:	2a000523 	bcs	0x5058
    3bc8:	e3e0c4fe 	mvn	ip, #-33554432	@ 0xfe000000
    3bcc:	e3ccc8fe 	bic	ip, ip, #16646144	@ 0xfe0000
    3bd0:	e157000c 	cmp	r7, ip
    3bd4:	8a00051f 	bhi	0x5058
    3bd8:	e7d60007 	ldrb	r0, [r6, r7]
    3bdc:	e3500024 	cmp	r0, #36	@ 0x24
    3be0:	1a00001c 	bne	0x3c58
    3be4:	e594c000 	ldr	ip, [r4]
    3be8:	e35c0000 	cmp	ip, #0
    3bec:	1a00000b 	bne	0x3c20
    3bf0:	e1a00101 	lsl	r0, r1, #2
    3bf4:	e594c010 	ldr	ip, [r4, #16]
    3bf8:	e08c0000 	add	r0, ip, r0
    3bfc:	e5956030 	ldr	r6, [r5, #48]	@ 0x30
    3c00:	e59fc674 	ldr	ip, [pc, #1652]	@ 0x427c
    3c04:	e150000c 	cmp	r0, ip
    3c08:	8a000512 	bhi	0x5058
    3c0c:	e3a0e00a 	mov	lr, #10
    3c10:	e786e000 	str	lr, [r6, r0]
    3c14:	e3a0e000 	mov	lr, #0
    3c18:	e584e050 	str	lr, [r4, #80]	@ 0x50
    3c1c:	ea000008 	b	0x3c44
    3c20:	e1a01181 	lsl	r1, r1, #3
    3c24:	e594c00c 	ldr	ip, [r4, #12]
    3c28:	e08c1001 	add	r1, ip, r1
    3c2c:	e5950030 	ldr	r0, [r5, #48]	@ 0x30
    3c30:	e59fc644 	ldr	ip, [pc, #1604]	@ 0x427c
    3c34:	e151000c 	cmp	r1, ip
    3c38:	8a000506 	bhi	0x5058
    3c3c:	e790e001 	ldr	lr, [r0, r1]
    3c40:	e584e050 	str	lr, [r4, #80]	@ 0x50
    3c44:	e283e003 	add	lr, r3, #3
    3c48:	e584e004 	str	lr, [r4, #4]
    3c4c:	e3a0e001 	mov	lr, #1
    3c50:	e584e02c 	str	lr, [r4, #44]	@ 0x2c
    3c54:	ea00002b 	b	0x3d08
    3c58:	e594c02c 	ldr	ip, [r4, #44]	@ 0x2c
    3c5c:	e35c0000 	cmp	ip, #0
    3c60:	1a000462 	bne	0x4df0
    3c64:	e283e001 	add	lr, r3, #1
    3c68:	e584e004 	str	lr, [r4, #4]
    3c6c:	e594c000 	ldr	ip, [r4]
    3c70:	e35c0000 	cmp	ip, #0
    3c74:	1a00000d 	bne	0x3cb0
    3c78:	e594101c 	ldr	r1, [r4, #28]
    3c7c:	e5950030 	ldr	r0, [r5, #48]	@ 0x30
    3c80:	e5943004 	ldr	r3, [r4, #4]
    3c84:	e291103c 	adds	r1, r1, #60	@ 0x3c
    3c88:	2a0004f2 	bcs	0x5058
    3c8c:	e59fc5e8 	ldr	ip, [pc, #1512]	@ 0x427c
    3c90:	e151000c 	cmp	r1, ip
    3c94:	8a0004ef 	bhi	0x5058
    3c98:	e7803001 	str	r3, [r0, r1]
    3c9c:	e3a0e000 	mov	lr, #0
    3ca0:	e584e02c 	str	lr, [r4, #44]	@ 0x2c
    3ca4:	e3a0e000 	mov	lr, #0
    3ca8:	e584e050 	str	lr, [r4, #80]	@ 0x50
    3cac:	ea00003d 	b	0x3da8
    3cb0:	e5943008 	ldr	r3, [r4, #8]
    3cb4:	e5951030 	ldr	r1, [r5, #48]	@ 0x30
    3cb8:	e59fc5bc 	ldr	ip, [pc, #1468]	@ 0x427c
    3cbc:	e153000c 	cmp	r3, ip
    3cc0:	8a0004e4 	bhi	0x5058
    3cc4:	e7910003 	ldr	r0, [r1, r3]
    3cc8:	e1a01000 	mov	r1, r0
    3ccc:	e2800004 	add	r0, r0, #4
    3cd0:	e5947008 	ldr	r7, [r4, #8]
    3cd4:	e5953030 	ldr	r3, [r5, #48]	@ 0x30
    3cd8:	e59fc59c 	ldr	ip, [pc, #1436]	@ 0x427c
    3cdc:	e157000c 	cmp	r7, ip
    3ce0:	8a0004dc 	bhi	0x5058
    3ce4:	e7830007 	str	r0, [r3, r7]
    3ce8:	e5950030 	ldr	r0, [r5, #48]	@ 0x30
    3cec:	e59fc588 	ldr	ip, [pc, #1416]	@ 0x427c
    3cf0:	e151000c 	cmp	r1, ip
    3cf4:	8a0004d7 	bhi	0x5058
    3cf8:	e790e001 	ldr	lr, [r0, r1]
    3cfc:	e584e050 	str	lr, [r4, #80]	@ 0x50
    3d00:	e3a0e000 	mov	lr, #0
    3d04:	e584e02c 	str	lr, [r4, #44]	@ 0x2c
    3d08:	e594101c 	ldr	r1, [r4, #28]
    3d0c:	e5950030 	ldr	r0, [r5, #48]	@ 0x30
    3d10:	e5943004 	ldr	r3, [r4, #4]
    3d14:	e291103c 	adds	r1, r1, #60	@ 0x3c
    3d18:	2a0004ce 	bcs	0x5058
    3d1c:	e59fc558 	ldr	ip, [pc, #1368]	@ 0x427c
    3d20:	e151000c 	cmp	r1, ip
    3d24:	8a0004cb 	bhi	0x5058
    3d28:	e7803001 	str	r3, [r0, r1]
    3d2c:	e594c050 	ldr	ip, [r4, #80]	@ 0x50
    3d30:	e37c0001 	cmn	ip, #1
    3d34:	ca00001b 	bgt	0x3da8
    3d38:	e594c050 	ldr	ip, [r4, #80]	@ 0x50
    3d3c:	e26ce000 	rsb	lr, ip, #0
    3d40:	e584e050 	str	lr, [r4, #80]	@ 0x50
    3d44:	e3899d80 	orr	r9, r9, #128, 26	@ 0x2000
    3d48:	ea000016 	b	0x3da8
    3d4c:	e594c01c 	ldr	ip, [r4, #28]
    3d50:	e28c003c 	add	r0, ip, #60	@ 0x3c
    3d54:	e5840088 	str	r0, [r4, #136]	@ 0x88
    3d58:	e59f0568 	ldr	r0, [pc, #1384]	@ 0x42c8
    3d5c:	e1a01004 	mov	r1, r4
    3d60:	e59d2000 	ldr	r2, [sp]
    3d64:	e59fc560 	ldr	ip, [pc, #1376]	@ 0x42cc
    3d68:	e12fff3c 	blx	ip
    3d6c:	e3500000 	cmp	r0, #0
    3d70:	1a0004bb 	bne	0x5064
    3d74:	e5940088 	ldr	r0, [r4, #136]	@ 0x88
    3d78:	e5840050 	str	r0, [r4, #80]	@ 0x50
    3d7c:	e3500000 	cmp	r0, #0
    3d80:	ba000499 	blt	0x4fec
    3d84:	e594101c 	ldr	r1, [r4, #28]
    3d88:	e5950030 	ldr	r0, [r5, #48]	@ 0x30
    3d8c:	e291103c 	adds	r1, r1, #60	@ 0x3c
    3d90:	2a0004b0 	bcs	0x5058
    3d94:	e59fc4e0 	ldr	ip, [pc, #1248]	@ 0x427c
    3d98:	e151000c 	cmp	r1, ip
    3d9c:	8a0004ad 	bhi	0x5058
    3da0:	e790e001 	ldr	lr, [r0, r1]
    3da4:	e584e004 	str	lr, [r4, #4]
    3da8:	e3a07000 	mov	r7, #0
    3dac:	e3e0e000 	mvn	lr, #0
    3db0:	e584e054 	str	lr, [r4, #84]	@ 0x54
    3db4:	e5943004 	ldr	r3, [r4, #4]
    3db8:	e5951030 	ldr	r1, [r5, #48]	@ 0x30
    3dbc:	e3e0c4fe 	mvn	ip, #-33554432	@ 0xfe000000
    3dc0:	e3ccc8fe 	bic	ip, ip, #16646144	@ 0xfe0000
    3dc4:	e153000c 	cmp	r3, ip
    3dc8:	8a0004a2 	bhi	0x5058
    3dcc:	e7d10003 	ldrb	r0, [r1, r3]
    3dd0:	e350002e 	cmp	r0, #46	@ 0x2e
    3dd4:	0a000001 	beq	0x3de0
    3dd8:	e3a0b000 	mov	fp, #0
    3ddc:	ea00008c 	b	0x4014
    3de0:	e5943004 	ldr	r3, [r4, #4]
    3de4:	e5951030 	ldr	r1, [r5, #48]	@ 0x30
    3de8:	e2933001 	adds	r3, r3, #1
    3dec:	2a000499 	bcs	0x5058
    3df0:	e3e0c4fe 	mvn	ip, #-33554432	@ 0xfe000000
    3df4:	e3ccc8fe 	bic	ip, ip, #16646144	@ 0xfe0000
    3df8:	e153000c 	cmp	r3, ip
    3dfc:	8a000495 	bhi	0x5058
    3e00:	e7d10003 	ldrb	r0, [r1, r3]
    3e04:	e350002a 	cmp	r0, #42	@ 0x2a
    3e08:	1a000061 	bne	0x3f94
    3e0c:	e5943004 	ldr	r3, [r4, #4]
    3e10:	e5951030 	ldr	r1, [r5, #48]	@ 0x30
    3e14:	e2933002 	adds	r3, r3, #2
    3e18:	2a00048e 	bcs	0x5058
    3e1c:	e3e0c4fe 	mvn	ip, #-33554432	@ 0xfe000000
    3e20:	e3ccc8fe 	bic	ip, ip, #16646144	@ 0xfe0000
    3e24:	e153000c 	cmp	r3, ip
    3e28:	8a00048a 	bhi	0x5058
    3e2c:	e19100d3 	ldrsb	r0, [r1, r3]
    3e30:	e2400030 	sub	r0, r0, #48	@ 0x30
    3e34:	e1a01000 	mov	r1, r0
    3e38:	e3500009 	cmp	r0, #9
    3e3c:	8a000026 	bhi	0x3edc
    3e40:	e5946004 	ldr	r6, [r4, #4]
    3e44:	e5953030 	ldr	r3, [r5, #48]	@ 0x30
    3e48:	e2966003 	adds	r6, r6, #3
    3e4c:	2a000481 	bcs	0x5058
    3e50:	e3e0c4fe 	mvn	ip, #-33554432	@ 0xfe000000
    3e54:	e3ccc8fe 	bic	ip, ip, #16646144	@ 0xfe0000
    3e58:	e156000c 	cmp	r6, ip
    3e5c:	8a00047d 	bhi	0x5058
    3e60:	e7d30006 	ldrb	r0, [r3, r6]
    3e64:	e3500024 	cmp	r0, #36	@ 0x24
    3e68:	1a00001b 	bne	0x3edc
    3e6c:	e594c000 	ldr	ip, [r4]
    3e70:	e35c0000 	cmp	ip, #0
    3e74:	1a00000b 	bne	0x3ea8
    3e78:	e1a00101 	lsl	r0, r1, #2
    3e7c:	e594c010 	ldr	ip, [r4, #16]
    3e80:	e08c0000 	add	r0, ip, r0
    3e84:	e5953030 	ldr	r3, [r5, #48]	@ 0x30
    3e88:	e59fc3ec 	ldr	ip, [pc, #1004]	@ 0x427c
    3e8c:	e150000c 	cmp	r0, ip
    3e90:	8a000470 	bhi	0x5058
    3e94:	e3a0e00a 	mov	lr, #10
    3e98:	e783e000 	str	lr, [r3, r0]
    3e9c:	e3a0e000 	mov	lr, #0
    3ea0:	e584e054 	str	lr, [r4, #84]	@ 0x54
    3ea4:	ea000008 	b	0x3ecc
    3ea8:	e1a01181 	lsl	r1, r1, #3
    3eac:	e594c00c 	ldr	ip, [r4, #12]
    3eb0:	e08c1001 	add	r1, ip, r1
    3eb4:	e5950030 	ldr	r0, [r5, #48]	@ 0x30
    3eb8:	e59fc3bc 	ldr	ip, [pc, #956]	@ 0x427c
    3ebc:	e151000c 	cmp	r1, ip
    3ec0:	8a000464 	bhi	0x5058
    3ec4:	e790e001 	ldr	lr, [r0, r1]
    3ec8:	e584e054 	str	lr, [r4, #84]	@ 0x54
    3ecc:	e594c004 	ldr	ip, [r4, #4]
    3ed0:	e28ce004 	add	lr, ip, #4
    3ed4:	e584e004 	str	lr, [r4, #4]
    3ed8:	ea00001f 	b	0x3f5c
    3edc:	e594c02c 	ldr	ip, [r4, #44]	@ 0x2c
    3ee0:	e35c0000 	cmp	ip, #0
    3ee4:	1a0003c1 	bne	0x4df0
    3ee8:	e594c004 	ldr	ip, [r4, #4]
    3eec:	e28ce002 	add	lr, ip, #2
    3ef0:	e584e004 	str	lr, [r4, #4]
    3ef4:	e594c000 	ldr	ip, [r4]
    3ef8:	e35c0000 	cmp	ip, #0
    3efc:	1a000002 	bne	0x3f0c
    3f00:	e3a0e000 	mov	lr, #0
    3f04:	e584e054 	str	lr, [r4, #84]	@ 0x54
    3f08:	ea000013 	b	0x3f5c
    3f0c:	e5943008 	ldr	r3, [r4, #8]
    3f10:	e5951030 	ldr	r1, [r5, #48]	@ 0x30
    3f14:	e59fc360 	ldr	ip, [pc, #864]	@ 0x427c
    3f18:	e153000c 	cmp	r3, ip
    3f1c:	8a00044d 	bhi	0x5058
    3f20:	e7910003 	ldr	r0, [r1, r3]
    3f24:	e1a01000 	mov	r1, r0
    3f28:	e2800004 	add	r0, r0, #4
    3f2c:	e5946008 	ldr	r6, [r4, #8]
    3f30:	e5953030 	ldr	r3, [r5, #48]	@ 0x30
    3f34:	e59fc340 	ldr	ip, [pc, #832]	@ 0x427c
    3f38:	e156000c 	cmp	r6, ip
    3f3c:	8a000445 	bhi	0x5058
    3f40:	e7830006 	str	r0, [r3, r6]
    3f44:	e5950030 	ldr	r0, [r5, #48]	@ 0x30
    3f48:	e59fc32c 	ldr	ip, [pc, #812]	@ 0x427c
    3f4c:	e151000c 	cmp	r1, ip
    3f50:	8a000440 	bhi	0x5058
    3f54:	e790e001 	ldr	lr, [r0, r1]
    3f58:	e584e054 	str	lr, [r4, #84]	@ 0x54
    3f5c:	e594101c 	ldr	r1, [r4, #28]
    3f60:	e5950030 	ldr	r0, [r5, #48]	@ 0x30
    3f64:	e5943004 	ldr	r3, [r4, #4]
    3f68:	e291103c 	adds	r1, r1, #60	@ 0x3c
    3f6c:	2a000439 	bcs	0x5058
    3f70:	e59fc304 	ldr	ip, [pc, #772]	@ 0x427c
    3f74:	e151000c 	cmp	r1, ip
    3f78:	8a000436 	bhi	0x5058
    3f7c:	e7803001 	str	r3, [r0, r1]
    3f80:	e594c054 	ldr	ip, [r4, #84]	@ 0x54
    3f84:	e37c0001 	cmn	ip, #1
    3f88:	e3a0b000 	mov	fp, #0
    3f8c:	c3a0b001 	movgt	fp, #1
    3f90:	ea00001f 	b	0x4014
    3f94:	e594c004 	ldr	ip, [r4, #4]
    3f98:	e28c0001 	add	r0, ip, #1
    3f9c:	e594301c 	ldr	r3, [r4, #28]
    3fa0:	e5951030 	ldr	r1, [r5, #48]	@ 0x30
    3fa4:	e293303c 	adds	r3, r3, #60	@ 0x3c
    3fa8:	2a00042a 	bcs	0x5058
    3fac:	e59fc2c8 	ldr	ip, [pc, #712]	@ 0x427c
    3fb0:	e153000c 	cmp	r3, ip
    3fb4:	8a000427 	bhi	0x5058
    3fb8:	e7810003 	str	r0, [r1, r3]
    3fbc:	e3a0b001 	mov	fp, #1
    3fc0:	e594c01c 	ldr	ip, [r4, #28]
    3fc4:	e28c003c 	add	r0, ip, #60	@ 0x3c
    3fc8:	e5840088 	str	r0, [r4, #136]	@ 0x88
    3fcc:	e59f02fc 	ldr	r0, [pc, #764]	@ 0x42d0
    3fd0:	e1a01004 	mov	r1, r4
    3fd4:	e59d2000 	ldr	r2, [sp]
    3fd8:	e59fc2f4 	ldr	ip, [pc, #756]	@ 0x42d4
    3fdc:	e12fff3c 	blx	ip
    3fe0:	e3500000 	cmp	r0, #0
    3fe4:	1a00041e 	bne	0x5064
    3fe8:	e5940088 	ldr	r0, [r4, #136]	@ 0x88
    3fec:	e5840054 	str	r0, [r4, #84]	@ 0x54
    3ff0:	e594101c 	ldr	r1, [r4, #28]
    3ff4:	e5950030 	ldr	r0, [r5, #48]	@ 0x30
    3ff8:	e291103c 	adds	r1, r1, #60	@ 0x3c
    3ffc:	2a000415 	bcs	0x5058
    4000:	e59fc274 	ldr	ip, [pc, #628]	@ 0x427c
    4004:	e151000c 	cmp	r1, ip
    4008:	8a000412 	bhi	0x5058
    400c:	e790e001 	ldr	lr, [r0, r1]
    4010:	e584e004 	str	lr, [r4, #4]
    4014:	e1a06007 	mov	r6, r7
    4018:	e3a0e01c 	mov	lr, #28
    401c:	e584e05c 	str	lr, [r4, #92]	@ 0x5c
    4020:	e594a004 	ldr	sl, [r4, #4]
    4024:	e5943004 	ldr	r3, [r4, #4]
    4028:	e5951030 	ldr	r1, [r5, #48]	@ 0x30
    402c:	e3e0c4fe 	mvn	ip, #-33554432	@ 0xfe000000
    4030:	e3ccc8fe 	bic	ip, ip, #16646144	@ 0xfe0000
    4034:	e153000c 	cmp	r3, ip
    4038:	8a000406 	bhi	0x5058
    403c:	e19100d3 	ldrsb	r0, [r1, r3]
    4040:	e1a01000 	mov	r1, r0
    4044:	e240007b 	sub	r0, r0, #123	@ 0x7b
    4048:	e370003a 	cmn	r0, #58	@ 0x3a
    404c:	3a0003e8 	bcc	0x4ff4
    4050:	e28ae001 	add	lr, sl, #1
    4054:	e584e004 	str	lr, [r4, #4]
    4058:	e3a0c03a 	mov	ip, #58	@ 0x3a
    405c:	e0000c96 	mul	r0, r6, ip
    4060:	e0800001 	add	r0, r0, r1
    4064:	e2800b40 	add	r0, r0, #64, 22	@ 0x10000
    4068:	e280005f 	add	r0, r0, #95	@ 0x5f
    406c:	e1a03000 	mov	r3, r0
    4070:	e5951030 	ldr	r1, [r5, #48]	@ 0x30
    4074:	e3e0c4fe 	mvn	ip, #-33554432	@ 0xfe000000
    4078:	e3ccc8fe 	bic	ip, ip, #16646144	@ 0xfe0000
    407c:	e153000c 	cmp	r3, ip
    4080:	8a0003f4 	bhi	0x5058
    4084:	e7d10003 	ldrb	r0, [r1, r3]
    4088:	e1a07000 	mov	r7, r0
    408c:	e2400001 	sub	r0, r0, #1
    4090:	e20000ff 	and	r0, r0, #255	@ 0xff
    4094:	e3500008 	cmp	r0, #8
    4098:	3affffdd 	bcc	0x4014
    409c:	e594101c 	ldr	r1, [r4, #28]
    40a0:	e5950030 	ldr	r0, [r5, #48]	@ 0x30
    40a4:	e5943004 	ldr	r3, [r4, #4]
    40a8:	e291103c 	adds	r1, r1, #60	@ 0x3c
    40ac:	2a0003e9 	bcs	0x5058
    40b0:	e59fc1c4 	ldr	ip, [pc, #452]	@ 0x427c
    40b4:	e151000c 	cmp	r1, ip
    40b8:	8a0003e6 	bhi	0x5058
    40bc:	e7803001 	str	r3, [r0, r1]
    40c0:	e357001b 	cmp	r7, #27
    40c4:	0a000033 	beq	0x4198
    40c8:	e3570000 	cmp	r7, #0
    40cc:	0a0003c8 	beq	0x4ff4
    40d0:	e3580000 	cmp	r8, #0
    40d4:	ba000020 	blt	0x415c
    40d8:	e594c000 	ldr	ip, [r4]
    40dc:	e35c0000 	cmp	ip, #0
    40e0:	1a000008 	bne	0x4108
    40e4:	e1a00108 	lsl	r0, r8, #2
    40e8:	e594c010 	ldr	ip, [r4, #16]
    40ec:	e08c0000 	add	r0, ip, r0
    40f0:	e5951030 	ldr	r1, [r5, #48]	@ 0x30
    40f4:	e59fc180 	ldr	ip, [pc, #384]	@ 0x427c
    40f8:	e150000c 	cmp	r0, ip
    40fc:	8a0003d5 	bhi	0x5058
    4100:	e7817000 	str	r7, [r1, r0]
    4104:	eafffdd6 	b	0x3864
    4108:	e1a00188 	lsl	r0, r8, #3
    410c:	e594c00c 	ldr	ip, [r4, #12]
    4110:	e08c0000 	add	r0, ip, r0
    4114:	e5952030 	ldr	r2, [r5, #48]	@ 0x30
    4118:	e59fc174 	ldr	ip, [pc, #372]	@ 0x4294
    411c:	e150000c 	cmp	r0, ip
    4120:	8a0003cc 	bhi	0x5058
    4124:	e082c000 	add	ip, r2, r0
    4128:	e59c1000 	ldr	r1, [ip]
    412c:	e59c3004 	ldr	r3, [ip, #4]
    4130:	e594201c 	ldr	r2, [r4, #28]
    4134:	e5950030 	ldr	r0, [r5, #48]	@ 0x30
    4138:	e2922030 	adds	r2, r2, #48	@ 0x30
    413c:	2a0003c5 	bcs	0x5058
    4140:	e59fc14c 	ldr	ip, [pc, #332]	@ 0x4294
    4144:	e152000c 	cmp	r2, ip
    4148:	8a0003c2 	bhi	0x5058
    414c:	e080c002 	add	ip, r0, r2
    4150:	e58c1000 	str	r1, [ip]
    4154:	e58c3004 	str	r3, [ip, #4]
    4158:	ea000015 	b	0x41b4
    415c:	e594c000 	ldr	ip, [r4]
    4160:	e35c0000 	cmp	ip, #0
    4164:	0a00039d 	beq	0x4fe0
    4168:	e594c01c 	ldr	ip, [r4, #28]
    416c:	e28c0030 	add	r0, ip, #48	@ 0x30
    4170:	e5840088 	str	r0, [r4, #136]	@ 0x88
    4174:	e5847034 	str	r7, [r4, #52]	@ 0x34
    4178:	e59f0158 	ldr	r0, [pc, #344]	@ 0x42d8
    417c:	e1a01004 	mov	r1, r4
    4180:	e59d2000 	ldr	r2, [sp]
    4184:	e59fc150 	ldr	ip, [pc, #336]	@ 0x42dc
    4188:	e12fff3c 	blx	ip
    418c:	e3500000 	cmp	r0, #0
    4190:	1a0003b3 	bne	0x5064
    4194:	ea000006 	b	0x41b4
    4198:	e3780001 	cmn	r8, #1
    419c:	ca000394 	bgt	0x4ff4
    41a0:	e3a0e000 	mov	lr, #0
    41a4:	e584e034 	str	lr, [r4, #52]	@ 0x34
    41a8:	e594c000 	ldr	ip, [r4]
    41ac:	e35c0000 	cmp	ip, #0
    41b0:	0afffdad 	beq	0x386c
    41b4:	e5942000 	ldr	r2, [r4]
    41b8:	e5951030 	ldr	r1, [r5, #48]	@ 0x30
    41bc:	e3e0c4fe 	mvn	ip, #-33554432	@ 0xfe000000
    41c0:	e3ccc8fe 	bic	ip, ip, #16646144	@ 0xfe0000
    41c4:	e152000c 	cmp	r2, ip
    41c8:	8a0003a2 	bhi	0x5058
    41cc:	e7d10002 	ldrb	r0, [r1, r2]
    41d0:	e3100020 	tst	r0, #32
    41d4:	1a000394 	bne	0x502c
    41d8:	e3c90b40 	bic	r0, r9, #64, 22	@ 0x10000
    41dc:	e5840060 	str	r0, [r4, #96]	@ 0x60
    41e0:	e3190d80 	tst	r9, #128, 26	@ 0x2000
    41e4:	e1a0e000 	mov	lr, r0
    41e8:	01a0e009 	moveq	lr, r9
    41ec:	e584e048 	str	lr, [r4, #72]	@ 0x48
    41f0:	e3a0e000 	mov	lr, #0
    41f4:	e584e044 	str	lr, [r4, #68]	@ 0x44
    41f8:	e3a0eb40 	mov	lr, #64, 22	@ 0x10000
    41fc:	e584e064 	str	lr, [r4, #100]	@ 0x64
    4200:	e594e028 	ldr	lr, [r4, #40]	@ 0x28
    4204:	e584e05c 	str	lr, [r4, #92]	@ 0x5c
    4208:	e1a0200a 	mov	r2, sl
    420c:	e5951030 	ldr	r1, [r5, #48]	@ 0x30
    4210:	e3e0c4fe 	mvn	ip, #-33554432	@ 0xfe000000
    4214:	e3ccc8fe 	bic	ip, ip, #16646144	@ 0xfe0000
    4218:	e152000c 	cmp	r2, ip
    421c:	8a00038d 	bhi	0x5058
    4220:	e7d1a002 	ldrb	sl, [r1, r2]
    4224:	e1a0100a 	mov	r1, sl
    4228:	e6afa07a 	sxtb	sl, sl
    422c:	e1a0200a 	mov	r2, sl
    4230:	e3caa02c 	bic	sl, sl, #44	@ 0x2c
    4234:	e201100f 	and	r1, r1, #15
    4238:	e3510003 	cmp	r1, #3
    423c:	11a0a002 	movne	sl, r2
    4240:	e3560000 	cmp	r6, #0
    4244:	01a0a002 	moveq	sl, r2
    4248:	e1a0800a 	mov	r8, sl
    424c:	e24aa058 	sub	sl, sl, #88	@ 0x58
    4250:	e1a0e00a 	mov	lr, sl
    4254:	e35e0021 	cmp	lr, #33	@ 0x21
    4258:	23a0e021 	movcs	lr, #33	@ 0x21
    425c:	e1a0e10e 	lsl	lr, lr, #2
    4260:	e59fc078 	ldr	ip, [pc, #120]	@ 0x42e0
    4264:	e08ee00c 	add	lr, lr, ip
    4268:	e59ec000 	ldr	ip, [lr]
    426c:	e12fff1c 	bx	ip
    4270:	e594e028 	ldr	lr, [r4, #40]	@ 0x28
    4274:	ea00001a 	b	0x42e4
    4278:	00047eac 	andeq	r7, r4, ip, lsr #29
    427c:	0101fffc 	strdeq	pc, [r1, -ip]
    4280:	00049934 	andeq	r9, r4, r4, lsr r9
    4284:	003fe384 	eorseq	lr, pc, r4, lsl #7
    4288:	000487b4 			@ <UNDEFINED> instruction: 0x000487b4
    428c:	003fe404 	eorseq	lr, pc, r4, lsl #8
    4290:	000487b4 			@ <UNDEFINED> instruction: 0x000487b4
    4294:	0101fff8 	strdeq	pc, [r1, -r8]
    4298:	003fe4e4 	eorseq	lr, pc, r4, ror #9
    429c:	000487b4 			@ <UNDEFINED> instruction: 0x000487b4
    42a0:	003fe524 	eorseq	lr, pc, r4, lsr #10
    42a4:	000487b4 			@ <UNDEFINED> instruction: 0x000487b4
    42a8:	003fe578 	eorseq	lr, pc, r8, ror r5	@ <UNPREDICTABLE>
    42ac:	00048af0 	strdeq	r8, [r4], -r0
    42b0:	003fe660 	eorseq	lr, pc, r0, ror #12
    42b4:	000487b4 			@ <UNDEFINED> instruction: 0x000487b4
    42b8:	003fe690 	mlaseq	pc, r0, r6, lr	@ <UNPREDICTABLE>
    42bc:	00047eac 	andeq	r7, r4, ip, lsr #29
    42c0:	00406e64 	subeq	r6, r0, r4, ror #28
    42c4:	000487b4 			@ <UNDEFINED> instruction: 0x000487b4
    42c8:	00407364 	subeq	r7, r0, r4, ror #6
    42cc:	000487b4 			@ <UNDEFINED> instruction: 0x000487b4
    42d0:	00407630 	subeq	r7, r0, r0, lsr r6
    42d4:	000487b4 			@ <UNDEFINED> instruction: 0x000487b4
    42d8:	00407874 	subeq	r7, r0, r4, ror r8
    42dc:	000487b4 			@ <UNDEFINED> instruction: 0x000487b4
    42e0:	4085b948 	addmi	fp, r5, r8, asr #18
    42e4:	e584e05c 	str	lr, [r4, #92]	@ 0x5c
    42e8:	e2481041 	sub	r1, r8, #65	@ 0x41
    42ec:	e1a0e001 	mov	lr, r1
    42f0:	e35e0007 	cmp	lr, #7
    42f4:	23a0e007 	movcs	lr, #7
    42f8:	e1a0e10e 	lsl	lr, lr, #2
    42fc:	e59fcff4 	ldr	ip, [pc, #4084]	@ 0x52f8
    4300:	e08ee00c 	add	lr, lr, ip
    4304:	e59ec000 	ldr	ip, [lr]
    4308:	e12fff1c 	bx	ip
    430c:	e3580053 	cmp	r8, #83	@ 0x53
    4310:	0a000199 	beq	0x497c
    4314:	ea0002ca 	b	0x4e44
    4318:	e3a0e000 	mov	lr, #0
    431c:	e584e044 	str	lr, [r4, #68]	@ 0x44
    4320:	e3a0eb40 	mov	lr, #64, 22	@ 0x10000
    4324:	e584e064 	str	lr, [r4, #100]	@ 0x64
    4328:	e594201c 	ldr	r2, [r4, #28]
    432c:	e5951030 	ldr	r1, [r5, #48]	@ 0x30
    4330:	e2922030 	adds	r2, r2, #48	@ 0x30
    4334:	2a000347 	bcs	0x5058
    4338:	e59fcfbc 	ldr	ip, [pc, #4028]	@ 0x52fc
    433c:	e152000c 	cmp	r2, ip
    4340:	8a000344 	bhi	0x5058
    4344:	e081c002 	add	ip, r1, r2
    4348:	e59ca000 	ldr	sl, [ip]
    434c:	e59c9004 	ldr	r9, [ip, #4]
    4350:	ea000108 	b	0x4778
    4354:	e3a0e000 	mov	lr, #0
    4358:	e584e034 	str	lr, [r4, #52]	@ 0x34
    435c:	e1a0e006 	mov	lr, r6
    4360:	e35e0008 	cmp	lr, #8
    4364:	23a0e008 	movcs	lr, #8
    4368:	e1a0e10e 	lsl	lr, lr, #2
    436c:	e59fcf8c 	ldr	ip, [pc, #3980]	@ 0x5300
    4370:	e08ee00c 	add	lr, lr, ip
    4374:	e59ec000 	ldr	ip, [lr]
    4378:	e12fff1c 	bx	ip
    437c:	e594301c 	ldr	r3, [r4, #28]
    4380:	e5952030 	ldr	r2, [r5, #48]	@ 0x30
    4384:	e2933030 	adds	r3, r3, #48	@ 0x30
    4388:	2a000332 	bcs	0x5058
    438c:	e59fcf70 	ldr	ip, [pc, #3952]	@ 0x5304
    4390:	e153000c 	cmp	r3, ip
    4394:	8a00032f 	bhi	0x5058
    4398:	e7921003 	ldr	r1, [r2, r3]
    439c:	e5952030 	ldr	r2, [r5, #48]	@ 0x30
    43a0:	e5943030 	ldr	r3, [r4, #48]	@ 0x30
    43a4:	e59fcf58 	ldr	ip, [pc, #3928]	@ 0x5304
    43a8:	e151000c 	cmp	r1, ip
    43ac:	8a000329 	bhi	0x5058
    43b0:	e7823001 	str	r3, [r2, r1]
    43b4:	eafffd2c 	b	0x386c
    43b8:	e594301c 	ldr	r3, [r4, #28]
    43bc:	e5952030 	ldr	r2, [r5, #48]	@ 0x30
    43c0:	e2933030 	adds	r3, r3, #48	@ 0x30
    43c4:	2a000323 	bcs	0x5058
    43c8:	e59fcf34 	ldr	ip, [pc, #3892]	@ 0x5304
    43cc:	e153000c 	cmp	r3, ip
    43d0:	8a000320 	bhi	0x5058
    43d4:	e7921003 	ldr	r1, [r2, r3]
    43d8:	e5952030 	ldr	r2, [r5, #48]	@ 0x30
    43dc:	e5943030 	ldr	r3, [r4, #48]	@ 0x30
    43e0:	e59fcf1c 	ldr	ip, [pc, #3868]	@ 0x5304
    43e4:	e151000c 	cmp	r1, ip
    43e8:	8a00031a 	bhi	0x5058
    43ec:	e7823001 	str	r3, [r2, r1]
    43f0:	eafffd1d 	b	0x386c
    43f4:	e594301c 	ldr	r3, [r4, #28]
    43f8:	e5952030 	ldr	r2, [r5, #48]	@ 0x30
    43fc:	e2933030 	adds	r3, r3, #48	@ 0x30
    4400:	2a000314 	bcs	0x5058
    4404:	e59fcef8 	ldr	ip, [pc, #3832]	@ 0x5304
    4408:	e153000c 	cmp	r3, ip
    440c:	8a000311 	bhi	0x5058
    4410:	e7921003 	ldr	r1, [r2, r3]
    4414:	e5942030 	ldr	r2, [r4, #48]	@ 0x30
    4418:	e1a03fc2 	asr	r3, r2, #31
    441c:	e5956030 	ldr	r6, [r5, #48]	@ 0x30
    4420:	e59fced4 	ldr	ip, [pc, #3796]	@ 0x52fc
    4424:	e151000c 	cmp	r1, ip
    4428:	8a00030a 	bhi	0x5058
    442c:	e086c001 	add	ip, r6, r1
    4430:	e58c2000 	str	r2, [ip]
    4434:	e58c3004 	str	r3, [ip, #4]
    4438:	eafffd0b 	b	0x386c
    443c:	e594301c 	ldr	r3, [r4, #28]
    4440:	e5952030 	ldr	r2, [r5, #48]	@ 0x30
    4444:	e2933030 	adds	r3, r3, #48	@ 0x30
    4448:	2a000302 	bcs	0x5058
    444c:	e59fceb0 	ldr	ip, [pc, #3760]	@ 0x5304
    4450:	e153000c 	cmp	r3, ip
    4454:	8a0002ff 	bhi	0x5058
    4458:	e7921003 	ldr	r1, [r2, r3]
    445c:	e5952030 	ldr	r2, [r5, #48]	@ 0x30
    4460:	e5943030 	ldr	r3, [r4, #48]	@ 0x30
    4464:	e59fce9c 	ldr	ip, [pc, #3740]	@ 0x5308
    4468:	e151000c 	cmp	r1, ip
    446c:	8a0002f9 	bhi	0x5058
    4470:	e18230b1 	strh	r3, [r2, r1]
    4474:	eafffcfc 	b	0x386c
    4478:	e594301c 	ldr	r3, [r4, #28]
    447c:	e5952030 	ldr	r2, [r5, #48]	@ 0x30
    4480:	e2933030 	adds	r3, r3, #48	@ 0x30
    4484:	2a0002f3 	bcs	0x5058
    4488:	e59fce74 	ldr	ip, [pc, #3700]	@ 0x5304
    448c:	e153000c 	cmp	r3, ip
    4490:	8a0002f0 	bhi	0x5058
    4494:	e7921003 	ldr	r1, [r2, r3]
    4498:	e5952030 	ldr	r2, [r5, #48]	@ 0x30
    449c:	e5943030 	ldr	r3, [r4, #48]	@ 0x30
    44a0:	e3e0c4fe 	mvn	ip, #-33554432	@ 0xfe000000
    44a4:	e3ccc8fe 	bic	ip, ip, #16646144	@ 0xfe0000
    44a8:	e151000c 	cmp	r1, ip
    44ac:	8a0002e9 	bhi	0x5058
    44b0:	e7c23001 	strb	r3, [r2, r1]
    44b4:	eafffcec 	b	0x386c
    44b8:	e594301c 	ldr	r3, [r4, #28]
    44bc:	e5952030 	ldr	r2, [r5, #48]	@ 0x30
    44c0:	e2933030 	adds	r3, r3, #48	@ 0x30
    44c4:	2a0002e3 	bcs	0x5058
    44c8:	e59fce34 	ldr	ip, [pc, #3636]	@ 0x5304
    44cc:	e153000c 	cmp	r3, ip
    44d0:	8a0002e0 	bhi	0x5058
    44d4:	e7921003 	ldr	r1, [r2, r3]
    44d8:	e5952030 	ldr	r2, [r5, #48]	@ 0x30
    44dc:	e5943030 	ldr	r3, [r4, #48]	@ 0x30
    44e0:	e59fce1c 	ldr	ip, [pc, #3612]	@ 0x5304
    44e4:	e151000c 	cmp	r1, ip
    44e8:	8a0002da 	bhi	0x5058
    44ec:	e7823001 	str	r3, [r2, r1]
    44f0:	eafffcdd 	b	0x386c
    44f4:	e594301c 	ldr	r3, [r4, #28]
    44f8:	e5952030 	ldr	r2, [r5, #48]	@ 0x30
    44fc:	e2933030 	adds	r3, r3, #48	@ 0x30
    4500:	2a0002d4 	bcs	0x5058
    4504:	e59fcdf8 	ldr	ip, [pc, #3576]	@ 0x5304
    4508:	e153000c 	cmp	r3, ip
    450c:	8a0002d1 	bhi	0x5058
    4510:	e7921003 	ldr	r1, [r2, r3]
    4514:	e5942030 	ldr	r2, [r4, #48]	@ 0x30
    4518:	e1a03fc2 	asr	r3, r2, #31
    451c:	e5956030 	ldr	r6, [r5, #48]	@ 0x30
    4520:	e59fcdd4 	ldr	ip, [pc, #3540]	@ 0x52fc
    4524:	e151000c 	cmp	r1, ip
    4528:	8a0002ca 	bhi	0x5058
    452c:	e086c001 	add	ip, r6, r1
    4530:	e58c2000 	str	r2, [ip]
    4534:	e58c3004 	str	r3, [ip, #4]
    4538:	eafffccb 	b	0x386c
    453c:	e594c054 	ldr	ip, [r4, #84]	@ 0x54
    4540:	e35c0008 	cmp	ip, #8
    4544:	e3a0e008 	mov	lr, #8
    4548:	e594c054 	ldr	ip, [r4, #84]	@ 0x54
    454c:	81a0e00c 	movhi	lr, ip
    4550:	e584e054 	str	lr, [r4, #84]	@ 0x54
    4554:	e594c048 	ldr	ip, [r4, #72]	@ 0x48
    4558:	e38ce008 	orr	lr, ip, #8
    455c:	e584e048 	str	lr, [r4, #72]	@ 0x48
    4560:	e3a08078 	mov	r8, #120	@ 0x78
    4564:	e3a0e000 	mov	lr, #0
    4568:	e584e044 	str	lr, [r4, #68]	@ 0x44
    456c:	e3a0eb40 	mov	lr, #64, 22	@ 0x10000
    4570:	e584e064 	str	lr, [r4, #100]	@ 0x64
    4574:	e594601c 	ldr	r6, [r4, #28]
    4578:	e5953030 	ldr	r3, [r5, #48]	@ 0x30
    457c:	e2966030 	adds	r6, r6, #48	@ 0x30
    4580:	2a0002b4 	bcs	0x5058
    4584:	e59fcd70 	ldr	ip, [pc, #3440]	@ 0x52fc
    4588:	e156000c 	cmp	r6, ip
    458c:	8a0002b1 	bhi	0x5058
    4590:	e083c006 	add	ip, r3, r6
    4594:	e59c1000 	ldr	r1, [ip]
    4598:	e59c2004 	ldr	r2, [ip, #4]
    459c:	e1a0a001 	mov	sl, r1
    45a0:	e1a09002 	mov	r9, r2
    45a4:	e2083020 	and	r3, r8, #32
    45a8:	e5841088 	str	r1, [r4, #136]	@ 0x88
    45ac:	e584208c 	str	r2, [r4, #140]	@ 0x8c
    45b0:	e5843094 	str	r3, [r4, #148]	@ 0x94
    45b4:	e59f0d50 	ldr	r0, [pc, #3408]	@ 0x530c
    45b8:	e1a01004 	mov	r1, r4
    45bc:	e59d2000 	ldr	r2, [sp]
    45c0:	e59fcd48 	ldr	ip, [pc, #3400]	@ 0x5310
    45c4:	e12fff3c 	blx	ip
    45c8:	e3500000 	cmp	r0, #0
    45cc:	1a0002a4 	bne	0x5064
    45d0:	e5941088 	ldr	r1, [r4, #136]	@ 0x88
    45d4:	e5841038 	str	r1, [r4, #56]	@ 0x38
    45d8:	e19ac009 	orrs	ip, sl, r9
    45dc:	0a000070 	beq	0x47a4
    45e0:	e594c048 	ldr	ip, [r4, #72]	@ 0x48
    45e4:	e31c0008 	tst	ip, #8
    45e8:	0a00006d 	beq	0x47a4
    45ec:	e1a01228 	lsr	r1, r8, #4
    45f0:	e281eb40 	add	lr, r1, #64, 22	@ 0x10000
    45f4:	e584e064 	str	lr, [r4, #100]	@ 0x64
    45f8:	e3a0e002 	mov	lr, #2
    45fc:	e584e044 	str	lr, [r4, #68]	@ 0x44
    4600:	ea000067 	b	0x47a4
    4604:	e3a0e000 	mov	lr, #0
    4608:	e584e044 	str	lr, [r4, #68]	@ 0x44
    460c:	e3a0eb40 	mov	lr, #64, 22	@ 0x10000
    4610:	e584e064 	str	lr, [r4, #100]	@ 0x64
    4614:	e594601c 	ldr	r6, [r4, #28]
    4618:	e5953030 	ldr	r3, [r5, #48]	@ 0x30
    461c:	e2966030 	adds	r6, r6, #48	@ 0x30
    4620:	2a00028c 	bcs	0x5058
    4624:	e59fccd0 	ldr	ip, [pc, #3280]	@ 0x52fc
    4628:	e156000c 	cmp	r6, ip
    462c:	8a000289 	bhi	0x5058
    4630:	e083c006 	add	ip, r3, r6
    4634:	e59c1000 	ldr	r1, [ip]
    4638:	e59c2004 	ldr	r2, [ip, #4]
    463c:	e1a0a001 	mov	sl, r1
    4640:	e1a09002 	mov	r9, r2
    4644:	e5841088 	str	r1, [r4, #136]	@ 0x88
    4648:	e584208c 	str	r2, [r4, #140]	@ 0x8c
    464c:	e59f0cc0 	ldr	r0, [pc, #3264]	@ 0x5314
    4650:	e1a01004 	mov	r1, r4
    4654:	e59d2000 	ldr	r2, [sp]
    4658:	e59fccb8 	ldr	ip, [pc, #3256]	@ 0x5318
    465c:	e12fff3c 	blx	ip
    4660:	e3500000 	cmp	r0, #0
    4664:	1a00027e 	bne	0x5064
    4668:	e5941088 	ldr	r1, [r4, #136]	@ 0x88
    466c:	e5841038 	str	r1, [r4, #56]	@ 0x38
    4670:	e594c048 	ldr	ip, [r4, #72]	@ 0x48
    4674:	e31c0008 	tst	ip, #8
    4678:	0a000049 	beq	0x47a4
    467c:	e594e038 	ldr	lr, [r4, #56]	@ 0x38
    4680:	e594c020 	ldr	ip, [r4, #32]
    4684:	e04c100e 	sub	r1, ip, lr
    4688:	e1a02001 	mov	r2, r1
    468c:	e594c054 	ldr	ip, [r4, #84]	@ 0x54
    4690:	e15c0002 	cmp	ip, r2
    4694:	e594e054 	ldr	lr, [r4, #84]	@ 0x54
    4698:	d1a0e001 	movle	lr, r1
    469c:	e584e054 	str	lr, [r4, #84]	@ 0x54
    46a0:	ea00003f 	b	0x47a4
    46a4:	e594601c 	ldr	r6, [r4, #28]
    46a8:	e5953030 	ldr	r3, [r5, #48]	@ 0x30
    46ac:	e2966030 	adds	r6, r6, #48	@ 0x30
    46b0:	2a000268 	bcs	0x5058
    46b4:	e59fcc40 	ldr	ip, [pc, #3136]	@ 0x52fc
    46b8:	e156000c 	cmp	r6, ip
    46bc:	8a000265 	bhi	0x5058
    46c0:	e083c006 	add	ip, r3, r6
    46c4:	e59c1000 	ldr	r1, [ip]
    46c8:	e59c2004 	ldr	r2, [ip, #4]
    46cc:	e1a0a001 	mov	sl, r1
    46d0:	e1a09002 	mov	r9, r2
    46d4:	e3e0c000 	mvn	ip, #0
    46d8:	e15c0001 	cmp	ip, r1
    46dc:	e3e0c000 	mvn	ip, #0
    46e0:	e0dcc002 	sbcs	ip, ip, r2
    46e4:	ba000012 	blt	0x4734
    46e8:	e27a1000 	rsbs	r1, sl, #0
    46ec:	e2e92000 	rsc	r2, r9, #0
    46f0:	e1a0a001 	mov	sl, r1
    46f4:	e1a09002 	mov	r9, r2
    46f8:	e594601c 	ldr	r6, [r4, #28]
    46fc:	e5953030 	ldr	r3, [r5, #48]	@ 0x30
    4700:	e2966030 	adds	r6, r6, #48	@ 0x30
    4704:	2a000253 	bcs	0x5058
    4708:	e59fcbec 	ldr	ip, [pc, #3052]	@ 0x52fc
    470c:	e156000c 	cmp	r6, ip
    4710:	8a000250 	bhi	0x5058
    4714:	e083c006 	add	ip, r3, r6
    4718:	e58c1000 	str	r1, [ip]
    471c:	e58c2004 	str	r2, [ip, #4]
    4720:	e3a0e001 	mov	lr, #1
    4724:	e584e044 	str	lr, [r4, #68]	@ 0x44
    4728:	e3a0eb40 	mov	lr, #64, 22	@ 0x10000
    472c:	e584e064 	str	lr, [r4, #100]	@ 0x64
    4730:	ea000010 	b	0x4778
    4734:	e594c048 	ldr	ip, [r4, #72]	@ 0x48
    4738:	e31c0e80 	tst	ip, #128, 28	@ 0x800
    473c:	0a000005 	beq	0x4758
    4740:	e3a0e001 	mov	lr, #1
    4744:	e584e044 	str	lr, [r4, #68]	@ 0x44
    4748:	e3a0eb40 	mov	lr, #64, 22	@ 0x10000
    474c:	e38ee210 	orr	lr, lr, #16, 4
    4750:	e584e064 	str	lr, [r4, #100]	@ 0x64
    4754:	ea000007 	b	0x4778
    4758:	e594c048 	ldr	ip, [r4, #72]	@ 0x48
    475c:	e20c1001 	and	r1, ip, #1
    4760:	e5841044 	str	r1, [r4, #68]	@ 0x44
    4764:	e3510000 	cmp	r1, #0
    4768:	e3a0eb40 	mov	lr, #64, 22	@ 0x10000
    476c:	e38ee220 	orr	lr, lr, #32, 4
    4770:	03a0eb40 	moveq	lr, #64, 22	@ 0x10000
    4774:	e584e064 	str	lr, [r4, #100]	@ 0x64
    4778:	e584a068 	str	sl, [r4, #104]	@ 0x68
    477c:	e584906c 	str	r9, [r4, #108]	@ 0x6c
    4780:	e59f0b94 	ldr	r0, [pc, #2964]	@ 0x531c
    4784:	e1a01004 	mov	r1, r4
    4788:	e59d2000 	ldr	r2, [sp]
    478c:	e59fcb8c 	ldr	ip, [pc, #2956]	@ 0x5320
    4790:	e12fff3c 	blx	ip
    4794:	e3500000 	cmp	r0, #0
    4798:	1a000231 	bne	0x5064
    479c:	e5941088 	ldr	r1, [r4, #136]	@ 0x88
    47a0:	e5841038 	str	r1, [r4, #56]	@ 0x38
    47a4:	e594c054 	ldr	ip, [r4, #84]	@ 0x54
    47a8:	e35c0000 	cmp	ip, #0
    47ac:	e3a01000 	mov	r1, #0
    47b0:	b3a01001 	movlt	r1, #1
    47b4:	e11b0001 	tst	fp, r1
    47b8:	1a00020b 	bne	0x4fec
    47bc:	e594c048 	ldr	ip, [r4, #72]	@ 0x48
    47c0:	e3cc1b40 	bic	r1, ip, #64, 22	@ 0x10000
    47c4:	e35b0000 	cmp	fp, #0
    47c8:	e594e048 	ldr	lr, [r4, #72]	@ 0x48
    47cc:	11a0e001 	movne	lr, r1
    47d0:	e584e048 	str	lr, [r4, #72]	@ 0x48
    47d4:	e3590000 	cmp	r9, #0
    47d8:	1a000000 	bne	0x47e0
    47dc:	e35a0000 	cmp	sl, #0
    47e0:	1a000009 	bne	0x480c
    47e4:	e594c054 	ldr	ip, [r4, #84]	@ 0x54
    47e8:	e35c0000 	cmp	ip, #0
    47ec:	1a000006 	bne	0x480c
    47f0:	e594e028 	ldr	lr, [r4, #40]	@ 0x28
    47f4:	e584e038 	str	lr, [r4, #56]	@ 0x38
    47f8:	e594e028 	ldr	lr, [r4, #40]	@ 0x28
    47fc:	e584e05c 	str	lr, [r4, #92]	@ 0x5c
    4800:	e3a0e000 	mov	lr, #0
    4804:	e584e054 	str	lr, [r4, #84]	@ 0x54
    4808:	ea00018f 	b	0x4e4c
    480c:	e594e038 	ldr	lr, [r4, #56]	@ 0x38
    4810:	e594c028 	ldr	ip, [r4, #40]	@ 0x28
    4814:	e04c100e 	sub	r1, ip, lr
    4818:	e19ac009 	orrs	ip, sl, r9
    481c:	e3a02000 	mov	r2, #0
    4820:	03a02001 	moveq	r2, #1
    4824:	e0811002 	add	r1, r1, r2
    4828:	e1a02001 	mov	r2, r1
    482c:	e594c054 	ldr	ip, [r4, #84]	@ 0x54
    4830:	e15c0002 	cmp	ip, r2
    4834:	e594e054 	ldr	lr, [r4, #84]	@ 0x54
    4838:	d1a0e001 	movle	lr, r1
    483c:	e584e054 	str	lr, [r4, #84]	@ 0x54
    4840:	ea00017f 	b	0x4e44
    4844:	e594301c 	ldr	r3, [r4, #28]
    4848:	e5952030 	ldr	r2, [r5, #48]	@ 0x30
    484c:	e2933030 	adds	r3, r3, #48	@ 0x30
    4850:	2a000200 	bcs	0x5058
    4854:	e3e0c4fe 	mvn	ip, #-33554432	@ 0xfe000000
    4858:	e3ccc8fe 	bic	ip, ip, #16646144	@ 0xfe0000
    485c:	e153000c 	cmp	r3, ip
    4860:	8a0001fc 	bhi	0x5058
    4864:	e7d21003 	ldrb	r1, [r2, r3]
    4868:	ea000163 	b	0x4dfc
    486c:	e594601c 	ldr	r6, [r4, #28]
    4870:	e5953030 	ldr	r3, [r5, #48]	@ 0x30
    4874:	e2966030 	adds	r6, r6, #48	@ 0x30
    4878:	2a0001f6 	bcs	0x5058
    487c:	e59fca80 	ldr	ip, [pc, #2688]	@ 0x5304
    4880:	e156000c 	cmp	r6, ip
    4884:	8a0001f3 	bhi	0x5058
    4888:	e7932006 	ldr	r2, [r3, r6]
    488c:	e1a03002 	mov	r3, r2
    4890:	e3530000 	cmp	r3, #0
    4894:	e3a0eb40 	mov	lr, #64, 22	@ 0x10000
    4898:	e38ee1bc 	orr	lr, lr, #188, 2	@ 0x2f
    489c:	11a0e002 	movne	lr, r2
    48a0:	e584e038 	str	lr, [r4, #56]	@ 0x38
    48a4:	e594c054 	ldr	ip, [r4, #84]	@ 0x54
    48a8:	e37c0360 	cmn	ip, #96, 6	@ 0x80000001
    48ac:	e3e02480 	mvn	r2, #128, 8	@ 0x80000000
    48b0:	e594c054 	ldr	ip, [r4, #84]	@ 0x54
    48b4:	31a0200c 	movcc	r2, ip
    48b8:	e5842090 	str	r2, [r4, #144]	@ 0x90
    48bc:	e59f0a60 	ldr	r0, [pc, #2656]	@ 0x5324
    48c0:	e1a01004 	mov	r1, r4
    48c4:	e59d2000 	ldr	r2, [sp]
    48c8:	e59fca58 	ldr	ip, [pc, #2648]	@ 0x5328
    48cc:	e12fff3c 	blx	ip
    48d0:	e3500000 	cmp	r0, #0
    48d4:	1a0001e2 	bne	0x5064
    48d8:	e594208c 	ldr	r2, [r4, #140]	@ 0x8c
    48dc:	e1a03002 	mov	r3, r2
    48e0:	e594c038 	ldr	ip, [r4, #56]	@ 0x38
    48e4:	e08ce002 	add	lr, ip, r2
    48e8:	e584e05c 	str	lr, [r4, #92]	@ 0x5c
    48ec:	e594c054 	ldr	ip, [r4, #84]	@ 0x54
    48f0:	e37c0001 	cmn	ip, #1
    48f4:	da000003 	ble	0x4908
    48f8:	e594e060 	ldr	lr, [r4, #96]	@ 0x60
    48fc:	e584e048 	str	lr, [r4, #72]	@ 0x48
    4900:	e5843054 	str	r3, [r4, #84]	@ 0x54
    4904:	ea000150 	b	0x4e4c
    4908:	e594e060 	ldr	lr, [r4, #96]	@ 0x60
    490c:	e584e048 	str	lr, [r4, #72]	@ 0x48
    4910:	e5843054 	str	r3, [r4, #84]	@ 0x54
    4914:	e594605c 	ldr	r6, [r4, #92]	@ 0x5c
    4918:	e5953030 	ldr	r3, [r5, #48]	@ 0x30
    491c:	e3e0c4fe 	mvn	ip, #-33554432	@ 0xfe000000
    4920:	e3ccc8fe 	bic	ip, ip, #16646144	@ 0xfe0000
    4924:	e156000c 	cmp	r6, ip
    4928:	8a0001ca 	bhi	0x5058
    492c:	e7d32006 	ldrb	r2, [r3, r6]
    4930:	e3520000 	cmp	r2, #0
    4934:	1a0001ac 	bne	0x4fec
    4938:	ea000143 	b	0x4e4c
    493c:	e594901c 	ldr	r9, [r4, #28]
    4940:	e5956030 	ldr	r6, [r5, #48]	@ 0x30
    4944:	e2999030 	adds	r9, r9, #48	@ 0x30
    4948:	2a0001c2 	bcs	0x5058
    494c:	e59fc9a8 	ldr	ip, [pc, #2472]	@ 0x52fc
    4950:	e159000c 	cmp	r9, ip
    4954:	8a0001bf 	bhi	0x5058
    4958:	e086c009 	add	ip, r6, r9
    495c:	e59c2000 	ldr	r2, [ip]
    4960:	e59c3004 	ldr	r3, [ip, #4]
    4964:	e1a06002 	mov	r6, r2
    4968:	e1a09003 	mov	r9, r3
    496c:	e192c003 	orrs	ip, r2, r3
    4970:	1a00001a 	bne	0x49e0
    4974:	e3a01000 	mov	r1, #0
    4978:	ea00011f 	b	0x4dfc
    497c:	e594c054 	ldr	ip, [r4, #84]	@ 0x54
    4980:	e35c0000 	cmp	ip, #0
    4984:	0a000008 	beq	0x49ac
    4988:	e594301c 	ldr	r3, [r4, #28]
    498c:	e5952030 	ldr	r2, [r5, #48]	@ 0x30
    4990:	e2933030 	adds	r3, r3, #48	@ 0x30
    4994:	2a0001af 	bcs	0x5058
    4998:	e59fc964 	ldr	ip, [pc, #2404]	@ 0x5304
    499c:	e153000c 	cmp	r3, ip
    49a0:	8a0001ac 	bhi	0x5058
    49a4:	e792a003 	ldr	sl, [r2, r3]
    49a8:	ea00002b 	b	0x4a5c
    49ac:	e3a07000 	mov	r7, #0
    49b0:	e3a0e020 	mov	lr, #32
    49b4:	e584e08c 	str	lr, [r4, #140]	@ 0x8c
    49b8:	e3a0e000 	mov	lr, #0
    49bc:	e584e070 	str	lr, [r4, #112]	@ 0x70
    49c0:	e59f0964 	ldr	r0, [pc, #2404]	@ 0x532c
    49c4:	e1a01004 	mov	r1, r4
    49c8:	e59d2000 	ldr	r2, [sp]
    49cc:	e59fc95c 	ldr	ip, [pc, #2396]	@ 0x5330
    49d0:	e12fff3c 	blx	ip
    49d4:	e3500000 	cmp	r0, #0
    49d8:	1a0001a1 	bne	0x5064
    49dc:	ea000084 	b	0x4bf4
    49e0:	e594301c 	ldr	r3, [r4, #28]
    49e4:	e5952030 	ldr	r2, [r5, #48]	@ 0x30
    49e8:	e293300c 	adds	r3, r3, #12
    49ec:	2a000199 	bcs	0x5058
    49f0:	e59fc90c 	ldr	ip, [pc, #2316]	@ 0x5304
    49f4:	e153000c 	cmp	r3, ip
    49f8:	8a000196 	bhi	0x5058
    49fc:	e3a0e000 	mov	lr, #0
    4a00:	e782e003 	str	lr, [r2, r3]
    4a04:	e594201c 	ldr	r2, [r4, #28]
    4a08:	e5950030 	ldr	r0, [r5, #48]	@ 0x30
    4a0c:	e2922008 	adds	r2, r2, #8
    4a10:	2a000190 	bcs	0x5058
    4a14:	e59fc8e8 	ldr	ip, [pc, #2280]	@ 0x5304
    4a18:	e152000c 	cmp	r2, ip
    4a1c:	8a00018d 	bhi	0x5058
    4a20:	e7806002 	str	r6, [r0, r2]
    4a24:	e594c01c 	ldr	ip, [r4, #28]
    4a28:	e28c0008 	add	r0, ip, #8
    4a2c:	e594301c 	ldr	r3, [r4, #28]
    4a30:	e5952030 	ldr	r2, [r5, #48]	@ 0x30
    4a34:	e2933030 	adds	r3, r3, #48	@ 0x30
    4a38:	2a000186 	bcs	0x5058
    4a3c:	e59fc8c0 	ldr	ip, [pc, #2240]	@ 0x5304
    4a40:	e153000c 	cmp	r3, ip
    4a44:	8a000183 	bhi	0x5058
    4a48:	e7820003 	str	r0, [r2, r3]
    4a4c:	e594c01c 	ldr	ip, [r4, #28]
    4a50:	e28ca008 	add	sl, ip, #8
    4a54:	e3e0e000 	mvn	lr, #0
    4a58:	e584e054 	str	lr, [r4, #84]	@ 0x54
    4a5c:	e3a07000 	mov	r7, #0
    4a60:	e1a0300a 	mov	r3, sl
    4a64:	e5952030 	ldr	r2, [r5, #48]	@ 0x30
    4a68:	e59fc894 	ldr	ip, [pc, #2196]	@ 0x5304
    4a6c:	e153000c 	cmp	r3, ip
    4a70:	8a000178 	bhi	0x5058
    4a74:	e7920003 	ldr	r0, [r2, r3]
    4a78:	e1a02000 	mov	r2, r0
    4a7c:	e3500000 	cmp	r0, #0
    4a80:	0a000018 	beq	0x4ae8
    4a84:	e594c01c 	ldr	ip, [r4, #28]
    4a88:	e28c0004 	add	r0, ip, #4
    4a8c:	e5840088 	str	r0, [r4, #136]	@ 0x88
    4a90:	e5842040 	str	r2, [r4, #64]	@ 0x40
    4a94:	e59f0898 	ldr	r0, [pc, #2200]	@ 0x5334
    4a98:	e1a01004 	mov	r1, r4
    4a9c:	e59d2000 	ldr	r2, [sp]
    4aa0:	e59fc890 	ldr	ip, [pc, #2192]	@ 0x5338
    4aa4:	e12fff3c 	blx	ip
    4aa8:	e3500000 	cmp	r0, #0
    4aac:	1a00016c 	bne	0x5064
    4ab0:	e5940088 	ldr	r0, [r4, #136]	@ 0x88
    4ab4:	e1a02000 	mov	r2, r0
    4ab8:	e3500000 	cmp	r0, #0
    4abc:	ba00015a 	blt	0x502c
    4ac0:	e594c054 	ldr	ip, [r4, #84]	@ 0x54
    4ac4:	e04c0007 	sub	r0, ip, r7
    4ac8:	e1520000 	cmp	r2, r0
    4acc:	8a000005 	bhi	0x4ae8
    4ad0:	e28aa004 	add	sl, sl, #4
    4ad4:	e0822007 	add	r2, r2, r7
    4ad8:	e1a07002 	mov	r7, r2
    4adc:	e594c054 	ldr	ip, [r4, #84]	@ 0x54
    4ae0:	e152000c 	cmp	r2, ip
    4ae4:	3affffdd 	bcc	0x4a60
    4ae8:	e3a0e03d 	mov	lr, #61	@ 0x3d
    4aec:	e584e05c 	str	lr, [r4, #92]	@ 0x5c
    4af0:	e3570000 	cmp	r7, #0
    4af4:	ba00013e 	blt	0x4ff4
    4af8:	e3a0e020 	mov	lr, #32
    4afc:	e584e08c 	str	lr, [r4, #140]	@ 0x8c
    4b00:	e5847034 	str	r7, [r4, #52]	@ 0x34
    4b04:	e59f0830 	ldr	r0, [pc, #2096]	@ 0x533c
    4b08:	e1a01004 	mov	r1, r4
    4b0c:	e59d2000 	ldr	r2, [sp]
    4b10:	e59fc828 	ldr	ip, [pc, #2088]	@ 0x5340
    4b14:	e12fff3c 	blx	ip
    4b18:	e3500000 	cmp	r0, #0
    4b1c:	1a000150 	bne	0x5064
    4b20:	e3570000 	cmp	r7, #0
    4b24:	1a000001 	bne	0x4b30
    4b28:	e3a07000 	mov	r7, #0
    4b2c:	ea000030 	b	0x4bf4
    4b30:	e3a06000 	mov	r6, #0
    4b34:	e594201c 	ldr	r2, [r4, #28]
    4b38:	e5950030 	ldr	r0, [r5, #48]	@ 0x30
    4b3c:	e2922030 	adds	r2, r2, #48	@ 0x30
    4b40:	2a000144 	bcs	0x5058
    4b44:	e59fc7b8 	ldr	ip, [pc, #1976]	@ 0x5304
    4b48:	e152000c 	cmp	r2, ip
    4b4c:	8a000141 	bhi	0x5058
    4b50:	e7909002 	ldr	r9, [r0, r2]
    4b54:	e1a03009 	mov	r3, r9
    4b58:	e5952030 	ldr	r2, [r5, #48]	@ 0x30
    4b5c:	e59fc7a0 	ldr	ip, [pc, #1952]	@ 0x5304
    4b60:	e153000c 	cmp	r3, ip
    4b64:	8a00013b 	bhi	0x5058
    4b68:	e7920003 	ldr	r0, [r2, r3]
    4b6c:	e1a02000 	mov	r2, r0
    4b70:	e3500000 	cmp	r0, #0
    4b74:	0a00001e 	beq	0x4bf4
    4b78:	e594c01c 	ldr	ip, [r4, #28]
    4b7c:	e28c0004 	add	r0, ip, #4
    4b80:	e5840088 	str	r0, [r4, #136]	@ 0x88
    4b84:	e5842038 	str	r2, [r4, #56]	@ 0x38
    4b88:	e59f07b4 	ldr	r0, [pc, #1972]	@ 0x5344
    4b8c:	e1a01004 	mov	r1, r4
    4b90:	e59d2000 	ldr	r2, [sp]
    4b94:	e59fc7ac 	ldr	ip, [pc, #1964]	@ 0x5348
    4b98:	e12fff3c 	blx	ip
    4b9c:	e3500000 	cmp	r0, #0
    4ba0:	1a00012f 	bne	0x5064
    4ba4:	e5940088 	ldr	r0, [r4, #136]	@ 0x88
    4ba8:	e1a02000 	mov	r2, r0
    4bac:	e0800006 	add	r0, r0, r6
    4bb0:	e1a06000 	mov	r6, r0
    4bb4:	e1500007 	cmp	r0, r7
    4bb8:	8a00000d 	bhi	0x4bf4
    4bbc:	e594c01c 	ldr	ip, [r4, #28]
    4bc0:	e28c0004 	add	r0, ip, #4
    4bc4:	e584008c 	str	r0, [r4, #140]	@ 0x8c
    4bc8:	e5842038 	str	r2, [r4, #56]	@ 0x38
    4bcc:	e59f0778 	ldr	r0, [pc, #1912]	@ 0x534c
    4bd0:	e1a01004 	mov	r1, r4
    4bd4:	e59d2000 	ldr	r2, [sp]
    4bd8:	e59fc770 	ldr	ip, [pc, #1904]	@ 0x5350
    4bdc:	e12fff3c 	blx	ip
    4be0:	e3500000 	cmp	r0, #0
    4be4:	1a00011e 	bne	0x5064
    4be8:	e2899004 	add	r9, r9, #4
    4bec:	e1560007 	cmp	r6, r7
    4bf0:	3affffd7 	bcc	0x4b54
    4bf4:	e594c048 	ldr	ip, [r4, #72]	@ 0x48
    4bf8:	e22c0d80 	eor	r0, ip, #128, 26	@ 0x2000
    4bfc:	e3a0e020 	mov	lr, #32
    4c00:	e584e08c 	str	lr, [r4, #140]	@ 0x8c
    4c04:	e5847034 	str	r7, [r4, #52]	@ 0x34
    4c08:	e5840098 	str	r0, [r4, #152]	@ 0x98
    4c0c:	e59f0740 	ldr	r0, [pc, #1856]	@ 0x5354
    4c10:	e1a01004 	mov	r1, r4
    4c14:	e59d2000 	ldr	r2, [sp]
    4c18:	e59fc738 	ldr	ip, [pc, #1848]	@ 0x5358
    4c1c:	e12fff3c 	blx	ip
    4c20:	e3500000 	cmp	r0, #0
    4c24:	1a00010e 	bne	0x5064
    4c28:	e594c050 	ldr	ip, [r4, #80]	@ 0x50
    4c2c:	e15c0007 	cmp	ip, r7
    4c30:	e594e050 	ldr	lr, [r4, #80]	@ 0x50
    4c34:	d1a0e007 	movle	lr, r7
    4c38:	e584e034 	str	lr, [r4, #52]	@ 0x34
    4c3c:	eafffb0a 	b	0x386c
    4c40:	e594c054 	ldr	ip, [r4, #84]	@ 0x54
    4c44:	e35c0000 	cmp	ip, #0
    4c48:	e3a00000 	mov	r0, #0
    4c4c:	b3a00001 	movlt	r0, #1
    4c50:	e11b0000 	tst	fp, r0
    4c54:	1a0000e4 	bne	0x4fec
    4c58:	e3a0e03d 	mov	lr, #61	@ 0x3d
    4c5c:	e584e05c 	str	lr, [r4, #92]	@ 0x5c
    4c60:	e594201c 	ldr	r2, [r4, #28]
    4c64:	e5950030 	ldr	r0, [r5, #48]	@ 0x30
    4c68:	e2922030 	adds	r2, r2, #48	@ 0x30
    4c6c:	2a0000f9 	bcs	0x5058
    4c70:	e59fc684 	ldr	ip, [pc, #1668]	@ 0x52fc
    4c74:	e152000c 	cmp	r2, ip
    4c78:	8a0000f6 	bhi	0x5058
    4c7c:	e080c002 	add	ip, r0, r2
    4c80:	e59ce000 	ldr	lr, [ip]
    4c84:	e59cc004 	ldr	ip, [ip, #4]
    4c88:	ec4cea10 	vmov	s0, s1, lr, ip
    4c8c:	ed840b23 	vstr	d0, [r4, #140]	@ 0x8c
    4c90:	e5848034 	str	r8, [r4, #52]	@ 0x34
    4c94:	e59f06c0 	ldr	r0, [pc, #1728]	@ 0x535c
    4c98:	e1a01004 	mov	r1, r4
    4c9c:	e59d2000 	ldr	r2, [sp]
    4ca0:	e59fc6b8 	ldr	ip, [pc, #1720]	@ 0x5360
    4ca4:	e12fff3c 	blx	ip
    4ca8:	e3500000 	cmp	r0, #0
    4cac:	1a0000ec 	bne	0x5064
    4cb0:	e5940088 	ldr	r0, [r4, #136]	@ 0x88
    4cb4:	e5840034 	str	r0, [r4, #52]	@ 0x34
    4cb8:	e3500000 	cmp	r0, #0
    4cbc:	aafffaea 	bge	0x386c
    4cc0:	ea0000cb 	b	0x4ff4
    4cc4:	e5942034 	ldr	r2, [r4, #52]	@ 0x34
    4cc8:	e5950030 	ldr	r0, [r5, #48]	@ 0x30
    4ccc:	e2922001 	adds	r2, r2, #1
    4cd0:	2a0000e0 	bcs	0x5058
    4cd4:	e3e0c4fe 	mvn	ip, #-33554432	@ 0xfe000000
    4cd8:	e3ccc8fe 	bic	ip, ip, #16646144	@ 0xfe0000
    4cdc:	e152000c 	cmp	r2, ip
    4ce0:	8a0000dc 	bhi	0x5058
    4ce4:	e7d0e002 	ldrb	lr, [r0, r2]
    4ce8:	e584e03c 	str	lr, [r4, #60]	@ 0x3c
    4cec:	e594c034 	ldr	ip, [r4, #52]	@ 0x34
    4cf0:	e28ce001 	add	lr, ip, #1
    4cf4:	e584e034 	str	lr, [r4, #52]	@ 0x34
    4cf8:	eafffaf3 	b	0x38cc
    4cfc:	e594c000 	ldr	ip, [r4]
    4d00:	e35c0000 	cmp	ip, #0
    4d04:	1a0000ca 	bne	0x5034
    4d08:	e594c02c 	ldr	ip, [r4, #44]	@ 0x2c
    4d0c:	e35c0000 	cmp	ip, #0
    4d10:	0a0000b2 	beq	0x4fe0
    4d14:	e3a06001 	mov	r6, #1
    4d18:	e1a00106 	lsl	r0, r6, #2
    4d1c:	e594c010 	ldr	ip, [r4, #16]
    4d20:	e08c0000 	add	r0, ip, r0
    4d24:	e1a03000 	mov	r3, r0
    4d28:	e5952030 	ldr	r2, [r5, #48]	@ 0x30
    4d2c:	e59fc5d0 	ldr	ip, [pc, #1488]	@ 0x5304
    4d30:	e153000c 	cmp	r3, ip
    4d34:	8a0000c7 	bhi	0x5058
    4d38:	e7920003 	ldr	r0, [r2, r3]
    4d3c:	e1a02000 	mov	r2, r0
    4d40:	e3500000 	cmp	r0, #0
    4d44:	0a000012 	beq	0x4d94
    4d48:	e1a00186 	lsl	r0, r6, #3
    4d4c:	e594c00c 	ldr	ip, [r4, #12]
    4d50:	e08c0000 	add	r0, ip, r0
    4d54:	e5840088 	str	r0, [r4, #136]	@ 0x88
    4d58:	e584203c 	str	r2, [r4, #60]	@ 0x3c
    4d5c:	e59f0600 	ldr	r0, [pc, #1536]	@ 0x5364
    4d60:	e1a01004 	mov	r1, r4
    4d64:	e59d2000 	ldr	r2, [sp]
    4d68:	e59fc5f8 	ldr	ip, [pc, #1528]	@ 0x5368
    4d6c:	e12fff3c 	blx	ip
    4d70:	e3500000 	cmp	r0, #0
    4d74:	1a0000ba 	bne	0x5064
    4d78:	e3a0e001 	mov	lr, #1
    4d7c:	e584e030 	str	lr, [r4, #48]	@ 0x30
    4d80:	e2860001 	add	r0, r6, #1
    4d84:	e1a06000 	mov	r6, r0
    4d88:	e350000a 	cmp	r0, #10
    4d8c:	1affffe1 	bne	0x4d18
    4d90:	ea0000a7 	b	0x5034
    4d94:	e356000a 	cmp	r6, #10
    4d98:	3a000002 	bcc	0x4da8
    4d9c:	e3a0e001 	mov	lr, #1
    4da0:	e584e030 	str	lr, [r4, #48]	@ 0x30
    4da4:	ea0000a2 	b	0x5034
    4da8:	e1a00106 	lsl	r0, r6, #2
    4dac:	e594c010 	ldr	ip, [r4, #16]
    4db0:	e08c0000 	add	r0, ip, r0
    4db4:	e1a03000 	mov	r3, r0
    4db8:	e5952030 	ldr	r2, [r5, #48]	@ 0x30
    4dbc:	e59fc540 	ldr	ip, [pc, #1344]	@ 0x5304
    4dc0:	e153000c 	cmp	r3, ip
    4dc4:	8a0000a3 	bhi	0x5058
    4dc8:	e7920003 	ldr	r0, [r2, r3]
    4dcc:	e3500000 	cmp	r0, #0
    4dd0:	1a000006 	bne	0x4df0
    4dd4:	e3a0e001 	mov	lr, #1
    4dd8:	e584e030 	str	lr, [r4, #48]	@ 0x30
    4ddc:	e2860001 	add	r0, r6, #1
    4de0:	e1a06000 	mov	r6, r0
    4de4:	e350000a 	cmp	r0, #10
    4de8:	0a000091 	beq	0x5034
    4dec:	eaffffed 	b	0x4da8
    4df0:	e3a0e01c 	mov	lr, #28
    4df4:	e584e05c 	str	lr, [r4, #92]	@ 0x5c
    4df8:	ea00007d 	b	0x4ff4
    4dfc:	e594201c 	ldr	r2, [r4, #28]
    4e00:	e5950030 	ldr	r0, [r5, #48]	@ 0x30
    4e04:	e2922027 	adds	r2, r2, #39	@ 0x27
    4e08:	2a000092 	bcs	0x5058
    4e0c:	e3e0c4fe 	mvn	ip, #-33554432	@ 0xfe000000
    4e10:	e3ccc8fe 	bic	ip, ip, #16646144	@ 0xfe0000
    4e14:	e152000c 	cmp	r2, ip
    4e18:	8a00008e 	bhi	0x5058
    4e1c:	e7c01002 	strb	r1, [r0, r2]
    4e20:	e3a0e001 	mov	lr, #1
    4e24:	e584e054 	str	lr, [r4, #84]	@ 0x54
    4e28:	e594e024 	ldr	lr, [r4, #36]	@ 0x24
    4e2c:	e584e038 	str	lr, [r4, #56]	@ 0x38
    4e30:	e594e028 	ldr	lr, [r4, #40]	@ 0x28
    4e34:	e584e05c 	str	lr, [r4, #92]	@ 0x5c
    4e38:	e594e060 	ldr	lr, [r4, #96]	@ 0x60
    4e3c:	e584e048 	str	lr, [r4, #72]	@ 0x48
    4e40:	ea000001 	b	0x4e4c
    4e44:	e594e028 	ldr	lr, [r4, #40]	@ 0x28
    4e48:	e584e05c 	str	lr, [r4, #92]	@ 0x5c
    4e4c:	e594e038 	ldr	lr, [r4, #56]	@ 0x38
    4e50:	e594c05c 	ldr	ip, [r4, #92]	@ 0x5c
    4e54:	e04c000e 	sub	r0, ip, lr
    4e58:	e1a06000 	mov	r6, r0
    4e5c:	e594c054 	ldr	ip, [r4, #84]	@ 0x54
    4e60:	e15c0006 	cmp	ip, r6
    4e64:	e594c054 	ldr	ip, [r4, #84]	@ 0x54
    4e68:	c1a0000c 	movgt	r0, ip
    4e6c:	e1a07000 	mov	r7, r0
    4e70:	e594c044 	ldr	ip, [r4, #68]	@ 0x44
    4e74:	e3e0e480 	mvn	lr, #128, 8	@ 0x80000000
    4e78:	e02c100e 	eor	r1, ip, lr
    4e7c:	e1500001 	cmp	r0, r1
    4e80:	ca000059 	bgt	0x4fec
    4e84:	e3a0e03d 	mov	lr, #61	@ 0x3d
    4e88:	e584e05c 	str	lr, [r4, #92]	@ 0x5c
    4e8c:	e594c044 	ldr	ip, [r4, #68]	@ 0x44
    4e90:	e08c0007 	add	r0, ip, r7
    4e94:	e1a08000 	mov	r8, r0
    4e98:	e594c050 	ldr	ip, [r4, #80]	@ 0x50
    4e9c:	e15c0008 	cmp	ip, r8
    4ea0:	e594c050 	ldr	ip, [r4, #80]	@ 0x50
    4ea4:	c1a0000c 	movgt	r0, ip
    4ea8:	e5840034 	str	r0, [r4, #52]	@ 0x34
    4eac:	e594c03c 	ldr	ip, [r4, #60]	@ 0x3c
    4eb0:	e150000c 	cmp	r0, ip
    4eb4:	8a00004e 	bhi	0x4ff4
    4eb8:	e3a0e020 	mov	lr, #32
    4ebc:	e584e08c 	str	lr, [r4, #140]	@ 0x8c
    4ec0:	e5848040 	str	r8, [r4, #64]	@ 0x40
    4ec4:	e59f04a0 	ldr	r0, [pc, #1184]	@ 0x536c
    4ec8:	e1a01004 	mov	r1, r4
    4ecc:	e59d2000 	ldr	r2, [sp]
    4ed0:	e59fc498 	ldr	ip, [pc, #1176]	@ 0x5370
    4ed4:	e12fff3c 	blx	ip
    4ed8:	e3500000 	cmp	r0, #0
    4edc:	1a000060 	bne	0x5064
    4ee0:	e59f048c 	ldr	r0, [pc, #1164]	@ 0x5374
    4ee4:	e1a01004 	mov	r1, r4
    4ee8:	e59d2000 	ldr	r2, [sp]
    4eec:	e59fc484 	ldr	ip, [pc, #1156]	@ 0x5378
    4ef0:	e12fff3c 	blx	ip
    4ef4:	e3500000 	cmp	r0, #0
    4ef8:	1a000059 	bne	0x5064
    4efc:	e594c048 	ldr	ip, [r4, #72]	@ 0x48
    4f00:	e22c0b40 	eor	r0, ip, #64, 22	@ 0x10000
    4f04:	e3a0e030 	mov	lr, #48	@ 0x30
    4f08:	e584e08c 	str	lr, [r4, #140]	@ 0x8c
    4f0c:	e5848040 	str	r8, [r4, #64]	@ 0x40
    4f10:	e5840098 	str	r0, [r4, #152]	@ 0x98
    4f14:	e59f0460 	ldr	r0, [pc, #1120]	@ 0x537c
    4f18:	e1a01004 	mov	r1, r4
    4f1c:	e59d2000 	ldr	r2, [sp]
    4f20:	e59fc458 	ldr	ip, [pc, #1112]	@ 0x5380
    4f24:	e12fff3c 	blx	ip
    4f28:	e3500000 	cmp	r0, #0
    4f2c:	1a00004c 	bne	0x5064
    4f30:	e3a0e030 	mov	lr, #48	@ 0x30
    4f34:	e584e08c 	str	lr, [r4, #140]	@ 0x8c
    4f38:	e584704c 	str	r7, [r4, #76]	@ 0x4c
    4f3c:	e5846004 	str	r6, [r4, #4]
    4f40:	e3a0e000 	mov	lr, #0
    4f44:	e584e070 	str	lr, [r4, #112]	@ 0x70
    4f48:	e59f0434 	ldr	r0, [pc, #1076]	@ 0x5384
    4f4c:	e1a01004 	mov	r1, r4
    4f50:	e59d2000 	ldr	r2, [sp]
    4f54:	e59fc42c 	ldr	ip, [pc, #1068]	@ 0x5388
    4f58:	e12fff3c 	blx	ip
    4f5c:	e3500000 	cmp	r0, #0
    4f60:	1a00003f 	bne	0x5064
    4f64:	e5846004 	str	r6, [r4, #4]
    4f68:	e59f041c 	ldr	r0, [pc, #1052]	@ 0x538c
    4f6c:	e1a01004 	mov	r1, r4
    4f70:	e59d2000 	ldr	r2, [sp]
    4f74:	e59fc414 	ldr	ip, [pc, #1044]	@ 0x5390
    4f78:	e12fff3c 	blx	ip
    4f7c:	e3500000 	cmp	r0, #0
    4f80:	1a000037 	bne	0x5064
    4f84:	e594c048 	ldr	ip, [r4, #72]	@ 0x48
    4f88:	e22c0d80 	eor	r0, ip, #128, 26	@ 0x2000
    4f8c:	e3a0e020 	mov	lr, #32
    4f90:	e584e08c 	str	lr, [r4, #140]	@ 0x8c
    4f94:	e5848040 	str	r8, [r4, #64]	@ 0x40
    4f98:	e5840098 	str	r0, [r4, #152]	@ 0x98
    4f9c:	e59f03f0 	ldr	r0, [pc, #1008]	@ 0x5394
    4fa0:	e1a01004 	mov	r1, r4
    4fa4:	e59d2000 	ldr	r2, [sp]
    4fa8:	e59fc3e8 	ldr	ip, [pc, #1000]	@ 0x5398
    4fac:	e12fff3c 	blx	ip
    4fb0:	e3500000 	cmp	r0, #0
    4fb4:	1a00002a 	bne	0x5064
    4fb8:	e594101c 	ldr	r1, [r4, #28]
    4fbc:	e5950030 	ldr	r0, [r5, #48]	@ 0x30
    4fc0:	e291103c 	adds	r1, r1, #60	@ 0x3c
    4fc4:	2a000023 	bcs	0x5058
    4fc8:	e59fc334 	ldr	ip, [pc, #820]	@ 0x5304
    4fcc:	e151000c 	cmp	r1, ip
    4fd0:	8a000020 	bhi	0x5058
    4fd4:	e790e001 	ldr	lr, [r0, r1]
    4fd8:	e584e004 	str	lr, [r4, #4]
    4fdc:	eafffa22 	b	0x386c
    4fe0:	e3a0e000 	mov	lr, #0
    4fe4:	e584e030 	str	lr, [r4, #48]	@ 0x30
    4fe8:	ea000011 	b	0x5034
    4fec:	e3a0e03d 	mov	lr, #61	@ 0x3d
    4ff0:	e584e05c 	str	lr, [r4, #92]	@ 0x5c
    4ff4:	e59f03a0 	ldr	r0, [pc, #928]	@ 0x539c
    4ff8:	e1a01004 	mov	r1, r4
    4ffc:	e59d2000 	ldr	r2, [sp]
    5000:	e59fc398 	ldr	ip, [pc, #920]	@ 0x53a0
    5004:	e12fff3c 	blx	ip
    5008:	e3500000 	cmp	r0, #0
    500c:	1a000014 	bne	0x5064
    5010:	e5940088 	ldr	r0, [r4, #136]	@ 0x88
    5014:	e5951030 	ldr	r1, [r5, #48]	@ 0x30
    5018:	e594205c 	ldr	r2, [r4, #92]	@ 0x5c
    501c:	e59fc2e0 	ldr	ip, [pc, #736]	@ 0x5304
    5020:	e150000c 	cmp	r0, ip
    5024:	8a00000b 	bhi	0x5058
    5028:	e7812000 	str	r2, [r1, r0]
    502c:	e3e0e000 	mvn	lr, #0
    5030:	e584e030 	str	lr, [r4, #48]	@ 0x30
    5034:	e594c01c 	ldr	ip, [r4, #28]
    5038:	e28c0040 	add	r0, ip, #64	@ 0x40
    503c:	e595103c 	ldr	r1, [r5, #60]	@ 0x3c
    5040:	e5810008 	str	r0, [r1, #8]
    5044:	e59f0358 	ldr	r0, [pc, #856]	@ 0x53a4
    5048:	e30ccabc 	movw	ip, #51900	@ 0xcabc
    504c:	e34ccdef 	movt	ip, #52719	@ 0xcdef
    5050:	e28dd004 	add	sp, sp, #4
    5054:	e8bd8fc0 	pop	{r6, r7, r8, r9, sl, fp, pc}
    5058:	e3a00008 	mov	r0, #8
    505c:	e59d1000 	ldr	r1, [sp]
    5060:	e5810010 	str	r0, [r1, #16]
    5064:	e59d0000 	ldr	r0, [sp]
    5068:	e59d101c 	ldr	r1, [sp, #28]
    506c:	e59fc334 	ldr	ip, [pc, #820]	@ 0x53a8
    5070:	e12fff3c 	blx	ip
    5074:	e28dd004 	add	sp, sp, #4
    5078:	e8bd0fc0 	pop	{r6, r7, r8, r9, sl, fp}
    507c:	e28dd004 	add	sp, sp, #4
    5080:	e12fff10 	bx	r0
    5084:	e92d40c0 	push	{r6, r7, lr}
    5088:	e24dd004 	sub	sp, sp, #4
    508c:	e58d0000 	str	r0, [sp]
    5090:	e30cc123 	movw	ip, #49443	@ 0xc123
    5094:	e34cc456 	movt	ip, #50262	@ 0xc456
    5098:	e5940000 	ldr	r0, [r4]
    509c:	e5941004 	ldr	r1, [r4, #4]
    50a0:	e5942008 	ldr	r2, [r4, #8]
    50a4:	e1a07000 	mov	r7, r0
    50a8:	e5956030 	ldr	r6, [r5, #48]	@ 0x30
    50ac:	e3e0c4fe 	mvn	ip, #-33554432	@ 0xfe000000
    50b0:	e3ccc8fe 	bic	ip, ip, #16646144	@ 0xfe0000
    50b4:	e157000c 	cmp	r7, ip
    50b8:	8a000011 	bhi	0x5104
    50bc:	e7d63007 	ldrb	r3, [r6, r7]
    50c0:	e3130020 	tst	r3, #32
    50c4:	1a000009 	bne	0x50f0
    50c8:	e5841004 	str	r1, [r4, #4]
    50cc:	e5842008 	str	r2, [r4, #8]
    50d0:	e5840000 	str	r0, [r4]
    50d4:	e59f02d0 	ldr	r0, [pc, #720]	@ 0x53ac
    50d8:	e1a01004 	mov	r1, r4
    50dc:	e59d2000 	ldr	r2, [sp]
    50e0:	e59fc2c8 	ldr	ip, [pc, #712]	@ 0x53b0
    50e4:	e12fff3c 	blx	ip
    50e8:	e3500000 	cmp	r0, #0
    50ec:	1a000007 	bne	0x5110
    50f0:	e59f02bc 	ldr	r0, [pc, #700]	@ 0x53b4
    50f4:	e30ccabc 	movw	ip, #51900	@ 0xcabc
    50f8:	e34ccdef 	movt	ip, #52719	@ 0xcdef
    50fc:	e28dd004 	add	sp, sp, #4
    5100:	e8bd80c0 	pop	{r6, r7, pc}
    5104:	e3a00008 	mov	r0, #8
    5108:	e59d1000 	ldr	r1, [sp]
    510c:	e5810010 	str	r0, [r1, #16]
    5110:	e59d0000 	ldr	r0, [sp]
    5114:	e59d100c 	ldr	r1, [sp, #12]
    5118:	e59fc298 	ldr	ip, [pc, #664]	@ 0x53b8
    511c:	e12fff3c 	blx	ip
    5120:	e28dd004 	add	sp, sp, #4
    5124:	e8bd00c0 	pop	{r6, r7}
    5128:	e28dd004 	add	sp, sp, #4
    512c:	e12fff10 	bx	r0
    5130:	e92d47c0 	push	{r6, r7, r8, r9, sl, lr}
    5134:	e24dd008 	sub	sp, sp, #8
    5138:	e58d0000 	str	r0, [sp]
    513c:	e30cc123 	movw	ip, #49443	@ 0xc123
    5140:	e34cc456 	movt	ip, #50262	@ 0xc456
    5144:	e5940000 	ldr	r0, [r4]
    5148:	e3a01000 	mov	r1, #0
    514c:	e1a06000 	mov	r6, r0
    5150:	e5953030 	ldr	r3, [r5, #48]	@ 0x30
    5154:	e59fc1a8 	ldr	ip, [pc, #424]	@ 0x5304
    5158:	e156000c 	cmp	r6, ip
    515c:	8a00003a 	bhi	0x524c
    5160:	e7932006 	ldr	r2, [r3, r6]
    5164:	e1a03002 	mov	r3, r2
    5168:	e1a07002 	mov	r7, r2
    516c:	e5956030 	ldr	r6, [r5, #48]	@ 0x30
    5170:	e3e0c4fe 	mvn	ip, #-33554432	@ 0xfe000000
    5174:	e3ccc8fe 	bic	ip, ip, #16646144	@ 0xfe0000
    5178:	e157000c 	cmp	r7, ip
    517c:	8a000032 	bhi	0x524c
    5180:	e19620d7 	ldrsb	r2, [r6, r7]
    5184:	e2422030 	sub	r2, r2, #48	@ 0x30
    5188:	e1a06002 	mov	r6, r2
    518c:	e3520009 	cmp	r2, #9
    5190:	9a000003 	bls	0x51a4
    5194:	e3a0e000 	mov	lr, #0
    5198:	e584e018 	str	lr, [r4, #24]
    519c:	e59f0218 	ldr	r0, [pc, #536]	@ 0x53bc
    51a0:	ea000027 	b	0x5244
    51a4:	e3e02000 	mvn	r2, #0
    51a8:	e59fc210 	ldr	ip, [pc, #528]	@ 0x53c0
    51ac:	e151000c 	cmp	r1, ip
    51b0:	8a000008 	bhi	0x51d8
    51b4:	e3a0c00a 	mov	ip, #10
    51b8:	e0070c91 	mul	r7, r1, ip
    51bc:	e1a08007 	mov	r8, r7
    51c0:	e0867007 	add	r7, r6, r7
    51c4:	e3e0c480 	mvn	ip, #128, 8	@ 0x80000000
    51c8:	e028800c 	eor	r8, r8, ip
    51cc:	e1560008 	cmp	r6, r8
    51d0:	e3e02000 	mvn	r2, #0
    51d4:	91a02007 	movls	r2, r7
    51d8:	e2837001 	add	r7, r3, #1
    51dc:	e1a08007 	mov	r8, r7
    51e0:	e1a0a000 	mov	sl, r0
    51e4:	e5959030 	ldr	r9, [r5, #48]	@ 0x30
    51e8:	e59fc114 	ldr	ip, [pc, #276]	@ 0x5304
    51ec:	e15a000c 	cmp	sl, ip
    51f0:	8a000015 	bhi	0x524c
    51f4:	e789700a 	str	r7, [r9, sl]
    51f8:	e1a0a003 	mov	sl, r3
    51fc:	e5959030 	ldr	r9, [r5, #48]	@ 0x30
    5200:	e29aa001 	adds	sl, sl, #1
    5204:	2a000010 	bcs	0x524c
    5208:	e3e0c4fe 	mvn	ip, #-33554432	@ 0xfe000000
    520c:	e3ccc8fe 	bic	ip, ip, #16646144	@ 0xfe0000
    5210:	e15a000c 	cmp	sl, ip
    5214:	8a00000c 	bhi	0x524c
    5218:	e19970da 	ldrsb	r7, [r9, sl]
    521c:	e1a01002 	mov	r1, r2
    5220:	e1a03008 	mov	r3, r8
    5224:	e2477030 	sub	r7, r7, #48	@ 0x30
    5228:	e1a06007 	mov	r6, r7
    522c:	e357000a 	cmp	r7, #10
    5230:	3affffdb 	bcc	0x51a4
    5234:	e5842010 	str	r2, [r4, #16]
    5238:	e59f0184 	ldr	r0, [pc, #388]	@ 0x53c4
    523c:	e30ccabc 	movw	ip, #51900	@ 0xcabc
    5240:	e34ccdef 	movt	ip, #52719	@ 0xcdef
    5244:	e28dd008 	add	sp, sp, #8
    5248:	e8bd87c0 	pop	{r6, r7, r8, r9, sl, pc}
    524c:	e3a00008 	mov	r0, #8
    5250:	e59d1000 	ldr	r1, [sp]
    5254:	e5810010 	str	r0, [r1, #16]
    5258:	e59d0000 	ldr	r0, [sp]
    525c:	e59d101c 	ldr	r1, [sp, #28]
    5260:	e59fc160 	ldr	ip, [pc, #352]	@ 0x53c8
    5264:	e12fff3c 	blx	ip
    5268:	e28dd008 	add	sp, sp, #8
    526c:	e8bd07c0 	pop	{r6, r7, r8, r9, sl}
    5270:	e28dd004 	add	sp, sp, #4
    5274:	e12fff10 	bx	r0
    5278:	e92d41c0 	push	{r6, r7, r8, lr}
    527c:	e24dd008 	sub	sp, sp, #8
    5280:	e58d0000 	str	r0, [sp]
    5284:	e30cc123 	movw	ip, #49443	@ 0xc123
    5288:	e34cc456 	movt	ip, #50262	@ 0xc456
    528c:	e5940000 	ldr	r0, [r4]
    5290:	e5941004 	ldr	r1, [r4, #4]
    5294:	e5942008 	ldr	r2, [r4, #8]
    5298:	e594300c 	ldr	r3, [r4, #12]
    529c:	e2411009 	sub	r1, r1, #9
    52a0:	e1a0e001 	mov	lr, r1
    52a4:	e35e0012 	cmp	lr, #18
    52a8:	23a0e012 	movcs	lr, #18
    52ac:	e1a0e10e 	lsl	lr, lr, #2
    52b0:	e59fc114 	ldr	ip, [pc, #276]	@ 0x53cc
    52b4:	e08ee00c 	add	lr, lr, ip
    52b8:	e59ec000 	ldr	ip, [lr]
    52bc:	e12fff1c 	bx	ip
    52c0:	e1a07002 	mov	r7, r2
    52c4:	e5956030 	ldr	r6, [r5, #48]	@ 0x30
    52c8:	e59fc034 	ldr	ip, [pc, #52]	@ 0x5304
    52cc:	e157000c 	cmp	r7, ip
    52d0:	8a000254 	bhi	0x5c28
    52d4:	e7961007 	ldr	r1, [r6, r7]
    52d8:	e1a06001 	mov	r6, r1
    52dc:	e2811004 	add	r1, r1, #4
    52e0:	ea00003a 	b	0x53d0
	...
    52f8:	4085b9d0 	ldrdmi	fp, [r5], r0
    52fc:	0101fff8 	strdeq	pc, [r1, -r8]
    5300:	4085b9f0 	strdmi	fp, [r5], r0
    5304:	0101fffc 	strdeq	pc, [r1, -ip]
    5308:	0101fffe 	strdeq	pc, [r1, -lr]
    530c:	00407ce8 	subeq	r7, r0, r8, ror #25
    5310:	000487b4 			@ <UNDEFINED> instruction: 0x000487b4
    5314:	00407dac 	subeq	r7, r0, ip, lsr #27
    5318:	000487b4 			@ <UNDEFINED> instruction: 0x000487b4
    531c:	00407f3c 	subeq	r7, r0, ip, lsr pc
    5320:	000487b4 			@ <UNDEFINED> instruction: 0x000487b4
    5324:	004080a4 	subeq	r8, r0, r4, lsr #1
    5328:	000487b4 			@ <UNDEFINED> instruction: 0x000487b4
    532c:	004081a4 	subeq	r8, r0, r4, lsr #3
    5330:	000487b4 			@ <UNDEFINED> instruction: 0x000487b4
    5334:	00408260 	subeq	r8, r0, r0, ror #4
    5338:	000487b4 			@ <UNDEFINED> instruction: 0x000487b4
    533c:	0040832c 	subeq	r8, r0, ip, lsr #6
    5340:	000487b4 			@ <UNDEFINED> instruction: 0x000487b4
    5344:	004083a8 	subeq	r8, r0, r8, lsr #7
    5348:	000487b4 			@ <UNDEFINED> instruction: 0x000487b4
    534c:	00408408 	subeq	r8, r0, r8, lsl #8
    5350:	000487b4 			@ <UNDEFINED> instruction: 0x000487b4
    5354:	00408470 	subeq	r8, r0, r0, ror r4
    5358:	000487b4 			@ <UNDEFINED> instruction: 0x000487b4
    535c:	004084e8 	subeq	r8, r0, r8, ror #9
    5360:	00048af0 	strdeq	r8, [r4], -r0
    5364:	004085e8 	subeq	r8, r0, r8, ror #11
    5368:	000487b4 			@ <UNDEFINED> instruction: 0x000487b4
    536c:	00408834 	subeq	r8, r0, r4, lsr r8
    5370:	000487b4 			@ <UNDEFINED> instruction: 0x000487b4
    5374:	0040884c 	subeq	r8, r0, ip, asr #16
    5378:	000487b4 			@ <UNDEFINED> instruction: 0x000487b4
    537c:	00408884 	subeq	r8, r0, r4, lsl #17
    5380:	000487b4 			@ <UNDEFINED> instruction: 0x000487b4
    5384:	004088a8 	subeq	r8, r0, r8, lsr #17
    5388:	000487b4 			@ <UNDEFINED> instruction: 0x000487b4
    538c:	004088c0 	subeq	r8, r0, r0, asr #17
    5390:	000487b4 			@ <UNDEFINED> instruction: 0x000487b4
    5394:	004088f8 	strdeq	r8, [r0], #-136	@ 0xffffff78
    5398:	000487b4 			@ <UNDEFINED> instruction: 0x000487b4
    539c:	00408940 	subeq	r8, r0, r0, asr #18
    53a0:	000487b4 			@ <UNDEFINED> instruction: 0x000487b4
    53a4:	00408984 	subeq	r8, r0, r4, lsl #19
    53a8:	00047eac 	andeq	r7, r4, ip, lsr #29
    53ac:	003ffe60 	eorseq	pc, pc, r0, ror #28
    53b0:	000487b4 			@ <UNDEFINED> instruction: 0x000487b4
    53b4:	003ffe7c 	eorseq	pc, pc, ip, ror lr	@ <UNPREDICTABLE>
    53b8:	00047eac 	andeq	r7, r4, ip, lsr #29
    53bc:	003fda30 	eorseq	sp, pc, r0, lsr sl	@ <UNPREDICTABLE>
    53c0:	0ccccccc 	stcleq	12, cr12, [ip], {204}	@ 0xcc
    53c4:	003fdb20 	eorseq	sp, pc, r0, lsr #22
    53c8:	00047eac 	andeq	r7, r4, ip, lsr #29
    53cc:	4085ba14 	addmi	fp, r5, r4, lsl sl
    53d0:	e1a08002 	mov	r8, r2
    53d4:	e5957030 	ldr	r7, [r5, #48]	@ 0x30
    53d8:	e59fcff8 	ldr	ip, [pc, #4088]	@ 0x63d8
    53dc:	e158000c 	cmp	r8, ip
    53e0:	8a000210 	bhi	0x5c28
    53e4:	e7871008 	str	r1, [r7, r8]
    53e8:	e1a07006 	mov	r7, r6
    53ec:	e5951030 	ldr	r1, [r5, #48]	@ 0x30
    53f0:	e59fcfe0 	ldr	ip, [pc, #4064]	@ 0x63d8
    53f4:	e157000c 	cmp	r7, ip
    53f8:	8a00020a 	bhi	0x5c28
    53fc:	e7916007 	ldr	r6, [r1, r7]
    5400:	e1a07000 	mov	r7, r0
    5404:	e5951030 	ldr	r1, [r5, #48]	@ 0x30
    5408:	e59fcfc8 	ldr	ip, [pc, #4040]	@ 0x63d8
    540c:	e157000c 	cmp	r7, ip
    5410:	8a000204 	bhi	0x5c28
    5414:	e7816007 	str	r6, [r1, r7]
    5418:	e59f0fbc 	ldr	r0, [pc, #4028]	@ 0x63dc
    541c:	ea0001ff 	b	0x5c20
    5420:	e1a07002 	mov	r7, r2
    5424:	e5956030 	ldr	r6, [r5, #48]	@ 0x30
    5428:	e59fcfa8 	ldr	ip, [pc, #4008]	@ 0x63d8
    542c:	e157000c 	cmp	r7, ip
    5430:	8a0001fc 	bhi	0x5c28
    5434:	e7961007 	ldr	r1, [r6, r7]
    5438:	e1a06001 	mov	r6, r1
    543c:	e2811004 	add	r1, r1, #4
    5440:	e1a08002 	mov	r8, r2
    5444:	e5957030 	ldr	r7, [r5, #48]	@ 0x30
    5448:	e59fcf88 	ldr	ip, [pc, #3976]	@ 0x63d8
    544c:	e158000c 	cmp	r8, ip
    5450:	8a0001f4 	bhi	0x5c28
    5454:	e7871008 	str	r1, [r7, r8]
    5458:	e5958030 	ldr	r8, [r5, #48]	@ 0x30
    545c:	e59fcf74 	ldr	ip, [pc, #3956]	@ 0x63d8
    5460:	e156000c 	cmp	r6, ip
    5464:	8a0001ef 	bhi	0x5c28
    5468:	e7981006 	ldr	r1, [r8, r6]
    546c:	e1a07fc1 	asr	r7, r1, #31
    5470:	e1a08000 	mov	r8, r0
    5474:	e5956030 	ldr	r6, [r5, #48]	@ 0x30
    5478:	e59fcf60 	ldr	ip, [pc, #3936]	@ 0x63e0
    547c:	e158000c 	cmp	r8, ip
    5480:	8a0001e8 	bhi	0x5c28
    5484:	e086c008 	add	ip, r6, r8
    5488:	e58c1000 	str	r1, [ip]
    548c:	e58c7004 	str	r7, [ip, #4]
    5490:	e59f0f4c 	ldr	r0, [pc, #3916]	@ 0x63e4
    5494:	ea0001e1 	b	0x5c20
    5498:	e1a07002 	mov	r7, r2
    549c:	e5956030 	ldr	r6, [r5, #48]	@ 0x30
    54a0:	e59fcf30 	ldr	ip, [pc, #3888]	@ 0x63d8
    54a4:	e157000c 	cmp	r7, ip
    54a8:	8a0001de 	bhi	0x5c28
    54ac:	e7961007 	ldr	r1, [r6, r7]
    54b0:	e1a06001 	mov	r6, r1
    54b4:	e2811004 	add	r1, r1, #4
    54b8:	e1a08002 	mov	r8, r2
    54bc:	e5957030 	ldr	r7, [r5, #48]	@ 0x30
    54c0:	e59fcf10 	ldr	ip, [pc, #3856]	@ 0x63d8
    54c4:	e158000c 	cmp	r8, ip
    54c8:	8a0001d6 	bhi	0x5c28
    54cc:	e7871008 	str	r1, [r7, r8]
    54d0:	e5958030 	ldr	r8, [r5, #48]	@ 0x30
    54d4:	e59fcefc 	ldr	ip, [pc, #3836]	@ 0x63d8
    54d8:	e156000c 	cmp	r6, ip
    54dc:	8a0001d1 	bhi	0x5c28
    54e0:	e7981006 	ldr	r1, [r8, r6]
    54e4:	e3a07000 	mov	r7, #0
    54e8:	e1a08000 	mov	r8, r0
    54ec:	e5956030 	ldr	r6, [r5, #48]	@ 0x30
    54f0:	e59fcee8 	ldr	ip, [pc, #3816]	@ 0x63e0
    54f4:	e158000c 	cmp	r8, ip
    54f8:	8a0001ca 	bhi	0x5c28
    54fc:	e086c008 	add	ip, r6, r8
    5500:	e58c1000 	str	r1, [ip]
    5504:	e58c7004 	str	r7, [ip, #4]
    5508:	e59f0ed8 	ldr	r0, [pc, #3800]	@ 0x63e8
    550c:	ea0001c3 	b	0x5c20
    5510:	e1a07002 	mov	r7, r2
    5514:	e5956030 	ldr	r6, [r5, #48]	@ 0x30
    5518:	e59fceb8 	ldr	ip, [pc, #3768]	@ 0x63d8
    551c:	e157000c 	cmp	r7, ip
    5520:	8a0001c0 	bhi	0x5c28
    5524:	e7961007 	ldr	r1, [r6, r7]
    5528:	e1a06001 	mov	r6, r1
    552c:	e2811004 	add	r1, r1, #4
    5530:	e1a08002 	mov	r8, r2
    5534:	e5957030 	ldr	r7, [r5, #48]	@ 0x30
    5538:	e59fce98 	ldr	ip, [pc, #3736]	@ 0x63d8
    553c:	e158000c 	cmp	r8, ip
    5540:	8a0001b8 	bhi	0x5c28
    5544:	e7871008 	str	r1, [r7, r8]
    5548:	e5958030 	ldr	r8, [r5, #48]	@ 0x30
    554c:	e59fce84 	ldr	ip, [pc, #3716]	@ 0x63d8
    5550:	e156000c 	cmp	r6, ip
    5554:	8a0001b3 	bhi	0x5c28
    5558:	e7981006 	ldr	r1, [r8, r6]
    555c:	e1a07fc1 	asr	r7, r1, #31
    5560:	e1a08000 	mov	r8, r0
    5564:	e5956030 	ldr	r6, [r5, #48]	@ 0x30
    5568:	e59fce70 	ldr	ip, [pc, #3696]	@ 0x63e0
    556c:	e158000c 	cmp	r8, ip
    5570:	8a0001ac 	bhi	0x5c28
    5574:	e086c008 	add	ip, r6, r8
    5578:	e58c1000 	str	r1, [ip]
    557c:	e58c7004 	str	r7, [ip, #4]
    5580:	e59f0e64 	ldr	r0, [pc, #3684]	@ 0x63ec
    5584:	ea0001a5 	b	0x5c20
    5588:	e1a07002 	mov	r7, r2
    558c:	e5956030 	ldr	r6, [r5, #48]	@ 0x30
    5590:	e59fce40 	ldr	ip, [pc, #3648]	@ 0x63d8
    5594:	e157000c 	cmp	r7, ip
    5598:	8a0001a2 	bhi	0x5c28
    559c:	e7961007 	ldr	r1, [r6, r7]
    55a0:	e1a06001 	mov	r6, r1
    55a4:	e2811004 	add	r1, r1, #4
    55a8:	e1a08002 	mov	r8, r2
    55ac:	e5957030 	ldr	r7, [r5, #48]	@ 0x30
    55b0:	e59fce20 	ldr	ip, [pc, #3616]	@ 0x63d8
    55b4:	e158000c 	cmp	r8, ip
    55b8:	8a00019a 	bhi	0x5c28
    55bc:	e7871008 	str	r1, [r7, r8]
    55c0:	e5958030 	ldr	r8, [r5, #48]	@ 0x30
    55c4:	e59fce0c 	ldr	ip, [pc, #3596]	@ 0x63d8
    55c8:	e156000c 	cmp	r6, ip
    55cc:	8a000195 	bhi	0x5c28
    55d0:	e7981006 	ldr	r1, [r8, r6]
    55d4:	e3a07000 	mov	r7, #0
    55d8:	e1a08000 	mov	r8, r0
    55dc:	e5956030 	ldr	r6, [r5, #48]	@ 0x30
    55e0:	e59fcdf8 	ldr	ip, [pc, #3576]	@ 0x63e0
    55e4:	e158000c 	cmp	r8, ip
    55e8:	8a00018e 	bhi	0x5c28
    55ec:	e086c008 	add	ip, r6, r8
    55f0:	e58c1000 	str	r1, [ip]
    55f4:	e58c7004 	str	r7, [ip, #4]
    55f8:	e59f0df0 	ldr	r0, [pc, #3568]	@ 0x63f0
    55fc:	ea000187 	b	0x5c20
    5600:	e1a07002 	mov	r7, r2
    5604:	e5956030 	ldr	r6, [r5, #48]	@ 0x30
    5608:	e59fcdc8 	ldr	ip, [pc, #3528]	@ 0x63d8
    560c:	e157000c 	cmp	r7, ip
    5610:	8a000184 	bhi	0x5c28
    5614:	e7961007 	ldr	r1, [r6, r7]
    5618:	e2811007 	add	r1, r1, #7
    561c:	e3c11007 	bic	r1, r1, #7
    5620:	e1a06001 	mov	r6, r1
    5624:	e2811008 	add	r1, r1, #8
    5628:	e1a08002 	mov	r8, r2
    562c:	e5957030 	ldr	r7, [r5, #48]	@ 0x30
    5630:	e59fcda0 	ldr	ip, [pc, #3488]	@ 0x63d8
    5634:	e158000c 	cmp	r8, ip
    5638:	8a00017a 	bhi	0x5c28
    563c:	e7871008 	str	r1, [r7, r8]
    5640:	e5958030 	ldr	r8, [r5, #48]	@ 0x30
    5644:	e59fcd94 	ldr	ip, [pc, #3476]	@ 0x63e0
    5648:	e156000c 	cmp	r6, ip
    564c:	8a000175 	bhi	0x5c28
    5650:	e088c006 	add	ip, r8, r6
    5654:	e59c1000 	ldr	r1, [ip]
    5658:	e59c7004 	ldr	r7, [ip, #4]
    565c:	e1a08000 	mov	r8, r0
    5660:	e5956030 	ldr	r6, [r5, #48]	@ 0x30
    5664:	e59fcd74 	ldr	ip, [pc, #3444]	@ 0x63e0
    5668:	e158000c 	cmp	r8, ip
    566c:	8a00016d 	bhi	0x5c28
    5670:	e086c008 	add	ip, r6, r8
    5674:	e58c1000 	str	r1, [ip]
    5678:	e58c7004 	str	r7, [ip, #4]
    567c:	e59f0d70 	ldr	r0, [pc, #3440]	@ 0x63f4
    5680:	ea000166 	b	0x5c20
    5684:	e1a07002 	mov	r7, r2
    5688:	e5956030 	ldr	r6, [r5, #48]	@ 0x30
    568c:	e59fcd44 	ldr	ip, [pc, #3396]	@ 0x63d8
    5690:	e157000c 	cmp	r7, ip
    5694:	8a000163 	bhi	0x5c28
    5698:	e7961007 	ldr	r1, [r6, r7]
    569c:	e1a06001 	mov	r6, r1
    56a0:	e2811004 	add	r1, r1, #4
    56a4:	e1a08002 	mov	r8, r2
    56a8:	e5957030 	ldr	r7, [r5, #48]	@ 0x30
    56ac:	e59fcd24 	ldr	ip, [pc, #3364]	@ 0x63d8
    56b0:	e158000c 	cmp	r8, ip
    56b4:	8a00015b 	bhi	0x5c28
    56b8:	e7871008 	str	r1, [r7, r8]
    56bc:	e5958030 	ldr	r8, [r5, #48]	@ 0x30
    56c0:	e59fcd30 	ldr	ip, [pc, #3376]	@ 0x63f8
    56c4:	e156000c 	cmp	r6, ip
    56c8:	8a000156 	bhi	0x5c28
    56cc:	e19810f6 	ldrsh	r1, [r8, r6]
    56d0:	e1a07fc1 	asr	r7, r1, #31
    56d4:	e1a08000 	mov	r8, r0
    56d8:	e5956030 	ldr	r6, [r5, #48]	@ 0x30
    56dc:	e59fccfc 	ldr	ip, [pc, #3324]	@ 0x63e0
    56e0:	e158000c 	cmp	r8, ip
    56e4:	8a00014f 	bhi	0x5c28
    56e8:	e086c008 	add	ip, r6, r8
    56ec:	e58c1000 	str	r1, [ip]
    56f0:	e58c7004 	str	r7, [ip, #4]
    56f4:	e59f0d00 	ldr	r0, [pc, #3328]	@ 0x63fc
    56f8:	ea000148 	b	0x5c20
    56fc:	e1a07002 	mov	r7, r2
    5700:	e5956030 	ldr	r6, [r5, #48]	@ 0x30
    5704:	e59fcccc 	ldr	ip, [pc, #3276]	@ 0x63d8
    5708:	e157000c 	cmp	r7, ip
    570c:	8a000145 	bhi	0x5c28
    5710:	e7961007 	ldr	r1, [r6, r7]
    5714:	e1a06001 	mov	r6, r1
    5718:	e2811004 	add	r1, r1, #4
    571c:	e1a08002 	mov	r8, r2
    5720:	e5957030 	ldr	r7, [r5, #48]	@ 0x30
    5724:	e59fccac 	ldr	ip, [pc, #3244]	@ 0x63d8
    5728:	e158000c 	cmp	r8, ip
    572c:	8a00013d 	bhi	0x5c28
    5730:	e7871008 	str	r1, [r7, r8]
    5734:	e5958030 	ldr	r8, [r5, #48]	@ 0x30
    5738:	e59fccb8 	ldr	ip, [pc, #3256]	@ 0x63f8
    573c:	e156000c 	cmp	r6, ip
    5740:	8a000138 	bhi	0x5c28
    5744:	e19810b6 	ldrh	r1, [r8, r6]
    5748:	e3a07000 	mov	r7, #0
    574c:	e1a08000 	mov	r8, r0
    5750:	e5956030 	ldr	r6, [r5, #48]	@ 0x30
    5754:	e59fcc84 	ldr	ip, [pc, #3204]	@ 0x63e0
    5758:	e158000c 	cmp	r8, ip
    575c:	8a000131 	bhi	0x5c28
    5760:	e086c008 	add	ip, r6, r8
    5764:	e58c1000 	str	r1, [ip]
    5768:	e58c7004 	str	r7, [ip, #4]
    576c:	e59f0c8c 	ldr	r0, [pc, #3212]	@ 0x6400
    5770:	ea00012a 	b	0x5c20
    5774:	e1a07002 	mov	r7, r2
    5778:	e5956030 	ldr	r6, [r5, #48]	@ 0x30
    577c:	e59fcc54 	ldr	ip, [pc, #3156]	@ 0x63d8
    5780:	e157000c 	cmp	r7, ip
    5784:	8a000127 	bhi	0x5c28
    5788:	e7961007 	ldr	r1, [r6, r7]
    578c:	e1a06001 	mov	r6, r1
    5790:	e2811004 	add	r1, r1, #4
    5794:	e1a08002 	mov	r8, r2
    5798:	e5957030 	ldr	r7, [r5, #48]	@ 0x30
    579c:	e59fcc34 	ldr	ip, [pc, #3124]	@ 0x63d8
    57a0:	e158000c 	cmp	r8, ip
    57a4:	8a00011f 	bhi	0x5c28
    57a8:	e7871008 	str	r1, [r7, r8]
    57ac:	e5958030 	ldr	r8, [r5, #48]	@ 0x30
    57b0:	e3e0c4fe 	mvn	ip, #-33554432	@ 0xfe000000
    57b4:	e3ccc8fe 	bic	ip, ip, #16646144	@ 0xfe0000
    57b8:	e156000c 	cmp	r6, ip
    57bc:	8a000119 	bhi	0x5c28
    57c0:	e19810d6 	ldrsb	r1, [r8, r6]
    57c4:	e1a07fc1 	asr	r7, r1, #31
    57c8:	e1a08000 	mov	r8, r0
    57cc:	e5956030 	ldr	r6, [r5, #48]	@ 0x30
    57d0:	e59fcc08 	ldr	ip, [pc, #3080]	@ 0x63e0
    57d4:	e158000c 	cmp	r8, ip
    57d8:	8a000112 	bhi	0x5c28
    57dc:	e086c008 	add	ip, r6, r8
    57e0:	e58c1000 	str	r1, [ip]
    57e4:	e58c7004 	str	r7, [ip, #4]
    57e8:	e59f0c14 	ldr	r0, [pc, #3092]	@ 0x6404
    57ec:	ea00010b 	b	0x5c20
    57f0:	e1a07002 	mov	r7, r2
    57f4:	e5956030 	ldr	r6, [r5, #48]	@ 0x30
    57f8:	e59fcbd8 	ldr	ip, [pc, #3032]	@ 0x63d8
    57fc:	e157000c 	cmp	r7, ip
    5800:	8a000108 	bhi	0x5c28
    5804:	e7961007 	ldr	r1, [r6, r7]
    5808:	e1a06001 	mov	r6, r1
    580c:	e2811004 	add	r1, r1, #4
    5810:	e1a08002 	mov	r8, r2
    5814:	e5957030 	ldr	r7, [r5, #48]	@ 0x30
    5818:	e59fcbb8 	ldr	ip, [pc, #3000]	@ 0x63d8
    581c:	e158000c 	cmp	r8, ip
    5820:	8a000100 	bhi	0x5c28
    5824:	e7871008 	str	r1, [r7, r8]
    5828:	e5958030 	ldr	r8, [r5, #48]	@ 0x30
    582c:	e3e0c4fe 	mvn	ip, #-33554432	@ 0xfe000000
    5830:	e3ccc8fe 	bic	ip, ip, #16646144	@ 0xfe0000
    5834:	e156000c 	cmp	r6, ip
    5838:	8a0000fa 	bhi	0x5c28
    583c:	e7d81006 	ldrb	r1, [r8, r6]
    5840:	e3a07000 	mov	r7, #0
    5844:	e1a08000 	mov	r8, r0
    5848:	e5956030 	ldr	r6, [r5, #48]	@ 0x30
    584c:	e59fcb8c 	ldr	ip, [pc, #2956]	@ 0x63e0
    5850:	e158000c 	cmp	r8, ip
    5854:	8a0000f3 	bhi	0x5c28
    5858:	e086c008 	add	ip, r6, r8
    585c:	e58c1000 	str	r1, [ip]
    5860:	e58c7004 	str	r7, [ip, #4]
    5864:	e59f0b9c 	ldr	r0, [pc, #2972]	@ 0x6408
    5868:	ea0000ec 	b	0x5c20
    586c:	e1a07002 	mov	r7, r2
    5870:	e5956030 	ldr	r6, [r5, #48]	@ 0x30
    5874:	e59fcb5c 	ldr	ip, [pc, #2908]	@ 0x63d8
    5878:	e157000c 	cmp	r7, ip
    587c:	8a0000e9 	bhi	0x5c28
    5880:	e7961007 	ldr	r1, [r6, r7]
    5884:	e2811007 	add	r1, r1, #7
    5888:	e3c11007 	bic	r1, r1, #7
    588c:	e1a06001 	mov	r6, r1
    5890:	e2811008 	add	r1, r1, #8
    5894:	e1a08002 	mov	r8, r2
    5898:	e5957030 	ldr	r7, [r5, #48]	@ 0x30
    589c:	e59fcb34 	ldr	ip, [pc, #2868]	@ 0x63d8
    58a0:	e158000c 	cmp	r8, ip
    58a4:	8a0000df 	bhi	0x5c28
    58a8:	e7871008 	str	r1, [r7, r8]
    58ac:	e5958030 	ldr	r8, [r5, #48]	@ 0x30
    58b0:	e59fcb28 	ldr	ip, [pc, #2856]	@ 0x63e0
    58b4:	e156000c 	cmp	r6, ip
    58b8:	8a0000da 	bhi	0x5c28
    58bc:	e088c006 	add	ip, r8, r6
    58c0:	e59c1000 	ldr	r1, [ip]
    58c4:	e59c7004 	ldr	r7, [ip, #4]
    58c8:	e1a08000 	mov	r8, r0
    58cc:	e5956030 	ldr	r6, [r5, #48]	@ 0x30
    58d0:	e59fcb08 	ldr	ip, [pc, #2824]	@ 0x63e0
    58d4:	e158000c 	cmp	r8, ip
    58d8:	8a0000d2 	bhi	0x5c28
    58dc:	e086c008 	add	ip, r6, r8
    58e0:	e58c1000 	str	r1, [ip]
    58e4:	e58c7004 	str	r7, [ip, #4]
    58e8:	e59f0b1c 	ldr	r0, [pc, #2844]	@ 0x640c
    58ec:	ea0000cb 	b	0x5c20
    58f0:	e1a07002 	mov	r7, r2
    58f4:	e5956030 	ldr	r6, [r5, #48]	@ 0x30
    58f8:	e59fcad8 	ldr	ip, [pc, #2776]	@ 0x63d8
    58fc:	e157000c 	cmp	r7, ip
    5900:	8a0000c8 	bhi	0x5c28
    5904:	e7961007 	ldr	r1, [r6, r7]
    5908:	e1a06001 	mov	r6, r1
    590c:	e2811004 	add	r1, r1, #4
    5910:	e1a08002 	mov	r8, r2
    5914:	e5957030 	ldr	r7, [r5, #48]	@ 0x30
    5918:	e59fcab8 	ldr	ip, [pc, #2744]	@ 0x63d8
    591c:	e158000c 	cmp	r8, ip
    5920:	8a0000c0 	bhi	0x5c28
    5924:	e7871008 	str	r1, [r7, r8]
    5928:	e5958030 	ldr	r8, [r5, #48]	@ 0x30
    592c:	e59fcaa4 	ldr	ip, [pc, #2724]	@ 0x63d8
    5930:	e156000c 	cmp	r6, ip
    5934:	8a0000bb 	bhi	0x5c28
    5938:	e7981006 	ldr	r1, [r8, r6]
    593c:	e3a07000 	mov	r7, #0
    5940:	e1a08000 	mov	r8, r0
    5944:	e5956030 	ldr	r6, [r5, #48]	@ 0x30
    5948:	e59fca90 	ldr	ip, [pc, #2704]	@ 0x63e0
    594c:	e158000c 	cmp	r8, ip
    5950:	8a0000b4 	bhi	0x5c28
    5954:	e086c008 	add	ip, r6, r8
    5958:	e58c1000 	str	r1, [ip]
    595c:	e58c7004 	str	r7, [ip, #4]
    5960:	e59f0aa8 	ldr	r0, [pc, #2728]	@ 0x6410
    5964:	ea0000ad 	b	0x5c20
    5968:	e1a07002 	mov	r7, r2
    596c:	e5956030 	ldr	r6, [r5, #48]	@ 0x30
    5970:	e59fca60 	ldr	ip, [pc, #2656]	@ 0x63d8
    5974:	e157000c 	cmp	r7, ip
    5978:	8a0000aa 	bhi	0x5c28
    597c:	e7961007 	ldr	r1, [r6, r7]
    5980:	e2811007 	add	r1, r1, #7
    5984:	e3c11007 	bic	r1, r1, #7
    5988:	e1a06001 	mov	r6, r1
    598c:	e2811008 	add	r1, r1, #8
    5990:	e1a08002 	mov	r8, r2
    5994:	e5957030 	ldr	r7, [r5, #48]	@ 0x30
    5998:	e59fca38 	ldr	ip, [pc, #2616]	@ 0x63d8
    599c:	e158000c 	cmp	r8, ip
    59a0:	8a0000a0 	bhi	0x5c28
    59a4:	e7871008 	str	r1, [r7, r8]
    59a8:	e5958030 	ldr	r8, [r5, #48]	@ 0x30
    59ac:	e59fca2c 	ldr	ip, [pc, #2604]	@ 0x63e0
    59b0:	e156000c 	cmp	r6, ip
    59b4:	8a00009b 	bhi	0x5c28
    59b8:	e088c006 	add	ip, r8, r6
    59bc:	e59c1000 	ldr	r1, [ip]
    59c0:	e59c7004 	ldr	r7, [ip, #4]
    59c4:	e1a08000 	mov	r8, r0
    59c8:	e5956030 	ldr	r6, [r5, #48]	@ 0x30
    59cc:	e59fca0c 	ldr	ip, [pc, #2572]	@ 0x63e0
    59d0:	e158000c 	cmp	r8, ip
    59d4:	8a000093 	bhi	0x5c28
    59d8:	e086c008 	add	ip, r6, r8
    59dc:	e58c1000 	str	r1, [ip]
    59e0:	e58c7004 	str	r7, [ip, #4]
    59e4:	e59f0a28 	ldr	r0, [pc, #2600]	@ 0x6414
    59e8:	ea00008c 	b	0x5c20
    59ec:	e1a07002 	mov	r7, r2
    59f0:	e5956030 	ldr	r6, [r5, #48]	@ 0x30
    59f4:	e59fc9dc 	ldr	ip, [pc, #2524]	@ 0x63d8
    59f8:	e157000c 	cmp	r7, ip
    59fc:	8a000089 	bhi	0x5c28
    5a00:	e7961007 	ldr	r1, [r6, r7]
    5a04:	e2811007 	add	r1, r1, #7
    5a08:	e3c11007 	bic	r1, r1, #7
    5a0c:	e1a06001 	mov	r6, r1
    5a10:	e2811008 	add	r1, r1, #8
    5a14:	e1a08002 	mov	r8, r2
    5a18:	e5957030 	ldr	r7, [r5, #48]	@ 0x30
    5a1c:	e59fc9b4 	ldr	ip, [pc, #2484]	@ 0x63d8
    5a20:	e158000c 	cmp	r8, ip
    5a24:	8a00007f 	bhi	0x5c28
    5a28:	e7871008 	str	r1, [r7, r8]
    5a2c:	e5958030 	ldr	r8, [r5, #48]	@ 0x30
    5a30:	e59fc9a8 	ldr	ip, [pc, #2472]	@ 0x63e0
    5a34:	e156000c 	cmp	r6, ip
    5a38:	8a00007a 	bhi	0x5c28
    5a3c:	e088c006 	add	ip, r8, r6
    5a40:	e59c1000 	ldr	r1, [ip]
    5a44:	e59c7004 	ldr	r7, [ip, #4]
    5a48:	e1a08000 	mov	r8, r0
    5a4c:	e5956030 	ldr	r6, [r5, #48]	@ 0x30
    5a50:	e59fc988 	ldr	ip, [pc, #2440]	@ 0x63e0
    5a54:	e158000c 	cmp	r8, ip
    5a58:	8a000072 	bhi	0x5c28
    5a5c:	e086c008 	add	ip, r6, r8
    5a60:	e58c1000 	str	r1, [ip]
    5a64:	e58c7004 	str	r7, [ip, #4]
    5a68:	e59f09a8 	ldr	r0, [pc, #2472]	@ 0x6418
    5a6c:	ea00006b 	b	0x5c20
    5a70:	e1a07002 	mov	r7, r2
    5a74:	e5956030 	ldr	r6, [r5, #48]	@ 0x30
    5a78:	e59fc958 	ldr	ip, [pc, #2392]	@ 0x63d8
    5a7c:	e157000c 	cmp	r7, ip
    5a80:	8a000068 	bhi	0x5c28
    5a84:	e7961007 	ldr	r1, [r6, r7]
    5a88:	e1a06001 	mov	r6, r1
    5a8c:	e2811004 	add	r1, r1, #4
    5a90:	e1a08002 	mov	r8, r2
    5a94:	e5957030 	ldr	r7, [r5, #48]	@ 0x30
    5a98:	e59fc938 	ldr	ip, [pc, #2360]	@ 0x63d8
    5a9c:	e158000c 	cmp	r8, ip
    5aa0:	8a000060 	bhi	0x5c28
    5aa4:	e7871008 	str	r1, [r7, r8]
    5aa8:	e5958030 	ldr	r8, [r5, #48]	@ 0x30
    5aac:	e59fc924 	ldr	ip, [pc, #2340]	@ 0x63d8
    5ab0:	e156000c 	cmp	r6, ip
    5ab4:	8a00005b 	bhi	0x5c28
    5ab8:	e7981006 	ldr	r1, [r8, r6]
    5abc:	e1a07fc1 	asr	r7, r1, #31
    5ac0:	e1a08000 	mov	r8, r0
    5ac4:	e5956030 	ldr	r6, [r5, #48]	@ 0x30
    5ac8:	e59fc910 	ldr	ip, [pc, #2320]	@ 0x63e0
    5acc:	e158000c 	cmp	r8, ip
    5ad0:	8a000054 	bhi	0x5c28
    5ad4:	e086c008 	add	ip, r6, r8
    5ad8:	e58c1000 	str	r1, [ip]
    5adc:	e58c7004 	str	r7, [ip, #4]
    5ae0:	e59f0934 	ldr	r0, [pc, #2356]	@ 0x641c
    5ae4:	ea00004d 	b	0x5c20
    5ae8:	e1a07002 	mov	r7, r2
    5aec:	e5956030 	ldr	r6, [r5, #48]	@ 0x30
    5af0:	e59fc8e0 	ldr	ip, [pc, #2272]	@ 0x63d8
    5af4:	e157000c 	cmp	r7, ip
    5af8:	8a00004a 	bhi	0x5c28
    5afc:	e7961007 	ldr	r1, [r6, r7]
    5b00:	e1a06001 	mov	r6, r1
    5b04:	e2811004 	add	r1, r1, #4
    5b08:	e1a08002 	mov	r8, r2
    5b0c:	e5957030 	ldr	r7, [r5, #48]	@ 0x30
    5b10:	e59fc8c0 	ldr	ip, [pc, #2240]	@ 0x63d8
    5b14:	e158000c 	cmp	r8, ip
    5b18:	8a000042 	bhi	0x5c28
    5b1c:	e7871008 	str	r1, [r7, r8]
    5b20:	e5958030 	ldr	r8, [r5, #48]	@ 0x30
    5b24:	e59fc8ac 	ldr	ip, [pc, #2220]	@ 0x63d8
    5b28:	e156000c 	cmp	r6, ip
    5b2c:	8a00003d 	bhi	0x5c28
    5b30:	e7981006 	ldr	r1, [r8, r6]
    5b34:	e3a07000 	mov	r7, #0
    5b38:	e1a08000 	mov	r8, r0
    5b3c:	e5956030 	ldr	r6, [r5, #48]	@ 0x30
    5b40:	e59fc898 	ldr	ip, [pc, #2200]	@ 0x63e0
    5b44:	e158000c 	cmp	r8, ip
    5b48:	8a000036 	bhi	0x5c28
    5b4c:	e086c008 	add	ip, r6, r8
    5b50:	e58c1000 	str	r1, [ip]
    5b54:	e58c7004 	str	r7, [ip, #4]
    5b58:	e59f08c0 	ldr	r0, [pc, #2240]	@ 0x6420
    5b5c:	ea00002f 	b	0x5c20
    5b60:	e1a07002 	mov	r7, r2
    5b64:	e5956030 	ldr	r6, [r5, #48]	@ 0x30
    5b68:	e59fc868 	ldr	ip, [pc, #2152]	@ 0x63d8
    5b6c:	e157000c 	cmp	r7, ip
    5b70:	8a00002c 	bhi	0x5c28
    5b74:	e7961007 	ldr	r1, [r6, r7]
    5b78:	e2811007 	add	r1, r1, #7
    5b7c:	e3c11007 	bic	r1, r1, #7
    5b80:	e1a06001 	mov	r6, r1
    5b84:	e2811008 	add	r1, r1, #8
    5b88:	e1a08002 	mov	r8, r2
    5b8c:	e5957030 	ldr	r7, [r5, #48]	@ 0x30
    5b90:	e59fc840 	ldr	ip, [pc, #2112]	@ 0x63d8
    5b94:	e158000c 	cmp	r8, ip
    5b98:	8a000022 	bhi	0x5c28
    5b9c:	e7871008 	str	r1, [r7, r8]
    5ba0:	e5958030 	ldr	r8, [r5, #48]	@ 0x30
    5ba4:	e59fc834 	ldr	ip, [pc, #2100]	@ 0x63e0
    5ba8:	e156000c 	cmp	r6, ip
    5bac:	8a00001d 	bhi	0x5c28
    5bb0:	e088c006 	add	ip, r8, r6
    5bb4:	e59c1000 	ldr	r1, [ip]
    5bb8:	e59c7004 	ldr	r7, [ip, #4]
    5bbc:	e1a08000 	mov	r8, r0
    5bc0:	e5956030 	ldr	r6, [r5, #48]	@ 0x30
    5bc4:	e59fc814 	ldr	ip, [pc, #2068]	@ 0x63e0
    5bc8:	e158000c 	cmp	r8, ip
    5bcc:	8a000015 	bhi	0x5c28
    5bd0:	e086c008 	add	ip, r6, r8
    5bd4:	e58c1000 	str	r1, [ip]
    5bd8:	e58c7004 	str	r7, [ip, #4]
    5bdc:	e3a00840 	mov	r0, #64, 16	@ 0x400000
    5be0:	e3800da1 	orr	r0, r0, #10304	@ 0x2840
    5be4:	ea00000d 	b	0x5c20
    5be8:	e5840000 	str	r0, [r4]
    5bec:	e5842008 	str	r2, [r4, #8]
    5bf0:	e584300c 	str	r3, [r4, #12]
    5bf4:	e3a00840 	mov	r0, #64, 16	@ 0x400000
    5bf8:	e3800da1 	orr	r0, r0, #10304	@ 0x2840
    5bfc:	e1a01004 	mov	r1, r4
    5c00:	e59d2000 	ldr	r2, [sp]
    5c04:	e59fc818 	ldr	ip, [pc, #2072]	@ 0x6424
    5c08:	e12fff3c 	blx	ip
    5c0c:	e3500000 	cmp	r0, #0
    5c10:	1a000007 	bne	0x5c34
    5c14:	e59f080c 	ldr	r0, [pc, #2060]	@ 0x6428
    5c18:	e30ccabc 	movw	ip, #51900	@ 0xcabc
    5c1c:	e34ccdef 	movt	ip, #52719	@ 0xcdef
    5c20:	e28dd008 	add	sp, sp, #8
    5c24:	e8bd81c0 	pop	{r6, r7, r8, pc}
    5c28:	e3a00008 	mov	r0, #8
    5c2c:	e59d1000 	ldr	r1, [sp]
    5c30:	e5810010 	str	r0, [r1, #16]
    5c34:	e59d0000 	ldr	r0, [sp]
    5c38:	e59d1014 	ldr	r1, [sp, #20]
    5c3c:	e59fc7e8 	ldr	ip, [pc, #2024]	@ 0x642c
    5c40:	e12fff3c 	blx	ip
    5c44:	e28dd008 	add	sp, sp, #8
    5c48:	e8bd01c0 	pop	{r6, r7, r8}
    5c4c:	e28dd004 	add	sp, sp, #4
    5c50:	e12fff10 	bx	r0
    5c54:	e92d43c0 	push	{r6, r7, r8, r9, lr}
    5c58:	e24dd004 	sub	sp, sp, #4
    5c5c:	e58d0000 	str	r0, [sp]
    5c60:	e30cc123 	movw	ip, #49443	@ 0xc123
    5c64:	e34cc456 	movt	ip, #50262	@ 0xc456
    5c68:	e5940000 	ldr	r0, [r4]
    5c6c:	e5941004 	ldr	r1, [r4, #4]
    5c70:	e5942008 	ldr	r2, [r4, #8]
    5c74:	e594300c 	ldr	r3, [r4, #12]
    5c78:	e190c001 	orrs	ip, r0, r1
    5c7c:	0a00001e 	beq	0x5cfc
    5c80:	e2426001 	sub	r6, r2, #1
    5c84:	e1a02006 	mov	r2, r6
    5c88:	e1a07000 	mov	r7, r0
    5c8c:	e207700f 	and	r7, r7, #15
    5c90:	e1a09007 	mov	r9, r7
    5c94:	e5958030 	ldr	r8, [r5, #48]	@ 0x30
    5c98:	e3a0cb40 	mov	ip, #64, 22	@ 0x10000
    5c9c:	e38ccf9c 	orr	ip, ip, #156, 30	@ 0x270
    5ca0:	e099900c 	adds	r9, r9, ip
    5ca4:	2a00001a 	bcs	0x5d14
    5ca8:	e3e0c4fe 	mvn	ip, #-33554432	@ 0xfe000000
    5cac:	e3ccc8fe 	bic	ip, ip, #16646144	@ 0xfe0000
    5cb0:	e159000c 	cmp	r9, ip
    5cb4:	8a000016 	bhi	0x5d14
    5cb8:	e7d87009 	ldrb	r7, [r8, r9]
    5cbc:	e1877003 	orr	r7, r7, r3
    5cc0:	e5958030 	ldr	r8, [r5, #48]	@ 0x30
    5cc4:	e3e0c4fe 	mvn	ip, #-33554432	@ 0xfe000000
    5cc8:	e3ccc8fe 	bic	ip, ip, #16646144	@ 0xfe0000
    5ccc:	e156000c 	cmp	r6, ip
    5cd0:	8a00000f 	bhi	0x5d14
    5cd4:	e7c87006 	strb	r7, [r8, r6]
    5cd8:	e270c00f 	rsbs	ip, r0, #15
    5cdc:	e2f1c000 	rscs	ip, r1, #0
    5ce0:	e3a06000 	mov	r6, #0
    5ce4:	33a06001 	movcc	r6, #1
    5ce8:	e1a00220 	lsr	r0, r0, #4
    5cec:	e1800e01 	orr	r0, r0, r1, lsl #28
    5cf0:	e1a01221 	lsr	r1, r1, #4
    5cf4:	e3560000 	cmp	r6, #0
    5cf8:	1affffe0 	bne	0x5c80
    5cfc:	e5842008 	str	r2, [r4, #8]
    5d00:	e59f0728 	ldr	r0, [pc, #1832]	@ 0x6430
    5d04:	e30ccabc 	movw	ip, #51900	@ 0xcabc
    5d08:	e34ccdef 	movt	ip, #52719	@ 0xcdef
    5d0c:	e28dd004 	add	sp, sp, #4
    5d10:	e8bd83c0 	pop	{r6, r7, r8, r9, pc}
    5d14:	e3a00008 	mov	r0, #8
    5d18:	e59d1000 	ldr	r1, [sp]
    5d1c:	e5810010 	str	r0, [r1, #16]
    5d20:	e59d0000 	ldr	r0, [sp]
    5d24:	e59d1014 	ldr	r1, [sp, #20]
    5d28:	e59fc704 	ldr	ip, [pc, #1796]	@ 0x6434
    5d2c:	e12fff3c 	blx	ip
    5d30:	e28dd004 	add	sp, sp, #4
    5d34:	e8bd03c0 	pop	{r6, r7, r8, r9}
    5d38:	e28dd004 	add	sp, sp, #4
    5d3c:	e12fff10 	bx	r0
    5d40:	e92d40c0 	push	{r6, r7, lr}
    5d44:	e24dd004 	sub	sp, sp, #4
    5d48:	e58d0000 	str	r0, [sp]
    5d4c:	e30cc123 	movw	ip, #49443	@ 0xc123
    5d50:	e34cc456 	movt	ip, #50262	@ 0xc456
    5d54:	e5940000 	ldr	r0, [r4]
    5d58:	e5941004 	ldr	r1, [r4, #4]
    5d5c:	e5942008 	ldr	r2, [r4, #8]
    5d60:	e190c001 	orrs	ip, r0, r1
    5d64:	0a000013 	beq	0x5db8
    5d68:	e2423001 	sub	r3, r2, #1
    5d6c:	e1a02003 	mov	r2, r3
    5d70:	e1a06000 	mov	r6, r0
    5d74:	e2066007 	and	r6, r6, #7
    5d78:	e3866030 	orr	r6, r6, #48	@ 0x30
    5d7c:	e5957030 	ldr	r7, [r5, #48]	@ 0x30
    5d80:	e3e0c4fe 	mvn	ip, #-33554432	@ 0xfe000000
    5d84:	e3ccc8fe 	bic	ip, ip, #16646144	@ 0xfe0000
    5d88:	e153000c 	cmp	r3, ip
    5d8c:	8a00000f 	bhi	0x5dd0
    5d90:	e7c76003 	strb	r6, [r7, r3]
    5d94:	e270c007 	rsbs	ip, r0, #7
    5d98:	e2f1c000 	rscs	ip, r1, #0
    5d9c:	e3a03000 	mov	r3, #0
    5da0:	33a03001 	movcc	r3, #1
    5da4:	e1a001a0 	lsr	r0, r0, #3
    5da8:	e1800e81 	orr	r0, r0, r1, lsl #29
    5dac:	e1a011a1 	lsr	r1, r1, #3
    5db0:	e3530000 	cmp	r3, #0
    5db4:	1affffeb 	bne	0x5d68
    5db8:	e5842008 	str	r2, [r4, #8]
    5dbc:	e59f0674 	ldr	r0, [pc, #1652]	@ 0x6438
    5dc0:	e30ccabc 	movw	ip, #51900	@ 0xcabc
    5dc4:	e34ccdef 	movt	ip, #52719	@ 0xcdef
    5dc8:	e28dd004 	add	sp, sp, #4
    5dcc:	e8bd80c0 	pop	{r6, r7, pc}
    5dd0:	e3a00008 	mov	r0, #8
    5dd4:	e59d1000 	ldr	r1, [sp]
    5dd8:	e5810010 	str	r0, [r1, #16]
    5ddc:	e59d0000 	ldr	r0, [sp]
    5de0:	e59d100c 	ldr	r1, [sp, #12]
    5de4:	e59fc650 	ldr	ip, [pc, #1616]	@ 0x643c
    5de8:	e12fff3c 	blx	ip
    5dec:	e28dd004 	add	sp, sp, #4
    5df0:	e8bd00c0 	pop	{r6, r7}
    5df4:	e28dd004 	add	sp, sp, #4
    5df8:	e12fff10 	bx	r0
    5dfc:	e92d47c0 	push	{r6, r7, r8, r9, sl, lr}
    5e00:	e24dd018 	sub	sp, sp, #24
    5e04:	e58d0000 	str	r0, [sp]
    5e08:	e30cc123 	movw	ip, #49443	@ 0xc123
    5e0c:	e34cc456 	movt	ip, #50262	@ 0xc456
    5e10:	e5946000 	ldr	r6, [r4]
    5e14:	e5947004 	ldr	r7, [r4, #4]
    5e18:	e5948008 	ldr	r8, [r4, #8]
    5e1c:	e3560000 	cmp	r6, #0
    5e20:	e2d7c001 	sbcs	ip, r7, #1
    5e24:	2a000002 	bcs	0x5e34
    5e28:	e1a02006 	mov	r2, r6
    5e2c:	e1a03007 	mov	r3, r7
    5e30:	ea000028 	b	0x5ed8
    5e34:	e2489001 	sub	r9, r8, #1
    5e38:	e1a08009 	mov	r8, r9
    5e3c:	e58d6004 	str	r6, [sp, #4]
    5e40:	e58d7008 	str	r7, [sp, #8]
    5e44:	e3a0e00a 	mov	lr, #10
    5e48:	e58de00c 	str	lr, [sp, #12]
    5e4c:	e3a0e000 	mov	lr, #0
    5e50:	e58de010 	str	lr, [sp, #16]
    5e54:	e28d0004 	add	r0, sp, #4
    5e58:	e28d100c 	add	r1, sp, #12
    5e5c:	e28d2004 	add	r2, sp, #4
    5e60:	e59fc5d8 	ldr	ip, [pc, #1496]	@ 0x6440
    5e64:	e12fff3c 	blx	ip
    5e68:	e59d0004 	ldr	r0, [sp, #4]
    5e6c:	e59d1008 	ldr	r1, [sp, #8]
    5e70:	e1a02000 	mov	r2, r0
    5e74:	e1a03001 	mov	r3, r1
    5e78:	e1a0a001 	mov	sl, r1
    5e7c:	e3a0100a 	mov	r1, #10
    5e80:	e00a019a 	mul	sl, sl, r1
    5e84:	e0810091 	umull	r0, r1, r1, r0
    5e88:	e08aa001 	add	sl, sl, r1
    5e8c:	e1a0100a 	mov	r1, sl
    5e90:	e0560000 	subs	r0, r6, r0
    5e94:	e0c71001 	sbc	r1, r7, r1
    5e98:	e3800030 	orr	r0, r0, #48	@ 0x30
    5e9c:	e5951030 	ldr	r1, [r5, #48]	@ 0x30
    5ea0:	e3e0c4fe 	mvn	ip, #-33554432	@ 0xfe000000
    5ea4:	e3ccc8fe 	bic	ip, ip, #16646144	@ 0xfe0000
    5ea8:	e159000c 	cmp	r9, ip
    5eac:	8a00002e 	bhi	0x5f6c
    5eb0:	e7c10009 	strb	r0, [r1, r9]
    5eb4:	e3e0c000 	mvn	ip, #0
    5eb8:	e15c0006 	cmp	ip, r6
    5ebc:	e2f7c009 	rscs	ip, r7, #9
    5ec0:	e3a00000 	mov	r0, #0
    5ec4:	33a00001 	movcc	r0, #1
    5ec8:	e1a06002 	mov	r6, r2
    5ecc:	e1a07003 	mov	r7, r3
    5ed0:	e3500000 	cmp	r0, #0
    5ed4:	1affffd6 	bne	0x5e34
    5ed8:	e192c003 	orrs	ip, r2, r3
    5edc:	0a00001c 	beq	0x5f54
    5ee0:	e2483001 	sub	r3, r8, #1
    5ee4:	e1a08003 	mov	r8, r3
    5ee8:	e1a00002 	mov	r0, r2
    5eec:	e3a0100a 	mov	r1, #10
    5ef0:	e52d3010 	str	r3, [sp, #-16]!
    5ef4:	e58d2004 	str	r2, [sp, #4]
    5ef8:	e58d1008 	str	r1, [sp, #8]
    5efc:	e59fc540 	ldr	ip, [pc, #1344]	@ 0x6444
    5f00:	e12fff3c 	blx	ip
    5f04:	e59d1008 	ldr	r1, [sp, #8]
    5f08:	e59d2004 	ldr	r2, [sp, #4]
    5f0c:	e49d3010 	ldr	r3, [sp], #16
    5f10:	e1a01000 	mov	r1, r0
    5f14:	e3a0c00a 	mov	ip, #10
    5f18:	e0000c90 	mul	r0, r0, ip
    5f1c:	e0420000 	sub	r0, r2, r0
    5f20:	e3800030 	orr	r0, r0, #48	@ 0x30
    5f24:	e5956030 	ldr	r6, [r5, #48]	@ 0x30
    5f28:	e3e0c4fe 	mvn	ip, #-33554432	@ 0xfe000000
    5f2c:	e3ccc8fe 	bic	ip, ip, #16646144	@ 0xfe0000
    5f30:	e153000c 	cmp	r3, ip
    5f34:	8a00000c 	bhi	0x5f6c
    5f38:	e7c60003 	strb	r0, [r6, r3]
    5f3c:	e3520009 	cmp	r2, #9
    5f40:	e3a00000 	mov	r0, #0
    5f44:	83a00001 	movhi	r0, #1
    5f48:	e1a02001 	mov	r2, r1
    5f4c:	e3500000 	cmp	r0, #0
    5f50:	1affffe2 	bne	0x5ee0
    5f54:	e5848008 	str	r8, [r4, #8]
    5f58:	e59f04e8 	ldr	r0, [pc, #1256]	@ 0x6448
    5f5c:	e30ccabc 	movw	ip, #51900	@ 0xcabc
    5f60:	e34ccdef 	movt	ip, #52719	@ 0xcdef
    5f64:	e28dd018 	add	sp, sp, #24
    5f68:	e8bd87c0 	pop	{r6, r7, r8, r9, sl, pc}
    5f6c:	e3a00008 	mov	r0, #8
    5f70:	e59d1000 	ldr	r1, [sp]
    5f74:	e5810010 	str	r0, [r1, #16]
    5f78:	e59d0000 	ldr	r0, [sp]
    5f7c:	e59d102c 	ldr	r1, [sp, #44]	@ 0x2c
    5f80:	e59fc4c4 	ldr	ip, [pc, #1220]	@ 0x644c
    5f84:	e12fff3c 	blx	ip
    5f88:	e28dd018 	add	sp, sp, #24
    5f8c:	e8bd07c0 	pop	{r6, r7, r8, r9, sl}
    5f90:	e28dd004 	add	sp, sp, #4
    5f94:	e12fff10 	bx	r0
    5f98:	e92d43c0 	push	{r6, r7, r8, r9, lr}
    5f9c:	e24dd004 	sub	sp, sp, #4
    5fa0:	e58d0000 	str	r0, [sp]
    5fa4:	e30cc123 	movw	ip, #49443	@ 0xc123
    5fa8:	e34cc456 	movt	ip, #50262	@ 0xc456
    5fac:	e5946000 	ldr	r6, [r4]
    5fb0:	e5940004 	ldr	r0, [r4, #4]
    5fb4:	e5941008 	ldr	r1, [r4, #8]
    5fb8:	e594200c 	ldr	r2, [r4, #12]
    5fbc:	e5943010 	ldr	r3, [r4, #16]
    5fc0:	e595e03c 	ldr	lr, [r5, #60]	@ 0x3c
    5fc4:	e59e7008 	ldr	r7, [lr, #8]
    5fc8:	e2477f40 	sub	r7, r7, #64, 30	@ 0x100
    5fcc:	e1a08007 	mov	r8, r7
    5fd0:	e595903c 	ldr	r9, [r5, #60]	@ 0x3c
    5fd4:	e5897008 	str	r7, [r9, #8]
    5fd8:	e1510002 	cmp	r1, r2
    5fdc:	da00002e 	ble	0x609c
    5fe0:	e3130b48 	tst	r3, #72, 22	@ 0x12000
    5fe4:	1a00002c 	bne	0x609c
    5fe8:	e0411002 	sub	r1, r1, r2
    5fec:	e1a07001 	mov	r7, r1
    5ff0:	e3570f40 	cmp	r7, #64, 30	@ 0x100
    5ff4:	e3a02000 	mov	r2, #0
    5ff8:	33a02001 	movcc	r2, #1
    5ffc:	e1a09002 	mov	r9, r2
    6000:	e3520000 	cmp	r2, #0
    6004:	03a01f40 	moveq	r1, #64, 30	@ 0x100
    6008:	e5848014 	str	r8, [r4, #20]
    600c:	e5840004 	str	r0, [r4, #4]
    6010:	e5841030 	str	r1, [r4, #48]	@ 0x30
    6014:	e59f0434 	ldr	r0, [pc, #1076]	@ 0x6450
    6018:	e1a01004 	mov	r1, r4
    601c:	e59d2000 	ldr	r2, [sp]
    6020:	e59fc42c 	ldr	ip, [pc, #1068]	@ 0x6454
    6024:	e12fff3c 	blx	ip
    6028:	e3500000 	cmp	r0, #0
    602c:	1a000022 	bne	0x60bc
    6030:	e3590000 	cmp	r9, #0
    6034:	1a00000e 	bne	0x6074
    6038:	e5846000 	str	r6, [r4]
    603c:	e5848014 	str	r8, [r4, #20]
    6040:	e3a0ef40 	mov	lr, #64, 30	@ 0x100
    6044:	e584e018 	str	lr, [r4, #24]
    6048:	e59f0408 	ldr	r0, [pc, #1032]	@ 0x6458
    604c:	e1a01004 	mov	r1, r4
    6050:	e59d2000 	ldr	r2, [sp]
    6054:	e59fc400 	ldr	ip, [pc, #1024]	@ 0x645c
    6058:	e12fff3c 	blx	ip
    605c:	e3500000 	cmp	r0, #0
    6060:	1a000015 	bne	0x60bc
    6064:	e2470f40 	sub	r0, r7, #64, 30	@ 0x100
    6068:	e1a07000 	mov	r7, r0
    606c:	e35000ff 	cmp	r0, #255	@ 0xff
    6070:	8afffff0 	bhi	0x6038
    6074:	e5846000 	str	r6, [r4]
    6078:	e5848014 	str	r8, [r4, #20]
    607c:	e584700c 	str	r7, [r4, #12]
    6080:	e59f03d8 	ldr	r0, [pc, #984]	@ 0x6460
    6084:	e1a01004 	mov	r1, r4
    6088:	e59d2000 	ldr	r2, [sp]
    608c:	e59fc3d0 	ldr	ip, [pc, #976]	@ 0x6464
    6090:	e12fff3c 	blx	ip
    6094:	e3500000 	cmp	r0, #0
    6098:	1a000007 	bne	0x60bc
    609c:	e2888f40 	add	r8, r8, #64, 30	@ 0x100
    60a0:	e595003c 	ldr	r0, [r5, #60]	@ 0x3c
    60a4:	e5808008 	str	r8, [r0, #8]
    60a8:	e59f03b8 	ldr	r0, [pc, #952]	@ 0x6468
    60ac:	e30ccabc 	movw	ip, #51900	@ 0xcabc
    60b0:	e34ccdef 	movt	ip, #52719	@ 0xcdef
    60b4:	e28dd004 	add	sp, sp, #4
    60b8:	e8bd83c0 	pop	{r6, r7, r8, r9, pc}
    60bc:	e59d0000 	ldr	r0, [sp]
    60c0:	e59d1014 	ldr	r1, [sp, #20]
    60c4:	e59fc3a0 	ldr	ip, [pc, #928]	@ 0x646c
    60c8:	e12fff3c 	blx	ip
    60cc:	e28dd004 	add	sp, sp, #4
    60d0:	e8bd03c0 	pop	{r6, r7, r8, r9}
    60d4:	e28dd004 	add	sp, sp, #4
    60d8:	e12fff10 	bx	r0
    60dc:	e52de004 	push	{lr}		@ (str lr, [sp, #-4]!)
    60e0:	e24dd004 	sub	sp, sp, #4
    60e4:	e58d0000 	str	r0, [sp]
    60e8:	e30cc123 	movw	ip, #49443	@ 0xc123
    60ec:	e34cc456 	movt	ip, #50262	@ 0xc456
    60f0:	e5940000 	ldr	r0, [r4]
    60f4:	e5941004 	ldr	r1, [r4, #4]
    60f8:	e5942008 	ldr	r2, [r4, #8]
    60fc:	e5840000 	str	r0, [r4]
    6100:	e5841004 	str	r1, [r4, #4]
    6104:	e5842008 	str	r2, [r4, #8]
    6108:	e3a0e005 	mov	lr, #5
    610c:	e584e00c 	str	lr, [r4, #12]
    6110:	e3a0e006 	mov	lr, #6
    6114:	e584e010 	str	lr, [r4, #16]
    6118:	e59f0350 	ldr	r0, [pc, #848]	@ 0x6470
    611c:	e1a01004 	mov	r1, r4
    6120:	e59d2000 	ldr	r2, [sp]
    6124:	e59fc348 	ldr	ip, [pc, #840]	@ 0x6474
    6128:	e12fff3c 	blx	ip
    612c:	e3500000 	cmp	r0, #0
    6130:	1a000006 	bne	0x6150
    6134:	e5940014 	ldr	r0, [r4, #20]
    6138:	e5840014 	str	r0, [r4, #20]
    613c:	e59f0334 	ldr	r0, [pc, #820]	@ 0x6478
    6140:	e30ccabc 	movw	ip, #51900	@ 0xcabc
    6144:	e34ccdef 	movt	ip, #52719	@ 0xcdef
    6148:	e28dd004 	add	sp, sp, #4
    614c:	e49df004 	pop	{pc}		@ (ldr pc, [sp], #4)
    6150:	e59d0000 	ldr	r0, [sp]
    6154:	e59d1004 	ldr	r1, [sp, #4]
    6158:	e59fc31c 	ldr	ip, [pc, #796]	@ 0x647c
    615c:	e12fff3c 	blx	ip
    6160:	e28dd008 	add	sp, sp, #8
    6164:	e12fff10 	bx	r0
    6168:	e92d4fc0 	push	{r6, r7, r8, r9, sl, fp, lr}
    616c:	e24dd004 	sub	sp, sp, #4
    6170:	ed2d8b02 	vpush	{d8}
    6174:	e24dd018 	sub	sp, sp, #24
    6178:	e58d0000 	str	r0, [sp]
    617c:	e30cc123 	movw	ip, #49443	@ 0xc123
    6180:	e34cc456 	movt	ip, #50262	@ 0xc456
    6184:	ed948b01 	vldr	d8, [r4, #4]
    6188:	e3a0e000 	mov	lr, #0
    618c:	e584e054 	str	lr, [r4, #84]	@ 0x54
    6190:	e595e03c 	ldr	lr, [r5, #60]	@ 0x3c
    6194:	e59e0008 	ldr	r0, [lr, #8]
    6198:	e2400f8c 	sub	r0, r0, #140, 30	@ 0x230
    619c:	e584001c 	str	r0, [r4, #28]
    61a0:	e595103c 	ldr	r1, [r5, #60]	@ 0x3c
    61a4:	e5810008 	str	r0, [r1, #8]
    61a8:	e3a0e000 	mov	lr, #0
    61ac:	e584e020 	str	lr, [r4, #32]
    61b0:	e594101c 	ldr	r1, [r4, #28]
    61b4:	e5950030 	ldr	r0, [r5, #48]	@ 0x30
    61b8:	e291102c 	adds	r1, r1, #44	@ 0x2c
    61bc:	2a000724 	bcs	0x7e54
    61c0:	e59fc210 	ldr	ip, [pc, #528]	@ 0x63d8
    61c4:	e151000c 	cmp	r1, ip
    61c8:	8a000721 	bhi	0x7e54
    61cc:	e3a0e000 	mov	lr, #0
    61d0:	e780e001 	str	lr, [r0, r1]
    61d4:	ed848b01 	vstr	d8, [r4, #4]
    61d8:	e59f02a0 	ldr	r0, [pc, #672]	@ 0x6480
    61dc:	e1a01004 	mov	r1, r4
    61e0:	e59d2000 	ldr	r2, [sp]
    61e4:	e59fc298 	ldr	ip, [pc, #664]	@ 0x6484
    61e8:	e12fff3c 	blx	ip
    61ec:	e3500000 	cmp	r0, #0
    61f0:	1a00071a 	bne	0x7e60
    61f4:	e59400a0 	ldr	r0, [r4, #160]	@ 0xa0
    61f8:	e59410a4 	ldr	r1, [r4, #164]	@ 0xa4
    61fc:	e1a02000 	mov	r2, r0
    6200:	e1a03001 	mov	r3, r1
    6204:	e3e0c000 	mvn	ip, #0
    6208:	e15c0000 	cmp	ip, r0
    620c:	e3e0c000 	mvn	ip, #0
    6210:	e0dcc001 	sbcs	ip, ip, r1
    6214:	ba000013 	blt	0x6268
    6218:	e3a0e001 	mov	lr, #1
    621c:	e584e024 	str	lr, [r4, #36]	@ 0x24
    6220:	e3a0eb40 	mov	lr, #64, 22	@ 0x10000
    6224:	e38ee2a0 	orr	lr, lr, #160, 4
    6228:	e584e028 	str	lr, [r4, #40]	@ 0x28
    622c:	eeb10b48 	vneg.f64	d0, d8
    6230:	eeb08b40 	vmov.f64	d8, d0
    6234:	ed840b28 	vstr	d0, [r4, #160]	@ 0xa0
    6238:	e59f0248 	ldr	r0, [pc, #584]	@ 0x6488
    623c:	e1a01004 	mov	r1, r4
    6240:	e59d2000 	ldr	r2, [sp]
    6244:	e59fc240 	ldr	ip, [pc, #576]	@ 0x648c
    6248:	e12fff3c 	blx	ip
    624c:	e3500000 	cmp	r0, #0
    6250:	1a000702 	bne	0x7e60
    6254:	e59400a0 	ldr	r0, [r4, #160]	@ 0xa0
    6258:	e59410a4 	ldr	r1, [r4, #164]	@ 0xa4
    625c:	e1a02000 	mov	r2, r0
    6260:	e1a03001 	mov	r3, r1
    6264:	ea000017 	b	0x62c8
    6268:	e594c014 	ldr	ip, [r4, #20]
    626c:	e31c0e80 	tst	ip, #128, 28	@ 0x800
    6270:	0a000005 	beq	0x628c
    6274:	e3a0e001 	mov	lr, #1
    6278:	e584e024 	str	lr, [r4, #36]	@ 0x24
    627c:	e3a0eb40 	mov	lr, #64, 22	@ 0x10000
    6280:	e38ee2d0 	orr	lr, lr, #208, 4
    6284:	e584e028 	str	lr, [r4, #40]	@ 0x28
    6288:	ea00000e 	b	0x62c8
    628c:	e594c014 	ldr	ip, [r4, #20]
    6290:	e20c0001 	and	r0, ip, #1
    6294:	e5840024 	str	r0, [r4, #36]	@ 0x24
    6298:	e3500000 	cmp	r0, #0
    629c:	e3a0eb40 	mov	lr, #64, 22	@ 0x10000
    62a0:	e38ee140 	orr	lr, lr, #64, 2
    62a4:	e3a0cb40 	mov	ip, #64, 22	@ 0x10000
    62a8:	e38cc2b0 	orr	ip, ip, #176, 4
    62ac:	01a0e00c 	moveq	lr, ip
    62b0:	e584e028 	str	lr, [r4, #40]	@ 0x28
    62b4:	e594c024 	ldr	ip, [r4, #36]	@ 0x24
    62b8:	e35c0000 	cmp	ip, #0
    62bc:	e3a0c000 	mov	ip, #0
    62c0:	03a0c001 	moveq	ip, #1
    62c4:	e584c020 	str	ip, [r4, #32]
    62c8:	e2022000 	and	r2, r2, #0
    62cc:	e3a0c207 	mov	ip, #1879048192	@ 0x70000000
    62d0:	e38cc6ff 	orr	ip, ip, #267386880	@ 0xff00000
    62d4:	e003300c 	and	r3, r3, ip
    62d8:	e3a0c207 	mov	ip, #1879048192	@ 0x70000000
    62dc:	e38cc6ff 	orr	ip, ip, #267386880	@ 0xff00000
    62e0:	e153000c 	cmp	r3, ip
    62e4:	1a000000 	bne	0x62ec
    62e8:	e3520000 	cmp	r2, #0
    62ec:	1a000080 	bne	0x64f4
    62f0:	e594c024 	ldr	ip, [r4, #36]	@ 0x24
    62f4:	e28c0003 	add	r0, ip, #3
    62f8:	e1a08000 	mov	r8, r0
    62fc:	e594c014 	ldr	ip, [r4, #20]
    6300:	e3cc1b40 	bic	r1, ip, #64, 22	@ 0x10000
    6304:	e3a0e020 	mov	lr, #32
    6308:	e584e0a4 	str	lr, [r4, #164]	@ 0xa4
    630c:	e58400ac 	str	r0, [r4, #172]	@ 0xac
    6310:	e58410b0 	str	r1, [r4, #176]	@ 0xb0
    6314:	e59f0174 	ldr	r0, [pc, #372]	@ 0x6490
    6318:	e1a01004 	mov	r1, r4
    631c:	e59d2000 	ldr	r2, [sp]
    6320:	e59fc16c 	ldr	ip, [pc, #364]	@ 0x6494
    6324:	e12fff3c 	blx	ip
    6328:	e3500000 	cmp	r0, #0
    632c:	1a0006cb 	bne	0x7e60
    6330:	e59f0160 	ldr	r0, [pc, #352]	@ 0x6498
    6334:	e1a01004 	mov	r1, r4
    6338:	e59d2000 	ldr	r2, [sp]
    633c:	e59fc158 	ldr	ip, [pc, #344]	@ 0x649c
    6340:	e12fff3c 	blx	ip
    6344:	e3500000 	cmp	r0, #0
    6348:	1a0006c4 	bne	0x7e60
    634c:	e594c018 	ldr	ip, [r4, #24]
    6350:	e20c0020 	and	r0, ip, #32
    6354:	e1a01000 	mov	r1, r0
    6358:	e3500000 	cmp	r0, #0
    635c:	e3a02b40 	mov	r2, #64, 22	@ 0x10000
    6360:	e3822174 	orr	r2, r2, #116, 2
    6364:	e3a0cb40 	mov	ip, #64, 22	@ 0x10000
    6368:	e38cc194 	orr	ip, ip, #148, 2	@ 0x25
    636c:	01a0200c 	moveq	r2, ip
    6370:	e3510000 	cmp	r1, #0
    6374:	e3a00b40 	mov	r0, #64, 22	@ 0x10000
    6378:	e3800184 	orr	r0, r0, #132, 2	@ 0x21
    637c:	e3a0cb40 	mov	ip, #64, 22	@ 0x10000
    6380:	e38cc1a4 	orr	ip, ip, #164, 2	@ 0x29
    6384:	01a0000c 	moveq	r0, ip
    6388:	eeb48b48 	vcmp.f64	d8, d8
    638c:	eef1fa10 	vmrs	APSR_nzcv, fpscr
    6390:	01a02000 	moveq	r2, r0
    6394:	e58420a4 	str	r2, [r4, #164]	@ 0xa4
    6398:	e3a0e003 	mov	lr, #3
    639c:	e584e0a8 	str	lr, [r4, #168]	@ 0xa8
    63a0:	e59f00f8 	ldr	r0, [pc, #248]	@ 0x64a0
    63a4:	e1a01004 	mov	r1, r4
    63a8:	e59d2000 	ldr	r2, [sp]
    63ac:	e59fc0f0 	ldr	ip, [pc, #240]	@ 0x64a4
    63b0:	e12fff3c 	blx	ip
    63b4:	e3500000 	cmp	r0, #0
    63b8:	1a0006a8 	bne	0x7e60
    63bc:	ea000039 	b	0x64a8
	...
    63d8:	0101fffc 	strdeq	pc, [r1, -ip]
    63dc:	004023dc 	ldrdeq	r2, [r0], #-60	@ 0xffffffc4
    63e0:	0101fff8 	strdeq	pc, [r1, -r8]
    63e4:	0040241c 	subeq	r2, r0, ip, lsl r4
    63e8:	0040245c 	subeq	r2, r0, ip, asr r4
    63ec:	0040249c 	umaaleq	r2, r0, ip, r4
    63f0:	004024dc 	ldrdeq	r2, [r0], #-76	@ 0xffffffb4
    63f4:	00402530 	subeq	r2, r0, r0, lsr r5
    63f8:	0101fffe 	strdeq	pc, [r1, -lr]
    63fc:	00402570 	subeq	r2, r0, r0, ror r5
    6400:	004025b0 	strheq	r2, [r0], #-80	@ 0xffffffb0
    6404:	004025f0 	strdeq	r2, [r0], #-80	@ 0xffffffb0
    6408:	00402630 	subeq	r2, r0, r0, lsr r6
    640c:	00402684 	subeq	r2, r0, r4, lsl #13
    6410:	004026c4 	subeq	r2, r0, r4, asr #13
    6414:	00402718 	subeq	r2, r0, r8, lsl r7
    6418:	0040276c 	subeq	r2, r0, ip, ror #14
    641c:	004027ac 	subeq	r2, r0, ip, lsr #15
    6420:	004027ec 	subeq	r2, r0, ip, ror #15
    6424:	00048af0 	strdeq	r8, [r4], -r0
    6428:	00402860 	subeq	r2, r0, r0, ror #16
    642c:	00047eac 	andeq	r7, r4, ip, lsr #29
    6430:	003f9244 	eorseq	r9, pc, r4, asr #4
    6434:	00047eac 	andeq	r7, r4, ip, lsr #29
    6438:	003fd7b4 	ldrhteq	sp, [pc], -r4
    643c:	00047eac 	andeq	r7, r4, ip, lsr #29
    6440:	00047d44 	andeq	r7, r4, r4, asr #26
    6444:	001f44e8 	andseq	r4, pc, r8, ror #9
    6448:	0040125c 	subeq	r1, r0, ip, asr r2
    644c:	00047eac 	andeq	r7, r4, ip, lsr #29
    6450:	003fcf9c 	mlaseq	pc, ip, pc, ip	@ <UNPREDICTABLE>
    6454:	000487b4 			@ <UNDEFINED> instruction: 0x000487b4
    6458:	003fcfbc 	ldrhteq	ip, [pc], -ip
    645c:	000487b4 			@ <UNDEFINED> instruction: 0x000487b4
    6460:	003fcffc 	ldrshteq	ip, [pc], -ip
    6464:	000487b4 			@ <UNDEFINED> instruction: 0x000487b4
    6468:	003fd030 	eorseq	sp, pc, r0, lsr r0	@ <UNPREDICTABLE>
    646c:	00047eac 	andeq	r7, r4, ip, lsr #29
    6470:	003fd2d8 	ldrsbteq	sp, [pc], -r8
    6474:	000487b4 			@ <UNDEFINED> instruction: 0x000487b4
    6478:	003fd2f8 	ldrshteq	sp, [pc], -r8
    647c:	00047eac 	andeq	r7, r4, ip, lsr #29
    6480:	0040b194 	umaaleq	fp, r0, r4, r1
    6484:	000487b4 			@ <UNDEFINED> instruction: 0x000487b4
    6488:	0040b1e8 	subeq	fp, r0, r8, ror #3
    648c:	000487b4 			@ <UNDEFINED> instruction: 0x000487b4
    6490:	0040b30c 	subeq	fp, r0, ip, lsl #6
    6494:	000487b4 			@ <UNDEFINED> instruction: 0x000487b4
    6498:	0040b324 	subeq	fp, r0, r4, lsr #6
    649c:	000487b4 			@ <UNDEFINED> instruction: 0x000487b4
    64a0:	0040b3d0 	ldrdeq	fp, [r0], #-48	@ 0xffffffd0
    64a4:	000487b4 			@ <UNDEFINED> instruction: 0x000487b4
    64a8:	e594c014 	ldr	ip, [r4, #20]
    64ac:	e22c0d80 	eor	r0, ip, #128, 26	@ 0x2000
    64b0:	e3a0e020 	mov	lr, #32
    64b4:	e584e0a4 	str	lr, [r4, #164]	@ 0xa4
    64b8:	e584802c 	str	r8, [r4, #44]	@ 0x2c
    64bc:	e58400b0 	str	r0, [r4, #176]	@ 0xb0
    64c0:	e59f0ff0 	ldr	r0, [pc, #4080]	@ 0x74b8
    64c4:	e1a01004 	mov	r1, r4
    64c8:	e59d2000 	ldr	r2, [sp]
    64cc:	e59fcfe8 	ldr	ip, [pc, #4072]	@ 0x74bc
    64d0:	e12fff3c 	blx	ip
    64d4:	e3500000 	cmp	r0, #0
    64d8:	1a000660 	bne	0x7e60
    64dc:	e594c00c 	ldr	ip, [r4, #12]
    64e0:	e15c0008 	cmp	ip, r8
    64e4:	e594e00c 	ldr	lr, [r4, #12]
    64e8:	d1a0e008 	movle	lr, r8
    64ec:	e584e034 	str	lr, [r4, #52]	@ 0x34
    64f0:	ea00064a 	b	0x7e20
    64f4:	e594c01c 	ldr	ip, [r4, #28]
    64f8:	e28ce010 	add	lr, ip, #16
    64fc:	e584e038 	str	lr, [r4, #56]	@ 0x38
    6500:	e594c01c 	ldr	ip, [r4, #28]
    6504:	e28c002c 	add	r0, ip, #44	@ 0x2c
    6508:	ed848b01 	vstr	d8, [r4, #4]
    650c:	e58400a8 	str	r0, [r4, #168]	@ 0xa8
    6510:	e59f0fa8 	ldr	r0, [pc, #4008]	@ 0x74c0
    6514:	e1a01004 	mov	r1, r4
    6518:	e59d2000 	ldr	r2, [sp]
    651c:	e59fcfa0 	ldr	ip, [pc, #4000]	@ 0x74c4
    6520:	e12fff3c 	blx	ip
    6524:	e3500000 	cmp	r0, #0
    6528:	1a00064c 	bne	0x7e60
    652c:	ed940b28 	vldr	d0, [r4, #160]	@ 0xa0
    6530:	eeb01b40 	vmov.f64	d1, d0
    6534:	ee300b01 	vadd.f64	d0, d0, d1
    6538:	eeb08b40 	vmov.f64	d8, d0
    653c:	e3a0c000 	mov	ip, #0
    6540:	ec4cca11 	vmov	s2, s3, ip, ip
    6544:	eeb40b41 	vcmp.f64	d0, d1
    6548:	eef1fa10 	vmrs	APSR_nzcv, fpscr
    654c:	0a000017 	beq	0x65b0
    6550:	e594201c 	ldr	r2, [r4, #28]
    6554:	e5951030 	ldr	r1, [r5, #48]	@ 0x30
    6558:	e292202c 	adds	r2, r2, #44	@ 0x2c
    655c:	2a00063c 	bcs	0x7e54
    6560:	e59fcf60 	ldr	ip, [pc, #3936]	@ 0x74c8
    6564:	e152000c 	cmp	r2, ip
    6568:	8a000639 	bhi	0x7e54
    656c:	e7910002 	ldr	r0, [r1, r2]
    6570:	e1a01000 	mov	r1, r0
    6574:	e2400001 	sub	r0, r0, #1
    6578:	e594301c 	ldr	r3, [r4, #28]
    657c:	e5952030 	ldr	r2, [r5, #48]	@ 0x30
    6580:	e293302c 	adds	r3, r3, #44	@ 0x2c
    6584:	2a000632 	bcs	0x7e54
    6588:	e59fcf38 	ldr	ip, [pc, #3896]	@ 0x74c8
    658c:	e153000c 	cmp	r3, ip
    6590:	8a00062f 	bhi	0x7e54
    6594:	e7820003 	str	r0, [r2, r3]
    6598:	e594c018 	ldr	ip, [r4, #24]
    659c:	e38c0020 	orr	r0, ip, #32
    65a0:	e584003c 	str	r0, [r4, #60]	@ 0x3c
    65a4:	e3500061 	cmp	r0, #97	@ 0x61
    65a8:	1a000015 	bne	0x6604
    65ac:	ea0004f5 	b	0x7988
    65b0:	e594c018 	ldr	ip, [r4, #24]
    65b4:	e38c0020 	orr	r0, ip, #32
    65b8:	e584003c 	str	r0, [r4, #60]	@ 0x3c
    65bc:	e3500061 	cmp	r0, #97	@ 0x61
    65c0:	0a0004f0 	beq	0x7988
    65c4:	e594c010 	ldr	ip, [r4, #16]
    65c8:	e35c0000 	cmp	ip, #0
    65cc:	e3a0e006 	mov	lr, #6
    65d0:	e594c010 	ldr	ip, [r4, #16]
    65d4:	a1a0e00c 	movge	lr, ip
    65d8:	e584e040 	str	lr, [r4, #64]	@ 0x40
    65dc:	e594201c 	ldr	r2, [r4, #28]
    65e0:	e5950030 	ldr	r0, [r5, #48]	@ 0x30
    65e4:	e292202c 	adds	r2, r2, #44	@ 0x2c
    65e8:	2a000619 	bcs	0x7e54
    65ec:	e59fced4 	ldr	ip, [pc, #3796]	@ 0x74c8
    65f0:	e152000c 	cmp	r2, ip
    65f4:	8a000616 	bhi	0x7e54
    65f8:	e790e002 	ldr	lr, [r0, r2]
    65fc:	e584e044 	str	lr, [r4, #68]	@ 0x44
    6600:	ea000014 	b	0x6658
    6604:	e241101d 	sub	r1, r1, #29
    6608:	e5841044 	str	r1, [r4, #68]	@ 0x44
    660c:	e594201c 	ldr	r2, [r4, #28]
    6610:	e5950030 	ldr	r0, [r5, #48]	@ 0x30
    6614:	e292202c 	adds	r2, r2, #44	@ 0x2c
    6618:	2a00060d 	bcs	0x7e54
    661c:	e59fcea4 	ldr	ip, [pc, #3748]	@ 0x74c8
    6620:	e152000c 	cmp	r2, ip
    6624:	8a00060a 	bhi	0x7e54
    6628:	e7801002 	str	r1, [r0, r2]
    662c:	e594c010 	ldr	ip, [r4, #16]
    6630:	e35c0000 	cmp	ip, #0
    6634:	e3a0e006 	mov	lr, #6
    6638:	e594c010 	ldr	ip, [r4, #16]
    663c:	a1a0e00c 	movge	lr, ip
    6640:	e584e040 	str	lr, [r4, #64]	@ 0x40
    6644:	e3a0c000 	mov	ip, #0
    6648:	e3a0e204 	mov	lr, #4, 4	@ 0x40000000
    664c:	e38ee61b 	orr	lr, lr, #28311552	@ 0x1b00000
    6650:	ec4eca10 	vmov	s0, s1, ip, lr
    6654:	ee288b00 	vmul.f64	d8, d8, d0
    6658:	e594c01c 	ldr	ip, [r4, #28]
    665c:	e28c0030 	add	r0, ip, #48	@ 0x30
    6660:	e594c044 	ldr	ip, [r4, #68]	@ 0x44
    6664:	e35c0000 	cmp	ip, #0
    6668:	e3a01000 	mov	r1, #0
    666c:	a3a01f48 	movge	r1, #72, 30	@ 0x120
    6670:	e0800001 	add	r0, r0, r1
    6674:	e5840048 	str	r0, [r4, #72]	@ 0x48
    6678:	e5840030 	str	r0, [r4, #48]	@ 0x30
    667c:	eeb00b48 	vmov.f64	d0, d8
    6680:	ec510a10 	vmov	r0, r1, s0, s1
    6684:	e59fce40 	ldr	ip, [pc, #3648]	@ 0x74cc
    6688:	e12fff3c 	blx	ip
    668c:	e1a01000 	mov	r1, r0
    6690:	e5943030 	ldr	r3, [r4, #48]	@ 0x30
    6694:	e5952030 	ldr	r2, [r5, #48]	@ 0x30
    6698:	e59fce28 	ldr	ip, [pc, #3624]	@ 0x74c8
    669c:	e153000c 	cmp	r3, ip
    66a0:	8a0005eb 	bhi	0x7e54
    66a4:	e7820003 	str	r0, [r2, r3]
    66a8:	e594c030 	ldr	ip, [r4, #48]	@ 0x30
    66ac:	e28ce004 	add	lr, ip, #4
    66b0:	e584e030 	str	lr, [r4, #48]	@ 0x30
    66b4:	ee071a10 	vmov	s14, r1
    66b8:	eeb80b47 	vcvt.f64.u32	d0, s14
    66bc:	ee380b40 	vsub.f64	d0, d8, d0
    66c0:	e3a0c000 	mov	ip, #0
    66c4:	e59fee04 	ldr	lr, [pc, #3588]	@ 0x74d0
    66c8:	ec4eca11 	vmov	s2, s3, ip, lr
    66cc:	ee200b01 	vmul.f64	d0, d0, d1
    66d0:	eeb08b40 	vmov.f64	d8, d0
    66d4:	e3a0c000 	mov	ip, #0
    66d8:	ec4cca11 	vmov	s2, s3, ip, ip
    66dc:	eeb40b41 	vcmp.f64	d0, d1
    66e0:	eef1fa10 	vmrs	APSR_nzcv, fpscr
    66e4:	1affffe4 	bne	0x667c
    66e8:	e594c044 	ldr	ip, [r4, #68]	@ 0x44
    66ec:	e35c0001 	cmp	ip, #1
    66f0:	aa000006 	bge	0x6710
    66f4:	e594e044 	ldr	lr, [r4, #68]	@ 0x44
    66f8:	e584e04c 	str	lr, [r4, #76]	@ 0x4c
    66fc:	e594e030 	ldr	lr, [r4, #48]	@ 0x30
    6700:	e584e02c 	str	lr, [r4, #44]	@ 0x2c
    6704:	e594e048 	ldr	lr, [r4, #72]	@ 0x48
    6708:	e584e050 	str	lr, [r4, #80]	@ 0x50
    670c:	ea000082 	b	0x691c
    6710:	e594e048 	ldr	lr, [r4, #72]	@ 0x48
    6714:	e584e050 	str	lr, [r4, #80]	@ 0x50
    6718:	e594e044 	ldr	lr, [r4, #68]	@ 0x44
    671c:	e584e04c 	str	lr, [r4, #76]	@ 0x4c
    6720:	e594c04c 	ldr	ip, [r4, #76]	@ 0x4c
    6724:	e35c001d 	cmp	ip, #29
    6728:	e3a0e01d 	mov	lr, #29
    672c:	e594c04c 	ldr	ip, [r4, #76]	@ 0x4c
    6730:	31a0e00c 	movcc	lr, ip
    6734:	e584e04c 	str	lr, [r4, #76]	@ 0x4c
    6738:	e594c030 	ldr	ip, [r4, #48]	@ 0x30
    673c:	e24c0004 	sub	r0, ip, #4
    6740:	e1a09000 	mov	r9, r0
    6744:	e594c050 	ldr	ip, [r4, #80]	@ 0x50
    6748:	e150000c 	cmp	r0, ip
    674c:	3a000049 	bcc	0x6878
    6750:	e594704c 	ldr	r7, [r4, #76]	@ 0x4c
    6754:	e3a08000 	mov	r8, #0
    6758:	e3a06000 	mov	r6, #0
    675c:	e3a03000 	mov	r3, #0
    6760:	e1a0a009 	mov	sl, r9
    6764:	e5952030 	ldr	r2, [r5, #48]	@ 0x30
    6768:	e59fcd58 	ldr	ip, [pc, #3416]	@ 0x74c8
    676c:	e15a000c 	cmp	sl, ip
    6770:	8a0005b7 	bhi	0x7e54
    6774:	e792000a 	ldr	r0, [r2, sl]
    6778:	e3a01000 	mov	r1, #0
    677c:	e1a02007 	mov	r2, r7
    6780:	e3120020 	tst	r2, #32
    6784:	1a000006 	bne	0x67a4
    6788:	e202201f 	and	r2, r2, #31
    678c:	e1a01211 	lsl	r1, r1, r2
    6790:	e1a0c0a0 	lsr	ip, r0, #1
    6794:	e222e01f 	eor	lr, r2, #31
    6798:	e1811e3c 	orr	r1, r1, ip, lsr lr
    679c:	e1a00210 	lsl	r0, r0, r2
    67a0:	ea000002 	b	0x67b0
    67a4:	e202e01f 	and	lr, r2, #31
    67a8:	e1a01e10 	lsl	r1, r0, lr
    67ac:	e3a00000 	mov	r0, #0
    67b0:	e090a006 	adds	sl, r0, r6
    67b4:	e0a1b003 	adc	fp, r1, r3
    67b8:	e584a074 	str	sl, [r4, #116]	@ 0x74
    67bc:	e584b078 	str	fp, [r4, #120]	@ 0x78
    67c0:	e59fed0c 	ldr	lr, [pc, #3340]	@ 0x74d4
    67c4:	e58de00c 	str	lr, [sp, #12]
    67c8:	e3a0e000 	mov	lr, #0
    67cc:	e58de010 	str	lr, [sp, #16]
    67d0:	e2840074 	add	r0, r4, #116	@ 0x74
    67d4:	e28d100c 	add	r1, sp, #12
    67d8:	e28d2004 	add	r2, sp, #4
    67dc:	e59fccf4 	ldr	ip, [pc, #3316]	@ 0x74d8
    67e0:	e12fff3c 	blx	ip
    67e4:	e59d0004 	ldr	r0, [sp, #4]
    67e8:	e59d1008 	ldr	r1, [sp, #8]
    67ec:	e1a06000 	mov	r6, r0
    67f0:	e1a03001 	mov	r3, r1
    67f4:	e1a02001 	mov	r2, r1
    67f8:	e59f1cd4 	ldr	r1, [pc, #3284]	@ 0x74d4
    67fc:	e0020192 	mul	r2, r2, r1
    6800:	e0810091 	umull	r0, r1, r1, r0
    6804:	e0822001 	add	r2, r2, r1
    6808:	e1a01002 	mov	r1, r2
    680c:	e05aa000 	subs	sl, sl, r0
    6810:	e0cbb001 	sbc	fp, fp, r1
    6814:	e1a01009 	mov	r1, r9
    6818:	e5950030 	ldr	r0, [r5, #48]	@ 0x30
    681c:	e59fcca4 	ldr	ip, [pc, #3236]	@ 0x74c8
    6820:	e151000c 	cmp	r1, ip
    6824:	8a00058a 	bhi	0x7e54
    6828:	e780a001 	str	sl, [r0, r1]
    682c:	e2490004 	sub	r0, r9, #4
    6830:	e1a09000 	mov	r9, r0
    6834:	e594c050 	ldr	ip, [r4, #80]	@ 0x50
    6838:	e150000c 	cmp	r0, ip
    683c:	2affffc7 	bcs	0x6760
    6840:	e594c074 	ldr	ip, [r4, #116]	@ 0x74
    6844:	e59fec88 	ldr	lr, [pc, #3208]	@ 0x74d4
    6848:	e15c000e 	cmp	ip, lr
    684c:	e594c078 	ldr	ip, [r4, #120]	@ 0x78
    6850:	e2dcc000 	sbcs	ip, ip, #0
    6854:	3a000007 	bcc	0x6878
    6858:	e594c050 	ldr	ip, [r4, #80]	@ 0x50
    685c:	e24c0004 	sub	r0, ip, #4
    6860:	e5840050 	str	r0, [r4, #80]	@ 0x50
    6864:	e5951030 	ldr	r1, [r5, #48]	@ 0x30
    6868:	e59fcc58 	ldr	ip, [pc, #3160]	@ 0x74c8
    686c:	e150000c 	cmp	r0, ip
    6870:	8a000577 	bhi	0x7e54
    6874:	e7816000 	str	r6, [r1, r0]
    6878:	e594e030 	ldr	lr, [r4, #48]	@ 0x30
    687c:	e584e02c 	str	lr, [r4, #44]	@ 0x2c
    6880:	e594e050 	ldr	lr, [r4, #80]	@ 0x50
    6884:	e594c030 	ldr	ip, [r4, #48]	@ 0x30
    6888:	e15c000e 	cmp	ip, lr
    688c:	9a00000a 	bls	0x68bc
    6890:	e594c02c 	ldr	ip, [r4, #44]	@ 0x2c
    6894:	e24c0004 	sub	r0, ip, #4
    6898:	e5840030 	str	r0, [r4, #48]	@ 0x30
    689c:	e1a02000 	mov	r2, r0
    68a0:	e5951030 	ldr	r1, [r5, #48]	@ 0x30
    68a4:	e59fcc1c 	ldr	ip, [pc, #3100]	@ 0x74c8
    68a8:	e152000c 	cmp	r2, ip
    68ac:	8a000568 	bhi	0x7e54
    68b0:	e7910002 	ldr	r0, [r1, r2]
    68b4:	e3500000 	cmp	r0, #0
    68b8:	0affffee 	beq	0x6878
    68bc:	e594201c 	ldr	r2, [r4, #28]
    68c0:	e5951030 	ldr	r1, [r5, #48]	@ 0x30
    68c4:	e292202c 	adds	r2, r2, #44	@ 0x2c
    68c8:	2a000561 	bcs	0x7e54
    68cc:	e59fcbf4 	ldr	ip, [pc, #3060]	@ 0x74c8
    68d0:	e152000c 	cmp	r2, ip
    68d4:	8a00055e 	bhi	0x7e54
    68d8:	e7910002 	ldr	r0, [r1, r2]
    68dc:	e594c04c 	ldr	ip, [r4, #76]	@ 0x4c
    68e0:	e040000c 	sub	r0, r0, ip
    68e4:	e584004c 	str	r0, [r4, #76]	@ 0x4c
    68e8:	e594201c 	ldr	r2, [r4, #28]
    68ec:	e5951030 	ldr	r1, [r5, #48]	@ 0x30
    68f0:	e292202c 	adds	r2, r2, #44	@ 0x2c
    68f4:	2a000556 	bcs	0x7e54
    68f8:	e59fcbc8 	ldr	ip, [pc, #3016]	@ 0x74c8
    68fc:	e152000c 	cmp	r2, ip
    6900:	8a000553 	bhi	0x7e54
    6904:	e7810002 	str	r0, [r1, r2]
    6908:	e594e02c 	ldr	lr, [r4, #44]	@ 0x2c
    690c:	e584e030 	str	lr, [r4, #48]	@ 0x30
    6910:	e594c04c 	ldr	ip, [r4, #76]	@ 0x4c
    6914:	e35c0000 	cmp	ip, #0
    6918:	caffff80 	bgt	0x6720
    691c:	e594c04c 	ldr	ip, [r4, #76]	@ 0x4c
    6920:	e37c0001 	cmn	ip, #1
    6924:	ca000080 	bgt	0x6b2c
    6928:	e594c040 	ldr	ip, [r4, #64]	@ 0x40
    692c:	e28c0019 	add	r0, ip, #25
    6930:	e3a01009 	mov	r1, #9
    6934:	e52d3010 	str	r3, [sp, #-16]!
    6938:	e58d2004 	str	r2, [sp, #4]
    693c:	e58d1008 	str	r1, [sp, #8]
    6940:	e59fcb94 	ldr	ip, [pc, #2964]	@ 0x74dc
    6944:	e12fff3c 	blx	ip
    6948:	e59d1008 	ldr	r1, [sp, #8]
    694c:	e59d2004 	ldr	r2, [sp, #4]
    6950:	e49d3010 	ldr	r3, [sp], #16
    6954:	e280e001 	add	lr, r0, #1
    6958:	e584e054 	str	lr, [r4, #84]	@ 0x54
    695c:	e594c03c 	ldr	ip, [r4, #60]	@ 0x3c
    6960:	e35c0066 	cmp	ip, #102	@ 0x66
    6964:	e3a0c000 	mov	ip, #0
    6968:	03a0c001 	moveq	ip, #1
    696c:	e584c058 	str	ip, [r4, #88]	@ 0x58
    6970:	e594c04c 	ldr	ip, [r4, #76]	@ 0x4c
    6974:	e26c1000 	rsb	r1, ip, #0
    6978:	e1a02001 	mov	r2, r1
    697c:	e3520009 	cmp	r2, #9
    6980:	23a01009 	movcs	r1, #9
    6984:	e594e02c 	ldr	lr, [r4, #44]	@ 0x2c
    6988:	e594c050 	ldr	ip, [r4, #80]	@ 0x50
    698c:	e15c000e 	cmp	ip, lr
    6990:	3a000009 	bcc	0x69bc
    6994:	e5946050 	ldr	r6, [r4, #80]	@ 0x50
    6998:	e5953030 	ldr	r3, [r5, #48]	@ 0x30
    699c:	e59fcb24 	ldr	ip, [pc, #2852]	@ 0x74c8
    69a0:	e156000c 	cmp	r6, ip
    69a4:	8a00052a 	bhi	0x7e54
    69a8:	e7932006 	ldr	r2, [r3, r6]
    69ac:	e3520000 	cmp	r2, #0
    69b0:	e3a03000 	mov	r3, #0
    69b4:	03a03004 	moveq	r3, #4
    69b8:	ea000033 	b	0x6a8c
    69bc:	e59fcb10 	ldr	ip, [pc, #2832]	@ 0x74d4
    69c0:	e201e01f 	and	lr, r1, #31
    69c4:	e1a02e3c 	lsr	r2, ip, lr
    69c8:	e3e0c000 	mvn	ip, #0
    69cc:	e201e01f 	and	lr, r1, #31
    69d0:	e1a06e1c 	lsl	r6, ip, lr
    69d4:	e1e06006 	mvn	r6, r6
    69d8:	e3a07000 	mov	r7, #0
    69dc:	e5948050 	ldr	r8, [r4, #80]	@ 0x50
    69e0:	e1a0b008 	mov	fp, r8
    69e4:	e595a030 	ldr	sl, [r5, #48]	@ 0x30
    69e8:	e59fcad8 	ldr	ip, [pc, #2776]	@ 0x74c8
    69ec:	e15b000c 	cmp	fp, ip
    69f0:	8a000517 	bhi	0x7e54
    69f4:	e79a900b 	ldr	r9, [sl, fp]
    69f8:	e1a0a009 	mov	sl, r9
    69fc:	e201e01f 	and	lr, r1, #31
    6a00:	e1a09e39 	lsr	r9, r9, lr
    6a04:	e0899007 	add	r9, r9, r7
    6a08:	e1a00008 	mov	r0, r8
    6a0c:	e595b030 	ldr	fp, [r5, #48]	@ 0x30
    6a10:	e59fcab0 	ldr	ip, [pc, #2736]	@ 0x74c8
    6a14:	e150000c 	cmp	r0, ip
    6a18:	8a00050d 	bhi	0x7e54
    6a1c:	e78b9000 	str	r9, [fp, r0]
    6a20:	e00aa006 	and	sl, sl, r6
    6a24:	e007029a 	mul	r7, sl, r2
    6a28:	e2880004 	add	r0, r8, #4
    6a2c:	e1a08000 	mov	r8, r0
    6a30:	e594c02c 	ldr	ip, [r4, #44]	@ 0x2c
    6a34:	e150000c 	cmp	r0, ip
    6a38:	3affffe8 	bcc	0x69e0
    6a3c:	e5946050 	ldr	r6, [r4, #80]	@ 0x50
    6a40:	e5952030 	ldr	r2, [r5, #48]	@ 0x30
    6a44:	e59fca7c 	ldr	ip, [pc, #2684]	@ 0x74c8
    6a48:	e156000c 	cmp	r6, ip
    6a4c:	8a000500 	bhi	0x7e54
    6a50:	e7920006 	ldr	r0, [r2, r6]
    6a54:	e3500000 	cmp	r0, #0
    6a58:	e3a03000 	mov	r3, #0
    6a5c:	03a03004 	moveq	r3, #4
    6a60:	e3570000 	cmp	r7, #0
    6a64:	0a000008 	beq	0x6a8c
    6a68:	e594202c 	ldr	r2, [r4, #44]	@ 0x2c
    6a6c:	e5950030 	ldr	r0, [r5, #48]	@ 0x30
    6a70:	e59fca50 	ldr	ip, [pc, #2640]	@ 0x74c8
    6a74:	e152000c 	cmp	r2, ip
    6a78:	8a0004f5 	bhi	0x7e54
    6a7c:	e7807002 	str	r7, [r0, r2]
    6a80:	e594c02c 	ldr	ip, [r4, #44]	@ 0x2c
    6a84:	e28ce004 	add	lr, ip, #4
    6a88:	e584e02c 	str	lr, [r4, #44]	@ 0x2c
    6a8c:	e594601c 	ldr	r6, [r4, #28]
    6a90:	e5952030 	ldr	r2, [r5, #48]	@ 0x30
    6a94:	e296602c 	adds	r6, r6, #44	@ 0x2c
    6a98:	2a0004ed 	bcs	0x7e54
    6a9c:	e59fca24 	ldr	ip, [pc, #2596]	@ 0x74c8
    6aa0:	e156000c 	cmp	r6, ip
    6aa4:	8a0004ea 	bhi	0x7e54
    6aa8:	e7920006 	ldr	r0, [r2, r6]
    6aac:	e0800001 	add	r0, r0, r1
    6ab0:	e584004c 	str	r0, [r4, #76]	@ 0x4c
    6ab4:	e594201c 	ldr	r2, [r4, #28]
    6ab8:	e5951030 	ldr	r1, [r5, #48]	@ 0x30
    6abc:	e292202c 	adds	r2, r2, #44	@ 0x2c
    6ac0:	2a0004e3 	bcs	0x7e54
    6ac4:	e59fc9fc 	ldr	ip, [pc, #2556]	@ 0x74c8
    6ac8:	e152000c 	cmp	r2, ip
    6acc:	8a0004e0 	bhi	0x7e54
    6ad0:	e7810002 	str	r0, [r1, r2]
    6ad4:	e594c050 	ldr	ip, [r4, #80]	@ 0x50
    6ad8:	e08c3003 	add	r3, ip, r3
    6adc:	e5843050 	str	r3, [r4, #80]	@ 0x50
    6ae0:	e594c058 	ldr	ip, [r4, #88]	@ 0x58
    6ae4:	e35c0000 	cmp	ip, #0
    6ae8:	e594c048 	ldr	ip, [r4, #72]	@ 0x48
    6aec:	11a0300c 	movne	r3, ip
    6af0:	e1a00003 	mov	r0, r3
    6af4:	e594c054 	ldr	ip, [r4, #84]	@ 0x54
    6af8:	e1a0110c 	lsl	r1, ip, #2
    6afc:	e0833001 	add	r3, r3, r1
    6b00:	e594c02c 	ldr	ip, [r4, #44]	@ 0x2c
    6b04:	e04c0000 	sub	r0, ip, r0
    6b08:	e1a00140 	asr	r0, r0, #2
    6b0c:	e594c054 	ldr	ip, [r4, #84]	@ 0x54
    6b10:	e150000c 	cmp	r0, ip
    6b14:	e594e02c 	ldr	lr, [r4, #44]	@ 0x2c
    6b18:	c1a0e003 	movgt	lr, r3
    6b1c:	e584e02c 	str	lr, [r4, #44]	@ 0x2c
    6b20:	e594c04c 	ldr	ip, [r4, #76]	@ 0x4c
    6b24:	e35c0000 	cmp	ip, #0
    6b28:	baffff90 	blt	0x6970
    6b2c:	e3a06000 	mov	r6, #0
    6b30:	e594e02c 	ldr	lr, [r4, #44]	@ 0x2c
    6b34:	e594c050 	ldr	ip, [r4, #80]	@ 0x50
    6b38:	e15c000e 	cmp	ip, lr
    6b3c:	2a000015 	bcs	0x6b98
    6b40:	e594e050 	ldr	lr, [r4, #80]	@ 0x50
    6b44:	e594c048 	ldr	ip, [r4, #72]	@ 0x48
    6b48:	e04c000e 	sub	r0, ip, lr
    6b4c:	e1a00140 	asr	r0, r0, #2
    6b50:	e3a0c009 	mov	ip, #9
    6b54:	e0060c90 	mul	r6, r0, ip
    6b58:	e3a0000a 	mov	r0, #10
    6b5c:	e5943050 	ldr	r3, [r4, #80]	@ 0x50
    6b60:	e5952030 	ldr	r2, [r5, #48]	@ 0x30
    6b64:	e59fc95c 	ldr	ip, [pc, #2396]	@ 0x74c8
    6b68:	e153000c 	cmp	r3, ip
    6b6c:	8a0004b8 	bhi	0x7e54
    6b70:	e7921003 	ldr	r1, [r2, r3]
    6b74:	e1a02001 	mov	r2, r1
    6b78:	e351000a 	cmp	r1, #10
    6b7c:	3a000005 	bcc	0x6b98
    6b80:	e2866001 	add	r6, r6, #1
    6b84:	e3a0c00a 	mov	ip, #10
    6b88:	e0010c90 	mul	r1, r0, ip
    6b8c:	e1a00001 	mov	r0, r1
    6b90:	e1520001 	cmp	r2, r1
    6b94:	2afffff9 	bcs	0x6b80
    6b98:	e594c03c 	ldr	ip, [r4, #60]	@ 0x3c
    6b9c:	e35c0066 	cmp	ip, #102	@ 0x66
    6ba0:	e3a00000 	mov	r0, #0
    6ba4:	11a00006 	movne	r0, r6
    6ba8:	e594c040 	ldr	ip, [r4, #64]	@ 0x40
    6bac:	e04c0000 	sub	r0, ip, r0
    6bb0:	e594c040 	ldr	ip, [r4, #64]	@ 0x40
    6bb4:	e35c0000 	cmp	ip, #0
    6bb8:	e3a01000 	mov	r1, #0
    6bbc:	13a01001 	movne	r1, #1
    6bc0:	e594c03c 	ldr	ip, [r4, #60]	@ 0x3c
    6bc4:	e35c0067 	cmp	ip, #103	@ 0x67
    6bc8:	e3a02000 	mov	r2, #0
    6bcc:	03a02001 	moveq	r2, #1
    6bd0:	e0011002 	and	r1, r1, r2
    6bd4:	e0400001 	sub	r0, r0, r1
    6bd8:	e1a01000 	mov	r1, r0
    6bdc:	e594e048 	ldr	lr, [r4, #72]	@ 0x48
    6be0:	e594c02c 	ldr	ip, [r4, #44]	@ 0x2c
    6be4:	e04c200e 	sub	r2, ip, lr
    6be8:	e1a02142 	asr	r2, r2, #2
    6bec:	e3a0c009 	mov	ip, #9
    6bf0:	e0020c92 	mul	r2, r2, ip
    6bf4:	e2422009 	sub	r2, r2, #9
    6bf8:	e1500002 	cmp	r0, r2
    6bfc:	aa0000df 	bge	0x6f80
    6c00:	e3a0200a 	mov	r2, #10
    6c04:	e2813d90 	add	r3, r1, #144, 26	@ 0x2400
    6c08:	e1a00003 	mov	r0, r3
    6c0c:	e3a01009 	mov	r1, #9
    6c10:	e52d3010 	str	r3, [sp, #-16]!
    6c14:	e58d2004 	str	r2, [sp, #4]
    6c18:	e58d1008 	str	r1, [sp, #8]
    6c1c:	e59fc8bc 	ldr	ip, [pc, #2236]	@ 0x74e0
    6c20:	e12fff3c 	blx	ip
    6c24:	e59d1008 	ldr	r1, [sp, #8]
    6c28:	e59d2004 	ldr	r2, [sp, #4]
    6c2c:	e49d3010 	ldr	r3, [sp], #16
    6c30:	e1a01000 	mov	r1, r0
    6c34:	e3a0c009 	mov	ip, #9
    6c38:	e0000c90 	mul	r0, r0, ip
    6c3c:	e0433000 	sub	r3, r3, r0
    6c40:	e1a00003 	mov	r0, r3
    6c44:	e3530007 	cmp	r3, #7
    6c48:	ca000005 	bgt	0x6c64
    6c4c:	e3a0c00a 	mov	ip, #10
    6c50:	e0020c92 	mul	r2, r2, ip
    6c54:	e2803001 	add	r3, r0, #1
    6c58:	e1a00003 	mov	r0, r3
    6c5c:	e3530008 	cmp	r3, #8
    6c60:	1afffff9 	bne	0x6c4c
    6c64:	e594c01c 	ldr	ip, [r4, #28]
    6c68:	e28c0030 	add	r0, ip, #48	@ 0x30
    6c6c:	e594c044 	ldr	ip, [r4, #68]	@ 0x44
    6c70:	e35c0000 	cmp	ip, #0
    6c74:	e3e03c0f 	mvn	r3, #3840	@ 0xf00
    6c78:	e3c330fb 	bic	r3, r3, #251	@ 0xfb
    6c7c:	e3e0cc0e 	mvn	ip, #3584	@ 0xe00
    6c80:	e3ccc0db 	bic	ip, ip, #219	@ 0xdb
    6c84:	a1a0300c 	movge	r3, ip
    6c88:	e0800003 	add	r0, r0, r3
    6c8c:	e1a01101 	lsl	r1, r1, #2
    6c90:	e0800001 	add	r0, r0, r1
    6c94:	e1a03000 	mov	r3, r0
    6c98:	e2807004 	add	r7, r0, #4
    6c9c:	e1a01003 	mov	r1, r3
    6ca0:	e5950030 	ldr	r0, [r5, #48]	@ 0x30
    6ca4:	e59fc81c 	ldr	ip, [pc, #2076]	@ 0x74c8
    6ca8:	e151000c 	cmp	r1, ip
    6cac:	8a000468 	bhi	0x7e54
    6cb0:	e7908001 	ldr	r8, [r0, r1]
    6cb4:	e1a09008 	mov	r9, r8
    6cb8:	e1a00009 	mov	r0, r9
    6cbc:	e1a01002 	mov	r1, r2
    6cc0:	e3510000 	cmp	r1, #0
    6cc4:	0a000460 	beq	0x7e4c
    6cc8:	e52d3010 	str	r3, [sp, #-16]!
    6ccc:	e58d2004 	str	r2, [sp, #4]
    6cd0:	e58d1008 	str	r1, [sp, #8]
    6cd4:	e59fc808 	ldr	ip, [pc, #2056]	@ 0x74e4
    6cd8:	e12fff3c 	blx	ip
    6cdc:	e59d1008 	ldr	r1, [sp, #8]
    6ce0:	e59d2004 	ldr	r2, [sp, #4]
    6ce4:	e49d3010 	ldr	r3, [sp], #16
    6ce8:	e5840054 	str	r0, [r4, #84]	@ 0x54
    6cec:	e0000290 	mul	r0, r0, r2
    6cf0:	e0488000 	sub	r8, r8, r0
    6cf4:	e1a00008 	mov	r0, r8
    6cf8:	e3580000 	cmp	r8, #0
    6cfc:	1a000002 	bne	0x6d0c
    6d00:	e594c02c 	ldr	ip, [r4, #44]	@ 0x2c
    6d04:	e157000c 	cmp	r7, ip
    6d08:	0a000095 	beq	0x6f64
    6d0c:	e594c054 	ldr	ip, [r4, #84]	@ 0x54
    6d10:	e31c0001 	tst	ip, #1
    6d14:	1a000013 	bne	0x6d68
    6d18:	e3a0c000 	mov	ip, #0
    6d1c:	e3a0e101 	mov	lr, #1073741824	@ 0x40000000
    6d20:	e38ee50d 	orr	lr, lr, #54525952	@ 0x3400000
    6d24:	ec4eca10 	vmov	s0, s1, ip, lr
    6d28:	e59fc7a4 	ldr	ip, [pc, #1956]	@ 0x74d4
    6d2c:	e152000c 	cmp	r2, ip
    6d30:	1a000010 	bne	0x6d78
    6d34:	e594c050 	ldr	ip, [r4, #80]	@ 0x50
    6d38:	e153000c 	cmp	r3, ip
    6d3c:	9a00000d 	bls	0x6d78
    6d40:	e2431004 	sub	r1, r3, #4
    6d44:	e1a0a001 	mov	sl, r1
    6d48:	e5958030 	ldr	r8, [r5, #48]	@ 0x30
    6d4c:	e3e0c4fe 	mvn	ip, #-33554432	@ 0xfe000000
    6d50:	e3ccc8fe 	bic	ip, ip, #16646144	@ 0xfe0000
    6d54:	e15a000c 	cmp	sl, ip
    6d58:	8a00043d 	bhi	0x7e54
    6d5c:	e7d8100a 	ldrb	r1, [r8, sl]
    6d60:	e3110001 	tst	r1, #1
    6d64:	0a000003 	beq	0x6d78
    6d68:	e3a0c001 	mov	ip, #1
    6d6c:	e3a0e101 	mov	lr, #1073741824	@ 0x40000000
    6d70:	e38ee50d 	orr	lr, lr, #54525952	@ 0x3400000
    6d74:	ec4eca10 	vmov	s0, s1, ip, lr
    6d78:	e594c02c 	ldr	ip, [r4, #44]	@ 0x2c
    6d7c:	e157000c 	cmp	r7, ip
    6d80:	e3a0c000 	mov	ip, #0
    6d84:	e3a0e203 	mov	lr, #805306368	@ 0x30000000
    6d88:	e38ee6ff 	orr	lr, lr, #267386880	@ 0xff00000
    6d8c:	ec4eca11 	vmov	s2, s3, ip, lr
    6d90:	e3a0c000 	mov	ip, #0
    6d94:	e3a0e30f 	mov	lr, #1006632960	@ 0x3c000000
    6d98:	e38ee7fe 	orr	lr, lr, #66584576	@ 0x3f80000
    6d9c:	ec4eca12 	vmov	s4, s5, ip, lr
    6da0:	eeb03b41 	vmov.f64	d3, d1
    6da4:	1eb03b42 	vmovne.f64	d3, d2
    6da8:	e1a010a2 	lsr	r1, r2, #1
    6dac:	e1a07001 	mov	r7, r1
    6db0:	e1500001 	cmp	r0, r1
    6db4:	e3a0c000 	mov	ip, #0
    6db8:	e3a0e30f 	mov	lr, #1006632960	@ 0x3c000000
    6dbc:	e38ee7fe 	orr	lr, lr, #66584576	@ 0x3f80000
    6dc0:	ec4eca11 	vmov	s2, s3, ip, lr
    6dc4:	1eb03b41 	vmovne.f64	d3, d1
    6dc8:	e1500007 	cmp	r0, r7
    6dcc:	e3a0c000 	mov	ip, #0
    6dd0:	e3a0e203 	mov	lr, #805306368	@ 0x30000000
    6dd4:	e38ee6fe 	orr	lr, lr, #266338304	@ 0xfe00000
    6dd8:	ec4eca11 	vmov	s2, s3, ip, lr
    6ddc:	3eb03b41 	vmovcc.f64	d3, d1
    6de0:	e594c020 	ldr	ip, [r4, #32]
    6de4:	e35c0000 	cmp	ip, #0
    6de8:	1a00000a 	bne	0x6e18
    6dec:	e5948028 	ldr	r8, [r4, #40]	@ 0x28
    6df0:	e5957030 	ldr	r7, [r5, #48]	@ 0x30
    6df4:	e3e0c4fe 	mvn	ip, #-33554432	@ 0xfe000000
    6df8:	e3ccc8fe 	bic	ip, ip, #16646144	@ 0xfe0000
    6dfc:	e158000c 	cmp	r8, ip
    6e00:	8a000413 	bhi	0x7e54
    6e04:	e7d71008 	ldrb	r1, [r7, r8]
    6e08:	e351002d 	cmp	r1, #45	@ 0x2d
    6e0c:	1a000001 	bne	0x6e18
    6e10:	eeb13b43 	vneg.f64	d3, d3
    6e14:	eeb10b40 	vneg.f64	d0, d0
    6e18:	e0499000 	sub	r9, r9, r0
    6e1c:	e1a00009 	mov	r0, r9
    6e20:	e1a07003 	mov	r7, r3
    6e24:	e5951030 	ldr	r1, [r5, #48]	@ 0x30
    6e28:	e59fc698 	ldr	ip, [pc, #1688]	@ 0x74c8
    6e2c:	e157000c 	cmp	r7, ip
    6e30:	8a000407 	bhi	0x7e54
    6e34:	e7819007 	str	r9, [r1, r7]
    6e38:	ee303b03 	vadd.f64	d3, d0, d3
    6e3c:	eeb43b40 	vcmp.f64	d3, d0
    6e40:	eef1fa10 	vmrs	APSR_nzcv, fpscr
    6e44:	0a000046 	beq	0x6f64
    6e48:	e0800002 	add	r0, r0, r2
    6e4c:	e1a01000 	mov	r1, r0
    6e50:	e1a07003 	mov	r7, r3
    6e54:	e5952030 	ldr	r2, [r5, #48]	@ 0x30
    6e58:	e59fc668 	ldr	ip, [pc, #1640]	@ 0x74c8
    6e5c:	e157000c 	cmp	r7, ip
    6e60:	8a0003fb 	bhi	0x7e54
    6e64:	e7820007 	str	r0, [r2, r7]
    6e68:	e59fc664 	ldr	ip, [pc, #1636]	@ 0x74d4
    6e6c:	e151000c 	cmp	r1, ip
    6e70:	3a000025 	bcc	0x6f0c
    6e74:	e1a01003 	mov	r1, r3
    6e78:	e5950030 	ldr	r0, [r5, #48]	@ 0x30
    6e7c:	e59fc644 	ldr	ip, [pc, #1604]	@ 0x74c8
    6e80:	e151000c 	cmp	r1, ip
    6e84:	8a0003f2 	bhi	0x7e54
    6e88:	e3a0e000 	mov	lr, #0
    6e8c:	e780e001 	str	lr, [r0, r1]
    6e90:	e2430004 	sub	r0, r3, #4
    6e94:	e1a03000 	mov	r3, r0
    6e98:	e594c050 	ldr	ip, [r4, #80]	@ 0x50
    6e9c:	e150000c 	cmp	r0, ip
    6ea0:	2a000008 	bcs	0x6ec8
    6ea4:	e594c050 	ldr	ip, [r4, #80]	@ 0x50
    6ea8:	e24c0004 	sub	r0, ip, #4
    6eac:	e5840050 	str	r0, [r4, #80]	@ 0x50
    6eb0:	e5951030 	ldr	r1, [r5, #48]	@ 0x30
    6eb4:	e59fc60c 	ldr	ip, [pc, #1548]	@ 0x74c8
    6eb8:	e150000c 	cmp	r0, ip
    6ebc:	8a0003e4 	bhi	0x7e54
    6ec0:	e3a0e000 	mov	lr, #0
    6ec4:	e781e000 	str	lr, [r1, r0]
    6ec8:	e1a02003 	mov	r2, r3
    6ecc:	e5951030 	ldr	r1, [r5, #48]	@ 0x30
    6ed0:	e59fc5f0 	ldr	ip, [pc, #1520]	@ 0x74c8
    6ed4:	e152000c 	cmp	r2, ip
    6ed8:	8a0003dd 	bhi	0x7e54
    6edc:	e7910002 	ldr	r0, [r1, r2]
    6ee0:	e2800001 	add	r0, r0, #1
    6ee4:	e1a01000 	mov	r1, r0
    6ee8:	e1a07003 	mov	r7, r3
    6eec:	e5952030 	ldr	r2, [r5, #48]	@ 0x30
    6ef0:	e59fc5d0 	ldr	ip, [pc, #1488]	@ 0x74c8
    6ef4:	e157000c 	cmp	r7, ip
    6ef8:	8a0003d5 	bhi	0x7e54
    6efc:	e7820007 	str	r0, [r2, r7]
    6f00:	e59fc5e0 	ldr	ip, [pc, #1504]	@ 0x74e8
    6f04:	e151000c 	cmp	r1, ip
    6f08:	8affffd9 	bhi	0x6e74
    6f0c:	e594e050 	ldr	lr, [r4, #80]	@ 0x50
    6f10:	e594c048 	ldr	ip, [r4, #72]	@ 0x48
    6f14:	e04c000e 	sub	r0, ip, lr
    6f18:	e1a00140 	asr	r0, r0, #2
    6f1c:	e3a0c009 	mov	ip, #9
    6f20:	e0060c90 	mul	r6, r0, ip
    6f24:	e3a0000a 	mov	r0, #10
    6f28:	e5947050 	ldr	r7, [r4, #80]	@ 0x50
    6f2c:	e5952030 	ldr	r2, [r5, #48]	@ 0x30
    6f30:	e59fc590 	ldr	ip, [pc, #1424]	@ 0x74c8
    6f34:	e157000c 	cmp	r7, ip
    6f38:	8a0003c5 	bhi	0x7e54
    6f3c:	e7921007 	ldr	r1, [r2, r7]
    6f40:	e1a02001 	mov	r2, r1
    6f44:	e351000a 	cmp	r1, #10
    6f48:	3a000005 	bcc	0x6f64
    6f4c:	e2866001 	add	r6, r6, #1
    6f50:	e3a0c00a 	mov	ip, #10
    6f54:	e0010c90 	mul	r1, r0, ip
    6f58:	e1a00001 	mov	r0, r1
    6f5c:	e1520001 	cmp	r2, r1
    6f60:	2afffff9 	bcs	0x6f4c
    6f64:	e2833004 	add	r3, r3, #4
    6f68:	e1a00003 	mov	r0, r3
    6f6c:	e594c02c 	ldr	ip, [r4, #44]	@ 0x2c
    6f70:	e15c0000 	cmp	ip, r0
    6f74:	e594e02c 	ldr	lr, [r4, #44]	@ 0x2c
    6f78:	81a0e003 	movhi	lr, r3
    6f7c:	e584e02c 	str	lr, [r4, #44]	@ 0x2c
    6f80:	e594702c 	ldr	r7, [r4, #44]	@ 0x2c
    6f84:	e594e050 	ldr	lr, [r4, #80]	@ 0x50
    6f88:	e594c02c 	ldr	ip, [r4, #44]	@ 0x2c
    6f8c:	e15c000e 	cmp	ip, lr
    6f90:	e3a00000 	mov	r0, #0
    6f94:	93a00001 	movls	r0, #1
    6f98:	e1a01000 	mov	r1, r0
    6f9c:	e3500000 	cmp	r0, #0
    6fa0:	1a000009 	bne	0x6fcc
    6fa4:	e2470004 	sub	r0, r7, #4
    6fa8:	e584002c 	str	r0, [r4, #44]	@ 0x2c
    6fac:	e1a03000 	mov	r3, r0
    6fb0:	e5952030 	ldr	r2, [r5, #48]	@ 0x30
    6fb4:	e59fc50c 	ldr	ip, [pc, #1292]	@ 0x74c8
    6fb8:	e153000c 	cmp	r3, ip
    6fbc:	8a0003a4 	bhi	0x7e54
    6fc0:	e7920003 	ldr	r0, [r2, r3]
    6fc4:	e3500000 	cmp	r0, #0
    6fc8:	0affffec 	beq	0x6f80
    6fcc:	e594c03c 	ldr	ip, [r4, #60]	@ 0x3c
    6fd0:	e35c0067 	cmp	ip, #103	@ 0x67
    6fd4:	0a000003 	beq	0x6fe8
    6fd8:	e594c014 	ldr	ip, [r4, #20]
    6fdc:	e20ce008 	and	lr, ip, #8
    6fe0:	e584e05c 	str	lr, [r4, #92]	@ 0x5c
    6fe4:	ea00006f 	b	0x71a8
    6fe8:	e1e00006 	mvn	r0, r6
    6fec:	e594c040 	ldr	ip, [r4, #64]	@ 0x40
    6ff0:	e35c0000 	cmp	ip, #0
    6ff4:	e3a02001 	mov	r2, #1
    6ff8:	e594c040 	ldr	ip, [r4, #64]	@ 0x40
    6ffc:	11a0200c 	movne	r2, ip
    7000:	e1a03002 	mov	r3, r2
    7004:	e1520006 	cmp	r2, r6
    7008:	e3a02000 	mov	r2, #0
    700c:	c3a02001 	movgt	r2, #1
    7010:	e3760005 	cmn	r6, #5
    7014:	e3a09000 	mov	r9, #0
    7018:	c3a09001 	movgt	r9, #1
    701c:	e0022009 	and	r2, r2, r9
    7020:	e1a09002 	mov	r9, r2
    7024:	e3520000 	cmp	r2, #0
    7028:	03e00000 	mvneq	r0, #0
    702c:	e080e003 	add	lr, r0, r3
    7030:	e584e040 	str	lr, [r4, #64]	@ 0x40
    7034:	e3590000 	cmp	r9, #0
    7038:	e3e00000 	mvn	r0, #0
    703c:	03e00001 	mvneq	r0, #1
    7040:	e594c018 	ldr	ip, [r4, #24]
    7044:	e080e00c 	add	lr, r0, ip
    7048:	e584e018 	str	lr, [r4, #24]
    704c:	e594c014 	ldr	ip, [r4, #20]
    7050:	e20c0008 	and	r0, ip, #8
    7054:	e584005c 	str	r0, [r4, #92]	@ 0x5c
    7058:	e3500000 	cmp	r0, #0
    705c:	1a000051 	bne	0x71a8
    7060:	e3e02008 	mvn	r2, #8
    7064:	e3510000 	cmp	r1, #0
    7068:	1a000029 	bne	0x7114
    706c:	e2470004 	sub	r0, r7, #4
    7070:	e1a03000 	mov	r3, r0
    7074:	e5951030 	ldr	r1, [r5, #48]	@ 0x30
    7078:	e59fc448 	ldr	ip, [pc, #1096]	@ 0x74c8
    707c:	e153000c 	cmp	r3, ip
    7080:	8a000373 	bhi	0x7e54
    7084:	e7910003 	ldr	r0, [r1, r3]
    7088:	e1a03000 	mov	r3, r0
    708c:	e3500000 	cmp	r0, #0
    7090:	0a00001f 	beq	0x7114
    7094:	e3a0900a 	mov	r9, #10
    7098:	e3a02000 	mov	r2, #0
    709c:	e1a00003 	mov	r0, r3
    70a0:	e3a0100a 	mov	r1, #10
    70a4:	e52d3008 	str	r3, [sp, #-8]!
    70a8:	e58d2004 	str	r2, [sp, #4]
    70ac:	e59fc438 	ldr	ip, [pc, #1080]	@ 0x74ec
    70b0:	e12fff3c 	blx	ip
    70b4:	e59d2004 	ldr	r2, [sp, #4]
    70b8:	e49d3008 	ldr	r3, [sp], #8
    70bc:	e1a00001 	mov	r0, r1
    70c0:	e3500000 	cmp	r0, #0
    70c4:	1a000012 	bne	0x7114
    70c8:	e1a0a002 	mov	sl, r2
    70cc:	e2822001 	add	r2, r2, #1
    70d0:	e3a0c00a 	mov	ip, #10
    70d4:	e0000c99 	mul	r0, r9, ip
    70d8:	e1a09000 	mov	r9, r0
    70dc:	e1a01000 	mov	r1, r0
    70e0:	e1a00003 	mov	r0, r3
    70e4:	e3510000 	cmp	r1, #0
    70e8:	0a000357 	beq	0x7e4c
    70ec:	e52d3008 	str	r3, [sp, #-8]!
    70f0:	e58d2004 	str	r2, [sp, #4]
    70f4:	e59fc3f4 	ldr	ip, [pc, #1012]	@ 0x74f0
    70f8:	e12fff3c 	blx	ip
    70fc:	e59d2004 	ldr	r2, [sp, #4]
    7100:	e49d3008 	ldr	r3, [sp], #8
    7104:	e1a00001 	mov	r0, r1
    7108:	e3500000 	cmp	r0, #0
    710c:	0affffed 	beq	0x70c8
    7110:	e1e0200a 	mvn	r2, sl
    7114:	e594c048 	ldr	ip, [r4, #72]	@ 0x48
    7118:	e047000c 	sub	r0, r7, ip
    711c:	e1a00140 	asr	r0, r0, #2
    7120:	e3a0c009 	mov	ip, #9
    7124:	e0000c90 	mul	r0, r0, ip
    7128:	e594c018 	ldr	ip, [r4, #24]
    712c:	e3cc1020 	bic	r1, ip, #32
    7130:	e3510046 	cmp	r1, #70	@ 0x46
    7134:	1a00000d 	bne	0x7170
    7138:	e3a0e000 	mov	lr, #0
    713c:	e584e05c 	str	lr, [r4, #92]	@ 0x5c
    7140:	e0801002 	add	r1, r0, r2
    7144:	e2411009 	sub	r1, r1, #9
    7148:	e1a03001 	mov	r3, r1
    714c:	e3530000 	cmp	r3, #0
    7150:	d3a01000 	movle	r1, #0
    7154:	e1a03001 	mov	r3, r1
    7158:	e594c040 	ldr	ip, [r4, #64]	@ 0x40
    715c:	e15c0003 	cmp	ip, r3
    7160:	e594e040 	ldr	lr, [r4, #64]	@ 0x40
    7164:	a1a0e001 	movge	lr, r1
    7168:	e584e040 	str	lr, [r4, #64]	@ 0x40
    716c:	ea00000d 	b	0x71a8
    7170:	e3a0e000 	mov	lr, #0
    7174:	e584e05c 	str	lr, [r4, #92]	@ 0x5c
    7178:	e0860000 	add	r0, r6, r0
    717c:	e0800002 	add	r0, r0, r2
    7180:	e2400009 	sub	r0, r0, #9
    7184:	e1a01000 	mov	r1, r0
    7188:	e3510000 	cmp	r1, #0
    718c:	d3a00000 	movle	r0, #0
    7190:	e1a01000 	mov	r1, r0
    7194:	e594c040 	ldr	ip, [r4, #64]	@ 0x40
    7198:	e15c0001 	cmp	ip, r1
    719c:	e594e040 	ldr	lr, [r4, #64]	@ 0x40
    71a0:	a1a0e000 	movge	lr, r0
    71a4:	e584e040 	str	lr, [r4, #64]	@ 0x40
    71a8:	e3e0e000 	mvn	lr, #0
    71ac:	e584e034 	str	lr, [r4, #52]	@ 0x34
    71b0:	e594e05c 	ldr	lr, [r4, #92]	@ 0x5c
    71b4:	e594c040 	ldr	ip, [r4, #64]	@ 0x40
    71b8:	e18c000e 	orr	r0, ip, lr
    71bc:	e1a09000 	mov	r9, r0
    71c0:	e3500000 	cmp	r0, #0
    71c4:	e3e013a0 	mvn	r1, #160, 6	@ 0x80000002
    71c8:	03e01360 	mvneq	r1, #96, 6	@ 0x80000001
    71cc:	e594c040 	ldr	ip, [r4, #64]	@ 0x40
    71d0:	e15c0001 	cmp	ip, r1
    71d4:	ca000311 	bgt	0x7e20
    71d8:	e3590000 	cmp	r9, #0
    71dc:	e3a00000 	mov	r0, #0
    71e0:	13a00001 	movne	r0, #1
    71e4:	e594c040 	ldr	ip, [r4, #64]	@ 0x40
    71e8:	e08c0000 	add	r0, ip, r0
    71ec:	e280a001 	add	sl, r0, #1
    71f0:	e594c018 	ldr	ip, [r4, #24]
    71f4:	e3cc0020 	bic	r0, ip, #32
    71f8:	e1a0b000 	mov	fp, r0
    71fc:	e3500046 	cmp	r0, #70	@ 0x46
    7200:	1a000007 	bne	0x7224
    7204:	e3e0c480 	mvn	ip, #128, 8	@ 0x80000000
    7208:	e02a000c 	eor	r0, sl, ip
    720c:	e1560000 	cmp	r6, r0
    7210:	ca000302 	bgt	0x7e20
    7214:	e3560000 	cmp	r6, #0
    7218:	e3a00000 	mov	r0, #0
    721c:	c1a00006 	movgt	r0, r6
    7220:	ea00003d 	b	0x731c
    7224:	e1a01fc6 	asr	r1, r6, #31
    7228:	e1a02001 	mov	r2, r1
    722c:	e0261001 	eor	r1, r6, r1
    7230:	e0411002 	sub	r1, r1, r2
    7234:	e3a02000 	mov	r2, #0
    7238:	e58410a4 	str	r1, [r4, #164]	@ 0xa4
    723c:	e58420a8 	str	r2, [r4, #168]	@ 0xa8
    7240:	e59f02ac 	ldr	r0, [pc, #684]	@ 0x74f4
    7244:	e1a01004 	mov	r1, r4
    7248:	e59d2000 	ldr	r2, [sp]
    724c:	e59fc2a4 	ldr	ip, [pc, #676]	@ 0x74f8
    7250:	e12fff3c 	blx	ip
    7254:	e3500000 	cmp	r0, #0
    7258:	1a000300 	bne	0x7e60
    725c:	e59410a4 	ldr	r1, [r4, #164]	@ 0xa4
    7260:	e1a02001 	mov	r2, r1
    7264:	e594c038 	ldr	ip, [r4, #56]	@ 0x38
    7268:	e04c1001 	sub	r1, ip, r1
    726c:	e3510001 	cmp	r1, #1
    7270:	ca00000c 	bgt	0x72a8
    7274:	e2421001 	sub	r1, r2, #1
    7278:	e1a02001 	mov	r2, r1
    727c:	e5953030 	ldr	r3, [r5, #48]	@ 0x30
    7280:	e3e0c4fe 	mvn	ip, #-33554432	@ 0xfe000000
    7284:	e3ccc8fe 	bic	ip, ip, #16646144	@ 0xfe0000
    7288:	e151000c 	cmp	r1, ip
    728c:	8a0002f0 	bhi	0x7e54
    7290:	e3a0e030 	mov	lr, #48	@ 0x30
    7294:	e7c3e001 	strb	lr, [r3, r1]
    7298:	e594c038 	ldr	ip, [r4, #56]	@ 0x38
    729c:	e04c1002 	sub	r1, ip, r2
    72a0:	e3510002 	cmp	r1, #2
    72a4:	bafffff2 	blt	0x7274
    72a8:	e2421002 	sub	r1, r2, #2
    72ac:	e5841054 	str	r1, [r4, #84]	@ 0x54
    72b0:	e5953030 	ldr	r3, [r5, #48]	@ 0x30
    72b4:	e5948018 	ldr	r8, [r4, #24]
    72b8:	e3e0c4fe 	mvn	ip, #-33554432	@ 0xfe000000
    72bc:	e3ccc8fe 	bic	ip, ip, #16646144	@ 0xfe0000
    72c0:	e151000c 	cmp	r1, ip
    72c4:	8a0002e2 	bhi	0x7e54
    72c8:	e7c38001 	strb	r8, [r3, r1]
    72cc:	e3e0e000 	mvn	lr, #0
    72d0:	e584e034 	str	lr, [r4, #52]	@ 0x34
    72d4:	e2422001 	sub	r2, r2, #1
    72d8:	e3560000 	cmp	r6, #0
    72dc:	e3a0102d 	mov	r1, #45	@ 0x2d
    72e0:	a3a0102b 	movge	r1, #43	@ 0x2b
    72e4:	e5953030 	ldr	r3, [r5, #48]	@ 0x30
    72e8:	e3e0c4fe 	mvn	ip, #-33554432	@ 0xfe000000
    72ec:	e3ccc8fe 	bic	ip, ip, #16646144	@ 0xfe0000
    72f0:	e152000c 	cmp	r2, ip
    72f4:	8a0002d6 	bhi	0x7e54
    72f8:	e7c31002 	strb	r1, [r3, r2]
    72fc:	e594e054 	ldr	lr, [r4, #84]	@ 0x54
    7300:	e594c038 	ldr	ip, [r4, #56]	@ 0x38
    7304:	e04c100e 	sub	r1, ip, lr
    7308:	e1a00001 	mov	r0, r1
    730c:	e3e0c480 	mvn	ip, #128, 8	@ 0x80000000
    7310:	e02a200c 	eor	r2, sl, ip
    7314:	e1510002 	cmp	r1, r2
    7318:	ca0002c0 	bgt	0x7e20
    731c:	e3e0e000 	mvn	lr, #0
    7320:	e584e034 	str	lr, [r4, #52]	@ 0x34
    7324:	e080000a 	add	r0, r0, sl
    7328:	e1a01000 	mov	r1, r0
    732c:	e594c024 	ldr	ip, [r4, #36]	@ 0x24
    7330:	e3e0e480 	mvn	lr, #128, 8	@ 0x80000000
    7334:	e02c200e 	eor	r2, ip, lr
    7338:	e1500002 	cmp	r0, r2
    733c:	ca0002b7 	bgt	0x7e20
    7340:	e594c024 	ldr	ip, [r4, #36]	@ 0x24
    7344:	e081100c 	add	r1, r1, ip
    7348:	e1a06001 	mov	r6, r1
    734c:	e3a0e020 	mov	lr, #32
    7350:	e584e0a4 	str	lr, [r4, #164]	@ 0xa4
    7354:	e58410ac 	str	r1, [r4, #172]	@ 0xac
    7358:	e59f019c 	ldr	r0, [pc, #412]	@ 0x74fc
    735c:	e1a01004 	mov	r1, r4
    7360:	e59d2000 	ldr	r2, [sp]
    7364:	e59fc194 	ldr	ip, [pc, #404]	@ 0x7500
    7368:	e12fff3c 	blx	ip
    736c:	e3500000 	cmp	r0, #0
    7370:	1a0002ba 	bne	0x7e60
    7374:	e59f0188 	ldr	r0, [pc, #392]	@ 0x7504
    7378:	e1a01004 	mov	r1, r4
    737c:	e59d2000 	ldr	r2, [sp]
    7380:	e59fc180 	ldr	ip, [pc, #384]	@ 0x7508
    7384:	e12fff3c 	blx	ip
    7388:	e3500000 	cmp	r0, #0
    738c:	1a0002b3 	bne	0x7e60
    7390:	e594c014 	ldr	ip, [r4, #20]
    7394:	e22c0b40 	eor	r0, ip, #64, 22	@ 0x10000
    7398:	e3a0e030 	mov	lr, #48	@ 0x30
    739c:	e584e0a4 	str	lr, [r4, #164]	@ 0xa4
    73a0:	e5846018 	str	r6, [r4, #24]
    73a4:	e58400b0 	str	r0, [r4, #176]	@ 0xb0
    73a8:	e59f015c 	ldr	r0, [pc, #348]	@ 0x750c
    73ac:	e1a01004 	mov	r1, r4
    73b0:	e59d2000 	ldr	r2, [sp]
    73b4:	e59fc154 	ldr	ip, [pc, #340]	@ 0x7510
    73b8:	e12fff3c 	blx	ip
    73bc:	e3500000 	cmp	r0, #0
    73c0:	1a0002a6 	bne	0x7e60
    73c4:	e35b0046 	cmp	fp, #70	@ 0x46
    73c8:	1a0000bb 	bne	0x76bc
    73cc:	e594c01c 	ldr	ip, [r4, #28]
    73d0:	e28c0010 	add	r0, ip, #16
    73d4:	e3808009 	orr	r8, r0, #9
    73d8:	e594e048 	ldr	lr, [r4, #72]	@ 0x48
    73dc:	e594c050 	ldr	ip, [r4, #80]	@ 0x50
    73e0:	e15c000e 	cmp	ip, lr
    73e4:	e5940048 	ldr	r0, [r4, #72]	@ 0x48
    73e8:	e594c050 	ldr	ip, [r4, #80]	@ 0x50
    73ec:	91a0000c 	movls	r0, ip
    73f0:	e1a0a000 	mov	sl, r0
    73f4:	e1a0b000 	mov	fp, r0
    73f8:	e1a0300b 	mov	r3, fp
    73fc:	e5952030 	ldr	r2, [r5, #48]	@ 0x30
    7400:	e59fc0c0 	ldr	ip, [pc, #192]	@ 0x74c8
    7404:	e153000c 	cmp	r3, ip
    7408:	8a000291 	bhi	0x7e54
    740c:	e7920003 	ldr	r0, [r2, r3]
    7410:	e3a01000 	mov	r1, #0
    7414:	e58400a0 	str	r0, [r4, #160]	@ 0xa0
    7418:	e58410a4 	str	r1, [r4, #164]	@ 0xa4
    741c:	e584804c 	str	r8, [r4, #76]	@ 0x4c
    7420:	e59f00ec 	ldr	r0, [pc, #236]	@ 0x7514
    7424:	e1a01004 	mov	r1, r4
    7428:	e59d2000 	ldr	r2, [sp]
    742c:	e59fc0e4 	ldr	ip, [pc, #228]	@ 0x7518
    7430:	e12fff3c 	blx	ip
    7434:	e3500000 	cmp	r0, #0
    7438:	1a000288 	bne	0x7e60
    743c:	e59400a0 	ldr	r0, [r4, #160]	@ 0xa0
    7440:	e15b000a 	cmp	fp, sl
    7444:	0a000011 	beq	0x7490
    7448:	e594c01c 	ldr	ip, [r4, #28]
    744c:	e28c1010 	add	r1, ip, #16
    7450:	e1500001 	cmp	r0, r1
    7454:	9a000036 	bls	0x7534
    7458:	e2401001 	sub	r1, r0, #1
    745c:	e1a00001 	mov	r0, r1
    7460:	e5952030 	ldr	r2, [r5, #48]	@ 0x30
    7464:	e3e0c4fe 	mvn	ip, #-33554432	@ 0xfe000000
    7468:	e3ccc8fe 	bic	ip, ip, #16646144	@ 0xfe0000
    746c:	e151000c 	cmp	r1, ip
    7470:	8a000277 	bhi	0x7e54
    7474:	e3a0e030 	mov	lr, #48	@ 0x30
    7478:	e7c2e001 	strb	lr, [r2, r1]
    747c:	e594c01c 	ldr	ip, [r4, #28]
    7480:	e28c1010 	add	r1, ip, #16
    7484:	e1500001 	cmp	r0, r1
    7488:	8afffff2 	bhi	0x7458
    748c:	ea000028 	b	0x7534
    7490:	e1500008 	cmp	r0, r8
    7494:	1a000026 	bne	0x7534
    7498:	e2401001 	sub	r1, r0, #1
    749c:	e1a00001 	mov	r0, r1
    74a0:	e5952030 	ldr	r2, [r5, #48]	@ 0x30
    74a4:	ea00001c 	b	0x751c
	...
    74b8:	0040b408 	subeq	fp, r0, r8, lsl #8
    74bc:	000487b4 			@ <UNDEFINED> instruction: 0x000487b4
    74c0:	0040b474 	subeq	fp, r0, r4, ror r4
    74c4:	000487b4 			@ <UNDEFINED> instruction: 0x000487b4
    74c8:	0101fffc 	strdeq	pc, [r1, -ip]
    74cc:	00049280 	andeq	r9, r4, r0, lsl #5
    74d0:	41cdcd65 	bicmi	ip, sp, r5, ror #26
    74d4:	3b9aca00 	blcc	0xfe6b9cdc
    74d8:	00047d44 	andeq	r7, r4, r4, asr #26
    74dc:	001f44e8 	andseq	r4, pc, r8, ror #9
    74e0:	001f4728 	andseq	r4, pc, r8, lsr #14
    74e4:	001f44e8 	andseq	r4, pc, r8, ror #9
    74e8:	3b9ac9ff 	blcc	0xfe6b9cec
    74ec:	001f44e8 	andseq	r4, pc, r8, ror #9
    74f0:	001f44e8 	andseq	r4, pc, r8, ror #9
    74f4:	0040c978 	subeq	ip, r0, r8, ror r9
    74f8:	000487b4 			@ <UNDEFINED> instruction: 0x000487b4
    74fc:	0040cb64 	subeq	ip, r0, r4, ror #22
    7500:	000487b4 			@ <UNDEFINED> instruction: 0x000487b4
    7504:	0040cb7c 	subeq	ip, r0, ip, ror fp
    7508:	000487b4 			@ <UNDEFINED> instruction: 0x000487b4
    750c:	0040cbb4 	strheq	ip, [r0], #-180	@ 0xffffff4c
    7510:	000487b4 			@ <UNDEFINED> instruction: 0x000487b4
    7514:	0040cc58 	subeq	ip, r0, r8, asr ip
    7518:	000487b4 			@ <UNDEFINED> instruction: 0x000487b4
    751c:	e3e0c4fe 	mvn	ip, #-33554432	@ 0xfe000000
    7520:	e3ccc8fe 	bic	ip, ip, #16646144	@ 0xfe0000
    7524:	e151000c 	cmp	r1, ip
    7528:	8a000249 	bhi	0x7e54
    752c:	e3a0e030 	mov	lr, #48	@ 0x30
    7530:	e7c2e001 	strb	lr, [r2, r1]
    7534:	e0481000 	sub	r1, r8, r0
    7538:	e584002c 	str	r0, [r4, #44]	@ 0x2c
    753c:	e58410a8 	str	r1, [r4, #168]	@ 0xa8
    7540:	e59f0fd0 	ldr	r0, [pc, #4048]	@ 0x8518
    7544:	e1a01004 	mov	r1, r4
    7548:	e59d2000 	ldr	r2, [sp]
    754c:	e59fcfc8 	ldr	ip, [pc, #4040]	@ 0x851c
    7550:	e12fff3c 	blx	ip
    7554:	e3500000 	cmp	r0, #0
    7558:	1a000240 	bne	0x7e60
    755c:	e28b0004 	add	r0, fp, #4
    7560:	e1a0b000 	mov	fp, r0
    7564:	e594c048 	ldr	ip, [r4, #72]	@ 0x48
    7568:	e150000c 	cmp	r0, ip
    756c:	9affffa1 	bls	0x73f8
    7570:	e3590000 	cmp	r9, #0
    7574:	0a00000b 	beq	0x75a8
    7578:	e3a0eb40 	mov	lr, #64, 22	@ 0x10000
    757c:	e38ee1b4 	orr	lr, lr, #180, 2	@ 0x2d
    7580:	e584e0a4 	str	lr, [r4, #164]	@ 0xa4
    7584:	e3a0e001 	mov	lr, #1
    7588:	e584e088 	str	lr, [r4, #136]	@ 0x88
    758c:	e59f0f8c 	ldr	r0, [pc, #3980]	@ 0x8520
    7590:	e1a01004 	mov	r1, r4
    7594:	e59d2000 	ldr	r2, [sp]
    7598:	e59fcf84 	ldr	ip, [pc, #3972]	@ 0x8524
    759c:	e12fff3c 	blx	ip
    75a0:	e3500000 	cmp	r0, #0
    75a4:	1a00022d 	bne	0x7e60
    75a8:	e15b0007 	cmp	fp, r7
    75ac:	2a0000d2 	bcs	0x78fc
    75b0:	e594c040 	ldr	ip, [r4, #64]	@ 0x40
    75b4:	e35c0001 	cmp	ip, #1
    75b8:	ba0000cf 	blt	0x78fc
    75bc:	e1a0300b 	mov	r3, fp
    75c0:	e5952030 	ldr	r2, [r5, #48]	@ 0x30
    75c4:	e59fcf5c 	ldr	ip, [pc, #3932]	@ 0x8528
    75c8:	e153000c 	cmp	r3, ip
    75cc:	8a000220 	bhi	0x7e54
    75d0:	e7920003 	ldr	r0, [r2, r3]
    75d4:	e3a01000 	mov	r1, #0
    75d8:	e58400a0 	str	r0, [r4, #160]	@ 0xa0
    75dc:	e58410a4 	str	r1, [r4, #164]	@ 0xa4
    75e0:	e584804c 	str	r8, [r4, #76]	@ 0x4c
    75e4:	e59f0f40 	ldr	r0, [pc, #3904]	@ 0x852c
    75e8:	e1a01004 	mov	r1, r4
    75ec:	e59d2000 	ldr	r2, [sp]
    75f0:	e59fcf38 	ldr	ip, [pc, #3896]	@ 0x8530
    75f4:	e12fff3c 	blx	ip
    75f8:	e3500000 	cmp	r0, #0
    75fc:	1a000217 	bne	0x7e60
    7600:	e59400a0 	ldr	r0, [r4, #160]	@ 0xa0
    7604:	e1a01000 	mov	r1, r0
    7608:	e594c01c 	ldr	ip, [r4, #28]
    760c:	e28c2010 	add	r2, ip, #16
    7610:	e1500002 	cmp	r0, r2
    7614:	9a00000c 	bls	0x764c
    7618:	e2410001 	sub	r0, r1, #1
    761c:	e1a01000 	mov	r1, r0
    7620:	e5952030 	ldr	r2, [r5, #48]	@ 0x30
    7624:	e3e0c4fe 	mvn	ip, #-33554432	@ 0xfe000000
    7628:	e3ccc8fe 	bic	ip, ip, #16646144	@ 0xfe0000
    762c:	e150000c 	cmp	r0, ip
    7630:	8a000207 	bhi	0x7e54
    7634:	e3a0e030 	mov	lr, #48	@ 0x30
    7638:	e7c2e000 	strb	lr, [r2, r0]
    763c:	e594c01c 	ldr	ip, [r4, #28]
    7640:	e28c0010 	add	r0, ip, #16
    7644:	e1510000 	cmp	r1, r0
    7648:	8afffff2 	bhi	0x7618
    764c:	e594c040 	ldr	ip, [r4, #64]	@ 0x40
    7650:	e35c0009 	cmp	ip, #9
    7654:	e3a00009 	mov	r0, #9
    7658:	e594c040 	ldr	ip, [r4, #64]	@ 0x40
    765c:	b1a0000c 	movlt	r0, ip
    7660:	e584102c 	str	r1, [r4, #44]	@ 0x2c
    7664:	e58400a8 	str	r0, [r4, #168]	@ 0xa8
    7668:	e59f0ec4 	ldr	r0, [pc, #3780]	@ 0x8534
    766c:	e1a01004 	mov	r1, r4
    7670:	e59d2000 	ldr	r2, [sp]
    7674:	e59fcebc 	ldr	ip, [pc, #3772]	@ 0x8538
    7678:	e12fff3c 	blx	ip
    767c:	e3500000 	cmp	r0, #0
    7680:	1a0001f6 	bne	0x7e60
    7684:	e594c040 	ldr	ip, [r4, #64]	@ 0x40
    7688:	e24c0009 	sub	r0, ip, #9
    768c:	e28b1004 	add	r1, fp, #4
    7690:	e1a0b001 	mov	fp, r1
    7694:	e1510007 	cmp	r1, r7
    7698:	2a000098 	bcs	0x7900
    769c:	e594c040 	ldr	ip, [r4, #64]	@ 0x40
    76a0:	e35c0009 	cmp	ip, #9
    76a4:	e3a01000 	mov	r1, #0
    76a8:	c3a01001 	movgt	r1, #1
    76ac:	e5840040 	str	r0, [r4, #64]	@ 0x40
    76b0:	e3510000 	cmp	r1, #0
    76b4:	1affffc0 	bne	0x75bc
    76b8:	ea000090 	b	0x7900
    76bc:	e594c040 	ldr	ip, [r4, #64]	@ 0x40
    76c0:	e35c0000 	cmp	ip, #0
    76c4:	ba000070 	blt	0x788c
    76c8:	e594c050 	ldr	ip, [r4, #80]	@ 0x50
    76cc:	e28c1004 	add	r1, ip, #4
    76d0:	e594c050 	ldr	ip, [r4, #80]	@ 0x50
    76d4:	e157000c 	cmp	r7, ip
    76d8:	91a07001 	movls	r7, r1
    76dc:	e594c01c 	ldr	ip, [r4, #28]
    76e0:	e28c1010 	add	r1, ip, #16
    76e4:	e3818009 	orr	r8, r1, #9
    76e8:	e5949050 	ldr	r9, [r4, #80]	@ 0x50
    76ec:	e1a0a009 	mov	sl, r9
    76f0:	e5953030 	ldr	r3, [r5, #48]	@ 0x30
    76f4:	e59fce2c 	ldr	ip, [pc, #3628]	@ 0x8528
    76f8:	e15a000c 	cmp	sl, ip
    76fc:	8a0001d4 	bhi	0x7e54
    7700:	e793100a 	ldr	r1, [r3, sl]
    7704:	e3a02000 	mov	r2, #0
    7708:	e58410a0 	str	r1, [r4, #160]	@ 0xa0
    770c:	e58420a4 	str	r2, [r4, #164]	@ 0xa4
    7710:	e584804c 	str	r8, [r4, #76]	@ 0x4c
    7714:	e59f0e20 	ldr	r0, [pc, #3616]	@ 0x853c
    7718:	e1a01004 	mov	r1, r4
    771c:	e59d2000 	ldr	r2, [sp]
    7720:	e59fce18 	ldr	ip, [pc, #3608]	@ 0x8540
    7724:	e12fff3c 	blx	ip
    7728:	e3500000 	cmp	r0, #0
    772c:	1a0001cb 	bne	0x7e60
    7730:	e59410a0 	ldr	r1, [r4, #160]	@ 0xa0
    7734:	e1a0a001 	mov	sl, r1
    7738:	e1510008 	cmp	r1, r8
    773c:	1a000008 	bne	0x7764
    7740:	e24a1001 	sub	r1, sl, #1
    7744:	e1a0a001 	mov	sl, r1
    7748:	e5952030 	ldr	r2, [r5, #48]	@ 0x30
    774c:	e3e0c4fe 	mvn	ip, #-33554432	@ 0xfe000000
    7750:	e3ccc8fe 	bic	ip, ip, #16646144	@ 0xfe0000
    7754:	e151000c 	cmp	r1, ip
    7758:	8a0001bd 	bhi	0x7e54
    775c:	e3a0e030 	mov	lr, #48	@ 0x30
    7760:	e7c2e001 	strb	lr, [r2, r1]
    7764:	e594c050 	ldr	ip, [r4, #80]	@ 0x50
    7768:	e159000c 	cmp	r9, ip
    776c:	0a000011 	beq	0x77b8
    7770:	e594c01c 	ldr	ip, [r4, #28]
    7774:	e28c1010 	add	r1, ip, #16
    7778:	e15a0001 	cmp	sl, r1
    777c:	9a000029 	bls	0x7828
    7780:	e24a1001 	sub	r1, sl, #1
    7784:	e1a0a001 	mov	sl, r1
    7788:	e5952030 	ldr	r2, [r5, #48]	@ 0x30
    778c:	e3e0c4fe 	mvn	ip, #-33554432	@ 0xfe000000
    7790:	e3ccc8fe 	bic	ip, ip, #16646144	@ 0xfe0000
    7794:	e151000c 	cmp	r1, ip
    7798:	8a0001ad 	bhi	0x7e54
    779c:	e3a0e030 	mov	lr, #48	@ 0x30
    77a0:	e7c2e001 	strb	lr, [r2, r1]
    77a4:	e594c01c 	ldr	ip, [r4, #28]
    77a8:	e28c1010 	add	r1, ip, #16
    77ac:	e15a0001 	cmp	sl, r1
    77b0:	8afffff2 	bhi	0x7780
    77b4:	ea00001b 	b	0x7828
    77b8:	e584a02c 	str	sl, [r4, #44]	@ 0x2c
    77bc:	e3a0e001 	mov	lr, #1
    77c0:	e584e088 	str	lr, [r4, #136]	@ 0x88
    77c4:	e59f0d78 	ldr	r0, [pc, #3448]	@ 0x8544
    77c8:	e1a01004 	mov	r1, r4
    77cc:	e59d2000 	ldr	r2, [sp]
    77d0:	e59fcd70 	ldr	ip, [pc, #3440]	@ 0x8548
    77d4:	e12fff3c 	blx	ip
    77d8:	e3500000 	cmp	r0, #0
    77dc:	1a00019f 	bne	0x7e60
    77e0:	e28aa001 	add	sl, sl, #1
    77e4:	e594e05c 	ldr	lr, [r4, #92]	@ 0x5c
    77e8:	e594c040 	ldr	ip, [r4, #64]	@ 0x40
    77ec:	e18c100e 	orr	r1, ip, lr
    77f0:	e3510000 	cmp	r1, #0
    77f4:	0a00000b 	beq	0x7828
    77f8:	e3a0eb40 	mov	lr, #64, 22	@ 0x10000
    77fc:	e38ee1b4 	orr	lr, lr, #180, 2	@ 0x2d
    7800:	e584e0a4 	str	lr, [r4, #164]	@ 0xa4
    7804:	e3a0e001 	mov	lr, #1
    7808:	e584e088 	str	lr, [r4, #136]	@ 0x88
    780c:	e59f0d38 	ldr	r0, [pc, #3384]	@ 0x854c
    7810:	e1a01004 	mov	r1, r4
    7814:	e59d2000 	ldr	r2, [sp]
    7818:	e59fcd30 	ldr	ip, [pc, #3376]	@ 0x8550
    781c:	e12fff3c 	blx	ip
    7820:	e3500000 	cmp	r0, #0
    7824:	1a00018d 	bne	0x7e60
    7828:	e048100a 	sub	r1, r8, sl
    782c:	e1a0b001 	mov	fp, r1
    7830:	e594c040 	ldr	ip, [r4, #64]	@ 0x40
    7834:	e15c000b 	cmp	ip, fp
    7838:	e594c040 	ldr	ip, [r4, #64]	@ 0x40
    783c:	d1a0100c 	movle	r1, ip
    7840:	e584a02c 	str	sl, [r4, #44]	@ 0x2c
    7844:	e58410a8 	str	r1, [r4, #168]	@ 0xa8
    7848:	e59f0d04 	ldr	r0, [pc, #3332]	@ 0x8554
    784c:	e1a01004 	mov	r1, r4
    7850:	e59d2000 	ldr	r2, [sp]
    7854:	e59fccfc 	ldr	ip, [pc, #3324]	@ 0x8558
    7858:	e12fff3c 	blx	ip
    785c:	e3500000 	cmp	r0, #0
    7860:	1a00017e 	bne	0x7e60
    7864:	e594c040 	ldr	ip, [r4, #64]	@ 0x40
    7868:	e04ce00b 	sub	lr, ip, fp
    786c:	e584e040 	str	lr, [r4, #64]	@ 0x40
    7870:	e2891004 	add	r1, r9, #4
    7874:	e1a09001 	mov	r9, r1
    7878:	e1510007 	cmp	r1, r7
    787c:	2a000002 	bcs	0x788c
    7880:	e594c040 	ldr	ip, [r4, #64]	@ 0x40
    7884:	e37c0001 	cmn	ip, #1
    7888:	caffff97 	bgt	0x76ec
    788c:	e594c040 	ldr	ip, [r4, #64]	@ 0x40
    7890:	e28c1012 	add	r1, ip, #18
    7894:	e3a0e030 	mov	lr, #48	@ 0x30
    7898:	e584e0a4 	str	lr, [r4, #164]	@ 0xa4
    789c:	e58410a8 	str	r1, [r4, #168]	@ 0xa8
    78a0:	e3a0e012 	mov	lr, #18
    78a4:	e584e0ac 	str	lr, [r4, #172]	@ 0xac
    78a8:	e3a0e000 	mov	lr, #0
    78ac:	e584e084 	str	lr, [r4, #132]	@ 0x84
    78b0:	e59f0ca4 	ldr	r0, [pc, #3236]	@ 0x855c
    78b4:	e1a01004 	mov	r1, r4
    78b8:	e59d2000 	ldr	r2, [sp]
    78bc:	e59fcc9c 	ldr	ip, [pc, #3228]	@ 0x8560
    78c0:	e12fff3c 	blx	ip
    78c4:	e3500000 	cmp	r0, #0
    78c8:	1a000164 	bne	0x7e60
    78cc:	e594e054 	ldr	lr, [r4, #84]	@ 0x54
    78d0:	e594c038 	ldr	ip, [r4, #56]	@ 0x38
    78d4:	e04c100e 	sub	r1, ip, lr
    78d8:	e58410a8 	str	r1, [r4, #168]	@ 0xa8
    78dc:	e59f0c80 	ldr	r0, [pc, #3200]	@ 0x8564
    78e0:	e1a01004 	mov	r1, r4
    78e4:	e59d2000 	ldr	r2, [sp]
    78e8:	e59fcc78 	ldr	ip, [pc, #3192]	@ 0x8568
    78ec:	e12fff3c 	blx	ip
    78f0:	e3500000 	cmp	r0, #0
    78f4:	1a000159 	bne	0x7e60
    78f8:	ea00000f 	b	0x793c
    78fc:	e5940040 	ldr	r0, [r4, #64]	@ 0x40
    7900:	e2800009 	add	r0, r0, #9
    7904:	e3a0e030 	mov	lr, #48	@ 0x30
    7908:	e584e0a4 	str	lr, [r4, #164]	@ 0xa4
    790c:	e58400a8 	str	r0, [r4, #168]	@ 0xa8
    7910:	e3a0e009 	mov	lr, #9
    7914:	e584e0ac 	str	lr, [r4, #172]	@ 0xac
    7918:	e3a0e000 	mov	lr, #0
    791c:	e584e084 	str	lr, [r4, #132]	@ 0x84
    7920:	e59f0c44 	ldr	r0, [pc, #3140]	@ 0x856c
    7924:	e1a01004 	mov	r1, r4
    7928:	e59d2000 	ldr	r2, [sp]
    792c:	e59fcc3c 	ldr	ip, [pc, #3132]	@ 0x8570
    7930:	e12fff3c 	blx	ip
    7934:	e3500000 	cmp	r0, #0
    7938:	1a000148 	bne	0x7e60
    793c:	e594c014 	ldr	ip, [r4, #20]
    7940:	e22c0d80 	eor	r0, ip, #128, 26	@ 0x2000
    7944:	e3a0e020 	mov	lr, #32
    7948:	e584e0a4 	str	lr, [r4, #164]	@ 0xa4
    794c:	e5846018 	str	r6, [r4, #24]
    7950:	e58400b0 	str	r0, [r4, #176]	@ 0xb0
    7954:	e59f0c18 	ldr	r0, [pc, #3096]	@ 0x8574
    7958:	e1a01004 	mov	r1, r4
    795c:	e59d2000 	ldr	r2, [sp]
    7960:	e59fcc10 	ldr	ip, [pc, #3088]	@ 0x8578
    7964:	e12fff3c 	blx	ip
    7968:	e3500000 	cmp	r0, #0
    796c:	1a00013b 	bne	0x7e60
    7970:	e594c00c 	ldr	ip, [r4, #12]
    7974:	e15c0006 	cmp	ip, r6
    7978:	e594e00c 	ldr	lr, [r4, #12]
    797c:	d1a0e006 	movle	lr, r6
    7980:	e584e034 	str	lr, [r4, #52]	@ 0x34
    7984:	ea000125 	b	0x7e20
    7988:	e594c018 	ldr	ip, [r4, #24]
    798c:	e1a00d0c 	lsl	r0, ip, #26
    7990:	e1a00fc0 	asr	r0, r0, #31
    7994:	e2000009 	and	r0, r0, #9
    7998:	e594c028 	ldr	ip, [r4, #40]	@ 0x28
    799c:	e08ce000 	add	lr, ip, r0
    79a0:	e584e054 	str	lr, [r4, #84]	@ 0x54
    79a4:	e594c010 	ldr	ip, [r4, #16]
    79a8:	e35c000b 	cmp	ip, #11
    79ac:	8a00001e 	bhi	0x7a2c
    79b0:	e594c010 	ldr	ip, [r4, #16]
    79b4:	e26c000c 	rsb	r0, ip, #12
    79b8:	e3a0c000 	mov	ip, #0
    79bc:	e3a0e9c0 	mov	lr, #192, 18	@ 0x300000
    79c0:	e38ee440 	orr	lr, lr, #64, 8	@ 0x40000000
    79c4:	ec4eca10 	vmov	s0, s1, ip, lr
    79c8:	e3a0c000 	mov	ip, #0
    79cc:	e3a0e9c0 	mov	lr, #192, 18	@ 0x300000
    79d0:	e38ee440 	orr	lr, lr, #64, 8	@ 0x40000000
    79d4:	ec4eca11 	vmov	s2, s3, ip, lr
    79d8:	ee200b01 	vmul.f64	d0, d0, d1
    79dc:	e2401001 	sub	r1, r0, #1
    79e0:	e1a00001 	mov	r0, r1
    79e4:	e3510000 	cmp	r1, #0
    79e8:	1afffff6 	bne	0x79c8
    79ec:	e5942054 	ldr	r2, [r4, #84]	@ 0x54
    79f0:	e5951030 	ldr	r1, [r5, #48]	@ 0x30
    79f4:	e3e0c4fe 	mvn	ip, #-33554432	@ 0xfe000000
    79f8:	e3ccc8fe 	bic	ip, ip, #16646144	@ 0xfe0000
    79fc:	e152000c 	cmp	r2, ip
    7a00:	8a000113 	bhi	0x7e54
    7a04:	e7d10002 	ldrb	r0, [r1, r2]
    7a08:	e350002d 	cmp	r0, #45	@ 0x2d
    7a0c:	1a000004 	bne	0x7a24
    7a10:	eeb11b48 	vneg.f64	d1, d8
    7a14:	ee311b40 	vsub.f64	d1, d1, d0
    7a18:	ee301b01 	vadd.f64	d1, d0, d1
    7a1c:	eeb18b41 	vneg.f64	d8, d1
    7a20:	ea000001 	b	0x7a2c
    7a24:	ee381b00 	vadd.f64	d1, d8, d0
    7a28:	ee318b40 	vsub.f64	d8, d1, d0
    7a2c:	e594201c 	ldr	r2, [r4, #28]
    7a30:	e5951030 	ldr	r1, [r5, #48]	@ 0x30
    7a34:	e292202c 	adds	r2, r2, #44	@ 0x2c
    7a38:	2a000105 	bcs	0x7e54
    7a3c:	e59fcae4 	ldr	ip, [pc, #2788]	@ 0x8528
    7a40:	e152000c 	cmp	r2, ip
    7a44:	8a000102 	bhi	0x7e54
    7a48:	e7910002 	ldr	r0, [r1, r2]
    7a4c:	e1a07000 	mov	r7, r0
    7a50:	e1a01fc7 	asr	r1, r7, #31
    7a54:	e1a02001 	mov	r2, r1
    7a58:	e0200001 	eor	r0, r0, r1
    7a5c:	e0400002 	sub	r0, r0, r2
    7a60:	e3a01000 	mov	r1, #0
    7a64:	e58400a0 	str	r0, [r4, #160]	@ 0xa0
    7a68:	e58410a4 	str	r1, [r4, #164]	@ 0xa4
    7a6c:	e59f0b08 	ldr	r0, [pc, #2824]	@ 0x857c
    7a70:	e1a01004 	mov	r1, r4
    7a74:	e59d2000 	ldr	r2, [sp]
    7a78:	e59fcb00 	ldr	ip, [pc, #2816]	@ 0x8580
    7a7c:	e12fff3c 	blx	ip
    7a80:	e3500000 	cmp	r0, #0
    7a84:	1a0000f5 	bne	0x7e60
    7a88:	e59400a0 	ldr	r0, [r4, #160]	@ 0xa0
    7a8c:	e1a01000 	mov	r1, r0
    7a90:	e594c038 	ldr	ip, [r4, #56]	@ 0x38
    7a94:	e150000c 	cmp	r0, ip
    7a98:	1a000010 	bne	0x7ae0
    7a9c:	e2410001 	sub	r0, r1, #1
    7aa0:	e1a01000 	mov	r1, r0
    7aa4:	e5952030 	ldr	r2, [r5, #48]	@ 0x30
    7aa8:	e3e0c4fe 	mvn	ip, #-33554432	@ 0xfe000000
    7aac:	e3ccc8fe 	bic	ip, ip, #16646144	@ 0xfe0000
    7ab0:	e150000c 	cmp	r0, ip
    7ab4:	8a0000e6 	bhi	0x7e54
    7ab8:	e3a0e030 	mov	lr, #48	@ 0x30
    7abc:	e7c2e000 	strb	lr, [r2, r0]
    7ac0:	e594201c 	ldr	r2, [r4, #28]
    7ac4:	e5950030 	ldr	r0, [r5, #48]	@ 0x30
    7ac8:	e292202c 	adds	r2, r2, #44	@ 0x2c
    7acc:	2a0000e0 	bcs	0x7e54
    7ad0:	e59fca50 	ldr	ip, [pc, #2640]	@ 0x8528
    7ad4:	e152000c 	cmp	r2, ip
    7ad8:	8a0000dd 	bhi	0x7e54
    7adc:	e7907002 	ldr	r7, [r0, r2]
    7ae0:	e594c024 	ldr	ip, [r4, #36]	@ 0x24
    7ae4:	e38c8002 	orr	r8, ip, #2
    7ae8:	e594c018 	ldr	ip, [r4, #24]
    7aec:	e20c0020 	and	r0, ip, #32
    7af0:	e2412002 	sub	r2, r1, #2
    7af4:	e5842060 	str	r2, [r4, #96]	@ 0x60
    7af8:	e594c018 	ldr	ip, [r4, #24]
    7afc:	e28c300f 	add	r3, ip, #15
    7b00:	e595a030 	ldr	sl, [r5, #48]	@ 0x30
    7b04:	e3e0c4fe 	mvn	ip, #-33554432	@ 0xfe000000
    7b08:	e3ccc8fe 	bic	ip, ip, #16646144	@ 0xfe0000
    7b0c:	e152000c 	cmp	r2, ip
    7b10:	8a0000cf 	bhi	0x7e54
    7b14:	e7ca3002 	strb	r3, [sl, r2]
    7b18:	e2411001 	sub	r1, r1, #1
    7b1c:	e3570000 	cmp	r7, #0
    7b20:	e3a0202d 	mov	r2, #45	@ 0x2d
    7b24:	a3a0202b 	movge	r2, #43	@ 0x2b
    7b28:	e5953030 	ldr	r3, [r5, #48]	@ 0x30
    7b2c:	e3e0c4fe 	mvn	ip, #-33554432	@ 0xfe000000
    7b30:	e3ccc8fe 	bic	ip, ip, #16646144	@ 0xfe0000
    7b34:	e151000c 	cmp	r1, ip
    7b38:	8a0000c5 	bhi	0x7e54
    7b3c:	e7c32001 	strb	r2, [r3, r1]
    7b40:	e594c010 	ldr	ip, [r4, #16]
    7b44:	e35c0001 	cmp	ip, #1
    7b48:	e3a01000 	mov	r1, #0
    7b4c:	b3a01001 	movlt	r1, #1
    7b50:	e594c014 	ldr	ip, [r4, #20]
    7b54:	e20c2008 	and	r2, ip, #8
    7b58:	e3520000 	cmp	r2, #0
    7b5c:	e3a02000 	mov	r2, #0
    7b60:	03a02001 	moveq	r2, #1
    7b64:	e0011002 	and	r1, r1, r2
    7b68:	e594c01c 	ldr	ip, [r4, #28]
    7b6c:	e28c2010 	add	r2, ip, #16
    7b70:	e1a03002 	mov	r3, r2
    7b74:	e1a07003 	mov	r7, r3
    7b78:	eebd7bc8 	vcvt.s32.f64	s14, d8
    7b7c:	ee17aa10 	vmov	sl, s14
    7b80:	e1a0b00a 	mov	fp, sl
    7b84:	e28aab40 	add	sl, sl, #64, 22	@ 0x10000
    7b88:	e28aaf9c 	add	sl, sl, #156, 30	@ 0x270
    7b8c:	e1a0600a 	mov	r6, sl
    7b90:	e5959030 	ldr	r9, [r5, #48]	@ 0x30
    7b94:	e3e0c4fe 	mvn	ip, #-33554432	@ 0xfe000000
    7b98:	e3ccc8fe 	bic	ip, ip, #16646144	@ 0xfe0000
    7b9c:	e156000c 	cmp	r6, ip
    7ba0:	8a0000ab 	bhi	0x7e54
    7ba4:	e7d9a006 	ldrb	sl, [r9, r6]
    7ba8:	e18aa000 	orr	sl, sl, r0
    7bac:	e5956030 	ldr	r6, [r5, #48]	@ 0x30
    7bb0:	e3e0c4fe 	mvn	ip, #-33554432	@ 0xfe000000
    7bb4:	e3ccc8fe 	bic	ip, ip, #16646144	@ 0xfe0000
    7bb8:	e153000c 	cmp	r3, ip
    7bbc:	8a0000a4 	bhi	0x7e54
    7bc0:	e7c6a003 	strb	sl, [r6, r3]
    7bc4:	ee07ba10 	vmov	s14, fp
    7bc8:	eeb80bc7 	vcvt.f64.s32	d0, s14
    7bcc:	ee380b40 	vsub.f64	d0, d8, d0
    7bd0:	e3a0c000 	mov	ip, #0
    7bd4:	e3a0e9c0 	mov	lr, #192, 18	@ 0x300000
    7bd8:	e38ee440 	orr	lr, lr, #64, 8	@ 0x40000000
    7bdc:	ec4eca11 	vmov	s2, s3, ip, lr
    7be0:	ee208b01 	vmul.f64	d8, d0, d1
    7be4:	e2873001 	add	r3, r7, #1
    7be8:	e1a02003 	mov	r2, r3
    7bec:	e594c01c 	ldr	ip, [r4, #28]
    7bf0:	e28c6010 	add	r6, ip, #16
    7bf4:	e0433006 	sub	r3, r3, r6
    7bf8:	e3530001 	cmp	r3, #1
    7bfc:	1a000012 	bne	0x7c4c
    7c00:	e3a0c000 	mov	ip, #0
    7c04:	ec4cca10 	vmov	s0, s1, ip, ip
    7c08:	eeb48b40 	vcmp.f64	d8, d0
    7c0c:	eef1fa10 	vmrs	APSR_nzcv, fpscr
    7c10:	e3a03000 	mov	r3, #0
    7c14:	03a03001 	moveq	r3, #1
    7c18:	e1130001 	tst	r3, r1
    7c1c:	1a00000a 	bne	0x7c4c
    7c20:	e1a06007 	mov	r6, r7
    7c24:	e5953030 	ldr	r3, [r5, #48]	@ 0x30
    7c28:	e2966001 	adds	r6, r6, #1
    7c2c:	2a000088 	bcs	0x7e54
    7c30:	e3e0c4fe 	mvn	ip, #-33554432	@ 0xfe000000
    7c34:	e3ccc8fe 	bic	ip, ip, #16646144	@ 0xfe0000
    7c38:	e156000c 	cmp	r6, ip
    7c3c:	8a000084 	bhi	0x7e54
    7c40:	e3a0e02e 	mov	lr, #46	@ 0x2e
    7c44:	e7c3e006 	strb	lr, [r3, r6]
    7c48:	e2872002 	add	r2, r7, #2
    7c4c:	e3a0c000 	mov	ip, #0
    7c50:	ec4cca10 	vmov	s0, s1, ip, ip
    7c54:	eeb48b40 	vcmp.f64	d8, d0
    7c58:	eef1fa10 	vmrs	APSR_nzcv, fpscr
    7c5c:	1affffc3 	bne	0x7b70
    7c60:	e3e0e000 	mvn	lr, #0
    7c64:	e584e034 	str	lr, [r4, #52]	@ 0x34
    7c68:	e594e060 	ldr	lr, [r4, #96]	@ 0x60
    7c6c:	e594c038 	ldr	ip, [r4, #56]	@ 0x38
    7c70:	e04c000e 	sub	r0, ip, lr
    7c74:	e1a06000 	mov	r6, r0
    7c78:	e0880000 	add	r0, r8, r0
    7c7c:	e1a01000 	mov	r1, r0
    7c80:	e3e0c3a0 	mvn	ip, #160, 6	@ 0x80000002
    7c84:	e04c0000 	sub	r0, ip, r0
    7c88:	e594c010 	ldr	ip, [r4, #16]
    7c8c:	e15c0000 	cmp	ip, r0
    7c90:	ca000062 	bgt	0x7e20
    7c94:	e594c010 	ldr	ip, [r4, #16]
    7c98:	e28c0002 	add	r0, ip, #2
    7c9c:	e594c01c 	ldr	ip, [r4, #28]
    7ca0:	e28c3010 	add	r3, ip, #16
    7ca4:	e0422003 	sub	r2, r2, r3
    7ca8:	e1a07002 	mov	r7, r2
    7cac:	e2473002 	sub	r3, r7, #2
    7cb0:	e594c010 	ldr	ip, [r4, #16]
    7cb4:	e153000c 	cmp	r3, ip
    7cb8:	a1a00002 	movge	r0, r2
    7cbc:	e594c010 	ldr	ip, [r4, #16]
    7cc0:	e35c0000 	cmp	ip, #0
    7cc4:	01a00007 	moveq	r0, r7
    7cc8:	e1a09000 	mov	r9, r0
    7ccc:	e0811000 	add	r1, r1, r0
    7cd0:	e1a0a001 	mov	sl, r1
    7cd4:	e3a0e020 	mov	lr, #32
    7cd8:	e584e0a4 	str	lr, [r4, #164]	@ 0xa4
    7cdc:	e58410ac 	str	r1, [r4, #172]	@ 0xac
    7ce0:	e59f089c 	ldr	r0, [pc, #2204]	@ 0x8584
    7ce4:	e1a01004 	mov	r1, r4
    7ce8:	e59d2000 	ldr	r2, [sp]
    7cec:	e59fc894 	ldr	ip, [pc, #2196]	@ 0x8588
    7cf0:	e12fff3c 	blx	ip
    7cf4:	e3500000 	cmp	r0, #0
    7cf8:	1a000058 	bne	0x7e60
    7cfc:	e584805c 	str	r8, [r4, #92]	@ 0x5c
    7d00:	e59f0884 	ldr	r0, [pc, #2180]	@ 0x858c
    7d04:	e1a01004 	mov	r1, r4
    7d08:	e59d2000 	ldr	r2, [sp]
    7d0c:	e59fc87c 	ldr	ip, [pc, #2172]	@ 0x8590
    7d10:	e12fff3c 	blx	ip
    7d14:	e3500000 	cmp	r0, #0
    7d18:	1a000050 	bne	0x7e60
    7d1c:	e594c014 	ldr	ip, [r4, #20]
    7d20:	e22c0b40 	eor	r0, ip, #64, 22	@ 0x10000
    7d24:	e3a0e030 	mov	lr, #48	@ 0x30
    7d28:	e584e0a4 	str	lr, [r4, #164]	@ 0xa4
    7d2c:	e584a030 	str	sl, [r4, #48]	@ 0x30
    7d30:	e58400b0 	str	r0, [r4, #176]	@ 0xb0
    7d34:	e59f0858 	ldr	r0, [pc, #2136]	@ 0x8594
    7d38:	e1a01004 	mov	r1, r4
    7d3c:	e59d2000 	ldr	r2, [sp]
    7d40:	e59fc850 	ldr	ip, [pc, #2128]	@ 0x8598
    7d44:	e12fff3c 	blx	ip
    7d48:	e3500000 	cmp	r0, #0
    7d4c:	1a000043 	bne	0x7e60
    7d50:	e594c01c 	ldr	ip, [r4, #28]
    7d54:	e28c0010 	add	r0, ip, #16
    7d58:	e58400a4 	str	r0, [r4, #164]	@ 0xa4
    7d5c:	e584702c 	str	r7, [r4, #44]	@ 0x2c
    7d60:	e59f0834 	ldr	r0, [pc, #2100]	@ 0x859c
    7d64:	e1a01004 	mov	r1, r4
    7d68:	e59d2000 	ldr	r2, [sp]
    7d6c:	e59fc82c 	ldr	ip, [pc, #2092]	@ 0x85a0
    7d70:	e12fff3c 	blx	ip
    7d74:	e3500000 	cmp	r0, #0
    7d78:	1a000038 	bne	0x7e60
    7d7c:	e0499007 	sub	r9, r9, r7
    7d80:	e3a0e030 	mov	lr, #48	@ 0x30
    7d84:	e584e0a4 	str	lr, [r4, #164]	@ 0xa4
    7d88:	e58490a8 	str	r9, [r4, #168]	@ 0xa8
    7d8c:	e3a0e000 	mov	lr, #0
    7d90:	e584e084 	str	lr, [r4, #132]	@ 0x84
    7d94:	e3a0e000 	mov	lr, #0
    7d98:	e584e084 	str	lr, [r4, #132]	@ 0x84
    7d9c:	e59f0800 	ldr	r0, [pc, #2048]	@ 0x85a4
    7da0:	e1a01004 	mov	r1, r4
    7da4:	e59d2000 	ldr	r2, [sp]
    7da8:	e59fc7f8 	ldr	ip, [pc, #2040]	@ 0x85a8
    7dac:	e12fff3c 	blx	ip
    7db0:	e3500000 	cmp	r0, #0
    7db4:	1a000029 	bne	0x7e60
    7db8:	e5846050 	str	r6, [r4, #80]	@ 0x50
    7dbc:	e59f07e8 	ldr	r0, [pc, #2024]	@ 0x85ac
    7dc0:	e1a01004 	mov	r1, r4
    7dc4:	e59d2000 	ldr	r2, [sp]
    7dc8:	e59fc7e0 	ldr	ip, [pc, #2016]	@ 0x85b0
    7dcc:	e12fff3c 	blx	ip
    7dd0:	e3500000 	cmp	r0, #0
    7dd4:	1a000021 	bne	0x7e60
    7dd8:	e594c014 	ldr	ip, [r4, #20]
    7ddc:	e22c0d80 	eor	r0, ip, #128, 26	@ 0x2000
    7de0:	e3a0e020 	mov	lr, #32
    7de4:	e584e0a4 	str	lr, [r4, #164]	@ 0xa4
    7de8:	e584a030 	str	sl, [r4, #48]	@ 0x30
    7dec:	e58400b0 	str	r0, [r4, #176]	@ 0xb0
    7df0:	e59f07bc 	ldr	r0, [pc, #1980]	@ 0x85b4
    7df4:	e1a01004 	mov	r1, r4
    7df8:	e59d2000 	ldr	r2, [sp]
    7dfc:	e59fc7b4 	ldr	ip, [pc, #1972]	@ 0x85b8
    7e00:	e12fff3c 	blx	ip
    7e04:	e3500000 	cmp	r0, #0
    7e08:	1a000014 	bne	0x7e60
    7e0c:	e594c00c 	ldr	ip, [r4, #12]
    7e10:	e15c000a 	cmp	ip, sl
    7e14:	e594e00c 	ldr	lr, [r4, #12]
    7e18:	d1a0e00a 	movle	lr, sl
    7e1c:	e584e034 	str	lr, [r4, #52]	@ 0x34
    7e20:	e594c01c 	ldr	ip, [r4, #28]
    7e24:	e28c0f8c 	add	r0, ip, #140, 30	@ 0x230
    7e28:	e595103c 	ldr	r1, [r5, #60]	@ 0x3c
    7e2c:	e5810008 	str	r0, [r1, #8]
    7e30:	e59f0784 	ldr	r0, [pc, #1924]	@ 0x85bc
    7e34:	e30ccabc 	movw	ip, #51900	@ 0xcabc
    7e38:	e34ccdef 	movt	ip, #52719	@ 0xcdef
    7e3c:	e28dd018 	add	sp, sp, #24
    7e40:	ecbd8b02 	vpop	{d8}
    7e44:	e28dd004 	add	sp, sp, #4
    7e48:	e8bd8fc0 	pop	{r6, r7, r8, r9, sl, fp, pc}
    7e4c:	e3a00003 	mov	r0, #3
    7e50:	ea000000 	b	0x7e58
    7e54:	e3a00008 	mov	r0, #8
    7e58:	e59d1000 	ldr	r1, [sp]
    7e5c:	e5810010 	str	r0, [r1, #16]
    7e60:	e59d0000 	ldr	r0, [sp]
    7e64:	e59d103c 	ldr	r1, [sp, #60]	@ 0x3c
    7e68:	e59fc750 	ldr	ip, [pc, #1872]	@ 0x85c0
    7e6c:	e12fff3c 	blx	ip
    7e70:	e28dd018 	add	sp, sp, #24
    7e74:	ecbd8b02 	vpop	{d8}
    7e78:	e28dd004 	add	sp, sp, #4
    7e7c:	e8bd0fc0 	pop	{r6, r7, r8, r9, sl, fp}
    7e80:	e28dd004 	add	sp, sp, #4
    7e84:	e12fff10 	bx	r0
    7e88:	e92d41c0 	push	{r6, r7, r8, lr}
    7e8c:	e24dd008 	sub	sp, sp, #8
    7e90:	e58d0000 	str	r0, [sp]
    7e94:	e30cc123 	movw	ip, #49443	@ 0xc123
    7e98:	e34cc456 	movt	ip, #50262	@ 0xc456
    7e9c:	e5946000 	ldr	r6, [r4]
    7ea0:	e5940004 	ldr	r0, [r4, #4]
    7ea4:	e1a03000 	mov	r3, r0
    7ea8:	e5952030 	ldr	r2, [r5, #48]	@ 0x30
    7eac:	e59fc674 	ldr	ip, [pc, #1652]	@ 0x8528
    7eb0:	e153000c 	cmp	r3, ip
    7eb4:	8a000034 	bhi	0x7f8c
    7eb8:	e7921003 	ldr	r1, [r2, r3]
    7ebc:	e2811007 	add	r1, r1, #7
    7ec0:	e3c11007 	bic	r1, r1, #7
    7ec4:	e1a02001 	mov	r2, r1
    7ec8:	e2811010 	add	r1, r1, #16
    7ecc:	e5953030 	ldr	r3, [r5, #48]	@ 0x30
    7ed0:	e59fc650 	ldr	ip, [pc, #1616]	@ 0x8528
    7ed4:	e150000c 	cmp	r0, ip
    7ed8:	8a00002b 	bhi	0x7f8c
    7edc:	e7831000 	str	r1, [r3, r0]
    7ee0:	e1a07002 	mov	r7, r2
    7ee4:	e5953030 	ldr	r3, [r5, #48]	@ 0x30
    7ee8:	e59fc6d4 	ldr	ip, [pc, #1748]	@ 0x85c4
    7eec:	e157000c 	cmp	r7, ip
    7ef0:	8a000025 	bhi	0x7f8c
    7ef4:	e083c007 	add	ip, r3, r7
    7ef8:	e59c0000 	ldr	r0, [ip]
    7efc:	e59c1004 	ldr	r1, [ip, #4]
    7f00:	e5958030 	ldr	r8, [r5, #48]	@ 0x30
    7f04:	e2922008 	adds	r2, r2, #8
    7f08:	2a00001f 	bcs	0x7f8c
    7f0c:	e59fc6b0 	ldr	ip, [pc, #1712]	@ 0x85c4
    7f10:	e152000c 	cmp	r2, ip
    7f14:	8a00001c 	bhi	0x7f8c
    7f18:	e088c002 	add	ip, r8, r2
    7f1c:	e59c3000 	ldr	r3, [ip]
    7f20:	e59c7004 	ldr	r7, [ip, #4]
    7f24:	e584001c 	str	r0, [r4, #28]
    7f28:	e5841020 	str	r1, [r4, #32]
    7f2c:	e5843024 	str	r3, [r4, #36]	@ 0x24
    7f30:	e5847028 	str	r7, [r4, #40]	@ 0x28
    7f34:	e59f068c 	ldr	r0, [pc, #1676]	@ 0x85c8
    7f38:	e1a01004 	mov	r1, r4
    7f3c:	e59d2000 	ldr	r2, [sp]
    7f40:	e59fc684 	ldr	ip, [pc, #1668]	@ 0x85cc
    7f44:	e12fff3c 	blx	ip
    7f48:	e3500000 	cmp	r0, #0
    7f4c:	1a000011 	bne	0x7f98
    7f50:	ed940b07 	vldr	d0, [r4, #28]
    7f54:	e5950030 	ldr	r0, [r5, #48]	@ 0x30
    7f58:	e59fc664 	ldr	ip, [pc, #1636]	@ 0x85c4
    7f5c:	e156000c 	cmp	r6, ip
    7f60:	8a000009 	bhi	0x7f8c
    7f64:	ee10ea10 	vmov	lr, s0
    7f68:	e080c006 	add	ip, r0, r6
    7f6c:	e58ce000 	str	lr, [ip]
    7f70:	ee10ea90 	vmov	lr, s1
    7f74:	e58ce004 	str	lr, [ip, #4]
    7f78:	e59f0650 	ldr	r0, [pc, #1616]	@ 0x85d0
    7f7c:	e30ccabc 	movw	ip, #51900	@ 0xcabc
    7f80:	e34ccdef 	movt	ip, #52719	@ 0xcdef
    7f84:	e28dd008 	add	sp, sp, #8
    7f88:	e8bd81c0 	pop	{r6, r7, r8, pc}
    7f8c:	e3a00008 	mov	r0, #8
    7f90:	e59d1000 	ldr	r1, [sp]
    7f94:	e5810010 	str	r0, [r1, #16]
    7f98:	e59d0000 	ldr	r0, [sp]
    7f9c:	e59d1014 	ldr	r1, [sp, #20]
    7fa0:	e59fc62c 	ldr	ip, [pc, #1580]	@ 0x85d4
    7fa4:	e12fff3c 	blx	ip
    7fa8:	e28dd008 	add	sp, sp, #8
    7fac:	e8bd01c0 	pop	{r6, r7, r8}
    7fb0:	e28dd004 	add	sp, sp, #4
    7fb4:	e12fff10 	bx	r0
    7fb8:	e52de004 	push	{lr}		@ (str lr, [sp, #-4]!)
    7fbc:	e24dd004 	sub	sp, sp, #4
    7fc0:	e58d0000 	str	r0, [sp]
    7fc4:	e30cc123 	movw	ip, #49443	@ 0xc123
    7fc8:	e34cc456 	movt	ip, #50262	@ 0xc456
    7fcc:	ed940b00 	vldr	d0, [r4]
    7fd0:	ec510a10 	vmov	r0, r1, s0, s1
    7fd4:	e5840008 	str	r0, [r4, #8]
    7fd8:	e584100c 	str	r1, [r4, #12]
    7fdc:	e59f05f4 	ldr	r0, [pc, #1524]	@ 0x85d8
    7fe0:	e30ccabc 	movw	ip, #51900	@ 0xcabc
    7fe4:	e34ccdef 	movt	ip, #52719	@ 0xcdef
    7fe8:	e28dd004 	add	sp, sp, #4
    7fec:	e49df004 	pop	{pc}		@ (ldr pc, [sp], #4)
    7ff0:	e92d4040 	push	{r6, lr}
    7ff4:	e24dd008 	sub	sp, sp, #8
    7ff8:	e58d0000 	str	r0, [sp]
    7ffc:	e30cc123 	movw	ip, #49443	@ 0xc123
    8000:	e34cc456 	movt	ip, #50262	@ 0xc456
    8004:	e5946000 	ldr	r6, [r4]
    8008:	e3560000 	cmp	r6, #0
    800c:	1a000003 	bne	0x8020
    8010:	e3a0e000 	mov	lr, #0
    8014:	e584e004 	str	lr, [r4, #4]
    8018:	e59f05bc 	ldr	r0, [pc, #1468]	@ 0x85dc
    801c:	ea000011 	b	0x8068
    8020:	e59f05b8 	ldr	r0, [pc, #1464]	@ 0x85e0
    8024:	e1a01004 	mov	r1, r4
    8028:	e59d2000 	ldr	r2, [sp]
    802c:	e59fc5b0 	ldr	ip, [pc, #1456]	@ 0x85e4
    8030:	e12fff3c 	blx	ip
    8034:	e3500000 	cmp	r0, #0
    8038:	1a00000f 	bne	0x807c
    803c:	e594000c 	ldr	r0, [r4, #12]
    8040:	e5951030 	ldr	r1, [r5, #48]	@ 0x30
    8044:	e59fc4dc 	ldr	ip, [pc, #1244]	@ 0x8528
    8048:	e150000c 	cmp	r0, ip
    804c:	8a000007 	bhi	0x8070
    8050:	e7816000 	str	r6, [r1, r0]
    8054:	e3e0e000 	mvn	lr, #0
    8058:	e584e008 	str	lr, [r4, #8]
    805c:	e59f0584 	ldr	r0, [pc, #1412]	@ 0x85e8
    8060:	e30ccabc 	movw	ip, #51900	@ 0xcabc
    8064:	e34ccdef 	movt	ip, #52719	@ 0xcdef
    8068:	e28dd008 	add	sp, sp, #8
    806c:	e8bd8040 	pop	{r6, pc}
    8070:	e3a00008 	mov	r0, #8
    8074:	e59d1000 	ldr	r1, [sp]
    8078:	e5810010 	str	r0, [r1, #16]
    807c:	e59d0000 	ldr	r0, [sp]
    8080:	e59d100c 	ldr	r1, [sp, #12]
    8084:	e59fc560 	ldr	ip, [pc, #1376]	@ 0x85ec
    8088:	e12fff3c 	blx	ip
    808c:	e59d6008 	ldr	r6, [sp, #8]
    8090:	e28dd010 	add	sp, sp, #16
    8094:	e12fff10 	bx	r0
    8098:	e52de004 	push	{lr}		@ (str lr, [sp, #-4]!)
    809c:	e24dd004 	sub	sp, sp, #4
    80a0:	e58d0000 	str	r0, [sp]
    80a4:	e30cc123 	movw	ip, #49443	@ 0xc123
    80a8:	e34cc456 	movt	ip, #50262	@ 0xc456
    80ac:	e3a0e02a 	mov	lr, #42	@ 0x2a
    80b0:	e584e000 	str	lr, [r4]
    80b4:	e3a00840 	mov	r0, #64, 16	@ 0x400000
    80b8:	e380009c 	orr	r0, r0, #156	@ 0x9c
    80bc:	e30ccabc 	movw	ip, #51900	@ 0xcabc
    80c0:	e34ccdef 	movt	ip, #52719	@ 0xcdef
    80c4:	e28dd004 	add	sp, sp, #4
    80c8:	e49df004 	pop	{pc}		@ (ldr pc, [sp], #4)
    80cc:	e52de004 	push	{lr}		@ (str lr, [sp, #-4]!)
    80d0:	e24dd004 	sub	sp, sp, #4
    80d4:	e58d0000 	str	r0, [sp]
    80d8:	e30cc123 	movw	ip, #49443	@ 0xc123
    80dc:	e34cc456 	movt	ip, #50262	@ 0xc456
    80e0:	e59f0508 	ldr	r0, [pc, #1288]	@ 0x85f0
    80e4:	e1a01004 	mov	r1, r4
    80e8:	e59d2000 	ldr	r2, [sp]
    80ec:	e59fc500 	ldr	ip, [pc, #1280]	@ 0x85f4
    80f0:	e12fff3c 	blx	ip
    80f4:	e3500000 	cmp	r0, #0
    80f8:	1a000006 	bne	0x8118
    80fc:	e5940000 	ldr	r0, [r4]
    8100:	e5840000 	str	r0, [r4]
    8104:	e59f04ec 	ldr	r0, [pc, #1260]	@ 0x85f8
    8108:	e30ccabc 	movw	ip, #51900	@ 0xcabc
    810c:	e34ccdef 	movt	ip, #52719	@ 0xcdef
    8110:	e28dd004 	add	sp, sp, #4
    8114:	e49df004 	pop	{pc}		@ (ldr pc, [sp], #4)
    8118:	e59d0000 	ldr	r0, [sp]
    811c:	e59d1004 	ldr	r1, [sp, #4]
    8120:	e59fc4d4 	ldr	ip, [pc, #1236]	@ 0x85fc
    8124:	e12fff3c 	blx	ip
    8128:	e28dd008 	add	sp, sp, #8
    812c:	e12fff10 	bx	r0
    8130:	e52de004 	push	{lr}		@ (str lr, [sp, #-4]!)
    8134:	e24dd004 	sub	sp, sp, #4
    8138:	e58d0000 	str	r0, [sp]
    813c:	e30cc123 	movw	ip, #49443	@ 0xc123
    8140:	e34cc456 	movt	ip, #50262	@ 0xc456
    8144:	e3a0eb44 	mov	lr, #68, 22	@ 0x11000
    8148:	e38ee0c0 	orr	lr, lr, #192	@ 0xc0
    814c:	e584e000 	str	lr, [r4]
    8150:	e59f04a8 	ldr	r0, [pc, #1192]	@ 0x8600
    8154:	e30ccabc 	movw	ip, #51900	@ 0xcabc
    8158:	e34ccdef 	movt	ip, #52719	@ 0xcdef
    815c:	e28dd004 	add	sp, sp, #4
    8160:	e49df004 	pop	{pc}		@ (ldr pc, [sp], #4)
    8164:	e52de004 	push	{lr}		@ (str lr, [sp, #-4]!)
    8168:	e24dd004 	sub	sp, sp, #4
    816c:	e58d0000 	str	r0, [sp]
    8170:	e30cc123 	movw	ip, #49443	@ 0xc123
    8174:	e34cc456 	movt	ip, #50262	@ 0xc456
    8178:	e5950030 	ldr	r0, [r5, #48]	@ 0x30
    817c:	e3a0eb44 	mov	lr, #68, 22	@ 0x11000
    8180:	e38ee0a8 	orr	lr, lr, #168	@ 0xa8
    8184:	e280cb48 	add	ip, r0, #72, 22	@ 0x12000
    8188:	e50ceee0 	str	lr, [ip, #-3808]	@ 0xfffff120
    818c:	e59f0470 	ldr	r0, [pc, #1136]	@ 0x8604
    8190:	e1a01004 	mov	r1, r4
    8194:	e59d2000 	ldr	r2, [sp]
    8198:	e59fc468 	ldr	ip, [pc, #1128]	@ 0x8608
    819c:	e12fff3c 	blx	ip
    81a0:	e3500000 	cmp	r0, #0
    81a4:	1a000017 	bne	0x8208
    81a8:	e5940010 	ldr	r0, [r4, #16]
    81ac:	e3a0cb40 	mov	ip, #64, 22	@ 0x10000
    81b0:	e24c1000 	sub	r1, ip, #0
    81b4:	e5952030 	ldr	r2, [r5, #48]	@ 0x30
    81b8:	e282cb48 	add	ip, r2, #72, 22	@ 0x12000
    81bc:	e50c1f08 	str	r1, [ip, #-3848]	@ 0xfffff0f8
    81c0:	e5951030 	ldr	r1, [r5, #48]	@ 0x30
    81c4:	e3a0eb40 	mov	lr, #64, 22	@ 0x10000
    81c8:	e281cb48 	add	ip, r1, #72, 22	@ 0x12000
    81cc:	e50cef0c 	str	lr, [ip, #-3852]	@ 0xfffff0f4
    81d0:	e5951030 	ldr	r1, [r5, #48]	@ 0x30
    81d4:	e281cb48 	add	ip, r1, #72, 22	@ 0x12000
    81d8:	e50c0f28 	str	r0, [ip, #-3880]	@ 0xfffff0d8
    81dc:	e5951030 	ldr	r1, [r5, #48]	@ 0x30
    81e0:	e281cb40 	add	ip, r1, #64, 22	@ 0x10000
    81e4:	e59c0bbc 	ldr	r0, [ip, #3004]	@ 0xbbc
    81e8:	e5951030 	ldr	r1, [r5, #48]	@ 0x30
    81ec:	e281cb48 	add	ip, r1, #72, 22	@ 0x12000
    81f0:	e50c0f04 	str	r0, [ip, #-3844]	@ 0xfffff0fc
    81f4:	e59f0410 	ldr	r0, [pc, #1040]	@ 0x860c
    81f8:	e30ccabc 	movw	ip, #51900	@ 0xcabc
    81fc:	e34ccdef 	movt	ip, #52719	@ 0xcdef
    8200:	e28dd004 	add	sp, sp, #4
    8204:	e49df004 	pop	{pc}		@ (ldr pc, [sp], #4)
    8208:	e59d0000 	ldr	r0, [sp]
    820c:	e59d1004 	ldr	r1, [sp, #4]
    8210:	e59fc3f8 	ldr	ip, [pc, #1016]	@ 0x8610
    8214:	e12fff3c 	blx	ip
    8218:	e28dd008 	add	sp, sp, #8
    821c:	e12fff10 	bx	r0
    8220:	e92d40c0 	push	{r6, r7, lr}
    8224:	e24dd004 	sub	sp, sp, #4
    8228:	e58d0000 	str	r0, [sp]
    822c:	e30cc123 	movw	ip, #49443	@ 0xc123
    8230:	e34cc456 	movt	ip, #50262	@ 0xc456
    8234:	e5946000 	ldr	r6, [r4]
    8238:	e5947004 	ldr	r7, [r4, #4]
    823c:	e3a00001 	mov	r0, #1
    8240:	e3560000 	cmp	r6, #0
    8244:	0a000103 	beq	0x8658
    8248:	e357007f 	cmp	r7, #127	@ 0x7f
    824c:	9a000104 	bls	0x8664
    8250:	e59f03bc 	ldr	r0, [pc, #956]	@ 0x8614
    8254:	e1a01004 	mov	r1, r4
    8258:	e59d2000 	ldr	r2, [sp]
    825c:	e59fc3b4 	ldr	ip, [pc, #948]	@ 0x8618
    8260:	e12fff3c 	blx	ip
    8264:	e3500000 	cmp	r0, #0
    8268:	1a00010d 	bne	0x86a4
    826c:	e5941028 	ldr	r1, [r4, #40]	@ 0x28
    8270:	e1a03001 	mov	r3, r1
    8274:	e5952030 	ldr	r2, [r5, #48]	@ 0x30
    8278:	e2933060 	adds	r3, r3, #96	@ 0x60
    827c:	2a000105 	bcs	0x8698
    8280:	e59fc2a0 	ldr	ip, [pc, #672]	@ 0x8528
    8284:	e153000c 	cmp	r3, ip
    8288:	8a000102 	bhi	0x8698
    828c:	e7921003 	ldr	r1, [r2, r3]
    8290:	e1a03001 	mov	r3, r1
    8294:	e5952030 	ldr	r2, [r5, #48]	@ 0x30
    8298:	e59fc288 	ldr	ip, [pc, #648]	@ 0x8528
    829c:	e153000c 	cmp	r3, ip
    82a0:	8a0000fc 	bhi	0x8698
    82a4:	e7921003 	ldr	r1, [r2, r3]
    82a8:	e3510000 	cmp	r1, #0
    82ac:	1a000013 	bne	0x8300
    82b0:	e3c7107f 	bic	r1, r7, #127	@ 0x7f
    82b4:	e3a0ccdf 	mov	ip, #57088	@ 0xdf00
    82b8:	e38cc080 	orr	ip, ip, #128	@ 0x80
    82bc:	e151000c 	cmp	r1, ip
    82c0:	0a0000e7 	beq	0x8664
    82c4:	e59f0350 	ldr	r0, [pc, #848]	@ 0x861c
    82c8:	e1a01004 	mov	r1, r4
    82cc:	e59d2000 	ldr	r2, [sp]
    82d0:	e59fc348 	ldr	ip, [pc, #840]	@ 0x8620
    82d4:	e12fff3c 	blx	ip
    82d8:	e3500000 	cmp	r0, #0
    82dc:	1a0000f0 	bne	0x86a4
    82e0:	e5941028 	ldr	r1, [r4, #40]	@ 0x28
    82e4:	e5952030 	ldr	r2, [r5, #48]	@ 0x30
    82e8:	e59fc238 	ldr	ip, [pc, #568]	@ 0x8528
    82ec:	e151000c 	cmp	r1, ip
    82f0:	8a0000e8 	bhi	0x8698
    82f4:	e3a0e019 	mov	lr, #25
    82f8:	e782e001 	str	lr, [r2, r1]
    82fc:	ea0000d4 	b	0x8654
    8300:	e3a0cc07 	mov	ip, #1792	@ 0x700
    8304:	e38cc0ff 	orr	ip, ip, #255	@ 0xff
    8308:	e157000c 	cmp	r7, ip
    830c:	8a000017 	bhi	0x8370
    8310:	e207103f 	and	r1, r7, #63	@ 0x3f
    8314:	e3811080 	orr	r1, r1, #128	@ 0x80
    8318:	e1a03006 	mov	r3, r6
    831c:	e5952030 	ldr	r2, [r5, #48]	@ 0x30
    8320:	e2933001 	adds	r3, r3, #1
    8324:	2a0000db 	bcs	0x8698
    8328:	e3e0c4fe 	mvn	ip, #-33554432	@ 0xfe000000
    832c:	e3ccc8fe 	bic	ip, ip, #16646144	@ 0xfe0000
    8330:	e153000c 	cmp	r3, ip
    8334:	8a0000d7 	bhi	0x8698
    8338:	e7c21003 	strb	r1, [r2, r3]
    833c:	e1a01327 	lsr	r1, r7, #6
    8340:	e38110c0 	orr	r1, r1, #192	@ 0xc0
    8344:	e1a03006 	mov	r3, r6
    8348:	e5952030 	ldr	r2, [r5, #48]	@ 0x30
    834c:	e3e0c4fe 	mvn	ip, #-33554432	@ 0xfe000000
    8350:	e3ccc8fe 	bic	ip, ip, #16646144	@ 0xfe0000
    8354:	e153000c 	cmp	r3, ip
    8358:	8a0000ce 	bhi	0x8698
    835c:	e7c21003 	strb	r1, [r2, r3]
    8360:	e3a0e002 	mov	lr, #2
    8364:	e584e028 	str	lr, [r4, #40]	@ 0x28
    8368:	e59f02b4 	ldr	r0, [pc, #692]	@ 0x8624
    836c:	ea0000c7 	b	0x8690
    8370:	e3570cd8 	cmp	r7, #216, 24	@ 0xd800
    8374:	3a000004 	bcc	0x838c
    8378:	e3e0cc1f 	mvn	ip, #7936	@ 0x1f00
    837c:	e3ccc0ff 	bic	ip, ip, #255	@ 0xff
    8380:	e007100c 	and	r1, r7, ip
    8384:	e3510ce0 	cmp	r1, #224, 24	@ 0xe000
    8388:	1a000023 	bne	0x841c
    838c:	e207103f 	and	r1, r7, #63	@ 0x3f
    8390:	e3811080 	orr	r1, r1, #128	@ 0x80
    8394:	e1a03006 	mov	r3, r6
    8398:	e5952030 	ldr	r2, [r5, #48]	@ 0x30
    839c:	e2933002 	adds	r3, r3, #2
    83a0:	2a0000bc 	bcs	0x8698
    83a4:	e3e0c4fe 	mvn	ip, #-33554432	@ 0xfe000000
    83a8:	e3ccc8fe 	bic	ip, ip, #16646144	@ 0xfe0000
    83ac:	e153000c 	cmp	r3, ip
    83b0:	8a0000b8 	bhi	0x8698
    83b4:	e7c21003 	strb	r1, [r2, r3]
    83b8:	e1a01627 	lsr	r1, r7, #12
    83bc:	e38110e0 	orr	r1, r1, #224	@ 0xe0
    83c0:	e1a03006 	mov	r3, r6
    83c4:	e5952030 	ldr	r2, [r5, #48]	@ 0x30
    83c8:	e3e0c4fe 	mvn	ip, #-33554432	@ 0xfe000000
    83cc:	e3ccc8fe 	bic	ip, ip, #16646144	@ 0xfe0000
    83d0:	e153000c 	cmp	r3, ip
    83d4:	8a0000af 	bhi	0x8698
    83d8:	e7c21003 	strb	r1, [r2, r3]
    83dc:	e1a01327 	lsr	r1, r7, #6
    83e0:	e201103f 	and	r1, r1, #63	@ 0x3f
    83e4:	e3811080 	orr	r1, r1, #128	@ 0x80
    83e8:	e1a03006 	mov	r3, r6
    83ec:	e5952030 	ldr	r2, [r5, #48]	@ 0x30
    83f0:	e2933001 	adds	r3, r3, #1
    83f4:	2a0000a7 	bcs	0x8698
    83f8:	e3e0c4fe 	mvn	ip, #-33554432	@ 0xfe000000
    83fc:	e3ccc8fe 	bic	ip, ip, #16646144	@ 0xfe0000
    8400:	e153000c 	cmp	r3, ip
    8404:	8a0000a3 	bhi	0x8698
    8408:	e7c21003 	strb	r1, [r2, r3]
    840c:	e3a0e003 	mov	lr, #3
    8410:	e584e028 	str	lr, [r4, #40]	@ 0x28
    8414:	e59f020c 	ldr	r0, [pc, #524]	@ 0x8628
    8418:	ea00009c 	b	0x8690
    841c:	e2471b40 	sub	r1, r7, #64, 22	@ 0x10000
    8420:	e3e0c20f 	mvn	ip, #-268435456	@ 0xf0000000
    8424:	e3ccc6ff 	bic	ip, ip, #267386880	@ 0xff00000
    8428:	e151000c 	cmp	r1, ip
    842c:	8a00002f 	bhi	0x84f0
    8430:	e207103f 	and	r1, r7, #63	@ 0x3f
    8434:	e3811080 	orr	r1, r1, #128	@ 0x80
    8438:	e1a03006 	mov	r3, r6
    843c:	e5952030 	ldr	r2, [r5, #48]	@ 0x30
    8440:	e2933003 	adds	r3, r3, #3
    8444:	2a000093 	bcs	0x8698
    8448:	e3e0c4fe 	mvn	ip, #-33554432	@ 0xfe000000
    844c:	e3ccc8fe 	bic	ip, ip, #16646144	@ 0xfe0000
    8450:	e153000c 	cmp	r3, ip
    8454:	8a00008f 	bhi	0x8698
    8458:	e7c21003 	strb	r1, [r2, r3]
    845c:	e1a01927 	lsr	r1, r7, #18
    8460:	e38110f0 	orr	r1, r1, #240	@ 0xf0
    8464:	e1a03006 	mov	r3, r6
    8468:	e5952030 	ldr	r2, [r5, #48]	@ 0x30
    846c:	e3e0c4fe 	mvn	ip, #-33554432	@ 0xfe000000
    8470:	e3ccc8fe 	bic	ip, ip, #16646144	@ 0xfe0000
    8474:	e153000c 	cmp	r3, ip
    8478:	8a000086 	bhi	0x8698
    847c:	e7c21003 	strb	r1, [r2, r3]
    8480:	e1a01327 	lsr	r1, r7, #6
    8484:	e201103f 	and	r1, r1, #63	@ 0x3f
    8488:	e3811080 	orr	r1, r1, #128	@ 0x80
    848c:	e1a03006 	mov	r3, r6
    8490:	e5952030 	ldr	r2, [r5, #48]	@ 0x30
    8494:	e2933002 	adds	r3, r3, #2
    8498:	2a00007e 	bcs	0x8698
    849c:	e3e0c4fe 	mvn	ip, #-33554432	@ 0xfe000000
    84a0:	e3ccc8fe 	bic	ip, ip, #16646144	@ 0xfe0000
    84a4:	e153000c 	cmp	r3, ip
    84a8:	8a00007a 	bhi	0x8698
    84ac:	e7c21003 	strb	r1, [r2, r3]
    84b0:	e1a01627 	lsr	r1, r7, #12
    84b4:	e201103f 	and	r1, r1, #63	@ 0x3f
    84b8:	e3811080 	orr	r1, r1, #128	@ 0x80
    84bc:	e1a03006 	mov	r3, r6
    84c0:	e5952030 	ldr	r2, [r5, #48]	@ 0x30
    84c4:	e2933001 	adds	r3, r3, #1
    84c8:	2a000072 	bcs	0x8698
    84cc:	e3e0c4fe 	mvn	ip, #-33554432	@ 0xfe000000
    84d0:	e3ccc8fe 	bic	ip, ip, #16646144	@ 0xfe0000
    84d4:	e153000c 	cmp	r3, ip
    84d8:	8a00006e 	bhi	0x8698
    84dc:	e7c21003 	strb	r1, [r2, r3]
    84e0:	e3a0e004 	mov	lr, #4
    84e4:	e584e028 	str	lr, [r4, #40]	@ 0x28
    84e8:	e59f013c 	ldr	r0, [pc, #316]	@ 0x862c
    84ec:	ea000067 	b	0x8690
    84f0:	e59f0138 	ldr	r0, [pc, #312]	@ 0x8630
    84f4:	e1a01004 	mov	r1, r4
    84f8:	e59d2000 	ldr	r2, [sp]
    84fc:	e59fc130 	ldr	ip, [pc, #304]	@ 0x8634
    8500:	e12fff3c 	blx	ip
    8504:	e3500000 	cmp	r0, #0
    8508:	1a000065 	bne	0x86a4
    850c:	ea000049 	b	0x8638
	...
    8518:	0040cd88 	subeq	ip, r0, r8, lsl #27
    851c:	000487b4 			@ <UNDEFINED> instruction: 0x000487b4
    8520:	0040cdec 	subeq	ip, r0, ip, ror #27
    8524:	000487b4 			@ <UNDEFINED> instruction: 0x000487b4
    8528:	0101fffc 	strdeq	pc, [r1, -ip]
    852c:	0040ce3c 	subeq	ip, r0, ip, lsr lr
    8530:	000487b4 			@ <UNDEFINED> instruction: 0x000487b4
    8534:	0040cf24 	subeq	ip, r0, r4, lsr #30
    8538:	000487b4 			@ <UNDEFINED> instruction: 0x000487b4
    853c:	0040d04c 	subeq	sp, r0, ip, asr #32
    8540:	000487b4 			@ <UNDEFINED> instruction: 0x000487b4
    8544:	0040d170 	subeq	sp, r0, r0, ror r1
    8548:	000487b4 			@ <UNDEFINED> instruction: 0x000487b4
    854c:	0040d1b4 	strheq	sp, [r0], #-20	@ 0xffffffec
    8550:	000487b4 			@ <UNDEFINED> instruction: 0x000487b4
    8554:	0040d1f8 	strdeq	sp, [r0], #-24	@ 0xffffffe8
    8558:	000487b4 			@ <UNDEFINED> instruction: 0x000487b4
    855c:	0040d2a4 	subeq	sp, r0, r4, lsr #5
    8560:	000487b4 			@ <UNDEFINED> instruction: 0x000487b4
    8564:	0040d2c8 	subeq	sp, r0, r8, asr #5
    8568:	000487b4 			@ <UNDEFINED> instruction: 0x000487b4
    856c:	0040d31c 	subeq	sp, r0, ip, lsl r3
    8570:	000487b4 			@ <UNDEFINED> instruction: 0x000487b4
    8574:	0040d358 	subeq	sp, r0, r8, asr r3
    8578:	000487b4 			@ <UNDEFINED> instruction: 0x000487b4
    857c:	0040d548 	subeq	sp, r0, r8, asr #10
    8580:	000487b4 			@ <UNDEFINED> instruction: 0x000487b4
    8584:	0040d958 	subeq	sp, r0, r8, asr r9
    8588:	000487b4 			@ <UNDEFINED> instruction: 0x000487b4
    858c:	0040d970 	subeq	sp, r0, r0, ror r9
    8590:	000487b4 			@ <UNDEFINED> instruction: 0x000487b4
    8594:	0040d9a8 	subeq	sp, r0, r8, lsr #19
    8598:	000487b4 			@ <UNDEFINED> instruction: 0x000487b4
    859c:	0040d9d8 	ldrdeq	sp, [r0], #-152	@ 0xffffff68
    85a0:	000487b4 			@ <UNDEFINED> instruction: 0x000487b4
    85a4:	0040da04 	subeq	sp, r0, r4, lsl #20
    85a8:	000487b4 			@ <UNDEFINED> instruction: 0x000487b4
    85ac:	0040da1c 	subeq	sp, r0, ip, lsl sl
    85b0:	000487b4 			@ <UNDEFINED> instruction: 0x000487b4
    85b4:	0040da54 	subeq	sp, r0, r4, asr sl
    85b8:	000487b4 			@ <UNDEFINED> instruction: 0x000487b4
    85bc:	0040daa8 	subeq	sp, r0, r8, lsr #21
    85c0:	00047eac 	andeq	r7, r4, ip, lsr #29
    85c4:	0101fff8 	strdeq	pc, [r1, -r8]
    85c8:	003fe784 	eorseq	lr, pc, r4, lsl #15
    85cc:	000487b4 			@ <UNDEFINED> instruction: 0x000487b4
    85d0:	003fe7ac 	eorseq	lr, pc, ip, lsr #15
    85d4:	00047eac 	andeq	r7, r4, ip, lsr #29
    85d8:	003fe950 	eorseq	lr, pc, r0, asr r9	@ <UNPREDICTABLE>
    85dc:	003fa7b4 	ldrhteq	sl, [pc], -r4
    85e0:	003fa7b8 	ldrhteq	sl, [pc], -r8
    85e4:	000487b4 			@ <UNDEFINED> instruction: 0x000487b4
    85e8:	003fa7d8 	ldrsbteq	sl, [pc], -r8
    85ec:	00047eac 	andeq	r7, r4, ip, lsr #29
    85f0:	00402230 	subeq	r2, r0, r0, lsr r2
    85f4:	000487b4 			@ <UNDEFINED> instruction: 0x000487b4
    85f8:	00402248 	subeq	r2, r0, r8, asr #4
    85fc:	00047eac 	andeq	r7, r4, ip, lsr #29
    8600:	003fde34 	eorseq	sp, pc, r4, lsr lr	@ <UNPREDICTABLE>
    8604:	003f9b08 	eorseq	r9, pc, r8, lsl #22
    8608:	000487b4 			@ <UNDEFINED> instruction: 0x000487b4
    860c:	003f9b70 	eorseq	r9, pc, r0, ror fp	@ <UNPREDICTABLE>
    8610:	00047eac 	andeq	r7, r4, ip, lsr #29
    8614:	004061cc 	subeq	r6, r0, ip, asr #3
    8618:	000487b4 			@ <UNDEFINED> instruction: 0x000487b4
    861c:	00406220 	subeq	r6, r0, r0, lsr #4
    8620:	000487b4 			@ <UNDEFINED> instruction: 0x000487b4
    8624:	004062e4 	subeq	r6, r0, r4, ror #5
    8628:	00406428 	subeq	r6, r0, r8, lsr #8
    862c:	0040659c 	umaaleq	r6, r0, ip, r5
    8630:	004065a0 	subeq	r6, r0, r0, lsr #11
    8634:	000487b4 			@ <UNDEFINED> instruction: 0x000487b4
    8638:	e5941028 	ldr	r1, [r4, #40]	@ 0x28
    863c:	e5952030 	ldr	r2, [r5, #48]	@ 0x30
    8640:	e59fcff0 	ldr	ip, [pc, #4080]	@ 0x9638
    8644:	e151000c 	cmp	r1, ip
    8648:	8a000012 	bhi	0x8698
    864c:	e3a0e019 	mov	lr, #25
    8650:	e782e001 	str	lr, [r2, r1]
    8654:	e3e00000 	mvn	r0, #0
    8658:	e584000c 	str	r0, [r4, #12]
    865c:	e59f0fd8 	ldr	r0, [pc, #4056]	@ 0x963c
    8660:	ea00000a 	b	0x8690
    8664:	e5950030 	ldr	r0, [r5, #48]	@ 0x30
    8668:	e3e0c4fe 	mvn	ip, #-33554432	@ 0xfe000000
    866c:	e3ccc8fe 	bic	ip, ip, #16646144	@ 0xfe0000
    8670:	e156000c 	cmp	r6, ip
    8674:	8a000007 	bhi	0x8698
    8678:	e7c07006 	strb	r7, [r0, r6]
    867c:	e3a0e001 	mov	lr, #1
    8680:	e584e014 	str	lr, [r4, #20]
    8684:	e59f0fb4 	ldr	r0, [pc, #4020]	@ 0x9640
    8688:	e30ccabc 	movw	ip, #51900	@ 0xcabc
    868c:	e34ccdef 	movt	ip, #52719	@ 0xcdef
    8690:	e28dd004 	add	sp, sp, #4
    8694:	e8bd80c0 	pop	{r6, r7, pc}
    8698:	e3a00008 	mov	r0, #8
    869c:	e59d1000 	ldr	r1, [sp]
    86a0:	e5810010 	str	r0, [r1, #16]
    86a4:	e59d0000 	ldr	r0, [sp]
    86a8:	e59d100c 	ldr	r1, [sp, #12]
    86ac:	e59fcf90 	ldr	ip, [pc, #3984]	@ 0x9644
    86b0:	e12fff3c 	blx	ip
    86b4:	e28dd004 	add	sp, sp, #4
    86b8:	e8bd00c0 	pop	{r6, r7}
    86bc:	e28dd004 	add	sp, sp, #4
    86c0:	e12fff10 	bx	r0
    86c4:	e52de004 	push	{lr}		@ (str lr, [sp, #-4]!)
    86c8:	e24dd004 	sub	sp, sp, #4
    86cc:	e58d0000 	str	r0, [sp]
    86d0:	e30cc123 	movw	ip, #49443	@ 0xc123
    86d4:	e34cc456 	movt	ip, #50262	@ 0xc456
    86d8:	e5940000 	ldr	r0, [r4]
    86dc:	e5941004 	ldr	r1, [r4, #4]
    86e0:	e3500000 	cmp	r0, #0
    86e4:	1a000003 	bne	0x86f8
    86e8:	e3a0e000 	mov	lr, #0
    86ec:	e584e008 	str	lr, [r4, #8]
    86f0:	e59f0f50 	ldr	r0, [pc, #3920]	@ 0x9648
    86f4:	ea00000f 	b	0x8738
    86f8:	e5840000 	str	r0, [r4]
    86fc:	e5841004 	str	r1, [r4, #4]
    8700:	e3a0e000 	mov	lr, #0
    8704:	e584e008 	str	lr, [r4, #8]
    8708:	e59f0f3c 	ldr	r0, [pc, #3900]	@ 0x964c
    870c:	e1a01004 	mov	r1, r4
    8710:	e59d2000 	ldr	r2, [sp]
    8714:	e59fcf34 	ldr	ip, [pc, #3892]	@ 0x9650
    8718:	e12fff3c 	blx	ip
    871c:	e3500000 	cmp	r0, #0
    8720:	1a000006 	bne	0x8740
    8724:	e594000c 	ldr	r0, [r4, #12]
    8728:	e584000c 	str	r0, [r4, #12]
    872c:	e59f0f20 	ldr	r0, [pc, #3872]	@ 0x9654
    8730:	e30ccabc 	movw	ip, #51900	@ 0xcabc
    8734:	e34ccdef 	movt	ip, #52719	@ 0xcdef
    8738:	e28dd004 	add	sp, sp, #4
    873c:	e49df004 	pop	{pc}		@ (ldr pc, [sp], #4)
    8740:	e59d0000 	ldr	r0, [sp]
    8744:	e59d1004 	ldr	r1, [sp, #4]
    8748:	e59fcf08 	ldr	ip, [pc, #3848]	@ 0x9658
    874c:	e12fff3c 	blx	ip
    8750:	e28dd008 	add	sp, sp, #8
    8754:	e12fff10 	bx	r0
    8758:	e52de004 	push	{lr}		@ (str lr, [sp, #-4]!)
    875c:	e24dd004 	sub	sp, sp, #4
    8760:	e58d0000 	str	r0, [sp]
    8764:	e30cc123 	movw	ip, #49443	@ 0xc123
    8768:	e34cc456 	movt	ip, #50262	@ 0xc456
    876c:	e5940000 	ldr	r0, [r4]
    8770:	e5840000 	str	r0, [r4]
    8774:	e59f0ee0 	ldr	r0, [pc, #3808]	@ 0x965c
    8778:	e30ccabc 	movw	ip, #51900	@ 0xcabc
    877c:	e34ccdef 	movt	ip, #52719	@ 0xcdef
    8780:	e28dd004 	add	sp, sp, #4
    8784:	e49df004 	pop	{pc}		@ (ldr pc, [sp], #4)
    8788:	e52de004 	push	{lr}		@ (str lr, [sp, #-4]!)
    878c:	e24dd004 	sub	sp, sp, #4
    8790:	e58d0000 	str	r0, [sp]
    8794:	e30cc123 	movw	ip, #49443	@ 0xc123
    8798:	e34cc456 	movt	ip, #50262	@ 0xc456
    879c:	e5940000 	ldr	r0, [r4]
    87a0:	e1a02000 	mov	r2, r0
    87a4:	e5951030 	ldr	r1, [r5, #48]	@ 0x30
    87a8:	e292203c 	adds	r2, r2, #60	@ 0x3c
    87ac:	2a000024 	bcs	0x8844
    87b0:	e59fce80 	ldr	ip, [pc, #3712]	@ 0x9638
    87b4:	e152000c 	cmp	r2, ip
    87b8:	8a000021 	bhi	0x8844
    87bc:	e7910002 	ldr	r0, [r1, r2]
    87c0:	e5840004 	str	r0, [r4, #4]
    87c4:	e59f0e94 	ldr	r0, [pc, #3732]	@ 0x9660
    87c8:	e1a01004 	mov	r1, r4
    87cc:	e59d2000 	ldr	r2, [sp]
    87d0:	e59fce8c 	ldr	ip, [pc, #3724]	@ 0x9664
    87d4:	e12fff3c 	blx	ip
    87d8:	e3500000 	cmp	r0, #0
    87dc:	1a00001b 	bne	0x8850
    87e0:	e5940004 	ldr	r0, [r4, #4]
    87e4:	e5840004 	str	r0, [r4, #4]
    87e8:	e59f0e78 	ldr	r0, [pc, #3704]	@ 0x9668
    87ec:	e1a01004 	mov	r1, r4
    87f0:	e59d2000 	ldr	r2, [sp]
    87f4:	e59fce70 	ldr	ip, [pc, #3696]	@ 0x966c
    87f8:	e12fff3c 	blx	ip
    87fc:	e3500000 	cmp	r0, #0
    8800:	1a000012 	bne	0x8850
    8804:	e5940004 	ldr	r0, [r4, #4]
    8808:	e5840004 	str	r0, [r4, #4]
    880c:	e59f0e5c 	ldr	r0, [pc, #3676]	@ 0x9670
    8810:	e1a01004 	mov	r1, r4
    8814:	e59d2000 	ldr	r2, [sp]
    8818:	e59fce54 	ldr	ip, [pc, #3668]	@ 0x9674
    881c:	e12fff3c 	blx	ip
    8820:	e3500000 	cmp	r0, #0
    8824:	1a000009 	bne	0x8850
    8828:	e5940004 	ldr	r0, [r4, #4]
    882c:	e5840004 	str	r0, [r4, #4]
    8830:	e59f0e40 	ldr	r0, [pc, #3648]	@ 0x9678
    8834:	e30ccabc 	movw	ip, #51900	@ 0xcabc
    8838:	e34ccdef 	movt	ip, #52719	@ 0xcdef
    883c:	e28dd004 	add	sp, sp, #4
    8840:	e49df004 	pop	{pc}		@ (ldr pc, [sp], #4)
    8844:	e3a00008 	mov	r0, #8
    8848:	e59d1000 	ldr	r1, [sp]
    884c:	e5810010 	str	r0, [r1, #16]
    8850:	e59d0000 	ldr	r0, [sp]
    8854:	e59d1004 	ldr	r1, [sp, #4]
    8858:	e59fce1c 	ldr	ip, [pc, #3612]	@ 0x967c
    885c:	e12fff3c 	blx	ip
    8860:	e28dd008 	add	sp, sp, #8
    8864:	e12fff10 	bx	r0
    8868:	e92d41c0 	push	{r6, r7, r8, lr}
    886c:	e24dd008 	sub	sp, sp, #8
    8870:	e58d0000 	str	r0, [sp]
    8874:	e30cc123 	movw	ip, #49443	@ 0xc123
    8878:	e34cc456 	movt	ip, #50262	@ 0xc456
    887c:	e5940000 	ldr	r0, [r4]
    8880:	e5941004 	ldr	r1, [r4, #4]
    8884:	e5942008 	ldr	r2, [r4, #8]
    8888:	e594300c 	ldr	r3, [r4, #12]
    888c:	e595e03c 	ldr	lr, [r5, #60]	@ 0x3c
    8890:	e59e6008 	ldr	r6, [lr, #8]
    8894:	e2466010 	sub	r6, r6, #16
    8898:	e1a07006 	mov	r7, r6
    889c:	e595803c 	ldr	r8, [r5, #60]	@ 0x3c
    88a0:	e5886008 	str	r6, [r8, #8]
    88a4:	e20330ff 	and	r3, r3, #255	@ 0xff
    88a8:	e2876008 	add	r6, r7, #8
    88ac:	e5840000 	str	r0, [r4]
    88b0:	e5841004 	str	r1, [r4, #4]
    88b4:	e5842008 	str	r2, [r4, #8]
    88b8:	e5843034 	str	r3, [r4, #52]	@ 0x34
    88bc:	e5846038 	str	r6, [r4, #56]	@ 0x38
    88c0:	e59f0db8 	ldr	r0, [pc, #3512]	@ 0x9680
    88c4:	e1a01004 	mov	r1, r4
    88c8:	e59d2000 	ldr	r2, [sp]
    88cc:	e59fcdb0 	ldr	ip, [pc, #3504]	@ 0x9684
    88d0:	e12fff3c 	blx	ip
    88d4:	e3500000 	cmp	r0, #0
    88d8:	1a000023 	bne	0x896c
    88dc:	e5940028 	ldr	r0, [r4, #40]	@ 0x28
    88e0:	e5840028 	str	r0, [r4, #40]	@ 0x28
    88e4:	e59f0d9c 	ldr	r0, [pc, #3484]	@ 0x9688
    88e8:	e1a01004 	mov	r1, r4
    88ec:	e59d2000 	ldr	r2, [sp]
    88f0:	e59fcd94 	ldr	ip, [pc, #3476]	@ 0x968c
    88f4:	e12fff3c 	blx	ip
    88f8:	e3500000 	cmp	r0, #0
    88fc:	1a00001a 	bne	0x896c
    8900:	e5940028 	ldr	r0, [r4, #40]	@ 0x28
    8904:	e1a06007 	mov	r6, r7
    8908:	e5953030 	ldr	r3, [r5, #48]	@ 0x30
    890c:	e2966008 	adds	r6, r6, #8
    8910:	2a000012 	bcs	0x8960
    8914:	e59fcd74 	ldr	ip, [pc, #3444]	@ 0x9690
    8918:	e156000c 	cmp	r6, ip
    891c:	8a00000f 	bhi	0x8960
    8920:	e083c006 	add	ip, r3, r6
    8924:	e59c1000 	ldr	r1, [ip]
    8928:	e59c2004 	ldr	r2, [ip, #4]
    892c:	e2877010 	add	r7, r7, #16
    8930:	e595303c 	ldr	r3, [r5, #60]	@ 0x3c
    8934:	e5837008 	str	r7, [r3, #8]
    8938:	e3500000 	cmp	r0, #0
    893c:	13e01000 	mvnne	r1, #0
    8940:	13e02000 	mvnne	r2, #0
    8944:	e5841028 	str	r1, [r4, #40]	@ 0x28
    8948:	e584202c 	str	r2, [r4, #44]	@ 0x2c
    894c:	e59f0d40 	ldr	r0, [pc, #3392]	@ 0x9694
    8950:	e30ccabc 	movw	ip, #51900	@ 0xcabc
    8954:	e34ccdef 	movt	ip, #52719	@ 0xcdef
    8958:	e28dd008 	add	sp, sp, #8
    895c:	e8bd81c0 	pop	{r6, r7, r8, pc}
    8960:	e3a00008 	mov	r0, #8
    8964:	e59d1000 	ldr	r1, [sp]
    8968:	e5810010 	str	r0, [r1, #16]
    896c:	e59d0000 	ldr	r0, [sp]
    8970:	e59d1014 	ldr	r1, [sp, #20]
    8974:	e59fcd1c 	ldr	ip, [pc, #3356]	@ 0x9698
    8978:	e12fff3c 	blx	ip
    897c:	e28dd008 	add	sp, sp, #8
    8980:	e8bd01c0 	pop	{r6, r7, r8}
    8984:	e28dd004 	add	sp, sp, #4
    8988:	e12fff10 	bx	r0
    898c:	e92d40c0 	push	{r6, r7, lr}
    8990:	e24dd004 	sub	sp, sp, #4
    8994:	e58d0000 	str	r0, [sp]
    8998:	e30cc123 	movw	ip, #49443	@ 0xc123
    899c:	e34cc456 	movt	ip, #50262	@ 0xc456
    89a0:	e5940000 	ldr	r0, [r4]
    89a4:	e5941004 	ldr	r1, [r4, #4]
    89a8:	e5942008 	ldr	r2, [r4, #8]
    89ac:	e594300c 	ldr	r3, [r4, #12]
    89b0:	e1a07000 	mov	r7, r0
    89b4:	e5956030 	ldr	r6, [r5, #48]	@ 0x30
    89b8:	e297703c 	adds	r7, r7, #60	@ 0x3c
    89bc:	2a000017 	bcs	0x8a20
    89c0:	e59fcc70 	ldr	ip, [pc, #3184]	@ 0x9638
    89c4:	e157000c 	cmp	r7, ip
    89c8:	8a000014 	bhi	0x8a20
    89cc:	e7960007 	ldr	r0, [r6, r7]
    89d0:	e5840010 	str	r0, [r4, #16]
    89d4:	e5841004 	str	r1, [r4, #4]
    89d8:	e5842008 	str	r2, [r4, #8]
    89dc:	e584300c 	str	r3, [r4, #12]
    89e0:	e59f0cb4 	ldr	r0, [pc, #3252]	@ 0x969c
    89e4:	e1a01004 	mov	r1, r4
    89e8:	e59d2000 	ldr	r2, [sp]
    89ec:	e59fccac 	ldr	ip, [pc, #3244]	@ 0x96a0
    89f0:	e12fff3c 	blx	ip
    89f4:	e3500000 	cmp	r0, #0
    89f8:	1a00000b 	bne	0x8a2c
    89fc:	e5940010 	ldr	r0, [r4, #16]
    8a00:	e5941014 	ldr	r1, [r4, #20]
    8a04:	e5840010 	str	r0, [r4, #16]
    8a08:	e5841014 	str	r1, [r4, #20]
    8a0c:	e59f0c90 	ldr	r0, [pc, #3216]	@ 0x96a4
    8a10:	e30ccabc 	movw	ip, #51900	@ 0xcabc
    8a14:	e34ccdef 	movt	ip, #52719	@ 0xcdef
    8a18:	e28dd004 	add	sp, sp, #4
    8a1c:	e8bd80c0 	pop	{r6, r7, pc}
    8a20:	e3a00008 	mov	r0, #8
    8a24:	e59d1000 	ldr	r1, [sp]
    8a28:	e5810010 	str	r0, [r1, #16]
    8a2c:	e59d0000 	ldr	r0, [sp]
    8a30:	e59d100c 	ldr	r1, [sp, #12]
    8a34:	e59fcc6c 	ldr	ip, [pc, #3180]	@ 0x96a8
    8a38:	e12fff3c 	blx	ip
    8a3c:	e28dd004 	add	sp, sp, #4
    8a40:	e8bd00c0 	pop	{r6, r7}
    8a44:	e28dd004 	add	sp, sp, #4
    8a48:	e12fff10 	bx	r0
    8a4c:	e52de004 	push	{lr}		@ (str lr, [sp, #-4]!)
    8a50:	e24dd004 	sub	sp, sp, #4
    8a54:	e58d0000 	str	r0, [sp]
    8a58:	e30cc123 	movw	ip, #49443	@ 0xc123
    8a5c:	e34cc456 	movt	ip, #50262	@ 0xc456
    8a60:	e5950044 	ldr	r0, [r5, #68]	@ 0x44
    8a64:	e3a0eb40 	mov	lr, #64, 22	@ 0x10000
    8a68:	e580e008 	str	lr, [r0, #8]
    8a6c:	e3a0c000 	mov	ip, #0
    8a70:	e28c000f 	add	r0, ip, #15
    8a74:	e3c0000f 	bic	r0, r0, #15
    8a78:	e5951040 	ldr	r1, [r5, #64]	@ 0x40
    8a7c:	e5810008 	str	r0, [r1, #8]
    8a80:	e59f0c24 	ldr	r0, [pc, #3108]	@ 0x96ac
    8a84:	e30ccabc 	movw	ip, #51900	@ 0xcabc
    8a88:	e34ccdef 	movt	ip, #52719	@ 0xcdef
    8a8c:	e28dd004 	add	sp, sp, #4
    8a90:	e49df004 	pop	{pc}		@ (ldr pc, [sp], #4)
    8a94:	e52de004 	push	{lr}		@ (str lr, [sp, #-4]!)
    8a98:	e24dd004 	sub	sp, sp, #4
    8a9c:	e58d0000 	str	r0, [sp]
    8aa0:	e30cc123 	movw	ip, #49443	@ 0xc123
    8aa4:	e34cc456 	movt	ip, #50262	@ 0xc456
    8aa8:	e595e03c 	ldr	lr, [r5, #60]	@ 0x3c
    8aac:	e59e0008 	ldr	r0, [lr, #8]
    8ab0:	e595e040 	ldr	lr, [r5, #64]	@ 0x40
    8ab4:	e59e1008 	ldr	r1, [lr, #8]
    8ab8:	e0400001 	sub	r0, r0, r1
    8abc:	e5840000 	str	r0, [r4]
    8ac0:	e59f0be8 	ldr	r0, [pc, #3048]	@ 0x96b0
    8ac4:	e30ccabc 	movw	ip, #51900	@ 0xcabc
    8ac8:	e34ccdef 	movt	ip, #52719	@ 0xcdef
    8acc:	e28dd004 	add	sp, sp, #4
    8ad0:	e49df004 	pop	{pc}		@ (ldr pc, [sp], #4)
    8ad4:	e52de004 	push	{lr}		@ (str lr, [sp, #-4]!)
    8ad8:	e24dd004 	sub	sp, sp, #4
    8adc:	e58d0000 	str	r0, [sp]
    8ae0:	e30cc123 	movw	ip, #49443	@ 0xc123
    8ae4:	e34cc456 	movt	ip, #50262	@ 0xc456
    8ae8:	e595e044 	ldr	lr, [r5, #68]	@ 0x44
    8aec:	e59e0008 	ldr	r0, [lr, #8]
    8af0:	e5840000 	str	r0, [r4]
    8af4:	e59f0bb8 	ldr	r0, [pc, #3000]	@ 0x96b4
    8af8:	e30ccabc 	movw	ip, #51900	@ 0xcabc
    8afc:	e34ccdef 	movt	ip, #52719	@ 0xcdef
    8b00:	e28dd004 	add	sp, sp, #4
    8b04:	e49df004 	pop	{pc}		@ (ldr pc, [sp], #4)
    8b08:	e52de004 	push	{lr}		@ (str lr, [sp, #-4]!)
    8b0c:	e24dd004 	sub	sp, sp, #4
    8b10:	e58d0000 	str	r0, [sp]
    8b14:	e30cc123 	movw	ip, #49443	@ 0xc123
    8b18:	e34cc456 	movt	ip, #50262	@ 0xc456
    8b1c:	e595e040 	ldr	lr, [r5, #64]	@ 0x40
    8b20:	e59e0008 	ldr	r0, [lr, #8]
    8b24:	e5840000 	str	r0, [r4]
    8b28:	e59f0b88 	ldr	r0, [pc, #2952]	@ 0x96b8
    8b2c:	e30ccabc 	movw	ip, #51900	@ 0xcabc
    8b30:	e34ccdef 	movt	ip, #52719	@ 0xcdef
    8b34:	e28dd004 	add	sp, sp, #4
    8b38:	e49df004 	pop	{pc}		@ (ldr pc, [sp], #4)
    8b3c:	e92d4fc0 	push	{r6, r7, r8, r9, sl, fp, lr}
    8b40:	e24dd004 	sub	sp, sp, #4
    8b44:	e58d0000 	str	r0, [sp]
    8b48:	e30cc123 	movw	ip, #49443	@ 0xc123
    8b4c:	e34cc456 	movt	ip, #50262	@ 0xc456
    8b50:	e5947014 	ldr	r7, [r4, #20]
    8b54:	e3170040 	tst	r7, #64	@ 0x40
    8b58:	0a000018 	beq	0x8bc0
    8b5c:	e2478040 	sub	r8, r7, #64	@ 0x40
    8b60:	e3a09000 	mov	r9, #0
    8b64:	e1a0a008 	mov	sl, r8
    8b68:	e5943004 	ldr	r3, [r4, #4]
    8b6c:	e31a0020 	tst	sl, #32
    8b70:	1a000008 	bne	0x8b98
    8b74:	e5946008 	ldr	r6, [r4, #8]
    8b78:	e20aa01f 	and	sl, sl, #31
    8b7c:	e1a06a16 	lsl	r6, r6, sl
    8b80:	e1a0c0a3 	lsr	ip, r3, #1
    8b84:	e22ae01f 	eor	lr, sl, #31
    8b88:	e1866e3c 	orr	r6, r6, ip, lsr lr
    8b8c:	e1a0ea13 	lsl	lr, r3, sl
    8b90:	e584e00c 	str	lr, [r4, #12]
    8b94:	ea000003 	b	0x8ba8
    8b98:	e20ae01f 	and	lr, sl, #31
    8b9c:	e1a06e13 	lsl	r6, r3, lr
    8ba0:	e3a0e000 	mov	lr, #0
    8ba4:	e584e00c 	str	lr, [r4, #12]
    8ba8:	e5846010 	str	r6, [r4, #16]
    8bac:	e3a0e000 	mov	lr, #0
    8bb0:	e584e004 	str	lr, [r4, #4]
    8bb4:	e3a0e000 	mov	lr, #0
    8bb8:	e584e008 	str	lr, [r4, #8]
    8bbc:	ea00003b 	b	0x8cb0
    8bc0:	e3570000 	cmp	r7, #0
    8bc4:	0a000039 	beq	0x8cb0
    8bc8:	e2678040 	rsb	r8, r7, #64	@ 0x40
    8bcc:	e3a09000 	mov	r9, #0
    8bd0:	e1a00008 	mov	r0, r8
    8bd4:	e594b008 	ldr	fp, [r4, #8]
    8bd8:	e3100020 	tst	r0, #32
    8bdc:	1a000007 	bne	0x8c00
    8be0:	e594a004 	ldr	sl, [r4, #4]
    8be4:	e200001f 	and	r0, r0, #31
    8be8:	e1a0a03a 	lsr	sl, sl, r0
    8bec:	e1a0c08b 	lsl	ip, fp, #1
    8bf0:	e220e01f 	eor	lr, r0, #31
    8bf4:	e18aae1c 	orr	sl, sl, ip, lsl lr
    8bf8:	e1a0b03b 	lsr	fp, fp, r0
    8bfc:	ea000002 	b	0x8c0c
    8c00:	e200e01f 	and	lr, r0, #31
    8c04:	e1a0ae3b 	lsr	sl, fp, lr
    8c08:	e3a0b000 	mov	fp, #0
    8c0c:	e1a00007 	mov	r0, r7
    8c10:	e3a07000 	mov	r7, #0
    8c14:	e1a08000 	mov	r8, r0
    8c18:	e1a09007 	mov	r9, r7
    8c1c:	e1a01000 	mov	r1, r0
    8c20:	e594600c 	ldr	r6, [r4, #12]
    8c24:	e3110020 	tst	r1, #32
    8c28:	1a000007 	bne	0x8c4c
    8c2c:	e5943010 	ldr	r3, [r4, #16]
    8c30:	e201101f 	and	r1, r1, #31
    8c34:	e1a03113 	lsl	r3, r3, r1
    8c38:	e1a0c0a6 	lsr	ip, r6, #1
    8c3c:	e221e01f 	eor	lr, r1, #31
    8c40:	e1833e3c 	orr	r3, r3, ip, lsr lr
    8c44:	e1a06116 	lsl	r6, r6, r1
    8c48:	ea000002 	b	0x8c58
    8c4c:	e201e01f 	and	lr, r1, #31
    8c50:	e1a03e16 	lsl	r3, r6, lr
    8c54:	e3a06000 	mov	r6, #0
    8c58:	e18ae006 	orr	lr, sl, r6
    8c5c:	e584e00c 	str	lr, [r4, #12]
    8c60:	e18be003 	orr	lr, fp, r3
    8c64:	e584e010 	str	lr, [r4, #16]
    8c68:	e1a02008 	mov	r2, r8
    8c6c:	e5941004 	ldr	r1, [r4, #4]
    8c70:	e3120020 	tst	r2, #32
    8c74:	1a000008 	bne	0x8c9c
    8c78:	e5940008 	ldr	r0, [r4, #8]
    8c7c:	e202201f 	and	r2, r2, #31
    8c80:	e1a00210 	lsl	r0, r0, r2
    8c84:	e1a0c0a1 	lsr	ip, r1, #1
    8c88:	e222e01f 	eor	lr, r2, #31
    8c8c:	e1800e3c 	orr	r0, r0, ip, lsr lr
    8c90:	e1a0e211 	lsl	lr, r1, r2
    8c94:	e584e004 	str	lr, [r4, #4]
    8c98:	ea000003 	b	0x8cac
    8c9c:	e202e01f 	and	lr, r2, #31
    8ca0:	e1a00e11 	lsl	r0, r1, lr
    8ca4:	e3a0e000 	mov	lr, #0
    8ca8:	e584e004 	str	lr, [r4, #4]
    8cac:	e5840008 	str	r0, [r4, #8]
    8cb0:	e5941000 	ldr	r1, [r4]
    8cb4:	e5950030 	ldr	r0, [r5, #48]	@ 0x30
    8cb8:	e5942004 	ldr	r2, [r4, #4]
    8cbc:	e59fc9cc 	ldr	ip, [pc, #2508]	@ 0x9690
    8cc0:	e151000c 	cmp	r1, ip
    8cc4:	8a000014 	bhi	0x8d1c
    8cc8:	e0800001 	add	r0, r0, r1
    8ccc:	e5941008 	ldr	r1, [r4, #8]
    8cd0:	e5802000 	str	r2, [r0]
    8cd4:	e5801004 	str	r1, [r0, #4]
    8cd8:	e5941000 	ldr	r1, [r4]
    8cdc:	e5950030 	ldr	r0, [r5, #48]	@ 0x30
    8ce0:	e594200c 	ldr	r2, [r4, #12]
    8ce4:	e2911008 	adds	r1, r1, #8
    8ce8:	2a00000b 	bcs	0x8d1c
    8cec:	e59fc99c 	ldr	ip, [pc, #2460]	@ 0x9690
    8cf0:	e151000c 	cmp	r1, ip
    8cf4:	8a000008 	bhi	0x8d1c
    8cf8:	e0800001 	add	r0, r0, r1
    8cfc:	e5941010 	ldr	r1, [r4, #16]
    8d00:	e5802000 	str	r2, [r0]
    8d04:	e5801004 	str	r1, [r0, #4]
    8d08:	e59f09ac 	ldr	r0, [pc, #2476]	@ 0x96bc
    8d0c:	e30ccabc 	movw	ip, #51900	@ 0xcabc
    8d10:	e34ccdef 	movt	ip, #52719	@ 0xcdef
    8d14:	e28dd004 	add	sp, sp, #4
    8d18:	e8bd8fc0 	pop	{r6, r7, r8, r9, sl, fp, pc}
    8d1c:	e3a00008 	mov	r0, #8
    8d20:	e59d1000 	ldr	r1, [sp]
    8d24:	e5810010 	str	r0, [r1, #16]
    8d28:	e59d0000 	ldr	r0, [sp]
    8d2c:	e59d101c 	ldr	r1, [sp, #28]
    8d30:	e59fc988 	ldr	ip, [pc, #2440]	@ 0x96c0
    8d34:	e12fff3c 	blx	ip
    8d38:	e28dd004 	add	sp, sp, #4
    8d3c:	e8bd0fc0 	pop	{r6, r7, r8, r9, sl, fp}
    8d40:	e28dd004 	add	sp, sp, #4
    8d44:	e12fff10 	bx	r0
    8d48:	e92d4fc0 	push	{r6, r7, r8, r9, sl, fp, lr}
    8d4c:	e24dd004 	sub	sp, sp, #4
    8d50:	e58d0000 	str	r0, [sp]
    8d54:	e30cc123 	movw	ip, #49443	@ 0xc123
    8d58:	e34cc456 	movt	ip, #50262	@ 0xc456
    8d5c:	e5947014 	ldr	r7, [r4, #20]
    8d60:	e3170040 	tst	r7, #64	@ 0x40
    8d64:	0a000018 	beq	0x8dcc
    8d68:	e2478040 	sub	r8, r7, #64	@ 0x40
    8d6c:	e3a09000 	mov	r9, #0
    8d70:	e1a0a008 	mov	sl, r8
    8d74:	e5942010 	ldr	r2, [r4, #16]
    8d78:	e31a0020 	tst	sl, #32
    8d7c:	1a000008 	bne	0x8da4
    8d80:	e594100c 	ldr	r1, [r4, #12]
    8d84:	e20aa01f 	and	sl, sl, #31
    8d88:	e1a01a31 	lsr	r1, r1, sl
    8d8c:	e1a0c082 	lsl	ip, r2, #1
    8d90:	e22ae01f 	eor	lr, sl, #31
    8d94:	e1811e1c 	orr	r1, r1, ip, lsl lr
    8d98:	e1a0ea32 	lsr	lr, r2, sl
    8d9c:	e584e008 	str	lr, [r4, #8]
    8da0:	ea000003 	b	0x8db4
    8da4:	e20ae01f 	and	lr, sl, #31
    8da8:	e1a01e32 	lsr	r1, r2, lr
    8dac:	e3a0e000 	mov	lr, #0
    8db0:	e584e008 	str	lr, [r4, #8]
    8db4:	e5841004 	str	r1, [r4, #4]
    8db8:	e3a0e000 	mov	lr, #0
    8dbc:	e584e00c 	str	lr, [r4, #12]
    8dc0:	e3a0e000 	mov	lr, #0
    8dc4:	e584e010 	str	lr, [r4, #16]
    8dc8:	ea00003b 	b	0x8ebc
    8dcc:	e3570000 	cmp	r7, #0
    8dd0:	0a000039 	beq	0x8ebc
    8dd4:	e2678040 	rsb	r8, r7, #64	@ 0x40
    8dd8:	e3a09000 	mov	r9, #0
    8ddc:	e1a00008 	mov	r0, r8
    8de0:	e594a00c 	ldr	sl, [r4, #12]
    8de4:	e3100020 	tst	r0, #32
    8de8:	1a000007 	bne	0x8e0c
    8dec:	e594b010 	ldr	fp, [r4, #16]
    8df0:	e200001f 	and	r0, r0, #31
    8df4:	e1a0b01b 	lsl	fp, fp, r0
    8df8:	e1a0c0aa 	lsr	ip, sl, #1
    8dfc:	e220e01f 	eor	lr, r0, #31
    8e00:	e18bbe3c 	orr	fp, fp, ip, lsr lr
    8e04:	e1a0a01a 	lsl	sl, sl, r0
    8e08:	ea000002 	b	0x8e18
    8e0c:	e200e01f 	and	lr, r0, #31
    8e10:	e1a0be1a 	lsl	fp, sl, lr
    8e14:	e3a0a000 	mov	sl, #0
    8e18:	e1a00007 	mov	r0, r7
    8e1c:	e3a07000 	mov	r7, #0
    8e20:	e1a08000 	mov	r8, r0
    8e24:	e1a09007 	mov	r9, r7
    8e28:	e1a01000 	mov	r1, r0
    8e2c:	e5943008 	ldr	r3, [r4, #8]
    8e30:	e3110020 	tst	r1, #32
    8e34:	1a000007 	bne	0x8e58
    8e38:	e5946004 	ldr	r6, [r4, #4]
    8e3c:	e201101f 	and	r1, r1, #31
    8e40:	e1a06136 	lsr	r6, r6, r1
    8e44:	e1a0c083 	lsl	ip, r3, #1
    8e48:	e221e01f 	eor	lr, r1, #31
    8e4c:	e1866e1c 	orr	r6, r6, ip, lsl lr
    8e50:	e1a03133 	lsr	r3, r3, r1
    8e54:	ea000002 	b	0x8e64
    8e58:	e201e01f 	and	lr, r1, #31
    8e5c:	e1a06e33 	lsr	r6, r3, lr
    8e60:	e3a03000 	mov	r3, #0
    8e64:	e18ae006 	orr	lr, sl, r6
    8e68:	e584e004 	str	lr, [r4, #4]
    8e6c:	e18be003 	orr	lr, fp, r3
    8e70:	e584e008 	str	lr, [r4, #8]
    8e74:	e1a02008 	mov	r2, r8
    8e78:	e5940010 	ldr	r0, [r4, #16]
    8e7c:	e3120020 	tst	r2, #32
    8e80:	1a000008 	bne	0x8ea8
    8e84:	e594100c 	ldr	r1, [r4, #12]
    8e88:	e202201f 	and	r2, r2, #31
    8e8c:	e1a01231 	lsr	r1, r1, r2
    8e90:	e1a0c080 	lsl	ip, r0, #1
    8e94:	e222e01f 	eor	lr, r2, #31
    8e98:	e1811e1c 	orr	r1, r1, ip, lsl lr
    8e9c:	e1a0e230 	lsr	lr, r0, r2
    8ea0:	e584e010 	str	lr, [r4, #16]
    8ea4:	ea000003 	b	0x8eb8
    8ea8:	e202e01f 	and	lr, r2, #31
    8eac:	e1a01e30 	lsr	r1, r0, lr
    8eb0:	e3a0e000 	mov	lr, #0
    8eb4:	e584e010 	str	lr, [r4, #16]
    8eb8:	e584100c 	str	r1, [r4, #12]
    8ebc:	e5941000 	ldr	r1, [r4]
    8ec0:	e5950030 	ldr	r0, [r5, #48]	@ 0x30
    8ec4:	e5942004 	ldr	r2, [r4, #4]
    8ec8:	e59fc7c0 	ldr	ip, [pc, #1984]	@ 0x9690
    8ecc:	e151000c 	cmp	r1, ip
    8ed0:	8a000014 	bhi	0x8f28
    8ed4:	e0800001 	add	r0, r0, r1
    8ed8:	e5941008 	ldr	r1, [r4, #8]
    8edc:	e5802000 	str	r2, [r0]
    8ee0:	e5801004 	str	r1, [r0, #4]
    8ee4:	e5941000 	ldr	r1, [r4]
    8ee8:	e5950030 	ldr	r0, [r5, #48]	@ 0x30
    8eec:	e594200c 	ldr	r2, [r4, #12]
    8ef0:	e2911008 	adds	r1, r1, #8
    8ef4:	2a00000b 	bcs	0x8f28
    8ef8:	e59fc790 	ldr	ip, [pc, #1936]	@ 0x9690
    8efc:	e151000c 	cmp	r1, ip
    8f00:	8a000008 	bhi	0x8f28
    8f04:	e0800001 	add	r0, r0, r1
    8f08:	e5941010 	ldr	r1, [r4, #16]
    8f0c:	e5802000 	str	r2, [r0]
    8f10:	e5801004 	str	r1, [r0, #4]
    8f14:	e59f07a8 	ldr	r0, [pc, #1960]	@ 0x96c4
    8f18:	e30ccabc 	movw	ip, #51900	@ 0xcabc
    8f1c:	e34ccdef 	movt	ip, #52719	@ 0xcdef
    8f20:	e28dd004 	add	sp, sp, #4
    8f24:	e8bd8fc0 	pop	{r6, r7, r8, r9, sl, fp, pc}
    8f28:	e3a00008 	mov	r0, #8
    8f2c:	e59d1000 	ldr	r1, [sp]
    8f30:	e5810010 	str	r0, [r1, #16]
    8f34:	e59d0000 	ldr	r0, [sp]
    8f38:	e59d101c 	ldr	r1, [sp, #28]
    8f3c:	e59fc784 	ldr	ip, [pc, #1924]	@ 0x96c8
    8f40:	e12fff3c 	blx	ip
    8f44:	e28dd004 	add	sp, sp, #4
    8f48:	e8bd0fc0 	pop	{r6, r7, r8, r9, sl, fp}
    8f4c:	e28dd004 	add	sp, sp, #4
    8f50:	e12fff10 	bx	r0
    8f54:	e92d4fc0 	push	{r6, r7, r8, r9, sl, fp, lr}
    8f58:	e24dd004 	sub	sp, sp, #4
    8f5c:	e58d0000 	str	r0, [sp]
    8f60:	e30cc123 	movw	ip, #49443	@ 0xc123
    8f64:	e34cc456 	movt	ip, #50262	@ 0xc456
    8f68:	e595e03c 	ldr	lr, [r5, #60]	@ 0x3c
    8f6c:	e59e0008 	ldr	r0, [lr, #8]
    8f70:	e2400020 	sub	r0, r0, #32
    8f74:	e5840010 	str	r0, [r4, #16]
    8f78:	e595103c 	ldr	r1, [r5, #60]	@ 0x3c
    8f7c:	e5810008 	str	r0, [r1, #8]
    8f80:	e5940008 	ldr	r0, [r4, #8]
    8f84:	e594100c 	ldr	r1, [r4, #12]
    8f88:	e3c0e000 	bic	lr, r0, #0
    8f8c:	e584e024 	str	lr, [r4, #36]	@ 0x24
    8f90:	e3a0ccff 	mov	ip, #65280	@ 0xff00
    8f94:	e38cc0ff 	orr	ip, ip, #255	@ 0xff
    8f98:	e001e00c 	and	lr, r1, ip
    8f9c:	e584e028 	str	lr, [r4, #40]	@ 0x28
    8fa0:	e594c00c 	ldr	ip, [r4, #12]
    8fa4:	e1a0282c 	lsr	r2, ip, #16
    8fa8:	e3a03000 	mov	r3, #0
    8fac:	e3a0cc7f 	mov	ip, #32512	@ 0x7f00
    8fb0:	e38cc0ff 	orr	ip, ip, #255	@ 0xff
    8fb4:	e002200c 	and	r2, r2, ip
    8fb8:	e2033000 	and	r3, r3, #0
    8fbc:	e1a09002 	mov	r9, r2
    8fc0:	e1a08003 	mov	r8, r3
    8fc4:	e5842014 	str	r2, [r4, #20]
    8fc8:	e2422c3c 	sub	r2, r2, #60, 24	@ 0x3c00
    8fcc:	e2422001 	sub	r2, r2, #1
    8fd0:	e3a0cc07 	mov	ip, #1792	@ 0x700
    8fd4:	e38cc0fd 	orr	ip, ip, #253	@ 0xfd
    8fd8:	e152000c 	cmp	r2, ip
    8fdc:	8a000035 	bhi	0x90b8
    8fe0:	e594c004 	ldr	ip, [r4, #4]
    8fe4:	e1a02e2c 	lsr	r2, ip, #28
    8fe8:	e3a0b000 	mov	fp, #0
    8fec:	e5946028 	ldr	r6, [r4, #40]	@ 0x28
    8ff0:	e5947024 	ldr	r7, [r4, #36]	@ 0x24
    8ff4:	e1a06206 	lsl	r6, r6, #4
    8ff8:	e1866e27 	orr	r6, r6, r7, lsr #28
    8ffc:	e1a07207 	lsl	r7, r7, #4
    9000:	e1822007 	orr	r2, r2, r7
    9004:	e18bb006 	orr	fp, fp, r6
    9008:	e594c014 	ldr	ip, [r4, #20]
    900c:	e24c6df0 	sub	r6, ip, #240, 26	@ 0x3c00
    9010:	e3a07000 	mov	r7, #0
    9014:	e5943000 	ldr	r3, [r4]
    9018:	e594a004 	ldr	sl, [r4, #4]
    901c:	e3c33000 	bic	r3, r3, #0
    9020:	e3caa4f0 	bic	sl, sl, #240, 8	@ 0xf0000000
    9024:	e1a01003 	mov	r1, r3
    9028:	e1a0000a 	mov	r0, sl
    902c:	e3530001 	cmp	r3, #1
    9030:	e2dac680 	sbcs	ip, sl, #128, 12	@ 0x8000000
    9034:	3a000002 	bcc	0x9044
    9038:	e2922001 	adds	r2, r2, #1
    903c:	e2abb000 	adc	fp, fp, #0
    9040:	ea000007 	b	0x9064
    9044:	e3500680 	cmp	r0, #128, 12	@ 0x8000000
    9048:	1a000000 	bne	0x9050
    904c:	e3510000 	cmp	r1, #0
    9050:	1a000003 	bne	0x9064
    9054:	e2020001 	and	r0, r2, #1
    9058:	e20b1000 	and	r1, fp, #0
    905c:	e0902002 	adds	r2, r0, r2
    9060:	e0a1b00b 	adc	fp, r1, fp
    9064:	e3e0c000 	mvn	ip, #0
    9068:	e15c0002 	cmp	ip, r2
    906c:	e3e0c20f 	mvn	ip, #-268435456	@ 0xf0000000
    9070:	e3ccc6ff 	bic	ip, ip, #267386880	@ 0xff00000
    9074:	e0dcc00b 	sbcs	ip, ip, fp
    9078:	e3a00000 	mov	r0, #0
    907c:	33a00001 	movcc	r0, #1
    9080:	e1a01000 	mov	r1, r0
    9084:	e3500000 	cmp	r0, #0
    9088:	13a02000 	movne	r2, #0
    908c:	e1a0e00b 	mov	lr, fp
    9090:	13a0e000 	movne	lr, #0
    9094:	e5842000 	str	r2, [r4]
    9098:	e584e004 	str	lr, [r4, #4]
    909c:	e1a00001 	mov	r0, r1
    90a0:	e3a01000 	mov	r1, #0
    90a4:	e090e006 	adds	lr, r0, r6
    90a8:	e584e024 	str	lr, [r4, #36]	@ 0x24
    90ac:	e0a1e007 	adc	lr, r1, r7
    90b0:	e584e028 	str	lr, [r4, #40]	@ 0x28
    90b4:	ea0000cc 	b	0x93ec
    90b8:	e5943000 	ldr	r3, [r4]
    90bc:	e5946004 	ldr	r6, [r4, #4]
    90c0:	e594c024 	ldr	ip, [r4, #36]	@ 0x24
    90c4:	e183300c 	orr	r3, r3, ip
    90c8:	e594c028 	ldr	ip, [r4, #40]	@ 0x28
    90cc:	e186600c 	orr	r6, r6, ip
    90d0:	e193c006 	orrs	ip, r3, r6
    90d4:	0a000019 	beq	0x9140
    90d8:	e3580000 	cmp	r8, #0
    90dc:	1a000002 	bne	0x90ec
    90e0:	e3a0cc7f 	mov	ip, #32512	@ 0x7f00
    90e4:	e38cc0ff 	orr	ip, ip, #255	@ 0xff
    90e8:	e159000c 	cmp	r9, ip
    90ec:	1a000013 	bne	0x9140
    90f0:	e594c004 	ldr	ip, [r4, #4]
    90f4:	e1a03e2c 	lsr	r3, ip, #28
    90f8:	e3a06000 	mov	r6, #0
    90fc:	e594a028 	ldr	sl, [r4, #40]	@ 0x28
    9100:	e5947024 	ldr	r7, [r4, #36]	@ 0x24
    9104:	e1a0a20a 	lsl	sl, sl, #4
    9108:	e18aae27 	orr	sl, sl, r7, lsr #28
    910c:	e1a07207 	lsl	r7, r7, #4
    9110:	e1833007 	orr	r3, r3, r7
    9114:	e186600a 	orr	r6, r6, sl
    9118:	e383e000 	orr	lr, r3, #0
    911c:	e584e000 	str	lr, [r4]
    9120:	e386ea80 	orr	lr, r6, #128, 20	@ 0x80000
    9124:	e584e004 	str	lr, [r4, #4]
    9128:	e3a0ec07 	mov	lr, #1792	@ 0x700
    912c:	e38ee0ff 	orr	lr, lr, #255	@ 0xff
    9130:	e584e024 	str	lr, [r4, #36]	@ 0x24
    9134:	e3a0e000 	mov	lr, #0
    9138:	e584e028 	str	lr, [r4, #40]	@ 0x28
    913c:	ea0000aa 	b	0x93ec
    9140:	e594c014 	ldr	ip, [r4, #20]
    9144:	e3a0ec43 	mov	lr, #17152	@ 0x4300
    9148:	e38ee0fe 	orr	lr, lr, #254	@ 0xfe
    914c:	e15c000e 	cmp	ip, lr
    9150:	9a000009 	bls	0x917c
    9154:	e3a0ec07 	mov	lr, #1792	@ 0x700
    9158:	e38ee0ff 	orr	lr, lr, #255	@ 0xff
    915c:	e584e024 	str	lr, [r4, #36]	@ 0x24
    9160:	e3a0e000 	mov	lr, #0
    9164:	e584e028 	str	lr, [r4, #40]	@ 0x28
    9168:	e3a0e000 	mov	lr, #0
    916c:	e584e000 	str	lr, [r4]
    9170:	e3a0e000 	mov	lr, #0
    9174:	e584e004 	str	lr, [r4, #4]
    9178:	ea00009b 	b	0x93ec
    917c:	e199c008 	orrs	ip, r9, r8
    9180:	e3a03000 	mov	r3, #0
    9184:	03a03001 	moveq	r3, #1
    9188:	e1a06003 	mov	r6, r3
    918c:	e3530000 	cmp	r3, #0
    9190:	e3a07df0 	mov	r7, #240, 26	@ 0x3c00
    9194:	e3a0cc3c 	mov	ip, #60, 24	@ 0x3c00
    9198:	e38cc001 	orr	ip, ip, #1
    919c:	01a0700c 	moveq	r7, ip
    91a0:	e1a03007 	mov	r3, r7
    91a4:	e594c014 	ldr	ip, [r4, #20]
    91a8:	e047700c 	sub	r7, r7, ip
    91ac:	e1a08007 	mov	r8, r7
    91b0:	e3570070 	cmp	r7, #112	@ 0x70
    91b4:	da000008 	ble	0x91dc
    91b8:	e3a0e000 	mov	lr, #0
    91bc:	e584e000 	str	lr, [r4]
    91c0:	e3a0e000 	mov	lr, #0
    91c4:	e584e004 	str	lr, [r4, #4]
    91c8:	e3a0e000 	mov	lr, #0
    91cc:	e584e024 	str	lr, [r4, #36]	@ 0x24
    91d0:	e3a0e000 	mov	lr, #0
    91d4:	e584e028 	str	lr, [r4, #40]	@ 0x28
    91d8:	ea000083 	b	0x93ec
    91dc:	e5947024 	ldr	r7, [r4, #36]	@ 0x24
    91e0:	e5949028 	ldr	r9, [r4, #40]	@ 0x28
    91e4:	e3877000 	orr	r7, r7, #0
    91e8:	e3899b40 	orr	r9, r9, #64, 22	@ 0x10000
    91ec:	e3560000 	cmp	r6, #0
    91f0:	e594c024 	ldr	ip, [r4, #36]	@ 0x24
    91f4:	11a0700c 	movne	r7, ip
    91f8:	e594c028 	ldr	ip, [r4, #40]	@ 0x28
    91fc:	11a0900c 	movne	r9, ip
    9200:	e3a06000 	mov	r6, #0
    9204:	e594c014 	ldr	ip, [r4, #20]
    9208:	e153000c 	cmp	r3, ip
    920c:	0a000028 	beq	0x92b4
    9210:	e594c010 	ldr	ip, [r4, #16]
    9214:	e28c3010 	add	r3, ip, #16
    9218:	e268a080 	rsb	sl, r8, #128	@ 0x80
    921c:	e5843058 	str	r3, [r4, #88]	@ 0x58
    9220:	e5847024 	str	r7, [r4, #36]	@ 0x24
    9224:	e5849028 	str	r9, [r4, #40]	@ 0x28
    9228:	e584a06c 	str	sl, [r4, #108]	@ 0x6c
    922c:	e59f0498 	ldr	r0, [pc, #1176]	@ 0x96cc
    9230:	e1a01004 	mov	r1, r4
    9234:	e59d2000 	ldr	r2, [sp]
    9238:	e59fc490 	ldr	ip, [pc, #1168]	@ 0x96d0
    923c:	e12fff3c 	blx	ip
    9240:	e3500000 	cmp	r0, #0
    9244:	1a000083 	bne	0x9458
    9248:	e594b010 	ldr	fp, [r4, #16]
    924c:	e5952030 	ldr	r2, [r5, #48]	@ 0x30
    9250:	e29bb010 	adds	fp, fp, #16
    9254:	2a00007c 	bcs	0x944c
    9258:	e59fc430 	ldr	ip, [pc, #1072]	@ 0x9690
    925c:	e15b000c 	cmp	fp, ip
    9260:	8a000079 	bhi	0x944c
    9264:	e082c00b 	add	ip, r2, fp
    9268:	e59c3000 	ldr	r3, [ip]
    926c:	e59ca004 	ldr	sl, [ip, #4]
    9270:	e5941010 	ldr	r1, [r4, #16]
    9274:	e5950030 	ldr	r0, [r5, #48]	@ 0x30
    9278:	e2911018 	adds	r1, r1, #24
    927c:	2a000072 	bcs	0x944c
    9280:	e59fc408 	ldr	ip, [pc, #1032]	@ 0x9690
    9284:	e151000c 	cmp	r1, ip
    9288:	8a00006f 	bhi	0x944c
    928c:	e080c001 	add	ip, r0, r1
    9290:	e59c2000 	ldr	r2, [ip]
    9294:	e59cb004 	ldr	fp, [ip, #4]
    9298:	e1833002 	orr	r3, r3, r2
    929c:	e18aa00b 	orr	sl, sl, fp
    92a0:	e35a0000 	cmp	sl, #0
    92a4:	1a000000 	bne	0x92ac
    92a8:	e3530000 	cmp	r3, #0
    92ac:	e3a06000 	mov	r6, #0
    92b0:	13a06001 	movne	r6, #1
    92b4:	e5847024 	str	r7, [r4, #36]	@ 0x24
    92b8:	e5849028 	str	r9, [r4, #40]	@ 0x28
    92bc:	e5848020 	str	r8, [r4, #32]
    92c0:	e59f040c 	ldr	r0, [pc, #1036]	@ 0x96d4
    92c4:	e1a01004 	mov	r1, r4
    92c8:	e59d2000 	ldr	r2, [sp]
    92cc:	e59fc404 	ldr	ip, [pc, #1028]	@ 0x96d8
    92d0:	e12fff3c 	blx	ip
    92d4:	e3500000 	cmp	r0, #0
    92d8:	1a00005e 	bne	0x9458
    92dc:	e5943010 	ldr	r3, [r4, #16]
    92e0:	e5952030 	ldr	r2, [r5, #48]	@ 0x30
    92e4:	e59fc3a4 	ldr	ip, [pc, #932]	@ 0x9690
    92e8:	e153000c 	cmp	r3, ip
    92ec:	8a000056 	bhi	0x944c
    92f0:	e082c003 	add	ip, r2, r3
    92f4:	e59c0000 	ldr	r0, [ip]
    92f8:	e59c1004 	ldr	r1, [ip, #4]
    92fc:	e1a02000 	mov	r2, r0
    9300:	e1a03001 	mov	r3, r1
    9304:	e1a00e21 	lsr	r0, r1, #28
    9308:	e3a01000 	mov	r1, #0
    930c:	e594a010 	ldr	sl, [r4, #16]
    9310:	e5959030 	ldr	r9, [r5, #48]	@ 0x30
    9314:	e29aa008 	adds	sl, sl, #8
    9318:	2a00004b 	bcs	0x944c
    931c:	e59fc36c 	ldr	ip, [pc, #876]	@ 0x9690
    9320:	e15a000c 	cmp	sl, ip
    9324:	8a000048 	bhi	0x944c
    9328:	e089c00a 	add	ip, r9, sl
    932c:	e59c7000 	ldr	r7, [ip]
    9330:	e59c8004 	ldr	r8, [ip, #4]
    9334:	e1a08208 	lsl	r8, r8, #4
    9338:	e1888e27 	orr	r8, r8, r7, lsr #28
    933c:	e1a07207 	lsl	r7, r7, #4
    9340:	e1800007 	orr	r0, r0, r7
    9344:	e1811008 	orr	r1, r1, r8
    9348:	e3c22000 	bic	r2, r2, #0
    934c:	e3c334f0 	bic	r3, r3, #240, 8	@ 0xf0000000
    9350:	e3a07000 	mov	r7, #0
    9354:	e1822006 	orr	r2, r2, r6
    9358:	e1833007 	orr	r3, r3, r7
    935c:	e1a06002 	mov	r6, r2
    9360:	e1a07003 	mov	r7, r3
    9364:	e3520001 	cmp	r2, #1
    9368:	e2d3c680 	sbcs	ip, r3, #128, 12	@ 0x8000000
    936c:	3a000002 	bcc	0x937c
    9370:	e2900001 	adds	r0, r0, #1
    9374:	e2a11000 	adc	r1, r1, #0
    9378:	ea000007 	b	0x939c
    937c:	e3570680 	cmp	r7, #128, 12	@ 0x8000000
    9380:	1a000000 	bne	0x9388
    9384:	e3560000 	cmp	r6, #0
    9388:	1a000003 	bne	0x939c
    938c:	e2002001 	and	r2, r0, #1
    9390:	e2013000 	and	r3, r1, #0
    9394:	e0920000 	adds	r0, r2, r0
    9398:	e0a31001 	adc	r1, r3, r1
    939c:	e2202000 	eor	r2, r0, #0
    93a0:	e2213940 	eor	r3, r1, #64, 18	@ 0x100000
    93a4:	e3e0c000 	mvn	ip, #0
    93a8:	e15c0000 	cmp	ip, r0
    93ac:	e3e0c20f 	mvn	ip, #-268435456	@ 0xf0000000
    93b0:	e3ccc6ff 	bic	ip, ip, #267386880	@ 0xff00000
    93b4:	e0dcc001 	sbcs	ip, ip, r1
    93b8:	e3a06000 	mov	r6, #0
    93bc:	33a06001 	movcc	r6, #1
    93c0:	e1a07006 	mov	r7, r6
    93c4:	e3560000 	cmp	r6, #0
    93c8:	e1a08002 	mov	r8, r2
    93cc:	01a08000 	moveq	r8, r0
    93d0:	e1a0e003 	mov	lr, r3
    93d4:	01a0e001 	moveq	lr, r1
    93d8:	e5848000 	str	r8, [r4]
    93dc:	e584e004 	str	lr, [r4, #4]
    93e0:	e5847024 	str	r7, [r4, #36]	@ 0x24
    93e4:	e3a0e000 	mov	lr, #0
    93e8:	e584e028 	str	lr, [r4, #40]	@ 0x28
    93ec:	e594c010 	ldr	ip, [r4, #16]
    93f0:	e28c0020 	add	r0, ip, #32
    93f4:	e595103c 	ldr	r1, [r5, #60]	@ 0x3c
    93f8:	e5810008 	str	r0, [r1, #8]
    93fc:	e594c024 	ldr	ip, [r4, #36]	@ 0x24
    9400:	e1a01a0c 	lsl	r1, ip, #20
    9404:	e3a00000 	mov	r0, #0
    9408:	e5942008 	ldr	r2, [r4, #8]
    940c:	e594300c 	ldr	r3, [r4, #12]
    9410:	e2022000 	and	r2, r2, #0
    9414:	e2033480 	and	r3, r3, #128, 8	@ 0x80000000
    9418:	e1800002 	orr	r0, r0, r2
    941c:	e1811003 	orr	r1, r1, r3
    9420:	e594c000 	ldr	ip, [r4]
    9424:	e180000c 	orr	r0, r0, ip
    9428:	e594c004 	ldr	ip, [r4, #4]
    942c:	e181100c 	orr	r1, r1, ip
    9430:	ec410a10 	vmov	s0, s1, r0, r1
    9434:	ed840b16 	vstr	d0, [r4, #88]	@ 0x58
    9438:	e59f029c 	ldr	r0, [pc, #668]	@ 0x96dc
    943c:	e30ccabc 	movw	ip, #51900	@ 0xcabc
    9440:	e34ccdef 	movt	ip, #52719	@ 0xcdef
    9444:	e28dd004 	add	sp, sp, #4
    9448:	e8bd8fc0 	pop	{r6, r7, r8, r9, sl, fp, pc}
    944c:	e3a00008 	mov	r0, #8
    9450:	e59d1000 	ldr	r1, [sp]
    9454:	e5810010 	str	r0, [r1, #16]
    9458:	e59d0000 	ldr	r0, [sp]
    945c:	e59d101c 	ldr	r1, [sp, #28]
    9460:	e59fc278 	ldr	ip, [pc, #632]	@ 0x96e0
    9464:	e12fff3c 	blx	ip
    9468:	e28dd004 	add	sp, sp, #4
    946c:	e8bd0fc0 	pop	{r6, r7, r8, r9, sl, fp}
    9470:	e28dd004 	add	sp, sp, #4
    9474:	e12fff10 	bx	r0
    9478:	e52de004 	push	{lr}		@ (str lr, [sp, #-4]!)
    947c:	e24dd004 	sub	sp, sp, #4
    9480:	e58d0000 	str	r0, [sp]
    9484:	e30cc123 	movw	ip, #49443	@ 0xc123
    9488:	e34cc456 	movt	ip, #50262	@ 0xc456
    948c:	e5940000 	ldr	r0, [r4]
    9490:	e595103c 	ldr	r1, [r5, #60]	@ 0x3c
    9494:	e5810008 	str	r0, [r1, #8]
    9498:	e59f0244 	ldr	r0, [pc, #580]	@ 0x96e4
    949c:	e30ccabc 	movw	ip, #51900	@ 0xcabc
    94a0:	e34ccdef 	movt	ip, #52719	@ 0xcdef
    94a4:	e28dd004 	add	sp, sp, #4
    94a8:	e49df004 	pop	{pc}		@ (ldr pc, [sp], #4)
    94ac:	e52de004 	push	{lr}		@ (str lr, [sp, #-4]!)
    94b0:	e24dd004 	sub	sp, sp, #4
    94b4:	e58d0000 	str	r0, [sp]
    94b8:	e30cc123 	movw	ip, #49443	@ 0xc123
    94bc:	e34cc456 	movt	ip, #50262	@ 0xc456
    94c0:	e595e03c 	ldr	lr, [r5, #60]	@ 0x3c
    94c4:	e59e0008 	ldr	r0, [lr, #8]
    94c8:	e5840000 	str	r0, [r4]
    94cc:	e59f0214 	ldr	r0, [pc, #532]	@ 0x96e8
    94d0:	e30ccabc 	movw	ip, #51900	@ 0xcabc
    94d4:	e34ccdef 	movt	ip, #52719	@ 0xcdef
    94d8:	e28dd004 	add	sp, sp, #4
    94dc:	e49df004 	pop	{pc}		@ (ldr pc, [sp], #4)
    94e0:	e52de004 	push	{lr}		@ (str lr, [sp, #-4]!)
    94e4:	e24dd004 	sub	sp, sp, #4
    94e8:	e58d0000 	str	r0, [sp]
    94ec:	e30cc123 	movw	ip, #49443	@ 0xc123
    94f0:	e34cc456 	movt	ip, #50262	@ 0xc456
    94f4:	e5940000 	ldr	r0, [r4]
    94f8:	e3500099 	cmp	r0, #153	@ 0x99
    94fc:	83a00000 	movhi	r0, #0
    9500:	e1a00080 	lsl	r0, r0, #1
    9504:	e1a02000 	mov	r2, r0
    9508:	e5951030 	ldr	r1, [r5, #48]	@ 0x30
    950c:	e3a0cb42 	mov	ip, #67584	@ 0x10800
    9510:	e38ccf7c 	orr	ip, ip, #124, 30	@ 0x1f0
    9514:	e092200c 	adds	r2, r2, ip
    9518:	2a00000b 	bcs	0x954c
    951c:	e59fc1c8 	ldr	ip, [pc, #456]	@ 0x96ec
    9520:	e152000c 	cmp	r2, ip
    9524:	8a000008 	bhi	0x954c
    9528:	e19100b2 	ldrh	r0, [r1, r2]
    952c:	e2800b40 	add	r0, r0, #64, 22	@ 0x10000
    9530:	e2800fa0 	add	r0, r0, #160, 30	@ 0x280
    9534:	e5840018 	str	r0, [r4, #24]
    9538:	e59f01b0 	ldr	r0, [pc, #432]	@ 0x96f0
    953c:	e30ccabc 	movw	ip, #51900	@ 0xcabc
    9540:	e34ccdef 	movt	ip, #52719	@ 0xcdef
    9544:	e28dd004 	add	sp, sp, #4
    9548:	e49df004 	pop	{pc}		@ (ldr pc, [sp], #4)
    954c:	e3a00008 	mov	r0, #8
    9550:	e59d1000 	ldr	r1, [sp]
    9554:	e5810010 	str	r0, [r1, #16]
    9558:	e59d0000 	ldr	r0, [sp]
    955c:	e59d1004 	ldr	r1, [sp, #4]
    9560:	e59fc18c 	ldr	ip, [pc, #396]	@ 0x96f4
    9564:	e12fff3c 	blx	ip
    9568:	e28dd008 	add	sp, sp, #8
    956c:	e12fff10 	bx	r0
    9570:	e52de004 	push	{lr}		@ (str lr, [sp, #-4]!)
    9574:	e24dd004 	sub	sp, sp, #4
    9578:	e58d0000 	str	r0, [sp]
    957c:	e30cc123 	movw	ip, #49443	@ 0xc123
    9580:	e34cc456 	movt	ip, #50262	@ 0xc456
    9584:	e5940000 	ldr	r0, [r4]
    9588:	e5840000 	str	r0, [r4]
    958c:	e5840000 	str	r0, [r4]
    9590:	e3a009fd 	mov	r0, #4145152	@ 0x3f4000
    9594:	e3800d9a 	orr	r0, r0, #9856	@ 0x2680
    9598:	e1a01004 	mov	r1, r4
    959c:	e59d2000 	ldr	r2, [sp]
    95a0:	e59fc150 	ldr	ip, [pc, #336]	@ 0x96f8
    95a4:	e12fff3c 	blx	ip
    95a8:	e3500000 	cmp	r0, #0
    95ac:	1a000006 	bne	0x95cc
    95b0:	e5940004 	ldr	r0, [r4, #4]
    95b4:	e5840004 	str	r0, [r4, #4]
    95b8:	e59f013c 	ldr	r0, [pc, #316]	@ 0x96fc
    95bc:	e30ccabc 	movw	ip, #51900	@ 0xcabc
    95c0:	e34ccdef 	movt	ip, #52719	@ 0xcdef
    95c4:	e28dd004 	add	sp, sp, #4
    95c8:	e49df004 	pop	{pc}		@ (ldr pc, [sp], #4)
    95cc:	e59d0000 	ldr	r0, [sp]
    95d0:	e59d1004 	ldr	r1, [sp, #4]
    95d4:	e59fc124 	ldr	ip, [pc, #292]	@ 0x9700
    95d8:	e12fff3c 	blx	ip
    95dc:	e28dd008 	add	sp, sp, #8
    95e0:	e12fff10 	bx	r0
    95e4:	e52de004 	push	{lr}		@ (str lr, [sp, #-4]!)
    95e8:	e24dd004 	sub	sp, sp, #4
    95ec:	e58d0000 	str	r0, [sp]
    95f0:	e30cc123 	movw	ip, #49443	@ 0xc123
    95f4:	e34cc456 	movt	ip, #50262	@ 0xc456
    95f8:	e3a0e001 	mov	lr, #1
    95fc:	e584e000 	str	lr, [r4]
    9600:	e59f00fc 	ldr	r0, [pc, #252]	@ 0x9704
    9604:	e30ccabc 	movw	ip, #51900	@ 0xcabc
    9608:	e34ccdef 	movt	ip, #52719	@ 0xcdef
    960c:	e28dd004 	add	sp, sp, #4
    9610:	e49df004 	pop	{pc}		@ (ldr pc, [sp], #4)
    9614:	e52de004 	push	{lr}		@ (str lr, [sp, #-4]!)
    9618:	e24dd004 	sub	sp, sp, #4
    961c:	e58d0000 	str	r0, [sp]
    9620:	e30cc123 	movw	ip, #49443	@ 0xc123
    9624:	ea000037 	b	0x9708
	...
    9638:	0101fffc 	strdeq	pc, [r1, -ip]
    963c:	004065cc 	subeq	r6, r0, ip, asr #11
    9640:	004065e4 	subeq	r6, r0, r4, ror #11
    9644:	00047eac 	andeq	r7, r4, ip, lsr #29
    9648:	003fac08 	eorseq	sl, pc, r8, lsl #24
    964c:	003fac0c 	eorseq	sl, pc, ip, lsl #24
    9650:	000487b4 			@ <UNDEFINED> instruction: 0x000487b4
    9654:	003fac28 	eorseq	sl, pc, r8, lsr #24
    9658:	00047eac 	andeq	r7, r4, ip, lsr #29
    965c:	003fe930 	eorseq	lr, pc, r0, lsr r9	@ <UNPREDICTABLE>
    9660:	0040228c 	subeq	r2, r0, ip, lsl #5
    9664:	000487b4 			@ <UNDEFINED> instruction: 0x000487b4
    9668:	0040229c 	umaaleq	r2, r0, ip, r2
    966c:	000487b4 			@ <UNDEFINED> instruction: 0x000487b4
    9670:	004022ac 	subeq	r2, r0, ip, lsr #5
    9674:	000487b4 			@ <UNDEFINED> instruction: 0x000487b4
    9678:	004022c4 	subeq	r2, r0, r4, asr #5
    967c:	00047eac 	andeq	r7, r4, ip, lsr #29
    9680:	003f92d0 	ldrsbteq	r9, [pc], -r0
    9684:	000487b4 			@ <UNDEFINED> instruction: 0x000487b4
    9688:	003f92e8 	eorseq	r9, pc, r8, ror #5
    968c:	000487b4 			@ <UNDEFINED> instruction: 0x000487b4
    9690:	0101fff8 	strdeq	pc, [r1, -r8]
    9694:	003f933c 	eorseq	r9, pc, ip, lsr r3	@ <UNPREDICTABLE>
    9698:	00047eac 	andeq	r7, r4, ip, lsr #29
    969c:	003fba94 	mlaseq	pc, r4, sl, fp	@ <UNPREDICTABLE>
    96a0:	000487b4 			@ <UNDEFINED> instruction: 0x000487b4
    96a4:	003fbab4 	ldrhteq	fp, [pc], -r4
    96a8:	00047eac 	andeq	r7, r4, ip, lsr #29
    96ac:	003eb320 	eorseq	fp, lr, r0, lsr #6
    96b0:	003fde0c 	eorseq	sp, pc, ip, lsl #28
    96b4:	003fa6cc 	eorseq	sl, pc, ip, asr #13
    96b8:	003fa484 	eorseq	sl, pc, r4, lsl #9
    96bc:	0040171c 	subeq	r1, r0, ip, lsl r7
    96c0:	00047eac 	andeq	r7, r4, ip, lsr #29
    96c4:	00406914 	subeq	r6, r0, r4, lsl r9
    96c8:	00047eac 	andeq	r7, r4, ip, lsr #29
    96cc:	00409d20 	subeq	r9, r0, r0, lsr #26
    96d0:	000487b4 			@ <UNDEFINED> instruction: 0x000487b4
    96d4:	00409d78 	subeq	r9, r0, r8, ror sp
    96d8:	000487b4 			@ <UNDEFINED> instruction: 0x000487b4
    96dc:	00409f94 	umaaleq	r9, r0, r4, pc	@ <UNPREDICTABLE>
    96e0:	00047eac 	andeq	r7, r4, ip, lsr #29
    96e4:	003fbebc 	ldrhteq	fp, [pc], -ip
    96e8:	003fbe74 	eorseq	fp, pc, r4, ror lr	@ <UNPREDICTABLE>
    96ec:	0101fffe 	strdeq	pc, [r1, -lr]
    96f0:	003f7118 	eorseq	r7, pc, r8, lsl r1	@ <UNPREDICTABLE>
    96f4:	00047eac 	andeq	r7, r4, ip, lsr #29
    96f8:	000487b4 			@ <UNDEFINED> instruction: 0x000487b4
    96fc:	003f669c 	mlaseq	pc, ip, r6, r6	@ <UNPREDICTABLE>
    9700:	00047eac 	andeq	r7, r4, ip, lsr #29
    9704:	003f61e4 	eorseq	r6, pc, r4, ror #3
    9708:	e34cc456 	movt	ip, #50262	@ 0xc456
    970c:	e1a0e005 	mov	lr, r5
    9710:	e59e005c 	ldr	r0, [lr, #92]	@ 0x5c
    9714:	e5840000 	str	r0, [r4]
    9718:	e59f01f8 	ldr	r0, [pc, #504]	@ 0x9918
    971c:	e30ccabc 	movw	ip, #51900	@ 0xcabc
    9720:	e34ccdef 	movt	ip, #52719	@ 0xcdef
    9724:	e28dd004 	add	sp, sp, #4
    9728:	e49df004 	pop	{pc}		@ (ldr pc, [sp], #4)
    972c:	e52de004 	push	{lr}		@ (str lr, [sp, #-4]!)
    9730:	e24dd004 	sub	sp, sp, #4
    9734:	e58d0000 	str	r0, [sp]
    9738:	e30cc123 	movw	ip, #49443	@ 0xc123
    973c:	e34cc456 	movt	ip, #50262	@ 0xc456
    9740:	e1a0e005 	mov	lr, r5
    9744:	e59e0094 	ldr	r0, [lr, #148]	@ 0x94
    9748:	e5840000 	str	r0, [r4]
    974c:	e59f01c8 	ldr	r0, [pc, #456]	@ 0x991c
    9750:	e30ccabc 	movw	ip, #51900	@ 0xcabc
    9754:	e34ccdef 	movt	ip, #52719	@ 0xcdef
    9758:	e28dd004 	add	sp, sp, #4
    975c:	e49df004 	pop	{pc}		@ (ldr pc, [sp], #4)
    9760:	e52de004 	push	{lr}		@ (str lr, [sp, #-4]!)
    9764:	e24dd004 	sub	sp, sp, #4
    9768:	e58d0000 	str	r0, [sp]
    976c:	e30cc123 	movw	ip, #49443	@ 0xc123
    9770:	e34cc456 	movt	ip, #50262	@ 0xc456
    9774:	e1a0e005 	mov	lr, r5
    9778:	e59e0090 	ldr	r0, [lr, #144]	@ 0x90
    977c:	e5840000 	str	r0, [r4]
    9780:	e59f0198 	ldr	r0, [pc, #408]	@ 0x9920
    9784:	e30ccabc 	movw	ip, #51900	@ 0xcabc
    9788:	e34ccdef 	movt	ip, #52719	@ 0xcdef
    978c:	e28dd004 	add	sp, sp, #4
    9790:	e49df004 	pop	{pc}		@ (ldr pc, [sp], #4)
    9794:	e52de004 	push	{lr}		@ (str lr, [sp, #-4]!)
    9798:	e24dd004 	sub	sp, sp, #4
    979c:	e58d0000 	str	r0, [sp]
    97a0:	e30cc123 	movw	ip, #49443	@ 0xc123
    97a4:	e34cc456 	movt	ip, #50262	@ 0xc456
    97a8:	e1a0e005 	mov	lr, r5
    97ac:	e59e0098 	ldr	r0, [lr, #152]	@ 0x98
    97b0:	e5840000 	str	r0, [r4]
    97b4:	e59f0168 	ldr	r0, [pc, #360]	@ 0x9924
    97b8:	e30ccabc 	movw	ip, #51900	@ 0xcabc
    97bc:	e34ccdef 	movt	ip, #52719	@ 0xcdef
    97c0:	e28dd004 	add	sp, sp, #4
    97c4:	e49df004 	pop	{pc}		@ (ldr pc, [sp], #4)
    97c8:	e52de004 	push	{lr}		@ (str lr, [sp, #-4]!)
    97cc:	e24dd004 	sub	sp, sp, #4
    97d0:	e58d0000 	str	r0, [sp]
    97d4:	e30cc123 	movw	ip, #49443	@ 0xc123
    97d8:	e34cc456 	movt	ip, #50262	@ 0xc456
    97dc:	e1a0e005 	mov	lr, r5
    97e0:	e59e0100 	ldr	r0, [lr, #256]	@ 0x100
    97e4:	e5840000 	str	r0, [r4]
    97e8:	e59f0138 	ldr	r0, [pc, #312]	@ 0x9928
    97ec:	e30ccabc 	movw	ip, #51900	@ 0xcabc
    97f0:	e34ccdef 	movt	ip, #52719	@ 0xcdef
    97f4:	e28dd004 	add	sp, sp, #4
    97f8:	e49df004 	pop	{pc}		@ (ldr pc, [sp], #4)
    97fc:	e52de004 	push	{lr}		@ (str lr, [sp, #-4]!)
    9800:	e24dd004 	sub	sp, sp, #4
    9804:	e58d0000 	str	r0, [sp]
    9808:	e30cc123 	movw	ip, #49443	@ 0xc123
    980c:	e34cc456 	movt	ip, #50262	@ 0xc456
    9810:	e1a0e005 	mov	lr, r5
    9814:	e59e0104 	ldr	r0, [lr, #260]	@ 0x104
    9818:	e5840000 	str	r0, [r4]
    981c:	e59f0108 	ldr	r0, [pc, #264]	@ 0x992c
    9820:	e30ccabc 	movw	ip, #51900	@ 0xcabc
    9824:	e34ccdef 	movt	ip, #52719	@ 0xcdef
    9828:	e28dd004 	add	sp, sp, #4
    982c:	e49df004 	pop	{pc}		@ (ldr pc, [sp], #4)
    9830:	e52de004 	push	{lr}		@ (str lr, [sp, #-4]!)
    9834:	e24dd004 	sub	sp, sp, #4
    9838:	e58d0000 	str	r0, [sp]
    983c:	e30cc123 	movw	ip, #49443	@ 0xc123
    9840:	e34cc456 	movt	ip, #50262	@ 0xc456
    9844:	e1a0e005 	mov	lr, r5
    9848:	e59e012c 	ldr	r0, [lr, #300]	@ 0x12c
    984c:	e5840000 	str	r0, [r4]
    9850:	e59f00d8 	ldr	r0, [pc, #216]	@ 0x9930
    9854:	e30ccabc 	movw	ip, #51900	@ 0xcabc
    9858:	e34ccdef 	movt	ip, #52719	@ 0xcdef
    985c:	e28dd004 	add	sp, sp, #4
    9860:	e49df004 	pop	{pc}		@ (ldr pc, [sp], #4)
    9864:	e52de004 	push	{lr}		@ (str lr, [sp, #-4]!)
    9868:	e24dd004 	sub	sp, sp, #4
    986c:	e58d0000 	str	r0, [sp]
    9870:	e30cc123 	movw	ip, #49443	@ 0xc123
    9874:	e34cc456 	movt	ip, #50262	@ 0xc456
    9878:	e1a0e005 	mov	lr, r5
    987c:	e59e0134 	ldr	r0, [lr, #308]	@ 0x134
    9880:	e5840000 	str	r0, [r4]
    9884:	e59f00a8 	ldr	r0, [pc, #168]	@ 0x9934
    9888:	e30ccabc 	movw	ip, #51900	@ 0xcabc
    988c:	e34ccdef 	movt	ip, #52719	@ 0xcdef
    9890:	e28dd004 	add	sp, sp, #4
    9894:	e49df004 	pop	{pc}		@ (ldr pc, [sp], #4)
    9898:	e52de004 	push	{lr}		@ (str lr, [sp, #-4]!)
    989c:	e24dd004 	sub	sp, sp, #4
    98a0:	e58d0000 	str	r0, [sp]
    98a4:	e30cc123 	movw	ip, #49443	@ 0xc123
    98a8:	e34cc456 	movt	ip, #50262	@ 0xc456
    98ac:	e3a0eb40 	mov	lr, #64, 22	@ 0x10000
    98b0:	e584e000 	str	lr, [r4]
    98b4:	e59f007c 	ldr	r0, [pc, #124]	@ 0x9938
    98b8:	e30ccabc 	movw	ip, #51900	@ 0xcabc
    98bc:	e34ccdef 	movt	ip, #52719	@ 0xcdef
    98c0:	e28dd004 	add	sp, sp, #4
    98c4:	e49df004 	pop	{pc}		@ (ldr pc, [sp], #4)
    98c8:	e52de004 	push	{lr}		@ (str lr, [sp, #-4]!)
    98cc:	e24dd004 	sub	sp, sp, #4
    98d0:	e58d0000 	str	r0, [sp]
    98d4:	e30cc123 	movw	ip, #49443	@ 0xc123
    98d8:	e34cc456 	movt	ip, #50262	@ 0xc456
    98dc:	e3a0eb42 	mov	lr, #67584	@ 0x10800
    98e0:	e38eefca 	orr	lr, lr, #808	@ 0x328
    98e4:	e584e000 	str	lr, [r4]
    98e8:	e59f004c 	ldr	r0, [pc, #76]	@ 0x993c
    98ec:	e30ccabc 	movw	ip, #51900	@ 0xcabc
    98f0:	e34ccdef 	movt	ip, #52719	@ 0xcdef
    98f4:	e28dd004 	add	sp, sp, #4
    98f8:	e49df004 	pop	{pc}		@ (ldr pc, [sp], #4)
    98fc:	ea00000f 	b	0x9940
	...
    9918:	003f6904 	eorseq	r6, pc, r4, lsl #18
    991c:	003f698c 	eorseq	r6, pc, ip, lsl #19
    9920:	003f6a14 	eorseq	r6, pc, r4, lsl sl	@ <UNPREDICTABLE>
    9924:	003f6a9c 	mlaseq	pc, ip, sl, r6	@ <UNPREDICTABLE>
    9928:	003f6b24 	eorseq	r6, pc, r4, lsr #22
    992c:	003f6bac 	eorseq	r6, pc, ip, lsr #23
    9930:	003f6c34 	eorseq	r6, pc, r4, lsr ip	@ <UNPREDICTABLE>
    9934:	003f6cbc 	ldrhteq	r6, [pc], -ip
    9938:	003fe9c4 	eorseq	lr, pc, r4, asr #19
    993c:	003fff84 	eorseq	pc, pc, r4, lsl #31
    9940:	e1a00000 	nop			@ (mov r0, r0)
    9944:	e1a00000 	nop			@ (mov r0, r0)
    9948:	e1a00000 	nop			@ (mov r0, r0)
    994c:	e1a00000 	nop			@ (mov r0, r0)
    9950:	e1a00000 	nop			@ (mov r0, r0)
    9954:	e1a00000 	nop			@ (mov r0, r0)
    9958:	e1a00000 	nop			@ (mov r0, r0)
    995c:	e1a00000 	nop			@ (mov r0, r0)
    9960:	e1a00000 	nop			@ (mov r0, r0)
    9964:	e1a00000 	nop			@ (mov r0, r0)
    9968:	e1a00000 	nop			@ (mov r0, r0)
    996c:	e1a00000 	nop			@ (mov r0, r0)
    9970:	e1a00000 	nop			@ (mov r0, r0)
    9974:	e1a00000 	nop			@ (mov r0, r0)
    9978:	e1a00000 	nop			@ (mov r0, r0)
    997c:	e1a00000 	nop			@ (mov r0, r0)
    9980:	e1a00000 	nop			@ (mov r0, r0)
    9984:	e1a00000 	nop			@ (mov r0, r0)
    9988:	e1a00000 	nop			@ (mov r0, r0)
    998c:	e1a00000 	nop			@ (mov r0, r0)
    9990:	e1a00000 	nop			@ (mov r0, r0)
    9994:	e1a00000 	nop			@ (mov r0, r0)
    9998:	e1a00000 	nop			@ (mov r0, r0)
    999c:	e1a00000 	nop			@ (mov r0, r0)
    99a0:	e1a00000 	nop			@ (mov r0, r0)
    99a4:	e1a00000 	nop			@ (mov r0, r0)
    99a8:	e1a00000 	nop			@ (mov r0, r0)
    99ac:	e1a00000 	nop			@ (mov r0, r0)
    99b0:	e1a00000 	nop			@ (mov r0, r0)
    99b4:	e1a00000 	nop			@ (mov r0, r0)
    99b8:	e1a00000 	nop			@ (mov r0, r0)
    99bc:	e1a00000 	nop			@ (mov r0, r0)
    99c0:	e1a00000 	nop			@ (mov r0, r0)
    99c4:	e1a00000 	nop			@ (mov r0, r0)
    99c8:	e1a00000 	nop			@ (mov r0, r0)
    99cc:	e1a00000 	nop			@ (mov r0, r0)
    99d0:	e1a00000 	nop			@ (mov r0, r0)
    99d4:	e1a00000 	nop			@ (mov r0, r0)
    99d8:	e1a00000 	nop			@ (mov r0, r0)
    99dc:	e1a00000 	nop			@ (mov r0, r0)
    99e0:	e1a00000 	nop			@ (mov r0, r0)
    99e4:	e1a00000 	nop			@ (mov r0, r0)
    99e8:	e1a00000 	nop			@ (mov r0, r0)
    99ec:	e1a00000 	nop			@ (mov r0, r0)
    99f0:	e1a00000 	nop			@ (mov r0, r0)
    99f4:	e1a00000 	nop			@ (mov r0, r0)
    99f8:	e1a00000 	nop			@ (mov r0, r0)
    99fc:	e1a00000 	nop			@ (mov r0, r0)
    9a00:	e1a00000 	nop			@ (mov r0, r0)
    9a04:	e1a00000 	nop			@ (mov r0, r0)
    9a08:	e1a00000 	nop			@ (mov r0, r0)
    9a0c:	e1a00000 	nop			@ (mov r0, r0)
    9a10:	e1a00000 	nop			@ (mov r0, r0)
    9a14:	e1a00000 	nop			@ (mov r0, r0)
    9a18:	e1a00000 	nop			@ (mov r0, r0)
    9a1c:	e1a00000 	nop			@ (mov r0, r0)
    9a20:	e1a00000 	nop			@ (mov r0, r0)
    9a24:	e1a00000 	nop			@ (mov r0, r0)
    9a28:	e1a00000 	nop			@ (mov r0, r0)
    9a2c:	e1a00000 	nop			@ (mov r0, r0)
    9a30:	e1a00000 	nop			@ (mov r0, r0)
    9a34:	e1a00000 	nop			@ (mov r0, r0)
    9a38:	e1a00000 	nop			@ (mov r0, r0)
    9a3c:	e1a00000 	nop			@ (mov r0, r0)
    9a40:	e1a00000 	nop			@ (mov r0, r0)
    9a44:	e1a00000 	nop			@ (mov r0, r0)
    9a48:	e1a00000 	nop			@ (mov r0, r0)
    9a4c:	e1a00000 	nop			@ (mov r0, r0)
    9a50:	e1a00000 	nop			@ (mov r0, r0)
    9a54:	e1a00000 	nop			@ (mov r0, r0)
