
/tmp/jit_dump.bin:     file format binary


Disassembly of section .data:

00000000 <.data>:
       0:	e92d4030 	push	{r4, r5, lr}
       4:	e1a04001 	mov	r4, r1
       8:	e24dd004 	sub	sp, sp, #4
       c:	e5905008 	ldr	r5, [r0, #8]
      10:	e12fff32 	blx	r2
      14:	e28dd004 	add	sp, sp, #4
      18:	e8bd8030 	pop	{r4, r5, pc}
      1c:	e52de004 	push	{lr}		@ (str lr, [sp, #-4]!)
      20:	e24dd004 	sub	sp, sp, #4
      24:	e58d0000 	str	r0, [sp]
      28:	e30cc123 	movw	ip, #49443	@ 0xc123
      2c:	e34cc456 	movt	ip, #50262	@ 0xc456
      30:	e59f0fe0 	ldr	r0, [pc, #4064]	@ 0x1018
      34:	e1a01004 	mov	r1, r4
      38:	e59d2000 	ldr	r2, [sp]
      3c:	e59fcfd8 	ldr	ip, [pc, #4056]	@ 0x101c
      40:	e12fff3c 	blx	ip
      44:	e3500000 	cmp	r0, #0
      48:	1a00000b 	bne	0x7c
      4c:	e59f0fcc 	ldr	r0, [pc, #4044]	@ 0x1020
      50:	e1a01004 	mov	r1, r4
      54:	e59d2000 	ldr	r2, [sp]
      58:	e59fcfc4 	ldr	ip, [pc, #4036]	@ 0x1024
      5c:	e12fff3c 	blx	ip
      60:	e3500000 	cmp	r0, #0
      64:	1a000004 	bne	0x7c
      68:	e59f0fb8 	ldr	r0, [pc, #4024]	@ 0x1028
      6c:	e30ccabc 	movw	ip, #51900	@ 0xcabc
      70:	e34ccdef 	movt	ip, #52719	@ 0xcdef
      74:	e28dd004 	add	sp, sp, #4
      78:	e49df004 	pop	{pc}		@ (ldr pc, [sp], #4)
      7c:	e59d0000 	ldr	r0, [sp]
      80:	e59d1004 	ldr	r1, [sp, #4]
      84:	e59fcfa0 	ldr	ip, [pc, #4000]	@ 0x102c
      88:	e12fff3c 	blx	ip
      8c:	e28dd008 	add	sp, sp, #8
      90:	e12fff10 	bx	r0
      94:	e92d4040 	push	{r6, lr}
      98:	e24dd008 	sub	sp, sp, #8
      9c:	e58d0000 	str	r0, [sp]
      a0:	e30cc123 	movw	ip, #49443	@ 0xc123
      a4:	e34cc456 	movt	ip, #50262	@ 0xc456
      a8:	e595e03c 	ldr	lr, [r5, #60]	@ 0x3c
      ac:	e59e0008 	ldr	r0, [lr, #8]
      b0:	e2406010 	sub	r6, r0, #16
      b4:	e595003c 	ldr	r0, [r5, #60]	@ 0x3c
      b8:	e5806008 	str	r6, [r0, #8]
      bc:	e1a01006 	mov	r1, r6
      c0:	e5950030 	ldr	r0, [r5, #48]	@ 0x30
      c4:	e291100c 	adds	r1, r1, #12
      c8:	2a00001a 	bcs	0x138
      cc:	e59fcf5c 	ldr	ip, [pc, #3932]	@ 0x1030
      d0:	e151000c 	cmp	r1, ip
      d4:	8a000017 	bhi	0x138
      d8:	e3a0e000 	mov	lr, #0
      dc:	e780e001 	str	lr, [r0, r1]
      e0:	e3a0eb40 	mov	lr, #64, 22	@ 0x10000
      e4:	e38ee1d8 	orr	lr, lr, #216, 2	@ 0x36
      e8:	e584e010 	str	lr, [r4, #16]
      ec:	e3a0e000 	mov	lr, #0
      f0:	e584e008 	str	lr, [r4, #8]
      f4:	e59f0f38 	ldr	r0, [pc, #3896]	@ 0x1034
      f8:	e1a01004 	mov	r1, r4
      fc:	e59d2000 	ldr	r2, [sp]
     100:	e59fcf30 	ldr	ip, [pc, #3888]	@ 0x1038
     104:	e12fff3c 	blx	ip
     108:	e3500000 	cmp	r0, #0
     10c:	1a00000c 	bne	0x144
     110:	e3a00000 	mov	r0, #0
     114:	e2866010 	add	r6, r6, #16
     118:	e595103c 	ldr	r1, [r5, #60]	@ 0x3c
     11c:	e5816008 	str	r6, [r1, #8]
     120:	e5840004 	str	r0, [r4, #4]
     124:	e59f0f10 	ldr	r0, [pc, #3856]	@ 0x103c
     128:	e30ccabc 	movw	ip, #51900	@ 0xcabc
     12c:	e34ccdef 	movt	ip, #52719	@ 0xcdef
     130:	e28dd008 	add	sp, sp, #8
     134:	e8bd8040 	pop	{r6, pc}
     138:	e3a00008 	mov	r0, #8
     13c:	e59d1000 	ldr	r1, [sp]
     140:	e5810010 	str	r0, [r1, #16]
     144:	e59d0000 	ldr	r0, [sp]
     148:	e59d100c 	ldr	r1, [sp, #12]
     14c:	e59fceec 	ldr	ip, [pc, #3820]	@ 0x1040
     150:	e12fff3c 	blx	ip
     154:	e59d6008 	ldr	r6, [sp, #8]
     158:	e28dd010 	add	sp, sp, #16
     15c:	e12fff10 	bx	r0
     160:	e52de004 	push	{lr}		@ (str lr, [sp, #-4]!)
     164:	e24dd004 	sub	sp, sp, #4
     168:	e58d0000 	str	r0, [sp]
     16c:	e30cc123 	movw	ip, #49443	@ 0xc123
     170:	e34cc456 	movt	ip, #50262	@ 0xc456
     174:	e3a0c001 	mov	ip, #1
     178:	e35c0000 	cmp	ip, #0
     17c:	0a000006 	beq	0x19c
     180:	e59f0ebc 	ldr	r0, [pc, #3772]	@ 0x1044
     184:	e1a01004 	mov	r1, r4
     188:	e59d2000 	ldr	r2, [sp]
     18c:	e59fceb4 	ldr	ip, [pc, #3764]	@ 0x1048
     190:	e12fff3c 	blx	ip
     194:	e3500000 	cmp	r0, #0
     198:	1a000017 	bne	0x1fc
     19c:	e59f0ea8 	ldr	r0, [pc, #3752]	@ 0x104c
     1a0:	e1a01004 	mov	r1, r4
     1a4:	e59d2000 	ldr	r2, [sp]
     1a8:	e59fcea0 	ldr	ip, [pc, #3744]	@ 0x1050
     1ac:	e12fff3c 	blx	ip
     1b0:	e3500000 	cmp	r0, #0
     1b4:	1a000010 	bne	0x1fc
     1b8:	e5940004 	ldr	r0, [r4, #4]
     1bc:	e5840004 	str	r0, [r4, #4]
     1c0:	e59f0e8c 	ldr	r0, [pc, #3724]	@ 0x1054
     1c4:	e1a01004 	mov	r1, r4
     1c8:	e59d2000 	ldr	r2, [sp]
     1cc:	e59fce84 	ldr	ip, [pc, #3716]	@ 0x1058
     1d0:	e12fff3c 	blx	ip
     1d4:	e3500000 	cmp	r0, #0
     1d8:	1a000007 	bne	0x1fc
     1dc:	e3a00015 	mov	r0, #21
     1e0:	ea000003 	b	0x1f4
     1e4:	e30ccabc 	movw	ip, #51900	@ 0xcabc
     1e8:	e34ccdef 	movt	ip, #52719	@ 0xcdef
     1ec:	e28dd004 	add	sp, sp, #4
     1f0:	e49df004 	pop	{pc}		@ (ldr pc, [sp], #4)
     1f4:	e59d1000 	ldr	r1, [sp]
     1f8:	e5810010 	str	r0, [r1, #16]
     1fc:	e59d0000 	ldr	r0, [sp]
     200:	e59d1004 	ldr	r1, [sp, #4]
     204:	e59fce50 	ldr	ip, [pc, #3664]	@ 0x105c
     208:	e12fff3c 	blx	ip
     20c:	e28dd008 	add	sp, sp, #8
     210:	e12fff10 	bx	r0
     214:	e52de004 	push	{lr}		@ (str lr, [sp, #-4]!)
     218:	e24dd004 	sub	sp, sp, #4
     21c:	e58d0000 	str	r0, [sp]
     220:	e30cc123 	movw	ip, #49443	@ 0xc123
     224:	e34cc456 	movt	ip, #50262	@ 0xc456
     228:	e59f0e30 	ldr	r0, [pc, #3632]	@ 0x1060
     22c:	e30ccabc 	movw	ip, #51900	@ 0xcabc
     230:	e34ccdef 	movt	ip, #52719	@ 0xcdef
     234:	e28dd004 	add	sp, sp, #4
     238:	e49df004 	pop	{pc}		@ (ldr pc, [sp], #4)
     23c:	e92d4040 	push	{r6, lr}
     240:	e24dd008 	sub	sp, sp, #8
     244:	e58d0000 	str	r0, [sp]
     248:	e30cc123 	movw	ip, #49443	@ 0xc123
     24c:	e34cc456 	movt	ip, #50262	@ 0xc456
     250:	e3a06000 	mov	r6, #0
     254:	e3a0c000 	mov	ip, #0
     258:	e35c0000 	cmp	ip, #0
     25c:	9a000011 	bls	0x2a8
     260:	e2460004 	sub	r0, r6, #4
     264:	e1a06000 	mov	r6, r0
     268:	e1a02000 	mov	r2, r0
     26c:	e5951030 	ldr	r1, [r5, #48]	@ 0x30
     270:	e59fcdb8 	ldr	ip, [pc, #3512]	@ 0x1030
     274:	e152000c 	cmp	r2, ip
     278:	8a000016 	bhi	0x2d8
     27c:	e7910002 	ldr	r0, [r1, r2]
     280:	e584000c 	str	r0, [r4, #12]
     284:	e59f0dd8 	ldr	r0, [pc, #3544]	@ 0x1064
     288:	e1a01004 	mov	r1, r4
     28c:	e59d2000 	ldr	r2, [sp]
     290:	e59fcdd0 	ldr	ip, [pc, #3536]	@ 0x1068
     294:	e12fff3c 	blx	ip
     298:	e3500000 	cmp	r0, #0
     29c:	1a000010 	bne	0x2e4
     2a0:	e3560000 	cmp	r6, #0
     2a4:	8affffed 	bhi	0x260
     2a8:	e59f0dbc 	ldr	r0, [pc, #3516]	@ 0x106c
     2ac:	e1a01004 	mov	r1, r4
     2b0:	e59d2000 	ldr	r2, [sp]
     2b4:	e59fcdb4 	ldr	ip, [pc, #3508]	@ 0x1070
     2b8:	e12fff3c 	blx	ip
     2bc:	e3500000 	cmp	r0, #0
     2c0:	1a000007 	bne	0x2e4
     2c4:	e59f0da8 	ldr	r0, [pc, #3496]	@ 0x1074
     2c8:	e30ccabc 	movw	ip, #51900	@ 0xcabc
     2cc:	e34ccdef 	movt	ip, #52719	@ 0xcdef
     2d0:	e28dd008 	add	sp, sp, #8
     2d4:	e8bd8040 	pop	{r6, pc}
     2d8:	e3a00008 	mov	r0, #8
     2dc:	e59d1000 	ldr	r1, [sp]
     2e0:	e5810010 	str	r0, [r1, #16]
     2e4:	e59d0000 	ldr	r0, [sp]
     2e8:	e59d100c 	ldr	r1, [sp, #12]
     2ec:	e59fcd84 	ldr	ip, [pc, #3460]	@ 0x1078
     2f0:	e12fff3c 	blx	ip
     2f4:	e59d6008 	ldr	r6, [sp, #8]
     2f8:	e28dd010 	add	sp, sp, #16
     2fc:	e12fff10 	bx	r0
     300:	e92d4040 	push	{r6, lr}
     304:	e24dd008 	sub	sp, sp, #8
     308:	e58d0000 	str	r0, [sp]
     30c:	e30cc123 	movw	ip, #49443	@ 0xc123
     310:	e34cc456 	movt	ip, #50262	@ 0xc456
     314:	e5946000 	ldr	r6, [r4]
     318:	e59f0d5c 	ldr	r0, [pc, #3420]	@ 0x107c
     31c:	e1a01004 	mov	r1, r4
     320:	e59d2000 	ldr	r2, [sp]
     324:	e59fcd54 	ldr	ip, [pc, #3412]	@ 0x1080
     328:	e12fff3c 	blx	ip
     32c:	e3500000 	cmp	r0, #0
     330:	1a00001d 	bne	0x3ac
     334:	e59f0d48 	ldr	r0, [pc, #3400]	@ 0x1084
     338:	e1a01004 	mov	r1, r4
     33c:	e59d2000 	ldr	r2, [sp]
     340:	e59fcd40 	ldr	ip, [pc, #3392]	@ 0x1088
     344:	e12fff3c 	blx	ip
     348:	e3500000 	cmp	r0, #0
     34c:	1a000016 	bne	0x3ac
     350:	e59f0d34 	ldr	r0, [pc, #3380]	@ 0x108c
     354:	e1a01004 	mov	r1, r4
     358:	e59d2000 	ldr	r2, [sp]
     35c:	e59fcd2c 	ldr	ip, [pc, #3372]	@ 0x1090
     360:	e12fff3c 	blx	ip
     364:	e3500000 	cmp	r0, #0
     368:	1a00000f 	bne	0x3ac
     36c:	e5846000 	str	r6, [r4]
     370:	e59f0d1c 	ldr	r0, [pc, #3356]	@ 0x1094
     374:	e1a01004 	mov	r1, r4
     378:	e59d2000 	ldr	r2, [sp]
     37c:	e59fcd14 	ldr	ip, [pc, #3348]	@ 0x1098
     380:	e12fff3c 	blx	ip
     384:	e3500000 	cmp	r0, #0
     388:	1a000007 	bne	0x3ac
     38c:	e3a00015 	mov	r0, #21
     390:	ea000003 	b	0x3a4
     394:	e30ccabc 	movw	ip, #51900	@ 0xcabc
     398:	e34ccdef 	movt	ip, #52719	@ 0xcdef
     39c:	e28dd008 	add	sp, sp, #8
     3a0:	e8bd8040 	pop	{r6, pc}
     3a4:	e59d1000 	ldr	r1, [sp]
     3a8:	e5810010 	str	r0, [r1, #16]
     3ac:	e59d0000 	ldr	r0, [sp]
     3b0:	e59d100c 	ldr	r1, [sp, #12]
     3b4:	e59fcce0 	ldr	ip, [pc, #3296]	@ 0x109c
     3b8:	e12fff3c 	blx	ip
     3bc:	e59d6008 	ldr	r6, [sp, #8]
     3c0:	e28dd010 	add	sp, sp, #16
     3c4:	e12fff10 	bx	r0
     3c8:	e52de004 	push	{lr}		@ (str lr, [sp, #-4]!)
     3cc:	e24dd004 	sub	sp, sp, #4
     3d0:	e58d0000 	str	r0, [sp]
     3d4:	e30cc123 	movw	ip, #49443	@ 0xc123
     3d8:	e34cc456 	movt	ip, #50262	@ 0xc456
     3dc:	e5940000 	ldr	r0, [r4]
     3e0:	e5840000 	str	r0, [r4]
     3e4:	e59f0cb4 	ldr	r0, [pc, #3252]	@ 0x10a0
     3e8:	e1a01004 	mov	r1, r4
     3ec:	e59d2000 	ldr	r2, [sp]
     3f0:	e59fccac 	ldr	ip, [pc, #3244]	@ 0x10a4
     3f4:	e12fff3c 	blx	ip
     3f8:	e3500000 	cmp	r0, #0
     3fc:	1a000007 	bne	0x420
     400:	e3a00015 	mov	r0, #21
     404:	ea000003 	b	0x418
     408:	e30ccabc 	movw	ip, #51900	@ 0xcabc
     40c:	e34ccdef 	movt	ip, #52719	@ 0xcdef
     410:	e28dd004 	add	sp, sp, #4
     414:	e49df004 	pop	{pc}		@ (ldr pc, [sp], #4)
     418:	e59d1000 	ldr	r1, [sp]
     41c:	e5810010 	str	r0, [r1, #16]
     420:	e59d0000 	ldr	r0, [sp]
     424:	e59d1004 	ldr	r1, [sp, #4]
     428:	e59fcc78 	ldr	ip, [pc, #3192]	@ 0x10a8
     42c:	e12fff3c 	blx	ip
     430:	e28dd008 	add	sp, sp, #8
     434:	e12fff10 	bx	r0
     438:	e92d40c0 	push	{r6, r7, lr}
     43c:	e24dd004 	sub	sp, sp, #4
     440:	e58d0000 	str	r0, [sp]
     444:	e30cc123 	movw	ip, #49443	@ 0xc123
     448:	e34cc456 	movt	ip, #50262	@ 0xc456
     44c:	e5940000 	ldr	r0, [r4]
     450:	e5941004 	ldr	r1, [r4, #4]
     454:	e595e03c 	ldr	lr, [r5, #60]	@ 0x3c
     458:	e59e2008 	ldr	r2, [lr, #8]
     45c:	e2422010 	sub	r2, r2, #16
     460:	e1a06002 	mov	r6, r2
     464:	e595303c 	ldr	r3, [r5, #60]	@ 0x3c
     468:	e5832008 	str	r2, [r3, #8]
     46c:	e1a03006 	mov	r3, r6
     470:	e5952030 	ldr	r2, [r5, #48]	@ 0x30
     474:	e293300c 	adds	r3, r3, #12
     478:	2a000019 	bcs	0x4e4
     47c:	e59fcbac 	ldr	ip, [pc, #2988]	@ 0x1030
     480:	e153000c 	cmp	r3, ip
     484:	8a000016 	bhi	0x4e4
     488:	e7821003 	str	r1, [r2, r3]
     48c:	e3a0eb42 	mov	lr, #67584	@ 0x10800
     490:	e38eefb6 	orr	lr, lr, #728	@ 0x2d8
     494:	e584e010 	str	lr, [r4, #16]
     498:	e5840000 	str	r0, [r4]
     49c:	e5841004 	str	r1, [r4, #4]
     4a0:	e59f0c04 	ldr	r0, [pc, #3076]	@ 0x10ac
     4a4:	e1a01004 	mov	r1, r4
     4a8:	e59d2000 	ldr	r2, [sp]
     4ac:	e59fcbfc 	ldr	ip, [pc, #3068]	@ 0x10b0
     4b0:	e12fff3c 	blx	ip
     4b4:	e3500000 	cmp	r0, #0
     4b8:	1a00000c 	bne	0x4f0
     4bc:	e5940014 	ldr	r0, [r4, #20]
     4c0:	e2866010 	add	r6, r6, #16
     4c4:	e595103c 	ldr	r1, [r5, #60]	@ 0x3c
     4c8:	e5816008 	str	r6, [r1, #8]
     4cc:	e5840004 	str	r0, [r4, #4]
     4d0:	e59f0bdc 	ldr	r0, [pc, #3036]	@ 0x10b4
     4d4:	e30ccabc 	movw	ip, #51900	@ 0xcabc
     4d8:	e34ccdef 	movt	ip, #52719	@ 0xcdef
     4dc:	e28dd004 	add	sp, sp, #4
     4e0:	e8bd80c0 	pop	{r6, r7, pc}
     4e4:	e3a00008 	mov	r0, #8
     4e8:	e59d1000 	ldr	r1, [sp]
     4ec:	e5810010 	str	r0, [r1, #16]
     4f0:	e59d0000 	ldr	r0, [sp]
     4f4:	e59d100c 	ldr	r1, [sp, #12]
     4f8:	e59fcbb8 	ldr	ip, [pc, #3000]	@ 0x10b8
     4fc:	e12fff3c 	blx	ip
     500:	e28dd004 	add	sp, sp, #4
     504:	e8bd00c0 	pop	{r6, r7}
     508:	e28dd004 	add	sp, sp, #4
     50c:	e12fff10 	bx	r0
     510:	e92d4fc0 	push	{r6, r7, r8, r9, sl, fp, lr}
     514:	e24dd004 	sub	sp, sp, #4
     518:	e58d0000 	str	r0, [sp]
     51c:	e30cc123 	movw	ip, #49443	@ 0xc123
     520:	e34cc456 	movt	ip, #50262	@ 0xc456
     524:	e5946000 	ldr	r6, [r4]
     528:	e5940004 	ldr	r0, [r4, #4]
     52c:	e595e03c 	ldr	lr, [r5, #60]	@ 0x3c
     530:	e59e1008 	ldr	r1, [lr, #8]
     534:	e2411020 	sub	r1, r1, #32
     538:	e584100c 	str	r1, [r4, #12]
     53c:	e595203c 	ldr	r2, [r5, #60]	@ 0x3c
     540:	e5821008 	str	r1, [r2, #8]
     544:	e1a03006 	mov	r3, r6
     548:	e5952030 	ldr	r2, [r5, #48]	@ 0x30
     54c:	e293301c 	adds	r3, r3, #28
     550:	2a000129 	bcs	0x9fc
     554:	e59fcad4 	ldr	ip, [pc, #2772]	@ 0x1030
     558:	e153000c 	cmp	r3, ip
     55c:	8a000126 	bhi	0x9fc
     560:	e7921003 	ldr	r1, [r2, r3]
     564:	e1a02001 	mov	r2, r1
     568:	e594900c 	ldr	r9, [r4, #12]
     56c:	e5953030 	ldr	r3, [r5, #48]	@ 0x30
     570:	e2999010 	adds	r9, r9, #16
     574:	2a000120 	bcs	0x9fc
     578:	e59fcab0 	ldr	ip, [pc, #2736]	@ 0x1030
     57c:	e159000c 	cmp	r9, ip
     580:	8a00011d 	bhi	0x9fc
     584:	e7831009 	str	r1, [r3, r9]
     588:	e1a09006 	mov	r9, r6
     58c:	e5953030 	ldr	r3, [r5, #48]	@ 0x30
     590:	e2999014 	adds	r9, r9, #20
     594:	2a000118 	bcs	0x9fc
     598:	e59fca90 	ldr	ip, [pc, #2704]	@ 0x1030
     59c:	e159000c 	cmp	r9, ip
     5a0:	8a000115 	bhi	0x9fc
     5a4:	e7931009 	ldr	r1, [r3, r9]
     5a8:	e594900c 	ldr	r9, [r4, #12]
     5ac:	e5953030 	ldr	r3, [r5, #48]	@ 0x30
     5b0:	e594a008 	ldr	sl, [r4, #8]
     5b4:	e299901c 	adds	r9, r9, #28
     5b8:	2a00010f 	bcs	0x9fc
     5bc:	e59fca6c 	ldr	ip, [pc, #2668]	@ 0x1030
     5c0:	e159000c 	cmp	r9, ip
     5c4:	8a00010c 	bhi	0x9fc
     5c8:	e783a009 	str	sl, [r3, r9]
     5cc:	e594900c 	ldr	r9, [r4, #12]
     5d0:	e5953030 	ldr	r3, [r5, #48]	@ 0x30
     5d4:	e2999018 	adds	r9, r9, #24
     5d8:	2a000107 	bcs	0x9fc
     5dc:	e59fca4c 	ldr	ip, [pc, #2636]	@ 0x1030
     5e0:	e159000c 	cmp	r9, ip
     5e4:	8a000104 	bhi	0x9fc
     5e8:	e7830009 	str	r0, [r3, r9]
     5ec:	e0411002 	sub	r1, r1, r2
     5f0:	e1a00001 	mov	r0, r1
     5f4:	e594300c 	ldr	r3, [r4, #12]
     5f8:	e5952030 	ldr	r2, [r5, #48]	@ 0x30
     5fc:	e2933014 	adds	r3, r3, #20
     600:	2a0000fd 	bcs	0x9fc
     604:	e59fca24 	ldr	ip, [pc, #2596]	@ 0x1030
     608:	e153000c 	cmp	r3, ip
     60c:	8a0000fa 	bhi	0x9fc
     610:	e7821003 	str	r1, [r2, r3]
     614:	e594c008 	ldr	ip, [r4, #8]
     618:	e080900c 	add	r9, r0, ip
     61c:	e594c00c 	ldr	ip, [r4, #12]
     620:	e28ca010 	add	sl, ip, #16
     624:	e3a0e002 	mov	lr, #2
     628:	e584e01c 	str	lr, [r4, #28]
     62c:	e1a02006 	mov	r2, r6
     630:	e5951030 	ldr	r1, [r5, #48]	@ 0x30
     634:	e292203c 	adds	r2, r2, #60	@ 0x3c
     638:	2a0000ef 	bcs	0x9fc
     63c:	e59fc9ec 	ldr	ip, [pc, #2540]	@ 0x1030
     640:	e152000c 	cmp	r2, ip
     644:	8a0000ec 	bhi	0x9fc
     648:	e7910002 	ldr	r0, [r1, r2]
     64c:	e594c00c 	ldr	ip, [r4, #12]
     650:	e28c1010 	add	r1, ip, #16
     654:	e594c00c 	ldr	ip, [r4, #12]
     658:	e28c200c 	add	r2, ip, #12
     65c:	e5840040 	str	r0, [r4, #64]	@ 0x40
     660:	e5841044 	str	r1, [r4, #68]	@ 0x44
     664:	e3a0e002 	mov	lr, #2
     668:	e584e02c 	str	lr, [r4, #44]	@ 0x2c
     66c:	e584204c 	str	r2, [r4, #76]	@ 0x4c
     670:	e59f0a44 	ldr	r0, [pc, #2628]	@ 0x10bc
     674:	e1a01004 	mov	r1, r4
     678:	e59d2000 	ldr	r2, [sp]
     67c:	e59fca3c 	ldr	ip, [pc, #2620]	@ 0x10c0
     680:	e12fff3c 	blx	ip
     684:	e3500000 	cmp	r0, #0
     688:	1a0000de 	bne	0xa08
     68c:	e5940040 	ldr	r0, [r4, #64]	@ 0x40
     690:	e5840040 	str	r0, [r4, #64]	@ 0x40
     694:	e59f0a28 	ldr	r0, [pc, #2600]	@ 0x10c4
     698:	e1a01004 	mov	r1, r4
     69c:	e59d2000 	ldr	r2, [sp]
     6a0:	e59fca20 	ldr	ip, [pc, #2592]	@ 0x10c8
     6a4:	e12fff3c 	blx	ip
     6a8:	e3500000 	cmp	r0, #0
     6ac:	1a0000d5 	bne	0xa08
     6b0:	e5940040 	ldr	r0, [r4, #64]	@ 0x40
     6b4:	e3500000 	cmp	r0, #0
     6b8:	0a000001 	beq	0x6c4
     6bc:	e584a014 	str	sl, [r4, #20]
     6c0:	ea000066 	b	0x860
     6c4:	e594200c 	ldr	r2, [r4, #12]
     6c8:	e5951030 	ldr	r1, [r5, #48]	@ 0x30
     6cc:	e292200c 	adds	r2, r2, #12
     6d0:	2a0000c9 	bcs	0x9fc
     6d4:	e59fc954 	ldr	ip, [pc, #2388]	@ 0x1030
     6d8:	e152000c 	cmp	r2, ip
     6dc:	8a0000c6 	bhi	0x9fc
     6e0:	e7910002 	ldr	r0, [r1, r2]
     6e4:	e1a01000 	mov	r1, r0
     6e8:	e1590000 	cmp	r9, r0
     6ec:	0a00005d 	beq	0x868
     6f0:	e3710001 	cmn	r1, #1
     6f4:	ca000001 	bgt	0x700
     6f8:	e584a014 	str	sl, [r4, #20]
     6fc:	ea000085 	b	0x918
     700:	e1a0300a 	mov	r3, sl
     704:	e5952030 	ldr	r2, [r5, #48]	@ 0x30
     708:	e2933004 	adds	r3, r3, #4
     70c:	2a0000ba 	bcs	0x9fc
     710:	e59fc918 	ldr	ip, [pc, #2328]	@ 0x1030
     714:	e153000c 	cmp	r3, ip
     718:	8a0000b7 	bhi	0x9fc
     71c:	e7920003 	ldr	r0, [r2, r3]
     720:	e1a02000 	mov	r2, r0
     724:	e1510000 	cmp	r1, r0
     728:	e3a00000 	mov	r0, #0
     72c:	83a00001 	movhi	r0, #1
     730:	e1a03000 	mov	r3, r0
     734:	e3500000 	cmp	r0, #0
     738:	e3a07008 	mov	r7, #8
     73c:	03a07000 	moveq	r7, #0
     740:	e08a7007 	add	r7, sl, r7
     744:	e5847014 	str	r7, [r4, #20]
     748:	e594b014 	ldr	fp, [r4, #20]
     74c:	e5958030 	ldr	r8, [r5, #48]	@ 0x30
     750:	e59fc8d8 	ldr	ip, [pc, #2264]	@ 0x1030
     754:	e15b000c 	cmp	fp, ip
     758:	8a0000a7 	bhi	0x9fc
     75c:	e798000b 	ldr	r0, [r8, fp]
     760:	e3530000 	cmp	r3, #0
     764:	03a02000 	moveq	r2, #0
     768:	e0412002 	sub	r2, r1, r2
     76c:	e1a08002 	mov	r8, r2
     770:	e0800002 	add	r0, r0, r2
     774:	e5952030 	ldr	r2, [r5, #48]	@ 0x30
     778:	e59fc8b0 	ldr	ip, [pc, #2224]	@ 0x1030
     77c:	e157000c 	cmp	r7, ip
     780:	8a00009d 	bhi	0x9fc
     784:	e7820007 	str	r0, [r2, r7]
     788:	e3530000 	cmp	r3, #0
     78c:	e3a0000c 	mov	r0, #12
     790:	03a00004 	moveq	r0, #4
     794:	e08a0000 	add	r0, sl, r0
     798:	e1a02000 	mov	r2, r0
     79c:	e1a0b002 	mov	fp, r2
     7a0:	e5957030 	ldr	r7, [r5, #48]	@ 0x30
     7a4:	e59fc884 	ldr	ip, [pc, #2180]	@ 0x1030
     7a8:	e15b000c 	cmp	fp, ip
     7ac:	8a000092 	bhi	0x9fc
     7b0:	e797200b 	ldr	r2, [r7, fp]
     7b4:	e0422008 	sub	r2, r2, r8
     7b8:	e5957030 	ldr	r7, [r5, #48]	@ 0x30
     7bc:	e59fc86c 	ldr	ip, [pc, #2156]	@ 0x1030
     7c0:	e150000c 	cmp	r0, ip
     7c4:	8a00008c 	bhi	0x9fc
     7c8:	e7872000 	str	r2, [r7, r0]
     7cc:	e0499001 	sub	r9, r9, r1
     7d0:	e594a014 	ldr	sl, [r4, #20]
     7d4:	e1a02006 	mov	r2, r6
     7d8:	e5951030 	ldr	r1, [r5, #48]	@ 0x30
     7dc:	e292203c 	adds	r2, r2, #60	@ 0x3c
     7e0:	2a000085 	bcs	0x9fc
     7e4:	e59fc844 	ldr	ip, [pc, #2116]	@ 0x1030
     7e8:	e152000c 	cmp	r2, ip
     7ec:	8a000082 	bhi	0x9fc
     7f0:	e7910002 	ldr	r0, [r1, r2]
     7f4:	e594c01c 	ldr	ip, [r4, #28]
     7f8:	e04c3003 	sub	r3, ip, r3
     7fc:	e584301c 	str	r3, [r4, #28]
     800:	e594c00c 	ldr	ip, [r4, #12]
     804:	e28c100c 	add	r1, ip, #12
     808:	e5840040 	str	r0, [r4, #64]	@ 0x40
     80c:	e5843048 	str	r3, [r4, #72]	@ 0x48
     810:	e584104c 	str	r1, [r4, #76]	@ 0x4c
     814:	e59f08b0 	ldr	r0, [pc, #2224]	@ 0x10cc
     818:	e1a01004 	mov	r1, r4
     81c:	e59d2000 	ldr	r2, [sp]
     820:	e59fc8a8 	ldr	ip, [pc, #2216]	@ 0x10d0
     824:	e12fff3c 	blx	ip
     828:	e3500000 	cmp	r0, #0
     82c:	1a000075 	bne	0xa08
     830:	e5940040 	ldr	r0, [r4, #64]	@ 0x40
     834:	e5840040 	str	r0, [r4, #64]	@ 0x40
     838:	e59f0894 	ldr	r0, [pc, #2196]	@ 0x10d4
     83c:	e1a01004 	mov	r1, r4
     840:	e59d2000 	ldr	r2, [sp]
     844:	e59fc88c 	ldr	ip, [pc, #2188]	@ 0x10d8
     848:	e12fff3c 	blx	ip
     84c:	e3500000 	cmp	r0, #0
     850:	1a00006c 	bne	0xa08
     854:	e5940040 	ldr	r0, [r4, #64]	@ 0x40
     858:	e3500000 	cmp	r0, #0
     85c:	0affff98 	beq	0x6c4
     860:	e3790001 	cmn	r9, #1
     864:	1a00002b 	bne	0x918
     868:	e1a02006 	mov	r2, r6
     86c:	e5951030 	ldr	r1, [r5, #48]	@ 0x30
     870:	e292202c 	adds	r2, r2, #44	@ 0x2c
     874:	2a000060 	bcs	0x9fc
     878:	e59fc7b0 	ldr	ip, [pc, #1968]	@ 0x1030
     87c:	e152000c 	cmp	r2, ip
     880:	8a00005d 	bhi	0x9fc
     884:	e7910002 	ldr	r0, [r1, r2]
     888:	e1a01000 	mov	r1, r0
     88c:	e1a03006 	mov	r3, r6
     890:	e5952030 	ldr	r2, [r5, #48]	@ 0x30
     894:	e293301c 	adds	r3, r3, #28
     898:	2a000057 	bcs	0x9fc
     89c:	e59fc78c 	ldr	ip, [pc, #1932]	@ 0x1030
     8a0:	e153000c 	cmp	r3, ip
     8a4:	8a000054 	bhi	0x9fc
     8a8:	e7820003 	str	r0, [r2, r3]
     8ac:	e1a02006 	mov	r2, r6
     8b0:	e5950030 	ldr	r0, [r5, #48]	@ 0x30
     8b4:	e2922014 	adds	r2, r2, #20
     8b8:	2a00004f 	bcs	0x9fc
     8bc:	e59fc76c 	ldr	ip, [pc, #1900]	@ 0x1030
     8c0:	e152000c 	cmp	r2, ip
     8c4:	8a00004c 	bhi	0x9fc
     8c8:	e7801002 	str	r1, [r0, r2]
     8cc:	e1a03006 	mov	r3, r6
     8d0:	e5952030 	ldr	r2, [r5, #48]	@ 0x30
     8d4:	e2933030 	adds	r3, r3, #48	@ 0x30
     8d8:	2a000047 	bcs	0x9fc
     8dc:	e59fc74c 	ldr	ip, [pc, #1868]	@ 0x1030
     8e0:	e153000c 	cmp	r3, ip
     8e4:	8a000044 	bhi	0x9fc
     8e8:	e7920003 	ldr	r0, [r2, r3]
     8ec:	e0811000 	add	r1, r1, r0
     8f0:	e1a02006 	mov	r2, r6
     8f4:	e5950030 	ldr	r0, [r5, #48]	@ 0x30
     8f8:	e2922010 	adds	r2, r2, #16
     8fc:	2a00003e 	bcs	0x9fc
     900:	e59fc728 	ldr	ip, [pc, #1832]	@ 0x1030
     904:	e152000c 	cmp	r2, ip
     908:	8a00003b 	bhi	0x9fc
     90c:	e7801002 	str	r1, [r0, r2]
     910:	e5940008 	ldr	r0, [r4, #8]
     914:	ea00002e 	b	0x9d4
     918:	e3a00000 	mov	r0, #0
     91c:	e1a02006 	mov	r2, r6
     920:	e5951030 	ldr	r1, [r5, #48]	@ 0x30
     924:	e292201c 	adds	r2, r2, #28
     928:	2a000033 	bcs	0x9fc
     92c:	e59fc6fc 	ldr	ip, [pc, #1788]	@ 0x1030
     930:	e152000c 	cmp	r2, ip
     934:	8a000030 	bhi	0x9fc
     938:	e3a0e000 	mov	lr, #0
     93c:	e781e002 	str	lr, [r1, r2]
     940:	e1a02006 	mov	r2, r6
     944:	e5951030 	ldr	r1, [r5, #48]	@ 0x30
     948:	e2922010 	adds	r2, r2, #16
     94c:	2a00002a 	bcs	0x9fc
     950:	e59fc784 	ldr	ip, [pc, #1924]	@ 0x10dc
     954:	e152000c 	cmp	r2, ip
     958:	8a000027 	bhi	0x9fc
     95c:	e0811002 	add	r1, r1, r2
     960:	e3a02000 	mov	r2, #0
     964:	e3a03000 	mov	r3, #0
     968:	e5813000 	str	r3, [r1]
     96c:	e5812004 	str	r2, [r1, #4]
     970:	e1a03006 	mov	r3, r6
     974:	e5952030 	ldr	r2, [r5, #48]	@ 0x30
     978:	e59fc6b0 	ldr	ip, [pc, #1712]	@ 0x1030
     97c:	e153000c 	cmp	r3, ip
     980:	8a00001d 	bhi	0x9fc
     984:	e7921003 	ldr	r1, [r2, r3]
     988:	e3811020 	orr	r1, r1, #32
     98c:	e5952030 	ldr	r2, [r5, #48]	@ 0x30
     990:	e59fc698 	ldr	ip, [pc, #1688]	@ 0x1030
     994:	e156000c 	cmp	r6, ip
     998:	8a000017 	bhi	0x9fc
     99c:	e7821006 	str	r1, [r2, r6]
     9a0:	e594c01c 	ldr	ip, [r4, #28]
     9a4:	e35c0002 	cmp	ip, #2
     9a8:	0a000009 	beq	0x9d4
     9ac:	e5943014 	ldr	r3, [r4, #20]
     9b0:	e5952030 	ldr	r2, [r5, #48]	@ 0x30
     9b4:	e2933004 	adds	r3, r3, #4
     9b8:	2a00000f 	bcs	0x9fc
     9bc:	e59fc66c 	ldr	ip, [pc, #1644]	@ 0x1030
     9c0:	e153000c 	cmp	r3, ip
     9c4:	8a00000c 	bhi	0x9fc
     9c8:	e7921003 	ldr	r1, [r2, r3]
     9cc:	e594c008 	ldr	ip, [r4, #8]
     9d0:	e04c0001 	sub	r0, ip, r1
     9d4:	e594c00c 	ldr	ip, [r4, #12]
     9d8:	e28c1020 	add	r1, ip, #32
     9dc:	e595203c 	ldr	r2, [r5, #60]	@ 0x3c
     9e0:	e5821008 	str	r1, [r2, #8]
     9e4:	e5840004 	str	r0, [r4, #4]
     9e8:	e59f06f0 	ldr	r0, [pc, #1776]	@ 0x10e0
     9ec:	e30ccabc 	movw	ip, #51900	@ 0xcabc
     9f0:	e34ccdef 	movt	ip, #52719	@ 0xcdef
     9f4:	e28dd004 	add	sp, sp, #4
     9f8:	e8bd8fc0 	pop	{r6, r7, r8, r9, sl, fp, pc}
     9fc:	e3a00008 	mov	r0, #8
     a00:	e59d1000 	ldr	r1, [sp]
     a04:	e5810010 	str	r0, [r1, #16]
     a08:	e59d0000 	ldr	r0, [sp]
     a0c:	e59d101c 	ldr	r1, [sp, #28]
     a10:	e59fc6cc 	ldr	ip, [pc, #1740]	@ 0x10e4
     a14:	e12fff3c 	blx	ip
     a18:	e28dd004 	add	sp, sp, #4
     a1c:	e8bd0fc0 	pop	{r6, r7, r8, r9, sl, fp}
     a20:	e28dd004 	add	sp, sp, #4
     a24:	e12fff10 	bx	r0
     a28:	e52de004 	push	{lr}		@ (str lr, [sp, #-4]!)
     a2c:	e24dd004 	sub	sp, sp, #4
     a30:	e58d0000 	str	r0, [sp]
     a34:	e30cc123 	movw	ip, #49443	@ 0xc123
     a38:	e34cc456 	movt	ip, #50262	@ 0xc456
     a3c:	e3a0e000 	mov	lr, #0
     a40:	e584e004 	str	lr, [r4, #4]
     a44:	e59f069c 	ldr	r0, [pc, #1692]	@ 0x10e8
     a48:	e30ccabc 	movw	ip, #51900	@ 0xcabc
     a4c:	e34ccdef 	movt	ip, #52719	@ 0xcdef
     a50:	e28dd004 	add	sp, sp, #4
     a54:	e49df004 	pop	{pc}		@ (ldr pc, [sp], #4)
     a58:	e52de004 	push	{lr}		@ (str lr, [sp, #-4]!)
     a5c:	e24dd004 	sub	sp, sp, #4
     a60:	e58d0000 	str	r0, [sp]
     a64:	e30cc123 	movw	ip, #49443	@ 0xc123
     a68:	e34cc456 	movt	ip, #50262	@ 0xc456
     a6c:	e3a0e000 	mov	lr, #0
     a70:	e584e010 	str	lr, [r4, #16]
     a74:	e3a0e000 	mov	lr, #0
     a78:	e584e014 	str	lr, [r4, #20]
     a7c:	e3a009fd 	mov	r0, #4145152	@ 0x3f4000
     a80:	e3800dbc 	orr	r0, r0, #188, 26	@ 0x2f00
     a84:	e30ccabc 	movw	ip, #51900	@ 0xcabc
     a88:	e34ccdef 	movt	ip, #52719	@ 0xcdef
     a8c:	e28dd004 	add	sp, sp, #4
     a90:	e49df004 	pop	{pc}		@ (ldr pc, [sp], #4)
     a94:	e52de004 	push	{lr}		@ (str lr, [sp, #-4]!)
     a98:	e24dd004 	sub	sp, sp, #4
     a9c:	e58d0000 	str	r0, [sp]
     aa0:	e30cc123 	movw	ip, #49443	@ 0xc123
     aa4:	e34cc456 	movt	ip, #50262	@ 0xc456
     aa8:	e3a0e001 	mov	lr, #1
     aac:	e584e004 	str	lr, [r4, #4]
     ab0:	e59f0634 	ldr	r0, [pc, #1588]	@ 0x10ec
     ab4:	e30ccabc 	movw	ip, #51900	@ 0xcabc
     ab8:	e34ccdef 	movt	ip, #52719	@ 0xcdef
     abc:	e28dd004 	add	sp, sp, #4
     ac0:	e49df004 	pop	{pc}		@ (ldr pc, [sp], #4)
     ac4:	e52de004 	push	{lr}		@ (str lr, [sp, #-4]!)
     ac8:	e24dd004 	sub	sp, sp, #4
     acc:	e58d0000 	str	r0, [sp]
     ad0:	e30cc123 	movw	ip, #49443	@ 0xc123
     ad4:	e34cc456 	movt	ip, #50262	@ 0xc456
     ad8:	e59f0610 	ldr	r0, [pc, #1552]	@ 0x10f0
     adc:	e30ccabc 	movw	ip, #51900	@ 0xcabc
     ae0:	e34ccdef 	movt	ip, #52719	@ 0xcdef
     ae4:	e28dd004 	add	sp, sp, #4
     ae8:	e49df004 	pop	{pc}		@ (ldr pc, [sp], #4)
     aec:	e52de004 	push	{lr}		@ (str lr, [sp, #-4]!)
     af0:	e24dd004 	sub	sp, sp, #4
     af4:	e58d0000 	str	r0, [sp]
     af8:	e30cc123 	movw	ip, #49443	@ 0xc123
     afc:	e34cc456 	movt	ip, #50262	@ 0xc456
     b00:	e3a0eb44 	mov	lr, #68, 22	@ 0x11000
     b04:	e38ee160 	orr	lr, lr, #96, 2
     b08:	e584e000 	str	lr, [r4]
     b0c:	e59f05e0 	ldr	r0, [pc, #1504]	@ 0x10f4
     b10:	e30ccabc 	movw	ip, #51900	@ 0xcabc
     b14:	e34ccdef 	movt	ip, #52719	@ 0xcdef
     b18:	e28dd004 	add	sp, sp, #4
     b1c:	e49df004 	pop	{pc}		@ (ldr pc, [sp], #4)
     b20:	e92d4040 	push	{r6, lr}
     b24:	e24dd010 	sub	sp, sp, #16
     b28:	e58d0000 	str	r0, [sp]
     b2c:	e30cc123 	movw	ip, #49443	@ 0xc123
     b30:	e34cc456 	movt	ip, #50262	@ 0xc456
     b34:	e5946000 	ldr	r6, [r4]
     b38:	e5940004 	ldr	r0, [r4, #4]
     b3c:	e5941008 	ldr	r1, [r4, #8]
     b40:	e3510000 	cmp	r1, #0
     b44:	0a00000b 	beq	0xb78
     b48:	e1a02001 	mov	r2, r1
     b4c:	e1a01000 	mov	r1, r0
     b50:	e1a00006 	mov	r0, r6
     b54:	e28d3004 	add	r3, sp, #4
     b58:	e595e028 	ldr	lr, [r5, #40]	@ 0x28
     b5c:	e58de004 	str	lr, [sp, #4]
     b60:	e595e028 	ldr	lr, [r5, #40]	@ 0x28
     b64:	e58de008 	str	lr, [sp, #8]
     b68:	e59fc588 	ldr	ip, [pc, #1416]	@ 0x10f8
     b6c:	e12fff3c 	blx	ip
     b70:	e3500000 	cmp	r0, #0
     b74:	1a000005 	bne	0xb90
     b78:	e5846000 	str	r6, [r4]
     b7c:	e59f0578 	ldr	r0, [pc, #1400]	@ 0x10fc
     b80:	e30ccabc 	movw	ip, #51900	@ 0xcabc
     b84:	e34ccdef 	movt	ip, #52719	@ 0xcdef
     b88:	e28dd010 	add	sp, sp, #16
     b8c:	e8bd8040 	pop	{r6, pc}
     b90:	e59d1000 	ldr	r1, [sp]
     b94:	e5810010 	str	r0, [r1, #16]
     b98:	e59d0000 	ldr	r0, [sp]
     b9c:	e59d1014 	ldr	r1, [sp, #20]
     ba0:	e59fc558 	ldr	ip, [pc, #1368]	@ 0x1100
     ba4:	e12fff3c 	blx	ip
     ba8:	e59d6010 	ldr	r6, [sp, #16]
     bac:	e28dd018 	add	sp, sp, #24
     bb0:	e12fff10 	bx	r0
     bb4:	e92d4fc0 	push	{r6, r7, r8, r9, sl, fp, lr}
     bb8:	e24dd004 	sub	sp, sp, #4
     bbc:	e58d0000 	str	r0, [sp]
     bc0:	e30cc123 	movw	ip, #49443	@ 0xc123
     bc4:	e34cc456 	movt	ip, #50262	@ 0xc456
     bc8:	e5940000 	ldr	r0, [r4]
     bcc:	e5941004 	ldr	r1, [r4, #4]
     bd0:	e5942008 	ldr	r2, [r4, #8]
     bd4:	e3520f80 	cmp	r2, #128, 30	@ 0x200
     bd8:	3a00000d 	bcc	0xc14
     bdc:	e5840000 	str	r0, [r4]
     be0:	e5841004 	str	r1, [r4, #4]
     be4:	e5842008 	str	r2, [r4, #8]
     be8:	e59f0514 	ldr	r0, [pc, #1300]	@ 0x1104
     bec:	e1a01004 	mov	r1, r4
     bf0:	e59d2000 	ldr	r2, [sp]
     bf4:	e59fc50c 	ldr	ip, [pc, #1292]	@ 0x1108
     bf8:	e12fff3c 	blx	ip
     bfc:	e3500000 	cmp	r0, #0
     c00:	1a0001f2 	bne	0x13d0
     c04:	e5943030 	ldr	r3, [r4, #48]	@ 0x30
     c08:	e5843030 	str	r3, [r4, #48]	@ 0x30
     c0c:	e59f04f8 	ldr	r0, [pc, #1272]	@ 0x110c
     c10:	ea0001e9 	b	0x13bc
     c14:	e0803002 	add	r3, r0, r2
     c18:	e0216000 	eor	r6, r1, r0
     c1c:	e3160003 	tst	r6, #3
     c20:	1a000178 	bne	0x1208
     c24:	e3100003 	tst	r0, #3
     c28:	1a000001 	bne	0xc34
     c2c:	e1a06000 	mov	r6, r0
     c30:	ea000019 	b	0xc9c
     c34:	e3520000 	cmp	r2, #0
     c38:	1a000001 	bne	0xc44
     c3c:	e1a06000 	mov	r6, r0
     c40:	ea000015 	b	0xc9c
     c44:	e1a06000 	mov	r6, r0
     c48:	e1a09001 	mov	r9, r1
     c4c:	e5958030 	ldr	r8, [r5, #48]	@ 0x30
     c50:	e3e0c4fe 	mvn	ip, #-33554432	@ 0xfe000000
     c54:	e3ccc8fe 	bic	ip, ip, #16646144	@ 0xfe0000
     c58:	e159000c 	cmp	r9, ip
     c5c:	8a0001d8 	bhi	0x13c4
     c60:	e7d87009 	ldrb	r7, [r8, r9]
     c64:	e1a09006 	mov	r9, r6
     c68:	e5958030 	ldr	r8, [r5, #48]	@ 0x30
     c6c:	e3e0c4fe 	mvn	ip, #-33554432	@ 0xfe000000
     c70:	e3ccc8fe 	bic	ip, ip, #16646144	@ 0xfe0000
     c74:	e159000c 	cmp	r9, ip
     c78:	8a0001d1 	bhi	0x13c4
     c7c:	e7c87009 	strb	r7, [r8, r9]
     c80:	e2811001 	add	r1, r1, #1
     c84:	e2867001 	add	r7, r6, #1
     c88:	e1a06007 	mov	r6, r7
     c8c:	e3170003 	tst	r7, #3
     c90:	0a000001 	beq	0xc9c
     c94:	e1560003 	cmp	r6, r3
     c98:	3affffea 	bcc	0xc48
     c9c:	e3c37003 	bic	r7, r3, #3
     ca0:	e3530040 	cmp	r3, #64	@ 0x40
     ca4:	3a000143 	bcc	0x11b8
     ca8:	e2478040 	sub	r8, r7, #64	@ 0x40
     cac:	e1a09008 	mov	r9, r8
     cb0:	e1560008 	cmp	r6, r8
     cb4:	8a00013f 	bhi	0x11b8
     cb8:	e1a0b001 	mov	fp, r1
     cbc:	e595a030 	ldr	sl, [r5, #48]	@ 0x30
     cc0:	e59fc368 	ldr	ip, [pc, #872]	@ 0x1030
     cc4:	e15b000c 	cmp	fp, ip
     cc8:	8a0001bd 	bhi	0x13c4
     ccc:	e79a800b 	ldr	r8, [sl, fp]
     cd0:	e1a0b006 	mov	fp, r6
     cd4:	e595a030 	ldr	sl, [r5, #48]	@ 0x30
     cd8:	e59fc350 	ldr	ip, [pc, #848]	@ 0x1030
     cdc:	e15b000c 	cmp	fp, ip
     ce0:	8a0001b7 	bhi	0x13c4
     ce4:	e78a800b 	str	r8, [sl, fp]
     ce8:	e1a0b001 	mov	fp, r1
     cec:	e595a030 	ldr	sl, [r5, #48]	@ 0x30
     cf0:	e29bb004 	adds	fp, fp, #4
     cf4:	2a0001b2 	bcs	0x13c4
     cf8:	e59fc330 	ldr	ip, [pc, #816]	@ 0x1030
     cfc:	e15b000c 	cmp	fp, ip
     d00:	8a0001af 	bhi	0x13c4
     d04:	e79a800b 	ldr	r8, [sl, fp]
     d08:	e1a0b006 	mov	fp, r6
     d0c:	e595a030 	ldr	sl, [r5, #48]	@ 0x30
     d10:	e29bb004 	adds	fp, fp, #4
     d14:	2a0001aa 	bcs	0x13c4
     d18:	e59fc310 	ldr	ip, [pc, #784]	@ 0x1030
     d1c:	e15b000c 	cmp	fp, ip
     d20:	8a0001a7 	bhi	0x13c4
     d24:	e78a800b 	str	r8, [sl, fp]
     d28:	e1a0b001 	mov	fp, r1
     d2c:	e595a030 	ldr	sl, [r5, #48]	@ 0x30
     d30:	e29bb008 	adds	fp, fp, #8
     d34:	2a0001a2 	bcs	0x13c4
     d38:	e59fc2f0 	ldr	ip, [pc, #752]	@ 0x1030
     d3c:	e15b000c 	cmp	fp, ip
     d40:	8a00019f 	bhi	0x13c4
     d44:	e79a800b 	ldr	r8, [sl, fp]
     d48:	e1a0b006 	mov	fp, r6
     d4c:	e595a030 	ldr	sl, [r5, #48]	@ 0x30
     d50:	e29bb008 	adds	fp, fp, #8
     d54:	2a00019a 	bcs	0x13c4
     d58:	e59fc2d0 	ldr	ip, [pc, #720]	@ 0x1030
     d5c:	e15b000c 	cmp	fp, ip
     d60:	8a000197 	bhi	0x13c4
     d64:	e78a800b 	str	r8, [sl, fp]
     d68:	e1a0b001 	mov	fp, r1
     d6c:	e595a030 	ldr	sl, [r5, #48]	@ 0x30
     d70:	e29bb00c 	adds	fp, fp, #12
     d74:	2a000192 	bcs	0x13c4
     d78:	e59fc2b0 	ldr	ip, [pc, #688]	@ 0x1030
     d7c:	e15b000c 	cmp	fp, ip
     d80:	8a00018f 	bhi	0x13c4
     d84:	e79a800b 	ldr	r8, [sl, fp]
     d88:	e1a0b006 	mov	fp, r6
     d8c:	e595a030 	ldr	sl, [r5, #48]	@ 0x30
     d90:	e29bb00c 	adds	fp, fp, #12
     d94:	2a00018a 	bcs	0x13c4
     d98:	e59fc290 	ldr	ip, [pc, #656]	@ 0x1030
     d9c:	e15b000c 	cmp	fp, ip
     da0:	8a000187 	bhi	0x13c4
     da4:	e78a800b 	str	r8, [sl, fp]
     da8:	e1a0b001 	mov	fp, r1
     dac:	e595a030 	ldr	sl, [r5, #48]	@ 0x30
     db0:	e29bb010 	adds	fp, fp, #16
     db4:	2a000182 	bcs	0x13c4
     db8:	e59fc270 	ldr	ip, [pc, #624]	@ 0x1030
     dbc:	e15b000c 	cmp	fp, ip
     dc0:	8a00017f 	bhi	0x13c4
     dc4:	e79a800b 	ldr	r8, [sl, fp]
     dc8:	e1a0b006 	mov	fp, r6
     dcc:	e595a030 	ldr	sl, [r5, #48]	@ 0x30
     dd0:	e29bb010 	adds	fp, fp, #16
     dd4:	2a00017a 	bcs	0x13c4
     dd8:	e59fc250 	ldr	ip, [pc, #592]	@ 0x1030
     ddc:	e15b000c 	cmp	fp, ip
     de0:	8a000177 	bhi	0x13c4
     de4:	e78a800b 	str	r8, [sl, fp]
     de8:	e1a0b001 	mov	fp, r1
     dec:	e595a030 	ldr	sl, [r5, #48]	@ 0x30
     df0:	e29bb014 	adds	fp, fp, #20
     df4:	2a000172 	bcs	0x13c4
     df8:	e59fc230 	ldr	ip, [pc, #560]	@ 0x1030
     dfc:	e15b000c 	cmp	fp, ip
     e00:	8a00016f 	bhi	0x13c4
     e04:	e79a800b 	ldr	r8, [sl, fp]
     e08:	e1a0b006 	mov	fp, r6
     e0c:	e595a030 	ldr	sl, [r5, #48]	@ 0x30
     e10:	e29bb014 	adds	fp, fp, #20
     e14:	2a00016a 	bcs	0x13c4
     e18:	e59fc210 	ldr	ip, [pc, #528]	@ 0x1030
     e1c:	e15b000c 	cmp	fp, ip
     e20:	8a000167 	bhi	0x13c4
     e24:	e78a800b 	str	r8, [sl, fp]
     e28:	e1a0b001 	mov	fp, r1
     e2c:	e595a030 	ldr	sl, [r5, #48]	@ 0x30
     e30:	e29bb018 	adds	fp, fp, #24
     e34:	2a000162 	bcs	0x13c4
     e38:	e59fc1f0 	ldr	ip, [pc, #496]	@ 0x1030
     e3c:	e15b000c 	cmp	fp, ip
     e40:	8a00015f 	bhi	0x13c4
     e44:	e79a800b 	ldr	r8, [sl, fp]
     e48:	e1a0b006 	mov	fp, r6
     e4c:	e595a030 	ldr	sl, [r5, #48]	@ 0x30
     e50:	e29bb018 	adds	fp, fp, #24
     e54:	2a00015a 	bcs	0x13c4
     e58:	e59fc1d0 	ldr	ip, [pc, #464]	@ 0x1030
     e5c:	e15b000c 	cmp	fp, ip
     e60:	8a000157 	bhi	0x13c4
     e64:	e78a800b 	str	r8, [sl, fp]
     e68:	e1a0b001 	mov	fp, r1
     e6c:	e595a030 	ldr	sl, [r5, #48]	@ 0x30
     e70:	e29bb01c 	adds	fp, fp, #28
     e74:	2a000152 	bcs	0x13c4
     e78:	e59fc1b0 	ldr	ip, [pc, #432]	@ 0x1030
     e7c:	e15b000c 	cmp	fp, ip
     e80:	8a00014f 	bhi	0x13c4
     e84:	e79a800b 	ldr	r8, [sl, fp]
     e88:	e1a0b006 	mov	fp, r6
     e8c:	e595a030 	ldr	sl, [r5, #48]	@ 0x30
     e90:	e29bb01c 	adds	fp, fp, #28
     e94:	2a00014a 	bcs	0x13c4
     e98:	e59fc190 	ldr	ip, [pc, #400]	@ 0x1030
     e9c:	e15b000c 	cmp	fp, ip
     ea0:	8a000147 	bhi	0x13c4
     ea4:	e78a800b 	str	r8, [sl, fp]
     ea8:	e1a0b001 	mov	fp, r1
     eac:	e595a030 	ldr	sl, [r5, #48]	@ 0x30
     eb0:	e29bb020 	adds	fp, fp, #32
     eb4:	2a000142 	bcs	0x13c4
     eb8:	e59fc170 	ldr	ip, [pc, #368]	@ 0x1030
     ebc:	e15b000c 	cmp	fp, ip
     ec0:	8a00013f 	bhi	0x13c4
     ec4:	e79a800b 	ldr	r8, [sl, fp]
     ec8:	e1a0b006 	mov	fp, r6
     ecc:	e595a030 	ldr	sl, [r5, #48]	@ 0x30
     ed0:	e29bb020 	adds	fp, fp, #32
     ed4:	2a00013a 	bcs	0x13c4
     ed8:	e59fc150 	ldr	ip, [pc, #336]	@ 0x1030
     edc:	e15b000c 	cmp	fp, ip
     ee0:	8a000137 	bhi	0x13c4
     ee4:	e78a800b 	str	r8, [sl, fp]
     ee8:	e1a0b001 	mov	fp, r1
     eec:	e595a030 	ldr	sl, [r5, #48]	@ 0x30
     ef0:	e29bb024 	adds	fp, fp, #36	@ 0x24
     ef4:	2a000132 	bcs	0x13c4
     ef8:	e59fc130 	ldr	ip, [pc, #304]	@ 0x1030
     efc:	e15b000c 	cmp	fp, ip
     f00:	8a00012f 	bhi	0x13c4
     f04:	e79a800b 	ldr	r8, [sl, fp]
     f08:	e1a0b006 	mov	fp, r6
     f0c:	e595a030 	ldr	sl, [r5, #48]	@ 0x30
     f10:	e29bb024 	adds	fp, fp, #36	@ 0x24
     f14:	2a00012a 	bcs	0x13c4
     f18:	e59fc110 	ldr	ip, [pc, #272]	@ 0x1030
     f1c:	e15b000c 	cmp	fp, ip
     f20:	8a000127 	bhi	0x13c4
     f24:	e78a800b 	str	r8, [sl, fp]
     f28:	e1a0b001 	mov	fp, r1
     f2c:	e595a030 	ldr	sl, [r5, #48]	@ 0x30
     f30:	e29bb028 	adds	fp, fp, #40	@ 0x28
     f34:	2a000122 	bcs	0x13c4
     f38:	e59fc0f0 	ldr	ip, [pc, #240]	@ 0x1030
     f3c:	e15b000c 	cmp	fp, ip
     f40:	8a00011f 	bhi	0x13c4
     f44:	e79a800b 	ldr	r8, [sl, fp]
     f48:	e1a0b006 	mov	fp, r6
     f4c:	e595a030 	ldr	sl, [r5, #48]	@ 0x30
     f50:	e29bb028 	adds	fp, fp, #40	@ 0x28
     f54:	2a00011a 	bcs	0x13c4
     f58:	e59fc0d0 	ldr	ip, [pc, #208]	@ 0x1030
     f5c:	e15b000c 	cmp	fp, ip
     f60:	8a000117 	bhi	0x13c4
     f64:	e78a800b 	str	r8, [sl, fp]
     f68:	e1a0b001 	mov	fp, r1
     f6c:	e595a030 	ldr	sl, [r5, #48]	@ 0x30
     f70:	e29bb02c 	adds	fp, fp, #44	@ 0x2c
     f74:	2a000112 	bcs	0x13c4
     f78:	e59fc0b0 	ldr	ip, [pc, #176]	@ 0x1030
     f7c:	e15b000c 	cmp	fp, ip
     f80:	8a00010f 	bhi	0x13c4
     f84:	e79a800b 	ldr	r8, [sl, fp]
     f88:	e1a0b006 	mov	fp, r6
     f8c:	e595a030 	ldr	sl, [r5, #48]	@ 0x30
     f90:	e29bb02c 	adds	fp, fp, #44	@ 0x2c
     f94:	2a00010a 	bcs	0x13c4
     f98:	e59fc090 	ldr	ip, [pc, #144]	@ 0x1030
     f9c:	e15b000c 	cmp	fp, ip
     fa0:	8a000107 	bhi	0x13c4
     fa4:	e78a800b 	str	r8, [sl, fp]
     fa8:	e1a0b001 	mov	fp, r1
     fac:	e595a030 	ldr	sl, [r5, #48]	@ 0x30
     fb0:	e29bb030 	adds	fp, fp, #48	@ 0x30
     fb4:	2a000102 	bcs	0x13c4
     fb8:	e59fc070 	ldr	ip, [pc, #112]	@ 0x1030
     fbc:	e15b000c 	cmp	fp, ip
     fc0:	8a0000ff 	bhi	0x13c4
     fc4:	e79a800b 	ldr	r8, [sl, fp]
     fc8:	e1a0b006 	mov	fp, r6
     fcc:	e595a030 	ldr	sl, [r5, #48]	@ 0x30
     fd0:	e29bb030 	adds	fp, fp, #48	@ 0x30
     fd4:	2a0000fa 	bcs	0x13c4
     fd8:	e59fc050 	ldr	ip, [pc, #80]	@ 0x1030
     fdc:	e15b000c 	cmp	fp, ip
     fe0:	8a0000f7 	bhi	0x13c4
     fe4:	e78a800b 	str	r8, [sl, fp]
     fe8:	e1a0b001 	mov	fp, r1
     fec:	e595a030 	ldr	sl, [r5, #48]	@ 0x30
     ff0:	e29bb034 	adds	fp, fp, #52	@ 0x34
     ff4:	2a0000f2 	bcs	0x13c4
     ff8:	e59fc030 	ldr	ip, [pc, #48]	@ 0x1030
     ffc:	e15b000c 	cmp	fp, ip
    1000:	8a0000ef 	bhi	0x13c4
    1004:	e79a800b 	ldr	r8, [sl, fp]
    1008:	e1a0b006 	mov	fp, r6
    100c:	e595a030 	ldr	sl, [r5, #48]	@ 0x30
    1010:	e29bb034 	adds	fp, fp, #52	@ 0x34
    1014:	ea00003d 	b	0x1110
    1018:	003f66b8 	ldrhteq	r6, [pc], -r8
    101c:	000487b4 			@ <UNDEFINED> instruction: 0x000487b4
    1020:	003f66c4 	eorseq	r6, pc, r4, asr #13
    1024:	000487b4 			@ <UNDEFINED> instruction: 0x000487b4
    1028:	003f66d8 	ldrsbteq	r6, [pc], -r8
    102c:	00047eac 	andeq	r7, r4, ip, lsr #29
    1030:	0101fffc 	strdeq	pc, [r1, -ip]
    1034:	003f6b94 	mlaseq	pc, r4, fp, r6	@ <UNPREDICTABLE>
    1038:	000487b4 			@ <UNDEFINED> instruction: 0x000487b4
    103c:	003f6bd0 	ldrsbteq	r6, [pc], -r0
    1040:	00047eac 	andeq	r7, r4, ip, lsr #29
    1044:	003f6c50 	eorseq	r6, pc, r0, asr ip	@ <UNPREDICTABLE>
    1048:	000487b4 			@ <UNDEFINED> instruction: 0x000487b4
    104c:	003f6c5c 	eorseq	r6, pc, ip, asr ip	@ <UNPREDICTABLE>
    1050:	000487b4 			@ <UNDEFINED> instruction: 0x000487b4
    1054:	003f6c6c 	eorseq	r6, pc, ip, ror #24
    1058:	000487b4 			@ <UNDEFINED> instruction: 0x000487b4
    105c:	00047eac 	andeq	r7, r4, ip, lsr #29
    1060:	003f3a48 	eorseq	r3, pc, r8, asr #20
    1064:	003f6d7c 	eorseq	r6, pc, ip, ror sp	@ <UNPREDICTABLE>
    1068:	00048af0 	strdeq	r8, [r4], -r0
    106c:	003f6da8 	eorseq	r6, pc, r8, lsr #27
    1070:	000487b4 			@ <UNDEFINED> instruction: 0x000487b4
    1074:	003f6dbc 	ldrhteq	r6, [pc], -ip
    1078:	00047eac 	andeq	r7, r4, ip, lsr #29
    107c:	003f3878 	eorseq	r3, pc, r8, ror r8	@ <UNPREDICTABLE>
    1080:	000487b4 			@ <UNDEFINED> instruction: 0x000487b4
    1084:	003f3884 	eorseq	r3, pc, r4, lsl #17
    1088:	000487b4 			@ <UNDEFINED> instruction: 0x000487b4
    108c:	003f3890 	mlaseq	pc, r0, r8, r3	@ <UNPREDICTABLE>
    1090:	000487b4 			@ <UNDEFINED> instruction: 0x000487b4
    1094:	003f389c 	mlaseq	pc, ip, r8, r3	@ <UNPREDICTABLE>
    1098:	000487b4 			@ <UNDEFINED> instruction: 0x000487b4
    109c:	00047eac 	andeq	r7, r4, ip, lsr #29
    10a0:	003f6f10 	eorseq	r6, pc, r0, lsl pc	@ <UNPREDICTABLE>
    10a4:	000487b4 			@ <UNDEFINED> instruction: 0x000487b4
    10a8:	00047eac 	andeq	r7, r4, ip, lsr #29
    10ac:	003f7118 	eorseq	r7, pc, r8, lsl r1	@ <UNPREDICTABLE>
    10b0:	000487b4 			@ <UNDEFINED> instruction: 0x000487b4
    10b4:	003f7154 	eorseq	r7, pc, r4, asr r1	@ <UNPREDICTABLE>
    10b8:	00047eac 	andeq	r7, r4, ip, lsr #29
    10bc:	003f85cc 	eorseq	r8, pc, ip, asr #11
    10c0:	000487b4 			@ <UNDEFINED> instruction: 0x000487b4
    10c4:	003f85e4 	eorseq	r8, pc, r4, ror #11
    10c8:	000487b4 			@ <UNDEFINED> instruction: 0x000487b4
    10cc:	003f8794 	mlaseq	pc, r4, r7, r8	@ <UNPREDICTABLE>
    10d0:	000487b4 			@ <UNDEFINED> instruction: 0x000487b4
    10d4:	003f87ac 	eorseq	r8, pc, ip, lsr #15
    10d8:	000487b4 			@ <UNDEFINED> instruction: 0x000487b4
    10dc:	0101fff8 	strdeq	pc, [r1, -r8]
    10e0:	003f88ec 	eorseq	r8, pc, ip, ror #17
    10e4:	00047eac 	andeq	r7, r4, ip, lsr #29
    10e8:	003f6f74 	eorseq	r6, pc, r4, ror pc	@ <UNPREDICTABLE>
    10ec:	003f6f54 	eorseq	r6, pc, r4, asr pc	@ <UNPREDICTABLE>
    10f0:	003f7730 	eorseq	r7, pc, r0, lsr r7	@ <UNPREDICTABLE>
    10f4:	003f6bf4 	ldrshteq	r6, [pc], -r4
    10f8:	00049988 	andeq	r9, r4, r8, lsl #19
    10fc:	003f6c24 	eorseq	r6, pc, r4, lsr #24
    1100:	00047eac 	andeq	r7, r4, ip, lsr #29
    1104:	003fa160 	eorseq	sl, pc, r0, ror #2
    1108:	000487b4 			@ <UNDEFINED> instruction: 0x000487b4
    110c:	003fa17c 	eorseq	sl, pc, ip, ror r1	@ <UNPREDICTABLE>
    1110:	2a0000ab 	bcs	0x13c4
    1114:	e59fcfdc 	ldr	ip, [pc, #4060]	@ 0x20f8
    1118:	e15b000c 	cmp	fp, ip
    111c:	8a0000a8 	bhi	0x13c4
    1120:	e78a800b 	str	r8, [sl, fp]
    1124:	e1a0b001 	mov	fp, r1
    1128:	e595a030 	ldr	sl, [r5, #48]	@ 0x30
    112c:	e29bb038 	adds	fp, fp, #56	@ 0x38
    1130:	2a0000a3 	bcs	0x13c4
    1134:	e59fcfbc 	ldr	ip, [pc, #4028]	@ 0x20f8
    1138:	e15b000c 	cmp	fp, ip
    113c:	8a0000a0 	bhi	0x13c4
    1140:	e79a800b 	ldr	r8, [sl, fp]
    1144:	e1a0b006 	mov	fp, r6
    1148:	e595a030 	ldr	sl, [r5, #48]	@ 0x30
    114c:	e29bb038 	adds	fp, fp, #56	@ 0x38
    1150:	2a00009b 	bcs	0x13c4
    1154:	e59fcf9c 	ldr	ip, [pc, #3996]	@ 0x20f8
    1158:	e15b000c 	cmp	fp, ip
    115c:	8a000098 	bhi	0x13c4
    1160:	e78a800b 	str	r8, [sl, fp]
    1164:	e1a0b001 	mov	fp, r1
    1168:	e595a030 	ldr	sl, [r5, #48]	@ 0x30
    116c:	e29bb03c 	adds	fp, fp, #60	@ 0x3c
    1170:	2a000093 	bcs	0x13c4
    1174:	e59fcf7c 	ldr	ip, [pc, #3964]	@ 0x20f8
    1178:	e15b000c 	cmp	fp, ip
    117c:	8a000090 	bhi	0x13c4
    1180:	e79a800b 	ldr	r8, [sl, fp]
    1184:	e1a0b006 	mov	fp, r6
    1188:	e595a030 	ldr	sl, [r5, #48]	@ 0x30
    118c:	e29bb03c 	adds	fp, fp, #60	@ 0x3c
    1190:	2a00008b 	bcs	0x13c4
    1194:	e59fcf5c 	ldr	ip, [pc, #3932]	@ 0x20f8
    1198:	e15b000c 	cmp	fp, ip
    119c:	8a000088 	bhi	0x13c4
    11a0:	e78a800b 	str	r8, [sl, fp]
    11a4:	e2811040 	add	r1, r1, #64	@ 0x40
    11a8:	e2868040 	add	r8, r6, #64	@ 0x40
    11ac:	e1a06008 	mov	r6, r8
    11b0:	e1580009 	cmp	r8, r9
    11b4:	9afffebf 	bls	0xcb8
    11b8:	e1560007 	cmp	r6, r7
    11bc:	2a000064 	bcs	0x1354
    11c0:	e1a0a001 	mov	sl, r1
    11c4:	e5959030 	ldr	r9, [r5, #48]	@ 0x30
    11c8:	e59fcf28 	ldr	ip, [pc, #3880]	@ 0x20f8
    11cc:	e15a000c 	cmp	sl, ip
    11d0:	8a00007b 	bhi	0x13c4
    11d4:	e799800a 	ldr	r8, [r9, sl]
    11d8:	e1a0a006 	mov	sl, r6
    11dc:	e5959030 	ldr	r9, [r5, #48]	@ 0x30
    11e0:	e59fcf10 	ldr	ip, [pc, #3856]	@ 0x20f8
    11e4:	e15a000c 	cmp	sl, ip
    11e8:	8a000075 	bhi	0x13c4
    11ec:	e789800a 	str	r8, [r9, sl]
    11f0:	e2811004 	add	r1, r1, #4
    11f4:	e2868004 	add	r8, r6, #4
    11f8:	e1a06008 	mov	r6, r8
    11fc:	e1580007 	cmp	r8, r7
    1200:	3affffee 	bcc	0x11c0
    1204:	ea000052 	b	0x1354
    1208:	e3530004 	cmp	r3, #4
    120c:	2a000001 	bcs	0x1218
    1210:	e1a06000 	mov	r6, r0
    1214:	ea00004e 	b	0x1354
    1218:	e3520004 	cmp	r2, #4
    121c:	2a000001 	bcs	0x1228
    1220:	e1a06000 	mov	r6, r0
    1224:	ea00004a 	b	0x1354
    1228:	e2432004 	sub	r2, r3, #4
    122c:	e1a06000 	mov	r6, r0
    1230:	e1a09001 	mov	r9, r1
    1234:	e5958030 	ldr	r8, [r5, #48]	@ 0x30
    1238:	e3e0c4fe 	mvn	ip, #-33554432	@ 0xfe000000
    123c:	e3ccc8fe 	bic	ip, ip, #16646144	@ 0xfe0000
    1240:	e159000c 	cmp	r9, ip
    1244:	8a00005e 	bhi	0x13c4
    1248:	e7d87009 	ldrb	r7, [r8, r9]
    124c:	e1a09006 	mov	r9, r6
    1250:	e5958030 	ldr	r8, [r5, #48]	@ 0x30
    1254:	e3e0c4fe 	mvn	ip, #-33554432	@ 0xfe000000
    1258:	e3ccc8fe 	bic	ip, ip, #16646144	@ 0xfe0000
    125c:	e159000c 	cmp	r9, ip
    1260:	8a000057 	bhi	0x13c4
    1264:	e7c87009 	strb	r7, [r8, r9]
    1268:	e1a09001 	mov	r9, r1
    126c:	e5958030 	ldr	r8, [r5, #48]	@ 0x30
    1270:	e2999001 	adds	r9, r9, #1
    1274:	2a000052 	bcs	0x13c4
    1278:	e3e0c4fe 	mvn	ip, #-33554432	@ 0xfe000000
    127c:	e3ccc8fe 	bic	ip, ip, #16646144	@ 0xfe0000
    1280:	e159000c 	cmp	r9, ip
    1284:	8a00004e 	bhi	0x13c4
    1288:	e7d87009 	ldrb	r7, [r8, r9]
    128c:	e1a09006 	mov	r9, r6
    1290:	e5958030 	ldr	r8, [r5, #48]	@ 0x30
    1294:	e2999001 	adds	r9, r9, #1
    1298:	2a000049 	bcs	0x13c4
    129c:	e3e0c4fe 	mvn	ip, #-33554432	@ 0xfe000000
    12a0:	e3ccc8fe 	bic	ip, ip, #16646144	@ 0xfe0000
    12a4:	e159000c 	cmp	r9, ip
    12a8:	8a000045 	bhi	0x13c4
    12ac:	e7c87009 	strb	r7, [r8, r9]
    12b0:	e1a09001 	mov	r9, r1
    12b4:	e5958030 	ldr	r8, [r5, #48]	@ 0x30
    12b8:	e2999002 	adds	r9, r9, #2
    12bc:	2a000040 	bcs	0x13c4
    12c0:	e3e0c4fe 	mvn	ip, #-33554432	@ 0xfe000000
    12c4:	e3ccc8fe 	bic	ip, ip, #16646144	@ 0xfe0000
    12c8:	e159000c 	cmp	r9, ip
    12cc:	8a00003c 	bhi	0x13c4
    12d0:	e7d87009 	ldrb	r7, [r8, r9]
    12d4:	e1a09006 	mov	r9, r6
    12d8:	e5958030 	ldr	r8, [r5, #48]	@ 0x30
    12dc:	e2999002 	adds	r9, r9, #2
    12e0:	2a000037 	bcs	0x13c4
    12e4:	e3e0c4fe 	mvn	ip, #-33554432	@ 0xfe000000
    12e8:	e3ccc8fe 	bic	ip, ip, #16646144	@ 0xfe0000
    12ec:	e159000c 	cmp	r9, ip
    12f0:	8a000033 	bhi	0x13c4
    12f4:	e7c87009 	strb	r7, [r8, r9]
    12f8:	e1a09001 	mov	r9, r1
    12fc:	e5958030 	ldr	r8, [r5, #48]	@ 0x30
    1300:	e2999003 	adds	r9, r9, #3
    1304:	2a00002e 	bcs	0x13c4
    1308:	e3e0c4fe 	mvn	ip, #-33554432	@ 0xfe000000
    130c:	e3ccc8fe 	bic	ip, ip, #16646144	@ 0xfe0000
    1310:	e159000c 	cmp	r9, ip
    1314:	8a00002a 	bhi	0x13c4
    1318:	e7d87009 	ldrb	r7, [r8, r9]
    131c:	e1a09006 	mov	r9, r6
    1320:	e5958030 	ldr	r8, [r5, #48]	@ 0x30
    1324:	e2999003 	adds	r9, r9, #3
    1328:	2a000025 	bcs	0x13c4
    132c:	e3e0c4fe 	mvn	ip, #-33554432	@ 0xfe000000
    1330:	e3ccc8fe 	bic	ip, ip, #16646144	@ 0xfe0000
    1334:	e159000c 	cmp	r9, ip
    1338:	8a000021 	bhi	0x13c4
    133c:	e7c87009 	strb	r7, [r8, r9]
    1340:	e2811004 	add	r1, r1, #4
    1344:	e2867004 	add	r7, r6, #4
    1348:	e1a06007 	mov	r6, r7
    134c:	e1570002 	cmp	r7, r2
    1350:	9affffb6 	bls	0x1230
    1354:	e1560003 	cmp	r6, r3
    1358:	2a000012 	bcs	0x13a8
    135c:	e1a08001 	mov	r8, r1
    1360:	e5957030 	ldr	r7, [r5, #48]	@ 0x30
    1364:	e3e0c4fe 	mvn	ip, #-33554432	@ 0xfe000000
    1368:	e3ccc8fe 	bic	ip, ip, #16646144	@ 0xfe0000
    136c:	e158000c 	cmp	r8, ip
    1370:	8a000013 	bhi	0x13c4
    1374:	e7d72008 	ldrb	r2, [r7, r8]
    1378:	e1a08006 	mov	r8, r6
    137c:	e5957030 	ldr	r7, [r5, #48]	@ 0x30
    1380:	e3e0c4fe 	mvn	ip, #-33554432	@ 0xfe000000
    1384:	e3ccc8fe 	bic	ip, ip, #16646144	@ 0xfe0000
    1388:	e158000c 	cmp	r8, ip
    138c:	8a00000c 	bhi	0x13c4
    1390:	e7c72008 	strb	r2, [r7, r8]
    1394:	e2811001 	add	r1, r1, #1
    1398:	e2862001 	add	r2, r6, #1
    139c:	e1a06002 	mov	r6, r2
    13a0:	e1520003 	cmp	r2, r3
    13a4:	1affffec 	bne	0x135c
    13a8:	e5840000 	str	r0, [r4]
    13ac:	e3a009fe 	mov	r0, #4161536	@ 0x3f8000
    13b0:	e3800d9a 	orr	r0, r0, #9856	@ 0x2680
    13b4:	e30ccabc 	movw	ip, #51900	@ 0xcabc
    13b8:	e34ccdef 	movt	ip, #52719	@ 0xcdef
    13bc:	e28dd004 	add	sp, sp, #4
    13c0:	e8bd8fc0 	pop	{r6, r7, r8, r9, sl, fp, pc}
    13c4:	e3a00008 	mov	r0, #8
    13c8:	e59d1000 	ldr	r1, [sp]
    13cc:	e5810010 	str	r0, [r1, #16]
    13d0:	e59d0000 	ldr	r0, [sp]
    13d4:	e59d101c 	ldr	r1, [sp, #28]
    13d8:	e59fcd1c 	ldr	ip, [pc, #3356]	@ 0x20fc
    13dc:	e12fff3c 	blx	ip
    13e0:	e28dd004 	add	sp, sp, #4
    13e4:	e8bd0fc0 	pop	{r6, r7, r8, r9, sl, fp}
    13e8:	e28dd004 	add	sp, sp, #4
    13ec:	e12fff10 	bx	r0
    13f0:	e92d43c0 	push	{r6, r7, r8, r9, lr}
    13f4:	e24dd004 	sub	sp, sp, #4
    13f8:	e58d0000 	str	r0, [sp]
    13fc:	e30cc123 	movw	ip, #49443	@ 0xc123
    1400:	e34cc456 	movt	ip, #50262	@ 0xc456
    1404:	e5942000 	ldr	r2, [r4]
    1408:	e5940004 	ldr	r0, [r4, #4]
    140c:	e5941008 	ldr	r1, [r4, #8]
    1410:	e3510000 	cmp	r1, #0
    1414:	0a0000ef 	beq	0x17d8
    1418:	e1a06002 	mov	r6, r2
    141c:	e5953030 	ldr	r3, [r5, #48]	@ 0x30
    1420:	e3e0c4fe 	mvn	ip, #-33554432	@ 0xfe000000
    1424:	e3ccc8fe 	bic	ip, ip, #16646144	@ 0xfe0000
    1428:	e156000c 	cmp	r6, ip
    142c:	8a0000ef 	bhi	0x17f0
    1430:	e7c30006 	strb	r0, [r3, r6]
    1434:	e0823001 	add	r3, r2, r1
    1438:	e1a06003 	mov	r6, r3
    143c:	e2433001 	sub	r3, r3, #1
    1440:	e5957030 	ldr	r7, [r5, #48]	@ 0x30
    1444:	e3e0c4fe 	mvn	ip, #-33554432	@ 0xfe000000
    1448:	e3ccc8fe 	bic	ip, ip, #16646144	@ 0xfe0000
    144c:	e153000c 	cmp	r3, ip
    1450:	8a0000e6 	bhi	0x17f0
    1454:	e7c70003 	strb	r0, [r7, r3]
    1458:	e3510003 	cmp	r1, #3
    145c:	3a0000dd 	bcc	0x17d8
    1460:	e1a07002 	mov	r7, r2
    1464:	e5953030 	ldr	r3, [r5, #48]	@ 0x30
    1468:	e2977002 	adds	r7, r7, #2
    146c:	2a0000df 	bcs	0x17f0
    1470:	e3e0c4fe 	mvn	ip, #-33554432	@ 0xfe000000
    1474:	e3ccc8fe 	bic	ip, ip, #16646144	@ 0xfe0000
    1478:	e157000c 	cmp	r7, ip
    147c:	8a0000db 	bhi	0x17f0
    1480:	e7c30007 	strb	r0, [r3, r7]
    1484:	e1a07002 	mov	r7, r2
    1488:	e5953030 	ldr	r3, [r5, #48]	@ 0x30
    148c:	e2977001 	adds	r7, r7, #1
    1490:	2a0000d6 	bcs	0x17f0
    1494:	e3e0c4fe 	mvn	ip, #-33554432	@ 0xfe000000
    1498:	e3ccc8fe 	bic	ip, ip, #16646144	@ 0xfe0000
    149c:	e157000c 	cmp	r7, ip
    14a0:	8a0000d2 	bhi	0x17f0
    14a4:	e7c30007 	strb	r0, [r3, r7]
    14a8:	e2463003 	sub	r3, r6, #3
    14ac:	e5957030 	ldr	r7, [r5, #48]	@ 0x30
    14b0:	e3e0c4fe 	mvn	ip, #-33554432	@ 0xfe000000
    14b4:	e3ccc8fe 	bic	ip, ip, #16646144	@ 0xfe0000
    14b8:	e153000c 	cmp	r3, ip
    14bc:	8a0000cb 	bhi	0x17f0
    14c0:	e7c70003 	strb	r0, [r7, r3]
    14c4:	e2463002 	sub	r3, r6, #2
    14c8:	e5957030 	ldr	r7, [r5, #48]	@ 0x30
    14cc:	e3e0c4fe 	mvn	ip, #-33554432	@ 0xfe000000
    14d0:	e3ccc8fe 	bic	ip, ip, #16646144	@ 0xfe0000
    14d4:	e153000c 	cmp	r3, ip
    14d8:	8a0000c4 	bhi	0x17f0
    14dc:	e7c70003 	strb	r0, [r7, r3]
    14e0:	e3510007 	cmp	r1, #7
    14e4:	3a0000bb 	bcc	0x17d8
    14e8:	e1a07002 	mov	r7, r2
    14ec:	e5953030 	ldr	r3, [r5, #48]	@ 0x30
    14f0:	e2977003 	adds	r7, r7, #3
    14f4:	2a0000bd 	bcs	0x17f0
    14f8:	e3e0c4fe 	mvn	ip, #-33554432	@ 0xfe000000
    14fc:	e3ccc8fe 	bic	ip, ip, #16646144	@ 0xfe0000
    1500:	e157000c 	cmp	r7, ip
    1504:	8a0000b9 	bhi	0x17f0
    1508:	e7c30007 	strb	r0, [r3, r7]
    150c:	e2466004 	sub	r6, r6, #4
    1510:	e5953030 	ldr	r3, [r5, #48]	@ 0x30
    1514:	e3e0c4fe 	mvn	ip, #-33554432	@ 0xfe000000
    1518:	e3ccc8fe 	bic	ip, ip, #16646144	@ 0xfe0000
    151c:	e156000c 	cmp	r6, ip
    1520:	8a0000b2 	bhi	0x17f0
    1524:	e7c30006 	strb	r0, [r3, r6]
    1528:	e3510009 	cmp	r1, #9
    152c:	3a0000a9 	bcc	0x17d8
    1530:	e2623000 	rsb	r3, r2, #0
    1534:	e2033003 	and	r3, r3, #3
    1538:	e1a06003 	mov	r6, r3
    153c:	e0823003 	add	r3, r2, r3
    1540:	e1a07003 	mov	r7, r3
    1544:	e20000ff 	and	r0, r0, #255	@ 0xff
    1548:	e59fcbb0 	ldr	ip, [pc, #2992]	@ 0x2100
    154c:	e0000c90 	mul	r0, r0, ip
    1550:	e1a08000 	mov	r8, r0
    1554:	e5959030 	ldr	r9, [r5, #48]	@ 0x30
    1558:	e59fcb98 	ldr	ip, [pc, #2968]	@ 0x20f8
    155c:	e153000c 	cmp	r3, ip
    1560:	8a0000a2 	bhi	0x17f0
    1564:	e7890003 	str	r0, [r9, r3]
    1568:	e0411006 	sub	r1, r1, r6
    156c:	e3c11003 	bic	r1, r1, #3
    1570:	e1a00001 	mov	r0, r1
    1574:	e0871001 	add	r1, r7, r1
    1578:	e1a03001 	mov	r3, r1
    157c:	e2411004 	sub	r1, r1, #4
    1580:	e5956030 	ldr	r6, [r5, #48]	@ 0x30
    1584:	e59fcb6c 	ldr	ip, [pc, #2924]	@ 0x20f8
    1588:	e151000c 	cmp	r1, ip
    158c:	8a000097 	bhi	0x17f0
    1590:	e7868001 	str	r8, [r6, r1]
    1594:	e3500009 	cmp	r0, #9
    1598:	3a00008e 	bcc	0x17d8
    159c:	e1a06007 	mov	r6, r7
    15a0:	e5951030 	ldr	r1, [r5, #48]	@ 0x30
    15a4:	e2966008 	adds	r6, r6, #8
    15a8:	2a000090 	bcs	0x17f0
    15ac:	e59fcb44 	ldr	ip, [pc, #2884]	@ 0x20f8
    15b0:	e156000c 	cmp	r6, ip
    15b4:	8a00008d 	bhi	0x17f0
    15b8:	e7818006 	str	r8, [r1, r6]
    15bc:	e1a06007 	mov	r6, r7
    15c0:	e5951030 	ldr	r1, [r5, #48]	@ 0x30
    15c4:	e2966004 	adds	r6, r6, #4
    15c8:	2a000088 	bcs	0x17f0
    15cc:	e59fcb24 	ldr	ip, [pc, #2852]	@ 0x20f8
    15d0:	e156000c 	cmp	r6, ip
    15d4:	8a000085 	bhi	0x17f0
    15d8:	e7818006 	str	r8, [r1, r6]
    15dc:	e2431008 	sub	r1, r3, #8
    15e0:	e5956030 	ldr	r6, [r5, #48]	@ 0x30
    15e4:	e59fcb0c 	ldr	ip, [pc, #2828]	@ 0x20f8
    15e8:	e151000c 	cmp	r1, ip
    15ec:	8a00007f 	bhi	0x17f0
    15f0:	e7868001 	str	r8, [r6, r1]
    15f4:	e243100c 	sub	r1, r3, #12
    15f8:	e5956030 	ldr	r6, [r5, #48]	@ 0x30
    15fc:	e59fcaf4 	ldr	ip, [pc, #2804]	@ 0x20f8
    1600:	e151000c 	cmp	r1, ip
    1604:	8a000079 	bhi	0x17f0
    1608:	e7868001 	str	r8, [r6, r1]
    160c:	e3500019 	cmp	r0, #25
    1610:	3a000070 	bcc	0x17d8
    1614:	e1a06007 	mov	r6, r7
    1618:	e5951030 	ldr	r1, [r5, #48]	@ 0x30
    161c:	e2966018 	adds	r6, r6, #24
    1620:	2a000072 	bcs	0x17f0
    1624:	e59fcacc 	ldr	ip, [pc, #2764]	@ 0x20f8
    1628:	e156000c 	cmp	r6, ip
    162c:	8a00006f 	bhi	0x17f0
    1630:	e7818006 	str	r8, [r1, r6]
    1634:	e1a06007 	mov	r6, r7
    1638:	e5951030 	ldr	r1, [r5, #48]	@ 0x30
    163c:	e2966014 	adds	r6, r6, #20
    1640:	2a00006a 	bcs	0x17f0
    1644:	e59fcaac 	ldr	ip, [pc, #2732]	@ 0x20f8
    1648:	e156000c 	cmp	r6, ip
    164c:	8a000067 	bhi	0x17f0
    1650:	e7818006 	str	r8, [r1, r6]
    1654:	e1a06007 	mov	r6, r7
    1658:	e5951030 	ldr	r1, [r5, #48]	@ 0x30
    165c:	e2966010 	adds	r6, r6, #16
    1660:	2a000062 	bcs	0x17f0
    1664:	e59fca8c 	ldr	ip, [pc, #2700]	@ 0x20f8
    1668:	e156000c 	cmp	r6, ip
    166c:	8a00005f 	bhi	0x17f0
    1670:	e7818006 	str	r8, [r1, r6]
    1674:	e1a06007 	mov	r6, r7
    1678:	e5951030 	ldr	r1, [r5, #48]	@ 0x30
    167c:	e296600c 	adds	r6, r6, #12
    1680:	2a00005a 	bcs	0x17f0
    1684:	e59fca6c 	ldr	ip, [pc, #2668]	@ 0x20f8
    1688:	e156000c 	cmp	r6, ip
    168c:	8a000057 	bhi	0x17f0
    1690:	e7818006 	str	r8, [r1, r6]
    1694:	e2431010 	sub	r1, r3, #16
    1698:	e5956030 	ldr	r6, [r5, #48]	@ 0x30
    169c:	e59fca54 	ldr	ip, [pc, #2644]	@ 0x20f8
    16a0:	e151000c 	cmp	r1, ip
    16a4:	8a000051 	bhi	0x17f0
    16a8:	e7868001 	str	r8, [r6, r1]
    16ac:	e2431014 	sub	r1, r3, #20
    16b0:	e5956030 	ldr	r6, [r5, #48]	@ 0x30
    16b4:	e59fca3c 	ldr	ip, [pc, #2620]	@ 0x20f8
    16b8:	e151000c 	cmp	r1, ip
    16bc:	8a00004b 	bhi	0x17f0
    16c0:	e7868001 	str	r8, [r6, r1]
    16c4:	e2431018 	sub	r1, r3, #24
    16c8:	e5956030 	ldr	r6, [r5, #48]	@ 0x30
    16cc:	e59fca24 	ldr	ip, [pc, #2596]	@ 0x20f8
    16d0:	e151000c 	cmp	r1, ip
    16d4:	8a000045 	bhi	0x17f0
    16d8:	e7868001 	str	r8, [r6, r1]
    16dc:	e243301c 	sub	r3, r3, #28
    16e0:	e5951030 	ldr	r1, [r5, #48]	@ 0x30
    16e4:	e59fca0c 	ldr	ip, [pc, #2572]	@ 0x20f8
    16e8:	e153000c 	cmp	r3, ip
    16ec:	8a00003f 	bhi	0x17f0
    16f0:	e7818003 	str	r8, [r1, r3]
    16f4:	e2071004 	and	r1, r7, #4
    16f8:	e3811018 	orr	r1, r1, #24
    16fc:	e1a03001 	mov	r3, r1
    1700:	e0400001 	sub	r0, r0, r1
    1704:	e1a06000 	mov	r6, r0
    1708:	e3500020 	cmp	r0, #32
    170c:	3a000031 	bcc	0x17d8
    1710:	e1a00008 	mov	r0, r8
    1714:	e3a01000 	mov	r1, #0
    1718:	e1a08000 	mov	r8, r0
    171c:	e3a0c001 	mov	ip, #1
    1720:	e0080c98 	mul	r8, r8, ip
    1724:	e0811008 	add	r1, r1, r8
    1728:	e0877003 	add	r7, r7, r3
    172c:	e1a08007 	mov	r8, r7
    1730:	e5953030 	ldr	r3, [r5, #48]	@ 0x30
    1734:	e2988018 	adds	r8, r8, #24
    1738:	2a00002c 	bcs	0x17f0
    173c:	e59fc9c0 	ldr	ip, [pc, #2496]	@ 0x2104
    1740:	e158000c 	cmp	r8, ip
    1744:	8a000029 	bhi	0x17f0
    1748:	e083c008 	add	ip, r3, r8
    174c:	e58c0000 	str	r0, [ip]
    1750:	e58c1004 	str	r1, [ip, #4]
    1754:	e1a08007 	mov	r8, r7
    1758:	e5953030 	ldr	r3, [r5, #48]	@ 0x30
    175c:	e2988010 	adds	r8, r8, #16
    1760:	2a000022 	bcs	0x17f0
    1764:	e59fc998 	ldr	ip, [pc, #2456]	@ 0x2104
    1768:	e158000c 	cmp	r8, ip
    176c:	8a00001f 	bhi	0x17f0
    1770:	e083c008 	add	ip, r3, r8
    1774:	e58c0000 	str	r0, [ip]
    1778:	e58c1004 	str	r1, [ip, #4]
    177c:	e1a08007 	mov	r8, r7
    1780:	e5953030 	ldr	r3, [r5, #48]	@ 0x30
    1784:	e2988008 	adds	r8, r8, #8
    1788:	2a000018 	bcs	0x17f0
    178c:	e59fc970 	ldr	ip, [pc, #2416]	@ 0x2104
    1790:	e158000c 	cmp	r8, ip
    1794:	8a000015 	bhi	0x17f0
    1798:	e083c008 	add	ip, r3, r8
    179c:	e58c0000 	str	r0, [ip]
    17a0:	e58c1004 	str	r1, [ip, #4]
    17a4:	e1a08007 	mov	r8, r7
    17a8:	e5953030 	ldr	r3, [r5, #48]	@ 0x30
    17ac:	e59fc950 	ldr	ip, [pc, #2384]	@ 0x2104
    17b0:	e158000c 	cmp	r8, ip
    17b4:	8a00000d 	bhi	0x17f0
    17b8:	e083c008 	add	ip, r3, r8
    17bc:	e58c0000 	str	r0, [ip]
    17c0:	e58c1004 	str	r1, [ip, #4]
    17c4:	e2877020 	add	r7, r7, #32
    17c8:	e2463020 	sub	r3, r6, #32
    17cc:	e1a06003 	mov	r6, r3
    17d0:	e353001f 	cmp	r3, #31
    17d4:	8affffd4 	bhi	0x172c
    17d8:	e5842000 	str	r2, [r4]
    17dc:	e59f0924 	ldr	r0, [pc, #2340]	@ 0x2108
    17e0:	e30ccabc 	movw	ip, #51900	@ 0xcabc
    17e4:	e34ccdef 	movt	ip, #52719	@ 0xcdef
    17e8:	e28dd004 	add	sp, sp, #4
    17ec:	e8bd83c0 	pop	{r6, r7, r8, r9, pc}
    17f0:	e3a00008 	mov	r0, #8
    17f4:	e59d1000 	ldr	r1, [sp]
    17f8:	e5810010 	str	r0, [r1, #16]
    17fc:	e59d0000 	ldr	r0, [sp]
    1800:	e59d1014 	ldr	r1, [sp, #20]
    1804:	e59fc900 	ldr	ip, [pc, #2304]	@ 0x210c
    1808:	e12fff3c 	blx	ip
    180c:	e28dd004 	add	sp, sp, #4
    1810:	e8bd03c0 	pop	{r6, r7, r8, r9}
    1814:	e28dd004 	add	sp, sp, #4
    1818:	e12fff10 	bx	r0
    181c:	e52de004 	push	{lr}		@ (str lr, [sp, #-4]!)
    1820:	e24dd004 	sub	sp, sp, #4
    1824:	e58d0000 	str	r0, [sp]
    1828:	e30cc123 	movw	ip, #49443	@ 0xc123
    182c:	e34cc456 	movt	ip, #50262	@ 0xc456
    1830:	e3a009fd 	mov	r0, #4145152	@ 0x3f4000
    1834:	e3800ddd 	orr	r0, r0, #14144	@ 0x3740
    1838:	e30ccabc 	movw	ip, #51900	@ 0xcabc
    183c:	e34ccdef 	movt	ip, #52719	@ 0xcdef
    1840:	e28dd004 	add	sp, sp, #4
    1844:	e49df004 	pop	{pc}		@ (ldr pc, [sp], #4)
    1848:	e52de004 	push	{lr}		@ (str lr, [sp, #-4]!)
    184c:	e24dd004 	sub	sp, sp, #4
    1850:	e58d0000 	str	r0, [sp]
    1854:	e30cc123 	movw	ip, #49443	@ 0xc123
    1858:	e34cc456 	movt	ip, #50262	@ 0xc456
    185c:	e3a0eb44 	mov	lr, #68, 22	@ 0x11000
    1860:	e38ee170 	orr	lr, lr, #112, 2
    1864:	e584e000 	str	lr, [r4]
    1868:	e59f08a0 	ldr	r0, [pc, #2208]	@ 0x2110
    186c:	e1a01004 	mov	r1, r4
    1870:	e59d2000 	ldr	r2, [sp]
    1874:	e59fc898 	ldr	ip, [pc, #2200]	@ 0x2114
    1878:	e12fff3c 	blx	ip
    187c:	e3500000 	cmp	r0, #0
    1880:	1a000007 	bne	0x18a4
    1884:	e3a0eb44 	mov	lr, #68, 22	@ 0x11000
    1888:	e38ee180 	orr	lr, lr, #128, 2
    188c:	e584e004 	str	lr, [r4, #4]
    1890:	e59f0880 	ldr	r0, [pc, #2176]	@ 0x2118
    1894:	e30ccabc 	movw	ip, #51900	@ 0xcabc
    1898:	e34ccdef 	movt	ip, #52719	@ 0xcdef
    189c:	e28dd004 	add	sp, sp, #4
    18a0:	e49df004 	pop	{pc}		@ (ldr pc, [sp], #4)
    18a4:	e59d0000 	ldr	r0, [sp]
    18a8:	e59d1004 	ldr	r1, [sp, #4]
    18ac:	e59fc868 	ldr	ip, [pc, #2152]	@ 0x211c
    18b0:	e12fff3c 	blx	ip
    18b4:	e28dd008 	add	sp, sp, #8
    18b8:	e12fff10 	bx	r0
    18bc:	e92d4040 	push	{r6, lr}
    18c0:	e24dd008 	sub	sp, sp, #8
    18c4:	e58d0000 	str	r0, [sp]
    18c8:	e30cc123 	movw	ip, #49443	@ 0xc123
    18cc:	e34cc456 	movt	ip, #50262	@ 0xc456
    18d0:	e59f0848 	ldr	r0, [pc, #2120]	@ 0x2120
    18d4:	e1a01004 	mov	r1, r4
    18d8:	e59d2000 	ldr	r2, [sp]
    18dc:	e59fc840 	ldr	ip, [pc, #2112]	@ 0x2124
    18e0:	e12fff3c 	blx	ip
    18e4:	e3500000 	cmp	r0, #0
    18e8:	1a000046 	bne	0x1a08
    18ec:	e5940008 	ldr	r0, [r4, #8]
    18f0:	e1a02000 	mov	r2, r0
    18f4:	e5951030 	ldr	r1, [r5, #48]	@ 0x30
    18f8:	e59fc7f8 	ldr	ip, [pc, #2040]	@ 0x20f8
    18fc:	e152000c 	cmp	r2, ip
    1900:	8a00003d 	bhi	0x19fc
    1904:	e7910002 	ldr	r0, [r1, r2]
    1908:	e1a06000 	mov	r6, r0
    190c:	e3500000 	cmp	r0, #0
    1910:	0a000012 	beq	0x1960
    1914:	e5846000 	str	r6, [r4]
    1918:	e59f0808 	ldr	r0, [pc, #2056]	@ 0x2128
    191c:	e1a01004 	mov	r1, r4
    1920:	e59d2000 	ldr	r2, [sp]
    1924:	e59fc800 	ldr	ip, [pc, #2048]	@ 0x212c
    1928:	e12fff3c 	blx	ip
    192c:	e3500000 	cmp	r0, #0
    1930:	1a000034 	bne	0x1a08
    1934:	e1a02006 	mov	r2, r6
    1938:	e5951030 	ldr	r1, [r5, #48]	@ 0x30
    193c:	e2922038 	adds	r2, r2, #56	@ 0x38
    1940:	2a00002d 	bcs	0x19fc
    1944:	e59fc7ac 	ldr	ip, [pc, #1964]	@ 0x20f8
    1948:	e152000c 	cmp	r2, ip
    194c:	8a00002a 	bhi	0x19fc
    1950:	e7910002 	ldr	r0, [r1, r2]
    1954:	e1a06000 	mov	r6, r0
    1958:	e3500000 	cmp	r0, #0
    195c:	1affffec 	bne	0x1914
    1960:	e5951030 	ldr	r1, [r5, #48]	@ 0x30
    1964:	e281cb48 	add	ip, r1, #72, 22	@ 0x12000
    1968:	e51c0fdc 	ldr	r0, [ip, #-4060]	@ 0xfffff024
    196c:	e5840008 	str	r0, [r4, #8]
    1970:	e59f07b8 	ldr	r0, [pc, #1976]	@ 0x2130
    1974:	e1a01004 	mov	r1, r4
    1978:	e59d2000 	ldr	r2, [sp]
    197c:	e59fc7b0 	ldr	ip, [pc, #1968]	@ 0x2134
    1980:	e12fff3c 	blx	ip
    1984:	e3500000 	cmp	r0, #0
    1988:	1a00001e 	bne	0x1a08
    198c:	e5951030 	ldr	r1, [r5, #48]	@ 0x30
    1990:	e281cb40 	add	ip, r1, #64, 22	@ 0x10000
    1994:	e59c0b68 	ldr	r0, [ip, #2920]	@ 0xb68
    1998:	e5840008 	str	r0, [r4, #8]
    199c:	e3a009fe 	mov	r0, #4161536	@ 0x3f8000
    19a0:	e3800d77 	orr	r0, r0, #7616	@ 0x1dc0
    19a4:	e1a01004 	mov	r1, r4
    19a8:	e59d2000 	ldr	r2, [sp]
    19ac:	e59fc784 	ldr	ip, [pc, #1924]	@ 0x2138
    19b0:	e12fff3c 	blx	ip
    19b4:	e3500000 	cmp	r0, #0
    19b8:	1a000012 	bne	0x1a08
    19bc:	e5951030 	ldr	r1, [r5, #48]	@ 0x30
    19c0:	e281cb40 	add	ip, r1, #64, 22	@ 0x10000
    19c4:	e59c0c00 	ldr	r0, [ip, #3072]	@ 0xc00
    19c8:	e5840008 	str	r0, [r4, #8]
    19cc:	e59f0768 	ldr	r0, [pc, #1896]	@ 0x213c
    19d0:	e1a01004 	mov	r1, r4
    19d4:	e59d2000 	ldr	r2, [sp]
    19d8:	e59fc760 	ldr	ip, [pc, #1888]	@ 0x2140
    19dc:	e12fff3c 	blx	ip
    19e0:	e3500000 	cmp	r0, #0
    19e4:	1a000007 	bne	0x1a08
    19e8:	e59f0754 	ldr	r0, [pc, #1876]	@ 0x2144
    19ec:	e30ccabc 	movw	ip, #51900	@ 0xcabc
    19f0:	e34ccdef 	movt	ip, #52719	@ 0xcdef
    19f4:	e28dd008 	add	sp, sp, #8
    19f8:	e8bd8040 	pop	{r6, pc}
    19fc:	e3a00008 	mov	r0, #8
    1a00:	e59d1000 	ldr	r1, [sp]
    1a04:	e5810010 	str	r0, [r1, #16]
    1a08:	e59d0000 	ldr	r0, [sp]
    1a0c:	e59d100c 	ldr	r1, [sp, #12]
    1a10:	e59fc730 	ldr	ip, [pc, #1840]	@ 0x2148
    1a14:	e12fff3c 	blx	ip
    1a18:	e59d6008 	ldr	r6, [sp, #8]
    1a1c:	e28dd010 	add	sp, sp, #16
    1a20:	e12fff10 	bx	r0
    1a24:	e92d40c0 	push	{r6, r7, lr}
    1a28:	e24dd004 	sub	sp, sp, #4
    1a2c:	e58d0000 	str	r0, [sp]
    1a30:	e30cc123 	movw	ip, #49443	@ 0xc123
    1a34:	e34cc456 	movt	ip, #50262	@ 0xc456
    1a38:	e5946000 	ldr	r6, [r4]
    1a3c:	e3560000 	cmp	r6, #0
    1a40:	0a000064 	beq	0x1bd8
    1a44:	e1a02006 	mov	r2, r6
    1a48:	e5951030 	ldr	r1, [r5, #48]	@ 0x30
    1a4c:	e292204c 	adds	r2, r2, #76	@ 0x4c
    1a50:	2a000065 	bcs	0x1bec
    1a54:	e59fc69c 	ldr	ip, [pc, #1692]	@ 0x20f8
    1a58:	e152000c 	cmp	r2, ip
    1a5c:	8a000062 	bhi	0x1bec
    1a60:	e7910002 	ldr	r0, [r1, r2]
    1a64:	e3500000 	cmp	r0, #0
    1a68:	ba000007 	blt	0x1a8c
    1a6c:	e5846000 	str	r6, [r4]
    1a70:	e59f06d4 	ldr	r0, [pc, #1748]	@ 0x214c
    1a74:	e1a01004 	mov	r1, r4
    1a78:	e59d2000 	ldr	r2, [sp]
    1a7c:	e59fc6cc 	ldr	ip, [pc, #1740]	@ 0x2150
    1a80:	e12fff3c 	blx	ip
    1a84:	e3500000 	cmp	r0, #0
    1a88:	1a00005a 	bne	0x1bf8
    1a8c:	e1a02006 	mov	r2, r6
    1a90:	e5951030 	ldr	r1, [r5, #48]	@ 0x30
    1a94:	e2922014 	adds	r2, r2, #20
    1a98:	2a000053 	bcs	0x1bec
    1a9c:	e59fc654 	ldr	ip, [pc, #1620]	@ 0x20f8
    1aa0:	e152000c 	cmp	r2, ip
    1aa4:	8a000050 	bhi	0x1bec
    1aa8:	e7910002 	ldr	r0, [r1, r2]
    1aac:	e1a03006 	mov	r3, r6
    1ab0:	e5952030 	ldr	r2, [r5, #48]	@ 0x30
    1ab4:	e293301c 	adds	r3, r3, #28
    1ab8:	2a00004b 	bcs	0x1bec
    1abc:	e59fc634 	ldr	ip, [pc, #1588]	@ 0x20f8
    1ac0:	e153000c 	cmp	r3, ip
    1ac4:	8a000048 	bhi	0x1bec
    1ac8:	e7921003 	ldr	r1, [r2, r3]
    1acc:	e1500001 	cmp	r0, r1
    1ad0:	0a000014 	beq	0x1b28
    1ad4:	e1a02006 	mov	r2, r6
    1ad8:	e5951030 	ldr	r1, [r5, #48]	@ 0x30
    1adc:	e2922024 	adds	r2, r2, #36	@ 0x24
    1ae0:	2a000041 	bcs	0x1bec
    1ae4:	e59fc60c 	ldr	ip, [pc, #1548]	@ 0x20f8
    1ae8:	e152000c 	cmp	r2, ip
    1aec:	8a00003e 	bhi	0x1bec
    1af0:	e7910002 	ldr	r0, [r1, r2]
    1af4:	e5846000 	str	r6, [r4]
    1af8:	e3a0e000 	mov	lr, #0
    1afc:	e584e00c 	str	lr, [r4, #12]
    1b00:	e3a0e000 	mov	lr, #0
    1b04:	e584e00c 	str	lr, [r4, #12]
    1b08:	e5840020 	str	r0, [r4, #32]
    1b0c:	e59f0640 	ldr	r0, [pc, #1600]	@ 0x2154
    1b10:	e1a01004 	mov	r1, r4
    1b14:	e59d2000 	ldr	r2, [sp]
    1b18:	e59fc638 	ldr	ip, [pc, #1592]	@ 0x2158
    1b1c:	e12fff3c 	blx	ip
    1b20:	e3500000 	cmp	r0, #0
    1b24:	1a000033 	bne	0x1bf8
    1b28:	e1a02006 	mov	r2, r6
    1b2c:	e5951030 	ldr	r1, [r5, #48]	@ 0x30
    1b30:	e2922004 	adds	r2, r2, #4
    1b34:	2a00002c 	bcs	0x1bec
    1b38:	e59fc5b8 	ldr	ip, [pc, #1464]	@ 0x20f8
    1b3c:	e152000c 	cmp	r2, ip
    1b40:	8a000029 	bhi	0x1bec
    1b44:	e7910002 	ldr	r0, [r1, r2]
    1b48:	e1a01000 	mov	r1, r0
    1b4c:	e1a07006 	mov	r7, r6
    1b50:	e5953030 	ldr	r3, [r5, #48]	@ 0x30
    1b54:	e2977008 	adds	r7, r7, #8
    1b58:	2a000023 	bcs	0x1bec
    1b5c:	e59fc594 	ldr	ip, [pc, #1428]	@ 0x20f8
    1b60:	e157000c 	cmp	r7, ip
    1b64:	8a000020 	bhi	0x1bec
    1b68:	e7932007 	ldr	r2, [r3, r7]
    1b6c:	e1a03002 	mov	r3, r2
    1b70:	e1500002 	cmp	r0, r2
    1b74:	0a000017 	beq	0x1bd8
    1b78:	e0411003 	sub	r1, r1, r3
    1b7c:	e1a00001 	mov	r0, r1
    1b80:	e1a01fc0 	asr	r1, r0, #31
    1b84:	e1a07006 	mov	r7, r6
    1b88:	e5953030 	ldr	r3, [r5, #48]	@ 0x30
    1b8c:	e2977028 	adds	r7, r7, #40	@ 0x28
    1b90:	2a000015 	bcs	0x1bec
    1b94:	e59fc55c 	ldr	ip, [pc, #1372]	@ 0x20f8
    1b98:	e157000c 	cmp	r7, ip
    1b9c:	8a000012 	bhi	0x1bec
    1ba0:	e7932007 	ldr	r2, [r3, r7]
    1ba4:	e5846000 	str	r6, [r4]
    1ba8:	e5840018 	str	r0, [r4, #24]
    1bac:	e584101c 	str	r1, [r4, #28]
    1bb0:	e3a0e001 	mov	lr, #1
    1bb4:	e584e010 	str	lr, [r4, #16]
    1bb8:	e5842024 	str	r2, [r4, #36]	@ 0x24
    1bbc:	e59f0598 	ldr	r0, [pc, #1432]	@ 0x215c
    1bc0:	e1a01004 	mov	r1, r4
    1bc4:	e59d2000 	ldr	r2, [sp]
    1bc8:	e59fc590 	ldr	ip, [pc, #1424]	@ 0x2160
    1bcc:	e12fff3c 	blx	ip
    1bd0:	e3500000 	cmp	r0, #0
    1bd4:	1a000007 	bne	0x1bf8
    1bd8:	e59f0584 	ldr	r0, [pc, #1412]	@ 0x2164
    1bdc:	e30ccabc 	movw	ip, #51900	@ 0xcabc
    1be0:	e34ccdef 	movt	ip, #52719	@ 0xcdef
    1be4:	e28dd004 	add	sp, sp, #4
    1be8:	e8bd80c0 	pop	{r6, r7, pc}
    1bec:	e3a00008 	mov	r0, #8
    1bf0:	e59d1000 	ldr	r1, [sp]
    1bf4:	e5810010 	str	r0, [r1, #16]
    1bf8:	e59d0000 	ldr	r0, [sp]
    1bfc:	e59d100c 	ldr	r1, [sp, #12]
    1c00:	e59fc560 	ldr	ip, [pc, #1376]	@ 0x2168
    1c04:	e12fff3c 	blx	ip
    1c08:	e28dd004 	add	sp, sp, #4
    1c0c:	e8bd00c0 	pop	{r6, r7}
    1c10:	e28dd004 	add	sp, sp, #4
    1c14:	e12fff10 	bx	r0
    1c18:	e92d4040 	push	{r6, lr}
    1c1c:	e24dd008 	sub	sp, sp, #8
    1c20:	e58d0000 	str	r0, [sp]
    1c24:	e30cc123 	movw	ip, #49443	@ 0xc123
    1c28:	e34cc456 	movt	ip, #50262	@ 0xc456
    1c2c:	e5940000 	ldr	r0, [r4]
    1c30:	e1a03000 	mov	r3, r0
    1c34:	e5952030 	ldr	r2, [r5, #48]	@ 0x30
    1c38:	e2933048 	adds	r3, r3, #72	@ 0x48
    1c3c:	2a000060 	bcs	0x1dc4
    1c40:	e59fc4b0 	ldr	ip, [pc, #1200]	@ 0x20f8
    1c44:	e153000c 	cmp	r3, ip
    1c48:	8a00005d 	bhi	0x1dc4
    1c4c:	e7921003 	ldr	r1, [r2, r3]
    1c50:	e1a02001 	mov	r2, r1
    1c54:	e2411001 	sub	r1, r1, #1
    1c58:	e1811002 	orr	r1, r1, r2
    1c5c:	e1a03000 	mov	r3, r0
    1c60:	e5952030 	ldr	r2, [r5, #48]	@ 0x30
    1c64:	e2933048 	adds	r3, r3, #72	@ 0x48
    1c68:	2a000055 	bcs	0x1dc4
    1c6c:	e59fc484 	ldr	ip, [pc, #1156]	@ 0x20f8
    1c70:	e153000c 	cmp	r3, ip
    1c74:	8a000052 	bhi	0x1dc4
    1c78:	e7821003 	str	r1, [r2, r3]
    1c7c:	e1a03000 	mov	r3, r0
    1c80:	e5952030 	ldr	r2, [r5, #48]	@ 0x30
    1c84:	e59fc46c 	ldr	ip, [pc, #1132]	@ 0x20f8
    1c88:	e153000c 	cmp	r3, ip
    1c8c:	8a00004c 	bhi	0x1dc4
    1c90:	e7921003 	ldr	r1, [r2, r3]
    1c94:	e1a02001 	mov	r2, r1
    1c98:	e3110008 	tst	r1, #8
    1c9c:	0a00000b 	beq	0x1cd0
    1ca0:	e3822020 	orr	r2, r2, #32
    1ca4:	e1a03000 	mov	r3, r0
    1ca8:	e5951030 	ldr	r1, [r5, #48]	@ 0x30
    1cac:	e59fc444 	ldr	ip, [pc, #1092]	@ 0x20f8
    1cb0:	e153000c 	cmp	r3, ip
    1cb4:	8a000042 	bhi	0x1dc4
    1cb8:	e7812003 	str	r2, [r1, r3]
    1cbc:	e3e0e000 	mvn	lr, #0
    1cc0:	e584e008 	str	lr, [r4, #8]
    1cc4:	e3a009fe 	mov	r0, #4161536	@ 0x3f8000
    1cc8:	e3800f97 	orr	r0, r0, #604	@ 0x25c
    1ccc:	ea00003a 	b	0x1dbc
    1cd0:	e1a02000 	mov	r2, r0
    1cd4:	e5951030 	ldr	r1, [r5, #48]	@ 0x30
    1cd8:	e2922004 	adds	r2, r2, #4
    1cdc:	2a000038 	bcs	0x1dc4
    1ce0:	e59fc41c 	ldr	ip, [pc, #1052]	@ 0x2104
    1ce4:	e152000c 	cmp	r2, ip
    1ce8:	8a000035 	bhi	0x1dc4
    1cec:	e0811002 	add	r1, r1, r2
    1cf0:	e3a02000 	mov	r2, #0
    1cf4:	e3a03000 	mov	r3, #0
    1cf8:	e5813000 	str	r3, [r1]
    1cfc:	e5812004 	str	r2, [r1, #4]
    1d00:	e1a03000 	mov	r3, r0
    1d04:	e5952030 	ldr	r2, [r5, #48]	@ 0x30
    1d08:	e293302c 	adds	r3, r3, #44	@ 0x2c
    1d0c:	2a00002c 	bcs	0x1dc4
    1d10:	e59fc3e0 	ldr	ip, [pc, #992]	@ 0x20f8
    1d14:	e153000c 	cmp	r3, ip
    1d18:	8a000029 	bhi	0x1dc4
    1d1c:	e7921003 	ldr	r1, [r2, r3]
    1d20:	e1a02001 	mov	r2, r1
    1d24:	e1a06000 	mov	r6, r0
    1d28:	e5953030 	ldr	r3, [r5, #48]	@ 0x30
    1d2c:	e296601c 	adds	r6, r6, #28
    1d30:	2a000023 	bcs	0x1dc4
    1d34:	e59fc3bc 	ldr	ip, [pc, #956]	@ 0x20f8
    1d38:	e156000c 	cmp	r6, ip
    1d3c:	8a000020 	bhi	0x1dc4
    1d40:	e7831006 	str	r1, [r3, r6]
    1d44:	e1a03000 	mov	r3, r0
    1d48:	e5951030 	ldr	r1, [r5, #48]	@ 0x30
    1d4c:	e2933014 	adds	r3, r3, #20
    1d50:	2a00001b 	bcs	0x1dc4
    1d54:	e59fc39c 	ldr	ip, [pc, #924]	@ 0x20f8
    1d58:	e153000c 	cmp	r3, ip
    1d5c:	8a000018 	bhi	0x1dc4
    1d60:	e7812003 	str	r2, [r1, r3]
    1d64:	e1a06000 	mov	r6, r0
    1d68:	e5953030 	ldr	r3, [r5, #48]	@ 0x30
    1d6c:	e2966030 	adds	r6, r6, #48	@ 0x30
    1d70:	2a000013 	bcs	0x1dc4
    1d74:	e59fc37c 	ldr	ip, [pc, #892]	@ 0x20f8
    1d78:	e156000c 	cmp	r6, ip
    1d7c:	8a000010 	bhi	0x1dc4
    1d80:	e7931006 	ldr	r1, [r3, r6]
    1d84:	e0822001 	add	r2, r2, r1
    1d88:	e5951030 	ldr	r1, [r5, #48]	@ 0x30
    1d8c:	e2900010 	adds	r0, r0, #16
    1d90:	2a00000b 	bcs	0x1dc4
    1d94:	e59fc35c 	ldr	ip, [pc, #860]	@ 0x20f8
    1d98:	e150000c 	cmp	r0, ip
    1d9c:	8a000008 	bhi	0x1dc4
    1da0:	e7812000 	str	r2, [r1, r0]
    1da4:	e3a0e000 	mov	lr, #0
    1da8:	e584e01c 	str	lr, [r4, #28]
    1dac:	e3a009fe 	mov	r0, #4161536	@ 0x3f8000
    1db0:	e3800fb1 	orr	r0, r0, #708	@ 0x2c4
    1db4:	e30ccabc 	movw	ip, #51900	@ 0xcabc
    1db8:	e34ccdef 	movt	ip, #52719	@ 0xcdef
    1dbc:	e28dd008 	add	sp, sp, #8
    1dc0:	e8bd8040 	pop	{r6, pc}
    1dc4:	e3a00008 	mov	r0, #8
    1dc8:	e59d1000 	ldr	r1, [sp]
    1dcc:	e5810010 	str	r0, [r1, #16]
    1dd0:	e59d0000 	ldr	r0, [sp]
    1dd4:	e59d100c 	ldr	r1, [sp, #12]
    1dd8:	e59fc38c 	ldr	ip, [pc, #908]	@ 0x216c
    1ddc:	e12fff3c 	blx	ip
    1de0:	e59d6008 	ldr	r6, [sp, #8]
    1de4:	e28dd010 	add	sp, sp, #16
    1de8:	e12fff10 	bx	r0
    1dec:	e92d43c0 	push	{r6, r7, r8, r9, lr}
    1df0:	e24dd004 	sub	sp, sp, #4
    1df4:	e58d0000 	str	r0, [sp]
    1df8:	e30cc123 	movw	ip, #49443	@ 0xc123
    1dfc:	e34cc456 	movt	ip, #50262	@ 0xc456
    1e00:	e5940000 	ldr	r0, [r4]
    1e04:	e5941004 	ldr	r1, [r4, #4]
    1e08:	e5942008 	ldr	r2, [r4, #8]
    1e0c:	e3520000 	cmp	r2, #0
    1e10:	e3a03000 	mov	r3, #0
    1e14:	13a03001 	movne	r3, #1
    1e18:	e3100003 	tst	r0, #3
    1e1c:	0a000016 	beq	0x1e7c
    1e20:	e3520000 	cmp	r2, #0
    1e24:	0a000014 	beq	0x1e7c
    1e28:	e20160ff 	and	r6, r1, #255	@ 0xff
    1e2c:	e1a09000 	mov	r9, r0
    1e30:	e5958030 	ldr	r8, [r5, #48]	@ 0x30
    1e34:	e3e0c4fe 	mvn	ip, #-33554432	@ 0xfe000000
    1e38:	e3ccc8fe 	bic	ip, ip, #16646144	@ 0xfe0000
    1e3c:	e159000c 	cmp	r9, ip
    1e40:	8a00004e 	bhi	0x1f80
    1e44:	e7d87009 	ldrb	r7, [r8, r9]
    1e48:	e1570006 	cmp	r7, r6
    1e4c:	0a000032 	beq	0x1f1c
    1e50:	e2427001 	sub	r7, r2, #1
    1e54:	e1a02007 	mov	r2, r7
    1e58:	e3570000 	cmp	r7, #0
    1e5c:	e3a03000 	mov	r3, #0
    1e60:	13a03001 	movne	r3, #1
    1e64:	e2807001 	add	r7, r0, #1
    1e68:	e1a00007 	mov	r0, r7
    1e6c:	e3170003 	tst	r7, #3
    1e70:	0a000001 	beq	0x1e7c
    1e74:	e3520000 	cmp	r2, #0
    1e78:	1affffeb 	bne	0x1e2c
    1e7c:	e3530000 	cmp	r3, #0
    1e80:	0a000037 	beq	0x1f64
    1e84:	e1a07000 	mov	r7, r0
    1e88:	e5956030 	ldr	r6, [r5, #48]	@ 0x30
    1e8c:	e3e0c4fe 	mvn	ip, #-33554432	@ 0xfe000000
    1e90:	e3ccc8fe 	bic	ip, ip, #16646144	@ 0xfe0000
    1e94:	e157000c 	cmp	r7, ip
    1e98:	8a000038 	bhi	0x1f80
    1e9c:	e7d63007 	ldrb	r3, [r6, r7]
    1ea0:	e20160ff 	and	r6, r1, #255	@ 0xff
    1ea4:	e1530006 	cmp	r3, r6
    1ea8:	0a000019 	beq	0x1f14
    1eac:	e3520004 	cmp	r2, #4
    1eb0:	3a000017 	bcc	0x1f14
    1eb4:	e20130ff 	and	r3, r1, #255	@ 0xff
    1eb8:	e59fc240 	ldr	ip, [pc, #576]	@ 0x2100
    1ebc:	e0030c93 	mul	r3, r3, ip
    1ec0:	e1a08000 	mov	r8, r0
    1ec4:	e5957030 	ldr	r7, [r5, #48]	@ 0x30
    1ec8:	e59fc228 	ldr	ip, [pc, #552]	@ 0x20f8
    1ecc:	e158000c 	cmp	r8, ip
    1ed0:	8a00002a 	bhi	0x1f80
    1ed4:	e7976008 	ldr	r6, [r7, r8]
    1ed8:	e0266003 	eor	r6, r6, r3
    1edc:	e1a07006 	mov	r7, r6
    1ee0:	e59fc288 	ldr	ip, [pc, #648]	@ 0x2170
    1ee4:	e04c6006 	sub	r6, ip, r6
    1ee8:	e1866007 	orr	r6, r6, r7
    1eec:	e59fc280 	ldr	ip, [pc, #640]	@ 0x2174
    1ef0:	e006600c 	and	r6, r6, ip
    1ef4:	e59fc278 	ldr	ip, [pc, #632]	@ 0x2174
    1ef8:	e156000c 	cmp	r6, ip
    1efc:	1a000006 	bne	0x1f1c
    1f00:	e2800004 	add	r0, r0, #4
    1f04:	e2426004 	sub	r6, r2, #4
    1f08:	e1a02006 	mov	r2, r6
    1f0c:	e3560003 	cmp	r6, #3
    1f10:	8affffea 	bhi	0x1ec0
    1f14:	e3520000 	cmp	r2, #0
    1f18:	0a000011 	beq	0x1f64
    1f1c:	e20110ff 	and	r1, r1, #255	@ 0xff
    1f20:	e1a07000 	mov	r7, r0
    1f24:	e5956030 	ldr	r6, [r5, #48]	@ 0x30
    1f28:	e3e0c4fe 	mvn	ip, #-33554432	@ 0xfe000000
    1f2c:	e3ccc8fe 	bic	ip, ip, #16646144	@ 0xfe0000
    1f30:	e157000c 	cmp	r7, ip
    1f34:	8a000011 	bhi	0x1f80
    1f38:	e7d63007 	ldrb	r3, [r6, r7]
    1f3c:	e1530001 	cmp	r3, r1
    1f40:	1a000002 	bne	0x1f50
    1f44:	e5840000 	str	r0, [r4]
    1f48:	e59f0228 	ldr	r0, [pc, #552]	@ 0x2178
    1f4c:	ea000009 	b	0x1f78
    1f50:	e2800001 	add	r0, r0, #1
    1f54:	e2423001 	sub	r3, r2, #1
    1f58:	e1a02003 	mov	r2, r3
    1f5c:	e3530000 	cmp	r3, #0
    1f60:	1affffee 	bne	0x1f20
    1f64:	e3a0e000 	mov	lr, #0
    1f68:	e584e018 	str	lr, [r4, #24]
    1f6c:	e59f0208 	ldr	r0, [pc, #520]	@ 0x217c
    1f70:	e30ccabc 	movw	ip, #51900	@ 0xcabc
    1f74:	e34ccdef 	movt	ip, #52719	@ 0xcdef
    1f78:	e28dd004 	add	sp, sp, #4
    1f7c:	e8bd83c0 	pop	{r6, r7, r8, r9, pc}
    1f80:	e3a00008 	mov	r0, #8
    1f84:	e59d1000 	ldr	r1, [sp]
    1f88:	e5810010 	str	r0, [r1, #16]
    1f8c:	e59d0000 	ldr	r0, [sp]
    1f90:	e59d1014 	ldr	r1, [sp, #20]
    1f94:	e59fc1e4 	ldr	ip, [pc, #484]	@ 0x2180
    1f98:	e12fff3c 	blx	ip
    1f9c:	e28dd004 	add	sp, sp, #4
    1fa0:	e8bd03c0 	pop	{r6, r7, r8, r9}
    1fa4:	e28dd004 	add	sp, sp, #4
    1fa8:	e12fff10 	bx	r0
    1fac:	e92d40c0 	push	{r6, r7, lr}
    1fb0:	e24dd004 	sub	sp, sp, #4
    1fb4:	e58d0000 	str	r0, [sp]
    1fb8:	e30cc123 	movw	ip, #49443	@ 0xc123
    1fbc:	e34cc456 	movt	ip, #50262	@ 0xc456
    1fc0:	e5946000 	ldr	r6, [r4]
    1fc4:	e5947004 	ldr	r7, [r4, #4]
    1fc8:	e5846000 	str	r6, [r4]
    1fcc:	e3a0e000 	mov	lr, #0
    1fd0:	e584e00c 	str	lr, [r4, #12]
    1fd4:	e5847004 	str	r7, [r4, #4]
    1fd8:	e59f01a4 	ldr	r0, [pc, #420]	@ 0x2184
    1fdc:	e1a01004 	mov	r1, r4
    1fe0:	e59d2000 	ldr	r2, [sp]
    1fe4:	e59fc19c 	ldr	ip, [pc, #412]	@ 0x2188
    1fe8:	e12fff3c 	blx	ip
    1fec:	e3500000 	cmp	r0, #0
    1ff0:	1a00000a 	bne	0x2020
    1ff4:	e5940010 	ldr	r0, [r4, #16]
    1ff8:	e1a01000 	mov	r1, r0
    1ffc:	e0400006 	sub	r0, r0, r6
    2000:	e3510000 	cmp	r1, #0
    2004:	01a00007 	moveq	r0, r7
    2008:	e5840010 	str	r0, [r4, #16]
    200c:	e59f0178 	ldr	r0, [pc, #376]	@ 0x218c
    2010:	e30ccabc 	movw	ip, #51900	@ 0xcabc
    2014:	e34ccdef 	movt	ip, #52719	@ 0xcdef
    2018:	e28dd004 	add	sp, sp, #4
    201c:	e8bd80c0 	pop	{r6, r7, pc}
    2020:	e59d0000 	ldr	r0, [sp]
    2024:	e59d100c 	ldr	r1, [sp, #12]
    2028:	e59fc160 	ldr	ip, [pc, #352]	@ 0x2190
    202c:	e12fff3c 	blx	ip
    2030:	e28dd004 	add	sp, sp, #4
    2034:	e8bd00c0 	pop	{r6, r7}
    2038:	e28dd004 	add	sp, sp, #4
    203c:	e12fff10 	bx	r0
    2040:	e92d43c0 	push	{r6, r7, r8, r9, lr}
    2044:	e24dd004 	sub	sp, sp, #4
    2048:	e58d0000 	str	r0, [sp]
    204c:	e30cc123 	movw	ip, #49443	@ 0xc123
    2050:	e34cc456 	movt	ip, #50262	@ 0xc456
    2054:	ed940b00 	vldr	d0, [r4]
    2058:	e5946008 	ldr	r6, [r4, #8]
    205c:	ec510a10 	vmov	r0, r1, s0, s1
    2060:	e1a02000 	mov	r2, r0
    2064:	e1a03001 	mov	r3, r1
    2068:	e1a00a21 	lsr	r0, r1, #20
    206c:	e3a01000 	mov	r1, #0
    2070:	e3a0cc07 	mov	ip, #1792	@ 0x700
    2074:	e38cc0ff 	orr	ip, ip, #255	@ 0xff
    2078:	e000000c 	and	r0, r0, ip
    207c:	e1a01000 	mov	r1, r0
    2080:	e3a0cc07 	mov	ip, #1792	@ 0x700
    2084:	e38cc0ff 	orr	ip, ip, #255	@ 0xff
    2088:	e150000c 	cmp	r0, ip
    208c:	0a000061 	beq	0x2218
    2090:	e3510000 	cmp	r1, #0
    2094:	1a000050 	bne	0x21dc
    2098:	e3a0c000 	mov	ip, #0
    209c:	ec4cca11 	vmov	s2, s3, ip, ip
    20a0:	eeb40b41 	vcmp.f64	d0, d1
    20a4:	eef1fa10 	vmrs	APSR_nzcv, fpscr
    20a8:	1a000001 	bne	0x20b4
    20ac:	e3a00000 	mov	r0, #0
    20b0:	ea000040 	b	0x21b8
    20b4:	e3a0c000 	mov	ip, #0
    20b8:	e3a0e204 	mov	lr, #4, 4	@ 0x40000000
    20bc:	e38ee63f 	orr	lr, lr, #66060288	@ 0x3f00000
    20c0:	ec4eca11 	vmov	s2, s3, ip, lr
    20c4:	ee202b01 	vmul.f64	d2, d0, d1
    20c8:	ed842b0f 	vstr	d2, [r4, #60]	@ 0x3c
    20cc:	e5846008 	str	r6, [r4, #8]
    20d0:	e59f00bc 	ldr	r0, [pc, #188]	@ 0x2194
    20d4:	e1a01004 	mov	r1, r4
    20d8:	e59d2000 	ldr	r2, [sp]
    20dc:	e59fc0b4 	ldr	ip, [pc, #180]	@ 0x2198
    20e0:	e12fff3c 	blx	ip
    20e4:	e3500000 	cmp	r0, #0
    20e8:	1a000053 	bne	0x223c
    20ec:	ed941b0f 	vldr	d1, [r4, #60]	@ 0x3c
    20f0:	eeb00b41 	vmov.f64	d0, d1
    20f4:	ea000028 	b	0x219c
    20f8:	0101fffc 	strdeq	pc, [r1, -ip]
    20fc:	00047eac 	andeq	r7, r4, ip, lsr #29
    2100:	01010101 	tsteq	r1, r1, lsl #2
    2104:	0101fff8 	strdeq	pc, [r1, -r8]
    2108:	003faff8 	ldrshteq	sl, [pc], -r8
    210c:	00047eac 	andeq	r7, r4, ip, lsr #29
    2110:	003f6b18 	eorseq	r6, pc, r8, lsl fp	@ <UNPREDICTABLE>
    2114:	000487b4 			@ <UNDEFINED> instruction: 0x000487b4
    2118:	003f6b30 	eorseq	r6, pc, r0, lsr fp	@ <UNPREDICTABLE>
    211c:	00047eac 	andeq	r7, r4, ip, lsr #29
    2120:	003f9d3c 	eorseq	r9, pc, ip, lsr sp	@ <UNPREDICTABLE>
    2124:	000487b4 			@ <UNDEFINED> instruction: 0x000487b4
    2128:	003f9d68 	eorseq	r9, pc, r8, ror #26
    212c:	000487b4 			@ <UNDEFINED> instruction: 0x000487b4
    2130:	003f9da4 	eorseq	r9, pc, r4, lsr #27
    2134:	000487b4 			@ <UNDEFINED> instruction: 0x000487b4
    2138:	000487b4 			@ <UNDEFINED> instruction: 0x000487b4
    213c:	003f9ddc 	ldrsbteq	r9, [pc], -ip
    2140:	000487b4 			@ <UNDEFINED> instruction: 0x000487b4
    2144:	003f9df4 	ldrshteq	r9, [pc], -r4
    2148:	00047eac 	andeq	r7, r4, ip, lsr #29
    214c:	003fa830 	eorseq	sl, pc, r0, lsr r8	@ <UNPREDICTABLE>
    2150:	000487b4 			@ <UNDEFINED> instruction: 0x000487b4
    2154:	003fa87c 	eorseq	sl, pc, ip, ror r8	@ <UNPREDICTABLE>
    2158:	00048af0 	strdeq	r8, [r4], -r0
    215c:	003fa8f8 	ldrshteq	sl, [pc], -r8
    2160:	00048af0 	strdeq	r8, [r4], -r0
    2164:	003fa920 	eorseq	sl, pc, r0, lsr #18
    2168:	00047eac 	andeq	r7, r4, ip, lsr #29
    216c:	00047eac 	andeq	r7, r4, ip, lsr #29
    2170:	01010100 	mrseq	r0, (UNDEF: 17)
    2174:	80808080 	addhi	r8, r0, r0, lsl #1
    2178:	003fbb3c 	eorseq	fp, pc, ip, lsr fp	@ <UNPREDICTABLE>
    217c:	003fbb74 	eorseq	fp, pc, r4, ror fp	@ <UNPREDICTABLE>
    2180:	00047eac 	andeq	r7, r4, ip, lsr #29
    2184:	003f1e84 	eorseq	r1, pc, r4, lsl #29
    2188:	000487b4 			@ <UNDEFINED> instruction: 0x000487b4
    218c:	003f1ec4 	eorseq	r1, pc, r4, asr #29
    2190:	00047eac 	andeq	r7, r4, ip, lsr #29
    2194:	003f91d4 	ldrsbteq	r9, [pc], -r4
    2198:	000487b4 			@ <UNDEFINED> instruction: 0x000487b4
    219c:	e1a09006 	mov	r9, r6
    21a0:	e5958030 	ldr	r8, [r5, #48]	@ 0x30
    21a4:	e59fcfec 	ldr	ip, [pc, #4076]	@ 0x3198
    21a8:	e159000c 	cmp	r9, ip
    21ac:	8a00001f 	bhi	0x2230
    21b0:	e7987009 	ldr	r7, [r8, r9]
    21b4:	e2470040 	sub	r0, r7, #64	@ 0x40
    21b8:	e1a08006 	mov	r8, r6
    21bc:	e5957030 	ldr	r7, [r5, #48]	@ 0x30
    21c0:	e59fcfd0 	ldr	ip, [pc, #4048]	@ 0x3198
    21c4:	e158000c 	cmp	r8, ip
    21c8:	8a000018 	bhi	0x2230
    21cc:	e7870008 	str	r0, [r7, r8]
    21d0:	ed840b00 	vstr	d0, [r4]
    21d4:	e59f0fc0 	ldr	r0, [pc, #4032]	@ 0x319c
    21d8:	ea000012 	b	0x2228
    21dc:	e2411c03 	sub	r1, r1, #768	@ 0x300
    21e0:	e24110fe 	sub	r1, r1, #254	@ 0xfe
    21e4:	e5950030 	ldr	r0, [r5, #48]	@ 0x30
    21e8:	e59fcfa8 	ldr	ip, [pc, #4008]	@ 0x3198
    21ec:	e156000c 	cmp	r6, ip
    21f0:	8a00000e 	bhi	0x2230
    21f4:	e7801006 	str	r1, [r0, r6]
    21f8:	e3c22000 	bic	r2, r2, #0
    21fc:	e3e0c207 	mvn	ip, #1879048192	@ 0x70000000
    2200:	e3ccc6ff 	bic	ip, ip, #267386880	@ 0xff00000
    2204:	e003300c 	and	r3, r3, ip
    2208:	e3822000 	orr	r2, r2, #0
    220c:	e3833203 	orr	r3, r3, #805306368	@ 0x30000000
    2210:	e38336fe 	orr	r3, r3, #266338304	@ 0xfe00000
    2214:	ec432a10 	vmov	s0, s1, r2, r3
    2218:	ed840b00 	vstr	d0, [r4]
    221c:	e59f0f7c 	ldr	r0, [pc, #3964]	@ 0x31a0
    2220:	e30ccabc 	movw	ip, #51900	@ 0xcabc
    2224:	e34ccdef 	movt	ip, #52719	@ 0xcdef
    2228:	e28dd004 	add	sp, sp, #4
    222c:	e8bd83c0 	pop	{r6, r7, r8, r9, pc}
    2230:	e3a00008 	mov	r0, #8
    2234:	e59d1000 	ldr	r1, [sp]
    2238:	e5810010 	str	r0, [r1, #16]
    223c:	e59d0000 	ldr	r0, [sp]
    2240:	e59d1014 	ldr	r1, [sp, #20]
    2244:	e59fcf58 	ldr	ip, [pc, #3928]	@ 0x31a4
    2248:	e12fff3c 	blx	ip
    224c:	e28dd004 	add	sp, sp, #4
    2250:	e8bd03c0 	pop	{r6, r7, r8, r9}
    2254:	e28dd004 	add	sp, sp, #4
    2258:	e12fff10 	bx	r0
    225c:	e92d4fc0 	push	{r6, r7, r8, r9, sl, fp, lr}
    2260:	e24dd004 	sub	sp, sp, #4
    2264:	e58d0000 	str	r0, [sp]
    2268:	e30cc123 	movw	ip, #49443	@ 0xc123
    226c:	e34cc456 	movt	ip, #50262	@ 0xc456
    2270:	e5946000 	ldr	r6, [r4]
    2274:	e5947004 	ldr	r7, [r4, #4]
    2278:	e5948008 	ldr	r8, [r4, #8]
    227c:	e1a02008 	mov	r2, r8
    2280:	e5951030 	ldr	r1, [r5, #48]	@ 0x30
    2284:	e2922010 	adds	r2, r2, #16
    2288:	2a0000a0 	bcs	0x2510
    228c:	e59fcf04 	ldr	ip, [pc, #3844]	@ 0x3198
    2290:	e152000c 	cmp	r2, ip
    2294:	8a00009d 	bhi	0x2510
    2298:	e7910002 	ldr	r0, [r1, r2]
    229c:	e1a01000 	mov	r1, r0
    22a0:	e3500000 	cmp	r0, #0
    22a4:	1a000013 	bne	0x22f8
    22a8:	e3a09000 	mov	r9, #0
    22ac:	e5848008 	str	r8, [r4, #8]
    22b0:	e59f0ef0 	ldr	r0, [pc, #3824]	@ 0x31a8
    22b4:	e1a01004 	mov	r1, r4
    22b8:	e59d2000 	ldr	r2, [sp]
    22bc:	e59fcee8 	ldr	ip, [pc, #3816]	@ 0x31ac
    22c0:	e12fff3c 	blx	ip
    22c4:	e3500000 	cmp	r0, #0
    22c8:	1a000093 	bne	0x251c
    22cc:	e5940024 	ldr	r0, [r4, #36]	@ 0x24
    22d0:	e3500000 	cmp	r0, #0
    22d4:	1a000087 	bne	0x24f8
    22d8:	e1a02008 	mov	r2, r8
    22dc:	e5950030 	ldr	r0, [r5, #48]	@ 0x30
    22e0:	e2922010 	adds	r2, r2, #16
    22e4:	2a000089 	bcs	0x2510
    22e8:	e59fcea8 	ldr	ip, [pc, #3752]	@ 0x3198
    22ec:	e152000c 	cmp	r2, ip
    22f0:	8a000086 	bhi	0x2510
    22f4:	e7901002 	ldr	r1, [r0, r2]
    22f8:	e1a03008 	mov	r3, r8
    22fc:	e5952030 	ldr	r2, [r5, #48]	@ 0x30
    2300:	e2933014 	adds	r3, r3, #20
    2304:	2a000081 	bcs	0x2510
    2308:	e59fce88 	ldr	ip, [pc, #3720]	@ 0x3198
    230c:	e153000c 	cmp	r3, ip
    2310:	8a00007e 	bhi	0x2510
    2314:	e7920003 	ldr	r0, [r2, r3]
    2318:	e1a02000 	mov	r2, r0
    231c:	e0411000 	sub	r1, r1, r0
    2320:	e1570001 	cmp	r7, r1
    2324:	9a000016 	bls	0x2384
    2328:	e1a03008 	mov	r3, r8
    232c:	e5951030 	ldr	r1, [r5, #48]	@ 0x30
    2330:	e2933024 	adds	r3, r3, #36	@ 0x24
    2334:	2a000075 	bcs	0x2510
    2338:	e59fce58 	ldr	ip, [pc, #3672]	@ 0x3198
    233c:	e153000c 	cmp	r3, ip
    2340:	8a000072 	bhi	0x2510
    2344:	e7910003 	ldr	r0, [r1, r3]
    2348:	e5848008 	str	r8, [r4, #8]
    234c:	e5846000 	str	r6, [r4]
    2350:	e5847004 	str	r7, [r4, #4]
    2354:	e5840030 	str	r0, [r4, #48]	@ 0x30
    2358:	e59f0e50 	ldr	r0, [pc, #3664]	@ 0x31b0
    235c:	e1a01004 	mov	r1, r4
    2360:	e59d2000 	ldr	r2, [sp]
    2364:	e59fce48 	ldr	ip, [pc, #3656]	@ 0x31b4
    2368:	e12fff3c 	blx	ip
    236c:	e3500000 	cmp	r0, #0
    2370:	1a000069 	bne	0x251c
    2374:	e5940024 	ldr	r0, [r4, #36]	@ 0x24
    2378:	e5840024 	str	r0, [r4, #36]	@ 0x24
    237c:	e59f0e34 	ldr	r0, [pc, #3636]	@ 0x31b8
    2380:	ea000060 	b	0x2508
    2384:	e1a03008 	mov	r3, r8
    2388:	e5951030 	ldr	r1, [r5, #48]	@ 0x30
    238c:	e2933050 	adds	r3, r3, #80	@ 0x50
    2390:	2a00005e 	bcs	0x2510
    2394:	e59fcdfc 	ldr	ip, [pc, #3580]	@ 0x3198
    2398:	e153000c 	cmp	r3, ip
    239c:	8a00005b 	bhi	0x2510
    23a0:	e7910003 	ldr	r0, [r1, r3]
    23a4:	e3500000 	cmp	r0, #0
    23a8:	ba000035 	blt	0x2484
    23ac:	e3570000 	cmp	r7, #0
    23b0:	0a000033 	beq	0x2484
    23b4:	e1a0a007 	mov	sl, r7
    23b8:	e086000a 	add	r0, r6, sl
    23bc:	e1a0b000 	mov	fp, r0
    23c0:	e2400001 	sub	r0, r0, #1
    23c4:	e1a03000 	mov	r3, r0
    23c8:	e5951030 	ldr	r1, [r5, #48]	@ 0x30
    23cc:	e3e0c4fe 	mvn	ip, #-33554432	@ 0xfe000000
    23d0:	e3ccc8fe 	bic	ip, ip, #16646144	@ 0xfe0000
    23d4:	e153000c 	cmp	r3, ip
    23d8:	8a00004c 	bhi	0x2510
    23dc:	e7d10003 	ldrb	r0, [r1, r3]
    23e0:	e350000a 	cmp	r0, #10
    23e4:	0a000004 	beq	0x23fc
    23e8:	e24a0001 	sub	r0, sl, #1
    23ec:	e1a0a000 	mov	sl, r0
    23f0:	e3500000 	cmp	r0, #0
    23f4:	0a000022 	beq	0x2484
    23f8:	eaffffee 	b	0x23b8
    23fc:	e1a03008 	mov	r3, r8
    2400:	e5951030 	ldr	r1, [r5, #48]	@ 0x30
    2404:	e2933024 	adds	r3, r3, #36	@ 0x24
    2408:	2a000040 	bcs	0x2510
    240c:	e59fcd84 	ldr	ip, [pc, #3460]	@ 0x3198
    2410:	e153000c 	cmp	r3, ip
    2414:	8a00003d 	bhi	0x2510
    2418:	e7910003 	ldr	r0, [r1, r3]
    241c:	e5848008 	str	r8, [r4, #8]
    2420:	e5846000 	str	r6, [r4]
    2424:	e584a00c 	str	sl, [r4, #12]
    2428:	e5840030 	str	r0, [r4, #48]	@ 0x30
    242c:	e3a009ff 	mov	r0, #4177920	@ 0x3fc000
    2430:	e3800e64 	orr	r0, r0, #100, 28	@ 0x640
    2434:	e1a01004 	mov	r1, r4
    2438:	e59d2000 	ldr	r2, [sp]
    243c:	e59fcd78 	ldr	ip, [pc, #3448]	@ 0x31bc
    2440:	e12fff3c 	blx	ip
    2444:	e3500000 	cmp	r0, #0
    2448:	1a000033 	bne	0x251c
    244c:	e5940024 	ldr	r0, [r4, #36]	@ 0x24
    2450:	e1a09000 	mov	r9, r0
    2454:	e150000a 	cmp	r0, sl
    2458:	3a000026 	bcc	0x24f8
    245c:	e047700a 	sub	r7, r7, sl
    2460:	e1a01008 	mov	r1, r8
    2464:	e5950030 	ldr	r0, [r5, #48]	@ 0x30
    2468:	e2911014 	adds	r1, r1, #20
    246c:	2a000027 	bcs	0x2510
    2470:	e59fcd20 	ldr	ip, [pc, #3360]	@ 0x3198
    2474:	e151000c 	cmp	r1, ip
    2478:	8a000024 	bhi	0x2510
    247c:	e7902001 	ldr	r2, [r0, r1]
    2480:	ea000001 	b	0x248c
    2484:	e1a0b006 	mov	fp, r6
    2488:	e3a0a000 	mov	sl, #0
    248c:	e5842010 	str	r2, [r4, #16]
    2490:	e584b014 	str	fp, [r4, #20]
    2494:	e5847004 	str	r7, [r4, #4]
    2498:	e59f0d20 	ldr	r0, [pc, #3360]	@ 0x31c0
    249c:	e1a01004 	mov	r1, r4
    24a0:	e59d2000 	ldr	r2, [sp]
    24a4:	e59fcd18 	ldr	ip, [pc, #3352]	@ 0x31c4
    24a8:	e12fff3c 	blx	ip
    24ac:	e3500000 	cmp	r0, #0
    24b0:	1a000019 	bne	0x251c
    24b4:	e1a02008 	mov	r2, r8
    24b8:	e5951030 	ldr	r1, [r5, #48]	@ 0x30
    24bc:	e2922014 	adds	r2, r2, #20
    24c0:	2a000012 	bcs	0x2510
    24c4:	e59fcccc 	ldr	ip, [pc, #3276]	@ 0x3198
    24c8:	e152000c 	cmp	r2, ip
    24cc:	8a00000f 	bhi	0x2510
    24d0:	e7910002 	ldr	r0, [r1, r2]
    24d4:	e0800007 	add	r0, r0, r7
    24d8:	e5951030 	ldr	r1, [r5, #48]	@ 0x30
    24dc:	e2988014 	adds	r8, r8, #20
    24e0:	2a00000a 	bcs	0x2510
    24e4:	e59fccac 	ldr	ip, [pc, #3244]	@ 0x3198
    24e8:	e158000c 	cmp	r8, ip
    24ec:	8a000007 	bhi	0x2510
    24f0:	e7810008 	str	r0, [r1, r8]
    24f4:	e08a9007 	add	r9, sl, r7
    24f8:	e5849010 	str	r9, [r4, #16]
    24fc:	e59f0cc4 	ldr	r0, [pc, #3268]	@ 0x31c8
    2500:	e30ccabc 	movw	ip, #51900	@ 0xcabc
    2504:	e34ccdef 	movt	ip, #52719	@ 0xcdef
    2508:	e28dd004 	add	sp, sp, #4
    250c:	e8bd8fc0 	pop	{r6, r7, r8, r9, sl, fp, pc}
    2510:	e3a00008 	mov	r0, #8
    2514:	e59d1000 	ldr	r1, [sp]
    2518:	e5810010 	str	r0, [r1, #16]
    251c:	e59d0000 	ldr	r0, [sp]
    2520:	e59d101c 	ldr	r1, [sp, #28]
    2524:	e59fcca0 	ldr	ip, [pc, #3232]	@ 0x31cc
    2528:	e12fff3c 	blx	ip
    252c:	e28dd004 	add	sp, sp, #4
    2530:	e8bd0fc0 	pop	{r6, r7, r8, r9, sl, fp}
    2534:	e28dd004 	add	sp, sp, #4
    2538:	e12fff10 	bx	r0
    253c:	e92d4fc0 	push	{r6, r7, r8, r9, sl, fp, lr}
    2540:	e24dd004 	sub	sp, sp, #4
    2544:	e58d0000 	str	r0, [sp]
    2548:	e30cc123 	movw	ip, #49443	@ 0xc123
    254c:	e34cc456 	movt	ip, #50262	@ 0xc456
    2550:	e5947004 	ldr	r7, [r4, #4]
    2554:	e5940008 	ldr	r0, [r4, #8]
    2558:	e594800c 	ldr	r8, [r4, #12]
    255c:	e5949010 	ldr	r9, [r4, #16]
    2560:	e595e03c 	ldr	lr, [r5, #60]	@ 0x3c
    2564:	e59e1008 	ldr	r1, [lr, #8]
    2568:	e24110d0 	sub	r1, r1, #208	@ 0xd0
    256c:	e5841014 	str	r1, [r4, #20]
    2570:	e595203c 	ldr	r2, [r5, #60]	@ 0x3c
    2574:	e5821008 	str	r1, [r2, #8]
    2578:	e5942014 	ldr	r2, [r4, #20]
    257c:	e5951030 	ldr	r1, [r5, #48]	@ 0x30
    2580:	e29220cc 	adds	r2, r2, #204	@ 0xcc
    2584:	2a000131 	bcs	0x2a50
    2588:	e59fcc08 	ldr	ip, [pc, #3080]	@ 0x3198
    258c:	e152000c 	cmp	r2, ip
    2590:	8a00012e 	bhi	0x2a50
    2594:	e7810002 	str	r0, [r1, r2]
    2598:	e594c014 	ldr	ip, [r4, #20]
    259c:	e28c00a0 	add	r0, ip, #160	@ 0xa0
    25a0:	e3a01000 	mov	r1, #0
    25a4:	e3a02028 	mov	r2, #40	@ 0x28
    25a8:	e5953028 	ldr	r3, [r5, #40]	@ 0x28
    25ac:	e59fcc1c 	ldr	ip, [pc, #3100]	@ 0x31d0
    25b0:	e12fff3c 	blx	ip
    25b4:	e3500000 	cmp	r0, #0
    25b8:	1a000125 	bne	0x2a54
    25bc:	e5942014 	ldr	r2, [r4, #20]
    25c0:	e5951030 	ldr	r1, [r5, #48]	@ 0x30
    25c4:	e29220cc 	adds	r2, r2, #204	@ 0xcc
    25c8:	2a000120 	bcs	0x2a50
    25cc:	e59fcbc4 	ldr	ip, [pc, #3012]	@ 0x3198
    25d0:	e152000c 	cmp	r2, ip
    25d4:	8a00011d 	bhi	0x2a50
    25d8:	e7910002 	ldr	r0, [r1, r2]
    25dc:	e5942014 	ldr	r2, [r4, #20]
    25e0:	e5951030 	ldr	r1, [r5, #48]	@ 0x30
    25e4:	e29220c8 	adds	r2, r2, #200	@ 0xc8
    25e8:	2a000118 	bcs	0x2a50
    25ec:	e59fcba4 	ldr	ip, [pc, #2980]	@ 0x3198
    25f0:	e152000c 	cmp	r2, ip
    25f4:	8a000115 	bhi	0x2a50
    25f8:	e7810002 	str	r0, [r1, r2]
    25fc:	e594c014 	ldr	ip, [r4, #20]
    2600:	e28c00c8 	add	r0, ip, #200	@ 0xc8
    2604:	e594c014 	ldr	ip, [r4, #20]
    2608:	e28c1050 	add	r1, ip, #80	@ 0x50
    260c:	e594c014 	ldr	ip, [r4, #20]
    2610:	e28c20a0 	add	r2, ip, #160	@ 0xa0
    2614:	e3a0e000 	mov	lr, #0
    2618:	e584e024 	str	lr, [r4, #36]	@ 0x24
    261c:	e5847004 	str	r7, [r4, #4]
    2620:	e5840044 	str	r0, [r4, #68]	@ 0x44
    2624:	e5841048 	str	r1, [r4, #72]	@ 0x48
    2628:	e584204c 	str	r2, [r4, #76]	@ 0x4c
    262c:	e584800c 	str	r8, [r4, #12]
    2630:	e5849010 	str	r9, [r4, #16]
    2634:	e59f0b98 	ldr	r0, [pc, #2968]	@ 0x31d4
    2638:	e1a01004 	mov	r1, r4
    263c:	e59d2000 	ldr	r2, [sp]
    2640:	e59fcb90 	ldr	ip, [pc, #2960]	@ 0x31d8
    2644:	e12fff3c 	blx	ip
    2648:	e3500000 	cmp	r0, #0
    264c:	1a000102 	bne	0x2a5c
    2650:	e594003c 	ldr	r0, [r4, #60]	@ 0x3c
    2654:	e3500000 	cmp	r0, #0
    2658:	aa000002 	bge	0x2668
    265c:	e3e0e000 	mvn	lr, #0
    2660:	e584e010 	str	lr, [r4, #16]
    2664:	ea0000ef 	b	0x2a28
    2668:	e5942000 	ldr	r2, [r4]
    266c:	e5951030 	ldr	r1, [r5, #48]	@ 0x30
    2670:	e292204c 	adds	r2, r2, #76	@ 0x4c
    2674:	2a0000f5 	bcs	0x2a50
    2678:	e59fcb18 	ldr	ip, [pc, #2840]	@ 0x3198
    267c:	e152000c 	cmp	r2, ip
    2680:	8a0000f2 	bhi	0x2a50
    2684:	e7910002 	ldr	r0, [r1, r2]
    2688:	e3500000 	cmp	r0, #0
    268c:	aa000002 	bge	0x269c
    2690:	e3a0e001 	mov	lr, #1
    2694:	e584e018 	str	lr, [r4, #24]
    2698:	ea00000b 	b	0x26cc
    269c:	e59f0b38 	ldr	r0, [pc, #2872]	@ 0x31dc
    26a0:	e1a01004 	mov	r1, r4
    26a4:	e59d2000 	ldr	r2, [sp]
    26a8:	e59fcb30 	ldr	ip, [pc, #2864]	@ 0x31e0
    26ac:	e12fff3c 	blx	ip
    26b0:	e3500000 	cmp	r0, #0
    26b4:	1a0000e8 	bne	0x2a5c
    26b8:	e594003c 	ldr	r0, [r4, #60]	@ 0x3c
    26bc:	e3500000 	cmp	r0, #0
    26c0:	e3a0c000 	mov	ip, #0
    26c4:	03a0c001 	moveq	ip, #1
    26c8:	e584c018 	str	ip, [r4, #24]
    26cc:	e5942000 	ldr	r2, [r4]
    26d0:	e5951030 	ldr	r1, [r5, #48]	@ 0x30
    26d4:	e59fcabc 	ldr	ip, [pc, #2748]	@ 0x3198
    26d8:	e152000c 	cmp	r2, ip
    26dc:	8a0000db 	bhi	0x2a50
    26e0:	e7910002 	ldr	r0, [r1, r2]
    26e4:	e1a0a000 	mov	sl, r0
    26e8:	e3c00020 	bic	r0, r0, #32
    26ec:	e5942000 	ldr	r2, [r4]
    26f0:	e5951030 	ldr	r1, [r5, #48]	@ 0x30
    26f4:	e59fca9c 	ldr	ip, [pc, #2716]	@ 0x3198
    26f8:	e152000c 	cmp	r2, ip
    26fc:	8a0000d3 	bhi	0x2a50
    2700:	e7810002 	str	r0, [r1, r2]
    2704:	e5942000 	ldr	r2, [r4]
    2708:	e5951030 	ldr	r1, [r5, #48]	@ 0x30
    270c:	e2922030 	adds	r2, r2, #48	@ 0x30
    2710:	2a0000ce 	bcs	0x2a50
    2714:	e59fca7c 	ldr	ip, [pc, #2684]	@ 0x3198
    2718:	e152000c 	cmp	r2, ip
    271c:	8a0000cb 	bhi	0x2a50
    2720:	e7910002 	ldr	r0, [r1, r2]
    2724:	e3500000 	cmp	r0, #0
    2728:	1a00002f 	bne	0x27ec
    272c:	e5941000 	ldr	r1, [r4]
    2730:	e5950030 	ldr	r0, [r5, #48]	@ 0x30
    2734:	e2911030 	adds	r1, r1, #48	@ 0x30
    2738:	2a0000c4 	bcs	0x2a50
    273c:	e59fca54 	ldr	ip, [pc, #2644]	@ 0x3198
    2740:	e151000c 	cmp	r1, ip
    2744:	8a0000c1 	bhi	0x2a50
    2748:	e3a0e050 	mov	lr, #80	@ 0x50
    274c:	e780e001 	str	lr, [r0, r1]
    2750:	e5941000 	ldr	r1, [r4]
    2754:	e5950030 	ldr	r0, [r5, #48]	@ 0x30
    2758:	e291101c 	adds	r1, r1, #28
    275c:	2a0000bb 	bcs	0x2a50
    2760:	e59fca30 	ldr	ip, [pc, #2608]	@ 0x3198
    2764:	e151000c 	cmp	r1, ip
    2768:	8a0000b8 	bhi	0x2a50
    276c:	e3a0e000 	mov	lr, #0
    2770:	e780e001 	str	lr, [r0, r1]
    2774:	e5941000 	ldr	r1, [r4]
    2778:	e5950030 	ldr	r0, [r5, #48]	@ 0x30
    277c:	e2911010 	adds	r1, r1, #16
    2780:	2a0000b2 	bcs	0x2a50
    2784:	e59fca58 	ldr	ip, [pc, #2648]	@ 0x31e4
    2788:	e151000c 	cmp	r1, ip
    278c:	8a0000af 	bhi	0x2a50
    2790:	e0800001 	add	r0, r0, r1
    2794:	e3a01000 	mov	r1, #0
    2798:	e3a02000 	mov	r2, #0
    279c:	e5802000 	str	r2, [r0]
    27a0:	e5801004 	str	r1, [r0, #4]
    27a4:	e5941000 	ldr	r1, [r4]
    27a8:	e5950030 	ldr	r0, [r5, #48]	@ 0x30
    27ac:	e291102c 	adds	r1, r1, #44	@ 0x2c
    27b0:	2a0000a6 	bcs	0x2a50
    27b4:	e59fc9dc 	ldr	ip, [pc, #2524]	@ 0x3198
    27b8:	e151000c 	cmp	r1, ip
    27bc:	8a0000a3 	bhi	0x2a50
    27c0:	e7906001 	ldr	r6, [r0, r1]
    27c4:	e5941000 	ldr	r1, [r4]
    27c8:	e5950030 	ldr	r0, [r5, #48]	@ 0x30
    27cc:	e5942014 	ldr	r2, [r4, #20]
    27d0:	e291102c 	adds	r1, r1, #44	@ 0x2c
    27d4:	2a00009d 	bcs	0x2a50
    27d8:	e59fc9b8 	ldr	ip, [pc, #2488]	@ 0x3198
    27dc:	e151000c 	cmp	r1, ip
    27e0:	8a00009a 	bhi	0x2a50
    27e4:	e7802001 	str	r2, [r0, r1]
    27e8:	ea00000a 	b	0x2818
    27ec:	e3a06000 	mov	r6, #0
    27f0:	e5942000 	ldr	r2, [r4]
    27f4:	e5951030 	ldr	r1, [r5, #48]	@ 0x30
    27f8:	e2922010 	adds	r2, r2, #16
    27fc:	2a000093 	bcs	0x2a50
    2800:	e59fc990 	ldr	ip, [pc, #2448]	@ 0x3198
    2804:	e152000c 	cmp	r2, ip
    2808:	8a000090 	bhi	0x2a50
    280c:	e7910002 	ldr	r0, [r1, r2]
    2810:	e3500000 	cmp	r0, #0
    2814:	1a00000a 	bne	0x2844
    2818:	e3e0b000 	mvn	fp, #0
    281c:	e59f09c4 	ldr	r0, [pc, #2500]	@ 0x31e8
    2820:	e1a01004 	mov	r1, r4
    2824:	e59d2000 	ldr	r2, [sp]
    2828:	e59fc9bc 	ldr	ip, [pc, #2492]	@ 0x31ec
    282c:	e12fff3c 	blx	ip
    2830:	e3500000 	cmp	r0, #0
    2834:	1a000088 	bne	0x2a5c
    2838:	e594003c 	ldr	r0, [r4, #60]	@ 0x3c
    283c:	e3500000 	cmp	r0, #0
    2840:	1a000014 	bne	0x2898
    2844:	e594c014 	ldr	ip, [r4, #20]
    2848:	e28c00c8 	add	r0, ip, #200	@ 0xc8
    284c:	e594c014 	ldr	ip, [r4, #20]
    2850:	e28c1050 	add	r1, ip, #80	@ 0x50
    2854:	e594c014 	ldr	ip, [r4, #20]
    2858:	e28c20a0 	add	r2, ip, #160	@ 0xa0
    285c:	e5847004 	str	r7, [r4, #4]
    2860:	e5840044 	str	r0, [r4, #68]	@ 0x44
    2864:	e5841048 	str	r1, [r4, #72]	@ 0x48
    2868:	e584204c 	str	r2, [r4, #76]	@ 0x4c
    286c:	e584800c 	str	r8, [r4, #12]
    2870:	e5849010 	str	r9, [r4, #16]
    2874:	e59f0974 	ldr	r0, [pc, #2420]	@ 0x31f0
    2878:	e1a01004 	mov	r1, r4
    287c:	e59d2000 	ldr	r2, [sp]
    2880:	e59fc96c 	ldr	ip, [pc, #2412]	@ 0x31f4
    2884:	e12fff3c 	blx	ip
    2888:	e3500000 	cmp	r0, #0
    288c:	1a000072 	bne	0x2a5c
    2890:	e594003c 	ldr	r0, [r4, #60]	@ 0x3c
    2894:	e1a0b000 	mov	fp, r0
    2898:	e20aa020 	and	sl, sl, #32
    289c:	e3560000 	cmp	r6, #0
    28a0:	0a000043 	beq	0x29b4
    28a4:	e5942000 	ldr	r2, [r4]
    28a8:	e5951030 	ldr	r1, [r5, #48]	@ 0x30
    28ac:	e2922024 	adds	r2, r2, #36	@ 0x24
    28b0:	2a000066 	bcs	0x2a50
    28b4:	e59fc8dc 	ldr	ip, [pc, #2268]	@ 0x3198
    28b8:	e152000c 	cmp	r2, ip
    28bc:	8a000063 	bhi	0x2a50
    28c0:	e7910002 	ldr	r0, [r1, r2]
    28c4:	e3a0e000 	mov	lr, #0
    28c8:	e584e024 	str	lr, [r4, #36]	@ 0x24
    28cc:	e3a0e000 	mov	lr, #0
    28d0:	e584e024 	str	lr, [r4, #36]	@ 0x24
    28d4:	e5840048 	str	r0, [r4, #72]	@ 0x48
    28d8:	e59f0918 	ldr	r0, [pc, #2328]	@ 0x31f8
    28dc:	e1a01004 	mov	r1, r4
    28e0:	e59d2000 	ldr	r2, [sp]
    28e4:	e59fc910 	ldr	ip, [pc, #2320]	@ 0x31fc
    28e8:	e12fff3c 	blx	ip
    28ec:	e3500000 	cmp	r0, #0
    28f0:	1a000059 	bne	0x2a5c
    28f4:	e5941000 	ldr	r1, [r4]
    28f8:	e5950030 	ldr	r0, [r5, #48]	@ 0x30
    28fc:	e2911030 	adds	r1, r1, #48	@ 0x30
    2900:	2a000052 	bcs	0x2a50
    2904:	e59fc88c 	ldr	ip, [pc, #2188]	@ 0x3198
    2908:	e151000c 	cmp	r1, ip
    290c:	8a00004f 	bhi	0x2a50
    2910:	e3a0e000 	mov	lr, #0
    2914:	e780e001 	str	lr, [r0, r1]
    2918:	e5941000 	ldr	r1, [r4]
    291c:	e5950030 	ldr	r0, [r5, #48]	@ 0x30
    2920:	e291102c 	adds	r1, r1, #44	@ 0x2c
    2924:	2a000049 	bcs	0x2a50
    2928:	e59fc868 	ldr	ip, [pc, #2152]	@ 0x3198
    292c:	e151000c 	cmp	r1, ip
    2930:	8a000046 	bhi	0x2a50
    2934:	e7806001 	str	r6, [r0, r1]
    2938:	e5941000 	ldr	r1, [r4]
    293c:	e5950030 	ldr	r0, [r5, #48]	@ 0x30
    2940:	e291101c 	adds	r1, r1, #28
    2944:	2a000041 	bcs	0x2a50
    2948:	e59fc848 	ldr	ip, [pc, #2120]	@ 0x3198
    294c:	e151000c 	cmp	r1, ip
    2950:	8a00003e 	bhi	0x2a50
    2954:	e3a0e000 	mov	lr, #0
    2958:	e780e001 	str	lr, [r0, r1]
    295c:	e5942000 	ldr	r2, [r4]
    2960:	e5951030 	ldr	r1, [r5, #48]	@ 0x30
    2964:	e2922014 	adds	r2, r2, #20
    2968:	2a000038 	bcs	0x2a50
    296c:	e59fc824 	ldr	ip, [pc, #2084]	@ 0x3198
    2970:	e152000c 	cmp	r2, ip
    2974:	8a000035 	bhi	0x2a50
    2978:	e7910002 	ldr	r0, [r1, r2]
    297c:	e5942000 	ldr	r2, [r4]
    2980:	e5951030 	ldr	r1, [r5, #48]	@ 0x30
    2984:	e2922010 	adds	r2, r2, #16
    2988:	2a000030 	bcs	0x2a50
    298c:	e59fc850 	ldr	ip, [pc, #2128]	@ 0x31e4
    2990:	e152000c 	cmp	r2, ip
    2994:	8a00002d 	bhi	0x2a50
    2998:	e0811002 	add	r1, r1, r2
    299c:	e3a02000 	mov	r2, #0
    29a0:	e3a03000 	mov	r3, #0
    29a4:	e5813000 	str	r3, [r1]
    29a8:	e5812004 	str	r2, [r1, #4]
    29ac:	e3500000 	cmp	r0, #0
    29b0:	03e0b000 	mvneq	fp, #0
    29b4:	e5942000 	ldr	r2, [r4]
    29b8:	e5951030 	ldr	r1, [r5, #48]	@ 0x30
    29bc:	e59fc7d4 	ldr	ip, [pc, #2004]	@ 0x3198
    29c0:	e152000c 	cmp	r2, ip
    29c4:	8a000021 	bhi	0x2a50
    29c8:	e7910002 	ldr	r0, [r1, r2]
    29cc:	e1a01000 	mov	r1, r0
    29d0:	e180000a 	orr	r0, r0, sl
    29d4:	e5943000 	ldr	r3, [r4]
    29d8:	e5952030 	ldr	r2, [r5, #48]	@ 0x30
    29dc:	e59fc7b4 	ldr	ip, [pc, #1972]	@ 0x3198
    29e0:	e153000c 	cmp	r3, ip
    29e4:	8a000019 	bhi	0x2a50
    29e8:	e7820003 	str	r0, [r2, r3]
    29ec:	e3110020 	tst	r1, #32
    29f0:	e3e0e000 	mvn	lr, #0
    29f4:	01a0e00b 	moveq	lr, fp
    29f8:	e584e010 	str	lr, [r4, #16]
    29fc:	e594c018 	ldr	ip, [r4, #24]
    2a00:	e35c0000 	cmp	ip, #0
    2a04:	1a000007 	bne	0x2a28
    2a08:	e3a009ff 	mov	r0, #4177920	@ 0x3fc000
    2a0c:	e3800ef1 	orr	r0, r0, #3856	@ 0xf10
    2a10:	e1a01004 	mov	r1, r4
    2a14:	e59d2000 	ldr	r2, [sp]
    2a18:	e59fc7e0 	ldr	ip, [pc, #2016]	@ 0x3200
    2a1c:	e12fff3c 	blx	ip
    2a20:	e3500000 	cmp	r0, #0
    2a24:	1a00000c 	bne	0x2a5c
    2a28:	e594c014 	ldr	ip, [r4, #20]
    2a2c:	e28c00d0 	add	r0, ip, #208	@ 0xd0
    2a30:	e595103c 	ldr	r1, [r5, #60]	@ 0x3c
    2a34:	e5810008 	str	r0, [r1, #8]
    2a38:	e3a009ff 	mov	r0, #4177920	@ 0x3fc000
    2a3c:	e3800ef4 	orr	r0, r0, #244, 28	@ 0xf40
    2a40:	e30ccabc 	movw	ip, #51900	@ 0xcabc
    2a44:	e34ccdef 	movt	ip, #52719	@ 0xcdef
    2a48:	e28dd004 	add	sp, sp, #4
    2a4c:	e8bd8fc0 	pop	{r6, r7, r8, r9, sl, fp, pc}
    2a50:	e3a00008 	mov	r0, #8
    2a54:	e59d1000 	ldr	r1, [sp]
    2a58:	e5810010 	str	r0, [r1, #16]
    2a5c:	e59d0000 	ldr	r0, [sp]
    2a60:	e59d101c 	ldr	r1, [sp, #28]
    2a64:	e59fc798 	ldr	ip, [pc, #1944]	@ 0x3204
    2a68:	e12fff3c 	blx	ip
    2a6c:	e28dd004 	add	sp, sp, #4
    2a70:	e8bd0fc0 	pop	{r6, r7, r8, r9, sl, fp}
    2a74:	e28dd004 	add	sp, sp, #4
    2a78:	e12fff10 	bx	r0
    2a7c:	e92d4fc0 	push	{r6, r7, r8, r9, sl, fp, lr}
    2a80:	e24dd004 	sub	sp, sp, #4
    2a84:	e58d0000 	str	r0, [sp]
    2a88:	e30cc123 	movw	ip, #49443	@ 0xc123
    2a8c:	e34cc456 	movt	ip, #50262	@ 0xc456
    2a90:	e595e03c 	ldr	lr, [r5, #60]	@ 0x3c
    2a94:	e59e0008 	ldr	r0, [lr, #8]
    2a98:	e2400040 	sub	r0, r0, #64	@ 0x40
    2a9c:	e584001c 	str	r0, [r4, #28]
    2aa0:	e595103c 	ldr	r1, [r5, #60]	@ 0x3c
    2aa4:	e5810008 	str	r0, [r1, #8]
    2aa8:	e594101c 	ldr	r1, [r4, #28]
    2aac:	e5950030 	ldr	r0, [r5, #48]	@ 0x30
    2ab0:	e5942004 	ldr	r2, [r4, #4]
    2ab4:	e291103c 	adds	r1, r1, #60	@ 0x3c
    2ab8:	2a000641 	bcs	0x43c4
    2abc:	e59fc6d4 	ldr	ip, [pc, #1748]	@ 0x3198
    2ac0:	e151000c 	cmp	r1, ip
    2ac4:	8a00063e 	bhi	0x43c4
    2ac8:	e7802001 	str	r2, [r0, r1]
    2acc:	e594c01c 	ldr	ip, [r4, #28]
    2ad0:	e28ce029 	add	lr, ip, #41	@ 0x29
    2ad4:	e584e020 	str	lr, [r4, #32]
    2ad8:	e594c01c 	ldr	ip, [r4, #28]
    2adc:	e28ce027 	add	lr, ip, #39	@ 0x27
    2ae0:	e584e024 	str	lr, [r4, #36]	@ 0x24
    2ae4:	e594c01c 	ldr	ip, [r4, #28]
    2ae8:	e28ce028 	add	lr, ip, #40	@ 0x28
    2aec:	e584e028 	str	lr, [r4, #40]	@ 0x28
    2af0:	e3a0e000 	mov	lr, #0
    2af4:	e584e02c 	str	lr, [r4, #44]	@ 0x2c
    2af8:	e3a0e000 	mov	lr, #0
    2afc:	e584e030 	str	lr, [r4, #48]	@ 0x30
    2b00:	e3a0e000 	mov	lr, #0
    2b04:	e584e034 	str	lr, [r4, #52]	@ 0x34
    2b08:	e594e004 	ldr	lr, [r4, #4]
    2b0c:	e584e038 	str	lr, [r4, #56]	@ 0x38
    2b10:	e594c030 	ldr	ip, [r4, #48]	@ 0x30
    2b14:	e3e0e480 	mvn	lr, #128, 8	@ 0x80000000
    2b18:	e02c000e 	eor	r0, ip, lr
    2b1c:	e594c034 	ldr	ip, [r4, #52]	@ 0x34
    2b20:	e15c0000 	cmp	ip, r0
    2b24:	ca00060b 	bgt	0x4358
    2b28:	e594e030 	ldr	lr, [r4, #48]	@ 0x30
    2b2c:	e594c034 	ldr	ip, [r4, #52]	@ 0x34
    2b30:	e08ce00e 	add	lr, ip, lr
    2b34:	e584e030 	str	lr, [r4, #48]	@ 0x30
    2b38:	e594e038 	ldr	lr, [r4, #56]	@ 0x38
    2b3c:	e584e034 	str	lr, [r4, #52]	@ 0x34
    2b40:	e5943038 	ldr	r3, [r4, #56]	@ 0x38
    2b44:	e5952030 	ldr	r2, [r5, #48]	@ 0x30
    2b48:	e3e0c4fe 	mvn	ip, #-33554432	@ 0xfe000000
    2b4c:	e3ccc8fe 	bic	ip, ip, #16646144	@ 0xfe0000
    2b50:	e153000c 	cmp	r3, ip
    2b54:	8a00061a 	bhi	0x43c4
    2b58:	e7d21003 	ldrb	r1, [r2, r3]
    2b5c:	e584103c 	str	r1, [r4, #60]	@ 0x3c
    2b60:	e3510000 	cmp	r1, #0
    2b64:	0a000513 	beq	0x3fb8
    2b68:	e594c03c 	ldr	ip, [r4, #60]	@ 0x3c
    2b6c:	e20c10ff 	and	r1, ip, #255	@ 0xff
    2b70:	e1a03001 	mov	r3, r1
    2b74:	e3510000 	cmp	r1, #0
    2b78:	1a000002 	bne	0x2b88
    2b7c:	e594e034 	ldr	lr, [r4, #52]	@ 0x34
    2b80:	e584e004 	str	lr, [r4, #4]
    2b84:	ea000020 	b	0x2c0c
    2b88:	e3530025 	cmp	r3, #37	@ 0x25
    2b8c:	1a0004fb 	bne	0x3f80
    2b90:	e5941034 	ldr	r1, [r4, #52]	@ 0x34
    2b94:	e1a08001 	mov	r8, r1
    2b98:	e5957030 	ldr	r7, [r5, #48]	@ 0x30
    2b9c:	e2988001 	adds	r8, r8, #1
    2ba0:	2a000607 	bcs	0x43c4
    2ba4:	e3e0c4fe 	mvn	ip, #-33554432	@ 0xfe000000
    2ba8:	e3ccc8fe 	bic	ip, ip, #16646144	@ 0xfe0000
    2bac:	e158000c 	cmp	r8, ip
    2bb0:	8a000603 	bhi	0x43c4
    2bb4:	e7d73008 	ldrb	r3, [r7, r8]
    2bb8:	e3530025 	cmp	r3, #37	@ 0x25
    2bbc:	0a000001 	beq	0x2bc8
    2bc0:	e5841004 	str	r1, [r4, #4]
    2bc4:	ea000010 	b	0x2c0c
    2bc8:	e594c034 	ldr	ip, [r4, #52]	@ 0x34
    2bcc:	e28ce001 	add	lr, ip, #1
    2bd0:	e584e034 	str	lr, [r4, #52]	@ 0x34
    2bd4:	e1a08001 	mov	r8, r1
    2bd8:	e5957030 	ldr	r7, [r5, #48]	@ 0x30
    2bdc:	e2988002 	adds	r8, r8, #2
    2be0:	2a0005f7 	bcs	0x43c4
    2be4:	e3e0c4fe 	mvn	ip, #-33554432	@ 0xfe000000
    2be8:	e3ccc8fe 	bic	ip, ip, #16646144	@ 0xfe0000
    2bec:	e158000c 	cmp	r8, ip
    2bf0:	8a0005f3 	bhi	0x43c4
    2bf4:	e7d73008 	ldrb	r3, [r7, r8]
    2bf8:	e2817002 	add	r7, r1, #2
    2bfc:	e5847004 	str	r7, [r4, #4]
    2c00:	e1a01007 	mov	r1, r7
    2c04:	e3530025 	cmp	r3, #37	@ 0x25
    2c08:	0affffe1 	beq	0x2b94
    2c0c:	e594e038 	ldr	lr, [r4, #56]	@ 0x38
    2c10:	e594c034 	ldr	ip, [r4, #52]	@ 0x34
    2c14:	e04c100e 	sub	r1, ip, lr
    2c18:	e5841034 	str	r1, [r4, #52]	@ 0x34
    2c1c:	e594c030 	ldr	ip, [r4, #48]	@ 0x30
    2c20:	e3e0e480 	mvn	lr, #128, 8	@ 0x80000000
    2c24:	e02c300e 	eor	r3, ip, lr
    2c28:	e584303c 	str	r3, [r4, #60]	@ 0x3c
    2c2c:	e1510003 	cmp	r1, r3
    2c30:	ca0005c8 	bgt	0x4358
    2c34:	e594c000 	ldr	ip, [r4]
    2c38:	e35c0000 	cmp	ip, #0
    2c3c:	0a000006 	beq	0x2c5c
    2c40:	e59f05c0 	ldr	r0, [pc, #1472]	@ 0x3208
    2c44:	e1a01004 	mov	r1, r4
    2c48:	e59d2000 	ldr	r2, [sp]
    2c4c:	e59fc5b8 	ldr	ip, [pc, #1464]	@ 0x320c
    2c50:	e12fff3c 	blx	ip
    2c54:	e3500000 	cmp	r0, #0
    2c58:	1a0005dc 	bne	0x43d0
    2c5c:	e594c034 	ldr	ip, [r4, #52]	@ 0x34
    2c60:	e35c0000 	cmp	ip, #0
    2c64:	1affffa7 	bne	0x2b08
    2c68:	e594301c 	ldr	r3, [r4, #28]
    2c6c:	e5951030 	ldr	r1, [r5, #48]	@ 0x30
    2c70:	e5948004 	ldr	r8, [r4, #4]
    2c74:	e293303c 	adds	r3, r3, #60	@ 0x3c
    2c78:	2a0005d1 	bcs	0x43c4
    2c7c:	e59fc514 	ldr	ip, [pc, #1300]	@ 0x3198
    2c80:	e153000c 	cmp	r3, ip
    2c84:	8a0005ce 	bhi	0x43c4
    2c88:	e7818003 	str	r8, [r1, r3]
    2c8c:	e594c004 	ldr	ip, [r4, #4]
    2c90:	e28c1001 	add	r1, ip, #1
    2c94:	e3e08000 	mvn	r8, #0
    2c98:	e594a004 	ldr	sl, [r4, #4]
    2c9c:	e5959030 	ldr	r9, [r5, #48]	@ 0x30
    2ca0:	e29aa001 	adds	sl, sl, #1
    2ca4:	2a0005c6 	bcs	0x43c4
    2ca8:	e3e0c4fe 	mvn	ip, #-33554432	@ 0xfe000000
    2cac:	e3ccc8fe 	bic	ip, ip, #16646144	@ 0xfe0000
    2cb0:	e15a000c 	cmp	sl, ip
    2cb4:	8a0005c2 	bhi	0x43c4
    2cb8:	e19930da 	ldrsb	r3, [r9, sl]
    2cbc:	e2433030 	sub	r3, r3, #48	@ 0x30
    2cc0:	e1a09003 	mov	r9, r3
    2cc4:	e3530009 	cmp	r3, #9
    2cc8:	8a00000f 	bhi	0x2d0c
    2ccc:	e594b004 	ldr	fp, [r4, #4]
    2cd0:	e595a030 	ldr	sl, [r5, #48]	@ 0x30
    2cd4:	e29bb002 	adds	fp, fp, #2
    2cd8:	2a0005b9 	bcs	0x43c4
    2cdc:	e3e0c4fe 	mvn	ip, #-33554432	@ 0xfe000000
    2ce0:	e3ccc8fe 	bic	ip, ip, #16646144	@ 0xfe0000
    2ce4:	e15b000c 	cmp	fp, ip
    2ce8:	8a0005b5 	bhi	0x43c4
    2cec:	e7da300b 	ldrb	r3, [sl, fp]
    2cf0:	e3530024 	cmp	r3, #36	@ 0x24
    2cf4:	1a000004 	bne	0x2d0c
    2cf8:	e594c004 	ldr	ip, [r4, #4]
    2cfc:	e28c1003 	add	r1, ip, #3
    2d00:	e3a0e001 	mov	lr, #1
    2d04:	e584e02c 	str	lr, [r4, #44]	@ 0x2c
    2d08:	e1a08009 	mov	r8, r9
    2d0c:	e594901c 	ldr	r9, [r4, #28]
    2d10:	e5953030 	ldr	r3, [r5, #48]	@ 0x30
    2d14:	e299903c 	adds	r9, r9, #60	@ 0x3c
    2d18:	2a0005a9 	bcs	0x43c4
    2d1c:	e59fc474 	ldr	ip, [pc, #1140]	@ 0x3198
    2d20:	e159000c 	cmp	r9, ip
    2d24:	8a0005a6 	bhi	0x43c4
    2d28:	e7831009 	str	r1, [r3, r9]
    2d2c:	e3a09000 	mov	r9, #0
    2d30:	e1a0b001 	mov	fp, r1
    2d34:	e595a030 	ldr	sl, [r5, #48]	@ 0x30
    2d38:	e3e0c4fe 	mvn	ip, #-33554432	@ 0xfe000000
    2d3c:	e3ccc8fe 	bic	ip, ip, #16646144	@ 0xfe0000
    2d40:	e15b000c 	cmp	fp, ip
    2d44:	8a00059e 	bhi	0x43c4
    2d48:	e19a30db 	ldrsb	r3, [sl, fp]
    2d4c:	e1a0a003 	mov	sl, r3
    2d50:	e2433020 	sub	r3, r3, #32
    2d54:	e1a0b003 	mov	fp, r3
    2d58:	e353001f 	cmp	r3, #31
    2d5c:	9a000001 	bls	0x2d68
    2d60:	e1a03001 	mov	r3, r1
    2d64:	ea00002b 	b	0x2e18
    2d68:	e3a09000 	mov	r9, #0
    2d6c:	e1a03001 	mov	r3, r1
    2d70:	e3a0c001 	mov	ip, #1
    2d74:	e20be01f 	and	lr, fp, #31
    2d78:	e1a0be1c 	lsl	fp, ip, lr
    2d7c:	e1a0600b 	mov	r6, fp
    2d80:	e3a0cb4a 	mov	ip, #75776	@ 0x12800
    2d84:	e38cc089 	orr	ip, ip, #137	@ 0x89
    2d88:	e11b000c 	tst	fp, ip
    2d8c:	0a000021 	beq	0x2e18
    2d90:	e281b001 	add	fp, r1, #1
    2d94:	e1a0300b 	mov	r3, fp
    2d98:	e594001c 	ldr	r0, [r4, #28]
    2d9c:	e5957030 	ldr	r7, [r5, #48]	@ 0x30
    2da0:	e290003c 	adds	r0, r0, #60	@ 0x3c
    2da4:	2a000586 	bcs	0x43c4
    2da8:	e59fc3e8 	ldr	ip, [pc, #1000]	@ 0x3198
    2dac:	e150000c 	cmp	r0, ip
    2db0:	8a000583 	bhi	0x43c4
    2db4:	e787b000 	str	fp, [r7, r0]
    2db8:	e1869009 	orr	r9, r6, r9
    2dbc:	e1a0b001 	mov	fp, r1
    2dc0:	e5957030 	ldr	r7, [r5, #48]	@ 0x30
    2dc4:	e29bb001 	adds	fp, fp, #1
    2dc8:	2a00057d 	bcs	0x43c4
    2dcc:	e3e0c4fe 	mvn	ip, #-33554432	@ 0xfe000000
    2dd0:	e3ccc8fe 	bic	ip, ip, #16646144	@ 0xfe0000
    2dd4:	e15b000c 	cmp	fp, ip
    2dd8:	8a000579 	bhi	0x43c4
    2ddc:	e19700db 	ldrsb	r0, [r7, fp]
    2de0:	e1a0a000 	mov	sl, r0
    2de4:	e2400020 	sub	r0, r0, #32
    2de8:	e1a07000 	mov	r7, r0
    2dec:	e3500020 	cmp	r0, #32
    2df0:	2a000008 	bcs	0x2e18
    2df4:	e1a01003 	mov	r1, r3
    2df8:	e3a0c001 	mov	ip, #1
    2dfc:	e207e01f 	and	lr, r7, #31
    2e00:	e1a07e1c 	lsl	r7, ip, lr
    2e04:	e1a06007 	mov	r6, r7
    2e08:	e3a0cb4a 	mov	ip, #75776	@ 0x12800
    2e0c:	e38cc089 	orr	ip, ip, #137	@ 0x89
    2e10:	e117000c 	tst	r7, ip
    2e14:	1affffdd 	bne	0x2d90
    2e18:	e35a002a 	cmp	sl, #42	@ 0x2a
    2e1c:	1a000071 	bne	0x2fe8
    2e20:	e1a06003 	mov	r6, r3
    2e24:	e5951030 	ldr	r1, [r5, #48]	@ 0x30
    2e28:	e2966001 	adds	r6, r6, #1
    2e2c:	2a000564 	bcs	0x43c4
    2e30:	e3e0c4fe 	mvn	ip, #-33554432	@ 0xfe000000
    2e34:	e3ccc8fe 	bic	ip, ip, #16646144	@ 0xfe0000
    2e38:	e156000c 	cmp	r6, ip
    2e3c:	8a000560 	bhi	0x43c4
    2e40:	e19100d6 	ldrsb	r0, [r1, r6]
    2e44:	e2400030 	sub	r0, r0, #48	@ 0x30
    2e48:	e1a01000 	mov	r1, r0
    2e4c:	e3500009 	cmp	r0, #9
    2e50:	8a000027 	bhi	0x2ef4
    2e54:	e1a07003 	mov	r7, r3
    2e58:	e5956030 	ldr	r6, [r5, #48]	@ 0x30
    2e5c:	e2977002 	adds	r7, r7, #2
    2e60:	2a000557 	bcs	0x43c4
    2e64:	e3e0c4fe 	mvn	ip, #-33554432	@ 0xfe000000
    2e68:	e3ccc8fe 	bic	ip, ip, #16646144	@ 0xfe0000
    2e6c:	e157000c 	cmp	r7, ip
    2e70:	8a000553 	bhi	0x43c4
    2e74:	e7d60007 	ldrb	r0, [r6, r7]
    2e78:	e3500024 	cmp	r0, #36	@ 0x24
    2e7c:	1a00001c 	bne	0x2ef4
    2e80:	e594c000 	ldr	ip, [r4]
    2e84:	e35c0000 	cmp	ip, #0
    2e88:	1a00000b 	bne	0x2ebc
    2e8c:	e1a00101 	lsl	r0, r1, #2
    2e90:	e594c010 	ldr	ip, [r4, #16]
    2e94:	e08c0000 	add	r0, ip, r0
    2e98:	e5956030 	ldr	r6, [r5, #48]	@ 0x30
    2e9c:	e59fc2f4 	ldr	ip, [pc, #756]	@ 0x3198
    2ea0:	e150000c 	cmp	r0, ip
    2ea4:	8a000546 	bhi	0x43c4
    2ea8:	e3a0e00a 	mov	lr, #10
    2eac:	e786e000 	str	lr, [r6, r0]
    2eb0:	e3a0e000 	mov	lr, #0
    2eb4:	e584e050 	str	lr, [r4, #80]	@ 0x50
    2eb8:	ea000008 	b	0x2ee0
    2ebc:	e1a01181 	lsl	r1, r1, #3
    2ec0:	e594c00c 	ldr	ip, [r4, #12]
    2ec4:	e08c1001 	add	r1, ip, r1
    2ec8:	e5950030 	ldr	r0, [r5, #48]	@ 0x30
    2ecc:	e59fc2c4 	ldr	ip, [pc, #708]	@ 0x3198
    2ed0:	e151000c 	cmp	r1, ip
    2ed4:	8a00053a 	bhi	0x43c4
    2ed8:	e790e001 	ldr	lr, [r0, r1]
    2edc:	e584e050 	str	lr, [r4, #80]	@ 0x50
    2ee0:	e283e003 	add	lr, r3, #3
    2ee4:	e584e004 	str	lr, [r4, #4]
    2ee8:	e3a0e001 	mov	lr, #1
    2eec:	e584e02c 	str	lr, [r4, #44]	@ 0x2c
    2ef0:	ea00002b 	b	0x2fa4
    2ef4:	e594c02c 	ldr	ip, [r4, #44]	@ 0x2c
    2ef8:	e35c0000 	cmp	ip, #0
    2efc:	1a00046a 	bne	0x40ac
    2f00:	e283e001 	add	lr, r3, #1
    2f04:	e584e004 	str	lr, [r4, #4]
    2f08:	e594c000 	ldr	ip, [r4]
    2f0c:	e35c0000 	cmp	ip, #0
    2f10:	1a00000d 	bne	0x2f4c
    2f14:	e594101c 	ldr	r1, [r4, #28]
    2f18:	e5950030 	ldr	r0, [r5, #48]	@ 0x30
    2f1c:	e5943004 	ldr	r3, [r4, #4]
    2f20:	e291103c 	adds	r1, r1, #60	@ 0x3c
    2f24:	2a000526 	bcs	0x43c4
    2f28:	e59fc268 	ldr	ip, [pc, #616]	@ 0x3198
    2f2c:	e151000c 	cmp	r1, ip
    2f30:	8a000523 	bhi	0x43c4
    2f34:	e7803001 	str	r3, [r0, r1]
    2f38:	e3a0e000 	mov	lr, #0
    2f3c:	e584e02c 	str	lr, [r4, #44]	@ 0x2c
    2f40:	e3a0e000 	mov	lr, #0
    2f44:	e584e050 	str	lr, [r4, #80]	@ 0x50
    2f48:	ea00003d 	b	0x3044
    2f4c:	e5943008 	ldr	r3, [r4, #8]
    2f50:	e5951030 	ldr	r1, [r5, #48]	@ 0x30
    2f54:	e59fc23c 	ldr	ip, [pc, #572]	@ 0x3198
    2f58:	e153000c 	cmp	r3, ip
    2f5c:	8a000518 	bhi	0x43c4
    2f60:	e7910003 	ldr	r0, [r1, r3]
    2f64:	e1a01000 	mov	r1, r0
    2f68:	e2800004 	add	r0, r0, #4
    2f6c:	e5947008 	ldr	r7, [r4, #8]
    2f70:	e5953030 	ldr	r3, [r5, #48]	@ 0x30
    2f74:	e59fc21c 	ldr	ip, [pc, #540]	@ 0x3198
    2f78:	e157000c 	cmp	r7, ip
    2f7c:	8a000510 	bhi	0x43c4
    2f80:	e7830007 	str	r0, [r3, r7]
    2f84:	e5950030 	ldr	r0, [r5, #48]	@ 0x30
    2f88:	e59fc208 	ldr	ip, [pc, #520]	@ 0x3198
    2f8c:	e151000c 	cmp	r1, ip
    2f90:	8a00050b 	bhi	0x43c4
    2f94:	e790e001 	ldr	lr, [r0, r1]
    2f98:	e584e050 	str	lr, [r4, #80]	@ 0x50
    2f9c:	e3a0e000 	mov	lr, #0
    2fa0:	e584e02c 	str	lr, [r4, #44]	@ 0x2c
    2fa4:	e594101c 	ldr	r1, [r4, #28]
    2fa8:	e5950030 	ldr	r0, [r5, #48]	@ 0x30
    2fac:	e5943004 	ldr	r3, [r4, #4]
    2fb0:	e291103c 	adds	r1, r1, #60	@ 0x3c
    2fb4:	2a000502 	bcs	0x43c4
    2fb8:	e59fc1d8 	ldr	ip, [pc, #472]	@ 0x3198
    2fbc:	e151000c 	cmp	r1, ip
    2fc0:	8a0004ff 	bhi	0x43c4
    2fc4:	e7803001 	str	r3, [r0, r1]
    2fc8:	e594c050 	ldr	ip, [r4, #80]	@ 0x50
    2fcc:	e37c0001 	cmn	ip, #1
    2fd0:	ca00001b 	bgt	0x3044
    2fd4:	e594c050 	ldr	ip, [r4, #80]	@ 0x50
    2fd8:	e26ce000 	rsb	lr, ip, #0
    2fdc:	e584e050 	str	lr, [r4, #80]	@ 0x50
    2fe0:	e3899d80 	orr	r9, r9, #128, 26	@ 0x2000
    2fe4:	ea000016 	b	0x3044
    2fe8:	e594c01c 	ldr	ip, [r4, #28]
    2fec:	e28c003c 	add	r0, ip, #60	@ 0x3c
    2ff0:	e5840088 	str	r0, [r4, #136]	@ 0x88
    2ff4:	e59f0214 	ldr	r0, [pc, #532]	@ 0x3210
    2ff8:	e1a01004 	mov	r1, r4
    2ffc:	e59d2000 	ldr	r2, [sp]
    3000:	e59fc20c 	ldr	ip, [pc, #524]	@ 0x3214
    3004:	e12fff3c 	blx	ip
    3008:	e3500000 	cmp	r0, #0
    300c:	1a0004ef 	bne	0x43d0
    3010:	e5940088 	ldr	r0, [r4, #136]	@ 0x88
    3014:	e5840050 	str	r0, [r4, #80]	@ 0x50
    3018:	e3500000 	cmp	r0, #0
    301c:	ba0004cd 	blt	0x4358
    3020:	e594101c 	ldr	r1, [r4, #28]
    3024:	e5950030 	ldr	r0, [r5, #48]	@ 0x30
    3028:	e291103c 	adds	r1, r1, #60	@ 0x3c
    302c:	2a0004e4 	bcs	0x43c4
    3030:	e59fc160 	ldr	ip, [pc, #352]	@ 0x3198
    3034:	e151000c 	cmp	r1, ip
    3038:	8a0004e1 	bhi	0x43c4
    303c:	e790e001 	ldr	lr, [r0, r1]
    3040:	e584e004 	str	lr, [r4, #4]
    3044:	e3a07000 	mov	r7, #0
    3048:	e3e0e000 	mvn	lr, #0
    304c:	e584e054 	str	lr, [r4, #84]	@ 0x54
    3050:	e5943004 	ldr	r3, [r4, #4]
    3054:	e5951030 	ldr	r1, [r5, #48]	@ 0x30
    3058:	e3e0c4fe 	mvn	ip, #-33554432	@ 0xfe000000
    305c:	e3ccc8fe 	bic	ip, ip, #16646144	@ 0xfe0000
    3060:	e153000c 	cmp	r3, ip
    3064:	8a0004d6 	bhi	0x43c4
    3068:	e7d10003 	ldrb	r0, [r1, r3]
    306c:	e350002e 	cmp	r0, #46	@ 0x2e
    3070:	0a000001 	beq	0x307c
    3074:	e3a0b000 	mov	fp, #0
    3078:	ea0000b0 	b	0x3340
    307c:	e5943004 	ldr	r3, [r4, #4]
    3080:	e5951030 	ldr	r1, [r5, #48]	@ 0x30
    3084:	e2933001 	adds	r3, r3, #1
    3088:	2a0004cd 	bcs	0x43c4
    308c:	e3e0c4fe 	mvn	ip, #-33554432	@ 0xfe000000
    3090:	e3ccc8fe 	bic	ip, ip, #16646144	@ 0xfe0000
    3094:	e153000c 	cmp	r3, ip
    3098:	8a0004c9 	bhi	0x43c4
    309c:	e7d10003 	ldrb	r0, [r1, r3]
    30a0:	e350002a 	cmp	r0, #42	@ 0x2a
    30a4:	1a000085 	bne	0x32c0
    30a8:	e5943004 	ldr	r3, [r4, #4]
    30ac:	e5951030 	ldr	r1, [r5, #48]	@ 0x30
    30b0:	e2933002 	adds	r3, r3, #2
    30b4:	2a0004c2 	bcs	0x43c4
    30b8:	e3e0c4fe 	mvn	ip, #-33554432	@ 0xfe000000
    30bc:	e3ccc8fe 	bic	ip, ip, #16646144	@ 0xfe0000
    30c0:	e153000c 	cmp	r3, ip
    30c4:	8a0004be 	bhi	0x43c4
    30c8:	e19100d3 	ldrsb	r0, [r1, r3]
    30cc:	e2400030 	sub	r0, r0, #48	@ 0x30
    30d0:	e1a01000 	mov	r1, r0
    30d4:	e3500009 	cmp	r0, #9
    30d8:	8a000026 	bhi	0x3178
    30dc:	e5946004 	ldr	r6, [r4, #4]
    30e0:	e5953030 	ldr	r3, [r5, #48]	@ 0x30
    30e4:	e2966003 	adds	r6, r6, #3
    30e8:	2a0004b5 	bcs	0x43c4
    30ec:	e3e0c4fe 	mvn	ip, #-33554432	@ 0xfe000000
    30f0:	e3ccc8fe 	bic	ip, ip, #16646144	@ 0xfe0000
    30f4:	e156000c 	cmp	r6, ip
    30f8:	8a0004b1 	bhi	0x43c4
    30fc:	e7d30006 	ldrb	r0, [r3, r6]
    3100:	e3500024 	cmp	r0, #36	@ 0x24
    3104:	1a00001b 	bne	0x3178
    3108:	e594c000 	ldr	ip, [r4]
    310c:	e35c0000 	cmp	ip, #0
    3110:	1a00000b 	bne	0x3144
    3114:	e1a00101 	lsl	r0, r1, #2
    3118:	e594c010 	ldr	ip, [r4, #16]
    311c:	e08c0000 	add	r0, ip, r0
    3120:	e5953030 	ldr	r3, [r5, #48]	@ 0x30
    3124:	e59fc06c 	ldr	ip, [pc, #108]	@ 0x3198
    3128:	e150000c 	cmp	r0, ip
    312c:	8a0004a4 	bhi	0x43c4
    3130:	e3a0e00a 	mov	lr, #10
    3134:	e783e000 	str	lr, [r3, r0]
    3138:	e3a0e000 	mov	lr, #0
    313c:	e584e054 	str	lr, [r4, #84]	@ 0x54
    3140:	ea000008 	b	0x3168
    3144:	e1a01181 	lsl	r1, r1, #3
    3148:	e594c00c 	ldr	ip, [r4, #12]
    314c:	e08c1001 	add	r1, ip, r1
    3150:	e5950030 	ldr	r0, [r5, #48]	@ 0x30
    3154:	e59fc03c 	ldr	ip, [pc, #60]	@ 0x3198
    3158:	e151000c 	cmp	r1, ip
    315c:	8a000498 	bhi	0x43c4
    3160:	e790e001 	ldr	lr, [r0, r1]
    3164:	e584e054 	str	lr, [r4, #84]	@ 0x54
    3168:	e594c004 	ldr	ip, [r4, #4]
    316c:	e28ce004 	add	lr, ip, #4
    3170:	e584e004 	str	lr, [r4, #4]
    3174:	ea000043 	b	0x3288
    3178:	e594c02c 	ldr	ip, [r4, #44]	@ 0x2c
    317c:	e35c0000 	cmp	ip, #0
    3180:	1a0003c9 	bne	0x40ac
    3184:	e594c004 	ldr	ip, [r4, #4]
    3188:	ea000022 	b	0x3218
	...
    3198:	0101fffc 	strdeq	pc, [r1, -ip]
    319c:	003f9218 	eorseq	r9, pc, r8, lsl r2	@ <UNPREDICTABLE>
    31a0:	003f9284 	eorseq	r9, pc, r4, lsl #5
    31a4:	00047eac 	andeq	r7, r4, ip, lsr #29
    31a8:	003fc4fc 	ldrshteq	ip, [pc], -ip
    31ac:	000487b4 			@ <UNDEFINED> instruction: 0x000487b4
    31b0:	003fc568 	eorseq	ip, pc, r8, ror #10
    31b4:	00048af0 	strdeq	r8, [r4], -r0
    31b8:	003fc58c 	eorseq	ip, pc, ip, lsl #11
    31bc:	00048af0 	strdeq	r8, [r4], -r0
    31c0:	003fc6ac 	eorseq	ip, pc, ip, lsr #13
    31c4:	000487b4 			@ <UNDEFINED> instruction: 0x000487b4
    31c8:	003fc6f8 	ldrshteq	ip, [pc], -r8
    31cc:	00047eac 	andeq	r7, r4, ip, lsr #29
    31d0:	00049934 	andeq	r9, r4, r4, lsr r9
    31d4:	003fcc34 	eorseq	ip, pc, r4, lsr ip	@ <UNPREDICTABLE>
    31d8:	000487b4 			@ <UNDEFINED> instruction: 0x000487b4
    31dc:	003fccb4 	ldrhteq	ip, [pc], -r4
    31e0:	000487b4 			@ <UNDEFINED> instruction: 0x000487b4
    31e4:	0101fff8 	strdeq	pc, [r1, -r8]
    31e8:	003fcd94 	mlaseq	pc, r4, sp, ip	@ <UNPREDICTABLE>
    31ec:	000487b4 			@ <UNDEFINED> instruction: 0x000487b4
    31f0:	003fcdd4 	ldrsbteq	ip, [pc], -r4
    31f4:	000487b4 			@ <UNDEFINED> instruction: 0x000487b4
    31f8:	003fce28 	eorseq	ip, pc, r8, lsr #28
    31fc:	00048af0 	strdeq	r8, [r4], -r0
    3200:	000487b4 			@ <UNDEFINED> instruction: 0x000487b4
    3204:	00047eac 	andeq	r7, r4, ip, lsr #29
    3208:	00401a0c 	subeq	r1, r0, ip, lsl #20
    320c:	000487b4 			@ <UNDEFINED> instruction: 0x000487b4
    3210:	00401f0c 	subeq	r1, r0, ip, lsl #30
    3214:	000487b4 			@ <UNDEFINED> instruction: 0x000487b4
    3218:	e28ce002 	add	lr, ip, #2
    321c:	e584e004 	str	lr, [r4, #4]
    3220:	e594c000 	ldr	ip, [r4]
    3224:	e35c0000 	cmp	ip, #0
    3228:	1a000002 	bne	0x3238
    322c:	e3a0e000 	mov	lr, #0
    3230:	e584e054 	str	lr, [r4, #84]	@ 0x54
    3234:	ea000013 	b	0x3288
    3238:	e5943008 	ldr	r3, [r4, #8]
    323c:	e5951030 	ldr	r1, [r5, #48]	@ 0x30
    3240:	e59fcfd0 	ldr	ip, [pc, #4048]	@ 0x4218
    3244:	e153000c 	cmp	r3, ip
    3248:	8a00045d 	bhi	0x43c4
    324c:	e7910003 	ldr	r0, [r1, r3]
    3250:	e1a01000 	mov	r1, r0
    3254:	e2800004 	add	r0, r0, #4
    3258:	e5946008 	ldr	r6, [r4, #8]
    325c:	e5953030 	ldr	r3, [r5, #48]	@ 0x30
    3260:	e59fcfb0 	ldr	ip, [pc, #4016]	@ 0x4218
    3264:	e156000c 	cmp	r6, ip
    3268:	8a000455 	bhi	0x43c4
    326c:	e7830006 	str	r0, [r3, r6]
    3270:	e5950030 	ldr	r0, [r5, #48]	@ 0x30
    3274:	e59fcf9c 	ldr	ip, [pc, #3996]	@ 0x4218
    3278:	e151000c 	cmp	r1, ip
    327c:	8a000450 	bhi	0x43c4
    3280:	e790e001 	ldr	lr, [r0, r1]
    3284:	e584e054 	str	lr, [r4, #84]	@ 0x54
    3288:	e594101c 	ldr	r1, [r4, #28]
    328c:	e5950030 	ldr	r0, [r5, #48]	@ 0x30
    3290:	e5943004 	ldr	r3, [r4, #4]
    3294:	e291103c 	adds	r1, r1, #60	@ 0x3c
    3298:	2a000449 	bcs	0x43c4
    329c:	e59fcf74 	ldr	ip, [pc, #3956]	@ 0x4218
    32a0:	e151000c 	cmp	r1, ip
    32a4:	8a000446 	bhi	0x43c4
    32a8:	e7803001 	str	r3, [r0, r1]
    32ac:	e594c054 	ldr	ip, [r4, #84]	@ 0x54
    32b0:	e37c0001 	cmn	ip, #1
    32b4:	e3a0b000 	mov	fp, #0
    32b8:	c3a0b001 	movgt	fp, #1
    32bc:	ea00001f 	b	0x3340
    32c0:	e594c004 	ldr	ip, [r4, #4]
    32c4:	e28c0001 	add	r0, ip, #1
    32c8:	e594301c 	ldr	r3, [r4, #28]
    32cc:	e5951030 	ldr	r1, [r5, #48]	@ 0x30
    32d0:	e293303c 	adds	r3, r3, #60	@ 0x3c
    32d4:	2a00043a 	bcs	0x43c4
    32d8:	e59fcf38 	ldr	ip, [pc, #3896]	@ 0x4218
    32dc:	e153000c 	cmp	r3, ip
    32e0:	8a000437 	bhi	0x43c4
    32e4:	e7810003 	str	r0, [r1, r3]
    32e8:	e3a0b001 	mov	fp, #1
    32ec:	e594c01c 	ldr	ip, [r4, #28]
    32f0:	e28c003c 	add	r0, ip, #60	@ 0x3c
    32f4:	e5840088 	str	r0, [r4, #136]	@ 0x88
    32f8:	e59f0f1c 	ldr	r0, [pc, #3868]	@ 0x421c
    32fc:	e1a01004 	mov	r1, r4
    3300:	e59d2000 	ldr	r2, [sp]
    3304:	e59fcf14 	ldr	ip, [pc, #3860]	@ 0x4220
    3308:	e12fff3c 	blx	ip
    330c:	e3500000 	cmp	r0, #0
    3310:	1a00042e 	bne	0x43d0
    3314:	e5940088 	ldr	r0, [r4, #136]	@ 0x88
    3318:	e5840054 	str	r0, [r4, #84]	@ 0x54
    331c:	e594101c 	ldr	r1, [r4, #28]
    3320:	e5950030 	ldr	r0, [r5, #48]	@ 0x30
    3324:	e291103c 	adds	r1, r1, #60	@ 0x3c
    3328:	2a000425 	bcs	0x43c4
    332c:	e59fcee4 	ldr	ip, [pc, #3812]	@ 0x4218
    3330:	e151000c 	cmp	r1, ip
    3334:	8a000422 	bhi	0x43c4
    3338:	e790e001 	ldr	lr, [r0, r1]
    333c:	e584e004 	str	lr, [r4, #4]
    3340:	e1a06007 	mov	r6, r7
    3344:	e3a0e01c 	mov	lr, #28
    3348:	e584e05c 	str	lr, [r4, #92]	@ 0x5c
    334c:	e594a004 	ldr	sl, [r4, #4]
    3350:	e5943004 	ldr	r3, [r4, #4]
    3354:	e5951030 	ldr	r1, [r5, #48]	@ 0x30
    3358:	e3e0c4fe 	mvn	ip, #-33554432	@ 0xfe000000
    335c:	e3ccc8fe 	bic	ip, ip, #16646144	@ 0xfe0000
    3360:	e153000c 	cmp	r3, ip
    3364:	8a000416 	bhi	0x43c4
    3368:	e19100d3 	ldrsb	r0, [r1, r3]
    336c:	e1a01000 	mov	r1, r0
    3370:	e240007b 	sub	r0, r0, #123	@ 0x7b
    3374:	e370003a 	cmn	r0, #58	@ 0x3a
    3378:	3a0003f8 	bcc	0x4360
    337c:	e28ae001 	add	lr, sl, #1
    3380:	e584e004 	str	lr, [r4, #4]
    3384:	e3a0c03a 	mov	ip, #58	@ 0x3a
    3388:	e0000c96 	mul	r0, r6, ip
    338c:	e0800001 	add	r0, r0, r1
    3390:	e2800b40 	add	r0, r0, #64, 22	@ 0x10000
    3394:	e28002f0 	add	r0, r0, #240, 4
    3398:	e1a03000 	mov	r3, r0
    339c:	e5951030 	ldr	r1, [r5, #48]	@ 0x30
    33a0:	e3e0c4fe 	mvn	ip, #-33554432	@ 0xfe000000
    33a4:	e3ccc8fe 	bic	ip, ip, #16646144	@ 0xfe0000
    33a8:	e153000c 	cmp	r3, ip
    33ac:	8a000404 	bhi	0x43c4
    33b0:	e7d10003 	ldrb	r0, [r1, r3]
    33b4:	e1a07000 	mov	r7, r0
    33b8:	e2400001 	sub	r0, r0, #1
    33bc:	e20000ff 	and	r0, r0, #255	@ 0xff
    33c0:	e3500008 	cmp	r0, #8
    33c4:	3affffdd 	bcc	0x3340
    33c8:	e594101c 	ldr	r1, [r4, #28]
    33cc:	e5950030 	ldr	r0, [r5, #48]	@ 0x30
    33d0:	e5943004 	ldr	r3, [r4, #4]
    33d4:	e291103c 	adds	r1, r1, #60	@ 0x3c
    33d8:	2a0003f9 	bcs	0x43c4
    33dc:	e59fce34 	ldr	ip, [pc, #3636]	@ 0x4218
    33e0:	e151000c 	cmp	r1, ip
    33e4:	8a0003f6 	bhi	0x43c4
    33e8:	e7803001 	str	r3, [r0, r1]
    33ec:	e357001b 	cmp	r7, #27
    33f0:	0a000033 	beq	0x34c4
    33f4:	e3570000 	cmp	r7, #0
    33f8:	0a0003d8 	beq	0x4360
    33fc:	e3580000 	cmp	r8, #0
    3400:	ba000020 	blt	0x3488
    3404:	e594c000 	ldr	ip, [r4]
    3408:	e35c0000 	cmp	ip, #0
    340c:	1a000008 	bne	0x3434
    3410:	e1a00108 	lsl	r0, r8, #2
    3414:	e594c010 	ldr	ip, [r4, #16]
    3418:	e08c0000 	add	r0, ip, r0
    341c:	e5951030 	ldr	r1, [r5, #48]	@ 0x30
    3420:	e59fcdf0 	ldr	ip, [pc, #3568]	@ 0x4218
    3424:	e150000c 	cmp	r0, ip
    3428:	8a0003e5 	bhi	0x43c4
    342c:	e7817000 	str	r7, [r1, r0]
    3430:	eafffdb2 	b	0x2b00
    3434:	e1a00188 	lsl	r0, r8, #3
    3438:	e594c00c 	ldr	ip, [r4, #12]
    343c:	e08c0000 	add	r0, ip, r0
    3440:	e5952030 	ldr	r2, [r5, #48]	@ 0x30
    3444:	e59fcdd8 	ldr	ip, [pc, #3544]	@ 0x4224
    3448:	e150000c 	cmp	r0, ip
    344c:	8a0003dc 	bhi	0x43c4
    3450:	e082c000 	add	ip, r2, r0
    3454:	e59c1000 	ldr	r1, [ip]
    3458:	e59c3004 	ldr	r3, [ip, #4]
    345c:	e594201c 	ldr	r2, [r4, #28]
    3460:	e5950030 	ldr	r0, [r5, #48]	@ 0x30
    3464:	e2922030 	adds	r2, r2, #48	@ 0x30
    3468:	2a0003d5 	bcs	0x43c4
    346c:	e59fcdb0 	ldr	ip, [pc, #3504]	@ 0x4224
    3470:	e152000c 	cmp	r2, ip
    3474:	8a0003d2 	bhi	0x43c4
    3478:	e080c002 	add	ip, r0, r2
    347c:	e58c1000 	str	r1, [ip]
    3480:	e58c3004 	str	r3, [ip, #4]
    3484:	ea000015 	b	0x34e0
    3488:	e594c000 	ldr	ip, [r4]
    348c:	e35c0000 	cmp	ip, #0
    3490:	0a0003ad 	beq	0x434c
    3494:	e594c01c 	ldr	ip, [r4, #28]
    3498:	e28c0030 	add	r0, ip, #48	@ 0x30
    349c:	e5840088 	str	r0, [r4, #136]	@ 0x88
    34a0:	e5847034 	str	r7, [r4, #52]	@ 0x34
    34a4:	e59f0d7c 	ldr	r0, [pc, #3452]	@ 0x4228
    34a8:	e1a01004 	mov	r1, r4
    34ac:	e59d2000 	ldr	r2, [sp]
    34b0:	e59fcd74 	ldr	ip, [pc, #3444]	@ 0x422c
    34b4:	e12fff3c 	blx	ip
    34b8:	e3500000 	cmp	r0, #0
    34bc:	1a0003c3 	bne	0x43d0
    34c0:	ea000006 	b	0x34e0
    34c4:	e3780001 	cmn	r8, #1
    34c8:	ca0003a4 	bgt	0x4360
    34cc:	e3a0e000 	mov	lr, #0
    34d0:	e584e034 	str	lr, [r4, #52]	@ 0x34
    34d4:	e594c000 	ldr	ip, [r4]
    34d8:	e35c0000 	cmp	ip, #0
    34dc:	0afffd89 	beq	0x2b08
    34e0:	e5942000 	ldr	r2, [r4]
    34e4:	e5951030 	ldr	r1, [r5, #48]	@ 0x30
    34e8:	e3e0c4fe 	mvn	ip, #-33554432	@ 0xfe000000
    34ec:	e3ccc8fe 	bic	ip, ip, #16646144	@ 0xfe0000
    34f0:	e152000c 	cmp	r2, ip
    34f4:	8a0003b2 	bhi	0x43c4
    34f8:	e7d10002 	ldrb	r0, [r1, r2]
    34fc:	e3100020 	tst	r0, #32
    3500:	1a0003a4 	bne	0x4398
    3504:	e3c90b40 	bic	r0, r9, #64, 22	@ 0x10000
    3508:	e5840060 	str	r0, [r4, #96]	@ 0x60
    350c:	e3190d80 	tst	r9, #128, 26	@ 0x2000
    3510:	e1a0e000 	mov	lr, r0
    3514:	01a0e009 	moveq	lr, r9
    3518:	e584e048 	str	lr, [r4, #72]	@ 0x48
    351c:	e3a0e000 	mov	lr, #0
    3520:	e584e044 	str	lr, [r4, #68]	@ 0x44
    3524:	e3a0eb40 	mov	lr, #64, 22	@ 0x10000
    3528:	e584e064 	str	lr, [r4, #100]	@ 0x64
    352c:	e594e028 	ldr	lr, [r4, #40]	@ 0x28
    3530:	e584e05c 	str	lr, [r4, #92]	@ 0x5c
    3534:	e1a0200a 	mov	r2, sl
    3538:	e5951030 	ldr	r1, [r5, #48]	@ 0x30
    353c:	e3e0c4fe 	mvn	ip, #-33554432	@ 0xfe000000
    3540:	e3ccc8fe 	bic	ip, ip, #16646144	@ 0xfe0000
    3544:	e152000c 	cmp	r2, ip
    3548:	8a00039d 	bhi	0x43c4
    354c:	e7d1a002 	ldrb	sl, [r1, r2]
    3550:	e1a0100a 	mov	r1, sl
    3554:	e6afa07a 	sxtb	sl, sl
    3558:	e1a0200a 	mov	r2, sl
    355c:	e3caa02c 	bic	sl, sl, #44	@ 0x2c
    3560:	e201100f 	and	r1, r1, #15
    3564:	e3510003 	cmp	r1, #3
    3568:	11a0a002 	movne	sl, r2
    356c:	e3560000 	cmp	r6, #0
    3570:	01a0a002 	moveq	sl, r2
    3574:	e1a0800a 	mov	r8, sl
    3578:	e24aa058 	sub	sl, sl, #88	@ 0x58
    357c:	e1a0e00a 	mov	lr, sl
    3580:	e35e0021 	cmp	lr, #33	@ 0x21
    3584:	23a0e021 	movcs	lr, #33	@ 0x21
    3588:	e1a0e10e 	lsl	lr, lr, #2
    358c:	e59fcc9c 	ldr	ip, [pc, #3228]	@ 0x4230
    3590:	e08ee00c 	add	lr, lr, ip
    3594:	e59ec000 	ldr	ip, [lr]
    3598:	e12fff1c 	bx	ip
    359c:	e594e028 	ldr	lr, [r4, #40]	@ 0x28
    35a0:	e584e05c 	str	lr, [r4, #92]	@ 0x5c
    35a4:	e2481041 	sub	r1, r8, #65	@ 0x41
    35a8:	e1a0e001 	mov	lr, r1
    35ac:	e35e0007 	cmp	lr, #7
    35b0:	23a0e007 	movcs	lr, #7
    35b4:	e1a0e10e 	lsl	lr, lr, #2
    35b8:	e59fcc74 	ldr	ip, [pc, #3188]	@ 0x4234
    35bc:	e08ee00c 	add	lr, lr, ip
    35c0:	e59ec000 	ldr	ip, [lr]
    35c4:	e12fff1c 	bx	ip
    35c8:	e3580053 	cmp	r8, #83	@ 0x53
    35cc:	0a000199 	beq	0x3c38
    35d0:	ea0002ca 	b	0x4100
    35d4:	e3a0e000 	mov	lr, #0
    35d8:	e584e044 	str	lr, [r4, #68]	@ 0x44
    35dc:	e3a0eb40 	mov	lr, #64, 22	@ 0x10000
    35e0:	e584e064 	str	lr, [r4, #100]	@ 0x64
    35e4:	e594201c 	ldr	r2, [r4, #28]
    35e8:	e5951030 	ldr	r1, [r5, #48]	@ 0x30
    35ec:	e2922030 	adds	r2, r2, #48	@ 0x30
    35f0:	2a000373 	bcs	0x43c4
    35f4:	e59fcc28 	ldr	ip, [pc, #3112]	@ 0x4224
    35f8:	e152000c 	cmp	r2, ip
    35fc:	8a000370 	bhi	0x43c4
    3600:	e081c002 	add	ip, r1, r2
    3604:	e59ca000 	ldr	sl, [ip]
    3608:	e59c9004 	ldr	r9, [ip, #4]
    360c:	ea000108 	b	0x3a34
    3610:	e3a0e000 	mov	lr, #0
    3614:	e584e034 	str	lr, [r4, #52]	@ 0x34
    3618:	e1a0e006 	mov	lr, r6
    361c:	e35e0008 	cmp	lr, #8
    3620:	23a0e008 	movcs	lr, #8
    3624:	e1a0e10e 	lsl	lr, lr, #2
    3628:	e59fcc08 	ldr	ip, [pc, #3080]	@ 0x4238
    362c:	e08ee00c 	add	lr, lr, ip
    3630:	e59ec000 	ldr	ip, [lr]
    3634:	e12fff1c 	bx	ip
    3638:	e594301c 	ldr	r3, [r4, #28]
    363c:	e5952030 	ldr	r2, [r5, #48]	@ 0x30
    3640:	e2933030 	adds	r3, r3, #48	@ 0x30
    3644:	2a00035e 	bcs	0x43c4
    3648:	e59fcbc8 	ldr	ip, [pc, #3016]	@ 0x4218
    364c:	e153000c 	cmp	r3, ip
    3650:	8a00035b 	bhi	0x43c4
    3654:	e7921003 	ldr	r1, [r2, r3]
    3658:	e5952030 	ldr	r2, [r5, #48]	@ 0x30
    365c:	e5943030 	ldr	r3, [r4, #48]	@ 0x30
    3660:	e59fcbb0 	ldr	ip, [pc, #2992]	@ 0x4218
    3664:	e151000c 	cmp	r1, ip
    3668:	8a000355 	bhi	0x43c4
    366c:	e7823001 	str	r3, [r2, r1]
    3670:	eafffd24 	b	0x2b08
    3674:	e594301c 	ldr	r3, [r4, #28]
    3678:	e5952030 	ldr	r2, [r5, #48]	@ 0x30
    367c:	e2933030 	adds	r3, r3, #48	@ 0x30
    3680:	2a00034f 	bcs	0x43c4
    3684:	e59fcb8c 	ldr	ip, [pc, #2956]	@ 0x4218
    3688:	e153000c 	cmp	r3, ip
    368c:	8a00034c 	bhi	0x43c4
    3690:	e7921003 	ldr	r1, [r2, r3]
    3694:	e5952030 	ldr	r2, [r5, #48]	@ 0x30
    3698:	e5943030 	ldr	r3, [r4, #48]	@ 0x30
    369c:	e59fcb74 	ldr	ip, [pc, #2932]	@ 0x4218
    36a0:	e151000c 	cmp	r1, ip
    36a4:	8a000346 	bhi	0x43c4
    36a8:	e7823001 	str	r3, [r2, r1]
    36ac:	eafffd15 	b	0x2b08
    36b0:	e594301c 	ldr	r3, [r4, #28]
    36b4:	e5952030 	ldr	r2, [r5, #48]	@ 0x30
    36b8:	e2933030 	adds	r3, r3, #48	@ 0x30
    36bc:	2a000340 	bcs	0x43c4
    36c0:	e59fcb50 	ldr	ip, [pc, #2896]	@ 0x4218
    36c4:	e153000c 	cmp	r3, ip
    36c8:	8a00033d 	bhi	0x43c4
    36cc:	e7921003 	ldr	r1, [r2, r3]
    36d0:	e5942030 	ldr	r2, [r4, #48]	@ 0x30
    36d4:	e1a03fc2 	asr	r3, r2, #31
    36d8:	e5956030 	ldr	r6, [r5, #48]	@ 0x30
    36dc:	e59fcb40 	ldr	ip, [pc, #2880]	@ 0x4224
    36e0:	e151000c 	cmp	r1, ip
    36e4:	8a000336 	bhi	0x43c4
    36e8:	e086c001 	add	ip, r6, r1
    36ec:	e58c2000 	str	r2, [ip]
    36f0:	e58c3004 	str	r3, [ip, #4]
    36f4:	eafffd03 	b	0x2b08
    36f8:	e594301c 	ldr	r3, [r4, #28]
    36fc:	e5952030 	ldr	r2, [r5, #48]	@ 0x30
    3700:	e2933030 	adds	r3, r3, #48	@ 0x30
    3704:	2a00032e 	bcs	0x43c4
    3708:	e59fcb08 	ldr	ip, [pc, #2824]	@ 0x4218
    370c:	e153000c 	cmp	r3, ip
    3710:	8a00032b 	bhi	0x43c4
    3714:	e7921003 	ldr	r1, [r2, r3]
    3718:	e5952030 	ldr	r2, [r5, #48]	@ 0x30
    371c:	e5943030 	ldr	r3, [r4, #48]	@ 0x30
    3720:	e59fcb14 	ldr	ip, [pc, #2836]	@ 0x423c
    3724:	e151000c 	cmp	r1, ip
    3728:	8a000325 	bhi	0x43c4
    372c:	e18230b1 	strh	r3, [r2, r1]
    3730:	eafffcf4 	b	0x2b08
    3734:	e594301c 	ldr	r3, [r4, #28]
    3738:	e5952030 	ldr	r2, [r5, #48]	@ 0x30
    373c:	e2933030 	adds	r3, r3, #48	@ 0x30
    3740:	2a00031f 	bcs	0x43c4
    3744:	e59fcacc 	ldr	ip, [pc, #2764]	@ 0x4218
    3748:	e153000c 	cmp	r3, ip
    374c:	8a00031c 	bhi	0x43c4
    3750:	e7921003 	ldr	r1, [r2, r3]
    3754:	e5952030 	ldr	r2, [r5, #48]	@ 0x30
    3758:	e5943030 	ldr	r3, [r4, #48]	@ 0x30
    375c:	e3e0c4fe 	mvn	ip, #-33554432	@ 0xfe000000
    3760:	e3ccc8fe 	bic	ip, ip, #16646144	@ 0xfe0000
    3764:	e151000c 	cmp	r1, ip
    3768:	8a000315 	bhi	0x43c4
    376c:	e7c23001 	strb	r3, [r2, r1]
    3770:	eafffce4 	b	0x2b08
    3774:	e594301c 	ldr	r3, [r4, #28]
    3778:	e5952030 	ldr	r2, [r5, #48]	@ 0x30
    377c:	e2933030 	adds	r3, r3, #48	@ 0x30
    3780:	2a00030f 	bcs	0x43c4
    3784:	e59fca8c 	ldr	ip, [pc, #2700]	@ 0x4218
    3788:	e153000c 	cmp	r3, ip
    378c:	8a00030c 	bhi	0x43c4
    3790:	e7921003 	ldr	r1, [r2, r3]
    3794:	e5952030 	ldr	r2, [r5, #48]	@ 0x30
    3798:	e5943030 	ldr	r3, [r4, #48]	@ 0x30
    379c:	e59fca74 	ldr	ip, [pc, #2676]	@ 0x4218
    37a0:	e151000c 	cmp	r1, ip
    37a4:	8a000306 	bhi	0x43c4
    37a8:	e7823001 	str	r3, [r2, r1]
    37ac:	eafffcd5 	b	0x2b08
    37b0:	e594301c 	ldr	r3, [r4, #28]
    37b4:	e5952030 	ldr	r2, [r5, #48]	@ 0x30
    37b8:	e2933030 	adds	r3, r3, #48	@ 0x30
    37bc:	2a000300 	bcs	0x43c4
    37c0:	e59fca50 	ldr	ip, [pc, #2640]	@ 0x4218
    37c4:	e153000c 	cmp	r3, ip
    37c8:	8a0002fd 	bhi	0x43c4
    37cc:	e7921003 	ldr	r1, [r2, r3]
    37d0:	e5942030 	ldr	r2, [r4, #48]	@ 0x30
    37d4:	e1a03fc2 	asr	r3, r2, #31
    37d8:	e5956030 	ldr	r6, [r5, #48]	@ 0x30
    37dc:	e59fca40 	ldr	ip, [pc, #2624]	@ 0x4224
    37e0:	e151000c 	cmp	r1, ip
    37e4:	8a0002f6 	bhi	0x43c4
    37e8:	e086c001 	add	ip, r6, r1
    37ec:	e58c2000 	str	r2, [ip]
    37f0:	e58c3004 	str	r3, [ip, #4]
    37f4:	eafffcc3 	b	0x2b08
    37f8:	e594c054 	ldr	ip, [r4, #84]	@ 0x54
    37fc:	e35c0008 	cmp	ip, #8
    3800:	e3a0e008 	mov	lr, #8
    3804:	e594c054 	ldr	ip, [r4, #84]	@ 0x54
    3808:	81a0e00c 	movhi	lr, ip
    380c:	e584e054 	str	lr, [r4, #84]	@ 0x54
    3810:	e594c048 	ldr	ip, [r4, #72]	@ 0x48
    3814:	e38ce008 	orr	lr, ip, #8
    3818:	e584e048 	str	lr, [r4, #72]	@ 0x48
    381c:	e3a08078 	mov	r8, #120	@ 0x78
    3820:	e3a0e000 	mov	lr, #0
    3824:	e584e044 	str	lr, [r4, #68]	@ 0x44
    3828:	e3a0eb40 	mov	lr, #64, 22	@ 0x10000
    382c:	e584e064 	str	lr, [r4, #100]	@ 0x64
    3830:	e594601c 	ldr	r6, [r4, #28]
    3834:	e5953030 	ldr	r3, [r5, #48]	@ 0x30
    3838:	e2966030 	adds	r6, r6, #48	@ 0x30
    383c:	2a0002e0 	bcs	0x43c4
    3840:	e59fc9dc 	ldr	ip, [pc, #2524]	@ 0x4224
    3844:	e156000c 	cmp	r6, ip
    3848:	8a0002dd 	bhi	0x43c4
    384c:	e083c006 	add	ip, r3, r6
    3850:	e59c1000 	ldr	r1, [ip]
    3854:	e59c2004 	ldr	r2, [ip, #4]
    3858:	e1a0a001 	mov	sl, r1
    385c:	e1a09002 	mov	r9, r2
    3860:	e2083020 	and	r3, r8, #32
    3864:	e5841088 	str	r1, [r4, #136]	@ 0x88
    3868:	e584208c 	str	r2, [r4, #140]	@ 0x8c
    386c:	e5843094 	str	r3, [r4, #148]	@ 0x94
    3870:	e59f09c8 	ldr	r0, [pc, #2504]	@ 0x4240
    3874:	e1a01004 	mov	r1, r4
    3878:	e59d2000 	ldr	r2, [sp]
    387c:	e59fc9c0 	ldr	ip, [pc, #2496]	@ 0x4244
    3880:	e12fff3c 	blx	ip
    3884:	e3500000 	cmp	r0, #0
    3888:	1a0002d0 	bne	0x43d0
    388c:	e5941088 	ldr	r1, [r4, #136]	@ 0x88
    3890:	e5841038 	str	r1, [r4, #56]	@ 0x38
    3894:	e19ac009 	orrs	ip, sl, r9
    3898:	0a000070 	beq	0x3a60
    389c:	e594c048 	ldr	ip, [r4, #72]	@ 0x48
    38a0:	e31c0008 	tst	ip, #8
    38a4:	0a00006d 	beq	0x3a60
    38a8:	e1a01228 	lsr	r1, r8, #4
    38ac:	e281eb40 	add	lr, r1, #64, 22	@ 0x10000
    38b0:	e584e064 	str	lr, [r4, #100]	@ 0x64
    38b4:	e3a0e002 	mov	lr, #2
    38b8:	e584e044 	str	lr, [r4, #68]	@ 0x44
    38bc:	ea000067 	b	0x3a60
    38c0:	e3a0e000 	mov	lr, #0
    38c4:	e584e044 	str	lr, [r4, #68]	@ 0x44
    38c8:	e3a0eb40 	mov	lr, #64, 22	@ 0x10000
    38cc:	e584e064 	str	lr, [r4, #100]	@ 0x64
    38d0:	e594601c 	ldr	r6, [r4, #28]
    38d4:	e5953030 	ldr	r3, [r5, #48]	@ 0x30
    38d8:	e2966030 	adds	r6, r6, #48	@ 0x30
    38dc:	2a0002b8 	bcs	0x43c4
    38e0:	e59fc93c 	ldr	ip, [pc, #2364]	@ 0x4224
    38e4:	e156000c 	cmp	r6, ip
    38e8:	8a0002b5 	bhi	0x43c4
    38ec:	e083c006 	add	ip, r3, r6
    38f0:	e59c1000 	ldr	r1, [ip]
    38f4:	e59c2004 	ldr	r2, [ip, #4]
    38f8:	e1a0a001 	mov	sl, r1
    38fc:	e1a09002 	mov	r9, r2
    3900:	e5841088 	str	r1, [r4, #136]	@ 0x88
    3904:	e584208c 	str	r2, [r4, #140]	@ 0x8c
    3908:	e59f0938 	ldr	r0, [pc, #2360]	@ 0x4248
    390c:	e1a01004 	mov	r1, r4
    3910:	e59d2000 	ldr	r2, [sp]
    3914:	e59fc930 	ldr	ip, [pc, #2352]	@ 0x424c
    3918:	e12fff3c 	blx	ip
    391c:	e3500000 	cmp	r0, #0
    3920:	1a0002aa 	bne	0x43d0
    3924:	e5941088 	ldr	r1, [r4, #136]	@ 0x88
    3928:	e5841038 	str	r1, [r4, #56]	@ 0x38
    392c:	e594c048 	ldr	ip, [r4, #72]	@ 0x48
    3930:	e31c0008 	tst	ip, #8
    3934:	0a000049 	beq	0x3a60
    3938:	e594e038 	ldr	lr, [r4, #56]	@ 0x38
    393c:	e594c020 	ldr	ip, [r4, #32]
    3940:	e04c100e 	sub	r1, ip, lr
    3944:	e1a02001 	mov	r2, r1
    3948:	e594c054 	ldr	ip, [r4, #84]	@ 0x54
    394c:	e15c0002 	cmp	ip, r2
    3950:	e594e054 	ldr	lr, [r4, #84]	@ 0x54
    3954:	d1a0e001 	movle	lr, r1
    3958:	e584e054 	str	lr, [r4, #84]	@ 0x54
    395c:	ea00003f 	b	0x3a60
    3960:	e594601c 	ldr	r6, [r4, #28]
    3964:	e5953030 	ldr	r3, [r5, #48]	@ 0x30
    3968:	e2966030 	adds	r6, r6, #48	@ 0x30
    396c:	2a000294 	bcs	0x43c4
    3970:	e59fc8ac 	ldr	ip, [pc, #2220]	@ 0x4224
    3974:	e156000c 	cmp	r6, ip
    3978:	8a000291 	bhi	0x43c4
    397c:	e083c006 	add	ip, r3, r6
    3980:	e59c1000 	ldr	r1, [ip]
    3984:	e59c2004 	ldr	r2, [ip, #4]
    3988:	e1a0a001 	mov	sl, r1
    398c:	e1a09002 	mov	r9, r2
    3990:	e3e0c000 	mvn	ip, #0
    3994:	e15c0001 	cmp	ip, r1
    3998:	e3e0c000 	mvn	ip, #0
    399c:	e0dcc002 	sbcs	ip, ip, r2
    39a0:	ba000012 	blt	0x39f0
    39a4:	e27a1000 	rsbs	r1, sl, #0
    39a8:	e2e92000 	rsc	r2, r9, #0
    39ac:	e1a0a001 	mov	sl, r1
    39b0:	e1a09002 	mov	r9, r2
    39b4:	e594601c 	ldr	r6, [r4, #28]
    39b8:	e5953030 	ldr	r3, [r5, #48]	@ 0x30
    39bc:	e2966030 	adds	r6, r6, #48	@ 0x30
    39c0:	2a00027f 	bcs	0x43c4
    39c4:	e59fc858 	ldr	ip, [pc, #2136]	@ 0x4224
    39c8:	e156000c 	cmp	r6, ip
    39cc:	8a00027c 	bhi	0x43c4
    39d0:	e083c006 	add	ip, r3, r6
    39d4:	e58c1000 	str	r1, [ip]
    39d8:	e58c2004 	str	r2, [ip, #4]
    39dc:	e3a0e001 	mov	lr, #1
    39e0:	e584e044 	str	lr, [r4, #68]	@ 0x44
    39e4:	e3a0eb40 	mov	lr, #64, 22	@ 0x10000
    39e8:	e584e064 	str	lr, [r4, #100]	@ 0x64
    39ec:	ea000010 	b	0x3a34
    39f0:	e594c048 	ldr	ip, [r4, #72]	@ 0x48
    39f4:	e31c0e80 	tst	ip, #128, 28	@ 0x800
    39f8:	0a000005 	beq	0x3a14
    39fc:	e3a0e001 	mov	lr, #1
    3a00:	e584e044 	str	lr, [r4, #68]	@ 0x44
    3a04:	e3a0eb40 	mov	lr, #64, 22	@ 0x10000
    3a08:	e38ee210 	orr	lr, lr, #16, 4
    3a0c:	e584e064 	str	lr, [r4, #100]	@ 0x64
    3a10:	ea000007 	b	0x3a34
    3a14:	e594c048 	ldr	ip, [r4, #72]	@ 0x48
    3a18:	e20c1001 	and	r1, ip, #1
    3a1c:	e5841044 	str	r1, [r4, #68]	@ 0x44
    3a20:	e3510000 	cmp	r1, #0
    3a24:	e3a0eb40 	mov	lr, #64, 22	@ 0x10000
    3a28:	e38ee220 	orr	lr, lr, #32, 4
    3a2c:	03a0eb40 	moveq	lr, #64, 22	@ 0x10000
    3a30:	e584e064 	str	lr, [r4, #100]	@ 0x64
    3a34:	e584a068 	str	sl, [r4, #104]	@ 0x68
    3a38:	e584906c 	str	r9, [r4, #108]	@ 0x6c
    3a3c:	e59f080c 	ldr	r0, [pc, #2060]	@ 0x4250
    3a40:	e1a01004 	mov	r1, r4
    3a44:	e59d2000 	ldr	r2, [sp]
    3a48:	e59fc804 	ldr	ip, [pc, #2052]	@ 0x4254
    3a4c:	e12fff3c 	blx	ip
    3a50:	e3500000 	cmp	r0, #0
    3a54:	1a00025d 	bne	0x43d0
    3a58:	e5941088 	ldr	r1, [r4, #136]	@ 0x88
    3a5c:	e5841038 	str	r1, [r4, #56]	@ 0x38
    3a60:	e594c054 	ldr	ip, [r4, #84]	@ 0x54
    3a64:	e35c0000 	cmp	ip, #0
    3a68:	e3a01000 	mov	r1, #0
    3a6c:	b3a01001 	movlt	r1, #1
    3a70:	e11b0001 	tst	fp, r1
    3a74:	1a000237 	bne	0x4358
    3a78:	e594c048 	ldr	ip, [r4, #72]	@ 0x48
    3a7c:	e3cc1b40 	bic	r1, ip, #64, 22	@ 0x10000
    3a80:	e35b0000 	cmp	fp, #0
    3a84:	e594e048 	ldr	lr, [r4, #72]	@ 0x48
    3a88:	11a0e001 	movne	lr, r1
    3a8c:	e584e048 	str	lr, [r4, #72]	@ 0x48
    3a90:	e3590000 	cmp	r9, #0
    3a94:	1a000000 	bne	0x3a9c
    3a98:	e35a0000 	cmp	sl, #0
    3a9c:	1a000009 	bne	0x3ac8
    3aa0:	e594c054 	ldr	ip, [r4, #84]	@ 0x54
    3aa4:	e35c0000 	cmp	ip, #0
    3aa8:	1a000006 	bne	0x3ac8
    3aac:	e594e028 	ldr	lr, [r4, #40]	@ 0x28
    3ab0:	e584e038 	str	lr, [r4, #56]	@ 0x38
    3ab4:	e594e028 	ldr	lr, [r4, #40]	@ 0x28
    3ab8:	e584e05c 	str	lr, [r4, #92]	@ 0x5c
    3abc:	e3a0e000 	mov	lr, #0
    3ac0:	e584e054 	str	lr, [r4, #84]	@ 0x54
    3ac4:	ea00018f 	b	0x4108
    3ac8:	e594e038 	ldr	lr, [r4, #56]	@ 0x38
    3acc:	e594c028 	ldr	ip, [r4, #40]	@ 0x28
    3ad0:	e04c100e 	sub	r1, ip, lr
    3ad4:	e19ac009 	orrs	ip, sl, r9
    3ad8:	e3a02000 	mov	r2, #0
    3adc:	03a02001 	moveq	r2, #1
    3ae0:	e0811002 	add	r1, r1, r2
    3ae4:	e1a02001 	mov	r2, r1
    3ae8:	e594c054 	ldr	ip, [r4, #84]	@ 0x54
    3aec:	e15c0002 	cmp	ip, r2
    3af0:	e594e054 	ldr	lr, [r4, #84]	@ 0x54
    3af4:	d1a0e001 	movle	lr, r1
    3af8:	e584e054 	str	lr, [r4, #84]	@ 0x54
    3afc:	ea00017f 	b	0x4100
    3b00:	e594301c 	ldr	r3, [r4, #28]
    3b04:	e5952030 	ldr	r2, [r5, #48]	@ 0x30
    3b08:	e2933030 	adds	r3, r3, #48	@ 0x30
    3b0c:	2a00022c 	bcs	0x43c4
    3b10:	e3e0c4fe 	mvn	ip, #-33554432	@ 0xfe000000
    3b14:	e3ccc8fe 	bic	ip, ip, #16646144	@ 0xfe0000
    3b18:	e153000c 	cmp	r3, ip
    3b1c:	8a000228 	bhi	0x43c4
    3b20:	e7d21003 	ldrb	r1, [r2, r3]
    3b24:	ea000163 	b	0x40b8
    3b28:	e594601c 	ldr	r6, [r4, #28]
    3b2c:	e5953030 	ldr	r3, [r5, #48]	@ 0x30
    3b30:	e2966030 	adds	r6, r6, #48	@ 0x30
    3b34:	2a000222 	bcs	0x43c4
    3b38:	e59fc6d8 	ldr	ip, [pc, #1752]	@ 0x4218
    3b3c:	e156000c 	cmp	r6, ip
    3b40:	8a00021f 	bhi	0x43c4
    3b44:	e7932006 	ldr	r2, [r3, r6]
    3b48:	e1a03002 	mov	r3, r2
    3b4c:	e3530000 	cmp	r3, #0
    3b50:	e3a0eb40 	mov	lr, #64, 22	@ 0x10000
    3b54:	e38ee1bc 	orr	lr, lr, #188, 2	@ 0x2f
    3b58:	11a0e002 	movne	lr, r2
    3b5c:	e584e038 	str	lr, [r4, #56]	@ 0x38
    3b60:	e594c054 	ldr	ip, [r4, #84]	@ 0x54
    3b64:	e37c0360 	cmn	ip, #96, 6	@ 0x80000001
    3b68:	e3e02480 	mvn	r2, #128, 8	@ 0x80000000
    3b6c:	e594c054 	ldr	ip, [r4, #84]	@ 0x54
    3b70:	31a0200c 	movcc	r2, ip
    3b74:	e5842090 	str	r2, [r4, #144]	@ 0x90
    3b78:	e59f06d8 	ldr	r0, [pc, #1752]	@ 0x4258
    3b7c:	e1a01004 	mov	r1, r4
    3b80:	e59d2000 	ldr	r2, [sp]
    3b84:	e59fc6d0 	ldr	ip, [pc, #1744]	@ 0x425c
    3b88:	e12fff3c 	blx	ip
    3b8c:	e3500000 	cmp	r0, #0
    3b90:	1a00020e 	bne	0x43d0
    3b94:	e594208c 	ldr	r2, [r4, #140]	@ 0x8c
    3b98:	e1a03002 	mov	r3, r2
    3b9c:	e594c038 	ldr	ip, [r4, #56]	@ 0x38
    3ba0:	e08ce002 	add	lr, ip, r2
    3ba4:	e584e05c 	str	lr, [r4, #92]	@ 0x5c
    3ba8:	e594c054 	ldr	ip, [r4, #84]	@ 0x54
    3bac:	e37c0001 	cmn	ip, #1
    3bb0:	da000003 	ble	0x3bc4
    3bb4:	e594e060 	ldr	lr, [r4, #96]	@ 0x60
    3bb8:	e584e048 	str	lr, [r4, #72]	@ 0x48
    3bbc:	e5843054 	str	r3, [r4, #84]	@ 0x54
    3bc0:	ea000150 	b	0x4108
    3bc4:	e594e060 	ldr	lr, [r4, #96]	@ 0x60
    3bc8:	e584e048 	str	lr, [r4, #72]	@ 0x48
    3bcc:	e5843054 	str	r3, [r4, #84]	@ 0x54
    3bd0:	e594605c 	ldr	r6, [r4, #92]	@ 0x5c
    3bd4:	e5953030 	ldr	r3, [r5, #48]	@ 0x30
    3bd8:	e3e0c4fe 	mvn	ip, #-33554432	@ 0xfe000000
    3bdc:	e3ccc8fe 	bic	ip, ip, #16646144	@ 0xfe0000
    3be0:	e156000c 	cmp	r6, ip
    3be4:	8a0001f6 	bhi	0x43c4
    3be8:	e7d32006 	ldrb	r2, [r3, r6]
    3bec:	e3520000 	cmp	r2, #0
    3bf0:	1a0001d8 	bne	0x4358
    3bf4:	ea000143 	b	0x4108
    3bf8:	e594901c 	ldr	r9, [r4, #28]
    3bfc:	e5956030 	ldr	r6, [r5, #48]	@ 0x30
    3c00:	e2999030 	adds	r9, r9, #48	@ 0x30
    3c04:	2a0001ee 	bcs	0x43c4
    3c08:	e59fc614 	ldr	ip, [pc, #1556]	@ 0x4224
    3c0c:	e159000c 	cmp	r9, ip
    3c10:	8a0001eb 	bhi	0x43c4
    3c14:	e086c009 	add	ip, r6, r9
    3c18:	e59c2000 	ldr	r2, [ip]
    3c1c:	e59c3004 	ldr	r3, [ip, #4]
    3c20:	e1a06002 	mov	r6, r2
    3c24:	e1a09003 	mov	r9, r3
    3c28:	e192c003 	orrs	ip, r2, r3
    3c2c:	1a00001a 	bne	0x3c9c
    3c30:	e3a01000 	mov	r1, #0
    3c34:	ea00011f 	b	0x40b8
    3c38:	e594c054 	ldr	ip, [r4, #84]	@ 0x54
    3c3c:	e35c0000 	cmp	ip, #0
    3c40:	0a000008 	beq	0x3c68
    3c44:	e594301c 	ldr	r3, [r4, #28]
    3c48:	e5952030 	ldr	r2, [r5, #48]	@ 0x30
    3c4c:	e2933030 	adds	r3, r3, #48	@ 0x30
    3c50:	2a0001db 	bcs	0x43c4
    3c54:	e59fc5bc 	ldr	ip, [pc, #1468]	@ 0x4218
    3c58:	e153000c 	cmp	r3, ip
    3c5c:	8a0001d8 	bhi	0x43c4
    3c60:	e792a003 	ldr	sl, [r2, r3]
    3c64:	ea00002b 	b	0x3d18
    3c68:	e3a07000 	mov	r7, #0
    3c6c:	e3a0e020 	mov	lr, #32
    3c70:	e584e08c 	str	lr, [r4, #140]	@ 0x8c
    3c74:	e3a0e000 	mov	lr, #0
    3c78:	e584e070 	str	lr, [r4, #112]	@ 0x70
    3c7c:	e59f05dc 	ldr	r0, [pc, #1500]	@ 0x4260
    3c80:	e1a01004 	mov	r1, r4
    3c84:	e59d2000 	ldr	r2, [sp]
    3c88:	e59fc5d4 	ldr	ip, [pc, #1492]	@ 0x4264
    3c8c:	e12fff3c 	blx	ip
    3c90:	e3500000 	cmp	r0, #0
    3c94:	1a0001cd 	bne	0x43d0
    3c98:	ea000084 	b	0x3eb0
    3c9c:	e594301c 	ldr	r3, [r4, #28]
    3ca0:	e5952030 	ldr	r2, [r5, #48]	@ 0x30
    3ca4:	e293300c 	adds	r3, r3, #12
    3ca8:	2a0001c5 	bcs	0x43c4
    3cac:	e59fc564 	ldr	ip, [pc, #1380]	@ 0x4218
    3cb0:	e153000c 	cmp	r3, ip
    3cb4:	8a0001c2 	bhi	0x43c4
    3cb8:	e3a0e000 	mov	lr, #0
    3cbc:	e782e003 	str	lr, [r2, r3]
    3cc0:	e594201c 	ldr	r2, [r4, #28]
    3cc4:	e5950030 	ldr	r0, [r5, #48]	@ 0x30
    3cc8:	e2922008 	adds	r2, r2, #8
    3ccc:	2a0001bc 	bcs	0x43c4
    3cd0:	e59fc540 	ldr	ip, [pc, #1344]	@ 0x4218
    3cd4:	e152000c 	cmp	r2, ip
    3cd8:	8a0001b9 	bhi	0x43c4
    3cdc:	e7806002 	str	r6, [r0, r2]
    3ce0:	e594c01c 	ldr	ip, [r4, #28]
    3ce4:	e28c0008 	add	r0, ip, #8
    3ce8:	e594301c 	ldr	r3, [r4, #28]
    3cec:	e5952030 	ldr	r2, [r5, #48]	@ 0x30
    3cf0:	e2933030 	adds	r3, r3, #48	@ 0x30
    3cf4:	2a0001b2 	bcs	0x43c4
    3cf8:	e59fc518 	ldr	ip, [pc, #1304]	@ 0x4218
    3cfc:	e153000c 	cmp	r3, ip
    3d00:	8a0001af 	bhi	0x43c4
    3d04:	e7820003 	str	r0, [r2, r3]
    3d08:	e594c01c 	ldr	ip, [r4, #28]
    3d0c:	e28ca008 	add	sl, ip, #8
    3d10:	e3e0e000 	mvn	lr, #0
    3d14:	e584e054 	str	lr, [r4, #84]	@ 0x54
    3d18:	e3a07000 	mov	r7, #0
    3d1c:	e1a0300a 	mov	r3, sl
    3d20:	e5952030 	ldr	r2, [r5, #48]	@ 0x30
    3d24:	e59fc4ec 	ldr	ip, [pc, #1260]	@ 0x4218
    3d28:	e153000c 	cmp	r3, ip
    3d2c:	8a0001a4 	bhi	0x43c4
    3d30:	e7920003 	ldr	r0, [r2, r3]
    3d34:	e1a02000 	mov	r2, r0
    3d38:	e3500000 	cmp	r0, #0
    3d3c:	0a000018 	beq	0x3da4
    3d40:	e594c01c 	ldr	ip, [r4, #28]
    3d44:	e28c0004 	add	r0, ip, #4
    3d48:	e5840088 	str	r0, [r4, #136]	@ 0x88
    3d4c:	e5842040 	str	r2, [r4, #64]	@ 0x40
    3d50:	e59f0510 	ldr	r0, [pc, #1296]	@ 0x4268
    3d54:	e1a01004 	mov	r1, r4
    3d58:	e59d2000 	ldr	r2, [sp]
    3d5c:	e59fc508 	ldr	ip, [pc, #1288]	@ 0x426c
    3d60:	e12fff3c 	blx	ip
    3d64:	e3500000 	cmp	r0, #0
    3d68:	1a000198 	bne	0x43d0
    3d6c:	e5940088 	ldr	r0, [r4, #136]	@ 0x88
    3d70:	e1a02000 	mov	r2, r0
    3d74:	e3500000 	cmp	r0, #0
    3d78:	ba000186 	blt	0x4398
    3d7c:	e594c054 	ldr	ip, [r4, #84]	@ 0x54
    3d80:	e04c0007 	sub	r0, ip, r7
    3d84:	e1520000 	cmp	r2, r0
    3d88:	8a000005 	bhi	0x3da4
    3d8c:	e28aa004 	add	sl, sl, #4
    3d90:	e0822007 	add	r2, r2, r7
    3d94:	e1a07002 	mov	r7, r2
    3d98:	e594c054 	ldr	ip, [r4, #84]	@ 0x54
    3d9c:	e152000c 	cmp	r2, ip
    3da0:	3affffdd 	bcc	0x3d1c
    3da4:	e3a0e03d 	mov	lr, #61	@ 0x3d
    3da8:	e584e05c 	str	lr, [r4, #92]	@ 0x5c
    3dac:	e3570000 	cmp	r7, #0
    3db0:	ba00016a 	blt	0x4360
    3db4:	e3a0e020 	mov	lr, #32
    3db8:	e584e08c 	str	lr, [r4, #140]	@ 0x8c
    3dbc:	e5847034 	str	r7, [r4, #52]	@ 0x34
    3dc0:	e59f04a8 	ldr	r0, [pc, #1192]	@ 0x4270
    3dc4:	e1a01004 	mov	r1, r4
    3dc8:	e59d2000 	ldr	r2, [sp]
    3dcc:	e59fc4a0 	ldr	ip, [pc, #1184]	@ 0x4274
    3dd0:	e12fff3c 	blx	ip
    3dd4:	e3500000 	cmp	r0, #0
    3dd8:	1a00017c 	bne	0x43d0
    3ddc:	e3570000 	cmp	r7, #0
    3de0:	1a000001 	bne	0x3dec
    3de4:	e3a07000 	mov	r7, #0
    3de8:	ea000030 	b	0x3eb0
    3dec:	e3a06000 	mov	r6, #0
    3df0:	e594201c 	ldr	r2, [r4, #28]
    3df4:	e5950030 	ldr	r0, [r5, #48]	@ 0x30
    3df8:	e2922030 	adds	r2, r2, #48	@ 0x30
    3dfc:	2a000170 	bcs	0x43c4
    3e00:	e59fc410 	ldr	ip, [pc, #1040]	@ 0x4218
    3e04:	e152000c 	cmp	r2, ip
    3e08:	8a00016d 	bhi	0x43c4
    3e0c:	e7909002 	ldr	r9, [r0, r2]
    3e10:	e1a03009 	mov	r3, r9
    3e14:	e5952030 	ldr	r2, [r5, #48]	@ 0x30
    3e18:	e59fc3f8 	ldr	ip, [pc, #1016]	@ 0x4218
    3e1c:	e153000c 	cmp	r3, ip
    3e20:	8a000167 	bhi	0x43c4
    3e24:	e7920003 	ldr	r0, [r2, r3]
    3e28:	e1a02000 	mov	r2, r0
    3e2c:	e3500000 	cmp	r0, #0
    3e30:	0a00001e 	beq	0x3eb0
    3e34:	e594c01c 	ldr	ip, [r4, #28]
    3e38:	e28c0004 	add	r0, ip, #4
    3e3c:	e5840088 	str	r0, [r4, #136]	@ 0x88
    3e40:	e5842038 	str	r2, [r4, #56]	@ 0x38
    3e44:	e59f042c 	ldr	r0, [pc, #1068]	@ 0x4278
    3e48:	e1a01004 	mov	r1, r4
    3e4c:	e59d2000 	ldr	r2, [sp]
    3e50:	e59fc424 	ldr	ip, [pc, #1060]	@ 0x427c
    3e54:	e12fff3c 	blx	ip
    3e58:	e3500000 	cmp	r0, #0
    3e5c:	1a00015b 	bne	0x43d0
    3e60:	e5940088 	ldr	r0, [r4, #136]	@ 0x88
    3e64:	e1a02000 	mov	r2, r0
    3e68:	e0800006 	add	r0, r0, r6
    3e6c:	e1a06000 	mov	r6, r0
    3e70:	e1500007 	cmp	r0, r7
    3e74:	8a00000d 	bhi	0x3eb0
    3e78:	e594c01c 	ldr	ip, [r4, #28]
    3e7c:	e28c0004 	add	r0, ip, #4
    3e80:	e584008c 	str	r0, [r4, #140]	@ 0x8c
    3e84:	e5842038 	str	r2, [r4, #56]	@ 0x38
    3e88:	e59f03f0 	ldr	r0, [pc, #1008]	@ 0x4280
    3e8c:	e1a01004 	mov	r1, r4
    3e90:	e59d2000 	ldr	r2, [sp]
    3e94:	e59fc3e8 	ldr	ip, [pc, #1000]	@ 0x4284
    3e98:	e12fff3c 	blx	ip
    3e9c:	e3500000 	cmp	r0, #0
    3ea0:	1a00014a 	bne	0x43d0
    3ea4:	e2899004 	add	r9, r9, #4
    3ea8:	e1560007 	cmp	r6, r7
    3eac:	3affffd7 	bcc	0x3e10
    3eb0:	e594c048 	ldr	ip, [r4, #72]	@ 0x48
    3eb4:	e22c0d80 	eor	r0, ip, #128, 26	@ 0x2000
    3eb8:	e3a0e020 	mov	lr, #32
    3ebc:	e584e08c 	str	lr, [r4, #140]	@ 0x8c
    3ec0:	e5847034 	str	r7, [r4, #52]	@ 0x34
    3ec4:	e5840098 	str	r0, [r4, #152]	@ 0x98
    3ec8:	e59f03b8 	ldr	r0, [pc, #952]	@ 0x4288
    3ecc:	e1a01004 	mov	r1, r4
    3ed0:	e59d2000 	ldr	r2, [sp]
    3ed4:	e59fc3b0 	ldr	ip, [pc, #944]	@ 0x428c
    3ed8:	e12fff3c 	blx	ip
    3edc:	e3500000 	cmp	r0, #0
    3ee0:	1a00013a 	bne	0x43d0
    3ee4:	e594c050 	ldr	ip, [r4, #80]	@ 0x50
    3ee8:	e15c0007 	cmp	ip, r7
    3eec:	e594e050 	ldr	lr, [r4, #80]	@ 0x50
    3ef0:	d1a0e007 	movle	lr, r7
    3ef4:	e584e034 	str	lr, [r4, #52]	@ 0x34
    3ef8:	eafffb02 	b	0x2b08
    3efc:	e594c054 	ldr	ip, [r4, #84]	@ 0x54
    3f00:	e35c0000 	cmp	ip, #0
    3f04:	e3a00000 	mov	r0, #0
    3f08:	b3a00001 	movlt	r0, #1
    3f0c:	e11b0000 	tst	fp, r0
    3f10:	1a000110 	bne	0x4358
    3f14:	e3a0e03d 	mov	lr, #61	@ 0x3d
    3f18:	e584e05c 	str	lr, [r4, #92]	@ 0x5c
    3f1c:	e594201c 	ldr	r2, [r4, #28]
    3f20:	e5950030 	ldr	r0, [r5, #48]	@ 0x30
    3f24:	e2922030 	adds	r2, r2, #48	@ 0x30
    3f28:	2a000125 	bcs	0x43c4
    3f2c:	e59fc2f0 	ldr	ip, [pc, #752]	@ 0x4224
    3f30:	e152000c 	cmp	r2, ip
    3f34:	8a000122 	bhi	0x43c4
    3f38:	e080c002 	add	ip, r0, r2
    3f3c:	e59ce000 	ldr	lr, [ip]
    3f40:	e59cc004 	ldr	ip, [ip, #4]
    3f44:	ec4cea10 	vmov	s0, s1, lr, ip
    3f48:	ed840b23 	vstr	d0, [r4, #140]	@ 0x8c
    3f4c:	e5848034 	str	r8, [r4, #52]	@ 0x34
    3f50:	e59f0338 	ldr	r0, [pc, #824]	@ 0x4290
    3f54:	e1a01004 	mov	r1, r4
    3f58:	e59d2000 	ldr	r2, [sp]
    3f5c:	e59fc330 	ldr	ip, [pc, #816]	@ 0x4294
    3f60:	e12fff3c 	blx	ip
    3f64:	e3500000 	cmp	r0, #0
    3f68:	1a000118 	bne	0x43d0
    3f6c:	e5940088 	ldr	r0, [r4, #136]	@ 0x88
    3f70:	e5840034 	str	r0, [r4, #52]	@ 0x34
    3f74:	e3500000 	cmp	r0, #0
    3f78:	aafffae2 	bge	0x2b08
    3f7c:	ea0000f7 	b	0x4360
    3f80:	e5942034 	ldr	r2, [r4, #52]	@ 0x34
    3f84:	e5950030 	ldr	r0, [r5, #48]	@ 0x30
    3f88:	e2922001 	adds	r2, r2, #1
    3f8c:	2a00010c 	bcs	0x43c4
    3f90:	e3e0c4fe 	mvn	ip, #-33554432	@ 0xfe000000
    3f94:	e3ccc8fe 	bic	ip, ip, #16646144	@ 0xfe0000
    3f98:	e152000c 	cmp	r2, ip
    3f9c:	8a000108 	bhi	0x43c4
    3fa0:	e7d0e002 	ldrb	lr, [r0, r2]
    3fa4:	e584e03c 	str	lr, [r4, #60]	@ 0x3c
    3fa8:	e594c034 	ldr	ip, [r4, #52]	@ 0x34
    3fac:	e28ce001 	add	lr, ip, #1
    3fb0:	e584e034 	str	lr, [r4, #52]	@ 0x34
    3fb4:	eafffaeb 	b	0x2b68
    3fb8:	e594c000 	ldr	ip, [r4]
    3fbc:	e35c0000 	cmp	ip, #0
    3fc0:	1a0000f6 	bne	0x43a0
    3fc4:	e594c02c 	ldr	ip, [r4, #44]	@ 0x2c
    3fc8:	e35c0000 	cmp	ip, #0
    3fcc:	0a0000de 	beq	0x434c
    3fd0:	e3a06001 	mov	r6, #1
    3fd4:	e1a00106 	lsl	r0, r6, #2
    3fd8:	e594c010 	ldr	ip, [r4, #16]
    3fdc:	e08c0000 	add	r0, ip, r0
    3fe0:	e1a03000 	mov	r3, r0
    3fe4:	e5952030 	ldr	r2, [r5, #48]	@ 0x30
    3fe8:	e59fc228 	ldr	ip, [pc, #552]	@ 0x4218
    3fec:	e153000c 	cmp	r3, ip
    3ff0:	8a0000f3 	bhi	0x43c4
    3ff4:	e7920003 	ldr	r0, [r2, r3]
    3ff8:	e1a02000 	mov	r2, r0
    3ffc:	e3500000 	cmp	r0, #0
    4000:	0a000012 	beq	0x4050
    4004:	e1a00186 	lsl	r0, r6, #3
    4008:	e594c00c 	ldr	ip, [r4, #12]
    400c:	e08c0000 	add	r0, ip, r0
    4010:	e5840088 	str	r0, [r4, #136]	@ 0x88
    4014:	e584203c 	str	r2, [r4, #60]	@ 0x3c
    4018:	e59f0278 	ldr	r0, [pc, #632]	@ 0x4298
    401c:	e1a01004 	mov	r1, r4
    4020:	e59d2000 	ldr	r2, [sp]
    4024:	e59fc270 	ldr	ip, [pc, #624]	@ 0x429c
    4028:	e12fff3c 	blx	ip
    402c:	e3500000 	cmp	r0, #0
    4030:	1a0000e6 	bne	0x43d0
    4034:	e3a0e001 	mov	lr, #1
    4038:	e584e030 	str	lr, [r4, #48]	@ 0x30
    403c:	e2860001 	add	r0, r6, #1
    4040:	e1a06000 	mov	r6, r0
    4044:	e350000a 	cmp	r0, #10
    4048:	1affffe1 	bne	0x3fd4
    404c:	ea0000d3 	b	0x43a0
    4050:	e356000a 	cmp	r6, #10
    4054:	3a000002 	bcc	0x4064
    4058:	e3a0e001 	mov	lr, #1
    405c:	e584e030 	str	lr, [r4, #48]	@ 0x30
    4060:	ea0000ce 	b	0x43a0
    4064:	e1a00106 	lsl	r0, r6, #2
    4068:	e594c010 	ldr	ip, [r4, #16]
    406c:	e08c0000 	add	r0, ip, r0
    4070:	e1a03000 	mov	r3, r0
    4074:	e5952030 	ldr	r2, [r5, #48]	@ 0x30
    4078:	e59fc198 	ldr	ip, [pc, #408]	@ 0x4218
    407c:	e153000c 	cmp	r3, ip
    4080:	8a0000cf 	bhi	0x43c4
    4084:	e7920003 	ldr	r0, [r2, r3]
    4088:	e3500000 	cmp	r0, #0
    408c:	1a000006 	bne	0x40ac
    4090:	e3a0e001 	mov	lr, #1
    4094:	e584e030 	str	lr, [r4, #48]	@ 0x30
    4098:	e2860001 	add	r0, r6, #1
    409c:	e1a06000 	mov	r6, r0
    40a0:	e350000a 	cmp	r0, #10
    40a4:	0a0000bd 	beq	0x43a0
    40a8:	eaffffed 	b	0x4064
    40ac:	e3a0e01c 	mov	lr, #28
    40b0:	e584e05c 	str	lr, [r4, #92]	@ 0x5c
    40b4:	ea0000a9 	b	0x4360
    40b8:	e594201c 	ldr	r2, [r4, #28]
    40bc:	e5950030 	ldr	r0, [r5, #48]	@ 0x30
    40c0:	e2922027 	adds	r2, r2, #39	@ 0x27
    40c4:	2a0000be 	bcs	0x43c4
    40c8:	e3e0c4fe 	mvn	ip, #-33554432	@ 0xfe000000
    40cc:	e3ccc8fe 	bic	ip, ip, #16646144	@ 0xfe0000
    40d0:	e152000c 	cmp	r2, ip
    40d4:	8a0000ba 	bhi	0x43c4
    40d8:	e7c01002 	strb	r1, [r0, r2]
    40dc:	e3a0e001 	mov	lr, #1
    40e0:	e584e054 	str	lr, [r4, #84]	@ 0x54
    40e4:	e594e024 	ldr	lr, [r4, #36]	@ 0x24
    40e8:	e584e038 	str	lr, [r4, #56]	@ 0x38
    40ec:	e594e028 	ldr	lr, [r4, #40]	@ 0x28
    40f0:	e584e05c 	str	lr, [r4, #92]	@ 0x5c
    40f4:	e594e060 	ldr	lr, [r4, #96]	@ 0x60
    40f8:	e584e048 	str	lr, [r4, #72]	@ 0x48
    40fc:	ea000001 	b	0x4108
    4100:	e594e028 	ldr	lr, [r4, #40]	@ 0x28
    4104:	e584e05c 	str	lr, [r4, #92]	@ 0x5c
    4108:	e594e038 	ldr	lr, [r4, #56]	@ 0x38
    410c:	e594c05c 	ldr	ip, [r4, #92]	@ 0x5c
    4110:	e04c000e 	sub	r0, ip, lr
    4114:	e1a06000 	mov	r6, r0
    4118:	e594c054 	ldr	ip, [r4, #84]	@ 0x54
    411c:	e15c0006 	cmp	ip, r6
    4120:	e594c054 	ldr	ip, [r4, #84]	@ 0x54
    4124:	c1a0000c 	movgt	r0, ip
    4128:	e1a07000 	mov	r7, r0
    412c:	e594c044 	ldr	ip, [r4, #68]	@ 0x44
    4130:	e3e0e480 	mvn	lr, #128, 8	@ 0x80000000
    4134:	e02c100e 	eor	r1, ip, lr
    4138:	e1500001 	cmp	r0, r1
    413c:	ca000085 	bgt	0x4358
    4140:	e3a0e03d 	mov	lr, #61	@ 0x3d
    4144:	e584e05c 	str	lr, [r4, #92]	@ 0x5c
    4148:	e594c044 	ldr	ip, [r4, #68]	@ 0x44
    414c:	e08c0007 	add	r0, ip, r7
    4150:	e1a08000 	mov	r8, r0
    4154:	e594c050 	ldr	ip, [r4, #80]	@ 0x50
    4158:	e15c0008 	cmp	ip, r8
    415c:	e594c050 	ldr	ip, [r4, #80]	@ 0x50
    4160:	c1a0000c 	movgt	r0, ip
    4164:	e5840034 	str	r0, [r4, #52]	@ 0x34
    4168:	e594c03c 	ldr	ip, [r4, #60]	@ 0x3c
    416c:	e150000c 	cmp	r0, ip
    4170:	8a00007a 	bhi	0x4360
    4174:	e3a0e020 	mov	lr, #32
    4178:	e584e08c 	str	lr, [r4, #140]	@ 0x8c
    417c:	e5848040 	str	r8, [r4, #64]	@ 0x40
    4180:	e59f0118 	ldr	r0, [pc, #280]	@ 0x42a0
    4184:	e1a01004 	mov	r1, r4
    4188:	e59d2000 	ldr	r2, [sp]
    418c:	e59fc110 	ldr	ip, [pc, #272]	@ 0x42a4
    4190:	e12fff3c 	blx	ip
    4194:	e3500000 	cmp	r0, #0
    4198:	1a00008c 	bne	0x43d0
    419c:	e59f0104 	ldr	r0, [pc, #260]	@ 0x42a8
    41a0:	e1a01004 	mov	r1, r4
    41a4:	e59d2000 	ldr	r2, [sp]
    41a8:	e59fc0fc 	ldr	ip, [pc, #252]	@ 0x42ac
    41ac:	e12fff3c 	blx	ip
    41b0:	e3500000 	cmp	r0, #0
    41b4:	1a000085 	bne	0x43d0
    41b8:	e594c048 	ldr	ip, [r4, #72]	@ 0x48
    41bc:	e22c0b40 	eor	r0, ip, #64, 22	@ 0x10000
    41c0:	e3a0e030 	mov	lr, #48	@ 0x30
    41c4:	e584e08c 	str	lr, [r4, #140]	@ 0x8c
    41c8:	e5848040 	str	r8, [r4, #64]	@ 0x40
    41cc:	e5840098 	str	r0, [r4, #152]	@ 0x98
    41d0:	e59f00d8 	ldr	r0, [pc, #216]	@ 0x42b0
    41d4:	e1a01004 	mov	r1, r4
    41d8:	e59d2000 	ldr	r2, [sp]
    41dc:	e59fc0d0 	ldr	ip, [pc, #208]	@ 0x42b4
    41e0:	e12fff3c 	blx	ip
    41e4:	e3500000 	cmp	r0, #0
    41e8:	1a000078 	bne	0x43d0
    41ec:	e3a0e030 	mov	lr, #48	@ 0x30
    41f0:	e584e08c 	str	lr, [r4, #140]	@ 0x8c
    41f4:	e584704c 	str	r7, [r4, #76]	@ 0x4c
    41f8:	e5846004 	str	r6, [r4, #4]
    41fc:	e3a0e000 	mov	lr, #0
    4200:	e584e070 	str	lr, [r4, #112]	@ 0x70
    4204:	e59f00ac 	ldr	r0, [pc, #172]	@ 0x42b8
    4208:	e1a01004 	mov	r1, r4
    420c:	ea00002a 	b	0x42bc
	...
    4218:	0101fffc 	strdeq	pc, [r1, -ip]
    421c:	004021d8 	ldrdeq	r2, [r0], #-24	@ 0xffffffe8
    4220:	000487b4 			@ <UNDEFINED> instruction: 0x000487b4
    4224:	0101fff8 	strdeq	pc, [r1, -r8]
    4228:	0040241c 	subeq	r2, r0, ip, lsl r4
    422c:	000487b4 			@ <UNDEFINED> instruction: 0x000487b4
    4230:	4085ac00 	addmi	sl, r5, r0, lsl #24
    4234:	4085ac88 	addmi	sl, r5, r8, lsl #25
    4238:	4085aca8 	addmi	sl, r5, r8, lsr #25
    423c:	0101fffe 	strdeq	pc, [r1, -lr]
    4240:	00402890 	umaaleq	r2, r0, r0, r8
    4244:	000487b4 			@ <UNDEFINED> instruction: 0x000487b4
    4248:	00402954 	subeq	r2, r0, r4, asr r9
    424c:	000487b4 			@ <UNDEFINED> instruction: 0x000487b4
    4250:	00402ae4 	subeq	r2, r0, r4, ror #21
    4254:	000487b4 			@ <UNDEFINED> instruction: 0x000487b4
    4258:	00402c4c 	subeq	r2, r0, ip, asr #24
    425c:	000487b4 			@ <UNDEFINED> instruction: 0x000487b4
    4260:	00402d4c 	subeq	r2, r0, ip, asr #26
    4264:	000487b4 			@ <UNDEFINED> instruction: 0x000487b4
    4268:	00402e08 	subeq	r2, r0, r8, lsl #28
    426c:	000487b4 			@ <UNDEFINED> instruction: 0x000487b4
    4270:	00402ed4 	ldrdeq	r2, [r0], #-228	@ 0xffffff1c
    4274:	000487b4 			@ <UNDEFINED> instruction: 0x000487b4
    4278:	00402f50 	subeq	r2, r0, r0, asr pc
    427c:	000487b4 			@ <UNDEFINED> instruction: 0x000487b4
    4280:	00402fb0 	strheq	r2, [r0], #-240	@ 0xffffff10
    4284:	000487b4 			@ <UNDEFINED> instruction: 0x000487b4
    4288:	00403018 	subeq	r3, r0, r8, lsl r0
    428c:	000487b4 			@ <UNDEFINED> instruction: 0x000487b4
    4290:	00403090 	umaaleq	r3, r0, r0, r0
    4294:	00048af0 	strdeq	r8, [r4], -r0
    4298:	00403190 	umaaleq	r3, r0, r0, r1
    429c:	000487b4 			@ <UNDEFINED> instruction: 0x000487b4
    42a0:	004033dc 	ldrdeq	r3, [r0], #-60	@ 0xffffffc4
    42a4:	000487b4 			@ <UNDEFINED> instruction: 0x000487b4
    42a8:	004033f4 	strdeq	r3, [r0], #-52	@ 0xffffffcc
    42ac:	000487b4 			@ <UNDEFINED> instruction: 0x000487b4
    42b0:	0040342c 	subeq	r3, r0, ip, lsr #8
    42b4:	000487b4 			@ <UNDEFINED> instruction: 0x000487b4
    42b8:	00403450 	subeq	r3, r0, r0, asr r4
    42bc:	e59d2000 	ldr	r2, [sp]
    42c0:	e59fcff0 	ldr	ip, [pc, #4080]	@ 0x52b8
    42c4:	e12fff3c 	blx	ip
    42c8:	e3500000 	cmp	r0, #0
    42cc:	1a00003f 	bne	0x43d0
    42d0:	e5846004 	str	r6, [r4, #4]
    42d4:	e59f0fe0 	ldr	r0, [pc, #4064]	@ 0x52bc
    42d8:	e1a01004 	mov	r1, r4
    42dc:	e59d2000 	ldr	r2, [sp]
    42e0:	e59fcfd8 	ldr	ip, [pc, #4056]	@ 0x52c0
    42e4:	e12fff3c 	blx	ip
    42e8:	e3500000 	cmp	r0, #0
    42ec:	1a000037 	bne	0x43d0
    42f0:	e594c048 	ldr	ip, [r4, #72]	@ 0x48
    42f4:	e22c0d80 	eor	r0, ip, #128, 26	@ 0x2000
    42f8:	e3a0e020 	mov	lr, #32
    42fc:	e584e08c 	str	lr, [r4, #140]	@ 0x8c
    4300:	e5848040 	str	r8, [r4, #64]	@ 0x40
    4304:	e5840098 	str	r0, [r4, #152]	@ 0x98
    4308:	e59f0fb4 	ldr	r0, [pc, #4020]	@ 0x52c4
    430c:	e1a01004 	mov	r1, r4
    4310:	e59d2000 	ldr	r2, [sp]
    4314:	e59fcfac 	ldr	ip, [pc, #4012]	@ 0x52c8
    4318:	e12fff3c 	blx	ip
    431c:	e3500000 	cmp	r0, #0
    4320:	1a00002a 	bne	0x43d0
    4324:	e594101c 	ldr	r1, [r4, #28]
    4328:	e5950030 	ldr	r0, [r5, #48]	@ 0x30
    432c:	e291103c 	adds	r1, r1, #60	@ 0x3c
    4330:	2a000023 	bcs	0x43c4
    4334:	e59fcf90 	ldr	ip, [pc, #3984]	@ 0x52cc
    4338:	e151000c 	cmp	r1, ip
    433c:	8a000020 	bhi	0x43c4
    4340:	e790e001 	ldr	lr, [r0, r1]
    4344:	e584e004 	str	lr, [r4, #4]
    4348:	eafff9ee 	b	0x2b08
    434c:	e3a0e000 	mov	lr, #0
    4350:	e584e030 	str	lr, [r4, #48]	@ 0x30
    4354:	ea000011 	b	0x43a0
    4358:	e3a0e03d 	mov	lr, #61	@ 0x3d
    435c:	e584e05c 	str	lr, [r4, #92]	@ 0x5c
    4360:	e59f0f68 	ldr	r0, [pc, #3944]	@ 0x52d0
    4364:	e1a01004 	mov	r1, r4
    4368:	e59d2000 	ldr	r2, [sp]
    436c:	e59fcf60 	ldr	ip, [pc, #3936]	@ 0x52d4
    4370:	e12fff3c 	blx	ip
    4374:	e3500000 	cmp	r0, #0
    4378:	1a000014 	bne	0x43d0
    437c:	e5940088 	ldr	r0, [r4, #136]	@ 0x88
    4380:	e5951030 	ldr	r1, [r5, #48]	@ 0x30
    4384:	e594205c 	ldr	r2, [r4, #92]	@ 0x5c
    4388:	e59fcf3c 	ldr	ip, [pc, #3900]	@ 0x52cc
    438c:	e150000c 	cmp	r0, ip
    4390:	8a00000b 	bhi	0x43c4
    4394:	e7812000 	str	r2, [r1, r0]
    4398:	e3e0e000 	mvn	lr, #0
    439c:	e584e030 	str	lr, [r4, #48]	@ 0x30
    43a0:	e594c01c 	ldr	ip, [r4, #28]
    43a4:	e28c0040 	add	r0, ip, #64	@ 0x40
    43a8:	e595103c 	ldr	r1, [r5, #60]	@ 0x3c
    43ac:	e5810008 	str	r0, [r1, #8]
    43b0:	e59f0f20 	ldr	r0, [pc, #3872]	@ 0x52d8
    43b4:	e30ccabc 	movw	ip, #51900	@ 0xcabc
    43b8:	e34ccdef 	movt	ip, #52719	@ 0xcdef
    43bc:	e28dd004 	add	sp, sp, #4
    43c0:	e8bd8fc0 	pop	{r6, r7, r8, r9, sl, fp, pc}
    43c4:	e3a00008 	mov	r0, #8
    43c8:	e59d1000 	ldr	r1, [sp]
    43cc:	e5810010 	str	r0, [r1, #16]
    43d0:	e59d0000 	ldr	r0, [sp]
    43d4:	e59d101c 	ldr	r1, [sp, #28]
    43d8:	e59fcefc 	ldr	ip, [pc, #3836]	@ 0x52dc
    43dc:	e12fff3c 	blx	ip
    43e0:	e28dd004 	add	sp, sp, #4
    43e4:	e8bd0fc0 	pop	{r6, r7, r8, r9, sl, fp}
    43e8:	e28dd004 	add	sp, sp, #4
    43ec:	e12fff10 	bx	r0
    43f0:	e92d40c0 	push	{r6, r7, lr}
    43f4:	e24dd004 	sub	sp, sp, #4
    43f8:	e58d0000 	str	r0, [sp]
    43fc:	e30cc123 	movw	ip, #49443	@ 0xc123
    4400:	e34cc456 	movt	ip, #50262	@ 0xc456
    4404:	e5940000 	ldr	r0, [r4]
    4408:	e5941004 	ldr	r1, [r4, #4]
    440c:	e5942008 	ldr	r2, [r4, #8]
    4410:	e1a07000 	mov	r7, r0
    4414:	e5956030 	ldr	r6, [r5, #48]	@ 0x30
    4418:	e3e0c4fe 	mvn	ip, #-33554432	@ 0xfe000000
    441c:	e3ccc8fe 	bic	ip, ip, #16646144	@ 0xfe0000
    4420:	e157000c 	cmp	r7, ip
    4424:	8a000011 	bhi	0x4470
    4428:	e7d63007 	ldrb	r3, [r6, r7]
    442c:	e3130020 	tst	r3, #32
    4430:	1a000009 	bne	0x445c
    4434:	e5841004 	str	r1, [r4, #4]
    4438:	e5842008 	str	r2, [r4, #8]
    443c:	e5840000 	str	r0, [r4]
    4440:	e59f0e98 	ldr	r0, [pc, #3736]	@ 0x52e0
    4444:	e1a01004 	mov	r1, r4
    4448:	e59d2000 	ldr	r2, [sp]
    444c:	e59fce90 	ldr	ip, [pc, #3728]	@ 0x52e4
    4450:	e12fff3c 	blx	ip
    4454:	e3500000 	cmp	r0, #0
    4458:	1a000007 	bne	0x447c
    445c:	e59f0e84 	ldr	r0, [pc, #3716]	@ 0x52e8
    4460:	e30ccabc 	movw	ip, #51900	@ 0xcabc
    4464:	e34ccdef 	movt	ip, #52719	@ 0xcdef
    4468:	e28dd004 	add	sp, sp, #4
    446c:	e8bd80c0 	pop	{r6, r7, pc}
    4470:	e3a00008 	mov	r0, #8
    4474:	e59d1000 	ldr	r1, [sp]
    4478:	e5810010 	str	r0, [r1, #16]
    447c:	e59d0000 	ldr	r0, [sp]
    4480:	e59d100c 	ldr	r1, [sp, #12]
    4484:	e59fce60 	ldr	ip, [pc, #3680]	@ 0x52ec
    4488:	e12fff3c 	blx	ip
    448c:	e28dd004 	add	sp, sp, #4
    4490:	e8bd00c0 	pop	{r6, r7}
    4494:	e28dd004 	add	sp, sp, #4
    4498:	e12fff10 	bx	r0
    449c:	e92d47c0 	push	{r6, r7, r8, r9, sl, lr}
    44a0:	e24dd008 	sub	sp, sp, #8
    44a4:	e58d0000 	str	r0, [sp]
    44a8:	e30cc123 	movw	ip, #49443	@ 0xc123
    44ac:	e34cc456 	movt	ip, #50262	@ 0xc456
    44b0:	e5940000 	ldr	r0, [r4]
    44b4:	e3a01000 	mov	r1, #0
    44b8:	e1a06000 	mov	r6, r0
    44bc:	e5953030 	ldr	r3, [r5, #48]	@ 0x30
    44c0:	e59fce04 	ldr	ip, [pc, #3588]	@ 0x52cc
    44c4:	e156000c 	cmp	r6, ip
    44c8:	8a00003c 	bhi	0x45c0
    44cc:	e7932006 	ldr	r2, [r3, r6]
    44d0:	e1a03002 	mov	r3, r2
    44d4:	e1a07002 	mov	r7, r2
    44d8:	e5956030 	ldr	r6, [r5, #48]	@ 0x30
    44dc:	e3e0c4fe 	mvn	ip, #-33554432	@ 0xfe000000
    44e0:	e3ccc8fe 	bic	ip, ip, #16646144	@ 0xfe0000
    44e4:	e157000c 	cmp	r7, ip
    44e8:	8a000034 	bhi	0x45c0
    44ec:	e19620d7 	ldrsb	r2, [r6, r7]
    44f0:	e2422030 	sub	r2, r2, #48	@ 0x30
    44f4:	e1a06002 	mov	r6, r2
    44f8:	e3520009 	cmp	r2, #9
    44fc:	9a000004 	bls	0x4514
    4500:	e3a0e000 	mov	lr, #0
    4504:	e584e018 	str	lr, [r4, #24]
    4508:	e3a009ff 	mov	r0, #4177920	@ 0x3fc000
    450c:	e3800038 	orr	r0, r0, #56	@ 0x38
    4510:	ea000028 	b	0x45b8
    4514:	e3e02000 	mvn	r2, #0
    4518:	e59fcdd0 	ldr	ip, [pc, #3536]	@ 0x52f0
    451c:	e151000c 	cmp	r1, ip
    4520:	8a000008 	bhi	0x4548
    4524:	e3a0c00a 	mov	ip, #10
    4528:	e0070c91 	mul	r7, r1, ip
    452c:	e1a08007 	mov	r8, r7
    4530:	e0867007 	add	r7, r6, r7
    4534:	e3e0c480 	mvn	ip, #128, 8	@ 0x80000000
    4538:	e028800c 	eor	r8, r8, ip
    453c:	e1560008 	cmp	r6, r8
    4540:	e3e02000 	mvn	r2, #0
    4544:	91a02007 	movls	r2, r7
    4548:	e2837001 	add	r7, r3, #1
    454c:	e1a08007 	mov	r8, r7
    4550:	e1a0a000 	mov	sl, r0
    4554:	e5959030 	ldr	r9, [r5, #48]	@ 0x30
    4558:	e59fcd6c 	ldr	ip, [pc, #3436]	@ 0x52cc
    455c:	e15a000c 	cmp	sl, ip
    4560:	8a000016 	bhi	0x45c0
    4564:	e789700a 	str	r7, [r9, sl]
    4568:	e1a0a003 	mov	sl, r3
    456c:	e5959030 	ldr	r9, [r5, #48]	@ 0x30
    4570:	e29aa001 	adds	sl, sl, #1
    4574:	2a000011 	bcs	0x45c0
    4578:	e3e0c4fe 	mvn	ip, #-33554432	@ 0xfe000000
    457c:	e3ccc8fe 	bic	ip, ip, #16646144	@ 0xfe0000
    4580:	e15a000c 	cmp	sl, ip
    4584:	8a00000d 	bhi	0x45c0
    4588:	e19970da 	ldrsb	r7, [r9, sl]
    458c:	e1a01002 	mov	r1, r2
    4590:	e1a03008 	mov	r3, r8
    4594:	e2477030 	sub	r7, r7, #48	@ 0x30
    4598:	e1a06007 	mov	r6, r7
    459c:	e357000a 	cmp	r7, #10
    45a0:	3affffdb 	bcc	0x4514
    45a4:	e5842010 	str	r2, [r4, #16]
    45a8:	e3a009ff 	mov	r0, #4177920	@ 0x3fc000
    45ac:	e3800f4a 	orr	r0, r0, #296	@ 0x128
    45b0:	e30ccabc 	movw	ip, #51900	@ 0xcabc
    45b4:	e34ccdef 	movt	ip, #52719	@ 0xcdef
    45b8:	e28dd008 	add	sp, sp, #8
    45bc:	e8bd87c0 	pop	{r6, r7, r8, r9, sl, pc}
    45c0:	e3a00008 	mov	r0, #8
    45c4:	e59d1000 	ldr	r1, [sp]
    45c8:	e5810010 	str	r0, [r1, #16]
    45cc:	e59d0000 	ldr	r0, [sp]
    45d0:	e59d101c 	ldr	r1, [sp, #28]
    45d4:	e59fcd18 	ldr	ip, [pc, #3352]	@ 0x52f4
    45d8:	e12fff3c 	blx	ip
    45dc:	e28dd008 	add	sp, sp, #8
    45e0:	e8bd07c0 	pop	{r6, r7, r8, r9, sl}
    45e4:	e28dd004 	add	sp, sp, #4
    45e8:	e12fff10 	bx	r0
    45ec:	e92d41c0 	push	{r6, r7, r8, lr}
    45f0:	e24dd008 	sub	sp, sp, #8
    45f4:	e58d0000 	str	r0, [sp]
    45f8:	e30cc123 	movw	ip, #49443	@ 0xc123
    45fc:	e34cc456 	movt	ip, #50262	@ 0xc456
    4600:	e5940000 	ldr	r0, [r4]
    4604:	e5941004 	ldr	r1, [r4, #4]
    4608:	e5942008 	ldr	r2, [r4, #8]
    460c:	e594300c 	ldr	r3, [r4, #12]
    4610:	e2411009 	sub	r1, r1, #9
    4614:	e1a0e001 	mov	lr, r1
    4618:	e35e0012 	cmp	lr, #18
    461c:	23a0e012 	movcs	lr, #18
    4620:	e1a0e10e 	lsl	lr, lr, #2
    4624:	e59fcccc 	ldr	ip, [pc, #3276]	@ 0x52f8
    4628:	e08ee00c 	add	lr, lr, ip
    462c:	e59ec000 	ldr	ip, [lr]
    4630:	e12fff1c 	bx	ip
    4634:	e1a07002 	mov	r7, r2
    4638:	e5956030 	ldr	r6, [r5, #48]	@ 0x30
    463c:	e59fcc88 	ldr	ip, [pc, #3208]	@ 0x52cc
    4640:	e157000c 	cmp	r7, ip
    4644:	8a000216 	bhi	0x4ea4
    4648:	e7961007 	ldr	r1, [r6, r7]
    464c:	e1a06001 	mov	r6, r1
    4650:	e2811004 	add	r1, r1, #4
    4654:	e1a08002 	mov	r8, r2
    4658:	e5957030 	ldr	r7, [r5, #48]	@ 0x30
    465c:	e59fcc68 	ldr	ip, [pc, #3176]	@ 0x52cc
    4660:	e158000c 	cmp	r8, ip
    4664:	8a00020e 	bhi	0x4ea4
    4668:	e7871008 	str	r1, [r7, r8]
    466c:	e1a07006 	mov	r7, r6
    4670:	e5951030 	ldr	r1, [r5, #48]	@ 0x30
    4674:	e59fcc50 	ldr	ip, [pc, #3152]	@ 0x52cc
    4678:	e157000c 	cmp	r7, ip
    467c:	8a000208 	bhi	0x4ea4
    4680:	e7916007 	ldr	r6, [r1, r7]
    4684:	e1a07000 	mov	r7, r0
    4688:	e5951030 	ldr	r1, [r5, #48]	@ 0x30
    468c:	e59fcc38 	ldr	ip, [pc, #3128]	@ 0x52cc
    4690:	e157000c 	cmp	r7, ip
    4694:	8a000202 	bhi	0x4ea4
    4698:	e7816007 	str	r6, [r1, r7]
    469c:	e59f0c58 	ldr	r0, [pc, #3160]	@ 0x52fc
    46a0:	ea0001fd 	b	0x4e9c
    46a4:	e1a07002 	mov	r7, r2
    46a8:	e5956030 	ldr	r6, [r5, #48]	@ 0x30
    46ac:	e59fcc18 	ldr	ip, [pc, #3096]	@ 0x52cc
    46b0:	e157000c 	cmp	r7, ip
    46b4:	8a0001fa 	bhi	0x4ea4
    46b8:	e7961007 	ldr	r1, [r6, r7]
    46bc:	e1a06001 	mov	r6, r1
    46c0:	e2811004 	add	r1, r1, #4
    46c4:	e1a08002 	mov	r8, r2
    46c8:	e5957030 	ldr	r7, [r5, #48]	@ 0x30
    46cc:	e59fcbf8 	ldr	ip, [pc, #3064]	@ 0x52cc
    46d0:	e158000c 	cmp	r8, ip
    46d4:	8a0001f2 	bhi	0x4ea4
    46d8:	e7871008 	str	r1, [r7, r8]
    46dc:	e5958030 	ldr	r8, [r5, #48]	@ 0x30
    46e0:	e59fcbe4 	ldr	ip, [pc, #3044]	@ 0x52cc
    46e4:	e156000c 	cmp	r6, ip
    46e8:	8a0001ed 	bhi	0x4ea4
    46ec:	e7981006 	ldr	r1, [r8, r6]
    46f0:	e1a07fc1 	asr	r7, r1, #31
    46f4:	e1a08000 	mov	r8, r0
    46f8:	e5956030 	ldr	r6, [r5, #48]	@ 0x30
    46fc:	e59fcbfc 	ldr	ip, [pc, #3068]	@ 0x5300
    4700:	e158000c 	cmp	r8, ip
    4704:	8a0001e6 	bhi	0x4ea4
    4708:	e086c008 	add	ip, r6, r8
    470c:	e58c1000 	str	r1, [ip]
    4710:	e58c7004 	str	r7, [ip, #4]
    4714:	e59f0be8 	ldr	r0, [pc, #3048]	@ 0x5304
    4718:	ea0001df 	b	0x4e9c
    471c:	e1a07002 	mov	r7, r2
    4720:	e5956030 	ldr	r6, [r5, #48]	@ 0x30
    4724:	e59fcba0 	ldr	ip, [pc, #2976]	@ 0x52cc
    4728:	e157000c 	cmp	r7, ip
    472c:	8a0001dc 	bhi	0x4ea4
    4730:	e7961007 	ldr	r1, [r6, r7]
    4734:	e1a06001 	mov	r6, r1
    4738:	e2811004 	add	r1, r1, #4
    473c:	e1a08002 	mov	r8, r2
    4740:	e5957030 	ldr	r7, [r5, #48]	@ 0x30
    4744:	e59fcb80 	ldr	ip, [pc, #2944]	@ 0x52cc
    4748:	e158000c 	cmp	r8, ip
    474c:	8a0001d4 	bhi	0x4ea4
    4750:	e7871008 	str	r1, [r7, r8]
    4754:	e5958030 	ldr	r8, [r5, #48]	@ 0x30
    4758:	e59fcb6c 	ldr	ip, [pc, #2924]	@ 0x52cc
    475c:	e156000c 	cmp	r6, ip
    4760:	8a0001cf 	bhi	0x4ea4
    4764:	e7981006 	ldr	r1, [r8, r6]
    4768:	e3a07000 	mov	r7, #0
    476c:	e1a08000 	mov	r8, r0
    4770:	e5956030 	ldr	r6, [r5, #48]	@ 0x30
    4774:	e59fcb84 	ldr	ip, [pc, #2948]	@ 0x5300
    4778:	e158000c 	cmp	r8, ip
    477c:	8a0001c8 	bhi	0x4ea4
    4780:	e086c008 	add	ip, r6, r8
    4784:	e58c1000 	str	r1, [ip]
    4788:	e58c7004 	str	r7, [ip, #4]
    478c:	e59f0b74 	ldr	r0, [pc, #2932]	@ 0x5308
    4790:	ea0001c1 	b	0x4e9c
    4794:	e1a07002 	mov	r7, r2
    4798:	e5956030 	ldr	r6, [r5, #48]	@ 0x30
    479c:	e59fcb28 	ldr	ip, [pc, #2856]	@ 0x52cc
    47a0:	e157000c 	cmp	r7, ip
    47a4:	8a0001be 	bhi	0x4ea4
    47a8:	e7961007 	ldr	r1, [r6, r7]
    47ac:	e1a06001 	mov	r6, r1
    47b0:	e2811004 	add	r1, r1, #4
    47b4:	e1a08002 	mov	r8, r2
    47b8:	e5957030 	ldr	r7, [r5, #48]	@ 0x30
    47bc:	e59fcb08 	ldr	ip, [pc, #2824]	@ 0x52cc
    47c0:	e158000c 	cmp	r8, ip
    47c4:	8a0001b6 	bhi	0x4ea4
    47c8:	e7871008 	str	r1, [r7, r8]
    47cc:	e5958030 	ldr	r8, [r5, #48]	@ 0x30
    47d0:	e59fcaf4 	ldr	ip, [pc, #2804]	@ 0x52cc
    47d4:	e156000c 	cmp	r6, ip
    47d8:	8a0001b1 	bhi	0x4ea4
    47dc:	e7981006 	ldr	r1, [r8, r6]
    47e0:	e1a07fc1 	asr	r7, r1, #31
    47e4:	e1a08000 	mov	r8, r0
    47e8:	e5956030 	ldr	r6, [r5, #48]	@ 0x30
    47ec:	e59fcb0c 	ldr	ip, [pc, #2828]	@ 0x5300
    47f0:	e158000c 	cmp	r8, ip
    47f4:	8a0001aa 	bhi	0x4ea4
    47f8:	e086c008 	add	ip, r6, r8
    47fc:	e58c1000 	str	r1, [ip]
    4800:	e58c7004 	str	r7, [ip, #4]
    4804:	e59f0b00 	ldr	r0, [pc, #2816]	@ 0x530c
    4808:	ea0001a3 	b	0x4e9c
    480c:	e1a07002 	mov	r7, r2
    4810:	e5956030 	ldr	r6, [r5, #48]	@ 0x30
    4814:	e59fcab0 	ldr	ip, [pc, #2736]	@ 0x52cc
    4818:	e157000c 	cmp	r7, ip
    481c:	8a0001a0 	bhi	0x4ea4
    4820:	e7961007 	ldr	r1, [r6, r7]
    4824:	e1a06001 	mov	r6, r1
    4828:	e2811004 	add	r1, r1, #4
    482c:	e1a08002 	mov	r8, r2
    4830:	e5957030 	ldr	r7, [r5, #48]	@ 0x30
    4834:	e59fca90 	ldr	ip, [pc, #2704]	@ 0x52cc
    4838:	e158000c 	cmp	r8, ip
    483c:	8a000198 	bhi	0x4ea4
    4840:	e7871008 	str	r1, [r7, r8]
    4844:	e5958030 	ldr	r8, [r5, #48]	@ 0x30
    4848:	e59fca7c 	ldr	ip, [pc, #2684]	@ 0x52cc
    484c:	e156000c 	cmp	r6, ip
    4850:	8a000193 	bhi	0x4ea4
    4854:	e7981006 	ldr	r1, [r8, r6]
    4858:	e3a07000 	mov	r7, #0
    485c:	e1a08000 	mov	r8, r0
    4860:	e5956030 	ldr	r6, [r5, #48]	@ 0x30
    4864:	e59fca94 	ldr	ip, [pc, #2708]	@ 0x5300
    4868:	e158000c 	cmp	r8, ip
    486c:	8a00018c 	bhi	0x4ea4
    4870:	e086c008 	add	ip, r6, r8
    4874:	e58c1000 	str	r1, [ip]
    4878:	e58c7004 	str	r7, [ip, #4]
    487c:	e59f0a8c 	ldr	r0, [pc, #2700]	@ 0x5310
    4880:	ea000185 	b	0x4e9c
    4884:	e1a07002 	mov	r7, r2
    4888:	e5956030 	ldr	r6, [r5, #48]	@ 0x30
    488c:	e59fca38 	ldr	ip, [pc, #2616]	@ 0x52cc
    4890:	e157000c 	cmp	r7, ip
    4894:	8a000182 	bhi	0x4ea4
    4898:	e7961007 	ldr	r1, [r6, r7]
    489c:	e2811007 	add	r1, r1, #7
    48a0:	e3c11007 	bic	r1, r1, #7
    48a4:	e1a06001 	mov	r6, r1
    48a8:	e2811008 	add	r1, r1, #8
    48ac:	e1a08002 	mov	r8, r2
    48b0:	e5957030 	ldr	r7, [r5, #48]	@ 0x30
    48b4:	e59fca10 	ldr	ip, [pc, #2576]	@ 0x52cc
    48b8:	e158000c 	cmp	r8, ip
    48bc:	8a000178 	bhi	0x4ea4
    48c0:	e7871008 	str	r1, [r7, r8]
    48c4:	e5958030 	ldr	r8, [r5, #48]	@ 0x30
    48c8:	e59fca30 	ldr	ip, [pc, #2608]	@ 0x5300
    48cc:	e156000c 	cmp	r6, ip
    48d0:	8a000173 	bhi	0x4ea4
    48d4:	e088c006 	add	ip, r8, r6
    48d8:	e59c1000 	ldr	r1, [ip]
    48dc:	e59c7004 	ldr	r7, [ip, #4]
    48e0:	e1a08000 	mov	r8, r0
    48e4:	e5956030 	ldr	r6, [r5, #48]	@ 0x30
    48e8:	e59fca10 	ldr	ip, [pc, #2576]	@ 0x5300
    48ec:	e158000c 	cmp	r8, ip
    48f0:	8a00016b 	bhi	0x4ea4
    48f4:	e086c008 	add	ip, r6, r8
    48f8:	e58c1000 	str	r1, [ip]
    48fc:	e58c7004 	str	r7, [ip, #4]
    4900:	e59f0a0c 	ldr	r0, [pc, #2572]	@ 0x5314
    4904:	ea000164 	b	0x4e9c
    4908:	e1a07002 	mov	r7, r2
    490c:	e5956030 	ldr	r6, [r5, #48]	@ 0x30
    4910:	e59fc9b4 	ldr	ip, [pc, #2484]	@ 0x52cc
    4914:	e157000c 	cmp	r7, ip
    4918:	8a000161 	bhi	0x4ea4
    491c:	e7961007 	ldr	r1, [r6, r7]
    4920:	e1a06001 	mov	r6, r1
    4924:	e2811004 	add	r1, r1, #4
    4928:	e1a08002 	mov	r8, r2
    492c:	e5957030 	ldr	r7, [r5, #48]	@ 0x30
    4930:	e59fc994 	ldr	ip, [pc, #2452]	@ 0x52cc
    4934:	e158000c 	cmp	r8, ip
    4938:	8a000159 	bhi	0x4ea4
    493c:	e7871008 	str	r1, [r7, r8]
    4940:	e5958030 	ldr	r8, [r5, #48]	@ 0x30
    4944:	e59fc9cc 	ldr	ip, [pc, #2508]	@ 0x5318
    4948:	e156000c 	cmp	r6, ip
    494c:	8a000154 	bhi	0x4ea4
    4950:	e19810f6 	ldrsh	r1, [r8, r6]
    4954:	e1a07fc1 	asr	r7, r1, #31
    4958:	e1a08000 	mov	r8, r0
    495c:	e5956030 	ldr	r6, [r5, #48]	@ 0x30
    4960:	e59fc998 	ldr	ip, [pc, #2456]	@ 0x5300
    4964:	e158000c 	cmp	r8, ip
    4968:	8a00014d 	bhi	0x4ea4
    496c:	e086c008 	add	ip, r6, r8
    4970:	e58c1000 	str	r1, [ip]
    4974:	e58c7004 	str	r7, [ip, #4]
    4978:	e59f099c 	ldr	r0, [pc, #2460]	@ 0x531c
    497c:	ea000146 	b	0x4e9c
    4980:	e1a07002 	mov	r7, r2
    4984:	e5956030 	ldr	r6, [r5, #48]	@ 0x30
    4988:	e59fc93c 	ldr	ip, [pc, #2364]	@ 0x52cc
    498c:	e157000c 	cmp	r7, ip
    4990:	8a000143 	bhi	0x4ea4
    4994:	e7961007 	ldr	r1, [r6, r7]
    4998:	e1a06001 	mov	r6, r1
    499c:	e2811004 	add	r1, r1, #4
    49a0:	e1a08002 	mov	r8, r2
    49a4:	e5957030 	ldr	r7, [r5, #48]	@ 0x30
    49a8:	e59fc91c 	ldr	ip, [pc, #2332]	@ 0x52cc
    49ac:	e158000c 	cmp	r8, ip
    49b0:	8a00013b 	bhi	0x4ea4
    49b4:	e7871008 	str	r1, [r7, r8]
    49b8:	e5958030 	ldr	r8, [r5, #48]	@ 0x30
    49bc:	e59fc954 	ldr	ip, [pc, #2388]	@ 0x5318
    49c0:	e156000c 	cmp	r6, ip
    49c4:	8a000136 	bhi	0x4ea4
    49c8:	e19810b6 	ldrh	r1, [r8, r6]
    49cc:	e3a07000 	mov	r7, #0
    49d0:	e1a08000 	mov	r8, r0
    49d4:	e5956030 	ldr	r6, [r5, #48]	@ 0x30
    49d8:	e59fc920 	ldr	ip, [pc, #2336]	@ 0x5300
    49dc:	e158000c 	cmp	r8, ip
    49e0:	8a00012f 	bhi	0x4ea4
    49e4:	e086c008 	add	ip, r6, r8
    49e8:	e58c1000 	str	r1, [ip]
    49ec:	e58c7004 	str	r7, [ip, #4]
    49f0:	e59f0928 	ldr	r0, [pc, #2344]	@ 0x5320
    49f4:	ea000128 	b	0x4e9c
    49f8:	e1a07002 	mov	r7, r2
    49fc:	e5956030 	ldr	r6, [r5, #48]	@ 0x30
    4a00:	e59fc8c4 	ldr	ip, [pc, #2244]	@ 0x52cc
    4a04:	e157000c 	cmp	r7, ip
    4a08:	8a000125 	bhi	0x4ea4
    4a0c:	e7961007 	ldr	r1, [r6, r7]
    4a10:	e1a06001 	mov	r6, r1
    4a14:	e2811004 	add	r1, r1, #4
    4a18:	e1a08002 	mov	r8, r2
    4a1c:	e5957030 	ldr	r7, [r5, #48]	@ 0x30
    4a20:	e59fc8a4 	ldr	ip, [pc, #2212]	@ 0x52cc
    4a24:	e158000c 	cmp	r8, ip
    4a28:	8a00011d 	bhi	0x4ea4
    4a2c:	e7871008 	str	r1, [r7, r8]
    4a30:	e5958030 	ldr	r8, [r5, #48]	@ 0x30
    4a34:	e3e0c4fe 	mvn	ip, #-33554432	@ 0xfe000000
    4a38:	e3ccc8fe 	bic	ip, ip, #16646144	@ 0xfe0000
    4a3c:	e156000c 	cmp	r6, ip
    4a40:	8a000117 	bhi	0x4ea4
    4a44:	e19810d6 	ldrsb	r1, [r8, r6]
    4a48:	e1a07fc1 	asr	r7, r1, #31
    4a4c:	e1a08000 	mov	r8, r0
    4a50:	e5956030 	ldr	r6, [r5, #48]	@ 0x30
    4a54:	e59fc8a4 	ldr	ip, [pc, #2212]	@ 0x5300
    4a58:	e158000c 	cmp	r8, ip
    4a5c:	8a000110 	bhi	0x4ea4
    4a60:	e086c008 	add	ip, r6, r8
    4a64:	e58c1000 	str	r1, [ip]
    4a68:	e58c7004 	str	r7, [ip, #4]
    4a6c:	e59f08b0 	ldr	r0, [pc, #2224]	@ 0x5324
    4a70:	ea000109 	b	0x4e9c
    4a74:	e1a07002 	mov	r7, r2
    4a78:	e5956030 	ldr	r6, [r5, #48]	@ 0x30
    4a7c:	e59fc848 	ldr	ip, [pc, #2120]	@ 0x52cc
    4a80:	e157000c 	cmp	r7, ip
    4a84:	8a000106 	bhi	0x4ea4
    4a88:	e7961007 	ldr	r1, [r6, r7]
    4a8c:	e1a06001 	mov	r6, r1
    4a90:	e2811004 	add	r1, r1, #4
    4a94:	e1a08002 	mov	r8, r2
    4a98:	e5957030 	ldr	r7, [r5, #48]	@ 0x30
    4a9c:	e59fc828 	ldr	ip, [pc, #2088]	@ 0x52cc
    4aa0:	e158000c 	cmp	r8, ip
    4aa4:	8a0000fe 	bhi	0x4ea4
    4aa8:	e7871008 	str	r1, [r7, r8]
    4aac:	e5958030 	ldr	r8, [r5, #48]	@ 0x30
    4ab0:	e3e0c4fe 	mvn	ip, #-33554432	@ 0xfe000000
    4ab4:	e3ccc8fe 	bic	ip, ip, #16646144	@ 0xfe0000
    4ab8:	e156000c 	cmp	r6, ip
    4abc:	8a0000f8 	bhi	0x4ea4
    4ac0:	e7d81006 	ldrb	r1, [r8, r6]
    4ac4:	e3a07000 	mov	r7, #0
    4ac8:	e1a08000 	mov	r8, r0
    4acc:	e5956030 	ldr	r6, [r5, #48]	@ 0x30
    4ad0:	e59fc828 	ldr	ip, [pc, #2088]	@ 0x5300
    4ad4:	e158000c 	cmp	r8, ip
    4ad8:	8a0000f1 	bhi	0x4ea4
    4adc:	e086c008 	add	ip, r6, r8
    4ae0:	e58c1000 	str	r1, [ip]
    4ae4:	e58c7004 	str	r7, [ip, #4]
    4ae8:	e59f0838 	ldr	r0, [pc, #2104]	@ 0x5328
    4aec:	ea0000ea 	b	0x4e9c
    4af0:	e1a07002 	mov	r7, r2
    4af4:	e5956030 	ldr	r6, [r5, #48]	@ 0x30
    4af8:	e59fc7cc 	ldr	ip, [pc, #1996]	@ 0x52cc
    4afc:	e157000c 	cmp	r7, ip
    4b00:	8a0000e7 	bhi	0x4ea4
    4b04:	e7961007 	ldr	r1, [r6, r7]
    4b08:	e2811007 	add	r1, r1, #7
    4b0c:	e3c11007 	bic	r1, r1, #7
    4b10:	e1a06001 	mov	r6, r1
    4b14:	e2811008 	add	r1, r1, #8
    4b18:	e1a08002 	mov	r8, r2
    4b1c:	e5957030 	ldr	r7, [r5, #48]	@ 0x30
    4b20:	e59fc7a4 	ldr	ip, [pc, #1956]	@ 0x52cc
    4b24:	e158000c 	cmp	r8, ip
    4b28:	8a0000dd 	bhi	0x4ea4
    4b2c:	e7871008 	str	r1, [r7, r8]
    4b30:	e5958030 	ldr	r8, [r5, #48]	@ 0x30
    4b34:	e59fc7c4 	ldr	ip, [pc, #1988]	@ 0x5300
    4b38:	e156000c 	cmp	r6, ip
    4b3c:	8a0000d8 	bhi	0x4ea4
    4b40:	e088c006 	add	ip, r8, r6
    4b44:	e59c1000 	ldr	r1, [ip]
    4b48:	e59c7004 	ldr	r7, [ip, #4]
    4b4c:	e1a08000 	mov	r8, r0
    4b50:	e5956030 	ldr	r6, [r5, #48]	@ 0x30
    4b54:	e59fc7a4 	ldr	ip, [pc, #1956]	@ 0x5300
    4b58:	e158000c 	cmp	r8, ip
    4b5c:	8a0000d0 	bhi	0x4ea4
    4b60:	e086c008 	add	ip, r6, r8
    4b64:	e58c1000 	str	r1, [ip]
    4b68:	e58c7004 	str	r7, [ip, #4]
    4b6c:	e59f07b8 	ldr	r0, [pc, #1976]	@ 0x532c
    4b70:	ea0000c9 	b	0x4e9c
    4b74:	e1a07002 	mov	r7, r2
    4b78:	e5956030 	ldr	r6, [r5, #48]	@ 0x30
    4b7c:	e59fc748 	ldr	ip, [pc, #1864]	@ 0x52cc
    4b80:	e157000c 	cmp	r7, ip
    4b84:	8a0000c6 	bhi	0x4ea4
    4b88:	e7961007 	ldr	r1, [r6, r7]
    4b8c:	e1a06001 	mov	r6, r1
    4b90:	e2811004 	add	r1, r1, #4
    4b94:	e1a08002 	mov	r8, r2
    4b98:	e5957030 	ldr	r7, [r5, #48]	@ 0x30
    4b9c:	e59fc728 	ldr	ip, [pc, #1832]	@ 0x52cc
    4ba0:	e158000c 	cmp	r8, ip
    4ba4:	8a0000be 	bhi	0x4ea4
    4ba8:	e7871008 	str	r1, [r7, r8]
    4bac:	e5958030 	ldr	r8, [r5, #48]	@ 0x30
    4bb0:	e59fc714 	ldr	ip, [pc, #1812]	@ 0x52cc
    4bb4:	e156000c 	cmp	r6, ip
    4bb8:	8a0000b9 	bhi	0x4ea4
    4bbc:	e7981006 	ldr	r1, [r8, r6]
    4bc0:	e3a07000 	mov	r7, #0
    4bc4:	e1a08000 	mov	r8, r0
    4bc8:	e5956030 	ldr	r6, [r5, #48]	@ 0x30
    4bcc:	e59fc72c 	ldr	ip, [pc, #1836]	@ 0x5300
    4bd0:	e158000c 	cmp	r8, ip
    4bd4:	8a0000b2 	bhi	0x4ea4
    4bd8:	e086c008 	add	ip, r6, r8
    4bdc:	e58c1000 	str	r1, [ip]
    4be0:	e58c7004 	str	r7, [ip, #4]
    4be4:	e59f0744 	ldr	r0, [pc, #1860]	@ 0x5330
    4be8:	ea0000ab 	b	0x4e9c
    4bec:	e1a07002 	mov	r7, r2
    4bf0:	e5956030 	ldr	r6, [r5, #48]	@ 0x30
    4bf4:	e59fc6d0 	ldr	ip, [pc, #1744]	@ 0x52cc
    4bf8:	e157000c 	cmp	r7, ip
    4bfc:	8a0000a8 	bhi	0x4ea4
    4c00:	e7961007 	ldr	r1, [r6, r7]
    4c04:	e2811007 	add	r1, r1, #7
    4c08:	e3c11007 	bic	r1, r1, #7
    4c0c:	e1a06001 	mov	r6, r1
    4c10:	e2811008 	add	r1, r1, #8
    4c14:	e1a08002 	mov	r8, r2
    4c18:	e5957030 	ldr	r7, [r5, #48]	@ 0x30
    4c1c:	e59fc6a8 	ldr	ip, [pc, #1704]	@ 0x52cc
    4c20:	e158000c 	cmp	r8, ip
    4c24:	8a00009e 	bhi	0x4ea4
    4c28:	e7871008 	str	r1, [r7, r8]
    4c2c:	e5958030 	ldr	r8, [r5, #48]	@ 0x30
    4c30:	e59fc6c8 	ldr	ip, [pc, #1736]	@ 0x5300
    4c34:	e156000c 	cmp	r6, ip
    4c38:	8a000099 	bhi	0x4ea4
    4c3c:	e088c006 	add	ip, r8, r6
    4c40:	e59c1000 	ldr	r1, [ip]
    4c44:	e59c7004 	ldr	r7, [ip, #4]
    4c48:	e1a08000 	mov	r8, r0
    4c4c:	e5956030 	ldr	r6, [r5, #48]	@ 0x30
    4c50:	e59fc6a8 	ldr	ip, [pc, #1704]	@ 0x5300
    4c54:	e158000c 	cmp	r8, ip
    4c58:	8a000091 	bhi	0x4ea4
    4c5c:	e086c008 	add	ip, r6, r8
    4c60:	e58c1000 	str	r1, [ip]
    4c64:	e58c7004 	str	r7, [ip, #4]
    4c68:	e59f06c4 	ldr	r0, [pc, #1732]	@ 0x5334
    4c6c:	ea00008a 	b	0x4e9c
    4c70:	e1a07002 	mov	r7, r2
    4c74:	e5956030 	ldr	r6, [r5, #48]	@ 0x30
    4c78:	e59fc64c 	ldr	ip, [pc, #1612]	@ 0x52cc
    4c7c:	e157000c 	cmp	r7, ip
    4c80:	8a000087 	bhi	0x4ea4
    4c84:	e7961007 	ldr	r1, [r6, r7]
    4c88:	e2811007 	add	r1, r1, #7
    4c8c:	e3c11007 	bic	r1, r1, #7
    4c90:	e1a06001 	mov	r6, r1
    4c94:	e2811008 	add	r1, r1, #8
    4c98:	e1a08002 	mov	r8, r2
    4c9c:	e5957030 	ldr	r7, [r5, #48]	@ 0x30
    4ca0:	e59fc624 	ldr	ip, [pc, #1572]	@ 0x52cc
    4ca4:	e158000c 	cmp	r8, ip
    4ca8:	8a00007d 	bhi	0x4ea4
    4cac:	e7871008 	str	r1, [r7, r8]
    4cb0:	e5958030 	ldr	r8, [r5, #48]	@ 0x30
    4cb4:	e59fc644 	ldr	ip, [pc, #1604]	@ 0x5300
    4cb8:	e156000c 	cmp	r6, ip
    4cbc:	8a000078 	bhi	0x4ea4
    4cc0:	e088c006 	add	ip, r8, r6
    4cc4:	e59c1000 	ldr	r1, [ip]
    4cc8:	e59c7004 	ldr	r7, [ip, #4]
    4ccc:	e1a08000 	mov	r8, r0
    4cd0:	e5956030 	ldr	r6, [r5, #48]	@ 0x30
    4cd4:	e59fc624 	ldr	ip, [pc, #1572]	@ 0x5300
    4cd8:	e158000c 	cmp	r8, ip
    4cdc:	8a000070 	bhi	0x4ea4
    4ce0:	e086c008 	add	ip, r6, r8
    4ce4:	e58c1000 	str	r1, [ip]
    4ce8:	e58c7004 	str	r7, [ip, #4]
    4cec:	e59f0644 	ldr	r0, [pc, #1604]	@ 0x5338
    4cf0:	ea000069 	b	0x4e9c
    4cf4:	e1a07002 	mov	r7, r2
    4cf8:	e5956030 	ldr	r6, [r5, #48]	@ 0x30
    4cfc:	e59fc5c8 	ldr	ip, [pc, #1480]	@ 0x52cc
    4d00:	e157000c 	cmp	r7, ip
    4d04:	8a000066 	bhi	0x4ea4
    4d08:	e7961007 	ldr	r1, [r6, r7]
    4d0c:	e1a06001 	mov	r6, r1
    4d10:	e2811004 	add	r1, r1, #4
    4d14:	e1a08002 	mov	r8, r2
    4d18:	e5957030 	ldr	r7, [r5, #48]	@ 0x30
    4d1c:	e59fc5a8 	ldr	ip, [pc, #1448]	@ 0x52cc
    4d20:	e158000c 	cmp	r8, ip
    4d24:	8a00005e 	bhi	0x4ea4
    4d28:	e7871008 	str	r1, [r7, r8]
    4d2c:	e5958030 	ldr	r8, [r5, #48]	@ 0x30
    4d30:	e59fc594 	ldr	ip, [pc, #1428]	@ 0x52cc
    4d34:	e156000c 	cmp	r6, ip
    4d38:	8a000059 	bhi	0x4ea4
    4d3c:	e7981006 	ldr	r1, [r8, r6]
    4d40:	e1a07fc1 	asr	r7, r1, #31
    4d44:	e1a08000 	mov	r8, r0
    4d48:	e5956030 	ldr	r6, [r5, #48]	@ 0x30
    4d4c:	e59fc5ac 	ldr	ip, [pc, #1452]	@ 0x5300
    4d50:	e158000c 	cmp	r8, ip
    4d54:	8a000052 	bhi	0x4ea4
    4d58:	e086c008 	add	ip, r6, r8
    4d5c:	e58c1000 	str	r1, [ip]
    4d60:	e58c7004 	str	r7, [ip, #4]
    4d64:	e59f05d0 	ldr	r0, [pc, #1488]	@ 0x533c
    4d68:	ea00004b 	b	0x4e9c
    4d6c:	e1a07002 	mov	r7, r2
    4d70:	e5956030 	ldr	r6, [r5, #48]	@ 0x30
    4d74:	e59fc550 	ldr	ip, [pc, #1360]	@ 0x52cc
    4d78:	e157000c 	cmp	r7, ip
    4d7c:	8a000048 	bhi	0x4ea4
    4d80:	e7961007 	ldr	r1, [r6, r7]
    4d84:	e1a06001 	mov	r6, r1
    4d88:	e2811004 	add	r1, r1, #4
    4d8c:	e1a08002 	mov	r8, r2
    4d90:	e5957030 	ldr	r7, [r5, #48]	@ 0x30
    4d94:	e59fc530 	ldr	ip, [pc, #1328]	@ 0x52cc
    4d98:	e158000c 	cmp	r8, ip
    4d9c:	8a000040 	bhi	0x4ea4
    4da0:	e7871008 	str	r1, [r7, r8]
    4da4:	e5958030 	ldr	r8, [r5, #48]	@ 0x30
    4da8:	e59fc51c 	ldr	ip, [pc, #1308]	@ 0x52cc
    4dac:	e156000c 	cmp	r6, ip
    4db0:	8a00003b 	bhi	0x4ea4
    4db4:	e7981006 	ldr	r1, [r8, r6]
    4db8:	e3a07000 	mov	r7, #0
    4dbc:	e1a08000 	mov	r8, r0
    4dc0:	e5956030 	ldr	r6, [r5, #48]	@ 0x30
    4dc4:	e59fc534 	ldr	ip, [pc, #1332]	@ 0x5300
    4dc8:	e158000c 	cmp	r8, ip
    4dcc:	8a000034 	bhi	0x4ea4
    4dd0:	e086c008 	add	ip, r6, r8
    4dd4:	e58c1000 	str	r1, [ip]
    4dd8:	e58c7004 	str	r7, [ip, #4]
    4ddc:	e59f055c 	ldr	r0, [pc, #1372]	@ 0x5340
    4de0:	ea00002d 	b	0x4e9c
    4de4:	e1a07002 	mov	r7, r2
    4de8:	e5956030 	ldr	r6, [r5, #48]	@ 0x30
    4dec:	e59fc4d8 	ldr	ip, [pc, #1240]	@ 0x52cc
    4df0:	e157000c 	cmp	r7, ip
    4df4:	8a00002a 	bhi	0x4ea4
    4df8:	e7961007 	ldr	r1, [r6, r7]
    4dfc:	e2811007 	add	r1, r1, #7
    4e00:	e3c11007 	bic	r1, r1, #7
    4e04:	e1a06001 	mov	r6, r1
    4e08:	e2811008 	add	r1, r1, #8
    4e0c:	e1a08002 	mov	r8, r2
    4e10:	e5957030 	ldr	r7, [r5, #48]	@ 0x30
    4e14:	e59fc4b0 	ldr	ip, [pc, #1200]	@ 0x52cc
    4e18:	e158000c 	cmp	r8, ip
    4e1c:	8a000020 	bhi	0x4ea4
    4e20:	e7871008 	str	r1, [r7, r8]
    4e24:	e5958030 	ldr	r8, [r5, #48]	@ 0x30
    4e28:	e59fc4d0 	ldr	ip, [pc, #1232]	@ 0x5300
    4e2c:	e156000c 	cmp	r6, ip
    4e30:	8a00001b 	bhi	0x4ea4
    4e34:	e088c006 	add	ip, r8, r6
    4e38:	e59c1000 	ldr	r1, [ip]
    4e3c:	e59c7004 	ldr	r7, [ip, #4]
    4e40:	e1a08000 	mov	r8, r0
    4e44:	e5956030 	ldr	r6, [r5, #48]	@ 0x30
    4e48:	e59fc4b0 	ldr	ip, [pc, #1200]	@ 0x5300
    4e4c:	e158000c 	cmp	r8, ip
    4e50:	8a000013 	bhi	0x4ea4
    4e54:	e086c008 	add	ip, r6, r8
    4e58:	e58c1000 	str	r1, [ip]
    4e5c:	e58c7004 	str	r7, [ip, #4]
    4e60:	e59f04dc 	ldr	r0, [pc, #1244]	@ 0x5344
    4e64:	ea00000c 	b	0x4e9c
    4e68:	e5840000 	str	r0, [r4]
    4e6c:	e5842008 	str	r2, [r4, #8]
    4e70:	e584300c 	str	r3, [r4, #12]
    4e74:	e59f04c8 	ldr	r0, [pc, #1224]	@ 0x5344
    4e78:	e1a01004 	mov	r1, r4
    4e7c:	e59d2000 	ldr	r2, [sp]
    4e80:	e59fc4c0 	ldr	ip, [pc, #1216]	@ 0x5348
    4e84:	e12fff3c 	blx	ip
    4e88:	e3500000 	cmp	r0, #0
    4e8c:	1a000007 	bne	0x4eb0
    4e90:	e59f04b4 	ldr	r0, [pc, #1204]	@ 0x534c
    4e94:	e30ccabc 	movw	ip, #51900	@ 0xcabc
    4e98:	e34ccdef 	movt	ip, #52719	@ 0xcdef
    4e9c:	e28dd008 	add	sp, sp, #8
    4ea0:	e8bd81c0 	pop	{r6, r7, r8, pc}
    4ea4:	e3a00008 	mov	r0, #8
    4ea8:	e59d1000 	ldr	r1, [sp]
    4eac:	e5810010 	str	r0, [r1, #16]
    4eb0:	e59d0000 	ldr	r0, [sp]
    4eb4:	e59d1014 	ldr	r1, [sp, #20]
    4eb8:	e59fc490 	ldr	ip, [pc, #1168]	@ 0x5350
    4ebc:	e12fff3c 	blx	ip
    4ec0:	e28dd008 	add	sp, sp, #8
    4ec4:	e8bd01c0 	pop	{r6, r7, r8}
    4ec8:	e28dd004 	add	sp, sp, #4
    4ecc:	e12fff10 	bx	r0
    4ed0:	e92d43c0 	push	{r6, r7, r8, r9, lr}
    4ed4:	e24dd004 	sub	sp, sp, #4
    4ed8:	e58d0000 	str	r0, [sp]
    4edc:	e30cc123 	movw	ip, #49443	@ 0xc123
    4ee0:	e34cc456 	movt	ip, #50262	@ 0xc456
    4ee4:	e5940000 	ldr	r0, [r4]
    4ee8:	e5941004 	ldr	r1, [r4, #4]
    4eec:	e5942008 	ldr	r2, [r4, #8]
    4ef0:	e594300c 	ldr	r3, [r4, #12]
    4ef4:	e190c001 	orrs	ip, r0, r1
    4ef8:	0a00001e 	beq	0x4f78
    4efc:	e2426001 	sub	r6, r2, #1
    4f00:	e1a02006 	mov	r2, r6
    4f04:	e1a07000 	mov	r7, r0
    4f08:	e207700f 	and	r7, r7, #15
    4f0c:	e1a09007 	mov	r9, r7
    4f10:	e5958030 	ldr	r8, [r5, #48]	@ 0x30
    4f14:	e3a0cb40 	mov	ip, #64, 22	@ 0x10000
    4f18:	e38ccf88 	orr	ip, ip, #136, 30	@ 0x220
    4f1c:	e099900c 	adds	r9, r9, ip
    4f20:	2a00001a 	bcs	0x4f90
    4f24:	e3e0c4fe 	mvn	ip, #-33554432	@ 0xfe000000
    4f28:	e3ccc8fe 	bic	ip, ip, #16646144	@ 0xfe0000
    4f2c:	e159000c 	cmp	r9, ip
    4f30:	8a000016 	bhi	0x4f90
    4f34:	e7d87009 	ldrb	r7, [r8, r9]
    4f38:	e1877003 	orr	r7, r7, r3
    4f3c:	e5958030 	ldr	r8, [r5, #48]	@ 0x30
    4f40:	e3e0c4fe 	mvn	ip, #-33554432	@ 0xfe000000
    4f44:	e3ccc8fe 	bic	ip, ip, #16646144	@ 0xfe0000
    4f48:	e156000c 	cmp	r6, ip
    4f4c:	8a00000f 	bhi	0x4f90
    4f50:	e7c87006 	strb	r7, [r8, r6]
    4f54:	e270c00f 	rsbs	ip, r0, #15
    4f58:	e2f1c000 	rscs	ip, r1, #0
    4f5c:	e3a06000 	mov	r6, #0
    4f60:	33a06001 	movcc	r6, #1
    4f64:	e1a00220 	lsr	r0, r0, #4
    4f68:	e1800e01 	orr	r0, r0, r1, lsl #28
    4f6c:	e1a01221 	lsr	r1, r1, #4
    4f70:	e3560000 	cmp	r6, #0
    4f74:	1affffe0 	bne	0x4efc
    4f78:	e5842008 	str	r2, [r4, #8]
    4f7c:	e59f03d0 	ldr	r0, [pc, #976]	@ 0x5354
    4f80:	e30ccabc 	movw	ip, #51900	@ 0xcabc
    4f84:	e34ccdef 	movt	ip, #52719	@ 0xcdef
    4f88:	e28dd004 	add	sp, sp, #4
    4f8c:	e8bd83c0 	pop	{r6, r7, r8, r9, pc}
    4f90:	e3a00008 	mov	r0, #8
    4f94:	e59d1000 	ldr	r1, [sp]
    4f98:	e5810010 	str	r0, [r1, #16]
    4f9c:	e59d0000 	ldr	r0, [sp]
    4fa0:	e59d1014 	ldr	r1, [sp, #20]
    4fa4:	e59fc3ac 	ldr	ip, [pc, #940]	@ 0x5358
    4fa8:	e12fff3c 	blx	ip
    4fac:	e28dd004 	add	sp, sp, #4
    4fb0:	e8bd03c0 	pop	{r6, r7, r8, r9}
    4fb4:	e28dd004 	add	sp, sp, #4
    4fb8:	e12fff10 	bx	r0
    4fbc:	e92d40c0 	push	{r6, r7, lr}
    4fc0:	e24dd004 	sub	sp, sp, #4
    4fc4:	e58d0000 	str	r0, [sp]
    4fc8:	e30cc123 	movw	ip, #49443	@ 0xc123
    4fcc:	e34cc456 	movt	ip, #50262	@ 0xc456
    4fd0:	e5940000 	ldr	r0, [r4]
    4fd4:	e5941004 	ldr	r1, [r4, #4]
    4fd8:	e5942008 	ldr	r2, [r4, #8]
    4fdc:	e190c001 	orrs	ip, r0, r1
    4fe0:	0a000013 	beq	0x5034
    4fe4:	e2423001 	sub	r3, r2, #1
    4fe8:	e1a02003 	mov	r2, r3
    4fec:	e1a06000 	mov	r6, r0
    4ff0:	e2066007 	and	r6, r6, #7
    4ff4:	e3866030 	orr	r6, r6, #48	@ 0x30
    4ff8:	e5957030 	ldr	r7, [r5, #48]	@ 0x30
    4ffc:	e3e0c4fe 	mvn	ip, #-33554432	@ 0xfe000000
    5000:	e3ccc8fe 	bic	ip, ip, #16646144	@ 0xfe0000
    5004:	e153000c 	cmp	r3, ip
    5008:	8a00000f 	bhi	0x504c
    500c:	e7c76003 	strb	r6, [r7, r3]
    5010:	e270c007 	rsbs	ip, r0, #7
    5014:	e2f1c000 	rscs	ip, r1, #0
    5018:	e3a03000 	mov	r3, #0
    501c:	33a03001 	movcc	r3, #1
    5020:	e1a001a0 	lsr	r0, r0, #3
    5024:	e1800e81 	orr	r0, r0, r1, lsl #29
    5028:	e1a011a1 	lsr	r1, r1, #3
    502c:	e3530000 	cmp	r3, #0
    5030:	1affffeb 	bne	0x4fe4
    5034:	e5842008 	str	r2, [r4, #8]
    5038:	e59f031c 	ldr	r0, [pc, #796]	@ 0x535c
    503c:	e30ccabc 	movw	ip, #51900	@ 0xcabc
    5040:	e34ccdef 	movt	ip, #52719	@ 0xcdef
    5044:	e28dd004 	add	sp, sp, #4
    5048:	e8bd80c0 	pop	{r6, r7, pc}
    504c:	e3a00008 	mov	r0, #8
    5050:	e59d1000 	ldr	r1, [sp]
    5054:	e5810010 	str	r0, [r1, #16]
    5058:	e59d0000 	ldr	r0, [sp]
    505c:	e59d100c 	ldr	r1, [sp, #12]
    5060:	e59fc2f8 	ldr	ip, [pc, #760]	@ 0x5360
    5064:	e12fff3c 	blx	ip
    5068:	e28dd004 	add	sp, sp, #4
    506c:	e8bd00c0 	pop	{r6, r7}
    5070:	e28dd004 	add	sp, sp, #4
    5074:	e12fff10 	bx	r0
    5078:	e92d47c0 	push	{r6, r7, r8, r9, sl, lr}
    507c:	e24dd018 	sub	sp, sp, #24
    5080:	e58d0000 	str	r0, [sp]
    5084:	e30cc123 	movw	ip, #49443	@ 0xc123
    5088:	e34cc456 	movt	ip, #50262	@ 0xc456
    508c:	e5946000 	ldr	r6, [r4]
    5090:	e5947004 	ldr	r7, [r4, #4]
    5094:	e5948008 	ldr	r8, [r4, #8]
    5098:	e3560000 	cmp	r6, #0
    509c:	e2d7c001 	sbcs	ip, r7, #1
    50a0:	2a000002 	bcs	0x50b0
    50a4:	e1a02006 	mov	r2, r6
    50a8:	e1a03007 	mov	r3, r7
    50ac:	ea000028 	b	0x5154
    50b0:	e2489001 	sub	r9, r8, #1
    50b4:	e1a08009 	mov	r8, r9
    50b8:	e58d6004 	str	r6, [sp, #4]
    50bc:	e58d7008 	str	r7, [sp, #8]
    50c0:	e3a0e00a 	mov	lr, #10
    50c4:	e58de00c 	str	lr, [sp, #12]
    50c8:	e3a0e000 	mov	lr, #0
    50cc:	e58de010 	str	lr, [sp, #16]
    50d0:	e28d0004 	add	r0, sp, #4
    50d4:	e28d100c 	add	r1, sp, #12
    50d8:	e28d2004 	add	r2, sp, #4
    50dc:	e59fc280 	ldr	ip, [pc, #640]	@ 0x5364
    50e0:	e12fff3c 	blx	ip
    50e4:	e59d0004 	ldr	r0, [sp, #4]
    50e8:	e59d1008 	ldr	r1, [sp, #8]
    50ec:	e1a02000 	mov	r2, r0
    50f0:	e1a03001 	mov	r3, r1
    50f4:	e1a0a001 	mov	sl, r1
    50f8:	e3a0100a 	mov	r1, #10
    50fc:	e00a019a 	mul	sl, sl, r1
    5100:	e0810091 	umull	r0, r1, r1, r0
    5104:	e08aa001 	add	sl, sl, r1
    5108:	e1a0100a 	mov	r1, sl
    510c:	e0560000 	subs	r0, r6, r0
    5110:	e0c71001 	sbc	r1, r7, r1
    5114:	e3800030 	orr	r0, r0, #48	@ 0x30
    5118:	e5951030 	ldr	r1, [r5, #48]	@ 0x30
    511c:	e3e0c4fe 	mvn	ip, #-33554432	@ 0xfe000000
    5120:	e3ccc8fe 	bic	ip, ip, #16646144	@ 0xfe0000
    5124:	e159000c 	cmp	r9, ip
    5128:	8a00002e 	bhi	0x51e8
    512c:	e7c10009 	strb	r0, [r1, r9]
    5130:	e3e0c000 	mvn	ip, #0
    5134:	e15c0006 	cmp	ip, r6
    5138:	e2f7c009 	rscs	ip, r7, #9
    513c:	e3a00000 	mov	r0, #0
    5140:	33a00001 	movcc	r0, #1
    5144:	e1a06002 	mov	r6, r2
    5148:	e1a07003 	mov	r7, r3
    514c:	e3500000 	cmp	r0, #0
    5150:	1affffd6 	bne	0x50b0
    5154:	e192c003 	orrs	ip, r2, r3
    5158:	0a00001c 	beq	0x51d0
    515c:	e2483001 	sub	r3, r8, #1
    5160:	e1a08003 	mov	r8, r3
    5164:	e1a00002 	mov	r0, r2
    5168:	e3a0100a 	mov	r1, #10
    516c:	e52d3010 	str	r3, [sp, #-16]!
    5170:	e58d2004 	str	r2, [sp, #4]
    5174:	e58d1008 	str	r1, [sp, #8]
    5178:	e59fc1e8 	ldr	ip, [pc, #488]	@ 0x5368
    517c:	e12fff3c 	blx	ip
    5180:	e59d1008 	ldr	r1, [sp, #8]
    5184:	e59d2004 	ldr	r2, [sp, #4]
    5188:	e49d3010 	ldr	r3, [sp], #16
    518c:	e1a01000 	mov	r1, r0
    5190:	e3a0c00a 	mov	ip, #10
    5194:	e0000c90 	mul	r0, r0, ip
    5198:	e0420000 	sub	r0, r2, r0
    519c:	e3800030 	orr	r0, r0, #48	@ 0x30
    51a0:	e5956030 	ldr	r6, [r5, #48]	@ 0x30
    51a4:	e3e0c4fe 	mvn	ip, #-33554432	@ 0xfe000000
    51a8:	e3ccc8fe 	bic	ip, ip, #16646144	@ 0xfe0000
    51ac:	e153000c 	cmp	r3, ip
    51b0:	8a00000c 	bhi	0x51e8
    51b4:	e7c60003 	strb	r0, [r6, r3]
    51b8:	e3520009 	cmp	r2, #9
    51bc:	e3a00000 	mov	r0, #0
    51c0:	83a00001 	movhi	r0, #1
    51c4:	e1a02001 	mov	r2, r1
    51c8:	e3500000 	cmp	r0, #0
    51cc:	1affffe2 	bne	0x515c
    51d0:	e5848008 	str	r8, [r4, #8]
    51d4:	e59f0190 	ldr	r0, [pc, #400]	@ 0x536c
    51d8:	e30ccabc 	movw	ip, #51900	@ 0xcabc
    51dc:	e34ccdef 	movt	ip, #52719	@ 0xcdef
    51e0:	e28dd018 	add	sp, sp, #24
    51e4:	e8bd87c0 	pop	{r6, r7, r8, r9, sl, pc}
    51e8:	e3a00008 	mov	r0, #8
    51ec:	e59d1000 	ldr	r1, [sp]
    51f0:	e5810010 	str	r0, [r1, #16]
    51f4:	e59d0000 	ldr	r0, [sp]
    51f8:	e59d102c 	ldr	r1, [sp, #44]	@ 0x2c
    51fc:	e59fc16c 	ldr	ip, [pc, #364]	@ 0x5370
    5200:	e12fff3c 	blx	ip
    5204:	e28dd018 	add	sp, sp, #24
    5208:	e8bd07c0 	pop	{r6, r7, r8, r9, sl}
    520c:	e28dd004 	add	sp, sp, #4
    5210:	e12fff10 	bx	r0
    5214:	e92d43c0 	push	{r6, r7, r8, r9, lr}
    5218:	e24dd004 	sub	sp, sp, #4
    521c:	e58d0000 	str	r0, [sp]
    5220:	e30cc123 	movw	ip, #49443	@ 0xc123
    5224:	e34cc456 	movt	ip, #50262	@ 0xc456
    5228:	e5946000 	ldr	r6, [r4]
    522c:	e5940004 	ldr	r0, [r4, #4]
    5230:	e5941008 	ldr	r1, [r4, #8]
    5234:	e594200c 	ldr	r2, [r4, #12]
    5238:	e5943010 	ldr	r3, [r4, #16]
    523c:	e595e03c 	ldr	lr, [r5, #60]	@ 0x3c
    5240:	e59e7008 	ldr	r7, [lr, #8]
    5244:	e2477f40 	sub	r7, r7, #64, 30	@ 0x100
    5248:	e1a08007 	mov	r8, r7
    524c:	e595903c 	ldr	r9, [r5, #60]	@ 0x3c
    5250:	e5897008 	str	r7, [r9, #8]
    5254:	e1510002 	cmp	r1, r2
    5258:	da000064 	ble	0x53f0
    525c:	e3130b48 	tst	r3, #72, 22	@ 0x12000
    5260:	1a000062 	bne	0x53f0
    5264:	e0411002 	sub	r1, r1, r2
    5268:	e1a07001 	mov	r7, r1
    526c:	e3570f40 	cmp	r7, #64, 30	@ 0x100
    5270:	e3a02000 	mov	r2, #0
    5274:	33a02001 	movcc	r2, #1
    5278:	e1a09002 	mov	r9, r2
    527c:	e3520000 	cmp	r2, #0
    5280:	03a01f40 	moveq	r1, #64, 30	@ 0x100
    5284:	e5848014 	str	r8, [r4, #20]
    5288:	e5840004 	str	r0, [r4, #4]
    528c:	e5841030 	str	r1, [r4, #48]	@ 0x30
    5290:	e59f00dc 	ldr	r0, [pc, #220]	@ 0x5374
    5294:	e1a01004 	mov	r1, r4
    5298:	e59d2000 	ldr	r2, [sp]
    529c:	e59fc0d4 	ldr	ip, [pc, #212]	@ 0x5378
    52a0:	e12fff3c 	blx	ip
    52a4:	ea000034 	b	0x537c
	...
    52b8:	000487b4 			@ <UNDEFINED> instruction: 0x000487b4
    52bc:	00403468 	subeq	r3, r0, r8, ror #8
    52c0:	000487b4 			@ <UNDEFINED> instruction: 0x000487b4
    52c4:	004034a0 	subeq	r3, r0, r0, lsr #9
    52c8:	000487b4 			@ <UNDEFINED> instruction: 0x000487b4
    52cc:	0101fffc 	strdeq	pc, [r1, -ip]
    52d0:	004034e8 	subeq	r3, r0, r8, ror #9
    52d4:	000487b4 			@ <UNDEFINED> instruction: 0x000487b4
    52d8:	0040352c 	subeq	r3, r0, ip, lsr #10
    52dc:	00047eac 	andeq	r7, r4, ip, lsr #29
    52e0:	003fe6f0 	ldrshteq	lr, [pc], -r0
    52e4:	000487b4 			@ <UNDEFINED> instruction: 0x000487b4
    52e8:	003fe70c 	eorseq	lr, pc, ip, lsl #14
    52ec:	00047eac 	andeq	r7, r4, ip, lsr #29
    52f0:	0ccccccc 	stcleq	12, cr12, [ip], {204}	@ 0xcc
    52f4:	00047eac 	andeq	r7, r4, ip, lsr #29
    52f8:	4085accc 	addmi	sl, r5, ip, asr #25
    52fc:	003ff3cc 	eorseq	pc, pc, ip, asr #7
    5300:	0101fff8 	strdeq	pc, [r1, -r8]
    5304:	003ff40c 	eorseq	pc, pc, ip, lsl #8
    5308:	003ff44c 	eorseq	pc, pc, ip, asr #8
    530c:	003ff48c 	eorseq	pc, pc, ip, lsl #9
    5310:	003ff4cc 	eorseq	pc, pc, ip, asr #9
    5314:	003ff520 	eorseq	pc, pc, r0, lsr #10
    5318:	0101fffe 	strdeq	pc, [r1, -lr]
    531c:	003ff560 	eorseq	pc, pc, r0, ror #10
    5320:	003ff5a0 	eorseq	pc, pc, r0, lsr #11
    5324:	003ff5e0 	eorseq	pc, pc, r0, ror #11
    5328:	003ff620 	eorseq	pc, pc, r0, lsr #12
    532c:	003ff674 	eorseq	pc, pc, r4, ror r6	@ <UNPREDICTABLE>
    5330:	003ff6b4 	ldrhteq	pc, [pc], -r4	@ <UNPREDICTABLE>
    5334:	003ff708 	eorseq	pc, pc, r8, lsl #14
    5338:	003ff75c 	eorseq	pc, pc, ip, asr r7	@ <UNPREDICTABLE>
    533c:	003ff79c 	mlaseq	pc, ip, r7, pc	@ <UNPREDICTABLE>
    5340:	003ff7dc 	ldrsbteq	pc, [pc], -ip	@ <UNPREDICTABLE>
    5344:	003ff830 	eorseq	pc, pc, r0, lsr r8	@ <UNPREDICTABLE>
    5348:	00048af0 	strdeq	r8, [r4], -r0
    534c:	003ff850 	eorseq	pc, pc, r0, asr r8	@ <UNPREDICTABLE>
    5350:	00047eac 	andeq	r7, r4, ip, lsr #29
    5354:	003faa34 	eorseq	sl, pc, r4, lsr sl	@ <UNPREDICTABLE>
    5358:	00047eac 	andeq	r7, r4, ip, lsr #29
    535c:	003fbdbc 	ldrhteq	fp, [pc], -ip
    5360:	00047eac 	andeq	r7, r4, ip, lsr #29
    5364:	00047d44 	andeq	r7, r4, r4, asr #26
    5368:	001f44e8 	andseq	r4, pc, r8, ror #9
    536c:	003ff1a4 	eorseq	pc, pc, r4, lsr #3
    5370:	00047eac 	andeq	r7, r4, ip, lsr #29
    5374:	003fb4cc 	eorseq	fp, pc, ip, asr #9
    5378:	000487b4 			@ <UNDEFINED> instruction: 0x000487b4
    537c:	e3500000 	cmp	r0, #0
    5380:	1a000022 	bne	0x5410
    5384:	e3590000 	cmp	r9, #0
    5388:	1a00000e 	bne	0x53c8
    538c:	e5846000 	str	r6, [r4]
    5390:	e5848014 	str	r8, [r4, #20]
    5394:	e3a0ef40 	mov	lr, #64, 30	@ 0x100
    5398:	e584e018 	str	lr, [r4, #24]
    539c:	e59f0fd4 	ldr	r0, [pc, #4052]	@ 0x6378
    53a0:	e1a01004 	mov	r1, r4
    53a4:	e59d2000 	ldr	r2, [sp]
    53a8:	e59fcfcc 	ldr	ip, [pc, #4044]	@ 0x637c
    53ac:	e12fff3c 	blx	ip
    53b0:	e3500000 	cmp	r0, #0
    53b4:	1a000015 	bne	0x5410
    53b8:	e2470f40 	sub	r0, r7, #64, 30	@ 0x100
    53bc:	e1a07000 	mov	r7, r0
    53c0:	e35000ff 	cmp	r0, #255	@ 0xff
    53c4:	8afffff0 	bhi	0x538c
    53c8:	e5846000 	str	r6, [r4]
    53cc:	e5848014 	str	r8, [r4, #20]
    53d0:	e584700c 	str	r7, [r4, #12]
    53d4:	e59f0fa4 	ldr	r0, [pc, #4004]	@ 0x6380
    53d8:	e1a01004 	mov	r1, r4
    53dc:	e59d2000 	ldr	r2, [sp]
    53e0:	e59fcf9c 	ldr	ip, [pc, #3996]	@ 0x6384
    53e4:	e12fff3c 	blx	ip
    53e8:	e3500000 	cmp	r0, #0
    53ec:	1a000007 	bne	0x5410
    53f0:	e2888f40 	add	r8, r8, #64, 30	@ 0x100
    53f4:	e595003c 	ldr	r0, [r5, #60]	@ 0x3c
    53f8:	e5808008 	str	r8, [r0, #8]
    53fc:	e59f0f84 	ldr	r0, [pc, #3972]	@ 0x6388
    5400:	e30ccabc 	movw	ip, #51900	@ 0xcabc
    5404:	e34ccdef 	movt	ip, #52719	@ 0xcdef
    5408:	e28dd004 	add	sp, sp, #4
    540c:	e8bd83c0 	pop	{r6, r7, r8, r9, pc}
    5410:	e59d0000 	ldr	r0, [sp]
    5414:	e59d1014 	ldr	r1, [sp, #20]
    5418:	e59fcf6c 	ldr	ip, [pc, #3948]	@ 0x638c
    541c:	e12fff3c 	blx	ip
    5420:	e28dd004 	add	sp, sp, #4
    5424:	e8bd03c0 	pop	{r6, r7, r8, r9}
    5428:	e28dd004 	add	sp, sp, #4
    542c:	e12fff10 	bx	r0
    5430:	e52de004 	push	{lr}		@ (str lr, [sp, #-4]!)
    5434:	e24dd004 	sub	sp, sp, #4
    5438:	e58d0000 	str	r0, [sp]
    543c:	e30cc123 	movw	ip, #49443	@ 0xc123
    5440:	e34cc456 	movt	ip, #50262	@ 0xc456
    5444:	e5940000 	ldr	r0, [r4]
    5448:	e5941004 	ldr	r1, [r4, #4]
    544c:	e5942008 	ldr	r2, [r4, #8]
    5450:	e5840000 	str	r0, [r4]
    5454:	e5841004 	str	r1, [r4, #4]
    5458:	e5842008 	str	r2, [r4, #8]
    545c:	e3a0e005 	mov	lr, #5
    5460:	e584e00c 	str	lr, [r4, #12]
    5464:	e3a0e006 	mov	lr, #6
    5468:	e584e010 	str	lr, [r4, #16]
    546c:	e3a009ff 	mov	r0, #4177920	@ 0x3fc000
    5470:	e3800faa 	orr	r0, r0, #680	@ 0x2a8
    5474:	e1a01004 	mov	r1, r4
    5478:	e59d2000 	ldr	r2, [sp]
    547c:	e59fcf0c 	ldr	ip, [pc, #3852]	@ 0x6390
    5480:	e12fff3c 	blx	ip
    5484:	e3500000 	cmp	r0, #0
    5488:	1a000007 	bne	0x54ac
    548c:	e5940014 	ldr	r0, [r4, #20]
    5490:	e5840014 	str	r0, [r4, #20]
    5494:	e3a009ff 	mov	r0, #4177920	@ 0x3fc000
    5498:	e3800fb2 	orr	r0, r0, #712	@ 0x2c8
    549c:	e30ccabc 	movw	ip, #51900	@ 0xcabc
    54a0:	e34ccdef 	movt	ip, #52719	@ 0xcdef
    54a4:	e28dd004 	add	sp, sp, #4
    54a8:	e49df004 	pop	{pc}		@ (ldr pc, [sp], #4)
    54ac:	e59d0000 	ldr	r0, [sp]
    54b0:	e59d1004 	ldr	r1, [sp, #4]
    54b4:	e59fced8 	ldr	ip, [pc, #3800]	@ 0x6394
    54b8:	e12fff3c 	blx	ip
    54bc:	e28dd008 	add	sp, sp, #8
    54c0:	e12fff10 	bx	r0
    54c4:	e92d4fc0 	push	{r6, r7, r8, r9, sl, fp, lr}
    54c8:	e24dd004 	sub	sp, sp, #4
    54cc:	ed2d8b02 	vpush	{d8}
    54d0:	e24dd018 	sub	sp, sp, #24
    54d4:	e58d0000 	str	r0, [sp]
    54d8:	e30cc123 	movw	ip, #49443	@ 0xc123
    54dc:	e34cc456 	movt	ip, #50262	@ 0xc456
    54e0:	ed948b01 	vldr	d8, [r4, #4]
    54e4:	e3a0e000 	mov	lr, #0
    54e8:	e584e054 	str	lr, [r4, #84]	@ 0x54
    54ec:	e595e03c 	ldr	lr, [r5, #60]	@ 0x3c
    54f0:	e59e0008 	ldr	r0, [lr, #8]
    54f4:	e2400f8c 	sub	r0, r0, #140, 30	@ 0x230
    54f8:	e584001c 	str	r0, [r4, #28]
    54fc:	e595103c 	ldr	r1, [r5, #60]	@ 0x3c
    5500:	e5810008 	str	r0, [r1, #8]
    5504:	e3a0e000 	mov	lr, #0
    5508:	e584e020 	str	lr, [r4, #32]
    550c:	e594101c 	ldr	r1, [r4, #28]
    5510:	e5950030 	ldr	r0, [r5, #48]	@ 0x30
    5514:	e291102c 	adds	r1, r1, #44	@ 0x2c
    5518:	2a0006f2 	bcs	0x70e8
    551c:	e59fce74 	ldr	ip, [pc, #3700]	@ 0x6398
    5520:	e151000c 	cmp	r1, ip
    5524:	8a0006ef 	bhi	0x70e8
    5528:	e3a0e000 	mov	lr, #0
    552c:	e780e001 	str	lr, [r0, r1]
    5530:	ed848b01 	vstr	d8, [r4, #4]
    5534:	e59f0e60 	ldr	r0, [pc, #3680]	@ 0x639c
    5538:	e1a01004 	mov	r1, r4
    553c:	e59d2000 	ldr	r2, [sp]
    5540:	e59fce58 	ldr	ip, [pc, #3672]	@ 0x63a0
    5544:	e12fff3c 	blx	ip
    5548:	e3500000 	cmp	r0, #0
    554c:	1a0006e8 	bne	0x70f4
    5550:	e59400a0 	ldr	r0, [r4, #160]	@ 0xa0
    5554:	e59410a4 	ldr	r1, [r4, #164]	@ 0xa4
    5558:	e1a02000 	mov	r2, r0
    555c:	e1a03001 	mov	r3, r1
    5560:	e3e0c000 	mvn	ip, #0
    5564:	e15c0000 	cmp	ip, r0
    5568:	e3e0c000 	mvn	ip, #0
    556c:	e0dcc001 	sbcs	ip, ip, r1
    5570:	ba000013 	blt	0x55c4
    5574:	e3a0e001 	mov	lr, #1
    5578:	e584e024 	str	lr, [r4, #36]	@ 0x24
    557c:	e3a0eb40 	mov	lr, #64, 22	@ 0x10000
    5580:	e38ee2a0 	orr	lr, lr, #160, 4
    5584:	e584e028 	str	lr, [r4, #40]	@ 0x28
    5588:	eeb10b48 	vneg.f64	d0, d8
    558c:	eeb08b40 	vmov.f64	d8, d0
    5590:	ed840b28 	vstr	d0, [r4, #160]	@ 0xa0
    5594:	e59f0e08 	ldr	r0, [pc, #3592]	@ 0x63a4
    5598:	e1a01004 	mov	r1, r4
    559c:	e59d2000 	ldr	r2, [sp]
    55a0:	e59fce00 	ldr	ip, [pc, #3584]	@ 0x63a8
    55a4:	e12fff3c 	blx	ip
    55a8:	e3500000 	cmp	r0, #0
    55ac:	1a0006d0 	bne	0x70f4
    55b0:	e59400a0 	ldr	r0, [r4, #160]	@ 0xa0
    55b4:	e59410a4 	ldr	r1, [r4, #164]	@ 0xa4
    55b8:	e1a02000 	mov	r2, r0
    55bc:	e1a03001 	mov	r3, r1
    55c0:	ea000017 	b	0x5624
    55c4:	e594c014 	ldr	ip, [r4, #20]
    55c8:	e31c0e80 	tst	ip, #128, 28	@ 0x800
    55cc:	0a000005 	beq	0x55e8
    55d0:	e3a0e001 	mov	lr, #1
    55d4:	e584e024 	str	lr, [r4, #36]	@ 0x24
    55d8:	e3a0eb40 	mov	lr, #64, 22	@ 0x10000
    55dc:	e38ee2d0 	orr	lr, lr, #208, 4
    55e0:	e584e028 	str	lr, [r4, #40]	@ 0x28
    55e4:	ea00000e 	b	0x5624
    55e8:	e594c014 	ldr	ip, [r4, #20]
    55ec:	e20c0001 	and	r0, ip, #1
    55f0:	e5840024 	str	r0, [r4, #36]	@ 0x24
    55f4:	e3500000 	cmp	r0, #0
    55f8:	e3a0eb40 	mov	lr, #64, 22	@ 0x10000
    55fc:	e38ee140 	orr	lr, lr, #64, 2
    5600:	e3a0cb40 	mov	ip, #64, 22	@ 0x10000
    5604:	e38cc2b0 	orr	ip, ip, #176, 4
    5608:	01a0e00c 	moveq	lr, ip
    560c:	e584e028 	str	lr, [r4, #40]	@ 0x28
    5610:	e594c024 	ldr	ip, [r4, #36]	@ 0x24
    5614:	e35c0000 	cmp	ip, #0
    5618:	e3a0c000 	mov	ip, #0
    561c:	03a0c001 	moveq	ip, #1
    5620:	e584c020 	str	ip, [r4, #32]
    5624:	e2022000 	and	r2, r2, #0
    5628:	e3a0c207 	mov	ip, #1879048192	@ 0x70000000
    562c:	e38cc6ff 	orr	ip, ip, #267386880	@ 0xff00000
    5630:	e003300c 	and	r3, r3, ip
    5634:	e3a0c207 	mov	ip, #1879048192	@ 0x70000000
    5638:	e38cc6ff 	orr	ip, ip, #267386880	@ 0xff00000
    563c:	e153000c 	cmp	r3, ip
    5640:	1a000000 	bne	0x5648
    5644:	e3520000 	cmp	r2, #0
    5648:	1a000045 	bne	0x5764
    564c:	e594c024 	ldr	ip, [r4, #36]	@ 0x24
    5650:	e28c0003 	add	r0, ip, #3
    5654:	e1a08000 	mov	r8, r0
    5658:	e594c014 	ldr	ip, [r4, #20]
    565c:	e3cc1b40 	bic	r1, ip, #64, 22	@ 0x10000
    5660:	e3a0e020 	mov	lr, #32
    5664:	e584e0a4 	str	lr, [r4, #164]	@ 0xa4
    5668:	e58400ac 	str	r0, [r4, #172]	@ 0xac
    566c:	e58410b0 	str	r1, [r4, #176]	@ 0xb0
    5670:	e59f0d34 	ldr	r0, [pc, #3380]	@ 0x63ac
    5674:	e1a01004 	mov	r1, r4
    5678:	e59d2000 	ldr	r2, [sp]
    567c:	e59fcd2c 	ldr	ip, [pc, #3372]	@ 0x63b0
    5680:	e12fff3c 	blx	ip
    5684:	e3500000 	cmp	r0, #0
    5688:	1a000699 	bne	0x70f4
    568c:	e59f0d20 	ldr	r0, [pc, #3360]	@ 0x63b4
    5690:	e1a01004 	mov	r1, r4
    5694:	e59d2000 	ldr	r2, [sp]
    5698:	e59fcd18 	ldr	ip, [pc, #3352]	@ 0x63b8
    569c:	e12fff3c 	blx	ip
    56a0:	e3500000 	cmp	r0, #0
    56a4:	1a000692 	bne	0x70f4
    56a8:	e594c018 	ldr	ip, [r4, #24]
    56ac:	e20c0020 	and	r0, ip, #32
    56b0:	e1a01000 	mov	r1, r0
    56b4:	e3500000 	cmp	r0, #0
    56b8:	e3a02b40 	mov	r2, #64, 22	@ 0x10000
    56bc:	e3822174 	orr	r2, r2, #116, 2
    56c0:	e3a0cb40 	mov	ip, #64, 22	@ 0x10000
    56c4:	e38cc194 	orr	ip, ip, #148, 2	@ 0x25
    56c8:	01a0200c 	moveq	r2, ip
    56cc:	e3510000 	cmp	r1, #0
    56d0:	e3a00b40 	mov	r0, #64, 22	@ 0x10000
    56d4:	e3800184 	orr	r0, r0, #132, 2	@ 0x21
    56d8:	e3a0cb40 	mov	ip, #64, 22	@ 0x10000
    56dc:	e38cc1a4 	orr	ip, ip, #164, 2	@ 0x29
    56e0:	01a0000c 	moveq	r0, ip
    56e4:	eeb48b48 	vcmp.f64	d8, d8
    56e8:	eef1fa10 	vmrs	APSR_nzcv, fpscr
    56ec:	01a02000 	moveq	r2, r0
    56f0:	e58420a4 	str	r2, [r4, #164]	@ 0xa4
    56f4:	e3a0e003 	mov	lr, #3
    56f8:	e584e0a8 	str	lr, [r4, #168]	@ 0xa8
    56fc:	e59f0cb8 	ldr	r0, [pc, #3256]	@ 0x63bc
    5700:	e1a01004 	mov	r1, r4
    5704:	e59d2000 	ldr	r2, [sp]
    5708:	e59fccb0 	ldr	ip, [pc, #3248]	@ 0x63c0
    570c:	e12fff3c 	blx	ip
    5710:	e3500000 	cmp	r0, #0
    5714:	1a000676 	bne	0x70f4
    5718:	e594c014 	ldr	ip, [r4, #20]
    571c:	e22c0d80 	eor	r0, ip, #128, 26	@ 0x2000
    5720:	e3a0e020 	mov	lr, #32
    5724:	e584e0a4 	str	lr, [r4, #164]	@ 0xa4
    5728:	e584802c 	str	r8, [r4, #44]	@ 0x2c
    572c:	e58400b0 	str	r0, [r4, #176]	@ 0xb0
    5730:	e59f0c8c 	ldr	r0, [pc, #3212]	@ 0x63c4
    5734:	e1a01004 	mov	r1, r4
    5738:	e59d2000 	ldr	r2, [sp]
    573c:	e59fcc84 	ldr	ip, [pc, #3204]	@ 0x63c8
    5740:	e12fff3c 	blx	ip
    5744:	e3500000 	cmp	r0, #0
    5748:	1a000669 	bne	0x70f4
    574c:	e594c00c 	ldr	ip, [r4, #12]
    5750:	e15c0008 	cmp	ip, r8
    5754:	e594e00c 	ldr	lr, [r4, #12]
    5758:	d1a0e008 	movle	lr, r8
    575c:	e584e034 	str	lr, [r4, #52]	@ 0x34
    5760:	ea000653 	b	0x70b4
    5764:	e594c01c 	ldr	ip, [r4, #28]
    5768:	e28ce010 	add	lr, ip, #16
    576c:	e584e038 	str	lr, [r4, #56]	@ 0x38
    5770:	e594c01c 	ldr	ip, [r4, #28]
    5774:	e28c002c 	add	r0, ip, #44	@ 0x2c
    5778:	ed848b01 	vstr	d8, [r4, #4]
    577c:	e58400a8 	str	r0, [r4, #168]	@ 0xa8
    5780:	e59f0c44 	ldr	r0, [pc, #3140]	@ 0x63cc
    5784:	e1a01004 	mov	r1, r4
    5788:	e59d2000 	ldr	r2, [sp]
    578c:	e59fcc3c 	ldr	ip, [pc, #3132]	@ 0x63d0
    5790:	e12fff3c 	blx	ip
    5794:	e3500000 	cmp	r0, #0
    5798:	1a000655 	bne	0x70f4
    579c:	ed940b28 	vldr	d0, [r4, #160]	@ 0xa0
    57a0:	eeb01b40 	vmov.f64	d1, d0
    57a4:	ee300b01 	vadd.f64	d0, d0, d1
    57a8:	eeb08b40 	vmov.f64	d8, d0
    57ac:	e3a0c000 	mov	ip, #0
    57b0:	ec4cca11 	vmov	s2, s3, ip, ip
    57b4:	eeb40b41 	vcmp.f64	d0, d1
    57b8:	eef1fa10 	vmrs	APSR_nzcv, fpscr
    57bc:	0a000017 	beq	0x5820
    57c0:	e594201c 	ldr	r2, [r4, #28]
    57c4:	e5951030 	ldr	r1, [r5, #48]	@ 0x30
    57c8:	e292202c 	adds	r2, r2, #44	@ 0x2c
    57cc:	2a000645 	bcs	0x70e8
    57d0:	e59fcbc0 	ldr	ip, [pc, #3008]	@ 0x6398
    57d4:	e152000c 	cmp	r2, ip
    57d8:	8a000642 	bhi	0x70e8
    57dc:	e7910002 	ldr	r0, [r1, r2]
    57e0:	e1a01000 	mov	r1, r0
    57e4:	e2400001 	sub	r0, r0, #1
    57e8:	e594301c 	ldr	r3, [r4, #28]
    57ec:	e5952030 	ldr	r2, [r5, #48]	@ 0x30
    57f0:	e293302c 	adds	r3, r3, #44	@ 0x2c
    57f4:	2a00063b 	bcs	0x70e8
    57f8:	e59fcb98 	ldr	ip, [pc, #2968]	@ 0x6398
    57fc:	e153000c 	cmp	r3, ip
    5800:	8a000638 	bhi	0x70e8
    5804:	e7820003 	str	r0, [r2, r3]
    5808:	e594c018 	ldr	ip, [r4, #24]
    580c:	e38c0020 	orr	r0, ip, #32
    5810:	e584003c 	str	r0, [r4, #60]	@ 0x3c
    5814:	e3500061 	cmp	r0, #97	@ 0x61
    5818:	1a000015 	bne	0x5874
    581c:	ea0004fd 	b	0x6c18
    5820:	e594c018 	ldr	ip, [r4, #24]
    5824:	e38c0020 	orr	r0, ip, #32
    5828:	e584003c 	str	r0, [r4, #60]	@ 0x3c
    582c:	e3500061 	cmp	r0, #97	@ 0x61
    5830:	0a0004f8 	beq	0x6c18
    5834:	e594c010 	ldr	ip, [r4, #16]
    5838:	e35c0000 	cmp	ip, #0
    583c:	e3a0e006 	mov	lr, #6
    5840:	e594c010 	ldr	ip, [r4, #16]
    5844:	a1a0e00c 	movge	lr, ip
    5848:	e584e040 	str	lr, [r4, #64]	@ 0x40
    584c:	e594201c 	ldr	r2, [r4, #28]
    5850:	e5950030 	ldr	r0, [r5, #48]	@ 0x30
    5854:	e292202c 	adds	r2, r2, #44	@ 0x2c
    5858:	2a000622 	bcs	0x70e8
    585c:	e59fcb34 	ldr	ip, [pc, #2868]	@ 0x6398
    5860:	e152000c 	cmp	r2, ip
    5864:	8a00061f 	bhi	0x70e8
    5868:	e790e002 	ldr	lr, [r0, r2]
    586c:	e584e044 	str	lr, [r4, #68]	@ 0x44
    5870:	ea000014 	b	0x58c8
    5874:	e241101d 	sub	r1, r1, #29
    5878:	e5841044 	str	r1, [r4, #68]	@ 0x44
    587c:	e594201c 	ldr	r2, [r4, #28]
    5880:	e5950030 	ldr	r0, [r5, #48]	@ 0x30
    5884:	e292202c 	adds	r2, r2, #44	@ 0x2c
    5888:	2a000616 	bcs	0x70e8
    588c:	e59fcb04 	ldr	ip, [pc, #2820]	@ 0x6398
    5890:	e152000c 	cmp	r2, ip
    5894:	8a000613 	bhi	0x70e8
    5898:	e7801002 	str	r1, [r0, r2]
    589c:	e594c010 	ldr	ip, [r4, #16]
    58a0:	e35c0000 	cmp	ip, #0
    58a4:	e3a0e006 	mov	lr, #6
    58a8:	e594c010 	ldr	ip, [r4, #16]
    58ac:	a1a0e00c 	movge	lr, ip
    58b0:	e584e040 	str	lr, [r4, #64]	@ 0x40
    58b4:	e3a0c000 	mov	ip, #0
    58b8:	e3a0e204 	mov	lr, #4, 4	@ 0x40000000
    58bc:	e38ee61b 	orr	lr, lr, #28311552	@ 0x1b00000
    58c0:	ec4eca10 	vmov	s0, s1, ip, lr
    58c4:	ee288b00 	vmul.f64	d8, d8, d0
    58c8:	e594c01c 	ldr	ip, [r4, #28]
    58cc:	e28c0030 	add	r0, ip, #48	@ 0x30
    58d0:	e594c044 	ldr	ip, [r4, #68]	@ 0x44
    58d4:	e35c0000 	cmp	ip, #0
    58d8:	e3a01000 	mov	r1, #0
    58dc:	a3a01f48 	movge	r1, #72, 30	@ 0x120
    58e0:	e0800001 	add	r0, r0, r1
    58e4:	e5840048 	str	r0, [r4, #72]	@ 0x48
    58e8:	e5840030 	str	r0, [r4, #48]	@ 0x30
    58ec:	eeb00b48 	vmov.f64	d0, d8
    58f0:	ec510a10 	vmov	r0, r1, s0, s1
    58f4:	e59fcad8 	ldr	ip, [pc, #2776]	@ 0x63d4
    58f8:	e12fff3c 	blx	ip
    58fc:	e1a01000 	mov	r1, r0
    5900:	e5943030 	ldr	r3, [r4, #48]	@ 0x30
    5904:	e5952030 	ldr	r2, [r5, #48]	@ 0x30
    5908:	e59fca88 	ldr	ip, [pc, #2696]	@ 0x6398
    590c:	e153000c 	cmp	r3, ip
    5910:	8a0005f4 	bhi	0x70e8
    5914:	e7820003 	str	r0, [r2, r3]
    5918:	e594c030 	ldr	ip, [r4, #48]	@ 0x30
    591c:	e28ce004 	add	lr, ip, #4
    5920:	e584e030 	str	lr, [r4, #48]	@ 0x30
    5924:	ee071a10 	vmov	s14, r1
    5928:	eeb80b47 	vcvt.f64.u32	d0, s14
    592c:	ee380b40 	vsub.f64	d0, d8, d0
    5930:	e3a0c000 	mov	ip, #0
    5934:	e59fea9c 	ldr	lr, [pc, #2716]	@ 0x63d8
    5938:	ec4eca11 	vmov	s2, s3, ip, lr
    593c:	ee200b01 	vmul.f64	d0, d0, d1
    5940:	eeb08b40 	vmov.f64	d8, d0
    5944:	e3a0c000 	mov	ip, #0
    5948:	ec4cca11 	vmov	s2, s3, ip, ip
    594c:	eeb40b41 	vcmp.f64	d0, d1
    5950:	eef1fa10 	vmrs	APSR_nzcv, fpscr
    5954:	1affffe4 	bne	0x58ec
    5958:	e594c044 	ldr	ip, [r4, #68]	@ 0x44
    595c:	e35c0001 	cmp	ip, #1
    5960:	aa000006 	bge	0x5980
    5964:	e594e044 	ldr	lr, [r4, #68]	@ 0x44
    5968:	e584e04c 	str	lr, [r4, #76]	@ 0x4c
    596c:	e594e030 	ldr	lr, [r4, #48]	@ 0x30
    5970:	e584e02c 	str	lr, [r4, #44]	@ 0x2c
    5974:	e594e048 	ldr	lr, [r4, #72]	@ 0x48
    5978:	e584e050 	str	lr, [r4, #80]	@ 0x50
    597c:	ea000082 	b	0x5b8c
    5980:	e594e048 	ldr	lr, [r4, #72]	@ 0x48
    5984:	e584e050 	str	lr, [r4, #80]	@ 0x50
    5988:	e594e044 	ldr	lr, [r4, #68]	@ 0x44
    598c:	e584e04c 	str	lr, [r4, #76]	@ 0x4c
    5990:	e594c04c 	ldr	ip, [r4, #76]	@ 0x4c
    5994:	e35c001d 	cmp	ip, #29
    5998:	e3a0e01d 	mov	lr, #29
    599c:	e594c04c 	ldr	ip, [r4, #76]	@ 0x4c
    59a0:	31a0e00c 	movcc	lr, ip
    59a4:	e584e04c 	str	lr, [r4, #76]	@ 0x4c
    59a8:	e594c030 	ldr	ip, [r4, #48]	@ 0x30
    59ac:	e24c0004 	sub	r0, ip, #4
    59b0:	e1a09000 	mov	r9, r0
    59b4:	e594c050 	ldr	ip, [r4, #80]	@ 0x50
    59b8:	e150000c 	cmp	r0, ip
    59bc:	3a000049 	bcc	0x5ae8
    59c0:	e594704c 	ldr	r7, [r4, #76]	@ 0x4c
    59c4:	e3a08000 	mov	r8, #0
    59c8:	e3a06000 	mov	r6, #0
    59cc:	e3a03000 	mov	r3, #0
    59d0:	e1a0a009 	mov	sl, r9
    59d4:	e5952030 	ldr	r2, [r5, #48]	@ 0x30
    59d8:	e59fc9b8 	ldr	ip, [pc, #2488]	@ 0x6398
    59dc:	e15a000c 	cmp	sl, ip
    59e0:	8a0005c0 	bhi	0x70e8
    59e4:	e792000a 	ldr	r0, [r2, sl]
    59e8:	e3a01000 	mov	r1, #0
    59ec:	e1a02007 	mov	r2, r7
    59f0:	e3120020 	tst	r2, #32
    59f4:	1a000006 	bne	0x5a14
    59f8:	e202201f 	and	r2, r2, #31
    59fc:	e1a01211 	lsl	r1, r1, r2
    5a00:	e1a0c0a0 	lsr	ip, r0, #1
    5a04:	e222e01f 	eor	lr, r2, #31
    5a08:	e1811e3c 	orr	r1, r1, ip, lsr lr
    5a0c:	e1a00210 	lsl	r0, r0, r2
    5a10:	ea000002 	b	0x5a20
    5a14:	e202e01f 	and	lr, r2, #31
    5a18:	e1a01e10 	lsl	r1, r0, lr
    5a1c:	e3a00000 	mov	r0, #0
    5a20:	e090a006 	adds	sl, r0, r6
    5a24:	e0a1b003 	adc	fp, r1, r3
    5a28:	e584a074 	str	sl, [r4, #116]	@ 0x74
    5a2c:	e584b078 	str	fp, [r4, #120]	@ 0x78
    5a30:	e59fe9a4 	ldr	lr, [pc, #2468]	@ 0x63dc
    5a34:	e58de00c 	str	lr, [sp, #12]
    5a38:	e3a0e000 	mov	lr, #0
    5a3c:	e58de010 	str	lr, [sp, #16]
    5a40:	e2840074 	add	r0, r4, #116	@ 0x74
    5a44:	e28d100c 	add	r1, sp, #12
    5a48:	e28d2004 	add	r2, sp, #4
    5a4c:	e59fc98c 	ldr	ip, [pc, #2444]	@ 0x63e0
    5a50:	e12fff3c 	blx	ip
    5a54:	e59d0004 	ldr	r0, [sp, #4]
    5a58:	e59d1008 	ldr	r1, [sp, #8]
    5a5c:	e1a06000 	mov	r6, r0
    5a60:	e1a03001 	mov	r3, r1
    5a64:	e1a02001 	mov	r2, r1
    5a68:	e59f196c 	ldr	r1, [pc, #2412]	@ 0x63dc
    5a6c:	e0020192 	mul	r2, r2, r1
    5a70:	e0810091 	umull	r0, r1, r1, r0
    5a74:	e0822001 	add	r2, r2, r1
    5a78:	e1a01002 	mov	r1, r2
    5a7c:	e05aa000 	subs	sl, sl, r0
    5a80:	e0cbb001 	sbc	fp, fp, r1
    5a84:	e1a01009 	mov	r1, r9
    5a88:	e5950030 	ldr	r0, [r5, #48]	@ 0x30
    5a8c:	e59fc904 	ldr	ip, [pc, #2308]	@ 0x6398
    5a90:	e151000c 	cmp	r1, ip
    5a94:	8a000593 	bhi	0x70e8
    5a98:	e780a001 	str	sl, [r0, r1]
    5a9c:	e2490004 	sub	r0, r9, #4
    5aa0:	e1a09000 	mov	r9, r0
    5aa4:	e594c050 	ldr	ip, [r4, #80]	@ 0x50
    5aa8:	e150000c 	cmp	r0, ip
    5aac:	2affffc7 	bcs	0x59d0
    5ab0:	e594c074 	ldr	ip, [r4, #116]	@ 0x74
    5ab4:	e59fe920 	ldr	lr, [pc, #2336]	@ 0x63dc
    5ab8:	e15c000e 	cmp	ip, lr
    5abc:	e594c078 	ldr	ip, [r4, #120]	@ 0x78
    5ac0:	e2dcc000 	sbcs	ip, ip, #0
    5ac4:	3a000007 	bcc	0x5ae8
    5ac8:	e594c050 	ldr	ip, [r4, #80]	@ 0x50
    5acc:	e24c0004 	sub	r0, ip, #4
    5ad0:	e5840050 	str	r0, [r4, #80]	@ 0x50
    5ad4:	e5951030 	ldr	r1, [r5, #48]	@ 0x30
    5ad8:	e59fc8b8 	ldr	ip, [pc, #2232]	@ 0x6398
    5adc:	e150000c 	cmp	r0, ip
    5ae0:	8a000580 	bhi	0x70e8
    5ae4:	e7816000 	str	r6, [r1, r0]
    5ae8:	e594e030 	ldr	lr, [r4, #48]	@ 0x30
    5aec:	e584e02c 	str	lr, [r4, #44]	@ 0x2c
    5af0:	e594e050 	ldr	lr, [r4, #80]	@ 0x50
    5af4:	e594c030 	ldr	ip, [r4, #48]	@ 0x30
    5af8:	e15c000e 	cmp	ip, lr
    5afc:	9a00000a 	bls	0x5b2c
    5b00:	e594c02c 	ldr	ip, [r4, #44]	@ 0x2c
    5b04:	e24c0004 	sub	r0, ip, #4
    5b08:	e5840030 	str	r0, [r4, #48]	@ 0x30
    5b0c:	e1a02000 	mov	r2, r0
    5b10:	e5951030 	ldr	r1, [r5, #48]	@ 0x30
    5b14:	e59fc87c 	ldr	ip, [pc, #2172]	@ 0x6398
    5b18:	e152000c 	cmp	r2, ip
    5b1c:	8a000571 	bhi	0x70e8
    5b20:	e7910002 	ldr	r0, [r1, r2]
    5b24:	e3500000 	cmp	r0, #0
    5b28:	0affffee 	beq	0x5ae8
    5b2c:	e594201c 	ldr	r2, [r4, #28]
    5b30:	e5951030 	ldr	r1, [r5, #48]	@ 0x30
    5b34:	e292202c 	adds	r2, r2, #44	@ 0x2c
    5b38:	2a00056a 	bcs	0x70e8
    5b3c:	e59fc854 	ldr	ip, [pc, #2132]	@ 0x6398
    5b40:	e152000c 	cmp	r2, ip
    5b44:	8a000567 	bhi	0x70e8
    5b48:	e7910002 	ldr	r0, [r1, r2]
    5b4c:	e594c04c 	ldr	ip, [r4, #76]	@ 0x4c
    5b50:	e040000c 	sub	r0, r0, ip
    5b54:	e584004c 	str	r0, [r4, #76]	@ 0x4c
    5b58:	e594201c 	ldr	r2, [r4, #28]
    5b5c:	e5951030 	ldr	r1, [r5, #48]	@ 0x30
    5b60:	e292202c 	adds	r2, r2, #44	@ 0x2c
    5b64:	2a00055f 	bcs	0x70e8
    5b68:	e59fc828 	ldr	ip, [pc, #2088]	@ 0x6398
    5b6c:	e152000c 	cmp	r2, ip
    5b70:	8a00055c 	bhi	0x70e8
    5b74:	e7810002 	str	r0, [r1, r2]
    5b78:	e594e02c 	ldr	lr, [r4, #44]	@ 0x2c
    5b7c:	e584e030 	str	lr, [r4, #48]	@ 0x30
    5b80:	e594c04c 	ldr	ip, [r4, #76]	@ 0x4c
    5b84:	e35c0000 	cmp	ip, #0
    5b88:	caffff80 	bgt	0x5990
    5b8c:	e594c04c 	ldr	ip, [r4, #76]	@ 0x4c
    5b90:	e37c0001 	cmn	ip, #1
    5b94:	ca000080 	bgt	0x5d9c
    5b98:	e594c040 	ldr	ip, [r4, #64]	@ 0x40
    5b9c:	e28c0019 	add	r0, ip, #25
    5ba0:	e3a01009 	mov	r1, #9
    5ba4:	e52d3010 	str	r3, [sp, #-16]!
    5ba8:	e58d2004 	str	r2, [sp, #4]
    5bac:	e58d1008 	str	r1, [sp, #8]
    5bb0:	e59fc82c 	ldr	ip, [pc, #2092]	@ 0x63e4
    5bb4:	e12fff3c 	blx	ip
    5bb8:	e59d1008 	ldr	r1, [sp, #8]
    5bbc:	e59d2004 	ldr	r2, [sp, #4]
    5bc0:	e49d3010 	ldr	r3, [sp], #16
    5bc4:	e280e001 	add	lr, r0, #1
    5bc8:	e584e054 	str	lr, [r4, #84]	@ 0x54
    5bcc:	e594c03c 	ldr	ip, [r4, #60]	@ 0x3c
    5bd0:	e35c0066 	cmp	ip, #102	@ 0x66
    5bd4:	e3a0c000 	mov	ip, #0
    5bd8:	03a0c001 	moveq	ip, #1
    5bdc:	e584c058 	str	ip, [r4, #88]	@ 0x58
    5be0:	e594c04c 	ldr	ip, [r4, #76]	@ 0x4c
    5be4:	e26c1000 	rsb	r1, ip, #0
    5be8:	e1a02001 	mov	r2, r1
    5bec:	e3520009 	cmp	r2, #9
    5bf0:	23a01009 	movcs	r1, #9
    5bf4:	e594e02c 	ldr	lr, [r4, #44]	@ 0x2c
    5bf8:	e594c050 	ldr	ip, [r4, #80]	@ 0x50
    5bfc:	e15c000e 	cmp	ip, lr
    5c00:	3a000009 	bcc	0x5c2c
    5c04:	e5946050 	ldr	r6, [r4, #80]	@ 0x50
    5c08:	e5953030 	ldr	r3, [r5, #48]	@ 0x30
    5c0c:	e59fc784 	ldr	ip, [pc, #1924]	@ 0x6398
    5c10:	e156000c 	cmp	r6, ip
    5c14:	8a000533 	bhi	0x70e8
    5c18:	e7932006 	ldr	r2, [r3, r6]
    5c1c:	e3520000 	cmp	r2, #0
    5c20:	e3a03000 	mov	r3, #0
    5c24:	03a03004 	moveq	r3, #4
    5c28:	ea000033 	b	0x5cfc
    5c2c:	e59fc7a8 	ldr	ip, [pc, #1960]	@ 0x63dc
    5c30:	e201e01f 	and	lr, r1, #31
    5c34:	e1a02e3c 	lsr	r2, ip, lr
    5c38:	e3e0c000 	mvn	ip, #0
    5c3c:	e201e01f 	and	lr, r1, #31
    5c40:	e1a06e1c 	lsl	r6, ip, lr
    5c44:	e1e06006 	mvn	r6, r6
    5c48:	e3a07000 	mov	r7, #0
    5c4c:	e5948050 	ldr	r8, [r4, #80]	@ 0x50
    5c50:	e1a0b008 	mov	fp, r8
    5c54:	e595a030 	ldr	sl, [r5, #48]	@ 0x30
    5c58:	e59fc738 	ldr	ip, [pc, #1848]	@ 0x6398
    5c5c:	e15b000c 	cmp	fp, ip
    5c60:	8a000520 	bhi	0x70e8
    5c64:	e79a900b 	ldr	r9, [sl, fp]
    5c68:	e1a0a009 	mov	sl, r9
    5c6c:	e201e01f 	and	lr, r1, #31
    5c70:	e1a09e39 	lsr	r9, r9, lr
    5c74:	e0899007 	add	r9, r9, r7
    5c78:	e1a00008 	mov	r0, r8
    5c7c:	e595b030 	ldr	fp, [r5, #48]	@ 0x30
    5c80:	e59fc710 	ldr	ip, [pc, #1808]	@ 0x6398
    5c84:	e150000c 	cmp	r0, ip
    5c88:	8a000516 	bhi	0x70e8
    5c8c:	e78b9000 	str	r9, [fp, r0]
    5c90:	e00aa006 	and	sl, sl, r6
    5c94:	e007029a 	mul	r7, sl, r2
    5c98:	e2880004 	add	r0, r8, #4
    5c9c:	e1a08000 	mov	r8, r0
    5ca0:	e594c02c 	ldr	ip, [r4, #44]	@ 0x2c
    5ca4:	e150000c 	cmp	r0, ip
    5ca8:	3affffe8 	bcc	0x5c50
    5cac:	e5946050 	ldr	r6, [r4, #80]	@ 0x50
    5cb0:	e5952030 	ldr	r2, [r5, #48]	@ 0x30
    5cb4:	e59fc6dc 	ldr	ip, [pc, #1756]	@ 0x6398
    5cb8:	e156000c 	cmp	r6, ip
    5cbc:	8a000509 	bhi	0x70e8
    5cc0:	e7920006 	ldr	r0, [r2, r6]
    5cc4:	e3500000 	cmp	r0, #0
    5cc8:	e3a03000 	mov	r3, #0
    5ccc:	03a03004 	moveq	r3, #4
    5cd0:	e3570000 	cmp	r7, #0
    5cd4:	0a000008 	beq	0x5cfc
    5cd8:	e594202c 	ldr	r2, [r4, #44]	@ 0x2c
    5cdc:	e5950030 	ldr	r0, [r5, #48]	@ 0x30
    5ce0:	e59fc6b0 	ldr	ip, [pc, #1712]	@ 0x6398
    5ce4:	e152000c 	cmp	r2, ip
    5ce8:	8a0004fe 	bhi	0x70e8
    5cec:	e7807002 	str	r7, [r0, r2]
    5cf0:	e594c02c 	ldr	ip, [r4, #44]	@ 0x2c
    5cf4:	e28ce004 	add	lr, ip, #4
    5cf8:	e584e02c 	str	lr, [r4, #44]	@ 0x2c
    5cfc:	e594601c 	ldr	r6, [r4, #28]
    5d00:	e5952030 	ldr	r2, [r5, #48]	@ 0x30
    5d04:	e296602c 	adds	r6, r6, #44	@ 0x2c
    5d08:	2a0004f6 	bcs	0x70e8
    5d0c:	e59fc684 	ldr	ip, [pc, #1668]	@ 0x6398
    5d10:	e156000c 	cmp	r6, ip
    5d14:	8a0004f3 	bhi	0x70e8
    5d18:	e7920006 	ldr	r0, [r2, r6]
    5d1c:	e0800001 	add	r0, r0, r1
    5d20:	e584004c 	str	r0, [r4, #76]	@ 0x4c
    5d24:	e594201c 	ldr	r2, [r4, #28]
    5d28:	e5951030 	ldr	r1, [r5, #48]	@ 0x30
    5d2c:	e292202c 	adds	r2, r2, #44	@ 0x2c
    5d30:	2a0004ec 	bcs	0x70e8
    5d34:	e59fc65c 	ldr	ip, [pc, #1628]	@ 0x6398
    5d38:	e152000c 	cmp	r2, ip
    5d3c:	8a0004e9 	bhi	0x70e8
    5d40:	e7810002 	str	r0, [r1, r2]
    5d44:	e594c050 	ldr	ip, [r4, #80]	@ 0x50
    5d48:	e08c3003 	add	r3, ip, r3
    5d4c:	e5843050 	str	r3, [r4, #80]	@ 0x50
    5d50:	e594c058 	ldr	ip, [r4, #88]	@ 0x58
    5d54:	e35c0000 	cmp	ip, #0
    5d58:	e594c048 	ldr	ip, [r4, #72]	@ 0x48
    5d5c:	11a0300c 	movne	r3, ip
    5d60:	e1a00003 	mov	r0, r3
    5d64:	e594c054 	ldr	ip, [r4, #84]	@ 0x54
    5d68:	e1a0110c 	lsl	r1, ip, #2
    5d6c:	e0833001 	add	r3, r3, r1
    5d70:	e594c02c 	ldr	ip, [r4, #44]	@ 0x2c
    5d74:	e04c0000 	sub	r0, ip, r0
    5d78:	e1a00140 	asr	r0, r0, #2
    5d7c:	e594c054 	ldr	ip, [r4, #84]	@ 0x54
    5d80:	e150000c 	cmp	r0, ip
    5d84:	e594e02c 	ldr	lr, [r4, #44]	@ 0x2c
    5d88:	c1a0e003 	movgt	lr, r3
    5d8c:	e584e02c 	str	lr, [r4, #44]	@ 0x2c
    5d90:	e594c04c 	ldr	ip, [r4, #76]	@ 0x4c
    5d94:	e35c0000 	cmp	ip, #0
    5d98:	baffff90 	blt	0x5be0
    5d9c:	e3a06000 	mov	r6, #0
    5da0:	e594e02c 	ldr	lr, [r4, #44]	@ 0x2c
    5da4:	e594c050 	ldr	ip, [r4, #80]	@ 0x50
    5da8:	e15c000e 	cmp	ip, lr
    5dac:	2a000015 	bcs	0x5e08
    5db0:	e594e050 	ldr	lr, [r4, #80]	@ 0x50
    5db4:	e594c048 	ldr	ip, [r4, #72]	@ 0x48
    5db8:	e04c000e 	sub	r0, ip, lr
    5dbc:	e1a00140 	asr	r0, r0, #2
    5dc0:	e3a0c009 	mov	ip, #9
    5dc4:	e0060c90 	mul	r6, r0, ip
    5dc8:	e3a0000a 	mov	r0, #10
    5dcc:	e5943050 	ldr	r3, [r4, #80]	@ 0x50
    5dd0:	e5952030 	ldr	r2, [r5, #48]	@ 0x30
    5dd4:	e59fc5bc 	ldr	ip, [pc, #1468]	@ 0x6398
    5dd8:	e153000c 	cmp	r3, ip
    5ddc:	8a0004c1 	bhi	0x70e8
    5de0:	e7921003 	ldr	r1, [r2, r3]
    5de4:	e1a02001 	mov	r2, r1
    5de8:	e351000a 	cmp	r1, #10
    5dec:	3a000005 	bcc	0x5e08
    5df0:	e2866001 	add	r6, r6, #1
    5df4:	e3a0c00a 	mov	ip, #10
    5df8:	e0010c90 	mul	r1, r0, ip
    5dfc:	e1a00001 	mov	r0, r1
    5e00:	e1520001 	cmp	r2, r1
    5e04:	2afffff9 	bcs	0x5df0
    5e08:	e594c03c 	ldr	ip, [r4, #60]	@ 0x3c
    5e0c:	e35c0066 	cmp	ip, #102	@ 0x66
    5e10:	e3a00000 	mov	r0, #0
    5e14:	11a00006 	movne	r0, r6
    5e18:	e594c040 	ldr	ip, [r4, #64]	@ 0x40
    5e1c:	e04c0000 	sub	r0, ip, r0
    5e20:	e594c040 	ldr	ip, [r4, #64]	@ 0x40
    5e24:	e35c0000 	cmp	ip, #0
    5e28:	e3a01000 	mov	r1, #0
    5e2c:	13a01001 	movne	r1, #1
    5e30:	e594c03c 	ldr	ip, [r4, #60]	@ 0x3c
    5e34:	e35c0067 	cmp	ip, #103	@ 0x67
    5e38:	e3a02000 	mov	r2, #0
    5e3c:	03a02001 	moveq	r2, #1
    5e40:	e0011002 	and	r1, r1, r2
    5e44:	e0400001 	sub	r0, r0, r1
    5e48:	e1a01000 	mov	r1, r0
    5e4c:	e594e048 	ldr	lr, [r4, #72]	@ 0x48
    5e50:	e594c02c 	ldr	ip, [r4, #44]	@ 0x2c
    5e54:	e04c200e 	sub	r2, ip, lr
    5e58:	e1a02142 	asr	r2, r2, #2
    5e5c:	e3a0c009 	mov	ip, #9
    5e60:	e0020c92 	mul	r2, r2, ip
    5e64:	e2422009 	sub	r2, r2, #9
    5e68:	e1500002 	cmp	r0, r2
    5e6c:	aa0000df 	bge	0x61f0
    5e70:	e3a0200a 	mov	r2, #10
    5e74:	e2813d90 	add	r3, r1, #144, 26	@ 0x2400
    5e78:	e1a00003 	mov	r0, r3
    5e7c:	e3a01009 	mov	r1, #9
    5e80:	e52d3010 	str	r3, [sp, #-16]!
    5e84:	e58d2004 	str	r2, [sp, #4]
    5e88:	e58d1008 	str	r1, [sp, #8]
    5e8c:	e59fc554 	ldr	ip, [pc, #1364]	@ 0x63e8
    5e90:	e12fff3c 	blx	ip
    5e94:	e59d1008 	ldr	r1, [sp, #8]
    5e98:	e59d2004 	ldr	r2, [sp, #4]
    5e9c:	e49d3010 	ldr	r3, [sp], #16
    5ea0:	e1a01000 	mov	r1, r0
    5ea4:	e3a0c009 	mov	ip, #9
    5ea8:	e0000c90 	mul	r0, r0, ip
    5eac:	e0433000 	sub	r3, r3, r0
    5eb0:	e1a00003 	mov	r0, r3
    5eb4:	e3530007 	cmp	r3, #7
    5eb8:	ca000005 	bgt	0x5ed4
    5ebc:	e3a0c00a 	mov	ip, #10
    5ec0:	e0020c92 	mul	r2, r2, ip
    5ec4:	e2803001 	add	r3, r0, #1
    5ec8:	e1a00003 	mov	r0, r3
    5ecc:	e3530008 	cmp	r3, #8
    5ed0:	1afffff9 	bne	0x5ebc
    5ed4:	e594c01c 	ldr	ip, [r4, #28]
    5ed8:	e28c0030 	add	r0, ip, #48	@ 0x30
    5edc:	e594c044 	ldr	ip, [r4, #68]	@ 0x44
    5ee0:	e35c0000 	cmp	ip, #0
    5ee4:	e3e03c0f 	mvn	r3, #3840	@ 0xf00
    5ee8:	e3c330fb 	bic	r3, r3, #251	@ 0xfb
    5eec:	e3e0cc0e 	mvn	ip, #3584	@ 0xe00
    5ef0:	e3ccc0db 	bic	ip, ip, #219	@ 0xdb
    5ef4:	a1a0300c 	movge	r3, ip
    5ef8:	e0800003 	add	r0, r0, r3
    5efc:	e1a01101 	lsl	r1, r1, #2
    5f00:	e0800001 	add	r0, r0, r1
    5f04:	e1a03000 	mov	r3, r0
    5f08:	e2807004 	add	r7, r0, #4
    5f0c:	e1a01003 	mov	r1, r3
    5f10:	e5950030 	ldr	r0, [r5, #48]	@ 0x30
    5f14:	e59fc47c 	ldr	ip, [pc, #1148]	@ 0x6398
    5f18:	e151000c 	cmp	r1, ip
    5f1c:	8a000471 	bhi	0x70e8
    5f20:	e7908001 	ldr	r8, [r0, r1]
    5f24:	e1a09008 	mov	r9, r8
    5f28:	e1a00009 	mov	r0, r9
    5f2c:	e1a01002 	mov	r1, r2
    5f30:	e3510000 	cmp	r1, #0
    5f34:	0a000469 	beq	0x70e0
    5f38:	e52d3010 	str	r3, [sp, #-16]!
    5f3c:	e58d2004 	str	r2, [sp, #4]
    5f40:	e58d1008 	str	r1, [sp, #8]
    5f44:	e59fc4a0 	ldr	ip, [pc, #1184]	@ 0x63ec
    5f48:	e12fff3c 	blx	ip
    5f4c:	e59d1008 	ldr	r1, [sp, #8]
    5f50:	e59d2004 	ldr	r2, [sp, #4]
    5f54:	e49d3010 	ldr	r3, [sp], #16
    5f58:	e5840054 	str	r0, [r4, #84]	@ 0x54
    5f5c:	e0000290 	mul	r0, r0, r2
    5f60:	e0488000 	sub	r8, r8, r0
    5f64:	e1a00008 	mov	r0, r8
    5f68:	e3580000 	cmp	r8, #0
    5f6c:	1a000002 	bne	0x5f7c
    5f70:	e594c02c 	ldr	ip, [r4, #44]	@ 0x2c
    5f74:	e157000c 	cmp	r7, ip
    5f78:	0a000095 	beq	0x61d4
    5f7c:	e594c054 	ldr	ip, [r4, #84]	@ 0x54
    5f80:	e31c0001 	tst	ip, #1
    5f84:	1a000013 	bne	0x5fd8
    5f88:	e3a0c000 	mov	ip, #0
    5f8c:	e3a0e101 	mov	lr, #1073741824	@ 0x40000000
    5f90:	e38ee50d 	orr	lr, lr, #54525952	@ 0x3400000
    5f94:	ec4eca10 	vmov	s0, s1, ip, lr
    5f98:	e59fc43c 	ldr	ip, [pc, #1084]	@ 0x63dc
    5f9c:	e152000c 	cmp	r2, ip
    5fa0:	1a000010 	bne	0x5fe8
    5fa4:	e594c050 	ldr	ip, [r4, #80]	@ 0x50
    5fa8:	e153000c 	cmp	r3, ip
    5fac:	9a00000d 	bls	0x5fe8
    5fb0:	e2431004 	sub	r1, r3, #4
    5fb4:	e1a0a001 	mov	sl, r1
    5fb8:	e5958030 	ldr	r8, [r5, #48]	@ 0x30
    5fbc:	e3e0c4fe 	mvn	ip, #-33554432	@ 0xfe000000
    5fc0:	e3ccc8fe 	bic	ip, ip, #16646144	@ 0xfe0000
    5fc4:	e15a000c 	cmp	sl, ip
    5fc8:	8a000446 	bhi	0x70e8
    5fcc:	e7d8100a 	ldrb	r1, [r8, sl]
    5fd0:	e3110001 	tst	r1, #1
    5fd4:	0a000003 	beq	0x5fe8
    5fd8:	e3a0c001 	mov	ip, #1
    5fdc:	e3a0e101 	mov	lr, #1073741824	@ 0x40000000
    5fe0:	e38ee50d 	orr	lr, lr, #54525952	@ 0x3400000
    5fe4:	ec4eca10 	vmov	s0, s1, ip, lr
    5fe8:	e594c02c 	ldr	ip, [r4, #44]	@ 0x2c
    5fec:	e157000c 	cmp	r7, ip
    5ff0:	e3a0c000 	mov	ip, #0
    5ff4:	e3a0e203 	mov	lr, #805306368	@ 0x30000000
    5ff8:	e38ee6ff 	orr	lr, lr, #267386880	@ 0xff00000
    5ffc:	ec4eca11 	vmov	s2, s3, ip, lr
    6000:	e3a0c000 	mov	ip, #0
    6004:	e3a0e30f 	mov	lr, #1006632960	@ 0x3c000000
    6008:	e38ee7fe 	orr	lr, lr, #66584576	@ 0x3f80000
    600c:	ec4eca12 	vmov	s4, s5, ip, lr
    6010:	eeb03b41 	vmov.f64	d3, d1
    6014:	1eb03b42 	vmovne.f64	d3, d2
    6018:	e1a010a2 	lsr	r1, r2, #1
    601c:	e1a07001 	mov	r7, r1
    6020:	e1500001 	cmp	r0, r1
    6024:	e3a0c000 	mov	ip, #0
    6028:	e3a0e30f 	mov	lr, #1006632960	@ 0x3c000000
    602c:	e38ee7fe 	orr	lr, lr, #66584576	@ 0x3f80000
    6030:	ec4eca11 	vmov	s2, s3, ip, lr
    6034:	1eb03b41 	vmovne.f64	d3, d1
    6038:	e1500007 	cmp	r0, r7
    603c:	e3a0c000 	mov	ip, #0
    6040:	e3a0e203 	mov	lr, #805306368	@ 0x30000000
    6044:	e38ee6fe 	orr	lr, lr, #266338304	@ 0xfe00000
    6048:	ec4eca11 	vmov	s2, s3, ip, lr
    604c:	3eb03b41 	vmovcc.f64	d3, d1
    6050:	e594c020 	ldr	ip, [r4, #32]
    6054:	e35c0000 	cmp	ip, #0
    6058:	1a00000a 	bne	0x6088
    605c:	e5948028 	ldr	r8, [r4, #40]	@ 0x28
    6060:	e5957030 	ldr	r7, [r5, #48]	@ 0x30
    6064:	e3e0c4fe 	mvn	ip, #-33554432	@ 0xfe000000
    6068:	e3ccc8fe 	bic	ip, ip, #16646144	@ 0xfe0000
    606c:	e158000c 	cmp	r8, ip
    6070:	8a00041c 	bhi	0x70e8
    6074:	e7d71008 	ldrb	r1, [r7, r8]
    6078:	e351002d 	cmp	r1, #45	@ 0x2d
    607c:	1a000001 	bne	0x6088
    6080:	eeb13b43 	vneg.f64	d3, d3
    6084:	eeb10b40 	vneg.f64	d0, d0
    6088:	e0499000 	sub	r9, r9, r0
    608c:	e1a00009 	mov	r0, r9
    6090:	e1a07003 	mov	r7, r3
    6094:	e5951030 	ldr	r1, [r5, #48]	@ 0x30
    6098:	e59fc2f8 	ldr	ip, [pc, #760]	@ 0x6398
    609c:	e157000c 	cmp	r7, ip
    60a0:	8a000410 	bhi	0x70e8
    60a4:	e7819007 	str	r9, [r1, r7]
    60a8:	ee303b03 	vadd.f64	d3, d0, d3
    60ac:	eeb43b40 	vcmp.f64	d3, d0
    60b0:	eef1fa10 	vmrs	APSR_nzcv, fpscr
    60b4:	0a000046 	beq	0x61d4
    60b8:	e0800002 	add	r0, r0, r2
    60bc:	e1a01000 	mov	r1, r0
    60c0:	e1a07003 	mov	r7, r3
    60c4:	e5952030 	ldr	r2, [r5, #48]	@ 0x30
    60c8:	e59fc2c8 	ldr	ip, [pc, #712]	@ 0x6398
    60cc:	e157000c 	cmp	r7, ip
    60d0:	8a000404 	bhi	0x70e8
    60d4:	e7820007 	str	r0, [r2, r7]
    60d8:	e59fc2fc 	ldr	ip, [pc, #764]	@ 0x63dc
    60dc:	e151000c 	cmp	r1, ip
    60e0:	3a000025 	bcc	0x617c
    60e4:	e1a01003 	mov	r1, r3
    60e8:	e5950030 	ldr	r0, [r5, #48]	@ 0x30
    60ec:	e59fc2a4 	ldr	ip, [pc, #676]	@ 0x6398
    60f0:	e151000c 	cmp	r1, ip
    60f4:	8a0003fb 	bhi	0x70e8
    60f8:	e3a0e000 	mov	lr, #0
    60fc:	e780e001 	str	lr, [r0, r1]
    6100:	e2430004 	sub	r0, r3, #4
    6104:	e1a03000 	mov	r3, r0
    6108:	e594c050 	ldr	ip, [r4, #80]	@ 0x50
    610c:	e150000c 	cmp	r0, ip
    6110:	2a000008 	bcs	0x6138
    6114:	e594c050 	ldr	ip, [r4, #80]	@ 0x50
    6118:	e24c0004 	sub	r0, ip, #4
    611c:	e5840050 	str	r0, [r4, #80]	@ 0x50
    6120:	e5951030 	ldr	r1, [r5, #48]	@ 0x30
    6124:	e59fc26c 	ldr	ip, [pc, #620]	@ 0x6398
    6128:	e150000c 	cmp	r0, ip
    612c:	8a0003ed 	bhi	0x70e8
    6130:	e3a0e000 	mov	lr, #0
    6134:	e781e000 	str	lr, [r1, r0]
    6138:	e1a02003 	mov	r2, r3
    613c:	e5951030 	ldr	r1, [r5, #48]	@ 0x30
    6140:	e59fc250 	ldr	ip, [pc, #592]	@ 0x6398
    6144:	e152000c 	cmp	r2, ip
    6148:	8a0003e6 	bhi	0x70e8
    614c:	e7910002 	ldr	r0, [r1, r2]
    6150:	e2800001 	add	r0, r0, #1
    6154:	e1a01000 	mov	r1, r0
    6158:	e1a07003 	mov	r7, r3
    615c:	e5952030 	ldr	r2, [r5, #48]	@ 0x30
    6160:	e59fc230 	ldr	ip, [pc, #560]	@ 0x6398
    6164:	e157000c 	cmp	r7, ip
    6168:	8a0003de 	bhi	0x70e8
    616c:	e7820007 	str	r0, [r2, r7]
    6170:	e59fc278 	ldr	ip, [pc, #632]	@ 0x63f0
    6174:	e151000c 	cmp	r1, ip
    6178:	8affffd9 	bhi	0x60e4
    617c:	e594e050 	ldr	lr, [r4, #80]	@ 0x50
    6180:	e594c048 	ldr	ip, [r4, #72]	@ 0x48
    6184:	e04c000e 	sub	r0, ip, lr
    6188:	e1a00140 	asr	r0, r0, #2
    618c:	e3a0c009 	mov	ip, #9
    6190:	e0060c90 	mul	r6, r0, ip
    6194:	e3a0000a 	mov	r0, #10
    6198:	e5947050 	ldr	r7, [r4, #80]	@ 0x50
    619c:	e5952030 	ldr	r2, [r5, #48]	@ 0x30
    61a0:	e59fc1f0 	ldr	ip, [pc, #496]	@ 0x6398
    61a4:	e157000c 	cmp	r7, ip
    61a8:	8a0003ce 	bhi	0x70e8
    61ac:	e7921007 	ldr	r1, [r2, r7]
    61b0:	e1a02001 	mov	r2, r1
    61b4:	e351000a 	cmp	r1, #10
    61b8:	3a000005 	bcc	0x61d4
    61bc:	e2866001 	add	r6, r6, #1
    61c0:	e3a0c00a 	mov	ip, #10
    61c4:	e0010c90 	mul	r1, r0, ip
    61c8:	e1a00001 	mov	r0, r1
    61cc:	e1520001 	cmp	r2, r1
    61d0:	2afffff9 	bcs	0x61bc
    61d4:	e2833004 	add	r3, r3, #4
    61d8:	e1a00003 	mov	r0, r3
    61dc:	e594c02c 	ldr	ip, [r4, #44]	@ 0x2c
    61e0:	e15c0000 	cmp	ip, r0
    61e4:	e594e02c 	ldr	lr, [r4, #44]	@ 0x2c
    61e8:	81a0e003 	movhi	lr, r3
    61ec:	e584e02c 	str	lr, [r4, #44]	@ 0x2c
    61f0:	e594702c 	ldr	r7, [r4, #44]	@ 0x2c
    61f4:	e594e050 	ldr	lr, [r4, #80]	@ 0x50
    61f8:	e594c02c 	ldr	ip, [r4, #44]	@ 0x2c
    61fc:	e15c000e 	cmp	ip, lr
    6200:	e3a00000 	mov	r0, #0
    6204:	93a00001 	movls	r0, #1
    6208:	e1a01000 	mov	r1, r0
    620c:	e3500000 	cmp	r0, #0
    6210:	1a000009 	bne	0x623c
    6214:	e2470004 	sub	r0, r7, #4
    6218:	e584002c 	str	r0, [r4, #44]	@ 0x2c
    621c:	e1a03000 	mov	r3, r0
    6220:	e5952030 	ldr	r2, [r5, #48]	@ 0x30
    6224:	e59fc16c 	ldr	ip, [pc, #364]	@ 0x6398
    6228:	e153000c 	cmp	r3, ip
    622c:	8a0003ad 	bhi	0x70e8
    6230:	e7920003 	ldr	r0, [r2, r3]
    6234:	e3500000 	cmp	r0, #0
    6238:	0affffec 	beq	0x61f0
    623c:	e594c03c 	ldr	ip, [r4, #60]	@ 0x3c
    6240:	e35c0067 	cmp	ip, #103	@ 0x67
    6244:	0a000003 	beq	0x6258
    6248:	e594c014 	ldr	ip, [r4, #20]
    624c:	e20ce008 	and	lr, ip, #8
    6250:	e584e05c 	str	lr, [r4, #92]	@ 0x5c
    6254:	ea000094 	b	0x64ac
    6258:	e1e00006 	mvn	r0, r6
    625c:	e594c040 	ldr	ip, [r4, #64]	@ 0x40
    6260:	e35c0000 	cmp	ip, #0
    6264:	e3a02001 	mov	r2, #1
    6268:	e594c040 	ldr	ip, [r4, #64]	@ 0x40
    626c:	11a0200c 	movne	r2, ip
    6270:	e1a03002 	mov	r3, r2
    6274:	e1520006 	cmp	r2, r6
    6278:	e3a02000 	mov	r2, #0
    627c:	c3a02001 	movgt	r2, #1
    6280:	e3760005 	cmn	r6, #5
    6284:	e3a09000 	mov	r9, #0
    6288:	c3a09001 	movgt	r9, #1
    628c:	e0022009 	and	r2, r2, r9
    6290:	e1a09002 	mov	r9, r2
    6294:	e3520000 	cmp	r2, #0
    6298:	03e00000 	mvneq	r0, #0
    629c:	e080e003 	add	lr, r0, r3
    62a0:	e584e040 	str	lr, [r4, #64]	@ 0x40
    62a4:	e3590000 	cmp	r9, #0
    62a8:	e3e00000 	mvn	r0, #0
    62ac:	03e00001 	mvneq	r0, #1
    62b0:	e594c018 	ldr	ip, [r4, #24]
    62b4:	e080e00c 	add	lr, r0, ip
    62b8:	e584e018 	str	lr, [r4, #24]
    62bc:	e594c014 	ldr	ip, [r4, #20]
    62c0:	e20c0008 	and	r0, ip, #8
    62c4:	e584005c 	str	r0, [r4, #92]	@ 0x5c
    62c8:	e3500000 	cmp	r0, #0
    62cc:	1a000076 	bne	0x64ac
    62d0:	e3e02008 	mvn	r2, #8
    62d4:	e3510000 	cmp	r1, #0
    62d8:	1a00004e 	bne	0x6418
    62dc:	e2470004 	sub	r0, r7, #4
    62e0:	e1a03000 	mov	r3, r0
    62e4:	e5951030 	ldr	r1, [r5, #48]	@ 0x30
    62e8:	e59fc0a8 	ldr	ip, [pc, #168]	@ 0x6398
    62ec:	e153000c 	cmp	r3, ip
    62f0:	8a00037c 	bhi	0x70e8
    62f4:	e7910003 	ldr	r0, [r1, r3]
    62f8:	e1a03000 	mov	r3, r0
    62fc:	e3500000 	cmp	r0, #0
    6300:	0a000044 	beq	0x6418
    6304:	e3a0900a 	mov	r9, #10
    6308:	e3a02000 	mov	r2, #0
    630c:	e1a00003 	mov	r0, r3
    6310:	e3a0100a 	mov	r1, #10
    6314:	e52d3008 	str	r3, [sp, #-8]!
    6318:	e58d2004 	str	r2, [sp, #4]
    631c:	e59fc0d0 	ldr	ip, [pc, #208]	@ 0x63f4
    6320:	e12fff3c 	blx	ip
    6324:	e59d2004 	ldr	r2, [sp, #4]
    6328:	e49d3008 	ldr	r3, [sp], #8
    632c:	e1a00001 	mov	r0, r1
    6330:	e3500000 	cmp	r0, #0
    6334:	1a000037 	bne	0x6418
    6338:	e1a0a002 	mov	sl, r2
    633c:	e2822001 	add	r2, r2, #1
    6340:	e3a0c00a 	mov	ip, #10
    6344:	e0000c99 	mul	r0, r9, ip
    6348:	e1a09000 	mov	r9, r0
    634c:	e1a01000 	mov	r1, r0
    6350:	e1a00003 	mov	r0, r3
    6354:	e3510000 	cmp	r1, #0
    6358:	0a000360 	beq	0x70e0
    635c:	e52d3008 	str	r3, [sp, #-8]!
    6360:	e58d2004 	str	r2, [sp, #4]
    6364:	ea000023 	b	0x63f8
	...
    6378:	003fb4ec 	eorseq	fp, pc, ip, ror #9
    637c:	000487b4 			@ <UNDEFINED> instruction: 0x000487b4
    6380:	003fb52c 	eorseq	fp, pc, ip, lsr #10
    6384:	000487b4 			@ <UNDEFINED> instruction: 0x000487b4
    6388:	003fb560 	eorseq	fp, pc, r0, ror #10
    638c:	00047eac 	andeq	r7, r4, ip, lsr #29
    6390:	000487b4 			@ <UNDEFINED> instruction: 0x000487b4
    6394:	00047eac 	andeq	r7, r4, ip, lsr #29
    6398:	0101fffc 	strdeq	pc, [r1, -ip]
    639c:	00407a24 	subeq	r7, r0, r4, lsr #20
    63a0:	000487b4 			@ <UNDEFINED> instruction: 0x000487b4
    63a4:	00407a78 	subeq	r7, r0, r8, ror sl
    63a8:	000487b4 			@ <UNDEFINED> instruction: 0x000487b4
    63ac:	00407b9c 	umaaleq	r7, r0, ip, fp
    63b0:	000487b4 			@ <UNDEFINED> instruction: 0x000487b4
    63b4:	00407bb4 	strheq	r7, [r0], #-180	@ 0xffffff4c
    63b8:	000487b4 			@ <UNDEFINED> instruction: 0x000487b4
    63bc:	00407c60 	subeq	r7, r0, r0, ror #24
    63c0:	000487b4 			@ <UNDEFINED> instruction: 0x000487b4
    63c4:	00407c98 	umaaleq	r7, r0, r8, ip
    63c8:	000487b4 			@ <UNDEFINED> instruction: 0x000487b4
    63cc:	00407d04 	subeq	r7, r0, r4, lsl #26
    63d0:	000487b4 			@ <UNDEFINED> instruction: 0x000487b4
    63d4:	00049280 	andeq	r9, r4, r0, lsl #5
    63d8:	41cdcd65 	bicmi	ip, sp, r5, ror #26
    63dc:	3b9aca00 	blcc	0xfe6b8be4
    63e0:	00047d44 	andeq	r7, r4, r4, asr #26
    63e4:	001f44e8 	andseq	r4, pc, r8, ror #9
    63e8:	001f4728 	andseq	r4, pc, r8, lsr #14
    63ec:	001f44e8 	andseq	r4, pc, r8, ror #9
    63f0:	3b9ac9ff 	blcc	0xfe6b8bf4
    63f4:	001f44e8 	andseq	r4, pc, r8, ror #9
    63f8:	e59fcff8 	ldr	ip, [pc, #4088]	@ 0x73f8
    63fc:	e12fff3c 	blx	ip
    6400:	e59d2004 	ldr	r2, [sp, #4]
    6404:	e49d3008 	ldr	r3, [sp], #8
    6408:	e1a00001 	mov	r0, r1
    640c:	e3500000 	cmp	r0, #0
    6410:	0affffc8 	beq	0x6338
    6414:	e1e0200a 	mvn	r2, sl
    6418:	e594c048 	ldr	ip, [r4, #72]	@ 0x48
    641c:	e047000c 	sub	r0, r7, ip
    6420:	e1a00140 	asr	r0, r0, #2
    6424:	e3a0c009 	mov	ip, #9
    6428:	e0000c90 	mul	r0, r0, ip
    642c:	e594c018 	ldr	ip, [r4, #24]
    6430:	e3cc1020 	bic	r1, ip, #32
    6434:	e3510046 	cmp	r1, #70	@ 0x46
    6438:	1a00000d 	bne	0x6474
    643c:	e3a0e000 	mov	lr, #0
    6440:	e584e05c 	str	lr, [r4, #92]	@ 0x5c
    6444:	e0801002 	add	r1, r0, r2
    6448:	e2411009 	sub	r1, r1, #9
    644c:	e1a03001 	mov	r3, r1
    6450:	e3530000 	cmp	r3, #0
    6454:	d3a01000 	movle	r1, #0
    6458:	e1a03001 	mov	r3, r1
    645c:	e594c040 	ldr	ip, [r4, #64]	@ 0x40
    6460:	e15c0003 	cmp	ip, r3
    6464:	e594e040 	ldr	lr, [r4, #64]	@ 0x40
    6468:	a1a0e001 	movge	lr, r1
    646c:	e584e040 	str	lr, [r4, #64]	@ 0x40
    6470:	ea00000d 	b	0x64ac
    6474:	e3a0e000 	mov	lr, #0
    6478:	e584e05c 	str	lr, [r4, #92]	@ 0x5c
    647c:	e0860000 	add	r0, r6, r0
    6480:	e0800002 	add	r0, r0, r2
    6484:	e2400009 	sub	r0, r0, #9
    6488:	e1a01000 	mov	r1, r0
    648c:	e3510000 	cmp	r1, #0
    6490:	d3a00000 	movle	r0, #0
    6494:	e1a01000 	mov	r1, r0
    6498:	e594c040 	ldr	ip, [r4, #64]	@ 0x40
    649c:	e15c0001 	cmp	ip, r1
    64a0:	e594e040 	ldr	lr, [r4, #64]	@ 0x40
    64a4:	a1a0e000 	movge	lr, r0
    64a8:	e584e040 	str	lr, [r4, #64]	@ 0x40
    64ac:	e3e0e000 	mvn	lr, #0
    64b0:	e584e034 	str	lr, [r4, #52]	@ 0x34
    64b4:	e594e05c 	ldr	lr, [r4, #92]	@ 0x5c
    64b8:	e594c040 	ldr	ip, [r4, #64]	@ 0x40
    64bc:	e18c000e 	orr	r0, ip, lr
    64c0:	e1a09000 	mov	r9, r0
    64c4:	e3500000 	cmp	r0, #0
    64c8:	e3e013a0 	mvn	r1, #160, 6	@ 0x80000002
    64cc:	03e01360 	mvneq	r1, #96, 6	@ 0x80000001
    64d0:	e594c040 	ldr	ip, [r4, #64]	@ 0x40
    64d4:	e15c0001 	cmp	ip, r1
    64d8:	ca0002f5 	bgt	0x70b4
    64dc:	e3590000 	cmp	r9, #0
    64e0:	e3a00000 	mov	r0, #0
    64e4:	13a00001 	movne	r0, #1
    64e8:	e594c040 	ldr	ip, [r4, #64]	@ 0x40
    64ec:	e08c0000 	add	r0, ip, r0
    64f0:	e280a001 	add	sl, r0, #1
    64f4:	e594c018 	ldr	ip, [r4, #24]
    64f8:	e3cc0020 	bic	r0, ip, #32
    64fc:	e1a0b000 	mov	fp, r0
    6500:	e3500046 	cmp	r0, #70	@ 0x46
    6504:	1a000007 	bne	0x6528
    6508:	e3e0c480 	mvn	ip, #128, 8	@ 0x80000000
    650c:	e02a000c 	eor	r0, sl, ip
    6510:	e1560000 	cmp	r6, r0
    6514:	ca0002e6 	bgt	0x70b4
    6518:	e3560000 	cmp	r6, #0
    651c:	e3a00000 	mov	r0, #0
    6520:	c1a00006 	movgt	r0, r6
    6524:	ea00003d 	b	0x6620
    6528:	e1a01fc6 	asr	r1, r6, #31
    652c:	e1a02001 	mov	r2, r1
    6530:	e0261001 	eor	r1, r6, r1
    6534:	e0411002 	sub	r1, r1, r2
    6538:	e3a02000 	mov	r2, #0
    653c:	e58410a4 	str	r1, [r4, #164]	@ 0xa4
    6540:	e58420a8 	str	r2, [r4, #168]	@ 0xa8
    6544:	e59f0eb0 	ldr	r0, [pc, #3760]	@ 0x73fc
    6548:	e1a01004 	mov	r1, r4
    654c:	e59d2000 	ldr	r2, [sp]
    6550:	e59fcea8 	ldr	ip, [pc, #3752]	@ 0x7400
    6554:	e12fff3c 	blx	ip
    6558:	e3500000 	cmp	r0, #0
    655c:	1a0002e4 	bne	0x70f4
    6560:	e59410a4 	ldr	r1, [r4, #164]	@ 0xa4
    6564:	e1a02001 	mov	r2, r1
    6568:	e594c038 	ldr	ip, [r4, #56]	@ 0x38
    656c:	e04c1001 	sub	r1, ip, r1
    6570:	e3510001 	cmp	r1, #1
    6574:	ca00000c 	bgt	0x65ac
    6578:	e2421001 	sub	r1, r2, #1
    657c:	e1a02001 	mov	r2, r1
    6580:	e5953030 	ldr	r3, [r5, #48]	@ 0x30
    6584:	e3e0c4fe 	mvn	ip, #-33554432	@ 0xfe000000
    6588:	e3ccc8fe 	bic	ip, ip, #16646144	@ 0xfe0000
    658c:	e151000c 	cmp	r1, ip
    6590:	8a0002d4 	bhi	0x70e8
    6594:	e3a0e030 	mov	lr, #48	@ 0x30
    6598:	e7c3e001 	strb	lr, [r3, r1]
    659c:	e594c038 	ldr	ip, [r4, #56]	@ 0x38
    65a0:	e04c1002 	sub	r1, ip, r2
    65a4:	e3510002 	cmp	r1, #2
    65a8:	bafffff2 	blt	0x6578
    65ac:	e2421002 	sub	r1, r2, #2
    65b0:	e5841054 	str	r1, [r4, #84]	@ 0x54
    65b4:	e5953030 	ldr	r3, [r5, #48]	@ 0x30
    65b8:	e5948018 	ldr	r8, [r4, #24]
    65bc:	e3e0c4fe 	mvn	ip, #-33554432	@ 0xfe000000
    65c0:	e3ccc8fe 	bic	ip, ip, #16646144	@ 0xfe0000
    65c4:	e151000c 	cmp	r1, ip
    65c8:	8a0002c6 	bhi	0x70e8
    65cc:	e7c38001 	strb	r8, [r3, r1]
    65d0:	e3e0e000 	mvn	lr, #0
    65d4:	e584e034 	str	lr, [r4, #52]	@ 0x34
    65d8:	e2422001 	sub	r2, r2, #1
    65dc:	e3560000 	cmp	r6, #0
    65e0:	e3a0102d 	mov	r1, #45	@ 0x2d
    65e4:	a3a0102b 	movge	r1, #43	@ 0x2b
    65e8:	e5953030 	ldr	r3, [r5, #48]	@ 0x30
    65ec:	e3e0c4fe 	mvn	ip, #-33554432	@ 0xfe000000
    65f0:	e3ccc8fe 	bic	ip, ip, #16646144	@ 0xfe0000
    65f4:	e152000c 	cmp	r2, ip
    65f8:	8a0002ba 	bhi	0x70e8
    65fc:	e7c31002 	strb	r1, [r3, r2]
    6600:	e594e054 	ldr	lr, [r4, #84]	@ 0x54
    6604:	e594c038 	ldr	ip, [r4, #56]	@ 0x38
    6608:	e04c100e 	sub	r1, ip, lr
    660c:	e1a00001 	mov	r0, r1
    6610:	e3e0c480 	mvn	ip, #128, 8	@ 0x80000000
    6614:	e02a200c 	eor	r2, sl, ip
    6618:	e1510002 	cmp	r1, r2
    661c:	ca0002a4 	bgt	0x70b4
    6620:	e3e0e000 	mvn	lr, #0
    6624:	e584e034 	str	lr, [r4, #52]	@ 0x34
    6628:	e080000a 	add	r0, r0, sl
    662c:	e1a01000 	mov	r1, r0
    6630:	e594c024 	ldr	ip, [r4, #36]	@ 0x24
    6634:	e3e0e480 	mvn	lr, #128, 8	@ 0x80000000
    6638:	e02c200e 	eor	r2, ip, lr
    663c:	e1500002 	cmp	r0, r2
    6640:	ca00029b 	bgt	0x70b4
    6644:	e594c024 	ldr	ip, [r4, #36]	@ 0x24
    6648:	e081100c 	add	r1, r1, ip
    664c:	e1a06001 	mov	r6, r1
    6650:	e3a0e020 	mov	lr, #32
    6654:	e584e0a4 	str	lr, [r4, #164]	@ 0xa4
    6658:	e58410ac 	str	r1, [r4, #172]	@ 0xac
    665c:	e59f0da0 	ldr	r0, [pc, #3488]	@ 0x7404
    6660:	e1a01004 	mov	r1, r4
    6664:	e59d2000 	ldr	r2, [sp]
    6668:	e59fcd98 	ldr	ip, [pc, #3480]	@ 0x7408
    666c:	e12fff3c 	blx	ip
    6670:	e3500000 	cmp	r0, #0
    6674:	1a00029e 	bne	0x70f4
    6678:	e59f0d8c 	ldr	r0, [pc, #3468]	@ 0x740c
    667c:	e1a01004 	mov	r1, r4
    6680:	e59d2000 	ldr	r2, [sp]
    6684:	e59fcd84 	ldr	ip, [pc, #3460]	@ 0x7410
    6688:	e12fff3c 	blx	ip
    668c:	e3500000 	cmp	r0, #0
    6690:	1a000297 	bne	0x70f4
    6694:	e594c014 	ldr	ip, [r4, #20]
    6698:	e22c0b40 	eor	r0, ip, #64, 22	@ 0x10000
    669c:	e3a0e030 	mov	lr, #48	@ 0x30
    66a0:	e584e0a4 	str	lr, [r4, #164]	@ 0xa4
    66a4:	e5846018 	str	r6, [r4, #24]
    66a8:	e58400b0 	str	r0, [r4, #176]	@ 0xb0
    66ac:	e59f0d60 	ldr	r0, [pc, #3424]	@ 0x7414
    66b0:	e1a01004 	mov	r1, r4
    66b4:	e59d2000 	ldr	r2, [sp]
    66b8:	e59fcd58 	ldr	ip, [pc, #3416]	@ 0x7418
    66bc:	e12fff3c 	blx	ip
    66c0:	e3500000 	cmp	r0, #0
    66c4:	1a00028a 	bne	0x70f4
    66c8:	e35b0046 	cmp	fp, #70	@ 0x46
    66cc:	1a00009d 	bne	0x6948
    66d0:	e594c01c 	ldr	ip, [r4, #28]
    66d4:	e28c0010 	add	r0, ip, #16
    66d8:	e3808009 	orr	r8, r0, #9
    66dc:	e594e048 	ldr	lr, [r4, #72]	@ 0x48
    66e0:	e594c050 	ldr	ip, [r4, #80]	@ 0x50
    66e4:	e15c000e 	cmp	ip, lr
    66e8:	e5940048 	ldr	r0, [r4, #72]	@ 0x48
    66ec:	e594c050 	ldr	ip, [r4, #80]	@ 0x50
    66f0:	91a0000c 	movls	r0, ip
    66f4:	e1a0a000 	mov	sl, r0
    66f8:	e1a0b000 	mov	fp, r0
    66fc:	e1a0300b 	mov	r3, fp
    6700:	e5952030 	ldr	r2, [r5, #48]	@ 0x30
    6704:	e59fcd10 	ldr	ip, [pc, #3344]	@ 0x741c
    6708:	e153000c 	cmp	r3, ip
    670c:	8a000275 	bhi	0x70e8
    6710:	e7920003 	ldr	r0, [r2, r3]
    6714:	e3a01000 	mov	r1, #0
    6718:	e58400a0 	str	r0, [r4, #160]	@ 0xa0
    671c:	e58410a4 	str	r1, [r4, #164]	@ 0xa4
    6720:	e584804c 	str	r8, [r4, #76]	@ 0x4c
    6724:	e59f0cf4 	ldr	r0, [pc, #3316]	@ 0x7420
    6728:	e1a01004 	mov	r1, r4
    672c:	e59d2000 	ldr	r2, [sp]
    6730:	e59fccec 	ldr	ip, [pc, #3308]	@ 0x7424
    6734:	e12fff3c 	blx	ip
    6738:	e3500000 	cmp	r0, #0
    673c:	1a00026c 	bne	0x70f4
    6740:	e59400a0 	ldr	r0, [r4, #160]	@ 0xa0
    6744:	e15b000a 	cmp	fp, sl
    6748:	0a000011 	beq	0x6794
    674c:	e594c01c 	ldr	ip, [r4, #28]
    6750:	e28c1010 	add	r1, ip, #16
    6754:	e1500001 	cmp	r0, r1
    6758:	9a000018 	bls	0x67c0
    675c:	e2401001 	sub	r1, r0, #1
    6760:	e1a00001 	mov	r0, r1
    6764:	e5952030 	ldr	r2, [r5, #48]	@ 0x30
    6768:	e3e0c4fe 	mvn	ip, #-33554432	@ 0xfe000000
    676c:	e3ccc8fe 	bic	ip, ip, #16646144	@ 0xfe0000
    6770:	e151000c 	cmp	r1, ip
    6774:	8a00025b 	bhi	0x70e8
    6778:	e3a0e030 	mov	lr, #48	@ 0x30
    677c:	e7c2e001 	strb	lr, [r2, r1]
    6780:	e594c01c 	ldr	ip, [r4, #28]
    6784:	e28c1010 	add	r1, ip, #16
    6788:	e1500001 	cmp	r0, r1
    678c:	8afffff2 	bhi	0x675c
    6790:	ea00000a 	b	0x67c0
    6794:	e1500008 	cmp	r0, r8
    6798:	1a000008 	bne	0x67c0
    679c:	e2401001 	sub	r1, r0, #1
    67a0:	e1a00001 	mov	r0, r1
    67a4:	e5952030 	ldr	r2, [r5, #48]	@ 0x30
    67a8:	e3e0c4fe 	mvn	ip, #-33554432	@ 0xfe000000
    67ac:	e3ccc8fe 	bic	ip, ip, #16646144	@ 0xfe0000
    67b0:	e151000c 	cmp	r1, ip
    67b4:	8a00024b 	bhi	0x70e8
    67b8:	e3a0e030 	mov	lr, #48	@ 0x30
    67bc:	e7c2e001 	strb	lr, [r2, r1]
    67c0:	e0481000 	sub	r1, r8, r0
    67c4:	e584002c 	str	r0, [r4, #44]	@ 0x2c
    67c8:	e58410a8 	str	r1, [r4, #168]	@ 0xa8
    67cc:	e59f0c54 	ldr	r0, [pc, #3156]	@ 0x7428
    67d0:	e1a01004 	mov	r1, r4
    67d4:	e59d2000 	ldr	r2, [sp]
    67d8:	e59fcc4c 	ldr	ip, [pc, #3148]	@ 0x742c
    67dc:	e12fff3c 	blx	ip
    67e0:	e3500000 	cmp	r0, #0
    67e4:	1a000242 	bne	0x70f4
    67e8:	e28b0004 	add	r0, fp, #4
    67ec:	e1a0b000 	mov	fp, r0
    67f0:	e594c048 	ldr	ip, [r4, #72]	@ 0x48
    67f4:	e150000c 	cmp	r0, ip
    67f8:	9affffbf 	bls	0x66fc
    67fc:	e3590000 	cmp	r9, #0
    6800:	0a00000b 	beq	0x6834
    6804:	e3a0eb40 	mov	lr, #64, 22	@ 0x10000
    6808:	e38ee1b4 	orr	lr, lr, #180, 2	@ 0x2d
    680c:	e584e0a4 	str	lr, [r4, #164]	@ 0xa4
    6810:	e3a0e001 	mov	lr, #1
    6814:	e584e088 	str	lr, [r4, #136]	@ 0x88
    6818:	e59f0c10 	ldr	r0, [pc, #3088]	@ 0x7430
    681c:	e1a01004 	mov	r1, r4
    6820:	e59d2000 	ldr	r2, [sp]
    6824:	e59fcc08 	ldr	ip, [pc, #3080]	@ 0x7434
    6828:	e12fff3c 	blx	ip
    682c:	e3500000 	cmp	r0, #0
    6830:	1a00022f 	bne	0x70f4
    6834:	e15b0007 	cmp	fp, r7
    6838:	2a0000d3 	bcs	0x6b8c
    683c:	e594c040 	ldr	ip, [r4, #64]	@ 0x40
    6840:	e35c0001 	cmp	ip, #1
    6844:	ba0000d0 	blt	0x6b8c
    6848:	e1a0300b 	mov	r3, fp
    684c:	e5952030 	ldr	r2, [r5, #48]	@ 0x30
    6850:	e59fcbc4 	ldr	ip, [pc, #3012]	@ 0x741c
    6854:	e153000c 	cmp	r3, ip
    6858:	8a000222 	bhi	0x70e8
    685c:	e7920003 	ldr	r0, [r2, r3]
    6860:	e3a01000 	mov	r1, #0
    6864:	e58400a0 	str	r0, [r4, #160]	@ 0xa0
    6868:	e58410a4 	str	r1, [r4, #164]	@ 0xa4
    686c:	e584804c 	str	r8, [r4, #76]	@ 0x4c
    6870:	e59f0bc0 	ldr	r0, [pc, #3008]	@ 0x7438
    6874:	e1a01004 	mov	r1, r4
    6878:	e59d2000 	ldr	r2, [sp]
    687c:	e59fcbb8 	ldr	ip, [pc, #3000]	@ 0x743c
    6880:	e12fff3c 	blx	ip
    6884:	e3500000 	cmp	r0, #0
    6888:	1a000219 	bne	0x70f4
    688c:	e59400a0 	ldr	r0, [r4, #160]	@ 0xa0
    6890:	e1a01000 	mov	r1, r0
    6894:	e594c01c 	ldr	ip, [r4, #28]
    6898:	e28c2010 	add	r2, ip, #16
    689c:	e1500002 	cmp	r0, r2
    68a0:	9a00000c 	bls	0x68d8
    68a4:	e2410001 	sub	r0, r1, #1
    68a8:	e1a01000 	mov	r1, r0
    68ac:	e5952030 	ldr	r2, [r5, #48]	@ 0x30
    68b0:	e3e0c4fe 	mvn	ip, #-33554432	@ 0xfe000000
    68b4:	e3ccc8fe 	bic	ip, ip, #16646144	@ 0xfe0000
    68b8:	e150000c 	cmp	r0, ip
    68bc:	8a000209 	bhi	0x70e8
    68c0:	e3a0e030 	mov	lr, #48	@ 0x30
    68c4:	e7c2e000 	strb	lr, [r2, r0]
    68c8:	e594c01c 	ldr	ip, [r4, #28]
    68cc:	e28c0010 	add	r0, ip, #16
    68d0:	e1510000 	cmp	r1, r0
    68d4:	8afffff2 	bhi	0x68a4
    68d8:	e594c040 	ldr	ip, [r4, #64]	@ 0x40
    68dc:	e35c0009 	cmp	ip, #9
    68e0:	e3a00009 	mov	r0, #9
    68e4:	e594c040 	ldr	ip, [r4, #64]	@ 0x40
    68e8:	b1a0000c 	movlt	r0, ip
    68ec:	e584102c 	str	r1, [r4, #44]	@ 0x2c
    68f0:	e58400a8 	str	r0, [r4, #168]	@ 0xa8
    68f4:	e59f0b44 	ldr	r0, [pc, #2884]	@ 0x7440
    68f8:	e1a01004 	mov	r1, r4
    68fc:	e59d2000 	ldr	r2, [sp]
    6900:	e59fcb3c 	ldr	ip, [pc, #2876]	@ 0x7444
    6904:	e12fff3c 	blx	ip
    6908:	e3500000 	cmp	r0, #0
    690c:	1a0001f8 	bne	0x70f4
    6910:	e594c040 	ldr	ip, [r4, #64]	@ 0x40
    6914:	e24c0009 	sub	r0, ip, #9
    6918:	e28b1004 	add	r1, fp, #4
    691c:	e1a0b001 	mov	fp, r1
    6920:	e1510007 	cmp	r1, r7
    6924:	2a000099 	bcs	0x6b90
    6928:	e594c040 	ldr	ip, [r4, #64]	@ 0x40
    692c:	e35c0009 	cmp	ip, #9
    6930:	e3a01000 	mov	r1, #0
    6934:	c3a01001 	movgt	r1, #1
    6938:	e5840040 	str	r0, [r4, #64]	@ 0x40
    693c:	e3510000 	cmp	r1, #0
    6940:	1affffc0 	bne	0x6848
    6944:	ea000091 	b	0x6b90
    6948:	e594c040 	ldr	ip, [r4, #64]	@ 0x40
    694c:	e35c0000 	cmp	ip, #0
    6950:	ba000071 	blt	0x6b1c
    6954:	e594c050 	ldr	ip, [r4, #80]	@ 0x50
    6958:	e28c1004 	add	r1, ip, #4
    695c:	e594c050 	ldr	ip, [r4, #80]	@ 0x50
    6960:	e157000c 	cmp	r7, ip
    6964:	91a07001 	movls	r7, r1
    6968:	e594c01c 	ldr	ip, [r4, #28]
    696c:	e28c1010 	add	r1, ip, #16
    6970:	e3818009 	orr	r8, r1, #9
    6974:	e5949050 	ldr	r9, [r4, #80]	@ 0x50
    6978:	e1a0a009 	mov	sl, r9
    697c:	e5953030 	ldr	r3, [r5, #48]	@ 0x30
    6980:	e59fca94 	ldr	ip, [pc, #2708]	@ 0x741c
    6984:	e15a000c 	cmp	sl, ip
    6988:	8a0001d6 	bhi	0x70e8
    698c:	e793100a 	ldr	r1, [r3, sl]
    6990:	e3a02000 	mov	r2, #0
    6994:	e58410a0 	str	r1, [r4, #160]	@ 0xa0
    6998:	e58420a4 	str	r2, [r4, #164]	@ 0xa4
    699c:	e584804c 	str	r8, [r4, #76]	@ 0x4c
    69a0:	e59f0aa0 	ldr	r0, [pc, #2720]	@ 0x7448
    69a4:	e1a01004 	mov	r1, r4
    69a8:	e59d2000 	ldr	r2, [sp]
    69ac:	e59fca98 	ldr	ip, [pc, #2712]	@ 0x744c
    69b0:	e12fff3c 	blx	ip
    69b4:	e3500000 	cmp	r0, #0
    69b8:	1a0001cd 	bne	0x70f4
    69bc:	e59410a0 	ldr	r1, [r4, #160]	@ 0xa0
    69c0:	e1a0a001 	mov	sl, r1
    69c4:	e1510008 	cmp	r1, r8
    69c8:	1a000008 	bne	0x69f0
    69cc:	e24a1001 	sub	r1, sl, #1
    69d0:	e1a0a001 	mov	sl, r1
    69d4:	e5952030 	ldr	r2, [r5, #48]	@ 0x30
    69d8:	e3e0c4fe 	mvn	ip, #-33554432	@ 0xfe000000
    69dc:	e3ccc8fe 	bic	ip, ip, #16646144	@ 0xfe0000
    69e0:	e151000c 	cmp	r1, ip
    69e4:	8a0001bf 	bhi	0x70e8
    69e8:	e3a0e030 	mov	lr, #48	@ 0x30
    69ec:	e7c2e001 	strb	lr, [r2, r1]
    69f0:	e594c050 	ldr	ip, [r4, #80]	@ 0x50
    69f4:	e159000c 	cmp	r9, ip
    69f8:	0a000011 	beq	0x6a44
    69fc:	e594c01c 	ldr	ip, [r4, #28]
    6a00:	e28c1010 	add	r1, ip, #16
    6a04:	e15a0001 	cmp	sl, r1
    6a08:	9a00002a 	bls	0x6ab8
    6a0c:	e24a1001 	sub	r1, sl, #1
    6a10:	e1a0a001 	mov	sl, r1
    6a14:	e5952030 	ldr	r2, [r5, #48]	@ 0x30
    6a18:	e3e0c4fe 	mvn	ip, #-33554432	@ 0xfe000000
    6a1c:	e3ccc8fe 	bic	ip, ip, #16646144	@ 0xfe0000
    6a20:	e151000c 	cmp	r1, ip
    6a24:	8a0001af 	bhi	0x70e8
    6a28:	e3a0e030 	mov	lr, #48	@ 0x30
    6a2c:	e7c2e001 	strb	lr, [r2, r1]
    6a30:	e594c01c 	ldr	ip, [r4, #28]
    6a34:	e28c1010 	add	r1, ip, #16
    6a38:	e15a0001 	cmp	sl, r1
    6a3c:	8afffff2 	bhi	0x6a0c
    6a40:	ea00001c 	b	0x6ab8
    6a44:	e584a02c 	str	sl, [r4, #44]	@ 0x2c
    6a48:	e3a0e001 	mov	lr, #1
    6a4c:	e584e088 	str	lr, [r4, #136]	@ 0x88
    6a50:	e3a00840 	mov	r0, #64, 16	@ 0x400000
    6a54:	e3800c9a 	orr	r0, r0, #39424	@ 0x9a00
    6a58:	e1a01004 	mov	r1, r4
    6a5c:	e59d2000 	ldr	r2, [sp]
    6a60:	e59fc9e8 	ldr	ip, [pc, #2536]	@ 0x7450
    6a64:	e12fff3c 	blx	ip
    6a68:	e3500000 	cmp	r0, #0
    6a6c:	1a0001a0 	bne	0x70f4
    6a70:	e28aa001 	add	sl, sl, #1
    6a74:	e594e05c 	ldr	lr, [r4, #92]	@ 0x5c
    6a78:	e594c040 	ldr	ip, [r4, #64]	@ 0x40
    6a7c:	e18c100e 	orr	r1, ip, lr
    6a80:	e3510000 	cmp	r1, #0
    6a84:	0a00000b 	beq	0x6ab8
    6a88:	e3a0eb40 	mov	lr, #64, 22	@ 0x10000
    6a8c:	e38ee1b4 	orr	lr, lr, #180, 2	@ 0x2d
    6a90:	e584e0a4 	str	lr, [r4, #164]	@ 0xa4
    6a94:	e3a0e001 	mov	lr, #1
    6a98:	e584e088 	str	lr, [r4, #136]	@ 0x88
    6a9c:	e59f09b0 	ldr	r0, [pc, #2480]	@ 0x7454
    6aa0:	e1a01004 	mov	r1, r4
    6aa4:	e59d2000 	ldr	r2, [sp]
    6aa8:	e59fc9a8 	ldr	ip, [pc, #2472]	@ 0x7458
    6aac:	e12fff3c 	blx	ip
    6ab0:	e3500000 	cmp	r0, #0
    6ab4:	1a00018e 	bne	0x70f4
    6ab8:	e048100a 	sub	r1, r8, sl
    6abc:	e1a0b001 	mov	fp, r1
    6ac0:	e594c040 	ldr	ip, [r4, #64]	@ 0x40
    6ac4:	e15c000b 	cmp	ip, fp
    6ac8:	e594c040 	ldr	ip, [r4, #64]	@ 0x40
    6acc:	d1a0100c 	movle	r1, ip
    6ad0:	e584a02c 	str	sl, [r4, #44]	@ 0x2c
    6ad4:	e58410a8 	str	r1, [r4, #168]	@ 0xa8
    6ad8:	e59f097c 	ldr	r0, [pc, #2428]	@ 0x745c
    6adc:	e1a01004 	mov	r1, r4
    6ae0:	e59d2000 	ldr	r2, [sp]
    6ae4:	e59fc974 	ldr	ip, [pc, #2420]	@ 0x7460
    6ae8:	e12fff3c 	blx	ip
    6aec:	e3500000 	cmp	r0, #0
    6af0:	1a00017f 	bne	0x70f4
    6af4:	e594c040 	ldr	ip, [r4, #64]	@ 0x40
    6af8:	e04ce00b 	sub	lr, ip, fp
    6afc:	e584e040 	str	lr, [r4, #64]	@ 0x40
    6b00:	e2891004 	add	r1, r9, #4
    6b04:	e1a09001 	mov	r9, r1
    6b08:	e1510007 	cmp	r1, r7
    6b0c:	2a000002 	bcs	0x6b1c
    6b10:	e594c040 	ldr	ip, [r4, #64]	@ 0x40
    6b14:	e37c0001 	cmn	ip, #1
    6b18:	caffff96 	bgt	0x6978
    6b1c:	e594c040 	ldr	ip, [r4, #64]	@ 0x40
    6b20:	e28c1012 	add	r1, ip, #18
    6b24:	e3a0e030 	mov	lr, #48	@ 0x30
    6b28:	e584e0a4 	str	lr, [r4, #164]	@ 0xa4
    6b2c:	e58410a8 	str	r1, [r4, #168]	@ 0xa8
    6b30:	e3a0e012 	mov	lr, #18
    6b34:	e584e0ac 	str	lr, [r4, #172]	@ 0xac
    6b38:	e3a0e000 	mov	lr, #0
    6b3c:	e584e084 	str	lr, [r4, #132]	@ 0x84
    6b40:	e59f091c 	ldr	r0, [pc, #2332]	@ 0x7464
    6b44:	e1a01004 	mov	r1, r4
    6b48:	e59d2000 	ldr	r2, [sp]
    6b4c:	e59fc914 	ldr	ip, [pc, #2324]	@ 0x7468
    6b50:	e12fff3c 	blx	ip
    6b54:	e3500000 	cmp	r0, #0
    6b58:	1a000165 	bne	0x70f4
    6b5c:	e594e054 	ldr	lr, [r4, #84]	@ 0x54
    6b60:	e594c038 	ldr	ip, [r4, #56]	@ 0x38
    6b64:	e04c100e 	sub	r1, ip, lr
    6b68:	e58410a8 	str	r1, [r4, #168]	@ 0xa8
    6b6c:	e59f08f8 	ldr	r0, [pc, #2296]	@ 0x746c
    6b70:	e1a01004 	mov	r1, r4
    6b74:	e59d2000 	ldr	r2, [sp]
    6b78:	e59fc8f0 	ldr	ip, [pc, #2288]	@ 0x7470
    6b7c:	e12fff3c 	blx	ip
    6b80:	e3500000 	cmp	r0, #0
    6b84:	1a00015a 	bne	0x70f4
    6b88:	ea00000f 	b	0x6bcc
    6b8c:	e5940040 	ldr	r0, [r4, #64]	@ 0x40
    6b90:	e2800009 	add	r0, r0, #9
    6b94:	e3a0e030 	mov	lr, #48	@ 0x30
    6b98:	e584e0a4 	str	lr, [r4, #164]	@ 0xa4
    6b9c:	e58400a8 	str	r0, [r4, #168]	@ 0xa8
    6ba0:	e3a0e009 	mov	lr, #9
    6ba4:	e584e0ac 	str	lr, [r4, #172]	@ 0xac
    6ba8:	e3a0e000 	mov	lr, #0
    6bac:	e584e084 	str	lr, [r4, #132]	@ 0x84
    6bb0:	e59f08bc 	ldr	r0, [pc, #2236]	@ 0x7474
    6bb4:	e1a01004 	mov	r1, r4
    6bb8:	e59d2000 	ldr	r2, [sp]
    6bbc:	e59fc8b4 	ldr	ip, [pc, #2228]	@ 0x7478
    6bc0:	e12fff3c 	blx	ip
    6bc4:	e3500000 	cmp	r0, #0
    6bc8:	1a000149 	bne	0x70f4
    6bcc:	e594c014 	ldr	ip, [r4, #20]
    6bd0:	e22c0d80 	eor	r0, ip, #128, 26	@ 0x2000
    6bd4:	e3a0e020 	mov	lr, #32
    6bd8:	e584e0a4 	str	lr, [r4, #164]	@ 0xa4
    6bdc:	e5846018 	str	r6, [r4, #24]
    6be0:	e58400b0 	str	r0, [r4, #176]	@ 0xb0
    6be4:	e59f0890 	ldr	r0, [pc, #2192]	@ 0x747c
    6be8:	e1a01004 	mov	r1, r4
    6bec:	e59d2000 	ldr	r2, [sp]
    6bf0:	e59fc888 	ldr	ip, [pc, #2184]	@ 0x7480
    6bf4:	e12fff3c 	blx	ip
    6bf8:	e3500000 	cmp	r0, #0
    6bfc:	1a00013c 	bne	0x70f4
    6c00:	e594c00c 	ldr	ip, [r4, #12]
    6c04:	e15c0006 	cmp	ip, r6
    6c08:	e594e00c 	ldr	lr, [r4, #12]
    6c0c:	d1a0e006 	movle	lr, r6
    6c10:	e584e034 	str	lr, [r4, #52]	@ 0x34
    6c14:	ea000126 	b	0x70b4
    6c18:	e594c018 	ldr	ip, [r4, #24]
    6c1c:	e1a00d0c 	lsl	r0, ip, #26
    6c20:	e1a00fc0 	asr	r0, r0, #31
    6c24:	e2000009 	and	r0, r0, #9
    6c28:	e594c028 	ldr	ip, [r4, #40]	@ 0x28
    6c2c:	e08ce000 	add	lr, ip, r0
    6c30:	e584e054 	str	lr, [r4, #84]	@ 0x54
    6c34:	e594c010 	ldr	ip, [r4, #16]
    6c38:	e35c000b 	cmp	ip, #11
    6c3c:	8a00001e 	bhi	0x6cbc
    6c40:	e594c010 	ldr	ip, [r4, #16]
    6c44:	e26c000c 	rsb	r0, ip, #12
    6c48:	e3a0c000 	mov	ip, #0
    6c4c:	e3a0e9c0 	mov	lr, #192, 18	@ 0x300000
    6c50:	e38ee440 	orr	lr, lr, #64, 8	@ 0x40000000
    6c54:	ec4eca10 	vmov	s0, s1, ip, lr
    6c58:	e3a0c000 	mov	ip, #0
    6c5c:	e3a0e9c0 	mov	lr, #192, 18	@ 0x300000
    6c60:	e38ee440 	orr	lr, lr, #64, 8	@ 0x40000000
    6c64:	ec4eca11 	vmov	s2, s3, ip, lr
    6c68:	ee200b01 	vmul.f64	d0, d0, d1
    6c6c:	e2401001 	sub	r1, r0, #1
    6c70:	e1a00001 	mov	r0, r1
    6c74:	e3510000 	cmp	r1, #0
    6c78:	1afffff6 	bne	0x6c58
    6c7c:	e5942054 	ldr	r2, [r4, #84]	@ 0x54
    6c80:	e5951030 	ldr	r1, [r5, #48]	@ 0x30
    6c84:	e3e0c4fe 	mvn	ip, #-33554432	@ 0xfe000000
    6c88:	e3ccc8fe 	bic	ip, ip, #16646144	@ 0xfe0000
    6c8c:	e152000c 	cmp	r2, ip
    6c90:	8a000114 	bhi	0x70e8
    6c94:	e7d10002 	ldrb	r0, [r1, r2]
    6c98:	e350002d 	cmp	r0, #45	@ 0x2d
    6c9c:	1a000004 	bne	0x6cb4
    6ca0:	eeb11b48 	vneg.f64	d1, d8
    6ca4:	ee311b40 	vsub.f64	d1, d1, d0
    6ca8:	ee301b01 	vadd.f64	d1, d0, d1
    6cac:	eeb18b41 	vneg.f64	d8, d1
    6cb0:	ea000001 	b	0x6cbc
    6cb4:	ee381b00 	vadd.f64	d1, d8, d0
    6cb8:	ee318b40 	vsub.f64	d8, d1, d0
    6cbc:	e594201c 	ldr	r2, [r4, #28]
    6cc0:	e5951030 	ldr	r1, [r5, #48]	@ 0x30
    6cc4:	e292202c 	adds	r2, r2, #44	@ 0x2c
    6cc8:	2a000106 	bcs	0x70e8
    6ccc:	e59fc748 	ldr	ip, [pc, #1864]	@ 0x741c
    6cd0:	e152000c 	cmp	r2, ip
    6cd4:	8a000103 	bhi	0x70e8
    6cd8:	e7910002 	ldr	r0, [r1, r2]
    6cdc:	e1a07000 	mov	r7, r0
    6ce0:	e1a01fc7 	asr	r1, r7, #31
    6ce4:	e1a02001 	mov	r2, r1
    6ce8:	e0200001 	eor	r0, r0, r1
    6cec:	e0400002 	sub	r0, r0, r2
    6cf0:	e3a01000 	mov	r1, #0
    6cf4:	e58400a0 	str	r0, [r4, #160]	@ 0xa0
    6cf8:	e58410a4 	str	r1, [r4, #164]	@ 0xa4
    6cfc:	e59f0780 	ldr	r0, [pc, #1920]	@ 0x7484
    6d00:	e1a01004 	mov	r1, r4
    6d04:	e59d2000 	ldr	r2, [sp]
    6d08:	e59fc778 	ldr	ip, [pc, #1912]	@ 0x7488
    6d0c:	e12fff3c 	blx	ip
    6d10:	e3500000 	cmp	r0, #0
    6d14:	1a0000f6 	bne	0x70f4
    6d18:	e59400a0 	ldr	r0, [r4, #160]	@ 0xa0
    6d1c:	e1a01000 	mov	r1, r0
    6d20:	e594c038 	ldr	ip, [r4, #56]	@ 0x38
    6d24:	e150000c 	cmp	r0, ip
    6d28:	1a000010 	bne	0x6d70
    6d2c:	e2410001 	sub	r0, r1, #1
    6d30:	e1a01000 	mov	r1, r0
    6d34:	e5952030 	ldr	r2, [r5, #48]	@ 0x30
    6d38:	e3e0c4fe 	mvn	ip, #-33554432	@ 0xfe000000
    6d3c:	e3ccc8fe 	bic	ip, ip, #16646144	@ 0xfe0000
    6d40:	e150000c 	cmp	r0, ip
    6d44:	8a0000e7 	bhi	0x70e8
    6d48:	e3a0e030 	mov	lr, #48	@ 0x30
    6d4c:	e7c2e000 	strb	lr, [r2, r0]
    6d50:	e594201c 	ldr	r2, [r4, #28]
    6d54:	e5950030 	ldr	r0, [r5, #48]	@ 0x30
    6d58:	e292202c 	adds	r2, r2, #44	@ 0x2c
    6d5c:	2a0000e1 	bcs	0x70e8
    6d60:	e59fc6b4 	ldr	ip, [pc, #1716]	@ 0x741c
    6d64:	e152000c 	cmp	r2, ip
    6d68:	8a0000de 	bhi	0x70e8
    6d6c:	e7907002 	ldr	r7, [r0, r2]
    6d70:	e594c024 	ldr	ip, [r4, #36]	@ 0x24
    6d74:	e38c8002 	orr	r8, ip, #2
    6d78:	e594c018 	ldr	ip, [r4, #24]
    6d7c:	e20c0020 	and	r0, ip, #32
    6d80:	e2412002 	sub	r2, r1, #2
    6d84:	e5842060 	str	r2, [r4, #96]	@ 0x60
    6d88:	e594c018 	ldr	ip, [r4, #24]
    6d8c:	e28c300f 	add	r3, ip, #15
    6d90:	e595a030 	ldr	sl, [r5, #48]	@ 0x30
    6d94:	e3e0c4fe 	mvn	ip, #-33554432	@ 0xfe000000
    6d98:	e3ccc8fe 	bic	ip, ip, #16646144	@ 0xfe0000
    6d9c:	e152000c 	cmp	r2, ip
    6da0:	8a0000d0 	bhi	0x70e8
    6da4:	e7ca3002 	strb	r3, [sl, r2]
    6da8:	e2411001 	sub	r1, r1, #1
    6dac:	e3570000 	cmp	r7, #0
    6db0:	e3a0202d 	mov	r2, #45	@ 0x2d
    6db4:	a3a0202b 	movge	r2, #43	@ 0x2b
    6db8:	e5953030 	ldr	r3, [r5, #48]	@ 0x30
    6dbc:	e3e0c4fe 	mvn	ip, #-33554432	@ 0xfe000000
    6dc0:	e3ccc8fe 	bic	ip, ip, #16646144	@ 0xfe0000
    6dc4:	e151000c 	cmp	r1, ip
    6dc8:	8a0000c6 	bhi	0x70e8
    6dcc:	e7c32001 	strb	r2, [r3, r1]
    6dd0:	e594c010 	ldr	ip, [r4, #16]
    6dd4:	e35c0001 	cmp	ip, #1
    6dd8:	e3a01000 	mov	r1, #0
    6ddc:	b3a01001 	movlt	r1, #1
    6de0:	e594c014 	ldr	ip, [r4, #20]
    6de4:	e20c2008 	and	r2, ip, #8
    6de8:	e3520000 	cmp	r2, #0
    6dec:	e3a02000 	mov	r2, #0
    6df0:	03a02001 	moveq	r2, #1
    6df4:	e0011002 	and	r1, r1, r2
    6df8:	e594c01c 	ldr	ip, [r4, #28]
    6dfc:	e28c2010 	add	r2, ip, #16
    6e00:	e1a03002 	mov	r3, r2
    6e04:	e1a07003 	mov	r7, r3
    6e08:	eebd7bc8 	vcvt.s32.f64	s14, d8
    6e0c:	ee17aa10 	vmov	sl, s14
    6e10:	e1a0b00a 	mov	fp, sl
    6e14:	e28aab40 	add	sl, sl, #64, 22	@ 0x10000
    6e18:	e28aaf88 	add	sl, sl, #136, 30	@ 0x220
    6e1c:	e1a0600a 	mov	r6, sl
    6e20:	e5959030 	ldr	r9, [r5, #48]	@ 0x30
    6e24:	e3e0c4fe 	mvn	ip, #-33554432	@ 0xfe000000
    6e28:	e3ccc8fe 	bic	ip, ip, #16646144	@ 0xfe0000
    6e2c:	e156000c 	cmp	r6, ip
    6e30:	8a0000ac 	bhi	0x70e8
    6e34:	e7d9a006 	ldrb	sl, [r9, r6]
    6e38:	e18aa000 	orr	sl, sl, r0
    6e3c:	e5956030 	ldr	r6, [r5, #48]	@ 0x30
    6e40:	e3e0c4fe 	mvn	ip, #-33554432	@ 0xfe000000
    6e44:	e3ccc8fe 	bic	ip, ip, #16646144	@ 0xfe0000
    6e48:	e153000c 	cmp	r3, ip
    6e4c:	8a0000a5 	bhi	0x70e8
    6e50:	e7c6a003 	strb	sl, [r6, r3]
    6e54:	ee07ba10 	vmov	s14, fp
    6e58:	eeb80bc7 	vcvt.f64.s32	d0, s14
    6e5c:	ee380b40 	vsub.f64	d0, d8, d0
    6e60:	e3a0c000 	mov	ip, #0
    6e64:	e3a0e9c0 	mov	lr, #192, 18	@ 0x300000
    6e68:	e38ee440 	orr	lr, lr, #64, 8	@ 0x40000000
    6e6c:	ec4eca11 	vmov	s2, s3, ip, lr
    6e70:	ee208b01 	vmul.f64	d8, d0, d1
    6e74:	e2873001 	add	r3, r7, #1
    6e78:	e1a02003 	mov	r2, r3
    6e7c:	e594c01c 	ldr	ip, [r4, #28]
    6e80:	e28c6010 	add	r6, ip, #16
    6e84:	e0433006 	sub	r3, r3, r6
    6e88:	e3530001 	cmp	r3, #1
    6e8c:	1a000012 	bne	0x6edc
    6e90:	e3a0c000 	mov	ip, #0
    6e94:	ec4cca10 	vmov	s0, s1, ip, ip
    6e98:	eeb48b40 	vcmp.f64	d8, d0
    6e9c:	eef1fa10 	vmrs	APSR_nzcv, fpscr
    6ea0:	e3a03000 	mov	r3, #0
    6ea4:	03a03001 	moveq	r3, #1
    6ea8:	e1130001 	tst	r3, r1
    6eac:	1a00000a 	bne	0x6edc
    6eb0:	e1a06007 	mov	r6, r7
    6eb4:	e5953030 	ldr	r3, [r5, #48]	@ 0x30
    6eb8:	e2966001 	adds	r6, r6, #1
    6ebc:	2a000089 	bcs	0x70e8
    6ec0:	e3e0c4fe 	mvn	ip, #-33554432	@ 0xfe000000
    6ec4:	e3ccc8fe 	bic	ip, ip, #16646144	@ 0xfe0000
    6ec8:	e156000c 	cmp	r6, ip
    6ecc:	8a000085 	bhi	0x70e8
    6ed0:	e3a0e02e 	mov	lr, #46	@ 0x2e
    6ed4:	e7c3e006 	strb	lr, [r3, r6]
    6ed8:	e2872002 	add	r2, r7, #2
    6edc:	e3a0c000 	mov	ip, #0
    6ee0:	ec4cca10 	vmov	s0, s1, ip, ip
    6ee4:	eeb48b40 	vcmp.f64	d8, d0
    6ee8:	eef1fa10 	vmrs	APSR_nzcv, fpscr
    6eec:	1affffc3 	bne	0x6e00
    6ef0:	e3e0e000 	mvn	lr, #0
    6ef4:	e584e034 	str	lr, [r4, #52]	@ 0x34
    6ef8:	e594e060 	ldr	lr, [r4, #96]	@ 0x60
    6efc:	e594c038 	ldr	ip, [r4, #56]	@ 0x38
    6f00:	e04c000e 	sub	r0, ip, lr
    6f04:	e1a06000 	mov	r6, r0
    6f08:	e0880000 	add	r0, r8, r0
    6f0c:	e1a01000 	mov	r1, r0
    6f10:	e3e0c3a0 	mvn	ip, #160, 6	@ 0x80000002
    6f14:	e04c0000 	sub	r0, ip, r0
    6f18:	e594c010 	ldr	ip, [r4, #16]
    6f1c:	e15c0000 	cmp	ip, r0
    6f20:	ca000063 	bgt	0x70b4
    6f24:	e594c010 	ldr	ip, [r4, #16]
    6f28:	e28c0002 	add	r0, ip, #2
    6f2c:	e594c01c 	ldr	ip, [r4, #28]
    6f30:	e28c3010 	add	r3, ip, #16
    6f34:	e0422003 	sub	r2, r2, r3
    6f38:	e1a07002 	mov	r7, r2
    6f3c:	e2473002 	sub	r3, r7, #2
    6f40:	e594c010 	ldr	ip, [r4, #16]
    6f44:	e153000c 	cmp	r3, ip
    6f48:	a1a00002 	movge	r0, r2
    6f4c:	e594c010 	ldr	ip, [r4, #16]
    6f50:	e35c0000 	cmp	ip, #0
    6f54:	01a00007 	moveq	r0, r7
    6f58:	e1a09000 	mov	r9, r0
    6f5c:	e0811000 	add	r1, r1, r0
    6f60:	e1a0a001 	mov	sl, r1
    6f64:	e3a0e020 	mov	lr, #32
    6f68:	e584e0a4 	str	lr, [r4, #164]	@ 0xa4
    6f6c:	e58410ac 	str	r1, [r4, #172]	@ 0xac
    6f70:	e59f0514 	ldr	r0, [pc, #1300]	@ 0x748c
    6f74:	e1a01004 	mov	r1, r4
    6f78:	e59d2000 	ldr	r2, [sp]
    6f7c:	e59fc50c 	ldr	ip, [pc, #1292]	@ 0x7490
    6f80:	e12fff3c 	blx	ip
    6f84:	e3500000 	cmp	r0, #0
    6f88:	1a000059 	bne	0x70f4
    6f8c:	e584805c 	str	r8, [r4, #92]	@ 0x5c
    6f90:	e3a00840 	mov	r0, #64, 16	@ 0x400000
    6f94:	e3800ca2 	orr	r0, r0, #41472	@ 0xa200
    6f98:	e1a01004 	mov	r1, r4
    6f9c:	e59d2000 	ldr	r2, [sp]
    6fa0:	e59fc4ec 	ldr	ip, [pc, #1260]	@ 0x7494
    6fa4:	e12fff3c 	blx	ip
    6fa8:	e3500000 	cmp	r0, #0
    6fac:	1a000050 	bne	0x70f4
    6fb0:	e594c014 	ldr	ip, [r4, #20]
    6fb4:	e22c0b40 	eor	r0, ip, #64, 22	@ 0x10000
    6fb8:	e3a0e030 	mov	lr, #48	@ 0x30
    6fbc:	e584e0a4 	str	lr, [r4, #164]	@ 0xa4
    6fc0:	e584a030 	str	sl, [r4, #48]	@ 0x30
    6fc4:	e58400b0 	str	r0, [r4, #176]	@ 0xb0
    6fc8:	e59f04c8 	ldr	r0, [pc, #1224]	@ 0x7498
    6fcc:	e1a01004 	mov	r1, r4
    6fd0:	e59d2000 	ldr	r2, [sp]
    6fd4:	e59fc4c0 	ldr	ip, [pc, #1216]	@ 0x749c
    6fd8:	e12fff3c 	blx	ip
    6fdc:	e3500000 	cmp	r0, #0
    6fe0:	1a000043 	bne	0x70f4
    6fe4:	e594c01c 	ldr	ip, [r4, #28]
    6fe8:	e28c0010 	add	r0, ip, #16
    6fec:	e58400a4 	str	r0, [r4, #164]	@ 0xa4
    6ff0:	e584702c 	str	r7, [r4, #44]	@ 0x2c
    6ff4:	e59f04a4 	ldr	r0, [pc, #1188]	@ 0x74a0
    6ff8:	e1a01004 	mov	r1, r4
    6ffc:	e59d2000 	ldr	r2, [sp]
    7000:	e59fc49c 	ldr	ip, [pc, #1180]	@ 0x74a4
    7004:	e12fff3c 	blx	ip
    7008:	e3500000 	cmp	r0, #0
    700c:	1a000038 	bne	0x70f4
    7010:	e0499007 	sub	r9, r9, r7
    7014:	e3a0e030 	mov	lr, #48	@ 0x30
    7018:	e584e0a4 	str	lr, [r4, #164]	@ 0xa4
    701c:	e58490a8 	str	r9, [r4, #168]	@ 0xa8
    7020:	e3a0e000 	mov	lr, #0
    7024:	e584e084 	str	lr, [r4, #132]	@ 0x84
    7028:	e3a0e000 	mov	lr, #0
    702c:	e584e084 	str	lr, [r4, #132]	@ 0x84
    7030:	e59f0470 	ldr	r0, [pc, #1136]	@ 0x74a8
    7034:	e1a01004 	mov	r1, r4
    7038:	e59d2000 	ldr	r2, [sp]
    703c:	e59fc468 	ldr	ip, [pc, #1128]	@ 0x74ac
    7040:	e12fff3c 	blx	ip
    7044:	e3500000 	cmp	r0, #0
    7048:	1a000029 	bne	0x70f4
    704c:	e5846050 	str	r6, [r4, #80]	@ 0x50
    7050:	e59f0458 	ldr	r0, [pc, #1112]	@ 0x74b0
    7054:	e1a01004 	mov	r1, r4
    7058:	e59d2000 	ldr	r2, [sp]
    705c:	e59fc450 	ldr	ip, [pc, #1104]	@ 0x74b4
    7060:	e12fff3c 	blx	ip
    7064:	e3500000 	cmp	r0, #0
    7068:	1a000021 	bne	0x70f4
    706c:	e594c014 	ldr	ip, [r4, #20]
    7070:	e22c0d80 	eor	r0, ip, #128, 26	@ 0x2000
    7074:	e3a0e020 	mov	lr, #32
    7078:	e584e0a4 	str	lr, [r4, #164]	@ 0xa4
    707c:	e584a030 	str	sl, [r4, #48]	@ 0x30
    7080:	e58400b0 	str	r0, [r4, #176]	@ 0xb0
    7084:	e59f042c 	ldr	r0, [pc, #1068]	@ 0x74b8
    7088:	e1a01004 	mov	r1, r4
    708c:	e59d2000 	ldr	r2, [sp]
    7090:	e59fc424 	ldr	ip, [pc, #1060]	@ 0x74bc
    7094:	e12fff3c 	blx	ip
    7098:	e3500000 	cmp	r0, #0
    709c:	1a000014 	bne	0x70f4
    70a0:	e594c00c 	ldr	ip, [r4, #12]
    70a4:	e15c000a 	cmp	ip, sl
    70a8:	e594e00c 	ldr	lr, [r4, #12]
    70ac:	d1a0e00a 	movle	lr, sl
    70b0:	e584e034 	str	lr, [r4, #52]	@ 0x34
    70b4:	e594c01c 	ldr	ip, [r4, #28]
    70b8:	e28c0f8c 	add	r0, ip, #140, 30	@ 0x230
    70bc:	e595103c 	ldr	r1, [r5, #60]	@ 0x3c
    70c0:	e5810008 	str	r0, [r1, #8]
    70c4:	e59f03f4 	ldr	r0, [pc, #1012]	@ 0x74c0
    70c8:	e30ccabc 	movw	ip, #51900	@ 0xcabc
    70cc:	e34ccdef 	movt	ip, #52719	@ 0xcdef
    70d0:	e28dd018 	add	sp, sp, #24
    70d4:	ecbd8b02 	vpop	{d8}
    70d8:	e28dd004 	add	sp, sp, #4
    70dc:	e8bd8fc0 	pop	{r6, r7, r8, r9, sl, fp, pc}
    70e0:	e3a00003 	mov	r0, #3
    70e4:	ea000000 	b	0x70ec
    70e8:	e3a00008 	mov	r0, #8
    70ec:	e59d1000 	ldr	r1, [sp]
    70f0:	e5810010 	str	r0, [r1, #16]
    70f4:	e59d0000 	ldr	r0, [sp]
    70f8:	e59d103c 	ldr	r1, [sp, #60]	@ 0x3c
    70fc:	e59fc3c0 	ldr	ip, [pc, #960]	@ 0x74c4
    7100:	e12fff3c 	blx	ip
    7104:	e28dd018 	add	sp, sp, #24
    7108:	ecbd8b02 	vpop	{d8}
    710c:	e28dd004 	add	sp, sp, #4
    7110:	e8bd0fc0 	pop	{r6, r7, r8, r9, sl, fp}
    7114:	e28dd004 	add	sp, sp, #4
    7118:	e12fff10 	bx	r0
    711c:	e92d41c0 	push	{r6, r7, r8, lr}
    7120:	e24dd008 	sub	sp, sp, #8
    7124:	e58d0000 	str	r0, [sp]
    7128:	e30cc123 	movw	ip, #49443	@ 0xc123
    712c:	e34cc456 	movt	ip, #50262	@ 0xc456
    7130:	e5946000 	ldr	r6, [r4]
    7134:	e5940004 	ldr	r0, [r4, #4]
    7138:	e1a03000 	mov	r3, r0
    713c:	e5952030 	ldr	r2, [r5, #48]	@ 0x30
    7140:	e59fc2d4 	ldr	ip, [pc, #724]	@ 0x741c
    7144:	e153000c 	cmp	r3, ip
    7148:	8a000034 	bhi	0x7220
    714c:	e7921003 	ldr	r1, [r2, r3]
    7150:	e2811007 	add	r1, r1, #7
    7154:	e3c11007 	bic	r1, r1, #7
    7158:	e1a02001 	mov	r2, r1
    715c:	e2811010 	add	r1, r1, #16
    7160:	e5953030 	ldr	r3, [r5, #48]	@ 0x30
    7164:	e59fc2b0 	ldr	ip, [pc, #688]	@ 0x741c
    7168:	e150000c 	cmp	r0, ip
    716c:	8a00002b 	bhi	0x7220
    7170:	e7831000 	str	r1, [r3, r0]
    7174:	e1a07002 	mov	r7, r2
    7178:	e5953030 	ldr	r3, [r5, #48]	@ 0x30
    717c:	e59fc344 	ldr	ip, [pc, #836]	@ 0x74c8
    7180:	e157000c 	cmp	r7, ip
    7184:	8a000025 	bhi	0x7220
    7188:	e083c007 	add	ip, r3, r7
    718c:	e59c0000 	ldr	r0, [ip]
    7190:	e59c1004 	ldr	r1, [ip, #4]
    7194:	e5958030 	ldr	r8, [r5, #48]	@ 0x30
    7198:	e2922008 	adds	r2, r2, #8
    719c:	2a00001f 	bcs	0x7220
    71a0:	e59fc320 	ldr	ip, [pc, #800]	@ 0x74c8
    71a4:	e152000c 	cmp	r2, ip
    71a8:	8a00001c 	bhi	0x7220
    71ac:	e088c002 	add	ip, r8, r2
    71b0:	e59c3000 	ldr	r3, [ip]
    71b4:	e59c7004 	ldr	r7, [ip, #4]
    71b8:	e584001c 	str	r0, [r4, #28]
    71bc:	e5841020 	str	r1, [r4, #32]
    71c0:	e5843024 	str	r3, [r4, #36]	@ 0x24
    71c4:	e5847028 	str	r7, [r4, #40]	@ 0x28
    71c8:	e59f02fc 	ldr	r0, [pc, #764]	@ 0x74cc
    71cc:	e1a01004 	mov	r1, r4
    71d0:	e59d2000 	ldr	r2, [sp]
    71d4:	e59fc2f4 	ldr	ip, [pc, #756]	@ 0x74d0
    71d8:	e12fff3c 	blx	ip
    71dc:	e3500000 	cmp	r0, #0
    71e0:	1a000011 	bne	0x722c
    71e4:	ed940b07 	vldr	d0, [r4, #28]
    71e8:	e5950030 	ldr	r0, [r5, #48]	@ 0x30
    71ec:	e59fc2d4 	ldr	ip, [pc, #724]	@ 0x74c8
    71f0:	e156000c 	cmp	r6, ip
    71f4:	8a000009 	bhi	0x7220
    71f8:	ee10ea10 	vmov	lr, s0
    71fc:	e080c006 	add	ip, r0, r6
    7200:	e58ce000 	str	lr, [ip]
    7204:	ee10ea90 	vmov	lr, s1
    7208:	e58ce004 	str	lr, [ip, #4]
    720c:	e59f02c0 	ldr	r0, [pc, #704]	@ 0x74d4
    7210:	e30ccabc 	movw	ip, #51900	@ 0xcabc
    7214:	e34ccdef 	movt	ip, #52719	@ 0xcdef
    7218:	e28dd008 	add	sp, sp, #8
    721c:	e8bd81c0 	pop	{r6, r7, r8, pc}
    7220:	e3a00008 	mov	r0, #8
    7224:	e59d1000 	ldr	r1, [sp]
    7228:	e5810010 	str	r0, [r1, #16]
    722c:	e59d0000 	ldr	r0, [sp]
    7230:	e59d1014 	ldr	r1, [sp, #20]
    7234:	e59fc29c 	ldr	ip, [pc, #668]	@ 0x74d8
    7238:	e12fff3c 	blx	ip
    723c:	e28dd008 	add	sp, sp, #8
    7240:	e8bd01c0 	pop	{r6, r7, r8}
    7244:	e28dd004 	add	sp, sp, #4
    7248:	e12fff10 	bx	r0
    724c:	e52de004 	push	{lr}		@ (str lr, [sp, #-4]!)
    7250:	e24dd004 	sub	sp, sp, #4
    7254:	e58d0000 	str	r0, [sp]
    7258:	e30cc123 	movw	ip, #49443	@ 0xc123
    725c:	e34cc456 	movt	ip, #50262	@ 0xc456
    7260:	ed940b00 	vldr	d0, [r4]
    7264:	ec510a10 	vmov	r0, r1, s0, s1
    7268:	e5840008 	str	r0, [r4, #8]
    726c:	e584100c 	str	r1, [r4, #12]
    7270:	e3a009ff 	mov	r0, #4177920	@ 0x3fc000
    7274:	e3800db6 	orr	r0, r0, #11648	@ 0x2d80
    7278:	e30ccabc 	movw	ip, #51900	@ 0xcabc
    727c:	e34ccdef 	movt	ip, #52719	@ 0xcdef
    7280:	e28dd004 	add	sp, sp, #4
    7284:	e49df004 	pop	{pc}		@ (ldr pc, [sp], #4)
    7288:	e92d4040 	push	{r6, lr}
    728c:	e24dd008 	sub	sp, sp, #8
    7290:	e58d0000 	str	r0, [sp]
    7294:	e30cc123 	movw	ip, #49443	@ 0xc123
    7298:	e34cc456 	movt	ip, #50262	@ 0xc456
    729c:	e5946000 	ldr	r6, [r4]
    72a0:	e3560000 	cmp	r6, #0
    72a4:	1a000003 	bne	0x72b8
    72a8:	e3a0e000 	mov	lr, #0
    72ac:	e584e004 	str	lr, [r4, #4]
    72b0:	e59f0224 	ldr	r0, [pc, #548]	@ 0x74dc
    72b4:	ea000011 	b	0x7300
    72b8:	e59f0220 	ldr	r0, [pc, #544]	@ 0x74e0
    72bc:	e1a01004 	mov	r1, r4
    72c0:	e59d2000 	ldr	r2, [sp]
    72c4:	e59fc218 	ldr	ip, [pc, #536]	@ 0x74e4
    72c8:	e12fff3c 	blx	ip
    72cc:	e3500000 	cmp	r0, #0
    72d0:	1a00000f 	bne	0x7314
    72d4:	e594000c 	ldr	r0, [r4, #12]
    72d8:	e5951030 	ldr	r1, [r5, #48]	@ 0x30
    72dc:	e59fc138 	ldr	ip, [pc, #312]	@ 0x741c
    72e0:	e150000c 	cmp	r0, ip
    72e4:	8a000007 	bhi	0x7308
    72e8:	e7816000 	str	r6, [r1, r0]
    72ec:	e3e0e000 	mvn	lr, #0
    72f0:	e584e008 	str	lr, [r4, #8]
    72f4:	e59f01ec 	ldr	r0, [pc, #492]	@ 0x74e8
    72f8:	e30ccabc 	movw	ip, #51900	@ 0xcabc
    72fc:	e34ccdef 	movt	ip, #52719	@ 0xcdef
    7300:	e28dd008 	add	sp, sp, #8
    7304:	e8bd8040 	pop	{r6, pc}
    7308:	e3a00008 	mov	r0, #8
    730c:	e59d1000 	ldr	r1, [sp]
    7310:	e5810010 	str	r0, [r1, #16]
    7314:	e59d0000 	ldr	r0, [sp]
    7318:	e59d100c 	ldr	r1, [sp, #12]
    731c:	e59fc1c8 	ldr	ip, [pc, #456]	@ 0x74ec
    7320:	e12fff3c 	blx	ip
    7324:	e59d6008 	ldr	r6, [sp, #8]
    7328:	e28dd010 	add	sp, sp, #16
    732c:	e12fff10 	bx	r0
    7330:	e52de004 	push	{lr}		@ (str lr, [sp, #-4]!)
    7334:	e24dd004 	sub	sp, sp, #4
    7338:	e58d0000 	str	r0, [sp]
    733c:	e30cc123 	movw	ip, #49443	@ 0xc123
    7340:	e34cc456 	movt	ip, #50262	@ 0xc456
    7344:	e3a0e02a 	mov	lr, #42	@ 0x2a
    7348:	e584e000 	str	lr, [r4]
    734c:	e59f019c 	ldr	r0, [pc, #412]	@ 0x74f0
    7350:	e30ccabc 	movw	ip, #51900	@ 0xcabc
    7354:	e34ccdef 	movt	ip, #52719	@ 0xcdef
    7358:	e28dd004 	add	sp, sp, #4
    735c:	e49df004 	pop	{pc}		@ (ldr pc, [sp], #4)
    7360:	e52de004 	push	{lr}		@ (str lr, [sp, #-4]!)
    7364:	e24dd004 	sub	sp, sp, #4
    7368:	e58d0000 	str	r0, [sp]
    736c:	e30cc123 	movw	ip, #49443	@ 0xc123
    7370:	e34cc456 	movt	ip, #50262	@ 0xc456
    7374:	e59f0178 	ldr	r0, [pc, #376]	@ 0x74f4
    7378:	e1a01004 	mov	r1, r4
    737c:	e59d2000 	ldr	r2, [sp]
    7380:	e59fc170 	ldr	ip, [pc, #368]	@ 0x74f8
    7384:	e12fff3c 	blx	ip
    7388:	e3500000 	cmp	r0, #0
    738c:	1a000006 	bne	0x73ac
    7390:	e5940000 	ldr	r0, [r4]
    7394:	e5840000 	str	r0, [r4]
    7398:	e59f015c 	ldr	r0, [pc, #348]	@ 0x74fc
    739c:	e30ccabc 	movw	ip, #51900	@ 0xcabc
    73a0:	e34ccdef 	movt	ip, #52719	@ 0xcdef
    73a4:	e28dd004 	add	sp, sp, #4
    73a8:	e49df004 	pop	{pc}		@ (ldr pc, [sp], #4)
    73ac:	e59d0000 	ldr	r0, [sp]
    73b0:	e59d1004 	ldr	r1, [sp, #4]
    73b4:	e59fc144 	ldr	ip, [pc, #324]	@ 0x7500
    73b8:	e12fff3c 	blx	ip
    73bc:	e28dd008 	add	sp, sp, #8
    73c0:	e12fff10 	bx	r0
    73c4:	e52de004 	push	{lr}		@ (str lr, [sp, #-4]!)
    73c8:	e24dd004 	sub	sp, sp, #4
    73cc:	e58d0000 	str	r0, [sp]
    73d0:	e30cc123 	movw	ip, #49443	@ 0xc123
    73d4:	e34cc456 	movt	ip, #50262	@ 0xc456
    73d8:	e3a0eb44 	mov	lr, #68, 22	@ 0x11000
    73dc:	ea000048 	b	0x7504
	...
    73f8:	001f44e8 	andseq	r4, pc, r8, ror #9
    73fc:	00409208 	subeq	r9, r0, r8, lsl #4
    7400:	000487b4 			@ <UNDEFINED> instruction: 0x000487b4
    7404:	004093f4 	strdeq	r9, [r0], #-52	@ 0xffffffcc
    7408:	000487b4 			@ <UNDEFINED> instruction: 0x000487b4
    740c:	0040940c 	subeq	r9, r0, ip, lsl #8
    7410:	000487b4 			@ <UNDEFINED> instruction: 0x000487b4
    7414:	00409444 	subeq	r9, r0, r4, asr #8
    7418:	000487b4 			@ <UNDEFINED> instruction: 0x000487b4
    741c:	0101fffc 	strdeq	pc, [r1, -ip]
    7420:	004094e8 	subeq	r9, r0, r8, ror #9
    7424:	000487b4 			@ <UNDEFINED> instruction: 0x000487b4
    7428:	00409618 	subeq	r9, r0, r8, lsl r6
    742c:	000487b4 			@ <UNDEFINED> instruction: 0x000487b4
    7430:	0040967c 	subeq	r9, r0, ip, ror r6
    7434:	000487b4 			@ <UNDEFINED> instruction: 0x000487b4
    7438:	004096cc 	subeq	r9, r0, ip, asr #13
    743c:	000487b4 			@ <UNDEFINED> instruction: 0x000487b4
    7440:	004097b4 	strheq	r9, [r0], #-116	@ 0xffffff8c
    7444:	000487b4 			@ <UNDEFINED> instruction: 0x000487b4
    7448:	004098dc 	ldrdeq	r9, [r0], #-140	@ 0xffffff74
    744c:	000487b4 			@ <UNDEFINED> instruction: 0x000487b4
    7450:	000487b4 			@ <UNDEFINED> instruction: 0x000487b4
    7454:	00409a44 	subeq	r9, r0, r4, asr #20
    7458:	000487b4 			@ <UNDEFINED> instruction: 0x000487b4
    745c:	00409a88 	subeq	r9, r0, r8, lsl #21
    7460:	000487b4 			@ <UNDEFINED> instruction: 0x000487b4
    7464:	00409b34 	subeq	r9, r0, r4, lsr fp
    7468:	000487b4 			@ <UNDEFINED> instruction: 0x000487b4
    746c:	00409b58 	subeq	r9, r0, r8, asr fp
    7470:	000487b4 			@ <UNDEFINED> instruction: 0x000487b4
    7474:	00409bac 	subeq	r9, r0, ip, lsr #23
    7478:	000487b4 			@ <UNDEFINED> instruction: 0x000487b4
    747c:	00409be8 	subeq	r9, r0, r8, ror #23
    7480:	000487b4 			@ <UNDEFINED> instruction: 0x000487b4
    7484:	00409dd8 	ldrdeq	r9, [r0], #-216	@ 0xffffff28
    7488:	000487b4 			@ <UNDEFINED> instruction: 0x000487b4
    748c:	0040a1e8 	subeq	sl, r0, r8, ror #3
    7490:	000487b4 			@ <UNDEFINED> instruction: 0x000487b4
    7494:	000487b4 			@ <UNDEFINED> instruction: 0x000487b4
    7498:	0040a238 	subeq	sl, r0, r8, lsr r2
    749c:	000487b4 			@ <UNDEFINED> instruction: 0x000487b4
    74a0:	0040a268 	subeq	sl, r0, r8, ror #4
    74a4:	000487b4 			@ <UNDEFINED> instruction: 0x000487b4
    74a8:	0040a294 	umaaleq	sl, r0, r4, r2
    74ac:	000487b4 			@ <UNDEFINED> instruction: 0x000487b4
    74b0:	0040a2ac 	subeq	sl, r0, ip, lsr #5
    74b4:	000487b4 			@ <UNDEFINED> instruction: 0x000487b4
    74b8:	0040a2e4 	subeq	sl, r0, r4, ror #5
    74bc:	000487b4 			@ <UNDEFINED> instruction: 0x000487b4
    74c0:	0040a338 	subeq	sl, r0, r8, lsr r3
    74c4:	00047eac 	andeq	r7, r4, ip, lsr #29
    74c8:	0101fff8 	strdeq	pc, [r1, -r8]
    74cc:	003feb64 	eorseq	lr, pc, r4, ror #22
    74d0:	000487b4 			@ <UNDEFINED> instruction: 0x000487b4
    74d4:	003feb8c 	eorseq	lr, pc, ip, lsl #23
    74d8:	00047eac 	andeq	r7, r4, ip, lsr #29
    74dc:	003f7d74 	eorseq	r7, pc, r4, ror sp	@ <UNPREDICTABLE>
    74e0:	003f7d78 	eorseq	r7, pc, r8, ror sp	@ <UNPREDICTABLE>
    74e4:	000487b4 			@ <UNDEFINED> instruction: 0x000487b4
    74e8:	003f7d98 	mlaseq	pc, r8, sp, r7	@ <UNPREDICTABLE>
    74ec:	00047eac 	andeq	r7, r4, ip, lsr #29
    74f0:	003f7ecc 	eorseq	r7, pc, ip, asr #29
    74f4:	003fd3d8 	ldrsbteq	sp, [pc], -r8
    74f8:	000487b4 			@ <UNDEFINED> instruction: 0x000487b4
    74fc:	003fd3f0 	ldrshteq	sp, [pc], -r0
    7500:	00047eac 	andeq	r7, r4, ip, lsr #29
    7504:	e38ee060 	orr	lr, lr, #96	@ 0x60
    7508:	e584e000 	str	lr, [r4]
    750c:	e59f0fe4 	ldr	r0, [pc, #4068]	@ 0x84f8
    7510:	e30ccabc 	movw	ip, #51900	@ 0xcabc
    7514:	e34ccdef 	movt	ip, #52719	@ 0xcdef
    7518:	e28dd004 	add	sp, sp, #4
    751c:	e49df004 	pop	{pc}		@ (ldr pc, [sp], #4)
    7520:	e52de004 	push	{lr}		@ (str lr, [sp, #-4]!)
    7524:	e24dd004 	sub	sp, sp, #4
    7528:	e58d0000 	str	r0, [sp]
    752c:	e30cc123 	movw	ip, #49443	@ 0xc123
    7530:	e34cc456 	movt	ip, #50262	@ 0xc456
    7534:	e5950030 	ldr	r0, [r5, #48]	@ 0x30
    7538:	e3a0eb44 	mov	lr, #68, 22	@ 0x11000
    753c:	e38ee048 	orr	lr, lr, #72	@ 0x48
    7540:	e280cb48 	add	ip, r0, #72, 22	@ 0x12000
    7544:	e50cef40 	str	lr, [ip, #-3904]	@ 0xfffff0c0
    7548:	e3a009fd 	mov	r0, #4145152	@ 0x3f4000
    754c:	e3800dbf 	orr	r0, r0, #12224	@ 0x2fc0
    7550:	e1a01004 	mov	r1, r4
    7554:	e59d2000 	ldr	r2, [sp]
    7558:	e59fcf9c 	ldr	ip, [pc, #3996]	@ 0x84fc
    755c:	e12fff3c 	blx	ip
    7560:	e3500000 	cmp	r0, #0
    7564:	1a000017 	bne	0x75c8
    7568:	e5940010 	ldr	r0, [r4, #16]
    756c:	e3a0cb40 	mov	ip, #64, 22	@ 0x10000
    7570:	e24c1000 	sub	r1, ip, #0
    7574:	e5952030 	ldr	r2, [r5, #48]	@ 0x30
    7578:	e282cb48 	add	ip, r2, #72, 22	@ 0x12000
    757c:	e50c1f68 	str	r1, [ip, #-3944]	@ 0xfffff098
    7580:	e5951030 	ldr	r1, [r5, #48]	@ 0x30
    7584:	e3a0eb40 	mov	lr, #64, 22	@ 0x10000
    7588:	e281cb48 	add	ip, r1, #72, 22	@ 0x12000
    758c:	e50cef6c 	str	lr, [ip, #-3948]	@ 0xfffff094
    7590:	e5951030 	ldr	r1, [r5, #48]	@ 0x30
    7594:	e281cb48 	add	ip, r1, #72, 22	@ 0x12000
    7598:	e50c0f88 	str	r0, [ip, #-3976]	@ 0xfffff078
    759c:	e5951030 	ldr	r1, [r5, #48]	@ 0x30
    75a0:	e281cb40 	add	ip, r1, #64, 22	@ 0x10000
    75a4:	e59c0b6c 	ldr	r0, [ip, #2924]	@ 0xb6c
    75a8:	e5951030 	ldr	r1, [r5, #48]	@ 0x30
    75ac:	e281cb48 	add	ip, r1, #72, 22	@ 0x12000
    75b0:	e50c0f64 	str	r0, [ip, #-3940]	@ 0xfffff09c
    75b4:	e59f0f44 	ldr	r0, [pc, #3908]	@ 0x8500
    75b8:	e30ccabc 	movw	ip, #51900	@ 0xcabc
    75bc:	e34ccdef 	movt	ip, #52719	@ 0xcdef
    75c0:	e28dd004 	add	sp, sp, #4
    75c4:	e49df004 	pop	{pc}		@ (ldr pc, [sp], #4)
    75c8:	e59d0000 	ldr	r0, [sp]
    75cc:	e59d1004 	ldr	r1, [sp, #4]
    75d0:	e59fcf2c 	ldr	ip, [pc, #3884]	@ 0x8504
    75d4:	e12fff3c 	blx	ip
    75d8:	e28dd008 	add	sp, sp, #8
    75dc:	e12fff10 	bx	r0
    75e0:	e92d40c0 	push	{r6, r7, lr}
    75e4:	e24dd004 	sub	sp, sp, #4
    75e8:	e58d0000 	str	r0, [sp]
    75ec:	e30cc123 	movw	ip, #49443	@ 0xc123
    75f0:	e34cc456 	movt	ip, #50262	@ 0xc456
    75f4:	e5946000 	ldr	r6, [r4]
    75f8:	e5947004 	ldr	r7, [r4, #4]
    75fc:	e3a00001 	mov	r0, #1
    7600:	e3560000 	cmp	r6, #0
    7604:	0a0000b8 	beq	0x78ec
    7608:	e357007f 	cmp	r7, #127	@ 0x7f
    760c:	9a0000b9 	bls	0x78f8
    7610:	e59f0ef0 	ldr	r0, [pc, #3824]	@ 0x8508
    7614:	e1a01004 	mov	r1, r4
    7618:	e59d2000 	ldr	r2, [sp]
    761c:	e59fcee8 	ldr	ip, [pc, #3816]	@ 0x850c
    7620:	e12fff3c 	blx	ip
    7624:	e3500000 	cmp	r0, #0
    7628:	1a0000c2 	bne	0x7938
    762c:	e5941028 	ldr	r1, [r4, #40]	@ 0x28
    7630:	e1a03001 	mov	r3, r1
    7634:	e5952030 	ldr	r2, [r5, #48]	@ 0x30
    7638:	e2933060 	adds	r3, r3, #96	@ 0x60
    763c:	2a0000ba 	bcs	0x792c
    7640:	e59fcec8 	ldr	ip, [pc, #3784]	@ 0x8510
    7644:	e153000c 	cmp	r3, ip
    7648:	8a0000b7 	bhi	0x792c
    764c:	e7921003 	ldr	r1, [r2, r3]
    7650:	e1a03001 	mov	r3, r1
    7654:	e5952030 	ldr	r2, [r5, #48]	@ 0x30
    7658:	e59fceb0 	ldr	ip, [pc, #3760]	@ 0x8510
    765c:	e153000c 	cmp	r3, ip
    7660:	8a0000b1 	bhi	0x792c
    7664:	e7921003 	ldr	r1, [r2, r3]
    7668:	e3510000 	cmp	r1, #0
    766c:	1a000013 	bne	0x76c0
    7670:	e3c7107f 	bic	r1, r7, #127	@ 0x7f
    7674:	e3a0ccdf 	mov	ip, #57088	@ 0xdf00
    7678:	e38cc080 	orr	ip, ip, #128	@ 0x80
    767c:	e151000c 	cmp	r1, ip
    7680:	0a00009c 	beq	0x78f8
    7684:	e59f0e88 	ldr	r0, [pc, #3720]	@ 0x8514
    7688:	e1a01004 	mov	r1, r4
    768c:	e59d2000 	ldr	r2, [sp]
    7690:	e59fce80 	ldr	ip, [pc, #3712]	@ 0x8518
    7694:	e12fff3c 	blx	ip
    7698:	e3500000 	cmp	r0, #0
    769c:	1a0000a5 	bne	0x7938
    76a0:	e5941028 	ldr	r1, [r4, #40]	@ 0x28
    76a4:	e5952030 	ldr	r2, [r5, #48]	@ 0x30
    76a8:	e59fce60 	ldr	ip, [pc, #3680]	@ 0x8510
    76ac:	e151000c 	cmp	r1, ip
    76b0:	8a00009d 	bhi	0x792c
    76b4:	e3a0e019 	mov	lr, #25
    76b8:	e782e001 	str	lr, [r2, r1]
    76bc:	ea000089 	b	0x78e8
    76c0:	e3a0cc07 	mov	ip, #1792	@ 0x700
    76c4:	e38cc0ff 	orr	ip, ip, #255	@ 0xff
    76c8:	e157000c 	cmp	r7, ip
    76cc:	8a000017 	bhi	0x7730
    76d0:	e207103f 	and	r1, r7, #63	@ 0x3f
    76d4:	e3811080 	orr	r1, r1, #128	@ 0x80
    76d8:	e1a03006 	mov	r3, r6
    76dc:	e5952030 	ldr	r2, [r5, #48]	@ 0x30
    76e0:	e2933001 	adds	r3, r3, #1
    76e4:	2a000090 	bcs	0x792c
    76e8:	e3e0c4fe 	mvn	ip, #-33554432	@ 0xfe000000
    76ec:	e3ccc8fe 	bic	ip, ip, #16646144	@ 0xfe0000
    76f0:	e153000c 	cmp	r3, ip
    76f4:	8a00008c 	bhi	0x792c
    76f8:	e7c21003 	strb	r1, [r2, r3]
    76fc:	e1a01327 	lsr	r1, r7, #6
    7700:	e38110c0 	orr	r1, r1, #192	@ 0xc0
    7704:	e1a03006 	mov	r3, r6
    7708:	e5952030 	ldr	r2, [r5, #48]	@ 0x30
    770c:	e3e0c4fe 	mvn	ip, #-33554432	@ 0xfe000000
    7710:	e3ccc8fe 	bic	ip, ip, #16646144	@ 0xfe0000
    7714:	e153000c 	cmp	r3, ip
    7718:	8a000083 	bhi	0x792c
    771c:	e7c21003 	strb	r1, [r2, r3]
    7720:	e3a0e002 	mov	lr, #2
    7724:	e584e028 	str	lr, [r4, #40]	@ 0x28
    7728:	e59f0dec 	ldr	r0, [pc, #3564]	@ 0x851c
    772c:	ea00007c 	b	0x7924
    7730:	e3570cd8 	cmp	r7, #216, 24	@ 0xd800
    7734:	3a000004 	bcc	0x774c
    7738:	e3e0cc1f 	mvn	ip, #7936	@ 0x1f00
    773c:	e3ccc0ff 	bic	ip, ip, #255	@ 0xff
    7740:	e007100c 	and	r1, r7, ip
    7744:	e3510ce0 	cmp	r1, #224, 24	@ 0xe000
    7748:	1a000023 	bne	0x77dc
    774c:	e207103f 	and	r1, r7, #63	@ 0x3f
    7750:	e3811080 	orr	r1, r1, #128	@ 0x80
    7754:	e1a03006 	mov	r3, r6
    7758:	e5952030 	ldr	r2, [r5, #48]	@ 0x30
    775c:	e2933002 	adds	r3, r3, #2
    7760:	2a000071 	bcs	0x792c
    7764:	e3e0c4fe 	mvn	ip, #-33554432	@ 0xfe000000
    7768:	e3ccc8fe 	bic	ip, ip, #16646144	@ 0xfe0000
    776c:	e153000c 	cmp	r3, ip
    7770:	8a00006d 	bhi	0x792c
    7774:	e7c21003 	strb	r1, [r2, r3]
    7778:	e1a01627 	lsr	r1, r7, #12
    777c:	e38110e0 	orr	r1, r1, #224	@ 0xe0
    7780:	e1a03006 	mov	r3, r6
    7784:	e5952030 	ldr	r2, [r5, #48]	@ 0x30
    7788:	e3e0c4fe 	mvn	ip, #-33554432	@ 0xfe000000
    778c:	e3ccc8fe 	bic	ip, ip, #16646144	@ 0xfe0000
    7790:	e153000c 	cmp	r3, ip
    7794:	8a000064 	bhi	0x792c
    7798:	e7c21003 	strb	r1, [r2, r3]
    779c:	e1a01327 	lsr	r1, r7, #6
    77a0:	e201103f 	and	r1, r1, #63	@ 0x3f
    77a4:	e3811080 	orr	r1, r1, #128	@ 0x80
    77a8:	e1a03006 	mov	r3, r6
    77ac:	e5952030 	ldr	r2, [r5, #48]	@ 0x30
    77b0:	e2933001 	adds	r3, r3, #1
    77b4:	2a00005c 	bcs	0x792c
    77b8:	e3e0c4fe 	mvn	ip, #-33554432	@ 0xfe000000
    77bc:	e3ccc8fe 	bic	ip, ip, #16646144	@ 0xfe0000
    77c0:	e153000c 	cmp	r3, ip
    77c4:	8a000058 	bhi	0x792c
    77c8:	e7c21003 	strb	r1, [r2, r3]
    77cc:	e3a0e003 	mov	lr, #3
    77d0:	e584e028 	str	lr, [r4, #40]	@ 0x28
    77d4:	e59f0d44 	ldr	r0, [pc, #3396]	@ 0x8520
    77d8:	ea000051 	b	0x7924
    77dc:	e2471b40 	sub	r1, r7, #64, 22	@ 0x10000
    77e0:	e3e0c20f 	mvn	ip, #-268435456	@ 0xf0000000
    77e4:	e3ccc6ff 	bic	ip, ip, #267386880	@ 0xff00000
    77e8:	e151000c 	cmp	r1, ip
    77ec:	8a00002f 	bhi	0x78b0
    77f0:	e207103f 	and	r1, r7, #63	@ 0x3f
    77f4:	e3811080 	orr	r1, r1, #128	@ 0x80
    77f8:	e1a03006 	mov	r3, r6
    77fc:	e5952030 	ldr	r2, [r5, #48]	@ 0x30
    7800:	e2933003 	adds	r3, r3, #3
    7804:	2a000048 	bcs	0x792c
    7808:	e3e0c4fe 	mvn	ip, #-33554432	@ 0xfe000000
    780c:	e3ccc8fe 	bic	ip, ip, #16646144	@ 0xfe0000
    7810:	e153000c 	cmp	r3, ip
    7814:	8a000044 	bhi	0x792c
    7818:	e7c21003 	strb	r1, [r2, r3]
    781c:	e1a01927 	lsr	r1, r7, #18
    7820:	e38110f0 	orr	r1, r1, #240	@ 0xf0
    7824:	e1a03006 	mov	r3, r6
    7828:	e5952030 	ldr	r2, [r5, #48]	@ 0x30
    782c:	e3e0c4fe 	mvn	ip, #-33554432	@ 0xfe000000
    7830:	e3ccc8fe 	bic	ip, ip, #16646144	@ 0xfe0000
    7834:	e153000c 	cmp	r3, ip
    7838:	8a00003b 	bhi	0x792c
    783c:	e7c21003 	strb	r1, [r2, r3]
    7840:	e1a01327 	lsr	r1, r7, #6
    7844:	e201103f 	and	r1, r1, #63	@ 0x3f
    7848:	e3811080 	orr	r1, r1, #128	@ 0x80
    784c:	e1a03006 	mov	r3, r6
    7850:	e5952030 	ldr	r2, [r5, #48]	@ 0x30
    7854:	e2933002 	adds	r3, r3, #2
    7858:	2a000033 	bcs	0x792c
    785c:	e3e0c4fe 	mvn	ip, #-33554432	@ 0xfe000000
    7860:	e3ccc8fe 	bic	ip, ip, #16646144	@ 0xfe0000
    7864:	e153000c 	cmp	r3, ip
    7868:	8a00002f 	bhi	0x792c
    786c:	e7c21003 	strb	r1, [r2, r3]
    7870:	e1a01627 	lsr	r1, r7, #12
    7874:	e201103f 	and	r1, r1, #63	@ 0x3f
    7878:	e3811080 	orr	r1, r1, #128	@ 0x80
    787c:	e1a03006 	mov	r3, r6
    7880:	e5952030 	ldr	r2, [r5, #48]	@ 0x30
    7884:	e2933001 	adds	r3, r3, #1
    7888:	2a000027 	bcs	0x792c
    788c:	e3e0c4fe 	mvn	ip, #-33554432	@ 0xfe000000
    7890:	e3ccc8fe 	bic	ip, ip, #16646144	@ 0xfe0000
    7894:	e153000c 	cmp	r3, ip
    7898:	8a000023 	bhi	0x792c
    789c:	e7c21003 	strb	r1, [r2, r3]
    78a0:	e3a0e004 	mov	lr, #4
    78a4:	e584e028 	str	lr, [r4, #40]	@ 0x28
    78a8:	e59f0c74 	ldr	r0, [pc, #3188]	@ 0x8524
    78ac:	ea00001c 	b	0x7924
    78b0:	e59f0c70 	ldr	r0, [pc, #3184]	@ 0x8528
    78b4:	e1a01004 	mov	r1, r4
    78b8:	e59d2000 	ldr	r2, [sp]
    78bc:	e59fcc68 	ldr	ip, [pc, #3176]	@ 0x852c
    78c0:	e12fff3c 	blx	ip
    78c4:	e3500000 	cmp	r0, #0
    78c8:	1a00001a 	bne	0x7938
    78cc:	e5941028 	ldr	r1, [r4, #40]	@ 0x28
    78d0:	e5952030 	ldr	r2, [r5, #48]	@ 0x30
    78d4:	e59fcc34 	ldr	ip, [pc, #3124]	@ 0x8510
    78d8:	e151000c 	cmp	r1, ip
    78dc:	8a000012 	bhi	0x792c
    78e0:	e3a0e019 	mov	lr, #25
    78e4:	e782e001 	str	lr, [r2, r1]
    78e8:	e3e00000 	mvn	r0, #0
    78ec:	e584000c 	str	r0, [r4, #12]
    78f0:	e59f0c38 	ldr	r0, [pc, #3128]	@ 0x8530
    78f4:	ea00000a 	b	0x7924
    78f8:	e5950030 	ldr	r0, [r5, #48]	@ 0x30
    78fc:	e3e0c4fe 	mvn	ip, #-33554432	@ 0xfe000000
    7900:	e3ccc8fe 	bic	ip, ip, #16646144	@ 0xfe0000
    7904:	e156000c 	cmp	r6, ip
    7908:	8a000007 	bhi	0x792c
    790c:	e7c07006 	strb	r7, [r0, r6]
    7910:	e3a0e001 	mov	lr, #1
    7914:	e584e014 	str	lr, [r4, #20]
    7918:	e59f0c14 	ldr	r0, [pc, #3092]	@ 0x8534
    791c:	e30ccabc 	movw	ip, #51900	@ 0xcabc
    7920:	e34ccdef 	movt	ip, #52719	@ 0xcdef
    7924:	e28dd004 	add	sp, sp, #4
    7928:	e8bd80c0 	pop	{r6, r7, pc}
    792c:	e3a00008 	mov	r0, #8
    7930:	e59d1000 	ldr	r1, [sp]
    7934:	e5810010 	str	r0, [r1, #16]
    7938:	e59d0000 	ldr	r0, [sp]
    793c:	e59d100c 	ldr	r1, [sp, #12]
    7940:	e59fcbf0 	ldr	ip, [pc, #3056]	@ 0x8538
    7944:	e12fff3c 	blx	ip
    7948:	e28dd004 	add	sp, sp, #4
    794c:	e8bd00c0 	pop	{r6, r7}
    7950:	e28dd004 	add	sp, sp, #4
    7954:	e12fff10 	bx	r0
    7958:	e52de004 	push	{lr}		@ (str lr, [sp, #-4]!)
    795c:	e24dd004 	sub	sp, sp, #4
    7960:	e58d0000 	str	r0, [sp]
    7964:	e30cc123 	movw	ip, #49443	@ 0xc123
    7968:	e34cc456 	movt	ip, #50262	@ 0xc456
    796c:	e5940000 	ldr	r0, [r4]
    7970:	e5941004 	ldr	r1, [r4, #4]
    7974:	e3500000 	cmp	r0, #0
    7978:	1a000003 	bne	0x798c
    797c:	e3a0e000 	mov	lr, #0
    7980:	e584e008 	str	lr, [r4, #8]
    7984:	e59f0bb0 	ldr	r0, [pc, #2992]	@ 0x853c
    7988:	ea00000f 	b	0x79cc
    798c:	e5840000 	str	r0, [r4]
    7990:	e5841004 	str	r1, [r4, #4]
    7994:	e3a0e000 	mov	lr, #0
    7998:	e584e008 	str	lr, [r4, #8]
    799c:	e59f0b9c 	ldr	r0, [pc, #2972]	@ 0x8540
    79a0:	e1a01004 	mov	r1, r4
    79a4:	e59d2000 	ldr	r2, [sp]
    79a8:	e59fcb94 	ldr	ip, [pc, #2964]	@ 0x8544
    79ac:	e12fff3c 	blx	ip
    79b0:	e3500000 	cmp	r0, #0
    79b4:	1a000006 	bne	0x79d4
    79b8:	e594000c 	ldr	r0, [r4, #12]
    79bc:	e584000c 	str	r0, [r4, #12]
    79c0:	e59f0b80 	ldr	r0, [pc, #2944]	@ 0x8548
    79c4:	e30ccabc 	movw	ip, #51900	@ 0xcabc
    79c8:	e34ccdef 	movt	ip, #52719	@ 0xcdef
    79cc:	e28dd004 	add	sp, sp, #4
    79d0:	e49df004 	pop	{pc}		@ (ldr pc, [sp], #4)
    79d4:	e59d0000 	ldr	r0, [sp]
    79d8:	e59d1004 	ldr	r1, [sp, #4]
    79dc:	e59fcb68 	ldr	ip, [pc, #2920]	@ 0x854c
    79e0:	e12fff3c 	blx	ip
    79e4:	e28dd008 	add	sp, sp, #8
    79e8:	e12fff10 	bx	r0
    79ec:	e52de004 	push	{lr}		@ (str lr, [sp, #-4]!)
    79f0:	e24dd004 	sub	sp, sp, #4
    79f4:	e58d0000 	str	r0, [sp]
    79f8:	e30cc123 	movw	ip, #49443	@ 0xc123
    79fc:	e34cc456 	movt	ip, #50262	@ 0xc456
    7a00:	e5940000 	ldr	r0, [r4]
    7a04:	e5840000 	str	r0, [r4]
    7a08:	e59f0b40 	ldr	r0, [pc, #2880]	@ 0x8550
    7a0c:	e30ccabc 	movw	ip, #51900	@ 0xcabc
    7a10:	e34ccdef 	movt	ip, #52719	@ 0xcdef
    7a14:	e28dd004 	add	sp, sp, #4
    7a18:	e49df004 	pop	{pc}		@ (ldr pc, [sp], #4)
    7a1c:	e52de004 	push	{lr}		@ (str lr, [sp, #-4]!)
    7a20:	e24dd004 	sub	sp, sp, #4
    7a24:	e58d0000 	str	r0, [sp]
    7a28:	e30cc123 	movw	ip, #49443	@ 0xc123
    7a2c:	e34cc456 	movt	ip, #50262	@ 0xc456
    7a30:	e5940000 	ldr	r0, [r4]
    7a34:	e1a02000 	mov	r2, r0
    7a38:	e5951030 	ldr	r1, [r5, #48]	@ 0x30
    7a3c:	e292203c 	adds	r2, r2, #60	@ 0x3c
    7a40:	2a000024 	bcs	0x7ad8
    7a44:	e59fcac4 	ldr	ip, [pc, #2756]	@ 0x8510
    7a48:	e152000c 	cmp	r2, ip
    7a4c:	8a000021 	bhi	0x7ad8
    7a50:	e7910002 	ldr	r0, [r1, r2]
    7a54:	e5840004 	str	r0, [r4, #4]
    7a58:	e59f0af4 	ldr	r0, [pc, #2804]	@ 0x8554
    7a5c:	e1a01004 	mov	r1, r4
    7a60:	e59d2000 	ldr	r2, [sp]
    7a64:	e59fcaec 	ldr	ip, [pc, #2796]	@ 0x8558
    7a68:	e12fff3c 	blx	ip
    7a6c:	e3500000 	cmp	r0, #0
    7a70:	1a00001b 	bne	0x7ae4
    7a74:	e5940004 	ldr	r0, [r4, #4]
    7a78:	e5840004 	str	r0, [r4, #4]
    7a7c:	e59f0ad8 	ldr	r0, [pc, #2776]	@ 0x855c
    7a80:	e1a01004 	mov	r1, r4
    7a84:	e59d2000 	ldr	r2, [sp]
    7a88:	e59fcad0 	ldr	ip, [pc, #2768]	@ 0x8560
    7a8c:	e12fff3c 	blx	ip
    7a90:	e3500000 	cmp	r0, #0
    7a94:	1a000012 	bne	0x7ae4
    7a98:	e5940004 	ldr	r0, [r4, #4]
    7a9c:	e5840004 	str	r0, [r4, #4]
    7aa0:	e59f0abc 	ldr	r0, [pc, #2748]	@ 0x8564
    7aa4:	e1a01004 	mov	r1, r4
    7aa8:	e59d2000 	ldr	r2, [sp]
    7aac:	e59fcab4 	ldr	ip, [pc, #2740]	@ 0x8568
    7ab0:	e12fff3c 	blx	ip
    7ab4:	e3500000 	cmp	r0, #0
    7ab8:	1a000009 	bne	0x7ae4
    7abc:	e5940004 	ldr	r0, [r4, #4]
    7ac0:	e5840004 	str	r0, [r4, #4]
    7ac4:	e59f0aa0 	ldr	r0, [pc, #2720]	@ 0x856c
    7ac8:	e30ccabc 	movw	ip, #51900	@ 0xcabc
    7acc:	e34ccdef 	movt	ip, #52719	@ 0xcdef
    7ad0:	e28dd004 	add	sp, sp, #4
    7ad4:	e49df004 	pop	{pc}		@ (ldr pc, [sp], #4)
    7ad8:	e3a00008 	mov	r0, #8
    7adc:	e59d1000 	ldr	r1, [sp]
    7ae0:	e5810010 	str	r0, [r1, #16]
    7ae4:	e59d0000 	ldr	r0, [sp]
    7ae8:	e59d1004 	ldr	r1, [sp, #4]
    7aec:	e59fca7c 	ldr	ip, [pc, #2684]	@ 0x8570
    7af0:	e12fff3c 	blx	ip
    7af4:	e28dd008 	add	sp, sp, #8
    7af8:	e12fff10 	bx	r0
    7afc:	e92d41c0 	push	{r6, r7, r8, lr}
    7b00:	e24dd008 	sub	sp, sp, #8
    7b04:	e58d0000 	str	r0, [sp]
    7b08:	e30cc123 	movw	ip, #49443	@ 0xc123
    7b0c:	e34cc456 	movt	ip, #50262	@ 0xc456
    7b10:	e5940000 	ldr	r0, [r4]
    7b14:	e5941004 	ldr	r1, [r4, #4]
    7b18:	e5942008 	ldr	r2, [r4, #8]
    7b1c:	e594300c 	ldr	r3, [r4, #12]
    7b20:	e595e03c 	ldr	lr, [r5, #60]	@ 0x3c
    7b24:	e59e6008 	ldr	r6, [lr, #8]
    7b28:	e2466010 	sub	r6, r6, #16
    7b2c:	e1a07006 	mov	r7, r6
    7b30:	e595803c 	ldr	r8, [r5, #60]	@ 0x3c
    7b34:	e5886008 	str	r6, [r8, #8]
    7b38:	e20330ff 	and	r3, r3, #255	@ 0xff
    7b3c:	e2876008 	add	r6, r7, #8
    7b40:	e5840000 	str	r0, [r4]
    7b44:	e5841004 	str	r1, [r4, #4]
    7b48:	e5842008 	str	r2, [r4, #8]
    7b4c:	e5843034 	str	r3, [r4, #52]	@ 0x34
    7b50:	e5846038 	str	r6, [r4, #56]	@ 0x38
    7b54:	e3a009fe 	mov	r0, #4161536	@ 0x3f8000
    7b58:	e3800f40 	orr	r0, r0, #64, 30	@ 0x100
    7b5c:	e1a01004 	mov	r1, r4
    7b60:	e59d2000 	ldr	r2, [sp]
    7b64:	e59fca08 	ldr	ip, [pc, #2568]	@ 0x8574
    7b68:	e12fff3c 	blx	ip
    7b6c:	e3500000 	cmp	r0, #0
    7b70:	1a000025 	bne	0x7c0c
    7b74:	e5940028 	ldr	r0, [r4, #40]	@ 0x28
    7b78:	e5840028 	str	r0, [r4, #40]	@ 0x28
    7b7c:	e3a009fe 	mov	r0, #4161536	@ 0x3f8000
    7b80:	e3800f46 	orr	r0, r0, #280	@ 0x118
    7b84:	e1a01004 	mov	r1, r4
    7b88:	e59d2000 	ldr	r2, [sp]
    7b8c:	e59fc9e4 	ldr	ip, [pc, #2532]	@ 0x8578
    7b90:	e12fff3c 	blx	ip
    7b94:	e3500000 	cmp	r0, #0
    7b98:	1a00001b 	bne	0x7c0c
    7b9c:	e5940028 	ldr	r0, [r4, #40]	@ 0x28
    7ba0:	e1a06007 	mov	r6, r7
    7ba4:	e5953030 	ldr	r3, [r5, #48]	@ 0x30
    7ba8:	e2966008 	adds	r6, r6, #8
    7bac:	2a000013 	bcs	0x7c00
    7bb0:	e59fc9c4 	ldr	ip, [pc, #2500]	@ 0x857c
    7bb4:	e156000c 	cmp	r6, ip
    7bb8:	8a000010 	bhi	0x7c00
    7bbc:	e083c006 	add	ip, r3, r6
    7bc0:	e59c1000 	ldr	r1, [ip]
    7bc4:	e59c2004 	ldr	r2, [ip, #4]
    7bc8:	e2877010 	add	r7, r7, #16
    7bcc:	e595303c 	ldr	r3, [r5, #60]	@ 0x3c
    7bd0:	e5837008 	str	r7, [r3, #8]
    7bd4:	e3500000 	cmp	r0, #0
    7bd8:	13e01000 	mvnne	r1, #0
    7bdc:	13e02000 	mvnne	r2, #0
    7be0:	e5841028 	str	r1, [r4, #40]	@ 0x28
    7be4:	e584202c 	str	r2, [r4, #44]	@ 0x2c
    7be8:	e3a009fe 	mov	r0, #4161536	@ 0x3f8000
    7bec:	e3800f5b 	orr	r0, r0, #364	@ 0x16c
    7bf0:	e30ccabc 	movw	ip, #51900	@ 0xcabc
    7bf4:	e34ccdef 	movt	ip, #52719	@ 0xcdef
    7bf8:	e28dd008 	add	sp, sp, #8
    7bfc:	e8bd81c0 	pop	{r6, r7, r8, pc}
    7c00:	e3a00008 	mov	r0, #8
    7c04:	e59d1000 	ldr	r1, [sp]
    7c08:	e5810010 	str	r0, [r1, #16]
    7c0c:	e59d0000 	ldr	r0, [sp]
    7c10:	e59d1014 	ldr	r1, [sp, #20]
    7c14:	e59fc964 	ldr	ip, [pc, #2404]	@ 0x8580
    7c18:	e12fff3c 	blx	ip
    7c1c:	e28dd008 	add	sp, sp, #8
    7c20:	e8bd01c0 	pop	{r6, r7, r8}
    7c24:	e28dd004 	add	sp, sp, #4
    7c28:	e12fff10 	bx	r0
    7c2c:	e92d40c0 	push	{r6, r7, lr}
    7c30:	e24dd004 	sub	sp, sp, #4
    7c34:	e58d0000 	str	r0, [sp]
    7c38:	e30cc123 	movw	ip, #49443	@ 0xc123
    7c3c:	e34cc456 	movt	ip, #50262	@ 0xc456
    7c40:	e5940000 	ldr	r0, [r4]
    7c44:	e5941004 	ldr	r1, [r4, #4]
    7c48:	e5942008 	ldr	r2, [r4, #8]
    7c4c:	e594300c 	ldr	r3, [r4, #12]
    7c50:	e1a07000 	mov	r7, r0
    7c54:	e5956030 	ldr	r6, [r5, #48]	@ 0x30
    7c58:	e297703c 	adds	r7, r7, #60	@ 0x3c
    7c5c:	2a000017 	bcs	0x7cc0
    7c60:	e59fc8a8 	ldr	ip, [pc, #2216]	@ 0x8510
    7c64:	e157000c 	cmp	r7, ip
    7c68:	8a000014 	bhi	0x7cc0
    7c6c:	e7960007 	ldr	r0, [r6, r7]
    7c70:	e5840010 	str	r0, [r4, #16]
    7c74:	e5841004 	str	r1, [r4, #4]
    7c78:	e5842008 	str	r2, [r4, #8]
    7c7c:	e584300c 	str	r3, [r4, #12]
    7c80:	e59f08fc 	ldr	r0, [pc, #2300]	@ 0x8584
    7c84:	e1a01004 	mov	r1, r4
    7c88:	e59d2000 	ldr	r2, [sp]
    7c8c:	e59fc8f4 	ldr	ip, [pc, #2292]	@ 0x8588
    7c90:	e12fff3c 	blx	ip
    7c94:	e3500000 	cmp	r0, #0
    7c98:	1a00000b 	bne	0x7ccc
    7c9c:	e5940010 	ldr	r0, [r4, #16]
    7ca0:	e5941014 	ldr	r1, [r4, #20]
    7ca4:	e5840010 	str	r0, [r4, #16]
    7ca8:	e5841014 	str	r1, [r4, #20]
    7cac:	e59f08d8 	ldr	r0, [pc, #2264]	@ 0x858c
    7cb0:	e30ccabc 	movw	ip, #51900	@ 0xcabc
    7cb4:	e34ccdef 	movt	ip, #52719	@ 0xcdef
    7cb8:	e28dd004 	add	sp, sp, #4
    7cbc:	e8bd80c0 	pop	{r6, r7, pc}
    7cc0:	e3a00008 	mov	r0, #8
    7cc4:	e59d1000 	ldr	r1, [sp]
    7cc8:	e5810010 	str	r0, [r1, #16]
    7ccc:	e59d0000 	ldr	r0, [sp]
    7cd0:	e59d100c 	ldr	r1, [sp, #12]
    7cd4:	e59fc8b4 	ldr	ip, [pc, #2228]	@ 0x8590
    7cd8:	e12fff3c 	blx	ip
    7cdc:	e28dd004 	add	sp, sp, #4
    7ce0:	e8bd00c0 	pop	{r6, r7}
    7ce4:	e28dd004 	add	sp, sp, #4
    7ce8:	e12fff10 	bx	r0
    7cec:	e52de004 	push	{lr}		@ (str lr, [sp, #-4]!)
    7cf0:	e24dd004 	sub	sp, sp, #4
    7cf4:	e58d0000 	str	r0, [sp]
    7cf8:	e30cc123 	movw	ip, #49443	@ 0xc123
    7cfc:	e34cc456 	movt	ip, #50262	@ 0xc456
    7d00:	e5950044 	ldr	r0, [r5, #68]	@ 0x44
    7d04:	e3a0eb40 	mov	lr, #64, 22	@ 0x10000
    7d08:	e580e008 	str	lr, [r0, #8]
    7d0c:	e3a0c000 	mov	ip, #0
    7d10:	e28c000f 	add	r0, ip, #15
    7d14:	e3c0000f 	bic	r0, r0, #15
    7d18:	e5951040 	ldr	r1, [r5, #64]	@ 0x40
    7d1c:	e5810008 	str	r0, [r1, #8]
    7d20:	e59f086c 	ldr	r0, [pc, #2156]	@ 0x8594
    7d24:	e30ccabc 	movw	ip, #51900	@ 0xcabc
    7d28:	e34ccdef 	movt	ip, #52719	@ 0xcdef
    7d2c:	e28dd004 	add	sp, sp, #4
    7d30:	e49df004 	pop	{pc}		@ (ldr pc, [sp], #4)
    7d34:	e52de004 	push	{lr}		@ (str lr, [sp, #-4]!)
    7d38:	e24dd004 	sub	sp, sp, #4
    7d3c:	e58d0000 	str	r0, [sp]
    7d40:	e30cc123 	movw	ip, #49443	@ 0xc123
    7d44:	e34cc456 	movt	ip, #50262	@ 0xc456
    7d48:	e595e03c 	ldr	lr, [r5, #60]	@ 0x3c
    7d4c:	e59e0008 	ldr	r0, [lr, #8]
    7d50:	e595e040 	ldr	lr, [r5, #64]	@ 0x40
    7d54:	e59e1008 	ldr	r1, [lr, #8]
    7d58:	e0400001 	sub	r0, r0, r1
    7d5c:	e5840000 	str	r0, [r4]
    7d60:	e59f0830 	ldr	r0, [pc, #2096]	@ 0x8598
    7d64:	e30ccabc 	movw	ip, #51900	@ 0xcabc
    7d68:	e34ccdef 	movt	ip, #52719	@ 0xcdef
    7d6c:	e28dd004 	add	sp, sp, #4
    7d70:	e49df004 	pop	{pc}		@ (ldr pc, [sp], #4)
    7d74:	e52de004 	push	{lr}		@ (str lr, [sp, #-4]!)
    7d78:	e24dd004 	sub	sp, sp, #4
    7d7c:	e58d0000 	str	r0, [sp]
    7d80:	e30cc123 	movw	ip, #49443	@ 0xc123
    7d84:	e34cc456 	movt	ip, #50262	@ 0xc456
    7d88:	e595e044 	ldr	lr, [r5, #68]	@ 0x44
    7d8c:	e59e0008 	ldr	r0, [lr, #8]
    7d90:	e5840000 	str	r0, [r4]
    7d94:	e59f0800 	ldr	r0, [pc, #2048]	@ 0x859c
    7d98:	e30ccabc 	movw	ip, #51900	@ 0xcabc
    7d9c:	e34ccdef 	movt	ip, #52719	@ 0xcdef
    7da0:	e28dd004 	add	sp, sp, #4
    7da4:	e49df004 	pop	{pc}		@ (ldr pc, [sp], #4)
    7da8:	e52de004 	push	{lr}		@ (str lr, [sp, #-4]!)
    7dac:	e24dd004 	sub	sp, sp, #4
    7db0:	e58d0000 	str	r0, [sp]
    7db4:	e30cc123 	movw	ip, #49443	@ 0xc123
    7db8:	e34cc456 	movt	ip, #50262	@ 0xc456
    7dbc:	e595e040 	ldr	lr, [r5, #64]	@ 0x40
    7dc0:	e59e0008 	ldr	r0, [lr, #8]
    7dc4:	e5840000 	str	r0, [r4]
    7dc8:	e59f07d0 	ldr	r0, [pc, #2000]	@ 0x85a0
    7dcc:	e30ccabc 	movw	ip, #51900	@ 0xcabc
    7dd0:	e34ccdef 	movt	ip, #52719	@ 0xcdef
    7dd4:	e28dd004 	add	sp, sp, #4
    7dd8:	e49df004 	pop	{pc}		@ (ldr pc, [sp], #4)
    7ddc:	e92d4fc0 	push	{r6, r7, r8, r9, sl, fp, lr}
    7de0:	e24dd004 	sub	sp, sp, #4
    7de4:	e58d0000 	str	r0, [sp]
    7de8:	e30cc123 	movw	ip, #49443	@ 0xc123
    7dec:	e34cc456 	movt	ip, #50262	@ 0xc456
    7df0:	e5947014 	ldr	r7, [r4, #20]
    7df4:	e3170040 	tst	r7, #64	@ 0x40
    7df8:	0a000018 	beq	0x7e60
    7dfc:	e2478040 	sub	r8, r7, #64	@ 0x40
    7e00:	e3a09000 	mov	r9, #0
    7e04:	e1a0a008 	mov	sl, r8
    7e08:	e5943004 	ldr	r3, [r4, #4]
    7e0c:	e31a0020 	tst	sl, #32
    7e10:	1a000008 	bne	0x7e38
    7e14:	e5946008 	ldr	r6, [r4, #8]
    7e18:	e20aa01f 	and	sl, sl, #31
    7e1c:	e1a06a16 	lsl	r6, r6, sl
    7e20:	e1a0c0a3 	lsr	ip, r3, #1
    7e24:	e22ae01f 	eor	lr, sl, #31
    7e28:	e1866e3c 	orr	r6, r6, ip, lsr lr
    7e2c:	e1a0ea13 	lsl	lr, r3, sl
    7e30:	e584e00c 	str	lr, [r4, #12]
    7e34:	ea000003 	b	0x7e48
    7e38:	e20ae01f 	and	lr, sl, #31
    7e3c:	e1a06e13 	lsl	r6, r3, lr
    7e40:	e3a0e000 	mov	lr, #0
    7e44:	e584e00c 	str	lr, [r4, #12]
    7e48:	e5846010 	str	r6, [r4, #16]
    7e4c:	e3a0e000 	mov	lr, #0
    7e50:	e584e004 	str	lr, [r4, #4]
    7e54:	e3a0e000 	mov	lr, #0
    7e58:	e584e008 	str	lr, [r4, #8]
    7e5c:	ea00003b 	b	0x7f50
    7e60:	e3570000 	cmp	r7, #0
    7e64:	0a000039 	beq	0x7f50
    7e68:	e2678040 	rsb	r8, r7, #64	@ 0x40
    7e6c:	e3a09000 	mov	r9, #0
    7e70:	e1a00008 	mov	r0, r8
    7e74:	e594b008 	ldr	fp, [r4, #8]
    7e78:	e3100020 	tst	r0, #32
    7e7c:	1a000007 	bne	0x7ea0
    7e80:	e594a004 	ldr	sl, [r4, #4]
    7e84:	e200001f 	and	r0, r0, #31
    7e88:	e1a0a03a 	lsr	sl, sl, r0
    7e8c:	e1a0c08b 	lsl	ip, fp, #1
    7e90:	e220e01f 	eor	lr, r0, #31
    7e94:	e18aae1c 	orr	sl, sl, ip, lsl lr
    7e98:	e1a0b03b 	lsr	fp, fp, r0
    7e9c:	ea000002 	b	0x7eac
    7ea0:	e200e01f 	and	lr, r0, #31
    7ea4:	e1a0ae3b 	lsr	sl, fp, lr
    7ea8:	e3a0b000 	mov	fp, #0
    7eac:	e1a00007 	mov	r0, r7
    7eb0:	e3a07000 	mov	r7, #0
    7eb4:	e1a08000 	mov	r8, r0
    7eb8:	e1a09007 	mov	r9, r7
    7ebc:	e1a01000 	mov	r1, r0
    7ec0:	e594600c 	ldr	r6, [r4, #12]
    7ec4:	e3110020 	tst	r1, #32
    7ec8:	1a000007 	bne	0x7eec
    7ecc:	e5943010 	ldr	r3, [r4, #16]
    7ed0:	e201101f 	and	r1, r1, #31
    7ed4:	e1a03113 	lsl	r3, r3, r1
    7ed8:	e1a0c0a6 	lsr	ip, r6, #1
    7edc:	e221e01f 	eor	lr, r1, #31
    7ee0:	e1833e3c 	orr	r3, r3, ip, lsr lr
    7ee4:	e1a06116 	lsl	r6, r6, r1
    7ee8:	ea000002 	b	0x7ef8
    7eec:	e201e01f 	and	lr, r1, #31
    7ef0:	e1a03e16 	lsl	r3, r6, lr
    7ef4:	e3a06000 	mov	r6, #0
    7ef8:	e18ae006 	orr	lr, sl, r6
    7efc:	e584e00c 	str	lr, [r4, #12]
    7f00:	e18be003 	orr	lr, fp, r3
    7f04:	e584e010 	str	lr, [r4, #16]
    7f08:	e1a02008 	mov	r2, r8
    7f0c:	e5941004 	ldr	r1, [r4, #4]
    7f10:	e3120020 	tst	r2, #32
    7f14:	1a000008 	bne	0x7f3c
    7f18:	e5940008 	ldr	r0, [r4, #8]
    7f1c:	e202201f 	and	r2, r2, #31
    7f20:	e1a00210 	lsl	r0, r0, r2
    7f24:	e1a0c0a1 	lsr	ip, r1, #1
    7f28:	e222e01f 	eor	lr, r2, #31
    7f2c:	e1800e3c 	orr	r0, r0, ip, lsr lr
    7f30:	e1a0e211 	lsl	lr, r1, r2
    7f34:	e584e004 	str	lr, [r4, #4]
    7f38:	ea000003 	b	0x7f4c
    7f3c:	e202e01f 	and	lr, r2, #31
    7f40:	e1a00e11 	lsl	r0, r1, lr
    7f44:	e3a0e000 	mov	lr, #0
    7f48:	e584e004 	str	lr, [r4, #4]
    7f4c:	e5840008 	str	r0, [r4, #8]
    7f50:	e5941000 	ldr	r1, [r4]
    7f54:	e5950030 	ldr	r0, [r5, #48]	@ 0x30
    7f58:	e5942004 	ldr	r2, [r4, #4]
    7f5c:	e59fc618 	ldr	ip, [pc, #1560]	@ 0x857c
    7f60:	e151000c 	cmp	r1, ip
    7f64:	8a000014 	bhi	0x7fbc
    7f68:	e0800001 	add	r0, r0, r1
    7f6c:	e5941008 	ldr	r1, [r4, #8]
    7f70:	e5802000 	str	r2, [r0]
    7f74:	e5801004 	str	r1, [r0, #4]
    7f78:	e5941000 	ldr	r1, [r4]
    7f7c:	e5950030 	ldr	r0, [r5, #48]	@ 0x30
    7f80:	e594200c 	ldr	r2, [r4, #12]
    7f84:	e2911008 	adds	r1, r1, #8
    7f88:	2a00000b 	bcs	0x7fbc
    7f8c:	e59fc5e8 	ldr	ip, [pc, #1512]	@ 0x857c
    7f90:	e151000c 	cmp	r1, ip
    7f94:	8a000008 	bhi	0x7fbc
    7f98:	e0800001 	add	r0, r0, r1
    7f9c:	e5941010 	ldr	r1, [r4, #16]
    7fa0:	e5802000 	str	r2, [r0]
    7fa4:	e5801004 	str	r1, [r0, #4]
    7fa8:	e59f05f4 	ldr	r0, [pc, #1524]	@ 0x85a4
    7fac:	e30ccabc 	movw	ip, #51900	@ 0xcabc
    7fb0:	e34ccdef 	movt	ip, #52719	@ 0xcdef
    7fb4:	e28dd004 	add	sp, sp, #4
    7fb8:	e8bd8fc0 	pop	{r6, r7, r8, r9, sl, fp, pc}
    7fbc:	e3a00008 	mov	r0, #8
    7fc0:	e59d1000 	ldr	r1, [sp]
    7fc4:	e5810010 	str	r0, [r1, #16]
    7fc8:	e59d0000 	ldr	r0, [sp]
    7fcc:	e59d101c 	ldr	r1, [sp, #28]
    7fd0:	e59fc5d0 	ldr	ip, [pc, #1488]	@ 0x85a8
    7fd4:	e12fff3c 	blx	ip
    7fd8:	e28dd004 	add	sp, sp, #4
    7fdc:	e8bd0fc0 	pop	{r6, r7, r8, r9, sl, fp}
    7fe0:	e28dd004 	add	sp, sp, #4
    7fe4:	e12fff10 	bx	r0
    7fe8:	e92d4fc0 	push	{r6, r7, r8, r9, sl, fp, lr}
    7fec:	e24dd004 	sub	sp, sp, #4
    7ff0:	e58d0000 	str	r0, [sp]
    7ff4:	e30cc123 	movw	ip, #49443	@ 0xc123
    7ff8:	e34cc456 	movt	ip, #50262	@ 0xc456
    7ffc:	e5947014 	ldr	r7, [r4, #20]
    8000:	e3170040 	tst	r7, #64	@ 0x40
    8004:	0a000018 	beq	0x806c
    8008:	e2478040 	sub	r8, r7, #64	@ 0x40
    800c:	e3a09000 	mov	r9, #0
    8010:	e1a0a008 	mov	sl, r8
    8014:	e5942010 	ldr	r2, [r4, #16]
    8018:	e31a0020 	tst	sl, #32
    801c:	1a000008 	bne	0x8044
    8020:	e594100c 	ldr	r1, [r4, #12]
    8024:	e20aa01f 	and	sl, sl, #31
    8028:	e1a01a31 	lsr	r1, r1, sl
    802c:	e1a0c082 	lsl	ip, r2, #1
    8030:	e22ae01f 	eor	lr, sl, #31
    8034:	e1811e1c 	orr	r1, r1, ip, lsl lr
    8038:	e1a0ea32 	lsr	lr, r2, sl
    803c:	e584e008 	str	lr, [r4, #8]
    8040:	ea000003 	b	0x8054
    8044:	e20ae01f 	and	lr, sl, #31
    8048:	e1a01e32 	lsr	r1, r2, lr
    804c:	e3a0e000 	mov	lr, #0
    8050:	e584e008 	str	lr, [r4, #8]
    8054:	e5841004 	str	r1, [r4, #4]
    8058:	e3a0e000 	mov	lr, #0
    805c:	e584e00c 	str	lr, [r4, #12]
    8060:	e3a0e000 	mov	lr, #0
    8064:	e584e010 	str	lr, [r4, #16]
    8068:	ea00003b 	b	0x815c
    806c:	e3570000 	cmp	r7, #0
    8070:	0a000039 	beq	0x815c
    8074:	e2678040 	rsb	r8, r7, #64	@ 0x40
    8078:	e3a09000 	mov	r9, #0
    807c:	e1a00008 	mov	r0, r8
    8080:	e594a00c 	ldr	sl, [r4, #12]
    8084:	e3100020 	tst	r0, #32
    8088:	1a000007 	bne	0x80ac
    808c:	e594b010 	ldr	fp, [r4, #16]
    8090:	e200001f 	and	r0, r0, #31
    8094:	e1a0b01b 	lsl	fp, fp, r0
    8098:	e1a0c0aa 	lsr	ip, sl, #1
    809c:	e220e01f 	eor	lr, r0, #31
    80a0:	e18bbe3c 	orr	fp, fp, ip, lsr lr
    80a4:	e1a0a01a 	lsl	sl, sl, r0
    80a8:	ea000002 	b	0x80b8
    80ac:	e200e01f 	and	lr, r0, #31
    80b0:	e1a0be1a 	lsl	fp, sl, lr
    80b4:	e3a0a000 	mov	sl, #0
    80b8:	e1a00007 	mov	r0, r7
    80bc:	e3a07000 	mov	r7, #0
    80c0:	e1a08000 	mov	r8, r0
    80c4:	e1a09007 	mov	r9, r7
    80c8:	e1a01000 	mov	r1, r0
    80cc:	e5943008 	ldr	r3, [r4, #8]
    80d0:	e3110020 	tst	r1, #32
    80d4:	1a000007 	bne	0x80f8
    80d8:	e5946004 	ldr	r6, [r4, #4]
    80dc:	e201101f 	and	r1, r1, #31
    80e0:	e1a06136 	lsr	r6, r6, r1
    80e4:	e1a0c083 	lsl	ip, r3, #1
    80e8:	e221e01f 	eor	lr, r1, #31
    80ec:	e1866e1c 	orr	r6, r6, ip, lsl lr
    80f0:	e1a03133 	lsr	r3, r3, r1
    80f4:	ea000002 	b	0x8104
    80f8:	e201e01f 	and	lr, r1, #31
    80fc:	e1a06e33 	lsr	r6, r3, lr
    8100:	e3a03000 	mov	r3, #0
    8104:	e18ae006 	orr	lr, sl, r6
    8108:	e584e004 	str	lr, [r4, #4]
    810c:	e18be003 	orr	lr, fp, r3
    8110:	e584e008 	str	lr, [r4, #8]
    8114:	e1a02008 	mov	r2, r8
    8118:	e5940010 	ldr	r0, [r4, #16]
    811c:	e3120020 	tst	r2, #32
    8120:	1a000008 	bne	0x8148
    8124:	e594100c 	ldr	r1, [r4, #12]
    8128:	e202201f 	and	r2, r2, #31
    812c:	e1a01231 	lsr	r1, r1, r2
    8130:	e1a0c080 	lsl	ip, r0, #1
    8134:	e222e01f 	eor	lr, r2, #31
    8138:	e1811e1c 	orr	r1, r1, ip, lsl lr
    813c:	e1a0e230 	lsr	lr, r0, r2
    8140:	e584e010 	str	lr, [r4, #16]
    8144:	ea000003 	b	0x8158
    8148:	e202e01f 	and	lr, r2, #31
    814c:	e1a01e30 	lsr	r1, r0, lr
    8150:	e3a0e000 	mov	lr, #0
    8154:	e584e010 	str	lr, [r4, #16]
    8158:	e584100c 	str	r1, [r4, #12]
    815c:	e5941000 	ldr	r1, [r4]
    8160:	e5950030 	ldr	r0, [r5, #48]	@ 0x30
    8164:	e5942004 	ldr	r2, [r4, #4]
    8168:	e59fc40c 	ldr	ip, [pc, #1036]	@ 0x857c
    816c:	e151000c 	cmp	r1, ip
    8170:	8a000014 	bhi	0x81c8
    8174:	e0800001 	add	r0, r0, r1
    8178:	e5941008 	ldr	r1, [r4, #8]
    817c:	e5802000 	str	r2, [r0]
    8180:	e5801004 	str	r1, [r0, #4]
    8184:	e5941000 	ldr	r1, [r4]
    8188:	e5950030 	ldr	r0, [r5, #48]	@ 0x30
    818c:	e594200c 	ldr	r2, [r4, #12]
    8190:	e2911008 	adds	r1, r1, #8
    8194:	2a00000b 	bcs	0x81c8
    8198:	e59fc3dc 	ldr	ip, [pc, #988]	@ 0x857c
    819c:	e151000c 	cmp	r1, ip
    81a0:	8a000008 	bhi	0x81c8
    81a4:	e0800001 	add	r0, r0, r1
    81a8:	e5941010 	ldr	r1, [r4, #16]
    81ac:	e5802000 	str	r2, [r0]
    81b0:	e5801004 	str	r1, [r0, #4]
    81b4:	e59f03f0 	ldr	r0, [pc, #1008]	@ 0x85ac
    81b8:	e30ccabc 	movw	ip, #51900	@ 0xcabc
    81bc:	e34ccdef 	movt	ip, #52719	@ 0xcdef
    81c0:	e28dd004 	add	sp, sp, #4
    81c4:	e8bd8fc0 	pop	{r6, r7, r8, r9, sl, fp, pc}
    81c8:	e3a00008 	mov	r0, #8
    81cc:	e59d1000 	ldr	r1, [sp]
    81d0:	e5810010 	str	r0, [r1, #16]
    81d4:	e59d0000 	ldr	r0, [sp]
    81d8:	e59d101c 	ldr	r1, [sp, #28]
    81dc:	e59fc3cc 	ldr	ip, [pc, #972]	@ 0x85b0
    81e0:	e12fff3c 	blx	ip
    81e4:	e28dd004 	add	sp, sp, #4
    81e8:	e8bd0fc0 	pop	{r6, r7, r8, r9, sl, fp}
    81ec:	e28dd004 	add	sp, sp, #4
    81f0:	e12fff10 	bx	r0
    81f4:	e92d4fc0 	push	{r6, r7, r8, r9, sl, fp, lr}
    81f8:	e24dd004 	sub	sp, sp, #4
    81fc:	e58d0000 	str	r0, [sp]
    8200:	e30cc123 	movw	ip, #49443	@ 0xc123
    8204:	e34cc456 	movt	ip, #50262	@ 0xc456
    8208:	e595e03c 	ldr	lr, [r5, #60]	@ 0x3c
    820c:	e59e0008 	ldr	r0, [lr, #8]
    8210:	e2400020 	sub	r0, r0, #32
    8214:	e5840010 	str	r0, [r4, #16]
    8218:	e595103c 	ldr	r1, [r5, #60]	@ 0x3c
    821c:	e5810008 	str	r0, [r1, #8]
    8220:	e5940008 	ldr	r0, [r4, #8]
    8224:	e594100c 	ldr	r1, [r4, #12]
    8228:	e3c0e000 	bic	lr, r0, #0
    822c:	e584e024 	str	lr, [r4, #36]	@ 0x24
    8230:	e3a0ccff 	mov	ip, #65280	@ 0xff00
    8234:	e38cc0ff 	orr	ip, ip, #255	@ 0xff
    8238:	e001e00c 	and	lr, r1, ip
    823c:	e584e028 	str	lr, [r4, #40]	@ 0x28
    8240:	e594c00c 	ldr	ip, [r4, #12]
    8244:	e1a0282c 	lsr	r2, ip, #16
    8248:	e3a03000 	mov	r3, #0
    824c:	e3a0cc7f 	mov	ip, #32512	@ 0x7f00
    8250:	e38cc0ff 	orr	ip, ip, #255	@ 0xff
    8254:	e002200c 	and	r2, r2, ip
    8258:	e2033000 	and	r3, r3, #0
    825c:	e1a09002 	mov	r9, r2
    8260:	e1a08003 	mov	r8, r3
    8264:	e5842014 	str	r2, [r4, #20]
    8268:	e2422c3c 	sub	r2, r2, #60, 24	@ 0x3c00
    826c:	e2422001 	sub	r2, r2, #1
    8270:	e3a0cc07 	mov	ip, #1792	@ 0x700
    8274:	e38cc0fd 	orr	ip, ip, #253	@ 0xfd
    8278:	e152000c 	cmp	r2, ip
    827c:	8a000035 	bhi	0x8358
    8280:	e594c004 	ldr	ip, [r4, #4]
    8284:	e1a02e2c 	lsr	r2, ip, #28
    8288:	e3a0b000 	mov	fp, #0
    828c:	e5946028 	ldr	r6, [r4, #40]	@ 0x28
    8290:	e5947024 	ldr	r7, [r4, #36]	@ 0x24
    8294:	e1a06206 	lsl	r6, r6, #4
    8298:	e1866e27 	orr	r6, r6, r7, lsr #28
    829c:	e1a07207 	lsl	r7, r7, #4
    82a0:	e1822007 	orr	r2, r2, r7
    82a4:	e18bb006 	orr	fp, fp, r6
    82a8:	e594c014 	ldr	ip, [r4, #20]
    82ac:	e24c6df0 	sub	r6, ip, #240, 26	@ 0x3c00
    82b0:	e3a07000 	mov	r7, #0
    82b4:	e5943000 	ldr	r3, [r4]
    82b8:	e594a004 	ldr	sl, [r4, #4]
    82bc:	e3c33000 	bic	r3, r3, #0
    82c0:	e3caa4f0 	bic	sl, sl, #240, 8	@ 0xf0000000
    82c4:	e1a01003 	mov	r1, r3
    82c8:	e1a0000a 	mov	r0, sl
    82cc:	e3530001 	cmp	r3, #1
    82d0:	e2dac680 	sbcs	ip, sl, #128, 12	@ 0x8000000
    82d4:	3a000002 	bcc	0x82e4
    82d8:	e2922001 	adds	r2, r2, #1
    82dc:	e2abb000 	adc	fp, fp, #0
    82e0:	ea000007 	b	0x8304
    82e4:	e3500680 	cmp	r0, #128, 12	@ 0x8000000
    82e8:	1a000000 	bne	0x82f0
    82ec:	e3510000 	cmp	r1, #0
    82f0:	1a000003 	bne	0x8304
    82f4:	e2020001 	and	r0, r2, #1
    82f8:	e20b1000 	and	r1, fp, #0
    82fc:	e0902002 	adds	r2, r0, r2
    8300:	e0a1b00b 	adc	fp, r1, fp
    8304:	e3e0c000 	mvn	ip, #0
    8308:	e15c0002 	cmp	ip, r2
    830c:	e3e0c20f 	mvn	ip, #-268435456	@ 0xf0000000
    8310:	e3ccc6ff 	bic	ip, ip, #267386880	@ 0xff00000
    8314:	e0dcc00b 	sbcs	ip, ip, fp
    8318:	e3a00000 	mov	r0, #0
    831c:	33a00001 	movcc	r0, #1
    8320:	e1a01000 	mov	r1, r0
    8324:	e3500000 	cmp	r0, #0
    8328:	13a02000 	movne	r2, #0
    832c:	e1a0e00b 	mov	lr, fp
    8330:	13a0e000 	movne	lr, #0
    8334:	e5842000 	str	r2, [r4]
    8338:	e584e004 	str	lr, [r4, #4]
    833c:	e1a00001 	mov	r0, r1
    8340:	e3a01000 	mov	r1, #0
    8344:	e090e006 	adds	lr, r0, r6
    8348:	e584e024 	str	lr, [r4, #36]	@ 0x24
    834c:	e0a1e007 	adc	lr, r1, r7
    8350:	e584e028 	str	lr, [r4, #40]	@ 0x28
    8354:	ea0000ff 	b	0x8758
    8358:	e5943000 	ldr	r3, [r4]
    835c:	e5946004 	ldr	r6, [r4, #4]
    8360:	e594c024 	ldr	ip, [r4, #36]	@ 0x24
    8364:	e183300c 	orr	r3, r3, ip
    8368:	e594c028 	ldr	ip, [r4, #40]	@ 0x28
    836c:	e186600c 	orr	r6, r6, ip
    8370:	e193c006 	orrs	ip, r3, r6
    8374:	0a000019 	beq	0x83e0
    8378:	e3580000 	cmp	r8, #0
    837c:	1a000002 	bne	0x838c
    8380:	e3a0cc7f 	mov	ip, #32512	@ 0x7f00
    8384:	e38cc0ff 	orr	ip, ip, #255	@ 0xff
    8388:	e159000c 	cmp	r9, ip
    838c:	1a000013 	bne	0x83e0
    8390:	e594c004 	ldr	ip, [r4, #4]
    8394:	e1a03e2c 	lsr	r3, ip, #28
    8398:	e3a06000 	mov	r6, #0
    839c:	e594a028 	ldr	sl, [r4, #40]	@ 0x28
    83a0:	e5947024 	ldr	r7, [r4, #36]	@ 0x24
    83a4:	e1a0a20a 	lsl	sl, sl, #4
    83a8:	e18aae27 	orr	sl, sl, r7, lsr #28
    83ac:	e1a07207 	lsl	r7, r7, #4
    83b0:	e1833007 	orr	r3, r3, r7
    83b4:	e186600a 	orr	r6, r6, sl
    83b8:	e383e000 	orr	lr, r3, #0
    83bc:	e584e000 	str	lr, [r4]
    83c0:	e386ea80 	orr	lr, r6, #128, 20	@ 0x80000
    83c4:	e584e004 	str	lr, [r4, #4]
    83c8:	e3a0ec07 	mov	lr, #1792	@ 0x700
    83cc:	e38ee0ff 	orr	lr, lr, #255	@ 0xff
    83d0:	e584e024 	str	lr, [r4, #36]	@ 0x24
    83d4:	e3a0e000 	mov	lr, #0
    83d8:	e584e028 	str	lr, [r4, #40]	@ 0x28
    83dc:	ea0000dd 	b	0x8758
    83e0:	e594c014 	ldr	ip, [r4, #20]
    83e4:	e3a0ec43 	mov	lr, #17152	@ 0x4300
    83e8:	e38ee0fe 	orr	lr, lr, #254	@ 0xfe
    83ec:	e15c000e 	cmp	ip, lr
    83f0:	9a000009 	bls	0x841c
    83f4:	e3a0ec07 	mov	lr, #1792	@ 0x700
    83f8:	e38ee0ff 	orr	lr, lr, #255	@ 0xff
    83fc:	e584e024 	str	lr, [r4, #36]	@ 0x24
    8400:	e3a0e000 	mov	lr, #0
    8404:	e584e028 	str	lr, [r4, #40]	@ 0x28
    8408:	e3a0e000 	mov	lr, #0
    840c:	e584e000 	str	lr, [r4]
    8410:	e3a0e000 	mov	lr, #0
    8414:	e584e004 	str	lr, [r4, #4]
    8418:	ea0000ce 	b	0x8758
    841c:	e199c008 	orrs	ip, r9, r8
    8420:	e3a03000 	mov	r3, #0
    8424:	03a03001 	moveq	r3, #1
    8428:	e1a06003 	mov	r6, r3
    842c:	e3530000 	cmp	r3, #0
    8430:	e3a07df0 	mov	r7, #240, 26	@ 0x3c00
    8434:	e3a0cc3c 	mov	ip, #60, 24	@ 0x3c00
    8438:	e38cc001 	orr	ip, ip, #1
    843c:	01a0700c 	moveq	r7, ip
    8440:	e1a03007 	mov	r3, r7
    8444:	e594c014 	ldr	ip, [r4, #20]
    8448:	e047700c 	sub	r7, r7, ip
    844c:	e1a08007 	mov	r8, r7
    8450:	e3570070 	cmp	r7, #112	@ 0x70
    8454:	da000008 	ble	0x847c
    8458:	e3a0e000 	mov	lr, #0
    845c:	e584e000 	str	lr, [r4]
    8460:	e3a0e000 	mov	lr, #0
    8464:	e584e004 	str	lr, [r4, #4]
    8468:	e3a0e000 	mov	lr, #0
    846c:	e584e024 	str	lr, [r4, #36]	@ 0x24
    8470:	e3a0e000 	mov	lr, #0
    8474:	e584e028 	str	lr, [r4, #40]	@ 0x28
    8478:	ea0000b6 	b	0x8758
    847c:	e5947024 	ldr	r7, [r4, #36]	@ 0x24
    8480:	e5949028 	ldr	r9, [r4, #40]	@ 0x28
    8484:	e3877000 	orr	r7, r7, #0
    8488:	e3899b40 	orr	r9, r9, #64, 22	@ 0x10000
    848c:	e3560000 	cmp	r6, #0
    8490:	e594c024 	ldr	ip, [r4, #36]	@ 0x24
    8494:	11a0700c 	movne	r7, ip
    8498:	e594c028 	ldr	ip, [r4, #40]	@ 0x28
    849c:	11a0900c 	movne	r9, ip
    84a0:	e3a06000 	mov	r6, #0
    84a4:	e594c014 	ldr	ip, [r4, #20]
    84a8:	e153000c 	cmp	r3, ip
    84ac:	0a00005b 	beq	0x8620
    84b0:	e594c010 	ldr	ip, [r4, #16]
    84b4:	e28c3010 	add	r3, ip, #16
    84b8:	e268a080 	rsb	sl, r8, #128	@ 0x80
    84bc:	e5843058 	str	r3, [r4, #88]	@ 0x58
    84c0:	e5847024 	str	r7, [r4, #36]	@ 0x24
    84c4:	e5849028 	str	r9, [r4, #40]	@ 0x28
    84c8:	e584a06c 	str	sl, [r4, #108]	@ 0x6c
    84cc:	e59f00e0 	ldr	r0, [pc, #224]	@ 0x85b4
    84d0:	e1a01004 	mov	r1, r4
    84d4:	e59d2000 	ldr	r2, [sp]
    84d8:	e59fc0d8 	ldr	ip, [pc, #216]	@ 0x85b8
    84dc:	e12fff3c 	blx	ip
    84e0:	e3500000 	cmp	r0, #0
    84e4:	1a0000b6 	bne	0x87c4
    84e8:	e594b010 	ldr	fp, [r4, #16]
    84ec:	e5952030 	ldr	r2, [r5, #48]	@ 0x30
    84f0:	ea000031 	b	0x85bc
    84f4:	00000000 	andeq	r0, r0, r0
    84f8:	003fd5ec 	eorseq	sp, pc, ip, ror #11
    84fc:	000487b4 			@ <UNDEFINED> instruction: 0x000487b4
    8500:	003f7028 	eorseq	r7, pc, r8, lsr #32
    8504:	00047eac 	andeq	r7, r4, ip, lsr #29
    8508:	0040401c 	subeq	r4, r0, ip, lsl r0
    850c:	000487b4 			@ <UNDEFINED> instruction: 0x000487b4
    8510:	0101fffc 	strdeq	pc, [r1, -ip]
    8514:	00404070 	subeq	r4, r0, r0, ror r0
    8518:	000487b4 			@ <UNDEFINED> instruction: 0x000487b4
    851c:	00404134 	subeq	r4, r0, r4, lsr r1
    8520:	00404278 	subeq	r4, r0, r8, ror r2
    8524:	004043ec 	subeq	r4, r0, ip, ror #7
    8528:	004043f0 	strdeq	r4, [r0], #-48	@ 0xffffffd0
    852c:	000487b4 			@ <UNDEFINED> instruction: 0x000487b4
    8530:	0040441c 	subeq	r4, r0, ip, lsl r4
    8534:	00404434 	subeq	r4, r0, r4, lsr r4
    8538:	00047eac 	andeq	r7, r4, ip, lsr #29
    853c:	003f6738 	eorseq	r6, pc, r8, lsr r7	@ <UNPREDICTABLE>
    8540:	003f673c 	eorseq	r6, pc, ip, lsr r7	@ <UNPREDICTABLE>
    8544:	000487b4 			@ <UNDEFINED> instruction: 0x000487b4
    8548:	003f6758 	eorseq	r6, pc, r8, asr r7	@ <UNPREDICTABLE>
    854c:	00047eac 	andeq	r7, r4, ip, lsr #29
    8550:	003fdbd0 	ldrsbteq	sp, [pc], -r0
    8554:	004053fc 	strdeq	r5, [r0], #-60	@ 0xffffffc4
    8558:	000487b4 			@ <UNDEFINED> instruction: 0x000487b4
    855c:	0040540c 	subeq	r5, r0, ip, lsl #8
    8560:	000487b4 			@ <UNDEFINED> instruction: 0x000487b4
    8564:	0040541c 	subeq	r5, r0, ip, lsl r4
    8568:	000487b4 			@ <UNDEFINED> instruction: 0x000487b4
    856c:	00405434 	subeq	r5, r0, r4, lsr r4
    8570:	00047eac 	andeq	r7, r4, ip, lsr #29
    8574:	000487b4 			@ <UNDEFINED> instruction: 0x000487b4
    8578:	000487b4 			@ <UNDEFINED> instruction: 0x000487b4
    857c:	0101fff8 	strdeq	pc, [r1, -r8]
    8580:	00047eac 	andeq	r7, r4, ip, lsr #29
    8584:	003f9634 	eorseq	r9, pc, r4, lsr r6	@ <UNPREDICTABLE>
    8588:	000487b4 			@ <UNDEFINED> instruction: 0x000487b4
    858c:	003f9654 	eorseq	r9, pc, r4, asr r6	@ <UNPREDICTABLE>
    8590:	00047eac 	andeq	r7, r4, ip, lsr #29
    8594:	003eb320 	eorseq	fp, lr, r0, lsr #6
    8598:	003ffc94 	mlaseq	pc, r4, ip, pc	@ <UNPREDICTABLE>
    859c:	003fe794 	mlaseq	pc, r4, r7, lr	@ <UNPREDICTABLE>
    85a0:	003fb814 	eorseq	fp, pc, r4, lsl r8	@ <UNPREDICTABLE>
    85a4:	003feadc 	ldrsbteq	lr, [pc], -ip
    85a8:	00047eac 	andeq	r7, r4, ip, lsr #29
    85ac:	004047a4 	subeq	r4, r0, r4, lsr #15
    85b0:	00047eac 	andeq	r7, r4, ip, lsr #29
    85b4:	004060c8 	subeq	r6, r0, r8, asr #1
    85b8:	000487b4 			@ <UNDEFINED> instruction: 0x000487b4
    85bc:	e29bb010 	adds	fp, fp, #16
    85c0:	2a00007c 	bcs	0x87b8
    85c4:	e59fc5cc 	ldr	ip, [pc, #1484]	@ 0x8b98
    85c8:	e15b000c 	cmp	fp, ip
    85cc:	8a000079 	bhi	0x87b8
    85d0:	e082c00b 	add	ip, r2, fp
    85d4:	e59c3000 	ldr	r3, [ip]
    85d8:	e59ca004 	ldr	sl, [ip, #4]
    85dc:	e5941010 	ldr	r1, [r4, #16]
    85e0:	e5950030 	ldr	r0, [r5, #48]	@ 0x30
    85e4:	e2911018 	adds	r1, r1, #24
    85e8:	2a000072 	bcs	0x87b8
    85ec:	e59fc5a4 	ldr	ip, [pc, #1444]	@ 0x8b98
    85f0:	e151000c 	cmp	r1, ip
    85f4:	8a00006f 	bhi	0x87b8
    85f8:	e080c001 	add	ip, r0, r1
    85fc:	e59c2000 	ldr	r2, [ip]
    8600:	e59cb004 	ldr	fp, [ip, #4]
    8604:	e1833002 	orr	r3, r3, r2
    8608:	e18aa00b 	orr	sl, sl, fp
    860c:	e35a0000 	cmp	sl, #0
    8610:	1a000000 	bne	0x8618
    8614:	e3530000 	cmp	r3, #0
    8618:	e3a06000 	mov	r6, #0
    861c:	13a06001 	movne	r6, #1
    8620:	e5847024 	str	r7, [r4, #36]	@ 0x24
    8624:	e5849028 	str	r9, [r4, #40]	@ 0x28
    8628:	e5848020 	str	r8, [r4, #32]
    862c:	e59f0568 	ldr	r0, [pc, #1384]	@ 0x8b9c
    8630:	e1a01004 	mov	r1, r4
    8634:	e59d2000 	ldr	r2, [sp]
    8638:	e59fc560 	ldr	ip, [pc, #1376]	@ 0x8ba0
    863c:	e12fff3c 	blx	ip
    8640:	e3500000 	cmp	r0, #0
    8644:	1a00005e 	bne	0x87c4
    8648:	e5943010 	ldr	r3, [r4, #16]
    864c:	e5952030 	ldr	r2, [r5, #48]	@ 0x30
    8650:	e59fc540 	ldr	ip, [pc, #1344]	@ 0x8b98
    8654:	e153000c 	cmp	r3, ip
    8658:	8a000056 	bhi	0x87b8
    865c:	e082c003 	add	ip, r2, r3
    8660:	e59c0000 	ldr	r0, [ip]
    8664:	e59c1004 	ldr	r1, [ip, #4]
    8668:	e1a02000 	mov	r2, r0
    866c:	e1a03001 	mov	r3, r1
    8670:	e1a00e21 	lsr	r0, r1, #28
    8674:	e3a01000 	mov	r1, #0
    8678:	e594a010 	ldr	sl, [r4, #16]
    867c:	e5959030 	ldr	r9, [r5, #48]	@ 0x30
    8680:	e29aa008 	adds	sl, sl, #8
    8684:	2a00004b 	bcs	0x87b8
    8688:	e59fc508 	ldr	ip, [pc, #1288]	@ 0x8b98
    868c:	e15a000c 	cmp	sl, ip
    8690:	8a000048 	bhi	0x87b8
    8694:	e089c00a 	add	ip, r9, sl
    8698:	e59c7000 	ldr	r7, [ip]
    869c:	e59c8004 	ldr	r8, [ip, #4]
    86a0:	e1a08208 	lsl	r8, r8, #4
    86a4:	e1888e27 	orr	r8, r8, r7, lsr #28
    86a8:	e1a07207 	lsl	r7, r7, #4
    86ac:	e1800007 	orr	r0, r0, r7
    86b0:	e1811008 	orr	r1, r1, r8
    86b4:	e3c22000 	bic	r2, r2, #0
    86b8:	e3c334f0 	bic	r3, r3, #240, 8	@ 0xf0000000
    86bc:	e3a07000 	mov	r7, #0
    86c0:	e1822006 	orr	r2, r2, r6
    86c4:	e1833007 	orr	r3, r3, r7
    86c8:	e1a06002 	mov	r6, r2
    86cc:	e1a07003 	mov	r7, r3
    86d0:	e3520001 	cmp	r2, #1
    86d4:	e2d3c680 	sbcs	ip, r3, #128, 12	@ 0x8000000
    86d8:	3a000002 	bcc	0x86e8
    86dc:	e2900001 	adds	r0, r0, #1
    86e0:	e2a11000 	adc	r1, r1, #0
    86e4:	ea000007 	b	0x8708
    86e8:	e3570680 	cmp	r7, #128, 12	@ 0x8000000
    86ec:	1a000000 	bne	0x86f4
    86f0:	e3560000 	cmp	r6, #0
    86f4:	1a000003 	bne	0x8708
    86f8:	e2002001 	and	r2, r0, #1
    86fc:	e2013000 	and	r3, r1, #0
    8700:	e0920000 	adds	r0, r2, r0
    8704:	e0a31001 	adc	r1, r3, r1
    8708:	e2202000 	eor	r2, r0, #0
    870c:	e2213940 	eor	r3, r1, #64, 18	@ 0x100000
    8710:	e3e0c000 	mvn	ip, #0
    8714:	e15c0000 	cmp	ip, r0
    8718:	e3e0c20f 	mvn	ip, #-268435456	@ 0xf0000000
    871c:	e3ccc6ff 	bic	ip, ip, #267386880	@ 0xff00000
    8720:	e0dcc001 	sbcs	ip, ip, r1
    8724:	e3a06000 	mov	r6, #0
    8728:	33a06001 	movcc	r6, #1
    872c:	e1a07006 	mov	r7, r6
    8730:	e3560000 	cmp	r6, #0
    8734:	e1a08002 	mov	r8, r2
    8738:	01a08000 	moveq	r8, r0
    873c:	e1a0e003 	mov	lr, r3
    8740:	01a0e001 	moveq	lr, r1
    8744:	e5848000 	str	r8, [r4]
    8748:	e584e004 	str	lr, [r4, #4]
    874c:	e5847024 	str	r7, [r4, #36]	@ 0x24
    8750:	e3a0e000 	mov	lr, #0
    8754:	e584e028 	str	lr, [r4, #40]	@ 0x28
    8758:	e594c010 	ldr	ip, [r4, #16]
    875c:	e28c0020 	add	r0, ip, #32
    8760:	e595103c 	ldr	r1, [r5, #60]	@ 0x3c
    8764:	e5810008 	str	r0, [r1, #8]
    8768:	e594c024 	ldr	ip, [r4, #36]	@ 0x24
    876c:	e1a01a0c 	lsl	r1, ip, #20
    8770:	e3a00000 	mov	r0, #0
    8774:	e5942008 	ldr	r2, [r4, #8]
    8778:	e594300c 	ldr	r3, [r4, #12]
    877c:	e2022000 	and	r2, r2, #0
    8780:	e2033480 	and	r3, r3, #128, 8	@ 0x80000000
    8784:	e1800002 	orr	r0, r0, r2
    8788:	e1811003 	orr	r1, r1, r3
    878c:	e594c000 	ldr	ip, [r4]
    8790:	e180000c 	orr	r0, r0, ip
    8794:	e594c004 	ldr	ip, [r4, #4]
    8798:	e181100c 	orr	r1, r1, ip
    879c:	ec410a10 	vmov	s0, s1, r0, r1
    87a0:	ed840b16 	vstr	d0, [r4, #88]	@ 0x58
    87a4:	e59f03f8 	ldr	r0, [pc, #1016]	@ 0x8ba4
    87a8:	e30ccabc 	movw	ip, #51900	@ 0xcabc
    87ac:	e34ccdef 	movt	ip, #52719	@ 0xcdef
    87b0:	e28dd004 	add	sp, sp, #4
    87b4:	e8bd8fc0 	pop	{r6, r7, r8, r9, sl, fp, pc}
    87b8:	e3a00008 	mov	r0, #8
    87bc:	e59d1000 	ldr	r1, [sp]
    87c0:	e5810010 	str	r0, [r1, #16]
    87c4:	e59d0000 	ldr	r0, [sp]
    87c8:	e59d101c 	ldr	r1, [sp, #28]
    87cc:	e59fc3d4 	ldr	ip, [pc, #980]	@ 0x8ba8
    87d0:	e12fff3c 	blx	ip
    87d4:	e28dd004 	add	sp, sp, #4
    87d8:	e8bd0fc0 	pop	{r6, r7, r8, r9, sl, fp}
    87dc:	e28dd004 	add	sp, sp, #4
    87e0:	e12fff10 	bx	r0
    87e4:	e52de004 	push	{lr}		@ (str lr, [sp, #-4]!)
    87e8:	e24dd004 	sub	sp, sp, #4
    87ec:	e58d0000 	str	r0, [sp]
    87f0:	e30cc123 	movw	ip, #49443	@ 0xc123
    87f4:	e34cc456 	movt	ip, #50262	@ 0xc456
    87f8:	e5940000 	ldr	r0, [r4]
    87fc:	e595103c 	ldr	r1, [r5, #60]	@ 0x3c
    8800:	e5810008 	str	r0, [r1, #8]
    8804:	e59f03a0 	ldr	r0, [pc, #928]	@ 0x8bac
    8808:	e30ccabc 	movw	ip, #51900	@ 0xcabc
    880c:	e34ccdef 	movt	ip, #52719	@ 0xcdef
    8810:	e28dd004 	add	sp, sp, #4
    8814:	e49df004 	pop	{pc}		@ (ldr pc, [sp], #4)
    8818:	e52de004 	push	{lr}		@ (str lr, [sp, #-4]!)
    881c:	e24dd004 	sub	sp, sp, #4
    8820:	e58d0000 	str	r0, [sp]
    8824:	e30cc123 	movw	ip, #49443	@ 0xc123
    8828:	e34cc456 	movt	ip, #50262	@ 0xc456
    882c:	e595e03c 	ldr	lr, [r5, #60]	@ 0x3c
    8830:	e59e0008 	ldr	r0, [lr, #8]
    8834:	e5840000 	str	r0, [r4]
    8838:	e59f0370 	ldr	r0, [pc, #880]	@ 0x8bb0
    883c:	e30ccabc 	movw	ip, #51900	@ 0xcabc
    8840:	e34ccdef 	movt	ip, #52719	@ 0xcdef
    8844:	e28dd004 	add	sp, sp, #4
    8848:	e49df004 	pop	{pc}		@ (ldr pc, [sp], #4)
    884c:	e52de004 	push	{lr}		@ (str lr, [sp, #-4]!)
    8850:	e24dd004 	sub	sp, sp, #4
    8854:	e58d0000 	str	r0, [sp]
    8858:	e30cc123 	movw	ip, #49443	@ 0xc123
    885c:	e34cc456 	movt	ip, #50262	@ 0xc456
    8860:	e5940000 	ldr	r0, [r4]
    8864:	e3500099 	cmp	r0, #153	@ 0x99
    8868:	83a00000 	movhi	r0, #0
    886c:	e1a00080 	lsl	r0, r0, #1
    8870:	e1a02000 	mov	r2, r0
    8874:	e5951030 	ldr	r1, [r5, #48]	@ 0x30
    8878:	e3a0cb42 	mov	ip, #67584	@ 0x10800
    887c:	e38ccf68 	orr	ip, ip, #104, 30	@ 0x1a0
    8880:	e092200c 	adds	r2, r2, ip
    8884:	2a00000b 	bcs	0x88b8
    8888:	e59fc324 	ldr	ip, [pc, #804]	@ 0x8bb4
    888c:	e152000c 	cmp	r2, ip
    8890:	8a000008 	bhi	0x88b8
    8894:	e19100b2 	ldrh	r0, [r1, r2]
    8898:	e2800b40 	add	r0, r0, #64, 22	@ 0x10000
    889c:	e2800f8c 	add	r0, r0, #140, 30	@ 0x230
    88a0:	e5840018 	str	r0, [r4, #24]
    88a4:	e59f030c 	ldr	r0, [pc, #780]	@ 0x8bb8
    88a8:	e30ccabc 	movw	ip, #51900	@ 0xcabc
    88ac:	e34ccdef 	movt	ip, #52719	@ 0xcdef
    88b0:	e28dd004 	add	sp, sp, #4
    88b4:	e49df004 	pop	{pc}		@ (ldr pc, [sp], #4)
    88b8:	e3a00008 	mov	r0, #8
    88bc:	e59d1000 	ldr	r1, [sp]
    88c0:	e5810010 	str	r0, [r1, #16]
    88c4:	e59d0000 	ldr	r0, [sp]
    88c8:	e59d1004 	ldr	r1, [sp, #4]
    88cc:	e59fc2e8 	ldr	ip, [pc, #744]	@ 0x8bbc
    88d0:	e12fff3c 	blx	ip
    88d4:	e28dd008 	add	sp, sp, #8
    88d8:	e12fff10 	bx	r0
    88dc:	e52de004 	push	{lr}		@ (str lr, [sp, #-4]!)
    88e0:	e24dd004 	sub	sp, sp, #4
    88e4:	e58d0000 	str	r0, [sp]
    88e8:	e30cc123 	movw	ip, #49443	@ 0xc123
    88ec:	e34cc456 	movt	ip, #50262	@ 0xc456
    88f0:	e5940000 	ldr	r0, [r4]
    88f4:	e5840000 	str	r0, [r4]
    88f8:	e5840000 	str	r0, [r4]
    88fc:	e59f02bc 	ldr	r0, [pc, #700]	@ 0x8bc0
    8900:	e1a01004 	mov	r1, r4
    8904:	e59d2000 	ldr	r2, [sp]
    8908:	e59fc2b4 	ldr	ip, [pc, #692]	@ 0x8bc4
    890c:	e12fff3c 	blx	ip
    8910:	e3500000 	cmp	r0, #0
    8914:	1a000006 	bne	0x8934
    8918:	e5940004 	ldr	r0, [r4, #4]
    891c:	e5840004 	str	r0, [r4, #4]
    8920:	e59f02a0 	ldr	r0, [pc, #672]	@ 0x8bc8
    8924:	e30ccabc 	movw	ip, #51900	@ 0xcabc
    8928:	e34ccdef 	movt	ip, #52719	@ 0xcdef
    892c:	e28dd004 	add	sp, sp, #4
    8930:	e49df004 	pop	{pc}		@ (ldr pc, [sp], #4)
    8934:	e59d0000 	ldr	r0, [sp]
    8938:	e59d1004 	ldr	r1, [sp, #4]
    893c:	e59fc288 	ldr	ip, [pc, #648]	@ 0x8bcc
    8940:	e12fff3c 	blx	ip
    8944:	e28dd008 	add	sp, sp, #8
    8948:	e12fff10 	bx	r0
    894c:	e52de004 	push	{lr}		@ (str lr, [sp, #-4]!)
    8950:	e24dd004 	sub	sp, sp, #4
    8954:	e58d0000 	str	r0, [sp]
    8958:	e30cc123 	movw	ip, #49443	@ 0xc123
    895c:	e34cc456 	movt	ip, #50262	@ 0xc456
    8960:	e3a0e001 	mov	lr, #1
    8964:	e584e000 	str	lr, [r4]
    8968:	e59f0260 	ldr	r0, [pc, #608]	@ 0x8bd0
    896c:	e30ccabc 	movw	ip, #51900	@ 0xcabc
    8970:	e34ccdef 	movt	ip, #52719	@ 0xcdef
    8974:	e28dd004 	add	sp, sp, #4
    8978:	e49df004 	pop	{pc}		@ (ldr pc, [sp], #4)
    897c:	e52de004 	push	{lr}		@ (str lr, [sp, #-4]!)
    8980:	e24dd004 	sub	sp, sp, #4
    8984:	e58d0000 	str	r0, [sp]
    8988:	e30cc123 	movw	ip, #49443	@ 0xc123
    898c:	e34cc456 	movt	ip, #50262	@ 0xc456
    8990:	e1a0e005 	mov	lr, r5
    8994:	e59e005c 	ldr	r0, [lr, #92]	@ 0x5c
    8998:	e5840000 	str	r0, [r4]
    899c:	e59f0230 	ldr	r0, [pc, #560]	@ 0x8bd4
    89a0:	e30ccabc 	movw	ip, #51900	@ 0xcabc
    89a4:	e34ccdef 	movt	ip, #52719	@ 0xcdef
    89a8:	e28dd004 	add	sp, sp, #4
    89ac:	e49df004 	pop	{pc}		@ (ldr pc, [sp], #4)
    89b0:	e52de004 	push	{lr}		@ (str lr, [sp, #-4]!)
    89b4:	e24dd004 	sub	sp, sp, #4
    89b8:	e58d0000 	str	r0, [sp]
    89bc:	e30cc123 	movw	ip, #49443	@ 0xc123
    89c0:	e34cc456 	movt	ip, #50262	@ 0xc456
    89c4:	e1a0e005 	mov	lr, r5
    89c8:	e59e0080 	ldr	r0, [lr, #128]	@ 0x80
    89cc:	e5840000 	str	r0, [r4]
    89d0:	e59f0200 	ldr	r0, [pc, #512]	@ 0x8bd8
    89d4:	e30ccabc 	movw	ip, #51900	@ 0xcabc
    89d8:	e34ccdef 	movt	ip, #52719	@ 0xcdef
    89dc:	e28dd004 	add	sp, sp, #4
    89e0:	e49df004 	pop	{pc}		@ (ldr pc, [sp], #4)
    89e4:	e52de004 	push	{lr}		@ (str lr, [sp, #-4]!)
    89e8:	e24dd004 	sub	sp, sp, #4
    89ec:	e58d0000 	str	r0, [sp]
    89f0:	e30cc123 	movw	ip, #49443	@ 0xc123
    89f4:	e34cc456 	movt	ip, #50262	@ 0xc456
    89f8:	e1a0e005 	mov	lr, r5
    89fc:	e59e007c 	ldr	r0, [lr, #124]	@ 0x7c
    8a00:	e5840000 	str	r0, [r4]
    8a04:	e59f01d0 	ldr	r0, [pc, #464]	@ 0x8bdc
    8a08:	e30ccabc 	movw	ip, #51900	@ 0xcabc
    8a0c:	e34ccdef 	movt	ip, #52719	@ 0xcdef
    8a10:	e28dd004 	add	sp, sp, #4
    8a14:	e49df004 	pop	{pc}		@ (ldr pc, [sp], #4)
    8a18:	e52de004 	push	{lr}		@ (str lr, [sp, #-4]!)
    8a1c:	e24dd004 	sub	sp, sp, #4
    8a20:	e58d0000 	str	r0, [sp]
    8a24:	e30cc123 	movw	ip, #49443	@ 0xc123
    8a28:	e34cc456 	movt	ip, #50262	@ 0xc456
    8a2c:	e1a0e005 	mov	lr, r5
    8a30:	e59e0084 	ldr	r0, [lr, #132]	@ 0x84
    8a34:	e5840000 	str	r0, [r4]
    8a38:	e59f01a0 	ldr	r0, [pc, #416]	@ 0x8be0
    8a3c:	e30ccabc 	movw	ip, #51900	@ 0xcabc
    8a40:	e34ccdef 	movt	ip, #52719	@ 0xcdef
    8a44:	e28dd004 	add	sp, sp, #4
    8a48:	e49df004 	pop	{pc}		@ (ldr pc, [sp], #4)
    8a4c:	e52de004 	push	{lr}		@ (str lr, [sp, #-4]!)
    8a50:	e24dd004 	sub	sp, sp, #4
    8a54:	e58d0000 	str	r0, [sp]
    8a58:	e30cc123 	movw	ip, #49443	@ 0xc123
    8a5c:	e34cc456 	movt	ip, #50262	@ 0xc456
    8a60:	e1a0e005 	mov	lr, r5
    8a64:	e59e00ec 	ldr	r0, [lr, #236]	@ 0xec
    8a68:	e5840000 	str	r0, [r4]
    8a6c:	e59f0170 	ldr	r0, [pc, #368]	@ 0x8be4
    8a70:	e30ccabc 	movw	ip, #51900	@ 0xcabc
    8a74:	e34ccdef 	movt	ip, #52719	@ 0xcdef
    8a78:	e28dd004 	add	sp, sp, #4
    8a7c:	e49df004 	pop	{pc}		@ (ldr pc, [sp], #4)
    8a80:	e52de004 	push	{lr}		@ (str lr, [sp, #-4]!)
    8a84:	e24dd004 	sub	sp, sp, #4
    8a88:	e58d0000 	str	r0, [sp]
    8a8c:	e30cc123 	movw	ip, #49443	@ 0xc123
    8a90:	e34cc456 	movt	ip, #50262	@ 0xc456
    8a94:	e1a0e005 	mov	lr, r5
    8a98:	e59e00f0 	ldr	r0, [lr, #240]	@ 0xf0
    8a9c:	e5840000 	str	r0, [r4]
    8aa0:	e59f0140 	ldr	r0, [pc, #320]	@ 0x8be8
    8aa4:	e30ccabc 	movw	ip, #51900	@ 0xcabc
    8aa8:	e34ccdef 	movt	ip, #52719	@ 0xcdef
    8aac:	e28dd004 	add	sp, sp, #4
    8ab0:	e49df004 	pop	{pc}		@ (ldr pc, [sp], #4)
    8ab4:	e52de004 	push	{lr}		@ (str lr, [sp, #-4]!)
    8ab8:	e24dd004 	sub	sp, sp, #4
    8abc:	e58d0000 	str	r0, [sp]
    8ac0:	e30cc123 	movw	ip, #49443	@ 0xc123
    8ac4:	e34cc456 	movt	ip, #50262	@ 0xc456
    8ac8:	e1a0e005 	mov	lr, r5
    8acc:	e59e0118 	ldr	r0, [lr, #280]	@ 0x118
    8ad0:	e5840000 	str	r0, [r4]
    8ad4:	e59f0110 	ldr	r0, [pc, #272]	@ 0x8bec
    8ad8:	e30ccabc 	movw	ip, #51900	@ 0xcabc
    8adc:	e34ccdef 	movt	ip, #52719	@ 0xcdef
    8ae0:	e28dd004 	add	sp, sp, #4
    8ae4:	e49df004 	pop	{pc}		@ (ldr pc, [sp], #4)
    8ae8:	e52de004 	push	{lr}		@ (str lr, [sp, #-4]!)
    8aec:	e24dd004 	sub	sp, sp, #4
    8af0:	e58d0000 	str	r0, [sp]
    8af4:	e30cc123 	movw	ip, #49443	@ 0xc123
    8af8:	e34cc456 	movt	ip, #50262	@ 0xc456
    8afc:	e1a0e005 	mov	lr, r5
    8b00:	e59e0120 	ldr	r0, [lr, #288]	@ 0x120
    8b04:	e5840000 	str	r0, [r4]
    8b08:	e59f00e0 	ldr	r0, [pc, #224]	@ 0x8bf0
    8b0c:	e30ccabc 	movw	ip, #51900	@ 0xcabc
    8b10:	e34ccdef 	movt	ip, #52719	@ 0xcdef
    8b14:	e28dd004 	add	sp, sp, #4
    8b18:	e49df004 	pop	{pc}		@ (ldr pc, [sp], #4)
    8b1c:	e52de004 	push	{lr}		@ (str lr, [sp, #-4]!)
    8b20:	e24dd004 	sub	sp, sp, #4
    8b24:	e58d0000 	str	r0, [sp]
    8b28:	e30cc123 	movw	ip, #49443	@ 0xc123
    8b2c:	e34cc456 	movt	ip, #50262	@ 0xc456
    8b30:	e3a0eb40 	mov	lr, #64, 22	@ 0x10000
    8b34:	e584e000 	str	lr, [r4]
    8b38:	e3a009ff 	mov	r0, #4177920	@ 0x3fc000
    8b3c:	e3800fbd 	orr	r0, r0, #756	@ 0x2f4
    8b40:	e30ccabc 	movw	ip, #51900	@ 0xcabc
    8b44:	e34ccdef 	movt	ip, #52719	@ 0xcdef
    8b48:	e28dd004 	add	sp, sp, #4
    8b4c:	e49df004 	pop	{pc}		@ (ldr pc, [sp], #4)
    8b50:	e52de004 	push	{lr}		@ (str lr, [sp, #-4]!)
    8b54:	e24dd004 	sub	sp, sp, #4
    8b58:	e58d0000 	str	r0, [sp]
    8b5c:	e30cc123 	movw	ip, #49443	@ 0xc123
    8b60:	e34cc456 	movt	ip, #50262	@ 0xc456
    8b64:	e3a0eb42 	mov	lr, #67584	@ 0x10800
    8b68:	e38eefb6 	orr	lr, lr, #728	@ 0x2d8
    8b6c:	e584e000 	str	lr, [r4]
    8b70:	e59f007c 	ldr	r0, [pc, #124]	@ 0x8bf4
    8b74:	e30ccabc 	movw	ip, #51900	@ 0xcabc
    8b78:	e34ccdef 	movt	ip, #52719	@ 0xcdef
    8b7c:	e28dd004 	add	sp, sp, #4
    8b80:	e49df004 	pop	{pc}		@ (ldr pc, [sp], #4)
    8b84:	ea00001b 	b	0x8bf8
	...
    8b98:	0101fff8 	strdeq	pc, [r1, -r8]
    8b9c:	00406120 	subeq	r6, r0, r0, lsr #2
    8ba0:	000487b4 			@ <UNDEFINED> instruction: 0x000487b4
    8ba4:	0040633c 	subeq	r6, r0, ip, lsr r3
    8ba8:	00047eac 	andeq	r7, r4, ip, lsr #29
    8bac:	003fa0c4 	eorseq	sl, pc, r4, asr #1
    8bb0:	003fc494 	mlaseq	pc, r4, r4, ip	@ <UNPREDICTABLE>
    8bb4:	0101fffe 	strdeq	pc, [r1, -lr]
    8bb8:	003f73e0 	eorseq	r7, pc, r0, ror #7
    8bbc:	00047eac 	andeq	r7, r4, ip, lsr #29
    8bc0:	004048f8 	strdeq	r4, [r0], #-136	@ 0xffffff78
    8bc4:	000487b4 			@ <UNDEFINED> instruction: 0x000487b4
    8bc8:	00404914 	subeq	r4, r0, r4, lsl r9
    8bcc:	00047eac 	andeq	r7, r4, ip, lsr #29
    8bd0:	003f5b6c 	eorseq	r5, pc, ip, ror #22
    8bd4:	003f627c 	eorseq	r6, pc, ip, ror r2	@ <UNPREDICTABLE>
    8bd8:	003f6304 	eorseq	r6, pc, r4, lsl #6
    8bdc:	003f638c 	eorseq	r6, pc, ip, lsl #7
    8be0:	003f6414 	eorseq	r6, pc, r4, lsl r4	@ <UNPREDICTABLE>
    8be4:	003f649c 	mlaseq	pc, ip, r4, r6	@ <UNPREDICTABLE>
    8be8:	003f6524 	eorseq	r6, pc, r4, lsr #10
    8bec:	003f65ac 	eorseq	r6, pc, ip, lsr #11
    8bf0:	003f6634 	eorseq	r6, pc, r4, lsr r6	@ <UNPREDICTABLE>
    8bf4:	004048cc 	subeq	r4, r0, ip, asr #17
    8bf8:	e1a00000 	nop			@ (mov r0, r0)
    8bfc:	e1a00000 	nop			@ (mov r0, r0)
    8c00:	e1a00000 	nop			@ (mov r0, r0)
    8c04:	e1a00000 	nop			@ (mov r0, r0)
    8c08:	e1a00000 	nop			@ (mov r0, r0)
    8c0c:	e1a00000 	nop			@ (mov r0, r0)
    8c10:	e1a00000 	nop			@ (mov r0, r0)
    8c14:	e1a00000 	nop			@ (mov r0, r0)
    8c18:	e1a00000 	nop			@ (mov r0, r0)
    8c1c:	e1a00000 	nop			@ (mov r0, r0)
    8c20:	e1a00000 	nop			@ (mov r0, r0)
    8c24:	e1a00000 	nop			@ (mov r0, r0)
    8c28:	e1a00000 	nop			@ (mov r0, r0)
    8c2c:	e1a00000 	nop			@ (mov r0, r0)
    8c30:	e1a00000 	nop			@ (mov r0, r0)
    8c34:	e1a00000 	nop			@ (mov r0, r0)
    8c38:	e1a00000 	nop			@ (mov r0, r0)
    8c3c:	e1a00000 	nop			@ (mov r0, r0)
    8c40:	e1a00000 	nop			@ (mov r0, r0)
    8c44:	e1a00000 	nop			@ (mov r0, r0)
    8c48:	e1a00000 	nop			@ (mov r0, r0)
    8c4c:	e1a00000 	nop			@ (mov r0, r0)
    8c50:	e1a00000 	nop			@ (mov r0, r0)
    8c54:	e1a00000 	nop			@ (mov r0, r0)
    8c58:	e1a00000 	nop			@ (mov r0, r0)
    8c5c:	e1a00000 	nop			@ (mov r0, r0)
    8c60:	e1a00000 	nop			@ (mov r0, r0)
    8c64:	e1a00000 	nop			@ (mov r0, r0)
    8c68:	e1a00000 	nop			@ (mov r0, r0)
    8c6c:	e1a00000 	nop			@ (mov r0, r0)
    8c70:	e1a00000 	nop			@ (mov r0, r0)
    8c74:	e1a00000 	nop			@ (mov r0, r0)
    8c78:	e1a00000 	nop			@ (mov r0, r0)
    8c7c:	e1a00000 	nop			@ (mov r0, r0)
    8c80:	e1a00000 	nop			@ (mov r0, r0)
    8c84:	e1a00000 	nop			@ (mov r0, r0)
    8c88:	e1a00000 	nop			@ (mov r0, r0)
    8c8c:	e1a00000 	nop			@ (mov r0, r0)
    8c90:	e1a00000 	nop			@ (mov r0, r0)
    8c94:	e1a00000 	nop			@ (mov r0, r0)
    8c98:	e1a00000 	nop			@ (mov r0, r0)
    8c9c:	e1a00000 	nop			@ (mov r0, r0)
    8ca0:	e1a00000 	nop			@ (mov r0, r0)
    8ca4:	e1a00000 	nop			@ (mov r0, r0)
    8ca8:	e1a00000 	nop			@ (mov r0, r0)
    8cac:	e1a00000 	nop			@ (mov r0, r0)
    8cb0:	e1a00000 	nop			@ (mov r0, r0)
    8cb4:	e1a00000 	nop			@ (mov r0, r0)
    8cb8:	e1a00000 	nop			@ (mov r0, r0)
    8cbc:	e1a00000 	nop			@ (mov r0, r0)
    8cc0:	e1a00000 	nop			@ (mov r0, r0)
    8cc4:	e1a00000 	nop			@ (mov r0, r0)
    8cc8:	e1a00000 	nop			@ (mov r0, r0)
    8ccc:	e1a00000 	nop			@ (mov r0, r0)
    8cd0:	e1a00000 	nop			@ (mov r0, r0)
    8cd4:	e1a00000 	nop			@ (mov r0, r0)
    8cd8:	e1a00000 	nop			@ (mov r0, r0)
    8cdc:	e1a00000 	nop			@ (mov r0, r0)
    8ce0:	e1a00000 	nop			@ (mov r0, r0)
    8ce4:	e1a00000 	nop			@ (mov r0, r0)
    8ce8:	e1a00000 	nop			@ (mov r0, r0)
    8cec:	e1a00000 	nop			@ (mov r0, r0)
    8cf0:	e1a00000 	nop			@ (mov r0, r0)
    8cf4:	e1a00000 	nop			@ (mov r0, r0)
    8cf8:	e1a00000 	nop			@ (mov r0, r0)
    8cfc:	e1a00000 	nop			@ (mov r0, r0)
    8d00:	e1a00000 	nop			@ (mov r0, r0)
    8d04:	e1a00000 	nop			@ (mov r0, r0)
    8d08:	e1a00000 	nop			@ (mov r0, r0)
    8d0c:	e1a00000 	nop			@ (mov r0, r0)
