
/tmp/jit_dump.bin:     file format binary


Disassembly of section .data:

00000000 <.data>:
       0:	e92d4030 	push	{r4, r5, lr}
       4:	e1a04001 	mov	r4, r1
       8:	e24dd004 	sub	sp, sp, #4
       c:	e5905008 	ldr	r5, [r0, #8]
      10:	e12fff32 	blx	r2
      14:	e28dd004 	add	sp, sp, #4
      18:	e8bd8030 	pop	{r4, r5, pc}
      1c:	e52de004 	push	{lr}		@ (str lr, [sp, #-4]!)
      20:	e24dd004 	sub	sp, sp, #4
      24:	e58d0000 	str	r0, [sp]
      28:	e30cc123 	movw	ip, #49443	@ 0xc123
      2c:	e34cc456 	movt	ip, #50262	@ 0xc456
      30:	e59f0fe0 	ldr	r0, [pc, #4064]	@ 0x1018
      34:	e1a01004 	mov	r1, r4
      38:	e59d2000 	ldr	r2, [sp]
      3c:	e59fcfd8 	ldr	ip, [pc, #4056]	@ 0x101c
      40:	e12fff3c 	blx	ip
      44:	e3500000 	cmp	r0, #0
      48:	1a00000c 	bne	0x80
      4c:	e59f0fcc 	ldr	r0, [pc, #4044]	@ 0x1020
      50:	e1a01004 	mov	r1, r4
      54:	e59d2000 	ldr	r2, [sp]
      58:	e59fcfc4 	ldr	ip, [pc, #4036]	@ 0x1024
      5c:	e12fff3c 	blx	ip
      60:	e3500000 	cmp	r0, #0
      64:	1a000005 	bne	0x80
      68:	e3a009fd 	mov	r0, #4145152	@ 0x3f4000
      6c:	e3800da9 	orr	r0, r0, #10816	@ 0x2a40
      70:	e30ccabc 	movw	ip, #51900	@ 0xcabc
      74:	e34ccdef 	movt	ip, #52719	@ 0xcdef
      78:	e28dd004 	add	sp, sp, #4
      7c:	e49df004 	pop	{pc}		@ (ldr pc, [sp], #4)
      80:	e59d0000 	ldr	r0, [sp]
      84:	e59d1004 	ldr	r1, [sp, #4]
      88:	e59fcf98 	ldr	ip, [pc, #3992]	@ 0x1028
      8c:	e12fff3c 	blx	ip
      90:	e28dd008 	add	sp, sp, #8
      94:	e12fff10 	bx	r0
      98:	e92d4040 	push	{r6, lr}
      9c:	e24dd008 	sub	sp, sp, #8
      a0:	e58d0000 	str	r0, [sp]
      a4:	e30cc123 	movw	ip, #49443	@ 0xc123
      a8:	e34cc456 	movt	ip, #50262	@ 0xc456
      ac:	e595e03c 	ldr	lr, [r5, #60]	@ 0x3c
      b0:	e59e0008 	ldr	r0, [lr, #8]
      b4:	e2406030 	sub	r6, r0, #48	@ 0x30
      b8:	e595003c 	ldr	r0, [r5, #60]	@ 0x3c
      bc:	e5806008 	str	r6, [r0, #8]
      c0:	e1a01006 	mov	r1, r6
      c4:	e5950030 	ldr	r0, [r5, #48]	@ 0x30
      c8:	e59fef5c 	ldr	lr, [pc, #3932]	@ 0x102c
      cc:	e7f1e2fc 	udf	#7724	@ 0x1e2c
      d0:	2a0001b6 	bcs	0x7b0
      d4:	e3a02000 	mov	r2, #0
      d8:	e7d201f4 			@ <UNDEFINED> instruction: 0xe7d201f4
      dc:	e3a009fe 	mov	r0, #4161536	@ 0x3f8000
      e0:	e3800ed1 	orr	r0, r0, #3344	@ 0xd10
      e4:	e1a01004 	mov	r1, r4
      e8:	e59d2000 	ldr	r2, [sp]
      ec:	e59fcf3c 	ldr	ip, [pc, #3900]	@ 0x1030
      f0:	e12fff3c 	blx	ip
      f4:	e3500000 	cmp	r0, #0
      f8:	1a0001af 	bne	0x7bc
      fc:	e1a01006 	mov	r1, r6
     100:	e5950030 	ldr	r0, [r5, #48]	@ 0x30
     104:	e59fef20 	ldr	lr, [pc, #3872]	@ 0x102c
     108:	e7f1e2f8 	udf	#7720	@ 0x1e28
     10c:	2a0001a7 	bcs	0x7b0
     110:	e3a02000 	mov	r2, #0
     114:	e7d201f4 			@ <UNDEFINED> instruction: 0xe7d201f4
     118:	e1a01006 	mov	r1, r6
     11c:	e5950030 	ldr	r0, [r5, #48]	@ 0x30
     120:	e59fef04 	ldr	lr, [pc, #3844]	@ 0x102c
     124:	e7f1e2f4 	udf	#7716	@ 0x1e24
     128:	2a0001a0 	bcs	0x7b0
     12c:	e3a02000 	mov	r2, #0
     130:	e7d201f4 			@ <UNDEFINED> instruction: 0xe7d201f4
     134:	e1a01006 	mov	r1, r6
     138:	e5950030 	ldr	r0, [r5, #48]	@ 0x30
     13c:	e59feee8 	ldr	lr, [pc, #3816]	@ 0x102c
     140:	e7f1e2f0 	udf	#7712	@ 0x1e20
     144:	2a000199 	bcs	0x7b0
     148:	e3a02000 	mov	r2, #0
     14c:	e7d201f4 			@ <UNDEFINED> instruction: 0xe7d201f4
     150:	e1a02006 	mov	r2, r6
     154:	e5951030 	ldr	r1, [r5, #48]	@ 0x30
     158:	e59feecc 	ldr	lr, [pc, #3788]	@ 0x102c
     15c:	e7f2e2f0 	udf	#11808	@ 0x2e20
     160:	2a000192 	bcs	0x7b0
     164:	e7e012f4 			@ <UNDEFINED> instruction: 0xe7e012f4
     168:	e3500d80 	cmp	r0, #128, 26	@ 0x2000
     16c:	e3a00000 	mov	r0, #0
     170:	b3a00001 	movlt	r0, #1
     174:	e3100001 	tst	r0, #1
     178:	0a00009b 	beq	0x3ec
     17c:	e1a02006 	mov	r2, r6
     180:	e5951030 	ldr	r1, [r5, #48]	@ 0x30
     184:	e59feea0 	ldr	lr, [pc, #3744]	@ 0x102c
     188:	e7f2e2f0 	udf	#11808	@ 0x2e20
     18c:	2a000187 	bcs	0x7b0
     190:	e7e012f4 			@ <UNDEFINED> instruction: 0xe7e012f4
     194:	e1a02000 	mov	r2, r0
     198:	e5951030 	ldr	r1, [r5, #48]	@ 0x30
     19c:	e3e0e4fe 	mvn	lr, #-33554432	@ 0xfe000000
     1a0:	e3cee8fe 	bic	lr, lr, #16646144	@ 0xfe0000
     1a4:	e3a0cb43 	mov	ip, #68608	@ 0x10c00
     1a8:	e38cc180 	orr	ip, ip, #128, 2
     1ac:	e092200c 	adds	r2, r2, ip
     1b0:	2a00017e 	bcs	0x7b0
     1b4:	e3e0c4fe 	mvn	ip, #-33554432	@ 0xfe000000
     1b8:	e3ccc8fe 	bic	ip, ip, #16646144	@ 0xfe0000
     1bc:	e152000c 	cmp	r2, ip
     1c0:	8a00017a 	bhi	0x7b0
     1c4:	e7e012f0 			@ <UNDEFINED> instruction: 0xe7e012f0
     1c8:	e1a02006 	mov	r2, r6
     1cc:	e5951030 	ldr	r1, [r5, #48]	@ 0x30
     1d0:	e3e0e4fe 	mvn	lr, #-33554432	@ 0xfe000000
     1d4:	e3cee8fe 	bic	lr, lr, #16646144	@ 0xfe0000
     1d8:	e7f2e1ff 	udf	#11807	@ 0x2e1f
     1dc:	2a000173 	bcs	0x7b0
     1e0:	e7d012f0 			@ <UNDEFINED> instruction: 0xe7d012f0
     1e4:	e1a02006 	mov	r2, r6
     1e8:	e5951030 	ldr	r1, [r5, #48]	@ 0x30
     1ec:	e3e0e4fe 	mvn	lr, #-33554432	@ 0xfe000000
     1f0:	e3cee8fe 	bic	lr, lr, #16646144	@ 0xfe0000
     1f4:	e7f2e1ff 	udf	#11807	@ 0x2e1f
     1f8:	2a00016c 	bcs	0x7b0
     1fc:	e7e012f0 			@ <UNDEFINED> instruction: 0xe7e012f0
     200:	e20000ff 	and	r0, r0, #255	@ 0xff
     204:	e1a03006 	mov	r3, r6
     208:	e5952030 	ldr	r2, [r5, #48]	@ 0x30
     20c:	e59fee18 	ldr	lr, [pc, #3608]	@ 0x102c
     210:	e7f3e2f4 	udf	#15908	@ 0x3e24
     214:	2a000165 	bcs	0x7b0
     218:	e7e123f4 			@ <UNDEFINED> instruction: 0xe7e123f4
     21c:	e201103f 	and	r1, r1, #63	@ 0x3f
     220:	e0200001 	eor	r0, r0, r1
     224:	e20000ff 	and	r0, r0, #255	@ 0xff
     228:	e1a03006 	mov	r3, r6
     22c:	e5952030 	ldr	r2, [r5, #48]	@ 0x30
     230:	e59fedf4 	ldr	lr, [pc, #3572]	@ 0x102c
     234:	e7f3e2f4 	udf	#15908	@ 0x3e24
     238:	2a00015c 	bcs	0x7b0
     23c:	e7e123f4 			@ <UNDEFINED> instruction: 0xe7e123f4
     240:	e0200001 	eor	r0, r0, r1
     244:	e1a02006 	mov	r2, r6
     248:	e5951030 	ldr	r1, [r5, #48]	@ 0x30
     24c:	e59fedd8 	ldr	lr, [pc, #3544]	@ 0x102c
     250:	e7f2e2f4 	udf	#11812	@ 0x2e24
     254:	2a000155 	bcs	0x7b0
     258:	e7d012f4 			@ <UNDEFINED> instruction: 0xe7d012f4
     25c:	e1a02006 	mov	r2, r6
     260:	e5951030 	ldr	r1, [r5, #48]	@ 0x30
     264:	e3e0e4fe 	mvn	lr, #-33554432	@ 0xfe000000
     268:	e3cee8fe 	bic	lr, lr, #16646144	@ 0xfe0000
     26c:	e7f2e1ff 	udf	#11807	@ 0x2e1f
     270:	2a00014e 	bcs	0x7b0
     274:	e7e012f0 			@ <UNDEFINED> instruction: 0xe7e012f0
     278:	e20000ff 	and	r0, r0, #255	@ 0xff
     27c:	e1a03006 	mov	r3, r6
     280:	e5952030 	ldr	r2, [r5, #48]	@ 0x30
     284:	e59feda0 	ldr	lr, [pc, #3488]	@ 0x102c
     288:	e7f3e2f4 	udf	#15908	@ 0x3e24
     28c:	2a000147 	bcs	0x7b0
     290:	e7e123f4 			@ <UNDEFINED> instruction: 0xe7e123f4
     294:	e201100f 	and	r1, r1, #15
     298:	e0200001 	eor	r0, r0, r1
     29c:	e1a03006 	mov	r3, r6
     2a0:	e5952030 	ldr	r2, [r5, #48]	@ 0x30
     2a4:	e59fed80 	ldr	lr, [pc, #3456]	@ 0x102c
     2a8:	e7f3e2f0 	udf	#15904	@ 0x3e20
     2ac:	2a00013f 	bcs	0x7b0
     2b0:	e7e123f4 			@ <UNDEFINED> instruction: 0xe7e123f4
     2b4:	e5952030 	ldr	r2, [r5, #48]	@ 0x30
     2b8:	e3e0e4fe 	mvn	lr, #-33554432	@ 0xfe000000
     2bc:	e3cee8fe 	bic	lr, lr, #16646144	@ 0xfe0000
     2c0:	e3a0cb43 	mov	ip, #68608	@ 0x10c00
     2c4:	e38cc180 	orr	ip, ip, #128, 2
     2c8:	e091100c 	adds	r1, r1, ip
     2cc:	2a000137 	bcs	0x7b0
     2d0:	e3e0c4fe 	mvn	ip, #-33554432	@ 0xfe000000
     2d4:	e3ccc8fe 	bic	ip, ip, #16646144	@ 0xfe0000
     2d8:	e151000c 	cmp	r1, ip
     2dc:	8a000133 	bhi	0x7b0
     2e0:	e7d021f0 			@ <UNDEFINED> instruction: 0xe7d021f0
     2e4:	e1a02006 	mov	r2, r6
     2e8:	e5951030 	ldr	r1, [r5, #48]	@ 0x30
     2ec:	e59fed38 	ldr	lr, [pc, #3384]	@ 0x102c
     2f0:	e7f2e2f4 	udf	#11812	@ 0x2e24
     2f4:	2a00012d 	bcs	0x7b0
     2f8:	e7e012f4 			@ <UNDEFINED> instruction: 0xe7e012f4
     2fc:	e1a03006 	mov	r3, r6
     300:	e5952030 	ldr	r2, [r5, #48]	@ 0x30
     304:	e59fed20 	ldr	lr, [pc, #3360]	@ 0x102c
     308:	e7f3e2f8 	udf	#15912	@ 0x3e28
     30c:	2a000127 	bcs	0x7b0
     310:	e7e123f4 			@ <UNDEFINED> instruction: 0xe7e123f4
     314:	e0800001 	add	r0, r0, r1
     318:	e1a02006 	mov	r2, r6
     31c:	e5951030 	ldr	r1, [r5, #48]	@ 0x30
     320:	e59fed04 	ldr	lr, [pc, #3332]	@ 0x102c
     324:	e7f2e2f8 	udf	#11816	@ 0x2e28
     328:	2a000120 	bcs	0x7b0
     32c:	e7d012f4 			@ <UNDEFINED> instruction: 0xe7d012f4
     330:	e1a02006 	mov	r2, r6
     334:	e5951030 	ldr	r1, [r5, #48]	@ 0x30
     338:	e3e0e4fe 	mvn	lr, #-33554432	@ 0xfe000000
     33c:	e3cee8fe 	bic	lr, lr, #16646144	@ 0xfe0000
     340:	e7f2e1ff 	udf	#11807	@ 0x2e1f
     344:	2a000119 	bcs	0x7b0
     348:	e7e012f0 			@ <UNDEFINED> instruction: 0xe7e012f0
     34c:	e20000ff 	and	r0, r0, #255	@ 0xff
     350:	e35000aa 	cmp	r0, #170	@ 0xaa
     354:	e3a00000 	mov	r0, #0
     358:	03a00001 	moveq	r0, #1
     35c:	e3100001 	tst	r0, #1
     360:	0a000013 	beq	0x3b4
     364:	e1a02006 	mov	r2, r6
     368:	e5951030 	ldr	r1, [r5, #48]	@ 0x30
     36c:	e59fecb8 	ldr	lr, [pc, #3256]	@ 0x102c
     370:	e7f2e2f4 	udf	#11812	@ 0x2e24
     374:	2a00010d 	bcs	0x7b0
     378:	e7e012f4 			@ <UNDEFINED> instruction: 0xe7e012f4
     37c:	e1a03006 	mov	r3, r6
     380:	e5952030 	ldr	r2, [r5, #48]	@ 0x30
     384:	e59feca0 	ldr	lr, [pc, #3232]	@ 0x102c
     388:	e7f3e2f8 	udf	#15912	@ 0x3e28
     38c:	2a000107 	bcs	0x7b0
     390:	e7e123f4 			@ <UNDEFINED> instruction: 0xe7e123f4
     394:	e0200001 	eor	r0, r0, r1
     398:	e1a02006 	mov	r2, r6
     39c:	e5951030 	ldr	r1, [r5, #48]	@ 0x30
     3a0:	e59fec84 	ldr	lr, [pc, #3204]	@ 0x102c
     3a4:	e7f2e2f8 	udf	#11816	@ 0x2e28
     3a8:	2a000100 	bcs	0x7b0
     3ac:	e7d012f4 			@ <UNDEFINED> instruction: 0xe7d012f4
     3b0:	ea00000d 	b	0x3ec
     3b4:	e1a02006 	mov	r2, r6
     3b8:	e5951030 	ldr	r1, [r5, #48]	@ 0x30
     3bc:	e59fec68 	ldr	lr, [pc, #3176]	@ 0x102c
     3c0:	e7f2e2f0 	udf	#11808	@ 0x2e20
     3c4:	2a0000f9 	bcs	0x7b0
     3c8:	e7e012f4 			@ <UNDEFINED> instruction: 0xe7e012f4
     3cc:	e2800003 	add	r0, r0, #3
     3d0:	e1a02006 	mov	r2, r6
     3d4:	e5951030 	ldr	r1, [r5, #48]	@ 0x30
     3d8:	e59fec4c 	ldr	lr, [pc, #3148]	@ 0x102c
     3dc:	e7f2e2f0 	udf	#11808	@ 0x2e20
     3e0:	2a0000f2 	bcs	0x7b0
     3e4:	e7d012f4 			@ <UNDEFINED> instruction: 0xe7d012f4
     3e8:	eaffff58 	b	0x150
     3ec:	e1a01006 	mov	r1, r6
     3f0:	e5950030 	ldr	r0, [r5, #48]	@ 0x30
     3f4:	e59fec30 	ldr	lr, [pc, #3120]	@ 0x102c
     3f8:	e7f1e1f8 	udf	#7704	@ 0x1e18
     3fc:	2a0000eb 	bcs	0x7b0
     400:	e3a02c1f 	mov	r2, #7936	@ 0x1f00
     404:	e38220ff 	orr	r2, r2, #255	@ 0xff
     408:	e7d201f4 			@ <UNDEFINED> instruction: 0xe7d201f4
     40c:	e1a02006 	mov	r2, r6
     410:	e5951030 	ldr	r1, [r5, #48]	@ 0x30
     414:	e59fec10 	ldr	lr, [pc, #3088]	@ 0x102c
     418:	e7f2e1f8 	udf	#11800	@ 0x2e18
     41c:	2a0000e3 	bcs	0x7b0
     420:	e7e012f4 			@ <UNDEFINED> instruction: 0xe7e012f4
     424:	e3500000 	cmp	r0, #0
     428:	e3a00000 	mov	r0, #0
     42c:	a3a00001 	movge	r0, #1
     430:	e3100001 	tst	r0, #1
     434:	0a0000b0 	beq	0x6fc
     438:	e1a02006 	mov	r2, r6
     43c:	e5951030 	ldr	r1, [r5, #48]	@ 0x30
     440:	e59febe4 	ldr	lr, [pc, #3044]	@ 0x102c
     444:	e7f2e1f8 	udf	#11800	@ 0x2e18
     448:	2a0000d8 	bcs	0x7b0
     44c:	e7e012f4 			@ <UNDEFINED> instruction: 0xe7e012f4
     450:	e1a02000 	mov	r2, r0
     454:	e5951030 	ldr	r1, [r5, #48]	@ 0x30
     458:	e3e0e4fe 	mvn	lr, #-33554432	@ 0xfe000000
     45c:	e3cee8fe 	bic	lr, lr, #16646144	@ 0xfe0000
     460:	e3a0cb43 	mov	ip, #68608	@ 0x10c00
     464:	e38cc180 	orr	ip, ip, #128, 2
     468:	e092200c 	adds	r2, r2, ip
     46c:	2a0000cf 	bcs	0x7b0
     470:	e3e0c4fe 	mvn	ip, #-33554432	@ 0xfe000000
     474:	e3ccc8fe 	bic	ip, ip, #16646144	@ 0xfe0000
     478:	e152000c 	cmp	r2, ip
     47c:	8a0000cb 	bhi	0x7b0
     480:	e7e012f0 			@ <UNDEFINED> instruction: 0xe7e012f0
     484:	e1a02006 	mov	r2, r6
     488:	e5951030 	ldr	r1, [r5, #48]	@ 0x30
     48c:	e3e0e4fe 	mvn	lr, #-33554432	@ 0xfe000000
     490:	e3cee8fe 	bic	lr, lr, #16646144	@ 0xfe0000
     494:	e7f2e1f7 	udf	#11799	@ 0x2e17
     498:	2a0000c4 	bcs	0x7b0
     49c:	e7d012f0 			@ <UNDEFINED> instruction: 0xe7d012f0
     4a0:	e1a02006 	mov	r2, r6
     4a4:	e5951030 	ldr	r1, [r5, #48]	@ 0x30
     4a8:	e59feb7c 	ldr	lr, [pc, #2940]	@ 0x102c
     4ac:	e7f2e2f4 	udf	#11812	@ 0x2e24
     4b0:	2a0000be 	bcs	0x7b0
     4b4:	e7e012f4 			@ <UNDEFINED> instruction: 0xe7e012f4
     4b8:	e1a001a0 	lsr	r0, r0, #3
     4bc:	e1a03006 	mov	r3, r6
     4c0:	e5952030 	ldr	r2, [r5, #48]	@ 0x30
     4c4:	e59feb60 	ldr	lr, [pc, #2912]	@ 0x102c
     4c8:	e7f3e2f4 	udf	#15908	@ 0x3e24
     4cc:	2a0000b7 	bcs	0x7b0
     4d0:	e7e123f4 			@ <UNDEFINED> instruction: 0xe7e123f4
     4d4:	e1a01e81 	lsl	r1, r1, #29
     4d8:	e1800001 	orr	r0, r0, r1
     4dc:	e1a02006 	mov	r2, r6
     4e0:	e5951030 	ldr	r1, [r5, #48]	@ 0x30
     4e4:	e59feb40 	ldr	lr, [pc, #2880]	@ 0x102c
     4e8:	e7f2e2f4 	udf	#11812	@ 0x2e24
     4ec:	2a0000af 	bcs	0x7b0
     4f0:	e7d012f4 			@ <UNDEFINED> instruction: 0xe7d012f4
     4f4:	e1a02006 	mov	r2, r6
     4f8:	e5951030 	ldr	r1, [r5, #48]	@ 0x30
     4fc:	e3e0e4fe 	mvn	lr, #-33554432	@ 0xfe000000
     500:	e3cee8fe 	bic	lr, lr, #16646144	@ 0xfe0000
     504:	e7f2e1f7 	udf	#11799	@ 0x2e17
     508:	2a0000a8 	bcs	0x7b0
     50c:	e7e012f0 			@ <UNDEFINED> instruction: 0xe7e012f0
     510:	e20000ff 	and	r0, r0, #255	@ 0xff
     514:	e1a03006 	mov	r3, r6
     518:	e5952030 	ldr	r2, [r5, #48]	@ 0x30
     51c:	e59feb08 	ldr	lr, [pc, #2824]	@ 0x102c
     520:	e7f3e2f4 	udf	#15908	@ 0x3e24
     524:	2a0000a1 	bcs	0x7b0
     528:	e7e123f4 			@ <UNDEFINED> instruction: 0xe7e123f4
     52c:	e201101f 	and	r1, r1, #31
     530:	e0800001 	add	r0, r0, r1
     534:	e20000ff 	and	r0, r0, #255	@ 0xff
     538:	e1a03006 	mov	r3, r6
     53c:	e5952030 	ldr	r2, [r5, #48]	@ 0x30
     540:	e59feae4 	ldr	lr, [pc, #2788]	@ 0x102c
     544:	e7f3e2f4 	udf	#15908	@ 0x3e24
     548:	2a000098 	bcs	0x7b0
     54c:	e7e123f4 			@ <UNDEFINED> instruction: 0xe7e123f4
     550:	e0800001 	add	r0, r0, r1
     554:	e1a02006 	mov	r2, r6
     558:	e5951030 	ldr	r1, [r5, #48]	@ 0x30
     55c:	e59feac8 	ldr	lr, [pc, #2760]	@ 0x102c
     560:	e7f2e2f4 	udf	#11812	@ 0x2e24
     564:	2a000091 	bcs	0x7b0
     568:	e7d012f4 			@ <UNDEFINED> instruction: 0xe7d012f4
     56c:	e1a02006 	mov	r2, r6
     570:	e5951030 	ldr	r1, [r5, #48]	@ 0x30
     574:	e3e0e4fe 	mvn	lr, #-33554432	@ 0xfe000000
     578:	e3cee8fe 	bic	lr, lr, #16646144	@ 0xfe0000
     57c:	e7f2e1f7 	udf	#11799	@ 0x2e17
     580:	2a00008a 	bcs	0x7b0
     584:	e7e012f0 			@ <UNDEFINED> instruction: 0xe7e012f0
     588:	e20000ff 	and	r0, r0, #255	@ 0xff
     58c:	e1a03006 	mov	r3, r6
     590:	e5952030 	ldr	r2, [r5, #48]	@ 0x30
     594:	e59fea90 	ldr	lr, [pc, #2704]	@ 0x102c
     598:	e7f3e2f4 	udf	#15908	@ 0x3e24
     59c:	2a000083 	bcs	0x7b0
     5a0:	e7e123f4 			@ <UNDEFINED> instruction: 0xe7e123f4
     5a4:	e201100f 	and	r1, r1, #15
     5a8:	e0800001 	add	r0, r0, r1
     5ac:	e1a03006 	mov	r3, r6
     5b0:	e5952030 	ldr	r2, [r5, #48]	@ 0x30
     5b4:	e59fea70 	ldr	lr, [pc, #2672]	@ 0x102c
     5b8:	e7f3e1f8 	udf	#15896	@ 0x3e18
     5bc:	2a00007b 	bcs	0x7b0
     5c0:	e7e123f4 			@ <UNDEFINED> instruction: 0xe7e123f4
     5c4:	e5952030 	ldr	r2, [r5, #48]	@ 0x30
     5c8:	e3e0e4fe 	mvn	lr, #-33554432	@ 0xfe000000
     5cc:	e3cee8fe 	bic	lr, lr, #16646144	@ 0xfe0000
     5d0:	e3a0cb43 	mov	ip, #68608	@ 0x10c00
     5d4:	e38cc180 	orr	ip, ip, #128, 2
     5d8:	e091100c 	adds	r1, r1, ip
     5dc:	2a000073 	bcs	0x7b0
     5e0:	e3e0c4fe 	mvn	ip, #-33554432	@ 0xfe000000
     5e4:	e3ccc8fe 	bic	ip, ip, #16646144	@ 0xfe0000
     5e8:	e151000c 	cmp	r1, ip
     5ec:	8a00006f 	bhi	0x7b0
     5f0:	e7d021f0 			@ <UNDEFINED> instruction: 0xe7d021f0
     5f4:	e1a02006 	mov	r2, r6
     5f8:	e5951030 	ldr	r1, [r5, #48]	@ 0x30
     5fc:	e59fea28 	ldr	lr, [pc, #2600]	@ 0x102c
     600:	e7f2e2f4 	udf	#11812	@ 0x2e24
     604:	2a000069 	bcs	0x7b0
     608:	e7e012f4 			@ <UNDEFINED> instruction: 0xe7e012f4
     60c:	e1a03006 	mov	r3, r6
     610:	e5952030 	ldr	r2, [r5, #48]	@ 0x30
     614:	e59fea10 	ldr	lr, [pc, #2576]	@ 0x102c
     618:	e7f3e2f8 	udf	#15912	@ 0x3e28
     61c:	2a000063 	bcs	0x7b0
     620:	e7e123f4 			@ <UNDEFINED> instruction: 0xe7e123f4
     624:	e0200001 	eor	r0, r0, r1
     628:	e1a02006 	mov	r2, r6
     62c:	e5951030 	ldr	r1, [r5, #48]	@ 0x30
     630:	e59fe9f4 	ldr	lr, [pc, #2548]	@ 0x102c
     634:	e7f2e2f8 	udf	#11816	@ 0x2e28
     638:	2a00005c 	bcs	0x7b0
     63c:	e7d012f4 			@ <UNDEFINED> instruction: 0xe7d012f4
     640:	e1a02006 	mov	r2, r6
     644:	e5951030 	ldr	r1, [r5, #48]	@ 0x30
     648:	e3e0e4fe 	mvn	lr, #-33554432	@ 0xfe000000
     64c:	e3cee8fe 	bic	lr, lr, #16646144	@ 0xfe0000
     650:	e7f2e1f7 	udf	#11799	@ 0x2e17
     654:	2a000055 	bcs	0x7b0
     658:	e7e012f0 			@ <UNDEFINED> instruction: 0xe7e012f0
     65c:	e20000ff 	and	r0, r0, #255	@ 0xff
     660:	e3500055 	cmp	r0, #85	@ 0x55
     664:	e3a00000 	mov	r0, #0
     668:	03a00001 	moveq	r0, #1
     66c:	e3100001 	tst	r0, #1
     670:	0a000013 	beq	0x6c4
     674:	e1a02006 	mov	r2, r6
     678:	e5951030 	ldr	r1, [r5, #48]	@ 0x30
     67c:	e59fe9a8 	ldr	lr, [pc, #2472]	@ 0x102c
     680:	e7f2e2f4 	udf	#11812	@ 0x2e24
     684:	2a000049 	bcs	0x7b0
     688:	e7e012f4 			@ <UNDEFINED> instruction: 0xe7e012f4
     68c:	e1a03006 	mov	r3, r6
     690:	e5952030 	ldr	r2, [r5, #48]	@ 0x30
     694:	e59fe990 	ldr	lr, [pc, #2448]	@ 0x102c
     698:	e7f3e2f8 	udf	#15912	@ 0x3e28
     69c:	2a000043 	bcs	0x7b0
     6a0:	e7e123f4 			@ <UNDEFINED> instruction: 0xe7e123f4
     6a4:	e0800001 	add	r0, r0, r1
     6a8:	e1a02006 	mov	r2, r6
     6ac:	e5951030 	ldr	r1, [r5, #48]	@ 0x30
     6b0:	e59fe974 	ldr	lr, [pc, #2420]	@ 0x102c
     6b4:	e7f2e2f8 	udf	#11816	@ 0x2e28
     6b8:	2a00003c 	bcs	0x7b0
     6bc:	e7d012f4 			@ <UNDEFINED> instruction: 0xe7d012f4
     6c0:	ea00000d 	b	0x6fc
     6c4:	e1a02006 	mov	r2, r6
     6c8:	e5951030 	ldr	r1, [r5, #48]	@ 0x30
     6cc:	e59fe958 	ldr	lr, [pc, #2392]	@ 0x102c
     6d0:	e7f2e1f8 	udf	#11800	@ 0x2e18
     6d4:	2a000035 	bcs	0x7b0
     6d8:	e7e012f4 			@ <UNDEFINED> instruction: 0xe7e012f4
     6dc:	e2400001 	sub	r0, r0, #1
     6e0:	e1a02006 	mov	r2, r6
     6e4:	e5951030 	ldr	r1, [r5, #48]	@ 0x30
     6e8:	e59fe93c 	ldr	lr, [pc, #2364]	@ 0x102c
     6ec:	e7f2e1f8 	udf	#11800	@ 0x2e18
     6f0:	2a00002e 	bcs	0x7b0
     6f4:	e7d012f4 			@ <UNDEFINED> instruction: 0xe7d012f4
     6f8:	eaffff43 	b	0x40c
     6fc:	e1a02006 	mov	r2, r6
     700:	e5951030 	ldr	r1, [r5, #48]	@ 0x30
     704:	e59fe920 	ldr	lr, [pc, #2336]	@ 0x102c
     708:	e7f2e2f8 	udf	#11816	@ 0x2e28
     70c:	2a000027 	bcs	0x7b0
     710:	e7e012f4 			@ <UNDEFINED> instruction: 0xe7e012f4
     714:	e1a03006 	mov	r3, r6
     718:	e5952030 	ldr	r2, [r5, #48]	@ 0x30
     71c:	e59fe908 	ldr	lr, [pc, #2312]	@ 0x102c
     720:	e7f3e2f4 	udf	#15908	@ 0x3e24
     724:	2a000021 	bcs	0x7b0
     728:	e7e123f4 			@ <UNDEFINED> instruction: 0xe7e123f4
     72c:	e1a03006 	mov	r3, r6
     730:	e5952030 	ldr	r2, [r5, #48]	@ 0x30
     734:	e59fe8f0 	ldr	lr, [pc, #2288]	@ 0x102c
     738:	e7f3e0f4 	udf	#15876	@ 0x3e04
     73c:	2a00001b 	bcs	0x7b0
     740:	e7d123f4 			@ <UNDEFINED> instruction: 0xe7d123f4
     744:	e1a02006 	mov	r2, r6
     748:	e5951030 	ldr	r1, [r5, #48]	@ 0x30
     74c:	e59fc8d8 	ldr	ip, [pc, #2264]	@ 0x102c
     750:	e152000c 	cmp	r2, ip
     754:	8a000015 	bhi	0x7b0
     758:	e7d012f4 			@ <UNDEFINED> instruction: 0xe7d012f4
     75c:	e3a0eb40 	mov	lr, #64, 22	@ 0x10000
     760:	e38ee1d8 	orr	lr, lr, #216, 2	@ 0x36
     764:	e584e02c 	str	lr, [r4, #44]	@ 0x2c
     768:	e5846000 	str	r6, [r4]
     76c:	e59f08c0 	ldr	r0, [pc, #2240]	@ 0x1034
     770:	e1a01004 	mov	r1, r4
     774:	e59d2000 	ldr	r2, [sp]
     778:	e59fc8b8 	ldr	ip, [pc, #2232]	@ 0x1038
     77c:	e12fff3c 	blx	ip
     780:	e3500000 	cmp	r0, #0
     784:	1a00000c 	bne	0x7bc
     788:	e3a00000 	mov	r0, #0
     78c:	e2866030 	add	r6, r6, #48	@ 0x30
     790:	e595103c 	ldr	r1, [r5, #60]	@ 0x3c
     794:	e5816008 	str	r6, [r1, #8]
     798:	e5840010 	str	r0, [r4, #16]
     79c:	e59f0898 	ldr	r0, [pc, #2200]	@ 0x103c
     7a0:	e30ccabc 	movw	ip, #51900	@ 0xcabc
     7a4:	e34ccdef 	movt	ip, #52719	@ 0xcdef
     7a8:	e28dd008 	add	sp, sp, #8
     7ac:	e8bd8040 	pop	{r6, pc}
     7b0:	e3a00008 	mov	r0, #8
     7b4:	e59d1000 	ldr	r1, [sp]
     7b8:	e5810010 	str	r0, [r1, #16]
     7bc:	e59d0000 	ldr	r0, [sp]
     7c0:	e59d100c 	ldr	r1, [sp, #12]
     7c4:	e59fc874 	ldr	ip, [pc, #2164]	@ 0x1040
     7c8:	e12fff3c 	blx	ip
     7cc:	e59d6008 	ldr	r6, [sp, #8]
     7d0:	e28dd010 	add	sp, sp, #16
     7d4:	e12fff10 	bx	r0
     7d8:	e92d4040 	push	{r6, lr}
     7dc:	e24dd008 	sub	sp, sp, #8
     7e0:	e58d0000 	str	r0, [sp]
     7e4:	e30cc123 	movw	ip, #49443	@ 0xc123
     7e8:	e34cc456 	movt	ip, #50262	@ 0xc456
     7ec:	e595e03c 	ldr	lr, [r5, #60]	@ 0x3c
     7f0:	e59e0008 	ldr	r0, [lr, #8]
     7f4:	e2400010 	sub	r0, r0, #16
     7f8:	e1a02000 	mov	r2, r0
     7fc:	e5951030 	ldr	r1, [r5, #48]	@ 0x30
     800:	e59fe824 	ldr	lr, [pc, #2084]	@ 0x102c
     804:	e7f2e0fc 	udf	#11788	@ 0x2e0c
     808:	2a000043 	bcs	0x91c
     80c:	e3a03000 	mov	r3, #0
     810:	e7d312f4 			@ <UNDEFINED> instruction: 0xe7d312f4
     814:	e1a03000 	mov	r3, r0
     818:	e5952030 	ldr	r2, [r5, #48]	@ 0x30
     81c:	e59fe808 	ldr	lr, [pc, #2056]	@ 0x102c
     820:	e7f3e0fc 	udf	#15884	@ 0x3e0c
     824:	2a00003c 	bcs	0x91c
     828:	e7e123f4 			@ <UNDEFINED> instruction: 0xe7e123f4
     82c:	e3510d80 	cmp	r1, #128, 26	@ 0x2000
     830:	e3a01000 	mov	r1, #0
     834:	33a01001 	movcc	r1, #1
     838:	e3110001 	tst	r1, #1
     83c:	0a000030 	beq	0x904
     840:	e1a03000 	mov	r3, r0
     844:	e5952030 	ldr	r2, [r5, #48]	@ 0x30
     848:	e59fe7dc 	ldr	lr, [pc, #2012]	@ 0x102c
     84c:	e7f3e0fc 	udf	#15884	@ 0x3e0c
     850:	2a000031 	bcs	0x91c
     854:	e7e123f4 			@ <UNDEFINED> instruction: 0xe7e123f4
     858:	e3a0c025 	mov	ip, #37	@ 0x25
     85c:	e0010c91 	mul	r1, r1, ip
     860:	e20110ff 	and	r1, r1, #255	@ 0xff
     864:	e1a06000 	mov	r6, r0
     868:	e5953030 	ldr	r3, [r5, #48]	@ 0x30
     86c:	e59fe7b8 	ldr	lr, [pc, #1976]	@ 0x102c
     870:	e7f6e0fc 	udf	#28172	@ 0x6e0c
     874:	2a000028 	bcs	0x91c
     878:	e7e236f4 			@ <UNDEFINED> instruction: 0xe7e236f4
     87c:	e1a02122 	lsr	r2, r2, #2
     880:	e0211002 	eor	r1, r1, r2
     884:	e1a06000 	mov	r6, r0
     888:	e5953030 	ldr	r3, [r5, #48]	@ 0x30
     88c:	e59fe798 	ldr	lr, [pc, #1944]	@ 0x102c
     890:	e7f6e0fc 	udf	#28172	@ 0x6e0c
     894:	2a000020 	bcs	0x91c
     898:	e7e236f4 			@ <UNDEFINED> instruction: 0xe7e236f4
     89c:	e5953030 	ldr	r3, [r5, #48]	@ 0x30
     8a0:	e3e0e4fe 	mvn	lr, #-33554432	@ 0xfe000000
     8a4:	e3cee8fe 	bic	lr, lr, #16646144	@ 0xfe0000
     8a8:	e3a0cb43 	mov	ip, #68608	@ 0x10c00
     8ac:	e38cc180 	orr	ip, ip, #128, 2
     8b0:	e092200c 	adds	r2, r2, ip
     8b4:	2a000018 	bcs	0x91c
     8b8:	e3e0c4fe 	mvn	ip, #-33554432	@ 0xfe000000
     8bc:	e3ccc8fe 	bic	ip, ip, #16646144	@ 0xfe0000
     8c0:	e152000c 	cmp	r2, ip
     8c4:	8a000014 	bhi	0x91c
     8c8:	e7d132f0 			@ <UNDEFINED> instruction: 0xe7d132f0
     8cc:	e1a03000 	mov	r3, r0
     8d0:	e5952030 	ldr	r2, [r5, #48]	@ 0x30
     8d4:	e59fe750 	ldr	lr, [pc, #1872]	@ 0x102c
     8d8:	e7f3e0fc 	udf	#15884	@ 0x3e0c
     8dc:	2a00000e 	bcs	0x91c
     8e0:	e7e123f4 			@ <UNDEFINED> instruction: 0xe7e123f4
     8e4:	e2811001 	add	r1, r1, #1
     8e8:	e1a03000 	mov	r3, r0
     8ec:	e5952030 	ldr	r2, [r5, #48]	@ 0x30
     8f0:	e59fe734 	ldr	lr, [pc, #1844]	@ 0x102c
     8f4:	e7f3e0fc 	udf	#15884	@ 0x3e0c
     8f8:	2a000007 	bcs	0x91c
     8fc:	e7d123f4 			@ <UNDEFINED> instruction: 0xe7d123f4
     900:	eaffffc3 	b	0x814
     904:	e3a009fe 	mov	r0, #4161536	@ 0x3f8000
     908:	e38000dc 	orr	r0, r0, #220	@ 0xdc
     90c:	e30ccabc 	movw	ip, #51900	@ 0xcabc
     910:	e34ccdef 	movt	ip, #52719	@ 0xcdef
     914:	e28dd008 	add	sp, sp, #8
     918:	e8bd8040 	pop	{r6, pc}
     91c:	e3a00008 	mov	r0, #8
     920:	e59d1000 	ldr	r1, [sp]
     924:	e5810010 	str	r0, [r1, #16]
     928:	e59d0000 	ldr	r0, [sp]
     92c:	e59d100c 	ldr	r1, [sp, #12]
     930:	e59fc70c 	ldr	ip, [pc, #1804]	@ 0x1044
     934:	e12fff3c 	blx	ip
     938:	e59d6008 	ldr	r6, [sp, #8]
     93c:	e28dd010 	add	sp, sp, #16
     940:	e12fff10 	bx	r0
     944:	e52de004 	push	{lr}		@ (str lr, [sp, #-4]!)
     948:	e24dd004 	sub	sp, sp, #4
     94c:	e58d0000 	str	r0, [sp]
     950:	e30cc123 	movw	ip, #49443	@ 0xc123
     954:	e34cc456 	movt	ip, #50262	@ 0xc456
     958:	e3a0c001 	mov	ip, #1
     95c:	e35c0000 	cmp	ip, #0
     960:	0a000006 	beq	0x980
     964:	e59f06dc 	ldr	r0, [pc, #1756]	@ 0x1048
     968:	e1a01004 	mov	r1, r4
     96c:	e59d2000 	ldr	r2, [sp]
     970:	e59fc6d4 	ldr	ip, [pc, #1748]	@ 0x104c
     974:	e12fff3c 	blx	ip
     978:	e3500000 	cmp	r0, #0
     97c:	1a000017 	bne	0x9e0
     980:	e59f06c8 	ldr	r0, [pc, #1736]	@ 0x1050
     984:	e1a01004 	mov	r1, r4
     988:	e59d2000 	ldr	r2, [sp]
     98c:	e59fc6c0 	ldr	ip, [pc, #1728]	@ 0x1054
     990:	e12fff3c 	blx	ip
     994:	e3500000 	cmp	r0, #0
     998:	1a000010 	bne	0x9e0
     99c:	e5940004 	ldr	r0, [r4, #4]
     9a0:	e5840004 	str	r0, [r4, #4]
     9a4:	e59f06ac 	ldr	r0, [pc, #1708]	@ 0x1058
     9a8:	e1a01004 	mov	r1, r4
     9ac:	e59d2000 	ldr	r2, [sp]
     9b0:	e59fc6a4 	ldr	ip, [pc, #1700]	@ 0x105c
     9b4:	e12fff3c 	blx	ip
     9b8:	e3500000 	cmp	r0, #0
     9bc:	1a000007 	bne	0x9e0
     9c0:	e3a00015 	mov	r0, #21
     9c4:	ea000003 	b	0x9d8
     9c8:	e30ccabc 	movw	ip, #51900	@ 0xcabc
     9cc:	e34ccdef 	movt	ip, #52719	@ 0xcdef
     9d0:	e28dd004 	add	sp, sp, #4
     9d4:	e49df004 	pop	{pc}		@ (ldr pc, [sp], #4)
     9d8:	e59d1000 	ldr	r1, [sp]
     9dc:	e5810010 	str	r0, [r1, #16]
     9e0:	e59d0000 	ldr	r0, [sp]
     9e4:	e59d1004 	ldr	r1, [sp, #4]
     9e8:	e59fc670 	ldr	ip, [pc, #1648]	@ 0x1060
     9ec:	e12fff3c 	blx	ip
     9f0:	e28dd008 	add	sp, sp, #8
     9f4:	e12fff10 	bx	r0
     9f8:	e52de004 	push	{lr}		@ (str lr, [sp, #-4]!)
     9fc:	e24dd004 	sub	sp, sp, #4
     a00:	e58d0000 	str	r0, [sp]
     a04:	e30cc123 	movw	ip, #49443	@ 0xc123
     a08:	e34cc456 	movt	ip, #50262	@ 0xc456
     a0c:	e59f0650 	ldr	r0, [pc, #1616]	@ 0x1064
     a10:	e30ccabc 	movw	ip, #51900	@ 0xcabc
     a14:	e34ccdef 	movt	ip, #52719	@ 0xcdef
     a18:	e28dd004 	add	sp, sp, #4
     a1c:	e49df004 	pop	{pc}		@ (ldr pc, [sp], #4)
     a20:	e92d4040 	push	{r6, lr}
     a24:	e24dd008 	sub	sp, sp, #8
     a28:	e58d0000 	str	r0, [sp]
     a2c:	e30cc123 	movw	ip, #49443	@ 0xc123
     a30:	e34cc456 	movt	ip, #50262	@ 0xc456
     a34:	e3a06000 	mov	r6, #0
     a38:	e3a0c000 	mov	ip, #0
     a3c:	e35c0000 	cmp	ip, #0
     a40:	9a000011 	bls	0xa8c
     a44:	e2460004 	sub	r0, r6, #4
     a48:	e1a06000 	mov	r6, r0
     a4c:	e1a02000 	mov	r2, r0
     a50:	e5951030 	ldr	r1, [r5, #48]	@ 0x30
     a54:	e59fc5d0 	ldr	ip, [pc, #1488]	@ 0x102c
     a58:	e152000c 	cmp	r2, ip
     a5c:	8a000016 	bhi	0xabc
     a60:	e7e012f4 			@ <UNDEFINED> instruction: 0xe7e012f4
     a64:	e584000c 	str	r0, [r4, #12]
     a68:	e59f05f8 	ldr	r0, [pc, #1528]	@ 0x1068
     a6c:	e1a01004 	mov	r1, r4
     a70:	e59d2000 	ldr	r2, [sp]
     a74:	e59fc5f0 	ldr	ip, [pc, #1520]	@ 0x106c
     a78:	e12fff3c 	blx	ip
     a7c:	e3500000 	cmp	r0, #0
     a80:	1a000010 	bne	0xac8
     a84:	e3560000 	cmp	r6, #0
     a88:	8affffed 	bhi	0xa44
     a8c:	e59f05dc 	ldr	r0, [pc, #1500]	@ 0x1070
     a90:	e1a01004 	mov	r1, r4
     a94:	e59d2000 	ldr	r2, [sp]
     a98:	e59fc5d4 	ldr	ip, [pc, #1492]	@ 0x1074
     a9c:	e12fff3c 	blx	ip
     aa0:	e3500000 	cmp	r0, #0
     aa4:	1a000007 	bne	0xac8
     aa8:	e59f05c8 	ldr	r0, [pc, #1480]	@ 0x1078
     aac:	e30ccabc 	movw	ip, #51900	@ 0xcabc
     ab0:	e34ccdef 	movt	ip, #52719	@ 0xcdef
     ab4:	e28dd008 	add	sp, sp, #8
     ab8:	e8bd8040 	pop	{r6, pc}
     abc:	e3a00008 	mov	r0, #8
     ac0:	e59d1000 	ldr	r1, [sp]
     ac4:	e5810010 	str	r0, [r1, #16]
     ac8:	e59d0000 	ldr	r0, [sp]
     acc:	e59d100c 	ldr	r1, [sp, #12]
     ad0:	e59fc5a4 	ldr	ip, [pc, #1444]	@ 0x107c
     ad4:	e12fff3c 	blx	ip
     ad8:	e59d6008 	ldr	r6, [sp, #8]
     adc:	e28dd010 	add	sp, sp, #16
     ae0:	e12fff10 	bx	r0
     ae4:	e92d4040 	push	{r6, lr}
     ae8:	e24dd008 	sub	sp, sp, #8
     aec:	e58d0000 	str	r0, [sp]
     af0:	e30cc123 	movw	ip, #49443	@ 0xc123
     af4:	e34cc456 	movt	ip, #50262	@ 0xc456
     af8:	e5946000 	ldr	r6, [r4]
     afc:	e59f057c 	ldr	r0, [pc, #1404]	@ 0x1080
     b00:	e1a01004 	mov	r1, r4
     b04:	e59d2000 	ldr	r2, [sp]
     b08:	e59fc574 	ldr	ip, [pc, #1396]	@ 0x1084
     b0c:	e12fff3c 	blx	ip
     b10:	e3500000 	cmp	r0, #0
     b14:	1a00001e 	bne	0xb94
     b18:	e59f0568 	ldr	r0, [pc, #1384]	@ 0x1088
     b1c:	e1a01004 	mov	r1, r4
     b20:	e59d2000 	ldr	r2, [sp]
     b24:	e59fc560 	ldr	ip, [pc, #1376]	@ 0x108c
     b28:	e12fff3c 	blx	ip
     b2c:	e3500000 	cmp	r0, #0
     b30:	1a000017 	bne	0xb94
     b34:	e3a009fc 	mov	r0, #252, 18	@ 0x3f0000
     b38:	e3800df0 	orr	r0, r0, #240, 26	@ 0x3c00
     b3c:	e1a01004 	mov	r1, r4
     b40:	e59d2000 	ldr	r2, [sp]
     b44:	e59fc544 	ldr	ip, [pc, #1348]	@ 0x1090
     b48:	e12fff3c 	blx	ip
     b4c:	e3500000 	cmp	r0, #0
     b50:	1a00000f 	bne	0xb94
     b54:	e5846000 	str	r6, [r4]
     b58:	e59f0534 	ldr	r0, [pc, #1332]	@ 0x1094
     b5c:	e1a01004 	mov	r1, r4
     b60:	e59d2000 	ldr	r2, [sp]
     b64:	e59fc52c 	ldr	ip, [pc, #1324]	@ 0x1098
     b68:	e12fff3c 	blx	ip
     b6c:	e3500000 	cmp	r0, #0
     b70:	1a000007 	bne	0xb94
     b74:	e3a00015 	mov	r0, #21
     b78:	ea000003 	b	0xb8c
     b7c:	e30ccabc 	movw	ip, #51900	@ 0xcabc
     b80:	e34ccdef 	movt	ip, #52719	@ 0xcdef
     b84:	e28dd008 	add	sp, sp, #8
     b88:	e8bd8040 	pop	{r6, pc}
     b8c:	e59d1000 	ldr	r1, [sp]
     b90:	e5810010 	str	r0, [r1, #16]
     b94:	e59d0000 	ldr	r0, [sp]
     b98:	e59d100c 	ldr	r1, [sp, #12]
     b9c:	e59fc4f8 	ldr	ip, [pc, #1272]	@ 0x109c
     ba0:	e12fff3c 	blx	ip
     ba4:	e59d6008 	ldr	r6, [sp, #8]
     ba8:	e28dd010 	add	sp, sp, #16
     bac:	e12fff10 	bx	r0
     bb0:	e52de004 	push	{lr}		@ (str lr, [sp, #-4]!)
     bb4:	e24dd004 	sub	sp, sp, #4
     bb8:	e58d0000 	str	r0, [sp]
     bbc:	e30cc123 	movw	ip, #49443	@ 0xc123
     bc0:	e34cc456 	movt	ip, #50262	@ 0xc456
     bc4:	e5940000 	ldr	r0, [r4]
     bc8:	e5840000 	str	r0, [r4]
     bcc:	e59f04cc 	ldr	r0, [pc, #1228]	@ 0x10a0
     bd0:	e1a01004 	mov	r1, r4
     bd4:	e59d2000 	ldr	r2, [sp]
     bd8:	e59fc4c4 	ldr	ip, [pc, #1220]	@ 0x10a4
     bdc:	e12fff3c 	blx	ip
     be0:	e3500000 	cmp	r0, #0
     be4:	1a000007 	bne	0xc08
     be8:	e3a00015 	mov	r0, #21
     bec:	ea000003 	b	0xc00
     bf0:	e30ccabc 	movw	ip, #51900	@ 0xcabc
     bf4:	e34ccdef 	movt	ip, #52719	@ 0xcdef
     bf8:	e28dd004 	add	sp, sp, #4
     bfc:	e49df004 	pop	{pc}		@ (ldr pc, [sp], #4)
     c00:	e59d1000 	ldr	r1, [sp]
     c04:	e5810010 	str	r0, [r1, #16]
     c08:	e59d0000 	ldr	r0, [sp]
     c0c:	e59d1004 	ldr	r1, [sp, #4]
     c10:	e59fc490 	ldr	ip, [pc, #1168]	@ 0x10a8
     c14:	e12fff3c 	blx	ip
     c18:	e28dd008 	add	sp, sp, #8
     c1c:	e12fff10 	bx	r0
     c20:	e92d40c0 	push	{r6, r7, lr}
     c24:	e24dd004 	sub	sp, sp, #4
     c28:	e58d0000 	str	r0, [sp]
     c2c:	e30cc123 	movw	ip, #49443	@ 0xc123
     c30:	e34cc456 	movt	ip, #50262	@ 0xc456
     c34:	e5940000 	ldr	r0, [r4]
     c38:	e5941004 	ldr	r1, [r4, #4]
     c3c:	e595e03c 	ldr	lr, [r5, #60]	@ 0x3c
     c40:	e59e2008 	ldr	r2, [lr, #8]
     c44:	e2422010 	sub	r2, r2, #16
     c48:	e1a06002 	mov	r6, r2
     c4c:	e595303c 	ldr	r3, [r5, #60]	@ 0x3c
     c50:	e5832008 	str	r2, [r3, #8]
     c54:	e1a03006 	mov	r3, r6
     c58:	e5952030 	ldr	r2, [r5, #48]	@ 0x30
     c5c:	e59fe3c8 	ldr	lr, [pc, #968]	@ 0x102c
     c60:	e7f3e0fc 	udf	#15884	@ 0x3e0c
     c64:	2a000017 	bcs	0xcc8
     c68:	e7d123f4 			@ <UNDEFINED> instruction: 0xe7d123f4
     c6c:	e3a0eb42 	mov	lr, #67584	@ 0x10800
     c70:	e38eefba 	orr	lr, lr, #744	@ 0x2e8
     c74:	e584e010 	str	lr, [r4, #16]
     c78:	e5840000 	str	r0, [r4]
     c7c:	e5841004 	str	r1, [r4, #4]
     c80:	e3a009fe 	mov	r0, #4161536	@ 0x3f8000
     c84:	e3800e4a 	orr	r0, r0, #1184	@ 0x4a0
     c88:	e1a01004 	mov	r1, r4
     c8c:	e59d2000 	ldr	r2, [sp]
     c90:	e59fc414 	ldr	ip, [pc, #1044]	@ 0x10ac
     c94:	e12fff3c 	blx	ip
     c98:	e3500000 	cmp	r0, #0
     c9c:	1a00000c 	bne	0xcd4
     ca0:	e5940014 	ldr	r0, [r4, #20]
     ca4:	e2866010 	add	r6, r6, #16
     ca8:	e595103c 	ldr	r1, [r5, #60]	@ 0x3c
     cac:	e5816008 	str	r6, [r1, #8]
     cb0:	e5840004 	str	r0, [r4, #4]
     cb4:	e59f03f4 	ldr	r0, [pc, #1012]	@ 0x10b0
     cb8:	e30ccabc 	movw	ip, #51900	@ 0xcabc
     cbc:	e34ccdef 	movt	ip, #52719	@ 0xcdef
     cc0:	e28dd004 	add	sp, sp, #4
     cc4:	e8bd80c0 	pop	{r6, r7, pc}
     cc8:	e3a00008 	mov	r0, #8
     ccc:	e59d1000 	ldr	r1, [sp]
     cd0:	e5810010 	str	r0, [r1, #16]
     cd4:	e59d0000 	ldr	r0, [sp]
     cd8:	e59d100c 	ldr	r1, [sp, #12]
     cdc:	e59fc3d0 	ldr	ip, [pc, #976]	@ 0x10b4
     ce0:	e12fff3c 	blx	ip
     ce4:	e28dd004 	add	sp, sp, #4
     ce8:	e8bd00c0 	pop	{r6, r7}
     cec:	e28dd004 	add	sp, sp, #4
     cf0:	e12fff10 	bx	r0
     cf4:	e92d4fc0 	push	{r6, r7, r8, r9, sl, fp, lr}
     cf8:	e24dd004 	sub	sp, sp, #4
     cfc:	e58d0000 	str	r0, [sp]
     d00:	e30cc123 	movw	ip, #49443	@ 0xc123
     d04:	e34cc456 	movt	ip, #50262	@ 0xc456
     d08:	e5946000 	ldr	r6, [r4]
     d0c:	e5940004 	ldr	r0, [r4, #4]
     d10:	e595e03c 	ldr	lr, [r5, #60]	@ 0x3c
     d14:	e59e1008 	ldr	r1, [lr, #8]
     d18:	e2411020 	sub	r1, r1, #32
     d1c:	e584100c 	str	r1, [r4, #12]
     d20:	e595203c 	ldr	r2, [r5, #60]	@ 0x3c
     d24:	e5821008 	str	r1, [r2, #8]
     d28:	e1a03006 	mov	r3, r6
     d2c:	e5952030 	ldr	r2, [r5, #48]	@ 0x30
     d30:	e59fe2f4 	ldr	lr, [pc, #756]	@ 0x102c
     d34:	e7f3e1fc 	udf	#15900	@ 0x3e1c
     d38:	2a000135 	bcs	0x1214
     d3c:	e7e123f4 			@ <UNDEFINED> instruction: 0xe7e123f4
     d40:	e1a02001 	mov	r2, r1
     d44:	e594900c 	ldr	r9, [r4, #12]
     d48:	e5953030 	ldr	r3, [r5, #48]	@ 0x30
     d4c:	e59fe2d8 	ldr	lr, [pc, #728]	@ 0x102c
     d50:	e7f9e1f0 	udf	#40464	@ 0x9e10
     d54:	2a00012e 	bcs	0x1214
     d58:	e7d139f4 			@ <UNDEFINED> instruction: 0xe7d139f4
     d5c:	e1a09006 	mov	r9, r6
     d60:	e5953030 	ldr	r3, [r5, #48]	@ 0x30
     d64:	e59fe2c0 	ldr	lr, [pc, #704]	@ 0x102c
     d68:	e7f9e1f4 	udf	#40468	@ 0x9e14
     d6c:	2a000128 	bcs	0x1214
     d70:	e7e139f4 			@ <UNDEFINED> instruction: 0xe7e139f4
     d74:	e594900c 	ldr	r9, [r4, #12]
     d78:	e5953030 	ldr	r3, [r5, #48]	@ 0x30
     d7c:	e594a008 	ldr	sl, [r4, #8]
     d80:	e59fe2a4 	ldr	lr, [pc, #676]	@ 0x102c
     d84:	e7f9e1fc 	udf	#40476	@ 0x9e1c
     d88:	2a000121 	bcs	0x1214
     d8c:	e7da39f4 			@ <UNDEFINED> instruction: 0xe7da39f4
     d90:	e594900c 	ldr	r9, [r4, #12]
     d94:	e5953030 	ldr	r3, [r5, #48]	@ 0x30
     d98:	e59fe28c 	ldr	lr, [pc, #652]	@ 0x102c
     d9c:	e7f9e1f8 	udf	#40472	@ 0x9e18
     da0:	2a00011b 	bcs	0x1214
     da4:	e7d039f4 			@ <UNDEFINED> instruction: 0xe7d039f4
     da8:	e0411002 	sub	r1, r1, r2
     dac:	e1a00001 	mov	r0, r1
     db0:	e594300c 	ldr	r3, [r4, #12]
     db4:	e5952030 	ldr	r2, [r5, #48]	@ 0x30
     db8:	e59fe26c 	ldr	lr, [pc, #620]	@ 0x102c
     dbc:	e7f3e1f4 	udf	#15892	@ 0x3e14
     dc0:	2a000113 	bcs	0x1214
     dc4:	e7d123f4 			@ <UNDEFINED> instruction: 0xe7d123f4
     dc8:	e594c008 	ldr	ip, [r4, #8]
     dcc:	e080900c 	add	r9, r0, ip
     dd0:	e594c00c 	ldr	ip, [r4, #12]
     dd4:	e28ca010 	add	sl, ip, #16
     dd8:	e3a0e002 	mov	lr, #2
     ddc:	e584e01c 	str	lr, [r4, #28]
     de0:	e1a02006 	mov	r2, r6
     de4:	e5951030 	ldr	r1, [r5, #48]	@ 0x30
     de8:	e59fe23c 	ldr	lr, [pc, #572]	@ 0x102c
     dec:	e7f2e3fc 	udf	#11836	@ 0x2e3c
     df0:	2a000107 	bcs	0x1214
     df4:	e7e012f4 			@ <UNDEFINED> instruction: 0xe7e012f4
     df8:	e594c00c 	ldr	ip, [r4, #12]
     dfc:	e28c1010 	add	r1, ip, #16
     e00:	e594c00c 	ldr	ip, [r4, #12]
     e04:	e28c200c 	add	r2, ip, #12
     e08:	e5840040 	str	r0, [r4, #64]	@ 0x40
     e0c:	e5841044 	str	r1, [r4, #68]	@ 0x44
     e10:	e3a0e002 	mov	lr, #2
     e14:	e584e02c 	str	lr, [r4, #44]	@ 0x2c
     e18:	e584204c 	str	r2, [r4, #76]	@ 0x4c
     e1c:	e59f0294 	ldr	r0, [pc, #660]	@ 0x10b8
     e20:	e1a01004 	mov	r1, r4
     e24:	e59d2000 	ldr	r2, [sp]
     e28:	e59fc28c 	ldr	ip, [pc, #652]	@ 0x10bc
     e2c:	e12fff3c 	blx	ip
     e30:	e3500000 	cmp	r0, #0
     e34:	1a0000f9 	bne	0x1220
     e38:	e5940040 	ldr	r0, [r4, #64]	@ 0x40
     e3c:	e5840040 	str	r0, [r4, #64]	@ 0x40
     e40:	e59f0278 	ldr	r0, [pc, #632]	@ 0x10c0
     e44:	e1a01004 	mov	r1, r4
     e48:	e59d2000 	ldr	r2, [sp]
     e4c:	e59fc270 	ldr	ip, [pc, #624]	@ 0x10c4
     e50:	e12fff3c 	blx	ip
     e54:	e3500000 	cmp	r0, #0
     e58:	1a0000f0 	bne	0x1220
     e5c:	e5940040 	ldr	r0, [r4, #64]	@ 0x40
     e60:	e3500000 	cmp	r0, #0
     e64:	0a000001 	beq	0xe70
     e68:	e584a014 	str	sl, [r4, #20]
     e6c:	ea000060 	b	0xff4
     e70:	e594200c 	ldr	r2, [r4, #12]
     e74:	e5951030 	ldr	r1, [r5, #48]	@ 0x30
     e78:	e59fe1ac 	ldr	lr, [pc, #428]	@ 0x102c
     e7c:	e7f2e0fc 	udf	#11788	@ 0x2e0c
     e80:	2a0000e3 	bcs	0x1214
     e84:	e7e012f4 			@ <UNDEFINED> instruction: 0xe7e012f4
     e88:	e1a01000 	mov	r1, r0
     e8c:	e1590000 	cmp	r9, r0
     e90:	0a000059 	beq	0xffc
     e94:	e3710001 	cmn	r1, #1
     e98:	ca000001 	bgt	0xea4
     e9c:	e584a014 	str	sl, [r4, #20]
     ea0:	ea0000a8 	b	0x1148
     ea4:	e1a0300a 	mov	r3, sl
     ea8:	e5952030 	ldr	r2, [r5, #48]	@ 0x30
     eac:	e59fe178 	ldr	lr, [pc, #376]	@ 0x102c
     eb0:	e7f3e0f4 	udf	#15876	@ 0x3e04
     eb4:	2a0000d6 	bcs	0x1214
     eb8:	e7e023f4 			@ <UNDEFINED> instruction: 0xe7e023f4
     ebc:	e1a02000 	mov	r2, r0
     ec0:	e1510000 	cmp	r1, r0
     ec4:	e3a00000 	mov	r0, #0
     ec8:	83a00001 	movhi	r0, #1
     ecc:	e1a03000 	mov	r3, r0
     ed0:	e3500000 	cmp	r0, #0
     ed4:	e3a07008 	mov	r7, #8
     ed8:	03a07000 	moveq	r7, #0
     edc:	e08a7007 	add	r7, sl, r7
     ee0:	e5847014 	str	r7, [r4, #20]
     ee4:	e594b014 	ldr	fp, [r4, #20]
     ee8:	e5958030 	ldr	r8, [r5, #48]	@ 0x30
     eec:	e59fc138 	ldr	ip, [pc, #312]	@ 0x102c
     ef0:	e15b000c 	cmp	fp, ip
     ef4:	8a0000c6 	bhi	0x1214
     ef8:	e7e08bf4 			@ <UNDEFINED> instruction: 0xe7e08bf4
     efc:	e3530000 	cmp	r3, #0
     f00:	03a02000 	moveq	r2, #0
     f04:	e0412002 	sub	r2, r1, r2
     f08:	e1a08002 	mov	r8, r2
     f0c:	e0800002 	add	r0, r0, r2
     f10:	e5952030 	ldr	r2, [r5, #48]	@ 0x30
     f14:	e59fc110 	ldr	ip, [pc, #272]	@ 0x102c
     f18:	e157000c 	cmp	r7, ip
     f1c:	8a0000bc 	bhi	0x1214
     f20:	e7d027f4 			@ <UNDEFINED> instruction: 0xe7d027f4
     f24:	e3530000 	cmp	r3, #0
     f28:	e3a0000c 	mov	r0, #12
     f2c:	03a00004 	moveq	r0, #4
     f30:	e08a0000 	add	r0, sl, r0
     f34:	e1a02000 	mov	r2, r0
     f38:	e1a0b002 	mov	fp, r2
     f3c:	e5957030 	ldr	r7, [r5, #48]	@ 0x30
     f40:	e59fc0e4 	ldr	ip, [pc, #228]	@ 0x102c
     f44:	e15b000c 	cmp	fp, ip
     f48:	8a0000b1 	bhi	0x1214
     f4c:	e7e27bf4 			@ <UNDEFINED> instruction: 0xe7e27bf4
     f50:	e0422008 	sub	r2, r2, r8
     f54:	e5957030 	ldr	r7, [r5, #48]	@ 0x30
     f58:	e59fc0cc 	ldr	ip, [pc, #204]	@ 0x102c
     f5c:	e150000c 	cmp	r0, ip
     f60:	8a0000ab 	bhi	0x1214
     f64:	e7d270f4 			@ <UNDEFINED> instruction: 0xe7d270f4
     f68:	e0499001 	sub	r9, r9, r1
     f6c:	e594a014 	ldr	sl, [r4, #20]
     f70:	e1a02006 	mov	r2, r6
     f74:	e5951030 	ldr	r1, [r5, #48]	@ 0x30
     f78:	e59fe0ac 	ldr	lr, [pc, #172]	@ 0x102c
     f7c:	e7f2e3fc 	udf	#11836	@ 0x2e3c
     f80:	2a0000a3 	bcs	0x1214
     f84:	e7e012f4 			@ <UNDEFINED> instruction: 0xe7e012f4
     f88:	e594c01c 	ldr	ip, [r4, #28]
     f8c:	e04c3003 	sub	r3, ip, r3
     f90:	e584301c 	str	r3, [r4, #28]
     f94:	e594c00c 	ldr	ip, [r4, #12]
     f98:	e28c100c 	add	r1, ip, #12
     f9c:	e5840040 	str	r0, [r4, #64]	@ 0x40
     fa0:	e5843048 	str	r3, [r4, #72]	@ 0x48
     fa4:	e584104c 	str	r1, [r4, #76]	@ 0x4c
     fa8:	e59f0118 	ldr	r0, [pc, #280]	@ 0x10c8
     fac:	e1a01004 	mov	r1, r4
     fb0:	e59d2000 	ldr	r2, [sp]
     fb4:	e59fc110 	ldr	ip, [pc, #272]	@ 0x10cc
     fb8:	e12fff3c 	blx	ip
     fbc:	e3500000 	cmp	r0, #0
     fc0:	1a000096 	bne	0x1220
     fc4:	e5940040 	ldr	r0, [r4, #64]	@ 0x40
     fc8:	e5840040 	str	r0, [r4, #64]	@ 0x40
     fcc:	e59f00fc 	ldr	r0, [pc, #252]	@ 0x10d0
     fd0:	e1a01004 	mov	r1, r4
     fd4:	e59d2000 	ldr	r2, [sp]
     fd8:	e59fc0f4 	ldr	ip, [pc, #244]	@ 0x10d4
     fdc:	e12fff3c 	blx	ip
     fe0:	e3500000 	cmp	r0, #0
     fe4:	1a00008d 	bne	0x1220
     fe8:	e5940040 	ldr	r0, [r4, #64]	@ 0x40
     fec:	e3500000 	cmp	r0, #0
     ff0:	0affff9e 	beq	0xe70
     ff4:	e3790001 	cmn	r9, #1
     ff8:	1a000052 	bne	0x1148
     ffc:	e1a02006 	mov	r2, r6
    1000:	e5951030 	ldr	r1, [r5, #48]	@ 0x30
    1004:	e59fe020 	ldr	lr, [pc, #32]	@ 0x102c
    1008:	e7f2e2fc 	udf	#11820	@ 0x2e2c
    100c:	2a000080 	bcs	0x1214
    1010:	e7e012f4 			@ <UNDEFINED> instruction: 0xe7e012f4
    1014:	ea00002f 	b	0x10d8
    1018:	003f6a20 	eorseq	r6, pc, r0, lsr #20
    101c:	0004890c 	andeq	r8, r4, ip, lsl #18
    1020:	003f6a2c 	eorseq	r6, pc, ip, lsr #20
    1024:	0004890c 	andeq	r8, r4, ip, lsl #18
    1028:	00048004 	andeq	r8, r4, r4
    102c:	0101fffc 	strdeq	pc, [r1, -ip]
    1030:	0004890c 	andeq	r8, r4, ip, lsl #18
    1034:	003f920c 	eorseq	r9, pc, ip, lsl #4
    1038:	0004890c 	andeq	r8, r4, ip, lsl #18
    103c:	003f9248 	eorseq	r9, pc, r8, asr #4
    1040:	00048004 	andeq	r8, r4, r4
    1044:	00048004 	andeq	r8, r4, r4
    1048:	003f7cb0 	ldrhteq	r7, [pc], -r0
    104c:	0004890c 	andeq	r8, r4, ip, lsl #18
    1050:	003f7cbc 	ldrhteq	r7, [pc], -ip
    1054:	0004890c 	andeq	r8, r4, ip, lsl #18
    1058:	003f7ccc 	eorseq	r7, pc, ip, asr #25
    105c:	0004890c 	andeq	r8, r4, ip, lsl #18
    1060:	00048004 	andeq	r8, r4, r4
    1064:	003f3dd8 	ldrsbteq	r3, [pc], -r8
    1068:	003f6dfc 	ldrshteq	r6, [pc], -ip
    106c:	00048c48 	andeq	r8, r4, r8, asr #24
    1070:	003f6e28 	eorseq	r6, pc, r8, lsr #28
    1074:	0004890c 	andeq	r8, r4, ip, lsl #18
    1078:	003f6e3c 	eorseq	r6, pc, ip, lsr lr	@ <UNPREDICTABLE>
    107c:	00048004 	andeq	r8, r4, r4
    1080:	003f3be8 	eorseq	r3, pc, r8, ror #23
    1084:	0004890c 	andeq	r8, r4, ip, lsl #18
    1088:	003f3bf4 	ldrshteq	r3, [pc], -r4
    108c:	0004890c 	andeq	r8, r4, ip, lsl #18
    1090:	0004890c 	andeq	r8, r4, ip, lsl #18
    1094:	003f3c0c 	eorseq	r3, pc, ip, lsl #24
    1098:	0004890c 	andeq	r8, r4, ip, lsl #18
    109c:	00048004 	andeq	r8, r4, r4
    10a0:	003f74f0 	ldrshteq	r7, [pc], -r0
    10a4:	0004890c 	andeq	r8, r4, ip, lsl #18
    10a8:	00048004 	andeq	r8, r4, r4
    10ac:	0004890c 	andeq	r8, r4, ip, lsl #18
    10b0:	003f84dc 	ldrsbteq	r8, [pc], -ip
    10b4:	00048004 	andeq	r8, r4, r4
    10b8:	003f9a9c 	mlaseq	pc, ip, sl, r9	@ <UNPREDICTABLE>
    10bc:	0004890c 	andeq	r8, r4, ip, lsl #18
    10c0:	003f9ab4 	ldrhteq	r9, [pc], -r4
    10c4:	0004890c 	andeq	r8, r4, ip, lsl #18
    10c8:	003f9c64 	eorseq	r9, pc, r4, ror #24
    10cc:	0004890c 	andeq	r8, r4, ip, lsl #18
    10d0:	003f9c7c 	eorseq	r9, pc, ip, ror ip	@ <UNPREDICTABLE>
    10d4:	0004890c 	andeq	r8, r4, ip, lsl #18
    10d8:	e1a01000 	mov	r1, r0
    10dc:	e1a03006 	mov	r3, r6
    10e0:	e5952030 	ldr	r2, [r5, #48]	@ 0x30
    10e4:	e59fefec 	ldr	lr, [pc, #4076]	@ 0x20d8
    10e8:	e7f3e1fc 	udf	#15900	@ 0x3e1c
    10ec:	2a000048 	bcs	0x1214
    10f0:	e7d023f4 			@ <UNDEFINED> instruction: 0xe7d023f4
    10f4:	e1a02006 	mov	r2, r6
    10f8:	e5950030 	ldr	r0, [r5, #48]	@ 0x30
    10fc:	e59fefd4 	ldr	lr, [pc, #4052]	@ 0x20d8
    1100:	e7f2e1f4 	udf	#11796	@ 0x2e14
    1104:	2a000042 	bcs	0x1214
    1108:	e7d102f4 			@ <UNDEFINED> instruction: 0xe7d102f4
    110c:	e1a03006 	mov	r3, r6
    1110:	e5952030 	ldr	r2, [r5, #48]	@ 0x30
    1114:	e59fefbc 	ldr	lr, [pc, #4028]	@ 0x20d8
    1118:	e7f3e3f0 	udf	#15920	@ 0x3e30
    111c:	2a00003c 	bcs	0x1214
    1120:	e7e023f4 			@ <UNDEFINED> instruction: 0xe7e023f4
    1124:	e0811000 	add	r1, r1, r0
    1128:	e1a02006 	mov	r2, r6
    112c:	e5950030 	ldr	r0, [r5, #48]	@ 0x30
    1130:	e59fefa0 	ldr	lr, [pc, #4000]	@ 0x20d8
    1134:	e7f2e1f0 	udf	#11792	@ 0x2e10
    1138:	2a000035 	bcs	0x1214
    113c:	e7d102f4 			@ <UNDEFINED> instruction: 0xe7d102f4
    1140:	e5940008 	ldr	r0, [r4, #8]
    1144:	ea000028 	b	0x11ec
    1148:	e3a00000 	mov	r0, #0
    114c:	e1a02006 	mov	r2, r6
    1150:	e5951030 	ldr	r1, [r5, #48]	@ 0x30
    1154:	e59fef7c 	ldr	lr, [pc, #3964]	@ 0x20d8
    1158:	e7f2e1fc 	udf	#11804	@ 0x2e1c
    115c:	2a00002c 	bcs	0x1214
    1160:	e3a03000 	mov	r3, #0
    1164:	e7d312f4 			@ <UNDEFINED> instruction: 0xe7d312f4
    1168:	e1a02006 	mov	r2, r6
    116c:	e5951030 	ldr	r1, [r5, #48]	@ 0x30
    1170:	e59fef64 	ldr	lr, [pc, #3940]	@ 0x20dc
    1174:	e7f2e1f0 	udf	#11792	@ 0x2e10
    1178:	2a000025 	bcs	0x1214
    117c:	e0811002 	add	r1, r1, r2
    1180:	e3a02000 	mov	r2, #0
    1184:	e3a03000 	mov	r3, #0
    1188:	e5813000 	str	r3, [r1]
    118c:	e5812004 	str	r2, [r1, #4]
    1190:	e1a03006 	mov	r3, r6
    1194:	e5952030 	ldr	r2, [r5, #48]	@ 0x30
    1198:	e59fcf38 	ldr	ip, [pc, #3896]	@ 0x20d8
    119c:	e153000c 	cmp	r3, ip
    11a0:	8a00001b 	bhi	0x1214
    11a4:	e7e123f4 			@ <UNDEFINED> instruction: 0xe7e123f4
    11a8:	e3811020 	orr	r1, r1, #32
    11ac:	e5952030 	ldr	r2, [r5, #48]	@ 0x30
    11b0:	e59fcf20 	ldr	ip, [pc, #3872]	@ 0x20d8
    11b4:	e156000c 	cmp	r6, ip
    11b8:	8a000015 	bhi	0x1214
    11bc:	e7d126f4 			@ <UNDEFINED> instruction: 0xe7d126f4
    11c0:	e594c01c 	ldr	ip, [r4, #28]
    11c4:	e35c0002 	cmp	ip, #2
    11c8:	0a000007 	beq	0x11ec
    11cc:	e5943014 	ldr	r3, [r4, #20]
    11d0:	e5952030 	ldr	r2, [r5, #48]	@ 0x30
    11d4:	e59feefc 	ldr	lr, [pc, #3836]	@ 0x20d8
    11d8:	e7f3e0f4 	udf	#15876	@ 0x3e04
    11dc:	2a00000c 	bcs	0x1214
    11e0:	e7e123f4 			@ <UNDEFINED> instruction: 0xe7e123f4
    11e4:	e594c008 	ldr	ip, [r4, #8]
    11e8:	e04c0001 	sub	r0, ip, r1
    11ec:	e594c00c 	ldr	ip, [r4, #12]
    11f0:	e28c1020 	add	r1, ip, #32
    11f4:	e595203c 	ldr	r2, [r5, #60]	@ 0x3c
    11f8:	e5821008 	str	r1, [r2, #8]
    11fc:	e5840004 	str	r0, [r4, #4]
    1200:	e59f0ed8 	ldr	r0, [pc, #3800]	@ 0x20e0
    1204:	e30ccabc 	movw	ip, #51900	@ 0xcabc
    1208:	e34ccdef 	movt	ip, #52719	@ 0xcdef
    120c:	e28dd004 	add	sp, sp, #4
    1210:	e8bd8fc0 	pop	{r6, r7, r8, r9, sl, fp, pc}
    1214:	e3a00008 	mov	r0, #8
    1218:	e59d1000 	ldr	r1, [sp]
    121c:	e5810010 	str	r0, [r1, #16]
    1220:	e59d0000 	ldr	r0, [sp]
    1224:	e59d101c 	ldr	r1, [sp, #28]
    1228:	e59fceb4 	ldr	ip, [pc, #3764]	@ 0x20e4
    122c:	e12fff3c 	blx	ip
    1230:	e28dd004 	add	sp, sp, #4
    1234:	e8bd0fc0 	pop	{r6, r7, r8, r9, sl, fp}
    1238:	e28dd004 	add	sp, sp, #4
    123c:	e12fff10 	bx	r0
    1240:	e52de004 	push	{lr}		@ (str lr, [sp, #-4]!)
    1244:	e24dd004 	sub	sp, sp, #4
    1248:	e58d0000 	str	r0, [sp]
    124c:	e30cc123 	movw	ip, #49443	@ 0xc123
    1250:	e34cc456 	movt	ip, #50262	@ 0xc456
    1254:	e3a0e000 	mov	lr, #0
    1258:	e584e004 	str	lr, [r4, #4]
    125c:	e59f0e84 	ldr	r0, [pc, #3716]	@ 0x20e8
    1260:	e30ccabc 	movw	ip, #51900	@ 0xcabc
    1264:	e34ccdef 	movt	ip, #52719	@ 0xcdef
    1268:	e28dd004 	add	sp, sp, #4
    126c:	e49df004 	pop	{pc}		@ (ldr pc, [sp], #4)
    1270:	e52de004 	push	{lr}		@ (str lr, [sp, #-4]!)
    1274:	e24dd004 	sub	sp, sp, #4
    1278:	e58d0000 	str	r0, [sp]
    127c:	e30cc123 	movw	ip, #49443	@ 0xc123
    1280:	e34cc456 	movt	ip, #50262	@ 0xc456
    1284:	e3a0e000 	mov	lr, #0
    1288:	e584e010 	str	lr, [r4, #16]
    128c:	e3a0e000 	mov	lr, #0
    1290:	e584e014 	str	lr, [r4, #20]
    1294:	e59f0e50 	ldr	r0, [pc, #3664]	@ 0x20ec
    1298:	e30ccabc 	movw	ip, #51900	@ 0xcabc
    129c:	e34ccdef 	movt	ip, #52719	@ 0xcdef
    12a0:	e28dd004 	add	sp, sp, #4
    12a4:	e49df004 	pop	{pc}		@ (ldr pc, [sp], #4)
    12a8:	e52de004 	push	{lr}		@ (str lr, [sp, #-4]!)
    12ac:	e24dd004 	sub	sp, sp, #4
    12b0:	e58d0000 	str	r0, [sp]
    12b4:	e30cc123 	movw	ip, #49443	@ 0xc123
    12b8:	e34cc456 	movt	ip, #50262	@ 0xc456
    12bc:	e3a0e001 	mov	lr, #1
    12c0:	e584e004 	str	lr, [r4, #4]
    12c4:	e3a009fe 	mov	r0, #4161536	@ 0x3f8000
    12c8:	e3800fc1 	orr	r0, r0, #772	@ 0x304
    12cc:	e30ccabc 	movw	ip, #51900	@ 0xcabc
    12d0:	e34ccdef 	movt	ip, #52719	@ 0xcdef
    12d4:	e28dd004 	add	sp, sp, #4
    12d8:	e49df004 	pop	{pc}		@ (ldr pc, [sp], #4)
    12dc:	e52de004 	push	{lr}		@ (str lr, [sp, #-4]!)
    12e0:	e24dd004 	sub	sp, sp, #4
    12e4:	e58d0000 	str	r0, [sp]
    12e8:	e30cc123 	movw	ip, #49443	@ 0xc123
    12ec:	e34cc456 	movt	ip, #50262	@ 0xc456
    12f0:	e3a009fe 	mov	r0, #4161536	@ 0x3f8000
    12f4:	e3800e88 	orr	r0, r0, #136, 28	@ 0x880
    12f8:	e30ccabc 	movw	ip, #51900	@ 0xcabc
    12fc:	e34ccdef 	movt	ip, #52719	@ 0xcdef
    1300:	e28dd004 	add	sp, sp, #4
    1304:	e49df004 	pop	{pc}		@ (ldr pc, [sp], #4)
    1308:	e52de004 	push	{lr}		@ (str lr, [sp, #-4]!)
    130c:	e24dd004 	sub	sp, sp, #4
    1310:	e58d0000 	str	r0, [sp]
    1314:	e30cc123 	movw	ip, #49443	@ 0xc123
    1318:	e34cc456 	movt	ip, #50262	@ 0xc456
    131c:	e3a0eb4c 	mov	lr, #76, 22	@ 0x13000
    1320:	e38ee1a0 	orr	lr, lr, #160, 2	@ 0x28
    1324:	e584e000 	str	lr, [r4]
    1328:	e59f0dc0 	ldr	r0, [pc, #3520]	@ 0x20f0
    132c:	e30ccabc 	movw	ip, #51900	@ 0xcabc
    1330:	e34ccdef 	movt	ip, #52719	@ 0xcdef
    1334:	e28dd004 	add	sp, sp, #4
    1338:	e49df004 	pop	{pc}		@ (ldr pc, [sp], #4)
    133c:	e92d4040 	push	{r6, lr}
    1340:	e24dd010 	sub	sp, sp, #16
    1344:	e58d0000 	str	r0, [sp]
    1348:	e30cc123 	movw	ip, #49443	@ 0xc123
    134c:	e34cc456 	movt	ip, #50262	@ 0xc456
    1350:	e5946000 	ldr	r6, [r4]
    1354:	e5940004 	ldr	r0, [r4, #4]
    1358:	e5941008 	ldr	r1, [r4, #8]
    135c:	e3510000 	cmp	r1, #0
    1360:	0a00000b 	beq	0x1394
    1364:	e1a02001 	mov	r2, r1
    1368:	e1a01000 	mov	r1, r0
    136c:	e1a00006 	mov	r0, r6
    1370:	e28d3004 	add	r3, sp, #4
    1374:	e595e028 	ldr	lr, [r5, #40]	@ 0x28
    1378:	e58de004 	str	lr, [sp, #4]
    137c:	e595e028 	ldr	lr, [r5, #40]	@ 0x28
    1380:	e58de008 	str	lr, [sp, #8]
    1384:	e59fcd68 	ldr	ip, [pc, #3432]	@ 0x20f4
    1388:	e12fff3c 	blx	ip
    138c:	e3500000 	cmp	r0, #0
    1390:	1a000006 	bne	0x13b0
    1394:	e5846000 	str	r6, [r4]
    1398:	e3a009fe 	mov	r0, #4161536	@ 0x3f8000
    139c:	e3800fb7 	orr	r0, r0, #732	@ 0x2dc
    13a0:	e30ccabc 	movw	ip, #51900	@ 0xcabc
    13a4:	e34ccdef 	movt	ip, #52719	@ 0xcdef
    13a8:	e28dd010 	add	sp, sp, #16
    13ac:	e8bd8040 	pop	{r6, pc}
    13b0:	e59d1000 	ldr	r1, [sp]
    13b4:	e5810010 	str	r0, [r1, #16]
    13b8:	e59d0000 	ldr	r0, [sp]
    13bc:	e59d1014 	ldr	r1, [sp, #20]
    13c0:	e59fcd30 	ldr	ip, [pc, #3376]	@ 0x20f8
    13c4:	e12fff3c 	blx	ip
    13c8:	e59d6010 	ldr	r6, [sp, #16]
    13cc:	e28dd018 	add	sp, sp, #24
    13d0:	e12fff10 	bx	r0
    13d4:	e92d4fc0 	push	{r6, r7, r8, r9, sl, fp, lr}
    13d8:	e24dd004 	sub	sp, sp, #4
    13dc:	e58d0000 	str	r0, [sp]
    13e0:	e30cc123 	movw	ip, #49443	@ 0xc123
    13e4:	e34cc456 	movt	ip, #50262	@ 0xc456
    13e8:	e5940000 	ldr	r0, [r4]
    13ec:	e5941004 	ldr	r1, [r4, #4]
    13f0:	e5942008 	ldr	r2, [r4, #8]
    13f4:	e3520f80 	cmp	r2, #128, 30	@ 0x200
    13f8:	3a00000d 	bcc	0x1434
    13fc:	e5840000 	str	r0, [r4]
    1400:	e5841004 	str	r1, [r4, #4]
    1404:	e5842008 	str	r2, [r4, #8]
    1408:	e59f0cec 	ldr	r0, [pc, #3308]	@ 0x20fc
    140c:	e1a01004 	mov	r1, r4
    1410:	e59d2000 	ldr	r2, [sp]
    1414:	e59fcce4 	ldr	ip, [pc, #3300]	@ 0x2100
    1418:	e12fff3c 	blx	ip
    141c:	e3500000 	cmp	r0, #0
    1420:	1a00016a 	bne	0x19d0
    1424:	e5943030 	ldr	r3, [r4, #48]	@ 0x30
    1428:	e5843030 	str	r3, [r4, #48]	@ 0x30
    142c:	e59f0cd0 	ldr	r0, [pc, #3280]	@ 0x2104
    1430:	ea000161 	b	0x19bc
    1434:	e0803002 	add	r3, r0, r2
    1438:	e0216000 	eor	r6, r1, r0
    143c:	e3160003 	tst	r6, #3
    1440:	1a0000fd 	bne	0x183c
    1444:	e3100003 	tst	r0, #3
    1448:	1a000001 	bne	0x1454
    144c:	e1a06000 	mov	r6, r0
    1450:	ea000019 	b	0x14bc
    1454:	e3520000 	cmp	r2, #0
    1458:	1a000001 	bne	0x1464
    145c:	e1a06000 	mov	r6, r0
    1460:	ea000015 	b	0x14bc
    1464:	e1a06000 	mov	r6, r0
    1468:	e1a09001 	mov	r9, r1
    146c:	e5958030 	ldr	r8, [r5, #48]	@ 0x30
    1470:	e3e0c4fe 	mvn	ip, #-33554432	@ 0xfe000000
    1474:	e3ccc8fe 	bic	ip, ip, #16646144	@ 0xfe0000
    1478:	e159000c 	cmp	r9, ip
    147c:	8a000150 	bhi	0x19c4
    1480:	e7e789f0 			@ <UNDEFINED> instruction: 0xe7e789f0
    1484:	e1a09006 	mov	r9, r6
    1488:	e5958030 	ldr	r8, [r5, #48]	@ 0x30
    148c:	e3e0c4fe 	mvn	ip, #-33554432	@ 0xfe000000
    1490:	e3ccc8fe 	bic	ip, ip, #16646144	@ 0xfe0000
    1494:	e159000c 	cmp	r9, ip
    1498:	8a000149 	bhi	0x19c4
    149c:	e7d789f0 			@ <UNDEFINED> instruction: 0xe7d789f0
    14a0:	e2811001 	add	r1, r1, #1
    14a4:	e2867001 	add	r7, r6, #1
    14a8:	e1a06007 	mov	r6, r7
    14ac:	e3170003 	tst	r7, #3
    14b0:	0a000001 	beq	0x14bc
    14b4:	e1560003 	cmp	r6, r3
    14b8:	3affffea 	bcc	0x1468
    14bc:	e3c37003 	bic	r7, r3, #3
    14c0:	e3530040 	cmp	r3, #64	@ 0x40
    14c4:	3a0000c8 	bcc	0x17ec
    14c8:	e2478040 	sub	r8, r7, #64	@ 0x40
    14cc:	e1a09008 	mov	r9, r8
    14d0:	e1560008 	cmp	r6, r8
    14d4:	8a0000c4 	bhi	0x17ec
    14d8:	e1a0b001 	mov	fp, r1
    14dc:	e595a030 	ldr	sl, [r5, #48]	@ 0x30
    14e0:	e59fcbf0 	ldr	ip, [pc, #3056]	@ 0x20d8
    14e4:	e15b000c 	cmp	fp, ip
    14e8:	8a000135 	bhi	0x19c4
    14ec:	e7e8abf4 			@ <UNDEFINED> instruction: 0xe7e8abf4
    14f0:	e1a0b006 	mov	fp, r6
    14f4:	e595a030 	ldr	sl, [r5, #48]	@ 0x30
    14f8:	e59fcbd8 	ldr	ip, [pc, #3032]	@ 0x20d8
    14fc:	e15b000c 	cmp	fp, ip
    1500:	8a00012f 	bhi	0x19c4
    1504:	e7d8abf4 			@ <UNDEFINED> instruction: 0xe7d8abf4
    1508:	e1a0b001 	mov	fp, r1
    150c:	e595a030 	ldr	sl, [r5, #48]	@ 0x30
    1510:	e59febc0 	ldr	lr, [pc, #3008]	@ 0x20d8
    1514:	e7fbe0f4 	udf	#48644	@ 0xbe04
    1518:	2a000129 	bcs	0x19c4
    151c:	e7e8abf4 			@ <UNDEFINED> instruction: 0xe7e8abf4
    1520:	e1a0b006 	mov	fp, r6
    1524:	e595a030 	ldr	sl, [r5, #48]	@ 0x30
    1528:	e59feba8 	ldr	lr, [pc, #2984]	@ 0x20d8
    152c:	e7fbe0f4 	udf	#48644	@ 0xbe04
    1530:	2a000123 	bcs	0x19c4
    1534:	e7d8abf4 			@ <UNDEFINED> instruction: 0xe7d8abf4
    1538:	e1a0b001 	mov	fp, r1
    153c:	e595a030 	ldr	sl, [r5, #48]	@ 0x30
    1540:	e59feb90 	ldr	lr, [pc, #2960]	@ 0x20d8
    1544:	e7fbe0f8 	udf	#48648	@ 0xbe08
    1548:	2a00011d 	bcs	0x19c4
    154c:	e7e8abf4 			@ <UNDEFINED> instruction: 0xe7e8abf4
    1550:	e1a0b006 	mov	fp, r6
    1554:	e595a030 	ldr	sl, [r5, #48]	@ 0x30
    1558:	e59feb78 	ldr	lr, [pc, #2936]	@ 0x20d8
    155c:	e7fbe0f8 	udf	#48648	@ 0xbe08
    1560:	2a000117 	bcs	0x19c4
    1564:	e7d8abf4 			@ <UNDEFINED> instruction: 0xe7d8abf4
    1568:	e1a0b001 	mov	fp, r1
    156c:	e595a030 	ldr	sl, [r5, #48]	@ 0x30
    1570:	e59feb60 	ldr	lr, [pc, #2912]	@ 0x20d8
    1574:	e7fbe0fc 	udf	#48652	@ 0xbe0c
    1578:	2a000111 	bcs	0x19c4
    157c:	e7e8abf4 			@ <UNDEFINED> instruction: 0xe7e8abf4
    1580:	e1a0b006 	mov	fp, r6
    1584:	e595a030 	ldr	sl, [r5, #48]	@ 0x30
    1588:	e59feb48 	ldr	lr, [pc, #2888]	@ 0x20d8
    158c:	e7fbe0fc 	udf	#48652	@ 0xbe0c
    1590:	2a00010b 	bcs	0x19c4
    1594:	e7d8abf4 			@ <UNDEFINED> instruction: 0xe7d8abf4
    1598:	e1a0b001 	mov	fp, r1
    159c:	e595a030 	ldr	sl, [r5, #48]	@ 0x30
    15a0:	e59feb30 	ldr	lr, [pc, #2864]	@ 0x20d8
    15a4:	e7fbe1f0 	udf	#48656	@ 0xbe10
    15a8:	2a000105 	bcs	0x19c4
    15ac:	e7e8abf4 			@ <UNDEFINED> instruction: 0xe7e8abf4
    15b0:	e1a0b006 	mov	fp, r6
    15b4:	e595a030 	ldr	sl, [r5, #48]	@ 0x30
    15b8:	e59feb18 	ldr	lr, [pc, #2840]	@ 0x20d8
    15bc:	e7fbe1f0 	udf	#48656	@ 0xbe10
    15c0:	2a0000ff 	bcs	0x19c4
    15c4:	e7d8abf4 			@ <UNDEFINED> instruction: 0xe7d8abf4
    15c8:	e1a0b001 	mov	fp, r1
    15cc:	e595a030 	ldr	sl, [r5, #48]	@ 0x30
    15d0:	e59feb00 	ldr	lr, [pc, #2816]	@ 0x20d8
    15d4:	e7fbe1f4 	udf	#48660	@ 0xbe14
    15d8:	2a0000f9 	bcs	0x19c4
    15dc:	e7e8abf4 			@ <UNDEFINED> instruction: 0xe7e8abf4
    15e0:	e1a0b006 	mov	fp, r6
    15e4:	e595a030 	ldr	sl, [r5, #48]	@ 0x30
    15e8:	e59feae8 	ldr	lr, [pc, #2792]	@ 0x20d8
    15ec:	e7fbe1f4 	udf	#48660	@ 0xbe14
    15f0:	2a0000f3 	bcs	0x19c4
    15f4:	e7d8abf4 			@ <UNDEFINED> instruction: 0xe7d8abf4
    15f8:	e1a0b001 	mov	fp, r1
    15fc:	e595a030 	ldr	sl, [r5, #48]	@ 0x30
    1600:	e59fead0 	ldr	lr, [pc, #2768]	@ 0x20d8
    1604:	e7fbe1f8 	udf	#48664	@ 0xbe18
    1608:	2a0000ed 	bcs	0x19c4
    160c:	e7e8abf4 			@ <UNDEFINED> instruction: 0xe7e8abf4
    1610:	e1a0b006 	mov	fp, r6
    1614:	e595a030 	ldr	sl, [r5, #48]	@ 0x30
    1618:	e59feab8 	ldr	lr, [pc, #2744]	@ 0x20d8
    161c:	e7fbe1f8 	udf	#48664	@ 0xbe18
    1620:	2a0000e7 	bcs	0x19c4
    1624:	e7d8abf4 			@ <UNDEFINED> instruction: 0xe7d8abf4
    1628:	e1a0b001 	mov	fp, r1
    162c:	e595a030 	ldr	sl, [r5, #48]	@ 0x30
    1630:	e59feaa0 	ldr	lr, [pc, #2720]	@ 0x20d8
    1634:	e7fbe1fc 	udf	#48668	@ 0xbe1c
    1638:	2a0000e1 	bcs	0x19c4
    163c:	e7e8abf4 			@ <UNDEFINED> instruction: 0xe7e8abf4
    1640:	e1a0b006 	mov	fp, r6
    1644:	e595a030 	ldr	sl, [r5, #48]	@ 0x30
    1648:	e59fea88 	ldr	lr, [pc, #2696]	@ 0x20d8
    164c:	e7fbe1fc 	udf	#48668	@ 0xbe1c
    1650:	2a0000db 	bcs	0x19c4
    1654:	e7d8abf4 			@ <UNDEFINED> instruction: 0xe7d8abf4
    1658:	e1a0b001 	mov	fp, r1
    165c:	e595a030 	ldr	sl, [r5, #48]	@ 0x30
    1660:	e59fea70 	ldr	lr, [pc, #2672]	@ 0x20d8
    1664:	e7fbe2f0 	udf	#48672	@ 0xbe20
    1668:	2a0000d5 	bcs	0x19c4
    166c:	e7e8abf4 			@ <UNDEFINED> instruction: 0xe7e8abf4
    1670:	e1a0b006 	mov	fp, r6
    1674:	e595a030 	ldr	sl, [r5, #48]	@ 0x30
    1678:	e59fea58 	ldr	lr, [pc, #2648]	@ 0x20d8
    167c:	e7fbe2f0 	udf	#48672	@ 0xbe20
    1680:	2a0000cf 	bcs	0x19c4
    1684:	e7d8abf4 			@ <UNDEFINED> instruction: 0xe7d8abf4
    1688:	e1a0b001 	mov	fp, r1
    168c:	e595a030 	ldr	sl, [r5, #48]	@ 0x30
    1690:	e59fea40 	ldr	lr, [pc, #2624]	@ 0x20d8
    1694:	e7fbe2f4 	udf	#48676	@ 0xbe24
    1698:	2a0000c9 	bcs	0x19c4
    169c:	e7e8abf4 			@ <UNDEFINED> instruction: 0xe7e8abf4
    16a0:	e1a0b006 	mov	fp, r6
    16a4:	e595a030 	ldr	sl, [r5, #48]	@ 0x30
    16a8:	e59fea28 	ldr	lr, [pc, #2600]	@ 0x20d8
    16ac:	e7fbe2f4 	udf	#48676	@ 0xbe24
    16b0:	2a0000c3 	bcs	0x19c4
    16b4:	e7d8abf4 			@ <UNDEFINED> instruction: 0xe7d8abf4
    16b8:	e1a0b001 	mov	fp, r1
    16bc:	e595a030 	ldr	sl, [r5, #48]	@ 0x30
    16c0:	e59fea10 	ldr	lr, [pc, #2576]	@ 0x20d8
    16c4:	e7fbe2f8 	udf	#48680	@ 0xbe28
    16c8:	2a0000bd 	bcs	0x19c4
    16cc:	e7e8abf4 			@ <UNDEFINED> instruction: 0xe7e8abf4
    16d0:	e1a0b006 	mov	fp, r6
    16d4:	e595a030 	ldr	sl, [r5, #48]	@ 0x30
    16d8:	e59fe9f8 	ldr	lr, [pc, #2552]	@ 0x20d8
    16dc:	e7fbe2f8 	udf	#48680	@ 0xbe28
    16e0:	2a0000b7 	bcs	0x19c4
    16e4:	e7d8abf4 			@ <UNDEFINED> instruction: 0xe7d8abf4
    16e8:	e1a0b001 	mov	fp, r1
    16ec:	e595a030 	ldr	sl, [r5, #48]	@ 0x30
    16f0:	e59fe9e0 	ldr	lr, [pc, #2528]	@ 0x20d8
    16f4:	e7fbe2fc 	udf	#48684	@ 0xbe2c
    16f8:	2a0000b1 	bcs	0x19c4
    16fc:	e7e8abf4 			@ <UNDEFINED> instruction: 0xe7e8abf4
    1700:	e1a0b006 	mov	fp, r6
    1704:	e595a030 	ldr	sl, [r5, #48]	@ 0x30
    1708:	e59fe9c8 	ldr	lr, [pc, #2504]	@ 0x20d8
    170c:	e7fbe2fc 	udf	#48684	@ 0xbe2c
    1710:	2a0000ab 	bcs	0x19c4
    1714:	e7d8abf4 			@ <UNDEFINED> instruction: 0xe7d8abf4
    1718:	e1a0b001 	mov	fp, r1
    171c:	e595a030 	ldr	sl, [r5, #48]	@ 0x30
    1720:	e59fe9b0 	ldr	lr, [pc, #2480]	@ 0x20d8
    1724:	e7fbe3f0 	udf	#48688	@ 0xbe30
    1728:	2a0000a5 	bcs	0x19c4
    172c:	e7e8abf4 			@ <UNDEFINED> instruction: 0xe7e8abf4
    1730:	e1a0b006 	mov	fp, r6
    1734:	e595a030 	ldr	sl, [r5, #48]	@ 0x30
    1738:	e59fe998 	ldr	lr, [pc, #2456]	@ 0x20d8
    173c:	e7fbe3f0 	udf	#48688	@ 0xbe30
    1740:	2a00009f 	bcs	0x19c4
    1744:	e7d8abf4 			@ <UNDEFINED> instruction: 0xe7d8abf4
    1748:	e1a0b001 	mov	fp, r1
    174c:	e595a030 	ldr	sl, [r5, #48]	@ 0x30
    1750:	e59fe980 	ldr	lr, [pc, #2432]	@ 0x20d8
    1754:	e7fbe3f4 	udf	#48692	@ 0xbe34
    1758:	2a000099 	bcs	0x19c4
    175c:	e7e8abf4 			@ <UNDEFINED> instruction: 0xe7e8abf4
    1760:	e1a0b006 	mov	fp, r6
    1764:	e595a030 	ldr	sl, [r5, #48]	@ 0x30
    1768:	e59fe968 	ldr	lr, [pc, #2408]	@ 0x20d8
    176c:	e7fbe3f4 	udf	#48692	@ 0xbe34
    1770:	2a000093 	bcs	0x19c4
    1774:	e7d8abf4 			@ <UNDEFINED> instruction: 0xe7d8abf4
    1778:	e1a0b001 	mov	fp, r1
    177c:	e595a030 	ldr	sl, [r5, #48]	@ 0x30
    1780:	e59fe950 	ldr	lr, [pc, #2384]	@ 0x20d8
    1784:	e7fbe3f8 	udf	#48696	@ 0xbe38
    1788:	2a00008d 	bcs	0x19c4
    178c:	e7e8abf4 			@ <UNDEFINED> instruction: 0xe7e8abf4
    1790:	e1a0b006 	mov	fp, r6
    1794:	e595a030 	ldr	sl, [r5, #48]	@ 0x30
    1798:	e59fe938 	ldr	lr, [pc, #2360]	@ 0x20d8
    179c:	e7fbe3f8 	udf	#48696	@ 0xbe38
    17a0:	2a000087 	bcs	0x19c4
    17a4:	e7d8abf4 			@ <UNDEFINED> instruction: 0xe7d8abf4
    17a8:	e1a0b001 	mov	fp, r1
    17ac:	e595a030 	ldr	sl, [r5, #48]	@ 0x30
    17b0:	e59fe920 	ldr	lr, [pc, #2336]	@ 0x20d8
    17b4:	e7fbe3fc 	udf	#48700	@ 0xbe3c
    17b8:	2a000081 	bcs	0x19c4
    17bc:	e7e8abf4 			@ <UNDEFINED> instruction: 0xe7e8abf4
    17c0:	e1a0b006 	mov	fp, r6
    17c4:	e595a030 	ldr	sl, [r5, #48]	@ 0x30
    17c8:	e59fe908 	ldr	lr, [pc, #2312]	@ 0x20d8
    17cc:	e7fbe3fc 	udf	#48700	@ 0xbe3c
    17d0:	2a00007b 	bcs	0x19c4
    17d4:	e7d8abf4 			@ <UNDEFINED> instruction: 0xe7d8abf4
    17d8:	e2811040 	add	r1, r1, #64	@ 0x40
    17dc:	e2868040 	add	r8, r6, #64	@ 0x40
    17e0:	e1a06008 	mov	r6, r8
    17e4:	e1580009 	cmp	r8, r9
    17e8:	9affff3a 	bls	0x14d8
    17ec:	e1560007 	cmp	r6, r7
    17f0:	2a000058 	bcs	0x1958
    17f4:	e1a0a001 	mov	sl, r1
    17f8:	e5959030 	ldr	r9, [r5, #48]	@ 0x30
    17fc:	e59fc8d4 	ldr	ip, [pc, #2260]	@ 0x20d8
    1800:	e15a000c 	cmp	sl, ip
    1804:	8a00006e 	bhi	0x19c4
    1808:	e7e89af4 			@ <UNDEFINED> instruction: 0xe7e89af4
    180c:	e1a0a006 	mov	sl, r6
    1810:	e5959030 	ldr	r9, [r5, #48]	@ 0x30
    1814:	e59fc8bc 	ldr	ip, [pc, #2236]	@ 0x20d8
    1818:	e15a000c 	cmp	sl, ip
    181c:	8a000068 	bhi	0x19c4
    1820:	e7d89af4 			@ <UNDEFINED> instruction: 0xe7d89af4
    1824:	e2811004 	add	r1, r1, #4
    1828:	e2868004 	add	r8, r6, #4
    182c:	e1a06008 	mov	r6, r8
    1830:	e1580007 	cmp	r8, r7
    1834:	3affffee 	bcc	0x17f4
    1838:	ea000046 	b	0x1958
    183c:	e3530004 	cmp	r3, #4
    1840:	2a000001 	bcs	0x184c
    1844:	e1a06000 	mov	r6, r0
    1848:	ea000042 	b	0x1958
    184c:	e3520004 	cmp	r2, #4
    1850:	2a000001 	bcs	0x185c
    1854:	e1a06000 	mov	r6, r0
    1858:	ea00003e 	b	0x1958
    185c:	e2432004 	sub	r2, r3, #4
    1860:	e1a06000 	mov	r6, r0
    1864:	e1a09001 	mov	r9, r1
    1868:	e5958030 	ldr	r8, [r5, #48]	@ 0x30
    186c:	e3e0c4fe 	mvn	ip, #-33554432	@ 0xfe000000
    1870:	e3ccc8fe 	bic	ip, ip, #16646144	@ 0xfe0000
    1874:	e159000c 	cmp	r9, ip
    1878:	8a000051 	bhi	0x19c4
    187c:	e7e789f0 			@ <UNDEFINED> instruction: 0xe7e789f0
    1880:	e1a09006 	mov	r9, r6
    1884:	e5958030 	ldr	r8, [r5, #48]	@ 0x30
    1888:	e3e0c4fe 	mvn	ip, #-33554432	@ 0xfe000000
    188c:	e3ccc8fe 	bic	ip, ip, #16646144	@ 0xfe0000
    1890:	e159000c 	cmp	r9, ip
    1894:	8a00004a 	bhi	0x19c4
    1898:	e7d789f0 			@ <UNDEFINED> instruction: 0xe7d789f0
    189c:	e1a09001 	mov	r9, r1
    18a0:	e5958030 	ldr	r8, [r5, #48]	@ 0x30
    18a4:	e3e0e4fe 	mvn	lr, #-33554432	@ 0xfe000000
    18a8:	e3cee8fe 	bic	lr, lr, #16646144	@ 0xfe0000
    18ac:	e7f9e0f1 	udf	#40449	@ 0x9e01
    18b0:	2a000043 	bcs	0x19c4
    18b4:	e7e789f0 			@ <UNDEFINED> instruction: 0xe7e789f0
    18b8:	e1a09006 	mov	r9, r6
    18bc:	e5958030 	ldr	r8, [r5, #48]	@ 0x30
    18c0:	e3e0e4fe 	mvn	lr, #-33554432	@ 0xfe000000
    18c4:	e3cee8fe 	bic	lr, lr, #16646144	@ 0xfe0000
    18c8:	e7f9e0f1 	udf	#40449	@ 0x9e01
    18cc:	2a00003c 	bcs	0x19c4
    18d0:	e7d789f0 			@ <UNDEFINED> instruction: 0xe7d789f0
    18d4:	e1a09001 	mov	r9, r1
    18d8:	e5958030 	ldr	r8, [r5, #48]	@ 0x30
    18dc:	e3e0e4fe 	mvn	lr, #-33554432	@ 0xfe000000
    18e0:	e3cee8fe 	bic	lr, lr, #16646144	@ 0xfe0000
    18e4:	e7f9e0f2 	udf	#40450	@ 0x9e02
    18e8:	2a000035 	bcs	0x19c4
    18ec:	e7e789f0 			@ <UNDEFINED> instruction: 0xe7e789f0
    18f0:	e1a09006 	mov	r9, r6
    18f4:	e5958030 	ldr	r8, [r5, #48]	@ 0x30
    18f8:	e3e0e4fe 	mvn	lr, #-33554432	@ 0xfe000000
    18fc:	e3cee8fe 	bic	lr, lr, #16646144	@ 0xfe0000
    1900:	e7f9e0f2 	udf	#40450	@ 0x9e02
    1904:	2a00002e 	bcs	0x19c4
    1908:	e7d789f0 			@ <UNDEFINED> instruction: 0xe7d789f0
    190c:	e1a09001 	mov	r9, r1
    1910:	e5958030 	ldr	r8, [r5, #48]	@ 0x30
    1914:	e3e0e4fe 	mvn	lr, #-33554432	@ 0xfe000000
    1918:	e3cee8fe 	bic	lr, lr, #16646144	@ 0xfe0000
    191c:	e7f9e0f3 	udf	#40451	@ 0x9e03
    1920:	2a000027 	bcs	0x19c4
    1924:	e7e789f0 			@ <UNDEFINED> instruction: 0xe7e789f0
    1928:	e1a09006 	mov	r9, r6
    192c:	e5958030 	ldr	r8, [r5, #48]	@ 0x30
    1930:	e3e0e4fe 	mvn	lr, #-33554432	@ 0xfe000000
    1934:	e3cee8fe 	bic	lr, lr, #16646144	@ 0xfe0000
    1938:	e7f9e0f3 	udf	#40451	@ 0x9e03
    193c:	2a000020 	bcs	0x19c4
    1940:	e7d789f0 			@ <UNDEFINED> instruction: 0xe7d789f0
    1944:	e2811004 	add	r1, r1, #4
    1948:	e2867004 	add	r7, r6, #4
    194c:	e1a06007 	mov	r6, r7
    1950:	e1570002 	cmp	r7, r2
    1954:	9affffc2 	bls	0x1864
    1958:	e1560003 	cmp	r6, r3
    195c:	2a000012 	bcs	0x19ac
    1960:	e1a08001 	mov	r8, r1
    1964:	e5957030 	ldr	r7, [r5, #48]	@ 0x30
    1968:	e3e0c4fe 	mvn	ip, #-33554432	@ 0xfe000000
    196c:	e3ccc8fe 	bic	ip, ip, #16646144	@ 0xfe0000
    1970:	e158000c 	cmp	r8, ip
    1974:	8a000012 	bhi	0x19c4
    1978:	e7e278f0 			@ <UNDEFINED> instruction: 0xe7e278f0
    197c:	e1a08006 	mov	r8, r6
    1980:	e5957030 	ldr	r7, [r5, #48]	@ 0x30
    1984:	e3e0c4fe 	mvn	ip, #-33554432	@ 0xfe000000
    1988:	e3ccc8fe 	bic	ip, ip, #16646144	@ 0xfe0000
    198c:	e158000c 	cmp	r8, ip
    1990:	8a00000b 	bhi	0x19c4
    1994:	e7d278f0 			@ <UNDEFINED> instruction: 0xe7d278f0
    1998:	e2811001 	add	r1, r1, #1
    199c:	e2862001 	add	r2, r6, #1
    19a0:	e1a06002 	mov	r6, r2
    19a4:	e1520003 	cmp	r2, r3
    19a8:	1affffec 	bne	0x1960
    19ac:	e5840000 	str	r0, [r4]
    19b0:	e59f0750 	ldr	r0, [pc, #1872]	@ 0x2108
    19b4:	e30ccabc 	movw	ip, #51900	@ 0xcabc
    19b8:	e34ccdef 	movt	ip, #52719	@ 0xcdef
    19bc:	e28dd004 	add	sp, sp, #4
    19c0:	e8bd8fc0 	pop	{r6, r7, r8, r9, sl, fp, pc}
    19c4:	e3a00008 	mov	r0, #8
    19c8:	e59d1000 	ldr	r1, [sp]
    19cc:	e5810010 	str	r0, [r1, #16]
    19d0:	e59d0000 	ldr	r0, [sp]
    19d4:	e59d101c 	ldr	r1, [sp, #28]
    19d8:	e59fc72c 	ldr	ip, [pc, #1836]	@ 0x210c
    19dc:	e12fff3c 	blx	ip
    19e0:	e28dd004 	add	sp, sp, #4
    19e4:	e8bd0fc0 	pop	{r6, r7, r8, r9, sl, fp}
    19e8:	e28dd004 	add	sp, sp, #4
    19ec:	e12fff10 	bx	r0
    19f0:	e92d43c0 	push	{r6, r7, r8, r9, lr}
    19f4:	e24dd004 	sub	sp, sp, #4
    19f8:	e58d0000 	str	r0, [sp]
    19fc:	e30cc123 	movw	ip, #49443	@ 0xc123
    1a00:	e34cc456 	movt	ip, #50262	@ 0xc456
    1a04:	e5942000 	ldr	r2, [r4]
    1a08:	e5940004 	ldr	r0, [r4, #4]
    1a0c:	e5941008 	ldr	r1, [r4, #8]
    1a10:	e3510000 	cmp	r1, #0
    1a14:	0a0000d7 	beq	0x1d78
    1a18:	e1a06002 	mov	r6, r2
    1a1c:	e5953030 	ldr	r3, [r5, #48]	@ 0x30
    1a20:	e3e0c4fe 	mvn	ip, #-33554432	@ 0xfe000000
    1a24:	e3ccc8fe 	bic	ip, ip, #16646144	@ 0xfe0000
    1a28:	e156000c 	cmp	r6, ip
    1a2c:	8a0000d7 	bhi	0x1d90
    1a30:	e7d036f0 			@ <UNDEFINED> instruction: 0xe7d036f0
    1a34:	e0823001 	add	r3, r2, r1
    1a38:	e1a06003 	mov	r6, r3
    1a3c:	e2433001 	sub	r3, r3, #1
    1a40:	e5957030 	ldr	r7, [r5, #48]	@ 0x30
    1a44:	e3e0c4fe 	mvn	ip, #-33554432	@ 0xfe000000
    1a48:	e3ccc8fe 	bic	ip, ip, #16646144	@ 0xfe0000
    1a4c:	e153000c 	cmp	r3, ip
    1a50:	8a0000ce 	bhi	0x1d90
    1a54:	e7d073f0 			@ <UNDEFINED> instruction: 0xe7d073f0
    1a58:	e3510003 	cmp	r1, #3
    1a5c:	3a0000c5 	bcc	0x1d78
    1a60:	e1a07002 	mov	r7, r2
    1a64:	e5953030 	ldr	r3, [r5, #48]	@ 0x30
    1a68:	e3e0e4fe 	mvn	lr, #-33554432	@ 0xfe000000
    1a6c:	e3cee8fe 	bic	lr, lr, #16646144	@ 0xfe0000
    1a70:	e7f7e0f2 	udf	#32258	@ 0x7e02
    1a74:	2a0000c5 	bcs	0x1d90
    1a78:	e7d037f0 			@ <UNDEFINED> instruction: 0xe7d037f0
    1a7c:	e1a07002 	mov	r7, r2
    1a80:	e5953030 	ldr	r3, [r5, #48]	@ 0x30
    1a84:	e3e0e4fe 	mvn	lr, #-33554432	@ 0xfe000000
    1a88:	e3cee8fe 	bic	lr, lr, #16646144	@ 0xfe0000
    1a8c:	e7f7e0f1 	udf	#32257	@ 0x7e01
    1a90:	2a0000be 	bcs	0x1d90
    1a94:	e7d037f0 			@ <UNDEFINED> instruction: 0xe7d037f0
    1a98:	e2463003 	sub	r3, r6, #3
    1a9c:	e5957030 	ldr	r7, [r5, #48]	@ 0x30
    1aa0:	e3e0c4fe 	mvn	ip, #-33554432	@ 0xfe000000
    1aa4:	e3ccc8fe 	bic	ip, ip, #16646144	@ 0xfe0000
    1aa8:	e153000c 	cmp	r3, ip
    1aac:	8a0000b7 	bhi	0x1d90
    1ab0:	e7d073f0 			@ <UNDEFINED> instruction: 0xe7d073f0
    1ab4:	e2463002 	sub	r3, r6, #2
    1ab8:	e5957030 	ldr	r7, [r5, #48]	@ 0x30
    1abc:	e3e0c4fe 	mvn	ip, #-33554432	@ 0xfe000000
    1ac0:	e3ccc8fe 	bic	ip, ip, #16646144	@ 0xfe0000
    1ac4:	e153000c 	cmp	r3, ip
    1ac8:	8a0000b0 	bhi	0x1d90
    1acc:	e7d073f0 			@ <UNDEFINED> instruction: 0xe7d073f0
    1ad0:	e3510007 	cmp	r1, #7
    1ad4:	3a0000a7 	bcc	0x1d78
    1ad8:	e1a07002 	mov	r7, r2
    1adc:	e5953030 	ldr	r3, [r5, #48]	@ 0x30
    1ae0:	e3e0e4fe 	mvn	lr, #-33554432	@ 0xfe000000
    1ae4:	e3cee8fe 	bic	lr, lr, #16646144	@ 0xfe0000
    1ae8:	e7f7e0f3 	udf	#32259	@ 0x7e03
    1aec:	2a0000a7 	bcs	0x1d90
    1af0:	e7d037f0 			@ <UNDEFINED> instruction: 0xe7d037f0
    1af4:	e2466004 	sub	r6, r6, #4
    1af8:	e5953030 	ldr	r3, [r5, #48]	@ 0x30
    1afc:	e3e0c4fe 	mvn	ip, #-33554432	@ 0xfe000000
    1b00:	e3ccc8fe 	bic	ip, ip, #16646144	@ 0xfe0000
    1b04:	e156000c 	cmp	r6, ip
    1b08:	8a0000a0 	bhi	0x1d90
    1b0c:	e7d036f0 			@ <UNDEFINED> instruction: 0xe7d036f0
    1b10:	e3510009 	cmp	r1, #9
    1b14:	3a000097 	bcc	0x1d78
    1b18:	e2623000 	rsb	r3, r2, #0
    1b1c:	e2033003 	and	r3, r3, #3
    1b20:	e1a06003 	mov	r6, r3
    1b24:	e0823003 	add	r3, r2, r3
    1b28:	e1a07003 	mov	r7, r3
    1b2c:	e20000ff 	and	r0, r0, #255	@ 0xff
    1b30:	e59fc5d8 	ldr	ip, [pc, #1496]	@ 0x2110
    1b34:	e0000c90 	mul	r0, r0, ip
    1b38:	e1a08000 	mov	r8, r0
    1b3c:	e5959030 	ldr	r9, [r5, #48]	@ 0x30
    1b40:	e59fc590 	ldr	ip, [pc, #1424]	@ 0x20d8
    1b44:	e153000c 	cmp	r3, ip
    1b48:	8a000090 	bhi	0x1d90
    1b4c:	e7d093f4 			@ <UNDEFINED> instruction: 0xe7d093f4
    1b50:	e0411006 	sub	r1, r1, r6
    1b54:	e3c11003 	bic	r1, r1, #3
    1b58:	e1a00001 	mov	r0, r1
    1b5c:	e0871001 	add	r1, r7, r1
    1b60:	e1a03001 	mov	r3, r1
    1b64:	e2411004 	sub	r1, r1, #4
    1b68:	e5956030 	ldr	r6, [r5, #48]	@ 0x30
    1b6c:	e59fc564 	ldr	ip, [pc, #1380]	@ 0x20d8
    1b70:	e151000c 	cmp	r1, ip
    1b74:	8a000085 	bhi	0x1d90
    1b78:	e7d861f4 			@ <UNDEFINED> instruction: 0xe7d861f4
    1b7c:	e3500009 	cmp	r0, #9
    1b80:	3a00007c 	bcc	0x1d78
    1b84:	e1a06007 	mov	r6, r7
    1b88:	e5951030 	ldr	r1, [r5, #48]	@ 0x30
    1b8c:	e59fe544 	ldr	lr, [pc, #1348]	@ 0x20d8
    1b90:	e7f6e0f8 	udf	#28168	@ 0x6e08
    1b94:	2a00007d 	bcs	0x1d90
    1b98:	e7d816f4 			@ <UNDEFINED> instruction: 0xe7d816f4
    1b9c:	e1a06007 	mov	r6, r7
    1ba0:	e5951030 	ldr	r1, [r5, #48]	@ 0x30
    1ba4:	e59fe52c 	ldr	lr, [pc, #1324]	@ 0x20d8
    1ba8:	e7f6e0f4 	udf	#28164	@ 0x6e04
    1bac:	2a000077 	bcs	0x1d90
    1bb0:	e7d816f4 			@ <UNDEFINED> instruction: 0xe7d816f4
    1bb4:	e2431008 	sub	r1, r3, #8
    1bb8:	e5956030 	ldr	r6, [r5, #48]	@ 0x30
    1bbc:	e59fc514 	ldr	ip, [pc, #1300]	@ 0x20d8
    1bc0:	e151000c 	cmp	r1, ip
    1bc4:	8a000071 	bhi	0x1d90
    1bc8:	e7d861f4 			@ <UNDEFINED> instruction: 0xe7d861f4
    1bcc:	e243100c 	sub	r1, r3, #12
    1bd0:	e5956030 	ldr	r6, [r5, #48]	@ 0x30
    1bd4:	e59fc4fc 	ldr	ip, [pc, #1276]	@ 0x20d8
    1bd8:	e151000c 	cmp	r1, ip
    1bdc:	8a00006b 	bhi	0x1d90
    1be0:	e7d861f4 			@ <UNDEFINED> instruction: 0xe7d861f4
    1be4:	e3500019 	cmp	r0, #25
    1be8:	3a000062 	bcc	0x1d78
    1bec:	e1a06007 	mov	r6, r7
    1bf0:	e5951030 	ldr	r1, [r5, #48]	@ 0x30
    1bf4:	e59fe4dc 	ldr	lr, [pc, #1244]	@ 0x20d8
    1bf8:	e7f6e1f8 	udf	#28184	@ 0x6e18
    1bfc:	2a000063 	bcs	0x1d90
    1c00:	e7d816f4 			@ <UNDEFINED> instruction: 0xe7d816f4
    1c04:	e1a06007 	mov	r6, r7
    1c08:	e5951030 	ldr	r1, [r5, #48]	@ 0x30
    1c0c:	e59fe4c4 	ldr	lr, [pc, #1220]	@ 0x20d8
    1c10:	e7f6e1f4 	udf	#28180	@ 0x6e14
    1c14:	2a00005d 	bcs	0x1d90
    1c18:	e7d816f4 			@ <UNDEFINED> instruction: 0xe7d816f4
    1c1c:	e1a06007 	mov	r6, r7
    1c20:	e5951030 	ldr	r1, [r5, #48]	@ 0x30
    1c24:	e59fe4ac 	ldr	lr, [pc, #1196]	@ 0x20d8
    1c28:	e7f6e1f0 	udf	#28176	@ 0x6e10
    1c2c:	2a000057 	bcs	0x1d90
    1c30:	e7d816f4 			@ <UNDEFINED> instruction: 0xe7d816f4
    1c34:	e1a06007 	mov	r6, r7
    1c38:	e5951030 	ldr	r1, [r5, #48]	@ 0x30
    1c3c:	e59fe494 	ldr	lr, [pc, #1172]	@ 0x20d8
    1c40:	e7f6e0fc 	udf	#28172	@ 0x6e0c
    1c44:	2a000051 	bcs	0x1d90
    1c48:	e7d816f4 			@ <UNDEFINED> instruction: 0xe7d816f4
    1c4c:	e2431010 	sub	r1, r3, #16
    1c50:	e5956030 	ldr	r6, [r5, #48]	@ 0x30
    1c54:	e59fc47c 	ldr	ip, [pc, #1148]	@ 0x20d8
    1c58:	e151000c 	cmp	r1, ip
    1c5c:	8a00004b 	bhi	0x1d90
    1c60:	e7d861f4 			@ <UNDEFINED> instruction: 0xe7d861f4
    1c64:	e2431014 	sub	r1, r3, #20
    1c68:	e5956030 	ldr	r6, [r5, #48]	@ 0x30
    1c6c:	e59fc464 	ldr	ip, [pc, #1124]	@ 0x20d8
    1c70:	e151000c 	cmp	r1, ip
    1c74:	8a000045 	bhi	0x1d90
    1c78:	e7d861f4 			@ <UNDEFINED> instruction: 0xe7d861f4
    1c7c:	e2431018 	sub	r1, r3, #24
    1c80:	e5956030 	ldr	r6, [r5, #48]	@ 0x30
    1c84:	e59fc44c 	ldr	ip, [pc, #1100]	@ 0x20d8
    1c88:	e151000c 	cmp	r1, ip
    1c8c:	8a00003f 	bhi	0x1d90
    1c90:	e7d861f4 			@ <UNDEFINED> instruction: 0xe7d861f4
    1c94:	e243301c 	sub	r3, r3, #28
    1c98:	e5951030 	ldr	r1, [r5, #48]	@ 0x30
    1c9c:	e59fc434 	ldr	ip, [pc, #1076]	@ 0x20d8
    1ca0:	e153000c 	cmp	r3, ip
    1ca4:	8a000039 	bhi	0x1d90
    1ca8:	e7d813f4 			@ <UNDEFINED> instruction: 0xe7d813f4
    1cac:	e2071004 	and	r1, r7, #4
    1cb0:	e3811018 	orr	r1, r1, #24
    1cb4:	e1a03001 	mov	r3, r1
    1cb8:	e0400001 	sub	r0, r0, r1
    1cbc:	e1a06000 	mov	r6, r0
    1cc0:	e3500020 	cmp	r0, #32
    1cc4:	3a00002b 	bcc	0x1d78
    1cc8:	e1a00008 	mov	r0, r8
    1ccc:	e3a01000 	mov	r1, #0
    1cd0:	e1a08000 	mov	r8, r0
    1cd4:	e3a0c001 	mov	ip, #1
    1cd8:	e0080c98 	mul	r8, r8, ip
    1cdc:	e0811008 	add	r1, r1, r8
    1ce0:	e0877003 	add	r7, r7, r3
    1ce4:	e1a08007 	mov	r8, r7
    1ce8:	e5953030 	ldr	r3, [r5, #48]	@ 0x30
    1cec:	e59fe3e8 	ldr	lr, [pc, #1000]	@ 0x20dc
    1cf0:	e7f8e1f8 	udf	#36376	@ 0x8e18
    1cf4:	2a000025 	bcs	0x1d90
    1cf8:	e083c008 	add	ip, r3, r8
    1cfc:	e58c0000 	str	r0, [ip]
    1d00:	e58c1004 	str	r1, [ip, #4]
    1d04:	e1a08007 	mov	r8, r7
    1d08:	e5953030 	ldr	r3, [r5, #48]	@ 0x30
    1d0c:	e59fe3c8 	ldr	lr, [pc, #968]	@ 0x20dc
    1d10:	e7f8e1f0 	udf	#36368	@ 0x8e10
    1d14:	2a00001d 	bcs	0x1d90
    1d18:	e083c008 	add	ip, r3, r8
    1d1c:	e58c0000 	str	r0, [ip]
    1d20:	e58c1004 	str	r1, [ip, #4]
    1d24:	e1a08007 	mov	r8, r7
    1d28:	e5953030 	ldr	r3, [r5, #48]	@ 0x30
    1d2c:	e59fe3a8 	ldr	lr, [pc, #936]	@ 0x20dc
    1d30:	e7f8e0f8 	udf	#36360	@ 0x8e08
    1d34:	2a000015 	bcs	0x1d90
    1d38:	e083c008 	add	ip, r3, r8
    1d3c:	e58c0000 	str	r0, [ip]
    1d40:	e58c1004 	str	r1, [ip, #4]
    1d44:	e1a08007 	mov	r8, r7
    1d48:	e5953030 	ldr	r3, [r5, #48]	@ 0x30
    1d4c:	e59fc388 	ldr	ip, [pc, #904]	@ 0x20dc
    1d50:	e158000c 	cmp	r8, ip
    1d54:	8a00000d 	bhi	0x1d90
    1d58:	e083c008 	add	ip, r3, r8
    1d5c:	e58c0000 	str	r0, [ip]
    1d60:	e58c1004 	str	r1, [ip, #4]
    1d64:	e2877020 	add	r7, r7, #32
    1d68:	e2463020 	sub	r3, r6, #32
    1d6c:	e1a06003 	mov	r6, r3
    1d70:	e353001f 	cmp	r3, #31
    1d74:	8affffda 	bhi	0x1ce4
    1d78:	e5842000 	str	r2, [r4]
    1d7c:	e59f0390 	ldr	r0, [pc, #912]	@ 0x2114
    1d80:	e30ccabc 	movw	ip, #51900	@ 0xcabc
    1d84:	e34ccdef 	movt	ip, #52719	@ 0xcdef
    1d88:	e28dd004 	add	sp, sp, #4
    1d8c:	e8bd83c0 	pop	{r6, r7, r8, r9, pc}
    1d90:	e3a00008 	mov	r0, #8
    1d94:	e59d1000 	ldr	r1, [sp]
    1d98:	e5810010 	str	r0, [r1, #16]
    1d9c:	e59d0000 	ldr	r0, [sp]
    1da0:	e59d1014 	ldr	r1, [sp, #20]
    1da4:	e59fc36c 	ldr	ip, [pc, #876]	@ 0x2118
    1da8:	e12fff3c 	blx	ip
    1dac:	e28dd004 	add	sp, sp, #4
    1db0:	e8bd03c0 	pop	{r6, r7, r8, r9}
    1db4:	e28dd004 	add	sp, sp, #4
    1db8:	e12fff10 	bx	r0
    1dbc:	e52de004 	push	{lr}		@ (str lr, [sp, #-4]!)
    1dc0:	e24dd004 	sub	sp, sp, #4
    1dc4:	e58d0000 	str	r0, [sp]
    1dc8:	e30cc123 	movw	ip, #49443	@ 0xc123
    1dcc:	e34cc456 	movt	ip, #50262	@ 0xc456
    1dd0:	e3a009fe 	mov	r0, #4161536	@ 0x3f8000
    1dd4:	e3800e6c 	orr	r0, r0, #108, 28	@ 0x6c0
    1dd8:	e30ccabc 	movw	ip, #51900	@ 0xcabc
    1ddc:	e34ccdef 	movt	ip, #52719	@ 0xcdef
    1de0:	e28dd004 	add	sp, sp, #4
    1de4:	e49df004 	pop	{pc}		@ (ldr pc, [sp], #4)
    1de8:	e52de004 	push	{lr}		@ (str lr, [sp, #-4]!)
    1dec:	e24dd004 	sub	sp, sp, #4
    1df0:	e58d0000 	str	r0, [sp]
    1df4:	e30cc123 	movw	ip, #49443	@ 0xc123
    1df8:	e34cc456 	movt	ip, #50262	@ 0xc456
    1dfc:	e3a0eb4c 	mov	lr, #76, 22	@ 0x13000
    1e00:	e38ee1b0 	orr	lr, lr, #176, 2	@ 0x2c
    1e04:	e584e000 	str	lr, [r4]
    1e08:	e59f030c 	ldr	r0, [pc, #780]	@ 0x211c
    1e0c:	e1a01004 	mov	r1, r4
    1e10:	e59d2000 	ldr	r2, [sp]
    1e14:	e59fc304 	ldr	ip, [pc, #772]	@ 0x2120
    1e18:	e12fff3c 	blx	ip
    1e1c:	e3500000 	cmp	r0, #0
    1e20:	1a000008 	bne	0x1e48
    1e24:	e3a0eb4c 	mov	lr, #76, 22	@ 0x13000
    1e28:	e38ee1c0 	orr	lr, lr, #192, 2	@ 0x30
    1e2c:	e584e004 	str	lr, [r4, #4]
    1e30:	e3a009fe 	mov	r0, #4161536	@ 0x3f8000
    1e34:	e3800e44 	orr	r0, r0, #68, 28	@ 0x440
    1e38:	e30ccabc 	movw	ip, #51900	@ 0xcabc
    1e3c:	e34ccdef 	movt	ip, #52719	@ 0xcdef
    1e40:	e28dd004 	add	sp, sp, #4
    1e44:	e49df004 	pop	{pc}		@ (ldr pc, [sp], #4)
    1e48:	e59d0000 	ldr	r0, [sp]
    1e4c:	e59d1004 	ldr	r1, [sp, #4]
    1e50:	e59fc2cc 	ldr	ip, [pc, #716]	@ 0x2124
    1e54:	e12fff3c 	blx	ip
    1e58:	e28dd008 	add	sp, sp, #8
    1e5c:	e12fff10 	bx	r0
    1e60:	e92d4040 	push	{r6, lr}
    1e64:	e24dd008 	sub	sp, sp, #8
    1e68:	e58d0000 	str	r0, [sp]
    1e6c:	e30cc123 	movw	ip, #49443	@ 0xc123
    1e70:	e34cc456 	movt	ip, #50262	@ 0xc456
    1e74:	e59f02ac 	ldr	r0, [pc, #684]	@ 0x2128
    1e78:	e1a01004 	mov	r1, r4
    1e7c:	e59d2000 	ldr	r2, [sp]
    1e80:	e59fc2a4 	ldr	ip, [pc, #676]	@ 0x212c
    1e84:	e12fff3c 	blx	ip
    1e88:	e3500000 	cmp	r0, #0
    1e8c:	1a000044 	bne	0x1fa4
    1e90:	e5940008 	ldr	r0, [r4, #8]
    1e94:	e1a02000 	mov	r2, r0
    1e98:	e5951030 	ldr	r1, [r5, #48]	@ 0x30
    1e9c:	e59fc234 	ldr	ip, [pc, #564]	@ 0x20d8
    1ea0:	e152000c 	cmp	r2, ip
    1ea4:	8a00003b 	bhi	0x1f98
    1ea8:	e7e012f4 			@ <UNDEFINED> instruction: 0xe7e012f4
    1eac:	e1a06000 	mov	r6, r0
    1eb0:	e3500000 	cmp	r0, #0
    1eb4:	0a000010 	beq	0x1efc
    1eb8:	e5846000 	str	r6, [r4]
    1ebc:	e59f026c 	ldr	r0, [pc, #620]	@ 0x2130
    1ec0:	e1a01004 	mov	r1, r4
    1ec4:	e59d2000 	ldr	r2, [sp]
    1ec8:	e59fc264 	ldr	ip, [pc, #612]	@ 0x2134
    1ecc:	e12fff3c 	blx	ip
    1ed0:	e3500000 	cmp	r0, #0
    1ed4:	1a000032 	bne	0x1fa4
    1ed8:	e1a02006 	mov	r2, r6
    1edc:	e5951030 	ldr	r1, [r5, #48]	@ 0x30
    1ee0:	e59fe1f0 	ldr	lr, [pc, #496]	@ 0x20d8
    1ee4:	e7f2e3f8 	udf	#11832	@ 0x2e38
    1ee8:	2a00002a 	bcs	0x1f98
    1eec:	e7e012f4 			@ <UNDEFINED> instruction: 0xe7e012f4
    1ef0:	e1a06000 	mov	r6, r0
    1ef4:	e3500000 	cmp	r0, #0
    1ef8:	1affffee 	bne	0x1eb8
    1efc:	e5951030 	ldr	r1, [r5, #48]	@ 0x30
    1f00:	e281cb50 	add	ip, r1, #80, 22	@ 0x14000
    1f04:	e51c0fcc 	ldr	r0, [ip, #-4044]	@ 0xfffff034
    1f08:	e5840008 	str	r0, [r4, #8]
    1f0c:	e59f0224 	ldr	r0, [pc, #548]	@ 0x2138
    1f10:	e1a01004 	mov	r1, r4
    1f14:	e59d2000 	ldr	r2, [sp]
    1f18:	e59fc21c 	ldr	ip, [pc, #540]	@ 0x213c
    1f1c:	e12fff3c 	blx	ip
    1f20:	e3500000 	cmp	r0, #0
    1f24:	1a00001e 	bne	0x1fa4
    1f28:	e5951030 	ldr	r1, [r5, #48]	@ 0x30
    1f2c:	e281cb40 	add	ip, r1, #64, 22	@ 0x10000
    1f30:	e59c0b78 	ldr	r0, [ip, #2936]	@ 0xb78
    1f34:	e5840008 	str	r0, [r4, #8]
    1f38:	e3a009fc 	mov	r0, #252, 18	@ 0x3f0000
    1f3c:	e3800db1 	orr	r0, r0, #11328	@ 0x2c40
    1f40:	e1a01004 	mov	r1, r4
    1f44:	e59d2000 	ldr	r2, [sp]
    1f48:	e59fc1f0 	ldr	ip, [pc, #496]	@ 0x2140
    1f4c:	e12fff3c 	blx	ip
    1f50:	e3500000 	cmp	r0, #0
    1f54:	1a000012 	bne	0x1fa4
    1f58:	e5951030 	ldr	r1, [r5, #48]	@ 0x30
    1f5c:	e281cb40 	add	ip, r1, #64, 22	@ 0x10000
    1f60:	e59c0c10 	ldr	r0, [ip, #3088]	@ 0xc10
    1f64:	e5840008 	str	r0, [r4, #8]
    1f68:	e59f01d4 	ldr	r0, [pc, #468]	@ 0x2144
    1f6c:	e1a01004 	mov	r1, r4
    1f70:	e59d2000 	ldr	r2, [sp]
    1f74:	e59fc1cc 	ldr	ip, [pc, #460]	@ 0x2148
    1f78:	e12fff3c 	blx	ip
    1f7c:	e3500000 	cmp	r0, #0
    1f80:	1a000007 	bne	0x1fa4
    1f84:	e59f01c0 	ldr	r0, [pc, #448]	@ 0x214c
    1f88:	e30ccabc 	movw	ip, #51900	@ 0xcabc
    1f8c:	e34ccdef 	movt	ip, #52719	@ 0xcdef
    1f90:	e28dd008 	add	sp, sp, #8
    1f94:	e8bd8040 	pop	{r6, pc}
    1f98:	e3a00008 	mov	r0, #8
    1f9c:	e59d1000 	ldr	r1, [sp]
    1fa0:	e5810010 	str	r0, [r1, #16]
    1fa4:	e59d0000 	ldr	r0, [sp]
    1fa8:	e59d100c 	ldr	r1, [sp, #12]
    1fac:	e59fc19c 	ldr	ip, [pc, #412]	@ 0x2150
    1fb0:	e12fff3c 	blx	ip
    1fb4:	e59d6008 	ldr	r6, [sp, #8]
    1fb8:	e28dd010 	add	sp, sp, #16
    1fbc:	e12fff10 	bx	r0
    1fc0:	e92d40c0 	push	{r6, r7, lr}
    1fc4:	e24dd004 	sub	sp, sp, #4
    1fc8:	e58d0000 	str	r0, [sp]
    1fcc:	e30cc123 	movw	ip, #49443	@ 0xc123
    1fd0:	e34cc456 	movt	ip, #50262	@ 0xc456
    1fd4:	e5946000 	ldr	r6, [r4]
    1fd8:	e3560000 	cmp	r6, #0
    1fdc:	0a00007d 	beq	0x21d8
    1fe0:	e1a02006 	mov	r2, r6
    1fe4:	e5951030 	ldr	r1, [r5, #48]	@ 0x30
    1fe8:	e59fe0e8 	ldr	lr, [pc, #232]	@ 0x20d8
    1fec:	e7f2e4fc 	udf	#11852	@ 0x2e4c
    1ff0:	2a00007d 	bcs	0x21ec
    1ff4:	e7e012f4 			@ <UNDEFINED> instruction: 0xe7e012f4
    1ff8:	e3500000 	cmp	r0, #0
    1ffc:	ba000007 	blt	0x2020
    2000:	e5846000 	str	r6, [r4]
    2004:	e59f0148 	ldr	r0, [pc, #328]	@ 0x2154
    2008:	e1a01004 	mov	r1, r4
    200c:	e59d2000 	ldr	r2, [sp]
    2010:	e59fc140 	ldr	ip, [pc, #320]	@ 0x2158
    2014:	e12fff3c 	blx	ip
    2018:	e3500000 	cmp	r0, #0
    201c:	1a000075 	bne	0x21f8
    2020:	e1a02006 	mov	r2, r6
    2024:	e5951030 	ldr	r1, [r5, #48]	@ 0x30
    2028:	e59fe0a8 	ldr	lr, [pc, #168]	@ 0x20d8
    202c:	e7f2e1f4 	udf	#11796	@ 0x2e14
    2030:	2a00006d 	bcs	0x21ec
    2034:	e7e012f4 			@ <UNDEFINED> instruction: 0xe7e012f4
    2038:	e1a03006 	mov	r3, r6
    203c:	e5952030 	ldr	r2, [r5, #48]	@ 0x30
    2040:	e59fe090 	ldr	lr, [pc, #144]	@ 0x20d8
    2044:	e7f3e1fc 	udf	#15900	@ 0x3e1c
    2048:	2a000067 	bcs	0x21ec
    204c:	e7e123f4 			@ <UNDEFINED> instruction: 0xe7e123f4
    2050:	e1500001 	cmp	r0, r1
    2054:	0a000012 	beq	0x20a4
    2058:	e1a02006 	mov	r2, r6
    205c:	e5951030 	ldr	r1, [r5, #48]	@ 0x30
    2060:	e59fe070 	ldr	lr, [pc, #112]	@ 0x20d8
    2064:	e7f2e2f4 	udf	#11812	@ 0x2e24
    2068:	2a00005f 	bcs	0x21ec
    206c:	e7e012f4 			@ <UNDEFINED> instruction: 0xe7e012f4
    2070:	e5846000 	str	r6, [r4]
    2074:	e3a0e000 	mov	lr, #0
    2078:	e584e00c 	str	lr, [r4, #12]
    207c:	e3a0e000 	mov	lr, #0
    2080:	e584e00c 	str	lr, [r4, #12]
    2084:	e5840020 	str	r0, [r4, #32]
    2088:	e59f00cc 	ldr	r0, [pc, #204]	@ 0x215c
    208c:	e1a01004 	mov	r1, r4
    2090:	e59d2000 	ldr	r2, [sp]
    2094:	e59fc0c4 	ldr	ip, [pc, #196]	@ 0x2160
    2098:	e12fff3c 	blx	ip
    209c:	e3500000 	cmp	r0, #0
    20a0:	1a000054 	bne	0x21f8
    20a4:	e1a02006 	mov	r2, r6
    20a8:	e5951030 	ldr	r1, [r5, #48]	@ 0x30
    20ac:	e59fe024 	ldr	lr, [pc, #36]	@ 0x20d8
    20b0:	e7f2e0f4 	udf	#11780	@ 0x2e04
    20b4:	2a00004c 	bcs	0x21ec
    20b8:	e7e012f4 			@ <UNDEFINED> instruction: 0xe7e012f4
    20bc:	e1a01000 	mov	r1, r0
    20c0:	e1a07006 	mov	r7, r6
    20c4:	e5953030 	ldr	r3, [r5, #48]	@ 0x30
    20c8:	ea000025 	b	0x2164
	...
    20d8:	0101fffc 	strdeq	pc, [r1, -ip]
    20dc:	0101fff8 	strdeq	pc, [r1, -r8]
    20e0:	003f9dbc 	ldrhteq	r9, [pc], -ip
    20e4:	00048004 	andeq	r8, r4, r4
    20e8:	003f7c8c 	eorseq	r7, pc, ip, lsl #25
    20ec:	003f7598 	mlaseq	pc, r8, r5, r7	@ <UNPREDICTABLE>
    20f0:	003f971c 	eorseq	r9, pc, ip, lsl r7	@ <UNPREDICTABLE>
    20f4:	00049ae0 	andeq	r9, r4, r0, ror #21
    20f8:	00048004 	andeq	r8, r4, r4
    20fc:	003fb458 	eorseq	fp, pc, r8, asr r4	@ <UNPREDICTABLE>
    2100:	0004890c 	andeq	r8, r4, ip, lsl #18
    2104:	003fb474 	eorseq	fp, pc, r4, ror r4	@ <UNPREDICTABLE>
    2108:	003fb978 	eorseq	fp, pc, r8, ror r9	@ <UNPREDICTABLE>
    210c:	00048004 	andeq	r8, r4, r4
    2110:	01010101 	tsteq	r1, r1, lsl #2
    2114:	003fbe70 	eorseq	fp, pc, r0, ror lr	@ <UNPREDICTABLE>
    2118:	00048004 	andeq	r8, r4, r4
    211c:	003f8428 	eorseq	r8, pc, r8, lsr #8
    2120:	0004890c 	andeq	r8, r4, ip, lsl #18
    2124:	00048004 	andeq	r8, r4, r4
    2128:	003f2bbc 	ldrhteq	r2, [pc], -ip
    212c:	0004890c 	andeq	r8, r4, ip, lsl #18
    2130:	003f2be8 	eorseq	r2, pc, r8, ror #23
    2134:	0004890c 	andeq	r8, r4, ip, lsl #18
    2138:	003f2c24 	eorseq	r2, pc, r4, lsr #24
    213c:	0004890c 	andeq	r8, r4, ip, lsl #18
    2140:	0004890c 	andeq	r8, r4, ip, lsl #18
    2144:	003f2c5c 	eorseq	r2, pc, ip, asr ip	@ <UNPREDICTABLE>
    2148:	0004890c 	andeq	r8, r4, ip, lsl #18
    214c:	003f2c74 	eorseq	r2, pc, r4, ror ip	@ <UNPREDICTABLE>
    2150:	00048004 	andeq	r8, r4, r4
    2154:	003faee0 	eorseq	sl, pc, r0, ror #29
    2158:	0004890c 	andeq	r8, r4, ip, lsl #18
    215c:	003faf2c 	eorseq	sl, pc, ip, lsr #30
    2160:	00048c48 	andeq	r8, r4, r8, asr #24
    2164:	e59fefec 	ldr	lr, [pc, #4076]	@ 0x3158
    2168:	e7f7e0f8 	udf	#32264	@ 0x7e08
    216c:	2a00001e 	bcs	0x21ec
    2170:	e7e237f4 			@ <UNDEFINED> instruction: 0xe7e237f4
    2174:	e1a03002 	mov	r3, r2
    2178:	e1500002 	cmp	r0, r2
    217c:	0a000015 	beq	0x21d8
    2180:	e0411003 	sub	r1, r1, r3
    2184:	e1a00001 	mov	r0, r1
    2188:	e1a01fc0 	asr	r1, r0, #31
    218c:	e1a07006 	mov	r7, r6
    2190:	e5953030 	ldr	r3, [r5, #48]	@ 0x30
    2194:	e59fefbc 	ldr	lr, [pc, #4028]	@ 0x3158
    2198:	e7f7e2f8 	udf	#32296	@ 0x7e28
    219c:	2a000012 	bcs	0x21ec
    21a0:	e7e237f4 			@ <UNDEFINED> instruction: 0xe7e237f4
    21a4:	e5846000 	str	r6, [r4]
    21a8:	e5840018 	str	r0, [r4, #24]
    21ac:	e584101c 	str	r1, [r4, #28]
    21b0:	e3a0e001 	mov	lr, #1
    21b4:	e584e010 	str	lr, [r4, #16]
    21b8:	e5842024 	str	r2, [r4, #36]	@ 0x24
    21bc:	e59f0f98 	ldr	r0, [pc, #3992]	@ 0x315c
    21c0:	e1a01004 	mov	r1, r4
    21c4:	e59d2000 	ldr	r2, [sp]
    21c8:	e59fcf90 	ldr	ip, [pc, #3984]	@ 0x3160
    21cc:	e12fff3c 	blx	ip
    21d0:	e3500000 	cmp	r0, #0
    21d4:	1a000007 	bne	0x21f8
    21d8:	e59f0f84 	ldr	r0, [pc, #3972]	@ 0x3164
    21dc:	e30ccabc 	movw	ip, #51900	@ 0xcabc
    21e0:	e34ccdef 	movt	ip, #52719	@ 0xcdef
    21e4:	e28dd004 	add	sp, sp, #4
    21e8:	e8bd80c0 	pop	{r6, r7, pc}
    21ec:	e3a00008 	mov	r0, #8
    21f0:	e59d1000 	ldr	r1, [sp]
    21f4:	e5810010 	str	r0, [r1, #16]
    21f8:	e59d0000 	ldr	r0, [sp]
    21fc:	e59d100c 	ldr	r1, [sp, #12]
    2200:	e59fcf60 	ldr	ip, [pc, #3936]	@ 0x3168
    2204:	e12fff3c 	blx	ip
    2208:	e28dd004 	add	sp, sp, #4
    220c:	e8bd00c0 	pop	{r6, r7}
    2210:	e28dd004 	add	sp, sp, #4
    2214:	e12fff10 	bx	r0
    2218:	e92d4040 	push	{r6, lr}
    221c:	e24dd008 	sub	sp, sp, #8
    2220:	e58d0000 	str	r0, [sp]
    2224:	e30cc123 	movw	ip, #49443	@ 0xc123
    2228:	e34cc456 	movt	ip, #50262	@ 0xc456
    222c:	e5940000 	ldr	r0, [r4]
    2230:	e1a03000 	mov	r3, r0
    2234:	e5952030 	ldr	r2, [r5, #48]	@ 0x30
    2238:	e59fef18 	ldr	lr, [pc, #3864]	@ 0x3158
    223c:	e7f3e4f8 	udf	#15944	@ 0x3e48
    2240:	2a00004d 	bcs	0x237c
    2244:	e7e123f4 			@ <UNDEFINED> instruction: 0xe7e123f4
    2248:	e1a02001 	mov	r2, r1
    224c:	e2411001 	sub	r1, r1, #1
    2250:	e1811002 	orr	r1, r1, r2
    2254:	e1a03000 	mov	r3, r0
    2258:	e5952030 	ldr	r2, [r5, #48]	@ 0x30
    225c:	e59feef4 	ldr	lr, [pc, #3828]	@ 0x3158
    2260:	e7f3e4f8 	udf	#15944	@ 0x3e48
    2264:	2a000044 	bcs	0x237c
    2268:	e7d123f4 			@ <UNDEFINED> instruction: 0xe7d123f4
    226c:	e1a03000 	mov	r3, r0
    2270:	e5952030 	ldr	r2, [r5, #48]	@ 0x30
    2274:	e59fcedc 	ldr	ip, [pc, #3804]	@ 0x3158
    2278:	e153000c 	cmp	r3, ip
    227c:	8a00003e 	bhi	0x237c
    2280:	e7e123f4 			@ <UNDEFINED> instruction: 0xe7e123f4
    2284:	e1a02001 	mov	r2, r1
    2288:	e3110008 	tst	r1, #8
    228c:	0a00000a 	beq	0x22bc
    2290:	e3822020 	orr	r2, r2, #32
    2294:	e1a03000 	mov	r3, r0
    2298:	e5951030 	ldr	r1, [r5, #48]	@ 0x30
    229c:	e59fceb4 	ldr	ip, [pc, #3764]	@ 0x3158
    22a0:	e153000c 	cmp	r3, ip
    22a4:	8a000034 	bhi	0x237c
    22a8:	e7d213f4 			@ <UNDEFINED> instruction: 0xe7d213f4
    22ac:	e3e0e000 	mvn	lr, #0
    22b0:	e584e008 	str	lr, [r4, #8]
    22b4:	e59f0eb0 	ldr	r0, [pc, #3760]	@ 0x316c
    22b8:	ea00002d 	b	0x2374
    22bc:	e1a02000 	mov	r2, r0
    22c0:	e5951030 	ldr	r1, [r5, #48]	@ 0x30
    22c4:	e59feea4 	ldr	lr, [pc, #3748]	@ 0x3170
    22c8:	e7f2e0f4 	udf	#11780	@ 0x2e04
    22cc:	2a00002a 	bcs	0x237c
    22d0:	e0811002 	add	r1, r1, r2
    22d4:	e3a02000 	mov	r2, #0
    22d8:	e3a03000 	mov	r3, #0
    22dc:	e5813000 	str	r3, [r1]
    22e0:	e5812004 	str	r2, [r1, #4]
    22e4:	e1a03000 	mov	r3, r0
    22e8:	e5952030 	ldr	r2, [r5, #48]	@ 0x30
    22ec:	e59fee64 	ldr	lr, [pc, #3684]	@ 0x3158
    22f0:	e7f3e2fc 	udf	#15916	@ 0x3e2c
    22f4:	2a000020 	bcs	0x237c
    22f8:	e7e123f4 			@ <UNDEFINED> instruction: 0xe7e123f4
    22fc:	e1a02001 	mov	r2, r1
    2300:	e1a06000 	mov	r6, r0
    2304:	e5953030 	ldr	r3, [r5, #48]	@ 0x30
    2308:	e59fee48 	ldr	lr, [pc, #3656]	@ 0x3158
    230c:	e7f6e1fc 	udf	#28188	@ 0x6e1c
    2310:	2a000019 	bcs	0x237c
    2314:	e7d136f4 			@ <UNDEFINED> instruction: 0xe7d136f4
    2318:	e1a03000 	mov	r3, r0
    231c:	e5951030 	ldr	r1, [r5, #48]	@ 0x30
    2320:	e59fee30 	ldr	lr, [pc, #3632]	@ 0x3158
    2324:	e7f3e1f4 	udf	#15892	@ 0x3e14
    2328:	2a000013 	bcs	0x237c
    232c:	e7d213f4 			@ <UNDEFINED> instruction: 0xe7d213f4
    2330:	e1a06000 	mov	r6, r0
    2334:	e5953030 	ldr	r3, [r5, #48]	@ 0x30
    2338:	e59fee18 	ldr	lr, [pc, #3608]	@ 0x3158
    233c:	e7f6e3f0 	udf	#28208	@ 0x6e30
    2340:	2a00000d 	bcs	0x237c
    2344:	e7e136f4 			@ <UNDEFINED> instruction: 0xe7e136f4
    2348:	e0822001 	add	r2, r2, r1
    234c:	e5951030 	ldr	r1, [r5, #48]	@ 0x30
    2350:	e59fee00 	ldr	lr, [pc, #3584]	@ 0x3158
    2354:	e7f0e1f0 	udf	#3600	@ 0xe10
    2358:	2a000007 	bcs	0x237c
    235c:	e7d210f4 			@ <UNDEFINED> instruction: 0xe7d210f4
    2360:	e3a0e000 	mov	lr, #0
    2364:	e584e01c 	str	lr, [r4, #28]
    2368:	e59f0e04 	ldr	r0, [pc, #3588]	@ 0x3174
    236c:	e30ccabc 	movw	ip, #51900	@ 0xcabc
    2370:	e34ccdef 	movt	ip, #52719	@ 0xcdef
    2374:	e28dd008 	add	sp, sp, #8
    2378:	e8bd8040 	pop	{r6, pc}
    237c:	e3a00008 	mov	r0, #8
    2380:	e59d1000 	ldr	r1, [sp]
    2384:	e5810010 	str	r0, [r1, #16]
    2388:	e59d0000 	ldr	r0, [sp]
    238c:	e59d100c 	ldr	r1, [sp, #12]
    2390:	e59fcde0 	ldr	ip, [pc, #3552]	@ 0x3178
    2394:	e12fff3c 	blx	ip
    2398:	e59d6008 	ldr	r6, [sp, #8]
    239c:	e28dd010 	add	sp, sp, #16
    23a0:	e12fff10 	bx	r0
    23a4:	e92d43c0 	push	{r6, r7, r8, r9, lr}
    23a8:	e24dd004 	sub	sp, sp, #4
    23ac:	e58d0000 	str	r0, [sp]
    23b0:	e30cc123 	movw	ip, #49443	@ 0xc123
    23b4:	e34cc456 	movt	ip, #50262	@ 0xc456
    23b8:	e5940000 	ldr	r0, [r4]
    23bc:	e5941004 	ldr	r1, [r4, #4]
    23c0:	e5942008 	ldr	r2, [r4, #8]
    23c4:	e3520000 	cmp	r2, #0
    23c8:	e3a03000 	mov	r3, #0
    23cc:	13a03001 	movne	r3, #1
    23d0:	e3100003 	tst	r0, #3
    23d4:	0a000016 	beq	0x2434
    23d8:	e3520000 	cmp	r2, #0
    23dc:	0a000014 	beq	0x2434
    23e0:	e20160ff 	and	r6, r1, #255	@ 0xff
    23e4:	e1a09000 	mov	r9, r0
    23e8:	e5958030 	ldr	r8, [r5, #48]	@ 0x30
    23ec:	e3e0c4fe 	mvn	ip, #-33554432	@ 0xfe000000
    23f0:	e3ccc8fe 	bic	ip, ip, #16646144	@ 0xfe0000
    23f4:	e159000c 	cmp	r9, ip
    23f8:	8a00004e 	bhi	0x2538
    23fc:	e7e789f0 			@ <UNDEFINED> instruction: 0xe7e789f0
    2400:	e1570006 	cmp	r7, r6
    2404:	0a000032 	beq	0x24d4
    2408:	e2427001 	sub	r7, r2, #1
    240c:	e1a02007 	mov	r2, r7
    2410:	e3570000 	cmp	r7, #0
    2414:	e3a03000 	mov	r3, #0
    2418:	13a03001 	movne	r3, #1
    241c:	e2807001 	add	r7, r0, #1
    2420:	e1a00007 	mov	r0, r7
    2424:	e3170003 	tst	r7, #3
    2428:	0a000001 	beq	0x2434
    242c:	e3520000 	cmp	r2, #0
    2430:	1affffeb 	bne	0x23e4
    2434:	e3530000 	cmp	r3, #0
    2438:	0a000037 	beq	0x251c
    243c:	e1a07000 	mov	r7, r0
    2440:	e5956030 	ldr	r6, [r5, #48]	@ 0x30
    2444:	e3e0c4fe 	mvn	ip, #-33554432	@ 0xfe000000
    2448:	e3ccc8fe 	bic	ip, ip, #16646144	@ 0xfe0000
    244c:	e157000c 	cmp	r7, ip
    2450:	8a000038 	bhi	0x2538
    2454:	e7e367f0 			@ <UNDEFINED> instruction: 0xe7e367f0
    2458:	e20160ff 	and	r6, r1, #255	@ 0xff
    245c:	e1530006 	cmp	r3, r6
    2460:	0a000019 	beq	0x24cc
    2464:	e3520004 	cmp	r2, #4
    2468:	3a000017 	bcc	0x24cc
    246c:	e20130ff 	and	r3, r1, #255	@ 0xff
    2470:	e59fcd04 	ldr	ip, [pc, #3332]	@ 0x317c
    2474:	e0030c93 	mul	r3, r3, ip
    2478:	e1a08000 	mov	r8, r0
    247c:	e5957030 	ldr	r7, [r5, #48]	@ 0x30
    2480:	e59fccd0 	ldr	ip, [pc, #3280]	@ 0x3158
    2484:	e158000c 	cmp	r8, ip
    2488:	8a00002a 	bhi	0x2538
    248c:	e7e678f4 			@ <UNDEFINED> instruction: 0xe7e678f4
    2490:	e0266003 	eor	r6, r6, r3
    2494:	e1a07006 	mov	r7, r6
    2498:	e59fcce0 	ldr	ip, [pc, #3296]	@ 0x3180
    249c:	e04c6006 	sub	r6, ip, r6
    24a0:	e1866007 	orr	r6, r6, r7
    24a4:	e59fccd8 	ldr	ip, [pc, #3288]	@ 0x3184
    24a8:	e006600c 	and	r6, r6, ip
    24ac:	e59fccd0 	ldr	ip, [pc, #3280]	@ 0x3184
    24b0:	e156000c 	cmp	r6, ip
    24b4:	1a000006 	bne	0x24d4
    24b8:	e2800004 	add	r0, r0, #4
    24bc:	e2426004 	sub	r6, r2, #4
    24c0:	e1a02006 	mov	r2, r6
    24c4:	e3560003 	cmp	r6, #3
    24c8:	8affffea 	bhi	0x2478
    24cc:	e3520000 	cmp	r2, #0
    24d0:	0a000011 	beq	0x251c
    24d4:	e20110ff 	and	r1, r1, #255	@ 0xff
    24d8:	e1a07000 	mov	r7, r0
    24dc:	e5956030 	ldr	r6, [r5, #48]	@ 0x30
    24e0:	e3e0c4fe 	mvn	ip, #-33554432	@ 0xfe000000
    24e4:	e3ccc8fe 	bic	ip, ip, #16646144	@ 0xfe0000
    24e8:	e157000c 	cmp	r7, ip
    24ec:	8a000011 	bhi	0x2538
    24f0:	e7e367f0 			@ <UNDEFINED> instruction: 0xe7e367f0
    24f4:	e1530001 	cmp	r3, r1
    24f8:	1a000002 	bne	0x2508
    24fc:	e5840000 	str	r0, [r4]
    2500:	e59f0c80 	ldr	r0, [pc, #3200]	@ 0x3188
    2504:	ea000009 	b	0x2530
    2508:	e2800001 	add	r0, r0, #1
    250c:	e2423001 	sub	r3, r2, #1
    2510:	e1a02003 	mov	r2, r3
    2514:	e3530000 	cmp	r3, #0
    2518:	1affffee 	bne	0x24d8
    251c:	e3a0e000 	mov	lr, #0
    2520:	e584e018 	str	lr, [r4, #24]
    2524:	e59f0c60 	ldr	r0, [pc, #3168]	@ 0x318c
    2528:	e30ccabc 	movw	ip, #51900	@ 0xcabc
    252c:	e34ccdef 	movt	ip, #52719	@ 0xcdef
    2530:	e28dd004 	add	sp, sp, #4
    2534:	e8bd83c0 	pop	{r6, r7, r8, r9, pc}
    2538:	e3a00008 	mov	r0, #8
    253c:	e59d1000 	ldr	r1, [sp]
    2540:	e5810010 	str	r0, [r1, #16]
    2544:	e59d0000 	ldr	r0, [sp]
    2548:	e59d1014 	ldr	r1, [sp, #20]
    254c:	e59fcc3c 	ldr	ip, [pc, #3132]	@ 0x3190
    2550:	e12fff3c 	blx	ip
    2554:	e28dd004 	add	sp, sp, #4
    2558:	e8bd03c0 	pop	{r6, r7, r8, r9}
    255c:	e28dd004 	add	sp, sp, #4
    2560:	e12fff10 	bx	r0
    2564:	e92d40c0 	push	{r6, r7, lr}
    2568:	e24dd004 	sub	sp, sp, #4
    256c:	e58d0000 	str	r0, [sp]
    2570:	e30cc123 	movw	ip, #49443	@ 0xc123
    2574:	e34cc456 	movt	ip, #50262	@ 0xc456
    2578:	e5946000 	ldr	r6, [r4]
    257c:	e5947004 	ldr	r7, [r4, #4]
    2580:	e5846000 	str	r6, [r4]
    2584:	e3a0e000 	mov	lr, #0
    2588:	e584e00c 	str	lr, [r4, #12]
    258c:	e5847004 	str	r7, [r4, #4]
    2590:	e59f0bfc 	ldr	r0, [pc, #3068]	@ 0x3194
    2594:	e1a01004 	mov	r1, r4
    2598:	e59d2000 	ldr	r2, [sp]
    259c:	e59fcbf4 	ldr	ip, [pc, #3060]	@ 0x3198
    25a0:	e12fff3c 	blx	ip
    25a4:	e3500000 	cmp	r0, #0
    25a8:	1a00000a 	bne	0x25d8
    25ac:	e5940010 	ldr	r0, [r4, #16]
    25b0:	e1a01000 	mov	r1, r0
    25b4:	e0400006 	sub	r0, r0, r6
    25b8:	e3510000 	cmp	r1, #0
    25bc:	01a00007 	moveq	r0, r7
    25c0:	e5840010 	str	r0, [r4, #16]
    25c4:	e59f0bd0 	ldr	r0, [pc, #3024]	@ 0x319c
    25c8:	e30ccabc 	movw	ip, #51900	@ 0xcabc
    25cc:	e34ccdef 	movt	ip, #52719	@ 0xcdef
    25d0:	e28dd004 	add	sp, sp, #4
    25d4:	e8bd80c0 	pop	{r6, r7, pc}
    25d8:	e59d0000 	ldr	r0, [sp]
    25dc:	e59d100c 	ldr	r1, [sp, #12]
    25e0:	e59fcbb8 	ldr	ip, [pc, #3000]	@ 0x31a0
    25e4:	e12fff3c 	blx	ip
    25e8:	e28dd004 	add	sp, sp, #4
    25ec:	e8bd00c0 	pop	{r6, r7}
    25f0:	e28dd004 	add	sp, sp, #4
    25f4:	e12fff10 	bx	r0
    25f8:	e92d43c0 	push	{r6, r7, r8, r9, lr}
    25fc:	e24dd004 	sub	sp, sp, #4
    2600:	e58d0000 	str	r0, [sp]
    2604:	e30cc123 	movw	ip, #49443	@ 0xc123
    2608:	e34cc456 	movt	ip, #50262	@ 0xc456
    260c:	ed940b00 	vldr	d0, [r4]
    2610:	e5946008 	ldr	r6, [r4, #8]
    2614:	ec510a10 	vmov	r0, r1, s0, s1
    2618:	e1a02000 	mov	r2, r0
    261c:	e1a03001 	mov	r3, r1
    2620:	e1a00a21 	lsr	r0, r1, #20
    2624:	e3a01000 	mov	r1, #0
    2628:	e3a0cc07 	mov	ip, #1792	@ 0x700
    262c:	e38cc0ff 	orr	ip, ip, #255	@ 0xff
    2630:	e000000c 	and	r0, r0, ip
    2634:	e1a01000 	mov	r1, r0
    2638:	e3a0cc07 	mov	ip, #1792	@ 0x700
    263c:	e38cc0ff 	orr	ip, ip, #255	@ 0xff
    2640:	e150000c 	cmp	r0, ip
    2644:	0a000037 	beq	0x2728
    2648:	e3510000 	cmp	r1, #0
    264c:	1a000026 	bne	0x26ec
    2650:	e3a0c000 	mov	ip, #0
    2654:	ec4cca11 	vmov	s2, s3, ip, ip
    2658:	eeb40b41 	vcmp.f64	d0, d1
    265c:	eef1fa10 	vmrs	APSR_nzcv, fpscr
    2660:	1a000001 	bne	0x266c
    2664:	e3a00000 	mov	r0, #0
    2668:	ea000016 	b	0x26c8
    266c:	e3a0c000 	mov	ip, #0
    2670:	e3a0e204 	mov	lr, #4, 4	@ 0x40000000
    2674:	e38ee63f 	orr	lr, lr, #66060288	@ 0x3f00000
    2678:	ec4eca11 	vmov	s2, s3, ip, lr
    267c:	ee202b01 	vmul.f64	d2, d0, d1
    2680:	ed842b0f 	vstr	d2, [r4, #60]	@ 0x3c
    2684:	e5846008 	str	r6, [r4, #8]
    2688:	e59f0b14 	ldr	r0, [pc, #2836]	@ 0x31a4
    268c:	e1a01004 	mov	r1, r4
    2690:	e59d2000 	ldr	r2, [sp]
    2694:	e59fcb0c 	ldr	ip, [pc, #2828]	@ 0x31a8
    2698:	e12fff3c 	blx	ip
    269c:	e3500000 	cmp	r0, #0
    26a0:	1a000029 	bne	0x274c
    26a4:	ed941b0f 	vldr	d1, [r4, #60]	@ 0x3c
    26a8:	eeb00b41 	vmov.f64	d0, d1
    26ac:	e1a09006 	mov	r9, r6
    26b0:	e5958030 	ldr	r8, [r5, #48]	@ 0x30
    26b4:	e59fca9c 	ldr	ip, [pc, #2716]	@ 0x3158
    26b8:	e159000c 	cmp	r9, ip
    26bc:	8a00001f 	bhi	0x2740
    26c0:	e7e789f4 			@ <UNDEFINED> instruction: 0xe7e789f4
    26c4:	e2470040 	sub	r0, r7, #64	@ 0x40
    26c8:	e1a08006 	mov	r8, r6
    26cc:	e5957030 	ldr	r7, [r5, #48]	@ 0x30
    26d0:	e59fca80 	ldr	ip, [pc, #2688]	@ 0x3158
    26d4:	e158000c 	cmp	r8, ip
    26d8:	8a000018 	bhi	0x2740
    26dc:	e7d078f4 			@ <UNDEFINED> instruction: 0xe7d078f4
    26e0:	ed840b00 	vstr	d0, [r4]
    26e4:	e59f0ac0 	ldr	r0, [pc, #2752]	@ 0x31ac
    26e8:	ea000012 	b	0x2738
    26ec:	e2411c03 	sub	r1, r1, #768	@ 0x300
    26f0:	e24110fe 	sub	r1, r1, #254	@ 0xfe
    26f4:	e5950030 	ldr	r0, [r5, #48]	@ 0x30
    26f8:	e59fca58 	ldr	ip, [pc, #2648]	@ 0x3158
    26fc:	e156000c 	cmp	r6, ip
    2700:	8a00000e 	bhi	0x2740
    2704:	e7d106f4 			@ <UNDEFINED> instruction: 0xe7d106f4
    2708:	e3c22000 	bic	r2, r2, #0
    270c:	e3e0c207 	mvn	ip, #1879048192	@ 0x70000000
    2710:	e3ccc6ff 	bic	ip, ip, #267386880	@ 0xff00000
    2714:	e003300c 	and	r3, r3, ip
    2718:	e3822000 	orr	r2, r2, #0
    271c:	e3833203 	orr	r3, r3, #805306368	@ 0x30000000
    2720:	e38336fe 	orr	r3, r3, #266338304	@ 0xfe00000
    2724:	ec432a10 	vmov	s0, s1, r2, r3
    2728:	ed840b00 	vstr	d0, [r4]
    272c:	e59f0a7c 	ldr	r0, [pc, #2684]	@ 0x31b0
    2730:	e30ccabc 	movw	ip, #51900	@ 0xcabc
    2734:	e34ccdef 	movt	ip, #52719	@ 0xcdef
    2738:	e28dd004 	add	sp, sp, #4
    273c:	e8bd83c0 	pop	{r6, r7, r8, r9, pc}
    2740:	e3a00008 	mov	r0, #8
    2744:	e59d1000 	ldr	r1, [sp]
    2748:	e5810010 	str	r0, [r1, #16]
    274c:	e59d0000 	ldr	r0, [sp]
    2750:	e59d1014 	ldr	r1, [sp, #20]
    2754:	e59fca58 	ldr	ip, [pc, #2648]	@ 0x31b4
    2758:	e12fff3c 	blx	ip
    275c:	e28dd004 	add	sp, sp, #4
    2760:	e8bd03c0 	pop	{r6, r7, r8, r9}
    2764:	e28dd004 	add	sp, sp, #4
    2768:	e12fff10 	bx	r0
    276c:	e92d4fc0 	push	{r6, r7, r8, r9, sl, fp, lr}
    2770:	e24dd004 	sub	sp, sp, #4
    2774:	e58d0000 	str	r0, [sp]
    2778:	e30cc123 	movw	ip, #49443	@ 0xc123
    277c:	e34cc456 	movt	ip, #50262	@ 0xc456
    2780:	e5946000 	ldr	r6, [r4]
    2784:	e5947004 	ldr	r7, [r4, #4]
    2788:	e5948008 	ldr	r8, [r4, #8]
    278c:	e1a02008 	mov	r2, r8
    2790:	e5951030 	ldr	r1, [r5, #48]	@ 0x30
    2794:	e59fe9bc 	ldr	lr, [pc, #2492]	@ 0x3158
    2798:	e7f2e1f0 	udf	#11792	@ 0x2e10
    279c:	2a00008c 	bcs	0x29d4
    27a0:	e7e012f4 			@ <UNDEFINED> instruction: 0xe7e012f4
    27a4:	e1a01000 	mov	r1, r0
    27a8:	e3500000 	cmp	r0, #0
    27ac:	1a000011 	bne	0x27f8
    27b0:	e3a09000 	mov	r9, #0
    27b4:	e5848008 	str	r8, [r4, #8]
    27b8:	e59f09f8 	ldr	r0, [pc, #2552]	@ 0x31b8
    27bc:	e1a01004 	mov	r1, r4
    27c0:	e59d2000 	ldr	r2, [sp]
    27c4:	e59fc9f0 	ldr	ip, [pc, #2544]	@ 0x31bc
    27c8:	e12fff3c 	blx	ip
    27cc:	e3500000 	cmp	r0, #0
    27d0:	1a000082 	bne	0x29e0
    27d4:	e5940024 	ldr	r0, [r4, #36]	@ 0x24
    27d8:	e3500000 	cmp	r0, #0
    27dc:	1a000076 	bne	0x29bc
    27e0:	e1a02008 	mov	r2, r8
    27e4:	e5950030 	ldr	r0, [r5, #48]	@ 0x30
    27e8:	e59fe968 	ldr	lr, [pc, #2408]	@ 0x3158
    27ec:	e7f2e1f0 	udf	#11792	@ 0x2e10
    27f0:	2a000077 	bcs	0x29d4
    27f4:	e7e102f4 			@ <UNDEFINED> instruction: 0xe7e102f4
    27f8:	e1a03008 	mov	r3, r8
    27fc:	e5952030 	ldr	r2, [r5, #48]	@ 0x30
    2800:	e59fe950 	ldr	lr, [pc, #2384]	@ 0x3158
    2804:	e7f3e1f4 	udf	#15892	@ 0x3e14
    2808:	2a000071 	bcs	0x29d4
    280c:	e7e023f4 			@ <UNDEFINED> instruction: 0xe7e023f4
    2810:	e1a02000 	mov	r2, r0
    2814:	e0411000 	sub	r1, r1, r0
    2818:	e1570001 	cmp	r7, r1
    281c:	9a000014 	bls	0x2874
    2820:	e1a03008 	mov	r3, r8
    2824:	e5951030 	ldr	r1, [r5, #48]	@ 0x30
    2828:	e59fe928 	ldr	lr, [pc, #2344]	@ 0x3158
    282c:	e7f3e2f4 	udf	#15908	@ 0x3e24
    2830:	2a000067 	bcs	0x29d4
    2834:	e7e013f4 			@ <UNDEFINED> instruction: 0xe7e013f4
    2838:	e5848008 	str	r8, [r4, #8]
    283c:	e5846000 	str	r6, [r4]
    2840:	e5847004 	str	r7, [r4, #4]
    2844:	e5840030 	str	r0, [r4, #48]	@ 0x30
    2848:	e59f0970 	ldr	r0, [pc, #2416]	@ 0x31c0
    284c:	e1a01004 	mov	r1, r4
    2850:	e59d2000 	ldr	r2, [sp]
    2854:	e59fc968 	ldr	ip, [pc, #2408]	@ 0x31c4
    2858:	e12fff3c 	blx	ip
    285c:	e3500000 	cmp	r0, #0
    2860:	1a00005e 	bne	0x29e0
    2864:	e5940024 	ldr	r0, [r4, #36]	@ 0x24
    2868:	e5840024 	str	r0, [r4, #36]	@ 0x24
    286c:	e59f0954 	ldr	r0, [pc, #2388]	@ 0x31c8
    2870:	ea000055 	b	0x29cc
    2874:	e1a03008 	mov	r3, r8
    2878:	e5951030 	ldr	r1, [r5, #48]	@ 0x30
    287c:	e59fe8d4 	ldr	lr, [pc, #2260]	@ 0x3158
    2880:	e7f3e5f0 	udf	#15952	@ 0x3e50
    2884:	2a000052 	bcs	0x29d4
    2888:	e7e013f4 			@ <UNDEFINED> instruction: 0xe7e013f4
    288c:	e3500000 	cmp	r0, #0
    2890:	ba000030 	blt	0x2958
    2894:	e3570000 	cmp	r7, #0
    2898:	0a00002e 	beq	0x2958
    289c:	e1a0a007 	mov	sl, r7
    28a0:	e086000a 	add	r0, r6, sl
    28a4:	e1a0b000 	mov	fp, r0
    28a8:	e2400001 	sub	r0, r0, #1
    28ac:	e1a03000 	mov	r3, r0
    28b0:	e5951030 	ldr	r1, [r5, #48]	@ 0x30
    28b4:	e3e0c4fe 	mvn	ip, #-33554432	@ 0xfe000000
    28b8:	e3ccc8fe 	bic	ip, ip, #16646144	@ 0xfe0000
    28bc:	e153000c 	cmp	r3, ip
    28c0:	8a000043 	bhi	0x29d4
    28c4:	e7e013f0 			@ <UNDEFINED> instruction: 0xe7e013f0
    28c8:	e350000a 	cmp	r0, #10
    28cc:	0a000004 	beq	0x28e4
    28d0:	e24a0001 	sub	r0, sl, #1
    28d4:	e1a0a000 	mov	sl, r0
    28d8:	e3500000 	cmp	r0, #0
    28dc:	0a00001d 	beq	0x2958
    28e0:	eaffffee 	b	0x28a0
    28e4:	e1a03008 	mov	r3, r8
    28e8:	e5951030 	ldr	r1, [r5, #48]	@ 0x30
    28ec:	e59fe864 	ldr	lr, [pc, #2148]	@ 0x3158
    28f0:	e7f3e2f4 	udf	#15908	@ 0x3e24
    28f4:	2a000036 	bcs	0x29d4
    28f8:	e7e013f4 			@ <UNDEFINED> instruction: 0xe7e013f4
    28fc:	e5848008 	str	r8, [r4, #8]
    2900:	e5846000 	str	r6, [r4]
    2904:	e584a00c 	str	sl, [r4, #12]
    2908:	e5840030 	str	r0, [r4, #48]	@ 0x30
    290c:	e59f08b8 	ldr	r0, [pc, #2232]	@ 0x31cc
    2910:	e1a01004 	mov	r1, r4
    2914:	e59d2000 	ldr	r2, [sp]
    2918:	e59fc8b0 	ldr	ip, [pc, #2224]	@ 0x31d0
    291c:	e12fff3c 	blx	ip
    2920:	e3500000 	cmp	r0, #0
    2924:	1a00002d 	bne	0x29e0
    2928:	e5940024 	ldr	r0, [r4, #36]	@ 0x24
    292c:	e1a09000 	mov	r9, r0
    2930:	e150000a 	cmp	r0, sl
    2934:	3a000020 	bcc	0x29bc
    2938:	e047700a 	sub	r7, r7, sl
    293c:	e1a01008 	mov	r1, r8
    2940:	e5950030 	ldr	r0, [r5, #48]	@ 0x30
    2944:	e59fe80c 	ldr	lr, [pc, #2060]	@ 0x3158
    2948:	e7f1e1f4 	udf	#7700	@ 0x1e14
    294c:	2a000020 	bcs	0x29d4
    2950:	e7e201f4 			@ <UNDEFINED> instruction: 0xe7e201f4
    2954:	ea000001 	b	0x2960
    2958:	e1a0b006 	mov	fp, r6
    295c:	e3a0a000 	mov	sl, #0
    2960:	e5842010 	str	r2, [r4, #16]
    2964:	e584b014 	str	fp, [r4, #20]
    2968:	e5847004 	str	r7, [r4, #4]
    296c:	e59f0860 	ldr	r0, [pc, #2144]	@ 0x31d4
    2970:	e1a01004 	mov	r1, r4
    2974:	e59d2000 	ldr	r2, [sp]
    2978:	e59fc858 	ldr	ip, [pc, #2136]	@ 0x31d8
    297c:	e12fff3c 	blx	ip
    2980:	e3500000 	cmp	r0, #0
    2984:	1a000015 	bne	0x29e0
    2988:	e1a02008 	mov	r2, r8
    298c:	e5951030 	ldr	r1, [r5, #48]	@ 0x30
    2990:	e59fe7c0 	ldr	lr, [pc, #1984]	@ 0x3158
    2994:	e7f2e1f4 	udf	#11796	@ 0x2e14
    2998:	2a00000d 	bcs	0x29d4
    299c:	e7e012f4 			@ <UNDEFINED> instruction: 0xe7e012f4
    29a0:	e0800007 	add	r0, r0, r7
    29a4:	e5951030 	ldr	r1, [r5, #48]	@ 0x30
    29a8:	e59fe7a8 	ldr	lr, [pc, #1960]	@ 0x3158
    29ac:	e7f8e1f4 	udf	#36372	@ 0x8e14
    29b0:	2a000007 	bcs	0x29d4
    29b4:	e7d018f4 			@ <UNDEFINED> instruction: 0xe7d018f4
    29b8:	e08a9007 	add	r9, sl, r7
    29bc:	e5849010 	str	r9, [r4, #16]
    29c0:	e59f0814 	ldr	r0, [pc, #2068]	@ 0x31dc
    29c4:	e30ccabc 	movw	ip, #51900	@ 0xcabc
    29c8:	e34ccdef 	movt	ip, #52719	@ 0xcdef
    29cc:	e28dd004 	add	sp, sp, #4
    29d0:	e8bd8fc0 	pop	{r6, r7, r8, r9, sl, fp, pc}
    29d4:	e3a00008 	mov	r0, #8
    29d8:	e59d1000 	ldr	r1, [sp]
    29dc:	e5810010 	str	r0, [r1, #16]
    29e0:	e59d0000 	ldr	r0, [sp]
    29e4:	e59d101c 	ldr	r1, [sp, #28]
    29e8:	e59fc7f0 	ldr	ip, [pc, #2032]	@ 0x31e0
    29ec:	e12fff3c 	blx	ip
    29f0:	e28dd004 	add	sp, sp, #4
    29f4:	e8bd0fc0 	pop	{r6, r7, r8, r9, sl, fp}
    29f8:	e28dd004 	add	sp, sp, #4
    29fc:	e12fff10 	bx	r0
    2a00:	e92d4fc0 	push	{r6, r7, r8, r9, sl, fp, lr}
    2a04:	e24dd004 	sub	sp, sp, #4
    2a08:	e58d0000 	str	r0, [sp]
    2a0c:	e30cc123 	movw	ip, #49443	@ 0xc123
    2a10:	e34cc456 	movt	ip, #50262	@ 0xc456
    2a14:	e5947004 	ldr	r7, [r4, #4]
    2a18:	e5940008 	ldr	r0, [r4, #8]
    2a1c:	e594800c 	ldr	r8, [r4, #12]
    2a20:	e5949010 	ldr	r9, [r4, #16]
    2a24:	e595e03c 	ldr	lr, [r5, #60]	@ 0x3c
    2a28:	e59e1008 	ldr	r1, [lr, #8]
    2a2c:	e24110d0 	sub	r1, r1, #208	@ 0xd0
    2a30:	e5841014 	str	r1, [r4, #20]
    2a34:	e595203c 	ldr	r2, [r5, #60]	@ 0x3c
    2a38:	e5821008 	str	r1, [r2, #8]
    2a3c:	e5942014 	ldr	r2, [r4, #20]
    2a40:	e5951030 	ldr	r1, [r5, #48]	@ 0x30
    2a44:	e59fe70c 	ldr	lr, [pc, #1804]	@ 0x3158
    2a48:	e7f2ecfc 	udf	#11980	@ 0x2ecc
    2a4c:	2a00010d 	bcs	0x2e88
    2a50:	e7d012f4 			@ <UNDEFINED> instruction: 0xe7d012f4
    2a54:	e594c014 	ldr	ip, [r4, #20]
    2a58:	e28c00a0 	add	r0, ip, #160	@ 0xa0
    2a5c:	e3a01000 	mov	r1, #0
    2a60:	e3a02028 	mov	r2, #40	@ 0x28
    2a64:	e5953028 	ldr	r3, [r5, #40]	@ 0x28
    2a68:	e59fc774 	ldr	ip, [pc, #1908]	@ 0x31e4
    2a6c:	e12fff3c 	blx	ip
    2a70:	e3500000 	cmp	r0, #0
    2a74:	1a000104 	bne	0x2e8c
    2a78:	e5942014 	ldr	r2, [r4, #20]
    2a7c:	e5951030 	ldr	r1, [r5, #48]	@ 0x30
    2a80:	e59fe6d0 	ldr	lr, [pc, #1744]	@ 0x3158
    2a84:	e7f2ecfc 	udf	#11980	@ 0x2ecc
    2a88:	2a0000fe 	bcs	0x2e88
    2a8c:	e7e012f4 			@ <UNDEFINED> instruction: 0xe7e012f4
    2a90:	e5942014 	ldr	r2, [r4, #20]
    2a94:	e5951030 	ldr	r1, [r5, #48]	@ 0x30
    2a98:	e59fe6b8 	ldr	lr, [pc, #1720]	@ 0x3158
    2a9c:	e7f2ecf8 	udf	#11976	@ 0x2ec8
    2aa0:	2a0000f8 	bcs	0x2e88
    2aa4:	e7d012f4 			@ <UNDEFINED> instruction: 0xe7d012f4
    2aa8:	e594c014 	ldr	ip, [r4, #20]
    2aac:	e28c00c8 	add	r0, ip, #200	@ 0xc8
    2ab0:	e594c014 	ldr	ip, [r4, #20]
    2ab4:	e28c1050 	add	r1, ip, #80	@ 0x50
    2ab8:	e594c014 	ldr	ip, [r4, #20]
    2abc:	e28c20a0 	add	r2, ip, #160	@ 0xa0
    2ac0:	e3a0e000 	mov	lr, #0
    2ac4:	e584e024 	str	lr, [r4, #36]	@ 0x24
    2ac8:	e5847004 	str	r7, [r4, #4]
    2acc:	e5840044 	str	r0, [r4, #68]	@ 0x44
    2ad0:	e5841048 	str	r1, [r4, #72]	@ 0x48
    2ad4:	e584204c 	str	r2, [r4, #76]	@ 0x4c
    2ad8:	e584800c 	str	r8, [r4, #12]
    2adc:	e5849010 	str	r9, [r4, #16]
    2ae0:	e59f0700 	ldr	r0, [pc, #1792]	@ 0x31e8
    2ae4:	e1a01004 	mov	r1, r4
    2ae8:	e59d2000 	ldr	r2, [sp]
    2aec:	e59fc6f8 	ldr	ip, [pc, #1784]	@ 0x31ec
    2af0:	e12fff3c 	blx	ip
    2af4:	e3500000 	cmp	r0, #0
    2af8:	1a0000e5 	bne	0x2e94
    2afc:	e594003c 	ldr	r0, [r4, #60]	@ 0x3c
    2b00:	e3500000 	cmp	r0, #0
    2b04:	aa000002 	bge	0x2b14
    2b08:	e3e0e000 	mvn	lr, #0
    2b0c:	e584e010 	str	lr, [r4, #16]
    2b10:	ea0000d3 	b	0x2e64
    2b14:	e5942000 	ldr	r2, [r4]
    2b18:	e5951030 	ldr	r1, [r5, #48]	@ 0x30
    2b1c:	e59fe634 	ldr	lr, [pc, #1588]	@ 0x3158
    2b20:	e7f2e4fc 	udf	#11852	@ 0x2e4c
    2b24:	2a0000d7 	bcs	0x2e88
    2b28:	e7e012f4 			@ <UNDEFINED> instruction: 0xe7e012f4
    2b2c:	e3500000 	cmp	r0, #0
    2b30:	aa000002 	bge	0x2b40
    2b34:	e3a0e001 	mov	lr, #1
    2b38:	e584e018 	str	lr, [r4, #24]
    2b3c:	ea00000b 	b	0x2b70
    2b40:	e59f06a8 	ldr	r0, [pc, #1704]	@ 0x31f0
    2b44:	e1a01004 	mov	r1, r4
    2b48:	e59d2000 	ldr	r2, [sp]
    2b4c:	e59fc6a0 	ldr	ip, [pc, #1696]	@ 0x31f4
    2b50:	e12fff3c 	blx	ip
    2b54:	e3500000 	cmp	r0, #0
    2b58:	1a0000cd 	bne	0x2e94
    2b5c:	e594003c 	ldr	r0, [r4, #60]	@ 0x3c
    2b60:	e3500000 	cmp	r0, #0
    2b64:	e3a0c000 	mov	ip, #0
    2b68:	03a0c001 	moveq	ip, #1
    2b6c:	e584c018 	str	ip, [r4, #24]
    2b70:	e5942000 	ldr	r2, [r4]
    2b74:	e5951030 	ldr	r1, [r5, #48]	@ 0x30
    2b78:	e59fc5d8 	ldr	ip, [pc, #1496]	@ 0x3158
    2b7c:	e152000c 	cmp	r2, ip
    2b80:	8a0000c0 	bhi	0x2e88
    2b84:	e7e012f4 			@ <UNDEFINED> instruction: 0xe7e012f4
    2b88:	e1a0a000 	mov	sl, r0
    2b8c:	e3c00020 	bic	r0, r0, #32
    2b90:	e5942000 	ldr	r2, [r4]
    2b94:	e5951030 	ldr	r1, [r5, #48]	@ 0x30
    2b98:	e59fc5b8 	ldr	ip, [pc, #1464]	@ 0x3158
    2b9c:	e152000c 	cmp	r2, ip
    2ba0:	8a0000b8 	bhi	0x2e88
    2ba4:	e7d012f4 			@ <UNDEFINED> instruction: 0xe7d012f4
    2ba8:	e5942000 	ldr	r2, [r4]
    2bac:	e5951030 	ldr	r1, [r5, #48]	@ 0x30
    2bb0:	e59fe5a0 	ldr	lr, [pc, #1440]	@ 0x3158
    2bb4:	e7f2e3f0 	udf	#11824	@ 0x2e30
    2bb8:	2a0000b2 	bcs	0x2e88
    2bbc:	e7e012f4 			@ <UNDEFINED> instruction: 0xe7e012f4
    2bc0:	e3500000 	cmp	r0, #0
    2bc4:	1a000025 	bne	0x2c60
    2bc8:	e5941000 	ldr	r1, [r4]
    2bcc:	e5950030 	ldr	r0, [r5, #48]	@ 0x30
    2bd0:	e59fe580 	ldr	lr, [pc, #1408]	@ 0x3158
    2bd4:	e7f1e3f0 	udf	#7728	@ 0x1e30
    2bd8:	2a0000aa 	bcs	0x2e88
    2bdc:	e3a02050 	mov	r2, #80	@ 0x50
    2be0:	e7d201f4 			@ <UNDEFINED> instruction: 0xe7d201f4
    2be4:	e5941000 	ldr	r1, [r4]
    2be8:	e5950030 	ldr	r0, [r5, #48]	@ 0x30
    2bec:	e59fe564 	ldr	lr, [pc, #1380]	@ 0x3158
    2bf0:	e7f1e1fc 	udf	#7708	@ 0x1e1c
    2bf4:	2a0000a3 	bcs	0x2e88
    2bf8:	e3a02000 	mov	r2, #0
    2bfc:	e7d201f4 			@ <UNDEFINED> instruction: 0xe7d201f4
    2c00:	e5941000 	ldr	r1, [r4]
    2c04:	e5950030 	ldr	r0, [r5, #48]	@ 0x30
    2c08:	e59fe560 	ldr	lr, [pc, #1376]	@ 0x3170
    2c0c:	e7f1e1f0 	udf	#7696	@ 0x1e10
    2c10:	2a00009c 	bcs	0x2e88
    2c14:	e0800001 	add	r0, r0, r1
    2c18:	e3a01000 	mov	r1, #0
    2c1c:	e3a02000 	mov	r2, #0
    2c20:	e5802000 	str	r2, [r0]
    2c24:	e5801004 	str	r1, [r0, #4]
    2c28:	e5941000 	ldr	r1, [r4]
    2c2c:	e5950030 	ldr	r0, [r5, #48]	@ 0x30
    2c30:	e59fe520 	ldr	lr, [pc, #1312]	@ 0x3158
    2c34:	e7f1e2fc 	udf	#7724	@ 0x1e2c
    2c38:	2a000092 	bcs	0x2e88
    2c3c:	e7e601f4 			@ <UNDEFINED> instruction: 0xe7e601f4
    2c40:	e5941000 	ldr	r1, [r4]
    2c44:	e5950030 	ldr	r0, [r5, #48]	@ 0x30
    2c48:	e5942014 	ldr	r2, [r4, #20]
    2c4c:	e59fe504 	ldr	lr, [pc, #1284]	@ 0x3158
    2c50:	e7f1e2fc 	udf	#7724	@ 0x1e2c
    2c54:	2a00008b 	bcs	0x2e88
    2c58:	e7d201f4 			@ <UNDEFINED> instruction: 0xe7d201f4
    2c5c:	ea000008 	b	0x2c84
    2c60:	e3a06000 	mov	r6, #0
    2c64:	e5942000 	ldr	r2, [r4]
    2c68:	e5951030 	ldr	r1, [r5, #48]	@ 0x30
    2c6c:	e59fe4e4 	ldr	lr, [pc, #1252]	@ 0x3158
    2c70:	e7f2e1f0 	udf	#11792	@ 0x2e10
    2c74:	2a000083 	bcs	0x2e88
    2c78:	e7e012f4 			@ <UNDEFINED> instruction: 0xe7e012f4
    2c7c:	e3500000 	cmp	r0, #0
    2c80:	1a00000a 	bne	0x2cb0
    2c84:	e3e0b000 	mvn	fp, #0
    2c88:	e59f0568 	ldr	r0, [pc, #1384]	@ 0x31f8
    2c8c:	e1a01004 	mov	r1, r4
    2c90:	e59d2000 	ldr	r2, [sp]
    2c94:	e59fc560 	ldr	ip, [pc, #1376]	@ 0x31fc
    2c98:	e12fff3c 	blx	ip
    2c9c:	e3500000 	cmp	r0, #0
    2ca0:	1a00007b 	bne	0x2e94
    2ca4:	e594003c 	ldr	r0, [r4, #60]	@ 0x3c
    2ca8:	e3500000 	cmp	r0, #0
    2cac:	1a000014 	bne	0x2d04
    2cb0:	e594c014 	ldr	ip, [r4, #20]
    2cb4:	e28c00c8 	add	r0, ip, #200	@ 0xc8
    2cb8:	e594c014 	ldr	ip, [r4, #20]
    2cbc:	e28c1050 	add	r1, ip, #80	@ 0x50
    2cc0:	e594c014 	ldr	ip, [r4, #20]
    2cc4:	e28c20a0 	add	r2, ip, #160	@ 0xa0
    2cc8:	e5847004 	str	r7, [r4, #4]
    2ccc:	e5840044 	str	r0, [r4, #68]	@ 0x44
    2cd0:	e5841048 	str	r1, [r4, #72]	@ 0x48
    2cd4:	e584204c 	str	r2, [r4, #76]	@ 0x4c
    2cd8:	e584800c 	str	r8, [r4, #12]
    2cdc:	e5849010 	str	r9, [r4, #16]
    2ce0:	e59f0518 	ldr	r0, [pc, #1304]	@ 0x3200
    2ce4:	e1a01004 	mov	r1, r4
    2ce8:	e59d2000 	ldr	r2, [sp]
    2cec:	e59fc510 	ldr	ip, [pc, #1296]	@ 0x3204
    2cf0:	e12fff3c 	blx	ip
    2cf4:	e3500000 	cmp	r0, #0
    2cf8:	1a000065 	bne	0x2e94
    2cfc:	e594003c 	ldr	r0, [r4, #60]	@ 0x3c
    2d00:	e1a0b000 	mov	fp, r0
    2d04:	e20aa020 	and	sl, sl, #32
    2d08:	e3560000 	cmp	r6, #0
    2d0c:	0a000037 	beq	0x2df0
    2d10:	e5942000 	ldr	r2, [r4]
    2d14:	e5951030 	ldr	r1, [r5, #48]	@ 0x30
    2d18:	e59fe438 	ldr	lr, [pc, #1080]	@ 0x3158
    2d1c:	e7f2e2f4 	udf	#11812	@ 0x2e24
    2d20:	2a000058 	bcs	0x2e88
    2d24:	e7e012f4 			@ <UNDEFINED> instruction: 0xe7e012f4
    2d28:	e3a0e000 	mov	lr, #0
    2d2c:	e584e024 	str	lr, [r4, #36]	@ 0x24
    2d30:	e3a0e000 	mov	lr, #0
    2d34:	e584e024 	str	lr, [r4, #36]	@ 0x24
    2d38:	e5840048 	str	r0, [r4, #72]	@ 0x48
    2d3c:	e59f04c4 	ldr	r0, [pc, #1220]	@ 0x3208
    2d40:	e1a01004 	mov	r1, r4
    2d44:	e59d2000 	ldr	r2, [sp]
    2d48:	e59fc4bc 	ldr	ip, [pc, #1212]	@ 0x320c
    2d4c:	e12fff3c 	blx	ip
    2d50:	e3500000 	cmp	r0, #0
    2d54:	1a00004e 	bne	0x2e94
    2d58:	e5941000 	ldr	r1, [r4]
    2d5c:	e5950030 	ldr	r0, [r5, #48]	@ 0x30
    2d60:	e59fe3f0 	ldr	lr, [pc, #1008]	@ 0x3158
    2d64:	e7f1e3f0 	udf	#7728	@ 0x1e30
    2d68:	2a000046 	bcs	0x2e88
    2d6c:	e3a02000 	mov	r2, #0
    2d70:	e7d201f4 			@ <UNDEFINED> instruction: 0xe7d201f4
    2d74:	e5941000 	ldr	r1, [r4]
    2d78:	e5950030 	ldr	r0, [r5, #48]	@ 0x30
    2d7c:	e59fe3d4 	ldr	lr, [pc, #980]	@ 0x3158
    2d80:	e7f1e2fc 	udf	#7724	@ 0x1e2c
    2d84:	2a00003f 	bcs	0x2e88
    2d88:	e7d601f4 			@ <UNDEFINED> instruction: 0xe7d601f4
    2d8c:	e5941000 	ldr	r1, [r4]
    2d90:	e5950030 	ldr	r0, [r5, #48]	@ 0x30
    2d94:	e59fe3bc 	ldr	lr, [pc, #956]	@ 0x3158
    2d98:	e7f1e1fc 	udf	#7708	@ 0x1e1c
    2d9c:	2a000039 	bcs	0x2e88
    2da0:	e3a02000 	mov	r2, #0
    2da4:	e7d201f4 			@ <UNDEFINED> instruction: 0xe7d201f4
    2da8:	e5942000 	ldr	r2, [r4]
    2dac:	e5951030 	ldr	r1, [r5, #48]	@ 0x30
    2db0:	e59fe3a0 	ldr	lr, [pc, #928]	@ 0x3158
    2db4:	e7f2e1f4 	udf	#11796	@ 0x2e14
    2db8:	2a000032 	bcs	0x2e88
    2dbc:	e7e012f4 			@ <UNDEFINED> instruction: 0xe7e012f4
    2dc0:	e5942000 	ldr	r2, [r4]
    2dc4:	e5951030 	ldr	r1, [r5, #48]	@ 0x30
    2dc8:	e59fe3a0 	ldr	lr, [pc, #928]	@ 0x3170
    2dcc:	e7f2e1f0 	udf	#11792	@ 0x2e10
    2dd0:	2a00002c 	bcs	0x2e88
    2dd4:	e0811002 	add	r1, r1, r2
    2dd8:	e3a02000 	mov	r2, #0
    2ddc:	e3a03000 	mov	r3, #0
    2de0:	e5813000 	str	r3, [r1]
    2de4:	e5812004 	str	r2, [r1, #4]
    2de8:	e3500000 	cmp	r0, #0
    2dec:	03e0b000 	mvneq	fp, #0
    2df0:	e5942000 	ldr	r2, [r4]
    2df4:	e5951030 	ldr	r1, [r5, #48]	@ 0x30
    2df8:	e59fc358 	ldr	ip, [pc, #856]	@ 0x3158
    2dfc:	e152000c 	cmp	r2, ip
    2e00:	8a000020 	bhi	0x2e88
    2e04:	e7e012f4 			@ <UNDEFINED> instruction: 0xe7e012f4
    2e08:	e1a01000 	mov	r1, r0
    2e0c:	e180000a 	orr	r0, r0, sl
    2e10:	e5943000 	ldr	r3, [r4]
    2e14:	e5952030 	ldr	r2, [r5, #48]	@ 0x30
    2e18:	e59fc338 	ldr	ip, [pc, #824]	@ 0x3158
    2e1c:	e153000c 	cmp	r3, ip
    2e20:	8a000018 	bhi	0x2e88
    2e24:	e7d023f4 			@ <UNDEFINED> instruction: 0xe7d023f4
    2e28:	e3110020 	tst	r1, #32
    2e2c:	e3e0e000 	mvn	lr, #0
    2e30:	01a0e00b 	moveq	lr, fp
    2e34:	e584e010 	str	lr, [r4, #16]
    2e38:	e594c018 	ldr	ip, [r4, #24]
    2e3c:	e35c0000 	cmp	ip, #0
    2e40:	1a000007 	bne	0x2e64
    2e44:	e3a009ff 	mov	r0, #4177920	@ 0x3fc000
    2e48:	e3800d6a 	orr	r0, r0, #6784	@ 0x1a80
    2e4c:	e1a01004 	mov	r1, r4
    2e50:	e59d2000 	ldr	r2, [sp]
    2e54:	e59fc3b4 	ldr	ip, [pc, #948]	@ 0x3210
    2e58:	e12fff3c 	blx	ip
    2e5c:	e3500000 	cmp	r0, #0
    2e60:	1a00000b 	bne	0x2e94
    2e64:	e594c014 	ldr	ip, [r4, #20]
    2e68:	e28c00d0 	add	r0, ip, #208	@ 0xd0
    2e6c:	e595103c 	ldr	r1, [r5, #60]	@ 0x3c
    2e70:	e5810008 	str	r0, [r1, #8]
    2e74:	e59f0398 	ldr	r0, [pc, #920]	@ 0x3214
    2e78:	e30ccabc 	movw	ip, #51900	@ 0xcabc
    2e7c:	e34ccdef 	movt	ip, #52719	@ 0xcdef
    2e80:	e28dd004 	add	sp, sp, #4
    2e84:	e8bd8fc0 	pop	{r6, r7, r8, r9, sl, fp, pc}
    2e88:	e3a00008 	mov	r0, #8
    2e8c:	e59d1000 	ldr	r1, [sp]
    2e90:	e5810010 	str	r0, [r1, #16]
    2e94:	e59d0000 	ldr	r0, [sp]
    2e98:	e59d101c 	ldr	r1, [sp, #28]
    2e9c:	e59fc374 	ldr	ip, [pc, #884]	@ 0x3218
    2ea0:	e12fff3c 	blx	ip
    2ea4:	e28dd004 	add	sp, sp, #4
    2ea8:	e8bd0fc0 	pop	{r6, r7, r8, r9, sl, fp}
    2eac:	e28dd004 	add	sp, sp, #4
    2eb0:	e12fff10 	bx	r0
    2eb4:	e92d4fc0 	push	{r6, r7, r8, r9, sl, fp, lr}
    2eb8:	e24dd004 	sub	sp, sp, #4
    2ebc:	e58d0000 	str	r0, [sp]
    2ec0:	e30cc123 	movw	ip, #49443	@ 0xc123
    2ec4:	e34cc456 	movt	ip, #50262	@ 0xc456
    2ec8:	e595e03c 	ldr	lr, [r5, #60]	@ 0x3c
    2ecc:	e59e0008 	ldr	r0, [lr, #8]
    2ed0:	e2400040 	sub	r0, r0, #64	@ 0x40
    2ed4:	e584001c 	str	r0, [r4, #28]
    2ed8:	e595103c 	ldr	r1, [r5, #60]	@ 0x3c
    2edc:	e5810008 	str	r0, [r1, #8]
    2ee0:	e594101c 	ldr	r1, [r4, #28]
    2ee4:	e5950030 	ldr	r0, [r5, #48]	@ 0x30
    2ee8:	e5942004 	ldr	r2, [r4, #4]
    2eec:	e59fe264 	ldr	lr, [pc, #612]	@ 0x3158
    2ef0:	e7f1e3fc 	udf	#7740	@ 0x1e3c
    2ef4:	2a0005f2 	bcs	0x46c4
    2ef8:	e7d201f4 			@ <UNDEFINED> instruction: 0xe7d201f4
    2efc:	e594c01c 	ldr	ip, [r4, #28]
    2f00:	e28ce029 	add	lr, ip, #41	@ 0x29
    2f04:	e584e020 	str	lr, [r4, #32]
    2f08:	e594c01c 	ldr	ip, [r4, #28]
    2f0c:	e28ce027 	add	lr, ip, #39	@ 0x27
    2f10:	e584e024 	str	lr, [r4, #36]	@ 0x24
    2f14:	e594c01c 	ldr	ip, [r4, #28]
    2f18:	e28ce028 	add	lr, ip, #40	@ 0x28
    2f1c:	e584e028 	str	lr, [r4, #40]	@ 0x28
    2f20:	e3a0e000 	mov	lr, #0
    2f24:	e584e02c 	str	lr, [r4, #44]	@ 0x2c
    2f28:	e3a0e000 	mov	lr, #0
    2f2c:	e584e030 	str	lr, [r4, #48]	@ 0x30
    2f30:	e3a0e000 	mov	lr, #0
    2f34:	e584e034 	str	lr, [r4, #52]	@ 0x34
    2f38:	e594e004 	ldr	lr, [r4, #4]
    2f3c:	e584e038 	str	lr, [r4, #56]	@ 0x38
    2f40:	e594c030 	ldr	ip, [r4, #48]	@ 0x30
    2f44:	e3e0e480 	mvn	lr, #128, 8	@ 0x80000000
    2f48:	e02c000e 	eor	r0, ip, lr
    2f4c:	e594c034 	ldr	ip, [r4, #52]	@ 0x34
    2f50:	e15c0000 	cmp	ip, r0
    2f54:	ca0005bf 	bgt	0x4658
    2f58:	e594e030 	ldr	lr, [r4, #48]	@ 0x30
    2f5c:	e594c034 	ldr	ip, [r4, #52]	@ 0x34
    2f60:	e08ce00e 	add	lr, ip, lr
    2f64:	e584e030 	str	lr, [r4, #48]	@ 0x30
    2f68:	e594e038 	ldr	lr, [r4, #56]	@ 0x38
    2f6c:	e584e034 	str	lr, [r4, #52]	@ 0x34
    2f70:	e5943038 	ldr	r3, [r4, #56]	@ 0x38
    2f74:	e5952030 	ldr	r2, [r5, #48]	@ 0x30
    2f78:	e3e0c4fe 	mvn	ip, #-33554432	@ 0xfe000000
    2f7c:	e3ccc8fe 	bic	ip, ip, #16646144	@ 0xfe0000
    2f80:	e153000c 	cmp	r3, ip
    2f84:	8a0005ce 	bhi	0x46c4
    2f88:	e7e123f0 			@ <UNDEFINED> instruction: 0xe7e123f0
    2f8c:	e584103c 	str	r1, [r4, #60]	@ 0x3c
    2f90:	e3510000 	cmp	r1, #0
    2f94:	0a0004f7 	beq	0x4378
    2f98:	e594c03c 	ldr	ip, [r4, #60]	@ 0x3c
    2f9c:	e20c10ff 	and	r1, ip, #255	@ 0xff
    2fa0:	e1a03001 	mov	r3, r1
    2fa4:	e3510000 	cmp	r1, #0
    2fa8:	1a000002 	bne	0x2fb8
    2fac:	e594e034 	ldr	lr, [r4, #52]	@ 0x34
    2fb0:	e584e004 	str	lr, [r4, #4]
    2fb4:	ea00001c 	b	0x302c
    2fb8:	e3530025 	cmp	r3, #37	@ 0x25
    2fbc:	1a0004e1 	bne	0x4348
    2fc0:	e5941034 	ldr	r1, [r4, #52]	@ 0x34
    2fc4:	e1a08001 	mov	r8, r1
    2fc8:	e5957030 	ldr	r7, [r5, #48]	@ 0x30
    2fcc:	e3e0e4fe 	mvn	lr, #-33554432	@ 0xfe000000
    2fd0:	e3cee8fe 	bic	lr, lr, #16646144	@ 0xfe0000
    2fd4:	e7f8e0f1 	udf	#36353	@ 0x8e01
    2fd8:	2a0005b9 	bcs	0x46c4
    2fdc:	e7e378f0 			@ <UNDEFINED> instruction: 0xe7e378f0
    2fe0:	e3530025 	cmp	r3, #37	@ 0x25
    2fe4:	0a000001 	beq	0x2ff0
    2fe8:	e5841004 	str	r1, [r4, #4]
    2fec:	ea00000e 	b	0x302c
    2ff0:	e594c034 	ldr	ip, [r4, #52]	@ 0x34
    2ff4:	e28ce001 	add	lr, ip, #1
    2ff8:	e584e034 	str	lr, [r4, #52]	@ 0x34
    2ffc:	e1a08001 	mov	r8, r1
    3000:	e5957030 	ldr	r7, [r5, #48]	@ 0x30
    3004:	e3e0e4fe 	mvn	lr, #-33554432	@ 0xfe000000
    3008:	e3cee8fe 	bic	lr, lr, #16646144	@ 0xfe0000
    300c:	e7f8e0f2 	udf	#36354	@ 0x8e02
    3010:	2a0005ab 	bcs	0x46c4
    3014:	e7e378f0 			@ <UNDEFINED> instruction: 0xe7e378f0
    3018:	e2817002 	add	r7, r1, #2
    301c:	e5847004 	str	r7, [r4, #4]
    3020:	e1a01007 	mov	r1, r7
    3024:	e3530025 	cmp	r3, #37	@ 0x25
    3028:	0affffe5 	beq	0x2fc4
    302c:	e594e038 	ldr	lr, [r4, #56]	@ 0x38
    3030:	e594c034 	ldr	ip, [r4, #52]	@ 0x34
    3034:	e04c100e 	sub	r1, ip, lr
    3038:	e5841034 	str	r1, [r4, #52]	@ 0x34
    303c:	e594c030 	ldr	ip, [r4, #48]	@ 0x30
    3040:	e3e0e480 	mvn	lr, #128, 8	@ 0x80000000
    3044:	e02c300e 	eor	r3, ip, lr
    3048:	e584303c 	str	r3, [r4, #60]	@ 0x3c
    304c:	e1510003 	cmp	r1, r3
    3050:	ca000580 	bgt	0x4658
    3054:	e594c000 	ldr	ip, [r4]
    3058:	e35c0000 	cmp	ip, #0
    305c:	0a000006 	beq	0x307c
    3060:	e59f01b4 	ldr	r0, [pc, #436]	@ 0x321c
    3064:	e1a01004 	mov	r1, r4
    3068:	e59d2000 	ldr	r2, [sp]
    306c:	e59fc1ac 	ldr	ip, [pc, #428]	@ 0x3220
    3070:	e12fff3c 	blx	ip
    3074:	e3500000 	cmp	r0, #0
    3078:	1a000594 	bne	0x46d0
    307c:	e594c034 	ldr	ip, [r4, #52]	@ 0x34
    3080:	e35c0000 	cmp	ip, #0
    3084:	1affffab 	bne	0x2f38
    3088:	e594301c 	ldr	r3, [r4, #28]
    308c:	e5951030 	ldr	r1, [r5, #48]	@ 0x30
    3090:	e5948004 	ldr	r8, [r4, #4]
    3094:	e59fe0bc 	ldr	lr, [pc, #188]	@ 0x3158
    3098:	e7f3e3fc 	udf	#15932	@ 0x3e3c
    309c:	2a000588 	bcs	0x46c4
    30a0:	e7d813f4 			@ <UNDEFINED> instruction: 0xe7d813f4
    30a4:	e594c004 	ldr	ip, [r4, #4]
    30a8:	e28c1001 	add	r1, ip, #1
    30ac:	e3e08000 	mvn	r8, #0
    30b0:	e594a004 	ldr	sl, [r4, #4]
    30b4:	e5959030 	ldr	r9, [r5, #48]	@ 0x30
    30b8:	e3e0e4fe 	mvn	lr, #-33554432	@ 0xfe000000
    30bc:	e3cee8fe 	bic	lr, lr, #16646144	@ 0xfe0000
    30c0:	e7fae0f1 	udf	#44545	@ 0xae01
    30c4:	2a00057e 	bcs	0x46c4
    30c8:	e7e39af1 			@ <UNDEFINED> instruction: 0xe7e39af1
    30cc:	e2433030 	sub	r3, r3, #48	@ 0x30
    30d0:	e1a09003 	mov	r9, r3
    30d4:	e3530009 	cmp	r3, #9
    30d8:	8a00000d 	bhi	0x3114
    30dc:	e594b004 	ldr	fp, [r4, #4]
    30e0:	e595a030 	ldr	sl, [r5, #48]	@ 0x30
    30e4:	e3e0e4fe 	mvn	lr, #-33554432	@ 0xfe000000
    30e8:	e3cee8fe 	bic	lr, lr, #16646144	@ 0xfe0000
    30ec:	e7fbe0f2 	udf	#48642	@ 0xbe02
    30f0:	2a000573 	bcs	0x46c4
    30f4:	e7e3abf0 			@ <UNDEFINED> instruction: 0xe7e3abf0
    30f8:	e3530024 	cmp	r3, #36	@ 0x24
    30fc:	1a000004 	bne	0x3114
    3100:	e594c004 	ldr	ip, [r4, #4]
    3104:	e28c1003 	add	r1, ip, #3
    3108:	e3a0e001 	mov	lr, #1
    310c:	e584e02c 	str	lr, [r4, #44]	@ 0x2c
    3110:	e1a08009 	mov	r8, r9
    3114:	e594901c 	ldr	r9, [r4, #28]
    3118:	e5953030 	ldr	r3, [r5, #48]	@ 0x30
    311c:	e59fe034 	ldr	lr, [pc, #52]	@ 0x3158
    3120:	e7f9e3fc 	udf	#40508	@ 0x9e3c
    3124:	2a000566 	bcs	0x46c4
    3128:	e7d139f4 			@ <UNDEFINED> instruction: 0xe7d139f4
    312c:	e3a09000 	mov	r9, #0
    3130:	e1a0b001 	mov	fp, r1
    3134:	e595a030 	ldr	sl, [r5, #48]	@ 0x30
    3138:	e3e0c4fe 	mvn	ip, #-33554432	@ 0xfe000000
    313c:	e3ccc8fe 	bic	ip, ip, #16646144	@ 0xfe0000
    3140:	e15b000c 	cmp	fp, ip
    3144:	8a00055e 	bhi	0x46c4
    3148:	ea000035 	b	0x3224
	...
    3158:	0101fffc 	strdeq	pc, [r1, -ip]
    315c:	003fafa8 	eorseq	sl, pc, r8, lsr #31
    3160:	00048c48 	andeq	r8, r4, r8, asr #24
    3164:	003fafd0 	ldrsbteq	sl, [pc], -r0
    3168:	00048004 	andeq	r8, r4, r4
    316c:	003f966c 	eorseq	r9, pc, ip, ror #12
    3170:	0101fff8 	strdeq	pc, [r1, -r8]
    3174:	003f96d4 	ldrsbteq	r9, [pc], -r4
    3178:	00048004 	andeq	r8, r4, r4
    317c:	01010101 	tsteq	r1, r1, lsl #2
    3180:	01010100 	mrseq	r0, (UNDEF: 17)
    3184:	80808080 	addhi	r8, r0, r0, lsl #1
    3188:	003fc6ac 	eorseq	ip, pc, ip, lsr #13
    318c:	003fc6e4 	eorseq	ip, pc, r4, ror #13
    3190:	00048004 	andeq	r8, r4, r4
    3194:	003f20a4 	eorseq	r2, pc, r4, lsr #1
    3198:	0004890c 	andeq	r8, r4, ip, lsl #18
    319c:	003f20e4 	eorseq	r2, pc, r4, ror #1
    31a0:	00048004 	andeq	r8, r4, r4
    31a4:	003fa424 	eorseq	sl, pc, r4, lsr #8
    31a8:	0004890c 	andeq	r8, r4, ip, lsl #18
    31ac:	003fa468 	eorseq	sl, pc, r8, ror #8
    31b0:	003fa4d4 	ldrsbteq	sl, [pc], -r4
    31b4:	00048004 	andeq	r8, r4, r4
    31b8:	003fd06c 	eorseq	sp, pc, ip, rrx
    31bc:	0004890c 	andeq	r8, r4, ip, lsl #18
    31c0:	003fd0d8 	ldrsbteq	sp, [pc], -r8
    31c4:	00048c48 	andeq	r8, r4, r8, asr #24
    31c8:	003fd0fc 	ldrshteq	sp, [pc], -ip
    31cc:	003fd1b0 	ldrhteq	sp, [pc], -r0
    31d0:	00048c48 	andeq	r8, r4, r8, asr #24
    31d4:	003fd21c 	eorseq	sp, pc, ip, lsl r2	@ <UNPREDICTABLE>
    31d8:	0004890c 	andeq	r8, r4, ip, lsl #18
    31dc:	003fd268 	eorseq	sp, pc, r8, ror #4
    31e0:	00048004 	andeq	r8, r4, r4
    31e4:	00049a8c 	andeq	r9, r4, ip, lsl #21
    31e8:	003fd7a4 	eorseq	sp, pc, r4, lsr #15
    31ec:	0004890c 	andeq	r8, r4, ip, lsl #18
    31f0:	003fd824 	eorseq	sp, pc, r4, lsr #16
    31f4:	0004890c 	andeq	r8, r4, ip, lsl #18
    31f8:	003fd904 	eorseq	sp, pc, r4, lsl #18
    31fc:	0004890c 	andeq	r8, r4, ip, lsl #18
    3200:	003fd944 	eorseq	sp, pc, r4, asr #18
    3204:	0004890c 	andeq	r8, r4, ip, lsl #18
    3208:	003fd998 	mlaseq	pc, r8, r9, sp	@ <UNPREDICTABLE>
    320c:	00048c48 	andeq	r8, r4, r8, asr #24
    3210:	0004890c 	andeq	r8, r4, ip, lsl #18
    3214:	003fdab0 	ldrhteq	sp, [pc], -r0
    3218:	00048004 	andeq	r8, r4, r4
    321c:	00402554 	subeq	r2, r0, r4, asr r5
    3220:	0004890c 	andeq	r8, r4, ip, lsl #18
    3224:	e7e3abf1 			@ <UNDEFINED> instruction: 0xe7e3abf1
    3228:	e1a0a003 	mov	sl, r3
    322c:	e2433020 	sub	r3, r3, #32
    3230:	e1a0b003 	mov	fp, r3
    3234:	e353001f 	cmp	r3, #31
    3238:	9a000001 	bls	0x3244
    323c:	e1a03001 	mov	r3, r1
    3240:	ea000027 	b	0x32e4
    3244:	e3a09000 	mov	r9, #0
    3248:	e1a03001 	mov	r3, r1
    324c:	e3a0c001 	mov	ip, #1
    3250:	e20be01f 	and	lr, fp, #31
    3254:	e1a0be1c 	lsl	fp, ip, lr
    3258:	e1a0600b 	mov	r6, fp
    325c:	e3a0cb4a 	mov	ip, #75776	@ 0x12800
    3260:	e38cc089 	orr	ip, ip, #137	@ 0x89
    3264:	e11b000c 	tst	fp, ip
    3268:	0a00001d 	beq	0x32e4
    326c:	e281b001 	add	fp, r1, #1
    3270:	e1a0300b 	mov	r3, fp
    3274:	e594001c 	ldr	r0, [r4, #28]
    3278:	e5957030 	ldr	r7, [r5, #48]	@ 0x30
    327c:	e59fefb4 	ldr	lr, [pc, #4020]	@ 0x4238
    3280:	e7f0e3fc 	udf	#3644	@ 0xe3c
    3284:	2a00050e 	bcs	0x46c4
    3288:	e7db70f4 			@ <UNDEFINED> instruction: 0xe7db70f4
    328c:	e1869009 	orr	r9, r6, r9
    3290:	e1a0b001 	mov	fp, r1
    3294:	e5957030 	ldr	r7, [r5, #48]	@ 0x30
    3298:	e3e0e4fe 	mvn	lr, #-33554432	@ 0xfe000000
    329c:	e3cee8fe 	bic	lr, lr, #16646144	@ 0xfe0000
    32a0:	e7fbe0f1 	udf	#48641	@ 0xbe01
    32a4:	2a000506 	bcs	0x46c4
    32a8:	e7e07bf1 			@ <UNDEFINED> instruction: 0xe7e07bf1
    32ac:	e1a0a000 	mov	sl, r0
    32b0:	e2400020 	sub	r0, r0, #32
    32b4:	e1a07000 	mov	r7, r0
    32b8:	e3500020 	cmp	r0, #32
    32bc:	2a000008 	bcs	0x32e4
    32c0:	e1a01003 	mov	r1, r3
    32c4:	e3a0c001 	mov	ip, #1
    32c8:	e207e01f 	and	lr, r7, #31
    32cc:	e1a07e1c 	lsl	r7, ip, lr
    32d0:	e1a06007 	mov	r6, r7
    32d4:	e3a0cb4a 	mov	ip, #75776	@ 0x12800
    32d8:	e38cc089 	orr	ip, ip, #137	@ 0x89
    32dc:	e117000c 	tst	r7, ip
    32e0:	1affffe1 	bne	0x326c
    32e4:	e35a002a 	cmp	sl, #42	@ 0x2a
    32e8:	1a000069 	bne	0x3494
    32ec:	e1a06003 	mov	r6, r3
    32f0:	e5951030 	ldr	r1, [r5, #48]	@ 0x30
    32f4:	e3e0e4fe 	mvn	lr, #-33554432	@ 0xfe000000
    32f8:	e3cee8fe 	bic	lr, lr, #16646144	@ 0xfe0000
    32fc:	e7f6e0f1 	udf	#28161	@ 0x6e01
    3300:	2a0004ef 	bcs	0x46c4
    3304:	e7e016f1 			@ <UNDEFINED> instruction: 0xe7e016f1
    3308:	e2400030 	sub	r0, r0, #48	@ 0x30
    330c:	e1a01000 	mov	r1, r0
    3310:	e3500009 	cmp	r0, #9
    3314:	8a000025 	bhi	0x33b0
    3318:	e1a07003 	mov	r7, r3
    331c:	e5956030 	ldr	r6, [r5, #48]	@ 0x30
    3320:	e3e0e4fe 	mvn	lr, #-33554432	@ 0xfe000000
    3324:	e3cee8fe 	bic	lr, lr, #16646144	@ 0xfe0000
    3328:	e7f7e0f2 	udf	#32258	@ 0x7e02
    332c:	2a0004e4 	bcs	0x46c4
    3330:	e7e067f0 			@ <UNDEFINED> instruction: 0xe7e067f0
    3334:	e3500024 	cmp	r0, #36	@ 0x24
    3338:	1a00001c 	bne	0x33b0
    333c:	e594c000 	ldr	ip, [r4]
    3340:	e35c0000 	cmp	ip, #0
    3344:	1a00000b 	bne	0x3378
    3348:	e1a00101 	lsl	r0, r1, #2
    334c:	e594c010 	ldr	ip, [r4, #16]
    3350:	e08c0000 	add	r0, ip, r0
    3354:	e5956030 	ldr	r6, [r5, #48]	@ 0x30
    3358:	e59fced8 	ldr	ip, [pc, #3800]	@ 0x4238
    335c:	e150000c 	cmp	r0, ip
    3360:	8a0004d7 	bhi	0x46c4
    3364:	e3a0700a 	mov	r7, #10
    3368:	e7d760f4 			@ <UNDEFINED> instruction: 0xe7d760f4
    336c:	e3a0e000 	mov	lr, #0
    3370:	e584e050 	str	lr, [r4, #80]	@ 0x50
    3374:	ea000008 	b	0x339c
    3378:	e1a01181 	lsl	r1, r1, #3
    337c:	e594c00c 	ldr	ip, [r4, #12]
    3380:	e08c1001 	add	r1, ip, r1
    3384:	e5950030 	ldr	r0, [r5, #48]	@ 0x30
    3388:	e59fcea8 	ldr	ip, [pc, #3752]	@ 0x4238
    338c:	e151000c 	cmp	r1, ip
    3390:	8a0004cb 	bhi	0x46c4
    3394:	e7ee01f4 			@ <UNDEFINED> instruction: 0xe7ee01f4
    3398:	e584e050 	str	lr, [r4, #80]	@ 0x50
    339c:	e283e003 	add	lr, r3, #3
    33a0:	e584e004 	str	lr, [r4, #4]
    33a4:	e3a0e001 	mov	lr, #1
    33a8:	e584e02c 	str	lr, [r4, #44]	@ 0x2c
    33ac:	ea000029 	b	0x3458
    33b0:	e594c02c 	ldr	ip, [r4, #44]	@ 0x2c
    33b4:	e35c0000 	cmp	ip, #0
    33b8:	1a00042b 	bne	0x446c
    33bc:	e283e001 	add	lr, r3, #1
    33c0:	e584e004 	str	lr, [r4, #4]
    33c4:	e594c000 	ldr	ip, [r4]
    33c8:	e35c0000 	cmp	ip, #0
    33cc:	1a00000b 	bne	0x3400
    33d0:	e594101c 	ldr	r1, [r4, #28]
    33d4:	e5950030 	ldr	r0, [r5, #48]	@ 0x30
    33d8:	e5943004 	ldr	r3, [r4, #4]
    33dc:	e59fee54 	ldr	lr, [pc, #3668]	@ 0x4238
    33e0:	e7f1e3fc 	udf	#7740	@ 0x1e3c
    33e4:	2a0004b6 	bcs	0x46c4
    33e8:	e7d301f4 			@ <UNDEFINED> instruction: 0xe7d301f4
    33ec:	e3a0e000 	mov	lr, #0
    33f0:	e584e02c 	str	lr, [r4, #44]	@ 0x2c
    33f4:	e3a0e000 	mov	lr, #0
    33f8:	e584e050 	str	lr, [r4, #80]	@ 0x50
    33fc:	ea000039 	b	0x34e8
    3400:	e5943008 	ldr	r3, [r4, #8]
    3404:	e5951030 	ldr	r1, [r5, #48]	@ 0x30
    3408:	e59fce28 	ldr	ip, [pc, #3624]	@ 0x4238
    340c:	e153000c 	cmp	r3, ip
    3410:	8a0004ab 	bhi	0x46c4
    3414:	e7e013f4 			@ <UNDEFINED> instruction: 0xe7e013f4
    3418:	e1a01000 	mov	r1, r0
    341c:	e2800004 	add	r0, r0, #4
    3420:	e5947008 	ldr	r7, [r4, #8]
    3424:	e5953030 	ldr	r3, [r5, #48]	@ 0x30
    3428:	e59fce08 	ldr	ip, [pc, #3592]	@ 0x4238
    342c:	e157000c 	cmp	r7, ip
    3430:	8a0004a3 	bhi	0x46c4
    3434:	e7d037f4 			@ <UNDEFINED> instruction: 0xe7d037f4
    3438:	e5950030 	ldr	r0, [r5, #48]	@ 0x30
    343c:	e59fcdf4 	ldr	ip, [pc, #3572]	@ 0x4238
    3440:	e151000c 	cmp	r1, ip
    3444:	8a00049e 	bhi	0x46c4
    3448:	e7ee01f4 			@ <UNDEFINED> instruction: 0xe7ee01f4
    344c:	e584e050 	str	lr, [r4, #80]	@ 0x50
    3450:	e3a0e000 	mov	lr, #0
    3454:	e584e02c 	str	lr, [r4, #44]	@ 0x2c
    3458:	e594101c 	ldr	r1, [r4, #28]
    345c:	e5950030 	ldr	r0, [r5, #48]	@ 0x30
    3460:	e5943004 	ldr	r3, [r4, #4]
    3464:	e59fedcc 	ldr	lr, [pc, #3532]	@ 0x4238
    3468:	e7f1e3fc 	udf	#7740	@ 0x1e3c
    346c:	2a000494 	bcs	0x46c4
    3470:	e7d301f4 			@ <UNDEFINED> instruction: 0xe7d301f4
    3474:	e594c050 	ldr	ip, [r4, #80]	@ 0x50
    3478:	e37c0001 	cmn	ip, #1
    347c:	ca000019 	bgt	0x34e8
    3480:	e594c050 	ldr	ip, [r4, #80]	@ 0x50
    3484:	e26ce000 	rsb	lr, ip, #0
    3488:	e584e050 	str	lr, [r4, #80]	@ 0x50
    348c:	e3899d80 	orr	r9, r9, #128, 26	@ 0x2000
    3490:	ea000014 	b	0x34e8
    3494:	e594c01c 	ldr	ip, [r4, #28]
    3498:	e28c003c 	add	r0, ip, #60	@ 0x3c
    349c:	e5840088 	str	r0, [r4, #136]	@ 0x88
    34a0:	e59f0d94 	ldr	r0, [pc, #3476]	@ 0x423c
    34a4:	e1a01004 	mov	r1, r4
    34a8:	e59d2000 	ldr	r2, [sp]
    34ac:	e59fcd8c 	ldr	ip, [pc, #3468]	@ 0x4240
    34b0:	e12fff3c 	blx	ip
    34b4:	e3500000 	cmp	r0, #0
    34b8:	1a000484 	bne	0x46d0
    34bc:	e5940088 	ldr	r0, [r4, #136]	@ 0x88
    34c0:	e5840050 	str	r0, [r4, #80]	@ 0x50
    34c4:	e3500000 	cmp	r0, #0
    34c8:	ba000462 	blt	0x4658
    34cc:	e594101c 	ldr	r1, [r4, #28]
    34d0:	e5950030 	ldr	r0, [r5, #48]	@ 0x30
    34d4:	e59fed5c 	ldr	lr, [pc, #3420]	@ 0x4238
    34d8:	e7f1e3fc 	udf	#7740	@ 0x1e3c
    34dc:	2a000478 	bcs	0x46c4
    34e0:	e7ee01f4 			@ <UNDEFINED> instruction: 0xe7ee01f4
    34e4:	e584e004 	str	lr, [r4, #4]
    34e8:	e3a07000 	mov	r7, #0
    34ec:	e3e0e000 	mvn	lr, #0
    34f0:	e584e054 	str	lr, [r4, #84]	@ 0x54
    34f4:	e5943004 	ldr	r3, [r4, #4]
    34f8:	e5951030 	ldr	r1, [r5, #48]	@ 0x30
    34fc:	e3e0c4fe 	mvn	ip, #-33554432	@ 0xfe000000
    3500:	e3ccc8fe 	bic	ip, ip, #16646144	@ 0xfe0000
    3504:	e153000c 	cmp	r3, ip
    3508:	8a00046d 	bhi	0x46c4
    350c:	e7e013f0 			@ <UNDEFINED> instruction: 0xe7e013f0
    3510:	e350002e 	cmp	r0, #46	@ 0x2e
    3514:	0a000001 	beq	0x3520
    3518:	e3a0b000 	mov	fp, #0
    351c:	ea000080 	b	0x3724
    3520:	e5943004 	ldr	r3, [r4, #4]
    3524:	e5951030 	ldr	r1, [r5, #48]	@ 0x30
    3528:	e3e0e4fe 	mvn	lr, #-33554432	@ 0xfe000000
    352c:	e3cee8fe 	bic	lr, lr, #16646144	@ 0xfe0000
    3530:	e7f3e0f1 	udf	#15873	@ 0x3e01
    3534:	2a000462 	bcs	0x46c4
    3538:	e7e013f0 			@ <UNDEFINED> instruction: 0xe7e013f0
    353c:	e350002a 	cmp	r0, #42	@ 0x2a
    3540:	1a00005b 	bne	0x36b4
    3544:	e5943004 	ldr	r3, [r4, #4]
    3548:	e5951030 	ldr	r1, [r5, #48]	@ 0x30
    354c:	e3e0e4fe 	mvn	lr, #-33554432	@ 0xfe000000
    3550:	e3cee8fe 	bic	lr, lr, #16646144	@ 0xfe0000
    3554:	e7f3e0f2 	udf	#15874	@ 0x3e02
    3558:	2a000459 	bcs	0x46c4
    355c:	e7e013f1 			@ <UNDEFINED> instruction: 0xe7e013f1
    3560:	e2400030 	sub	r0, r0, #48	@ 0x30
    3564:	e1a01000 	mov	r1, r0
    3568:	e3500009 	cmp	r0, #9
    356c:	8a000024 	bhi	0x3604
    3570:	e5946004 	ldr	r6, [r4, #4]
    3574:	e5953030 	ldr	r3, [r5, #48]	@ 0x30
    3578:	e3e0e4fe 	mvn	lr, #-33554432	@ 0xfe000000
    357c:	e3cee8fe 	bic	lr, lr, #16646144	@ 0xfe0000
    3580:	e7f6e0f3 	udf	#28163	@ 0x6e03
    3584:	2a00044e 	bcs	0x46c4
    3588:	e7e036f0 			@ <UNDEFINED> instruction: 0xe7e036f0
    358c:	e3500024 	cmp	r0, #36	@ 0x24
    3590:	1a00001b 	bne	0x3604
    3594:	e594c000 	ldr	ip, [r4]
    3598:	e35c0000 	cmp	ip, #0
    359c:	1a00000b 	bne	0x35d0
    35a0:	e1a00101 	lsl	r0, r1, #2
    35a4:	e594c010 	ldr	ip, [r4, #16]
    35a8:	e08c0000 	add	r0, ip, r0
    35ac:	e5953030 	ldr	r3, [r5, #48]	@ 0x30
    35b0:	e59fcc80 	ldr	ip, [pc, #3200]	@ 0x4238
    35b4:	e150000c 	cmp	r0, ip
    35b8:	8a000441 	bhi	0x46c4
    35bc:	e3a0600a 	mov	r6, #10
    35c0:	e7d630f4 			@ <UNDEFINED> instruction: 0xe7d630f4
    35c4:	e3a0e000 	mov	lr, #0
    35c8:	e584e054 	str	lr, [r4, #84]	@ 0x54
    35cc:	ea000008 	b	0x35f4
    35d0:	e1a01181 	lsl	r1, r1, #3
    35d4:	e594c00c 	ldr	ip, [r4, #12]
    35d8:	e08c1001 	add	r1, ip, r1
    35dc:	e5950030 	ldr	r0, [r5, #48]	@ 0x30
    35e0:	e59fcc50 	ldr	ip, [pc, #3152]	@ 0x4238
    35e4:	e151000c 	cmp	r1, ip
    35e8:	8a000435 	bhi	0x46c4
    35ec:	e7ee01f4 			@ <UNDEFINED> instruction: 0xe7ee01f4
    35f0:	e584e054 	str	lr, [r4, #84]	@ 0x54
    35f4:	e594c004 	ldr	ip, [r4, #4]
    35f8:	e28ce004 	add	lr, ip, #4
    35fc:	e584e004 	str	lr, [r4, #4]
    3600:	ea00001f 	b	0x3684
    3604:	e594c02c 	ldr	ip, [r4, #44]	@ 0x2c
    3608:	e35c0000 	cmp	ip, #0
    360c:	1a000396 	bne	0x446c
    3610:	e594c004 	ldr	ip, [r4, #4]
    3614:	e28ce002 	add	lr, ip, #2
    3618:	e584e004 	str	lr, [r4, #4]
    361c:	e594c000 	ldr	ip, [r4]
    3620:	e35c0000 	cmp	ip, #0
    3624:	1a000002 	bne	0x3634
    3628:	e3a0e000 	mov	lr, #0
    362c:	e584e054 	str	lr, [r4, #84]	@ 0x54
    3630:	ea000013 	b	0x3684
    3634:	e5943008 	ldr	r3, [r4, #8]
    3638:	e5951030 	ldr	r1, [r5, #48]	@ 0x30
    363c:	e59fcbf4 	ldr	ip, [pc, #3060]	@ 0x4238
    3640:	e153000c 	cmp	r3, ip
    3644:	8a00041e 	bhi	0x46c4
    3648:	e7e013f4 			@ <UNDEFINED> instruction: 0xe7e013f4
    364c:	e1a01000 	mov	r1, r0
    3650:	e2800004 	add	r0, r0, #4
    3654:	e5946008 	ldr	r6, [r4, #8]
    3658:	e5953030 	ldr	r3, [r5, #48]	@ 0x30
    365c:	e59fcbd4 	ldr	ip, [pc, #3028]	@ 0x4238
    3660:	e156000c 	cmp	r6, ip
    3664:	8a000416 	bhi	0x46c4
    3668:	e7d036f4 			@ <UNDEFINED> instruction: 0xe7d036f4
    366c:	e5950030 	ldr	r0, [r5, #48]	@ 0x30
    3670:	e59fcbc0 	ldr	ip, [pc, #3008]	@ 0x4238
    3674:	e151000c 	cmp	r1, ip
    3678:	8a000411 	bhi	0x46c4
    367c:	e7ee01f4 			@ <UNDEFINED> instruction: 0xe7ee01f4
    3680:	e584e054 	str	lr, [r4, #84]	@ 0x54
    3684:	e594101c 	ldr	r1, [r4, #28]
    3688:	e5950030 	ldr	r0, [r5, #48]	@ 0x30
    368c:	e5943004 	ldr	r3, [r4, #4]
    3690:	e59feba0 	ldr	lr, [pc, #2976]	@ 0x4238
    3694:	e7f1e3fc 	udf	#7740	@ 0x1e3c
    3698:	2a000409 	bcs	0x46c4
    369c:	e7d301f4 			@ <UNDEFINED> instruction: 0xe7d301f4
    36a0:	e594c054 	ldr	ip, [r4, #84]	@ 0x54
    36a4:	e37c0001 	cmn	ip, #1
    36a8:	e3a0b000 	mov	fp, #0
    36ac:	c3a0b001 	movgt	fp, #1
    36b0:	ea00001b 	b	0x3724
    36b4:	e594c004 	ldr	ip, [r4, #4]
    36b8:	e28c0001 	add	r0, ip, #1
    36bc:	e594301c 	ldr	r3, [r4, #28]
    36c0:	e5951030 	ldr	r1, [r5, #48]	@ 0x30
    36c4:	e59feb6c 	ldr	lr, [pc, #2924]	@ 0x4238
    36c8:	e7f3e3fc 	udf	#15932	@ 0x3e3c
    36cc:	2a0003fc 	bcs	0x46c4
    36d0:	e7d013f4 			@ <UNDEFINED> instruction: 0xe7d013f4
    36d4:	e3a0b001 	mov	fp, #1
    36d8:	e594c01c 	ldr	ip, [r4, #28]
    36dc:	e28c003c 	add	r0, ip, #60	@ 0x3c
    36e0:	e5840088 	str	r0, [r4, #136]	@ 0x88
    36e4:	e59f0b58 	ldr	r0, [pc, #2904]	@ 0x4244
    36e8:	e1a01004 	mov	r1, r4
    36ec:	e59d2000 	ldr	r2, [sp]
    36f0:	e59fcb50 	ldr	ip, [pc, #2896]	@ 0x4248
    36f4:	e12fff3c 	blx	ip
    36f8:	e3500000 	cmp	r0, #0
    36fc:	1a0003f3 	bne	0x46d0
    3700:	e5940088 	ldr	r0, [r4, #136]	@ 0x88
    3704:	e5840054 	str	r0, [r4, #84]	@ 0x54
    3708:	e594101c 	ldr	r1, [r4, #28]
    370c:	e5950030 	ldr	r0, [r5, #48]	@ 0x30
    3710:	e59feb20 	ldr	lr, [pc, #2848]	@ 0x4238
    3714:	e7f1e3fc 	udf	#7740	@ 0x1e3c
    3718:	2a0003e9 	bcs	0x46c4
    371c:	e7ee01f4 			@ <UNDEFINED> instruction: 0xe7ee01f4
    3720:	e584e004 	str	lr, [r4, #4]
    3724:	e1a06007 	mov	r6, r7
    3728:	e3a0e01c 	mov	lr, #28
    372c:	e584e05c 	str	lr, [r4, #92]	@ 0x5c
    3730:	e594a004 	ldr	sl, [r4, #4]
    3734:	e5943004 	ldr	r3, [r4, #4]
    3738:	e5951030 	ldr	r1, [r5, #48]	@ 0x30
    373c:	e3e0c4fe 	mvn	ip, #-33554432	@ 0xfe000000
    3740:	e3ccc8fe 	bic	ip, ip, #16646144	@ 0xfe0000
    3744:	e153000c 	cmp	r3, ip
    3748:	8a0003dd 	bhi	0x46c4
    374c:	e7e013f1 			@ <UNDEFINED> instruction: 0xe7e013f1
    3750:	e1a01000 	mov	r1, r0
    3754:	e240007b 	sub	r0, r0, #123	@ 0x7b
    3758:	e370003a 	cmn	r0, #58	@ 0x3a
    375c:	3a0003bf 	bcc	0x4660
    3760:	e28ae001 	add	lr, sl, #1
    3764:	e584e004 	str	lr, [r4, #4]
    3768:	e3a0c03a 	mov	ip, #58	@ 0x3a
    376c:	e0000c96 	mul	r0, r6, ip
    3770:	e0800001 	add	r0, r0, r1
    3774:	e2800b40 	add	r0, r0, #64, 22	@ 0x10000
    3778:	e280017c 	add	r0, r0, #124, 2
    377c:	e1a03000 	mov	r3, r0
    3780:	e5951030 	ldr	r1, [r5, #48]	@ 0x30
    3784:	e3e0c4fe 	mvn	ip, #-33554432	@ 0xfe000000
    3788:	e3ccc8fe 	bic	ip, ip, #16646144	@ 0xfe0000
    378c:	e153000c 	cmp	r3, ip
    3790:	8a0003cb 	bhi	0x46c4
    3794:	e7e013f0 			@ <UNDEFINED> instruction: 0xe7e013f0
    3798:	e1a07000 	mov	r7, r0
    379c:	e2400001 	sub	r0, r0, #1
    37a0:	e20000ff 	and	r0, r0, #255	@ 0xff
    37a4:	e3500008 	cmp	r0, #8
    37a8:	3affffdd 	bcc	0x3724
    37ac:	e594101c 	ldr	r1, [r4, #28]
    37b0:	e5950030 	ldr	r0, [r5, #48]	@ 0x30
    37b4:	e5943004 	ldr	r3, [r4, #4]
    37b8:	e59fea78 	ldr	lr, [pc, #2680]	@ 0x4238
    37bc:	e7f1e3fc 	udf	#7740	@ 0x1e3c
    37c0:	2a0003bf 	bcs	0x46c4
    37c4:	e7d301f4 			@ <UNDEFINED> instruction: 0xe7d301f4
    37c8:	e357001b 	cmp	r7, #27
    37cc:	0a000031 	beq	0x3898
    37d0:	e3570000 	cmp	r7, #0
    37d4:	0a0003a1 	beq	0x4660
    37d8:	e3580000 	cmp	r8, #0
    37dc:	ba00001e 	blt	0x385c
    37e0:	e594c000 	ldr	ip, [r4]
    37e4:	e35c0000 	cmp	ip, #0
    37e8:	1a000008 	bne	0x3810
    37ec:	e1a00108 	lsl	r0, r8, #2
    37f0:	e594c010 	ldr	ip, [r4, #16]
    37f4:	e08c0000 	add	r0, ip, r0
    37f8:	e5951030 	ldr	r1, [r5, #48]	@ 0x30
    37fc:	e59fca34 	ldr	ip, [pc, #2612]	@ 0x4238
    3800:	e150000c 	cmp	r0, ip
    3804:	8a0003ae 	bhi	0x46c4
    3808:	e7d710f4 			@ <UNDEFINED> instruction: 0xe7d710f4
    380c:	eafffdc7 	b	0x2f30
    3810:	e1a00188 	lsl	r0, r8, #3
    3814:	e594c00c 	ldr	ip, [r4, #12]
    3818:	e08c0000 	add	r0, ip, r0
    381c:	e5952030 	ldr	r2, [r5, #48]	@ 0x30
    3820:	e59fca24 	ldr	ip, [pc, #2596]	@ 0x424c
    3824:	e150000c 	cmp	r0, ip
    3828:	8a0003a5 	bhi	0x46c4
    382c:	e082c000 	add	ip, r2, r0
    3830:	e59c1000 	ldr	r1, [ip]
    3834:	e59c3004 	ldr	r3, [ip, #4]
    3838:	e594201c 	ldr	r2, [r4, #28]
    383c:	e5950030 	ldr	r0, [r5, #48]	@ 0x30
    3840:	e59fea04 	ldr	lr, [pc, #2564]	@ 0x424c
    3844:	e7f2e3f0 	udf	#11824	@ 0x2e30
    3848:	2a00039d 	bcs	0x46c4
    384c:	e080c002 	add	ip, r0, r2
    3850:	e58c1000 	str	r1, [ip]
    3854:	e58c3004 	str	r3, [ip, #4]
    3858:	ea000015 	b	0x38b4
    385c:	e594c000 	ldr	ip, [r4]
    3860:	e35c0000 	cmp	ip, #0
    3864:	0a000378 	beq	0x464c
    3868:	e594c01c 	ldr	ip, [r4, #28]
    386c:	e28c0030 	add	r0, ip, #48	@ 0x30
    3870:	e5840088 	str	r0, [r4, #136]	@ 0x88
    3874:	e5847034 	str	r7, [r4, #52]	@ 0x34
    3878:	e59f09d0 	ldr	r0, [pc, #2512]	@ 0x4250
    387c:	e1a01004 	mov	r1, r4
    3880:	e59d2000 	ldr	r2, [sp]
    3884:	e59fc9c8 	ldr	ip, [pc, #2504]	@ 0x4254
    3888:	e12fff3c 	blx	ip
    388c:	e3500000 	cmp	r0, #0
    3890:	1a00038e 	bne	0x46d0
    3894:	ea000006 	b	0x38b4
    3898:	e3780001 	cmn	r8, #1
    389c:	ca00036f 	bgt	0x4660
    38a0:	e3a0e000 	mov	lr, #0
    38a4:	e584e034 	str	lr, [r4, #52]	@ 0x34
    38a8:	e594c000 	ldr	ip, [r4]
    38ac:	e35c0000 	cmp	ip, #0
    38b0:	0afffda0 	beq	0x2f38
    38b4:	e5942000 	ldr	r2, [r4]
    38b8:	e5951030 	ldr	r1, [r5, #48]	@ 0x30
    38bc:	e3e0c4fe 	mvn	ip, #-33554432	@ 0xfe000000
    38c0:	e3ccc8fe 	bic	ip, ip, #16646144	@ 0xfe0000
    38c4:	e152000c 	cmp	r2, ip
    38c8:	8a00037d 	bhi	0x46c4
    38cc:	e7e012f0 			@ <UNDEFINED> instruction: 0xe7e012f0
    38d0:	e3100020 	tst	r0, #32
    38d4:	1a00036f 	bne	0x4698
    38d8:	e3c90b40 	bic	r0, r9, #64, 22	@ 0x10000
    38dc:	e5840060 	str	r0, [r4, #96]	@ 0x60
    38e0:	e3190d80 	tst	r9, #128, 26	@ 0x2000
    38e4:	e1a0e000 	mov	lr, r0
    38e8:	01a0e009 	moveq	lr, r9
    38ec:	e584e048 	str	lr, [r4, #72]	@ 0x48
    38f0:	e3a0e000 	mov	lr, #0
    38f4:	e584e044 	str	lr, [r4, #68]	@ 0x44
    38f8:	e3a0eb40 	mov	lr, #64, 22	@ 0x10000
    38fc:	e584e064 	str	lr, [r4, #100]	@ 0x64
    3900:	e594e028 	ldr	lr, [r4, #40]	@ 0x28
    3904:	e584e05c 	str	lr, [r4, #92]	@ 0x5c
    3908:	e1a0200a 	mov	r2, sl
    390c:	e5951030 	ldr	r1, [r5, #48]	@ 0x30
    3910:	e3e0c4fe 	mvn	ip, #-33554432	@ 0xfe000000
    3914:	e3ccc8fe 	bic	ip, ip, #16646144	@ 0xfe0000
    3918:	e152000c 	cmp	r2, ip
    391c:	8a000368 	bhi	0x46c4
    3920:	e7ea12f0 			@ <UNDEFINED> instruction: 0xe7ea12f0
    3924:	e1a0100a 	mov	r1, sl
    3928:	e6afa07a 	sxtb	sl, sl
    392c:	e1a0200a 	mov	r2, sl
    3930:	e3caa02c 	bic	sl, sl, #44	@ 0x2c
    3934:	e201100f 	and	r1, r1, #15
    3938:	e3510003 	cmp	r1, #3
    393c:	11a0a002 	movne	sl, r2
    3940:	e3560000 	cmp	r6, #0
    3944:	01a0a002 	moveq	sl, r2
    3948:	e1a0800a 	mov	r8, sl
    394c:	e24aa058 	sub	sl, sl, #88	@ 0x58
    3950:	e1a0e00a 	mov	lr, sl
    3954:	e35e0021 	cmp	lr, #33	@ 0x21
    3958:	23a0e021 	movcs	lr, #33	@ 0x21
    395c:	e1a0e10e 	lsl	lr, lr, #2
    3960:	e59fc8f0 	ldr	ip, [pc, #2288]	@ 0x4258
    3964:	e08ee00c 	add	lr, lr, ip
    3968:	e59ec000 	ldr	ip, [lr]
    396c:	e12fff1c 	bx	ip
    3970:	e594e028 	ldr	lr, [r4, #40]	@ 0x28
    3974:	e584e05c 	str	lr, [r4, #92]	@ 0x5c
    3978:	e2481041 	sub	r1, r8, #65	@ 0x41
    397c:	e1a0e001 	mov	lr, r1
    3980:	e35e0007 	cmp	lr, #7
    3984:	23a0e007 	movcs	lr, #7
    3988:	e1a0e10e 	lsl	lr, lr, #2
    398c:	e59fc8c8 	ldr	ip, [pc, #2248]	@ 0x425c
    3990:	e08ee00c 	add	lr, lr, ip
    3994:	e59ec000 	ldr	ip, [lr]
    3998:	e12fff1c 	bx	ip
    399c:	e3580053 	cmp	r8, #83	@ 0x53
    39a0:	0a00017b 	beq	0x3f94
    39a4:	ea0002c3 	b	0x44b8
    39a8:	e3a0e000 	mov	lr, #0
    39ac:	e584e044 	str	lr, [r4, #68]	@ 0x44
    39b0:	e3a0eb40 	mov	lr, #64, 22	@ 0x10000
    39b4:	e584e064 	str	lr, [r4, #100]	@ 0x64
    39b8:	e594201c 	ldr	r2, [r4, #28]
    39bc:	e5951030 	ldr	r1, [r5, #48]	@ 0x30
    39c0:	e59fe884 	ldr	lr, [pc, #2180]	@ 0x424c
    39c4:	e7f2e3f0 	udf	#11824	@ 0x2e30
    39c8:	2a00033d 	bcs	0x46c4
    39cc:	e081c002 	add	ip, r1, r2
    39d0:	e59ca000 	ldr	sl, [ip]
    39d4:	e59c9004 	ldr	r9, [ip, #4]
    39d8:	ea0000f2 	b	0x3da8
    39dc:	e3a0e000 	mov	lr, #0
    39e0:	e584e034 	str	lr, [r4, #52]	@ 0x34
    39e4:	e1a0e006 	mov	lr, r6
    39e8:	e35e0008 	cmp	lr, #8
    39ec:	23a0e008 	movcs	lr, #8
    39f0:	e1a0e10e 	lsl	lr, lr, #2
    39f4:	e59fc864 	ldr	ip, [pc, #2148]	@ 0x4260
    39f8:	e08ee00c 	add	lr, lr, ip
    39fc:	e59ec000 	ldr	ip, [lr]
    3a00:	e12fff1c 	bx	ip
    3a04:	e594301c 	ldr	r3, [r4, #28]
    3a08:	e5952030 	ldr	r2, [r5, #48]	@ 0x30
    3a0c:	e59fe824 	ldr	lr, [pc, #2084]	@ 0x4238
    3a10:	e7f3e3f0 	udf	#15920	@ 0x3e30
    3a14:	2a00032a 	bcs	0x46c4
    3a18:	e7e123f4 			@ <UNDEFINED> instruction: 0xe7e123f4
    3a1c:	e5952030 	ldr	r2, [r5, #48]	@ 0x30
    3a20:	e5943030 	ldr	r3, [r4, #48]	@ 0x30
    3a24:	e59fc80c 	ldr	ip, [pc, #2060]	@ 0x4238
    3a28:	e151000c 	cmp	r1, ip
    3a2c:	8a000324 	bhi	0x46c4
    3a30:	e7d321f4 			@ <UNDEFINED> instruction: 0xe7d321f4
    3a34:	eafffd3f 	b	0x2f38
    3a38:	e594301c 	ldr	r3, [r4, #28]
    3a3c:	e5952030 	ldr	r2, [r5, #48]	@ 0x30
    3a40:	e59fe7f0 	ldr	lr, [pc, #2032]	@ 0x4238
    3a44:	e7f3e3f0 	udf	#15920	@ 0x3e30
    3a48:	2a00031d 	bcs	0x46c4
    3a4c:	e7e123f4 			@ <UNDEFINED> instruction: 0xe7e123f4
    3a50:	e5952030 	ldr	r2, [r5, #48]	@ 0x30
    3a54:	e5943030 	ldr	r3, [r4, #48]	@ 0x30
    3a58:	e59fc7d8 	ldr	ip, [pc, #2008]	@ 0x4238
    3a5c:	e151000c 	cmp	r1, ip
    3a60:	8a000317 	bhi	0x46c4
    3a64:	e7d321f4 			@ <UNDEFINED> instruction: 0xe7d321f4
    3a68:	eafffd32 	b	0x2f38
    3a6c:	e594301c 	ldr	r3, [r4, #28]
    3a70:	e5952030 	ldr	r2, [r5, #48]	@ 0x30
    3a74:	e59fe7bc 	ldr	lr, [pc, #1980]	@ 0x4238
    3a78:	e7f3e3f0 	udf	#15920	@ 0x3e30
    3a7c:	2a000310 	bcs	0x46c4
    3a80:	e7e123f4 			@ <UNDEFINED> instruction: 0xe7e123f4
    3a84:	e5942030 	ldr	r2, [r4, #48]	@ 0x30
    3a88:	e1a03fc2 	asr	r3, r2, #31
    3a8c:	e5956030 	ldr	r6, [r5, #48]	@ 0x30
    3a90:	e59fc7b4 	ldr	ip, [pc, #1972]	@ 0x424c
    3a94:	e151000c 	cmp	r1, ip
    3a98:	8a000309 	bhi	0x46c4
    3a9c:	e086c001 	add	ip, r6, r1
    3aa0:	e58c2000 	str	r2, [ip]
    3aa4:	e58c3004 	str	r3, [ip, #4]
    3aa8:	eafffd22 	b	0x2f38
    3aac:	e594301c 	ldr	r3, [r4, #28]
    3ab0:	e5952030 	ldr	r2, [r5, #48]	@ 0x30
    3ab4:	e59fe77c 	ldr	lr, [pc, #1916]	@ 0x4238
    3ab8:	e7f3e3f0 	udf	#15920	@ 0x3e30
    3abc:	2a000300 	bcs	0x46c4
    3ac0:	e7e123f4 			@ <UNDEFINED> instruction: 0xe7e123f4
    3ac4:	e5952030 	ldr	r2, [r5, #48]	@ 0x30
    3ac8:	e5943030 	ldr	r3, [r4, #48]	@ 0x30
    3acc:	e59fc790 	ldr	ip, [pc, #1936]	@ 0x4264
    3ad0:	e151000c 	cmp	r1, ip
    3ad4:	8a0002fa 	bhi	0x46c4
    3ad8:	e7d321f2 			@ <UNDEFINED> instruction: 0xe7d321f2
    3adc:	eafffd15 	b	0x2f38
    3ae0:	e594301c 	ldr	r3, [r4, #28]
    3ae4:	e5952030 	ldr	r2, [r5, #48]	@ 0x30
    3ae8:	e59fe748 	ldr	lr, [pc, #1864]	@ 0x4238
    3aec:	e7f3e3f0 	udf	#15920	@ 0x3e30
    3af0:	2a0002f3 	bcs	0x46c4
    3af4:	e7e123f4 			@ <UNDEFINED> instruction: 0xe7e123f4
    3af8:	e5952030 	ldr	r2, [r5, #48]	@ 0x30
    3afc:	e5943030 	ldr	r3, [r4, #48]	@ 0x30
    3b00:	e3e0c4fe 	mvn	ip, #-33554432	@ 0xfe000000
    3b04:	e3ccc8fe 	bic	ip, ip, #16646144	@ 0xfe0000
    3b08:	e151000c 	cmp	r1, ip
    3b0c:	8a0002ec 	bhi	0x46c4
    3b10:	e7d321f0 			@ <UNDEFINED> instruction: 0xe7d321f0
    3b14:	eafffd07 	b	0x2f38
    3b18:	e594301c 	ldr	r3, [r4, #28]
    3b1c:	e5952030 	ldr	r2, [r5, #48]	@ 0x30
    3b20:	e59fe710 	ldr	lr, [pc, #1808]	@ 0x4238
    3b24:	e7f3e3f0 	udf	#15920	@ 0x3e30
    3b28:	2a0002e5 	bcs	0x46c4
    3b2c:	e7e123f4 			@ <UNDEFINED> instruction: 0xe7e123f4
    3b30:	e5952030 	ldr	r2, [r5, #48]	@ 0x30
    3b34:	e5943030 	ldr	r3, [r4, #48]	@ 0x30
    3b38:	e59fc6f8 	ldr	ip, [pc, #1784]	@ 0x4238
    3b3c:	e151000c 	cmp	r1, ip
    3b40:	8a0002df 	bhi	0x46c4
    3b44:	e7d321f4 			@ <UNDEFINED> instruction: 0xe7d321f4
    3b48:	eafffcfa 	b	0x2f38
    3b4c:	e594301c 	ldr	r3, [r4, #28]
    3b50:	e5952030 	ldr	r2, [r5, #48]	@ 0x30
    3b54:	e59fe6dc 	ldr	lr, [pc, #1756]	@ 0x4238
    3b58:	e7f3e3f0 	udf	#15920	@ 0x3e30
    3b5c:	2a0002d8 	bcs	0x46c4
    3b60:	e7e123f4 			@ <UNDEFINED> instruction: 0xe7e123f4
    3b64:	e5942030 	ldr	r2, [r4, #48]	@ 0x30
    3b68:	e1a03fc2 	asr	r3, r2, #31
    3b6c:	e5956030 	ldr	r6, [r5, #48]	@ 0x30
    3b70:	e59fc6d4 	ldr	ip, [pc, #1748]	@ 0x424c
    3b74:	e151000c 	cmp	r1, ip
    3b78:	8a0002d1 	bhi	0x46c4
    3b7c:	e086c001 	add	ip, r6, r1
    3b80:	e58c2000 	str	r2, [ip]
    3b84:	e58c3004 	str	r3, [ip, #4]
    3b88:	eafffcea 	b	0x2f38
    3b8c:	e594c054 	ldr	ip, [r4, #84]	@ 0x54
    3b90:	e35c0008 	cmp	ip, #8
    3b94:	e3a0e008 	mov	lr, #8
    3b98:	e594c054 	ldr	ip, [r4, #84]	@ 0x54
    3b9c:	81a0e00c 	movhi	lr, ip
    3ba0:	e584e054 	str	lr, [r4, #84]	@ 0x54
    3ba4:	e594c048 	ldr	ip, [r4, #72]	@ 0x48
    3ba8:	e38ce008 	orr	lr, ip, #8
    3bac:	e584e048 	str	lr, [r4, #72]	@ 0x48
    3bb0:	e3a08078 	mov	r8, #120	@ 0x78
    3bb4:	e3a0e000 	mov	lr, #0
    3bb8:	e584e044 	str	lr, [r4, #68]	@ 0x44
    3bbc:	e3a0eb40 	mov	lr, #64, 22	@ 0x10000
    3bc0:	e584e064 	str	lr, [r4, #100]	@ 0x64
    3bc4:	e594601c 	ldr	r6, [r4, #28]
    3bc8:	e5953030 	ldr	r3, [r5, #48]	@ 0x30
    3bcc:	e59fe678 	ldr	lr, [pc, #1656]	@ 0x424c
    3bd0:	e7f6e3f0 	udf	#28208	@ 0x6e30
    3bd4:	2a0002ba 	bcs	0x46c4
    3bd8:	e083c006 	add	ip, r3, r6
    3bdc:	e59c1000 	ldr	r1, [ip]
    3be0:	e59c2004 	ldr	r2, [ip, #4]
    3be4:	e1a0a001 	mov	sl, r1
    3be8:	e1a09002 	mov	r9, r2
    3bec:	e2083020 	and	r3, r8, #32
    3bf0:	e5841088 	str	r1, [r4, #136]	@ 0x88
    3bf4:	e584208c 	str	r2, [r4, #140]	@ 0x8c
    3bf8:	e5843094 	str	r3, [r4, #148]	@ 0x94
    3bfc:	e59f0664 	ldr	r0, [pc, #1636]	@ 0x4268
    3c00:	e1a01004 	mov	r1, r4
    3c04:	e59d2000 	ldr	r2, [sp]
    3c08:	e59fc65c 	ldr	ip, [pc, #1628]	@ 0x426c
    3c0c:	e12fff3c 	blx	ip
    3c10:	e3500000 	cmp	r0, #0
    3c14:	1a0002ad 	bne	0x46d0
    3c18:	e5941088 	ldr	r1, [r4, #136]	@ 0x88
    3c1c:	e5841038 	str	r1, [r4, #56]	@ 0x38
    3c20:	e19ac009 	orrs	ip, sl, r9
    3c24:	0a00006a 	beq	0x3dd4
    3c28:	e594c048 	ldr	ip, [r4, #72]	@ 0x48
    3c2c:	e31c0008 	tst	ip, #8
    3c30:	0a000067 	beq	0x3dd4
    3c34:	e1a01228 	lsr	r1, r8, #4
    3c38:	e281eb40 	add	lr, r1, #64, 22	@ 0x10000
    3c3c:	e584e064 	str	lr, [r4, #100]	@ 0x64
    3c40:	e3a0e002 	mov	lr, #2
    3c44:	e584e044 	str	lr, [r4, #68]	@ 0x44
    3c48:	ea000061 	b	0x3dd4
    3c4c:	e3a0e000 	mov	lr, #0
    3c50:	e584e044 	str	lr, [r4, #68]	@ 0x44
    3c54:	e3a0eb40 	mov	lr, #64, 22	@ 0x10000
    3c58:	e584e064 	str	lr, [r4, #100]	@ 0x64
    3c5c:	e594601c 	ldr	r6, [r4, #28]
    3c60:	e5953030 	ldr	r3, [r5, #48]	@ 0x30
    3c64:	e59fe5e0 	ldr	lr, [pc, #1504]	@ 0x424c
    3c68:	e7f6e3f0 	udf	#28208	@ 0x6e30
    3c6c:	2a000294 	bcs	0x46c4
    3c70:	e083c006 	add	ip, r3, r6
    3c74:	e59c1000 	ldr	r1, [ip]
    3c78:	e59c2004 	ldr	r2, [ip, #4]
    3c7c:	e1a0a001 	mov	sl, r1
    3c80:	e1a09002 	mov	r9, r2
    3c84:	e5841088 	str	r1, [r4, #136]	@ 0x88
    3c88:	e584208c 	str	r2, [r4, #140]	@ 0x8c
    3c8c:	e59f05dc 	ldr	r0, [pc, #1500]	@ 0x4270
    3c90:	e1a01004 	mov	r1, r4
    3c94:	e59d2000 	ldr	r2, [sp]
    3c98:	e59fc5d4 	ldr	ip, [pc, #1492]	@ 0x4274
    3c9c:	e12fff3c 	blx	ip
    3ca0:	e3500000 	cmp	r0, #0
    3ca4:	1a000289 	bne	0x46d0
    3ca8:	e5941088 	ldr	r1, [r4, #136]	@ 0x88
    3cac:	e5841038 	str	r1, [r4, #56]	@ 0x38
    3cb0:	e594c048 	ldr	ip, [r4, #72]	@ 0x48
    3cb4:	e31c0008 	tst	ip, #8
    3cb8:	0a000045 	beq	0x3dd4
    3cbc:	e594e038 	ldr	lr, [r4, #56]	@ 0x38
    3cc0:	e594c020 	ldr	ip, [r4, #32]
    3cc4:	e04c100e 	sub	r1, ip, lr
    3cc8:	e1a02001 	mov	r2, r1
    3ccc:	e594c054 	ldr	ip, [r4, #84]	@ 0x54
    3cd0:	e15c0002 	cmp	ip, r2
    3cd4:	e594e054 	ldr	lr, [r4, #84]	@ 0x54
    3cd8:	d1a0e001 	movle	lr, r1
    3cdc:	e584e054 	str	lr, [r4, #84]	@ 0x54
    3ce0:	ea00003b 	b	0x3dd4
    3ce4:	e594601c 	ldr	r6, [r4, #28]
    3ce8:	e5953030 	ldr	r3, [r5, #48]	@ 0x30
    3cec:	e59fe558 	ldr	lr, [pc, #1368]	@ 0x424c
    3cf0:	e7f6e3f0 	udf	#28208	@ 0x6e30
    3cf4:	2a000272 	bcs	0x46c4
    3cf8:	e083c006 	add	ip, r3, r6
    3cfc:	e59c1000 	ldr	r1, [ip]
    3d00:	e59c2004 	ldr	r2, [ip, #4]
    3d04:	e1a0a001 	mov	sl, r1
    3d08:	e1a09002 	mov	r9, r2
    3d0c:	e3e0c000 	mvn	ip, #0
    3d10:	e15c0001 	cmp	ip, r1
    3d14:	e3e0c000 	mvn	ip, #0
    3d18:	e0dcc002 	sbcs	ip, ip, r2
    3d1c:	ba000010 	blt	0x3d64
    3d20:	e27a1000 	rsbs	r1, sl, #0
    3d24:	e2e92000 	rsc	r2, r9, #0
    3d28:	e1a0a001 	mov	sl, r1
    3d2c:	e1a09002 	mov	r9, r2
    3d30:	e594601c 	ldr	r6, [r4, #28]
    3d34:	e5953030 	ldr	r3, [r5, #48]	@ 0x30
    3d38:	e59fe50c 	ldr	lr, [pc, #1292]	@ 0x424c
    3d3c:	e7f6e3f0 	udf	#28208	@ 0x6e30
    3d40:	2a00025f 	bcs	0x46c4
    3d44:	e083c006 	add	ip, r3, r6
    3d48:	e58c1000 	str	r1, [ip]
    3d4c:	e58c2004 	str	r2, [ip, #4]
    3d50:	e3a0e001 	mov	lr, #1
    3d54:	e584e044 	str	lr, [r4, #68]	@ 0x44
    3d58:	e3a0eb40 	mov	lr, #64, 22	@ 0x10000
    3d5c:	e584e064 	str	lr, [r4, #100]	@ 0x64
    3d60:	ea000010 	b	0x3da8
    3d64:	e594c048 	ldr	ip, [r4, #72]	@ 0x48
    3d68:	e31c0e80 	tst	ip, #128, 28	@ 0x800
    3d6c:	0a000005 	beq	0x3d88
    3d70:	e3a0e001 	mov	lr, #1
    3d74:	e584e044 	str	lr, [r4, #68]	@ 0x44
    3d78:	e3a0eb40 	mov	lr, #64, 22	@ 0x10000
    3d7c:	e38ee210 	orr	lr, lr, #16, 4
    3d80:	e584e064 	str	lr, [r4, #100]	@ 0x64
    3d84:	ea000007 	b	0x3da8
    3d88:	e594c048 	ldr	ip, [r4, #72]	@ 0x48
    3d8c:	e20c1001 	and	r1, ip, #1
    3d90:	e5841044 	str	r1, [r4, #68]	@ 0x44
    3d94:	e3510000 	cmp	r1, #0
    3d98:	e3a0eb40 	mov	lr, #64, 22	@ 0x10000
    3d9c:	e38ee220 	orr	lr, lr, #32, 4
    3da0:	03a0eb40 	moveq	lr, #64, 22	@ 0x10000
    3da4:	e584e064 	str	lr, [r4, #100]	@ 0x64
    3da8:	e584a068 	str	sl, [r4, #104]	@ 0x68
    3dac:	e584906c 	str	r9, [r4, #108]	@ 0x6c
    3db0:	e59f04c0 	ldr	r0, [pc, #1216]	@ 0x4278
    3db4:	e1a01004 	mov	r1, r4
    3db8:	e59d2000 	ldr	r2, [sp]
    3dbc:	e59fc4b8 	ldr	ip, [pc, #1208]	@ 0x427c
    3dc0:	e12fff3c 	blx	ip
    3dc4:	e3500000 	cmp	r0, #0
    3dc8:	1a000240 	bne	0x46d0
    3dcc:	e5941088 	ldr	r1, [r4, #136]	@ 0x88
    3dd0:	e5841038 	str	r1, [r4, #56]	@ 0x38
    3dd4:	e594c054 	ldr	ip, [r4, #84]	@ 0x54
    3dd8:	e35c0000 	cmp	ip, #0
    3ddc:	e3a01000 	mov	r1, #0
    3de0:	b3a01001 	movlt	r1, #1
    3de4:	e11b0001 	tst	fp, r1
    3de8:	1a00021a 	bne	0x4658
    3dec:	e594c048 	ldr	ip, [r4, #72]	@ 0x48
    3df0:	e3cc1b40 	bic	r1, ip, #64, 22	@ 0x10000
    3df4:	e35b0000 	cmp	fp, #0
    3df8:	e594e048 	ldr	lr, [r4, #72]	@ 0x48
    3dfc:	11a0e001 	movne	lr, r1
    3e00:	e584e048 	str	lr, [r4, #72]	@ 0x48
    3e04:	e3590000 	cmp	r9, #0
    3e08:	1a000000 	bne	0x3e10
    3e0c:	e35a0000 	cmp	sl, #0
    3e10:	1a000009 	bne	0x3e3c
    3e14:	e594c054 	ldr	ip, [r4, #84]	@ 0x54
    3e18:	e35c0000 	cmp	ip, #0
    3e1c:	1a000006 	bne	0x3e3c
    3e20:	e594e028 	ldr	lr, [r4, #40]	@ 0x28
    3e24:	e584e038 	str	lr, [r4, #56]	@ 0x38
    3e28:	e594e028 	ldr	lr, [r4, #40]	@ 0x28
    3e2c:	e584e05c 	str	lr, [r4, #92]	@ 0x5c
    3e30:	e3a0e000 	mov	lr, #0
    3e34:	e584e054 	str	lr, [r4, #84]	@ 0x54
    3e38:	ea0001a0 	b	0x44c0
    3e3c:	e594e038 	ldr	lr, [r4, #56]	@ 0x38
    3e40:	e594c028 	ldr	ip, [r4, #40]	@ 0x28
    3e44:	e04c100e 	sub	r1, ip, lr
    3e48:	e19ac009 	orrs	ip, sl, r9
    3e4c:	e3a02000 	mov	r2, #0
    3e50:	03a02001 	moveq	r2, #1
    3e54:	e0811002 	add	r1, r1, r2
    3e58:	e1a02001 	mov	r2, r1
    3e5c:	e594c054 	ldr	ip, [r4, #84]	@ 0x54
    3e60:	e15c0002 	cmp	ip, r2
    3e64:	e594e054 	ldr	lr, [r4, #84]	@ 0x54
    3e68:	d1a0e001 	movle	lr, r1
    3e6c:	e584e054 	str	lr, [r4, #84]	@ 0x54
    3e70:	ea000190 	b	0x44b8
    3e74:	e594301c 	ldr	r3, [r4, #28]
    3e78:	e5952030 	ldr	r2, [r5, #48]	@ 0x30
    3e7c:	e3e0e4fe 	mvn	lr, #-33554432	@ 0xfe000000
    3e80:	e3cee8fe 	bic	lr, lr, #16646144	@ 0xfe0000
    3e84:	e7f3e3f0 	udf	#15920	@ 0x3e30
    3e88:	2a00020d 	bcs	0x46c4
    3e8c:	e7e123f0 			@ <UNDEFINED> instruction: 0xe7e123f0
    3e90:	ea000178 	b	0x4478
    3e94:	e594601c 	ldr	r6, [r4, #28]
    3e98:	e5953030 	ldr	r3, [r5, #48]	@ 0x30
    3e9c:	e59fe394 	ldr	lr, [pc, #916]	@ 0x4238
    3ea0:	e7f6e3f0 	udf	#28208	@ 0x6e30
    3ea4:	2a000206 	bcs	0x46c4
    3ea8:	e7e236f4 			@ <UNDEFINED> instruction: 0xe7e236f4
    3eac:	e1a03002 	mov	r3, r2
    3eb0:	e3530000 	cmp	r3, #0
    3eb4:	e3a0eb40 	mov	lr, #64, 22	@ 0x10000
    3eb8:	e38ee1bc 	orr	lr, lr, #188, 2	@ 0x2f
    3ebc:	11a0e002 	movne	lr, r2
    3ec0:	e584e038 	str	lr, [r4, #56]	@ 0x38
    3ec4:	e594c054 	ldr	ip, [r4, #84]	@ 0x54
    3ec8:	e37c0360 	cmn	ip, #96, 6	@ 0x80000001
    3ecc:	e3e02480 	mvn	r2, #128, 8	@ 0x80000000
    3ed0:	e594c054 	ldr	ip, [r4, #84]	@ 0x54
    3ed4:	31a0200c 	movcc	r2, ip
    3ed8:	e5842090 	str	r2, [r4, #144]	@ 0x90
    3edc:	e59f039c 	ldr	r0, [pc, #924]	@ 0x4280
    3ee0:	e1a01004 	mov	r1, r4
    3ee4:	e59d2000 	ldr	r2, [sp]
    3ee8:	e59fc394 	ldr	ip, [pc, #916]	@ 0x4284
    3eec:	e12fff3c 	blx	ip
    3ef0:	e3500000 	cmp	r0, #0
    3ef4:	1a0001f5 	bne	0x46d0
    3ef8:	e594208c 	ldr	r2, [r4, #140]	@ 0x8c
    3efc:	e1a03002 	mov	r3, r2
    3f00:	e594c038 	ldr	ip, [r4, #56]	@ 0x38
    3f04:	e08ce002 	add	lr, ip, r2
    3f08:	e584e05c 	str	lr, [r4, #92]	@ 0x5c
    3f0c:	e594c054 	ldr	ip, [r4, #84]	@ 0x54
    3f10:	e37c0001 	cmn	ip, #1
    3f14:	da000003 	ble	0x3f28
    3f18:	e594e060 	ldr	lr, [r4, #96]	@ 0x60
    3f1c:	e584e048 	str	lr, [r4, #72]	@ 0x48
    3f20:	e5843054 	str	r3, [r4, #84]	@ 0x54
    3f24:	ea000165 	b	0x44c0
    3f28:	e594e060 	ldr	lr, [r4, #96]	@ 0x60
    3f2c:	e584e048 	str	lr, [r4, #72]	@ 0x48
    3f30:	e5843054 	str	r3, [r4, #84]	@ 0x54
    3f34:	e594605c 	ldr	r6, [r4, #92]	@ 0x5c
    3f38:	e5953030 	ldr	r3, [r5, #48]	@ 0x30
    3f3c:	e3e0c4fe 	mvn	ip, #-33554432	@ 0xfe000000
    3f40:	e3ccc8fe 	bic	ip, ip, #16646144	@ 0xfe0000
    3f44:	e156000c 	cmp	r6, ip
    3f48:	8a0001dd 	bhi	0x46c4
    3f4c:	e7e236f0 			@ <UNDEFINED> instruction: 0xe7e236f0
    3f50:	e3520000 	cmp	r2, #0
    3f54:	1a0001bf 	bne	0x4658
    3f58:	ea000158 	b	0x44c0
    3f5c:	e594901c 	ldr	r9, [r4, #28]
    3f60:	e5956030 	ldr	r6, [r5, #48]	@ 0x30
    3f64:	e59fe2e0 	ldr	lr, [pc, #736]	@ 0x424c
    3f68:	e7f9e3f0 	udf	#40496	@ 0x9e30
    3f6c:	2a0001d4 	bcs	0x46c4
    3f70:	e086c009 	add	ip, r6, r9
    3f74:	e59c2000 	ldr	r2, [ip]
    3f78:	e59c3004 	ldr	r3, [ip, #4]
    3f7c:	e1a06002 	mov	r6, r2
    3f80:	e1a09003 	mov	r9, r3
    3f84:	e192c003 	orrs	ip, r2, r3
    3f88:	1a000018 	bne	0x3ff0
    3f8c:	e3a01000 	mov	r1, #0
    3f90:	ea000138 	b	0x4478
    3f94:	e594c054 	ldr	ip, [r4, #84]	@ 0x54
    3f98:	e35c0000 	cmp	ip, #0
    3f9c:	0a000006 	beq	0x3fbc
    3fa0:	e594301c 	ldr	r3, [r4, #28]
    3fa4:	e5952030 	ldr	r2, [r5, #48]	@ 0x30
    3fa8:	e59fe288 	ldr	lr, [pc, #648]	@ 0x4238
    3fac:	e7f3e3f0 	udf	#15920	@ 0x3e30
    3fb0:	2a0001c3 	bcs	0x46c4
    3fb4:	e7ea23f4 			@ <UNDEFINED> instruction: 0xe7ea23f4
    3fb8:	ea000025 	b	0x4054
    3fbc:	e3a07000 	mov	r7, #0
    3fc0:	e3a0e020 	mov	lr, #32
    3fc4:	e584e08c 	str	lr, [r4, #140]	@ 0x8c
    3fc8:	e3a0e000 	mov	lr, #0
    3fcc:	e584e070 	str	lr, [r4, #112]	@ 0x70
    3fd0:	e59f02b0 	ldr	r0, [pc, #688]	@ 0x4288
    3fd4:	e1a01004 	mov	r1, r4
    3fd8:	e59d2000 	ldr	r2, [sp]
    3fdc:	e59fc2a8 	ldr	ip, [pc, #680]	@ 0x428c
    3fe0:	e12fff3c 	blx	ip
    3fe4:	e3500000 	cmp	r0, #0
    3fe8:	1a0001b8 	bne	0x46d0
    3fec:	ea00007c 	b	0x41e4
    3ff0:	e594301c 	ldr	r3, [r4, #28]
    3ff4:	e5952030 	ldr	r2, [r5, #48]	@ 0x30
    3ff8:	e59fe238 	ldr	lr, [pc, #568]	@ 0x4238
    3ffc:	e7f3e0fc 	udf	#15884	@ 0x3e0c
    4000:	2a0001af 	bcs	0x46c4
    4004:	e3a00000 	mov	r0, #0
    4008:	e7d023f4 			@ <UNDEFINED> instruction: 0xe7d023f4
    400c:	e594201c 	ldr	r2, [r4, #28]
    4010:	e5950030 	ldr	r0, [r5, #48]	@ 0x30
    4014:	e59fe21c 	ldr	lr, [pc, #540]	@ 0x4238
    4018:	e7f2e0f8 	udf	#11784	@ 0x2e08
    401c:	2a0001a8 	bcs	0x46c4
    4020:	e7806002 	str	r6, [r0, r2]
    4024:	e594c01c 	ldr	ip, [r4, #28]
    4028:	e28c0008 	add	r0, ip, #8
    402c:	e594301c 	ldr	r3, [r4, #28]
    4030:	e5952030 	ldr	r2, [r5, #48]	@ 0x30
    4034:	e59fe1fc 	ldr	lr, [pc, #508]	@ 0x4238
    4038:	e7f3e3f0 	udf	#15920	@ 0x3e30
    403c:	2a0001a0 	bcs	0x46c4
    4040:	e7d023f4 			@ <UNDEFINED> instruction: 0xe7d023f4
    4044:	e594c01c 	ldr	ip, [r4, #28]
    4048:	e28ca008 	add	sl, ip, #8
    404c:	e3e0e000 	mvn	lr, #0
    4050:	e584e054 	str	lr, [r4, #84]	@ 0x54
    4054:	e3a07000 	mov	r7, #0
    4058:	e1a0300a 	mov	r3, sl
    405c:	e5952030 	ldr	r2, [r5, #48]	@ 0x30
    4060:	e59fc1d0 	ldr	ip, [pc, #464]	@ 0x4238
    4064:	e153000c 	cmp	r3, ip
    4068:	8a000195 	bhi	0x46c4
    406c:	e7e023f4 			@ <UNDEFINED> instruction: 0xe7e023f4
    4070:	e1a02000 	mov	r2, r0
    4074:	e3500000 	cmp	r0, #0
    4078:	0a000018 	beq	0x40e0
    407c:	e594c01c 	ldr	ip, [r4, #28]
    4080:	e28c0004 	add	r0, ip, #4
    4084:	e5840088 	str	r0, [r4, #136]	@ 0x88
    4088:	e5842040 	str	r2, [r4, #64]	@ 0x40
    408c:	e59f01fc 	ldr	r0, [pc, #508]	@ 0x4290
    4090:	e1a01004 	mov	r1, r4
    4094:	e59d2000 	ldr	r2, [sp]
    4098:	e59fc1f4 	ldr	ip, [pc, #500]	@ 0x4294
    409c:	e12fff3c 	blx	ip
    40a0:	e3500000 	cmp	r0, #0
    40a4:	1a000189 	bne	0x46d0
    40a8:	e5940088 	ldr	r0, [r4, #136]	@ 0x88
    40ac:	e1a02000 	mov	r2, r0
    40b0:	e3500000 	cmp	r0, #0
    40b4:	ba000177 	blt	0x4698
    40b8:	e594c054 	ldr	ip, [r4, #84]	@ 0x54
    40bc:	e04c0007 	sub	r0, ip, r7
    40c0:	e1520000 	cmp	r2, r0
    40c4:	8a000005 	bhi	0x40e0
    40c8:	e28aa004 	add	sl, sl, #4
    40cc:	e0822007 	add	r2, r2, r7
    40d0:	e1a07002 	mov	r7, r2
    40d4:	e594c054 	ldr	ip, [r4, #84]	@ 0x54
    40d8:	e152000c 	cmp	r2, ip
    40dc:	3affffdd 	bcc	0x4058
    40e0:	e3a0e03d 	mov	lr, #61	@ 0x3d
    40e4:	e584e05c 	str	lr, [r4, #92]	@ 0x5c
    40e8:	e3570000 	cmp	r7, #0
    40ec:	ba00015b 	blt	0x4660
    40f0:	e3a0e020 	mov	lr, #32
    40f4:	e584e08c 	str	lr, [r4, #140]	@ 0x8c
    40f8:	e5847034 	str	r7, [r4, #52]	@ 0x34
    40fc:	e59f0194 	ldr	r0, [pc, #404]	@ 0x4298
    4100:	e1a01004 	mov	r1, r4
    4104:	e59d2000 	ldr	r2, [sp]
    4108:	e59fc18c 	ldr	ip, [pc, #396]	@ 0x429c
    410c:	e12fff3c 	blx	ip
    4110:	e3500000 	cmp	r0, #0
    4114:	1a00016d 	bne	0x46d0
    4118:	e3570000 	cmp	r7, #0
    411c:	1a000001 	bne	0x4128
    4120:	e3a07000 	mov	r7, #0
    4124:	ea00002e 	b	0x41e4
    4128:	e3a06000 	mov	r6, #0
    412c:	e594201c 	ldr	r2, [r4, #28]
    4130:	e5950030 	ldr	r0, [r5, #48]	@ 0x30
    4134:	e59fe0fc 	ldr	lr, [pc, #252]	@ 0x4238
    4138:	e7f2e3f0 	udf	#11824	@ 0x2e30
    413c:	2a000160 	bcs	0x46c4
    4140:	e7e902f4 			@ <UNDEFINED> instruction: 0xe7e902f4
    4144:	e1a03009 	mov	r3, r9
    4148:	e5952030 	ldr	r2, [r5, #48]	@ 0x30
    414c:	e59fc0e4 	ldr	ip, [pc, #228]	@ 0x4238
    4150:	e153000c 	cmp	r3, ip
    4154:	8a00015a 	bhi	0x46c4
    4158:	e7e023f4 			@ <UNDEFINED> instruction: 0xe7e023f4
    415c:	e1a02000 	mov	r2, r0
    4160:	e3500000 	cmp	r0, #0
    4164:	0a00001e 	beq	0x41e4
    4168:	e594c01c 	ldr	ip, [r4, #28]
    416c:	e28c0004 	add	r0, ip, #4
    4170:	e5840088 	str	r0, [r4, #136]	@ 0x88
    4174:	e5842038 	str	r2, [r4, #56]	@ 0x38
    4178:	e59f0120 	ldr	r0, [pc, #288]	@ 0x42a0
    417c:	e1a01004 	mov	r1, r4
    4180:	e59d2000 	ldr	r2, [sp]
    4184:	e59fc118 	ldr	ip, [pc, #280]	@ 0x42a4
    4188:	e12fff3c 	blx	ip
    418c:	e3500000 	cmp	r0, #0
    4190:	1a00014e 	bne	0x46d0
    4194:	e5940088 	ldr	r0, [r4, #136]	@ 0x88
    4198:	e1a02000 	mov	r2, r0
    419c:	e0800006 	add	r0, r0, r6
    41a0:	e1a06000 	mov	r6, r0
    41a4:	e1500007 	cmp	r0, r7
    41a8:	8a00000d 	bhi	0x41e4
    41ac:	e594c01c 	ldr	ip, [r4, #28]
    41b0:	e28c0004 	add	r0, ip, #4
    41b4:	e584008c 	str	r0, [r4, #140]	@ 0x8c
    41b8:	e5842038 	str	r2, [r4, #56]	@ 0x38
    41bc:	e59f00e4 	ldr	r0, [pc, #228]	@ 0x42a8
    41c0:	e1a01004 	mov	r1, r4
    41c4:	e59d2000 	ldr	r2, [sp]
    41c8:	e59fc0dc 	ldr	ip, [pc, #220]	@ 0x42ac
    41cc:	e12fff3c 	blx	ip
    41d0:	e3500000 	cmp	r0, #0
    41d4:	1a00013d 	bne	0x46d0
    41d8:	e2899004 	add	r9, r9, #4
    41dc:	e1560007 	cmp	r6, r7
    41e0:	3affffd7 	bcc	0x4144
    41e4:	e594c048 	ldr	ip, [r4, #72]	@ 0x48
    41e8:	e22c0d80 	eor	r0, ip, #128, 26	@ 0x2000
    41ec:	e3a0e020 	mov	lr, #32
    41f0:	e584e08c 	str	lr, [r4, #140]	@ 0x8c
    41f4:	e5847034 	str	r7, [r4, #52]	@ 0x34
    41f8:	e5840098 	str	r0, [r4, #152]	@ 0x98
    41fc:	e59f00ac 	ldr	r0, [pc, #172]	@ 0x42b0
    4200:	e1a01004 	mov	r1, r4
    4204:	e59d2000 	ldr	r2, [sp]
    4208:	e59fc0a4 	ldr	ip, [pc, #164]	@ 0x42b4
    420c:	e12fff3c 	blx	ip
    4210:	e3500000 	cmp	r0, #0
    4214:	1a00012d 	bne	0x46d0
    4218:	e594c050 	ldr	ip, [r4, #80]	@ 0x50
    421c:	ea000025 	b	0x42b8
	...
    4238:	0101fffc 	strdeq	pc, [r1, -ip]
    423c:	00402a54 	subeq	r2, r0, r4, asr sl
    4240:	0004890c 	andeq	r8, r4, ip, lsl #18
    4244:	00402d20 	subeq	r2, r0, r0, lsr #26
    4248:	0004890c 	andeq	r8, r4, ip, lsl #18
    424c:	0101fff8 	strdeq	pc, [r1, -r8]
    4250:	00402f64 	subeq	r2, r0, r4, ror #30
    4254:	0004890c 	andeq	r8, r4, ip, lsl #18
    4258:	4085ae68 	addmi	sl, r5, r8, ror #28
    425c:	4085aef0 	strdmi	sl, [r5], r0
    4260:	4085af10 	addmi	sl, r5, r0, lsl pc
    4264:	0101fffe 	strdeq	pc, [r1, -lr]
    4268:	004033d8 	ldrdeq	r3, [r0], #-56	@ 0xffffffc8
    426c:	0004890c 	andeq	r8, r4, ip, lsl #18
    4270:	0040349c 	umaaleq	r3, r0, ip, r4
    4274:	0004890c 	andeq	r8, r4, ip, lsl #18
    4278:	0040362c 	subeq	r3, r0, ip, lsr #12
    427c:	0004890c 	andeq	r8, r4, ip, lsl #18
    4280:	00403794 	umaaleq	r3, r0, r4, r7
    4284:	0004890c 	andeq	r8, r4, ip, lsl #18
    4288:	00403894 	umaaleq	r3, r0, r4, r8
    428c:	0004890c 	andeq	r8, r4, ip, lsl #18
    4290:	00403950 	subeq	r3, r0, r0, asr r9
    4294:	0004890c 	andeq	r8, r4, ip, lsl #18
    4298:	00403a1c 	subeq	r3, r0, ip, lsl sl
    429c:	0004890c 	andeq	r8, r4, ip, lsl #18
    42a0:	00403a98 	umaaleq	r3, r0, r8, sl
    42a4:	0004890c 	andeq	r8, r4, ip, lsl #18
    42a8:	00403af8 	strdeq	r3, [r0], #-168	@ 0xffffff58
    42ac:	0004890c 	andeq	r8, r4, ip, lsl #18
    42b0:	00403b60 	subeq	r3, r0, r0, ror #22
    42b4:	0004890c 	andeq	r8, r4, ip, lsl #18
    42b8:	e15c0007 	cmp	ip, r7
    42bc:	e594e050 	ldr	lr, [r4, #80]	@ 0x50
    42c0:	d1a0e007 	movle	lr, r7
    42c4:	e584e034 	str	lr, [r4, #52]	@ 0x34
    42c8:	eafffb1a 	b	0x2f38
    42cc:	e594c054 	ldr	ip, [r4, #84]	@ 0x54
    42d0:	e35c0000 	cmp	ip, #0
    42d4:	e3a00000 	mov	r0, #0
    42d8:	b3a00001 	movlt	r0, #1
    42dc:	e11b0000 	tst	fp, r0
    42e0:	1a0000dc 	bne	0x4658
    42e4:	e3a0e03d 	mov	lr, #61	@ 0x3d
    42e8:	e584e05c 	str	lr, [r4, #92]	@ 0x5c
    42ec:	e594201c 	ldr	r2, [r4, #28]
    42f0:	e5950030 	ldr	r0, [r5, #48]	@ 0x30
    42f4:	e59fefbc 	ldr	lr, [pc, #4028]	@ 0x52b8
    42f8:	e7f2e3f0 	udf	#11824	@ 0x2e30
    42fc:	2a0000f0 	bcs	0x46c4
    4300:	e080c002 	add	ip, r0, r2
    4304:	e59ce000 	ldr	lr, [ip]
    4308:	e59cc004 	ldr	ip, [ip, #4]
    430c:	ec4cea10 	vmov	s0, s1, lr, ip
    4310:	ed840b23 	vstr	d0, [r4, #140]	@ 0x8c
    4314:	e5848034 	str	r8, [r4, #52]	@ 0x34
    4318:	e59f0f9c 	ldr	r0, [pc, #3996]	@ 0x52bc
    431c:	e1a01004 	mov	r1, r4
    4320:	e59d2000 	ldr	r2, [sp]
    4324:	e59fcf94 	ldr	ip, [pc, #3988]	@ 0x52c0
    4328:	e12fff3c 	blx	ip
    432c:	e3500000 	cmp	r0, #0
    4330:	1a0000e6 	bne	0x46d0
    4334:	e5940088 	ldr	r0, [r4, #136]	@ 0x88
    4338:	e5840034 	str	r0, [r4, #52]	@ 0x34
    433c:	e3500000 	cmp	r0, #0
    4340:	aafffafc 	bge	0x2f38
    4344:	ea0000c5 	b	0x4660
    4348:	e5942034 	ldr	r2, [r4, #52]	@ 0x34
    434c:	e5950030 	ldr	r0, [r5, #48]	@ 0x30
    4350:	e3e0e4fe 	mvn	lr, #-33554432	@ 0xfe000000
    4354:	e3cee8fe 	bic	lr, lr, #16646144	@ 0xfe0000
    4358:	e7f2e0f1 	udf	#11777	@ 0x2e01
    435c:	2a0000d8 	bcs	0x46c4
    4360:	e7ee02f0 			@ <UNDEFINED> instruction: 0xe7ee02f0
    4364:	e584e03c 	str	lr, [r4, #60]	@ 0x3c
    4368:	e594c034 	ldr	ip, [r4, #52]	@ 0x34
    436c:	e28ce001 	add	lr, ip, #1
    4370:	e584e034 	str	lr, [r4, #52]	@ 0x34
    4374:	eafffb07 	b	0x2f98
    4378:	e594c000 	ldr	ip, [r4]
    437c:	e35c0000 	cmp	ip, #0
    4380:	1a0000c6 	bne	0x46a0
    4384:	e594c02c 	ldr	ip, [r4, #44]	@ 0x2c
    4388:	e35c0000 	cmp	ip, #0
    438c:	0a0000ae 	beq	0x464c
    4390:	e3a06001 	mov	r6, #1
    4394:	e1a00106 	lsl	r0, r6, #2
    4398:	e594c010 	ldr	ip, [r4, #16]
    439c:	e08c0000 	add	r0, ip, r0
    43a0:	e1a03000 	mov	r3, r0
    43a4:	e5952030 	ldr	r2, [r5, #48]	@ 0x30
    43a8:	e59fcf14 	ldr	ip, [pc, #3860]	@ 0x52c4
    43ac:	e153000c 	cmp	r3, ip
    43b0:	8a0000c3 	bhi	0x46c4
    43b4:	e7e023f4 			@ <UNDEFINED> instruction: 0xe7e023f4
    43b8:	e1a02000 	mov	r2, r0
    43bc:	e3500000 	cmp	r0, #0
    43c0:	0a000012 	beq	0x4410
    43c4:	e1a00186 	lsl	r0, r6, #3
    43c8:	e594c00c 	ldr	ip, [r4, #12]
    43cc:	e08c0000 	add	r0, ip, r0
    43d0:	e5840088 	str	r0, [r4, #136]	@ 0x88
    43d4:	e584203c 	str	r2, [r4, #60]	@ 0x3c
    43d8:	e59f0ee8 	ldr	r0, [pc, #3816]	@ 0x52c8
    43dc:	e1a01004 	mov	r1, r4
    43e0:	e59d2000 	ldr	r2, [sp]
    43e4:	e59fcee0 	ldr	ip, [pc, #3808]	@ 0x52cc
    43e8:	e12fff3c 	blx	ip
    43ec:	e3500000 	cmp	r0, #0
    43f0:	1a0000b6 	bne	0x46d0
    43f4:	e3a0e001 	mov	lr, #1
    43f8:	e584e030 	str	lr, [r4, #48]	@ 0x30
    43fc:	e2860001 	add	r0, r6, #1
    4400:	e1a06000 	mov	r6, r0
    4404:	e350000a 	cmp	r0, #10
    4408:	1affffe1 	bne	0x4394
    440c:	ea0000a3 	b	0x46a0
    4410:	e356000a 	cmp	r6, #10
    4414:	3a000002 	bcc	0x4424
    4418:	e3a0e001 	mov	lr, #1
    441c:	e584e030 	str	lr, [r4, #48]	@ 0x30
    4420:	ea00009e 	b	0x46a0
    4424:	e1a00106 	lsl	r0, r6, #2
    4428:	e594c010 	ldr	ip, [r4, #16]
    442c:	e08c0000 	add	r0, ip, r0
    4430:	e1a03000 	mov	r3, r0
    4434:	e5952030 	ldr	r2, [r5, #48]	@ 0x30
    4438:	e59fce84 	ldr	ip, [pc, #3716]	@ 0x52c4
    443c:	e153000c 	cmp	r3, ip
    4440:	8a00009f 	bhi	0x46c4
    4444:	e7e023f4 			@ <UNDEFINED> instruction: 0xe7e023f4
    4448:	e3500000 	cmp	r0, #0
    444c:	1a000006 	bne	0x446c
    4450:	e3a0e001 	mov	lr, #1
    4454:	e584e030 	str	lr, [r4, #48]	@ 0x30
    4458:	e2860001 	add	r0, r6, #1
    445c:	e1a06000 	mov	r6, r0
    4460:	e350000a 	cmp	r0, #10
    4464:	0a00008d 	beq	0x46a0
    4468:	eaffffed 	b	0x4424
    446c:	e3a0e01c 	mov	lr, #28
    4470:	e584e05c 	str	lr, [r4, #92]	@ 0x5c
    4474:	ea000079 	b	0x4660
    4478:	e594201c 	ldr	r2, [r4, #28]
    447c:	e5950030 	ldr	r0, [r5, #48]	@ 0x30
    4480:	e3e0e4fe 	mvn	lr, #-33554432	@ 0xfe000000
    4484:	e3cee8fe 	bic	lr, lr, #16646144	@ 0xfe0000
    4488:	e7f2e2f7 	udf	#11815	@ 0x2e27
    448c:	2a00008c 	bcs	0x46c4
    4490:	e7d102f0 			@ <UNDEFINED> instruction: 0xe7d102f0
    4494:	e3a0e001 	mov	lr, #1
    4498:	e584e054 	str	lr, [r4, #84]	@ 0x54
    449c:	e594e024 	ldr	lr, [r4, #36]	@ 0x24
    44a0:	e584e038 	str	lr, [r4, #56]	@ 0x38
    44a4:	e594e028 	ldr	lr, [r4, #40]	@ 0x28
    44a8:	e584e05c 	str	lr, [r4, #92]	@ 0x5c
    44ac:	e594e060 	ldr	lr, [r4, #96]	@ 0x60
    44b0:	e584e048 	str	lr, [r4, #72]	@ 0x48
    44b4:	ea000001 	b	0x44c0
    44b8:	e594e028 	ldr	lr, [r4, #40]	@ 0x28
    44bc:	e584e05c 	str	lr, [r4, #92]	@ 0x5c
    44c0:	e594e038 	ldr	lr, [r4, #56]	@ 0x38
    44c4:	e594c05c 	ldr	ip, [r4, #92]	@ 0x5c
    44c8:	e04c000e 	sub	r0, ip, lr
    44cc:	e1a06000 	mov	r6, r0
    44d0:	e594c054 	ldr	ip, [r4, #84]	@ 0x54
    44d4:	e15c0006 	cmp	ip, r6
    44d8:	e594c054 	ldr	ip, [r4, #84]	@ 0x54
    44dc:	c1a0000c 	movgt	r0, ip
    44e0:	e1a07000 	mov	r7, r0
    44e4:	e594c044 	ldr	ip, [r4, #68]	@ 0x44
    44e8:	e3e0e480 	mvn	lr, #128, 8	@ 0x80000000
    44ec:	e02c100e 	eor	r1, ip, lr
    44f0:	e1500001 	cmp	r0, r1
    44f4:	ca000057 	bgt	0x4658
    44f8:	e3a0e03d 	mov	lr, #61	@ 0x3d
    44fc:	e584e05c 	str	lr, [r4, #92]	@ 0x5c
    4500:	e594c044 	ldr	ip, [r4, #68]	@ 0x44
    4504:	e08c0007 	add	r0, ip, r7
    4508:	e1a08000 	mov	r8, r0
    450c:	e594c050 	ldr	ip, [r4, #80]	@ 0x50
    4510:	e15c0008 	cmp	ip, r8
    4514:	e594c050 	ldr	ip, [r4, #80]	@ 0x50
    4518:	c1a0000c 	movgt	r0, ip
    451c:	e5840034 	str	r0, [r4, #52]	@ 0x34
    4520:	e594c03c 	ldr	ip, [r4, #60]	@ 0x3c
    4524:	e150000c 	cmp	r0, ip
    4528:	8a00004c 	bhi	0x4660
    452c:	e3a0e020 	mov	lr, #32
    4530:	e584e08c 	str	lr, [r4, #140]	@ 0x8c
    4534:	e5848040 	str	r8, [r4, #64]	@ 0x40
    4538:	e59f0d90 	ldr	r0, [pc, #3472]	@ 0x52d0
    453c:	e1a01004 	mov	r1, r4
    4540:	e59d2000 	ldr	r2, [sp]
    4544:	e59fcd88 	ldr	ip, [pc, #3464]	@ 0x52d4
    4548:	e12fff3c 	blx	ip
    454c:	e3500000 	cmp	r0, #0
    4550:	1a00005e 	bne	0x46d0
    4554:	e59f0d7c 	ldr	r0, [pc, #3452]	@ 0x52d8
    4558:	e1a01004 	mov	r1, r4
    455c:	e59d2000 	ldr	r2, [sp]
    4560:	e59fcd74 	ldr	ip, [pc, #3444]	@ 0x52dc
    4564:	e12fff3c 	blx	ip
    4568:	e3500000 	cmp	r0, #0
    456c:	1a000057 	bne	0x46d0
    4570:	e594c048 	ldr	ip, [r4, #72]	@ 0x48
    4574:	e22c0b40 	eor	r0, ip, #64, 22	@ 0x10000
    4578:	e3a0e030 	mov	lr, #48	@ 0x30
    457c:	e584e08c 	str	lr, [r4, #140]	@ 0x8c
    4580:	e5848040 	str	r8, [r4, #64]	@ 0x40
    4584:	e5840098 	str	r0, [r4, #152]	@ 0x98
    4588:	e59f0d50 	ldr	r0, [pc, #3408]	@ 0x52e0
    458c:	e1a01004 	mov	r1, r4
    4590:	e59d2000 	ldr	r2, [sp]
    4594:	e59fcd48 	ldr	ip, [pc, #3400]	@ 0x52e4
    4598:	e12fff3c 	blx	ip
    459c:	e3500000 	cmp	r0, #0
    45a0:	1a00004a 	bne	0x46d0
    45a4:	e3a0e030 	mov	lr, #48	@ 0x30
    45a8:	e584e08c 	str	lr, [r4, #140]	@ 0x8c
    45ac:	e584704c 	str	r7, [r4, #76]	@ 0x4c
    45b0:	e5846004 	str	r6, [r4, #4]
    45b4:	e3a0e000 	mov	lr, #0
    45b8:	e584e070 	str	lr, [r4, #112]	@ 0x70
    45bc:	e59f0d24 	ldr	r0, [pc, #3364]	@ 0x52e8
    45c0:	e1a01004 	mov	r1, r4
    45c4:	e59d2000 	ldr	r2, [sp]
    45c8:	e59fcd1c 	ldr	ip, [pc, #3356]	@ 0x52ec
    45cc:	e12fff3c 	blx	ip
    45d0:	e3500000 	cmp	r0, #0
    45d4:	1a00003d 	bne	0x46d0
    45d8:	e5846004 	str	r6, [r4, #4]
    45dc:	e59f0d0c 	ldr	r0, [pc, #3340]	@ 0x52f0
    45e0:	e1a01004 	mov	r1, r4
    45e4:	e59d2000 	ldr	r2, [sp]
    45e8:	e59fcd04 	ldr	ip, [pc, #3332]	@ 0x52f4
    45ec:	e12fff3c 	blx	ip
    45f0:	e3500000 	cmp	r0, #0
    45f4:	1a000035 	bne	0x46d0
    45f8:	e594c048 	ldr	ip, [r4, #72]	@ 0x48
    45fc:	e22c0d80 	eor	r0, ip, #128, 26	@ 0x2000
    4600:	e3a0e020 	mov	lr, #32
    4604:	e584e08c 	str	lr, [r4, #140]	@ 0x8c
    4608:	e5848040 	str	r8, [r4, #64]	@ 0x40
    460c:	e5840098 	str	r0, [r4, #152]	@ 0x98
    4610:	e59f0ce0 	ldr	r0, [pc, #3296]	@ 0x52f8
    4614:	e1a01004 	mov	r1, r4
    4618:	e59d2000 	ldr	r2, [sp]
    461c:	e59fccd8 	ldr	ip, [pc, #3288]	@ 0x52fc
    4620:	e12fff3c 	blx	ip
    4624:	e3500000 	cmp	r0, #0
    4628:	1a000028 	bne	0x46d0
    462c:	e594101c 	ldr	r1, [r4, #28]
    4630:	e5950030 	ldr	r0, [r5, #48]	@ 0x30
    4634:	e59fec88 	ldr	lr, [pc, #3208]	@ 0x52c4
    4638:	e7f1e3fc 	udf	#7740	@ 0x1e3c
    463c:	2a000020 	bcs	0x46c4
    4640:	e7ee01f4 			@ <UNDEFINED> instruction: 0xe7ee01f4
    4644:	e584e004 	str	lr, [r4, #4]
    4648:	eafffa3a 	b	0x2f38
    464c:	e3a0e000 	mov	lr, #0
    4650:	e584e030 	str	lr, [r4, #48]	@ 0x30
    4654:	ea000011 	b	0x46a0
    4658:	e3a0e03d 	mov	lr, #61	@ 0x3d
    465c:	e584e05c 	str	lr, [r4, #92]	@ 0x5c
    4660:	e59f0c98 	ldr	r0, [pc, #3224]	@ 0x5300
    4664:	e1a01004 	mov	r1, r4
    4668:	e59d2000 	ldr	r2, [sp]
    466c:	e59fcc90 	ldr	ip, [pc, #3216]	@ 0x5304
    4670:	e12fff3c 	blx	ip
    4674:	e3500000 	cmp	r0, #0
    4678:	1a000014 	bne	0x46d0
    467c:	e5940088 	ldr	r0, [r4, #136]	@ 0x88
    4680:	e5951030 	ldr	r1, [r5, #48]	@ 0x30
    4684:	e594205c 	ldr	r2, [r4, #92]	@ 0x5c
    4688:	e59fcc34 	ldr	ip, [pc, #3124]	@ 0x52c4
    468c:	e150000c 	cmp	r0, ip
    4690:	8a00000b 	bhi	0x46c4
    4694:	e7d210f4 			@ <UNDEFINED> instruction: 0xe7d210f4
    4698:	e3e0e000 	mvn	lr, #0
    469c:	e584e030 	str	lr, [r4, #48]	@ 0x30
    46a0:	e594c01c 	ldr	ip, [r4, #28]
    46a4:	e28c0040 	add	r0, ip, #64	@ 0x40
    46a8:	e595103c 	ldr	r1, [r5, #60]	@ 0x3c
    46ac:	e5810008 	str	r0, [r1, #8]
    46b0:	e59f0c50 	ldr	r0, [pc, #3152]	@ 0x5308
    46b4:	e30ccabc 	movw	ip, #51900	@ 0xcabc
    46b8:	e34ccdef 	movt	ip, #52719	@ 0xcdef
    46bc:	e28dd004 	add	sp, sp, #4
    46c0:	e8bd8fc0 	pop	{r6, r7, r8, r9, sl, fp, pc}
    46c4:	e3a00008 	mov	r0, #8
    46c8:	e59d1000 	ldr	r1, [sp]
    46cc:	e5810010 	str	r0, [r1, #16]
    46d0:	e59d0000 	ldr	r0, [sp]
    46d4:	e59d101c 	ldr	r1, [sp, #28]
    46d8:	e59fcc2c 	ldr	ip, [pc, #3116]	@ 0x530c
    46dc:	e12fff3c 	blx	ip
    46e0:	e28dd004 	add	sp, sp, #4
    46e4:	e8bd0fc0 	pop	{r6, r7, r8, r9, sl, fp}
    46e8:	e28dd004 	add	sp, sp, #4
    46ec:	e12fff10 	bx	r0
    46f0:	e92d40c0 	push	{r6, r7, lr}
    46f4:	e24dd004 	sub	sp, sp, #4
    46f8:	e58d0000 	str	r0, [sp]
    46fc:	e30cc123 	movw	ip, #49443	@ 0xc123
    4700:	e34cc456 	movt	ip, #50262	@ 0xc456
    4704:	e5940000 	ldr	r0, [r4]
    4708:	e5941004 	ldr	r1, [r4, #4]
    470c:	e5942008 	ldr	r2, [r4, #8]
    4710:	e1a07000 	mov	r7, r0
    4714:	e5956030 	ldr	r6, [r5, #48]	@ 0x30
    4718:	e3e0c4fe 	mvn	ip, #-33554432	@ 0xfe000000
    471c:	e3ccc8fe 	bic	ip, ip, #16646144	@ 0xfe0000
    4720:	e157000c 	cmp	r7, ip
    4724:	8a000011 	bhi	0x4770
    4728:	e7e367f0 			@ <UNDEFINED> instruction: 0xe7e367f0
    472c:	e3130020 	tst	r3, #32
    4730:	1a000009 	bne	0x475c
    4734:	e5841004 	str	r1, [r4, #4]
    4738:	e5842008 	str	r2, [r4, #8]
    473c:	e5840000 	str	r0, [r4]
    4740:	e59f0bc8 	ldr	r0, [pc, #3016]	@ 0x5310
    4744:	e1a01004 	mov	r1, r4
    4748:	e59d2000 	ldr	r2, [sp]
    474c:	e59fcbc0 	ldr	ip, [pc, #3008]	@ 0x5314
    4750:	e12fff3c 	blx	ip
    4754:	e3500000 	cmp	r0, #0
    4758:	1a000007 	bne	0x477c
    475c:	e59f0bb4 	ldr	r0, [pc, #2996]	@ 0x5318
    4760:	e30ccabc 	movw	ip, #51900	@ 0xcabc
    4764:	e34ccdef 	movt	ip, #52719	@ 0xcdef
    4768:	e28dd004 	add	sp, sp, #4
    476c:	e8bd80c0 	pop	{r6, r7, pc}
    4770:	e3a00008 	mov	r0, #8
    4774:	e59d1000 	ldr	r1, [sp]
    4778:	e5810010 	str	r0, [r1, #16]
    477c:	e59d0000 	ldr	r0, [sp]
    4780:	e59d100c 	ldr	r1, [sp, #12]
    4784:	e59fcb90 	ldr	ip, [pc, #2960]	@ 0x531c
    4788:	e12fff3c 	blx	ip
    478c:	e28dd004 	add	sp, sp, #4
    4790:	e8bd00c0 	pop	{r6, r7}
    4794:	e28dd004 	add	sp, sp, #4
    4798:	e12fff10 	bx	r0
    479c:	e92d47c0 	push	{r6, r7, r8, r9, sl, lr}
    47a0:	e24dd008 	sub	sp, sp, #8
    47a4:	e58d0000 	str	r0, [sp]
    47a8:	e30cc123 	movw	ip, #49443	@ 0xc123
    47ac:	e34cc456 	movt	ip, #50262	@ 0xc456
    47b0:	e5940000 	ldr	r0, [r4]
    47b4:	e3a01000 	mov	r1, #0
    47b8:	e1a06000 	mov	r6, r0
    47bc:	e5953030 	ldr	r3, [r5, #48]	@ 0x30
    47c0:	e59fcafc 	ldr	ip, [pc, #2812]	@ 0x52c4
    47c4:	e156000c 	cmp	r6, ip
    47c8:	8a000038 	bhi	0x48b0
    47cc:	e7e236f4 			@ <UNDEFINED> instruction: 0xe7e236f4
    47d0:	e1a03002 	mov	r3, r2
    47d4:	e1a07002 	mov	r7, r2
    47d8:	e5956030 	ldr	r6, [r5, #48]	@ 0x30
    47dc:	e3e0c4fe 	mvn	ip, #-33554432	@ 0xfe000000
    47e0:	e3ccc8fe 	bic	ip, ip, #16646144	@ 0xfe0000
    47e4:	e157000c 	cmp	r7, ip
    47e8:	8a000030 	bhi	0x48b0
    47ec:	e7e267f1 			@ <UNDEFINED> instruction: 0xe7e267f1
    47f0:	e2422030 	sub	r2, r2, #48	@ 0x30
    47f4:	e1a06002 	mov	r6, r2
    47f8:	e3520009 	cmp	r2, #9
    47fc:	9a000003 	bls	0x4810
    4800:	e3a0e000 	mov	lr, #0
    4804:	e584e018 	str	lr, [r4, #24]
    4808:	e59f0b10 	ldr	r0, [pc, #2832]	@ 0x5320
    480c:	ea000025 	b	0x48a8
    4810:	e3e02000 	mvn	r2, #0
    4814:	e59fcb08 	ldr	ip, [pc, #2824]	@ 0x5324
    4818:	e151000c 	cmp	r1, ip
    481c:	8a000008 	bhi	0x4844
    4820:	e3a0c00a 	mov	ip, #10
    4824:	e0070c91 	mul	r7, r1, ip
    4828:	e1a08007 	mov	r8, r7
    482c:	e0867007 	add	r7, r6, r7
    4830:	e3e0c480 	mvn	ip, #128, 8	@ 0x80000000
    4834:	e028800c 	eor	r8, r8, ip
    4838:	e1560008 	cmp	r6, r8
    483c:	e3e02000 	mvn	r2, #0
    4840:	91a02007 	movls	r2, r7
    4844:	e2837001 	add	r7, r3, #1
    4848:	e1a08007 	mov	r8, r7
    484c:	e1a0a000 	mov	sl, r0
    4850:	e5959030 	ldr	r9, [r5, #48]	@ 0x30
    4854:	e59fca68 	ldr	ip, [pc, #2664]	@ 0x52c4
    4858:	e15a000c 	cmp	sl, ip
    485c:	8a000013 	bhi	0x48b0
    4860:	e7d79af4 			@ <UNDEFINED> instruction: 0xe7d79af4
    4864:	e1a0a003 	mov	sl, r3
    4868:	e5959030 	ldr	r9, [r5, #48]	@ 0x30
    486c:	e3e0e4fe 	mvn	lr, #-33554432	@ 0xfe000000
    4870:	e3cee8fe 	bic	lr, lr, #16646144	@ 0xfe0000
    4874:	e7fae0f1 	udf	#44545	@ 0xae01
    4878:	2a00000c 	bcs	0x48b0
    487c:	e7e79af1 			@ <UNDEFINED> instruction: 0xe7e79af1
    4880:	e1a01002 	mov	r1, r2
    4884:	e1a03008 	mov	r3, r8
    4888:	e2477030 	sub	r7, r7, #48	@ 0x30
    488c:	e1a06007 	mov	r6, r7
    4890:	e357000a 	cmp	r7, #10
    4894:	3affffdd 	bcc	0x4810
    4898:	e5842010 	str	r2, [r4, #16]
    489c:	e59f0a84 	ldr	r0, [pc, #2692]	@ 0x5328
    48a0:	e30ccabc 	movw	ip, #51900	@ 0xcabc
    48a4:	e34ccdef 	movt	ip, #52719	@ 0xcdef
    48a8:	e28dd008 	add	sp, sp, #8
    48ac:	e8bd87c0 	pop	{r6, r7, r8, r9, sl, pc}
    48b0:	e3a00008 	mov	r0, #8
    48b4:	e59d1000 	ldr	r1, [sp]
    48b8:	e5810010 	str	r0, [r1, #16]
    48bc:	e59d0000 	ldr	r0, [sp]
    48c0:	e59d101c 	ldr	r1, [sp, #28]
    48c4:	e59fca60 	ldr	ip, [pc, #2656]	@ 0x532c
    48c8:	e12fff3c 	blx	ip
    48cc:	e28dd008 	add	sp, sp, #8
    48d0:	e8bd07c0 	pop	{r6, r7, r8, r9, sl}
    48d4:	e28dd004 	add	sp, sp, #4
    48d8:	e12fff10 	bx	r0
    48dc:	e92d41c0 	push	{r6, r7, r8, lr}
    48e0:	e24dd008 	sub	sp, sp, #8
    48e4:	e58d0000 	str	r0, [sp]
    48e8:	e30cc123 	movw	ip, #49443	@ 0xc123
    48ec:	e34cc456 	movt	ip, #50262	@ 0xc456
    48f0:	e5940000 	ldr	r0, [r4]
    48f4:	e5941004 	ldr	r1, [r4, #4]
    48f8:	e5942008 	ldr	r2, [r4, #8]
    48fc:	e594300c 	ldr	r3, [r4, #12]
    4900:	e2411009 	sub	r1, r1, #9
    4904:	e1a0e001 	mov	lr, r1
    4908:	e35e0012 	cmp	lr, #18
    490c:	23a0e012 	movcs	lr, #18
    4910:	e1a0e10e 	lsl	lr, lr, #2
    4914:	e59fca14 	ldr	ip, [pc, #2580]	@ 0x5330
    4918:	e08ee00c 	add	lr, lr, ip
    491c:	e59ec000 	ldr	ip, [lr]
    4920:	e12fff1c 	bx	ip
    4924:	e1a07002 	mov	r7, r2
    4928:	e5956030 	ldr	r6, [r5, #48]	@ 0x30
    492c:	e59fc990 	ldr	ip, [pc, #2448]	@ 0x52c4
    4930:	e157000c 	cmp	r7, ip
    4934:	8a000225 	bhi	0x51d0
    4938:	e7e167f4 			@ <UNDEFINED> instruction: 0xe7e167f4
    493c:	e1a06001 	mov	r6, r1
    4940:	e2811004 	add	r1, r1, #4
    4944:	e1a08002 	mov	r8, r2
    4948:	e5957030 	ldr	r7, [r5, #48]	@ 0x30
    494c:	e59fc970 	ldr	ip, [pc, #2416]	@ 0x52c4
    4950:	e158000c 	cmp	r8, ip
    4954:	8a00021d 	bhi	0x51d0
    4958:	e7d178f4 			@ <UNDEFINED> instruction: 0xe7d178f4
    495c:	e1a07006 	mov	r7, r6
    4960:	e5951030 	ldr	r1, [r5, #48]	@ 0x30
    4964:	e59fc958 	ldr	ip, [pc, #2392]	@ 0x52c4
    4968:	e157000c 	cmp	r7, ip
    496c:	8a000217 	bhi	0x51d0
    4970:	e7e617f4 			@ <UNDEFINED> instruction: 0xe7e617f4
    4974:	e1a07000 	mov	r7, r0
    4978:	e5951030 	ldr	r1, [r5, #48]	@ 0x30
    497c:	e59fc940 	ldr	ip, [pc, #2368]	@ 0x52c4
    4980:	e157000c 	cmp	r7, ip
    4984:	8a000211 	bhi	0x51d0
    4988:	e7d617f4 			@ <UNDEFINED> instruction: 0xe7d617f4
    498c:	e59f09a0 	ldr	r0, [pc, #2464]	@ 0x5334
    4990:	ea00020c 	b	0x51c8
    4994:	e1a07002 	mov	r7, r2
    4998:	e5956030 	ldr	r6, [r5, #48]	@ 0x30
    499c:	e59fc920 	ldr	ip, [pc, #2336]	@ 0x52c4
    49a0:	e157000c 	cmp	r7, ip
    49a4:	8a000209 	bhi	0x51d0
    49a8:	e7e167f4 			@ <UNDEFINED> instruction: 0xe7e167f4
    49ac:	e1a06001 	mov	r6, r1
    49b0:	e2811004 	add	r1, r1, #4
    49b4:	e1a08002 	mov	r8, r2
    49b8:	e5957030 	ldr	r7, [r5, #48]	@ 0x30
    49bc:	e59fc900 	ldr	ip, [pc, #2304]	@ 0x52c4
    49c0:	e158000c 	cmp	r8, ip
    49c4:	8a000201 	bhi	0x51d0
    49c8:	e7d178f4 			@ <UNDEFINED> instruction: 0xe7d178f4
    49cc:	e5958030 	ldr	r8, [r5, #48]	@ 0x30
    49d0:	e59fc8ec 	ldr	ip, [pc, #2284]	@ 0x52c4
    49d4:	e156000c 	cmp	r6, ip
    49d8:	8a0001fc 	bhi	0x51d0
    49dc:	e7981006 	ldr	r1, [r8, r6]
    49e0:	e1a07fc1 	asr	r7, r1, #31
    49e4:	e1a08000 	mov	r8, r0
    49e8:	e5956030 	ldr	r6, [r5, #48]	@ 0x30
    49ec:	e59fc8c4 	ldr	ip, [pc, #2244]	@ 0x52b8
    49f0:	e158000c 	cmp	r8, ip
    49f4:	8a0001f5 	bhi	0x51d0
    49f8:	e086c008 	add	ip, r6, r8
    49fc:	e58c1000 	str	r1, [ip]
    4a00:	e58c7004 	str	r7, [ip, #4]
    4a04:	e59f092c 	ldr	r0, [pc, #2348]	@ 0x5338
    4a08:	ea0001ee 	b	0x51c8
    4a0c:	e1a07002 	mov	r7, r2
    4a10:	e5956030 	ldr	r6, [r5, #48]	@ 0x30
    4a14:	e59fc8a8 	ldr	ip, [pc, #2216]	@ 0x52c4
    4a18:	e157000c 	cmp	r7, ip
    4a1c:	8a0001eb 	bhi	0x51d0
    4a20:	e7e167f4 			@ <UNDEFINED> instruction: 0xe7e167f4
    4a24:	e1a06001 	mov	r6, r1
    4a28:	e2811004 	add	r1, r1, #4
    4a2c:	e1a08002 	mov	r8, r2
    4a30:	e5957030 	ldr	r7, [r5, #48]	@ 0x30
    4a34:	e59fc888 	ldr	ip, [pc, #2184]	@ 0x52c4
    4a38:	e158000c 	cmp	r8, ip
    4a3c:	8a0001e3 	bhi	0x51d0
    4a40:	e7d178f4 			@ <UNDEFINED> instruction: 0xe7d178f4
    4a44:	e5958030 	ldr	r8, [r5, #48]	@ 0x30
    4a48:	e59fc874 	ldr	ip, [pc, #2164]	@ 0x52c4
    4a4c:	e156000c 	cmp	r6, ip
    4a50:	8a0001de 	bhi	0x51d0
    4a54:	e7981006 	ldr	r1, [r8, r6]
    4a58:	e3a07000 	mov	r7, #0
    4a5c:	e1a08000 	mov	r8, r0
    4a60:	e5956030 	ldr	r6, [r5, #48]	@ 0x30
    4a64:	e59fc84c 	ldr	ip, [pc, #2124]	@ 0x52b8
    4a68:	e158000c 	cmp	r8, ip
    4a6c:	8a0001d7 	bhi	0x51d0
    4a70:	e086c008 	add	ip, r6, r8
    4a74:	e58c1000 	str	r1, [ip]
    4a78:	e58c7004 	str	r7, [ip, #4]
    4a7c:	e59f08b8 	ldr	r0, [pc, #2232]	@ 0x533c
    4a80:	ea0001d0 	b	0x51c8
    4a84:	e1a07002 	mov	r7, r2
    4a88:	e5956030 	ldr	r6, [r5, #48]	@ 0x30
    4a8c:	e59fc830 	ldr	ip, [pc, #2096]	@ 0x52c4
    4a90:	e157000c 	cmp	r7, ip
    4a94:	8a0001cd 	bhi	0x51d0
    4a98:	e7e167f4 			@ <UNDEFINED> instruction: 0xe7e167f4
    4a9c:	e1a06001 	mov	r6, r1
    4aa0:	e2811004 	add	r1, r1, #4
    4aa4:	e1a08002 	mov	r8, r2
    4aa8:	e5957030 	ldr	r7, [r5, #48]	@ 0x30
    4aac:	e59fc810 	ldr	ip, [pc, #2064]	@ 0x52c4
    4ab0:	e158000c 	cmp	r8, ip
    4ab4:	8a0001c5 	bhi	0x51d0
    4ab8:	e7d178f4 			@ <UNDEFINED> instruction: 0xe7d178f4
    4abc:	e5958030 	ldr	r8, [r5, #48]	@ 0x30
    4ac0:	e59fc7fc 	ldr	ip, [pc, #2044]	@ 0x52c4
    4ac4:	e156000c 	cmp	r6, ip
    4ac8:	8a0001c0 	bhi	0x51d0
    4acc:	e7981006 	ldr	r1, [r8, r6]
    4ad0:	e1a07fc1 	asr	r7, r1, #31
    4ad4:	e1a08000 	mov	r8, r0
    4ad8:	e5956030 	ldr	r6, [r5, #48]	@ 0x30
    4adc:	e59fc7d4 	ldr	ip, [pc, #2004]	@ 0x52b8
    4ae0:	e158000c 	cmp	r8, ip
    4ae4:	8a0001b9 	bhi	0x51d0
    4ae8:	e086c008 	add	ip, r6, r8
    4aec:	e58c1000 	str	r1, [ip]
    4af0:	e58c7004 	str	r7, [ip, #4]
    4af4:	e59f0844 	ldr	r0, [pc, #2116]	@ 0x5340
    4af8:	ea0001b2 	b	0x51c8
    4afc:	e1a07002 	mov	r7, r2
    4b00:	e5956030 	ldr	r6, [r5, #48]	@ 0x30
    4b04:	e59fc7b8 	ldr	ip, [pc, #1976]	@ 0x52c4
    4b08:	e157000c 	cmp	r7, ip
    4b0c:	8a0001af 	bhi	0x51d0
    4b10:	e7e167f4 			@ <UNDEFINED> instruction: 0xe7e167f4
    4b14:	e1a06001 	mov	r6, r1
    4b18:	e2811004 	add	r1, r1, #4
    4b1c:	e1a08002 	mov	r8, r2
    4b20:	e5957030 	ldr	r7, [r5, #48]	@ 0x30
    4b24:	e59fc798 	ldr	ip, [pc, #1944]	@ 0x52c4
    4b28:	e158000c 	cmp	r8, ip
    4b2c:	8a0001a7 	bhi	0x51d0
    4b30:	e7d178f4 			@ <UNDEFINED> instruction: 0xe7d178f4
    4b34:	e5958030 	ldr	r8, [r5, #48]	@ 0x30
    4b38:	e59fc784 	ldr	ip, [pc, #1924]	@ 0x52c4
    4b3c:	e156000c 	cmp	r6, ip
    4b40:	8a0001a2 	bhi	0x51d0
    4b44:	e7981006 	ldr	r1, [r8, r6]
    4b48:	e3a07000 	mov	r7, #0
    4b4c:	e1a08000 	mov	r8, r0
    4b50:	e5956030 	ldr	r6, [r5, #48]	@ 0x30
    4b54:	e59fc75c 	ldr	ip, [pc, #1884]	@ 0x52b8
    4b58:	e158000c 	cmp	r8, ip
    4b5c:	8a00019b 	bhi	0x51d0
    4b60:	e086c008 	add	ip, r6, r8
    4b64:	e58c1000 	str	r1, [ip]
    4b68:	e58c7004 	str	r7, [ip, #4]
    4b6c:	e3e0012f 	mvn	r0, #-1073741813	@ 0xc000000b
    4b70:	e3c005ff 	bic	r0, r0, #1069547520	@ 0x3fc00000
    4b74:	ea000193 	b	0x51c8
    4b78:	e1a07002 	mov	r7, r2
    4b7c:	e5956030 	ldr	r6, [r5, #48]	@ 0x30
    4b80:	e59fc73c 	ldr	ip, [pc, #1852]	@ 0x52c4
    4b84:	e157000c 	cmp	r7, ip
    4b88:	8a000190 	bhi	0x51d0
    4b8c:	e7e167f4 			@ <UNDEFINED> instruction: 0xe7e167f4
    4b90:	e2811007 	add	r1, r1, #7
    4b94:	e3c11007 	bic	r1, r1, #7
    4b98:	e1a06001 	mov	r6, r1
    4b9c:	e2811008 	add	r1, r1, #8
    4ba0:	e1a08002 	mov	r8, r2
    4ba4:	e5957030 	ldr	r7, [r5, #48]	@ 0x30
    4ba8:	e59fc714 	ldr	ip, [pc, #1812]	@ 0x52c4
    4bac:	e158000c 	cmp	r8, ip
    4bb0:	8a000186 	bhi	0x51d0
    4bb4:	e7d178f4 			@ <UNDEFINED> instruction: 0xe7d178f4
    4bb8:	e5958030 	ldr	r8, [r5, #48]	@ 0x30
    4bbc:	e59fc6f4 	ldr	ip, [pc, #1780]	@ 0x52b8
    4bc0:	e156000c 	cmp	r6, ip
    4bc4:	8a000181 	bhi	0x51d0
    4bc8:	e088c006 	add	ip, r8, r6
    4bcc:	e59c1000 	ldr	r1, [ip]
    4bd0:	e59c7004 	ldr	r7, [ip, #4]
    4bd4:	e1a08000 	mov	r8, r0
    4bd8:	e5956030 	ldr	r6, [r5, #48]	@ 0x30
    4bdc:	e59fc6d4 	ldr	ip, [pc, #1748]	@ 0x52b8
    4be0:	e158000c 	cmp	r8, ip
    4be4:	8a000179 	bhi	0x51d0
    4be8:	e086c008 	add	ip, r6, r8
    4bec:	e58c1000 	str	r1, [ip]
    4bf0:	e58c7004 	str	r7, [ip, #4]
    4bf4:	e3a00840 	mov	r0, #64, 16	@ 0x400000
    4bf8:	e3800048 	orr	r0, r0, #72	@ 0x48
    4bfc:	ea000171 	b	0x51c8
    4c00:	e1a07002 	mov	r7, r2
    4c04:	e5956030 	ldr	r6, [r5, #48]	@ 0x30
    4c08:	e59fc6b4 	ldr	ip, [pc, #1716]	@ 0x52c4
    4c0c:	e157000c 	cmp	r7, ip
    4c10:	8a00016e 	bhi	0x51d0
    4c14:	e7e167f4 			@ <UNDEFINED> instruction: 0xe7e167f4
    4c18:	e1a06001 	mov	r6, r1
    4c1c:	e2811004 	add	r1, r1, #4
    4c20:	e1a08002 	mov	r8, r2
    4c24:	e5957030 	ldr	r7, [r5, #48]	@ 0x30
    4c28:	e59fc694 	ldr	ip, [pc, #1684]	@ 0x52c4
    4c2c:	e158000c 	cmp	r8, ip
    4c30:	8a000166 	bhi	0x51d0
    4c34:	e7d178f4 			@ <UNDEFINED> instruction: 0xe7d178f4
    4c38:	e5958030 	ldr	r8, [r5, #48]	@ 0x30
    4c3c:	e59fc700 	ldr	ip, [pc, #1792]	@ 0x5344
    4c40:	e156000c 	cmp	r6, ip
    4c44:	8a000161 	bhi	0x51d0
    4c48:	e19810f6 	ldrsh	r1, [r8, r6]
    4c4c:	e1a07fc1 	asr	r7, r1, #31
    4c50:	e1a08000 	mov	r8, r0
    4c54:	e5956030 	ldr	r6, [r5, #48]	@ 0x30
    4c58:	e59fc658 	ldr	ip, [pc, #1624]	@ 0x52b8
    4c5c:	e158000c 	cmp	r8, ip
    4c60:	8a00015a 	bhi	0x51d0
    4c64:	e086c008 	add	ip, r6, r8
    4c68:	e58c1000 	str	r1, [ip]
    4c6c:	e58c7004 	str	r7, [ip, #4]
    4c70:	e3a00840 	mov	r0, #64, 16	@ 0x400000
    4c74:	e3800088 	orr	r0, r0, #136	@ 0x88
    4c78:	ea000152 	b	0x51c8
    4c7c:	e1a07002 	mov	r7, r2
    4c80:	e5956030 	ldr	r6, [r5, #48]	@ 0x30
    4c84:	e59fc638 	ldr	ip, [pc, #1592]	@ 0x52c4
    4c88:	e157000c 	cmp	r7, ip
    4c8c:	8a00014f 	bhi	0x51d0
    4c90:	e7e167f4 			@ <UNDEFINED> instruction: 0xe7e167f4
    4c94:	e1a06001 	mov	r6, r1
    4c98:	e2811004 	add	r1, r1, #4
    4c9c:	e1a08002 	mov	r8, r2
    4ca0:	e5957030 	ldr	r7, [r5, #48]	@ 0x30
    4ca4:	e59fc618 	ldr	ip, [pc, #1560]	@ 0x52c4
    4ca8:	e158000c 	cmp	r8, ip
    4cac:	8a000147 	bhi	0x51d0
    4cb0:	e7d178f4 			@ <UNDEFINED> instruction: 0xe7d178f4
    4cb4:	e5958030 	ldr	r8, [r5, #48]	@ 0x30
    4cb8:	e59fc684 	ldr	ip, [pc, #1668]	@ 0x5344
    4cbc:	e156000c 	cmp	r6, ip
    4cc0:	8a000142 	bhi	0x51d0
    4cc4:	e19810b6 	ldrh	r1, [r8, r6]
    4cc8:	e3a07000 	mov	r7, #0
    4ccc:	e1a08000 	mov	r8, r0
    4cd0:	e5956030 	ldr	r6, [r5, #48]	@ 0x30
    4cd4:	e59fc5dc 	ldr	ip, [pc, #1500]	@ 0x52b8
    4cd8:	e158000c 	cmp	r8, ip
    4cdc:	8a00013b 	bhi	0x51d0
    4ce0:	e086c008 	add	ip, r6, r8
    4ce4:	e58c1000 	str	r1, [ip]
    4ce8:	e58c7004 	str	r7, [ip, #4]
    4cec:	e3a00840 	mov	r0, #64, 16	@ 0x400000
    4cf0:	e38000c8 	orr	r0, r0, #200	@ 0xc8
    4cf4:	ea000133 	b	0x51c8
    4cf8:	e1a07002 	mov	r7, r2
    4cfc:	e5956030 	ldr	r6, [r5, #48]	@ 0x30
    4d00:	e59fc5bc 	ldr	ip, [pc, #1468]	@ 0x52c4
    4d04:	e157000c 	cmp	r7, ip
    4d08:	8a000130 	bhi	0x51d0
    4d0c:	e7e167f4 			@ <UNDEFINED> instruction: 0xe7e167f4
    4d10:	e1a06001 	mov	r6, r1
    4d14:	e2811004 	add	r1, r1, #4
    4d18:	e1a08002 	mov	r8, r2
    4d1c:	e5957030 	ldr	r7, [r5, #48]	@ 0x30
    4d20:	e59fc59c 	ldr	ip, [pc, #1436]	@ 0x52c4
    4d24:	e158000c 	cmp	r8, ip
    4d28:	8a000128 	bhi	0x51d0
    4d2c:	e7d178f4 			@ <UNDEFINED> instruction: 0xe7d178f4
    4d30:	e5958030 	ldr	r8, [r5, #48]	@ 0x30
    4d34:	e3e0c4fe 	mvn	ip, #-33554432	@ 0xfe000000
    4d38:	e3ccc8fe 	bic	ip, ip, #16646144	@ 0xfe0000
    4d3c:	e156000c 	cmp	r6, ip
    4d40:	8a000122 	bhi	0x51d0
    4d44:	e19810d6 	ldrsb	r1, [r8, r6]
    4d48:	e1a07fc1 	asr	r7, r1, #31
    4d4c:	e1a08000 	mov	r8, r0
    4d50:	e5956030 	ldr	r6, [r5, #48]	@ 0x30
    4d54:	e59fc55c 	ldr	ip, [pc, #1372]	@ 0x52b8
    4d58:	e158000c 	cmp	r8, ip
    4d5c:	8a00011b 	bhi	0x51d0
    4d60:	e086c008 	add	ip, r6, r8
    4d64:	e58c1000 	str	r1, [ip]
    4d68:	e58c7004 	str	r7, [ip, #4]
    4d6c:	e3a00840 	mov	r0, #64, 16	@ 0x400000
    4d70:	e3800f42 	orr	r0, r0, #264	@ 0x108
    4d74:	ea000113 	b	0x51c8
    4d78:	e1a07002 	mov	r7, r2
    4d7c:	e5956030 	ldr	r6, [r5, #48]	@ 0x30
    4d80:	e59fc53c 	ldr	ip, [pc, #1340]	@ 0x52c4
    4d84:	e157000c 	cmp	r7, ip
    4d88:	8a000110 	bhi	0x51d0
    4d8c:	e7e167f4 			@ <UNDEFINED> instruction: 0xe7e167f4
    4d90:	e1a06001 	mov	r6, r1
    4d94:	e2811004 	add	r1, r1, #4
    4d98:	e1a08002 	mov	r8, r2
    4d9c:	e5957030 	ldr	r7, [r5, #48]	@ 0x30
    4da0:	e59fc51c 	ldr	ip, [pc, #1308]	@ 0x52c4
    4da4:	e158000c 	cmp	r8, ip
    4da8:	8a000108 	bhi	0x51d0
    4dac:	e7d178f4 			@ <UNDEFINED> instruction: 0xe7d178f4
    4db0:	e5958030 	ldr	r8, [r5, #48]	@ 0x30
    4db4:	e3e0c4fe 	mvn	ip, #-33554432	@ 0xfe000000
    4db8:	e3ccc8fe 	bic	ip, ip, #16646144	@ 0xfe0000
    4dbc:	e156000c 	cmp	r6, ip
    4dc0:	8a000102 	bhi	0x51d0
    4dc4:	e7d81006 	ldrb	r1, [r8, r6]
    4dc8:	e3a07000 	mov	r7, #0
    4dcc:	e1a08000 	mov	r8, r0
    4dd0:	e5956030 	ldr	r6, [r5, #48]	@ 0x30
    4dd4:	e59fc4dc 	ldr	ip, [pc, #1244]	@ 0x52b8
    4dd8:	e158000c 	cmp	r8, ip
    4ddc:	8a0000fb 	bhi	0x51d0
    4de0:	e086c008 	add	ip, r6, r8
    4de4:	e58c1000 	str	r1, [ip]
    4de8:	e58c7004 	str	r7, [ip, #4]
    4dec:	e3a00840 	mov	r0, #64, 16	@ 0x400000
    4df0:	e3800f52 	orr	r0, r0, #328	@ 0x148
    4df4:	ea0000f3 	b	0x51c8
    4df8:	e1a07002 	mov	r7, r2
    4dfc:	e5956030 	ldr	r6, [r5, #48]	@ 0x30
    4e00:	e59fc4bc 	ldr	ip, [pc, #1212]	@ 0x52c4
    4e04:	e157000c 	cmp	r7, ip
    4e08:	8a0000f0 	bhi	0x51d0
    4e0c:	e7e167f4 			@ <UNDEFINED> instruction: 0xe7e167f4
    4e10:	e2811007 	add	r1, r1, #7
    4e14:	e3c11007 	bic	r1, r1, #7
    4e18:	e1a06001 	mov	r6, r1
    4e1c:	e2811008 	add	r1, r1, #8
    4e20:	e1a08002 	mov	r8, r2
    4e24:	e5957030 	ldr	r7, [r5, #48]	@ 0x30
    4e28:	e59fc494 	ldr	ip, [pc, #1172]	@ 0x52c4
    4e2c:	e158000c 	cmp	r8, ip
    4e30:	8a0000e6 	bhi	0x51d0
    4e34:	e7d178f4 			@ <UNDEFINED> instruction: 0xe7d178f4
    4e38:	e5958030 	ldr	r8, [r5, #48]	@ 0x30
    4e3c:	e59fc474 	ldr	ip, [pc, #1140]	@ 0x52b8
    4e40:	e156000c 	cmp	r6, ip
    4e44:	8a0000e1 	bhi	0x51d0
    4e48:	e088c006 	add	ip, r8, r6
    4e4c:	e59c1000 	ldr	r1, [ip]
    4e50:	e59c7004 	ldr	r7, [ip, #4]
    4e54:	e1a08000 	mov	r8, r0
    4e58:	e5956030 	ldr	r6, [r5, #48]	@ 0x30
    4e5c:	e59fc454 	ldr	ip, [pc, #1108]	@ 0x52b8
    4e60:	e158000c 	cmp	r8, ip
    4e64:	8a0000d9 	bhi	0x51d0
    4e68:	e086c008 	add	ip, r6, r8
    4e6c:	e58c1000 	str	r1, [ip]
    4e70:	e58c7004 	str	r7, [ip, #4]
    4e74:	e3a00840 	mov	r0, #64, 16	@ 0x400000
    4e78:	e3800f67 	orr	r0, r0, #412	@ 0x19c
    4e7c:	ea0000d1 	b	0x51c8
    4e80:	e1a07002 	mov	r7, r2
    4e84:	e5956030 	ldr	r6, [r5, #48]	@ 0x30
    4e88:	e59fc434 	ldr	ip, [pc, #1076]	@ 0x52c4
    4e8c:	e157000c 	cmp	r7, ip
    4e90:	8a0000ce 	bhi	0x51d0
    4e94:	e7e167f4 			@ <UNDEFINED> instruction: 0xe7e167f4
    4e98:	e1a06001 	mov	r6, r1
    4e9c:	e2811004 	add	r1, r1, #4
    4ea0:	e1a08002 	mov	r8, r2
    4ea4:	e5957030 	ldr	r7, [r5, #48]	@ 0x30
    4ea8:	e59fc414 	ldr	ip, [pc, #1044]	@ 0x52c4
    4eac:	e158000c 	cmp	r8, ip
    4eb0:	8a0000c6 	bhi	0x51d0
    4eb4:	e7d178f4 			@ <UNDEFINED> instruction: 0xe7d178f4
    4eb8:	e5958030 	ldr	r8, [r5, #48]	@ 0x30
    4ebc:	e59fc400 	ldr	ip, [pc, #1024]	@ 0x52c4
    4ec0:	e156000c 	cmp	r6, ip
    4ec4:	8a0000c1 	bhi	0x51d0
    4ec8:	e7981006 	ldr	r1, [r8, r6]
    4ecc:	e3a07000 	mov	r7, #0
    4ed0:	e1a08000 	mov	r8, r0
    4ed4:	e5956030 	ldr	r6, [r5, #48]	@ 0x30
    4ed8:	e59fc3d8 	ldr	ip, [pc, #984]	@ 0x52b8
    4edc:	e158000c 	cmp	r8, ip
    4ee0:	8a0000ba 	bhi	0x51d0
    4ee4:	e086c008 	add	ip, r6, r8
    4ee8:	e58c1000 	str	r1, [ip]
    4eec:	e58c7004 	str	r7, [ip, #4]
    4ef0:	e3a00840 	mov	r0, #64, 16	@ 0x400000
    4ef4:	e3800f77 	orr	r0, r0, #476	@ 0x1dc
    4ef8:	ea0000b2 	b	0x51c8
    4efc:	e1a07002 	mov	r7, r2
    4f00:	e5956030 	ldr	r6, [r5, #48]	@ 0x30
    4f04:	e59fc3b8 	ldr	ip, [pc, #952]	@ 0x52c4
    4f08:	e157000c 	cmp	r7, ip
    4f0c:	8a0000af 	bhi	0x51d0
    4f10:	e7e167f4 			@ <UNDEFINED> instruction: 0xe7e167f4
    4f14:	e2811007 	add	r1, r1, #7
    4f18:	e3c11007 	bic	r1, r1, #7
    4f1c:	e1a06001 	mov	r6, r1
    4f20:	e2811008 	add	r1, r1, #8
    4f24:	e1a08002 	mov	r8, r2
    4f28:	e5957030 	ldr	r7, [r5, #48]	@ 0x30
    4f2c:	e59fc390 	ldr	ip, [pc, #912]	@ 0x52c4
    4f30:	e158000c 	cmp	r8, ip
    4f34:	8a0000a5 	bhi	0x51d0
    4f38:	e7d178f4 			@ <UNDEFINED> instruction: 0xe7d178f4
    4f3c:	e5958030 	ldr	r8, [r5, #48]	@ 0x30
    4f40:	e59fc370 	ldr	ip, [pc, #880]	@ 0x52b8
    4f44:	e156000c 	cmp	r6, ip
    4f48:	8a0000a0 	bhi	0x51d0
    4f4c:	e088c006 	add	ip, r8, r6
    4f50:	e59c1000 	ldr	r1, [ip]
    4f54:	e59c7004 	ldr	r7, [ip, #4]
    4f58:	e1a08000 	mov	r8, r0
    4f5c:	e5956030 	ldr	r6, [r5, #48]	@ 0x30
    4f60:	e59fc350 	ldr	ip, [pc, #848]	@ 0x52b8
    4f64:	e158000c 	cmp	r8, ip
    4f68:	8a000098 	bhi	0x51d0
    4f6c:	e086c008 	add	ip, r6, r8
    4f70:	e58c1000 	str	r1, [ip]
    4f74:	e58c7004 	str	r7, [ip, #4]
    4f78:	e3a00840 	mov	r0, #64, 16	@ 0x400000
    4f7c:	e3800f8c 	orr	r0, r0, #140, 30	@ 0x230
    4f80:	ea000090 	b	0x51c8
    4f84:	e1a07002 	mov	r7, r2
    4f88:	e5956030 	ldr	r6, [r5, #48]	@ 0x30
    4f8c:	e59fc330 	ldr	ip, [pc, #816]	@ 0x52c4
    4f90:	e157000c 	cmp	r7, ip
    4f94:	8a00008d 	bhi	0x51d0
    4f98:	e7e167f4 			@ <UNDEFINED> instruction: 0xe7e167f4
    4f9c:	e2811007 	add	r1, r1, #7
    4fa0:	e3c11007 	bic	r1, r1, #7
    4fa4:	e1a06001 	mov	r6, r1
    4fa8:	e2811008 	add	r1, r1, #8
    4fac:	e1a08002 	mov	r8, r2
    4fb0:	e5957030 	ldr	r7, [r5, #48]	@ 0x30
    4fb4:	e59fc308 	ldr	ip, [pc, #776]	@ 0x52c4
    4fb8:	e158000c 	cmp	r8, ip
    4fbc:	8a000083 	bhi	0x51d0
    4fc0:	e7d178f4 			@ <UNDEFINED> instruction: 0xe7d178f4
    4fc4:	e5958030 	ldr	r8, [r5, #48]	@ 0x30
    4fc8:	e59fc2e8 	ldr	ip, [pc, #744]	@ 0x52b8
    4fcc:	e156000c 	cmp	r6, ip
    4fd0:	8a00007e 	bhi	0x51d0
    4fd4:	e088c006 	add	ip, r8, r6
    4fd8:	e59c1000 	ldr	r1, [ip]
    4fdc:	e59c7004 	ldr	r7, [ip, #4]
    4fe0:	e1a08000 	mov	r8, r0
    4fe4:	e5956030 	ldr	r6, [r5, #48]	@ 0x30
    4fe8:	e59fc2c8 	ldr	ip, [pc, #712]	@ 0x52b8
    4fec:	e158000c 	cmp	r8, ip
    4ff0:	8a000076 	bhi	0x51d0
    4ff4:	e086c008 	add	ip, r6, r8
    4ff8:	e58c1000 	str	r1, [ip]
    4ffc:	e58c7004 	str	r7, [ip, #4]
    5000:	e3a00840 	mov	r0, #64, 16	@ 0x400000
    5004:	e3800fa1 	orr	r0, r0, #644	@ 0x284
    5008:	ea00006e 	b	0x51c8
    500c:	e1a07002 	mov	r7, r2
    5010:	e5956030 	ldr	r6, [r5, #48]	@ 0x30
    5014:	e59fc2a8 	ldr	ip, [pc, #680]	@ 0x52c4
    5018:	e157000c 	cmp	r7, ip
    501c:	8a00006b 	bhi	0x51d0
    5020:	e7e167f4 			@ <UNDEFINED> instruction: 0xe7e167f4
    5024:	e1a06001 	mov	r6, r1
    5028:	e2811004 	add	r1, r1, #4
    502c:	e1a08002 	mov	r8, r2
    5030:	e5957030 	ldr	r7, [r5, #48]	@ 0x30
    5034:	e59fc288 	ldr	ip, [pc, #648]	@ 0x52c4
    5038:	e158000c 	cmp	r8, ip
    503c:	8a000063 	bhi	0x51d0
    5040:	e7d178f4 			@ <UNDEFINED> instruction: 0xe7d178f4
    5044:	e5958030 	ldr	r8, [r5, #48]	@ 0x30
    5048:	e59fc274 	ldr	ip, [pc, #628]	@ 0x52c4
    504c:	e156000c 	cmp	r6, ip
    5050:	8a00005e 	bhi	0x51d0
    5054:	e7981006 	ldr	r1, [r8, r6]
    5058:	e1a07fc1 	asr	r7, r1, #31
    505c:	e1a08000 	mov	r8, r0
    5060:	e5956030 	ldr	r6, [r5, #48]	@ 0x30
    5064:	e59fc24c 	ldr	ip, [pc, #588]	@ 0x52b8
    5068:	e158000c 	cmp	r8, ip
    506c:	8a000057 	bhi	0x51d0
    5070:	e086c008 	add	ip, r6, r8
    5074:	e58c1000 	str	r1, [ip]
    5078:	e58c7004 	str	r7, [ip, #4]
    507c:	e3a00840 	mov	r0, #64, 16	@ 0x400000
    5080:	e3800fb1 	orr	r0, r0, #708	@ 0x2c4
    5084:	ea00004f 	b	0x51c8
    5088:	e1a07002 	mov	r7, r2
    508c:	e5956030 	ldr	r6, [r5, #48]	@ 0x30
    5090:	e59fc22c 	ldr	ip, [pc, #556]	@ 0x52c4
    5094:	e157000c 	cmp	r7, ip
    5098:	8a00004c 	bhi	0x51d0
    509c:	e7e167f4 			@ <UNDEFINED> instruction: 0xe7e167f4
    50a0:	e1a06001 	mov	r6, r1
    50a4:	e2811004 	add	r1, r1, #4
    50a8:	e1a08002 	mov	r8, r2
    50ac:	e5957030 	ldr	r7, [r5, #48]	@ 0x30
    50b0:	e59fc20c 	ldr	ip, [pc, #524]	@ 0x52c4
    50b4:	e158000c 	cmp	r8, ip
    50b8:	8a000044 	bhi	0x51d0
    50bc:	e7d178f4 			@ <UNDEFINED> instruction: 0xe7d178f4
    50c0:	e5958030 	ldr	r8, [r5, #48]	@ 0x30
    50c4:	e59fc1f8 	ldr	ip, [pc, #504]	@ 0x52c4
    50c8:	e156000c 	cmp	r6, ip
    50cc:	8a00003f 	bhi	0x51d0
    50d0:	e7981006 	ldr	r1, [r8, r6]
    50d4:	e3a07000 	mov	r7, #0
    50d8:	e1a08000 	mov	r8, r0
    50dc:	e5956030 	ldr	r6, [r5, #48]	@ 0x30
    50e0:	e59fc1d0 	ldr	ip, [pc, #464]	@ 0x52b8
    50e4:	e158000c 	cmp	r8, ip
    50e8:	8a000038 	bhi	0x51d0
    50ec:	e086c008 	add	ip, r6, r8
    50f0:	e58c1000 	str	r1, [ip]
    50f4:	e58c7004 	str	r7, [ip, #4]
    50f8:	e3a00840 	mov	r0, #64, 16	@ 0x400000
    50fc:	e3800fc1 	orr	r0, r0, #772	@ 0x304
    5100:	ea000030 	b	0x51c8
    5104:	e1a07002 	mov	r7, r2
    5108:	e5956030 	ldr	r6, [r5, #48]	@ 0x30
    510c:	e59fc1b0 	ldr	ip, [pc, #432]	@ 0x52c4
    5110:	e157000c 	cmp	r7, ip
    5114:	8a00002d 	bhi	0x51d0
    5118:	e7e167f4 			@ <UNDEFINED> instruction: 0xe7e167f4
    511c:	e2811007 	add	r1, r1, #7
    5120:	e3c11007 	bic	r1, r1, #7
    5124:	e1a06001 	mov	r6, r1
    5128:	e2811008 	add	r1, r1, #8
    512c:	e1a08002 	mov	r8, r2
    5130:	e5957030 	ldr	r7, [r5, #48]	@ 0x30
    5134:	e59fc188 	ldr	ip, [pc, #392]	@ 0x52c4
    5138:	e158000c 	cmp	r8, ip
    513c:	8a000023 	bhi	0x51d0
    5140:	e7d178f4 			@ <UNDEFINED> instruction: 0xe7d178f4
    5144:	e5958030 	ldr	r8, [r5, #48]	@ 0x30
    5148:	e59fc168 	ldr	ip, [pc, #360]	@ 0x52b8
    514c:	e156000c 	cmp	r6, ip
    5150:	8a00001e 	bhi	0x51d0
    5154:	e088c006 	add	ip, r8, r6
    5158:	e59c1000 	ldr	r1, [ip]
    515c:	e59c7004 	ldr	r7, [ip, #4]
    5160:	e1a08000 	mov	r8, r0
    5164:	e5956030 	ldr	r6, [r5, #48]	@ 0x30
    5168:	e59fc148 	ldr	ip, [pc, #328]	@ 0x52b8
    516c:	e158000c 	cmp	r8, ip
    5170:	8a000016 	bhi	0x51d0
    5174:	e086c008 	add	ip, r6, r8
    5178:	e58c1000 	str	r1, [ip]
    517c:	e58c7004 	str	r7, [ip, #4]
    5180:	e3a00840 	mov	r0, #64, 16	@ 0x400000
    5184:	e3800fd6 	orr	r0, r0, #856	@ 0x358
    5188:	ea00000e 	b	0x51c8
    518c:	e5840000 	str	r0, [r4]
    5190:	e5842008 	str	r2, [r4, #8]
    5194:	e584300c 	str	r3, [r4, #12]
    5198:	e3a00840 	mov	r0, #64, 16	@ 0x400000
    519c:	e3800fd6 	orr	r0, r0, #856	@ 0x358
    51a0:	e1a01004 	mov	r1, r4
    51a4:	e59d2000 	ldr	r2, [sp]
    51a8:	e59fc198 	ldr	ip, [pc, #408]	@ 0x5348
    51ac:	e12fff3c 	blx	ip
    51b0:	e3500000 	cmp	r0, #0
    51b4:	1a000008 	bne	0x51dc
    51b8:	e3a00840 	mov	r0, #64, 16	@ 0x400000
    51bc:	e3800fde 	orr	r0, r0, #888	@ 0x378
    51c0:	e30ccabc 	movw	ip, #51900	@ 0xcabc
    51c4:	e34ccdef 	movt	ip, #52719	@ 0xcdef
    51c8:	e28dd008 	add	sp, sp, #8
    51cc:	e8bd81c0 	pop	{r6, r7, r8, pc}
    51d0:	e3a00008 	mov	r0, #8
    51d4:	e59d1000 	ldr	r1, [sp]
    51d8:	e5810010 	str	r0, [r1, #16]
    51dc:	e59d0000 	ldr	r0, [sp]
    51e0:	e59d1014 	ldr	r1, [sp, #20]
    51e4:	e59fc160 	ldr	ip, [pc, #352]	@ 0x534c
    51e8:	e12fff3c 	blx	ip
    51ec:	e28dd008 	add	sp, sp, #8
    51f0:	e8bd01c0 	pop	{r6, r7, r8}
    51f4:	e28dd004 	add	sp, sp, #4
    51f8:	e12fff10 	bx	r0
    51fc:	e92d43c0 	push	{r6, r7, r8, r9, lr}
    5200:	e24dd004 	sub	sp, sp, #4
    5204:	e58d0000 	str	r0, [sp]
    5208:	e30cc123 	movw	ip, #49443	@ 0xc123
    520c:	e34cc456 	movt	ip, #50262	@ 0xc456
    5210:	e5940000 	ldr	r0, [r4]
    5214:	e5941004 	ldr	r1, [r4, #4]
    5218:	e5942008 	ldr	r2, [r4, #8]
    521c:	e594300c 	ldr	r3, [r4, #12]
    5220:	e190c001 	orrs	ip, r0, r1
    5224:	0a000049 	beq	0x5350
    5228:	e2426001 	sub	r6, r2, #1
    522c:	e1a02006 	mov	r2, r6
    5230:	e1a07000 	mov	r7, r0
    5234:	e207700f 	and	r7, r7, #15
    5238:	e1a09007 	mov	r9, r7
    523c:	e5958030 	ldr	r8, [r5, #48]	@ 0x30
    5240:	e3e0e4fe 	mvn	lr, #-33554432	@ 0xfe000000
    5244:	e3cee8fe 	bic	lr, lr, #16646144	@ 0xfe0000
    5248:	e3a0cb40 	mov	ip, #64, 22	@ 0x10000
    524c:	e38ccf8c 	orr	ip, ip, #140, 30	@ 0x230
    5250:	e099900c 	adds	r9, r9, ip
    5254:	2a000043 	bcs	0x5368
    5258:	e3e0c4fe 	mvn	ip, #-33554432	@ 0xfe000000
    525c:	e3ccc8fe 	bic	ip, ip, #16646144	@ 0xfe0000
    5260:	e159000c 	cmp	r9, ip
    5264:	8a00003f 	bhi	0x5368
    5268:	e7e789f0 			@ <UNDEFINED> instruction: 0xe7e789f0
    526c:	e1877003 	orr	r7, r7, r3
    5270:	e5958030 	ldr	r8, [r5, #48]	@ 0x30
    5274:	e3e0c4fe 	mvn	ip, #-33554432	@ 0xfe000000
    5278:	e3ccc8fe 	bic	ip, ip, #16646144	@ 0xfe0000
    527c:	e156000c 	cmp	r6, ip
    5280:	8a000038 	bhi	0x5368
    5284:	e7d786f0 			@ <UNDEFINED> instruction: 0xe7d786f0
    5288:	e270c00f 	rsbs	ip, r0, #15
    528c:	e2f1c000 	rscs	ip, r1, #0
    5290:	e3a06000 	mov	r6, #0
    5294:	33a06001 	movcc	r6, #1
    5298:	e1a00220 	lsr	r0, r0, #4
    529c:	e1800e01 	orr	r0, r0, r1, lsl #28
    52a0:	e1a01221 	lsr	r1, r1, #4
    52a4:	e3560000 	cmp	r6, #0
    52a8:	1affffde 	bne	0x5228
    52ac:	ea000027 	b	0x5350
	...
    52b8:	0101fff8 	strdeq	pc, [r1, -r8]
    52bc:	00403bd8 	ldrdeq	r3, [r0], #-184	@ 0xffffff48
    52c0:	00048c48 	andeq	r8, r4, r8, asr #24
    52c4:	0101fffc 	strdeq	pc, [r1, -ip]
    52c8:	00403cd8 	ldrdeq	r3, [r0], #-200	@ 0xffffff38
    52cc:	0004890c 	andeq	r8, r4, ip, lsl #18
    52d0:	00403f24 	subeq	r3, r0, r4, lsr #30
    52d4:	0004890c 	andeq	r8, r4, ip, lsl #18
    52d8:	00403f3c 	subeq	r3, r0, ip, lsr pc
    52dc:	0004890c 	andeq	r8, r4, ip, lsl #18
    52e0:	00403f74 	subeq	r3, r0, r4, ror pc
    52e4:	0004890c 	andeq	r8, r4, ip, lsl #18
    52e8:	00403f98 	umaaleq	r3, r0, r8, pc	@ <UNPREDICTABLE>
    52ec:	0004890c 	andeq	r8, r4, ip, lsl #18
    52f0:	00403fb0 	strheq	r3, [r0], #-240	@ 0xffffff10
    52f4:	0004890c 	andeq	r8, r4, ip, lsl #18
    52f8:	00403fe8 	subeq	r3, r0, r8, ror #31
    52fc:	0004890c 	andeq	r8, r4, ip, lsl #18
    5300:	00404030 	subeq	r4, r0, r0, lsr r0
    5304:	0004890c 	andeq	r8, r4, ip, lsl #18
    5308:	00404074 	subeq	r4, r0, r4, ror r0
    530c:	00048004 	andeq	r8, r4, r4
    5310:	003f98a8 	eorseq	r9, pc, r8, lsr #17
    5314:	0004890c 	andeq	r8, r4, ip, lsl #18
    5318:	003f98c4 	eorseq	r9, pc, r4, asr #17
    531c:	00048004 	andeq	r8, r4, r4
    5320:	003fcba8 	eorseq	ip, pc, r8, lsr #23
    5324:	0ccccccc 	stcleq	12, cr12, [ip], {204}	@ 0xcc
    5328:	003fcc98 	mlaseq	pc, r8, ip, ip	@ <UNPREDICTABLE>
    532c:	00048004 	andeq	r8, r4, r4
    5330:	4085af34 	addmi	sl, r5, r4, lsr pc
    5334:	003ffef4 	ldrshteq	pc, [pc], -r4	@ <UNPREDICTABLE>
    5338:	003fff34 	eorseq	pc, pc, r4, lsr pc	@ <UNPREDICTABLE>
    533c:	003fff74 	eorseq	pc, pc, r4, ror pc	@ <UNPREDICTABLE>
    5340:	003fffb4 	ldrhteq	pc, [pc], -r4	@ <UNPREDICTABLE>
    5344:	0101fffe 	strdeq	pc, [r1, -lr]
    5348:	00048c48 	andeq	r8, r4, r8, asr #24
    534c:	00048004 	andeq	r8, r4, r4
    5350:	e5842008 	str	r2, [r4, #8]
    5354:	e59f0ffc 	ldr	r0, [pc, #4092]	@ 0x6358
    5358:	e30ccabc 	movw	ip, #51900	@ 0xcabc
    535c:	e34ccdef 	movt	ip, #52719	@ 0xcdef
    5360:	e28dd004 	add	sp, sp, #4
    5364:	e8bd83c0 	pop	{r6, r7, r8, r9, pc}
    5368:	e3a00008 	mov	r0, #8
    536c:	e59d1000 	ldr	r1, [sp]
    5370:	e5810010 	str	r0, [r1, #16]
    5374:	e59d0000 	ldr	r0, [sp]
    5378:	e59d1014 	ldr	r1, [sp, #20]
    537c:	e59fcfd8 	ldr	ip, [pc, #4056]	@ 0x635c
    5380:	e12fff3c 	blx	ip
    5384:	e28dd004 	add	sp, sp, #4
    5388:	e8bd03c0 	pop	{r6, r7, r8, r9}
    538c:	e28dd004 	add	sp, sp, #4
    5390:	e12fff10 	bx	r0
    5394:	e92d40c0 	push	{r6, r7, lr}
    5398:	e24dd004 	sub	sp, sp, #4
    539c:	e58d0000 	str	r0, [sp]
    53a0:	e30cc123 	movw	ip, #49443	@ 0xc123
    53a4:	e34cc456 	movt	ip, #50262	@ 0xc456
    53a8:	e5940000 	ldr	r0, [r4]
    53ac:	e5941004 	ldr	r1, [r4, #4]
    53b0:	e5942008 	ldr	r2, [r4, #8]
    53b4:	e190c001 	orrs	ip, r0, r1
    53b8:	0a000013 	beq	0x540c
    53bc:	e2423001 	sub	r3, r2, #1
    53c0:	e1a02003 	mov	r2, r3
    53c4:	e1a06000 	mov	r6, r0
    53c8:	e2066007 	and	r6, r6, #7
    53cc:	e3866030 	orr	r6, r6, #48	@ 0x30
    53d0:	e5957030 	ldr	r7, [r5, #48]	@ 0x30
    53d4:	e3e0c4fe 	mvn	ip, #-33554432	@ 0xfe000000
    53d8:	e3ccc8fe 	bic	ip, ip, #16646144	@ 0xfe0000
    53dc:	e153000c 	cmp	r3, ip
    53e0:	8a00000f 	bhi	0x5424
    53e4:	e7d673f0 			@ <UNDEFINED> instruction: 0xe7d673f0
    53e8:	e270c007 	rsbs	ip, r0, #7
    53ec:	e2f1c000 	rscs	ip, r1, #0
    53f0:	e3a03000 	mov	r3, #0
    53f4:	33a03001 	movcc	r3, #1
    53f8:	e1a001a0 	lsr	r0, r0, #3
    53fc:	e1800e81 	orr	r0, r0, r1, lsl #29
    5400:	e1a011a1 	lsr	r1, r1, #3
    5404:	e3530000 	cmp	r3, #0
    5408:	1affffeb 	bne	0x53bc
    540c:	e5842008 	str	r2, [r4, #8]
    5410:	e59f0f48 	ldr	r0, [pc, #3912]	@ 0x6360
    5414:	e30ccabc 	movw	ip, #51900	@ 0xcabc
    5418:	e34ccdef 	movt	ip, #52719	@ 0xcdef
    541c:	e28dd004 	add	sp, sp, #4
    5420:	e8bd80c0 	pop	{r6, r7, pc}
    5424:	e3a00008 	mov	r0, #8
    5428:	e59d1000 	ldr	r1, [sp]
    542c:	e5810010 	str	r0, [r1, #16]
    5430:	e59d0000 	ldr	r0, [sp]
    5434:	e59d100c 	ldr	r1, [sp, #12]
    5438:	e59fcf24 	ldr	ip, [pc, #3876]	@ 0x6364
    543c:	e12fff3c 	blx	ip
    5440:	e28dd004 	add	sp, sp, #4
    5444:	e8bd00c0 	pop	{r6, r7}
    5448:	e28dd004 	add	sp, sp, #4
    544c:	e12fff10 	bx	r0
    5450:	e92d47c0 	push	{r6, r7, r8, r9, sl, lr}
    5454:	e24dd018 	sub	sp, sp, #24
    5458:	e58d0000 	str	r0, [sp]
    545c:	e30cc123 	movw	ip, #49443	@ 0xc123
    5460:	e34cc456 	movt	ip, #50262	@ 0xc456
    5464:	e5946000 	ldr	r6, [r4]
    5468:	e5947004 	ldr	r7, [r4, #4]
    546c:	e5948008 	ldr	r8, [r4, #8]
    5470:	e3560000 	cmp	r6, #0
    5474:	e2d7c001 	sbcs	ip, r7, #1
    5478:	2a000002 	bcs	0x5488
    547c:	e1a02006 	mov	r2, r6
    5480:	e1a03007 	mov	r3, r7
    5484:	ea000028 	b	0x552c
    5488:	e2489001 	sub	r9, r8, #1
    548c:	e1a08009 	mov	r8, r9
    5490:	e58d6004 	str	r6, [sp, #4]
    5494:	e58d7008 	str	r7, [sp, #8]
    5498:	e3a0e00a 	mov	lr, #10
    549c:	e58de00c 	str	lr, [sp, #12]
    54a0:	e3a0e000 	mov	lr, #0
    54a4:	e58de010 	str	lr, [sp, #16]
    54a8:	e28d0004 	add	r0, sp, #4
    54ac:	e28d100c 	add	r1, sp, #12
    54b0:	e28d2004 	add	r2, sp, #4
    54b4:	e59fceac 	ldr	ip, [pc, #3756]	@ 0x6368
    54b8:	e12fff3c 	blx	ip
    54bc:	e59d0004 	ldr	r0, [sp, #4]
    54c0:	e59d1008 	ldr	r1, [sp, #8]
    54c4:	e1a02000 	mov	r2, r0
    54c8:	e1a03001 	mov	r3, r1
    54cc:	e1a0a001 	mov	sl, r1
    54d0:	e3a0100a 	mov	r1, #10
    54d4:	e00a019a 	mul	sl, sl, r1
    54d8:	e0810091 	umull	r0, r1, r1, r0
    54dc:	e08aa001 	add	sl, sl, r1
    54e0:	e1a0100a 	mov	r1, sl
    54e4:	e0560000 	subs	r0, r6, r0
    54e8:	e0c71001 	sbc	r1, r7, r1
    54ec:	e3800030 	orr	r0, r0, #48	@ 0x30
    54f0:	e5951030 	ldr	r1, [r5, #48]	@ 0x30
    54f4:	e3e0c4fe 	mvn	ip, #-33554432	@ 0xfe000000
    54f8:	e3ccc8fe 	bic	ip, ip, #16646144	@ 0xfe0000
    54fc:	e159000c 	cmp	r9, ip
    5500:	8a00002e 	bhi	0x55c0
    5504:	e7d019f0 			@ <UNDEFINED> instruction: 0xe7d019f0
    5508:	e3e0c000 	mvn	ip, #0
    550c:	e15c0006 	cmp	ip, r6
    5510:	e2f7c009 	rscs	ip, r7, #9
    5514:	e3a00000 	mov	r0, #0
    5518:	33a00001 	movcc	r0, #1
    551c:	e1a06002 	mov	r6, r2
    5520:	e1a07003 	mov	r7, r3
    5524:	e3500000 	cmp	r0, #0
    5528:	1affffd6 	bne	0x5488
    552c:	e192c003 	orrs	ip, r2, r3
    5530:	0a00001c 	beq	0x55a8
    5534:	e2483001 	sub	r3, r8, #1
    5538:	e1a08003 	mov	r8, r3
    553c:	e1a00002 	mov	r0, r2
    5540:	e3a0100a 	mov	r1, #10
    5544:	e52d3010 	str	r3, [sp, #-16]!
    5548:	e58d2004 	str	r2, [sp, #4]
    554c:	e58d1008 	str	r1, [sp, #8]
    5550:	e59fce14 	ldr	ip, [pc, #3604]	@ 0x636c
    5554:	e12fff3c 	blx	ip
    5558:	e59d1008 	ldr	r1, [sp, #8]
    555c:	e59d2004 	ldr	r2, [sp, #4]
    5560:	e49d3010 	ldr	r3, [sp], #16
    5564:	e1a01000 	mov	r1, r0
    5568:	e3a0c00a 	mov	ip, #10
    556c:	e0000c90 	mul	r0, r0, ip
    5570:	e0420000 	sub	r0, r2, r0
    5574:	e3800030 	orr	r0, r0, #48	@ 0x30
    5578:	e5956030 	ldr	r6, [r5, #48]	@ 0x30
    557c:	e3e0c4fe 	mvn	ip, #-33554432	@ 0xfe000000
    5580:	e3ccc8fe 	bic	ip, ip, #16646144	@ 0xfe0000
    5584:	e153000c 	cmp	r3, ip
    5588:	8a00000c 	bhi	0x55c0
    558c:	e7d063f0 			@ <UNDEFINED> instruction: 0xe7d063f0
    5590:	e3520009 	cmp	r2, #9
    5594:	e3a00000 	mov	r0, #0
    5598:	83a00001 	movhi	r0, #1
    559c:	e1a02001 	mov	r2, r1
    55a0:	e3500000 	cmp	r0, #0
    55a4:	1affffe2 	bne	0x5534
    55a8:	e5848008 	str	r8, [r4, #8]
    55ac:	e59f0dbc 	ldr	r0, [pc, #3516]	@ 0x6370
    55b0:	e30ccabc 	movw	ip, #51900	@ 0xcabc
    55b4:	e34ccdef 	movt	ip, #52719	@ 0xcdef
    55b8:	e28dd018 	add	sp, sp, #24
    55bc:	e8bd87c0 	pop	{r6, r7, r8, r9, sl, pc}
    55c0:	e3a00008 	mov	r0, #8
    55c4:	e59d1000 	ldr	r1, [sp]
    55c8:	e5810010 	str	r0, [r1, #16]
    55cc:	e59d0000 	ldr	r0, [sp]
    55d0:	e59d102c 	ldr	r1, [sp, #44]	@ 0x2c
    55d4:	e59fcd98 	ldr	ip, [pc, #3480]	@ 0x6374
    55d8:	e12fff3c 	blx	ip
    55dc:	e28dd018 	add	sp, sp, #24
    55e0:	e8bd07c0 	pop	{r6, r7, r8, r9, sl}
    55e4:	e28dd004 	add	sp, sp, #4
    55e8:	e12fff10 	bx	r0
    55ec:	e92d43c0 	push	{r6, r7, r8, r9, lr}
    55f0:	e24dd004 	sub	sp, sp, #4
    55f4:	e58d0000 	str	r0, [sp]
    55f8:	e30cc123 	movw	ip, #49443	@ 0xc123
    55fc:	e34cc456 	movt	ip, #50262	@ 0xc456
    5600:	e5946000 	ldr	r6, [r4]
    5604:	e5940004 	ldr	r0, [r4, #4]
    5608:	e5941008 	ldr	r1, [r4, #8]
    560c:	e594200c 	ldr	r2, [r4, #12]
    5610:	e5943010 	ldr	r3, [r4, #16]
    5614:	e595e03c 	ldr	lr, [r5, #60]	@ 0x3c
    5618:	e59e7008 	ldr	r7, [lr, #8]
    561c:	e2477f40 	sub	r7, r7, #64, 30	@ 0x100
    5620:	e1a08007 	mov	r8, r7
    5624:	e595903c 	ldr	r9, [r5, #60]	@ 0x3c
    5628:	e5897008 	str	r7, [r9, #8]
    562c:	e1510002 	cmp	r1, r2
    5630:	da000031 	ble	0x56fc
    5634:	e3130b48 	tst	r3, #72, 22	@ 0x12000
    5638:	1a00002f 	bne	0x56fc
    563c:	e0411002 	sub	r1, r1, r2
    5640:	e1a07001 	mov	r7, r1
    5644:	e3570f40 	cmp	r7, #64, 30	@ 0x100
    5648:	e3a02000 	mov	r2, #0
    564c:	33a02001 	movcc	r2, #1
    5650:	e1a09002 	mov	r9, r2
    5654:	e3520000 	cmp	r2, #0
    5658:	03a01f40 	moveq	r1, #64, 30	@ 0x100
    565c:	e5848014 	str	r8, [r4, #20]
    5660:	e5840004 	str	r0, [r4, #4]
    5664:	e5841030 	str	r1, [r4, #48]	@ 0x30
    5668:	e3a009ff 	mov	r0, #4177920	@ 0x3fc000
    566c:	e38000bc 	orr	r0, r0, #188	@ 0xbc
    5670:	e1a01004 	mov	r1, r4
    5674:	e59d2000 	ldr	r2, [sp]
    5678:	e59fccf8 	ldr	ip, [pc, #3320]	@ 0x6378
    567c:	e12fff3c 	blx	ip
    5680:	e3500000 	cmp	r0, #0
    5684:	1a000025 	bne	0x5720
    5688:	e3590000 	cmp	r9, #0
    568c:	1a00000f 	bne	0x56d0
    5690:	e5846000 	str	r6, [r4]
    5694:	e5848014 	str	r8, [r4, #20]
    5698:	e3a0ef40 	mov	lr, #64, 30	@ 0x100
    569c:	e584e018 	str	lr, [r4, #24]
    56a0:	e3a009ff 	mov	r0, #4177920	@ 0x3fc000
    56a4:	e38000dc 	orr	r0, r0, #220	@ 0xdc
    56a8:	e1a01004 	mov	r1, r4
    56ac:	e59d2000 	ldr	r2, [sp]
    56b0:	e59fccc4 	ldr	ip, [pc, #3268]	@ 0x637c
    56b4:	e12fff3c 	blx	ip
    56b8:	e3500000 	cmp	r0, #0
    56bc:	1a000017 	bne	0x5720
    56c0:	e2470f40 	sub	r0, r7, #64, 30	@ 0x100
    56c4:	e1a07000 	mov	r7, r0
    56c8:	e35000ff 	cmp	r0, #255	@ 0xff
    56cc:	8affffef 	bhi	0x5690
    56d0:	e5846000 	str	r6, [r4]
    56d4:	e5848014 	str	r8, [r4, #20]
    56d8:	e584700c 	str	r7, [r4, #12]
    56dc:	e3a009ff 	mov	r0, #4177920	@ 0x3fc000
    56e0:	e3800f47 	orr	r0, r0, #284	@ 0x11c
    56e4:	e1a01004 	mov	r1, r4
    56e8:	e59d2000 	ldr	r2, [sp]
    56ec:	e59fcc8c 	ldr	ip, [pc, #3212]	@ 0x6380
    56f0:	e12fff3c 	blx	ip
    56f4:	e3500000 	cmp	r0, #0
    56f8:	1a000008 	bne	0x5720
    56fc:	e2888f40 	add	r8, r8, #64, 30	@ 0x100
    5700:	e595003c 	ldr	r0, [r5, #60]	@ 0x3c
    5704:	e5808008 	str	r8, [r0, #8]
    5708:	e3a009ff 	mov	r0, #4177920	@ 0x3fc000
    570c:	e3800f54 	orr	r0, r0, #84, 30	@ 0x150
    5710:	e30ccabc 	movw	ip, #51900	@ 0xcabc
    5714:	e34ccdef 	movt	ip, #52719	@ 0xcdef
    5718:	e28dd004 	add	sp, sp, #4
    571c:	e8bd83c0 	pop	{r6, r7, r8, r9, pc}
    5720:	e59d0000 	ldr	r0, [sp]
    5724:	e59d1014 	ldr	r1, [sp, #20]
    5728:	e59fcc54 	ldr	ip, [pc, #3156]	@ 0x6384
    572c:	e12fff3c 	blx	ip
    5730:	e28dd004 	add	sp, sp, #4
    5734:	e8bd03c0 	pop	{r6, r7, r8, r9}
    5738:	e28dd004 	add	sp, sp, #4
    573c:	e12fff10 	bx	r0
    5740:	e52de004 	push	{lr}		@ (str lr, [sp, #-4]!)
    5744:	e24dd004 	sub	sp, sp, #4
    5748:	e58d0000 	str	r0, [sp]
    574c:	e30cc123 	movw	ip, #49443	@ 0xc123
    5750:	e34cc456 	movt	ip, #50262	@ 0xc456
    5754:	e5940000 	ldr	r0, [r4]
    5758:	e5941004 	ldr	r1, [r4, #4]
    575c:	e5942008 	ldr	r2, [r4, #8]
    5760:	e5840000 	str	r0, [r4]
    5764:	e5841004 	str	r1, [r4, #4]
    5768:	e5842008 	str	r2, [r4, #8]
    576c:	e3a0e005 	mov	lr, #5
    5770:	e584e00c 	str	lr, [r4, #12]
    5774:	e3a0e006 	mov	lr, #6
    5778:	e584e010 	str	lr, [r4, #16]
    577c:	e3a009ff 	mov	r0, #4177920	@ 0x3fc000
    5780:	e3800ee8 	orr	r0, r0, #232, 28	@ 0xe80
    5784:	e1a01004 	mov	r1, r4
    5788:	e59d2000 	ldr	r2, [sp]
    578c:	e59fcbf4 	ldr	ip, [pc, #3060]	@ 0x6388
    5790:	e12fff3c 	blx	ip
    5794:	e3500000 	cmp	r0, #0
    5798:	1a000007 	bne	0x57bc
    579c:	e5940014 	ldr	r0, [r4, #20]
    57a0:	e5840014 	str	r0, [r4, #20]
    57a4:	e3a009ff 	mov	r0, #4177920	@ 0x3fc000
    57a8:	e3800eea 	orr	r0, r0, #3744	@ 0xea0
    57ac:	e30ccabc 	movw	ip, #51900	@ 0xcabc
    57b0:	e34ccdef 	movt	ip, #52719	@ 0xcdef
    57b4:	e28dd004 	add	sp, sp, #4
    57b8:	e49df004 	pop	{pc}		@ (ldr pc, [sp], #4)
    57bc:	e59d0000 	ldr	r0, [sp]
    57c0:	e59d1004 	ldr	r1, [sp, #4]
    57c4:	e59fcbc0 	ldr	ip, [pc, #3008]	@ 0x638c
    57c8:	e12fff3c 	blx	ip
    57cc:	e28dd008 	add	sp, sp, #8
    57d0:	e12fff10 	bx	r0
    57d4:	e92d4fc0 	push	{r6, r7, r8, r9, sl, fp, lr}
    57d8:	e24dd004 	sub	sp, sp, #4
    57dc:	ed2d8b02 	vpush	{d8}
    57e0:	e24dd018 	sub	sp, sp, #24
    57e4:	e58d0000 	str	r0, [sp]
    57e8:	e30cc123 	movw	ip, #49443	@ 0xc123
    57ec:	e34cc456 	movt	ip, #50262	@ 0xc456
    57f0:	ed948b01 	vldr	d8, [r4, #4]
    57f4:	e3a0e000 	mov	lr, #0
    57f8:	e584e054 	str	lr, [r4, #84]	@ 0x54
    57fc:	e595e03c 	ldr	lr, [r5, #60]	@ 0x3c
    5800:	e59e0008 	ldr	r0, [lr, #8]
    5804:	e2400f8c 	sub	r0, r0, #140, 30	@ 0x230
    5808:	e584001c 	str	r0, [r4, #28]
    580c:	e595103c 	ldr	r1, [r5, #60]	@ 0x3c
    5810:	e5810008 	str	r0, [r1, #8]
    5814:	e3a0e000 	mov	lr, #0
    5818:	e584e020 	str	lr, [r4, #32]
    581c:	e594101c 	ldr	r1, [r4, #28]
    5820:	e5950030 	ldr	r0, [r5, #48]	@ 0x30
    5824:	e59feb64 	ldr	lr, [pc, #2916]	@ 0x6390
    5828:	e7f1e2fc 	udf	#7724	@ 0x1e2c
    582c:	2a0006de 	bcs	0x73ac
    5830:	e3a02000 	mov	r2, #0
    5834:	e7d201f4 			@ <UNDEFINED> instruction: 0xe7d201f4
    5838:	ed848b01 	vstr	d8, [r4, #4]
    583c:	e59f0b50 	ldr	r0, [pc, #2896]	@ 0x6394
    5840:	e1a01004 	mov	r1, r4
    5844:	e59d2000 	ldr	r2, [sp]
    5848:	e59fcb48 	ldr	ip, [pc, #2888]	@ 0x6398
    584c:	e12fff3c 	blx	ip
    5850:	e3500000 	cmp	r0, #0
    5854:	1a0006d7 	bne	0x73b8
    5858:	e59400a0 	ldr	r0, [r4, #160]	@ 0xa0
    585c:	e59410a4 	ldr	r1, [r4, #164]	@ 0xa4
    5860:	e1a02000 	mov	r2, r0
    5864:	e1a03001 	mov	r3, r1
    5868:	e3e0c000 	mvn	ip, #0
    586c:	e15c0000 	cmp	ip, r0
    5870:	e3e0c000 	mvn	ip, #0
    5874:	e0dcc001 	sbcs	ip, ip, r1
    5878:	ba000013 	blt	0x58cc
    587c:	e3a0e001 	mov	lr, #1
    5880:	e584e024 	str	lr, [r4, #36]	@ 0x24
    5884:	e3a0eb40 	mov	lr, #64, 22	@ 0x10000
    5888:	e38ee2a0 	orr	lr, lr, #160, 4
    588c:	e584e028 	str	lr, [r4, #40]	@ 0x28
    5890:	eeb10b48 	vneg.f64	d0, d8
    5894:	eeb08b40 	vmov.f64	d8, d0
    5898:	ed840b28 	vstr	d0, [r4, #160]	@ 0xa0
    589c:	e59f0af8 	ldr	r0, [pc, #2808]	@ 0x639c
    58a0:	e1a01004 	mov	r1, r4
    58a4:	e59d2000 	ldr	r2, [sp]
    58a8:	e59fcaf0 	ldr	ip, [pc, #2800]	@ 0x63a0
    58ac:	e12fff3c 	blx	ip
    58b0:	e3500000 	cmp	r0, #0
    58b4:	1a0006bf 	bne	0x73b8
    58b8:	e59400a0 	ldr	r0, [r4, #160]	@ 0xa0
    58bc:	e59410a4 	ldr	r1, [r4, #164]	@ 0xa4
    58c0:	e1a02000 	mov	r2, r0
    58c4:	e1a03001 	mov	r3, r1
    58c8:	ea000017 	b	0x592c
    58cc:	e594c014 	ldr	ip, [r4, #20]
    58d0:	e31c0e80 	tst	ip, #128, 28	@ 0x800
    58d4:	0a000005 	beq	0x58f0
    58d8:	e3a0e001 	mov	lr, #1
    58dc:	e584e024 	str	lr, [r4, #36]	@ 0x24
    58e0:	e3a0eb40 	mov	lr, #64, 22	@ 0x10000
    58e4:	e38ee2d0 	orr	lr, lr, #208, 4
    58e8:	e584e028 	str	lr, [r4, #40]	@ 0x28
    58ec:	ea00000e 	b	0x592c
    58f0:	e594c014 	ldr	ip, [r4, #20]
    58f4:	e20c0001 	and	r0, ip, #1
    58f8:	e5840024 	str	r0, [r4, #36]	@ 0x24
    58fc:	e3500000 	cmp	r0, #0
    5900:	e3a0eb40 	mov	lr, #64, 22	@ 0x10000
    5904:	e38ee140 	orr	lr, lr, #64, 2
    5908:	e3a0cb40 	mov	ip, #64, 22	@ 0x10000
    590c:	e38cc2b0 	orr	ip, ip, #176, 4
    5910:	01a0e00c 	moveq	lr, ip
    5914:	e584e028 	str	lr, [r4, #40]	@ 0x28
    5918:	e594c024 	ldr	ip, [r4, #36]	@ 0x24
    591c:	e35c0000 	cmp	ip, #0
    5920:	e3a0c000 	mov	ip, #0
    5924:	03a0c001 	moveq	ip, #1
    5928:	e584c020 	str	ip, [r4, #32]
    592c:	e2022000 	and	r2, r2, #0
    5930:	e3a0c207 	mov	ip, #1879048192	@ 0x70000000
    5934:	e38cc6ff 	orr	ip, ip, #267386880	@ 0xff00000
    5938:	e003300c 	and	r3, r3, ip
    593c:	e3a0c207 	mov	ip, #1879048192	@ 0x70000000
    5940:	e38cc6ff 	orr	ip, ip, #267386880	@ 0xff00000
    5944:	e153000c 	cmp	r3, ip
    5948:	1a000000 	bne	0x5950
    594c:	e3520000 	cmp	r2, #0
    5950:	1a000045 	bne	0x5a6c
    5954:	e594c024 	ldr	ip, [r4, #36]	@ 0x24
    5958:	e28c0003 	add	r0, ip, #3
    595c:	e1a08000 	mov	r8, r0
    5960:	e594c014 	ldr	ip, [r4, #20]
    5964:	e3cc1b40 	bic	r1, ip, #64, 22	@ 0x10000
    5968:	e3a0e020 	mov	lr, #32
    596c:	e584e0a4 	str	lr, [r4, #164]	@ 0xa4
    5970:	e58400ac 	str	r0, [r4, #172]	@ 0xac
    5974:	e58410b0 	str	r1, [r4, #176]	@ 0xb0
    5978:	e59f0a24 	ldr	r0, [pc, #2596]	@ 0x63a4
    597c:	e1a01004 	mov	r1, r4
    5980:	e59d2000 	ldr	r2, [sp]
    5984:	e59fca1c 	ldr	ip, [pc, #2588]	@ 0x63a8
    5988:	e12fff3c 	blx	ip
    598c:	e3500000 	cmp	r0, #0
    5990:	1a000688 	bne	0x73b8
    5994:	e59f0a10 	ldr	r0, [pc, #2576]	@ 0x63ac
    5998:	e1a01004 	mov	r1, r4
    599c:	e59d2000 	ldr	r2, [sp]
    59a0:	e59fca08 	ldr	ip, [pc, #2568]	@ 0x63b0
    59a4:	e12fff3c 	blx	ip
    59a8:	e3500000 	cmp	r0, #0
    59ac:	1a000681 	bne	0x73b8
    59b0:	e594c018 	ldr	ip, [r4, #24]
    59b4:	e20c0020 	and	r0, ip, #32
    59b8:	e1a01000 	mov	r1, r0
    59bc:	e3500000 	cmp	r0, #0
    59c0:	e3a02b40 	mov	r2, #64, 22	@ 0x10000
    59c4:	e3822174 	orr	r2, r2, #116, 2
    59c8:	e3a0cb40 	mov	ip, #64, 22	@ 0x10000
    59cc:	e38cc194 	orr	ip, ip, #148, 2	@ 0x25
    59d0:	01a0200c 	moveq	r2, ip
    59d4:	e3510000 	cmp	r1, #0
    59d8:	e3a00b40 	mov	r0, #64, 22	@ 0x10000
    59dc:	e3800184 	orr	r0, r0, #132, 2	@ 0x21
    59e0:	e3a0cb40 	mov	ip, #64, 22	@ 0x10000
    59e4:	e38cc1a4 	orr	ip, ip, #164, 2	@ 0x29
    59e8:	01a0000c 	moveq	r0, ip
    59ec:	eeb48b48 	vcmp.f64	d8, d8
    59f0:	eef1fa10 	vmrs	APSR_nzcv, fpscr
    59f4:	01a02000 	moveq	r2, r0
    59f8:	e58420a4 	str	r2, [r4, #164]	@ 0xa4
    59fc:	e3a0e003 	mov	lr, #3
    5a00:	e584e0a8 	str	lr, [r4, #168]	@ 0xa8
    5a04:	e59f09a8 	ldr	r0, [pc, #2472]	@ 0x63b4
    5a08:	e1a01004 	mov	r1, r4
    5a0c:	e59d2000 	ldr	r2, [sp]
    5a10:	e59fc9a0 	ldr	ip, [pc, #2464]	@ 0x63b8
    5a14:	e12fff3c 	blx	ip
    5a18:	e3500000 	cmp	r0, #0
    5a1c:	1a000665 	bne	0x73b8
    5a20:	e594c014 	ldr	ip, [r4, #20]
    5a24:	e22c0d80 	eor	r0, ip, #128, 26	@ 0x2000
    5a28:	e3a0e020 	mov	lr, #32
    5a2c:	e584e0a4 	str	lr, [r4, #164]	@ 0xa4
    5a30:	e584802c 	str	r8, [r4, #44]	@ 0x2c
    5a34:	e58400b0 	str	r0, [r4, #176]	@ 0xb0
    5a38:	e59f097c 	ldr	r0, [pc, #2428]	@ 0x63bc
    5a3c:	e1a01004 	mov	r1, r4
    5a40:	e59d2000 	ldr	r2, [sp]
    5a44:	e59fc974 	ldr	ip, [pc, #2420]	@ 0x63c0
    5a48:	e12fff3c 	blx	ip
    5a4c:	e3500000 	cmp	r0, #0
    5a50:	1a000658 	bne	0x73b8
    5a54:	e594c00c 	ldr	ip, [r4, #12]
    5a58:	e15c0008 	cmp	ip, r8
    5a5c:	e594e00c 	ldr	lr, [r4, #12]
    5a60:	d1a0e008 	movle	lr, r8
    5a64:	e584e034 	str	lr, [r4, #52]	@ 0x34
    5a68:	ea000642 	b	0x7378
    5a6c:	e594c01c 	ldr	ip, [r4, #28]
    5a70:	e28ce010 	add	lr, ip, #16
    5a74:	e584e038 	str	lr, [r4, #56]	@ 0x38
    5a78:	e594c01c 	ldr	ip, [r4, #28]
    5a7c:	e28c002c 	add	r0, ip, #44	@ 0x2c
    5a80:	ed848b01 	vstr	d8, [r4, #4]
    5a84:	e58400a8 	str	r0, [r4, #168]	@ 0xa8
    5a88:	e59f0934 	ldr	r0, [pc, #2356]	@ 0x63c4
    5a8c:	e1a01004 	mov	r1, r4
    5a90:	e59d2000 	ldr	r2, [sp]
    5a94:	e59fc92c 	ldr	ip, [pc, #2348]	@ 0x63c8
    5a98:	e12fff3c 	blx	ip
    5a9c:	e3500000 	cmp	r0, #0
    5aa0:	1a000644 	bne	0x73b8
    5aa4:	ed940b28 	vldr	d0, [r4, #160]	@ 0xa0
    5aa8:	eeb01b40 	vmov.f64	d1, d0
    5aac:	ee300b01 	vadd.f64	d0, d0, d1
    5ab0:	eeb08b40 	vmov.f64	d8, d0
    5ab4:	e3a0c000 	mov	ip, #0
    5ab8:	ec4cca11 	vmov	s2, s3, ip, ip
    5abc:	eeb40b41 	vcmp.f64	d0, d1
    5ac0:	eef1fa10 	vmrs	APSR_nzcv, fpscr
    5ac4:	0a000013 	beq	0x5b18
    5ac8:	e594201c 	ldr	r2, [r4, #28]
    5acc:	e5951030 	ldr	r1, [r5, #48]	@ 0x30
    5ad0:	e59fe8b8 	ldr	lr, [pc, #2232]	@ 0x6390
    5ad4:	e7f2e2fc 	udf	#11820	@ 0x2e2c
    5ad8:	2a000633 	bcs	0x73ac
    5adc:	e7e012f4 			@ <UNDEFINED> instruction: 0xe7e012f4
    5ae0:	e1a01000 	mov	r1, r0
    5ae4:	e2400001 	sub	r0, r0, #1
    5ae8:	e594301c 	ldr	r3, [r4, #28]
    5aec:	e5952030 	ldr	r2, [r5, #48]	@ 0x30
    5af0:	e59fe898 	ldr	lr, [pc, #2200]	@ 0x6390
    5af4:	e7f3e2fc 	udf	#15916	@ 0x3e2c
    5af8:	2a00062b 	bcs	0x73ac
    5afc:	e7d023f4 			@ <UNDEFINED> instruction: 0xe7d023f4
    5b00:	e594c018 	ldr	ip, [r4, #24]
    5b04:	e38c0020 	orr	r0, ip, #32
    5b08:	e584003c 	str	r0, [r4, #60]	@ 0x3c
    5b0c:	e3500061 	cmp	r0, #97	@ 0x61
    5b10:	1a000013 	bne	0x5b64
    5b14:	ea0004f7 	b	0x6ef8
    5b18:	e594c018 	ldr	ip, [r4, #24]
    5b1c:	e38c0020 	orr	r0, ip, #32
    5b20:	e584003c 	str	r0, [r4, #60]	@ 0x3c
    5b24:	e3500061 	cmp	r0, #97	@ 0x61
    5b28:	0a0004f2 	beq	0x6ef8
    5b2c:	e594c010 	ldr	ip, [r4, #16]
    5b30:	e35c0000 	cmp	ip, #0
    5b34:	e3a0e006 	mov	lr, #6
    5b38:	e594c010 	ldr	ip, [r4, #16]
    5b3c:	a1a0e00c 	movge	lr, ip
    5b40:	e584e040 	str	lr, [r4, #64]	@ 0x40
    5b44:	e594201c 	ldr	r2, [r4, #28]
    5b48:	e5950030 	ldr	r0, [r5, #48]	@ 0x30
    5b4c:	e59fe83c 	ldr	lr, [pc, #2108]	@ 0x6390
    5b50:	e7f2e2fc 	udf	#11820	@ 0x2e2c
    5b54:	2a000614 	bcs	0x73ac
    5b58:	e7ee02f4 			@ <UNDEFINED> instruction: 0xe7ee02f4
    5b5c:	e584e044 	str	lr, [r4, #68]	@ 0x44
    5b60:	ea000012 	b	0x5bb0
    5b64:	e241101d 	sub	r1, r1, #29
    5b68:	e5841044 	str	r1, [r4, #68]	@ 0x44
    5b6c:	e594201c 	ldr	r2, [r4, #28]
    5b70:	e5950030 	ldr	r0, [r5, #48]	@ 0x30
    5b74:	e59fe814 	ldr	lr, [pc, #2068]	@ 0x6390
    5b78:	e7f2e2fc 	udf	#11820	@ 0x2e2c
    5b7c:	2a00060a 	bcs	0x73ac
    5b80:	e7d102f4 			@ <UNDEFINED> instruction: 0xe7d102f4
    5b84:	e594c010 	ldr	ip, [r4, #16]
    5b88:	e35c0000 	cmp	ip, #0
    5b8c:	e3a0e006 	mov	lr, #6
    5b90:	e594c010 	ldr	ip, [r4, #16]
    5b94:	a1a0e00c 	movge	lr, ip
    5b98:	e584e040 	str	lr, [r4, #64]	@ 0x40
    5b9c:	e3a0c000 	mov	ip, #0
    5ba0:	e3a0e204 	mov	lr, #4, 4	@ 0x40000000
    5ba4:	e38ee61b 	orr	lr, lr, #28311552	@ 0x1b00000
    5ba8:	ec4eca10 	vmov	s0, s1, ip, lr
    5bac:	ee288b00 	vmul.f64	d8, d8, d0
    5bb0:	e594c01c 	ldr	ip, [r4, #28]
    5bb4:	e28c0030 	add	r0, ip, #48	@ 0x30
    5bb8:	e594c044 	ldr	ip, [r4, #68]	@ 0x44
    5bbc:	e35c0000 	cmp	ip, #0
    5bc0:	e3a01000 	mov	r1, #0
    5bc4:	a3a01f48 	movge	r1, #72, 30	@ 0x120
    5bc8:	e0800001 	add	r0, r0, r1
    5bcc:	e5840048 	str	r0, [r4, #72]	@ 0x48
    5bd0:	e5840030 	str	r0, [r4, #48]	@ 0x30
    5bd4:	eeb00b48 	vmov.f64	d0, d8
    5bd8:	ec510a10 	vmov	r0, r1, s0, s1
    5bdc:	e59fc7e8 	ldr	ip, [pc, #2024]	@ 0x63cc
    5be0:	e12fff3c 	blx	ip
    5be4:	e1a01000 	mov	r1, r0
    5be8:	e5943030 	ldr	r3, [r4, #48]	@ 0x30
    5bec:	e5952030 	ldr	r2, [r5, #48]	@ 0x30
    5bf0:	e59fc798 	ldr	ip, [pc, #1944]	@ 0x6390
    5bf4:	e153000c 	cmp	r3, ip
    5bf8:	8a0005eb 	bhi	0x73ac
    5bfc:	e7d023f4 			@ <UNDEFINED> instruction: 0xe7d023f4
    5c00:	e594c030 	ldr	ip, [r4, #48]	@ 0x30
    5c04:	e28ce004 	add	lr, ip, #4
    5c08:	e584e030 	str	lr, [r4, #48]	@ 0x30
    5c0c:	ee071a10 	vmov	s14, r1
    5c10:	eeb80b47 	vcvt.f64.u32	d0, s14
    5c14:	ee380b40 	vsub.f64	d0, d8, d0
    5c18:	e3a0c000 	mov	ip, #0
    5c1c:	e59fe7ac 	ldr	lr, [pc, #1964]	@ 0x63d0
    5c20:	ec4eca11 	vmov	s2, s3, ip, lr
    5c24:	ee200b01 	vmul.f64	d0, d0, d1
    5c28:	eeb08b40 	vmov.f64	d8, d0
    5c2c:	e3a0c000 	mov	ip, #0
    5c30:	ec4cca11 	vmov	s2, s3, ip, ip
    5c34:	eeb40b41 	vcmp.f64	d0, d1
    5c38:	eef1fa10 	vmrs	APSR_nzcv, fpscr
    5c3c:	1affffe4 	bne	0x5bd4
    5c40:	e594c044 	ldr	ip, [r4, #68]	@ 0x44
    5c44:	e35c0001 	cmp	ip, #1
    5c48:	aa000006 	bge	0x5c68
    5c4c:	e594e044 	ldr	lr, [r4, #68]	@ 0x44
    5c50:	e584e04c 	str	lr, [r4, #76]	@ 0x4c
    5c54:	e594e030 	ldr	lr, [r4, #48]	@ 0x30
    5c58:	e584e02c 	str	lr, [r4, #44]	@ 0x2c
    5c5c:	e594e048 	ldr	lr, [r4, #72]	@ 0x48
    5c60:	e584e050 	str	lr, [r4, #80]	@ 0x50
    5c64:	ea00007e 	b	0x5e64
    5c68:	e594e048 	ldr	lr, [r4, #72]	@ 0x48
    5c6c:	e584e050 	str	lr, [r4, #80]	@ 0x50
    5c70:	e594e044 	ldr	lr, [r4, #68]	@ 0x44
    5c74:	e584e04c 	str	lr, [r4, #76]	@ 0x4c
    5c78:	e594c04c 	ldr	ip, [r4, #76]	@ 0x4c
    5c7c:	e35c001d 	cmp	ip, #29
    5c80:	e3a0e01d 	mov	lr, #29
    5c84:	e594c04c 	ldr	ip, [r4, #76]	@ 0x4c
    5c88:	31a0e00c 	movcc	lr, ip
    5c8c:	e584e04c 	str	lr, [r4, #76]	@ 0x4c
    5c90:	e594c030 	ldr	ip, [r4, #48]	@ 0x30
    5c94:	e24c0004 	sub	r0, ip, #4
    5c98:	e1a09000 	mov	r9, r0
    5c9c:	e594c050 	ldr	ip, [r4, #80]	@ 0x50
    5ca0:	e150000c 	cmp	r0, ip
    5ca4:	3a000049 	bcc	0x5dd0
    5ca8:	e594704c 	ldr	r7, [r4, #76]	@ 0x4c
    5cac:	e3a08000 	mov	r8, #0
    5cb0:	e3a06000 	mov	r6, #0
    5cb4:	e3a03000 	mov	r3, #0
    5cb8:	e1a0a009 	mov	sl, r9
    5cbc:	e5952030 	ldr	r2, [r5, #48]	@ 0x30
    5cc0:	e59fc6c8 	ldr	ip, [pc, #1736]	@ 0x6390
    5cc4:	e15a000c 	cmp	sl, ip
    5cc8:	8a0005b7 	bhi	0x73ac
    5ccc:	e792000a 	ldr	r0, [r2, sl]
    5cd0:	e3a01000 	mov	r1, #0
    5cd4:	e1a02007 	mov	r2, r7
    5cd8:	e3120020 	tst	r2, #32
    5cdc:	1a000006 	bne	0x5cfc
    5ce0:	e202201f 	and	r2, r2, #31
    5ce4:	e1a01211 	lsl	r1, r1, r2
    5ce8:	e1a0c0a0 	lsr	ip, r0, #1
    5cec:	e222e01f 	eor	lr, r2, #31
    5cf0:	e1811e3c 	orr	r1, r1, ip, lsr lr
    5cf4:	e1a00210 	lsl	r0, r0, r2
    5cf8:	ea000002 	b	0x5d08
    5cfc:	e202e01f 	and	lr, r2, #31
    5d00:	e1a01e10 	lsl	r1, r0, lr
    5d04:	e3a00000 	mov	r0, #0
    5d08:	e090a006 	adds	sl, r0, r6
    5d0c:	e0a1b003 	adc	fp, r1, r3
    5d10:	e584a074 	str	sl, [r4, #116]	@ 0x74
    5d14:	e584b078 	str	fp, [r4, #120]	@ 0x78
    5d18:	e59fe6b4 	ldr	lr, [pc, #1716]	@ 0x63d4
    5d1c:	e58de00c 	str	lr, [sp, #12]
    5d20:	e3a0e000 	mov	lr, #0
    5d24:	e58de010 	str	lr, [sp, #16]
    5d28:	e2840074 	add	r0, r4, #116	@ 0x74
    5d2c:	e28d100c 	add	r1, sp, #12
    5d30:	e28d2004 	add	r2, sp, #4
    5d34:	e59fc69c 	ldr	ip, [pc, #1692]	@ 0x63d8
    5d38:	e12fff3c 	blx	ip
    5d3c:	e59d0004 	ldr	r0, [sp, #4]
    5d40:	e59d1008 	ldr	r1, [sp, #8]
    5d44:	e1a06000 	mov	r6, r0
    5d48:	e1a03001 	mov	r3, r1
    5d4c:	e1a02001 	mov	r2, r1
    5d50:	e59f167c 	ldr	r1, [pc, #1660]	@ 0x63d4
    5d54:	e0020192 	mul	r2, r2, r1
    5d58:	e0810091 	umull	r0, r1, r1, r0
    5d5c:	e0822001 	add	r2, r2, r1
    5d60:	e1a01002 	mov	r1, r2
    5d64:	e05aa000 	subs	sl, sl, r0
    5d68:	e0cbb001 	sbc	fp, fp, r1
    5d6c:	e1a01009 	mov	r1, r9
    5d70:	e5950030 	ldr	r0, [r5, #48]	@ 0x30
    5d74:	e59fc614 	ldr	ip, [pc, #1556]	@ 0x6390
    5d78:	e151000c 	cmp	r1, ip
    5d7c:	8a00058a 	bhi	0x73ac
    5d80:	e780a001 	str	sl, [r0, r1]
    5d84:	e2490004 	sub	r0, r9, #4
    5d88:	e1a09000 	mov	r9, r0
    5d8c:	e594c050 	ldr	ip, [r4, #80]	@ 0x50
    5d90:	e150000c 	cmp	r0, ip
    5d94:	2affffc7 	bcs	0x5cb8
    5d98:	e594c074 	ldr	ip, [r4, #116]	@ 0x74
    5d9c:	e59fe630 	ldr	lr, [pc, #1584]	@ 0x63d4
    5da0:	e15c000e 	cmp	ip, lr
    5da4:	e594c078 	ldr	ip, [r4, #120]	@ 0x78
    5da8:	e2dcc000 	sbcs	ip, ip, #0
    5dac:	3a000007 	bcc	0x5dd0
    5db0:	e594c050 	ldr	ip, [r4, #80]	@ 0x50
    5db4:	e24c0004 	sub	r0, ip, #4
    5db8:	e5840050 	str	r0, [r4, #80]	@ 0x50
    5dbc:	e5951030 	ldr	r1, [r5, #48]	@ 0x30
    5dc0:	e59fc5c8 	ldr	ip, [pc, #1480]	@ 0x6390
    5dc4:	e150000c 	cmp	r0, ip
    5dc8:	8a000577 	bhi	0x73ac
    5dcc:	e7816000 	str	r6, [r1, r0]
    5dd0:	e594e030 	ldr	lr, [r4, #48]	@ 0x30
    5dd4:	e584e02c 	str	lr, [r4, #44]	@ 0x2c
    5dd8:	e594e050 	ldr	lr, [r4, #80]	@ 0x50
    5ddc:	e594c030 	ldr	ip, [r4, #48]	@ 0x30
    5de0:	e15c000e 	cmp	ip, lr
    5de4:	9a00000a 	bls	0x5e14
    5de8:	e594c02c 	ldr	ip, [r4, #44]	@ 0x2c
    5dec:	e24c0004 	sub	r0, ip, #4
    5df0:	e5840030 	str	r0, [r4, #48]	@ 0x30
    5df4:	e1a02000 	mov	r2, r0
    5df8:	e5951030 	ldr	r1, [r5, #48]	@ 0x30
    5dfc:	e59fc58c 	ldr	ip, [pc, #1420]	@ 0x6390
    5e00:	e152000c 	cmp	r2, ip
    5e04:	8a000568 	bhi	0x73ac
    5e08:	e7e012f4 			@ <UNDEFINED> instruction: 0xe7e012f4
    5e0c:	e3500000 	cmp	r0, #0
    5e10:	0affffee 	beq	0x5dd0
    5e14:	e594201c 	ldr	r2, [r4, #28]
    5e18:	e5951030 	ldr	r1, [r5, #48]	@ 0x30
    5e1c:	e59fe56c 	ldr	lr, [pc, #1388]	@ 0x6390
    5e20:	e7f2e2fc 	udf	#11820	@ 0x2e2c
    5e24:	2a000560 	bcs	0x73ac
    5e28:	e7e012f4 			@ <UNDEFINED> instruction: 0xe7e012f4
    5e2c:	e594c04c 	ldr	ip, [r4, #76]	@ 0x4c
    5e30:	e040000c 	sub	r0, r0, ip
    5e34:	e584004c 	str	r0, [r4, #76]	@ 0x4c
    5e38:	e594201c 	ldr	r2, [r4, #28]
    5e3c:	e5951030 	ldr	r1, [r5, #48]	@ 0x30
    5e40:	e59fe548 	ldr	lr, [pc, #1352]	@ 0x6390
    5e44:	e7f2e2fc 	udf	#11820	@ 0x2e2c
    5e48:	2a000557 	bcs	0x73ac
    5e4c:	e7d012f4 			@ <UNDEFINED> instruction: 0xe7d012f4
    5e50:	e594e02c 	ldr	lr, [r4, #44]	@ 0x2c
    5e54:	e584e030 	str	lr, [r4, #48]	@ 0x30
    5e58:	e594c04c 	ldr	ip, [r4, #76]	@ 0x4c
    5e5c:	e35c0000 	cmp	ip, #0
    5e60:	caffff84 	bgt	0x5c78
    5e64:	e594c04c 	ldr	ip, [r4, #76]	@ 0x4c
    5e68:	e37c0001 	cmn	ip, #1
    5e6c:	ca00007c 	bgt	0x6064
    5e70:	e594c040 	ldr	ip, [r4, #64]	@ 0x40
    5e74:	e28c0019 	add	r0, ip, #25
    5e78:	e3a01009 	mov	r1, #9
    5e7c:	e52d3010 	str	r3, [sp, #-16]!
    5e80:	e58d2004 	str	r2, [sp, #4]
    5e84:	e58d1008 	str	r1, [sp, #8]
    5e88:	e59fc54c 	ldr	ip, [pc, #1356]	@ 0x63dc
    5e8c:	e12fff3c 	blx	ip
    5e90:	e59d1008 	ldr	r1, [sp, #8]
    5e94:	e59d2004 	ldr	r2, [sp, #4]
    5e98:	e49d3010 	ldr	r3, [sp], #16
    5e9c:	e280e001 	add	lr, r0, #1
    5ea0:	e584e054 	str	lr, [r4, #84]	@ 0x54
    5ea4:	e594c03c 	ldr	ip, [r4, #60]	@ 0x3c
    5ea8:	e35c0066 	cmp	ip, #102	@ 0x66
    5eac:	e3a0c000 	mov	ip, #0
    5eb0:	03a0c001 	moveq	ip, #1
    5eb4:	e584c058 	str	ip, [r4, #88]	@ 0x58
    5eb8:	e594c04c 	ldr	ip, [r4, #76]	@ 0x4c
    5ebc:	e26c1000 	rsb	r1, ip, #0
    5ec0:	e1a02001 	mov	r2, r1
    5ec4:	e3520009 	cmp	r2, #9
    5ec8:	23a01009 	movcs	r1, #9
    5ecc:	e594e02c 	ldr	lr, [r4, #44]	@ 0x2c
    5ed0:	e594c050 	ldr	ip, [r4, #80]	@ 0x50
    5ed4:	e15c000e 	cmp	ip, lr
    5ed8:	3a000009 	bcc	0x5f04
    5edc:	e5946050 	ldr	r6, [r4, #80]	@ 0x50
    5ee0:	e5953030 	ldr	r3, [r5, #48]	@ 0x30
    5ee4:	e59fc4a4 	ldr	ip, [pc, #1188]	@ 0x6390
    5ee8:	e156000c 	cmp	r6, ip
    5eec:	8a00052e 	bhi	0x73ac
    5ef0:	e7e236f4 			@ <UNDEFINED> instruction: 0xe7e236f4
    5ef4:	e3520000 	cmp	r2, #0
    5ef8:	e3a03000 	mov	r3, #0
    5efc:	03a03004 	moveq	r3, #4
    5f00:	ea000033 	b	0x5fd4
    5f04:	e59fc4c8 	ldr	ip, [pc, #1224]	@ 0x63d4
    5f08:	e201e01f 	and	lr, r1, #31
    5f0c:	e1a02e3c 	lsr	r2, ip, lr
    5f10:	e3e0c000 	mvn	ip, #0
    5f14:	e201e01f 	and	lr, r1, #31
    5f18:	e1a06e1c 	lsl	r6, ip, lr
    5f1c:	e1e06006 	mvn	r6, r6
    5f20:	e3a07000 	mov	r7, #0
    5f24:	e5948050 	ldr	r8, [r4, #80]	@ 0x50
    5f28:	e1a0b008 	mov	fp, r8
    5f2c:	e595a030 	ldr	sl, [r5, #48]	@ 0x30
    5f30:	e59fc458 	ldr	ip, [pc, #1112]	@ 0x6390
    5f34:	e15b000c 	cmp	fp, ip
    5f38:	8a00051b 	bhi	0x73ac
    5f3c:	e7e9abf4 			@ <UNDEFINED> instruction: 0xe7e9abf4
    5f40:	e1a0a009 	mov	sl, r9
    5f44:	e201e01f 	and	lr, r1, #31
    5f48:	e1a09e39 	lsr	r9, r9, lr
    5f4c:	e0899007 	add	r9, r9, r7
    5f50:	e1a00008 	mov	r0, r8
    5f54:	e595b030 	ldr	fp, [r5, #48]	@ 0x30
    5f58:	e59fc430 	ldr	ip, [pc, #1072]	@ 0x6390
    5f5c:	e150000c 	cmp	r0, ip
    5f60:	8a000511 	bhi	0x73ac
    5f64:	e7d9b0f4 			@ <UNDEFINED> instruction: 0xe7d9b0f4
    5f68:	e00aa006 	and	sl, sl, r6
    5f6c:	e007029a 	mul	r7, sl, r2
    5f70:	e2880004 	add	r0, r8, #4
    5f74:	e1a08000 	mov	r8, r0
    5f78:	e594c02c 	ldr	ip, [r4, #44]	@ 0x2c
    5f7c:	e150000c 	cmp	r0, ip
    5f80:	3affffe8 	bcc	0x5f28
    5f84:	e5946050 	ldr	r6, [r4, #80]	@ 0x50
    5f88:	e5952030 	ldr	r2, [r5, #48]	@ 0x30
    5f8c:	e59fc3fc 	ldr	ip, [pc, #1020]	@ 0x6390
    5f90:	e156000c 	cmp	r6, ip
    5f94:	8a000504 	bhi	0x73ac
    5f98:	e7e026f4 			@ <UNDEFINED> instruction: 0xe7e026f4
    5f9c:	e3500000 	cmp	r0, #0
    5fa0:	e3a03000 	mov	r3, #0
    5fa4:	03a03004 	moveq	r3, #4
    5fa8:	e3570000 	cmp	r7, #0
    5fac:	0a000008 	beq	0x5fd4
    5fb0:	e594202c 	ldr	r2, [r4, #44]	@ 0x2c
    5fb4:	e5950030 	ldr	r0, [r5, #48]	@ 0x30
    5fb8:	e59fc3d0 	ldr	ip, [pc, #976]	@ 0x6390
    5fbc:	e152000c 	cmp	r2, ip
    5fc0:	8a0004f9 	bhi	0x73ac
    5fc4:	e7d702f4 			@ <UNDEFINED> instruction: 0xe7d702f4
    5fc8:	e594c02c 	ldr	ip, [r4, #44]	@ 0x2c
    5fcc:	e28ce004 	add	lr, ip, #4
    5fd0:	e584e02c 	str	lr, [r4, #44]	@ 0x2c
    5fd4:	e594601c 	ldr	r6, [r4, #28]
    5fd8:	e5952030 	ldr	r2, [r5, #48]	@ 0x30
    5fdc:	e59fe3ac 	ldr	lr, [pc, #940]	@ 0x6390
    5fe0:	e7f6e2fc 	udf	#28204	@ 0x6e2c
    5fe4:	2a0004f0 	bcs	0x73ac
    5fe8:	e7e026f4 			@ <UNDEFINED> instruction: 0xe7e026f4
    5fec:	e0800001 	add	r0, r0, r1
    5ff0:	e584004c 	str	r0, [r4, #76]	@ 0x4c
    5ff4:	e594201c 	ldr	r2, [r4, #28]
    5ff8:	e5951030 	ldr	r1, [r5, #48]	@ 0x30
    5ffc:	e59fe38c 	ldr	lr, [pc, #908]	@ 0x6390
    6000:	e7f2e2fc 	udf	#11820	@ 0x2e2c
    6004:	2a0004e8 	bcs	0x73ac
    6008:	e7d012f4 			@ <UNDEFINED> instruction: 0xe7d012f4
    600c:	e594c050 	ldr	ip, [r4, #80]	@ 0x50
    6010:	e08c3003 	add	r3, ip, r3
    6014:	e5843050 	str	r3, [r4, #80]	@ 0x50
    6018:	e594c058 	ldr	ip, [r4, #88]	@ 0x58
    601c:	e35c0000 	cmp	ip, #0
    6020:	e594c048 	ldr	ip, [r4, #72]	@ 0x48
    6024:	11a0300c 	movne	r3, ip
    6028:	e1a00003 	mov	r0, r3
    602c:	e594c054 	ldr	ip, [r4, #84]	@ 0x54
    6030:	e1a0110c 	lsl	r1, ip, #2
    6034:	e0833001 	add	r3, r3, r1
    6038:	e594c02c 	ldr	ip, [r4, #44]	@ 0x2c
    603c:	e04c0000 	sub	r0, ip, r0
    6040:	e1a00140 	asr	r0, r0, #2
    6044:	e594c054 	ldr	ip, [r4, #84]	@ 0x54
    6048:	e150000c 	cmp	r0, ip
    604c:	e594e02c 	ldr	lr, [r4, #44]	@ 0x2c
    6050:	c1a0e003 	movgt	lr, r3
    6054:	e584e02c 	str	lr, [r4, #44]	@ 0x2c
    6058:	e594c04c 	ldr	ip, [r4, #76]	@ 0x4c
    605c:	e35c0000 	cmp	ip, #0
    6060:	baffff94 	blt	0x5eb8
    6064:	e3a06000 	mov	r6, #0
    6068:	e594e02c 	ldr	lr, [r4, #44]	@ 0x2c
    606c:	e594c050 	ldr	ip, [r4, #80]	@ 0x50
    6070:	e15c000e 	cmp	ip, lr
    6074:	2a000015 	bcs	0x60d0
    6078:	e594e050 	ldr	lr, [r4, #80]	@ 0x50
    607c:	e594c048 	ldr	ip, [r4, #72]	@ 0x48
    6080:	e04c000e 	sub	r0, ip, lr
    6084:	e1a00140 	asr	r0, r0, #2
    6088:	e3a0c009 	mov	ip, #9
    608c:	e0060c90 	mul	r6, r0, ip
    6090:	e3a0000a 	mov	r0, #10
    6094:	e5943050 	ldr	r3, [r4, #80]	@ 0x50
    6098:	e5952030 	ldr	r2, [r5, #48]	@ 0x30
    609c:	e59fc2ec 	ldr	ip, [pc, #748]	@ 0x6390
    60a0:	e153000c 	cmp	r3, ip
    60a4:	8a0004c0 	bhi	0x73ac
    60a8:	e7e123f4 			@ <UNDEFINED> instruction: 0xe7e123f4
    60ac:	e1a02001 	mov	r2, r1
    60b0:	e351000a 	cmp	r1, #10
    60b4:	3a000005 	bcc	0x60d0
    60b8:	e2866001 	add	r6, r6, #1
    60bc:	e3a0c00a 	mov	ip, #10
    60c0:	e0010c90 	mul	r1, r0, ip
    60c4:	e1a00001 	mov	r0, r1
    60c8:	e1520001 	cmp	r2, r1
    60cc:	2afffff9 	bcs	0x60b8
    60d0:	e594c03c 	ldr	ip, [r4, #60]	@ 0x3c
    60d4:	e35c0066 	cmp	ip, #102	@ 0x66
    60d8:	e3a00000 	mov	r0, #0
    60dc:	11a00006 	movne	r0, r6
    60e0:	e594c040 	ldr	ip, [r4, #64]	@ 0x40
    60e4:	e04c0000 	sub	r0, ip, r0
    60e8:	e594c040 	ldr	ip, [r4, #64]	@ 0x40
    60ec:	e35c0000 	cmp	ip, #0
    60f0:	e3a01000 	mov	r1, #0
    60f4:	13a01001 	movne	r1, #1
    60f8:	e594c03c 	ldr	ip, [r4, #60]	@ 0x3c
    60fc:	e35c0067 	cmp	ip, #103	@ 0x67
    6100:	e3a02000 	mov	r2, #0
    6104:	03a02001 	moveq	r2, #1
    6108:	e0011002 	and	r1, r1, r2
    610c:	e0400001 	sub	r0, r0, r1
    6110:	e1a01000 	mov	r1, r0
    6114:	e594e048 	ldr	lr, [r4, #72]	@ 0x48
    6118:	e594c02c 	ldr	ip, [r4, #44]	@ 0x2c
    611c:	e04c200e 	sub	r2, ip, lr
    6120:	e1a02142 	asr	r2, r2, #2
    6124:	e3a0c009 	mov	ip, #9
    6128:	e0020c92 	mul	r2, r2, ip
    612c:	e2422009 	sub	r2, r2, #9
    6130:	e1500002 	cmp	r0, r2
    6134:	aa00010b 	bge	0x6568
    6138:	e3a0200a 	mov	r2, #10
    613c:	e2813d90 	add	r3, r1, #144, 26	@ 0x2400
    6140:	e1a00003 	mov	r0, r3
    6144:	e3a01009 	mov	r1, #9
    6148:	e52d3010 	str	r3, [sp, #-16]!
    614c:	e58d2004 	str	r2, [sp, #4]
    6150:	e58d1008 	str	r1, [sp, #8]
    6154:	e59fc284 	ldr	ip, [pc, #644]	@ 0x63e0
    6158:	e12fff3c 	blx	ip
    615c:	e59d1008 	ldr	r1, [sp, #8]
    6160:	e59d2004 	ldr	r2, [sp, #4]
    6164:	e49d3010 	ldr	r3, [sp], #16
    6168:	e1a01000 	mov	r1, r0
    616c:	e3a0c009 	mov	ip, #9
    6170:	e0000c90 	mul	r0, r0, ip
    6174:	e0433000 	sub	r3, r3, r0
    6178:	e1a00003 	mov	r0, r3
    617c:	e3530007 	cmp	r3, #7
    6180:	ca000005 	bgt	0x619c
    6184:	e3a0c00a 	mov	ip, #10
    6188:	e0020c92 	mul	r2, r2, ip
    618c:	e2803001 	add	r3, r0, #1
    6190:	e1a00003 	mov	r0, r3
    6194:	e3530008 	cmp	r3, #8
    6198:	1afffff9 	bne	0x6184
    619c:	e594c01c 	ldr	ip, [r4, #28]
    61a0:	e28c0030 	add	r0, ip, #48	@ 0x30
    61a4:	e594c044 	ldr	ip, [r4, #68]	@ 0x44
    61a8:	e35c0000 	cmp	ip, #0
    61ac:	e3e03c0f 	mvn	r3, #3840	@ 0xf00
    61b0:	e3c330fb 	bic	r3, r3, #251	@ 0xfb
    61b4:	e3e0cc0e 	mvn	ip, #3584	@ 0xe00
    61b8:	e3ccc0db 	bic	ip, ip, #219	@ 0xdb
    61bc:	a1a0300c 	movge	r3, ip
    61c0:	e0800003 	add	r0, r0, r3
    61c4:	e1a01101 	lsl	r1, r1, #2
    61c8:	e0800001 	add	r0, r0, r1
    61cc:	e1a03000 	mov	r3, r0
    61d0:	e2807004 	add	r7, r0, #4
    61d4:	e1a01003 	mov	r1, r3
    61d8:	e5950030 	ldr	r0, [r5, #48]	@ 0x30
    61dc:	e59fc1ac 	ldr	ip, [pc, #428]	@ 0x6390
    61e0:	e151000c 	cmp	r1, ip
    61e4:	8a000470 	bhi	0x73ac
    61e8:	e7e801f4 			@ <UNDEFINED> instruction: 0xe7e801f4
    61ec:	e1a09008 	mov	r9, r8
    61f0:	e1a00009 	mov	r0, r9
    61f4:	e1a01002 	mov	r1, r2
    61f8:	e3510000 	cmp	r1, #0
    61fc:	0a000468 	beq	0x73a4
    6200:	e52d3010 	str	r3, [sp, #-16]!
    6204:	e58d2004 	str	r2, [sp, #4]
    6208:	e58d1008 	str	r1, [sp, #8]
    620c:	e59fc1d0 	ldr	ip, [pc, #464]	@ 0x63e4
    6210:	e12fff3c 	blx	ip
    6214:	e59d1008 	ldr	r1, [sp, #8]
    6218:	e59d2004 	ldr	r2, [sp, #4]
    621c:	e49d3010 	ldr	r3, [sp], #16
    6220:	e5840054 	str	r0, [r4, #84]	@ 0x54
    6224:	e0000290 	mul	r0, r0, r2
    6228:	e0488000 	sub	r8, r8, r0
    622c:	e1a00008 	mov	r0, r8
    6230:	e3580000 	cmp	r8, #0
    6234:	1a000002 	bne	0x6244
    6238:	e594c02c 	ldr	ip, [r4, #44]	@ 0x2c
    623c:	e157000c 	cmp	r7, ip
    6240:	0a0000c1 	beq	0x654c
    6244:	e594c054 	ldr	ip, [r4, #84]	@ 0x54
    6248:	e31c0001 	tst	ip, #1
    624c:	1a000013 	bne	0x62a0
    6250:	e3a0c000 	mov	ip, #0
    6254:	e3a0e101 	mov	lr, #1073741824	@ 0x40000000
    6258:	e38ee50d 	orr	lr, lr, #54525952	@ 0x3400000
    625c:	ec4eca10 	vmov	s0, s1, ip, lr
    6260:	e59fc16c 	ldr	ip, [pc, #364]	@ 0x63d4
    6264:	e152000c 	cmp	r2, ip
    6268:	1a000010 	bne	0x62b0
    626c:	e594c050 	ldr	ip, [r4, #80]	@ 0x50
    6270:	e153000c 	cmp	r3, ip
    6274:	9a00000d 	bls	0x62b0
    6278:	e2431004 	sub	r1, r3, #4
    627c:	e1a0a001 	mov	sl, r1
    6280:	e5958030 	ldr	r8, [r5, #48]	@ 0x30
    6284:	e3e0c4fe 	mvn	ip, #-33554432	@ 0xfe000000
    6288:	e3ccc8fe 	bic	ip, ip, #16646144	@ 0xfe0000
    628c:	e15a000c 	cmp	sl, ip
    6290:	8a000445 	bhi	0x73ac
    6294:	e7e18af0 			@ <UNDEFINED> instruction: 0xe7e18af0
    6298:	e3110001 	tst	r1, #1
    629c:	0a000003 	beq	0x62b0
    62a0:	e3a0c001 	mov	ip, #1
    62a4:	e3a0e101 	mov	lr, #1073741824	@ 0x40000000
    62a8:	e38ee50d 	orr	lr, lr, #54525952	@ 0x3400000
    62ac:	ec4eca10 	vmov	s0, s1, ip, lr
    62b0:	e594c02c 	ldr	ip, [r4, #44]	@ 0x2c
    62b4:	e157000c 	cmp	r7, ip
    62b8:	e3a0c000 	mov	ip, #0
    62bc:	e3a0e203 	mov	lr, #805306368	@ 0x30000000
    62c0:	e38ee6ff 	orr	lr, lr, #267386880	@ 0xff00000
    62c4:	ec4eca11 	vmov	s2, s3, ip, lr
    62c8:	e3a0c000 	mov	ip, #0
    62cc:	e3a0e30f 	mov	lr, #1006632960	@ 0x3c000000
    62d0:	e38ee7fe 	orr	lr, lr, #66584576	@ 0x3f80000
    62d4:	ec4eca12 	vmov	s4, s5, ip, lr
    62d8:	eeb03b41 	vmov.f64	d3, d1
    62dc:	1eb03b42 	vmovne.f64	d3, d2
    62e0:	e1a010a2 	lsr	r1, r2, #1
    62e4:	e1a07001 	mov	r7, r1
    62e8:	e1500001 	cmp	r0, r1
    62ec:	e3a0c000 	mov	ip, #0
    62f0:	e3a0e30f 	mov	lr, #1006632960	@ 0x3c000000
    62f4:	e38ee7fe 	orr	lr, lr, #66584576	@ 0x3f80000
    62f8:	ec4eca11 	vmov	s2, s3, ip, lr
    62fc:	1eb03b41 	vmovne.f64	d3, d1
    6300:	e1500007 	cmp	r0, r7
    6304:	e3a0c000 	mov	ip, #0
    6308:	e3a0e203 	mov	lr, #805306368	@ 0x30000000
    630c:	e38ee6fe 	orr	lr, lr, #266338304	@ 0xfe00000
    6310:	ec4eca11 	vmov	s2, s3, ip, lr
    6314:	3eb03b41 	vmovcc.f64	d3, d1
    6318:	e594c020 	ldr	ip, [r4, #32]
    631c:	e35c0000 	cmp	ip, #0
    6320:	1a000036 	bne	0x6400
    6324:	e5948028 	ldr	r8, [r4, #40]	@ 0x28
    6328:	e5957030 	ldr	r7, [r5, #48]	@ 0x30
    632c:	e3e0c4fe 	mvn	ip, #-33554432	@ 0xfe000000
    6330:	e3ccc8fe 	bic	ip, ip, #16646144	@ 0xfe0000
    6334:	e158000c 	cmp	r8, ip
    6338:	ea00002a 	b	0x63e8
	...
    6358:	003f7e7c 	eorseq	r7, pc, ip, ror lr	@ <UNPREDICTABLE>
    635c:	00048004 	andeq	r8, r4, r4
    6360:	003fc92c 	eorseq	ip, pc, ip, lsr #18
    6364:	00048004 	andeq	r8, r4, r4
    6368:	00047e9c 	muleq	r4, ip, lr
    636c:	001f54c0 	andseq	r5, pc, r0, asr #9
    6370:	003ffccc 	eorseq	pc, pc, ip, asr #25
    6374:	00048004 	andeq	r8, r4, r4
    6378:	0004890c 	andeq	r8, r4, ip, lsl #18
    637c:	0004890c 	andeq	r8, r4, ip, lsl #18
    6380:	0004890c 	andeq	r8, r4, ip, lsl #18
    6384:	00048004 	andeq	r8, r4, r4
    6388:	0004890c 	andeq	r8, r4, ip, lsl #18
    638c:	00048004 	andeq	r8, r4, r4
    6390:	0101fffc 	strdeq	pc, [r1, -ip]
    6394:	00406ffc 	strdeq	r6, [r0], #-252	@ 0xffffff04
    6398:	0004890c 	andeq	r8, r4, ip, lsl #18
    639c:	00407050 	subeq	r7, r0, r0, asr r0
    63a0:	0004890c 	andeq	r8, r4, ip, lsl #18
    63a4:	00407174 	subeq	r7, r0, r4, ror r1
    63a8:	0004890c 	andeq	r8, r4, ip, lsl #18
    63ac:	0040718c 	subeq	r7, r0, ip, lsl #3
    63b0:	0004890c 	andeq	r8, r4, ip, lsl #18
    63b4:	00407238 	subeq	r7, r0, r8, lsr r2
    63b8:	0004890c 	andeq	r8, r4, ip, lsl #18
    63bc:	00407270 	subeq	r7, r0, r0, ror r2
    63c0:	0004890c 	andeq	r8, r4, ip, lsl #18
    63c4:	004072dc 	ldrdeq	r7, [r0], #-44	@ 0xffffffd4
    63c8:	0004890c 	andeq	r8, r4, ip, lsl #18
    63cc:	000493d8 	ldrdeq	r9, [r4], -r8
    63d0:	41cdcd65 	bicmi	ip, sp, r5, ror #26
    63d4:	3b9aca00 	blcc	0xfe6b8bdc
    63d8:	00047e9c 	muleq	r4, ip, lr
    63dc:	001f54c0 	andseq	r5, pc, r0, asr #9
    63e0:	001f5700 	andseq	r5, pc, r0, lsl #14
    63e4:	001f54c0 	andseq	r5, pc, r0, asr #9
    63e8:	8a0003ef 	bhi	0x73ac
    63ec:	e7e178f0 			@ <UNDEFINED> instruction: 0xe7e178f0
    63f0:	e351002d 	cmp	r1, #45	@ 0x2d
    63f4:	1a000001 	bne	0x6400
    63f8:	eeb13b43 	vneg.f64	d3, d3
    63fc:	eeb10b40 	vneg.f64	d0, d0
    6400:	e0499000 	sub	r9, r9, r0
    6404:	e1a00009 	mov	r0, r9
    6408:	e1a07003 	mov	r7, r3
    640c:	e5951030 	ldr	r1, [r5, #48]	@ 0x30
    6410:	e59fcfc0 	ldr	ip, [pc, #4032]	@ 0x73d8
    6414:	e157000c 	cmp	r7, ip
    6418:	8a0003e3 	bhi	0x73ac
    641c:	e7d917f4 			@ <UNDEFINED> instruction: 0xe7d917f4
    6420:	ee303b03 	vadd.f64	d3, d0, d3
    6424:	eeb43b40 	vcmp.f64	d3, d0
    6428:	eef1fa10 	vmrs	APSR_nzcv, fpscr
    642c:	0a000046 	beq	0x654c
    6430:	e0800002 	add	r0, r0, r2
    6434:	e1a01000 	mov	r1, r0
    6438:	e1a07003 	mov	r7, r3
    643c:	e5952030 	ldr	r2, [r5, #48]	@ 0x30
    6440:	e59fcf90 	ldr	ip, [pc, #3984]	@ 0x73d8
    6444:	e157000c 	cmp	r7, ip
    6448:	8a0003d7 	bhi	0x73ac
    644c:	e7d027f4 			@ <UNDEFINED> instruction: 0xe7d027f4
    6450:	e59fcf84 	ldr	ip, [pc, #3972]	@ 0x73dc
    6454:	e151000c 	cmp	r1, ip
    6458:	3a000025 	bcc	0x64f4
    645c:	e1a01003 	mov	r1, r3
    6460:	e5950030 	ldr	r0, [r5, #48]	@ 0x30
    6464:	e59fcf6c 	ldr	ip, [pc, #3948]	@ 0x73d8
    6468:	e151000c 	cmp	r1, ip
    646c:	8a0003ce 	bhi	0x73ac
    6470:	e3a02000 	mov	r2, #0
    6474:	e7d201f4 			@ <UNDEFINED> instruction: 0xe7d201f4
    6478:	e2430004 	sub	r0, r3, #4
    647c:	e1a03000 	mov	r3, r0
    6480:	e594c050 	ldr	ip, [r4, #80]	@ 0x50
    6484:	e150000c 	cmp	r0, ip
    6488:	2a000008 	bcs	0x64b0
    648c:	e594c050 	ldr	ip, [r4, #80]	@ 0x50
    6490:	e24c0004 	sub	r0, ip, #4
    6494:	e5840050 	str	r0, [r4, #80]	@ 0x50
    6498:	e5951030 	ldr	r1, [r5, #48]	@ 0x30
    649c:	e59fcf34 	ldr	ip, [pc, #3892]	@ 0x73d8
    64a0:	e150000c 	cmp	r0, ip
    64a4:	8a0003c0 	bhi	0x73ac
    64a8:	e3a02000 	mov	r2, #0
    64ac:	e7d210f4 			@ <UNDEFINED> instruction: 0xe7d210f4
    64b0:	e1a02003 	mov	r2, r3
    64b4:	e5951030 	ldr	r1, [r5, #48]	@ 0x30
    64b8:	e59fcf18 	ldr	ip, [pc, #3864]	@ 0x73d8
    64bc:	e152000c 	cmp	r2, ip
    64c0:	8a0003b9 	bhi	0x73ac
    64c4:	e7e012f4 			@ <UNDEFINED> instruction: 0xe7e012f4
    64c8:	e2800001 	add	r0, r0, #1
    64cc:	e1a01000 	mov	r1, r0
    64d0:	e1a07003 	mov	r7, r3
    64d4:	e5952030 	ldr	r2, [r5, #48]	@ 0x30
    64d8:	e59fcef8 	ldr	ip, [pc, #3832]	@ 0x73d8
    64dc:	e157000c 	cmp	r7, ip
    64e0:	8a0003b1 	bhi	0x73ac
    64e4:	e7d027f4 			@ <UNDEFINED> instruction: 0xe7d027f4
    64e8:	e59fcef0 	ldr	ip, [pc, #3824]	@ 0x73e0
    64ec:	e151000c 	cmp	r1, ip
    64f0:	8affffd9 	bhi	0x645c
    64f4:	e594e050 	ldr	lr, [r4, #80]	@ 0x50
    64f8:	e594c048 	ldr	ip, [r4, #72]	@ 0x48
    64fc:	e04c000e 	sub	r0, ip, lr
    6500:	e1a00140 	asr	r0, r0, #2
    6504:	e3a0c009 	mov	ip, #9
    6508:	e0060c90 	mul	r6, r0, ip
    650c:	e3a0000a 	mov	r0, #10
    6510:	e5947050 	ldr	r7, [r4, #80]	@ 0x50
    6514:	e5952030 	ldr	r2, [r5, #48]	@ 0x30
    6518:	e59fceb8 	ldr	ip, [pc, #3768]	@ 0x73d8
    651c:	e157000c 	cmp	r7, ip
    6520:	8a0003a1 	bhi	0x73ac
    6524:	e7e127f4 			@ <UNDEFINED> instruction: 0xe7e127f4
    6528:	e1a02001 	mov	r2, r1
    652c:	e351000a 	cmp	r1, #10
    6530:	3a000005 	bcc	0x654c
    6534:	e2866001 	add	r6, r6, #1
    6538:	e3a0c00a 	mov	ip, #10
    653c:	e0010c90 	mul	r1, r0, ip
    6540:	e1a00001 	mov	r0, r1
    6544:	e1520001 	cmp	r2, r1
    6548:	2afffff9 	bcs	0x6534
    654c:	e2833004 	add	r3, r3, #4
    6550:	e1a00003 	mov	r0, r3
    6554:	e594c02c 	ldr	ip, [r4, #44]	@ 0x2c
    6558:	e15c0000 	cmp	ip, r0
    655c:	e594e02c 	ldr	lr, [r4, #44]	@ 0x2c
    6560:	81a0e003 	movhi	lr, r3
    6564:	e584e02c 	str	lr, [r4, #44]	@ 0x2c
    6568:	e594702c 	ldr	r7, [r4, #44]	@ 0x2c
    656c:	e594e050 	ldr	lr, [r4, #80]	@ 0x50
    6570:	e594c02c 	ldr	ip, [r4, #44]	@ 0x2c
    6574:	e15c000e 	cmp	ip, lr
    6578:	e3a00000 	mov	r0, #0
    657c:	93a00001 	movls	r0, #1
    6580:	e1a01000 	mov	r1, r0
    6584:	e3500000 	cmp	r0, #0
    6588:	1a000009 	bne	0x65b4
    658c:	e2470004 	sub	r0, r7, #4
    6590:	e584002c 	str	r0, [r4, #44]	@ 0x2c
    6594:	e1a03000 	mov	r3, r0
    6598:	e5952030 	ldr	r2, [r5, #48]	@ 0x30
    659c:	e59fce34 	ldr	ip, [pc, #3636]	@ 0x73d8
    65a0:	e153000c 	cmp	r3, ip
    65a4:	8a000380 	bhi	0x73ac
    65a8:	e7e023f4 			@ <UNDEFINED> instruction: 0xe7e023f4
    65ac:	e3500000 	cmp	r0, #0
    65b0:	0affffec 	beq	0x6568
    65b4:	e594c03c 	ldr	ip, [r4, #60]	@ 0x3c
    65b8:	e35c0067 	cmp	ip, #103	@ 0x67
    65bc:	0a000003 	beq	0x65d0
    65c0:	e594c014 	ldr	ip, [r4, #20]
    65c4:	e20ce008 	and	lr, ip, #8
    65c8:	e584e05c 	str	lr, [r4, #92]	@ 0x5c
    65cc:	ea00006f 	b	0x6790
    65d0:	e1e00006 	mvn	r0, r6
    65d4:	e594c040 	ldr	ip, [r4, #64]	@ 0x40
    65d8:	e35c0000 	cmp	ip, #0
    65dc:	e3a02001 	mov	r2, #1
    65e0:	e594c040 	ldr	ip, [r4, #64]	@ 0x40
    65e4:	11a0200c 	movne	r2, ip
    65e8:	e1a03002 	mov	r3, r2
    65ec:	e1520006 	cmp	r2, r6
    65f0:	e3a02000 	mov	r2, #0
    65f4:	c3a02001 	movgt	r2, #1
    65f8:	e3760005 	cmn	r6, #5
    65fc:	e3a09000 	mov	r9, #0
    6600:	c3a09001 	movgt	r9, #1
    6604:	e0022009 	and	r2, r2, r9
    6608:	e1a09002 	mov	r9, r2
    660c:	e3520000 	cmp	r2, #0
    6610:	03e00000 	mvneq	r0, #0
    6614:	e080e003 	add	lr, r0, r3
    6618:	e584e040 	str	lr, [r4, #64]	@ 0x40
    661c:	e3590000 	cmp	r9, #0
    6620:	e3e00000 	mvn	r0, #0
    6624:	03e00001 	mvneq	r0, #1
    6628:	e594c018 	ldr	ip, [r4, #24]
    662c:	e080e00c 	add	lr, r0, ip
    6630:	e584e018 	str	lr, [r4, #24]
    6634:	e594c014 	ldr	ip, [r4, #20]
    6638:	e20c0008 	and	r0, ip, #8
    663c:	e584005c 	str	r0, [r4, #92]	@ 0x5c
    6640:	e3500000 	cmp	r0, #0
    6644:	1a000051 	bne	0x6790
    6648:	e3e02008 	mvn	r2, #8
    664c:	e3510000 	cmp	r1, #0
    6650:	1a000029 	bne	0x66fc
    6654:	e2470004 	sub	r0, r7, #4
    6658:	e1a03000 	mov	r3, r0
    665c:	e5951030 	ldr	r1, [r5, #48]	@ 0x30
    6660:	e59fcd70 	ldr	ip, [pc, #3440]	@ 0x73d8
    6664:	e153000c 	cmp	r3, ip
    6668:	8a00034f 	bhi	0x73ac
    666c:	e7e013f4 			@ <UNDEFINED> instruction: 0xe7e013f4
    6670:	e1a03000 	mov	r3, r0
    6674:	e3500000 	cmp	r0, #0
    6678:	0a00001f 	beq	0x66fc
    667c:	e3a0900a 	mov	r9, #10
    6680:	e3a02000 	mov	r2, #0
    6684:	e1a00003 	mov	r0, r3
    6688:	e3a0100a 	mov	r1, #10
    668c:	e52d3008 	str	r3, [sp, #-8]!
    6690:	e58d2004 	str	r2, [sp, #4]
    6694:	e59fcd48 	ldr	ip, [pc, #3400]	@ 0x73e4
    6698:	e12fff3c 	blx	ip
    669c:	e59d2004 	ldr	r2, [sp, #4]
    66a0:	e49d3008 	ldr	r3, [sp], #8
    66a4:	e1a00001 	mov	r0, r1
    66a8:	e3500000 	cmp	r0, #0
    66ac:	1a000012 	bne	0x66fc
    66b0:	e1a0a002 	mov	sl, r2
    66b4:	e2822001 	add	r2, r2, #1
    66b8:	e3a0c00a 	mov	ip, #10
    66bc:	e0000c99 	mul	r0, r9, ip
    66c0:	e1a09000 	mov	r9, r0
    66c4:	e1a01000 	mov	r1, r0
    66c8:	e1a00003 	mov	r0, r3
    66cc:	e3510000 	cmp	r1, #0
    66d0:	0a000333 	beq	0x73a4
    66d4:	e52d3008 	str	r3, [sp, #-8]!
    66d8:	e58d2004 	str	r2, [sp, #4]
    66dc:	e59fcd04 	ldr	ip, [pc, #3332]	@ 0x73e8
    66e0:	e12fff3c 	blx	ip
    66e4:	e59d2004 	ldr	r2, [sp, #4]
    66e8:	e49d3008 	ldr	r3, [sp], #8
    66ec:	e1a00001 	mov	r0, r1
    66f0:	e3500000 	cmp	r0, #0
    66f4:	0affffed 	beq	0x66b0
    66f8:	e1e0200a 	mvn	r2, sl
    66fc:	e594c048 	ldr	ip, [r4, #72]	@ 0x48
    6700:	e047000c 	sub	r0, r7, ip
    6704:	e1a00140 	asr	r0, r0, #2
    6708:	e3a0c009 	mov	ip, #9
    670c:	e0000c90 	mul	r0, r0, ip
    6710:	e594c018 	ldr	ip, [r4, #24]
    6714:	e3cc1020 	bic	r1, ip, #32
    6718:	e3510046 	cmp	r1, #70	@ 0x46
    671c:	1a00000d 	bne	0x6758
    6720:	e3a0e000 	mov	lr, #0
    6724:	e584e05c 	str	lr, [r4, #92]	@ 0x5c
    6728:	e0801002 	add	r1, r0, r2
    672c:	e2411009 	sub	r1, r1, #9
    6730:	e1a03001 	mov	r3, r1
    6734:	e3530000 	cmp	r3, #0
    6738:	d3a01000 	movle	r1, #0
    673c:	e1a03001 	mov	r3, r1
    6740:	e594c040 	ldr	ip, [r4, #64]	@ 0x40
    6744:	e15c0003 	cmp	ip, r3
    6748:	e594e040 	ldr	lr, [r4, #64]	@ 0x40
    674c:	a1a0e001 	movge	lr, r1
    6750:	e584e040 	str	lr, [r4, #64]	@ 0x40
    6754:	ea00000d 	b	0x6790
    6758:	e3a0e000 	mov	lr, #0
    675c:	e584e05c 	str	lr, [r4, #92]	@ 0x5c
    6760:	e0860000 	add	r0, r6, r0
    6764:	e0800002 	add	r0, r0, r2
    6768:	e2400009 	sub	r0, r0, #9
    676c:	e1a01000 	mov	r1, r0
    6770:	e3510000 	cmp	r1, #0
    6774:	d3a00000 	movle	r0, #0
    6778:	e1a01000 	mov	r1, r0
    677c:	e594c040 	ldr	ip, [r4, #64]	@ 0x40
    6780:	e15c0001 	cmp	ip, r1
    6784:	e594e040 	ldr	lr, [r4, #64]	@ 0x40
    6788:	a1a0e000 	movge	lr, r0
    678c:	e584e040 	str	lr, [r4, #64]	@ 0x40
    6790:	e3e0e000 	mvn	lr, #0
    6794:	e584e034 	str	lr, [r4, #52]	@ 0x34
    6798:	e594e05c 	ldr	lr, [r4, #92]	@ 0x5c
    679c:	e594c040 	ldr	ip, [r4, #64]	@ 0x40
    67a0:	e18c000e 	orr	r0, ip, lr
    67a4:	e1a09000 	mov	r9, r0
    67a8:	e3500000 	cmp	r0, #0
    67ac:	e3e013a0 	mvn	r1, #160, 6	@ 0x80000002
    67b0:	03e01360 	mvneq	r1, #96, 6	@ 0x80000001
    67b4:	e594c040 	ldr	ip, [r4, #64]	@ 0x40
    67b8:	e15c0001 	cmp	ip, r1
    67bc:	ca0002ed 	bgt	0x7378
    67c0:	e3590000 	cmp	r9, #0
    67c4:	e3a00000 	mov	r0, #0
    67c8:	13a00001 	movne	r0, #1
    67cc:	e594c040 	ldr	ip, [r4, #64]	@ 0x40
    67d0:	e08c0000 	add	r0, ip, r0
    67d4:	e280a001 	add	sl, r0, #1
    67d8:	e594c018 	ldr	ip, [r4, #24]
    67dc:	e3cc0020 	bic	r0, ip, #32
    67e0:	e1a0b000 	mov	fp, r0
    67e4:	e3500046 	cmp	r0, #70	@ 0x46
    67e8:	1a000007 	bne	0x680c
    67ec:	e3e0c480 	mvn	ip, #128, 8	@ 0x80000000
    67f0:	e02a000c 	eor	r0, sl, ip
    67f4:	e1560000 	cmp	r6, r0
    67f8:	ca0002de 	bgt	0x7378
    67fc:	e3560000 	cmp	r6, #0
    6800:	e3a00000 	mov	r0, #0
    6804:	c1a00006 	movgt	r0, r6
    6808:	ea00003d 	b	0x6904
    680c:	e1a01fc6 	asr	r1, r6, #31
    6810:	e1a02001 	mov	r2, r1
    6814:	e0261001 	eor	r1, r6, r1
    6818:	e0411002 	sub	r1, r1, r2
    681c:	e3a02000 	mov	r2, #0
    6820:	e58410a4 	str	r1, [r4, #164]	@ 0xa4
    6824:	e58420a8 	str	r2, [r4, #168]	@ 0xa8
    6828:	e59f0bbc 	ldr	r0, [pc, #3004]	@ 0x73ec
    682c:	e1a01004 	mov	r1, r4
    6830:	e59d2000 	ldr	r2, [sp]
    6834:	e59fcbb4 	ldr	ip, [pc, #2996]	@ 0x73f0
    6838:	e12fff3c 	blx	ip
    683c:	e3500000 	cmp	r0, #0
    6840:	1a0002dc 	bne	0x73b8
    6844:	e59410a4 	ldr	r1, [r4, #164]	@ 0xa4
    6848:	e1a02001 	mov	r2, r1
    684c:	e594c038 	ldr	ip, [r4, #56]	@ 0x38
    6850:	e04c1001 	sub	r1, ip, r1
    6854:	e3510001 	cmp	r1, #1
    6858:	ca00000c 	bgt	0x6890
    685c:	e2421001 	sub	r1, r2, #1
    6860:	e1a02001 	mov	r2, r1
    6864:	e5953030 	ldr	r3, [r5, #48]	@ 0x30
    6868:	e3e0c4fe 	mvn	ip, #-33554432	@ 0xfe000000
    686c:	e3ccc8fe 	bic	ip, ip, #16646144	@ 0xfe0000
    6870:	e151000c 	cmp	r1, ip
    6874:	8a0002cc 	bhi	0x73ac
    6878:	e3a08030 	mov	r8, #48	@ 0x30
    687c:	e7d831f0 			@ <UNDEFINED> instruction: 0xe7d831f0
    6880:	e594c038 	ldr	ip, [r4, #56]	@ 0x38
    6884:	e04c1002 	sub	r1, ip, r2
    6888:	e3510002 	cmp	r1, #2
    688c:	bafffff2 	blt	0x685c
    6890:	e2421002 	sub	r1, r2, #2
    6894:	e5841054 	str	r1, [r4, #84]	@ 0x54
    6898:	e5953030 	ldr	r3, [r5, #48]	@ 0x30
    689c:	e5948018 	ldr	r8, [r4, #24]
    68a0:	e3e0c4fe 	mvn	ip, #-33554432	@ 0xfe000000
    68a4:	e3ccc8fe 	bic	ip, ip, #16646144	@ 0xfe0000
    68a8:	e151000c 	cmp	r1, ip
    68ac:	8a0002be 	bhi	0x73ac
    68b0:	e7d831f0 			@ <UNDEFINED> instruction: 0xe7d831f0
    68b4:	e3e0e000 	mvn	lr, #0
    68b8:	e584e034 	str	lr, [r4, #52]	@ 0x34
    68bc:	e2422001 	sub	r2, r2, #1
    68c0:	e3560000 	cmp	r6, #0
    68c4:	e3a0102d 	mov	r1, #45	@ 0x2d
    68c8:	a3a0102b 	movge	r1, #43	@ 0x2b
    68cc:	e5953030 	ldr	r3, [r5, #48]	@ 0x30
    68d0:	e3e0c4fe 	mvn	ip, #-33554432	@ 0xfe000000
    68d4:	e3ccc8fe 	bic	ip, ip, #16646144	@ 0xfe0000
    68d8:	e152000c 	cmp	r2, ip
    68dc:	8a0002b2 	bhi	0x73ac
    68e0:	e7d132f0 			@ <UNDEFINED> instruction: 0xe7d132f0
    68e4:	e594e054 	ldr	lr, [r4, #84]	@ 0x54
    68e8:	e594c038 	ldr	ip, [r4, #56]	@ 0x38
    68ec:	e04c100e 	sub	r1, ip, lr
    68f0:	e1a00001 	mov	r0, r1
    68f4:	e3e0c480 	mvn	ip, #128, 8	@ 0x80000000
    68f8:	e02a200c 	eor	r2, sl, ip
    68fc:	e1510002 	cmp	r1, r2
    6900:	ca00029c 	bgt	0x7378
    6904:	e3e0e000 	mvn	lr, #0
    6908:	e584e034 	str	lr, [r4, #52]	@ 0x34
    690c:	e080000a 	add	r0, r0, sl
    6910:	e1a01000 	mov	r1, r0
    6914:	e594c024 	ldr	ip, [r4, #36]	@ 0x24
    6918:	e3e0e480 	mvn	lr, #128, 8	@ 0x80000000
    691c:	e02c200e 	eor	r2, ip, lr
    6920:	e1500002 	cmp	r0, r2
    6924:	ca000293 	bgt	0x7378
    6928:	e594c024 	ldr	ip, [r4, #36]	@ 0x24
    692c:	e081100c 	add	r1, r1, ip
    6930:	e1a06001 	mov	r6, r1
    6934:	e3a0e020 	mov	lr, #32
    6938:	e584e0a4 	str	lr, [r4, #164]	@ 0xa4
    693c:	e58410ac 	str	r1, [r4, #172]	@ 0xac
    6940:	e59f0aac 	ldr	r0, [pc, #2732]	@ 0x73f4
    6944:	e1a01004 	mov	r1, r4
    6948:	e59d2000 	ldr	r2, [sp]
    694c:	e59fcaa4 	ldr	ip, [pc, #2724]	@ 0x73f8
    6950:	e12fff3c 	blx	ip
    6954:	e3500000 	cmp	r0, #0
    6958:	1a000296 	bne	0x73b8
    695c:	e59f0a98 	ldr	r0, [pc, #2712]	@ 0x73fc
    6960:	e1a01004 	mov	r1, r4
    6964:	e59d2000 	ldr	r2, [sp]
    6968:	e59fca90 	ldr	ip, [pc, #2704]	@ 0x7400
    696c:	e12fff3c 	blx	ip
    6970:	e3500000 	cmp	r0, #0
    6974:	1a00028f 	bne	0x73b8
    6978:	e594c014 	ldr	ip, [r4, #20]
    697c:	e22c0b40 	eor	r0, ip, #64, 22	@ 0x10000
    6980:	e3a0e030 	mov	lr, #48	@ 0x30
    6984:	e584e0a4 	str	lr, [r4, #164]	@ 0xa4
    6988:	e5846018 	str	r6, [r4, #24]
    698c:	e58400b0 	str	r0, [r4, #176]	@ 0xb0
    6990:	e59f0a6c 	ldr	r0, [pc, #2668]	@ 0x7404
    6994:	e1a01004 	mov	r1, r4
    6998:	e59d2000 	ldr	r2, [sp]
    699c:	e59fca64 	ldr	ip, [pc, #2660]	@ 0x7408
    69a0:	e12fff3c 	blx	ip
    69a4:	e3500000 	cmp	r0, #0
    69a8:	1a000282 	bne	0x73b8
    69ac:	e35b0046 	cmp	fp, #70	@ 0x46
    69b0:	1a00009d 	bne	0x6c2c
    69b4:	e594c01c 	ldr	ip, [r4, #28]
    69b8:	e28c0010 	add	r0, ip, #16
    69bc:	e3808009 	orr	r8, r0, #9
    69c0:	e594e048 	ldr	lr, [r4, #72]	@ 0x48
    69c4:	e594c050 	ldr	ip, [r4, #80]	@ 0x50
    69c8:	e15c000e 	cmp	ip, lr
    69cc:	e5940048 	ldr	r0, [r4, #72]	@ 0x48
    69d0:	e594c050 	ldr	ip, [r4, #80]	@ 0x50
    69d4:	91a0000c 	movls	r0, ip
    69d8:	e1a0a000 	mov	sl, r0
    69dc:	e1a0b000 	mov	fp, r0
    69e0:	e1a0300b 	mov	r3, fp
    69e4:	e5952030 	ldr	r2, [r5, #48]	@ 0x30
    69e8:	e59fc9e8 	ldr	ip, [pc, #2536]	@ 0x73d8
    69ec:	e153000c 	cmp	r3, ip
    69f0:	8a00026d 	bhi	0x73ac
    69f4:	e7920003 	ldr	r0, [r2, r3]
    69f8:	e3a01000 	mov	r1, #0
    69fc:	e58400a0 	str	r0, [r4, #160]	@ 0xa0
    6a00:	e58410a4 	str	r1, [r4, #164]	@ 0xa4
    6a04:	e584804c 	str	r8, [r4, #76]	@ 0x4c
    6a08:	e59f09fc 	ldr	r0, [pc, #2556]	@ 0x740c
    6a0c:	e1a01004 	mov	r1, r4
    6a10:	e59d2000 	ldr	r2, [sp]
    6a14:	e59fc9f4 	ldr	ip, [pc, #2548]	@ 0x7410
    6a18:	e12fff3c 	blx	ip
    6a1c:	e3500000 	cmp	r0, #0
    6a20:	1a000264 	bne	0x73b8
    6a24:	e59400a0 	ldr	r0, [r4, #160]	@ 0xa0
    6a28:	e15b000a 	cmp	fp, sl
    6a2c:	0a000011 	beq	0x6a78
    6a30:	e594c01c 	ldr	ip, [r4, #28]
    6a34:	e28c1010 	add	r1, ip, #16
    6a38:	e1500001 	cmp	r0, r1
    6a3c:	9a000018 	bls	0x6aa4
    6a40:	e2401001 	sub	r1, r0, #1
    6a44:	e1a00001 	mov	r0, r1
    6a48:	e5952030 	ldr	r2, [r5, #48]	@ 0x30
    6a4c:	e3e0c4fe 	mvn	ip, #-33554432	@ 0xfe000000
    6a50:	e3ccc8fe 	bic	ip, ip, #16646144	@ 0xfe0000
    6a54:	e151000c 	cmp	r1, ip
    6a58:	8a000253 	bhi	0x73ac
    6a5c:	e3a03030 	mov	r3, #48	@ 0x30
    6a60:	e7d321f0 			@ <UNDEFINED> instruction: 0xe7d321f0
    6a64:	e594c01c 	ldr	ip, [r4, #28]
    6a68:	e28c1010 	add	r1, ip, #16
    6a6c:	e1500001 	cmp	r0, r1
    6a70:	8afffff2 	bhi	0x6a40
    6a74:	ea00000a 	b	0x6aa4
    6a78:	e1500008 	cmp	r0, r8
    6a7c:	1a000008 	bne	0x6aa4
    6a80:	e2401001 	sub	r1, r0, #1
    6a84:	e1a00001 	mov	r0, r1
    6a88:	e5952030 	ldr	r2, [r5, #48]	@ 0x30
    6a8c:	e3e0c4fe 	mvn	ip, #-33554432	@ 0xfe000000
    6a90:	e3ccc8fe 	bic	ip, ip, #16646144	@ 0xfe0000
    6a94:	e151000c 	cmp	r1, ip
    6a98:	8a000243 	bhi	0x73ac
    6a9c:	e3a03030 	mov	r3, #48	@ 0x30
    6aa0:	e7d321f0 			@ <UNDEFINED> instruction: 0xe7d321f0
    6aa4:	e0481000 	sub	r1, r8, r0
    6aa8:	e584002c 	str	r0, [r4, #44]	@ 0x2c
    6aac:	e58410a8 	str	r1, [r4, #168]	@ 0xa8
    6ab0:	e59f095c 	ldr	r0, [pc, #2396]	@ 0x7414
    6ab4:	e1a01004 	mov	r1, r4
    6ab8:	e59d2000 	ldr	r2, [sp]
    6abc:	e59fc954 	ldr	ip, [pc, #2388]	@ 0x7418
    6ac0:	e12fff3c 	blx	ip
    6ac4:	e3500000 	cmp	r0, #0
    6ac8:	1a00023a 	bne	0x73b8
    6acc:	e28b0004 	add	r0, fp, #4
    6ad0:	e1a0b000 	mov	fp, r0
    6ad4:	e594c048 	ldr	ip, [r4, #72]	@ 0x48
    6ad8:	e150000c 	cmp	r0, ip
    6adc:	9affffbf 	bls	0x69e0
    6ae0:	e3590000 	cmp	r9, #0
    6ae4:	0a00000b 	beq	0x6b18
    6ae8:	e3a0eb40 	mov	lr, #64, 22	@ 0x10000
    6aec:	e38ee1b4 	orr	lr, lr, #180, 2	@ 0x2d
    6af0:	e584e0a4 	str	lr, [r4, #164]	@ 0xa4
    6af4:	e3a0e001 	mov	lr, #1
    6af8:	e584e088 	str	lr, [r4, #136]	@ 0x88
    6afc:	e59f0918 	ldr	r0, [pc, #2328]	@ 0x741c
    6b00:	e1a01004 	mov	r1, r4
    6b04:	e59d2000 	ldr	r2, [sp]
    6b08:	e59fc910 	ldr	ip, [pc, #2320]	@ 0x7420
    6b0c:	e12fff3c 	blx	ip
    6b10:	e3500000 	cmp	r0, #0
    6b14:	1a000227 	bne	0x73b8
    6b18:	e15b0007 	cmp	fp, r7
    6b1c:	2a0000d2 	bcs	0x6e6c
    6b20:	e594c040 	ldr	ip, [r4, #64]	@ 0x40
    6b24:	e35c0001 	cmp	ip, #1
    6b28:	ba0000cf 	blt	0x6e6c
    6b2c:	e1a0300b 	mov	r3, fp
    6b30:	e5952030 	ldr	r2, [r5, #48]	@ 0x30
    6b34:	e59fc89c 	ldr	ip, [pc, #2204]	@ 0x73d8
    6b38:	e153000c 	cmp	r3, ip
    6b3c:	8a00021a 	bhi	0x73ac
    6b40:	e7920003 	ldr	r0, [r2, r3]
    6b44:	e3a01000 	mov	r1, #0
    6b48:	e58400a0 	str	r0, [r4, #160]	@ 0xa0
    6b4c:	e58410a4 	str	r1, [r4, #164]	@ 0xa4
    6b50:	e584804c 	str	r8, [r4, #76]	@ 0x4c
    6b54:	e59f08c8 	ldr	r0, [pc, #2248]	@ 0x7424
    6b58:	e1a01004 	mov	r1, r4
    6b5c:	e59d2000 	ldr	r2, [sp]
    6b60:	e59fc8c0 	ldr	ip, [pc, #2240]	@ 0x7428
    6b64:	e12fff3c 	blx	ip
    6b68:	e3500000 	cmp	r0, #0
    6b6c:	1a000211 	bne	0x73b8
    6b70:	e59400a0 	ldr	r0, [r4, #160]	@ 0xa0
    6b74:	e1a01000 	mov	r1, r0
    6b78:	e594c01c 	ldr	ip, [r4, #28]
    6b7c:	e28c2010 	add	r2, ip, #16
    6b80:	e1500002 	cmp	r0, r2
    6b84:	9a00000c 	bls	0x6bbc
    6b88:	e2410001 	sub	r0, r1, #1
    6b8c:	e1a01000 	mov	r1, r0
    6b90:	e5952030 	ldr	r2, [r5, #48]	@ 0x30
    6b94:	e3e0c4fe 	mvn	ip, #-33554432	@ 0xfe000000
    6b98:	e3ccc8fe 	bic	ip, ip, #16646144	@ 0xfe0000
    6b9c:	e150000c 	cmp	r0, ip
    6ba0:	8a000201 	bhi	0x73ac
    6ba4:	e3a03030 	mov	r3, #48	@ 0x30
    6ba8:	e7d320f0 			@ <UNDEFINED> instruction: 0xe7d320f0
    6bac:	e594c01c 	ldr	ip, [r4, #28]
    6bb0:	e28c0010 	add	r0, ip, #16
    6bb4:	e1510000 	cmp	r1, r0
    6bb8:	8afffff2 	bhi	0x6b88
    6bbc:	e594c040 	ldr	ip, [r4, #64]	@ 0x40
    6bc0:	e35c0009 	cmp	ip, #9
    6bc4:	e3a00009 	mov	r0, #9
    6bc8:	e594c040 	ldr	ip, [r4, #64]	@ 0x40
    6bcc:	b1a0000c 	movlt	r0, ip
    6bd0:	e584102c 	str	r1, [r4, #44]	@ 0x2c
    6bd4:	e58400a8 	str	r0, [r4, #168]	@ 0xa8
    6bd8:	e59f084c 	ldr	r0, [pc, #2124]	@ 0x742c
    6bdc:	e1a01004 	mov	r1, r4
    6be0:	e59d2000 	ldr	r2, [sp]
    6be4:	e59fc844 	ldr	ip, [pc, #2116]	@ 0x7430
    6be8:	e12fff3c 	blx	ip
    6bec:	e3500000 	cmp	r0, #0
    6bf0:	1a0001f0 	bne	0x73b8
    6bf4:	e594c040 	ldr	ip, [r4, #64]	@ 0x40
    6bf8:	e24c0009 	sub	r0, ip, #9
    6bfc:	e28b1004 	add	r1, fp, #4
    6c00:	e1a0b001 	mov	fp, r1
    6c04:	e1510007 	cmp	r1, r7
    6c08:	2a000098 	bcs	0x6e70
    6c0c:	e594c040 	ldr	ip, [r4, #64]	@ 0x40
    6c10:	e35c0009 	cmp	ip, #9
    6c14:	e3a01000 	mov	r1, #0
    6c18:	c3a01001 	movgt	r1, #1
    6c1c:	e5840040 	str	r0, [r4, #64]	@ 0x40
    6c20:	e3510000 	cmp	r1, #0
    6c24:	1affffc0 	bne	0x6b2c
    6c28:	ea000090 	b	0x6e70
    6c2c:	e594c040 	ldr	ip, [r4, #64]	@ 0x40
    6c30:	e35c0000 	cmp	ip, #0
    6c34:	ba000070 	blt	0x6dfc
    6c38:	e594c050 	ldr	ip, [r4, #80]	@ 0x50
    6c3c:	e28c1004 	add	r1, ip, #4
    6c40:	e594c050 	ldr	ip, [r4, #80]	@ 0x50
    6c44:	e157000c 	cmp	r7, ip
    6c48:	91a07001 	movls	r7, r1
    6c4c:	e594c01c 	ldr	ip, [r4, #28]
    6c50:	e28c1010 	add	r1, ip, #16
    6c54:	e3818009 	orr	r8, r1, #9
    6c58:	e5949050 	ldr	r9, [r4, #80]	@ 0x50
    6c5c:	e1a0a009 	mov	sl, r9
    6c60:	e5953030 	ldr	r3, [r5, #48]	@ 0x30
    6c64:	e59fc76c 	ldr	ip, [pc, #1900]	@ 0x73d8
    6c68:	e15a000c 	cmp	sl, ip
    6c6c:	8a0001ce 	bhi	0x73ac
    6c70:	e793100a 	ldr	r1, [r3, sl]
    6c74:	e3a02000 	mov	r2, #0
    6c78:	e58410a0 	str	r1, [r4, #160]	@ 0xa0
    6c7c:	e58420a4 	str	r2, [r4, #164]	@ 0xa4
    6c80:	e584804c 	str	r8, [r4, #76]	@ 0x4c
    6c84:	e59f07a8 	ldr	r0, [pc, #1960]	@ 0x7434
    6c88:	e1a01004 	mov	r1, r4
    6c8c:	e59d2000 	ldr	r2, [sp]
    6c90:	e59fc7a0 	ldr	ip, [pc, #1952]	@ 0x7438
    6c94:	e12fff3c 	blx	ip
    6c98:	e3500000 	cmp	r0, #0
    6c9c:	1a0001c5 	bne	0x73b8
    6ca0:	e59410a0 	ldr	r1, [r4, #160]	@ 0xa0
    6ca4:	e1a0a001 	mov	sl, r1
    6ca8:	e1510008 	cmp	r1, r8
    6cac:	1a000008 	bne	0x6cd4
    6cb0:	e24a1001 	sub	r1, sl, #1
    6cb4:	e1a0a001 	mov	sl, r1
    6cb8:	e5952030 	ldr	r2, [r5, #48]	@ 0x30
    6cbc:	e3e0c4fe 	mvn	ip, #-33554432	@ 0xfe000000
    6cc0:	e3ccc8fe 	bic	ip, ip, #16646144	@ 0xfe0000
    6cc4:	e151000c 	cmp	r1, ip
    6cc8:	8a0001b7 	bhi	0x73ac
    6ccc:	e3a03030 	mov	r3, #48	@ 0x30
    6cd0:	e7d321f0 			@ <UNDEFINED> instruction: 0xe7d321f0
    6cd4:	e594c050 	ldr	ip, [r4, #80]	@ 0x50
    6cd8:	e159000c 	cmp	r9, ip
    6cdc:	0a000011 	beq	0x6d28
    6ce0:	e594c01c 	ldr	ip, [r4, #28]
    6ce4:	e28c1010 	add	r1, ip, #16
    6ce8:	e15a0001 	cmp	sl, r1
    6cec:	9a000029 	bls	0x6d98
    6cf0:	e24a1001 	sub	r1, sl, #1
    6cf4:	e1a0a001 	mov	sl, r1
    6cf8:	e5952030 	ldr	r2, [r5, #48]	@ 0x30
    6cfc:	e3e0c4fe 	mvn	ip, #-33554432	@ 0xfe000000
    6d00:	e3ccc8fe 	bic	ip, ip, #16646144	@ 0xfe0000
    6d04:	e151000c 	cmp	r1, ip
    6d08:	8a0001a7 	bhi	0x73ac
    6d0c:	e3a03030 	mov	r3, #48	@ 0x30
    6d10:	e7d321f0 			@ <UNDEFINED> instruction: 0xe7d321f0
    6d14:	e594c01c 	ldr	ip, [r4, #28]
    6d18:	e28c1010 	add	r1, ip, #16
    6d1c:	e15a0001 	cmp	sl, r1
    6d20:	8afffff2 	bhi	0x6cf0
    6d24:	ea00001b 	b	0x6d98
    6d28:	e584a02c 	str	sl, [r4, #44]	@ 0x2c
    6d2c:	e3a0e001 	mov	lr, #1
    6d30:	e584e088 	str	lr, [r4, #136]	@ 0x88
    6d34:	e59f0700 	ldr	r0, [pc, #1792]	@ 0x743c
    6d38:	e1a01004 	mov	r1, r4
    6d3c:	e59d2000 	ldr	r2, [sp]
    6d40:	e59fc6f8 	ldr	ip, [pc, #1784]	@ 0x7440
    6d44:	e12fff3c 	blx	ip
    6d48:	e3500000 	cmp	r0, #0
    6d4c:	1a000199 	bne	0x73b8
    6d50:	e28aa001 	add	sl, sl, #1
    6d54:	e594e05c 	ldr	lr, [r4, #92]	@ 0x5c
    6d58:	e594c040 	ldr	ip, [r4, #64]	@ 0x40
    6d5c:	e18c100e 	orr	r1, ip, lr
    6d60:	e3510000 	cmp	r1, #0
    6d64:	0a00000b 	beq	0x6d98
    6d68:	e3a0eb40 	mov	lr, #64, 22	@ 0x10000
    6d6c:	e38ee1b4 	orr	lr, lr, #180, 2	@ 0x2d
    6d70:	e584e0a4 	str	lr, [r4, #164]	@ 0xa4
    6d74:	e3a0e001 	mov	lr, #1
    6d78:	e584e088 	str	lr, [r4, #136]	@ 0x88
    6d7c:	e59f06c0 	ldr	r0, [pc, #1728]	@ 0x7444
    6d80:	e1a01004 	mov	r1, r4
    6d84:	e59d2000 	ldr	r2, [sp]
    6d88:	e59fc6b8 	ldr	ip, [pc, #1720]	@ 0x7448
    6d8c:	e12fff3c 	blx	ip
    6d90:	e3500000 	cmp	r0, #0
    6d94:	1a000187 	bne	0x73b8
    6d98:	e048100a 	sub	r1, r8, sl
    6d9c:	e1a0b001 	mov	fp, r1
    6da0:	e594c040 	ldr	ip, [r4, #64]	@ 0x40
    6da4:	e15c000b 	cmp	ip, fp
    6da8:	e594c040 	ldr	ip, [r4, #64]	@ 0x40
    6dac:	d1a0100c 	movle	r1, ip
    6db0:	e584a02c 	str	sl, [r4, #44]	@ 0x2c
    6db4:	e58410a8 	str	r1, [r4, #168]	@ 0xa8
    6db8:	e59f068c 	ldr	r0, [pc, #1676]	@ 0x744c
    6dbc:	e1a01004 	mov	r1, r4
    6dc0:	e59d2000 	ldr	r2, [sp]
    6dc4:	e59fc684 	ldr	ip, [pc, #1668]	@ 0x7450
    6dc8:	e12fff3c 	blx	ip
    6dcc:	e3500000 	cmp	r0, #0
    6dd0:	1a000178 	bne	0x73b8
    6dd4:	e594c040 	ldr	ip, [r4, #64]	@ 0x40
    6dd8:	e04ce00b 	sub	lr, ip, fp
    6ddc:	e584e040 	str	lr, [r4, #64]	@ 0x40
    6de0:	e2891004 	add	r1, r9, #4
    6de4:	e1a09001 	mov	r9, r1
    6de8:	e1510007 	cmp	r1, r7
    6dec:	2a000002 	bcs	0x6dfc
    6df0:	e594c040 	ldr	ip, [r4, #64]	@ 0x40
    6df4:	e37c0001 	cmn	ip, #1
    6df8:	caffff97 	bgt	0x6c5c
    6dfc:	e594c040 	ldr	ip, [r4, #64]	@ 0x40
    6e00:	e28c1012 	add	r1, ip, #18
    6e04:	e3a0e030 	mov	lr, #48	@ 0x30
    6e08:	e584e0a4 	str	lr, [r4, #164]	@ 0xa4
    6e0c:	e58410a8 	str	r1, [r4, #168]	@ 0xa8
    6e10:	e3a0e012 	mov	lr, #18
    6e14:	e584e0ac 	str	lr, [r4, #172]	@ 0xac
    6e18:	e3a0e000 	mov	lr, #0
    6e1c:	e584e084 	str	lr, [r4, #132]	@ 0x84
    6e20:	e59f062c 	ldr	r0, [pc, #1580]	@ 0x7454
    6e24:	e1a01004 	mov	r1, r4
    6e28:	e59d2000 	ldr	r2, [sp]
    6e2c:	e59fc624 	ldr	ip, [pc, #1572]	@ 0x7458
    6e30:	e12fff3c 	blx	ip
    6e34:	e3500000 	cmp	r0, #0
    6e38:	1a00015e 	bne	0x73b8
    6e3c:	e594e054 	ldr	lr, [r4, #84]	@ 0x54
    6e40:	e594c038 	ldr	ip, [r4, #56]	@ 0x38
    6e44:	e04c100e 	sub	r1, ip, lr
    6e48:	e58410a8 	str	r1, [r4, #168]	@ 0xa8
    6e4c:	e59f0608 	ldr	r0, [pc, #1544]	@ 0x745c
    6e50:	e1a01004 	mov	r1, r4
    6e54:	e59d2000 	ldr	r2, [sp]
    6e58:	e59fc600 	ldr	ip, [pc, #1536]	@ 0x7460
    6e5c:	e12fff3c 	blx	ip
    6e60:	e3500000 	cmp	r0, #0
    6e64:	1a000153 	bne	0x73b8
    6e68:	ea00000f 	b	0x6eac
    6e6c:	e5940040 	ldr	r0, [r4, #64]	@ 0x40
    6e70:	e2800009 	add	r0, r0, #9
    6e74:	e3a0e030 	mov	lr, #48	@ 0x30
    6e78:	e584e0a4 	str	lr, [r4, #164]	@ 0xa4
    6e7c:	e58400a8 	str	r0, [r4, #168]	@ 0xa8
    6e80:	e3a0e009 	mov	lr, #9
    6e84:	e584e0ac 	str	lr, [r4, #172]	@ 0xac
    6e88:	e3a0e000 	mov	lr, #0
    6e8c:	e584e084 	str	lr, [r4, #132]	@ 0x84
    6e90:	e59f05cc 	ldr	r0, [pc, #1484]	@ 0x7464
    6e94:	e1a01004 	mov	r1, r4
    6e98:	e59d2000 	ldr	r2, [sp]
    6e9c:	e59fc5c4 	ldr	ip, [pc, #1476]	@ 0x7468
    6ea0:	e12fff3c 	blx	ip
    6ea4:	e3500000 	cmp	r0, #0
    6ea8:	1a000142 	bne	0x73b8
    6eac:	e594c014 	ldr	ip, [r4, #20]
    6eb0:	e22c0d80 	eor	r0, ip, #128, 26	@ 0x2000
    6eb4:	e3a0e020 	mov	lr, #32
    6eb8:	e584e0a4 	str	lr, [r4, #164]	@ 0xa4
    6ebc:	e5846018 	str	r6, [r4, #24]
    6ec0:	e58400b0 	str	r0, [r4, #176]	@ 0xb0
    6ec4:	e59f05a0 	ldr	r0, [pc, #1440]	@ 0x746c
    6ec8:	e1a01004 	mov	r1, r4
    6ecc:	e59d2000 	ldr	r2, [sp]
    6ed0:	e59fc598 	ldr	ip, [pc, #1432]	@ 0x7470
    6ed4:	e12fff3c 	blx	ip
    6ed8:	e3500000 	cmp	r0, #0
    6edc:	1a000135 	bne	0x73b8
    6ee0:	e594c00c 	ldr	ip, [r4, #12]
    6ee4:	e15c0006 	cmp	ip, r6
    6ee8:	e594e00c 	ldr	lr, [r4, #12]
    6eec:	d1a0e006 	movle	lr, r6
    6ef0:	e584e034 	str	lr, [r4, #52]	@ 0x34
    6ef4:	ea00011f 	b	0x7378
    6ef8:	e594c018 	ldr	ip, [r4, #24]
    6efc:	e1a00d0c 	lsl	r0, ip, #26
    6f00:	e1a00fc0 	asr	r0, r0, #31
    6f04:	e2000009 	and	r0, r0, #9
    6f08:	e594c028 	ldr	ip, [r4, #40]	@ 0x28
    6f0c:	e08ce000 	add	lr, ip, r0
    6f10:	e584e054 	str	lr, [r4, #84]	@ 0x54
    6f14:	e594c010 	ldr	ip, [r4, #16]
    6f18:	e35c000b 	cmp	ip, #11
    6f1c:	8a00001e 	bhi	0x6f9c
    6f20:	e594c010 	ldr	ip, [r4, #16]
    6f24:	e26c000c 	rsb	r0, ip, #12
    6f28:	e3a0c000 	mov	ip, #0
    6f2c:	e3a0e9c0 	mov	lr, #192, 18	@ 0x300000
    6f30:	e38ee440 	orr	lr, lr, #64, 8	@ 0x40000000
    6f34:	ec4eca10 	vmov	s0, s1, ip, lr
    6f38:	e3a0c000 	mov	ip, #0
    6f3c:	e3a0e9c0 	mov	lr, #192, 18	@ 0x300000
    6f40:	e38ee440 	orr	lr, lr, #64, 8	@ 0x40000000
    6f44:	ec4eca11 	vmov	s2, s3, ip, lr
    6f48:	ee200b01 	vmul.f64	d0, d0, d1
    6f4c:	e2401001 	sub	r1, r0, #1
    6f50:	e1a00001 	mov	r0, r1
    6f54:	e3510000 	cmp	r1, #0
    6f58:	1afffff6 	bne	0x6f38
    6f5c:	e5942054 	ldr	r2, [r4, #84]	@ 0x54
    6f60:	e5951030 	ldr	r1, [r5, #48]	@ 0x30
    6f64:	e3e0c4fe 	mvn	ip, #-33554432	@ 0xfe000000
    6f68:	e3ccc8fe 	bic	ip, ip, #16646144	@ 0xfe0000
    6f6c:	e152000c 	cmp	r2, ip
    6f70:	8a00010d 	bhi	0x73ac
    6f74:	e7e012f0 			@ <UNDEFINED> instruction: 0xe7e012f0
    6f78:	e350002d 	cmp	r0, #45	@ 0x2d
    6f7c:	1a000004 	bne	0x6f94
    6f80:	eeb11b48 	vneg.f64	d1, d8
    6f84:	ee311b40 	vsub.f64	d1, d1, d0
    6f88:	ee301b01 	vadd.f64	d1, d0, d1
    6f8c:	eeb18b41 	vneg.f64	d8, d1
    6f90:	ea000001 	b	0x6f9c
    6f94:	ee381b00 	vadd.f64	d1, d8, d0
    6f98:	ee318b40 	vsub.f64	d8, d1, d0
    6f9c:	e594201c 	ldr	r2, [r4, #28]
    6fa0:	e5951030 	ldr	r1, [r5, #48]	@ 0x30
    6fa4:	e59fe42c 	ldr	lr, [pc, #1068]	@ 0x73d8
    6fa8:	e7f2e2fc 	udf	#11820	@ 0x2e2c
    6fac:	2a0000fe 	bcs	0x73ac
    6fb0:	e7e012f4 			@ <UNDEFINED> instruction: 0xe7e012f4
    6fb4:	e1a07000 	mov	r7, r0
    6fb8:	e1a01fc7 	asr	r1, r7, #31
    6fbc:	e1a02001 	mov	r2, r1
    6fc0:	e0200001 	eor	r0, r0, r1
    6fc4:	e0400002 	sub	r0, r0, r2
    6fc8:	e3a01000 	mov	r1, #0
    6fcc:	e58400a0 	str	r0, [r4, #160]	@ 0xa0
    6fd0:	e58410a4 	str	r1, [r4, #164]	@ 0xa4
    6fd4:	e59f0498 	ldr	r0, [pc, #1176]	@ 0x7474
    6fd8:	e1a01004 	mov	r1, r4
    6fdc:	e59d2000 	ldr	r2, [sp]
    6fe0:	e59fc490 	ldr	ip, [pc, #1168]	@ 0x7478
    6fe4:	e12fff3c 	blx	ip
    6fe8:	e3500000 	cmp	r0, #0
    6fec:	1a0000f1 	bne	0x73b8
    6ff0:	e59400a0 	ldr	r0, [r4, #160]	@ 0xa0
    6ff4:	e1a01000 	mov	r1, r0
    6ff8:	e594c038 	ldr	ip, [r4, #56]	@ 0x38
    6ffc:	e150000c 	cmp	r0, ip
    7000:	1a00000e 	bne	0x7040
    7004:	e2410001 	sub	r0, r1, #1
    7008:	e1a01000 	mov	r1, r0
    700c:	e5952030 	ldr	r2, [r5, #48]	@ 0x30
    7010:	e3e0c4fe 	mvn	ip, #-33554432	@ 0xfe000000
    7014:	e3ccc8fe 	bic	ip, ip, #16646144	@ 0xfe0000
    7018:	e150000c 	cmp	r0, ip
    701c:	8a0000e2 	bhi	0x73ac
    7020:	e3a03030 	mov	r3, #48	@ 0x30
    7024:	e7d320f0 			@ <UNDEFINED> instruction: 0xe7d320f0
    7028:	e594201c 	ldr	r2, [r4, #28]
    702c:	e5950030 	ldr	r0, [r5, #48]	@ 0x30
    7030:	e59fe3a0 	ldr	lr, [pc, #928]	@ 0x73d8
    7034:	e7f2e2fc 	udf	#11820	@ 0x2e2c
    7038:	2a0000db 	bcs	0x73ac
    703c:	e7e702f4 			@ <UNDEFINED> instruction: 0xe7e702f4
    7040:	e594c024 	ldr	ip, [r4, #36]	@ 0x24
    7044:	e38c8002 	orr	r8, ip, #2
    7048:	e594c018 	ldr	ip, [r4, #24]
    704c:	e20c0020 	and	r0, ip, #32
    7050:	e2412002 	sub	r2, r1, #2
    7054:	e5842060 	str	r2, [r4, #96]	@ 0x60
    7058:	e594c018 	ldr	ip, [r4, #24]
    705c:	e28c300f 	add	r3, ip, #15
    7060:	e595a030 	ldr	sl, [r5, #48]	@ 0x30
    7064:	e3e0c4fe 	mvn	ip, #-33554432	@ 0xfe000000
    7068:	e3ccc8fe 	bic	ip, ip, #16646144	@ 0xfe0000
    706c:	e152000c 	cmp	r2, ip
    7070:	8a0000cd 	bhi	0x73ac
    7074:	e7d3a2f0 			@ <UNDEFINED> instruction: 0xe7d3a2f0
    7078:	e2411001 	sub	r1, r1, #1
    707c:	e3570000 	cmp	r7, #0
    7080:	e3a0202d 	mov	r2, #45	@ 0x2d
    7084:	a3a0202b 	movge	r2, #43	@ 0x2b
    7088:	e5953030 	ldr	r3, [r5, #48]	@ 0x30
    708c:	e3e0c4fe 	mvn	ip, #-33554432	@ 0xfe000000
    7090:	e3ccc8fe 	bic	ip, ip, #16646144	@ 0xfe0000
    7094:	e151000c 	cmp	r1, ip
    7098:	8a0000c3 	bhi	0x73ac
    709c:	e7d231f0 			@ <UNDEFINED> instruction: 0xe7d231f0
    70a0:	e594c010 	ldr	ip, [r4, #16]
    70a4:	e35c0001 	cmp	ip, #1
    70a8:	e3a01000 	mov	r1, #0
    70ac:	b3a01001 	movlt	r1, #1
    70b0:	e594c014 	ldr	ip, [r4, #20]
    70b4:	e20c2008 	and	r2, ip, #8
    70b8:	e3520000 	cmp	r2, #0
    70bc:	e3a02000 	mov	r2, #0
    70c0:	03a02001 	moveq	r2, #1
    70c4:	e0011002 	and	r1, r1, r2
    70c8:	e594c01c 	ldr	ip, [r4, #28]
    70cc:	e28c2010 	add	r2, ip, #16
    70d0:	e1a03002 	mov	r3, r2
    70d4:	e1a07003 	mov	r7, r3
    70d8:	eebd7bc8 	vcvt.s32.f64	s14, d8
    70dc:	ee17aa10 	vmov	sl, s14
    70e0:	e1a0b00a 	mov	fp, sl
    70e4:	e28aab40 	add	sl, sl, #64, 22	@ 0x10000
    70e8:	e28aaf8c 	add	sl, sl, #140, 30	@ 0x230
    70ec:	e1a0600a 	mov	r6, sl
    70f0:	e5959030 	ldr	r9, [r5, #48]	@ 0x30
    70f4:	e3e0c4fe 	mvn	ip, #-33554432	@ 0xfe000000
    70f8:	e3ccc8fe 	bic	ip, ip, #16646144	@ 0xfe0000
    70fc:	e156000c 	cmp	r6, ip
    7100:	8a0000a9 	bhi	0x73ac
    7104:	e7ea96f0 			@ <UNDEFINED> instruction: 0xe7ea96f0
    7108:	e18aa000 	orr	sl, sl, r0
    710c:	e5956030 	ldr	r6, [r5, #48]	@ 0x30
    7110:	e3e0c4fe 	mvn	ip, #-33554432	@ 0xfe000000
    7114:	e3ccc8fe 	bic	ip, ip, #16646144	@ 0xfe0000
    7118:	e153000c 	cmp	r3, ip
    711c:	8a0000a2 	bhi	0x73ac
    7120:	e7da63f0 			@ <UNDEFINED> instruction: 0xe7da63f0
    7124:	ee07ba10 	vmov	s14, fp
    7128:	eeb80bc7 	vcvt.f64.s32	d0, s14
    712c:	ee380b40 	vsub.f64	d0, d8, d0
    7130:	e3a0c000 	mov	ip, #0
    7134:	e3a0e9c0 	mov	lr, #192, 18	@ 0x300000
    7138:	e38ee440 	orr	lr, lr, #64, 8	@ 0x40000000
    713c:	ec4eca11 	vmov	s2, s3, ip, lr
    7140:	ee208b01 	vmul.f64	d8, d0, d1
    7144:	e2873001 	add	r3, r7, #1
    7148:	e1a02003 	mov	r2, r3
    714c:	e594c01c 	ldr	ip, [r4, #28]
    7150:	e28c6010 	add	r6, ip, #16
    7154:	e0433006 	sub	r3, r3, r6
    7158:	e3530001 	cmp	r3, #1
    715c:	1a000010 	bne	0x71a4
    7160:	e3a0c000 	mov	ip, #0
    7164:	ec4cca10 	vmov	s0, s1, ip, ip
    7168:	eeb48b40 	vcmp.f64	d8, d0
    716c:	eef1fa10 	vmrs	APSR_nzcv, fpscr
    7170:	e3a03000 	mov	r3, #0
    7174:	03a03001 	moveq	r3, #1
    7178:	e1130001 	tst	r3, r1
    717c:	1a000008 	bne	0x71a4
    7180:	e1a06007 	mov	r6, r7
    7184:	e5953030 	ldr	r3, [r5, #48]	@ 0x30
    7188:	e3e0e4fe 	mvn	lr, #-33554432	@ 0xfe000000
    718c:	e3cee8fe 	bic	lr, lr, #16646144	@ 0xfe0000
    7190:	e7f6e0f1 	udf	#28161	@ 0x6e01
    7194:	2a000084 	bcs	0x73ac
    7198:	e3a0902e 	mov	r9, #46	@ 0x2e
    719c:	e7d936f0 			@ <UNDEFINED> instruction: 0xe7d936f0
    71a0:	e2872002 	add	r2, r7, #2
    71a4:	e3a0c000 	mov	ip, #0
    71a8:	ec4cca10 	vmov	s0, s1, ip, ip
    71ac:	eeb48b40 	vcmp.f64	d8, d0
    71b0:	eef1fa10 	vmrs	APSR_nzcv, fpscr
    71b4:	1affffc5 	bne	0x70d0
    71b8:	e3e0e000 	mvn	lr, #0
    71bc:	e584e034 	str	lr, [r4, #52]	@ 0x34
    71c0:	e594e060 	ldr	lr, [r4, #96]	@ 0x60
    71c4:	e594c038 	ldr	ip, [r4, #56]	@ 0x38
    71c8:	e04c000e 	sub	r0, ip, lr
    71cc:	e1a06000 	mov	r6, r0
    71d0:	e0880000 	add	r0, r8, r0
    71d4:	e1a01000 	mov	r1, r0
    71d8:	e3e0c3a0 	mvn	ip, #160, 6	@ 0x80000002
    71dc:	e04c0000 	sub	r0, ip, r0
    71e0:	e594c010 	ldr	ip, [r4, #16]
    71e4:	e15c0000 	cmp	ip, r0
    71e8:	ca000062 	bgt	0x7378
    71ec:	e594c010 	ldr	ip, [r4, #16]
    71f0:	e28c0002 	add	r0, ip, #2
    71f4:	e594c01c 	ldr	ip, [r4, #28]
    71f8:	e28c3010 	add	r3, ip, #16
    71fc:	e0422003 	sub	r2, r2, r3
    7200:	e1a07002 	mov	r7, r2
    7204:	e2473002 	sub	r3, r7, #2
    7208:	e594c010 	ldr	ip, [r4, #16]
    720c:	e153000c 	cmp	r3, ip
    7210:	a1a00002 	movge	r0, r2
    7214:	e594c010 	ldr	ip, [r4, #16]
    7218:	e35c0000 	cmp	ip, #0
    721c:	01a00007 	moveq	r0, r7
    7220:	e1a09000 	mov	r9, r0
    7224:	e0811000 	add	r1, r1, r0
    7228:	e1a0a001 	mov	sl, r1
    722c:	e3a0e020 	mov	lr, #32
    7230:	e584e0a4 	str	lr, [r4, #164]	@ 0xa4
    7234:	e58410ac 	str	r1, [r4, #172]	@ 0xac
    7238:	e59f023c 	ldr	r0, [pc, #572]	@ 0x747c
    723c:	e1a01004 	mov	r1, r4
    7240:	e59d2000 	ldr	r2, [sp]
    7244:	e59fc234 	ldr	ip, [pc, #564]	@ 0x7480
    7248:	e12fff3c 	blx	ip
    724c:	e3500000 	cmp	r0, #0
    7250:	1a000058 	bne	0x73b8
    7254:	e584805c 	str	r8, [r4, #92]	@ 0x5c
    7258:	e59f0224 	ldr	r0, [pc, #548]	@ 0x7484
    725c:	e1a01004 	mov	r1, r4
    7260:	e59d2000 	ldr	r2, [sp]
    7264:	e59fc21c 	ldr	ip, [pc, #540]	@ 0x7488
    7268:	e12fff3c 	blx	ip
    726c:	e3500000 	cmp	r0, #0
    7270:	1a000050 	bne	0x73b8
    7274:	e594c014 	ldr	ip, [r4, #20]
    7278:	e22c0b40 	eor	r0, ip, #64, 22	@ 0x10000
    727c:	e3a0e030 	mov	lr, #48	@ 0x30
    7280:	e584e0a4 	str	lr, [r4, #164]	@ 0xa4
    7284:	e584a030 	str	sl, [r4, #48]	@ 0x30
    7288:	e58400b0 	str	r0, [r4, #176]	@ 0xb0
    728c:	e59f01f8 	ldr	r0, [pc, #504]	@ 0x748c
    7290:	e1a01004 	mov	r1, r4
    7294:	e59d2000 	ldr	r2, [sp]
    7298:	e59fc1f0 	ldr	ip, [pc, #496]	@ 0x7490
    729c:	e12fff3c 	blx	ip
    72a0:	e3500000 	cmp	r0, #0
    72a4:	1a000043 	bne	0x73b8
    72a8:	e594c01c 	ldr	ip, [r4, #28]
    72ac:	e28c0010 	add	r0, ip, #16
    72b0:	e58400a4 	str	r0, [r4, #164]	@ 0xa4
    72b4:	e584702c 	str	r7, [r4, #44]	@ 0x2c
    72b8:	e59f01d4 	ldr	r0, [pc, #468]	@ 0x7494
    72bc:	e1a01004 	mov	r1, r4
    72c0:	e59d2000 	ldr	r2, [sp]
    72c4:	e59fc1cc 	ldr	ip, [pc, #460]	@ 0x7498
    72c8:	e12fff3c 	blx	ip
    72cc:	e3500000 	cmp	r0, #0
    72d0:	1a000038 	bne	0x73b8
    72d4:	e0499007 	sub	r9, r9, r7
    72d8:	e3a0e030 	mov	lr, #48	@ 0x30
    72dc:	e584e0a4 	str	lr, [r4, #164]	@ 0xa4
    72e0:	e58490a8 	str	r9, [r4, #168]	@ 0xa8
    72e4:	e3a0e000 	mov	lr, #0
    72e8:	e584e084 	str	lr, [r4, #132]	@ 0x84
    72ec:	e3a0e000 	mov	lr, #0
    72f0:	e584e084 	str	lr, [r4, #132]	@ 0x84
    72f4:	e59f01a0 	ldr	r0, [pc, #416]	@ 0x749c
    72f8:	e1a01004 	mov	r1, r4
    72fc:	e59d2000 	ldr	r2, [sp]
    7300:	e59fc198 	ldr	ip, [pc, #408]	@ 0x74a0
    7304:	e12fff3c 	blx	ip
    7308:	e3500000 	cmp	r0, #0
    730c:	1a000029 	bne	0x73b8
    7310:	e5846050 	str	r6, [r4, #80]	@ 0x50
    7314:	e59f0188 	ldr	r0, [pc, #392]	@ 0x74a4
    7318:	e1a01004 	mov	r1, r4
    731c:	e59d2000 	ldr	r2, [sp]
    7320:	e59fc180 	ldr	ip, [pc, #384]	@ 0x74a8
    7324:	e12fff3c 	blx	ip
    7328:	e3500000 	cmp	r0, #0
    732c:	1a000021 	bne	0x73b8
    7330:	e594c014 	ldr	ip, [r4, #20]
    7334:	e22c0d80 	eor	r0, ip, #128, 26	@ 0x2000
    7338:	e3a0e020 	mov	lr, #32
    733c:	e584e0a4 	str	lr, [r4, #164]	@ 0xa4
    7340:	e584a030 	str	sl, [r4, #48]	@ 0x30
    7344:	e58400b0 	str	r0, [r4, #176]	@ 0xb0
    7348:	e59f015c 	ldr	r0, [pc, #348]	@ 0x74ac
    734c:	e1a01004 	mov	r1, r4
    7350:	e59d2000 	ldr	r2, [sp]
    7354:	e59fc154 	ldr	ip, [pc, #340]	@ 0x74b0
    7358:	e12fff3c 	blx	ip
    735c:	e3500000 	cmp	r0, #0
    7360:	1a000014 	bne	0x73b8
    7364:	e594c00c 	ldr	ip, [r4, #12]
    7368:	e15c000a 	cmp	ip, sl
    736c:	e594e00c 	ldr	lr, [r4, #12]
    7370:	d1a0e00a 	movle	lr, sl
    7374:	e584e034 	str	lr, [r4, #52]	@ 0x34
    7378:	e594c01c 	ldr	ip, [r4, #28]
    737c:	e28c0f8c 	add	r0, ip, #140, 30	@ 0x230
    7380:	e595103c 	ldr	r1, [r5, #60]	@ 0x3c
    7384:	e5810008 	str	r0, [r1, #8]
    7388:	e59f0124 	ldr	r0, [pc, #292]	@ 0x74b4
    738c:	e30ccabc 	movw	ip, #51900	@ 0xcabc
    7390:	e34ccdef 	movt	ip, #52719	@ 0xcdef
    7394:	e28dd018 	add	sp, sp, #24
    7398:	ecbd8b02 	vpop	{d8}
    739c:	e28dd004 	add	sp, sp, #4
    73a0:	e8bd8fc0 	pop	{r6, r7, r8, r9, sl, fp, pc}
    73a4:	e3a00003 	mov	r0, #3
    73a8:	ea000000 	b	0x73b0
    73ac:	e3a00008 	mov	r0, #8
    73b0:	e59d1000 	ldr	r1, [sp]
    73b4:	e5810010 	str	r0, [r1, #16]
    73b8:	e59d0000 	ldr	r0, [sp]
    73bc:	e59d103c 	ldr	r1, [sp, #60]	@ 0x3c
    73c0:	e59fc0f0 	ldr	ip, [pc, #240]	@ 0x74b8
    73c4:	e12fff3c 	blx	ip
    73c8:	e28dd018 	add	sp, sp, #24
    73cc:	ea00003a 	b	0x74bc
	...
    73d8:	0101fffc 	strdeq	pc, [r1, -ip]
    73dc:	3b9aca00 	blcc	0xfe6b9be4
    73e0:	3b9ac9ff 	blcc	0xfe6b9be4
    73e4:	001f54c0 	andseq	r5, pc, r0, asr #9
    73e8:	001f54c0 	andseq	r5, pc, r0, asr #9
    73ec:	004087e0 	subeq	r8, r0, r0, ror #15
    73f0:	0004890c 	andeq	r8, r4, ip, lsl #18
    73f4:	004089cc 	subeq	r8, r0, ip, asr #19
    73f8:	0004890c 	andeq	r8, r4, ip, lsl #18
    73fc:	004089e4 	subeq	r8, r0, r4, ror #19
    7400:	0004890c 	andeq	r8, r4, ip, lsl #18
    7404:	00408a1c 	subeq	r8, r0, ip, lsl sl
    7408:	0004890c 	andeq	r8, r4, ip, lsl #18
    740c:	00408ac0 	subeq	r8, r0, r0, asr #21
    7410:	0004890c 	andeq	r8, r4, ip, lsl #18
    7414:	00408bf0 	strdeq	r8, [r0], #-176	@ 0xffffff50
    7418:	0004890c 	andeq	r8, r4, ip, lsl #18
    741c:	00408c54 	subeq	r8, r0, r4, asr ip
    7420:	0004890c 	andeq	r8, r4, ip, lsl #18
    7424:	00408ca4 	subeq	r8, r0, r4, lsr #25
    7428:	0004890c 	andeq	r8, r4, ip, lsl #18
    742c:	00408d8c 	subeq	r8, r0, ip, lsl #27
    7430:	0004890c 	andeq	r8, r4, ip, lsl #18
    7434:	00408eb4 	strheq	r8, [r0], #-228	@ 0xffffff1c
    7438:	0004890c 	andeq	r8, r4, ip, lsl #18
    743c:	00408fd8 	ldrdeq	r8, [r0], #-248	@ 0xffffff08
    7440:	0004890c 	andeq	r8, r4, ip, lsl #18
    7444:	0040901c 	subeq	r9, r0, ip, lsl r0
    7448:	0004890c 	andeq	r8, r4, ip, lsl #18
    744c:	00409060 	subeq	r9, r0, r0, rrx
    7450:	0004890c 	andeq	r8, r4, ip, lsl #18
    7454:	0040910c 	subeq	r9, r0, ip, lsl #2
    7458:	0004890c 	andeq	r8, r4, ip, lsl #18
    745c:	00409130 	subeq	r9, r0, r0, lsr r1
    7460:	0004890c 	andeq	r8, r4, ip, lsl #18
    7464:	00409184 	subeq	r9, r0, r4, lsl #3
    7468:	0004890c 	andeq	r8, r4, ip, lsl #18
    746c:	004091c0 	subeq	r9, r0, r0, asr #3
    7470:	0004890c 	andeq	r8, r4, ip, lsl #18
    7474:	004093b0 	strheq	r9, [r0], #-48	@ 0xffffffd0
    7478:	0004890c 	andeq	r8, r4, ip, lsl #18
    747c:	004097c0 	subeq	r9, r0, r0, asr #15
    7480:	0004890c 	andeq	r8, r4, ip, lsl #18
    7484:	004097d8 	ldrdeq	r9, [r0], #-120	@ 0xffffff88
    7488:	0004890c 	andeq	r8, r4, ip, lsl #18
    748c:	00409810 	subeq	r9, r0, r0, lsl r8
    7490:	0004890c 	andeq	r8, r4, ip, lsl #18
    7494:	00409840 	subeq	r9, r0, r0, asr #16
    7498:	0004890c 	andeq	r8, r4, ip, lsl #18
    749c:	0040986c 	subeq	r9, r0, ip, ror #16
    74a0:	0004890c 	andeq	r8, r4, ip, lsl #18
    74a4:	00409884 	subeq	r9, r0, r4, lsl #17
    74a8:	0004890c 	andeq	r8, r4, ip, lsl #18
    74ac:	004098bc 	strheq	r9, [r0], #-140	@ 0xffffff74
    74b0:	0004890c 	andeq	r8, r4, ip, lsl #18
    74b4:	00409910 	subeq	r9, r0, r0, lsl r9
    74b8:	00048004 	andeq	r8, r4, r4
    74bc:	ecbd8b02 	vpop	{d8}
    74c0:	e28dd004 	add	sp, sp, #4
    74c4:	e8bd0fc0 	pop	{r6, r7, r8, r9, sl, fp}
    74c8:	e28dd004 	add	sp, sp, #4
    74cc:	e12fff10 	bx	r0
    74d0:	e92d41c0 	push	{r6, r7, r8, lr}
    74d4:	e24dd008 	sub	sp, sp, #8
    74d8:	e58d0000 	str	r0, [sp]
    74dc:	e30cc123 	movw	ip, #49443	@ 0xc123
    74e0:	e34cc456 	movt	ip, #50262	@ 0xc456
    74e4:	e5946000 	ldr	r6, [r4]
    74e8:	e5940004 	ldr	r0, [r4, #4]
    74ec:	e1a03000 	mov	r3, r0
    74f0:	e5952030 	ldr	r2, [r5, #48]	@ 0x30
    74f4:	e59fcffc 	ldr	ip, [pc, #4092]	@ 0x84f8
    74f8:	e153000c 	cmp	r3, ip
    74fc:	8a000032 	bhi	0x75cc
    7500:	e7e123f4 			@ <UNDEFINED> instruction: 0xe7e123f4
    7504:	e2811007 	add	r1, r1, #7
    7508:	e3c11007 	bic	r1, r1, #7
    750c:	e1a02001 	mov	r2, r1
    7510:	e2811010 	add	r1, r1, #16
    7514:	e5953030 	ldr	r3, [r5, #48]	@ 0x30
    7518:	e59fcfd8 	ldr	ip, [pc, #4056]	@ 0x84f8
    751c:	e150000c 	cmp	r0, ip
    7520:	8a000029 	bhi	0x75cc
    7524:	e7d130f4 			@ <UNDEFINED> instruction: 0xe7d130f4
    7528:	e1a07002 	mov	r7, r2
    752c:	e5953030 	ldr	r3, [r5, #48]	@ 0x30
    7530:	e59fcfc4 	ldr	ip, [pc, #4036]	@ 0x84fc
    7534:	e157000c 	cmp	r7, ip
    7538:	8a000023 	bhi	0x75cc
    753c:	e083c007 	add	ip, r3, r7
    7540:	e59c0000 	ldr	r0, [ip]
    7544:	e59c1004 	ldr	r1, [ip, #4]
    7548:	e5958030 	ldr	r8, [r5, #48]	@ 0x30
    754c:	e59fefa8 	ldr	lr, [pc, #4008]	@ 0x84fc
    7550:	e7f2e0f8 	udf	#11784	@ 0x2e08
    7554:	2a00001c 	bcs	0x75cc
    7558:	e088c002 	add	ip, r8, r2
    755c:	e59c3000 	ldr	r3, [ip]
    7560:	e59c7004 	ldr	r7, [ip, #4]
    7564:	e584001c 	str	r0, [r4, #28]
    7568:	e5841020 	str	r1, [r4, #32]
    756c:	e5843024 	str	r3, [r4, #36]	@ 0x24
    7570:	e5847028 	str	r7, [r4, #40]	@ 0x28
    7574:	e59f0f84 	ldr	r0, [pc, #3972]	@ 0x8500
    7578:	e1a01004 	mov	r1, r4
    757c:	e59d2000 	ldr	r2, [sp]
    7580:	e59fcf7c 	ldr	ip, [pc, #3964]	@ 0x8504
    7584:	e12fff3c 	blx	ip
    7588:	e3500000 	cmp	r0, #0
    758c:	1a000011 	bne	0x75d8
    7590:	ed940b07 	vldr	d0, [r4, #28]
    7594:	e5950030 	ldr	r0, [r5, #48]	@ 0x30
    7598:	e59fcf5c 	ldr	ip, [pc, #3932]	@ 0x84fc
    759c:	e156000c 	cmp	r6, ip
    75a0:	8a000009 	bhi	0x75cc
    75a4:	ee10ea10 	vmov	lr, s0
    75a8:	e080c006 	add	ip, r0, r6
    75ac:	e58ce000 	str	lr, [ip]
    75b0:	ee10ea90 	vmov	lr, s1
    75b4:	e58ce004 	str	lr, [ip, #4]
    75b8:	e59f0f48 	ldr	r0, [pc, #3912]	@ 0x8508
    75bc:	e30ccabc 	movw	ip, #51900	@ 0xcabc
    75c0:	e34ccdef 	movt	ip, #52719	@ 0xcdef
    75c4:	e28dd008 	add	sp, sp, #8
    75c8:	e8bd81c0 	pop	{r6, r7, r8, pc}
    75cc:	e3a00008 	mov	r0, #8
    75d0:	e59d1000 	ldr	r1, [sp]
    75d4:	e5810010 	str	r0, [r1, #16]
    75d8:	e59d0000 	ldr	r0, [sp]
    75dc:	e59d1014 	ldr	r1, [sp, #20]
    75e0:	e59fcf24 	ldr	ip, [pc, #3876]	@ 0x850c
    75e4:	e12fff3c 	blx	ip
    75e8:	e28dd008 	add	sp, sp, #8
    75ec:	e8bd01c0 	pop	{r6, r7, r8}
    75f0:	e28dd004 	add	sp, sp, #4
    75f4:	e12fff10 	bx	r0
    75f8:	e52de004 	push	{lr}		@ (str lr, [sp, #-4]!)
    75fc:	e24dd004 	sub	sp, sp, #4
    7600:	e58d0000 	str	r0, [sp]
    7604:	e30cc123 	movw	ip, #49443	@ 0xc123
    7608:	e34cc456 	movt	ip, #50262	@ 0xc456
    760c:	ed940b00 	vldr	d0, [r4]
    7610:	ec510a10 	vmov	r0, r1, s0, s1
    7614:	e5840008 	str	r0, [r4, #8]
    7618:	e584100c 	str	r1, [r4, #12]
    761c:	e59f0eec 	ldr	r0, [pc, #3820]	@ 0x8510
    7620:	e30ccabc 	movw	ip, #51900	@ 0xcabc
    7624:	e34ccdef 	movt	ip, #52719	@ 0xcdef
    7628:	e28dd004 	add	sp, sp, #4
    762c:	e49df004 	pop	{pc}		@ (ldr pc, [sp], #4)
    7630:	e92d4040 	push	{r6, lr}
    7634:	e24dd008 	sub	sp, sp, #8
    7638:	e58d0000 	str	r0, [sp]
    763c:	e30cc123 	movw	ip, #49443	@ 0xc123
    7640:	e34cc456 	movt	ip, #50262	@ 0xc456
    7644:	e5946000 	ldr	r6, [r4]
    7648:	e3560000 	cmp	r6, #0
    764c:	1a000003 	bne	0x7660
    7650:	e3a0e000 	mov	lr, #0
    7654:	e584e004 	str	lr, [r4, #4]
    7658:	e59f0eb4 	ldr	r0, [pc, #3764]	@ 0x8514
    765c:	ea000013 	b	0x76b0
    7660:	e3a009fe 	mov	r0, #4161536	@ 0x3f8000
    7664:	e3800ebe 	orr	r0, r0, #3040	@ 0xbe0
    7668:	e1a01004 	mov	r1, r4
    766c:	e59d2000 	ldr	r2, [sp]
    7670:	e59fcea0 	ldr	ip, [pc, #3744]	@ 0x8518
    7674:	e12fff3c 	blx	ip
    7678:	e3500000 	cmp	r0, #0
    767c:	1a000010 	bne	0x76c4
    7680:	e594000c 	ldr	r0, [r4, #12]
    7684:	e5951030 	ldr	r1, [r5, #48]	@ 0x30
    7688:	e59fce68 	ldr	ip, [pc, #3688]	@ 0x84f8
    768c:	e150000c 	cmp	r0, ip
    7690:	8a000008 	bhi	0x76b8
    7694:	e7d610f4 			@ <UNDEFINED> instruction: 0xe7d610f4
    7698:	e3e0e000 	mvn	lr, #0
    769c:	e584e008 	str	lr, [r4, #8]
    76a0:	e3a009fe 	mov	r0, #4161536	@ 0x3f8000
    76a4:	e3800ec0 	orr	r0, r0, #192, 28	@ 0xc00
    76a8:	e30ccabc 	movw	ip, #51900	@ 0xcabc
    76ac:	e34ccdef 	movt	ip, #52719	@ 0xcdef
    76b0:	e28dd008 	add	sp, sp, #8
    76b4:	e8bd8040 	pop	{r6, pc}
    76b8:	e3a00008 	mov	r0, #8
    76bc:	e59d1000 	ldr	r1, [sp]
    76c0:	e5810010 	str	r0, [r1, #16]
    76c4:	e59d0000 	ldr	r0, [sp]
    76c8:	e59d100c 	ldr	r1, [sp, #12]
    76cc:	e59fce48 	ldr	ip, [pc, #3656]	@ 0x851c
    76d0:	e12fff3c 	blx	ip
    76d4:	e59d6008 	ldr	r6, [sp, #8]
    76d8:	e28dd010 	add	sp, sp, #16
    76dc:	e12fff10 	bx	r0
    76e0:	e52de004 	push	{lr}		@ (str lr, [sp, #-4]!)
    76e4:	e24dd004 	sub	sp, sp, #4
    76e8:	e58d0000 	str	r0, [sp]
    76ec:	e30cc123 	movw	ip, #49443	@ 0xc123
    76f0:	e34cc456 	movt	ip, #50262	@ 0xc456
    76f4:	e3a0e02a 	mov	lr, #42	@ 0x2a
    76f8:	e584e000 	str	lr, [r4]
    76fc:	e59f0e1c 	ldr	r0, [pc, #3612]	@ 0x8520
    7700:	e30ccabc 	movw	ip, #51900	@ 0xcabc
    7704:	e34ccdef 	movt	ip, #52719	@ 0xcdef
    7708:	e28dd004 	add	sp, sp, #4
    770c:	e49df004 	pop	{pc}		@ (ldr pc, [sp], #4)
    7710:	e52de004 	push	{lr}		@ (str lr, [sp, #-4]!)
    7714:	e24dd004 	sub	sp, sp, #4
    7718:	e58d0000 	str	r0, [sp]
    771c:	e30cc123 	movw	ip, #49443	@ 0xc123
    7720:	e34cc456 	movt	ip, #50262	@ 0xc456
    7724:	e3a009ff 	mov	r0, #4177920	@ 0x3fc000
    7728:	e3800eee 	orr	r0, r0, #3808	@ 0xee0
    772c:	e1a01004 	mov	r1, r4
    7730:	e59d2000 	ldr	r2, [sp]
    7734:	e59fcde8 	ldr	ip, [pc, #3560]	@ 0x8524
    7738:	e12fff3c 	blx	ip
    773c:	e3500000 	cmp	r0, #0
    7740:	1a000006 	bne	0x7760
    7744:	e5940000 	ldr	r0, [r4]
    7748:	e5840000 	str	r0, [r4]
    774c:	e59f0dd4 	ldr	r0, [pc, #3540]	@ 0x8528
    7750:	e30ccabc 	movw	ip, #51900	@ 0xcabc
    7754:	e34ccdef 	movt	ip, #52719	@ 0xcdef
    7758:	e28dd004 	add	sp, sp, #4
    775c:	e49df004 	pop	{pc}		@ (ldr pc, [sp], #4)
    7760:	e59d0000 	ldr	r0, [sp]
    7764:	e59d1004 	ldr	r1, [sp, #4]
    7768:	e59fcdbc 	ldr	ip, [pc, #3516]	@ 0x852c
    776c:	e12fff3c 	blx	ip
    7770:	e28dd008 	add	sp, sp, #8
    7774:	e12fff10 	bx	r0
    7778:	e52de004 	push	{lr}		@ (str lr, [sp, #-4]!)
    777c:	e24dd004 	sub	sp, sp, #4
    7780:	e58d0000 	str	r0, [sp]
    7784:	e30cc123 	movw	ip, #49443	@ 0xc123
    7788:	e34cc456 	movt	ip, #50262	@ 0xc456
    778c:	e3a0eb4c 	mov	lr, #76, 22	@ 0x13000
    7790:	e38ee070 	orr	lr, lr, #112	@ 0x70
    7794:	e584e000 	str	lr, [r4]
    7798:	e59f0d90 	ldr	r0, [pc, #3472]	@ 0x8530
    779c:	e30ccabc 	movw	ip, #51900	@ 0xcabc
    77a0:	e34ccdef 	movt	ip, #52719	@ 0xcdef
    77a4:	e28dd004 	add	sp, sp, #4
    77a8:	e49df004 	pop	{pc}		@ (ldr pc, [sp], #4)
    77ac:	e52de004 	push	{lr}		@ (str lr, [sp, #-4]!)
    77b0:	e24dd004 	sub	sp, sp, #4
    77b4:	e58d0000 	str	r0, [sp]
    77b8:	e30cc123 	movw	ip, #49443	@ 0xc123
    77bc:	e34cc456 	movt	ip, #50262	@ 0xc456
    77c0:	e5950030 	ldr	r0, [r5, #48]	@ 0x30
    77c4:	e3a0eb4c 	mov	lr, #76, 22	@ 0x13000
    77c8:	e38ee058 	orr	lr, lr, #88	@ 0x58
    77cc:	e280cb50 	add	ip, r0, #80, 22	@ 0x14000
    77d0:	e50cef30 	str	lr, [ip, #-3888]	@ 0xfffff0d0
    77d4:	e3a009fe 	mov	r0, #4161536	@ 0x3f8000
    77d8:	e3800fd0 	orr	r0, r0, #208, 30	@ 0x340
    77dc:	e1a01004 	mov	r1, r4
    77e0:	e59d2000 	ldr	r2, [sp]
    77e4:	e59fcd48 	ldr	ip, [pc, #3400]	@ 0x8534
    77e8:	e12fff3c 	blx	ip
    77ec:	e3500000 	cmp	r0, #0
    77f0:	1a000018 	bne	0x7858
    77f4:	e5940010 	ldr	r0, [r4, #16]
    77f8:	e3a0cb40 	mov	ip, #64, 22	@ 0x10000
    77fc:	e24c1000 	sub	r1, ip, #0
    7800:	e5952030 	ldr	r2, [r5, #48]	@ 0x30
    7804:	e282cb50 	add	ip, r2, #80, 22	@ 0x14000
    7808:	e50c1f58 	str	r1, [ip, #-3928]	@ 0xfffff0a8
    780c:	e5951030 	ldr	r1, [r5, #48]	@ 0x30
    7810:	e3a0eb40 	mov	lr, #64, 22	@ 0x10000
    7814:	e281cb50 	add	ip, r1, #80, 22	@ 0x14000
    7818:	e50cef5c 	str	lr, [ip, #-3932]	@ 0xfffff0a4
    781c:	e5951030 	ldr	r1, [r5, #48]	@ 0x30
    7820:	e281cb50 	add	ip, r1, #80, 22	@ 0x14000
    7824:	e50c0f78 	str	r0, [ip, #-3960]	@ 0xfffff088
    7828:	e5951030 	ldr	r1, [r5, #48]	@ 0x30
    782c:	e281cb40 	add	ip, r1, #64, 22	@ 0x10000
    7830:	e59c0b7c 	ldr	r0, [ip, #2940]	@ 0xb7c
    7834:	e5951030 	ldr	r1, [r5, #48]	@ 0x30
    7838:	e281cb50 	add	ip, r1, #80, 22	@ 0x14000
    783c:	e50c0f54 	str	r0, [ip, #-3924]	@ 0xfffff0ac
    7840:	e3a009fe 	mov	r0, #4161536	@ 0x3f8000
    7844:	e3800fea 	orr	r0, r0, #936	@ 0x3a8
    7848:	e30ccabc 	movw	ip, #51900	@ 0xcabc
    784c:	e34ccdef 	movt	ip, #52719	@ 0xcdef
    7850:	e28dd004 	add	sp, sp, #4
    7854:	e49df004 	pop	{pc}		@ (ldr pc, [sp], #4)
    7858:	e59d0000 	ldr	r0, [sp]
    785c:	e59d1004 	ldr	r1, [sp, #4]
    7860:	e59fccd0 	ldr	ip, [pc, #3280]	@ 0x8538
    7864:	e12fff3c 	blx	ip
    7868:	e28dd008 	add	sp, sp, #8
    786c:	e12fff10 	bx	r0
    7870:	e92d40c0 	push	{r6, r7, lr}
    7874:	e24dd004 	sub	sp, sp, #4
    7878:	e58d0000 	str	r0, [sp]
    787c:	e30cc123 	movw	ip, #49443	@ 0xc123
    7880:	e34cc456 	movt	ip, #50262	@ 0xc456
    7884:	e5946000 	ldr	r6, [r4]
    7888:	e5947004 	ldr	r7, [r4, #4]
    788c:	e3a00001 	mov	r0, #1
    7890:	e3560000 	cmp	r6, #0
    7894:	0a0000aa 	beq	0x7b44
    7898:	e357007f 	cmp	r7, #127	@ 0x7f
    789c:	9a0000ab 	bls	0x7b50
    78a0:	e59f0c94 	ldr	r0, [pc, #3220]	@ 0x853c
    78a4:	e1a01004 	mov	r1, r4
    78a8:	e59d2000 	ldr	r2, [sp]
    78ac:	e59fcc8c 	ldr	ip, [pc, #3212]	@ 0x8540
    78b0:	e12fff3c 	blx	ip
    78b4:	e3500000 	cmp	r0, #0
    78b8:	1a0000b4 	bne	0x7b90
    78bc:	e5941028 	ldr	r1, [r4, #40]	@ 0x28
    78c0:	e1a03001 	mov	r3, r1
    78c4:	e5952030 	ldr	r2, [r5, #48]	@ 0x30
    78c8:	e59fec28 	ldr	lr, [pc, #3112]	@ 0x84f8
    78cc:	e7f3e6f0 	udf	#15968	@ 0x3e60
    78d0:	2a0000ab 	bcs	0x7b84
    78d4:	e7e123f4 			@ <UNDEFINED> instruction: 0xe7e123f4
    78d8:	e1a03001 	mov	r3, r1
    78dc:	e5952030 	ldr	r2, [r5, #48]	@ 0x30
    78e0:	e59fcc10 	ldr	ip, [pc, #3088]	@ 0x84f8
    78e4:	e153000c 	cmp	r3, ip
    78e8:	8a0000a5 	bhi	0x7b84
    78ec:	e7e123f4 			@ <UNDEFINED> instruction: 0xe7e123f4
    78f0:	e3510000 	cmp	r1, #0
    78f4:	1a000013 	bne	0x7948
    78f8:	e3c7107f 	bic	r1, r7, #127	@ 0x7f
    78fc:	e3a0ccdf 	mov	ip, #57088	@ 0xdf00
    7900:	e38cc080 	orr	ip, ip, #128	@ 0x80
    7904:	e151000c 	cmp	r1, ip
    7908:	0a000090 	beq	0x7b50
    790c:	e59f0c30 	ldr	r0, [pc, #3120]	@ 0x8544
    7910:	e1a01004 	mov	r1, r4
    7914:	e59d2000 	ldr	r2, [sp]
    7918:	e59fcc28 	ldr	ip, [pc, #3112]	@ 0x8548
    791c:	e12fff3c 	blx	ip
    7920:	e3500000 	cmp	r0, #0
    7924:	1a000099 	bne	0x7b90
    7928:	e5941028 	ldr	r1, [r4, #40]	@ 0x28
    792c:	e5952030 	ldr	r2, [r5, #48]	@ 0x30
    7930:	e59fcbc0 	ldr	ip, [pc, #3008]	@ 0x84f8
    7934:	e151000c 	cmp	r1, ip
    7938:	8a000091 	bhi	0x7b84
    793c:	e3a03019 	mov	r3, #25
    7940:	e7d321f4 			@ <UNDEFINED> instruction: 0xe7d321f4
    7944:	ea00007d 	b	0x7b40
    7948:	e3a0cc07 	mov	ip, #1792	@ 0x700
    794c:	e38cc0ff 	orr	ip, ip, #255	@ 0xff
    7950:	e157000c 	cmp	r7, ip
    7954:	8a000015 	bhi	0x79b0
    7958:	e207103f 	and	r1, r7, #63	@ 0x3f
    795c:	e3811080 	orr	r1, r1, #128	@ 0x80
    7960:	e1a03006 	mov	r3, r6
    7964:	e5952030 	ldr	r2, [r5, #48]	@ 0x30
    7968:	e3e0e4fe 	mvn	lr, #-33554432	@ 0xfe000000
    796c:	e3cee8fe 	bic	lr, lr, #16646144	@ 0xfe0000
    7970:	e7f3e0f1 	udf	#15873	@ 0x3e01
    7974:	2a000082 	bcs	0x7b84
    7978:	e7d123f0 			@ <UNDEFINED> instruction: 0xe7d123f0
    797c:	e1a01327 	lsr	r1, r7, #6
    7980:	e38110c0 	orr	r1, r1, #192	@ 0xc0
    7984:	e1a03006 	mov	r3, r6
    7988:	e5952030 	ldr	r2, [r5, #48]	@ 0x30
    798c:	e3e0c4fe 	mvn	ip, #-33554432	@ 0xfe000000
    7990:	e3ccc8fe 	bic	ip, ip, #16646144	@ 0xfe0000
    7994:	e153000c 	cmp	r3, ip
    7998:	8a000079 	bhi	0x7b84
    799c:	e7d123f0 			@ <UNDEFINED> instruction: 0xe7d123f0
    79a0:	e3a0e002 	mov	lr, #2
    79a4:	e584e028 	str	lr, [r4, #40]	@ 0x28
    79a8:	e59f0b9c 	ldr	r0, [pc, #2972]	@ 0x854c
    79ac:	ea000072 	b	0x7b7c
    79b0:	e3570cd8 	cmp	r7, #216, 24	@ 0xd800
    79b4:	3a000004 	bcc	0x79cc
    79b8:	e3e0cc1f 	mvn	ip, #7936	@ 0x1f00
    79bc:	e3ccc0ff 	bic	ip, ip, #255	@ 0xff
    79c0:	e007100c 	and	r1, r7, ip
    79c4:	e3510ce0 	cmp	r1, #224, 24	@ 0xe000
    79c8:	1a00001f 	bne	0x7a4c
    79cc:	e207103f 	and	r1, r7, #63	@ 0x3f
    79d0:	e3811080 	orr	r1, r1, #128	@ 0x80
    79d4:	e1a03006 	mov	r3, r6
    79d8:	e5952030 	ldr	r2, [r5, #48]	@ 0x30
    79dc:	e3e0e4fe 	mvn	lr, #-33554432	@ 0xfe000000
    79e0:	e3cee8fe 	bic	lr, lr, #16646144	@ 0xfe0000
    79e4:	e7f3e0f2 	udf	#15874	@ 0x3e02
    79e8:	2a000065 	bcs	0x7b84
    79ec:	e7d123f0 			@ <UNDEFINED> instruction: 0xe7d123f0
    79f0:	e1a01627 	lsr	r1, r7, #12
    79f4:	e38110e0 	orr	r1, r1, #224	@ 0xe0
    79f8:	e1a03006 	mov	r3, r6
    79fc:	e5952030 	ldr	r2, [r5, #48]	@ 0x30
    7a00:	e3e0c4fe 	mvn	ip, #-33554432	@ 0xfe000000
    7a04:	e3ccc8fe 	bic	ip, ip, #16646144	@ 0xfe0000
    7a08:	e153000c 	cmp	r3, ip
    7a0c:	8a00005c 	bhi	0x7b84
    7a10:	e7d123f0 			@ <UNDEFINED> instruction: 0xe7d123f0
    7a14:	e1a01327 	lsr	r1, r7, #6
    7a18:	e201103f 	and	r1, r1, #63	@ 0x3f
    7a1c:	e3811080 	orr	r1, r1, #128	@ 0x80
    7a20:	e1a03006 	mov	r3, r6
    7a24:	e5952030 	ldr	r2, [r5, #48]	@ 0x30
    7a28:	e3e0e4fe 	mvn	lr, #-33554432	@ 0xfe000000
    7a2c:	e3cee8fe 	bic	lr, lr, #16646144	@ 0xfe0000
    7a30:	e7f3e0f1 	udf	#15873	@ 0x3e01
    7a34:	2a000052 	bcs	0x7b84
    7a38:	e7d123f0 			@ <UNDEFINED> instruction: 0xe7d123f0
    7a3c:	e3a0e003 	mov	lr, #3
    7a40:	e584e028 	str	lr, [r4, #40]	@ 0x28
    7a44:	e59f0b04 	ldr	r0, [pc, #2820]	@ 0x8550
    7a48:	ea00004b 	b	0x7b7c
    7a4c:	e2471b40 	sub	r1, r7, #64, 22	@ 0x10000
    7a50:	e3e0c20f 	mvn	ip, #-268435456	@ 0xf0000000
    7a54:	e3ccc6ff 	bic	ip, ip, #267386880	@ 0xff00000
    7a58:	e151000c 	cmp	r1, ip
    7a5c:	8a000029 	bhi	0x7b08
    7a60:	e207103f 	and	r1, r7, #63	@ 0x3f
    7a64:	e3811080 	orr	r1, r1, #128	@ 0x80
    7a68:	e1a03006 	mov	r3, r6
    7a6c:	e5952030 	ldr	r2, [r5, #48]	@ 0x30
    7a70:	e3e0e4fe 	mvn	lr, #-33554432	@ 0xfe000000
    7a74:	e3cee8fe 	bic	lr, lr, #16646144	@ 0xfe0000
    7a78:	e7f3e0f3 	udf	#15875	@ 0x3e03
    7a7c:	2a000040 	bcs	0x7b84
    7a80:	e7d123f0 			@ <UNDEFINED> instruction: 0xe7d123f0
    7a84:	e1a01927 	lsr	r1, r7, #18
    7a88:	e38110f0 	orr	r1, r1, #240	@ 0xf0
    7a8c:	e1a03006 	mov	r3, r6
    7a90:	e5952030 	ldr	r2, [r5, #48]	@ 0x30
    7a94:	e3e0c4fe 	mvn	ip, #-33554432	@ 0xfe000000
    7a98:	e3ccc8fe 	bic	ip, ip, #16646144	@ 0xfe0000
    7a9c:	e153000c 	cmp	r3, ip
    7aa0:	8a000037 	bhi	0x7b84
    7aa4:	e7d123f0 			@ <UNDEFINED> instruction: 0xe7d123f0
    7aa8:	e1a01327 	lsr	r1, r7, #6
    7aac:	e201103f 	and	r1, r1, #63	@ 0x3f
    7ab0:	e3811080 	orr	r1, r1, #128	@ 0x80
    7ab4:	e1a03006 	mov	r3, r6
    7ab8:	e5952030 	ldr	r2, [r5, #48]	@ 0x30
    7abc:	e3e0e4fe 	mvn	lr, #-33554432	@ 0xfe000000
    7ac0:	e3cee8fe 	bic	lr, lr, #16646144	@ 0xfe0000
    7ac4:	e7f3e0f2 	udf	#15874	@ 0x3e02
    7ac8:	2a00002d 	bcs	0x7b84
    7acc:	e7d123f0 			@ <UNDEFINED> instruction: 0xe7d123f0
    7ad0:	e1a01627 	lsr	r1, r7, #12
    7ad4:	e201103f 	and	r1, r1, #63	@ 0x3f
    7ad8:	e3811080 	orr	r1, r1, #128	@ 0x80
    7adc:	e1a03006 	mov	r3, r6
    7ae0:	e5952030 	ldr	r2, [r5, #48]	@ 0x30
    7ae4:	e3e0e4fe 	mvn	lr, #-33554432	@ 0xfe000000
    7ae8:	e3cee8fe 	bic	lr, lr, #16646144	@ 0xfe0000
    7aec:	e7f3e0f1 	udf	#15873	@ 0x3e01
    7af0:	2a000023 	bcs	0x7b84
    7af4:	e7d123f0 			@ <UNDEFINED> instruction: 0xe7d123f0
    7af8:	e3a0e004 	mov	lr, #4
    7afc:	e584e028 	str	lr, [r4, #40]	@ 0x28
    7b00:	e59f0a4c 	ldr	r0, [pc, #2636]	@ 0x8554
    7b04:	ea00001c 	b	0x7b7c
    7b08:	e59f0a48 	ldr	r0, [pc, #2632]	@ 0x8558
    7b0c:	e1a01004 	mov	r1, r4
    7b10:	e59d2000 	ldr	r2, [sp]
    7b14:	e59fca40 	ldr	ip, [pc, #2624]	@ 0x855c
    7b18:	e12fff3c 	blx	ip
    7b1c:	e3500000 	cmp	r0, #0
    7b20:	1a00001a 	bne	0x7b90
    7b24:	e5941028 	ldr	r1, [r4, #40]	@ 0x28
    7b28:	e5952030 	ldr	r2, [r5, #48]	@ 0x30
    7b2c:	e59fc9c4 	ldr	ip, [pc, #2500]	@ 0x84f8
    7b30:	e151000c 	cmp	r1, ip
    7b34:	8a000012 	bhi	0x7b84
    7b38:	e3a03019 	mov	r3, #25
    7b3c:	e7d321f4 			@ <UNDEFINED> instruction: 0xe7d321f4
    7b40:	e3e00000 	mvn	r0, #0
    7b44:	e584000c 	str	r0, [r4, #12]
    7b48:	e59f0a10 	ldr	r0, [pc, #2576]	@ 0x8560
    7b4c:	ea00000a 	b	0x7b7c
    7b50:	e5950030 	ldr	r0, [r5, #48]	@ 0x30
    7b54:	e3e0c4fe 	mvn	ip, #-33554432	@ 0xfe000000
    7b58:	e3ccc8fe 	bic	ip, ip, #16646144	@ 0xfe0000
    7b5c:	e156000c 	cmp	r6, ip
    7b60:	8a000007 	bhi	0x7b84
    7b64:	e7d706f0 			@ <UNDEFINED> instruction: 0xe7d706f0
    7b68:	e3a0e001 	mov	lr, #1
    7b6c:	e584e014 	str	lr, [r4, #20]
    7b70:	e59f09ec 	ldr	r0, [pc, #2540]	@ 0x8564
    7b74:	e30ccabc 	movw	ip, #51900	@ 0xcabc
    7b78:	e34ccdef 	movt	ip, #52719	@ 0xcdef
    7b7c:	e28dd004 	add	sp, sp, #4
    7b80:	e8bd80c0 	pop	{r6, r7, pc}
    7b84:	e3a00008 	mov	r0, #8
    7b88:	e59d1000 	ldr	r1, [sp]
    7b8c:	e5810010 	str	r0, [r1, #16]
    7b90:	e59d0000 	ldr	r0, [sp]
    7b94:	e59d100c 	ldr	r1, [sp, #12]
    7b98:	e59fc9c8 	ldr	ip, [pc, #2504]	@ 0x8568
    7b9c:	e12fff3c 	blx	ip
    7ba0:	e28dd004 	add	sp, sp, #4
    7ba4:	e8bd00c0 	pop	{r6, r7}
    7ba8:	e28dd004 	add	sp, sp, #4
    7bac:	e12fff10 	bx	r0
    7bb0:	e52de004 	push	{lr}		@ (str lr, [sp, #-4]!)
    7bb4:	e24dd004 	sub	sp, sp, #4
    7bb8:	e58d0000 	str	r0, [sp]
    7bbc:	e30cc123 	movw	ip, #49443	@ 0xc123
    7bc0:	e34cc456 	movt	ip, #50262	@ 0xc456
    7bc4:	e5940000 	ldr	r0, [r4]
    7bc8:	e5941004 	ldr	r1, [r4, #4]
    7bcc:	e3500000 	cmp	r0, #0
    7bd0:	1a000004 	bne	0x7be8
    7bd4:	e3a0e000 	mov	lr, #0
    7bd8:	e584e008 	str	lr, [r4, #8]
    7bdc:	e3a009fd 	mov	r0, #4145152	@ 0x3f4000
    7be0:	e3800dd2 	orr	r0, r0, #13440	@ 0x3480
    7be4:	ea00000f 	b	0x7c28
    7be8:	e5840000 	str	r0, [r4]
    7bec:	e5841004 	str	r1, [r4, #4]
    7bf0:	e3a0e000 	mov	lr, #0
    7bf4:	e584e008 	str	lr, [r4, #8]
    7bf8:	e59f096c 	ldr	r0, [pc, #2412]	@ 0x856c
    7bfc:	e1a01004 	mov	r1, r4
    7c00:	e59d2000 	ldr	r2, [sp]
    7c04:	e59fc964 	ldr	ip, [pc, #2404]	@ 0x8570
    7c08:	e12fff3c 	blx	ip
    7c0c:	e3500000 	cmp	r0, #0
    7c10:	1a000006 	bne	0x7c30
    7c14:	e594000c 	ldr	r0, [r4, #12]
    7c18:	e584000c 	str	r0, [r4, #12]
    7c1c:	e59f0950 	ldr	r0, [pc, #2384]	@ 0x8574
    7c20:	e30ccabc 	movw	ip, #51900	@ 0xcabc
    7c24:	e34ccdef 	movt	ip, #52719	@ 0xcdef
    7c28:	e28dd004 	add	sp, sp, #4
    7c2c:	e49df004 	pop	{pc}		@ (ldr pc, [sp], #4)
    7c30:	e59d0000 	ldr	r0, [sp]
    7c34:	e59d1004 	ldr	r1, [sp, #4]
    7c38:	e59fc938 	ldr	ip, [pc, #2360]	@ 0x8578
    7c3c:	e12fff3c 	blx	ip
    7c40:	e28dd008 	add	sp, sp, #8
    7c44:	e12fff10 	bx	r0
    7c48:	e52de004 	push	{lr}		@ (str lr, [sp, #-4]!)
    7c4c:	e24dd004 	sub	sp, sp, #4
    7c50:	e58d0000 	str	r0, [sp]
    7c54:	e30cc123 	movw	ip, #49443	@ 0xc123
    7c58:	e34cc456 	movt	ip, #50262	@ 0xc456
    7c5c:	e5940000 	ldr	r0, [r4]
    7c60:	e5840000 	str	r0, [r4]
    7c64:	e3a00840 	mov	r0, #64, 16	@ 0x400000
    7c68:	e3800e6c 	orr	r0, r0, #108, 28	@ 0x6c0
    7c6c:	e30ccabc 	movw	ip, #51900	@ 0xcabc
    7c70:	e34ccdef 	movt	ip, #52719	@ 0xcdef
    7c74:	e28dd004 	add	sp, sp, #4
    7c78:	e49df004 	pop	{pc}		@ (ldr pc, [sp], #4)
    7c7c:	e52de004 	push	{lr}		@ (str lr, [sp, #-4]!)
    7c80:	e24dd004 	sub	sp, sp, #4
    7c84:	e58d0000 	str	r0, [sp]
    7c88:	e30cc123 	movw	ip, #49443	@ 0xc123
    7c8c:	e34cc456 	movt	ip, #50262	@ 0xc456
    7c90:	e5940000 	ldr	r0, [r4]
    7c94:	e1a02000 	mov	r2, r0
    7c98:	e5951030 	ldr	r1, [r5, #48]	@ 0x30
    7c9c:	e59fe854 	ldr	lr, [pc, #2132]	@ 0x84f8
    7ca0:	e7f2e3fc 	udf	#11836	@ 0x2e3c
    7ca4:	2a000021 	bcs	0x7d30
    7ca8:	e7e012f4 			@ <UNDEFINED> instruction: 0xe7e012f4
    7cac:	e5840004 	str	r0, [r4, #4]
    7cb0:	e59f08c4 	ldr	r0, [pc, #2244]	@ 0x857c
    7cb4:	e1a01004 	mov	r1, r4
    7cb8:	e59d2000 	ldr	r2, [sp]
    7cbc:	e59fc8bc 	ldr	ip, [pc, #2236]	@ 0x8580
    7cc0:	e12fff3c 	blx	ip
    7cc4:	e3500000 	cmp	r0, #0
    7cc8:	1a00001b 	bne	0x7d3c
    7ccc:	e5940004 	ldr	r0, [r4, #4]
    7cd0:	e5840004 	str	r0, [r4, #4]
    7cd4:	e59f08a8 	ldr	r0, [pc, #2216]	@ 0x8584
    7cd8:	e1a01004 	mov	r1, r4
    7cdc:	e59d2000 	ldr	r2, [sp]
    7ce0:	e59fc8a0 	ldr	ip, [pc, #2208]	@ 0x8588
    7ce4:	e12fff3c 	blx	ip
    7ce8:	e3500000 	cmp	r0, #0
    7cec:	1a000012 	bne	0x7d3c
    7cf0:	e5940004 	ldr	r0, [r4, #4]
    7cf4:	e5840004 	str	r0, [r4, #4]
    7cf8:	e59f088c 	ldr	r0, [pc, #2188]	@ 0x858c
    7cfc:	e1a01004 	mov	r1, r4
    7d00:	e59d2000 	ldr	r2, [sp]
    7d04:	e59fc884 	ldr	ip, [pc, #2180]	@ 0x8590
    7d08:	e12fff3c 	blx	ip
    7d0c:	e3500000 	cmp	r0, #0
    7d10:	1a000009 	bne	0x7d3c
    7d14:	e5940004 	ldr	r0, [r4, #4]
    7d18:	e5840004 	str	r0, [r4, #4]
    7d1c:	e59f0870 	ldr	r0, [pc, #2160]	@ 0x8594
    7d20:	e30ccabc 	movw	ip, #51900	@ 0xcabc
    7d24:	e34ccdef 	movt	ip, #52719	@ 0xcdef
    7d28:	e28dd004 	add	sp, sp, #4
    7d2c:	e49df004 	pop	{pc}		@ (ldr pc, [sp], #4)
    7d30:	e3a00008 	mov	r0, #8
    7d34:	e59d1000 	ldr	r1, [sp]
    7d38:	e5810010 	str	r0, [r1, #16]
    7d3c:	e59d0000 	ldr	r0, [sp]
    7d40:	e59d1004 	ldr	r1, [sp, #4]
    7d44:	e59fc84c 	ldr	ip, [pc, #2124]	@ 0x8598
    7d48:	e12fff3c 	blx	ip
    7d4c:	e28dd008 	add	sp, sp, #8
    7d50:	e12fff10 	bx	r0
    7d54:	e92d41c0 	push	{r6, r7, r8, lr}
    7d58:	e24dd008 	sub	sp, sp, #8
    7d5c:	e58d0000 	str	r0, [sp]
    7d60:	e30cc123 	movw	ip, #49443	@ 0xc123
    7d64:	e34cc456 	movt	ip, #50262	@ 0xc456
    7d68:	e5940000 	ldr	r0, [r4]
    7d6c:	e5941004 	ldr	r1, [r4, #4]
    7d70:	e5942008 	ldr	r2, [r4, #8]
    7d74:	e594300c 	ldr	r3, [r4, #12]
    7d78:	e595e03c 	ldr	lr, [r5, #60]	@ 0x3c
    7d7c:	e59e6008 	ldr	r6, [lr, #8]
    7d80:	e2466010 	sub	r6, r6, #16
    7d84:	e1a07006 	mov	r7, r6
    7d88:	e595803c 	ldr	r8, [r5, #60]	@ 0x3c
    7d8c:	e5886008 	str	r6, [r8, #8]
    7d90:	e20330ff 	and	r3, r3, #255	@ 0xff
    7d94:	e2876008 	add	r6, r7, #8
    7d98:	e5840000 	str	r0, [r4]
    7d9c:	e5841004 	str	r1, [r4, #4]
    7da0:	e5842008 	str	r2, [r4, #8]
    7da4:	e5843034 	str	r3, [r4, #52]	@ 0x34
    7da8:	e5846038 	str	r6, [r4, #56]	@ 0x38
    7dac:	e59f07e8 	ldr	r0, [pc, #2024]	@ 0x859c
    7db0:	e1a01004 	mov	r1, r4
    7db4:	e59d2000 	ldr	r2, [sp]
    7db8:	e59fc7e0 	ldr	ip, [pc, #2016]	@ 0x85a0
    7dbc:	e12fff3c 	blx	ip
    7dc0:	e3500000 	cmp	r0, #0
    7dc4:	1a000021 	bne	0x7e50
    7dc8:	e5940028 	ldr	r0, [r4, #40]	@ 0x28
    7dcc:	e5840028 	str	r0, [r4, #40]	@ 0x28
    7dd0:	e59f07cc 	ldr	r0, [pc, #1996]	@ 0x85a4
    7dd4:	e1a01004 	mov	r1, r4
    7dd8:	e59d2000 	ldr	r2, [sp]
    7ddc:	e59fc7c4 	ldr	ip, [pc, #1988]	@ 0x85a8
    7de0:	e12fff3c 	blx	ip
    7de4:	e3500000 	cmp	r0, #0
    7de8:	1a000018 	bne	0x7e50
    7dec:	e5940028 	ldr	r0, [r4, #40]	@ 0x28
    7df0:	e1a06007 	mov	r6, r7
    7df4:	e5953030 	ldr	r3, [r5, #48]	@ 0x30
    7df8:	e59fe6fc 	ldr	lr, [pc, #1788]	@ 0x84fc
    7dfc:	e7f6e0f8 	udf	#28168	@ 0x6e08
    7e00:	2a00000f 	bcs	0x7e44
    7e04:	e083c006 	add	ip, r3, r6
    7e08:	e59c1000 	ldr	r1, [ip]
    7e0c:	e59c2004 	ldr	r2, [ip, #4]
    7e10:	e2877010 	add	r7, r7, #16
    7e14:	e595303c 	ldr	r3, [r5, #60]	@ 0x3c
    7e18:	e5837008 	str	r7, [r3, #8]
    7e1c:	e3500000 	cmp	r0, #0
    7e20:	13e01000 	mvnne	r1, #0
    7e24:	13e02000 	mvnne	r2, #0
    7e28:	e5841028 	str	r1, [r4, #40]	@ 0x28
    7e2c:	e584202c 	str	r2, [r4, #44]	@ 0x2c
    7e30:	e59f0774 	ldr	r0, [pc, #1908]	@ 0x85ac
    7e34:	e30ccabc 	movw	ip, #51900	@ 0xcabc
    7e38:	e34ccdef 	movt	ip, #52719	@ 0xcdef
    7e3c:	e28dd008 	add	sp, sp, #8
    7e40:	e8bd81c0 	pop	{r6, r7, r8, pc}
    7e44:	e3a00008 	mov	r0, #8
    7e48:	e59d1000 	ldr	r1, [sp]
    7e4c:	e5810010 	str	r0, [r1, #16]
    7e50:	e59d0000 	ldr	r0, [sp]
    7e54:	e59d1014 	ldr	r1, [sp, #20]
    7e58:	e59fc750 	ldr	ip, [pc, #1872]	@ 0x85b0
    7e5c:	e12fff3c 	blx	ip
    7e60:	e28dd008 	add	sp, sp, #8
    7e64:	e8bd01c0 	pop	{r6, r7, r8}
    7e68:	e28dd004 	add	sp, sp, #4
    7e6c:	e12fff10 	bx	r0
    7e70:	e92d40c0 	push	{r6, r7, lr}
    7e74:	e24dd004 	sub	sp, sp, #4
    7e78:	e58d0000 	str	r0, [sp]
    7e7c:	e30cc123 	movw	ip, #49443	@ 0xc123
    7e80:	e34cc456 	movt	ip, #50262	@ 0xc456
    7e84:	e5940000 	ldr	r0, [r4]
    7e88:	e5941004 	ldr	r1, [r4, #4]
    7e8c:	e5942008 	ldr	r2, [r4, #8]
    7e90:	e594300c 	ldr	r3, [r4, #12]
    7e94:	e1a07000 	mov	r7, r0
    7e98:	e5956030 	ldr	r6, [r5, #48]	@ 0x30
    7e9c:	e59fe654 	ldr	lr, [pc, #1620]	@ 0x84f8
    7ea0:	e7f7e3fc 	udf	#32316	@ 0x7e3c
    7ea4:	2a000014 	bcs	0x7efc
    7ea8:	e7e067f4 			@ <UNDEFINED> instruction: 0xe7e067f4
    7eac:	e5840010 	str	r0, [r4, #16]
    7eb0:	e5841004 	str	r1, [r4, #4]
    7eb4:	e5842008 	str	r2, [r4, #8]
    7eb8:	e584300c 	str	r3, [r4, #12]
    7ebc:	e59f06f0 	ldr	r0, [pc, #1776]	@ 0x85b4
    7ec0:	e1a01004 	mov	r1, r4
    7ec4:	e59d2000 	ldr	r2, [sp]
    7ec8:	e59fc6e8 	ldr	ip, [pc, #1768]	@ 0x85b8
    7ecc:	e12fff3c 	blx	ip
    7ed0:	e3500000 	cmp	r0, #0
    7ed4:	1a00000b 	bne	0x7f08
    7ed8:	e5940010 	ldr	r0, [r4, #16]
    7edc:	e5941014 	ldr	r1, [r4, #20]
    7ee0:	e5840010 	str	r0, [r4, #16]
    7ee4:	e5841014 	str	r1, [r4, #20]
    7ee8:	e59f06cc 	ldr	r0, [pc, #1740]	@ 0x85bc
    7eec:	e30ccabc 	movw	ip, #51900	@ 0xcabc
    7ef0:	e34ccdef 	movt	ip, #52719	@ 0xcdef
    7ef4:	e28dd004 	add	sp, sp, #4
    7ef8:	e8bd80c0 	pop	{r6, r7, pc}
    7efc:	e3a00008 	mov	r0, #8
    7f00:	e59d1000 	ldr	r1, [sp]
    7f04:	e5810010 	str	r0, [r1, #16]
    7f08:	e59d0000 	ldr	r0, [sp]
    7f0c:	e59d100c 	ldr	r1, [sp, #12]
    7f10:	e59fc6a8 	ldr	ip, [pc, #1704]	@ 0x85c0
    7f14:	e12fff3c 	blx	ip
    7f18:	e28dd004 	add	sp, sp, #4
    7f1c:	e8bd00c0 	pop	{r6, r7}
    7f20:	e28dd004 	add	sp, sp, #4
    7f24:	e12fff10 	bx	r0
    7f28:	e52de004 	push	{lr}		@ (str lr, [sp, #-4]!)
    7f2c:	e24dd004 	sub	sp, sp, #4
    7f30:	e58d0000 	str	r0, [sp]
    7f34:	e30cc123 	movw	ip, #49443	@ 0xc123
    7f38:	e34cc456 	movt	ip, #50262	@ 0xc456
    7f3c:	e5950044 	ldr	r0, [r5, #68]	@ 0x44
    7f40:	e3a0eb40 	mov	lr, #64, 22	@ 0x10000
    7f44:	e580e008 	str	lr, [r0, #8]
    7f48:	e3a0c000 	mov	ip, #0
    7f4c:	e28c000f 	add	r0, ip, #15
    7f50:	e3c0000f 	bic	r0, r0, #15
    7f54:	e5951040 	ldr	r1, [r5, #64]	@ 0x40
    7f58:	e5810008 	str	r0, [r1, #8]
    7f5c:	e59f0660 	ldr	r0, [pc, #1632]	@ 0x85c4
    7f60:	e30ccabc 	movw	ip, #51900	@ 0xcabc
    7f64:	e34ccdef 	movt	ip, #52719	@ 0xcdef
    7f68:	e28dd004 	add	sp, sp, #4
    7f6c:	e49df004 	pop	{pc}		@ (ldr pc, [sp], #4)
    7f70:	e52de004 	push	{lr}		@ (str lr, [sp, #-4]!)
    7f74:	e24dd004 	sub	sp, sp, #4
    7f78:	e58d0000 	str	r0, [sp]
    7f7c:	e30cc123 	movw	ip, #49443	@ 0xc123
    7f80:	e34cc456 	movt	ip, #50262	@ 0xc456
    7f84:	e595e03c 	ldr	lr, [r5, #60]	@ 0x3c
    7f88:	e59e0008 	ldr	r0, [lr, #8]
    7f8c:	e595e040 	ldr	lr, [r5, #64]	@ 0x40
    7f90:	e59e1008 	ldr	r1, [lr, #8]
    7f94:	e0400001 	sub	r0, r0, r1
    7f98:	e5840000 	str	r0, [r4]
    7f9c:	e59f0624 	ldr	r0, [pc, #1572]	@ 0x85c8
    7fa0:	e30ccabc 	movw	ip, #51900	@ 0xcabc
    7fa4:	e34ccdef 	movt	ip, #52719	@ 0xcdef
    7fa8:	e28dd004 	add	sp, sp, #4
    7fac:	e49df004 	pop	{pc}		@ (ldr pc, [sp], #4)
    7fb0:	e52de004 	push	{lr}		@ (str lr, [sp, #-4]!)
    7fb4:	e24dd004 	sub	sp, sp, #4
    7fb8:	e58d0000 	str	r0, [sp]
    7fbc:	e30cc123 	movw	ip, #49443	@ 0xc123
    7fc0:	e34cc456 	movt	ip, #50262	@ 0xc456
    7fc4:	e595e044 	ldr	lr, [r5, #68]	@ 0x44
    7fc8:	e59e0008 	ldr	r0, [lr, #8]
    7fcc:	e5840000 	str	r0, [r4]
    7fd0:	e59f05f4 	ldr	r0, [pc, #1524]	@ 0x85cc
    7fd4:	e30ccabc 	movw	ip, #51900	@ 0xcabc
    7fd8:	e34ccdef 	movt	ip, #52719	@ 0xcdef
    7fdc:	e28dd004 	add	sp, sp, #4
    7fe0:	e49df004 	pop	{pc}		@ (ldr pc, [sp], #4)
    7fe4:	e52de004 	push	{lr}		@ (str lr, [sp, #-4]!)
    7fe8:	e24dd004 	sub	sp, sp, #4
    7fec:	e58d0000 	str	r0, [sp]
    7ff0:	e30cc123 	movw	ip, #49443	@ 0xc123
    7ff4:	e34cc456 	movt	ip, #50262	@ 0xc456
    7ff8:	e595e040 	ldr	lr, [r5, #64]	@ 0x40
    7ffc:	e59e0008 	ldr	r0, [lr, #8]
    8000:	e5840000 	str	r0, [r4]
    8004:	e59f05c4 	ldr	r0, [pc, #1476]	@ 0x85d0
    8008:	e30ccabc 	movw	ip, #51900	@ 0xcabc
    800c:	e34ccdef 	movt	ip, #52719	@ 0xcdef
    8010:	e28dd004 	add	sp, sp, #4
    8014:	e49df004 	pop	{pc}		@ (ldr pc, [sp], #4)
    8018:	e92d4fc0 	push	{r6, r7, r8, r9, sl, fp, lr}
    801c:	e24dd004 	sub	sp, sp, #4
    8020:	e58d0000 	str	r0, [sp]
    8024:	e30cc123 	movw	ip, #49443	@ 0xc123
    8028:	e34cc456 	movt	ip, #50262	@ 0xc456
    802c:	e5947014 	ldr	r7, [r4, #20]
    8030:	e3170040 	tst	r7, #64	@ 0x40
    8034:	0a000018 	beq	0x809c
    8038:	e2478040 	sub	r8, r7, #64	@ 0x40
    803c:	e3a09000 	mov	r9, #0
    8040:	e1a0a008 	mov	sl, r8
    8044:	e5943004 	ldr	r3, [r4, #4]
    8048:	e31a0020 	tst	sl, #32
    804c:	1a000008 	bne	0x8074
    8050:	e5946008 	ldr	r6, [r4, #8]
    8054:	e20aa01f 	and	sl, sl, #31
    8058:	e1a06a16 	lsl	r6, r6, sl
    805c:	e1a0c0a3 	lsr	ip, r3, #1
    8060:	e22ae01f 	eor	lr, sl, #31
    8064:	e1866e3c 	orr	r6, r6, ip, lsr lr
    8068:	e1a0ea13 	lsl	lr, r3, sl
    806c:	e584e00c 	str	lr, [r4, #12]
    8070:	ea000003 	b	0x8084
    8074:	e20ae01f 	and	lr, sl, #31
    8078:	e1a06e13 	lsl	r6, r3, lr
    807c:	e3a0e000 	mov	lr, #0
    8080:	e584e00c 	str	lr, [r4, #12]
    8084:	e5846010 	str	r6, [r4, #16]
    8088:	e3a0e000 	mov	lr, #0
    808c:	e584e004 	str	lr, [r4, #4]
    8090:	e3a0e000 	mov	lr, #0
    8094:	e584e008 	str	lr, [r4, #8]
    8098:	ea00003b 	b	0x818c
    809c:	e3570000 	cmp	r7, #0
    80a0:	0a000039 	beq	0x818c
    80a4:	e2678040 	rsb	r8, r7, #64	@ 0x40
    80a8:	e3a09000 	mov	r9, #0
    80ac:	e1a00008 	mov	r0, r8
    80b0:	e594b008 	ldr	fp, [r4, #8]
    80b4:	e3100020 	tst	r0, #32
    80b8:	1a000007 	bne	0x80dc
    80bc:	e594a004 	ldr	sl, [r4, #4]
    80c0:	e200001f 	and	r0, r0, #31
    80c4:	e1a0a03a 	lsr	sl, sl, r0
    80c8:	e1a0c08b 	lsl	ip, fp, #1
    80cc:	e220e01f 	eor	lr, r0, #31
    80d0:	e18aae1c 	orr	sl, sl, ip, lsl lr
    80d4:	e1a0b03b 	lsr	fp, fp, r0
    80d8:	ea000002 	b	0x80e8
    80dc:	e200e01f 	and	lr, r0, #31
    80e0:	e1a0ae3b 	lsr	sl, fp, lr
    80e4:	e3a0b000 	mov	fp, #0
    80e8:	e1a00007 	mov	r0, r7
    80ec:	e3a07000 	mov	r7, #0
    80f0:	e1a08000 	mov	r8, r0
    80f4:	e1a09007 	mov	r9, r7
    80f8:	e1a01000 	mov	r1, r0
    80fc:	e594600c 	ldr	r6, [r4, #12]
    8100:	e3110020 	tst	r1, #32
    8104:	1a000007 	bne	0x8128
    8108:	e5943010 	ldr	r3, [r4, #16]
    810c:	e201101f 	and	r1, r1, #31
    8110:	e1a03113 	lsl	r3, r3, r1
    8114:	e1a0c0a6 	lsr	ip, r6, #1
    8118:	e221e01f 	eor	lr, r1, #31
    811c:	e1833e3c 	orr	r3, r3, ip, lsr lr
    8120:	e1a06116 	lsl	r6, r6, r1
    8124:	ea000002 	b	0x8134
    8128:	e201e01f 	and	lr, r1, #31
    812c:	e1a03e16 	lsl	r3, r6, lr
    8130:	e3a06000 	mov	r6, #0
    8134:	e18ae006 	orr	lr, sl, r6
    8138:	e584e00c 	str	lr, [r4, #12]
    813c:	e18be003 	orr	lr, fp, r3
    8140:	e584e010 	str	lr, [r4, #16]
    8144:	e1a02008 	mov	r2, r8
    8148:	e5941004 	ldr	r1, [r4, #4]
    814c:	e3120020 	tst	r2, #32
    8150:	1a000008 	bne	0x8178
    8154:	e5940008 	ldr	r0, [r4, #8]
    8158:	e202201f 	and	r2, r2, #31
    815c:	e1a00210 	lsl	r0, r0, r2
    8160:	e1a0c0a1 	lsr	ip, r1, #1
    8164:	e222e01f 	eor	lr, r2, #31
    8168:	e1800e3c 	orr	r0, r0, ip, lsr lr
    816c:	e1a0e211 	lsl	lr, r1, r2
    8170:	e584e004 	str	lr, [r4, #4]
    8174:	ea000003 	b	0x8188
    8178:	e202e01f 	and	lr, r2, #31
    817c:	e1a00e11 	lsl	r0, r1, lr
    8180:	e3a0e000 	mov	lr, #0
    8184:	e584e004 	str	lr, [r4, #4]
    8188:	e5840008 	str	r0, [r4, #8]
    818c:	e5941000 	ldr	r1, [r4]
    8190:	e5950030 	ldr	r0, [r5, #48]	@ 0x30
    8194:	e5942004 	ldr	r2, [r4, #4]
    8198:	e59fc35c 	ldr	ip, [pc, #860]	@ 0x84fc
    819c:	e151000c 	cmp	r1, ip
    81a0:	8a000012 	bhi	0x81f0
    81a4:	e0800001 	add	r0, r0, r1
    81a8:	e5941008 	ldr	r1, [r4, #8]
    81ac:	e5802000 	str	r2, [r0]
    81b0:	e5801004 	str	r1, [r0, #4]
    81b4:	e5941000 	ldr	r1, [r4]
    81b8:	e5950030 	ldr	r0, [r5, #48]	@ 0x30
    81bc:	e594200c 	ldr	r2, [r4, #12]
    81c0:	e59fe334 	ldr	lr, [pc, #820]	@ 0x84fc
    81c4:	e7f1e0f8 	udf	#7688	@ 0x1e08
    81c8:	2a000008 	bcs	0x81f0
    81cc:	e0800001 	add	r0, r0, r1
    81d0:	e5941010 	ldr	r1, [r4, #16]
    81d4:	e5802000 	str	r2, [r0]
    81d8:	e5801004 	str	r1, [r0, #4]
    81dc:	e59f03f0 	ldr	r0, [pc, #1008]	@ 0x85d4
    81e0:	e30ccabc 	movw	ip, #51900	@ 0xcabc
    81e4:	e34ccdef 	movt	ip, #52719	@ 0xcdef
    81e8:	e28dd004 	add	sp, sp, #4
    81ec:	e8bd8fc0 	pop	{r6, r7, r8, r9, sl, fp, pc}
    81f0:	e3a00008 	mov	r0, #8
    81f4:	e59d1000 	ldr	r1, [sp]
    81f8:	e5810010 	str	r0, [r1, #16]
    81fc:	e59d0000 	ldr	r0, [sp]
    8200:	e59d101c 	ldr	r1, [sp, #28]
    8204:	e59fc3cc 	ldr	ip, [pc, #972]	@ 0x85d8
    8208:	e12fff3c 	blx	ip
    820c:	e28dd004 	add	sp, sp, #4
    8210:	e8bd0fc0 	pop	{r6, r7, r8, r9, sl, fp}
    8214:	e28dd004 	add	sp, sp, #4
    8218:	e12fff10 	bx	r0
    821c:	e92d4fc0 	push	{r6, r7, r8, r9, sl, fp, lr}
    8220:	e24dd004 	sub	sp, sp, #4
    8224:	e58d0000 	str	r0, [sp]
    8228:	e30cc123 	movw	ip, #49443	@ 0xc123
    822c:	e34cc456 	movt	ip, #50262	@ 0xc456
    8230:	e5947014 	ldr	r7, [r4, #20]
    8234:	e3170040 	tst	r7, #64	@ 0x40
    8238:	0a000018 	beq	0x82a0
    823c:	e2478040 	sub	r8, r7, #64	@ 0x40
    8240:	e3a09000 	mov	r9, #0
    8244:	e1a0a008 	mov	sl, r8
    8248:	e5942010 	ldr	r2, [r4, #16]
    824c:	e31a0020 	tst	sl, #32
    8250:	1a000008 	bne	0x8278
    8254:	e594100c 	ldr	r1, [r4, #12]
    8258:	e20aa01f 	and	sl, sl, #31
    825c:	e1a01a31 	lsr	r1, r1, sl
    8260:	e1a0c082 	lsl	ip, r2, #1
    8264:	e22ae01f 	eor	lr, sl, #31
    8268:	e1811e1c 	orr	r1, r1, ip, lsl lr
    826c:	e1a0ea32 	lsr	lr, r2, sl
    8270:	e584e008 	str	lr, [r4, #8]
    8274:	ea000003 	b	0x8288
    8278:	e20ae01f 	and	lr, sl, #31
    827c:	e1a01e32 	lsr	r1, r2, lr
    8280:	e3a0e000 	mov	lr, #0
    8284:	e584e008 	str	lr, [r4, #8]
    8288:	e5841004 	str	r1, [r4, #4]
    828c:	e3a0e000 	mov	lr, #0
    8290:	e584e00c 	str	lr, [r4, #12]
    8294:	e3a0e000 	mov	lr, #0
    8298:	e584e010 	str	lr, [r4, #16]
    829c:	ea00003b 	b	0x8390
    82a0:	e3570000 	cmp	r7, #0
    82a4:	0a000039 	beq	0x8390
    82a8:	e2678040 	rsb	r8, r7, #64	@ 0x40
    82ac:	e3a09000 	mov	r9, #0
    82b0:	e1a00008 	mov	r0, r8
    82b4:	e594a00c 	ldr	sl, [r4, #12]
    82b8:	e3100020 	tst	r0, #32
    82bc:	1a000007 	bne	0x82e0
    82c0:	e594b010 	ldr	fp, [r4, #16]
    82c4:	e200001f 	and	r0, r0, #31
    82c8:	e1a0b01b 	lsl	fp, fp, r0
    82cc:	e1a0c0aa 	lsr	ip, sl, #1
    82d0:	e220e01f 	eor	lr, r0, #31
    82d4:	e18bbe3c 	orr	fp, fp, ip, lsr lr
    82d8:	e1a0a01a 	lsl	sl, sl, r0
    82dc:	ea000002 	b	0x82ec
    82e0:	e200e01f 	and	lr, r0, #31
    82e4:	e1a0be1a 	lsl	fp, sl, lr
    82e8:	e3a0a000 	mov	sl, #0
    82ec:	e1a00007 	mov	r0, r7
    82f0:	e3a07000 	mov	r7, #0
    82f4:	e1a08000 	mov	r8, r0
    82f8:	e1a09007 	mov	r9, r7
    82fc:	e1a01000 	mov	r1, r0
    8300:	e5943008 	ldr	r3, [r4, #8]
    8304:	e3110020 	tst	r1, #32
    8308:	1a000007 	bne	0x832c
    830c:	e5946004 	ldr	r6, [r4, #4]
    8310:	e201101f 	and	r1, r1, #31
    8314:	e1a06136 	lsr	r6, r6, r1
    8318:	e1a0c083 	lsl	ip, r3, #1
    831c:	e221e01f 	eor	lr, r1, #31
    8320:	e1866e1c 	orr	r6, r6, ip, lsl lr
    8324:	e1a03133 	lsr	r3, r3, r1
    8328:	ea000002 	b	0x8338
    832c:	e201e01f 	and	lr, r1, #31
    8330:	e1a06e33 	lsr	r6, r3, lr
    8334:	e3a03000 	mov	r3, #0
    8338:	e18ae006 	orr	lr, sl, r6
    833c:	e584e004 	str	lr, [r4, #4]
    8340:	e18be003 	orr	lr, fp, r3
    8344:	e584e008 	str	lr, [r4, #8]
    8348:	e1a02008 	mov	r2, r8
    834c:	e5940010 	ldr	r0, [r4, #16]
    8350:	e3120020 	tst	r2, #32
    8354:	1a000008 	bne	0x837c
    8358:	e594100c 	ldr	r1, [r4, #12]
    835c:	e202201f 	and	r2, r2, #31
    8360:	e1a01231 	lsr	r1, r1, r2
    8364:	e1a0c080 	lsl	ip, r0, #1
    8368:	e222e01f 	eor	lr, r2, #31
    836c:	e1811e1c 	orr	r1, r1, ip, lsl lr
    8370:	e1a0e230 	lsr	lr, r0, r2
    8374:	e584e010 	str	lr, [r4, #16]
    8378:	ea000003 	b	0x838c
    837c:	e202e01f 	and	lr, r2, #31
    8380:	e1a01e30 	lsr	r1, r0, lr
    8384:	e3a0e000 	mov	lr, #0
    8388:	e584e010 	str	lr, [r4, #16]
    838c:	e584100c 	str	r1, [r4, #12]
    8390:	e5941000 	ldr	r1, [r4]
    8394:	e5950030 	ldr	r0, [r5, #48]	@ 0x30
    8398:	e5942004 	ldr	r2, [r4, #4]
    839c:	e59fc158 	ldr	ip, [pc, #344]	@ 0x84fc
    83a0:	e151000c 	cmp	r1, ip
    83a4:	8a000012 	bhi	0x83f4
    83a8:	e0800001 	add	r0, r0, r1
    83ac:	e5941008 	ldr	r1, [r4, #8]
    83b0:	e5802000 	str	r2, [r0]
    83b4:	e5801004 	str	r1, [r0, #4]
    83b8:	e5941000 	ldr	r1, [r4]
    83bc:	e5950030 	ldr	r0, [r5, #48]	@ 0x30
    83c0:	e594200c 	ldr	r2, [r4, #12]
    83c4:	e59fe130 	ldr	lr, [pc, #304]	@ 0x84fc
    83c8:	e7f1e0f8 	udf	#7688	@ 0x1e08
    83cc:	2a000008 	bcs	0x83f4
    83d0:	e0800001 	add	r0, r0, r1
    83d4:	e5941010 	ldr	r1, [r4, #16]
    83d8:	e5802000 	str	r2, [r0]
    83dc:	e5801004 	str	r1, [r0, #4]
    83e0:	e59f01f4 	ldr	r0, [pc, #500]	@ 0x85dc
    83e4:	e30ccabc 	movw	ip, #51900	@ 0xcabc
    83e8:	e34ccdef 	movt	ip, #52719	@ 0xcdef
    83ec:	e28dd004 	add	sp, sp, #4
    83f0:	e8bd8fc0 	pop	{r6, r7, r8, r9, sl, fp, pc}
    83f4:	e3a00008 	mov	r0, #8
    83f8:	e59d1000 	ldr	r1, [sp]
    83fc:	e5810010 	str	r0, [r1, #16]
    8400:	e59d0000 	ldr	r0, [sp]
    8404:	e59d101c 	ldr	r1, [sp, #28]
    8408:	e59fc1d0 	ldr	ip, [pc, #464]	@ 0x85e0
    840c:	e12fff3c 	blx	ip
    8410:	e28dd004 	add	sp, sp, #4
    8414:	e8bd0fc0 	pop	{r6, r7, r8, r9, sl, fp}
    8418:	e28dd004 	add	sp, sp, #4
    841c:	e12fff10 	bx	r0
    8420:	e92d4fc0 	push	{r6, r7, r8, r9, sl, fp, lr}
    8424:	e24dd004 	sub	sp, sp, #4
    8428:	e58d0000 	str	r0, [sp]
    842c:	e30cc123 	movw	ip, #49443	@ 0xc123
    8430:	e34cc456 	movt	ip, #50262	@ 0xc456
    8434:	e595e03c 	ldr	lr, [r5, #60]	@ 0x3c
    8438:	e59e0008 	ldr	r0, [lr, #8]
    843c:	e2400020 	sub	r0, r0, #32
    8440:	e5840010 	str	r0, [r4, #16]
    8444:	e595103c 	ldr	r1, [r5, #60]	@ 0x3c
    8448:	e5810008 	str	r0, [r1, #8]
    844c:	e5940008 	ldr	r0, [r4, #8]
    8450:	e594100c 	ldr	r1, [r4, #12]
    8454:	e3c0e000 	bic	lr, r0, #0
    8458:	e584e024 	str	lr, [r4, #36]	@ 0x24
    845c:	e3a0ccff 	mov	ip, #65280	@ 0xff00
    8460:	e38cc0ff 	orr	ip, ip, #255	@ 0xff
    8464:	e001e00c 	and	lr, r1, ip
    8468:	e584e028 	str	lr, [r4, #40]	@ 0x28
    846c:	e594c00c 	ldr	ip, [r4, #12]
    8470:	e1a0282c 	lsr	r2, ip, #16
    8474:	e3a03000 	mov	r3, #0
    8478:	e3a0cc7f 	mov	ip, #32512	@ 0x7f00
    847c:	e38cc0ff 	orr	ip, ip, #255	@ 0xff
    8480:	e002200c 	and	r2, r2, ip
    8484:	e2033000 	and	r3, r3, #0
    8488:	e1a09002 	mov	r9, r2
    848c:	e1a08003 	mov	r8, r3
    8490:	e5842014 	str	r2, [r4, #20]
    8494:	e2422c3c 	sub	r2, r2, #60, 24	@ 0x3c00
    8498:	e2422001 	sub	r2, r2, #1
    849c:	e3a0cc07 	mov	ip, #1792	@ 0x700
    84a0:	e38cc0fd 	orr	ip, ip, #253	@ 0xfd
    84a4:	e152000c 	cmp	r2, ip
    84a8:	8a000078 	bhi	0x8690
    84ac:	e594c004 	ldr	ip, [r4, #4]
    84b0:	e1a02e2c 	lsr	r2, ip, #28
    84b4:	e3a0b000 	mov	fp, #0
    84b8:	e5946028 	ldr	r6, [r4, #40]	@ 0x28
    84bc:	e5947024 	ldr	r7, [r4, #36]	@ 0x24
    84c0:	e1a06206 	lsl	r6, r6, #4
    84c4:	e1866e27 	orr	r6, r6, r7, lsr #28
    84c8:	e1a07207 	lsl	r7, r7, #4
    84cc:	e1822007 	orr	r2, r2, r7
    84d0:	e18bb006 	orr	fp, fp, r6
    84d4:	e594c014 	ldr	ip, [r4, #20]
    84d8:	ea000041 	b	0x85e4
	...
    84f8:	0101fffc 	strdeq	pc, [r1, -ip]
    84fc:	0101fff8 	strdeq	pc, [r1, -r8]
    8500:	003ff784 	eorseq	pc, pc, r4, lsl #15
    8504:	0004890c 	andeq	r8, r4, ip, lsl #18
    8508:	003ff7ac 	eorseq	pc, pc, ip, lsr #15
    850c:	00048004 	andeq	r8, r4, r4
    8510:	003fdb88 	eorseq	sp, pc, r8, lsl #23
    8514:	003f8bdc 	ldrsbteq	r8, [pc], -ip
    8518:	0004890c 	andeq	r8, r4, ip, lsl #18
    851c:	00048004 	andeq	r8, r4, r4
    8520:	003f9854 	eorseq	r9, pc, r4, asr r8	@ <UNPREDICTABLE>
    8524:	0004890c 	andeq	r8, r4, ip, lsl #18
    8528:	003fcef8 	ldrshteq	ip, [pc], -r8
    852c:	00048004 	andeq	r8, r4, r4
    8530:	003fb014 	eorseq	fp, pc, r4, lsl r0	@ <UNPREDICTABLE>
    8534:	0004890c 	andeq	r8, r4, ip, lsl #18
    8538:	00048004 	andeq	r8, r4, r4
    853c:	0040625c 	subeq	r6, r0, ip, asr r2
    8540:	0004890c 	andeq	r8, r4, ip, lsl #18
    8544:	004062b0 	strheq	r6, [r0], #-32	@ 0xffffffe0
    8548:	0004890c 	andeq	r8, r4, ip, lsl #18
    854c:	00406374 	subeq	r6, r0, r4, ror r3
    8550:	004064b8 	strheq	r6, [r0], #-72	@ 0xffffffb8
    8554:	0040662c 	subeq	r6, r0, ip, lsr #12
    8558:	00406630 	subeq	r6, r0, r0, lsr r6
    855c:	0004890c 	andeq	r8, r4, ip, lsl #18
    8560:	0040665c 	subeq	r6, r0, ip, asr r6
    8564:	00406674 	subeq	r6, r0, r4, ror r6
    8568:	00048004 	andeq	r8, r4, r4
    856c:	003f7484 	eorseq	r7, pc, r4, lsl #9
    8570:	0004890c 	andeq	r8, r4, ip, lsl #18
    8574:	003f74a0 	eorseq	r7, pc, r0, lsr #9
    8578:	00048004 	andeq	r8, r4, r4
    857c:	00405f1c 	subeq	r5, r0, ip, lsl pc
    8580:	0004890c 	andeq	r8, r4, ip, lsl #18
    8584:	00405f2c 	subeq	r5, r0, ip, lsr #30
    8588:	0004890c 	andeq	r8, r4, ip, lsl #18
    858c:	00405f3c 	subeq	r5, r0, ip, lsr pc
    8590:	0004890c 	andeq	r8, r4, ip, lsl #18
    8594:	00405f54 	subeq	r5, r0, r4, asr pc
    8598:	00048004 	andeq	r8, r4, r4
    859c:	003f7bd8 	ldrsbteq	r7, [pc], -r8
    85a0:	0004890c 	andeq	r8, r4, ip, lsl #18
    85a4:	003f7bf0 	ldrshteq	r7, [pc], -r0
    85a8:	0004890c 	andeq	r8, r4, ip, lsl #18
    85ac:	003f7c44 	eorseq	r7, pc, r4, asr #24
    85b0:	00048004 	andeq	r8, r4, r4
    85b4:	003fac2c 	eorseq	sl, pc, ip, lsr #24
    85b8:	0004890c 	andeq	r8, r4, ip, lsl #18
    85bc:	003fac4c 	eorseq	sl, pc, ip, asr #24
    85c0:	00048004 	andeq	r8, r4, r4
    85c4:	003eb328 	eorseq	fp, lr, r8, lsr #6
    85c8:	003ff2fc 	ldrshteq	pc, [pc], -ip	@ <UNPREDICTABLE>
    85cc:	003f889c 	mlaseq	pc, ip, r8, r8	@ <UNPREDICTABLE>
    85d0:	003fb094 	mlaseq	pc, r4, r0, fp	@ <UNPREDICTABLE>
    85d4:	003ff6fc 	ldrshteq	pc, [pc], -ip	@ <UNPREDICTABLE>
    85d8:	00048004 	andeq	r8, r4, r4
    85dc:	004069e4 	subeq	r6, r0, r4, ror #19
    85e0:	00048004 	andeq	r8, r4, r4
    85e4:	e24c6df0 	sub	r6, ip, #240, 26	@ 0x3c00
    85e8:	e3a07000 	mov	r7, #0
    85ec:	e5943000 	ldr	r3, [r4]
    85f0:	e594a004 	ldr	sl, [r4, #4]
    85f4:	e3c33000 	bic	r3, r3, #0
    85f8:	e3caa4f0 	bic	sl, sl, #240, 8	@ 0xf0000000
    85fc:	e1a01003 	mov	r1, r3
    8600:	e1a0000a 	mov	r0, sl
    8604:	e3530001 	cmp	r3, #1
    8608:	e2dac680 	sbcs	ip, sl, #128, 12	@ 0x8000000
    860c:	3a000002 	bcc	0x861c
    8610:	e2922001 	adds	r2, r2, #1
    8614:	e2abb000 	adc	fp, fp, #0
    8618:	ea000007 	b	0x863c
    861c:	e3500680 	cmp	r0, #128, 12	@ 0x8000000
    8620:	1a000000 	bne	0x8628
    8624:	e3510000 	cmp	r1, #0
    8628:	1a000003 	bne	0x863c
    862c:	e2020001 	and	r0, r2, #1
    8630:	e20b1000 	and	r1, fp, #0
    8634:	e0902002 	adds	r2, r0, r2
    8638:	e0a1b00b 	adc	fp, r1, fp
    863c:	e3e0c000 	mvn	ip, #0
    8640:	e15c0002 	cmp	ip, r2
    8644:	e3e0c20f 	mvn	ip, #-268435456	@ 0xf0000000
    8648:	e3ccc6ff 	bic	ip, ip, #267386880	@ 0xff00000
    864c:	e0dcc00b 	sbcs	ip, ip, fp
    8650:	e3a00000 	mov	r0, #0
    8654:	33a00001 	movcc	r0, #1
    8658:	e1a01000 	mov	r1, r0
    865c:	e3500000 	cmp	r0, #0
    8660:	13a02000 	movne	r2, #0
    8664:	e1a0e00b 	mov	lr, fp
    8668:	13a0e000 	movne	lr, #0
    866c:	e5842000 	str	r2, [r4]
    8670:	e584e004 	str	lr, [r4, #4]
    8674:	e1a00001 	mov	r0, r1
    8678:	e3a01000 	mov	r1, #0
    867c:	e090e006 	adds	lr, r0, r6
    8680:	e584e024 	str	lr, [r4, #36]	@ 0x24
    8684:	e0a1e007 	adc	lr, r1, r7
    8688:	e584e028 	str	lr, [r4, #40]	@ 0x28
    868c:	ea0000c6 	b	0x89ac
    8690:	e5943000 	ldr	r3, [r4]
    8694:	e5946004 	ldr	r6, [r4, #4]
    8698:	e594c024 	ldr	ip, [r4, #36]	@ 0x24
    869c:	e183300c 	orr	r3, r3, ip
    86a0:	e594c028 	ldr	ip, [r4, #40]	@ 0x28
    86a4:	e186600c 	orr	r6, r6, ip
    86a8:	e193c006 	orrs	ip, r3, r6
    86ac:	0a000019 	beq	0x8718
    86b0:	e3580000 	cmp	r8, #0
    86b4:	1a000002 	bne	0x86c4
    86b8:	e3a0cc7f 	mov	ip, #32512	@ 0x7f00
    86bc:	e38cc0ff 	orr	ip, ip, #255	@ 0xff
    86c0:	e159000c 	cmp	r9, ip
    86c4:	1a000013 	bne	0x8718
    86c8:	e594c004 	ldr	ip, [r4, #4]
    86cc:	e1a03e2c 	lsr	r3, ip, #28
    86d0:	e3a06000 	mov	r6, #0
    86d4:	e594a028 	ldr	sl, [r4, #40]	@ 0x28
    86d8:	e5947024 	ldr	r7, [r4, #36]	@ 0x24
    86dc:	e1a0a20a 	lsl	sl, sl, #4
    86e0:	e18aae27 	orr	sl, sl, r7, lsr #28
    86e4:	e1a07207 	lsl	r7, r7, #4
    86e8:	e1833007 	orr	r3, r3, r7
    86ec:	e186600a 	orr	r6, r6, sl
    86f0:	e383e000 	orr	lr, r3, #0
    86f4:	e584e000 	str	lr, [r4]
    86f8:	e386ea80 	orr	lr, r6, #128, 20	@ 0x80000
    86fc:	e584e004 	str	lr, [r4, #4]
    8700:	e3a0ec07 	mov	lr, #1792	@ 0x700
    8704:	e38ee0ff 	orr	lr, lr, #255	@ 0xff
    8708:	e584e024 	str	lr, [r4, #36]	@ 0x24
    870c:	e3a0e000 	mov	lr, #0
    8710:	e584e028 	str	lr, [r4, #40]	@ 0x28
    8714:	ea0000a4 	b	0x89ac
    8718:	e594c014 	ldr	ip, [r4, #20]
    871c:	e3a0ec43 	mov	lr, #17152	@ 0x4300
    8720:	e38ee0fe 	orr	lr, lr, #254	@ 0xfe
    8724:	e15c000e 	cmp	ip, lr
    8728:	9a000009 	bls	0x8754
    872c:	e3a0ec07 	mov	lr, #1792	@ 0x700
    8730:	e38ee0ff 	orr	lr, lr, #255	@ 0xff
    8734:	e584e024 	str	lr, [r4, #36]	@ 0x24
    8738:	e3a0e000 	mov	lr, #0
    873c:	e584e028 	str	lr, [r4, #40]	@ 0x28
    8740:	e3a0e000 	mov	lr, #0
    8744:	e584e000 	str	lr, [r4]
    8748:	e3a0e000 	mov	lr, #0
    874c:	e584e004 	str	lr, [r4, #4]
    8750:	ea000095 	b	0x89ac
    8754:	e199c008 	orrs	ip, r9, r8
    8758:	e3a03000 	mov	r3, #0
    875c:	03a03001 	moveq	r3, #1
    8760:	e1a06003 	mov	r6, r3
    8764:	e3530000 	cmp	r3, #0
    8768:	e3a07df0 	mov	r7, #240, 26	@ 0x3c00
    876c:	e3a0cc3c 	mov	ip, #60, 24	@ 0x3c00
    8770:	e38cc001 	orr	ip, ip, #1
    8774:	01a0700c 	moveq	r7, ip
    8778:	e1a03007 	mov	r3, r7
    877c:	e594c014 	ldr	ip, [r4, #20]
    8780:	e047700c 	sub	r7, r7, ip
    8784:	e1a08007 	mov	r8, r7
    8788:	e3570070 	cmp	r7, #112	@ 0x70
    878c:	da000008 	ble	0x87b4
    8790:	e3a0e000 	mov	lr, #0
    8794:	e584e000 	str	lr, [r4]
    8798:	e3a0e000 	mov	lr, #0
    879c:	e584e004 	str	lr, [r4, #4]
    87a0:	e3a0e000 	mov	lr, #0
    87a4:	e584e024 	str	lr, [r4, #36]	@ 0x24
    87a8:	e3a0e000 	mov	lr, #0
    87ac:	e584e028 	str	lr, [r4, #40]	@ 0x28
    87b0:	ea00007d 	b	0x89ac
    87b4:	e5947024 	ldr	r7, [r4, #36]	@ 0x24
    87b8:	e5949028 	ldr	r9, [r4, #40]	@ 0x28
    87bc:	e3877000 	orr	r7, r7, #0
    87c0:	e3899b40 	orr	r9, r9, #64, 22	@ 0x10000
    87c4:	e3560000 	cmp	r6, #0
    87c8:	e594c024 	ldr	ip, [r4, #36]	@ 0x24
    87cc:	11a0700c 	movne	r7, ip
    87d0:	e594c028 	ldr	ip, [r4, #40]	@ 0x28
    87d4:	11a0900c 	movne	r9, ip
    87d8:	e3a06000 	mov	r6, #0
    87dc:	e594c014 	ldr	ip, [r4, #20]
    87e0:	e153000c 	cmp	r3, ip
    87e4:	0a000024 	beq	0x887c
    87e8:	e594c010 	ldr	ip, [r4, #16]
    87ec:	e28c3010 	add	r3, ip, #16
    87f0:	e268a080 	rsb	sl, r8, #128	@ 0x80
    87f4:	e5843058 	str	r3, [r4, #88]	@ 0x58
    87f8:	e5847024 	str	r7, [r4, #36]	@ 0x24
    87fc:	e5849028 	str	r9, [r4, #40]	@ 0x28
    8800:	e584a06c 	str	sl, [r4, #108]	@ 0x6c
    8804:	e59f05ec 	ldr	r0, [pc, #1516]	@ 0x8df8
    8808:	e1a01004 	mov	r1, r4
    880c:	e59d2000 	ldr	r2, [sp]
    8810:	e59fc5e4 	ldr	ip, [pc, #1508]	@ 0x8dfc
    8814:	e12fff3c 	blx	ip
    8818:	e3500000 	cmp	r0, #0
    881c:	1a00007d 	bne	0x8a18
    8820:	e594b010 	ldr	fp, [r4, #16]
    8824:	e5952030 	ldr	r2, [r5, #48]	@ 0x30
    8828:	e59fe5d0 	ldr	lr, [pc, #1488]	@ 0x8e00
    882c:	e7fbe1f0 	udf	#48656	@ 0xbe10
    8830:	2a000075 	bcs	0x8a0c
    8834:	e082c00b 	add	ip, r2, fp
    8838:	e59c3000 	ldr	r3, [ip]
    883c:	e59ca004 	ldr	sl, [ip, #4]
    8840:	e5941010 	ldr	r1, [r4, #16]
    8844:	e5950030 	ldr	r0, [r5, #48]	@ 0x30
    8848:	e59fe5b0 	ldr	lr, [pc, #1456]	@ 0x8e00
    884c:	e7f1e1f8 	udf	#7704	@ 0x1e18
    8850:	2a00006d 	bcs	0x8a0c
    8854:	e080c001 	add	ip, r0, r1
    8858:	e59c2000 	ldr	r2, [ip]
    885c:	e59cb004 	ldr	fp, [ip, #4]
    8860:	e1833002 	orr	r3, r3, r2
    8864:	e18aa00b 	orr	sl, sl, fp
    8868:	e35a0000 	cmp	sl, #0
    886c:	1a000000 	bne	0x8874
    8870:	e3530000 	cmp	r3, #0
    8874:	e3a06000 	mov	r6, #0
    8878:	13a06001 	movne	r6, #1
    887c:	e5847024 	str	r7, [r4, #36]	@ 0x24
    8880:	e5849028 	str	r9, [r4, #40]	@ 0x28
    8884:	e5848020 	str	r8, [r4, #32]
    8888:	e59f0574 	ldr	r0, [pc, #1396]	@ 0x8e04
    888c:	e1a01004 	mov	r1, r4
    8890:	e59d2000 	ldr	r2, [sp]
    8894:	e59fc56c 	ldr	ip, [pc, #1388]	@ 0x8e08
    8898:	e12fff3c 	blx	ip
    889c:	e3500000 	cmp	r0, #0
    88a0:	1a00005c 	bne	0x8a18
    88a4:	e5943010 	ldr	r3, [r4, #16]
    88a8:	e5952030 	ldr	r2, [r5, #48]	@ 0x30
    88ac:	e59fc54c 	ldr	ip, [pc, #1356]	@ 0x8e00
    88b0:	e153000c 	cmp	r3, ip
    88b4:	8a000054 	bhi	0x8a0c
    88b8:	e082c003 	add	ip, r2, r3
    88bc:	e59c0000 	ldr	r0, [ip]
    88c0:	e59c1004 	ldr	r1, [ip, #4]
    88c4:	e1a02000 	mov	r2, r0
    88c8:	e1a03001 	mov	r3, r1
    88cc:	e1a00e21 	lsr	r0, r1, #28
    88d0:	e3a01000 	mov	r1, #0
    88d4:	e594a010 	ldr	sl, [r4, #16]
    88d8:	e5959030 	ldr	r9, [r5, #48]	@ 0x30
    88dc:	e59fe51c 	ldr	lr, [pc, #1308]	@ 0x8e00
    88e0:	e7fae0f8 	udf	#44552	@ 0xae08
    88e4:	2a000048 	bcs	0x8a0c
    88e8:	e089c00a 	add	ip, r9, sl
    88ec:	e59c7000 	ldr	r7, [ip]
    88f0:	e59c8004 	ldr	r8, [ip, #4]
    88f4:	e1a08208 	lsl	r8, r8, #4
    88f8:	e1888e27 	orr	r8, r8, r7, lsr #28
    88fc:	e1a07207 	lsl	r7, r7, #4
    8900:	e1800007 	orr	r0, r0, r7
    8904:	e1811008 	orr	r1, r1, r8
    8908:	e3c22000 	bic	r2, r2, #0
    890c:	e3c334f0 	bic	r3, r3, #240, 8	@ 0xf0000000
    8910:	e3a07000 	mov	r7, #0
    8914:	e1822006 	orr	r2, r2, r6
    8918:	e1833007 	orr	r3, r3, r7
    891c:	e1a06002 	mov	r6, r2
    8920:	e1a07003 	mov	r7, r3
    8924:	e3520001 	cmp	r2, #1
    8928:	e2d3c680 	sbcs	ip, r3, #128, 12	@ 0x8000000
    892c:	3a000002 	bcc	0x893c
    8930:	e2900001 	adds	r0, r0, #1
    8934:	e2a11000 	adc	r1, r1, #0
    8938:	ea000007 	b	0x895c
    893c:	e3570680 	cmp	r7, #128, 12	@ 0x8000000
    8940:	1a000000 	bne	0x8948
    8944:	e3560000 	cmp	r6, #0
    8948:	1a000003 	bne	0x895c
    894c:	e2002001 	and	r2, r0, #1
    8950:	e2013000 	and	r3, r1, #0
    8954:	e0920000 	adds	r0, r2, r0
    8958:	e0a31001 	adc	r1, r3, r1
    895c:	e2202000 	eor	r2, r0, #0
    8960:	e2213940 	eor	r3, r1, #64, 18	@ 0x100000
    8964:	e3e0c000 	mvn	ip, #0
    8968:	e15c0000 	cmp	ip, r0
    896c:	e3e0c20f 	mvn	ip, #-268435456	@ 0xf0000000
    8970:	e3ccc6ff 	bic	ip, ip, #267386880	@ 0xff00000
    8974:	e0dcc001 	sbcs	ip, ip, r1
    8978:	e3a06000 	mov	r6, #0
    897c:	33a06001 	movcc	r6, #1
    8980:	e1a07006 	mov	r7, r6
    8984:	e3560000 	cmp	r6, #0
    8988:	e1a08002 	mov	r8, r2
    898c:	01a08000 	moveq	r8, r0
    8990:	e1a0e003 	mov	lr, r3
    8994:	01a0e001 	moveq	lr, r1
    8998:	e5848000 	str	r8, [r4]
    899c:	e584e004 	str	lr, [r4, #4]
    89a0:	e5847024 	str	r7, [r4, #36]	@ 0x24
    89a4:	e3a0e000 	mov	lr, #0
    89a8:	e584e028 	str	lr, [r4, #40]	@ 0x28
    89ac:	e594c010 	ldr	ip, [r4, #16]
    89b0:	e28c0020 	add	r0, ip, #32
    89b4:	e595103c 	ldr	r1, [r5, #60]	@ 0x3c
    89b8:	e5810008 	str	r0, [r1, #8]
    89bc:	e594c024 	ldr	ip, [r4, #36]	@ 0x24
    89c0:	e1a01a0c 	lsl	r1, ip, #20
    89c4:	e3a00000 	mov	r0, #0
    89c8:	e5942008 	ldr	r2, [r4, #8]
    89cc:	e594300c 	ldr	r3, [r4, #12]
    89d0:	e2022000 	and	r2, r2, #0
    89d4:	e2033480 	and	r3, r3, #128, 8	@ 0x80000000
    89d8:	e1800002 	orr	r0, r0, r2
    89dc:	e1811003 	orr	r1, r1, r3
    89e0:	e594c000 	ldr	ip, [r4]
    89e4:	e180000c 	orr	r0, r0, ip
    89e8:	e594c004 	ldr	ip, [r4, #4]
    89ec:	e181100c 	orr	r1, r1, ip
    89f0:	ec410a10 	vmov	s0, s1, r0, r1
    89f4:	ed840b16 	vstr	d0, [r4, #88]	@ 0x58
    89f8:	e59f040c 	ldr	r0, [pc, #1036]	@ 0x8e0c
    89fc:	e30ccabc 	movw	ip, #51900	@ 0xcabc
    8a00:	e34ccdef 	movt	ip, #52719	@ 0xcdef
    8a04:	e28dd004 	add	sp, sp, #4
    8a08:	e8bd8fc0 	pop	{r6, r7, r8, r9, sl, fp, pc}
    8a0c:	e3a00008 	mov	r0, #8
    8a10:	e59d1000 	ldr	r1, [sp]
    8a14:	e5810010 	str	r0, [r1, #16]
    8a18:	e59d0000 	ldr	r0, [sp]
    8a1c:	e59d101c 	ldr	r1, [sp, #28]
    8a20:	e59fc3e8 	ldr	ip, [pc, #1000]	@ 0x8e10
    8a24:	e12fff3c 	blx	ip
    8a28:	e28dd004 	add	sp, sp, #4
    8a2c:	e8bd0fc0 	pop	{r6, r7, r8, r9, sl, fp}
    8a30:	e28dd004 	add	sp, sp, #4
    8a34:	e12fff10 	bx	r0
    8a38:	e52de004 	push	{lr}		@ (str lr, [sp, #-4]!)
    8a3c:	e24dd004 	sub	sp, sp, #4
    8a40:	e58d0000 	str	r0, [sp]
    8a44:	e30cc123 	movw	ip, #49443	@ 0xc123
    8a48:	e34cc456 	movt	ip, #50262	@ 0xc456
    8a4c:	e5940000 	ldr	r0, [r4]
    8a50:	e595103c 	ldr	r1, [r5, #60]	@ 0x3c
    8a54:	e5810008 	str	r0, [r1, #8]
    8a58:	e59f03b4 	ldr	r0, [pc, #948]	@ 0x8e14
    8a5c:	e30ccabc 	movw	ip, #51900	@ 0xcabc
    8a60:	e34ccdef 	movt	ip, #52719	@ 0xcdef
    8a64:	e28dd004 	add	sp, sp, #4
    8a68:	e49df004 	pop	{pc}		@ (ldr pc, [sp], #4)
    8a6c:	e52de004 	push	{lr}		@ (str lr, [sp, #-4]!)
    8a70:	e24dd004 	sub	sp, sp, #4
    8a74:	e58d0000 	str	r0, [sp]
    8a78:	e30cc123 	movw	ip, #49443	@ 0xc123
    8a7c:	e34cc456 	movt	ip, #50262	@ 0xc456
    8a80:	e595e03c 	ldr	lr, [r5, #60]	@ 0x3c
    8a84:	e59e0008 	ldr	r0, [lr, #8]
    8a88:	e5840000 	str	r0, [r4]
    8a8c:	e59f0384 	ldr	r0, [pc, #900]	@ 0x8e18
    8a90:	e30ccabc 	movw	ip, #51900	@ 0xcabc
    8a94:	e34ccdef 	movt	ip, #52719	@ 0xcdef
    8a98:	e28dd004 	add	sp, sp, #4
    8a9c:	e49df004 	pop	{pc}		@ (ldr pc, [sp], #4)
    8aa0:	e52de004 	push	{lr}		@ (str lr, [sp, #-4]!)
    8aa4:	e24dd004 	sub	sp, sp, #4
    8aa8:	e58d0000 	str	r0, [sp]
    8aac:	e30cc123 	movw	ip, #49443	@ 0xc123
    8ab0:	e34cc456 	movt	ip, #50262	@ 0xc456
    8ab4:	e5940000 	ldr	r0, [r4]
    8ab8:	e3500099 	cmp	r0, #153	@ 0x99
    8abc:	83a00000 	movhi	r0, #0
    8ac0:	e1a00080 	lsl	r0, r0, #1
    8ac4:	e1a02000 	mov	r2, r0
    8ac8:	e5951030 	ldr	r1, [r5, #48]	@ 0x30
    8acc:	e59fe348 	ldr	lr, [pc, #840]	@ 0x8e1c
    8ad0:	e3a0cb42 	mov	ip, #67584	@ 0x10800
    8ad4:	e38ccf6c 	orr	ip, ip, #108, 30	@ 0x1b0
    8ad8:	e092200c 	adds	r2, r2, ip
    8adc:	2a00000b 	bcs	0x8b10
    8ae0:	e59fc334 	ldr	ip, [pc, #820]	@ 0x8e1c
    8ae4:	e152000c 	cmp	r2, ip
    8ae8:	8a000008 	bhi	0x8b10
    8aec:	e7e012f2 			@ <UNDEFINED> instruction: 0xe7e012f2
    8af0:	e2800b40 	add	r0, r0, #64, 22	@ 0x10000
    8af4:	e2800f90 	add	r0, r0, #144, 30	@ 0x240
    8af8:	e5840018 	str	r0, [r4, #24]
    8afc:	e59f031c 	ldr	r0, [pc, #796]	@ 0x8e20
    8b00:	e30ccabc 	movw	ip, #51900	@ 0xcabc
    8b04:	e34ccdef 	movt	ip, #52719	@ 0xcdef
    8b08:	e28dd004 	add	sp, sp, #4
    8b0c:	e49df004 	pop	{pc}		@ (ldr pc, [sp], #4)
    8b10:	e3a00008 	mov	r0, #8
    8b14:	e59d1000 	ldr	r1, [sp]
    8b18:	e5810010 	str	r0, [r1, #16]
    8b1c:	e59d0000 	ldr	r0, [sp]
    8b20:	e59d1004 	ldr	r1, [sp, #4]
    8b24:	e59fc2f8 	ldr	ip, [pc, #760]	@ 0x8e24
    8b28:	e12fff3c 	blx	ip
    8b2c:	e28dd008 	add	sp, sp, #8
    8b30:	e12fff10 	bx	r0
    8b34:	e52de004 	push	{lr}		@ (str lr, [sp, #-4]!)
    8b38:	e24dd004 	sub	sp, sp, #4
    8b3c:	e58d0000 	str	r0, [sp]
    8b40:	e30cc123 	movw	ip, #49443	@ 0xc123
    8b44:	e34cc456 	movt	ip, #50262	@ 0xc456
    8b48:	e5940000 	ldr	r0, [r4]
    8b4c:	e5840000 	str	r0, [r4]
    8b50:	e5840000 	str	r0, [r4]
    8b54:	e3a00840 	mov	r0, #64, 16	@ 0x400000
    8b58:	e3800e6d 	orr	r0, r0, #1744	@ 0x6d0
    8b5c:	e1a01004 	mov	r1, r4
    8b60:	e59d2000 	ldr	r2, [sp]
    8b64:	e59fc2bc 	ldr	ip, [pc, #700]	@ 0x8e28
    8b68:	e12fff3c 	blx	ip
    8b6c:	e3500000 	cmp	r0, #0
    8b70:	1a000006 	bne	0x8b90
    8b74:	e5940004 	ldr	r0, [r4, #4]
    8b78:	e5840004 	str	r0, [r4, #4]
    8b7c:	e59f02a8 	ldr	r0, [pc, #680]	@ 0x8e2c
    8b80:	e30ccabc 	movw	ip, #51900	@ 0xcabc
    8b84:	e34ccdef 	movt	ip, #52719	@ 0xcdef
    8b88:	e28dd004 	add	sp, sp, #4
    8b8c:	e49df004 	pop	{pc}		@ (ldr pc, [sp], #4)
    8b90:	e59d0000 	ldr	r0, [sp]
    8b94:	e59d1004 	ldr	r1, [sp, #4]
    8b98:	e59fc290 	ldr	ip, [pc, #656]	@ 0x8e30
    8b9c:	e12fff3c 	blx	ip
    8ba0:	e28dd008 	add	sp, sp, #8
    8ba4:	e12fff10 	bx	r0
    8ba8:	e52de004 	push	{lr}		@ (str lr, [sp, #-4]!)
    8bac:	e24dd004 	sub	sp, sp, #4
    8bb0:	e58d0000 	str	r0, [sp]
    8bb4:	e30cc123 	movw	ip, #49443	@ 0xc123
    8bb8:	e34cc456 	movt	ip, #50262	@ 0xc456
    8bbc:	e3a0e001 	mov	lr, #1
    8bc0:	e584e000 	str	lr, [r4]
    8bc4:	e59f0268 	ldr	r0, [pc, #616]	@ 0x8e34
    8bc8:	e30ccabc 	movw	ip, #51900	@ 0xcabc
    8bcc:	e34ccdef 	movt	ip, #52719	@ 0xcdef
    8bd0:	e28dd004 	add	sp, sp, #4
    8bd4:	e49df004 	pop	{pc}		@ (ldr pc, [sp], #4)
    8bd8:	e52de004 	push	{lr}		@ (str lr, [sp, #-4]!)
    8bdc:	e24dd004 	sub	sp, sp, #4
    8be0:	e58d0000 	str	r0, [sp]
    8be4:	e30cc123 	movw	ip, #49443	@ 0xc123
    8be8:	e34cc456 	movt	ip, #50262	@ 0xc456
    8bec:	e1a0e005 	mov	lr, r5
    8bf0:	e59e005c 	ldr	r0, [lr, #92]	@ 0x5c
    8bf4:	e5840000 	str	r0, [r4]
    8bf8:	e59f0238 	ldr	r0, [pc, #568]	@ 0x8e38
    8bfc:	e30ccabc 	movw	ip, #51900	@ 0xcabc
    8c00:	e34ccdef 	movt	ip, #52719	@ 0xcdef
    8c04:	e28dd004 	add	sp, sp, #4
    8c08:	e49df004 	pop	{pc}		@ (ldr pc, [sp], #4)
    8c0c:	e52de004 	push	{lr}		@ (str lr, [sp, #-4]!)
    8c10:	e24dd004 	sub	sp, sp, #4
    8c14:	e58d0000 	str	r0, [sp]
    8c18:	e30cc123 	movw	ip, #49443	@ 0xc123
    8c1c:	e34cc456 	movt	ip, #50262	@ 0xc456
    8c20:	e1a0e005 	mov	lr, r5
    8c24:	e59e0084 	ldr	r0, [lr, #132]	@ 0x84
    8c28:	e5840000 	str	r0, [r4]
    8c2c:	e59f0208 	ldr	r0, [pc, #520]	@ 0x8e3c
    8c30:	e30ccabc 	movw	ip, #51900	@ 0xcabc
    8c34:	e34ccdef 	movt	ip, #52719	@ 0xcdef
    8c38:	e28dd004 	add	sp, sp, #4
    8c3c:	e49df004 	pop	{pc}		@ (ldr pc, [sp], #4)
    8c40:	e52de004 	push	{lr}		@ (str lr, [sp, #-4]!)
    8c44:	e24dd004 	sub	sp, sp, #4
    8c48:	e58d0000 	str	r0, [sp]
    8c4c:	e30cc123 	movw	ip, #49443	@ 0xc123
    8c50:	e34cc456 	movt	ip, #50262	@ 0xc456
    8c54:	e1a0e005 	mov	lr, r5
    8c58:	e59e0080 	ldr	r0, [lr, #128]	@ 0x80
    8c5c:	e5840000 	str	r0, [r4]
    8c60:	e59f01d8 	ldr	r0, [pc, #472]	@ 0x8e40
    8c64:	e30ccabc 	movw	ip, #51900	@ 0xcabc
    8c68:	e34ccdef 	movt	ip, #52719	@ 0xcdef
    8c6c:	e28dd004 	add	sp, sp, #4
    8c70:	e49df004 	pop	{pc}		@ (ldr pc, [sp], #4)
    8c74:	e52de004 	push	{lr}		@ (str lr, [sp, #-4]!)
    8c78:	e24dd004 	sub	sp, sp, #4
    8c7c:	e58d0000 	str	r0, [sp]
    8c80:	e30cc123 	movw	ip, #49443	@ 0xc123
    8c84:	e34cc456 	movt	ip, #50262	@ 0xc456
    8c88:	e1a0e005 	mov	lr, r5
    8c8c:	e59e0088 	ldr	r0, [lr, #136]	@ 0x88
    8c90:	e5840000 	str	r0, [r4]
    8c94:	e59f01a8 	ldr	r0, [pc, #424]	@ 0x8e44
    8c98:	e30ccabc 	movw	ip, #51900	@ 0xcabc
    8c9c:	e34ccdef 	movt	ip, #52719	@ 0xcdef
    8ca0:	e28dd004 	add	sp, sp, #4
    8ca4:	e49df004 	pop	{pc}		@ (ldr pc, [sp], #4)
    8ca8:	e52de004 	push	{lr}		@ (str lr, [sp, #-4]!)
    8cac:	e24dd004 	sub	sp, sp, #4
    8cb0:	e58d0000 	str	r0, [sp]
    8cb4:	e30cc123 	movw	ip, #49443	@ 0xc123
    8cb8:	e34cc456 	movt	ip, #50262	@ 0xc456
    8cbc:	e1a0e005 	mov	lr, r5
    8cc0:	e59e00f0 	ldr	r0, [lr, #240]	@ 0xf0
    8cc4:	e5840000 	str	r0, [r4]
    8cc8:	e59f0178 	ldr	r0, [pc, #376]	@ 0x8e48
    8ccc:	e30ccabc 	movw	ip, #51900	@ 0xcabc
    8cd0:	e34ccdef 	movt	ip, #52719	@ 0xcdef
    8cd4:	e28dd004 	add	sp, sp, #4
    8cd8:	e49df004 	pop	{pc}		@ (ldr pc, [sp], #4)
    8cdc:	e52de004 	push	{lr}		@ (str lr, [sp, #-4]!)
    8ce0:	e24dd004 	sub	sp, sp, #4
    8ce4:	e58d0000 	str	r0, [sp]
    8ce8:	e30cc123 	movw	ip, #49443	@ 0xc123
    8cec:	e34cc456 	movt	ip, #50262	@ 0xc456
    8cf0:	e1a0e005 	mov	lr, r5
    8cf4:	e59e00f4 	ldr	r0, [lr, #244]	@ 0xf4
    8cf8:	e5840000 	str	r0, [r4]
    8cfc:	e59f0148 	ldr	r0, [pc, #328]	@ 0x8e4c
    8d00:	e30ccabc 	movw	ip, #51900	@ 0xcabc
    8d04:	e34ccdef 	movt	ip, #52719	@ 0xcdef
    8d08:	e28dd004 	add	sp, sp, #4
    8d0c:	e49df004 	pop	{pc}		@ (ldr pc, [sp], #4)
    8d10:	e52de004 	push	{lr}		@ (str lr, [sp, #-4]!)
    8d14:	e24dd004 	sub	sp, sp, #4
    8d18:	e58d0000 	str	r0, [sp]
    8d1c:	e30cc123 	movw	ip, #49443	@ 0xc123
    8d20:	e34cc456 	movt	ip, #50262	@ 0xc456
    8d24:	e1a0e005 	mov	lr, r5
    8d28:	e59e011c 	ldr	r0, [lr, #284]	@ 0x11c
    8d2c:	e5840000 	str	r0, [r4]
    8d30:	e59f0118 	ldr	r0, [pc, #280]	@ 0x8e50
    8d34:	e30ccabc 	movw	ip, #51900	@ 0xcabc
    8d38:	e34ccdef 	movt	ip, #52719	@ 0xcdef
    8d3c:	e28dd004 	add	sp, sp, #4
    8d40:	e49df004 	pop	{pc}		@ (ldr pc, [sp], #4)
    8d44:	e52de004 	push	{lr}		@ (str lr, [sp, #-4]!)
    8d48:	e24dd004 	sub	sp, sp, #4
    8d4c:	e58d0000 	str	r0, [sp]
    8d50:	e30cc123 	movw	ip, #49443	@ 0xc123
    8d54:	e34cc456 	movt	ip, #50262	@ 0xc456
    8d58:	e1a0e005 	mov	lr, r5
    8d5c:	e59e0124 	ldr	r0, [lr, #292]	@ 0x124
    8d60:	e5840000 	str	r0, [r4]
    8d64:	e59f00e8 	ldr	r0, [pc, #232]	@ 0x8e54
    8d68:	e30ccabc 	movw	ip, #51900	@ 0xcabc
    8d6c:	e34ccdef 	movt	ip, #52719	@ 0xcdef
    8d70:	e28dd004 	add	sp, sp, #4
    8d74:	e49df004 	pop	{pc}		@ (ldr pc, [sp], #4)
    8d78:	e52de004 	push	{lr}		@ (str lr, [sp, #-4]!)
    8d7c:	e24dd004 	sub	sp, sp, #4
    8d80:	e58d0000 	str	r0, [sp]
    8d84:	e30cc123 	movw	ip, #49443	@ 0xc123
    8d88:	e34cc456 	movt	ip, #50262	@ 0xc456
    8d8c:	e3a0eb40 	mov	lr, #64, 22	@ 0x10000
    8d90:	e584e000 	str	lr, [r4]
    8d94:	e59f00bc 	ldr	r0, [pc, #188]	@ 0x8e58
    8d98:	e30ccabc 	movw	ip, #51900	@ 0xcabc
    8d9c:	e34ccdef 	movt	ip, #52719	@ 0xcdef
    8da0:	e28dd004 	add	sp, sp, #4
    8da4:	e49df004 	pop	{pc}		@ (ldr pc, [sp], #4)
    8da8:	e52de004 	push	{lr}		@ (str lr, [sp, #-4]!)
    8dac:	e24dd004 	sub	sp, sp, #4
    8db0:	e58d0000 	str	r0, [sp]
    8db4:	e30cc123 	movw	ip, #49443	@ 0xc123
    8db8:	e34cc456 	movt	ip, #50262	@ 0xc456
    8dbc:	e3a0eb42 	mov	lr, #67584	@ 0x10800
    8dc0:	e38eefba 	orr	lr, lr, #744	@ 0x2e8
    8dc4:	e584e000 	str	lr, [r4]
    8dc8:	e59f008c 	ldr	r0, [pc, #140]	@ 0x8e5c
    8dcc:	e30ccabc 	movw	ip, #51900	@ 0xcabc
    8dd0:	e34ccdef 	movt	ip, #52719	@ 0xcdef
    8dd4:	e28dd004 	add	sp, sp, #4
    8dd8:	e49df004 	pop	{pc}		@ (ldr pc, [sp], #4)
    8ddc:	ea00001f 	b	0x8e60
	...
    8df8:	00409f60 	subeq	r9, r0, r0, ror #30
    8dfc:	0004890c 	andeq	r8, r4, ip, lsl #18
    8e00:	0101fff8 	strdeq	pc, [r1, -r8]
    8e04:	00409fb8 	strheq	r9, [r0], #-248	@ 0xffffff08
    8e08:	0004890c 	andeq	r8, r4, ip, lsl #18
    8e0c:	0040a1d4 	ldrdeq	sl, [r0], #-20	@ 0xffffffec
    8e10:	00048004 	andeq	r8, r4, r4
    8e14:	004007b4 	strheq	r0, [r0], #-116	@ 0xffffff8c
    8e18:	003fdc3c 	eorseq	sp, pc, ip, lsr ip	@ <UNPREDICTABLE>
    8e1c:	0101fffe 	strdeq	pc, [r1, -lr]
    8e20:	003f6d98 	mlaseq	pc, r8, sp, r6	@ <UNPREDICTABLE>
    8e24:	00048004 	andeq	r8, r4, r4
    8e28:	0004890c 	andeq	r8, r4, ip, lsl #18
    8e2c:	004006ec 	subeq	r0, r0, ip, ror #13
    8e30:	00048004 	andeq	r8, r4, r4
    8e34:	003f5ec4 	eorseq	r5, pc, r4, asr #29
    8e38:	003f65e4 	eorseq	r6, pc, r4, ror #11
    8e3c:	003f666c 	eorseq	r6, pc, ip, ror #12
    8e40:	003f66f4 	ldrshteq	r6, [pc], -r4
    8e44:	003f677c 	eorseq	r6, pc, ip, ror r7	@ <UNPREDICTABLE>
    8e48:	003f6804 	eorseq	r6, pc, r4, lsl #16
    8e4c:	003f688c 	eorseq	r6, pc, ip, lsl #17
    8e50:	003f6914 	eorseq	r6, pc, r4, lsl r9	@ <UNPREDICTABLE>
    8e54:	003f699c 	mlaseq	pc, ip, r9, r6	@ <UNPREDICTABLE>
    8e58:	003fcfe4 	eorseq	ip, pc, r4, ror #31
    8e5c:	003fdbfc 	ldrshteq	sp, [pc], -ip
    8e60:	e1a00000 	nop			@ (mov r0, r0)
    8e64:	e1a00000 	nop			@ (mov r0, r0)
    8e68:	e1a00000 	nop			@ (mov r0, r0)
    8e6c:	e1a00000 	nop			@ (mov r0, r0)
    8e70:	e1a00000 	nop			@ (mov r0, r0)
    8e74:	e1a00000 	nop			@ (mov r0, r0)
    8e78:	e1a00000 	nop			@ (mov r0, r0)
    8e7c:	e1a00000 	nop			@ (mov r0, r0)
    8e80:	e1a00000 	nop			@ (mov r0, r0)
    8e84:	e1a00000 	nop			@ (mov r0, r0)
    8e88:	e1a00000 	nop			@ (mov r0, r0)
    8e8c:	e1a00000 	nop			@ (mov r0, r0)
    8e90:	e1a00000 	nop			@ (mov r0, r0)
    8e94:	e1a00000 	nop			@ (mov r0, r0)
    8e98:	e1a00000 	nop			@ (mov r0, r0)
    8e9c:	e1a00000 	nop			@ (mov r0, r0)
    8ea0:	e1a00000 	nop			@ (mov r0, r0)
    8ea4:	e1a00000 	nop			@ (mov r0, r0)
    8ea8:	e1a00000 	nop			@ (mov r0, r0)
    8eac:	e1a00000 	nop			@ (mov r0, r0)
    8eb0:	e1a00000 	nop			@ (mov r0, r0)
    8eb4:	e1a00000 	nop			@ (mov r0, r0)
    8eb8:	e1a00000 	nop			@ (mov r0, r0)
    8ebc:	e1a00000 	nop			@ (mov r0, r0)
    8ec0:	e1a00000 	nop			@ (mov r0, r0)
    8ec4:	e1a00000 	nop			@ (mov r0, r0)
    8ec8:	e1a00000 	nop			@ (mov r0, r0)
    8ecc:	e1a00000 	nop			@ (mov r0, r0)
    8ed0:	e1a00000 	nop			@ (mov r0, r0)
    8ed4:	e1a00000 	nop			@ (mov r0, r0)
    8ed8:	e1a00000 	nop			@ (mov r0, r0)
    8edc:	e1a00000 	nop			@ (mov r0, r0)
    8ee0:	e1a00000 	nop			@ (mov r0, r0)
    8ee4:	e1a00000 	nop			@ (mov r0, r0)
    8ee8:	e1a00000 	nop			@ (mov r0, r0)
    8eec:	e1a00000 	nop			@ (mov r0, r0)
    8ef0:	e1a00000 	nop			@ (mov r0, r0)
    8ef4:	e1a00000 	nop			@ (mov r0, r0)
    8ef8:	e1a00000 	nop			@ (mov r0, r0)
    8efc:	e1a00000 	nop			@ (mov r0, r0)
    8f00:	e1a00000 	nop			@ (mov r0, r0)
    8f04:	e1a00000 	nop			@ (mov r0, r0)
    8f08:	e1a00000 	nop			@ (mov r0, r0)
    8f0c:	e1a00000 	nop			@ (mov r0, r0)
    8f10:	e1a00000 	nop			@ (mov r0, r0)
    8f14:	e1a00000 	nop			@ (mov r0, r0)
    8f18:	e1a00000 	nop			@ (mov r0, r0)
    8f1c:	e1a00000 	nop			@ (mov r0, r0)
    8f20:	e1a00000 	nop			@ (mov r0, r0)
    8f24:	e1a00000 	nop			@ (mov r0, r0)
    8f28:	e1a00000 	nop			@ (mov r0, r0)
    8f2c:	e1a00000 	nop			@ (mov r0, r0)
    8f30:	e1a00000 	nop			@ (mov r0, r0)
    8f34:	e1a00000 	nop			@ (mov r0, r0)
    8f38:	e1a00000 	nop			@ (mov r0, r0)
    8f3c:	e1a00000 	nop			@ (mov r0, r0)
    8f40:	e1a00000 	nop			@ (mov r0, r0)
    8f44:	e1a00000 	nop			@ (mov r0, r0)
    8f48:	e1a00000 	nop			@ (mov r0, r0)
    8f4c:	e1a00000 	nop			@ (mov r0, r0)
    8f50:	e1a00000 	nop			@ (mov r0, r0)
    8f54:	e1a00000 	nop			@ (mov r0, r0)
    8f58:	e1a00000 	nop			@ (mov r0, r0)
    8f5c:	e1a00000 	nop			@ (mov r0, r0)
    8f60:	e1a00000 	nop			@ (mov r0, r0)
    8f64:	e1a00000 	nop			@ (mov r0, r0)
    8f68:	e1a00000 	nop			@ (mov r0, r0)
    8f6c:	e1a00000 	nop			@ (mov r0, r0)
    8f70:	e1a00000 	nop			@ (mov r0, r0)
    8f74:	e1a00000 	nop			@ (mov r0, r0)
