
/tmp/jit_dump.bin:     file format binary


Disassembly of section .data:

00000000 <.data>:
       0:	e92d4030 	push	{r4, r5, lr}
       4:	e1a04001 	mov	r4, r1
       8:	e24dd004 	sub	sp, sp, #4
       c:	e5905008 	ldr	r5, [r0, #8]
      10:	e12fff32 	blx	r2
      14:	e28dd004 	add	sp, sp, #4
      18:	e8bd8030 	pop	{r4, r5, pc}
      1c:	e52de004 	push	{lr}		@ (str lr, [sp, #-4]!)
      20:	e24dd004 	sub	sp, sp, #4
      24:	e58d0000 	str	r0, [sp]
      28:	e30cc123 	movw	ip, #49443	@ 0xc123
      2c:	e34cc456 	movt	ip, #50262	@ 0xc456
      30:	e59f0fe0 	ldr	r0, [pc, #4064]	@ 0x1018
      34:	e1a01004 	mov	r1, r4
      38:	e59d2000 	ldr	r2, [sp]
      3c:	e59fcfd8 	ldr	ip, [pc, #4056]	@ 0x101c
      40:	e12fff3c 	blx	ip
      44:	e3500000 	cmp	r0, #0
      48:	1a00000b 	bne	0x7c
      4c:	e59f0fcc 	ldr	r0, [pc, #4044]	@ 0x1020
      50:	e1a01004 	mov	r1, r4
      54:	e59d2000 	ldr	r2, [sp]
      58:	e59fcfc4 	ldr	ip, [pc, #4036]	@ 0x1024
      5c:	e12fff3c 	blx	ip
      60:	e3500000 	cmp	r0, #0
      64:	1a000004 	bne	0x7c
      68:	e59f0fb8 	ldr	r0, [pc, #4024]	@ 0x1028
      6c:	e30ccabc 	movw	ip, #51900	@ 0xcabc
      70:	e34ccdef 	movt	ip, #52719	@ 0xcdef
      74:	e28dd004 	add	sp, sp, #4
      78:	e49df004 	pop	{pc}		@ (ldr pc, [sp], #4)
      7c:	e59d0000 	ldr	r0, [sp]
      80:	e59d1004 	ldr	r1, [sp, #4]
      84:	e59fcfa0 	ldr	ip, [pc, #4000]	@ 0x102c
      88:	e12fff3c 	blx	ip
      8c:	e28dd008 	add	sp, sp, #8
      90:	e12fff10 	bx	r0
      94:	e92d4040 	push	{r6, lr}
      98:	e24dd008 	sub	sp, sp, #8
      9c:	e58d0000 	str	r0, [sp]
      a0:	e30cc123 	movw	ip, #49443	@ 0xc123
      a4:	e34cc456 	movt	ip, #50262	@ 0xc456
      a8:	e595e03c 	ldr	lr, [r5, #60]	@ 0x3c
      ac:	e59e0008 	ldr	r0, [lr, #8]
      b0:	e2406030 	sub	r6, r0, #48	@ 0x30
      b4:	e595003c 	ldr	r0, [r5, #60]	@ 0x3c
      b8:	e5806008 	str	r6, [r0, #8]
      bc:	e1a01006 	mov	r1, r6
      c0:	e5950030 	ldr	r0, [r5, #48]	@ 0x30
      c4:	e291102c 	adds	r1, r1, #44	@ 0x2c
      c8:	2a000211 	bcs	0x914
      cc:	e59fcf5c 	ldr	ip, [pc, #3932]	@ 0x1030
      d0:	e151000c 	cmp	r1, ip
      d4:	8a00020e 	bhi	0x914
      d8:	e3a0e000 	mov	lr, #0
      dc:	e780e001 	str	lr, [r0, r1]
      e0:	e59f0f4c 	ldr	r0, [pc, #3916]	@ 0x1034
      e4:	e1a01004 	mov	r1, r4
      e8:	e59d2000 	ldr	r2, [sp]
      ec:	e59fcf44 	ldr	ip, [pc, #3908]	@ 0x1038
      f0:	e12fff3c 	blx	ip
      f4:	e3500000 	cmp	r0, #0
      f8:	1a000208 	bne	0x920
      fc:	e1a01006 	mov	r1, r6
     100:	e5950030 	ldr	r0, [r5, #48]	@ 0x30
     104:	e2911028 	adds	r1, r1, #40	@ 0x28
     108:	2a000201 	bcs	0x914
     10c:	e59fcf1c 	ldr	ip, [pc, #3868]	@ 0x1030
     110:	e151000c 	cmp	r1, ip
     114:	8a0001fe 	bhi	0x914
     118:	e3a0e000 	mov	lr, #0
     11c:	e780e001 	str	lr, [r0, r1]
     120:	e1a01006 	mov	r1, r6
     124:	e5950030 	ldr	r0, [r5, #48]	@ 0x30
     128:	e2911024 	adds	r1, r1, #36	@ 0x24
     12c:	2a0001f8 	bcs	0x914
     130:	e59fcef8 	ldr	ip, [pc, #3832]	@ 0x1030
     134:	e151000c 	cmp	r1, ip
     138:	8a0001f5 	bhi	0x914
     13c:	e3a0e000 	mov	lr, #0
     140:	e780e001 	str	lr, [r0, r1]
     144:	e1a01006 	mov	r1, r6
     148:	e5950030 	ldr	r0, [r5, #48]	@ 0x30
     14c:	e2911020 	adds	r1, r1, #32
     150:	2a0001ef 	bcs	0x914
     154:	e59fced4 	ldr	ip, [pc, #3796]	@ 0x1030
     158:	e151000c 	cmp	r1, ip
     15c:	8a0001ec 	bhi	0x914
     160:	e3a0e000 	mov	lr, #0
     164:	e780e001 	str	lr, [r0, r1]
     168:	e1a02006 	mov	r2, r6
     16c:	e5951030 	ldr	r1, [r5, #48]	@ 0x30
     170:	e2922020 	adds	r2, r2, #32
     174:	2a0001e6 	bcs	0x914
     178:	e59fceb0 	ldr	ip, [pc, #3760]	@ 0x1030
     17c:	e152000c 	cmp	r2, ip
     180:	8a0001e3 	bhi	0x914
     184:	e7910002 	ldr	r0, [r1, r2]
     188:	e3500d80 	cmp	r0, #128, 26	@ 0x2000
     18c:	e3a00000 	mov	r0, #0
     190:	b3a00001 	movlt	r0, #1
     194:	e3100001 	tst	r0, #1
     198:	0a0000bb 	beq	0x48c
     19c:	e1a02006 	mov	r2, r6
     1a0:	e5951030 	ldr	r1, [r5, #48]	@ 0x30
     1a4:	e2922020 	adds	r2, r2, #32
     1a8:	2a0001d9 	bcs	0x914
     1ac:	e59fce7c 	ldr	ip, [pc, #3708]	@ 0x1030
     1b0:	e152000c 	cmp	r2, ip
     1b4:	8a0001d6 	bhi	0x914
     1b8:	e7910002 	ldr	r0, [r1, r2]
     1bc:	e1a02000 	mov	r2, r0
     1c0:	e5951030 	ldr	r1, [r5, #48]	@ 0x30
     1c4:	e3a0cb43 	mov	ip, #68608	@ 0x10c00
     1c8:	e38cc180 	orr	ip, ip, #128, 2
     1cc:	e092200c 	adds	r2, r2, ip
     1d0:	2a0001cf 	bcs	0x914
     1d4:	e3e0c4fe 	mvn	ip, #-33554432	@ 0xfe000000
     1d8:	e3ccc8fe 	bic	ip, ip, #16646144	@ 0xfe0000
     1dc:	e152000c 	cmp	r2, ip
     1e0:	8a0001cb 	bhi	0x914
     1e4:	e7d10002 	ldrb	r0, [r1, r2]
     1e8:	e1a02006 	mov	r2, r6
     1ec:	e5951030 	ldr	r1, [r5, #48]	@ 0x30
     1f0:	e292201f 	adds	r2, r2, #31
     1f4:	2a0001c6 	bcs	0x914
     1f8:	e3e0c4fe 	mvn	ip, #-33554432	@ 0xfe000000
     1fc:	e3ccc8fe 	bic	ip, ip, #16646144	@ 0xfe0000
     200:	e152000c 	cmp	r2, ip
     204:	8a0001c2 	bhi	0x914
     208:	e7c10002 	strb	r0, [r1, r2]
     20c:	e1a02006 	mov	r2, r6
     210:	e5951030 	ldr	r1, [r5, #48]	@ 0x30
     214:	e292201f 	adds	r2, r2, #31
     218:	2a0001bd 	bcs	0x914
     21c:	e3e0c4fe 	mvn	ip, #-33554432	@ 0xfe000000
     220:	e3ccc8fe 	bic	ip, ip, #16646144	@ 0xfe0000
     224:	e152000c 	cmp	r2, ip
     228:	8a0001b9 	bhi	0x914
     22c:	e7d10002 	ldrb	r0, [r1, r2]
     230:	e20000ff 	and	r0, r0, #255	@ 0xff
     234:	e1a03006 	mov	r3, r6
     238:	e5952030 	ldr	r2, [r5, #48]	@ 0x30
     23c:	e2933024 	adds	r3, r3, #36	@ 0x24
     240:	2a0001b3 	bcs	0x914
     244:	e59fcde4 	ldr	ip, [pc, #3556]	@ 0x1030
     248:	e153000c 	cmp	r3, ip
     24c:	8a0001b0 	bhi	0x914
     250:	e7921003 	ldr	r1, [r2, r3]
     254:	e201103f 	and	r1, r1, #63	@ 0x3f
     258:	e0200001 	eor	r0, r0, r1
     25c:	e20000ff 	and	r0, r0, #255	@ 0xff
     260:	e1a03006 	mov	r3, r6
     264:	e5952030 	ldr	r2, [r5, #48]	@ 0x30
     268:	e2933024 	adds	r3, r3, #36	@ 0x24
     26c:	2a0001a8 	bcs	0x914
     270:	e59fcdb8 	ldr	ip, [pc, #3512]	@ 0x1030
     274:	e153000c 	cmp	r3, ip
     278:	8a0001a5 	bhi	0x914
     27c:	e7921003 	ldr	r1, [r2, r3]
     280:	e0200001 	eor	r0, r0, r1
     284:	e1a02006 	mov	r2, r6
     288:	e5951030 	ldr	r1, [r5, #48]	@ 0x30
     28c:	e2922024 	adds	r2, r2, #36	@ 0x24
     290:	2a00019f 	bcs	0x914
     294:	e59fcd94 	ldr	ip, [pc, #3476]	@ 0x1030
     298:	e152000c 	cmp	r2, ip
     29c:	8a00019c 	bhi	0x914
     2a0:	e7810002 	str	r0, [r1, r2]
     2a4:	e1a02006 	mov	r2, r6
     2a8:	e5951030 	ldr	r1, [r5, #48]	@ 0x30
     2ac:	e292201f 	adds	r2, r2, #31
     2b0:	2a000197 	bcs	0x914
     2b4:	e3e0c4fe 	mvn	ip, #-33554432	@ 0xfe000000
     2b8:	e3ccc8fe 	bic	ip, ip, #16646144	@ 0xfe0000
     2bc:	e152000c 	cmp	r2, ip
     2c0:	8a000193 	bhi	0x914
     2c4:	e7d10002 	ldrb	r0, [r1, r2]
     2c8:	e20000ff 	and	r0, r0, #255	@ 0xff
     2cc:	e1a03006 	mov	r3, r6
     2d0:	e5952030 	ldr	r2, [r5, #48]	@ 0x30
     2d4:	e2933024 	adds	r3, r3, #36	@ 0x24
     2d8:	2a00018d 	bcs	0x914
     2dc:	e59fcd4c 	ldr	ip, [pc, #3404]	@ 0x1030
     2e0:	e153000c 	cmp	r3, ip
     2e4:	8a00018a 	bhi	0x914
     2e8:	e7921003 	ldr	r1, [r2, r3]
     2ec:	e201100f 	and	r1, r1, #15
     2f0:	e0200001 	eor	r0, r0, r1
     2f4:	e1a03006 	mov	r3, r6
     2f8:	e5952030 	ldr	r2, [r5, #48]	@ 0x30
     2fc:	e2933020 	adds	r3, r3, #32
     300:	2a000183 	bcs	0x914
     304:	e59fcd24 	ldr	ip, [pc, #3364]	@ 0x1030
     308:	e153000c 	cmp	r3, ip
     30c:	8a000180 	bhi	0x914
     310:	e7921003 	ldr	r1, [r2, r3]
     314:	e5952030 	ldr	r2, [r5, #48]	@ 0x30
     318:	e3a0cb43 	mov	ip, #68608	@ 0x10c00
     31c:	e38cc180 	orr	ip, ip, #128, 2
     320:	e091100c 	adds	r1, r1, ip
     324:	2a00017a 	bcs	0x914
     328:	e3e0c4fe 	mvn	ip, #-33554432	@ 0xfe000000
     32c:	e3ccc8fe 	bic	ip, ip, #16646144	@ 0xfe0000
     330:	e151000c 	cmp	r1, ip
     334:	8a000176 	bhi	0x914
     338:	e7c20001 	strb	r0, [r2, r1]
     33c:	e1a02006 	mov	r2, r6
     340:	e5951030 	ldr	r1, [r5, #48]	@ 0x30
     344:	e2922024 	adds	r2, r2, #36	@ 0x24
     348:	2a000171 	bcs	0x914
     34c:	e59fccdc 	ldr	ip, [pc, #3292]	@ 0x1030
     350:	e152000c 	cmp	r2, ip
     354:	8a00016e 	bhi	0x914
     358:	e7910002 	ldr	r0, [r1, r2]
     35c:	e1a03006 	mov	r3, r6
     360:	e5952030 	ldr	r2, [r5, #48]	@ 0x30
     364:	e2933028 	adds	r3, r3, #40	@ 0x28
     368:	2a000169 	bcs	0x914
     36c:	e59fccbc 	ldr	ip, [pc, #3260]	@ 0x1030
     370:	e153000c 	cmp	r3, ip
     374:	8a000166 	bhi	0x914
     378:	e7921003 	ldr	r1, [r2, r3]
     37c:	e0800001 	add	r0, r0, r1
     380:	e1a02006 	mov	r2, r6
     384:	e5951030 	ldr	r1, [r5, #48]	@ 0x30
     388:	e2922028 	adds	r2, r2, #40	@ 0x28
     38c:	2a000160 	bcs	0x914
     390:	e59fcc98 	ldr	ip, [pc, #3224]	@ 0x1030
     394:	e152000c 	cmp	r2, ip
     398:	8a00015d 	bhi	0x914
     39c:	e7810002 	str	r0, [r1, r2]
     3a0:	e1a02006 	mov	r2, r6
     3a4:	e5951030 	ldr	r1, [r5, #48]	@ 0x30
     3a8:	e292201f 	adds	r2, r2, #31
     3ac:	2a000158 	bcs	0x914
     3b0:	e3e0c4fe 	mvn	ip, #-33554432	@ 0xfe000000
     3b4:	e3ccc8fe 	bic	ip, ip, #16646144	@ 0xfe0000
     3b8:	e152000c 	cmp	r2, ip
     3bc:	8a000154 	bhi	0x914
     3c0:	e7d10002 	ldrb	r0, [r1, r2]
     3c4:	e20000ff 	and	r0, r0, #255	@ 0xff
     3c8:	e35000aa 	cmp	r0, #170	@ 0xaa
     3cc:	e3a00000 	mov	r0, #0
     3d0:	03a00001 	moveq	r0, #1
     3d4:	e3100001 	tst	r0, #1
     3d8:	0a000019 	beq	0x444
     3dc:	e1a02006 	mov	r2, r6
     3e0:	e5951030 	ldr	r1, [r5, #48]	@ 0x30
     3e4:	e2922024 	adds	r2, r2, #36	@ 0x24
     3e8:	2a000149 	bcs	0x914
     3ec:	e59fcc3c 	ldr	ip, [pc, #3132]	@ 0x1030
     3f0:	e152000c 	cmp	r2, ip
     3f4:	8a000146 	bhi	0x914
     3f8:	e7910002 	ldr	r0, [r1, r2]
     3fc:	e1a03006 	mov	r3, r6
     400:	e5952030 	ldr	r2, [r5, #48]	@ 0x30
     404:	e2933028 	adds	r3, r3, #40	@ 0x28
     408:	2a000141 	bcs	0x914
     40c:	e59fcc1c 	ldr	ip, [pc, #3100]	@ 0x1030
     410:	e153000c 	cmp	r3, ip
     414:	8a00013e 	bhi	0x914
     418:	e7921003 	ldr	r1, [r2, r3]
     41c:	e0200001 	eor	r0, r0, r1
     420:	e1a02006 	mov	r2, r6
     424:	e5951030 	ldr	r1, [r5, #48]	@ 0x30
     428:	e2922028 	adds	r2, r2, #40	@ 0x28
     42c:	2a000138 	bcs	0x914
     430:	e59fcbf8 	ldr	ip, [pc, #3064]	@ 0x1030
     434:	e152000c 	cmp	r2, ip
     438:	8a000135 	bhi	0x914
     43c:	e7810002 	str	r0, [r1, r2]
     440:	ea000011 	b	0x48c
     444:	e1a02006 	mov	r2, r6
     448:	e5951030 	ldr	r1, [r5, #48]	@ 0x30
     44c:	e2922020 	adds	r2, r2, #32
     450:	2a00012f 	bcs	0x914
     454:	e59fcbd4 	ldr	ip, [pc, #3028]	@ 0x1030
     458:	e152000c 	cmp	r2, ip
     45c:	8a00012c 	bhi	0x914
     460:	e7910002 	ldr	r0, [r1, r2]
     464:	e2800003 	add	r0, r0, #3
     468:	e1a02006 	mov	r2, r6
     46c:	e5951030 	ldr	r1, [r5, #48]	@ 0x30
     470:	e2922020 	adds	r2, r2, #32
     474:	2a000126 	bcs	0x914
     478:	e59fcbb0 	ldr	ip, [pc, #2992]	@ 0x1030
     47c:	e152000c 	cmp	r2, ip
     480:	8a000123 	bhi	0x914
     484:	e7810002 	str	r0, [r1, r2]
     488:	eaffff36 	b	0x168
     48c:	e1a01006 	mov	r1, r6
     490:	e5950030 	ldr	r0, [r5, #48]	@ 0x30
     494:	e2911018 	adds	r1, r1, #24
     498:	2a00011d 	bcs	0x914
     49c:	e59fcb8c 	ldr	ip, [pc, #2956]	@ 0x1030
     4a0:	e151000c 	cmp	r1, ip
     4a4:	8a00011a 	bhi	0x914
     4a8:	e3a0ec1f 	mov	lr, #7936	@ 0x1f00
     4ac:	e38ee0ff 	orr	lr, lr, #255	@ 0xff
     4b0:	e780e001 	str	lr, [r0, r1]
     4b4:	e1a02006 	mov	r2, r6
     4b8:	e5951030 	ldr	r1, [r5, #48]	@ 0x30
     4bc:	e2922018 	adds	r2, r2, #24
     4c0:	2a000113 	bcs	0x914
     4c4:	e59fcb64 	ldr	ip, [pc, #2916]	@ 0x1030
     4c8:	e152000c 	cmp	r2, ip
     4cc:	8a000110 	bhi	0x914
     4d0:	e7910002 	ldr	r0, [r1, r2]
     4d4:	e3500000 	cmp	r0, #0
     4d8:	e3a00000 	mov	r0, #0
     4dc:	a3a00001 	movge	r0, #1
     4e0:	e3100001 	tst	r0, #1
     4e4:	0a0000d6 	beq	0x844
     4e8:	e1a02006 	mov	r2, r6
     4ec:	e5951030 	ldr	r1, [r5, #48]	@ 0x30
     4f0:	e2922018 	adds	r2, r2, #24
     4f4:	2a000106 	bcs	0x914
     4f8:	e59fcb30 	ldr	ip, [pc, #2864]	@ 0x1030
     4fc:	e152000c 	cmp	r2, ip
     500:	8a000103 	bhi	0x914
     504:	e7910002 	ldr	r0, [r1, r2]
     508:	e1a02000 	mov	r2, r0
     50c:	e5951030 	ldr	r1, [r5, #48]	@ 0x30
     510:	e3a0cb43 	mov	ip, #68608	@ 0x10c00
     514:	e38cc180 	orr	ip, ip, #128, 2
     518:	e092200c 	adds	r2, r2, ip
     51c:	2a0000fc 	bcs	0x914
     520:	e3e0c4fe 	mvn	ip, #-33554432	@ 0xfe000000
     524:	e3ccc8fe 	bic	ip, ip, #16646144	@ 0xfe0000
     528:	e152000c 	cmp	r2, ip
     52c:	8a0000f8 	bhi	0x914
     530:	e7d10002 	ldrb	r0, [r1, r2]
     534:	e1a02006 	mov	r2, r6
     538:	e5951030 	ldr	r1, [r5, #48]	@ 0x30
     53c:	e2922017 	adds	r2, r2, #23
     540:	2a0000f3 	bcs	0x914
     544:	e3e0c4fe 	mvn	ip, #-33554432	@ 0xfe000000
     548:	e3ccc8fe 	bic	ip, ip, #16646144	@ 0xfe0000
     54c:	e152000c 	cmp	r2, ip
     550:	8a0000ef 	bhi	0x914
     554:	e7c10002 	strb	r0, [r1, r2]
     558:	e1a02006 	mov	r2, r6
     55c:	e5951030 	ldr	r1, [r5, #48]	@ 0x30
     560:	e2922024 	adds	r2, r2, #36	@ 0x24
     564:	2a0000ea 	bcs	0x914
     568:	e59fcac0 	ldr	ip, [pc, #2752]	@ 0x1030
     56c:	e152000c 	cmp	r2, ip
     570:	8a0000e7 	bhi	0x914
     574:	e7910002 	ldr	r0, [r1, r2]
     578:	e1a001a0 	lsr	r0, r0, #3
     57c:	e1a03006 	mov	r3, r6
     580:	e5952030 	ldr	r2, [r5, #48]	@ 0x30
     584:	e2933024 	adds	r3, r3, #36	@ 0x24
     588:	2a0000e1 	bcs	0x914
     58c:	e59fca9c 	ldr	ip, [pc, #2716]	@ 0x1030
     590:	e153000c 	cmp	r3, ip
     594:	8a0000de 	bhi	0x914
     598:	e7921003 	ldr	r1, [r2, r3]
     59c:	e1a01e81 	lsl	r1, r1, #29
     5a0:	e1800001 	orr	r0, r0, r1
     5a4:	e1a02006 	mov	r2, r6
     5a8:	e5951030 	ldr	r1, [r5, #48]	@ 0x30
     5ac:	e2922024 	adds	r2, r2, #36	@ 0x24
     5b0:	2a0000d7 	bcs	0x914
     5b4:	e59fca74 	ldr	ip, [pc, #2676]	@ 0x1030
     5b8:	e152000c 	cmp	r2, ip
     5bc:	8a0000d4 	bhi	0x914
     5c0:	e7810002 	str	r0, [r1, r2]
     5c4:	e1a02006 	mov	r2, r6
     5c8:	e5951030 	ldr	r1, [r5, #48]	@ 0x30
     5cc:	e2922017 	adds	r2, r2, #23
     5d0:	2a0000cf 	bcs	0x914
     5d4:	e3e0c4fe 	mvn	ip, #-33554432	@ 0xfe000000
     5d8:	e3ccc8fe 	bic	ip, ip, #16646144	@ 0xfe0000
     5dc:	e152000c 	cmp	r2, ip
     5e0:	8a0000cb 	bhi	0x914
     5e4:	e7d10002 	ldrb	r0, [r1, r2]
     5e8:	e20000ff 	and	r0, r0, #255	@ 0xff
     5ec:	e1a03006 	mov	r3, r6
     5f0:	e5952030 	ldr	r2, [r5, #48]	@ 0x30
     5f4:	e2933024 	adds	r3, r3, #36	@ 0x24
     5f8:	2a0000c5 	bcs	0x914
     5fc:	e59fca2c 	ldr	ip, [pc, #2604]	@ 0x1030
     600:	e153000c 	cmp	r3, ip
     604:	8a0000c2 	bhi	0x914
     608:	e7921003 	ldr	r1, [r2, r3]
     60c:	e201101f 	and	r1, r1, #31
     610:	e0800001 	add	r0, r0, r1
     614:	e20000ff 	and	r0, r0, #255	@ 0xff
     618:	e1a03006 	mov	r3, r6
     61c:	e5952030 	ldr	r2, [r5, #48]	@ 0x30
     620:	e2933024 	adds	r3, r3, #36	@ 0x24
     624:	2a0000ba 	bcs	0x914
     628:	e59fca00 	ldr	ip, [pc, #2560]	@ 0x1030
     62c:	e153000c 	cmp	r3, ip
     630:	8a0000b7 	bhi	0x914
     634:	e7921003 	ldr	r1, [r2, r3]
     638:	e0800001 	add	r0, r0, r1
     63c:	e1a02006 	mov	r2, r6
     640:	e5951030 	ldr	r1, [r5, #48]	@ 0x30
     644:	e2922024 	adds	r2, r2, #36	@ 0x24
     648:	2a0000b1 	bcs	0x914
     64c:	e59fc9dc 	ldr	ip, [pc, #2524]	@ 0x1030
     650:	e152000c 	cmp	r2, ip
     654:	8a0000ae 	bhi	0x914
     658:	e7810002 	str	r0, [r1, r2]
     65c:	e1a02006 	mov	r2, r6
     660:	e5951030 	ldr	r1, [r5, #48]	@ 0x30
     664:	e2922017 	adds	r2, r2, #23
     668:	2a0000a9 	bcs	0x914
     66c:	e3e0c4fe 	mvn	ip, #-33554432	@ 0xfe000000
     670:	e3ccc8fe 	bic	ip, ip, #16646144	@ 0xfe0000
     674:	e152000c 	cmp	r2, ip
     678:	8a0000a5 	bhi	0x914
     67c:	e7d10002 	ldrb	r0, [r1, r2]
     680:	e20000ff 	and	r0, r0, #255	@ 0xff
     684:	e1a03006 	mov	r3, r6
     688:	e5952030 	ldr	r2, [r5, #48]	@ 0x30
     68c:	e2933024 	adds	r3, r3, #36	@ 0x24
     690:	2a00009f 	bcs	0x914
     694:	e59fc994 	ldr	ip, [pc, #2452]	@ 0x1030
     698:	e153000c 	cmp	r3, ip
     69c:	8a00009c 	bhi	0x914
     6a0:	e7921003 	ldr	r1, [r2, r3]
     6a4:	e201100f 	and	r1, r1, #15
     6a8:	e0800001 	add	r0, r0, r1
     6ac:	e1a03006 	mov	r3, r6
     6b0:	e5952030 	ldr	r2, [r5, #48]	@ 0x30
     6b4:	e2933018 	adds	r3, r3, #24
     6b8:	2a000095 	bcs	0x914
     6bc:	e59fc96c 	ldr	ip, [pc, #2412]	@ 0x1030
     6c0:	e153000c 	cmp	r3, ip
     6c4:	8a000092 	bhi	0x914
     6c8:	e7921003 	ldr	r1, [r2, r3]
     6cc:	e5952030 	ldr	r2, [r5, #48]	@ 0x30
     6d0:	e3a0cb43 	mov	ip, #68608	@ 0x10c00
     6d4:	e38cc180 	orr	ip, ip, #128, 2
     6d8:	e091100c 	adds	r1, r1, ip
     6dc:	2a00008c 	bcs	0x914
     6e0:	e3e0c4fe 	mvn	ip, #-33554432	@ 0xfe000000
     6e4:	e3ccc8fe 	bic	ip, ip, #16646144	@ 0xfe0000
     6e8:	e151000c 	cmp	r1, ip
     6ec:	8a000088 	bhi	0x914
     6f0:	e7c20001 	strb	r0, [r2, r1]
     6f4:	e1a02006 	mov	r2, r6
     6f8:	e5951030 	ldr	r1, [r5, #48]	@ 0x30
     6fc:	e2922024 	adds	r2, r2, #36	@ 0x24
     700:	2a000083 	bcs	0x914
     704:	e59fc924 	ldr	ip, [pc, #2340]	@ 0x1030
     708:	e152000c 	cmp	r2, ip
     70c:	8a000080 	bhi	0x914
     710:	e7910002 	ldr	r0, [r1, r2]
     714:	e1a03006 	mov	r3, r6
     718:	e5952030 	ldr	r2, [r5, #48]	@ 0x30
     71c:	e2933028 	adds	r3, r3, #40	@ 0x28
     720:	2a00007b 	bcs	0x914
     724:	e59fc904 	ldr	ip, [pc, #2308]	@ 0x1030
     728:	e153000c 	cmp	r3, ip
     72c:	8a000078 	bhi	0x914
     730:	e7921003 	ldr	r1, [r2, r3]
     734:	e0200001 	eor	r0, r0, r1
     738:	e1a02006 	mov	r2, r6
     73c:	e5951030 	ldr	r1, [r5, #48]	@ 0x30
     740:	e2922028 	adds	r2, r2, #40	@ 0x28
     744:	2a000072 	bcs	0x914
     748:	e59fc8e0 	ldr	ip, [pc, #2272]	@ 0x1030
     74c:	e152000c 	cmp	r2, ip
     750:	8a00006f 	bhi	0x914
     754:	e7810002 	str	r0, [r1, r2]
     758:	e1a02006 	mov	r2, r6
     75c:	e5951030 	ldr	r1, [r5, #48]	@ 0x30
     760:	e2922017 	adds	r2, r2, #23
     764:	2a00006a 	bcs	0x914
     768:	e3e0c4fe 	mvn	ip, #-33554432	@ 0xfe000000
     76c:	e3ccc8fe 	bic	ip, ip, #16646144	@ 0xfe0000
     770:	e152000c 	cmp	r2, ip
     774:	8a000066 	bhi	0x914
     778:	e7d10002 	ldrb	r0, [r1, r2]
     77c:	e20000ff 	and	r0, r0, #255	@ 0xff
     780:	e3500055 	cmp	r0, #85	@ 0x55
     784:	e3a00000 	mov	r0, #0
     788:	03a00001 	moveq	r0, #1
     78c:	e3100001 	tst	r0, #1
     790:	0a000019 	beq	0x7fc
     794:	e1a02006 	mov	r2, r6
     798:	e5951030 	ldr	r1, [r5, #48]	@ 0x30
     79c:	e2922024 	adds	r2, r2, #36	@ 0x24
     7a0:	2a00005b 	bcs	0x914
     7a4:	e59fc884 	ldr	ip, [pc, #2180]	@ 0x1030
     7a8:	e152000c 	cmp	r2, ip
     7ac:	8a000058 	bhi	0x914
     7b0:	e7910002 	ldr	r0, [r1, r2]
     7b4:	e1a03006 	mov	r3, r6
     7b8:	e5952030 	ldr	r2, [r5, #48]	@ 0x30
     7bc:	e2933028 	adds	r3, r3, #40	@ 0x28
     7c0:	2a000053 	bcs	0x914
     7c4:	e59fc864 	ldr	ip, [pc, #2148]	@ 0x1030
     7c8:	e153000c 	cmp	r3, ip
     7cc:	8a000050 	bhi	0x914
     7d0:	e7921003 	ldr	r1, [r2, r3]
     7d4:	e0800001 	add	r0, r0, r1
     7d8:	e1a02006 	mov	r2, r6
     7dc:	e5951030 	ldr	r1, [r5, #48]	@ 0x30
     7e0:	e2922028 	adds	r2, r2, #40	@ 0x28
     7e4:	2a00004a 	bcs	0x914
     7e8:	e59fc840 	ldr	ip, [pc, #2112]	@ 0x1030
     7ec:	e152000c 	cmp	r2, ip
     7f0:	8a000047 	bhi	0x914
     7f4:	e7810002 	str	r0, [r1, r2]
     7f8:	ea000011 	b	0x844
     7fc:	e1a02006 	mov	r2, r6
     800:	e5951030 	ldr	r1, [r5, #48]	@ 0x30
     804:	e2922018 	adds	r2, r2, #24
     808:	2a000041 	bcs	0x914
     80c:	e59fc81c 	ldr	ip, [pc, #2076]	@ 0x1030
     810:	e152000c 	cmp	r2, ip
     814:	8a00003e 	bhi	0x914
     818:	e7910002 	ldr	r0, [r1, r2]
     81c:	e2400001 	sub	r0, r0, #1
     820:	e1a02006 	mov	r2, r6
     824:	e5951030 	ldr	r1, [r5, #48]	@ 0x30
     828:	e2922018 	adds	r2, r2, #24
     82c:	2a000038 	bcs	0x914
     830:	e59fc7f8 	ldr	ip, [pc, #2040]	@ 0x1030
     834:	e152000c 	cmp	r2, ip
     838:	8a000035 	bhi	0x914
     83c:	e7810002 	str	r0, [r1, r2]
     840:	eaffff1b 	b	0x4b4
     844:	e1a02006 	mov	r2, r6
     848:	e5951030 	ldr	r1, [r5, #48]	@ 0x30
     84c:	e2922028 	adds	r2, r2, #40	@ 0x28
     850:	2a00002f 	bcs	0x914
     854:	e59fc7d4 	ldr	ip, [pc, #2004]	@ 0x1030
     858:	e152000c 	cmp	r2, ip
     85c:	8a00002c 	bhi	0x914
     860:	e7910002 	ldr	r0, [r1, r2]
     864:	e1a03006 	mov	r3, r6
     868:	e5952030 	ldr	r2, [r5, #48]	@ 0x30
     86c:	e2933024 	adds	r3, r3, #36	@ 0x24
     870:	2a000027 	bcs	0x914
     874:	e59fc7b4 	ldr	ip, [pc, #1972]	@ 0x1030
     878:	e153000c 	cmp	r3, ip
     87c:	8a000024 	bhi	0x914
     880:	e7921003 	ldr	r1, [r2, r3]
     884:	e1a03006 	mov	r3, r6
     888:	e5952030 	ldr	r2, [r5, #48]	@ 0x30
     88c:	e2933004 	adds	r3, r3, #4
     890:	2a00001f 	bcs	0x914
     894:	e59fc794 	ldr	ip, [pc, #1940]	@ 0x1030
     898:	e153000c 	cmp	r3, ip
     89c:	8a00001c 	bhi	0x914
     8a0:	e7821003 	str	r1, [r2, r3]
     8a4:	e1a02006 	mov	r2, r6
     8a8:	e5951030 	ldr	r1, [r5, #48]	@ 0x30
     8ac:	e59fc77c 	ldr	ip, [pc, #1916]	@ 0x1030
     8b0:	e152000c 	cmp	r2, ip
     8b4:	8a000016 	bhi	0x914
     8b8:	e7810002 	str	r0, [r1, r2]
     8bc:	e3a0eb40 	mov	lr, #64, 22	@ 0x10000
     8c0:	e38ee1d8 	orr	lr, lr, #216, 2	@ 0x36
     8c4:	e584e02c 	str	lr, [r4, #44]	@ 0x2c
     8c8:	e5846000 	str	r6, [r4]
     8cc:	e59f0768 	ldr	r0, [pc, #1896]	@ 0x103c
     8d0:	e1a01004 	mov	r1, r4
     8d4:	e59d2000 	ldr	r2, [sp]
     8d8:	e59fc760 	ldr	ip, [pc, #1888]	@ 0x1040
     8dc:	e12fff3c 	blx	ip
     8e0:	e3500000 	cmp	r0, #0
     8e4:	1a00000d 	bne	0x920
     8e8:	e3a00000 	mov	r0, #0
     8ec:	e2866030 	add	r6, r6, #48	@ 0x30
     8f0:	e595103c 	ldr	r1, [r5, #60]	@ 0x3c
     8f4:	e5816008 	str	r6, [r1, #8]
     8f8:	e5840010 	str	r0, [r4, #16]
     8fc:	e3a009fe 	mov	r0, #4161536	@ 0x3f8000
     900:	e3800d49 	orr	r0, r0, #4672	@ 0x1240
     904:	e30ccabc 	movw	ip, #51900	@ 0xcabc
     908:	e34ccdef 	movt	ip, #52719	@ 0xcdef
     90c:	e28dd008 	add	sp, sp, #8
     910:	e8bd8040 	pop	{r6, pc}
     914:	e3a00008 	mov	r0, #8
     918:	e59d1000 	ldr	r1, [sp]
     91c:	e5810010 	str	r0, [r1, #16]
     920:	e59d0000 	ldr	r0, [sp]
     924:	e59d100c 	ldr	r1, [sp, #12]
     928:	e59fc714 	ldr	ip, [pc, #1812]	@ 0x1044
     92c:	e12fff3c 	blx	ip
     930:	e59d6008 	ldr	r6, [sp, #8]
     934:	e28dd010 	add	sp, sp, #16
     938:	e12fff10 	bx	r0
     93c:	e92d4040 	push	{r6, lr}
     940:	e24dd008 	sub	sp, sp, #8
     944:	e58d0000 	str	r0, [sp]
     948:	e30cc123 	movw	ip, #49443	@ 0xc123
     94c:	e34cc456 	movt	ip, #50262	@ 0xc456
     950:	e595e03c 	ldr	lr, [r5, #60]	@ 0x3c
     954:	e59e0008 	ldr	r0, [lr, #8]
     958:	e2400010 	sub	r0, r0, #16
     95c:	e1a02000 	mov	r2, r0
     960:	e5951030 	ldr	r1, [r5, #48]	@ 0x30
     964:	e292200c 	adds	r2, r2, #12
     968:	2a000050 	bcs	0xab0
     96c:	e59fc6bc 	ldr	ip, [pc, #1724]	@ 0x1030
     970:	e152000c 	cmp	r2, ip
     974:	8a00004d 	bhi	0xab0
     978:	e3a0e000 	mov	lr, #0
     97c:	e781e002 	str	lr, [r1, r2]
     980:	e1a03000 	mov	r3, r0
     984:	e5952030 	ldr	r2, [r5, #48]	@ 0x30
     988:	e293300c 	adds	r3, r3, #12
     98c:	2a000047 	bcs	0xab0
     990:	e59fc698 	ldr	ip, [pc, #1688]	@ 0x1030
     994:	e153000c 	cmp	r3, ip
     998:	8a000044 	bhi	0xab0
     99c:	e7921003 	ldr	r1, [r2, r3]
     9a0:	e3510d80 	cmp	r1, #128, 26	@ 0x2000
     9a4:	e3a01000 	mov	r1, #0
     9a8:	33a01001 	movcc	r1, #1
     9ac:	e3110001 	tst	r1, #1
     9b0:	0a000038 	beq	0xa98
     9b4:	e1a03000 	mov	r3, r0
     9b8:	e5952030 	ldr	r2, [r5, #48]	@ 0x30
     9bc:	e293300c 	adds	r3, r3, #12
     9c0:	2a00003a 	bcs	0xab0
     9c4:	e59fc664 	ldr	ip, [pc, #1636]	@ 0x1030
     9c8:	e153000c 	cmp	r3, ip
     9cc:	8a000037 	bhi	0xab0
     9d0:	e7921003 	ldr	r1, [r2, r3]
     9d4:	e3a0c025 	mov	ip, #37	@ 0x25
     9d8:	e0010c91 	mul	r1, r1, ip
     9dc:	e20110ff 	and	r1, r1, #255	@ 0xff
     9e0:	e1a06000 	mov	r6, r0
     9e4:	e5953030 	ldr	r3, [r5, #48]	@ 0x30
     9e8:	e296600c 	adds	r6, r6, #12
     9ec:	2a00002f 	bcs	0xab0
     9f0:	e59fc638 	ldr	ip, [pc, #1592]	@ 0x1030
     9f4:	e156000c 	cmp	r6, ip
     9f8:	8a00002c 	bhi	0xab0
     9fc:	e7932006 	ldr	r2, [r3, r6]
     a00:	e1a02122 	lsr	r2, r2, #2
     a04:	e0211002 	eor	r1, r1, r2
     a08:	e1a06000 	mov	r6, r0
     a0c:	e5953030 	ldr	r3, [r5, #48]	@ 0x30
     a10:	e296600c 	adds	r6, r6, #12
     a14:	2a000025 	bcs	0xab0
     a18:	e59fc610 	ldr	ip, [pc, #1552]	@ 0x1030
     a1c:	e156000c 	cmp	r6, ip
     a20:	8a000022 	bhi	0xab0
     a24:	e7932006 	ldr	r2, [r3, r6]
     a28:	e5953030 	ldr	r3, [r5, #48]	@ 0x30
     a2c:	e3a0cb43 	mov	ip, #68608	@ 0x10c00
     a30:	e38cc180 	orr	ip, ip, #128, 2
     a34:	e092200c 	adds	r2, r2, ip
     a38:	2a00001c 	bcs	0xab0
     a3c:	e3e0c4fe 	mvn	ip, #-33554432	@ 0xfe000000
     a40:	e3ccc8fe 	bic	ip, ip, #16646144	@ 0xfe0000
     a44:	e152000c 	cmp	r2, ip
     a48:	8a000018 	bhi	0xab0
     a4c:	e7c31002 	strb	r1, [r3, r2]
     a50:	e1a03000 	mov	r3, r0
     a54:	e5952030 	ldr	r2, [r5, #48]	@ 0x30
     a58:	e293300c 	adds	r3, r3, #12
     a5c:	2a000013 	bcs	0xab0
     a60:	e59fc5c8 	ldr	ip, [pc, #1480]	@ 0x1030
     a64:	e153000c 	cmp	r3, ip
     a68:	8a000010 	bhi	0xab0
     a6c:	e7921003 	ldr	r1, [r2, r3]
     a70:	e2811001 	add	r1, r1, #1
     a74:	e1a03000 	mov	r3, r0
     a78:	e5952030 	ldr	r2, [r5, #48]	@ 0x30
     a7c:	e293300c 	adds	r3, r3, #12
     a80:	2a00000a 	bcs	0xab0
     a84:	e59fc5a4 	ldr	ip, [pc, #1444]	@ 0x1030
     a88:	e153000c 	cmp	r3, ip
     a8c:	8a000007 	bhi	0xab0
     a90:	e7821003 	str	r1, [r2, r3]
     a94:	eaffffb9 	b	0x980
     a98:	e3a009fe 	mov	r0, #4161536	@ 0x3f8000
     a9c:	e38000d4 	orr	r0, r0, #212	@ 0xd4
     aa0:	e30ccabc 	movw	ip, #51900	@ 0xcabc
     aa4:	e34ccdef 	movt	ip, #52719	@ 0xcdef
     aa8:	e28dd008 	add	sp, sp, #8
     aac:	e8bd8040 	pop	{r6, pc}
     ab0:	e3a00008 	mov	r0, #8
     ab4:	e59d1000 	ldr	r1, [sp]
     ab8:	e5810010 	str	r0, [r1, #16]
     abc:	e59d0000 	ldr	r0, [sp]
     ac0:	e59d100c 	ldr	r1, [sp, #12]
     ac4:	e59fc57c 	ldr	ip, [pc, #1404]	@ 0x1048
     ac8:	e12fff3c 	blx	ip
     acc:	e59d6008 	ldr	r6, [sp, #8]
     ad0:	e28dd010 	add	sp, sp, #16
     ad4:	e12fff10 	bx	r0
     ad8:	e52de004 	push	{lr}		@ (str lr, [sp, #-4]!)
     adc:	e24dd004 	sub	sp, sp, #4
     ae0:	e58d0000 	str	r0, [sp]
     ae4:	e30cc123 	movw	ip, #49443	@ 0xc123
     ae8:	e34cc456 	movt	ip, #50262	@ 0xc456
     aec:	e3a0c001 	mov	ip, #1
     af0:	e35c0000 	cmp	ip, #0
     af4:	0a000006 	beq	0xb14
     af8:	e59f054c 	ldr	r0, [pc, #1356]	@ 0x104c
     afc:	e1a01004 	mov	r1, r4
     b00:	e59d2000 	ldr	r2, [sp]
     b04:	e59fc544 	ldr	ip, [pc, #1348]	@ 0x1050
     b08:	e12fff3c 	blx	ip
     b0c:	e3500000 	cmp	r0, #0
     b10:	1a000017 	bne	0xb74
     b14:	e59f0538 	ldr	r0, [pc, #1336]	@ 0x1054
     b18:	e1a01004 	mov	r1, r4
     b1c:	e59d2000 	ldr	r2, [sp]
     b20:	e59fc530 	ldr	ip, [pc, #1328]	@ 0x1058
     b24:	e12fff3c 	blx	ip
     b28:	e3500000 	cmp	r0, #0
     b2c:	1a000010 	bne	0xb74
     b30:	e5940004 	ldr	r0, [r4, #4]
     b34:	e5840004 	str	r0, [r4, #4]
     b38:	e59f051c 	ldr	r0, [pc, #1308]	@ 0x105c
     b3c:	e1a01004 	mov	r1, r4
     b40:	e59d2000 	ldr	r2, [sp]
     b44:	e59fc514 	ldr	ip, [pc, #1300]	@ 0x1060
     b48:	e12fff3c 	blx	ip
     b4c:	e3500000 	cmp	r0, #0
     b50:	1a000007 	bne	0xb74
     b54:	e3a00015 	mov	r0, #21
     b58:	ea000003 	b	0xb6c
     b5c:	e30ccabc 	movw	ip, #51900	@ 0xcabc
     b60:	e34ccdef 	movt	ip, #52719	@ 0xcdef
     b64:	e28dd004 	add	sp, sp, #4
     b68:	e49df004 	pop	{pc}		@ (ldr pc, [sp], #4)
     b6c:	e59d1000 	ldr	r1, [sp]
     b70:	e5810010 	str	r0, [r1, #16]
     b74:	e59d0000 	ldr	r0, [sp]
     b78:	e59d1004 	ldr	r1, [sp, #4]
     b7c:	e59fc4e0 	ldr	ip, [pc, #1248]	@ 0x1064
     b80:	e12fff3c 	blx	ip
     b84:	e28dd008 	add	sp, sp, #8
     b88:	e12fff10 	bx	r0
     b8c:	e52de004 	push	{lr}		@ (str lr, [sp, #-4]!)
     b90:	e24dd004 	sub	sp, sp, #4
     b94:	e58d0000 	str	r0, [sp]
     b98:	e30cc123 	movw	ip, #49443	@ 0xc123
     b9c:	e34cc456 	movt	ip, #50262	@ 0xc456
     ba0:	e59f04c0 	ldr	r0, [pc, #1216]	@ 0x1068
     ba4:	e30ccabc 	movw	ip, #51900	@ 0xcabc
     ba8:	e34ccdef 	movt	ip, #52719	@ 0xcdef
     bac:	e28dd004 	add	sp, sp, #4
     bb0:	e49df004 	pop	{pc}		@ (ldr pc, [sp], #4)
     bb4:	e92d4040 	push	{r6, lr}
     bb8:	e24dd008 	sub	sp, sp, #8
     bbc:	e58d0000 	str	r0, [sp]
     bc0:	e30cc123 	movw	ip, #49443	@ 0xc123
     bc4:	e34cc456 	movt	ip, #50262	@ 0xc456
     bc8:	e3a06000 	mov	r6, #0
     bcc:	e3a0c000 	mov	ip, #0
     bd0:	e35c0000 	cmp	ip, #0
     bd4:	9a000011 	bls	0xc20
     bd8:	e2460004 	sub	r0, r6, #4
     bdc:	e1a06000 	mov	r6, r0
     be0:	e1a02000 	mov	r2, r0
     be4:	e5951030 	ldr	r1, [r5, #48]	@ 0x30
     be8:	e59fc440 	ldr	ip, [pc, #1088]	@ 0x1030
     bec:	e152000c 	cmp	r2, ip
     bf0:	8a000016 	bhi	0xc50
     bf4:	e7910002 	ldr	r0, [r1, r2]
     bf8:	e584000c 	str	r0, [r4, #12]
     bfc:	e59f0468 	ldr	r0, [pc, #1128]	@ 0x106c
     c00:	e1a01004 	mov	r1, r4
     c04:	e59d2000 	ldr	r2, [sp]
     c08:	e59fc460 	ldr	ip, [pc, #1120]	@ 0x1070
     c0c:	e12fff3c 	blx	ip
     c10:	e3500000 	cmp	r0, #0
     c14:	1a000010 	bne	0xc5c
     c18:	e3560000 	cmp	r6, #0
     c1c:	8affffed 	bhi	0xbd8
     c20:	e59f044c 	ldr	r0, [pc, #1100]	@ 0x1074
     c24:	e1a01004 	mov	r1, r4
     c28:	e59d2000 	ldr	r2, [sp]
     c2c:	e59fc444 	ldr	ip, [pc, #1092]	@ 0x1078
     c30:	e12fff3c 	blx	ip
     c34:	e3500000 	cmp	r0, #0
     c38:	1a000007 	bne	0xc5c
     c3c:	e59f0438 	ldr	r0, [pc, #1080]	@ 0x107c
     c40:	e30ccabc 	movw	ip, #51900	@ 0xcabc
     c44:	e34ccdef 	movt	ip, #52719	@ 0xcdef
     c48:	e28dd008 	add	sp, sp, #8
     c4c:	e8bd8040 	pop	{r6, pc}
     c50:	e3a00008 	mov	r0, #8
     c54:	e59d1000 	ldr	r1, [sp]
     c58:	e5810010 	str	r0, [r1, #16]
     c5c:	e59d0000 	ldr	r0, [sp]
     c60:	e59d100c 	ldr	r1, [sp, #12]
     c64:	e59fc414 	ldr	ip, [pc, #1044]	@ 0x1080
     c68:	e12fff3c 	blx	ip
     c6c:	e59d6008 	ldr	r6, [sp, #8]
     c70:	e28dd010 	add	sp, sp, #16
     c74:	e12fff10 	bx	r0
     c78:	e92d4040 	push	{r6, lr}
     c7c:	e24dd008 	sub	sp, sp, #8
     c80:	e58d0000 	str	r0, [sp]
     c84:	e30cc123 	movw	ip, #49443	@ 0xc123
     c88:	e34cc456 	movt	ip, #50262	@ 0xc456
     c8c:	e5946000 	ldr	r6, [r4]
     c90:	e59f03ec 	ldr	r0, [pc, #1004]	@ 0x1084
     c94:	e1a01004 	mov	r1, r4
     c98:	e59d2000 	ldr	r2, [sp]
     c9c:	e59fc3e4 	ldr	ip, [pc, #996]	@ 0x1088
     ca0:	e12fff3c 	blx	ip
     ca4:	e3500000 	cmp	r0, #0
     ca8:	1a00001d 	bne	0xd24
     cac:	e59f03d8 	ldr	r0, [pc, #984]	@ 0x108c
     cb0:	e1a01004 	mov	r1, r4
     cb4:	e59d2000 	ldr	r2, [sp]
     cb8:	e59fc3d0 	ldr	ip, [pc, #976]	@ 0x1090
     cbc:	e12fff3c 	blx	ip
     cc0:	e3500000 	cmp	r0, #0
     cc4:	1a000016 	bne	0xd24
     cc8:	e59f03c4 	ldr	r0, [pc, #964]	@ 0x1094
     ccc:	e1a01004 	mov	r1, r4
     cd0:	e59d2000 	ldr	r2, [sp]
     cd4:	e59fc3bc 	ldr	ip, [pc, #956]	@ 0x1098
     cd8:	e12fff3c 	blx	ip
     cdc:	e3500000 	cmp	r0, #0
     ce0:	1a00000f 	bne	0xd24
     ce4:	e5846000 	str	r6, [r4]
     ce8:	e59f03ac 	ldr	r0, [pc, #940]	@ 0x109c
     cec:	e1a01004 	mov	r1, r4
     cf0:	e59d2000 	ldr	r2, [sp]
     cf4:	e59fc3a4 	ldr	ip, [pc, #932]	@ 0x10a0
     cf8:	e12fff3c 	blx	ip
     cfc:	e3500000 	cmp	r0, #0
     d00:	1a000007 	bne	0xd24
     d04:	e3a00015 	mov	r0, #21
     d08:	ea000003 	b	0xd1c
     d0c:	e30ccabc 	movw	ip, #51900	@ 0xcabc
     d10:	e34ccdef 	movt	ip, #52719	@ 0xcdef
     d14:	e28dd008 	add	sp, sp, #8
     d18:	e8bd8040 	pop	{r6, pc}
     d1c:	e59d1000 	ldr	r1, [sp]
     d20:	e5810010 	str	r0, [r1, #16]
     d24:	e59d0000 	ldr	r0, [sp]
     d28:	e59d100c 	ldr	r1, [sp, #12]
     d2c:	e59fc370 	ldr	ip, [pc, #880]	@ 0x10a4
     d30:	e12fff3c 	blx	ip
     d34:	e59d6008 	ldr	r6, [sp, #8]
     d38:	e28dd010 	add	sp, sp, #16
     d3c:	e12fff10 	bx	r0
     d40:	e52de004 	push	{lr}		@ (str lr, [sp, #-4]!)
     d44:	e24dd004 	sub	sp, sp, #4
     d48:	e58d0000 	str	r0, [sp]
     d4c:	e30cc123 	movw	ip, #49443	@ 0xc123
     d50:	e34cc456 	movt	ip, #50262	@ 0xc456
     d54:	e5940000 	ldr	r0, [r4]
     d58:	e5840000 	str	r0, [r4]
     d5c:	e59f0344 	ldr	r0, [pc, #836]	@ 0x10a8
     d60:	e1a01004 	mov	r1, r4
     d64:	e59d2000 	ldr	r2, [sp]
     d68:	e59fc33c 	ldr	ip, [pc, #828]	@ 0x10ac
     d6c:	e12fff3c 	blx	ip
     d70:	e3500000 	cmp	r0, #0
     d74:	1a000007 	bne	0xd98
     d78:	e3a00015 	mov	r0, #21
     d7c:	ea000003 	b	0xd90
     d80:	e30ccabc 	movw	ip, #51900	@ 0xcabc
     d84:	e34ccdef 	movt	ip, #52719	@ 0xcdef
     d88:	e28dd004 	add	sp, sp, #4
     d8c:	e49df004 	pop	{pc}		@ (ldr pc, [sp], #4)
     d90:	e59d1000 	ldr	r1, [sp]
     d94:	e5810010 	str	r0, [r1, #16]
     d98:	e59d0000 	ldr	r0, [sp]
     d9c:	e59d1004 	ldr	r1, [sp, #4]
     da0:	e59fc308 	ldr	ip, [pc, #776]	@ 0x10b0
     da4:	e12fff3c 	blx	ip
     da8:	e28dd008 	add	sp, sp, #8
     dac:	e12fff10 	bx	r0
     db0:	e92d40c0 	push	{r6, r7, lr}
     db4:	e24dd004 	sub	sp, sp, #4
     db8:	e58d0000 	str	r0, [sp]
     dbc:	e30cc123 	movw	ip, #49443	@ 0xc123
     dc0:	e34cc456 	movt	ip, #50262	@ 0xc456
     dc4:	e5940000 	ldr	r0, [r4]
     dc8:	e5941004 	ldr	r1, [r4, #4]
     dcc:	e595e03c 	ldr	lr, [r5, #60]	@ 0x3c
     dd0:	e59e2008 	ldr	r2, [lr, #8]
     dd4:	e2422010 	sub	r2, r2, #16
     dd8:	e1a06002 	mov	r6, r2
     ddc:	e595303c 	ldr	r3, [r5, #60]	@ 0x3c
     de0:	e5832008 	str	r2, [r3, #8]
     de4:	e1a03006 	mov	r3, r6
     de8:	e5952030 	ldr	r2, [r5, #48]	@ 0x30
     dec:	e293300c 	adds	r3, r3, #12
     df0:	2a000019 	bcs	0xe5c
     df4:	e59fc234 	ldr	ip, [pc, #564]	@ 0x1030
     df8:	e153000c 	cmp	r3, ip
     dfc:	8a000016 	bhi	0xe5c
     e00:	e7821003 	str	r1, [r2, r3]
     e04:	e3a0eb42 	mov	lr, #67584	@ 0x10800
     e08:	e38eefba 	orr	lr, lr, #744	@ 0x2e8
     e0c:	e584e010 	str	lr, [r4, #16]
     e10:	e5840000 	str	r0, [r4]
     e14:	e5841004 	str	r1, [r4, #4]
     e18:	e59f0294 	ldr	r0, [pc, #660]	@ 0x10b4
     e1c:	e1a01004 	mov	r1, r4
     e20:	e59d2000 	ldr	r2, [sp]
     e24:	e59fc28c 	ldr	ip, [pc, #652]	@ 0x10b8
     e28:	e12fff3c 	blx	ip
     e2c:	e3500000 	cmp	r0, #0
     e30:	1a00000c 	bne	0xe68
     e34:	e5940014 	ldr	r0, [r4, #20]
     e38:	e2866010 	add	r6, r6, #16
     e3c:	e595103c 	ldr	r1, [r5, #60]	@ 0x3c
     e40:	e5816008 	str	r6, [r1, #8]
     e44:	e5840004 	str	r0, [r4, #4]
     e48:	e59f026c 	ldr	r0, [pc, #620]	@ 0x10bc
     e4c:	e30ccabc 	movw	ip, #51900	@ 0xcabc
     e50:	e34ccdef 	movt	ip, #52719	@ 0xcdef
     e54:	e28dd004 	add	sp, sp, #4
     e58:	e8bd80c0 	pop	{r6, r7, pc}
     e5c:	e3a00008 	mov	r0, #8
     e60:	e59d1000 	ldr	r1, [sp]
     e64:	e5810010 	str	r0, [r1, #16]
     e68:	e59d0000 	ldr	r0, [sp]
     e6c:	e59d100c 	ldr	r1, [sp, #12]
     e70:	e59fc248 	ldr	ip, [pc, #584]	@ 0x10c0
     e74:	e12fff3c 	blx	ip
     e78:	e28dd004 	add	sp, sp, #4
     e7c:	e8bd00c0 	pop	{r6, r7}
     e80:	e28dd004 	add	sp, sp, #4
     e84:	e12fff10 	bx	r0
     e88:	e92d4fc0 	push	{r6, r7, r8, r9, sl, fp, lr}
     e8c:	e24dd004 	sub	sp, sp, #4
     e90:	e58d0000 	str	r0, [sp]
     e94:	e30cc123 	movw	ip, #49443	@ 0xc123
     e98:	e34cc456 	movt	ip, #50262	@ 0xc456
     e9c:	e5946000 	ldr	r6, [r4]
     ea0:	e5940004 	ldr	r0, [r4, #4]
     ea4:	e595e03c 	ldr	lr, [r5, #60]	@ 0x3c
     ea8:	e59e1008 	ldr	r1, [lr, #8]
     eac:	e2411020 	sub	r1, r1, #32
     eb0:	e584100c 	str	r1, [r4, #12]
     eb4:	e595203c 	ldr	r2, [r5, #60]	@ 0x3c
     eb8:	e5821008 	str	r1, [r2, #8]
     ebc:	e1a03006 	mov	r3, r6
     ec0:	e5952030 	ldr	r2, [r5, #48]	@ 0x30
     ec4:	e293301c 	adds	r3, r3, #28
     ec8:	2a000158 	bcs	0x1430
     ecc:	e59fc15c 	ldr	ip, [pc, #348]	@ 0x1030
     ed0:	e153000c 	cmp	r3, ip
     ed4:	8a000155 	bhi	0x1430
     ed8:	e7921003 	ldr	r1, [r2, r3]
     edc:	e1a02001 	mov	r2, r1
     ee0:	e594900c 	ldr	r9, [r4, #12]
     ee4:	e5953030 	ldr	r3, [r5, #48]	@ 0x30
     ee8:	e2999010 	adds	r9, r9, #16
     eec:	2a00014f 	bcs	0x1430
     ef0:	e59fc138 	ldr	ip, [pc, #312]	@ 0x1030
     ef4:	e159000c 	cmp	r9, ip
     ef8:	8a00014c 	bhi	0x1430
     efc:	e7831009 	str	r1, [r3, r9]
     f00:	e1a09006 	mov	r9, r6
     f04:	e5953030 	ldr	r3, [r5, #48]	@ 0x30
     f08:	e2999014 	adds	r9, r9, #20
     f0c:	2a000147 	bcs	0x1430
     f10:	e59fc118 	ldr	ip, [pc, #280]	@ 0x1030
     f14:	e159000c 	cmp	r9, ip
     f18:	8a000144 	bhi	0x1430
     f1c:	e7931009 	ldr	r1, [r3, r9]
     f20:	e594900c 	ldr	r9, [r4, #12]
     f24:	e5953030 	ldr	r3, [r5, #48]	@ 0x30
     f28:	e594a008 	ldr	sl, [r4, #8]
     f2c:	e299901c 	adds	r9, r9, #28
     f30:	2a00013e 	bcs	0x1430
     f34:	e59fc0f4 	ldr	ip, [pc, #244]	@ 0x1030
     f38:	e159000c 	cmp	r9, ip
     f3c:	8a00013b 	bhi	0x1430
     f40:	e783a009 	str	sl, [r3, r9]
     f44:	e594900c 	ldr	r9, [r4, #12]
     f48:	e5953030 	ldr	r3, [r5, #48]	@ 0x30
     f4c:	e2999018 	adds	r9, r9, #24
     f50:	2a000136 	bcs	0x1430
     f54:	e59fc0d4 	ldr	ip, [pc, #212]	@ 0x1030
     f58:	e159000c 	cmp	r9, ip
     f5c:	8a000133 	bhi	0x1430
     f60:	e7830009 	str	r0, [r3, r9]
     f64:	e0411002 	sub	r1, r1, r2
     f68:	e1a00001 	mov	r0, r1
     f6c:	e594300c 	ldr	r3, [r4, #12]
     f70:	e5952030 	ldr	r2, [r5, #48]	@ 0x30
     f74:	e2933014 	adds	r3, r3, #20
     f78:	2a00012c 	bcs	0x1430
     f7c:	e59fc0ac 	ldr	ip, [pc, #172]	@ 0x1030
     f80:	e153000c 	cmp	r3, ip
     f84:	8a000129 	bhi	0x1430
     f88:	e7821003 	str	r1, [r2, r3]
     f8c:	e594c008 	ldr	ip, [r4, #8]
     f90:	e080900c 	add	r9, r0, ip
     f94:	e594c00c 	ldr	ip, [r4, #12]
     f98:	e28ca010 	add	sl, ip, #16
     f9c:	e3a0e002 	mov	lr, #2
     fa0:	e584e01c 	str	lr, [r4, #28]
     fa4:	e1a02006 	mov	r2, r6
     fa8:	e5951030 	ldr	r1, [r5, #48]	@ 0x30
     fac:	e292203c 	adds	r2, r2, #60	@ 0x3c
     fb0:	2a00011e 	bcs	0x1430
     fb4:	e59fc074 	ldr	ip, [pc, #116]	@ 0x1030
     fb8:	e152000c 	cmp	r2, ip
     fbc:	8a00011b 	bhi	0x1430
     fc0:	e7910002 	ldr	r0, [r1, r2]
     fc4:	e594c00c 	ldr	ip, [r4, #12]
     fc8:	e28c1010 	add	r1, ip, #16
     fcc:	e594c00c 	ldr	ip, [r4, #12]
     fd0:	e28c200c 	add	r2, ip, #12
     fd4:	e5840040 	str	r0, [r4, #64]	@ 0x40
     fd8:	e5841044 	str	r1, [r4, #68]	@ 0x44
     fdc:	e3a0e002 	mov	lr, #2
     fe0:	e584e02c 	str	lr, [r4, #44]	@ 0x2c
     fe4:	e584204c 	str	r2, [r4, #76]	@ 0x4c
     fe8:	e59f00d4 	ldr	r0, [pc, #212]	@ 0x10c4
     fec:	e1a01004 	mov	r1, r4
     ff0:	e59d2000 	ldr	r2, [sp]
     ff4:	e59fc0cc 	ldr	ip, [pc, #204]	@ 0x10c8
     ff8:	e12fff3c 	blx	ip
     ffc:	e3500000 	cmp	r0, #0
    1000:	1a00010d 	bne	0x143c
    1004:	e5940040 	ldr	r0, [r4, #64]	@ 0x40
    1008:	e5840040 	str	r0, [r4, #64]	@ 0x40
    100c:	e59f00b8 	ldr	r0, [pc, #184]	@ 0x10cc
    1010:	e1a01004 	mov	r1, r4
    1014:	ea00002d 	b	0x10d0
    1018:	003f6a18 	eorseq	r6, pc, r8, lsl sl	@ <UNPREDICTABLE>
    101c:	000487b4 			@ <UNDEFINED> instruction: 0x000487b4
    1020:	003f6a24 	eorseq	r6, pc, r4, lsr #20
    1024:	000487b4 			@ <UNDEFINED> instruction: 0x000487b4
    1028:	003f6a38 	eorseq	r6, pc, r8, lsr sl	@ <UNPREDICTABLE>
    102c:	00047eac 	andeq	r7, r4, ip, lsr #29
    1030:	0101fffc 	strdeq	pc, [r1, -ip]
    1034:	003f8d08 	eorseq	r8, pc, r8, lsl #26
    1038:	000487b4 			@ <UNDEFINED> instruction: 0x000487b4
    103c:	003f9204 	eorseq	r9, pc, r4, lsl #4
    1040:	000487b4 			@ <UNDEFINED> instruction: 0x000487b4
    1044:	00047eac 	andeq	r7, r4, ip, lsr #29
    1048:	00047eac 	andeq	r7, r4, ip, lsr #29
    104c:	003f7ca8 	eorseq	r7, pc, r8, lsr #25
    1050:	000487b4 			@ <UNDEFINED> instruction: 0x000487b4
    1054:	003f7cb4 	ldrhteq	r7, [pc], -r4
    1058:	000487b4 			@ <UNDEFINED> instruction: 0x000487b4
    105c:	003f7cc4 	eorseq	r7, pc, r4, asr #25
    1060:	000487b4 			@ <UNDEFINED> instruction: 0x000487b4
    1064:	00047eac 	andeq	r7, r4, ip, lsr #29
    1068:	003f3dd0 	ldrsbteq	r3, [pc], -r0
    106c:	003f6df4 	ldrshteq	r6, [pc], -r4
    1070:	00048af0 	strdeq	r8, [r4], -r0
    1074:	003f6e20 	eorseq	r6, pc, r0, lsr #28
    1078:	000487b4 			@ <UNDEFINED> instruction: 0x000487b4
    107c:	003f6e34 	eorseq	r6, pc, r4, lsr lr	@ <UNPREDICTABLE>
    1080:	00047eac 	andeq	r7, r4, ip, lsr #29
    1084:	003f3be0 	eorseq	r3, pc, r0, ror #23
    1088:	000487b4 			@ <UNDEFINED> instruction: 0x000487b4
    108c:	003f3bec 	eorseq	r3, pc, ip, ror #23
    1090:	000487b4 			@ <UNDEFINED> instruction: 0x000487b4
    1094:	003f3bf8 	ldrshteq	r3, [pc], -r8
    1098:	000487b4 			@ <UNDEFINED> instruction: 0x000487b4
    109c:	003f3c04 	eorseq	r3, pc, r4, lsl #24
    10a0:	000487b4 			@ <UNDEFINED> instruction: 0x000487b4
    10a4:	00047eac 	andeq	r7, r4, ip, lsr #29
    10a8:	003f74e8 	eorseq	r7, pc, r8, ror #9
    10ac:	000487b4 			@ <UNDEFINED> instruction: 0x000487b4
    10b0:	00047eac 	andeq	r7, r4, ip, lsr #29
    10b4:	003f8498 	mlaseq	pc, r8, r4, r8	@ <UNPREDICTABLE>
    10b8:	000487b4 			@ <UNDEFINED> instruction: 0x000487b4
    10bc:	003f84d4 	ldrsbteq	r8, [pc], -r4
    10c0:	00047eac 	andeq	r7, r4, ip, lsr #29
    10c4:	003f9a94 	mlaseq	pc, r4, sl, r9	@ <UNPREDICTABLE>
    10c8:	000487b4 			@ <UNDEFINED> instruction: 0x000487b4
    10cc:	003f9aac 	eorseq	r9, pc, ip, lsr #21
    10d0:	e59d2000 	ldr	r2, [sp]
    10d4:	e59fcffc 	ldr	ip, [pc, #4092]	@ 0x20d8
    10d8:	e12fff3c 	blx	ip
    10dc:	e3500000 	cmp	r0, #0
    10e0:	1a0000d5 	bne	0x143c
    10e4:	e5940040 	ldr	r0, [r4, #64]	@ 0x40
    10e8:	e3500000 	cmp	r0, #0
    10ec:	0a000001 	beq	0x10f8
    10f0:	e584a014 	str	sl, [r4, #20]
    10f4:	ea000066 	b	0x1294
    10f8:	e594200c 	ldr	r2, [r4, #12]
    10fc:	e5951030 	ldr	r1, [r5, #48]	@ 0x30
    1100:	e292200c 	adds	r2, r2, #12
    1104:	2a0000c9 	bcs	0x1430
    1108:	e59fcfcc 	ldr	ip, [pc, #4044]	@ 0x20dc
    110c:	e152000c 	cmp	r2, ip
    1110:	8a0000c6 	bhi	0x1430
    1114:	e7910002 	ldr	r0, [r1, r2]
    1118:	e1a01000 	mov	r1, r0
    111c:	e1590000 	cmp	r9, r0
    1120:	0a00005d 	beq	0x129c
    1124:	e3710001 	cmn	r1, #1
    1128:	ca000001 	bgt	0x1134
    112c:	e584a014 	str	sl, [r4, #20]
    1130:	ea000085 	b	0x134c
    1134:	e1a0300a 	mov	r3, sl
    1138:	e5952030 	ldr	r2, [r5, #48]	@ 0x30
    113c:	e2933004 	adds	r3, r3, #4
    1140:	2a0000ba 	bcs	0x1430
    1144:	e59fcf90 	ldr	ip, [pc, #3984]	@ 0x20dc
    1148:	e153000c 	cmp	r3, ip
    114c:	8a0000b7 	bhi	0x1430
    1150:	e7920003 	ldr	r0, [r2, r3]
    1154:	e1a02000 	mov	r2, r0
    1158:	e1510000 	cmp	r1, r0
    115c:	e3a00000 	mov	r0, #0
    1160:	83a00001 	movhi	r0, #1
    1164:	e1a03000 	mov	r3, r0
    1168:	e3500000 	cmp	r0, #0
    116c:	e3a07008 	mov	r7, #8
    1170:	03a07000 	moveq	r7, #0
    1174:	e08a7007 	add	r7, sl, r7
    1178:	e5847014 	str	r7, [r4, #20]
    117c:	e594b014 	ldr	fp, [r4, #20]
    1180:	e5958030 	ldr	r8, [r5, #48]	@ 0x30
    1184:	e59fcf50 	ldr	ip, [pc, #3920]	@ 0x20dc
    1188:	e15b000c 	cmp	fp, ip
    118c:	8a0000a7 	bhi	0x1430
    1190:	e798000b 	ldr	r0, [r8, fp]
    1194:	e3530000 	cmp	r3, #0
    1198:	03a02000 	moveq	r2, #0
    119c:	e0412002 	sub	r2, r1, r2
    11a0:	e1a08002 	mov	r8, r2
    11a4:	e0800002 	add	r0, r0, r2
    11a8:	e5952030 	ldr	r2, [r5, #48]	@ 0x30
    11ac:	e59fcf28 	ldr	ip, [pc, #3880]	@ 0x20dc
    11b0:	e157000c 	cmp	r7, ip
    11b4:	8a00009d 	bhi	0x1430
    11b8:	e7820007 	str	r0, [r2, r7]
    11bc:	e3530000 	cmp	r3, #0
    11c0:	e3a0000c 	mov	r0, #12
    11c4:	03a00004 	moveq	r0, #4
    11c8:	e08a0000 	add	r0, sl, r0
    11cc:	e1a02000 	mov	r2, r0
    11d0:	e1a0b002 	mov	fp, r2
    11d4:	e5957030 	ldr	r7, [r5, #48]	@ 0x30
    11d8:	e59fcefc 	ldr	ip, [pc, #3836]	@ 0x20dc
    11dc:	e15b000c 	cmp	fp, ip
    11e0:	8a000092 	bhi	0x1430
    11e4:	e797200b 	ldr	r2, [r7, fp]
    11e8:	e0422008 	sub	r2, r2, r8
    11ec:	e5957030 	ldr	r7, [r5, #48]	@ 0x30
    11f0:	e59fcee4 	ldr	ip, [pc, #3812]	@ 0x20dc
    11f4:	e150000c 	cmp	r0, ip
    11f8:	8a00008c 	bhi	0x1430
    11fc:	e7872000 	str	r2, [r7, r0]
    1200:	e0499001 	sub	r9, r9, r1
    1204:	e594a014 	ldr	sl, [r4, #20]
    1208:	e1a02006 	mov	r2, r6
    120c:	e5951030 	ldr	r1, [r5, #48]	@ 0x30
    1210:	e292203c 	adds	r2, r2, #60	@ 0x3c
    1214:	2a000085 	bcs	0x1430
    1218:	e59fcebc 	ldr	ip, [pc, #3772]	@ 0x20dc
    121c:	e152000c 	cmp	r2, ip
    1220:	8a000082 	bhi	0x1430
    1224:	e7910002 	ldr	r0, [r1, r2]
    1228:	e594c01c 	ldr	ip, [r4, #28]
    122c:	e04c3003 	sub	r3, ip, r3
    1230:	e584301c 	str	r3, [r4, #28]
    1234:	e594c00c 	ldr	ip, [r4, #12]
    1238:	e28c100c 	add	r1, ip, #12
    123c:	e5840040 	str	r0, [r4, #64]	@ 0x40
    1240:	e5843048 	str	r3, [r4, #72]	@ 0x48
    1244:	e584104c 	str	r1, [r4, #76]	@ 0x4c
    1248:	e59f0e90 	ldr	r0, [pc, #3728]	@ 0x20e0
    124c:	e1a01004 	mov	r1, r4
    1250:	e59d2000 	ldr	r2, [sp]
    1254:	e59fce88 	ldr	ip, [pc, #3720]	@ 0x20e4
    1258:	e12fff3c 	blx	ip
    125c:	e3500000 	cmp	r0, #0
    1260:	1a000075 	bne	0x143c
    1264:	e5940040 	ldr	r0, [r4, #64]	@ 0x40
    1268:	e5840040 	str	r0, [r4, #64]	@ 0x40
    126c:	e59f0e74 	ldr	r0, [pc, #3700]	@ 0x20e8
    1270:	e1a01004 	mov	r1, r4
    1274:	e59d2000 	ldr	r2, [sp]
    1278:	e59fce6c 	ldr	ip, [pc, #3692]	@ 0x20ec
    127c:	e12fff3c 	blx	ip
    1280:	e3500000 	cmp	r0, #0
    1284:	1a00006c 	bne	0x143c
    1288:	e5940040 	ldr	r0, [r4, #64]	@ 0x40
    128c:	e3500000 	cmp	r0, #0
    1290:	0affff98 	beq	0x10f8
    1294:	e3790001 	cmn	r9, #1
    1298:	1a00002b 	bne	0x134c
    129c:	e1a02006 	mov	r2, r6
    12a0:	e5951030 	ldr	r1, [r5, #48]	@ 0x30
    12a4:	e292202c 	adds	r2, r2, #44	@ 0x2c
    12a8:	2a000060 	bcs	0x1430
    12ac:	e59fce28 	ldr	ip, [pc, #3624]	@ 0x20dc
    12b0:	e152000c 	cmp	r2, ip
    12b4:	8a00005d 	bhi	0x1430
    12b8:	e7910002 	ldr	r0, [r1, r2]
    12bc:	e1a01000 	mov	r1, r0
    12c0:	e1a03006 	mov	r3, r6
    12c4:	e5952030 	ldr	r2, [r5, #48]	@ 0x30
    12c8:	e293301c 	adds	r3, r3, #28
    12cc:	2a000057 	bcs	0x1430
    12d0:	e59fce04 	ldr	ip, [pc, #3588]	@ 0x20dc
    12d4:	e153000c 	cmp	r3, ip
    12d8:	8a000054 	bhi	0x1430
    12dc:	e7820003 	str	r0, [r2, r3]
    12e0:	e1a02006 	mov	r2, r6
    12e4:	e5950030 	ldr	r0, [r5, #48]	@ 0x30
    12e8:	e2922014 	adds	r2, r2, #20
    12ec:	2a00004f 	bcs	0x1430
    12f0:	e59fcde4 	ldr	ip, [pc, #3556]	@ 0x20dc
    12f4:	e152000c 	cmp	r2, ip
    12f8:	8a00004c 	bhi	0x1430
    12fc:	e7801002 	str	r1, [r0, r2]
    1300:	e1a03006 	mov	r3, r6
    1304:	e5952030 	ldr	r2, [r5, #48]	@ 0x30
    1308:	e2933030 	adds	r3, r3, #48	@ 0x30
    130c:	2a000047 	bcs	0x1430
    1310:	e59fcdc4 	ldr	ip, [pc, #3524]	@ 0x20dc
    1314:	e153000c 	cmp	r3, ip
    1318:	8a000044 	bhi	0x1430
    131c:	e7920003 	ldr	r0, [r2, r3]
    1320:	e0811000 	add	r1, r1, r0
    1324:	e1a02006 	mov	r2, r6
    1328:	e5950030 	ldr	r0, [r5, #48]	@ 0x30
    132c:	e2922010 	adds	r2, r2, #16
    1330:	2a00003e 	bcs	0x1430
    1334:	e59fcda0 	ldr	ip, [pc, #3488]	@ 0x20dc
    1338:	e152000c 	cmp	r2, ip
    133c:	8a00003b 	bhi	0x1430
    1340:	e7801002 	str	r1, [r0, r2]
    1344:	e5940008 	ldr	r0, [r4, #8]
    1348:	ea00002e 	b	0x1408
    134c:	e3a00000 	mov	r0, #0
    1350:	e1a02006 	mov	r2, r6
    1354:	e5951030 	ldr	r1, [r5, #48]	@ 0x30
    1358:	e292201c 	adds	r2, r2, #28
    135c:	2a000033 	bcs	0x1430
    1360:	e59fcd74 	ldr	ip, [pc, #3444]	@ 0x20dc
    1364:	e152000c 	cmp	r2, ip
    1368:	8a000030 	bhi	0x1430
    136c:	e3a0e000 	mov	lr, #0
    1370:	e781e002 	str	lr, [r1, r2]
    1374:	e1a02006 	mov	r2, r6
    1378:	e5951030 	ldr	r1, [r5, #48]	@ 0x30
    137c:	e2922010 	adds	r2, r2, #16
    1380:	2a00002a 	bcs	0x1430
    1384:	e59fcd64 	ldr	ip, [pc, #3428]	@ 0x20f0
    1388:	e152000c 	cmp	r2, ip
    138c:	8a000027 	bhi	0x1430
    1390:	e0811002 	add	r1, r1, r2
    1394:	e3a02000 	mov	r2, #0
    1398:	e3a03000 	mov	r3, #0
    139c:	e5813000 	str	r3, [r1]
    13a0:	e5812004 	str	r2, [r1, #4]
    13a4:	e1a03006 	mov	r3, r6
    13a8:	e5952030 	ldr	r2, [r5, #48]	@ 0x30
    13ac:	e59fcd28 	ldr	ip, [pc, #3368]	@ 0x20dc
    13b0:	e153000c 	cmp	r3, ip
    13b4:	8a00001d 	bhi	0x1430
    13b8:	e7921003 	ldr	r1, [r2, r3]
    13bc:	e3811020 	orr	r1, r1, #32
    13c0:	e5952030 	ldr	r2, [r5, #48]	@ 0x30
    13c4:	e59fcd10 	ldr	ip, [pc, #3344]	@ 0x20dc
    13c8:	e156000c 	cmp	r6, ip
    13cc:	8a000017 	bhi	0x1430
    13d0:	e7821006 	str	r1, [r2, r6]
    13d4:	e594c01c 	ldr	ip, [r4, #28]
    13d8:	e35c0002 	cmp	ip, #2
    13dc:	0a000009 	beq	0x1408
    13e0:	e5943014 	ldr	r3, [r4, #20]
    13e4:	e5952030 	ldr	r2, [r5, #48]	@ 0x30
    13e8:	e2933004 	adds	r3, r3, #4
    13ec:	2a00000f 	bcs	0x1430
    13f0:	e59fcce4 	ldr	ip, [pc, #3300]	@ 0x20dc
    13f4:	e153000c 	cmp	r3, ip
    13f8:	8a00000c 	bhi	0x1430
    13fc:	e7921003 	ldr	r1, [r2, r3]
    1400:	e594c008 	ldr	ip, [r4, #8]
    1404:	e04c0001 	sub	r0, ip, r1
    1408:	e594c00c 	ldr	ip, [r4, #12]
    140c:	e28c1020 	add	r1, ip, #32
    1410:	e595203c 	ldr	r2, [r5, #60]	@ 0x3c
    1414:	e5821008 	str	r1, [r2, #8]
    1418:	e5840004 	str	r0, [r4, #4]
    141c:	e59f0cd0 	ldr	r0, [pc, #3280]	@ 0x20f4
    1420:	e30ccabc 	movw	ip, #51900	@ 0xcabc
    1424:	e34ccdef 	movt	ip, #52719	@ 0xcdef
    1428:	e28dd004 	add	sp, sp, #4
    142c:	e8bd8fc0 	pop	{r6, r7, r8, r9, sl, fp, pc}
    1430:	e3a00008 	mov	r0, #8
    1434:	e59d1000 	ldr	r1, [sp]
    1438:	e5810010 	str	r0, [r1, #16]
    143c:	e59d0000 	ldr	r0, [sp]
    1440:	e59d101c 	ldr	r1, [sp, #28]
    1444:	e59fccac 	ldr	ip, [pc, #3244]	@ 0x20f8
    1448:	e12fff3c 	blx	ip
    144c:	e28dd004 	add	sp, sp, #4
    1450:	e8bd0fc0 	pop	{r6, r7, r8, r9, sl, fp}
    1454:	e28dd004 	add	sp, sp, #4
    1458:	e12fff10 	bx	r0
    145c:	e52de004 	push	{lr}		@ (str lr, [sp, #-4]!)
    1460:	e24dd004 	sub	sp, sp, #4
    1464:	e58d0000 	str	r0, [sp]
    1468:	e30cc123 	movw	ip, #49443	@ 0xc123
    146c:	e34cc456 	movt	ip, #50262	@ 0xc456
    1470:	e3a0e000 	mov	lr, #0
    1474:	e584e004 	str	lr, [r4, #4]
    1478:	e59f0c7c 	ldr	r0, [pc, #3196]	@ 0x20fc
    147c:	e30ccabc 	movw	ip, #51900	@ 0xcabc
    1480:	e34ccdef 	movt	ip, #52719	@ 0xcdef
    1484:	e28dd004 	add	sp, sp, #4
    1488:	e49df004 	pop	{pc}		@ (ldr pc, [sp], #4)
    148c:	e52de004 	push	{lr}		@ (str lr, [sp, #-4]!)
    1490:	e24dd004 	sub	sp, sp, #4
    1494:	e58d0000 	str	r0, [sp]
    1498:	e30cc123 	movw	ip, #49443	@ 0xc123
    149c:	e34cc456 	movt	ip, #50262	@ 0xc456
    14a0:	e3a0e000 	mov	lr, #0
    14a4:	e584e010 	str	lr, [r4, #16]
    14a8:	e3a0e000 	mov	lr, #0
    14ac:	e584e014 	str	lr, [r4, #20]
    14b0:	e59f0c48 	ldr	r0, [pc, #3144]	@ 0x2100
    14b4:	e30ccabc 	movw	ip, #51900	@ 0xcabc
    14b8:	e34ccdef 	movt	ip, #52719	@ 0xcdef
    14bc:	e28dd004 	add	sp, sp, #4
    14c0:	e49df004 	pop	{pc}		@ (ldr pc, [sp], #4)
    14c4:	e52de004 	push	{lr}		@ (str lr, [sp, #-4]!)
    14c8:	e24dd004 	sub	sp, sp, #4
    14cc:	e58d0000 	str	r0, [sp]
    14d0:	e30cc123 	movw	ip, #49443	@ 0xc123
    14d4:	e34cc456 	movt	ip, #50262	@ 0xc456
    14d8:	e3a0e001 	mov	lr, #1
    14dc:	e584e004 	str	lr, [r4, #4]
    14e0:	e3a009fe 	mov	r0, #4161536	@ 0x3f8000
    14e4:	e3800fbf 	orr	r0, r0, #764	@ 0x2fc
    14e8:	e30ccabc 	movw	ip, #51900	@ 0xcabc
    14ec:	e34ccdef 	movt	ip, #52719	@ 0xcdef
    14f0:	e28dd004 	add	sp, sp, #4
    14f4:	e49df004 	pop	{pc}		@ (ldr pc, [sp], #4)
    14f8:	e52de004 	push	{lr}		@ (str lr, [sp, #-4]!)
    14fc:	e24dd004 	sub	sp, sp, #4
    1500:	e58d0000 	str	r0, [sp]
    1504:	e30cc123 	movw	ip, #49443	@ 0xc123
    1508:	e34cc456 	movt	ip, #50262	@ 0xc456
    150c:	e59f0bf0 	ldr	r0, [pc, #3056]	@ 0x2104
    1510:	e30ccabc 	movw	ip, #51900	@ 0xcabc
    1514:	e34ccdef 	movt	ip, #52719	@ 0xcdef
    1518:	e28dd004 	add	sp, sp, #4
    151c:	e49df004 	pop	{pc}		@ (ldr pc, [sp], #4)
    1520:	e52de004 	push	{lr}		@ (str lr, [sp, #-4]!)
    1524:	e24dd004 	sub	sp, sp, #4
    1528:	e58d0000 	str	r0, [sp]
    152c:	e30cc123 	movw	ip, #49443	@ 0xc123
    1530:	e34cc456 	movt	ip, #50262	@ 0xc456
    1534:	e3a0eb4c 	mov	lr, #76, 22	@ 0x13000
    1538:	e38ee1a0 	orr	lr, lr, #160, 2	@ 0x28
    153c:	e584e000 	str	lr, [r4]
    1540:	e59f0bc0 	ldr	r0, [pc, #3008]	@ 0x2108
    1544:	e30ccabc 	movw	ip, #51900	@ 0xcabc
    1548:	e34ccdef 	movt	ip, #52719	@ 0xcdef
    154c:	e28dd004 	add	sp, sp, #4
    1550:	e49df004 	pop	{pc}		@ (ldr pc, [sp], #4)
    1554:	e92d4040 	push	{r6, lr}
    1558:	e24dd010 	sub	sp, sp, #16
    155c:	e58d0000 	str	r0, [sp]
    1560:	e30cc123 	movw	ip, #49443	@ 0xc123
    1564:	e34cc456 	movt	ip, #50262	@ 0xc456
    1568:	e5946000 	ldr	r6, [r4]
    156c:	e5940004 	ldr	r0, [r4, #4]
    1570:	e5941008 	ldr	r1, [r4, #8]
    1574:	e3510000 	cmp	r1, #0
    1578:	0a00000b 	beq	0x15ac
    157c:	e1a02001 	mov	r2, r1
    1580:	e1a01000 	mov	r1, r0
    1584:	e1a00006 	mov	r0, r6
    1588:	e28d3004 	add	r3, sp, #4
    158c:	e595e028 	ldr	lr, [r5, #40]	@ 0x28
    1590:	e58de004 	str	lr, [sp, #4]
    1594:	e595e028 	ldr	lr, [r5, #40]	@ 0x28
    1598:	e58de008 	str	lr, [sp, #8]
    159c:	e59fcb68 	ldr	ip, [pc, #2920]	@ 0x210c
    15a0:	e12fff3c 	blx	ip
    15a4:	e3500000 	cmp	r0, #0
    15a8:	1a000006 	bne	0x15c8
    15ac:	e5846000 	str	r6, [r4]
    15b0:	e3a009fe 	mov	r0, #4161536	@ 0x3f8000
    15b4:	e3800fb5 	orr	r0, r0, #724	@ 0x2d4
    15b8:	e30ccabc 	movw	ip, #51900	@ 0xcabc
    15bc:	e34ccdef 	movt	ip, #52719	@ 0xcdef
    15c0:	e28dd010 	add	sp, sp, #16
    15c4:	e8bd8040 	pop	{r6, pc}
    15c8:	e59d1000 	ldr	r1, [sp]
    15cc:	e5810010 	str	r0, [r1, #16]
    15d0:	e59d0000 	ldr	r0, [sp]
    15d4:	e59d1014 	ldr	r1, [sp, #20]
    15d8:	e59fcb30 	ldr	ip, [pc, #2864]	@ 0x2110
    15dc:	e12fff3c 	blx	ip
    15e0:	e59d6010 	ldr	r6, [sp, #16]
    15e4:	e28dd018 	add	sp, sp, #24
    15e8:	e12fff10 	bx	r0
    15ec:	e92d4fc0 	push	{r6, r7, r8, r9, sl, fp, lr}
    15f0:	e24dd004 	sub	sp, sp, #4
    15f4:	e58d0000 	str	r0, [sp]
    15f8:	e30cc123 	movw	ip, #49443	@ 0xc123
    15fc:	e34cc456 	movt	ip, #50262	@ 0xc456
    1600:	e5940000 	ldr	r0, [r4]
    1604:	e5941004 	ldr	r1, [r4, #4]
    1608:	e5942008 	ldr	r2, [r4, #8]
    160c:	e3520f80 	cmp	r2, #128, 30	@ 0x200
    1610:	3a00000d 	bcc	0x164c
    1614:	e5840000 	str	r0, [r4]
    1618:	e5841004 	str	r1, [r4, #4]
    161c:	e5842008 	str	r2, [r4, #8]
    1620:	e59f0aec 	ldr	r0, [pc, #2796]	@ 0x2114
    1624:	e1a01004 	mov	r1, r4
    1628:	e59d2000 	ldr	r2, [sp]
    162c:	e59fcae4 	ldr	ip, [pc, #2788]	@ 0x2118
    1630:	e12fff3c 	blx	ip
    1634:	e3500000 	cmp	r0, #0
    1638:	1a0001b2 	bne	0x1d08
    163c:	e5943030 	ldr	r3, [r4, #48]	@ 0x30
    1640:	e5843030 	str	r3, [r4, #48]	@ 0x30
    1644:	e59f0ad0 	ldr	r0, [pc, #2768]	@ 0x211c
    1648:	ea0001a9 	b	0x1cf4
    164c:	e0803002 	add	r3, r0, r2
    1650:	e0216000 	eor	r6, r1, r0
    1654:	e3160003 	tst	r6, #3
    1658:	1a000139 	bne	0x1b44
    165c:	e3100003 	tst	r0, #3
    1660:	1a000001 	bne	0x166c
    1664:	e1a06000 	mov	r6, r0
    1668:	ea000019 	b	0x16d4
    166c:	e3520000 	cmp	r2, #0
    1670:	1a000001 	bne	0x167c
    1674:	e1a06000 	mov	r6, r0
    1678:	ea000015 	b	0x16d4
    167c:	e1a06000 	mov	r6, r0
    1680:	e1a09001 	mov	r9, r1
    1684:	e5958030 	ldr	r8, [r5, #48]	@ 0x30
    1688:	e3e0c4fe 	mvn	ip, #-33554432	@ 0xfe000000
    168c:	e3ccc8fe 	bic	ip, ip, #16646144	@ 0xfe0000
    1690:	e159000c 	cmp	r9, ip
    1694:	8a000198 	bhi	0x1cfc
    1698:	e7d87009 	ldrb	r7, [r8, r9]
    169c:	e1a09006 	mov	r9, r6
    16a0:	e5958030 	ldr	r8, [r5, #48]	@ 0x30
    16a4:	e3e0c4fe 	mvn	ip, #-33554432	@ 0xfe000000
    16a8:	e3ccc8fe 	bic	ip, ip, #16646144	@ 0xfe0000
    16ac:	e159000c 	cmp	r9, ip
    16b0:	8a000191 	bhi	0x1cfc
    16b4:	e7c87009 	strb	r7, [r8, r9]
    16b8:	e2811001 	add	r1, r1, #1
    16bc:	e2867001 	add	r7, r6, #1
    16c0:	e1a06007 	mov	r6, r7
    16c4:	e3170003 	tst	r7, #3
    16c8:	0a000001 	beq	0x16d4
    16cc:	e1560003 	cmp	r6, r3
    16d0:	3affffea 	bcc	0x1680
    16d4:	e3c37003 	bic	r7, r3, #3
    16d8:	e3530040 	cmp	r3, #64	@ 0x40
    16dc:	3a000104 	bcc	0x1af4
    16e0:	e2478040 	sub	r8, r7, #64	@ 0x40
    16e4:	e1a09008 	mov	r9, r8
    16e8:	e1560008 	cmp	r6, r8
    16ec:	8a000100 	bhi	0x1af4
    16f0:	e1a0b001 	mov	fp, r1
    16f4:	e595a030 	ldr	sl, [r5, #48]	@ 0x30
    16f8:	e59fc9dc 	ldr	ip, [pc, #2524]	@ 0x20dc
    16fc:	e15b000c 	cmp	fp, ip
    1700:	8a00017d 	bhi	0x1cfc
    1704:	e79a800b 	ldr	r8, [sl, fp]
    1708:	e1a0b006 	mov	fp, r6
    170c:	e595a030 	ldr	sl, [r5, #48]	@ 0x30
    1710:	e59fc9c4 	ldr	ip, [pc, #2500]	@ 0x20dc
    1714:	e15b000c 	cmp	fp, ip
    1718:	8a000177 	bhi	0x1cfc
    171c:	e78a800b 	str	r8, [sl, fp]
    1720:	e1a0b001 	mov	fp, r1
    1724:	e595a030 	ldr	sl, [r5, #48]	@ 0x30
    1728:	e29bb004 	adds	fp, fp, #4
    172c:	2a000172 	bcs	0x1cfc
    1730:	e59fc9a4 	ldr	ip, [pc, #2468]	@ 0x20dc
    1734:	e15b000c 	cmp	fp, ip
    1738:	8a00016f 	bhi	0x1cfc
    173c:	e79a800b 	ldr	r8, [sl, fp]
    1740:	e1a0b006 	mov	fp, r6
    1744:	e595a030 	ldr	sl, [r5, #48]	@ 0x30
    1748:	e29bb004 	adds	fp, fp, #4
    174c:	2a00016a 	bcs	0x1cfc
    1750:	e59fc984 	ldr	ip, [pc, #2436]	@ 0x20dc
    1754:	e15b000c 	cmp	fp, ip
    1758:	8a000167 	bhi	0x1cfc
    175c:	e78a800b 	str	r8, [sl, fp]
    1760:	e1a0b001 	mov	fp, r1
    1764:	e595a030 	ldr	sl, [r5, #48]	@ 0x30
    1768:	e29bb008 	adds	fp, fp, #8
    176c:	2a000162 	bcs	0x1cfc
    1770:	e59fc964 	ldr	ip, [pc, #2404]	@ 0x20dc
    1774:	e15b000c 	cmp	fp, ip
    1778:	8a00015f 	bhi	0x1cfc
    177c:	e79a800b 	ldr	r8, [sl, fp]
    1780:	e1a0b006 	mov	fp, r6
    1784:	e595a030 	ldr	sl, [r5, #48]	@ 0x30
    1788:	e29bb008 	adds	fp, fp, #8
    178c:	2a00015a 	bcs	0x1cfc
    1790:	e59fc944 	ldr	ip, [pc, #2372]	@ 0x20dc
    1794:	e15b000c 	cmp	fp, ip
    1798:	8a000157 	bhi	0x1cfc
    179c:	e78a800b 	str	r8, [sl, fp]
    17a0:	e1a0b001 	mov	fp, r1
    17a4:	e595a030 	ldr	sl, [r5, #48]	@ 0x30
    17a8:	e29bb00c 	adds	fp, fp, #12
    17ac:	2a000152 	bcs	0x1cfc
    17b0:	e59fc924 	ldr	ip, [pc, #2340]	@ 0x20dc
    17b4:	e15b000c 	cmp	fp, ip
    17b8:	8a00014f 	bhi	0x1cfc
    17bc:	e79a800b 	ldr	r8, [sl, fp]
    17c0:	e1a0b006 	mov	fp, r6
    17c4:	e595a030 	ldr	sl, [r5, #48]	@ 0x30
    17c8:	e29bb00c 	adds	fp, fp, #12
    17cc:	2a00014a 	bcs	0x1cfc
    17d0:	e59fc904 	ldr	ip, [pc, #2308]	@ 0x20dc
    17d4:	e15b000c 	cmp	fp, ip
    17d8:	8a000147 	bhi	0x1cfc
    17dc:	e78a800b 	str	r8, [sl, fp]
    17e0:	e1a0b001 	mov	fp, r1
    17e4:	e595a030 	ldr	sl, [r5, #48]	@ 0x30
    17e8:	e29bb010 	adds	fp, fp, #16
    17ec:	2a000142 	bcs	0x1cfc
    17f0:	e59fc8e4 	ldr	ip, [pc, #2276]	@ 0x20dc
    17f4:	e15b000c 	cmp	fp, ip
    17f8:	8a00013f 	bhi	0x1cfc
    17fc:	e79a800b 	ldr	r8, [sl, fp]
    1800:	e1a0b006 	mov	fp, r6
    1804:	e595a030 	ldr	sl, [r5, #48]	@ 0x30
    1808:	e29bb010 	adds	fp, fp, #16
    180c:	2a00013a 	bcs	0x1cfc
    1810:	e59fc8c4 	ldr	ip, [pc, #2244]	@ 0x20dc
    1814:	e15b000c 	cmp	fp, ip
    1818:	8a000137 	bhi	0x1cfc
    181c:	e78a800b 	str	r8, [sl, fp]
    1820:	e1a0b001 	mov	fp, r1
    1824:	e595a030 	ldr	sl, [r5, #48]	@ 0x30
    1828:	e29bb014 	adds	fp, fp, #20
    182c:	2a000132 	bcs	0x1cfc
    1830:	e59fc8a4 	ldr	ip, [pc, #2212]	@ 0x20dc
    1834:	e15b000c 	cmp	fp, ip
    1838:	8a00012f 	bhi	0x1cfc
    183c:	e79a800b 	ldr	r8, [sl, fp]
    1840:	e1a0b006 	mov	fp, r6
    1844:	e595a030 	ldr	sl, [r5, #48]	@ 0x30
    1848:	e29bb014 	adds	fp, fp, #20
    184c:	2a00012a 	bcs	0x1cfc
    1850:	e59fc884 	ldr	ip, [pc, #2180]	@ 0x20dc
    1854:	e15b000c 	cmp	fp, ip
    1858:	8a000127 	bhi	0x1cfc
    185c:	e78a800b 	str	r8, [sl, fp]
    1860:	e1a0b001 	mov	fp, r1
    1864:	e595a030 	ldr	sl, [r5, #48]	@ 0x30
    1868:	e29bb018 	adds	fp, fp, #24
    186c:	2a000122 	bcs	0x1cfc
    1870:	e59fc864 	ldr	ip, [pc, #2148]	@ 0x20dc
    1874:	e15b000c 	cmp	fp, ip
    1878:	8a00011f 	bhi	0x1cfc
    187c:	e79a800b 	ldr	r8, [sl, fp]
    1880:	e1a0b006 	mov	fp, r6
    1884:	e595a030 	ldr	sl, [r5, #48]	@ 0x30
    1888:	e29bb018 	adds	fp, fp, #24
    188c:	2a00011a 	bcs	0x1cfc
    1890:	e59fc844 	ldr	ip, [pc, #2116]	@ 0x20dc
    1894:	e15b000c 	cmp	fp, ip
    1898:	8a000117 	bhi	0x1cfc
    189c:	e78a800b 	str	r8, [sl, fp]
    18a0:	e1a0b001 	mov	fp, r1
    18a4:	e595a030 	ldr	sl, [r5, #48]	@ 0x30
    18a8:	e29bb01c 	adds	fp, fp, #28
    18ac:	2a000112 	bcs	0x1cfc
    18b0:	e59fc824 	ldr	ip, [pc, #2084]	@ 0x20dc
    18b4:	e15b000c 	cmp	fp, ip
    18b8:	8a00010f 	bhi	0x1cfc
    18bc:	e79a800b 	ldr	r8, [sl, fp]
    18c0:	e1a0b006 	mov	fp, r6
    18c4:	e595a030 	ldr	sl, [r5, #48]	@ 0x30
    18c8:	e29bb01c 	adds	fp, fp, #28
    18cc:	2a00010a 	bcs	0x1cfc
    18d0:	e59fc804 	ldr	ip, [pc, #2052]	@ 0x20dc
    18d4:	e15b000c 	cmp	fp, ip
    18d8:	8a000107 	bhi	0x1cfc
    18dc:	e78a800b 	str	r8, [sl, fp]
    18e0:	e1a0b001 	mov	fp, r1
    18e4:	e595a030 	ldr	sl, [r5, #48]	@ 0x30
    18e8:	e29bb020 	adds	fp, fp, #32
    18ec:	2a000102 	bcs	0x1cfc
    18f0:	e59fc7e4 	ldr	ip, [pc, #2020]	@ 0x20dc
    18f4:	e15b000c 	cmp	fp, ip
    18f8:	8a0000ff 	bhi	0x1cfc
    18fc:	e79a800b 	ldr	r8, [sl, fp]
    1900:	e1a0b006 	mov	fp, r6
    1904:	e595a030 	ldr	sl, [r5, #48]	@ 0x30
    1908:	e29bb020 	adds	fp, fp, #32
    190c:	2a0000fa 	bcs	0x1cfc
    1910:	e59fc7c4 	ldr	ip, [pc, #1988]	@ 0x20dc
    1914:	e15b000c 	cmp	fp, ip
    1918:	8a0000f7 	bhi	0x1cfc
    191c:	e78a800b 	str	r8, [sl, fp]
    1920:	e1a0b001 	mov	fp, r1
    1924:	e595a030 	ldr	sl, [r5, #48]	@ 0x30
    1928:	e29bb024 	adds	fp, fp, #36	@ 0x24
    192c:	2a0000f2 	bcs	0x1cfc
    1930:	e59fc7a4 	ldr	ip, [pc, #1956]	@ 0x20dc
    1934:	e15b000c 	cmp	fp, ip
    1938:	8a0000ef 	bhi	0x1cfc
    193c:	e79a800b 	ldr	r8, [sl, fp]
    1940:	e1a0b006 	mov	fp, r6
    1944:	e595a030 	ldr	sl, [r5, #48]	@ 0x30
    1948:	e29bb024 	adds	fp, fp, #36	@ 0x24
    194c:	2a0000ea 	bcs	0x1cfc
    1950:	e59fc784 	ldr	ip, [pc, #1924]	@ 0x20dc
    1954:	e15b000c 	cmp	fp, ip
    1958:	8a0000e7 	bhi	0x1cfc
    195c:	e78a800b 	str	r8, [sl, fp]
    1960:	e1a0b001 	mov	fp, r1
    1964:	e595a030 	ldr	sl, [r5, #48]	@ 0x30
    1968:	e29bb028 	adds	fp, fp, #40	@ 0x28
    196c:	2a0000e2 	bcs	0x1cfc
    1970:	e59fc764 	ldr	ip, [pc, #1892]	@ 0x20dc
    1974:	e15b000c 	cmp	fp, ip
    1978:	8a0000df 	bhi	0x1cfc
    197c:	e79a800b 	ldr	r8, [sl, fp]
    1980:	e1a0b006 	mov	fp, r6
    1984:	e595a030 	ldr	sl, [r5, #48]	@ 0x30
    1988:	e29bb028 	adds	fp, fp, #40	@ 0x28
    198c:	2a0000da 	bcs	0x1cfc
    1990:	e59fc744 	ldr	ip, [pc, #1860]	@ 0x20dc
    1994:	e15b000c 	cmp	fp, ip
    1998:	8a0000d7 	bhi	0x1cfc
    199c:	e78a800b 	str	r8, [sl, fp]
    19a0:	e1a0b001 	mov	fp, r1
    19a4:	e595a030 	ldr	sl, [r5, #48]	@ 0x30
    19a8:	e29bb02c 	adds	fp, fp, #44	@ 0x2c
    19ac:	2a0000d2 	bcs	0x1cfc
    19b0:	e59fc724 	ldr	ip, [pc, #1828]	@ 0x20dc
    19b4:	e15b000c 	cmp	fp, ip
    19b8:	8a0000cf 	bhi	0x1cfc
    19bc:	e79a800b 	ldr	r8, [sl, fp]
    19c0:	e1a0b006 	mov	fp, r6
    19c4:	e595a030 	ldr	sl, [r5, #48]	@ 0x30
    19c8:	e29bb02c 	adds	fp, fp, #44	@ 0x2c
    19cc:	2a0000ca 	bcs	0x1cfc
    19d0:	e59fc704 	ldr	ip, [pc, #1796]	@ 0x20dc
    19d4:	e15b000c 	cmp	fp, ip
    19d8:	8a0000c7 	bhi	0x1cfc
    19dc:	e78a800b 	str	r8, [sl, fp]
    19e0:	e1a0b001 	mov	fp, r1
    19e4:	e595a030 	ldr	sl, [r5, #48]	@ 0x30
    19e8:	e29bb030 	adds	fp, fp, #48	@ 0x30
    19ec:	2a0000c2 	bcs	0x1cfc
    19f0:	e59fc6e4 	ldr	ip, [pc, #1764]	@ 0x20dc
    19f4:	e15b000c 	cmp	fp, ip
    19f8:	8a0000bf 	bhi	0x1cfc
    19fc:	e79a800b 	ldr	r8, [sl, fp]
    1a00:	e1a0b006 	mov	fp, r6
    1a04:	e595a030 	ldr	sl, [r5, #48]	@ 0x30
    1a08:	e29bb030 	adds	fp, fp, #48	@ 0x30
    1a0c:	2a0000ba 	bcs	0x1cfc
    1a10:	e59fc6c4 	ldr	ip, [pc, #1732]	@ 0x20dc
    1a14:	e15b000c 	cmp	fp, ip
    1a18:	8a0000b7 	bhi	0x1cfc
    1a1c:	e78a800b 	str	r8, [sl, fp]
    1a20:	e1a0b001 	mov	fp, r1
    1a24:	e595a030 	ldr	sl, [r5, #48]	@ 0x30
    1a28:	e29bb034 	adds	fp, fp, #52	@ 0x34
    1a2c:	2a0000b2 	bcs	0x1cfc
    1a30:	e59fc6a4 	ldr	ip, [pc, #1700]	@ 0x20dc
    1a34:	e15b000c 	cmp	fp, ip
    1a38:	8a0000af 	bhi	0x1cfc
    1a3c:	e79a800b 	ldr	r8, [sl, fp]
    1a40:	e1a0b006 	mov	fp, r6
    1a44:	e595a030 	ldr	sl, [r5, #48]	@ 0x30
    1a48:	e29bb034 	adds	fp, fp, #52	@ 0x34
    1a4c:	2a0000aa 	bcs	0x1cfc
    1a50:	e59fc684 	ldr	ip, [pc, #1668]	@ 0x20dc
    1a54:	e15b000c 	cmp	fp, ip
    1a58:	8a0000a7 	bhi	0x1cfc
    1a5c:	e78a800b 	str	r8, [sl, fp]
    1a60:	e1a0b001 	mov	fp, r1
    1a64:	e595a030 	ldr	sl, [r5, #48]	@ 0x30
    1a68:	e29bb038 	adds	fp, fp, #56	@ 0x38
    1a6c:	2a0000a2 	bcs	0x1cfc
    1a70:	e59fc664 	ldr	ip, [pc, #1636]	@ 0x20dc
    1a74:	e15b000c 	cmp	fp, ip
    1a78:	8a00009f 	bhi	0x1cfc
    1a7c:	e79a800b 	ldr	r8, [sl, fp]
    1a80:	e1a0b006 	mov	fp, r6
    1a84:	e595a030 	ldr	sl, [r5, #48]	@ 0x30
    1a88:	e29bb038 	adds	fp, fp, #56	@ 0x38
    1a8c:	2a00009a 	bcs	0x1cfc
    1a90:	e59fc644 	ldr	ip, [pc, #1604]	@ 0x20dc
    1a94:	e15b000c 	cmp	fp, ip
    1a98:	8a000097 	bhi	0x1cfc
    1a9c:	e78a800b 	str	r8, [sl, fp]
    1aa0:	e1a0b001 	mov	fp, r1
    1aa4:	e595a030 	ldr	sl, [r5, #48]	@ 0x30
    1aa8:	e29bb03c 	adds	fp, fp, #60	@ 0x3c
    1aac:	2a000092 	bcs	0x1cfc
    1ab0:	e59fc624 	ldr	ip, [pc, #1572]	@ 0x20dc
    1ab4:	e15b000c 	cmp	fp, ip
    1ab8:	8a00008f 	bhi	0x1cfc
    1abc:	e79a800b 	ldr	r8, [sl, fp]
    1ac0:	e1a0b006 	mov	fp, r6
    1ac4:	e595a030 	ldr	sl, [r5, #48]	@ 0x30
    1ac8:	e29bb03c 	adds	fp, fp, #60	@ 0x3c
    1acc:	2a00008a 	bcs	0x1cfc
    1ad0:	e59fc604 	ldr	ip, [pc, #1540]	@ 0x20dc
    1ad4:	e15b000c 	cmp	fp, ip
    1ad8:	8a000087 	bhi	0x1cfc
    1adc:	e78a800b 	str	r8, [sl, fp]
    1ae0:	e2811040 	add	r1, r1, #64	@ 0x40
    1ae4:	e2868040 	add	r8, r6, #64	@ 0x40
    1ae8:	e1a06008 	mov	r6, r8
    1aec:	e1580009 	cmp	r8, r9
    1af0:	9afffefe 	bls	0x16f0
    1af4:	e1560007 	cmp	r6, r7
    1af8:	2a000064 	bcs	0x1c90
    1afc:	e1a0a001 	mov	sl, r1
    1b00:	e5959030 	ldr	r9, [r5, #48]	@ 0x30
    1b04:	e59fc5d0 	ldr	ip, [pc, #1488]	@ 0x20dc
    1b08:	e15a000c 	cmp	sl, ip
    1b0c:	8a00007a 	bhi	0x1cfc
    1b10:	e799800a 	ldr	r8, [r9, sl]
    1b14:	e1a0a006 	mov	sl, r6
    1b18:	e5959030 	ldr	r9, [r5, #48]	@ 0x30
    1b1c:	e59fc5b8 	ldr	ip, [pc, #1464]	@ 0x20dc
    1b20:	e15a000c 	cmp	sl, ip
    1b24:	8a000074 	bhi	0x1cfc
    1b28:	e789800a 	str	r8, [r9, sl]
    1b2c:	e2811004 	add	r1, r1, #4
    1b30:	e2868004 	add	r8, r6, #4
    1b34:	e1a06008 	mov	r6, r8
    1b38:	e1580007 	cmp	r8, r7
    1b3c:	3affffee 	bcc	0x1afc
    1b40:	ea000052 	b	0x1c90
    1b44:	e3530004 	cmp	r3, #4
    1b48:	2a000001 	bcs	0x1b54
    1b4c:	e1a06000 	mov	r6, r0
    1b50:	ea00004e 	b	0x1c90
    1b54:	e3520004 	cmp	r2, #4
    1b58:	2a000001 	bcs	0x1b64
    1b5c:	e1a06000 	mov	r6, r0
    1b60:	ea00004a 	b	0x1c90
    1b64:	e2432004 	sub	r2, r3, #4
    1b68:	e1a06000 	mov	r6, r0
    1b6c:	e1a09001 	mov	r9, r1
    1b70:	e5958030 	ldr	r8, [r5, #48]	@ 0x30
    1b74:	e3e0c4fe 	mvn	ip, #-33554432	@ 0xfe000000
    1b78:	e3ccc8fe 	bic	ip, ip, #16646144	@ 0xfe0000
    1b7c:	e159000c 	cmp	r9, ip
    1b80:	8a00005d 	bhi	0x1cfc
    1b84:	e7d87009 	ldrb	r7, [r8, r9]
    1b88:	e1a09006 	mov	r9, r6
    1b8c:	e5958030 	ldr	r8, [r5, #48]	@ 0x30
    1b90:	e3e0c4fe 	mvn	ip, #-33554432	@ 0xfe000000
    1b94:	e3ccc8fe 	bic	ip, ip, #16646144	@ 0xfe0000
    1b98:	e159000c 	cmp	r9, ip
    1b9c:	8a000056 	bhi	0x1cfc
    1ba0:	e7c87009 	strb	r7, [r8, r9]
    1ba4:	e1a09001 	mov	r9, r1
    1ba8:	e5958030 	ldr	r8, [r5, #48]	@ 0x30
    1bac:	e2999001 	adds	r9, r9, #1
    1bb0:	2a000051 	bcs	0x1cfc
    1bb4:	e3e0c4fe 	mvn	ip, #-33554432	@ 0xfe000000
    1bb8:	e3ccc8fe 	bic	ip, ip, #16646144	@ 0xfe0000
    1bbc:	e159000c 	cmp	r9, ip
    1bc0:	8a00004d 	bhi	0x1cfc
    1bc4:	e7d87009 	ldrb	r7, [r8, r9]
    1bc8:	e1a09006 	mov	r9, r6
    1bcc:	e5958030 	ldr	r8, [r5, #48]	@ 0x30
    1bd0:	e2999001 	adds	r9, r9, #1
    1bd4:	2a000048 	bcs	0x1cfc
    1bd8:	e3e0c4fe 	mvn	ip, #-33554432	@ 0xfe000000
    1bdc:	e3ccc8fe 	bic	ip, ip, #16646144	@ 0xfe0000
    1be0:	e159000c 	cmp	r9, ip
    1be4:	8a000044 	bhi	0x1cfc
    1be8:	e7c87009 	strb	r7, [r8, r9]
    1bec:	e1a09001 	mov	r9, r1
    1bf0:	e5958030 	ldr	r8, [r5, #48]	@ 0x30
    1bf4:	e2999002 	adds	r9, r9, #2
    1bf8:	2a00003f 	bcs	0x1cfc
    1bfc:	e3e0c4fe 	mvn	ip, #-33554432	@ 0xfe000000
    1c00:	e3ccc8fe 	bic	ip, ip, #16646144	@ 0xfe0000
    1c04:	e159000c 	cmp	r9, ip
    1c08:	8a00003b 	bhi	0x1cfc
    1c0c:	e7d87009 	ldrb	r7, [r8, r9]
    1c10:	e1a09006 	mov	r9, r6
    1c14:	e5958030 	ldr	r8, [r5, #48]	@ 0x30
    1c18:	e2999002 	adds	r9, r9, #2
    1c1c:	2a000036 	bcs	0x1cfc
    1c20:	e3e0c4fe 	mvn	ip, #-33554432	@ 0xfe000000
    1c24:	e3ccc8fe 	bic	ip, ip, #16646144	@ 0xfe0000
    1c28:	e159000c 	cmp	r9, ip
    1c2c:	8a000032 	bhi	0x1cfc
    1c30:	e7c87009 	strb	r7, [r8, r9]
    1c34:	e1a09001 	mov	r9, r1
    1c38:	e5958030 	ldr	r8, [r5, #48]	@ 0x30
    1c3c:	e2999003 	adds	r9, r9, #3
    1c40:	2a00002d 	bcs	0x1cfc
    1c44:	e3e0c4fe 	mvn	ip, #-33554432	@ 0xfe000000
    1c48:	e3ccc8fe 	bic	ip, ip, #16646144	@ 0xfe0000
    1c4c:	e159000c 	cmp	r9, ip
    1c50:	8a000029 	bhi	0x1cfc
    1c54:	e7d87009 	ldrb	r7, [r8, r9]
    1c58:	e1a09006 	mov	r9, r6
    1c5c:	e5958030 	ldr	r8, [r5, #48]	@ 0x30
    1c60:	e2999003 	adds	r9, r9, #3
    1c64:	2a000024 	bcs	0x1cfc
    1c68:	e3e0c4fe 	mvn	ip, #-33554432	@ 0xfe000000
    1c6c:	e3ccc8fe 	bic	ip, ip, #16646144	@ 0xfe0000
    1c70:	e159000c 	cmp	r9, ip
    1c74:	8a000020 	bhi	0x1cfc
    1c78:	e7c87009 	strb	r7, [r8, r9]
    1c7c:	e2811004 	add	r1, r1, #4
    1c80:	e2867004 	add	r7, r6, #4
    1c84:	e1a06007 	mov	r6, r7
    1c88:	e1570002 	cmp	r7, r2
    1c8c:	9affffb6 	bls	0x1b6c
    1c90:	e1560003 	cmp	r6, r3
    1c94:	2a000012 	bcs	0x1ce4
    1c98:	e1a08001 	mov	r8, r1
    1c9c:	e5957030 	ldr	r7, [r5, #48]	@ 0x30
    1ca0:	e3e0c4fe 	mvn	ip, #-33554432	@ 0xfe000000
    1ca4:	e3ccc8fe 	bic	ip, ip, #16646144	@ 0xfe0000
    1ca8:	e158000c 	cmp	r8, ip
    1cac:	8a000012 	bhi	0x1cfc
    1cb0:	e7d72008 	ldrb	r2, [r7, r8]
    1cb4:	e1a08006 	mov	r8, r6
    1cb8:	e5957030 	ldr	r7, [r5, #48]	@ 0x30
    1cbc:	e3e0c4fe 	mvn	ip, #-33554432	@ 0xfe000000
    1cc0:	e3ccc8fe 	bic	ip, ip, #16646144	@ 0xfe0000
    1cc4:	e158000c 	cmp	r8, ip
    1cc8:	8a00000b 	bhi	0x1cfc
    1ccc:	e7c72008 	strb	r2, [r7, r8]
    1cd0:	e2811001 	add	r1, r1, #1
    1cd4:	e2862001 	add	r2, r6, #1
    1cd8:	e1a06002 	mov	r6, r2
    1cdc:	e1520003 	cmp	r2, r3
    1ce0:	1affffec 	bne	0x1c98
    1ce4:	e5840000 	str	r0, [r4]
    1ce8:	e59f0430 	ldr	r0, [pc, #1072]	@ 0x2120
    1cec:	e30ccabc 	movw	ip, #51900	@ 0xcabc
    1cf0:	e34ccdef 	movt	ip, #52719	@ 0xcdef
    1cf4:	e28dd004 	add	sp, sp, #4
    1cf8:	e8bd8fc0 	pop	{r6, r7, r8, r9, sl, fp, pc}
    1cfc:	e3a00008 	mov	r0, #8
    1d00:	e59d1000 	ldr	r1, [sp]
    1d04:	e5810010 	str	r0, [r1, #16]
    1d08:	e59d0000 	ldr	r0, [sp]
    1d0c:	e59d101c 	ldr	r1, [sp, #28]
    1d10:	e59fc40c 	ldr	ip, [pc, #1036]	@ 0x2124
    1d14:	e12fff3c 	blx	ip
    1d18:	e28dd004 	add	sp, sp, #4
    1d1c:	e8bd0fc0 	pop	{r6, r7, r8, r9, sl, fp}
    1d20:	e28dd004 	add	sp, sp, #4
    1d24:	e12fff10 	bx	r0
    1d28:	e92d43c0 	push	{r6, r7, r8, r9, lr}
    1d2c:	e24dd004 	sub	sp, sp, #4
    1d30:	e58d0000 	str	r0, [sp]
    1d34:	e30cc123 	movw	ip, #49443	@ 0xc123
    1d38:	e34cc456 	movt	ip, #50262	@ 0xc456
    1d3c:	e5942000 	ldr	r2, [r4]
    1d40:	e5940004 	ldr	r0, [r4, #4]
    1d44:	e5941008 	ldr	r1, [r4, #8]
    1d48:	e3510000 	cmp	r1, #0
    1d4c:	0a00010c 	beq	0x2184
    1d50:	e1a06002 	mov	r6, r2
    1d54:	e5953030 	ldr	r3, [r5, #48]	@ 0x30
    1d58:	e3e0c4fe 	mvn	ip, #-33554432	@ 0xfe000000
    1d5c:	e3ccc8fe 	bic	ip, ip, #16646144	@ 0xfe0000
    1d60:	e156000c 	cmp	r6, ip
    1d64:	8a00010c 	bhi	0x219c
    1d68:	e7c30006 	strb	r0, [r3, r6]
    1d6c:	e0823001 	add	r3, r2, r1
    1d70:	e1a06003 	mov	r6, r3
    1d74:	e2433001 	sub	r3, r3, #1
    1d78:	e5957030 	ldr	r7, [r5, #48]	@ 0x30
    1d7c:	e3e0c4fe 	mvn	ip, #-33554432	@ 0xfe000000
    1d80:	e3ccc8fe 	bic	ip, ip, #16646144	@ 0xfe0000
    1d84:	e153000c 	cmp	r3, ip
    1d88:	8a000103 	bhi	0x219c
    1d8c:	e7c70003 	strb	r0, [r7, r3]
    1d90:	e3510003 	cmp	r1, #3
    1d94:	3a0000fa 	bcc	0x2184
    1d98:	e1a07002 	mov	r7, r2
    1d9c:	e5953030 	ldr	r3, [r5, #48]	@ 0x30
    1da0:	e2977002 	adds	r7, r7, #2
    1da4:	2a0000fc 	bcs	0x219c
    1da8:	e3e0c4fe 	mvn	ip, #-33554432	@ 0xfe000000
    1dac:	e3ccc8fe 	bic	ip, ip, #16646144	@ 0xfe0000
    1db0:	e157000c 	cmp	r7, ip
    1db4:	8a0000f8 	bhi	0x219c
    1db8:	e7c30007 	strb	r0, [r3, r7]
    1dbc:	e1a07002 	mov	r7, r2
    1dc0:	e5953030 	ldr	r3, [r5, #48]	@ 0x30
    1dc4:	e2977001 	adds	r7, r7, #1
    1dc8:	2a0000f3 	bcs	0x219c
    1dcc:	e3e0c4fe 	mvn	ip, #-33554432	@ 0xfe000000
    1dd0:	e3ccc8fe 	bic	ip, ip, #16646144	@ 0xfe0000
    1dd4:	e157000c 	cmp	r7, ip
    1dd8:	8a0000ef 	bhi	0x219c
    1ddc:	e7c30007 	strb	r0, [r3, r7]
    1de0:	e2463003 	sub	r3, r6, #3
    1de4:	e5957030 	ldr	r7, [r5, #48]	@ 0x30
    1de8:	e3e0c4fe 	mvn	ip, #-33554432	@ 0xfe000000
    1dec:	e3ccc8fe 	bic	ip, ip, #16646144	@ 0xfe0000
    1df0:	e153000c 	cmp	r3, ip
    1df4:	8a0000e8 	bhi	0x219c
    1df8:	e7c70003 	strb	r0, [r7, r3]
    1dfc:	e2463002 	sub	r3, r6, #2
    1e00:	e5957030 	ldr	r7, [r5, #48]	@ 0x30
    1e04:	e3e0c4fe 	mvn	ip, #-33554432	@ 0xfe000000
    1e08:	e3ccc8fe 	bic	ip, ip, #16646144	@ 0xfe0000
    1e0c:	e153000c 	cmp	r3, ip
    1e10:	8a0000e1 	bhi	0x219c
    1e14:	e7c70003 	strb	r0, [r7, r3]
    1e18:	e3510007 	cmp	r1, #7
    1e1c:	3a0000d8 	bcc	0x2184
    1e20:	e1a07002 	mov	r7, r2
    1e24:	e5953030 	ldr	r3, [r5, #48]	@ 0x30
    1e28:	e2977003 	adds	r7, r7, #3
    1e2c:	2a0000da 	bcs	0x219c
    1e30:	e3e0c4fe 	mvn	ip, #-33554432	@ 0xfe000000
    1e34:	e3ccc8fe 	bic	ip, ip, #16646144	@ 0xfe0000
    1e38:	e157000c 	cmp	r7, ip
    1e3c:	8a0000d6 	bhi	0x219c
    1e40:	e7c30007 	strb	r0, [r3, r7]
    1e44:	e2466004 	sub	r6, r6, #4
    1e48:	e5953030 	ldr	r3, [r5, #48]	@ 0x30
    1e4c:	e3e0c4fe 	mvn	ip, #-33554432	@ 0xfe000000
    1e50:	e3ccc8fe 	bic	ip, ip, #16646144	@ 0xfe0000
    1e54:	e156000c 	cmp	r6, ip
    1e58:	8a0000cf 	bhi	0x219c
    1e5c:	e7c30006 	strb	r0, [r3, r6]
    1e60:	e3510009 	cmp	r1, #9
    1e64:	3a0000c6 	bcc	0x2184
    1e68:	e2623000 	rsb	r3, r2, #0
    1e6c:	e2033003 	and	r3, r3, #3
    1e70:	e1a06003 	mov	r6, r3
    1e74:	e0823003 	add	r3, r2, r3
    1e78:	e1a07003 	mov	r7, r3
    1e7c:	e20000ff 	and	r0, r0, #255	@ 0xff
    1e80:	e59fc2a0 	ldr	ip, [pc, #672]	@ 0x2128
    1e84:	e0000c90 	mul	r0, r0, ip
    1e88:	e1a08000 	mov	r8, r0
    1e8c:	e5959030 	ldr	r9, [r5, #48]	@ 0x30
    1e90:	e59fc244 	ldr	ip, [pc, #580]	@ 0x20dc
    1e94:	e153000c 	cmp	r3, ip
    1e98:	8a0000bf 	bhi	0x219c
    1e9c:	e7890003 	str	r0, [r9, r3]
    1ea0:	e0411006 	sub	r1, r1, r6
    1ea4:	e3c11003 	bic	r1, r1, #3
    1ea8:	e1a00001 	mov	r0, r1
    1eac:	e0871001 	add	r1, r7, r1
    1eb0:	e1a03001 	mov	r3, r1
    1eb4:	e2411004 	sub	r1, r1, #4
    1eb8:	e5956030 	ldr	r6, [r5, #48]	@ 0x30
    1ebc:	e59fc218 	ldr	ip, [pc, #536]	@ 0x20dc
    1ec0:	e151000c 	cmp	r1, ip
    1ec4:	8a0000b4 	bhi	0x219c
    1ec8:	e7868001 	str	r8, [r6, r1]
    1ecc:	e3500009 	cmp	r0, #9
    1ed0:	3a0000ab 	bcc	0x2184
    1ed4:	e1a06007 	mov	r6, r7
    1ed8:	e5951030 	ldr	r1, [r5, #48]	@ 0x30
    1edc:	e2966008 	adds	r6, r6, #8
    1ee0:	2a0000ad 	bcs	0x219c
    1ee4:	e59fc1f0 	ldr	ip, [pc, #496]	@ 0x20dc
    1ee8:	e156000c 	cmp	r6, ip
    1eec:	8a0000aa 	bhi	0x219c
    1ef0:	e7818006 	str	r8, [r1, r6]
    1ef4:	e1a06007 	mov	r6, r7
    1ef8:	e5951030 	ldr	r1, [r5, #48]	@ 0x30
    1efc:	e2966004 	adds	r6, r6, #4
    1f00:	2a0000a5 	bcs	0x219c
    1f04:	e59fc1d0 	ldr	ip, [pc, #464]	@ 0x20dc
    1f08:	e156000c 	cmp	r6, ip
    1f0c:	8a0000a2 	bhi	0x219c
    1f10:	e7818006 	str	r8, [r1, r6]
    1f14:	e2431008 	sub	r1, r3, #8
    1f18:	e5956030 	ldr	r6, [r5, #48]	@ 0x30
    1f1c:	e59fc1b8 	ldr	ip, [pc, #440]	@ 0x20dc
    1f20:	e151000c 	cmp	r1, ip
    1f24:	8a00009c 	bhi	0x219c
    1f28:	e7868001 	str	r8, [r6, r1]
    1f2c:	e243100c 	sub	r1, r3, #12
    1f30:	e5956030 	ldr	r6, [r5, #48]	@ 0x30
    1f34:	e59fc1a0 	ldr	ip, [pc, #416]	@ 0x20dc
    1f38:	e151000c 	cmp	r1, ip
    1f3c:	8a000096 	bhi	0x219c
    1f40:	e7868001 	str	r8, [r6, r1]
    1f44:	e3500019 	cmp	r0, #25
    1f48:	3a00008d 	bcc	0x2184
    1f4c:	e1a06007 	mov	r6, r7
    1f50:	e5951030 	ldr	r1, [r5, #48]	@ 0x30
    1f54:	e2966018 	adds	r6, r6, #24
    1f58:	2a00008f 	bcs	0x219c
    1f5c:	e59fc178 	ldr	ip, [pc, #376]	@ 0x20dc
    1f60:	e156000c 	cmp	r6, ip
    1f64:	8a00008c 	bhi	0x219c
    1f68:	e7818006 	str	r8, [r1, r6]
    1f6c:	e1a06007 	mov	r6, r7
    1f70:	e5951030 	ldr	r1, [r5, #48]	@ 0x30
    1f74:	e2966014 	adds	r6, r6, #20
    1f78:	2a000087 	bcs	0x219c
    1f7c:	e59fc158 	ldr	ip, [pc, #344]	@ 0x20dc
    1f80:	e156000c 	cmp	r6, ip
    1f84:	8a000084 	bhi	0x219c
    1f88:	e7818006 	str	r8, [r1, r6]
    1f8c:	e1a06007 	mov	r6, r7
    1f90:	e5951030 	ldr	r1, [r5, #48]	@ 0x30
    1f94:	e2966010 	adds	r6, r6, #16
    1f98:	2a00007f 	bcs	0x219c
    1f9c:	e59fc138 	ldr	ip, [pc, #312]	@ 0x20dc
    1fa0:	e156000c 	cmp	r6, ip
    1fa4:	8a00007c 	bhi	0x219c
    1fa8:	e7818006 	str	r8, [r1, r6]
    1fac:	e1a06007 	mov	r6, r7
    1fb0:	e5951030 	ldr	r1, [r5, #48]	@ 0x30
    1fb4:	e296600c 	adds	r6, r6, #12
    1fb8:	2a000077 	bcs	0x219c
    1fbc:	e59fc118 	ldr	ip, [pc, #280]	@ 0x20dc
    1fc0:	e156000c 	cmp	r6, ip
    1fc4:	8a000074 	bhi	0x219c
    1fc8:	e7818006 	str	r8, [r1, r6]
    1fcc:	e2431010 	sub	r1, r3, #16
    1fd0:	e5956030 	ldr	r6, [r5, #48]	@ 0x30
    1fd4:	e59fc100 	ldr	ip, [pc, #256]	@ 0x20dc
    1fd8:	e151000c 	cmp	r1, ip
    1fdc:	8a00006e 	bhi	0x219c
    1fe0:	e7868001 	str	r8, [r6, r1]
    1fe4:	e2431014 	sub	r1, r3, #20
    1fe8:	e5956030 	ldr	r6, [r5, #48]	@ 0x30
    1fec:	e59fc0e8 	ldr	ip, [pc, #232]	@ 0x20dc
    1ff0:	e151000c 	cmp	r1, ip
    1ff4:	8a000068 	bhi	0x219c
    1ff8:	e7868001 	str	r8, [r6, r1]
    1ffc:	e2431018 	sub	r1, r3, #24
    2000:	e5956030 	ldr	r6, [r5, #48]	@ 0x30
    2004:	e59fc0d0 	ldr	ip, [pc, #208]	@ 0x20dc
    2008:	e151000c 	cmp	r1, ip
    200c:	8a000062 	bhi	0x219c
    2010:	e7868001 	str	r8, [r6, r1]
    2014:	e243301c 	sub	r3, r3, #28
    2018:	e5951030 	ldr	r1, [r5, #48]	@ 0x30
    201c:	e59fc0b8 	ldr	ip, [pc, #184]	@ 0x20dc
    2020:	e153000c 	cmp	r3, ip
    2024:	8a00005c 	bhi	0x219c
    2028:	e7818003 	str	r8, [r1, r3]
    202c:	e2071004 	and	r1, r7, #4
    2030:	e3811018 	orr	r1, r1, #24
    2034:	e1a03001 	mov	r3, r1
    2038:	e0400001 	sub	r0, r0, r1
    203c:	e1a06000 	mov	r6, r0
    2040:	e3500020 	cmp	r0, #32
    2044:	3a00004e 	bcc	0x2184
    2048:	e1a00008 	mov	r0, r8
    204c:	e3a01000 	mov	r1, #0
    2050:	e1a08000 	mov	r8, r0
    2054:	e3a0c001 	mov	ip, #1
    2058:	e0080c98 	mul	r8, r8, ip
    205c:	e0811008 	add	r1, r1, r8
    2060:	e0877003 	add	r7, r7, r3
    2064:	e1a08007 	mov	r8, r7
    2068:	e5953030 	ldr	r3, [r5, #48]	@ 0x30
    206c:	e2988018 	adds	r8, r8, #24
    2070:	2a000049 	bcs	0x219c
    2074:	e59fc074 	ldr	ip, [pc, #116]	@ 0x20f0
    2078:	e158000c 	cmp	r8, ip
    207c:	8a000046 	bhi	0x219c
    2080:	e083c008 	add	ip, r3, r8
    2084:	e58c0000 	str	r0, [ip]
    2088:	e58c1004 	str	r1, [ip, #4]
    208c:	e1a08007 	mov	r8, r7
    2090:	e5953030 	ldr	r3, [r5, #48]	@ 0x30
    2094:	e2988010 	adds	r8, r8, #16
    2098:	2a00003f 	bcs	0x219c
    209c:	e59fc04c 	ldr	ip, [pc, #76]	@ 0x20f0
    20a0:	e158000c 	cmp	r8, ip
    20a4:	8a00003c 	bhi	0x219c
    20a8:	e083c008 	add	ip, r3, r8
    20ac:	e58c0000 	str	r0, [ip]
    20b0:	e58c1004 	str	r1, [ip, #4]
    20b4:	e1a08007 	mov	r8, r7
    20b8:	ea00001b 	b	0x212c
	...
    20d8:	000487b4 			@ <UNDEFINED> instruction: 0x000487b4
    20dc:	0101fffc 	strdeq	pc, [r1, -ip]
    20e0:	003f9c5c 	eorseq	r9, pc, ip, asr ip	@ <UNPREDICTABLE>
    20e4:	000487b4 			@ <UNDEFINED> instruction: 0x000487b4
    20e8:	003f9c74 	eorseq	r9, pc, r4, ror ip	@ <UNPREDICTABLE>
    20ec:	000487b4 			@ <UNDEFINED> instruction: 0x000487b4
    20f0:	0101fff8 	strdeq	pc, [r1, -r8]
    20f4:	003f9db4 	ldrhteq	r9, [pc], -r4
    20f8:	00047eac 	andeq	r7, r4, ip, lsr #29
    20fc:	003f7c84 	eorseq	r7, pc, r4, lsl #25
    2100:	003f7590 	mlaseq	pc, r0, r5, r7	@ <UNPREDICTABLE>
    2104:	003f8878 	eorseq	r8, pc, r8, ror r8	@ <UNPREDICTABLE>
    2108:	003f9714 	eorseq	r9, pc, r4, lsl r7	@ <UNPREDICTABLE>
    210c:	00049988 	andeq	r9, r4, r8, lsl #19
    2110:	00047eac 	andeq	r7, r4, ip, lsr #29
    2114:	003fb450 	eorseq	fp, pc, r0, asr r4	@ <UNPREDICTABLE>
    2118:	000487b4 			@ <UNDEFINED> instruction: 0x000487b4
    211c:	003fb46c 	eorseq	fp, pc, ip, ror #8
    2120:	003fb970 	eorseq	fp, pc, r0, ror r9	@ <UNPREDICTABLE>
    2124:	00047eac 	andeq	r7, r4, ip, lsr #29
    2128:	01010101 	tsteq	r1, r1, lsl #2
    212c:	e5953030 	ldr	r3, [r5, #48]	@ 0x30
    2130:	e2988008 	adds	r8, r8, #8
    2134:	2a000018 	bcs	0x219c
    2138:	e59fcff8 	ldr	ip, [pc, #4088]	@ 0x3138
    213c:	e158000c 	cmp	r8, ip
    2140:	8a000015 	bhi	0x219c
    2144:	e083c008 	add	ip, r3, r8
    2148:	e58c0000 	str	r0, [ip]
    214c:	e58c1004 	str	r1, [ip, #4]
    2150:	e1a08007 	mov	r8, r7
    2154:	e5953030 	ldr	r3, [r5, #48]	@ 0x30
    2158:	e59fcfd8 	ldr	ip, [pc, #4056]	@ 0x3138
    215c:	e158000c 	cmp	r8, ip
    2160:	8a00000d 	bhi	0x219c
    2164:	e083c008 	add	ip, r3, r8
    2168:	e58c0000 	str	r0, [ip]
    216c:	e58c1004 	str	r1, [ip, #4]
    2170:	e2877020 	add	r7, r7, #32
    2174:	e2463020 	sub	r3, r6, #32
    2178:	e1a06003 	mov	r6, r3
    217c:	e353001f 	cmp	r3, #31
    2180:	8affffb7 	bhi	0x2064
    2184:	e5842000 	str	r2, [r4]
    2188:	e59f0fac 	ldr	r0, [pc, #4012]	@ 0x313c
    218c:	e30ccabc 	movw	ip, #51900	@ 0xcabc
    2190:	e34ccdef 	movt	ip, #52719	@ 0xcdef
    2194:	e28dd004 	add	sp, sp, #4
    2198:	e8bd83c0 	pop	{r6, r7, r8, r9, pc}
    219c:	e3a00008 	mov	r0, #8
    21a0:	e59d1000 	ldr	r1, [sp]
    21a4:	e5810010 	str	r0, [r1, #16]
    21a8:	e59d0000 	ldr	r0, [sp]
    21ac:	e59d1014 	ldr	r1, [sp, #20]
    21b0:	e59fcf88 	ldr	ip, [pc, #3976]	@ 0x3140
    21b4:	e12fff3c 	blx	ip
    21b8:	e28dd004 	add	sp, sp, #4
    21bc:	e8bd03c0 	pop	{r6, r7, r8, r9}
    21c0:	e28dd004 	add	sp, sp, #4
    21c4:	e12fff10 	bx	r0
    21c8:	e52de004 	push	{lr}		@ (str lr, [sp, #-4]!)
    21cc:	e24dd004 	sub	sp, sp, #4
    21d0:	e58d0000 	str	r0, [sp]
    21d4:	e30cc123 	movw	ip, #49443	@ 0xc123
    21d8:	e34cc456 	movt	ip, #50262	@ 0xc456
    21dc:	e59f0f60 	ldr	r0, [pc, #3936]	@ 0x3144
    21e0:	e30ccabc 	movw	ip, #51900	@ 0xcabc
    21e4:	e34ccdef 	movt	ip, #52719	@ 0xcdef
    21e8:	e28dd004 	add	sp, sp, #4
    21ec:	e49df004 	pop	{pc}		@ (ldr pc, [sp], #4)
    21f0:	e52de004 	push	{lr}		@ (str lr, [sp, #-4]!)
    21f4:	e24dd004 	sub	sp, sp, #4
    21f8:	e58d0000 	str	r0, [sp]
    21fc:	e30cc123 	movw	ip, #49443	@ 0xc123
    2200:	e34cc456 	movt	ip, #50262	@ 0xc456
    2204:	e3a0eb4c 	mov	lr, #76, 22	@ 0x13000
    2208:	e38ee1b0 	orr	lr, lr, #176, 2	@ 0x2c
    220c:	e584e000 	str	lr, [r4]
    2210:	e3a009fe 	mov	r0, #4161536	@ 0x3f8000
    2214:	e3800e42 	orr	r0, r0, #1056	@ 0x420
    2218:	e1a01004 	mov	r1, r4
    221c:	e59d2000 	ldr	r2, [sp]
    2220:	e59fcf20 	ldr	ip, [pc, #3872]	@ 0x3148
    2224:	e12fff3c 	blx	ip
    2228:	e3500000 	cmp	r0, #0
    222c:	1a000007 	bne	0x2250
    2230:	e3a0eb4c 	mov	lr, #76, 22	@ 0x13000
    2234:	e38ee1c0 	orr	lr, lr, #192, 2	@ 0x30
    2238:	e584e004 	str	lr, [r4, #4]
    223c:	e59f0f08 	ldr	r0, [pc, #3848]	@ 0x314c
    2240:	e30ccabc 	movw	ip, #51900	@ 0xcabc
    2244:	e34ccdef 	movt	ip, #52719	@ 0xcdef
    2248:	e28dd004 	add	sp, sp, #4
    224c:	e49df004 	pop	{pc}		@ (ldr pc, [sp], #4)
    2250:	e59d0000 	ldr	r0, [sp]
    2254:	e59d1004 	ldr	r1, [sp, #4]
    2258:	e59fcef0 	ldr	ip, [pc, #3824]	@ 0x3150
    225c:	e12fff3c 	blx	ip
    2260:	e28dd008 	add	sp, sp, #8
    2264:	e12fff10 	bx	r0
    2268:	e92d4040 	push	{r6, lr}
    226c:	e24dd008 	sub	sp, sp, #8
    2270:	e58d0000 	str	r0, [sp]
    2274:	e30cc123 	movw	ip, #49443	@ 0xc123
    2278:	e34cc456 	movt	ip, #50262	@ 0xc456
    227c:	e59f0ed0 	ldr	r0, [pc, #3792]	@ 0x3154
    2280:	e1a01004 	mov	r1, r4
    2284:	e59d2000 	ldr	r2, [sp]
    2288:	e59fcec8 	ldr	ip, [pc, #3784]	@ 0x3158
    228c:	e12fff3c 	blx	ip
    2290:	e3500000 	cmp	r0, #0
    2294:	1a000045 	bne	0x23b0
    2298:	e5940008 	ldr	r0, [r4, #8]
    229c:	e1a02000 	mov	r2, r0
    22a0:	e5951030 	ldr	r1, [r5, #48]	@ 0x30
    22a4:	e59fceb0 	ldr	ip, [pc, #3760]	@ 0x315c
    22a8:	e152000c 	cmp	r2, ip
    22ac:	8a00003c 	bhi	0x23a4
    22b0:	e7910002 	ldr	r0, [r1, r2]
    22b4:	e1a06000 	mov	r6, r0
    22b8:	e3500000 	cmp	r0, #0
    22bc:	0a000012 	beq	0x230c
    22c0:	e5846000 	str	r6, [r4]
    22c4:	e59f0e94 	ldr	r0, [pc, #3732]	@ 0x3160
    22c8:	e1a01004 	mov	r1, r4
    22cc:	e59d2000 	ldr	r2, [sp]
    22d0:	e59fce8c 	ldr	ip, [pc, #3724]	@ 0x3164
    22d4:	e12fff3c 	blx	ip
    22d8:	e3500000 	cmp	r0, #0
    22dc:	1a000033 	bne	0x23b0
    22e0:	e1a02006 	mov	r2, r6
    22e4:	e5951030 	ldr	r1, [r5, #48]	@ 0x30
    22e8:	e2922038 	adds	r2, r2, #56	@ 0x38
    22ec:	2a00002c 	bcs	0x23a4
    22f0:	e59fce64 	ldr	ip, [pc, #3684]	@ 0x315c
    22f4:	e152000c 	cmp	r2, ip
    22f8:	8a000029 	bhi	0x23a4
    22fc:	e7910002 	ldr	r0, [r1, r2]
    2300:	e1a06000 	mov	r6, r0
    2304:	e3500000 	cmp	r0, #0
    2308:	1affffec 	bne	0x22c0
    230c:	e5951030 	ldr	r1, [r5, #48]	@ 0x30
    2310:	e281cb50 	add	ip, r1, #80, 22	@ 0x14000
    2314:	e51c0fcc 	ldr	r0, [ip, #-4044]	@ 0xfffff034
    2318:	e5840008 	str	r0, [r4, #8]
    231c:	e59f0e44 	ldr	r0, [pc, #3652]	@ 0x3168
    2320:	e1a01004 	mov	r1, r4
    2324:	e59d2000 	ldr	r2, [sp]
    2328:	e59fce3c 	ldr	ip, [pc, #3644]	@ 0x316c
    232c:	e12fff3c 	blx	ip
    2330:	e3500000 	cmp	r0, #0
    2334:	1a00001d 	bne	0x23b0
    2338:	e5951030 	ldr	r1, [r5, #48]	@ 0x30
    233c:	e281cb40 	add	ip, r1, #64, 22	@ 0x10000
    2340:	e59c0b78 	ldr	r0, [ip, #2936]	@ 0xb78
    2344:	e5840008 	str	r0, [r4, #8]
    2348:	e59f0e20 	ldr	r0, [pc, #3616]	@ 0x3170
    234c:	e1a01004 	mov	r1, r4
    2350:	e59d2000 	ldr	r2, [sp]
    2354:	e59fce18 	ldr	ip, [pc, #3608]	@ 0x3174
    2358:	e12fff3c 	blx	ip
    235c:	e3500000 	cmp	r0, #0
    2360:	1a000012 	bne	0x23b0
    2364:	e5951030 	ldr	r1, [r5, #48]	@ 0x30
    2368:	e281cb40 	add	ip, r1, #64, 22	@ 0x10000
    236c:	e59c0c10 	ldr	r0, [ip, #3088]	@ 0xc10
    2370:	e5840008 	str	r0, [r4, #8]
    2374:	e59f0dfc 	ldr	r0, [pc, #3580]	@ 0x3178
    2378:	e1a01004 	mov	r1, r4
    237c:	e59d2000 	ldr	r2, [sp]
    2380:	e59fcdf4 	ldr	ip, [pc, #3572]	@ 0x317c
    2384:	e12fff3c 	blx	ip
    2388:	e3500000 	cmp	r0, #0
    238c:	1a000007 	bne	0x23b0
    2390:	e59f0de8 	ldr	r0, [pc, #3560]	@ 0x3180
    2394:	e30ccabc 	movw	ip, #51900	@ 0xcabc
    2398:	e34ccdef 	movt	ip, #52719	@ 0xcdef
    239c:	e28dd008 	add	sp, sp, #8
    23a0:	e8bd8040 	pop	{r6, pc}
    23a4:	e3a00008 	mov	r0, #8
    23a8:	e59d1000 	ldr	r1, [sp]
    23ac:	e5810010 	str	r0, [r1, #16]
    23b0:	e59d0000 	ldr	r0, [sp]
    23b4:	e59d100c 	ldr	r1, [sp, #12]
    23b8:	e59fcdc4 	ldr	ip, [pc, #3524]	@ 0x3184
    23bc:	e12fff3c 	blx	ip
    23c0:	e59d6008 	ldr	r6, [sp, #8]
    23c4:	e28dd010 	add	sp, sp, #16
    23c8:	e12fff10 	bx	r0
    23cc:	e92d40c0 	push	{r6, r7, lr}
    23d0:	e24dd004 	sub	sp, sp, #4
    23d4:	e58d0000 	str	r0, [sp]
    23d8:	e30cc123 	movw	ip, #49443	@ 0xc123
    23dc:	e34cc456 	movt	ip, #50262	@ 0xc456
    23e0:	e5946000 	ldr	r6, [r4]
    23e4:	e3560000 	cmp	r6, #0
    23e8:	0a000064 	beq	0x2580
    23ec:	e1a02006 	mov	r2, r6
    23f0:	e5951030 	ldr	r1, [r5, #48]	@ 0x30
    23f4:	e292204c 	adds	r2, r2, #76	@ 0x4c
    23f8:	2a000065 	bcs	0x2594
    23fc:	e59fcd58 	ldr	ip, [pc, #3416]	@ 0x315c
    2400:	e152000c 	cmp	r2, ip
    2404:	8a000062 	bhi	0x2594
    2408:	e7910002 	ldr	r0, [r1, r2]
    240c:	e3500000 	cmp	r0, #0
    2410:	ba000007 	blt	0x2434
    2414:	e5846000 	str	r6, [r4]
    2418:	e59f0d68 	ldr	r0, [pc, #3432]	@ 0x3188
    241c:	e1a01004 	mov	r1, r4
    2420:	e59d2000 	ldr	r2, [sp]
    2424:	e59fcd60 	ldr	ip, [pc, #3424]	@ 0x318c
    2428:	e12fff3c 	blx	ip
    242c:	e3500000 	cmp	r0, #0
    2430:	1a00005a 	bne	0x25a0
    2434:	e1a02006 	mov	r2, r6
    2438:	e5951030 	ldr	r1, [r5, #48]	@ 0x30
    243c:	e2922014 	adds	r2, r2, #20
    2440:	2a000053 	bcs	0x2594
    2444:	e59fcd10 	ldr	ip, [pc, #3344]	@ 0x315c
    2448:	e152000c 	cmp	r2, ip
    244c:	8a000050 	bhi	0x2594
    2450:	e7910002 	ldr	r0, [r1, r2]
    2454:	e1a03006 	mov	r3, r6
    2458:	e5952030 	ldr	r2, [r5, #48]	@ 0x30
    245c:	e293301c 	adds	r3, r3, #28
    2460:	2a00004b 	bcs	0x2594
    2464:	e59fccf0 	ldr	ip, [pc, #3312]	@ 0x315c
    2468:	e153000c 	cmp	r3, ip
    246c:	8a000048 	bhi	0x2594
    2470:	e7921003 	ldr	r1, [r2, r3]
    2474:	e1500001 	cmp	r0, r1
    2478:	0a000014 	beq	0x24d0
    247c:	e1a02006 	mov	r2, r6
    2480:	e5951030 	ldr	r1, [r5, #48]	@ 0x30
    2484:	e2922024 	adds	r2, r2, #36	@ 0x24
    2488:	2a000041 	bcs	0x2594
    248c:	e59fccc8 	ldr	ip, [pc, #3272]	@ 0x315c
    2490:	e152000c 	cmp	r2, ip
    2494:	8a00003e 	bhi	0x2594
    2498:	e7910002 	ldr	r0, [r1, r2]
    249c:	e5846000 	str	r6, [r4]
    24a0:	e3a0e000 	mov	lr, #0
    24a4:	e584e00c 	str	lr, [r4, #12]
    24a8:	e3a0e000 	mov	lr, #0
    24ac:	e584e00c 	str	lr, [r4, #12]
    24b0:	e5840020 	str	r0, [r4, #32]
    24b4:	e59f0cd4 	ldr	r0, [pc, #3284]	@ 0x3190
    24b8:	e1a01004 	mov	r1, r4
    24bc:	e59d2000 	ldr	r2, [sp]
    24c0:	e59fcccc 	ldr	ip, [pc, #3276]	@ 0x3194
    24c4:	e12fff3c 	blx	ip
    24c8:	e3500000 	cmp	r0, #0
    24cc:	1a000033 	bne	0x25a0
    24d0:	e1a02006 	mov	r2, r6
    24d4:	e5951030 	ldr	r1, [r5, #48]	@ 0x30
    24d8:	e2922004 	adds	r2, r2, #4
    24dc:	2a00002c 	bcs	0x2594
    24e0:	e59fcc74 	ldr	ip, [pc, #3188]	@ 0x315c
    24e4:	e152000c 	cmp	r2, ip
    24e8:	8a000029 	bhi	0x2594
    24ec:	e7910002 	ldr	r0, [r1, r2]
    24f0:	e1a01000 	mov	r1, r0
    24f4:	e1a07006 	mov	r7, r6
    24f8:	e5953030 	ldr	r3, [r5, #48]	@ 0x30
    24fc:	e2977008 	adds	r7, r7, #8
    2500:	2a000023 	bcs	0x2594
    2504:	e59fcc50 	ldr	ip, [pc, #3152]	@ 0x315c
    2508:	e157000c 	cmp	r7, ip
    250c:	8a000020 	bhi	0x2594
    2510:	e7932007 	ldr	r2, [r3, r7]
    2514:	e1a03002 	mov	r3, r2
    2518:	e1500002 	cmp	r0, r2
    251c:	0a000017 	beq	0x2580
    2520:	e0411003 	sub	r1, r1, r3
    2524:	e1a00001 	mov	r0, r1
    2528:	e1a01fc0 	asr	r1, r0, #31
    252c:	e1a07006 	mov	r7, r6
    2530:	e5953030 	ldr	r3, [r5, #48]	@ 0x30
    2534:	e2977028 	adds	r7, r7, #40	@ 0x28
    2538:	2a000015 	bcs	0x2594
    253c:	e59fcc18 	ldr	ip, [pc, #3096]	@ 0x315c
    2540:	e157000c 	cmp	r7, ip
    2544:	8a000012 	bhi	0x2594
    2548:	e7932007 	ldr	r2, [r3, r7]
    254c:	e5846000 	str	r6, [r4]
    2550:	e5840018 	str	r0, [r4, #24]
    2554:	e584101c 	str	r1, [r4, #28]
    2558:	e3a0e001 	mov	lr, #1
    255c:	e584e010 	str	lr, [r4, #16]
    2560:	e5842024 	str	r2, [r4, #36]	@ 0x24
    2564:	e59f0c2c 	ldr	r0, [pc, #3116]	@ 0x3198
    2568:	e1a01004 	mov	r1, r4
    256c:	e59d2000 	ldr	r2, [sp]
    2570:	e59fcc24 	ldr	ip, [pc, #3108]	@ 0x319c
    2574:	e12fff3c 	blx	ip
    2578:	e3500000 	cmp	r0, #0
    257c:	1a000007 	bne	0x25a0
    2580:	e59f0c18 	ldr	r0, [pc, #3096]	@ 0x31a0
    2584:	e30ccabc 	movw	ip, #51900	@ 0xcabc
    2588:	e34ccdef 	movt	ip, #52719	@ 0xcdef
    258c:	e28dd004 	add	sp, sp, #4
    2590:	e8bd80c0 	pop	{r6, r7, pc}
    2594:	e3a00008 	mov	r0, #8
    2598:	e59d1000 	ldr	r1, [sp]
    259c:	e5810010 	str	r0, [r1, #16]
    25a0:	e59d0000 	ldr	r0, [sp]
    25a4:	e59d100c 	ldr	r1, [sp, #12]
    25a8:	e59fcbf4 	ldr	ip, [pc, #3060]	@ 0x31a4
    25ac:	e12fff3c 	blx	ip
    25b0:	e28dd004 	add	sp, sp, #4
    25b4:	e8bd00c0 	pop	{r6, r7}
    25b8:	e28dd004 	add	sp, sp, #4
    25bc:	e12fff10 	bx	r0
    25c0:	e92d4040 	push	{r6, lr}
    25c4:	e24dd008 	sub	sp, sp, #8
    25c8:	e58d0000 	str	r0, [sp]
    25cc:	e30cc123 	movw	ip, #49443	@ 0xc123
    25d0:	e34cc456 	movt	ip, #50262	@ 0xc456
    25d4:	e5940000 	ldr	r0, [r4]
    25d8:	e1a03000 	mov	r3, r0
    25dc:	e5952030 	ldr	r2, [r5, #48]	@ 0x30
    25e0:	e2933048 	adds	r3, r3, #72	@ 0x48
    25e4:	2a00005e 	bcs	0x2764
    25e8:	e59fcb6c 	ldr	ip, [pc, #2924]	@ 0x315c
    25ec:	e153000c 	cmp	r3, ip
    25f0:	8a00005b 	bhi	0x2764
    25f4:	e7921003 	ldr	r1, [r2, r3]
    25f8:	e1a02001 	mov	r2, r1
    25fc:	e2411001 	sub	r1, r1, #1
    2600:	e1811002 	orr	r1, r1, r2
    2604:	e1a03000 	mov	r3, r0
    2608:	e5952030 	ldr	r2, [r5, #48]	@ 0x30
    260c:	e2933048 	adds	r3, r3, #72	@ 0x48
    2610:	2a000053 	bcs	0x2764
    2614:	e59fcb40 	ldr	ip, [pc, #2880]	@ 0x315c
    2618:	e153000c 	cmp	r3, ip
    261c:	8a000050 	bhi	0x2764
    2620:	e7821003 	str	r1, [r2, r3]
    2624:	e1a03000 	mov	r3, r0
    2628:	e5952030 	ldr	r2, [r5, #48]	@ 0x30
    262c:	e59fcb28 	ldr	ip, [pc, #2856]	@ 0x315c
    2630:	e153000c 	cmp	r3, ip
    2634:	8a00004a 	bhi	0x2764
    2638:	e7921003 	ldr	r1, [r2, r3]
    263c:	e1a02001 	mov	r2, r1
    2640:	e3110008 	tst	r1, #8
    2644:	0a00000a 	beq	0x2674
    2648:	e3822020 	orr	r2, r2, #32
    264c:	e1a03000 	mov	r3, r0
    2650:	e5951030 	ldr	r1, [r5, #48]	@ 0x30
    2654:	e59fcb00 	ldr	ip, [pc, #2816]	@ 0x315c
    2658:	e153000c 	cmp	r3, ip
    265c:	8a000040 	bhi	0x2764
    2660:	e7812003 	str	r2, [r1, r3]
    2664:	e3e0e000 	mvn	lr, #0
    2668:	e584e008 	str	lr, [r4, #8]
    266c:	e59f0b34 	ldr	r0, [pc, #2868]	@ 0x31a8
    2670:	ea000039 	b	0x275c
    2674:	e1a02000 	mov	r2, r0
    2678:	e5951030 	ldr	r1, [r5, #48]	@ 0x30
    267c:	e2922004 	adds	r2, r2, #4
    2680:	2a000037 	bcs	0x2764
    2684:	e59fcaac 	ldr	ip, [pc, #2732]	@ 0x3138
    2688:	e152000c 	cmp	r2, ip
    268c:	8a000034 	bhi	0x2764
    2690:	e0811002 	add	r1, r1, r2
    2694:	e3a02000 	mov	r2, #0
    2698:	e3a03000 	mov	r3, #0
    269c:	e5813000 	str	r3, [r1]
    26a0:	e5812004 	str	r2, [r1, #4]
    26a4:	e1a03000 	mov	r3, r0
    26a8:	e5952030 	ldr	r2, [r5, #48]	@ 0x30
    26ac:	e293302c 	adds	r3, r3, #44	@ 0x2c
    26b0:	2a00002b 	bcs	0x2764
    26b4:	e59fcaa0 	ldr	ip, [pc, #2720]	@ 0x315c
    26b8:	e153000c 	cmp	r3, ip
    26bc:	8a000028 	bhi	0x2764
    26c0:	e7921003 	ldr	r1, [r2, r3]
    26c4:	e1a02001 	mov	r2, r1
    26c8:	e1a06000 	mov	r6, r0
    26cc:	e5953030 	ldr	r3, [r5, #48]	@ 0x30
    26d0:	e296601c 	adds	r6, r6, #28
    26d4:	2a000022 	bcs	0x2764
    26d8:	e59fca7c 	ldr	ip, [pc, #2684]	@ 0x315c
    26dc:	e156000c 	cmp	r6, ip
    26e0:	8a00001f 	bhi	0x2764
    26e4:	e7831006 	str	r1, [r3, r6]
    26e8:	e1a03000 	mov	r3, r0
    26ec:	e5951030 	ldr	r1, [r5, #48]	@ 0x30
    26f0:	e2933014 	adds	r3, r3, #20
    26f4:	2a00001a 	bcs	0x2764
    26f8:	e59fca5c 	ldr	ip, [pc, #2652]	@ 0x315c
    26fc:	e153000c 	cmp	r3, ip
    2700:	8a000017 	bhi	0x2764
    2704:	e7812003 	str	r2, [r1, r3]
    2708:	e1a06000 	mov	r6, r0
    270c:	e5953030 	ldr	r3, [r5, #48]	@ 0x30
    2710:	e2966030 	adds	r6, r6, #48	@ 0x30
    2714:	2a000012 	bcs	0x2764
    2718:	e59fca3c 	ldr	ip, [pc, #2620]	@ 0x315c
    271c:	e156000c 	cmp	r6, ip
    2720:	8a00000f 	bhi	0x2764
    2724:	e7931006 	ldr	r1, [r3, r6]
    2728:	e0822001 	add	r2, r2, r1
    272c:	e5951030 	ldr	r1, [r5, #48]	@ 0x30
    2730:	e2900010 	adds	r0, r0, #16
    2734:	2a00000a 	bcs	0x2764
    2738:	e59fca1c 	ldr	ip, [pc, #2588]	@ 0x315c
    273c:	e150000c 	cmp	r0, ip
    2740:	8a000007 	bhi	0x2764
    2744:	e7812000 	str	r2, [r1, r0]
    2748:	e3a0e000 	mov	lr, #0
    274c:	e584e01c 	str	lr, [r4, #28]
    2750:	e59f0a54 	ldr	r0, [pc, #2644]	@ 0x31ac
    2754:	e30ccabc 	movw	ip, #51900	@ 0xcabc
    2758:	e34ccdef 	movt	ip, #52719	@ 0xcdef
    275c:	e28dd008 	add	sp, sp, #8
    2760:	e8bd8040 	pop	{r6, pc}
    2764:	e3a00008 	mov	r0, #8
    2768:	e59d1000 	ldr	r1, [sp]
    276c:	e5810010 	str	r0, [r1, #16]
    2770:	e59d0000 	ldr	r0, [sp]
    2774:	e59d100c 	ldr	r1, [sp, #12]
    2778:	e59fca30 	ldr	ip, [pc, #2608]	@ 0x31b0
    277c:	e12fff3c 	blx	ip
    2780:	e59d6008 	ldr	r6, [sp, #8]
    2784:	e28dd010 	add	sp, sp, #16
    2788:	e12fff10 	bx	r0
    278c:	e92d43c0 	push	{r6, r7, r8, r9, lr}
    2790:	e24dd004 	sub	sp, sp, #4
    2794:	e58d0000 	str	r0, [sp]
    2798:	e30cc123 	movw	ip, #49443	@ 0xc123
    279c:	e34cc456 	movt	ip, #50262	@ 0xc456
    27a0:	e5940000 	ldr	r0, [r4]
    27a4:	e5941004 	ldr	r1, [r4, #4]
    27a8:	e5942008 	ldr	r2, [r4, #8]
    27ac:	e3520000 	cmp	r2, #0
    27b0:	e3a03000 	mov	r3, #0
    27b4:	13a03001 	movne	r3, #1
    27b8:	e3100003 	tst	r0, #3
    27bc:	0a000016 	beq	0x281c
    27c0:	e3520000 	cmp	r2, #0
    27c4:	0a000014 	beq	0x281c
    27c8:	e20160ff 	and	r6, r1, #255	@ 0xff
    27cc:	e1a09000 	mov	r9, r0
    27d0:	e5958030 	ldr	r8, [r5, #48]	@ 0x30
    27d4:	e3e0c4fe 	mvn	ip, #-33554432	@ 0xfe000000
    27d8:	e3ccc8fe 	bic	ip, ip, #16646144	@ 0xfe0000
    27dc:	e159000c 	cmp	r9, ip
    27e0:	8a00004e 	bhi	0x2920
    27e4:	e7d87009 	ldrb	r7, [r8, r9]
    27e8:	e1570006 	cmp	r7, r6
    27ec:	0a000032 	beq	0x28bc
    27f0:	e2427001 	sub	r7, r2, #1
    27f4:	e1a02007 	mov	r2, r7
    27f8:	e3570000 	cmp	r7, #0
    27fc:	e3a03000 	mov	r3, #0
    2800:	13a03001 	movne	r3, #1
    2804:	e2807001 	add	r7, r0, #1
    2808:	e1a00007 	mov	r0, r7
    280c:	e3170003 	tst	r7, #3
    2810:	0a000001 	beq	0x281c
    2814:	e3520000 	cmp	r2, #0
    2818:	1affffeb 	bne	0x27cc
    281c:	e3530000 	cmp	r3, #0
    2820:	0a000037 	beq	0x2904
    2824:	e1a07000 	mov	r7, r0
    2828:	e5956030 	ldr	r6, [r5, #48]	@ 0x30
    282c:	e3e0c4fe 	mvn	ip, #-33554432	@ 0xfe000000
    2830:	e3ccc8fe 	bic	ip, ip, #16646144	@ 0xfe0000
    2834:	e157000c 	cmp	r7, ip
    2838:	8a000038 	bhi	0x2920
    283c:	e7d63007 	ldrb	r3, [r6, r7]
    2840:	e20160ff 	and	r6, r1, #255	@ 0xff
    2844:	e1530006 	cmp	r3, r6
    2848:	0a000019 	beq	0x28b4
    284c:	e3520004 	cmp	r2, #4
    2850:	3a000017 	bcc	0x28b4
    2854:	e20130ff 	and	r3, r1, #255	@ 0xff
    2858:	e59fc954 	ldr	ip, [pc, #2388]	@ 0x31b4
    285c:	e0030c93 	mul	r3, r3, ip
    2860:	e1a08000 	mov	r8, r0
    2864:	e5957030 	ldr	r7, [r5, #48]	@ 0x30
    2868:	e59fc8ec 	ldr	ip, [pc, #2284]	@ 0x315c
    286c:	e158000c 	cmp	r8, ip
    2870:	8a00002a 	bhi	0x2920
    2874:	e7976008 	ldr	r6, [r7, r8]
    2878:	e0266003 	eor	r6, r6, r3
    287c:	e1a07006 	mov	r7, r6
    2880:	e59fc930 	ldr	ip, [pc, #2352]	@ 0x31b8
    2884:	e04c6006 	sub	r6, ip, r6
    2888:	e1866007 	orr	r6, r6, r7
    288c:	e59fc928 	ldr	ip, [pc, #2344]	@ 0x31bc
    2890:	e006600c 	and	r6, r6, ip
    2894:	e59fc920 	ldr	ip, [pc, #2336]	@ 0x31bc
    2898:	e156000c 	cmp	r6, ip
    289c:	1a000006 	bne	0x28bc
    28a0:	e2800004 	add	r0, r0, #4
    28a4:	e2426004 	sub	r6, r2, #4
    28a8:	e1a02006 	mov	r2, r6
    28ac:	e3560003 	cmp	r6, #3
    28b0:	8affffea 	bhi	0x2860
    28b4:	e3520000 	cmp	r2, #0
    28b8:	0a000011 	beq	0x2904
    28bc:	e20110ff 	and	r1, r1, #255	@ 0xff
    28c0:	e1a07000 	mov	r7, r0
    28c4:	e5956030 	ldr	r6, [r5, #48]	@ 0x30
    28c8:	e3e0c4fe 	mvn	ip, #-33554432	@ 0xfe000000
    28cc:	e3ccc8fe 	bic	ip, ip, #16646144	@ 0xfe0000
    28d0:	e157000c 	cmp	r7, ip
    28d4:	8a000011 	bhi	0x2920
    28d8:	e7d63007 	ldrb	r3, [r6, r7]
    28dc:	e1530001 	cmp	r3, r1
    28e0:	1a000002 	bne	0x28f0
    28e4:	e5840000 	str	r0, [r4]
    28e8:	e59f08d0 	ldr	r0, [pc, #2256]	@ 0x31c0
    28ec:	ea000009 	b	0x2918
    28f0:	e2800001 	add	r0, r0, #1
    28f4:	e2423001 	sub	r3, r2, #1
    28f8:	e1a02003 	mov	r2, r3
    28fc:	e3530000 	cmp	r3, #0
    2900:	1affffee 	bne	0x28c0
    2904:	e3a0e000 	mov	lr, #0
    2908:	e584e018 	str	lr, [r4, #24]
    290c:	e59f08b0 	ldr	r0, [pc, #2224]	@ 0x31c4
    2910:	e30ccabc 	movw	ip, #51900	@ 0xcabc
    2914:	e34ccdef 	movt	ip, #52719	@ 0xcdef
    2918:	e28dd004 	add	sp, sp, #4
    291c:	e8bd83c0 	pop	{r6, r7, r8, r9, pc}
    2920:	e3a00008 	mov	r0, #8
    2924:	e59d1000 	ldr	r1, [sp]
    2928:	e5810010 	str	r0, [r1, #16]
    292c:	e59d0000 	ldr	r0, [sp]
    2930:	e59d1014 	ldr	r1, [sp, #20]
    2934:	e59fc88c 	ldr	ip, [pc, #2188]	@ 0x31c8
    2938:	e12fff3c 	blx	ip
    293c:	e28dd004 	add	sp, sp, #4
    2940:	e8bd03c0 	pop	{r6, r7, r8, r9}
    2944:	e28dd004 	add	sp, sp, #4
    2948:	e12fff10 	bx	r0
    294c:	e92d40c0 	push	{r6, r7, lr}
    2950:	e24dd004 	sub	sp, sp, #4
    2954:	e58d0000 	str	r0, [sp]
    2958:	e30cc123 	movw	ip, #49443	@ 0xc123
    295c:	e34cc456 	movt	ip, #50262	@ 0xc456
    2960:	e5946000 	ldr	r6, [r4]
    2964:	e5947004 	ldr	r7, [r4, #4]
    2968:	e5846000 	str	r6, [r4]
    296c:	e3a0e000 	mov	lr, #0
    2970:	e584e00c 	str	lr, [r4, #12]
    2974:	e5847004 	str	r7, [r4, #4]
    2978:	e59f084c 	ldr	r0, [pc, #2124]	@ 0x31cc
    297c:	e1a01004 	mov	r1, r4
    2980:	e59d2000 	ldr	r2, [sp]
    2984:	e59fc844 	ldr	ip, [pc, #2116]	@ 0x31d0
    2988:	e12fff3c 	blx	ip
    298c:	e3500000 	cmp	r0, #0
    2990:	1a00000a 	bne	0x29c0
    2994:	e5940010 	ldr	r0, [r4, #16]
    2998:	e1a01000 	mov	r1, r0
    299c:	e0400006 	sub	r0, r0, r6
    29a0:	e3510000 	cmp	r1, #0
    29a4:	01a00007 	moveq	r0, r7
    29a8:	e5840010 	str	r0, [r4, #16]
    29ac:	e59f0820 	ldr	r0, [pc, #2080]	@ 0x31d4
    29b0:	e30ccabc 	movw	ip, #51900	@ 0xcabc
    29b4:	e34ccdef 	movt	ip, #52719	@ 0xcdef
    29b8:	e28dd004 	add	sp, sp, #4
    29bc:	e8bd80c0 	pop	{r6, r7, pc}
    29c0:	e59d0000 	ldr	r0, [sp]
    29c4:	e59d100c 	ldr	r1, [sp, #12]
    29c8:	e59fc808 	ldr	ip, [pc, #2056]	@ 0x31d8
    29cc:	e12fff3c 	blx	ip
    29d0:	e28dd004 	add	sp, sp, #4
    29d4:	e8bd00c0 	pop	{r6, r7}
    29d8:	e28dd004 	add	sp, sp, #4
    29dc:	e12fff10 	bx	r0
    29e0:	e92d43c0 	push	{r6, r7, r8, r9, lr}
    29e4:	e24dd004 	sub	sp, sp, #4
    29e8:	e58d0000 	str	r0, [sp]
    29ec:	e30cc123 	movw	ip, #49443	@ 0xc123
    29f0:	e34cc456 	movt	ip, #50262	@ 0xc456
    29f4:	ed940b00 	vldr	d0, [r4]
    29f8:	e5946008 	ldr	r6, [r4, #8]
    29fc:	ec510a10 	vmov	r0, r1, s0, s1
    2a00:	e1a02000 	mov	r2, r0
    2a04:	e1a03001 	mov	r3, r1
    2a08:	e1a00a21 	lsr	r0, r1, #20
    2a0c:	e3a01000 	mov	r1, #0
    2a10:	e3a0cc07 	mov	ip, #1792	@ 0x700
    2a14:	e38cc0ff 	orr	ip, ip, #255	@ 0xff
    2a18:	e000000c 	and	r0, r0, ip
    2a1c:	e1a01000 	mov	r1, r0
    2a20:	e3a0cc07 	mov	ip, #1792	@ 0x700
    2a24:	e38cc0ff 	orr	ip, ip, #255	@ 0xff
    2a28:	e150000c 	cmp	r0, ip
    2a2c:	0a000037 	beq	0x2b10
    2a30:	e3510000 	cmp	r1, #0
    2a34:	1a000026 	bne	0x2ad4
    2a38:	e3a0c000 	mov	ip, #0
    2a3c:	ec4cca11 	vmov	s2, s3, ip, ip
    2a40:	eeb40b41 	vcmp.f64	d0, d1
    2a44:	eef1fa10 	vmrs	APSR_nzcv, fpscr
    2a48:	1a000001 	bne	0x2a54
    2a4c:	e3a00000 	mov	r0, #0
    2a50:	ea000016 	b	0x2ab0
    2a54:	e3a0c000 	mov	ip, #0
    2a58:	e3a0e204 	mov	lr, #4, 4	@ 0x40000000
    2a5c:	e38ee63f 	orr	lr, lr, #66060288	@ 0x3f00000
    2a60:	ec4eca11 	vmov	s2, s3, ip, lr
    2a64:	ee202b01 	vmul.f64	d2, d0, d1
    2a68:	ed842b0f 	vstr	d2, [r4, #60]	@ 0x3c
    2a6c:	e5846008 	str	r6, [r4, #8]
    2a70:	e59f0764 	ldr	r0, [pc, #1892]	@ 0x31dc
    2a74:	e1a01004 	mov	r1, r4
    2a78:	e59d2000 	ldr	r2, [sp]
    2a7c:	e59fc75c 	ldr	ip, [pc, #1884]	@ 0x31e0
    2a80:	e12fff3c 	blx	ip
    2a84:	e3500000 	cmp	r0, #0
    2a88:	1a000029 	bne	0x2b34
    2a8c:	ed941b0f 	vldr	d1, [r4, #60]	@ 0x3c
    2a90:	eeb00b41 	vmov.f64	d0, d1
    2a94:	e1a09006 	mov	r9, r6
    2a98:	e5958030 	ldr	r8, [r5, #48]	@ 0x30
    2a9c:	e59fc6b8 	ldr	ip, [pc, #1720]	@ 0x315c
    2aa0:	e159000c 	cmp	r9, ip
    2aa4:	8a00001f 	bhi	0x2b28
    2aa8:	e7987009 	ldr	r7, [r8, r9]
    2aac:	e2470040 	sub	r0, r7, #64	@ 0x40
    2ab0:	e1a08006 	mov	r8, r6
    2ab4:	e5957030 	ldr	r7, [r5, #48]	@ 0x30
    2ab8:	e59fc69c 	ldr	ip, [pc, #1692]	@ 0x315c
    2abc:	e158000c 	cmp	r8, ip
    2ac0:	8a000018 	bhi	0x2b28
    2ac4:	e7870008 	str	r0, [r7, r8]
    2ac8:	ed840b00 	vstr	d0, [r4]
    2acc:	e59f0710 	ldr	r0, [pc, #1808]	@ 0x31e4
    2ad0:	ea000012 	b	0x2b20
    2ad4:	e2411c03 	sub	r1, r1, #768	@ 0x300
    2ad8:	e24110fe 	sub	r1, r1, #254	@ 0xfe
    2adc:	e5950030 	ldr	r0, [r5, #48]	@ 0x30
    2ae0:	e59fc674 	ldr	ip, [pc, #1652]	@ 0x315c
    2ae4:	e156000c 	cmp	r6, ip
    2ae8:	8a00000e 	bhi	0x2b28
    2aec:	e7801006 	str	r1, [r0, r6]
    2af0:	e3c22000 	bic	r2, r2, #0
    2af4:	e3e0c207 	mvn	ip, #1879048192	@ 0x70000000
    2af8:	e3ccc6ff 	bic	ip, ip, #267386880	@ 0xff00000
    2afc:	e003300c 	and	r3, r3, ip
    2b00:	e3822000 	orr	r2, r2, #0
    2b04:	e3833203 	orr	r3, r3, #805306368	@ 0x30000000
    2b08:	e38336fe 	orr	r3, r3, #266338304	@ 0xfe00000
    2b0c:	ec432a10 	vmov	s0, s1, r2, r3
    2b10:	ed840b00 	vstr	d0, [r4]
    2b14:	e59f06cc 	ldr	r0, [pc, #1740]	@ 0x31e8
    2b18:	e30ccabc 	movw	ip, #51900	@ 0xcabc
    2b1c:	e34ccdef 	movt	ip, #52719	@ 0xcdef
    2b20:	e28dd004 	add	sp, sp, #4
    2b24:	e8bd83c0 	pop	{r6, r7, r8, r9, pc}
    2b28:	e3a00008 	mov	r0, #8
    2b2c:	e59d1000 	ldr	r1, [sp]
    2b30:	e5810010 	str	r0, [r1, #16]
    2b34:	e59d0000 	ldr	r0, [sp]
    2b38:	e59d1014 	ldr	r1, [sp, #20]
    2b3c:	e59fc6a8 	ldr	ip, [pc, #1704]	@ 0x31ec
    2b40:	e12fff3c 	blx	ip
    2b44:	e28dd004 	add	sp, sp, #4
    2b48:	e8bd03c0 	pop	{r6, r7, r8, r9}
    2b4c:	e28dd004 	add	sp, sp, #4
    2b50:	e12fff10 	bx	r0
    2b54:	e92d4fc0 	push	{r6, r7, r8, r9, sl, fp, lr}
    2b58:	e24dd004 	sub	sp, sp, #4
    2b5c:	e58d0000 	str	r0, [sp]
    2b60:	e30cc123 	movw	ip, #49443	@ 0xc123
    2b64:	e34cc456 	movt	ip, #50262	@ 0xc456
    2b68:	e5946000 	ldr	r6, [r4]
    2b6c:	e5947004 	ldr	r7, [r4, #4]
    2b70:	e5948008 	ldr	r8, [r4, #8]
    2b74:	e1a02008 	mov	r2, r8
    2b78:	e5951030 	ldr	r1, [r5, #48]	@ 0x30
    2b7c:	e2922010 	adds	r2, r2, #16
    2b80:	2a00009f 	bcs	0x2e04
    2b84:	e59fc5d0 	ldr	ip, [pc, #1488]	@ 0x315c
    2b88:	e152000c 	cmp	r2, ip
    2b8c:	8a00009c 	bhi	0x2e04
    2b90:	e7910002 	ldr	r0, [r1, r2]
    2b94:	e1a01000 	mov	r1, r0
    2b98:	e3500000 	cmp	r0, #0
    2b9c:	1a000013 	bne	0x2bf0
    2ba0:	e3a09000 	mov	r9, #0
    2ba4:	e5848008 	str	r8, [r4, #8]
    2ba8:	e59f0640 	ldr	r0, [pc, #1600]	@ 0x31f0
    2bac:	e1a01004 	mov	r1, r4
    2bb0:	e59d2000 	ldr	r2, [sp]
    2bb4:	e59fc638 	ldr	ip, [pc, #1592]	@ 0x31f4
    2bb8:	e12fff3c 	blx	ip
    2bbc:	e3500000 	cmp	r0, #0
    2bc0:	1a000092 	bne	0x2e10
    2bc4:	e5940024 	ldr	r0, [r4, #36]	@ 0x24
    2bc8:	e3500000 	cmp	r0, #0
    2bcc:	1a000086 	bne	0x2dec
    2bd0:	e1a02008 	mov	r2, r8
    2bd4:	e5950030 	ldr	r0, [r5, #48]	@ 0x30
    2bd8:	e2922010 	adds	r2, r2, #16
    2bdc:	2a000088 	bcs	0x2e04
    2be0:	e59fc574 	ldr	ip, [pc, #1396]	@ 0x315c
    2be4:	e152000c 	cmp	r2, ip
    2be8:	8a000085 	bhi	0x2e04
    2bec:	e7901002 	ldr	r1, [r0, r2]
    2bf0:	e1a03008 	mov	r3, r8
    2bf4:	e5952030 	ldr	r2, [r5, #48]	@ 0x30
    2bf8:	e2933014 	adds	r3, r3, #20
    2bfc:	2a000080 	bcs	0x2e04
    2c00:	e59fc554 	ldr	ip, [pc, #1364]	@ 0x315c
    2c04:	e153000c 	cmp	r3, ip
    2c08:	8a00007d 	bhi	0x2e04
    2c0c:	e7920003 	ldr	r0, [r2, r3]
    2c10:	e1a02000 	mov	r2, r0
    2c14:	e0411000 	sub	r1, r1, r0
    2c18:	e1570001 	cmp	r7, r1
    2c1c:	9a000016 	bls	0x2c7c
    2c20:	e1a03008 	mov	r3, r8
    2c24:	e5951030 	ldr	r1, [r5, #48]	@ 0x30
    2c28:	e2933024 	adds	r3, r3, #36	@ 0x24
    2c2c:	2a000074 	bcs	0x2e04
    2c30:	e59fc524 	ldr	ip, [pc, #1316]	@ 0x315c
    2c34:	e153000c 	cmp	r3, ip
    2c38:	8a000071 	bhi	0x2e04
    2c3c:	e7910003 	ldr	r0, [r1, r3]
    2c40:	e5848008 	str	r8, [r4, #8]
    2c44:	e5846000 	str	r6, [r4]
    2c48:	e5847004 	str	r7, [r4, #4]
    2c4c:	e5840030 	str	r0, [r4, #48]	@ 0x30
    2c50:	e59f05a0 	ldr	r0, [pc, #1440]	@ 0x31f8
    2c54:	e1a01004 	mov	r1, r4
    2c58:	e59d2000 	ldr	r2, [sp]
    2c5c:	e59fc598 	ldr	ip, [pc, #1432]	@ 0x31fc
    2c60:	e12fff3c 	blx	ip
    2c64:	e3500000 	cmp	r0, #0
    2c68:	1a000068 	bne	0x2e10
    2c6c:	e5940024 	ldr	r0, [r4, #36]	@ 0x24
    2c70:	e5840024 	str	r0, [r4, #36]	@ 0x24
    2c74:	e59f0584 	ldr	r0, [pc, #1412]	@ 0x3200
    2c78:	ea00005f 	b	0x2dfc
    2c7c:	e1a03008 	mov	r3, r8
    2c80:	e5951030 	ldr	r1, [r5, #48]	@ 0x30
    2c84:	e2933050 	adds	r3, r3, #80	@ 0x50
    2c88:	2a00005d 	bcs	0x2e04
    2c8c:	e59fc4c8 	ldr	ip, [pc, #1224]	@ 0x315c
    2c90:	e153000c 	cmp	r3, ip
    2c94:	8a00005a 	bhi	0x2e04
    2c98:	e7910003 	ldr	r0, [r1, r3]
    2c9c:	e3500000 	cmp	r0, #0
    2ca0:	ba000034 	blt	0x2d78
    2ca4:	e3570000 	cmp	r7, #0
    2ca8:	0a000032 	beq	0x2d78
    2cac:	e1a0a007 	mov	sl, r7
    2cb0:	e086000a 	add	r0, r6, sl
    2cb4:	e1a0b000 	mov	fp, r0
    2cb8:	e2400001 	sub	r0, r0, #1
    2cbc:	e1a03000 	mov	r3, r0
    2cc0:	e5951030 	ldr	r1, [r5, #48]	@ 0x30
    2cc4:	e3e0c4fe 	mvn	ip, #-33554432	@ 0xfe000000
    2cc8:	e3ccc8fe 	bic	ip, ip, #16646144	@ 0xfe0000
    2ccc:	e153000c 	cmp	r3, ip
    2cd0:	8a00004b 	bhi	0x2e04
    2cd4:	e7d10003 	ldrb	r0, [r1, r3]
    2cd8:	e350000a 	cmp	r0, #10
    2cdc:	0a000004 	beq	0x2cf4
    2ce0:	e24a0001 	sub	r0, sl, #1
    2ce4:	e1a0a000 	mov	sl, r0
    2ce8:	e3500000 	cmp	r0, #0
    2cec:	0a000021 	beq	0x2d78
    2cf0:	eaffffee 	b	0x2cb0
    2cf4:	e1a03008 	mov	r3, r8
    2cf8:	e5951030 	ldr	r1, [r5, #48]	@ 0x30
    2cfc:	e2933024 	adds	r3, r3, #36	@ 0x24
    2d00:	2a00003f 	bcs	0x2e04
    2d04:	e59fc450 	ldr	ip, [pc, #1104]	@ 0x315c
    2d08:	e153000c 	cmp	r3, ip
    2d0c:	8a00003c 	bhi	0x2e04
    2d10:	e7910003 	ldr	r0, [r1, r3]
    2d14:	e5848008 	str	r8, [r4, #8]
    2d18:	e5846000 	str	r6, [r4]
    2d1c:	e584a00c 	str	sl, [r4, #12]
    2d20:	e5840030 	str	r0, [r4, #48]	@ 0x30
    2d24:	e59f04d8 	ldr	r0, [pc, #1240]	@ 0x3204
    2d28:	e1a01004 	mov	r1, r4
    2d2c:	e59d2000 	ldr	r2, [sp]
    2d30:	e59fc4d0 	ldr	ip, [pc, #1232]	@ 0x3208
    2d34:	e12fff3c 	blx	ip
    2d38:	e3500000 	cmp	r0, #0
    2d3c:	1a000033 	bne	0x2e10
    2d40:	e5940024 	ldr	r0, [r4, #36]	@ 0x24
    2d44:	e1a09000 	mov	r9, r0
    2d48:	e150000a 	cmp	r0, sl
    2d4c:	3a000026 	bcc	0x2dec
    2d50:	e047700a 	sub	r7, r7, sl
    2d54:	e1a01008 	mov	r1, r8
    2d58:	e5950030 	ldr	r0, [r5, #48]	@ 0x30
    2d5c:	e2911014 	adds	r1, r1, #20
    2d60:	2a000027 	bcs	0x2e04
    2d64:	e59fc3f0 	ldr	ip, [pc, #1008]	@ 0x315c
    2d68:	e151000c 	cmp	r1, ip
    2d6c:	8a000024 	bhi	0x2e04
    2d70:	e7902001 	ldr	r2, [r0, r1]
    2d74:	ea000001 	b	0x2d80
    2d78:	e1a0b006 	mov	fp, r6
    2d7c:	e3a0a000 	mov	sl, #0
    2d80:	e5842010 	str	r2, [r4, #16]
    2d84:	e584b014 	str	fp, [r4, #20]
    2d88:	e5847004 	str	r7, [r4, #4]
    2d8c:	e59f0478 	ldr	r0, [pc, #1144]	@ 0x320c
    2d90:	e1a01004 	mov	r1, r4
    2d94:	e59d2000 	ldr	r2, [sp]
    2d98:	e59fc470 	ldr	ip, [pc, #1136]	@ 0x3210
    2d9c:	e12fff3c 	blx	ip
    2da0:	e3500000 	cmp	r0, #0
    2da4:	1a000019 	bne	0x2e10
    2da8:	e1a02008 	mov	r2, r8
    2dac:	e5951030 	ldr	r1, [r5, #48]	@ 0x30
    2db0:	e2922014 	adds	r2, r2, #20
    2db4:	2a000012 	bcs	0x2e04
    2db8:	e59fc39c 	ldr	ip, [pc, #924]	@ 0x315c
    2dbc:	e152000c 	cmp	r2, ip
    2dc0:	8a00000f 	bhi	0x2e04
    2dc4:	e7910002 	ldr	r0, [r1, r2]
    2dc8:	e0800007 	add	r0, r0, r7
    2dcc:	e5951030 	ldr	r1, [r5, #48]	@ 0x30
    2dd0:	e2988014 	adds	r8, r8, #20
    2dd4:	2a00000a 	bcs	0x2e04
    2dd8:	e59fc37c 	ldr	ip, [pc, #892]	@ 0x315c
    2ddc:	e158000c 	cmp	r8, ip
    2de0:	8a000007 	bhi	0x2e04
    2de4:	e7810008 	str	r0, [r1, r8]
    2de8:	e08a9007 	add	r9, sl, r7
    2dec:	e5849010 	str	r9, [r4, #16]
    2df0:	e59f041c 	ldr	r0, [pc, #1052]	@ 0x3214
    2df4:	e30ccabc 	movw	ip, #51900	@ 0xcabc
    2df8:	e34ccdef 	movt	ip, #52719	@ 0xcdef
    2dfc:	e28dd004 	add	sp, sp, #4
    2e00:	e8bd8fc0 	pop	{r6, r7, r8, r9, sl, fp, pc}
    2e04:	e3a00008 	mov	r0, #8
    2e08:	e59d1000 	ldr	r1, [sp]
    2e0c:	e5810010 	str	r0, [r1, #16]
    2e10:	e59d0000 	ldr	r0, [sp]
    2e14:	e59d101c 	ldr	r1, [sp, #28]
    2e18:	e59fc3f8 	ldr	ip, [pc, #1016]	@ 0x3218
    2e1c:	e12fff3c 	blx	ip
    2e20:	e28dd004 	add	sp, sp, #4
    2e24:	e8bd0fc0 	pop	{r6, r7, r8, r9, sl, fp}
    2e28:	e28dd004 	add	sp, sp, #4
    2e2c:	e12fff10 	bx	r0
    2e30:	e92d4fc0 	push	{r6, r7, r8, r9, sl, fp, lr}
    2e34:	e24dd004 	sub	sp, sp, #4
    2e38:	e58d0000 	str	r0, [sp]
    2e3c:	e30cc123 	movw	ip, #49443	@ 0xc123
    2e40:	e34cc456 	movt	ip, #50262	@ 0xc456
    2e44:	e5947004 	ldr	r7, [r4, #4]
    2e48:	e5940008 	ldr	r0, [r4, #8]
    2e4c:	e594800c 	ldr	r8, [r4, #12]
    2e50:	e5949010 	ldr	r9, [r4, #16]
    2e54:	e595e03c 	ldr	lr, [r5, #60]	@ 0x3c
    2e58:	e59e1008 	ldr	r1, [lr, #8]
    2e5c:	e24110d0 	sub	r1, r1, #208	@ 0xd0
    2e60:	e5841014 	str	r1, [r4, #20]
    2e64:	e595203c 	ldr	r2, [r5, #60]	@ 0x3c
    2e68:	e5821008 	str	r1, [r2, #8]
    2e6c:	e5942014 	ldr	r2, [r4, #20]
    2e70:	e5951030 	ldr	r1, [r5, #48]	@ 0x30
    2e74:	e29220cc 	adds	r2, r2, #204	@ 0xcc
    2e78:	2a000176 	bcs	0x3458
    2e7c:	e59fc2d8 	ldr	ip, [pc, #728]	@ 0x315c
    2e80:	e152000c 	cmp	r2, ip
    2e84:	8a000173 	bhi	0x3458
    2e88:	e7810002 	str	r0, [r1, r2]
    2e8c:	e594c014 	ldr	ip, [r4, #20]
    2e90:	e28c00a0 	add	r0, ip, #160	@ 0xa0
    2e94:	e3a01000 	mov	r1, #0
    2e98:	e3a02028 	mov	r2, #40	@ 0x28
    2e9c:	e5953028 	ldr	r3, [r5, #40]	@ 0x28
    2ea0:	e59fc374 	ldr	ip, [pc, #884]	@ 0x321c
    2ea4:	e12fff3c 	blx	ip
    2ea8:	e3500000 	cmp	r0, #0
    2eac:	1a00016a 	bne	0x345c
    2eb0:	e5942014 	ldr	r2, [r4, #20]
    2eb4:	e5951030 	ldr	r1, [r5, #48]	@ 0x30
    2eb8:	e29220cc 	adds	r2, r2, #204	@ 0xcc
    2ebc:	2a000165 	bcs	0x3458
    2ec0:	e59fc294 	ldr	ip, [pc, #660]	@ 0x315c
    2ec4:	e152000c 	cmp	r2, ip
    2ec8:	8a000162 	bhi	0x3458
    2ecc:	e7910002 	ldr	r0, [r1, r2]
    2ed0:	e5942014 	ldr	r2, [r4, #20]
    2ed4:	e5951030 	ldr	r1, [r5, #48]	@ 0x30
    2ed8:	e29220c8 	adds	r2, r2, #200	@ 0xc8
    2edc:	2a00015d 	bcs	0x3458
    2ee0:	e59fc274 	ldr	ip, [pc, #628]	@ 0x315c
    2ee4:	e152000c 	cmp	r2, ip
    2ee8:	8a00015a 	bhi	0x3458
    2eec:	e7810002 	str	r0, [r1, r2]
    2ef0:	e594c014 	ldr	ip, [r4, #20]
    2ef4:	e28c00c8 	add	r0, ip, #200	@ 0xc8
    2ef8:	e594c014 	ldr	ip, [r4, #20]
    2efc:	e28c1050 	add	r1, ip, #80	@ 0x50
    2f00:	e594c014 	ldr	ip, [r4, #20]
    2f04:	e28c20a0 	add	r2, ip, #160	@ 0xa0
    2f08:	e3a0e000 	mov	lr, #0
    2f0c:	e584e024 	str	lr, [r4, #36]	@ 0x24
    2f10:	e5847004 	str	r7, [r4, #4]
    2f14:	e5840044 	str	r0, [r4, #68]	@ 0x44
    2f18:	e5841048 	str	r1, [r4, #72]	@ 0x48
    2f1c:	e584204c 	str	r2, [r4, #76]	@ 0x4c
    2f20:	e584800c 	str	r8, [r4, #12]
    2f24:	e5849010 	str	r9, [r4, #16]
    2f28:	e59f02f0 	ldr	r0, [pc, #752]	@ 0x3220
    2f2c:	e1a01004 	mov	r1, r4
    2f30:	e59d2000 	ldr	r2, [sp]
    2f34:	e59fc2e8 	ldr	ip, [pc, #744]	@ 0x3224
    2f38:	e12fff3c 	blx	ip
    2f3c:	e3500000 	cmp	r0, #0
    2f40:	1a000147 	bne	0x3464
    2f44:	e594003c 	ldr	r0, [r4, #60]	@ 0x3c
    2f48:	e3500000 	cmp	r0, #0
    2f4c:	aa000002 	bge	0x2f5c
    2f50:	e3e0e000 	mvn	lr, #0
    2f54:	e584e010 	str	lr, [r4, #16]
    2f58:	ea000135 	b	0x3434
    2f5c:	e5942000 	ldr	r2, [r4]
    2f60:	e5951030 	ldr	r1, [r5, #48]	@ 0x30
    2f64:	e292204c 	adds	r2, r2, #76	@ 0x4c
    2f68:	2a00013a 	bcs	0x3458
    2f6c:	e59fc1e8 	ldr	ip, [pc, #488]	@ 0x315c
    2f70:	e152000c 	cmp	r2, ip
    2f74:	8a000137 	bhi	0x3458
    2f78:	e7910002 	ldr	r0, [r1, r2]
    2f7c:	e3500000 	cmp	r0, #0
    2f80:	aa000002 	bge	0x2f90
    2f84:	e3a0e001 	mov	lr, #1
    2f88:	e584e018 	str	lr, [r4, #24]
    2f8c:	ea00000b 	b	0x2fc0
    2f90:	e59f0290 	ldr	r0, [pc, #656]	@ 0x3228
    2f94:	e1a01004 	mov	r1, r4
    2f98:	e59d2000 	ldr	r2, [sp]
    2f9c:	e59fc288 	ldr	ip, [pc, #648]	@ 0x322c
    2fa0:	e12fff3c 	blx	ip
    2fa4:	e3500000 	cmp	r0, #0
    2fa8:	1a00012d 	bne	0x3464
    2fac:	e594003c 	ldr	r0, [r4, #60]	@ 0x3c
    2fb0:	e3500000 	cmp	r0, #0
    2fb4:	e3a0c000 	mov	ip, #0
    2fb8:	03a0c001 	moveq	ip, #1
    2fbc:	e584c018 	str	ip, [r4, #24]
    2fc0:	e5942000 	ldr	r2, [r4]
    2fc4:	e5951030 	ldr	r1, [r5, #48]	@ 0x30
    2fc8:	e59fc18c 	ldr	ip, [pc, #396]	@ 0x315c
    2fcc:	e152000c 	cmp	r2, ip
    2fd0:	8a000120 	bhi	0x3458
    2fd4:	e7910002 	ldr	r0, [r1, r2]
    2fd8:	e1a0a000 	mov	sl, r0
    2fdc:	e3c00020 	bic	r0, r0, #32
    2fe0:	e5942000 	ldr	r2, [r4]
    2fe4:	e5951030 	ldr	r1, [r5, #48]	@ 0x30
    2fe8:	e59fc16c 	ldr	ip, [pc, #364]	@ 0x315c
    2fec:	e152000c 	cmp	r2, ip
    2ff0:	8a000118 	bhi	0x3458
    2ff4:	e7810002 	str	r0, [r1, r2]
    2ff8:	e5942000 	ldr	r2, [r4]
    2ffc:	e5951030 	ldr	r1, [r5, #48]	@ 0x30
    3000:	e2922030 	adds	r2, r2, #48	@ 0x30
    3004:	2a000113 	bcs	0x3458
    3008:	e59fc14c 	ldr	ip, [pc, #332]	@ 0x315c
    300c:	e152000c 	cmp	r2, ip
    3010:	8a000110 	bhi	0x3458
    3014:	e7910002 	ldr	r0, [r1, r2]
    3018:	e3500000 	cmp	r0, #0
    301c:	1a00002f 	bne	0x30e0
    3020:	e5941000 	ldr	r1, [r4]
    3024:	e5950030 	ldr	r0, [r5, #48]	@ 0x30
    3028:	e2911030 	adds	r1, r1, #48	@ 0x30
    302c:	2a000109 	bcs	0x3458
    3030:	e59fc124 	ldr	ip, [pc, #292]	@ 0x315c
    3034:	e151000c 	cmp	r1, ip
    3038:	8a000106 	bhi	0x3458
    303c:	e3a0e050 	mov	lr, #80	@ 0x50
    3040:	e780e001 	str	lr, [r0, r1]
    3044:	e5941000 	ldr	r1, [r4]
    3048:	e5950030 	ldr	r0, [r5, #48]	@ 0x30
    304c:	e291101c 	adds	r1, r1, #28
    3050:	2a000100 	bcs	0x3458
    3054:	e59fc100 	ldr	ip, [pc, #256]	@ 0x315c
    3058:	e151000c 	cmp	r1, ip
    305c:	8a0000fd 	bhi	0x3458
    3060:	e3a0e000 	mov	lr, #0
    3064:	e780e001 	str	lr, [r0, r1]
    3068:	e5941000 	ldr	r1, [r4]
    306c:	e5950030 	ldr	r0, [r5, #48]	@ 0x30
    3070:	e2911010 	adds	r1, r1, #16
    3074:	2a0000f7 	bcs	0x3458
    3078:	e59fc0b8 	ldr	ip, [pc, #184]	@ 0x3138
    307c:	e151000c 	cmp	r1, ip
    3080:	8a0000f4 	bhi	0x3458
    3084:	e0800001 	add	r0, r0, r1
    3088:	e3a01000 	mov	r1, #0
    308c:	e3a02000 	mov	r2, #0
    3090:	e5802000 	str	r2, [r0]
    3094:	e5801004 	str	r1, [r0, #4]
    3098:	e5941000 	ldr	r1, [r4]
    309c:	e5950030 	ldr	r0, [r5, #48]	@ 0x30
    30a0:	e291102c 	adds	r1, r1, #44	@ 0x2c
    30a4:	2a0000eb 	bcs	0x3458
    30a8:	e59fc0ac 	ldr	ip, [pc, #172]	@ 0x315c
    30ac:	e151000c 	cmp	r1, ip
    30b0:	8a0000e8 	bhi	0x3458
    30b4:	e7906001 	ldr	r6, [r0, r1]
    30b8:	e5941000 	ldr	r1, [r4]
    30bc:	e5950030 	ldr	r0, [r5, #48]	@ 0x30
    30c0:	e5942014 	ldr	r2, [r4, #20]
    30c4:	e291102c 	adds	r1, r1, #44	@ 0x2c
    30c8:	2a0000e2 	bcs	0x3458
    30cc:	e59fc088 	ldr	ip, [pc, #136]	@ 0x315c
    30d0:	e151000c 	cmp	r1, ip
    30d4:	8a0000df 	bhi	0x3458
    30d8:	e7802001 	str	r2, [r0, r1]
    30dc:	ea00000a 	b	0x310c
    30e0:	e3a06000 	mov	r6, #0
    30e4:	e5942000 	ldr	r2, [r4]
    30e8:	e5951030 	ldr	r1, [r5, #48]	@ 0x30
    30ec:	e2922010 	adds	r2, r2, #16
    30f0:	2a0000d8 	bcs	0x3458
    30f4:	e59fc060 	ldr	ip, [pc, #96]	@ 0x315c
    30f8:	e152000c 	cmp	r2, ip
    30fc:	8a0000d5 	bhi	0x3458
    3100:	e7910002 	ldr	r0, [r1, r2]
    3104:	e3500000 	cmp	r0, #0
    3108:	1a000051 	bne	0x3254
    310c:	e3e0b000 	mvn	fp, #0
    3110:	e59f0118 	ldr	r0, [pc, #280]	@ 0x3230
    3114:	e1a01004 	mov	r1, r4
    3118:	ea000045 	b	0x3234
	...
    3138:	0101fff8 	strdeq	pc, [r1, -r8]
    313c:	003fbe68 	eorseq	fp, pc, r8, ror #28
    3140:	00047eac 	andeq	r7, r4, ip, lsr #29
    3144:	003f86b8 	ldrhteq	r8, [pc], -r8
    3148:	000487b4 			@ <UNDEFINED> instruction: 0x000487b4
    314c:	003f8438 	eorseq	r8, pc, r8, lsr r4	@ <UNPREDICTABLE>
    3150:	00047eac 	andeq	r7, r4, ip, lsr #29
    3154:	003f2bb4 	ldrhteq	r2, [pc], -r4
    3158:	000487b4 			@ <UNDEFINED> instruction: 0x000487b4
    315c:	0101fffc 	strdeq	pc, [r1, -ip]
    3160:	003f2be0 	eorseq	r2, pc, r0, ror #23
    3164:	000487b4 			@ <UNDEFINED> instruction: 0x000487b4
    3168:	003f2c1c 	eorseq	r2, pc, ip, lsl ip	@ <UNPREDICTABLE>
    316c:	000487b4 			@ <UNDEFINED> instruction: 0x000487b4
    3170:	003f2c38 	eorseq	r2, pc, r8, lsr ip	@ <UNPREDICTABLE>
    3174:	000487b4 			@ <UNDEFINED> instruction: 0x000487b4
    3178:	003f2c54 	eorseq	r2, pc, r4, asr ip	@ <UNPREDICTABLE>
    317c:	000487b4 			@ <UNDEFINED> instruction: 0x000487b4
    3180:	003f2c6c 	eorseq	r2, pc, ip, ror #24
    3184:	00047eac 	andeq	r7, r4, ip, lsr #29
    3188:	003faed8 	ldrsbteq	sl, [pc], -r8
    318c:	000487b4 			@ <UNDEFINED> instruction: 0x000487b4
    3190:	003faf24 	eorseq	sl, pc, r4, lsr #30
    3194:	00048af0 	strdeq	r8, [r4], -r0
    3198:	003fafa0 	eorseq	sl, pc, r0, lsr #31
    319c:	00048af0 	strdeq	r8, [r4], -r0
    31a0:	003fafc8 	eorseq	sl, pc, r8, asr #31
    31a4:	00047eac 	andeq	r7, r4, ip, lsr #29
    31a8:	003f9664 	eorseq	r9, pc, r4, ror #12
    31ac:	003f96cc 	eorseq	r9, pc, ip, asr #13
    31b0:	00047eac 	andeq	r7, r4, ip, lsr #29
    31b4:	01010101 	tsteq	r1, r1, lsl #2
    31b8:	01010100 	mrseq	r0, (UNDEF: 17)
    31bc:	80808080 	addhi	r8, r0, r0, lsl #1
    31c0:	003fc6a4 	eorseq	ip, pc, r4, lsr #13
    31c4:	003fc6dc 	ldrsbteq	ip, [pc], -ip
    31c8:	00047eac 	andeq	r7, r4, ip, lsr #29
    31cc:	003f209c 	mlaseq	pc, ip, r0, r2	@ <UNPREDICTABLE>
    31d0:	000487b4 			@ <UNDEFINED> instruction: 0x000487b4
    31d4:	003f20dc 	ldrsbteq	r2, [pc], -ip
    31d8:	00047eac 	andeq	r7, r4, ip, lsr #29
    31dc:	003fa41c 	eorseq	sl, pc, ip, lsl r4	@ <UNPREDICTABLE>
    31e0:	000487b4 			@ <UNDEFINED> instruction: 0x000487b4
    31e4:	003fa460 	eorseq	sl, pc, r0, ror #8
    31e8:	003fa4cc 	eorseq	sl, pc, ip, asr #9
    31ec:	00047eac 	andeq	r7, r4, ip, lsr #29
    31f0:	003fd064 	eorseq	sp, pc, r4, rrx
    31f4:	000487b4 			@ <UNDEFINED> instruction: 0x000487b4
    31f8:	003fd0d0 	ldrsbteq	sp, [pc], -r0
    31fc:	00048af0 	strdeq	r8, [r4], -r0
    3200:	003fd0f4 	ldrshteq	sp, [pc], -r4
    3204:	003fd1a8 	eorseq	sp, pc, r8, lsr #3
    3208:	00048af0 	strdeq	r8, [r4], -r0
    320c:	003fd214 	eorseq	sp, pc, r4, lsl r2	@ <UNPREDICTABLE>
    3210:	000487b4 			@ <UNDEFINED> instruction: 0x000487b4
    3214:	003fd260 	eorseq	sp, pc, r0, ror #4
    3218:	00047eac 	andeq	r7, r4, ip, lsr #29
    321c:	00049934 	andeq	r9, r4, r4, lsr r9
    3220:	003fd79c 	mlaseq	pc, ip, r7, sp	@ <UNPREDICTABLE>
    3224:	000487b4 			@ <UNDEFINED> instruction: 0x000487b4
    3228:	003fd81c 	eorseq	sp, pc, ip, lsl r8	@ <UNPREDICTABLE>
    322c:	000487b4 			@ <UNDEFINED> instruction: 0x000487b4
    3230:	003fd8fc 	ldrshteq	sp, [pc], -ip
    3234:	e59d2000 	ldr	r2, [sp]
    3238:	e59fcff8 	ldr	ip, [pc, #4088]	@ 0x4238
    323c:	e12fff3c 	blx	ip
    3240:	e3500000 	cmp	r0, #0
    3244:	1a000086 	bne	0x3464
    3248:	e594003c 	ldr	r0, [r4, #60]	@ 0x3c
    324c:	e3500000 	cmp	r0, #0
    3250:	1a000014 	bne	0x32a8
    3254:	e594c014 	ldr	ip, [r4, #20]
    3258:	e28c00c8 	add	r0, ip, #200	@ 0xc8
    325c:	e594c014 	ldr	ip, [r4, #20]
    3260:	e28c1050 	add	r1, ip, #80	@ 0x50
    3264:	e594c014 	ldr	ip, [r4, #20]
    3268:	e28c20a0 	add	r2, ip, #160	@ 0xa0
    326c:	e5847004 	str	r7, [r4, #4]
    3270:	e5840044 	str	r0, [r4, #68]	@ 0x44
    3274:	e5841048 	str	r1, [r4, #72]	@ 0x48
    3278:	e584204c 	str	r2, [r4, #76]	@ 0x4c
    327c:	e584800c 	str	r8, [r4, #12]
    3280:	e5849010 	str	r9, [r4, #16]
    3284:	e59f0fb0 	ldr	r0, [pc, #4016]	@ 0x423c
    3288:	e1a01004 	mov	r1, r4
    328c:	e59d2000 	ldr	r2, [sp]
    3290:	e59fcfa8 	ldr	ip, [pc, #4008]	@ 0x4240
    3294:	e12fff3c 	blx	ip
    3298:	e3500000 	cmp	r0, #0
    329c:	1a000070 	bne	0x3464
    32a0:	e594003c 	ldr	r0, [r4, #60]	@ 0x3c
    32a4:	e1a0b000 	mov	fp, r0
    32a8:	e20aa020 	and	sl, sl, #32
    32ac:	e3560000 	cmp	r6, #0
    32b0:	0a000043 	beq	0x33c4
    32b4:	e5942000 	ldr	r2, [r4]
    32b8:	e5951030 	ldr	r1, [r5, #48]	@ 0x30
    32bc:	e2922024 	adds	r2, r2, #36	@ 0x24
    32c0:	2a000064 	bcs	0x3458
    32c4:	e59fcf78 	ldr	ip, [pc, #3960]	@ 0x4244
    32c8:	e152000c 	cmp	r2, ip
    32cc:	8a000061 	bhi	0x3458
    32d0:	e7910002 	ldr	r0, [r1, r2]
    32d4:	e3a0e000 	mov	lr, #0
    32d8:	e584e024 	str	lr, [r4, #36]	@ 0x24
    32dc:	e3a0e000 	mov	lr, #0
    32e0:	e584e024 	str	lr, [r4, #36]	@ 0x24
    32e4:	e5840048 	str	r0, [r4, #72]	@ 0x48
    32e8:	e59f0f58 	ldr	r0, [pc, #3928]	@ 0x4248
    32ec:	e1a01004 	mov	r1, r4
    32f0:	e59d2000 	ldr	r2, [sp]
    32f4:	e59fcf50 	ldr	ip, [pc, #3920]	@ 0x424c
    32f8:	e12fff3c 	blx	ip
    32fc:	e3500000 	cmp	r0, #0
    3300:	1a000057 	bne	0x3464
    3304:	e5941000 	ldr	r1, [r4]
    3308:	e5950030 	ldr	r0, [r5, #48]	@ 0x30
    330c:	e2911030 	adds	r1, r1, #48	@ 0x30
    3310:	2a000050 	bcs	0x3458
    3314:	e59fcf28 	ldr	ip, [pc, #3880]	@ 0x4244
    3318:	e151000c 	cmp	r1, ip
    331c:	8a00004d 	bhi	0x3458
    3320:	e3a0e000 	mov	lr, #0
    3324:	e780e001 	str	lr, [r0, r1]
    3328:	e5941000 	ldr	r1, [r4]
    332c:	e5950030 	ldr	r0, [r5, #48]	@ 0x30
    3330:	e291102c 	adds	r1, r1, #44	@ 0x2c
    3334:	2a000047 	bcs	0x3458
    3338:	e59fcf04 	ldr	ip, [pc, #3844]	@ 0x4244
    333c:	e151000c 	cmp	r1, ip
    3340:	8a000044 	bhi	0x3458
    3344:	e7806001 	str	r6, [r0, r1]
    3348:	e5941000 	ldr	r1, [r4]
    334c:	e5950030 	ldr	r0, [r5, #48]	@ 0x30
    3350:	e291101c 	adds	r1, r1, #28
    3354:	2a00003f 	bcs	0x3458
    3358:	e59fcee4 	ldr	ip, [pc, #3812]	@ 0x4244
    335c:	e151000c 	cmp	r1, ip
    3360:	8a00003c 	bhi	0x3458
    3364:	e3a0e000 	mov	lr, #0
    3368:	e780e001 	str	lr, [r0, r1]
    336c:	e5942000 	ldr	r2, [r4]
    3370:	e5951030 	ldr	r1, [r5, #48]	@ 0x30
    3374:	e2922014 	adds	r2, r2, #20
    3378:	2a000036 	bcs	0x3458
    337c:	e59fcec0 	ldr	ip, [pc, #3776]	@ 0x4244
    3380:	e152000c 	cmp	r2, ip
    3384:	8a000033 	bhi	0x3458
    3388:	e7910002 	ldr	r0, [r1, r2]
    338c:	e5942000 	ldr	r2, [r4]
    3390:	e5951030 	ldr	r1, [r5, #48]	@ 0x30
    3394:	e2922010 	adds	r2, r2, #16
    3398:	2a00002e 	bcs	0x3458
    339c:	e59fceac 	ldr	ip, [pc, #3756]	@ 0x4250
    33a0:	e152000c 	cmp	r2, ip
    33a4:	8a00002b 	bhi	0x3458
    33a8:	e0811002 	add	r1, r1, r2
    33ac:	e3a02000 	mov	r2, #0
    33b0:	e3a03000 	mov	r3, #0
    33b4:	e5813000 	str	r3, [r1]
    33b8:	e5812004 	str	r2, [r1, #4]
    33bc:	e3500000 	cmp	r0, #0
    33c0:	03e0b000 	mvneq	fp, #0
    33c4:	e5942000 	ldr	r2, [r4]
    33c8:	e5951030 	ldr	r1, [r5, #48]	@ 0x30
    33cc:	e59fce70 	ldr	ip, [pc, #3696]	@ 0x4244
    33d0:	e152000c 	cmp	r2, ip
    33d4:	8a00001f 	bhi	0x3458
    33d8:	e7910002 	ldr	r0, [r1, r2]
    33dc:	e1a01000 	mov	r1, r0
    33e0:	e180000a 	orr	r0, r0, sl
    33e4:	e5943000 	ldr	r3, [r4]
    33e8:	e5952030 	ldr	r2, [r5, #48]	@ 0x30
    33ec:	e59fce50 	ldr	ip, [pc, #3664]	@ 0x4244
    33f0:	e153000c 	cmp	r3, ip
    33f4:	8a000017 	bhi	0x3458
    33f8:	e7820003 	str	r0, [r2, r3]
    33fc:	e3110020 	tst	r1, #32
    3400:	e3e0e000 	mvn	lr, #0
    3404:	01a0e00b 	moveq	lr, fp
    3408:	e584e010 	str	lr, [r4, #16]
    340c:	e594c018 	ldr	ip, [r4, #24]
    3410:	e35c0000 	cmp	ip, #0
    3414:	1a000006 	bne	0x3434
    3418:	e59f0e34 	ldr	r0, [pc, #3636]	@ 0x4254
    341c:	e1a01004 	mov	r1, r4
    3420:	e59d2000 	ldr	r2, [sp]
    3424:	e59fce2c 	ldr	ip, [pc, #3628]	@ 0x4258
    3428:	e12fff3c 	blx	ip
    342c:	e3500000 	cmp	r0, #0
    3430:	1a00000b 	bne	0x3464
    3434:	e594c014 	ldr	ip, [r4, #20]
    3438:	e28c00d0 	add	r0, ip, #208	@ 0xd0
    343c:	e595103c 	ldr	r1, [r5, #60]	@ 0x3c
    3440:	e5810008 	str	r0, [r1, #8]
    3444:	e59f0e10 	ldr	r0, [pc, #3600]	@ 0x425c
    3448:	e30ccabc 	movw	ip, #51900	@ 0xcabc
    344c:	e34ccdef 	movt	ip, #52719	@ 0xcdef
    3450:	e28dd004 	add	sp, sp, #4
    3454:	e8bd8fc0 	pop	{r6, r7, r8, r9, sl, fp, pc}
    3458:	e3a00008 	mov	r0, #8
    345c:	e59d1000 	ldr	r1, [sp]
    3460:	e5810010 	str	r0, [r1, #16]
    3464:	e59d0000 	ldr	r0, [sp]
    3468:	e59d101c 	ldr	r1, [sp, #28]
    346c:	e59fcdec 	ldr	ip, [pc, #3564]	@ 0x4260
    3470:	e12fff3c 	blx	ip
    3474:	e28dd004 	add	sp, sp, #4
    3478:	e8bd0fc0 	pop	{r6, r7, r8, r9, sl, fp}
    347c:	e28dd004 	add	sp, sp, #4
    3480:	e12fff10 	bx	r0
    3484:	e92d4fc0 	push	{r6, r7, r8, r9, sl, fp, lr}
    3488:	e24dd004 	sub	sp, sp, #4
    348c:	e58d0000 	str	r0, [sp]
    3490:	e30cc123 	movw	ip, #49443	@ 0xc123
    3494:	e34cc456 	movt	ip, #50262	@ 0xc456
    3498:	e595e03c 	ldr	lr, [r5, #60]	@ 0x3c
    349c:	e59e0008 	ldr	r0, [lr, #8]
    34a0:	e2400040 	sub	r0, r0, #64	@ 0x40
    34a4:	e584001c 	str	r0, [r4, #28]
    34a8:	e595103c 	ldr	r1, [r5, #60]	@ 0x3c
    34ac:	e5810008 	str	r0, [r1, #8]
    34b0:	e594101c 	ldr	r1, [r4, #28]
    34b4:	e5950030 	ldr	r0, [r5, #48]	@ 0x30
    34b8:	e5942004 	ldr	r2, [r4, #4]
    34bc:	e291103c 	adds	r1, r1, #60	@ 0x3c
    34c0:	2a000611 	bcs	0x4d0c
    34c4:	e59fcd78 	ldr	ip, [pc, #3448]	@ 0x4244
    34c8:	e151000c 	cmp	r1, ip
    34cc:	8a00060e 	bhi	0x4d0c
    34d0:	e7802001 	str	r2, [r0, r1]
    34d4:	e594c01c 	ldr	ip, [r4, #28]
    34d8:	e28ce029 	add	lr, ip, #41	@ 0x29
    34dc:	e584e020 	str	lr, [r4, #32]
    34e0:	e594c01c 	ldr	ip, [r4, #28]
    34e4:	e28ce027 	add	lr, ip, #39	@ 0x27
    34e8:	e584e024 	str	lr, [r4, #36]	@ 0x24
    34ec:	e594c01c 	ldr	ip, [r4, #28]
    34f0:	e28ce028 	add	lr, ip, #40	@ 0x28
    34f4:	e584e028 	str	lr, [r4, #40]	@ 0x28
    34f8:	e3a0e000 	mov	lr, #0
    34fc:	e584e02c 	str	lr, [r4, #44]	@ 0x2c
    3500:	e3a0e000 	mov	lr, #0
    3504:	e584e030 	str	lr, [r4, #48]	@ 0x30
    3508:	e3a0e000 	mov	lr, #0
    350c:	e584e034 	str	lr, [r4, #52]	@ 0x34
    3510:	e594e004 	ldr	lr, [r4, #4]
    3514:	e584e038 	str	lr, [r4, #56]	@ 0x38
    3518:	e594c030 	ldr	ip, [r4, #48]	@ 0x30
    351c:	e3e0e480 	mvn	lr, #128, 8	@ 0x80000000
    3520:	e02c000e 	eor	r0, ip, lr
    3524:	e594c034 	ldr	ip, [r4, #52]	@ 0x34
    3528:	e15c0000 	cmp	ip, r0
    352c:	ca0005db 	bgt	0x4ca0
    3530:	e594e030 	ldr	lr, [r4, #48]	@ 0x30
    3534:	e594c034 	ldr	ip, [r4, #52]	@ 0x34
    3538:	e08ce00e 	add	lr, ip, lr
    353c:	e584e030 	str	lr, [r4, #48]	@ 0x30
    3540:	e594e038 	ldr	lr, [r4, #56]	@ 0x38
    3544:	e584e034 	str	lr, [r4, #52]	@ 0x34
    3548:	e5943038 	ldr	r3, [r4, #56]	@ 0x38
    354c:	e5952030 	ldr	r2, [r5, #48]	@ 0x30
    3550:	e3e0c4fe 	mvn	ip, #-33554432	@ 0xfe000000
    3554:	e3ccc8fe 	bic	ip, ip, #16646144	@ 0xfe0000
    3558:	e153000c 	cmp	r3, ip
    355c:	8a0005ea 	bhi	0x4d0c
    3560:	e7d21003 	ldrb	r1, [r2, r3]
    3564:	e584103c 	str	r1, [r4, #60]	@ 0x3c
    3568:	e3510000 	cmp	r1, #0
    356c:	0a00050f 	beq	0x49b0
    3570:	e594c03c 	ldr	ip, [r4, #60]	@ 0x3c
    3574:	e20c10ff 	and	r1, ip, #255	@ 0xff
    3578:	e1a03001 	mov	r3, r1
    357c:	e3510000 	cmp	r1, #0
    3580:	1a000002 	bne	0x3590
    3584:	e594e034 	ldr	lr, [r4, #52]	@ 0x34
    3588:	e584e004 	str	lr, [r4, #4]
    358c:	ea000020 	b	0x3614
    3590:	e3530025 	cmp	r3, #37	@ 0x25
    3594:	1a0004f7 	bne	0x4978
    3598:	e5941034 	ldr	r1, [r4, #52]	@ 0x34
    359c:	e1a08001 	mov	r8, r1
    35a0:	e5957030 	ldr	r7, [r5, #48]	@ 0x30
    35a4:	e2988001 	adds	r8, r8, #1
    35a8:	2a0005d7 	bcs	0x4d0c
    35ac:	e3e0c4fe 	mvn	ip, #-33554432	@ 0xfe000000
    35b0:	e3ccc8fe 	bic	ip, ip, #16646144	@ 0xfe0000
    35b4:	e158000c 	cmp	r8, ip
    35b8:	8a0005d3 	bhi	0x4d0c
    35bc:	e7d73008 	ldrb	r3, [r7, r8]
    35c0:	e3530025 	cmp	r3, #37	@ 0x25
    35c4:	0a000001 	beq	0x35d0
    35c8:	e5841004 	str	r1, [r4, #4]
    35cc:	ea000010 	b	0x3614
    35d0:	e594c034 	ldr	ip, [r4, #52]	@ 0x34
    35d4:	e28ce001 	add	lr, ip, #1
    35d8:	e584e034 	str	lr, [r4, #52]	@ 0x34
    35dc:	e1a08001 	mov	r8, r1
    35e0:	e5957030 	ldr	r7, [r5, #48]	@ 0x30
    35e4:	e2988002 	adds	r8, r8, #2
    35e8:	2a0005c7 	bcs	0x4d0c
    35ec:	e3e0c4fe 	mvn	ip, #-33554432	@ 0xfe000000
    35f0:	e3ccc8fe 	bic	ip, ip, #16646144	@ 0xfe0000
    35f4:	e158000c 	cmp	r8, ip
    35f8:	8a0005c3 	bhi	0x4d0c
    35fc:	e7d73008 	ldrb	r3, [r7, r8]
    3600:	e2817002 	add	r7, r1, #2
    3604:	e5847004 	str	r7, [r4, #4]
    3608:	e1a01007 	mov	r1, r7
    360c:	e3530025 	cmp	r3, #37	@ 0x25
    3610:	0affffe1 	beq	0x359c
    3614:	e594e038 	ldr	lr, [r4, #56]	@ 0x38
    3618:	e594c034 	ldr	ip, [r4, #52]	@ 0x34
    361c:	e04c100e 	sub	r1, ip, lr
    3620:	e5841034 	str	r1, [r4, #52]	@ 0x34
    3624:	e594c030 	ldr	ip, [r4, #48]	@ 0x30
    3628:	e3e0e480 	mvn	lr, #128, 8	@ 0x80000000
    362c:	e02c300e 	eor	r3, ip, lr
    3630:	e584303c 	str	r3, [r4, #60]	@ 0x3c
    3634:	e1510003 	cmp	r1, r3
    3638:	ca000598 	bgt	0x4ca0
    363c:	e594c000 	ldr	ip, [r4]
    3640:	e35c0000 	cmp	ip, #0
    3644:	0a000006 	beq	0x3664
    3648:	e59f0c14 	ldr	r0, [pc, #3092]	@ 0x4264
    364c:	e1a01004 	mov	r1, r4
    3650:	e59d2000 	ldr	r2, [sp]
    3654:	e59fcc0c 	ldr	ip, [pc, #3084]	@ 0x4268
    3658:	e12fff3c 	blx	ip
    365c:	e3500000 	cmp	r0, #0
    3660:	1a0005ac 	bne	0x4d18
    3664:	e594c034 	ldr	ip, [r4, #52]	@ 0x34
    3668:	e35c0000 	cmp	ip, #0
    366c:	1affffa7 	bne	0x3510
    3670:	e594301c 	ldr	r3, [r4, #28]
    3674:	e5951030 	ldr	r1, [r5, #48]	@ 0x30
    3678:	e5948004 	ldr	r8, [r4, #4]
    367c:	e293303c 	adds	r3, r3, #60	@ 0x3c
    3680:	2a0005a1 	bcs	0x4d0c
    3684:	e59fcbb8 	ldr	ip, [pc, #3000]	@ 0x4244
    3688:	e153000c 	cmp	r3, ip
    368c:	8a00059e 	bhi	0x4d0c
    3690:	e7818003 	str	r8, [r1, r3]
    3694:	e594c004 	ldr	ip, [r4, #4]
    3698:	e28c1001 	add	r1, ip, #1
    369c:	e3e08000 	mvn	r8, #0
    36a0:	e594a004 	ldr	sl, [r4, #4]
    36a4:	e5959030 	ldr	r9, [r5, #48]	@ 0x30
    36a8:	e29aa001 	adds	sl, sl, #1
    36ac:	2a000596 	bcs	0x4d0c
    36b0:	e3e0c4fe 	mvn	ip, #-33554432	@ 0xfe000000
    36b4:	e3ccc8fe 	bic	ip, ip, #16646144	@ 0xfe0000
    36b8:	e15a000c 	cmp	sl, ip
    36bc:	8a000592 	bhi	0x4d0c
    36c0:	e19930da 	ldrsb	r3, [r9, sl]
    36c4:	e2433030 	sub	r3, r3, #48	@ 0x30
    36c8:	e1a09003 	mov	r9, r3
    36cc:	e3530009 	cmp	r3, #9
    36d0:	8a00000f 	bhi	0x3714
    36d4:	e594b004 	ldr	fp, [r4, #4]
    36d8:	e595a030 	ldr	sl, [r5, #48]	@ 0x30
    36dc:	e29bb002 	adds	fp, fp, #2
    36e0:	2a000589 	bcs	0x4d0c
    36e4:	e3e0c4fe 	mvn	ip, #-33554432	@ 0xfe000000
    36e8:	e3ccc8fe 	bic	ip, ip, #16646144	@ 0xfe0000
    36ec:	e15b000c 	cmp	fp, ip
    36f0:	8a000585 	bhi	0x4d0c
    36f4:	e7da300b 	ldrb	r3, [sl, fp]
    36f8:	e3530024 	cmp	r3, #36	@ 0x24
    36fc:	1a000004 	bne	0x3714
    3700:	e594c004 	ldr	ip, [r4, #4]
    3704:	e28c1003 	add	r1, ip, #3
    3708:	e3a0e001 	mov	lr, #1
    370c:	e584e02c 	str	lr, [r4, #44]	@ 0x2c
    3710:	e1a08009 	mov	r8, r9
    3714:	e594901c 	ldr	r9, [r4, #28]
    3718:	e5953030 	ldr	r3, [r5, #48]	@ 0x30
    371c:	e299903c 	adds	r9, r9, #60	@ 0x3c
    3720:	2a000579 	bcs	0x4d0c
    3724:	e59fcb18 	ldr	ip, [pc, #2840]	@ 0x4244
    3728:	e159000c 	cmp	r9, ip
    372c:	8a000576 	bhi	0x4d0c
    3730:	e7831009 	str	r1, [r3, r9]
    3734:	e3a09000 	mov	r9, #0
    3738:	e1a0b001 	mov	fp, r1
    373c:	e595a030 	ldr	sl, [r5, #48]	@ 0x30
    3740:	e3e0c4fe 	mvn	ip, #-33554432	@ 0xfe000000
    3744:	e3ccc8fe 	bic	ip, ip, #16646144	@ 0xfe0000
    3748:	e15b000c 	cmp	fp, ip
    374c:	8a00056e 	bhi	0x4d0c
    3750:	e19a30db 	ldrsb	r3, [sl, fp]
    3754:	e1a0a003 	mov	sl, r3
    3758:	e2433020 	sub	r3, r3, #32
    375c:	e1a0b003 	mov	fp, r3
    3760:	e353001f 	cmp	r3, #31
    3764:	9a000001 	bls	0x3770
    3768:	e1a03001 	mov	r3, r1
    376c:	ea00002b 	b	0x3820
    3770:	e3a09000 	mov	r9, #0
    3774:	e1a03001 	mov	r3, r1
    3778:	e3a0c001 	mov	ip, #1
    377c:	e20be01f 	and	lr, fp, #31
    3780:	e1a0be1c 	lsl	fp, ip, lr
    3784:	e1a0600b 	mov	r6, fp
    3788:	e3a0cb4a 	mov	ip, #75776	@ 0x12800
    378c:	e38cc089 	orr	ip, ip, #137	@ 0x89
    3790:	e11b000c 	tst	fp, ip
    3794:	0a000021 	beq	0x3820
    3798:	e281b001 	add	fp, r1, #1
    379c:	e1a0300b 	mov	r3, fp
    37a0:	e594001c 	ldr	r0, [r4, #28]
    37a4:	e5957030 	ldr	r7, [r5, #48]	@ 0x30
    37a8:	e290003c 	adds	r0, r0, #60	@ 0x3c
    37ac:	2a000556 	bcs	0x4d0c
    37b0:	e59fca8c 	ldr	ip, [pc, #2700]	@ 0x4244
    37b4:	e150000c 	cmp	r0, ip
    37b8:	8a000553 	bhi	0x4d0c
    37bc:	e787b000 	str	fp, [r7, r0]
    37c0:	e1869009 	orr	r9, r6, r9
    37c4:	e1a0b001 	mov	fp, r1
    37c8:	e5957030 	ldr	r7, [r5, #48]	@ 0x30
    37cc:	e29bb001 	adds	fp, fp, #1
    37d0:	2a00054d 	bcs	0x4d0c
    37d4:	e3e0c4fe 	mvn	ip, #-33554432	@ 0xfe000000
    37d8:	e3ccc8fe 	bic	ip, ip, #16646144	@ 0xfe0000
    37dc:	e15b000c 	cmp	fp, ip
    37e0:	8a000549 	bhi	0x4d0c
    37e4:	e19700db 	ldrsb	r0, [r7, fp]
    37e8:	e1a0a000 	mov	sl, r0
    37ec:	e2400020 	sub	r0, r0, #32
    37f0:	e1a07000 	mov	r7, r0
    37f4:	e3500020 	cmp	r0, #32
    37f8:	2a000008 	bcs	0x3820
    37fc:	e1a01003 	mov	r1, r3
    3800:	e3a0c001 	mov	ip, #1
    3804:	e207e01f 	and	lr, r7, #31
    3808:	e1a07e1c 	lsl	r7, ip, lr
    380c:	e1a06007 	mov	r6, r7
    3810:	e3a0cb4a 	mov	ip, #75776	@ 0x12800
    3814:	e38cc089 	orr	ip, ip, #137	@ 0x89
    3818:	e117000c 	tst	r7, ip
    381c:	1affffdd 	bne	0x3798
    3820:	e35a002a 	cmp	sl, #42	@ 0x2a
    3824:	1a000071 	bne	0x39f0
    3828:	e1a06003 	mov	r6, r3
    382c:	e5951030 	ldr	r1, [r5, #48]	@ 0x30
    3830:	e2966001 	adds	r6, r6, #1
    3834:	2a000534 	bcs	0x4d0c
    3838:	e3e0c4fe 	mvn	ip, #-33554432	@ 0xfe000000
    383c:	e3ccc8fe 	bic	ip, ip, #16646144	@ 0xfe0000
    3840:	e156000c 	cmp	r6, ip
    3844:	8a000530 	bhi	0x4d0c
    3848:	e19100d6 	ldrsb	r0, [r1, r6]
    384c:	e2400030 	sub	r0, r0, #48	@ 0x30
    3850:	e1a01000 	mov	r1, r0
    3854:	e3500009 	cmp	r0, #9
    3858:	8a000027 	bhi	0x38fc
    385c:	e1a07003 	mov	r7, r3
    3860:	e5956030 	ldr	r6, [r5, #48]	@ 0x30
    3864:	e2977002 	adds	r7, r7, #2
    3868:	2a000527 	bcs	0x4d0c
    386c:	e3e0c4fe 	mvn	ip, #-33554432	@ 0xfe000000
    3870:	e3ccc8fe 	bic	ip, ip, #16646144	@ 0xfe0000
    3874:	e157000c 	cmp	r7, ip
    3878:	8a000523 	bhi	0x4d0c
    387c:	e7d60007 	ldrb	r0, [r6, r7]
    3880:	e3500024 	cmp	r0, #36	@ 0x24
    3884:	1a00001c 	bne	0x38fc
    3888:	e594c000 	ldr	ip, [r4]
    388c:	e35c0000 	cmp	ip, #0
    3890:	1a00000b 	bne	0x38c4
    3894:	e1a00101 	lsl	r0, r1, #2
    3898:	e594c010 	ldr	ip, [r4, #16]
    389c:	e08c0000 	add	r0, ip, r0
    38a0:	e5956030 	ldr	r6, [r5, #48]	@ 0x30
    38a4:	e59fc998 	ldr	ip, [pc, #2456]	@ 0x4244
    38a8:	e150000c 	cmp	r0, ip
    38ac:	8a000516 	bhi	0x4d0c
    38b0:	e3a0e00a 	mov	lr, #10
    38b4:	e786e000 	str	lr, [r6, r0]
    38b8:	e3a0e000 	mov	lr, #0
    38bc:	e584e050 	str	lr, [r4, #80]	@ 0x50
    38c0:	ea000008 	b	0x38e8
    38c4:	e1a01181 	lsl	r1, r1, #3
    38c8:	e594c00c 	ldr	ip, [r4, #12]
    38cc:	e08c1001 	add	r1, ip, r1
    38d0:	e5950030 	ldr	r0, [r5, #48]	@ 0x30
    38d4:	e59fc968 	ldr	ip, [pc, #2408]	@ 0x4244
    38d8:	e151000c 	cmp	r1, ip
    38dc:	8a00050a 	bhi	0x4d0c
    38e0:	e790e001 	ldr	lr, [r0, r1]
    38e4:	e584e050 	str	lr, [r4, #80]	@ 0x50
    38e8:	e283e003 	add	lr, r3, #3
    38ec:	e584e004 	str	lr, [r4, #4]
    38f0:	e3a0e001 	mov	lr, #1
    38f4:	e584e02c 	str	lr, [r4, #44]	@ 0x2c
    38f8:	ea00002b 	b	0x39ac
    38fc:	e594c02c 	ldr	ip, [r4, #44]	@ 0x2c
    3900:	e35c0000 	cmp	ip, #0
    3904:	1a000466 	bne	0x4aa4
    3908:	e283e001 	add	lr, r3, #1
    390c:	e584e004 	str	lr, [r4, #4]
    3910:	e594c000 	ldr	ip, [r4]
    3914:	e35c0000 	cmp	ip, #0
    3918:	1a00000d 	bne	0x3954
    391c:	e594101c 	ldr	r1, [r4, #28]
    3920:	e5950030 	ldr	r0, [r5, #48]	@ 0x30
    3924:	e5943004 	ldr	r3, [r4, #4]
    3928:	e291103c 	adds	r1, r1, #60	@ 0x3c
    392c:	2a0004f6 	bcs	0x4d0c
    3930:	e59fc90c 	ldr	ip, [pc, #2316]	@ 0x4244
    3934:	e151000c 	cmp	r1, ip
    3938:	8a0004f3 	bhi	0x4d0c
    393c:	e7803001 	str	r3, [r0, r1]
    3940:	e3a0e000 	mov	lr, #0
    3944:	e584e02c 	str	lr, [r4, #44]	@ 0x2c
    3948:	e3a0e000 	mov	lr, #0
    394c:	e584e050 	str	lr, [r4, #80]	@ 0x50
    3950:	ea00003d 	b	0x3a4c
    3954:	e5943008 	ldr	r3, [r4, #8]
    3958:	e5951030 	ldr	r1, [r5, #48]	@ 0x30
    395c:	e59fc8e0 	ldr	ip, [pc, #2272]	@ 0x4244
    3960:	e153000c 	cmp	r3, ip
    3964:	8a0004e8 	bhi	0x4d0c
    3968:	e7910003 	ldr	r0, [r1, r3]
    396c:	e1a01000 	mov	r1, r0
    3970:	e2800004 	add	r0, r0, #4
    3974:	e5947008 	ldr	r7, [r4, #8]
    3978:	e5953030 	ldr	r3, [r5, #48]	@ 0x30
    397c:	e59fc8c0 	ldr	ip, [pc, #2240]	@ 0x4244
    3980:	e157000c 	cmp	r7, ip
    3984:	8a0004e0 	bhi	0x4d0c
    3988:	e7830007 	str	r0, [r3, r7]
    398c:	e5950030 	ldr	r0, [r5, #48]	@ 0x30
    3990:	e59fc8ac 	ldr	ip, [pc, #2220]	@ 0x4244
    3994:	e151000c 	cmp	r1, ip
    3998:	8a0004db 	bhi	0x4d0c
    399c:	e790e001 	ldr	lr, [r0, r1]
    39a0:	e584e050 	str	lr, [r4, #80]	@ 0x50
    39a4:	e3a0e000 	mov	lr, #0
    39a8:	e584e02c 	str	lr, [r4, #44]	@ 0x2c
    39ac:	e594101c 	ldr	r1, [r4, #28]
    39b0:	e5950030 	ldr	r0, [r5, #48]	@ 0x30
    39b4:	e5943004 	ldr	r3, [r4, #4]
    39b8:	e291103c 	adds	r1, r1, #60	@ 0x3c
    39bc:	2a0004d2 	bcs	0x4d0c
    39c0:	e59fc87c 	ldr	ip, [pc, #2172]	@ 0x4244
    39c4:	e151000c 	cmp	r1, ip
    39c8:	8a0004cf 	bhi	0x4d0c
    39cc:	e7803001 	str	r3, [r0, r1]
    39d0:	e594c050 	ldr	ip, [r4, #80]	@ 0x50
    39d4:	e37c0001 	cmn	ip, #1
    39d8:	ca00001b 	bgt	0x3a4c
    39dc:	e594c050 	ldr	ip, [r4, #80]	@ 0x50
    39e0:	e26ce000 	rsb	lr, ip, #0
    39e4:	e584e050 	str	lr, [r4, #80]	@ 0x50
    39e8:	e3899d80 	orr	r9, r9, #128, 26	@ 0x2000
    39ec:	ea000016 	b	0x3a4c
    39f0:	e594c01c 	ldr	ip, [r4, #28]
    39f4:	e28c003c 	add	r0, ip, #60	@ 0x3c
    39f8:	e5840088 	str	r0, [r4, #136]	@ 0x88
    39fc:	e59f0868 	ldr	r0, [pc, #2152]	@ 0x426c
    3a00:	e1a01004 	mov	r1, r4
    3a04:	e59d2000 	ldr	r2, [sp]
    3a08:	e59fc860 	ldr	ip, [pc, #2144]	@ 0x4270
    3a0c:	e12fff3c 	blx	ip
    3a10:	e3500000 	cmp	r0, #0
    3a14:	1a0004bf 	bne	0x4d18
    3a18:	e5940088 	ldr	r0, [r4, #136]	@ 0x88
    3a1c:	e5840050 	str	r0, [r4, #80]	@ 0x50
    3a20:	e3500000 	cmp	r0, #0
    3a24:	ba00049d 	blt	0x4ca0
    3a28:	e594101c 	ldr	r1, [r4, #28]
    3a2c:	e5950030 	ldr	r0, [r5, #48]	@ 0x30
    3a30:	e291103c 	adds	r1, r1, #60	@ 0x3c
    3a34:	2a0004b4 	bcs	0x4d0c
    3a38:	e59fc804 	ldr	ip, [pc, #2052]	@ 0x4244
    3a3c:	e151000c 	cmp	r1, ip
    3a40:	8a0004b1 	bhi	0x4d0c
    3a44:	e790e001 	ldr	lr, [r0, r1]
    3a48:	e584e004 	str	lr, [r4, #4]
    3a4c:	e3a07000 	mov	r7, #0
    3a50:	e3e0e000 	mvn	lr, #0
    3a54:	e584e054 	str	lr, [r4, #84]	@ 0x54
    3a58:	e5943004 	ldr	r3, [r4, #4]
    3a5c:	e5951030 	ldr	r1, [r5, #48]	@ 0x30
    3a60:	e3e0c4fe 	mvn	ip, #-33554432	@ 0xfe000000
    3a64:	e3ccc8fe 	bic	ip, ip, #16646144	@ 0xfe0000
    3a68:	e153000c 	cmp	r3, ip
    3a6c:	8a0004a6 	bhi	0x4d0c
    3a70:	e7d10003 	ldrb	r0, [r1, r3]
    3a74:	e350002e 	cmp	r0, #46	@ 0x2e
    3a78:	0a000001 	beq	0x3a84
    3a7c:	e3a0b000 	mov	fp, #0
    3a80:	ea00008c 	b	0x3cb8
    3a84:	e5943004 	ldr	r3, [r4, #4]
    3a88:	e5951030 	ldr	r1, [r5, #48]	@ 0x30
    3a8c:	e2933001 	adds	r3, r3, #1
    3a90:	2a00049d 	bcs	0x4d0c
    3a94:	e3e0c4fe 	mvn	ip, #-33554432	@ 0xfe000000
    3a98:	e3ccc8fe 	bic	ip, ip, #16646144	@ 0xfe0000
    3a9c:	e153000c 	cmp	r3, ip
    3aa0:	8a000499 	bhi	0x4d0c
    3aa4:	e7d10003 	ldrb	r0, [r1, r3]
    3aa8:	e350002a 	cmp	r0, #42	@ 0x2a
    3aac:	1a000061 	bne	0x3c38
    3ab0:	e5943004 	ldr	r3, [r4, #4]
    3ab4:	e5951030 	ldr	r1, [r5, #48]	@ 0x30
    3ab8:	e2933002 	adds	r3, r3, #2
    3abc:	2a000492 	bcs	0x4d0c
    3ac0:	e3e0c4fe 	mvn	ip, #-33554432	@ 0xfe000000
    3ac4:	e3ccc8fe 	bic	ip, ip, #16646144	@ 0xfe0000
    3ac8:	e153000c 	cmp	r3, ip
    3acc:	8a00048e 	bhi	0x4d0c
    3ad0:	e19100d3 	ldrsb	r0, [r1, r3]
    3ad4:	e2400030 	sub	r0, r0, #48	@ 0x30
    3ad8:	e1a01000 	mov	r1, r0
    3adc:	e3500009 	cmp	r0, #9
    3ae0:	8a000026 	bhi	0x3b80
    3ae4:	e5946004 	ldr	r6, [r4, #4]
    3ae8:	e5953030 	ldr	r3, [r5, #48]	@ 0x30
    3aec:	e2966003 	adds	r6, r6, #3
    3af0:	2a000485 	bcs	0x4d0c
    3af4:	e3e0c4fe 	mvn	ip, #-33554432	@ 0xfe000000
    3af8:	e3ccc8fe 	bic	ip, ip, #16646144	@ 0xfe0000
    3afc:	e156000c 	cmp	r6, ip
    3b00:	8a000481 	bhi	0x4d0c
    3b04:	e7d30006 	ldrb	r0, [r3, r6]
    3b08:	e3500024 	cmp	r0, #36	@ 0x24
    3b0c:	1a00001b 	bne	0x3b80
    3b10:	e594c000 	ldr	ip, [r4]
    3b14:	e35c0000 	cmp	ip, #0
    3b18:	1a00000b 	bne	0x3b4c
    3b1c:	e1a00101 	lsl	r0, r1, #2
    3b20:	e594c010 	ldr	ip, [r4, #16]
    3b24:	e08c0000 	add	r0, ip, r0
    3b28:	e5953030 	ldr	r3, [r5, #48]	@ 0x30
    3b2c:	e59fc710 	ldr	ip, [pc, #1808]	@ 0x4244
    3b30:	e150000c 	cmp	r0, ip
    3b34:	8a000474 	bhi	0x4d0c
    3b38:	e3a0e00a 	mov	lr, #10
    3b3c:	e783e000 	str	lr, [r3, r0]
    3b40:	e3a0e000 	mov	lr, #0
    3b44:	e584e054 	str	lr, [r4, #84]	@ 0x54
    3b48:	ea000008 	b	0x3b70
    3b4c:	e1a01181 	lsl	r1, r1, #3
    3b50:	e594c00c 	ldr	ip, [r4, #12]
    3b54:	e08c1001 	add	r1, ip, r1
    3b58:	e5950030 	ldr	r0, [r5, #48]	@ 0x30
    3b5c:	e59fc6e0 	ldr	ip, [pc, #1760]	@ 0x4244
    3b60:	e151000c 	cmp	r1, ip
    3b64:	8a000468 	bhi	0x4d0c
    3b68:	e790e001 	ldr	lr, [r0, r1]
    3b6c:	e584e054 	str	lr, [r4, #84]	@ 0x54
    3b70:	e594c004 	ldr	ip, [r4, #4]
    3b74:	e28ce004 	add	lr, ip, #4
    3b78:	e584e004 	str	lr, [r4, #4]
    3b7c:	ea00001f 	b	0x3c00
    3b80:	e594c02c 	ldr	ip, [r4, #44]	@ 0x2c
    3b84:	e35c0000 	cmp	ip, #0
    3b88:	1a0003c5 	bne	0x4aa4
    3b8c:	e594c004 	ldr	ip, [r4, #4]
    3b90:	e28ce002 	add	lr, ip, #2
    3b94:	e584e004 	str	lr, [r4, #4]
    3b98:	e594c000 	ldr	ip, [r4]
    3b9c:	e35c0000 	cmp	ip, #0
    3ba0:	1a000002 	bne	0x3bb0
    3ba4:	e3a0e000 	mov	lr, #0
    3ba8:	e584e054 	str	lr, [r4, #84]	@ 0x54
    3bac:	ea000013 	b	0x3c00
    3bb0:	e5943008 	ldr	r3, [r4, #8]
    3bb4:	e5951030 	ldr	r1, [r5, #48]	@ 0x30
    3bb8:	e59fc684 	ldr	ip, [pc, #1668]	@ 0x4244
    3bbc:	e153000c 	cmp	r3, ip
    3bc0:	8a000451 	bhi	0x4d0c
    3bc4:	e7910003 	ldr	r0, [r1, r3]
    3bc8:	e1a01000 	mov	r1, r0
    3bcc:	e2800004 	add	r0, r0, #4
    3bd0:	e5946008 	ldr	r6, [r4, #8]
    3bd4:	e5953030 	ldr	r3, [r5, #48]	@ 0x30
    3bd8:	e59fc664 	ldr	ip, [pc, #1636]	@ 0x4244
    3bdc:	e156000c 	cmp	r6, ip
    3be0:	8a000449 	bhi	0x4d0c
    3be4:	e7830006 	str	r0, [r3, r6]
    3be8:	e5950030 	ldr	r0, [r5, #48]	@ 0x30
    3bec:	e59fc650 	ldr	ip, [pc, #1616]	@ 0x4244
    3bf0:	e151000c 	cmp	r1, ip
    3bf4:	8a000444 	bhi	0x4d0c
    3bf8:	e790e001 	ldr	lr, [r0, r1]
    3bfc:	e584e054 	str	lr, [r4, #84]	@ 0x54
    3c00:	e594101c 	ldr	r1, [r4, #28]
    3c04:	e5950030 	ldr	r0, [r5, #48]	@ 0x30
    3c08:	e5943004 	ldr	r3, [r4, #4]
    3c0c:	e291103c 	adds	r1, r1, #60	@ 0x3c
    3c10:	2a00043d 	bcs	0x4d0c
    3c14:	e59fc628 	ldr	ip, [pc, #1576]	@ 0x4244
    3c18:	e151000c 	cmp	r1, ip
    3c1c:	8a00043a 	bhi	0x4d0c
    3c20:	e7803001 	str	r3, [r0, r1]
    3c24:	e594c054 	ldr	ip, [r4, #84]	@ 0x54
    3c28:	e37c0001 	cmn	ip, #1
    3c2c:	e3a0b000 	mov	fp, #0
    3c30:	c3a0b001 	movgt	fp, #1
    3c34:	ea00001f 	b	0x3cb8
    3c38:	e594c004 	ldr	ip, [r4, #4]
    3c3c:	e28c0001 	add	r0, ip, #1
    3c40:	e594301c 	ldr	r3, [r4, #28]
    3c44:	e5951030 	ldr	r1, [r5, #48]	@ 0x30
    3c48:	e293303c 	adds	r3, r3, #60	@ 0x3c
    3c4c:	2a00042e 	bcs	0x4d0c
    3c50:	e59fc5ec 	ldr	ip, [pc, #1516]	@ 0x4244
    3c54:	e153000c 	cmp	r3, ip
    3c58:	8a00042b 	bhi	0x4d0c
    3c5c:	e7810003 	str	r0, [r1, r3]
    3c60:	e3a0b001 	mov	fp, #1
    3c64:	e594c01c 	ldr	ip, [r4, #28]
    3c68:	e28c003c 	add	r0, ip, #60	@ 0x3c
    3c6c:	e5840088 	str	r0, [r4, #136]	@ 0x88
    3c70:	e59f05fc 	ldr	r0, [pc, #1532]	@ 0x4274
    3c74:	e1a01004 	mov	r1, r4
    3c78:	e59d2000 	ldr	r2, [sp]
    3c7c:	e59fc5f4 	ldr	ip, [pc, #1524]	@ 0x4278
    3c80:	e12fff3c 	blx	ip
    3c84:	e3500000 	cmp	r0, #0
    3c88:	1a000422 	bne	0x4d18
    3c8c:	e5940088 	ldr	r0, [r4, #136]	@ 0x88
    3c90:	e5840054 	str	r0, [r4, #84]	@ 0x54
    3c94:	e594101c 	ldr	r1, [r4, #28]
    3c98:	e5950030 	ldr	r0, [r5, #48]	@ 0x30
    3c9c:	e291103c 	adds	r1, r1, #60	@ 0x3c
    3ca0:	2a000419 	bcs	0x4d0c
    3ca4:	e59fc598 	ldr	ip, [pc, #1432]	@ 0x4244
    3ca8:	e151000c 	cmp	r1, ip
    3cac:	8a000416 	bhi	0x4d0c
    3cb0:	e790e001 	ldr	lr, [r0, r1]
    3cb4:	e584e004 	str	lr, [r4, #4]
    3cb8:	e1a06007 	mov	r6, r7
    3cbc:	e3a0e01c 	mov	lr, #28
    3cc0:	e584e05c 	str	lr, [r4, #92]	@ 0x5c
    3cc4:	e594a004 	ldr	sl, [r4, #4]
    3cc8:	e5943004 	ldr	r3, [r4, #4]
    3ccc:	e5951030 	ldr	r1, [r5, #48]	@ 0x30
    3cd0:	e3e0c4fe 	mvn	ip, #-33554432	@ 0xfe000000
    3cd4:	e3ccc8fe 	bic	ip, ip, #16646144	@ 0xfe0000
    3cd8:	e153000c 	cmp	r3, ip
    3cdc:	8a00040a 	bhi	0x4d0c
    3ce0:	e19100d3 	ldrsb	r0, [r1, r3]
    3ce4:	e1a01000 	mov	r1, r0
    3ce8:	e240007b 	sub	r0, r0, #123	@ 0x7b
    3cec:	e370003a 	cmn	r0, #58	@ 0x3a
    3cf0:	3a0003ec 	bcc	0x4ca8
    3cf4:	e28ae001 	add	lr, sl, #1
    3cf8:	e584e004 	str	lr, [r4, #4]
    3cfc:	e3a0c03a 	mov	ip, #58	@ 0x3a
    3d00:	e0000c96 	mul	r0, r6, ip
    3d04:	e0800001 	add	r0, r0, r1
    3d08:	e2800b40 	add	r0, r0, #64, 22	@ 0x10000
    3d0c:	e280017c 	add	r0, r0, #124, 2
    3d10:	e1a03000 	mov	r3, r0
    3d14:	e5951030 	ldr	r1, [r5, #48]	@ 0x30
    3d18:	e3e0c4fe 	mvn	ip, #-33554432	@ 0xfe000000
    3d1c:	e3ccc8fe 	bic	ip, ip, #16646144	@ 0xfe0000
    3d20:	e153000c 	cmp	r3, ip
    3d24:	8a0003f8 	bhi	0x4d0c
    3d28:	e7d10003 	ldrb	r0, [r1, r3]
    3d2c:	e1a07000 	mov	r7, r0
    3d30:	e2400001 	sub	r0, r0, #1
    3d34:	e20000ff 	and	r0, r0, #255	@ 0xff
    3d38:	e3500008 	cmp	r0, #8
    3d3c:	3affffdd 	bcc	0x3cb8
    3d40:	e594101c 	ldr	r1, [r4, #28]
    3d44:	e5950030 	ldr	r0, [r5, #48]	@ 0x30
    3d48:	e5943004 	ldr	r3, [r4, #4]
    3d4c:	e291103c 	adds	r1, r1, #60	@ 0x3c
    3d50:	2a0003ed 	bcs	0x4d0c
    3d54:	e59fc4e8 	ldr	ip, [pc, #1256]	@ 0x4244
    3d58:	e151000c 	cmp	r1, ip
    3d5c:	8a0003ea 	bhi	0x4d0c
    3d60:	e7803001 	str	r3, [r0, r1]
    3d64:	e357001b 	cmp	r7, #27
    3d68:	0a000033 	beq	0x3e3c
    3d6c:	e3570000 	cmp	r7, #0
    3d70:	0a0003cc 	beq	0x4ca8
    3d74:	e3580000 	cmp	r8, #0
    3d78:	ba000020 	blt	0x3e00
    3d7c:	e594c000 	ldr	ip, [r4]
    3d80:	e35c0000 	cmp	ip, #0
    3d84:	1a000008 	bne	0x3dac
    3d88:	e1a00108 	lsl	r0, r8, #2
    3d8c:	e594c010 	ldr	ip, [r4, #16]
    3d90:	e08c0000 	add	r0, ip, r0
    3d94:	e5951030 	ldr	r1, [r5, #48]	@ 0x30
    3d98:	e59fc4a4 	ldr	ip, [pc, #1188]	@ 0x4244
    3d9c:	e150000c 	cmp	r0, ip
    3da0:	8a0003d9 	bhi	0x4d0c
    3da4:	e7817000 	str	r7, [r1, r0]
    3da8:	eafffdd6 	b	0x3508
    3dac:	e1a00188 	lsl	r0, r8, #3
    3db0:	e594c00c 	ldr	ip, [r4, #12]
    3db4:	e08c0000 	add	r0, ip, r0
    3db8:	e5952030 	ldr	r2, [r5, #48]	@ 0x30
    3dbc:	e59fc48c 	ldr	ip, [pc, #1164]	@ 0x4250
    3dc0:	e150000c 	cmp	r0, ip
    3dc4:	8a0003d0 	bhi	0x4d0c
    3dc8:	e082c000 	add	ip, r2, r0
    3dcc:	e59c1000 	ldr	r1, [ip]
    3dd0:	e59c3004 	ldr	r3, [ip, #4]
    3dd4:	e594201c 	ldr	r2, [r4, #28]
    3dd8:	e5950030 	ldr	r0, [r5, #48]	@ 0x30
    3ddc:	e2922030 	adds	r2, r2, #48	@ 0x30
    3de0:	2a0003c9 	bcs	0x4d0c
    3de4:	e59fc464 	ldr	ip, [pc, #1124]	@ 0x4250
    3de8:	e152000c 	cmp	r2, ip
    3dec:	8a0003c6 	bhi	0x4d0c
    3df0:	e080c002 	add	ip, r0, r2
    3df4:	e58c1000 	str	r1, [ip]
    3df8:	e58c3004 	str	r3, [ip, #4]
    3dfc:	ea000015 	b	0x3e58
    3e00:	e594c000 	ldr	ip, [r4]
    3e04:	e35c0000 	cmp	ip, #0
    3e08:	0a0003a1 	beq	0x4c94
    3e0c:	e594c01c 	ldr	ip, [r4, #28]
    3e10:	e28c0030 	add	r0, ip, #48	@ 0x30
    3e14:	e5840088 	str	r0, [r4, #136]	@ 0x88
    3e18:	e5847034 	str	r7, [r4, #52]	@ 0x34
    3e1c:	e59f0458 	ldr	r0, [pc, #1112]	@ 0x427c
    3e20:	e1a01004 	mov	r1, r4
    3e24:	e59d2000 	ldr	r2, [sp]
    3e28:	e59fc450 	ldr	ip, [pc, #1104]	@ 0x4280
    3e2c:	e12fff3c 	blx	ip
    3e30:	e3500000 	cmp	r0, #0
    3e34:	1a0003b7 	bne	0x4d18
    3e38:	ea000006 	b	0x3e58
    3e3c:	e3780001 	cmn	r8, #1
    3e40:	ca000398 	bgt	0x4ca8
    3e44:	e3a0e000 	mov	lr, #0
    3e48:	e584e034 	str	lr, [r4, #52]	@ 0x34
    3e4c:	e594c000 	ldr	ip, [r4]
    3e50:	e35c0000 	cmp	ip, #0
    3e54:	0afffdad 	beq	0x3510
    3e58:	e5942000 	ldr	r2, [r4]
    3e5c:	e5951030 	ldr	r1, [r5, #48]	@ 0x30
    3e60:	e3e0c4fe 	mvn	ip, #-33554432	@ 0xfe000000
    3e64:	e3ccc8fe 	bic	ip, ip, #16646144	@ 0xfe0000
    3e68:	e152000c 	cmp	r2, ip
    3e6c:	8a0003a6 	bhi	0x4d0c
    3e70:	e7d10002 	ldrb	r0, [r1, r2]
    3e74:	e3100020 	tst	r0, #32
    3e78:	1a000398 	bne	0x4ce0
    3e7c:	e3c90b40 	bic	r0, r9, #64, 22	@ 0x10000
    3e80:	e5840060 	str	r0, [r4, #96]	@ 0x60
    3e84:	e3190d80 	tst	r9, #128, 26	@ 0x2000
    3e88:	e1a0e000 	mov	lr, r0
    3e8c:	01a0e009 	moveq	lr, r9
    3e90:	e584e048 	str	lr, [r4, #72]	@ 0x48
    3e94:	e3a0e000 	mov	lr, #0
    3e98:	e584e044 	str	lr, [r4, #68]	@ 0x44
    3e9c:	e3a0eb40 	mov	lr, #64, 22	@ 0x10000
    3ea0:	e584e064 	str	lr, [r4, #100]	@ 0x64
    3ea4:	e594e028 	ldr	lr, [r4, #40]	@ 0x28
    3ea8:	e584e05c 	str	lr, [r4, #92]	@ 0x5c
    3eac:	e1a0200a 	mov	r2, sl
    3eb0:	e5951030 	ldr	r1, [r5, #48]	@ 0x30
    3eb4:	e3e0c4fe 	mvn	ip, #-33554432	@ 0xfe000000
    3eb8:	e3ccc8fe 	bic	ip, ip, #16646144	@ 0xfe0000
    3ebc:	e152000c 	cmp	r2, ip
    3ec0:	8a000391 	bhi	0x4d0c
    3ec4:	e7d1a002 	ldrb	sl, [r1, r2]
    3ec8:	e1a0100a 	mov	r1, sl
    3ecc:	e6afa07a 	sxtb	sl, sl
    3ed0:	e1a0200a 	mov	r2, sl
    3ed4:	e3caa02c 	bic	sl, sl, #44	@ 0x2c
    3ed8:	e201100f 	and	r1, r1, #15
    3edc:	e3510003 	cmp	r1, #3
    3ee0:	11a0a002 	movne	sl, r2
    3ee4:	e3560000 	cmp	r6, #0
    3ee8:	01a0a002 	moveq	sl, r2
    3eec:	e1a0800a 	mov	r8, sl
    3ef0:	e24aa058 	sub	sl, sl, #88	@ 0x58
    3ef4:	e1a0e00a 	mov	lr, sl
    3ef8:	e35e0021 	cmp	lr, #33	@ 0x21
    3efc:	23a0e021 	movcs	lr, #33	@ 0x21
    3f00:	e1a0e10e 	lsl	lr, lr, #2
    3f04:	e59fc378 	ldr	ip, [pc, #888]	@ 0x4284
    3f08:	e08ee00c 	add	lr, lr, ip
    3f0c:	e59ec000 	ldr	ip, [lr]
    3f10:	e12fff1c 	bx	ip
    3f14:	e594e028 	ldr	lr, [r4, #40]	@ 0x28
    3f18:	e584e05c 	str	lr, [r4, #92]	@ 0x5c
    3f1c:	e2481041 	sub	r1, r8, #65	@ 0x41
    3f20:	e1a0e001 	mov	lr, r1
    3f24:	e35e0007 	cmp	lr, #7
    3f28:	23a0e007 	movcs	lr, #7
    3f2c:	e1a0e10e 	lsl	lr, lr, #2
    3f30:	e59fc350 	ldr	ip, [pc, #848]	@ 0x4288
    3f34:	e08ee00c 	add	lr, lr, ip
    3f38:	e59ec000 	ldr	ip, [lr]
    3f3c:	e12fff1c 	bx	ip
    3f40:	e3580053 	cmp	r8, #83	@ 0x53
    3f44:	0a0001b9 	beq	0x4630
    3f48:	ea0002ea 	b	0x4af8
    3f4c:	e3a0e000 	mov	lr, #0
    3f50:	e584e044 	str	lr, [r4, #68]	@ 0x44
    3f54:	e3a0eb40 	mov	lr, #64, 22	@ 0x10000
    3f58:	e584e064 	str	lr, [r4, #100]	@ 0x64
    3f5c:	e594201c 	ldr	r2, [r4, #28]
    3f60:	e5951030 	ldr	r1, [r5, #48]	@ 0x30
    3f64:	e2922030 	adds	r2, r2, #48	@ 0x30
    3f68:	2a000367 	bcs	0x4d0c
    3f6c:	e59fc2dc 	ldr	ip, [pc, #732]	@ 0x4250
    3f70:	e152000c 	cmp	r2, ip
    3f74:	8a000364 	bhi	0x4d0c
    3f78:	e081c002 	add	ip, r1, r2
    3f7c:	e59ca000 	ldr	sl, [ip]
    3f80:	e59c9004 	ldr	r9, [ip, #4]
    3f84:	ea000128 	b	0x442c
    3f88:	e3a0e000 	mov	lr, #0
    3f8c:	e584e034 	str	lr, [r4, #52]	@ 0x34
    3f90:	e1a0e006 	mov	lr, r6
    3f94:	e35e0008 	cmp	lr, #8
    3f98:	23a0e008 	movcs	lr, #8
    3f9c:	e1a0e10e 	lsl	lr, lr, #2
    3fa0:	e59fc2e4 	ldr	ip, [pc, #740]	@ 0x428c
    3fa4:	e08ee00c 	add	lr, lr, ip
    3fa8:	e59ec000 	ldr	ip, [lr]
    3fac:	e12fff1c 	bx	ip
    3fb0:	e594301c 	ldr	r3, [r4, #28]
    3fb4:	e5952030 	ldr	r2, [r5, #48]	@ 0x30
    3fb8:	e2933030 	adds	r3, r3, #48	@ 0x30
    3fbc:	2a000352 	bcs	0x4d0c
    3fc0:	e59fc27c 	ldr	ip, [pc, #636]	@ 0x4244
    3fc4:	e153000c 	cmp	r3, ip
    3fc8:	8a00034f 	bhi	0x4d0c
    3fcc:	e7921003 	ldr	r1, [r2, r3]
    3fd0:	e5952030 	ldr	r2, [r5, #48]	@ 0x30
    3fd4:	e5943030 	ldr	r3, [r4, #48]	@ 0x30
    3fd8:	e59fc264 	ldr	ip, [pc, #612]	@ 0x4244
    3fdc:	e151000c 	cmp	r1, ip
    3fe0:	8a000349 	bhi	0x4d0c
    3fe4:	e7823001 	str	r3, [r2, r1]
    3fe8:	eafffd48 	b	0x3510
    3fec:	e594301c 	ldr	r3, [r4, #28]
    3ff0:	e5952030 	ldr	r2, [r5, #48]	@ 0x30
    3ff4:	e2933030 	adds	r3, r3, #48	@ 0x30
    3ff8:	2a000343 	bcs	0x4d0c
    3ffc:	e59fc240 	ldr	ip, [pc, #576]	@ 0x4244
    4000:	e153000c 	cmp	r3, ip
    4004:	8a000340 	bhi	0x4d0c
    4008:	e7921003 	ldr	r1, [r2, r3]
    400c:	e5952030 	ldr	r2, [r5, #48]	@ 0x30
    4010:	e5943030 	ldr	r3, [r4, #48]	@ 0x30
    4014:	e59fc228 	ldr	ip, [pc, #552]	@ 0x4244
    4018:	e151000c 	cmp	r1, ip
    401c:	8a00033a 	bhi	0x4d0c
    4020:	e7823001 	str	r3, [r2, r1]
    4024:	eafffd39 	b	0x3510
    4028:	e594301c 	ldr	r3, [r4, #28]
    402c:	e5952030 	ldr	r2, [r5, #48]	@ 0x30
    4030:	e2933030 	adds	r3, r3, #48	@ 0x30
    4034:	2a000334 	bcs	0x4d0c
    4038:	e59fc204 	ldr	ip, [pc, #516]	@ 0x4244
    403c:	e153000c 	cmp	r3, ip
    4040:	8a000331 	bhi	0x4d0c
    4044:	e7921003 	ldr	r1, [r2, r3]
    4048:	e5942030 	ldr	r2, [r4, #48]	@ 0x30
    404c:	e1a03fc2 	asr	r3, r2, #31
    4050:	e5956030 	ldr	r6, [r5, #48]	@ 0x30
    4054:	e59fc1f4 	ldr	ip, [pc, #500]	@ 0x4250
    4058:	e151000c 	cmp	r1, ip
    405c:	8a00032a 	bhi	0x4d0c
    4060:	e086c001 	add	ip, r6, r1
    4064:	e58c2000 	str	r2, [ip]
    4068:	e58c3004 	str	r3, [ip, #4]
    406c:	eafffd27 	b	0x3510
    4070:	e594301c 	ldr	r3, [r4, #28]
    4074:	e5952030 	ldr	r2, [r5, #48]	@ 0x30
    4078:	e2933030 	adds	r3, r3, #48	@ 0x30
    407c:	2a000322 	bcs	0x4d0c
    4080:	e59fc1bc 	ldr	ip, [pc, #444]	@ 0x4244
    4084:	e153000c 	cmp	r3, ip
    4088:	8a00031f 	bhi	0x4d0c
    408c:	e7921003 	ldr	r1, [r2, r3]
    4090:	e5952030 	ldr	r2, [r5, #48]	@ 0x30
    4094:	e5943030 	ldr	r3, [r4, #48]	@ 0x30
    4098:	e59fc1f0 	ldr	ip, [pc, #496]	@ 0x4290
    409c:	e151000c 	cmp	r1, ip
    40a0:	8a000319 	bhi	0x4d0c
    40a4:	e18230b1 	strh	r3, [r2, r1]
    40a8:	eafffd18 	b	0x3510
    40ac:	e594301c 	ldr	r3, [r4, #28]
    40b0:	e5952030 	ldr	r2, [r5, #48]	@ 0x30
    40b4:	e2933030 	adds	r3, r3, #48	@ 0x30
    40b8:	2a000313 	bcs	0x4d0c
    40bc:	e59fc180 	ldr	ip, [pc, #384]	@ 0x4244
    40c0:	e153000c 	cmp	r3, ip
    40c4:	8a000310 	bhi	0x4d0c
    40c8:	e7921003 	ldr	r1, [r2, r3]
    40cc:	e5952030 	ldr	r2, [r5, #48]	@ 0x30
    40d0:	e5943030 	ldr	r3, [r4, #48]	@ 0x30
    40d4:	e3e0c4fe 	mvn	ip, #-33554432	@ 0xfe000000
    40d8:	e3ccc8fe 	bic	ip, ip, #16646144	@ 0xfe0000
    40dc:	e151000c 	cmp	r1, ip
    40e0:	8a000309 	bhi	0x4d0c
    40e4:	e7c23001 	strb	r3, [r2, r1]
    40e8:	eafffd08 	b	0x3510
    40ec:	e594301c 	ldr	r3, [r4, #28]
    40f0:	e5952030 	ldr	r2, [r5, #48]	@ 0x30
    40f4:	e2933030 	adds	r3, r3, #48	@ 0x30
    40f8:	2a000303 	bcs	0x4d0c
    40fc:	e59fc140 	ldr	ip, [pc, #320]	@ 0x4244
    4100:	e153000c 	cmp	r3, ip
    4104:	8a000300 	bhi	0x4d0c
    4108:	e7921003 	ldr	r1, [r2, r3]
    410c:	e5952030 	ldr	r2, [r5, #48]	@ 0x30
    4110:	e5943030 	ldr	r3, [r4, #48]	@ 0x30
    4114:	e59fc128 	ldr	ip, [pc, #296]	@ 0x4244
    4118:	e151000c 	cmp	r1, ip
    411c:	8a0002fa 	bhi	0x4d0c
    4120:	e7823001 	str	r3, [r2, r1]
    4124:	eafffcf9 	b	0x3510
    4128:	e594301c 	ldr	r3, [r4, #28]
    412c:	e5952030 	ldr	r2, [r5, #48]	@ 0x30
    4130:	e2933030 	adds	r3, r3, #48	@ 0x30
    4134:	2a0002f4 	bcs	0x4d0c
    4138:	e59fc104 	ldr	ip, [pc, #260]	@ 0x4244
    413c:	e153000c 	cmp	r3, ip
    4140:	8a0002f1 	bhi	0x4d0c
    4144:	e7921003 	ldr	r1, [r2, r3]
    4148:	e5942030 	ldr	r2, [r4, #48]	@ 0x30
    414c:	e1a03fc2 	asr	r3, r2, #31
    4150:	e5956030 	ldr	r6, [r5, #48]	@ 0x30
    4154:	e59fc0f4 	ldr	ip, [pc, #244]	@ 0x4250
    4158:	e151000c 	cmp	r1, ip
    415c:	8a0002ea 	bhi	0x4d0c
    4160:	e086c001 	add	ip, r6, r1
    4164:	e58c2000 	str	r2, [ip]
    4168:	e58c3004 	str	r3, [ip, #4]
    416c:	eafffce7 	b	0x3510
    4170:	e594c054 	ldr	ip, [r4, #84]	@ 0x54
    4174:	e35c0008 	cmp	ip, #8
    4178:	e3a0e008 	mov	lr, #8
    417c:	e594c054 	ldr	ip, [r4, #84]	@ 0x54
    4180:	81a0e00c 	movhi	lr, ip
    4184:	e584e054 	str	lr, [r4, #84]	@ 0x54
    4188:	e594c048 	ldr	ip, [r4, #72]	@ 0x48
    418c:	e38ce008 	orr	lr, ip, #8
    4190:	e584e048 	str	lr, [r4, #72]	@ 0x48
    4194:	e3a08078 	mov	r8, #120	@ 0x78
    4198:	e3a0e000 	mov	lr, #0
    419c:	e584e044 	str	lr, [r4, #68]	@ 0x44
    41a0:	e3a0eb40 	mov	lr, #64, 22	@ 0x10000
    41a4:	e584e064 	str	lr, [r4, #100]	@ 0x64
    41a8:	e594601c 	ldr	r6, [r4, #28]
    41ac:	e5953030 	ldr	r3, [r5, #48]	@ 0x30
    41b0:	e2966030 	adds	r6, r6, #48	@ 0x30
    41b4:	2a0002d4 	bcs	0x4d0c
    41b8:	e59fc090 	ldr	ip, [pc, #144]	@ 0x4250
    41bc:	e156000c 	cmp	r6, ip
    41c0:	8a0002d1 	bhi	0x4d0c
    41c4:	e083c006 	add	ip, r3, r6
    41c8:	e59c1000 	ldr	r1, [ip]
    41cc:	e59c2004 	ldr	r2, [ip, #4]
    41d0:	e1a0a001 	mov	sl, r1
    41d4:	e1a09002 	mov	r9, r2
    41d8:	e2083020 	and	r3, r8, #32
    41dc:	e5841088 	str	r1, [r4, #136]	@ 0x88
    41e0:	e584208c 	str	r2, [r4, #140]	@ 0x8c
    41e4:	e5843094 	str	r3, [r4, #148]	@ 0x94
    41e8:	e59f00a4 	ldr	r0, [pc, #164]	@ 0x4294
    41ec:	e1a01004 	mov	r1, r4
    41f0:	e59d2000 	ldr	r2, [sp]
    41f4:	e59fc09c 	ldr	ip, [pc, #156]	@ 0x4298
    41f8:	e12fff3c 	blx	ip
    41fc:	e3500000 	cmp	r0, #0
    4200:	1a0002c4 	bne	0x4d18
    4204:	e5941088 	ldr	r1, [r4, #136]	@ 0x88
    4208:	e5841038 	str	r1, [r4, #56]	@ 0x38
    420c:	e19ac009 	orrs	ip, sl, r9
    4210:	0a000090 	beq	0x4458
    4214:	e594c048 	ldr	ip, [r4, #72]	@ 0x48
    4218:	e31c0008 	tst	ip, #8
    421c:	ea00001e 	b	0x429c
	...
    4238:	000487b4 			@ <UNDEFINED> instruction: 0x000487b4
    423c:	003fd93c 	eorseq	sp, pc, ip, lsr r9	@ <UNPREDICTABLE>
    4240:	000487b4 			@ <UNDEFINED> instruction: 0x000487b4
    4244:	0101fffc 	strdeq	pc, [r1, -ip]
    4248:	003fd990 	mlaseq	pc, r0, r9, sp	@ <UNPREDICTABLE>
    424c:	00048af0 	strdeq	r8, [r4], -r0
    4250:	0101fff8 	strdeq	pc, [r1, -r8]
    4254:	003fda78 	eorseq	sp, pc, r8, ror sl	@ <UNPREDICTABLE>
    4258:	000487b4 			@ <UNDEFINED> instruction: 0x000487b4
    425c:	003fdaa8 	eorseq	sp, pc, r8, lsr #21
    4260:	00047eac 	andeq	r7, r4, ip, lsr #29
    4264:	0040254c 	subeq	r2, r0, ip, asr #10
    4268:	000487b4 			@ <UNDEFINED> instruction: 0x000487b4
    426c:	00402a4c 	subeq	r2, r0, ip, asr #20
    4270:	000487b4 			@ <UNDEFINED> instruction: 0x000487b4
    4274:	00402d18 	subeq	r2, r0, r8, lsl sp
    4278:	000487b4 			@ <UNDEFINED> instruction: 0x000487b4
    427c:	00402f5c 	subeq	r2, r0, ip, asr pc
    4280:	000487b4 			@ <UNDEFINED> instruction: 0x000487b4
    4284:	4085b5d8 	ldrdmi	fp, [r5], r8
    4288:	4085b660 	addmi	fp, r5, r0, ror #12
    428c:	4085b680 	addmi	fp, r5, r0, lsl #13
    4290:	0101fffe 	strdeq	pc, [r1, -lr]
    4294:	004033d0 	ldrdeq	r3, [r0], #-48	@ 0xffffffd0
    4298:	000487b4 			@ <UNDEFINED> instruction: 0x000487b4
    429c:	0a00006d 	beq	0x4458
    42a0:	e1a01228 	lsr	r1, r8, #4
    42a4:	e281eb40 	add	lr, r1, #64, 22	@ 0x10000
    42a8:	e584e064 	str	lr, [r4, #100]	@ 0x64
    42ac:	e3a0e002 	mov	lr, #2
    42b0:	e584e044 	str	lr, [r4, #68]	@ 0x44
    42b4:	ea000067 	b	0x4458
    42b8:	e3a0e000 	mov	lr, #0
    42bc:	e584e044 	str	lr, [r4, #68]	@ 0x44
    42c0:	e3a0eb40 	mov	lr, #64, 22	@ 0x10000
    42c4:	e584e064 	str	lr, [r4, #100]	@ 0x64
    42c8:	e594601c 	ldr	r6, [r4, #28]
    42cc:	e5953030 	ldr	r3, [r5, #48]	@ 0x30
    42d0:	e2966030 	adds	r6, r6, #48	@ 0x30
    42d4:	2a00028c 	bcs	0x4d0c
    42d8:	e59fcfb8 	ldr	ip, [pc, #4024]	@ 0x5298
    42dc:	e156000c 	cmp	r6, ip
    42e0:	8a000289 	bhi	0x4d0c
    42e4:	e083c006 	add	ip, r3, r6
    42e8:	e59c1000 	ldr	r1, [ip]
    42ec:	e59c2004 	ldr	r2, [ip, #4]
    42f0:	e1a0a001 	mov	sl, r1
    42f4:	e1a09002 	mov	r9, r2
    42f8:	e5841088 	str	r1, [r4, #136]	@ 0x88
    42fc:	e584208c 	str	r2, [r4, #140]	@ 0x8c
    4300:	e59f0f94 	ldr	r0, [pc, #3988]	@ 0x529c
    4304:	e1a01004 	mov	r1, r4
    4308:	e59d2000 	ldr	r2, [sp]
    430c:	e59fcf8c 	ldr	ip, [pc, #3980]	@ 0x52a0
    4310:	e12fff3c 	blx	ip
    4314:	e3500000 	cmp	r0, #0
    4318:	1a00027e 	bne	0x4d18
    431c:	e5941088 	ldr	r1, [r4, #136]	@ 0x88
    4320:	e5841038 	str	r1, [r4, #56]	@ 0x38
    4324:	e594c048 	ldr	ip, [r4, #72]	@ 0x48
    4328:	e31c0008 	tst	ip, #8
    432c:	0a000049 	beq	0x4458
    4330:	e594e038 	ldr	lr, [r4, #56]	@ 0x38
    4334:	e594c020 	ldr	ip, [r4, #32]
    4338:	e04c100e 	sub	r1, ip, lr
    433c:	e1a02001 	mov	r2, r1
    4340:	e594c054 	ldr	ip, [r4, #84]	@ 0x54
    4344:	e15c0002 	cmp	ip, r2
    4348:	e594e054 	ldr	lr, [r4, #84]	@ 0x54
    434c:	d1a0e001 	movle	lr, r1
    4350:	e584e054 	str	lr, [r4, #84]	@ 0x54
    4354:	ea00003f 	b	0x4458
    4358:	e594601c 	ldr	r6, [r4, #28]
    435c:	e5953030 	ldr	r3, [r5, #48]	@ 0x30
    4360:	e2966030 	adds	r6, r6, #48	@ 0x30
    4364:	2a000268 	bcs	0x4d0c
    4368:	e59fcf28 	ldr	ip, [pc, #3880]	@ 0x5298
    436c:	e156000c 	cmp	r6, ip
    4370:	8a000265 	bhi	0x4d0c
    4374:	e083c006 	add	ip, r3, r6
    4378:	e59c1000 	ldr	r1, [ip]
    437c:	e59c2004 	ldr	r2, [ip, #4]
    4380:	e1a0a001 	mov	sl, r1
    4384:	e1a09002 	mov	r9, r2
    4388:	e3e0c000 	mvn	ip, #0
    438c:	e15c0001 	cmp	ip, r1
    4390:	e3e0c000 	mvn	ip, #0
    4394:	e0dcc002 	sbcs	ip, ip, r2
    4398:	ba000012 	blt	0x43e8
    439c:	e27a1000 	rsbs	r1, sl, #0
    43a0:	e2e92000 	rsc	r2, r9, #0
    43a4:	e1a0a001 	mov	sl, r1
    43a8:	e1a09002 	mov	r9, r2
    43ac:	e594601c 	ldr	r6, [r4, #28]
    43b0:	e5953030 	ldr	r3, [r5, #48]	@ 0x30
    43b4:	e2966030 	adds	r6, r6, #48	@ 0x30
    43b8:	2a000253 	bcs	0x4d0c
    43bc:	e59fced4 	ldr	ip, [pc, #3796]	@ 0x5298
    43c0:	e156000c 	cmp	r6, ip
    43c4:	8a000250 	bhi	0x4d0c
    43c8:	e083c006 	add	ip, r3, r6
    43cc:	e58c1000 	str	r1, [ip]
    43d0:	e58c2004 	str	r2, [ip, #4]
    43d4:	e3a0e001 	mov	lr, #1
    43d8:	e584e044 	str	lr, [r4, #68]	@ 0x44
    43dc:	e3a0eb40 	mov	lr, #64, 22	@ 0x10000
    43e0:	e584e064 	str	lr, [r4, #100]	@ 0x64
    43e4:	ea000010 	b	0x442c
    43e8:	e594c048 	ldr	ip, [r4, #72]	@ 0x48
    43ec:	e31c0e80 	tst	ip, #128, 28	@ 0x800
    43f0:	0a000005 	beq	0x440c
    43f4:	e3a0e001 	mov	lr, #1
    43f8:	e584e044 	str	lr, [r4, #68]	@ 0x44
    43fc:	e3a0eb40 	mov	lr, #64, 22	@ 0x10000
    4400:	e38ee210 	orr	lr, lr, #16, 4
    4404:	e584e064 	str	lr, [r4, #100]	@ 0x64
    4408:	ea000007 	b	0x442c
    440c:	e594c048 	ldr	ip, [r4, #72]	@ 0x48
    4410:	e20c1001 	and	r1, ip, #1
    4414:	e5841044 	str	r1, [r4, #68]	@ 0x44
    4418:	e3510000 	cmp	r1, #0
    441c:	e3a0eb40 	mov	lr, #64, 22	@ 0x10000
    4420:	e38ee220 	orr	lr, lr, #32, 4
    4424:	03a0eb40 	moveq	lr, #64, 22	@ 0x10000
    4428:	e584e064 	str	lr, [r4, #100]	@ 0x64
    442c:	e584a068 	str	sl, [r4, #104]	@ 0x68
    4430:	e584906c 	str	r9, [r4, #108]	@ 0x6c
    4434:	e59f0e68 	ldr	r0, [pc, #3688]	@ 0x52a4
    4438:	e1a01004 	mov	r1, r4
    443c:	e59d2000 	ldr	r2, [sp]
    4440:	e59fce60 	ldr	ip, [pc, #3680]	@ 0x52a8
    4444:	e12fff3c 	blx	ip
    4448:	e3500000 	cmp	r0, #0
    444c:	1a000231 	bne	0x4d18
    4450:	e5941088 	ldr	r1, [r4, #136]	@ 0x88
    4454:	e5841038 	str	r1, [r4, #56]	@ 0x38
    4458:	e594c054 	ldr	ip, [r4, #84]	@ 0x54
    445c:	e35c0000 	cmp	ip, #0
    4460:	e3a01000 	mov	r1, #0
    4464:	b3a01001 	movlt	r1, #1
    4468:	e11b0001 	tst	fp, r1
    446c:	1a00020b 	bne	0x4ca0
    4470:	e594c048 	ldr	ip, [r4, #72]	@ 0x48
    4474:	e3cc1b40 	bic	r1, ip, #64, 22	@ 0x10000
    4478:	e35b0000 	cmp	fp, #0
    447c:	e594e048 	ldr	lr, [r4, #72]	@ 0x48
    4480:	11a0e001 	movne	lr, r1
    4484:	e584e048 	str	lr, [r4, #72]	@ 0x48
    4488:	e3590000 	cmp	r9, #0
    448c:	1a000000 	bne	0x4494
    4490:	e35a0000 	cmp	sl, #0
    4494:	1a000009 	bne	0x44c0
    4498:	e594c054 	ldr	ip, [r4, #84]	@ 0x54
    449c:	e35c0000 	cmp	ip, #0
    44a0:	1a000006 	bne	0x44c0
    44a4:	e594e028 	ldr	lr, [r4, #40]	@ 0x28
    44a8:	e584e038 	str	lr, [r4, #56]	@ 0x38
    44ac:	e594e028 	ldr	lr, [r4, #40]	@ 0x28
    44b0:	e584e05c 	str	lr, [r4, #92]	@ 0x5c
    44b4:	e3a0e000 	mov	lr, #0
    44b8:	e584e054 	str	lr, [r4, #84]	@ 0x54
    44bc:	ea00018f 	b	0x4b00
    44c0:	e594e038 	ldr	lr, [r4, #56]	@ 0x38
    44c4:	e594c028 	ldr	ip, [r4, #40]	@ 0x28
    44c8:	e04c100e 	sub	r1, ip, lr
    44cc:	e19ac009 	orrs	ip, sl, r9
    44d0:	e3a02000 	mov	r2, #0
    44d4:	03a02001 	moveq	r2, #1
    44d8:	e0811002 	add	r1, r1, r2
    44dc:	e1a02001 	mov	r2, r1
    44e0:	e594c054 	ldr	ip, [r4, #84]	@ 0x54
    44e4:	e15c0002 	cmp	ip, r2
    44e8:	e594e054 	ldr	lr, [r4, #84]	@ 0x54
    44ec:	d1a0e001 	movle	lr, r1
    44f0:	e584e054 	str	lr, [r4, #84]	@ 0x54
    44f4:	ea00017f 	b	0x4af8
    44f8:	e594301c 	ldr	r3, [r4, #28]
    44fc:	e5952030 	ldr	r2, [r5, #48]	@ 0x30
    4500:	e2933030 	adds	r3, r3, #48	@ 0x30
    4504:	2a000200 	bcs	0x4d0c
    4508:	e3e0c4fe 	mvn	ip, #-33554432	@ 0xfe000000
    450c:	e3ccc8fe 	bic	ip, ip, #16646144	@ 0xfe0000
    4510:	e153000c 	cmp	r3, ip
    4514:	8a0001fc 	bhi	0x4d0c
    4518:	e7d21003 	ldrb	r1, [r2, r3]
    451c:	ea000163 	b	0x4ab0
    4520:	e594601c 	ldr	r6, [r4, #28]
    4524:	e5953030 	ldr	r3, [r5, #48]	@ 0x30
    4528:	e2966030 	adds	r6, r6, #48	@ 0x30
    452c:	2a0001f6 	bcs	0x4d0c
    4530:	e59fcd74 	ldr	ip, [pc, #3444]	@ 0x52ac
    4534:	e156000c 	cmp	r6, ip
    4538:	8a0001f3 	bhi	0x4d0c
    453c:	e7932006 	ldr	r2, [r3, r6]
    4540:	e1a03002 	mov	r3, r2
    4544:	e3530000 	cmp	r3, #0
    4548:	e3a0eb40 	mov	lr, #64, 22	@ 0x10000
    454c:	e38ee1bc 	orr	lr, lr, #188, 2	@ 0x2f
    4550:	11a0e002 	movne	lr, r2
    4554:	e584e038 	str	lr, [r4, #56]	@ 0x38
    4558:	e594c054 	ldr	ip, [r4, #84]	@ 0x54
    455c:	e37c0360 	cmn	ip, #96, 6	@ 0x80000001
    4560:	e3e02480 	mvn	r2, #128, 8	@ 0x80000000
    4564:	e594c054 	ldr	ip, [r4, #84]	@ 0x54
    4568:	31a0200c 	movcc	r2, ip
    456c:	e5842090 	str	r2, [r4, #144]	@ 0x90
    4570:	e59f0d38 	ldr	r0, [pc, #3384]	@ 0x52b0
    4574:	e1a01004 	mov	r1, r4
    4578:	e59d2000 	ldr	r2, [sp]
    457c:	e59fcd30 	ldr	ip, [pc, #3376]	@ 0x52b4
    4580:	e12fff3c 	blx	ip
    4584:	e3500000 	cmp	r0, #0
    4588:	1a0001e2 	bne	0x4d18
    458c:	e594208c 	ldr	r2, [r4, #140]	@ 0x8c
    4590:	e1a03002 	mov	r3, r2
    4594:	e594c038 	ldr	ip, [r4, #56]	@ 0x38
    4598:	e08ce002 	add	lr, ip, r2
    459c:	e584e05c 	str	lr, [r4, #92]	@ 0x5c
    45a0:	e594c054 	ldr	ip, [r4, #84]	@ 0x54
    45a4:	e37c0001 	cmn	ip, #1
    45a8:	da000003 	ble	0x45bc
    45ac:	e594e060 	ldr	lr, [r4, #96]	@ 0x60
    45b0:	e584e048 	str	lr, [r4, #72]	@ 0x48
    45b4:	e5843054 	str	r3, [r4, #84]	@ 0x54
    45b8:	ea000150 	b	0x4b00
    45bc:	e594e060 	ldr	lr, [r4, #96]	@ 0x60
    45c0:	e584e048 	str	lr, [r4, #72]	@ 0x48
    45c4:	e5843054 	str	r3, [r4, #84]	@ 0x54
    45c8:	e594605c 	ldr	r6, [r4, #92]	@ 0x5c
    45cc:	e5953030 	ldr	r3, [r5, #48]	@ 0x30
    45d0:	e3e0c4fe 	mvn	ip, #-33554432	@ 0xfe000000
    45d4:	e3ccc8fe 	bic	ip, ip, #16646144	@ 0xfe0000
    45d8:	e156000c 	cmp	r6, ip
    45dc:	8a0001ca 	bhi	0x4d0c
    45e0:	e7d32006 	ldrb	r2, [r3, r6]
    45e4:	e3520000 	cmp	r2, #0
    45e8:	1a0001ac 	bne	0x4ca0
    45ec:	ea000143 	b	0x4b00
    45f0:	e594901c 	ldr	r9, [r4, #28]
    45f4:	e5956030 	ldr	r6, [r5, #48]	@ 0x30
    45f8:	e2999030 	adds	r9, r9, #48	@ 0x30
    45fc:	2a0001c2 	bcs	0x4d0c
    4600:	e59fcc90 	ldr	ip, [pc, #3216]	@ 0x5298
    4604:	e159000c 	cmp	r9, ip
    4608:	8a0001bf 	bhi	0x4d0c
    460c:	e086c009 	add	ip, r6, r9
    4610:	e59c2000 	ldr	r2, [ip]
    4614:	e59c3004 	ldr	r3, [ip, #4]
    4618:	e1a06002 	mov	r6, r2
    461c:	e1a09003 	mov	r9, r3
    4620:	e192c003 	orrs	ip, r2, r3
    4624:	1a00001a 	bne	0x4694
    4628:	e3a01000 	mov	r1, #0
    462c:	ea00011f 	b	0x4ab0
    4630:	e594c054 	ldr	ip, [r4, #84]	@ 0x54
    4634:	e35c0000 	cmp	ip, #0
    4638:	0a000008 	beq	0x4660
    463c:	e594301c 	ldr	r3, [r4, #28]
    4640:	e5952030 	ldr	r2, [r5, #48]	@ 0x30
    4644:	e2933030 	adds	r3, r3, #48	@ 0x30
    4648:	2a0001af 	bcs	0x4d0c
    464c:	e59fcc58 	ldr	ip, [pc, #3160]	@ 0x52ac
    4650:	e153000c 	cmp	r3, ip
    4654:	8a0001ac 	bhi	0x4d0c
    4658:	e792a003 	ldr	sl, [r2, r3]
    465c:	ea00002b 	b	0x4710
    4660:	e3a07000 	mov	r7, #0
    4664:	e3a0e020 	mov	lr, #32
    4668:	e584e08c 	str	lr, [r4, #140]	@ 0x8c
    466c:	e3a0e000 	mov	lr, #0
    4670:	e584e070 	str	lr, [r4, #112]	@ 0x70
    4674:	e59f0c3c 	ldr	r0, [pc, #3132]	@ 0x52b8
    4678:	e1a01004 	mov	r1, r4
    467c:	e59d2000 	ldr	r2, [sp]
    4680:	e59fcc34 	ldr	ip, [pc, #3124]	@ 0x52bc
    4684:	e12fff3c 	blx	ip
    4688:	e3500000 	cmp	r0, #0
    468c:	1a0001a1 	bne	0x4d18
    4690:	ea000084 	b	0x48a8
    4694:	e594301c 	ldr	r3, [r4, #28]
    4698:	e5952030 	ldr	r2, [r5, #48]	@ 0x30
    469c:	e293300c 	adds	r3, r3, #12
    46a0:	2a000199 	bcs	0x4d0c
    46a4:	e59fcc00 	ldr	ip, [pc, #3072]	@ 0x52ac
    46a8:	e153000c 	cmp	r3, ip
    46ac:	8a000196 	bhi	0x4d0c
    46b0:	e3a0e000 	mov	lr, #0
    46b4:	e782e003 	str	lr, [r2, r3]
    46b8:	e594201c 	ldr	r2, [r4, #28]
    46bc:	e5950030 	ldr	r0, [r5, #48]	@ 0x30
    46c0:	e2922008 	adds	r2, r2, #8
    46c4:	2a000190 	bcs	0x4d0c
    46c8:	e59fcbdc 	ldr	ip, [pc, #3036]	@ 0x52ac
    46cc:	e152000c 	cmp	r2, ip
    46d0:	8a00018d 	bhi	0x4d0c
    46d4:	e7806002 	str	r6, [r0, r2]
    46d8:	e594c01c 	ldr	ip, [r4, #28]
    46dc:	e28c0008 	add	r0, ip, #8
    46e0:	e594301c 	ldr	r3, [r4, #28]
    46e4:	e5952030 	ldr	r2, [r5, #48]	@ 0x30
    46e8:	e2933030 	adds	r3, r3, #48	@ 0x30
    46ec:	2a000186 	bcs	0x4d0c
    46f0:	e59fcbb4 	ldr	ip, [pc, #2996]	@ 0x52ac
    46f4:	e153000c 	cmp	r3, ip
    46f8:	8a000183 	bhi	0x4d0c
    46fc:	e7820003 	str	r0, [r2, r3]
    4700:	e594c01c 	ldr	ip, [r4, #28]
    4704:	e28ca008 	add	sl, ip, #8
    4708:	e3e0e000 	mvn	lr, #0
    470c:	e584e054 	str	lr, [r4, #84]	@ 0x54
    4710:	e3a07000 	mov	r7, #0
    4714:	e1a0300a 	mov	r3, sl
    4718:	e5952030 	ldr	r2, [r5, #48]	@ 0x30
    471c:	e59fcb88 	ldr	ip, [pc, #2952]	@ 0x52ac
    4720:	e153000c 	cmp	r3, ip
    4724:	8a000178 	bhi	0x4d0c
    4728:	e7920003 	ldr	r0, [r2, r3]
    472c:	e1a02000 	mov	r2, r0
    4730:	e3500000 	cmp	r0, #0
    4734:	0a000018 	beq	0x479c
    4738:	e594c01c 	ldr	ip, [r4, #28]
    473c:	e28c0004 	add	r0, ip, #4
    4740:	e5840088 	str	r0, [r4, #136]	@ 0x88
    4744:	e5842040 	str	r2, [r4, #64]	@ 0x40
    4748:	e59f0b70 	ldr	r0, [pc, #2928]	@ 0x52c0
    474c:	e1a01004 	mov	r1, r4
    4750:	e59d2000 	ldr	r2, [sp]
    4754:	e59fcb68 	ldr	ip, [pc, #2920]	@ 0x52c4
    4758:	e12fff3c 	blx	ip
    475c:	e3500000 	cmp	r0, #0
    4760:	1a00016c 	bne	0x4d18
    4764:	e5940088 	ldr	r0, [r4, #136]	@ 0x88
    4768:	e1a02000 	mov	r2, r0
    476c:	e3500000 	cmp	r0, #0
    4770:	ba00015a 	blt	0x4ce0
    4774:	e594c054 	ldr	ip, [r4, #84]	@ 0x54
    4778:	e04c0007 	sub	r0, ip, r7
    477c:	e1520000 	cmp	r2, r0
    4780:	8a000005 	bhi	0x479c
    4784:	e28aa004 	add	sl, sl, #4
    4788:	e0822007 	add	r2, r2, r7
    478c:	e1a07002 	mov	r7, r2
    4790:	e594c054 	ldr	ip, [r4, #84]	@ 0x54
    4794:	e152000c 	cmp	r2, ip
    4798:	3affffdd 	bcc	0x4714
    479c:	e3a0e03d 	mov	lr, #61	@ 0x3d
    47a0:	e584e05c 	str	lr, [r4, #92]	@ 0x5c
    47a4:	e3570000 	cmp	r7, #0
    47a8:	ba00013e 	blt	0x4ca8
    47ac:	e3a0e020 	mov	lr, #32
    47b0:	e584e08c 	str	lr, [r4, #140]	@ 0x8c
    47b4:	e5847034 	str	r7, [r4, #52]	@ 0x34
    47b8:	e59f0b08 	ldr	r0, [pc, #2824]	@ 0x52c8
    47bc:	e1a01004 	mov	r1, r4
    47c0:	e59d2000 	ldr	r2, [sp]
    47c4:	e59fcb00 	ldr	ip, [pc, #2816]	@ 0x52cc
    47c8:	e12fff3c 	blx	ip
    47cc:	e3500000 	cmp	r0, #0
    47d0:	1a000150 	bne	0x4d18
    47d4:	e3570000 	cmp	r7, #0
    47d8:	1a000001 	bne	0x47e4
    47dc:	e3a07000 	mov	r7, #0
    47e0:	ea000030 	b	0x48a8
    47e4:	e3a06000 	mov	r6, #0
    47e8:	e594201c 	ldr	r2, [r4, #28]
    47ec:	e5950030 	ldr	r0, [r5, #48]	@ 0x30
    47f0:	e2922030 	adds	r2, r2, #48	@ 0x30
    47f4:	2a000144 	bcs	0x4d0c
    47f8:	e59fcaac 	ldr	ip, [pc, #2732]	@ 0x52ac
    47fc:	e152000c 	cmp	r2, ip
    4800:	8a000141 	bhi	0x4d0c
    4804:	e7909002 	ldr	r9, [r0, r2]
    4808:	e1a03009 	mov	r3, r9
    480c:	e5952030 	ldr	r2, [r5, #48]	@ 0x30
    4810:	e59fca94 	ldr	ip, [pc, #2708]	@ 0x52ac
    4814:	e153000c 	cmp	r3, ip
    4818:	8a00013b 	bhi	0x4d0c
    481c:	e7920003 	ldr	r0, [r2, r3]
    4820:	e1a02000 	mov	r2, r0
    4824:	e3500000 	cmp	r0, #0
    4828:	0a00001e 	beq	0x48a8
    482c:	e594c01c 	ldr	ip, [r4, #28]
    4830:	e28c0004 	add	r0, ip, #4
    4834:	e5840088 	str	r0, [r4, #136]	@ 0x88
    4838:	e5842038 	str	r2, [r4, #56]	@ 0x38
    483c:	e59f0a8c 	ldr	r0, [pc, #2700]	@ 0x52d0
    4840:	e1a01004 	mov	r1, r4
    4844:	e59d2000 	ldr	r2, [sp]
    4848:	e59fca84 	ldr	ip, [pc, #2692]	@ 0x52d4
    484c:	e12fff3c 	blx	ip
    4850:	e3500000 	cmp	r0, #0
    4854:	1a00012f 	bne	0x4d18
    4858:	e5940088 	ldr	r0, [r4, #136]	@ 0x88
    485c:	e1a02000 	mov	r2, r0
    4860:	e0800006 	add	r0, r0, r6
    4864:	e1a06000 	mov	r6, r0
    4868:	e1500007 	cmp	r0, r7
    486c:	8a00000d 	bhi	0x48a8
    4870:	e594c01c 	ldr	ip, [r4, #28]
    4874:	e28c0004 	add	r0, ip, #4
    4878:	e584008c 	str	r0, [r4, #140]	@ 0x8c
    487c:	e5842038 	str	r2, [r4, #56]	@ 0x38
    4880:	e59f0a50 	ldr	r0, [pc, #2640]	@ 0x52d8
    4884:	e1a01004 	mov	r1, r4
    4888:	e59d2000 	ldr	r2, [sp]
    488c:	e59fca48 	ldr	ip, [pc, #2632]	@ 0x52dc
    4890:	e12fff3c 	blx	ip
    4894:	e3500000 	cmp	r0, #0
    4898:	1a00011e 	bne	0x4d18
    489c:	e2899004 	add	r9, r9, #4
    48a0:	e1560007 	cmp	r6, r7
    48a4:	3affffd7 	bcc	0x4808
    48a8:	e594c048 	ldr	ip, [r4, #72]	@ 0x48
    48ac:	e22c0d80 	eor	r0, ip, #128, 26	@ 0x2000
    48b0:	e3a0e020 	mov	lr, #32
    48b4:	e584e08c 	str	lr, [r4, #140]	@ 0x8c
    48b8:	e5847034 	str	r7, [r4, #52]	@ 0x34
    48bc:	e5840098 	str	r0, [r4, #152]	@ 0x98
    48c0:	e59f0a18 	ldr	r0, [pc, #2584]	@ 0x52e0
    48c4:	e1a01004 	mov	r1, r4
    48c8:	e59d2000 	ldr	r2, [sp]
    48cc:	e59fca10 	ldr	ip, [pc, #2576]	@ 0x52e4
    48d0:	e12fff3c 	blx	ip
    48d4:	e3500000 	cmp	r0, #0
    48d8:	1a00010e 	bne	0x4d18
    48dc:	e594c050 	ldr	ip, [r4, #80]	@ 0x50
    48e0:	e15c0007 	cmp	ip, r7
    48e4:	e594e050 	ldr	lr, [r4, #80]	@ 0x50
    48e8:	d1a0e007 	movle	lr, r7
    48ec:	e584e034 	str	lr, [r4, #52]	@ 0x34
    48f0:	eafffb06 	b	0x3510
    48f4:	e594c054 	ldr	ip, [r4, #84]	@ 0x54
    48f8:	e35c0000 	cmp	ip, #0
    48fc:	e3a00000 	mov	r0, #0
    4900:	b3a00001 	movlt	r0, #1
    4904:	e11b0000 	tst	fp, r0
    4908:	1a0000e4 	bne	0x4ca0
    490c:	e3a0e03d 	mov	lr, #61	@ 0x3d
    4910:	e584e05c 	str	lr, [r4, #92]	@ 0x5c
    4914:	e594201c 	ldr	r2, [r4, #28]
    4918:	e5950030 	ldr	r0, [r5, #48]	@ 0x30
    491c:	e2922030 	adds	r2, r2, #48	@ 0x30
    4920:	2a0000f9 	bcs	0x4d0c
    4924:	e59fc96c 	ldr	ip, [pc, #2412]	@ 0x5298
    4928:	e152000c 	cmp	r2, ip
    492c:	8a0000f6 	bhi	0x4d0c
    4930:	e080c002 	add	ip, r0, r2
    4934:	e59ce000 	ldr	lr, [ip]
    4938:	e59cc004 	ldr	ip, [ip, #4]
    493c:	ec4cea10 	vmov	s0, s1, lr, ip
    4940:	ed840b23 	vstr	d0, [r4, #140]	@ 0x8c
    4944:	e5848034 	str	r8, [r4, #52]	@ 0x34
    4948:	e59f0998 	ldr	r0, [pc, #2456]	@ 0x52e8
    494c:	e1a01004 	mov	r1, r4
    4950:	e59d2000 	ldr	r2, [sp]
    4954:	e59fc990 	ldr	ip, [pc, #2448]	@ 0x52ec
    4958:	e12fff3c 	blx	ip
    495c:	e3500000 	cmp	r0, #0
    4960:	1a0000ec 	bne	0x4d18
    4964:	e5940088 	ldr	r0, [r4, #136]	@ 0x88
    4968:	e5840034 	str	r0, [r4, #52]	@ 0x34
    496c:	e3500000 	cmp	r0, #0
    4970:	aafffae6 	bge	0x3510
    4974:	ea0000cb 	b	0x4ca8
    4978:	e5942034 	ldr	r2, [r4, #52]	@ 0x34
    497c:	e5950030 	ldr	r0, [r5, #48]	@ 0x30
    4980:	e2922001 	adds	r2, r2, #1
    4984:	2a0000e0 	bcs	0x4d0c
    4988:	e3e0c4fe 	mvn	ip, #-33554432	@ 0xfe000000
    498c:	e3ccc8fe 	bic	ip, ip, #16646144	@ 0xfe0000
    4990:	e152000c 	cmp	r2, ip
    4994:	8a0000dc 	bhi	0x4d0c
    4998:	e7d0e002 	ldrb	lr, [r0, r2]
    499c:	e584e03c 	str	lr, [r4, #60]	@ 0x3c
    49a0:	e594c034 	ldr	ip, [r4, #52]	@ 0x34
    49a4:	e28ce001 	add	lr, ip, #1
    49a8:	e584e034 	str	lr, [r4, #52]	@ 0x34
    49ac:	eafffaef 	b	0x3570
    49b0:	e594c000 	ldr	ip, [r4]
    49b4:	e35c0000 	cmp	ip, #0
    49b8:	1a0000ca 	bne	0x4ce8
    49bc:	e594c02c 	ldr	ip, [r4, #44]	@ 0x2c
    49c0:	e35c0000 	cmp	ip, #0
    49c4:	0a0000b2 	beq	0x4c94
    49c8:	e3a06001 	mov	r6, #1
    49cc:	e1a00106 	lsl	r0, r6, #2
    49d0:	e594c010 	ldr	ip, [r4, #16]
    49d4:	e08c0000 	add	r0, ip, r0
    49d8:	e1a03000 	mov	r3, r0
    49dc:	e5952030 	ldr	r2, [r5, #48]	@ 0x30
    49e0:	e59fc8c4 	ldr	ip, [pc, #2244]	@ 0x52ac
    49e4:	e153000c 	cmp	r3, ip
    49e8:	8a0000c7 	bhi	0x4d0c
    49ec:	e7920003 	ldr	r0, [r2, r3]
    49f0:	e1a02000 	mov	r2, r0
    49f4:	e3500000 	cmp	r0, #0
    49f8:	0a000012 	beq	0x4a48
    49fc:	e1a00186 	lsl	r0, r6, #3
    4a00:	e594c00c 	ldr	ip, [r4, #12]
    4a04:	e08c0000 	add	r0, ip, r0
    4a08:	e5840088 	str	r0, [r4, #136]	@ 0x88
    4a0c:	e584203c 	str	r2, [r4, #60]	@ 0x3c
    4a10:	e59f08d8 	ldr	r0, [pc, #2264]	@ 0x52f0
    4a14:	e1a01004 	mov	r1, r4
    4a18:	e59d2000 	ldr	r2, [sp]
    4a1c:	e59fc8d0 	ldr	ip, [pc, #2256]	@ 0x52f4
    4a20:	e12fff3c 	blx	ip
    4a24:	e3500000 	cmp	r0, #0
    4a28:	1a0000ba 	bne	0x4d18
    4a2c:	e3a0e001 	mov	lr, #1
    4a30:	e584e030 	str	lr, [r4, #48]	@ 0x30
    4a34:	e2860001 	add	r0, r6, #1
    4a38:	e1a06000 	mov	r6, r0
    4a3c:	e350000a 	cmp	r0, #10
    4a40:	1affffe1 	bne	0x49cc
    4a44:	ea0000a7 	b	0x4ce8
    4a48:	e356000a 	cmp	r6, #10
    4a4c:	3a000002 	bcc	0x4a5c
    4a50:	e3a0e001 	mov	lr, #1
    4a54:	e584e030 	str	lr, [r4, #48]	@ 0x30
    4a58:	ea0000a2 	b	0x4ce8
    4a5c:	e1a00106 	lsl	r0, r6, #2
    4a60:	e594c010 	ldr	ip, [r4, #16]
    4a64:	e08c0000 	add	r0, ip, r0
    4a68:	e1a03000 	mov	r3, r0
    4a6c:	e5952030 	ldr	r2, [r5, #48]	@ 0x30
    4a70:	e59fc834 	ldr	ip, [pc, #2100]	@ 0x52ac
    4a74:	e153000c 	cmp	r3, ip
    4a78:	8a0000a3 	bhi	0x4d0c
    4a7c:	e7920003 	ldr	r0, [r2, r3]
    4a80:	e3500000 	cmp	r0, #0
    4a84:	1a000006 	bne	0x4aa4
    4a88:	e3a0e001 	mov	lr, #1
    4a8c:	e584e030 	str	lr, [r4, #48]	@ 0x30
    4a90:	e2860001 	add	r0, r6, #1
    4a94:	e1a06000 	mov	r6, r0
    4a98:	e350000a 	cmp	r0, #10
    4a9c:	0a000091 	beq	0x4ce8
    4aa0:	eaffffed 	b	0x4a5c
    4aa4:	e3a0e01c 	mov	lr, #28
    4aa8:	e584e05c 	str	lr, [r4, #92]	@ 0x5c
    4aac:	ea00007d 	b	0x4ca8
    4ab0:	e594201c 	ldr	r2, [r4, #28]
    4ab4:	e5950030 	ldr	r0, [r5, #48]	@ 0x30
    4ab8:	e2922027 	adds	r2, r2, #39	@ 0x27
    4abc:	2a000092 	bcs	0x4d0c
    4ac0:	e3e0c4fe 	mvn	ip, #-33554432	@ 0xfe000000
    4ac4:	e3ccc8fe 	bic	ip, ip, #16646144	@ 0xfe0000
    4ac8:	e152000c 	cmp	r2, ip
    4acc:	8a00008e 	bhi	0x4d0c
    4ad0:	e7c01002 	strb	r1, [r0, r2]
    4ad4:	e3a0e001 	mov	lr, #1
    4ad8:	e584e054 	str	lr, [r4, #84]	@ 0x54
    4adc:	e594e024 	ldr	lr, [r4, #36]	@ 0x24
    4ae0:	e584e038 	str	lr, [r4, #56]	@ 0x38
    4ae4:	e594e028 	ldr	lr, [r4, #40]	@ 0x28
    4ae8:	e584e05c 	str	lr, [r4, #92]	@ 0x5c
    4aec:	e594e060 	ldr	lr, [r4, #96]	@ 0x60
    4af0:	e584e048 	str	lr, [r4, #72]	@ 0x48
    4af4:	ea000001 	b	0x4b00
    4af8:	e594e028 	ldr	lr, [r4, #40]	@ 0x28
    4afc:	e584e05c 	str	lr, [r4, #92]	@ 0x5c
    4b00:	e594e038 	ldr	lr, [r4, #56]	@ 0x38
    4b04:	e594c05c 	ldr	ip, [r4, #92]	@ 0x5c
    4b08:	e04c000e 	sub	r0, ip, lr
    4b0c:	e1a06000 	mov	r6, r0
    4b10:	e594c054 	ldr	ip, [r4, #84]	@ 0x54
    4b14:	e15c0006 	cmp	ip, r6
    4b18:	e594c054 	ldr	ip, [r4, #84]	@ 0x54
    4b1c:	c1a0000c 	movgt	r0, ip
    4b20:	e1a07000 	mov	r7, r0
    4b24:	e594c044 	ldr	ip, [r4, #68]	@ 0x44
    4b28:	e3e0e480 	mvn	lr, #128, 8	@ 0x80000000
    4b2c:	e02c100e 	eor	r1, ip, lr
    4b30:	e1500001 	cmp	r0, r1
    4b34:	ca000059 	bgt	0x4ca0
    4b38:	e3a0e03d 	mov	lr, #61	@ 0x3d
    4b3c:	e584e05c 	str	lr, [r4, #92]	@ 0x5c
    4b40:	e594c044 	ldr	ip, [r4, #68]	@ 0x44
    4b44:	e08c0007 	add	r0, ip, r7
    4b48:	e1a08000 	mov	r8, r0
    4b4c:	e594c050 	ldr	ip, [r4, #80]	@ 0x50
    4b50:	e15c0008 	cmp	ip, r8
    4b54:	e594c050 	ldr	ip, [r4, #80]	@ 0x50
    4b58:	c1a0000c 	movgt	r0, ip
    4b5c:	e5840034 	str	r0, [r4, #52]	@ 0x34
    4b60:	e594c03c 	ldr	ip, [r4, #60]	@ 0x3c
    4b64:	e150000c 	cmp	r0, ip
    4b68:	8a00004e 	bhi	0x4ca8
    4b6c:	e3a0e020 	mov	lr, #32
    4b70:	e584e08c 	str	lr, [r4, #140]	@ 0x8c
    4b74:	e5848040 	str	r8, [r4, #64]	@ 0x40
    4b78:	e59f0778 	ldr	r0, [pc, #1912]	@ 0x52f8
    4b7c:	e1a01004 	mov	r1, r4
    4b80:	e59d2000 	ldr	r2, [sp]
    4b84:	e59fc770 	ldr	ip, [pc, #1904]	@ 0x52fc
    4b88:	e12fff3c 	blx	ip
    4b8c:	e3500000 	cmp	r0, #0
    4b90:	1a000060 	bne	0x4d18
    4b94:	e59f0764 	ldr	r0, [pc, #1892]	@ 0x5300
    4b98:	e1a01004 	mov	r1, r4
    4b9c:	e59d2000 	ldr	r2, [sp]
    4ba0:	e59fc75c 	ldr	ip, [pc, #1884]	@ 0x5304
    4ba4:	e12fff3c 	blx	ip
    4ba8:	e3500000 	cmp	r0, #0
    4bac:	1a000059 	bne	0x4d18
    4bb0:	e594c048 	ldr	ip, [r4, #72]	@ 0x48
    4bb4:	e22c0b40 	eor	r0, ip, #64, 22	@ 0x10000
    4bb8:	e3a0e030 	mov	lr, #48	@ 0x30
    4bbc:	e584e08c 	str	lr, [r4, #140]	@ 0x8c
    4bc0:	e5848040 	str	r8, [r4, #64]	@ 0x40
    4bc4:	e5840098 	str	r0, [r4, #152]	@ 0x98
    4bc8:	e59f0738 	ldr	r0, [pc, #1848]	@ 0x5308
    4bcc:	e1a01004 	mov	r1, r4
    4bd0:	e59d2000 	ldr	r2, [sp]
    4bd4:	e59fc730 	ldr	ip, [pc, #1840]	@ 0x530c
    4bd8:	e12fff3c 	blx	ip
    4bdc:	e3500000 	cmp	r0, #0
    4be0:	1a00004c 	bne	0x4d18
    4be4:	e3a0e030 	mov	lr, #48	@ 0x30
    4be8:	e584e08c 	str	lr, [r4, #140]	@ 0x8c
    4bec:	e584704c 	str	r7, [r4, #76]	@ 0x4c
    4bf0:	e5846004 	str	r6, [r4, #4]
    4bf4:	e3a0e000 	mov	lr, #0
    4bf8:	e584e070 	str	lr, [r4, #112]	@ 0x70
    4bfc:	e59f070c 	ldr	r0, [pc, #1804]	@ 0x5310
    4c00:	e1a01004 	mov	r1, r4
    4c04:	e59d2000 	ldr	r2, [sp]
    4c08:	e59fc704 	ldr	ip, [pc, #1796]	@ 0x5314
    4c0c:	e12fff3c 	blx	ip
    4c10:	e3500000 	cmp	r0, #0
    4c14:	1a00003f 	bne	0x4d18
    4c18:	e5846004 	str	r6, [r4, #4]
    4c1c:	e59f06f4 	ldr	r0, [pc, #1780]	@ 0x5318
    4c20:	e1a01004 	mov	r1, r4
    4c24:	e59d2000 	ldr	r2, [sp]
    4c28:	e59fc6ec 	ldr	ip, [pc, #1772]	@ 0x531c
    4c2c:	e12fff3c 	blx	ip
    4c30:	e3500000 	cmp	r0, #0
    4c34:	1a000037 	bne	0x4d18
    4c38:	e594c048 	ldr	ip, [r4, #72]	@ 0x48
    4c3c:	e22c0d80 	eor	r0, ip, #128, 26	@ 0x2000
    4c40:	e3a0e020 	mov	lr, #32
    4c44:	e584e08c 	str	lr, [r4, #140]	@ 0x8c
    4c48:	e5848040 	str	r8, [r4, #64]	@ 0x40
    4c4c:	e5840098 	str	r0, [r4, #152]	@ 0x98
    4c50:	e59f06c8 	ldr	r0, [pc, #1736]	@ 0x5320
    4c54:	e1a01004 	mov	r1, r4
    4c58:	e59d2000 	ldr	r2, [sp]
    4c5c:	e59fc6c0 	ldr	ip, [pc, #1728]	@ 0x5324
    4c60:	e12fff3c 	blx	ip
    4c64:	e3500000 	cmp	r0, #0
    4c68:	1a00002a 	bne	0x4d18
    4c6c:	e594101c 	ldr	r1, [r4, #28]
    4c70:	e5950030 	ldr	r0, [r5, #48]	@ 0x30
    4c74:	e291103c 	adds	r1, r1, #60	@ 0x3c
    4c78:	2a000023 	bcs	0x4d0c
    4c7c:	e59fc628 	ldr	ip, [pc, #1576]	@ 0x52ac
    4c80:	e151000c 	cmp	r1, ip
    4c84:	8a000020 	bhi	0x4d0c
    4c88:	e790e001 	ldr	lr, [r0, r1]
    4c8c:	e584e004 	str	lr, [r4, #4]
    4c90:	eafffa1e 	b	0x3510
    4c94:	e3a0e000 	mov	lr, #0
    4c98:	e584e030 	str	lr, [r4, #48]	@ 0x30
    4c9c:	ea000011 	b	0x4ce8
    4ca0:	e3a0e03d 	mov	lr, #61	@ 0x3d
    4ca4:	e584e05c 	str	lr, [r4, #92]	@ 0x5c
    4ca8:	e59f0678 	ldr	r0, [pc, #1656]	@ 0x5328
    4cac:	e1a01004 	mov	r1, r4
    4cb0:	e59d2000 	ldr	r2, [sp]
    4cb4:	e59fc670 	ldr	ip, [pc, #1648]	@ 0x532c
    4cb8:	e12fff3c 	blx	ip
    4cbc:	e3500000 	cmp	r0, #0
    4cc0:	1a000014 	bne	0x4d18
    4cc4:	e5940088 	ldr	r0, [r4, #136]	@ 0x88
    4cc8:	e5951030 	ldr	r1, [r5, #48]	@ 0x30
    4ccc:	e594205c 	ldr	r2, [r4, #92]	@ 0x5c
    4cd0:	e59fc5d4 	ldr	ip, [pc, #1492]	@ 0x52ac
    4cd4:	e150000c 	cmp	r0, ip
    4cd8:	8a00000b 	bhi	0x4d0c
    4cdc:	e7812000 	str	r2, [r1, r0]
    4ce0:	e3e0e000 	mvn	lr, #0
    4ce4:	e584e030 	str	lr, [r4, #48]	@ 0x30
    4ce8:	e594c01c 	ldr	ip, [r4, #28]
    4cec:	e28c0040 	add	r0, ip, #64	@ 0x40
    4cf0:	e595103c 	ldr	r1, [r5, #60]	@ 0x3c
    4cf4:	e5810008 	str	r0, [r1, #8]
    4cf8:	e59f0630 	ldr	r0, [pc, #1584]	@ 0x5330
    4cfc:	e30ccabc 	movw	ip, #51900	@ 0xcabc
    4d00:	e34ccdef 	movt	ip, #52719	@ 0xcdef
    4d04:	e28dd004 	add	sp, sp, #4
    4d08:	e8bd8fc0 	pop	{r6, r7, r8, r9, sl, fp, pc}
    4d0c:	e3a00008 	mov	r0, #8
    4d10:	e59d1000 	ldr	r1, [sp]
    4d14:	e5810010 	str	r0, [r1, #16]
    4d18:	e59d0000 	ldr	r0, [sp]
    4d1c:	e59d101c 	ldr	r1, [sp, #28]
    4d20:	e59fc60c 	ldr	ip, [pc, #1548]	@ 0x5334
    4d24:	e12fff3c 	blx	ip
    4d28:	e28dd004 	add	sp, sp, #4
    4d2c:	e8bd0fc0 	pop	{r6, r7, r8, r9, sl, fp}
    4d30:	e28dd004 	add	sp, sp, #4
    4d34:	e12fff10 	bx	r0
    4d38:	e92d40c0 	push	{r6, r7, lr}
    4d3c:	e24dd004 	sub	sp, sp, #4
    4d40:	e58d0000 	str	r0, [sp]
    4d44:	e30cc123 	movw	ip, #49443	@ 0xc123
    4d48:	e34cc456 	movt	ip, #50262	@ 0xc456
    4d4c:	e5940000 	ldr	r0, [r4]
    4d50:	e5941004 	ldr	r1, [r4, #4]
    4d54:	e5942008 	ldr	r2, [r4, #8]
    4d58:	e1a07000 	mov	r7, r0
    4d5c:	e5956030 	ldr	r6, [r5, #48]	@ 0x30
    4d60:	e3e0c4fe 	mvn	ip, #-33554432	@ 0xfe000000
    4d64:	e3ccc8fe 	bic	ip, ip, #16646144	@ 0xfe0000
    4d68:	e157000c 	cmp	r7, ip
    4d6c:	8a000011 	bhi	0x4db8
    4d70:	e7d63007 	ldrb	r3, [r6, r7]
    4d74:	e3130020 	tst	r3, #32
    4d78:	1a000009 	bne	0x4da4
    4d7c:	e5841004 	str	r1, [r4, #4]
    4d80:	e5842008 	str	r2, [r4, #8]
    4d84:	e5840000 	str	r0, [r4]
    4d88:	e59f05a8 	ldr	r0, [pc, #1448]	@ 0x5338
    4d8c:	e1a01004 	mov	r1, r4
    4d90:	e59d2000 	ldr	r2, [sp]
    4d94:	e59fc5a0 	ldr	ip, [pc, #1440]	@ 0x533c
    4d98:	e12fff3c 	blx	ip
    4d9c:	e3500000 	cmp	r0, #0
    4da0:	1a000007 	bne	0x4dc4
    4da4:	e59f0594 	ldr	r0, [pc, #1428]	@ 0x5340
    4da8:	e30ccabc 	movw	ip, #51900	@ 0xcabc
    4dac:	e34ccdef 	movt	ip, #52719	@ 0xcdef
    4db0:	e28dd004 	add	sp, sp, #4
    4db4:	e8bd80c0 	pop	{r6, r7, pc}
    4db8:	e3a00008 	mov	r0, #8
    4dbc:	e59d1000 	ldr	r1, [sp]
    4dc0:	e5810010 	str	r0, [r1, #16]
    4dc4:	e59d0000 	ldr	r0, [sp]
    4dc8:	e59d100c 	ldr	r1, [sp, #12]
    4dcc:	e59fc570 	ldr	ip, [pc, #1392]	@ 0x5344
    4dd0:	e12fff3c 	blx	ip
    4dd4:	e28dd004 	add	sp, sp, #4
    4dd8:	e8bd00c0 	pop	{r6, r7}
    4ddc:	e28dd004 	add	sp, sp, #4
    4de0:	e12fff10 	bx	r0
    4de4:	e92d47c0 	push	{r6, r7, r8, r9, sl, lr}
    4de8:	e24dd008 	sub	sp, sp, #8
    4dec:	e58d0000 	str	r0, [sp]
    4df0:	e30cc123 	movw	ip, #49443	@ 0xc123
    4df4:	e34cc456 	movt	ip, #50262	@ 0xc456
    4df8:	e5940000 	ldr	r0, [r4]
    4dfc:	e3a01000 	mov	r1, #0
    4e00:	e1a06000 	mov	r6, r0
    4e04:	e5953030 	ldr	r3, [r5, #48]	@ 0x30
    4e08:	e59fc49c 	ldr	ip, [pc, #1180]	@ 0x52ac
    4e0c:	e156000c 	cmp	r6, ip
    4e10:	8a00003c 	bhi	0x4f08
    4e14:	e7932006 	ldr	r2, [r3, r6]
    4e18:	e1a03002 	mov	r3, r2
    4e1c:	e1a07002 	mov	r7, r2
    4e20:	e5956030 	ldr	r6, [r5, #48]	@ 0x30
    4e24:	e3e0c4fe 	mvn	ip, #-33554432	@ 0xfe000000
    4e28:	e3ccc8fe 	bic	ip, ip, #16646144	@ 0xfe0000
    4e2c:	e157000c 	cmp	r7, ip
    4e30:	8a000034 	bhi	0x4f08
    4e34:	e19620d7 	ldrsb	r2, [r6, r7]
    4e38:	e2422030 	sub	r2, r2, #48	@ 0x30
    4e3c:	e1a06002 	mov	r6, r2
    4e40:	e3520009 	cmp	r2, #9
    4e44:	9a000004 	bls	0x4e5c
    4e48:	e3a0e000 	mov	lr, #0
    4e4c:	e584e018 	str	lr, [r4, #24]
    4e50:	e3a009ff 	mov	r0, #4177920	@ 0x3fc000
    4e54:	e3800eba 	orr	r0, r0, #2976	@ 0xba0
    4e58:	ea000028 	b	0x4f00
    4e5c:	e3e02000 	mvn	r2, #0
    4e60:	e59fc4e0 	ldr	ip, [pc, #1248]	@ 0x5348
    4e64:	e151000c 	cmp	r1, ip
    4e68:	8a000008 	bhi	0x4e90
    4e6c:	e3a0c00a 	mov	ip, #10
    4e70:	e0070c91 	mul	r7, r1, ip
    4e74:	e1a08007 	mov	r8, r7
    4e78:	e0867007 	add	r7, r6, r7
    4e7c:	e3e0c480 	mvn	ip, #128, 8	@ 0x80000000
    4e80:	e028800c 	eor	r8, r8, ip
    4e84:	e1560008 	cmp	r6, r8
    4e88:	e3e02000 	mvn	r2, #0
    4e8c:	91a02007 	movls	r2, r7
    4e90:	e2837001 	add	r7, r3, #1
    4e94:	e1a08007 	mov	r8, r7
    4e98:	e1a0a000 	mov	sl, r0
    4e9c:	e5959030 	ldr	r9, [r5, #48]	@ 0x30
    4ea0:	e59fc404 	ldr	ip, [pc, #1028]	@ 0x52ac
    4ea4:	e15a000c 	cmp	sl, ip
    4ea8:	8a000016 	bhi	0x4f08
    4eac:	e789700a 	str	r7, [r9, sl]
    4eb0:	e1a0a003 	mov	sl, r3
    4eb4:	e5959030 	ldr	r9, [r5, #48]	@ 0x30
    4eb8:	e29aa001 	adds	sl, sl, #1
    4ebc:	2a000011 	bcs	0x4f08
    4ec0:	e3e0c4fe 	mvn	ip, #-33554432	@ 0xfe000000
    4ec4:	e3ccc8fe 	bic	ip, ip, #16646144	@ 0xfe0000
    4ec8:	e15a000c 	cmp	sl, ip
    4ecc:	8a00000d 	bhi	0x4f08
    4ed0:	e19970da 	ldrsb	r7, [r9, sl]
    4ed4:	e1a01002 	mov	r1, r2
    4ed8:	e1a03008 	mov	r3, r8
    4edc:	e2477030 	sub	r7, r7, #48	@ 0x30
    4ee0:	e1a06007 	mov	r6, r7
    4ee4:	e357000a 	cmp	r7, #10
    4ee8:	3affffdb 	bcc	0x4e5c
    4eec:	e5842010 	str	r2, [r4, #16]
    4ef0:	e3a009ff 	mov	r0, #4177920	@ 0x3fc000
    4ef4:	e3800ec9 	orr	r0, r0, #3216	@ 0xc90
    4ef8:	e30ccabc 	movw	ip, #51900	@ 0xcabc
    4efc:	e34ccdef 	movt	ip, #52719	@ 0xcdef
    4f00:	e28dd008 	add	sp, sp, #8
    4f04:	e8bd87c0 	pop	{r6, r7, r8, r9, sl, pc}
    4f08:	e3a00008 	mov	r0, #8
    4f0c:	e59d1000 	ldr	r1, [sp]
    4f10:	e5810010 	str	r0, [r1, #16]
    4f14:	e59d0000 	ldr	r0, [sp]
    4f18:	e59d101c 	ldr	r1, [sp, #28]
    4f1c:	e59fc428 	ldr	ip, [pc, #1064]	@ 0x534c
    4f20:	e12fff3c 	blx	ip
    4f24:	e28dd008 	add	sp, sp, #8
    4f28:	e8bd07c0 	pop	{r6, r7, r8, r9, sl}
    4f2c:	e28dd004 	add	sp, sp, #4
    4f30:	e12fff10 	bx	r0
    4f34:	e92d41c0 	push	{r6, r7, r8, lr}
    4f38:	e24dd008 	sub	sp, sp, #8
    4f3c:	e58d0000 	str	r0, [sp]
    4f40:	e30cc123 	movw	ip, #49443	@ 0xc123
    4f44:	e34cc456 	movt	ip, #50262	@ 0xc456
    4f48:	e5940000 	ldr	r0, [r4]
    4f4c:	e5941004 	ldr	r1, [r4, #4]
    4f50:	e5942008 	ldr	r2, [r4, #8]
    4f54:	e594300c 	ldr	r3, [r4, #12]
    4f58:	e2411009 	sub	r1, r1, #9
    4f5c:	e1a0e001 	mov	lr, r1
    4f60:	e35e0012 	cmp	lr, #18
    4f64:	23a0e012 	movcs	lr, #18
    4f68:	e1a0e10e 	lsl	lr, lr, #2
    4f6c:	e59fc3dc 	ldr	ip, [pc, #988]	@ 0x5350
    4f70:	e08ee00c 	add	lr, lr, ip
    4f74:	e59ec000 	ldr	ip, [lr]
    4f78:	e12fff1c 	bx	ip
    4f7c:	e1a07002 	mov	r7, r2
    4f80:	e5956030 	ldr	r6, [r5, #48]	@ 0x30
    4f84:	e59fc320 	ldr	ip, [pc, #800]	@ 0x52ac
    4f88:	e157000c 	cmp	r7, ip
    4f8c:	8a00025e 	bhi	0x590c
    4f90:	e7961007 	ldr	r1, [r6, r7]
    4f94:	e1a06001 	mov	r6, r1
    4f98:	e2811004 	add	r1, r1, #4
    4f9c:	e1a08002 	mov	r8, r2
    4fa0:	e5957030 	ldr	r7, [r5, #48]	@ 0x30
    4fa4:	e59fc300 	ldr	ip, [pc, #768]	@ 0x52ac
    4fa8:	e158000c 	cmp	r8, ip
    4fac:	8a000256 	bhi	0x590c
    4fb0:	e7871008 	str	r1, [r7, r8]
    4fb4:	e1a07006 	mov	r7, r6
    4fb8:	e5951030 	ldr	r1, [r5, #48]	@ 0x30
    4fbc:	e59fc2e8 	ldr	ip, [pc, #744]	@ 0x52ac
    4fc0:	e157000c 	cmp	r7, ip
    4fc4:	8a000250 	bhi	0x590c
    4fc8:	e7916007 	ldr	r6, [r1, r7]
    4fcc:	e1a07000 	mov	r7, r0
    4fd0:	e5951030 	ldr	r1, [r5, #48]	@ 0x30
    4fd4:	e59fc2d0 	ldr	ip, [pc, #720]	@ 0x52ac
    4fd8:	e157000c 	cmp	r7, ip
    4fdc:	8a00024a 	bhi	0x590c
    4fe0:	e7816007 	str	r6, [r1, r7]
    4fe4:	e59f0368 	ldr	r0, [pc, #872]	@ 0x5354
    4fe8:	ea000245 	b	0x5904
    4fec:	e1a07002 	mov	r7, r2
    4ff0:	e5956030 	ldr	r6, [r5, #48]	@ 0x30
    4ff4:	e59fc2b0 	ldr	ip, [pc, #688]	@ 0x52ac
    4ff8:	e157000c 	cmp	r7, ip
    4ffc:	8a000242 	bhi	0x590c
    5000:	e7961007 	ldr	r1, [r6, r7]
    5004:	e1a06001 	mov	r6, r1
    5008:	e2811004 	add	r1, r1, #4
    500c:	e1a08002 	mov	r8, r2
    5010:	e5957030 	ldr	r7, [r5, #48]	@ 0x30
    5014:	e59fc290 	ldr	ip, [pc, #656]	@ 0x52ac
    5018:	e158000c 	cmp	r8, ip
    501c:	8a00023a 	bhi	0x590c
    5020:	e7871008 	str	r1, [r7, r8]
    5024:	e5958030 	ldr	r8, [r5, #48]	@ 0x30
    5028:	e59fc27c 	ldr	ip, [pc, #636]	@ 0x52ac
    502c:	e156000c 	cmp	r6, ip
    5030:	8a000235 	bhi	0x590c
    5034:	e7981006 	ldr	r1, [r8, r6]
    5038:	e1a07fc1 	asr	r7, r1, #31
    503c:	e1a08000 	mov	r8, r0
    5040:	e5956030 	ldr	r6, [r5, #48]	@ 0x30
    5044:	e59fc24c 	ldr	ip, [pc, #588]	@ 0x5298
    5048:	e158000c 	cmp	r8, ip
    504c:	8a00022e 	bhi	0x590c
    5050:	e086c008 	add	ip, r6, r8
    5054:	e58c1000 	str	r1, [ip]
    5058:	e58c7004 	str	r7, [ip, #4]
    505c:	e59f02f4 	ldr	r0, [pc, #756]	@ 0x5358
    5060:	ea000227 	b	0x5904
    5064:	e1a07002 	mov	r7, r2
    5068:	e5956030 	ldr	r6, [r5, #48]	@ 0x30
    506c:	e59fc238 	ldr	ip, [pc, #568]	@ 0x52ac
    5070:	e157000c 	cmp	r7, ip
    5074:	8a000224 	bhi	0x590c
    5078:	e7961007 	ldr	r1, [r6, r7]
    507c:	e1a06001 	mov	r6, r1
    5080:	e2811004 	add	r1, r1, #4
    5084:	e1a08002 	mov	r8, r2
    5088:	e5957030 	ldr	r7, [r5, #48]	@ 0x30
    508c:	e59fc218 	ldr	ip, [pc, #536]	@ 0x52ac
    5090:	e158000c 	cmp	r8, ip
    5094:	8a00021c 	bhi	0x590c
    5098:	e7871008 	str	r1, [r7, r8]
    509c:	e5958030 	ldr	r8, [r5, #48]	@ 0x30
    50a0:	e59fc204 	ldr	ip, [pc, #516]	@ 0x52ac
    50a4:	e156000c 	cmp	r6, ip
    50a8:	8a000217 	bhi	0x590c
    50ac:	e7981006 	ldr	r1, [r8, r6]
    50b0:	e3a07000 	mov	r7, #0
    50b4:	e1a08000 	mov	r8, r0
    50b8:	e5956030 	ldr	r6, [r5, #48]	@ 0x30
    50bc:	e59fc1d4 	ldr	ip, [pc, #468]	@ 0x5298
    50c0:	e158000c 	cmp	r8, ip
    50c4:	8a000210 	bhi	0x590c
    50c8:	e086c008 	add	ip, r6, r8
    50cc:	e58c1000 	str	r1, [ip]
    50d0:	e58c7004 	str	r7, [ip, #4]
    50d4:	e59f0280 	ldr	r0, [pc, #640]	@ 0x535c
    50d8:	ea000209 	b	0x5904
    50dc:	e1a07002 	mov	r7, r2
    50e0:	e5956030 	ldr	r6, [r5, #48]	@ 0x30
    50e4:	e59fc1c0 	ldr	ip, [pc, #448]	@ 0x52ac
    50e8:	e157000c 	cmp	r7, ip
    50ec:	8a000206 	bhi	0x590c
    50f0:	e7961007 	ldr	r1, [r6, r7]
    50f4:	e1a06001 	mov	r6, r1
    50f8:	e2811004 	add	r1, r1, #4
    50fc:	e1a08002 	mov	r8, r2
    5100:	e5957030 	ldr	r7, [r5, #48]	@ 0x30
    5104:	e59fc1a0 	ldr	ip, [pc, #416]	@ 0x52ac
    5108:	e158000c 	cmp	r8, ip
    510c:	8a0001fe 	bhi	0x590c
    5110:	e7871008 	str	r1, [r7, r8]
    5114:	e5958030 	ldr	r8, [r5, #48]	@ 0x30
    5118:	e59fc18c 	ldr	ip, [pc, #396]	@ 0x52ac
    511c:	e156000c 	cmp	r6, ip
    5120:	8a0001f9 	bhi	0x590c
    5124:	e7981006 	ldr	r1, [r8, r6]
    5128:	e1a07fc1 	asr	r7, r1, #31
    512c:	e1a08000 	mov	r8, r0
    5130:	e5956030 	ldr	r6, [r5, #48]	@ 0x30
    5134:	e59fc15c 	ldr	ip, [pc, #348]	@ 0x5298
    5138:	e158000c 	cmp	r8, ip
    513c:	8a0001f2 	bhi	0x590c
    5140:	e086c008 	add	ip, r6, r8
    5144:	e58c1000 	str	r1, [ip]
    5148:	e58c7004 	str	r7, [ip, #4]
    514c:	e59f020c 	ldr	r0, [pc, #524]	@ 0x5360
    5150:	ea0001eb 	b	0x5904
    5154:	e1a07002 	mov	r7, r2
    5158:	e5956030 	ldr	r6, [r5, #48]	@ 0x30
    515c:	e59fc148 	ldr	ip, [pc, #328]	@ 0x52ac
    5160:	e157000c 	cmp	r7, ip
    5164:	8a0001e8 	bhi	0x590c
    5168:	e7961007 	ldr	r1, [r6, r7]
    516c:	e1a06001 	mov	r6, r1
    5170:	e2811004 	add	r1, r1, #4
    5174:	e1a08002 	mov	r8, r2
    5178:	e5957030 	ldr	r7, [r5, #48]	@ 0x30
    517c:	e59fc128 	ldr	ip, [pc, #296]	@ 0x52ac
    5180:	e158000c 	cmp	r8, ip
    5184:	8a0001e0 	bhi	0x590c
    5188:	e7871008 	str	r1, [r7, r8]
    518c:	e5958030 	ldr	r8, [r5, #48]	@ 0x30
    5190:	e59fc114 	ldr	ip, [pc, #276]	@ 0x52ac
    5194:	e156000c 	cmp	r6, ip
    5198:	8a0001db 	bhi	0x590c
    519c:	e7981006 	ldr	r1, [r8, r6]
    51a0:	e3a07000 	mov	r7, #0
    51a4:	e1a08000 	mov	r8, r0
    51a8:	e5956030 	ldr	r6, [r5, #48]	@ 0x30
    51ac:	e59fc0e4 	ldr	ip, [pc, #228]	@ 0x5298
    51b0:	e158000c 	cmp	r8, ip
    51b4:	8a0001d4 	bhi	0x590c
    51b8:	e086c008 	add	ip, r6, r8
    51bc:	e58c1000 	str	r1, [ip]
    51c0:	e58c7004 	str	r7, [ip, #4]
    51c4:	e3e0014f 	mvn	r0, #-1073741805	@ 0xc0000013
    51c8:	e3c005ff 	bic	r0, r0, #1069547520	@ 0x3fc00000
    51cc:	ea0001cc 	b	0x5904
    51d0:	e1a07002 	mov	r7, r2
    51d4:	e5956030 	ldr	r6, [r5, #48]	@ 0x30
    51d8:	e59fc0cc 	ldr	ip, [pc, #204]	@ 0x52ac
    51dc:	e157000c 	cmp	r7, ip
    51e0:	8a0001c9 	bhi	0x590c
    51e4:	e7961007 	ldr	r1, [r6, r7]
    51e8:	e2811007 	add	r1, r1, #7
    51ec:	e3c11007 	bic	r1, r1, #7
    51f0:	e1a06001 	mov	r6, r1
    51f4:	e2811008 	add	r1, r1, #8
    51f8:	e1a08002 	mov	r8, r2
    51fc:	e5957030 	ldr	r7, [r5, #48]	@ 0x30
    5200:	e59fc0a4 	ldr	ip, [pc, #164]	@ 0x52ac
    5204:	e158000c 	cmp	r8, ip
    5208:	8a0001bf 	bhi	0x590c
    520c:	e7871008 	str	r1, [r7, r8]
    5210:	e5958030 	ldr	r8, [r5, #48]	@ 0x30
    5214:	e59fc07c 	ldr	ip, [pc, #124]	@ 0x5298
    5218:	e156000c 	cmp	r6, ip
    521c:	8a0001ba 	bhi	0x590c
    5220:	e088c006 	add	ip, r8, r6
    5224:	e59c1000 	ldr	r1, [ip]
    5228:	e59c7004 	ldr	r7, [ip, #4]
    522c:	e1a08000 	mov	r8, r0
    5230:	e5956030 	ldr	r6, [r5, #48]	@ 0x30
    5234:	e59fc05c 	ldr	ip, [pc, #92]	@ 0x5298
    5238:	e158000c 	cmp	r8, ip
    523c:	8a0001b2 	bhi	0x590c
    5240:	e086c008 	add	ip, r6, r8
    5244:	e58c1000 	str	r1, [ip]
    5248:	e58c7004 	str	r7, [ip, #4]
    524c:	e3a00840 	mov	r0, #64, 16	@ 0x400000
    5250:	e3800040 	orr	r0, r0, #64	@ 0x40
    5254:	ea0001aa 	b	0x5904
    5258:	e1a07002 	mov	r7, r2
    525c:	e5956030 	ldr	r6, [r5, #48]	@ 0x30
    5260:	e59fc044 	ldr	ip, [pc, #68]	@ 0x52ac
    5264:	e157000c 	cmp	r7, ip
    5268:	8a0001a7 	bhi	0x590c
    526c:	e7961007 	ldr	r1, [r6, r7]
    5270:	e1a06001 	mov	r6, r1
    5274:	e2811004 	add	r1, r1, #4
    5278:	e1a08002 	mov	r8, r2
    527c:	e5957030 	ldr	r7, [r5, #48]	@ 0x30
    5280:	ea000037 	b	0x5364
	...
    5298:	0101fff8 	strdeq	pc, [r1, -r8]
    529c:	00403494 	umaaleq	r3, r0, r4, r4
    52a0:	000487b4 			@ <UNDEFINED> instruction: 0x000487b4
    52a4:	00403624 	subeq	r3, r0, r4, lsr #12
    52a8:	000487b4 			@ <UNDEFINED> instruction: 0x000487b4
    52ac:	0101fffc 	strdeq	pc, [r1, -ip]
    52b0:	0040378c 	subeq	r3, r0, ip, lsl #15
    52b4:	000487b4 			@ <UNDEFINED> instruction: 0x000487b4
    52b8:	0040388c 	subeq	r3, r0, ip, lsl #17
    52bc:	000487b4 			@ <UNDEFINED> instruction: 0x000487b4
    52c0:	00403948 	subeq	r3, r0, r8, asr #18
    52c4:	000487b4 			@ <UNDEFINED> instruction: 0x000487b4
    52c8:	00403a14 	subeq	r3, r0, r4, lsl sl
    52cc:	000487b4 			@ <UNDEFINED> instruction: 0x000487b4
    52d0:	00403a90 	umaaleq	r3, r0, r0, sl
    52d4:	000487b4 			@ <UNDEFINED> instruction: 0x000487b4
    52d8:	00403af0 	strdeq	r3, [r0], #-160	@ 0xffffff60
    52dc:	000487b4 			@ <UNDEFINED> instruction: 0x000487b4
    52e0:	00403b58 	subeq	r3, r0, r8, asr fp
    52e4:	000487b4 			@ <UNDEFINED> instruction: 0x000487b4
    52e8:	00403bd0 	ldrdeq	r3, [r0], #-176	@ 0xffffff50
    52ec:	00048af0 	strdeq	r8, [r4], -r0
    52f0:	00403cd0 	ldrdeq	r3, [r0], #-192	@ 0xffffff40
    52f4:	000487b4 			@ <UNDEFINED> instruction: 0x000487b4
    52f8:	00403f1c 	subeq	r3, r0, ip, lsl pc
    52fc:	000487b4 			@ <UNDEFINED> instruction: 0x000487b4
    5300:	00403f34 	subeq	r3, r0, r4, lsr pc
    5304:	000487b4 			@ <UNDEFINED> instruction: 0x000487b4
    5308:	00403f6c 	subeq	r3, r0, ip, ror #30
    530c:	000487b4 			@ <UNDEFINED> instruction: 0x000487b4
    5310:	00403f90 	umaaleq	r3, r0, r0, pc	@ <UNPREDICTABLE>
    5314:	000487b4 			@ <UNDEFINED> instruction: 0x000487b4
    5318:	00403fa8 	subeq	r3, r0, r8, lsr #31
    531c:	000487b4 			@ <UNDEFINED> instruction: 0x000487b4
    5320:	00403fe0 	subeq	r3, r0, r0, ror #31
    5324:	000487b4 			@ <UNDEFINED> instruction: 0x000487b4
    5328:	00404028 	subeq	r4, r0, r8, lsr #32
    532c:	000487b4 			@ <UNDEFINED> instruction: 0x000487b4
    5330:	0040406c 	subeq	r4, r0, ip, rrx
    5334:	00047eac 	andeq	r7, r4, ip, lsr #29
    5338:	003f98a0 	eorseq	r9, pc, r0, lsr #17
    533c:	000487b4 			@ <UNDEFINED> instruction: 0x000487b4
    5340:	003f98bc 	ldrhteq	r9, [pc], -ip
    5344:	00047eac 	andeq	r7, r4, ip, lsr #29
    5348:	0ccccccc 	stcleq	12, cr12, [ip], {204}	@ 0xcc
    534c:	00047eac 	andeq	r7, r4, ip, lsr #29
    5350:	4085b6a4 	addmi	fp, r5, r4, lsr #13
    5354:	003ffeec 	eorseq	pc, pc, ip, ror #29
    5358:	003fff2c 	eorseq	pc, pc, ip, lsr #30
    535c:	003fff6c 	eorseq	pc, pc, ip, ror #30
    5360:	003fffac 	eorseq	pc, pc, ip, lsr #31
    5364:	e59fcfec 	ldr	ip, [pc, #4076]	@ 0x6358
    5368:	e158000c 	cmp	r8, ip
    536c:	8a000166 	bhi	0x590c
    5370:	e7871008 	str	r1, [r7, r8]
    5374:	e5958030 	ldr	r8, [r5, #48]	@ 0x30
    5378:	e59fcfdc 	ldr	ip, [pc, #4060]	@ 0x635c
    537c:	e156000c 	cmp	r6, ip
    5380:	8a000161 	bhi	0x590c
    5384:	e19810f6 	ldrsh	r1, [r8, r6]
    5388:	e1a07fc1 	asr	r7, r1, #31
    538c:	e1a08000 	mov	r8, r0
    5390:	e5956030 	ldr	r6, [r5, #48]	@ 0x30
    5394:	e59fcfc4 	ldr	ip, [pc, #4036]	@ 0x6360
    5398:	e158000c 	cmp	r8, ip
    539c:	8a00015a 	bhi	0x590c
    53a0:	e086c008 	add	ip, r6, r8
    53a4:	e58c1000 	str	r1, [ip]
    53a8:	e58c7004 	str	r7, [ip, #4]
    53ac:	e3a00840 	mov	r0, #64, 16	@ 0x400000
    53b0:	e3800080 	orr	r0, r0, #128	@ 0x80
    53b4:	ea000152 	b	0x5904
    53b8:	e1a07002 	mov	r7, r2
    53bc:	e5956030 	ldr	r6, [r5, #48]	@ 0x30
    53c0:	e59fcf90 	ldr	ip, [pc, #3984]	@ 0x6358
    53c4:	e157000c 	cmp	r7, ip
    53c8:	8a00014f 	bhi	0x590c
    53cc:	e7961007 	ldr	r1, [r6, r7]
    53d0:	e1a06001 	mov	r6, r1
    53d4:	e2811004 	add	r1, r1, #4
    53d8:	e1a08002 	mov	r8, r2
    53dc:	e5957030 	ldr	r7, [r5, #48]	@ 0x30
    53e0:	e59fcf70 	ldr	ip, [pc, #3952]	@ 0x6358
    53e4:	e158000c 	cmp	r8, ip
    53e8:	8a000147 	bhi	0x590c
    53ec:	e7871008 	str	r1, [r7, r8]
    53f0:	e5958030 	ldr	r8, [r5, #48]	@ 0x30
    53f4:	e59fcf60 	ldr	ip, [pc, #3936]	@ 0x635c
    53f8:	e156000c 	cmp	r6, ip
    53fc:	8a000142 	bhi	0x590c
    5400:	e19810b6 	ldrh	r1, [r8, r6]
    5404:	e3a07000 	mov	r7, #0
    5408:	e1a08000 	mov	r8, r0
    540c:	e5956030 	ldr	r6, [r5, #48]	@ 0x30
    5410:	e59fcf48 	ldr	ip, [pc, #3912]	@ 0x6360
    5414:	e158000c 	cmp	r8, ip
    5418:	8a00013b 	bhi	0x590c
    541c:	e086c008 	add	ip, r6, r8
    5420:	e58c1000 	str	r1, [ip]
    5424:	e58c7004 	str	r7, [ip, #4]
    5428:	e3a00840 	mov	r0, #64, 16	@ 0x400000
    542c:	e38000c0 	orr	r0, r0, #192	@ 0xc0
    5430:	ea000133 	b	0x5904
    5434:	e1a07002 	mov	r7, r2
    5438:	e5956030 	ldr	r6, [r5, #48]	@ 0x30
    543c:	e59fcf14 	ldr	ip, [pc, #3860]	@ 0x6358
    5440:	e157000c 	cmp	r7, ip
    5444:	8a000130 	bhi	0x590c
    5448:	e7961007 	ldr	r1, [r6, r7]
    544c:	e1a06001 	mov	r6, r1
    5450:	e2811004 	add	r1, r1, #4
    5454:	e1a08002 	mov	r8, r2
    5458:	e5957030 	ldr	r7, [r5, #48]	@ 0x30
    545c:	e59fcef4 	ldr	ip, [pc, #3828]	@ 0x6358
    5460:	e158000c 	cmp	r8, ip
    5464:	8a000128 	bhi	0x590c
    5468:	e7871008 	str	r1, [r7, r8]
    546c:	e5958030 	ldr	r8, [r5, #48]	@ 0x30
    5470:	e3e0c4fe 	mvn	ip, #-33554432	@ 0xfe000000
    5474:	e3ccc8fe 	bic	ip, ip, #16646144	@ 0xfe0000
    5478:	e156000c 	cmp	r6, ip
    547c:	8a000122 	bhi	0x590c
    5480:	e19810d6 	ldrsb	r1, [r8, r6]
    5484:	e1a07fc1 	asr	r7, r1, #31
    5488:	e1a08000 	mov	r8, r0
    548c:	e5956030 	ldr	r6, [r5, #48]	@ 0x30
    5490:	e59fcec8 	ldr	ip, [pc, #3784]	@ 0x6360
    5494:	e158000c 	cmp	r8, ip
    5498:	8a00011b 	bhi	0x590c
    549c:	e086c008 	add	ip, r6, r8
    54a0:	e58c1000 	str	r1, [ip]
    54a4:	e58c7004 	str	r7, [ip, #4]
    54a8:	e3a00840 	mov	r0, #64, 16	@ 0x400000
    54ac:	e3800f40 	orr	r0, r0, #64, 30	@ 0x100
    54b0:	ea000113 	b	0x5904
    54b4:	e1a07002 	mov	r7, r2
    54b8:	e5956030 	ldr	r6, [r5, #48]	@ 0x30
    54bc:	e59fce94 	ldr	ip, [pc, #3732]	@ 0x6358
    54c0:	e157000c 	cmp	r7, ip
    54c4:	8a000110 	bhi	0x590c
    54c8:	e7961007 	ldr	r1, [r6, r7]
    54cc:	e1a06001 	mov	r6, r1
    54d0:	e2811004 	add	r1, r1, #4
    54d4:	e1a08002 	mov	r8, r2
    54d8:	e5957030 	ldr	r7, [r5, #48]	@ 0x30
    54dc:	e59fce74 	ldr	ip, [pc, #3700]	@ 0x6358
    54e0:	e158000c 	cmp	r8, ip
    54e4:	8a000108 	bhi	0x590c
    54e8:	e7871008 	str	r1, [r7, r8]
    54ec:	e5958030 	ldr	r8, [r5, #48]	@ 0x30
    54f0:	e3e0c4fe 	mvn	ip, #-33554432	@ 0xfe000000
    54f4:	e3ccc8fe 	bic	ip, ip, #16646144	@ 0xfe0000
    54f8:	e156000c 	cmp	r6, ip
    54fc:	8a000102 	bhi	0x590c
    5500:	e7d81006 	ldrb	r1, [r8, r6]
    5504:	e3a07000 	mov	r7, #0
    5508:	e1a08000 	mov	r8, r0
    550c:	e5956030 	ldr	r6, [r5, #48]	@ 0x30
    5510:	e59fce48 	ldr	ip, [pc, #3656]	@ 0x6360
    5514:	e158000c 	cmp	r8, ip
    5518:	8a0000fb 	bhi	0x590c
    551c:	e086c008 	add	ip, r6, r8
    5520:	e58c1000 	str	r1, [ip]
    5524:	e58c7004 	str	r7, [ip, #4]
    5528:	e3a00840 	mov	r0, #64, 16	@ 0x400000
    552c:	e3800f50 	orr	r0, r0, #80, 30	@ 0x140
    5530:	ea0000f3 	b	0x5904
    5534:	e1a07002 	mov	r7, r2
    5538:	e5956030 	ldr	r6, [r5, #48]	@ 0x30
    553c:	e59fce14 	ldr	ip, [pc, #3604]	@ 0x6358
    5540:	e157000c 	cmp	r7, ip
    5544:	8a0000f0 	bhi	0x590c
    5548:	e7961007 	ldr	r1, [r6, r7]
    554c:	e2811007 	add	r1, r1, #7
    5550:	e3c11007 	bic	r1, r1, #7
    5554:	e1a06001 	mov	r6, r1
    5558:	e2811008 	add	r1, r1, #8
    555c:	e1a08002 	mov	r8, r2
    5560:	e5957030 	ldr	r7, [r5, #48]	@ 0x30
    5564:	e59fcdec 	ldr	ip, [pc, #3564]	@ 0x6358
    5568:	e158000c 	cmp	r8, ip
    556c:	8a0000e6 	bhi	0x590c
    5570:	e7871008 	str	r1, [r7, r8]
    5574:	e5958030 	ldr	r8, [r5, #48]	@ 0x30
    5578:	e59fcde0 	ldr	ip, [pc, #3552]	@ 0x6360
    557c:	e156000c 	cmp	r6, ip
    5580:	8a0000e1 	bhi	0x590c
    5584:	e088c006 	add	ip, r8, r6
    5588:	e59c1000 	ldr	r1, [ip]
    558c:	e59c7004 	ldr	r7, [ip, #4]
    5590:	e1a08000 	mov	r8, r0
    5594:	e5956030 	ldr	r6, [r5, #48]	@ 0x30
    5598:	e59fcdc0 	ldr	ip, [pc, #3520]	@ 0x6360
    559c:	e158000c 	cmp	r8, ip
    55a0:	8a0000d9 	bhi	0x590c
    55a4:	e086c008 	add	ip, r6, r8
    55a8:	e58c1000 	str	r1, [ip]
    55ac:	e58c7004 	str	r7, [ip, #4]
    55b0:	e3a00840 	mov	r0, #64, 16	@ 0x400000
    55b4:	e3800f65 	orr	r0, r0, #404	@ 0x194
    55b8:	ea0000d1 	b	0x5904
    55bc:	e1a07002 	mov	r7, r2
    55c0:	e5956030 	ldr	r6, [r5, #48]	@ 0x30
    55c4:	e59fcd8c 	ldr	ip, [pc, #3468]	@ 0x6358
    55c8:	e157000c 	cmp	r7, ip
    55cc:	8a0000ce 	bhi	0x590c
    55d0:	e7961007 	ldr	r1, [r6, r7]
    55d4:	e1a06001 	mov	r6, r1
    55d8:	e2811004 	add	r1, r1, #4
    55dc:	e1a08002 	mov	r8, r2
    55e0:	e5957030 	ldr	r7, [r5, #48]	@ 0x30
    55e4:	e59fcd6c 	ldr	ip, [pc, #3436]	@ 0x6358
    55e8:	e158000c 	cmp	r8, ip
    55ec:	8a0000c6 	bhi	0x590c
    55f0:	e7871008 	str	r1, [r7, r8]
    55f4:	e5958030 	ldr	r8, [r5, #48]	@ 0x30
    55f8:	e59fcd58 	ldr	ip, [pc, #3416]	@ 0x6358
    55fc:	e156000c 	cmp	r6, ip
    5600:	8a0000c1 	bhi	0x590c
    5604:	e7981006 	ldr	r1, [r8, r6]
    5608:	e3a07000 	mov	r7, #0
    560c:	e1a08000 	mov	r8, r0
    5610:	e5956030 	ldr	r6, [r5, #48]	@ 0x30
    5614:	e59fcd44 	ldr	ip, [pc, #3396]	@ 0x6360
    5618:	e158000c 	cmp	r8, ip
    561c:	8a0000ba 	bhi	0x590c
    5620:	e086c008 	add	ip, r6, r8
    5624:	e58c1000 	str	r1, [ip]
    5628:	e58c7004 	str	r7, [ip, #4]
    562c:	e3a00840 	mov	r0, #64, 16	@ 0x400000
    5630:	e3800f75 	orr	r0, r0, #468	@ 0x1d4
    5634:	ea0000b2 	b	0x5904
    5638:	e1a07002 	mov	r7, r2
    563c:	e5956030 	ldr	r6, [r5, #48]	@ 0x30
    5640:	e59fcd10 	ldr	ip, [pc, #3344]	@ 0x6358
    5644:	e157000c 	cmp	r7, ip
    5648:	8a0000af 	bhi	0x590c
    564c:	e7961007 	ldr	r1, [r6, r7]
    5650:	e2811007 	add	r1, r1, #7
    5654:	e3c11007 	bic	r1, r1, #7
    5658:	e1a06001 	mov	r6, r1
    565c:	e2811008 	add	r1, r1, #8
    5660:	e1a08002 	mov	r8, r2
    5664:	e5957030 	ldr	r7, [r5, #48]	@ 0x30
    5668:	e59fcce8 	ldr	ip, [pc, #3304]	@ 0x6358
    566c:	e158000c 	cmp	r8, ip
    5670:	8a0000a5 	bhi	0x590c
    5674:	e7871008 	str	r1, [r7, r8]
    5678:	e5958030 	ldr	r8, [r5, #48]	@ 0x30
    567c:	e59fccdc 	ldr	ip, [pc, #3292]	@ 0x6360
    5680:	e156000c 	cmp	r6, ip
    5684:	8a0000a0 	bhi	0x590c
    5688:	e088c006 	add	ip, r8, r6
    568c:	e59c1000 	ldr	r1, [ip]
    5690:	e59c7004 	ldr	r7, [ip, #4]
    5694:	e1a08000 	mov	r8, r0
    5698:	e5956030 	ldr	r6, [r5, #48]	@ 0x30
    569c:	e59fccbc 	ldr	ip, [pc, #3260]	@ 0x6360
    56a0:	e158000c 	cmp	r8, ip
    56a4:	8a000098 	bhi	0x590c
    56a8:	e086c008 	add	ip, r6, r8
    56ac:	e58c1000 	str	r1, [ip]
    56b0:	e58c7004 	str	r7, [ip, #4]
    56b4:	e3a00840 	mov	r0, #64, 16	@ 0x400000
    56b8:	e3800f8a 	orr	r0, r0, #552	@ 0x228
    56bc:	ea000090 	b	0x5904
    56c0:	e1a07002 	mov	r7, r2
    56c4:	e5956030 	ldr	r6, [r5, #48]	@ 0x30
    56c8:	e59fcc88 	ldr	ip, [pc, #3208]	@ 0x6358
    56cc:	e157000c 	cmp	r7, ip
    56d0:	8a00008d 	bhi	0x590c
    56d4:	e7961007 	ldr	r1, [r6, r7]
    56d8:	e2811007 	add	r1, r1, #7
    56dc:	e3c11007 	bic	r1, r1, #7
    56e0:	e1a06001 	mov	r6, r1
    56e4:	e2811008 	add	r1, r1, #8
    56e8:	e1a08002 	mov	r8, r2
    56ec:	e5957030 	ldr	r7, [r5, #48]	@ 0x30
    56f0:	e59fcc60 	ldr	ip, [pc, #3168]	@ 0x6358
    56f4:	e158000c 	cmp	r8, ip
    56f8:	8a000083 	bhi	0x590c
    56fc:	e7871008 	str	r1, [r7, r8]
    5700:	e5958030 	ldr	r8, [r5, #48]	@ 0x30
    5704:	e59fcc54 	ldr	ip, [pc, #3156]	@ 0x6360
    5708:	e156000c 	cmp	r6, ip
    570c:	8a00007e 	bhi	0x590c
    5710:	e088c006 	add	ip, r8, r6
    5714:	e59c1000 	ldr	r1, [ip]
    5718:	e59c7004 	ldr	r7, [ip, #4]
    571c:	e1a08000 	mov	r8, r0
    5720:	e5956030 	ldr	r6, [r5, #48]	@ 0x30
    5724:	e59fcc34 	ldr	ip, [pc, #3124]	@ 0x6360
    5728:	e158000c 	cmp	r8, ip
    572c:	8a000076 	bhi	0x590c
    5730:	e086c008 	add	ip, r6, r8
    5734:	e58c1000 	str	r1, [ip]
    5738:	e58c7004 	str	r7, [ip, #4]
    573c:	e3a00840 	mov	r0, #64, 16	@ 0x400000
    5740:	e3800f9f 	orr	r0, r0, #636	@ 0x27c
    5744:	ea00006e 	b	0x5904
    5748:	e1a07002 	mov	r7, r2
    574c:	e5956030 	ldr	r6, [r5, #48]	@ 0x30
    5750:	e59fcc00 	ldr	ip, [pc, #3072]	@ 0x6358
    5754:	e157000c 	cmp	r7, ip
    5758:	8a00006b 	bhi	0x590c
    575c:	e7961007 	ldr	r1, [r6, r7]
    5760:	e1a06001 	mov	r6, r1
    5764:	e2811004 	add	r1, r1, #4
    5768:	e1a08002 	mov	r8, r2
    576c:	e5957030 	ldr	r7, [r5, #48]	@ 0x30
    5770:	e59fcbe0 	ldr	ip, [pc, #3040]	@ 0x6358
    5774:	e158000c 	cmp	r8, ip
    5778:	8a000063 	bhi	0x590c
    577c:	e7871008 	str	r1, [r7, r8]
    5780:	e5958030 	ldr	r8, [r5, #48]	@ 0x30
    5784:	e59fcbcc 	ldr	ip, [pc, #3020]	@ 0x6358
    5788:	e156000c 	cmp	r6, ip
    578c:	8a00005e 	bhi	0x590c
    5790:	e7981006 	ldr	r1, [r8, r6]
    5794:	e1a07fc1 	asr	r7, r1, #31
    5798:	e1a08000 	mov	r8, r0
    579c:	e5956030 	ldr	r6, [r5, #48]	@ 0x30
    57a0:	e59fcbb8 	ldr	ip, [pc, #3000]	@ 0x6360
    57a4:	e158000c 	cmp	r8, ip
    57a8:	8a000057 	bhi	0x590c
    57ac:	e086c008 	add	ip, r6, r8
    57b0:	e58c1000 	str	r1, [ip]
    57b4:	e58c7004 	str	r7, [ip, #4]
    57b8:	e3a00840 	mov	r0, #64, 16	@ 0x400000
    57bc:	e3800faf 	orr	r0, r0, #700	@ 0x2bc
    57c0:	ea00004f 	b	0x5904
    57c4:	e1a07002 	mov	r7, r2
    57c8:	e5956030 	ldr	r6, [r5, #48]	@ 0x30
    57cc:	e59fcb84 	ldr	ip, [pc, #2948]	@ 0x6358
    57d0:	e157000c 	cmp	r7, ip
    57d4:	8a00004c 	bhi	0x590c
    57d8:	e7961007 	ldr	r1, [r6, r7]
    57dc:	e1a06001 	mov	r6, r1
    57e0:	e2811004 	add	r1, r1, #4
    57e4:	e1a08002 	mov	r8, r2
    57e8:	e5957030 	ldr	r7, [r5, #48]	@ 0x30
    57ec:	e59fcb64 	ldr	ip, [pc, #2916]	@ 0x6358
    57f0:	e158000c 	cmp	r8, ip
    57f4:	8a000044 	bhi	0x590c
    57f8:	e7871008 	str	r1, [r7, r8]
    57fc:	e5958030 	ldr	r8, [r5, #48]	@ 0x30
    5800:	e59fcb50 	ldr	ip, [pc, #2896]	@ 0x6358
    5804:	e156000c 	cmp	r6, ip
    5808:	8a00003f 	bhi	0x590c
    580c:	e7981006 	ldr	r1, [r8, r6]
    5810:	e3a07000 	mov	r7, #0
    5814:	e1a08000 	mov	r8, r0
    5818:	e5956030 	ldr	r6, [r5, #48]	@ 0x30
    581c:	e59fcb3c 	ldr	ip, [pc, #2876]	@ 0x6360
    5820:	e158000c 	cmp	r8, ip
    5824:	8a000038 	bhi	0x590c
    5828:	e086c008 	add	ip, r6, r8
    582c:	e58c1000 	str	r1, [ip]
    5830:	e58c7004 	str	r7, [ip, #4]
    5834:	e3a00840 	mov	r0, #64, 16	@ 0x400000
    5838:	e3800fbf 	orr	r0, r0, #764	@ 0x2fc
    583c:	ea000030 	b	0x5904
    5840:	e1a07002 	mov	r7, r2
    5844:	e5956030 	ldr	r6, [r5, #48]	@ 0x30
    5848:	e59fcb08 	ldr	ip, [pc, #2824]	@ 0x6358
    584c:	e157000c 	cmp	r7, ip
    5850:	8a00002d 	bhi	0x590c
    5854:	e7961007 	ldr	r1, [r6, r7]
    5858:	e2811007 	add	r1, r1, #7
    585c:	e3c11007 	bic	r1, r1, #7
    5860:	e1a06001 	mov	r6, r1
    5864:	e2811008 	add	r1, r1, #8
    5868:	e1a08002 	mov	r8, r2
    586c:	e5957030 	ldr	r7, [r5, #48]	@ 0x30
    5870:	e59fcae0 	ldr	ip, [pc, #2784]	@ 0x6358
    5874:	e158000c 	cmp	r8, ip
    5878:	8a000023 	bhi	0x590c
    587c:	e7871008 	str	r1, [r7, r8]
    5880:	e5958030 	ldr	r8, [r5, #48]	@ 0x30
    5884:	e59fcad4 	ldr	ip, [pc, #2772]	@ 0x6360
    5888:	e156000c 	cmp	r6, ip
    588c:	8a00001e 	bhi	0x590c
    5890:	e088c006 	add	ip, r8, r6
    5894:	e59c1000 	ldr	r1, [ip]
    5898:	e59c7004 	ldr	r7, [ip, #4]
    589c:	e1a08000 	mov	r8, r0
    58a0:	e5956030 	ldr	r6, [r5, #48]	@ 0x30
    58a4:	e59fcab4 	ldr	ip, [pc, #2740]	@ 0x6360
    58a8:	e158000c 	cmp	r8, ip
    58ac:	8a000016 	bhi	0x590c
    58b0:	e086c008 	add	ip, r6, r8
    58b4:	e58c1000 	str	r1, [ip]
    58b8:	e58c7004 	str	r7, [ip, #4]
    58bc:	e3a00840 	mov	r0, #64, 16	@ 0x400000
    58c0:	e3800fd4 	orr	r0, r0, #212, 30	@ 0x350
    58c4:	ea00000e 	b	0x5904
    58c8:	e5840000 	str	r0, [r4]
    58cc:	e5842008 	str	r2, [r4, #8]
    58d0:	e584300c 	str	r3, [r4, #12]
    58d4:	e3a00840 	mov	r0, #64, 16	@ 0x400000
    58d8:	e3800fd4 	orr	r0, r0, #212, 30	@ 0x350
    58dc:	e1a01004 	mov	r1, r4
    58e0:	e59d2000 	ldr	r2, [sp]
    58e4:	e59fca78 	ldr	ip, [pc, #2680]	@ 0x6364
    58e8:	e12fff3c 	blx	ip
    58ec:	e3500000 	cmp	r0, #0
    58f0:	1a000008 	bne	0x5918
    58f4:	e3a00840 	mov	r0, #64, 16	@ 0x400000
    58f8:	e3800fdc 	orr	r0, r0, #220, 30	@ 0x370
    58fc:	e30ccabc 	movw	ip, #51900	@ 0xcabc
    5900:	e34ccdef 	movt	ip, #52719	@ 0xcdef
    5904:	e28dd008 	add	sp, sp, #8
    5908:	e8bd81c0 	pop	{r6, r7, r8, pc}
    590c:	e3a00008 	mov	r0, #8
    5910:	e59d1000 	ldr	r1, [sp]
    5914:	e5810010 	str	r0, [r1, #16]
    5918:	e59d0000 	ldr	r0, [sp]
    591c:	e59d1014 	ldr	r1, [sp, #20]
    5920:	e59fca40 	ldr	ip, [pc, #2624]	@ 0x6368
    5924:	e12fff3c 	blx	ip
    5928:	e28dd008 	add	sp, sp, #8
    592c:	e8bd01c0 	pop	{r6, r7, r8}
    5930:	e28dd004 	add	sp, sp, #4
    5934:	e12fff10 	bx	r0
    5938:	e92d43c0 	push	{r6, r7, r8, r9, lr}
    593c:	e24dd004 	sub	sp, sp, #4
    5940:	e58d0000 	str	r0, [sp]
    5944:	e30cc123 	movw	ip, #49443	@ 0xc123
    5948:	e34cc456 	movt	ip, #50262	@ 0xc456
    594c:	e5940000 	ldr	r0, [r4]
    5950:	e5941004 	ldr	r1, [r4, #4]
    5954:	e5942008 	ldr	r2, [r4, #8]
    5958:	e594300c 	ldr	r3, [r4, #12]
    595c:	e190c001 	orrs	ip, r0, r1
    5960:	0a00001e 	beq	0x59e0
    5964:	e2426001 	sub	r6, r2, #1
    5968:	e1a02006 	mov	r2, r6
    596c:	e1a07000 	mov	r7, r0
    5970:	e207700f 	and	r7, r7, #15
    5974:	e1a09007 	mov	r9, r7
    5978:	e5958030 	ldr	r8, [r5, #48]	@ 0x30
    597c:	e3a0cb40 	mov	ip, #64, 22	@ 0x10000
    5980:	e38ccf8c 	orr	ip, ip, #140, 30	@ 0x230
    5984:	e099900c 	adds	r9, r9, ip
    5988:	2a00001a 	bcs	0x59f8
    598c:	e3e0c4fe 	mvn	ip, #-33554432	@ 0xfe000000
    5990:	e3ccc8fe 	bic	ip, ip, #16646144	@ 0xfe0000
    5994:	e159000c 	cmp	r9, ip
    5998:	8a000016 	bhi	0x59f8
    599c:	e7d87009 	ldrb	r7, [r8, r9]
    59a0:	e1877003 	orr	r7, r7, r3
    59a4:	e5958030 	ldr	r8, [r5, #48]	@ 0x30
    59a8:	e3e0c4fe 	mvn	ip, #-33554432	@ 0xfe000000
    59ac:	e3ccc8fe 	bic	ip, ip, #16646144	@ 0xfe0000
    59b0:	e156000c 	cmp	r6, ip
    59b4:	8a00000f 	bhi	0x59f8
    59b8:	e7c87006 	strb	r7, [r8, r6]
    59bc:	e270c00f 	rsbs	ip, r0, #15
    59c0:	e2f1c000 	rscs	ip, r1, #0
    59c4:	e3a06000 	mov	r6, #0
    59c8:	33a06001 	movcc	r6, #1
    59cc:	e1a00220 	lsr	r0, r0, #4
    59d0:	e1800e01 	orr	r0, r0, r1, lsl #28
    59d4:	e1a01221 	lsr	r1, r1, #4
    59d8:	e3560000 	cmp	r6, #0
    59dc:	1affffe0 	bne	0x5964
    59e0:	e5842008 	str	r2, [r4, #8]
    59e4:	e59f0980 	ldr	r0, [pc, #2432]	@ 0x636c
    59e8:	e30ccabc 	movw	ip, #51900	@ 0xcabc
    59ec:	e34ccdef 	movt	ip, #52719	@ 0xcdef
    59f0:	e28dd004 	add	sp, sp, #4
    59f4:	e8bd83c0 	pop	{r6, r7, r8, r9, pc}
    59f8:	e3a00008 	mov	r0, #8
    59fc:	e59d1000 	ldr	r1, [sp]
    5a00:	e5810010 	str	r0, [r1, #16]
    5a04:	e59d0000 	ldr	r0, [sp]
    5a08:	e59d1014 	ldr	r1, [sp, #20]
    5a0c:	e59fc95c 	ldr	ip, [pc, #2396]	@ 0x6370
    5a10:	e12fff3c 	blx	ip
    5a14:	e28dd004 	add	sp, sp, #4
    5a18:	e8bd03c0 	pop	{r6, r7, r8, r9}
    5a1c:	e28dd004 	add	sp, sp, #4
    5a20:	e12fff10 	bx	r0
    5a24:	e92d40c0 	push	{r6, r7, lr}
    5a28:	e24dd004 	sub	sp, sp, #4
    5a2c:	e58d0000 	str	r0, [sp]
    5a30:	e30cc123 	movw	ip, #49443	@ 0xc123
    5a34:	e34cc456 	movt	ip, #50262	@ 0xc456
    5a38:	e5940000 	ldr	r0, [r4]
    5a3c:	e5941004 	ldr	r1, [r4, #4]
    5a40:	e5942008 	ldr	r2, [r4, #8]
    5a44:	e190c001 	orrs	ip, r0, r1
    5a48:	0a000013 	beq	0x5a9c
    5a4c:	e2423001 	sub	r3, r2, #1
    5a50:	e1a02003 	mov	r2, r3
    5a54:	e1a06000 	mov	r6, r0
    5a58:	e2066007 	and	r6, r6, #7
    5a5c:	e3866030 	orr	r6, r6, #48	@ 0x30
    5a60:	e5957030 	ldr	r7, [r5, #48]	@ 0x30
    5a64:	e3e0c4fe 	mvn	ip, #-33554432	@ 0xfe000000
    5a68:	e3ccc8fe 	bic	ip, ip, #16646144	@ 0xfe0000
    5a6c:	e153000c 	cmp	r3, ip
    5a70:	8a00000f 	bhi	0x5ab4
    5a74:	e7c76003 	strb	r6, [r7, r3]
    5a78:	e270c007 	rsbs	ip, r0, #7
    5a7c:	e2f1c000 	rscs	ip, r1, #0
    5a80:	e3a03000 	mov	r3, #0
    5a84:	33a03001 	movcc	r3, #1
    5a88:	e1a001a0 	lsr	r0, r0, #3
    5a8c:	e1800e81 	orr	r0, r0, r1, lsl #29
    5a90:	e1a011a1 	lsr	r1, r1, #3
    5a94:	e3530000 	cmp	r3, #0
    5a98:	1affffeb 	bne	0x5a4c
    5a9c:	e5842008 	str	r2, [r4, #8]
    5aa0:	e59f08cc 	ldr	r0, [pc, #2252]	@ 0x6374
    5aa4:	e30ccabc 	movw	ip, #51900	@ 0xcabc
    5aa8:	e34ccdef 	movt	ip, #52719	@ 0xcdef
    5aac:	e28dd004 	add	sp, sp, #4
    5ab0:	e8bd80c0 	pop	{r6, r7, pc}
    5ab4:	e3a00008 	mov	r0, #8
    5ab8:	e59d1000 	ldr	r1, [sp]
    5abc:	e5810010 	str	r0, [r1, #16]
    5ac0:	e59d0000 	ldr	r0, [sp]
    5ac4:	e59d100c 	ldr	r1, [sp, #12]
    5ac8:	e59fc8a8 	ldr	ip, [pc, #2216]	@ 0x6378
    5acc:	e12fff3c 	blx	ip
    5ad0:	e28dd004 	add	sp, sp, #4
    5ad4:	e8bd00c0 	pop	{r6, r7}
    5ad8:	e28dd004 	add	sp, sp, #4
    5adc:	e12fff10 	bx	r0
    5ae0:	e92d47c0 	push	{r6, r7, r8, r9, sl, lr}
    5ae4:	e24dd018 	sub	sp, sp, #24
    5ae8:	e58d0000 	str	r0, [sp]
    5aec:	e30cc123 	movw	ip, #49443	@ 0xc123
    5af0:	e34cc456 	movt	ip, #50262	@ 0xc456
    5af4:	e5946000 	ldr	r6, [r4]
    5af8:	e5947004 	ldr	r7, [r4, #4]
    5afc:	e5948008 	ldr	r8, [r4, #8]
    5b00:	e3560000 	cmp	r6, #0
    5b04:	e2d7c001 	sbcs	ip, r7, #1
    5b08:	2a000002 	bcs	0x5b18
    5b0c:	e1a02006 	mov	r2, r6
    5b10:	e1a03007 	mov	r3, r7
    5b14:	ea000028 	b	0x5bbc
    5b18:	e2489001 	sub	r9, r8, #1
    5b1c:	e1a08009 	mov	r8, r9
    5b20:	e58d6004 	str	r6, [sp, #4]
    5b24:	e58d7008 	str	r7, [sp, #8]
    5b28:	e3a0e00a 	mov	lr, #10
    5b2c:	e58de00c 	str	lr, [sp, #12]
    5b30:	e3a0e000 	mov	lr, #0
    5b34:	e58de010 	str	lr, [sp, #16]
    5b38:	e28d0004 	add	r0, sp, #4
    5b3c:	e28d100c 	add	r1, sp, #12
    5b40:	e28d2004 	add	r2, sp, #4
    5b44:	e59fc830 	ldr	ip, [pc, #2096]	@ 0x637c
    5b48:	e12fff3c 	blx	ip
    5b4c:	e59d0004 	ldr	r0, [sp, #4]
    5b50:	e59d1008 	ldr	r1, [sp, #8]
    5b54:	e1a02000 	mov	r2, r0
    5b58:	e1a03001 	mov	r3, r1
    5b5c:	e1a0a001 	mov	sl, r1
    5b60:	e3a0100a 	mov	r1, #10
    5b64:	e00a019a 	mul	sl, sl, r1
    5b68:	e0810091 	umull	r0, r1, r1, r0
    5b6c:	e08aa001 	add	sl, sl, r1
    5b70:	e1a0100a 	mov	r1, sl
    5b74:	e0560000 	subs	r0, r6, r0
    5b78:	e0c71001 	sbc	r1, r7, r1
    5b7c:	e3800030 	orr	r0, r0, #48	@ 0x30
    5b80:	e5951030 	ldr	r1, [r5, #48]	@ 0x30
    5b84:	e3e0c4fe 	mvn	ip, #-33554432	@ 0xfe000000
    5b88:	e3ccc8fe 	bic	ip, ip, #16646144	@ 0xfe0000
    5b8c:	e159000c 	cmp	r9, ip
    5b90:	8a00002e 	bhi	0x5c50
    5b94:	e7c10009 	strb	r0, [r1, r9]
    5b98:	e3e0c000 	mvn	ip, #0
    5b9c:	e15c0006 	cmp	ip, r6
    5ba0:	e2f7c009 	rscs	ip, r7, #9
    5ba4:	e3a00000 	mov	r0, #0
    5ba8:	33a00001 	movcc	r0, #1
    5bac:	e1a06002 	mov	r6, r2
    5bb0:	e1a07003 	mov	r7, r3
    5bb4:	e3500000 	cmp	r0, #0
    5bb8:	1affffd6 	bne	0x5b18
    5bbc:	e192c003 	orrs	ip, r2, r3
    5bc0:	0a00001c 	beq	0x5c38
    5bc4:	e2483001 	sub	r3, r8, #1
    5bc8:	e1a08003 	mov	r8, r3
    5bcc:	e1a00002 	mov	r0, r2
    5bd0:	e3a0100a 	mov	r1, #10
    5bd4:	e52d3010 	str	r3, [sp, #-16]!
    5bd8:	e58d2004 	str	r2, [sp, #4]
    5bdc:	e58d1008 	str	r1, [sp, #8]
    5be0:	e59fc798 	ldr	ip, [pc, #1944]	@ 0x6380
    5be4:	e12fff3c 	blx	ip
    5be8:	e59d1008 	ldr	r1, [sp, #8]
    5bec:	e59d2004 	ldr	r2, [sp, #4]
    5bf0:	e49d3010 	ldr	r3, [sp], #16
    5bf4:	e1a01000 	mov	r1, r0
    5bf8:	e3a0c00a 	mov	ip, #10
    5bfc:	e0000c90 	mul	r0, r0, ip
    5c00:	e0420000 	sub	r0, r2, r0
    5c04:	e3800030 	orr	r0, r0, #48	@ 0x30
    5c08:	e5956030 	ldr	r6, [r5, #48]	@ 0x30
    5c0c:	e3e0c4fe 	mvn	ip, #-33554432	@ 0xfe000000
    5c10:	e3ccc8fe 	bic	ip, ip, #16646144	@ 0xfe0000
    5c14:	e153000c 	cmp	r3, ip
    5c18:	8a00000c 	bhi	0x5c50
    5c1c:	e7c60003 	strb	r0, [r6, r3]
    5c20:	e3520009 	cmp	r2, #9
    5c24:	e3a00000 	mov	r0, #0
    5c28:	83a00001 	movhi	r0, #1
    5c2c:	e1a02001 	mov	r2, r1
    5c30:	e3500000 	cmp	r0, #0
    5c34:	1affffe2 	bne	0x5bc4
    5c38:	e5848008 	str	r8, [r4, #8]
    5c3c:	e59f0740 	ldr	r0, [pc, #1856]	@ 0x6384
    5c40:	e30ccabc 	movw	ip, #51900	@ 0xcabc
    5c44:	e34ccdef 	movt	ip, #52719	@ 0xcdef
    5c48:	e28dd018 	add	sp, sp, #24
    5c4c:	e8bd87c0 	pop	{r6, r7, r8, r9, sl, pc}
    5c50:	e3a00008 	mov	r0, #8
    5c54:	e59d1000 	ldr	r1, [sp]
    5c58:	e5810010 	str	r0, [r1, #16]
    5c5c:	e59d0000 	ldr	r0, [sp]
    5c60:	e59d102c 	ldr	r1, [sp, #44]	@ 0x2c
    5c64:	e59fc71c 	ldr	ip, [pc, #1820]	@ 0x6388
    5c68:	e12fff3c 	blx	ip
    5c6c:	e28dd018 	add	sp, sp, #24
    5c70:	e8bd07c0 	pop	{r6, r7, r8, r9, sl}
    5c74:	e28dd004 	add	sp, sp, #4
    5c78:	e12fff10 	bx	r0
    5c7c:	e92d43c0 	push	{r6, r7, r8, r9, lr}
    5c80:	e24dd004 	sub	sp, sp, #4
    5c84:	e58d0000 	str	r0, [sp]
    5c88:	e30cc123 	movw	ip, #49443	@ 0xc123
    5c8c:	e34cc456 	movt	ip, #50262	@ 0xc456
    5c90:	e5946000 	ldr	r6, [r4]
    5c94:	e5940004 	ldr	r0, [r4, #4]
    5c98:	e5941008 	ldr	r1, [r4, #8]
    5c9c:	e594200c 	ldr	r2, [r4, #12]
    5ca0:	e5943010 	ldr	r3, [r4, #16]
    5ca4:	e595e03c 	ldr	lr, [r5, #60]	@ 0x3c
    5ca8:	e59e7008 	ldr	r7, [lr, #8]
    5cac:	e2477f40 	sub	r7, r7, #64, 30	@ 0x100
    5cb0:	e1a08007 	mov	r8, r7
    5cb4:	e595903c 	ldr	r9, [r5, #60]	@ 0x3c
    5cb8:	e5897008 	str	r7, [r9, #8]
    5cbc:	e1510002 	cmp	r1, r2
    5cc0:	da000031 	ble	0x5d8c
    5cc4:	e3130b48 	tst	r3, #72, 22	@ 0x12000
    5cc8:	1a00002f 	bne	0x5d8c
    5ccc:	e0411002 	sub	r1, r1, r2
    5cd0:	e1a07001 	mov	r7, r1
    5cd4:	e3570f40 	cmp	r7, #64, 30	@ 0x100
    5cd8:	e3a02000 	mov	r2, #0
    5cdc:	33a02001 	movcc	r2, #1
    5ce0:	e1a09002 	mov	r9, r2
    5ce4:	e3520000 	cmp	r2, #0
    5ce8:	03a01f40 	moveq	r1, #64, 30	@ 0x100
    5cec:	e5848014 	str	r8, [r4, #20]
    5cf0:	e5840004 	str	r0, [r4, #4]
    5cf4:	e5841030 	str	r1, [r4, #48]	@ 0x30
    5cf8:	e3a009ff 	mov	r0, #4177920	@ 0x3fc000
    5cfc:	e38000b4 	orr	r0, r0, #180	@ 0xb4
    5d00:	e1a01004 	mov	r1, r4
    5d04:	e59d2000 	ldr	r2, [sp]
    5d08:	e59fc67c 	ldr	ip, [pc, #1660]	@ 0x638c
    5d0c:	e12fff3c 	blx	ip
    5d10:	e3500000 	cmp	r0, #0
    5d14:	1a000025 	bne	0x5db0
    5d18:	e3590000 	cmp	r9, #0
    5d1c:	1a00000f 	bne	0x5d60
    5d20:	e5846000 	str	r6, [r4]
    5d24:	e5848014 	str	r8, [r4, #20]
    5d28:	e3a0ef40 	mov	lr, #64, 30	@ 0x100
    5d2c:	e584e018 	str	lr, [r4, #24]
    5d30:	e3a009ff 	mov	r0, #4177920	@ 0x3fc000
    5d34:	e38000d4 	orr	r0, r0, #212	@ 0xd4
    5d38:	e1a01004 	mov	r1, r4
    5d3c:	e59d2000 	ldr	r2, [sp]
    5d40:	e59fc648 	ldr	ip, [pc, #1608]	@ 0x6390
    5d44:	e12fff3c 	blx	ip
    5d48:	e3500000 	cmp	r0, #0
    5d4c:	1a000017 	bne	0x5db0
    5d50:	e2470f40 	sub	r0, r7, #64, 30	@ 0x100
    5d54:	e1a07000 	mov	r7, r0
    5d58:	e35000ff 	cmp	r0, #255	@ 0xff
    5d5c:	8affffef 	bhi	0x5d20
    5d60:	e5846000 	str	r6, [r4]
    5d64:	e5848014 	str	r8, [r4, #20]
    5d68:	e584700c 	str	r7, [r4, #12]
    5d6c:	e3a009ff 	mov	r0, #4177920	@ 0x3fc000
    5d70:	e3800f45 	orr	r0, r0, #276	@ 0x114
    5d74:	e1a01004 	mov	r1, r4
    5d78:	e59d2000 	ldr	r2, [sp]
    5d7c:	e59fc610 	ldr	ip, [pc, #1552]	@ 0x6394
    5d80:	e12fff3c 	blx	ip
    5d84:	e3500000 	cmp	r0, #0
    5d88:	1a000008 	bne	0x5db0
    5d8c:	e2888f40 	add	r8, r8, #64, 30	@ 0x100
    5d90:	e595003c 	ldr	r0, [r5, #60]	@ 0x3c
    5d94:	e5808008 	str	r8, [r0, #8]
    5d98:	e3a009ff 	mov	r0, #4177920	@ 0x3fc000
    5d9c:	e3800f52 	orr	r0, r0, #328	@ 0x148
    5da0:	e30ccabc 	movw	ip, #51900	@ 0xcabc
    5da4:	e34ccdef 	movt	ip, #52719	@ 0xcdef
    5da8:	e28dd004 	add	sp, sp, #4
    5dac:	e8bd83c0 	pop	{r6, r7, r8, r9, pc}
    5db0:	e59d0000 	ldr	r0, [sp]
    5db4:	e59d1014 	ldr	r1, [sp, #20]
    5db8:	e59fc5d8 	ldr	ip, [pc, #1496]	@ 0x6398
    5dbc:	e12fff3c 	blx	ip
    5dc0:	e28dd004 	add	sp, sp, #4
    5dc4:	e8bd03c0 	pop	{r6, r7, r8, r9}
    5dc8:	e28dd004 	add	sp, sp, #4
    5dcc:	e12fff10 	bx	r0
    5dd0:	e52de004 	push	{lr}		@ (str lr, [sp, #-4]!)
    5dd4:	e24dd004 	sub	sp, sp, #4
    5dd8:	e58d0000 	str	r0, [sp]
    5ddc:	e30cc123 	movw	ip, #49443	@ 0xc123
    5de0:	e34cc456 	movt	ip, #50262	@ 0xc456
    5de4:	e5940000 	ldr	r0, [r4]
    5de8:	e5941004 	ldr	r1, [r4, #4]
    5dec:	e5942008 	ldr	r2, [r4, #8]
    5df0:	e5840000 	str	r0, [r4]
    5df4:	e5841004 	str	r1, [r4, #4]
    5df8:	e5842008 	str	r2, [r4, #8]
    5dfc:	e3a0e005 	mov	lr, #5
    5e00:	e584e00c 	str	lr, [r4, #12]
    5e04:	e3a0e006 	mov	lr, #6
    5e08:	e584e010 	str	lr, [r4, #16]
    5e0c:	e59f0588 	ldr	r0, [pc, #1416]	@ 0x639c
    5e10:	e1a01004 	mov	r1, r4
    5e14:	e59d2000 	ldr	r2, [sp]
    5e18:	e59fc580 	ldr	ip, [pc, #1408]	@ 0x63a0
    5e1c:	e12fff3c 	blx	ip
    5e20:	e3500000 	cmp	r0, #0
    5e24:	1a000006 	bne	0x5e44
    5e28:	e5940014 	ldr	r0, [r4, #20]
    5e2c:	e5840014 	str	r0, [r4, #20]
    5e30:	e59f056c 	ldr	r0, [pc, #1388]	@ 0x63a4
    5e34:	e30ccabc 	movw	ip, #51900	@ 0xcabc
    5e38:	e34ccdef 	movt	ip, #52719	@ 0xcdef
    5e3c:	e28dd004 	add	sp, sp, #4
    5e40:	e49df004 	pop	{pc}		@ (ldr pc, [sp], #4)
    5e44:	e59d0000 	ldr	r0, [sp]
    5e48:	e59d1004 	ldr	r1, [sp, #4]
    5e4c:	e59fc554 	ldr	ip, [pc, #1364]	@ 0x63a8
    5e50:	e12fff3c 	blx	ip
    5e54:	e28dd008 	add	sp, sp, #8
    5e58:	e12fff10 	bx	r0
    5e5c:	e92d4fc0 	push	{r6, r7, r8, r9, sl, fp, lr}
    5e60:	e24dd004 	sub	sp, sp, #4
    5e64:	ed2d8b02 	vpush	{d8}
    5e68:	e24dd018 	sub	sp, sp, #24
    5e6c:	e58d0000 	str	r0, [sp]
    5e70:	e30cc123 	movw	ip, #49443	@ 0xc123
    5e74:	e34cc456 	movt	ip, #50262	@ 0xc456
    5e78:	ed948b01 	vldr	d8, [r4, #4]
    5e7c:	e3a0e000 	mov	lr, #0
    5e80:	e584e054 	str	lr, [r4, #84]	@ 0x54
    5e84:	e595e03c 	ldr	lr, [r5, #60]	@ 0x3c
    5e88:	e59e0008 	ldr	r0, [lr, #8]
    5e8c:	e2400f8c 	sub	r0, r0, #140, 30	@ 0x230
    5e90:	e584001c 	str	r0, [r4, #28]
    5e94:	e595103c 	ldr	r1, [r5, #60]	@ 0x3c
    5e98:	e5810008 	str	r0, [r1, #8]
    5e9c:	e3a0e000 	mov	lr, #0
    5ea0:	e584e020 	str	lr, [r4, #32]
    5ea4:	e594101c 	ldr	r1, [r4, #28]
    5ea8:	e5950030 	ldr	r0, [r5, #48]	@ 0x30
    5eac:	e291102c 	adds	r1, r1, #44	@ 0x2c
    5eb0:	2a000718 	bcs	0x7b18
    5eb4:	e59fc49c 	ldr	ip, [pc, #1180]	@ 0x6358
    5eb8:	e151000c 	cmp	r1, ip
    5ebc:	8a000715 	bhi	0x7b18
    5ec0:	e3a0e000 	mov	lr, #0
    5ec4:	e780e001 	str	lr, [r0, r1]
    5ec8:	ed848b01 	vstr	d8, [r4, #4]
    5ecc:	e59f04d8 	ldr	r0, [pc, #1240]	@ 0x63ac
    5ed0:	e1a01004 	mov	r1, r4
    5ed4:	e59d2000 	ldr	r2, [sp]
    5ed8:	e59fc4d0 	ldr	ip, [pc, #1232]	@ 0x63b0
    5edc:	e12fff3c 	blx	ip
    5ee0:	e3500000 	cmp	r0, #0
    5ee4:	1a00070e 	bne	0x7b24
    5ee8:	e59400a0 	ldr	r0, [r4, #160]	@ 0xa0
    5eec:	e59410a4 	ldr	r1, [r4, #164]	@ 0xa4
    5ef0:	e1a02000 	mov	r2, r0
    5ef4:	e1a03001 	mov	r3, r1
    5ef8:	e3e0c000 	mvn	ip, #0
    5efc:	e15c0000 	cmp	ip, r0
    5f00:	e3e0c000 	mvn	ip, #0
    5f04:	e0dcc001 	sbcs	ip, ip, r1
    5f08:	ba000013 	blt	0x5f5c
    5f0c:	e3a0e001 	mov	lr, #1
    5f10:	e584e024 	str	lr, [r4, #36]	@ 0x24
    5f14:	e3a0eb40 	mov	lr, #64, 22	@ 0x10000
    5f18:	e38ee2a0 	orr	lr, lr, #160, 4
    5f1c:	e584e028 	str	lr, [r4, #40]	@ 0x28
    5f20:	eeb10b48 	vneg.f64	d0, d8
    5f24:	eeb08b40 	vmov.f64	d8, d0
    5f28:	ed840b28 	vstr	d0, [r4, #160]	@ 0xa0
    5f2c:	e59f0480 	ldr	r0, [pc, #1152]	@ 0x63b4
    5f30:	e1a01004 	mov	r1, r4
    5f34:	e59d2000 	ldr	r2, [sp]
    5f38:	e59fc478 	ldr	ip, [pc, #1144]	@ 0x63b8
    5f3c:	e12fff3c 	blx	ip
    5f40:	e3500000 	cmp	r0, #0
    5f44:	1a0006f6 	bne	0x7b24
    5f48:	e59400a0 	ldr	r0, [r4, #160]	@ 0xa0
    5f4c:	e59410a4 	ldr	r1, [r4, #164]	@ 0xa4
    5f50:	e1a02000 	mov	r2, r0
    5f54:	e1a03001 	mov	r3, r1
    5f58:	ea000017 	b	0x5fbc
    5f5c:	e594c014 	ldr	ip, [r4, #20]
    5f60:	e31c0e80 	tst	ip, #128, 28	@ 0x800
    5f64:	0a000005 	beq	0x5f80
    5f68:	e3a0e001 	mov	lr, #1
    5f6c:	e584e024 	str	lr, [r4, #36]	@ 0x24
    5f70:	e3a0eb40 	mov	lr, #64, 22	@ 0x10000
    5f74:	e38ee2d0 	orr	lr, lr, #208, 4
    5f78:	e584e028 	str	lr, [r4, #40]	@ 0x28
    5f7c:	ea00000e 	b	0x5fbc
    5f80:	e594c014 	ldr	ip, [r4, #20]
    5f84:	e20c0001 	and	r0, ip, #1
    5f88:	e5840024 	str	r0, [r4, #36]	@ 0x24
    5f8c:	e3500000 	cmp	r0, #0
    5f90:	e3a0eb40 	mov	lr, #64, 22	@ 0x10000
    5f94:	e38ee140 	orr	lr, lr, #64, 2
    5f98:	e3a0cb40 	mov	ip, #64, 22	@ 0x10000
    5f9c:	e38cc2b0 	orr	ip, ip, #176, 4
    5fa0:	01a0e00c 	moveq	lr, ip
    5fa4:	e584e028 	str	lr, [r4, #40]	@ 0x28
    5fa8:	e594c024 	ldr	ip, [r4, #36]	@ 0x24
    5fac:	e35c0000 	cmp	ip, #0
    5fb0:	e3a0c000 	mov	ip, #0
    5fb4:	03a0c001 	moveq	ip, #1
    5fb8:	e584c020 	str	ip, [r4, #32]
    5fbc:	e2022000 	and	r2, r2, #0
    5fc0:	e3a0c207 	mov	ip, #1879048192	@ 0x70000000
    5fc4:	e38cc6ff 	orr	ip, ip, #267386880	@ 0xff00000
    5fc8:	e003300c 	and	r3, r3, ip
    5fcc:	e3a0c207 	mov	ip, #1879048192	@ 0x70000000
    5fd0:	e38cc6ff 	orr	ip, ip, #267386880	@ 0xff00000
    5fd4:	e153000c 	cmp	r3, ip
    5fd8:	1a000000 	bne	0x5fe0
    5fdc:	e3520000 	cmp	r2, #0
    5fe0:	1a000045 	bne	0x60fc
    5fe4:	e594c024 	ldr	ip, [r4, #36]	@ 0x24
    5fe8:	e28c0003 	add	r0, ip, #3
    5fec:	e1a08000 	mov	r8, r0
    5ff0:	e594c014 	ldr	ip, [r4, #20]
    5ff4:	e3cc1b40 	bic	r1, ip, #64, 22	@ 0x10000
    5ff8:	e3a0e020 	mov	lr, #32
    5ffc:	e584e0a4 	str	lr, [r4, #164]	@ 0xa4
    6000:	e58400ac 	str	r0, [r4, #172]	@ 0xac
    6004:	e58410b0 	str	r1, [r4, #176]	@ 0xb0
    6008:	e59f03ac 	ldr	r0, [pc, #940]	@ 0x63bc
    600c:	e1a01004 	mov	r1, r4
    6010:	e59d2000 	ldr	r2, [sp]
    6014:	e59fc3a4 	ldr	ip, [pc, #932]	@ 0x63c0
    6018:	e12fff3c 	blx	ip
    601c:	e3500000 	cmp	r0, #0
    6020:	1a0006bf 	bne	0x7b24
    6024:	e59f0398 	ldr	r0, [pc, #920]	@ 0x63c4
    6028:	e1a01004 	mov	r1, r4
    602c:	e59d2000 	ldr	r2, [sp]
    6030:	e59fc390 	ldr	ip, [pc, #912]	@ 0x63c8
    6034:	e12fff3c 	blx	ip
    6038:	e3500000 	cmp	r0, #0
    603c:	1a0006b8 	bne	0x7b24
    6040:	e594c018 	ldr	ip, [r4, #24]
    6044:	e20c0020 	and	r0, ip, #32
    6048:	e1a01000 	mov	r1, r0
    604c:	e3500000 	cmp	r0, #0
    6050:	e3a02b40 	mov	r2, #64, 22	@ 0x10000
    6054:	e3822174 	orr	r2, r2, #116, 2
    6058:	e3a0cb40 	mov	ip, #64, 22	@ 0x10000
    605c:	e38cc194 	orr	ip, ip, #148, 2	@ 0x25
    6060:	01a0200c 	moveq	r2, ip
    6064:	e3510000 	cmp	r1, #0
    6068:	e3a00b40 	mov	r0, #64, 22	@ 0x10000
    606c:	e3800184 	orr	r0, r0, #132, 2	@ 0x21
    6070:	e3a0cb40 	mov	ip, #64, 22	@ 0x10000
    6074:	e38cc1a4 	orr	ip, ip, #164, 2	@ 0x29
    6078:	01a0000c 	moveq	r0, ip
    607c:	eeb48b48 	vcmp.f64	d8, d8
    6080:	eef1fa10 	vmrs	APSR_nzcv, fpscr
    6084:	01a02000 	moveq	r2, r0
    6088:	e58420a4 	str	r2, [r4, #164]	@ 0xa4
    608c:	e3a0e003 	mov	lr, #3
    6090:	e584e0a8 	str	lr, [r4, #168]	@ 0xa8
    6094:	e59f0330 	ldr	r0, [pc, #816]	@ 0x63cc
    6098:	e1a01004 	mov	r1, r4
    609c:	e59d2000 	ldr	r2, [sp]
    60a0:	e59fc328 	ldr	ip, [pc, #808]	@ 0x63d0
    60a4:	e12fff3c 	blx	ip
    60a8:	e3500000 	cmp	r0, #0
    60ac:	1a00069c 	bne	0x7b24
    60b0:	e594c014 	ldr	ip, [r4, #20]
    60b4:	e22c0d80 	eor	r0, ip, #128, 26	@ 0x2000
    60b8:	e3a0e020 	mov	lr, #32
    60bc:	e584e0a4 	str	lr, [r4, #164]	@ 0xa4
    60c0:	e584802c 	str	r8, [r4, #44]	@ 0x2c
    60c4:	e58400b0 	str	r0, [r4, #176]	@ 0xb0
    60c8:	e59f0304 	ldr	r0, [pc, #772]	@ 0x63d4
    60cc:	e1a01004 	mov	r1, r4
    60d0:	e59d2000 	ldr	r2, [sp]
    60d4:	e59fc2fc 	ldr	ip, [pc, #764]	@ 0x63d8
    60d8:	e12fff3c 	blx	ip
    60dc:	e3500000 	cmp	r0, #0
    60e0:	1a00068f 	bne	0x7b24
    60e4:	e594c00c 	ldr	ip, [r4, #12]
    60e8:	e15c0008 	cmp	ip, r8
    60ec:	e594e00c 	ldr	lr, [r4, #12]
    60f0:	d1a0e008 	movle	lr, r8
    60f4:	e584e034 	str	lr, [r4, #52]	@ 0x34
    60f8:	ea000679 	b	0x7ae4
    60fc:	e594c01c 	ldr	ip, [r4, #28]
    6100:	e28ce010 	add	lr, ip, #16
    6104:	e584e038 	str	lr, [r4, #56]	@ 0x38
    6108:	e594c01c 	ldr	ip, [r4, #28]
    610c:	e28c002c 	add	r0, ip, #44	@ 0x2c
    6110:	ed848b01 	vstr	d8, [r4, #4]
    6114:	e58400a8 	str	r0, [r4, #168]	@ 0xa8
    6118:	e59f02bc 	ldr	r0, [pc, #700]	@ 0x63dc
    611c:	e1a01004 	mov	r1, r4
    6120:	e59d2000 	ldr	r2, [sp]
    6124:	e59fc2b4 	ldr	ip, [pc, #692]	@ 0x63e0
    6128:	e12fff3c 	blx	ip
    612c:	e3500000 	cmp	r0, #0
    6130:	1a00067b 	bne	0x7b24
    6134:	ed940b28 	vldr	d0, [r4, #160]	@ 0xa0
    6138:	eeb01b40 	vmov.f64	d1, d0
    613c:	ee300b01 	vadd.f64	d0, d0, d1
    6140:	eeb08b40 	vmov.f64	d8, d0
    6144:	e3a0c000 	mov	ip, #0
    6148:	ec4cca11 	vmov	s2, s3, ip, ip
    614c:	eeb40b41 	vcmp.f64	d0, d1
    6150:	eef1fa10 	vmrs	APSR_nzcv, fpscr
    6154:	0a000017 	beq	0x61b8
    6158:	e594201c 	ldr	r2, [r4, #28]
    615c:	e5951030 	ldr	r1, [r5, #48]	@ 0x30
    6160:	e292202c 	adds	r2, r2, #44	@ 0x2c
    6164:	2a00066b 	bcs	0x7b18
    6168:	e59fc1e8 	ldr	ip, [pc, #488]	@ 0x6358
    616c:	e152000c 	cmp	r2, ip
    6170:	8a000668 	bhi	0x7b18
    6174:	e7910002 	ldr	r0, [r1, r2]
    6178:	e1a01000 	mov	r1, r0
    617c:	e2400001 	sub	r0, r0, #1
    6180:	e594301c 	ldr	r3, [r4, #28]
    6184:	e5952030 	ldr	r2, [r5, #48]	@ 0x30
    6188:	e293302c 	adds	r3, r3, #44	@ 0x2c
    618c:	2a000661 	bcs	0x7b18
    6190:	e59fc1c0 	ldr	ip, [pc, #448]	@ 0x6358
    6194:	e153000c 	cmp	r3, ip
    6198:	8a00065e 	bhi	0x7b18
    619c:	e7820003 	str	r0, [r2, r3]
    61a0:	e594c018 	ldr	ip, [r4, #24]
    61a4:	e38c0020 	orr	r0, ip, #32
    61a8:	e584003c 	str	r0, [r4, #60]	@ 0x3c
    61ac:	e3500061 	cmp	r0, #97	@ 0x61
    61b0:	1a000015 	bne	0x620c
    61b4:	ea000524 	b	0x764c
    61b8:	e594c018 	ldr	ip, [r4, #24]
    61bc:	e38c0020 	orr	r0, ip, #32
    61c0:	e584003c 	str	r0, [r4, #60]	@ 0x3c
    61c4:	e3500061 	cmp	r0, #97	@ 0x61
    61c8:	0a00051f 	beq	0x764c
    61cc:	e594c010 	ldr	ip, [r4, #16]
    61d0:	e35c0000 	cmp	ip, #0
    61d4:	e3a0e006 	mov	lr, #6
    61d8:	e594c010 	ldr	ip, [r4, #16]
    61dc:	a1a0e00c 	movge	lr, ip
    61e0:	e584e040 	str	lr, [r4, #64]	@ 0x40
    61e4:	e594201c 	ldr	r2, [r4, #28]
    61e8:	e5950030 	ldr	r0, [r5, #48]	@ 0x30
    61ec:	e292202c 	adds	r2, r2, #44	@ 0x2c
    61f0:	2a000648 	bcs	0x7b18
    61f4:	e59fc15c 	ldr	ip, [pc, #348]	@ 0x6358
    61f8:	e152000c 	cmp	r2, ip
    61fc:	8a000645 	bhi	0x7b18
    6200:	e790e002 	ldr	lr, [r0, r2]
    6204:	e584e044 	str	lr, [r4, #68]	@ 0x44
    6208:	ea000014 	b	0x6260
    620c:	e241101d 	sub	r1, r1, #29
    6210:	e5841044 	str	r1, [r4, #68]	@ 0x44
    6214:	e594201c 	ldr	r2, [r4, #28]
    6218:	e5950030 	ldr	r0, [r5, #48]	@ 0x30
    621c:	e292202c 	adds	r2, r2, #44	@ 0x2c
    6220:	2a00063c 	bcs	0x7b18
    6224:	e59fc12c 	ldr	ip, [pc, #300]	@ 0x6358
    6228:	e152000c 	cmp	r2, ip
    622c:	8a000639 	bhi	0x7b18
    6230:	e7801002 	str	r1, [r0, r2]
    6234:	e594c010 	ldr	ip, [r4, #16]
    6238:	e35c0000 	cmp	ip, #0
    623c:	e3a0e006 	mov	lr, #6
    6240:	e594c010 	ldr	ip, [r4, #16]
    6244:	a1a0e00c 	movge	lr, ip
    6248:	e584e040 	str	lr, [r4, #64]	@ 0x40
    624c:	e3a0c000 	mov	ip, #0
    6250:	e3a0e204 	mov	lr, #4, 4	@ 0x40000000
    6254:	e38ee61b 	orr	lr, lr, #28311552	@ 0x1b00000
    6258:	ec4eca10 	vmov	s0, s1, ip, lr
    625c:	ee288b00 	vmul.f64	d8, d8, d0
    6260:	e594c01c 	ldr	ip, [r4, #28]
    6264:	e28c0030 	add	r0, ip, #48	@ 0x30
    6268:	e594c044 	ldr	ip, [r4, #68]	@ 0x44
    626c:	e35c0000 	cmp	ip, #0
    6270:	e3a01000 	mov	r1, #0
    6274:	a3a01f48 	movge	r1, #72, 30	@ 0x120
    6278:	e0800001 	add	r0, r0, r1
    627c:	e5840048 	str	r0, [r4, #72]	@ 0x48
    6280:	e5840030 	str	r0, [r4, #48]	@ 0x30
    6284:	eeb00b48 	vmov.f64	d0, d8
    6288:	ec510a10 	vmov	r0, r1, s0, s1
    628c:	e59fc150 	ldr	ip, [pc, #336]	@ 0x63e4
    6290:	e12fff3c 	blx	ip
    6294:	e1a01000 	mov	r1, r0
    6298:	e5943030 	ldr	r3, [r4, #48]	@ 0x30
    629c:	e5952030 	ldr	r2, [r5, #48]	@ 0x30
    62a0:	e59fc0b0 	ldr	ip, [pc, #176]	@ 0x6358
    62a4:	e153000c 	cmp	r3, ip
    62a8:	8a00061a 	bhi	0x7b18
    62ac:	e7820003 	str	r0, [r2, r3]
    62b0:	e594c030 	ldr	ip, [r4, #48]	@ 0x30
    62b4:	e28ce004 	add	lr, ip, #4
    62b8:	e584e030 	str	lr, [r4, #48]	@ 0x30
    62bc:	ee071a10 	vmov	s14, r1
    62c0:	eeb80b47 	vcvt.f64.u32	d0, s14
    62c4:	ee380b40 	vsub.f64	d0, d8, d0
    62c8:	e3a0c000 	mov	ip, #0
    62cc:	e59fe114 	ldr	lr, [pc, #276]	@ 0x63e8
    62d0:	ec4eca11 	vmov	s2, s3, ip, lr
    62d4:	ee200b01 	vmul.f64	d0, d0, d1
    62d8:	eeb08b40 	vmov.f64	d8, d0
    62dc:	e3a0c000 	mov	ip, #0
    62e0:	ec4cca11 	vmov	s2, s3, ip, ip
    62e4:	eeb40b41 	vcmp.f64	d0, d1
    62e8:	eef1fa10 	vmrs	APSR_nzcv, fpscr
    62ec:	1affffe4 	bne	0x6284
    62f0:	e594c044 	ldr	ip, [r4, #68]	@ 0x44
    62f4:	e35c0001 	cmp	ip, #1
    62f8:	aa000006 	bge	0x6318
    62fc:	e594e044 	ldr	lr, [r4, #68]	@ 0x44
    6300:	e584e04c 	str	lr, [r4, #76]	@ 0x4c
    6304:	e594e030 	ldr	lr, [r4, #48]	@ 0x30
    6308:	e584e02c 	str	lr, [r4, #44]	@ 0x2c
    630c:	e594e048 	ldr	lr, [r4, #72]	@ 0x48
    6310:	e584e050 	str	lr, [r4, #80]	@ 0x50
    6314:	ea0000ab 	b	0x65c8
    6318:	e594e048 	ldr	lr, [r4, #72]	@ 0x48
    631c:	e584e050 	str	lr, [r4, #80]	@ 0x50
    6320:	e594e044 	ldr	lr, [r4, #68]	@ 0x44
    6324:	e584e04c 	str	lr, [r4, #76]	@ 0x4c
    6328:	e594c04c 	ldr	ip, [r4, #76]	@ 0x4c
    632c:	e35c001d 	cmp	ip, #29
    6330:	e3a0e01d 	mov	lr, #29
    6334:	e594c04c 	ldr	ip, [r4, #76]	@ 0x4c
    6338:	31a0e00c 	movcc	lr, ip
    633c:	e584e04c 	str	lr, [r4, #76]	@ 0x4c
    6340:	e594c030 	ldr	ip, [r4, #48]	@ 0x30
    6344:	e24c0004 	sub	r0, ip, #4
    6348:	ea000027 	b	0x63ec
	...
    6358:	0101fffc 	strdeq	pc, [r1, -ip]
    635c:	0101fffe 	strdeq	pc, [r1, -lr]
    6360:	0101fff8 	strdeq	pc, [r1, -r8]
    6364:	00048af0 	strdeq	r8, [r4], -r0
    6368:	00047eac 	andeq	r7, r4, ip, lsr #29
    636c:	003f7e74 	eorseq	r7, pc, r4, ror lr	@ <UNPREDICTABLE>
    6370:	00047eac 	andeq	r7, r4, ip, lsr #29
    6374:	003fc924 	eorseq	ip, pc, r4, lsr #18
    6378:	00047eac 	andeq	r7, r4, ip, lsr #29
    637c:	00047d44 	andeq	r7, r4, r4, asr #26
    6380:	001f44e8 	andseq	r4, pc, r8, ror #9
    6384:	003ffcc4 	eorseq	pc, pc, r4, asr #25
    6388:	00047eac 	andeq	r7, r4, ip, lsr #29
    638c:	000487b4 			@ <UNDEFINED> instruction: 0x000487b4
    6390:	000487b4 			@ <UNDEFINED> instruction: 0x000487b4
    6394:	000487b4 			@ <UNDEFINED> instruction: 0x000487b4
    6398:	00047eac 	andeq	r7, r4, ip, lsr #29
    639c:	003fce78 	eorseq	ip, pc, r8, ror lr	@ <UNPREDICTABLE>
    63a0:	000487b4 			@ <UNDEFINED> instruction: 0x000487b4
    63a4:	003fce98 	mlaseq	pc, r8, lr, ip	@ <UNPREDICTABLE>
    63a8:	00047eac 	andeq	r7, r4, ip, lsr #29
    63ac:	00406ff4 	strdeq	r6, [r0], #-244	@ 0xffffff0c
    63b0:	000487b4 			@ <UNDEFINED> instruction: 0x000487b4
    63b4:	00407048 	subeq	r7, r0, r8, asr #32
    63b8:	000487b4 			@ <UNDEFINED> instruction: 0x000487b4
    63bc:	0040716c 	subeq	r7, r0, ip, ror #2
    63c0:	000487b4 			@ <UNDEFINED> instruction: 0x000487b4
    63c4:	00407184 	subeq	r7, r0, r4, lsl #3
    63c8:	000487b4 			@ <UNDEFINED> instruction: 0x000487b4
    63cc:	00407230 	subeq	r7, r0, r0, lsr r2
    63d0:	000487b4 			@ <UNDEFINED> instruction: 0x000487b4
    63d4:	00407268 	subeq	r7, r0, r8, ror #4
    63d8:	000487b4 			@ <UNDEFINED> instruction: 0x000487b4
    63dc:	004072d4 	ldrdeq	r7, [r0], #-36	@ 0xffffffdc
    63e0:	000487b4 			@ <UNDEFINED> instruction: 0x000487b4
    63e4:	00049280 	andeq	r9, r4, r0, lsl #5
    63e8:	41cdcd65 	bicmi	ip, sp, r5, ror #26
    63ec:	e1a09000 	mov	r9, r0
    63f0:	e594c050 	ldr	ip, [r4, #80]	@ 0x50
    63f4:	e150000c 	cmp	r0, ip
    63f8:	3a000049 	bcc	0x6524
    63fc:	e594704c 	ldr	r7, [r4, #76]	@ 0x4c
    6400:	e3a08000 	mov	r8, #0
    6404:	e3a06000 	mov	r6, #0
    6408:	e3a03000 	mov	r3, #0
    640c:	e1a0a009 	mov	sl, r9
    6410:	e5952030 	ldr	r2, [r5, #48]	@ 0x30
    6414:	e59fcfdc 	ldr	ip, [pc, #4060]	@ 0x73f8
    6418:	e15a000c 	cmp	sl, ip
    641c:	8a0005bd 	bhi	0x7b18
    6420:	e792000a 	ldr	r0, [r2, sl]
    6424:	e3a01000 	mov	r1, #0
    6428:	e1a02007 	mov	r2, r7
    642c:	e3120020 	tst	r2, #32
    6430:	1a000006 	bne	0x6450
    6434:	e202201f 	and	r2, r2, #31
    6438:	e1a01211 	lsl	r1, r1, r2
    643c:	e1a0c0a0 	lsr	ip, r0, #1
    6440:	e222e01f 	eor	lr, r2, #31
    6444:	e1811e3c 	orr	r1, r1, ip, lsr lr
    6448:	e1a00210 	lsl	r0, r0, r2
    644c:	ea000002 	b	0x645c
    6450:	e202e01f 	and	lr, r2, #31
    6454:	e1a01e10 	lsl	r1, r0, lr
    6458:	e3a00000 	mov	r0, #0
    645c:	e090a006 	adds	sl, r0, r6
    6460:	e0a1b003 	adc	fp, r1, r3
    6464:	e584a074 	str	sl, [r4, #116]	@ 0x74
    6468:	e584b078 	str	fp, [r4, #120]	@ 0x78
    646c:	e59fef88 	ldr	lr, [pc, #3976]	@ 0x73fc
    6470:	e58de00c 	str	lr, [sp, #12]
    6474:	e3a0e000 	mov	lr, #0
    6478:	e58de010 	str	lr, [sp, #16]
    647c:	e2840074 	add	r0, r4, #116	@ 0x74
    6480:	e28d100c 	add	r1, sp, #12
    6484:	e28d2004 	add	r2, sp, #4
    6488:	e59fcf70 	ldr	ip, [pc, #3952]	@ 0x7400
    648c:	e12fff3c 	blx	ip
    6490:	e59d0004 	ldr	r0, [sp, #4]
    6494:	e59d1008 	ldr	r1, [sp, #8]
    6498:	e1a06000 	mov	r6, r0
    649c:	e1a03001 	mov	r3, r1
    64a0:	e1a02001 	mov	r2, r1
    64a4:	e59f1f50 	ldr	r1, [pc, #3920]	@ 0x73fc
    64a8:	e0020192 	mul	r2, r2, r1
    64ac:	e0810091 	umull	r0, r1, r1, r0
    64b0:	e0822001 	add	r2, r2, r1
    64b4:	e1a01002 	mov	r1, r2
    64b8:	e05aa000 	subs	sl, sl, r0
    64bc:	e0cbb001 	sbc	fp, fp, r1
    64c0:	e1a01009 	mov	r1, r9
    64c4:	e5950030 	ldr	r0, [r5, #48]	@ 0x30
    64c8:	e59fcf28 	ldr	ip, [pc, #3880]	@ 0x73f8
    64cc:	e151000c 	cmp	r1, ip
    64d0:	8a000590 	bhi	0x7b18
    64d4:	e780a001 	str	sl, [r0, r1]
    64d8:	e2490004 	sub	r0, r9, #4
    64dc:	e1a09000 	mov	r9, r0
    64e0:	e594c050 	ldr	ip, [r4, #80]	@ 0x50
    64e4:	e150000c 	cmp	r0, ip
    64e8:	2affffc7 	bcs	0x640c
    64ec:	e594c074 	ldr	ip, [r4, #116]	@ 0x74
    64f0:	e59fef04 	ldr	lr, [pc, #3844]	@ 0x73fc
    64f4:	e15c000e 	cmp	ip, lr
    64f8:	e594c078 	ldr	ip, [r4, #120]	@ 0x78
    64fc:	e2dcc000 	sbcs	ip, ip, #0
    6500:	3a000007 	bcc	0x6524
    6504:	e594c050 	ldr	ip, [r4, #80]	@ 0x50
    6508:	e24c0004 	sub	r0, ip, #4
    650c:	e5840050 	str	r0, [r4, #80]	@ 0x50
    6510:	e5951030 	ldr	r1, [r5, #48]	@ 0x30
    6514:	e59fcedc 	ldr	ip, [pc, #3804]	@ 0x73f8
    6518:	e150000c 	cmp	r0, ip
    651c:	8a00057d 	bhi	0x7b18
    6520:	e7816000 	str	r6, [r1, r0]
    6524:	e594e030 	ldr	lr, [r4, #48]	@ 0x30
    6528:	e584e02c 	str	lr, [r4, #44]	@ 0x2c
    652c:	e594e050 	ldr	lr, [r4, #80]	@ 0x50
    6530:	e594c030 	ldr	ip, [r4, #48]	@ 0x30
    6534:	e15c000e 	cmp	ip, lr
    6538:	9a00000a 	bls	0x6568
    653c:	e594c02c 	ldr	ip, [r4, #44]	@ 0x2c
    6540:	e24c0004 	sub	r0, ip, #4
    6544:	e5840030 	str	r0, [r4, #48]	@ 0x30
    6548:	e1a02000 	mov	r2, r0
    654c:	e5951030 	ldr	r1, [r5, #48]	@ 0x30
    6550:	e59fcea0 	ldr	ip, [pc, #3744]	@ 0x73f8
    6554:	e152000c 	cmp	r2, ip
    6558:	8a00056e 	bhi	0x7b18
    655c:	e7910002 	ldr	r0, [r1, r2]
    6560:	e3500000 	cmp	r0, #0
    6564:	0affffee 	beq	0x6524
    6568:	e594201c 	ldr	r2, [r4, #28]
    656c:	e5951030 	ldr	r1, [r5, #48]	@ 0x30
    6570:	e292202c 	adds	r2, r2, #44	@ 0x2c
    6574:	2a000567 	bcs	0x7b18
    6578:	e59fce78 	ldr	ip, [pc, #3704]	@ 0x73f8
    657c:	e152000c 	cmp	r2, ip
    6580:	8a000564 	bhi	0x7b18
    6584:	e7910002 	ldr	r0, [r1, r2]
    6588:	e594c04c 	ldr	ip, [r4, #76]	@ 0x4c
    658c:	e040000c 	sub	r0, r0, ip
    6590:	e584004c 	str	r0, [r4, #76]	@ 0x4c
    6594:	e594201c 	ldr	r2, [r4, #28]
    6598:	e5951030 	ldr	r1, [r5, #48]	@ 0x30
    659c:	e292202c 	adds	r2, r2, #44	@ 0x2c
    65a0:	2a00055c 	bcs	0x7b18
    65a4:	e59fce4c 	ldr	ip, [pc, #3660]	@ 0x73f8
    65a8:	e152000c 	cmp	r2, ip
    65ac:	8a000559 	bhi	0x7b18
    65b0:	e7810002 	str	r0, [r1, r2]
    65b4:	e594e02c 	ldr	lr, [r4, #44]	@ 0x2c
    65b8:	e584e030 	str	lr, [r4, #48]	@ 0x30
    65bc:	e594c04c 	ldr	ip, [r4, #76]	@ 0x4c
    65c0:	e35c0000 	cmp	ip, #0
    65c4:	caffff57 	bgt	0x6328
    65c8:	e594c04c 	ldr	ip, [r4, #76]	@ 0x4c
    65cc:	e37c0001 	cmn	ip, #1
    65d0:	ca000080 	bgt	0x67d8
    65d4:	e594c040 	ldr	ip, [r4, #64]	@ 0x40
    65d8:	e28c0019 	add	r0, ip, #25
    65dc:	e3a01009 	mov	r1, #9
    65e0:	e52d3010 	str	r3, [sp, #-16]!
    65e4:	e58d2004 	str	r2, [sp, #4]
    65e8:	e58d1008 	str	r1, [sp, #8]
    65ec:	e59fce10 	ldr	ip, [pc, #3600]	@ 0x7404
    65f0:	e12fff3c 	blx	ip
    65f4:	e59d1008 	ldr	r1, [sp, #8]
    65f8:	e59d2004 	ldr	r2, [sp, #4]
    65fc:	e49d3010 	ldr	r3, [sp], #16
    6600:	e280e001 	add	lr, r0, #1
    6604:	e584e054 	str	lr, [r4, #84]	@ 0x54
    6608:	e594c03c 	ldr	ip, [r4, #60]	@ 0x3c
    660c:	e35c0066 	cmp	ip, #102	@ 0x66
    6610:	e3a0c000 	mov	ip, #0
    6614:	03a0c001 	moveq	ip, #1
    6618:	e584c058 	str	ip, [r4, #88]	@ 0x58
    661c:	e594c04c 	ldr	ip, [r4, #76]	@ 0x4c
    6620:	e26c1000 	rsb	r1, ip, #0
    6624:	e1a02001 	mov	r2, r1
    6628:	e3520009 	cmp	r2, #9
    662c:	23a01009 	movcs	r1, #9
    6630:	e594e02c 	ldr	lr, [r4, #44]	@ 0x2c
    6634:	e594c050 	ldr	ip, [r4, #80]	@ 0x50
    6638:	e15c000e 	cmp	ip, lr
    663c:	3a000009 	bcc	0x6668
    6640:	e5946050 	ldr	r6, [r4, #80]	@ 0x50
    6644:	e5953030 	ldr	r3, [r5, #48]	@ 0x30
    6648:	e59fcda8 	ldr	ip, [pc, #3496]	@ 0x73f8
    664c:	e156000c 	cmp	r6, ip
    6650:	8a000530 	bhi	0x7b18
    6654:	e7932006 	ldr	r2, [r3, r6]
    6658:	e3520000 	cmp	r2, #0
    665c:	e3a03000 	mov	r3, #0
    6660:	03a03004 	moveq	r3, #4
    6664:	ea000033 	b	0x6738
    6668:	e59fcd8c 	ldr	ip, [pc, #3468]	@ 0x73fc
    666c:	e201e01f 	and	lr, r1, #31
    6670:	e1a02e3c 	lsr	r2, ip, lr
    6674:	e3e0c000 	mvn	ip, #0
    6678:	e201e01f 	and	lr, r1, #31
    667c:	e1a06e1c 	lsl	r6, ip, lr
    6680:	e1e06006 	mvn	r6, r6
    6684:	e3a07000 	mov	r7, #0
    6688:	e5948050 	ldr	r8, [r4, #80]	@ 0x50
    668c:	e1a0b008 	mov	fp, r8
    6690:	e595a030 	ldr	sl, [r5, #48]	@ 0x30
    6694:	e59fcd5c 	ldr	ip, [pc, #3420]	@ 0x73f8
    6698:	e15b000c 	cmp	fp, ip
    669c:	8a00051d 	bhi	0x7b18
    66a0:	e79a900b 	ldr	r9, [sl, fp]
    66a4:	e1a0a009 	mov	sl, r9
    66a8:	e201e01f 	and	lr, r1, #31
    66ac:	e1a09e39 	lsr	r9, r9, lr
    66b0:	e0899007 	add	r9, r9, r7
    66b4:	e1a00008 	mov	r0, r8
    66b8:	e595b030 	ldr	fp, [r5, #48]	@ 0x30
    66bc:	e59fcd34 	ldr	ip, [pc, #3380]	@ 0x73f8
    66c0:	e150000c 	cmp	r0, ip
    66c4:	8a000513 	bhi	0x7b18
    66c8:	e78b9000 	str	r9, [fp, r0]
    66cc:	e00aa006 	and	sl, sl, r6
    66d0:	e007029a 	mul	r7, sl, r2
    66d4:	e2880004 	add	r0, r8, #4
    66d8:	e1a08000 	mov	r8, r0
    66dc:	e594c02c 	ldr	ip, [r4, #44]	@ 0x2c
    66e0:	e150000c 	cmp	r0, ip
    66e4:	3affffe8 	bcc	0x668c
    66e8:	e5946050 	ldr	r6, [r4, #80]	@ 0x50
    66ec:	e5952030 	ldr	r2, [r5, #48]	@ 0x30
    66f0:	e59fcd00 	ldr	ip, [pc, #3328]	@ 0x73f8
    66f4:	e156000c 	cmp	r6, ip
    66f8:	8a000506 	bhi	0x7b18
    66fc:	e7920006 	ldr	r0, [r2, r6]
    6700:	e3500000 	cmp	r0, #0
    6704:	e3a03000 	mov	r3, #0
    6708:	03a03004 	moveq	r3, #4
    670c:	e3570000 	cmp	r7, #0
    6710:	0a000008 	beq	0x6738
    6714:	e594202c 	ldr	r2, [r4, #44]	@ 0x2c
    6718:	e5950030 	ldr	r0, [r5, #48]	@ 0x30
    671c:	e59fccd4 	ldr	ip, [pc, #3284]	@ 0x73f8
    6720:	e152000c 	cmp	r2, ip
    6724:	8a0004fb 	bhi	0x7b18
    6728:	e7807002 	str	r7, [r0, r2]
    672c:	e594c02c 	ldr	ip, [r4, #44]	@ 0x2c
    6730:	e28ce004 	add	lr, ip, #4
    6734:	e584e02c 	str	lr, [r4, #44]	@ 0x2c
    6738:	e594601c 	ldr	r6, [r4, #28]
    673c:	e5952030 	ldr	r2, [r5, #48]	@ 0x30
    6740:	e296602c 	adds	r6, r6, #44	@ 0x2c
    6744:	2a0004f3 	bcs	0x7b18
    6748:	e59fcca8 	ldr	ip, [pc, #3240]	@ 0x73f8
    674c:	e156000c 	cmp	r6, ip
    6750:	8a0004f0 	bhi	0x7b18
    6754:	e7920006 	ldr	r0, [r2, r6]
    6758:	e0800001 	add	r0, r0, r1
    675c:	e584004c 	str	r0, [r4, #76]	@ 0x4c
    6760:	e594201c 	ldr	r2, [r4, #28]
    6764:	e5951030 	ldr	r1, [r5, #48]	@ 0x30
    6768:	e292202c 	adds	r2, r2, #44	@ 0x2c
    676c:	2a0004e9 	bcs	0x7b18
    6770:	e59fcc80 	ldr	ip, [pc, #3200]	@ 0x73f8
    6774:	e152000c 	cmp	r2, ip
    6778:	8a0004e6 	bhi	0x7b18
    677c:	e7810002 	str	r0, [r1, r2]
    6780:	e594c050 	ldr	ip, [r4, #80]	@ 0x50
    6784:	e08c3003 	add	r3, ip, r3
    6788:	e5843050 	str	r3, [r4, #80]	@ 0x50
    678c:	e594c058 	ldr	ip, [r4, #88]	@ 0x58
    6790:	e35c0000 	cmp	ip, #0
    6794:	e594c048 	ldr	ip, [r4, #72]	@ 0x48
    6798:	11a0300c 	movne	r3, ip
    679c:	e1a00003 	mov	r0, r3
    67a0:	e594c054 	ldr	ip, [r4, #84]	@ 0x54
    67a4:	e1a0110c 	lsl	r1, ip, #2
    67a8:	e0833001 	add	r3, r3, r1
    67ac:	e594c02c 	ldr	ip, [r4, #44]	@ 0x2c
    67b0:	e04c0000 	sub	r0, ip, r0
    67b4:	e1a00140 	asr	r0, r0, #2
    67b8:	e594c054 	ldr	ip, [r4, #84]	@ 0x54
    67bc:	e150000c 	cmp	r0, ip
    67c0:	e594e02c 	ldr	lr, [r4, #44]	@ 0x2c
    67c4:	c1a0e003 	movgt	lr, r3
    67c8:	e584e02c 	str	lr, [r4, #44]	@ 0x2c
    67cc:	e594c04c 	ldr	ip, [r4, #76]	@ 0x4c
    67d0:	e35c0000 	cmp	ip, #0
    67d4:	baffff90 	blt	0x661c
    67d8:	e3a06000 	mov	r6, #0
    67dc:	e594e02c 	ldr	lr, [r4, #44]	@ 0x2c
    67e0:	e594c050 	ldr	ip, [r4, #80]	@ 0x50
    67e4:	e15c000e 	cmp	ip, lr
    67e8:	2a000015 	bcs	0x6844
    67ec:	e594e050 	ldr	lr, [r4, #80]	@ 0x50
    67f0:	e594c048 	ldr	ip, [r4, #72]	@ 0x48
    67f4:	e04c000e 	sub	r0, ip, lr
    67f8:	e1a00140 	asr	r0, r0, #2
    67fc:	e3a0c009 	mov	ip, #9
    6800:	e0060c90 	mul	r6, r0, ip
    6804:	e3a0000a 	mov	r0, #10
    6808:	e5943050 	ldr	r3, [r4, #80]	@ 0x50
    680c:	e5952030 	ldr	r2, [r5, #48]	@ 0x30
    6810:	e59fcbe0 	ldr	ip, [pc, #3040]	@ 0x73f8
    6814:	e153000c 	cmp	r3, ip
    6818:	8a0004be 	bhi	0x7b18
    681c:	e7921003 	ldr	r1, [r2, r3]
    6820:	e1a02001 	mov	r2, r1
    6824:	e351000a 	cmp	r1, #10
    6828:	3a000005 	bcc	0x6844
    682c:	e2866001 	add	r6, r6, #1
    6830:	e3a0c00a 	mov	ip, #10
    6834:	e0010c90 	mul	r1, r0, ip
    6838:	e1a00001 	mov	r0, r1
    683c:	e1520001 	cmp	r2, r1
    6840:	2afffff9 	bcs	0x682c
    6844:	e594c03c 	ldr	ip, [r4, #60]	@ 0x3c
    6848:	e35c0066 	cmp	ip, #102	@ 0x66
    684c:	e3a00000 	mov	r0, #0
    6850:	11a00006 	movne	r0, r6
    6854:	e594c040 	ldr	ip, [r4, #64]	@ 0x40
    6858:	e04c0000 	sub	r0, ip, r0
    685c:	e594c040 	ldr	ip, [r4, #64]	@ 0x40
    6860:	e35c0000 	cmp	ip, #0
    6864:	e3a01000 	mov	r1, #0
    6868:	13a01001 	movne	r1, #1
    686c:	e594c03c 	ldr	ip, [r4, #60]	@ 0x3c
    6870:	e35c0067 	cmp	ip, #103	@ 0x67
    6874:	e3a02000 	mov	r2, #0
    6878:	03a02001 	moveq	r2, #1
    687c:	e0011002 	and	r1, r1, r2
    6880:	e0400001 	sub	r0, r0, r1
    6884:	e1a01000 	mov	r1, r0
    6888:	e594e048 	ldr	lr, [r4, #72]	@ 0x48
    688c:	e594c02c 	ldr	ip, [r4, #44]	@ 0x2c
    6890:	e04c200e 	sub	r2, ip, lr
    6894:	e1a02142 	asr	r2, r2, #2
    6898:	e3a0c009 	mov	ip, #9
    689c:	e0020c92 	mul	r2, r2, ip
    68a0:	e2422009 	sub	r2, r2, #9
    68a4:	e1500002 	cmp	r0, r2
    68a8:	aa0000df 	bge	0x6c2c
    68ac:	e3a0200a 	mov	r2, #10
    68b0:	e2813d90 	add	r3, r1, #144, 26	@ 0x2400
    68b4:	e1a00003 	mov	r0, r3
    68b8:	e3a01009 	mov	r1, #9
    68bc:	e52d3010 	str	r3, [sp, #-16]!
    68c0:	e58d2004 	str	r2, [sp, #4]
    68c4:	e58d1008 	str	r1, [sp, #8]
    68c8:	e59fcb38 	ldr	ip, [pc, #2872]	@ 0x7408
    68cc:	e12fff3c 	blx	ip
    68d0:	e59d1008 	ldr	r1, [sp, #8]
    68d4:	e59d2004 	ldr	r2, [sp, #4]
    68d8:	e49d3010 	ldr	r3, [sp], #16
    68dc:	e1a01000 	mov	r1, r0
    68e0:	e3a0c009 	mov	ip, #9
    68e4:	e0000c90 	mul	r0, r0, ip
    68e8:	e0433000 	sub	r3, r3, r0
    68ec:	e1a00003 	mov	r0, r3
    68f0:	e3530007 	cmp	r3, #7
    68f4:	ca000005 	bgt	0x6910
    68f8:	e3a0c00a 	mov	ip, #10
    68fc:	e0020c92 	mul	r2, r2, ip
    6900:	e2803001 	add	r3, r0, #1
    6904:	e1a00003 	mov	r0, r3
    6908:	e3530008 	cmp	r3, #8
    690c:	1afffff9 	bne	0x68f8
    6910:	e594c01c 	ldr	ip, [r4, #28]
    6914:	e28c0030 	add	r0, ip, #48	@ 0x30
    6918:	e594c044 	ldr	ip, [r4, #68]	@ 0x44
    691c:	e35c0000 	cmp	ip, #0
    6920:	e3e03c0f 	mvn	r3, #3840	@ 0xf00
    6924:	e3c330fb 	bic	r3, r3, #251	@ 0xfb
    6928:	e3e0cc0e 	mvn	ip, #3584	@ 0xe00
    692c:	e3ccc0db 	bic	ip, ip, #219	@ 0xdb
    6930:	a1a0300c 	movge	r3, ip
    6934:	e0800003 	add	r0, r0, r3
    6938:	e1a01101 	lsl	r1, r1, #2
    693c:	e0800001 	add	r0, r0, r1
    6940:	e1a03000 	mov	r3, r0
    6944:	e2807004 	add	r7, r0, #4
    6948:	e1a01003 	mov	r1, r3
    694c:	e5950030 	ldr	r0, [r5, #48]	@ 0x30
    6950:	e59fcaa0 	ldr	ip, [pc, #2720]	@ 0x73f8
    6954:	e151000c 	cmp	r1, ip
    6958:	8a00046e 	bhi	0x7b18
    695c:	e7908001 	ldr	r8, [r0, r1]
    6960:	e1a09008 	mov	r9, r8
    6964:	e1a00009 	mov	r0, r9
    6968:	e1a01002 	mov	r1, r2
    696c:	e3510000 	cmp	r1, #0
    6970:	0a000466 	beq	0x7b10
    6974:	e52d3010 	str	r3, [sp, #-16]!
    6978:	e58d2004 	str	r2, [sp, #4]
    697c:	e58d1008 	str	r1, [sp, #8]
    6980:	e59fca84 	ldr	ip, [pc, #2692]	@ 0x740c
    6984:	e12fff3c 	blx	ip
    6988:	e59d1008 	ldr	r1, [sp, #8]
    698c:	e59d2004 	ldr	r2, [sp, #4]
    6990:	e49d3010 	ldr	r3, [sp], #16
    6994:	e5840054 	str	r0, [r4, #84]	@ 0x54
    6998:	e0000290 	mul	r0, r0, r2
    699c:	e0488000 	sub	r8, r8, r0
    69a0:	e1a00008 	mov	r0, r8
    69a4:	e3580000 	cmp	r8, #0
    69a8:	1a000002 	bne	0x69b8
    69ac:	e594c02c 	ldr	ip, [r4, #44]	@ 0x2c
    69b0:	e157000c 	cmp	r7, ip
    69b4:	0a000095 	beq	0x6c10
    69b8:	e594c054 	ldr	ip, [r4, #84]	@ 0x54
    69bc:	e31c0001 	tst	ip, #1
    69c0:	1a000013 	bne	0x6a14
    69c4:	e3a0c000 	mov	ip, #0
    69c8:	e3a0e101 	mov	lr, #1073741824	@ 0x40000000
    69cc:	e38ee50d 	orr	lr, lr, #54525952	@ 0x3400000
    69d0:	ec4eca10 	vmov	s0, s1, ip, lr
    69d4:	e59fca20 	ldr	ip, [pc, #2592]	@ 0x73fc
    69d8:	e152000c 	cmp	r2, ip
    69dc:	1a000010 	bne	0x6a24
    69e0:	e594c050 	ldr	ip, [r4, #80]	@ 0x50
    69e4:	e153000c 	cmp	r3, ip
    69e8:	9a00000d 	bls	0x6a24
    69ec:	e2431004 	sub	r1, r3, #4
    69f0:	e1a0a001 	mov	sl, r1
    69f4:	e5958030 	ldr	r8, [r5, #48]	@ 0x30
    69f8:	e3e0c4fe 	mvn	ip, #-33554432	@ 0xfe000000
    69fc:	e3ccc8fe 	bic	ip, ip, #16646144	@ 0xfe0000
    6a00:	e15a000c 	cmp	sl, ip
    6a04:	8a000443 	bhi	0x7b18
    6a08:	e7d8100a 	ldrb	r1, [r8, sl]
    6a0c:	e3110001 	tst	r1, #1
    6a10:	0a000003 	beq	0x6a24
    6a14:	e3a0c001 	mov	ip, #1
    6a18:	e3a0e101 	mov	lr, #1073741824	@ 0x40000000
    6a1c:	e38ee50d 	orr	lr, lr, #54525952	@ 0x3400000
    6a20:	ec4eca10 	vmov	s0, s1, ip, lr
    6a24:	e594c02c 	ldr	ip, [r4, #44]	@ 0x2c
    6a28:	e157000c 	cmp	r7, ip
    6a2c:	e3a0c000 	mov	ip, #0
    6a30:	e3a0e203 	mov	lr, #805306368	@ 0x30000000
    6a34:	e38ee6ff 	orr	lr, lr, #267386880	@ 0xff00000
    6a38:	ec4eca11 	vmov	s2, s3, ip, lr
    6a3c:	e3a0c000 	mov	ip, #0
    6a40:	e3a0e30f 	mov	lr, #1006632960	@ 0x3c000000
    6a44:	e38ee7fe 	orr	lr, lr, #66584576	@ 0x3f80000
    6a48:	ec4eca12 	vmov	s4, s5, ip, lr
    6a4c:	eeb03b41 	vmov.f64	d3, d1
    6a50:	1eb03b42 	vmovne.f64	d3, d2
    6a54:	e1a010a2 	lsr	r1, r2, #1
    6a58:	e1a07001 	mov	r7, r1
    6a5c:	e1500001 	cmp	r0, r1
    6a60:	e3a0c000 	mov	ip, #0
    6a64:	e3a0e30f 	mov	lr, #1006632960	@ 0x3c000000
    6a68:	e38ee7fe 	orr	lr, lr, #66584576	@ 0x3f80000
    6a6c:	ec4eca11 	vmov	s2, s3, ip, lr
    6a70:	1eb03b41 	vmovne.f64	d3, d1
    6a74:	e1500007 	cmp	r0, r7
    6a78:	e3a0c000 	mov	ip, #0
    6a7c:	e3a0e203 	mov	lr, #805306368	@ 0x30000000
    6a80:	e38ee6fe 	orr	lr, lr, #266338304	@ 0xfe00000
    6a84:	ec4eca11 	vmov	s2, s3, ip, lr
    6a88:	3eb03b41 	vmovcc.f64	d3, d1
    6a8c:	e594c020 	ldr	ip, [r4, #32]
    6a90:	e35c0000 	cmp	ip, #0
    6a94:	1a00000a 	bne	0x6ac4
    6a98:	e5948028 	ldr	r8, [r4, #40]	@ 0x28
    6a9c:	e5957030 	ldr	r7, [r5, #48]	@ 0x30
    6aa0:	e3e0c4fe 	mvn	ip, #-33554432	@ 0xfe000000
    6aa4:	e3ccc8fe 	bic	ip, ip, #16646144	@ 0xfe0000
    6aa8:	e158000c 	cmp	r8, ip
    6aac:	8a000419 	bhi	0x7b18
    6ab0:	e7d71008 	ldrb	r1, [r7, r8]
    6ab4:	e351002d 	cmp	r1, #45	@ 0x2d
    6ab8:	1a000001 	bne	0x6ac4
    6abc:	eeb13b43 	vneg.f64	d3, d3
    6ac0:	eeb10b40 	vneg.f64	d0, d0
    6ac4:	e0499000 	sub	r9, r9, r0
    6ac8:	e1a00009 	mov	r0, r9
    6acc:	e1a07003 	mov	r7, r3
    6ad0:	e5951030 	ldr	r1, [r5, #48]	@ 0x30
    6ad4:	e59fc91c 	ldr	ip, [pc, #2332]	@ 0x73f8
    6ad8:	e157000c 	cmp	r7, ip
    6adc:	8a00040d 	bhi	0x7b18
    6ae0:	e7819007 	str	r9, [r1, r7]
    6ae4:	ee303b03 	vadd.f64	d3, d0, d3
    6ae8:	eeb43b40 	vcmp.f64	d3, d0
    6aec:	eef1fa10 	vmrs	APSR_nzcv, fpscr
    6af0:	0a000046 	beq	0x6c10
    6af4:	e0800002 	add	r0, r0, r2
    6af8:	e1a01000 	mov	r1, r0
    6afc:	e1a07003 	mov	r7, r3
    6b00:	e5952030 	ldr	r2, [r5, #48]	@ 0x30
    6b04:	e59fc8ec 	ldr	ip, [pc, #2284]	@ 0x73f8
    6b08:	e157000c 	cmp	r7, ip
    6b0c:	8a000401 	bhi	0x7b18
    6b10:	e7820007 	str	r0, [r2, r7]
    6b14:	e59fc8e0 	ldr	ip, [pc, #2272]	@ 0x73fc
    6b18:	e151000c 	cmp	r1, ip
    6b1c:	3a000025 	bcc	0x6bb8
    6b20:	e1a01003 	mov	r1, r3
    6b24:	e5950030 	ldr	r0, [r5, #48]	@ 0x30
    6b28:	e59fc8c8 	ldr	ip, [pc, #2248]	@ 0x73f8
    6b2c:	e151000c 	cmp	r1, ip
    6b30:	8a0003f8 	bhi	0x7b18
    6b34:	e3a0e000 	mov	lr, #0
    6b38:	e780e001 	str	lr, [r0, r1]
    6b3c:	e2430004 	sub	r0, r3, #4
    6b40:	e1a03000 	mov	r3, r0
    6b44:	e594c050 	ldr	ip, [r4, #80]	@ 0x50
    6b48:	e150000c 	cmp	r0, ip
    6b4c:	2a000008 	bcs	0x6b74
    6b50:	e594c050 	ldr	ip, [r4, #80]	@ 0x50
    6b54:	e24c0004 	sub	r0, ip, #4
    6b58:	e5840050 	str	r0, [r4, #80]	@ 0x50
    6b5c:	e5951030 	ldr	r1, [r5, #48]	@ 0x30
    6b60:	e59fc890 	ldr	ip, [pc, #2192]	@ 0x73f8
    6b64:	e150000c 	cmp	r0, ip
    6b68:	8a0003ea 	bhi	0x7b18
    6b6c:	e3a0e000 	mov	lr, #0
    6b70:	e781e000 	str	lr, [r1, r0]
    6b74:	e1a02003 	mov	r2, r3
    6b78:	e5951030 	ldr	r1, [r5, #48]	@ 0x30
    6b7c:	e59fc874 	ldr	ip, [pc, #2164]	@ 0x73f8
    6b80:	e152000c 	cmp	r2, ip
    6b84:	8a0003e3 	bhi	0x7b18
    6b88:	e7910002 	ldr	r0, [r1, r2]
    6b8c:	e2800001 	add	r0, r0, #1
    6b90:	e1a01000 	mov	r1, r0
    6b94:	e1a07003 	mov	r7, r3
    6b98:	e5952030 	ldr	r2, [r5, #48]	@ 0x30
    6b9c:	e59fc854 	ldr	ip, [pc, #2132]	@ 0x73f8
    6ba0:	e157000c 	cmp	r7, ip
    6ba4:	8a0003db 	bhi	0x7b18
    6ba8:	e7820007 	str	r0, [r2, r7]
    6bac:	e59fc85c 	ldr	ip, [pc, #2140]	@ 0x7410
    6bb0:	e151000c 	cmp	r1, ip
    6bb4:	8affffd9 	bhi	0x6b20
    6bb8:	e594e050 	ldr	lr, [r4, #80]	@ 0x50
    6bbc:	e594c048 	ldr	ip, [r4, #72]	@ 0x48
    6bc0:	e04c000e 	sub	r0, ip, lr
    6bc4:	e1a00140 	asr	r0, r0, #2
    6bc8:	e3a0c009 	mov	ip, #9
    6bcc:	e0060c90 	mul	r6, r0, ip
    6bd0:	e3a0000a 	mov	r0, #10
    6bd4:	e5947050 	ldr	r7, [r4, #80]	@ 0x50
    6bd8:	e5952030 	ldr	r2, [r5, #48]	@ 0x30
    6bdc:	e59fc814 	ldr	ip, [pc, #2068]	@ 0x73f8
    6be0:	e157000c 	cmp	r7, ip
    6be4:	8a0003cb 	bhi	0x7b18
    6be8:	e7921007 	ldr	r1, [r2, r7]
    6bec:	e1a02001 	mov	r2, r1
    6bf0:	e351000a 	cmp	r1, #10
    6bf4:	3a000005 	bcc	0x6c10
    6bf8:	e2866001 	add	r6, r6, #1
    6bfc:	e3a0c00a 	mov	ip, #10
    6c00:	e0010c90 	mul	r1, r0, ip
    6c04:	e1a00001 	mov	r0, r1
    6c08:	e1520001 	cmp	r2, r1
    6c0c:	2afffff9 	bcs	0x6bf8
    6c10:	e2833004 	add	r3, r3, #4
    6c14:	e1a00003 	mov	r0, r3
    6c18:	e594c02c 	ldr	ip, [r4, #44]	@ 0x2c
    6c1c:	e15c0000 	cmp	ip, r0
    6c20:	e594e02c 	ldr	lr, [r4, #44]	@ 0x2c
    6c24:	81a0e003 	movhi	lr, r3
    6c28:	e584e02c 	str	lr, [r4, #44]	@ 0x2c
    6c2c:	e594702c 	ldr	r7, [r4, #44]	@ 0x2c
    6c30:	e594e050 	ldr	lr, [r4, #80]	@ 0x50
    6c34:	e594c02c 	ldr	ip, [r4, #44]	@ 0x2c
    6c38:	e15c000e 	cmp	ip, lr
    6c3c:	e3a00000 	mov	r0, #0
    6c40:	93a00001 	movls	r0, #1
    6c44:	e1a01000 	mov	r1, r0
    6c48:	e3500000 	cmp	r0, #0
    6c4c:	1a000009 	bne	0x6c78
    6c50:	e2470004 	sub	r0, r7, #4
    6c54:	e584002c 	str	r0, [r4, #44]	@ 0x2c
    6c58:	e1a03000 	mov	r3, r0
    6c5c:	e5952030 	ldr	r2, [r5, #48]	@ 0x30
    6c60:	e59fc790 	ldr	ip, [pc, #1936]	@ 0x73f8
    6c64:	e153000c 	cmp	r3, ip
    6c68:	8a0003aa 	bhi	0x7b18
    6c6c:	e7920003 	ldr	r0, [r2, r3]
    6c70:	e3500000 	cmp	r0, #0
    6c74:	0affffec 	beq	0x6c2c
    6c78:	e594c03c 	ldr	ip, [r4, #60]	@ 0x3c
    6c7c:	e35c0067 	cmp	ip, #103	@ 0x67
    6c80:	0a000003 	beq	0x6c94
    6c84:	e594c014 	ldr	ip, [r4, #20]
    6c88:	e20ce008 	and	lr, ip, #8
    6c8c:	e584e05c 	str	lr, [r4, #92]	@ 0x5c
    6c90:	ea00006f 	b	0x6e54
    6c94:	e1e00006 	mvn	r0, r6
    6c98:	e594c040 	ldr	ip, [r4, #64]	@ 0x40
    6c9c:	e35c0000 	cmp	ip, #0
    6ca0:	e3a02001 	mov	r2, #1
    6ca4:	e594c040 	ldr	ip, [r4, #64]	@ 0x40
    6ca8:	11a0200c 	movne	r2, ip
    6cac:	e1a03002 	mov	r3, r2
    6cb0:	e1520006 	cmp	r2, r6
    6cb4:	e3a02000 	mov	r2, #0
    6cb8:	c3a02001 	movgt	r2, #1
    6cbc:	e3760005 	cmn	r6, #5
    6cc0:	e3a09000 	mov	r9, #0
    6cc4:	c3a09001 	movgt	r9, #1
    6cc8:	e0022009 	and	r2, r2, r9
    6ccc:	e1a09002 	mov	r9, r2
    6cd0:	e3520000 	cmp	r2, #0
    6cd4:	03e00000 	mvneq	r0, #0
    6cd8:	e080e003 	add	lr, r0, r3
    6cdc:	e584e040 	str	lr, [r4, #64]	@ 0x40
    6ce0:	e3590000 	cmp	r9, #0
    6ce4:	e3e00000 	mvn	r0, #0
    6ce8:	03e00001 	mvneq	r0, #1
    6cec:	e594c018 	ldr	ip, [r4, #24]
    6cf0:	e080e00c 	add	lr, r0, ip
    6cf4:	e584e018 	str	lr, [r4, #24]
    6cf8:	e594c014 	ldr	ip, [r4, #20]
    6cfc:	e20c0008 	and	r0, ip, #8
    6d00:	e584005c 	str	r0, [r4, #92]	@ 0x5c
    6d04:	e3500000 	cmp	r0, #0
    6d08:	1a000051 	bne	0x6e54
    6d0c:	e3e02008 	mvn	r2, #8
    6d10:	e3510000 	cmp	r1, #0
    6d14:	1a000029 	bne	0x6dc0
    6d18:	e2470004 	sub	r0, r7, #4
    6d1c:	e1a03000 	mov	r3, r0
    6d20:	e5951030 	ldr	r1, [r5, #48]	@ 0x30
    6d24:	e59fc6cc 	ldr	ip, [pc, #1740]	@ 0x73f8
    6d28:	e153000c 	cmp	r3, ip
    6d2c:	8a000379 	bhi	0x7b18
    6d30:	e7910003 	ldr	r0, [r1, r3]
    6d34:	e1a03000 	mov	r3, r0
    6d38:	e3500000 	cmp	r0, #0
    6d3c:	0a00001f 	beq	0x6dc0
    6d40:	e3a0900a 	mov	r9, #10
    6d44:	e3a02000 	mov	r2, #0
    6d48:	e1a00003 	mov	r0, r3
    6d4c:	e3a0100a 	mov	r1, #10
    6d50:	e52d3008 	str	r3, [sp, #-8]!
    6d54:	e58d2004 	str	r2, [sp, #4]
    6d58:	e59fc6b4 	ldr	ip, [pc, #1716]	@ 0x7414
    6d5c:	e12fff3c 	blx	ip
    6d60:	e59d2004 	ldr	r2, [sp, #4]
    6d64:	e49d3008 	ldr	r3, [sp], #8
    6d68:	e1a00001 	mov	r0, r1
    6d6c:	e3500000 	cmp	r0, #0
    6d70:	1a000012 	bne	0x6dc0
    6d74:	e1a0a002 	mov	sl, r2
    6d78:	e2822001 	add	r2, r2, #1
    6d7c:	e3a0c00a 	mov	ip, #10
    6d80:	e0000c99 	mul	r0, r9, ip
    6d84:	e1a09000 	mov	r9, r0
    6d88:	e1a01000 	mov	r1, r0
    6d8c:	e1a00003 	mov	r0, r3
    6d90:	e3510000 	cmp	r1, #0
    6d94:	0a00035d 	beq	0x7b10
    6d98:	e52d3008 	str	r3, [sp, #-8]!
    6d9c:	e58d2004 	str	r2, [sp, #4]
    6da0:	e59fc670 	ldr	ip, [pc, #1648]	@ 0x7418
    6da4:	e12fff3c 	blx	ip
    6da8:	e59d2004 	ldr	r2, [sp, #4]
    6dac:	e49d3008 	ldr	r3, [sp], #8
    6db0:	e1a00001 	mov	r0, r1
    6db4:	e3500000 	cmp	r0, #0
    6db8:	0affffed 	beq	0x6d74
    6dbc:	e1e0200a 	mvn	r2, sl
    6dc0:	e594c048 	ldr	ip, [r4, #72]	@ 0x48
    6dc4:	e047000c 	sub	r0, r7, ip
    6dc8:	e1a00140 	asr	r0, r0, #2
    6dcc:	e3a0c009 	mov	ip, #9
    6dd0:	e0000c90 	mul	r0, r0, ip
    6dd4:	e594c018 	ldr	ip, [r4, #24]
    6dd8:	e3cc1020 	bic	r1, ip, #32
    6ddc:	e3510046 	cmp	r1, #70	@ 0x46
    6de0:	1a00000d 	bne	0x6e1c
    6de4:	e3a0e000 	mov	lr, #0
    6de8:	e584e05c 	str	lr, [r4, #92]	@ 0x5c
    6dec:	e0801002 	add	r1, r0, r2
    6df0:	e2411009 	sub	r1, r1, #9
    6df4:	e1a03001 	mov	r3, r1
    6df8:	e3530000 	cmp	r3, #0
    6dfc:	d3a01000 	movle	r1, #0
    6e00:	e1a03001 	mov	r3, r1
    6e04:	e594c040 	ldr	ip, [r4, #64]	@ 0x40
    6e08:	e15c0003 	cmp	ip, r3
    6e0c:	e594e040 	ldr	lr, [r4, #64]	@ 0x40
    6e10:	a1a0e001 	movge	lr, r1
    6e14:	e584e040 	str	lr, [r4, #64]	@ 0x40
    6e18:	ea00000d 	b	0x6e54
    6e1c:	e3a0e000 	mov	lr, #0
    6e20:	e584e05c 	str	lr, [r4, #92]	@ 0x5c
    6e24:	e0860000 	add	r0, r6, r0
    6e28:	e0800002 	add	r0, r0, r2
    6e2c:	e2400009 	sub	r0, r0, #9
    6e30:	e1a01000 	mov	r1, r0
    6e34:	e3510000 	cmp	r1, #0
    6e38:	d3a00000 	movle	r0, #0
    6e3c:	e1a01000 	mov	r1, r0
    6e40:	e594c040 	ldr	ip, [r4, #64]	@ 0x40
    6e44:	e15c0001 	cmp	ip, r1
    6e48:	e594e040 	ldr	lr, [r4, #64]	@ 0x40
    6e4c:	a1a0e000 	movge	lr, r0
    6e50:	e584e040 	str	lr, [r4, #64]	@ 0x40
    6e54:	e3e0e000 	mvn	lr, #0
    6e58:	e584e034 	str	lr, [r4, #52]	@ 0x34
    6e5c:	e594e05c 	ldr	lr, [r4, #92]	@ 0x5c
    6e60:	e594c040 	ldr	ip, [r4, #64]	@ 0x40
    6e64:	e18c000e 	orr	r0, ip, lr
    6e68:	e1a09000 	mov	r9, r0
    6e6c:	e3500000 	cmp	r0, #0
    6e70:	e3e013a0 	mvn	r1, #160, 6	@ 0x80000002
    6e74:	03e01360 	mvneq	r1, #96, 6	@ 0x80000001
    6e78:	e594c040 	ldr	ip, [r4, #64]	@ 0x40
    6e7c:	e15c0001 	cmp	ip, r1
    6e80:	ca000317 	bgt	0x7ae4
    6e84:	e3590000 	cmp	r9, #0
    6e88:	e3a00000 	mov	r0, #0
    6e8c:	13a00001 	movne	r0, #1
    6e90:	e594c040 	ldr	ip, [r4, #64]	@ 0x40
    6e94:	e08c0000 	add	r0, ip, r0
    6e98:	e280a001 	add	sl, r0, #1
    6e9c:	e594c018 	ldr	ip, [r4, #24]
    6ea0:	e3cc0020 	bic	r0, ip, #32
    6ea4:	e1a0b000 	mov	fp, r0
    6ea8:	e3500046 	cmp	r0, #70	@ 0x46
    6eac:	1a000007 	bne	0x6ed0
    6eb0:	e3e0c480 	mvn	ip, #128, 8	@ 0x80000000
    6eb4:	e02a000c 	eor	r0, sl, ip
    6eb8:	e1560000 	cmp	r6, r0
    6ebc:	ca000308 	bgt	0x7ae4
    6ec0:	e3560000 	cmp	r6, #0
    6ec4:	e3a00000 	mov	r0, #0
    6ec8:	c1a00006 	movgt	r0, r6
    6ecc:	ea00003d 	b	0x6fc8
    6ed0:	e1a01fc6 	asr	r1, r6, #31
    6ed4:	e1a02001 	mov	r2, r1
    6ed8:	e0261001 	eor	r1, r6, r1
    6edc:	e0411002 	sub	r1, r1, r2
    6ee0:	e3a02000 	mov	r2, #0
    6ee4:	e58410a4 	str	r1, [r4, #164]	@ 0xa4
    6ee8:	e58420a8 	str	r2, [r4, #168]	@ 0xa8
    6eec:	e59f0528 	ldr	r0, [pc, #1320]	@ 0x741c
    6ef0:	e1a01004 	mov	r1, r4
    6ef4:	e59d2000 	ldr	r2, [sp]
    6ef8:	e59fc520 	ldr	ip, [pc, #1312]	@ 0x7420
    6efc:	e12fff3c 	blx	ip
    6f00:	e3500000 	cmp	r0, #0
    6f04:	1a000306 	bne	0x7b24
    6f08:	e59410a4 	ldr	r1, [r4, #164]	@ 0xa4
    6f0c:	e1a02001 	mov	r2, r1
    6f10:	e594c038 	ldr	ip, [r4, #56]	@ 0x38
    6f14:	e04c1001 	sub	r1, ip, r1
    6f18:	e3510001 	cmp	r1, #1
    6f1c:	ca00000c 	bgt	0x6f54
    6f20:	e2421001 	sub	r1, r2, #1
    6f24:	e1a02001 	mov	r2, r1
    6f28:	e5953030 	ldr	r3, [r5, #48]	@ 0x30
    6f2c:	e3e0c4fe 	mvn	ip, #-33554432	@ 0xfe000000
    6f30:	e3ccc8fe 	bic	ip, ip, #16646144	@ 0xfe0000
    6f34:	e151000c 	cmp	r1, ip
    6f38:	8a0002f6 	bhi	0x7b18
    6f3c:	e3a0e030 	mov	lr, #48	@ 0x30
    6f40:	e7c3e001 	strb	lr, [r3, r1]
    6f44:	e594c038 	ldr	ip, [r4, #56]	@ 0x38
    6f48:	e04c1002 	sub	r1, ip, r2
    6f4c:	e3510002 	cmp	r1, #2
    6f50:	bafffff2 	blt	0x6f20
    6f54:	e2421002 	sub	r1, r2, #2
    6f58:	e5841054 	str	r1, [r4, #84]	@ 0x54
    6f5c:	e5953030 	ldr	r3, [r5, #48]	@ 0x30
    6f60:	e5948018 	ldr	r8, [r4, #24]
    6f64:	e3e0c4fe 	mvn	ip, #-33554432	@ 0xfe000000
    6f68:	e3ccc8fe 	bic	ip, ip, #16646144	@ 0xfe0000
    6f6c:	e151000c 	cmp	r1, ip
    6f70:	8a0002e8 	bhi	0x7b18
    6f74:	e7c38001 	strb	r8, [r3, r1]
    6f78:	e3e0e000 	mvn	lr, #0
    6f7c:	e584e034 	str	lr, [r4, #52]	@ 0x34
    6f80:	e2422001 	sub	r2, r2, #1
    6f84:	e3560000 	cmp	r6, #0
    6f88:	e3a0102d 	mov	r1, #45	@ 0x2d
    6f8c:	a3a0102b 	movge	r1, #43	@ 0x2b
    6f90:	e5953030 	ldr	r3, [r5, #48]	@ 0x30
    6f94:	e3e0c4fe 	mvn	ip, #-33554432	@ 0xfe000000
    6f98:	e3ccc8fe 	bic	ip, ip, #16646144	@ 0xfe0000
    6f9c:	e152000c 	cmp	r2, ip
    6fa0:	8a0002dc 	bhi	0x7b18
    6fa4:	e7c31002 	strb	r1, [r3, r2]
    6fa8:	e594e054 	ldr	lr, [r4, #84]	@ 0x54
    6fac:	e594c038 	ldr	ip, [r4, #56]	@ 0x38
    6fb0:	e04c100e 	sub	r1, ip, lr
    6fb4:	e1a00001 	mov	r0, r1
    6fb8:	e3e0c480 	mvn	ip, #128, 8	@ 0x80000000
    6fbc:	e02a200c 	eor	r2, sl, ip
    6fc0:	e1510002 	cmp	r1, r2
    6fc4:	ca0002c6 	bgt	0x7ae4
    6fc8:	e3e0e000 	mvn	lr, #0
    6fcc:	e584e034 	str	lr, [r4, #52]	@ 0x34
    6fd0:	e080000a 	add	r0, r0, sl
    6fd4:	e1a01000 	mov	r1, r0
    6fd8:	e594c024 	ldr	ip, [r4, #36]	@ 0x24
    6fdc:	e3e0e480 	mvn	lr, #128, 8	@ 0x80000000
    6fe0:	e02c200e 	eor	r2, ip, lr
    6fe4:	e1500002 	cmp	r0, r2
    6fe8:	ca0002bd 	bgt	0x7ae4
    6fec:	e594c024 	ldr	ip, [r4, #36]	@ 0x24
    6ff0:	e081100c 	add	r1, r1, ip
    6ff4:	e1a06001 	mov	r6, r1
    6ff8:	e3a0e020 	mov	lr, #32
    6ffc:	e584e0a4 	str	lr, [r4, #164]	@ 0xa4
    7000:	e58410ac 	str	r1, [r4, #172]	@ 0xac
    7004:	e59f0418 	ldr	r0, [pc, #1048]	@ 0x7424
    7008:	e1a01004 	mov	r1, r4
    700c:	e59d2000 	ldr	r2, [sp]
    7010:	e59fc410 	ldr	ip, [pc, #1040]	@ 0x7428
    7014:	e12fff3c 	blx	ip
    7018:	e3500000 	cmp	r0, #0
    701c:	1a0002c0 	bne	0x7b24
    7020:	e59f0404 	ldr	r0, [pc, #1028]	@ 0x742c
    7024:	e1a01004 	mov	r1, r4
    7028:	e59d2000 	ldr	r2, [sp]
    702c:	e59fc3fc 	ldr	ip, [pc, #1020]	@ 0x7430
    7030:	e12fff3c 	blx	ip
    7034:	e3500000 	cmp	r0, #0
    7038:	1a0002b9 	bne	0x7b24
    703c:	e594c014 	ldr	ip, [r4, #20]
    7040:	e22c0b40 	eor	r0, ip, #64, 22	@ 0x10000
    7044:	e3a0e030 	mov	lr, #48	@ 0x30
    7048:	e584e0a4 	str	lr, [r4, #164]	@ 0xa4
    704c:	e5846018 	str	r6, [r4, #24]
    7050:	e58400b0 	str	r0, [r4, #176]	@ 0xb0
    7054:	e59f03d8 	ldr	r0, [pc, #984]	@ 0x7434
    7058:	e1a01004 	mov	r1, r4
    705c:	e59d2000 	ldr	r2, [sp]
    7060:	e59fc3d0 	ldr	ip, [pc, #976]	@ 0x7438
    7064:	e12fff3c 	blx	ip
    7068:	e3500000 	cmp	r0, #0
    706c:	1a0002ac 	bne	0x7b24
    7070:	e35b0046 	cmp	fp, #70	@ 0x46
    7074:	1a00009d 	bne	0x72f0
    7078:	e594c01c 	ldr	ip, [r4, #28]
    707c:	e28c0010 	add	r0, ip, #16
    7080:	e3808009 	orr	r8, r0, #9
    7084:	e594e048 	ldr	lr, [r4, #72]	@ 0x48
    7088:	e594c050 	ldr	ip, [r4, #80]	@ 0x50
    708c:	e15c000e 	cmp	ip, lr
    7090:	e5940048 	ldr	r0, [r4, #72]	@ 0x48
    7094:	e594c050 	ldr	ip, [r4, #80]	@ 0x50
    7098:	91a0000c 	movls	r0, ip
    709c:	e1a0a000 	mov	sl, r0
    70a0:	e1a0b000 	mov	fp, r0
    70a4:	e1a0300b 	mov	r3, fp
    70a8:	e5952030 	ldr	r2, [r5, #48]	@ 0x30
    70ac:	e59fc344 	ldr	ip, [pc, #836]	@ 0x73f8
    70b0:	e153000c 	cmp	r3, ip
    70b4:	8a000297 	bhi	0x7b18
    70b8:	e7920003 	ldr	r0, [r2, r3]
    70bc:	e3a01000 	mov	r1, #0
    70c0:	e58400a0 	str	r0, [r4, #160]	@ 0xa0
    70c4:	e58410a4 	str	r1, [r4, #164]	@ 0xa4
    70c8:	e584804c 	str	r8, [r4, #76]	@ 0x4c
    70cc:	e59f0368 	ldr	r0, [pc, #872]	@ 0x743c
    70d0:	e1a01004 	mov	r1, r4
    70d4:	e59d2000 	ldr	r2, [sp]
    70d8:	e59fc360 	ldr	ip, [pc, #864]	@ 0x7440
    70dc:	e12fff3c 	blx	ip
    70e0:	e3500000 	cmp	r0, #0
    70e4:	1a00028e 	bne	0x7b24
    70e8:	e59400a0 	ldr	r0, [r4, #160]	@ 0xa0
    70ec:	e15b000a 	cmp	fp, sl
    70f0:	0a000011 	beq	0x713c
    70f4:	e594c01c 	ldr	ip, [r4, #28]
    70f8:	e28c1010 	add	r1, ip, #16
    70fc:	e1500001 	cmp	r0, r1
    7100:	9a000018 	bls	0x7168
    7104:	e2401001 	sub	r1, r0, #1
    7108:	e1a00001 	mov	r0, r1
    710c:	e5952030 	ldr	r2, [r5, #48]	@ 0x30
    7110:	e3e0c4fe 	mvn	ip, #-33554432	@ 0xfe000000
    7114:	e3ccc8fe 	bic	ip, ip, #16646144	@ 0xfe0000
    7118:	e151000c 	cmp	r1, ip
    711c:	8a00027d 	bhi	0x7b18
    7120:	e3a0e030 	mov	lr, #48	@ 0x30
    7124:	e7c2e001 	strb	lr, [r2, r1]
    7128:	e594c01c 	ldr	ip, [r4, #28]
    712c:	e28c1010 	add	r1, ip, #16
    7130:	e1500001 	cmp	r0, r1
    7134:	8afffff2 	bhi	0x7104
    7138:	ea00000a 	b	0x7168
    713c:	e1500008 	cmp	r0, r8
    7140:	1a000008 	bne	0x7168
    7144:	e2401001 	sub	r1, r0, #1
    7148:	e1a00001 	mov	r0, r1
    714c:	e5952030 	ldr	r2, [r5, #48]	@ 0x30
    7150:	e3e0c4fe 	mvn	ip, #-33554432	@ 0xfe000000
    7154:	e3ccc8fe 	bic	ip, ip, #16646144	@ 0xfe0000
    7158:	e151000c 	cmp	r1, ip
    715c:	8a00026d 	bhi	0x7b18
    7160:	e3a0e030 	mov	lr, #48	@ 0x30
    7164:	e7c2e001 	strb	lr, [r2, r1]
    7168:	e0481000 	sub	r1, r8, r0
    716c:	e584002c 	str	r0, [r4, #44]	@ 0x2c
    7170:	e58410a8 	str	r1, [r4, #168]	@ 0xa8
    7174:	e59f02c8 	ldr	r0, [pc, #712]	@ 0x7444
    7178:	e1a01004 	mov	r1, r4
    717c:	e59d2000 	ldr	r2, [sp]
    7180:	e59fc2c0 	ldr	ip, [pc, #704]	@ 0x7448
    7184:	e12fff3c 	blx	ip
    7188:	e3500000 	cmp	r0, #0
    718c:	1a000264 	bne	0x7b24
    7190:	e28b0004 	add	r0, fp, #4
    7194:	e1a0b000 	mov	fp, r0
    7198:	e594c048 	ldr	ip, [r4, #72]	@ 0x48
    719c:	e150000c 	cmp	r0, ip
    71a0:	9affffbf 	bls	0x70a4
    71a4:	e3590000 	cmp	r9, #0
    71a8:	0a00000b 	beq	0x71dc
    71ac:	e3a0eb40 	mov	lr, #64, 22	@ 0x10000
    71b0:	e38ee1b4 	orr	lr, lr, #180, 2	@ 0x2d
    71b4:	e584e0a4 	str	lr, [r4, #164]	@ 0xa4
    71b8:	e3a0e001 	mov	lr, #1
    71bc:	e584e088 	str	lr, [r4, #136]	@ 0x88
    71c0:	e59f0284 	ldr	r0, [pc, #644]	@ 0x744c
    71c4:	e1a01004 	mov	r1, r4
    71c8:	e59d2000 	ldr	r2, [sp]
    71cc:	e59fc27c 	ldr	ip, [pc, #636]	@ 0x7450
    71d0:	e12fff3c 	blx	ip
    71d4:	e3500000 	cmp	r0, #0
    71d8:	1a000251 	bne	0x7b24
    71dc:	e15b0007 	cmp	fp, r7
    71e0:	2a0000f6 	bcs	0x75c0
    71e4:	e594c040 	ldr	ip, [r4, #64]	@ 0x40
    71e8:	e35c0001 	cmp	ip, #1
    71ec:	ba0000f3 	blt	0x75c0
    71f0:	e1a0300b 	mov	r3, fp
    71f4:	e5952030 	ldr	r2, [r5, #48]	@ 0x30
    71f8:	e59fc1f8 	ldr	ip, [pc, #504]	@ 0x73f8
    71fc:	e153000c 	cmp	r3, ip
    7200:	8a000244 	bhi	0x7b18
    7204:	e7920003 	ldr	r0, [r2, r3]
    7208:	e3a01000 	mov	r1, #0
    720c:	e58400a0 	str	r0, [r4, #160]	@ 0xa0
    7210:	e58410a4 	str	r1, [r4, #164]	@ 0xa4
    7214:	e584804c 	str	r8, [r4, #76]	@ 0x4c
    7218:	e59f0234 	ldr	r0, [pc, #564]	@ 0x7454
    721c:	e1a01004 	mov	r1, r4
    7220:	e59d2000 	ldr	r2, [sp]
    7224:	e59fc22c 	ldr	ip, [pc, #556]	@ 0x7458
    7228:	e12fff3c 	blx	ip
    722c:	e3500000 	cmp	r0, #0
    7230:	1a00023b 	bne	0x7b24
    7234:	e59400a0 	ldr	r0, [r4, #160]	@ 0xa0
    7238:	e1a01000 	mov	r1, r0
    723c:	e594c01c 	ldr	ip, [r4, #28]
    7240:	e28c2010 	add	r2, ip, #16
    7244:	e1500002 	cmp	r0, r2
    7248:	9a00000c 	bls	0x7280
    724c:	e2410001 	sub	r0, r1, #1
    7250:	e1a01000 	mov	r1, r0
    7254:	e5952030 	ldr	r2, [r5, #48]	@ 0x30
    7258:	e3e0c4fe 	mvn	ip, #-33554432	@ 0xfe000000
    725c:	e3ccc8fe 	bic	ip, ip, #16646144	@ 0xfe0000
    7260:	e150000c 	cmp	r0, ip
    7264:	8a00022b 	bhi	0x7b18
    7268:	e3a0e030 	mov	lr, #48	@ 0x30
    726c:	e7c2e000 	strb	lr, [r2, r0]
    7270:	e594c01c 	ldr	ip, [r4, #28]
    7274:	e28c0010 	add	r0, ip, #16
    7278:	e1510000 	cmp	r1, r0
    727c:	8afffff2 	bhi	0x724c
    7280:	e594c040 	ldr	ip, [r4, #64]	@ 0x40
    7284:	e35c0009 	cmp	ip, #9
    7288:	e3a00009 	mov	r0, #9
    728c:	e594c040 	ldr	ip, [r4, #64]	@ 0x40
    7290:	b1a0000c 	movlt	r0, ip
    7294:	e584102c 	str	r1, [r4, #44]	@ 0x2c
    7298:	e58400a8 	str	r0, [r4, #168]	@ 0xa8
    729c:	e59f01b8 	ldr	r0, [pc, #440]	@ 0x745c
    72a0:	e1a01004 	mov	r1, r4
    72a4:	e59d2000 	ldr	r2, [sp]
    72a8:	e59fc1b0 	ldr	ip, [pc, #432]	@ 0x7460
    72ac:	e12fff3c 	blx	ip
    72b0:	e3500000 	cmp	r0, #0
    72b4:	1a00021a 	bne	0x7b24
    72b8:	e594c040 	ldr	ip, [r4, #64]	@ 0x40
    72bc:	e24c0009 	sub	r0, ip, #9
    72c0:	e28b1004 	add	r1, fp, #4
    72c4:	e1a0b001 	mov	fp, r1
    72c8:	e1510007 	cmp	r1, r7
    72cc:	2a0000bc 	bcs	0x75c4
    72d0:	e594c040 	ldr	ip, [r4, #64]	@ 0x40
    72d4:	e35c0009 	cmp	ip, #9
    72d8:	e3a01000 	mov	r1, #0
    72dc:	c3a01001 	movgt	r1, #1
    72e0:	e5840040 	str	r0, [r4, #64]	@ 0x40
    72e4:	e3510000 	cmp	r1, #0
    72e8:	1affffc0 	bne	0x71f0
    72ec:	ea0000b4 	b	0x75c4
    72f0:	e594c040 	ldr	ip, [r4, #64]	@ 0x40
    72f4:	e35c0000 	cmp	ip, #0
    72f8:	ba000094 	blt	0x7550
    72fc:	e594c050 	ldr	ip, [r4, #80]	@ 0x50
    7300:	e28c1004 	add	r1, ip, #4
    7304:	e594c050 	ldr	ip, [r4, #80]	@ 0x50
    7308:	e157000c 	cmp	r7, ip
    730c:	91a07001 	movls	r7, r1
    7310:	e594c01c 	ldr	ip, [r4, #28]
    7314:	e28c1010 	add	r1, ip, #16
    7318:	e3818009 	orr	r8, r1, #9
    731c:	e5949050 	ldr	r9, [r4, #80]	@ 0x50
    7320:	e1a0a009 	mov	sl, r9
    7324:	e5953030 	ldr	r3, [r5, #48]	@ 0x30
    7328:	e59fc0c8 	ldr	ip, [pc, #200]	@ 0x73f8
    732c:	e15a000c 	cmp	sl, ip
    7330:	8a0001f8 	bhi	0x7b18
    7334:	e793100a 	ldr	r1, [r3, sl]
    7338:	e3a02000 	mov	r2, #0
    733c:	e58410a0 	str	r1, [r4, #160]	@ 0xa0
    7340:	e58420a4 	str	r2, [r4, #164]	@ 0xa4
    7344:	e584804c 	str	r8, [r4, #76]	@ 0x4c
    7348:	e59f0114 	ldr	r0, [pc, #276]	@ 0x7464
    734c:	e1a01004 	mov	r1, r4
    7350:	e59d2000 	ldr	r2, [sp]
    7354:	e59fc10c 	ldr	ip, [pc, #268]	@ 0x7468
    7358:	e12fff3c 	blx	ip
    735c:	e3500000 	cmp	r0, #0
    7360:	1a0001ef 	bne	0x7b24
    7364:	e59410a0 	ldr	r1, [r4, #160]	@ 0xa0
    7368:	e1a0a001 	mov	sl, r1
    736c:	e1510008 	cmp	r1, r8
    7370:	1a000008 	bne	0x7398
    7374:	e24a1001 	sub	r1, sl, #1
    7378:	e1a0a001 	mov	sl, r1
    737c:	e5952030 	ldr	r2, [r5, #48]	@ 0x30
    7380:	e3e0c4fe 	mvn	ip, #-33554432	@ 0xfe000000
    7384:	e3ccc8fe 	bic	ip, ip, #16646144	@ 0xfe0000
    7388:	e151000c 	cmp	r1, ip
    738c:	8a0001e1 	bhi	0x7b18
    7390:	e3a0e030 	mov	lr, #48	@ 0x30
    7394:	e7c2e001 	strb	lr, [r2, r1]
    7398:	e594c050 	ldr	ip, [r4, #80]	@ 0x50
    739c:	e159000c 	cmp	r9, ip
    73a0:	0a000035 	beq	0x747c
    73a4:	e594c01c 	ldr	ip, [r4, #28]
    73a8:	e28c1010 	add	r1, ip, #16
    73ac:	e15a0001 	cmp	sl, r1
    73b0:	9a00004d 	bls	0x74ec
    73b4:	e24a1001 	sub	r1, sl, #1
    73b8:	e1a0a001 	mov	sl, r1
    73bc:	e5952030 	ldr	r2, [r5, #48]	@ 0x30
    73c0:	e3e0c4fe 	mvn	ip, #-33554432	@ 0xfe000000
    73c4:	e3ccc8fe 	bic	ip, ip, #16646144	@ 0xfe0000
    73c8:	e151000c 	cmp	r1, ip
    73cc:	8a0001d1 	bhi	0x7b18
    73d0:	e3a0e030 	mov	lr, #48	@ 0x30
    73d4:	e7c2e001 	strb	lr, [r2, r1]
    73d8:	e594c01c 	ldr	ip, [r4, #28]
    73dc:	ea000022 	b	0x746c
	...
    73f8:	0101fffc 	strdeq	pc, [r1, -ip]
    73fc:	3b9aca00 	blcc	0xfe6b9c04
    7400:	00047d44 	andeq	r7, r4, r4, asr #26
    7404:	001f44e8 	andseq	r4, pc, r8, ror #9
    7408:	001f4728 	andseq	r4, pc, r8, lsr #14
    740c:	001f44e8 	andseq	r4, pc, r8, ror #9
    7410:	3b9ac9ff 	blcc	0xfe6b9c14
    7414:	001f44e8 	andseq	r4, pc, r8, ror #9
    7418:	001f44e8 	andseq	r4, pc, r8, ror #9
    741c:	004087d8 	ldrdeq	r8, [r0], #-120	@ 0xffffff88
    7420:	000487b4 			@ <UNDEFINED> instruction: 0x000487b4
    7424:	004089c4 	subeq	r8, r0, r4, asr #19
    7428:	000487b4 			@ <UNDEFINED> instruction: 0x000487b4
    742c:	004089dc 	ldrdeq	r8, [r0], #-156	@ 0xffffff64
    7430:	000487b4 			@ <UNDEFINED> instruction: 0x000487b4
    7434:	00408a14 	subeq	r8, r0, r4, lsl sl
    7438:	000487b4 			@ <UNDEFINED> instruction: 0x000487b4
    743c:	00408ab8 	strheq	r8, [r0], #-168	@ 0xffffff58
    7440:	000487b4 			@ <UNDEFINED> instruction: 0x000487b4
    7444:	00408be8 	subeq	r8, r0, r8, ror #23
    7448:	000487b4 			@ <UNDEFINED> instruction: 0x000487b4
    744c:	00408c4c 	subeq	r8, r0, ip, asr #24
    7450:	000487b4 			@ <UNDEFINED> instruction: 0x000487b4
    7454:	00408c9c 	umaaleq	r8, r0, ip, ip
    7458:	000487b4 			@ <UNDEFINED> instruction: 0x000487b4
    745c:	00408d84 	subeq	r8, r0, r4, lsl #27
    7460:	000487b4 			@ <UNDEFINED> instruction: 0x000487b4
    7464:	00408eac 	subeq	r8, r0, ip, lsr #29
    7468:	000487b4 			@ <UNDEFINED> instruction: 0x000487b4
    746c:	e28c1010 	add	r1, ip, #16
    7470:	e15a0001 	cmp	sl, r1
    7474:	8affffce 	bhi	0x73b4
    7478:	ea00001b 	b	0x74ec
    747c:	e584a02c 	str	sl, [r4, #44]	@ 0x2c
    7480:	e3a0e001 	mov	lr, #1
    7484:	e584e088 	str	lr, [r4, #136]	@ 0x88
    7488:	e59f0fe8 	ldr	r0, [pc, #4072]	@ 0x8478
    748c:	e1a01004 	mov	r1, r4
    7490:	e59d2000 	ldr	r2, [sp]
    7494:	e59fcfe0 	ldr	ip, [pc, #4064]	@ 0x847c
    7498:	e12fff3c 	blx	ip
    749c:	e3500000 	cmp	r0, #0
    74a0:	1a00019f 	bne	0x7b24
    74a4:	e28aa001 	add	sl, sl, #1
    74a8:	e594e05c 	ldr	lr, [r4, #92]	@ 0x5c
    74ac:	e594c040 	ldr	ip, [r4, #64]	@ 0x40
    74b0:	e18c100e 	orr	r1, ip, lr
    74b4:	e3510000 	cmp	r1, #0
    74b8:	0a00000b 	beq	0x74ec
    74bc:	e3a0eb40 	mov	lr, #64, 22	@ 0x10000
    74c0:	e38ee1b4 	orr	lr, lr, #180, 2	@ 0x2d
    74c4:	e584e0a4 	str	lr, [r4, #164]	@ 0xa4
    74c8:	e3a0e001 	mov	lr, #1
    74cc:	e584e088 	str	lr, [r4, #136]	@ 0x88
    74d0:	e59f0fa8 	ldr	r0, [pc, #4008]	@ 0x8480
    74d4:	e1a01004 	mov	r1, r4
    74d8:	e59d2000 	ldr	r2, [sp]
    74dc:	e59fcfa0 	ldr	ip, [pc, #4000]	@ 0x8484
    74e0:	e12fff3c 	blx	ip
    74e4:	e3500000 	cmp	r0, #0
    74e8:	1a00018d 	bne	0x7b24
    74ec:	e048100a 	sub	r1, r8, sl
    74f0:	e1a0b001 	mov	fp, r1
    74f4:	e594c040 	ldr	ip, [r4, #64]	@ 0x40
    74f8:	e15c000b 	cmp	ip, fp
    74fc:	e594c040 	ldr	ip, [r4, #64]	@ 0x40
    7500:	d1a0100c 	movle	r1, ip
    7504:	e584a02c 	str	sl, [r4, #44]	@ 0x2c
    7508:	e58410a8 	str	r1, [r4, #168]	@ 0xa8
    750c:	e59f0f74 	ldr	r0, [pc, #3956]	@ 0x8488
    7510:	e1a01004 	mov	r1, r4
    7514:	e59d2000 	ldr	r2, [sp]
    7518:	e59fcf6c 	ldr	ip, [pc, #3948]	@ 0x848c
    751c:	e12fff3c 	blx	ip
    7520:	e3500000 	cmp	r0, #0
    7524:	1a00017e 	bne	0x7b24
    7528:	e594c040 	ldr	ip, [r4, #64]	@ 0x40
    752c:	e04ce00b 	sub	lr, ip, fp
    7530:	e584e040 	str	lr, [r4, #64]	@ 0x40
    7534:	e2891004 	add	r1, r9, #4
    7538:	e1a09001 	mov	r9, r1
    753c:	e1510007 	cmp	r1, r7
    7540:	2a000002 	bcs	0x7550
    7544:	e594c040 	ldr	ip, [r4, #64]	@ 0x40
    7548:	e37c0001 	cmn	ip, #1
    754c:	caffff73 	bgt	0x7320
    7550:	e594c040 	ldr	ip, [r4, #64]	@ 0x40
    7554:	e28c1012 	add	r1, ip, #18
    7558:	e3a0e030 	mov	lr, #48	@ 0x30
    755c:	e584e0a4 	str	lr, [r4, #164]	@ 0xa4
    7560:	e58410a8 	str	r1, [r4, #168]	@ 0xa8
    7564:	e3a0e012 	mov	lr, #18
    7568:	e584e0ac 	str	lr, [r4, #172]	@ 0xac
    756c:	e3a0e000 	mov	lr, #0
    7570:	e584e084 	str	lr, [r4, #132]	@ 0x84
    7574:	e59f0f14 	ldr	r0, [pc, #3860]	@ 0x8490
    7578:	e1a01004 	mov	r1, r4
    757c:	e59d2000 	ldr	r2, [sp]
    7580:	e59fcf0c 	ldr	ip, [pc, #3852]	@ 0x8494
    7584:	e12fff3c 	blx	ip
    7588:	e3500000 	cmp	r0, #0
    758c:	1a000164 	bne	0x7b24
    7590:	e594e054 	ldr	lr, [r4, #84]	@ 0x54
    7594:	e594c038 	ldr	ip, [r4, #56]	@ 0x38
    7598:	e04c100e 	sub	r1, ip, lr
    759c:	e58410a8 	str	r1, [r4, #168]	@ 0xa8
    75a0:	e59f0ef0 	ldr	r0, [pc, #3824]	@ 0x8498
    75a4:	e1a01004 	mov	r1, r4
    75a8:	e59d2000 	ldr	r2, [sp]
    75ac:	e59fcee8 	ldr	ip, [pc, #3816]	@ 0x849c
    75b0:	e12fff3c 	blx	ip
    75b4:	e3500000 	cmp	r0, #0
    75b8:	1a000159 	bne	0x7b24
    75bc:	ea00000f 	b	0x7600
    75c0:	e5940040 	ldr	r0, [r4, #64]	@ 0x40
    75c4:	e2800009 	add	r0, r0, #9
    75c8:	e3a0e030 	mov	lr, #48	@ 0x30
    75cc:	e584e0a4 	str	lr, [r4, #164]	@ 0xa4
    75d0:	e58400a8 	str	r0, [r4, #168]	@ 0xa8
    75d4:	e3a0e009 	mov	lr, #9
    75d8:	e584e0ac 	str	lr, [r4, #172]	@ 0xac
    75dc:	e3a0e000 	mov	lr, #0
    75e0:	e584e084 	str	lr, [r4, #132]	@ 0x84
    75e4:	e59f0eb4 	ldr	r0, [pc, #3764]	@ 0x84a0
    75e8:	e1a01004 	mov	r1, r4
    75ec:	e59d2000 	ldr	r2, [sp]
    75f0:	e59fceac 	ldr	ip, [pc, #3756]	@ 0x84a4
    75f4:	e12fff3c 	blx	ip
    75f8:	e3500000 	cmp	r0, #0
    75fc:	1a000148 	bne	0x7b24
    7600:	e594c014 	ldr	ip, [r4, #20]
    7604:	e22c0d80 	eor	r0, ip, #128, 26	@ 0x2000
    7608:	e3a0e020 	mov	lr, #32
    760c:	e584e0a4 	str	lr, [r4, #164]	@ 0xa4
    7610:	e5846018 	str	r6, [r4, #24]
    7614:	e58400b0 	str	r0, [r4, #176]	@ 0xb0
    7618:	e59f0e88 	ldr	r0, [pc, #3720]	@ 0x84a8
    761c:	e1a01004 	mov	r1, r4
    7620:	e59d2000 	ldr	r2, [sp]
    7624:	e59fce80 	ldr	ip, [pc, #3712]	@ 0x84ac
    7628:	e12fff3c 	blx	ip
    762c:	e3500000 	cmp	r0, #0
    7630:	1a00013b 	bne	0x7b24
    7634:	e594c00c 	ldr	ip, [r4, #12]
    7638:	e15c0006 	cmp	ip, r6
    763c:	e594e00c 	ldr	lr, [r4, #12]
    7640:	d1a0e006 	movle	lr, r6
    7644:	e584e034 	str	lr, [r4, #52]	@ 0x34
    7648:	ea000125 	b	0x7ae4
    764c:	e594c018 	ldr	ip, [r4, #24]
    7650:	e1a00d0c 	lsl	r0, ip, #26
    7654:	e1a00fc0 	asr	r0, r0, #31
    7658:	e2000009 	and	r0, r0, #9
    765c:	e594c028 	ldr	ip, [r4, #40]	@ 0x28
    7660:	e08ce000 	add	lr, ip, r0
    7664:	e584e054 	str	lr, [r4, #84]	@ 0x54
    7668:	e594c010 	ldr	ip, [r4, #16]
    766c:	e35c000b 	cmp	ip, #11
    7670:	8a00001e 	bhi	0x76f0
    7674:	e594c010 	ldr	ip, [r4, #16]
    7678:	e26c000c 	rsb	r0, ip, #12
    767c:	e3a0c000 	mov	ip, #0
    7680:	e3a0e9c0 	mov	lr, #192, 18	@ 0x300000
    7684:	e38ee440 	orr	lr, lr, #64, 8	@ 0x40000000
    7688:	ec4eca10 	vmov	s0, s1, ip, lr
    768c:	e3a0c000 	mov	ip, #0
    7690:	e3a0e9c0 	mov	lr, #192, 18	@ 0x300000
    7694:	e38ee440 	orr	lr, lr, #64, 8	@ 0x40000000
    7698:	ec4eca11 	vmov	s2, s3, ip, lr
    769c:	ee200b01 	vmul.f64	d0, d0, d1
    76a0:	e2401001 	sub	r1, r0, #1
    76a4:	e1a00001 	mov	r0, r1
    76a8:	e3510000 	cmp	r1, #0
    76ac:	1afffff6 	bne	0x768c
    76b0:	e5942054 	ldr	r2, [r4, #84]	@ 0x54
    76b4:	e5951030 	ldr	r1, [r5, #48]	@ 0x30
    76b8:	e3e0c4fe 	mvn	ip, #-33554432	@ 0xfe000000
    76bc:	e3ccc8fe 	bic	ip, ip, #16646144	@ 0xfe0000
    76c0:	e152000c 	cmp	r2, ip
    76c4:	8a000113 	bhi	0x7b18
    76c8:	e7d10002 	ldrb	r0, [r1, r2]
    76cc:	e350002d 	cmp	r0, #45	@ 0x2d
    76d0:	1a000004 	bne	0x76e8
    76d4:	eeb11b48 	vneg.f64	d1, d8
    76d8:	ee311b40 	vsub.f64	d1, d1, d0
    76dc:	ee301b01 	vadd.f64	d1, d0, d1
    76e0:	eeb18b41 	vneg.f64	d8, d1
    76e4:	ea000001 	b	0x76f0
    76e8:	ee381b00 	vadd.f64	d1, d8, d0
    76ec:	ee318b40 	vsub.f64	d8, d1, d0
    76f0:	e594201c 	ldr	r2, [r4, #28]
    76f4:	e5951030 	ldr	r1, [r5, #48]	@ 0x30
    76f8:	e292202c 	adds	r2, r2, #44	@ 0x2c
    76fc:	2a000105 	bcs	0x7b18
    7700:	e59fcda8 	ldr	ip, [pc, #3496]	@ 0x84b0
    7704:	e152000c 	cmp	r2, ip
    7708:	8a000102 	bhi	0x7b18
    770c:	e7910002 	ldr	r0, [r1, r2]
    7710:	e1a07000 	mov	r7, r0
    7714:	e1a01fc7 	asr	r1, r7, #31
    7718:	e1a02001 	mov	r2, r1
    771c:	e0200001 	eor	r0, r0, r1
    7720:	e0400002 	sub	r0, r0, r2
    7724:	e3a01000 	mov	r1, #0
    7728:	e58400a0 	str	r0, [r4, #160]	@ 0xa0
    772c:	e58410a4 	str	r1, [r4, #164]	@ 0xa4
    7730:	e59f0d7c 	ldr	r0, [pc, #3452]	@ 0x84b4
    7734:	e1a01004 	mov	r1, r4
    7738:	e59d2000 	ldr	r2, [sp]
    773c:	e59fcd74 	ldr	ip, [pc, #3444]	@ 0x84b8
    7740:	e12fff3c 	blx	ip
    7744:	e3500000 	cmp	r0, #0
    7748:	1a0000f5 	bne	0x7b24
    774c:	e59400a0 	ldr	r0, [r4, #160]	@ 0xa0
    7750:	e1a01000 	mov	r1, r0
    7754:	e594c038 	ldr	ip, [r4, #56]	@ 0x38
    7758:	e150000c 	cmp	r0, ip
    775c:	1a000010 	bne	0x77a4
    7760:	e2410001 	sub	r0, r1, #1
    7764:	e1a01000 	mov	r1, r0
    7768:	e5952030 	ldr	r2, [r5, #48]	@ 0x30
    776c:	e3e0c4fe 	mvn	ip, #-33554432	@ 0xfe000000
    7770:	e3ccc8fe 	bic	ip, ip, #16646144	@ 0xfe0000
    7774:	e150000c 	cmp	r0, ip
    7778:	8a0000e6 	bhi	0x7b18
    777c:	e3a0e030 	mov	lr, #48	@ 0x30
    7780:	e7c2e000 	strb	lr, [r2, r0]
    7784:	e594201c 	ldr	r2, [r4, #28]
    7788:	e5950030 	ldr	r0, [r5, #48]	@ 0x30
    778c:	e292202c 	adds	r2, r2, #44	@ 0x2c
    7790:	2a0000e0 	bcs	0x7b18
    7794:	e59fcd14 	ldr	ip, [pc, #3348]	@ 0x84b0
    7798:	e152000c 	cmp	r2, ip
    779c:	8a0000dd 	bhi	0x7b18
    77a0:	e7907002 	ldr	r7, [r0, r2]
    77a4:	e594c024 	ldr	ip, [r4, #36]	@ 0x24
    77a8:	e38c8002 	orr	r8, ip, #2
    77ac:	e594c018 	ldr	ip, [r4, #24]
    77b0:	e20c0020 	and	r0, ip, #32
    77b4:	e2412002 	sub	r2, r1, #2
    77b8:	e5842060 	str	r2, [r4, #96]	@ 0x60
    77bc:	e594c018 	ldr	ip, [r4, #24]
    77c0:	e28c300f 	add	r3, ip, #15
    77c4:	e595a030 	ldr	sl, [r5, #48]	@ 0x30
    77c8:	e3e0c4fe 	mvn	ip, #-33554432	@ 0xfe000000
    77cc:	e3ccc8fe 	bic	ip, ip, #16646144	@ 0xfe0000
    77d0:	e152000c 	cmp	r2, ip
    77d4:	8a0000cf 	bhi	0x7b18
    77d8:	e7ca3002 	strb	r3, [sl, r2]
    77dc:	e2411001 	sub	r1, r1, #1
    77e0:	e3570000 	cmp	r7, #0
    77e4:	e3a0202d 	mov	r2, #45	@ 0x2d
    77e8:	a3a0202b 	movge	r2, #43	@ 0x2b
    77ec:	e5953030 	ldr	r3, [r5, #48]	@ 0x30
    77f0:	e3e0c4fe 	mvn	ip, #-33554432	@ 0xfe000000
    77f4:	e3ccc8fe 	bic	ip, ip, #16646144	@ 0xfe0000
    77f8:	e151000c 	cmp	r1, ip
    77fc:	8a0000c5 	bhi	0x7b18
    7800:	e7c32001 	strb	r2, [r3, r1]
    7804:	e594c010 	ldr	ip, [r4, #16]
    7808:	e35c0001 	cmp	ip, #1
    780c:	e3a01000 	mov	r1, #0
    7810:	b3a01001 	movlt	r1, #1
    7814:	e594c014 	ldr	ip, [r4, #20]
    7818:	e20c2008 	and	r2, ip, #8
    781c:	e3520000 	cmp	r2, #0
    7820:	e3a02000 	mov	r2, #0
    7824:	03a02001 	moveq	r2, #1
    7828:	e0011002 	and	r1, r1, r2
    782c:	e594c01c 	ldr	ip, [r4, #28]
    7830:	e28c2010 	add	r2, ip, #16
    7834:	e1a03002 	mov	r3, r2
    7838:	e1a07003 	mov	r7, r3
    783c:	eebd7bc8 	vcvt.s32.f64	s14, d8
    7840:	ee17aa10 	vmov	sl, s14
    7844:	e1a0b00a 	mov	fp, sl
    7848:	e28aab40 	add	sl, sl, #64, 22	@ 0x10000
    784c:	e28aaf8c 	add	sl, sl, #140, 30	@ 0x230
    7850:	e1a0600a 	mov	r6, sl
    7854:	e5959030 	ldr	r9, [r5, #48]	@ 0x30
    7858:	e3e0c4fe 	mvn	ip, #-33554432	@ 0xfe000000
    785c:	e3ccc8fe 	bic	ip, ip, #16646144	@ 0xfe0000
    7860:	e156000c 	cmp	r6, ip
    7864:	8a0000ab 	bhi	0x7b18
    7868:	e7d9a006 	ldrb	sl, [r9, r6]
    786c:	e18aa000 	orr	sl, sl, r0
    7870:	e5956030 	ldr	r6, [r5, #48]	@ 0x30
    7874:	e3e0c4fe 	mvn	ip, #-33554432	@ 0xfe000000
    7878:	e3ccc8fe 	bic	ip, ip, #16646144	@ 0xfe0000
    787c:	e153000c 	cmp	r3, ip
    7880:	8a0000a4 	bhi	0x7b18
    7884:	e7c6a003 	strb	sl, [r6, r3]
    7888:	ee07ba10 	vmov	s14, fp
    788c:	eeb80bc7 	vcvt.f64.s32	d0, s14
    7890:	ee380b40 	vsub.f64	d0, d8, d0
    7894:	e3a0c000 	mov	ip, #0
    7898:	e3a0e9c0 	mov	lr, #192, 18	@ 0x300000
    789c:	e38ee440 	orr	lr, lr, #64, 8	@ 0x40000000
    78a0:	ec4eca11 	vmov	s2, s3, ip, lr
    78a4:	ee208b01 	vmul.f64	d8, d0, d1
    78a8:	e2873001 	add	r3, r7, #1
    78ac:	e1a02003 	mov	r2, r3
    78b0:	e594c01c 	ldr	ip, [r4, #28]
    78b4:	e28c6010 	add	r6, ip, #16
    78b8:	e0433006 	sub	r3, r3, r6
    78bc:	e3530001 	cmp	r3, #1
    78c0:	1a000012 	bne	0x7910
    78c4:	e3a0c000 	mov	ip, #0
    78c8:	ec4cca10 	vmov	s0, s1, ip, ip
    78cc:	eeb48b40 	vcmp.f64	d8, d0
    78d0:	eef1fa10 	vmrs	APSR_nzcv, fpscr
    78d4:	e3a03000 	mov	r3, #0
    78d8:	03a03001 	moveq	r3, #1
    78dc:	e1130001 	tst	r3, r1
    78e0:	1a00000a 	bne	0x7910
    78e4:	e1a06007 	mov	r6, r7
    78e8:	e5953030 	ldr	r3, [r5, #48]	@ 0x30
    78ec:	e2966001 	adds	r6, r6, #1
    78f0:	2a000088 	bcs	0x7b18
    78f4:	e3e0c4fe 	mvn	ip, #-33554432	@ 0xfe000000
    78f8:	e3ccc8fe 	bic	ip, ip, #16646144	@ 0xfe0000
    78fc:	e156000c 	cmp	r6, ip
    7900:	8a000084 	bhi	0x7b18
    7904:	e3a0e02e 	mov	lr, #46	@ 0x2e
    7908:	e7c3e006 	strb	lr, [r3, r6]
    790c:	e2872002 	add	r2, r7, #2
    7910:	e3a0c000 	mov	ip, #0
    7914:	ec4cca10 	vmov	s0, s1, ip, ip
    7918:	eeb48b40 	vcmp.f64	d8, d0
    791c:	eef1fa10 	vmrs	APSR_nzcv, fpscr
    7920:	1affffc3 	bne	0x7834
    7924:	e3e0e000 	mvn	lr, #0
    7928:	e584e034 	str	lr, [r4, #52]	@ 0x34
    792c:	e594e060 	ldr	lr, [r4, #96]	@ 0x60
    7930:	e594c038 	ldr	ip, [r4, #56]	@ 0x38
    7934:	e04c000e 	sub	r0, ip, lr
    7938:	e1a06000 	mov	r6, r0
    793c:	e0880000 	add	r0, r8, r0
    7940:	e1a01000 	mov	r1, r0
    7944:	e3e0c3a0 	mvn	ip, #160, 6	@ 0x80000002
    7948:	e04c0000 	sub	r0, ip, r0
    794c:	e594c010 	ldr	ip, [r4, #16]
    7950:	e15c0000 	cmp	ip, r0
    7954:	ca000062 	bgt	0x7ae4
    7958:	e594c010 	ldr	ip, [r4, #16]
    795c:	e28c0002 	add	r0, ip, #2
    7960:	e594c01c 	ldr	ip, [r4, #28]
    7964:	e28c3010 	add	r3, ip, #16
    7968:	e0422003 	sub	r2, r2, r3
    796c:	e1a07002 	mov	r7, r2
    7970:	e2473002 	sub	r3, r7, #2
    7974:	e594c010 	ldr	ip, [r4, #16]
    7978:	e153000c 	cmp	r3, ip
    797c:	a1a00002 	movge	r0, r2
    7980:	e594c010 	ldr	ip, [r4, #16]
    7984:	e35c0000 	cmp	ip, #0
    7988:	01a00007 	moveq	r0, r7
    798c:	e1a09000 	mov	r9, r0
    7990:	e0811000 	add	r1, r1, r0
    7994:	e1a0a001 	mov	sl, r1
    7998:	e3a0e020 	mov	lr, #32
    799c:	e584e0a4 	str	lr, [r4, #164]	@ 0xa4
    79a0:	e58410ac 	str	r1, [r4, #172]	@ 0xac
    79a4:	e59f0b10 	ldr	r0, [pc, #2832]	@ 0x84bc
    79a8:	e1a01004 	mov	r1, r4
    79ac:	e59d2000 	ldr	r2, [sp]
    79b0:	e59fcb08 	ldr	ip, [pc, #2824]	@ 0x84c0
    79b4:	e12fff3c 	blx	ip
    79b8:	e3500000 	cmp	r0, #0
    79bc:	1a000058 	bne	0x7b24
    79c0:	e584805c 	str	r8, [r4, #92]	@ 0x5c
    79c4:	e59f0af8 	ldr	r0, [pc, #2808]	@ 0x84c4
    79c8:	e1a01004 	mov	r1, r4
    79cc:	e59d2000 	ldr	r2, [sp]
    79d0:	e59fcaf0 	ldr	ip, [pc, #2800]	@ 0x84c8
    79d4:	e12fff3c 	blx	ip
    79d8:	e3500000 	cmp	r0, #0
    79dc:	1a000050 	bne	0x7b24
    79e0:	e594c014 	ldr	ip, [r4, #20]
    79e4:	e22c0b40 	eor	r0, ip, #64, 22	@ 0x10000
    79e8:	e3a0e030 	mov	lr, #48	@ 0x30
    79ec:	e584e0a4 	str	lr, [r4, #164]	@ 0xa4
    79f0:	e584a030 	str	sl, [r4, #48]	@ 0x30
    79f4:	e58400b0 	str	r0, [r4, #176]	@ 0xb0
    79f8:	e59f0acc 	ldr	r0, [pc, #2764]	@ 0x84cc
    79fc:	e1a01004 	mov	r1, r4
    7a00:	e59d2000 	ldr	r2, [sp]
    7a04:	e59fcac4 	ldr	ip, [pc, #2756]	@ 0x84d0
    7a08:	e12fff3c 	blx	ip
    7a0c:	e3500000 	cmp	r0, #0
    7a10:	1a000043 	bne	0x7b24
    7a14:	e594c01c 	ldr	ip, [r4, #28]
    7a18:	e28c0010 	add	r0, ip, #16
    7a1c:	e58400a4 	str	r0, [r4, #164]	@ 0xa4
    7a20:	e584702c 	str	r7, [r4, #44]	@ 0x2c
    7a24:	e59f0aa8 	ldr	r0, [pc, #2728]	@ 0x84d4
    7a28:	e1a01004 	mov	r1, r4
    7a2c:	e59d2000 	ldr	r2, [sp]
    7a30:	e59fcaa0 	ldr	ip, [pc, #2720]	@ 0x84d8
    7a34:	e12fff3c 	blx	ip
    7a38:	e3500000 	cmp	r0, #0
    7a3c:	1a000038 	bne	0x7b24
    7a40:	e0499007 	sub	r9, r9, r7
    7a44:	e3a0e030 	mov	lr, #48	@ 0x30
    7a48:	e584e0a4 	str	lr, [r4, #164]	@ 0xa4
    7a4c:	e58490a8 	str	r9, [r4, #168]	@ 0xa8
    7a50:	e3a0e000 	mov	lr, #0
    7a54:	e584e084 	str	lr, [r4, #132]	@ 0x84
    7a58:	e3a0e000 	mov	lr, #0
    7a5c:	e584e084 	str	lr, [r4, #132]	@ 0x84
    7a60:	e59f0a74 	ldr	r0, [pc, #2676]	@ 0x84dc
    7a64:	e1a01004 	mov	r1, r4
    7a68:	e59d2000 	ldr	r2, [sp]
    7a6c:	e59fca6c 	ldr	ip, [pc, #2668]	@ 0x84e0
    7a70:	e12fff3c 	blx	ip
    7a74:	e3500000 	cmp	r0, #0
    7a78:	1a000029 	bne	0x7b24
    7a7c:	e5846050 	str	r6, [r4, #80]	@ 0x50
    7a80:	e59f0a5c 	ldr	r0, [pc, #2652]	@ 0x84e4
    7a84:	e1a01004 	mov	r1, r4
    7a88:	e59d2000 	ldr	r2, [sp]
    7a8c:	e59fca54 	ldr	ip, [pc, #2644]	@ 0x84e8
    7a90:	e12fff3c 	blx	ip
    7a94:	e3500000 	cmp	r0, #0
    7a98:	1a000021 	bne	0x7b24
    7a9c:	e594c014 	ldr	ip, [r4, #20]
    7aa0:	e22c0d80 	eor	r0, ip, #128, 26	@ 0x2000
    7aa4:	e3a0e020 	mov	lr, #32
    7aa8:	e584e0a4 	str	lr, [r4, #164]	@ 0xa4
    7aac:	e584a030 	str	sl, [r4, #48]	@ 0x30
    7ab0:	e58400b0 	str	r0, [r4, #176]	@ 0xb0
    7ab4:	e59f0a30 	ldr	r0, [pc, #2608]	@ 0x84ec
    7ab8:	e1a01004 	mov	r1, r4
    7abc:	e59d2000 	ldr	r2, [sp]
    7ac0:	e59fca28 	ldr	ip, [pc, #2600]	@ 0x84f0
    7ac4:	e12fff3c 	blx	ip
    7ac8:	e3500000 	cmp	r0, #0
    7acc:	1a000014 	bne	0x7b24
    7ad0:	e594c00c 	ldr	ip, [r4, #12]
    7ad4:	e15c000a 	cmp	ip, sl
    7ad8:	e594e00c 	ldr	lr, [r4, #12]
    7adc:	d1a0e00a 	movle	lr, sl
    7ae0:	e584e034 	str	lr, [r4, #52]	@ 0x34
    7ae4:	e594c01c 	ldr	ip, [r4, #28]
    7ae8:	e28c0f8c 	add	r0, ip, #140, 30	@ 0x230
    7aec:	e595103c 	ldr	r1, [r5, #60]	@ 0x3c
    7af0:	e5810008 	str	r0, [r1, #8]
    7af4:	e59f09f8 	ldr	r0, [pc, #2552]	@ 0x84f4
    7af8:	e30ccabc 	movw	ip, #51900	@ 0xcabc
    7afc:	e34ccdef 	movt	ip, #52719	@ 0xcdef
    7b00:	e28dd018 	add	sp, sp, #24
    7b04:	ecbd8b02 	vpop	{d8}
    7b08:	e28dd004 	add	sp, sp, #4
    7b0c:	e8bd8fc0 	pop	{r6, r7, r8, r9, sl, fp, pc}
    7b10:	e3a00003 	mov	r0, #3
    7b14:	ea000000 	b	0x7b1c
    7b18:	e3a00008 	mov	r0, #8
    7b1c:	e59d1000 	ldr	r1, [sp]
    7b20:	e5810010 	str	r0, [r1, #16]
    7b24:	e59d0000 	ldr	r0, [sp]
    7b28:	e59d103c 	ldr	r1, [sp, #60]	@ 0x3c
    7b2c:	e59fc9c4 	ldr	ip, [pc, #2500]	@ 0x84f8
    7b30:	e12fff3c 	blx	ip
    7b34:	e28dd018 	add	sp, sp, #24
    7b38:	ecbd8b02 	vpop	{d8}
    7b3c:	e28dd004 	add	sp, sp, #4
    7b40:	e8bd0fc0 	pop	{r6, r7, r8, r9, sl, fp}
    7b44:	e28dd004 	add	sp, sp, #4
    7b48:	e12fff10 	bx	r0
    7b4c:	e92d41c0 	push	{r6, r7, r8, lr}
    7b50:	e24dd008 	sub	sp, sp, #8
    7b54:	e58d0000 	str	r0, [sp]
    7b58:	e30cc123 	movw	ip, #49443	@ 0xc123
    7b5c:	e34cc456 	movt	ip, #50262	@ 0xc456
    7b60:	e5946000 	ldr	r6, [r4]
    7b64:	e5940004 	ldr	r0, [r4, #4]
    7b68:	e1a03000 	mov	r3, r0
    7b6c:	e5952030 	ldr	r2, [r5, #48]	@ 0x30
    7b70:	e59fc938 	ldr	ip, [pc, #2360]	@ 0x84b0
    7b74:	e153000c 	cmp	r3, ip
    7b78:	8a000034 	bhi	0x7c50
    7b7c:	e7921003 	ldr	r1, [r2, r3]
    7b80:	e2811007 	add	r1, r1, #7
    7b84:	e3c11007 	bic	r1, r1, #7
    7b88:	e1a02001 	mov	r2, r1
    7b8c:	e2811010 	add	r1, r1, #16
    7b90:	e5953030 	ldr	r3, [r5, #48]	@ 0x30
    7b94:	e59fc914 	ldr	ip, [pc, #2324]	@ 0x84b0
    7b98:	e150000c 	cmp	r0, ip
    7b9c:	8a00002b 	bhi	0x7c50
    7ba0:	e7831000 	str	r1, [r3, r0]
    7ba4:	e1a07002 	mov	r7, r2
    7ba8:	e5953030 	ldr	r3, [r5, #48]	@ 0x30
    7bac:	e59fc948 	ldr	ip, [pc, #2376]	@ 0x84fc
    7bb0:	e157000c 	cmp	r7, ip
    7bb4:	8a000025 	bhi	0x7c50
    7bb8:	e083c007 	add	ip, r3, r7
    7bbc:	e59c0000 	ldr	r0, [ip]
    7bc0:	e59c1004 	ldr	r1, [ip, #4]
    7bc4:	e5958030 	ldr	r8, [r5, #48]	@ 0x30
    7bc8:	e2922008 	adds	r2, r2, #8
    7bcc:	2a00001f 	bcs	0x7c50
    7bd0:	e59fc924 	ldr	ip, [pc, #2340]	@ 0x84fc
    7bd4:	e152000c 	cmp	r2, ip
    7bd8:	8a00001c 	bhi	0x7c50
    7bdc:	e088c002 	add	ip, r8, r2
    7be0:	e59c3000 	ldr	r3, [ip]
    7be4:	e59c7004 	ldr	r7, [ip, #4]
    7be8:	e584001c 	str	r0, [r4, #28]
    7bec:	e5841020 	str	r1, [r4, #32]
    7bf0:	e5843024 	str	r3, [r4, #36]	@ 0x24
    7bf4:	e5847028 	str	r7, [r4, #40]	@ 0x28
    7bf8:	e59f0900 	ldr	r0, [pc, #2304]	@ 0x8500
    7bfc:	e1a01004 	mov	r1, r4
    7c00:	e59d2000 	ldr	r2, [sp]
    7c04:	e59fc8f8 	ldr	ip, [pc, #2296]	@ 0x8504
    7c08:	e12fff3c 	blx	ip
    7c0c:	e3500000 	cmp	r0, #0
    7c10:	1a000011 	bne	0x7c5c
    7c14:	ed940b07 	vldr	d0, [r4, #28]
    7c18:	e5950030 	ldr	r0, [r5, #48]	@ 0x30
    7c1c:	e59fc8d8 	ldr	ip, [pc, #2264]	@ 0x84fc
    7c20:	e156000c 	cmp	r6, ip
    7c24:	8a000009 	bhi	0x7c50
    7c28:	ee10ea10 	vmov	lr, s0
    7c2c:	e080c006 	add	ip, r0, r6
    7c30:	e58ce000 	str	lr, [ip]
    7c34:	ee10ea90 	vmov	lr, s1
    7c38:	e58ce004 	str	lr, [ip, #4]
    7c3c:	e59f08c4 	ldr	r0, [pc, #2244]	@ 0x8508
    7c40:	e30ccabc 	movw	ip, #51900	@ 0xcabc
    7c44:	e34ccdef 	movt	ip, #52719	@ 0xcdef
    7c48:	e28dd008 	add	sp, sp, #8
    7c4c:	e8bd81c0 	pop	{r6, r7, r8, pc}
    7c50:	e3a00008 	mov	r0, #8
    7c54:	e59d1000 	ldr	r1, [sp]
    7c58:	e5810010 	str	r0, [r1, #16]
    7c5c:	e59d0000 	ldr	r0, [sp]
    7c60:	e59d1014 	ldr	r1, [sp, #20]
    7c64:	e59fc8a0 	ldr	ip, [pc, #2208]	@ 0x850c
    7c68:	e12fff3c 	blx	ip
    7c6c:	e28dd008 	add	sp, sp, #8
    7c70:	e8bd01c0 	pop	{r6, r7, r8}
    7c74:	e28dd004 	add	sp, sp, #4
    7c78:	e12fff10 	bx	r0
    7c7c:	e52de004 	push	{lr}		@ (str lr, [sp, #-4]!)
    7c80:	e24dd004 	sub	sp, sp, #4
    7c84:	e58d0000 	str	r0, [sp]
    7c88:	e30cc123 	movw	ip, #49443	@ 0xc123
    7c8c:	e34cc456 	movt	ip, #50262	@ 0xc456
    7c90:	ed940b00 	vldr	d0, [r4]
    7c94:	ec510a10 	vmov	r0, r1, s0, s1
    7c98:	e5840008 	str	r0, [r4, #8]
    7c9c:	e584100c 	str	r1, [r4, #12]
    7ca0:	e3a009ff 	mov	r0, #4177920	@ 0x3fc000
    7ca4:	e3800d6e 	orr	r0, r0, #7040	@ 0x1b80
    7ca8:	e30ccabc 	movw	ip, #51900	@ 0xcabc
    7cac:	e34ccdef 	movt	ip, #52719	@ 0xcdef
    7cb0:	e28dd004 	add	sp, sp, #4
    7cb4:	e49df004 	pop	{pc}		@ (ldr pc, [sp], #4)
    7cb8:	e92d4040 	push	{r6, lr}
    7cbc:	e24dd008 	sub	sp, sp, #8
    7cc0:	e58d0000 	str	r0, [sp]
    7cc4:	e30cc123 	movw	ip, #49443	@ 0xc123
    7cc8:	e34cc456 	movt	ip, #50262	@ 0xc456
    7ccc:	e5946000 	ldr	r6, [r4]
    7cd0:	e3560000 	cmp	r6, #0
    7cd4:	1a000003 	bne	0x7ce8
    7cd8:	e3a0e000 	mov	lr, #0
    7cdc:	e584e004 	str	lr, [r4, #4]
    7ce0:	e59f0828 	ldr	r0, [pc, #2088]	@ 0x8510
    7ce4:	ea000011 	b	0x7d30
    7ce8:	e59f0824 	ldr	r0, [pc, #2084]	@ 0x8514
    7cec:	e1a01004 	mov	r1, r4
    7cf0:	e59d2000 	ldr	r2, [sp]
    7cf4:	e59fc81c 	ldr	ip, [pc, #2076]	@ 0x8518
    7cf8:	e12fff3c 	blx	ip
    7cfc:	e3500000 	cmp	r0, #0
    7d00:	1a00000f 	bne	0x7d44
    7d04:	e594000c 	ldr	r0, [r4, #12]
    7d08:	e5951030 	ldr	r1, [r5, #48]	@ 0x30
    7d0c:	e59fc79c 	ldr	ip, [pc, #1948]	@ 0x84b0
    7d10:	e150000c 	cmp	r0, ip
    7d14:	8a000007 	bhi	0x7d38
    7d18:	e7816000 	str	r6, [r1, r0]
    7d1c:	e3e0e000 	mvn	lr, #0
    7d20:	e584e008 	str	lr, [r4, #8]
    7d24:	e59f07f0 	ldr	r0, [pc, #2032]	@ 0x851c
    7d28:	e30ccabc 	movw	ip, #51900	@ 0xcabc
    7d2c:	e34ccdef 	movt	ip, #52719	@ 0xcdef
    7d30:	e28dd008 	add	sp, sp, #8
    7d34:	e8bd8040 	pop	{r6, pc}
    7d38:	e3a00008 	mov	r0, #8
    7d3c:	e59d1000 	ldr	r1, [sp]
    7d40:	e5810010 	str	r0, [r1, #16]
    7d44:	e59d0000 	ldr	r0, [sp]
    7d48:	e59d100c 	ldr	r1, [sp, #12]
    7d4c:	e59fc7cc 	ldr	ip, [pc, #1996]	@ 0x8520
    7d50:	e12fff3c 	blx	ip
    7d54:	e59d6008 	ldr	r6, [sp, #8]
    7d58:	e28dd010 	add	sp, sp, #16
    7d5c:	e12fff10 	bx	r0
    7d60:	e52de004 	push	{lr}		@ (str lr, [sp, #-4]!)
    7d64:	e24dd004 	sub	sp, sp, #4
    7d68:	e58d0000 	str	r0, [sp]
    7d6c:	e30cc123 	movw	ip, #49443	@ 0xc123
    7d70:	e34cc456 	movt	ip, #50262	@ 0xc456
    7d74:	e3a0e02a 	mov	lr, #42	@ 0x2a
    7d78:	e584e000 	str	lr, [r4]
    7d7c:	e59f07a0 	ldr	r0, [pc, #1952]	@ 0x8524
    7d80:	e30ccabc 	movw	ip, #51900	@ 0xcabc
    7d84:	e34ccdef 	movt	ip, #52719	@ 0xcdef
    7d88:	e28dd004 	add	sp, sp, #4
    7d8c:	e49df004 	pop	{pc}		@ (ldr pc, [sp], #4)
    7d90:	e52de004 	push	{lr}		@ (str lr, [sp, #-4]!)
    7d94:	e24dd004 	sub	sp, sp, #4
    7d98:	e58d0000 	str	r0, [sp]
    7d9c:	e30cc123 	movw	ip, #49443	@ 0xc123
    7da0:	e34cc456 	movt	ip, #50262	@ 0xc456
    7da4:	e59f077c 	ldr	r0, [pc, #1916]	@ 0x8528
    7da8:	e1a01004 	mov	r1, r4
    7dac:	e59d2000 	ldr	r2, [sp]
    7db0:	e59fc774 	ldr	ip, [pc, #1908]	@ 0x852c
    7db4:	e12fff3c 	blx	ip
    7db8:	e3500000 	cmp	r0, #0
    7dbc:	1a000007 	bne	0x7de0
    7dc0:	e5940000 	ldr	r0, [r4]
    7dc4:	e5840000 	str	r0, [r4]
    7dc8:	e3a009ff 	mov	r0, #4177920	@ 0x3fc000
    7dcc:	e3800eef 	orr	r0, r0, #3824	@ 0xef0
    7dd0:	e30ccabc 	movw	ip, #51900	@ 0xcabc
    7dd4:	e34ccdef 	movt	ip, #52719	@ 0xcdef
    7dd8:	e28dd004 	add	sp, sp, #4
    7ddc:	e49df004 	pop	{pc}		@ (ldr pc, [sp], #4)
    7de0:	e59d0000 	ldr	r0, [sp]
    7de4:	e59d1004 	ldr	r1, [sp, #4]
    7de8:	e59fc740 	ldr	ip, [pc, #1856]	@ 0x8530
    7dec:	e12fff3c 	blx	ip
    7df0:	e28dd008 	add	sp, sp, #8
    7df4:	e12fff10 	bx	r0
    7df8:	e52de004 	push	{lr}		@ (str lr, [sp, #-4]!)
    7dfc:	e24dd004 	sub	sp, sp, #4
    7e00:	e58d0000 	str	r0, [sp]
    7e04:	e30cc123 	movw	ip, #49443	@ 0xc123
    7e08:	e34cc456 	movt	ip, #50262	@ 0xc456
    7e0c:	e3a0eb4c 	mov	lr, #76, 22	@ 0x13000
    7e10:	e38ee070 	orr	lr, lr, #112	@ 0x70
    7e14:	e584e000 	str	lr, [r4]
    7e18:	e59f0714 	ldr	r0, [pc, #1812]	@ 0x8534
    7e1c:	e30ccabc 	movw	ip, #51900	@ 0xcabc
    7e20:	e34ccdef 	movt	ip, #52719	@ 0xcdef
    7e24:	e28dd004 	add	sp, sp, #4
    7e28:	e49df004 	pop	{pc}		@ (ldr pc, [sp], #4)
    7e2c:	e52de004 	push	{lr}		@ (str lr, [sp, #-4]!)
    7e30:	e24dd004 	sub	sp, sp, #4
    7e34:	e58d0000 	str	r0, [sp]
    7e38:	e30cc123 	movw	ip, #49443	@ 0xc123
    7e3c:	e34cc456 	movt	ip, #50262	@ 0xc456
    7e40:	e5950030 	ldr	r0, [r5, #48]	@ 0x30
    7e44:	e3a0eb4c 	mov	lr, #76, 22	@ 0x13000
    7e48:	e38ee058 	orr	lr, lr, #88	@ 0x58
    7e4c:	e280cb50 	add	ip, r0, #80, 22	@ 0x14000
    7e50:	e50cef30 	str	lr, [ip, #-3888]	@ 0xfffff0d0
    7e54:	e3a009fe 	mov	r0, #4161536	@ 0x3f8000
    7e58:	e3800fce 	orr	r0, r0, #824	@ 0x338
    7e5c:	e1a01004 	mov	r1, r4
    7e60:	e59d2000 	ldr	r2, [sp]
    7e64:	e59fc6cc 	ldr	ip, [pc, #1740]	@ 0x8538
    7e68:	e12fff3c 	blx	ip
    7e6c:	e3500000 	cmp	r0, #0
    7e70:	1a000018 	bne	0x7ed8
    7e74:	e5940010 	ldr	r0, [r4, #16]
    7e78:	e3a0cb40 	mov	ip, #64, 22	@ 0x10000
    7e7c:	e24c1000 	sub	r1, ip, #0
    7e80:	e5952030 	ldr	r2, [r5, #48]	@ 0x30
    7e84:	e282cb50 	add	ip, r2, #80, 22	@ 0x14000
    7e88:	e50c1f58 	str	r1, [ip, #-3928]	@ 0xfffff0a8
    7e8c:	e5951030 	ldr	r1, [r5, #48]	@ 0x30
    7e90:	e3a0eb40 	mov	lr, #64, 22	@ 0x10000
    7e94:	e281cb50 	add	ip, r1, #80, 22	@ 0x14000
    7e98:	e50cef5c 	str	lr, [ip, #-3932]	@ 0xfffff0a4
    7e9c:	e5951030 	ldr	r1, [r5, #48]	@ 0x30
    7ea0:	e281cb50 	add	ip, r1, #80, 22	@ 0x14000
    7ea4:	e50c0f78 	str	r0, [ip, #-3960]	@ 0xfffff088
    7ea8:	e5951030 	ldr	r1, [r5, #48]	@ 0x30
    7eac:	e281cb40 	add	ip, r1, #64, 22	@ 0x10000
    7eb0:	e59c0b7c 	ldr	r0, [ip, #2940]	@ 0xb7c
    7eb4:	e5951030 	ldr	r1, [r5, #48]	@ 0x30
    7eb8:	e281cb50 	add	ip, r1, #80, 22	@ 0x14000
    7ebc:	e50c0f54 	str	r0, [ip, #-3924]	@ 0xfffff0ac
    7ec0:	e3a009fe 	mov	r0, #4161536	@ 0x3f8000
    7ec4:	e3800fe8 	orr	r0, r0, #232, 30	@ 0x3a0
    7ec8:	e30ccabc 	movw	ip, #51900	@ 0xcabc
    7ecc:	e34ccdef 	movt	ip, #52719	@ 0xcdef
    7ed0:	e28dd004 	add	sp, sp, #4
    7ed4:	e49df004 	pop	{pc}		@ (ldr pc, [sp], #4)
    7ed8:	e59d0000 	ldr	r0, [sp]
    7edc:	e59d1004 	ldr	r1, [sp, #4]
    7ee0:	e59fc654 	ldr	ip, [pc, #1620]	@ 0x853c
    7ee4:	e12fff3c 	blx	ip
    7ee8:	e28dd008 	add	sp, sp, #8
    7eec:	e12fff10 	bx	r0
    7ef0:	e92d40c0 	push	{r6, r7, lr}
    7ef4:	e24dd004 	sub	sp, sp, #4
    7ef8:	e58d0000 	str	r0, [sp]
    7efc:	e30cc123 	movw	ip, #49443	@ 0xc123
    7f00:	e34cc456 	movt	ip, #50262	@ 0xc456
    7f04:	e5946000 	ldr	r6, [r4]
    7f08:	e5947004 	ldr	r7, [r4, #4]
    7f0c:	e3a00001 	mov	r0, #1
    7f10:	e3560000 	cmp	r6, #0
    7f14:	0a0000b8 	beq	0x81fc
    7f18:	e357007f 	cmp	r7, #127	@ 0x7f
    7f1c:	9a0000b9 	bls	0x8208
    7f20:	e59f0618 	ldr	r0, [pc, #1560]	@ 0x8540
    7f24:	e1a01004 	mov	r1, r4
    7f28:	e59d2000 	ldr	r2, [sp]
    7f2c:	e59fc610 	ldr	ip, [pc, #1552]	@ 0x8544
    7f30:	e12fff3c 	blx	ip
    7f34:	e3500000 	cmp	r0, #0
    7f38:	1a0000c2 	bne	0x8248
    7f3c:	e5941028 	ldr	r1, [r4, #40]	@ 0x28
    7f40:	e1a03001 	mov	r3, r1
    7f44:	e5952030 	ldr	r2, [r5, #48]	@ 0x30
    7f48:	e2933060 	adds	r3, r3, #96	@ 0x60
    7f4c:	2a0000ba 	bcs	0x823c
    7f50:	e59fc558 	ldr	ip, [pc, #1368]	@ 0x84b0
    7f54:	e153000c 	cmp	r3, ip
    7f58:	8a0000b7 	bhi	0x823c
    7f5c:	e7921003 	ldr	r1, [r2, r3]
    7f60:	e1a03001 	mov	r3, r1
    7f64:	e5952030 	ldr	r2, [r5, #48]	@ 0x30
    7f68:	e59fc540 	ldr	ip, [pc, #1344]	@ 0x84b0
    7f6c:	e153000c 	cmp	r3, ip
    7f70:	8a0000b1 	bhi	0x823c
    7f74:	e7921003 	ldr	r1, [r2, r3]
    7f78:	e3510000 	cmp	r1, #0
    7f7c:	1a000013 	bne	0x7fd0
    7f80:	e3c7107f 	bic	r1, r7, #127	@ 0x7f
    7f84:	e3a0ccdf 	mov	ip, #57088	@ 0xdf00
    7f88:	e38cc080 	orr	ip, ip, #128	@ 0x80
    7f8c:	e151000c 	cmp	r1, ip
    7f90:	0a00009c 	beq	0x8208
    7f94:	e59f05ac 	ldr	r0, [pc, #1452]	@ 0x8548
    7f98:	e1a01004 	mov	r1, r4
    7f9c:	e59d2000 	ldr	r2, [sp]
    7fa0:	e59fc5a4 	ldr	ip, [pc, #1444]	@ 0x854c
    7fa4:	e12fff3c 	blx	ip
    7fa8:	e3500000 	cmp	r0, #0
    7fac:	1a0000a5 	bne	0x8248
    7fb0:	e5941028 	ldr	r1, [r4, #40]	@ 0x28
    7fb4:	e5952030 	ldr	r2, [r5, #48]	@ 0x30
    7fb8:	e59fc4f0 	ldr	ip, [pc, #1264]	@ 0x84b0
    7fbc:	e151000c 	cmp	r1, ip
    7fc0:	8a00009d 	bhi	0x823c
    7fc4:	e3a0e019 	mov	lr, #25
    7fc8:	e782e001 	str	lr, [r2, r1]
    7fcc:	ea000089 	b	0x81f8
    7fd0:	e3a0cc07 	mov	ip, #1792	@ 0x700
    7fd4:	e38cc0ff 	orr	ip, ip, #255	@ 0xff
    7fd8:	e157000c 	cmp	r7, ip
    7fdc:	8a000017 	bhi	0x8040
    7fe0:	e207103f 	and	r1, r7, #63	@ 0x3f
    7fe4:	e3811080 	orr	r1, r1, #128	@ 0x80
    7fe8:	e1a03006 	mov	r3, r6
    7fec:	e5952030 	ldr	r2, [r5, #48]	@ 0x30
    7ff0:	e2933001 	adds	r3, r3, #1
    7ff4:	2a000090 	bcs	0x823c
    7ff8:	e3e0c4fe 	mvn	ip, #-33554432	@ 0xfe000000
    7ffc:	e3ccc8fe 	bic	ip, ip, #16646144	@ 0xfe0000
    8000:	e153000c 	cmp	r3, ip
    8004:	8a00008c 	bhi	0x823c
    8008:	e7c21003 	strb	r1, [r2, r3]
    800c:	e1a01327 	lsr	r1, r7, #6
    8010:	e38110c0 	orr	r1, r1, #192	@ 0xc0
    8014:	e1a03006 	mov	r3, r6
    8018:	e5952030 	ldr	r2, [r5, #48]	@ 0x30
    801c:	e3e0c4fe 	mvn	ip, #-33554432	@ 0xfe000000
    8020:	e3ccc8fe 	bic	ip, ip, #16646144	@ 0xfe0000
    8024:	e153000c 	cmp	r3, ip
    8028:	8a000083 	bhi	0x823c
    802c:	e7c21003 	strb	r1, [r2, r3]
    8030:	e3a0e002 	mov	lr, #2
    8034:	e584e028 	str	lr, [r4, #40]	@ 0x28
    8038:	e59f0510 	ldr	r0, [pc, #1296]	@ 0x8550
    803c:	ea00007c 	b	0x8234
    8040:	e3570cd8 	cmp	r7, #216, 24	@ 0xd800
    8044:	3a000004 	bcc	0x805c
    8048:	e3e0cc1f 	mvn	ip, #7936	@ 0x1f00
    804c:	e3ccc0ff 	bic	ip, ip, #255	@ 0xff
    8050:	e007100c 	and	r1, r7, ip
    8054:	e3510ce0 	cmp	r1, #224, 24	@ 0xe000
    8058:	1a000023 	bne	0x80ec
    805c:	e207103f 	and	r1, r7, #63	@ 0x3f
    8060:	e3811080 	orr	r1, r1, #128	@ 0x80
    8064:	e1a03006 	mov	r3, r6
    8068:	e5952030 	ldr	r2, [r5, #48]	@ 0x30
    806c:	e2933002 	adds	r3, r3, #2
    8070:	2a000071 	bcs	0x823c
    8074:	e3e0c4fe 	mvn	ip, #-33554432	@ 0xfe000000
    8078:	e3ccc8fe 	bic	ip, ip, #16646144	@ 0xfe0000
    807c:	e153000c 	cmp	r3, ip
    8080:	8a00006d 	bhi	0x823c
    8084:	e7c21003 	strb	r1, [r2, r3]
    8088:	e1a01627 	lsr	r1, r7, #12
    808c:	e38110e0 	orr	r1, r1, #224	@ 0xe0
    8090:	e1a03006 	mov	r3, r6
    8094:	e5952030 	ldr	r2, [r5, #48]	@ 0x30
    8098:	e3e0c4fe 	mvn	ip, #-33554432	@ 0xfe000000
    809c:	e3ccc8fe 	bic	ip, ip, #16646144	@ 0xfe0000
    80a0:	e153000c 	cmp	r3, ip
    80a4:	8a000064 	bhi	0x823c
    80a8:	e7c21003 	strb	r1, [r2, r3]
    80ac:	e1a01327 	lsr	r1, r7, #6
    80b0:	e201103f 	and	r1, r1, #63	@ 0x3f
    80b4:	e3811080 	orr	r1, r1, #128	@ 0x80
    80b8:	e1a03006 	mov	r3, r6
    80bc:	e5952030 	ldr	r2, [r5, #48]	@ 0x30
    80c0:	e2933001 	adds	r3, r3, #1
    80c4:	2a00005c 	bcs	0x823c
    80c8:	e3e0c4fe 	mvn	ip, #-33554432	@ 0xfe000000
    80cc:	e3ccc8fe 	bic	ip, ip, #16646144	@ 0xfe0000
    80d0:	e153000c 	cmp	r3, ip
    80d4:	8a000058 	bhi	0x823c
    80d8:	e7c21003 	strb	r1, [r2, r3]
    80dc:	e3a0e003 	mov	lr, #3
    80e0:	e584e028 	str	lr, [r4, #40]	@ 0x28
    80e4:	e59f0468 	ldr	r0, [pc, #1128]	@ 0x8554
    80e8:	ea000051 	b	0x8234
    80ec:	e2471b40 	sub	r1, r7, #64, 22	@ 0x10000
    80f0:	e3e0c20f 	mvn	ip, #-268435456	@ 0xf0000000
    80f4:	e3ccc6ff 	bic	ip, ip, #267386880	@ 0xff00000
    80f8:	e151000c 	cmp	r1, ip
    80fc:	8a00002f 	bhi	0x81c0
    8100:	e207103f 	and	r1, r7, #63	@ 0x3f
    8104:	e3811080 	orr	r1, r1, #128	@ 0x80
    8108:	e1a03006 	mov	r3, r6
    810c:	e5952030 	ldr	r2, [r5, #48]	@ 0x30
    8110:	e2933003 	adds	r3, r3, #3
    8114:	2a000048 	bcs	0x823c
    8118:	e3e0c4fe 	mvn	ip, #-33554432	@ 0xfe000000
    811c:	e3ccc8fe 	bic	ip, ip, #16646144	@ 0xfe0000
    8120:	e153000c 	cmp	r3, ip
    8124:	8a000044 	bhi	0x823c
    8128:	e7c21003 	strb	r1, [r2, r3]
    812c:	e1a01927 	lsr	r1, r7, #18
    8130:	e38110f0 	orr	r1, r1, #240	@ 0xf0
    8134:	e1a03006 	mov	r3, r6
    8138:	e5952030 	ldr	r2, [r5, #48]	@ 0x30
    813c:	e3e0c4fe 	mvn	ip, #-33554432	@ 0xfe000000
    8140:	e3ccc8fe 	bic	ip, ip, #16646144	@ 0xfe0000
    8144:	e153000c 	cmp	r3, ip
    8148:	8a00003b 	bhi	0x823c
    814c:	e7c21003 	strb	r1, [r2, r3]
    8150:	e1a01327 	lsr	r1, r7, #6
    8154:	e201103f 	and	r1, r1, #63	@ 0x3f
    8158:	e3811080 	orr	r1, r1, #128	@ 0x80
    815c:	e1a03006 	mov	r3, r6
    8160:	e5952030 	ldr	r2, [r5, #48]	@ 0x30
    8164:	e2933002 	adds	r3, r3, #2
    8168:	2a000033 	bcs	0x823c
    816c:	e3e0c4fe 	mvn	ip, #-33554432	@ 0xfe000000
    8170:	e3ccc8fe 	bic	ip, ip, #16646144	@ 0xfe0000
    8174:	e153000c 	cmp	r3, ip
    8178:	8a00002f 	bhi	0x823c
    817c:	e7c21003 	strb	r1, [r2, r3]
    8180:	e1a01627 	lsr	r1, r7, #12
    8184:	e201103f 	and	r1, r1, #63	@ 0x3f
    8188:	e3811080 	orr	r1, r1, #128	@ 0x80
    818c:	e1a03006 	mov	r3, r6
    8190:	e5952030 	ldr	r2, [r5, #48]	@ 0x30
    8194:	e2933001 	adds	r3, r3, #1
    8198:	2a000027 	bcs	0x823c
    819c:	e3e0c4fe 	mvn	ip, #-33554432	@ 0xfe000000
    81a0:	e3ccc8fe 	bic	ip, ip, #16646144	@ 0xfe0000
    81a4:	e153000c 	cmp	r3, ip
    81a8:	8a000023 	bhi	0x823c
    81ac:	e7c21003 	strb	r1, [r2, r3]
    81b0:	e3a0e004 	mov	lr, #4
    81b4:	e584e028 	str	lr, [r4, #40]	@ 0x28
    81b8:	e59f0398 	ldr	r0, [pc, #920]	@ 0x8558
    81bc:	ea00001c 	b	0x8234
    81c0:	e59f0394 	ldr	r0, [pc, #916]	@ 0x855c
    81c4:	e1a01004 	mov	r1, r4
    81c8:	e59d2000 	ldr	r2, [sp]
    81cc:	e59fc38c 	ldr	ip, [pc, #908]	@ 0x8560
    81d0:	e12fff3c 	blx	ip
    81d4:	e3500000 	cmp	r0, #0
    81d8:	1a00001a 	bne	0x8248
    81dc:	e5941028 	ldr	r1, [r4, #40]	@ 0x28
    81e0:	e5952030 	ldr	r2, [r5, #48]	@ 0x30
    81e4:	e59fc2c4 	ldr	ip, [pc, #708]	@ 0x84b0
    81e8:	e151000c 	cmp	r1, ip
    81ec:	8a000012 	bhi	0x823c
    81f0:	e3a0e019 	mov	lr, #25
    81f4:	e782e001 	str	lr, [r2, r1]
    81f8:	e3e00000 	mvn	r0, #0
    81fc:	e584000c 	str	r0, [r4, #12]
    8200:	e59f035c 	ldr	r0, [pc, #860]	@ 0x8564
    8204:	ea00000a 	b	0x8234
    8208:	e5950030 	ldr	r0, [r5, #48]	@ 0x30
    820c:	e3e0c4fe 	mvn	ip, #-33554432	@ 0xfe000000
    8210:	e3ccc8fe 	bic	ip, ip, #16646144	@ 0xfe0000
    8214:	e156000c 	cmp	r6, ip
    8218:	8a000007 	bhi	0x823c
    821c:	e7c07006 	strb	r7, [r0, r6]
    8220:	e3a0e001 	mov	lr, #1
    8224:	e584e014 	str	lr, [r4, #20]
    8228:	e59f0338 	ldr	r0, [pc, #824]	@ 0x8568
    822c:	e30ccabc 	movw	ip, #51900	@ 0xcabc
    8230:	e34ccdef 	movt	ip, #52719	@ 0xcdef
    8234:	e28dd004 	add	sp, sp, #4
    8238:	e8bd80c0 	pop	{r6, r7, pc}
    823c:	e3a00008 	mov	r0, #8
    8240:	e59d1000 	ldr	r1, [sp]
    8244:	e5810010 	str	r0, [r1, #16]
    8248:	e59d0000 	ldr	r0, [sp]
    824c:	e59d100c 	ldr	r1, [sp, #12]
    8250:	e59fc314 	ldr	ip, [pc, #788]	@ 0x856c
    8254:	e12fff3c 	blx	ip
    8258:	e28dd004 	add	sp, sp, #4
    825c:	e8bd00c0 	pop	{r6, r7}
    8260:	e28dd004 	add	sp, sp, #4
    8264:	e12fff10 	bx	r0
    8268:	e52de004 	push	{lr}		@ (str lr, [sp, #-4]!)
    826c:	e24dd004 	sub	sp, sp, #4
    8270:	e58d0000 	str	r0, [sp]
    8274:	e30cc123 	movw	ip, #49443	@ 0xc123
    8278:	e34cc456 	movt	ip, #50262	@ 0xc456
    827c:	e5940000 	ldr	r0, [r4]
    8280:	e5941004 	ldr	r1, [r4, #4]
    8284:	e3500000 	cmp	r0, #0
    8288:	1a000003 	bne	0x829c
    828c:	e3a0e000 	mov	lr, #0
    8290:	e584e008 	str	lr, [r4, #8]
    8294:	e59f02d4 	ldr	r0, [pc, #724]	@ 0x8570
    8298:	ea00000f 	b	0x82dc
    829c:	e5840000 	str	r0, [r4]
    82a0:	e5841004 	str	r1, [r4, #4]
    82a4:	e3a0e000 	mov	lr, #0
    82a8:	e584e008 	str	lr, [r4, #8]
    82ac:	e59f02c0 	ldr	r0, [pc, #704]	@ 0x8574
    82b0:	e1a01004 	mov	r1, r4
    82b4:	e59d2000 	ldr	r2, [sp]
    82b8:	e59fc2b8 	ldr	ip, [pc, #696]	@ 0x8578
    82bc:	e12fff3c 	blx	ip
    82c0:	e3500000 	cmp	r0, #0
    82c4:	1a000006 	bne	0x82e4
    82c8:	e594000c 	ldr	r0, [r4, #12]
    82cc:	e584000c 	str	r0, [r4, #12]
    82d0:	e59f02a4 	ldr	r0, [pc, #676]	@ 0x857c
    82d4:	e30ccabc 	movw	ip, #51900	@ 0xcabc
    82d8:	e34ccdef 	movt	ip, #52719	@ 0xcdef
    82dc:	e28dd004 	add	sp, sp, #4
    82e0:	e49df004 	pop	{pc}		@ (ldr pc, [sp], #4)
    82e4:	e59d0000 	ldr	r0, [sp]
    82e8:	e59d1004 	ldr	r1, [sp, #4]
    82ec:	e59fc28c 	ldr	ip, [pc, #652]	@ 0x8580
    82f0:	e12fff3c 	blx	ip
    82f4:	e28dd008 	add	sp, sp, #8
    82f8:	e12fff10 	bx	r0
    82fc:	e52de004 	push	{lr}		@ (str lr, [sp, #-4]!)
    8300:	e24dd004 	sub	sp, sp, #4
    8304:	e58d0000 	str	r0, [sp]
    8308:	e30cc123 	movw	ip, #49443	@ 0xc123
    830c:	e34cc456 	movt	ip, #50262	@ 0xc456
    8310:	e5940000 	ldr	r0, [r4]
    8314:	e5840000 	str	r0, [r4]
    8318:	e59f0264 	ldr	r0, [pc, #612]	@ 0x8584
    831c:	e30ccabc 	movw	ip, #51900	@ 0xcabc
    8320:	e34ccdef 	movt	ip, #52719	@ 0xcdef
    8324:	e28dd004 	add	sp, sp, #4
    8328:	e49df004 	pop	{pc}		@ (ldr pc, [sp], #4)
    832c:	e52de004 	push	{lr}		@ (str lr, [sp, #-4]!)
    8330:	e24dd004 	sub	sp, sp, #4
    8334:	e58d0000 	str	r0, [sp]
    8338:	e30cc123 	movw	ip, #49443	@ 0xc123
    833c:	e34cc456 	movt	ip, #50262	@ 0xc456
    8340:	e5940000 	ldr	r0, [r4]
    8344:	e1a02000 	mov	r2, r0
    8348:	e5951030 	ldr	r1, [r5, #48]	@ 0x30
    834c:	e292203c 	adds	r2, r2, #60	@ 0x3c
    8350:	2a000024 	bcs	0x83e8
    8354:	e59fc154 	ldr	ip, [pc, #340]	@ 0x84b0
    8358:	e152000c 	cmp	r2, ip
    835c:	8a000021 	bhi	0x83e8
    8360:	e7910002 	ldr	r0, [r1, r2]
    8364:	e5840004 	str	r0, [r4, #4]
    8368:	e59f0218 	ldr	r0, [pc, #536]	@ 0x8588
    836c:	e1a01004 	mov	r1, r4
    8370:	e59d2000 	ldr	r2, [sp]
    8374:	e59fc210 	ldr	ip, [pc, #528]	@ 0x858c
    8378:	e12fff3c 	blx	ip
    837c:	e3500000 	cmp	r0, #0
    8380:	1a00001b 	bne	0x83f4
    8384:	e5940004 	ldr	r0, [r4, #4]
    8388:	e5840004 	str	r0, [r4, #4]
    838c:	e59f01fc 	ldr	r0, [pc, #508]	@ 0x8590
    8390:	e1a01004 	mov	r1, r4
    8394:	e59d2000 	ldr	r2, [sp]
    8398:	e59fc1f4 	ldr	ip, [pc, #500]	@ 0x8594
    839c:	e12fff3c 	blx	ip
    83a0:	e3500000 	cmp	r0, #0
    83a4:	1a000012 	bne	0x83f4
    83a8:	e5940004 	ldr	r0, [r4, #4]
    83ac:	e5840004 	str	r0, [r4, #4]
    83b0:	e59f01e0 	ldr	r0, [pc, #480]	@ 0x8598
    83b4:	e1a01004 	mov	r1, r4
    83b8:	e59d2000 	ldr	r2, [sp]
    83bc:	e59fc1d8 	ldr	ip, [pc, #472]	@ 0x859c
    83c0:	e12fff3c 	blx	ip
    83c4:	e3500000 	cmp	r0, #0
    83c8:	1a000009 	bne	0x83f4
    83cc:	e5940004 	ldr	r0, [r4, #4]
    83d0:	e5840004 	str	r0, [r4, #4]
    83d4:	e59f01c4 	ldr	r0, [pc, #452]	@ 0x85a0
    83d8:	e30ccabc 	movw	ip, #51900	@ 0xcabc
    83dc:	e34ccdef 	movt	ip, #52719	@ 0xcdef
    83e0:	e28dd004 	add	sp, sp, #4
    83e4:	e49df004 	pop	{pc}		@ (ldr pc, [sp], #4)
    83e8:	e3a00008 	mov	r0, #8
    83ec:	e59d1000 	ldr	r1, [sp]
    83f0:	e5810010 	str	r0, [r1, #16]
    83f4:	e59d0000 	ldr	r0, [sp]
    83f8:	e59d1004 	ldr	r1, [sp, #4]
    83fc:	e59fc1a0 	ldr	ip, [pc, #416]	@ 0x85a4
    8400:	e12fff3c 	blx	ip
    8404:	e28dd008 	add	sp, sp, #8
    8408:	e12fff10 	bx	r0
    840c:	e92d41c0 	push	{r6, r7, r8, lr}
    8410:	e24dd008 	sub	sp, sp, #8
    8414:	e58d0000 	str	r0, [sp]
    8418:	e30cc123 	movw	ip, #49443	@ 0xc123
    841c:	e34cc456 	movt	ip, #50262	@ 0xc456
    8420:	e5940000 	ldr	r0, [r4]
    8424:	e5941004 	ldr	r1, [r4, #4]
    8428:	e5942008 	ldr	r2, [r4, #8]
    842c:	e594300c 	ldr	r3, [r4, #12]
    8430:	e595e03c 	ldr	lr, [r5, #60]	@ 0x3c
    8434:	e59e6008 	ldr	r6, [lr, #8]
    8438:	e2466010 	sub	r6, r6, #16
    843c:	e1a07006 	mov	r7, r6
    8440:	e595803c 	ldr	r8, [r5, #60]	@ 0x3c
    8444:	e5886008 	str	r6, [r8, #8]
    8448:	e20330ff 	and	r3, r3, #255	@ 0xff
    844c:	e2876008 	add	r6, r7, #8
    8450:	e5840000 	str	r0, [r4]
    8454:	e5841004 	str	r1, [r4, #4]
    8458:	ea000052 	b	0x85a8
	...
    8478:	00408fd0 	ldrdeq	r8, [r0], #-240	@ 0xffffff10
    847c:	000487b4 			@ <UNDEFINED> instruction: 0x000487b4
    8480:	00409014 	subeq	r9, r0, r4, lsl r0
    8484:	000487b4 			@ <UNDEFINED> instruction: 0x000487b4
    8488:	00409058 	subeq	r9, r0, r8, asr r0
    848c:	000487b4 			@ <UNDEFINED> instruction: 0x000487b4
    8490:	00409104 	subeq	r9, r0, r4, lsl #2
    8494:	000487b4 			@ <UNDEFINED> instruction: 0x000487b4
    8498:	00409128 	subeq	r9, r0, r8, lsr #2
    849c:	000487b4 			@ <UNDEFINED> instruction: 0x000487b4
    84a0:	0040917c 	subeq	r9, r0, ip, ror r1
    84a4:	000487b4 			@ <UNDEFINED> instruction: 0x000487b4
    84a8:	004091b8 	strheq	r9, [r0], #-24	@ 0xffffffe8
    84ac:	000487b4 			@ <UNDEFINED> instruction: 0x000487b4
    84b0:	0101fffc 	strdeq	pc, [r1, -ip]
    84b4:	004093a8 	subeq	r9, r0, r8, lsr #7
    84b8:	000487b4 			@ <UNDEFINED> instruction: 0x000487b4
    84bc:	004097b8 	strheq	r9, [r0], #-120	@ 0xffffff88
    84c0:	000487b4 			@ <UNDEFINED> instruction: 0x000487b4
    84c4:	004097d0 	ldrdeq	r9, [r0], #-112	@ 0xffffff90
    84c8:	000487b4 			@ <UNDEFINED> instruction: 0x000487b4
    84cc:	00409808 	subeq	r9, r0, r8, lsl #16
    84d0:	000487b4 			@ <UNDEFINED> instruction: 0x000487b4
    84d4:	00409838 	subeq	r9, r0, r8, lsr r8
    84d8:	000487b4 			@ <UNDEFINED> instruction: 0x000487b4
    84dc:	00409864 	subeq	r9, r0, r4, ror #16
    84e0:	000487b4 			@ <UNDEFINED> instruction: 0x000487b4
    84e4:	0040987c 	subeq	r9, r0, ip, ror r8
    84e8:	000487b4 			@ <UNDEFINED> instruction: 0x000487b4
    84ec:	004098b4 	strheq	r9, [r0], #-132	@ 0xffffff7c
    84f0:	000487b4 			@ <UNDEFINED> instruction: 0x000487b4
    84f4:	00409908 	subeq	r9, r0, r8, lsl #18
    84f8:	00047eac 	andeq	r7, r4, ip, lsr #29
    84fc:	0101fff8 	strdeq	pc, [r1, -r8]
    8500:	003ff77c 	eorseq	pc, pc, ip, ror r7	@ <UNPREDICTABLE>
    8504:	000487b4 			@ <UNDEFINED> instruction: 0x000487b4
    8508:	003ff7a4 	eorseq	pc, pc, r4, lsr #15
    850c:	00047eac 	andeq	r7, r4, ip, lsr #29
    8510:	003f8bd4 	ldrsbteq	r8, [pc], -r4
    8514:	003f8bd8 	ldrsbteq	r8, [pc], -r8
    8518:	000487b4 			@ <UNDEFINED> instruction: 0x000487b4
    851c:	003f8bf8 	ldrshteq	r8, [pc], -r8
    8520:	00047eac 	andeq	r7, r4, ip, lsr #29
    8524:	003f984c 	eorseq	r9, pc, ip, asr #16
    8528:	003fced8 	ldrsbteq	ip, [pc], -r8
    852c:	000487b4 			@ <UNDEFINED> instruction: 0x000487b4
    8530:	00047eac 	andeq	r7, r4, ip, lsr #29
    8534:	003fb00c 	eorseq	fp, pc, ip
    8538:	000487b4 			@ <UNDEFINED> instruction: 0x000487b4
    853c:	00047eac 	andeq	r7, r4, ip, lsr #29
    8540:	00406254 	subeq	r6, r0, r4, asr r2
    8544:	000487b4 			@ <UNDEFINED> instruction: 0x000487b4
    8548:	004062a8 	subeq	r6, r0, r8, lsr #5
    854c:	000487b4 			@ <UNDEFINED> instruction: 0x000487b4
    8550:	0040636c 	subeq	r6, r0, ip, ror #6
    8554:	004064b0 	strheq	r6, [r0], #-64	@ 0xffffffc0
    8558:	00406624 	subeq	r6, r0, r4, lsr #12
    855c:	00406628 	subeq	r6, r0, r8, lsr #12
    8560:	000487b4 			@ <UNDEFINED> instruction: 0x000487b4
    8564:	00406654 	subeq	r6, r0, r4, asr r6
    8568:	0040666c 	subeq	r6, r0, ip, ror #12
    856c:	00047eac 	andeq	r7, r4, ip, lsr #29
    8570:	003f7478 	eorseq	r7, pc, r8, ror r4	@ <UNPREDICTABLE>
    8574:	003f747c 	eorseq	r7, pc, ip, ror r4	@ <UNPREDICTABLE>
    8578:	000487b4 			@ <UNDEFINED> instruction: 0x000487b4
    857c:	003f7498 	mlaseq	pc, r8, r4, r7	@ <UNPREDICTABLE>
    8580:	00047eac 	andeq	r7, r4, ip, lsr #29
    8584:	004006b8 	strheq	r0, [r0], #-104	@ 0xffffff98
    8588:	00405f14 	subeq	r5, r0, r4, lsl pc
    858c:	000487b4 			@ <UNDEFINED> instruction: 0x000487b4
    8590:	00405f24 	subeq	r5, r0, r4, lsr #30
    8594:	000487b4 			@ <UNDEFINED> instruction: 0x000487b4
    8598:	00405f34 	subeq	r5, r0, r4, lsr pc
    859c:	000487b4 			@ <UNDEFINED> instruction: 0x000487b4
    85a0:	00405f4c 	subeq	r5, r0, ip, asr #30
    85a4:	00047eac 	andeq	r7, r4, ip, lsr #29
    85a8:	e5842008 	str	r2, [r4, #8]
    85ac:	e5843034 	str	r3, [r4, #52]	@ 0x34
    85b0:	e5846038 	str	r6, [r4, #56]	@ 0x38
    85b4:	e59f0f5c 	ldr	r0, [pc, #3932]	@ 0x9518
    85b8:	e1a01004 	mov	r1, r4
    85bc:	e59d2000 	ldr	r2, [sp]
    85c0:	e59fcf54 	ldr	ip, [pc, #3924]	@ 0x951c
    85c4:	e12fff3c 	blx	ip
    85c8:	e3500000 	cmp	r0, #0
    85cc:	1a000023 	bne	0x8660
    85d0:	e5940028 	ldr	r0, [r4, #40]	@ 0x28
    85d4:	e5840028 	str	r0, [r4, #40]	@ 0x28
    85d8:	e59f0f40 	ldr	r0, [pc, #3904]	@ 0x9520
    85dc:	e1a01004 	mov	r1, r4
    85e0:	e59d2000 	ldr	r2, [sp]
    85e4:	e59fcf38 	ldr	ip, [pc, #3896]	@ 0x9524
    85e8:	e12fff3c 	blx	ip
    85ec:	e3500000 	cmp	r0, #0
    85f0:	1a00001a 	bne	0x8660
    85f4:	e5940028 	ldr	r0, [r4, #40]	@ 0x28
    85f8:	e1a06007 	mov	r6, r7
    85fc:	e5953030 	ldr	r3, [r5, #48]	@ 0x30
    8600:	e2966008 	adds	r6, r6, #8
    8604:	2a000012 	bcs	0x8654
    8608:	e59fcf18 	ldr	ip, [pc, #3864]	@ 0x9528
    860c:	e156000c 	cmp	r6, ip
    8610:	8a00000f 	bhi	0x8654
    8614:	e083c006 	add	ip, r3, r6
    8618:	e59c1000 	ldr	r1, [ip]
    861c:	e59c2004 	ldr	r2, [ip, #4]
    8620:	e2877010 	add	r7, r7, #16
    8624:	e595303c 	ldr	r3, [r5, #60]	@ 0x3c
    8628:	e5837008 	str	r7, [r3, #8]
    862c:	e3500000 	cmp	r0, #0
    8630:	13e01000 	mvnne	r1, #0
    8634:	13e02000 	mvnne	r2, #0
    8638:	e5841028 	str	r1, [r4, #40]	@ 0x28
    863c:	e584202c 	str	r2, [r4, #44]	@ 0x2c
    8640:	e59f0ee4 	ldr	r0, [pc, #3812]	@ 0x952c
    8644:	e30ccabc 	movw	ip, #51900	@ 0xcabc
    8648:	e34ccdef 	movt	ip, #52719	@ 0xcdef
    864c:	e28dd008 	add	sp, sp, #8
    8650:	e8bd81c0 	pop	{r6, r7, r8, pc}
    8654:	e3a00008 	mov	r0, #8
    8658:	e59d1000 	ldr	r1, [sp]
    865c:	e5810010 	str	r0, [r1, #16]
    8660:	e59d0000 	ldr	r0, [sp]
    8664:	e59d1014 	ldr	r1, [sp, #20]
    8668:	e59fcec0 	ldr	ip, [pc, #3776]	@ 0x9530
    866c:	e12fff3c 	blx	ip
    8670:	e28dd008 	add	sp, sp, #8
    8674:	e8bd01c0 	pop	{r6, r7, r8}
    8678:	e28dd004 	add	sp, sp, #4
    867c:	e12fff10 	bx	r0
    8680:	e92d40c0 	push	{r6, r7, lr}
    8684:	e24dd004 	sub	sp, sp, #4
    8688:	e58d0000 	str	r0, [sp]
    868c:	e30cc123 	movw	ip, #49443	@ 0xc123
    8690:	e34cc456 	movt	ip, #50262	@ 0xc456
    8694:	e5940000 	ldr	r0, [r4]
    8698:	e5941004 	ldr	r1, [r4, #4]
    869c:	e5942008 	ldr	r2, [r4, #8]
    86a0:	e594300c 	ldr	r3, [r4, #12]
    86a4:	e1a07000 	mov	r7, r0
    86a8:	e5956030 	ldr	r6, [r5, #48]	@ 0x30
    86ac:	e297703c 	adds	r7, r7, #60	@ 0x3c
    86b0:	2a000017 	bcs	0x8714
    86b4:	e59fce78 	ldr	ip, [pc, #3704]	@ 0x9534
    86b8:	e157000c 	cmp	r7, ip
    86bc:	8a000014 	bhi	0x8714
    86c0:	e7960007 	ldr	r0, [r6, r7]
    86c4:	e5840010 	str	r0, [r4, #16]
    86c8:	e5841004 	str	r1, [r4, #4]
    86cc:	e5842008 	str	r2, [r4, #8]
    86d0:	e584300c 	str	r3, [r4, #12]
    86d4:	e59f0e5c 	ldr	r0, [pc, #3676]	@ 0x9538
    86d8:	e1a01004 	mov	r1, r4
    86dc:	e59d2000 	ldr	r2, [sp]
    86e0:	e59fce54 	ldr	ip, [pc, #3668]	@ 0x953c
    86e4:	e12fff3c 	blx	ip
    86e8:	e3500000 	cmp	r0, #0
    86ec:	1a00000b 	bne	0x8720
    86f0:	e5940010 	ldr	r0, [r4, #16]
    86f4:	e5941014 	ldr	r1, [r4, #20]
    86f8:	e5840010 	str	r0, [r4, #16]
    86fc:	e5841014 	str	r1, [r4, #20]
    8700:	e59f0e38 	ldr	r0, [pc, #3640]	@ 0x9540
    8704:	e30ccabc 	movw	ip, #51900	@ 0xcabc
    8708:	e34ccdef 	movt	ip, #52719	@ 0xcdef
    870c:	e28dd004 	add	sp, sp, #4
    8710:	e8bd80c0 	pop	{r6, r7, pc}
    8714:	e3a00008 	mov	r0, #8
    8718:	e59d1000 	ldr	r1, [sp]
    871c:	e5810010 	str	r0, [r1, #16]
    8720:	e59d0000 	ldr	r0, [sp]
    8724:	e59d100c 	ldr	r1, [sp, #12]
    8728:	e59fce14 	ldr	ip, [pc, #3604]	@ 0x9544
    872c:	e12fff3c 	blx	ip
    8730:	e28dd004 	add	sp, sp, #4
    8734:	e8bd00c0 	pop	{r6, r7}
    8738:	e28dd004 	add	sp, sp, #4
    873c:	e12fff10 	bx	r0
    8740:	e52de004 	push	{lr}		@ (str lr, [sp, #-4]!)
    8744:	e24dd004 	sub	sp, sp, #4
    8748:	e58d0000 	str	r0, [sp]
    874c:	e30cc123 	movw	ip, #49443	@ 0xc123
    8750:	e34cc456 	movt	ip, #50262	@ 0xc456
    8754:	e5950044 	ldr	r0, [r5, #68]	@ 0x44
    8758:	e3a0eb40 	mov	lr, #64, 22	@ 0x10000
    875c:	e580e008 	str	lr, [r0, #8]
    8760:	e3a0c000 	mov	ip, #0
    8764:	e28c000f 	add	r0, ip, #15
    8768:	e3c0000f 	bic	r0, r0, #15
    876c:	e5951040 	ldr	r1, [r5, #64]	@ 0x40
    8770:	e5810008 	str	r0, [r1, #8]
    8774:	e59f0dcc 	ldr	r0, [pc, #3532]	@ 0x9548
    8778:	e30ccabc 	movw	ip, #51900	@ 0xcabc
    877c:	e34ccdef 	movt	ip, #52719	@ 0xcdef
    8780:	e28dd004 	add	sp, sp, #4
    8784:	e49df004 	pop	{pc}		@ (ldr pc, [sp], #4)
    8788:	e52de004 	push	{lr}		@ (str lr, [sp, #-4]!)
    878c:	e24dd004 	sub	sp, sp, #4
    8790:	e58d0000 	str	r0, [sp]
    8794:	e30cc123 	movw	ip, #49443	@ 0xc123
    8798:	e34cc456 	movt	ip, #50262	@ 0xc456
    879c:	e595e03c 	ldr	lr, [r5, #60]	@ 0x3c
    87a0:	e59e0008 	ldr	r0, [lr, #8]
    87a4:	e595e040 	ldr	lr, [r5, #64]	@ 0x40
    87a8:	e59e1008 	ldr	r1, [lr, #8]
    87ac:	e0400001 	sub	r0, r0, r1
    87b0:	e5840000 	str	r0, [r4]
    87b4:	e59f0d90 	ldr	r0, [pc, #3472]	@ 0x954c
    87b8:	e30ccabc 	movw	ip, #51900	@ 0xcabc
    87bc:	e34ccdef 	movt	ip, #52719	@ 0xcdef
    87c0:	e28dd004 	add	sp, sp, #4
    87c4:	e49df004 	pop	{pc}		@ (ldr pc, [sp], #4)
    87c8:	e52de004 	push	{lr}		@ (str lr, [sp, #-4]!)
    87cc:	e24dd004 	sub	sp, sp, #4
    87d0:	e58d0000 	str	r0, [sp]
    87d4:	e30cc123 	movw	ip, #49443	@ 0xc123
    87d8:	e34cc456 	movt	ip, #50262	@ 0xc456
    87dc:	e595e044 	ldr	lr, [r5, #68]	@ 0x44
    87e0:	e59e0008 	ldr	r0, [lr, #8]
    87e4:	e5840000 	str	r0, [r4]
    87e8:	e59f0d60 	ldr	r0, [pc, #3424]	@ 0x9550
    87ec:	e30ccabc 	movw	ip, #51900	@ 0xcabc
    87f0:	e34ccdef 	movt	ip, #52719	@ 0xcdef
    87f4:	e28dd004 	add	sp, sp, #4
    87f8:	e49df004 	pop	{pc}		@ (ldr pc, [sp], #4)
    87fc:	e52de004 	push	{lr}		@ (str lr, [sp, #-4]!)
    8800:	e24dd004 	sub	sp, sp, #4
    8804:	e58d0000 	str	r0, [sp]
    8808:	e30cc123 	movw	ip, #49443	@ 0xc123
    880c:	e34cc456 	movt	ip, #50262	@ 0xc456
    8810:	e595e040 	ldr	lr, [r5, #64]	@ 0x40
    8814:	e59e0008 	ldr	r0, [lr, #8]
    8818:	e5840000 	str	r0, [r4]
    881c:	e59f0d30 	ldr	r0, [pc, #3376]	@ 0x9554
    8820:	e30ccabc 	movw	ip, #51900	@ 0xcabc
    8824:	e34ccdef 	movt	ip, #52719	@ 0xcdef
    8828:	e28dd004 	add	sp, sp, #4
    882c:	e49df004 	pop	{pc}		@ (ldr pc, [sp], #4)
    8830:	e92d4fc0 	push	{r6, r7, r8, r9, sl, fp, lr}
    8834:	e24dd004 	sub	sp, sp, #4
    8838:	e58d0000 	str	r0, [sp]
    883c:	e30cc123 	movw	ip, #49443	@ 0xc123
    8840:	e34cc456 	movt	ip, #50262	@ 0xc456
    8844:	e5947014 	ldr	r7, [r4, #20]
    8848:	e3170040 	tst	r7, #64	@ 0x40
    884c:	0a000018 	beq	0x88b4
    8850:	e2478040 	sub	r8, r7, #64	@ 0x40
    8854:	e3a09000 	mov	r9, #0
    8858:	e1a0a008 	mov	sl, r8
    885c:	e5943004 	ldr	r3, [r4, #4]
    8860:	e31a0020 	tst	sl, #32
    8864:	1a000008 	bne	0x888c
    8868:	e5946008 	ldr	r6, [r4, #8]
    886c:	e20aa01f 	and	sl, sl, #31
    8870:	e1a06a16 	lsl	r6, r6, sl
    8874:	e1a0c0a3 	lsr	ip, r3, #1
    8878:	e22ae01f 	eor	lr, sl, #31
    887c:	e1866e3c 	orr	r6, r6, ip, lsr lr
    8880:	e1a0ea13 	lsl	lr, r3, sl
    8884:	e584e00c 	str	lr, [r4, #12]
    8888:	ea000003 	b	0x889c
    888c:	e20ae01f 	and	lr, sl, #31
    8890:	e1a06e13 	lsl	r6, r3, lr
    8894:	e3a0e000 	mov	lr, #0
    8898:	e584e00c 	str	lr, [r4, #12]
    889c:	e5846010 	str	r6, [r4, #16]
    88a0:	e3a0e000 	mov	lr, #0
    88a4:	e584e004 	str	lr, [r4, #4]
    88a8:	e3a0e000 	mov	lr, #0
    88ac:	e584e008 	str	lr, [r4, #8]
    88b0:	ea00003b 	b	0x89a4
    88b4:	e3570000 	cmp	r7, #0
    88b8:	0a000039 	beq	0x89a4
    88bc:	e2678040 	rsb	r8, r7, #64	@ 0x40
    88c0:	e3a09000 	mov	r9, #0
    88c4:	e1a00008 	mov	r0, r8
    88c8:	e594b008 	ldr	fp, [r4, #8]
    88cc:	e3100020 	tst	r0, #32
    88d0:	1a000007 	bne	0x88f4
    88d4:	e594a004 	ldr	sl, [r4, #4]
    88d8:	e200001f 	and	r0, r0, #31
    88dc:	e1a0a03a 	lsr	sl, sl, r0
    88e0:	e1a0c08b 	lsl	ip, fp, #1
    88e4:	e220e01f 	eor	lr, r0, #31
    88e8:	e18aae1c 	orr	sl, sl, ip, lsl lr
    88ec:	e1a0b03b 	lsr	fp, fp, r0
    88f0:	ea000002 	b	0x8900
    88f4:	e200e01f 	and	lr, r0, #31
    88f8:	e1a0ae3b 	lsr	sl, fp, lr
    88fc:	e3a0b000 	mov	fp, #0
    8900:	e1a00007 	mov	r0, r7
    8904:	e3a07000 	mov	r7, #0
    8908:	e1a08000 	mov	r8, r0
    890c:	e1a09007 	mov	r9, r7
    8910:	e1a01000 	mov	r1, r0
    8914:	e594600c 	ldr	r6, [r4, #12]
    8918:	e3110020 	tst	r1, #32
    891c:	1a000007 	bne	0x8940
    8920:	e5943010 	ldr	r3, [r4, #16]
    8924:	e201101f 	and	r1, r1, #31
    8928:	e1a03113 	lsl	r3, r3, r1
    892c:	e1a0c0a6 	lsr	ip, r6, #1
    8930:	e221e01f 	eor	lr, r1, #31
    8934:	e1833e3c 	orr	r3, r3, ip, lsr lr
    8938:	e1a06116 	lsl	r6, r6, r1
    893c:	ea000002 	b	0x894c
    8940:	e201e01f 	and	lr, r1, #31
    8944:	e1a03e16 	lsl	r3, r6, lr
    8948:	e3a06000 	mov	r6, #0
    894c:	e18ae006 	orr	lr, sl, r6
    8950:	e584e00c 	str	lr, [r4, #12]
    8954:	e18be003 	orr	lr, fp, r3
    8958:	e584e010 	str	lr, [r4, #16]
    895c:	e1a02008 	mov	r2, r8
    8960:	e5941004 	ldr	r1, [r4, #4]
    8964:	e3120020 	tst	r2, #32
    8968:	1a000008 	bne	0x8990
    896c:	e5940008 	ldr	r0, [r4, #8]
    8970:	e202201f 	and	r2, r2, #31
    8974:	e1a00210 	lsl	r0, r0, r2
    8978:	e1a0c0a1 	lsr	ip, r1, #1
    897c:	e222e01f 	eor	lr, r2, #31
    8980:	e1800e3c 	orr	r0, r0, ip, lsr lr
    8984:	e1a0e211 	lsl	lr, r1, r2
    8988:	e584e004 	str	lr, [r4, #4]
    898c:	ea000003 	b	0x89a0
    8990:	e202e01f 	and	lr, r2, #31
    8994:	e1a00e11 	lsl	r0, r1, lr
    8998:	e3a0e000 	mov	lr, #0
    899c:	e584e004 	str	lr, [r4, #4]
    89a0:	e5840008 	str	r0, [r4, #8]
    89a4:	e5941000 	ldr	r1, [r4]
    89a8:	e5950030 	ldr	r0, [r5, #48]	@ 0x30
    89ac:	e5942004 	ldr	r2, [r4, #4]
    89b0:	e59fcb70 	ldr	ip, [pc, #2928]	@ 0x9528
    89b4:	e151000c 	cmp	r1, ip
    89b8:	8a000014 	bhi	0x8a10
    89bc:	e0800001 	add	r0, r0, r1
    89c0:	e5941008 	ldr	r1, [r4, #8]
    89c4:	e5802000 	str	r2, [r0]
    89c8:	e5801004 	str	r1, [r0, #4]
    89cc:	e5941000 	ldr	r1, [r4]
    89d0:	e5950030 	ldr	r0, [r5, #48]	@ 0x30
    89d4:	e594200c 	ldr	r2, [r4, #12]
    89d8:	e2911008 	adds	r1, r1, #8
    89dc:	2a00000b 	bcs	0x8a10
    89e0:	e59fcb40 	ldr	ip, [pc, #2880]	@ 0x9528
    89e4:	e151000c 	cmp	r1, ip
    89e8:	8a000008 	bhi	0x8a10
    89ec:	e0800001 	add	r0, r0, r1
    89f0:	e5941010 	ldr	r1, [r4, #16]
    89f4:	e5802000 	str	r2, [r0]
    89f8:	e5801004 	str	r1, [r0, #4]
    89fc:	e59f0b54 	ldr	r0, [pc, #2900]	@ 0x9558
    8a00:	e30ccabc 	movw	ip, #51900	@ 0xcabc
    8a04:	e34ccdef 	movt	ip, #52719	@ 0xcdef
    8a08:	e28dd004 	add	sp, sp, #4
    8a0c:	e8bd8fc0 	pop	{r6, r7, r8, r9, sl, fp, pc}
    8a10:	e3a00008 	mov	r0, #8
    8a14:	e59d1000 	ldr	r1, [sp]
    8a18:	e5810010 	str	r0, [r1, #16]
    8a1c:	e59d0000 	ldr	r0, [sp]
    8a20:	e59d101c 	ldr	r1, [sp, #28]
    8a24:	e59fcb30 	ldr	ip, [pc, #2864]	@ 0x955c
    8a28:	e12fff3c 	blx	ip
    8a2c:	e28dd004 	add	sp, sp, #4
    8a30:	e8bd0fc0 	pop	{r6, r7, r8, r9, sl, fp}
    8a34:	e28dd004 	add	sp, sp, #4
    8a38:	e12fff10 	bx	r0
    8a3c:	e92d4fc0 	push	{r6, r7, r8, r9, sl, fp, lr}
    8a40:	e24dd004 	sub	sp, sp, #4
    8a44:	e58d0000 	str	r0, [sp]
    8a48:	e30cc123 	movw	ip, #49443	@ 0xc123
    8a4c:	e34cc456 	movt	ip, #50262	@ 0xc456
    8a50:	e5947014 	ldr	r7, [r4, #20]
    8a54:	e3170040 	tst	r7, #64	@ 0x40
    8a58:	0a000018 	beq	0x8ac0
    8a5c:	e2478040 	sub	r8, r7, #64	@ 0x40
    8a60:	e3a09000 	mov	r9, #0
    8a64:	e1a0a008 	mov	sl, r8
    8a68:	e5942010 	ldr	r2, [r4, #16]
    8a6c:	e31a0020 	tst	sl, #32
    8a70:	1a000008 	bne	0x8a98
    8a74:	e594100c 	ldr	r1, [r4, #12]
    8a78:	e20aa01f 	and	sl, sl, #31
    8a7c:	e1a01a31 	lsr	r1, r1, sl
    8a80:	e1a0c082 	lsl	ip, r2, #1
    8a84:	e22ae01f 	eor	lr, sl, #31
    8a88:	e1811e1c 	orr	r1, r1, ip, lsl lr
    8a8c:	e1a0ea32 	lsr	lr, r2, sl
    8a90:	e584e008 	str	lr, [r4, #8]
    8a94:	ea000003 	b	0x8aa8
    8a98:	e20ae01f 	and	lr, sl, #31
    8a9c:	e1a01e32 	lsr	r1, r2, lr
    8aa0:	e3a0e000 	mov	lr, #0
    8aa4:	e584e008 	str	lr, [r4, #8]
    8aa8:	e5841004 	str	r1, [r4, #4]
    8aac:	e3a0e000 	mov	lr, #0
    8ab0:	e584e00c 	str	lr, [r4, #12]
    8ab4:	e3a0e000 	mov	lr, #0
    8ab8:	e584e010 	str	lr, [r4, #16]
    8abc:	ea00003b 	b	0x8bb0
    8ac0:	e3570000 	cmp	r7, #0
    8ac4:	0a000039 	beq	0x8bb0
    8ac8:	e2678040 	rsb	r8, r7, #64	@ 0x40
    8acc:	e3a09000 	mov	r9, #0
    8ad0:	e1a00008 	mov	r0, r8
    8ad4:	e594a00c 	ldr	sl, [r4, #12]
    8ad8:	e3100020 	tst	r0, #32
    8adc:	1a000007 	bne	0x8b00
    8ae0:	e594b010 	ldr	fp, [r4, #16]
    8ae4:	e200001f 	and	r0, r0, #31
    8ae8:	e1a0b01b 	lsl	fp, fp, r0
    8aec:	e1a0c0aa 	lsr	ip, sl, #1
    8af0:	e220e01f 	eor	lr, r0, #31
    8af4:	e18bbe3c 	orr	fp, fp, ip, lsr lr
    8af8:	e1a0a01a 	lsl	sl, sl, r0
    8afc:	ea000002 	b	0x8b0c
    8b00:	e200e01f 	and	lr, r0, #31
    8b04:	e1a0be1a 	lsl	fp, sl, lr
    8b08:	e3a0a000 	mov	sl, #0
    8b0c:	e1a00007 	mov	r0, r7
    8b10:	e3a07000 	mov	r7, #0
    8b14:	e1a08000 	mov	r8, r0
    8b18:	e1a09007 	mov	r9, r7
    8b1c:	e1a01000 	mov	r1, r0
    8b20:	e5943008 	ldr	r3, [r4, #8]
    8b24:	e3110020 	tst	r1, #32
    8b28:	1a000007 	bne	0x8b4c
    8b2c:	e5946004 	ldr	r6, [r4, #4]
    8b30:	e201101f 	and	r1, r1, #31
    8b34:	e1a06136 	lsr	r6, r6, r1
    8b38:	e1a0c083 	lsl	ip, r3, #1
    8b3c:	e221e01f 	eor	lr, r1, #31
    8b40:	e1866e1c 	orr	r6, r6, ip, lsl lr
    8b44:	e1a03133 	lsr	r3, r3, r1
    8b48:	ea000002 	b	0x8b58
    8b4c:	e201e01f 	and	lr, r1, #31
    8b50:	e1a06e33 	lsr	r6, r3, lr
    8b54:	e3a03000 	mov	r3, #0
    8b58:	e18ae006 	orr	lr, sl, r6
    8b5c:	e584e004 	str	lr, [r4, #4]
    8b60:	e18be003 	orr	lr, fp, r3
    8b64:	e584e008 	str	lr, [r4, #8]
    8b68:	e1a02008 	mov	r2, r8
    8b6c:	e5940010 	ldr	r0, [r4, #16]
    8b70:	e3120020 	tst	r2, #32
    8b74:	1a000008 	bne	0x8b9c
    8b78:	e594100c 	ldr	r1, [r4, #12]
    8b7c:	e202201f 	and	r2, r2, #31
    8b80:	e1a01231 	lsr	r1, r1, r2
    8b84:	e1a0c080 	lsl	ip, r0, #1
    8b88:	e222e01f 	eor	lr, r2, #31
    8b8c:	e1811e1c 	orr	r1, r1, ip, lsl lr
    8b90:	e1a0e230 	lsr	lr, r0, r2
    8b94:	e584e010 	str	lr, [r4, #16]
    8b98:	ea000003 	b	0x8bac
    8b9c:	e202e01f 	and	lr, r2, #31
    8ba0:	e1a01e30 	lsr	r1, r0, lr
    8ba4:	e3a0e000 	mov	lr, #0
    8ba8:	e584e010 	str	lr, [r4, #16]
    8bac:	e584100c 	str	r1, [r4, #12]
    8bb0:	e5941000 	ldr	r1, [r4]
    8bb4:	e5950030 	ldr	r0, [r5, #48]	@ 0x30
    8bb8:	e5942004 	ldr	r2, [r4, #4]
    8bbc:	e59fc964 	ldr	ip, [pc, #2404]	@ 0x9528
    8bc0:	e151000c 	cmp	r1, ip
    8bc4:	8a000014 	bhi	0x8c1c
    8bc8:	e0800001 	add	r0, r0, r1
    8bcc:	e5941008 	ldr	r1, [r4, #8]
    8bd0:	e5802000 	str	r2, [r0]
    8bd4:	e5801004 	str	r1, [r0, #4]
    8bd8:	e5941000 	ldr	r1, [r4]
    8bdc:	e5950030 	ldr	r0, [r5, #48]	@ 0x30
    8be0:	e594200c 	ldr	r2, [r4, #12]
    8be4:	e2911008 	adds	r1, r1, #8
    8be8:	2a00000b 	bcs	0x8c1c
    8bec:	e59fc934 	ldr	ip, [pc, #2356]	@ 0x9528
    8bf0:	e151000c 	cmp	r1, ip
    8bf4:	8a000008 	bhi	0x8c1c
    8bf8:	e0800001 	add	r0, r0, r1
    8bfc:	e5941010 	ldr	r1, [r4, #16]
    8c00:	e5802000 	str	r2, [r0]
    8c04:	e5801004 	str	r1, [r0, #4]
    8c08:	e59f0950 	ldr	r0, [pc, #2384]	@ 0x9560
    8c0c:	e30ccabc 	movw	ip, #51900	@ 0xcabc
    8c10:	e34ccdef 	movt	ip, #52719	@ 0xcdef
    8c14:	e28dd004 	add	sp, sp, #4
    8c18:	e8bd8fc0 	pop	{r6, r7, r8, r9, sl, fp, pc}
    8c1c:	e3a00008 	mov	r0, #8
    8c20:	e59d1000 	ldr	r1, [sp]
    8c24:	e5810010 	str	r0, [r1, #16]
    8c28:	e59d0000 	ldr	r0, [sp]
    8c2c:	e59d101c 	ldr	r1, [sp, #28]
    8c30:	e59fc92c 	ldr	ip, [pc, #2348]	@ 0x9564
    8c34:	e12fff3c 	blx	ip
    8c38:	e28dd004 	add	sp, sp, #4
    8c3c:	e8bd0fc0 	pop	{r6, r7, r8, r9, sl, fp}
    8c40:	e28dd004 	add	sp, sp, #4
    8c44:	e12fff10 	bx	r0
    8c48:	e92d4fc0 	push	{r6, r7, r8, r9, sl, fp, lr}
    8c4c:	e24dd004 	sub	sp, sp, #4
    8c50:	e58d0000 	str	r0, [sp]
    8c54:	e30cc123 	movw	ip, #49443	@ 0xc123
    8c58:	e34cc456 	movt	ip, #50262	@ 0xc456
    8c5c:	e595e03c 	ldr	lr, [r5, #60]	@ 0x3c
    8c60:	e59e0008 	ldr	r0, [lr, #8]
    8c64:	e2400020 	sub	r0, r0, #32
    8c68:	e5840010 	str	r0, [r4, #16]
    8c6c:	e595103c 	ldr	r1, [r5, #60]	@ 0x3c
    8c70:	e5810008 	str	r0, [r1, #8]
    8c74:	e5940008 	ldr	r0, [r4, #8]
    8c78:	e594100c 	ldr	r1, [r4, #12]
    8c7c:	e3c0e000 	bic	lr, r0, #0
    8c80:	e584e024 	str	lr, [r4, #36]	@ 0x24
    8c84:	e3a0ccff 	mov	ip, #65280	@ 0xff00
    8c88:	e38cc0ff 	orr	ip, ip, #255	@ 0xff
    8c8c:	e001e00c 	and	lr, r1, ip
    8c90:	e584e028 	str	lr, [r4, #40]	@ 0x28
    8c94:	e594c00c 	ldr	ip, [r4, #12]
    8c98:	e1a0282c 	lsr	r2, ip, #16
    8c9c:	e3a03000 	mov	r3, #0
    8ca0:	e3a0cc7f 	mov	ip, #32512	@ 0x7f00
    8ca4:	e38cc0ff 	orr	ip, ip, #255	@ 0xff
    8ca8:	e002200c 	and	r2, r2, ip
    8cac:	e2033000 	and	r3, r3, #0
    8cb0:	e1a09002 	mov	r9, r2
    8cb4:	e1a08003 	mov	r8, r3
    8cb8:	e5842014 	str	r2, [r4, #20]
    8cbc:	e2422c3c 	sub	r2, r2, #60, 24	@ 0x3c00
    8cc0:	e2422001 	sub	r2, r2, #1
    8cc4:	e3a0cc07 	mov	ip, #1792	@ 0x700
    8cc8:	e38cc0fd 	orr	ip, ip, #253	@ 0xfd
    8ccc:	e152000c 	cmp	r2, ip
    8cd0:	8a000035 	bhi	0x8dac
    8cd4:	e594c004 	ldr	ip, [r4, #4]
    8cd8:	e1a02e2c 	lsr	r2, ip, #28
    8cdc:	e3a0b000 	mov	fp, #0
    8ce0:	e5946028 	ldr	r6, [r4, #40]	@ 0x28
    8ce4:	e5947024 	ldr	r7, [r4, #36]	@ 0x24
    8ce8:	e1a06206 	lsl	r6, r6, #4
    8cec:	e1866e27 	orr	r6, r6, r7, lsr #28
    8cf0:	e1a07207 	lsl	r7, r7, #4
    8cf4:	e1822007 	orr	r2, r2, r7
    8cf8:	e18bb006 	orr	fp, fp, r6
    8cfc:	e594c014 	ldr	ip, [r4, #20]
    8d00:	e24c6df0 	sub	r6, ip, #240, 26	@ 0x3c00
    8d04:	e3a07000 	mov	r7, #0
    8d08:	e5943000 	ldr	r3, [r4]
    8d0c:	e594a004 	ldr	sl, [r4, #4]
    8d10:	e3c33000 	bic	r3, r3, #0
    8d14:	e3caa4f0 	bic	sl, sl, #240, 8	@ 0xf0000000
    8d18:	e1a01003 	mov	r1, r3
    8d1c:	e1a0000a 	mov	r0, sl
    8d20:	e3530001 	cmp	r3, #1
    8d24:	e2dac680 	sbcs	ip, sl, #128, 12	@ 0x8000000
    8d28:	3a000002 	bcc	0x8d38
    8d2c:	e2922001 	adds	r2, r2, #1
    8d30:	e2abb000 	adc	fp, fp, #0
    8d34:	ea000007 	b	0x8d58
    8d38:	e3500680 	cmp	r0, #128, 12	@ 0x8000000
    8d3c:	1a000000 	bne	0x8d44
    8d40:	e3510000 	cmp	r1, #0
    8d44:	1a000003 	bne	0x8d58
    8d48:	e2020001 	and	r0, r2, #1
    8d4c:	e20b1000 	and	r1, fp, #0
    8d50:	e0902002 	adds	r2, r0, r2
    8d54:	e0a1b00b 	adc	fp, r1, fp
    8d58:	e3e0c000 	mvn	ip, #0
    8d5c:	e15c0002 	cmp	ip, r2
    8d60:	e3e0c20f 	mvn	ip, #-268435456	@ 0xf0000000
    8d64:	e3ccc6ff 	bic	ip, ip, #267386880	@ 0xff00000
    8d68:	e0dcc00b 	sbcs	ip, ip, fp
    8d6c:	e3a00000 	mov	r0, #0
    8d70:	33a00001 	movcc	r0, #1
    8d74:	e1a01000 	mov	r1, r0
    8d78:	e3500000 	cmp	r0, #0
    8d7c:	13a02000 	movne	r2, #0
    8d80:	e1a0e00b 	mov	lr, fp
    8d84:	13a0e000 	movne	lr, #0
    8d88:	e5842000 	str	r2, [r4]
    8d8c:	e584e004 	str	lr, [r4, #4]
    8d90:	e1a00001 	mov	r0, r1
    8d94:	e3a01000 	mov	r1, #0
    8d98:	e090e006 	adds	lr, r0, r6
    8d9c:	e584e024 	str	lr, [r4, #36]	@ 0x24
    8da0:	e0a1e007 	adc	lr, r1, r7
    8da4:	e584e028 	str	lr, [r4, #40]	@ 0x28
    8da8:	ea0000cc 	b	0x90e0
    8dac:	e5943000 	ldr	r3, [r4]
    8db0:	e5946004 	ldr	r6, [r4, #4]
    8db4:	e594c024 	ldr	ip, [r4, #36]	@ 0x24
    8db8:	e183300c 	orr	r3, r3, ip
    8dbc:	e594c028 	ldr	ip, [r4, #40]	@ 0x28
    8dc0:	e186600c 	orr	r6, r6, ip
    8dc4:	e193c006 	orrs	ip, r3, r6
    8dc8:	0a000019 	beq	0x8e34
    8dcc:	e3580000 	cmp	r8, #0
    8dd0:	1a000002 	bne	0x8de0
    8dd4:	e3a0cc7f 	mov	ip, #32512	@ 0x7f00
    8dd8:	e38cc0ff 	orr	ip, ip, #255	@ 0xff
    8ddc:	e159000c 	cmp	r9, ip
    8de0:	1a000013 	bne	0x8e34
    8de4:	e594c004 	ldr	ip, [r4, #4]
    8de8:	e1a03e2c 	lsr	r3, ip, #28
    8dec:	e3a06000 	mov	r6, #0
    8df0:	e594a028 	ldr	sl, [r4, #40]	@ 0x28
    8df4:	e5947024 	ldr	r7, [r4, #36]	@ 0x24
    8df8:	e1a0a20a 	lsl	sl, sl, #4
    8dfc:	e18aae27 	orr	sl, sl, r7, lsr #28
    8e00:	e1a07207 	lsl	r7, r7, #4
    8e04:	e1833007 	orr	r3, r3, r7
    8e08:	e186600a 	orr	r6, r6, sl
    8e0c:	e383e000 	orr	lr, r3, #0
    8e10:	e584e000 	str	lr, [r4]
    8e14:	e386ea80 	orr	lr, r6, #128, 20	@ 0x80000
    8e18:	e584e004 	str	lr, [r4, #4]
    8e1c:	e3a0ec07 	mov	lr, #1792	@ 0x700
    8e20:	e38ee0ff 	orr	lr, lr, #255	@ 0xff
    8e24:	e584e024 	str	lr, [r4, #36]	@ 0x24
    8e28:	e3a0e000 	mov	lr, #0
    8e2c:	e584e028 	str	lr, [r4, #40]	@ 0x28
    8e30:	ea0000aa 	b	0x90e0
    8e34:	e594c014 	ldr	ip, [r4, #20]
    8e38:	e3a0ec43 	mov	lr, #17152	@ 0x4300
    8e3c:	e38ee0fe 	orr	lr, lr, #254	@ 0xfe
    8e40:	e15c000e 	cmp	ip, lr
    8e44:	9a000009 	bls	0x8e70
    8e48:	e3a0ec07 	mov	lr, #1792	@ 0x700
    8e4c:	e38ee0ff 	orr	lr, lr, #255	@ 0xff
    8e50:	e584e024 	str	lr, [r4, #36]	@ 0x24
    8e54:	e3a0e000 	mov	lr, #0
    8e58:	e584e028 	str	lr, [r4, #40]	@ 0x28
    8e5c:	e3a0e000 	mov	lr, #0
    8e60:	e584e000 	str	lr, [r4]
    8e64:	e3a0e000 	mov	lr, #0
    8e68:	e584e004 	str	lr, [r4, #4]
    8e6c:	ea00009b 	b	0x90e0
    8e70:	e199c008 	orrs	ip, r9, r8
    8e74:	e3a03000 	mov	r3, #0
    8e78:	03a03001 	moveq	r3, #1
    8e7c:	e1a06003 	mov	r6, r3
    8e80:	e3530000 	cmp	r3, #0
    8e84:	e3a07df0 	mov	r7, #240, 26	@ 0x3c00
    8e88:	e3a0cc3c 	mov	ip, #60, 24	@ 0x3c00
    8e8c:	e38cc001 	orr	ip, ip, #1
    8e90:	01a0700c 	moveq	r7, ip
    8e94:	e1a03007 	mov	r3, r7
    8e98:	e594c014 	ldr	ip, [r4, #20]
    8e9c:	e047700c 	sub	r7, r7, ip
    8ea0:	e1a08007 	mov	r8, r7
    8ea4:	e3570070 	cmp	r7, #112	@ 0x70
    8ea8:	da000008 	ble	0x8ed0
    8eac:	e3a0e000 	mov	lr, #0
    8eb0:	e584e000 	str	lr, [r4]
    8eb4:	e3a0e000 	mov	lr, #0
    8eb8:	e584e004 	str	lr, [r4, #4]
    8ebc:	e3a0e000 	mov	lr, #0
    8ec0:	e584e024 	str	lr, [r4, #36]	@ 0x24
    8ec4:	e3a0e000 	mov	lr, #0
    8ec8:	e584e028 	str	lr, [r4, #40]	@ 0x28
    8ecc:	ea000083 	b	0x90e0
    8ed0:	e5947024 	ldr	r7, [r4, #36]	@ 0x24
    8ed4:	e5949028 	ldr	r9, [r4, #40]	@ 0x28
    8ed8:	e3877000 	orr	r7, r7, #0
    8edc:	e3899b40 	orr	r9, r9, #64, 22	@ 0x10000
    8ee0:	e3560000 	cmp	r6, #0
    8ee4:	e594c024 	ldr	ip, [r4, #36]	@ 0x24
    8ee8:	11a0700c 	movne	r7, ip
    8eec:	e594c028 	ldr	ip, [r4, #40]	@ 0x28
    8ef0:	11a0900c 	movne	r9, ip
    8ef4:	e3a06000 	mov	r6, #0
    8ef8:	e594c014 	ldr	ip, [r4, #20]
    8efc:	e153000c 	cmp	r3, ip
    8f00:	0a000028 	beq	0x8fa8
    8f04:	e594c010 	ldr	ip, [r4, #16]
    8f08:	e28c3010 	add	r3, ip, #16
    8f0c:	e268a080 	rsb	sl, r8, #128	@ 0x80
    8f10:	e5843058 	str	r3, [r4, #88]	@ 0x58
    8f14:	e5847024 	str	r7, [r4, #36]	@ 0x24
    8f18:	e5849028 	str	r9, [r4, #40]	@ 0x28
    8f1c:	e584a06c 	str	sl, [r4, #108]	@ 0x6c
    8f20:	e59f0640 	ldr	r0, [pc, #1600]	@ 0x9568
    8f24:	e1a01004 	mov	r1, r4
    8f28:	e59d2000 	ldr	r2, [sp]
    8f2c:	e59fc638 	ldr	ip, [pc, #1592]	@ 0x956c
    8f30:	e12fff3c 	blx	ip
    8f34:	e3500000 	cmp	r0, #0
    8f38:	1a000083 	bne	0x914c
    8f3c:	e594b010 	ldr	fp, [r4, #16]
    8f40:	e5952030 	ldr	r2, [r5, #48]	@ 0x30
    8f44:	e29bb010 	adds	fp, fp, #16
    8f48:	2a00007c 	bcs	0x9140
    8f4c:	e59fc5d4 	ldr	ip, [pc, #1492]	@ 0x9528
    8f50:	e15b000c 	cmp	fp, ip
    8f54:	8a000079 	bhi	0x9140
    8f58:	e082c00b 	add	ip, r2, fp
    8f5c:	e59c3000 	ldr	r3, [ip]
    8f60:	e59ca004 	ldr	sl, [ip, #4]
    8f64:	e5941010 	ldr	r1, [r4, #16]
    8f68:	e5950030 	ldr	r0, [r5, #48]	@ 0x30
    8f6c:	e2911018 	adds	r1, r1, #24
    8f70:	2a000072 	bcs	0x9140
    8f74:	e59fc5ac 	ldr	ip, [pc, #1452]	@ 0x9528
    8f78:	e151000c 	cmp	r1, ip
    8f7c:	8a00006f 	bhi	0x9140
    8f80:	e080c001 	add	ip, r0, r1
    8f84:	e59c2000 	ldr	r2, [ip]
    8f88:	e59cb004 	ldr	fp, [ip, #4]
    8f8c:	e1833002 	orr	r3, r3, r2
    8f90:	e18aa00b 	orr	sl, sl, fp
    8f94:	e35a0000 	cmp	sl, #0
    8f98:	1a000000 	bne	0x8fa0
    8f9c:	e3530000 	cmp	r3, #0
    8fa0:	e3a06000 	mov	r6, #0
    8fa4:	13a06001 	movne	r6, #1
    8fa8:	e5847024 	str	r7, [r4, #36]	@ 0x24
    8fac:	e5849028 	str	r9, [r4, #40]	@ 0x28
    8fb0:	e5848020 	str	r8, [r4, #32]
    8fb4:	e59f05b4 	ldr	r0, [pc, #1460]	@ 0x9570
    8fb8:	e1a01004 	mov	r1, r4
    8fbc:	e59d2000 	ldr	r2, [sp]
    8fc0:	e59fc5ac 	ldr	ip, [pc, #1452]	@ 0x9574
    8fc4:	e12fff3c 	blx	ip
    8fc8:	e3500000 	cmp	r0, #0
    8fcc:	1a00005e 	bne	0x914c
    8fd0:	e5943010 	ldr	r3, [r4, #16]
    8fd4:	e5952030 	ldr	r2, [r5, #48]	@ 0x30
    8fd8:	e59fc548 	ldr	ip, [pc, #1352]	@ 0x9528
    8fdc:	e153000c 	cmp	r3, ip
    8fe0:	8a000056 	bhi	0x9140
    8fe4:	e082c003 	add	ip, r2, r3
    8fe8:	e59c0000 	ldr	r0, [ip]
    8fec:	e59c1004 	ldr	r1, [ip, #4]
    8ff0:	e1a02000 	mov	r2, r0
    8ff4:	e1a03001 	mov	r3, r1
    8ff8:	e1a00e21 	lsr	r0, r1, #28
    8ffc:	e3a01000 	mov	r1, #0
    9000:	e594a010 	ldr	sl, [r4, #16]
    9004:	e5959030 	ldr	r9, [r5, #48]	@ 0x30
    9008:	e29aa008 	adds	sl, sl, #8
    900c:	2a00004b 	bcs	0x9140
    9010:	e59fc510 	ldr	ip, [pc, #1296]	@ 0x9528
    9014:	e15a000c 	cmp	sl, ip
    9018:	8a000048 	bhi	0x9140
    901c:	e089c00a 	add	ip, r9, sl
    9020:	e59c7000 	ldr	r7, [ip]
    9024:	e59c8004 	ldr	r8, [ip, #4]
    9028:	e1a08208 	lsl	r8, r8, #4
    902c:	e1888e27 	orr	r8, r8, r7, lsr #28
    9030:	e1a07207 	lsl	r7, r7, #4
    9034:	e1800007 	orr	r0, r0, r7
    9038:	e1811008 	orr	r1, r1, r8
    903c:	e3c22000 	bic	r2, r2, #0
    9040:	e3c334f0 	bic	r3, r3, #240, 8	@ 0xf0000000
    9044:	e3a07000 	mov	r7, #0
    9048:	e1822006 	orr	r2, r2, r6
    904c:	e1833007 	orr	r3, r3, r7
    9050:	e1a06002 	mov	r6, r2
    9054:	e1a07003 	mov	r7, r3
    9058:	e3520001 	cmp	r2, #1
    905c:	e2d3c680 	sbcs	ip, r3, #128, 12	@ 0x8000000
    9060:	3a000002 	bcc	0x9070
    9064:	e2900001 	adds	r0, r0, #1
    9068:	e2a11000 	adc	r1, r1, #0
    906c:	ea000007 	b	0x9090
    9070:	e3570680 	cmp	r7, #128, 12	@ 0x8000000
    9074:	1a000000 	bne	0x907c
    9078:	e3560000 	cmp	r6, #0
    907c:	1a000003 	bne	0x9090
    9080:	e2002001 	and	r2, r0, #1
    9084:	e2013000 	and	r3, r1, #0
    9088:	e0920000 	adds	r0, r2, r0
    908c:	e0a31001 	adc	r1, r3, r1
    9090:	e2202000 	eor	r2, r0, #0
    9094:	e2213940 	eor	r3, r1, #64, 18	@ 0x100000
    9098:	e3e0c000 	mvn	ip, #0
    909c:	e15c0000 	cmp	ip, r0
    90a0:	e3e0c20f 	mvn	ip, #-268435456	@ 0xf0000000
    90a4:	e3ccc6ff 	bic	ip, ip, #267386880	@ 0xff00000
    90a8:	e0dcc001 	sbcs	ip, ip, r1
    90ac:	e3a06000 	mov	r6, #0
    90b0:	33a06001 	movcc	r6, #1
    90b4:	e1a07006 	mov	r7, r6
    90b8:	e3560000 	cmp	r6, #0
    90bc:	e1a08002 	mov	r8, r2
    90c0:	01a08000 	moveq	r8, r0
    90c4:	e1a0e003 	mov	lr, r3
    90c8:	01a0e001 	moveq	lr, r1
    90cc:	e5848000 	str	r8, [r4]
    90d0:	e584e004 	str	lr, [r4, #4]
    90d4:	e5847024 	str	r7, [r4, #36]	@ 0x24
    90d8:	e3a0e000 	mov	lr, #0
    90dc:	e584e028 	str	lr, [r4, #40]	@ 0x28
    90e0:	e594c010 	ldr	ip, [r4, #16]
    90e4:	e28c0020 	add	r0, ip, #32
    90e8:	e595103c 	ldr	r1, [r5, #60]	@ 0x3c
    90ec:	e5810008 	str	r0, [r1, #8]
    90f0:	e594c024 	ldr	ip, [r4, #36]	@ 0x24
    90f4:	e1a01a0c 	lsl	r1, ip, #20
    90f8:	e3a00000 	mov	r0, #0
    90fc:	e5942008 	ldr	r2, [r4, #8]
    9100:	e594300c 	ldr	r3, [r4, #12]
    9104:	e2022000 	and	r2, r2, #0
    9108:	e2033480 	and	r3, r3, #128, 8	@ 0x80000000
    910c:	e1800002 	orr	r0, r0, r2
    9110:	e1811003 	orr	r1, r1, r3
    9114:	e594c000 	ldr	ip, [r4]
    9118:	e180000c 	orr	r0, r0, ip
    911c:	e594c004 	ldr	ip, [r4, #4]
    9120:	e181100c 	orr	r1, r1, ip
    9124:	ec410a10 	vmov	s0, s1, r0, r1
    9128:	ed840b16 	vstr	d0, [r4, #88]	@ 0x58
    912c:	e59f0444 	ldr	r0, [pc, #1092]	@ 0x9578
    9130:	e30ccabc 	movw	ip, #51900	@ 0xcabc
    9134:	e34ccdef 	movt	ip, #52719	@ 0xcdef
    9138:	e28dd004 	add	sp, sp, #4
    913c:	e8bd8fc0 	pop	{r6, r7, r8, r9, sl, fp, pc}
    9140:	e3a00008 	mov	r0, #8
    9144:	e59d1000 	ldr	r1, [sp]
    9148:	e5810010 	str	r0, [r1, #16]
    914c:	e59d0000 	ldr	r0, [sp]
    9150:	e59d101c 	ldr	r1, [sp, #28]
    9154:	e59fc420 	ldr	ip, [pc, #1056]	@ 0x957c
    9158:	e12fff3c 	blx	ip
    915c:	e28dd004 	add	sp, sp, #4
    9160:	e8bd0fc0 	pop	{r6, r7, r8, r9, sl, fp}
    9164:	e28dd004 	add	sp, sp, #4
    9168:	e12fff10 	bx	r0
    916c:	e52de004 	push	{lr}		@ (str lr, [sp, #-4]!)
    9170:	e24dd004 	sub	sp, sp, #4
    9174:	e58d0000 	str	r0, [sp]
    9178:	e30cc123 	movw	ip, #49443	@ 0xc123
    917c:	e34cc456 	movt	ip, #50262	@ 0xc456
    9180:	e5940000 	ldr	r0, [r4]
    9184:	e595103c 	ldr	r1, [r5, #60]	@ 0x3c
    9188:	e5810008 	str	r0, [r1, #8]
    918c:	e59f03ec 	ldr	r0, [pc, #1004]	@ 0x9580
    9190:	e30ccabc 	movw	ip, #51900	@ 0xcabc
    9194:	e34ccdef 	movt	ip, #52719	@ 0xcdef
    9198:	e28dd004 	add	sp, sp, #4
    919c:	e49df004 	pop	{pc}		@ (ldr pc, [sp], #4)
    91a0:	e52de004 	push	{lr}		@ (str lr, [sp, #-4]!)
    91a4:	e24dd004 	sub	sp, sp, #4
    91a8:	e58d0000 	str	r0, [sp]
    91ac:	e30cc123 	movw	ip, #49443	@ 0xc123
    91b0:	e34cc456 	movt	ip, #50262	@ 0xc456
    91b4:	e595e03c 	ldr	lr, [r5, #60]	@ 0x3c
    91b8:	e59e0008 	ldr	r0, [lr, #8]
    91bc:	e5840000 	str	r0, [r4]
    91c0:	e59f03bc 	ldr	r0, [pc, #956]	@ 0x9584
    91c4:	e30ccabc 	movw	ip, #51900	@ 0xcabc
    91c8:	e34ccdef 	movt	ip, #52719	@ 0xcdef
    91cc:	e28dd004 	add	sp, sp, #4
    91d0:	e49df004 	pop	{pc}		@ (ldr pc, [sp], #4)
    91d4:	e52de004 	push	{lr}		@ (str lr, [sp, #-4]!)
    91d8:	e24dd004 	sub	sp, sp, #4
    91dc:	e58d0000 	str	r0, [sp]
    91e0:	e30cc123 	movw	ip, #49443	@ 0xc123
    91e4:	e34cc456 	movt	ip, #50262	@ 0xc456
    91e8:	e5940000 	ldr	r0, [r4]
    91ec:	e3500099 	cmp	r0, #153	@ 0x99
    91f0:	83a00000 	movhi	r0, #0
    91f4:	e1a00080 	lsl	r0, r0, #1
    91f8:	e1a02000 	mov	r2, r0
    91fc:	e5951030 	ldr	r1, [r5, #48]	@ 0x30
    9200:	e3a0cb42 	mov	ip, #67584	@ 0x10800
    9204:	e38ccf6c 	orr	ip, ip, #108, 30	@ 0x1b0
    9208:	e092200c 	adds	r2, r2, ip
    920c:	2a00000b 	bcs	0x9240
    9210:	e59fc370 	ldr	ip, [pc, #880]	@ 0x9588
    9214:	e152000c 	cmp	r2, ip
    9218:	8a000008 	bhi	0x9240
    921c:	e19100b2 	ldrh	r0, [r1, r2]
    9220:	e2800b40 	add	r0, r0, #64, 22	@ 0x10000
    9224:	e2800f90 	add	r0, r0, #144, 30	@ 0x240
    9228:	e5840018 	str	r0, [r4, #24]
    922c:	e59f0358 	ldr	r0, [pc, #856]	@ 0x958c
    9230:	e30ccabc 	movw	ip, #51900	@ 0xcabc
    9234:	e34ccdef 	movt	ip, #52719	@ 0xcdef
    9238:	e28dd004 	add	sp, sp, #4
    923c:	e49df004 	pop	{pc}		@ (ldr pc, [sp], #4)
    9240:	e3a00008 	mov	r0, #8
    9244:	e59d1000 	ldr	r1, [sp]
    9248:	e5810010 	str	r0, [r1, #16]
    924c:	e59d0000 	ldr	r0, [sp]
    9250:	e59d1004 	ldr	r1, [sp, #4]
    9254:	e59fc334 	ldr	ip, [pc, #820]	@ 0x9590
    9258:	e12fff3c 	blx	ip
    925c:	e28dd008 	add	sp, sp, #8
    9260:	e12fff10 	bx	r0
    9264:	e52de004 	push	{lr}		@ (str lr, [sp, #-4]!)
    9268:	e24dd004 	sub	sp, sp, #4
    926c:	e58d0000 	str	r0, [sp]
    9270:	e30cc123 	movw	ip, #49443	@ 0xc123
    9274:	e34cc456 	movt	ip, #50262	@ 0xc456
    9278:	e5940000 	ldr	r0, [r4]
    927c:	e5840000 	str	r0, [r4]
    9280:	e5840000 	str	r0, [r4]
    9284:	e59f0308 	ldr	r0, [pc, #776]	@ 0x9594
    9288:	e1a01004 	mov	r1, r4
    928c:	e59d2000 	ldr	r2, [sp]
    9290:	e59fc300 	ldr	ip, [pc, #768]	@ 0x9598
    9294:	e12fff3c 	blx	ip
    9298:	e3500000 	cmp	r0, #0
    929c:	1a000006 	bne	0x92bc
    92a0:	e5940004 	ldr	r0, [r4, #4]
    92a4:	e5840004 	str	r0, [r4, #4]
    92a8:	e59f02ec 	ldr	r0, [pc, #748]	@ 0x959c
    92ac:	e30ccabc 	movw	ip, #51900	@ 0xcabc
    92b0:	e34ccdef 	movt	ip, #52719	@ 0xcdef
    92b4:	e28dd004 	add	sp, sp, #4
    92b8:	e49df004 	pop	{pc}		@ (ldr pc, [sp], #4)
    92bc:	e59d0000 	ldr	r0, [sp]
    92c0:	e59d1004 	ldr	r1, [sp, #4]
    92c4:	e59fc2d4 	ldr	ip, [pc, #724]	@ 0x95a0
    92c8:	e12fff3c 	blx	ip
    92cc:	e28dd008 	add	sp, sp, #8
    92d0:	e12fff10 	bx	r0
    92d4:	e52de004 	push	{lr}		@ (str lr, [sp, #-4]!)
    92d8:	e24dd004 	sub	sp, sp, #4
    92dc:	e58d0000 	str	r0, [sp]
    92e0:	e30cc123 	movw	ip, #49443	@ 0xc123
    92e4:	e34cc456 	movt	ip, #50262	@ 0xc456
    92e8:	e3a0e001 	mov	lr, #1
    92ec:	e584e000 	str	lr, [r4]
    92f0:	e59f02ac 	ldr	r0, [pc, #684]	@ 0x95a4
    92f4:	e30ccabc 	movw	ip, #51900	@ 0xcabc
    92f8:	e34ccdef 	movt	ip, #52719	@ 0xcdef
    92fc:	e28dd004 	add	sp, sp, #4
    9300:	e49df004 	pop	{pc}		@ (ldr pc, [sp], #4)
    9304:	e52de004 	push	{lr}		@ (str lr, [sp, #-4]!)
    9308:	e24dd004 	sub	sp, sp, #4
    930c:	e58d0000 	str	r0, [sp]
    9310:	e30cc123 	movw	ip, #49443	@ 0xc123
    9314:	e34cc456 	movt	ip, #50262	@ 0xc456
    9318:	e1a0e005 	mov	lr, r5
    931c:	e59e005c 	ldr	r0, [lr, #92]	@ 0x5c
    9320:	e5840000 	str	r0, [r4]
    9324:	e59f027c 	ldr	r0, [pc, #636]	@ 0x95a8
    9328:	e30ccabc 	movw	ip, #51900	@ 0xcabc
    932c:	e34ccdef 	movt	ip, #52719	@ 0xcdef
    9330:	e28dd004 	add	sp, sp, #4
    9334:	e49df004 	pop	{pc}		@ (ldr pc, [sp], #4)
    9338:	e52de004 	push	{lr}		@ (str lr, [sp, #-4]!)
    933c:	e24dd004 	sub	sp, sp, #4
    9340:	e58d0000 	str	r0, [sp]
    9344:	e30cc123 	movw	ip, #49443	@ 0xc123
    9348:	e34cc456 	movt	ip, #50262	@ 0xc456
    934c:	e1a0e005 	mov	lr, r5
    9350:	e59e0084 	ldr	r0, [lr, #132]	@ 0x84
    9354:	e5840000 	str	r0, [r4]
    9358:	e59f024c 	ldr	r0, [pc, #588]	@ 0x95ac
    935c:	e30ccabc 	movw	ip, #51900	@ 0xcabc
    9360:	e34ccdef 	movt	ip, #52719	@ 0xcdef
    9364:	e28dd004 	add	sp, sp, #4
    9368:	e49df004 	pop	{pc}		@ (ldr pc, [sp], #4)
    936c:	e52de004 	push	{lr}		@ (str lr, [sp, #-4]!)
    9370:	e24dd004 	sub	sp, sp, #4
    9374:	e58d0000 	str	r0, [sp]
    9378:	e30cc123 	movw	ip, #49443	@ 0xc123
    937c:	e34cc456 	movt	ip, #50262	@ 0xc456
    9380:	e1a0e005 	mov	lr, r5
    9384:	e59e0080 	ldr	r0, [lr, #128]	@ 0x80
    9388:	e5840000 	str	r0, [r4]
    938c:	e59f021c 	ldr	r0, [pc, #540]	@ 0x95b0
    9390:	e30ccabc 	movw	ip, #51900	@ 0xcabc
    9394:	e34ccdef 	movt	ip, #52719	@ 0xcdef
    9398:	e28dd004 	add	sp, sp, #4
    939c:	e49df004 	pop	{pc}		@ (ldr pc, [sp], #4)
    93a0:	e52de004 	push	{lr}		@ (str lr, [sp, #-4]!)
    93a4:	e24dd004 	sub	sp, sp, #4
    93a8:	e58d0000 	str	r0, [sp]
    93ac:	e30cc123 	movw	ip, #49443	@ 0xc123
    93b0:	e34cc456 	movt	ip, #50262	@ 0xc456
    93b4:	e1a0e005 	mov	lr, r5
    93b8:	e59e0088 	ldr	r0, [lr, #136]	@ 0x88
    93bc:	e5840000 	str	r0, [r4]
    93c0:	e59f01ec 	ldr	r0, [pc, #492]	@ 0x95b4
    93c4:	e30ccabc 	movw	ip, #51900	@ 0xcabc
    93c8:	e34ccdef 	movt	ip, #52719	@ 0xcdef
    93cc:	e28dd004 	add	sp, sp, #4
    93d0:	e49df004 	pop	{pc}		@ (ldr pc, [sp], #4)
    93d4:	e52de004 	push	{lr}		@ (str lr, [sp, #-4]!)
    93d8:	e24dd004 	sub	sp, sp, #4
    93dc:	e58d0000 	str	r0, [sp]
    93e0:	e30cc123 	movw	ip, #49443	@ 0xc123
    93e4:	e34cc456 	movt	ip, #50262	@ 0xc456
    93e8:	e1a0e005 	mov	lr, r5
    93ec:	e59e00f0 	ldr	r0, [lr, #240]	@ 0xf0
    93f0:	e5840000 	str	r0, [r4]
    93f4:	e59f01bc 	ldr	r0, [pc, #444]	@ 0x95b8
    93f8:	e30ccabc 	movw	ip, #51900	@ 0xcabc
    93fc:	e34ccdef 	movt	ip, #52719	@ 0xcdef
    9400:	e28dd004 	add	sp, sp, #4
    9404:	e49df004 	pop	{pc}		@ (ldr pc, [sp], #4)
    9408:	e52de004 	push	{lr}		@ (str lr, [sp, #-4]!)
    940c:	e24dd004 	sub	sp, sp, #4
    9410:	e58d0000 	str	r0, [sp]
    9414:	e30cc123 	movw	ip, #49443	@ 0xc123
    9418:	e34cc456 	movt	ip, #50262	@ 0xc456
    941c:	e1a0e005 	mov	lr, r5
    9420:	e59e00f4 	ldr	r0, [lr, #244]	@ 0xf4
    9424:	e5840000 	str	r0, [r4]
    9428:	e59f018c 	ldr	r0, [pc, #396]	@ 0x95bc
    942c:	e30ccabc 	movw	ip, #51900	@ 0xcabc
    9430:	e34ccdef 	movt	ip, #52719	@ 0xcdef
    9434:	e28dd004 	add	sp, sp, #4
    9438:	e49df004 	pop	{pc}		@ (ldr pc, [sp], #4)
    943c:	e52de004 	push	{lr}		@ (str lr, [sp, #-4]!)
    9440:	e24dd004 	sub	sp, sp, #4
    9444:	e58d0000 	str	r0, [sp]
    9448:	e30cc123 	movw	ip, #49443	@ 0xc123
    944c:	e34cc456 	movt	ip, #50262	@ 0xc456
    9450:	e1a0e005 	mov	lr, r5
    9454:	e59e011c 	ldr	r0, [lr, #284]	@ 0x11c
    9458:	e5840000 	str	r0, [r4]
    945c:	e59f015c 	ldr	r0, [pc, #348]	@ 0x95c0
    9460:	e30ccabc 	movw	ip, #51900	@ 0xcabc
    9464:	e34ccdef 	movt	ip, #52719	@ 0xcdef
    9468:	e28dd004 	add	sp, sp, #4
    946c:	e49df004 	pop	{pc}		@ (ldr pc, [sp], #4)
    9470:	e52de004 	push	{lr}		@ (str lr, [sp, #-4]!)
    9474:	e24dd004 	sub	sp, sp, #4
    9478:	e58d0000 	str	r0, [sp]
    947c:	e30cc123 	movw	ip, #49443	@ 0xc123
    9480:	e34cc456 	movt	ip, #50262	@ 0xc456
    9484:	e1a0e005 	mov	lr, r5
    9488:	e59e0124 	ldr	r0, [lr, #292]	@ 0x124
    948c:	e5840000 	str	r0, [r4]
    9490:	e59f012c 	ldr	r0, [pc, #300]	@ 0x95c4
    9494:	e30ccabc 	movw	ip, #51900	@ 0xcabc
    9498:	e34ccdef 	movt	ip, #52719	@ 0xcdef
    949c:	e28dd004 	add	sp, sp, #4
    94a0:	e49df004 	pop	{pc}		@ (ldr pc, [sp], #4)
    94a4:	e52de004 	push	{lr}		@ (str lr, [sp, #-4]!)
    94a8:	e24dd004 	sub	sp, sp, #4
    94ac:	e58d0000 	str	r0, [sp]
    94b0:	e30cc123 	movw	ip, #49443	@ 0xc123
    94b4:	e34cc456 	movt	ip, #50262	@ 0xc456
    94b8:	e3a0eb40 	mov	lr, #64, 22	@ 0x10000
    94bc:	e584e000 	str	lr, [r4]
    94c0:	e59f0100 	ldr	r0, [pc, #256]	@ 0x95c8
    94c4:	e30ccabc 	movw	ip, #51900	@ 0xcabc
    94c8:	e34ccdef 	movt	ip, #52719	@ 0xcdef
    94cc:	e28dd004 	add	sp, sp, #4
    94d0:	e49df004 	pop	{pc}		@ (ldr pc, [sp], #4)
    94d4:	e52de004 	push	{lr}		@ (str lr, [sp, #-4]!)
    94d8:	e24dd004 	sub	sp, sp, #4
    94dc:	e58d0000 	str	r0, [sp]
    94e0:	e30cc123 	movw	ip, #49443	@ 0xc123
    94e4:	e34cc456 	movt	ip, #50262	@ 0xc456
    94e8:	e3a0eb42 	mov	lr, #67584	@ 0x10800
    94ec:	e38eefba 	orr	lr, lr, #744	@ 0x2e8
    94f0:	e584e000 	str	lr, [r4]
    94f4:	e59f00d0 	ldr	r0, [pc, #208]	@ 0x95cc
    94f8:	e30ccabc 	movw	ip, #51900	@ 0xcabc
    94fc:	e34ccdef 	movt	ip, #52719	@ 0xcdef
    9500:	e28dd004 	add	sp, sp, #4
    9504:	e49df004 	pop	{pc}		@ (ldr pc, [sp], #4)
    9508:	ea000030 	b	0x95d0
	...
    9518:	003f7bd0 	ldrsbteq	r7, [pc], -r0
    951c:	000487b4 			@ <UNDEFINED> instruction: 0x000487b4
    9520:	003f7be8 	eorseq	r7, pc, r8, ror #23
    9524:	000487b4 			@ <UNDEFINED> instruction: 0x000487b4
    9528:	0101fff8 	strdeq	pc, [r1, -r8]
    952c:	003f7c3c 	eorseq	r7, pc, ip, lsr ip	@ <UNPREDICTABLE>
    9530:	00047eac 	andeq	r7, r4, ip, lsr #29
    9534:	0101fffc 	strdeq	pc, [r1, -ip]
    9538:	003fac24 	eorseq	sl, pc, r4, lsr #24
    953c:	000487b4 			@ <UNDEFINED> instruction: 0x000487b4
    9540:	003fac44 	eorseq	sl, pc, r4, asr #24
    9544:	00047eac 	andeq	r7, r4, ip, lsr #29
    9548:	003eb320 	eorseq	fp, lr, r0, lsr #6
    954c:	003ff2f4 	ldrshteq	pc, [pc], -r4	@ <UNPREDICTABLE>
    9550:	003f8894 	mlaseq	pc, r4, r8, r8	@ <UNPREDICTABLE>
    9554:	003fb08c 	eorseq	fp, pc, ip, lsl #1
    9558:	003ff6f4 	ldrshteq	pc, [pc], -r4	@ <UNPREDICTABLE>
    955c:	00047eac 	andeq	r7, r4, ip, lsr #29
    9560:	004069dc 	ldrdeq	r6, [r0], #-156	@ 0xffffff64
    9564:	00047eac 	andeq	r7, r4, ip, lsr #29
    9568:	00409f58 	subeq	r9, r0, r8, asr pc
    956c:	000487b4 			@ <UNDEFINED> instruction: 0x000487b4
    9570:	00409fb0 	strheq	r9, [r0], #-240	@ 0xffffff10
    9574:	000487b4 			@ <UNDEFINED> instruction: 0x000487b4
    9578:	0040a1cc 	subeq	sl, r0, ip, asr #3
    957c:	00047eac 	andeq	r7, r4, ip, lsr #29
    9580:	004007ac 	subeq	r0, r0, ip, lsr #15
    9584:	003fdc34 	eorseq	sp, pc, r4, lsr ip	@ <UNPREDICTABLE>
    9588:	0101fffe 	strdeq	pc, [r1, -lr]
    958c:	003f6d90 	mlaseq	pc, r0, sp, r6	@ <UNPREDICTABLE>
    9590:	00047eac 	andeq	r7, r4, ip, lsr #29
    9594:	004006c8 	subeq	r0, r0, r8, asr #13
    9598:	000487b4 			@ <UNDEFINED> instruction: 0x000487b4
    959c:	004006e4 	subeq	r0, r0, r4, ror #13
    95a0:	00047eac 	andeq	r7, r4, ip, lsr #29
    95a4:	003f5ebc 	ldrhteq	r5, [pc], -ip
    95a8:	003f65dc 	ldrsbteq	r6, [pc], -ip
    95ac:	003f6664 	eorseq	r6, pc, r4, ror #12
    95b0:	003f66ec 	eorseq	r6, pc, ip, ror #13
    95b4:	003f6774 	eorseq	r6, pc, r4, ror r7	@ <UNPREDICTABLE>
    95b8:	003f67fc 	ldrshteq	r6, [pc], -ip
    95bc:	003f6884 	eorseq	r6, pc, r4, lsl #17
    95c0:	003f690c 	eorseq	r6, pc, ip, lsl #18
    95c4:	003f6994 	mlaseq	pc, r4, r9, r6	@ <UNPREDICTABLE>
    95c8:	003fcfdc 	ldrsbteq	ip, [pc], -ip
    95cc:	003fdbf4 	ldrshteq	sp, [pc], -r4
    95d0:	e1a00000 	nop			@ (mov r0, r0)
    95d4:	e1a00000 	nop			@ (mov r0, r0)
    95d8:	e1a00000 	nop			@ (mov r0, r0)
    95dc:	e1a00000 	nop			@ (mov r0, r0)
    95e0:	e1a00000 	nop			@ (mov r0, r0)
    95e4:	e1a00000 	nop			@ (mov r0, r0)
    95e8:	e1a00000 	nop			@ (mov r0, r0)
    95ec:	e1a00000 	nop			@ (mov r0, r0)
    95f0:	e1a00000 	nop			@ (mov r0, r0)
    95f4:	e1a00000 	nop			@ (mov r0, r0)
    95f8:	e1a00000 	nop			@ (mov r0, r0)
    95fc:	e1a00000 	nop			@ (mov r0, r0)
    9600:	e1a00000 	nop			@ (mov r0, r0)
    9604:	e1a00000 	nop			@ (mov r0, r0)
    9608:	e1a00000 	nop			@ (mov r0, r0)
    960c:	e1a00000 	nop			@ (mov r0, r0)
    9610:	e1a00000 	nop			@ (mov r0, r0)
    9614:	e1a00000 	nop			@ (mov r0, r0)
    9618:	e1a00000 	nop			@ (mov r0, r0)
    961c:	e1a00000 	nop			@ (mov r0, r0)
    9620:	e1a00000 	nop			@ (mov r0, r0)
    9624:	e1a00000 	nop			@ (mov r0, r0)
    9628:	e1a00000 	nop			@ (mov r0, r0)
    962c:	e1a00000 	nop			@ (mov r0, r0)
    9630:	e1a00000 	nop			@ (mov r0, r0)
    9634:	e1a00000 	nop			@ (mov r0, r0)
    9638:	e1a00000 	nop			@ (mov r0, r0)
    963c:	e1a00000 	nop			@ (mov r0, r0)
    9640:	e1a00000 	nop			@ (mov r0, r0)
    9644:	e1a00000 	nop			@ (mov r0, r0)
    9648:	e1a00000 	nop			@ (mov r0, r0)
    964c:	e1a00000 	nop			@ (mov r0, r0)
    9650:	e1a00000 	nop			@ (mov r0, r0)
    9654:	e1a00000 	nop			@ (mov r0, r0)
    9658:	e1a00000 	nop			@ (mov r0, r0)
    965c:	e1a00000 	nop			@ (mov r0, r0)
    9660:	e1a00000 	nop			@ (mov r0, r0)
    9664:	e1a00000 	nop			@ (mov r0, r0)
    9668:	e1a00000 	nop			@ (mov r0, r0)
    966c:	e1a00000 	nop			@ (mov r0, r0)
    9670:	e1a00000 	nop			@ (mov r0, r0)
    9674:	e1a00000 	nop			@ (mov r0, r0)
    9678:	e1a00000 	nop			@ (mov r0, r0)
    967c:	e1a00000 	nop			@ (mov r0, r0)
    9680:	e1a00000 	nop			@ (mov r0, r0)
    9684:	e1a00000 	nop			@ (mov r0, r0)
    9688:	e1a00000 	nop			@ (mov r0, r0)
    968c:	e1a00000 	nop			@ (mov r0, r0)
    9690:	e1a00000 	nop			@ (mov r0, r0)
    9694:	e1a00000 	nop			@ (mov r0, r0)
    9698:	e1a00000 	nop			@ (mov r0, r0)
    969c:	e1a00000 	nop			@ (mov r0, r0)
    96a0:	e1a00000 	nop			@ (mov r0, r0)
    96a4:	e1a00000 	nop			@ (mov r0, r0)
    96a8:	e1a00000 	nop			@ (mov r0, r0)
    96ac:	e1a00000 	nop			@ (mov r0, r0)
    96b0:	e1a00000 	nop			@ (mov r0, r0)
    96b4:	e1a00000 	nop			@ (mov r0, r0)
    96b8:	e1a00000 	nop			@ (mov r0, r0)
    96bc:	e1a00000 	nop			@ (mov r0, r0)
    96c0:	e1a00000 	nop			@ (mov r0, r0)
    96c4:	e1a00000 	nop			@ (mov r0, r0)
    96c8:	e1a00000 	nop			@ (mov r0, r0)
    96cc:	e1a00000 	nop			@ (mov r0, r0)
    96d0:	e1a00000 	nop			@ (mov r0, r0)
    96d4:	e1a00000 	nop			@ (mov r0, r0)
    96d8:	e1a00000 	nop			@ (mov r0, r0)
    96dc:	e1a00000 	nop			@ (mov r0, r0)
    96e0:	e1a00000 	nop			@ (mov r0, r0)
    96e4:	e1a00000 	nop			@ (mov r0, r0)
