
/tmp/jit_dump.bin:     file format binary


Disassembly of section .data:

00000000 <.data>:
       0:	e92d4030 	push	{r4, r5, lr}
       4:	e1a04001 	mov	r4, r1
       8:	e24dd004 	sub	sp, sp, #4
       c:	e5905008 	ldr	r5, [r0, #8]
      10:	e12fff32 	blx	r2
      14:	e28dd004 	add	sp, sp, #4
      18:	e8bd8030 	pop	{r4, r5, pc}
      1c:	e52de004 	push	{lr}		@ (str lr, [sp, #-4]!)
      20:	e24dd004 	sub	sp, sp, #4
      24:	e58d0000 	str	r0, [sp]
      28:	e30cc123 	movw	ip, #49443	@ 0xc123
      2c:	e34cc456 	movt	ip, #50262	@ 0xc456
      30:	e59f0fe0 	ldr	r0, [pc, #4064]	@ 0x1018
      34:	e1a01004 	mov	r1, r4
      38:	e59d2000 	ldr	r2, [sp]
      3c:	e59fcfd8 	ldr	ip, [pc, #4056]	@ 0x101c
      40:	e12fff3c 	blx	ip
      44:	e3500000 	cmp	r0, #0
      48:	1a00000b 	bne	0x7c
      4c:	e59f0fcc 	ldr	r0, [pc, #4044]	@ 0x1020
      50:	e1a01004 	mov	r1, r4
      54:	e59d2000 	ldr	r2, [sp]
      58:	e59fcfc4 	ldr	ip, [pc, #4036]	@ 0x1024
      5c:	e12fff3c 	blx	ip
      60:	e3500000 	cmp	r0, #0
      64:	1a000004 	bne	0x7c
      68:	e59f0fb8 	ldr	r0, [pc, #4024]	@ 0x1028
      6c:	e30ccabc 	movw	ip, #51900	@ 0xcabc
      70:	e34ccdef 	movt	ip, #52719	@ 0xcdef
      74:	e28dd004 	add	sp, sp, #4
      78:	e49df004 	pop	{pc}		@ (ldr pc, [sp], #4)
      7c:	e59d0000 	ldr	r0, [sp]
      80:	e59d1004 	ldr	r1, [sp, #4]
      84:	e59fcfa0 	ldr	ip, [pc, #4000]	@ 0x102c
      88:	e12fff3c 	blx	ip
      8c:	e28dd008 	add	sp, sp, #8
      90:	e12fff10 	bx	r0
      94:	e52de004 	push	{lr}		@ (str lr, [sp, #-4]!)
      98:	e24dd004 	sub	sp, sp, #4
      9c:	e58d0000 	str	r0, [sp]
      a0:	e30cc123 	movw	ip, #49443	@ 0xc123
      a4:	e34cc456 	movt	ip, #50262	@ 0xc456
      a8:	e5940000 	ldr	r0, [r4]
      ac:	e595e03c 	ldr	lr, [r5, #60]	@ 0x3c
      b0:	e59e1008 	ldr	r1, [lr, #8]
      b4:	e2411010 	sub	r1, r1, #16
      b8:	e1a03001 	mov	r3, r1
      bc:	e5952030 	ldr	r2, [r5, #48]	@ 0x30
      c0:	e59fef68 	ldr	lr, [pc, #3944]	@ 0x1030
      c4:	e7f3e0fc 	udf	#15884	@ 0x3e0c
      c8:	2a000013 	bcs	0x11c
      cc:	e7d023f4 			@ <UNDEFINED> instruction: 0xe7d023f4
      d0:	e1a03001 	mov	r3, r1
      d4:	e5952030 	ldr	r2, [r5, #48]	@ 0x30
      d8:	e59fef50 	ldr	lr, [pc, #3920]	@ 0x1030
      dc:	e7f3e0fc 	udf	#15884	@ 0x3e0c
      e0:	2a00000d 	bcs	0x11c
      e4:	e7e023f4 			@ <UNDEFINED> instruction: 0xe7e023f4
      e8:	e1a03001 	mov	r3, r1
      ec:	e5952030 	ldr	r2, [r5, #48]	@ 0x30
      f0:	e59fef38 	ldr	lr, [pc, #3896]	@ 0x1030
      f4:	e7f3e0fc 	udf	#15884	@ 0x3e0c
      f8:	2a000007 	bcs	0x11c
      fc:	e7e123f4 			@ <UNDEFINED> instruction: 0xe7e123f4
     100:	e0000190 	mul	r0, r0, r1
     104:	e584000c 	str	r0, [r4, #12]
     108:	e59f0f24 	ldr	r0, [pc, #3876]	@ 0x1034
     10c:	e30ccabc 	movw	ip, #51900	@ 0xcabc
     110:	e34ccdef 	movt	ip, #52719	@ 0xcdef
     114:	e28dd004 	add	sp, sp, #4
     118:	e49df004 	pop	{pc}		@ (ldr pc, [sp], #4)
     11c:	e3a00008 	mov	r0, #8
     120:	e59d1000 	ldr	r1, [sp]
     124:	e5810010 	str	r0, [r1, #16]
     128:	e59d0000 	ldr	r0, [sp]
     12c:	e59d1004 	ldr	r1, [sp, #4]
     130:	e59fcf00 	ldr	ip, [pc, #3840]	@ 0x1038
     134:	e12fff3c 	blx	ip
     138:	e28dd008 	add	sp, sp, #8
     13c:	e12fff10 	bx	r0
     140:	e92d40c0 	push	{r6, r7, lr}
     144:	e24dd004 	sub	sp, sp, #4
     148:	e58d0000 	str	r0, [sp]
     14c:	e30cc123 	movw	ip, #49443	@ 0xc123
     150:	e34cc456 	movt	ip, #50262	@ 0xc456
     154:	e595e03c 	ldr	lr, [r5, #60]	@ 0x3c
     158:	e59e0008 	ldr	r0, [lr, #8]
     15c:	e2406010 	sub	r6, r0, #16
     160:	e595003c 	ldr	r0, [r5, #60]	@ 0x3c
     164:	e5806008 	str	r6, [r0, #8]
     168:	e1a01006 	mov	r1, r6
     16c:	e5950030 	ldr	r0, [r5, #48]	@ 0x30
     170:	e59feeb8 	ldr	lr, [pc, #3768]	@ 0x1030
     174:	e7f1e0fc 	udf	#7692	@ 0x1e0c
     178:	2a00003e 	bcs	0x278
     17c:	e3a02000 	mov	r2, #0
     180:	e7d201f4 			@ <UNDEFINED> instruction: 0xe7d201f4
     184:	e1a01006 	mov	r1, r6
     188:	e5950030 	ldr	r0, [r5, #48]	@ 0x30
     18c:	e59fee9c 	ldr	lr, [pc, #3740]	@ 0x1030
     190:	e7f1e0f8 	udf	#7688	@ 0x1e08
     194:	2a000037 	bcs	0x278
     198:	e3a02005 	mov	r2, #5
     19c:	e7d201f4 			@ <UNDEFINED> instruction: 0xe7d201f4
     1a0:	e1a01006 	mov	r1, r6
     1a4:	e5950030 	ldr	r0, [r5, #48]	@ 0x30
     1a8:	e59fee80 	ldr	lr, [pc, #3712]	@ 0x1030
     1ac:	e7f1e0f8 	udf	#7688	@ 0x1e08
     1b0:	2a000030 	bcs	0x278
     1b4:	e7e701f4 			@ <UNDEFINED> instruction: 0xe7e701f4
     1b8:	e1a02006 	mov	r2, r6
     1bc:	e5951030 	ldr	r1, [r5, #48]	@ 0x30
     1c0:	e59fee68 	ldr	lr, [pc, #3688]	@ 0x1030
     1c4:	e7f2e0f8 	udf	#11784	@ 0x2e08
     1c8:	2a00002a 	bcs	0x278
     1cc:	e7e012f4 			@ <UNDEFINED> instruction: 0xe7e012f4
     1d0:	e5840020 	str	r0, [r4, #32]
     1d4:	e59f0e60 	ldr	r0, [pc, #3680]	@ 0x103c
     1d8:	e1a01004 	mov	r1, r4
     1dc:	e59d2000 	ldr	r2, [sp]
     1e0:	e59fce58 	ldr	ip, [pc, #3672]	@ 0x1040
     1e4:	e12fff3c 	blx	ip
     1e8:	e3500000 	cmp	r0, #0
     1ec:	1a000024 	bne	0x284
     1f0:	e5940020 	ldr	r0, [r4, #32]
     1f4:	e1a02006 	mov	r2, r6
     1f8:	e5951030 	ldr	r1, [r5, #48]	@ 0x30
     1fc:	e59fee2c 	ldr	lr, [pc, #3628]	@ 0x1030
     200:	e7f2e0f4 	udf	#11780	@ 0x2e04
     204:	2a00001b 	bcs	0x278
     208:	e7d012f4 			@ <UNDEFINED> instruction: 0xe7d012f4
     20c:	e1a01006 	mov	r1, r6
     210:	e5950030 	ldr	r0, [r5, #48]	@ 0x30
     214:	e59fce14 	ldr	ip, [pc, #3604]	@ 0x1030
     218:	e151000c 	cmp	r1, ip
     21c:	8a000015 	bhi	0x278
     220:	e7d701f4 			@ <UNDEFINED> instruction: 0xe7d701f4
     224:	e3a0eb40 	mov	lr, #64, 22	@ 0x10000
     228:	e38ee1d8 	orr	lr, lr, #216, 2	@ 0x36
     22c:	e584e018 	str	lr, [r4, #24]
     230:	e5846000 	str	r6, [r4]
     234:	e59f0e08 	ldr	r0, [pc, #3592]	@ 0x1044
     238:	e1a01004 	mov	r1, r4
     23c:	e59d2000 	ldr	r2, [sp]
     240:	e59fce00 	ldr	ip, [pc, #3584]	@ 0x1048
     244:	e12fff3c 	blx	ip
     248:	e3500000 	cmp	r0, #0
     24c:	1a00000c 	bne	0x284
     250:	e3a00000 	mov	r0, #0
     254:	e2866010 	add	r6, r6, #16
     258:	e595103c 	ldr	r1, [r5, #60]	@ 0x3c
     25c:	e5816008 	str	r6, [r1, #8]
     260:	e5840008 	str	r0, [r4, #8]
     264:	e59f0de0 	ldr	r0, [pc, #3552]	@ 0x104c
     268:	e30ccabc 	movw	ip, #51900	@ 0xcabc
     26c:	e34ccdef 	movt	ip, #52719	@ 0xcdef
     270:	e28dd004 	add	sp, sp, #4
     274:	e8bd80c0 	pop	{r6, r7, pc}
     278:	e3a00008 	mov	r0, #8
     27c:	e59d1000 	ldr	r1, [sp]
     280:	e5810010 	str	r0, [r1, #16]
     284:	e59d0000 	ldr	r0, [sp]
     288:	e59d100c 	ldr	r1, [sp, #12]
     28c:	e59fcdbc 	ldr	ip, [pc, #3516]	@ 0x1050
     290:	e12fff3c 	blx	ip
     294:	e28dd004 	add	sp, sp, #4
     298:	e8bd00c0 	pop	{r6, r7}
     29c:	e28dd004 	add	sp, sp, #4
     2a0:	e12fff10 	bx	r0
     2a4:	e52de004 	push	{lr}		@ (str lr, [sp, #-4]!)
     2a8:	e24dd004 	sub	sp, sp, #4
     2ac:	e58d0000 	str	r0, [sp]
     2b0:	e30cc123 	movw	ip, #49443	@ 0xc123
     2b4:	e34cc456 	movt	ip, #50262	@ 0xc456
     2b8:	e3a0c001 	mov	ip, #1
     2bc:	e35c0000 	cmp	ip, #0
     2c0:	0a000006 	beq	0x2e0
     2c4:	e59f0d88 	ldr	r0, [pc, #3464]	@ 0x1054
     2c8:	e1a01004 	mov	r1, r4
     2cc:	e59d2000 	ldr	r2, [sp]
     2d0:	e59fcd80 	ldr	ip, [pc, #3456]	@ 0x1058
     2d4:	e12fff3c 	blx	ip
     2d8:	e3500000 	cmp	r0, #0
     2dc:	1a000017 	bne	0x340
     2e0:	e59f0d74 	ldr	r0, [pc, #3444]	@ 0x105c
     2e4:	e1a01004 	mov	r1, r4
     2e8:	e59d2000 	ldr	r2, [sp]
     2ec:	e59fcd6c 	ldr	ip, [pc, #3436]	@ 0x1060
     2f0:	e12fff3c 	blx	ip
     2f4:	e3500000 	cmp	r0, #0
     2f8:	1a000010 	bne	0x340
     2fc:	e5940004 	ldr	r0, [r4, #4]
     300:	e5840004 	str	r0, [r4, #4]
     304:	e59f0d58 	ldr	r0, [pc, #3416]	@ 0x1064
     308:	e1a01004 	mov	r1, r4
     30c:	e59d2000 	ldr	r2, [sp]
     310:	e59fcd50 	ldr	ip, [pc, #3408]	@ 0x1068
     314:	e12fff3c 	blx	ip
     318:	e3500000 	cmp	r0, #0
     31c:	1a000007 	bne	0x340
     320:	e3a00015 	mov	r0, #21
     324:	ea000003 	b	0x338
     328:	e30ccabc 	movw	ip, #51900	@ 0xcabc
     32c:	e34ccdef 	movt	ip, #52719	@ 0xcdef
     330:	e28dd004 	add	sp, sp, #4
     334:	e49df004 	pop	{pc}		@ (ldr pc, [sp], #4)
     338:	e59d1000 	ldr	r1, [sp]
     33c:	e5810010 	str	r0, [r1, #16]
     340:	e59d0000 	ldr	r0, [sp]
     344:	e59d1004 	ldr	r1, [sp, #4]
     348:	e59fcd1c 	ldr	ip, [pc, #3356]	@ 0x106c
     34c:	e12fff3c 	blx	ip
     350:	e28dd008 	add	sp, sp, #8
     354:	e12fff10 	bx	r0
     358:	e52de004 	push	{lr}		@ (str lr, [sp, #-4]!)
     35c:	e24dd004 	sub	sp, sp, #4
     360:	e58d0000 	str	r0, [sp]
     364:	e30cc123 	movw	ip, #49443	@ 0xc123
     368:	e34cc456 	movt	ip, #50262	@ 0xc456
     36c:	e59f0cfc 	ldr	r0, [pc, #3324]	@ 0x1070
     370:	e30ccabc 	movw	ip, #51900	@ 0xcabc
     374:	e34ccdef 	movt	ip, #52719	@ 0xcdef
     378:	e28dd004 	add	sp, sp, #4
     37c:	e49df004 	pop	{pc}		@ (ldr pc, [sp], #4)
     380:	e92d4040 	push	{r6, lr}
     384:	e24dd008 	sub	sp, sp, #8
     388:	e58d0000 	str	r0, [sp]
     38c:	e30cc123 	movw	ip, #49443	@ 0xc123
     390:	e34cc456 	movt	ip, #50262	@ 0xc456
     394:	e3a06000 	mov	r6, #0
     398:	e3a0c000 	mov	ip, #0
     39c:	e35c0000 	cmp	ip, #0
     3a0:	9a000011 	bls	0x3ec
     3a4:	e2460004 	sub	r0, r6, #4
     3a8:	e1a06000 	mov	r6, r0
     3ac:	e1a02000 	mov	r2, r0
     3b0:	e5951030 	ldr	r1, [r5, #48]	@ 0x30
     3b4:	e59fcc74 	ldr	ip, [pc, #3188]	@ 0x1030
     3b8:	e152000c 	cmp	r2, ip
     3bc:	8a000016 	bhi	0x41c
     3c0:	e7e012f4 			@ <UNDEFINED> instruction: 0xe7e012f4
     3c4:	e584000c 	str	r0, [r4, #12]
     3c8:	e59f0ca4 	ldr	r0, [pc, #3236]	@ 0x1074
     3cc:	e1a01004 	mov	r1, r4
     3d0:	e59d2000 	ldr	r2, [sp]
     3d4:	e59fcc9c 	ldr	ip, [pc, #3228]	@ 0x1078
     3d8:	e12fff3c 	blx	ip
     3dc:	e3500000 	cmp	r0, #0
     3e0:	1a000010 	bne	0x428
     3e4:	e3560000 	cmp	r6, #0
     3e8:	8affffed 	bhi	0x3a4
     3ec:	e59f0c88 	ldr	r0, [pc, #3208]	@ 0x107c
     3f0:	e1a01004 	mov	r1, r4
     3f4:	e59d2000 	ldr	r2, [sp]
     3f8:	e59fcc80 	ldr	ip, [pc, #3200]	@ 0x1080
     3fc:	e12fff3c 	blx	ip
     400:	e3500000 	cmp	r0, #0
     404:	1a000007 	bne	0x428
     408:	e59f0c74 	ldr	r0, [pc, #3188]	@ 0x1084
     40c:	e30ccabc 	movw	ip, #51900	@ 0xcabc
     410:	e34ccdef 	movt	ip, #52719	@ 0xcdef
     414:	e28dd008 	add	sp, sp, #8
     418:	e8bd8040 	pop	{r6, pc}
     41c:	e3a00008 	mov	r0, #8
     420:	e59d1000 	ldr	r1, [sp]
     424:	e5810010 	str	r0, [r1, #16]
     428:	e59d0000 	ldr	r0, [sp]
     42c:	e59d100c 	ldr	r1, [sp, #12]
     430:	e59fcc50 	ldr	ip, [pc, #3152]	@ 0x1088
     434:	e12fff3c 	blx	ip
     438:	e59d6008 	ldr	r6, [sp, #8]
     43c:	e28dd010 	add	sp, sp, #16
     440:	e12fff10 	bx	r0
     444:	e92d4040 	push	{r6, lr}
     448:	e24dd008 	sub	sp, sp, #8
     44c:	e58d0000 	str	r0, [sp]
     450:	e30cc123 	movw	ip, #49443	@ 0xc123
     454:	e34cc456 	movt	ip, #50262	@ 0xc456
     458:	e5946000 	ldr	r6, [r4]
     45c:	e59f0c28 	ldr	r0, [pc, #3112]	@ 0x108c
     460:	e1a01004 	mov	r1, r4
     464:	e59d2000 	ldr	r2, [sp]
     468:	e59fcc20 	ldr	ip, [pc, #3104]	@ 0x1090
     46c:	e12fff3c 	blx	ip
     470:	e3500000 	cmp	r0, #0
     474:	1a00001d 	bne	0x4f0
     478:	e59f0c14 	ldr	r0, [pc, #3092]	@ 0x1094
     47c:	e1a01004 	mov	r1, r4
     480:	e59d2000 	ldr	r2, [sp]
     484:	e59fcc0c 	ldr	ip, [pc, #3084]	@ 0x1098
     488:	e12fff3c 	blx	ip
     48c:	e3500000 	cmp	r0, #0
     490:	1a000016 	bne	0x4f0
     494:	e59f0c00 	ldr	r0, [pc, #3072]	@ 0x109c
     498:	e1a01004 	mov	r1, r4
     49c:	e59d2000 	ldr	r2, [sp]
     4a0:	e59fcbf8 	ldr	ip, [pc, #3064]	@ 0x10a0
     4a4:	e12fff3c 	blx	ip
     4a8:	e3500000 	cmp	r0, #0
     4ac:	1a00000f 	bne	0x4f0
     4b0:	e5846000 	str	r6, [r4]
     4b4:	e59f0be8 	ldr	r0, [pc, #3048]	@ 0x10a4
     4b8:	e1a01004 	mov	r1, r4
     4bc:	e59d2000 	ldr	r2, [sp]
     4c0:	e59fcbe0 	ldr	ip, [pc, #3040]	@ 0x10a8
     4c4:	e12fff3c 	blx	ip
     4c8:	e3500000 	cmp	r0, #0
     4cc:	1a000007 	bne	0x4f0
     4d0:	e3a00015 	mov	r0, #21
     4d4:	ea000003 	b	0x4e8
     4d8:	e30ccabc 	movw	ip, #51900	@ 0xcabc
     4dc:	e34ccdef 	movt	ip, #52719	@ 0xcdef
     4e0:	e28dd008 	add	sp, sp, #8
     4e4:	e8bd8040 	pop	{r6, pc}
     4e8:	e59d1000 	ldr	r1, [sp]
     4ec:	e5810010 	str	r0, [r1, #16]
     4f0:	e59d0000 	ldr	r0, [sp]
     4f4:	e59d100c 	ldr	r1, [sp, #12]
     4f8:	e59fcbac 	ldr	ip, [pc, #2988]	@ 0x10ac
     4fc:	e12fff3c 	blx	ip
     500:	e59d6008 	ldr	r6, [sp, #8]
     504:	e28dd010 	add	sp, sp, #16
     508:	e12fff10 	bx	r0
     50c:	e52de004 	push	{lr}		@ (str lr, [sp, #-4]!)
     510:	e24dd004 	sub	sp, sp, #4
     514:	e58d0000 	str	r0, [sp]
     518:	e30cc123 	movw	ip, #49443	@ 0xc123
     51c:	e34cc456 	movt	ip, #50262	@ 0xc456
     520:	e5940000 	ldr	r0, [r4]
     524:	e5840000 	str	r0, [r4]
     528:	e59f0b80 	ldr	r0, [pc, #2944]	@ 0x10b0
     52c:	e1a01004 	mov	r1, r4
     530:	e59d2000 	ldr	r2, [sp]
     534:	e59fcb78 	ldr	ip, [pc, #2936]	@ 0x10b4
     538:	e12fff3c 	blx	ip
     53c:	e3500000 	cmp	r0, #0
     540:	1a000007 	bne	0x564
     544:	e3a00015 	mov	r0, #21
     548:	ea000003 	b	0x55c
     54c:	e30ccabc 	movw	ip, #51900	@ 0xcabc
     550:	e34ccdef 	movt	ip, #52719	@ 0xcdef
     554:	e28dd004 	add	sp, sp, #4
     558:	e49df004 	pop	{pc}		@ (ldr pc, [sp], #4)
     55c:	e59d1000 	ldr	r1, [sp]
     560:	e5810010 	str	r0, [r1, #16]
     564:	e59d0000 	ldr	r0, [sp]
     568:	e59d1004 	ldr	r1, [sp, #4]
     56c:	e59fcb44 	ldr	ip, [pc, #2884]	@ 0x10b8
     570:	e12fff3c 	blx	ip
     574:	e28dd008 	add	sp, sp, #8
     578:	e12fff10 	bx	r0
     57c:	e92d40c0 	push	{r6, r7, lr}
     580:	e24dd004 	sub	sp, sp, #4
     584:	e58d0000 	str	r0, [sp]
     588:	e30cc123 	movw	ip, #49443	@ 0xc123
     58c:	e34cc456 	movt	ip, #50262	@ 0xc456
     590:	e5940000 	ldr	r0, [r4]
     594:	e5941004 	ldr	r1, [r4, #4]
     598:	e595e03c 	ldr	lr, [r5, #60]	@ 0x3c
     59c:	e59e2008 	ldr	r2, [lr, #8]
     5a0:	e2422010 	sub	r2, r2, #16
     5a4:	e1a06002 	mov	r6, r2
     5a8:	e595303c 	ldr	r3, [r5, #60]	@ 0x3c
     5ac:	e5832008 	str	r2, [r3, #8]
     5b0:	e1a03006 	mov	r3, r6
     5b4:	e5952030 	ldr	r2, [r5, #48]	@ 0x30
     5b8:	e59fea70 	ldr	lr, [pc, #2672]	@ 0x1030
     5bc:	e7f3e0fc 	udf	#15884	@ 0x3e0c
     5c0:	2a000016 	bcs	0x620
     5c4:	e7d123f4 			@ <UNDEFINED> instruction: 0xe7d123f4
     5c8:	e3a0eb42 	mov	lr, #67584	@ 0x10800
     5cc:	e38eefb6 	orr	lr, lr, #728	@ 0x2d8
     5d0:	e584e010 	str	lr, [r4, #16]
     5d4:	e5840000 	str	r0, [r4]
     5d8:	e5841004 	str	r1, [r4, #4]
     5dc:	e59f0ad8 	ldr	r0, [pc, #2776]	@ 0x10bc
     5e0:	e1a01004 	mov	r1, r4
     5e4:	e59d2000 	ldr	r2, [sp]
     5e8:	e59fcad0 	ldr	ip, [pc, #2768]	@ 0x10c0
     5ec:	e12fff3c 	blx	ip
     5f0:	e3500000 	cmp	r0, #0
     5f4:	1a00000c 	bne	0x62c
     5f8:	e5940014 	ldr	r0, [r4, #20]
     5fc:	e2866010 	add	r6, r6, #16
     600:	e595103c 	ldr	r1, [r5, #60]	@ 0x3c
     604:	e5816008 	str	r6, [r1, #8]
     608:	e5840004 	str	r0, [r4, #4]
     60c:	e59f0ab0 	ldr	r0, [pc, #2736]	@ 0x10c4
     610:	e30ccabc 	movw	ip, #51900	@ 0xcabc
     614:	e34ccdef 	movt	ip, #52719	@ 0xcdef
     618:	e28dd004 	add	sp, sp, #4
     61c:	e8bd80c0 	pop	{r6, r7, pc}
     620:	e3a00008 	mov	r0, #8
     624:	e59d1000 	ldr	r1, [sp]
     628:	e5810010 	str	r0, [r1, #16]
     62c:	e59d0000 	ldr	r0, [sp]
     630:	e59d100c 	ldr	r1, [sp, #12]
     634:	e59fca8c 	ldr	ip, [pc, #2700]	@ 0x10c8
     638:	e12fff3c 	blx	ip
     63c:	e28dd004 	add	sp, sp, #4
     640:	e8bd00c0 	pop	{r6, r7}
     644:	e28dd004 	add	sp, sp, #4
     648:	e12fff10 	bx	r0
     64c:	e92d4fc0 	push	{r6, r7, r8, r9, sl, fp, lr}
     650:	e24dd004 	sub	sp, sp, #4
     654:	e58d0000 	str	r0, [sp]
     658:	e30cc123 	movw	ip, #49443	@ 0xc123
     65c:	e34cc456 	movt	ip, #50262	@ 0xc456
     660:	e5946000 	ldr	r6, [r4]
     664:	e5940004 	ldr	r0, [r4, #4]
     668:	e595e03c 	ldr	lr, [r5, #60]	@ 0x3c
     66c:	e59e1008 	ldr	r1, [lr, #8]
     670:	e2411020 	sub	r1, r1, #32
     674:	e584100c 	str	r1, [r4, #12]
     678:	e595203c 	ldr	r2, [r5, #60]	@ 0x3c
     67c:	e5821008 	str	r1, [r2, #8]
     680:	e1a03006 	mov	r3, r6
     684:	e5952030 	ldr	r2, [r5, #48]	@ 0x30
     688:	e59fe9a0 	ldr	lr, [pc, #2464]	@ 0x1030
     68c:	e7f3e1fc 	udf	#15900	@ 0x3e1c
     690:	2a000104 	bcs	0xaa8
     694:	e7e123f4 			@ <UNDEFINED> instruction: 0xe7e123f4
     698:	e1a02001 	mov	r2, r1
     69c:	e594900c 	ldr	r9, [r4, #12]
     6a0:	e5953030 	ldr	r3, [r5, #48]	@ 0x30
     6a4:	e59fe984 	ldr	lr, [pc, #2436]	@ 0x1030
     6a8:	e7f9e1f0 	udf	#40464	@ 0x9e10
     6ac:	2a0000fd 	bcs	0xaa8
     6b0:	e7d139f4 			@ <UNDEFINED> instruction: 0xe7d139f4
     6b4:	e1a09006 	mov	r9, r6
     6b8:	e5953030 	ldr	r3, [r5, #48]	@ 0x30
     6bc:	e59fe96c 	ldr	lr, [pc, #2412]	@ 0x1030
     6c0:	e7f9e1f4 	udf	#40468	@ 0x9e14
     6c4:	2a0000f7 	bcs	0xaa8
     6c8:	e7e139f4 			@ <UNDEFINED> instruction: 0xe7e139f4
     6cc:	e594900c 	ldr	r9, [r4, #12]
     6d0:	e5953030 	ldr	r3, [r5, #48]	@ 0x30
     6d4:	e594a008 	ldr	sl, [r4, #8]
     6d8:	e59fe950 	ldr	lr, [pc, #2384]	@ 0x1030
     6dc:	e7f9e1fc 	udf	#40476	@ 0x9e1c
     6e0:	2a0000f0 	bcs	0xaa8
     6e4:	e7da39f4 			@ <UNDEFINED> instruction: 0xe7da39f4
     6e8:	e594900c 	ldr	r9, [r4, #12]
     6ec:	e5953030 	ldr	r3, [r5, #48]	@ 0x30
     6f0:	e59fe938 	ldr	lr, [pc, #2360]	@ 0x1030
     6f4:	e7f9e1f8 	udf	#40472	@ 0x9e18
     6f8:	2a0000ea 	bcs	0xaa8
     6fc:	e7d039f4 			@ <UNDEFINED> instruction: 0xe7d039f4
     700:	e0411002 	sub	r1, r1, r2
     704:	e1a00001 	mov	r0, r1
     708:	e594300c 	ldr	r3, [r4, #12]
     70c:	e5952030 	ldr	r2, [r5, #48]	@ 0x30
     710:	e59fe918 	ldr	lr, [pc, #2328]	@ 0x1030
     714:	e7f3e1f4 	udf	#15892	@ 0x3e14
     718:	2a0000e2 	bcs	0xaa8
     71c:	e7d123f4 			@ <UNDEFINED> instruction: 0xe7d123f4
     720:	e594c008 	ldr	ip, [r4, #8]
     724:	e080900c 	add	r9, r0, ip
     728:	e594c00c 	ldr	ip, [r4, #12]
     72c:	e28ca010 	add	sl, ip, #16
     730:	e3a0e002 	mov	lr, #2
     734:	e584e01c 	str	lr, [r4, #28]
     738:	e1a02006 	mov	r2, r6
     73c:	e5951030 	ldr	r1, [r5, #48]	@ 0x30
     740:	e59fe8e8 	ldr	lr, [pc, #2280]	@ 0x1030
     744:	e7f2e3fc 	udf	#11836	@ 0x2e3c
     748:	2a0000d6 	bcs	0xaa8
     74c:	e7e012f4 			@ <UNDEFINED> instruction: 0xe7e012f4
     750:	e594c00c 	ldr	ip, [r4, #12]
     754:	e28c1010 	add	r1, ip, #16
     758:	e594c00c 	ldr	ip, [r4, #12]
     75c:	e28c200c 	add	r2, ip, #12
     760:	e5840040 	str	r0, [r4, #64]	@ 0x40
     764:	e5841044 	str	r1, [r4, #68]	@ 0x44
     768:	e3a0e002 	mov	lr, #2
     76c:	e584e02c 	str	lr, [r4, #44]	@ 0x2c
     770:	e584204c 	str	r2, [r4, #76]	@ 0x4c
     774:	e59f0950 	ldr	r0, [pc, #2384]	@ 0x10cc
     778:	e1a01004 	mov	r1, r4
     77c:	e59d2000 	ldr	r2, [sp]
     780:	e59fc948 	ldr	ip, [pc, #2376]	@ 0x10d0
     784:	e12fff3c 	blx	ip
     788:	e3500000 	cmp	r0, #0
     78c:	1a0000c8 	bne	0xab4
     790:	e5940040 	ldr	r0, [r4, #64]	@ 0x40
     794:	e5840040 	str	r0, [r4, #64]	@ 0x40
     798:	e59f0934 	ldr	r0, [pc, #2356]	@ 0x10d4
     79c:	e1a01004 	mov	r1, r4
     7a0:	e59d2000 	ldr	r2, [sp]
     7a4:	e59fc92c 	ldr	ip, [pc, #2348]	@ 0x10d8
     7a8:	e12fff3c 	blx	ip
     7ac:	e3500000 	cmp	r0, #0
     7b0:	1a0000bf 	bne	0xab4
     7b4:	e5940040 	ldr	r0, [r4, #64]	@ 0x40
     7b8:	e3500000 	cmp	r0, #0
     7bc:	0a000001 	beq	0x7c8
     7c0:	e584a014 	str	sl, [r4, #20]
     7c4:	ea000060 	b	0x94c
     7c8:	e594200c 	ldr	r2, [r4, #12]
     7cc:	e5951030 	ldr	r1, [r5, #48]	@ 0x30
     7d0:	e59fe858 	ldr	lr, [pc, #2136]	@ 0x1030
     7d4:	e7f2e0fc 	udf	#11788	@ 0x2e0c
     7d8:	2a0000b2 	bcs	0xaa8
     7dc:	e7e012f4 			@ <UNDEFINED> instruction: 0xe7e012f4
     7e0:	e1a01000 	mov	r1, r0
     7e4:	e1590000 	cmp	r9, r0
     7e8:	0a000059 	beq	0x954
     7ec:	e3710001 	cmn	r1, #1
     7f0:	ca000001 	bgt	0x7fc
     7f4:	e584a014 	str	sl, [r4, #20]
     7f8:	ea000077 	b	0x9dc
     7fc:	e1a0300a 	mov	r3, sl
     800:	e5952030 	ldr	r2, [r5, #48]	@ 0x30
     804:	e59fe824 	ldr	lr, [pc, #2084]	@ 0x1030
     808:	e7f3e0f4 	udf	#15876	@ 0x3e04
     80c:	2a0000a5 	bcs	0xaa8
     810:	e7e023f4 			@ <UNDEFINED> instruction: 0xe7e023f4
     814:	e1a02000 	mov	r2, r0
     818:	e1510000 	cmp	r1, r0
     81c:	e3a00000 	mov	r0, #0
     820:	83a00001 	movhi	r0, #1
     824:	e1a03000 	mov	r3, r0
     828:	e3500000 	cmp	r0, #0
     82c:	e3a07008 	mov	r7, #8
     830:	03a07000 	moveq	r7, #0
     834:	e08a7007 	add	r7, sl, r7
     838:	e5847014 	str	r7, [r4, #20]
     83c:	e594b014 	ldr	fp, [r4, #20]
     840:	e5958030 	ldr	r8, [r5, #48]	@ 0x30
     844:	e59fc7e4 	ldr	ip, [pc, #2020]	@ 0x1030
     848:	e15b000c 	cmp	fp, ip
     84c:	8a000095 	bhi	0xaa8
     850:	e7e08bf4 			@ <UNDEFINED> instruction: 0xe7e08bf4
     854:	e3530000 	cmp	r3, #0
     858:	03a02000 	moveq	r2, #0
     85c:	e0412002 	sub	r2, r1, r2
     860:	e1a08002 	mov	r8, r2
     864:	e0800002 	add	r0, r0, r2
     868:	e5952030 	ldr	r2, [r5, #48]	@ 0x30
     86c:	e59fc7bc 	ldr	ip, [pc, #1980]	@ 0x1030
     870:	e157000c 	cmp	r7, ip
     874:	8a00008b 	bhi	0xaa8
     878:	e7d027f4 			@ <UNDEFINED> instruction: 0xe7d027f4
     87c:	e3530000 	cmp	r3, #0
     880:	e3a0000c 	mov	r0, #12
     884:	03a00004 	moveq	r0, #4
     888:	e08a0000 	add	r0, sl, r0
     88c:	e1a02000 	mov	r2, r0
     890:	e1a0b002 	mov	fp, r2
     894:	e5957030 	ldr	r7, [r5, #48]	@ 0x30
     898:	e59fc790 	ldr	ip, [pc, #1936]	@ 0x1030
     89c:	e15b000c 	cmp	fp, ip
     8a0:	8a000080 	bhi	0xaa8
     8a4:	e7e27bf4 			@ <UNDEFINED> instruction: 0xe7e27bf4
     8a8:	e0422008 	sub	r2, r2, r8
     8ac:	e5957030 	ldr	r7, [r5, #48]	@ 0x30
     8b0:	e59fc778 	ldr	ip, [pc, #1912]	@ 0x1030
     8b4:	e150000c 	cmp	r0, ip
     8b8:	8a00007a 	bhi	0xaa8
     8bc:	e7d270f4 			@ <UNDEFINED> instruction: 0xe7d270f4
     8c0:	e0499001 	sub	r9, r9, r1
     8c4:	e594a014 	ldr	sl, [r4, #20]
     8c8:	e1a02006 	mov	r2, r6
     8cc:	e5951030 	ldr	r1, [r5, #48]	@ 0x30
     8d0:	e59fe758 	ldr	lr, [pc, #1880]	@ 0x1030
     8d4:	e7f2e3fc 	udf	#11836	@ 0x2e3c
     8d8:	2a000072 	bcs	0xaa8
     8dc:	e7e012f4 			@ <UNDEFINED> instruction: 0xe7e012f4
     8e0:	e594c01c 	ldr	ip, [r4, #28]
     8e4:	e04c3003 	sub	r3, ip, r3
     8e8:	e584301c 	str	r3, [r4, #28]
     8ec:	e594c00c 	ldr	ip, [r4, #12]
     8f0:	e28c100c 	add	r1, ip, #12
     8f4:	e5840040 	str	r0, [r4, #64]	@ 0x40
     8f8:	e5843048 	str	r3, [r4, #72]	@ 0x48
     8fc:	e584104c 	str	r1, [r4, #76]	@ 0x4c
     900:	e59f07d4 	ldr	r0, [pc, #2004]	@ 0x10dc
     904:	e1a01004 	mov	r1, r4
     908:	e59d2000 	ldr	r2, [sp]
     90c:	e59fc7cc 	ldr	ip, [pc, #1996]	@ 0x10e0
     910:	e12fff3c 	blx	ip
     914:	e3500000 	cmp	r0, #0
     918:	1a000065 	bne	0xab4
     91c:	e5940040 	ldr	r0, [r4, #64]	@ 0x40
     920:	e5840040 	str	r0, [r4, #64]	@ 0x40
     924:	e59f07b8 	ldr	r0, [pc, #1976]	@ 0x10e4
     928:	e1a01004 	mov	r1, r4
     92c:	e59d2000 	ldr	r2, [sp]
     930:	e59fc7b0 	ldr	ip, [pc, #1968]	@ 0x10e8
     934:	e12fff3c 	blx	ip
     938:	e3500000 	cmp	r0, #0
     93c:	1a00005c 	bne	0xab4
     940:	e5940040 	ldr	r0, [r4, #64]	@ 0x40
     944:	e3500000 	cmp	r0, #0
     948:	0affff9e 	beq	0x7c8
     94c:	e3790001 	cmn	r9, #1
     950:	1a000021 	bne	0x9dc
     954:	e1a02006 	mov	r2, r6
     958:	e5951030 	ldr	r1, [r5, #48]	@ 0x30
     95c:	e59fe6cc 	ldr	lr, [pc, #1740]	@ 0x1030
     960:	e7f2e2fc 	udf	#11820	@ 0x2e2c
     964:	2a00004f 	bcs	0xaa8
     968:	e7e012f4 			@ <UNDEFINED> instruction: 0xe7e012f4
     96c:	e1a01000 	mov	r1, r0
     970:	e1a03006 	mov	r3, r6
     974:	e5952030 	ldr	r2, [r5, #48]	@ 0x30
     978:	e59fe6b0 	ldr	lr, [pc, #1712]	@ 0x1030
     97c:	e7f3e1fc 	udf	#15900	@ 0x3e1c
     980:	2a000048 	bcs	0xaa8
     984:	e7d023f4 			@ <UNDEFINED> instruction: 0xe7d023f4
     988:	e1a02006 	mov	r2, r6
     98c:	e5950030 	ldr	r0, [r5, #48]	@ 0x30
     990:	e59fe698 	ldr	lr, [pc, #1688]	@ 0x1030
     994:	e7f2e1f4 	udf	#11796	@ 0x2e14
     998:	2a000042 	bcs	0xaa8
     99c:	e7d102f4 			@ <UNDEFINED> instruction: 0xe7d102f4
     9a0:	e1a03006 	mov	r3, r6
     9a4:	e5952030 	ldr	r2, [r5, #48]	@ 0x30
     9a8:	e59fe680 	ldr	lr, [pc, #1664]	@ 0x1030
     9ac:	e7f3e3f0 	udf	#15920	@ 0x3e30
     9b0:	2a00003c 	bcs	0xaa8
     9b4:	e7e023f4 			@ <UNDEFINED> instruction: 0xe7e023f4
     9b8:	e0811000 	add	r1, r1, r0
     9bc:	e1a02006 	mov	r2, r6
     9c0:	e5950030 	ldr	r0, [r5, #48]	@ 0x30
     9c4:	e59fe664 	ldr	lr, [pc, #1636]	@ 0x1030
     9c8:	e7f2e1f0 	udf	#11792	@ 0x2e10
     9cc:	2a000035 	bcs	0xaa8
     9d0:	e7d102f4 			@ <UNDEFINED> instruction: 0xe7d102f4
     9d4:	e5940008 	ldr	r0, [r4, #8]
     9d8:	ea000028 	b	0xa80
     9dc:	e3a00000 	mov	r0, #0
     9e0:	e1a02006 	mov	r2, r6
     9e4:	e5951030 	ldr	r1, [r5, #48]	@ 0x30
     9e8:	e59fe640 	ldr	lr, [pc, #1600]	@ 0x1030
     9ec:	e7f2e1fc 	udf	#11804	@ 0x2e1c
     9f0:	2a00002c 	bcs	0xaa8
     9f4:	e3a03000 	mov	r3, #0
     9f8:	e7d312f4 			@ <UNDEFINED> instruction: 0xe7d312f4
     9fc:	e1a02006 	mov	r2, r6
     a00:	e5951030 	ldr	r1, [r5, #48]	@ 0x30
     a04:	e59fe6e0 	ldr	lr, [pc, #1760]	@ 0x10ec
     a08:	e7f2e1f0 	udf	#11792	@ 0x2e10
     a0c:	2a000025 	bcs	0xaa8
     a10:	e0811002 	add	r1, r1, r2
     a14:	e3a02000 	mov	r2, #0
     a18:	e3a03000 	mov	r3, #0
     a1c:	e5813000 	str	r3, [r1]
     a20:	e5812004 	str	r2, [r1, #4]
     a24:	e1a03006 	mov	r3, r6
     a28:	e5952030 	ldr	r2, [r5, #48]	@ 0x30
     a2c:	e59fc5fc 	ldr	ip, [pc, #1532]	@ 0x1030
     a30:	e153000c 	cmp	r3, ip
     a34:	8a00001b 	bhi	0xaa8
     a38:	e7e123f4 			@ <UNDEFINED> instruction: 0xe7e123f4
     a3c:	e3811020 	orr	r1, r1, #32
     a40:	e5952030 	ldr	r2, [r5, #48]	@ 0x30
     a44:	e59fc5e4 	ldr	ip, [pc, #1508]	@ 0x1030
     a48:	e156000c 	cmp	r6, ip
     a4c:	8a000015 	bhi	0xaa8
     a50:	e7d126f4 			@ <UNDEFINED> instruction: 0xe7d126f4
     a54:	e594c01c 	ldr	ip, [r4, #28]
     a58:	e35c0002 	cmp	ip, #2
     a5c:	0a000007 	beq	0xa80
     a60:	e5943014 	ldr	r3, [r4, #20]
     a64:	e5952030 	ldr	r2, [r5, #48]	@ 0x30
     a68:	e59fe5c0 	ldr	lr, [pc, #1472]	@ 0x1030
     a6c:	e7f3e0f4 	udf	#15876	@ 0x3e04
     a70:	2a00000c 	bcs	0xaa8
     a74:	e7e123f4 			@ <UNDEFINED> instruction: 0xe7e123f4
     a78:	e594c008 	ldr	ip, [r4, #8]
     a7c:	e04c0001 	sub	r0, ip, r1
     a80:	e594c00c 	ldr	ip, [r4, #12]
     a84:	e28c1020 	add	r1, ip, #32
     a88:	e595203c 	ldr	r2, [r5, #60]	@ 0x3c
     a8c:	e5821008 	str	r1, [r2, #8]
     a90:	e5840004 	str	r0, [r4, #4]
     a94:	e59f0654 	ldr	r0, [pc, #1620]	@ 0x10f0
     a98:	e30ccabc 	movw	ip, #51900	@ 0xcabc
     a9c:	e34ccdef 	movt	ip, #52719	@ 0xcdef
     aa0:	e28dd004 	add	sp, sp, #4
     aa4:	e8bd8fc0 	pop	{r6, r7, r8, r9, sl, fp, pc}
     aa8:	e3a00008 	mov	r0, #8
     aac:	e59d1000 	ldr	r1, [sp]
     ab0:	e5810010 	str	r0, [r1, #16]
     ab4:	e59d0000 	ldr	r0, [sp]
     ab8:	e59d101c 	ldr	r1, [sp, #28]
     abc:	e59fc630 	ldr	ip, [pc, #1584]	@ 0x10f4
     ac0:	e12fff3c 	blx	ip
     ac4:	e28dd004 	add	sp, sp, #4
     ac8:	e8bd0fc0 	pop	{r6, r7, r8, r9, sl, fp}
     acc:	e28dd004 	add	sp, sp, #4
     ad0:	e12fff10 	bx	r0
     ad4:	e52de004 	push	{lr}		@ (str lr, [sp, #-4]!)
     ad8:	e24dd004 	sub	sp, sp, #4
     adc:	e58d0000 	str	r0, [sp]
     ae0:	e30cc123 	movw	ip, #49443	@ 0xc123
     ae4:	e34cc456 	movt	ip, #50262	@ 0xc456
     ae8:	e3a0e000 	mov	lr, #0
     aec:	e584e004 	str	lr, [r4, #4]
     af0:	e59f0600 	ldr	r0, [pc, #1536]	@ 0x10f8
     af4:	e30ccabc 	movw	ip, #51900	@ 0xcabc
     af8:	e34ccdef 	movt	ip, #52719	@ 0xcdef
     afc:	e28dd004 	add	sp, sp, #4
     b00:	e49df004 	pop	{pc}		@ (ldr pc, [sp], #4)
     b04:	e52de004 	push	{lr}		@ (str lr, [sp, #-4]!)
     b08:	e24dd004 	sub	sp, sp, #4
     b0c:	e58d0000 	str	r0, [sp]
     b10:	e30cc123 	movw	ip, #49443	@ 0xc123
     b14:	e34cc456 	movt	ip, #50262	@ 0xc456
     b18:	e3a0e000 	mov	lr, #0
     b1c:	e584e010 	str	lr, [r4, #16]
     b20:	e3a0e000 	mov	lr, #0
     b24:	e584e014 	str	lr, [r4, #20]
     b28:	e59f05cc 	ldr	r0, [pc, #1484]	@ 0x10fc
     b2c:	e30ccabc 	movw	ip, #51900	@ 0xcabc
     b30:	e34ccdef 	movt	ip, #52719	@ 0xcdef
     b34:	e28dd004 	add	sp, sp, #4
     b38:	e49df004 	pop	{pc}		@ (ldr pc, [sp], #4)
     b3c:	e52de004 	push	{lr}		@ (str lr, [sp, #-4]!)
     b40:	e24dd004 	sub	sp, sp, #4
     b44:	e58d0000 	str	r0, [sp]
     b48:	e30cc123 	movw	ip, #49443	@ 0xc123
     b4c:	e34cc456 	movt	ip, #50262	@ 0xc456
     b50:	e3a0e001 	mov	lr, #1
     b54:	e584e004 	str	lr, [r4, #4]
     b58:	e59f05a0 	ldr	r0, [pc, #1440]	@ 0x1100
     b5c:	e30ccabc 	movw	ip, #51900	@ 0xcabc
     b60:	e34ccdef 	movt	ip, #52719	@ 0xcdef
     b64:	e28dd004 	add	sp, sp, #4
     b68:	e49df004 	pop	{pc}		@ (ldr pc, [sp], #4)
     b6c:	e52de004 	push	{lr}		@ (str lr, [sp, #-4]!)
     b70:	e24dd004 	sub	sp, sp, #4
     b74:	e58d0000 	str	r0, [sp]
     b78:	e30cc123 	movw	ip, #49443	@ 0xc123
     b7c:	e34cc456 	movt	ip, #50262	@ 0xc456
     b80:	e59f057c 	ldr	r0, [pc, #1404]	@ 0x1104
     b84:	e30ccabc 	movw	ip, #51900	@ 0xcabc
     b88:	e34ccdef 	movt	ip, #52719	@ 0xcdef
     b8c:	e28dd004 	add	sp, sp, #4
     b90:	e49df004 	pop	{pc}		@ (ldr pc, [sp], #4)
     b94:	e52de004 	push	{lr}		@ (str lr, [sp, #-4]!)
     b98:	e24dd004 	sub	sp, sp, #4
     b9c:	e58d0000 	str	r0, [sp]
     ba0:	e30cc123 	movw	ip, #49443	@ 0xc123
     ba4:	e34cc456 	movt	ip, #50262	@ 0xc456
     ba8:	e3a0eb44 	mov	lr, #68, 22	@ 0x11000
     bac:	e38ee160 	orr	lr, lr, #96, 2
     bb0:	e584e000 	str	lr, [r4]
     bb4:	e3a009fe 	mov	r0, #4161536	@ 0x3f8000
     bb8:	e3800fa3 	orr	r0, r0, #652	@ 0x28c
     bbc:	e30ccabc 	movw	ip, #51900	@ 0xcabc
     bc0:	e34ccdef 	movt	ip, #52719	@ 0xcdef
     bc4:	e28dd004 	add	sp, sp, #4
     bc8:	e49df004 	pop	{pc}		@ (ldr pc, [sp], #4)
     bcc:	e92d4040 	push	{r6, lr}
     bd0:	e24dd010 	sub	sp, sp, #16
     bd4:	e58d0000 	str	r0, [sp]
     bd8:	e30cc123 	movw	ip, #49443	@ 0xc123
     bdc:	e34cc456 	movt	ip, #50262	@ 0xc456
     be0:	e5946000 	ldr	r6, [r4]
     be4:	e5940004 	ldr	r0, [r4, #4]
     be8:	e5941008 	ldr	r1, [r4, #8]
     bec:	e3510000 	cmp	r1, #0
     bf0:	0a00000b 	beq	0xc24
     bf4:	e1a02001 	mov	r2, r1
     bf8:	e1a01000 	mov	r1, r0
     bfc:	e1a00006 	mov	r0, r6
     c00:	e28d3004 	add	r3, sp, #4
     c04:	e595e028 	ldr	lr, [r5, #40]	@ 0x28
     c08:	e58de004 	str	lr, [sp, #4]
     c0c:	e595e028 	ldr	lr, [r5, #40]	@ 0x28
     c10:	e58de008 	str	lr, [sp, #8]
     c14:	e59fc4ec 	ldr	ip, [pc, #1260]	@ 0x1108
     c18:	e12fff3c 	blx	ip
     c1c:	e3500000 	cmp	r0, #0
     c20:	1a000005 	bne	0xc3c
     c24:	e5846000 	str	r6, [r4]
     c28:	e59f04dc 	ldr	r0, [pc, #1244]	@ 0x110c
     c2c:	e30ccabc 	movw	ip, #51900	@ 0xcabc
     c30:	e34ccdef 	movt	ip, #52719	@ 0xcdef
     c34:	e28dd010 	add	sp, sp, #16
     c38:	e8bd8040 	pop	{r6, pc}
     c3c:	e59d1000 	ldr	r1, [sp]
     c40:	e5810010 	str	r0, [r1, #16]
     c44:	e59d0000 	ldr	r0, [sp]
     c48:	e59d1014 	ldr	r1, [sp, #20]
     c4c:	e59fc4bc 	ldr	ip, [pc, #1212]	@ 0x1110
     c50:	e12fff3c 	blx	ip
     c54:	e59d6010 	ldr	r6, [sp, #16]
     c58:	e28dd018 	add	sp, sp, #24
     c5c:	e12fff10 	bx	r0
     c60:	e92d4fc0 	push	{r6, r7, r8, r9, sl, fp, lr}
     c64:	e24dd004 	sub	sp, sp, #4
     c68:	e58d0000 	str	r0, [sp]
     c6c:	e30cc123 	movw	ip, #49443	@ 0xc123
     c70:	e34cc456 	movt	ip, #50262	@ 0xc456
     c74:	e5940000 	ldr	r0, [r4]
     c78:	e5941004 	ldr	r1, [r4, #4]
     c7c:	e5942008 	ldr	r2, [r4, #8]
     c80:	e3520f80 	cmp	r2, #128, 30	@ 0x200
     c84:	3a00000d 	bcc	0xcc0
     c88:	e5840000 	str	r0, [r4]
     c8c:	e5841004 	str	r1, [r4, #4]
     c90:	e5842008 	str	r2, [r4, #8]
     c94:	e59f0478 	ldr	r0, [pc, #1144]	@ 0x1114
     c98:	e1a01004 	mov	r1, r4
     c9c:	e59d2000 	ldr	r2, [sp]
     ca0:	e59fc470 	ldr	ip, [pc, #1136]	@ 0x1118
     ca4:	e12fff3c 	blx	ip
     ca8:	e3500000 	cmp	r0, #0
     cac:	1a0001ad 	bne	0x1368
     cb0:	e5943030 	ldr	r3, [r4, #48]	@ 0x30
     cb4:	e5843030 	str	r3, [r4, #48]	@ 0x30
     cb8:	e59f045c 	ldr	r0, [pc, #1116]	@ 0x111c
     cbc:	ea0001a4 	b	0x1354
     cc0:	e0803002 	add	r3, r0, r2
     cc4:	e0216000 	eor	r6, r1, r0
     cc8:	e3160003 	tst	r6, #3
     ccc:	1a000140 	bne	0x11d4
     cd0:	e3100003 	tst	r0, #3
     cd4:	1a000001 	bne	0xce0
     cd8:	e1a06000 	mov	r6, r0
     cdc:	ea000019 	b	0xd48
     ce0:	e3520000 	cmp	r2, #0
     ce4:	1a000001 	bne	0xcf0
     ce8:	e1a06000 	mov	r6, r0
     cec:	ea000015 	b	0xd48
     cf0:	e1a06000 	mov	r6, r0
     cf4:	e1a09001 	mov	r9, r1
     cf8:	e5958030 	ldr	r8, [r5, #48]	@ 0x30
     cfc:	e3e0c4fe 	mvn	ip, #-33554432	@ 0xfe000000
     d00:	e3ccc8fe 	bic	ip, ip, #16646144	@ 0xfe0000
     d04:	e159000c 	cmp	r9, ip
     d08:	8a000193 	bhi	0x135c
     d0c:	e7e789f0 			@ <UNDEFINED> instruction: 0xe7e789f0
     d10:	e1a09006 	mov	r9, r6
     d14:	e5958030 	ldr	r8, [r5, #48]	@ 0x30
     d18:	e3e0c4fe 	mvn	ip, #-33554432	@ 0xfe000000
     d1c:	e3ccc8fe 	bic	ip, ip, #16646144	@ 0xfe0000
     d20:	e159000c 	cmp	r9, ip
     d24:	8a00018c 	bhi	0x135c
     d28:	e7d789f0 			@ <UNDEFINED> instruction: 0xe7d789f0
     d2c:	e2811001 	add	r1, r1, #1
     d30:	e2867001 	add	r7, r6, #1
     d34:	e1a06007 	mov	r6, r7
     d38:	e3170003 	tst	r7, #3
     d3c:	0a000001 	beq	0xd48
     d40:	e1560003 	cmp	r6, r3
     d44:	3affffea 	bcc	0xcf4
     d48:	e3c37003 	bic	r7, r3, #3
     d4c:	e3530040 	cmp	r3, #64	@ 0x40
     d50:	3a00010b 	bcc	0x1184
     d54:	e2478040 	sub	r8, r7, #64	@ 0x40
     d58:	e1a09008 	mov	r9, r8
     d5c:	e1560008 	cmp	r6, r8
     d60:	8a000107 	bhi	0x1184
     d64:	e1a0b001 	mov	fp, r1
     d68:	e595a030 	ldr	sl, [r5, #48]	@ 0x30
     d6c:	e59fc2bc 	ldr	ip, [pc, #700]	@ 0x1030
     d70:	e15b000c 	cmp	fp, ip
     d74:	8a000178 	bhi	0x135c
     d78:	e7e8abf4 			@ <UNDEFINED> instruction: 0xe7e8abf4
     d7c:	e1a0b006 	mov	fp, r6
     d80:	e595a030 	ldr	sl, [r5, #48]	@ 0x30
     d84:	e59fc2a4 	ldr	ip, [pc, #676]	@ 0x1030
     d88:	e15b000c 	cmp	fp, ip
     d8c:	8a000172 	bhi	0x135c
     d90:	e7d8abf4 			@ <UNDEFINED> instruction: 0xe7d8abf4
     d94:	e1a0b001 	mov	fp, r1
     d98:	e595a030 	ldr	sl, [r5, #48]	@ 0x30
     d9c:	e59fe28c 	ldr	lr, [pc, #652]	@ 0x1030
     da0:	e7fbe0f4 	udf	#48644	@ 0xbe04
     da4:	2a00016c 	bcs	0x135c
     da8:	e7e8abf4 			@ <UNDEFINED> instruction: 0xe7e8abf4
     dac:	e1a0b006 	mov	fp, r6
     db0:	e595a030 	ldr	sl, [r5, #48]	@ 0x30
     db4:	e59fe274 	ldr	lr, [pc, #628]	@ 0x1030
     db8:	e7fbe0f4 	udf	#48644	@ 0xbe04
     dbc:	2a000166 	bcs	0x135c
     dc0:	e7d8abf4 			@ <UNDEFINED> instruction: 0xe7d8abf4
     dc4:	e1a0b001 	mov	fp, r1
     dc8:	e595a030 	ldr	sl, [r5, #48]	@ 0x30
     dcc:	e59fe25c 	ldr	lr, [pc, #604]	@ 0x1030
     dd0:	e7fbe0f8 	udf	#48648	@ 0xbe08
     dd4:	2a000160 	bcs	0x135c
     dd8:	e7e8abf4 			@ <UNDEFINED> instruction: 0xe7e8abf4
     ddc:	e1a0b006 	mov	fp, r6
     de0:	e595a030 	ldr	sl, [r5, #48]	@ 0x30
     de4:	e59fe244 	ldr	lr, [pc, #580]	@ 0x1030
     de8:	e7fbe0f8 	udf	#48648	@ 0xbe08
     dec:	2a00015a 	bcs	0x135c
     df0:	e7d8abf4 			@ <UNDEFINED> instruction: 0xe7d8abf4
     df4:	e1a0b001 	mov	fp, r1
     df8:	e595a030 	ldr	sl, [r5, #48]	@ 0x30
     dfc:	e59fe22c 	ldr	lr, [pc, #556]	@ 0x1030
     e00:	e7fbe0fc 	udf	#48652	@ 0xbe0c
     e04:	2a000154 	bcs	0x135c
     e08:	e7e8abf4 			@ <UNDEFINED> instruction: 0xe7e8abf4
     e0c:	e1a0b006 	mov	fp, r6
     e10:	e595a030 	ldr	sl, [r5, #48]	@ 0x30
     e14:	e59fe214 	ldr	lr, [pc, #532]	@ 0x1030
     e18:	e7fbe0fc 	udf	#48652	@ 0xbe0c
     e1c:	2a00014e 	bcs	0x135c
     e20:	e7d8abf4 			@ <UNDEFINED> instruction: 0xe7d8abf4
     e24:	e1a0b001 	mov	fp, r1
     e28:	e595a030 	ldr	sl, [r5, #48]	@ 0x30
     e2c:	e59fe1fc 	ldr	lr, [pc, #508]	@ 0x1030
     e30:	e7fbe1f0 	udf	#48656	@ 0xbe10
     e34:	2a000148 	bcs	0x135c
     e38:	e7e8abf4 			@ <UNDEFINED> instruction: 0xe7e8abf4
     e3c:	e1a0b006 	mov	fp, r6
     e40:	e595a030 	ldr	sl, [r5, #48]	@ 0x30
     e44:	e59fe1e4 	ldr	lr, [pc, #484]	@ 0x1030
     e48:	e7fbe1f0 	udf	#48656	@ 0xbe10
     e4c:	2a000142 	bcs	0x135c
     e50:	e7d8abf4 			@ <UNDEFINED> instruction: 0xe7d8abf4
     e54:	e1a0b001 	mov	fp, r1
     e58:	e595a030 	ldr	sl, [r5, #48]	@ 0x30
     e5c:	e59fe1cc 	ldr	lr, [pc, #460]	@ 0x1030
     e60:	e7fbe1f4 	udf	#48660	@ 0xbe14
     e64:	2a00013c 	bcs	0x135c
     e68:	e7e8abf4 			@ <UNDEFINED> instruction: 0xe7e8abf4
     e6c:	e1a0b006 	mov	fp, r6
     e70:	e595a030 	ldr	sl, [r5, #48]	@ 0x30
     e74:	e59fe1b4 	ldr	lr, [pc, #436]	@ 0x1030
     e78:	e7fbe1f4 	udf	#48660	@ 0xbe14
     e7c:	2a000136 	bcs	0x135c
     e80:	e7d8abf4 			@ <UNDEFINED> instruction: 0xe7d8abf4
     e84:	e1a0b001 	mov	fp, r1
     e88:	e595a030 	ldr	sl, [r5, #48]	@ 0x30
     e8c:	e59fe19c 	ldr	lr, [pc, #412]	@ 0x1030
     e90:	e7fbe1f8 	udf	#48664	@ 0xbe18
     e94:	2a000130 	bcs	0x135c
     e98:	e7e8abf4 			@ <UNDEFINED> instruction: 0xe7e8abf4
     e9c:	e1a0b006 	mov	fp, r6
     ea0:	e595a030 	ldr	sl, [r5, #48]	@ 0x30
     ea4:	e59fe184 	ldr	lr, [pc, #388]	@ 0x1030
     ea8:	e7fbe1f8 	udf	#48664	@ 0xbe18
     eac:	2a00012a 	bcs	0x135c
     eb0:	e7d8abf4 			@ <UNDEFINED> instruction: 0xe7d8abf4
     eb4:	e1a0b001 	mov	fp, r1
     eb8:	e595a030 	ldr	sl, [r5, #48]	@ 0x30
     ebc:	e59fe16c 	ldr	lr, [pc, #364]	@ 0x1030
     ec0:	e7fbe1fc 	udf	#48668	@ 0xbe1c
     ec4:	2a000124 	bcs	0x135c
     ec8:	e7e8abf4 			@ <UNDEFINED> instruction: 0xe7e8abf4
     ecc:	e1a0b006 	mov	fp, r6
     ed0:	e595a030 	ldr	sl, [r5, #48]	@ 0x30
     ed4:	e59fe154 	ldr	lr, [pc, #340]	@ 0x1030
     ed8:	e7fbe1fc 	udf	#48668	@ 0xbe1c
     edc:	2a00011e 	bcs	0x135c
     ee0:	e7d8abf4 			@ <UNDEFINED> instruction: 0xe7d8abf4
     ee4:	e1a0b001 	mov	fp, r1
     ee8:	e595a030 	ldr	sl, [r5, #48]	@ 0x30
     eec:	e59fe13c 	ldr	lr, [pc, #316]	@ 0x1030
     ef0:	e7fbe2f0 	udf	#48672	@ 0xbe20
     ef4:	2a000118 	bcs	0x135c
     ef8:	e7e8abf4 			@ <UNDEFINED> instruction: 0xe7e8abf4
     efc:	e1a0b006 	mov	fp, r6
     f00:	e595a030 	ldr	sl, [r5, #48]	@ 0x30
     f04:	e59fe124 	ldr	lr, [pc, #292]	@ 0x1030
     f08:	e7fbe2f0 	udf	#48672	@ 0xbe20
     f0c:	2a000112 	bcs	0x135c
     f10:	e7d8abf4 			@ <UNDEFINED> instruction: 0xe7d8abf4
     f14:	e1a0b001 	mov	fp, r1
     f18:	e595a030 	ldr	sl, [r5, #48]	@ 0x30
     f1c:	e59fe10c 	ldr	lr, [pc, #268]	@ 0x1030
     f20:	e7fbe2f4 	udf	#48676	@ 0xbe24
     f24:	2a00010c 	bcs	0x135c
     f28:	e7e8abf4 			@ <UNDEFINED> instruction: 0xe7e8abf4
     f2c:	e1a0b006 	mov	fp, r6
     f30:	e595a030 	ldr	sl, [r5, #48]	@ 0x30
     f34:	e59fe0f4 	ldr	lr, [pc, #244]	@ 0x1030
     f38:	e7fbe2f4 	udf	#48676	@ 0xbe24
     f3c:	2a000106 	bcs	0x135c
     f40:	e7d8abf4 			@ <UNDEFINED> instruction: 0xe7d8abf4
     f44:	e1a0b001 	mov	fp, r1
     f48:	e595a030 	ldr	sl, [r5, #48]	@ 0x30
     f4c:	e59fe0dc 	ldr	lr, [pc, #220]	@ 0x1030
     f50:	e7fbe2f8 	udf	#48680	@ 0xbe28
     f54:	2a000100 	bcs	0x135c
     f58:	e7e8abf4 			@ <UNDEFINED> instruction: 0xe7e8abf4
     f5c:	e1a0b006 	mov	fp, r6
     f60:	e595a030 	ldr	sl, [r5, #48]	@ 0x30
     f64:	e59fe0c4 	ldr	lr, [pc, #196]	@ 0x1030
     f68:	e7fbe2f8 	udf	#48680	@ 0xbe28
     f6c:	2a0000fa 	bcs	0x135c
     f70:	e7d8abf4 			@ <UNDEFINED> instruction: 0xe7d8abf4
     f74:	e1a0b001 	mov	fp, r1
     f78:	e595a030 	ldr	sl, [r5, #48]	@ 0x30
     f7c:	e59fe0ac 	ldr	lr, [pc, #172]	@ 0x1030
     f80:	e7fbe2fc 	udf	#48684	@ 0xbe2c
     f84:	2a0000f4 	bcs	0x135c
     f88:	e7e8abf4 			@ <UNDEFINED> instruction: 0xe7e8abf4
     f8c:	e1a0b006 	mov	fp, r6
     f90:	e595a030 	ldr	sl, [r5, #48]	@ 0x30
     f94:	e59fe094 	ldr	lr, [pc, #148]	@ 0x1030
     f98:	e7fbe2fc 	udf	#48684	@ 0xbe2c
     f9c:	2a0000ee 	bcs	0x135c
     fa0:	e7d8abf4 			@ <UNDEFINED> instruction: 0xe7d8abf4
     fa4:	e1a0b001 	mov	fp, r1
     fa8:	e595a030 	ldr	sl, [r5, #48]	@ 0x30
     fac:	e59fe07c 	ldr	lr, [pc, #124]	@ 0x1030
     fb0:	e7fbe3f0 	udf	#48688	@ 0xbe30
     fb4:	2a0000e8 	bcs	0x135c
     fb8:	e7e8abf4 			@ <UNDEFINED> instruction: 0xe7e8abf4
     fbc:	e1a0b006 	mov	fp, r6
     fc0:	e595a030 	ldr	sl, [r5, #48]	@ 0x30
     fc4:	e59fe064 	ldr	lr, [pc, #100]	@ 0x1030
     fc8:	e7fbe3f0 	udf	#48688	@ 0xbe30
     fcc:	2a0000e2 	bcs	0x135c
     fd0:	e7d8abf4 			@ <UNDEFINED> instruction: 0xe7d8abf4
     fd4:	e1a0b001 	mov	fp, r1
     fd8:	e595a030 	ldr	sl, [r5, #48]	@ 0x30
     fdc:	e59fe04c 	ldr	lr, [pc, #76]	@ 0x1030
     fe0:	e7fbe3f4 	udf	#48692	@ 0xbe34
     fe4:	2a0000dc 	bcs	0x135c
     fe8:	e7e8abf4 			@ <UNDEFINED> instruction: 0xe7e8abf4
     fec:	e1a0b006 	mov	fp, r6
     ff0:	e595a030 	ldr	sl, [r5, #48]	@ 0x30
     ff4:	e59fe034 	ldr	lr, [pc, #52]	@ 0x1030
     ff8:	e7fbe3f4 	udf	#48692	@ 0xbe34
     ffc:	2a0000d6 	bcs	0x135c
    1000:	e7d8abf4 			@ <UNDEFINED> instruction: 0xe7d8abf4
    1004:	e1a0b001 	mov	fp, r1
    1008:	e595a030 	ldr	sl, [r5, #48]	@ 0x30
    100c:	e59fe01c 	ldr	lr, [pc, #28]	@ 0x1030
    1010:	e7fbe3f8 	udf	#48696	@ 0xbe38
    1014:	ea000041 	b	0x1120
    1018:	003f6868 	eorseq	r6, pc, r8, ror #16
    101c:	0004890c 	andeq	r8, r4, ip, lsl #18
    1020:	003f6874 	eorseq	r6, pc, r4, ror r8	@ <UNPREDICTABLE>
    1024:	0004890c 	andeq	r8, r4, ip, lsl #18
    1028:	003f6888 	eorseq	r6, pc, r8, lsl #17
    102c:	00048004 	andeq	r8, r4, r4
    1030:	0101fffc 	strdeq	pc, [r1, -ip]
    1034:	003e2f94 	mlaseq	lr, r4, pc, r2	@ <UNPREDICTABLE>
    1038:	00048004 	andeq	r8, r4, r4
    103c:	003f6f7c 	eorseq	r6, pc, ip, ror pc	@ <UNPREDICTABLE>
    1040:	0004890c 	andeq	r8, r4, ip, lsl #18
    1044:	003f6fa0 	eorseq	r6, pc, r0, lsr #31
    1048:	0004890c 	andeq	r8, r4, ip, lsl #18
    104c:	003f6fdc 	ldrsbteq	r6, [pc], -ip
    1050:	00048004 	andeq	r8, r4, r4
    1054:	003f68f0 	ldrshteq	r6, [pc], -r0
    1058:	0004890c 	andeq	r8, r4, ip, lsl #18
    105c:	003f68fc 	ldrshteq	r6, [pc], -ip
    1060:	0004890c 	andeq	r8, r4, ip, lsl #18
    1064:	003f690c 	eorseq	r6, pc, ip, lsl #18
    1068:	0004890c 	andeq	r8, r4, ip, lsl #18
    106c:	00048004 	andeq	r8, r4, r4
    1070:	003f3be0 	eorseq	r3, pc, r0, ror #23
    1074:	003f751c 	eorseq	r7, pc, ip, lsl r5	@ <UNPREDICTABLE>
    1078:	00048c48 	andeq	r8, r4, r8, asr #24
    107c:	003f7548 	eorseq	r7, pc, r8, asr #10
    1080:	0004890c 	andeq	r8, r4, ip, lsl #18
    1084:	003f755c 	eorseq	r7, pc, ip, asr r5	@ <UNPREDICTABLE>
    1088:	00048004 	andeq	r8, r4, r4
    108c:	003f3a30 	eorseq	r3, pc, r0, lsr sl	@ <UNPREDICTABLE>
    1090:	0004890c 	andeq	r8, r4, ip, lsl #18
    1094:	003f3a3c 	eorseq	r3, pc, ip, lsr sl	@ <UNPREDICTABLE>
    1098:	0004890c 	andeq	r8, r4, ip, lsl #18
    109c:	003f3a48 	eorseq	r3, pc, r8, asr #20
    10a0:	0004890c 	andeq	r8, r4, ip, lsl #18
    10a4:	003f3a54 	eorseq	r3, pc, r4, asr sl	@ <UNPREDICTABLE>
    10a8:	0004890c 	andeq	r8, r4, ip, lsl #18
    10ac:	00048004 	andeq	r8, r4, r4
    10b0:	003f67b8 	ldrhteq	r6, [pc], -r8
    10b4:	0004890c 	andeq	r8, r4, ip, lsl #18
    10b8:	00048004 	andeq	r8, r4, r4
    10bc:	003f77e0 	eorseq	r7, pc, r0, ror #15
    10c0:	0004890c 	andeq	r8, r4, ip, lsl #18
    10c4:	003f781c 	eorseq	r7, pc, ip, lsl r8	@ <UNPREDICTABLE>
    10c8:	00048004 	andeq	r8, r4, r4
    10cc:	003f8a2c 	eorseq	r8, pc, ip, lsr #20
    10d0:	0004890c 	andeq	r8, r4, ip, lsl #18
    10d4:	003f8a44 	eorseq	r8, pc, r4, asr #20
    10d8:	0004890c 	andeq	r8, r4, ip, lsl #18
    10dc:	003f8bf4 	ldrshteq	r8, [pc], -r4
    10e0:	0004890c 	andeq	r8, r4, ip, lsl #18
    10e4:	003f8c0c 	eorseq	r8, pc, ip, lsl #24
    10e8:	0004890c 	andeq	r8, r4, ip, lsl #18
    10ec:	0101fff8 	strdeq	pc, [r1, -r8]
    10f0:	003f8d4c 	eorseq	r8, pc, ip, asr #26
    10f4:	00048004 	andeq	r8, r4, r4
    10f8:	003f68cc 	eorseq	r6, pc, ip, asr #17
    10fc:	003f7738 	eorseq	r7, pc, r8, lsr r7	@ <UNPREDICTABLE>
    1100:	003f7454 	eorseq	r7, pc, r4, asr r4	@ <UNPREDICTABLE>
    1104:	003f7df0 	ldrshteq	r7, [pc], -r0
    1108:	00049ae0 	andeq	r9, r4, r0, ror #21
    110c:	003f7484 	eorseq	r7, pc, r4, lsl #9
    1110:	00048004 	andeq	r8, r4, r4
    1114:	003fa610 	eorseq	sl, pc, r0, lsl r6	@ <UNPREDICTABLE>
    1118:	0004890c 	andeq	r8, r4, ip, lsl #18
    111c:	003fa62c 	eorseq	sl, pc, ip, lsr #12
    1120:	2a00008d 	bcs	0x135c
    1124:	e7e8abf4 			@ <UNDEFINED> instruction: 0xe7e8abf4
    1128:	e1a0b006 	mov	fp, r6
    112c:	e595a030 	ldr	sl, [r5, #48]	@ 0x30
    1130:	e59fefe0 	ldr	lr, [pc, #4064]	@ 0x2118
    1134:	e7fbe3f8 	udf	#48696	@ 0xbe38
    1138:	2a000087 	bcs	0x135c
    113c:	e7d8abf4 			@ <UNDEFINED> instruction: 0xe7d8abf4
    1140:	e1a0b001 	mov	fp, r1
    1144:	e595a030 	ldr	sl, [r5, #48]	@ 0x30
    1148:	e59fefc8 	ldr	lr, [pc, #4040]	@ 0x2118
    114c:	e7fbe3fc 	udf	#48700	@ 0xbe3c
    1150:	2a000081 	bcs	0x135c
    1154:	e7e8abf4 			@ <UNDEFINED> instruction: 0xe7e8abf4
    1158:	e1a0b006 	mov	fp, r6
    115c:	e595a030 	ldr	sl, [r5, #48]	@ 0x30
    1160:	e59fefb0 	ldr	lr, [pc, #4016]	@ 0x2118
    1164:	e7fbe3fc 	udf	#48700	@ 0xbe3c
    1168:	2a00007b 	bcs	0x135c
    116c:	e7d8abf4 			@ <UNDEFINED> instruction: 0xe7d8abf4
    1170:	e2811040 	add	r1, r1, #64	@ 0x40
    1174:	e2868040 	add	r8, r6, #64	@ 0x40
    1178:	e1a06008 	mov	r6, r8
    117c:	e1580009 	cmp	r8, r9
    1180:	9afffef7 	bls	0xd64
    1184:	e1560007 	cmp	r6, r7
    1188:	2a000058 	bcs	0x12f0
    118c:	e1a0a001 	mov	sl, r1
    1190:	e5959030 	ldr	r9, [r5, #48]	@ 0x30
    1194:	e59fcf7c 	ldr	ip, [pc, #3964]	@ 0x2118
    1198:	e15a000c 	cmp	sl, ip
    119c:	8a00006e 	bhi	0x135c
    11a0:	e7e89af4 			@ <UNDEFINED> instruction: 0xe7e89af4
    11a4:	e1a0a006 	mov	sl, r6
    11a8:	e5959030 	ldr	r9, [r5, #48]	@ 0x30
    11ac:	e59fcf64 	ldr	ip, [pc, #3940]	@ 0x2118
    11b0:	e15a000c 	cmp	sl, ip
    11b4:	8a000068 	bhi	0x135c
    11b8:	e7d89af4 			@ <UNDEFINED> instruction: 0xe7d89af4
    11bc:	e2811004 	add	r1, r1, #4
    11c0:	e2868004 	add	r8, r6, #4
    11c4:	e1a06008 	mov	r6, r8
    11c8:	e1580007 	cmp	r8, r7
    11cc:	3affffee 	bcc	0x118c
    11d0:	ea000046 	b	0x12f0
    11d4:	e3530004 	cmp	r3, #4
    11d8:	2a000001 	bcs	0x11e4
    11dc:	e1a06000 	mov	r6, r0
    11e0:	ea000042 	b	0x12f0
    11e4:	e3520004 	cmp	r2, #4
    11e8:	2a000001 	bcs	0x11f4
    11ec:	e1a06000 	mov	r6, r0
    11f0:	ea00003e 	b	0x12f0
    11f4:	e2432004 	sub	r2, r3, #4
    11f8:	e1a06000 	mov	r6, r0
    11fc:	e1a09001 	mov	r9, r1
    1200:	e5958030 	ldr	r8, [r5, #48]	@ 0x30
    1204:	e3e0c4fe 	mvn	ip, #-33554432	@ 0xfe000000
    1208:	e3ccc8fe 	bic	ip, ip, #16646144	@ 0xfe0000
    120c:	e159000c 	cmp	r9, ip
    1210:	8a000051 	bhi	0x135c
    1214:	e7e789f0 			@ <UNDEFINED> instruction: 0xe7e789f0
    1218:	e1a09006 	mov	r9, r6
    121c:	e5958030 	ldr	r8, [r5, #48]	@ 0x30
    1220:	e3e0c4fe 	mvn	ip, #-33554432	@ 0xfe000000
    1224:	e3ccc8fe 	bic	ip, ip, #16646144	@ 0xfe0000
    1228:	e159000c 	cmp	r9, ip
    122c:	8a00004a 	bhi	0x135c
    1230:	e7d789f0 			@ <UNDEFINED> instruction: 0xe7d789f0
    1234:	e1a09001 	mov	r9, r1
    1238:	e5958030 	ldr	r8, [r5, #48]	@ 0x30
    123c:	e3e0e4fe 	mvn	lr, #-33554432	@ 0xfe000000
    1240:	e3cee8fe 	bic	lr, lr, #16646144	@ 0xfe0000
    1244:	e7f9e0f1 	udf	#40449	@ 0x9e01
    1248:	2a000043 	bcs	0x135c
    124c:	e7e789f0 			@ <UNDEFINED> instruction: 0xe7e789f0
    1250:	e1a09006 	mov	r9, r6
    1254:	e5958030 	ldr	r8, [r5, #48]	@ 0x30
    1258:	e3e0e4fe 	mvn	lr, #-33554432	@ 0xfe000000
    125c:	e3cee8fe 	bic	lr, lr, #16646144	@ 0xfe0000
    1260:	e7f9e0f1 	udf	#40449	@ 0x9e01
    1264:	2a00003c 	bcs	0x135c
    1268:	e7d789f0 			@ <UNDEFINED> instruction: 0xe7d789f0
    126c:	e1a09001 	mov	r9, r1
    1270:	e5958030 	ldr	r8, [r5, #48]	@ 0x30
    1274:	e3e0e4fe 	mvn	lr, #-33554432	@ 0xfe000000
    1278:	e3cee8fe 	bic	lr, lr, #16646144	@ 0xfe0000
    127c:	e7f9e0f2 	udf	#40450	@ 0x9e02
    1280:	2a000035 	bcs	0x135c
    1284:	e7e789f0 			@ <UNDEFINED> instruction: 0xe7e789f0
    1288:	e1a09006 	mov	r9, r6
    128c:	e5958030 	ldr	r8, [r5, #48]	@ 0x30
    1290:	e3e0e4fe 	mvn	lr, #-33554432	@ 0xfe000000
    1294:	e3cee8fe 	bic	lr, lr, #16646144	@ 0xfe0000
    1298:	e7f9e0f2 	udf	#40450	@ 0x9e02
    129c:	2a00002e 	bcs	0x135c
    12a0:	e7d789f0 			@ <UNDEFINED> instruction: 0xe7d789f0
    12a4:	e1a09001 	mov	r9, r1
    12a8:	e5958030 	ldr	r8, [r5, #48]	@ 0x30
    12ac:	e3e0e4fe 	mvn	lr, #-33554432	@ 0xfe000000
    12b0:	e3cee8fe 	bic	lr, lr, #16646144	@ 0xfe0000
    12b4:	e7f9e0f3 	udf	#40451	@ 0x9e03
    12b8:	2a000027 	bcs	0x135c
    12bc:	e7e789f0 			@ <UNDEFINED> instruction: 0xe7e789f0
    12c0:	e1a09006 	mov	r9, r6
    12c4:	e5958030 	ldr	r8, [r5, #48]	@ 0x30
    12c8:	e3e0e4fe 	mvn	lr, #-33554432	@ 0xfe000000
    12cc:	e3cee8fe 	bic	lr, lr, #16646144	@ 0xfe0000
    12d0:	e7f9e0f3 	udf	#40451	@ 0x9e03
    12d4:	2a000020 	bcs	0x135c
    12d8:	e7d789f0 			@ <UNDEFINED> instruction: 0xe7d789f0
    12dc:	e2811004 	add	r1, r1, #4
    12e0:	e2867004 	add	r7, r6, #4
    12e4:	e1a06007 	mov	r6, r7
    12e8:	e1570002 	cmp	r7, r2
    12ec:	9affffc2 	bls	0x11fc
    12f0:	e1560003 	cmp	r6, r3
    12f4:	2a000012 	bcs	0x1344
    12f8:	e1a08001 	mov	r8, r1
    12fc:	e5957030 	ldr	r7, [r5, #48]	@ 0x30
    1300:	e3e0c4fe 	mvn	ip, #-33554432	@ 0xfe000000
    1304:	e3ccc8fe 	bic	ip, ip, #16646144	@ 0xfe0000
    1308:	e158000c 	cmp	r8, ip
    130c:	8a000012 	bhi	0x135c
    1310:	e7e278f0 			@ <UNDEFINED> instruction: 0xe7e278f0
    1314:	e1a08006 	mov	r8, r6
    1318:	e5957030 	ldr	r7, [r5, #48]	@ 0x30
    131c:	e3e0c4fe 	mvn	ip, #-33554432	@ 0xfe000000
    1320:	e3ccc8fe 	bic	ip, ip, #16646144	@ 0xfe0000
    1324:	e158000c 	cmp	r8, ip
    1328:	8a00000b 	bhi	0x135c
    132c:	e7d278f0 			@ <UNDEFINED> instruction: 0xe7d278f0
    1330:	e2811001 	add	r1, r1, #1
    1334:	e2862001 	add	r2, r6, #1
    1338:	e1a06002 	mov	r6, r2
    133c:	e1520003 	cmp	r2, r3
    1340:	1affffec 	bne	0x12f8
    1344:	e5840000 	str	r0, [r4]
    1348:	e59f0dcc 	ldr	r0, [pc, #3532]	@ 0x211c
    134c:	e30ccabc 	movw	ip, #51900	@ 0xcabc
    1350:	e34ccdef 	movt	ip, #52719	@ 0xcdef
    1354:	e28dd004 	add	sp, sp, #4
    1358:	e8bd8fc0 	pop	{r6, r7, r8, r9, sl, fp, pc}
    135c:	e3a00008 	mov	r0, #8
    1360:	e59d1000 	ldr	r1, [sp]
    1364:	e5810010 	str	r0, [r1, #16]
    1368:	e59d0000 	ldr	r0, [sp]
    136c:	e59d101c 	ldr	r1, [sp, #28]
    1370:	e59fcda8 	ldr	ip, [pc, #3496]	@ 0x2120
    1374:	e12fff3c 	blx	ip
    1378:	e28dd004 	add	sp, sp, #4
    137c:	e8bd0fc0 	pop	{r6, r7, r8, r9, sl, fp}
    1380:	e28dd004 	add	sp, sp, #4
    1384:	e12fff10 	bx	r0
    1388:	e92d43c0 	push	{r6, r7, r8, r9, lr}
    138c:	e24dd004 	sub	sp, sp, #4
    1390:	e58d0000 	str	r0, [sp]
    1394:	e30cc123 	movw	ip, #49443	@ 0xc123
    1398:	e34cc456 	movt	ip, #50262	@ 0xc456
    139c:	e5942000 	ldr	r2, [r4]
    13a0:	e5940004 	ldr	r0, [r4, #4]
    13a4:	e5941008 	ldr	r1, [r4, #8]
    13a8:	e3510000 	cmp	r1, #0
    13ac:	0a0000d7 	beq	0x1710
    13b0:	e1a06002 	mov	r6, r2
    13b4:	e5953030 	ldr	r3, [r5, #48]	@ 0x30
    13b8:	e3e0c4fe 	mvn	ip, #-33554432	@ 0xfe000000
    13bc:	e3ccc8fe 	bic	ip, ip, #16646144	@ 0xfe0000
    13c0:	e156000c 	cmp	r6, ip
    13c4:	8a0000d7 	bhi	0x1728
    13c8:	e7d036f0 			@ <UNDEFINED> instruction: 0xe7d036f0
    13cc:	e0823001 	add	r3, r2, r1
    13d0:	e1a06003 	mov	r6, r3
    13d4:	e2433001 	sub	r3, r3, #1
    13d8:	e5957030 	ldr	r7, [r5, #48]	@ 0x30
    13dc:	e3e0c4fe 	mvn	ip, #-33554432	@ 0xfe000000
    13e0:	e3ccc8fe 	bic	ip, ip, #16646144	@ 0xfe0000
    13e4:	e153000c 	cmp	r3, ip
    13e8:	8a0000ce 	bhi	0x1728
    13ec:	e7d073f0 			@ <UNDEFINED> instruction: 0xe7d073f0
    13f0:	e3510003 	cmp	r1, #3
    13f4:	3a0000c5 	bcc	0x1710
    13f8:	e1a07002 	mov	r7, r2
    13fc:	e5953030 	ldr	r3, [r5, #48]	@ 0x30
    1400:	e3e0e4fe 	mvn	lr, #-33554432	@ 0xfe000000
    1404:	e3cee8fe 	bic	lr, lr, #16646144	@ 0xfe0000
    1408:	e7f7e0f2 	udf	#32258	@ 0x7e02
    140c:	2a0000c5 	bcs	0x1728
    1410:	e7d037f0 			@ <UNDEFINED> instruction: 0xe7d037f0
    1414:	e1a07002 	mov	r7, r2
    1418:	e5953030 	ldr	r3, [r5, #48]	@ 0x30
    141c:	e3e0e4fe 	mvn	lr, #-33554432	@ 0xfe000000
    1420:	e3cee8fe 	bic	lr, lr, #16646144	@ 0xfe0000
    1424:	e7f7e0f1 	udf	#32257	@ 0x7e01
    1428:	2a0000be 	bcs	0x1728
    142c:	e7d037f0 			@ <UNDEFINED> instruction: 0xe7d037f0
    1430:	e2463003 	sub	r3, r6, #3
    1434:	e5957030 	ldr	r7, [r5, #48]	@ 0x30
    1438:	e3e0c4fe 	mvn	ip, #-33554432	@ 0xfe000000
    143c:	e3ccc8fe 	bic	ip, ip, #16646144	@ 0xfe0000
    1440:	e153000c 	cmp	r3, ip
    1444:	8a0000b7 	bhi	0x1728
    1448:	e7d073f0 			@ <UNDEFINED> instruction: 0xe7d073f0
    144c:	e2463002 	sub	r3, r6, #2
    1450:	e5957030 	ldr	r7, [r5, #48]	@ 0x30
    1454:	e3e0c4fe 	mvn	ip, #-33554432	@ 0xfe000000
    1458:	e3ccc8fe 	bic	ip, ip, #16646144	@ 0xfe0000
    145c:	e153000c 	cmp	r3, ip
    1460:	8a0000b0 	bhi	0x1728
    1464:	e7d073f0 			@ <UNDEFINED> instruction: 0xe7d073f0
    1468:	e3510007 	cmp	r1, #7
    146c:	3a0000a7 	bcc	0x1710
    1470:	e1a07002 	mov	r7, r2
    1474:	e5953030 	ldr	r3, [r5, #48]	@ 0x30
    1478:	e3e0e4fe 	mvn	lr, #-33554432	@ 0xfe000000
    147c:	e3cee8fe 	bic	lr, lr, #16646144	@ 0xfe0000
    1480:	e7f7e0f3 	udf	#32259	@ 0x7e03
    1484:	2a0000a7 	bcs	0x1728
    1488:	e7d037f0 			@ <UNDEFINED> instruction: 0xe7d037f0
    148c:	e2466004 	sub	r6, r6, #4
    1490:	e5953030 	ldr	r3, [r5, #48]	@ 0x30
    1494:	e3e0c4fe 	mvn	ip, #-33554432	@ 0xfe000000
    1498:	e3ccc8fe 	bic	ip, ip, #16646144	@ 0xfe0000
    149c:	e156000c 	cmp	r6, ip
    14a0:	8a0000a0 	bhi	0x1728
    14a4:	e7d036f0 			@ <UNDEFINED> instruction: 0xe7d036f0
    14a8:	e3510009 	cmp	r1, #9
    14ac:	3a000097 	bcc	0x1710
    14b0:	e2623000 	rsb	r3, r2, #0
    14b4:	e2033003 	and	r3, r3, #3
    14b8:	e1a06003 	mov	r6, r3
    14bc:	e0823003 	add	r3, r2, r3
    14c0:	e1a07003 	mov	r7, r3
    14c4:	e20000ff 	and	r0, r0, #255	@ 0xff
    14c8:	e59fcc54 	ldr	ip, [pc, #3156]	@ 0x2124
    14cc:	e0000c90 	mul	r0, r0, ip
    14d0:	e1a08000 	mov	r8, r0
    14d4:	e5959030 	ldr	r9, [r5, #48]	@ 0x30
    14d8:	e59fcc38 	ldr	ip, [pc, #3128]	@ 0x2118
    14dc:	e153000c 	cmp	r3, ip
    14e0:	8a000090 	bhi	0x1728
    14e4:	e7d093f4 			@ <UNDEFINED> instruction: 0xe7d093f4
    14e8:	e0411006 	sub	r1, r1, r6
    14ec:	e3c11003 	bic	r1, r1, #3
    14f0:	e1a00001 	mov	r0, r1
    14f4:	e0871001 	add	r1, r7, r1
    14f8:	e1a03001 	mov	r3, r1
    14fc:	e2411004 	sub	r1, r1, #4
    1500:	e5956030 	ldr	r6, [r5, #48]	@ 0x30
    1504:	e59fcc0c 	ldr	ip, [pc, #3084]	@ 0x2118
    1508:	e151000c 	cmp	r1, ip
    150c:	8a000085 	bhi	0x1728
    1510:	e7d861f4 			@ <UNDEFINED> instruction: 0xe7d861f4
    1514:	e3500009 	cmp	r0, #9
    1518:	3a00007c 	bcc	0x1710
    151c:	e1a06007 	mov	r6, r7
    1520:	e5951030 	ldr	r1, [r5, #48]	@ 0x30
    1524:	e59febec 	ldr	lr, [pc, #3052]	@ 0x2118
    1528:	e7f6e0f8 	udf	#28168	@ 0x6e08
    152c:	2a00007d 	bcs	0x1728
    1530:	e7d816f4 			@ <UNDEFINED> instruction: 0xe7d816f4
    1534:	e1a06007 	mov	r6, r7
    1538:	e5951030 	ldr	r1, [r5, #48]	@ 0x30
    153c:	e59febd4 	ldr	lr, [pc, #3028]	@ 0x2118
    1540:	e7f6e0f4 	udf	#28164	@ 0x6e04
    1544:	2a000077 	bcs	0x1728
    1548:	e7d816f4 			@ <UNDEFINED> instruction: 0xe7d816f4
    154c:	e2431008 	sub	r1, r3, #8
    1550:	e5956030 	ldr	r6, [r5, #48]	@ 0x30
    1554:	e59fcbbc 	ldr	ip, [pc, #3004]	@ 0x2118
    1558:	e151000c 	cmp	r1, ip
    155c:	8a000071 	bhi	0x1728
    1560:	e7d861f4 			@ <UNDEFINED> instruction: 0xe7d861f4
    1564:	e243100c 	sub	r1, r3, #12
    1568:	e5956030 	ldr	r6, [r5, #48]	@ 0x30
    156c:	e59fcba4 	ldr	ip, [pc, #2980]	@ 0x2118
    1570:	e151000c 	cmp	r1, ip
    1574:	8a00006b 	bhi	0x1728
    1578:	e7d861f4 			@ <UNDEFINED> instruction: 0xe7d861f4
    157c:	e3500019 	cmp	r0, #25
    1580:	3a000062 	bcc	0x1710
    1584:	e1a06007 	mov	r6, r7
    1588:	e5951030 	ldr	r1, [r5, #48]	@ 0x30
    158c:	e59feb84 	ldr	lr, [pc, #2948]	@ 0x2118
    1590:	e7f6e1f8 	udf	#28184	@ 0x6e18
    1594:	2a000063 	bcs	0x1728
    1598:	e7d816f4 			@ <UNDEFINED> instruction: 0xe7d816f4
    159c:	e1a06007 	mov	r6, r7
    15a0:	e5951030 	ldr	r1, [r5, #48]	@ 0x30
    15a4:	e59feb6c 	ldr	lr, [pc, #2924]	@ 0x2118
    15a8:	e7f6e1f4 	udf	#28180	@ 0x6e14
    15ac:	2a00005d 	bcs	0x1728
    15b0:	e7d816f4 			@ <UNDEFINED> instruction: 0xe7d816f4
    15b4:	e1a06007 	mov	r6, r7
    15b8:	e5951030 	ldr	r1, [r5, #48]	@ 0x30
    15bc:	e59feb54 	ldr	lr, [pc, #2900]	@ 0x2118
    15c0:	e7f6e1f0 	udf	#28176	@ 0x6e10
    15c4:	2a000057 	bcs	0x1728
    15c8:	e7d816f4 			@ <UNDEFINED> instruction: 0xe7d816f4
    15cc:	e1a06007 	mov	r6, r7
    15d0:	e5951030 	ldr	r1, [r5, #48]	@ 0x30
    15d4:	e59feb3c 	ldr	lr, [pc, #2876]	@ 0x2118
    15d8:	e7f6e0fc 	udf	#28172	@ 0x6e0c
    15dc:	2a000051 	bcs	0x1728
    15e0:	e7d816f4 			@ <UNDEFINED> instruction: 0xe7d816f4
    15e4:	e2431010 	sub	r1, r3, #16
    15e8:	e5956030 	ldr	r6, [r5, #48]	@ 0x30
    15ec:	e59fcb24 	ldr	ip, [pc, #2852]	@ 0x2118
    15f0:	e151000c 	cmp	r1, ip
    15f4:	8a00004b 	bhi	0x1728
    15f8:	e7d861f4 			@ <UNDEFINED> instruction: 0xe7d861f4
    15fc:	e2431014 	sub	r1, r3, #20
    1600:	e5956030 	ldr	r6, [r5, #48]	@ 0x30
    1604:	e59fcb0c 	ldr	ip, [pc, #2828]	@ 0x2118
    1608:	e151000c 	cmp	r1, ip
    160c:	8a000045 	bhi	0x1728
    1610:	e7d861f4 			@ <UNDEFINED> instruction: 0xe7d861f4
    1614:	e2431018 	sub	r1, r3, #24
    1618:	e5956030 	ldr	r6, [r5, #48]	@ 0x30
    161c:	e59fcaf4 	ldr	ip, [pc, #2804]	@ 0x2118
    1620:	e151000c 	cmp	r1, ip
    1624:	8a00003f 	bhi	0x1728
    1628:	e7d861f4 			@ <UNDEFINED> instruction: 0xe7d861f4
    162c:	e243301c 	sub	r3, r3, #28
    1630:	e5951030 	ldr	r1, [r5, #48]	@ 0x30
    1634:	e59fcadc 	ldr	ip, [pc, #2780]	@ 0x2118
    1638:	e153000c 	cmp	r3, ip
    163c:	8a000039 	bhi	0x1728
    1640:	e7d813f4 			@ <UNDEFINED> instruction: 0xe7d813f4
    1644:	e2071004 	and	r1, r7, #4
    1648:	e3811018 	orr	r1, r1, #24
    164c:	e1a03001 	mov	r3, r1
    1650:	e0400001 	sub	r0, r0, r1
    1654:	e1a06000 	mov	r6, r0
    1658:	e3500020 	cmp	r0, #32
    165c:	3a00002b 	bcc	0x1710
    1660:	e1a00008 	mov	r0, r8
    1664:	e3a01000 	mov	r1, #0
    1668:	e1a08000 	mov	r8, r0
    166c:	e3a0c001 	mov	ip, #1
    1670:	e0080c98 	mul	r8, r8, ip
    1674:	e0811008 	add	r1, r1, r8
    1678:	e0877003 	add	r7, r7, r3
    167c:	e1a08007 	mov	r8, r7
    1680:	e5953030 	ldr	r3, [r5, #48]	@ 0x30
    1684:	e59fea9c 	ldr	lr, [pc, #2716]	@ 0x2128
    1688:	e7f8e1f8 	udf	#36376	@ 0x8e18
    168c:	2a000025 	bcs	0x1728
    1690:	e083c008 	add	ip, r3, r8
    1694:	e58c0000 	str	r0, [ip]
    1698:	e58c1004 	str	r1, [ip, #4]
    169c:	e1a08007 	mov	r8, r7
    16a0:	e5953030 	ldr	r3, [r5, #48]	@ 0x30
    16a4:	e59fea7c 	ldr	lr, [pc, #2684]	@ 0x2128
    16a8:	e7f8e1f0 	udf	#36368	@ 0x8e10
    16ac:	2a00001d 	bcs	0x1728
    16b0:	e083c008 	add	ip, r3, r8
    16b4:	e58c0000 	str	r0, [ip]
    16b8:	e58c1004 	str	r1, [ip, #4]
    16bc:	e1a08007 	mov	r8, r7
    16c0:	e5953030 	ldr	r3, [r5, #48]	@ 0x30
    16c4:	e59fea5c 	ldr	lr, [pc, #2652]	@ 0x2128
    16c8:	e7f8e0f8 	udf	#36360	@ 0x8e08
    16cc:	2a000015 	bcs	0x1728
    16d0:	e083c008 	add	ip, r3, r8
    16d4:	e58c0000 	str	r0, [ip]
    16d8:	e58c1004 	str	r1, [ip, #4]
    16dc:	e1a08007 	mov	r8, r7
    16e0:	e5953030 	ldr	r3, [r5, #48]	@ 0x30
    16e4:	e59fca3c 	ldr	ip, [pc, #2620]	@ 0x2128
    16e8:	e158000c 	cmp	r8, ip
    16ec:	8a00000d 	bhi	0x1728
    16f0:	e083c008 	add	ip, r3, r8
    16f4:	e58c0000 	str	r0, [ip]
    16f8:	e58c1004 	str	r1, [ip, #4]
    16fc:	e2877020 	add	r7, r7, #32
    1700:	e2463020 	sub	r3, r6, #32
    1704:	e1a06003 	mov	r6, r3
    1708:	e353001f 	cmp	r3, #31
    170c:	8affffda 	bhi	0x167c
    1710:	e5842000 	str	r2, [r4]
    1714:	e59f0a10 	ldr	r0, [pc, #2576]	@ 0x212c
    1718:	e30ccabc 	movw	ip, #51900	@ 0xcabc
    171c:	e34ccdef 	movt	ip, #52719	@ 0xcdef
    1720:	e28dd004 	add	sp, sp, #4
    1724:	e8bd83c0 	pop	{r6, r7, r8, r9, pc}
    1728:	e3a00008 	mov	r0, #8
    172c:	e59d1000 	ldr	r1, [sp]
    1730:	e5810010 	str	r0, [r1, #16]
    1734:	e59d0000 	ldr	r0, [sp]
    1738:	e59d1014 	ldr	r1, [sp, #20]
    173c:	e59fc9ec 	ldr	ip, [pc, #2540]	@ 0x2130
    1740:	e12fff3c 	blx	ip
    1744:	e28dd004 	add	sp, sp, #4
    1748:	e8bd03c0 	pop	{r6, r7, r8, r9}
    174c:	e28dd004 	add	sp, sp, #4
    1750:	e12fff10 	bx	r0
    1754:	e52de004 	push	{lr}		@ (str lr, [sp, #-4]!)
    1758:	e24dd004 	sub	sp, sp, #4
    175c:	e58d0000 	str	r0, [sp]
    1760:	e30cc123 	movw	ip, #49443	@ 0xc123
    1764:	e34cc456 	movt	ip, #50262	@ 0xc456
    1768:	e3a009fd 	mov	r0, #4145152	@ 0x3f4000
    176c:	e3800dae 	orr	r0, r0, #11136	@ 0x2b80
    1770:	e30ccabc 	movw	ip, #51900	@ 0xcabc
    1774:	e34ccdef 	movt	ip, #52719	@ 0xcdef
    1778:	e28dd004 	add	sp, sp, #4
    177c:	e49df004 	pop	{pc}		@ (ldr pc, [sp], #4)
    1780:	e52de004 	push	{lr}		@ (str lr, [sp, #-4]!)
    1784:	e24dd004 	sub	sp, sp, #4
    1788:	e58d0000 	str	r0, [sp]
    178c:	e30cc123 	movw	ip, #49443	@ 0xc123
    1790:	e34cc456 	movt	ip, #50262	@ 0xc456
    1794:	e3a0eb44 	mov	lr, #68, 22	@ 0x11000
    1798:	e38ee170 	orr	lr, lr, #112, 2
    179c:	e584e000 	str	lr, [r4]
    17a0:	e59f098c 	ldr	r0, [pc, #2444]	@ 0x2134
    17a4:	e1a01004 	mov	r1, r4
    17a8:	e59d2000 	ldr	r2, [sp]
    17ac:	e59fc984 	ldr	ip, [pc, #2436]	@ 0x2138
    17b0:	e12fff3c 	blx	ip
    17b4:	e3500000 	cmp	r0, #0
    17b8:	1a000007 	bne	0x17dc
    17bc:	e3a0eb44 	mov	lr, #68, 22	@ 0x11000
    17c0:	e38ee180 	orr	lr, lr, #128, 2
    17c4:	e584e004 	str	lr, [r4, #4]
    17c8:	e59f096c 	ldr	r0, [pc, #2412]	@ 0x213c
    17cc:	e30ccabc 	movw	ip, #51900	@ 0xcabc
    17d0:	e34ccdef 	movt	ip, #52719	@ 0xcdef
    17d4:	e28dd004 	add	sp, sp, #4
    17d8:	e49df004 	pop	{pc}		@ (ldr pc, [sp], #4)
    17dc:	e59d0000 	ldr	r0, [sp]
    17e0:	e59d1004 	ldr	r1, [sp, #4]
    17e4:	e59fc954 	ldr	ip, [pc, #2388]	@ 0x2140
    17e8:	e12fff3c 	blx	ip
    17ec:	e28dd008 	add	sp, sp, #8
    17f0:	e12fff10 	bx	r0
    17f4:	e92d4040 	push	{r6, lr}
    17f8:	e24dd008 	sub	sp, sp, #8
    17fc:	e58d0000 	str	r0, [sp]
    1800:	e30cc123 	movw	ip, #49443	@ 0xc123
    1804:	e34cc456 	movt	ip, #50262	@ 0xc456
    1808:	e59f0934 	ldr	r0, [pc, #2356]	@ 0x2144
    180c:	e1a01004 	mov	r1, r4
    1810:	e59d2000 	ldr	r2, [sp]
    1814:	e59fc92c 	ldr	ip, [pc, #2348]	@ 0x2148
    1818:	e12fff3c 	blx	ip
    181c:	e3500000 	cmp	r0, #0
    1820:	1a000043 	bne	0x1934
    1824:	e5940008 	ldr	r0, [r4, #8]
    1828:	e1a02000 	mov	r2, r0
    182c:	e5951030 	ldr	r1, [r5, #48]	@ 0x30
    1830:	e59fc8e0 	ldr	ip, [pc, #2272]	@ 0x2118
    1834:	e152000c 	cmp	r2, ip
    1838:	8a00003a 	bhi	0x1928
    183c:	e7e012f4 			@ <UNDEFINED> instruction: 0xe7e012f4
    1840:	e1a06000 	mov	r6, r0
    1844:	e3500000 	cmp	r0, #0
    1848:	0a000010 	beq	0x1890
    184c:	e5846000 	str	r6, [r4]
    1850:	e59f08f4 	ldr	r0, [pc, #2292]	@ 0x214c
    1854:	e1a01004 	mov	r1, r4
    1858:	e59d2000 	ldr	r2, [sp]
    185c:	e59fc8ec 	ldr	ip, [pc, #2284]	@ 0x2150
    1860:	e12fff3c 	blx	ip
    1864:	e3500000 	cmp	r0, #0
    1868:	1a000031 	bne	0x1934
    186c:	e1a02006 	mov	r2, r6
    1870:	e5951030 	ldr	r1, [r5, #48]	@ 0x30
    1874:	e59fe89c 	ldr	lr, [pc, #2204]	@ 0x2118
    1878:	e7f2e3f8 	udf	#11832	@ 0x2e38
    187c:	2a000029 	bcs	0x1928
    1880:	e7e012f4 			@ <UNDEFINED> instruction: 0xe7e012f4
    1884:	e1a06000 	mov	r6, r0
    1888:	e3500000 	cmp	r0, #0
    188c:	1affffee 	bne	0x184c
    1890:	e5951030 	ldr	r1, [r5, #48]	@ 0x30
    1894:	e281cb48 	add	ip, r1, #72, 22	@ 0x12000
    1898:	e51c0fdc 	ldr	r0, [ip, #-4060]	@ 0xfffff024
    189c:	e5840008 	str	r0, [r4, #8]
    18a0:	e59f08ac 	ldr	r0, [pc, #2220]	@ 0x2154
    18a4:	e1a01004 	mov	r1, r4
    18a8:	e59d2000 	ldr	r2, [sp]
    18ac:	e59fc8a4 	ldr	ip, [pc, #2212]	@ 0x2158
    18b0:	e12fff3c 	blx	ip
    18b4:	e3500000 	cmp	r0, #0
    18b8:	1a00001d 	bne	0x1934
    18bc:	e5951030 	ldr	r1, [r5, #48]	@ 0x30
    18c0:	e281cb40 	add	ip, r1, #64, 22	@ 0x10000
    18c4:	e59c0b68 	ldr	r0, [ip, #2920]	@ 0xb68
    18c8:	e5840008 	str	r0, [r4, #8]
    18cc:	e59f0888 	ldr	r0, [pc, #2184]	@ 0x215c
    18d0:	e1a01004 	mov	r1, r4
    18d4:	e59d2000 	ldr	r2, [sp]
    18d8:	e59fc880 	ldr	ip, [pc, #2176]	@ 0x2160
    18dc:	e12fff3c 	blx	ip
    18e0:	e3500000 	cmp	r0, #0
    18e4:	1a000012 	bne	0x1934
    18e8:	e5951030 	ldr	r1, [r5, #48]	@ 0x30
    18ec:	e281cb40 	add	ip, r1, #64, 22	@ 0x10000
    18f0:	e59c0c00 	ldr	r0, [ip, #3072]	@ 0xc00
    18f4:	e5840008 	str	r0, [r4, #8]
    18f8:	e59f0864 	ldr	r0, [pc, #2148]	@ 0x2164
    18fc:	e1a01004 	mov	r1, r4
    1900:	e59d2000 	ldr	r2, [sp]
    1904:	e59fc85c 	ldr	ip, [pc, #2140]	@ 0x2168
    1908:	e12fff3c 	blx	ip
    190c:	e3500000 	cmp	r0, #0
    1910:	1a000007 	bne	0x1934
    1914:	e59f0850 	ldr	r0, [pc, #2128]	@ 0x216c
    1918:	e30ccabc 	movw	ip, #51900	@ 0xcabc
    191c:	e34ccdef 	movt	ip, #52719	@ 0xcdef
    1920:	e28dd008 	add	sp, sp, #8
    1924:	e8bd8040 	pop	{r6, pc}
    1928:	e3a00008 	mov	r0, #8
    192c:	e59d1000 	ldr	r1, [sp]
    1930:	e5810010 	str	r0, [r1, #16]
    1934:	e59d0000 	ldr	r0, [sp]
    1938:	e59d100c 	ldr	r1, [sp, #12]
    193c:	e59fc82c 	ldr	ip, [pc, #2092]	@ 0x2170
    1940:	e12fff3c 	blx	ip
    1944:	e59d6008 	ldr	r6, [sp, #8]
    1948:	e28dd010 	add	sp, sp, #16
    194c:	e12fff10 	bx	r0
    1950:	e92d40c0 	push	{r6, r7, lr}
    1954:	e24dd004 	sub	sp, sp, #4
    1958:	e58d0000 	str	r0, [sp]
    195c:	e30cc123 	movw	ip, #49443	@ 0xc123
    1960:	e34cc456 	movt	ip, #50262	@ 0xc456
    1964:	e5946000 	ldr	r6, [r4]
    1968:	e3560000 	cmp	r6, #0
    196c:	0a000056 	beq	0x1acc
    1970:	e1a02006 	mov	r2, r6
    1974:	e5951030 	ldr	r1, [r5, #48]	@ 0x30
    1978:	e59fe798 	ldr	lr, [pc, #1944]	@ 0x2118
    197c:	e7f2e4fc 	udf	#11852	@ 0x2e4c
    1980:	2a000057 	bcs	0x1ae4
    1984:	e7e012f4 			@ <UNDEFINED> instruction: 0xe7e012f4
    1988:	e3500000 	cmp	r0, #0
    198c:	ba000007 	blt	0x19b0
    1990:	e5846000 	str	r6, [r4]
    1994:	e59f07d8 	ldr	r0, [pc, #2008]	@ 0x2174
    1998:	e1a01004 	mov	r1, r4
    199c:	e59d2000 	ldr	r2, [sp]
    19a0:	e59fc7d0 	ldr	ip, [pc, #2000]	@ 0x2178
    19a4:	e12fff3c 	blx	ip
    19a8:	e3500000 	cmp	r0, #0
    19ac:	1a00004f 	bne	0x1af0
    19b0:	e1a02006 	mov	r2, r6
    19b4:	e5951030 	ldr	r1, [r5, #48]	@ 0x30
    19b8:	e59fe758 	ldr	lr, [pc, #1880]	@ 0x2118
    19bc:	e7f2e1f4 	udf	#11796	@ 0x2e14
    19c0:	2a000047 	bcs	0x1ae4
    19c4:	e7e012f4 			@ <UNDEFINED> instruction: 0xe7e012f4
    19c8:	e1a03006 	mov	r3, r6
    19cc:	e5952030 	ldr	r2, [r5, #48]	@ 0x30
    19d0:	e59fe740 	ldr	lr, [pc, #1856]	@ 0x2118
    19d4:	e7f3e1fc 	udf	#15900	@ 0x3e1c
    19d8:	2a000041 	bcs	0x1ae4
    19dc:	e7e123f4 			@ <UNDEFINED> instruction: 0xe7e123f4
    19e0:	e1500001 	cmp	r0, r1
    19e4:	0a000012 	beq	0x1a34
    19e8:	e1a02006 	mov	r2, r6
    19ec:	e5951030 	ldr	r1, [r5, #48]	@ 0x30
    19f0:	e59fe720 	ldr	lr, [pc, #1824]	@ 0x2118
    19f4:	e7f2e2f4 	udf	#11812	@ 0x2e24
    19f8:	2a000039 	bcs	0x1ae4
    19fc:	e7e012f4 			@ <UNDEFINED> instruction: 0xe7e012f4
    1a00:	e5846000 	str	r6, [r4]
    1a04:	e3a0e000 	mov	lr, #0
    1a08:	e584e00c 	str	lr, [r4, #12]
    1a0c:	e3a0e000 	mov	lr, #0
    1a10:	e584e00c 	str	lr, [r4, #12]
    1a14:	e5840020 	str	r0, [r4, #32]
    1a18:	e59f075c 	ldr	r0, [pc, #1884]	@ 0x217c
    1a1c:	e1a01004 	mov	r1, r4
    1a20:	e59d2000 	ldr	r2, [sp]
    1a24:	e59fc754 	ldr	ip, [pc, #1876]	@ 0x2180
    1a28:	e12fff3c 	blx	ip
    1a2c:	e3500000 	cmp	r0, #0
    1a30:	1a00002e 	bne	0x1af0
    1a34:	e1a02006 	mov	r2, r6
    1a38:	e5951030 	ldr	r1, [r5, #48]	@ 0x30
    1a3c:	e59fe6d4 	ldr	lr, [pc, #1748]	@ 0x2118
    1a40:	e7f2e0f4 	udf	#11780	@ 0x2e04
    1a44:	2a000026 	bcs	0x1ae4
    1a48:	e7e012f4 			@ <UNDEFINED> instruction: 0xe7e012f4
    1a4c:	e1a01000 	mov	r1, r0
    1a50:	e1a07006 	mov	r7, r6
    1a54:	e5953030 	ldr	r3, [r5, #48]	@ 0x30
    1a58:	e59fe6b8 	ldr	lr, [pc, #1720]	@ 0x2118
    1a5c:	e7f7e0f8 	udf	#32264	@ 0x7e08
    1a60:	2a00001f 	bcs	0x1ae4
    1a64:	e7e237f4 			@ <UNDEFINED> instruction: 0xe7e237f4
    1a68:	e1a03002 	mov	r3, r2
    1a6c:	e1500002 	cmp	r0, r2
    1a70:	0a000015 	beq	0x1acc
    1a74:	e0411003 	sub	r1, r1, r3
    1a78:	e1a00001 	mov	r0, r1
    1a7c:	e1a01fc0 	asr	r1, r0, #31
    1a80:	e1a07006 	mov	r7, r6
    1a84:	e5953030 	ldr	r3, [r5, #48]	@ 0x30
    1a88:	e59fe688 	ldr	lr, [pc, #1672]	@ 0x2118
    1a8c:	e7f7e2f8 	udf	#32296	@ 0x7e28
    1a90:	2a000013 	bcs	0x1ae4
    1a94:	e7e237f4 			@ <UNDEFINED> instruction: 0xe7e237f4
    1a98:	e5846000 	str	r6, [r4]
    1a9c:	e5840018 	str	r0, [r4, #24]
    1aa0:	e584101c 	str	r1, [r4, #28]
    1aa4:	e3a0e001 	mov	lr, #1
    1aa8:	e584e010 	str	lr, [r4, #16]
    1aac:	e5842024 	str	r2, [r4, #36]	@ 0x24
    1ab0:	e59f06cc 	ldr	r0, [pc, #1740]	@ 0x2184
    1ab4:	e1a01004 	mov	r1, r4
    1ab8:	e59d2000 	ldr	r2, [sp]
    1abc:	e59fc6c4 	ldr	ip, [pc, #1732]	@ 0x2188
    1ac0:	e12fff3c 	blx	ip
    1ac4:	e3500000 	cmp	r0, #0
    1ac8:	1a000008 	bne	0x1af0
    1acc:	e3a009fe 	mov	r0, #4161536	@ 0x3f8000
    1ad0:	e3800db3 	orr	r0, r0, #11456	@ 0x2cc0
    1ad4:	e30ccabc 	movw	ip, #51900	@ 0xcabc
    1ad8:	e34ccdef 	movt	ip, #52719	@ 0xcdef
    1adc:	e28dd004 	add	sp, sp, #4
    1ae0:	e8bd80c0 	pop	{r6, r7, pc}
    1ae4:	e3a00008 	mov	r0, #8
    1ae8:	e59d1000 	ldr	r1, [sp]
    1aec:	e5810010 	str	r0, [r1, #16]
    1af0:	e59d0000 	ldr	r0, [sp]
    1af4:	e59d100c 	ldr	r1, [sp, #12]
    1af8:	e59fc68c 	ldr	ip, [pc, #1676]	@ 0x218c
    1afc:	e12fff3c 	blx	ip
    1b00:	e28dd004 	add	sp, sp, #4
    1b04:	e8bd00c0 	pop	{r6, r7}
    1b08:	e28dd004 	add	sp, sp, #4
    1b0c:	e12fff10 	bx	r0
    1b10:	e92d4040 	push	{r6, lr}
    1b14:	e24dd008 	sub	sp, sp, #8
    1b18:	e58d0000 	str	r0, [sp]
    1b1c:	e30cc123 	movw	ip, #49443	@ 0xc123
    1b20:	e34cc456 	movt	ip, #50262	@ 0xc456
    1b24:	e5940000 	ldr	r0, [r4]
    1b28:	e1a03000 	mov	r3, r0
    1b2c:	e5952030 	ldr	r2, [r5, #48]	@ 0x30
    1b30:	e59fe5e0 	ldr	lr, [pc, #1504]	@ 0x2118
    1b34:	e7f3e4f8 	udf	#15944	@ 0x3e48
    1b38:	2a00004d 	bcs	0x1c74
    1b3c:	e7e123f4 			@ <UNDEFINED> instruction: 0xe7e123f4
    1b40:	e1a02001 	mov	r2, r1
    1b44:	e2411001 	sub	r1, r1, #1
    1b48:	e1811002 	orr	r1, r1, r2
    1b4c:	e1a03000 	mov	r3, r0
    1b50:	e5952030 	ldr	r2, [r5, #48]	@ 0x30
    1b54:	e59fe5bc 	ldr	lr, [pc, #1468]	@ 0x2118
    1b58:	e7f3e4f8 	udf	#15944	@ 0x3e48
    1b5c:	2a000044 	bcs	0x1c74
    1b60:	e7d123f4 			@ <UNDEFINED> instruction: 0xe7d123f4
    1b64:	e1a03000 	mov	r3, r0
    1b68:	e5952030 	ldr	r2, [r5, #48]	@ 0x30
    1b6c:	e59fc5a4 	ldr	ip, [pc, #1444]	@ 0x2118
    1b70:	e153000c 	cmp	r3, ip
    1b74:	8a00003e 	bhi	0x1c74
    1b78:	e7e123f4 			@ <UNDEFINED> instruction: 0xe7e123f4
    1b7c:	e1a02001 	mov	r2, r1
    1b80:	e3110008 	tst	r1, #8
    1b84:	0a00000a 	beq	0x1bb4
    1b88:	e3822020 	orr	r2, r2, #32
    1b8c:	e1a03000 	mov	r3, r0
    1b90:	e5951030 	ldr	r1, [r5, #48]	@ 0x30
    1b94:	e59fc57c 	ldr	ip, [pc, #1404]	@ 0x2118
    1b98:	e153000c 	cmp	r3, ip
    1b9c:	8a000034 	bhi	0x1c74
    1ba0:	e7d213f4 			@ <UNDEFINED> instruction: 0xe7d213f4
    1ba4:	e3e0e000 	mvn	lr, #0
    1ba8:	e584e008 	str	lr, [r4, #8]
    1bac:	e59f05dc 	ldr	r0, [pc, #1500]	@ 0x2190
    1bb0:	ea00002d 	b	0x1c6c
    1bb4:	e1a02000 	mov	r2, r0
    1bb8:	e5951030 	ldr	r1, [r5, #48]	@ 0x30
    1bbc:	e59fe564 	ldr	lr, [pc, #1380]	@ 0x2128
    1bc0:	e7f2e0f4 	udf	#11780	@ 0x2e04
    1bc4:	2a00002a 	bcs	0x1c74
    1bc8:	e0811002 	add	r1, r1, r2
    1bcc:	e3a02000 	mov	r2, #0
    1bd0:	e3a03000 	mov	r3, #0
    1bd4:	e5813000 	str	r3, [r1]
    1bd8:	e5812004 	str	r2, [r1, #4]
    1bdc:	e1a03000 	mov	r3, r0
    1be0:	e5952030 	ldr	r2, [r5, #48]	@ 0x30
    1be4:	e59fe52c 	ldr	lr, [pc, #1324]	@ 0x2118
    1be8:	e7f3e2fc 	udf	#15916	@ 0x3e2c
    1bec:	2a000020 	bcs	0x1c74
    1bf0:	e7e123f4 			@ <UNDEFINED> instruction: 0xe7e123f4
    1bf4:	e1a02001 	mov	r2, r1
    1bf8:	e1a06000 	mov	r6, r0
    1bfc:	e5953030 	ldr	r3, [r5, #48]	@ 0x30
    1c00:	e59fe510 	ldr	lr, [pc, #1296]	@ 0x2118
    1c04:	e7f6e1fc 	udf	#28188	@ 0x6e1c
    1c08:	2a000019 	bcs	0x1c74
    1c0c:	e7d136f4 			@ <UNDEFINED> instruction: 0xe7d136f4
    1c10:	e1a03000 	mov	r3, r0
    1c14:	e5951030 	ldr	r1, [r5, #48]	@ 0x30
    1c18:	e59fe4f8 	ldr	lr, [pc, #1272]	@ 0x2118
    1c1c:	e7f3e1f4 	udf	#15892	@ 0x3e14
    1c20:	2a000013 	bcs	0x1c74
    1c24:	e7d213f4 			@ <UNDEFINED> instruction: 0xe7d213f4
    1c28:	e1a06000 	mov	r6, r0
    1c2c:	e5953030 	ldr	r3, [r5, #48]	@ 0x30
    1c30:	e59fe4e0 	ldr	lr, [pc, #1248]	@ 0x2118
    1c34:	e7f6e3f0 	udf	#28208	@ 0x6e30
    1c38:	2a00000d 	bcs	0x1c74
    1c3c:	e7e136f4 			@ <UNDEFINED> instruction: 0xe7e136f4
    1c40:	e0822001 	add	r2, r2, r1
    1c44:	e5951030 	ldr	r1, [r5, #48]	@ 0x30
    1c48:	e59fe4c8 	ldr	lr, [pc, #1224]	@ 0x2118
    1c4c:	e7f0e1f0 	udf	#3600	@ 0xe10
    1c50:	2a000007 	bcs	0x1c74
    1c54:	e7d210f4 			@ <UNDEFINED> instruction: 0xe7d210f4
    1c58:	e3a0e000 	mov	lr, #0
    1c5c:	e584e01c 	str	lr, [r4, #28]
    1c60:	e59f052c 	ldr	r0, [pc, #1324]	@ 0x2194
    1c64:	e30ccabc 	movw	ip, #51900	@ 0xcabc
    1c68:	e34ccdef 	movt	ip, #52719	@ 0xcdef
    1c6c:	e28dd008 	add	sp, sp, #8
    1c70:	e8bd8040 	pop	{r6, pc}
    1c74:	e3a00008 	mov	r0, #8
    1c78:	e59d1000 	ldr	r1, [sp]
    1c7c:	e5810010 	str	r0, [r1, #16]
    1c80:	e59d0000 	ldr	r0, [sp]
    1c84:	e59d100c 	ldr	r1, [sp, #12]
    1c88:	e59fc508 	ldr	ip, [pc, #1288]	@ 0x2198
    1c8c:	e12fff3c 	blx	ip
    1c90:	e59d6008 	ldr	r6, [sp, #8]
    1c94:	e28dd010 	add	sp, sp, #16
    1c98:	e12fff10 	bx	r0
    1c9c:	e92d43c0 	push	{r6, r7, r8, r9, lr}
    1ca0:	e24dd004 	sub	sp, sp, #4
    1ca4:	e58d0000 	str	r0, [sp]
    1ca8:	e30cc123 	movw	ip, #49443	@ 0xc123
    1cac:	e34cc456 	movt	ip, #50262	@ 0xc456
    1cb0:	e5940000 	ldr	r0, [r4]
    1cb4:	e5941004 	ldr	r1, [r4, #4]
    1cb8:	e5942008 	ldr	r2, [r4, #8]
    1cbc:	e3520000 	cmp	r2, #0
    1cc0:	e3a03000 	mov	r3, #0
    1cc4:	13a03001 	movne	r3, #1
    1cc8:	e3100003 	tst	r0, #3
    1ccc:	0a000016 	beq	0x1d2c
    1cd0:	e3520000 	cmp	r2, #0
    1cd4:	0a000014 	beq	0x1d2c
    1cd8:	e20160ff 	and	r6, r1, #255	@ 0xff
    1cdc:	e1a09000 	mov	r9, r0
    1ce0:	e5958030 	ldr	r8, [r5, #48]	@ 0x30
    1ce4:	e3e0c4fe 	mvn	ip, #-33554432	@ 0xfe000000
    1ce8:	e3ccc8fe 	bic	ip, ip, #16646144	@ 0xfe0000
    1cec:	e159000c 	cmp	r9, ip
    1cf0:	8a00004e 	bhi	0x1e30
    1cf4:	e7e789f0 			@ <UNDEFINED> instruction: 0xe7e789f0
    1cf8:	e1570006 	cmp	r7, r6
    1cfc:	0a000032 	beq	0x1dcc
    1d00:	e2427001 	sub	r7, r2, #1
    1d04:	e1a02007 	mov	r2, r7
    1d08:	e3570000 	cmp	r7, #0
    1d0c:	e3a03000 	mov	r3, #0
    1d10:	13a03001 	movne	r3, #1
    1d14:	e2807001 	add	r7, r0, #1
    1d18:	e1a00007 	mov	r0, r7
    1d1c:	e3170003 	tst	r7, #3
    1d20:	0a000001 	beq	0x1d2c
    1d24:	e3520000 	cmp	r2, #0
    1d28:	1affffeb 	bne	0x1cdc
    1d2c:	e3530000 	cmp	r3, #0
    1d30:	0a000037 	beq	0x1e14
    1d34:	e1a07000 	mov	r7, r0
    1d38:	e5956030 	ldr	r6, [r5, #48]	@ 0x30
    1d3c:	e3e0c4fe 	mvn	ip, #-33554432	@ 0xfe000000
    1d40:	e3ccc8fe 	bic	ip, ip, #16646144	@ 0xfe0000
    1d44:	e157000c 	cmp	r7, ip
    1d48:	8a000038 	bhi	0x1e30
    1d4c:	e7e367f0 			@ <UNDEFINED> instruction: 0xe7e367f0
    1d50:	e20160ff 	and	r6, r1, #255	@ 0xff
    1d54:	e1530006 	cmp	r3, r6
    1d58:	0a000019 	beq	0x1dc4
    1d5c:	e3520004 	cmp	r2, #4
    1d60:	3a000017 	bcc	0x1dc4
    1d64:	e20130ff 	and	r3, r1, #255	@ 0xff
    1d68:	e59fc3b4 	ldr	ip, [pc, #948]	@ 0x2124
    1d6c:	e0030c93 	mul	r3, r3, ip
    1d70:	e1a08000 	mov	r8, r0
    1d74:	e5957030 	ldr	r7, [r5, #48]	@ 0x30
    1d78:	e59fc398 	ldr	ip, [pc, #920]	@ 0x2118
    1d7c:	e158000c 	cmp	r8, ip
    1d80:	8a00002a 	bhi	0x1e30
    1d84:	e7e678f4 			@ <UNDEFINED> instruction: 0xe7e678f4
    1d88:	e0266003 	eor	r6, r6, r3
    1d8c:	e1a07006 	mov	r7, r6
    1d90:	e59fc404 	ldr	ip, [pc, #1028]	@ 0x219c
    1d94:	e04c6006 	sub	r6, ip, r6
    1d98:	e1866007 	orr	r6, r6, r7
    1d9c:	e59fc3fc 	ldr	ip, [pc, #1020]	@ 0x21a0
    1da0:	e006600c 	and	r6, r6, ip
    1da4:	e59fc3f4 	ldr	ip, [pc, #1012]	@ 0x21a0
    1da8:	e156000c 	cmp	r6, ip
    1dac:	1a000006 	bne	0x1dcc
    1db0:	e2800004 	add	r0, r0, #4
    1db4:	e2426004 	sub	r6, r2, #4
    1db8:	e1a02006 	mov	r2, r6
    1dbc:	e3560003 	cmp	r6, #3
    1dc0:	8affffea 	bhi	0x1d70
    1dc4:	e3520000 	cmp	r2, #0
    1dc8:	0a000011 	beq	0x1e14
    1dcc:	e20110ff 	and	r1, r1, #255	@ 0xff
    1dd0:	e1a07000 	mov	r7, r0
    1dd4:	e5956030 	ldr	r6, [r5, #48]	@ 0x30
    1dd8:	e3e0c4fe 	mvn	ip, #-33554432	@ 0xfe000000
    1ddc:	e3ccc8fe 	bic	ip, ip, #16646144	@ 0xfe0000
    1de0:	e157000c 	cmp	r7, ip
    1de4:	8a000011 	bhi	0x1e30
    1de8:	e7e367f0 			@ <UNDEFINED> instruction: 0xe7e367f0
    1dec:	e1530001 	cmp	r3, r1
    1df0:	1a000002 	bne	0x1e00
    1df4:	e5840000 	str	r0, [r4]
    1df8:	e59f03a4 	ldr	r0, [pc, #932]	@ 0x21a4
    1dfc:	ea000009 	b	0x1e28
    1e00:	e2800001 	add	r0, r0, #1
    1e04:	e2423001 	sub	r3, r2, #1
    1e08:	e1a02003 	mov	r2, r3
    1e0c:	e3530000 	cmp	r3, #0
    1e10:	1affffee 	bne	0x1dd0
    1e14:	e3a0e000 	mov	lr, #0
    1e18:	e584e018 	str	lr, [r4, #24]
    1e1c:	e59f0384 	ldr	r0, [pc, #900]	@ 0x21a8
    1e20:	e30ccabc 	movw	ip, #51900	@ 0xcabc
    1e24:	e34ccdef 	movt	ip, #52719	@ 0xcdef
    1e28:	e28dd004 	add	sp, sp, #4
    1e2c:	e8bd83c0 	pop	{r6, r7, r8, r9, pc}
    1e30:	e3a00008 	mov	r0, #8
    1e34:	e59d1000 	ldr	r1, [sp]
    1e38:	e5810010 	str	r0, [r1, #16]
    1e3c:	e59d0000 	ldr	r0, [sp]
    1e40:	e59d1014 	ldr	r1, [sp, #20]
    1e44:	e59fc360 	ldr	ip, [pc, #864]	@ 0x21ac
    1e48:	e12fff3c 	blx	ip
    1e4c:	e28dd004 	add	sp, sp, #4
    1e50:	e8bd03c0 	pop	{r6, r7, r8, r9}
    1e54:	e28dd004 	add	sp, sp, #4
    1e58:	e12fff10 	bx	r0
    1e5c:	e92d40c0 	push	{r6, r7, lr}
    1e60:	e24dd004 	sub	sp, sp, #4
    1e64:	e58d0000 	str	r0, [sp]
    1e68:	e30cc123 	movw	ip, #49443	@ 0xc123
    1e6c:	e34cc456 	movt	ip, #50262	@ 0xc456
    1e70:	e5946000 	ldr	r6, [r4]
    1e74:	e5947004 	ldr	r7, [r4, #4]
    1e78:	e5846000 	str	r6, [r4]
    1e7c:	e3a0e000 	mov	lr, #0
    1e80:	e584e00c 	str	lr, [r4, #12]
    1e84:	e5847004 	str	r7, [r4, #4]
    1e88:	e59f0320 	ldr	r0, [pc, #800]	@ 0x21b0
    1e8c:	e1a01004 	mov	r1, r4
    1e90:	e59d2000 	ldr	r2, [sp]
    1e94:	e59fc318 	ldr	ip, [pc, #792]	@ 0x21b4
    1e98:	e12fff3c 	blx	ip
    1e9c:	e3500000 	cmp	r0, #0
    1ea0:	1a00000a 	bne	0x1ed0
    1ea4:	e5940010 	ldr	r0, [r4, #16]
    1ea8:	e1a01000 	mov	r1, r0
    1eac:	e0400006 	sub	r0, r0, r6
    1eb0:	e3510000 	cmp	r1, #0
    1eb4:	01a00007 	moveq	r0, r7
    1eb8:	e5840010 	str	r0, [r4, #16]
    1ebc:	e59f02f4 	ldr	r0, [pc, #756]	@ 0x21b8
    1ec0:	e30ccabc 	movw	ip, #51900	@ 0xcabc
    1ec4:	e34ccdef 	movt	ip, #52719	@ 0xcdef
    1ec8:	e28dd004 	add	sp, sp, #4
    1ecc:	e8bd80c0 	pop	{r6, r7, pc}
    1ed0:	e59d0000 	ldr	r0, [sp]
    1ed4:	e59d100c 	ldr	r1, [sp, #12]
    1ed8:	e59fc2dc 	ldr	ip, [pc, #732]	@ 0x21bc
    1edc:	e12fff3c 	blx	ip
    1ee0:	e28dd004 	add	sp, sp, #4
    1ee4:	e8bd00c0 	pop	{r6, r7}
    1ee8:	e28dd004 	add	sp, sp, #4
    1eec:	e12fff10 	bx	r0
    1ef0:	e92d43c0 	push	{r6, r7, r8, r9, lr}
    1ef4:	e24dd004 	sub	sp, sp, #4
    1ef8:	e58d0000 	str	r0, [sp]
    1efc:	e30cc123 	movw	ip, #49443	@ 0xc123
    1f00:	e34cc456 	movt	ip, #50262	@ 0xc456
    1f04:	ed940b00 	vldr	d0, [r4]
    1f08:	e5946008 	ldr	r6, [r4, #8]
    1f0c:	ec510a10 	vmov	r0, r1, s0, s1
    1f10:	e1a02000 	mov	r2, r0
    1f14:	e1a03001 	mov	r3, r1
    1f18:	e1a00a21 	lsr	r0, r1, #20
    1f1c:	e3a01000 	mov	r1, #0
    1f20:	e3a0cc07 	mov	ip, #1792	@ 0x700
    1f24:	e38cc0ff 	orr	ip, ip, #255	@ 0xff
    1f28:	e000000c 	and	r0, r0, ip
    1f2c:	e1a01000 	mov	r1, r0
    1f30:	e3a0cc07 	mov	ip, #1792	@ 0x700
    1f34:	e38cc0ff 	orr	ip, ip, #255	@ 0xff
    1f38:	e150000c 	cmp	r0, ip
    1f3c:	0a000037 	beq	0x2020
    1f40:	e3510000 	cmp	r1, #0
    1f44:	1a000026 	bne	0x1fe4
    1f48:	e3a0c000 	mov	ip, #0
    1f4c:	ec4cca11 	vmov	s2, s3, ip, ip
    1f50:	eeb40b41 	vcmp.f64	d0, d1
    1f54:	eef1fa10 	vmrs	APSR_nzcv, fpscr
    1f58:	1a000001 	bne	0x1f64
    1f5c:	e3a00000 	mov	r0, #0
    1f60:	ea000016 	b	0x1fc0
    1f64:	e3a0c000 	mov	ip, #0
    1f68:	e3a0e204 	mov	lr, #4, 4	@ 0x40000000
    1f6c:	e38ee63f 	orr	lr, lr, #66060288	@ 0x3f00000
    1f70:	ec4eca11 	vmov	s2, s3, ip, lr
    1f74:	ee202b01 	vmul.f64	d2, d0, d1
    1f78:	ed842b0f 	vstr	d2, [r4, #60]	@ 0x3c
    1f7c:	e5846008 	str	r6, [r4, #8]
    1f80:	e59f0238 	ldr	r0, [pc, #568]	@ 0x21c0
    1f84:	e1a01004 	mov	r1, r4
    1f88:	e59d2000 	ldr	r2, [sp]
    1f8c:	e59fc230 	ldr	ip, [pc, #560]	@ 0x21c4
    1f90:	e12fff3c 	blx	ip
    1f94:	e3500000 	cmp	r0, #0
    1f98:	1a000029 	bne	0x2044
    1f9c:	ed941b0f 	vldr	d1, [r4, #60]	@ 0x3c
    1fa0:	eeb00b41 	vmov.f64	d0, d1
    1fa4:	e1a09006 	mov	r9, r6
    1fa8:	e5958030 	ldr	r8, [r5, #48]	@ 0x30
    1fac:	e59fc164 	ldr	ip, [pc, #356]	@ 0x2118
    1fb0:	e159000c 	cmp	r9, ip
    1fb4:	8a00001f 	bhi	0x2038
    1fb8:	e7e789f4 			@ <UNDEFINED> instruction: 0xe7e789f4
    1fbc:	e2470040 	sub	r0, r7, #64	@ 0x40
    1fc0:	e1a08006 	mov	r8, r6
    1fc4:	e5957030 	ldr	r7, [r5, #48]	@ 0x30
    1fc8:	e59fc148 	ldr	ip, [pc, #328]	@ 0x2118
    1fcc:	e158000c 	cmp	r8, ip
    1fd0:	8a000018 	bhi	0x2038
    1fd4:	e7d078f4 			@ <UNDEFINED> instruction: 0xe7d078f4
    1fd8:	ed840b00 	vstr	d0, [r4]
    1fdc:	e59f01e4 	ldr	r0, [pc, #484]	@ 0x21c8
    1fe0:	ea000012 	b	0x2030
    1fe4:	e2411c03 	sub	r1, r1, #768	@ 0x300
    1fe8:	e24110fe 	sub	r1, r1, #254	@ 0xfe
    1fec:	e5950030 	ldr	r0, [r5, #48]	@ 0x30
    1ff0:	e59fc120 	ldr	ip, [pc, #288]	@ 0x2118
    1ff4:	e156000c 	cmp	r6, ip
    1ff8:	8a00000e 	bhi	0x2038
    1ffc:	e7d106f4 			@ <UNDEFINED> instruction: 0xe7d106f4
    2000:	e3c22000 	bic	r2, r2, #0
    2004:	e3e0c207 	mvn	ip, #1879048192	@ 0x70000000
    2008:	e3ccc6ff 	bic	ip, ip, #267386880	@ 0xff00000
    200c:	e003300c 	and	r3, r3, ip
    2010:	e3822000 	orr	r2, r2, #0
    2014:	e3833203 	orr	r3, r3, #805306368	@ 0x30000000
    2018:	e38336fe 	orr	r3, r3, #266338304	@ 0xfe00000
    201c:	ec432a10 	vmov	s0, s1, r2, r3
    2020:	ed840b00 	vstr	d0, [r4]
    2024:	e59f01a0 	ldr	r0, [pc, #416]	@ 0x21cc
    2028:	e30ccabc 	movw	ip, #51900	@ 0xcabc
    202c:	e34ccdef 	movt	ip, #52719	@ 0xcdef
    2030:	e28dd004 	add	sp, sp, #4
    2034:	e8bd83c0 	pop	{r6, r7, r8, r9, pc}
    2038:	e3a00008 	mov	r0, #8
    203c:	e59d1000 	ldr	r1, [sp]
    2040:	e5810010 	str	r0, [r1, #16]
    2044:	e59d0000 	ldr	r0, [sp]
    2048:	e59d1014 	ldr	r1, [sp, #20]
    204c:	e59fc17c 	ldr	ip, [pc, #380]	@ 0x21d0
    2050:	e12fff3c 	blx	ip
    2054:	e28dd004 	add	sp, sp, #4
    2058:	e8bd03c0 	pop	{r6, r7, r8, r9}
    205c:	e28dd004 	add	sp, sp, #4
    2060:	e12fff10 	bx	r0
    2064:	e92d4fc0 	push	{r6, r7, r8, r9, sl, fp, lr}
    2068:	e24dd004 	sub	sp, sp, #4
    206c:	e58d0000 	str	r0, [sp]
    2070:	e30cc123 	movw	ip, #49443	@ 0xc123
    2074:	e34cc456 	movt	ip, #50262	@ 0xc456
    2078:	e5946000 	ldr	r6, [r4]
    207c:	e5947004 	ldr	r7, [r4, #4]
    2080:	e5948008 	ldr	r8, [r4, #8]
    2084:	e1a02008 	mov	r2, r8
    2088:	e5951030 	ldr	r1, [r5, #48]	@ 0x30
    208c:	e59fe084 	ldr	lr, [pc, #132]	@ 0x2118
    2090:	e7f2e1f0 	udf	#11792	@ 0x2e10
    2094:	2a0000c4 	bcs	0x23ac
    2098:	e7e012f4 			@ <UNDEFINED> instruction: 0xe7e012f4
    209c:	e1a01000 	mov	r1, r0
    20a0:	e3500000 	cmp	r0, #0
    20a4:	1a000011 	bne	0x20f0
    20a8:	e3a09000 	mov	r9, #0
    20ac:	e5848008 	str	r8, [r4, #8]
    20b0:	e59f011c 	ldr	r0, [pc, #284]	@ 0x21d4
    20b4:	e1a01004 	mov	r1, r4
    20b8:	e59d2000 	ldr	r2, [sp]
    20bc:	e59fc114 	ldr	ip, [pc, #276]	@ 0x21d8
    20c0:	e12fff3c 	blx	ip
    20c4:	e3500000 	cmp	r0, #0
    20c8:	1a0000ba 	bne	0x23b8
    20cc:	e5940024 	ldr	r0, [r4, #36]	@ 0x24
    20d0:	e3500000 	cmp	r0, #0
    20d4:	1a0000ad 	bne	0x2390
    20d8:	e1a02008 	mov	r2, r8
    20dc:	e5950030 	ldr	r0, [r5, #48]	@ 0x30
    20e0:	e59fe030 	ldr	lr, [pc, #48]	@ 0x2118
    20e4:	e7f2e1f0 	udf	#11792	@ 0x2e10
    20e8:	2a0000af 	bcs	0x23ac
    20ec:	e7e102f4 			@ <UNDEFINED> instruction: 0xe7e102f4
    20f0:	e1a03008 	mov	r3, r8
    20f4:	e5952030 	ldr	r2, [r5, #48]	@ 0x30
    20f8:	e59fe018 	ldr	lr, [pc, #24]	@ 0x2118
    20fc:	e7f3e1f4 	udf	#15892	@ 0x3e14
    2100:	2a0000a9 	bcs	0x23ac
    2104:	ea000034 	b	0x21dc
	...
    2118:	0101fffc 	strdeq	pc, [r1, -ip]
    211c:	003fab30 	eorseq	sl, pc, r0, lsr fp	@ <UNPREDICTABLE>
    2120:	00048004 	andeq	r8, r4, r4
    2124:	01010101 	tsteq	r1, r1, lsl #2
    2128:	0101fff8 	strdeq	pc, [r1, -r8]
    212c:	003fb4a8 	eorseq	fp, pc, r8, lsr #9
    2130:	00048004 	andeq	r8, r4, r4
    2134:	003f6b50 	eorseq	r6, pc, r0, asr fp	@ <UNPREDICTABLE>
    2138:	0004890c 	andeq	r8, r4, ip, lsl #18
    213c:	003f6b68 	eorseq	r6, pc, r8, ror #22
    2140:	00048004 	andeq	r8, r4, r4
    2144:	003f29e4 	eorseq	r2, pc, r4, ror #19
    2148:	0004890c 	andeq	r8, r4, ip, lsl #18
    214c:	003f2a10 	eorseq	r2, pc, r0, lsl sl	@ <UNPREDICTABLE>
    2150:	0004890c 	andeq	r8, r4, ip, lsl #18
    2154:	003f2a4c 	eorseq	r2, pc, ip, asr #20
    2158:	0004890c 	andeq	r8, r4, ip, lsl #18
    215c:	003f2a68 	eorseq	r2, pc, r8, ror #20
    2160:	0004890c 	andeq	r8, r4, ip, lsl #18
    2164:	003f2a84 	eorseq	r2, pc, r4, lsl #21
    2168:	0004890c 	andeq	r8, r4, ip, lsl #18
    216c:	003f2a9c 	mlaseq	pc, ip, sl, r2	@ <UNPREDICTABLE>
    2170:	00048004 	andeq	r8, r4, r4
    2174:	003fabd0 	ldrsbteq	sl, [pc], -r0
    2178:	0004890c 	andeq	r8, r4, ip, lsl #18
    217c:	003fac1c 	eorseq	sl, pc, ip, lsl ip	@ <UNPREDICTABLE>
    2180:	00048c48 	andeq	r8, r4, r8, asr #24
    2184:	003fac98 	mlaseq	pc, r8, ip, sl	@ <UNPREDICTABLE>
    2188:	00048c48 	andeq	r8, r4, r8, asr #24
    218c:	00048004 	andeq	r8, r4, r4
    2190:	003f71d4 	ldrsbteq	r7, [pc], -r4
    2194:	003f723c 	eorseq	r7, pc, ip, lsr r2	@ <UNPREDICTABLE>
    2198:	00048004 	andeq	r8, r4, r4
    219c:	01010100 	mrseq	r0, (UNDEF: 17)
    21a0:	80808080 	addhi	r8, r0, r0, lsl #1
    21a4:	003fbe94 	mlaseq	pc, r4, lr, fp	@ <UNPREDICTABLE>
    21a8:	003fbecc 	eorseq	fp, pc, ip, asr #29
    21ac:	00048004 	andeq	r8, r4, r4
    21b0:	003f1ecc 	eorseq	r1, pc, ip, asr #29
    21b4:	0004890c 	andeq	r8, r4, ip, lsl #18
    21b8:	003f1f0c 	eorseq	r1, pc, ip, lsl #30
    21bc:	00048004 	andeq	r8, r4, r4
    21c0:	003f9684 	eorseq	r9, pc, r4, lsl #13
    21c4:	0004890c 	andeq	r8, r4, ip, lsl #18
    21c8:	003f96c8 	eorseq	r9, pc, r8, asr #13
    21cc:	003f9734 	eorseq	r9, pc, r4, lsr r7	@ <UNPREDICTABLE>
    21d0:	00048004 	andeq	r8, r4, r4
    21d4:	003fc854 	eorseq	ip, pc, r4, asr r8	@ <UNPREDICTABLE>
    21d8:	0004890c 	andeq	r8, r4, ip, lsl #18
    21dc:	e7e023f4 			@ <UNDEFINED> instruction: 0xe7e023f4
    21e0:	e1a02000 	mov	r2, r0
    21e4:	e0411000 	sub	r1, r1, r0
    21e8:	e1570001 	cmp	r7, r1
    21ec:	9a000015 	bls	0x2248
    21f0:	e1a03008 	mov	r3, r8
    21f4:	e5951030 	ldr	r1, [r5, #48]	@ 0x30
    21f8:	e59fefd8 	ldr	lr, [pc, #4056]	@ 0x31d8
    21fc:	e7f3e2f4 	udf	#15908	@ 0x3e24
    2200:	2a000069 	bcs	0x23ac
    2204:	e7e013f4 			@ <UNDEFINED> instruction: 0xe7e013f4
    2208:	e5848008 	str	r8, [r4, #8]
    220c:	e5846000 	str	r6, [r4]
    2210:	e5847004 	str	r7, [r4, #4]
    2214:	e5840030 	str	r0, [r4, #48]	@ 0x30
    2218:	e3a009ff 	mov	r0, #4177920	@ 0x3fc000
    221c:	e3800e8c 	orr	r0, r0, #140, 28	@ 0x8c0
    2220:	e1a01004 	mov	r1, r4
    2224:	e59d2000 	ldr	r2, [sp]
    2228:	e59fcfac 	ldr	ip, [pc, #4012]	@ 0x31dc
    222c:	e12fff3c 	blx	ip
    2230:	e3500000 	cmp	r0, #0
    2234:	1a00005f 	bne	0x23b8
    2238:	e5940024 	ldr	r0, [r4, #36]	@ 0x24
    223c:	e5840024 	str	r0, [r4, #36]	@ 0x24
    2240:	e59f0f98 	ldr	r0, [pc, #3992]	@ 0x31e0
    2244:	ea000056 	b	0x23a4
    2248:	e1a03008 	mov	r3, r8
    224c:	e5951030 	ldr	r1, [r5, #48]	@ 0x30
    2250:	e59fef80 	ldr	lr, [pc, #3968]	@ 0x31d8
    2254:	e7f3e5f0 	udf	#15952	@ 0x3e50
    2258:	2a000053 	bcs	0x23ac
    225c:	e7e013f4 			@ <UNDEFINED> instruction: 0xe7e013f4
    2260:	e3500000 	cmp	r0, #0
    2264:	ba000030 	blt	0x232c
    2268:	e3570000 	cmp	r7, #0
    226c:	0a00002e 	beq	0x232c
    2270:	e1a0a007 	mov	sl, r7
    2274:	e086000a 	add	r0, r6, sl
    2278:	e1a0b000 	mov	fp, r0
    227c:	e2400001 	sub	r0, r0, #1
    2280:	e1a03000 	mov	r3, r0
    2284:	e5951030 	ldr	r1, [r5, #48]	@ 0x30
    2288:	e3e0c4fe 	mvn	ip, #-33554432	@ 0xfe000000
    228c:	e3ccc8fe 	bic	ip, ip, #16646144	@ 0xfe0000
    2290:	e153000c 	cmp	r3, ip
    2294:	8a000044 	bhi	0x23ac
    2298:	e7e013f0 			@ <UNDEFINED> instruction: 0xe7e013f0
    229c:	e350000a 	cmp	r0, #10
    22a0:	0a000004 	beq	0x22b8
    22a4:	e24a0001 	sub	r0, sl, #1
    22a8:	e1a0a000 	mov	sl, r0
    22ac:	e3500000 	cmp	r0, #0
    22b0:	0a00001d 	beq	0x232c
    22b4:	eaffffee 	b	0x2274
    22b8:	e1a03008 	mov	r3, r8
    22bc:	e5951030 	ldr	r1, [r5, #48]	@ 0x30
    22c0:	e59fef10 	ldr	lr, [pc, #3856]	@ 0x31d8
    22c4:	e7f3e2f4 	udf	#15908	@ 0x3e24
    22c8:	2a000037 	bcs	0x23ac
    22cc:	e7e013f4 			@ <UNDEFINED> instruction: 0xe7e013f4
    22d0:	e5848008 	str	r8, [r4, #8]
    22d4:	e5846000 	str	r6, [r4]
    22d8:	e584a00c 	str	sl, [r4, #12]
    22dc:	e5840030 	str	r0, [r4, #48]	@ 0x30
    22e0:	e59f0efc 	ldr	r0, [pc, #3836]	@ 0x31e4
    22e4:	e1a01004 	mov	r1, r4
    22e8:	e59d2000 	ldr	r2, [sp]
    22ec:	e59fcef4 	ldr	ip, [pc, #3828]	@ 0x31e8
    22f0:	e12fff3c 	blx	ip
    22f4:	e3500000 	cmp	r0, #0
    22f8:	1a00002e 	bne	0x23b8
    22fc:	e5940024 	ldr	r0, [r4, #36]	@ 0x24
    2300:	e1a09000 	mov	r9, r0
    2304:	e150000a 	cmp	r0, sl
    2308:	3a000020 	bcc	0x2390
    230c:	e047700a 	sub	r7, r7, sl
    2310:	e1a01008 	mov	r1, r8
    2314:	e5950030 	ldr	r0, [r5, #48]	@ 0x30
    2318:	e59feeb8 	ldr	lr, [pc, #3768]	@ 0x31d8
    231c:	e7f1e1f4 	udf	#7700	@ 0x1e14
    2320:	2a000021 	bcs	0x23ac
    2324:	e7e201f4 			@ <UNDEFINED> instruction: 0xe7e201f4
    2328:	ea000001 	b	0x2334
    232c:	e1a0b006 	mov	fp, r6
    2330:	e3a0a000 	mov	sl, #0
    2334:	e5842010 	str	r2, [r4, #16]
    2338:	e584b014 	str	fp, [r4, #20]
    233c:	e5847004 	str	r7, [r4, #4]
    2340:	e59f0ea4 	ldr	r0, [pc, #3748]	@ 0x31ec
    2344:	e1a01004 	mov	r1, r4
    2348:	e59d2000 	ldr	r2, [sp]
    234c:	e59fce9c 	ldr	ip, [pc, #3740]	@ 0x31f0
    2350:	e12fff3c 	blx	ip
    2354:	e3500000 	cmp	r0, #0
    2358:	1a000016 	bne	0x23b8
    235c:	e1a02008 	mov	r2, r8
    2360:	e5951030 	ldr	r1, [r5, #48]	@ 0x30
    2364:	e59fee6c 	ldr	lr, [pc, #3692]	@ 0x31d8
    2368:	e7f2e1f4 	udf	#11796	@ 0x2e14
    236c:	2a00000e 	bcs	0x23ac
    2370:	e7e012f4 			@ <UNDEFINED> instruction: 0xe7e012f4
    2374:	e0800007 	add	r0, r0, r7
    2378:	e5951030 	ldr	r1, [r5, #48]	@ 0x30
    237c:	e59fee54 	ldr	lr, [pc, #3668]	@ 0x31d8
    2380:	e7f8e1f4 	udf	#36372	@ 0x8e14
    2384:	2a000008 	bcs	0x23ac
    2388:	e7d018f4 			@ <UNDEFINED> instruction: 0xe7d018f4
    238c:	e08a9007 	add	r9, sl, r7
    2390:	e5849010 	str	r9, [r4, #16]
    2394:	e3a009ff 	mov	r0, #4177920	@ 0x3fc000
    2398:	e3800ea5 	orr	r0, r0, #2640	@ 0xa50
    239c:	e30ccabc 	movw	ip, #51900	@ 0xcabc
    23a0:	e34ccdef 	movt	ip, #52719	@ 0xcdef
    23a4:	e28dd004 	add	sp, sp, #4
    23a8:	e8bd8fc0 	pop	{r6, r7, r8, r9, sl, fp, pc}
    23ac:	e3a00008 	mov	r0, #8
    23b0:	e59d1000 	ldr	r1, [sp]
    23b4:	e5810010 	str	r0, [r1, #16]
    23b8:	e59d0000 	ldr	r0, [sp]
    23bc:	e59d101c 	ldr	r1, [sp, #28]
    23c0:	e59fce2c 	ldr	ip, [pc, #3628]	@ 0x31f4
    23c4:	e12fff3c 	blx	ip
    23c8:	e28dd004 	add	sp, sp, #4
    23cc:	e8bd0fc0 	pop	{r6, r7, r8, r9, sl, fp}
    23d0:	e28dd004 	add	sp, sp, #4
    23d4:	e12fff10 	bx	r0
    23d8:	e92d4fc0 	push	{r6, r7, r8, r9, sl, fp, lr}
    23dc:	e24dd004 	sub	sp, sp, #4
    23e0:	e58d0000 	str	r0, [sp]
    23e4:	e30cc123 	movw	ip, #49443	@ 0xc123
    23e8:	e34cc456 	movt	ip, #50262	@ 0xc456
    23ec:	e5947004 	ldr	r7, [r4, #4]
    23f0:	e5940008 	ldr	r0, [r4, #8]
    23f4:	e594800c 	ldr	r8, [r4, #12]
    23f8:	e5949010 	ldr	r9, [r4, #16]
    23fc:	e595e03c 	ldr	lr, [r5, #60]	@ 0x3c
    2400:	e59e1008 	ldr	r1, [lr, #8]
    2404:	e24110d0 	sub	r1, r1, #208	@ 0xd0
    2408:	e5841014 	str	r1, [r4, #20]
    240c:	e595203c 	ldr	r2, [r5, #60]	@ 0x3c
    2410:	e5821008 	str	r1, [r2, #8]
    2414:	e5942014 	ldr	r2, [r4, #20]
    2418:	e5951030 	ldr	r1, [r5, #48]	@ 0x30
    241c:	e59fedb4 	ldr	lr, [pc, #3508]	@ 0x31d8
    2420:	e7f2ecfc 	udf	#11980	@ 0x2ecc
    2424:	2a00010d 	bcs	0x2860
    2428:	e7d012f4 			@ <UNDEFINED> instruction: 0xe7d012f4
    242c:	e594c014 	ldr	ip, [r4, #20]
    2430:	e28c00a0 	add	r0, ip, #160	@ 0xa0
    2434:	e3a01000 	mov	r1, #0
    2438:	e3a02028 	mov	r2, #40	@ 0x28
    243c:	e5953028 	ldr	r3, [r5, #40]	@ 0x28
    2440:	e59fcdb0 	ldr	ip, [pc, #3504]	@ 0x31f8
    2444:	e12fff3c 	blx	ip
    2448:	e3500000 	cmp	r0, #0
    244c:	1a000104 	bne	0x2864
    2450:	e5942014 	ldr	r2, [r4, #20]
    2454:	e5951030 	ldr	r1, [r5, #48]	@ 0x30
    2458:	e59fed78 	ldr	lr, [pc, #3448]	@ 0x31d8
    245c:	e7f2ecfc 	udf	#11980	@ 0x2ecc
    2460:	2a0000fe 	bcs	0x2860
    2464:	e7e012f4 			@ <UNDEFINED> instruction: 0xe7e012f4
    2468:	e5942014 	ldr	r2, [r4, #20]
    246c:	e5951030 	ldr	r1, [r5, #48]	@ 0x30
    2470:	e59fed60 	ldr	lr, [pc, #3424]	@ 0x31d8
    2474:	e7f2ecf8 	udf	#11976	@ 0x2ec8
    2478:	2a0000f8 	bcs	0x2860
    247c:	e7d012f4 			@ <UNDEFINED> instruction: 0xe7d012f4
    2480:	e594c014 	ldr	ip, [r4, #20]
    2484:	e28c00c8 	add	r0, ip, #200	@ 0xc8
    2488:	e594c014 	ldr	ip, [r4, #20]
    248c:	e28c1050 	add	r1, ip, #80	@ 0x50
    2490:	e594c014 	ldr	ip, [r4, #20]
    2494:	e28c20a0 	add	r2, ip, #160	@ 0xa0
    2498:	e3a0e000 	mov	lr, #0
    249c:	e584e024 	str	lr, [r4, #36]	@ 0x24
    24a0:	e5847004 	str	r7, [r4, #4]
    24a4:	e5840044 	str	r0, [r4, #68]	@ 0x44
    24a8:	e5841048 	str	r1, [r4, #72]	@ 0x48
    24ac:	e584204c 	str	r2, [r4, #76]	@ 0x4c
    24b0:	e584800c 	str	r8, [r4, #12]
    24b4:	e5849010 	str	r9, [r4, #16]
    24b8:	e59f0d3c 	ldr	r0, [pc, #3388]	@ 0x31fc
    24bc:	e1a01004 	mov	r1, r4
    24c0:	e59d2000 	ldr	r2, [sp]
    24c4:	e59fcd34 	ldr	ip, [pc, #3380]	@ 0x3200
    24c8:	e12fff3c 	blx	ip
    24cc:	e3500000 	cmp	r0, #0
    24d0:	1a0000e5 	bne	0x286c
    24d4:	e594003c 	ldr	r0, [r4, #60]	@ 0x3c
    24d8:	e3500000 	cmp	r0, #0
    24dc:	aa000002 	bge	0x24ec
    24e0:	e3e0e000 	mvn	lr, #0
    24e4:	e584e010 	str	lr, [r4, #16]
    24e8:	ea0000d3 	b	0x283c
    24ec:	e5942000 	ldr	r2, [r4]
    24f0:	e5951030 	ldr	r1, [r5, #48]	@ 0x30
    24f4:	e59fecdc 	ldr	lr, [pc, #3292]	@ 0x31d8
    24f8:	e7f2e4fc 	udf	#11852	@ 0x2e4c
    24fc:	2a0000d7 	bcs	0x2860
    2500:	e7e012f4 			@ <UNDEFINED> instruction: 0xe7e012f4
    2504:	e3500000 	cmp	r0, #0
    2508:	aa000002 	bge	0x2518
    250c:	e3a0e001 	mov	lr, #1
    2510:	e584e018 	str	lr, [r4, #24]
    2514:	ea00000b 	b	0x2548
    2518:	e59f0ce4 	ldr	r0, [pc, #3300]	@ 0x3204
    251c:	e1a01004 	mov	r1, r4
    2520:	e59d2000 	ldr	r2, [sp]
    2524:	e59fccdc 	ldr	ip, [pc, #3292]	@ 0x3208
    2528:	e12fff3c 	blx	ip
    252c:	e3500000 	cmp	r0, #0
    2530:	1a0000cd 	bne	0x286c
    2534:	e594003c 	ldr	r0, [r4, #60]	@ 0x3c
    2538:	e3500000 	cmp	r0, #0
    253c:	e3a0c000 	mov	ip, #0
    2540:	03a0c001 	moveq	ip, #1
    2544:	e584c018 	str	ip, [r4, #24]
    2548:	e5942000 	ldr	r2, [r4]
    254c:	e5951030 	ldr	r1, [r5, #48]	@ 0x30
    2550:	e59fcc80 	ldr	ip, [pc, #3200]	@ 0x31d8
    2554:	e152000c 	cmp	r2, ip
    2558:	8a0000c0 	bhi	0x2860
    255c:	e7e012f4 			@ <UNDEFINED> instruction: 0xe7e012f4
    2560:	e1a0a000 	mov	sl, r0
    2564:	e3c00020 	bic	r0, r0, #32
    2568:	e5942000 	ldr	r2, [r4]
    256c:	e5951030 	ldr	r1, [r5, #48]	@ 0x30
    2570:	e59fcc60 	ldr	ip, [pc, #3168]	@ 0x31d8
    2574:	e152000c 	cmp	r2, ip
    2578:	8a0000b8 	bhi	0x2860
    257c:	e7d012f4 			@ <UNDEFINED> instruction: 0xe7d012f4
    2580:	e5942000 	ldr	r2, [r4]
    2584:	e5951030 	ldr	r1, [r5, #48]	@ 0x30
    2588:	e59fec48 	ldr	lr, [pc, #3144]	@ 0x31d8
    258c:	e7f2e3f0 	udf	#11824	@ 0x2e30
    2590:	2a0000b2 	bcs	0x2860
    2594:	e7e012f4 			@ <UNDEFINED> instruction: 0xe7e012f4
    2598:	e3500000 	cmp	r0, #0
    259c:	1a000025 	bne	0x2638
    25a0:	e5941000 	ldr	r1, [r4]
    25a4:	e5950030 	ldr	r0, [r5, #48]	@ 0x30
    25a8:	e59fec28 	ldr	lr, [pc, #3112]	@ 0x31d8
    25ac:	e7f1e3f0 	udf	#7728	@ 0x1e30
    25b0:	2a0000aa 	bcs	0x2860
    25b4:	e3a02050 	mov	r2, #80	@ 0x50
    25b8:	e7d201f4 			@ <UNDEFINED> instruction: 0xe7d201f4
    25bc:	e5941000 	ldr	r1, [r4]
    25c0:	e5950030 	ldr	r0, [r5, #48]	@ 0x30
    25c4:	e59fec0c 	ldr	lr, [pc, #3084]	@ 0x31d8
    25c8:	e7f1e1fc 	udf	#7708	@ 0x1e1c
    25cc:	2a0000a3 	bcs	0x2860
    25d0:	e3a02000 	mov	r2, #0
    25d4:	e7d201f4 			@ <UNDEFINED> instruction: 0xe7d201f4
    25d8:	e5941000 	ldr	r1, [r4]
    25dc:	e5950030 	ldr	r0, [r5, #48]	@ 0x30
    25e0:	e59fec24 	ldr	lr, [pc, #3108]	@ 0x320c
    25e4:	e7f1e1f0 	udf	#7696	@ 0x1e10
    25e8:	2a00009c 	bcs	0x2860
    25ec:	e0800001 	add	r0, r0, r1
    25f0:	e3a01000 	mov	r1, #0
    25f4:	e3a02000 	mov	r2, #0
    25f8:	e5802000 	str	r2, [r0]
    25fc:	e5801004 	str	r1, [r0, #4]
    2600:	e5941000 	ldr	r1, [r4]
    2604:	e5950030 	ldr	r0, [r5, #48]	@ 0x30
    2608:	e59febc8 	ldr	lr, [pc, #3016]	@ 0x31d8
    260c:	e7f1e2fc 	udf	#7724	@ 0x1e2c
    2610:	2a000092 	bcs	0x2860
    2614:	e7e601f4 			@ <UNDEFINED> instruction: 0xe7e601f4
    2618:	e5941000 	ldr	r1, [r4]
    261c:	e5950030 	ldr	r0, [r5, #48]	@ 0x30
    2620:	e5942014 	ldr	r2, [r4, #20]
    2624:	e59febac 	ldr	lr, [pc, #2988]	@ 0x31d8
    2628:	e7f1e2fc 	udf	#7724	@ 0x1e2c
    262c:	2a00008b 	bcs	0x2860
    2630:	e7d201f4 			@ <UNDEFINED> instruction: 0xe7d201f4
    2634:	ea000008 	b	0x265c
    2638:	e3a06000 	mov	r6, #0
    263c:	e5942000 	ldr	r2, [r4]
    2640:	e5951030 	ldr	r1, [r5, #48]	@ 0x30
    2644:	e59feb8c 	ldr	lr, [pc, #2956]	@ 0x31d8
    2648:	e7f2e1f0 	udf	#11792	@ 0x2e10
    264c:	2a000083 	bcs	0x2860
    2650:	e7e012f4 			@ <UNDEFINED> instruction: 0xe7e012f4
    2654:	e3500000 	cmp	r0, #0
    2658:	1a00000a 	bne	0x2688
    265c:	e3e0b000 	mvn	fp, #0
    2660:	e59f0ba8 	ldr	r0, [pc, #2984]	@ 0x3210
    2664:	e1a01004 	mov	r1, r4
    2668:	e59d2000 	ldr	r2, [sp]
    266c:	e59fcba0 	ldr	ip, [pc, #2976]	@ 0x3214
    2670:	e12fff3c 	blx	ip
    2674:	e3500000 	cmp	r0, #0
    2678:	1a00007b 	bne	0x286c
    267c:	e594003c 	ldr	r0, [r4, #60]	@ 0x3c
    2680:	e3500000 	cmp	r0, #0
    2684:	1a000014 	bne	0x26dc
    2688:	e594c014 	ldr	ip, [r4, #20]
    268c:	e28c00c8 	add	r0, ip, #200	@ 0xc8
    2690:	e594c014 	ldr	ip, [r4, #20]
    2694:	e28c1050 	add	r1, ip, #80	@ 0x50
    2698:	e594c014 	ldr	ip, [r4, #20]
    269c:	e28c20a0 	add	r2, ip, #160	@ 0xa0
    26a0:	e5847004 	str	r7, [r4, #4]
    26a4:	e5840044 	str	r0, [r4, #68]	@ 0x44
    26a8:	e5841048 	str	r1, [r4, #72]	@ 0x48
    26ac:	e584204c 	str	r2, [r4, #76]	@ 0x4c
    26b0:	e584800c 	str	r8, [r4, #12]
    26b4:	e5849010 	str	r9, [r4, #16]
    26b8:	e59f0b58 	ldr	r0, [pc, #2904]	@ 0x3218
    26bc:	e1a01004 	mov	r1, r4
    26c0:	e59d2000 	ldr	r2, [sp]
    26c4:	e59fcb50 	ldr	ip, [pc, #2896]	@ 0x321c
    26c8:	e12fff3c 	blx	ip
    26cc:	e3500000 	cmp	r0, #0
    26d0:	1a000065 	bne	0x286c
    26d4:	e594003c 	ldr	r0, [r4, #60]	@ 0x3c
    26d8:	e1a0b000 	mov	fp, r0
    26dc:	e20aa020 	and	sl, sl, #32
    26e0:	e3560000 	cmp	r6, #0
    26e4:	0a000037 	beq	0x27c8
    26e8:	e5942000 	ldr	r2, [r4]
    26ec:	e5951030 	ldr	r1, [r5, #48]	@ 0x30
    26f0:	e59feae0 	ldr	lr, [pc, #2784]	@ 0x31d8
    26f4:	e7f2e2f4 	udf	#11812	@ 0x2e24
    26f8:	2a000058 	bcs	0x2860
    26fc:	e7e012f4 			@ <UNDEFINED> instruction: 0xe7e012f4
    2700:	e3a0e000 	mov	lr, #0
    2704:	e584e024 	str	lr, [r4, #36]	@ 0x24
    2708:	e3a0e000 	mov	lr, #0
    270c:	e584e024 	str	lr, [r4, #36]	@ 0x24
    2710:	e5840048 	str	r0, [r4, #72]	@ 0x48
    2714:	e59f0b04 	ldr	r0, [pc, #2820]	@ 0x3220
    2718:	e1a01004 	mov	r1, r4
    271c:	e59d2000 	ldr	r2, [sp]
    2720:	e59fcafc 	ldr	ip, [pc, #2812]	@ 0x3224
    2724:	e12fff3c 	blx	ip
    2728:	e3500000 	cmp	r0, #0
    272c:	1a00004e 	bne	0x286c
    2730:	e5941000 	ldr	r1, [r4]
    2734:	e5950030 	ldr	r0, [r5, #48]	@ 0x30
    2738:	e59fea98 	ldr	lr, [pc, #2712]	@ 0x31d8
    273c:	e7f1e3f0 	udf	#7728	@ 0x1e30
    2740:	2a000046 	bcs	0x2860
    2744:	e3a02000 	mov	r2, #0
    2748:	e7d201f4 			@ <UNDEFINED> instruction: 0xe7d201f4
    274c:	e5941000 	ldr	r1, [r4]
    2750:	e5950030 	ldr	r0, [r5, #48]	@ 0x30
    2754:	e59fea7c 	ldr	lr, [pc, #2684]	@ 0x31d8
    2758:	e7f1e2fc 	udf	#7724	@ 0x1e2c
    275c:	2a00003f 	bcs	0x2860
    2760:	e7d601f4 			@ <UNDEFINED> instruction: 0xe7d601f4
    2764:	e5941000 	ldr	r1, [r4]
    2768:	e5950030 	ldr	r0, [r5, #48]	@ 0x30
    276c:	e59fea64 	ldr	lr, [pc, #2660]	@ 0x31d8
    2770:	e7f1e1fc 	udf	#7708	@ 0x1e1c
    2774:	2a000039 	bcs	0x2860
    2778:	e3a02000 	mov	r2, #0
    277c:	e7d201f4 			@ <UNDEFINED> instruction: 0xe7d201f4
    2780:	e5942000 	ldr	r2, [r4]
    2784:	e5951030 	ldr	r1, [r5, #48]	@ 0x30
    2788:	e59fea48 	ldr	lr, [pc, #2632]	@ 0x31d8
    278c:	e7f2e1f4 	udf	#11796	@ 0x2e14
    2790:	2a000032 	bcs	0x2860
    2794:	e7e012f4 			@ <UNDEFINED> instruction: 0xe7e012f4
    2798:	e5942000 	ldr	r2, [r4]
    279c:	e5951030 	ldr	r1, [r5, #48]	@ 0x30
    27a0:	e59fea64 	ldr	lr, [pc, #2660]	@ 0x320c
    27a4:	e7f2e1f0 	udf	#11792	@ 0x2e10
    27a8:	2a00002c 	bcs	0x2860
    27ac:	e0811002 	add	r1, r1, r2
    27b0:	e3a02000 	mov	r2, #0
    27b4:	e3a03000 	mov	r3, #0
    27b8:	e5813000 	str	r3, [r1]
    27bc:	e5812004 	str	r2, [r1, #4]
    27c0:	e3500000 	cmp	r0, #0
    27c4:	03e0b000 	mvneq	fp, #0
    27c8:	e5942000 	ldr	r2, [r4]
    27cc:	e5951030 	ldr	r1, [r5, #48]	@ 0x30
    27d0:	e59fca00 	ldr	ip, [pc, #2560]	@ 0x31d8
    27d4:	e152000c 	cmp	r2, ip
    27d8:	8a000020 	bhi	0x2860
    27dc:	e7e012f4 			@ <UNDEFINED> instruction: 0xe7e012f4
    27e0:	e1a01000 	mov	r1, r0
    27e4:	e180000a 	orr	r0, r0, sl
    27e8:	e5943000 	ldr	r3, [r4]
    27ec:	e5952030 	ldr	r2, [r5, #48]	@ 0x30
    27f0:	e59fc9e0 	ldr	ip, [pc, #2528]	@ 0x31d8
    27f4:	e153000c 	cmp	r3, ip
    27f8:	8a000018 	bhi	0x2860
    27fc:	e7d023f4 			@ <UNDEFINED> instruction: 0xe7d023f4
    2800:	e3110020 	tst	r1, #32
    2804:	e3e0e000 	mvn	lr, #0
    2808:	01a0e00b 	moveq	lr, fp
    280c:	e584e010 	str	lr, [r4, #16]
    2810:	e594c018 	ldr	ip, [r4, #24]
    2814:	e35c0000 	cmp	ip, #0
    2818:	1a000007 	bne	0x283c
    281c:	e3a009ff 	mov	r0, #4177920	@ 0x3fc000
    2820:	e3800d46 	orr	r0, r0, #4480	@ 0x1180
    2824:	e1a01004 	mov	r1, r4
    2828:	e59d2000 	ldr	r2, [sp]
    282c:	e59fc9f4 	ldr	ip, [pc, #2548]	@ 0x3228
    2830:	e12fff3c 	blx	ip
    2834:	e3500000 	cmp	r0, #0
    2838:	1a00000b 	bne	0x286c
    283c:	e594c014 	ldr	ip, [r4, #20]
    2840:	e28c00d0 	add	r0, ip, #208	@ 0xd0
    2844:	e595103c 	ldr	r1, [r5, #60]	@ 0x3c
    2848:	e5810008 	str	r0, [r1, #8]
    284c:	e59f09d8 	ldr	r0, [pc, #2520]	@ 0x322c
    2850:	e30ccabc 	movw	ip, #51900	@ 0xcabc
    2854:	e34ccdef 	movt	ip, #52719	@ 0xcdef
    2858:	e28dd004 	add	sp, sp, #4
    285c:	e8bd8fc0 	pop	{r6, r7, r8, r9, sl, fp, pc}
    2860:	e3a00008 	mov	r0, #8
    2864:	e59d1000 	ldr	r1, [sp]
    2868:	e5810010 	str	r0, [r1, #16]
    286c:	e59d0000 	ldr	r0, [sp]
    2870:	e59d101c 	ldr	r1, [sp, #28]
    2874:	e59fc9b4 	ldr	ip, [pc, #2484]	@ 0x3230
    2878:	e12fff3c 	blx	ip
    287c:	e28dd004 	add	sp, sp, #4
    2880:	e8bd0fc0 	pop	{r6, r7, r8, r9, sl, fp}
    2884:	e28dd004 	add	sp, sp, #4
    2888:	e12fff10 	bx	r0
    288c:	e92d4fc0 	push	{r6, r7, r8, r9, sl, fp, lr}
    2890:	e24dd004 	sub	sp, sp, #4
    2894:	e58d0000 	str	r0, [sp]
    2898:	e30cc123 	movw	ip, #49443	@ 0xc123
    289c:	e34cc456 	movt	ip, #50262	@ 0xc456
    28a0:	e595e03c 	ldr	lr, [r5, #60]	@ 0x3c
    28a4:	e59e0008 	ldr	r0, [lr, #8]
    28a8:	e2400040 	sub	r0, r0, #64	@ 0x40
    28ac:	e584001c 	str	r0, [r4, #28]
    28b0:	e595103c 	ldr	r1, [r5, #60]	@ 0x3c
    28b4:	e5810008 	str	r0, [r1, #8]
    28b8:	e594101c 	ldr	r1, [r4, #28]
    28bc:	e5950030 	ldr	r0, [r5, #48]	@ 0x30
    28c0:	e5942004 	ldr	r2, [r4, #4]
    28c4:	e59fe90c 	ldr	lr, [pc, #2316]	@ 0x31d8
    28c8:	e7f1e3fc 	udf	#7740	@ 0x1e3c
    28cc:	2a0005b5 	bcs	0x3fa8
    28d0:	e7d201f4 			@ <UNDEFINED> instruction: 0xe7d201f4
    28d4:	e594c01c 	ldr	ip, [r4, #28]
    28d8:	e28ce029 	add	lr, ip, #41	@ 0x29
    28dc:	e584e020 	str	lr, [r4, #32]
    28e0:	e594c01c 	ldr	ip, [r4, #28]
    28e4:	e28ce027 	add	lr, ip, #39	@ 0x27
    28e8:	e584e024 	str	lr, [r4, #36]	@ 0x24
    28ec:	e594c01c 	ldr	ip, [r4, #28]
    28f0:	e28ce028 	add	lr, ip, #40	@ 0x28
    28f4:	e584e028 	str	lr, [r4, #40]	@ 0x28
    28f8:	e3a0e000 	mov	lr, #0
    28fc:	e584e02c 	str	lr, [r4, #44]	@ 0x2c
    2900:	e3a0e000 	mov	lr, #0
    2904:	e584e030 	str	lr, [r4, #48]	@ 0x30
    2908:	e3a0e000 	mov	lr, #0
    290c:	e584e034 	str	lr, [r4, #52]	@ 0x34
    2910:	e594e004 	ldr	lr, [r4, #4]
    2914:	e584e038 	str	lr, [r4, #56]	@ 0x38
    2918:	e594c030 	ldr	ip, [r4, #48]	@ 0x30
    291c:	e3e0e480 	mvn	lr, #128, 8	@ 0x80000000
    2920:	e02c000e 	eor	r0, ip, lr
    2924:	e594c034 	ldr	ip, [r4, #52]	@ 0x34
    2928:	e15c0000 	cmp	ip, r0
    292c:	ca000582 	bgt	0x3f3c
    2930:	e594e030 	ldr	lr, [r4, #48]	@ 0x30
    2934:	e594c034 	ldr	ip, [r4, #52]	@ 0x34
    2938:	e08ce00e 	add	lr, ip, lr
    293c:	e584e030 	str	lr, [r4, #48]	@ 0x30
    2940:	e594e038 	ldr	lr, [r4, #56]	@ 0x38
    2944:	e584e034 	str	lr, [r4, #52]	@ 0x34
    2948:	e5943038 	ldr	r3, [r4, #56]	@ 0x38
    294c:	e5952030 	ldr	r2, [r5, #48]	@ 0x30
    2950:	e3e0c4fe 	mvn	ip, #-33554432	@ 0xfe000000
    2954:	e3ccc8fe 	bic	ip, ip, #16646144	@ 0xfe0000
    2958:	e153000c 	cmp	r3, ip
    295c:	8a000591 	bhi	0x3fa8
    2960:	e7e123f0 			@ <UNDEFINED> instruction: 0xe7e123f0
    2964:	e584103c 	str	r1, [r4, #60]	@ 0x3c
    2968:	e3510000 	cmp	r1, #0
    296c:	0a0004ba 	beq	0x3c5c
    2970:	e594c03c 	ldr	ip, [r4, #60]	@ 0x3c
    2974:	e20c10ff 	and	r1, ip, #255	@ 0xff
    2978:	e1a03001 	mov	r3, r1
    297c:	e3510000 	cmp	r1, #0
    2980:	1a000002 	bne	0x2990
    2984:	e594e034 	ldr	lr, [r4, #52]	@ 0x34
    2988:	e584e004 	str	lr, [r4, #4]
    298c:	ea00001c 	b	0x2a04
    2990:	e3530025 	cmp	r3, #37	@ 0x25
    2994:	1a0004a4 	bne	0x3c2c
    2998:	e5941034 	ldr	r1, [r4, #52]	@ 0x34
    299c:	e1a08001 	mov	r8, r1
    29a0:	e5957030 	ldr	r7, [r5, #48]	@ 0x30
    29a4:	e3e0e4fe 	mvn	lr, #-33554432	@ 0xfe000000
    29a8:	e3cee8fe 	bic	lr, lr, #16646144	@ 0xfe0000
    29ac:	e7f8e0f1 	udf	#36353	@ 0x8e01
    29b0:	2a00057c 	bcs	0x3fa8
    29b4:	e7e378f0 			@ <UNDEFINED> instruction: 0xe7e378f0
    29b8:	e3530025 	cmp	r3, #37	@ 0x25
    29bc:	0a000001 	beq	0x29c8
    29c0:	e5841004 	str	r1, [r4, #4]
    29c4:	ea00000e 	b	0x2a04
    29c8:	e594c034 	ldr	ip, [r4, #52]	@ 0x34
    29cc:	e28ce001 	add	lr, ip, #1
    29d0:	e584e034 	str	lr, [r4, #52]	@ 0x34
    29d4:	e1a08001 	mov	r8, r1
    29d8:	e5957030 	ldr	r7, [r5, #48]	@ 0x30
    29dc:	e3e0e4fe 	mvn	lr, #-33554432	@ 0xfe000000
    29e0:	e3cee8fe 	bic	lr, lr, #16646144	@ 0xfe0000
    29e4:	e7f8e0f2 	udf	#36354	@ 0x8e02
    29e8:	2a00056e 	bcs	0x3fa8
    29ec:	e7e378f0 			@ <UNDEFINED> instruction: 0xe7e378f0
    29f0:	e2817002 	add	r7, r1, #2
    29f4:	e5847004 	str	r7, [r4, #4]
    29f8:	e1a01007 	mov	r1, r7
    29fc:	e3530025 	cmp	r3, #37	@ 0x25
    2a00:	0affffe5 	beq	0x299c
    2a04:	e594e038 	ldr	lr, [r4, #56]	@ 0x38
    2a08:	e594c034 	ldr	ip, [r4, #52]	@ 0x34
    2a0c:	e04c100e 	sub	r1, ip, lr
    2a10:	e5841034 	str	r1, [r4, #52]	@ 0x34
    2a14:	e594c030 	ldr	ip, [r4, #48]	@ 0x30
    2a18:	e3e0e480 	mvn	lr, #128, 8	@ 0x80000000
    2a1c:	e02c300e 	eor	r3, ip, lr
    2a20:	e584303c 	str	r3, [r4, #60]	@ 0x3c
    2a24:	e1510003 	cmp	r1, r3
    2a28:	ca000543 	bgt	0x3f3c
    2a2c:	e594c000 	ldr	ip, [r4]
    2a30:	e35c0000 	cmp	ip, #0
    2a34:	0a000006 	beq	0x2a54
    2a38:	e59f07f4 	ldr	r0, [pc, #2036]	@ 0x3234
    2a3c:	e1a01004 	mov	r1, r4
    2a40:	e59d2000 	ldr	r2, [sp]
    2a44:	e59fc7ec 	ldr	ip, [pc, #2028]	@ 0x3238
    2a48:	e12fff3c 	blx	ip
    2a4c:	e3500000 	cmp	r0, #0
    2a50:	1a000557 	bne	0x3fb4
    2a54:	e594c034 	ldr	ip, [r4, #52]	@ 0x34
    2a58:	e35c0000 	cmp	ip, #0
    2a5c:	1affffab 	bne	0x2910
    2a60:	e594301c 	ldr	r3, [r4, #28]
    2a64:	e5951030 	ldr	r1, [r5, #48]	@ 0x30
    2a68:	e5948004 	ldr	r8, [r4, #4]
    2a6c:	e59fe764 	ldr	lr, [pc, #1892]	@ 0x31d8
    2a70:	e7f3e3fc 	udf	#15932	@ 0x3e3c
    2a74:	2a00054b 	bcs	0x3fa8
    2a78:	e7d813f4 			@ <UNDEFINED> instruction: 0xe7d813f4
    2a7c:	e594c004 	ldr	ip, [r4, #4]
    2a80:	e28c1001 	add	r1, ip, #1
    2a84:	e3e08000 	mvn	r8, #0
    2a88:	e594a004 	ldr	sl, [r4, #4]
    2a8c:	e5959030 	ldr	r9, [r5, #48]	@ 0x30
    2a90:	e3e0e4fe 	mvn	lr, #-33554432	@ 0xfe000000
    2a94:	e3cee8fe 	bic	lr, lr, #16646144	@ 0xfe0000
    2a98:	e7fae0f1 	udf	#44545	@ 0xae01
    2a9c:	2a000541 	bcs	0x3fa8
    2aa0:	e7e39af1 			@ <UNDEFINED> instruction: 0xe7e39af1
    2aa4:	e2433030 	sub	r3, r3, #48	@ 0x30
    2aa8:	e1a09003 	mov	r9, r3
    2aac:	e3530009 	cmp	r3, #9
    2ab0:	8a00000d 	bhi	0x2aec
    2ab4:	e594b004 	ldr	fp, [r4, #4]
    2ab8:	e595a030 	ldr	sl, [r5, #48]	@ 0x30
    2abc:	e3e0e4fe 	mvn	lr, #-33554432	@ 0xfe000000
    2ac0:	e3cee8fe 	bic	lr, lr, #16646144	@ 0xfe0000
    2ac4:	e7fbe0f2 	udf	#48642	@ 0xbe02
    2ac8:	2a000536 	bcs	0x3fa8
    2acc:	e7e3abf0 			@ <UNDEFINED> instruction: 0xe7e3abf0
    2ad0:	e3530024 	cmp	r3, #36	@ 0x24
    2ad4:	1a000004 	bne	0x2aec
    2ad8:	e594c004 	ldr	ip, [r4, #4]
    2adc:	e28c1003 	add	r1, ip, #3
    2ae0:	e3a0e001 	mov	lr, #1
    2ae4:	e584e02c 	str	lr, [r4, #44]	@ 0x2c
    2ae8:	e1a08009 	mov	r8, r9
    2aec:	e594901c 	ldr	r9, [r4, #28]
    2af0:	e5953030 	ldr	r3, [r5, #48]	@ 0x30
    2af4:	e59fe6dc 	ldr	lr, [pc, #1756]	@ 0x31d8
    2af8:	e7f9e3fc 	udf	#40508	@ 0x9e3c
    2afc:	2a000529 	bcs	0x3fa8
    2b00:	e7d139f4 			@ <UNDEFINED> instruction: 0xe7d139f4
    2b04:	e3a09000 	mov	r9, #0
    2b08:	e1a0b001 	mov	fp, r1
    2b0c:	e595a030 	ldr	sl, [r5, #48]	@ 0x30
    2b10:	e3e0c4fe 	mvn	ip, #-33554432	@ 0xfe000000
    2b14:	e3ccc8fe 	bic	ip, ip, #16646144	@ 0xfe0000
    2b18:	e15b000c 	cmp	fp, ip
    2b1c:	8a000521 	bhi	0x3fa8
    2b20:	e7e3abf1 			@ <UNDEFINED> instruction: 0xe7e3abf1
    2b24:	e1a0a003 	mov	sl, r3
    2b28:	e2433020 	sub	r3, r3, #32
    2b2c:	e1a0b003 	mov	fp, r3
    2b30:	e353001f 	cmp	r3, #31
    2b34:	9a000001 	bls	0x2b40
    2b38:	e1a03001 	mov	r3, r1
    2b3c:	ea000027 	b	0x2be0
    2b40:	e3a09000 	mov	r9, #0
    2b44:	e1a03001 	mov	r3, r1
    2b48:	e3a0c001 	mov	ip, #1
    2b4c:	e20be01f 	and	lr, fp, #31
    2b50:	e1a0be1c 	lsl	fp, ip, lr
    2b54:	e1a0600b 	mov	r6, fp
    2b58:	e3a0cb4a 	mov	ip, #75776	@ 0x12800
    2b5c:	e38cc089 	orr	ip, ip, #137	@ 0x89
    2b60:	e11b000c 	tst	fp, ip
    2b64:	0a00001d 	beq	0x2be0
    2b68:	e281b001 	add	fp, r1, #1
    2b6c:	e1a0300b 	mov	r3, fp
    2b70:	e594001c 	ldr	r0, [r4, #28]
    2b74:	e5957030 	ldr	r7, [r5, #48]	@ 0x30
    2b78:	e59fe658 	ldr	lr, [pc, #1624]	@ 0x31d8
    2b7c:	e7f0e3fc 	udf	#3644	@ 0xe3c
    2b80:	2a000508 	bcs	0x3fa8
    2b84:	e7db70f4 			@ <UNDEFINED> instruction: 0xe7db70f4
    2b88:	e1869009 	orr	r9, r6, r9
    2b8c:	e1a0b001 	mov	fp, r1
    2b90:	e5957030 	ldr	r7, [r5, #48]	@ 0x30
    2b94:	e3e0e4fe 	mvn	lr, #-33554432	@ 0xfe000000
    2b98:	e3cee8fe 	bic	lr, lr, #16646144	@ 0xfe0000
    2b9c:	e7fbe0f1 	udf	#48641	@ 0xbe01
    2ba0:	2a000500 	bcs	0x3fa8
    2ba4:	e7e07bf1 			@ <UNDEFINED> instruction: 0xe7e07bf1
    2ba8:	e1a0a000 	mov	sl, r0
    2bac:	e2400020 	sub	r0, r0, #32
    2bb0:	e1a07000 	mov	r7, r0
    2bb4:	e3500020 	cmp	r0, #32
    2bb8:	2a000008 	bcs	0x2be0
    2bbc:	e1a01003 	mov	r1, r3
    2bc0:	e3a0c001 	mov	ip, #1
    2bc4:	e207e01f 	and	lr, r7, #31
    2bc8:	e1a07e1c 	lsl	r7, ip, lr
    2bcc:	e1a06007 	mov	r6, r7
    2bd0:	e3a0cb4a 	mov	ip, #75776	@ 0x12800
    2bd4:	e38cc089 	orr	ip, ip, #137	@ 0x89
    2bd8:	e117000c 	tst	r7, ip
    2bdc:	1affffe1 	bne	0x2b68
    2be0:	e35a002a 	cmp	sl, #42	@ 0x2a
    2be4:	1a000069 	bne	0x2d90
    2be8:	e1a06003 	mov	r6, r3
    2bec:	e5951030 	ldr	r1, [r5, #48]	@ 0x30
    2bf0:	e3e0e4fe 	mvn	lr, #-33554432	@ 0xfe000000
    2bf4:	e3cee8fe 	bic	lr, lr, #16646144	@ 0xfe0000
    2bf8:	e7f6e0f1 	udf	#28161	@ 0x6e01
    2bfc:	2a0004e9 	bcs	0x3fa8
    2c00:	e7e016f1 			@ <UNDEFINED> instruction: 0xe7e016f1
    2c04:	e2400030 	sub	r0, r0, #48	@ 0x30
    2c08:	e1a01000 	mov	r1, r0
    2c0c:	e3500009 	cmp	r0, #9
    2c10:	8a000025 	bhi	0x2cac
    2c14:	e1a07003 	mov	r7, r3
    2c18:	e5956030 	ldr	r6, [r5, #48]	@ 0x30
    2c1c:	e3e0e4fe 	mvn	lr, #-33554432	@ 0xfe000000
    2c20:	e3cee8fe 	bic	lr, lr, #16646144	@ 0xfe0000
    2c24:	e7f7e0f2 	udf	#32258	@ 0x7e02
    2c28:	2a0004de 	bcs	0x3fa8
    2c2c:	e7e067f0 			@ <UNDEFINED> instruction: 0xe7e067f0
    2c30:	e3500024 	cmp	r0, #36	@ 0x24
    2c34:	1a00001c 	bne	0x2cac
    2c38:	e594c000 	ldr	ip, [r4]
    2c3c:	e35c0000 	cmp	ip, #0
    2c40:	1a00000b 	bne	0x2c74
    2c44:	e1a00101 	lsl	r0, r1, #2
    2c48:	e594c010 	ldr	ip, [r4, #16]
    2c4c:	e08c0000 	add	r0, ip, r0
    2c50:	e5956030 	ldr	r6, [r5, #48]	@ 0x30
    2c54:	e59fc57c 	ldr	ip, [pc, #1404]	@ 0x31d8
    2c58:	e150000c 	cmp	r0, ip
    2c5c:	8a0004d1 	bhi	0x3fa8
    2c60:	e3a0700a 	mov	r7, #10
    2c64:	e7d760f4 			@ <UNDEFINED> instruction: 0xe7d760f4
    2c68:	e3a0e000 	mov	lr, #0
    2c6c:	e584e050 	str	lr, [r4, #80]	@ 0x50
    2c70:	ea000008 	b	0x2c98
    2c74:	e1a01181 	lsl	r1, r1, #3
    2c78:	e594c00c 	ldr	ip, [r4, #12]
    2c7c:	e08c1001 	add	r1, ip, r1
    2c80:	e5950030 	ldr	r0, [r5, #48]	@ 0x30
    2c84:	e59fc54c 	ldr	ip, [pc, #1356]	@ 0x31d8
    2c88:	e151000c 	cmp	r1, ip
    2c8c:	8a0004c5 	bhi	0x3fa8
    2c90:	e7ee01f4 			@ <UNDEFINED> instruction: 0xe7ee01f4
    2c94:	e584e050 	str	lr, [r4, #80]	@ 0x50
    2c98:	e283e003 	add	lr, r3, #3
    2c9c:	e584e004 	str	lr, [r4, #4]
    2ca0:	e3a0e001 	mov	lr, #1
    2ca4:	e584e02c 	str	lr, [r4, #44]	@ 0x2c
    2ca8:	ea000029 	b	0x2d54
    2cac:	e594c02c 	ldr	ip, [r4, #44]	@ 0x2c
    2cb0:	e35c0000 	cmp	ip, #0
    2cb4:	1a000425 	bne	0x3d50
    2cb8:	e283e001 	add	lr, r3, #1
    2cbc:	e584e004 	str	lr, [r4, #4]
    2cc0:	e594c000 	ldr	ip, [r4]
    2cc4:	e35c0000 	cmp	ip, #0
    2cc8:	1a00000b 	bne	0x2cfc
    2ccc:	e594101c 	ldr	r1, [r4, #28]
    2cd0:	e5950030 	ldr	r0, [r5, #48]	@ 0x30
    2cd4:	e5943004 	ldr	r3, [r4, #4]
    2cd8:	e59fe4f8 	ldr	lr, [pc, #1272]	@ 0x31d8
    2cdc:	e7f1e3fc 	udf	#7740	@ 0x1e3c
    2ce0:	2a0004b0 	bcs	0x3fa8
    2ce4:	e7d301f4 			@ <UNDEFINED> instruction: 0xe7d301f4
    2ce8:	e3a0e000 	mov	lr, #0
    2cec:	e584e02c 	str	lr, [r4, #44]	@ 0x2c
    2cf0:	e3a0e000 	mov	lr, #0
    2cf4:	e584e050 	str	lr, [r4, #80]	@ 0x50
    2cf8:	ea000039 	b	0x2de4
    2cfc:	e5943008 	ldr	r3, [r4, #8]
    2d00:	e5951030 	ldr	r1, [r5, #48]	@ 0x30
    2d04:	e59fc4cc 	ldr	ip, [pc, #1228]	@ 0x31d8
    2d08:	e153000c 	cmp	r3, ip
    2d0c:	8a0004a5 	bhi	0x3fa8
    2d10:	e7e013f4 			@ <UNDEFINED> instruction: 0xe7e013f4
    2d14:	e1a01000 	mov	r1, r0
    2d18:	e2800004 	add	r0, r0, #4
    2d1c:	e5947008 	ldr	r7, [r4, #8]
    2d20:	e5953030 	ldr	r3, [r5, #48]	@ 0x30
    2d24:	e59fc4ac 	ldr	ip, [pc, #1196]	@ 0x31d8
    2d28:	e157000c 	cmp	r7, ip
    2d2c:	8a00049d 	bhi	0x3fa8
    2d30:	e7d037f4 			@ <UNDEFINED> instruction: 0xe7d037f4
    2d34:	e5950030 	ldr	r0, [r5, #48]	@ 0x30
    2d38:	e59fc498 	ldr	ip, [pc, #1176]	@ 0x31d8
    2d3c:	e151000c 	cmp	r1, ip
    2d40:	8a000498 	bhi	0x3fa8
    2d44:	e7ee01f4 			@ <UNDEFINED> instruction: 0xe7ee01f4
    2d48:	e584e050 	str	lr, [r4, #80]	@ 0x50
    2d4c:	e3a0e000 	mov	lr, #0
    2d50:	e584e02c 	str	lr, [r4, #44]	@ 0x2c
    2d54:	e594101c 	ldr	r1, [r4, #28]
    2d58:	e5950030 	ldr	r0, [r5, #48]	@ 0x30
    2d5c:	e5943004 	ldr	r3, [r4, #4]
    2d60:	e59fe470 	ldr	lr, [pc, #1136]	@ 0x31d8
    2d64:	e7f1e3fc 	udf	#7740	@ 0x1e3c
    2d68:	2a00048e 	bcs	0x3fa8
    2d6c:	e7d301f4 			@ <UNDEFINED> instruction: 0xe7d301f4
    2d70:	e594c050 	ldr	ip, [r4, #80]	@ 0x50
    2d74:	e37c0001 	cmn	ip, #1
    2d78:	ca000019 	bgt	0x2de4
    2d7c:	e594c050 	ldr	ip, [r4, #80]	@ 0x50
    2d80:	e26ce000 	rsb	lr, ip, #0
    2d84:	e584e050 	str	lr, [r4, #80]	@ 0x50
    2d88:	e3899d80 	orr	r9, r9, #128, 26	@ 0x2000
    2d8c:	ea000014 	b	0x2de4
    2d90:	e594c01c 	ldr	ip, [r4, #28]
    2d94:	e28c003c 	add	r0, ip, #60	@ 0x3c
    2d98:	e5840088 	str	r0, [r4, #136]	@ 0x88
    2d9c:	e59f0498 	ldr	r0, [pc, #1176]	@ 0x323c
    2da0:	e1a01004 	mov	r1, r4
    2da4:	e59d2000 	ldr	r2, [sp]
    2da8:	e59fc490 	ldr	ip, [pc, #1168]	@ 0x3240
    2dac:	e12fff3c 	blx	ip
    2db0:	e3500000 	cmp	r0, #0
    2db4:	1a00047e 	bne	0x3fb4
    2db8:	e5940088 	ldr	r0, [r4, #136]	@ 0x88
    2dbc:	e5840050 	str	r0, [r4, #80]	@ 0x50
    2dc0:	e3500000 	cmp	r0, #0
    2dc4:	ba00045c 	blt	0x3f3c
    2dc8:	e594101c 	ldr	r1, [r4, #28]
    2dcc:	e5950030 	ldr	r0, [r5, #48]	@ 0x30
    2dd0:	e59fe400 	ldr	lr, [pc, #1024]	@ 0x31d8
    2dd4:	e7f1e3fc 	udf	#7740	@ 0x1e3c
    2dd8:	2a000472 	bcs	0x3fa8
    2ddc:	e7ee01f4 			@ <UNDEFINED> instruction: 0xe7ee01f4
    2de0:	e584e004 	str	lr, [r4, #4]
    2de4:	e3a07000 	mov	r7, #0
    2de8:	e3e0e000 	mvn	lr, #0
    2dec:	e584e054 	str	lr, [r4, #84]	@ 0x54
    2df0:	e5943004 	ldr	r3, [r4, #4]
    2df4:	e5951030 	ldr	r1, [r5, #48]	@ 0x30
    2df8:	e3e0c4fe 	mvn	ip, #-33554432	@ 0xfe000000
    2dfc:	e3ccc8fe 	bic	ip, ip, #16646144	@ 0xfe0000
    2e00:	e153000c 	cmp	r3, ip
    2e04:	8a000467 	bhi	0x3fa8
    2e08:	e7e013f0 			@ <UNDEFINED> instruction: 0xe7e013f0
    2e0c:	e350002e 	cmp	r0, #46	@ 0x2e
    2e10:	0a000001 	beq	0x2e1c
    2e14:	e3a0b000 	mov	fp, #0
    2e18:	ea000080 	b	0x3020
    2e1c:	e5943004 	ldr	r3, [r4, #4]
    2e20:	e5951030 	ldr	r1, [r5, #48]	@ 0x30
    2e24:	e3e0e4fe 	mvn	lr, #-33554432	@ 0xfe000000
    2e28:	e3cee8fe 	bic	lr, lr, #16646144	@ 0xfe0000
    2e2c:	e7f3e0f1 	udf	#15873	@ 0x3e01
    2e30:	2a00045c 	bcs	0x3fa8
    2e34:	e7e013f0 			@ <UNDEFINED> instruction: 0xe7e013f0
    2e38:	e350002a 	cmp	r0, #42	@ 0x2a
    2e3c:	1a00005b 	bne	0x2fb0
    2e40:	e5943004 	ldr	r3, [r4, #4]
    2e44:	e5951030 	ldr	r1, [r5, #48]	@ 0x30
    2e48:	e3e0e4fe 	mvn	lr, #-33554432	@ 0xfe000000
    2e4c:	e3cee8fe 	bic	lr, lr, #16646144	@ 0xfe0000
    2e50:	e7f3e0f2 	udf	#15874	@ 0x3e02
    2e54:	2a000453 	bcs	0x3fa8
    2e58:	e7e013f1 			@ <UNDEFINED> instruction: 0xe7e013f1
    2e5c:	e2400030 	sub	r0, r0, #48	@ 0x30
    2e60:	e1a01000 	mov	r1, r0
    2e64:	e3500009 	cmp	r0, #9
    2e68:	8a000024 	bhi	0x2f00
    2e6c:	e5946004 	ldr	r6, [r4, #4]
    2e70:	e5953030 	ldr	r3, [r5, #48]	@ 0x30
    2e74:	e3e0e4fe 	mvn	lr, #-33554432	@ 0xfe000000
    2e78:	e3cee8fe 	bic	lr, lr, #16646144	@ 0xfe0000
    2e7c:	e7f6e0f3 	udf	#28163	@ 0x6e03
    2e80:	2a000448 	bcs	0x3fa8
    2e84:	e7e036f0 			@ <UNDEFINED> instruction: 0xe7e036f0
    2e88:	e3500024 	cmp	r0, #36	@ 0x24
    2e8c:	1a00001b 	bne	0x2f00
    2e90:	e594c000 	ldr	ip, [r4]
    2e94:	e35c0000 	cmp	ip, #0
    2e98:	1a00000b 	bne	0x2ecc
    2e9c:	e1a00101 	lsl	r0, r1, #2
    2ea0:	e594c010 	ldr	ip, [r4, #16]
    2ea4:	e08c0000 	add	r0, ip, r0
    2ea8:	e5953030 	ldr	r3, [r5, #48]	@ 0x30
    2eac:	e59fc324 	ldr	ip, [pc, #804]	@ 0x31d8
    2eb0:	e150000c 	cmp	r0, ip
    2eb4:	8a00043b 	bhi	0x3fa8
    2eb8:	e3a0600a 	mov	r6, #10
    2ebc:	e7d630f4 			@ <UNDEFINED> instruction: 0xe7d630f4
    2ec0:	e3a0e000 	mov	lr, #0
    2ec4:	e584e054 	str	lr, [r4, #84]	@ 0x54
    2ec8:	ea000008 	b	0x2ef0
    2ecc:	e1a01181 	lsl	r1, r1, #3
    2ed0:	e594c00c 	ldr	ip, [r4, #12]
    2ed4:	e08c1001 	add	r1, ip, r1
    2ed8:	e5950030 	ldr	r0, [r5, #48]	@ 0x30
    2edc:	e59fc2f4 	ldr	ip, [pc, #756]	@ 0x31d8
    2ee0:	e151000c 	cmp	r1, ip
    2ee4:	8a00042f 	bhi	0x3fa8
    2ee8:	e7ee01f4 			@ <UNDEFINED> instruction: 0xe7ee01f4
    2eec:	e584e054 	str	lr, [r4, #84]	@ 0x54
    2ef0:	e594c004 	ldr	ip, [r4, #4]
    2ef4:	e28ce004 	add	lr, ip, #4
    2ef8:	e584e004 	str	lr, [r4, #4]
    2efc:	ea00001f 	b	0x2f80
    2f00:	e594c02c 	ldr	ip, [r4, #44]	@ 0x2c
    2f04:	e35c0000 	cmp	ip, #0
    2f08:	1a000390 	bne	0x3d50
    2f0c:	e594c004 	ldr	ip, [r4, #4]
    2f10:	e28ce002 	add	lr, ip, #2
    2f14:	e584e004 	str	lr, [r4, #4]
    2f18:	e594c000 	ldr	ip, [r4]
    2f1c:	e35c0000 	cmp	ip, #0
    2f20:	1a000002 	bne	0x2f30
    2f24:	e3a0e000 	mov	lr, #0
    2f28:	e584e054 	str	lr, [r4, #84]	@ 0x54
    2f2c:	ea000013 	b	0x2f80
    2f30:	e5943008 	ldr	r3, [r4, #8]
    2f34:	e5951030 	ldr	r1, [r5, #48]	@ 0x30
    2f38:	e59fc298 	ldr	ip, [pc, #664]	@ 0x31d8
    2f3c:	e153000c 	cmp	r3, ip
    2f40:	8a000418 	bhi	0x3fa8
    2f44:	e7e013f4 			@ <UNDEFINED> instruction: 0xe7e013f4
    2f48:	e1a01000 	mov	r1, r0
    2f4c:	e2800004 	add	r0, r0, #4
    2f50:	e5946008 	ldr	r6, [r4, #8]
    2f54:	e5953030 	ldr	r3, [r5, #48]	@ 0x30
    2f58:	e59fc278 	ldr	ip, [pc, #632]	@ 0x31d8
    2f5c:	e156000c 	cmp	r6, ip
    2f60:	8a000410 	bhi	0x3fa8
    2f64:	e7d036f4 			@ <UNDEFINED> instruction: 0xe7d036f4
    2f68:	e5950030 	ldr	r0, [r5, #48]	@ 0x30
    2f6c:	e59fc264 	ldr	ip, [pc, #612]	@ 0x31d8
    2f70:	e151000c 	cmp	r1, ip
    2f74:	8a00040b 	bhi	0x3fa8
    2f78:	e7ee01f4 			@ <UNDEFINED> instruction: 0xe7ee01f4
    2f7c:	e584e054 	str	lr, [r4, #84]	@ 0x54
    2f80:	e594101c 	ldr	r1, [r4, #28]
    2f84:	e5950030 	ldr	r0, [r5, #48]	@ 0x30
    2f88:	e5943004 	ldr	r3, [r4, #4]
    2f8c:	e59fe244 	ldr	lr, [pc, #580]	@ 0x31d8
    2f90:	e7f1e3fc 	udf	#7740	@ 0x1e3c
    2f94:	2a000403 	bcs	0x3fa8
    2f98:	e7d301f4 			@ <UNDEFINED> instruction: 0xe7d301f4
    2f9c:	e594c054 	ldr	ip, [r4, #84]	@ 0x54
    2fa0:	e37c0001 	cmn	ip, #1
    2fa4:	e3a0b000 	mov	fp, #0
    2fa8:	c3a0b001 	movgt	fp, #1
    2fac:	ea00001b 	b	0x3020
    2fb0:	e594c004 	ldr	ip, [r4, #4]
    2fb4:	e28c0001 	add	r0, ip, #1
    2fb8:	e594301c 	ldr	r3, [r4, #28]
    2fbc:	e5951030 	ldr	r1, [r5, #48]	@ 0x30
    2fc0:	e59fe210 	ldr	lr, [pc, #528]	@ 0x31d8
    2fc4:	e7f3e3fc 	udf	#15932	@ 0x3e3c
    2fc8:	2a0003f6 	bcs	0x3fa8
    2fcc:	e7d013f4 			@ <UNDEFINED> instruction: 0xe7d013f4
    2fd0:	e3a0b001 	mov	fp, #1
    2fd4:	e594c01c 	ldr	ip, [r4, #28]
    2fd8:	e28c003c 	add	r0, ip, #60	@ 0x3c
    2fdc:	e5840088 	str	r0, [r4, #136]	@ 0x88
    2fe0:	e59f025c 	ldr	r0, [pc, #604]	@ 0x3244
    2fe4:	e1a01004 	mov	r1, r4
    2fe8:	e59d2000 	ldr	r2, [sp]
    2fec:	e59fc254 	ldr	ip, [pc, #596]	@ 0x3248
    2ff0:	e12fff3c 	blx	ip
    2ff4:	e3500000 	cmp	r0, #0
    2ff8:	1a0003ed 	bne	0x3fb4
    2ffc:	e5940088 	ldr	r0, [r4, #136]	@ 0x88
    3000:	e5840054 	str	r0, [r4, #84]	@ 0x54
    3004:	e594101c 	ldr	r1, [r4, #28]
    3008:	e5950030 	ldr	r0, [r5, #48]	@ 0x30
    300c:	e59fe1c4 	ldr	lr, [pc, #452]	@ 0x31d8
    3010:	e7f1e3fc 	udf	#7740	@ 0x1e3c
    3014:	2a0003e3 	bcs	0x3fa8
    3018:	e7ee01f4 			@ <UNDEFINED> instruction: 0xe7ee01f4
    301c:	e584e004 	str	lr, [r4, #4]
    3020:	e1a06007 	mov	r6, r7
    3024:	e3a0e01c 	mov	lr, #28
    3028:	e584e05c 	str	lr, [r4, #92]	@ 0x5c
    302c:	e594a004 	ldr	sl, [r4, #4]
    3030:	e5943004 	ldr	r3, [r4, #4]
    3034:	e5951030 	ldr	r1, [r5, #48]	@ 0x30
    3038:	e3e0c4fe 	mvn	ip, #-33554432	@ 0xfe000000
    303c:	e3ccc8fe 	bic	ip, ip, #16646144	@ 0xfe0000
    3040:	e153000c 	cmp	r3, ip
    3044:	8a0003d7 	bhi	0x3fa8
    3048:	e7e013f1 			@ <UNDEFINED> instruction: 0xe7e013f1
    304c:	e1a01000 	mov	r1, r0
    3050:	e240007b 	sub	r0, r0, #123	@ 0x7b
    3054:	e370003a 	cmn	r0, #58	@ 0x3a
    3058:	3a0003b9 	bcc	0x3f44
    305c:	e28ae001 	add	lr, sl, #1
    3060:	e584e004 	str	lr, [r4, #4]
    3064:	e3a0c03a 	mov	ip, #58	@ 0x3a
    3068:	e0000c96 	mul	r0, r6, ip
    306c:	e0800001 	add	r0, r0, r1
    3070:	e2800b40 	add	r0, r0, #64, 22	@ 0x10000
    3074:	e28002f0 	add	r0, r0, #240, 4
    3078:	e1a03000 	mov	r3, r0
    307c:	e5951030 	ldr	r1, [r5, #48]	@ 0x30
    3080:	e3e0c4fe 	mvn	ip, #-33554432	@ 0xfe000000
    3084:	e3ccc8fe 	bic	ip, ip, #16646144	@ 0xfe0000
    3088:	e153000c 	cmp	r3, ip
    308c:	8a0003c5 	bhi	0x3fa8
    3090:	e7e013f0 			@ <UNDEFINED> instruction: 0xe7e013f0
    3094:	e1a07000 	mov	r7, r0
    3098:	e2400001 	sub	r0, r0, #1
    309c:	e20000ff 	and	r0, r0, #255	@ 0xff
    30a0:	e3500008 	cmp	r0, #8
    30a4:	3affffdd 	bcc	0x3020
    30a8:	e594101c 	ldr	r1, [r4, #28]
    30ac:	e5950030 	ldr	r0, [r5, #48]	@ 0x30
    30b0:	e5943004 	ldr	r3, [r4, #4]
    30b4:	e59fe11c 	ldr	lr, [pc, #284]	@ 0x31d8
    30b8:	e7f1e3fc 	udf	#7740	@ 0x1e3c
    30bc:	2a0003b9 	bcs	0x3fa8
    30c0:	e7d301f4 			@ <UNDEFINED> instruction: 0xe7d301f4
    30c4:	e357001b 	cmp	r7, #27
    30c8:	0a000031 	beq	0x3194
    30cc:	e3570000 	cmp	r7, #0
    30d0:	0a00039b 	beq	0x3f44
    30d4:	e3580000 	cmp	r8, #0
    30d8:	ba00001e 	blt	0x3158
    30dc:	e594c000 	ldr	ip, [r4]
    30e0:	e35c0000 	cmp	ip, #0
    30e4:	1a000008 	bne	0x310c
    30e8:	e1a00108 	lsl	r0, r8, #2
    30ec:	e594c010 	ldr	ip, [r4, #16]
    30f0:	e08c0000 	add	r0, ip, r0
    30f4:	e5951030 	ldr	r1, [r5, #48]	@ 0x30
    30f8:	e59fc0d8 	ldr	ip, [pc, #216]	@ 0x31d8
    30fc:	e150000c 	cmp	r0, ip
    3100:	8a0003a8 	bhi	0x3fa8
    3104:	e7d710f4 			@ <UNDEFINED> instruction: 0xe7d710f4
    3108:	eafffdfe 	b	0x2908
    310c:	e1a00188 	lsl	r0, r8, #3
    3110:	e594c00c 	ldr	ip, [r4, #12]
    3114:	e08c0000 	add	r0, ip, r0
    3118:	e5952030 	ldr	r2, [r5, #48]	@ 0x30
    311c:	e59fc0e8 	ldr	ip, [pc, #232]	@ 0x320c
    3120:	e150000c 	cmp	r0, ip
    3124:	8a00039f 	bhi	0x3fa8
    3128:	e082c000 	add	ip, r2, r0
    312c:	e59c1000 	ldr	r1, [ip]
    3130:	e59c3004 	ldr	r3, [ip, #4]
    3134:	e594201c 	ldr	r2, [r4, #28]
    3138:	e5950030 	ldr	r0, [r5, #48]	@ 0x30
    313c:	e59fe0c8 	ldr	lr, [pc, #200]	@ 0x320c
    3140:	e7f2e3f0 	udf	#11824	@ 0x2e30
    3144:	2a000397 	bcs	0x3fa8
    3148:	e080c002 	add	ip, r0, r2
    314c:	e58c1000 	str	r1, [ip]
    3150:	e58c3004 	str	r3, [ip, #4]
    3154:	ea000015 	b	0x31b0
    3158:	e594c000 	ldr	ip, [r4]
    315c:	e35c0000 	cmp	ip, #0
    3160:	0a000372 	beq	0x3f30
    3164:	e594c01c 	ldr	ip, [r4, #28]
    3168:	e28c0030 	add	r0, ip, #48	@ 0x30
    316c:	e5840088 	str	r0, [r4, #136]	@ 0x88
    3170:	e5847034 	str	r7, [r4, #52]	@ 0x34
    3174:	e59f00d0 	ldr	r0, [pc, #208]	@ 0x324c
    3178:	e1a01004 	mov	r1, r4
    317c:	e59d2000 	ldr	r2, [sp]
    3180:	e59fc0c8 	ldr	ip, [pc, #200]	@ 0x3250
    3184:	e12fff3c 	blx	ip
    3188:	e3500000 	cmp	r0, #0
    318c:	1a000388 	bne	0x3fb4
    3190:	ea000006 	b	0x31b0
    3194:	e3780001 	cmn	r8, #1
    3198:	ca000369 	bgt	0x3f44
    319c:	e3a0e000 	mov	lr, #0
    31a0:	e584e034 	str	lr, [r4, #52]	@ 0x34
    31a4:	e594c000 	ldr	ip, [r4]
    31a8:	e35c0000 	cmp	ip, #0
    31ac:	0afffdd7 	beq	0x2910
    31b0:	e5942000 	ldr	r2, [r4]
    31b4:	e5951030 	ldr	r1, [r5, #48]	@ 0x30
    31b8:	e3e0c4fe 	mvn	ip, #-33554432	@ 0xfe000000
    31bc:	e3ccc8fe 	bic	ip, ip, #16646144	@ 0xfe0000
    31c0:	e152000c 	cmp	r2, ip
    31c4:	8a000377 	bhi	0x3fa8
    31c8:	e7e012f0 			@ <UNDEFINED> instruction: 0xe7e012f0
    31cc:	e3100020 	tst	r0, #32
    31d0:	ea00001f 	b	0x3254
    31d4:	00000000 	andeq	r0, r0, r0
    31d8:	0101fffc 	strdeq	pc, [r1, -ip]
    31dc:	00048c48 	andeq	r8, r4, r8, asr #24
    31e0:	003fc8e4 	eorseq	ip, pc, r4, ror #17
    31e4:	003fc998 	mlaseq	pc, r8, r9, ip	@ <UNPREDICTABLE>
    31e8:	00048c48 	andeq	r8, r4, r8, asr #24
    31ec:	003fca04 	eorseq	ip, pc, r4, lsl #20
    31f0:	0004890c 	andeq	r8, r4, ip, lsl #18
    31f4:	00048004 	andeq	r8, r4, r4
    31f8:	00049a8c 	andeq	r9, r4, ip, lsl #21
    31fc:	003fcea4 	eorseq	ip, pc, r4, lsr #29
    3200:	0004890c 	andeq	r8, r4, ip, lsl #18
    3204:	003fcf24 	eorseq	ip, pc, r4, lsr #30
    3208:	0004890c 	andeq	r8, r4, ip, lsl #18
    320c:	0101fff8 	strdeq	pc, [r1, -r8]
    3210:	003fd004 	eorseq	sp, pc, r4
    3214:	0004890c 	andeq	r8, r4, ip, lsl #18
    3218:	003fd044 	eorseq	sp, pc, r4, asr #32
    321c:	0004890c 	andeq	r8, r4, ip, lsl #18
    3220:	003fd098 	mlaseq	pc, r8, r0, sp	@ <UNPREDICTABLE>
    3224:	00048c48 	andeq	r8, r4, r8, asr #24
    3228:	0004890c 	andeq	r8, r4, ip, lsl #18
    322c:	003fd1b0 	ldrhteq	sp, [pc], -r0
    3230:	00048004 	andeq	r8, r4, r4
    3234:	00403614 	subeq	r3, r0, r4, lsl r6
    3238:	0004890c 	andeq	r8, r4, ip, lsl #18
    323c:	00403b14 	subeq	r3, r0, r4, lsl fp
    3240:	0004890c 	andeq	r8, r4, ip, lsl #18
    3244:	00403de0 	subeq	r3, r0, r0, ror #27
    3248:	0004890c 	andeq	r8, r4, ip, lsl #18
    324c:	00404024 	subeq	r4, r0, r4, lsr #32
    3250:	0004890c 	andeq	r8, r4, ip, lsl #18
    3254:	1a000348 	bne	0x3f7c
    3258:	e3c90b40 	bic	r0, r9, #64, 22	@ 0x10000
    325c:	e5840060 	str	r0, [r4, #96]	@ 0x60
    3260:	e3190d80 	tst	r9, #128, 26	@ 0x2000
    3264:	e1a0e000 	mov	lr, r0
    3268:	01a0e009 	moveq	lr, r9
    326c:	e584e048 	str	lr, [r4, #72]	@ 0x48
    3270:	e3a0e000 	mov	lr, #0
    3274:	e584e044 	str	lr, [r4, #68]	@ 0x44
    3278:	e3a0eb40 	mov	lr, #64, 22	@ 0x10000
    327c:	e584e064 	str	lr, [r4, #100]	@ 0x64
    3280:	e594e028 	ldr	lr, [r4, #40]	@ 0x28
    3284:	e584e05c 	str	lr, [r4, #92]	@ 0x5c
    3288:	e1a0200a 	mov	r2, sl
    328c:	e5951030 	ldr	r1, [r5, #48]	@ 0x30
    3290:	e3e0c4fe 	mvn	ip, #-33554432	@ 0xfe000000
    3294:	e3ccc8fe 	bic	ip, ip, #16646144	@ 0xfe0000
    3298:	e152000c 	cmp	r2, ip
    329c:	8a000341 	bhi	0x3fa8
    32a0:	e7ea12f0 			@ <UNDEFINED> instruction: 0xe7ea12f0
    32a4:	e1a0100a 	mov	r1, sl
    32a8:	e6afa07a 	sxtb	sl, sl
    32ac:	e1a0200a 	mov	r2, sl
    32b0:	e3caa02c 	bic	sl, sl, #44	@ 0x2c
    32b4:	e201100f 	and	r1, r1, #15
    32b8:	e3510003 	cmp	r1, #3
    32bc:	11a0a002 	movne	sl, r2
    32c0:	e3560000 	cmp	r6, #0
    32c4:	01a0a002 	moveq	sl, r2
    32c8:	e1a0800a 	mov	r8, sl
    32cc:	e24aa058 	sub	sl, sl, #88	@ 0x58
    32d0:	e1a0e00a 	mov	lr, sl
    32d4:	e35e0021 	cmp	lr, #33	@ 0x21
    32d8:	23a0e021 	movcs	lr, #33	@ 0x21
    32dc:	e1a0e10e 	lsl	lr, lr, #2
    32e0:	e59fcf70 	ldr	ip, [pc, #3952]	@ 0x4258
    32e4:	e08ee00c 	add	lr, lr, ip
    32e8:	e59ec000 	ldr	ip, [lr]
    32ec:	e12fff1c 	bx	ip
    32f0:	e594e028 	ldr	lr, [r4, #40]	@ 0x28
    32f4:	e584e05c 	str	lr, [r4, #92]	@ 0x5c
    32f8:	e2481041 	sub	r1, r8, #65	@ 0x41
    32fc:	e1a0e001 	mov	lr, r1
    3300:	e35e0007 	cmp	lr, #7
    3304:	23a0e007 	movcs	lr, #7
    3308:	e1a0e10e 	lsl	lr, lr, #2
    330c:	e59fcf48 	ldr	ip, [pc, #3912]	@ 0x425c
    3310:	e08ee00c 	add	lr, lr, ip
    3314:	e59ec000 	ldr	ip, [lr]
    3318:	e12fff1c 	bx	ip
    331c:	e3580053 	cmp	r8, #83	@ 0x53
    3320:	0a00017b 	beq	0x3914
    3324:	ea00029c 	b	0x3d9c
    3328:	e3a0e000 	mov	lr, #0
    332c:	e584e044 	str	lr, [r4, #68]	@ 0x44
    3330:	e3a0eb40 	mov	lr, #64, 22	@ 0x10000
    3334:	e584e064 	str	lr, [r4, #100]	@ 0x64
    3338:	e594201c 	ldr	r2, [r4, #28]
    333c:	e5951030 	ldr	r1, [r5, #48]	@ 0x30
    3340:	e59fef18 	ldr	lr, [pc, #3864]	@ 0x4260
    3344:	e7f2e3f0 	udf	#11824	@ 0x2e30
    3348:	2a000316 	bcs	0x3fa8
    334c:	e081c002 	add	ip, r1, r2
    3350:	e59ca000 	ldr	sl, [ip]
    3354:	e59c9004 	ldr	r9, [ip, #4]
    3358:	ea0000f2 	b	0x3728
    335c:	e3a0e000 	mov	lr, #0
    3360:	e584e034 	str	lr, [r4, #52]	@ 0x34
    3364:	e1a0e006 	mov	lr, r6
    3368:	e35e0008 	cmp	lr, #8
    336c:	23a0e008 	movcs	lr, #8
    3370:	e1a0e10e 	lsl	lr, lr, #2
    3374:	e59fcee8 	ldr	ip, [pc, #3816]	@ 0x4264
    3378:	e08ee00c 	add	lr, lr, ip
    337c:	e59ec000 	ldr	ip, [lr]
    3380:	e12fff1c 	bx	ip
    3384:	e594301c 	ldr	r3, [r4, #28]
    3388:	e5952030 	ldr	r2, [r5, #48]	@ 0x30
    338c:	e59feed4 	ldr	lr, [pc, #3796]	@ 0x4268
    3390:	e7f3e3f0 	udf	#15920	@ 0x3e30
    3394:	2a000303 	bcs	0x3fa8
    3398:	e7e123f4 			@ <UNDEFINED> instruction: 0xe7e123f4
    339c:	e5952030 	ldr	r2, [r5, #48]	@ 0x30
    33a0:	e5943030 	ldr	r3, [r4, #48]	@ 0x30
    33a4:	e59fcebc 	ldr	ip, [pc, #3772]	@ 0x4268
    33a8:	e151000c 	cmp	r1, ip
    33ac:	8a0002fd 	bhi	0x3fa8
    33b0:	e7d321f4 			@ <UNDEFINED> instruction: 0xe7d321f4
    33b4:	eafffd55 	b	0x2910
    33b8:	e594301c 	ldr	r3, [r4, #28]
    33bc:	e5952030 	ldr	r2, [r5, #48]	@ 0x30
    33c0:	e59feea0 	ldr	lr, [pc, #3744]	@ 0x4268
    33c4:	e7f3e3f0 	udf	#15920	@ 0x3e30
    33c8:	2a0002f6 	bcs	0x3fa8
    33cc:	e7e123f4 			@ <UNDEFINED> instruction: 0xe7e123f4
    33d0:	e5952030 	ldr	r2, [r5, #48]	@ 0x30
    33d4:	e5943030 	ldr	r3, [r4, #48]	@ 0x30
    33d8:	e59fce88 	ldr	ip, [pc, #3720]	@ 0x4268
    33dc:	e151000c 	cmp	r1, ip
    33e0:	8a0002f0 	bhi	0x3fa8
    33e4:	e7d321f4 			@ <UNDEFINED> instruction: 0xe7d321f4
    33e8:	eafffd48 	b	0x2910
    33ec:	e594301c 	ldr	r3, [r4, #28]
    33f0:	e5952030 	ldr	r2, [r5, #48]	@ 0x30
    33f4:	e59fee6c 	ldr	lr, [pc, #3692]	@ 0x4268
    33f8:	e7f3e3f0 	udf	#15920	@ 0x3e30
    33fc:	2a0002e9 	bcs	0x3fa8
    3400:	e7e123f4 			@ <UNDEFINED> instruction: 0xe7e123f4
    3404:	e5942030 	ldr	r2, [r4, #48]	@ 0x30
    3408:	e1a03fc2 	asr	r3, r2, #31
    340c:	e5956030 	ldr	r6, [r5, #48]	@ 0x30
    3410:	e59fce48 	ldr	ip, [pc, #3656]	@ 0x4260
    3414:	e151000c 	cmp	r1, ip
    3418:	8a0002e2 	bhi	0x3fa8
    341c:	e086c001 	add	ip, r6, r1
    3420:	e58c2000 	str	r2, [ip]
    3424:	e58c3004 	str	r3, [ip, #4]
    3428:	eafffd38 	b	0x2910
    342c:	e594301c 	ldr	r3, [r4, #28]
    3430:	e5952030 	ldr	r2, [r5, #48]	@ 0x30
    3434:	e59fee2c 	ldr	lr, [pc, #3628]	@ 0x4268
    3438:	e7f3e3f0 	udf	#15920	@ 0x3e30
    343c:	2a0002d9 	bcs	0x3fa8
    3440:	e7e123f4 			@ <UNDEFINED> instruction: 0xe7e123f4
    3444:	e5952030 	ldr	r2, [r5, #48]	@ 0x30
    3448:	e5943030 	ldr	r3, [r4, #48]	@ 0x30
    344c:	e59fce18 	ldr	ip, [pc, #3608]	@ 0x426c
    3450:	e151000c 	cmp	r1, ip
    3454:	8a0002d3 	bhi	0x3fa8
    3458:	e7d321f2 			@ <UNDEFINED> instruction: 0xe7d321f2
    345c:	eafffd2b 	b	0x2910
    3460:	e594301c 	ldr	r3, [r4, #28]
    3464:	e5952030 	ldr	r2, [r5, #48]	@ 0x30
    3468:	e59fedf8 	ldr	lr, [pc, #3576]	@ 0x4268
    346c:	e7f3e3f0 	udf	#15920	@ 0x3e30
    3470:	2a0002cc 	bcs	0x3fa8
    3474:	e7e123f4 			@ <UNDEFINED> instruction: 0xe7e123f4
    3478:	e5952030 	ldr	r2, [r5, #48]	@ 0x30
    347c:	e5943030 	ldr	r3, [r4, #48]	@ 0x30
    3480:	e3e0c4fe 	mvn	ip, #-33554432	@ 0xfe000000
    3484:	e3ccc8fe 	bic	ip, ip, #16646144	@ 0xfe0000
    3488:	e151000c 	cmp	r1, ip
    348c:	8a0002c5 	bhi	0x3fa8
    3490:	e7d321f0 			@ <UNDEFINED> instruction: 0xe7d321f0
    3494:	eafffd1d 	b	0x2910
    3498:	e594301c 	ldr	r3, [r4, #28]
    349c:	e5952030 	ldr	r2, [r5, #48]	@ 0x30
    34a0:	e59fedc0 	ldr	lr, [pc, #3520]	@ 0x4268
    34a4:	e7f3e3f0 	udf	#15920	@ 0x3e30
    34a8:	2a0002be 	bcs	0x3fa8
    34ac:	e7e123f4 			@ <UNDEFINED> instruction: 0xe7e123f4
    34b0:	e5952030 	ldr	r2, [r5, #48]	@ 0x30
    34b4:	e5943030 	ldr	r3, [r4, #48]	@ 0x30
    34b8:	e59fcda8 	ldr	ip, [pc, #3496]	@ 0x4268
    34bc:	e151000c 	cmp	r1, ip
    34c0:	8a0002b8 	bhi	0x3fa8
    34c4:	e7d321f4 			@ <UNDEFINED> instruction: 0xe7d321f4
    34c8:	eafffd10 	b	0x2910
    34cc:	e594301c 	ldr	r3, [r4, #28]
    34d0:	e5952030 	ldr	r2, [r5, #48]	@ 0x30
    34d4:	e59fed8c 	ldr	lr, [pc, #3468]	@ 0x4268
    34d8:	e7f3e3f0 	udf	#15920	@ 0x3e30
    34dc:	2a0002b1 	bcs	0x3fa8
    34e0:	e7e123f4 			@ <UNDEFINED> instruction: 0xe7e123f4
    34e4:	e5942030 	ldr	r2, [r4, #48]	@ 0x30
    34e8:	e1a03fc2 	asr	r3, r2, #31
    34ec:	e5956030 	ldr	r6, [r5, #48]	@ 0x30
    34f0:	e59fcd68 	ldr	ip, [pc, #3432]	@ 0x4260
    34f4:	e151000c 	cmp	r1, ip
    34f8:	8a0002aa 	bhi	0x3fa8
    34fc:	e086c001 	add	ip, r6, r1
    3500:	e58c2000 	str	r2, [ip]
    3504:	e58c3004 	str	r3, [ip, #4]
    3508:	eafffd00 	b	0x2910
    350c:	e594c054 	ldr	ip, [r4, #84]	@ 0x54
    3510:	e35c0008 	cmp	ip, #8
    3514:	e3a0e008 	mov	lr, #8
    3518:	e594c054 	ldr	ip, [r4, #84]	@ 0x54
    351c:	81a0e00c 	movhi	lr, ip
    3520:	e584e054 	str	lr, [r4, #84]	@ 0x54
    3524:	e594c048 	ldr	ip, [r4, #72]	@ 0x48
    3528:	e38ce008 	orr	lr, ip, #8
    352c:	e584e048 	str	lr, [r4, #72]	@ 0x48
    3530:	e3a08078 	mov	r8, #120	@ 0x78
    3534:	e3a0e000 	mov	lr, #0
    3538:	e584e044 	str	lr, [r4, #68]	@ 0x44
    353c:	e3a0eb40 	mov	lr, #64, 22	@ 0x10000
    3540:	e584e064 	str	lr, [r4, #100]	@ 0x64
    3544:	e594601c 	ldr	r6, [r4, #28]
    3548:	e5953030 	ldr	r3, [r5, #48]	@ 0x30
    354c:	e59fed0c 	ldr	lr, [pc, #3340]	@ 0x4260
    3550:	e7f6e3f0 	udf	#28208	@ 0x6e30
    3554:	2a000293 	bcs	0x3fa8
    3558:	e083c006 	add	ip, r3, r6
    355c:	e59c1000 	ldr	r1, [ip]
    3560:	e59c2004 	ldr	r2, [ip, #4]
    3564:	e1a0a001 	mov	sl, r1
    3568:	e1a09002 	mov	r9, r2
    356c:	e2083020 	and	r3, r8, #32
    3570:	e5841088 	str	r1, [r4, #136]	@ 0x88
    3574:	e584208c 	str	r2, [r4, #140]	@ 0x8c
    3578:	e5843094 	str	r3, [r4, #148]	@ 0x94
    357c:	e59f0cec 	ldr	r0, [pc, #3308]	@ 0x4270
    3580:	e1a01004 	mov	r1, r4
    3584:	e59d2000 	ldr	r2, [sp]
    3588:	e59fcce4 	ldr	ip, [pc, #3300]	@ 0x4274
    358c:	e12fff3c 	blx	ip
    3590:	e3500000 	cmp	r0, #0
    3594:	1a000286 	bne	0x3fb4
    3598:	e5941088 	ldr	r1, [r4, #136]	@ 0x88
    359c:	e5841038 	str	r1, [r4, #56]	@ 0x38
    35a0:	e19ac009 	orrs	ip, sl, r9
    35a4:	0a00006a 	beq	0x3754
    35a8:	e594c048 	ldr	ip, [r4, #72]	@ 0x48
    35ac:	e31c0008 	tst	ip, #8
    35b0:	0a000067 	beq	0x3754
    35b4:	e1a01228 	lsr	r1, r8, #4
    35b8:	e281eb40 	add	lr, r1, #64, 22	@ 0x10000
    35bc:	e584e064 	str	lr, [r4, #100]	@ 0x64
    35c0:	e3a0e002 	mov	lr, #2
    35c4:	e584e044 	str	lr, [r4, #68]	@ 0x44
    35c8:	ea000061 	b	0x3754
    35cc:	e3a0e000 	mov	lr, #0
    35d0:	e584e044 	str	lr, [r4, #68]	@ 0x44
    35d4:	e3a0eb40 	mov	lr, #64, 22	@ 0x10000
    35d8:	e584e064 	str	lr, [r4, #100]	@ 0x64
    35dc:	e594601c 	ldr	r6, [r4, #28]
    35e0:	e5953030 	ldr	r3, [r5, #48]	@ 0x30
    35e4:	e59fec74 	ldr	lr, [pc, #3188]	@ 0x4260
    35e8:	e7f6e3f0 	udf	#28208	@ 0x6e30
    35ec:	2a00026d 	bcs	0x3fa8
    35f0:	e083c006 	add	ip, r3, r6
    35f4:	e59c1000 	ldr	r1, [ip]
    35f8:	e59c2004 	ldr	r2, [ip, #4]
    35fc:	e1a0a001 	mov	sl, r1
    3600:	e1a09002 	mov	r9, r2
    3604:	e5841088 	str	r1, [r4, #136]	@ 0x88
    3608:	e584208c 	str	r2, [r4, #140]	@ 0x8c
    360c:	e59f0c64 	ldr	r0, [pc, #3172]	@ 0x4278
    3610:	e1a01004 	mov	r1, r4
    3614:	e59d2000 	ldr	r2, [sp]
    3618:	e59fcc5c 	ldr	ip, [pc, #3164]	@ 0x427c
    361c:	e12fff3c 	blx	ip
    3620:	e3500000 	cmp	r0, #0
    3624:	1a000262 	bne	0x3fb4
    3628:	e5941088 	ldr	r1, [r4, #136]	@ 0x88
    362c:	e5841038 	str	r1, [r4, #56]	@ 0x38
    3630:	e594c048 	ldr	ip, [r4, #72]	@ 0x48
    3634:	e31c0008 	tst	ip, #8
    3638:	0a000045 	beq	0x3754
    363c:	e594e038 	ldr	lr, [r4, #56]	@ 0x38
    3640:	e594c020 	ldr	ip, [r4, #32]
    3644:	e04c100e 	sub	r1, ip, lr
    3648:	e1a02001 	mov	r2, r1
    364c:	e594c054 	ldr	ip, [r4, #84]	@ 0x54
    3650:	e15c0002 	cmp	ip, r2
    3654:	e594e054 	ldr	lr, [r4, #84]	@ 0x54
    3658:	d1a0e001 	movle	lr, r1
    365c:	e584e054 	str	lr, [r4, #84]	@ 0x54
    3660:	ea00003b 	b	0x3754
    3664:	e594601c 	ldr	r6, [r4, #28]
    3668:	e5953030 	ldr	r3, [r5, #48]	@ 0x30
    366c:	e59febec 	ldr	lr, [pc, #3052]	@ 0x4260
    3670:	e7f6e3f0 	udf	#28208	@ 0x6e30
    3674:	2a00024b 	bcs	0x3fa8
    3678:	e083c006 	add	ip, r3, r6
    367c:	e59c1000 	ldr	r1, [ip]
    3680:	e59c2004 	ldr	r2, [ip, #4]
    3684:	e1a0a001 	mov	sl, r1
    3688:	e1a09002 	mov	r9, r2
    368c:	e3e0c000 	mvn	ip, #0
    3690:	e15c0001 	cmp	ip, r1
    3694:	e3e0c000 	mvn	ip, #0
    3698:	e0dcc002 	sbcs	ip, ip, r2
    369c:	ba000010 	blt	0x36e4
    36a0:	e27a1000 	rsbs	r1, sl, #0
    36a4:	e2e92000 	rsc	r2, r9, #0
    36a8:	e1a0a001 	mov	sl, r1
    36ac:	e1a09002 	mov	r9, r2
    36b0:	e594601c 	ldr	r6, [r4, #28]
    36b4:	e5953030 	ldr	r3, [r5, #48]	@ 0x30
    36b8:	e59feba0 	ldr	lr, [pc, #2976]	@ 0x4260
    36bc:	e7f6e3f0 	udf	#28208	@ 0x6e30
    36c0:	2a000238 	bcs	0x3fa8
    36c4:	e083c006 	add	ip, r3, r6
    36c8:	e58c1000 	str	r1, [ip]
    36cc:	e58c2004 	str	r2, [ip, #4]
    36d0:	e3a0e001 	mov	lr, #1
    36d4:	e584e044 	str	lr, [r4, #68]	@ 0x44
    36d8:	e3a0eb40 	mov	lr, #64, 22	@ 0x10000
    36dc:	e584e064 	str	lr, [r4, #100]	@ 0x64
    36e0:	ea000010 	b	0x3728
    36e4:	e594c048 	ldr	ip, [r4, #72]	@ 0x48
    36e8:	e31c0e80 	tst	ip, #128, 28	@ 0x800
    36ec:	0a000005 	beq	0x3708
    36f0:	e3a0e001 	mov	lr, #1
    36f4:	e584e044 	str	lr, [r4, #68]	@ 0x44
    36f8:	e3a0eb40 	mov	lr, #64, 22	@ 0x10000
    36fc:	e38ee210 	orr	lr, lr, #16, 4
    3700:	e584e064 	str	lr, [r4, #100]	@ 0x64
    3704:	ea000007 	b	0x3728
    3708:	e594c048 	ldr	ip, [r4, #72]	@ 0x48
    370c:	e20c1001 	and	r1, ip, #1
    3710:	e5841044 	str	r1, [r4, #68]	@ 0x44
    3714:	e3510000 	cmp	r1, #0
    3718:	e3a0eb40 	mov	lr, #64, 22	@ 0x10000
    371c:	e38ee220 	orr	lr, lr, #32, 4
    3720:	03a0eb40 	moveq	lr, #64, 22	@ 0x10000
    3724:	e584e064 	str	lr, [r4, #100]	@ 0x64
    3728:	e584a068 	str	sl, [r4, #104]	@ 0x68
    372c:	e584906c 	str	r9, [r4, #108]	@ 0x6c
    3730:	e59f0b48 	ldr	r0, [pc, #2888]	@ 0x4280
    3734:	e1a01004 	mov	r1, r4
    3738:	e59d2000 	ldr	r2, [sp]
    373c:	e59fcb40 	ldr	ip, [pc, #2880]	@ 0x4284
    3740:	e12fff3c 	blx	ip
    3744:	e3500000 	cmp	r0, #0
    3748:	1a000219 	bne	0x3fb4
    374c:	e5941088 	ldr	r1, [r4, #136]	@ 0x88
    3750:	e5841038 	str	r1, [r4, #56]	@ 0x38
    3754:	e594c054 	ldr	ip, [r4, #84]	@ 0x54
    3758:	e35c0000 	cmp	ip, #0
    375c:	e3a01000 	mov	r1, #0
    3760:	b3a01001 	movlt	r1, #1
    3764:	e11b0001 	tst	fp, r1
    3768:	1a0001f3 	bne	0x3f3c
    376c:	e594c048 	ldr	ip, [r4, #72]	@ 0x48
    3770:	e3cc1b40 	bic	r1, ip, #64, 22	@ 0x10000
    3774:	e35b0000 	cmp	fp, #0
    3778:	e594e048 	ldr	lr, [r4, #72]	@ 0x48
    377c:	11a0e001 	movne	lr, r1
    3780:	e584e048 	str	lr, [r4, #72]	@ 0x48
    3784:	e3590000 	cmp	r9, #0
    3788:	1a000000 	bne	0x3790
    378c:	e35a0000 	cmp	sl, #0
    3790:	1a000009 	bne	0x37bc
    3794:	e594c054 	ldr	ip, [r4, #84]	@ 0x54
    3798:	e35c0000 	cmp	ip, #0
    379c:	1a000006 	bne	0x37bc
    37a0:	e594e028 	ldr	lr, [r4, #40]	@ 0x28
    37a4:	e584e038 	str	lr, [r4, #56]	@ 0x38
    37a8:	e594e028 	ldr	lr, [r4, #40]	@ 0x28
    37ac:	e584e05c 	str	lr, [r4, #92]	@ 0x5c
    37b0:	e3a0e000 	mov	lr, #0
    37b4:	e584e054 	str	lr, [r4, #84]	@ 0x54
    37b8:	ea000179 	b	0x3da4
    37bc:	e594e038 	ldr	lr, [r4, #56]	@ 0x38
    37c0:	e594c028 	ldr	ip, [r4, #40]	@ 0x28
    37c4:	e04c100e 	sub	r1, ip, lr
    37c8:	e19ac009 	orrs	ip, sl, r9
    37cc:	e3a02000 	mov	r2, #0
    37d0:	03a02001 	moveq	r2, #1
    37d4:	e0811002 	add	r1, r1, r2
    37d8:	e1a02001 	mov	r2, r1
    37dc:	e594c054 	ldr	ip, [r4, #84]	@ 0x54
    37e0:	e15c0002 	cmp	ip, r2
    37e4:	e594e054 	ldr	lr, [r4, #84]	@ 0x54
    37e8:	d1a0e001 	movle	lr, r1
    37ec:	e584e054 	str	lr, [r4, #84]	@ 0x54
    37f0:	ea000169 	b	0x3d9c
    37f4:	e594301c 	ldr	r3, [r4, #28]
    37f8:	e5952030 	ldr	r2, [r5, #48]	@ 0x30
    37fc:	e3e0e4fe 	mvn	lr, #-33554432	@ 0xfe000000
    3800:	e3cee8fe 	bic	lr, lr, #16646144	@ 0xfe0000
    3804:	e7f3e3f0 	udf	#15920	@ 0x3e30
    3808:	2a0001e6 	bcs	0x3fa8
    380c:	e7e123f0 			@ <UNDEFINED> instruction: 0xe7e123f0
    3810:	ea000151 	b	0x3d5c
    3814:	e594601c 	ldr	r6, [r4, #28]
    3818:	e5953030 	ldr	r3, [r5, #48]	@ 0x30
    381c:	e59fea44 	ldr	lr, [pc, #2628]	@ 0x4268
    3820:	e7f6e3f0 	udf	#28208	@ 0x6e30
    3824:	2a0001df 	bcs	0x3fa8
    3828:	e7e236f4 			@ <UNDEFINED> instruction: 0xe7e236f4
    382c:	e1a03002 	mov	r3, r2
    3830:	e3530000 	cmp	r3, #0
    3834:	e3a0eb40 	mov	lr, #64, 22	@ 0x10000
    3838:	e38ee1bc 	orr	lr, lr, #188, 2	@ 0x2f
    383c:	11a0e002 	movne	lr, r2
    3840:	e584e038 	str	lr, [r4, #56]	@ 0x38
    3844:	e594c054 	ldr	ip, [r4, #84]	@ 0x54
    3848:	e37c0360 	cmn	ip, #96, 6	@ 0x80000001
    384c:	e3e02480 	mvn	r2, #128, 8	@ 0x80000000
    3850:	e594c054 	ldr	ip, [r4, #84]	@ 0x54
    3854:	31a0200c 	movcc	r2, ip
    3858:	e5842090 	str	r2, [r4, #144]	@ 0x90
    385c:	e59f0a24 	ldr	r0, [pc, #2596]	@ 0x4288
    3860:	e1a01004 	mov	r1, r4
    3864:	e59d2000 	ldr	r2, [sp]
    3868:	e59fca1c 	ldr	ip, [pc, #2588]	@ 0x428c
    386c:	e12fff3c 	blx	ip
    3870:	e3500000 	cmp	r0, #0
    3874:	1a0001ce 	bne	0x3fb4
    3878:	e594208c 	ldr	r2, [r4, #140]	@ 0x8c
    387c:	e1a03002 	mov	r3, r2
    3880:	e594c038 	ldr	ip, [r4, #56]	@ 0x38
    3884:	e08ce002 	add	lr, ip, r2
    3888:	e584e05c 	str	lr, [r4, #92]	@ 0x5c
    388c:	e594c054 	ldr	ip, [r4, #84]	@ 0x54
    3890:	e37c0001 	cmn	ip, #1
    3894:	da000003 	ble	0x38a8
    3898:	e594e060 	ldr	lr, [r4, #96]	@ 0x60
    389c:	e584e048 	str	lr, [r4, #72]	@ 0x48
    38a0:	e5843054 	str	r3, [r4, #84]	@ 0x54
    38a4:	ea00013e 	b	0x3da4
    38a8:	e594e060 	ldr	lr, [r4, #96]	@ 0x60
    38ac:	e584e048 	str	lr, [r4, #72]	@ 0x48
    38b0:	e5843054 	str	r3, [r4, #84]	@ 0x54
    38b4:	e594605c 	ldr	r6, [r4, #92]	@ 0x5c
    38b8:	e5953030 	ldr	r3, [r5, #48]	@ 0x30
    38bc:	e3e0c4fe 	mvn	ip, #-33554432	@ 0xfe000000
    38c0:	e3ccc8fe 	bic	ip, ip, #16646144	@ 0xfe0000
    38c4:	e156000c 	cmp	r6, ip
    38c8:	8a0001b6 	bhi	0x3fa8
    38cc:	e7e236f0 			@ <UNDEFINED> instruction: 0xe7e236f0
    38d0:	e3520000 	cmp	r2, #0
    38d4:	1a000198 	bne	0x3f3c
    38d8:	ea000131 	b	0x3da4
    38dc:	e594901c 	ldr	r9, [r4, #28]
    38e0:	e5956030 	ldr	r6, [r5, #48]	@ 0x30
    38e4:	e59fe974 	ldr	lr, [pc, #2420]	@ 0x4260
    38e8:	e7f9e3f0 	udf	#40496	@ 0x9e30
    38ec:	2a0001ad 	bcs	0x3fa8
    38f0:	e086c009 	add	ip, r6, r9
    38f4:	e59c2000 	ldr	r2, [ip]
    38f8:	e59c3004 	ldr	r3, [ip, #4]
    38fc:	e1a06002 	mov	r6, r2
    3900:	e1a09003 	mov	r9, r3
    3904:	e192c003 	orrs	ip, r2, r3
    3908:	1a000018 	bne	0x3970
    390c:	e3a01000 	mov	r1, #0
    3910:	ea000111 	b	0x3d5c
    3914:	e594c054 	ldr	ip, [r4, #84]	@ 0x54
    3918:	e35c0000 	cmp	ip, #0
    391c:	0a000006 	beq	0x393c
    3920:	e594301c 	ldr	r3, [r4, #28]
    3924:	e5952030 	ldr	r2, [r5, #48]	@ 0x30
    3928:	e59fe938 	ldr	lr, [pc, #2360]	@ 0x4268
    392c:	e7f3e3f0 	udf	#15920	@ 0x3e30
    3930:	2a00019c 	bcs	0x3fa8
    3934:	e7ea23f4 			@ <UNDEFINED> instruction: 0xe7ea23f4
    3938:	ea000025 	b	0x39d4
    393c:	e3a07000 	mov	r7, #0
    3940:	e3a0e020 	mov	lr, #32
    3944:	e584e08c 	str	lr, [r4, #140]	@ 0x8c
    3948:	e3a0e000 	mov	lr, #0
    394c:	e584e070 	str	lr, [r4, #112]	@ 0x70
    3950:	e59f0938 	ldr	r0, [pc, #2360]	@ 0x4290
    3954:	e1a01004 	mov	r1, r4
    3958:	e59d2000 	ldr	r2, [sp]
    395c:	e59fc930 	ldr	ip, [pc, #2352]	@ 0x4294
    3960:	e12fff3c 	blx	ip
    3964:	e3500000 	cmp	r0, #0
    3968:	1a000191 	bne	0x3fb4
    396c:	ea00007c 	b	0x3b64
    3970:	e594301c 	ldr	r3, [r4, #28]
    3974:	e5952030 	ldr	r2, [r5, #48]	@ 0x30
    3978:	e59fe8e8 	ldr	lr, [pc, #2280]	@ 0x4268
    397c:	e7f3e0fc 	udf	#15884	@ 0x3e0c
    3980:	2a000188 	bcs	0x3fa8
    3984:	e3a00000 	mov	r0, #0
    3988:	e7d023f4 			@ <UNDEFINED> instruction: 0xe7d023f4
    398c:	e594201c 	ldr	r2, [r4, #28]
    3990:	e5950030 	ldr	r0, [r5, #48]	@ 0x30
    3994:	e59fe8cc 	ldr	lr, [pc, #2252]	@ 0x4268
    3998:	e7f2e0f8 	udf	#11784	@ 0x2e08
    399c:	2a000181 	bcs	0x3fa8
    39a0:	e7806002 	str	r6, [r0, r2]
    39a4:	e594c01c 	ldr	ip, [r4, #28]
    39a8:	e28c0008 	add	r0, ip, #8
    39ac:	e594301c 	ldr	r3, [r4, #28]
    39b0:	e5952030 	ldr	r2, [r5, #48]	@ 0x30
    39b4:	e59fe8ac 	ldr	lr, [pc, #2220]	@ 0x4268
    39b8:	e7f3e3f0 	udf	#15920	@ 0x3e30
    39bc:	2a000179 	bcs	0x3fa8
    39c0:	e7d023f4 			@ <UNDEFINED> instruction: 0xe7d023f4
    39c4:	e594c01c 	ldr	ip, [r4, #28]
    39c8:	e28ca008 	add	sl, ip, #8
    39cc:	e3e0e000 	mvn	lr, #0
    39d0:	e584e054 	str	lr, [r4, #84]	@ 0x54
    39d4:	e3a07000 	mov	r7, #0
    39d8:	e1a0300a 	mov	r3, sl
    39dc:	e5952030 	ldr	r2, [r5, #48]	@ 0x30
    39e0:	e59fc880 	ldr	ip, [pc, #2176]	@ 0x4268
    39e4:	e153000c 	cmp	r3, ip
    39e8:	8a00016e 	bhi	0x3fa8
    39ec:	e7e023f4 			@ <UNDEFINED> instruction: 0xe7e023f4
    39f0:	e1a02000 	mov	r2, r0
    39f4:	e3500000 	cmp	r0, #0
    39f8:	0a000018 	beq	0x3a60
    39fc:	e594c01c 	ldr	ip, [r4, #28]
    3a00:	e28c0004 	add	r0, ip, #4
    3a04:	e5840088 	str	r0, [r4, #136]	@ 0x88
    3a08:	e5842040 	str	r2, [r4, #64]	@ 0x40
    3a0c:	e59f0884 	ldr	r0, [pc, #2180]	@ 0x4298
    3a10:	e1a01004 	mov	r1, r4
    3a14:	e59d2000 	ldr	r2, [sp]
    3a18:	e59fc87c 	ldr	ip, [pc, #2172]	@ 0x429c
    3a1c:	e12fff3c 	blx	ip
    3a20:	e3500000 	cmp	r0, #0
    3a24:	1a000162 	bne	0x3fb4
    3a28:	e5940088 	ldr	r0, [r4, #136]	@ 0x88
    3a2c:	e1a02000 	mov	r2, r0
    3a30:	e3500000 	cmp	r0, #0
    3a34:	ba000150 	blt	0x3f7c
    3a38:	e594c054 	ldr	ip, [r4, #84]	@ 0x54
    3a3c:	e04c0007 	sub	r0, ip, r7
    3a40:	e1520000 	cmp	r2, r0
    3a44:	8a000005 	bhi	0x3a60
    3a48:	e28aa004 	add	sl, sl, #4
    3a4c:	e0822007 	add	r2, r2, r7
    3a50:	e1a07002 	mov	r7, r2
    3a54:	e594c054 	ldr	ip, [r4, #84]	@ 0x54
    3a58:	e152000c 	cmp	r2, ip
    3a5c:	3affffdd 	bcc	0x39d8
    3a60:	e3a0e03d 	mov	lr, #61	@ 0x3d
    3a64:	e584e05c 	str	lr, [r4, #92]	@ 0x5c
    3a68:	e3570000 	cmp	r7, #0
    3a6c:	ba000134 	blt	0x3f44
    3a70:	e3a0e020 	mov	lr, #32
    3a74:	e584e08c 	str	lr, [r4, #140]	@ 0x8c
    3a78:	e5847034 	str	r7, [r4, #52]	@ 0x34
    3a7c:	e59f081c 	ldr	r0, [pc, #2076]	@ 0x42a0
    3a80:	e1a01004 	mov	r1, r4
    3a84:	e59d2000 	ldr	r2, [sp]
    3a88:	e59fc814 	ldr	ip, [pc, #2068]	@ 0x42a4
    3a8c:	e12fff3c 	blx	ip
    3a90:	e3500000 	cmp	r0, #0
    3a94:	1a000146 	bne	0x3fb4
    3a98:	e3570000 	cmp	r7, #0
    3a9c:	1a000001 	bne	0x3aa8
    3aa0:	e3a07000 	mov	r7, #0
    3aa4:	ea00002e 	b	0x3b64
    3aa8:	e3a06000 	mov	r6, #0
    3aac:	e594201c 	ldr	r2, [r4, #28]
    3ab0:	e5950030 	ldr	r0, [r5, #48]	@ 0x30
    3ab4:	e59fe7ac 	ldr	lr, [pc, #1964]	@ 0x4268
    3ab8:	e7f2e3f0 	udf	#11824	@ 0x2e30
    3abc:	2a000139 	bcs	0x3fa8
    3ac0:	e7e902f4 			@ <UNDEFINED> instruction: 0xe7e902f4
    3ac4:	e1a03009 	mov	r3, r9
    3ac8:	e5952030 	ldr	r2, [r5, #48]	@ 0x30
    3acc:	e59fc794 	ldr	ip, [pc, #1940]	@ 0x4268
    3ad0:	e153000c 	cmp	r3, ip
    3ad4:	8a000133 	bhi	0x3fa8
    3ad8:	e7e023f4 			@ <UNDEFINED> instruction: 0xe7e023f4
    3adc:	e1a02000 	mov	r2, r0
    3ae0:	e3500000 	cmp	r0, #0
    3ae4:	0a00001e 	beq	0x3b64
    3ae8:	e594c01c 	ldr	ip, [r4, #28]
    3aec:	e28c0004 	add	r0, ip, #4
    3af0:	e5840088 	str	r0, [r4, #136]	@ 0x88
    3af4:	e5842038 	str	r2, [r4, #56]	@ 0x38
    3af8:	e59f07a8 	ldr	r0, [pc, #1960]	@ 0x42a8
    3afc:	e1a01004 	mov	r1, r4
    3b00:	e59d2000 	ldr	r2, [sp]
    3b04:	e59fc7a0 	ldr	ip, [pc, #1952]	@ 0x42ac
    3b08:	e12fff3c 	blx	ip
    3b0c:	e3500000 	cmp	r0, #0
    3b10:	1a000127 	bne	0x3fb4
    3b14:	e5940088 	ldr	r0, [r4, #136]	@ 0x88
    3b18:	e1a02000 	mov	r2, r0
    3b1c:	e0800006 	add	r0, r0, r6
    3b20:	e1a06000 	mov	r6, r0
    3b24:	e1500007 	cmp	r0, r7
    3b28:	8a00000d 	bhi	0x3b64
    3b2c:	e594c01c 	ldr	ip, [r4, #28]
    3b30:	e28c0004 	add	r0, ip, #4
    3b34:	e584008c 	str	r0, [r4, #140]	@ 0x8c
    3b38:	e5842038 	str	r2, [r4, #56]	@ 0x38
    3b3c:	e59f076c 	ldr	r0, [pc, #1900]	@ 0x42b0
    3b40:	e1a01004 	mov	r1, r4
    3b44:	e59d2000 	ldr	r2, [sp]
    3b48:	e59fc764 	ldr	ip, [pc, #1892]	@ 0x42b4
    3b4c:	e12fff3c 	blx	ip
    3b50:	e3500000 	cmp	r0, #0
    3b54:	1a000116 	bne	0x3fb4
    3b58:	e2899004 	add	r9, r9, #4
    3b5c:	e1560007 	cmp	r6, r7
    3b60:	3affffd7 	bcc	0x3ac4
    3b64:	e594c048 	ldr	ip, [r4, #72]	@ 0x48
    3b68:	e22c0d80 	eor	r0, ip, #128, 26	@ 0x2000
    3b6c:	e3a0e020 	mov	lr, #32
    3b70:	e584e08c 	str	lr, [r4, #140]	@ 0x8c
    3b74:	e5847034 	str	r7, [r4, #52]	@ 0x34
    3b78:	e5840098 	str	r0, [r4, #152]	@ 0x98
    3b7c:	e59f0734 	ldr	r0, [pc, #1844]	@ 0x42b8
    3b80:	e1a01004 	mov	r1, r4
    3b84:	e59d2000 	ldr	r2, [sp]
    3b88:	e59fc72c 	ldr	ip, [pc, #1836]	@ 0x42bc
    3b8c:	e12fff3c 	blx	ip
    3b90:	e3500000 	cmp	r0, #0
    3b94:	1a000106 	bne	0x3fb4
    3b98:	e594c050 	ldr	ip, [r4, #80]	@ 0x50
    3b9c:	e15c0007 	cmp	ip, r7
    3ba0:	e594e050 	ldr	lr, [r4, #80]	@ 0x50
    3ba4:	d1a0e007 	movle	lr, r7
    3ba8:	e584e034 	str	lr, [r4, #52]	@ 0x34
    3bac:	eafffb57 	b	0x2910
    3bb0:	e594c054 	ldr	ip, [r4, #84]	@ 0x54
    3bb4:	e35c0000 	cmp	ip, #0
    3bb8:	e3a00000 	mov	r0, #0
    3bbc:	b3a00001 	movlt	r0, #1
    3bc0:	e11b0000 	tst	fp, r0
    3bc4:	1a0000dc 	bne	0x3f3c
    3bc8:	e3a0e03d 	mov	lr, #61	@ 0x3d
    3bcc:	e584e05c 	str	lr, [r4, #92]	@ 0x5c
    3bd0:	e594201c 	ldr	r2, [r4, #28]
    3bd4:	e5950030 	ldr	r0, [r5, #48]	@ 0x30
    3bd8:	e59fe680 	ldr	lr, [pc, #1664]	@ 0x4260
    3bdc:	e7f2e3f0 	udf	#11824	@ 0x2e30
    3be0:	2a0000f0 	bcs	0x3fa8
    3be4:	e080c002 	add	ip, r0, r2
    3be8:	e59ce000 	ldr	lr, [ip]
    3bec:	e59cc004 	ldr	ip, [ip, #4]
    3bf0:	ec4cea10 	vmov	s0, s1, lr, ip
    3bf4:	ed840b23 	vstr	d0, [r4, #140]	@ 0x8c
    3bf8:	e5848034 	str	r8, [r4, #52]	@ 0x34
    3bfc:	e59f06bc 	ldr	r0, [pc, #1724]	@ 0x42c0
    3c00:	e1a01004 	mov	r1, r4
    3c04:	e59d2000 	ldr	r2, [sp]
    3c08:	e59fc6b4 	ldr	ip, [pc, #1716]	@ 0x42c4
    3c0c:	e12fff3c 	blx	ip
    3c10:	e3500000 	cmp	r0, #0
    3c14:	1a0000e6 	bne	0x3fb4
    3c18:	e5940088 	ldr	r0, [r4, #136]	@ 0x88
    3c1c:	e5840034 	str	r0, [r4, #52]	@ 0x34
    3c20:	e3500000 	cmp	r0, #0
    3c24:	aafffb39 	bge	0x2910
    3c28:	ea0000c5 	b	0x3f44
    3c2c:	e5942034 	ldr	r2, [r4, #52]	@ 0x34
    3c30:	e5950030 	ldr	r0, [r5, #48]	@ 0x30
    3c34:	e3e0e4fe 	mvn	lr, #-33554432	@ 0xfe000000
    3c38:	e3cee8fe 	bic	lr, lr, #16646144	@ 0xfe0000
    3c3c:	e7f2e0f1 	udf	#11777	@ 0x2e01
    3c40:	2a0000d8 	bcs	0x3fa8
    3c44:	e7ee02f0 			@ <UNDEFINED> instruction: 0xe7ee02f0
    3c48:	e584e03c 	str	lr, [r4, #60]	@ 0x3c
    3c4c:	e594c034 	ldr	ip, [r4, #52]	@ 0x34
    3c50:	e28ce001 	add	lr, ip, #1
    3c54:	e584e034 	str	lr, [r4, #52]	@ 0x34
    3c58:	eafffb44 	b	0x2970
    3c5c:	e594c000 	ldr	ip, [r4]
    3c60:	e35c0000 	cmp	ip, #0
    3c64:	1a0000c6 	bne	0x3f84
    3c68:	e594c02c 	ldr	ip, [r4, #44]	@ 0x2c
    3c6c:	e35c0000 	cmp	ip, #0
    3c70:	0a0000ae 	beq	0x3f30
    3c74:	e3a06001 	mov	r6, #1
    3c78:	e1a00106 	lsl	r0, r6, #2
    3c7c:	e594c010 	ldr	ip, [r4, #16]
    3c80:	e08c0000 	add	r0, ip, r0
    3c84:	e1a03000 	mov	r3, r0
    3c88:	e5952030 	ldr	r2, [r5, #48]	@ 0x30
    3c8c:	e59fc5d4 	ldr	ip, [pc, #1492]	@ 0x4268
    3c90:	e153000c 	cmp	r3, ip
    3c94:	8a0000c3 	bhi	0x3fa8
    3c98:	e7e023f4 			@ <UNDEFINED> instruction: 0xe7e023f4
    3c9c:	e1a02000 	mov	r2, r0
    3ca0:	e3500000 	cmp	r0, #0
    3ca4:	0a000012 	beq	0x3cf4
    3ca8:	e1a00186 	lsl	r0, r6, #3
    3cac:	e594c00c 	ldr	ip, [r4, #12]
    3cb0:	e08c0000 	add	r0, ip, r0
    3cb4:	e5840088 	str	r0, [r4, #136]	@ 0x88
    3cb8:	e584203c 	str	r2, [r4, #60]	@ 0x3c
    3cbc:	e59f0604 	ldr	r0, [pc, #1540]	@ 0x42c8
    3cc0:	e1a01004 	mov	r1, r4
    3cc4:	e59d2000 	ldr	r2, [sp]
    3cc8:	e59fc5fc 	ldr	ip, [pc, #1532]	@ 0x42cc
    3ccc:	e12fff3c 	blx	ip
    3cd0:	e3500000 	cmp	r0, #0
    3cd4:	1a0000b6 	bne	0x3fb4
    3cd8:	e3a0e001 	mov	lr, #1
    3cdc:	e584e030 	str	lr, [r4, #48]	@ 0x30
    3ce0:	e2860001 	add	r0, r6, #1
    3ce4:	e1a06000 	mov	r6, r0
    3ce8:	e350000a 	cmp	r0, #10
    3cec:	1affffe1 	bne	0x3c78
    3cf0:	ea0000a3 	b	0x3f84
    3cf4:	e356000a 	cmp	r6, #10
    3cf8:	3a000002 	bcc	0x3d08
    3cfc:	e3a0e001 	mov	lr, #1
    3d00:	e584e030 	str	lr, [r4, #48]	@ 0x30
    3d04:	ea00009e 	b	0x3f84
    3d08:	e1a00106 	lsl	r0, r6, #2
    3d0c:	e594c010 	ldr	ip, [r4, #16]
    3d10:	e08c0000 	add	r0, ip, r0
    3d14:	e1a03000 	mov	r3, r0
    3d18:	e5952030 	ldr	r2, [r5, #48]	@ 0x30
    3d1c:	e59fc544 	ldr	ip, [pc, #1348]	@ 0x4268
    3d20:	e153000c 	cmp	r3, ip
    3d24:	8a00009f 	bhi	0x3fa8
    3d28:	e7e023f4 			@ <UNDEFINED> instruction: 0xe7e023f4
    3d2c:	e3500000 	cmp	r0, #0
    3d30:	1a000006 	bne	0x3d50
    3d34:	e3a0e001 	mov	lr, #1
    3d38:	e584e030 	str	lr, [r4, #48]	@ 0x30
    3d3c:	e2860001 	add	r0, r6, #1
    3d40:	e1a06000 	mov	r6, r0
    3d44:	e350000a 	cmp	r0, #10
    3d48:	0a00008d 	beq	0x3f84
    3d4c:	eaffffed 	b	0x3d08
    3d50:	e3a0e01c 	mov	lr, #28
    3d54:	e584e05c 	str	lr, [r4, #92]	@ 0x5c
    3d58:	ea000079 	b	0x3f44
    3d5c:	e594201c 	ldr	r2, [r4, #28]
    3d60:	e5950030 	ldr	r0, [r5, #48]	@ 0x30
    3d64:	e3e0e4fe 	mvn	lr, #-33554432	@ 0xfe000000
    3d68:	e3cee8fe 	bic	lr, lr, #16646144	@ 0xfe0000
    3d6c:	e7f2e2f7 	udf	#11815	@ 0x2e27
    3d70:	2a00008c 	bcs	0x3fa8
    3d74:	e7d102f0 			@ <UNDEFINED> instruction: 0xe7d102f0
    3d78:	e3a0e001 	mov	lr, #1
    3d7c:	e584e054 	str	lr, [r4, #84]	@ 0x54
    3d80:	e594e024 	ldr	lr, [r4, #36]	@ 0x24
    3d84:	e584e038 	str	lr, [r4, #56]	@ 0x38
    3d88:	e594e028 	ldr	lr, [r4, #40]	@ 0x28
    3d8c:	e584e05c 	str	lr, [r4, #92]	@ 0x5c
    3d90:	e594e060 	ldr	lr, [r4, #96]	@ 0x60
    3d94:	e584e048 	str	lr, [r4, #72]	@ 0x48
    3d98:	ea000001 	b	0x3da4
    3d9c:	e594e028 	ldr	lr, [r4, #40]	@ 0x28
    3da0:	e584e05c 	str	lr, [r4, #92]	@ 0x5c
    3da4:	e594e038 	ldr	lr, [r4, #56]	@ 0x38
    3da8:	e594c05c 	ldr	ip, [r4, #92]	@ 0x5c
    3dac:	e04c000e 	sub	r0, ip, lr
    3db0:	e1a06000 	mov	r6, r0
    3db4:	e594c054 	ldr	ip, [r4, #84]	@ 0x54
    3db8:	e15c0006 	cmp	ip, r6
    3dbc:	e594c054 	ldr	ip, [r4, #84]	@ 0x54
    3dc0:	c1a0000c 	movgt	r0, ip
    3dc4:	e1a07000 	mov	r7, r0
    3dc8:	e594c044 	ldr	ip, [r4, #68]	@ 0x44
    3dcc:	e3e0e480 	mvn	lr, #128, 8	@ 0x80000000
    3dd0:	e02c100e 	eor	r1, ip, lr
    3dd4:	e1500001 	cmp	r0, r1
    3dd8:	ca000057 	bgt	0x3f3c
    3ddc:	e3a0e03d 	mov	lr, #61	@ 0x3d
    3de0:	e584e05c 	str	lr, [r4, #92]	@ 0x5c
    3de4:	e594c044 	ldr	ip, [r4, #68]	@ 0x44
    3de8:	e08c0007 	add	r0, ip, r7
    3dec:	e1a08000 	mov	r8, r0
    3df0:	e594c050 	ldr	ip, [r4, #80]	@ 0x50
    3df4:	e15c0008 	cmp	ip, r8
    3df8:	e594c050 	ldr	ip, [r4, #80]	@ 0x50
    3dfc:	c1a0000c 	movgt	r0, ip
    3e00:	e5840034 	str	r0, [r4, #52]	@ 0x34
    3e04:	e594c03c 	ldr	ip, [r4, #60]	@ 0x3c
    3e08:	e150000c 	cmp	r0, ip
    3e0c:	8a00004c 	bhi	0x3f44
    3e10:	e3a0e020 	mov	lr, #32
    3e14:	e584e08c 	str	lr, [r4, #140]	@ 0x8c
    3e18:	e5848040 	str	r8, [r4, #64]	@ 0x40
    3e1c:	e59f04ac 	ldr	r0, [pc, #1196]	@ 0x42d0
    3e20:	e1a01004 	mov	r1, r4
    3e24:	e59d2000 	ldr	r2, [sp]
    3e28:	e59fc4a4 	ldr	ip, [pc, #1188]	@ 0x42d4
    3e2c:	e12fff3c 	blx	ip
    3e30:	e3500000 	cmp	r0, #0
    3e34:	1a00005e 	bne	0x3fb4
    3e38:	e59f0498 	ldr	r0, [pc, #1176]	@ 0x42d8
    3e3c:	e1a01004 	mov	r1, r4
    3e40:	e59d2000 	ldr	r2, [sp]
    3e44:	e59fc490 	ldr	ip, [pc, #1168]	@ 0x42dc
    3e48:	e12fff3c 	blx	ip
    3e4c:	e3500000 	cmp	r0, #0
    3e50:	1a000057 	bne	0x3fb4
    3e54:	e594c048 	ldr	ip, [r4, #72]	@ 0x48
    3e58:	e22c0b40 	eor	r0, ip, #64, 22	@ 0x10000
    3e5c:	e3a0e030 	mov	lr, #48	@ 0x30
    3e60:	e584e08c 	str	lr, [r4, #140]	@ 0x8c
    3e64:	e5848040 	str	r8, [r4, #64]	@ 0x40
    3e68:	e5840098 	str	r0, [r4, #152]	@ 0x98
    3e6c:	e59f046c 	ldr	r0, [pc, #1132]	@ 0x42e0
    3e70:	e1a01004 	mov	r1, r4
    3e74:	e59d2000 	ldr	r2, [sp]
    3e78:	e59fc464 	ldr	ip, [pc, #1124]	@ 0x42e4
    3e7c:	e12fff3c 	blx	ip
    3e80:	e3500000 	cmp	r0, #0
    3e84:	1a00004a 	bne	0x3fb4
    3e88:	e3a0e030 	mov	lr, #48	@ 0x30
    3e8c:	e584e08c 	str	lr, [r4, #140]	@ 0x8c
    3e90:	e584704c 	str	r7, [r4, #76]	@ 0x4c
    3e94:	e5846004 	str	r6, [r4, #4]
    3e98:	e3a0e000 	mov	lr, #0
    3e9c:	e584e070 	str	lr, [r4, #112]	@ 0x70
    3ea0:	e59f0440 	ldr	r0, [pc, #1088]	@ 0x42e8
    3ea4:	e1a01004 	mov	r1, r4
    3ea8:	e59d2000 	ldr	r2, [sp]
    3eac:	e59fc438 	ldr	ip, [pc, #1080]	@ 0x42ec
    3eb0:	e12fff3c 	blx	ip
    3eb4:	e3500000 	cmp	r0, #0
    3eb8:	1a00003d 	bne	0x3fb4
    3ebc:	e5846004 	str	r6, [r4, #4]
    3ec0:	e59f0428 	ldr	r0, [pc, #1064]	@ 0x42f0
    3ec4:	e1a01004 	mov	r1, r4
    3ec8:	e59d2000 	ldr	r2, [sp]
    3ecc:	e59fc420 	ldr	ip, [pc, #1056]	@ 0x42f4
    3ed0:	e12fff3c 	blx	ip
    3ed4:	e3500000 	cmp	r0, #0
    3ed8:	1a000035 	bne	0x3fb4
    3edc:	e594c048 	ldr	ip, [r4, #72]	@ 0x48
    3ee0:	e22c0d80 	eor	r0, ip, #128, 26	@ 0x2000
    3ee4:	e3a0e020 	mov	lr, #32
    3ee8:	e584e08c 	str	lr, [r4, #140]	@ 0x8c
    3eec:	e5848040 	str	r8, [r4, #64]	@ 0x40
    3ef0:	e5840098 	str	r0, [r4, #152]	@ 0x98
    3ef4:	e59f03fc 	ldr	r0, [pc, #1020]	@ 0x42f8
    3ef8:	e1a01004 	mov	r1, r4
    3efc:	e59d2000 	ldr	r2, [sp]
    3f00:	e59fc3f4 	ldr	ip, [pc, #1012]	@ 0x42fc
    3f04:	e12fff3c 	blx	ip
    3f08:	e3500000 	cmp	r0, #0
    3f0c:	1a000028 	bne	0x3fb4
    3f10:	e594101c 	ldr	r1, [r4, #28]
    3f14:	e5950030 	ldr	r0, [r5, #48]	@ 0x30
    3f18:	e59fe348 	ldr	lr, [pc, #840]	@ 0x4268
    3f1c:	e7f1e3fc 	udf	#7740	@ 0x1e3c
    3f20:	2a000020 	bcs	0x3fa8
    3f24:	e7ee01f4 			@ <UNDEFINED> instruction: 0xe7ee01f4
    3f28:	e584e004 	str	lr, [r4, #4]
    3f2c:	eafffa77 	b	0x2910
    3f30:	e3a0e000 	mov	lr, #0
    3f34:	e584e030 	str	lr, [r4, #48]	@ 0x30
    3f38:	ea000011 	b	0x3f84
    3f3c:	e3a0e03d 	mov	lr, #61	@ 0x3d
    3f40:	e584e05c 	str	lr, [r4, #92]	@ 0x5c
    3f44:	e59f03b4 	ldr	r0, [pc, #948]	@ 0x4300
    3f48:	e1a01004 	mov	r1, r4
    3f4c:	e59d2000 	ldr	r2, [sp]
    3f50:	e59fc3ac 	ldr	ip, [pc, #940]	@ 0x4304
    3f54:	e12fff3c 	blx	ip
    3f58:	e3500000 	cmp	r0, #0
    3f5c:	1a000014 	bne	0x3fb4
    3f60:	e5940088 	ldr	r0, [r4, #136]	@ 0x88
    3f64:	e5951030 	ldr	r1, [r5, #48]	@ 0x30
    3f68:	e594205c 	ldr	r2, [r4, #92]	@ 0x5c
    3f6c:	e59fc2f4 	ldr	ip, [pc, #756]	@ 0x4268
    3f70:	e150000c 	cmp	r0, ip
    3f74:	8a00000b 	bhi	0x3fa8
    3f78:	e7d210f4 			@ <UNDEFINED> instruction: 0xe7d210f4
    3f7c:	e3e0e000 	mvn	lr, #0
    3f80:	e584e030 	str	lr, [r4, #48]	@ 0x30
    3f84:	e594c01c 	ldr	ip, [r4, #28]
    3f88:	e28c0040 	add	r0, ip, #64	@ 0x40
    3f8c:	e595103c 	ldr	r1, [r5, #60]	@ 0x3c
    3f90:	e5810008 	str	r0, [r1, #8]
    3f94:	e59f036c 	ldr	r0, [pc, #876]	@ 0x4308
    3f98:	e30ccabc 	movw	ip, #51900	@ 0xcabc
    3f9c:	e34ccdef 	movt	ip, #52719	@ 0xcdef
    3fa0:	e28dd004 	add	sp, sp, #4
    3fa4:	e8bd8fc0 	pop	{r6, r7, r8, r9, sl, fp, pc}
    3fa8:	e3a00008 	mov	r0, #8
    3fac:	e59d1000 	ldr	r1, [sp]
    3fb0:	e5810010 	str	r0, [r1, #16]
    3fb4:	e59d0000 	ldr	r0, [sp]
    3fb8:	e59d101c 	ldr	r1, [sp, #28]
    3fbc:	e59fc348 	ldr	ip, [pc, #840]	@ 0x430c
    3fc0:	e12fff3c 	blx	ip
    3fc4:	e28dd004 	add	sp, sp, #4
    3fc8:	e8bd0fc0 	pop	{r6, r7, r8, r9, sl, fp}
    3fcc:	e28dd004 	add	sp, sp, #4
    3fd0:	e12fff10 	bx	r0
    3fd4:	e92d40c0 	push	{r6, r7, lr}
    3fd8:	e24dd004 	sub	sp, sp, #4
    3fdc:	e58d0000 	str	r0, [sp]
    3fe0:	e30cc123 	movw	ip, #49443	@ 0xc123
    3fe4:	e34cc456 	movt	ip, #50262	@ 0xc456
    3fe8:	e5940000 	ldr	r0, [r4]
    3fec:	e5941004 	ldr	r1, [r4, #4]
    3ff0:	e5942008 	ldr	r2, [r4, #8]
    3ff4:	e1a07000 	mov	r7, r0
    3ff8:	e5956030 	ldr	r6, [r5, #48]	@ 0x30
    3ffc:	e3e0c4fe 	mvn	ip, #-33554432	@ 0xfe000000
    4000:	e3ccc8fe 	bic	ip, ip, #16646144	@ 0xfe0000
    4004:	e157000c 	cmp	r7, ip
    4008:	8a000011 	bhi	0x4054
    400c:	e7e367f0 			@ <UNDEFINED> instruction: 0xe7e367f0
    4010:	e3130020 	tst	r3, #32
    4014:	1a000009 	bne	0x4040
    4018:	e5841004 	str	r1, [r4, #4]
    401c:	e5842008 	str	r2, [r4, #8]
    4020:	e5840000 	str	r0, [r4]
    4024:	e59f02e4 	ldr	r0, [pc, #740]	@ 0x4310
    4028:	e1a01004 	mov	r1, r4
    402c:	e59d2000 	ldr	r2, [sp]
    4030:	e59fc2dc 	ldr	ip, [pc, #732]	@ 0x4314
    4034:	e12fff3c 	blx	ip
    4038:	e3500000 	cmp	r0, #0
    403c:	1a000007 	bne	0x4060
    4040:	e59f02d0 	ldr	r0, [pc, #720]	@ 0x4318
    4044:	e30ccabc 	movw	ip, #51900	@ 0xcabc
    4048:	e34ccdef 	movt	ip, #52719	@ 0xcdef
    404c:	e28dd004 	add	sp, sp, #4
    4050:	e8bd80c0 	pop	{r6, r7, pc}
    4054:	e3a00008 	mov	r0, #8
    4058:	e59d1000 	ldr	r1, [sp]
    405c:	e5810010 	str	r0, [r1, #16]
    4060:	e59d0000 	ldr	r0, [sp]
    4064:	e59d100c 	ldr	r1, [sp, #12]
    4068:	e59fc2ac 	ldr	ip, [pc, #684]	@ 0x431c
    406c:	e12fff3c 	blx	ip
    4070:	e28dd004 	add	sp, sp, #4
    4074:	e8bd00c0 	pop	{r6, r7}
    4078:	e28dd004 	add	sp, sp, #4
    407c:	e12fff10 	bx	r0
    4080:	e92d47c0 	push	{r6, r7, r8, r9, sl, lr}
    4084:	e24dd008 	sub	sp, sp, #8
    4088:	e58d0000 	str	r0, [sp]
    408c:	e30cc123 	movw	ip, #49443	@ 0xc123
    4090:	e34cc456 	movt	ip, #50262	@ 0xc456
    4094:	e5940000 	ldr	r0, [r4]
    4098:	e3a01000 	mov	r1, #0
    409c:	e1a06000 	mov	r6, r0
    40a0:	e5953030 	ldr	r3, [r5, #48]	@ 0x30
    40a4:	e59fc1bc 	ldr	ip, [pc, #444]	@ 0x4268
    40a8:	e156000c 	cmp	r6, ip
    40ac:	8a00003a 	bhi	0x419c
    40b0:	e7e236f4 			@ <UNDEFINED> instruction: 0xe7e236f4
    40b4:	e1a03002 	mov	r3, r2
    40b8:	e1a07002 	mov	r7, r2
    40bc:	e5956030 	ldr	r6, [r5, #48]	@ 0x30
    40c0:	e3e0c4fe 	mvn	ip, #-33554432	@ 0xfe000000
    40c4:	e3ccc8fe 	bic	ip, ip, #16646144	@ 0xfe0000
    40c8:	e157000c 	cmp	r7, ip
    40cc:	8a000032 	bhi	0x419c
    40d0:	e7e267f1 			@ <UNDEFINED> instruction: 0xe7e267f1
    40d4:	e2422030 	sub	r2, r2, #48	@ 0x30
    40d8:	e1a06002 	mov	r6, r2
    40dc:	e3520009 	cmp	r2, #9
    40e0:	9a000004 	bls	0x40f8
    40e4:	e3a0e000 	mov	lr, #0
    40e8:	e584e018 	str	lr, [r4, #24]
    40ec:	e3a009ff 	mov	r0, #4177920	@ 0x3fc000
    40f0:	e3800fe4 	orr	r0, r0, #228, 30	@ 0x390
    40f4:	ea000026 	b	0x4194
    40f8:	e3e02000 	mvn	r2, #0
    40fc:	e59fc21c 	ldr	ip, [pc, #540]	@ 0x4320
    4100:	e151000c 	cmp	r1, ip
    4104:	8a000008 	bhi	0x412c
    4108:	e3a0c00a 	mov	ip, #10
    410c:	e0070c91 	mul	r7, r1, ip
    4110:	e1a08007 	mov	r8, r7
    4114:	e0867007 	add	r7, r6, r7
    4118:	e3e0c480 	mvn	ip, #128, 8	@ 0x80000000
    411c:	e028800c 	eor	r8, r8, ip
    4120:	e1560008 	cmp	r6, r8
    4124:	e3e02000 	mvn	r2, #0
    4128:	91a02007 	movls	r2, r7
    412c:	e2837001 	add	r7, r3, #1
    4130:	e1a08007 	mov	r8, r7
    4134:	e1a0a000 	mov	sl, r0
    4138:	e5959030 	ldr	r9, [r5, #48]	@ 0x30
    413c:	e59fc124 	ldr	ip, [pc, #292]	@ 0x4268
    4140:	e15a000c 	cmp	sl, ip
    4144:	8a000014 	bhi	0x419c
    4148:	e7d79af4 			@ <UNDEFINED> instruction: 0xe7d79af4
    414c:	e1a0a003 	mov	sl, r3
    4150:	e5959030 	ldr	r9, [r5, #48]	@ 0x30
    4154:	e3e0e4fe 	mvn	lr, #-33554432	@ 0xfe000000
    4158:	e3cee8fe 	bic	lr, lr, #16646144	@ 0xfe0000
    415c:	e7fae0f1 	udf	#44545	@ 0xae01
    4160:	2a00000d 	bcs	0x419c
    4164:	e7e79af1 			@ <UNDEFINED> instruction: 0xe7e79af1
    4168:	e1a01002 	mov	r1, r2
    416c:	e1a03008 	mov	r3, r8
    4170:	e2477030 	sub	r7, r7, #48	@ 0x30
    4174:	e1a06007 	mov	r6, r7
    4178:	e357000a 	cmp	r7, #10
    417c:	3affffdd 	bcc	0x40f8
    4180:	e5842010 	str	r2, [r4, #16]
    4184:	e3a009ff 	mov	r0, #4177920	@ 0x3fc000
    4188:	e3800e48 	orr	r0, r0, #72, 28	@ 0x480
    418c:	e30ccabc 	movw	ip, #51900	@ 0xcabc
    4190:	e34ccdef 	movt	ip, #52719	@ 0xcdef
    4194:	e28dd008 	add	sp, sp, #8
    4198:	e8bd87c0 	pop	{r6, r7, r8, r9, sl, pc}
    419c:	e3a00008 	mov	r0, #8
    41a0:	e59d1000 	ldr	r1, [sp]
    41a4:	e5810010 	str	r0, [r1, #16]
    41a8:	e59d0000 	ldr	r0, [sp]
    41ac:	e59d101c 	ldr	r1, [sp, #28]
    41b0:	e59fc16c 	ldr	ip, [pc, #364]	@ 0x4324
    41b4:	e12fff3c 	blx	ip
    41b8:	e28dd008 	add	sp, sp, #8
    41bc:	e8bd07c0 	pop	{r6, r7, r8, r9, sl}
    41c0:	e28dd004 	add	sp, sp, #4
    41c4:	e12fff10 	bx	r0
    41c8:	e92d41c0 	push	{r6, r7, r8, lr}
    41cc:	e24dd008 	sub	sp, sp, #8
    41d0:	e58d0000 	str	r0, [sp]
    41d4:	e30cc123 	movw	ip, #49443	@ 0xc123
    41d8:	e34cc456 	movt	ip, #50262	@ 0xc456
    41dc:	e5940000 	ldr	r0, [r4]
    41e0:	e5941004 	ldr	r1, [r4, #4]
    41e4:	e5942008 	ldr	r2, [r4, #8]
    41e8:	e594300c 	ldr	r3, [r4, #12]
    41ec:	e2411009 	sub	r1, r1, #9
    41f0:	e1a0e001 	mov	lr, r1
    41f4:	e35e0012 	cmp	lr, #18
    41f8:	23a0e012 	movcs	lr, #18
    41fc:	e1a0e10e 	lsl	lr, lr, #2
    4200:	e59fc120 	ldr	ip, [pc, #288]	@ 0x4328
    4204:	e08ee00c 	add	lr, lr, ip
    4208:	e59ec000 	ldr	ip, [lr]
    420c:	e12fff1c 	bx	ip
    4210:	e1a07002 	mov	r7, r2
    4214:	e5956030 	ldr	r6, [r5, #48]	@ 0x30
    4218:	e59fc048 	ldr	ip, [pc, #72]	@ 0x4268
    421c:	e157000c 	cmp	r7, ip
    4220:	8a000253 	bhi	0x4b74
    4224:	e7e167f4 			@ <UNDEFINED> instruction: 0xe7e167f4
    4228:	e1a06001 	mov	r6, r1
    422c:	e2811004 	add	r1, r1, #4
    4230:	e1a08002 	mov	r8, r2
    4234:	e5957030 	ldr	r7, [r5, #48]	@ 0x30
    4238:	ea00003b 	b	0x432c
	...
    4258:	4085a7bc 			@ <UNDEFINED> instruction: 0x4085a7bc
    425c:	4085a844 	addmi	sl, r5, r4, asr #16
    4260:	0101fff8 	strdeq	pc, [r1, -r8]
    4264:	4085a864 	addmi	sl, r5, r4, ror #16
    4268:	0101fffc 	strdeq	pc, [r1, -ip]
    426c:	0101fffe 	strdeq	pc, [r1, -lr]
    4270:	00404498 	umaaleq	r4, r0, r8, r4
    4274:	0004890c 	andeq	r8, r4, ip, lsl #18
    4278:	0040455c 	subeq	r4, r0, ip, asr r5
    427c:	0004890c 	andeq	r8, r4, ip, lsl #18
    4280:	004046ec 	subeq	r4, r0, ip, ror #13
    4284:	0004890c 	andeq	r8, r4, ip, lsl #18
    4288:	00404854 	subeq	r4, r0, r4, asr r8
    428c:	0004890c 	andeq	r8, r4, ip, lsl #18
    4290:	00404954 	subeq	r4, r0, r4, asr r9
    4294:	0004890c 	andeq	r8, r4, ip, lsl #18
    4298:	00404a10 	subeq	r4, r0, r0, lsl sl
    429c:	0004890c 	andeq	r8, r4, ip, lsl #18
    42a0:	00404adc 	ldrdeq	r4, [r0], #-172	@ 0xffffff54
    42a4:	0004890c 	andeq	r8, r4, ip, lsl #18
    42a8:	00404b58 	subeq	r4, r0, r8, asr fp
    42ac:	0004890c 	andeq	r8, r4, ip, lsl #18
    42b0:	00404bb8 	strheq	r4, [r0], #-184	@ 0xffffff48
    42b4:	0004890c 	andeq	r8, r4, ip, lsl #18
    42b8:	00404c20 	subeq	r4, r0, r0, lsr #24
    42bc:	0004890c 	andeq	r8, r4, ip, lsl #18
    42c0:	00404c98 	umaaleq	r4, r0, r8, ip
    42c4:	00048c48 	andeq	r8, r4, r8, asr #24
    42c8:	00404d98 	umaaleq	r4, r0, r8, sp
    42cc:	0004890c 	andeq	r8, r4, ip, lsl #18
    42d0:	00404fe4 	subeq	r4, r0, r4, ror #31
    42d4:	0004890c 	andeq	r8, r4, ip, lsl #18
    42d8:	00404ffc 	strdeq	r4, [r0], #-252	@ 0xffffff04
    42dc:	0004890c 	andeq	r8, r4, ip, lsl #18
    42e0:	00405034 	subeq	r5, r0, r4, lsr r0
    42e4:	0004890c 	andeq	r8, r4, ip, lsl #18
    42e8:	00405058 	subeq	r5, r0, r8, asr r0
    42ec:	0004890c 	andeq	r8, r4, ip, lsl #18
    42f0:	00405070 	subeq	r5, r0, r0, ror r0
    42f4:	0004890c 	andeq	r8, r4, ip, lsl #18
    42f8:	004050a8 	subeq	r5, r0, r8, lsr #1
    42fc:	0004890c 	andeq	r8, r4, ip, lsl #18
    4300:	004050f0 	strdeq	r5, [r0], #-0
    4304:	0004890c 	andeq	r8, r4, ip, lsl #18
    4308:	00405134 	subeq	r5, r0, r4, lsr r1
    430c:	00048004 	andeq	r8, r4, r4
    4310:	003fe978 	eorseq	lr, pc, r8, ror r9	@ <UNPREDICTABLE>
    4314:	0004890c 	andeq	r8, r4, ip, lsl #18
    4318:	003fe994 	mlaseq	pc, r4, r9, lr	@ <UNPREDICTABLE>
    431c:	00048004 	andeq	r8, r4, r4
    4320:	0ccccccc 	stcleq	12, cr12, [ip], {204}	@ 0xcc
    4324:	00048004 	andeq	r8, r4, r4
    4328:	4085a888 	addmi	sl, r5, r8, lsl #17
    432c:	e59fcfe4 	ldr	ip, [pc, #4068]	@ 0x5318
    4330:	e158000c 	cmp	r8, ip
    4334:	8a00020e 	bhi	0x4b74
    4338:	e7d178f4 			@ <UNDEFINED> instruction: 0xe7d178f4
    433c:	e1a07006 	mov	r7, r6
    4340:	e5951030 	ldr	r1, [r5, #48]	@ 0x30
    4344:	e59fcfcc 	ldr	ip, [pc, #4044]	@ 0x5318
    4348:	e157000c 	cmp	r7, ip
    434c:	8a000208 	bhi	0x4b74
    4350:	e7e617f4 			@ <UNDEFINED> instruction: 0xe7e617f4
    4354:	e1a07000 	mov	r7, r0
    4358:	e5951030 	ldr	r1, [r5, #48]	@ 0x30
    435c:	e59fcfb4 	ldr	ip, [pc, #4020]	@ 0x5318
    4360:	e157000c 	cmp	r7, ip
    4364:	8a000202 	bhi	0x4b74
    4368:	e7d617f4 			@ <UNDEFINED> instruction: 0xe7d617f4
    436c:	e59f0fa8 	ldr	r0, [pc, #4008]	@ 0x531c
    4370:	ea0001fd 	b	0x4b6c
    4374:	e1a07002 	mov	r7, r2
    4378:	e5956030 	ldr	r6, [r5, #48]	@ 0x30
    437c:	e59fcf94 	ldr	ip, [pc, #3988]	@ 0x5318
    4380:	e157000c 	cmp	r7, ip
    4384:	8a0001fa 	bhi	0x4b74
    4388:	e7e167f4 			@ <UNDEFINED> instruction: 0xe7e167f4
    438c:	e1a06001 	mov	r6, r1
    4390:	e2811004 	add	r1, r1, #4
    4394:	e1a08002 	mov	r8, r2
    4398:	e5957030 	ldr	r7, [r5, #48]	@ 0x30
    439c:	e59fcf74 	ldr	ip, [pc, #3956]	@ 0x5318
    43a0:	e158000c 	cmp	r8, ip
    43a4:	8a0001f2 	bhi	0x4b74
    43a8:	e7d178f4 			@ <UNDEFINED> instruction: 0xe7d178f4
    43ac:	e5958030 	ldr	r8, [r5, #48]	@ 0x30
    43b0:	e59fcf60 	ldr	ip, [pc, #3936]	@ 0x5318
    43b4:	e156000c 	cmp	r6, ip
    43b8:	8a0001ed 	bhi	0x4b74
    43bc:	e7981006 	ldr	r1, [r8, r6]
    43c0:	e1a07fc1 	asr	r7, r1, #31
    43c4:	e1a08000 	mov	r8, r0
    43c8:	e5956030 	ldr	r6, [r5, #48]	@ 0x30
    43cc:	e59fcf4c 	ldr	ip, [pc, #3916]	@ 0x5320
    43d0:	e158000c 	cmp	r8, ip
    43d4:	8a0001e6 	bhi	0x4b74
    43d8:	e086c008 	add	ip, r6, r8
    43dc:	e58c1000 	str	r1, [ip]
    43e0:	e58c7004 	str	r7, [ip, #4]
    43e4:	e59f0f38 	ldr	r0, [pc, #3896]	@ 0x5324
    43e8:	ea0001df 	b	0x4b6c
    43ec:	e1a07002 	mov	r7, r2
    43f0:	e5956030 	ldr	r6, [r5, #48]	@ 0x30
    43f4:	e59fcf1c 	ldr	ip, [pc, #3868]	@ 0x5318
    43f8:	e157000c 	cmp	r7, ip
    43fc:	8a0001dc 	bhi	0x4b74
    4400:	e7e167f4 			@ <UNDEFINED> instruction: 0xe7e167f4
    4404:	e1a06001 	mov	r6, r1
    4408:	e2811004 	add	r1, r1, #4
    440c:	e1a08002 	mov	r8, r2
    4410:	e5957030 	ldr	r7, [r5, #48]	@ 0x30
    4414:	e59fcefc 	ldr	ip, [pc, #3836]	@ 0x5318
    4418:	e158000c 	cmp	r8, ip
    441c:	8a0001d4 	bhi	0x4b74
    4420:	e7d178f4 			@ <UNDEFINED> instruction: 0xe7d178f4
    4424:	e5958030 	ldr	r8, [r5, #48]	@ 0x30
    4428:	e59fcee8 	ldr	ip, [pc, #3816]	@ 0x5318
    442c:	e156000c 	cmp	r6, ip
    4430:	8a0001cf 	bhi	0x4b74
    4434:	e7981006 	ldr	r1, [r8, r6]
    4438:	e3a07000 	mov	r7, #0
    443c:	e1a08000 	mov	r8, r0
    4440:	e5956030 	ldr	r6, [r5, #48]	@ 0x30
    4444:	e59fced4 	ldr	ip, [pc, #3796]	@ 0x5320
    4448:	e158000c 	cmp	r8, ip
    444c:	8a0001c8 	bhi	0x4b74
    4450:	e086c008 	add	ip, r6, r8
    4454:	e58c1000 	str	r1, [ip]
    4458:	e58c7004 	str	r7, [ip, #4]
    445c:	e59f0ec4 	ldr	r0, [pc, #3780]	@ 0x5328
    4460:	ea0001c1 	b	0x4b6c
    4464:	e1a07002 	mov	r7, r2
    4468:	e5956030 	ldr	r6, [r5, #48]	@ 0x30
    446c:	e59fcea4 	ldr	ip, [pc, #3748]	@ 0x5318
    4470:	e157000c 	cmp	r7, ip
    4474:	8a0001be 	bhi	0x4b74
    4478:	e7e167f4 			@ <UNDEFINED> instruction: 0xe7e167f4
    447c:	e1a06001 	mov	r6, r1
    4480:	e2811004 	add	r1, r1, #4
    4484:	e1a08002 	mov	r8, r2
    4488:	e5957030 	ldr	r7, [r5, #48]	@ 0x30
    448c:	e59fce84 	ldr	ip, [pc, #3716]	@ 0x5318
    4490:	e158000c 	cmp	r8, ip
    4494:	8a0001b6 	bhi	0x4b74
    4498:	e7d178f4 			@ <UNDEFINED> instruction: 0xe7d178f4
    449c:	e5958030 	ldr	r8, [r5, #48]	@ 0x30
    44a0:	e59fce70 	ldr	ip, [pc, #3696]	@ 0x5318
    44a4:	e156000c 	cmp	r6, ip
    44a8:	8a0001b1 	bhi	0x4b74
    44ac:	e7981006 	ldr	r1, [r8, r6]
    44b0:	e1a07fc1 	asr	r7, r1, #31
    44b4:	e1a08000 	mov	r8, r0
    44b8:	e5956030 	ldr	r6, [r5, #48]	@ 0x30
    44bc:	e59fce5c 	ldr	ip, [pc, #3676]	@ 0x5320
    44c0:	e158000c 	cmp	r8, ip
    44c4:	8a0001aa 	bhi	0x4b74
    44c8:	e086c008 	add	ip, r6, r8
    44cc:	e58c1000 	str	r1, [ip]
    44d0:	e58c7004 	str	r7, [ip, #4]
    44d4:	e59f0e50 	ldr	r0, [pc, #3664]	@ 0x532c
    44d8:	ea0001a3 	b	0x4b6c
    44dc:	e1a07002 	mov	r7, r2
    44e0:	e5956030 	ldr	r6, [r5, #48]	@ 0x30
    44e4:	e59fce2c 	ldr	ip, [pc, #3628]	@ 0x5318
    44e8:	e157000c 	cmp	r7, ip
    44ec:	8a0001a0 	bhi	0x4b74
    44f0:	e7e167f4 			@ <UNDEFINED> instruction: 0xe7e167f4
    44f4:	e1a06001 	mov	r6, r1
    44f8:	e2811004 	add	r1, r1, #4
    44fc:	e1a08002 	mov	r8, r2
    4500:	e5957030 	ldr	r7, [r5, #48]	@ 0x30
    4504:	e59fce0c 	ldr	ip, [pc, #3596]	@ 0x5318
    4508:	e158000c 	cmp	r8, ip
    450c:	8a000198 	bhi	0x4b74
    4510:	e7d178f4 			@ <UNDEFINED> instruction: 0xe7d178f4
    4514:	e5958030 	ldr	r8, [r5, #48]	@ 0x30
    4518:	e59fcdf8 	ldr	ip, [pc, #3576]	@ 0x5318
    451c:	e156000c 	cmp	r6, ip
    4520:	8a000193 	bhi	0x4b74
    4524:	e7981006 	ldr	r1, [r8, r6]
    4528:	e3a07000 	mov	r7, #0
    452c:	e1a08000 	mov	r8, r0
    4530:	e5956030 	ldr	r6, [r5, #48]	@ 0x30
    4534:	e59fcde4 	ldr	ip, [pc, #3556]	@ 0x5320
    4538:	e158000c 	cmp	r8, ip
    453c:	8a00018c 	bhi	0x4b74
    4540:	e086c008 	add	ip, r6, r8
    4544:	e58c1000 	str	r1, [ip]
    4548:	e58c7004 	str	r7, [ip, #4]
    454c:	e59f0ddc 	ldr	r0, [pc, #3548]	@ 0x5330
    4550:	ea000185 	b	0x4b6c
    4554:	e1a07002 	mov	r7, r2
    4558:	e5956030 	ldr	r6, [r5, #48]	@ 0x30
    455c:	e59fcdb4 	ldr	ip, [pc, #3508]	@ 0x5318
    4560:	e157000c 	cmp	r7, ip
    4564:	8a000182 	bhi	0x4b74
    4568:	e7e167f4 			@ <UNDEFINED> instruction: 0xe7e167f4
    456c:	e2811007 	add	r1, r1, #7
    4570:	e3c11007 	bic	r1, r1, #7
    4574:	e1a06001 	mov	r6, r1
    4578:	e2811008 	add	r1, r1, #8
    457c:	e1a08002 	mov	r8, r2
    4580:	e5957030 	ldr	r7, [r5, #48]	@ 0x30
    4584:	e59fcd8c 	ldr	ip, [pc, #3468]	@ 0x5318
    4588:	e158000c 	cmp	r8, ip
    458c:	8a000178 	bhi	0x4b74
    4590:	e7d178f4 			@ <UNDEFINED> instruction: 0xe7d178f4
    4594:	e5958030 	ldr	r8, [r5, #48]	@ 0x30
    4598:	e59fcd80 	ldr	ip, [pc, #3456]	@ 0x5320
    459c:	e156000c 	cmp	r6, ip
    45a0:	8a000173 	bhi	0x4b74
    45a4:	e088c006 	add	ip, r8, r6
    45a8:	e59c1000 	ldr	r1, [ip]
    45ac:	e59c7004 	ldr	r7, [ip, #4]
    45b0:	e1a08000 	mov	r8, r0
    45b4:	e5956030 	ldr	r6, [r5, #48]	@ 0x30
    45b8:	e59fcd60 	ldr	ip, [pc, #3424]	@ 0x5320
    45bc:	e158000c 	cmp	r8, ip
    45c0:	8a00016b 	bhi	0x4b74
    45c4:	e086c008 	add	ip, r6, r8
    45c8:	e58c1000 	str	r1, [ip]
    45cc:	e58c7004 	str	r7, [ip, #4]
    45d0:	e59f0d5c 	ldr	r0, [pc, #3420]	@ 0x5334
    45d4:	ea000164 	b	0x4b6c
    45d8:	e1a07002 	mov	r7, r2
    45dc:	e5956030 	ldr	r6, [r5, #48]	@ 0x30
    45e0:	e59fcd30 	ldr	ip, [pc, #3376]	@ 0x5318
    45e4:	e157000c 	cmp	r7, ip
    45e8:	8a000161 	bhi	0x4b74
    45ec:	e7e167f4 			@ <UNDEFINED> instruction: 0xe7e167f4
    45f0:	e1a06001 	mov	r6, r1
    45f4:	e2811004 	add	r1, r1, #4
    45f8:	e1a08002 	mov	r8, r2
    45fc:	e5957030 	ldr	r7, [r5, #48]	@ 0x30
    4600:	e59fcd10 	ldr	ip, [pc, #3344]	@ 0x5318
    4604:	e158000c 	cmp	r8, ip
    4608:	8a000159 	bhi	0x4b74
    460c:	e7d178f4 			@ <UNDEFINED> instruction: 0xe7d178f4
    4610:	e5958030 	ldr	r8, [r5, #48]	@ 0x30
    4614:	e59fcd1c 	ldr	ip, [pc, #3356]	@ 0x5338
    4618:	e156000c 	cmp	r6, ip
    461c:	8a000154 	bhi	0x4b74
    4620:	e19810f6 	ldrsh	r1, [r8, r6]
    4624:	e1a07fc1 	asr	r7, r1, #31
    4628:	e1a08000 	mov	r8, r0
    462c:	e5956030 	ldr	r6, [r5, #48]	@ 0x30
    4630:	e59fcce8 	ldr	ip, [pc, #3304]	@ 0x5320
    4634:	e158000c 	cmp	r8, ip
    4638:	8a00014d 	bhi	0x4b74
    463c:	e086c008 	add	ip, r6, r8
    4640:	e58c1000 	str	r1, [ip]
    4644:	e58c7004 	str	r7, [ip, #4]
    4648:	e59f0cec 	ldr	r0, [pc, #3308]	@ 0x533c
    464c:	ea000146 	b	0x4b6c
    4650:	e1a07002 	mov	r7, r2
    4654:	e5956030 	ldr	r6, [r5, #48]	@ 0x30
    4658:	e59fccb8 	ldr	ip, [pc, #3256]	@ 0x5318
    465c:	e157000c 	cmp	r7, ip
    4660:	8a000143 	bhi	0x4b74
    4664:	e7e167f4 			@ <UNDEFINED> instruction: 0xe7e167f4
    4668:	e1a06001 	mov	r6, r1
    466c:	e2811004 	add	r1, r1, #4
    4670:	e1a08002 	mov	r8, r2
    4674:	e5957030 	ldr	r7, [r5, #48]	@ 0x30
    4678:	e59fcc98 	ldr	ip, [pc, #3224]	@ 0x5318
    467c:	e158000c 	cmp	r8, ip
    4680:	8a00013b 	bhi	0x4b74
    4684:	e7d178f4 			@ <UNDEFINED> instruction: 0xe7d178f4
    4688:	e5958030 	ldr	r8, [r5, #48]	@ 0x30
    468c:	e59fcca4 	ldr	ip, [pc, #3236]	@ 0x5338
    4690:	e156000c 	cmp	r6, ip
    4694:	8a000136 	bhi	0x4b74
    4698:	e19810b6 	ldrh	r1, [r8, r6]
    469c:	e3a07000 	mov	r7, #0
    46a0:	e1a08000 	mov	r8, r0
    46a4:	e5956030 	ldr	r6, [r5, #48]	@ 0x30
    46a8:	e59fcc70 	ldr	ip, [pc, #3184]	@ 0x5320
    46ac:	e158000c 	cmp	r8, ip
    46b0:	8a00012f 	bhi	0x4b74
    46b4:	e086c008 	add	ip, r6, r8
    46b8:	e58c1000 	str	r1, [ip]
    46bc:	e58c7004 	str	r7, [ip, #4]
    46c0:	e59f0c78 	ldr	r0, [pc, #3192]	@ 0x5340
    46c4:	ea000128 	b	0x4b6c
    46c8:	e1a07002 	mov	r7, r2
    46cc:	e5956030 	ldr	r6, [r5, #48]	@ 0x30
    46d0:	e59fcc40 	ldr	ip, [pc, #3136]	@ 0x5318
    46d4:	e157000c 	cmp	r7, ip
    46d8:	8a000125 	bhi	0x4b74
    46dc:	e7e167f4 			@ <UNDEFINED> instruction: 0xe7e167f4
    46e0:	e1a06001 	mov	r6, r1
    46e4:	e2811004 	add	r1, r1, #4
    46e8:	e1a08002 	mov	r8, r2
    46ec:	e5957030 	ldr	r7, [r5, #48]	@ 0x30
    46f0:	e59fcc20 	ldr	ip, [pc, #3104]	@ 0x5318
    46f4:	e158000c 	cmp	r8, ip
    46f8:	8a00011d 	bhi	0x4b74
    46fc:	e7d178f4 			@ <UNDEFINED> instruction: 0xe7d178f4
    4700:	e5958030 	ldr	r8, [r5, #48]	@ 0x30
    4704:	e3e0c4fe 	mvn	ip, #-33554432	@ 0xfe000000
    4708:	e3ccc8fe 	bic	ip, ip, #16646144	@ 0xfe0000
    470c:	e156000c 	cmp	r6, ip
    4710:	8a000117 	bhi	0x4b74
    4714:	e19810d6 	ldrsb	r1, [r8, r6]
    4718:	e1a07fc1 	asr	r7, r1, #31
    471c:	e1a08000 	mov	r8, r0
    4720:	e5956030 	ldr	r6, [r5, #48]	@ 0x30
    4724:	e59fcbf4 	ldr	ip, [pc, #3060]	@ 0x5320
    4728:	e158000c 	cmp	r8, ip
    472c:	8a000110 	bhi	0x4b74
    4730:	e086c008 	add	ip, r6, r8
    4734:	e58c1000 	str	r1, [ip]
    4738:	e58c7004 	str	r7, [ip, #4]
    473c:	e59f0c00 	ldr	r0, [pc, #3072]	@ 0x5344
    4740:	ea000109 	b	0x4b6c
    4744:	e1a07002 	mov	r7, r2
    4748:	e5956030 	ldr	r6, [r5, #48]	@ 0x30
    474c:	e59fcbc4 	ldr	ip, [pc, #3012]	@ 0x5318
    4750:	e157000c 	cmp	r7, ip
    4754:	8a000106 	bhi	0x4b74
    4758:	e7e167f4 			@ <UNDEFINED> instruction: 0xe7e167f4
    475c:	e1a06001 	mov	r6, r1
    4760:	e2811004 	add	r1, r1, #4
    4764:	e1a08002 	mov	r8, r2
    4768:	e5957030 	ldr	r7, [r5, #48]	@ 0x30
    476c:	e59fcba4 	ldr	ip, [pc, #2980]	@ 0x5318
    4770:	e158000c 	cmp	r8, ip
    4774:	8a0000fe 	bhi	0x4b74
    4778:	e7d178f4 			@ <UNDEFINED> instruction: 0xe7d178f4
    477c:	e5958030 	ldr	r8, [r5, #48]	@ 0x30
    4780:	e3e0c4fe 	mvn	ip, #-33554432	@ 0xfe000000
    4784:	e3ccc8fe 	bic	ip, ip, #16646144	@ 0xfe0000
    4788:	e156000c 	cmp	r6, ip
    478c:	8a0000f8 	bhi	0x4b74
    4790:	e7d81006 	ldrb	r1, [r8, r6]
    4794:	e3a07000 	mov	r7, #0
    4798:	e1a08000 	mov	r8, r0
    479c:	e5956030 	ldr	r6, [r5, #48]	@ 0x30
    47a0:	e59fcb78 	ldr	ip, [pc, #2936]	@ 0x5320
    47a4:	e158000c 	cmp	r8, ip
    47a8:	8a0000f1 	bhi	0x4b74
    47ac:	e086c008 	add	ip, r6, r8
    47b0:	e58c1000 	str	r1, [ip]
    47b4:	e58c7004 	str	r7, [ip, #4]
    47b8:	e59f0b88 	ldr	r0, [pc, #2952]	@ 0x5348
    47bc:	ea0000ea 	b	0x4b6c
    47c0:	e1a07002 	mov	r7, r2
    47c4:	e5956030 	ldr	r6, [r5, #48]	@ 0x30
    47c8:	e59fcb48 	ldr	ip, [pc, #2888]	@ 0x5318
    47cc:	e157000c 	cmp	r7, ip
    47d0:	8a0000e7 	bhi	0x4b74
    47d4:	e7e167f4 			@ <UNDEFINED> instruction: 0xe7e167f4
    47d8:	e2811007 	add	r1, r1, #7
    47dc:	e3c11007 	bic	r1, r1, #7
    47e0:	e1a06001 	mov	r6, r1
    47e4:	e2811008 	add	r1, r1, #8
    47e8:	e1a08002 	mov	r8, r2
    47ec:	e5957030 	ldr	r7, [r5, #48]	@ 0x30
    47f0:	e59fcb20 	ldr	ip, [pc, #2848]	@ 0x5318
    47f4:	e158000c 	cmp	r8, ip
    47f8:	8a0000dd 	bhi	0x4b74
    47fc:	e7d178f4 			@ <UNDEFINED> instruction: 0xe7d178f4
    4800:	e5958030 	ldr	r8, [r5, #48]	@ 0x30
    4804:	e59fcb14 	ldr	ip, [pc, #2836]	@ 0x5320
    4808:	e156000c 	cmp	r6, ip
    480c:	8a0000d8 	bhi	0x4b74
    4810:	e088c006 	add	ip, r8, r6
    4814:	e59c1000 	ldr	r1, [ip]
    4818:	e59c7004 	ldr	r7, [ip, #4]
    481c:	e1a08000 	mov	r8, r0
    4820:	e5956030 	ldr	r6, [r5, #48]	@ 0x30
    4824:	e59fcaf4 	ldr	ip, [pc, #2804]	@ 0x5320
    4828:	e158000c 	cmp	r8, ip
    482c:	8a0000d0 	bhi	0x4b74
    4830:	e086c008 	add	ip, r6, r8
    4834:	e58c1000 	str	r1, [ip]
    4838:	e58c7004 	str	r7, [ip, #4]
    483c:	e59f0b08 	ldr	r0, [pc, #2824]	@ 0x534c
    4840:	ea0000c9 	b	0x4b6c
    4844:	e1a07002 	mov	r7, r2
    4848:	e5956030 	ldr	r6, [r5, #48]	@ 0x30
    484c:	e59fcac4 	ldr	ip, [pc, #2756]	@ 0x5318
    4850:	e157000c 	cmp	r7, ip
    4854:	8a0000c6 	bhi	0x4b74
    4858:	e7e167f4 			@ <UNDEFINED> instruction: 0xe7e167f4
    485c:	e1a06001 	mov	r6, r1
    4860:	e2811004 	add	r1, r1, #4
    4864:	e1a08002 	mov	r8, r2
    4868:	e5957030 	ldr	r7, [r5, #48]	@ 0x30
    486c:	e59fcaa4 	ldr	ip, [pc, #2724]	@ 0x5318
    4870:	e158000c 	cmp	r8, ip
    4874:	8a0000be 	bhi	0x4b74
    4878:	e7d178f4 			@ <UNDEFINED> instruction: 0xe7d178f4
    487c:	e5958030 	ldr	r8, [r5, #48]	@ 0x30
    4880:	e59fca90 	ldr	ip, [pc, #2704]	@ 0x5318
    4884:	e156000c 	cmp	r6, ip
    4888:	8a0000b9 	bhi	0x4b74
    488c:	e7981006 	ldr	r1, [r8, r6]
    4890:	e3a07000 	mov	r7, #0
    4894:	e1a08000 	mov	r8, r0
    4898:	e5956030 	ldr	r6, [r5, #48]	@ 0x30
    489c:	e59fca7c 	ldr	ip, [pc, #2684]	@ 0x5320
    48a0:	e158000c 	cmp	r8, ip
    48a4:	8a0000b2 	bhi	0x4b74
    48a8:	e086c008 	add	ip, r6, r8
    48ac:	e58c1000 	str	r1, [ip]
    48b0:	e58c7004 	str	r7, [ip, #4]
    48b4:	e59f0a94 	ldr	r0, [pc, #2708]	@ 0x5350
    48b8:	ea0000ab 	b	0x4b6c
    48bc:	e1a07002 	mov	r7, r2
    48c0:	e5956030 	ldr	r6, [r5, #48]	@ 0x30
    48c4:	e59fca4c 	ldr	ip, [pc, #2636]	@ 0x5318
    48c8:	e157000c 	cmp	r7, ip
    48cc:	8a0000a8 	bhi	0x4b74
    48d0:	e7e167f4 			@ <UNDEFINED> instruction: 0xe7e167f4
    48d4:	e2811007 	add	r1, r1, #7
    48d8:	e3c11007 	bic	r1, r1, #7
    48dc:	e1a06001 	mov	r6, r1
    48e0:	e2811008 	add	r1, r1, #8
    48e4:	e1a08002 	mov	r8, r2
    48e8:	e5957030 	ldr	r7, [r5, #48]	@ 0x30
    48ec:	e59fca24 	ldr	ip, [pc, #2596]	@ 0x5318
    48f0:	e158000c 	cmp	r8, ip
    48f4:	8a00009e 	bhi	0x4b74
    48f8:	e7d178f4 			@ <UNDEFINED> instruction: 0xe7d178f4
    48fc:	e5958030 	ldr	r8, [r5, #48]	@ 0x30
    4900:	e59fca18 	ldr	ip, [pc, #2584]	@ 0x5320
    4904:	e156000c 	cmp	r6, ip
    4908:	8a000099 	bhi	0x4b74
    490c:	e088c006 	add	ip, r8, r6
    4910:	e59c1000 	ldr	r1, [ip]
    4914:	e59c7004 	ldr	r7, [ip, #4]
    4918:	e1a08000 	mov	r8, r0
    491c:	e5956030 	ldr	r6, [r5, #48]	@ 0x30
    4920:	e59fc9f8 	ldr	ip, [pc, #2552]	@ 0x5320
    4924:	e158000c 	cmp	r8, ip
    4928:	8a000091 	bhi	0x4b74
    492c:	e086c008 	add	ip, r6, r8
    4930:	e58c1000 	str	r1, [ip]
    4934:	e58c7004 	str	r7, [ip, #4]
    4938:	e59f0a14 	ldr	r0, [pc, #2580]	@ 0x5354
    493c:	ea00008a 	b	0x4b6c
    4940:	e1a07002 	mov	r7, r2
    4944:	e5956030 	ldr	r6, [r5, #48]	@ 0x30
    4948:	e59fc9c8 	ldr	ip, [pc, #2504]	@ 0x5318
    494c:	e157000c 	cmp	r7, ip
    4950:	8a000087 	bhi	0x4b74
    4954:	e7e167f4 			@ <UNDEFINED> instruction: 0xe7e167f4
    4958:	e2811007 	add	r1, r1, #7
    495c:	e3c11007 	bic	r1, r1, #7
    4960:	e1a06001 	mov	r6, r1
    4964:	e2811008 	add	r1, r1, #8
    4968:	e1a08002 	mov	r8, r2
    496c:	e5957030 	ldr	r7, [r5, #48]	@ 0x30
    4970:	e59fc9a0 	ldr	ip, [pc, #2464]	@ 0x5318
    4974:	e158000c 	cmp	r8, ip
    4978:	8a00007d 	bhi	0x4b74
    497c:	e7d178f4 			@ <UNDEFINED> instruction: 0xe7d178f4
    4980:	e5958030 	ldr	r8, [r5, #48]	@ 0x30
    4984:	e59fc994 	ldr	ip, [pc, #2452]	@ 0x5320
    4988:	e156000c 	cmp	r6, ip
    498c:	8a000078 	bhi	0x4b74
    4990:	e088c006 	add	ip, r8, r6
    4994:	e59c1000 	ldr	r1, [ip]
    4998:	e59c7004 	ldr	r7, [ip, #4]
    499c:	e1a08000 	mov	r8, r0
    49a0:	e5956030 	ldr	r6, [r5, #48]	@ 0x30
    49a4:	e59fc974 	ldr	ip, [pc, #2420]	@ 0x5320
    49a8:	e158000c 	cmp	r8, ip
    49ac:	8a000070 	bhi	0x4b74
    49b0:	e086c008 	add	ip, r6, r8
    49b4:	e58c1000 	str	r1, [ip]
    49b8:	e58c7004 	str	r7, [ip, #4]
    49bc:	e59f0994 	ldr	r0, [pc, #2452]	@ 0x5358
    49c0:	ea000069 	b	0x4b6c
    49c4:	e1a07002 	mov	r7, r2
    49c8:	e5956030 	ldr	r6, [r5, #48]	@ 0x30
    49cc:	e59fc944 	ldr	ip, [pc, #2372]	@ 0x5318
    49d0:	e157000c 	cmp	r7, ip
    49d4:	8a000066 	bhi	0x4b74
    49d8:	e7e167f4 			@ <UNDEFINED> instruction: 0xe7e167f4
    49dc:	e1a06001 	mov	r6, r1
    49e0:	e2811004 	add	r1, r1, #4
    49e4:	e1a08002 	mov	r8, r2
    49e8:	e5957030 	ldr	r7, [r5, #48]	@ 0x30
    49ec:	e59fc924 	ldr	ip, [pc, #2340]	@ 0x5318
    49f0:	e158000c 	cmp	r8, ip
    49f4:	8a00005e 	bhi	0x4b74
    49f8:	e7d178f4 			@ <UNDEFINED> instruction: 0xe7d178f4
    49fc:	e5958030 	ldr	r8, [r5, #48]	@ 0x30
    4a00:	e59fc910 	ldr	ip, [pc, #2320]	@ 0x5318
    4a04:	e156000c 	cmp	r6, ip
    4a08:	8a000059 	bhi	0x4b74
    4a0c:	e7981006 	ldr	r1, [r8, r6]
    4a10:	e1a07fc1 	asr	r7, r1, #31
    4a14:	e1a08000 	mov	r8, r0
    4a18:	e5956030 	ldr	r6, [r5, #48]	@ 0x30
    4a1c:	e59fc8fc 	ldr	ip, [pc, #2300]	@ 0x5320
    4a20:	e158000c 	cmp	r8, ip
    4a24:	8a000052 	bhi	0x4b74
    4a28:	e086c008 	add	ip, r6, r8
    4a2c:	e58c1000 	str	r1, [ip]
    4a30:	e58c7004 	str	r7, [ip, #4]
    4a34:	e59f0920 	ldr	r0, [pc, #2336]	@ 0x535c
    4a38:	ea00004b 	b	0x4b6c
    4a3c:	e1a07002 	mov	r7, r2
    4a40:	e5956030 	ldr	r6, [r5, #48]	@ 0x30
    4a44:	e59fc8cc 	ldr	ip, [pc, #2252]	@ 0x5318
    4a48:	e157000c 	cmp	r7, ip
    4a4c:	8a000048 	bhi	0x4b74
    4a50:	e7e167f4 			@ <UNDEFINED> instruction: 0xe7e167f4
    4a54:	e1a06001 	mov	r6, r1
    4a58:	e2811004 	add	r1, r1, #4
    4a5c:	e1a08002 	mov	r8, r2
    4a60:	e5957030 	ldr	r7, [r5, #48]	@ 0x30
    4a64:	e59fc8ac 	ldr	ip, [pc, #2220]	@ 0x5318
    4a68:	e158000c 	cmp	r8, ip
    4a6c:	8a000040 	bhi	0x4b74
    4a70:	e7d178f4 			@ <UNDEFINED> instruction: 0xe7d178f4
    4a74:	e5958030 	ldr	r8, [r5, #48]	@ 0x30
    4a78:	e59fc898 	ldr	ip, [pc, #2200]	@ 0x5318
    4a7c:	e156000c 	cmp	r6, ip
    4a80:	8a00003b 	bhi	0x4b74
    4a84:	e7981006 	ldr	r1, [r8, r6]
    4a88:	e3a07000 	mov	r7, #0
    4a8c:	e1a08000 	mov	r8, r0
    4a90:	e5956030 	ldr	r6, [r5, #48]	@ 0x30
    4a94:	e59fc884 	ldr	ip, [pc, #2180]	@ 0x5320
    4a98:	e158000c 	cmp	r8, ip
    4a9c:	8a000034 	bhi	0x4b74
    4aa0:	e086c008 	add	ip, r6, r8
    4aa4:	e58c1000 	str	r1, [ip]
    4aa8:	e58c7004 	str	r7, [ip, #4]
    4aac:	e59f08ac 	ldr	r0, [pc, #2220]	@ 0x5360
    4ab0:	ea00002d 	b	0x4b6c
    4ab4:	e1a07002 	mov	r7, r2
    4ab8:	e5956030 	ldr	r6, [r5, #48]	@ 0x30
    4abc:	e59fc854 	ldr	ip, [pc, #2132]	@ 0x5318
    4ac0:	e157000c 	cmp	r7, ip
    4ac4:	8a00002a 	bhi	0x4b74
    4ac8:	e7e167f4 			@ <UNDEFINED> instruction: 0xe7e167f4
    4acc:	e2811007 	add	r1, r1, #7
    4ad0:	e3c11007 	bic	r1, r1, #7
    4ad4:	e1a06001 	mov	r6, r1
    4ad8:	e2811008 	add	r1, r1, #8
    4adc:	e1a08002 	mov	r8, r2
    4ae0:	e5957030 	ldr	r7, [r5, #48]	@ 0x30
    4ae4:	e59fc82c 	ldr	ip, [pc, #2092]	@ 0x5318
    4ae8:	e158000c 	cmp	r8, ip
    4aec:	8a000020 	bhi	0x4b74
    4af0:	e7d178f4 			@ <UNDEFINED> instruction: 0xe7d178f4
    4af4:	e5958030 	ldr	r8, [r5, #48]	@ 0x30
    4af8:	e59fc820 	ldr	ip, [pc, #2080]	@ 0x5320
    4afc:	e156000c 	cmp	r6, ip
    4b00:	8a00001b 	bhi	0x4b74
    4b04:	e088c006 	add	ip, r8, r6
    4b08:	e59c1000 	ldr	r1, [ip]
    4b0c:	e59c7004 	ldr	r7, [ip, #4]
    4b10:	e1a08000 	mov	r8, r0
    4b14:	e5956030 	ldr	r6, [r5, #48]	@ 0x30
    4b18:	e59fc800 	ldr	ip, [pc, #2048]	@ 0x5320
    4b1c:	e158000c 	cmp	r8, ip
    4b20:	8a000013 	bhi	0x4b74
    4b24:	e086c008 	add	ip, r6, r8
    4b28:	e58c1000 	str	r1, [ip]
    4b2c:	e58c7004 	str	r7, [ip, #4]
    4b30:	e59f082c 	ldr	r0, [pc, #2092]	@ 0x5364
    4b34:	ea00000c 	b	0x4b6c
    4b38:	e5840000 	str	r0, [r4]
    4b3c:	e5842008 	str	r2, [r4, #8]
    4b40:	e584300c 	str	r3, [r4, #12]
    4b44:	e59f0818 	ldr	r0, [pc, #2072]	@ 0x5364
    4b48:	e1a01004 	mov	r1, r4
    4b4c:	e59d2000 	ldr	r2, [sp]
    4b50:	e59fc810 	ldr	ip, [pc, #2064]	@ 0x5368
    4b54:	e12fff3c 	blx	ip
    4b58:	e3500000 	cmp	r0, #0
    4b5c:	1a000007 	bne	0x4b80
    4b60:	e59f0804 	ldr	r0, [pc, #2052]	@ 0x536c
    4b64:	e30ccabc 	movw	ip, #51900	@ 0xcabc
    4b68:	e34ccdef 	movt	ip, #52719	@ 0xcdef
    4b6c:	e28dd008 	add	sp, sp, #8
    4b70:	e8bd81c0 	pop	{r6, r7, r8, pc}
    4b74:	e3a00008 	mov	r0, #8
    4b78:	e59d1000 	ldr	r1, [sp]
    4b7c:	e5810010 	str	r0, [r1, #16]
    4b80:	e59d0000 	ldr	r0, [sp]
    4b84:	e59d1014 	ldr	r1, [sp, #20]
    4b88:	e59fc7e0 	ldr	ip, [pc, #2016]	@ 0x5370
    4b8c:	e12fff3c 	blx	ip
    4b90:	e28dd008 	add	sp, sp, #8
    4b94:	e8bd01c0 	pop	{r6, r7, r8}
    4b98:	e28dd004 	add	sp, sp, #4
    4b9c:	e12fff10 	bx	r0
    4ba0:	e92d43c0 	push	{r6, r7, r8, r9, lr}
    4ba4:	e24dd004 	sub	sp, sp, #4
    4ba8:	e58d0000 	str	r0, [sp]
    4bac:	e30cc123 	movw	ip, #49443	@ 0xc123
    4bb0:	e34cc456 	movt	ip, #50262	@ 0xc456
    4bb4:	e5940000 	ldr	r0, [r4]
    4bb8:	e5941004 	ldr	r1, [r4, #4]
    4bbc:	e5942008 	ldr	r2, [r4, #8]
    4bc0:	e594300c 	ldr	r3, [r4, #12]
    4bc4:	e190c001 	orrs	ip, r0, r1
    4bc8:	0a000020 	beq	0x4c50
    4bcc:	e2426001 	sub	r6, r2, #1
    4bd0:	e1a02006 	mov	r2, r6
    4bd4:	e1a07000 	mov	r7, r0
    4bd8:	e207700f 	and	r7, r7, #15
    4bdc:	e1a09007 	mov	r9, r7
    4be0:	e5958030 	ldr	r8, [r5, #48]	@ 0x30
    4be4:	e3e0e4fe 	mvn	lr, #-33554432	@ 0xfe000000
    4be8:	e3cee8fe 	bic	lr, lr, #16646144	@ 0xfe0000
    4bec:	e3a0cb40 	mov	ip, #64, 22	@ 0x10000
    4bf0:	e38ccf88 	orr	ip, ip, #136, 30	@ 0x220
    4bf4:	e099900c 	adds	r9, r9, ip
    4bf8:	2a00001a 	bcs	0x4c68
    4bfc:	e3e0c4fe 	mvn	ip, #-33554432	@ 0xfe000000
    4c00:	e3ccc8fe 	bic	ip, ip, #16646144	@ 0xfe0000
    4c04:	e159000c 	cmp	r9, ip
    4c08:	8a000016 	bhi	0x4c68
    4c0c:	e7e789f0 			@ <UNDEFINED> instruction: 0xe7e789f0
    4c10:	e1877003 	orr	r7, r7, r3
    4c14:	e5958030 	ldr	r8, [r5, #48]	@ 0x30
    4c18:	e3e0c4fe 	mvn	ip, #-33554432	@ 0xfe000000
    4c1c:	e3ccc8fe 	bic	ip, ip, #16646144	@ 0xfe0000
    4c20:	e156000c 	cmp	r6, ip
    4c24:	8a00000f 	bhi	0x4c68
    4c28:	e7d786f0 			@ <UNDEFINED> instruction: 0xe7d786f0
    4c2c:	e270c00f 	rsbs	ip, r0, #15
    4c30:	e2f1c000 	rscs	ip, r1, #0
    4c34:	e3a06000 	mov	r6, #0
    4c38:	33a06001 	movcc	r6, #1
    4c3c:	e1a00220 	lsr	r0, r0, #4
    4c40:	e1800e01 	orr	r0, r0, r1, lsl #28
    4c44:	e1a01221 	lsr	r1, r1, #4
    4c48:	e3560000 	cmp	r6, #0
    4c4c:	1affffde 	bne	0x4bcc
    4c50:	e5842008 	str	r2, [r4, #8]
    4c54:	e59f0718 	ldr	r0, [pc, #1816]	@ 0x5374
    4c58:	e30ccabc 	movw	ip, #51900	@ 0xcabc
    4c5c:	e34ccdef 	movt	ip, #52719	@ 0xcdef
    4c60:	e28dd004 	add	sp, sp, #4
    4c64:	e8bd83c0 	pop	{r6, r7, r8, r9, pc}
    4c68:	e3a00008 	mov	r0, #8
    4c6c:	e59d1000 	ldr	r1, [sp]
    4c70:	e5810010 	str	r0, [r1, #16]
    4c74:	e59d0000 	ldr	r0, [sp]
    4c78:	e59d1014 	ldr	r1, [sp, #20]
    4c7c:	e59fc6f4 	ldr	ip, [pc, #1780]	@ 0x5378
    4c80:	e12fff3c 	blx	ip
    4c84:	e28dd004 	add	sp, sp, #4
    4c88:	e8bd03c0 	pop	{r6, r7, r8, r9}
    4c8c:	e28dd004 	add	sp, sp, #4
    4c90:	e12fff10 	bx	r0
    4c94:	e92d40c0 	push	{r6, r7, lr}
    4c98:	e24dd004 	sub	sp, sp, #4
    4c9c:	e58d0000 	str	r0, [sp]
    4ca0:	e30cc123 	movw	ip, #49443	@ 0xc123
    4ca4:	e34cc456 	movt	ip, #50262	@ 0xc456
    4ca8:	e5940000 	ldr	r0, [r4]
    4cac:	e5941004 	ldr	r1, [r4, #4]
    4cb0:	e5942008 	ldr	r2, [r4, #8]
    4cb4:	e190c001 	orrs	ip, r0, r1
    4cb8:	0a000013 	beq	0x4d0c
    4cbc:	e2423001 	sub	r3, r2, #1
    4cc0:	e1a02003 	mov	r2, r3
    4cc4:	e1a06000 	mov	r6, r0
    4cc8:	e2066007 	and	r6, r6, #7
    4ccc:	e3866030 	orr	r6, r6, #48	@ 0x30
    4cd0:	e5957030 	ldr	r7, [r5, #48]	@ 0x30
    4cd4:	e3e0c4fe 	mvn	ip, #-33554432	@ 0xfe000000
    4cd8:	e3ccc8fe 	bic	ip, ip, #16646144	@ 0xfe0000
    4cdc:	e153000c 	cmp	r3, ip
    4ce0:	8a000010 	bhi	0x4d28
    4ce4:	e7d673f0 			@ <UNDEFINED> instruction: 0xe7d673f0
    4ce8:	e270c007 	rsbs	ip, r0, #7
    4cec:	e2f1c000 	rscs	ip, r1, #0
    4cf0:	e3a03000 	mov	r3, #0
    4cf4:	33a03001 	movcc	r3, #1
    4cf8:	e1a001a0 	lsr	r0, r0, #3
    4cfc:	e1800e81 	orr	r0, r0, r1, lsl #29
    4d00:	e1a011a1 	lsr	r1, r1, #3
    4d04:	e3530000 	cmp	r3, #0
    4d08:	1affffeb 	bne	0x4cbc
    4d0c:	e5842008 	str	r2, [r4, #8]
    4d10:	e3a009ff 	mov	r0, #4177920	@ 0x3fc000
    4d14:	e3800f45 	orr	r0, r0, #276	@ 0x114
    4d18:	e30ccabc 	movw	ip, #51900	@ 0xcabc
    4d1c:	e34ccdef 	movt	ip, #52719	@ 0xcdef
    4d20:	e28dd004 	add	sp, sp, #4
    4d24:	e8bd80c0 	pop	{r6, r7, pc}
    4d28:	e3a00008 	mov	r0, #8
    4d2c:	e59d1000 	ldr	r1, [sp]
    4d30:	e5810010 	str	r0, [r1, #16]
    4d34:	e59d0000 	ldr	r0, [sp]
    4d38:	e59d100c 	ldr	r1, [sp, #12]
    4d3c:	e59fc638 	ldr	ip, [pc, #1592]	@ 0x537c
    4d40:	e12fff3c 	blx	ip
    4d44:	e28dd004 	add	sp, sp, #4
    4d48:	e8bd00c0 	pop	{r6, r7}
    4d4c:	e28dd004 	add	sp, sp, #4
    4d50:	e12fff10 	bx	r0
    4d54:	e92d47c0 	push	{r6, r7, r8, r9, sl, lr}
    4d58:	e24dd018 	sub	sp, sp, #24
    4d5c:	e58d0000 	str	r0, [sp]
    4d60:	e30cc123 	movw	ip, #49443	@ 0xc123
    4d64:	e34cc456 	movt	ip, #50262	@ 0xc456
    4d68:	e5946000 	ldr	r6, [r4]
    4d6c:	e5947004 	ldr	r7, [r4, #4]
    4d70:	e5948008 	ldr	r8, [r4, #8]
    4d74:	e3560000 	cmp	r6, #0
    4d78:	e2d7c001 	sbcs	ip, r7, #1
    4d7c:	2a000002 	bcs	0x4d8c
    4d80:	e1a02006 	mov	r2, r6
    4d84:	e1a03007 	mov	r3, r7
    4d88:	ea000028 	b	0x4e30
    4d8c:	e2489001 	sub	r9, r8, #1
    4d90:	e1a08009 	mov	r8, r9
    4d94:	e58d6004 	str	r6, [sp, #4]
    4d98:	e58d7008 	str	r7, [sp, #8]
    4d9c:	e3a0e00a 	mov	lr, #10
    4da0:	e58de00c 	str	lr, [sp, #12]
    4da4:	e3a0e000 	mov	lr, #0
    4da8:	e58de010 	str	lr, [sp, #16]
    4dac:	e28d0004 	add	r0, sp, #4
    4db0:	e28d100c 	add	r1, sp, #12
    4db4:	e28d2004 	add	r2, sp, #4
    4db8:	e59fc5c0 	ldr	ip, [pc, #1472]	@ 0x5380
    4dbc:	e12fff3c 	blx	ip
    4dc0:	e59d0004 	ldr	r0, [sp, #4]
    4dc4:	e59d1008 	ldr	r1, [sp, #8]
    4dc8:	e1a02000 	mov	r2, r0
    4dcc:	e1a03001 	mov	r3, r1
    4dd0:	e1a0a001 	mov	sl, r1
    4dd4:	e3a0100a 	mov	r1, #10
    4dd8:	e00a019a 	mul	sl, sl, r1
    4ddc:	e0810091 	umull	r0, r1, r1, r0
    4de0:	e08aa001 	add	sl, sl, r1
    4de4:	e1a0100a 	mov	r1, sl
    4de8:	e0560000 	subs	r0, r6, r0
    4dec:	e0c71001 	sbc	r1, r7, r1
    4df0:	e3800030 	orr	r0, r0, #48	@ 0x30
    4df4:	e5951030 	ldr	r1, [r5, #48]	@ 0x30
    4df8:	e3e0c4fe 	mvn	ip, #-33554432	@ 0xfe000000
    4dfc:	e3ccc8fe 	bic	ip, ip, #16646144	@ 0xfe0000
    4e00:	e159000c 	cmp	r9, ip
    4e04:	8a00002e 	bhi	0x4ec4
    4e08:	e7d019f0 			@ <UNDEFINED> instruction: 0xe7d019f0
    4e0c:	e3e0c000 	mvn	ip, #0
    4e10:	e15c0006 	cmp	ip, r6
    4e14:	e2f7c009 	rscs	ip, r7, #9
    4e18:	e3a00000 	mov	r0, #0
    4e1c:	33a00001 	movcc	r0, #1
    4e20:	e1a06002 	mov	r6, r2
    4e24:	e1a07003 	mov	r7, r3
    4e28:	e3500000 	cmp	r0, #0
    4e2c:	1affffd6 	bne	0x4d8c
    4e30:	e192c003 	orrs	ip, r2, r3
    4e34:	0a00001c 	beq	0x4eac
    4e38:	e2483001 	sub	r3, r8, #1
    4e3c:	e1a08003 	mov	r8, r3
    4e40:	e1a00002 	mov	r0, r2
    4e44:	e3a0100a 	mov	r1, #10
    4e48:	e52d3010 	str	r3, [sp, #-16]!
    4e4c:	e58d2004 	str	r2, [sp, #4]
    4e50:	e58d1008 	str	r1, [sp, #8]
    4e54:	e59fc528 	ldr	ip, [pc, #1320]	@ 0x5384
    4e58:	e12fff3c 	blx	ip
    4e5c:	e59d1008 	ldr	r1, [sp, #8]
    4e60:	e59d2004 	ldr	r2, [sp, #4]
    4e64:	e49d3010 	ldr	r3, [sp], #16
    4e68:	e1a01000 	mov	r1, r0
    4e6c:	e3a0c00a 	mov	ip, #10
    4e70:	e0000c90 	mul	r0, r0, ip
    4e74:	e0420000 	sub	r0, r2, r0
    4e78:	e3800030 	orr	r0, r0, #48	@ 0x30
    4e7c:	e5956030 	ldr	r6, [r5, #48]	@ 0x30
    4e80:	e3e0c4fe 	mvn	ip, #-33554432	@ 0xfe000000
    4e84:	e3ccc8fe 	bic	ip, ip, #16646144	@ 0xfe0000
    4e88:	e153000c 	cmp	r3, ip
    4e8c:	8a00000c 	bhi	0x4ec4
    4e90:	e7d063f0 			@ <UNDEFINED> instruction: 0xe7d063f0
    4e94:	e3520009 	cmp	r2, #9
    4e98:	e3a00000 	mov	r0, #0
    4e9c:	83a00001 	movhi	r0, #1
    4ea0:	e1a02001 	mov	r2, r1
    4ea4:	e3500000 	cmp	r0, #0
    4ea8:	1affffe2 	bne	0x4e38
    4eac:	e5848008 	str	r8, [r4, #8]
    4eb0:	e59f04d0 	ldr	r0, [pc, #1232]	@ 0x5388
    4eb4:	e30ccabc 	movw	ip, #51900	@ 0xcabc
    4eb8:	e34ccdef 	movt	ip, #52719	@ 0xcdef
    4ebc:	e28dd018 	add	sp, sp, #24
    4ec0:	e8bd87c0 	pop	{r6, r7, r8, r9, sl, pc}
    4ec4:	e3a00008 	mov	r0, #8
    4ec8:	e59d1000 	ldr	r1, [sp]
    4ecc:	e5810010 	str	r0, [r1, #16]
    4ed0:	e59d0000 	ldr	r0, [sp]
    4ed4:	e59d102c 	ldr	r1, [sp, #44]	@ 0x2c
    4ed8:	e59fc4ac 	ldr	ip, [pc, #1196]	@ 0x538c
    4edc:	e12fff3c 	blx	ip
    4ee0:	e28dd018 	add	sp, sp, #24
    4ee4:	e8bd07c0 	pop	{r6, r7, r8, r9, sl}
    4ee8:	e28dd004 	add	sp, sp, #4
    4eec:	e12fff10 	bx	r0
    4ef0:	e92d43c0 	push	{r6, r7, r8, r9, lr}
    4ef4:	e24dd004 	sub	sp, sp, #4
    4ef8:	e58d0000 	str	r0, [sp]
    4efc:	e30cc123 	movw	ip, #49443	@ 0xc123
    4f00:	e34cc456 	movt	ip, #50262	@ 0xc456
    4f04:	e5946000 	ldr	r6, [r4]
    4f08:	e5940004 	ldr	r0, [r4, #4]
    4f0c:	e5941008 	ldr	r1, [r4, #8]
    4f10:	e594200c 	ldr	r2, [r4, #12]
    4f14:	e5943010 	ldr	r3, [r4, #16]
    4f18:	e595e03c 	ldr	lr, [r5, #60]	@ 0x3c
    4f1c:	e59e7008 	ldr	r7, [lr, #8]
    4f20:	e2477f40 	sub	r7, r7, #64, 30	@ 0x100
    4f24:	e1a08007 	mov	r8, r7
    4f28:	e595903c 	ldr	r9, [r5, #60]	@ 0x3c
    4f2c:	e5897008 	str	r7, [r9, #8]
    4f30:	e1510002 	cmp	r1, r2
    4f34:	da00002e 	ble	0x4ff4
    4f38:	e3130b48 	tst	r3, #72, 22	@ 0x12000
    4f3c:	1a00002c 	bne	0x4ff4
    4f40:	e0411002 	sub	r1, r1, r2
    4f44:	e1a07001 	mov	r7, r1
    4f48:	e3570f40 	cmp	r7, #64, 30	@ 0x100
    4f4c:	e3a02000 	mov	r2, #0
    4f50:	33a02001 	movcc	r2, #1
    4f54:	e1a09002 	mov	r9, r2
    4f58:	e3520000 	cmp	r2, #0
    4f5c:	03a01f40 	moveq	r1, #64, 30	@ 0x100
    4f60:	e5848014 	str	r8, [r4, #20]
    4f64:	e5840004 	str	r0, [r4, #4]
    4f68:	e5841030 	str	r1, [r4, #48]	@ 0x30
    4f6c:	e59f041c 	ldr	r0, [pc, #1052]	@ 0x5390
    4f70:	e1a01004 	mov	r1, r4
    4f74:	e59d2000 	ldr	r2, [sp]
    4f78:	e59fc414 	ldr	ip, [pc, #1044]	@ 0x5394
    4f7c:	e12fff3c 	blx	ip
    4f80:	e3500000 	cmp	r0, #0
    4f84:	1a000022 	bne	0x5014
    4f88:	e3590000 	cmp	r9, #0
    4f8c:	1a00000e 	bne	0x4fcc
    4f90:	e5846000 	str	r6, [r4]
    4f94:	e5848014 	str	r8, [r4, #20]
    4f98:	e3a0ef40 	mov	lr, #64, 30	@ 0x100
    4f9c:	e584e018 	str	lr, [r4, #24]
    4fa0:	e59f03f0 	ldr	r0, [pc, #1008]	@ 0x5398
    4fa4:	e1a01004 	mov	r1, r4
    4fa8:	e59d2000 	ldr	r2, [sp]
    4fac:	e59fc3e8 	ldr	ip, [pc, #1000]	@ 0x539c
    4fb0:	e12fff3c 	blx	ip
    4fb4:	e3500000 	cmp	r0, #0
    4fb8:	1a000015 	bne	0x5014
    4fbc:	e2470f40 	sub	r0, r7, #64, 30	@ 0x100
    4fc0:	e1a07000 	mov	r7, r0
    4fc4:	e35000ff 	cmp	r0, #255	@ 0xff
    4fc8:	8afffff0 	bhi	0x4f90
    4fcc:	e5846000 	str	r6, [r4]
    4fd0:	e5848014 	str	r8, [r4, #20]
    4fd4:	e584700c 	str	r7, [r4, #12]
    4fd8:	e59f03c0 	ldr	r0, [pc, #960]	@ 0x53a0
    4fdc:	e1a01004 	mov	r1, r4
    4fe0:	e59d2000 	ldr	r2, [sp]
    4fe4:	e59fc3b8 	ldr	ip, [pc, #952]	@ 0x53a4
    4fe8:	e12fff3c 	blx	ip
    4fec:	e3500000 	cmp	r0, #0
    4ff0:	1a000007 	bne	0x5014
    4ff4:	e2888f40 	add	r8, r8, #64, 30	@ 0x100
    4ff8:	e595003c 	ldr	r0, [r5, #60]	@ 0x3c
    4ffc:	e5808008 	str	r8, [r0, #8]
    5000:	e59f03a0 	ldr	r0, [pc, #928]	@ 0x53a8
    5004:	e30ccabc 	movw	ip, #51900	@ 0xcabc
    5008:	e34ccdef 	movt	ip, #52719	@ 0xcdef
    500c:	e28dd004 	add	sp, sp, #4
    5010:	e8bd83c0 	pop	{r6, r7, r8, r9, pc}
    5014:	e59d0000 	ldr	r0, [sp]
    5018:	e59d1014 	ldr	r1, [sp, #20]
    501c:	e59fc388 	ldr	ip, [pc, #904]	@ 0x53ac
    5020:	e12fff3c 	blx	ip
    5024:	e28dd004 	add	sp, sp, #4
    5028:	e8bd03c0 	pop	{r6, r7, r8, r9}
    502c:	e28dd004 	add	sp, sp, #4
    5030:	e12fff10 	bx	r0
    5034:	e52de004 	push	{lr}		@ (str lr, [sp, #-4]!)
    5038:	e24dd004 	sub	sp, sp, #4
    503c:	e58d0000 	str	r0, [sp]
    5040:	e30cc123 	movw	ip, #49443	@ 0xc123
    5044:	e34cc456 	movt	ip, #50262	@ 0xc456
    5048:	e5940000 	ldr	r0, [r4]
    504c:	e5941004 	ldr	r1, [r4, #4]
    5050:	e5942008 	ldr	r2, [r4, #8]
    5054:	e5840000 	str	r0, [r4]
    5058:	e5841004 	str	r1, [r4, #4]
    505c:	e5842008 	str	r2, [r4, #8]
    5060:	e3a0e005 	mov	lr, #5
    5064:	e584e00c 	str	lr, [r4, #12]
    5068:	e3a0e006 	mov	lr, #6
    506c:	e584e010 	str	lr, [r4, #16]
    5070:	e59f0338 	ldr	r0, [pc, #824]	@ 0x53b0
    5074:	e1a01004 	mov	r1, r4
    5078:	e59d2000 	ldr	r2, [sp]
    507c:	e59fc330 	ldr	ip, [pc, #816]	@ 0x53b4
    5080:	e12fff3c 	blx	ip
    5084:	e3500000 	cmp	r0, #0
    5088:	1a000006 	bne	0x50a8
    508c:	e5940014 	ldr	r0, [r4, #20]
    5090:	e5840014 	str	r0, [r4, #20]
    5094:	e59f031c 	ldr	r0, [pc, #796]	@ 0x53b8
    5098:	e30ccabc 	movw	ip, #51900	@ 0xcabc
    509c:	e34ccdef 	movt	ip, #52719	@ 0xcdef
    50a0:	e28dd004 	add	sp, sp, #4
    50a4:	e49df004 	pop	{pc}		@ (ldr pc, [sp], #4)
    50a8:	e59d0000 	ldr	r0, [sp]
    50ac:	e59d1004 	ldr	r1, [sp, #4]
    50b0:	e59fc304 	ldr	ip, [pc, #772]	@ 0x53bc
    50b4:	e12fff3c 	blx	ip
    50b8:	e28dd008 	add	sp, sp, #8
    50bc:	e12fff10 	bx	r0
    50c0:	e92d4fc0 	push	{r6, r7, r8, r9, sl, fp, lr}
    50c4:	e24dd004 	sub	sp, sp, #4
    50c8:	ed2d8b02 	vpush	{d8}
    50cc:	e24dd018 	sub	sp, sp, #24
    50d0:	e58d0000 	str	r0, [sp]
    50d4:	e30cc123 	movw	ip, #49443	@ 0xc123
    50d8:	e34cc456 	movt	ip, #50262	@ 0xc456
    50dc:	ed948b01 	vldr	d8, [r4, #4]
    50e0:	e3a0e000 	mov	lr, #0
    50e4:	e584e054 	str	lr, [r4, #84]	@ 0x54
    50e8:	e595e03c 	ldr	lr, [r5, #60]	@ 0x3c
    50ec:	e59e0008 	ldr	r0, [lr, #8]
    50f0:	e2400f8c 	sub	r0, r0, #140, 30	@ 0x230
    50f4:	e584001c 	str	r0, [r4, #28]
    50f8:	e595103c 	ldr	r1, [r5, #60]	@ 0x3c
    50fc:	e5810008 	str	r0, [r1, #8]
    5100:	e3a0e000 	mov	lr, #0
    5104:	e584e020 	str	lr, [r4, #32]
    5108:	e594101c 	ldr	r1, [r4, #28]
    510c:	e5950030 	ldr	r0, [r5, #48]	@ 0x30
    5110:	e59fe200 	ldr	lr, [pc, #512]	@ 0x5318
    5114:	e7f1e2fc 	udf	#7724	@ 0x1e2c
    5118:	2a00070b 	bcs	0x6d4c
    511c:	e3a02000 	mov	r2, #0
    5120:	e7d201f4 			@ <UNDEFINED> instruction: 0xe7d201f4
    5124:	ed848b01 	vstr	d8, [r4, #4]
    5128:	e59f0290 	ldr	r0, [pc, #656]	@ 0x53c0
    512c:	e1a01004 	mov	r1, r4
    5130:	e59d2000 	ldr	r2, [sp]
    5134:	e59fc288 	ldr	ip, [pc, #648]	@ 0x53c4
    5138:	e12fff3c 	blx	ip
    513c:	e3500000 	cmp	r0, #0
    5140:	1a000704 	bne	0x6d58
    5144:	e59400a0 	ldr	r0, [r4, #160]	@ 0xa0
    5148:	e59410a4 	ldr	r1, [r4, #164]	@ 0xa4
    514c:	e1a02000 	mov	r2, r0
    5150:	e1a03001 	mov	r3, r1
    5154:	e3e0c000 	mvn	ip, #0
    5158:	e15c0000 	cmp	ip, r0
    515c:	e3e0c000 	mvn	ip, #0
    5160:	e0dcc001 	sbcs	ip, ip, r1
    5164:	ba000013 	blt	0x51b8
    5168:	e3a0e001 	mov	lr, #1
    516c:	e584e024 	str	lr, [r4, #36]	@ 0x24
    5170:	e3a0eb40 	mov	lr, #64, 22	@ 0x10000
    5174:	e38ee2a0 	orr	lr, lr, #160, 4
    5178:	e584e028 	str	lr, [r4, #40]	@ 0x28
    517c:	eeb10b48 	vneg.f64	d0, d8
    5180:	eeb08b40 	vmov.f64	d8, d0
    5184:	ed840b28 	vstr	d0, [r4, #160]	@ 0xa0
    5188:	e59f0238 	ldr	r0, [pc, #568]	@ 0x53c8
    518c:	e1a01004 	mov	r1, r4
    5190:	e59d2000 	ldr	r2, [sp]
    5194:	e59fc230 	ldr	ip, [pc, #560]	@ 0x53cc
    5198:	e12fff3c 	blx	ip
    519c:	e3500000 	cmp	r0, #0
    51a0:	1a0006ec 	bne	0x6d58
    51a4:	e59400a0 	ldr	r0, [r4, #160]	@ 0xa0
    51a8:	e59410a4 	ldr	r1, [r4, #164]	@ 0xa4
    51ac:	e1a02000 	mov	r2, r0
    51b0:	e1a03001 	mov	r3, r1
    51b4:	ea000017 	b	0x5218
    51b8:	e594c014 	ldr	ip, [r4, #20]
    51bc:	e31c0e80 	tst	ip, #128, 28	@ 0x800
    51c0:	0a000005 	beq	0x51dc
    51c4:	e3a0e001 	mov	lr, #1
    51c8:	e584e024 	str	lr, [r4, #36]	@ 0x24
    51cc:	e3a0eb40 	mov	lr, #64, 22	@ 0x10000
    51d0:	e38ee2d0 	orr	lr, lr, #208, 4
    51d4:	e584e028 	str	lr, [r4, #40]	@ 0x28
    51d8:	ea00000e 	b	0x5218
    51dc:	e594c014 	ldr	ip, [r4, #20]
    51e0:	e20c0001 	and	r0, ip, #1
    51e4:	e5840024 	str	r0, [r4, #36]	@ 0x24
    51e8:	e3500000 	cmp	r0, #0
    51ec:	e3a0eb40 	mov	lr, #64, 22	@ 0x10000
    51f0:	e38ee140 	orr	lr, lr, #64, 2
    51f4:	e3a0cb40 	mov	ip, #64, 22	@ 0x10000
    51f8:	e38cc2b0 	orr	ip, ip, #176, 4
    51fc:	01a0e00c 	moveq	lr, ip
    5200:	e584e028 	str	lr, [r4, #40]	@ 0x28
    5204:	e594c024 	ldr	ip, [r4, #36]	@ 0x24
    5208:	e35c0000 	cmp	ip, #0
    520c:	e3a0c000 	mov	ip, #0
    5210:	03a0c001 	moveq	ip, #1
    5214:	e584c020 	str	ip, [r4, #32]
    5218:	e2022000 	and	r2, r2, #0
    521c:	e3a0c207 	mov	ip, #1879048192	@ 0x70000000
    5220:	e38cc6ff 	orr	ip, ip, #267386880	@ 0xff00000
    5224:	e003300c 	and	r3, r3, ip
    5228:	e3a0c207 	mov	ip, #1879048192	@ 0x70000000
    522c:	e38cc6ff 	orr	ip, ip, #267386880	@ 0xff00000
    5230:	e153000c 	cmp	r3, ip
    5234:	1a000000 	bne	0x523c
    5238:	e3520000 	cmp	r2, #0
    523c:	1a00007b 	bne	0x5430
    5240:	e594c024 	ldr	ip, [r4, #36]	@ 0x24
    5244:	e28c0003 	add	r0, ip, #3
    5248:	e1a08000 	mov	r8, r0
    524c:	e594c014 	ldr	ip, [r4, #20]
    5250:	e3cc1b40 	bic	r1, ip, #64, 22	@ 0x10000
    5254:	e3a0e020 	mov	lr, #32
    5258:	e584e0a4 	str	lr, [r4, #164]	@ 0xa4
    525c:	e58400ac 	str	r0, [r4, #172]	@ 0xac
    5260:	e58410b0 	str	r1, [r4, #176]	@ 0xb0
    5264:	e59f0164 	ldr	r0, [pc, #356]	@ 0x53d0
    5268:	e1a01004 	mov	r1, r4
    526c:	e59d2000 	ldr	r2, [sp]
    5270:	e59fc15c 	ldr	ip, [pc, #348]	@ 0x53d4
    5274:	e12fff3c 	blx	ip
    5278:	e3500000 	cmp	r0, #0
    527c:	1a0006b5 	bne	0x6d58
    5280:	e59f0150 	ldr	r0, [pc, #336]	@ 0x53d8
    5284:	e1a01004 	mov	r1, r4
    5288:	e59d2000 	ldr	r2, [sp]
    528c:	e59fc148 	ldr	ip, [pc, #328]	@ 0x53dc
    5290:	e12fff3c 	blx	ip
    5294:	e3500000 	cmp	r0, #0
    5298:	1a0006ae 	bne	0x6d58
    529c:	e594c018 	ldr	ip, [r4, #24]
    52a0:	e20c0020 	and	r0, ip, #32
    52a4:	e1a01000 	mov	r1, r0
    52a8:	e3500000 	cmp	r0, #0
    52ac:	e3a02b40 	mov	r2, #64, 22	@ 0x10000
    52b0:	e3822174 	orr	r2, r2, #116, 2
    52b4:	e3a0cb40 	mov	ip, #64, 22	@ 0x10000
    52b8:	e38cc194 	orr	ip, ip, #148, 2	@ 0x25
    52bc:	01a0200c 	moveq	r2, ip
    52c0:	e3510000 	cmp	r1, #0
    52c4:	e3a00b40 	mov	r0, #64, 22	@ 0x10000
    52c8:	e3800184 	orr	r0, r0, #132, 2	@ 0x21
    52cc:	e3a0cb40 	mov	ip, #64, 22	@ 0x10000
    52d0:	e38cc1a4 	orr	ip, ip, #164, 2	@ 0x29
    52d4:	01a0000c 	moveq	r0, ip
    52d8:	eeb48b48 	vcmp.f64	d8, d8
    52dc:	eef1fa10 	vmrs	APSR_nzcv, fpscr
    52e0:	01a02000 	moveq	r2, r0
    52e4:	e58420a4 	str	r2, [r4, #164]	@ 0xa4
    52e8:	e3a0e003 	mov	lr, #3
    52ec:	e584e0a8 	str	lr, [r4, #168]	@ 0xa8
    52f0:	e59f00e8 	ldr	r0, [pc, #232]	@ 0x53e0
    52f4:	e1a01004 	mov	r1, r4
    52f8:	e59d2000 	ldr	r2, [sp]
    52fc:	e59fc0e0 	ldr	ip, [pc, #224]	@ 0x53e4
    5300:	e12fff3c 	blx	ip
    5304:	e3500000 	cmp	r0, #0
    5308:	1a000692 	bne	0x6d58
    530c:	e594c014 	ldr	ip, [r4, #20]
    5310:	ea000034 	b	0x53e8
    5314:	00000000 	andeq	r0, r0, r0
    5318:	0101fffc 	strdeq	pc, [r1, -ip]
    531c:	00401794 	umaaleq	r1, r0, r4, r7
    5320:	0101fff8 	strdeq	pc, [r1, -r8]
    5324:	004017d4 	ldrdeq	r1, [r0], #-116	@ 0xffffff8c
    5328:	00401814 	subeq	r1, r0, r4, lsl r8
    532c:	00401854 	subeq	r1, r0, r4, asr r8
    5330:	00401894 	umaaleq	r1, r0, r4, r8
    5334:	004018e8 	subeq	r1, r0, r8, ror #17
    5338:	0101fffe 	strdeq	pc, [r1, -lr]
    533c:	00401928 	subeq	r1, r0, r8, lsr #18
    5340:	00401968 	subeq	r1, r0, r8, ror #18
    5344:	004019a8 	subeq	r1, r0, r8, lsr #19
    5348:	004019e8 	subeq	r1, r0, r8, ror #19
    534c:	00401a3c 	subeq	r1, r0, ip, lsr sl
    5350:	00401a7c 	subeq	r1, r0, ip, ror sl
    5354:	00401ad0 	ldrdeq	r1, [r0], #-160	@ 0xffffff60
    5358:	00401b24 	subeq	r1, r0, r4, lsr #22
    535c:	00401b64 	subeq	r1, r0, r4, ror #22
    5360:	00401ba4 	subeq	r1, r0, r4, lsr #23
    5364:	00401bf8 	strdeq	r1, [r0], #-184	@ 0xffffff48
    5368:	00048c48 	andeq	r8, r4, r8, asr #24
    536c:	00401c18 	subeq	r1, r0, r8, lsl ip
    5370:	00048004 	andeq	r8, r4, r4
    5374:	003f73b4 	ldrhteq	r7, [pc], -r4
    5378:	00048004 	andeq	r8, r4, r4
    537c:	00048004 	andeq	r8, r4, r4
    5380:	00047e9c 	muleq	r4, ip, lr
    5384:	001f54c0 	andseq	r5, pc, r0, asr #9
    5388:	0040329c 	umaaleq	r3, r0, ip, r2
    538c:	00048004 	andeq	r8, r4, r4
    5390:	003fb814 	eorseq	fp, pc, r4, lsl r8	@ <UNPREDICTABLE>
    5394:	0004890c 	andeq	r8, r4, ip, lsl #18
    5398:	003fb834 	eorseq	fp, pc, r4, lsr r8	@ <UNPREDICTABLE>
    539c:	0004890c 	andeq	r8, r4, ip, lsl #18
    53a0:	003fb874 	eorseq	fp, pc, r4, ror r8	@ <UNPREDICTABLE>
    53a4:	0004890c 	andeq	r8, r4, ip, lsl #18
    53a8:	003fb8a8 	eorseq	fp, pc, r8, lsr #17
    53ac:	00048004 	andeq	r8, r4, r4
    53b0:	003fafb0 	ldrhteq	sl, [pc], -r0
    53b4:	0004890c 	andeq	r8, r4, ip, lsl #18
    53b8:	003fafd0 	ldrsbteq	sl, [pc], -r0
    53bc:	00048004 	andeq	r8, r4, r4
    53c0:	00405e3c 	subeq	r5, r0, ip, lsr lr
    53c4:	0004890c 	andeq	r8, r4, ip, lsl #18
    53c8:	00405e90 	umaaleq	r5, r0, r0, lr
    53cc:	0004890c 	andeq	r8, r4, ip, lsl #18
    53d0:	00405fb4 	strheq	r5, [r0], #-244	@ 0xffffff0c
    53d4:	0004890c 	andeq	r8, r4, ip, lsl #18
    53d8:	00405fcc 	subeq	r5, r0, ip, asr #31
    53dc:	0004890c 	andeq	r8, r4, ip, lsl #18
    53e0:	00406078 	subeq	r6, r0, r8, ror r0
    53e4:	0004890c 	andeq	r8, r4, ip, lsl #18
    53e8:	e22c0d80 	eor	r0, ip, #128, 26	@ 0x2000
    53ec:	e3a0e020 	mov	lr, #32
    53f0:	e584e0a4 	str	lr, [r4, #164]	@ 0xa4
    53f4:	e584802c 	str	r8, [r4, #44]	@ 0x2c
    53f8:	e58400b0 	str	r0, [r4, #176]	@ 0xb0
    53fc:	e59f0ff4 	ldr	r0, [pc, #4084]	@ 0x63f8
    5400:	e1a01004 	mov	r1, r4
    5404:	e59d2000 	ldr	r2, [sp]
    5408:	e59fcfec 	ldr	ip, [pc, #4076]	@ 0x63fc
    540c:	e12fff3c 	blx	ip
    5410:	e3500000 	cmp	r0, #0
    5414:	1a00064f 	bne	0x6d58
    5418:	e594c00c 	ldr	ip, [r4, #12]
    541c:	e15c0008 	cmp	ip, r8
    5420:	e594e00c 	ldr	lr, [r4, #12]
    5424:	d1a0e008 	movle	lr, r8
    5428:	e584e034 	str	lr, [r4, #52]	@ 0x34
    542c:	ea000639 	b	0x6d18
    5430:	e594c01c 	ldr	ip, [r4, #28]
    5434:	e28ce010 	add	lr, ip, #16
    5438:	e584e038 	str	lr, [r4, #56]	@ 0x38
    543c:	e594c01c 	ldr	ip, [r4, #28]
    5440:	e28c002c 	add	r0, ip, #44	@ 0x2c
    5444:	ed848b01 	vstr	d8, [r4, #4]
    5448:	e58400a8 	str	r0, [r4, #168]	@ 0xa8
    544c:	e59f0fac 	ldr	r0, [pc, #4012]	@ 0x6400
    5450:	e1a01004 	mov	r1, r4
    5454:	e59d2000 	ldr	r2, [sp]
    5458:	e59fcfa4 	ldr	ip, [pc, #4004]	@ 0x6404
    545c:	e12fff3c 	blx	ip
    5460:	e3500000 	cmp	r0, #0
    5464:	1a00063b 	bne	0x6d58
    5468:	ed940b28 	vldr	d0, [r4, #160]	@ 0xa0
    546c:	eeb01b40 	vmov.f64	d1, d0
    5470:	ee300b01 	vadd.f64	d0, d0, d1
    5474:	eeb08b40 	vmov.f64	d8, d0
    5478:	e3a0c000 	mov	ip, #0
    547c:	ec4cca11 	vmov	s2, s3, ip, ip
    5480:	eeb40b41 	vcmp.f64	d0, d1
    5484:	eef1fa10 	vmrs	APSR_nzcv, fpscr
    5488:	0a000013 	beq	0x54dc
    548c:	e594201c 	ldr	r2, [r4, #28]
    5490:	e5951030 	ldr	r1, [r5, #48]	@ 0x30
    5494:	e59fef6c 	ldr	lr, [pc, #3948]	@ 0x6408
    5498:	e7f2e2fc 	udf	#11820	@ 0x2e2c
    549c:	2a00062a 	bcs	0x6d4c
    54a0:	e7e012f4 			@ <UNDEFINED> instruction: 0xe7e012f4
    54a4:	e1a01000 	mov	r1, r0
    54a8:	e2400001 	sub	r0, r0, #1
    54ac:	e594301c 	ldr	r3, [r4, #28]
    54b0:	e5952030 	ldr	r2, [r5, #48]	@ 0x30
    54b4:	e59fef4c 	ldr	lr, [pc, #3916]	@ 0x6408
    54b8:	e7f3e2fc 	udf	#15916	@ 0x3e2c
    54bc:	2a000622 	bcs	0x6d4c
    54c0:	e7d023f4 			@ <UNDEFINED> instruction: 0xe7d023f4
    54c4:	e594c018 	ldr	ip, [r4, #24]
    54c8:	e38c0020 	orr	r0, ip, #32
    54cc:	e584003c 	str	r0, [r4, #60]	@ 0x3c
    54d0:	e3500061 	cmp	r0, #97	@ 0x61
    54d4:	1a000013 	bne	0x5528
    54d8:	ea0004ed 	b	0x6894
    54dc:	e594c018 	ldr	ip, [r4, #24]
    54e0:	e38c0020 	orr	r0, ip, #32
    54e4:	e584003c 	str	r0, [r4, #60]	@ 0x3c
    54e8:	e3500061 	cmp	r0, #97	@ 0x61
    54ec:	0a0004e8 	beq	0x6894
    54f0:	e594c010 	ldr	ip, [r4, #16]
    54f4:	e35c0000 	cmp	ip, #0
    54f8:	e3a0e006 	mov	lr, #6
    54fc:	e594c010 	ldr	ip, [r4, #16]
    5500:	a1a0e00c 	movge	lr, ip
    5504:	e584e040 	str	lr, [r4, #64]	@ 0x40
    5508:	e594201c 	ldr	r2, [r4, #28]
    550c:	e5950030 	ldr	r0, [r5, #48]	@ 0x30
    5510:	e59feef0 	ldr	lr, [pc, #3824]	@ 0x6408
    5514:	e7f2e2fc 	udf	#11820	@ 0x2e2c
    5518:	2a00060b 	bcs	0x6d4c
    551c:	e7ee02f4 			@ <UNDEFINED> instruction: 0xe7ee02f4
    5520:	e584e044 	str	lr, [r4, #68]	@ 0x44
    5524:	ea000012 	b	0x5574
    5528:	e241101d 	sub	r1, r1, #29
    552c:	e5841044 	str	r1, [r4, #68]	@ 0x44
    5530:	e594201c 	ldr	r2, [r4, #28]
    5534:	e5950030 	ldr	r0, [r5, #48]	@ 0x30
    5538:	e59feec8 	ldr	lr, [pc, #3784]	@ 0x6408
    553c:	e7f2e2fc 	udf	#11820	@ 0x2e2c
    5540:	2a000601 	bcs	0x6d4c
    5544:	e7d102f4 			@ <UNDEFINED> instruction: 0xe7d102f4
    5548:	e594c010 	ldr	ip, [r4, #16]
    554c:	e35c0000 	cmp	ip, #0
    5550:	e3a0e006 	mov	lr, #6
    5554:	e594c010 	ldr	ip, [r4, #16]
    5558:	a1a0e00c 	movge	lr, ip
    555c:	e584e040 	str	lr, [r4, #64]	@ 0x40
    5560:	e3a0c000 	mov	ip, #0
    5564:	e3a0e204 	mov	lr, #4, 4	@ 0x40000000
    5568:	e38ee61b 	orr	lr, lr, #28311552	@ 0x1b00000
    556c:	ec4eca10 	vmov	s0, s1, ip, lr
    5570:	ee288b00 	vmul.f64	d8, d8, d0
    5574:	e594c01c 	ldr	ip, [r4, #28]
    5578:	e28c0030 	add	r0, ip, #48	@ 0x30
    557c:	e594c044 	ldr	ip, [r4, #68]	@ 0x44
    5580:	e35c0000 	cmp	ip, #0
    5584:	e3a01000 	mov	r1, #0
    5588:	a3a01f48 	movge	r1, #72, 30	@ 0x120
    558c:	e0800001 	add	r0, r0, r1
    5590:	e5840048 	str	r0, [r4, #72]	@ 0x48
    5594:	e5840030 	str	r0, [r4, #48]	@ 0x30
    5598:	eeb00b48 	vmov.f64	d0, d8
    559c:	ec510a10 	vmov	r0, r1, s0, s1
    55a0:	e59fce64 	ldr	ip, [pc, #3684]	@ 0x640c
    55a4:	e12fff3c 	blx	ip
    55a8:	e1a01000 	mov	r1, r0
    55ac:	e5943030 	ldr	r3, [r4, #48]	@ 0x30
    55b0:	e5952030 	ldr	r2, [r5, #48]	@ 0x30
    55b4:	e59fce4c 	ldr	ip, [pc, #3660]	@ 0x6408
    55b8:	e153000c 	cmp	r3, ip
    55bc:	8a0005e2 	bhi	0x6d4c
    55c0:	e7d023f4 			@ <UNDEFINED> instruction: 0xe7d023f4
    55c4:	e594c030 	ldr	ip, [r4, #48]	@ 0x30
    55c8:	e28ce004 	add	lr, ip, #4
    55cc:	e584e030 	str	lr, [r4, #48]	@ 0x30
    55d0:	ee071a10 	vmov	s14, r1
    55d4:	eeb80b47 	vcvt.f64.u32	d0, s14
    55d8:	ee380b40 	vsub.f64	d0, d8, d0
    55dc:	e3a0c000 	mov	ip, #0
    55e0:	e59fee28 	ldr	lr, [pc, #3624]	@ 0x6410
    55e4:	ec4eca11 	vmov	s2, s3, ip, lr
    55e8:	ee200b01 	vmul.f64	d0, d0, d1
    55ec:	eeb08b40 	vmov.f64	d8, d0
    55f0:	e3a0c000 	mov	ip, #0
    55f4:	ec4cca11 	vmov	s2, s3, ip, ip
    55f8:	eeb40b41 	vcmp.f64	d0, d1
    55fc:	eef1fa10 	vmrs	APSR_nzcv, fpscr
    5600:	1affffe4 	bne	0x5598
    5604:	e594c044 	ldr	ip, [r4, #68]	@ 0x44
    5608:	e35c0001 	cmp	ip, #1
    560c:	aa000006 	bge	0x562c
    5610:	e594e044 	ldr	lr, [r4, #68]	@ 0x44
    5614:	e584e04c 	str	lr, [r4, #76]	@ 0x4c
    5618:	e594e030 	ldr	lr, [r4, #48]	@ 0x30
    561c:	e584e02c 	str	lr, [r4, #44]	@ 0x2c
    5620:	e594e048 	ldr	lr, [r4, #72]	@ 0x48
    5624:	e584e050 	str	lr, [r4, #80]	@ 0x50
    5628:	ea00007e 	b	0x5828
    562c:	e594e048 	ldr	lr, [r4, #72]	@ 0x48
    5630:	e584e050 	str	lr, [r4, #80]	@ 0x50
    5634:	e594e044 	ldr	lr, [r4, #68]	@ 0x44
    5638:	e584e04c 	str	lr, [r4, #76]	@ 0x4c
    563c:	e594c04c 	ldr	ip, [r4, #76]	@ 0x4c
    5640:	e35c001d 	cmp	ip, #29
    5644:	e3a0e01d 	mov	lr, #29
    5648:	e594c04c 	ldr	ip, [r4, #76]	@ 0x4c
    564c:	31a0e00c 	movcc	lr, ip
    5650:	e584e04c 	str	lr, [r4, #76]	@ 0x4c
    5654:	e594c030 	ldr	ip, [r4, #48]	@ 0x30
    5658:	e24c0004 	sub	r0, ip, #4
    565c:	e1a09000 	mov	r9, r0
    5660:	e594c050 	ldr	ip, [r4, #80]	@ 0x50
    5664:	e150000c 	cmp	r0, ip
    5668:	3a000049 	bcc	0x5794
    566c:	e594704c 	ldr	r7, [r4, #76]	@ 0x4c
    5670:	e3a08000 	mov	r8, #0
    5674:	e3a06000 	mov	r6, #0
    5678:	e3a03000 	mov	r3, #0
    567c:	e1a0a009 	mov	sl, r9
    5680:	e5952030 	ldr	r2, [r5, #48]	@ 0x30
    5684:	e59fcd7c 	ldr	ip, [pc, #3452]	@ 0x6408
    5688:	e15a000c 	cmp	sl, ip
    568c:	8a0005ae 	bhi	0x6d4c
    5690:	e792000a 	ldr	r0, [r2, sl]
    5694:	e3a01000 	mov	r1, #0
    5698:	e1a02007 	mov	r2, r7
    569c:	e3120020 	tst	r2, #32
    56a0:	1a000006 	bne	0x56c0
    56a4:	e202201f 	and	r2, r2, #31
    56a8:	e1a01211 	lsl	r1, r1, r2
    56ac:	e1a0c0a0 	lsr	ip, r0, #1
    56b0:	e222e01f 	eor	lr, r2, #31
    56b4:	e1811e3c 	orr	r1, r1, ip, lsr lr
    56b8:	e1a00210 	lsl	r0, r0, r2
    56bc:	ea000002 	b	0x56cc
    56c0:	e202e01f 	and	lr, r2, #31
    56c4:	e1a01e10 	lsl	r1, r0, lr
    56c8:	e3a00000 	mov	r0, #0
    56cc:	e090a006 	adds	sl, r0, r6
    56d0:	e0a1b003 	adc	fp, r1, r3
    56d4:	e584a074 	str	sl, [r4, #116]	@ 0x74
    56d8:	e584b078 	str	fp, [r4, #120]	@ 0x78
    56dc:	e59fed30 	ldr	lr, [pc, #3376]	@ 0x6414
    56e0:	e58de00c 	str	lr, [sp, #12]
    56e4:	e3a0e000 	mov	lr, #0
    56e8:	e58de010 	str	lr, [sp, #16]
    56ec:	e2840074 	add	r0, r4, #116	@ 0x74
    56f0:	e28d100c 	add	r1, sp, #12
    56f4:	e28d2004 	add	r2, sp, #4
    56f8:	e59fcd18 	ldr	ip, [pc, #3352]	@ 0x6418
    56fc:	e12fff3c 	blx	ip
    5700:	e59d0004 	ldr	r0, [sp, #4]
    5704:	e59d1008 	ldr	r1, [sp, #8]
    5708:	e1a06000 	mov	r6, r0
    570c:	e1a03001 	mov	r3, r1
    5710:	e1a02001 	mov	r2, r1
    5714:	e59f1cf8 	ldr	r1, [pc, #3320]	@ 0x6414
    5718:	e0020192 	mul	r2, r2, r1
    571c:	e0810091 	umull	r0, r1, r1, r0
    5720:	e0822001 	add	r2, r2, r1
    5724:	e1a01002 	mov	r1, r2
    5728:	e05aa000 	subs	sl, sl, r0
    572c:	e0cbb001 	sbc	fp, fp, r1
    5730:	e1a01009 	mov	r1, r9
    5734:	e5950030 	ldr	r0, [r5, #48]	@ 0x30
    5738:	e59fccc8 	ldr	ip, [pc, #3272]	@ 0x6408
    573c:	e151000c 	cmp	r1, ip
    5740:	8a000581 	bhi	0x6d4c
    5744:	e780a001 	str	sl, [r0, r1]
    5748:	e2490004 	sub	r0, r9, #4
    574c:	e1a09000 	mov	r9, r0
    5750:	e594c050 	ldr	ip, [r4, #80]	@ 0x50
    5754:	e150000c 	cmp	r0, ip
    5758:	2affffc7 	bcs	0x567c
    575c:	e594c074 	ldr	ip, [r4, #116]	@ 0x74
    5760:	e59fecac 	ldr	lr, [pc, #3244]	@ 0x6414
    5764:	e15c000e 	cmp	ip, lr
    5768:	e594c078 	ldr	ip, [r4, #120]	@ 0x78
    576c:	e2dcc000 	sbcs	ip, ip, #0
    5770:	3a000007 	bcc	0x5794
    5774:	e594c050 	ldr	ip, [r4, #80]	@ 0x50
    5778:	e24c0004 	sub	r0, ip, #4
    577c:	e5840050 	str	r0, [r4, #80]	@ 0x50
    5780:	e5951030 	ldr	r1, [r5, #48]	@ 0x30
    5784:	e59fcc7c 	ldr	ip, [pc, #3196]	@ 0x6408
    5788:	e150000c 	cmp	r0, ip
    578c:	8a00056e 	bhi	0x6d4c
    5790:	e7816000 	str	r6, [r1, r0]
    5794:	e594e030 	ldr	lr, [r4, #48]	@ 0x30
    5798:	e584e02c 	str	lr, [r4, #44]	@ 0x2c
    579c:	e594e050 	ldr	lr, [r4, #80]	@ 0x50
    57a0:	e594c030 	ldr	ip, [r4, #48]	@ 0x30
    57a4:	e15c000e 	cmp	ip, lr
    57a8:	9a00000a 	bls	0x57d8
    57ac:	e594c02c 	ldr	ip, [r4, #44]	@ 0x2c
    57b0:	e24c0004 	sub	r0, ip, #4
    57b4:	e5840030 	str	r0, [r4, #48]	@ 0x30
    57b8:	e1a02000 	mov	r2, r0
    57bc:	e5951030 	ldr	r1, [r5, #48]	@ 0x30
    57c0:	e59fcc40 	ldr	ip, [pc, #3136]	@ 0x6408
    57c4:	e152000c 	cmp	r2, ip
    57c8:	8a00055f 	bhi	0x6d4c
    57cc:	e7e012f4 			@ <UNDEFINED> instruction: 0xe7e012f4
    57d0:	e3500000 	cmp	r0, #0
    57d4:	0affffee 	beq	0x5794
    57d8:	e594201c 	ldr	r2, [r4, #28]
    57dc:	e5951030 	ldr	r1, [r5, #48]	@ 0x30
    57e0:	e59fec20 	ldr	lr, [pc, #3104]	@ 0x6408
    57e4:	e7f2e2fc 	udf	#11820	@ 0x2e2c
    57e8:	2a000557 	bcs	0x6d4c
    57ec:	e7e012f4 			@ <UNDEFINED> instruction: 0xe7e012f4
    57f0:	e594c04c 	ldr	ip, [r4, #76]	@ 0x4c
    57f4:	e040000c 	sub	r0, r0, ip
    57f8:	e584004c 	str	r0, [r4, #76]	@ 0x4c
    57fc:	e594201c 	ldr	r2, [r4, #28]
    5800:	e5951030 	ldr	r1, [r5, #48]	@ 0x30
    5804:	e59febfc 	ldr	lr, [pc, #3068]	@ 0x6408
    5808:	e7f2e2fc 	udf	#11820	@ 0x2e2c
    580c:	2a00054e 	bcs	0x6d4c
    5810:	e7d012f4 			@ <UNDEFINED> instruction: 0xe7d012f4
    5814:	e594e02c 	ldr	lr, [r4, #44]	@ 0x2c
    5818:	e584e030 	str	lr, [r4, #48]	@ 0x30
    581c:	e594c04c 	ldr	ip, [r4, #76]	@ 0x4c
    5820:	e35c0000 	cmp	ip, #0
    5824:	caffff84 	bgt	0x563c
    5828:	e594c04c 	ldr	ip, [r4, #76]	@ 0x4c
    582c:	e37c0001 	cmn	ip, #1
    5830:	ca00007c 	bgt	0x5a28
    5834:	e594c040 	ldr	ip, [r4, #64]	@ 0x40
    5838:	e28c0019 	add	r0, ip, #25
    583c:	e3a01009 	mov	r1, #9
    5840:	e52d3010 	str	r3, [sp, #-16]!
    5844:	e58d2004 	str	r2, [sp, #4]
    5848:	e58d1008 	str	r1, [sp, #8]
    584c:	e59fcbc8 	ldr	ip, [pc, #3016]	@ 0x641c
    5850:	e12fff3c 	blx	ip
    5854:	e59d1008 	ldr	r1, [sp, #8]
    5858:	e59d2004 	ldr	r2, [sp, #4]
    585c:	e49d3010 	ldr	r3, [sp], #16
    5860:	e280e001 	add	lr, r0, #1
    5864:	e584e054 	str	lr, [r4, #84]	@ 0x54
    5868:	e594c03c 	ldr	ip, [r4, #60]	@ 0x3c
    586c:	e35c0066 	cmp	ip, #102	@ 0x66
    5870:	e3a0c000 	mov	ip, #0
    5874:	03a0c001 	moveq	ip, #1
    5878:	e584c058 	str	ip, [r4, #88]	@ 0x58
    587c:	e594c04c 	ldr	ip, [r4, #76]	@ 0x4c
    5880:	e26c1000 	rsb	r1, ip, #0
    5884:	e1a02001 	mov	r2, r1
    5888:	e3520009 	cmp	r2, #9
    588c:	23a01009 	movcs	r1, #9
    5890:	e594e02c 	ldr	lr, [r4, #44]	@ 0x2c
    5894:	e594c050 	ldr	ip, [r4, #80]	@ 0x50
    5898:	e15c000e 	cmp	ip, lr
    589c:	3a000009 	bcc	0x58c8
    58a0:	e5946050 	ldr	r6, [r4, #80]	@ 0x50
    58a4:	e5953030 	ldr	r3, [r5, #48]	@ 0x30
    58a8:	e59fcb58 	ldr	ip, [pc, #2904]	@ 0x6408
    58ac:	e156000c 	cmp	r6, ip
    58b0:	8a000525 	bhi	0x6d4c
    58b4:	e7e236f4 			@ <UNDEFINED> instruction: 0xe7e236f4
    58b8:	e3520000 	cmp	r2, #0
    58bc:	e3a03000 	mov	r3, #0
    58c0:	03a03004 	moveq	r3, #4
    58c4:	ea000033 	b	0x5998
    58c8:	e59fcb44 	ldr	ip, [pc, #2884]	@ 0x6414
    58cc:	e201e01f 	and	lr, r1, #31
    58d0:	e1a02e3c 	lsr	r2, ip, lr
    58d4:	e3e0c000 	mvn	ip, #0
    58d8:	e201e01f 	and	lr, r1, #31
    58dc:	e1a06e1c 	lsl	r6, ip, lr
    58e0:	e1e06006 	mvn	r6, r6
    58e4:	e3a07000 	mov	r7, #0
    58e8:	e5948050 	ldr	r8, [r4, #80]	@ 0x50
    58ec:	e1a0b008 	mov	fp, r8
    58f0:	e595a030 	ldr	sl, [r5, #48]	@ 0x30
    58f4:	e59fcb0c 	ldr	ip, [pc, #2828]	@ 0x6408
    58f8:	e15b000c 	cmp	fp, ip
    58fc:	8a000512 	bhi	0x6d4c
    5900:	e7e9abf4 			@ <UNDEFINED> instruction: 0xe7e9abf4
    5904:	e1a0a009 	mov	sl, r9
    5908:	e201e01f 	and	lr, r1, #31
    590c:	e1a09e39 	lsr	r9, r9, lr
    5910:	e0899007 	add	r9, r9, r7
    5914:	e1a00008 	mov	r0, r8
    5918:	e595b030 	ldr	fp, [r5, #48]	@ 0x30
    591c:	e59fcae4 	ldr	ip, [pc, #2788]	@ 0x6408
    5920:	e150000c 	cmp	r0, ip
    5924:	8a000508 	bhi	0x6d4c
    5928:	e7d9b0f4 			@ <UNDEFINED> instruction: 0xe7d9b0f4
    592c:	e00aa006 	and	sl, sl, r6
    5930:	e007029a 	mul	r7, sl, r2
    5934:	e2880004 	add	r0, r8, #4
    5938:	e1a08000 	mov	r8, r0
    593c:	e594c02c 	ldr	ip, [r4, #44]	@ 0x2c
    5940:	e150000c 	cmp	r0, ip
    5944:	3affffe8 	bcc	0x58ec
    5948:	e5946050 	ldr	r6, [r4, #80]	@ 0x50
    594c:	e5952030 	ldr	r2, [r5, #48]	@ 0x30
    5950:	e59fcab0 	ldr	ip, [pc, #2736]	@ 0x6408
    5954:	e156000c 	cmp	r6, ip
    5958:	8a0004fb 	bhi	0x6d4c
    595c:	e7e026f4 			@ <UNDEFINED> instruction: 0xe7e026f4
    5960:	e3500000 	cmp	r0, #0
    5964:	e3a03000 	mov	r3, #0
    5968:	03a03004 	moveq	r3, #4
    596c:	e3570000 	cmp	r7, #0
    5970:	0a000008 	beq	0x5998
    5974:	e594202c 	ldr	r2, [r4, #44]	@ 0x2c
    5978:	e5950030 	ldr	r0, [r5, #48]	@ 0x30
    597c:	e59fca84 	ldr	ip, [pc, #2692]	@ 0x6408
    5980:	e152000c 	cmp	r2, ip
    5984:	8a0004f0 	bhi	0x6d4c
    5988:	e7d702f4 			@ <UNDEFINED> instruction: 0xe7d702f4
    598c:	e594c02c 	ldr	ip, [r4, #44]	@ 0x2c
    5990:	e28ce004 	add	lr, ip, #4
    5994:	e584e02c 	str	lr, [r4, #44]	@ 0x2c
    5998:	e594601c 	ldr	r6, [r4, #28]
    599c:	e5952030 	ldr	r2, [r5, #48]	@ 0x30
    59a0:	e59fea60 	ldr	lr, [pc, #2656]	@ 0x6408
    59a4:	e7f6e2fc 	udf	#28204	@ 0x6e2c
    59a8:	2a0004e7 	bcs	0x6d4c
    59ac:	e7e026f4 			@ <UNDEFINED> instruction: 0xe7e026f4
    59b0:	e0800001 	add	r0, r0, r1
    59b4:	e584004c 	str	r0, [r4, #76]	@ 0x4c
    59b8:	e594201c 	ldr	r2, [r4, #28]
    59bc:	e5951030 	ldr	r1, [r5, #48]	@ 0x30
    59c0:	e59fea40 	ldr	lr, [pc, #2624]	@ 0x6408
    59c4:	e7f2e2fc 	udf	#11820	@ 0x2e2c
    59c8:	2a0004df 	bcs	0x6d4c
    59cc:	e7d012f4 			@ <UNDEFINED> instruction: 0xe7d012f4
    59d0:	e594c050 	ldr	ip, [r4, #80]	@ 0x50
    59d4:	e08c3003 	add	r3, ip, r3
    59d8:	e5843050 	str	r3, [r4, #80]	@ 0x50
    59dc:	e594c058 	ldr	ip, [r4, #88]	@ 0x58
    59e0:	e35c0000 	cmp	ip, #0
    59e4:	e594c048 	ldr	ip, [r4, #72]	@ 0x48
    59e8:	11a0300c 	movne	r3, ip
    59ec:	e1a00003 	mov	r0, r3
    59f0:	e594c054 	ldr	ip, [r4, #84]	@ 0x54
    59f4:	e1a0110c 	lsl	r1, ip, #2
    59f8:	e0833001 	add	r3, r3, r1
    59fc:	e594c02c 	ldr	ip, [r4, #44]	@ 0x2c
    5a00:	e04c0000 	sub	r0, ip, r0
    5a04:	e1a00140 	asr	r0, r0, #2
    5a08:	e594c054 	ldr	ip, [r4, #84]	@ 0x54
    5a0c:	e150000c 	cmp	r0, ip
    5a10:	e594e02c 	ldr	lr, [r4, #44]	@ 0x2c
    5a14:	c1a0e003 	movgt	lr, r3
    5a18:	e584e02c 	str	lr, [r4, #44]	@ 0x2c
    5a1c:	e594c04c 	ldr	ip, [r4, #76]	@ 0x4c
    5a20:	e35c0000 	cmp	ip, #0
    5a24:	baffff94 	blt	0x587c
    5a28:	e3a06000 	mov	r6, #0
    5a2c:	e594e02c 	ldr	lr, [r4, #44]	@ 0x2c
    5a30:	e594c050 	ldr	ip, [r4, #80]	@ 0x50
    5a34:	e15c000e 	cmp	ip, lr
    5a38:	2a000015 	bcs	0x5a94
    5a3c:	e594e050 	ldr	lr, [r4, #80]	@ 0x50
    5a40:	e594c048 	ldr	ip, [r4, #72]	@ 0x48
    5a44:	e04c000e 	sub	r0, ip, lr
    5a48:	e1a00140 	asr	r0, r0, #2
    5a4c:	e3a0c009 	mov	ip, #9
    5a50:	e0060c90 	mul	r6, r0, ip
    5a54:	e3a0000a 	mov	r0, #10
    5a58:	e5943050 	ldr	r3, [r4, #80]	@ 0x50
    5a5c:	e5952030 	ldr	r2, [r5, #48]	@ 0x30
    5a60:	e59fc9a0 	ldr	ip, [pc, #2464]	@ 0x6408
    5a64:	e153000c 	cmp	r3, ip
    5a68:	8a0004b7 	bhi	0x6d4c
    5a6c:	e7e123f4 			@ <UNDEFINED> instruction: 0xe7e123f4
    5a70:	e1a02001 	mov	r2, r1
    5a74:	e351000a 	cmp	r1, #10
    5a78:	3a000005 	bcc	0x5a94
    5a7c:	e2866001 	add	r6, r6, #1
    5a80:	e3a0c00a 	mov	ip, #10
    5a84:	e0010c90 	mul	r1, r0, ip
    5a88:	e1a00001 	mov	r0, r1
    5a8c:	e1520001 	cmp	r2, r1
    5a90:	2afffff9 	bcs	0x5a7c
    5a94:	e594c03c 	ldr	ip, [r4, #60]	@ 0x3c
    5a98:	e35c0066 	cmp	ip, #102	@ 0x66
    5a9c:	e3a00000 	mov	r0, #0
    5aa0:	11a00006 	movne	r0, r6
    5aa4:	e594c040 	ldr	ip, [r4, #64]	@ 0x40
    5aa8:	e04c0000 	sub	r0, ip, r0
    5aac:	e594c040 	ldr	ip, [r4, #64]	@ 0x40
    5ab0:	e35c0000 	cmp	ip, #0
    5ab4:	e3a01000 	mov	r1, #0
    5ab8:	13a01001 	movne	r1, #1
    5abc:	e594c03c 	ldr	ip, [r4, #60]	@ 0x3c
    5ac0:	e35c0067 	cmp	ip, #103	@ 0x67
    5ac4:	e3a02000 	mov	r2, #0
    5ac8:	03a02001 	moveq	r2, #1
    5acc:	e0011002 	and	r1, r1, r2
    5ad0:	e0400001 	sub	r0, r0, r1
    5ad4:	e1a01000 	mov	r1, r0
    5ad8:	e594e048 	ldr	lr, [r4, #72]	@ 0x48
    5adc:	e594c02c 	ldr	ip, [r4, #44]	@ 0x2c
    5ae0:	e04c200e 	sub	r2, ip, lr
    5ae4:	e1a02142 	asr	r2, r2, #2
    5ae8:	e3a0c009 	mov	ip, #9
    5aec:	e0020c92 	mul	r2, r2, ip
    5af0:	e2422009 	sub	r2, r2, #9
    5af4:	e1500002 	cmp	r0, r2
    5af8:	aa0000df 	bge	0x5e7c
    5afc:	e3a0200a 	mov	r2, #10
    5b00:	e2813d90 	add	r3, r1, #144, 26	@ 0x2400
    5b04:	e1a00003 	mov	r0, r3
    5b08:	e3a01009 	mov	r1, #9
    5b0c:	e52d3010 	str	r3, [sp, #-16]!
    5b10:	e58d2004 	str	r2, [sp, #4]
    5b14:	e58d1008 	str	r1, [sp, #8]
    5b18:	e59fc900 	ldr	ip, [pc, #2304]	@ 0x6420
    5b1c:	e12fff3c 	blx	ip
    5b20:	e59d1008 	ldr	r1, [sp, #8]
    5b24:	e59d2004 	ldr	r2, [sp, #4]
    5b28:	e49d3010 	ldr	r3, [sp], #16
    5b2c:	e1a01000 	mov	r1, r0
    5b30:	e3a0c009 	mov	ip, #9
    5b34:	e0000c90 	mul	r0, r0, ip
    5b38:	e0433000 	sub	r3, r3, r0
    5b3c:	e1a00003 	mov	r0, r3
    5b40:	e3530007 	cmp	r3, #7
    5b44:	ca000005 	bgt	0x5b60
    5b48:	e3a0c00a 	mov	ip, #10
    5b4c:	e0020c92 	mul	r2, r2, ip
    5b50:	e2803001 	add	r3, r0, #1
    5b54:	e1a00003 	mov	r0, r3
    5b58:	e3530008 	cmp	r3, #8
    5b5c:	1afffff9 	bne	0x5b48
    5b60:	e594c01c 	ldr	ip, [r4, #28]
    5b64:	e28c0030 	add	r0, ip, #48	@ 0x30
    5b68:	e594c044 	ldr	ip, [r4, #68]	@ 0x44
    5b6c:	e35c0000 	cmp	ip, #0
    5b70:	e3e03c0f 	mvn	r3, #3840	@ 0xf00
    5b74:	e3c330fb 	bic	r3, r3, #251	@ 0xfb
    5b78:	e3e0cc0e 	mvn	ip, #3584	@ 0xe00
    5b7c:	e3ccc0db 	bic	ip, ip, #219	@ 0xdb
    5b80:	a1a0300c 	movge	r3, ip
    5b84:	e0800003 	add	r0, r0, r3
    5b88:	e1a01101 	lsl	r1, r1, #2
    5b8c:	e0800001 	add	r0, r0, r1
    5b90:	e1a03000 	mov	r3, r0
    5b94:	e2807004 	add	r7, r0, #4
    5b98:	e1a01003 	mov	r1, r3
    5b9c:	e5950030 	ldr	r0, [r5, #48]	@ 0x30
    5ba0:	e59fc860 	ldr	ip, [pc, #2144]	@ 0x6408
    5ba4:	e151000c 	cmp	r1, ip
    5ba8:	8a000467 	bhi	0x6d4c
    5bac:	e7e801f4 			@ <UNDEFINED> instruction: 0xe7e801f4
    5bb0:	e1a09008 	mov	r9, r8
    5bb4:	e1a00009 	mov	r0, r9
    5bb8:	e1a01002 	mov	r1, r2
    5bbc:	e3510000 	cmp	r1, #0
    5bc0:	0a00045f 	beq	0x6d44
    5bc4:	e52d3010 	str	r3, [sp, #-16]!
    5bc8:	e58d2004 	str	r2, [sp, #4]
    5bcc:	e58d1008 	str	r1, [sp, #8]
    5bd0:	e59fc84c 	ldr	ip, [pc, #2124]	@ 0x6424
    5bd4:	e12fff3c 	blx	ip
    5bd8:	e59d1008 	ldr	r1, [sp, #8]
    5bdc:	e59d2004 	ldr	r2, [sp, #4]
    5be0:	e49d3010 	ldr	r3, [sp], #16
    5be4:	e5840054 	str	r0, [r4, #84]	@ 0x54
    5be8:	e0000290 	mul	r0, r0, r2
    5bec:	e0488000 	sub	r8, r8, r0
    5bf0:	e1a00008 	mov	r0, r8
    5bf4:	e3580000 	cmp	r8, #0
    5bf8:	1a000002 	bne	0x5c08
    5bfc:	e594c02c 	ldr	ip, [r4, #44]	@ 0x2c
    5c00:	e157000c 	cmp	r7, ip
    5c04:	0a000095 	beq	0x5e60
    5c08:	e594c054 	ldr	ip, [r4, #84]	@ 0x54
    5c0c:	e31c0001 	tst	ip, #1
    5c10:	1a000013 	bne	0x5c64
    5c14:	e3a0c000 	mov	ip, #0
    5c18:	e3a0e101 	mov	lr, #1073741824	@ 0x40000000
    5c1c:	e38ee50d 	orr	lr, lr, #54525952	@ 0x3400000
    5c20:	ec4eca10 	vmov	s0, s1, ip, lr
    5c24:	e59fc7e8 	ldr	ip, [pc, #2024]	@ 0x6414
    5c28:	e152000c 	cmp	r2, ip
    5c2c:	1a000010 	bne	0x5c74
    5c30:	e594c050 	ldr	ip, [r4, #80]	@ 0x50
    5c34:	e153000c 	cmp	r3, ip
    5c38:	9a00000d 	bls	0x5c74
    5c3c:	e2431004 	sub	r1, r3, #4
    5c40:	e1a0a001 	mov	sl, r1
    5c44:	e5958030 	ldr	r8, [r5, #48]	@ 0x30
    5c48:	e3e0c4fe 	mvn	ip, #-33554432	@ 0xfe000000
    5c4c:	e3ccc8fe 	bic	ip, ip, #16646144	@ 0xfe0000
    5c50:	e15a000c 	cmp	sl, ip
    5c54:	8a00043c 	bhi	0x6d4c
    5c58:	e7e18af0 			@ <UNDEFINED> instruction: 0xe7e18af0
    5c5c:	e3110001 	tst	r1, #1
    5c60:	0a000003 	beq	0x5c74
    5c64:	e3a0c001 	mov	ip, #1
    5c68:	e3a0e101 	mov	lr, #1073741824	@ 0x40000000
    5c6c:	e38ee50d 	orr	lr, lr, #54525952	@ 0x3400000
    5c70:	ec4eca10 	vmov	s0, s1, ip, lr
    5c74:	e594c02c 	ldr	ip, [r4, #44]	@ 0x2c
    5c78:	e157000c 	cmp	r7, ip
    5c7c:	e3a0c000 	mov	ip, #0
    5c80:	e3a0e203 	mov	lr, #805306368	@ 0x30000000
    5c84:	e38ee6ff 	orr	lr, lr, #267386880	@ 0xff00000
    5c88:	ec4eca11 	vmov	s2, s3, ip, lr
    5c8c:	e3a0c000 	mov	ip, #0
    5c90:	e3a0e30f 	mov	lr, #1006632960	@ 0x3c000000
    5c94:	e38ee7fe 	orr	lr, lr, #66584576	@ 0x3f80000
    5c98:	ec4eca12 	vmov	s4, s5, ip, lr
    5c9c:	eeb03b41 	vmov.f64	d3, d1
    5ca0:	1eb03b42 	vmovne.f64	d3, d2
    5ca4:	e1a010a2 	lsr	r1, r2, #1
    5ca8:	e1a07001 	mov	r7, r1
    5cac:	e1500001 	cmp	r0, r1
    5cb0:	e3a0c000 	mov	ip, #0
    5cb4:	e3a0e30f 	mov	lr, #1006632960	@ 0x3c000000
    5cb8:	e38ee7fe 	orr	lr, lr, #66584576	@ 0x3f80000
    5cbc:	ec4eca11 	vmov	s2, s3, ip, lr
    5cc0:	1eb03b41 	vmovne.f64	d3, d1
    5cc4:	e1500007 	cmp	r0, r7
    5cc8:	e3a0c000 	mov	ip, #0
    5ccc:	e3a0e203 	mov	lr, #805306368	@ 0x30000000
    5cd0:	e38ee6fe 	orr	lr, lr, #266338304	@ 0xfe00000
    5cd4:	ec4eca11 	vmov	s2, s3, ip, lr
    5cd8:	3eb03b41 	vmovcc.f64	d3, d1
    5cdc:	e594c020 	ldr	ip, [r4, #32]
    5ce0:	e35c0000 	cmp	ip, #0
    5ce4:	1a00000a 	bne	0x5d14
    5ce8:	e5948028 	ldr	r8, [r4, #40]	@ 0x28
    5cec:	e5957030 	ldr	r7, [r5, #48]	@ 0x30
    5cf0:	e3e0c4fe 	mvn	ip, #-33554432	@ 0xfe000000
    5cf4:	e3ccc8fe 	bic	ip, ip, #16646144	@ 0xfe0000
    5cf8:	e158000c 	cmp	r8, ip
    5cfc:	8a000412 	bhi	0x6d4c
    5d00:	e7e178f0 			@ <UNDEFINED> instruction: 0xe7e178f0
    5d04:	e351002d 	cmp	r1, #45	@ 0x2d
    5d08:	1a000001 	bne	0x5d14
    5d0c:	eeb13b43 	vneg.f64	d3, d3
    5d10:	eeb10b40 	vneg.f64	d0, d0
    5d14:	e0499000 	sub	r9, r9, r0
    5d18:	e1a00009 	mov	r0, r9
    5d1c:	e1a07003 	mov	r7, r3
    5d20:	e5951030 	ldr	r1, [r5, #48]	@ 0x30
    5d24:	e59fc6dc 	ldr	ip, [pc, #1756]	@ 0x6408
    5d28:	e157000c 	cmp	r7, ip
    5d2c:	8a000406 	bhi	0x6d4c
    5d30:	e7d917f4 			@ <UNDEFINED> instruction: 0xe7d917f4
    5d34:	ee303b03 	vadd.f64	d3, d0, d3
    5d38:	eeb43b40 	vcmp.f64	d3, d0
    5d3c:	eef1fa10 	vmrs	APSR_nzcv, fpscr
    5d40:	0a000046 	beq	0x5e60
    5d44:	e0800002 	add	r0, r0, r2
    5d48:	e1a01000 	mov	r1, r0
    5d4c:	e1a07003 	mov	r7, r3
    5d50:	e5952030 	ldr	r2, [r5, #48]	@ 0x30
    5d54:	e59fc6ac 	ldr	ip, [pc, #1708]	@ 0x6408
    5d58:	e157000c 	cmp	r7, ip
    5d5c:	8a0003fa 	bhi	0x6d4c
    5d60:	e7d027f4 			@ <UNDEFINED> instruction: 0xe7d027f4
    5d64:	e59fc6a8 	ldr	ip, [pc, #1704]	@ 0x6414
    5d68:	e151000c 	cmp	r1, ip
    5d6c:	3a000025 	bcc	0x5e08
    5d70:	e1a01003 	mov	r1, r3
    5d74:	e5950030 	ldr	r0, [r5, #48]	@ 0x30
    5d78:	e59fc688 	ldr	ip, [pc, #1672]	@ 0x6408
    5d7c:	e151000c 	cmp	r1, ip
    5d80:	8a0003f1 	bhi	0x6d4c
    5d84:	e3a02000 	mov	r2, #0
    5d88:	e7d201f4 			@ <UNDEFINED> instruction: 0xe7d201f4
    5d8c:	e2430004 	sub	r0, r3, #4
    5d90:	e1a03000 	mov	r3, r0
    5d94:	e594c050 	ldr	ip, [r4, #80]	@ 0x50
    5d98:	e150000c 	cmp	r0, ip
    5d9c:	2a000008 	bcs	0x5dc4
    5da0:	e594c050 	ldr	ip, [r4, #80]	@ 0x50
    5da4:	e24c0004 	sub	r0, ip, #4
    5da8:	e5840050 	str	r0, [r4, #80]	@ 0x50
    5dac:	e5951030 	ldr	r1, [r5, #48]	@ 0x30
    5db0:	e59fc650 	ldr	ip, [pc, #1616]	@ 0x6408
    5db4:	e150000c 	cmp	r0, ip
    5db8:	8a0003e3 	bhi	0x6d4c
    5dbc:	e3a02000 	mov	r2, #0
    5dc0:	e7d210f4 			@ <UNDEFINED> instruction: 0xe7d210f4
    5dc4:	e1a02003 	mov	r2, r3
    5dc8:	e5951030 	ldr	r1, [r5, #48]	@ 0x30
    5dcc:	e59fc634 	ldr	ip, [pc, #1588]	@ 0x6408
    5dd0:	e152000c 	cmp	r2, ip
    5dd4:	8a0003dc 	bhi	0x6d4c
    5dd8:	e7e012f4 			@ <UNDEFINED> instruction: 0xe7e012f4
    5ddc:	e2800001 	add	r0, r0, #1
    5de0:	e1a01000 	mov	r1, r0
    5de4:	e1a07003 	mov	r7, r3
    5de8:	e5952030 	ldr	r2, [r5, #48]	@ 0x30
    5dec:	e59fc614 	ldr	ip, [pc, #1556]	@ 0x6408
    5df0:	e157000c 	cmp	r7, ip
    5df4:	8a0003d4 	bhi	0x6d4c
    5df8:	e7d027f4 			@ <UNDEFINED> instruction: 0xe7d027f4
    5dfc:	e59fc624 	ldr	ip, [pc, #1572]	@ 0x6428
    5e00:	e151000c 	cmp	r1, ip
    5e04:	8affffd9 	bhi	0x5d70
    5e08:	e594e050 	ldr	lr, [r4, #80]	@ 0x50
    5e0c:	e594c048 	ldr	ip, [r4, #72]	@ 0x48
    5e10:	e04c000e 	sub	r0, ip, lr
    5e14:	e1a00140 	asr	r0, r0, #2
    5e18:	e3a0c009 	mov	ip, #9
    5e1c:	e0060c90 	mul	r6, r0, ip
    5e20:	e3a0000a 	mov	r0, #10
    5e24:	e5947050 	ldr	r7, [r4, #80]	@ 0x50
    5e28:	e5952030 	ldr	r2, [r5, #48]	@ 0x30
    5e2c:	e59fc5d4 	ldr	ip, [pc, #1492]	@ 0x6408
    5e30:	e157000c 	cmp	r7, ip
    5e34:	8a0003c4 	bhi	0x6d4c
    5e38:	e7e127f4 			@ <UNDEFINED> instruction: 0xe7e127f4
    5e3c:	e1a02001 	mov	r2, r1
    5e40:	e351000a 	cmp	r1, #10
    5e44:	3a000005 	bcc	0x5e60
    5e48:	e2866001 	add	r6, r6, #1
    5e4c:	e3a0c00a 	mov	ip, #10
    5e50:	e0010c90 	mul	r1, r0, ip
    5e54:	e1a00001 	mov	r0, r1
    5e58:	e1520001 	cmp	r2, r1
    5e5c:	2afffff9 	bcs	0x5e48
    5e60:	e2833004 	add	r3, r3, #4
    5e64:	e1a00003 	mov	r0, r3
    5e68:	e594c02c 	ldr	ip, [r4, #44]	@ 0x2c
    5e6c:	e15c0000 	cmp	ip, r0
    5e70:	e594e02c 	ldr	lr, [r4, #44]	@ 0x2c
    5e74:	81a0e003 	movhi	lr, r3
    5e78:	e584e02c 	str	lr, [r4, #44]	@ 0x2c
    5e7c:	e594702c 	ldr	r7, [r4, #44]	@ 0x2c
    5e80:	e594e050 	ldr	lr, [r4, #80]	@ 0x50
    5e84:	e594c02c 	ldr	ip, [r4, #44]	@ 0x2c
    5e88:	e15c000e 	cmp	ip, lr
    5e8c:	e3a00000 	mov	r0, #0
    5e90:	93a00001 	movls	r0, #1
    5e94:	e1a01000 	mov	r1, r0
    5e98:	e3500000 	cmp	r0, #0
    5e9c:	1a000009 	bne	0x5ec8
    5ea0:	e2470004 	sub	r0, r7, #4
    5ea4:	e584002c 	str	r0, [r4, #44]	@ 0x2c
    5ea8:	e1a03000 	mov	r3, r0
    5eac:	e5952030 	ldr	r2, [r5, #48]	@ 0x30
    5eb0:	e59fc550 	ldr	ip, [pc, #1360]	@ 0x6408
    5eb4:	e153000c 	cmp	r3, ip
    5eb8:	8a0003a3 	bhi	0x6d4c
    5ebc:	e7e023f4 			@ <UNDEFINED> instruction: 0xe7e023f4
    5ec0:	e3500000 	cmp	r0, #0
    5ec4:	0affffec 	beq	0x5e7c
    5ec8:	e594c03c 	ldr	ip, [r4, #60]	@ 0x3c
    5ecc:	e35c0067 	cmp	ip, #103	@ 0x67
    5ed0:	0a000003 	beq	0x5ee4
    5ed4:	e594c014 	ldr	ip, [r4, #20]
    5ed8:	e20ce008 	and	lr, ip, #8
    5edc:	e584e05c 	str	lr, [r4, #92]	@ 0x5c
    5ee0:	ea00006f 	b	0x60a4
    5ee4:	e1e00006 	mvn	r0, r6
    5ee8:	e594c040 	ldr	ip, [r4, #64]	@ 0x40
    5eec:	e35c0000 	cmp	ip, #0
    5ef0:	e3a02001 	mov	r2, #1
    5ef4:	e594c040 	ldr	ip, [r4, #64]	@ 0x40
    5ef8:	11a0200c 	movne	r2, ip
    5efc:	e1a03002 	mov	r3, r2
    5f00:	e1520006 	cmp	r2, r6
    5f04:	e3a02000 	mov	r2, #0
    5f08:	c3a02001 	movgt	r2, #1
    5f0c:	e3760005 	cmn	r6, #5
    5f10:	e3a09000 	mov	r9, #0
    5f14:	c3a09001 	movgt	r9, #1
    5f18:	e0022009 	and	r2, r2, r9
    5f1c:	e1a09002 	mov	r9, r2
    5f20:	e3520000 	cmp	r2, #0
    5f24:	03e00000 	mvneq	r0, #0
    5f28:	e080e003 	add	lr, r0, r3
    5f2c:	e584e040 	str	lr, [r4, #64]	@ 0x40
    5f30:	e3590000 	cmp	r9, #0
    5f34:	e3e00000 	mvn	r0, #0
    5f38:	03e00001 	mvneq	r0, #1
    5f3c:	e594c018 	ldr	ip, [r4, #24]
    5f40:	e080e00c 	add	lr, r0, ip
    5f44:	e584e018 	str	lr, [r4, #24]
    5f48:	e594c014 	ldr	ip, [r4, #20]
    5f4c:	e20c0008 	and	r0, ip, #8
    5f50:	e584005c 	str	r0, [r4, #92]	@ 0x5c
    5f54:	e3500000 	cmp	r0, #0
    5f58:	1a000051 	bne	0x60a4
    5f5c:	e3e02008 	mvn	r2, #8
    5f60:	e3510000 	cmp	r1, #0
    5f64:	1a000029 	bne	0x6010
    5f68:	e2470004 	sub	r0, r7, #4
    5f6c:	e1a03000 	mov	r3, r0
    5f70:	e5951030 	ldr	r1, [r5, #48]	@ 0x30
    5f74:	e59fc48c 	ldr	ip, [pc, #1164]	@ 0x6408
    5f78:	e153000c 	cmp	r3, ip
    5f7c:	8a000372 	bhi	0x6d4c
    5f80:	e7e013f4 			@ <UNDEFINED> instruction: 0xe7e013f4
    5f84:	e1a03000 	mov	r3, r0
    5f88:	e3500000 	cmp	r0, #0
    5f8c:	0a00001f 	beq	0x6010
    5f90:	e3a0900a 	mov	r9, #10
    5f94:	e3a02000 	mov	r2, #0
    5f98:	e1a00003 	mov	r0, r3
    5f9c:	e3a0100a 	mov	r1, #10
    5fa0:	e52d3008 	str	r3, [sp, #-8]!
    5fa4:	e58d2004 	str	r2, [sp, #4]
    5fa8:	e59fc47c 	ldr	ip, [pc, #1148]	@ 0x642c
    5fac:	e12fff3c 	blx	ip
    5fb0:	e59d2004 	ldr	r2, [sp, #4]
    5fb4:	e49d3008 	ldr	r3, [sp], #8
    5fb8:	e1a00001 	mov	r0, r1
    5fbc:	e3500000 	cmp	r0, #0
    5fc0:	1a000012 	bne	0x6010
    5fc4:	e1a0a002 	mov	sl, r2
    5fc8:	e2822001 	add	r2, r2, #1
    5fcc:	e3a0c00a 	mov	ip, #10
    5fd0:	e0000c99 	mul	r0, r9, ip
    5fd4:	e1a09000 	mov	r9, r0
    5fd8:	e1a01000 	mov	r1, r0
    5fdc:	e1a00003 	mov	r0, r3
    5fe0:	e3510000 	cmp	r1, #0
    5fe4:	0a000356 	beq	0x6d44
    5fe8:	e52d3008 	str	r3, [sp, #-8]!
    5fec:	e58d2004 	str	r2, [sp, #4]
    5ff0:	e59fc438 	ldr	ip, [pc, #1080]	@ 0x6430
    5ff4:	e12fff3c 	blx	ip
    5ff8:	e59d2004 	ldr	r2, [sp, #4]
    5ffc:	e49d3008 	ldr	r3, [sp], #8
    6000:	e1a00001 	mov	r0, r1
    6004:	e3500000 	cmp	r0, #0
    6008:	0affffed 	beq	0x5fc4
    600c:	e1e0200a 	mvn	r2, sl
    6010:	e594c048 	ldr	ip, [r4, #72]	@ 0x48
    6014:	e047000c 	sub	r0, r7, ip
    6018:	e1a00140 	asr	r0, r0, #2
    601c:	e3a0c009 	mov	ip, #9
    6020:	e0000c90 	mul	r0, r0, ip
    6024:	e594c018 	ldr	ip, [r4, #24]
    6028:	e3cc1020 	bic	r1, ip, #32
    602c:	e3510046 	cmp	r1, #70	@ 0x46
    6030:	1a00000d 	bne	0x606c
    6034:	e3a0e000 	mov	lr, #0
    6038:	e584e05c 	str	lr, [r4, #92]	@ 0x5c
    603c:	e0801002 	add	r1, r0, r2
    6040:	e2411009 	sub	r1, r1, #9
    6044:	e1a03001 	mov	r3, r1
    6048:	e3530000 	cmp	r3, #0
    604c:	d3a01000 	movle	r1, #0
    6050:	e1a03001 	mov	r3, r1
    6054:	e594c040 	ldr	ip, [r4, #64]	@ 0x40
    6058:	e15c0003 	cmp	ip, r3
    605c:	e594e040 	ldr	lr, [r4, #64]	@ 0x40
    6060:	a1a0e001 	movge	lr, r1
    6064:	e584e040 	str	lr, [r4, #64]	@ 0x40
    6068:	ea00000d 	b	0x60a4
    606c:	e3a0e000 	mov	lr, #0
    6070:	e584e05c 	str	lr, [r4, #92]	@ 0x5c
    6074:	e0860000 	add	r0, r6, r0
    6078:	e0800002 	add	r0, r0, r2
    607c:	e2400009 	sub	r0, r0, #9
    6080:	e1a01000 	mov	r1, r0
    6084:	e3510000 	cmp	r1, #0
    6088:	d3a00000 	movle	r0, #0
    608c:	e1a01000 	mov	r1, r0
    6090:	e594c040 	ldr	ip, [r4, #64]	@ 0x40
    6094:	e15c0001 	cmp	ip, r1
    6098:	e594e040 	ldr	lr, [r4, #64]	@ 0x40
    609c:	a1a0e000 	movge	lr, r0
    60a0:	e584e040 	str	lr, [r4, #64]	@ 0x40
    60a4:	e3e0e000 	mvn	lr, #0
    60a8:	e584e034 	str	lr, [r4, #52]	@ 0x34
    60ac:	e594e05c 	ldr	lr, [r4, #92]	@ 0x5c
    60b0:	e594c040 	ldr	ip, [r4, #64]	@ 0x40
    60b4:	e18c000e 	orr	r0, ip, lr
    60b8:	e1a09000 	mov	r9, r0
    60bc:	e3500000 	cmp	r0, #0
    60c0:	e3e013a0 	mvn	r1, #160, 6	@ 0x80000002
    60c4:	03e01360 	mvneq	r1, #96, 6	@ 0x80000001
    60c8:	e594c040 	ldr	ip, [r4, #64]	@ 0x40
    60cc:	e15c0001 	cmp	ip, r1
    60d0:	ca000310 	bgt	0x6d18
    60d4:	e3590000 	cmp	r9, #0
    60d8:	e3a00000 	mov	r0, #0
    60dc:	13a00001 	movne	r0, #1
    60e0:	e594c040 	ldr	ip, [r4, #64]	@ 0x40
    60e4:	e08c0000 	add	r0, ip, r0
    60e8:	e280a001 	add	sl, r0, #1
    60ec:	e594c018 	ldr	ip, [r4, #24]
    60f0:	e3cc0020 	bic	r0, ip, #32
    60f4:	e1a0b000 	mov	fp, r0
    60f8:	e3500046 	cmp	r0, #70	@ 0x46
    60fc:	1a000007 	bne	0x6120
    6100:	e3e0c480 	mvn	ip, #128, 8	@ 0x80000000
    6104:	e02a000c 	eor	r0, sl, ip
    6108:	e1560000 	cmp	r6, r0
    610c:	ca000301 	bgt	0x6d18
    6110:	e3560000 	cmp	r6, #0
    6114:	e3a00000 	mov	r0, #0
    6118:	c1a00006 	movgt	r0, r6
    611c:	ea00003d 	b	0x6218
    6120:	e1a01fc6 	asr	r1, r6, #31
    6124:	e1a02001 	mov	r2, r1
    6128:	e0261001 	eor	r1, r6, r1
    612c:	e0411002 	sub	r1, r1, r2
    6130:	e3a02000 	mov	r2, #0
    6134:	e58410a4 	str	r1, [r4, #164]	@ 0xa4
    6138:	e58420a8 	str	r2, [r4, #168]	@ 0xa8
    613c:	e59f02f0 	ldr	r0, [pc, #752]	@ 0x6434
    6140:	e1a01004 	mov	r1, r4
    6144:	e59d2000 	ldr	r2, [sp]
    6148:	e59fc2e8 	ldr	ip, [pc, #744]	@ 0x6438
    614c:	e12fff3c 	blx	ip
    6150:	e3500000 	cmp	r0, #0
    6154:	1a0002ff 	bne	0x6d58
    6158:	e59410a4 	ldr	r1, [r4, #164]	@ 0xa4
    615c:	e1a02001 	mov	r2, r1
    6160:	e594c038 	ldr	ip, [r4, #56]	@ 0x38
    6164:	e04c1001 	sub	r1, ip, r1
    6168:	e3510001 	cmp	r1, #1
    616c:	ca00000c 	bgt	0x61a4
    6170:	e2421001 	sub	r1, r2, #1
    6174:	e1a02001 	mov	r2, r1
    6178:	e5953030 	ldr	r3, [r5, #48]	@ 0x30
    617c:	e3e0c4fe 	mvn	ip, #-33554432	@ 0xfe000000
    6180:	e3ccc8fe 	bic	ip, ip, #16646144	@ 0xfe0000
    6184:	e151000c 	cmp	r1, ip
    6188:	8a0002ef 	bhi	0x6d4c
    618c:	e3a08030 	mov	r8, #48	@ 0x30
    6190:	e7d831f0 			@ <UNDEFINED> instruction: 0xe7d831f0
    6194:	e594c038 	ldr	ip, [r4, #56]	@ 0x38
    6198:	e04c1002 	sub	r1, ip, r2
    619c:	e3510002 	cmp	r1, #2
    61a0:	bafffff2 	blt	0x6170
    61a4:	e2421002 	sub	r1, r2, #2
    61a8:	e5841054 	str	r1, [r4, #84]	@ 0x54
    61ac:	e5953030 	ldr	r3, [r5, #48]	@ 0x30
    61b0:	e5948018 	ldr	r8, [r4, #24]
    61b4:	e3e0c4fe 	mvn	ip, #-33554432	@ 0xfe000000
    61b8:	e3ccc8fe 	bic	ip, ip, #16646144	@ 0xfe0000
    61bc:	e151000c 	cmp	r1, ip
    61c0:	8a0002e1 	bhi	0x6d4c
    61c4:	e7d831f0 			@ <UNDEFINED> instruction: 0xe7d831f0
    61c8:	e3e0e000 	mvn	lr, #0
    61cc:	e584e034 	str	lr, [r4, #52]	@ 0x34
    61d0:	e2422001 	sub	r2, r2, #1
    61d4:	e3560000 	cmp	r6, #0
    61d8:	e3a0102d 	mov	r1, #45	@ 0x2d
    61dc:	a3a0102b 	movge	r1, #43	@ 0x2b
    61e0:	e5953030 	ldr	r3, [r5, #48]	@ 0x30
    61e4:	e3e0c4fe 	mvn	ip, #-33554432	@ 0xfe000000
    61e8:	e3ccc8fe 	bic	ip, ip, #16646144	@ 0xfe0000
    61ec:	e152000c 	cmp	r2, ip
    61f0:	8a0002d5 	bhi	0x6d4c
    61f4:	e7d132f0 			@ <UNDEFINED> instruction: 0xe7d132f0
    61f8:	e594e054 	ldr	lr, [r4, #84]	@ 0x54
    61fc:	e594c038 	ldr	ip, [r4, #56]	@ 0x38
    6200:	e04c100e 	sub	r1, ip, lr
    6204:	e1a00001 	mov	r0, r1
    6208:	e3e0c480 	mvn	ip, #128, 8	@ 0x80000000
    620c:	e02a200c 	eor	r2, sl, ip
    6210:	e1510002 	cmp	r1, r2
    6214:	ca0002bf 	bgt	0x6d18
    6218:	e3e0e000 	mvn	lr, #0
    621c:	e584e034 	str	lr, [r4, #52]	@ 0x34
    6220:	e080000a 	add	r0, r0, sl
    6224:	e1a01000 	mov	r1, r0
    6228:	e594c024 	ldr	ip, [r4, #36]	@ 0x24
    622c:	e3e0e480 	mvn	lr, #128, 8	@ 0x80000000
    6230:	e02c200e 	eor	r2, ip, lr
    6234:	e1500002 	cmp	r0, r2
    6238:	ca0002b6 	bgt	0x6d18
    623c:	e594c024 	ldr	ip, [r4, #36]	@ 0x24
    6240:	e081100c 	add	r1, r1, ip
    6244:	e1a06001 	mov	r6, r1
    6248:	e3a0e020 	mov	lr, #32
    624c:	e584e0a4 	str	lr, [r4, #164]	@ 0xa4
    6250:	e58410ac 	str	r1, [r4, #172]	@ 0xac
    6254:	e59f01e0 	ldr	r0, [pc, #480]	@ 0x643c
    6258:	e1a01004 	mov	r1, r4
    625c:	e59d2000 	ldr	r2, [sp]
    6260:	e59fc1d8 	ldr	ip, [pc, #472]	@ 0x6440
    6264:	e12fff3c 	blx	ip
    6268:	e3500000 	cmp	r0, #0
    626c:	1a0002b9 	bne	0x6d58
    6270:	e59f01cc 	ldr	r0, [pc, #460]	@ 0x6444
    6274:	e1a01004 	mov	r1, r4
    6278:	e59d2000 	ldr	r2, [sp]
    627c:	e59fc1c4 	ldr	ip, [pc, #452]	@ 0x6448
    6280:	e12fff3c 	blx	ip
    6284:	e3500000 	cmp	r0, #0
    6288:	1a0002b2 	bne	0x6d58
    628c:	e594c014 	ldr	ip, [r4, #20]
    6290:	e22c0b40 	eor	r0, ip, #64, 22	@ 0x10000
    6294:	e3a0e030 	mov	lr, #48	@ 0x30
    6298:	e584e0a4 	str	lr, [r4, #164]	@ 0xa4
    629c:	e5846018 	str	r6, [r4, #24]
    62a0:	e58400b0 	str	r0, [r4, #176]	@ 0xb0
    62a4:	e59f01a0 	ldr	r0, [pc, #416]	@ 0x644c
    62a8:	e1a01004 	mov	r1, r4
    62ac:	e59d2000 	ldr	r2, [sp]
    62b0:	e59fc198 	ldr	ip, [pc, #408]	@ 0x6450
    62b4:	e12fff3c 	blx	ip
    62b8:	e3500000 	cmp	r0, #0
    62bc:	1a0002a5 	bne	0x6d58
    62c0:	e35b0046 	cmp	fp, #70	@ 0x46
    62c4:	1a0000be 	bne	0x65c4
    62c8:	e594c01c 	ldr	ip, [r4, #28]
    62cc:	e28c0010 	add	r0, ip, #16
    62d0:	e3808009 	orr	r8, r0, #9
    62d4:	e594e048 	ldr	lr, [r4, #72]	@ 0x48
    62d8:	e594c050 	ldr	ip, [r4, #80]	@ 0x50
    62dc:	e15c000e 	cmp	ip, lr
    62e0:	e5940048 	ldr	r0, [r4, #72]	@ 0x48
    62e4:	e594c050 	ldr	ip, [r4, #80]	@ 0x50
    62e8:	91a0000c 	movls	r0, ip
    62ec:	e1a0a000 	mov	sl, r0
    62f0:	e1a0b000 	mov	fp, r0
    62f4:	e1a0300b 	mov	r3, fp
    62f8:	e5952030 	ldr	r2, [r5, #48]	@ 0x30
    62fc:	e59fc104 	ldr	ip, [pc, #260]	@ 0x6408
    6300:	e153000c 	cmp	r3, ip
    6304:	8a000290 	bhi	0x6d4c
    6308:	e7920003 	ldr	r0, [r2, r3]
    630c:	e3a01000 	mov	r1, #0
    6310:	e58400a0 	str	r0, [r4, #160]	@ 0xa0
    6314:	e58410a4 	str	r1, [r4, #164]	@ 0xa4
    6318:	e584804c 	str	r8, [r4, #76]	@ 0x4c
    631c:	e3a00840 	mov	r0, #64, 16	@ 0x400000
    6320:	e3800c79 	orr	r0, r0, #30976	@ 0x7900
    6324:	e1a01004 	mov	r1, r4
    6328:	e59d2000 	ldr	r2, [sp]
    632c:	e59fc120 	ldr	ip, [pc, #288]	@ 0x6454
    6330:	e12fff3c 	blx	ip
    6334:	e3500000 	cmp	r0, #0
    6338:	1a000286 	bne	0x6d58
    633c:	e59400a0 	ldr	r0, [r4, #160]	@ 0xa0
    6340:	e15b000a 	cmp	fp, sl
    6344:	0a000011 	beq	0x6390
    6348:	e594c01c 	ldr	ip, [r4, #28]
    634c:	e28c1010 	add	r1, ip, #16
    6350:	e1500001 	cmp	r0, r1
    6354:	9a000018 	bls	0x63bc
    6358:	e2401001 	sub	r1, r0, #1
    635c:	e1a00001 	mov	r0, r1
    6360:	e5952030 	ldr	r2, [r5, #48]	@ 0x30
    6364:	e3e0c4fe 	mvn	ip, #-33554432	@ 0xfe000000
    6368:	e3ccc8fe 	bic	ip, ip, #16646144	@ 0xfe0000
    636c:	e151000c 	cmp	r1, ip
    6370:	8a000275 	bhi	0x6d4c
    6374:	e3a03030 	mov	r3, #48	@ 0x30
    6378:	e7d321f0 			@ <UNDEFINED> instruction: 0xe7d321f0
    637c:	e594c01c 	ldr	ip, [r4, #28]
    6380:	e28c1010 	add	r1, ip, #16
    6384:	e1500001 	cmp	r0, r1
    6388:	8afffff2 	bhi	0x6358
    638c:	ea00000a 	b	0x63bc
    6390:	e1500008 	cmp	r0, r8
    6394:	1a000008 	bne	0x63bc
    6398:	e2401001 	sub	r1, r0, #1
    639c:	e1a00001 	mov	r0, r1
    63a0:	e5952030 	ldr	r2, [r5, #48]	@ 0x30
    63a4:	e3e0c4fe 	mvn	ip, #-33554432	@ 0xfe000000
    63a8:	e3ccc8fe 	bic	ip, ip, #16646144	@ 0xfe0000
    63ac:	e151000c 	cmp	r1, ip
    63b0:	8a000265 	bhi	0x6d4c
    63b4:	e3a03030 	mov	r3, #48	@ 0x30
    63b8:	e7d321f0 			@ <UNDEFINED> instruction: 0xe7d321f0
    63bc:	e0481000 	sub	r1, r8, r0
    63c0:	e584002c 	str	r0, [r4, #44]	@ 0x2c
    63c4:	e58410a8 	str	r1, [r4, #168]	@ 0xa8
    63c8:	e59f0088 	ldr	r0, [pc, #136]	@ 0x6458
    63cc:	e1a01004 	mov	r1, r4
    63d0:	e59d2000 	ldr	r2, [sp]
    63d4:	e59fc080 	ldr	ip, [pc, #128]	@ 0x645c
    63d8:	e12fff3c 	blx	ip
    63dc:	e3500000 	cmp	r0, #0
    63e0:	ea00001e 	b	0x6460
	...
    63f8:	004060b0 	strheq	r6, [r0], #-0
    63fc:	0004890c 	andeq	r8, r4, ip, lsl #18
    6400:	0040611c 	subeq	r6, r0, ip, lsl r1
    6404:	0004890c 	andeq	r8, r4, ip, lsl #18
    6408:	0101fffc 	strdeq	pc, [r1, -ip]
    640c:	000493d8 	ldrdeq	r9, [r4], -r8
    6410:	41cdcd65 	bicmi	ip, sp, r5, ror #26
    6414:	3b9aca00 	blcc	0xfe6b8c1c
    6418:	00047e9c 	muleq	r4, ip, lr
    641c:	001f54c0 	andseq	r5, pc, r0, asr #9
    6420:	001f5700 	andseq	r5, pc, r0, lsl #14
    6424:	001f54c0 	andseq	r5, pc, r0, asr #9
    6428:	3b9ac9ff 	blcc	0xfe6b8c2c
    642c:	001f54c0 	andseq	r5, pc, r0, asr #9
    6430:	001f54c0 	andseq	r5, pc, r0, asr #9
    6434:	00407620 	subeq	r7, r0, r0, lsr #12
    6438:	0004890c 	andeq	r8, r4, ip, lsl #18
    643c:	0040780c 	subeq	r7, r0, ip, lsl #16
    6440:	0004890c 	andeq	r8, r4, ip, lsl #18
    6444:	00407824 	subeq	r7, r0, r4, lsr #16
    6448:	0004890c 	andeq	r8, r4, ip, lsl #18
    644c:	0040785c 	subeq	r7, r0, ip, asr r8
    6450:	0004890c 	andeq	r8, r4, ip, lsl #18
    6454:	0004890c 	andeq	r8, r4, ip, lsl #18
    6458:	00407a30 	subeq	r7, r0, r0, lsr sl
    645c:	0004890c 	andeq	r8, r4, ip, lsl #18
    6460:	1a00023c 	bne	0x6d58
    6464:	e28b0004 	add	r0, fp, #4
    6468:	e1a0b000 	mov	fp, r0
    646c:	e594c048 	ldr	ip, [r4, #72]	@ 0x48
    6470:	e150000c 	cmp	r0, ip
    6474:	9affff9e 	bls	0x62f4
    6478:	e3590000 	cmp	r9, #0
    647c:	0a00000b 	beq	0x64b0
    6480:	e3a0eb40 	mov	lr, #64, 22	@ 0x10000
    6484:	e38ee1b4 	orr	lr, lr, #180, 2	@ 0x2d
    6488:	e584e0a4 	str	lr, [r4, #164]	@ 0xa4
    648c:	e3a0e001 	mov	lr, #1
    6490:	e584e088 	str	lr, [r4, #136]	@ 0x88
    6494:	e59f0fbc 	ldr	r0, [pc, #4028]	@ 0x7458
    6498:	e1a01004 	mov	r1, r4
    649c:	e59d2000 	ldr	r2, [sp]
    64a0:	e59fcfb4 	ldr	ip, [pc, #4020]	@ 0x745c
    64a4:	e12fff3c 	blx	ip
    64a8:	e3500000 	cmp	r0, #0
    64ac:	1a000229 	bne	0x6d58
    64b0:	e15b0007 	cmp	fp, r7
    64b4:	2a0000d2 	bcs	0x6804
    64b8:	e594c040 	ldr	ip, [r4, #64]	@ 0x40
    64bc:	e35c0001 	cmp	ip, #1
    64c0:	ba0000cf 	blt	0x6804
    64c4:	e1a0300b 	mov	r3, fp
    64c8:	e5952030 	ldr	r2, [r5, #48]	@ 0x30
    64cc:	e59fcf8c 	ldr	ip, [pc, #3980]	@ 0x7460
    64d0:	e153000c 	cmp	r3, ip
    64d4:	8a00021c 	bhi	0x6d4c
    64d8:	e7920003 	ldr	r0, [r2, r3]
    64dc:	e3a01000 	mov	r1, #0
    64e0:	e58400a0 	str	r0, [r4, #160]	@ 0xa0
    64e4:	e58410a4 	str	r1, [r4, #164]	@ 0xa4
    64e8:	e584804c 	str	r8, [r4, #76]	@ 0x4c
    64ec:	e59f0f70 	ldr	r0, [pc, #3952]	@ 0x7464
    64f0:	e1a01004 	mov	r1, r4
    64f4:	e59d2000 	ldr	r2, [sp]
    64f8:	e59fcf68 	ldr	ip, [pc, #3944]	@ 0x7468
    64fc:	e12fff3c 	blx	ip
    6500:	e3500000 	cmp	r0, #0
    6504:	1a000213 	bne	0x6d58
    6508:	e59400a0 	ldr	r0, [r4, #160]	@ 0xa0
    650c:	e1a01000 	mov	r1, r0
    6510:	e594c01c 	ldr	ip, [r4, #28]
    6514:	e28c2010 	add	r2, ip, #16
    6518:	e1500002 	cmp	r0, r2
    651c:	9a00000c 	bls	0x6554
    6520:	e2410001 	sub	r0, r1, #1
    6524:	e1a01000 	mov	r1, r0
    6528:	e5952030 	ldr	r2, [r5, #48]	@ 0x30
    652c:	e3e0c4fe 	mvn	ip, #-33554432	@ 0xfe000000
    6530:	e3ccc8fe 	bic	ip, ip, #16646144	@ 0xfe0000
    6534:	e150000c 	cmp	r0, ip
    6538:	8a000203 	bhi	0x6d4c
    653c:	e3a03030 	mov	r3, #48	@ 0x30
    6540:	e7d320f0 			@ <UNDEFINED> instruction: 0xe7d320f0
    6544:	e594c01c 	ldr	ip, [r4, #28]
    6548:	e28c0010 	add	r0, ip, #16
    654c:	e1510000 	cmp	r1, r0
    6550:	8afffff2 	bhi	0x6520
    6554:	e594c040 	ldr	ip, [r4, #64]	@ 0x40
    6558:	e35c0009 	cmp	ip, #9
    655c:	e3a00009 	mov	r0, #9
    6560:	e594c040 	ldr	ip, [r4, #64]	@ 0x40
    6564:	b1a0000c 	movlt	r0, ip
    6568:	e584102c 	str	r1, [r4, #44]	@ 0x2c
    656c:	e58400a8 	str	r0, [r4, #168]	@ 0xa8
    6570:	e59f0ef4 	ldr	r0, [pc, #3828]	@ 0x746c
    6574:	e1a01004 	mov	r1, r4
    6578:	e59d2000 	ldr	r2, [sp]
    657c:	e59fceec 	ldr	ip, [pc, #3820]	@ 0x7470
    6580:	e12fff3c 	blx	ip
    6584:	e3500000 	cmp	r0, #0
    6588:	1a0001f2 	bne	0x6d58
    658c:	e594c040 	ldr	ip, [r4, #64]	@ 0x40
    6590:	e24c0009 	sub	r0, ip, #9
    6594:	e28b1004 	add	r1, fp, #4
    6598:	e1a0b001 	mov	fp, r1
    659c:	e1510007 	cmp	r1, r7
    65a0:	2a000098 	bcs	0x6808
    65a4:	e594c040 	ldr	ip, [r4, #64]	@ 0x40
    65a8:	e35c0009 	cmp	ip, #9
    65ac:	e3a01000 	mov	r1, #0
    65b0:	c3a01001 	movgt	r1, #1
    65b4:	e5840040 	str	r0, [r4, #64]	@ 0x40
    65b8:	e3510000 	cmp	r1, #0
    65bc:	1affffc0 	bne	0x64c4
    65c0:	ea000090 	b	0x6808
    65c4:	e594c040 	ldr	ip, [r4, #64]	@ 0x40
    65c8:	e35c0000 	cmp	ip, #0
    65cc:	ba000070 	blt	0x6794
    65d0:	e594c050 	ldr	ip, [r4, #80]	@ 0x50
    65d4:	e28c1004 	add	r1, ip, #4
    65d8:	e594c050 	ldr	ip, [r4, #80]	@ 0x50
    65dc:	e157000c 	cmp	r7, ip
    65e0:	91a07001 	movls	r7, r1
    65e4:	e594c01c 	ldr	ip, [r4, #28]
    65e8:	e28c1010 	add	r1, ip, #16
    65ec:	e3818009 	orr	r8, r1, #9
    65f0:	e5949050 	ldr	r9, [r4, #80]	@ 0x50
    65f4:	e1a0a009 	mov	sl, r9
    65f8:	e5953030 	ldr	r3, [r5, #48]	@ 0x30
    65fc:	e59fce5c 	ldr	ip, [pc, #3676]	@ 0x7460
    6600:	e15a000c 	cmp	sl, ip
    6604:	8a0001d0 	bhi	0x6d4c
    6608:	e793100a 	ldr	r1, [r3, sl]
    660c:	e3a02000 	mov	r2, #0
    6610:	e58410a0 	str	r1, [r4, #160]	@ 0xa0
    6614:	e58420a4 	str	r2, [r4, #164]	@ 0xa4
    6618:	e584804c 	str	r8, [r4, #76]	@ 0x4c
    661c:	e59f0e50 	ldr	r0, [pc, #3664]	@ 0x7474
    6620:	e1a01004 	mov	r1, r4
    6624:	e59d2000 	ldr	r2, [sp]
    6628:	e59fce48 	ldr	ip, [pc, #3656]	@ 0x7478
    662c:	e12fff3c 	blx	ip
    6630:	e3500000 	cmp	r0, #0
    6634:	1a0001c7 	bne	0x6d58
    6638:	e59410a0 	ldr	r1, [r4, #160]	@ 0xa0
    663c:	e1a0a001 	mov	sl, r1
    6640:	e1510008 	cmp	r1, r8
    6644:	1a000008 	bne	0x666c
    6648:	e24a1001 	sub	r1, sl, #1
    664c:	e1a0a001 	mov	sl, r1
    6650:	e5952030 	ldr	r2, [r5, #48]	@ 0x30
    6654:	e3e0c4fe 	mvn	ip, #-33554432	@ 0xfe000000
    6658:	e3ccc8fe 	bic	ip, ip, #16646144	@ 0xfe0000
    665c:	e151000c 	cmp	r1, ip
    6660:	8a0001b9 	bhi	0x6d4c
    6664:	e3a03030 	mov	r3, #48	@ 0x30
    6668:	e7d321f0 			@ <UNDEFINED> instruction: 0xe7d321f0
    666c:	e594c050 	ldr	ip, [r4, #80]	@ 0x50
    6670:	e159000c 	cmp	r9, ip
    6674:	0a000011 	beq	0x66c0
    6678:	e594c01c 	ldr	ip, [r4, #28]
    667c:	e28c1010 	add	r1, ip, #16
    6680:	e15a0001 	cmp	sl, r1
    6684:	9a000029 	bls	0x6730
    6688:	e24a1001 	sub	r1, sl, #1
    668c:	e1a0a001 	mov	sl, r1
    6690:	e5952030 	ldr	r2, [r5, #48]	@ 0x30
    6694:	e3e0c4fe 	mvn	ip, #-33554432	@ 0xfe000000
    6698:	e3ccc8fe 	bic	ip, ip, #16646144	@ 0xfe0000
    669c:	e151000c 	cmp	r1, ip
    66a0:	8a0001a9 	bhi	0x6d4c
    66a4:	e3a03030 	mov	r3, #48	@ 0x30
    66a8:	e7d321f0 			@ <UNDEFINED> instruction: 0xe7d321f0
    66ac:	e594c01c 	ldr	ip, [r4, #28]
    66b0:	e28c1010 	add	r1, ip, #16
    66b4:	e15a0001 	cmp	sl, r1
    66b8:	8afffff2 	bhi	0x6688
    66bc:	ea00001b 	b	0x6730
    66c0:	e584a02c 	str	sl, [r4, #44]	@ 0x2c
    66c4:	e3a0e001 	mov	lr, #1
    66c8:	e584e088 	str	lr, [r4, #136]	@ 0x88
    66cc:	e59f0da8 	ldr	r0, [pc, #3496]	@ 0x747c
    66d0:	e1a01004 	mov	r1, r4
    66d4:	e59d2000 	ldr	r2, [sp]
    66d8:	e59fcda0 	ldr	ip, [pc, #3488]	@ 0x7480
    66dc:	e12fff3c 	blx	ip
    66e0:	e3500000 	cmp	r0, #0
    66e4:	1a00019b 	bne	0x6d58
    66e8:	e28aa001 	add	sl, sl, #1
    66ec:	e594e05c 	ldr	lr, [r4, #92]	@ 0x5c
    66f0:	e594c040 	ldr	ip, [r4, #64]	@ 0x40
    66f4:	e18c100e 	orr	r1, ip, lr
    66f8:	e3510000 	cmp	r1, #0
    66fc:	0a00000b 	beq	0x6730
    6700:	e3a0eb40 	mov	lr, #64, 22	@ 0x10000
    6704:	e38ee1b4 	orr	lr, lr, #180, 2	@ 0x2d
    6708:	e584e0a4 	str	lr, [r4, #164]	@ 0xa4
    670c:	e3a0e001 	mov	lr, #1
    6710:	e584e088 	str	lr, [r4, #136]	@ 0x88
    6714:	e59f0d68 	ldr	r0, [pc, #3432]	@ 0x7484
    6718:	e1a01004 	mov	r1, r4
    671c:	e59d2000 	ldr	r2, [sp]
    6720:	e59fcd60 	ldr	ip, [pc, #3424]	@ 0x7488
    6724:	e12fff3c 	blx	ip
    6728:	e3500000 	cmp	r0, #0
    672c:	1a000189 	bne	0x6d58
    6730:	e048100a 	sub	r1, r8, sl
    6734:	e1a0b001 	mov	fp, r1
    6738:	e594c040 	ldr	ip, [r4, #64]	@ 0x40
    673c:	e15c000b 	cmp	ip, fp
    6740:	e594c040 	ldr	ip, [r4, #64]	@ 0x40
    6744:	d1a0100c 	movle	r1, ip
    6748:	e584a02c 	str	sl, [r4, #44]	@ 0x2c
    674c:	e58410a8 	str	r1, [r4, #168]	@ 0xa8
    6750:	e59f0d34 	ldr	r0, [pc, #3380]	@ 0x748c
    6754:	e1a01004 	mov	r1, r4
    6758:	e59d2000 	ldr	r2, [sp]
    675c:	e59fcd2c 	ldr	ip, [pc, #3372]	@ 0x7490
    6760:	e12fff3c 	blx	ip
    6764:	e3500000 	cmp	r0, #0
    6768:	1a00017a 	bne	0x6d58
    676c:	e594c040 	ldr	ip, [r4, #64]	@ 0x40
    6770:	e04ce00b 	sub	lr, ip, fp
    6774:	e584e040 	str	lr, [r4, #64]	@ 0x40
    6778:	e2891004 	add	r1, r9, #4
    677c:	e1a09001 	mov	r9, r1
    6780:	e1510007 	cmp	r1, r7
    6784:	2a000002 	bcs	0x6794
    6788:	e594c040 	ldr	ip, [r4, #64]	@ 0x40
    678c:	e37c0001 	cmn	ip, #1
    6790:	caffff97 	bgt	0x65f4
    6794:	e594c040 	ldr	ip, [r4, #64]	@ 0x40
    6798:	e28c1012 	add	r1, ip, #18
    679c:	e3a0e030 	mov	lr, #48	@ 0x30
    67a0:	e584e0a4 	str	lr, [r4, #164]	@ 0xa4
    67a4:	e58410a8 	str	r1, [r4, #168]	@ 0xa8
    67a8:	e3a0e012 	mov	lr, #18
    67ac:	e584e0ac 	str	lr, [r4, #172]	@ 0xac
    67b0:	e3a0e000 	mov	lr, #0
    67b4:	e584e084 	str	lr, [r4, #132]	@ 0x84
    67b8:	e59f0cd4 	ldr	r0, [pc, #3284]	@ 0x7494
    67bc:	e1a01004 	mov	r1, r4
    67c0:	e59d2000 	ldr	r2, [sp]
    67c4:	e59fcccc 	ldr	ip, [pc, #3276]	@ 0x7498
    67c8:	e12fff3c 	blx	ip
    67cc:	e3500000 	cmp	r0, #0
    67d0:	1a000160 	bne	0x6d58
    67d4:	e594e054 	ldr	lr, [r4, #84]	@ 0x54
    67d8:	e594c038 	ldr	ip, [r4, #56]	@ 0x38
    67dc:	e04c100e 	sub	r1, ip, lr
    67e0:	e58410a8 	str	r1, [r4, #168]	@ 0xa8
    67e4:	e59f0cb0 	ldr	r0, [pc, #3248]	@ 0x749c
    67e8:	e1a01004 	mov	r1, r4
    67ec:	e59d2000 	ldr	r2, [sp]
    67f0:	e59fcca8 	ldr	ip, [pc, #3240]	@ 0x74a0
    67f4:	e12fff3c 	blx	ip
    67f8:	e3500000 	cmp	r0, #0
    67fc:	1a000155 	bne	0x6d58
    6800:	ea00000f 	b	0x6844
    6804:	e5940040 	ldr	r0, [r4, #64]	@ 0x40
    6808:	e2800009 	add	r0, r0, #9
    680c:	e3a0e030 	mov	lr, #48	@ 0x30
    6810:	e584e0a4 	str	lr, [r4, #164]	@ 0xa4
    6814:	e58400a8 	str	r0, [r4, #168]	@ 0xa8
    6818:	e3a0e009 	mov	lr, #9
    681c:	e584e0ac 	str	lr, [r4, #172]	@ 0xac
    6820:	e3a0e000 	mov	lr, #0
    6824:	e584e084 	str	lr, [r4, #132]	@ 0x84
    6828:	e59f0c74 	ldr	r0, [pc, #3188]	@ 0x74a4
    682c:	e1a01004 	mov	r1, r4
    6830:	e59d2000 	ldr	r2, [sp]
    6834:	e59fcc6c 	ldr	ip, [pc, #3180]	@ 0x74a8
    6838:	e12fff3c 	blx	ip
    683c:	e3500000 	cmp	r0, #0
    6840:	1a000144 	bne	0x6d58
    6844:	e594c014 	ldr	ip, [r4, #20]
    6848:	e22c0d80 	eor	r0, ip, #128, 26	@ 0x2000
    684c:	e3a0e020 	mov	lr, #32
    6850:	e584e0a4 	str	lr, [r4, #164]	@ 0xa4
    6854:	e5846018 	str	r6, [r4, #24]
    6858:	e58400b0 	str	r0, [r4, #176]	@ 0xb0
    685c:	e3a00840 	mov	r0, #64, 16	@ 0x400000
    6860:	e3800c80 	orr	r0, r0, #128, 24	@ 0x8000
    6864:	e1a01004 	mov	r1, r4
    6868:	e59d2000 	ldr	r2, [sp]
    686c:	e59fcc38 	ldr	ip, [pc, #3128]	@ 0x74ac
    6870:	e12fff3c 	blx	ip
    6874:	e3500000 	cmp	r0, #0
    6878:	1a000136 	bne	0x6d58
    687c:	e594c00c 	ldr	ip, [r4, #12]
    6880:	e15c0006 	cmp	ip, r6
    6884:	e594e00c 	ldr	lr, [r4, #12]
    6888:	d1a0e006 	movle	lr, r6
    688c:	e584e034 	str	lr, [r4, #52]	@ 0x34
    6890:	ea000120 	b	0x6d18
    6894:	e594c018 	ldr	ip, [r4, #24]
    6898:	e1a00d0c 	lsl	r0, ip, #26
    689c:	e1a00fc0 	asr	r0, r0, #31
    68a0:	e2000009 	and	r0, r0, #9
    68a4:	e594c028 	ldr	ip, [r4, #40]	@ 0x28
    68a8:	e08ce000 	add	lr, ip, r0
    68ac:	e584e054 	str	lr, [r4, #84]	@ 0x54
    68b0:	e594c010 	ldr	ip, [r4, #16]
    68b4:	e35c000b 	cmp	ip, #11
    68b8:	8a00001e 	bhi	0x6938
    68bc:	e594c010 	ldr	ip, [r4, #16]
    68c0:	e26c000c 	rsb	r0, ip, #12
    68c4:	e3a0c000 	mov	ip, #0
    68c8:	e3a0e9c0 	mov	lr, #192, 18	@ 0x300000
    68cc:	e38ee440 	orr	lr, lr, #64, 8	@ 0x40000000
    68d0:	ec4eca10 	vmov	s0, s1, ip, lr
    68d4:	e3a0c000 	mov	ip, #0
    68d8:	e3a0e9c0 	mov	lr, #192, 18	@ 0x300000
    68dc:	e38ee440 	orr	lr, lr, #64, 8	@ 0x40000000
    68e0:	ec4eca11 	vmov	s2, s3, ip, lr
    68e4:	ee200b01 	vmul.f64	d0, d0, d1
    68e8:	e2401001 	sub	r1, r0, #1
    68ec:	e1a00001 	mov	r0, r1
    68f0:	e3510000 	cmp	r1, #0
    68f4:	1afffff6 	bne	0x68d4
    68f8:	e5942054 	ldr	r2, [r4, #84]	@ 0x54
    68fc:	e5951030 	ldr	r1, [r5, #48]	@ 0x30
    6900:	e3e0c4fe 	mvn	ip, #-33554432	@ 0xfe000000
    6904:	e3ccc8fe 	bic	ip, ip, #16646144	@ 0xfe0000
    6908:	e152000c 	cmp	r2, ip
    690c:	8a00010e 	bhi	0x6d4c
    6910:	e7e012f0 			@ <UNDEFINED> instruction: 0xe7e012f0
    6914:	e350002d 	cmp	r0, #45	@ 0x2d
    6918:	1a000004 	bne	0x6930
    691c:	eeb11b48 	vneg.f64	d1, d8
    6920:	ee311b40 	vsub.f64	d1, d1, d0
    6924:	ee301b01 	vadd.f64	d1, d0, d1
    6928:	eeb18b41 	vneg.f64	d8, d1
    692c:	ea000001 	b	0x6938
    6930:	ee381b00 	vadd.f64	d1, d8, d0
    6934:	ee318b40 	vsub.f64	d8, d1, d0
    6938:	e594201c 	ldr	r2, [r4, #28]
    693c:	e5951030 	ldr	r1, [r5, #48]	@ 0x30
    6940:	e59feb18 	ldr	lr, [pc, #2840]	@ 0x7460
    6944:	e7f2e2fc 	udf	#11820	@ 0x2e2c
    6948:	2a0000ff 	bcs	0x6d4c
    694c:	e7e012f4 			@ <UNDEFINED> instruction: 0xe7e012f4
    6950:	e1a07000 	mov	r7, r0
    6954:	e1a01fc7 	asr	r1, r7, #31
    6958:	e1a02001 	mov	r2, r1
    695c:	e0200001 	eor	r0, r0, r1
    6960:	e0400002 	sub	r0, r0, r2
    6964:	e3a01000 	mov	r1, #0
    6968:	e58400a0 	str	r0, [r4, #160]	@ 0xa0
    696c:	e58410a4 	str	r1, [r4, #164]	@ 0xa4
    6970:	e59f0b38 	ldr	r0, [pc, #2872]	@ 0x74b0
    6974:	e1a01004 	mov	r1, r4
    6978:	e59d2000 	ldr	r2, [sp]
    697c:	e59fcb30 	ldr	ip, [pc, #2864]	@ 0x74b4
    6980:	e12fff3c 	blx	ip
    6984:	e3500000 	cmp	r0, #0
    6988:	1a0000f2 	bne	0x6d58
    698c:	e59400a0 	ldr	r0, [r4, #160]	@ 0xa0
    6990:	e1a01000 	mov	r1, r0
    6994:	e594c038 	ldr	ip, [r4, #56]	@ 0x38
    6998:	e150000c 	cmp	r0, ip
    699c:	1a00000e 	bne	0x69dc
    69a0:	e2410001 	sub	r0, r1, #1
    69a4:	e1a01000 	mov	r1, r0
    69a8:	e5952030 	ldr	r2, [r5, #48]	@ 0x30
    69ac:	e3e0c4fe 	mvn	ip, #-33554432	@ 0xfe000000
    69b0:	e3ccc8fe 	bic	ip, ip, #16646144	@ 0xfe0000
    69b4:	e150000c 	cmp	r0, ip
    69b8:	8a0000e3 	bhi	0x6d4c
    69bc:	e3a03030 	mov	r3, #48	@ 0x30
    69c0:	e7d320f0 			@ <UNDEFINED> instruction: 0xe7d320f0
    69c4:	e594201c 	ldr	r2, [r4, #28]
    69c8:	e5950030 	ldr	r0, [r5, #48]	@ 0x30
    69cc:	e59fea8c 	ldr	lr, [pc, #2700]	@ 0x7460
    69d0:	e7f2e2fc 	udf	#11820	@ 0x2e2c
    69d4:	2a0000dc 	bcs	0x6d4c
    69d8:	e7e702f4 			@ <UNDEFINED> instruction: 0xe7e702f4
    69dc:	e594c024 	ldr	ip, [r4, #36]	@ 0x24
    69e0:	e38c8002 	orr	r8, ip, #2
    69e4:	e594c018 	ldr	ip, [r4, #24]
    69e8:	e20c0020 	and	r0, ip, #32
    69ec:	e2412002 	sub	r2, r1, #2
    69f0:	e5842060 	str	r2, [r4, #96]	@ 0x60
    69f4:	e594c018 	ldr	ip, [r4, #24]
    69f8:	e28c300f 	add	r3, ip, #15
    69fc:	e595a030 	ldr	sl, [r5, #48]	@ 0x30
    6a00:	e3e0c4fe 	mvn	ip, #-33554432	@ 0xfe000000
    6a04:	e3ccc8fe 	bic	ip, ip, #16646144	@ 0xfe0000
    6a08:	e152000c 	cmp	r2, ip
    6a0c:	8a0000ce 	bhi	0x6d4c
    6a10:	e7d3a2f0 			@ <UNDEFINED> instruction: 0xe7d3a2f0
    6a14:	e2411001 	sub	r1, r1, #1
    6a18:	e3570000 	cmp	r7, #0
    6a1c:	e3a0202d 	mov	r2, #45	@ 0x2d
    6a20:	a3a0202b 	movge	r2, #43	@ 0x2b
    6a24:	e5953030 	ldr	r3, [r5, #48]	@ 0x30
    6a28:	e3e0c4fe 	mvn	ip, #-33554432	@ 0xfe000000
    6a2c:	e3ccc8fe 	bic	ip, ip, #16646144	@ 0xfe0000
    6a30:	e151000c 	cmp	r1, ip
    6a34:	8a0000c4 	bhi	0x6d4c
    6a38:	e7d231f0 			@ <UNDEFINED> instruction: 0xe7d231f0
    6a3c:	e594c010 	ldr	ip, [r4, #16]
    6a40:	e35c0001 	cmp	ip, #1
    6a44:	e3a01000 	mov	r1, #0
    6a48:	b3a01001 	movlt	r1, #1
    6a4c:	e594c014 	ldr	ip, [r4, #20]
    6a50:	e20c2008 	and	r2, ip, #8
    6a54:	e3520000 	cmp	r2, #0
    6a58:	e3a02000 	mov	r2, #0
    6a5c:	03a02001 	moveq	r2, #1
    6a60:	e0011002 	and	r1, r1, r2
    6a64:	e594c01c 	ldr	ip, [r4, #28]
    6a68:	e28c2010 	add	r2, ip, #16
    6a6c:	e1a03002 	mov	r3, r2
    6a70:	e1a07003 	mov	r7, r3
    6a74:	eebd7bc8 	vcvt.s32.f64	s14, d8
    6a78:	ee17aa10 	vmov	sl, s14
    6a7c:	e1a0b00a 	mov	fp, sl
    6a80:	e28aab40 	add	sl, sl, #64, 22	@ 0x10000
    6a84:	e28aaf88 	add	sl, sl, #136, 30	@ 0x220
    6a88:	e1a0600a 	mov	r6, sl
    6a8c:	e5959030 	ldr	r9, [r5, #48]	@ 0x30
    6a90:	e3e0c4fe 	mvn	ip, #-33554432	@ 0xfe000000
    6a94:	e3ccc8fe 	bic	ip, ip, #16646144	@ 0xfe0000
    6a98:	e156000c 	cmp	r6, ip
    6a9c:	8a0000aa 	bhi	0x6d4c
    6aa0:	e7ea96f0 			@ <UNDEFINED> instruction: 0xe7ea96f0
    6aa4:	e18aa000 	orr	sl, sl, r0
    6aa8:	e5956030 	ldr	r6, [r5, #48]	@ 0x30
    6aac:	e3e0c4fe 	mvn	ip, #-33554432	@ 0xfe000000
    6ab0:	e3ccc8fe 	bic	ip, ip, #16646144	@ 0xfe0000
    6ab4:	e153000c 	cmp	r3, ip
    6ab8:	8a0000a3 	bhi	0x6d4c
    6abc:	e7da63f0 			@ <UNDEFINED> instruction: 0xe7da63f0
    6ac0:	ee07ba10 	vmov	s14, fp
    6ac4:	eeb80bc7 	vcvt.f64.s32	d0, s14
    6ac8:	ee380b40 	vsub.f64	d0, d8, d0
    6acc:	e3a0c000 	mov	ip, #0
    6ad0:	e3a0e9c0 	mov	lr, #192, 18	@ 0x300000
    6ad4:	e38ee440 	orr	lr, lr, #64, 8	@ 0x40000000
    6ad8:	ec4eca11 	vmov	s2, s3, ip, lr
    6adc:	ee208b01 	vmul.f64	d8, d0, d1
    6ae0:	e2873001 	add	r3, r7, #1
    6ae4:	e1a02003 	mov	r2, r3
    6ae8:	e594c01c 	ldr	ip, [r4, #28]
    6aec:	e28c6010 	add	r6, ip, #16
    6af0:	e0433006 	sub	r3, r3, r6
    6af4:	e3530001 	cmp	r3, #1
    6af8:	1a000010 	bne	0x6b40
    6afc:	e3a0c000 	mov	ip, #0
    6b00:	ec4cca10 	vmov	s0, s1, ip, ip
    6b04:	eeb48b40 	vcmp.f64	d8, d0
    6b08:	eef1fa10 	vmrs	APSR_nzcv, fpscr
    6b0c:	e3a03000 	mov	r3, #0
    6b10:	03a03001 	moveq	r3, #1
    6b14:	e1130001 	tst	r3, r1
    6b18:	1a000008 	bne	0x6b40
    6b1c:	e1a06007 	mov	r6, r7
    6b20:	e5953030 	ldr	r3, [r5, #48]	@ 0x30
    6b24:	e3e0e4fe 	mvn	lr, #-33554432	@ 0xfe000000
    6b28:	e3cee8fe 	bic	lr, lr, #16646144	@ 0xfe0000
    6b2c:	e7f6e0f1 	udf	#28161	@ 0x6e01
    6b30:	2a000085 	bcs	0x6d4c
    6b34:	e3a0902e 	mov	r9, #46	@ 0x2e
    6b38:	e7d936f0 			@ <UNDEFINED> instruction: 0xe7d936f0
    6b3c:	e2872002 	add	r2, r7, #2
    6b40:	e3a0c000 	mov	ip, #0
    6b44:	ec4cca10 	vmov	s0, s1, ip, ip
    6b48:	eeb48b40 	vcmp.f64	d8, d0
    6b4c:	eef1fa10 	vmrs	APSR_nzcv, fpscr
    6b50:	1affffc5 	bne	0x6a6c
    6b54:	e3e0e000 	mvn	lr, #0
    6b58:	e584e034 	str	lr, [r4, #52]	@ 0x34
    6b5c:	e594e060 	ldr	lr, [r4, #96]	@ 0x60
    6b60:	e594c038 	ldr	ip, [r4, #56]	@ 0x38
    6b64:	e04c000e 	sub	r0, ip, lr
    6b68:	e1a06000 	mov	r6, r0
    6b6c:	e0880000 	add	r0, r8, r0
    6b70:	e1a01000 	mov	r1, r0
    6b74:	e3e0c3a0 	mvn	ip, #160, 6	@ 0x80000002
    6b78:	e04c0000 	sub	r0, ip, r0
    6b7c:	e594c010 	ldr	ip, [r4, #16]
    6b80:	e15c0000 	cmp	ip, r0
    6b84:	ca000063 	bgt	0x6d18
    6b88:	e594c010 	ldr	ip, [r4, #16]
    6b8c:	e28c0002 	add	r0, ip, #2
    6b90:	e594c01c 	ldr	ip, [r4, #28]
    6b94:	e28c3010 	add	r3, ip, #16
    6b98:	e0422003 	sub	r2, r2, r3
    6b9c:	e1a07002 	mov	r7, r2
    6ba0:	e2473002 	sub	r3, r7, #2
    6ba4:	e594c010 	ldr	ip, [r4, #16]
    6ba8:	e153000c 	cmp	r3, ip
    6bac:	a1a00002 	movge	r0, r2
    6bb0:	e594c010 	ldr	ip, [r4, #16]
    6bb4:	e35c0000 	cmp	ip, #0
    6bb8:	01a00007 	moveq	r0, r7
    6bbc:	e1a09000 	mov	r9, r0
    6bc0:	e0811000 	add	r1, r1, r0
    6bc4:	e1a0a001 	mov	sl, r1
    6bc8:	e3a0e020 	mov	lr, #32
    6bcc:	e584e0a4 	str	lr, [r4, #164]	@ 0xa4
    6bd0:	e58410ac 	str	r1, [r4, #172]	@ 0xac
    6bd4:	e3a00840 	mov	r0, #64, 16	@ 0x400000
    6bd8:	e3800c86 	orr	r0, r0, #34304	@ 0x8600
    6bdc:	e1a01004 	mov	r1, r4
    6be0:	e59d2000 	ldr	r2, [sp]
    6be4:	e59fc8cc 	ldr	ip, [pc, #2252]	@ 0x74b8
    6be8:	e12fff3c 	blx	ip
    6bec:	e3500000 	cmp	r0, #0
    6bf0:	1a000058 	bne	0x6d58
    6bf4:	e584805c 	str	r8, [r4, #92]	@ 0x5c
    6bf8:	e59f08bc 	ldr	r0, [pc, #2236]	@ 0x74bc
    6bfc:	e1a01004 	mov	r1, r4
    6c00:	e59d2000 	ldr	r2, [sp]
    6c04:	e59fc8b4 	ldr	ip, [pc, #2228]	@ 0x74c0
    6c08:	e12fff3c 	blx	ip
    6c0c:	e3500000 	cmp	r0, #0
    6c10:	1a000050 	bne	0x6d58
    6c14:	e594c014 	ldr	ip, [r4, #20]
    6c18:	e22c0b40 	eor	r0, ip, #64, 22	@ 0x10000
    6c1c:	e3a0e030 	mov	lr, #48	@ 0x30
    6c20:	e584e0a4 	str	lr, [r4, #164]	@ 0xa4
    6c24:	e584a030 	str	sl, [r4, #48]	@ 0x30
    6c28:	e58400b0 	str	r0, [r4, #176]	@ 0xb0
    6c2c:	e59f0890 	ldr	r0, [pc, #2192]	@ 0x74c4
    6c30:	e1a01004 	mov	r1, r4
    6c34:	e59d2000 	ldr	r2, [sp]
    6c38:	e59fc888 	ldr	ip, [pc, #2184]	@ 0x74c8
    6c3c:	e12fff3c 	blx	ip
    6c40:	e3500000 	cmp	r0, #0
    6c44:	1a000043 	bne	0x6d58
    6c48:	e594c01c 	ldr	ip, [r4, #28]
    6c4c:	e28c0010 	add	r0, ip, #16
    6c50:	e58400a4 	str	r0, [r4, #164]	@ 0xa4
    6c54:	e584702c 	str	r7, [r4, #44]	@ 0x2c
    6c58:	e59f086c 	ldr	r0, [pc, #2156]	@ 0x74cc
    6c5c:	e1a01004 	mov	r1, r4
    6c60:	e59d2000 	ldr	r2, [sp]
    6c64:	e59fc864 	ldr	ip, [pc, #2148]	@ 0x74d0
    6c68:	e12fff3c 	blx	ip
    6c6c:	e3500000 	cmp	r0, #0
    6c70:	1a000038 	bne	0x6d58
    6c74:	e0499007 	sub	r9, r9, r7
    6c78:	e3a0e030 	mov	lr, #48	@ 0x30
    6c7c:	e584e0a4 	str	lr, [r4, #164]	@ 0xa4
    6c80:	e58490a8 	str	r9, [r4, #168]	@ 0xa8
    6c84:	e3a0e000 	mov	lr, #0
    6c88:	e584e084 	str	lr, [r4, #132]	@ 0x84
    6c8c:	e3a0e000 	mov	lr, #0
    6c90:	e584e084 	str	lr, [r4, #132]	@ 0x84
    6c94:	e59f0838 	ldr	r0, [pc, #2104]	@ 0x74d4
    6c98:	e1a01004 	mov	r1, r4
    6c9c:	e59d2000 	ldr	r2, [sp]
    6ca0:	e59fc830 	ldr	ip, [pc, #2096]	@ 0x74d8
    6ca4:	e12fff3c 	blx	ip
    6ca8:	e3500000 	cmp	r0, #0
    6cac:	1a000029 	bne	0x6d58
    6cb0:	e5846050 	str	r6, [r4, #80]	@ 0x50
    6cb4:	e59f0820 	ldr	r0, [pc, #2080]	@ 0x74dc
    6cb8:	e1a01004 	mov	r1, r4
    6cbc:	e59d2000 	ldr	r2, [sp]
    6cc0:	e59fc818 	ldr	ip, [pc, #2072]	@ 0x74e0
    6cc4:	e12fff3c 	blx	ip
    6cc8:	e3500000 	cmp	r0, #0
    6ccc:	1a000021 	bne	0x6d58
    6cd0:	e594c014 	ldr	ip, [r4, #20]
    6cd4:	e22c0d80 	eor	r0, ip, #128, 26	@ 0x2000
    6cd8:	e3a0e020 	mov	lr, #32
    6cdc:	e584e0a4 	str	lr, [r4, #164]	@ 0xa4
    6ce0:	e584a030 	str	sl, [r4, #48]	@ 0x30
    6ce4:	e58400b0 	str	r0, [r4, #176]	@ 0xb0
    6ce8:	e59f07f4 	ldr	r0, [pc, #2036]	@ 0x74e4
    6cec:	e1a01004 	mov	r1, r4
    6cf0:	e59d2000 	ldr	r2, [sp]
    6cf4:	e59fc7ec 	ldr	ip, [pc, #2028]	@ 0x74e8
    6cf8:	e12fff3c 	blx	ip
    6cfc:	e3500000 	cmp	r0, #0
    6d00:	1a000014 	bne	0x6d58
    6d04:	e594c00c 	ldr	ip, [r4, #12]
    6d08:	e15c000a 	cmp	ip, sl
    6d0c:	e594e00c 	ldr	lr, [r4, #12]
    6d10:	d1a0e00a 	movle	lr, sl
    6d14:	e584e034 	str	lr, [r4, #52]	@ 0x34
    6d18:	e594c01c 	ldr	ip, [r4, #28]
    6d1c:	e28c0f8c 	add	r0, ip, #140, 30	@ 0x230
    6d20:	e595103c 	ldr	r1, [r5, #60]	@ 0x3c
    6d24:	e5810008 	str	r0, [r1, #8]
    6d28:	e59f07bc 	ldr	r0, [pc, #1980]	@ 0x74ec
    6d2c:	e30ccabc 	movw	ip, #51900	@ 0xcabc
    6d30:	e34ccdef 	movt	ip, #52719	@ 0xcdef
    6d34:	e28dd018 	add	sp, sp, #24
    6d38:	ecbd8b02 	vpop	{d8}
    6d3c:	e28dd004 	add	sp, sp, #4
    6d40:	e8bd8fc0 	pop	{r6, r7, r8, r9, sl, fp, pc}
    6d44:	e3a00003 	mov	r0, #3
    6d48:	ea000000 	b	0x6d50
    6d4c:	e3a00008 	mov	r0, #8
    6d50:	e59d1000 	ldr	r1, [sp]
    6d54:	e5810010 	str	r0, [r1, #16]
    6d58:	e59d0000 	ldr	r0, [sp]
    6d5c:	e59d103c 	ldr	r1, [sp, #60]	@ 0x3c
    6d60:	e59fc788 	ldr	ip, [pc, #1928]	@ 0x74f0
    6d64:	e12fff3c 	blx	ip
    6d68:	e28dd018 	add	sp, sp, #24
    6d6c:	ecbd8b02 	vpop	{d8}
    6d70:	e28dd004 	add	sp, sp, #4
    6d74:	e8bd0fc0 	pop	{r6, r7, r8, r9, sl, fp}
    6d78:	e28dd004 	add	sp, sp, #4
    6d7c:	e12fff10 	bx	r0
    6d80:	e92d41c0 	push	{r6, r7, r8, lr}
    6d84:	e24dd008 	sub	sp, sp, #8
    6d88:	e58d0000 	str	r0, [sp]
    6d8c:	e30cc123 	movw	ip, #49443	@ 0xc123
    6d90:	e34cc456 	movt	ip, #50262	@ 0xc456
    6d94:	e5946000 	ldr	r6, [r4]
    6d98:	e5940004 	ldr	r0, [r4, #4]
    6d9c:	e1a03000 	mov	r3, r0
    6da0:	e5952030 	ldr	r2, [r5, #48]	@ 0x30
    6da4:	e59fc6b4 	ldr	ip, [pc, #1716]	@ 0x7460
    6da8:	e153000c 	cmp	r3, ip
    6dac:	8a000032 	bhi	0x6e7c
    6db0:	e7e123f4 			@ <UNDEFINED> instruction: 0xe7e123f4
    6db4:	e2811007 	add	r1, r1, #7
    6db8:	e3c11007 	bic	r1, r1, #7
    6dbc:	e1a02001 	mov	r2, r1
    6dc0:	e2811010 	add	r1, r1, #16
    6dc4:	e5953030 	ldr	r3, [r5, #48]	@ 0x30
    6dc8:	e59fc690 	ldr	ip, [pc, #1680]	@ 0x7460
    6dcc:	e150000c 	cmp	r0, ip
    6dd0:	8a000029 	bhi	0x6e7c
    6dd4:	e7d130f4 			@ <UNDEFINED> instruction: 0xe7d130f4
    6dd8:	e1a07002 	mov	r7, r2
    6ddc:	e5953030 	ldr	r3, [r5, #48]	@ 0x30
    6de0:	e59fc70c 	ldr	ip, [pc, #1804]	@ 0x74f4
    6de4:	e157000c 	cmp	r7, ip
    6de8:	8a000023 	bhi	0x6e7c
    6dec:	e083c007 	add	ip, r3, r7
    6df0:	e59c0000 	ldr	r0, [ip]
    6df4:	e59c1004 	ldr	r1, [ip, #4]
    6df8:	e5958030 	ldr	r8, [r5, #48]	@ 0x30
    6dfc:	e59fe6f0 	ldr	lr, [pc, #1776]	@ 0x74f4
    6e00:	e7f2e0f8 	udf	#11784	@ 0x2e08
    6e04:	2a00001c 	bcs	0x6e7c
    6e08:	e088c002 	add	ip, r8, r2
    6e0c:	e59c3000 	ldr	r3, [ip]
    6e10:	e59c7004 	ldr	r7, [ip, #4]
    6e14:	e584001c 	str	r0, [r4, #28]
    6e18:	e5841020 	str	r1, [r4, #32]
    6e1c:	e5843024 	str	r3, [r4, #36]	@ 0x24
    6e20:	e5847028 	str	r7, [r4, #40]	@ 0x28
    6e24:	e59f06cc 	ldr	r0, [pc, #1740]	@ 0x74f8
    6e28:	e1a01004 	mov	r1, r4
    6e2c:	e59d2000 	ldr	r2, [sp]
    6e30:	e59fc6c4 	ldr	ip, [pc, #1732]	@ 0x74fc
    6e34:	e12fff3c 	blx	ip
    6e38:	e3500000 	cmp	r0, #0
    6e3c:	1a000011 	bne	0x6e88
    6e40:	ed940b07 	vldr	d0, [r4, #28]
    6e44:	e5950030 	ldr	r0, [r5, #48]	@ 0x30
    6e48:	e59fc6a4 	ldr	ip, [pc, #1700]	@ 0x74f4
    6e4c:	e156000c 	cmp	r6, ip
    6e50:	8a000009 	bhi	0x6e7c
    6e54:	ee10ea10 	vmov	lr, s0
    6e58:	e080c006 	add	ip, r0, r6
    6e5c:	e58ce000 	str	lr, [ip]
    6e60:	ee10ea90 	vmov	lr, s1
    6e64:	e58ce004 	str	lr, [ip, #4]
    6e68:	e59f0690 	ldr	r0, [pc, #1680]	@ 0x7500
    6e6c:	e30ccabc 	movw	ip, #51900	@ 0xcabc
    6e70:	e34ccdef 	movt	ip, #52719	@ 0xcdef
    6e74:	e28dd008 	add	sp, sp, #8
    6e78:	e8bd81c0 	pop	{r6, r7, r8, pc}
    6e7c:	e3a00008 	mov	r0, #8
    6e80:	e59d1000 	ldr	r1, [sp]
    6e84:	e5810010 	str	r0, [r1, #16]
    6e88:	e59d0000 	ldr	r0, [sp]
    6e8c:	e59d1014 	ldr	r1, [sp, #20]
    6e90:	e59fc66c 	ldr	ip, [pc, #1644]	@ 0x7504
    6e94:	e12fff3c 	blx	ip
    6e98:	e28dd008 	add	sp, sp, #8
    6e9c:	e8bd01c0 	pop	{r6, r7, r8}
    6ea0:	e28dd004 	add	sp, sp, #4
    6ea4:	e12fff10 	bx	r0
    6ea8:	e52de004 	push	{lr}		@ (str lr, [sp, #-4]!)
    6eac:	e24dd004 	sub	sp, sp, #4
    6eb0:	e58d0000 	str	r0, [sp]
    6eb4:	e30cc123 	movw	ip, #49443	@ 0xc123
    6eb8:	e34cc456 	movt	ip, #50262	@ 0xc456
    6ebc:	ed940b00 	vldr	d0, [r4]
    6ec0:	ec510a10 	vmov	r0, r1, s0, s1
    6ec4:	e5840008 	str	r0, [r4, #8]
    6ec8:	e584100c 	str	r1, [r4, #12]
    6ecc:	e59f0634 	ldr	r0, [pc, #1588]	@ 0x7508
    6ed0:	e30ccabc 	movw	ip, #51900	@ 0xcabc
    6ed4:	e34ccdef 	movt	ip, #52719	@ 0xcdef
    6ed8:	e28dd004 	add	sp, sp, #4
    6edc:	e49df004 	pop	{pc}		@ (ldr pc, [sp], #4)
    6ee0:	e92d4040 	push	{r6, lr}
    6ee4:	e24dd008 	sub	sp, sp, #8
    6ee8:	e58d0000 	str	r0, [sp]
    6eec:	e30cc123 	movw	ip, #49443	@ 0xc123
    6ef0:	e34cc456 	movt	ip, #50262	@ 0xc456
    6ef4:	e5946000 	ldr	r6, [r4]
    6ef8:	e3560000 	cmp	r6, #0
    6efc:	1a000004 	bne	0x6f14
    6f00:	e3a0e000 	mov	lr, #0
    6f04:	e584e004 	str	lr, [r4, #4]
    6f08:	e3a009fe 	mov	r0, #4161536	@ 0x3f8000
    6f0c:	e3800fcb 	orr	r0, r0, #812	@ 0x32c
    6f10:	ea000013 	b	0x6f64
    6f14:	e3a009fe 	mov	r0, #4161536	@ 0x3f8000
    6f18:	e3800fcc 	orr	r0, r0, #204, 30	@ 0x330
    6f1c:	e1a01004 	mov	r1, r4
    6f20:	e59d2000 	ldr	r2, [sp]
    6f24:	e59fc5e0 	ldr	ip, [pc, #1504]	@ 0x750c
    6f28:	e12fff3c 	blx	ip
    6f2c:	e3500000 	cmp	r0, #0
    6f30:	1a000010 	bne	0x6f78
    6f34:	e594000c 	ldr	r0, [r4, #12]
    6f38:	e5951030 	ldr	r1, [r5, #48]	@ 0x30
    6f3c:	e59fc51c 	ldr	ip, [pc, #1308]	@ 0x7460
    6f40:	e150000c 	cmp	r0, ip
    6f44:	8a000008 	bhi	0x6f6c
    6f48:	e7d610f4 			@ <UNDEFINED> instruction: 0xe7d610f4
    6f4c:	e3e0e000 	mvn	lr, #0
    6f50:	e584e008 	str	lr, [r4, #8]
    6f54:	e3a009fe 	mov	r0, #4161536	@ 0x3f8000
    6f58:	e3800fd4 	orr	r0, r0, #212, 30	@ 0x350
    6f5c:	e30ccabc 	movw	ip, #51900	@ 0xcabc
    6f60:	e34ccdef 	movt	ip, #52719	@ 0xcdef
    6f64:	e28dd008 	add	sp, sp, #8
    6f68:	e8bd8040 	pop	{r6, pc}
    6f6c:	e3a00008 	mov	r0, #8
    6f70:	e59d1000 	ldr	r1, [sp]
    6f74:	e5810010 	str	r0, [r1, #16]
    6f78:	e59d0000 	ldr	r0, [sp]
    6f7c:	e59d100c 	ldr	r1, [sp, #12]
    6f80:	e59fc588 	ldr	ip, [pc, #1416]	@ 0x7510
    6f84:	e12fff3c 	blx	ip
    6f88:	e59d6008 	ldr	r6, [sp, #8]
    6f8c:	e28dd010 	add	sp, sp, #16
    6f90:	e12fff10 	bx	r0
    6f94:	e52de004 	push	{lr}		@ (str lr, [sp, #-4]!)
    6f98:	e24dd004 	sub	sp, sp, #4
    6f9c:	e58d0000 	str	r0, [sp]
    6fa0:	e30cc123 	movw	ip, #49443	@ 0xc123
    6fa4:	e34cc456 	movt	ip, #50262	@ 0xc456
    6fa8:	e3a0e02a 	mov	lr, #42	@ 0x2a
    6fac:	e584e000 	str	lr, [r4]
    6fb0:	e59f055c 	ldr	r0, [pc, #1372]	@ 0x7514
    6fb4:	e30ccabc 	movw	ip, #51900	@ 0xcabc
    6fb8:	e34ccdef 	movt	ip, #52719	@ 0xcdef
    6fbc:	e28dd004 	add	sp, sp, #4
    6fc0:	e49df004 	pop	{pc}		@ (ldr pc, [sp], #4)
    6fc4:	e52de004 	push	{lr}		@ (str lr, [sp, #-4]!)
    6fc8:	e24dd004 	sub	sp, sp, #4
    6fcc:	e58d0000 	str	r0, [sp]
    6fd0:	e30cc123 	movw	ip, #49443	@ 0xc123
    6fd4:	e34cc456 	movt	ip, #50262	@ 0xc456
    6fd8:	e3a009ff 	mov	r0, #4177920	@ 0x3fc000
    6fdc:	e3800e66 	orr	r0, r0, #1632	@ 0x660
    6fe0:	e1a01004 	mov	r1, r4
    6fe4:	e59d2000 	ldr	r2, [sp]
    6fe8:	e59fc528 	ldr	ip, [pc, #1320]	@ 0x7518
    6fec:	e12fff3c 	blx	ip
    6ff0:	e3500000 	cmp	r0, #0
    6ff4:	1a000006 	bne	0x7014
    6ff8:	e5940000 	ldr	r0, [r4]
    6ffc:	e5840000 	str	r0, [r4]
    7000:	e59f0514 	ldr	r0, [pc, #1300]	@ 0x751c
    7004:	e30ccabc 	movw	ip, #51900	@ 0xcabc
    7008:	e34ccdef 	movt	ip, #52719	@ 0xcdef
    700c:	e28dd004 	add	sp, sp, #4
    7010:	e49df004 	pop	{pc}		@ (ldr pc, [sp], #4)
    7014:	e59d0000 	ldr	r0, [sp]
    7018:	e59d1004 	ldr	r1, [sp, #4]
    701c:	e59fc4fc 	ldr	ip, [pc, #1276]	@ 0x7520
    7020:	e12fff3c 	blx	ip
    7024:	e28dd008 	add	sp, sp, #8
    7028:	e12fff10 	bx	r0
    702c:	e52de004 	push	{lr}		@ (str lr, [sp, #-4]!)
    7030:	e24dd004 	sub	sp, sp, #4
    7034:	e58d0000 	str	r0, [sp]
    7038:	e30cc123 	movw	ip, #49443	@ 0xc123
    703c:	e34cc456 	movt	ip, #50262	@ 0xc456
    7040:	e3a0eb44 	mov	lr, #68, 22	@ 0x11000
    7044:	e38ee060 	orr	lr, lr, #96	@ 0x60
    7048:	e584e000 	str	lr, [r4]
    704c:	e59f04d0 	ldr	r0, [pc, #1232]	@ 0x7524
    7050:	e30ccabc 	movw	ip, #51900	@ 0xcabc
    7054:	e34ccdef 	movt	ip, #52719	@ 0xcdef
    7058:	e28dd004 	add	sp, sp, #4
    705c:	e49df004 	pop	{pc}		@ (ldr pc, [sp], #4)
    7060:	e52de004 	push	{lr}		@ (str lr, [sp, #-4]!)
    7064:	e24dd004 	sub	sp, sp, #4
    7068:	e58d0000 	str	r0, [sp]
    706c:	e30cc123 	movw	ip, #49443	@ 0xc123
    7070:	e34cc456 	movt	ip, #50262	@ 0xc456
    7074:	e5950030 	ldr	r0, [r5, #48]	@ 0x30
    7078:	e3a0eb44 	mov	lr, #68, 22	@ 0x11000
    707c:	e38ee048 	orr	lr, lr, #72	@ 0x48
    7080:	e280cb48 	add	ip, r0, #72, 22	@ 0x12000
    7084:	e50cef40 	str	lr, [ip, #-3904]	@ 0xfffff0c0
    7088:	e59f0498 	ldr	r0, [pc, #1176]	@ 0x7528
    708c:	e1a01004 	mov	r1, r4
    7090:	e59d2000 	ldr	r2, [sp]
    7094:	e59fc490 	ldr	ip, [pc, #1168]	@ 0x752c
    7098:	e12fff3c 	blx	ip
    709c:	e3500000 	cmp	r0, #0
    70a0:	1a000017 	bne	0x7104
    70a4:	e5940010 	ldr	r0, [r4, #16]
    70a8:	e3a0cb40 	mov	ip, #64, 22	@ 0x10000
    70ac:	e24c1000 	sub	r1, ip, #0
    70b0:	e5952030 	ldr	r2, [r5, #48]	@ 0x30
    70b4:	e282cb48 	add	ip, r2, #72, 22	@ 0x12000
    70b8:	e50c1f68 	str	r1, [ip, #-3944]	@ 0xfffff098
    70bc:	e5951030 	ldr	r1, [r5, #48]	@ 0x30
    70c0:	e3a0eb40 	mov	lr, #64, 22	@ 0x10000
    70c4:	e281cb48 	add	ip, r1, #72, 22	@ 0x12000
    70c8:	e50cef6c 	str	lr, [ip, #-3948]	@ 0xfffff094
    70cc:	e5951030 	ldr	r1, [r5, #48]	@ 0x30
    70d0:	e281cb48 	add	ip, r1, #72, 22	@ 0x12000
    70d4:	e50c0f88 	str	r0, [ip, #-3976]	@ 0xfffff078
    70d8:	e5951030 	ldr	r1, [r5, #48]	@ 0x30
    70dc:	e281cb40 	add	ip, r1, #64, 22	@ 0x10000
    70e0:	e59c0b6c 	ldr	r0, [ip, #2924]	@ 0xb6c
    70e4:	e5951030 	ldr	r1, [r5, #48]	@ 0x30
    70e8:	e281cb48 	add	ip, r1, #72, 22	@ 0x12000
    70ec:	e50c0f64 	str	r0, [ip, #-3940]	@ 0xfffff09c
    70f0:	e59f0438 	ldr	r0, [pc, #1080]	@ 0x7530
    70f4:	e30ccabc 	movw	ip, #51900	@ 0xcabc
    70f8:	e34ccdef 	movt	ip, #52719	@ 0xcdef
    70fc:	e28dd004 	add	sp, sp, #4
    7100:	e49df004 	pop	{pc}		@ (ldr pc, [sp], #4)
    7104:	e59d0000 	ldr	r0, [sp]
    7108:	e59d1004 	ldr	r1, [sp, #4]
    710c:	e59fc420 	ldr	ip, [pc, #1056]	@ 0x7534
    7110:	e12fff3c 	blx	ip
    7114:	e28dd008 	add	sp, sp, #8
    7118:	e12fff10 	bx	r0
    711c:	e92d40c0 	push	{r6, r7, lr}
    7120:	e24dd004 	sub	sp, sp, #4
    7124:	e58d0000 	str	r0, [sp]
    7128:	e30cc123 	movw	ip, #49443	@ 0xc123
    712c:	e34cc456 	movt	ip, #50262	@ 0xc456
    7130:	e5946000 	ldr	r6, [r4]
    7134:	e5947004 	ldr	r7, [r4, #4]
    7138:	e3a00001 	mov	r0, #1
    713c:	e3560000 	cmp	r6, #0
    7140:	0a0000ab 	beq	0x73f4
    7144:	e357007f 	cmp	r7, #127	@ 0x7f
    7148:	9a0000ac 	bls	0x7400
    714c:	e59f03e4 	ldr	r0, [pc, #996]	@ 0x7538
    7150:	e1a01004 	mov	r1, r4
    7154:	e59d2000 	ldr	r2, [sp]
    7158:	e59fc3dc 	ldr	ip, [pc, #988]	@ 0x753c
    715c:	e12fff3c 	blx	ip
    7160:	e3500000 	cmp	r0, #0
    7164:	1a0000b5 	bne	0x7440
    7168:	e5941028 	ldr	r1, [r4, #40]	@ 0x28
    716c:	e1a03001 	mov	r3, r1
    7170:	e5952030 	ldr	r2, [r5, #48]	@ 0x30
    7174:	e59fe2e4 	ldr	lr, [pc, #740]	@ 0x7460
    7178:	e7f3e6f0 	udf	#15968	@ 0x3e60
    717c:	2a0000ac 	bcs	0x7434
    7180:	e7e123f4 			@ <UNDEFINED> instruction: 0xe7e123f4
    7184:	e1a03001 	mov	r3, r1
    7188:	e5952030 	ldr	r2, [r5, #48]	@ 0x30
    718c:	e59fc2cc 	ldr	ip, [pc, #716]	@ 0x7460
    7190:	e153000c 	cmp	r3, ip
    7194:	8a0000a6 	bhi	0x7434
    7198:	e7e123f4 			@ <UNDEFINED> instruction: 0xe7e123f4
    719c:	e3510000 	cmp	r1, #0
    71a0:	1a000013 	bne	0x71f4
    71a4:	e3c7107f 	bic	r1, r7, #127	@ 0x7f
    71a8:	e3a0ccdf 	mov	ip, #57088	@ 0xdf00
    71ac:	e38cc080 	orr	ip, ip, #128	@ 0x80
    71b0:	e151000c 	cmp	r1, ip
    71b4:	0a000091 	beq	0x7400
    71b8:	e59f0380 	ldr	r0, [pc, #896]	@ 0x7540
    71bc:	e1a01004 	mov	r1, r4
    71c0:	e59d2000 	ldr	r2, [sp]
    71c4:	e59fc378 	ldr	ip, [pc, #888]	@ 0x7544
    71c8:	e12fff3c 	blx	ip
    71cc:	e3500000 	cmp	r0, #0
    71d0:	1a00009a 	bne	0x7440
    71d4:	e5941028 	ldr	r1, [r4, #40]	@ 0x28
    71d8:	e5952030 	ldr	r2, [r5, #48]	@ 0x30
    71dc:	e59fc27c 	ldr	ip, [pc, #636]	@ 0x7460
    71e0:	e151000c 	cmp	r1, ip
    71e4:	8a000092 	bhi	0x7434
    71e8:	e3a03019 	mov	r3, #25
    71ec:	e7d321f4 			@ <UNDEFINED> instruction: 0xe7d321f4
    71f0:	ea00007e 	b	0x73f0
    71f4:	e3a0cc07 	mov	ip, #1792	@ 0x700
    71f8:	e38cc0ff 	orr	ip, ip, #255	@ 0xff
    71fc:	e157000c 	cmp	r7, ip
    7200:	8a000015 	bhi	0x725c
    7204:	e207103f 	and	r1, r7, #63	@ 0x3f
    7208:	e3811080 	orr	r1, r1, #128	@ 0x80
    720c:	e1a03006 	mov	r3, r6
    7210:	e5952030 	ldr	r2, [r5, #48]	@ 0x30
    7214:	e3e0e4fe 	mvn	lr, #-33554432	@ 0xfe000000
    7218:	e3cee8fe 	bic	lr, lr, #16646144	@ 0xfe0000
    721c:	e7f3e0f1 	udf	#15873	@ 0x3e01
    7220:	2a000083 	bcs	0x7434
    7224:	e7d123f0 			@ <UNDEFINED> instruction: 0xe7d123f0
    7228:	e1a01327 	lsr	r1, r7, #6
    722c:	e38110c0 	orr	r1, r1, #192	@ 0xc0
    7230:	e1a03006 	mov	r3, r6
    7234:	e5952030 	ldr	r2, [r5, #48]	@ 0x30
    7238:	e3e0c4fe 	mvn	ip, #-33554432	@ 0xfe000000
    723c:	e3ccc8fe 	bic	ip, ip, #16646144	@ 0xfe0000
    7240:	e153000c 	cmp	r3, ip
    7244:	8a00007a 	bhi	0x7434
    7248:	e7d123f0 			@ <UNDEFINED> instruction: 0xe7d123f0
    724c:	e3a0e002 	mov	lr, #2
    7250:	e584e028 	str	lr, [r4, #40]	@ 0x28
    7254:	e59f02ec 	ldr	r0, [pc, #748]	@ 0x7548
    7258:	ea000073 	b	0x742c
    725c:	e3570cd8 	cmp	r7, #216, 24	@ 0xd800
    7260:	3a000004 	bcc	0x7278
    7264:	e3e0cc1f 	mvn	ip, #7936	@ 0x1f00
    7268:	e3ccc0ff 	bic	ip, ip, #255	@ 0xff
    726c:	e007100c 	and	r1, r7, ip
    7270:	e3510ce0 	cmp	r1, #224, 24	@ 0xe000
    7274:	1a000020 	bne	0x72fc
    7278:	e207103f 	and	r1, r7, #63	@ 0x3f
    727c:	e3811080 	orr	r1, r1, #128	@ 0x80
    7280:	e1a03006 	mov	r3, r6
    7284:	e5952030 	ldr	r2, [r5, #48]	@ 0x30
    7288:	e3e0e4fe 	mvn	lr, #-33554432	@ 0xfe000000
    728c:	e3cee8fe 	bic	lr, lr, #16646144	@ 0xfe0000
    7290:	e7f3e0f2 	udf	#15874	@ 0x3e02
    7294:	2a000066 	bcs	0x7434
    7298:	e7d123f0 			@ <UNDEFINED> instruction: 0xe7d123f0
    729c:	e1a01627 	lsr	r1, r7, #12
    72a0:	e38110e0 	orr	r1, r1, #224	@ 0xe0
    72a4:	e1a03006 	mov	r3, r6
    72a8:	e5952030 	ldr	r2, [r5, #48]	@ 0x30
    72ac:	e3e0c4fe 	mvn	ip, #-33554432	@ 0xfe000000
    72b0:	e3ccc8fe 	bic	ip, ip, #16646144	@ 0xfe0000
    72b4:	e153000c 	cmp	r3, ip
    72b8:	8a00005d 	bhi	0x7434
    72bc:	e7d123f0 			@ <UNDEFINED> instruction: 0xe7d123f0
    72c0:	e1a01327 	lsr	r1, r7, #6
    72c4:	e201103f 	and	r1, r1, #63	@ 0x3f
    72c8:	e3811080 	orr	r1, r1, #128	@ 0x80
    72cc:	e1a03006 	mov	r3, r6
    72d0:	e5952030 	ldr	r2, [r5, #48]	@ 0x30
    72d4:	e3e0e4fe 	mvn	lr, #-33554432	@ 0xfe000000
    72d8:	e3cee8fe 	bic	lr, lr, #16646144	@ 0xfe0000
    72dc:	e7f3e0f1 	udf	#15873	@ 0x3e01
    72e0:	2a000053 	bcs	0x7434
    72e4:	e7d123f0 			@ <UNDEFINED> instruction: 0xe7d123f0
    72e8:	e3a0e003 	mov	lr, #3
    72ec:	e584e028 	str	lr, [r4, #40]	@ 0x28
    72f0:	e3a00840 	mov	r0, #64, 16	@ 0x400000
    72f4:	e3800d8d 	orr	r0, r0, #9024	@ 0x2340
    72f8:	ea00004b 	b	0x742c
    72fc:	e2471b40 	sub	r1, r7, #64, 22	@ 0x10000
    7300:	e3e0c20f 	mvn	ip, #-268435456	@ 0xf0000000
    7304:	e3ccc6ff 	bic	ip, ip, #267386880	@ 0xff00000
    7308:	e151000c 	cmp	r1, ip
    730c:	8a000029 	bhi	0x73b8
    7310:	e207103f 	and	r1, r7, #63	@ 0x3f
    7314:	e3811080 	orr	r1, r1, #128	@ 0x80
    7318:	e1a03006 	mov	r3, r6
    731c:	e5952030 	ldr	r2, [r5, #48]	@ 0x30
    7320:	e3e0e4fe 	mvn	lr, #-33554432	@ 0xfe000000
    7324:	e3cee8fe 	bic	lr, lr, #16646144	@ 0xfe0000
    7328:	e7f3e0f3 	udf	#15875	@ 0x3e03
    732c:	2a000040 	bcs	0x7434
    7330:	e7d123f0 			@ <UNDEFINED> instruction: 0xe7d123f0
    7334:	e1a01927 	lsr	r1, r7, #18
    7338:	e38110f0 	orr	r1, r1, #240	@ 0xf0
    733c:	e1a03006 	mov	r3, r6
    7340:	e5952030 	ldr	r2, [r5, #48]	@ 0x30
    7344:	e3e0c4fe 	mvn	ip, #-33554432	@ 0xfe000000
    7348:	e3ccc8fe 	bic	ip, ip, #16646144	@ 0xfe0000
    734c:	e153000c 	cmp	r3, ip
    7350:	8a000037 	bhi	0x7434
    7354:	e7d123f0 			@ <UNDEFINED> instruction: 0xe7d123f0
    7358:	e1a01327 	lsr	r1, r7, #6
    735c:	e201103f 	and	r1, r1, #63	@ 0x3f
    7360:	e3811080 	orr	r1, r1, #128	@ 0x80
    7364:	e1a03006 	mov	r3, r6
    7368:	e5952030 	ldr	r2, [r5, #48]	@ 0x30
    736c:	e3e0e4fe 	mvn	lr, #-33554432	@ 0xfe000000
    7370:	e3cee8fe 	bic	lr, lr, #16646144	@ 0xfe0000
    7374:	e7f3e0f2 	udf	#15874	@ 0x3e02
    7378:	2a00002d 	bcs	0x7434
    737c:	e7d123f0 			@ <UNDEFINED> instruction: 0xe7d123f0
    7380:	e1a01627 	lsr	r1, r7, #12
    7384:	e201103f 	and	r1, r1, #63	@ 0x3f
    7388:	e3811080 	orr	r1, r1, #128	@ 0x80
    738c:	e1a03006 	mov	r3, r6
    7390:	e5952030 	ldr	r2, [r5, #48]	@ 0x30
    7394:	e3e0e4fe 	mvn	lr, #-33554432	@ 0xfe000000
    7398:	e3cee8fe 	bic	lr, lr, #16646144	@ 0xfe0000
    739c:	e7f3e0f1 	udf	#15873	@ 0x3e01
    73a0:	2a000023 	bcs	0x7434
    73a4:	e7d123f0 			@ <UNDEFINED> instruction: 0xe7d123f0
    73a8:	e3a0e004 	mov	lr, #4
    73ac:	e584e028 	str	lr, [r4, #40]	@ 0x28
    73b0:	e59f0194 	ldr	r0, [pc, #404]	@ 0x754c
    73b4:	ea00001c 	b	0x742c
    73b8:	e59f0190 	ldr	r0, [pc, #400]	@ 0x7550
    73bc:	e1a01004 	mov	r1, r4
    73c0:	e59d2000 	ldr	r2, [sp]
    73c4:	e59fc188 	ldr	ip, [pc, #392]	@ 0x7554
    73c8:	e12fff3c 	blx	ip
    73cc:	e3500000 	cmp	r0, #0
    73d0:	1a00001a 	bne	0x7440
    73d4:	e5941028 	ldr	r1, [r4, #40]	@ 0x28
    73d8:	e5952030 	ldr	r2, [r5, #48]	@ 0x30
    73dc:	e59fc07c 	ldr	ip, [pc, #124]	@ 0x7460
    73e0:	e151000c 	cmp	r1, ip
    73e4:	8a000012 	bhi	0x7434
    73e8:	e3a03019 	mov	r3, #25
    73ec:	e7d321f4 			@ <UNDEFINED> instruction: 0xe7d321f4
    73f0:	e3e00000 	mvn	r0, #0
    73f4:	e584000c 	str	r0, [r4, #12]
    73f8:	e59f0158 	ldr	r0, [pc, #344]	@ 0x7558
    73fc:	ea00000a 	b	0x742c
    7400:	e5950030 	ldr	r0, [r5, #48]	@ 0x30
    7404:	e3e0c4fe 	mvn	ip, #-33554432	@ 0xfe000000
    7408:	e3ccc8fe 	bic	ip, ip, #16646144	@ 0xfe0000
    740c:	e156000c 	cmp	r6, ip
    7410:	8a000007 	bhi	0x7434
    7414:	e7d706f0 			@ <UNDEFINED> instruction: 0xe7d706f0
    7418:	e3a0e001 	mov	lr, #1
    741c:	e584e014 	str	lr, [r4, #20]
    7420:	e59f0134 	ldr	r0, [pc, #308]	@ 0x755c
    7424:	e30ccabc 	movw	ip, #51900	@ 0xcabc
    7428:	e34ccdef 	movt	ip, #52719	@ 0xcdef
    742c:	e28dd004 	add	sp, sp, #4
    7430:	e8bd80c0 	pop	{r6, r7, pc}
    7434:	e3a00008 	mov	r0, #8
    7438:	e59d1000 	ldr	r1, [sp]
    743c:	e5810010 	str	r0, [r1, #16]
    7440:	e59d0000 	ldr	r0, [sp]
    7444:	ea000045 	b	0x7560
	...
    7458:	00407a94 	umaaleq	r7, r0, r4, sl
    745c:	0004890c 	andeq	r8, r4, ip, lsl #18
    7460:	0101fffc 	strdeq	pc, [r1, -ip]
    7464:	00407ae4 	subeq	r7, r0, r4, ror #21
    7468:	0004890c 	andeq	r8, r4, ip, lsl #18
    746c:	00407bcc 	subeq	r7, r0, ip, asr #23
    7470:	0004890c 	andeq	r8, r4, ip, lsl #18
    7474:	00407cf4 	strdeq	r7, [r0], #-196	@ 0xffffff3c
    7478:	0004890c 	andeq	r8, r4, ip, lsl #18
    747c:	00407e18 	subeq	r7, r0, r8, lsl lr
    7480:	0004890c 	andeq	r8, r4, ip, lsl #18
    7484:	00407e5c 	subeq	r7, r0, ip, asr lr
    7488:	0004890c 	andeq	r8, r4, ip, lsl #18
    748c:	00407ea0 	subeq	r7, r0, r0, lsr #29
    7490:	0004890c 	andeq	r8, r4, ip, lsl #18
    7494:	00407f4c 	subeq	r7, r0, ip, asr #30
    7498:	0004890c 	andeq	r8, r4, ip, lsl #18
    749c:	00407f70 	subeq	r7, r0, r0, ror pc
    74a0:	0004890c 	andeq	r8, r4, ip, lsl #18
    74a4:	00407fc4 	subeq	r7, r0, r4, asr #31
    74a8:	0004890c 	andeq	r8, r4, ip, lsl #18
    74ac:	0004890c 	andeq	r8, r4, ip, lsl #18
    74b0:	004081f0 	strdeq	r8, [r0], #-16
    74b4:	0004890c 	andeq	r8, r4, ip, lsl #18
    74b8:	0004890c 	andeq	r8, r4, ip, lsl #18
    74bc:	00408618 	subeq	r8, r0, r8, lsl r6
    74c0:	0004890c 	andeq	r8, r4, ip, lsl #18
    74c4:	00408650 	subeq	r8, r0, r0, asr r6
    74c8:	0004890c 	andeq	r8, r4, ip, lsl #18
    74cc:	00408680 	subeq	r8, r0, r0, lsl #13
    74d0:	0004890c 	andeq	r8, r4, ip, lsl #18
    74d4:	004086ac 	subeq	r8, r0, ip, lsr #13
    74d8:	0004890c 	andeq	r8, r4, ip, lsl #18
    74dc:	004086c4 	subeq	r8, r0, r4, asr #13
    74e0:	0004890c 	andeq	r8, r4, ip, lsl #18
    74e4:	004086fc 	strdeq	r8, [r0], #-108	@ 0xffffff94
    74e8:	0004890c 	andeq	r8, r4, ip, lsl #18
    74ec:	00408750 	subeq	r8, r0, r0, asr r7
    74f0:	00048004 	andeq	r8, r4, r4
    74f4:	0101fff8 	strdeq	pc, [r1, -r8]
    74f8:	003fd2a4 	eorseq	sp, pc, r4, lsr #5
    74fc:	0004890c 	andeq	r8, r4, ip, lsl #18
    7500:	003fd2cc 	eorseq	sp, pc, ip, asr #5
    7504:	00048004 	andeq	r8, r4, r4
    7508:	003fd438 	eorseq	sp, pc, r8, lsr r4	@ <UNPREDICTABLE>
    750c:	0004890c 	andeq	r8, r4, ip, lsl #18
    7510:	00048004 	andeq	r8, r4, r4
    7514:	003fbc0c 	eorseq	fp, pc, ip, lsl #24
    7518:	0004890c 	andeq	r8, r4, ip, lsl #18
    751c:	003fc678 	eorseq	ip, pc, r8, ror r6	@ <UNPREDICTABLE>
    7520:	00048004 	andeq	r8, r4, r4
    7524:	003fd85c 	eorseq	sp, pc, ip, asr r8	@ <UNPREDICTABLE>
    7528:	003f7688 	eorseq	r7, pc, r8, lsl #13
    752c:	0004890c 	andeq	r8, r4, ip, lsl #18
    7530:	003f76f0 	ldrshteq	r7, [pc], -r0
    7534:	00048004 	andeq	r8, r4, r4
    7538:	004020e4 	subeq	r2, r0, r4, ror #1
    753c:	0004890c 	andeq	r8, r4, ip, lsl #18
    7540:	00402138 	subeq	r2, r0, r8, lsr r1
    7544:	0004890c 	andeq	r8, r4, ip, lsl #18
    7548:	004021fc 	strdeq	r2, [r0], #-28	@ 0xffffffe4
    754c:	004024b4 	strheq	r2, [r0], #-68	@ 0xffffffbc
    7550:	004024b8 	strheq	r2, [r0], #-72	@ 0xffffffb8
    7554:	0004890c 	andeq	r8, r4, ip, lsl #18
    7558:	004024e4 	subeq	r2, r0, r4, ror #9
    755c:	004024fc 	strdeq	r2, [r0], #-76	@ 0xffffffb4
    7560:	e59d100c 	ldr	r1, [sp, #12]
    7564:	e59fcfec 	ldr	ip, [pc, #4076]	@ 0x8558
    7568:	e12fff3c 	blx	ip
    756c:	e28dd004 	add	sp, sp, #4
    7570:	e8bd00c0 	pop	{r6, r7}
    7574:	e28dd004 	add	sp, sp, #4
    7578:	e12fff10 	bx	r0
    757c:	e52de004 	push	{lr}		@ (str lr, [sp, #-4]!)
    7580:	e24dd004 	sub	sp, sp, #4
    7584:	e58d0000 	str	r0, [sp]
    7588:	e30cc123 	movw	ip, #49443	@ 0xc123
    758c:	e34cc456 	movt	ip, #50262	@ 0xc456
    7590:	e5940000 	ldr	r0, [r4]
    7594:	e5941004 	ldr	r1, [r4, #4]
    7598:	e3500000 	cmp	r0, #0
    759c:	1a000003 	bne	0x75b0
    75a0:	e3a0e000 	mov	lr, #0
    75a4:	e584e008 	str	lr, [r4, #8]
    75a8:	e59f0fac 	ldr	r0, [pc, #4012]	@ 0x855c
    75ac:	ea000010 	b	0x75f4
    75b0:	e5840000 	str	r0, [r4]
    75b4:	e5841004 	str	r1, [r4, #4]
    75b8:	e3a0e000 	mov	lr, #0
    75bc:	e584e008 	str	lr, [r4, #8]
    75c0:	e59f0f98 	ldr	r0, [pc, #3992]	@ 0x8560
    75c4:	e1a01004 	mov	r1, r4
    75c8:	e59d2000 	ldr	r2, [sp]
    75cc:	e59fcf90 	ldr	ip, [pc, #3984]	@ 0x8564
    75d0:	e12fff3c 	blx	ip
    75d4:	e3500000 	cmp	r0, #0
    75d8:	1a000007 	bne	0x75fc
    75dc:	e594000c 	ldr	r0, [r4, #12]
    75e0:	e584000c 	str	r0, [r4, #12]
    75e4:	e3a009fd 	mov	r0, #4145152	@ 0x3f4000
    75e8:	e3800dd9 	orr	r0, r0, #13888	@ 0x3640
    75ec:	e30ccabc 	movw	ip, #51900	@ 0xcabc
    75f0:	e34ccdef 	movt	ip, #52719	@ 0xcdef
    75f4:	e28dd004 	add	sp, sp, #4
    75f8:	e49df004 	pop	{pc}		@ (ldr pc, [sp], #4)
    75fc:	e59d0000 	ldr	r0, [sp]
    7600:	e59d1004 	ldr	r1, [sp, #4]
    7604:	e59fcf5c 	ldr	ip, [pc, #3932]	@ 0x8568
    7608:	e12fff3c 	blx	ip
    760c:	e28dd008 	add	sp, sp, #8
    7610:	e12fff10 	bx	r0
    7614:	e52de004 	push	{lr}		@ (str lr, [sp, #-4]!)
    7618:	e24dd004 	sub	sp, sp, #4
    761c:	e58d0000 	str	r0, [sp]
    7620:	e30cc123 	movw	ip, #49443	@ 0xc123
    7624:	e34cc456 	movt	ip, #50262	@ 0xc456
    7628:	e5940000 	ldr	r0, [r4]
    762c:	e5840000 	str	r0, [r4]
    7630:	e59f0f34 	ldr	r0, [pc, #3892]	@ 0x856c
    7634:	e30ccabc 	movw	ip, #51900	@ 0xcabc
    7638:	e34ccdef 	movt	ip, #52719	@ 0xcdef
    763c:	e28dd004 	add	sp, sp, #4
    7640:	e49df004 	pop	{pc}		@ (ldr pc, [sp], #4)
    7644:	e52de004 	push	{lr}		@ (str lr, [sp, #-4]!)
    7648:	e24dd004 	sub	sp, sp, #4
    764c:	e58d0000 	str	r0, [sp]
    7650:	e30cc123 	movw	ip, #49443	@ 0xc123
    7654:	e34cc456 	movt	ip, #50262	@ 0xc456
    7658:	e5940000 	ldr	r0, [r4]
    765c:	e1a02000 	mov	r2, r0
    7660:	e5951030 	ldr	r1, [r5, #48]	@ 0x30
    7664:	e59fef04 	ldr	lr, [pc, #3844]	@ 0x8570
    7668:	e7f2e3fc 	udf	#11836	@ 0x2e3c
    766c:	2a000021 	bcs	0x76f8
    7670:	e7e012f4 			@ <UNDEFINED> instruction: 0xe7e012f4
    7674:	e5840004 	str	r0, [r4, #4]
    7678:	e59f0ef4 	ldr	r0, [pc, #3828]	@ 0x8574
    767c:	e1a01004 	mov	r1, r4
    7680:	e59d2000 	ldr	r2, [sp]
    7684:	e59fceec 	ldr	ip, [pc, #3820]	@ 0x8578
    7688:	e12fff3c 	blx	ip
    768c:	e3500000 	cmp	r0, #0
    7690:	1a00001b 	bne	0x7704
    7694:	e5940004 	ldr	r0, [r4, #4]
    7698:	e5840004 	str	r0, [r4, #4]
    769c:	e59f0ed8 	ldr	r0, [pc, #3800]	@ 0x857c
    76a0:	e1a01004 	mov	r1, r4
    76a4:	e59d2000 	ldr	r2, [sp]
    76a8:	e59fced0 	ldr	ip, [pc, #3792]	@ 0x8580
    76ac:	e12fff3c 	blx	ip
    76b0:	e3500000 	cmp	r0, #0
    76b4:	1a000012 	bne	0x7704
    76b8:	e5940004 	ldr	r0, [r4, #4]
    76bc:	e5840004 	str	r0, [r4, #4]
    76c0:	e59f0ebc 	ldr	r0, [pc, #3772]	@ 0x8584
    76c4:	e1a01004 	mov	r1, r4
    76c8:	e59d2000 	ldr	r2, [sp]
    76cc:	e59fceb4 	ldr	ip, [pc, #3764]	@ 0x8588
    76d0:	e12fff3c 	blx	ip
    76d4:	e3500000 	cmp	r0, #0
    76d8:	1a000009 	bne	0x7704
    76dc:	e5940004 	ldr	r0, [r4, #4]
    76e0:	e5840004 	str	r0, [r4, #4]
    76e4:	e59f0ea0 	ldr	r0, [pc, #3744]	@ 0x858c
    76e8:	e30ccabc 	movw	ip, #51900	@ 0xcabc
    76ec:	e34ccdef 	movt	ip, #52719	@ 0xcdef
    76f0:	e28dd004 	add	sp, sp, #4
    76f4:	e49df004 	pop	{pc}		@ (ldr pc, [sp], #4)
    76f8:	e3a00008 	mov	r0, #8
    76fc:	e59d1000 	ldr	r1, [sp]
    7700:	e5810010 	str	r0, [r1, #16]
    7704:	e59d0000 	ldr	r0, [sp]
    7708:	e59d1004 	ldr	r1, [sp, #4]
    770c:	e59fce7c 	ldr	ip, [pc, #3708]	@ 0x8590
    7710:	e12fff3c 	blx	ip
    7714:	e28dd008 	add	sp, sp, #8
    7718:	e12fff10 	bx	r0
    771c:	e92d41c0 	push	{r6, r7, r8, lr}
    7720:	e24dd008 	sub	sp, sp, #8
    7724:	e58d0000 	str	r0, [sp]
    7728:	e30cc123 	movw	ip, #49443	@ 0xc123
    772c:	e34cc456 	movt	ip, #50262	@ 0xc456
    7730:	e5940000 	ldr	r0, [r4]
    7734:	e5941004 	ldr	r1, [r4, #4]
    7738:	e5942008 	ldr	r2, [r4, #8]
    773c:	e594300c 	ldr	r3, [r4, #12]
    7740:	e595e03c 	ldr	lr, [r5, #60]	@ 0x3c
    7744:	e59e6008 	ldr	r6, [lr, #8]
    7748:	e2466010 	sub	r6, r6, #16
    774c:	e1a07006 	mov	r7, r6
    7750:	e595803c 	ldr	r8, [r5, #60]	@ 0x3c
    7754:	e5886008 	str	r6, [r8, #8]
    7758:	e20330ff 	and	r3, r3, #255	@ 0xff
    775c:	e2876008 	add	r6, r7, #8
    7760:	e5840000 	str	r0, [r4]
    7764:	e5841004 	str	r1, [r4, #4]
    7768:	e5842008 	str	r2, [r4, #8]
    776c:	e5843034 	str	r3, [r4, #52]	@ 0x34
    7770:	e5846038 	str	r6, [r4, #56]	@ 0x38
    7774:	e59f0e18 	ldr	r0, [pc, #3608]	@ 0x8594
    7778:	e1a01004 	mov	r1, r4
    777c:	e59d2000 	ldr	r2, [sp]
    7780:	e59fce10 	ldr	ip, [pc, #3600]	@ 0x8598
    7784:	e12fff3c 	blx	ip
    7788:	e3500000 	cmp	r0, #0
    778c:	1a000022 	bne	0x781c
    7790:	e5940028 	ldr	r0, [r4, #40]	@ 0x28
    7794:	e5840028 	str	r0, [r4, #40]	@ 0x28
    7798:	e3a009fe 	mov	r0, #4161536	@ 0x3f8000
    779c:	e3800e6d 	orr	r0, r0, #1744	@ 0x6d0
    77a0:	e1a01004 	mov	r1, r4
    77a4:	e59d2000 	ldr	r2, [sp]
    77a8:	e59fcdec 	ldr	ip, [pc, #3564]	@ 0x859c
    77ac:	e12fff3c 	blx	ip
    77b0:	e3500000 	cmp	r0, #0
    77b4:	1a000018 	bne	0x781c
    77b8:	e5940028 	ldr	r0, [r4, #40]	@ 0x28
    77bc:	e1a06007 	mov	r6, r7
    77c0:	e5953030 	ldr	r3, [r5, #48]	@ 0x30
    77c4:	e59fedd4 	ldr	lr, [pc, #3540]	@ 0x85a0
    77c8:	e7f6e0f8 	udf	#28168	@ 0x6e08
    77cc:	2a00000f 	bcs	0x7810
    77d0:	e083c006 	add	ip, r3, r6
    77d4:	e59c1000 	ldr	r1, [ip]
    77d8:	e59c2004 	ldr	r2, [ip, #4]
    77dc:	e2877010 	add	r7, r7, #16
    77e0:	e595303c 	ldr	r3, [r5, #60]	@ 0x3c
    77e4:	e5837008 	str	r7, [r3, #8]
    77e8:	e3500000 	cmp	r0, #0
    77ec:	13e01000 	mvnne	r1, #0
    77f0:	13e02000 	mvnne	r2, #0
    77f4:	e5841028 	str	r1, [r4, #40]	@ 0x28
    77f8:	e584202c 	str	r2, [r4, #44]	@ 0x2c
    77fc:	e59f0da0 	ldr	r0, [pc, #3488]	@ 0x85a4
    7800:	e30ccabc 	movw	ip, #51900	@ 0xcabc
    7804:	e34ccdef 	movt	ip, #52719	@ 0xcdef
    7808:	e28dd008 	add	sp, sp, #8
    780c:	e8bd81c0 	pop	{r6, r7, r8, pc}
    7810:	e3a00008 	mov	r0, #8
    7814:	e59d1000 	ldr	r1, [sp]
    7818:	e5810010 	str	r0, [r1, #16]
    781c:	e59d0000 	ldr	r0, [sp]
    7820:	e59d1014 	ldr	r1, [sp, #20]
    7824:	e59fcd7c 	ldr	ip, [pc, #3452]	@ 0x85a8
    7828:	e12fff3c 	blx	ip
    782c:	e28dd008 	add	sp, sp, #8
    7830:	e8bd01c0 	pop	{r6, r7, r8}
    7834:	e28dd004 	add	sp, sp, #4
    7838:	e12fff10 	bx	r0
    783c:	e92d40c0 	push	{r6, r7, lr}
    7840:	e24dd004 	sub	sp, sp, #4
    7844:	e58d0000 	str	r0, [sp]
    7848:	e30cc123 	movw	ip, #49443	@ 0xc123
    784c:	e34cc456 	movt	ip, #50262	@ 0xc456
    7850:	e5940000 	ldr	r0, [r4]
    7854:	e5941004 	ldr	r1, [r4, #4]
    7858:	e5942008 	ldr	r2, [r4, #8]
    785c:	e594300c 	ldr	r3, [r4, #12]
    7860:	e1a07000 	mov	r7, r0
    7864:	e5956030 	ldr	r6, [r5, #48]	@ 0x30
    7868:	e59fed00 	ldr	lr, [pc, #3328]	@ 0x8570
    786c:	e7f7e3fc 	udf	#32316	@ 0x7e3c
    7870:	2a000014 	bcs	0x78c8
    7874:	e7e067f4 			@ <UNDEFINED> instruction: 0xe7e067f4
    7878:	e5840010 	str	r0, [r4, #16]
    787c:	e5841004 	str	r1, [r4, #4]
    7880:	e5842008 	str	r2, [r4, #8]
    7884:	e584300c 	str	r3, [r4, #12]
    7888:	e59f0d1c 	ldr	r0, [pc, #3356]	@ 0x85ac
    788c:	e1a01004 	mov	r1, r4
    7890:	e59d2000 	ldr	r2, [sp]
    7894:	e59fcd14 	ldr	ip, [pc, #3348]	@ 0x85b0
    7898:	e12fff3c 	blx	ip
    789c:	e3500000 	cmp	r0, #0
    78a0:	1a00000b 	bne	0x78d4
    78a4:	e5940010 	ldr	r0, [r4, #16]
    78a8:	e5941014 	ldr	r1, [r4, #20]
    78ac:	e5840010 	str	r0, [r4, #16]
    78b0:	e5841014 	str	r1, [r4, #20]
    78b4:	e59f0cf8 	ldr	r0, [pc, #3320]	@ 0x85b4
    78b8:	e30ccabc 	movw	ip, #51900	@ 0xcabc
    78bc:	e34ccdef 	movt	ip, #52719	@ 0xcdef
    78c0:	e28dd004 	add	sp, sp, #4
    78c4:	e8bd80c0 	pop	{r6, r7, pc}
    78c8:	e3a00008 	mov	r0, #8
    78cc:	e59d1000 	ldr	r1, [sp]
    78d0:	e5810010 	str	r0, [r1, #16]
    78d4:	e59d0000 	ldr	r0, [sp]
    78d8:	e59d100c 	ldr	r1, [sp, #12]
    78dc:	e59fccd4 	ldr	ip, [pc, #3284]	@ 0x85b8
    78e0:	e12fff3c 	blx	ip
    78e4:	e28dd004 	add	sp, sp, #4
    78e8:	e8bd00c0 	pop	{r6, r7}
    78ec:	e28dd004 	add	sp, sp, #4
    78f0:	e12fff10 	bx	r0
    78f4:	e52de004 	push	{lr}		@ (str lr, [sp, #-4]!)
    78f8:	e24dd004 	sub	sp, sp, #4
    78fc:	e58d0000 	str	r0, [sp]
    7900:	e30cc123 	movw	ip, #49443	@ 0xc123
    7904:	e34cc456 	movt	ip, #50262	@ 0xc456
    7908:	e5950044 	ldr	r0, [r5, #68]	@ 0x44
    790c:	e3a0eb40 	mov	lr, #64, 22	@ 0x10000
    7910:	e580e008 	str	lr, [r0, #8]
    7914:	e3a0c000 	mov	ip, #0
    7918:	e28c000f 	add	r0, ip, #15
    791c:	e3c0000f 	bic	r0, r0, #15
    7920:	e5951040 	ldr	r1, [r5, #64]	@ 0x40
    7924:	e5810008 	str	r0, [r1, #8]
    7928:	e59f0c8c 	ldr	r0, [pc, #3212]	@ 0x85bc
    792c:	e30ccabc 	movw	ip, #51900	@ 0xcabc
    7930:	e34ccdef 	movt	ip, #52719	@ 0xcdef
    7934:	e28dd004 	add	sp, sp, #4
    7938:	e49df004 	pop	{pc}		@ (ldr pc, [sp], #4)
    793c:	e52de004 	push	{lr}		@ (str lr, [sp, #-4]!)
    7940:	e24dd004 	sub	sp, sp, #4
    7944:	e58d0000 	str	r0, [sp]
    7948:	e30cc123 	movw	ip, #49443	@ 0xc123
    794c:	e34cc456 	movt	ip, #50262	@ 0xc456
    7950:	e595e03c 	ldr	lr, [r5, #60]	@ 0x3c
    7954:	e59e0008 	ldr	r0, [lr, #8]
    7958:	e595e040 	ldr	lr, [r5, #64]	@ 0x40
    795c:	e59e1008 	ldr	r1, [lr, #8]
    7960:	e0400001 	sub	r0, r0, r1
    7964:	e5840000 	str	r0, [r4]
    7968:	e59f0c50 	ldr	r0, [pc, #3152]	@ 0x85c0
    796c:	e30ccabc 	movw	ip, #51900	@ 0xcabc
    7970:	e34ccdef 	movt	ip, #52719	@ 0xcdef
    7974:	e28dd004 	add	sp, sp, #4
    7978:	e49df004 	pop	{pc}		@ (ldr pc, [sp], #4)
    797c:	e52de004 	push	{lr}		@ (str lr, [sp, #-4]!)
    7980:	e24dd004 	sub	sp, sp, #4
    7984:	e58d0000 	str	r0, [sp]
    7988:	e30cc123 	movw	ip, #49443	@ 0xc123
    798c:	e34cc456 	movt	ip, #50262	@ 0xc456
    7990:	e595e044 	ldr	lr, [r5, #68]	@ 0x44
    7994:	e59e0008 	ldr	r0, [lr, #8]
    7998:	e5840000 	str	r0, [r4]
    799c:	e59f0c20 	ldr	r0, [pc, #3104]	@ 0x85c4
    79a0:	e30ccabc 	movw	ip, #51900	@ 0xcabc
    79a4:	e34ccdef 	movt	ip, #52719	@ 0xcdef
    79a8:	e28dd004 	add	sp, sp, #4
    79ac:	e49df004 	pop	{pc}		@ (ldr pc, [sp], #4)
    79b0:	e52de004 	push	{lr}		@ (str lr, [sp, #-4]!)
    79b4:	e24dd004 	sub	sp, sp, #4
    79b8:	e58d0000 	str	r0, [sp]
    79bc:	e30cc123 	movw	ip, #49443	@ 0xc123
    79c0:	e34cc456 	movt	ip, #50262	@ 0xc456
    79c4:	e595e040 	ldr	lr, [r5, #64]	@ 0x40
    79c8:	e59e0008 	ldr	r0, [lr, #8]
    79cc:	e5840000 	str	r0, [r4]
    79d0:	e59f0bf0 	ldr	r0, [pc, #3056]	@ 0x85c8
    79d4:	e30ccabc 	movw	ip, #51900	@ 0xcabc
    79d8:	e34ccdef 	movt	ip, #52719	@ 0xcdef
    79dc:	e28dd004 	add	sp, sp, #4
    79e0:	e49df004 	pop	{pc}		@ (ldr pc, [sp], #4)
    79e4:	e92d4fc0 	push	{r6, r7, r8, r9, sl, fp, lr}
    79e8:	e24dd004 	sub	sp, sp, #4
    79ec:	e58d0000 	str	r0, [sp]
    79f0:	e30cc123 	movw	ip, #49443	@ 0xc123
    79f4:	e34cc456 	movt	ip, #50262	@ 0xc456
    79f8:	e5947014 	ldr	r7, [r4, #20]
    79fc:	e3170040 	tst	r7, #64	@ 0x40
    7a00:	0a000018 	beq	0x7a68
    7a04:	e2478040 	sub	r8, r7, #64	@ 0x40
    7a08:	e3a09000 	mov	r9, #0
    7a0c:	e1a0a008 	mov	sl, r8
    7a10:	e5943004 	ldr	r3, [r4, #4]
    7a14:	e31a0020 	tst	sl, #32
    7a18:	1a000008 	bne	0x7a40
    7a1c:	e5946008 	ldr	r6, [r4, #8]
    7a20:	e20aa01f 	and	sl, sl, #31
    7a24:	e1a06a16 	lsl	r6, r6, sl
    7a28:	e1a0c0a3 	lsr	ip, r3, #1
    7a2c:	e22ae01f 	eor	lr, sl, #31
    7a30:	e1866e3c 	orr	r6, r6, ip, lsr lr
    7a34:	e1a0ea13 	lsl	lr, r3, sl
    7a38:	e584e00c 	str	lr, [r4, #12]
    7a3c:	ea000003 	b	0x7a50
    7a40:	e20ae01f 	and	lr, sl, #31
    7a44:	e1a06e13 	lsl	r6, r3, lr
    7a48:	e3a0e000 	mov	lr, #0
    7a4c:	e584e00c 	str	lr, [r4, #12]
    7a50:	e5846010 	str	r6, [r4, #16]
    7a54:	e3a0e000 	mov	lr, #0
    7a58:	e584e004 	str	lr, [r4, #4]
    7a5c:	e3a0e000 	mov	lr, #0
    7a60:	e584e008 	str	lr, [r4, #8]
    7a64:	ea00003b 	b	0x7b58
    7a68:	e3570000 	cmp	r7, #0
    7a6c:	0a000039 	beq	0x7b58
    7a70:	e2678040 	rsb	r8, r7, #64	@ 0x40
    7a74:	e3a09000 	mov	r9, #0
    7a78:	e1a00008 	mov	r0, r8
    7a7c:	e594b008 	ldr	fp, [r4, #8]
    7a80:	e3100020 	tst	r0, #32
    7a84:	1a000007 	bne	0x7aa8
    7a88:	e594a004 	ldr	sl, [r4, #4]
    7a8c:	e200001f 	and	r0, r0, #31
    7a90:	e1a0a03a 	lsr	sl, sl, r0
    7a94:	e1a0c08b 	lsl	ip, fp, #1
    7a98:	e220e01f 	eor	lr, r0, #31
    7a9c:	e18aae1c 	orr	sl, sl, ip, lsl lr
    7aa0:	e1a0b03b 	lsr	fp, fp, r0
    7aa4:	ea000002 	b	0x7ab4
    7aa8:	e200e01f 	and	lr, r0, #31
    7aac:	e1a0ae3b 	lsr	sl, fp, lr
    7ab0:	e3a0b000 	mov	fp, #0
    7ab4:	e1a00007 	mov	r0, r7
    7ab8:	e3a07000 	mov	r7, #0
    7abc:	e1a08000 	mov	r8, r0
    7ac0:	e1a09007 	mov	r9, r7
    7ac4:	e1a01000 	mov	r1, r0
    7ac8:	e594600c 	ldr	r6, [r4, #12]
    7acc:	e3110020 	tst	r1, #32
    7ad0:	1a000007 	bne	0x7af4
    7ad4:	e5943010 	ldr	r3, [r4, #16]
    7ad8:	e201101f 	and	r1, r1, #31
    7adc:	e1a03113 	lsl	r3, r3, r1
    7ae0:	e1a0c0a6 	lsr	ip, r6, #1
    7ae4:	e221e01f 	eor	lr, r1, #31
    7ae8:	e1833e3c 	orr	r3, r3, ip, lsr lr
    7aec:	e1a06116 	lsl	r6, r6, r1
    7af0:	ea000002 	b	0x7b00
    7af4:	e201e01f 	and	lr, r1, #31
    7af8:	e1a03e16 	lsl	r3, r6, lr
    7afc:	e3a06000 	mov	r6, #0
    7b00:	e18ae006 	orr	lr, sl, r6
    7b04:	e584e00c 	str	lr, [r4, #12]
    7b08:	e18be003 	orr	lr, fp, r3
    7b0c:	e584e010 	str	lr, [r4, #16]
    7b10:	e1a02008 	mov	r2, r8
    7b14:	e5941004 	ldr	r1, [r4, #4]
    7b18:	e3120020 	tst	r2, #32
    7b1c:	1a000008 	bne	0x7b44
    7b20:	e5940008 	ldr	r0, [r4, #8]
    7b24:	e202201f 	and	r2, r2, #31
    7b28:	e1a00210 	lsl	r0, r0, r2
    7b2c:	e1a0c0a1 	lsr	ip, r1, #1
    7b30:	e222e01f 	eor	lr, r2, #31
    7b34:	e1800e3c 	orr	r0, r0, ip, lsr lr
    7b38:	e1a0e211 	lsl	lr, r1, r2
    7b3c:	e584e004 	str	lr, [r4, #4]
    7b40:	ea000003 	b	0x7b54
    7b44:	e202e01f 	and	lr, r2, #31
    7b48:	e1a00e11 	lsl	r0, r1, lr
    7b4c:	e3a0e000 	mov	lr, #0
    7b50:	e584e004 	str	lr, [r4, #4]
    7b54:	e5840008 	str	r0, [r4, #8]
    7b58:	e5941000 	ldr	r1, [r4]
    7b5c:	e5950030 	ldr	r0, [r5, #48]	@ 0x30
    7b60:	e5942004 	ldr	r2, [r4, #4]
    7b64:	e59fca34 	ldr	ip, [pc, #2612]	@ 0x85a0
    7b68:	e151000c 	cmp	r1, ip
    7b6c:	8a000012 	bhi	0x7bbc
    7b70:	e0800001 	add	r0, r0, r1
    7b74:	e5941008 	ldr	r1, [r4, #8]
    7b78:	e5802000 	str	r2, [r0]
    7b7c:	e5801004 	str	r1, [r0, #4]
    7b80:	e5941000 	ldr	r1, [r4]
    7b84:	e5950030 	ldr	r0, [r5, #48]	@ 0x30
    7b88:	e594200c 	ldr	r2, [r4, #12]
    7b8c:	e59fea0c 	ldr	lr, [pc, #2572]	@ 0x85a0
    7b90:	e7f1e0f8 	udf	#7688	@ 0x1e08
    7b94:	2a000008 	bcs	0x7bbc
    7b98:	e0800001 	add	r0, r0, r1
    7b9c:	e5941010 	ldr	r1, [r4, #16]
    7ba0:	e5802000 	str	r2, [r0]
    7ba4:	e5801004 	str	r1, [r0, #4]
    7ba8:	e59f0a1c 	ldr	r0, [pc, #2588]	@ 0x85cc
    7bac:	e30ccabc 	movw	ip, #51900	@ 0xcabc
    7bb0:	e34ccdef 	movt	ip, #52719	@ 0xcdef
    7bb4:	e28dd004 	add	sp, sp, #4
    7bb8:	e8bd8fc0 	pop	{r6, r7, r8, r9, sl, fp, pc}
    7bbc:	e3a00008 	mov	r0, #8
    7bc0:	e59d1000 	ldr	r1, [sp]
    7bc4:	e5810010 	str	r0, [r1, #16]
    7bc8:	e59d0000 	ldr	r0, [sp]
    7bcc:	e59d101c 	ldr	r1, [sp, #28]
    7bd0:	e59fc9f8 	ldr	ip, [pc, #2552]	@ 0x85d0
    7bd4:	e12fff3c 	blx	ip
    7bd8:	e28dd004 	add	sp, sp, #4
    7bdc:	e8bd0fc0 	pop	{r6, r7, r8, r9, sl, fp}
    7be0:	e28dd004 	add	sp, sp, #4
    7be4:	e12fff10 	bx	r0
    7be8:	e92d4fc0 	push	{r6, r7, r8, r9, sl, fp, lr}
    7bec:	e24dd004 	sub	sp, sp, #4
    7bf0:	e58d0000 	str	r0, [sp]
    7bf4:	e30cc123 	movw	ip, #49443	@ 0xc123
    7bf8:	e34cc456 	movt	ip, #50262	@ 0xc456
    7bfc:	e5947014 	ldr	r7, [r4, #20]
    7c00:	e3170040 	tst	r7, #64	@ 0x40
    7c04:	0a000018 	beq	0x7c6c
    7c08:	e2478040 	sub	r8, r7, #64	@ 0x40
    7c0c:	e3a09000 	mov	r9, #0
    7c10:	e1a0a008 	mov	sl, r8
    7c14:	e5942010 	ldr	r2, [r4, #16]
    7c18:	e31a0020 	tst	sl, #32
    7c1c:	1a000008 	bne	0x7c44
    7c20:	e594100c 	ldr	r1, [r4, #12]
    7c24:	e20aa01f 	and	sl, sl, #31
    7c28:	e1a01a31 	lsr	r1, r1, sl
    7c2c:	e1a0c082 	lsl	ip, r2, #1
    7c30:	e22ae01f 	eor	lr, sl, #31
    7c34:	e1811e1c 	orr	r1, r1, ip, lsl lr
    7c38:	e1a0ea32 	lsr	lr, r2, sl
    7c3c:	e584e008 	str	lr, [r4, #8]
    7c40:	ea000003 	b	0x7c54
    7c44:	e20ae01f 	and	lr, sl, #31
    7c48:	e1a01e32 	lsr	r1, r2, lr
    7c4c:	e3a0e000 	mov	lr, #0
    7c50:	e584e008 	str	lr, [r4, #8]
    7c54:	e5841004 	str	r1, [r4, #4]
    7c58:	e3a0e000 	mov	lr, #0
    7c5c:	e584e00c 	str	lr, [r4, #12]
    7c60:	e3a0e000 	mov	lr, #0
    7c64:	e584e010 	str	lr, [r4, #16]
    7c68:	ea00003b 	b	0x7d5c
    7c6c:	e3570000 	cmp	r7, #0
    7c70:	0a000039 	beq	0x7d5c
    7c74:	e2678040 	rsb	r8, r7, #64	@ 0x40
    7c78:	e3a09000 	mov	r9, #0
    7c7c:	e1a00008 	mov	r0, r8
    7c80:	e594a00c 	ldr	sl, [r4, #12]
    7c84:	e3100020 	tst	r0, #32
    7c88:	1a000007 	bne	0x7cac
    7c8c:	e594b010 	ldr	fp, [r4, #16]
    7c90:	e200001f 	and	r0, r0, #31
    7c94:	e1a0b01b 	lsl	fp, fp, r0
    7c98:	e1a0c0aa 	lsr	ip, sl, #1
    7c9c:	e220e01f 	eor	lr, r0, #31
    7ca0:	e18bbe3c 	orr	fp, fp, ip, lsr lr
    7ca4:	e1a0a01a 	lsl	sl, sl, r0
    7ca8:	ea000002 	b	0x7cb8
    7cac:	e200e01f 	and	lr, r0, #31
    7cb0:	e1a0be1a 	lsl	fp, sl, lr
    7cb4:	e3a0a000 	mov	sl, #0
    7cb8:	e1a00007 	mov	r0, r7
    7cbc:	e3a07000 	mov	r7, #0
    7cc0:	e1a08000 	mov	r8, r0
    7cc4:	e1a09007 	mov	r9, r7
    7cc8:	e1a01000 	mov	r1, r0
    7ccc:	e5943008 	ldr	r3, [r4, #8]
    7cd0:	e3110020 	tst	r1, #32
    7cd4:	1a000007 	bne	0x7cf8
    7cd8:	e5946004 	ldr	r6, [r4, #4]
    7cdc:	e201101f 	and	r1, r1, #31
    7ce0:	e1a06136 	lsr	r6, r6, r1
    7ce4:	e1a0c083 	lsl	ip, r3, #1
    7ce8:	e221e01f 	eor	lr, r1, #31
    7cec:	e1866e1c 	orr	r6, r6, ip, lsl lr
    7cf0:	e1a03133 	lsr	r3, r3, r1
    7cf4:	ea000002 	b	0x7d04
    7cf8:	e201e01f 	and	lr, r1, #31
    7cfc:	e1a06e33 	lsr	r6, r3, lr
    7d00:	e3a03000 	mov	r3, #0
    7d04:	e18ae006 	orr	lr, sl, r6
    7d08:	e584e004 	str	lr, [r4, #4]
    7d0c:	e18be003 	orr	lr, fp, r3
    7d10:	e584e008 	str	lr, [r4, #8]
    7d14:	e1a02008 	mov	r2, r8
    7d18:	e5940010 	ldr	r0, [r4, #16]
    7d1c:	e3120020 	tst	r2, #32
    7d20:	1a000008 	bne	0x7d48
    7d24:	e594100c 	ldr	r1, [r4, #12]
    7d28:	e202201f 	and	r2, r2, #31
    7d2c:	e1a01231 	lsr	r1, r1, r2
    7d30:	e1a0c080 	lsl	ip, r0, #1
    7d34:	e222e01f 	eor	lr, r2, #31
    7d38:	e1811e1c 	orr	r1, r1, ip, lsl lr
    7d3c:	e1a0e230 	lsr	lr, r0, r2
    7d40:	e584e010 	str	lr, [r4, #16]
    7d44:	ea000003 	b	0x7d58
    7d48:	e202e01f 	and	lr, r2, #31
    7d4c:	e1a01e30 	lsr	r1, r0, lr
    7d50:	e3a0e000 	mov	lr, #0
    7d54:	e584e010 	str	lr, [r4, #16]
    7d58:	e584100c 	str	r1, [r4, #12]
    7d5c:	e5941000 	ldr	r1, [r4]
    7d60:	e5950030 	ldr	r0, [r5, #48]	@ 0x30
    7d64:	e5942004 	ldr	r2, [r4, #4]
    7d68:	e59fc830 	ldr	ip, [pc, #2096]	@ 0x85a0
    7d6c:	e151000c 	cmp	r1, ip
    7d70:	8a000012 	bhi	0x7dc0
    7d74:	e0800001 	add	r0, r0, r1
    7d78:	e5941008 	ldr	r1, [r4, #8]
    7d7c:	e5802000 	str	r2, [r0]
    7d80:	e5801004 	str	r1, [r0, #4]
    7d84:	e5941000 	ldr	r1, [r4]
    7d88:	e5950030 	ldr	r0, [r5, #48]	@ 0x30
    7d8c:	e594200c 	ldr	r2, [r4, #12]
    7d90:	e59fe808 	ldr	lr, [pc, #2056]	@ 0x85a0
    7d94:	e7f1e0f8 	udf	#7688	@ 0x1e08
    7d98:	2a000008 	bcs	0x7dc0
    7d9c:	e0800001 	add	r0, r0, r1
    7da0:	e5941010 	ldr	r1, [r4, #16]
    7da4:	e5802000 	str	r2, [r0]
    7da8:	e5801004 	str	r1, [r0, #4]
    7dac:	e59f0820 	ldr	r0, [pc, #2080]	@ 0x85d4
    7db0:	e30ccabc 	movw	ip, #51900	@ 0xcabc
    7db4:	e34ccdef 	movt	ip, #52719	@ 0xcdef
    7db8:	e28dd004 	add	sp, sp, #4
    7dbc:	e8bd8fc0 	pop	{r6, r7, r8, r9, sl, fp, pc}
    7dc0:	e3a00008 	mov	r0, #8
    7dc4:	e59d1000 	ldr	r1, [sp]
    7dc8:	e5810010 	str	r0, [r1, #16]
    7dcc:	e59d0000 	ldr	r0, [sp]
    7dd0:	e59d101c 	ldr	r1, [sp, #28]
    7dd4:	e59fc7fc 	ldr	ip, [pc, #2044]	@ 0x85d8
    7dd8:	e12fff3c 	blx	ip
    7ddc:	e28dd004 	add	sp, sp, #4
    7de0:	e8bd0fc0 	pop	{r6, r7, r8, r9, sl, fp}
    7de4:	e28dd004 	add	sp, sp, #4
    7de8:	e12fff10 	bx	r0
    7dec:	e92d4fc0 	push	{r6, r7, r8, r9, sl, fp, lr}
    7df0:	e24dd004 	sub	sp, sp, #4
    7df4:	e58d0000 	str	r0, [sp]
    7df8:	e30cc123 	movw	ip, #49443	@ 0xc123
    7dfc:	e34cc456 	movt	ip, #50262	@ 0xc456
    7e00:	e595e03c 	ldr	lr, [r5, #60]	@ 0x3c
    7e04:	e59e0008 	ldr	r0, [lr, #8]
    7e08:	e2400020 	sub	r0, r0, #32
    7e0c:	e5840010 	str	r0, [r4, #16]
    7e10:	e595103c 	ldr	r1, [r5, #60]	@ 0x3c
    7e14:	e5810008 	str	r0, [r1, #8]
    7e18:	e5940008 	ldr	r0, [r4, #8]
    7e1c:	e594100c 	ldr	r1, [r4, #12]
    7e20:	e3c0e000 	bic	lr, r0, #0
    7e24:	e584e024 	str	lr, [r4, #36]	@ 0x24
    7e28:	e3a0ccff 	mov	ip, #65280	@ 0xff00
    7e2c:	e38cc0ff 	orr	ip, ip, #255	@ 0xff
    7e30:	e001e00c 	and	lr, r1, ip
    7e34:	e584e028 	str	lr, [r4, #40]	@ 0x28
    7e38:	e594c00c 	ldr	ip, [r4, #12]
    7e3c:	e1a0282c 	lsr	r2, ip, #16
    7e40:	e3a03000 	mov	r3, #0
    7e44:	e3a0cc7f 	mov	ip, #32512	@ 0x7f00
    7e48:	e38cc0ff 	orr	ip, ip, #255	@ 0xff
    7e4c:	e002200c 	and	r2, r2, ip
    7e50:	e2033000 	and	r3, r3, #0
    7e54:	e1a09002 	mov	r9, r2
    7e58:	e1a08003 	mov	r8, r3
    7e5c:	e5842014 	str	r2, [r4, #20]
    7e60:	e2422c3c 	sub	r2, r2, #60, 24	@ 0x3c00
    7e64:	e2422001 	sub	r2, r2, #1
    7e68:	e3a0cc07 	mov	ip, #1792	@ 0x700
    7e6c:	e38cc0fd 	orr	ip, ip, #253	@ 0xfd
    7e70:	e152000c 	cmp	r2, ip
    7e74:	8a000035 	bhi	0x7f50
    7e78:	e594c004 	ldr	ip, [r4, #4]
    7e7c:	e1a02e2c 	lsr	r2, ip, #28
    7e80:	e3a0b000 	mov	fp, #0
    7e84:	e5946028 	ldr	r6, [r4, #40]	@ 0x28
    7e88:	e5947024 	ldr	r7, [r4, #36]	@ 0x24
    7e8c:	e1a06206 	lsl	r6, r6, #4
    7e90:	e1866e27 	orr	r6, r6, r7, lsr #28
    7e94:	e1a07207 	lsl	r7, r7, #4
    7e98:	e1822007 	orr	r2, r2, r7
    7e9c:	e18bb006 	orr	fp, fp, r6
    7ea0:	e594c014 	ldr	ip, [r4, #20]
    7ea4:	e24c6df0 	sub	r6, ip, #240, 26	@ 0x3c00
    7ea8:	e3a07000 	mov	r7, #0
    7eac:	e5943000 	ldr	r3, [r4]
    7eb0:	e594a004 	ldr	sl, [r4, #4]
    7eb4:	e3c33000 	bic	r3, r3, #0
    7eb8:	e3caa4f0 	bic	sl, sl, #240, 8	@ 0xf0000000
    7ebc:	e1a01003 	mov	r1, r3
    7ec0:	e1a0000a 	mov	r0, sl
    7ec4:	e3530001 	cmp	r3, #1
    7ec8:	e2dac680 	sbcs	ip, sl, #128, 12	@ 0x8000000
    7ecc:	3a000002 	bcc	0x7edc
    7ed0:	e2922001 	adds	r2, r2, #1
    7ed4:	e2abb000 	adc	fp, fp, #0
    7ed8:	ea000007 	b	0x7efc
    7edc:	e3500680 	cmp	r0, #128, 12	@ 0x8000000
    7ee0:	1a000000 	bne	0x7ee8
    7ee4:	e3510000 	cmp	r1, #0
    7ee8:	1a000003 	bne	0x7efc
    7eec:	e2020001 	and	r0, r2, #1
    7ef0:	e20b1000 	and	r1, fp, #0
    7ef4:	e0902002 	adds	r2, r0, r2
    7ef8:	e0a1b00b 	adc	fp, r1, fp
    7efc:	e3e0c000 	mvn	ip, #0
    7f00:	e15c0002 	cmp	ip, r2
    7f04:	e3e0c20f 	mvn	ip, #-268435456	@ 0xf0000000
    7f08:	e3ccc6ff 	bic	ip, ip, #267386880	@ 0xff00000
    7f0c:	e0dcc00b 	sbcs	ip, ip, fp
    7f10:	e3a00000 	mov	r0, #0
    7f14:	33a00001 	movcc	r0, #1
    7f18:	e1a01000 	mov	r1, r0
    7f1c:	e3500000 	cmp	r0, #0
    7f20:	13a02000 	movne	r2, #0
    7f24:	e1a0e00b 	mov	lr, fp
    7f28:	13a0e000 	movne	lr, #0
    7f2c:	e5842000 	str	r2, [r4]
    7f30:	e584e004 	str	lr, [r4, #4]
    7f34:	e1a00001 	mov	r0, r1
    7f38:	e3a01000 	mov	r1, #0
    7f3c:	e090e006 	adds	lr, r0, r6
    7f40:	e584e024 	str	lr, [r4, #36]	@ 0x24
    7f44:	e0a1e007 	adc	lr, r1, r7
    7f48:	e584e028 	str	lr, [r4, #40]	@ 0x28
    7f4c:	ea0000c6 	b	0x826c
    7f50:	e5943000 	ldr	r3, [r4]
    7f54:	e5946004 	ldr	r6, [r4, #4]
    7f58:	e594c024 	ldr	ip, [r4, #36]	@ 0x24
    7f5c:	e183300c 	orr	r3, r3, ip
    7f60:	e594c028 	ldr	ip, [r4, #40]	@ 0x28
    7f64:	e186600c 	orr	r6, r6, ip
    7f68:	e193c006 	orrs	ip, r3, r6
    7f6c:	0a000019 	beq	0x7fd8
    7f70:	e3580000 	cmp	r8, #0
    7f74:	1a000002 	bne	0x7f84
    7f78:	e3a0cc7f 	mov	ip, #32512	@ 0x7f00
    7f7c:	e38cc0ff 	orr	ip, ip, #255	@ 0xff
    7f80:	e159000c 	cmp	r9, ip
    7f84:	1a000013 	bne	0x7fd8
    7f88:	e594c004 	ldr	ip, [r4, #4]
    7f8c:	e1a03e2c 	lsr	r3, ip, #28
    7f90:	e3a06000 	mov	r6, #0
    7f94:	e594a028 	ldr	sl, [r4, #40]	@ 0x28
    7f98:	e5947024 	ldr	r7, [r4, #36]	@ 0x24
    7f9c:	e1a0a20a 	lsl	sl, sl, #4
    7fa0:	e18aae27 	orr	sl, sl, r7, lsr #28
    7fa4:	e1a07207 	lsl	r7, r7, #4
    7fa8:	e1833007 	orr	r3, r3, r7
    7fac:	e186600a 	orr	r6, r6, sl
    7fb0:	e383e000 	orr	lr, r3, #0
    7fb4:	e584e000 	str	lr, [r4]
    7fb8:	e386ea80 	orr	lr, r6, #128, 20	@ 0x80000
    7fbc:	e584e004 	str	lr, [r4, #4]
    7fc0:	e3a0ec07 	mov	lr, #1792	@ 0x700
    7fc4:	e38ee0ff 	orr	lr, lr, #255	@ 0xff
    7fc8:	e584e024 	str	lr, [r4, #36]	@ 0x24
    7fcc:	e3a0e000 	mov	lr, #0
    7fd0:	e584e028 	str	lr, [r4, #40]	@ 0x28
    7fd4:	ea0000a4 	b	0x826c
    7fd8:	e594c014 	ldr	ip, [r4, #20]
    7fdc:	e3a0ec43 	mov	lr, #17152	@ 0x4300
    7fe0:	e38ee0fe 	orr	lr, lr, #254	@ 0xfe
    7fe4:	e15c000e 	cmp	ip, lr
    7fe8:	9a000009 	bls	0x8014
    7fec:	e3a0ec07 	mov	lr, #1792	@ 0x700
    7ff0:	e38ee0ff 	orr	lr, lr, #255	@ 0xff
    7ff4:	e584e024 	str	lr, [r4, #36]	@ 0x24
    7ff8:	e3a0e000 	mov	lr, #0
    7ffc:	e584e028 	str	lr, [r4, #40]	@ 0x28
    8000:	e3a0e000 	mov	lr, #0
    8004:	e584e000 	str	lr, [r4]
    8008:	e3a0e000 	mov	lr, #0
    800c:	e584e004 	str	lr, [r4, #4]
    8010:	ea000095 	b	0x826c
    8014:	e199c008 	orrs	ip, r9, r8
    8018:	e3a03000 	mov	r3, #0
    801c:	03a03001 	moveq	r3, #1
    8020:	e1a06003 	mov	r6, r3
    8024:	e3530000 	cmp	r3, #0
    8028:	e3a07df0 	mov	r7, #240, 26	@ 0x3c00
    802c:	e3a0cc3c 	mov	ip, #60, 24	@ 0x3c00
    8030:	e38cc001 	orr	ip, ip, #1
    8034:	01a0700c 	moveq	r7, ip
    8038:	e1a03007 	mov	r3, r7
    803c:	e594c014 	ldr	ip, [r4, #20]
    8040:	e047700c 	sub	r7, r7, ip
    8044:	e1a08007 	mov	r8, r7
    8048:	e3570070 	cmp	r7, #112	@ 0x70
    804c:	da000008 	ble	0x8074
    8050:	e3a0e000 	mov	lr, #0
    8054:	e584e000 	str	lr, [r4]
    8058:	e3a0e000 	mov	lr, #0
    805c:	e584e004 	str	lr, [r4, #4]
    8060:	e3a0e000 	mov	lr, #0
    8064:	e584e024 	str	lr, [r4, #36]	@ 0x24
    8068:	e3a0e000 	mov	lr, #0
    806c:	e584e028 	str	lr, [r4, #40]	@ 0x28
    8070:	ea00007d 	b	0x826c
    8074:	e5947024 	ldr	r7, [r4, #36]	@ 0x24
    8078:	e5949028 	ldr	r9, [r4, #40]	@ 0x28
    807c:	e3877000 	orr	r7, r7, #0
    8080:	e3899b40 	orr	r9, r9, #64, 22	@ 0x10000
    8084:	e3560000 	cmp	r6, #0
    8088:	e594c024 	ldr	ip, [r4, #36]	@ 0x24
    808c:	11a0700c 	movne	r7, ip
    8090:	e594c028 	ldr	ip, [r4, #40]	@ 0x28
    8094:	11a0900c 	movne	r9, ip
    8098:	e3a06000 	mov	r6, #0
    809c:	e594c014 	ldr	ip, [r4, #20]
    80a0:	e153000c 	cmp	r3, ip
    80a4:	0a000024 	beq	0x813c
    80a8:	e594c010 	ldr	ip, [r4, #16]
    80ac:	e28c3010 	add	r3, ip, #16
    80b0:	e268a080 	rsb	sl, r8, #128	@ 0x80
    80b4:	e5843058 	str	r3, [r4, #88]	@ 0x58
    80b8:	e5847024 	str	r7, [r4, #36]	@ 0x24
    80bc:	e5849028 	str	r9, [r4, #40]	@ 0x28
    80c0:	e584a06c 	str	sl, [r4, #108]	@ 0x6c
    80c4:	e59f0510 	ldr	r0, [pc, #1296]	@ 0x85dc
    80c8:	e1a01004 	mov	r1, r4
    80cc:	e59d2000 	ldr	r2, [sp]
    80d0:	e59fc508 	ldr	ip, [pc, #1288]	@ 0x85e0
    80d4:	e12fff3c 	blx	ip
    80d8:	e3500000 	cmp	r0, #0
    80dc:	1a00007d 	bne	0x82d8
    80e0:	e594b010 	ldr	fp, [r4, #16]
    80e4:	e5952030 	ldr	r2, [r5, #48]	@ 0x30
    80e8:	e59fe4b0 	ldr	lr, [pc, #1200]	@ 0x85a0
    80ec:	e7fbe1f0 	udf	#48656	@ 0xbe10
    80f0:	2a000075 	bcs	0x82cc
    80f4:	e082c00b 	add	ip, r2, fp
    80f8:	e59c3000 	ldr	r3, [ip]
    80fc:	e59ca004 	ldr	sl, [ip, #4]
    8100:	e5941010 	ldr	r1, [r4, #16]
    8104:	e5950030 	ldr	r0, [r5, #48]	@ 0x30
    8108:	e59fe490 	ldr	lr, [pc, #1168]	@ 0x85a0
    810c:	e7f1e1f8 	udf	#7704	@ 0x1e18
    8110:	2a00006d 	bcs	0x82cc
    8114:	e080c001 	add	ip, r0, r1
    8118:	e59c2000 	ldr	r2, [ip]
    811c:	e59cb004 	ldr	fp, [ip, #4]
    8120:	e1833002 	orr	r3, r3, r2
    8124:	e18aa00b 	orr	sl, sl, fp
    8128:	e35a0000 	cmp	sl, #0
    812c:	1a000000 	bne	0x8134
    8130:	e3530000 	cmp	r3, #0
    8134:	e3a06000 	mov	r6, #0
    8138:	13a06001 	movne	r6, #1
    813c:	e5847024 	str	r7, [r4, #36]	@ 0x24
    8140:	e5849028 	str	r9, [r4, #40]	@ 0x28
    8144:	e5848020 	str	r8, [r4, #32]
    8148:	e59f0494 	ldr	r0, [pc, #1172]	@ 0x85e4
    814c:	e1a01004 	mov	r1, r4
    8150:	e59d2000 	ldr	r2, [sp]
    8154:	e59fc48c 	ldr	ip, [pc, #1164]	@ 0x85e8
    8158:	e12fff3c 	blx	ip
    815c:	e3500000 	cmp	r0, #0
    8160:	1a00005c 	bne	0x82d8
    8164:	e5943010 	ldr	r3, [r4, #16]
    8168:	e5952030 	ldr	r2, [r5, #48]	@ 0x30
    816c:	e59fc42c 	ldr	ip, [pc, #1068]	@ 0x85a0
    8170:	e153000c 	cmp	r3, ip
    8174:	8a000054 	bhi	0x82cc
    8178:	e082c003 	add	ip, r2, r3
    817c:	e59c0000 	ldr	r0, [ip]
    8180:	e59c1004 	ldr	r1, [ip, #4]
    8184:	e1a02000 	mov	r2, r0
    8188:	e1a03001 	mov	r3, r1
    818c:	e1a00e21 	lsr	r0, r1, #28
    8190:	e3a01000 	mov	r1, #0
    8194:	e594a010 	ldr	sl, [r4, #16]
    8198:	e5959030 	ldr	r9, [r5, #48]	@ 0x30
    819c:	e59fe3fc 	ldr	lr, [pc, #1020]	@ 0x85a0
    81a0:	e7fae0f8 	udf	#44552	@ 0xae08
    81a4:	2a000048 	bcs	0x82cc
    81a8:	e089c00a 	add	ip, r9, sl
    81ac:	e59c7000 	ldr	r7, [ip]
    81b0:	e59c8004 	ldr	r8, [ip, #4]
    81b4:	e1a08208 	lsl	r8, r8, #4
    81b8:	e1888e27 	orr	r8, r8, r7, lsr #28
    81bc:	e1a07207 	lsl	r7, r7, #4
    81c0:	e1800007 	orr	r0, r0, r7
    81c4:	e1811008 	orr	r1, r1, r8
    81c8:	e3c22000 	bic	r2, r2, #0
    81cc:	e3c334f0 	bic	r3, r3, #240, 8	@ 0xf0000000
    81d0:	e3a07000 	mov	r7, #0
    81d4:	e1822006 	orr	r2, r2, r6
    81d8:	e1833007 	orr	r3, r3, r7
    81dc:	e1a06002 	mov	r6, r2
    81e0:	e1a07003 	mov	r7, r3
    81e4:	e3520001 	cmp	r2, #1
    81e8:	e2d3c680 	sbcs	ip, r3, #128, 12	@ 0x8000000
    81ec:	3a000002 	bcc	0x81fc
    81f0:	e2900001 	adds	r0, r0, #1
    81f4:	e2a11000 	adc	r1, r1, #0
    81f8:	ea000007 	b	0x821c
    81fc:	e3570680 	cmp	r7, #128, 12	@ 0x8000000
    8200:	1a000000 	bne	0x8208
    8204:	e3560000 	cmp	r6, #0
    8208:	1a000003 	bne	0x821c
    820c:	e2002001 	and	r2, r0, #1
    8210:	e2013000 	and	r3, r1, #0
    8214:	e0920000 	adds	r0, r2, r0
    8218:	e0a31001 	adc	r1, r3, r1
    821c:	e2202000 	eor	r2, r0, #0
    8220:	e2213940 	eor	r3, r1, #64, 18	@ 0x100000
    8224:	e3e0c000 	mvn	ip, #0
    8228:	e15c0000 	cmp	ip, r0
    822c:	e3e0c20f 	mvn	ip, #-268435456	@ 0xf0000000
    8230:	e3ccc6ff 	bic	ip, ip, #267386880	@ 0xff00000
    8234:	e0dcc001 	sbcs	ip, ip, r1
    8238:	e3a06000 	mov	r6, #0
    823c:	33a06001 	movcc	r6, #1
    8240:	e1a07006 	mov	r7, r6
    8244:	e3560000 	cmp	r6, #0
    8248:	e1a08002 	mov	r8, r2
    824c:	01a08000 	moveq	r8, r0
    8250:	e1a0e003 	mov	lr, r3
    8254:	01a0e001 	moveq	lr, r1
    8258:	e5848000 	str	r8, [r4]
    825c:	e584e004 	str	lr, [r4, #4]
    8260:	e5847024 	str	r7, [r4, #36]	@ 0x24
    8264:	e3a0e000 	mov	lr, #0
    8268:	e584e028 	str	lr, [r4, #40]	@ 0x28
    826c:	e594c010 	ldr	ip, [r4, #16]
    8270:	e28c0020 	add	r0, ip, #32
    8274:	e595103c 	ldr	r1, [r5, #60]	@ 0x3c
    8278:	e5810008 	str	r0, [r1, #8]
    827c:	e594c024 	ldr	ip, [r4, #36]	@ 0x24
    8280:	e1a01a0c 	lsl	r1, ip, #20
    8284:	e3a00000 	mov	r0, #0
    8288:	e5942008 	ldr	r2, [r4, #8]
    828c:	e594300c 	ldr	r3, [r4, #12]
    8290:	e2022000 	and	r2, r2, #0
    8294:	e2033480 	and	r3, r3, #128, 8	@ 0x80000000
    8298:	e1800002 	orr	r0, r0, r2
    829c:	e1811003 	orr	r1, r1, r3
    82a0:	e594c000 	ldr	ip, [r4]
    82a4:	e180000c 	orr	r0, r0, ip
    82a8:	e594c004 	ldr	ip, [r4, #4]
    82ac:	e181100c 	orr	r1, r1, ip
    82b0:	ec410a10 	vmov	s0, s1, r0, r1
    82b4:	ed840b16 	vstr	d0, [r4, #88]	@ 0x58
    82b8:	e59f032c 	ldr	r0, [pc, #812]	@ 0x85ec
    82bc:	e30ccabc 	movw	ip, #51900	@ 0xcabc
    82c0:	e34ccdef 	movt	ip, #52719	@ 0xcdef
    82c4:	e28dd004 	add	sp, sp, #4
    82c8:	e8bd8fc0 	pop	{r6, r7, r8, r9, sl, fp, pc}
    82cc:	e3a00008 	mov	r0, #8
    82d0:	e59d1000 	ldr	r1, [sp]
    82d4:	e5810010 	str	r0, [r1, #16]
    82d8:	e59d0000 	ldr	r0, [sp]
    82dc:	e59d101c 	ldr	r1, [sp, #28]
    82e0:	e59fc308 	ldr	ip, [pc, #776]	@ 0x85f0
    82e4:	e12fff3c 	blx	ip
    82e8:	e28dd004 	add	sp, sp, #4
    82ec:	e8bd0fc0 	pop	{r6, r7, r8, r9, sl, fp}
    82f0:	e28dd004 	add	sp, sp, #4
    82f4:	e12fff10 	bx	r0
    82f8:	e52de004 	push	{lr}		@ (str lr, [sp, #-4]!)
    82fc:	e24dd004 	sub	sp, sp, #4
    8300:	e58d0000 	str	r0, [sp]
    8304:	e30cc123 	movw	ip, #49443	@ 0xc123
    8308:	e34cc456 	movt	ip, #50262	@ 0xc456
    830c:	e5940000 	ldr	r0, [r4]
    8310:	e595103c 	ldr	r1, [r5, #60]	@ 0x3c
    8314:	e5810008 	str	r0, [r1, #8]
    8318:	e59f02d4 	ldr	r0, [pc, #724]	@ 0x85f4
    831c:	e30ccabc 	movw	ip, #51900	@ 0xcabc
    8320:	e34ccdef 	movt	ip, #52719	@ 0xcdef
    8324:	e28dd004 	add	sp, sp, #4
    8328:	e49df004 	pop	{pc}		@ (ldr pc, [sp], #4)
    832c:	e52de004 	push	{lr}		@ (str lr, [sp, #-4]!)
    8330:	e24dd004 	sub	sp, sp, #4
    8334:	e58d0000 	str	r0, [sp]
    8338:	e30cc123 	movw	ip, #49443	@ 0xc123
    833c:	e34cc456 	movt	ip, #50262	@ 0xc456
    8340:	e595e03c 	ldr	lr, [r5, #60]	@ 0x3c
    8344:	e59e0008 	ldr	r0, [lr, #8]
    8348:	e5840000 	str	r0, [r4]
    834c:	e59f02a4 	ldr	r0, [pc, #676]	@ 0x85f8
    8350:	e30ccabc 	movw	ip, #51900	@ 0xcabc
    8354:	e34ccdef 	movt	ip, #52719	@ 0xcdef
    8358:	e28dd004 	add	sp, sp, #4
    835c:	e49df004 	pop	{pc}		@ (ldr pc, [sp], #4)
    8360:	e52de004 	push	{lr}		@ (str lr, [sp, #-4]!)
    8364:	e24dd004 	sub	sp, sp, #4
    8368:	e58d0000 	str	r0, [sp]
    836c:	e30cc123 	movw	ip, #49443	@ 0xc123
    8370:	e34cc456 	movt	ip, #50262	@ 0xc456
    8374:	e5940000 	ldr	r0, [r4]
    8378:	e3500099 	cmp	r0, #153	@ 0x99
    837c:	83a00000 	movhi	r0, #0
    8380:	e1a00080 	lsl	r0, r0, #1
    8384:	e1a02000 	mov	r2, r0
    8388:	e5951030 	ldr	r1, [r5, #48]	@ 0x30
    838c:	e59fe268 	ldr	lr, [pc, #616]	@ 0x85fc
    8390:	e3a0cb42 	mov	ip, #67584	@ 0x10800
    8394:	e38ccf68 	orr	ip, ip, #104, 30	@ 0x1a0
    8398:	e092200c 	adds	r2, r2, ip
    839c:	2a00000c 	bcs	0x83d4
    83a0:	e59fc254 	ldr	ip, [pc, #596]	@ 0x85fc
    83a4:	e152000c 	cmp	r2, ip
    83a8:	8a000009 	bhi	0x83d4
    83ac:	e7e012f2 			@ <UNDEFINED> instruction: 0xe7e012f2
    83b0:	e2800b40 	add	r0, r0, #64, 22	@ 0x10000
    83b4:	e2800f8c 	add	r0, r0, #140, 30	@ 0x230
    83b8:	e5840018 	str	r0, [r4, #24]
    83bc:	e3a009fd 	mov	r0, #4145152	@ 0x3f4000
    83c0:	e3800db2 	orr	r0, r0, #11392	@ 0x2c80
    83c4:	e30ccabc 	movw	ip, #51900	@ 0xcabc
    83c8:	e34ccdef 	movt	ip, #52719	@ 0xcdef
    83cc:	e28dd004 	add	sp, sp, #4
    83d0:	e49df004 	pop	{pc}		@ (ldr pc, [sp], #4)
    83d4:	e3a00008 	mov	r0, #8
    83d8:	e59d1000 	ldr	r1, [sp]
    83dc:	e5810010 	str	r0, [r1, #16]
    83e0:	e59d0000 	ldr	r0, [sp]
    83e4:	e59d1004 	ldr	r1, [sp, #4]
    83e8:	e59fc210 	ldr	ip, [pc, #528]	@ 0x8600
    83ec:	e12fff3c 	blx	ip
    83f0:	e28dd008 	add	sp, sp, #8
    83f4:	e12fff10 	bx	r0
    83f8:	e52de004 	push	{lr}		@ (str lr, [sp, #-4]!)
    83fc:	e24dd004 	sub	sp, sp, #4
    8400:	e58d0000 	str	r0, [sp]
    8404:	e30cc123 	movw	ip, #49443	@ 0xc123
    8408:	e34cc456 	movt	ip, #50262	@ 0xc456
    840c:	e5940000 	ldr	r0, [r4]
    8410:	e5840000 	str	r0, [r4]
    8414:	e5840000 	str	r0, [r4]
    8418:	e3a009fd 	mov	r0, #4145152	@ 0x3f4000
    841c:	e3800d8d 	orr	r0, r0, #9024	@ 0x2340
    8420:	e1a01004 	mov	r1, r4
    8424:	e59d2000 	ldr	r2, [sp]
    8428:	e59fc1d4 	ldr	ip, [pc, #468]	@ 0x8604
    842c:	e12fff3c 	blx	ip
    8430:	e3500000 	cmp	r0, #0
    8434:	1a000006 	bne	0x8454
    8438:	e5940004 	ldr	r0, [r4, #4]
    843c:	e5840004 	str	r0, [r4, #4]
    8440:	e59f01c0 	ldr	r0, [pc, #448]	@ 0x8608
    8444:	e30ccabc 	movw	ip, #51900	@ 0xcabc
    8448:	e34ccdef 	movt	ip, #52719	@ 0xcdef
    844c:	e28dd004 	add	sp, sp, #4
    8450:	e49df004 	pop	{pc}		@ (ldr pc, [sp], #4)
    8454:	e59d0000 	ldr	r0, [sp]
    8458:	e59d1004 	ldr	r1, [sp, #4]
    845c:	e59fc1a8 	ldr	ip, [pc, #424]	@ 0x860c
    8460:	e12fff3c 	blx	ip
    8464:	e28dd008 	add	sp, sp, #8
    8468:	e12fff10 	bx	r0
    846c:	e52de004 	push	{lr}		@ (str lr, [sp, #-4]!)
    8470:	e24dd004 	sub	sp, sp, #4
    8474:	e58d0000 	str	r0, [sp]
    8478:	e30cc123 	movw	ip, #49443	@ 0xc123
    847c:	e34cc456 	movt	ip, #50262	@ 0xc456
    8480:	e3a0e001 	mov	lr, #1
    8484:	e584e000 	str	lr, [r4]
    8488:	e59f0180 	ldr	r0, [pc, #384]	@ 0x8610
    848c:	e30ccabc 	movw	ip, #51900	@ 0xcabc
    8490:	e34ccdef 	movt	ip, #52719	@ 0xcdef
    8494:	e28dd004 	add	sp, sp, #4
    8498:	e49df004 	pop	{pc}		@ (ldr pc, [sp], #4)
    849c:	e52de004 	push	{lr}		@ (str lr, [sp, #-4]!)
    84a0:	e24dd004 	sub	sp, sp, #4
    84a4:	e58d0000 	str	r0, [sp]
    84a8:	e30cc123 	movw	ip, #49443	@ 0xc123
    84ac:	e34cc456 	movt	ip, #50262	@ 0xc456
    84b0:	e1a0e005 	mov	lr, r5
    84b4:	e59e005c 	ldr	r0, [lr, #92]	@ 0x5c
    84b8:	e5840000 	str	r0, [r4]
    84bc:	e59f0150 	ldr	r0, [pc, #336]	@ 0x8614
    84c0:	e30ccabc 	movw	ip, #51900	@ 0xcabc
    84c4:	e34ccdef 	movt	ip, #52719	@ 0xcdef
    84c8:	e28dd004 	add	sp, sp, #4
    84cc:	e49df004 	pop	{pc}		@ (ldr pc, [sp], #4)
    84d0:	e52de004 	push	{lr}		@ (str lr, [sp, #-4]!)
    84d4:	e24dd004 	sub	sp, sp, #4
    84d8:	e58d0000 	str	r0, [sp]
    84dc:	e30cc123 	movw	ip, #49443	@ 0xc123
    84e0:	e34cc456 	movt	ip, #50262	@ 0xc456
    84e4:	e1a0e005 	mov	lr, r5
    84e8:	e59e0084 	ldr	r0, [lr, #132]	@ 0x84
    84ec:	e5840000 	str	r0, [r4]
    84f0:	e59f0120 	ldr	r0, [pc, #288]	@ 0x8618
    84f4:	e30ccabc 	movw	ip, #51900	@ 0xcabc
    84f8:	e34ccdef 	movt	ip, #52719	@ 0xcdef
    84fc:	e28dd004 	add	sp, sp, #4
    8500:	e49df004 	pop	{pc}		@ (ldr pc, [sp], #4)
    8504:	e52de004 	push	{lr}		@ (str lr, [sp, #-4]!)
    8508:	e24dd004 	sub	sp, sp, #4
    850c:	e58d0000 	str	r0, [sp]
    8510:	e30cc123 	movw	ip, #49443	@ 0xc123
    8514:	e34cc456 	movt	ip, #50262	@ 0xc456
    8518:	e1a0e005 	mov	lr, r5
    851c:	e59e0080 	ldr	r0, [lr, #128]	@ 0x80
    8520:	e5840000 	str	r0, [r4]
    8524:	e59f00f0 	ldr	r0, [pc, #240]	@ 0x861c
    8528:	e30ccabc 	movw	ip, #51900	@ 0xcabc
    852c:	e34ccdef 	movt	ip, #52719	@ 0xcdef
    8530:	e28dd004 	add	sp, sp, #4
    8534:	e49df004 	pop	{pc}		@ (ldr pc, [sp], #4)
    8538:	e52de004 	push	{lr}		@ (str lr, [sp, #-4]!)
    853c:	e24dd004 	sub	sp, sp, #4
    8540:	e58d0000 	str	r0, [sp]
    8544:	e30cc123 	movw	ip, #49443	@ 0xc123
    8548:	ea000034 	b	0x8620
	...
    8558:	00048004 	andeq	r8, r4, r4
    855c:	003f7620 	eorseq	r7, pc, r0, lsr #12
    8560:	003f7624 	eorseq	r7, pc, r4, lsr #12
    8564:	0004890c 	andeq	r8, r4, ip, lsl #18
    8568:	00048004 	andeq	r8, r4, r4
    856c:	003fd418 	eorseq	sp, pc, r8, lsl r4	@ <UNPREDICTABLE>
    8570:	0101fffc 	strdeq	pc, [r1, -ip]
    8574:	0040288c 	subeq	r2, r0, ip, lsl #17
    8578:	0004890c 	andeq	r8, r4, ip, lsl #18
    857c:	0040289c 	umaaleq	r2, r0, ip, r8
    8580:	0004890c 	andeq	r8, r4, ip, lsl #18
    8584:	004028ac 	subeq	r2, r0, ip, lsr #17
    8588:	0004890c 	andeq	r8, r4, ip, lsl #18
    858c:	004028c4 	subeq	r2, r0, r4, asr #17
    8590:	00048004 	andeq	r8, r4, r4
    8594:	003f86b8 	ldrhteq	r8, [pc], -r8
    8598:	0004890c 	andeq	r8, r4, ip, lsl #18
    859c:	0004890c 	andeq	r8, r4, ip, lsl #18
    85a0:	0101fff8 	strdeq	pc, [r1, -r8]
    85a4:	003f8724 	eorseq	r8, pc, r4, lsr #14
    85a8:	00048004 	andeq	r8, r4, r4
    85ac:	003f9ae4 	eorseq	r9, pc, r4, ror #21
    85b0:	0004890c 	andeq	r8, r4, ip, lsl #18
    85b4:	003f9b04 	eorseq	r9, pc, r4, lsl #22
    85b8:	00048004 	andeq	r8, r4, r4
    85bc:	003eb328 	eorseq	fp, lr, r8, lsr #6
    85c0:	003fd3dc 	ldrsbteq	sp, [pc], -ip
    85c4:	003faf7c 	eorseq	sl, pc, ip, ror pc	@ <UNPREDICTABLE>
    85c8:	003fad04 	eorseq	sl, pc, r4, lsl #26
    85cc:	00400bd4 	ldrdeq	r0, [r0], #-180	@ 0xffffff4c
    85d0:	00048004 	andeq	r8, r4, r4
    85d4:	00402744 	subeq	r2, r0, r4, asr #14
    85d8:	00048004 	andeq	r8, r4, r4
    85dc:	004059c0 	subeq	r5, r0, r0, asr #19
    85e0:	0004890c 	andeq	r8, r4, ip, lsl #18
    85e4:	00405a18 	subeq	r5, r0, r8, lsl sl
    85e8:	0004890c 	andeq	r8, r4, ip, lsl #18
    85ec:	00405c34 	subeq	r5, r0, r4, lsr ip
    85f0:	00048004 	andeq	r8, r4, r4
    85f4:	003fee34 	eorseq	lr, pc, r4, lsr lr	@ <UNPREDICTABLE>
    85f8:	00402ebc 	strheq	r2, [r0], #-236	@ 0xffffff14
    85fc:	0101fffe 	strdeq	pc, [r1, -lr]
    8600:	00048004 	andeq	r8, r4, r4
    8604:	0004890c 	andeq	r8, r4, ip, lsl #18
    8608:	003f635c 	eorseq	r6, pc, ip, asr r3	@ <UNPREDICTABLE>
    860c:	00048004 	andeq	r8, r4, r4
    8610:	003f5d0c 	eorseq	r5, pc, ip, lsl #26
    8614:	003f642c 	eorseq	r6, pc, ip, lsr #8
    8618:	003f64b4 	ldrhteq	r6, [pc], -r4
    861c:	003f653c 	eorseq	r6, pc, ip, lsr r5	@ <UNPREDICTABLE>
    8620:	e34cc456 	movt	ip, #50262	@ 0xc456
    8624:	e1a0e005 	mov	lr, r5
    8628:	e59e0088 	ldr	r0, [lr, #136]	@ 0x88
    862c:	e5840000 	str	r0, [r4]
    8630:	e59f0160 	ldr	r0, [pc, #352]	@ 0x8798
    8634:	e30ccabc 	movw	ip, #51900	@ 0xcabc
    8638:	e34ccdef 	movt	ip, #52719	@ 0xcdef
    863c:	e28dd004 	add	sp, sp, #4
    8640:	e49df004 	pop	{pc}		@ (ldr pc, [sp], #4)
    8644:	e52de004 	push	{lr}		@ (str lr, [sp, #-4]!)
    8648:	e24dd004 	sub	sp, sp, #4
    864c:	e58d0000 	str	r0, [sp]
    8650:	e30cc123 	movw	ip, #49443	@ 0xc123
    8654:	e34cc456 	movt	ip, #50262	@ 0xc456
    8658:	e1a0e005 	mov	lr, r5
    865c:	e59e00f0 	ldr	r0, [lr, #240]	@ 0xf0
    8660:	e5840000 	str	r0, [r4]
    8664:	e59f0130 	ldr	r0, [pc, #304]	@ 0x879c
    8668:	e30ccabc 	movw	ip, #51900	@ 0xcabc
    866c:	e34ccdef 	movt	ip, #52719	@ 0xcdef
    8670:	e28dd004 	add	sp, sp, #4
    8674:	e49df004 	pop	{pc}		@ (ldr pc, [sp], #4)
    8678:	e52de004 	push	{lr}		@ (str lr, [sp, #-4]!)
    867c:	e24dd004 	sub	sp, sp, #4
    8680:	e58d0000 	str	r0, [sp]
    8684:	e30cc123 	movw	ip, #49443	@ 0xc123
    8688:	e34cc456 	movt	ip, #50262	@ 0xc456
    868c:	e1a0e005 	mov	lr, r5
    8690:	e59e00f4 	ldr	r0, [lr, #244]	@ 0xf4
    8694:	e5840000 	str	r0, [r4]
    8698:	e59f0100 	ldr	r0, [pc, #256]	@ 0x87a0
    869c:	e30ccabc 	movw	ip, #51900	@ 0xcabc
    86a0:	e34ccdef 	movt	ip, #52719	@ 0xcdef
    86a4:	e28dd004 	add	sp, sp, #4
    86a8:	e49df004 	pop	{pc}		@ (ldr pc, [sp], #4)
    86ac:	e52de004 	push	{lr}		@ (str lr, [sp, #-4]!)
    86b0:	e24dd004 	sub	sp, sp, #4
    86b4:	e58d0000 	str	r0, [sp]
    86b8:	e30cc123 	movw	ip, #49443	@ 0xc123
    86bc:	e34cc456 	movt	ip, #50262	@ 0xc456
    86c0:	e1a0e005 	mov	lr, r5
    86c4:	e59e011c 	ldr	r0, [lr, #284]	@ 0x11c
    86c8:	e5840000 	str	r0, [r4]
    86cc:	e59f00d0 	ldr	r0, [pc, #208]	@ 0x87a4
    86d0:	e30ccabc 	movw	ip, #51900	@ 0xcabc
    86d4:	e34ccdef 	movt	ip, #52719	@ 0xcdef
    86d8:	e28dd004 	add	sp, sp, #4
    86dc:	e49df004 	pop	{pc}		@ (ldr pc, [sp], #4)
    86e0:	e52de004 	push	{lr}		@ (str lr, [sp, #-4]!)
    86e4:	e24dd004 	sub	sp, sp, #4
    86e8:	e58d0000 	str	r0, [sp]
    86ec:	e30cc123 	movw	ip, #49443	@ 0xc123
    86f0:	e34cc456 	movt	ip, #50262	@ 0xc456
    86f4:	e1a0e005 	mov	lr, r5
    86f8:	e59e0124 	ldr	r0, [lr, #292]	@ 0x124
    86fc:	e5840000 	str	r0, [r4]
    8700:	e59f00a0 	ldr	r0, [pc, #160]	@ 0x87a8
    8704:	e30ccabc 	movw	ip, #51900	@ 0xcabc
    8708:	e34ccdef 	movt	ip, #52719	@ 0xcdef
    870c:	e28dd004 	add	sp, sp, #4
    8710:	e49df004 	pop	{pc}		@ (ldr pc, [sp], #4)
    8714:	e52de004 	push	{lr}		@ (str lr, [sp, #-4]!)
    8718:	e24dd004 	sub	sp, sp, #4
    871c:	e58d0000 	str	r0, [sp]
    8720:	e30cc123 	movw	ip, #49443	@ 0xc123
    8724:	e34cc456 	movt	ip, #50262	@ 0xc456
    8728:	e3a0eb40 	mov	lr, #64, 22	@ 0x10000
    872c:	e584e000 	str	lr, [r4]
    8730:	e59f0074 	ldr	r0, [pc, #116]	@ 0x87ac
    8734:	e30ccabc 	movw	ip, #51900	@ 0xcabc
    8738:	e34ccdef 	movt	ip, #52719	@ 0xcdef
    873c:	e28dd004 	add	sp, sp, #4
    8740:	e49df004 	pop	{pc}		@ (ldr pc, [sp], #4)
    8744:	e52de004 	push	{lr}		@ (str lr, [sp, #-4]!)
    8748:	e24dd004 	sub	sp, sp, #4
    874c:	e58d0000 	str	r0, [sp]
    8750:	e30cc123 	movw	ip, #49443	@ 0xc123
    8754:	e34cc456 	movt	ip, #50262	@ 0xc456
    8758:	e3a0eb42 	mov	lr, #67584	@ 0x10800
    875c:	e38eefb6 	orr	lr, lr, #728	@ 0x2d8
    8760:	e584e000 	str	lr, [r4]
    8764:	e59f0044 	ldr	r0, [pc, #68]	@ 0x87b0
    8768:	e30ccabc 	movw	ip, #51900	@ 0xcabc
    876c:	e34ccdef 	movt	ip, #52719	@ 0xcdef
    8770:	e28dd004 	add	sp, sp, #4
    8774:	e49df004 	pop	{pc}		@ (ldr pc, [sp], #4)
    8778:	ea00000d 	b	0x87b4
	...
    8798:	003f65c4 	eorseq	r6, pc, r4, asr #11
    879c:	003f664c 	eorseq	r6, pc, ip, asr #12
    87a0:	003f66d4 	ldrsbteq	r6, [pc], -r4
    87a4:	003f675c 	eorseq	r6, pc, ip, asr r7	@ <UNPREDICTABLE>
    87a8:	003f67e4 	eorseq	r6, pc, r4, ror #15
    87ac:	003f6944 	eorseq	r6, pc, r4, asr #18
    87b0:	003fb8f4 	ldrshteq	fp, [pc], -r4
    87b4:	e1a00000 	nop			@ (mov r0, r0)
    87b8:	e1a00000 	nop			@ (mov r0, r0)
    87bc:	e1a00000 	nop			@ (mov r0, r0)
    87c0:	e1a00000 	nop			@ (mov r0, r0)
    87c4:	e1a00000 	nop			@ (mov r0, r0)
    87c8:	e1a00000 	nop			@ (mov r0, r0)
    87cc:	e1a00000 	nop			@ (mov r0, r0)
    87d0:	e1a00000 	nop			@ (mov r0, r0)
    87d4:	e1a00000 	nop			@ (mov r0, r0)
    87d8:	e1a00000 	nop			@ (mov r0, r0)
    87dc:	e1a00000 	nop			@ (mov r0, r0)
    87e0:	e1a00000 	nop			@ (mov r0, r0)
    87e4:	e1a00000 	nop			@ (mov r0, r0)
    87e8:	e1a00000 	nop			@ (mov r0, r0)
    87ec:	e1a00000 	nop			@ (mov r0, r0)
    87f0:	e1a00000 	nop			@ (mov r0, r0)
    87f4:	e1a00000 	nop			@ (mov r0, r0)
    87f8:	e1a00000 	nop			@ (mov r0, r0)
    87fc:	e1a00000 	nop			@ (mov r0, r0)
    8800:	e1a00000 	nop			@ (mov r0, r0)
    8804:	e1a00000 	nop			@ (mov r0, r0)
    8808:	e1a00000 	nop			@ (mov r0, r0)
    880c:	e1a00000 	nop			@ (mov r0, r0)
    8810:	e1a00000 	nop			@ (mov r0, r0)
    8814:	e1a00000 	nop			@ (mov r0, r0)
    8818:	e1a00000 	nop			@ (mov r0, r0)
    881c:	e1a00000 	nop			@ (mov r0, r0)
    8820:	e1a00000 	nop			@ (mov r0, r0)
    8824:	e1a00000 	nop			@ (mov r0, r0)
    8828:	e1a00000 	nop			@ (mov r0, r0)
    882c:	e1a00000 	nop			@ (mov r0, r0)
    8830:	e1a00000 	nop			@ (mov r0, r0)
    8834:	e1a00000 	nop			@ (mov r0, r0)
    8838:	e1a00000 	nop			@ (mov r0, r0)
    883c:	e1a00000 	nop			@ (mov r0, r0)
    8840:	e1a00000 	nop			@ (mov r0, r0)
    8844:	e1a00000 	nop			@ (mov r0, r0)
    8848:	e1a00000 	nop			@ (mov r0, r0)
    884c:	e1a00000 	nop			@ (mov r0, r0)
    8850:	e1a00000 	nop			@ (mov r0, r0)
    8854:	e1a00000 	nop			@ (mov r0, r0)
    8858:	e1a00000 	nop			@ (mov r0, r0)
    885c:	e1a00000 	nop			@ (mov r0, r0)
    8860:	e1a00000 	nop			@ (mov r0, r0)
    8864:	e1a00000 	nop			@ (mov r0, r0)
    8868:	e1a00000 	nop			@ (mov r0, r0)
    886c:	e1a00000 	nop			@ (mov r0, r0)
    8870:	e1a00000 	nop			@ (mov r0, r0)
    8874:	e1a00000 	nop			@ (mov r0, r0)
    8878:	e1a00000 	nop			@ (mov r0, r0)
    887c:	e1a00000 	nop			@ (mov r0, r0)
    8880:	e1a00000 	nop			@ (mov r0, r0)
    8884:	e1a00000 	nop			@ (mov r0, r0)
    8888:	e1a00000 	nop			@ (mov r0, r0)
    888c:	e1a00000 	nop			@ (mov r0, r0)
    8890:	e1a00000 	nop			@ (mov r0, r0)
    8894:	e1a00000 	nop			@ (mov r0, r0)
    8898:	e1a00000 	nop			@ (mov r0, r0)
    889c:	e1a00000 	nop			@ (mov r0, r0)
    88a0:	e1a00000 	nop			@ (mov r0, r0)
    88a4:	e1a00000 	nop			@ (mov r0, r0)
    88a8:	e1a00000 	nop			@ (mov r0, r0)
    88ac:	e1a00000 	nop			@ (mov r0, r0)
    88b0:	e1a00000 	nop			@ (mov r0, r0)
    88b4:	e1a00000 	nop			@ (mov r0, r0)
    88b8:	e1a00000 	nop			@ (mov r0, r0)
    88bc:	e1a00000 	nop			@ (mov r0, r0)
    88c0:	e1a00000 	nop			@ (mov r0, r0)
    88c4:	e1a00000 	nop			@ (mov r0, r0)
    88c8:	e1a00000 	nop			@ (mov r0, r0)
