
/tmp/jit_dump.bin:     file format binary


Disassembly of section .data:

00000000 <.data>:
       0:	e92d4030 	push	{r4, r5, lr}
       4:	e1a04001 	mov	r4, r1
       8:	e24dd004 	sub	sp, sp, #4
       c:	e5905008 	ldr	r5, [r0, #8]
      10:	e12fff32 	blx	r2
      14:	e28dd004 	add	sp, sp, #4
      18:	e8bd8030 	pop	{r4, r5, pc}
      1c:	e52de004 	push	{lr}		@ (str lr, [sp, #-4]!)
      20:	e24dd004 	sub	sp, sp, #4
      24:	e58d0000 	str	r0, [sp]
      28:	e30cc123 	movw	ip, #49443	@ 0xc123
      2c:	e34cc456 	movt	ip, #50262	@ 0xc456
      30:	e59f0fe0 	ldr	r0, [pc, #4064]	@ 0x1018
      34:	e1a01004 	mov	r1, r4
      38:	e59d2000 	ldr	r2, [sp]
      3c:	e59fcfd8 	ldr	ip, [pc, #4056]	@ 0x101c
      40:	e12fff3c 	blx	ip
      44:	e3500000 	cmp	r0, #0
      48:	1a00000c 	bne	0x80
      4c:	e59f0fcc 	ldr	r0, [pc, #4044]	@ 0x1020
      50:	e1a01004 	mov	r1, r4
      54:	e59d2000 	ldr	r2, [sp]
      58:	e59fcfc4 	ldr	ip, [pc, #4036]	@ 0x1024
      5c:	e12fff3c 	blx	ip
      60:	e3500000 	cmp	r0, #0
      64:	1a000005 	bne	0x80
      68:	e3a009fd 	mov	r0, #4145152	@ 0x3f4000
      6c:	e3800dd1 	orr	r0, r0, #13376	@ 0x3440
      70:	e30ccabc 	movw	ip, #51900	@ 0xcabc
      74:	e34ccdef 	movt	ip, #52719	@ 0xcdef
      78:	e28dd004 	add	sp, sp, #4
      7c:	e49df004 	pop	{pc}		@ (ldr pc, [sp], #4)
      80:	e59d0000 	ldr	r0, [sp]
      84:	e59d1004 	ldr	r1, [sp, #4]
      88:	e59fcf98 	ldr	ip, [pc, #3992]	@ 0x1028
      8c:	e12fff3c 	blx	ip
      90:	e28dd008 	add	sp, sp, #8
      94:	e12fff10 	bx	r0
      98:	e92d40c0 	push	{r6, r7, lr}
      9c:	e24dd004 	sub	sp, sp, #4
      a0:	e58d0000 	str	r0, [sp]
      a4:	e30cc123 	movw	ip, #49443	@ 0xc123
      a8:	e34cc456 	movt	ip, #50262	@ 0xc456
      ac:	e595e03c 	ldr	lr, [r5, #60]	@ 0x3c
      b0:	e59e0008 	ldr	r0, [lr, #8]
      b4:	e2406050 	sub	r6, r0, #80	@ 0x50
      b8:	e595003c 	ldr	r0, [r5, #60]	@ 0x3c
      bc:	e5806008 	str	r6, [r0, #8]
      c0:	e1a01006 	mov	r1, r6
      c4:	e5950030 	ldr	r0, [r5, #48]	@ 0x30
      c8:	e291104c 	adds	r1, r1, #76	@ 0x4c
      cc:	2a000209 	bcs	0x8f8
      d0:	e59fcf54 	ldr	ip, [pc, #3924]	@ 0x102c
      d4:	e151000c 	cmp	r1, ip
      d8:	8a000206 	bhi	0x8f8
      dc:	e3a0e000 	mov	lr, #0
      e0:	e780e001 	str	lr, [r0, r1]
      e4:	e1a01006 	mov	r1, r6
      e8:	e5950030 	ldr	r0, [r5, #48]	@ 0x30
      ec:	e2911048 	adds	r1, r1, #72	@ 0x48
      f0:	2a000200 	bcs	0x8f8
      f4:	e59fcf30 	ldr	ip, [pc, #3888]	@ 0x102c
      f8:	e151000c 	cmp	r1, ip
      fc:	8a0001fd 	bhi	0x8f8
     100:	e3a0e000 	mov	lr, #0
     104:	e780e001 	str	lr, [r0, r1]
     108:	e1a02006 	mov	r2, r6
     10c:	e5951030 	ldr	r1, [r5, #48]	@ 0x30
     110:	e2922048 	adds	r2, r2, #72	@ 0x48
     114:	2a0001f7 	bcs	0x8f8
     118:	e59fcf0c 	ldr	ip, [pc, #3852]	@ 0x102c
     11c:	e152000c 	cmp	r2, ip
     120:	8a0001f4 	bhi	0x8f8
     124:	e7910002 	ldr	r0, [r1, r2]
     128:	e3500f40 	cmp	r0, #64, 30	@ 0x100
     12c:	e3a00000 	mov	r0, #0
     130:	b3a00001 	movlt	r0, #1
     134:	e3100001 	tst	r0, #1
     138:	0a000047 	beq	0x25c
     13c:	e1a02006 	mov	r2, r6
     140:	e5951030 	ldr	r1, [r5, #48]	@ 0x30
     144:	e2922048 	adds	r2, r2, #72	@ 0x48
     148:	2a0001ea 	bcs	0x8f8
     14c:	e59fced8 	ldr	ip, [pc, #3800]	@ 0x102c
     150:	e152000c 	cmp	r2, ip
     154:	8a0001e7 	bhi	0x8f8
     158:	e7910002 	ldr	r0, [r1, r2]
     15c:	e3a0c007 	mov	ip, #7
     160:	e0000c90 	mul	r0, r0, ip
     164:	e2400064 	sub	r0, r0, #100	@ 0x64
     168:	e1a03006 	mov	r3, r6
     16c:	e5952030 	ldr	r2, [r5, #48]	@ 0x30
     170:	e2933048 	adds	r3, r3, #72	@ 0x48
     174:	2a0001df 	bcs	0x8f8
     178:	e59fceac 	ldr	ip, [pc, #3756]	@ 0x102c
     17c:	e153000c 	cmp	r3, ip
     180:	8a0001dc 	bhi	0x8f8
     184:	e7921003 	ldr	r1, [r2, r3]
     188:	e1a01101 	lsl	r1, r1, #2
     18c:	e2811b43 	add	r1, r1, #68608	@ 0x10c00
     190:	e2811040 	add	r1, r1, #64	@ 0x40
     194:	e5952030 	ldr	r2, [r5, #48]	@ 0x30
     198:	e59fce8c 	ldr	ip, [pc, #3724]	@ 0x102c
     19c:	e151000c 	cmp	r1, ip
     1a0:	8a0001d4 	bhi	0x8f8
     1a4:	e7820001 	str	r0, [r2, r1]
     1a8:	e1a02006 	mov	r2, r6
     1ac:	e5951030 	ldr	r1, [r5, #48]	@ 0x30
     1b0:	e2922048 	adds	r2, r2, #72	@ 0x48
     1b4:	2a0001cf 	bcs	0x8f8
     1b8:	e59fce6c 	ldr	ip, [pc, #3692]	@ 0x102c
     1bc:	e152000c 	cmp	r2, ip
     1c0:	8a0001cc 	bhi	0x8f8
     1c4:	e7910002 	ldr	r0, [r1, r2]
     1c8:	e3a0c00d 	mov	ip, #13
     1cc:	e0000c90 	mul	r0, r0, ip
     1d0:	e2800032 	add	r0, r0, #50	@ 0x32
     1d4:	e1a03006 	mov	r3, r6
     1d8:	e5952030 	ldr	r2, [r5, #48]	@ 0x30
     1dc:	e2933048 	adds	r3, r3, #72	@ 0x48
     1e0:	2a0001c4 	bcs	0x8f8
     1e4:	e59fce40 	ldr	ip, [pc, #3648]	@ 0x102c
     1e8:	e153000c 	cmp	r3, ip
     1ec:	8a0001c1 	bhi	0x8f8
     1f0:	e7921003 	ldr	r1, [r2, r3]
     1f4:	e1a01101 	lsl	r1, r1, #2
     1f8:	e2811b44 	add	r1, r1, #68, 22	@ 0x11000
     1fc:	e2811040 	add	r1, r1, #64	@ 0x40
     200:	e5952030 	ldr	r2, [r5, #48]	@ 0x30
     204:	e59fce20 	ldr	ip, [pc, #3616]	@ 0x102c
     208:	e151000c 	cmp	r1, ip
     20c:	8a0001b9 	bhi	0x8f8
     210:	e7820001 	str	r0, [r2, r1]
     214:	e1a02006 	mov	r2, r6
     218:	e5951030 	ldr	r1, [r5, #48]	@ 0x30
     21c:	e2922048 	adds	r2, r2, #72	@ 0x48
     220:	2a0001b4 	bcs	0x8f8
     224:	e59fce00 	ldr	ip, [pc, #3584]	@ 0x102c
     228:	e152000c 	cmp	r2, ip
     22c:	8a0001b1 	bhi	0x8f8
     230:	e7910002 	ldr	r0, [r1, r2]
     234:	e2800001 	add	r0, r0, #1
     238:	e1a02006 	mov	r2, r6
     23c:	e5951030 	ldr	r1, [r5, #48]	@ 0x30
     240:	e2922048 	adds	r2, r2, #72	@ 0x48
     244:	2a0001ab 	bcs	0x8f8
     248:	e59fcddc 	ldr	ip, [pc, #3548]	@ 0x102c
     24c:	e152000c 	cmp	r2, ip
     250:	8a0001a8 	bhi	0x8f8
     254:	e7810002 	str	r0, [r1, r2]
     258:	eaffffaa 	b	0x108
     25c:	e3a00000 	mov	r0, #0
     260:	e1a07000 	mov	r7, r0
     264:	e5953030 	ldr	r3, [r5, #48]	@ 0x30
     268:	e3a0cb40 	mov	ip, #64, 22	@ 0x10000
     26c:	e38cc140 	orr	ip, ip, #64, 2
     270:	e097700c 	adds	r7, r7, ip
     274:	2a00019f 	bcs	0x8f8
     278:	e59fcdb0 	ldr	ip, [pc, #3504]	@ 0x1030
     27c:	e157000c 	cmp	r7, ip
     280:	8a00019c 	bhi	0x8f8
     284:	e083c007 	add	ip, r3, r7
     288:	e59c1000 	ldr	r1, [ip]
     28c:	e59c2004 	ldr	r2, [ip, #4]
     290:	e1a07006 	mov	r7, r6
     294:	e5953030 	ldr	r3, [r5, #48]	@ 0x30
     298:	e2977040 	adds	r7, r7, #64	@ 0x40
     29c:	2a000195 	bcs	0x8f8
     2a0:	e59fcd88 	ldr	ip, [pc, #3464]	@ 0x1030
     2a4:	e157000c 	cmp	r7, ip
     2a8:	8a000192 	bhi	0x8f8
     2ac:	e083c007 	add	ip, r3, r7
     2b0:	e58c1000 	str	r1, [ip]
     2b4:	e58c2004 	str	r2, [ip, #4]
     2b8:	e1a07000 	mov	r7, r0
     2bc:	e5953030 	ldr	r3, [r5, #48]	@ 0x30
     2c0:	e3a0cb40 	mov	ip, #64, 22	@ 0x10000
     2c4:	e38cc280 	orr	ip, ip, #128, 4
     2c8:	e097700c 	adds	r7, r7, ip
     2cc:	2a000189 	bcs	0x8f8
     2d0:	e59fcd58 	ldr	ip, [pc, #3416]	@ 0x1030
     2d4:	e157000c 	cmp	r7, ip
     2d8:	8a000186 	bhi	0x8f8
     2dc:	e083c007 	add	ip, r3, r7
     2e0:	e59c1000 	ldr	r1, [ip]
     2e4:	e59c2004 	ldr	r2, [ip, #4]
     2e8:	e1a07006 	mov	r7, r6
     2ec:	e5953030 	ldr	r3, [r5, #48]	@ 0x30
     2f0:	e2977038 	adds	r7, r7, #56	@ 0x38
     2f4:	2a00017f 	bcs	0x8f8
     2f8:	e59fcd30 	ldr	ip, [pc, #3376]	@ 0x1030
     2fc:	e157000c 	cmp	r7, ip
     300:	8a00017c 	bhi	0x8f8
     304:	e083c007 	add	ip, r3, r7
     308:	e58c1000 	str	r1, [ip]
     30c:	e58c2004 	str	r2, [ip, #4]
     310:	e5953030 	ldr	r3, [r5, #48]	@ 0x30
     314:	e2900b40 	adds	r0, r0, #64, 22	@ 0x10000
     318:	2a000176 	bcs	0x8f8
     31c:	e59fcd0c 	ldr	ip, [pc, #3340]	@ 0x1030
     320:	e150000c 	cmp	r0, ip
     324:	8a000173 	bhi	0x8f8
     328:	e083c000 	add	ip, r3, r0
     32c:	e59c1000 	ldr	r1, [ip]
     330:	e59c2004 	ldr	r2, [ip, #4]
     334:	e1a03006 	mov	r3, r6
     338:	e5950030 	ldr	r0, [r5, #48]	@ 0x30
     33c:	e2933030 	adds	r3, r3, #48	@ 0x30
     340:	2a00016c 	bcs	0x8f8
     344:	e59fcce4 	ldr	ip, [pc, #3300]	@ 0x1030
     348:	e153000c 	cmp	r3, ip
     34c:	8a000169 	bhi	0x8f8
     350:	e080c003 	add	ip, r0, r3
     354:	e58c1000 	str	r1, [ip]
     358:	e58c2004 	str	r2, [ip, #4]
     35c:	e1a01006 	mov	r1, r6
     360:	e5950030 	ldr	r0, [r5, #48]	@ 0x30
     364:	e291102c 	adds	r1, r1, #44	@ 0x2c
     368:	2a000162 	bcs	0x8f8
     36c:	e59fccb8 	ldr	ip, [pc, #3256]	@ 0x102c
     370:	e151000c 	cmp	r1, ip
     374:	8a00015f 	bhi	0x8f8
     378:	e3a0e006 	mov	lr, #6
     37c:	e780e001 	str	lr, [r0, r1]
     380:	e1a01006 	mov	r1, r6
     384:	e5950030 	ldr	r0, [r5, #48]	@ 0x30
     388:	e2911028 	adds	r1, r1, #40	@ 0x28
     38c:	2a000159 	bcs	0x8f8
     390:	e59fcc94 	ldr	ip, [pc, #3220]	@ 0x102c
     394:	e151000c 	cmp	r1, ip
     398:	8a000156 	bhi	0x8f8
     39c:	e59fec90 	ldr	lr, [pc, #3216]	@ 0x1034
     3a0:	e780e001 	str	lr, [r0, r1]
     3a4:	e1a01006 	mov	r1, r6
     3a8:	e5950030 	ldr	r0, [r5, #48]	@ 0x30
     3ac:	e2911024 	adds	r1, r1, #36	@ 0x24
     3b0:	2a000150 	bcs	0x8f8
     3b4:	e59fcc70 	ldr	ip, [pc, #3184]	@ 0x102c
     3b8:	e151000c 	cmp	r1, ip
     3bc:	8a00014d 	bhi	0x8f8
     3c0:	e3a0e000 	mov	lr, #0
     3c4:	e780e001 	str	lr, [r0, r1]
     3c8:	e1a01006 	mov	r1, r6
     3cc:	e5950030 	ldr	r0, [r5, #48]	@ 0x30
     3d0:	e2911020 	adds	r1, r1, #32
     3d4:	2a000147 	bcs	0x8f8
     3d8:	e59fcc4c 	ldr	ip, [pc, #3148]	@ 0x102c
     3dc:	e151000c 	cmp	r1, ip
     3e0:	8a000144 	bhi	0x8f8
     3e4:	e3a0e000 	mov	lr, #0
     3e8:	e780e001 	str	lr, [r0, r1]
     3ec:	e1a02006 	mov	r2, r6
     3f0:	e5951030 	ldr	r1, [r5, #48]	@ 0x30
     3f4:	e2922020 	adds	r2, r2, #32
     3f8:	2a00013e 	bcs	0x8f8
     3fc:	e59fcc28 	ldr	ip, [pc, #3112]	@ 0x102c
     400:	e152000c 	cmp	r2, ip
     404:	8a00013b 	bhi	0x8f8
     408:	e7910002 	ldr	r0, [r1, r2]
     40c:	e3500ffa 	cmp	r0, #1000	@ 0x3e8
     410:	e3a00000 	mov	r0, #0
     414:	b3a00001 	movlt	r0, #1
     418:	e3100001 	tst	r0, #1
     41c:	0a00009c 	beq	0x694
     420:	e2860028 	add	r0, r6, #40	@ 0x28
     424:	e584005c 	str	r0, [r4, #92]	@ 0x5c
     428:	e59f0c08 	ldr	r0, [pc, #3080]	@ 0x1038
     42c:	e1a01004 	mov	r1, r4
     430:	e59d2000 	ldr	r2, [sp]
     434:	e59fcc00 	ldr	ip, [pc, #3072]	@ 0x103c
     438:	e12fff3c 	blx	ip
     43c:	e3500000 	cmp	r0, #0
     440:	1a00012f 	bne	0x904
     444:	e594005c 	ldr	r0, [r4, #92]	@ 0x5c
     448:	e1a02006 	mov	r2, r6
     44c:	e5951030 	ldr	r1, [r5, #48]	@ 0x30
     450:	e292201c 	adds	r2, r2, #28
     454:	2a000127 	bcs	0x8f8
     458:	e59fcbcc 	ldr	ip, [pc, #3020]	@ 0x102c
     45c:	e152000c 	cmp	r2, ip
     460:	8a000124 	bhi	0x8f8
     464:	e7810002 	str	r0, [r1, r2]
     468:	e1a02006 	mov	r2, r6
     46c:	e5951030 	ldr	r1, [r5, #48]	@ 0x30
     470:	e292201c 	adds	r2, r2, #28
     474:	2a00011f 	bcs	0x8f8
     478:	e59fcbac 	ldr	ip, [pc, #2988]	@ 0x102c
     47c:	e152000c 	cmp	r2, ip
     480:	8a00011c 	bhi	0x8f8
     484:	e7910002 	ldr	r0, [r1, r2]
     488:	e20000ff 	and	r0, r0, #255	@ 0xff
     48c:	e1a02006 	mov	r2, r6
     490:	e5951030 	ldr	r1, [r5, #48]	@ 0x30
     494:	e2922018 	adds	r2, r2, #24
     498:	2a000116 	bcs	0x8f8
     49c:	e59fcb88 	ldr	ip, [pc, #2952]	@ 0x102c
     4a0:	e152000c 	cmp	r2, ip
     4a4:	8a000113 	bhi	0x8f8
     4a8:	e7810002 	str	r0, [r1, r2]
     4ac:	e1a02006 	mov	r2, r6
     4b0:	e5951030 	ldr	r1, [r5, #48]	@ 0x30
     4b4:	e292201c 	adds	r2, r2, #28
     4b8:	2a00010e 	bcs	0x8f8
     4bc:	e59fcb68 	ldr	ip, [pc, #2920]	@ 0x102c
     4c0:	e152000c 	cmp	r2, ip
     4c4:	8a00010b 	bhi	0x8f8
     4c8:	e7910002 	ldr	r0, [r1, r2]
     4cc:	e1a00420 	lsr	r0, r0, #8
     4d0:	e3a01006 	mov	r1, #6
     4d4:	e52d3008 	str	r3, [sp, #-8]!
     4d8:	e58d2004 	str	r2, [sp, #4]
     4dc:	e59fcb5c 	ldr	ip, [pc, #2908]	@ 0x1040
     4e0:	e12fff3c 	blx	ip
     4e4:	e59d2004 	ldr	r2, [sp, #4]
     4e8:	e49d3008 	ldr	r3, [sp], #8
     4ec:	e1a00001 	mov	r0, r1
     4f0:	e1a02006 	mov	r2, r6
     4f4:	e5951030 	ldr	r1, [r5, #48]	@ 0x30
     4f8:	e2922014 	adds	r2, r2, #20
     4fc:	2a0000fd 	bcs	0x8f8
     500:	e59fcb24 	ldr	ip, [pc, #2852]	@ 0x102c
     504:	e152000c 	cmp	r2, ip
     508:	8a0000fa 	bhi	0x8f8
     50c:	e7810002 	str	r0, [r1, r2]
     510:	e1a02006 	mov	r2, r6
     514:	e5951030 	ldr	r1, [r5, #48]	@ 0x30
     518:	e2922014 	adds	r2, r2, #20
     51c:	2a0000f5 	bcs	0x8f8
     520:	e59fcb04 	ldr	ip, [pc, #2820]	@ 0x102c
     524:	e152000c 	cmp	r2, ip
     528:	8a0000f2 	bhi	0x8f8
     52c:	e7910002 	ldr	r0, [r1, r2]
     530:	e2861030 	add	r1, r6, #48	@ 0x30
     534:	e1a00100 	lsl	r0, r0, #2
     538:	e0811000 	add	r1, r1, r0
     53c:	e1a02001 	mov	r2, r1
     540:	e5950030 	ldr	r0, [r5, #48]	@ 0x30
     544:	e59fcae0 	ldr	ip, [pc, #2784]	@ 0x102c
     548:	e152000c 	cmp	r2, ip
     54c:	8a0000e9 	bhi	0x8f8
     550:	e7901002 	ldr	r1, [r0, r2]
     554:	e1a03006 	mov	r3, r6
     558:	e5952030 	ldr	r2, [r5, #48]	@ 0x30
     55c:	e2933018 	adds	r3, r3, #24
     560:	2a0000e4 	bcs	0x8f8
     564:	e59fcac0 	ldr	ip, [pc, #2752]	@ 0x102c
     568:	e153000c 	cmp	r3, ip
     56c:	8a0000e1 	bhi	0x8f8
     570:	e7920003 	ldr	r0, [r2, r3]
     574:	e1a00100 	lsl	r0, r0, #2
     578:	e2800b43 	add	r0, r0, #68608	@ 0x10c00
     57c:	e2800040 	add	r0, r0, #64	@ 0x40
     580:	e1a03000 	mov	r3, r0
     584:	e5952030 	ldr	r2, [r5, #48]	@ 0x30
     588:	e59fca9c 	ldr	ip, [pc, #2716]	@ 0x102c
     58c:	e153000c 	cmp	r3, ip
     590:	8a0000d8 	bhi	0x8f8
     594:	e7920003 	ldr	r0, [r2, r3]
     598:	e1a07006 	mov	r7, r6
     59c:	e5953030 	ldr	r3, [r5, #48]	@ 0x30
     5a0:	e2977018 	adds	r7, r7, #24
     5a4:	2a0000d3 	bcs	0x8f8
     5a8:	e59fca7c 	ldr	ip, [pc, #2684]	@ 0x102c
     5ac:	e157000c 	cmp	r7, ip
     5b0:	8a0000d0 	bhi	0x8f8
     5b4:	e7932007 	ldr	r2, [r3, r7]
     5b8:	e1a02102 	lsl	r2, r2, #2
     5bc:	e2822b44 	add	r2, r2, #68, 22	@ 0x11000
     5c0:	e2822040 	add	r2, r2, #64	@ 0x40
     5c4:	e1a07002 	mov	r7, r2
     5c8:	e5953030 	ldr	r3, [r5, #48]	@ 0x30
     5cc:	e59fca58 	ldr	ip, [pc, #2648]	@ 0x102c
     5d0:	e157000c 	cmp	r7, ip
     5d4:	8a0000c7 	bhi	0x8f8
     5d8:	e7932007 	ldr	r2, [r3, r7]
     5dc:	e5840024 	str	r0, [r4, #36]	@ 0x24
     5e0:	e5842060 	str	r2, [r4, #96]	@ 0x60
     5e4:	e584101c 	str	r1, [r4, #28]
     5e8:	e59f0a54 	ldr	r0, [pc, #2644]	@ 0x1044
     5ec:	e1a01004 	mov	r1, r4
     5f0:	e59d2000 	ldr	r2, [sp]
     5f4:	e59fca4c 	ldr	ip, [pc, #2636]	@ 0x1048
     5f8:	e12fff3c 	blx	ip
     5fc:	e3500000 	cmp	r0, #0
     600:	1a0000bf 	bne	0x904
     604:	e594005c 	ldr	r0, [r4, #92]	@ 0x5c
     608:	e1a03006 	mov	r3, r6
     60c:	e5952030 	ldr	r2, [r5, #48]	@ 0x30
     610:	e2933024 	adds	r3, r3, #36	@ 0x24
     614:	2a0000b7 	bcs	0x8f8
     618:	e59fca0c 	ldr	ip, [pc, #2572]	@ 0x102c
     61c:	e153000c 	cmp	r3, ip
     620:	8a0000b4 	bhi	0x8f8
     624:	e7921003 	ldr	r1, [r2, r3]
     628:	e0800001 	add	r0, r0, r1
     62c:	e1a02006 	mov	r2, r6
     630:	e5951030 	ldr	r1, [r5, #48]	@ 0x30
     634:	e2922024 	adds	r2, r2, #36	@ 0x24
     638:	2a0000ae 	bcs	0x8f8
     63c:	e59fc9e8 	ldr	ip, [pc, #2536]	@ 0x102c
     640:	e152000c 	cmp	r2, ip
     644:	8a0000ab 	bhi	0x8f8
     648:	e7810002 	str	r0, [r1, r2]
     64c:	e1a02006 	mov	r2, r6
     650:	e5951030 	ldr	r1, [r5, #48]	@ 0x30
     654:	e2922020 	adds	r2, r2, #32
     658:	2a0000a6 	bcs	0x8f8
     65c:	e59fc9c8 	ldr	ip, [pc, #2504]	@ 0x102c
     660:	e152000c 	cmp	r2, ip
     664:	8a0000a3 	bhi	0x8f8
     668:	e7910002 	ldr	r0, [r1, r2]
     66c:	e2800001 	add	r0, r0, #1
     670:	e1a02006 	mov	r2, r6
     674:	e5951030 	ldr	r1, [r5, #48]	@ 0x30
     678:	e2922020 	adds	r2, r2, #32
     67c:	2a00009d 	bcs	0x8f8
     680:	e59fc9a4 	ldr	ip, [pc, #2468]	@ 0x102c
     684:	e152000c 	cmp	r2, ip
     688:	8a00009a 	bhi	0x8f8
     68c:	e7810002 	str	r0, [r1, r2]
     690:	eaffff55 	b	0x3ec
     694:	e1a01006 	mov	r1, r6
     698:	e5950030 	ldr	r0, [r5, #48]	@ 0x30
     69c:	e2911010 	adds	r1, r1, #16
     6a0:	2a000094 	bcs	0x8f8
     6a4:	e59fc980 	ldr	ip, [pc, #2432]	@ 0x102c
     6a8:	e151000c 	cmp	r1, ip
     6ac:	8a000091 	bhi	0x8f8
     6b0:	e3a0e000 	mov	lr, #0
     6b4:	e780e001 	str	lr, [r0, r1]
     6b8:	e1a01006 	mov	r1, r6
     6bc:	e5950030 	ldr	r0, [r5, #48]	@ 0x30
     6c0:	e291100c 	adds	r1, r1, #12
     6c4:	2a00008b 	bcs	0x8f8
     6c8:	e59fc95c 	ldr	ip, [pc, #2396]	@ 0x102c
     6cc:	e151000c 	cmp	r1, ip
     6d0:	8a000088 	bhi	0x8f8
     6d4:	e3a0e000 	mov	lr, #0
     6d8:	e780e001 	str	lr, [r0, r1]
     6dc:	e1a02006 	mov	r2, r6
     6e0:	e5951030 	ldr	r1, [r5, #48]	@ 0x30
     6e4:	e292200c 	adds	r2, r2, #12
     6e8:	2a000082 	bcs	0x8f8
     6ec:	e59fc938 	ldr	ip, [pc, #2360]	@ 0x102c
     6f0:	e152000c 	cmp	r2, ip
     6f4:	8a00007f 	bhi	0x8f8
     6f8:	e7910002 	ldr	r0, [r1, r2]
     6fc:	e3500f40 	cmp	r0, #64, 30	@ 0x100
     700:	e3a00000 	mov	r0, #0
     704:	b3a00001 	movlt	r0, #1
     708:	e3100001 	tst	r0, #1
     70c:	0a000045 	beq	0x828
     710:	e1a02006 	mov	r2, r6
     714:	e5951030 	ldr	r1, [r5, #48]	@ 0x30
     718:	e292200c 	adds	r2, r2, #12
     71c:	2a000075 	bcs	0x8f8
     720:	e59fc904 	ldr	ip, [pc, #2308]	@ 0x102c
     724:	e152000c 	cmp	r2, ip
     728:	8a000072 	bhi	0x8f8
     72c:	e7910002 	ldr	r0, [r1, r2]
     730:	e1a00100 	lsl	r0, r0, #2
     734:	e2800b43 	add	r0, r0, #68608	@ 0x10c00
     738:	e2800040 	add	r0, r0, #64	@ 0x40
     73c:	e1a02000 	mov	r2, r0
     740:	e5951030 	ldr	r1, [r5, #48]	@ 0x30
     744:	e59fc8e0 	ldr	ip, [pc, #2272]	@ 0x102c
     748:	e152000c 	cmp	r2, ip
     74c:	8a000069 	bhi	0x8f8
     750:	e7910002 	ldr	r0, [r1, r2]
     754:	e1a03006 	mov	r3, r6
     758:	e5952030 	ldr	r2, [r5, #48]	@ 0x30
     75c:	e293300c 	adds	r3, r3, #12
     760:	2a000064 	bcs	0x8f8
     764:	e59fc8c0 	ldr	ip, [pc, #2240]	@ 0x102c
     768:	e153000c 	cmp	r3, ip
     76c:	8a000061 	bhi	0x8f8
     770:	e7921003 	ldr	r1, [r2, r3]
     774:	e1a01101 	lsl	r1, r1, #2
     778:	e2811b44 	add	r1, r1, #68, 22	@ 0x11000
     77c:	e2811040 	add	r1, r1, #64	@ 0x40
     780:	e1a03001 	mov	r3, r1
     784:	e5952030 	ldr	r2, [r5, #48]	@ 0x30
     788:	e59fc89c 	ldr	ip, [pc, #2204]	@ 0x102c
     78c:	e153000c 	cmp	r3, ip
     790:	8a000058 	bhi	0x8f8
     794:	e7921003 	ldr	r1, [r2, r3]
     798:	e0200001 	eor	r0, r0, r1
     79c:	e1a03006 	mov	r3, r6
     7a0:	e5952030 	ldr	r2, [r5, #48]	@ 0x30
     7a4:	e2933010 	adds	r3, r3, #16
     7a8:	2a000052 	bcs	0x8f8
     7ac:	e59fc878 	ldr	ip, [pc, #2168]	@ 0x102c
     7b0:	e153000c 	cmp	r3, ip
     7b4:	8a00004f 	bhi	0x8f8
     7b8:	e7921003 	ldr	r1, [r2, r3]
     7bc:	e0800001 	add	r0, r0, r1
     7c0:	e1a02006 	mov	r2, r6
     7c4:	e5951030 	ldr	r1, [r5, #48]	@ 0x30
     7c8:	e2922010 	adds	r2, r2, #16
     7cc:	2a000049 	bcs	0x8f8
     7d0:	e59fc854 	ldr	ip, [pc, #2132]	@ 0x102c
     7d4:	e152000c 	cmp	r2, ip
     7d8:	8a000046 	bhi	0x8f8
     7dc:	e7810002 	str	r0, [r1, r2]
     7e0:	e1a02006 	mov	r2, r6
     7e4:	e5951030 	ldr	r1, [r5, #48]	@ 0x30
     7e8:	e292200c 	adds	r2, r2, #12
     7ec:	2a000041 	bcs	0x8f8
     7f0:	e59fc834 	ldr	ip, [pc, #2100]	@ 0x102c
     7f4:	e152000c 	cmp	r2, ip
     7f8:	8a00003e 	bhi	0x8f8
     7fc:	e7910002 	ldr	r0, [r1, r2]
     800:	e2800001 	add	r0, r0, #1
     804:	e1a02006 	mov	r2, r6
     808:	e5951030 	ldr	r1, [r5, #48]	@ 0x30
     80c:	e292200c 	adds	r2, r2, #12
     810:	2a000038 	bcs	0x8f8
     814:	e59fc810 	ldr	ip, [pc, #2064]	@ 0x102c
     818:	e152000c 	cmp	r2, ip
     81c:	8a000035 	bhi	0x8f8
     820:	e7810002 	str	r0, [r1, r2]
     824:	eaffffac 	b	0x6dc
     828:	e1a02006 	mov	r2, r6
     82c:	e5951030 	ldr	r1, [r5, #48]	@ 0x30
     830:	e2922024 	adds	r2, r2, #36	@ 0x24
     834:	2a00002f 	bcs	0x8f8
     838:	e59fc7ec 	ldr	ip, [pc, #2028]	@ 0x102c
     83c:	e152000c 	cmp	r2, ip
     840:	8a00002c 	bhi	0x8f8
     844:	e7910002 	ldr	r0, [r1, r2]
     848:	e1a03006 	mov	r3, r6
     84c:	e5952030 	ldr	r2, [r5, #48]	@ 0x30
     850:	e2933010 	adds	r3, r3, #16
     854:	2a000027 	bcs	0x8f8
     858:	e59fc7cc 	ldr	ip, [pc, #1996]	@ 0x102c
     85c:	e153000c 	cmp	r3, ip
     860:	8a000024 	bhi	0x8f8
     864:	e7921003 	ldr	r1, [r2, r3]
     868:	e1a03006 	mov	r3, r6
     86c:	e5952030 	ldr	r2, [r5, #48]	@ 0x30
     870:	e2933004 	adds	r3, r3, #4
     874:	2a00001f 	bcs	0x8f8
     878:	e59fc7ac 	ldr	ip, [pc, #1964]	@ 0x102c
     87c:	e153000c 	cmp	r3, ip
     880:	8a00001c 	bhi	0x8f8
     884:	e7821003 	str	r1, [r2, r3]
     888:	e1a02006 	mov	r2, r6
     88c:	e5951030 	ldr	r1, [r5, #48]	@ 0x30
     890:	e59fc794 	ldr	ip, [pc, #1940]	@ 0x102c
     894:	e152000c 	cmp	r2, ip
     898:	8a000016 	bhi	0x8f8
     89c:	e7810002 	str	r0, [r1, r2]
     8a0:	e3a0eb40 	mov	lr, #64, 22	@ 0x10000
     8a4:	e38ee04e 	orr	lr, lr, #78	@ 0x4e
     8a8:	e584e058 	str	lr, [r4, #88]	@ 0x58
     8ac:	e5846000 	str	r6, [r4]
     8b0:	e3a009fe 	mov	r0, #4161536	@ 0x3f8000
     8b4:	e3800d85 	orr	r0, r0, #8512	@ 0x2140
     8b8:	e1a01004 	mov	r1, r4
     8bc:	e59d2000 	ldr	r2, [sp]
     8c0:	e59fc784 	ldr	ip, [pc, #1924]	@ 0x104c
     8c4:	e12fff3c 	blx	ip
     8c8:	e3500000 	cmp	r0, #0
     8cc:	1a00000c 	bne	0x904
     8d0:	e3a00000 	mov	r0, #0
     8d4:	e2866050 	add	r6, r6, #80	@ 0x50
     8d8:	e595103c 	ldr	r1, [r5, #60]	@ 0x3c
     8dc:	e5816008 	str	r6, [r1, #8]
     8e0:	e584003c 	str	r0, [r4, #60]	@ 0x3c
     8e4:	e59f0764 	ldr	r0, [pc, #1892]	@ 0x1050
     8e8:	e30ccabc 	movw	ip, #51900	@ 0xcabc
     8ec:	e34ccdef 	movt	ip, #52719	@ 0xcdef
     8f0:	e28dd004 	add	sp, sp, #4
     8f4:	e8bd80c0 	pop	{r6, r7, pc}
     8f8:	e3a00008 	mov	r0, #8
     8fc:	e59d1000 	ldr	r1, [sp]
     900:	e5810010 	str	r0, [r1, #16]
     904:	e59d0000 	ldr	r0, [sp]
     908:	e59d100c 	ldr	r1, [sp, #12]
     90c:	e59fc740 	ldr	ip, [pc, #1856]	@ 0x1054
     910:	e12fff3c 	blx	ip
     914:	e28dd004 	add	sp, sp, #4
     918:	e8bd00c0 	pop	{r6, r7}
     91c:	e28dd004 	add	sp, sp, #4
     920:	e12fff10 	bx	r0
     924:	e92d4040 	push	{r6, lr}
     928:	e24dd008 	sub	sp, sp, #8
     92c:	e58d0000 	str	r0, [sp]
     930:	e30cc123 	movw	ip, #49443	@ 0xc123
     934:	e34cc456 	movt	ip, #50262	@ 0xc456
     938:	e5940000 	ldr	r0, [r4]
     93c:	e595e03c 	ldr	lr, [r5, #60]	@ 0x3c
     940:	e59e1008 	ldr	r1, [lr, #8]
     944:	e2411010 	sub	r1, r1, #16
     948:	e1a03001 	mov	r3, r1
     94c:	e5952030 	ldr	r2, [r5, #48]	@ 0x30
     950:	e293300c 	adds	r3, r3, #12
     954:	2a000036 	bcs	0xa34
     958:	e59fc6cc 	ldr	ip, [pc, #1740]	@ 0x102c
     95c:	e153000c 	cmp	r3, ip
     960:	8a000033 	bhi	0xa34
     964:	e7820003 	str	r0, [r2, r3]
     968:	e1a03001 	mov	r3, r1
     96c:	e5952030 	ldr	r2, [r5, #48]	@ 0x30
     970:	e293300c 	adds	r3, r3, #12
     974:	2a00002e 	bcs	0xa34
     978:	e59fc6ac 	ldr	ip, [pc, #1708]	@ 0x102c
     97c:	e153000c 	cmp	r3, ip
     980:	8a00002b 	bhi	0xa34
     984:	e7920003 	ldr	r0, [r2, r3]
     988:	e1a03000 	mov	r3, r0
     98c:	e5952030 	ldr	r2, [r5, #48]	@ 0x30
     990:	e59fc694 	ldr	ip, [pc, #1684]	@ 0x102c
     994:	e153000c 	cmp	r3, ip
     998:	8a000025 	bhi	0xa34
     99c:	e7920003 	ldr	r0, [r2, r3]
     9a0:	e59fc6b0 	ldr	ip, [pc, #1712]	@ 0x1058
     9a4:	e0000c90 	mul	r0, r0, ip
     9a8:	e59fc6ac 	ldr	ip, [pc, #1708]	@ 0x105c
     9ac:	e080000c 	add	r0, r0, ip
     9b0:	e1a06001 	mov	r6, r1
     9b4:	e5953030 	ldr	r3, [r5, #48]	@ 0x30
     9b8:	e296600c 	adds	r6, r6, #12
     9bc:	2a00001c 	bcs	0xa34
     9c0:	e59fc664 	ldr	ip, [pc, #1636]	@ 0x102c
     9c4:	e156000c 	cmp	r6, ip
     9c8:	8a000019 	bhi	0xa34
     9cc:	e7932006 	ldr	r2, [r3, r6]
     9d0:	e5953030 	ldr	r3, [r5, #48]	@ 0x30
     9d4:	e59fc650 	ldr	ip, [pc, #1616]	@ 0x102c
     9d8:	e152000c 	cmp	r2, ip
     9dc:	8a000014 	bhi	0xa34
     9e0:	e7830002 	str	r0, [r3, r2]
     9e4:	e1a02001 	mov	r2, r1
     9e8:	e5950030 	ldr	r0, [r5, #48]	@ 0x30
     9ec:	e292200c 	adds	r2, r2, #12
     9f0:	2a00000f 	bcs	0xa34
     9f4:	e59fc630 	ldr	ip, [pc, #1584]	@ 0x102c
     9f8:	e152000c 	cmp	r2, ip
     9fc:	8a00000c 	bhi	0xa34
     a00:	e7901002 	ldr	r1, [r0, r2]
     a04:	e1a02001 	mov	r2, r1
     a08:	e5950030 	ldr	r0, [r5, #48]	@ 0x30
     a0c:	e59fc618 	ldr	ip, [pc, #1560]	@ 0x102c
     a10:	e152000c 	cmp	r2, ip
     a14:	8a000006 	bhi	0xa34
     a18:	e7901002 	ldr	r1, [r0, r2]
     a1c:	e5841018 	str	r1, [r4, #24]
     a20:	e59f0638 	ldr	r0, [pc, #1592]	@ 0x1060
     a24:	e30ccabc 	movw	ip, #51900	@ 0xcabc
     a28:	e34ccdef 	movt	ip, #52719	@ 0xcdef
     a2c:	e28dd008 	add	sp, sp, #8
     a30:	e8bd8040 	pop	{r6, pc}
     a34:	e3a00008 	mov	r0, #8
     a38:	e59d1000 	ldr	r1, [sp]
     a3c:	e5810010 	str	r0, [r1, #16]
     a40:	e59d0000 	ldr	r0, [sp]
     a44:	e59d100c 	ldr	r1, [sp, #12]
     a48:	e59fc614 	ldr	ip, [pc, #1556]	@ 0x1064
     a4c:	e12fff3c 	blx	ip
     a50:	e59d6008 	ldr	r6, [sp, #8]
     a54:	e28dd010 	add	sp, sp, #16
     a58:	e12fff10 	bx	r0
     a5c:	e92d4040 	push	{r6, lr}
     a60:	e24dd008 	sub	sp, sp, #8
     a64:	e58d0000 	str	r0, [sp]
     a68:	e30cc123 	movw	ip, #49443	@ 0xc123
     a6c:	e34cc456 	movt	ip, #50262	@ 0xc456
     a70:	e5940000 	ldr	r0, [r4]
     a74:	e5941004 	ldr	r1, [r4, #4]
     a78:	e595e03c 	ldr	lr, [r5, #60]	@ 0x3c
     a7c:	e59e2008 	ldr	r2, [lr, #8]
     a80:	e2422010 	sub	r2, r2, #16
     a84:	e1a06002 	mov	r6, r2
     a88:	e5953030 	ldr	r3, [r5, #48]	@ 0x30
     a8c:	e296600c 	adds	r6, r6, #12
     a90:	2a000022 	bcs	0xb20
     a94:	e59fc590 	ldr	ip, [pc, #1424]	@ 0x102c
     a98:	e156000c 	cmp	r6, ip
     a9c:	8a00001f 	bhi	0xb20
     aa0:	e7830006 	str	r0, [r3, r6]
     aa4:	e1a03002 	mov	r3, r2
     aa8:	e5950030 	ldr	r0, [r5, #48]	@ 0x30
     aac:	e2933008 	adds	r3, r3, #8
     ab0:	2a00001a 	bcs	0xb20
     ab4:	e59fc570 	ldr	ip, [pc, #1392]	@ 0x102c
     ab8:	e153000c 	cmp	r3, ip
     abc:	8a000017 	bhi	0xb20
     ac0:	e7801003 	str	r1, [r0, r3]
     ac4:	e1a03002 	mov	r3, r2
     ac8:	e5951030 	ldr	r1, [r5, #48]	@ 0x30
     acc:	e293300c 	adds	r3, r3, #12
     ad0:	2a000012 	bcs	0xb20
     ad4:	e59fc550 	ldr	ip, [pc, #1360]	@ 0x102c
     ad8:	e153000c 	cmp	r3, ip
     adc:	8a00000f 	bhi	0xb20
     ae0:	e7910003 	ldr	r0, [r1, r3]
     ae4:	e1a03002 	mov	r3, r2
     ae8:	e5951030 	ldr	r1, [r5, #48]	@ 0x30
     aec:	e2933008 	adds	r3, r3, #8
     af0:	2a00000a 	bcs	0xb20
     af4:	e59fc530 	ldr	ip, [pc, #1328]	@ 0x102c
     af8:	e153000c 	cmp	r3, ip
     afc:	8a000007 	bhi	0xb20
     b00:	e7912003 	ldr	r2, [r1, r3]
     b04:	e0800002 	add	r0, r0, r2
     b08:	e5840010 	str	r0, [r4, #16]
     b0c:	e59f0554 	ldr	r0, [pc, #1364]	@ 0x1068
     b10:	e30ccabc 	movw	ip, #51900	@ 0xcabc
     b14:	e34ccdef 	movt	ip, #52719	@ 0xcdef
     b18:	e28dd008 	add	sp, sp, #8
     b1c:	e8bd8040 	pop	{r6, pc}
     b20:	e3a00008 	mov	r0, #8
     b24:	e59d1000 	ldr	r1, [sp]
     b28:	e5810010 	str	r0, [r1, #16]
     b2c:	e59d0000 	ldr	r0, [sp]
     b30:	e59d100c 	ldr	r1, [sp, #12]
     b34:	e59fc530 	ldr	ip, [pc, #1328]	@ 0x106c
     b38:	e12fff3c 	blx	ip
     b3c:	e59d6008 	ldr	r6, [sp, #8]
     b40:	e28dd010 	add	sp, sp, #16
     b44:	e12fff10 	bx	r0
     b48:	e92d4040 	push	{r6, lr}
     b4c:	e24dd008 	sub	sp, sp, #8
     b50:	e58d0000 	str	r0, [sp]
     b54:	e30cc123 	movw	ip, #49443	@ 0xc123
     b58:	e34cc456 	movt	ip, #50262	@ 0xc456
     b5c:	e5940000 	ldr	r0, [r4]
     b60:	e5941004 	ldr	r1, [r4, #4]
     b64:	e595e03c 	ldr	lr, [r5, #60]	@ 0x3c
     b68:	e59e2008 	ldr	r2, [lr, #8]
     b6c:	e2422010 	sub	r2, r2, #16
     b70:	e1a06002 	mov	r6, r2
     b74:	e5953030 	ldr	r3, [r5, #48]	@ 0x30
     b78:	e296600c 	adds	r6, r6, #12
     b7c:	2a000023 	bcs	0xc10
     b80:	e59fc4a4 	ldr	ip, [pc, #1188]	@ 0x102c
     b84:	e156000c 	cmp	r6, ip
     b88:	8a000020 	bhi	0xc10
     b8c:	e7830006 	str	r0, [r3, r6]
     b90:	e1a03002 	mov	r3, r2
     b94:	e5950030 	ldr	r0, [r5, #48]	@ 0x30
     b98:	e2933008 	adds	r3, r3, #8
     b9c:	2a00001b 	bcs	0xc10
     ba0:	e59fc484 	ldr	ip, [pc, #1156]	@ 0x102c
     ba4:	e153000c 	cmp	r3, ip
     ba8:	8a000018 	bhi	0xc10
     bac:	e7801003 	str	r1, [r0, r3]
     bb0:	e1a03002 	mov	r3, r2
     bb4:	e5951030 	ldr	r1, [r5, #48]	@ 0x30
     bb8:	e293300c 	adds	r3, r3, #12
     bbc:	2a000013 	bcs	0xc10
     bc0:	e59fc464 	ldr	ip, [pc, #1124]	@ 0x102c
     bc4:	e153000c 	cmp	r3, ip
     bc8:	8a000010 	bhi	0xc10
     bcc:	e7910003 	ldr	r0, [r1, r3]
     bd0:	e1a03002 	mov	r3, r2
     bd4:	e5951030 	ldr	r1, [r5, #48]	@ 0x30
     bd8:	e2933008 	adds	r3, r3, #8
     bdc:	2a00000b 	bcs	0xc10
     be0:	e59fc444 	ldr	ip, [pc, #1092]	@ 0x102c
     be4:	e153000c 	cmp	r3, ip
     be8:	8a000008 	bhi	0xc10
     bec:	e7912003 	ldr	r2, [r1, r3]
     bf0:	e0400002 	sub	r0, r0, r2
     bf4:	e5840010 	str	r0, [r4, #16]
     bf8:	e3a009fe 	mov	r0, #4161536	@ 0x3f8000
     bfc:	e3800edc 	orr	r0, r0, #220, 28	@ 0xdc0
     c00:	e30ccabc 	movw	ip, #51900	@ 0xcabc
     c04:	e34ccdef 	movt	ip, #52719	@ 0xcdef
     c08:	e28dd008 	add	sp, sp, #8
     c0c:	e8bd8040 	pop	{r6, pc}
     c10:	e3a00008 	mov	r0, #8
     c14:	e59d1000 	ldr	r1, [sp]
     c18:	e5810010 	str	r0, [r1, #16]
     c1c:	e59d0000 	ldr	r0, [sp]
     c20:	e59d100c 	ldr	r1, [sp, #12]
     c24:	e59fc444 	ldr	ip, [pc, #1092]	@ 0x1070
     c28:	e12fff3c 	blx	ip
     c2c:	e59d6008 	ldr	r6, [sp, #8]
     c30:	e28dd010 	add	sp, sp, #16
     c34:	e12fff10 	bx	r0
     c38:	e92d4040 	push	{r6, lr}
     c3c:	e24dd008 	sub	sp, sp, #8
     c40:	e58d0000 	str	r0, [sp]
     c44:	e30cc123 	movw	ip, #49443	@ 0xc123
     c48:	e34cc456 	movt	ip, #50262	@ 0xc456
     c4c:	e5940000 	ldr	r0, [r4]
     c50:	e5941004 	ldr	r1, [r4, #4]
     c54:	e595e03c 	ldr	lr, [r5, #60]	@ 0x3c
     c58:	e59e2008 	ldr	r2, [lr, #8]
     c5c:	e2422010 	sub	r2, r2, #16
     c60:	e1a06002 	mov	r6, r2
     c64:	e5953030 	ldr	r3, [r5, #48]	@ 0x30
     c68:	e296600c 	adds	r6, r6, #12
     c6c:	2a000022 	bcs	0xcfc
     c70:	e59fc3b4 	ldr	ip, [pc, #948]	@ 0x102c
     c74:	e156000c 	cmp	r6, ip
     c78:	8a00001f 	bhi	0xcfc
     c7c:	e7830006 	str	r0, [r3, r6]
     c80:	e1a03002 	mov	r3, r2
     c84:	e5950030 	ldr	r0, [r5, #48]	@ 0x30
     c88:	e2933008 	adds	r3, r3, #8
     c8c:	2a00001a 	bcs	0xcfc
     c90:	e59fc394 	ldr	ip, [pc, #916]	@ 0x102c
     c94:	e153000c 	cmp	r3, ip
     c98:	8a000017 	bhi	0xcfc
     c9c:	e7801003 	str	r1, [r0, r3]
     ca0:	e1a03002 	mov	r3, r2
     ca4:	e5951030 	ldr	r1, [r5, #48]	@ 0x30
     ca8:	e293300c 	adds	r3, r3, #12
     cac:	2a000012 	bcs	0xcfc
     cb0:	e59fc374 	ldr	ip, [pc, #884]	@ 0x102c
     cb4:	e153000c 	cmp	r3, ip
     cb8:	8a00000f 	bhi	0xcfc
     cbc:	e7910003 	ldr	r0, [r1, r3]
     cc0:	e1a03002 	mov	r3, r2
     cc4:	e5951030 	ldr	r1, [r5, #48]	@ 0x30
     cc8:	e2933008 	adds	r3, r3, #8
     ccc:	2a00000a 	bcs	0xcfc
     cd0:	e59fc354 	ldr	ip, [pc, #852]	@ 0x102c
     cd4:	e153000c 	cmp	r3, ip
     cd8:	8a000007 	bhi	0xcfc
     cdc:	e7912003 	ldr	r2, [r1, r3]
     ce0:	e0000290 	mul	r0, r0, r2
     ce4:	e5840010 	str	r0, [r4, #16]
     ce8:	e59f0384 	ldr	r0, [pc, #900]	@ 0x1074
     cec:	e30ccabc 	movw	ip, #51900	@ 0xcabc
     cf0:	e34ccdef 	movt	ip, #52719	@ 0xcdef
     cf4:	e28dd008 	add	sp, sp, #8
     cf8:	e8bd8040 	pop	{r6, pc}
     cfc:	e3a00008 	mov	r0, #8
     d00:	e59d1000 	ldr	r1, [sp]
     d04:	e5810010 	str	r0, [r1, #16]
     d08:	e59d0000 	ldr	r0, [sp]
     d0c:	e59d100c 	ldr	r1, [sp, #12]
     d10:	e59fc360 	ldr	ip, [pc, #864]	@ 0x1078
     d14:	e12fff3c 	blx	ip
     d18:	e59d6008 	ldr	r6, [sp, #8]
     d1c:	e28dd010 	add	sp, sp, #16
     d20:	e12fff10 	bx	r0
     d24:	e92d4040 	push	{r6, lr}
     d28:	e24dd008 	sub	sp, sp, #8
     d2c:	e58d0000 	str	r0, [sp]
     d30:	e30cc123 	movw	ip, #49443	@ 0xc123
     d34:	e34cc456 	movt	ip, #50262	@ 0xc456
     d38:	e5940000 	ldr	r0, [r4]
     d3c:	e5941004 	ldr	r1, [r4, #4]
     d40:	e595e03c 	ldr	lr, [r5, #60]	@ 0x3c
     d44:	e59e2008 	ldr	r2, [lr, #8]
     d48:	e2422010 	sub	r2, r2, #16
     d4c:	e1a06002 	mov	r6, r2
     d50:	e5953030 	ldr	r3, [r5, #48]	@ 0x30
     d54:	e296600c 	adds	r6, r6, #12
     d58:	2a000023 	bcs	0xdec
     d5c:	e59fc2c8 	ldr	ip, [pc, #712]	@ 0x102c
     d60:	e156000c 	cmp	r6, ip
     d64:	8a000020 	bhi	0xdec
     d68:	e7830006 	str	r0, [r3, r6]
     d6c:	e1a03002 	mov	r3, r2
     d70:	e5950030 	ldr	r0, [r5, #48]	@ 0x30
     d74:	e2933008 	adds	r3, r3, #8
     d78:	2a00001b 	bcs	0xdec
     d7c:	e59fc2a8 	ldr	ip, [pc, #680]	@ 0x102c
     d80:	e153000c 	cmp	r3, ip
     d84:	8a000018 	bhi	0xdec
     d88:	e7801003 	str	r1, [r0, r3]
     d8c:	e1a03002 	mov	r3, r2
     d90:	e5951030 	ldr	r1, [r5, #48]	@ 0x30
     d94:	e293300c 	adds	r3, r3, #12
     d98:	2a000013 	bcs	0xdec
     d9c:	e59fc288 	ldr	ip, [pc, #648]	@ 0x102c
     da0:	e153000c 	cmp	r3, ip
     da4:	8a000010 	bhi	0xdec
     da8:	e7910003 	ldr	r0, [r1, r3]
     dac:	e1a03002 	mov	r3, r2
     db0:	e5951030 	ldr	r1, [r5, #48]	@ 0x30
     db4:	e2933008 	adds	r3, r3, #8
     db8:	2a00000b 	bcs	0xdec
     dbc:	e59fc268 	ldr	ip, [pc, #616]	@ 0x102c
     dc0:	e153000c 	cmp	r3, ip
     dc4:	8a000008 	bhi	0xdec
     dc8:	e7912003 	ldr	r2, [r1, r3]
     dcc:	e0200002 	eor	r0, r0, r2
     dd0:	e5840010 	str	r0, [r4, #16]
     dd4:	e3a009fe 	mov	r0, #4161536	@ 0x3f8000
     dd8:	e3800ef1 	orr	r0, r0, #3856	@ 0xf10
     ddc:	e30ccabc 	movw	ip, #51900	@ 0xcabc
     de0:	e34ccdef 	movt	ip, #52719	@ 0xcdef
     de4:	e28dd008 	add	sp, sp, #8
     de8:	e8bd8040 	pop	{r6, pc}
     dec:	e3a00008 	mov	r0, #8
     df0:	e59d1000 	ldr	r1, [sp]
     df4:	e5810010 	str	r0, [r1, #16]
     df8:	e59d0000 	ldr	r0, [sp]
     dfc:	e59d100c 	ldr	r1, [sp, #12]
     e00:	e59fc274 	ldr	ip, [pc, #628]	@ 0x107c
     e04:	e12fff3c 	blx	ip
     e08:	e59d6008 	ldr	r6, [sp, #8]
     e0c:	e28dd010 	add	sp, sp, #16
     e10:	e12fff10 	bx	r0
     e14:	e92d4040 	push	{r6, lr}
     e18:	e24dd008 	sub	sp, sp, #8
     e1c:	e58d0000 	str	r0, [sp]
     e20:	e30cc123 	movw	ip, #49443	@ 0xc123
     e24:	e34cc456 	movt	ip, #50262	@ 0xc456
     e28:	e5940000 	ldr	r0, [r4]
     e2c:	e5941004 	ldr	r1, [r4, #4]
     e30:	e595e03c 	ldr	lr, [r5, #60]	@ 0x3c
     e34:	e59e2008 	ldr	r2, [lr, #8]
     e38:	e2422020 	sub	r2, r2, #32
     e3c:	e1a06002 	mov	r6, r2
     e40:	e5953030 	ldr	r3, [r5, #48]	@ 0x30
     e44:	e2966018 	adds	r6, r6, #24
     e48:	2a0000b3 	bcs	0x111c
     e4c:	e59fc1d8 	ldr	ip, [pc, #472]	@ 0x102c
     e50:	e156000c 	cmp	r6, ip
     e54:	8a0000b0 	bhi	0x111c
     e58:	e7830006 	str	r0, [r3, r6]
     e5c:	e1a03002 	mov	r3, r2
     e60:	e5950030 	ldr	r0, [r5, #48]	@ 0x30
     e64:	e2933014 	adds	r3, r3, #20
     e68:	2a0000ab 	bcs	0x111c
     e6c:	e59fc1b8 	ldr	ip, [pc, #440]	@ 0x102c
     e70:	e153000c 	cmp	r3, ip
     e74:	8a0000a8 	bhi	0x111c
     e78:	e7801003 	str	r1, [r0, r3]
     e7c:	e1a03002 	mov	r3, r2
     e80:	e5951030 	ldr	r1, [r5, #48]	@ 0x30
     e84:	e2933014 	adds	r3, r3, #20
     e88:	2a0000a3 	bcs	0x111c
     e8c:	e59fc198 	ldr	ip, [pc, #408]	@ 0x102c
     e90:	e153000c 	cmp	r3, ip
     e94:	8a0000a0 	bhi	0x111c
     e98:	e7910003 	ldr	r0, [r1, r3]
     e9c:	e2400032 	sub	r0, r0, #50	@ 0x32
     ea0:	e1a03002 	mov	r3, r2
     ea4:	e5951030 	ldr	r1, [r5, #48]	@ 0x30
     ea8:	e2933010 	adds	r3, r3, #16
     eac:	2a00009a 	bcs	0x111c
     eb0:	e59fc174 	ldr	ip, [pc, #372]	@ 0x102c
     eb4:	e153000c 	cmp	r3, ip
     eb8:	8a000097 	bhi	0x111c
     ebc:	e7810003 	str	r0, [r1, r3]
     ec0:	e1a03002 	mov	r3, r2
     ec4:	e5951030 	ldr	r1, [r5, #48]	@ 0x30
     ec8:	e2933014 	adds	r3, r3, #20
     ecc:	2a000092 	bcs	0x111c
     ed0:	e59fc154 	ldr	ip, [pc, #340]	@ 0x102c
     ed4:	e153000c 	cmp	r3, ip
     ed8:	8a00008f 	bhi	0x111c
     edc:	e7910003 	ldr	r0, [r1, r3]
     ee0:	e2800032 	add	r0, r0, #50	@ 0x32
     ee4:	e1a03002 	mov	r3, r2
     ee8:	e5951030 	ldr	r1, [r5, #48]	@ 0x30
     eec:	e293300c 	adds	r3, r3, #12
     ef0:	2a000089 	bcs	0x111c
     ef4:	e59fc130 	ldr	ip, [pc, #304]	@ 0x102c
     ef8:	e153000c 	cmp	r3, ip
     efc:	8a000086 	bhi	0x111c
     f00:	e7810003 	str	r0, [r1, r3]
     f04:	e1a03002 	mov	r3, r2
     f08:	e5951030 	ldr	r1, [r5, #48]	@ 0x30
     f0c:	e2933018 	adds	r3, r3, #24
     f10:	2a000081 	bcs	0x111c
     f14:	e59fc110 	ldr	ip, [pc, #272]	@ 0x102c
     f18:	e153000c 	cmp	r3, ip
     f1c:	8a00007e 	bhi	0x111c
     f20:	e7910003 	ldr	r0, [r1, r3]
     f24:	e1a06002 	mov	r6, r2
     f28:	e5953030 	ldr	r3, [r5, #48]	@ 0x30
     f2c:	e2966010 	adds	r6, r6, #16
     f30:	2a000079 	bcs	0x111c
     f34:	e59fc0f0 	ldr	ip, [pc, #240]	@ 0x102c
     f38:	e156000c 	cmp	r6, ip
     f3c:	8a000076 	bhi	0x111c
     f40:	e7931006 	ldr	r1, [r3, r6]
     f44:	e1500001 	cmp	r0, r1
     f48:	e3a00000 	mov	r0, #0
     f4c:	b3a00001 	movlt	r0, #1
     f50:	e3100001 	tst	r0, #1
     f54:	0a000010 	beq	0xf9c
     f58:	e1a03002 	mov	r3, r2
     f5c:	e5951030 	ldr	r1, [r5, #48]	@ 0x30
     f60:	e2933010 	adds	r3, r3, #16
     f64:	2a00006c 	bcs	0x111c
     f68:	e59fc0bc 	ldr	ip, [pc, #188]	@ 0x102c
     f6c:	e153000c 	cmp	r3, ip
     f70:	8a000069 	bhi	0x111c
     f74:	e7910003 	ldr	r0, [r1, r3]
     f78:	e1a03002 	mov	r3, r2
     f7c:	e5951030 	ldr	r1, [r5, #48]	@ 0x30
     f80:	e293301c 	adds	r3, r3, #28
     f84:	2a000064 	bcs	0x111c
     f88:	e59fc09c 	ldr	ip, [pc, #156]	@ 0x102c
     f8c:	e153000c 	cmp	r3, ip
     f90:	8a000061 	bhi	0x111c
     f94:	e7810003 	str	r0, [r1, r3]
     f98:	ea000050 	b	0x10e0
     f9c:	e1a03002 	mov	r3, r2
     fa0:	e5951030 	ldr	r1, [r5, #48]	@ 0x30
     fa4:	e2933018 	adds	r3, r3, #24
     fa8:	2a00005b 	bcs	0x111c
     fac:	e59fc078 	ldr	ip, [pc, #120]	@ 0x102c
     fb0:	e153000c 	cmp	r3, ip
     fb4:	8a000058 	bhi	0x111c
     fb8:	e7910003 	ldr	r0, [r1, r3]
     fbc:	e1a06002 	mov	r6, r2
     fc0:	e5953030 	ldr	r3, [r5, #48]	@ 0x30
     fc4:	e296600c 	adds	r6, r6, #12
     fc8:	2a000053 	bcs	0x111c
     fcc:	e59fc058 	ldr	ip, [pc, #88]	@ 0x102c
     fd0:	e156000c 	cmp	r6, ip
     fd4:	8a000050 	bhi	0x111c
     fd8:	e7931006 	ldr	r1, [r3, r6]
     fdc:	e1500001 	cmp	r0, r1
     fe0:	e3a00000 	mov	r0, #0
     fe4:	c3a00001 	movgt	r0, #1
     fe8:	e3100001 	tst	r0, #1
     fec:	0a00002b 	beq	0x10a0
     ff0:	e1a03002 	mov	r3, r2
     ff4:	e5951030 	ldr	r1, [r5, #48]	@ 0x30
     ff8:	e293300c 	adds	r3, r3, #12
     ffc:	2a000046 	bcs	0x111c
    1000:	e59fc024 	ldr	ip, [pc, #36]	@ 0x102c
    1004:	e153000c 	cmp	r3, ip
    1008:	8a000043 	bhi	0x111c
    100c:	e7910003 	ldr	r0, [r1, r3]
    1010:	e1a03002 	mov	r3, r2
    1014:	ea000019 	b	0x1080
    1018:	003f7420 	eorseq	r7, pc, r0, lsr #8
    101c:	000487b4 			@ <UNDEFINED> instruction: 0x000487b4
    1020:	003f742c 	eorseq	r7, pc, ip, lsr #8
    1024:	000487b4 			@ <UNDEFINED> instruction: 0x000487b4
    1028:	00047eac 	andeq	r7, r4, ip, lsr #29
    102c:	0101fffc 	strdeq	pc, [r1, -ip]
    1030:	0101fff8 	strdeq	pc, [r1, -r8]
    1034:	0d15ea5e 	vldreq	s28, [r5, #-376]	@ 0xfffffe88
    1038:	003f9e04 	eorseq	r9, pc, r4, lsl #28
    103c:	000487b4 			@ <UNDEFINED> instruction: 0x000487b4
    1040:	001f44e8 	andseq	r4, pc, r8, ror #9
    1044:	003f9f70 	eorseq	r9, pc, r0, ror pc	@ <UNPREDICTABLE>
    1048:	00048af0 	strdeq	r8, [r4], -r0
    104c:	000487b4 			@ <UNDEFINED> instruction: 0x000487b4
    1050:	003fa17c 	eorseq	sl, pc, ip, ror r1	@ <UNPREDICTABLE>
    1054:	00047eac 	andeq	r7, r4, ip, lsr #29
    1058:	0019660d 	andseq	r6, r9, sp, lsl #12
    105c:	3c6ef35f 	stclcc	3, cr15, [lr], #-380	@ 0xfffffe84
    1060:	003f8c74 	eorseq	r8, pc, r4, ror ip	@ <UNPREDICTABLE>
    1064:	00047eac 	andeq	r7, r4, ip, lsr #29
    1068:	003eb320 	eorseq	fp, lr, r0, lsr #6
    106c:	00047eac 	andeq	r7, r4, ip, lsr #29
    1070:	00047eac 	andeq	r7, r4, ip, lsr #29
    1074:	003f8e68 	eorseq	r8, pc, r8, ror #28
    1078:	00047eac 	andeq	r7, r4, ip, lsr #29
    107c:	00047eac 	andeq	r7, r4, ip, lsr #29
    1080:	e5951030 	ldr	r1, [r5, #48]	@ 0x30
    1084:	e293301c 	adds	r3, r3, #28
    1088:	2a000023 	bcs	0x111c
    108c:	e59fcfe4 	ldr	ip, [pc, #4068]	@ 0x2078
    1090:	e153000c 	cmp	r3, ip
    1094:	8a000020 	bhi	0x111c
    1098:	e7810003 	str	r0, [r1, r3]
    109c:	ea00000f 	b	0x10e0
    10a0:	e1a03002 	mov	r3, r2
    10a4:	e5951030 	ldr	r1, [r5, #48]	@ 0x30
    10a8:	e2933018 	adds	r3, r3, #24
    10ac:	2a00001a 	bcs	0x111c
    10b0:	e59fcfc0 	ldr	ip, [pc, #4032]	@ 0x2078
    10b4:	e153000c 	cmp	r3, ip
    10b8:	8a000017 	bhi	0x111c
    10bc:	e7910003 	ldr	r0, [r1, r3]
    10c0:	e1a03002 	mov	r3, r2
    10c4:	e5951030 	ldr	r1, [r5, #48]	@ 0x30
    10c8:	e293301c 	adds	r3, r3, #28
    10cc:	2a000012 	bcs	0x111c
    10d0:	e59fcfa0 	ldr	ip, [pc, #4000]	@ 0x2078
    10d4:	e153000c 	cmp	r3, ip
    10d8:	8a00000f 	bhi	0x111c
    10dc:	e7810003 	str	r0, [r1, r3]
    10e0:	e1a01002 	mov	r1, r2
    10e4:	e5950030 	ldr	r0, [r5, #48]	@ 0x30
    10e8:	e291101c 	adds	r1, r1, #28
    10ec:	2a00000a 	bcs	0x111c
    10f0:	e59fcf80 	ldr	ip, [pc, #3968]	@ 0x2078
    10f4:	e151000c 	cmp	r1, ip
    10f8:	8a000007 	bhi	0x111c
    10fc:	e7902001 	ldr	r2, [r0, r1]
    1100:	e5842018 	str	r2, [r4, #24]
    1104:	e3a009fe 	mov	r0, #4161536	@ 0x3f8000
    1108:	e3800d5f 	orr	r0, r0, #6080	@ 0x17c0
    110c:	e30ccabc 	movw	ip, #51900	@ 0xcabc
    1110:	e34ccdef 	movt	ip, #52719	@ 0xcdef
    1114:	e28dd008 	add	sp, sp, #8
    1118:	e8bd8040 	pop	{r6, pc}
    111c:	e3a00008 	mov	r0, #8
    1120:	e59d1000 	ldr	r1, [sp]
    1124:	e5810010 	str	r0, [r1, #16]
    1128:	e59d0000 	ldr	r0, [sp]
    112c:	e59d100c 	ldr	r1, [sp, #12]
    1130:	e59fcf44 	ldr	ip, [pc, #3908]	@ 0x207c
    1134:	e12fff3c 	blx	ip
    1138:	e59d6008 	ldr	r6, [sp, #8]
    113c:	e28dd010 	add	sp, sp, #16
    1140:	e12fff10 	bx	r0
    1144:	e92d4040 	push	{r6, lr}
    1148:	e24dd008 	sub	sp, sp, #8
    114c:	e58d0000 	str	r0, [sp]
    1150:	e30cc123 	movw	ip, #49443	@ 0xc123
    1154:	e34cc456 	movt	ip, #50262	@ 0xc456
    1158:	e5940000 	ldr	r0, [r4]
    115c:	e5941004 	ldr	r1, [r4, #4]
    1160:	e595e03c 	ldr	lr, [r5, #60]	@ 0x3c
    1164:	e59e2008 	ldr	r2, [lr, #8]
    1168:	e2422010 	sub	r2, r2, #16
    116c:	e1a06002 	mov	r6, r2
    1170:	e5953030 	ldr	r3, [r5, #48]	@ 0x30
    1174:	e296600c 	adds	r6, r6, #12
    1178:	2a000028 	bcs	0x1220
    117c:	e59fcef4 	ldr	ip, [pc, #3828]	@ 0x2078
    1180:	e156000c 	cmp	r6, ip
    1184:	8a000025 	bhi	0x1220
    1188:	e7830006 	str	r0, [r3, r6]
    118c:	e1a03002 	mov	r3, r2
    1190:	e5950030 	ldr	r0, [r5, #48]	@ 0x30
    1194:	e2933008 	adds	r3, r3, #8
    1198:	2a000020 	bcs	0x1220
    119c:	e59fced4 	ldr	ip, [pc, #3796]	@ 0x2078
    11a0:	e153000c 	cmp	r3, ip
    11a4:	8a00001d 	bhi	0x1220
    11a8:	e7801003 	str	r1, [r0, r3]
    11ac:	e1a03002 	mov	r3, r2
    11b0:	e5951030 	ldr	r1, [r5, #48]	@ 0x30
    11b4:	e293300c 	adds	r3, r3, #12
    11b8:	2a000018 	bcs	0x1220
    11bc:	e59fceb4 	ldr	ip, [pc, #3764]	@ 0x2078
    11c0:	e153000c 	cmp	r3, ip
    11c4:	8a000015 	bhi	0x1220
    11c8:	e7910003 	ldr	r0, [r1, r3]
    11cc:	e59fceac 	ldr	ip, [pc, #3756]	@ 0x2080
    11d0:	e000000c 	and	r0, r0, ip
    11d4:	e1a00220 	lsr	r0, r0, #4
    11d8:	e1a03002 	mov	r3, r2
    11dc:	e5951030 	ldr	r1, [r5, #48]	@ 0x30
    11e0:	e2933008 	adds	r3, r3, #8
    11e4:	2a00000d 	bcs	0x1220
    11e8:	e59fce88 	ldr	ip, [pc, #3720]	@ 0x2078
    11ec:	e153000c 	cmp	r3, ip
    11f0:	8a00000a 	bhi	0x1220
    11f4:	e7912003 	ldr	r2, [r1, r3]
    11f8:	e59fce84 	ldr	ip, [pc, #3716]	@ 0x2084
    11fc:	e002200c 	and	r2, r2, ip
    1200:	e1a02202 	lsl	r2, r2, #4
    1204:	e1800002 	orr	r0, r0, r2
    1208:	e584001c 	str	r0, [r4, #28]
    120c:	e59f0e74 	ldr	r0, [pc, #3700]	@ 0x2088
    1210:	e30ccabc 	movw	ip, #51900	@ 0xcabc
    1214:	e34ccdef 	movt	ip, #52719	@ 0xcdef
    1218:	e28dd008 	add	sp, sp, #8
    121c:	e8bd8040 	pop	{r6, pc}
    1220:	e3a00008 	mov	r0, #8
    1224:	e59d1000 	ldr	r1, [sp]
    1228:	e5810010 	str	r0, [r1, #16]
    122c:	e59d0000 	ldr	r0, [sp]
    1230:	e59d100c 	ldr	r1, [sp, #12]
    1234:	e59fce50 	ldr	ip, [pc, #3664]	@ 0x208c
    1238:	e12fff3c 	blx	ip
    123c:	e59d6008 	ldr	r6, [sp, #8]
    1240:	e28dd010 	add	sp, sp, #16
    1244:	e12fff10 	bx	r0
    1248:	e52de004 	push	{lr}		@ (str lr, [sp, #-4]!)
    124c:	e24dd004 	sub	sp, sp, #4
    1250:	e58d0000 	str	r0, [sp]
    1254:	e30cc123 	movw	ip, #49443	@ 0xc123
    1258:	e34cc456 	movt	ip, #50262	@ 0xc456
    125c:	e3a0c007 	mov	ip, #7
    1260:	e35c0000 	cmp	ip, #0
    1264:	0a000006 	beq	0x1284
    1268:	e59f0e20 	ldr	r0, [pc, #3616]	@ 0x2090
    126c:	e1a01004 	mov	r1, r4
    1270:	e59d2000 	ldr	r2, [sp]
    1274:	e59fce18 	ldr	ip, [pc, #3608]	@ 0x2094
    1278:	e12fff3c 	blx	ip
    127c:	e3500000 	cmp	r0, #0
    1280:	1a000017 	bne	0x12e4
    1284:	e59f0e0c 	ldr	r0, [pc, #3596]	@ 0x2098
    1288:	e1a01004 	mov	r1, r4
    128c:	e59d2000 	ldr	r2, [sp]
    1290:	e59fce04 	ldr	ip, [pc, #3588]	@ 0x209c
    1294:	e12fff3c 	blx	ip
    1298:	e3500000 	cmp	r0, #0
    129c:	1a000010 	bne	0x12e4
    12a0:	e5940004 	ldr	r0, [r4, #4]
    12a4:	e5840004 	str	r0, [r4, #4]
    12a8:	e59f0df0 	ldr	r0, [pc, #3568]	@ 0x20a0
    12ac:	e1a01004 	mov	r1, r4
    12b0:	e59d2000 	ldr	r2, [sp]
    12b4:	e59fcde8 	ldr	ip, [pc, #3560]	@ 0x20a4
    12b8:	e12fff3c 	blx	ip
    12bc:	e3500000 	cmp	r0, #0
    12c0:	1a000007 	bne	0x12e4
    12c4:	e3a00015 	mov	r0, #21
    12c8:	ea000003 	b	0x12dc
    12cc:	e30ccabc 	movw	ip, #51900	@ 0xcabc
    12d0:	e34ccdef 	movt	ip, #52719	@ 0xcdef
    12d4:	e28dd004 	add	sp, sp, #4
    12d8:	e49df004 	pop	{pc}		@ (ldr pc, [sp], #4)
    12dc:	e59d1000 	ldr	r1, [sp]
    12e0:	e5810010 	str	r0, [r1, #16]
    12e4:	e59d0000 	ldr	r0, [sp]
    12e8:	e59d1004 	ldr	r1, [sp, #4]
    12ec:	e59fcdb4 	ldr	ip, [pc, #3508]	@ 0x20a8
    12f0:	e12fff3c 	blx	ip
    12f4:	e28dd008 	add	sp, sp, #8
    12f8:	e12fff10 	bx	r0
    12fc:	e52de004 	push	{lr}		@ (str lr, [sp, #-4]!)
    1300:	e24dd004 	sub	sp, sp, #4
    1304:	e58d0000 	str	r0, [sp]
    1308:	e30cc123 	movw	ip, #49443	@ 0xc123
    130c:	e34cc456 	movt	ip, #50262	@ 0xc456
    1310:	e59f0d94 	ldr	r0, [pc, #3476]	@ 0x20ac
    1314:	e30ccabc 	movw	ip, #51900	@ 0xcabc
    1318:	e34ccdef 	movt	ip, #52719	@ 0xcdef
    131c:	e28dd004 	add	sp, sp, #4
    1320:	e49df004 	pop	{pc}		@ (ldr pc, [sp], #4)
    1324:	e92d4040 	push	{r6, lr}
    1328:	e24dd008 	sub	sp, sp, #8
    132c:	e58d0000 	str	r0, [sp]
    1330:	e30cc123 	movw	ip, #49443	@ 0xc123
    1334:	e34cc456 	movt	ip, #50262	@ 0xc456
    1338:	e3a06000 	mov	r6, #0
    133c:	e3a0c000 	mov	ip, #0
    1340:	e35c0000 	cmp	ip, #0
    1344:	9a000011 	bls	0x1390
    1348:	e2460004 	sub	r0, r6, #4
    134c:	e1a06000 	mov	r6, r0
    1350:	e1a02000 	mov	r2, r0
    1354:	e5951030 	ldr	r1, [r5, #48]	@ 0x30
    1358:	e59fcd18 	ldr	ip, [pc, #3352]	@ 0x2078
    135c:	e152000c 	cmp	r2, ip
    1360:	8a000017 	bhi	0x13c4
    1364:	e7910002 	ldr	r0, [r1, r2]
    1368:	e584000c 	str	r0, [r4, #12]
    136c:	e59f0d3c 	ldr	r0, [pc, #3388]	@ 0x20b0
    1370:	e1a01004 	mov	r1, r4
    1374:	e59d2000 	ldr	r2, [sp]
    1378:	e59fcd34 	ldr	ip, [pc, #3380]	@ 0x20b4
    137c:	e12fff3c 	blx	ip
    1380:	e3500000 	cmp	r0, #0
    1384:	1a000011 	bne	0x13d0
    1388:	e3560000 	cmp	r6, #0
    138c:	8affffed 	bhi	0x1348
    1390:	e3a009fd 	mov	r0, #4145152	@ 0x3f4000
    1394:	e3800deb 	orr	r0, r0, #15040	@ 0x3ac0
    1398:	e1a01004 	mov	r1, r4
    139c:	e59d2000 	ldr	r2, [sp]
    13a0:	e59fcd10 	ldr	ip, [pc, #3344]	@ 0x20b8
    13a4:	e12fff3c 	blx	ip
    13a8:	e3500000 	cmp	r0, #0
    13ac:	1a000007 	bne	0x13d0
    13b0:	e59f0d04 	ldr	r0, [pc, #3332]	@ 0x20bc
    13b4:	e30ccabc 	movw	ip, #51900	@ 0xcabc
    13b8:	e34ccdef 	movt	ip, #52719	@ 0xcdef
    13bc:	e28dd008 	add	sp, sp, #8
    13c0:	e8bd8040 	pop	{r6, pc}
    13c4:	e3a00008 	mov	r0, #8
    13c8:	e59d1000 	ldr	r1, [sp]
    13cc:	e5810010 	str	r0, [r1, #16]
    13d0:	e59d0000 	ldr	r0, [sp]
    13d4:	e59d100c 	ldr	r1, [sp, #12]
    13d8:	e59fcce0 	ldr	ip, [pc, #3296]	@ 0x20c0
    13dc:	e12fff3c 	blx	ip
    13e0:	e59d6008 	ldr	r6, [sp, #8]
    13e4:	e28dd010 	add	sp, sp, #16
    13e8:	e12fff10 	bx	r0
    13ec:	e92d4040 	push	{r6, lr}
    13f0:	e24dd008 	sub	sp, sp, #8
    13f4:	e58d0000 	str	r0, [sp]
    13f8:	e30cc123 	movw	ip, #49443	@ 0xc123
    13fc:	e34cc456 	movt	ip, #50262	@ 0xc456
    1400:	e5946000 	ldr	r6, [r4]
    1404:	e59f0cb8 	ldr	r0, [pc, #3256]	@ 0x20c4
    1408:	e1a01004 	mov	r1, r4
    140c:	e59d2000 	ldr	r2, [sp]
    1410:	e59fccb0 	ldr	ip, [pc, #3248]	@ 0x20c8
    1414:	e12fff3c 	blx	ip
    1418:	e3500000 	cmp	r0, #0
    141c:	1a00001d 	bne	0x1498
    1420:	e59f0ca4 	ldr	r0, [pc, #3236]	@ 0x20cc
    1424:	e1a01004 	mov	r1, r4
    1428:	e59d2000 	ldr	r2, [sp]
    142c:	e59fcc9c 	ldr	ip, [pc, #3228]	@ 0x20d0
    1430:	e12fff3c 	blx	ip
    1434:	e3500000 	cmp	r0, #0
    1438:	1a000016 	bne	0x1498
    143c:	e59f0c90 	ldr	r0, [pc, #3216]	@ 0x20d4
    1440:	e1a01004 	mov	r1, r4
    1444:	e59d2000 	ldr	r2, [sp]
    1448:	e59fcc88 	ldr	ip, [pc, #3208]	@ 0x20d8
    144c:	e12fff3c 	blx	ip
    1450:	e3500000 	cmp	r0, #0
    1454:	1a00000f 	bne	0x1498
    1458:	e5846000 	str	r6, [r4]
    145c:	e59f0c78 	ldr	r0, [pc, #3192]	@ 0x20dc
    1460:	e1a01004 	mov	r1, r4
    1464:	e59d2000 	ldr	r2, [sp]
    1468:	e59fcc70 	ldr	ip, [pc, #3184]	@ 0x20e0
    146c:	e12fff3c 	blx	ip
    1470:	e3500000 	cmp	r0, #0
    1474:	1a000007 	bne	0x1498
    1478:	e3a00015 	mov	r0, #21
    147c:	ea000003 	b	0x1490
    1480:	e30ccabc 	movw	ip, #51900	@ 0xcabc
    1484:	e34ccdef 	movt	ip, #52719	@ 0xcdef
    1488:	e28dd008 	add	sp, sp, #8
    148c:	e8bd8040 	pop	{r6, pc}
    1490:	e59d1000 	ldr	r1, [sp]
    1494:	e5810010 	str	r0, [r1, #16]
    1498:	e59d0000 	ldr	r0, [sp]
    149c:	e59d100c 	ldr	r1, [sp, #12]
    14a0:	e59fcc3c 	ldr	ip, [pc, #3132]	@ 0x20e4
    14a4:	e12fff3c 	blx	ip
    14a8:	e59d6008 	ldr	r6, [sp, #8]
    14ac:	e28dd010 	add	sp, sp, #16
    14b0:	e12fff10 	bx	r0
    14b4:	e52de004 	push	{lr}		@ (str lr, [sp, #-4]!)
    14b8:	e24dd004 	sub	sp, sp, #4
    14bc:	e58d0000 	str	r0, [sp]
    14c0:	e30cc123 	movw	ip, #49443	@ 0xc123
    14c4:	e34cc456 	movt	ip, #50262	@ 0xc456
    14c8:	e5940000 	ldr	r0, [r4]
    14cc:	e5840000 	str	r0, [r4]
    14d0:	e59f0c10 	ldr	r0, [pc, #3088]	@ 0x20e8
    14d4:	e1a01004 	mov	r1, r4
    14d8:	e59d2000 	ldr	r2, [sp]
    14dc:	e59fcc08 	ldr	ip, [pc, #3080]	@ 0x20ec
    14e0:	e12fff3c 	blx	ip
    14e4:	e3500000 	cmp	r0, #0
    14e8:	1a000007 	bne	0x150c
    14ec:	e3a00015 	mov	r0, #21
    14f0:	ea000003 	b	0x1504
    14f4:	e30ccabc 	movw	ip, #51900	@ 0xcabc
    14f8:	e34ccdef 	movt	ip, #52719	@ 0xcdef
    14fc:	e28dd004 	add	sp, sp, #4
    1500:	e49df004 	pop	{pc}		@ (ldr pc, [sp], #4)
    1504:	e59d1000 	ldr	r1, [sp]
    1508:	e5810010 	str	r0, [r1, #16]
    150c:	e59d0000 	ldr	r0, [sp]
    1510:	e59d1004 	ldr	r1, [sp, #4]
    1514:	e59fcbd4 	ldr	ip, [pc, #3028]	@ 0x20f0
    1518:	e12fff3c 	blx	ip
    151c:	e28dd008 	add	sp, sp, #8
    1520:	e12fff10 	bx	r0
    1524:	e92d40c0 	push	{r6, r7, lr}
    1528:	e24dd004 	sub	sp, sp, #4
    152c:	e58d0000 	str	r0, [sp]
    1530:	e30cc123 	movw	ip, #49443	@ 0xc123
    1534:	e34cc456 	movt	ip, #50262	@ 0xc456
    1538:	e5940000 	ldr	r0, [r4]
    153c:	e5941004 	ldr	r1, [r4, #4]
    1540:	e595e03c 	ldr	lr, [r5, #60]	@ 0x3c
    1544:	e59e2008 	ldr	r2, [lr, #8]
    1548:	e2422010 	sub	r2, r2, #16
    154c:	e1a06002 	mov	r6, r2
    1550:	e595303c 	ldr	r3, [r5, #60]	@ 0x3c
    1554:	e5832008 	str	r2, [r3, #8]
    1558:	e1a03006 	mov	r3, r6
    155c:	e5952030 	ldr	r2, [r5, #48]	@ 0x30
    1560:	e293300c 	adds	r3, r3, #12
    1564:	2a000019 	bcs	0x15d0
    1568:	e59fcb08 	ldr	ip, [pc, #2824]	@ 0x2078
    156c:	e153000c 	cmp	r3, ip
    1570:	8a000016 	bhi	0x15d0
    1574:	e7821003 	str	r1, [r2, r3]
    1578:	e3a0eb42 	mov	lr, #67584	@ 0x10800
    157c:	e38eefc2 	orr	lr, lr, #776	@ 0x308
    1580:	e584e010 	str	lr, [r4, #16]
    1584:	e5840000 	str	r0, [r4]
    1588:	e5841004 	str	r1, [r4, #4]
    158c:	e59f0b60 	ldr	r0, [pc, #2912]	@ 0x20f4
    1590:	e1a01004 	mov	r1, r4
    1594:	e59d2000 	ldr	r2, [sp]
    1598:	e59fcb58 	ldr	ip, [pc, #2904]	@ 0x20f8
    159c:	e12fff3c 	blx	ip
    15a0:	e3500000 	cmp	r0, #0
    15a4:	1a00000c 	bne	0x15dc
    15a8:	e5940014 	ldr	r0, [r4, #20]
    15ac:	e2866010 	add	r6, r6, #16
    15b0:	e595103c 	ldr	r1, [r5, #60]	@ 0x3c
    15b4:	e5816008 	str	r6, [r1, #8]
    15b8:	e5840004 	str	r0, [r4, #4]
    15bc:	e59f0b38 	ldr	r0, [pc, #2872]	@ 0x20fc
    15c0:	e30ccabc 	movw	ip, #51900	@ 0xcabc
    15c4:	e34ccdef 	movt	ip, #52719	@ 0xcdef
    15c8:	e28dd004 	add	sp, sp, #4
    15cc:	e8bd80c0 	pop	{r6, r7, pc}
    15d0:	e3a00008 	mov	r0, #8
    15d4:	e59d1000 	ldr	r1, [sp]
    15d8:	e5810010 	str	r0, [r1, #16]
    15dc:	e59d0000 	ldr	r0, [sp]
    15e0:	e59d100c 	ldr	r1, [sp, #12]
    15e4:	e59fcb14 	ldr	ip, [pc, #2836]	@ 0x2100
    15e8:	e12fff3c 	blx	ip
    15ec:	e28dd004 	add	sp, sp, #4
    15f0:	e8bd00c0 	pop	{r6, r7}
    15f4:	e28dd004 	add	sp, sp, #4
    15f8:	e12fff10 	bx	r0
    15fc:	e92d4fc0 	push	{r6, r7, r8, r9, sl, fp, lr}
    1600:	e24dd004 	sub	sp, sp, #4
    1604:	e58d0000 	str	r0, [sp]
    1608:	e30cc123 	movw	ip, #49443	@ 0xc123
    160c:	e34cc456 	movt	ip, #50262	@ 0xc456
    1610:	e5946000 	ldr	r6, [r4]
    1614:	e5940004 	ldr	r0, [r4, #4]
    1618:	e595e03c 	ldr	lr, [r5, #60]	@ 0x3c
    161c:	e59e1008 	ldr	r1, [lr, #8]
    1620:	e2411020 	sub	r1, r1, #32
    1624:	e584100c 	str	r1, [r4, #12]
    1628:	e595203c 	ldr	r2, [r5, #60]	@ 0x3c
    162c:	e5821008 	str	r1, [r2, #8]
    1630:	e1a03006 	mov	r3, r6
    1634:	e5952030 	ldr	r2, [r5, #48]	@ 0x30
    1638:	e293301c 	adds	r3, r3, #28
    163c:	2a000129 	bcs	0x1ae8
    1640:	e59fca30 	ldr	ip, [pc, #2608]	@ 0x2078
    1644:	e153000c 	cmp	r3, ip
    1648:	8a000126 	bhi	0x1ae8
    164c:	e7921003 	ldr	r1, [r2, r3]
    1650:	e1a02001 	mov	r2, r1
    1654:	e594900c 	ldr	r9, [r4, #12]
    1658:	e5953030 	ldr	r3, [r5, #48]	@ 0x30
    165c:	e2999010 	adds	r9, r9, #16
    1660:	2a000120 	bcs	0x1ae8
    1664:	e59fca0c 	ldr	ip, [pc, #2572]	@ 0x2078
    1668:	e159000c 	cmp	r9, ip
    166c:	8a00011d 	bhi	0x1ae8
    1670:	e7831009 	str	r1, [r3, r9]
    1674:	e1a09006 	mov	r9, r6
    1678:	e5953030 	ldr	r3, [r5, #48]	@ 0x30
    167c:	e2999014 	adds	r9, r9, #20
    1680:	2a000118 	bcs	0x1ae8
    1684:	e59fc9ec 	ldr	ip, [pc, #2540]	@ 0x2078
    1688:	e159000c 	cmp	r9, ip
    168c:	8a000115 	bhi	0x1ae8
    1690:	e7931009 	ldr	r1, [r3, r9]
    1694:	e594900c 	ldr	r9, [r4, #12]
    1698:	e5953030 	ldr	r3, [r5, #48]	@ 0x30
    169c:	e594a008 	ldr	sl, [r4, #8]
    16a0:	e299901c 	adds	r9, r9, #28
    16a4:	2a00010f 	bcs	0x1ae8
    16a8:	e59fc9c8 	ldr	ip, [pc, #2504]	@ 0x2078
    16ac:	e159000c 	cmp	r9, ip
    16b0:	8a00010c 	bhi	0x1ae8
    16b4:	e783a009 	str	sl, [r3, r9]
    16b8:	e594900c 	ldr	r9, [r4, #12]
    16bc:	e5953030 	ldr	r3, [r5, #48]	@ 0x30
    16c0:	e2999018 	adds	r9, r9, #24
    16c4:	2a000107 	bcs	0x1ae8
    16c8:	e59fc9a8 	ldr	ip, [pc, #2472]	@ 0x2078
    16cc:	e159000c 	cmp	r9, ip
    16d0:	8a000104 	bhi	0x1ae8
    16d4:	e7830009 	str	r0, [r3, r9]
    16d8:	e0411002 	sub	r1, r1, r2
    16dc:	e1a00001 	mov	r0, r1
    16e0:	e594300c 	ldr	r3, [r4, #12]
    16e4:	e5952030 	ldr	r2, [r5, #48]	@ 0x30
    16e8:	e2933014 	adds	r3, r3, #20
    16ec:	2a0000fd 	bcs	0x1ae8
    16f0:	e59fc980 	ldr	ip, [pc, #2432]	@ 0x2078
    16f4:	e153000c 	cmp	r3, ip
    16f8:	8a0000fa 	bhi	0x1ae8
    16fc:	e7821003 	str	r1, [r2, r3]
    1700:	e594c008 	ldr	ip, [r4, #8]
    1704:	e080900c 	add	r9, r0, ip
    1708:	e594c00c 	ldr	ip, [r4, #12]
    170c:	e28ca010 	add	sl, ip, #16
    1710:	e3a0e002 	mov	lr, #2
    1714:	e584e01c 	str	lr, [r4, #28]
    1718:	e1a02006 	mov	r2, r6
    171c:	e5951030 	ldr	r1, [r5, #48]	@ 0x30
    1720:	e292203c 	adds	r2, r2, #60	@ 0x3c
    1724:	2a0000ef 	bcs	0x1ae8
    1728:	e59fc948 	ldr	ip, [pc, #2376]	@ 0x2078
    172c:	e152000c 	cmp	r2, ip
    1730:	8a0000ec 	bhi	0x1ae8
    1734:	e7910002 	ldr	r0, [r1, r2]
    1738:	e594c00c 	ldr	ip, [r4, #12]
    173c:	e28c1010 	add	r1, ip, #16
    1740:	e594c00c 	ldr	ip, [r4, #12]
    1744:	e28c200c 	add	r2, ip, #12
    1748:	e5840040 	str	r0, [r4, #64]	@ 0x40
    174c:	e5841044 	str	r1, [r4, #68]	@ 0x44
    1750:	e3a0e002 	mov	lr, #2
    1754:	e584e02c 	str	lr, [r4, #44]	@ 0x2c
    1758:	e584204c 	str	r2, [r4, #76]	@ 0x4c
    175c:	e59f09a0 	ldr	r0, [pc, #2464]	@ 0x2104
    1760:	e1a01004 	mov	r1, r4
    1764:	e59d2000 	ldr	r2, [sp]
    1768:	e59fc998 	ldr	ip, [pc, #2456]	@ 0x2108
    176c:	e12fff3c 	blx	ip
    1770:	e3500000 	cmp	r0, #0
    1774:	1a0000de 	bne	0x1af4
    1778:	e5940040 	ldr	r0, [r4, #64]	@ 0x40
    177c:	e5840040 	str	r0, [r4, #64]	@ 0x40
    1780:	e59f0984 	ldr	r0, [pc, #2436]	@ 0x210c
    1784:	e1a01004 	mov	r1, r4
    1788:	e59d2000 	ldr	r2, [sp]
    178c:	e59fc97c 	ldr	ip, [pc, #2428]	@ 0x2110
    1790:	e12fff3c 	blx	ip
    1794:	e3500000 	cmp	r0, #0
    1798:	1a0000d5 	bne	0x1af4
    179c:	e5940040 	ldr	r0, [r4, #64]	@ 0x40
    17a0:	e3500000 	cmp	r0, #0
    17a4:	0a000001 	beq	0x17b0
    17a8:	e584a014 	str	sl, [r4, #20]
    17ac:	ea000066 	b	0x194c
    17b0:	e594200c 	ldr	r2, [r4, #12]
    17b4:	e5951030 	ldr	r1, [r5, #48]	@ 0x30
    17b8:	e292200c 	adds	r2, r2, #12
    17bc:	2a0000c9 	bcs	0x1ae8
    17c0:	e59fc8b0 	ldr	ip, [pc, #2224]	@ 0x2078
    17c4:	e152000c 	cmp	r2, ip
    17c8:	8a0000c6 	bhi	0x1ae8
    17cc:	e7910002 	ldr	r0, [r1, r2]
    17d0:	e1a01000 	mov	r1, r0
    17d4:	e1590000 	cmp	r9, r0
    17d8:	0a00005d 	beq	0x1954
    17dc:	e3710001 	cmn	r1, #1
    17e0:	ca000001 	bgt	0x17ec
    17e4:	e584a014 	str	sl, [r4, #20]
    17e8:	ea000085 	b	0x1a04
    17ec:	e1a0300a 	mov	r3, sl
    17f0:	e5952030 	ldr	r2, [r5, #48]	@ 0x30
    17f4:	e2933004 	adds	r3, r3, #4
    17f8:	2a0000ba 	bcs	0x1ae8
    17fc:	e59fc874 	ldr	ip, [pc, #2164]	@ 0x2078
    1800:	e153000c 	cmp	r3, ip
    1804:	8a0000b7 	bhi	0x1ae8
    1808:	e7920003 	ldr	r0, [r2, r3]
    180c:	e1a02000 	mov	r2, r0
    1810:	e1510000 	cmp	r1, r0
    1814:	e3a00000 	mov	r0, #0
    1818:	83a00001 	movhi	r0, #1
    181c:	e1a03000 	mov	r3, r0
    1820:	e3500000 	cmp	r0, #0
    1824:	e3a07008 	mov	r7, #8
    1828:	03a07000 	moveq	r7, #0
    182c:	e08a7007 	add	r7, sl, r7
    1830:	e5847014 	str	r7, [r4, #20]
    1834:	e594b014 	ldr	fp, [r4, #20]
    1838:	e5958030 	ldr	r8, [r5, #48]	@ 0x30
    183c:	e59fc834 	ldr	ip, [pc, #2100]	@ 0x2078
    1840:	e15b000c 	cmp	fp, ip
    1844:	8a0000a7 	bhi	0x1ae8
    1848:	e798000b 	ldr	r0, [r8, fp]
    184c:	e3530000 	cmp	r3, #0
    1850:	03a02000 	moveq	r2, #0
    1854:	e0412002 	sub	r2, r1, r2
    1858:	e1a08002 	mov	r8, r2
    185c:	e0800002 	add	r0, r0, r2
    1860:	e5952030 	ldr	r2, [r5, #48]	@ 0x30
    1864:	e59fc80c 	ldr	ip, [pc, #2060]	@ 0x2078
    1868:	e157000c 	cmp	r7, ip
    186c:	8a00009d 	bhi	0x1ae8
    1870:	e7820007 	str	r0, [r2, r7]
    1874:	e3530000 	cmp	r3, #0
    1878:	e3a0000c 	mov	r0, #12
    187c:	03a00004 	moveq	r0, #4
    1880:	e08a0000 	add	r0, sl, r0
    1884:	e1a02000 	mov	r2, r0
    1888:	e1a0b002 	mov	fp, r2
    188c:	e5957030 	ldr	r7, [r5, #48]	@ 0x30
    1890:	e59fc7e0 	ldr	ip, [pc, #2016]	@ 0x2078
    1894:	e15b000c 	cmp	fp, ip
    1898:	8a000092 	bhi	0x1ae8
    189c:	e797200b 	ldr	r2, [r7, fp]
    18a0:	e0422008 	sub	r2, r2, r8
    18a4:	e5957030 	ldr	r7, [r5, #48]	@ 0x30
    18a8:	e59fc7c8 	ldr	ip, [pc, #1992]	@ 0x2078
    18ac:	e150000c 	cmp	r0, ip
    18b0:	8a00008c 	bhi	0x1ae8
    18b4:	e7872000 	str	r2, [r7, r0]
    18b8:	e0499001 	sub	r9, r9, r1
    18bc:	e594a014 	ldr	sl, [r4, #20]
    18c0:	e1a02006 	mov	r2, r6
    18c4:	e5951030 	ldr	r1, [r5, #48]	@ 0x30
    18c8:	e292203c 	adds	r2, r2, #60	@ 0x3c
    18cc:	2a000085 	bcs	0x1ae8
    18d0:	e59fc7a0 	ldr	ip, [pc, #1952]	@ 0x2078
    18d4:	e152000c 	cmp	r2, ip
    18d8:	8a000082 	bhi	0x1ae8
    18dc:	e7910002 	ldr	r0, [r1, r2]
    18e0:	e594c01c 	ldr	ip, [r4, #28]
    18e4:	e04c3003 	sub	r3, ip, r3
    18e8:	e584301c 	str	r3, [r4, #28]
    18ec:	e594c00c 	ldr	ip, [r4, #12]
    18f0:	e28c100c 	add	r1, ip, #12
    18f4:	e5840040 	str	r0, [r4, #64]	@ 0x40
    18f8:	e5843048 	str	r3, [r4, #72]	@ 0x48
    18fc:	e584104c 	str	r1, [r4, #76]	@ 0x4c
    1900:	e59f080c 	ldr	r0, [pc, #2060]	@ 0x2114
    1904:	e1a01004 	mov	r1, r4
    1908:	e59d2000 	ldr	r2, [sp]
    190c:	e59fc804 	ldr	ip, [pc, #2052]	@ 0x2118
    1910:	e12fff3c 	blx	ip
    1914:	e3500000 	cmp	r0, #0
    1918:	1a000075 	bne	0x1af4
    191c:	e5940040 	ldr	r0, [r4, #64]	@ 0x40
    1920:	e5840040 	str	r0, [r4, #64]	@ 0x40
    1924:	e59f07f0 	ldr	r0, [pc, #2032]	@ 0x211c
    1928:	e1a01004 	mov	r1, r4
    192c:	e59d2000 	ldr	r2, [sp]
    1930:	e59fc7e8 	ldr	ip, [pc, #2024]	@ 0x2120
    1934:	e12fff3c 	blx	ip
    1938:	e3500000 	cmp	r0, #0
    193c:	1a00006c 	bne	0x1af4
    1940:	e5940040 	ldr	r0, [r4, #64]	@ 0x40
    1944:	e3500000 	cmp	r0, #0
    1948:	0affff98 	beq	0x17b0
    194c:	e3790001 	cmn	r9, #1
    1950:	1a00002b 	bne	0x1a04
    1954:	e1a02006 	mov	r2, r6
    1958:	e5951030 	ldr	r1, [r5, #48]	@ 0x30
    195c:	e292202c 	adds	r2, r2, #44	@ 0x2c
    1960:	2a000060 	bcs	0x1ae8
    1964:	e59fc70c 	ldr	ip, [pc, #1804]	@ 0x2078
    1968:	e152000c 	cmp	r2, ip
    196c:	8a00005d 	bhi	0x1ae8
    1970:	e7910002 	ldr	r0, [r1, r2]
    1974:	e1a01000 	mov	r1, r0
    1978:	e1a03006 	mov	r3, r6
    197c:	e5952030 	ldr	r2, [r5, #48]	@ 0x30
    1980:	e293301c 	adds	r3, r3, #28
    1984:	2a000057 	bcs	0x1ae8
    1988:	e59fc6e8 	ldr	ip, [pc, #1768]	@ 0x2078
    198c:	e153000c 	cmp	r3, ip
    1990:	8a000054 	bhi	0x1ae8
    1994:	e7820003 	str	r0, [r2, r3]
    1998:	e1a02006 	mov	r2, r6
    199c:	e5950030 	ldr	r0, [r5, #48]	@ 0x30
    19a0:	e2922014 	adds	r2, r2, #20
    19a4:	2a00004f 	bcs	0x1ae8
    19a8:	e59fc6c8 	ldr	ip, [pc, #1736]	@ 0x2078
    19ac:	e152000c 	cmp	r2, ip
    19b0:	8a00004c 	bhi	0x1ae8
    19b4:	e7801002 	str	r1, [r0, r2]
    19b8:	e1a03006 	mov	r3, r6
    19bc:	e5952030 	ldr	r2, [r5, #48]	@ 0x30
    19c0:	e2933030 	adds	r3, r3, #48	@ 0x30
    19c4:	2a000047 	bcs	0x1ae8
    19c8:	e59fc6a8 	ldr	ip, [pc, #1704]	@ 0x2078
    19cc:	e153000c 	cmp	r3, ip
    19d0:	8a000044 	bhi	0x1ae8
    19d4:	e7920003 	ldr	r0, [r2, r3]
    19d8:	e0811000 	add	r1, r1, r0
    19dc:	e1a02006 	mov	r2, r6
    19e0:	e5950030 	ldr	r0, [r5, #48]	@ 0x30
    19e4:	e2922010 	adds	r2, r2, #16
    19e8:	2a00003e 	bcs	0x1ae8
    19ec:	e59fc684 	ldr	ip, [pc, #1668]	@ 0x2078
    19f0:	e152000c 	cmp	r2, ip
    19f4:	8a00003b 	bhi	0x1ae8
    19f8:	e7801002 	str	r1, [r0, r2]
    19fc:	e5940008 	ldr	r0, [r4, #8]
    1a00:	ea00002e 	b	0x1ac0
    1a04:	e3a00000 	mov	r0, #0
    1a08:	e1a02006 	mov	r2, r6
    1a0c:	e5951030 	ldr	r1, [r5, #48]	@ 0x30
    1a10:	e292201c 	adds	r2, r2, #28
    1a14:	2a000033 	bcs	0x1ae8
    1a18:	e59fc658 	ldr	ip, [pc, #1624]	@ 0x2078
    1a1c:	e152000c 	cmp	r2, ip
    1a20:	8a000030 	bhi	0x1ae8
    1a24:	e3a0e000 	mov	lr, #0
    1a28:	e781e002 	str	lr, [r1, r2]
    1a2c:	e1a02006 	mov	r2, r6
    1a30:	e5951030 	ldr	r1, [r5, #48]	@ 0x30
    1a34:	e2922010 	adds	r2, r2, #16
    1a38:	2a00002a 	bcs	0x1ae8
    1a3c:	e59fc6e0 	ldr	ip, [pc, #1760]	@ 0x2124
    1a40:	e152000c 	cmp	r2, ip
    1a44:	8a000027 	bhi	0x1ae8
    1a48:	e0811002 	add	r1, r1, r2
    1a4c:	e3a02000 	mov	r2, #0
    1a50:	e3a03000 	mov	r3, #0
    1a54:	e5813000 	str	r3, [r1]
    1a58:	e5812004 	str	r2, [r1, #4]
    1a5c:	e1a03006 	mov	r3, r6
    1a60:	e5952030 	ldr	r2, [r5, #48]	@ 0x30
    1a64:	e59fc60c 	ldr	ip, [pc, #1548]	@ 0x2078
    1a68:	e153000c 	cmp	r3, ip
    1a6c:	8a00001d 	bhi	0x1ae8
    1a70:	e7921003 	ldr	r1, [r2, r3]
    1a74:	e3811020 	orr	r1, r1, #32
    1a78:	e5952030 	ldr	r2, [r5, #48]	@ 0x30
    1a7c:	e59fc5f4 	ldr	ip, [pc, #1524]	@ 0x2078
    1a80:	e156000c 	cmp	r6, ip
    1a84:	8a000017 	bhi	0x1ae8
    1a88:	e7821006 	str	r1, [r2, r6]
    1a8c:	e594c01c 	ldr	ip, [r4, #28]
    1a90:	e35c0002 	cmp	ip, #2
    1a94:	0a000009 	beq	0x1ac0
    1a98:	e5943014 	ldr	r3, [r4, #20]
    1a9c:	e5952030 	ldr	r2, [r5, #48]	@ 0x30
    1aa0:	e2933004 	adds	r3, r3, #4
    1aa4:	2a00000f 	bcs	0x1ae8
    1aa8:	e59fc5c8 	ldr	ip, [pc, #1480]	@ 0x2078
    1aac:	e153000c 	cmp	r3, ip
    1ab0:	8a00000c 	bhi	0x1ae8
    1ab4:	e7921003 	ldr	r1, [r2, r3]
    1ab8:	e594c008 	ldr	ip, [r4, #8]
    1abc:	e04c0001 	sub	r0, ip, r1
    1ac0:	e594c00c 	ldr	ip, [r4, #12]
    1ac4:	e28c1020 	add	r1, ip, #32
    1ac8:	e595203c 	ldr	r2, [r5, #60]	@ 0x3c
    1acc:	e5821008 	str	r1, [r2, #8]
    1ad0:	e5840004 	str	r0, [r4, #4]
    1ad4:	e59f064c 	ldr	r0, [pc, #1612]	@ 0x2128
    1ad8:	e30ccabc 	movw	ip, #51900	@ 0xcabc
    1adc:	e34ccdef 	movt	ip, #52719	@ 0xcdef
    1ae0:	e28dd004 	add	sp, sp, #4
    1ae4:	e8bd8fc0 	pop	{r6, r7, r8, r9, sl, fp, pc}
    1ae8:	e3a00008 	mov	r0, #8
    1aec:	e59d1000 	ldr	r1, [sp]
    1af0:	e5810010 	str	r0, [r1, #16]
    1af4:	e59d0000 	ldr	r0, [sp]
    1af8:	e59d101c 	ldr	r1, [sp, #28]
    1afc:	e59fc628 	ldr	ip, [pc, #1576]	@ 0x212c
    1b00:	e12fff3c 	blx	ip
    1b04:	e28dd004 	add	sp, sp, #4
    1b08:	e8bd0fc0 	pop	{r6, r7, r8, r9, sl, fp}
    1b0c:	e28dd004 	add	sp, sp, #4
    1b10:	e12fff10 	bx	r0
    1b14:	e52de004 	push	{lr}		@ (str lr, [sp, #-4]!)
    1b18:	e24dd004 	sub	sp, sp, #4
    1b1c:	e58d0000 	str	r0, [sp]
    1b20:	e30cc123 	movw	ip, #49443	@ 0xc123
    1b24:	e34cc456 	movt	ip, #50262	@ 0xc456
    1b28:	e3a0e000 	mov	lr, #0
    1b2c:	e584e004 	str	lr, [r4, #4]
    1b30:	e59f05f8 	ldr	r0, [pc, #1528]	@ 0x2130
    1b34:	e30ccabc 	movw	ip, #51900	@ 0xcabc
    1b38:	e34ccdef 	movt	ip, #52719	@ 0xcdef
    1b3c:	e28dd004 	add	sp, sp, #4
    1b40:	e49df004 	pop	{pc}		@ (ldr pc, [sp], #4)
    1b44:	e52de004 	push	{lr}		@ (str lr, [sp, #-4]!)
    1b48:	e24dd004 	sub	sp, sp, #4
    1b4c:	e58d0000 	str	r0, [sp]
    1b50:	e30cc123 	movw	ip, #49443	@ 0xc123
    1b54:	e34cc456 	movt	ip, #50262	@ 0xc456
    1b58:	e3a0e000 	mov	lr, #0
    1b5c:	e584e010 	str	lr, [r4, #16]
    1b60:	e3a0e000 	mov	lr, #0
    1b64:	e584e014 	str	lr, [r4, #20]
    1b68:	e59f05c4 	ldr	r0, [pc, #1476]	@ 0x2134
    1b6c:	e30ccabc 	movw	ip, #51900	@ 0xcabc
    1b70:	e34ccdef 	movt	ip, #52719	@ 0xcdef
    1b74:	e28dd004 	add	sp, sp, #4
    1b78:	e49df004 	pop	{pc}		@ (ldr pc, [sp], #4)
    1b7c:	e52de004 	push	{lr}		@ (str lr, [sp, #-4]!)
    1b80:	e24dd004 	sub	sp, sp, #4
    1b84:	e58d0000 	str	r0, [sp]
    1b88:	e30cc123 	movw	ip, #49443	@ 0xc123
    1b8c:	e34cc456 	movt	ip, #50262	@ 0xc456
    1b90:	e3a0e001 	mov	lr, #1
    1b94:	e584e004 	str	lr, [r4, #4]
    1b98:	e59f0598 	ldr	r0, [pc, #1432]	@ 0x2138
    1b9c:	e30ccabc 	movw	ip, #51900	@ 0xcabc
    1ba0:	e34ccdef 	movt	ip, #52719	@ 0xcdef
    1ba4:	e28dd004 	add	sp, sp, #4
    1ba8:	e49df004 	pop	{pc}		@ (ldr pc, [sp], #4)
    1bac:	e52de004 	push	{lr}		@ (str lr, [sp, #-4]!)
    1bb0:	e24dd004 	sub	sp, sp, #4
    1bb4:	e58d0000 	str	r0, [sp]
    1bb8:	e30cc123 	movw	ip, #49443	@ 0xc123
    1bbc:	e34cc456 	movt	ip, #50262	@ 0xc456
    1bc0:	e59f0574 	ldr	r0, [pc, #1396]	@ 0x213c
    1bc4:	e30ccabc 	movw	ip, #51900	@ 0xcabc
    1bc8:	e34ccdef 	movt	ip, #52719	@ 0xcdef
    1bcc:	e28dd004 	add	sp, sp, #4
    1bd0:	e49df004 	pop	{pc}		@ (ldr pc, [sp], #4)
    1bd4:	e52de004 	push	{lr}		@ (str lr, [sp, #-4]!)
    1bd8:	e24dd004 	sub	sp, sp, #4
    1bdc:	e58d0000 	str	r0, [sp]
    1be0:	e30cc123 	movw	ip, #49443	@ 0xc123
    1be4:	e34cc456 	movt	ip, #50262	@ 0xc456
    1be8:	e3a0eb46 	mov	lr, #71680	@ 0x11800
    1bec:	e38ee048 	orr	lr, lr, #72	@ 0x48
    1bf0:	e584e000 	str	lr, [r4]
    1bf4:	e59f0544 	ldr	r0, [pc, #1348]	@ 0x2140
    1bf8:	e30ccabc 	movw	ip, #51900	@ 0xcabc
    1bfc:	e34ccdef 	movt	ip, #52719	@ 0xcdef
    1c00:	e28dd004 	add	sp, sp, #4
    1c04:	e49df004 	pop	{pc}		@ (ldr pc, [sp], #4)
    1c08:	e92d4040 	push	{r6, lr}
    1c0c:	e24dd010 	sub	sp, sp, #16
    1c10:	e58d0000 	str	r0, [sp]
    1c14:	e30cc123 	movw	ip, #49443	@ 0xc123
    1c18:	e34cc456 	movt	ip, #50262	@ 0xc456
    1c1c:	e5946000 	ldr	r6, [r4]
    1c20:	e5940004 	ldr	r0, [r4, #4]
    1c24:	e5941008 	ldr	r1, [r4, #8]
    1c28:	e3510000 	cmp	r1, #0
    1c2c:	0a00000b 	beq	0x1c60
    1c30:	e1a02001 	mov	r2, r1
    1c34:	e1a01000 	mov	r1, r0
    1c38:	e1a00006 	mov	r0, r6
    1c3c:	e28d3004 	add	r3, sp, #4
    1c40:	e595e028 	ldr	lr, [r5, #40]	@ 0x28
    1c44:	e58de004 	str	lr, [sp, #4]
    1c48:	e595e028 	ldr	lr, [r5, #40]	@ 0x28
    1c4c:	e58de008 	str	lr, [sp, #8]
    1c50:	e59fc4ec 	ldr	ip, [pc, #1260]	@ 0x2144
    1c54:	e12fff3c 	blx	ip
    1c58:	e3500000 	cmp	r0, #0
    1c5c:	1a000005 	bne	0x1c78
    1c60:	e5846000 	str	r6, [r4]
    1c64:	e59f04dc 	ldr	r0, [pc, #1244]	@ 0x2148
    1c68:	e30ccabc 	movw	ip, #51900	@ 0xcabc
    1c6c:	e34ccdef 	movt	ip, #52719	@ 0xcdef
    1c70:	e28dd010 	add	sp, sp, #16
    1c74:	e8bd8040 	pop	{r6, pc}
    1c78:	e59d1000 	ldr	r1, [sp]
    1c7c:	e5810010 	str	r0, [r1, #16]
    1c80:	e59d0000 	ldr	r0, [sp]
    1c84:	e59d1014 	ldr	r1, [sp, #20]
    1c88:	e59fc4bc 	ldr	ip, [pc, #1212]	@ 0x214c
    1c8c:	e12fff3c 	blx	ip
    1c90:	e59d6010 	ldr	r6, [sp, #16]
    1c94:	e28dd018 	add	sp, sp, #24
    1c98:	e12fff10 	bx	r0
    1c9c:	e92d4fc0 	push	{r6, r7, r8, r9, sl, fp, lr}
    1ca0:	e24dd004 	sub	sp, sp, #4
    1ca4:	e58d0000 	str	r0, [sp]
    1ca8:	e30cc123 	movw	ip, #49443	@ 0xc123
    1cac:	e34cc456 	movt	ip, #50262	@ 0xc456
    1cb0:	e5940000 	ldr	r0, [r4]
    1cb4:	e5941004 	ldr	r1, [r4, #4]
    1cb8:	e5942008 	ldr	r2, [r4, #8]
    1cbc:	e3520f80 	cmp	r2, #128, 30	@ 0x200
    1cc0:	3a00000e 	bcc	0x1d00
    1cc4:	e5840000 	str	r0, [r4]
    1cc8:	e5841004 	str	r1, [r4, #4]
    1ccc:	e5842008 	str	r2, [r4, #8]
    1cd0:	e3a009ff 	mov	r0, #4177920	@ 0x3fc000
    1cd4:	e3800e73 	orr	r0, r0, #1840	@ 0x730
    1cd8:	e1a01004 	mov	r1, r4
    1cdc:	e59d2000 	ldr	r2, [sp]
    1ce0:	e59fc468 	ldr	ip, [pc, #1128]	@ 0x2150
    1ce4:	e12fff3c 	blx	ip
    1ce8:	e3500000 	cmp	r0, #0
    1cec:	1a0001ee 	bne	0x24ac
    1cf0:	e5943030 	ldr	r3, [r4, #48]	@ 0x30
    1cf4:	e5843030 	str	r3, [r4, #48]	@ 0x30
    1cf8:	e59f0454 	ldr	r0, [pc, #1108]	@ 0x2154
    1cfc:	ea0001e5 	b	0x2498
    1d00:	e0803002 	add	r3, r0, r2
    1d04:	e0216000 	eor	r6, r1, r0
    1d08:	e3160003 	tst	r6, #3
    1d0c:	1a000174 	bne	0x22e4
    1d10:	e3100003 	tst	r0, #3
    1d14:	1a000001 	bne	0x1d20
    1d18:	e1a06000 	mov	r6, r0
    1d1c:	ea000019 	b	0x1d88
    1d20:	e3520000 	cmp	r2, #0
    1d24:	1a000001 	bne	0x1d30
    1d28:	e1a06000 	mov	r6, r0
    1d2c:	ea000015 	b	0x1d88
    1d30:	e1a06000 	mov	r6, r0
    1d34:	e1a09001 	mov	r9, r1
    1d38:	e5958030 	ldr	r8, [r5, #48]	@ 0x30
    1d3c:	e3e0c4fe 	mvn	ip, #-33554432	@ 0xfe000000
    1d40:	e3ccc8fe 	bic	ip, ip, #16646144	@ 0xfe0000
    1d44:	e159000c 	cmp	r9, ip
    1d48:	8a0001d4 	bhi	0x24a0
    1d4c:	e7d87009 	ldrb	r7, [r8, r9]
    1d50:	e1a09006 	mov	r9, r6
    1d54:	e5958030 	ldr	r8, [r5, #48]	@ 0x30
    1d58:	e3e0c4fe 	mvn	ip, #-33554432	@ 0xfe000000
    1d5c:	e3ccc8fe 	bic	ip, ip, #16646144	@ 0xfe0000
    1d60:	e159000c 	cmp	r9, ip
    1d64:	8a0001cd 	bhi	0x24a0
    1d68:	e7c87009 	strb	r7, [r8, r9]
    1d6c:	e2811001 	add	r1, r1, #1
    1d70:	e2867001 	add	r7, r6, #1
    1d74:	e1a06007 	mov	r6, r7
    1d78:	e3170003 	tst	r7, #3
    1d7c:	0a000001 	beq	0x1d88
    1d80:	e1560003 	cmp	r6, r3
    1d84:	3affffea 	bcc	0x1d34
    1d88:	e3c37003 	bic	r7, r3, #3
    1d8c:	e3530040 	cmp	r3, #64	@ 0x40
    1d90:	3a00013f 	bcc	0x2294
    1d94:	e2478040 	sub	r8, r7, #64	@ 0x40
    1d98:	e1a09008 	mov	r9, r8
    1d9c:	e1560008 	cmp	r6, r8
    1da0:	8a00013b 	bhi	0x2294
    1da4:	e1a0b001 	mov	fp, r1
    1da8:	e595a030 	ldr	sl, [r5, #48]	@ 0x30
    1dac:	e59fc2c4 	ldr	ip, [pc, #708]	@ 0x2078
    1db0:	e15b000c 	cmp	fp, ip
    1db4:	8a0001b9 	bhi	0x24a0
    1db8:	e79a800b 	ldr	r8, [sl, fp]
    1dbc:	e1a0b006 	mov	fp, r6
    1dc0:	e595a030 	ldr	sl, [r5, #48]	@ 0x30
    1dc4:	e59fc2ac 	ldr	ip, [pc, #684]	@ 0x2078
    1dc8:	e15b000c 	cmp	fp, ip
    1dcc:	8a0001b3 	bhi	0x24a0
    1dd0:	e78a800b 	str	r8, [sl, fp]
    1dd4:	e1a0b001 	mov	fp, r1
    1dd8:	e595a030 	ldr	sl, [r5, #48]	@ 0x30
    1ddc:	e29bb004 	adds	fp, fp, #4
    1de0:	2a0001ae 	bcs	0x24a0
    1de4:	e59fc28c 	ldr	ip, [pc, #652]	@ 0x2078
    1de8:	e15b000c 	cmp	fp, ip
    1dec:	8a0001ab 	bhi	0x24a0
    1df0:	e79a800b 	ldr	r8, [sl, fp]
    1df4:	e1a0b006 	mov	fp, r6
    1df8:	e595a030 	ldr	sl, [r5, #48]	@ 0x30
    1dfc:	e29bb004 	adds	fp, fp, #4
    1e00:	2a0001a6 	bcs	0x24a0
    1e04:	e59fc26c 	ldr	ip, [pc, #620]	@ 0x2078
    1e08:	e15b000c 	cmp	fp, ip
    1e0c:	8a0001a3 	bhi	0x24a0
    1e10:	e78a800b 	str	r8, [sl, fp]
    1e14:	e1a0b001 	mov	fp, r1
    1e18:	e595a030 	ldr	sl, [r5, #48]	@ 0x30
    1e1c:	e29bb008 	adds	fp, fp, #8
    1e20:	2a00019e 	bcs	0x24a0
    1e24:	e59fc24c 	ldr	ip, [pc, #588]	@ 0x2078
    1e28:	e15b000c 	cmp	fp, ip
    1e2c:	8a00019b 	bhi	0x24a0
    1e30:	e79a800b 	ldr	r8, [sl, fp]
    1e34:	e1a0b006 	mov	fp, r6
    1e38:	e595a030 	ldr	sl, [r5, #48]	@ 0x30
    1e3c:	e29bb008 	adds	fp, fp, #8
    1e40:	2a000196 	bcs	0x24a0
    1e44:	e59fc22c 	ldr	ip, [pc, #556]	@ 0x2078
    1e48:	e15b000c 	cmp	fp, ip
    1e4c:	8a000193 	bhi	0x24a0
    1e50:	e78a800b 	str	r8, [sl, fp]
    1e54:	e1a0b001 	mov	fp, r1
    1e58:	e595a030 	ldr	sl, [r5, #48]	@ 0x30
    1e5c:	e29bb00c 	adds	fp, fp, #12
    1e60:	2a00018e 	bcs	0x24a0
    1e64:	e59fc20c 	ldr	ip, [pc, #524]	@ 0x2078
    1e68:	e15b000c 	cmp	fp, ip
    1e6c:	8a00018b 	bhi	0x24a0
    1e70:	e79a800b 	ldr	r8, [sl, fp]
    1e74:	e1a0b006 	mov	fp, r6
    1e78:	e595a030 	ldr	sl, [r5, #48]	@ 0x30
    1e7c:	e29bb00c 	adds	fp, fp, #12
    1e80:	2a000186 	bcs	0x24a0
    1e84:	e59fc1ec 	ldr	ip, [pc, #492]	@ 0x2078
    1e88:	e15b000c 	cmp	fp, ip
    1e8c:	8a000183 	bhi	0x24a0
    1e90:	e78a800b 	str	r8, [sl, fp]
    1e94:	e1a0b001 	mov	fp, r1
    1e98:	e595a030 	ldr	sl, [r5, #48]	@ 0x30
    1e9c:	e29bb010 	adds	fp, fp, #16
    1ea0:	2a00017e 	bcs	0x24a0
    1ea4:	e59fc1cc 	ldr	ip, [pc, #460]	@ 0x2078
    1ea8:	e15b000c 	cmp	fp, ip
    1eac:	8a00017b 	bhi	0x24a0
    1eb0:	e79a800b 	ldr	r8, [sl, fp]
    1eb4:	e1a0b006 	mov	fp, r6
    1eb8:	e595a030 	ldr	sl, [r5, #48]	@ 0x30
    1ebc:	e29bb010 	adds	fp, fp, #16
    1ec0:	2a000176 	bcs	0x24a0
    1ec4:	e59fc1ac 	ldr	ip, [pc, #428]	@ 0x2078
    1ec8:	e15b000c 	cmp	fp, ip
    1ecc:	8a000173 	bhi	0x24a0
    1ed0:	e78a800b 	str	r8, [sl, fp]
    1ed4:	e1a0b001 	mov	fp, r1
    1ed8:	e595a030 	ldr	sl, [r5, #48]	@ 0x30
    1edc:	e29bb014 	adds	fp, fp, #20
    1ee0:	2a00016e 	bcs	0x24a0
    1ee4:	e59fc18c 	ldr	ip, [pc, #396]	@ 0x2078
    1ee8:	e15b000c 	cmp	fp, ip
    1eec:	8a00016b 	bhi	0x24a0
    1ef0:	e79a800b 	ldr	r8, [sl, fp]
    1ef4:	e1a0b006 	mov	fp, r6
    1ef8:	e595a030 	ldr	sl, [r5, #48]	@ 0x30
    1efc:	e29bb014 	adds	fp, fp, #20
    1f00:	2a000166 	bcs	0x24a0
    1f04:	e59fc16c 	ldr	ip, [pc, #364]	@ 0x2078
    1f08:	e15b000c 	cmp	fp, ip
    1f0c:	8a000163 	bhi	0x24a0
    1f10:	e78a800b 	str	r8, [sl, fp]
    1f14:	e1a0b001 	mov	fp, r1
    1f18:	e595a030 	ldr	sl, [r5, #48]	@ 0x30
    1f1c:	e29bb018 	adds	fp, fp, #24
    1f20:	2a00015e 	bcs	0x24a0
    1f24:	e59fc14c 	ldr	ip, [pc, #332]	@ 0x2078
    1f28:	e15b000c 	cmp	fp, ip
    1f2c:	8a00015b 	bhi	0x24a0
    1f30:	e79a800b 	ldr	r8, [sl, fp]
    1f34:	e1a0b006 	mov	fp, r6
    1f38:	e595a030 	ldr	sl, [r5, #48]	@ 0x30
    1f3c:	e29bb018 	adds	fp, fp, #24
    1f40:	2a000156 	bcs	0x24a0
    1f44:	e59fc12c 	ldr	ip, [pc, #300]	@ 0x2078
    1f48:	e15b000c 	cmp	fp, ip
    1f4c:	8a000153 	bhi	0x24a0
    1f50:	e78a800b 	str	r8, [sl, fp]
    1f54:	e1a0b001 	mov	fp, r1
    1f58:	e595a030 	ldr	sl, [r5, #48]	@ 0x30
    1f5c:	e29bb01c 	adds	fp, fp, #28
    1f60:	2a00014e 	bcs	0x24a0
    1f64:	e59fc10c 	ldr	ip, [pc, #268]	@ 0x2078
    1f68:	e15b000c 	cmp	fp, ip
    1f6c:	8a00014b 	bhi	0x24a0
    1f70:	e79a800b 	ldr	r8, [sl, fp]
    1f74:	e1a0b006 	mov	fp, r6
    1f78:	e595a030 	ldr	sl, [r5, #48]	@ 0x30
    1f7c:	e29bb01c 	adds	fp, fp, #28
    1f80:	2a000146 	bcs	0x24a0
    1f84:	e59fc0ec 	ldr	ip, [pc, #236]	@ 0x2078
    1f88:	e15b000c 	cmp	fp, ip
    1f8c:	8a000143 	bhi	0x24a0
    1f90:	e78a800b 	str	r8, [sl, fp]
    1f94:	e1a0b001 	mov	fp, r1
    1f98:	e595a030 	ldr	sl, [r5, #48]	@ 0x30
    1f9c:	e29bb020 	adds	fp, fp, #32
    1fa0:	2a00013e 	bcs	0x24a0
    1fa4:	e59fc0cc 	ldr	ip, [pc, #204]	@ 0x2078
    1fa8:	e15b000c 	cmp	fp, ip
    1fac:	8a00013b 	bhi	0x24a0
    1fb0:	e79a800b 	ldr	r8, [sl, fp]
    1fb4:	e1a0b006 	mov	fp, r6
    1fb8:	e595a030 	ldr	sl, [r5, #48]	@ 0x30
    1fbc:	e29bb020 	adds	fp, fp, #32
    1fc0:	2a000136 	bcs	0x24a0
    1fc4:	e59fc0ac 	ldr	ip, [pc, #172]	@ 0x2078
    1fc8:	e15b000c 	cmp	fp, ip
    1fcc:	8a000133 	bhi	0x24a0
    1fd0:	e78a800b 	str	r8, [sl, fp]
    1fd4:	e1a0b001 	mov	fp, r1
    1fd8:	e595a030 	ldr	sl, [r5, #48]	@ 0x30
    1fdc:	e29bb024 	adds	fp, fp, #36	@ 0x24
    1fe0:	2a00012e 	bcs	0x24a0
    1fe4:	e59fc08c 	ldr	ip, [pc, #140]	@ 0x2078
    1fe8:	e15b000c 	cmp	fp, ip
    1fec:	8a00012b 	bhi	0x24a0
    1ff0:	e79a800b 	ldr	r8, [sl, fp]
    1ff4:	e1a0b006 	mov	fp, r6
    1ff8:	e595a030 	ldr	sl, [r5, #48]	@ 0x30
    1ffc:	e29bb024 	adds	fp, fp, #36	@ 0x24
    2000:	2a000126 	bcs	0x24a0
    2004:	e59fc06c 	ldr	ip, [pc, #108]	@ 0x2078
    2008:	e15b000c 	cmp	fp, ip
    200c:	8a000123 	bhi	0x24a0
    2010:	e78a800b 	str	r8, [sl, fp]
    2014:	e1a0b001 	mov	fp, r1
    2018:	e595a030 	ldr	sl, [r5, #48]	@ 0x30
    201c:	e29bb028 	adds	fp, fp, #40	@ 0x28
    2020:	2a00011e 	bcs	0x24a0
    2024:	e59fc04c 	ldr	ip, [pc, #76]	@ 0x2078
    2028:	e15b000c 	cmp	fp, ip
    202c:	8a00011b 	bhi	0x24a0
    2030:	e79a800b 	ldr	r8, [sl, fp]
    2034:	e1a0b006 	mov	fp, r6
    2038:	e595a030 	ldr	sl, [r5, #48]	@ 0x30
    203c:	e29bb028 	adds	fp, fp, #40	@ 0x28
    2040:	2a000116 	bcs	0x24a0
    2044:	e59fc02c 	ldr	ip, [pc, #44]	@ 0x2078
    2048:	e15b000c 	cmp	fp, ip
    204c:	8a000113 	bhi	0x24a0
    2050:	e78a800b 	str	r8, [sl, fp]
    2054:	e1a0b001 	mov	fp, r1
    2058:	e595a030 	ldr	sl, [r5, #48]	@ 0x30
    205c:	e29bb02c 	adds	fp, fp, #44	@ 0x2c
    2060:	2a00010e 	bcs	0x24a0
    2064:	e59fc00c 	ldr	ip, [pc, #12]	@ 0x2078
    2068:	e15b000c 	cmp	fp, ip
    206c:	ea000039 	b	0x2158
	...
    2078:	0101fffc 	strdeq	pc, [r1, -ip]
    207c:	00047eac 	andeq	r7, r4, ip, lsr #29
    2080:	f0f0f0f0 			@ <UNDEFINED> instruction: 0xf0f0f0f0
    2084:	0f0f0f0f 	svceq	0x000f0f0f
    2088:	003f8a34 	eorseq	r8, pc, r4, lsr sl	@ <UNPREDICTABLE>
    208c:	00047eac 	andeq	r7, r4, ip, lsr #29
    2090:	003f7e18 	eorseq	r7, pc, r8, lsl lr	@ <UNPREDICTABLE>
    2094:	000487b4 			@ <UNDEFINED> instruction: 0x000487b4
    2098:	003f7e24 	eorseq	r7, pc, r4, lsr #28
    209c:	000487b4 			@ <UNDEFINED> instruction: 0x000487b4
    20a0:	003f7e34 	eorseq	r7, pc, r4, lsr lr	@ <UNPREDICTABLE>
    20a4:	000487b4 			@ <UNDEFINED> instruction: 0x000487b4
    20a8:	00047eac 	andeq	r7, r4, ip, lsr #29
    20ac:	003f8688 	eorseq	r8, pc, r8, lsl #13
    20b0:	003f7a94 	mlaseq	pc, r4, sl, r7	@ <UNPREDICTABLE>
    20b4:	00048af0 	strdeq	r8, [r4], -r0
    20b8:	000487b4 			@ <UNDEFINED> instruction: 0x000487b4
    20bc:	003f7ad4 	ldrsbteq	r7, [pc], -r4
    20c0:	00047eac 	andeq	r7, r4, ip, lsr #29
    20c4:	003f3608 	eorseq	r3, pc, r8, lsl #12
    20c8:	000487b4 			@ <UNDEFINED> instruction: 0x000487b4
    20cc:	003f3614 	eorseq	r3, pc, r4, lsl r6	@ <UNPREDICTABLE>
    20d0:	000487b4 			@ <UNDEFINED> instruction: 0x000487b4
    20d4:	003f3620 	eorseq	r3, pc, r0, lsr #12
    20d8:	000487b4 			@ <UNDEFINED> instruction: 0x000487b4
    20dc:	003f362c 	eorseq	r3, pc, ip, lsr #12
    20e0:	000487b4 			@ <UNDEFINED> instruction: 0x000487b4
    20e4:	00047eac 	andeq	r7, r4, ip, lsr #29
    20e8:	003f8548 	eorseq	r8, pc, r8, asr #10
    20ec:	000487b4 			@ <UNDEFINED> instruction: 0x000487b4
    20f0:	00047eac 	andeq	r7, r4, ip, lsr #29
    20f4:	003f9a08 	eorseq	r9, pc, r8, lsl #20
    20f8:	000487b4 			@ <UNDEFINED> instruction: 0x000487b4
    20fc:	003f9a44 	eorseq	r9, pc, r4, asr #20
    2100:	00047eac 	andeq	r7, r4, ip, lsr #29
    2104:	003fabbc 	ldrhteq	sl, [pc], -ip
    2108:	000487b4 			@ <UNDEFINED> instruction: 0x000487b4
    210c:	003fabd4 	ldrsbteq	sl, [pc], -r4
    2110:	000487b4 			@ <UNDEFINED> instruction: 0x000487b4
    2114:	003fad84 	eorseq	sl, pc, r4, lsl #27
    2118:	000487b4 			@ <UNDEFINED> instruction: 0x000487b4
    211c:	003fad9c 	mlaseq	pc, ip, sp, sl	@ <UNPREDICTABLE>
    2120:	000487b4 			@ <UNDEFINED> instruction: 0x000487b4
    2124:	0101fff8 	strdeq	pc, [r1, -r8]
    2128:	003faedc 	ldrsbteq	sl, [pc], -ip
    212c:	00047eac 	andeq	r7, r4, ip, lsr #29
    2130:	003f86e4 	eorseq	r8, pc, r4, ror #13
    2134:	003f94a0 	eorseq	r9, pc, r0, lsr #9
    2138:	003f86c4 	eorseq	r8, pc, r4, asr #13
    213c:	003f8b88 	eorseq	r8, pc, r8, lsl #23
    2140:	003faf44 	eorseq	sl, pc, r4, asr #30
    2144:	00049988 	andeq	r9, r4, r8, lsl #19
    2148:	003f8cb4 	ldrhteq	r8, [pc], -r4
    214c:	00047eac 	andeq	r7, r4, ip, lsr #29
    2150:	000487b4 			@ <UNDEFINED> instruction: 0x000487b4
    2154:	003fc74c 	eorseq	ip, pc, ip, asr #14
    2158:	8a0000d0 	bhi	0x24a0
    215c:	e79a800b 	ldr	r8, [sl, fp]
    2160:	e1a0b006 	mov	fp, r6
    2164:	e595a030 	ldr	sl, [r5, #48]	@ 0x30
    2168:	e29bb02c 	adds	fp, fp, #44	@ 0x2c
    216c:	2a0000cb 	bcs	0x24a0
    2170:	e59fcfe0 	ldr	ip, [pc, #4064]	@ 0x3158
    2174:	e15b000c 	cmp	fp, ip
    2178:	8a0000c8 	bhi	0x24a0
    217c:	e78a800b 	str	r8, [sl, fp]
    2180:	e1a0b001 	mov	fp, r1
    2184:	e595a030 	ldr	sl, [r5, #48]	@ 0x30
    2188:	e29bb030 	adds	fp, fp, #48	@ 0x30
    218c:	2a0000c3 	bcs	0x24a0
    2190:	e59fcfc0 	ldr	ip, [pc, #4032]	@ 0x3158
    2194:	e15b000c 	cmp	fp, ip
    2198:	8a0000c0 	bhi	0x24a0
    219c:	e79a800b 	ldr	r8, [sl, fp]
    21a0:	e1a0b006 	mov	fp, r6
    21a4:	e595a030 	ldr	sl, [r5, #48]	@ 0x30
    21a8:	e29bb030 	adds	fp, fp, #48	@ 0x30
    21ac:	2a0000bb 	bcs	0x24a0
    21b0:	e59fcfa0 	ldr	ip, [pc, #4000]	@ 0x3158
    21b4:	e15b000c 	cmp	fp, ip
    21b8:	8a0000b8 	bhi	0x24a0
    21bc:	e78a800b 	str	r8, [sl, fp]
    21c0:	e1a0b001 	mov	fp, r1
    21c4:	e595a030 	ldr	sl, [r5, #48]	@ 0x30
    21c8:	e29bb034 	adds	fp, fp, #52	@ 0x34
    21cc:	2a0000b3 	bcs	0x24a0
    21d0:	e59fcf80 	ldr	ip, [pc, #3968]	@ 0x3158
    21d4:	e15b000c 	cmp	fp, ip
    21d8:	8a0000b0 	bhi	0x24a0
    21dc:	e79a800b 	ldr	r8, [sl, fp]
    21e0:	e1a0b006 	mov	fp, r6
    21e4:	e595a030 	ldr	sl, [r5, #48]	@ 0x30
    21e8:	e29bb034 	adds	fp, fp, #52	@ 0x34
    21ec:	2a0000ab 	bcs	0x24a0
    21f0:	e59fcf60 	ldr	ip, [pc, #3936]	@ 0x3158
    21f4:	e15b000c 	cmp	fp, ip
    21f8:	8a0000a8 	bhi	0x24a0
    21fc:	e78a800b 	str	r8, [sl, fp]
    2200:	e1a0b001 	mov	fp, r1
    2204:	e595a030 	ldr	sl, [r5, #48]	@ 0x30
    2208:	e29bb038 	adds	fp, fp, #56	@ 0x38
    220c:	2a0000a3 	bcs	0x24a0
    2210:	e59fcf40 	ldr	ip, [pc, #3904]	@ 0x3158
    2214:	e15b000c 	cmp	fp, ip
    2218:	8a0000a0 	bhi	0x24a0
    221c:	e79a800b 	ldr	r8, [sl, fp]
    2220:	e1a0b006 	mov	fp, r6
    2224:	e595a030 	ldr	sl, [r5, #48]	@ 0x30
    2228:	e29bb038 	adds	fp, fp, #56	@ 0x38
    222c:	2a00009b 	bcs	0x24a0
    2230:	e59fcf20 	ldr	ip, [pc, #3872]	@ 0x3158
    2234:	e15b000c 	cmp	fp, ip
    2238:	8a000098 	bhi	0x24a0
    223c:	e78a800b 	str	r8, [sl, fp]
    2240:	e1a0b001 	mov	fp, r1
    2244:	e595a030 	ldr	sl, [r5, #48]	@ 0x30
    2248:	e29bb03c 	adds	fp, fp, #60	@ 0x3c
    224c:	2a000093 	bcs	0x24a0
    2250:	e59fcf00 	ldr	ip, [pc, #3840]	@ 0x3158
    2254:	e15b000c 	cmp	fp, ip
    2258:	8a000090 	bhi	0x24a0
    225c:	e79a800b 	ldr	r8, [sl, fp]
    2260:	e1a0b006 	mov	fp, r6
    2264:	e595a030 	ldr	sl, [r5, #48]	@ 0x30
    2268:	e29bb03c 	adds	fp, fp, #60	@ 0x3c
    226c:	2a00008b 	bcs	0x24a0
    2270:	e59fcee0 	ldr	ip, [pc, #3808]	@ 0x3158
    2274:	e15b000c 	cmp	fp, ip
    2278:	8a000088 	bhi	0x24a0
    227c:	e78a800b 	str	r8, [sl, fp]
    2280:	e2811040 	add	r1, r1, #64	@ 0x40
    2284:	e2868040 	add	r8, r6, #64	@ 0x40
    2288:	e1a06008 	mov	r6, r8
    228c:	e1580009 	cmp	r8, r9
    2290:	9afffec3 	bls	0x1da4
    2294:	e1560007 	cmp	r6, r7
    2298:	2a000064 	bcs	0x2430
    229c:	e1a0a001 	mov	sl, r1
    22a0:	e5959030 	ldr	r9, [r5, #48]	@ 0x30
    22a4:	e59fceac 	ldr	ip, [pc, #3756]	@ 0x3158
    22a8:	e15a000c 	cmp	sl, ip
    22ac:	8a00007b 	bhi	0x24a0
    22b0:	e799800a 	ldr	r8, [r9, sl]
    22b4:	e1a0a006 	mov	sl, r6
    22b8:	e5959030 	ldr	r9, [r5, #48]	@ 0x30
    22bc:	e59fce94 	ldr	ip, [pc, #3732]	@ 0x3158
    22c0:	e15a000c 	cmp	sl, ip
    22c4:	8a000075 	bhi	0x24a0
    22c8:	e789800a 	str	r8, [r9, sl]
    22cc:	e2811004 	add	r1, r1, #4
    22d0:	e2868004 	add	r8, r6, #4
    22d4:	e1a06008 	mov	r6, r8
    22d8:	e1580007 	cmp	r8, r7
    22dc:	3affffee 	bcc	0x229c
    22e0:	ea000052 	b	0x2430
    22e4:	e3530004 	cmp	r3, #4
    22e8:	2a000001 	bcs	0x22f4
    22ec:	e1a06000 	mov	r6, r0
    22f0:	ea00004e 	b	0x2430
    22f4:	e3520004 	cmp	r2, #4
    22f8:	2a000001 	bcs	0x2304
    22fc:	e1a06000 	mov	r6, r0
    2300:	ea00004a 	b	0x2430
    2304:	e2432004 	sub	r2, r3, #4
    2308:	e1a06000 	mov	r6, r0
    230c:	e1a09001 	mov	r9, r1
    2310:	e5958030 	ldr	r8, [r5, #48]	@ 0x30
    2314:	e3e0c4fe 	mvn	ip, #-33554432	@ 0xfe000000
    2318:	e3ccc8fe 	bic	ip, ip, #16646144	@ 0xfe0000
    231c:	e159000c 	cmp	r9, ip
    2320:	8a00005e 	bhi	0x24a0
    2324:	e7d87009 	ldrb	r7, [r8, r9]
    2328:	e1a09006 	mov	r9, r6
    232c:	e5958030 	ldr	r8, [r5, #48]	@ 0x30
    2330:	e3e0c4fe 	mvn	ip, #-33554432	@ 0xfe000000
    2334:	e3ccc8fe 	bic	ip, ip, #16646144	@ 0xfe0000
    2338:	e159000c 	cmp	r9, ip
    233c:	8a000057 	bhi	0x24a0
    2340:	e7c87009 	strb	r7, [r8, r9]
    2344:	e1a09001 	mov	r9, r1
    2348:	e5958030 	ldr	r8, [r5, #48]	@ 0x30
    234c:	e2999001 	adds	r9, r9, #1
    2350:	2a000052 	bcs	0x24a0
    2354:	e3e0c4fe 	mvn	ip, #-33554432	@ 0xfe000000
    2358:	e3ccc8fe 	bic	ip, ip, #16646144	@ 0xfe0000
    235c:	e159000c 	cmp	r9, ip
    2360:	8a00004e 	bhi	0x24a0
    2364:	e7d87009 	ldrb	r7, [r8, r9]
    2368:	e1a09006 	mov	r9, r6
    236c:	e5958030 	ldr	r8, [r5, #48]	@ 0x30
    2370:	e2999001 	adds	r9, r9, #1
    2374:	2a000049 	bcs	0x24a0
    2378:	e3e0c4fe 	mvn	ip, #-33554432	@ 0xfe000000
    237c:	e3ccc8fe 	bic	ip, ip, #16646144	@ 0xfe0000
    2380:	e159000c 	cmp	r9, ip
    2384:	8a000045 	bhi	0x24a0
    2388:	e7c87009 	strb	r7, [r8, r9]
    238c:	e1a09001 	mov	r9, r1
    2390:	e5958030 	ldr	r8, [r5, #48]	@ 0x30
    2394:	e2999002 	adds	r9, r9, #2
    2398:	2a000040 	bcs	0x24a0
    239c:	e3e0c4fe 	mvn	ip, #-33554432	@ 0xfe000000
    23a0:	e3ccc8fe 	bic	ip, ip, #16646144	@ 0xfe0000
    23a4:	e159000c 	cmp	r9, ip
    23a8:	8a00003c 	bhi	0x24a0
    23ac:	e7d87009 	ldrb	r7, [r8, r9]
    23b0:	e1a09006 	mov	r9, r6
    23b4:	e5958030 	ldr	r8, [r5, #48]	@ 0x30
    23b8:	e2999002 	adds	r9, r9, #2
    23bc:	2a000037 	bcs	0x24a0
    23c0:	e3e0c4fe 	mvn	ip, #-33554432	@ 0xfe000000
    23c4:	e3ccc8fe 	bic	ip, ip, #16646144	@ 0xfe0000
    23c8:	e159000c 	cmp	r9, ip
    23cc:	8a000033 	bhi	0x24a0
    23d0:	e7c87009 	strb	r7, [r8, r9]
    23d4:	e1a09001 	mov	r9, r1
    23d8:	e5958030 	ldr	r8, [r5, #48]	@ 0x30
    23dc:	e2999003 	adds	r9, r9, #3
    23e0:	2a00002e 	bcs	0x24a0
    23e4:	e3e0c4fe 	mvn	ip, #-33554432	@ 0xfe000000
    23e8:	e3ccc8fe 	bic	ip, ip, #16646144	@ 0xfe0000
    23ec:	e159000c 	cmp	r9, ip
    23f0:	8a00002a 	bhi	0x24a0
    23f4:	e7d87009 	ldrb	r7, [r8, r9]
    23f8:	e1a09006 	mov	r9, r6
    23fc:	e5958030 	ldr	r8, [r5, #48]	@ 0x30
    2400:	e2999003 	adds	r9, r9, #3
    2404:	2a000025 	bcs	0x24a0
    2408:	e3e0c4fe 	mvn	ip, #-33554432	@ 0xfe000000
    240c:	e3ccc8fe 	bic	ip, ip, #16646144	@ 0xfe0000
    2410:	e159000c 	cmp	r9, ip
    2414:	8a000021 	bhi	0x24a0
    2418:	e7c87009 	strb	r7, [r8, r9]
    241c:	e2811004 	add	r1, r1, #4
    2420:	e2867004 	add	r7, r6, #4
    2424:	e1a06007 	mov	r6, r7
    2428:	e1570002 	cmp	r7, r2
    242c:	9affffb6 	bls	0x230c
    2430:	e1560003 	cmp	r6, r3
    2434:	2a000012 	bcs	0x2484
    2438:	e1a08001 	mov	r8, r1
    243c:	e5957030 	ldr	r7, [r5, #48]	@ 0x30
    2440:	e3e0c4fe 	mvn	ip, #-33554432	@ 0xfe000000
    2444:	e3ccc8fe 	bic	ip, ip, #16646144	@ 0xfe0000
    2448:	e158000c 	cmp	r8, ip
    244c:	8a000013 	bhi	0x24a0
    2450:	e7d72008 	ldrb	r2, [r7, r8]
    2454:	e1a08006 	mov	r8, r6
    2458:	e5957030 	ldr	r7, [r5, #48]	@ 0x30
    245c:	e3e0c4fe 	mvn	ip, #-33554432	@ 0xfe000000
    2460:	e3ccc8fe 	bic	ip, ip, #16646144	@ 0xfe0000
    2464:	e158000c 	cmp	r8, ip
    2468:	8a00000c 	bhi	0x24a0
    246c:	e7c72008 	strb	r2, [r7, r8]
    2470:	e2811001 	add	r1, r1, #1
    2474:	e2862001 	add	r2, r6, #1
    2478:	e1a06002 	mov	r6, r2
    247c:	e1520003 	cmp	r2, r3
    2480:	1affffec 	bne	0x2438
    2484:	e5840000 	str	r0, [r4]
    2488:	e3a009ff 	mov	r0, #4177920	@ 0x3fc000
    248c:	e3800ec5 	orr	r0, r0, #3152	@ 0xc50
    2490:	e30ccabc 	movw	ip, #51900	@ 0xcabc
    2494:	e34ccdef 	movt	ip, #52719	@ 0xcdef
    2498:	e28dd004 	add	sp, sp, #4
    249c:	e8bd8fc0 	pop	{r6, r7, r8, r9, sl, fp, pc}
    24a0:	e3a00008 	mov	r0, #8
    24a4:	e59d1000 	ldr	r1, [sp]
    24a8:	e5810010 	str	r0, [r1, #16]
    24ac:	e59d0000 	ldr	r0, [sp]
    24b0:	e59d101c 	ldr	r1, [sp, #28]
    24b4:	e59fcca0 	ldr	ip, [pc, #3232]	@ 0x315c
    24b8:	e12fff3c 	blx	ip
    24bc:	e28dd004 	add	sp, sp, #4
    24c0:	e8bd0fc0 	pop	{r6, r7, r8, r9, sl, fp}
    24c4:	e28dd004 	add	sp, sp, #4
    24c8:	e12fff10 	bx	r0
    24cc:	e92d43c0 	push	{r6, r7, r8, r9, lr}
    24d0:	e24dd004 	sub	sp, sp, #4
    24d4:	e58d0000 	str	r0, [sp]
    24d8:	e30cc123 	movw	ip, #49443	@ 0xc123
    24dc:	e34cc456 	movt	ip, #50262	@ 0xc456
    24e0:	e5942000 	ldr	r2, [r4]
    24e4:	e5940004 	ldr	r0, [r4, #4]
    24e8:	e5941008 	ldr	r1, [r4, #8]
    24ec:	e3510000 	cmp	r1, #0
    24f0:	0a0000ef 	beq	0x28b4
    24f4:	e1a06002 	mov	r6, r2
    24f8:	e5953030 	ldr	r3, [r5, #48]	@ 0x30
    24fc:	e3e0c4fe 	mvn	ip, #-33554432	@ 0xfe000000
    2500:	e3ccc8fe 	bic	ip, ip, #16646144	@ 0xfe0000
    2504:	e156000c 	cmp	r6, ip
    2508:	8a0000ef 	bhi	0x28cc
    250c:	e7c30006 	strb	r0, [r3, r6]
    2510:	e0823001 	add	r3, r2, r1
    2514:	e1a06003 	mov	r6, r3
    2518:	e2433001 	sub	r3, r3, #1
    251c:	e5957030 	ldr	r7, [r5, #48]	@ 0x30
    2520:	e3e0c4fe 	mvn	ip, #-33554432	@ 0xfe000000
    2524:	e3ccc8fe 	bic	ip, ip, #16646144	@ 0xfe0000
    2528:	e153000c 	cmp	r3, ip
    252c:	8a0000e6 	bhi	0x28cc
    2530:	e7c70003 	strb	r0, [r7, r3]
    2534:	e3510003 	cmp	r1, #3
    2538:	3a0000dd 	bcc	0x28b4
    253c:	e1a07002 	mov	r7, r2
    2540:	e5953030 	ldr	r3, [r5, #48]	@ 0x30
    2544:	e2977002 	adds	r7, r7, #2
    2548:	2a0000df 	bcs	0x28cc
    254c:	e3e0c4fe 	mvn	ip, #-33554432	@ 0xfe000000
    2550:	e3ccc8fe 	bic	ip, ip, #16646144	@ 0xfe0000
    2554:	e157000c 	cmp	r7, ip
    2558:	8a0000db 	bhi	0x28cc
    255c:	e7c30007 	strb	r0, [r3, r7]
    2560:	e1a07002 	mov	r7, r2
    2564:	e5953030 	ldr	r3, [r5, #48]	@ 0x30
    2568:	e2977001 	adds	r7, r7, #1
    256c:	2a0000d6 	bcs	0x28cc
    2570:	e3e0c4fe 	mvn	ip, #-33554432	@ 0xfe000000
    2574:	e3ccc8fe 	bic	ip, ip, #16646144	@ 0xfe0000
    2578:	e157000c 	cmp	r7, ip
    257c:	8a0000d2 	bhi	0x28cc
    2580:	e7c30007 	strb	r0, [r3, r7]
    2584:	e2463003 	sub	r3, r6, #3
    2588:	e5957030 	ldr	r7, [r5, #48]	@ 0x30
    258c:	e3e0c4fe 	mvn	ip, #-33554432	@ 0xfe000000
    2590:	e3ccc8fe 	bic	ip, ip, #16646144	@ 0xfe0000
    2594:	e153000c 	cmp	r3, ip
    2598:	8a0000cb 	bhi	0x28cc
    259c:	e7c70003 	strb	r0, [r7, r3]
    25a0:	e2463002 	sub	r3, r6, #2
    25a4:	e5957030 	ldr	r7, [r5, #48]	@ 0x30
    25a8:	e3e0c4fe 	mvn	ip, #-33554432	@ 0xfe000000
    25ac:	e3ccc8fe 	bic	ip, ip, #16646144	@ 0xfe0000
    25b0:	e153000c 	cmp	r3, ip
    25b4:	8a0000c4 	bhi	0x28cc
    25b8:	e7c70003 	strb	r0, [r7, r3]
    25bc:	e3510007 	cmp	r1, #7
    25c0:	3a0000bb 	bcc	0x28b4
    25c4:	e1a07002 	mov	r7, r2
    25c8:	e5953030 	ldr	r3, [r5, #48]	@ 0x30
    25cc:	e2977003 	adds	r7, r7, #3
    25d0:	2a0000bd 	bcs	0x28cc
    25d4:	e3e0c4fe 	mvn	ip, #-33554432	@ 0xfe000000
    25d8:	e3ccc8fe 	bic	ip, ip, #16646144	@ 0xfe0000
    25dc:	e157000c 	cmp	r7, ip
    25e0:	8a0000b9 	bhi	0x28cc
    25e4:	e7c30007 	strb	r0, [r3, r7]
    25e8:	e2466004 	sub	r6, r6, #4
    25ec:	e5953030 	ldr	r3, [r5, #48]	@ 0x30
    25f0:	e3e0c4fe 	mvn	ip, #-33554432	@ 0xfe000000
    25f4:	e3ccc8fe 	bic	ip, ip, #16646144	@ 0xfe0000
    25f8:	e156000c 	cmp	r6, ip
    25fc:	8a0000b2 	bhi	0x28cc
    2600:	e7c30006 	strb	r0, [r3, r6]
    2604:	e3510009 	cmp	r1, #9
    2608:	3a0000a9 	bcc	0x28b4
    260c:	e2623000 	rsb	r3, r2, #0
    2610:	e2033003 	and	r3, r3, #3
    2614:	e1a06003 	mov	r6, r3
    2618:	e0823003 	add	r3, r2, r3
    261c:	e1a07003 	mov	r7, r3
    2620:	e20000ff 	and	r0, r0, #255	@ 0xff
    2624:	e59fcb34 	ldr	ip, [pc, #2868]	@ 0x3160
    2628:	e0000c90 	mul	r0, r0, ip
    262c:	e1a08000 	mov	r8, r0
    2630:	e5959030 	ldr	r9, [r5, #48]	@ 0x30
    2634:	e59fcb1c 	ldr	ip, [pc, #2844]	@ 0x3158
    2638:	e153000c 	cmp	r3, ip
    263c:	8a0000a2 	bhi	0x28cc
    2640:	e7890003 	str	r0, [r9, r3]
    2644:	e0411006 	sub	r1, r1, r6
    2648:	e3c11003 	bic	r1, r1, #3
    264c:	e1a00001 	mov	r0, r1
    2650:	e0871001 	add	r1, r7, r1
    2654:	e1a03001 	mov	r3, r1
    2658:	e2411004 	sub	r1, r1, #4
    265c:	e5956030 	ldr	r6, [r5, #48]	@ 0x30
    2660:	e59fcaf0 	ldr	ip, [pc, #2800]	@ 0x3158
    2664:	e151000c 	cmp	r1, ip
    2668:	8a000097 	bhi	0x28cc
    266c:	e7868001 	str	r8, [r6, r1]
    2670:	e3500009 	cmp	r0, #9
    2674:	3a00008e 	bcc	0x28b4
    2678:	e1a06007 	mov	r6, r7
    267c:	e5951030 	ldr	r1, [r5, #48]	@ 0x30
    2680:	e2966008 	adds	r6, r6, #8
    2684:	2a000090 	bcs	0x28cc
    2688:	e59fcac8 	ldr	ip, [pc, #2760]	@ 0x3158
    268c:	e156000c 	cmp	r6, ip
    2690:	8a00008d 	bhi	0x28cc
    2694:	e7818006 	str	r8, [r1, r6]
    2698:	e1a06007 	mov	r6, r7
    269c:	e5951030 	ldr	r1, [r5, #48]	@ 0x30
    26a0:	e2966004 	adds	r6, r6, #4
    26a4:	2a000088 	bcs	0x28cc
    26a8:	e59fcaa8 	ldr	ip, [pc, #2728]	@ 0x3158
    26ac:	e156000c 	cmp	r6, ip
    26b0:	8a000085 	bhi	0x28cc
    26b4:	e7818006 	str	r8, [r1, r6]
    26b8:	e2431008 	sub	r1, r3, #8
    26bc:	e5956030 	ldr	r6, [r5, #48]	@ 0x30
    26c0:	e59fca90 	ldr	ip, [pc, #2704]	@ 0x3158
    26c4:	e151000c 	cmp	r1, ip
    26c8:	8a00007f 	bhi	0x28cc
    26cc:	e7868001 	str	r8, [r6, r1]
    26d0:	e243100c 	sub	r1, r3, #12
    26d4:	e5956030 	ldr	r6, [r5, #48]	@ 0x30
    26d8:	e59fca78 	ldr	ip, [pc, #2680]	@ 0x3158
    26dc:	e151000c 	cmp	r1, ip
    26e0:	8a000079 	bhi	0x28cc
    26e4:	e7868001 	str	r8, [r6, r1]
    26e8:	e3500019 	cmp	r0, #25
    26ec:	3a000070 	bcc	0x28b4
    26f0:	e1a06007 	mov	r6, r7
    26f4:	e5951030 	ldr	r1, [r5, #48]	@ 0x30
    26f8:	e2966018 	adds	r6, r6, #24
    26fc:	2a000072 	bcs	0x28cc
    2700:	e59fca50 	ldr	ip, [pc, #2640]	@ 0x3158
    2704:	e156000c 	cmp	r6, ip
    2708:	8a00006f 	bhi	0x28cc
    270c:	e7818006 	str	r8, [r1, r6]
    2710:	e1a06007 	mov	r6, r7
    2714:	e5951030 	ldr	r1, [r5, #48]	@ 0x30
    2718:	e2966014 	adds	r6, r6, #20
    271c:	2a00006a 	bcs	0x28cc
    2720:	e59fca30 	ldr	ip, [pc, #2608]	@ 0x3158
    2724:	e156000c 	cmp	r6, ip
    2728:	8a000067 	bhi	0x28cc
    272c:	e7818006 	str	r8, [r1, r6]
    2730:	e1a06007 	mov	r6, r7
    2734:	e5951030 	ldr	r1, [r5, #48]	@ 0x30
    2738:	e2966010 	adds	r6, r6, #16
    273c:	2a000062 	bcs	0x28cc
    2740:	e59fca10 	ldr	ip, [pc, #2576]	@ 0x3158
    2744:	e156000c 	cmp	r6, ip
    2748:	8a00005f 	bhi	0x28cc
    274c:	e7818006 	str	r8, [r1, r6]
    2750:	e1a06007 	mov	r6, r7
    2754:	e5951030 	ldr	r1, [r5, #48]	@ 0x30
    2758:	e296600c 	adds	r6, r6, #12
    275c:	2a00005a 	bcs	0x28cc
    2760:	e59fc9f0 	ldr	ip, [pc, #2544]	@ 0x3158
    2764:	e156000c 	cmp	r6, ip
    2768:	8a000057 	bhi	0x28cc
    276c:	e7818006 	str	r8, [r1, r6]
    2770:	e2431010 	sub	r1, r3, #16
    2774:	e5956030 	ldr	r6, [r5, #48]	@ 0x30
    2778:	e59fc9d8 	ldr	ip, [pc, #2520]	@ 0x3158
    277c:	e151000c 	cmp	r1, ip
    2780:	8a000051 	bhi	0x28cc
    2784:	e7868001 	str	r8, [r6, r1]
    2788:	e2431014 	sub	r1, r3, #20
    278c:	e5956030 	ldr	r6, [r5, #48]	@ 0x30
    2790:	e59fc9c0 	ldr	ip, [pc, #2496]	@ 0x3158
    2794:	e151000c 	cmp	r1, ip
    2798:	8a00004b 	bhi	0x28cc
    279c:	e7868001 	str	r8, [r6, r1]
    27a0:	e2431018 	sub	r1, r3, #24
    27a4:	e5956030 	ldr	r6, [r5, #48]	@ 0x30
    27a8:	e59fc9a8 	ldr	ip, [pc, #2472]	@ 0x3158
    27ac:	e151000c 	cmp	r1, ip
    27b0:	8a000045 	bhi	0x28cc
    27b4:	e7868001 	str	r8, [r6, r1]
    27b8:	e243301c 	sub	r3, r3, #28
    27bc:	e5951030 	ldr	r1, [r5, #48]	@ 0x30
    27c0:	e59fc990 	ldr	ip, [pc, #2448]	@ 0x3158
    27c4:	e153000c 	cmp	r3, ip
    27c8:	8a00003f 	bhi	0x28cc
    27cc:	e7818003 	str	r8, [r1, r3]
    27d0:	e2071004 	and	r1, r7, #4
    27d4:	e3811018 	orr	r1, r1, #24
    27d8:	e1a03001 	mov	r3, r1
    27dc:	e0400001 	sub	r0, r0, r1
    27e0:	e1a06000 	mov	r6, r0
    27e4:	e3500020 	cmp	r0, #32
    27e8:	3a000031 	bcc	0x28b4
    27ec:	e1a00008 	mov	r0, r8
    27f0:	e3a01000 	mov	r1, #0
    27f4:	e1a08000 	mov	r8, r0
    27f8:	e3a0c001 	mov	ip, #1
    27fc:	e0080c98 	mul	r8, r8, ip
    2800:	e0811008 	add	r1, r1, r8
    2804:	e0877003 	add	r7, r7, r3
    2808:	e1a08007 	mov	r8, r7
    280c:	e5953030 	ldr	r3, [r5, #48]	@ 0x30
    2810:	e2988018 	adds	r8, r8, #24
    2814:	2a00002c 	bcs	0x28cc
    2818:	e59fc944 	ldr	ip, [pc, #2372]	@ 0x3164
    281c:	e158000c 	cmp	r8, ip
    2820:	8a000029 	bhi	0x28cc
    2824:	e083c008 	add	ip, r3, r8
    2828:	e58c0000 	str	r0, [ip]
    282c:	e58c1004 	str	r1, [ip, #4]
    2830:	e1a08007 	mov	r8, r7
    2834:	e5953030 	ldr	r3, [r5, #48]	@ 0x30
    2838:	e2988010 	adds	r8, r8, #16
    283c:	2a000022 	bcs	0x28cc
    2840:	e59fc91c 	ldr	ip, [pc, #2332]	@ 0x3164
    2844:	e158000c 	cmp	r8, ip
    2848:	8a00001f 	bhi	0x28cc
    284c:	e083c008 	add	ip, r3, r8
    2850:	e58c0000 	str	r0, [ip]
    2854:	e58c1004 	str	r1, [ip, #4]
    2858:	e1a08007 	mov	r8, r7
    285c:	e5953030 	ldr	r3, [r5, #48]	@ 0x30
    2860:	e2988008 	adds	r8, r8, #8
    2864:	2a000018 	bcs	0x28cc
    2868:	e59fc8f4 	ldr	ip, [pc, #2292]	@ 0x3164
    286c:	e158000c 	cmp	r8, ip
    2870:	8a000015 	bhi	0x28cc
    2874:	e083c008 	add	ip, r3, r8
    2878:	e58c0000 	str	r0, [ip]
    287c:	e58c1004 	str	r1, [ip, #4]
    2880:	e1a08007 	mov	r8, r7
    2884:	e5953030 	ldr	r3, [r5, #48]	@ 0x30
    2888:	e59fc8d4 	ldr	ip, [pc, #2260]	@ 0x3164
    288c:	e158000c 	cmp	r8, ip
    2890:	8a00000d 	bhi	0x28cc
    2894:	e083c008 	add	ip, r3, r8
    2898:	e58c0000 	str	r0, [ip]
    289c:	e58c1004 	str	r1, [ip, #4]
    28a0:	e2877020 	add	r7, r7, #32
    28a4:	e2463020 	sub	r3, r6, #32
    28a8:	e1a06003 	mov	r6, r3
    28ac:	e353001f 	cmp	r3, #31
    28b0:	8affffd4 	bhi	0x2808
    28b4:	e5842000 	str	r2, [r4]
    28b8:	e59f08a8 	ldr	r0, [pc, #2216]	@ 0x3168
    28bc:	e30ccabc 	movw	ip, #51900	@ 0xcabc
    28c0:	e34ccdef 	movt	ip, #52719	@ 0xcdef
    28c4:	e28dd004 	add	sp, sp, #4
    28c8:	e8bd83c0 	pop	{r6, r7, r8, r9, pc}
    28cc:	e3a00008 	mov	r0, #8
    28d0:	e59d1000 	ldr	r1, [sp]
    28d4:	e5810010 	str	r0, [r1, #16]
    28d8:	e59d0000 	ldr	r0, [sp]
    28dc:	e59d1014 	ldr	r1, [sp, #20]
    28e0:	e59fc884 	ldr	ip, [pc, #2180]	@ 0x316c
    28e4:	e12fff3c 	blx	ip
    28e8:	e28dd004 	add	sp, sp, #4
    28ec:	e8bd03c0 	pop	{r6, r7, r8, r9}
    28f0:	e28dd004 	add	sp, sp, #4
    28f4:	e12fff10 	bx	r0
    28f8:	e52de004 	push	{lr}		@ (str lr, [sp, #-4]!)
    28fc:	e24dd004 	sub	sp, sp, #4
    2900:	e58d0000 	str	r0, [sp]
    2904:	e30cc123 	movw	ip, #49443	@ 0xc123
    2908:	e34cc456 	movt	ip, #50262	@ 0xc456
    290c:	e3a009fe 	mov	r0, #4161536	@ 0x3f8000
    2910:	e3800eb4 	orr	r0, r0, #180, 28	@ 0xb40
    2914:	e30ccabc 	movw	ip, #51900	@ 0xcabc
    2918:	e34ccdef 	movt	ip, #52719	@ 0xcdef
    291c:	e28dd004 	add	sp, sp, #4
    2920:	e49df004 	pop	{pc}		@ (ldr pc, [sp], #4)
    2924:	e52de004 	push	{lr}		@ (str lr, [sp, #-4]!)
    2928:	e24dd004 	sub	sp, sp, #4
    292c:	e58d0000 	str	r0, [sp]
    2930:	e30cc123 	movw	ip, #49443	@ 0xc123
    2934:	e34cc456 	movt	ip, #50262	@ 0xc456
    2938:	e3a0eb46 	mov	lr, #71680	@ 0x11800
    293c:	e38ee04c 	orr	lr, lr, #76	@ 0x4c
    2940:	e584e000 	str	lr, [r4]
    2944:	e59f0824 	ldr	r0, [pc, #2084]	@ 0x3170
    2948:	e1a01004 	mov	r1, r4
    294c:	e59d2000 	ldr	r2, [sp]
    2950:	e59fc81c 	ldr	ip, [pc, #2076]	@ 0x3174
    2954:	e12fff3c 	blx	ip
    2958:	e3500000 	cmp	r0, #0
    295c:	1a000007 	bne	0x2980
    2960:	e3a0eb46 	mov	lr, #71680	@ 0x11800
    2964:	e38ee050 	orr	lr, lr, #80	@ 0x50
    2968:	e584e004 	str	lr, [r4, #4]
    296c:	e59f0804 	ldr	r0, [pc, #2052]	@ 0x3178
    2970:	e30ccabc 	movw	ip, #51900	@ 0xcabc
    2974:	e34ccdef 	movt	ip, #52719	@ 0xcdef
    2978:	e28dd004 	add	sp, sp, #4
    297c:	e49df004 	pop	{pc}		@ (ldr pc, [sp], #4)
    2980:	e59d0000 	ldr	r0, [sp]
    2984:	e59d1004 	ldr	r1, [sp, #4]
    2988:	e59fc7ec 	ldr	ip, [pc, #2028]	@ 0x317c
    298c:	e12fff3c 	blx	ip
    2990:	e28dd008 	add	sp, sp, #8
    2994:	e12fff10 	bx	r0
    2998:	e92d4040 	push	{r6, lr}
    299c:	e24dd008 	sub	sp, sp, #8
    29a0:	e58d0000 	str	r0, [sp]
    29a4:	e30cc123 	movw	ip, #49443	@ 0xc123
    29a8:	e34cc456 	movt	ip, #50262	@ 0xc456
    29ac:	e59f07cc 	ldr	r0, [pc, #1996]	@ 0x3180
    29b0:	e1a01004 	mov	r1, r4
    29b4:	e59d2000 	ldr	r2, [sp]
    29b8:	e59fc7c4 	ldr	ip, [pc, #1988]	@ 0x3184
    29bc:	e12fff3c 	blx	ip
    29c0:	e3500000 	cmp	r0, #0
    29c4:	1a000046 	bne	0x2ae4
    29c8:	e5940008 	ldr	r0, [r4, #8]
    29cc:	e1a02000 	mov	r2, r0
    29d0:	e5951030 	ldr	r1, [r5, #48]	@ 0x30
    29d4:	e59fc77c 	ldr	ip, [pc, #1916]	@ 0x3158
    29d8:	e152000c 	cmp	r2, ip
    29dc:	8a00003d 	bhi	0x2ad8
    29e0:	e7910002 	ldr	r0, [r1, r2]
    29e4:	e1a06000 	mov	r6, r0
    29e8:	e3500000 	cmp	r0, #0
    29ec:	0a000012 	beq	0x2a3c
    29f0:	e5846000 	str	r6, [r4]
    29f4:	e59f078c 	ldr	r0, [pc, #1932]	@ 0x3188
    29f8:	e1a01004 	mov	r1, r4
    29fc:	e59d2000 	ldr	r2, [sp]
    2a00:	e59fc784 	ldr	ip, [pc, #1924]	@ 0x318c
    2a04:	e12fff3c 	blx	ip
    2a08:	e3500000 	cmp	r0, #0
    2a0c:	1a000034 	bne	0x2ae4
    2a10:	e1a02006 	mov	r2, r6
    2a14:	e5951030 	ldr	r1, [r5, #48]	@ 0x30
    2a18:	e2922038 	adds	r2, r2, #56	@ 0x38
    2a1c:	2a00002d 	bcs	0x2ad8
    2a20:	e59fc730 	ldr	ip, [pc, #1840]	@ 0x3158
    2a24:	e152000c 	cmp	r2, ip
    2a28:	8a00002a 	bhi	0x2ad8
    2a2c:	e7910002 	ldr	r0, [r1, r2]
    2a30:	e1a06000 	mov	r6, r0
    2a34:	e3500000 	cmp	r0, #0
    2a38:	1affffec 	bne	0x29f0
    2a3c:	e5951030 	ldr	r1, [r5, #48]	@ 0x30
    2a40:	e281cb48 	add	ip, r1, #72, 22	@ 0x12000
    2a44:	e51c07ac 	ldr	r0, [ip, #-1964]	@ 0xfffff854
    2a48:	e5840008 	str	r0, [r4, #8]
    2a4c:	e59f073c 	ldr	r0, [pc, #1852]	@ 0x3190
    2a50:	e1a01004 	mov	r1, r4
    2a54:	e59d2000 	ldr	r2, [sp]
    2a58:	e59fc734 	ldr	ip, [pc, #1844]	@ 0x3194
    2a5c:	e12fff3c 	blx	ip
    2a60:	e3500000 	cmp	r0, #0
    2a64:	1a00001e 	bne	0x2ae4
    2a68:	e5951030 	ldr	r1, [r5, #48]	@ 0x30
    2a6c:	e281cb40 	add	ip, r1, #64, 22	@ 0x10000
    2a70:	e59c0b98 	ldr	r0, [ip, #2968]	@ 0xb98
    2a74:	e5840008 	str	r0, [r4, #8]
    2a78:	e3a009fe 	mov	r0, #4161536	@ 0x3f8000
    2a7c:	e3800df8 	orr	r0, r0, #248, 26	@ 0x3e00
    2a80:	e1a01004 	mov	r1, r4
    2a84:	e59d2000 	ldr	r2, [sp]
    2a88:	e59fc708 	ldr	ip, [pc, #1800]	@ 0x3198
    2a8c:	e12fff3c 	blx	ip
    2a90:	e3500000 	cmp	r0, #0
    2a94:	1a000012 	bne	0x2ae4
    2a98:	e5951030 	ldr	r1, [r5, #48]	@ 0x30
    2a9c:	e281cb40 	add	ip, r1, #64, 22	@ 0x10000
    2aa0:	e59c0c30 	ldr	r0, [ip, #3120]	@ 0xc30
    2aa4:	e5840008 	str	r0, [r4, #8]
    2aa8:	e59f06ec 	ldr	r0, [pc, #1772]	@ 0x319c
    2aac:	e1a01004 	mov	r1, r4
    2ab0:	e59d2000 	ldr	r2, [sp]
    2ab4:	e59fc6e4 	ldr	ip, [pc, #1764]	@ 0x31a0
    2ab8:	e12fff3c 	blx	ip
    2abc:	e3500000 	cmp	r0, #0
    2ac0:	1a000007 	bne	0x2ae4
    2ac4:	e59f06d8 	ldr	r0, [pc, #1752]	@ 0x31a4
    2ac8:	e30ccabc 	movw	ip, #51900	@ 0xcabc
    2acc:	e34ccdef 	movt	ip, #52719	@ 0xcdef
    2ad0:	e28dd008 	add	sp, sp, #8
    2ad4:	e8bd8040 	pop	{r6, pc}
    2ad8:	e3a00008 	mov	r0, #8
    2adc:	e59d1000 	ldr	r1, [sp]
    2ae0:	e5810010 	str	r0, [r1, #16]
    2ae4:	e59d0000 	ldr	r0, [sp]
    2ae8:	e59d100c 	ldr	r1, [sp, #12]
    2aec:	e59fc6b4 	ldr	ip, [pc, #1716]	@ 0x31a8
    2af0:	e12fff3c 	blx	ip
    2af4:	e59d6008 	ldr	r6, [sp, #8]
    2af8:	e28dd010 	add	sp, sp, #16
    2afc:	e12fff10 	bx	r0
    2b00:	e92d40c0 	push	{r6, r7, lr}
    2b04:	e24dd004 	sub	sp, sp, #4
    2b08:	e58d0000 	str	r0, [sp]
    2b0c:	e30cc123 	movw	ip, #49443	@ 0xc123
    2b10:	e34cc456 	movt	ip, #50262	@ 0xc456
    2b14:	e5946000 	ldr	r6, [r4]
    2b18:	e3560000 	cmp	r6, #0
    2b1c:	0a000065 	beq	0x2cb8
    2b20:	e1a02006 	mov	r2, r6
    2b24:	e5951030 	ldr	r1, [r5, #48]	@ 0x30
    2b28:	e292204c 	adds	r2, r2, #76	@ 0x4c
    2b2c:	2a000066 	bcs	0x2ccc
    2b30:	e59fc620 	ldr	ip, [pc, #1568]	@ 0x3158
    2b34:	e152000c 	cmp	r2, ip
    2b38:	8a000063 	bhi	0x2ccc
    2b3c:	e7910002 	ldr	r0, [r1, r2]
    2b40:	e3500000 	cmp	r0, #0
    2b44:	ba000007 	blt	0x2b68
    2b48:	e5846000 	str	r6, [r4]
    2b4c:	e59f0658 	ldr	r0, [pc, #1624]	@ 0x31ac
    2b50:	e1a01004 	mov	r1, r4
    2b54:	e59d2000 	ldr	r2, [sp]
    2b58:	e59fc650 	ldr	ip, [pc, #1616]	@ 0x31b0
    2b5c:	e12fff3c 	blx	ip
    2b60:	e3500000 	cmp	r0, #0
    2b64:	1a00005b 	bne	0x2cd8
    2b68:	e1a02006 	mov	r2, r6
    2b6c:	e5951030 	ldr	r1, [r5, #48]	@ 0x30
    2b70:	e2922014 	adds	r2, r2, #20
    2b74:	2a000054 	bcs	0x2ccc
    2b78:	e59fc5d8 	ldr	ip, [pc, #1496]	@ 0x3158
    2b7c:	e152000c 	cmp	r2, ip
    2b80:	8a000051 	bhi	0x2ccc
    2b84:	e7910002 	ldr	r0, [r1, r2]
    2b88:	e1a03006 	mov	r3, r6
    2b8c:	e5952030 	ldr	r2, [r5, #48]	@ 0x30
    2b90:	e293301c 	adds	r3, r3, #28
    2b94:	2a00004c 	bcs	0x2ccc
    2b98:	e59fc5b8 	ldr	ip, [pc, #1464]	@ 0x3158
    2b9c:	e153000c 	cmp	r3, ip
    2ba0:	8a000049 	bhi	0x2ccc
    2ba4:	e7921003 	ldr	r1, [r2, r3]
    2ba8:	e1500001 	cmp	r0, r1
    2bac:	0a000014 	beq	0x2c04
    2bb0:	e1a02006 	mov	r2, r6
    2bb4:	e5951030 	ldr	r1, [r5, #48]	@ 0x30
    2bb8:	e2922024 	adds	r2, r2, #36	@ 0x24
    2bbc:	2a000042 	bcs	0x2ccc
    2bc0:	e59fc590 	ldr	ip, [pc, #1424]	@ 0x3158
    2bc4:	e152000c 	cmp	r2, ip
    2bc8:	8a00003f 	bhi	0x2ccc
    2bcc:	e7910002 	ldr	r0, [r1, r2]
    2bd0:	e5846000 	str	r6, [r4]
    2bd4:	e3a0e000 	mov	lr, #0
    2bd8:	e584e00c 	str	lr, [r4, #12]
    2bdc:	e3a0e000 	mov	lr, #0
    2be0:	e584e00c 	str	lr, [r4, #12]
    2be4:	e5840020 	str	r0, [r4, #32]
    2be8:	e59f05c4 	ldr	r0, [pc, #1476]	@ 0x31b4
    2bec:	e1a01004 	mov	r1, r4
    2bf0:	e59d2000 	ldr	r2, [sp]
    2bf4:	e59fc5bc 	ldr	ip, [pc, #1468]	@ 0x31b8
    2bf8:	e12fff3c 	blx	ip
    2bfc:	e3500000 	cmp	r0, #0
    2c00:	1a000034 	bne	0x2cd8
    2c04:	e1a02006 	mov	r2, r6
    2c08:	e5951030 	ldr	r1, [r5, #48]	@ 0x30
    2c0c:	e2922004 	adds	r2, r2, #4
    2c10:	2a00002d 	bcs	0x2ccc
    2c14:	e59fc53c 	ldr	ip, [pc, #1340]	@ 0x3158
    2c18:	e152000c 	cmp	r2, ip
    2c1c:	8a00002a 	bhi	0x2ccc
    2c20:	e7910002 	ldr	r0, [r1, r2]
    2c24:	e1a01000 	mov	r1, r0
    2c28:	e1a07006 	mov	r7, r6
    2c2c:	e5953030 	ldr	r3, [r5, #48]	@ 0x30
    2c30:	e2977008 	adds	r7, r7, #8
    2c34:	2a000024 	bcs	0x2ccc
    2c38:	e59fc518 	ldr	ip, [pc, #1304]	@ 0x3158
    2c3c:	e157000c 	cmp	r7, ip
    2c40:	8a000021 	bhi	0x2ccc
    2c44:	e7932007 	ldr	r2, [r3, r7]
    2c48:	e1a03002 	mov	r3, r2
    2c4c:	e1500002 	cmp	r0, r2
    2c50:	0a000018 	beq	0x2cb8
    2c54:	e0411003 	sub	r1, r1, r3
    2c58:	e1a00001 	mov	r0, r1
    2c5c:	e1a01fc0 	asr	r1, r0, #31
    2c60:	e1a07006 	mov	r7, r6
    2c64:	e5953030 	ldr	r3, [r5, #48]	@ 0x30
    2c68:	e2977028 	adds	r7, r7, #40	@ 0x28
    2c6c:	2a000016 	bcs	0x2ccc
    2c70:	e59fc4e0 	ldr	ip, [pc, #1248]	@ 0x3158
    2c74:	e157000c 	cmp	r7, ip
    2c78:	8a000013 	bhi	0x2ccc
    2c7c:	e7932007 	ldr	r2, [r3, r7]
    2c80:	e5846000 	str	r6, [r4]
    2c84:	e5840018 	str	r0, [r4, #24]
    2c88:	e584101c 	str	r1, [r4, #28]
    2c8c:	e3a0e001 	mov	lr, #1
    2c90:	e584e010 	str	lr, [r4, #16]
    2c94:	e5842024 	str	r2, [r4, #36]	@ 0x24
    2c98:	e3a009fe 	mov	r0, #4161536	@ 0x3f8000
    2c9c:	e3800d44 	orr	r0, r0, #68, 26	@ 0x1100
    2ca0:	e1a01004 	mov	r1, r4
    2ca4:	e59d2000 	ldr	r2, [sp]
    2ca8:	e59fc50c 	ldr	ip, [pc, #1292]	@ 0x31bc
    2cac:	e12fff3c 	blx	ip
    2cb0:	e3500000 	cmp	r0, #0
    2cb4:	1a000007 	bne	0x2cd8
    2cb8:	e59f0500 	ldr	r0, [pc, #1280]	@ 0x31c0
    2cbc:	e30ccabc 	movw	ip, #51900	@ 0xcabc
    2cc0:	e34ccdef 	movt	ip, #52719	@ 0xcdef
    2cc4:	e28dd004 	add	sp, sp, #4
    2cc8:	e8bd80c0 	pop	{r6, r7, pc}
    2ccc:	e3a00008 	mov	r0, #8
    2cd0:	e59d1000 	ldr	r1, [sp]
    2cd4:	e5810010 	str	r0, [r1, #16]
    2cd8:	e59d0000 	ldr	r0, [sp]
    2cdc:	e59d100c 	ldr	r1, [sp, #12]
    2ce0:	e59fc4dc 	ldr	ip, [pc, #1244]	@ 0x31c4
    2ce4:	e12fff3c 	blx	ip
    2ce8:	e28dd004 	add	sp, sp, #4
    2cec:	e8bd00c0 	pop	{r6, r7}
    2cf0:	e28dd004 	add	sp, sp, #4
    2cf4:	e12fff10 	bx	r0
    2cf8:	e92d4040 	push	{r6, lr}
    2cfc:	e24dd008 	sub	sp, sp, #8
    2d00:	e58d0000 	str	r0, [sp]
    2d04:	e30cc123 	movw	ip, #49443	@ 0xc123
    2d08:	e34cc456 	movt	ip, #50262	@ 0xc456
    2d0c:	e5940000 	ldr	r0, [r4]
    2d10:	e1a03000 	mov	r3, r0
    2d14:	e5952030 	ldr	r2, [r5, #48]	@ 0x30
    2d18:	e2933048 	adds	r3, r3, #72	@ 0x48
    2d1c:	2a00005f 	bcs	0x2ea0
    2d20:	e59fc430 	ldr	ip, [pc, #1072]	@ 0x3158
    2d24:	e153000c 	cmp	r3, ip
    2d28:	8a00005c 	bhi	0x2ea0
    2d2c:	e7921003 	ldr	r1, [r2, r3]
    2d30:	e1a02001 	mov	r2, r1
    2d34:	e2411001 	sub	r1, r1, #1
    2d38:	e1811002 	orr	r1, r1, r2
    2d3c:	e1a03000 	mov	r3, r0
    2d40:	e5952030 	ldr	r2, [r5, #48]	@ 0x30
    2d44:	e2933048 	adds	r3, r3, #72	@ 0x48
    2d48:	2a000054 	bcs	0x2ea0
    2d4c:	e59fc404 	ldr	ip, [pc, #1028]	@ 0x3158
    2d50:	e153000c 	cmp	r3, ip
    2d54:	8a000051 	bhi	0x2ea0
    2d58:	e7821003 	str	r1, [r2, r3]
    2d5c:	e1a03000 	mov	r3, r0
    2d60:	e5952030 	ldr	r2, [r5, #48]	@ 0x30
    2d64:	e59fc3ec 	ldr	ip, [pc, #1004]	@ 0x3158
    2d68:	e153000c 	cmp	r3, ip
    2d6c:	8a00004b 	bhi	0x2ea0
    2d70:	e7921003 	ldr	r1, [r2, r3]
    2d74:	e1a02001 	mov	r2, r1
    2d78:	e3110008 	tst	r1, #8
    2d7c:	0a00000a 	beq	0x2dac
    2d80:	e3822020 	orr	r2, r2, #32
    2d84:	e1a03000 	mov	r3, r0
    2d88:	e5951030 	ldr	r1, [r5, #48]	@ 0x30
    2d8c:	e59fc3c4 	ldr	ip, [pc, #964]	@ 0x3158
    2d90:	e153000c 	cmp	r3, ip
    2d94:	8a000041 	bhi	0x2ea0
    2d98:	e7812003 	str	r2, [r1, r3]
    2d9c:	e3e0e000 	mvn	lr, #0
    2da0:	e584e008 	str	lr, [r4, #8]
    2da4:	e59f041c 	ldr	r0, [pc, #1052]	@ 0x31c8
    2da8:	ea00003a 	b	0x2e98
    2dac:	e1a02000 	mov	r2, r0
    2db0:	e5951030 	ldr	r1, [r5, #48]	@ 0x30
    2db4:	e2922004 	adds	r2, r2, #4
    2db8:	2a000038 	bcs	0x2ea0
    2dbc:	e59fc3a0 	ldr	ip, [pc, #928]	@ 0x3164
    2dc0:	e152000c 	cmp	r2, ip
    2dc4:	8a000035 	bhi	0x2ea0
    2dc8:	e0811002 	add	r1, r1, r2
    2dcc:	e3a02000 	mov	r2, #0
    2dd0:	e3a03000 	mov	r3, #0
    2dd4:	e5813000 	str	r3, [r1]
    2dd8:	e5812004 	str	r2, [r1, #4]
    2ddc:	e1a03000 	mov	r3, r0
    2de0:	e5952030 	ldr	r2, [r5, #48]	@ 0x30
    2de4:	e293302c 	adds	r3, r3, #44	@ 0x2c
    2de8:	2a00002c 	bcs	0x2ea0
    2dec:	e59fc364 	ldr	ip, [pc, #868]	@ 0x3158
    2df0:	e153000c 	cmp	r3, ip
    2df4:	8a000029 	bhi	0x2ea0
    2df8:	e7921003 	ldr	r1, [r2, r3]
    2dfc:	e1a02001 	mov	r2, r1
    2e00:	e1a06000 	mov	r6, r0
    2e04:	e5953030 	ldr	r3, [r5, #48]	@ 0x30
    2e08:	e296601c 	adds	r6, r6, #28
    2e0c:	2a000023 	bcs	0x2ea0
    2e10:	e59fc340 	ldr	ip, [pc, #832]	@ 0x3158
    2e14:	e156000c 	cmp	r6, ip
    2e18:	8a000020 	bhi	0x2ea0
    2e1c:	e7831006 	str	r1, [r3, r6]
    2e20:	e1a03000 	mov	r3, r0
    2e24:	e5951030 	ldr	r1, [r5, #48]	@ 0x30
    2e28:	e2933014 	adds	r3, r3, #20
    2e2c:	2a00001b 	bcs	0x2ea0
    2e30:	e59fc320 	ldr	ip, [pc, #800]	@ 0x3158
    2e34:	e153000c 	cmp	r3, ip
    2e38:	8a000018 	bhi	0x2ea0
    2e3c:	e7812003 	str	r2, [r1, r3]
    2e40:	e1a06000 	mov	r6, r0
    2e44:	e5953030 	ldr	r3, [r5, #48]	@ 0x30
    2e48:	e2966030 	adds	r6, r6, #48	@ 0x30
    2e4c:	2a000013 	bcs	0x2ea0
    2e50:	e59fc300 	ldr	ip, [pc, #768]	@ 0x3158
    2e54:	e156000c 	cmp	r6, ip
    2e58:	8a000010 	bhi	0x2ea0
    2e5c:	e7931006 	ldr	r1, [r3, r6]
    2e60:	e0822001 	add	r2, r2, r1
    2e64:	e5951030 	ldr	r1, [r5, #48]	@ 0x30
    2e68:	e2900010 	adds	r0, r0, #16
    2e6c:	2a00000b 	bcs	0x2ea0
    2e70:	e59fc2e0 	ldr	ip, [pc, #736]	@ 0x3158
    2e74:	e150000c 	cmp	r0, ip
    2e78:	8a000008 	bhi	0x2ea0
    2e7c:	e7812000 	str	r2, [r1, r0]
    2e80:	e3a0e000 	mov	lr, #0
    2e84:	e584e01c 	str	lr, [r4, #28]
    2e88:	e3a009fd 	mov	r0, #4145152	@ 0x3f4000
    2e8c:	e3800054 	orr	r0, r0, #84	@ 0x54
    2e90:	e30ccabc 	movw	ip, #51900	@ 0xcabc
    2e94:	e34ccdef 	movt	ip, #52719	@ 0xcdef
    2e98:	e28dd008 	add	sp, sp, #8
    2e9c:	e8bd8040 	pop	{r6, pc}
    2ea0:	e3a00008 	mov	r0, #8
    2ea4:	e59d1000 	ldr	r1, [sp]
    2ea8:	e5810010 	str	r0, [r1, #16]
    2eac:	e59d0000 	ldr	r0, [sp]
    2eb0:	e59d100c 	ldr	r1, [sp, #12]
    2eb4:	e59fc310 	ldr	ip, [pc, #784]	@ 0x31cc
    2eb8:	e12fff3c 	blx	ip
    2ebc:	e59d6008 	ldr	r6, [sp, #8]
    2ec0:	e28dd010 	add	sp, sp, #16
    2ec4:	e12fff10 	bx	r0
    2ec8:	e92d43c0 	push	{r6, r7, r8, r9, lr}
    2ecc:	e24dd004 	sub	sp, sp, #4
    2ed0:	e58d0000 	str	r0, [sp]
    2ed4:	e30cc123 	movw	ip, #49443	@ 0xc123
    2ed8:	e34cc456 	movt	ip, #50262	@ 0xc456
    2edc:	e5940000 	ldr	r0, [r4]
    2ee0:	e5941004 	ldr	r1, [r4, #4]
    2ee4:	e5942008 	ldr	r2, [r4, #8]
    2ee8:	e3520000 	cmp	r2, #0
    2eec:	e3a03000 	mov	r3, #0
    2ef0:	13a03001 	movne	r3, #1
    2ef4:	e3100003 	tst	r0, #3
    2ef8:	0a000016 	beq	0x2f58
    2efc:	e3520000 	cmp	r2, #0
    2f00:	0a000014 	beq	0x2f58
    2f04:	e20160ff 	and	r6, r1, #255	@ 0xff
    2f08:	e1a09000 	mov	r9, r0
    2f0c:	e5958030 	ldr	r8, [r5, #48]	@ 0x30
    2f10:	e3e0c4fe 	mvn	ip, #-33554432	@ 0xfe000000
    2f14:	e3ccc8fe 	bic	ip, ip, #16646144	@ 0xfe0000
    2f18:	e159000c 	cmp	r9, ip
    2f1c:	8a00004e 	bhi	0x305c
    2f20:	e7d87009 	ldrb	r7, [r8, r9]
    2f24:	e1570006 	cmp	r7, r6
    2f28:	0a000032 	beq	0x2ff8
    2f2c:	e2427001 	sub	r7, r2, #1
    2f30:	e1a02007 	mov	r2, r7
    2f34:	e3570000 	cmp	r7, #0
    2f38:	e3a03000 	mov	r3, #0
    2f3c:	13a03001 	movne	r3, #1
    2f40:	e2807001 	add	r7, r0, #1
    2f44:	e1a00007 	mov	r0, r7
    2f48:	e3170003 	tst	r7, #3
    2f4c:	0a000001 	beq	0x2f58
    2f50:	e3520000 	cmp	r2, #0
    2f54:	1affffeb 	bne	0x2f08
    2f58:	e3530000 	cmp	r3, #0
    2f5c:	0a000037 	beq	0x3040
    2f60:	e1a07000 	mov	r7, r0
    2f64:	e5956030 	ldr	r6, [r5, #48]	@ 0x30
    2f68:	e3e0c4fe 	mvn	ip, #-33554432	@ 0xfe000000
    2f6c:	e3ccc8fe 	bic	ip, ip, #16646144	@ 0xfe0000
    2f70:	e157000c 	cmp	r7, ip
    2f74:	8a000038 	bhi	0x305c
    2f78:	e7d63007 	ldrb	r3, [r6, r7]
    2f7c:	e20160ff 	and	r6, r1, #255	@ 0xff
    2f80:	e1530006 	cmp	r3, r6
    2f84:	0a000019 	beq	0x2ff0
    2f88:	e3520004 	cmp	r2, #4
    2f8c:	3a000017 	bcc	0x2ff0
    2f90:	e20130ff 	and	r3, r1, #255	@ 0xff
    2f94:	e59fc1c4 	ldr	ip, [pc, #452]	@ 0x3160
    2f98:	e0030c93 	mul	r3, r3, ip
    2f9c:	e1a08000 	mov	r8, r0
    2fa0:	e5957030 	ldr	r7, [r5, #48]	@ 0x30
    2fa4:	e59fc1ac 	ldr	ip, [pc, #428]	@ 0x3158
    2fa8:	e158000c 	cmp	r8, ip
    2fac:	8a00002a 	bhi	0x305c
    2fb0:	e7976008 	ldr	r6, [r7, r8]
    2fb4:	e0266003 	eor	r6, r6, r3
    2fb8:	e1a07006 	mov	r7, r6
    2fbc:	e59fc20c 	ldr	ip, [pc, #524]	@ 0x31d0
    2fc0:	e04c6006 	sub	r6, ip, r6
    2fc4:	e1866007 	orr	r6, r6, r7
    2fc8:	e59fc204 	ldr	ip, [pc, #516]	@ 0x31d4
    2fcc:	e006600c 	and	r6, r6, ip
    2fd0:	e59fc1fc 	ldr	ip, [pc, #508]	@ 0x31d4
    2fd4:	e156000c 	cmp	r6, ip
    2fd8:	1a000006 	bne	0x2ff8
    2fdc:	e2800004 	add	r0, r0, #4
    2fe0:	e2426004 	sub	r6, r2, #4
    2fe4:	e1a02006 	mov	r2, r6
    2fe8:	e3560003 	cmp	r6, #3
    2fec:	8affffea 	bhi	0x2f9c
    2ff0:	e3520000 	cmp	r2, #0
    2ff4:	0a000011 	beq	0x3040
    2ff8:	e20110ff 	and	r1, r1, #255	@ 0xff
    2ffc:	e1a07000 	mov	r7, r0
    3000:	e5956030 	ldr	r6, [r5, #48]	@ 0x30
    3004:	e3e0c4fe 	mvn	ip, #-33554432	@ 0xfe000000
    3008:	e3ccc8fe 	bic	ip, ip, #16646144	@ 0xfe0000
    300c:	e157000c 	cmp	r7, ip
    3010:	8a000011 	bhi	0x305c
    3014:	e7d63007 	ldrb	r3, [r6, r7]
    3018:	e1530001 	cmp	r3, r1
    301c:	1a000002 	bne	0x302c
    3020:	e5840000 	str	r0, [r4]
    3024:	e59f01ac 	ldr	r0, [pc, #428]	@ 0x31d8
    3028:	ea000009 	b	0x3054
    302c:	e2800001 	add	r0, r0, #1
    3030:	e2423001 	sub	r3, r2, #1
    3034:	e1a02003 	mov	r2, r3
    3038:	e3530000 	cmp	r3, #0
    303c:	1affffee 	bne	0x2ffc
    3040:	e3a0e000 	mov	lr, #0
    3044:	e584e018 	str	lr, [r4, #24]
    3048:	e59f018c 	ldr	r0, [pc, #396]	@ 0x31dc
    304c:	e30ccabc 	movw	ip, #51900	@ 0xcabc
    3050:	e34ccdef 	movt	ip, #52719	@ 0xcdef
    3054:	e28dd004 	add	sp, sp, #4
    3058:	e8bd83c0 	pop	{r6, r7, r8, r9, pc}
    305c:	e3a00008 	mov	r0, #8
    3060:	e59d1000 	ldr	r1, [sp]
    3064:	e5810010 	str	r0, [r1, #16]
    3068:	e59d0000 	ldr	r0, [sp]
    306c:	e59d1014 	ldr	r1, [sp, #20]
    3070:	e59fc168 	ldr	ip, [pc, #360]	@ 0x31e0
    3074:	e12fff3c 	blx	ip
    3078:	e28dd004 	add	sp, sp, #4
    307c:	e8bd03c0 	pop	{r6, r7, r8, r9}
    3080:	e28dd004 	add	sp, sp, #4
    3084:	e12fff10 	bx	r0
    3088:	e92d40c0 	push	{r6, r7, lr}
    308c:	e24dd004 	sub	sp, sp, #4
    3090:	e58d0000 	str	r0, [sp]
    3094:	e30cc123 	movw	ip, #49443	@ 0xc123
    3098:	e34cc456 	movt	ip, #50262	@ 0xc456
    309c:	e5946000 	ldr	r6, [r4]
    30a0:	e5947004 	ldr	r7, [r4, #4]
    30a4:	e5846000 	str	r6, [r4]
    30a8:	e3a0e000 	mov	lr, #0
    30ac:	e584e00c 	str	lr, [r4, #12]
    30b0:	e5847004 	str	r7, [r4, #4]
    30b4:	e59f0128 	ldr	r0, [pc, #296]	@ 0x31e4
    30b8:	e1a01004 	mov	r1, r4
    30bc:	e59d2000 	ldr	r2, [sp]
    30c0:	e59fc120 	ldr	ip, [pc, #288]	@ 0x31e8
    30c4:	e12fff3c 	blx	ip
    30c8:	e3500000 	cmp	r0, #0
    30cc:	1a00000a 	bne	0x30fc
    30d0:	e5940010 	ldr	r0, [r4, #16]
    30d4:	e1a01000 	mov	r1, r0
    30d8:	e0400006 	sub	r0, r0, r6
    30dc:	e3510000 	cmp	r1, #0
    30e0:	01a00007 	moveq	r0, r7
    30e4:	e5840010 	str	r0, [r4, #16]
    30e8:	e59f00fc 	ldr	r0, [pc, #252]	@ 0x31ec
    30ec:	e30ccabc 	movw	ip, #51900	@ 0xcabc
    30f0:	e34ccdef 	movt	ip, #52719	@ 0xcdef
    30f4:	e28dd004 	add	sp, sp, #4
    30f8:	e8bd80c0 	pop	{r6, r7, pc}
    30fc:	e59d0000 	ldr	r0, [sp]
    3100:	e59d100c 	ldr	r1, [sp, #12]
    3104:	e59fc0e4 	ldr	ip, [pc, #228]	@ 0x31f0
    3108:	e12fff3c 	blx	ip
    310c:	e28dd004 	add	sp, sp, #4
    3110:	e8bd00c0 	pop	{r6, r7}
    3114:	e28dd004 	add	sp, sp, #4
    3118:	e12fff10 	bx	r0
    311c:	e92d43c0 	push	{r6, r7, r8, r9, lr}
    3120:	e24dd004 	sub	sp, sp, #4
    3124:	e58d0000 	str	r0, [sp]
    3128:	e30cc123 	movw	ip, #49443	@ 0xc123
    312c:	e34cc456 	movt	ip, #50262	@ 0xc456
    3130:	ed940b00 	vldr	d0, [r4]
    3134:	e5946008 	ldr	r6, [r4, #8]
    3138:	ec510a10 	vmov	r0, r1, s0, s1
    313c:	ea00002c 	b	0x31f4
	...
    3158:	0101fffc 	strdeq	pc, [r1, -ip]
    315c:	00047eac 	andeq	r7, r4, ip, lsr #29
    3160:	01010101 	tsteq	r1, r1, lsl #2
    3164:	0101fff8 	strdeq	pc, [r1, -r8]
    3168:	003fd148 	eorseq	sp, pc, r8, asr #2
    316c:	00047eac 	andeq	r7, r4, ip, lsr #29
    3170:	003f6a18 	eorseq	r6, pc, r8, lsl sl	@ <UNPREDICTABLE>
    3174:	000487b4 			@ <UNDEFINED> instruction: 0x000487b4
    3178:	003f6a30 	eorseq	r6, pc, r0, lsr sl	@ <UNPREDICTABLE>
    317c:	00047eac 	andeq	r7, r4, ip, lsr #29
    3180:	003fbd7c 	eorseq	fp, pc, ip, ror sp	@ <UNPREDICTABLE>
    3184:	000487b4 			@ <UNDEFINED> instruction: 0x000487b4
    3188:	003fbda8 	eorseq	fp, pc, r8, lsr #27
    318c:	000487b4 			@ <UNDEFINED> instruction: 0x000487b4
    3190:	003fbde4 	eorseq	fp, pc, r4, ror #27
    3194:	000487b4 			@ <UNDEFINED> instruction: 0x000487b4
    3198:	000487b4 			@ <UNDEFINED> instruction: 0x000487b4
    319c:	003fbe1c 	eorseq	fp, pc, ip, lsl lr	@ <UNPREDICTABLE>
    31a0:	000487b4 			@ <UNDEFINED> instruction: 0x000487b4
    31a4:	003fbe34 	eorseq	fp, pc, r4, lsr lr	@ <UNPREDICTABLE>
    31a8:	00047eac 	andeq	r7, r4, ip, lsr #29
    31ac:	003f9038 	eorseq	r9, pc, r8, lsr r0	@ <UNPREDICTABLE>
    31b0:	000487b4 			@ <UNDEFINED> instruction: 0x000487b4
    31b4:	003f9084 	eorseq	r9, pc, r4, lsl #1
    31b8:	00048af0 	strdeq	r8, [r4], -r0
    31bc:	00048af0 	strdeq	r8, [r4], -r0
    31c0:	003f9128 	eorseq	r9, pc, r8, lsr #2
    31c4:	00047eac 	andeq	r7, r4, ip, lsr #29
    31c8:	003f3fec 	eorseq	r3, pc, ip, ror #31
    31cc:	00047eac 	andeq	r7, r4, ip, lsr #29
    31d0:	01010100 	mrseq	r0, (UNDEF: 17)
    31d4:	80808080 	addhi	r8, r0, r0, lsl #1
    31d8:	003fd984 	eorseq	sp, pc, r4, lsl #19
    31dc:	003fd9bc 	ldrhteq	sp, [pc], -ip
    31e0:	00047eac 	andeq	r7, r4, ip, lsr #29
    31e4:	003f223c 	eorseq	r2, pc, ip, lsr r2	@ <UNPREDICTABLE>
    31e8:	000487b4 			@ <UNDEFINED> instruction: 0x000487b4
    31ec:	003f227c 	eorseq	r2, pc, ip, ror r2	@ <UNPREDICTABLE>
    31f0:	00047eac 	andeq	r7, r4, ip, lsr #29
    31f4:	e1a02000 	mov	r2, r0
    31f8:	e1a03001 	mov	r3, r1
    31fc:	e1a00a21 	lsr	r0, r1, #20
    3200:	e3a01000 	mov	r1, #0
    3204:	e3a0cc07 	mov	ip, #1792	@ 0x700
    3208:	e38cc0ff 	orr	ip, ip, #255	@ 0xff
    320c:	e000000c 	and	r0, r0, ip
    3210:	e1a01000 	mov	r1, r0
    3214:	e3a0cc07 	mov	ip, #1792	@ 0x700
    3218:	e38cc0ff 	orr	ip, ip, #255	@ 0xff
    321c:	e150000c 	cmp	r0, ip
    3220:	0a000038 	beq	0x3308
    3224:	e3510000 	cmp	r1, #0
    3228:	1a000027 	bne	0x32cc
    322c:	e3a0c000 	mov	ip, #0
    3230:	ec4cca11 	vmov	s2, s3, ip, ip
    3234:	eeb40b41 	vcmp.f64	d0, d1
    3238:	eef1fa10 	vmrs	APSR_nzcv, fpscr
    323c:	1a000001 	bne	0x3248
    3240:	e3a00000 	mov	r0, #0
    3244:	ea000016 	b	0x32a4
    3248:	e3a0c000 	mov	ip, #0
    324c:	e3a0e204 	mov	lr, #4, 4	@ 0x40000000
    3250:	e38ee63f 	orr	lr, lr, #66060288	@ 0x3f00000
    3254:	ec4eca11 	vmov	s2, s3, ip, lr
    3258:	ee202b01 	vmul.f64	d2, d0, d1
    325c:	ed842b0f 	vstr	d2, [r4, #60]	@ 0x3c
    3260:	e5846008 	str	r6, [r4, #8]
    3264:	e59f0fac 	ldr	r0, [pc, #4012]	@ 0x4218
    3268:	e1a01004 	mov	r1, r4
    326c:	e59d2000 	ldr	r2, [sp]
    3270:	e59fcfa4 	ldr	ip, [pc, #4004]	@ 0x421c
    3274:	e12fff3c 	blx	ip
    3278:	e3500000 	cmp	r0, #0
    327c:	1a00002a 	bne	0x332c
    3280:	ed941b0f 	vldr	d1, [r4, #60]	@ 0x3c
    3284:	eeb00b41 	vmov.f64	d0, d1
    3288:	e1a09006 	mov	r9, r6
    328c:	e5958030 	ldr	r8, [r5, #48]	@ 0x30
    3290:	e59fcf88 	ldr	ip, [pc, #3976]	@ 0x4220
    3294:	e159000c 	cmp	r9, ip
    3298:	8a000020 	bhi	0x3320
    329c:	e7987009 	ldr	r7, [r8, r9]
    32a0:	e2470040 	sub	r0, r7, #64	@ 0x40
    32a4:	e1a08006 	mov	r8, r6
    32a8:	e5957030 	ldr	r7, [r5, #48]	@ 0x30
    32ac:	e59fcf6c 	ldr	ip, [pc, #3948]	@ 0x4220
    32b0:	e158000c 	cmp	r8, ip
    32b4:	8a000019 	bhi	0x3320
    32b8:	e7870008 	str	r0, [r7, r8]
    32bc:	ed840b00 	vstr	d0, [r4]
    32c0:	e3a009fe 	mov	r0, #4161536	@ 0x3f8000
    32c4:	e3800ddd 	orr	r0, r0, #14144	@ 0x3740
    32c8:	ea000012 	b	0x3318
    32cc:	e2411c03 	sub	r1, r1, #768	@ 0x300
    32d0:	e24110fe 	sub	r1, r1, #254	@ 0xfe
    32d4:	e5950030 	ldr	r0, [r5, #48]	@ 0x30
    32d8:	e59fcf40 	ldr	ip, [pc, #3904]	@ 0x4220
    32dc:	e156000c 	cmp	r6, ip
    32e0:	8a00000e 	bhi	0x3320
    32e4:	e7801006 	str	r1, [r0, r6]
    32e8:	e3c22000 	bic	r2, r2, #0
    32ec:	e3e0c207 	mvn	ip, #1879048192	@ 0x70000000
    32f0:	e3ccc6ff 	bic	ip, ip, #267386880	@ 0xff00000
    32f4:	e003300c 	and	r3, r3, ip
    32f8:	e3822000 	orr	r2, r2, #0
    32fc:	e3833203 	orr	r3, r3, #805306368	@ 0x30000000
    3300:	e38336fe 	orr	r3, r3, #266338304	@ 0xfe00000
    3304:	ec432a10 	vmov	s0, s1, r2, r3
    3308:	ed840b00 	vstr	d0, [r4]
    330c:	e59f0f10 	ldr	r0, [pc, #3856]	@ 0x4224
    3310:	e30ccabc 	movw	ip, #51900	@ 0xcabc
    3314:	e34ccdef 	movt	ip, #52719	@ 0xcdef
    3318:	e28dd004 	add	sp, sp, #4
    331c:	e8bd83c0 	pop	{r6, r7, r8, r9, pc}
    3320:	e3a00008 	mov	r0, #8
    3324:	e59d1000 	ldr	r1, [sp]
    3328:	e5810010 	str	r0, [r1, #16]
    332c:	e59d0000 	ldr	r0, [sp]
    3330:	e59d1014 	ldr	r1, [sp, #20]
    3334:	e59fceec 	ldr	ip, [pc, #3820]	@ 0x4228
    3338:	e12fff3c 	blx	ip
    333c:	e28dd004 	add	sp, sp, #4
    3340:	e8bd03c0 	pop	{r6, r7, r8, r9}
    3344:	e28dd004 	add	sp, sp, #4
    3348:	e12fff10 	bx	r0
    334c:	e92d4fc0 	push	{r6, r7, r8, r9, sl, fp, lr}
    3350:	e24dd004 	sub	sp, sp, #4
    3354:	e58d0000 	str	r0, [sp]
    3358:	e30cc123 	movw	ip, #49443	@ 0xc123
    335c:	e34cc456 	movt	ip, #50262	@ 0xc456
    3360:	e5946000 	ldr	r6, [r4]
    3364:	e5947004 	ldr	r7, [r4, #4]
    3368:	e5948008 	ldr	r8, [r4, #8]
    336c:	e1a02008 	mov	r2, r8
    3370:	e5951030 	ldr	r1, [r5, #48]	@ 0x30
    3374:	e2922010 	adds	r2, r2, #16
    3378:	2a0000a0 	bcs	0x3600
    337c:	e59fce9c 	ldr	ip, [pc, #3740]	@ 0x4220
    3380:	e152000c 	cmp	r2, ip
    3384:	8a00009d 	bhi	0x3600
    3388:	e7910002 	ldr	r0, [r1, r2]
    338c:	e1a01000 	mov	r1, r0
    3390:	e3500000 	cmp	r0, #0
    3394:	1a000013 	bne	0x33e8
    3398:	e3a09000 	mov	r9, #0
    339c:	e5848008 	str	r8, [r4, #8]
    33a0:	e59f0e84 	ldr	r0, [pc, #3716]	@ 0x422c
    33a4:	e1a01004 	mov	r1, r4
    33a8:	e59d2000 	ldr	r2, [sp]
    33ac:	e59fce7c 	ldr	ip, [pc, #3708]	@ 0x4230
    33b0:	e12fff3c 	blx	ip
    33b4:	e3500000 	cmp	r0, #0
    33b8:	1a000093 	bne	0x360c
    33bc:	e5940024 	ldr	r0, [r4, #36]	@ 0x24
    33c0:	e3500000 	cmp	r0, #0
    33c4:	1a000086 	bne	0x35e4
    33c8:	e1a02008 	mov	r2, r8
    33cc:	e5950030 	ldr	r0, [r5, #48]	@ 0x30
    33d0:	e2922010 	adds	r2, r2, #16
    33d4:	2a000089 	bcs	0x3600
    33d8:	e59fce40 	ldr	ip, [pc, #3648]	@ 0x4220
    33dc:	e152000c 	cmp	r2, ip
    33e0:	8a000086 	bhi	0x3600
    33e4:	e7901002 	ldr	r1, [r0, r2]
    33e8:	e1a03008 	mov	r3, r8
    33ec:	e5952030 	ldr	r2, [r5, #48]	@ 0x30
    33f0:	e2933014 	adds	r3, r3, #20
    33f4:	2a000081 	bcs	0x3600
    33f8:	e59fce20 	ldr	ip, [pc, #3616]	@ 0x4220
    33fc:	e153000c 	cmp	r3, ip
    3400:	8a00007e 	bhi	0x3600
    3404:	e7920003 	ldr	r0, [r2, r3]
    3408:	e1a02000 	mov	r2, r0
    340c:	e0411000 	sub	r1, r1, r0
    3410:	e1570001 	cmp	r7, r1
    3414:	9a000016 	bls	0x3474
    3418:	e1a03008 	mov	r3, r8
    341c:	e5951030 	ldr	r1, [r5, #48]	@ 0x30
    3420:	e2933024 	adds	r3, r3, #36	@ 0x24
    3424:	2a000075 	bcs	0x3600
    3428:	e59fcdf0 	ldr	ip, [pc, #3568]	@ 0x4220
    342c:	e153000c 	cmp	r3, ip
    3430:	8a000072 	bhi	0x3600
    3434:	e7910003 	ldr	r0, [r1, r3]
    3438:	e5848008 	str	r8, [r4, #8]
    343c:	e5846000 	str	r6, [r4]
    3440:	e5847004 	str	r7, [r4, #4]
    3444:	e5840030 	str	r0, [r4, #48]	@ 0x30
    3448:	e59f0de4 	ldr	r0, [pc, #3556]	@ 0x4234
    344c:	e1a01004 	mov	r1, r4
    3450:	e59d2000 	ldr	r2, [sp]
    3454:	e59fcddc 	ldr	ip, [pc, #3548]	@ 0x4238
    3458:	e12fff3c 	blx	ip
    345c:	e3500000 	cmp	r0, #0
    3460:	1a000069 	bne	0x360c
    3464:	e5940024 	ldr	r0, [r4, #36]	@ 0x24
    3468:	e5840024 	str	r0, [r4, #36]	@ 0x24
    346c:	e59f0dc8 	ldr	r0, [pc, #3528]	@ 0x423c
    3470:	ea000060 	b	0x35f8
    3474:	e1a03008 	mov	r3, r8
    3478:	e5951030 	ldr	r1, [r5, #48]	@ 0x30
    347c:	e2933050 	adds	r3, r3, #80	@ 0x50
    3480:	2a00005e 	bcs	0x3600
    3484:	e59fcd94 	ldr	ip, [pc, #3476]	@ 0x4220
    3488:	e153000c 	cmp	r3, ip
    348c:	8a00005b 	bhi	0x3600
    3490:	e7910003 	ldr	r0, [r1, r3]
    3494:	e3500000 	cmp	r0, #0
    3498:	ba000034 	blt	0x3570
    349c:	e3570000 	cmp	r7, #0
    34a0:	0a000032 	beq	0x3570
    34a4:	e1a0a007 	mov	sl, r7
    34a8:	e086000a 	add	r0, r6, sl
    34ac:	e1a0b000 	mov	fp, r0
    34b0:	e2400001 	sub	r0, r0, #1
    34b4:	e1a03000 	mov	r3, r0
    34b8:	e5951030 	ldr	r1, [r5, #48]	@ 0x30
    34bc:	e3e0c4fe 	mvn	ip, #-33554432	@ 0xfe000000
    34c0:	e3ccc8fe 	bic	ip, ip, #16646144	@ 0xfe0000
    34c4:	e153000c 	cmp	r3, ip
    34c8:	8a00004c 	bhi	0x3600
    34cc:	e7d10003 	ldrb	r0, [r1, r3]
    34d0:	e350000a 	cmp	r0, #10
    34d4:	0a000004 	beq	0x34ec
    34d8:	e24a0001 	sub	r0, sl, #1
    34dc:	e1a0a000 	mov	sl, r0
    34e0:	e3500000 	cmp	r0, #0
    34e4:	0a000021 	beq	0x3570
    34e8:	eaffffee 	b	0x34a8
    34ec:	e1a03008 	mov	r3, r8
    34f0:	e5951030 	ldr	r1, [r5, #48]	@ 0x30
    34f4:	e2933024 	adds	r3, r3, #36	@ 0x24
    34f8:	2a000040 	bcs	0x3600
    34fc:	e59fcd1c 	ldr	ip, [pc, #3356]	@ 0x4220
    3500:	e153000c 	cmp	r3, ip
    3504:	8a00003d 	bhi	0x3600
    3508:	e7910003 	ldr	r0, [r1, r3]
    350c:	e5848008 	str	r8, [r4, #8]
    3510:	e5846000 	str	r6, [r4]
    3514:	e584a00c 	str	sl, [r4, #12]
    3518:	e5840030 	str	r0, [r4, #48]	@ 0x30
    351c:	e59f0d1c 	ldr	r0, [pc, #3356]	@ 0x4240
    3520:	e1a01004 	mov	r1, r4
    3524:	e59d2000 	ldr	r2, [sp]
    3528:	e59fcd14 	ldr	ip, [pc, #3348]	@ 0x4244
    352c:	e12fff3c 	blx	ip
    3530:	e3500000 	cmp	r0, #0
    3534:	1a000034 	bne	0x360c
    3538:	e5940024 	ldr	r0, [r4, #36]	@ 0x24
    353c:	e1a09000 	mov	r9, r0
    3540:	e150000a 	cmp	r0, sl
    3544:	3a000026 	bcc	0x35e4
    3548:	e047700a 	sub	r7, r7, sl
    354c:	e1a01008 	mov	r1, r8
    3550:	e5950030 	ldr	r0, [r5, #48]	@ 0x30
    3554:	e2911014 	adds	r1, r1, #20
    3558:	2a000028 	bcs	0x3600
    355c:	e59fccbc 	ldr	ip, [pc, #3260]	@ 0x4220
    3560:	e151000c 	cmp	r1, ip
    3564:	8a000025 	bhi	0x3600
    3568:	e7902001 	ldr	r2, [r0, r1]
    356c:	ea000001 	b	0x3578
    3570:	e1a0b006 	mov	fp, r6
    3574:	e3a0a000 	mov	sl, #0
    3578:	e5842010 	str	r2, [r4, #16]
    357c:	e584b014 	str	fp, [r4, #20]
    3580:	e5847004 	str	r7, [r4, #4]
    3584:	e59f0cbc 	ldr	r0, [pc, #3260]	@ 0x4248
    3588:	e1a01004 	mov	r1, r4
    358c:	e59d2000 	ldr	r2, [sp]
    3590:	e59fccb4 	ldr	ip, [pc, #3252]	@ 0x424c
    3594:	e12fff3c 	blx	ip
    3598:	e3500000 	cmp	r0, #0
    359c:	1a00001a 	bne	0x360c
    35a0:	e1a02008 	mov	r2, r8
    35a4:	e5951030 	ldr	r1, [r5, #48]	@ 0x30
    35a8:	e2922014 	adds	r2, r2, #20
    35ac:	2a000013 	bcs	0x3600
    35b0:	e59fcc68 	ldr	ip, [pc, #3176]	@ 0x4220
    35b4:	e152000c 	cmp	r2, ip
    35b8:	8a000010 	bhi	0x3600
    35bc:	e7910002 	ldr	r0, [r1, r2]
    35c0:	e0800007 	add	r0, r0, r7
    35c4:	e5951030 	ldr	r1, [r5, #48]	@ 0x30
    35c8:	e2988014 	adds	r8, r8, #20
    35cc:	2a00000b 	bcs	0x3600
    35d0:	e59fcc48 	ldr	ip, [pc, #3144]	@ 0x4220
    35d4:	e158000c 	cmp	r8, ip
    35d8:	8a000008 	bhi	0x3600
    35dc:	e7810008 	str	r0, [r1, r8]
    35e0:	e08a9007 	add	r9, sl, r7
    35e4:	e5849010 	str	r9, [r4, #16]
    35e8:	e3a009ff 	mov	r0, #4177920	@ 0x3fc000
    35ec:	e3800d95 	orr	r0, r0, #9536	@ 0x2540
    35f0:	e30ccabc 	movw	ip, #51900	@ 0xcabc
    35f4:	e34ccdef 	movt	ip, #52719	@ 0xcdef
    35f8:	e28dd004 	add	sp, sp, #4
    35fc:	e8bd8fc0 	pop	{r6, r7, r8, r9, sl, fp, pc}
    3600:	e3a00008 	mov	r0, #8
    3604:	e59d1000 	ldr	r1, [sp]
    3608:	e5810010 	str	r0, [r1, #16]
    360c:	e59d0000 	ldr	r0, [sp]
    3610:	e59d101c 	ldr	r1, [sp, #28]
    3614:	e59fcc34 	ldr	ip, [pc, #3124]	@ 0x4250
    3618:	e12fff3c 	blx	ip
    361c:	e28dd004 	add	sp, sp, #4
    3620:	e8bd0fc0 	pop	{r6, r7, r8, r9, sl, fp}
    3624:	e28dd004 	add	sp, sp, #4
    3628:	e12fff10 	bx	r0
    362c:	e92d4fc0 	push	{r6, r7, r8, r9, sl, fp, lr}
    3630:	e24dd004 	sub	sp, sp, #4
    3634:	e58d0000 	str	r0, [sp]
    3638:	e30cc123 	movw	ip, #49443	@ 0xc123
    363c:	e34cc456 	movt	ip, #50262	@ 0xc456
    3640:	e5947004 	ldr	r7, [r4, #4]
    3644:	e5940008 	ldr	r0, [r4, #8]
    3648:	e594800c 	ldr	r8, [r4, #12]
    364c:	e5949010 	ldr	r9, [r4, #16]
    3650:	e595e03c 	ldr	lr, [r5, #60]	@ 0x3c
    3654:	e59e1008 	ldr	r1, [lr, #8]
    3658:	e24110d0 	sub	r1, r1, #208	@ 0xd0
    365c:	e5841014 	str	r1, [r4, #20]
    3660:	e595203c 	ldr	r2, [r5, #60]	@ 0x3c
    3664:	e5821008 	str	r1, [r2, #8]
    3668:	e5942014 	ldr	r2, [r4, #20]
    366c:	e5951030 	ldr	r1, [r5, #48]	@ 0x30
    3670:	e29220cc 	adds	r2, r2, #204	@ 0xcc
    3674:	2a00012f 	bcs	0x3b38
    3678:	e59fcba0 	ldr	ip, [pc, #2976]	@ 0x4220
    367c:	e152000c 	cmp	r2, ip
    3680:	8a00012c 	bhi	0x3b38
    3684:	e7810002 	str	r0, [r1, r2]
    3688:	e594c014 	ldr	ip, [r4, #20]
    368c:	e28c00a0 	add	r0, ip, #160	@ 0xa0
    3690:	e3a01000 	mov	r1, #0
    3694:	e3a02028 	mov	r2, #40	@ 0x28
    3698:	e5953028 	ldr	r3, [r5, #40]	@ 0x28
    369c:	e59fcbb0 	ldr	ip, [pc, #2992]	@ 0x4254
    36a0:	e12fff3c 	blx	ip
    36a4:	e3500000 	cmp	r0, #0
    36a8:	1a000123 	bne	0x3b3c
    36ac:	e5942014 	ldr	r2, [r4, #20]
    36b0:	e5951030 	ldr	r1, [r5, #48]	@ 0x30
    36b4:	e29220cc 	adds	r2, r2, #204	@ 0xcc
    36b8:	2a00011e 	bcs	0x3b38
    36bc:	e59fcb5c 	ldr	ip, [pc, #2908]	@ 0x4220
    36c0:	e152000c 	cmp	r2, ip
    36c4:	8a00011b 	bhi	0x3b38
    36c8:	e7910002 	ldr	r0, [r1, r2]
    36cc:	e5942014 	ldr	r2, [r4, #20]
    36d0:	e5951030 	ldr	r1, [r5, #48]	@ 0x30
    36d4:	e29220c8 	adds	r2, r2, #200	@ 0xc8
    36d8:	2a000116 	bcs	0x3b38
    36dc:	e59fcb3c 	ldr	ip, [pc, #2876]	@ 0x4220
    36e0:	e152000c 	cmp	r2, ip
    36e4:	8a000113 	bhi	0x3b38
    36e8:	e7810002 	str	r0, [r1, r2]
    36ec:	e594c014 	ldr	ip, [r4, #20]
    36f0:	e28c00c8 	add	r0, ip, #200	@ 0xc8
    36f4:	e594c014 	ldr	ip, [r4, #20]
    36f8:	e28c1050 	add	r1, ip, #80	@ 0x50
    36fc:	e594c014 	ldr	ip, [r4, #20]
    3700:	e28c20a0 	add	r2, ip, #160	@ 0xa0
    3704:	e3a0e000 	mov	lr, #0
    3708:	e584e024 	str	lr, [r4, #36]	@ 0x24
    370c:	e5847004 	str	r7, [r4, #4]
    3710:	e5840044 	str	r0, [r4, #68]	@ 0x44
    3714:	e5841048 	str	r1, [r4, #72]	@ 0x48
    3718:	e584204c 	str	r2, [r4, #76]	@ 0x4c
    371c:	e584800c 	str	r8, [r4, #12]
    3720:	e5849010 	str	r9, [r4, #16]
    3724:	e59f0b2c 	ldr	r0, [pc, #2860]	@ 0x4258
    3728:	e1a01004 	mov	r1, r4
    372c:	e59d2000 	ldr	r2, [sp]
    3730:	e59fcb24 	ldr	ip, [pc, #2852]	@ 0x425c
    3734:	e12fff3c 	blx	ip
    3738:	e3500000 	cmp	r0, #0
    373c:	1a000100 	bne	0x3b44
    3740:	e594003c 	ldr	r0, [r4, #60]	@ 0x3c
    3744:	e3500000 	cmp	r0, #0
    3748:	aa000002 	bge	0x3758
    374c:	e3e0e000 	mvn	lr, #0
    3750:	e584e010 	str	lr, [r4, #16]
    3754:	ea0000ee 	b	0x3b14
    3758:	e5942000 	ldr	r2, [r4]
    375c:	e5951030 	ldr	r1, [r5, #48]	@ 0x30
    3760:	e292204c 	adds	r2, r2, #76	@ 0x4c
    3764:	2a0000f3 	bcs	0x3b38
    3768:	e59fcab0 	ldr	ip, [pc, #2736]	@ 0x4220
    376c:	e152000c 	cmp	r2, ip
    3770:	8a0000f0 	bhi	0x3b38
    3774:	e7910002 	ldr	r0, [r1, r2]
    3778:	e3500000 	cmp	r0, #0
    377c:	aa000002 	bge	0x378c
    3780:	e3a0e001 	mov	lr, #1
    3784:	e584e018 	str	lr, [r4, #24]
    3788:	ea00000b 	b	0x37bc
    378c:	e59f0acc 	ldr	r0, [pc, #2764]	@ 0x4260
    3790:	e1a01004 	mov	r1, r4
    3794:	e59d2000 	ldr	r2, [sp]
    3798:	e59fcac4 	ldr	ip, [pc, #2756]	@ 0x4264
    379c:	e12fff3c 	blx	ip
    37a0:	e3500000 	cmp	r0, #0
    37a4:	1a0000e6 	bne	0x3b44
    37a8:	e594003c 	ldr	r0, [r4, #60]	@ 0x3c
    37ac:	e3500000 	cmp	r0, #0
    37b0:	e3a0c000 	mov	ip, #0
    37b4:	03a0c001 	moveq	ip, #1
    37b8:	e584c018 	str	ip, [r4, #24]
    37bc:	e5942000 	ldr	r2, [r4]
    37c0:	e5951030 	ldr	r1, [r5, #48]	@ 0x30
    37c4:	e59fca54 	ldr	ip, [pc, #2644]	@ 0x4220
    37c8:	e152000c 	cmp	r2, ip
    37cc:	8a0000d9 	bhi	0x3b38
    37d0:	e7910002 	ldr	r0, [r1, r2]
    37d4:	e1a0a000 	mov	sl, r0
    37d8:	e3c00020 	bic	r0, r0, #32
    37dc:	e5942000 	ldr	r2, [r4]
    37e0:	e5951030 	ldr	r1, [r5, #48]	@ 0x30
    37e4:	e59fca34 	ldr	ip, [pc, #2612]	@ 0x4220
    37e8:	e152000c 	cmp	r2, ip
    37ec:	8a0000d1 	bhi	0x3b38
    37f0:	e7810002 	str	r0, [r1, r2]
    37f4:	e5942000 	ldr	r2, [r4]
    37f8:	e5951030 	ldr	r1, [r5, #48]	@ 0x30
    37fc:	e2922030 	adds	r2, r2, #48	@ 0x30
    3800:	2a0000cc 	bcs	0x3b38
    3804:	e59fca14 	ldr	ip, [pc, #2580]	@ 0x4220
    3808:	e152000c 	cmp	r2, ip
    380c:	8a0000c9 	bhi	0x3b38
    3810:	e7910002 	ldr	r0, [r1, r2]
    3814:	e3500000 	cmp	r0, #0
    3818:	1a00002f 	bne	0x38dc
    381c:	e5941000 	ldr	r1, [r4]
    3820:	e5950030 	ldr	r0, [r5, #48]	@ 0x30
    3824:	e2911030 	adds	r1, r1, #48	@ 0x30
    3828:	2a0000c2 	bcs	0x3b38
    382c:	e59fc9ec 	ldr	ip, [pc, #2540]	@ 0x4220
    3830:	e151000c 	cmp	r1, ip
    3834:	8a0000bf 	bhi	0x3b38
    3838:	e3a0e050 	mov	lr, #80	@ 0x50
    383c:	e780e001 	str	lr, [r0, r1]
    3840:	e5941000 	ldr	r1, [r4]
    3844:	e5950030 	ldr	r0, [r5, #48]	@ 0x30
    3848:	e291101c 	adds	r1, r1, #28
    384c:	2a0000b9 	bcs	0x3b38
    3850:	e59fc9c8 	ldr	ip, [pc, #2504]	@ 0x4220
    3854:	e151000c 	cmp	r1, ip
    3858:	8a0000b6 	bhi	0x3b38
    385c:	e3a0e000 	mov	lr, #0
    3860:	e780e001 	str	lr, [r0, r1]
    3864:	e5941000 	ldr	r1, [r4]
    3868:	e5950030 	ldr	r0, [r5, #48]	@ 0x30
    386c:	e2911010 	adds	r1, r1, #16
    3870:	2a0000b0 	bcs	0x3b38
    3874:	e59fc9ec 	ldr	ip, [pc, #2540]	@ 0x4268
    3878:	e151000c 	cmp	r1, ip
    387c:	8a0000ad 	bhi	0x3b38
    3880:	e0800001 	add	r0, r0, r1
    3884:	e3a01000 	mov	r1, #0
    3888:	e3a02000 	mov	r2, #0
    388c:	e5802000 	str	r2, [r0]
    3890:	e5801004 	str	r1, [r0, #4]
    3894:	e5941000 	ldr	r1, [r4]
    3898:	e5950030 	ldr	r0, [r5, #48]	@ 0x30
    389c:	e291102c 	adds	r1, r1, #44	@ 0x2c
    38a0:	2a0000a4 	bcs	0x3b38
    38a4:	e59fc974 	ldr	ip, [pc, #2420]	@ 0x4220
    38a8:	e151000c 	cmp	r1, ip
    38ac:	8a0000a1 	bhi	0x3b38
    38b0:	e7906001 	ldr	r6, [r0, r1]
    38b4:	e5941000 	ldr	r1, [r4]
    38b8:	e5950030 	ldr	r0, [r5, #48]	@ 0x30
    38bc:	e5942014 	ldr	r2, [r4, #20]
    38c0:	e291102c 	adds	r1, r1, #44	@ 0x2c
    38c4:	2a00009b 	bcs	0x3b38
    38c8:	e59fc950 	ldr	ip, [pc, #2384]	@ 0x4220
    38cc:	e151000c 	cmp	r1, ip
    38d0:	8a000098 	bhi	0x3b38
    38d4:	e7802001 	str	r2, [r0, r1]
    38d8:	ea00000a 	b	0x3908
    38dc:	e3a06000 	mov	r6, #0
    38e0:	e5942000 	ldr	r2, [r4]
    38e4:	e5951030 	ldr	r1, [r5, #48]	@ 0x30
    38e8:	e2922010 	adds	r2, r2, #16
    38ec:	2a000091 	bcs	0x3b38
    38f0:	e59fc928 	ldr	ip, [pc, #2344]	@ 0x4220
    38f4:	e152000c 	cmp	r2, ip
    38f8:	8a00008e 	bhi	0x3b38
    38fc:	e7910002 	ldr	r0, [r1, r2]
    3900:	e3500000 	cmp	r0, #0
    3904:	1a00000a 	bne	0x3934
    3908:	e3e0b000 	mvn	fp, #0
    390c:	e59f0958 	ldr	r0, [pc, #2392]	@ 0x426c
    3910:	e1a01004 	mov	r1, r4
    3914:	e59d2000 	ldr	r2, [sp]
    3918:	e59fc950 	ldr	ip, [pc, #2384]	@ 0x4270
    391c:	e12fff3c 	blx	ip
    3920:	e3500000 	cmp	r0, #0
    3924:	1a000086 	bne	0x3b44
    3928:	e594003c 	ldr	r0, [r4, #60]	@ 0x3c
    392c:	e3500000 	cmp	r0, #0
    3930:	1a000014 	bne	0x3988
    3934:	e594c014 	ldr	ip, [r4, #20]
    3938:	e28c00c8 	add	r0, ip, #200	@ 0xc8
    393c:	e594c014 	ldr	ip, [r4, #20]
    3940:	e28c1050 	add	r1, ip, #80	@ 0x50
    3944:	e594c014 	ldr	ip, [r4, #20]
    3948:	e28c20a0 	add	r2, ip, #160	@ 0xa0
    394c:	e5847004 	str	r7, [r4, #4]
    3950:	e5840044 	str	r0, [r4, #68]	@ 0x44
    3954:	e5841048 	str	r1, [r4, #72]	@ 0x48
    3958:	e584204c 	str	r2, [r4, #76]	@ 0x4c
    395c:	e584800c 	str	r8, [r4, #12]
    3960:	e5849010 	str	r9, [r4, #16]
    3964:	e59f0908 	ldr	r0, [pc, #2312]	@ 0x4274
    3968:	e1a01004 	mov	r1, r4
    396c:	e59d2000 	ldr	r2, [sp]
    3970:	e59fc900 	ldr	ip, [pc, #2304]	@ 0x4278
    3974:	e12fff3c 	blx	ip
    3978:	e3500000 	cmp	r0, #0
    397c:	1a000070 	bne	0x3b44
    3980:	e594003c 	ldr	r0, [r4, #60]	@ 0x3c
    3984:	e1a0b000 	mov	fp, r0
    3988:	e20aa020 	and	sl, sl, #32
    398c:	e3560000 	cmp	r6, #0
    3990:	0a000043 	beq	0x3aa4
    3994:	e5942000 	ldr	r2, [r4]
    3998:	e5951030 	ldr	r1, [r5, #48]	@ 0x30
    399c:	e2922024 	adds	r2, r2, #36	@ 0x24
    39a0:	2a000064 	bcs	0x3b38
    39a4:	e59fc874 	ldr	ip, [pc, #2164]	@ 0x4220
    39a8:	e152000c 	cmp	r2, ip
    39ac:	8a000061 	bhi	0x3b38
    39b0:	e7910002 	ldr	r0, [r1, r2]
    39b4:	e3a0e000 	mov	lr, #0
    39b8:	e584e024 	str	lr, [r4, #36]	@ 0x24
    39bc:	e3a0e000 	mov	lr, #0
    39c0:	e584e024 	str	lr, [r4, #36]	@ 0x24
    39c4:	e5840048 	str	r0, [r4, #72]	@ 0x48
    39c8:	e59f08ac 	ldr	r0, [pc, #2220]	@ 0x427c
    39cc:	e1a01004 	mov	r1, r4
    39d0:	e59d2000 	ldr	r2, [sp]
    39d4:	e59fc8a4 	ldr	ip, [pc, #2212]	@ 0x4280
    39d8:	e12fff3c 	blx	ip
    39dc:	e3500000 	cmp	r0, #0
    39e0:	1a000057 	bne	0x3b44
    39e4:	e5941000 	ldr	r1, [r4]
    39e8:	e5950030 	ldr	r0, [r5, #48]	@ 0x30
    39ec:	e2911030 	adds	r1, r1, #48	@ 0x30
    39f0:	2a000050 	bcs	0x3b38
    39f4:	e59fc824 	ldr	ip, [pc, #2084]	@ 0x4220
    39f8:	e151000c 	cmp	r1, ip
    39fc:	8a00004d 	bhi	0x3b38
    3a00:	e3a0e000 	mov	lr, #0
    3a04:	e780e001 	str	lr, [r0, r1]
    3a08:	e5941000 	ldr	r1, [r4]
    3a0c:	e5950030 	ldr	r0, [r5, #48]	@ 0x30
    3a10:	e291102c 	adds	r1, r1, #44	@ 0x2c
    3a14:	2a000047 	bcs	0x3b38
    3a18:	e59fc800 	ldr	ip, [pc, #2048]	@ 0x4220
    3a1c:	e151000c 	cmp	r1, ip
    3a20:	8a000044 	bhi	0x3b38
    3a24:	e7806001 	str	r6, [r0, r1]
    3a28:	e5941000 	ldr	r1, [r4]
    3a2c:	e5950030 	ldr	r0, [r5, #48]	@ 0x30
    3a30:	e291101c 	adds	r1, r1, #28
    3a34:	2a00003f 	bcs	0x3b38
    3a38:	e59fc7e0 	ldr	ip, [pc, #2016]	@ 0x4220
    3a3c:	e151000c 	cmp	r1, ip
    3a40:	8a00003c 	bhi	0x3b38
    3a44:	e3a0e000 	mov	lr, #0
    3a48:	e780e001 	str	lr, [r0, r1]
    3a4c:	e5942000 	ldr	r2, [r4]
    3a50:	e5951030 	ldr	r1, [r5, #48]	@ 0x30
    3a54:	e2922014 	adds	r2, r2, #20
    3a58:	2a000036 	bcs	0x3b38
    3a5c:	e59fc7bc 	ldr	ip, [pc, #1980]	@ 0x4220
    3a60:	e152000c 	cmp	r2, ip
    3a64:	8a000033 	bhi	0x3b38
    3a68:	e7910002 	ldr	r0, [r1, r2]
    3a6c:	e5942000 	ldr	r2, [r4]
    3a70:	e5951030 	ldr	r1, [r5, #48]	@ 0x30
    3a74:	e2922010 	adds	r2, r2, #16
    3a78:	2a00002e 	bcs	0x3b38
    3a7c:	e59fc7e4 	ldr	ip, [pc, #2020]	@ 0x4268
    3a80:	e152000c 	cmp	r2, ip
    3a84:	8a00002b 	bhi	0x3b38
    3a88:	e0811002 	add	r1, r1, r2
    3a8c:	e3a02000 	mov	r2, #0
    3a90:	e3a03000 	mov	r3, #0
    3a94:	e5813000 	str	r3, [r1]
    3a98:	e5812004 	str	r2, [r1, #4]
    3a9c:	e3500000 	cmp	r0, #0
    3aa0:	03e0b000 	mvneq	fp, #0
    3aa4:	e5942000 	ldr	r2, [r4]
    3aa8:	e5951030 	ldr	r1, [r5, #48]	@ 0x30
    3aac:	e59fc76c 	ldr	ip, [pc, #1900]	@ 0x4220
    3ab0:	e152000c 	cmp	r2, ip
    3ab4:	8a00001f 	bhi	0x3b38
    3ab8:	e7910002 	ldr	r0, [r1, r2]
    3abc:	e1a01000 	mov	r1, r0
    3ac0:	e180000a 	orr	r0, r0, sl
    3ac4:	e5943000 	ldr	r3, [r4]
    3ac8:	e5952030 	ldr	r2, [r5, #48]	@ 0x30
    3acc:	e59fc74c 	ldr	ip, [pc, #1868]	@ 0x4220
    3ad0:	e153000c 	cmp	r3, ip
    3ad4:	8a000017 	bhi	0x3b38
    3ad8:	e7820003 	str	r0, [r2, r3]
    3adc:	e3110020 	tst	r1, #32
    3ae0:	e3e0e000 	mvn	lr, #0
    3ae4:	01a0e00b 	moveq	lr, fp
    3ae8:	e584e010 	str	lr, [r4, #16]
    3aec:	e594c018 	ldr	ip, [r4, #24]
    3af0:	e35c0000 	cmp	ip, #0
    3af4:	1a000006 	bne	0x3b14
    3af8:	e59f0784 	ldr	r0, [pc, #1924]	@ 0x4284
    3afc:	e1a01004 	mov	r1, r4
    3b00:	e59d2000 	ldr	r2, [sp]
    3b04:	e59fc77c 	ldr	ip, [pc, #1916]	@ 0x4288
    3b08:	e12fff3c 	blx	ip
    3b0c:	e3500000 	cmp	r0, #0
    3b10:	1a00000b 	bne	0x3b44
    3b14:	e594c014 	ldr	ip, [r4, #20]
    3b18:	e28c00d0 	add	r0, ip, #208	@ 0xd0
    3b1c:	e595103c 	ldr	r1, [r5, #60]	@ 0x3c
    3b20:	e5810008 	str	r0, [r1, #8]
    3b24:	e59f0760 	ldr	r0, [pc, #1888]	@ 0x428c
    3b28:	e30ccabc 	movw	ip, #51900	@ 0xcabc
    3b2c:	e34ccdef 	movt	ip, #52719	@ 0xcdef
    3b30:	e28dd004 	add	sp, sp, #4
    3b34:	e8bd8fc0 	pop	{r6, r7, r8, r9, sl, fp, pc}
    3b38:	e3a00008 	mov	r0, #8
    3b3c:	e59d1000 	ldr	r1, [sp]
    3b40:	e5810010 	str	r0, [r1, #16]
    3b44:	e59d0000 	ldr	r0, [sp]
    3b48:	e59d101c 	ldr	r1, [sp, #28]
    3b4c:	e59fc73c 	ldr	ip, [pc, #1852]	@ 0x4290
    3b50:	e12fff3c 	blx	ip
    3b54:	e28dd004 	add	sp, sp, #4
    3b58:	e8bd0fc0 	pop	{r6, r7, r8, r9, sl, fp}
    3b5c:	e28dd004 	add	sp, sp, #4
    3b60:	e12fff10 	bx	r0
    3b64:	e92d4fc0 	push	{r6, r7, r8, r9, sl, fp, lr}
    3b68:	e24dd004 	sub	sp, sp, #4
    3b6c:	e58d0000 	str	r0, [sp]
    3b70:	e30cc123 	movw	ip, #49443	@ 0xc123
    3b74:	e34cc456 	movt	ip, #50262	@ 0xc456
    3b78:	e595e03c 	ldr	lr, [r5, #60]	@ 0x3c
    3b7c:	e59e0008 	ldr	r0, [lr, #8]
    3b80:	e2400040 	sub	r0, r0, #64	@ 0x40
    3b84:	e584001c 	str	r0, [r4, #28]
    3b88:	e595103c 	ldr	r1, [r5, #60]	@ 0x3c
    3b8c:	e5810008 	str	r0, [r1, #8]
    3b90:	e594101c 	ldr	r1, [r4, #28]
    3b94:	e5950030 	ldr	r0, [r5, #48]	@ 0x30
    3b98:	e5942004 	ldr	r2, [r4, #4]
    3b9c:	e291103c 	adds	r1, r1, #60	@ 0x3c
    3ba0:	2a000645 	bcs	0x54bc
    3ba4:	e59fc674 	ldr	ip, [pc, #1652]	@ 0x4220
    3ba8:	e151000c 	cmp	r1, ip
    3bac:	8a000642 	bhi	0x54bc
    3bb0:	e7802001 	str	r2, [r0, r1]
    3bb4:	e594c01c 	ldr	ip, [r4, #28]
    3bb8:	e28ce029 	add	lr, ip, #41	@ 0x29
    3bbc:	e584e020 	str	lr, [r4, #32]
    3bc0:	e594c01c 	ldr	ip, [r4, #28]
    3bc4:	e28ce027 	add	lr, ip, #39	@ 0x27
    3bc8:	e584e024 	str	lr, [r4, #36]	@ 0x24
    3bcc:	e594c01c 	ldr	ip, [r4, #28]
    3bd0:	e28ce028 	add	lr, ip, #40	@ 0x28
    3bd4:	e584e028 	str	lr, [r4, #40]	@ 0x28
    3bd8:	e3a0e000 	mov	lr, #0
    3bdc:	e584e02c 	str	lr, [r4, #44]	@ 0x2c
    3be0:	e3a0e000 	mov	lr, #0
    3be4:	e584e030 	str	lr, [r4, #48]	@ 0x30
    3be8:	e3a0e000 	mov	lr, #0
    3bec:	e584e034 	str	lr, [r4, #52]	@ 0x34
    3bf0:	e594e004 	ldr	lr, [r4, #4]
    3bf4:	e584e038 	str	lr, [r4, #56]	@ 0x38
    3bf8:	e594c030 	ldr	ip, [r4, #48]	@ 0x30
    3bfc:	e3e0e480 	mvn	lr, #128, 8	@ 0x80000000
    3c00:	e02c000e 	eor	r0, ip, lr
    3c04:	e594c034 	ldr	ip, [r4, #52]	@ 0x34
    3c08:	e15c0000 	cmp	ip, r0
    3c0c:	ca00060f 	bgt	0x5450
    3c10:	e594e030 	ldr	lr, [r4, #48]	@ 0x30
    3c14:	e594c034 	ldr	ip, [r4, #52]	@ 0x34
    3c18:	e08ce00e 	add	lr, ip, lr
    3c1c:	e584e030 	str	lr, [r4, #48]	@ 0x30
    3c20:	e594e038 	ldr	lr, [r4, #56]	@ 0x38
    3c24:	e584e034 	str	lr, [r4, #52]	@ 0x34
    3c28:	e5943038 	ldr	r3, [r4, #56]	@ 0x38
    3c2c:	e5952030 	ldr	r2, [r5, #48]	@ 0x30
    3c30:	e3e0c4fe 	mvn	ip, #-33554432	@ 0xfe000000
    3c34:	e3ccc8fe 	bic	ip, ip, #16646144	@ 0xfe0000
    3c38:	e153000c 	cmp	r3, ip
    3c3c:	8a00061e 	bhi	0x54bc
    3c40:	e7d21003 	ldrb	r1, [r2, r3]
    3c44:	e584103c 	str	r1, [r4, #60]	@ 0x3c
    3c48:	e3510000 	cmp	r1, #0
    3c4c:	0a00051f 	beq	0x50d0
    3c50:	e594c03c 	ldr	ip, [r4, #60]	@ 0x3c
    3c54:	e20c10ff 	and	r1, ip, #255	@ 0xff
    3c58:	e1a03001 	mov	r3, r1
    3c5c:	e3510000 	cmp	r1, #0
    3c60:	1a000002 	bne	0x3c70
    3c64:	e594e034 	ldr	lr, [r4, #52]	@ 0x34
    3c68:	e584e004 	str	lr, [r4, #4]
    3c6c:	ea000020 	b	0x3cf4
    3c70:	e3530025 	cmp	r3, #37	@ 0x25
    3c74:	1a000507 	bne	0x5098
    3c78:	e5941034 	ldr	r1, [r4, #52]	@ 0x34
    3c7c:	e1a08001 	mov	r8, r1
    3c80:	e5957030 	ldr	r7, [r5, #48]	@ 0x30
    3c84:	e2988001 	adds	r8, r8, #1
    3c88:	2a00060b 	bcs	0x54bc
    3c8c:	e3e0c4fe 	mvn	ip, #-33554432	@ 0xfe000000
    3c90:	e3ccc8fe 	bic	ip, ip, #16646144	@ 0xfe0000
    3c94:	e158000c 	cmp	r8, ip
    3c98:	8a000607 	bhi	0x54bc
    3c9c:	e7d73008 	ldrb	r3, [r7, r8]
    3ca0:	e3530025 	cmp	r3, #37	@ 0x25
    3ca4:	0a000001 	beq	0x3cb0
    3ca8:	e5841004 	str	r1, [r4, #4]
    3cac:	ea000010 	b	0x3cf4
    3cb0:	e594c034 	ldr	ip, [r4, #52]	@ 0x34
    3cb4:	e28ce001 	add	lr, ip, #1
    3cb8:	e584e034 	str	lr, [r4, #52]	@ 0x34
    3cbc:	e1a08001 	mov	r8, r1
    3cc0:	e5957030 	ldr	r7, [r5, #48]	@ 0x30
    3cc4:	e2988002 	adds	r8, r8, #2
    3cc8:	2a0005fb 	bcs	0x54bc
    3ccc:	e3e0c4fe 	mvn	ip, #-33554432	@ 0xfe000000
    3cd0:	e3ccc8fe 	bic	ip, ip, #16646144	@ 0xfe0000
    3cd4:	e158000c 	cmp	r8, ip
    3cd8:	8a0005f7 	bhi	0x54bc
    3cdc:	e7d73008 	ldrb	r3, [r7, r8]
    3ce0:	e2817002 	add	r7, r1, #2
    3ce4:	e5847004 	str	r7, [r4, #4]
    3ce8:	e1a01007 	mov	r1, r7
    3cec:	e3530025 	cmp	r3, #37	@ 0x25
    3cf0:	0affffe1 	beq	0x3c7c
    3cf4:	e594e038 	ldr	lr, [r4, #56]	@ 0x38
    3cf8:	e594c034 	ldr	ip, [r4, #52]	@ 0x34
    3cfc:	e04c100e 	sub	r1, ip, lr
    3d00:	e5841034 	str	r1, [r4, #52]	@ 0x34
    3d04:	e594c030 	ldr	ip, [r4, #48]	@ 0x30
    3d08:	e3e0e480 	mvn	lr, #128, 8	@ 0x80000000
    3d0c:	e02c300e 	eor	r3, ip, lr
    3d10:	e584303c 	str	r3, [r4, #60]	@ 0x3c
    3d14:	e1510003 	cmp	r1, r3
    3d18:	ca0005cc 	bgt	0x5450
    3d1c:	e594c000 	ldr	ip, [r4]
    3d20:	e35c0000 	cmp	ip, #0
    3d24:	0a000006 	beq	0x3d44
    3d28:	e59f0564 	ldr	r0, [pc, #1380]	@ 0x4294
    3d2c:	e1a01004 	mov	r1, r4
    3d30:	e59d2000 	ldr	r2, [sp]
    3d34:	e59fc55c 	ldr	ip, [pc, #1372]	@ 0x4298
    3d38:	e12fff3c 	blx	ip
    3d3c:	e3500000 	cmp	r0, #0
    3d40:	1a0005e0 	bne	0x54c8
    3d44:	e594c034 	ldr	ip, [r4, #52]	@ 0x34
    3d48:	e35c0000 	cmp	ip, #0
    3d4c:	1affffa7 	bne	0x3bf0
    3d50:	e594301c 	ldr	r3, [r4, #28]
    3d54:	e5951030 	ldr	r1, [r5, #48]	@ 0x30
    3d58:	e5948004 	ldr	r8, [r4, #4]
    3d5c:	e293303c 	adds	r3, r3, #60	@ 0x3c
    3d60:	2a0005d5 	bcs	0x54bc
    3d64:	e59fc4b4 	ldr	ip, [pc, #1204]	@ 0x4220
    3d68:	e153000c 	cmp	r3, ip
    3d6c:	8a0005d2 	bhi	0x54bc
    3d70:	e7818003 	str	r8, [r1, r3]
    3d74:	e594c004 	ldr	ip, [r4, #4]
    3d78:	e28c1001 	add	r1, ip, #1
    3d7c:	e3e08000 	mvn	r8, #0
    3d80:	e594a004 	ldr	sl, [r4, #4]
    3d84:	e5959030 	ldr	r9, [r5, #48]	@ 0x30
    3d88:	e29aa001 	adds	sl, sl, #1
    3d8c:	2a0005ca 	bcs	0x54bc
    3d90:	e3e0c4fe 	mvn	ip, #-33554432	@ 0xfe000000
    3d94:	e3ccc8fe 	bic	ip, ip, #16646144	@ 0xfe0000
    3d98:	e15a000c 	cmp	sl, ip
    3d9c:	8a0005c6 	bhi	0x54bc
    3da0:	e19930da 	ldrsb	r3, [r9, sl]
    3da4:	e2433030 	sub	r3, r3, #48	@ 0x30
    3da8:	e1a09003 	mov	r9, r3
    3dac:	e3530009 	cmp	r3, #9
    3db0:	8a00000f 	bhi	0x3df4
    3db4:	e594b004 	ldr	fp, [r4, #4]
    3db8:	e595a030 	ldr	sl, [r5, #48]	@ 0x30
    3dbc:	e29bb002 	adds	fp, fp, #2
    3dc0:	2a0005bd 	bcs	0x54bc
    3dc4:	e3e0c4fe 	mvn	ip, #-33554432	@ 0xfe000000
    3dc8:	e3ccc8fe 	bic	ip, ip, #16646144	@ 0xfe0000
    3dcc:	e15b000c 	cmp	fp, ip
    3dd0:	8a0005b9 	bhi	0x54bc
    3dd4:	e7da300b 	ldrb	r3, [sl, fp]
    3dd8:	e3530024 	cmp	r3, #36	@ 0x24
    3ddc:	1a000004 	bne	0x3df4
    3de0:	e594c004 	ldr	ip, [r4, #4]
    3de4:	e28c1003 	add	r1, ip, #3
    3de8:	e3a0e001 	mov	lr, #1
    3dec:	e584e02c 	str	lr, [r4, #44]	@ 0x2c
    3df0:	e1a08009 	mov	r8, r9
    3df4:	e594901c 	ldr	r9, [r4, #28]
    3df8:	e5953030 	ldr	r3, [r5, #48]	@ 0x30
    3dfc:	e299903c 	adds	r9, r9, #60	@ 0x3c
    3e00:	2a0005ad 	bcs	0x54bc
    3e04:	e59fc414 	ldr	ip, [pc, #1044]	@ 0x4220
    3e08:	e159000c 	cmp	r9, ip
    3e0c:	8a0005aa 	bhi	0x54bc
    3e10:	e7831009 	str	r1, [r3, r9]
    3e14:	e3a09000 	mov	r9, #0
    3e18:	e1a0b001 	mov	fp, r1
    3e1c:	e595a030 	ldr	sl, [r5, #48]	@ 0x30
    3e20:	e3e0c4fe 	mvn	ip, #-33554432	@ 0xfe000000
    3e24:	e3ccc8fe 	bic	ip, ip, #16646144	@ 0xfe0000
    3e28:	e15b000c 	cmp	fp, ip
    3e2c:	8a0005a2 	bhi	0x54bc
    3e30:	e19a30db 	ldrsb	r3, [sl, fp]
    3e34:	e1a0a003 	mov	sl, r3
    3e38:	e2433020 	sub	r3, r3, #32
    3e3c:	e1a0b003 	mov	fp, r3
    3e40:	e353001f 	cmp	r3, #31
    3e44:	9a000001 	bls	0x3e50
    3e48:	e1a03001 	mov	r3, r1
    3e4c:	ea00002b 	b	0x3f00
    3e50:	e3a09000 	mov	r9, #0
    3e54:	e1a03001 	mov	r3, r1
    3e58:	e3a0c001 	mov	ip, #1
    3e5c:	e20be01f 	and	lr, fp, #31
    3e60:	e1a0be1c 	lsl	fp, ip, lr
    3e64:	e1a0600b 	mov	r6, fp
    3e68:	e3a0cb4a 	mov	ip, #75776	@ 0x12800
    3e6c:	e38cc089 	orr	ip, ip, #137	@ 0x89
    3e70:	e11b000c 	tst	fp, ip
    3e74:	0a000021 	beq	0x3f00
    3e78:	e281b001 	add	fp, r1, #1
    3e7c:	e1a0300b 	mov	r3, fp
    3e80:	e594001c 	ldr	r0, [r4, #28]
    3e84:	e5957030 	ldr	r7, [r5, #48]	@ 0x30
    3e88:	e290003c 	adds	r0, r0, #60	@ 0x3c
    3e8c:	2a00058a 	bcs	0x54bc
    3e90:	e59fc388 	ldr	ip, [pc, #904]	@ 0x4220
    3e94:	e150000c 	cmp	r0, ip
    3e98:	8a000587 	bhi	0x54bc
    3e9c:	e787b000 	str	fp, [r7, r0]
    3ea0:	e1869009 	orr	r9, r6, r9
    3ea4:	e1a0b001 	mov	fp, r1
    3ea8:	e5957030 	ldr	r7, [r5, #48]	@ 0x30
    3eac:	e29bb001 	adds	fp, fp, #1
    3eb0:	2a000581 	bcs	0x54bc
    3eb4:	e3e0c4fe 	mvn	ip, #-33554432	@ 0xfe000000
    3eb8:	e3ccc8fe 	bic	ip, ip, #16646144	@ 0xfe0000
    3ebc:	e15b000c 	cmp	fp, ip
    3ec0:	8a00057d 	bhi	0x54bc
    3ec4:	e19700db 	ldrsb	r0, [r7, fp]
    3ec8:	e1a0a000 	mov	sl, r0
    3ecc:	e2400020 	sub	r0, r0, #32
    3ed0:	e1a07000 	mov	r7, r0
    3ed4:	e3500020 	cmp	r0, #32
    3ed8:	2a000008 	bcs	0x3f00
    3edc:	e1a01003 	mov	r1, r3
    3ee0:	e3a0c001 	mov	ip, #1
    3ee4:	e207e01f 	and	lr, r7, #31
    3ee8:	e1a07e1c 	lsl	r7, ip, lr
    3eec:	e1a06007 	mov	r6, r7
    3ef0:	e3a0cb4a 	mov	ip, #75776	@ 0x12800
    3ef4:	e38cc089 	orr	ip, ip, #137	@ 0x89
    3ef8:	e117000c 	tst	r7, ip
    3efc:	1affffdd 	bne	0x3e78
    3f00:	e35a002a 	cmp	sl, #42	@ 0x2a
    3f04:	1a000071 	bne	0x40d0
    3f08:	e1a06003 	mov	r6, r3
    3f0c:	e5951030 	ldr	r1, [r5, #48]	@ 0x30
    3f10:	e2966001 	adds	r6, r6, #1
    3f14:	2a000568 	bcs	0x54bc
    3f18:	e3e0c4fe 	mvn	ip, #-33554432	@ 0xfe000000
    3f1c:	e3ccc8fe 	bic	ip, ip, #16646144	@ 0xfe0000
    3f20:	e156000c 	cmp	r6, ip
    3f24:	8a000564 	bhi	0x54bc
    3f28:	e19100d6 	ldrsb	r0, [r1, r6]
    3f2c:	e2400030 	sub	r0, r0, #48	@ 0x30
    3f30:	e1a01000 	mov	r1, r0
    3f34:	e3500009 	cmp	r0, #9
    3f38:	8a000027 	bhi	0x3fdc
    3f3c:	e1a07003 	mov	r7, r3
    3f40:	e5956030 	ldr	r6, [r5, #48]	@ 0x30
    3f44:	e2977002 	adds	r7, r7, #2
    3f48:	2a00055b 	bcs	0x54bc
    3f4c:	e3e0c4fe 	mvn	ip, #-33554432	@ 0xfe000000
    3f50:	e3ccc8fe 	bic	ip, ip, #16646144	@ 0xfe0000
    3f54:	e157000c 	cmp	r7, ip
    3f58:	8a000557 	bhi	0x54bc
    3f5c:	e7d60007 	ldrb	r0, [r6, r7]
    3f60:	e3500024 	cmp	r0, #36	@ 0x24
    3f64:	1a00001c 	bne	0x3fdc
    3f68:	e594c000 	ldr	ip, [r4]
    3f6c:	e35c0000 	cmp	ip, #0
    3f70:	1a00000b 	bne	0x3fa4
    3f74:	e1a00101 	lsl	r0, r1, #2
    3f78:	e594c010 	ldr	ip, [r4, #16]
    3f7c:	e08c0000 	add	r0, ip, r0
    3f80:	e5956030 	ldr	r6, [r5, #48]	@ 0x30
    3f84:	e59fc294 	ldr	ip, [pc, #660]	@ 0x4220
    3f88:	e150000c 	cmp	r0, ip
    3f8c:	8a00054a 	bhi	0x54bc
    3f90:	e3a0e00a 	mov	lr, #10
    3f94:	e786e000 	str	lr, [r6, r0]
    3f98:	e3a0e000 	mov	lr, #0
    3f9c:	e584e050 	str	lr, [r4, #80]	@ 0x50
    3fa0:	ea000008 	b	0x3fc8
    3fa4:	e1a01181 	lsl	r1, r1, #3
    3fa8:	e594c00c 	ldr	ip, [r4, #12]
    3fac:	e08c1001 	add	r1, ip, r1
    3fb0:	e5950030 	ldr	r0, [r5, #48]	@ 0x30
    3fb4:	e59fc264 	ldr	ip, [pc, #612]	@ 0x4220
    3fb8:	e151000c 	cmp	r1, ip
    3fbc:	8a00053e 	bhi	0x54bc
    3fc0:	e790e001 	ldr	lr, [r0, r1]
    3fc4:	e584e050 	str	lr, [r4, #80]	@ 0x50
    3fc8:	e283e003 	add	lr, r3, #3
    3fcc:	e584e004 	str	lr, [r4, #4]
    3fd0:	e3a0e001 	mov	lr, #1
    3fd4:	e584e02c 	str	lr, [r4, #44]	@ 0x2c
    3fd8:	ea00002b 	b	0x408c
    3fdc:	e594c02c 	ldr	ip, [r4, #44]	@ 0x2c
    3fe0:	e35c0000 	cmp	ip, #0
    3fe4:	1a000476 	bne	0x51c4
    3fe8:	e283e001 	add	lr, r3, #1
    3fec:	e584e004 	str	lr, [r4, #4]
    3ff0:	e594c000 	ldr	ip, [r4]
    3ff4:	e35c0000 	cmp	ip, #0
    3ff8:	1a00000d 	bne	0x4034
    3ffc:	e594101c 	ldr	r1, [r4, #28]
    4000:	e5950030 	ldr	r0, [r5, #48]	@ 0x30
    4004:	e5943004 	ldr	r3, [r4, #4]
    4008:	e291103c 	adds	r1, r1, #60	@ 0x3c
    400c:	2a00052a 	bcs	0x54bc
    4010:	e59fc208 	ldr	ip, [pc, #520]	@ 0x4220
    4014:	e151000c 	cmp	r1, ip
    4018:	8a000527 	bhi	0x54bc
    401c:	e7803001 	str	r3, [r0, r1]
    4020:	e3a0e000 	mov	lr, #0
    4024:	e584e02c 	str	lr, [r4, #44]	@ 0x2c
    4028:	e3a0e000 	mov	lr, #0
    402c:	e584e050 	str	lr, [r4, #80]	@ 0x50
    4030:	ea00003d 	b	0x412c
    4034:	e5943008 	ldr	r3, [r4, #8]
    4038:	e5951030 	ldr	r1, [r5, #48]	@ 0x30
    403c:	e59fc1dc 	ldr	ip, [pc, #476]	@ 0x4220
    4040:	e153000c 	cmp	r3, ip
    4044:	8a00051c 	bhi	0x54bc
    4048:	e7910003 	ldr	r0, [r1, r3]
    404c:	e1a01000 	mov	r1, r0
    4050:	e2800004 	add	r0, r0, #4
    4054:	e5947008 	ldr	r7, [r4, #8]
    4058:	e5953030 	ldr	r3, [r5, #48]	@ 0x30
    405c:	e59fc1bc 	ldr	ip, [pc, #444]	@ 0x4220
    4060:	e157000c 	cmp	r7, ip
    4064:	8a000514 	bhi	0x54bc
    4068:	e7830007 	str	r0, [r3, r7]
    406c:	e5950030 	ldr	r0, [r5, #48]	@ 0x30
    4070:	e59fc1a8 	ldr	ip, [pc, #424]	@ 0x4220
    4074:	e151000c 	cmp	r1, ip
    4078:	8a00050f 	bhi	0x54bc
    407c:	e790e001 	ldr	lr, [r0, r1]
    4080:	e584e050 	str	lr, [r4, #80]	@ 0x50
    4084:	e3a0e000 	mov	lr, #0
    4088:	e584e02c 	str	lr, [r4, #44]	@ 0x2c
    408c:	e594101c 	ldr	r1, [r4, #28]
    4090:	e5950030 	ldr	r0, [r5, #48]	@ 0x30
    4094:	e5943004 	ldr	r3, [r4, #4]
    4098:	e291103c 	adds	r1, r1, #60	@ 0x3c
    409c:	2a000506 	bcs	0x54bc
    40a0:	e59fc178 	ldr	ip, [pc, #376]	@ 0x4220
    40a4:	e151000c 	cmp	r1, ip
    40a8:	8a000503 	bhi	0x54bc
    40ac:	e7803001 	str	r3, [r0, r1]
    40b0:	e594c050 	ldr	ip, [r4, #80]	@ 0x50
    40b4:	e37c0001 	cmn	ip, #1
    40b8:	ca00001b 	bgt	0x412c
    40bc:	e594c050 	ldr	ip, [r4, #80]	@ 0x50
    40c0:	e26ce000 	rsb	lr, ip, #0
    40c4:	e584e050 	str	lr, [r4, #80]	@ 0x50
    40c8:	e3899d80 	orr	r9, r9, #128, 26	@ 0x2000
    40cc:	ea000016 	b	0x412c
    40d0:	e594c01c 	ldr	ip, [r4, #28]
    40d4:	e28c003c 	add	r0, ip, #60	@ 0x3c
    40d8:	e5840088 	str	r0, [r4, #136]	@ 0x88
    40dc:	e59f01b8 	ldr	r0, [pc, #440]	@ 0x429c
    40e0:	e1a01004 	mov	r1, r4
    40e4:	e59d2000 	ldr	r2, [sp]
    40e8:	e59fc1b0 	ldr	ip, [pc, #432]	@ 0x42a0
    40ec:	e12fff3c 	blx	ip
    40f0:	e3500000 	cmp	r0, #0
    40f4:	1a0004f3 	bne	0x54c8
    40f8:	e5940088 	ldr	r0, [r4, #136]	@ 0x88
    40fc:	e5840050 	str	r0, [r4, #80]	@ 0x50
    4100:	e3500000 	cmp	r0, #0
    4104:	ba0004d1 	blt	0x5450
    4108:	e594101c 	ldr	r1, [r4, #28]
    410c:	e5950030 	ldr	r0, [r5, #48]	@ 0x30
    4110:	e291103c 	adds	r1, r1, #60	@ 0x3c
    4114:	2a0004e8 	bcs	0x54bc
    4118:	e59fc100 	ldr	ip, [pc, #256]	@ 0x4220
    411c:	e151000c 	cmp	r1, ip
    4120:	8a0004e5 	bhi	0x54bc
    4124:	e790e001 	ldr	lr, [r0, r1]
    4128:	e584e004 	str	lr, [r4, #4]
    412c:	e3a07000 	mov	r7, #0
    4130:	e3e0e000 	mvn	lr, #0
    4134:	e584e054 	str	lr, [r4, #84]	@ 0x54
    4138:	e5943004 	ldr	r3, [r4, #4]
    413c:	e5951030 	ldr	r1, [r5, #48]	@ 0x30
    4140:	e3e0c4fe 	mvn	ip, #-33554432	@ 0xfe000000
    4144:	e3ccc8fe 	bic	ip, ip, #16646144	@ 0xfe0000
    4148:	e153000c 	cmp	r3, ip
    414c:	8a0004da 	bhi	0x54bc
    4150:	e7d10003 	ldrb	r0, [r1, r3]
    4154:	e350002e 	cmp	r0, #46	@ 0x2e
    4158:	0a000001 	beq	0x4164
    415c:	e3a0b000 	mov	fp, #0
    4160:	ea0000b4 	b	0x4438
    4164:	e5943004 	ldr	r3, [r4, #4]
    4168:	e5951030 	ldr	r1, [r5, #48]	@ 0x30
    416c:	e2933001 	adds	r3, r3, #1
    4170:	2a0004d1 	bcs	0x54bc
    4174:	e3e0c4fe 	mvn	ip, #-33554432	@ 0xfe000000
    4178:	e3ccc8fe 	bic	ip, ip, #16646144	@ 0xfe0000
    417c:	e153000c 	cmp	r3, ip
    4180:	8a0004cd 	bhi	0x54bc
    4184:	e7d10003 	ldrb	r0, [r1, r3]
    4188:	e350002a 	cmp	r0, #42	@ 0x2a
    418c:	1a000089 	bne	0x43b8
    4190:	e5943004 	ldr	r3, [r4, #4]
    4194:	e5951030 	ldr	r1, [r5, #48]	@ 0x30
    4198:	e2933002 	adds	r3, r3, #2
    419c:	2a0004c6 	bcs	0x54bc
    41a0:	e3e0c4fe 	mvn	ip, #-33554432	@ 0xfe000000
    41a4:	e3ccc8fe 	bic	ip, ip, #16646144	@ 0xfe0000
    41a8:	e153000c 	cmp	r3, ip
    41ac:	8a0004c2 	bhi	0x54bc
    41b0:	e19100d3 	ldrsb	r0, [r1, r3]
    41b4:	e2400030 	sub	r0, r0, #48	@ 0x30
    41b8:	e1a01000 	mov	r1, r0
    41bc:	e3500009 	cmp	r0, #9
    41c0:	8a00004e 	bhi	0x4300
    41c4:	e5946004 	ldr	r6, [r4, #4]
    41c8:	e5953030 	ldr	r3, [r5, #48]	@ 0x30
    41cc:	e2966003 	adds	r6, r6, #3
    41d0:	2a0004b9 	bcs	0x54bc
    41d4:	e3e0c4fe 	mvn	ip, #-33554432	@ 0xfe000000
    41d8:	e3ccc8fe 	bic	ip, ip, #16646144	@ 0xfe0000
    41dc:	e156000c 	cmp	r6, ip
    41e0:	8a0004b5 	bhi	0x54bc
    41e4:	e7d30006 	ldrb	r0, [r3, r6]
    41e8:	e3500024 	cmp	r0, #36	@ 0x24
    41ec:	1a000043 	bne	0x4300
    41f0:	e594c000 	ldr	ip, [r4]
    41f4:	e35c0000 	cmp	ip, #0
    41f8:	1a000033 	bne	0x42cc
    41fc:	e1a00101 	lsl	r0, r1, #2
    4200:	e594c010 	ldr	ip, [r4, #16]
    4204:	ea000026 	b	0x42a4
	...
    4218:	003fb6fc 	ldrshteq	fp, [pc], -ip
    421c:	000487b4 			@ <UNDEFINED> instruction: 0x000487b4
    4220:	0101fffc 	strdeq	pc, [r1, -ip]
    4224:	003fb7ac 	eorseq	fp, pc, ip, lsr #15
    4228:	00047eac 	andeq	r7, r4, ip, lsr #29
    422c:	003fe344 	eorseq	lr, pc, r4, asr #6
    4230:	000487b4 			@ <UNDEFINED> instruction: 0x000487b4
    4234:	003fe3b0 	ldrhteq	lr, [pc], -r0
    4238:	00048af0 	strdeq	r8, [r4], -r0
    423c:	003fe3d4 	ldrsbteq	lr, [pc], -r4
    4240:	003fe488 	eorseq	lr, pc, r8, lsl #9
    4244:	00048af0 	strdeq	r8, [r4], -r0
    4248:	003fe4f4 	ldrshteq	lr, [pc], -r4
    424c:	000487b4 			@ <UNDEFINED> instruction: 0x000487b4
    4250:	00047eac 	andeq	r7, r4, ip, lsr #29
    4254:	00049934 	andeq	r9, r4, r4, lsr r9
    4258:	003fe994 	mlaseq	pc, r4, r9, lr	@ <UNPREDICTABLE>
    425c:	000487b4 			@ <UNDEFINED> instruction: 0x000487b4
    4260:	003fea14 	eorseq	lr, pc, r4, lsl sl	@ <UNPREDICTABLE>
    4264:	000487b4 			@ <UNDEFINED> instruction: 0x000487b4
    4268:	0101fff8 	strdeq	pc, [r1, -r8]
    426c:	003feaf4 	ldrshteq	lr, [pc], -r4
    4270:	000487b4 			@ <UNDEFINED> instruction: 0x000487b4
    4274:	003feb34 	eorseq	lr, pc, r4, lsr fp	@ <UNPREDICTABLE>
    4278:	000487b4 			@ <UNDEFINED> instruction: 0x000487b4
    427c:	003feb88 	eorseq	lr, pc, r8, lsl #23
    4280:	00048af0 	strdeq	r8, [r4], -r0
    4284:	003fec70 	eorseq	lr, pc, r0, ror ip	@ <UNPREDICTABLE>
    4288:	000487b4 			@ <UNDEFINED> instruction: 0x000487b4
    428c:	003feca0 	eorseq	lr, pc, r0, lsr #25
    4290:	00047eac 	andeq	r7, r4, ip, lsr #29
    4294:	004033e4 	subeq	r3, r0, r4, ror #7
    4298:	000487b4 			@ <UNDEFINED> instruction: 0x000487b4
    429c:	004038e4 	subeq	r3, r0, r4, ror #17
    42a0:	000487b4 			@ <UNDEFINED> instruction: 0x000487b4
    42a4:	e08c0000 	add	r0, ip, r0
    42a8:	e5953030 	ldr	r3, [r5, #48]	@ 0x30
    42ac:	e59fcfe4 	ldr	ip, [pc, #4068]	@ 0x5298
    42b0:	e150000c 	cmp	r0, ip
    42b4:	8a000480 	bhi	0x54bc
    42b8:	e3a0e00a 	mov	lr, #10
    42bc:	e783e000 	str	lr, [r3, r0]
    42c0:	e3a0e000 	mov	lr, #0
    42c4:	e584e054 	str	lr, [r4, #84]	@ 0x54
    42c8:	ea000008 	b	0x42f0
    42cc:	e1a01181 	lsl	r1, r1, #3
    42d0:	e594c00c 	ldr	ip, [r4, #12]
    42d4:	e08c1001 	add	r1, ip, r1
    42d8:	e5950030 	ldr	r0, [r5, #48]	@ 0x30
    42dc:	e59fcfb4 	ldr	ip, [pc, #4020]	@ 0x5298
    42e0:	e151000c 	cmp	r1, ip
    42e4:	8a000474 	bhi	0x54bc
    42e8:	e790e001 	ldr	lr, [r0, r1]
    42ec:	e584e054 	str	lr, [r4, #84]	@ 0x54
    42f0:	e594c004 	ldr	ip, [r4, #4]
    42f4:	e28ce004 	add	lr, ip, #4
    42f8:	e584e004 	str	lr, [r4, #4]
    42fc:	ea00001f 	b	0x4380
    4300:	e594c02c 	ldr	ip, [r4, #44]	@ 0x2c
    4304:	e35c0000 	cmp	ip, #0
    4308:	1a0003ad 	bne	0x51c4
    430c:	e594c004 	ldr	ip, [r4, #4]
    4310:	e28ce002 	add	lr, ip, #2
    4314:	e584e004 	str	lr, [r4, #4]
    4318:	e594c000 	ldr	ip, [r4]
    431c:	e35c0000 	cmp	ip, #0
    4320:	1a000002 	bne	0x4330
    4324:	e3a0e000 	mov	lr, #0
    4328:	e584e054 	str	lr, [r4, #84]	@ 0x54
    432c:	ea000013 	b	0x4380
    4330:	e5943008 	ldr	r3, [r4, #8]
    4334:	e5951030 	ldr	r1, [r5, #48]	@ 0x30
    4338:	e59fcf58 	ldr	ip, [pc, #3928]	@ 0x5298
    433c:	e153000c 	cmp	r3, ip
    4340:	8a00045d 	bhi	0x54bc
    4344:	e7910003 	ldr	r0, [r1, r3]
    4348:	e1a01000 	mov	r1, r0
    434c:	e2800004 	add	r0, r0, #4
    4350:	e5946008 	ldr	r6, [r4, #8]
    4354:	e5953030 	ldr	r3, [r5, #48]	@ 0x30
    4358:	e59fcf38 	ldr	ip, [pc, #3896]	@ 0x5298
    435c:	e156000c 	cmp	r6, ip
    4360:	8a000455 	bhi	0x54bc
    4364:	e7830006 	str	r0, [r3, r6]
    4368:	e5950030 	ldr	r0, [r5, #48]	@ 0x30
    436c:	e59fcf24 	ldr	ip, [pc, #3876]	@ 0x5298
    4370:	e151000c 	cmp	r1, ip
    4374:	8a000450 	bhi	0x54bc
    4378:	e790e001 	ldr	lr, [r0, r1]
    437c:	e584e054 	str	lr, [r4, #84]	@ 0x54
    4380:	e594101c 	ldr	r1, [r4, #28]
    4384:	e5950030 	ldr	r0, [r5, #48]	@ 0x30
    4388:	e5943004 	ldr	r3, [r4, #4]
    438c:	e291103c 	adds	r1, r1, #60	@ 0x3c
    4390:	2a000449 	bcs	0x54bc
    4394:	e59fcefc 	ldr	ip, [pc, #3836]	@ 0x5298
    4398:	e151000c 	cmp	r1, ip
    439c:	8a000446 	bhi	0x54bc
    43a0:	e7803001 	str	r3, [r0, r1]
    43a4:	e594c054 	ldr	ip, [r4, #84]	@ 0x54
    43a8:	e37c0001 	cmn	ip, #1
    43ac:	e3a0b000 	mov	fp, #0
    43b0:	c3a0b001 	movgt	fp, #1
    43b4:	ea00001f 	b	0x4438
    43b8:	e594c004 	ldr	ip, [r4, #4]
    43bc:	e28c0001 	add	r0, ip, #1
    43c0:	e594301c 	ldr	r3, [r4, #28]
    43c4:	e5951030 	ldr	r1, [r5, #48]	@ 0x30
    43c8:	e293303c 	adds	r3, r3, #60	@ 0x3c
    43cc:	2a00043a 	bcs	0x54bc
    43d0:	e59fcec0 	ldr	ip, [pc, #3776]	@ 0x5298
    43d4:	e153000c 	cmp	r3, ip
    43d8:	8a000437 	bhi	0x54bc
    43dc:	e7810003 	str	r0, [r1, r3]
    43e0:	e3a0b001 	mov	fp, #1
    43e4:	e594c01c 	ldr	ip, [r4, #28]
    43e8:	e28c003c 	add	r0, ip, #60	@ 0x3c
    43ec:	e5840088 	str	r0, [r4, #136]	@ 0x88
    43f0:	e59f0ea4 	ldr	r0, [pc, #3748]	@ 0x529c
    43f4:	e1a01004 	mov	r1, r4
    43f8:	e59d2000 	ldr	r2, [sp]
    43fc:	e59fce9c 	ldr	ip, [pc, #3740]	@ 0x52a0
    4400:	e12fff3c 	blx	ip
    4404:	e3500000 	cmp	r0, #0
    4408:	1a00042e 	bne	0x54c8
    440c:	e5940088 	ldr	r0, [r4, #136]	@ 0x88
    4410:	e5840054 	str	r0, [r4, #84]	@ 0x54
    4414:	e594101c 	ldr	r1, [r4, #28]
    4418:	e5950030 	ldr	r0, [r5, #48]	@ 0x30
    441c:	e291103c 	adds	r1, r1, #60	@ 0x3c
    4420:	2a000425 	bcs	0x54bc
    4424:	e59fce6c 	ldr	ip, [pc, #3692]	@ 0x5298
    4428:	e151000c 	cmp	r1, ip
    442c:	8a000422 	bhi	0x54bc
    4430:	e790e001 	ldr	lr, [r0, r1]
    4434:	e584e004 	str	lr, [r4, #4]
    4438:	e1a06007 	mov	r6, r7
    443c:	e3a0e01c 	mov	lr, #28
    4440:	e584e05c 	str	lr, [r4, #92]	@ 0x5c
    4444:	e594a004 	ldr	sl, [r4, #4]
    4448:	e5943004 	ldr	r3, [r4, #4]
    444c:	e5951030 	ldr	r1, [r5, #48]	@ 0x30
    4450:	e3e0c4fe 	mvn	ip, #-33554432	@ 0xfe000000
    4454:	e3ccc8fe 	bic	ip, ip, #16646144	@ 0xfe0000
    4458:	e153000c 	cmp	r3, ip
    445c:	8a000416 	bhi	0x54bc
    4460:	e19100d3 	ldrsb	r0, [r1, r3]
    4464:	e1a01000 	mov	r1, r0
    4468:	e240007b 	sub	r0, r0, #123	@ 0x7b
    446c:	e370003a 	cmn	r0, #58	@ 0x3a
    4470:	3a0003f8 	bcc	0x5458
    4474:	e28ae001 	add	lr, sl, #1
    4478:	e584e004 	str	lr, [r4, #4]
    447c:	e3a0c03a 	mov	ip, #58	@ 0x3a
    4480:	e0000c96 	mul	r0, r6, ip
    4484:	e0800001 	add	r0, r0, r1
    4488:	e2800b40 	add	r0, r0, #64, 22	@ 0x10000
    448c:	e28001fc 	add	r0, r0, #252, 2	@ 0x3f
    4490:	e1a03000 	mov	r3, r0
    4494:	e5951030 	ldr	r1, [r5, #48]	@ 0x30
    4498:	e3e0c4fe 	mvn	ip, #-33554432	@ 0xfe000000
    449c:	e3ccc8fe 	bic	ip, ip, #16646144	@ 0xfe0000
    44a0:	e153000c 	cmp	r3, ip
    44a4:	8a000404 	bhi	0x54bc
    44a8:	e7d10003 	ldrb	r0, [r1, r3]
    44ac:	e1a07000 	mov	r7, r0
    44b0:	e2400001 	sub	r0, r0, #1
    44b4:	e20000ff 	and	r0, r0, #255	@ 0xff
    44b8:	e3500008 	cmp	r0, #8
    44bc:	3affffdd 	bcc	0x4438
    44c0:	e594101c 	ldr	r1, [r4, #28]
    44c4:	e5950030 	ldr	r0, [r5, #48]	@ 0x30
    44c8:	e5943004 	ldr	r3, [r4, #4]
    44cc:	e291103c 	adds	r1, r1, #60	@ 0x3c
    44d0:	2a0003f9 	bcs	0x54bc
    44d4:	e59fcdbc 	ldr	ip, [pc, #3516]	@ 0x5298
    44d8:	e151000c 	cmp	r1, ip
    44dc:	8a0003f6 	bhi	0x54bc
    44e0:	e7803001 	str	r3, [r0, r1]
    44e4:	e357001b 	cmp	r7, #27
    44e8:	0a000033 	beq	0x45bc
    44ec:	e3570000 	cmp	r7, #0
    44f0:	0a0003d8 	beq	0x5458
    44f4:	e3580000 	cmp	r8, #0
    44f8:	ba000020 	blt	0x4580
    44fc:	e594c000 	ldr	ip, [r4]
    4500:	e35c0000 	cmp	ip, #0
    4504:	1a000008 	bne	0x452c
    4508:	e1a00108 	lsl	r0, r8, #2
    450c:	e594c010 	ldr	ip, [r4, #16]
    4510:	e08c0000 	add	r0, ip, r0
    4514:	e5951030 	ldr	r1, [r5, #48]	@ 0x30
    4518:	e59fcd78 	ldr	ip, [pc, #3448]	@ 0x5298
    451c:	e150000c 	cmp	r0, ip
    4520:	8a0003e5 	bhi	0x54bc
    4524:	e7817000 	str	r7, [r1, r0]
    4528:	eafffdae 	b	0x3be8
    452c:	e1a00188 	lsl	r0, r8, #3
    4530:	e594c00c 	ldr	ip, [r4, #12]
    4534:	e08c0000 	add	r0, ip, r0
    4538:	e5952030 	ldr	r2, [r5, #48]	@ 0x30
    453c:	e59fcd60 	ldr	ip, [pc, #3424]	@ 0x52a4
    4540:	e150000c 	cmp	r0, ip
    4544:	8a0003dc 	bhi	0x54bc
    4548:	e082c000 	add	ip, r2, r0
    454c:	e59c1000 	ldr	r1, [ip]
    4550:	e59c3004 	ldr	r3, [ip, #4]
    4554:	e594201c 	ldr	r2, [r4, #28]
    4558:	e5950030 	ldr	r0, [r5, #48]	@ 0x30
    455c:	e2922030 	adds	r2, r2, #48	@ 0x30
    4560:	2a0003d5 	bcs	0x54bc
    4564:	e59fcd38 	ldr	ip, [pc, #3384]	@ 0x52a4
    4568:	e152000c 	cmp	r2, ip
    456c:	8a0003d2 	bhi	0x54bc
    4570:	e080c002 	add	ip, r0, r2
    4574:	e58c1000 	str	r1, [ip]
    4578:	e58c3004 	str	r3, [ip, #4]
    457c:	ea000015 	b	0x45d8
    4580:	e594c000 	ldr	ip, [r4]
    4584:	e35c0000 	cmp	ip, #0
    4588:	0a0003ad 	beq	0x5444
    458c:	e594c01c 	ldr	ip, [r4, #28]
    4590:	e28c0030 	add	r0, ip, #48	@ 0x30
    4594:	e5840088 	str	r0, [r4, #136]	@ 0x88
    4598:	e5847034 	str	r7, [r4, #52]	@ 0x34
    459c:	e59f0d04 	ldr	r0, [pc, #3332]	@ 0x52a8
    45a0:	e1a01004 	mov	r1, r4
    45a4:	e59d2000 	ldr	r2, [sp]
    45a8:	e59fccfc 	ldr	ip, [pc, #3324]	@ 0x52ac
    45ac:	e12fff3c 	blx	ip
    45b0:	e3500000 	cmp	r0, #0
    45b4:	1a0003c3 	bne	0x54c8
    45b8:	ea000006 	b	0x45d8
    45bc:	e3780001 	cmn	r8, #1
    45c0:	ca0003a4 	bgt	0x5458
    45c4:	e3a0e000 	mov	lr, #0
    45c8:	e584e034 	str	lr, [r4, #52]	@ 0x34
    45cc:	e594c000 	ldr	ip, [r4]
    45d0:	e35c0000 	cmp	ip, #0
    45d4:	0afffd85 	beq	0x3bf0
    45d8:	e5942000 	ldr	r2, [r4]
    45dc:	e5951030 	ldr	r1, [r5, #48]	@ 0x30
    45e0:	e3e0c4fe 	mvn	ip, #-33554432	@ 0xfe000000
    45e4:	e3ccc8fe 	bic	ip, ip, #16646144	@ 0xfe0000
    45e8:	e152000c 	cmp	r2, ip
    45ec:	8a0003b2 	bhi	0x54bc
    45f0:	e7d10002 	ldrb	r0, [r1, r2]
    45f4:	e3100020 	tst	r0, #32
    45f8:	1a0003a4 	bne	0x5490
    45fc:	e3c90b40 	bic	r0, r9, #64, 22	@ 0x10000
    4600:	e5840060 	str	r0, [r4, #96]	@ 0x60
    4604:	e3190d80 	tst	r9, #128, 26	@ 0x2000
    4608:	e1a0e000 	mov	lr, r0
    460c:	01a0e009 	moveq	lr, r9
    4610:	e584e048 	str	lr, [r4, #72]	@ 0x48
    4614:	e3a0e000 	mov	lr, #0
    4618:	e584e044 	str	lr, [r4, #68]	@ 0x44
    461c:	e3a0eb40 	mov	lr, #64, 22	@ 0x10000
    4620:	e38ee160 	orr	lr, lr, #96, 2
    4624:	e584e064 	str	lr, [r4, #100]	@ 0x64
    4628:	e594e028 	ldr	lr, [r4, #40]	@ 0x28
    462c:	e584e05c 	str	lr, [r4, #92]	@ 0x5c
    4630:	e1a0200a 	mov	r2, sl
    4634:	e5951030 	ldr	r1, [r5, #48]	@ 0x30
    4638:	e3e0c4fe 	mvn	ip, #-33554432	@ 0xfe000000
    463c:	e3ccc8fe 	bic	ip, ip, #16646144	@ 0xfe0000
    4640:	e152000c 	cmp	r2, ip
    4644:	8a00039c 	bhi	0x54bc
    4648:	e7d1a002 	ldrb	sl, [r1, r2]
    464c:	e1a0100a 	mov	r1, sl
    4650:	e6afa07a 	sxtb	sl, sl
    4654:	e1a0200a 	mov	r2, sl
    4658:	e3caa02c 	bic	sl, sl, #44	@ 0x2c
    465c:	e201100f 	and	r1, r1, #15
    4660:	e3510003 	cmp	r1, #3
    4664:	11a0a002 	movne	sl, r2
    4668:	e3560000 	cmp	r6, #0
    466c:	01a0a002 	moveq	sl, r2
    4670:	e1a0800a 	mov	r8, sl
    4674:	e24aa058 	sub	sl, sl, #88	@ 0x58
    4678:	e1a0e00a 	mov	lr, sl
    467c:	e35e0021 	cmp	lr, #33	@ 0x21
    4680:	23a0e021 	movcs	lr, #33	@ 0x21
    4684:	e1a0e10e 	lsl	lr, lr, #2
    4688:	e59fcc20 	ldr	ip, [pc, #3104]	@ 0x52b0
    468c:	e08ee00c 	add	lr, lr, ip
    4690:	e59ec000 	ldr	ip, [lr]
    4694:	e12fff1c 	bx	ip
    4698:	e594e028 	ldr	lr, [r4, #40]	@ 0x28
    469c:	e584e05c 	str	lr, [r4, #92]	@ 0x5c
    46a0:	e2481041 	sub	r1, r8, #65	@ 0x41
    46a4:	e1a0e001 	mov	lr, r1
    46a8:	e35e0007 	cmp	lr, #7
    46ac:	23a0e007 	movcs	lr, #7
    46b0:	e1a0e10e 	lsl	lr, lr, #2
    46b4:	e59fcbf8 	ldr	ip, [pc, #3064]	@ 0x52b4
    46b8:	e08ee00c 	add	lr, lr, ip
    46bc:	e59ec000 	ldr	ip, [lr]
    46c0:	e12fff1c 	bx	ip
    46c4:	e3580053 	cmp	r8, #83	@ 0x53
    46c8:	0a0001a0 	beq	0x4d50
    46cc:	ea0002d1 	b	0x5218
    46d0:	e3a0e000 	mov	lr, #0
    46d4:	e584e044 	str	lr, [r4, #68]	@ 0x44
    46d8:	e3a0eb40 	mov	lr, #64, 22	@ 0x10000
    46dc:	e38ee160 	orr	lr, lr, #96, 2
    46e0:	e584e064 	str	lr, [r4, #100]	@ 0x64
    46e4:	e594201c 	ldr	r2, [r4, #28]
    46e8:	e5951030 	ldr	r1, [r5, #48]	@ 0x30
    46ec:	e2922030 	adds	r2, r2, #48	@ 0x30
    46f0:	2a000371 	bcs	0x54bc
    46f4:	e59fcba8 	ldr	ip, [pc, #2984]	@ 0x52a4
    46f8:	e152000c 	cmp	r2, ip
    46fc:	8a00036e 	bhi	0x54bc
    4700:	e081c002 	add	ip, r1, r2
    4704:	e59ca000 	ldr	sl, [ip]
    4708:	e59c9004 	ldr	r9, [ip, #4]
    470c:	ea00010e 	b	0x4b4c
    4710:	e3a0e000 	mov	lr, #0
    4714:	e584e034 	str	lr, [r4, #52]	@ 0x34
    4718:	e1a0e006 	mov	lr, r6
    471c:	e35e0008 	cmp	lr, #8
    4720:	23a0e008 	movcs	lr, #8
    4724:	e1a0e10e 	lsl	lr, lr, #2
    4728:	e59fcb88 	ldr	ip, [pc, #2952]	@ 0x52b8
    472c:	e08ee00c 	add	lr, lr, ip
    4730:	e59ec000 	ldr	ip, [lr]
    4734:	e12fff1c 	bx	ip
    4738:	e594301c 	ldr	r3, [r4, #28]
    473c:	e5952030 	ldr	r2, [r5, #48]	@ 0x30
    4740:	e2933030 	adds	r3, r3, #48	@ 0x30
    4744:	2a00035c 	bcs	0x54bc
    4748:	e59fcb48 	ldr	ip, [pc, #2888]	@ 0x5298
    474c:	e153000c 	cmp	r3, ip
    4750:	8a000359 	bhi	0x54bc
    4754:	e7921003 	ldr	r1, [r2, r3]
    4758:	e5952030 	ldr	r2, [r5, #48]	@ 0x30
    475c:	e5943030 	ldr	r3, [r4, #48]	@ 0x30
    4760:	e59fcb30 	ldr	ip, [pc, #2864]	@ 0x5298
    4764:	e151000c 	cmp	r1, ip
    4768:	8a000353 	bhi	0x54bc
    476c:	e7823001 	str	r3, [r2, r1]
    4770:	eafffd1e 	b	0x3bf0
    4774:	e594301c 	ldr	r3, [r4, #28]
    4778:	e5952030 	ldr	r2, [r5, #48]	@ 0x30
    477c:	e2933030 	adds	r3, r3, #48	@ 0x30
    4780:	2a00034d 	bcs	0x54bc
    4784:	e59fcb0c 	ldr	ip, [pc, #2828]	@ 0x5298
    4788:	e153000c 	cmp	r3, ip
    478c:	8a00034a 	bhi	0x54bc
    4790:	e7921003 	ldr	r1, [r2, r3]
    4794:	e5952030 	ldr	r2, [r5, #48]	@ 0x30
    4798:	e5943030 	ldr	r3, [r4, #48]	@ 0x30
    479c:	e59fcaf4 	ldr	ip, [pc, #2804]	@ 0x5298
    47a0:	e151000c 	cmp	r1, ip
    47a4:	8a000344 	bhi	0x54bc
    47a8:	e7823001 	str	r3, [r2, r1]
    47ac:	eafffd0f 	b	0x3bf0
    47b0:	e594301c 	ldr	r3, [r4, #28]
    47b4:	e5952030 	ldr	r2, [r5, #48]	@ 0x30
    47b8:	e2933030 	adds	r3, r3, #48	@ 0x30
    47bc:	2a00033e 	bcs	0x54bc
    47c0:	e59fcad0 	ldr	ip, [pc, #2768]	@ 0x5298
    47c4:	e153000c 	cmp	r3, ip
    47c8:	8a00033b 	bhi	0x54bc
    47cc:	e7921003 	ldr	r1, [r2, r3]
    47d0:	e5942030 	ldr	r2, [r4, #48]	@ 0x30
    47d4:	e1a03fc2 	asr	r3, r2, #31
    47d8:	e5956030 	ldr	r6, [r5, #48]	@ 0x30
    47dc:	e59fcac0 	ldr	ip, [pc, #2752]	@ 0x52a4
    47e0:	e151000c 	cmp	r1, ip
    47e4:	8a000334 	bhi	0x54bc
    47e8:	e086c001 	add	ip, r6, r1
    47ec:	e58c2000 	str	r2, [ip]
    47f0:	e58c3004 	str	r3, [ip, #4]
    47f4:	eafffcfd 	b	0x3bf0
    47f8:	e594301c 	ldr	r3, [r4, #28]
    47fc:	e5952030 	ldr	r2, [r5, #48]	@ 0x30
    4800:	e2933030 	adds	r3, r3, #48	@ 0x30
    4804:	2a00032c 	bcs	0x54bc
    4808:	e59fca88 	ldr	ip, [pc, #2696]	@ 0x5298
    480c:	e153000c 	cmp	r3, ip
    4810:	8a000329 	bhi	0x54bc
    4814:	e7921003 	ldr	r1, [r2, r3]
    4818:	e5952030 	ldr	r2, [r5, #48]	@ 0x30
    481c:	e5943030 	ldr	r3, [r4, #48]	@ 0x30
    4820:	e59fca94 	ldr	ip, [pc, #2708]	@ 0x52bc
    4824:	e151000c 	cmp	r1, ip
    4828:	8a000323 	bhi	0x54bc
    482c:	e18230b1 	strh	r3, [r2, r1]
    4830:	eafffcee 	b	0x3bf0
    4834:	e594301c 	ldr	r3, [r4, #28]
    4838:	e5952030 	ldr	r2, [r5, #48]	@ 0x30
    483c:	e2933030 	adds	r3, r3, #48	@ 0x30
    4840:	2a00031d 	bcs	0x54bc
    4844:	e59fca4c 	ldr	ip, [pc, #2636]	@ 0x5298
    4848:	e153000c 	cmp	r3, ip
    484c:	8a00031a 	bhi	0x54bc
    4850:	e7921003 	ldr	r1, [r2, r3]
    4854:	e5952030 	ldr	r2, [r5, #48]	@ 0x30
    4858:	e5943030 	ldr	r3, [r4, #48]	@ 0x30
    485c:	e3e0c4fe 	mvn	ip, #-33554432	@ 0xfe000000
    4860:	e3ccc8fe 	bic	ip, ip, #16646144	@ 0xfe0000
    4864:	e151000c 	cmp	r1, ip
    4868:	8a000313 	bhi	0x54bc
    486c:	e7c23001 	strb	r3, [r2, r1]
    4870:	eafffcde 	b	0x3bf0
    4874:	e594301c 	ldr	r3, [r4, #28]
    4878:	e5952030 	ldr	r2, [r5, #48]	@ 0x30
    487c:	e2933030 	adds	r3, r3, #48	@ 0x30
    4880:	2a00030d 	bcs	0x54bc
    4884:	e59fca0c 	ldr	ip, [pc, #2572]	@ 0x5298
    4888:	e153000c 	cmp	r3, ip
    488c:	8a00030a 	bhi	0x54bc
    4890:	e7921003 	ldr	r1, [r2, r3]
    4894:	e5952030 	ldr	r2, [r5, #48]	@ 0x30
    4898:	e5943030 	ldr	r3, [r4, #48]	@ 0x30
    489c:	e59fc9f4 	ldr	ip, [pc, #2548]	@ 0x5298
    48a0:	e151000c 	cmp	r1, ip
    48a4:	8a000304 	bhi	0x54bc
    48a8:	e7823001 	str	r3, [r2, r1]
    48ac:	eafffccf 	b	0x3bf0
    48b0:	e594301c 	ldr	r3, [r4, #28]
    48b4:	e5952030 	ldr	r2, [r5, #48]	@ 0x30
    48b8:	e2933030 	adds	r3, r3, #48	@ 0x30
    48bc:	2a0002fe 	bcs	0x54bc
    48c0:	e59fc9d0 	ldr	ip, [pc, #2512]	@ 0x5298
    48c4:	e153000c 	cmp	r3, ip
    48c8:	8a0002fb 	bhi	0x54bc
    48cc:	e7921003 	ldr	r1, [r2, r3]
    48d0:	e5942030 	ldr	r2, [r4, #48]	@ 0x30
    48d4:	e1a03fc2 	asr	r3, r2, #31
    48d8:	e5956030 	ldr	r6, [r5, #48]	@ 0x30
    48dc:	e59fc9c0 	ldr	ip, [pc, #2496]	@ 0x52a4
    48e0:	e151000c 	cmp	r1, ip
    48e4:	8a0002f4 	bhi	0x54bc
    48e8:	e086c001 	add	ip, r6, r1
    48ec:	e58c2000 	str	r2, [ip]
    48f0:	e58c3004 	str	r3, [ip, #4]
    48f4:	eafffcbd 	b	0x3bf0
    48f8:	e594c054 	ldr	ip, [r4, #84]	@ 0x54
    48fc:	e35c0008 	cmp	ip, #8
    4900:	e3a0e008 	mov	lr, #8
    4904:	e594c054 	ldr	ip, [r4, #84]	@ 0x54
    4908:	81a0e00c 	movhi	lr, ip
    490c:	e584e054 	str	lr, [r4, #84]	@ 0x54
    4910:	e594c048 	ldr	ip, [r4, #72]	@ 0x48
    4914:	e38ce008 	orr	lr, ip, #8
    4918:	e584e048 	str	lr, [r4, #72]	@ 0x48
    491c:	e3a08078 	mov	r8, #120	@ 0x78
    4920:	e3a0e000 	mov	lr, #0
    4924:	e584e044 	str	lr, [r4, #68]	@ 0x44
    4928:	e3a0eb40 	mov	lr, #64, 22	@ 0x10000
    492c:	e38ee160 	orr	lr, lr, #96, 2
    4930:	e584e064 	str	lr, [r4, #100]	@ 0x64
    4934:	e594601c 	ldr	r6, [r4, #28]
    4938:	e5953030 	ldr	r3, [r5, #48]	@ 0x30
    493c:	e2966030 	adds	r6, r6, #48	@ 0x30
    4940:	2a0002dd 	bcs	0x54bc
    4944:	e59fc958 	ldr	ip, [pc, #2392]	@ 0x52a4
    4948:	e156000c 	cmp	r6, ip
    494c:	8a0002da 	bhi	0x54bc
    4950:	e083c006 	add	ip, r3, r6
    4954:	e59c1000 	ldr	r1, [ip]
    4958:	e59c2004 	ldr	r2, [ip, #4]
    495c:	e1a0a001 	mov	sl, r1
    4960:	e1a09002 	mov	r9, r2
    4964:	e2083020 	and	r3, r8, #32
    4968:	e5841088 	str	r1, [r4, #136]	@ 0x88
    496c:	e584208c 	str	r2, [r4, #140]	@ 0x8c
    4970:	e5843094 	str	r3, [r4, #148]	@ 0x94
    4974:	e59f0944 	ldr	r0, [pc, #2372]	@ 0x52c0
    4978:	e1a01004 	mov	r1, r4
    497c:	e59d2000 	ldr	r2, [sp]
    4980:	e59fc93c 	ldr	ip, [pc, #2364]	@ 0x52c4
    4984:	e12fff3c 	blx	ip
    4988:	e3500000 	cmp	r0, #0
    498c:	1a0002cd 	bne	0x54c8
    4990:	e5941088 	ldr	r1, [r4, #136]	@ 0x88
    4994:	e5841038 	str	r1, [r4, #56]	@ 0x38
    4998:	e19ac009 	orrs	ip, sl, r9
    499c:	0a000075 	beq	0x4b78
    49a0:	e594c048 	ldr	ip, [r4, #72]	@ 0x48
    49a4:	e31c0008 	tst	ip, #8
    49a8:	0a000072 	beq	0x4b78
    49ac:	e1a01228 	lsr	r1, r8, #4
    49b0:	e281eb40 	add	lr, r1, #64, 22	@ 0x10000
    49b4:	e28ee160 	add	lr, lr, #96, 2
    49b8:	e584e064 	str	lr, [r4, #100]	@ 0x64
    49bc:	e3a0e002 	mov	lr, #2
    49c0:	e584e044 	str	lr, [r4, #68]	@ 0x44
    49c4:	ea00006b 	b	0x4b78
    49c8:	e3a0e000 	mov	lr, #0
    49cc:	e584e044 	str	lr, [r4, #68]	@ 0x44
    49d0:	e3a0eb40 	mov	lr, #64, 22	@ 0x10000
    49d4:	e38ee160 	orr	lr, lr, #96, 2
    49d8:	e584e064 	str	lr, [r4, #100]	@ 0x64
    49dc:	e594601c 	ldr	r6, [r4, #28]
    49e0:	e5953030 	ldr	r3, [r5, #48]	@ 0x30
    49e4:	e2966030 	adds	r6, r6, #48	@ 0x30
    49e8:	2a0002b3 	bcs	0x54bc
    49ec:	e59fc8b0 	ldr	ip, [pc, #2224]	@ 0x52a4
    49f0:	e156000c 	cmp	r6, ip
    49f4:	8a0002b0 	bhi	0x54bc
    49f8:	e083c006 	add	ip, r3, r6
    49fc:	e59c1000 	ldr	r1, [ip]
    4a00:	e59c2004 	ldr	r2, [ip, #4]
    4a04:	e1a0a001 	mov	sl, r1
    4a08:	e1a09002 	mov	r9, r2
    4a0c:	e5841088 	str	r1, [r4, #136]	@ 0x88
    4a10:	e584208c 	str	r2, [r4, #140]	@ 0x8c
    4a14:	e59f08ac 	ldr	r0, [pc, #2220]	@ 0x52c8
    4a18:	e1a01004 	mov	r1, r4
    4a1c:	e59d2000 	ldr	r2, [sp]
    4a20:	e59fc8a4 	ldr	ip, [pc, #2212]	@ 0x52cc
    4a24:	e12fff3c 	blx	ip
    4a28:	e3500000 	cmp	r0, #0
    4a2c:	1a0002a5 	bne	0x54c8
    4a30:	e5941088 	ldr	r1, [r4, #136]	@ 0x88
    4a34:	e5841038 	str	r1, [r4, #56]	@ 0x38
    4a38:	e594c048 	ldr	ip, [r4, #72]	@ 0x48
    4a3c:	e31c0008 	tst	ip, #8
    4a40:	0a00004c 	beq	0x4b78
    4a44:	e594e038 	ldr	lr, [r4, #56]	@ 0x38
    4a48:	e594c020 	ldr	ip, [r4, #32]
    4a4c:	e04c100e 	sub	r1, ip, lr
    4a50:	e1a02001 	mov	r2, r1
    4a54:	e594c054 	ldr	ip, [r4, #84]	@ 0x54
    4a58:	e15c0002 	cmp	ip, r2
    4a5c:	e594e054 	ldr	lr, [r4, #84]	@ 0x54
    4a60:	d1a0e001 	movle	lr, r1
    4a64:	e584e054 	str	lr, [r4, #84]	@ 0x54
    4a68:	ea000042 	b	0x4b78
    4a6c:	e594601c 	ldr	r6, [r4, #28]
    4a70:	e5953030 	ldr	r3, [r5, #48]	@ 0x30
    4a74:	e2966030 	adds	r6, r6, #48	@ 0x30
    4a78:	2a00028f 	bcs	0x54bc
    4a7c:	e59fc820 	ldr	ip, [pc, #2080]	@ 0x52a4
    4a80:	e156000c 	cmp	r6, ip
    4a84:	8a00028c 	bhi	0x54bc
    4a88:	e083c006 	add	ip, r3, r6
    4a8c:	e59c1000 	ldr	r1, [ip]
    4a90:	e59c2004 	ldr	r2, [ip, #4]
    4a94:	e1a0a001 	mov	sl, r1
    4a98:	e1a09002 	mov	r9, r2
    4a9c:	e3e0c000 	mvn	ip, #0
    4aa0:	e15c0001 	cmp	ip, r1
    4aa4:	e3e0c000 	mvn	ip, #0
    4aa8:	e0dcc002 	sbcs	ip, ip, r2
    4aac:	ba000013 	blt	0x4b00
    4ab0:	e27a1000 	rsbs	r1, sl, #0
    4ab4:	e2e92000 	rsc	r2, r9, #0
    4ab8:	e1a0a001 	mov	sl, r1
    4abc:	e1a09002 	mov	r9, r2
    4ac0:	e594601c 	ldr	r6, [r4, #28]
    4ac4:	e5953030 	ldr	r3, [r5, #48]	@ 0x30
    4ac8:	e2966030 	adds	r6, r6, #48	@ 0x30
    4acc:	2a00027a 	bcs	0x54bc
    4ad0:	e59fc7cc 	ldr	ip, [pc, #1996]	@ 0x52a4
    4ad4:	e156000c 	cmp	r6, ip
    4ad8:	8a000277 	bhi	0x54bc
    4adc:	e083c006 	add	ip, r3, r6
    4ae0:	e58c1000 	str	r1, [ip]
    4ae4:	e58c2004 	str	r2, [ip, #4]
    4ae8:	e3a0e001 	mov	lr, #1
    4aec:	e584e044 	str	lr, [r4, #68]	@ 0x44
    4af0:	e3a0eb40 	mov	lr, #64, 22	@ 0x10000
    4af4:	e38ee160 	orr	lr, lr, #96, 2
    4af8:	e584e064 	str	lr, [r4, #100]	@ 0x64
    4afc:	ea000012 	b	0x4b4c
    4b00:	e594c048 	ldr	ip, [r4, #72]	@ 0x48
    4b04:	e31c0e80 	tst	ip, #128, 28	@ 0x800
    4b08:	0a000005 	beq	0x4b24
    4b0c:	e3a0e001 	mov	lr, #1
    4b10:	e584e044 	str	lr, [r4, #68]	@ 0x44
    4b14:	e3a0eb40 	mov	lr, #64, 22	@ 0x10000
    4b18:	e38ee164 	orr	lr, lr, #100, 2
    4b1c:	e584e064 	str	lr, [r4, #100]	@ 0x64
    4b20:	ea000009 	b	0x4b4c
    4b24:	e594c048 	ldr	ip, [r4, #72]	@ 0x48
    4b28:	e20c1001 	and	r1, ip, #1
    4b2c:	e5841044 	str	r1, [r4, #68]	@ 0x44
    4b30:	e3510000 	cmp	r1, #0
    4b34:	e3a0eb40 	mov	lr, #64, 22	@ 0x10000
    4b38:	e38ee168 	orr	lr, lr, #104, 2
    4b3c:	e3a0cb40 	mov	ip, #64, 22	@ 0x10000
    4b40:	e38cc160 	orr	ip, ip, #96, 2
    4b44:	01a0e00c 	moveq	lr, ip
    4b48:	e584e064 	str	lr, [r4, #100]	@ 0x64
    4b4c:	e584a068 	str	sl, [r4, #104]	@ 0x68
    4b50:	e584906c 	str	r9, [r4, #108]	@ 0x6c
    4b54:	e59f0774 	ldr	r0, [pc, #1908]	@ 0x52d0
    4b58:	e1a01004 	mov	r1, r4
    4b5c:	e59d2000 	ldr	r2, [sp]
    4b60:	e59fc76c 	ldr	ip, [pc, #1900]	@ 0x52d4
    4b64:	e12fff3c 	blx	ip
    4b68:	e3500000 	cmp	r0, #0
    4b6c:	1a000255 	bne	0x54c8
    4b70:	e5941088 	ldr	r1, [r4, #136]	@ 0x88
    4b74:	e5841038 	str	r1, [r4, #56]	@ 0x38
    4b78:	e594c054 	ldr	ip, [r4, #84]	@ 0x54
    4b7c:	e35c0000 	cmp	ip, #0
    4b80:	e3a01000 	mov	r1, #0
    4b84:	b3a01001 	movlt	r1, #1
    4b88:	e11b0001 	tst	fp, r1
    4b8c:	1a00022f 	bne	0x5450
    4b90:	e594c048 	ldr	ip, [r4, #72]	@ 0x48
    4b94:	e3cc1b40 	bic	r1, ip, #64, 22	@ 0x10000
    4b98:	e35b0000 	cmp	fp, #0
    4b9c:	e594e048 	ldr	lr, [r4, #72]	@ 0x48
    4ba0:	11a0e001 	movne	lr, r1
    4ba4:	e584e048 	str	lr, [r4, #72]	@ 0x48
    4ba8:	e3590000 	cmp	r9, #0
    4bac:	1a000000 	bne	0x4bb4
    4bb0:	e35a0000 	cmp	sl, #0
    4bb4:	1a000009 	bne	0x4be0
    4bb8:	e594c054 	ldr	ip, [r4, #84]	@ 0x54
    4bbc:	e35c0000 	cmp	ip, #0
    4bc0:	1a000006 	bne	0x4be0
    4bc4:	e594e028 	ldr	lr, [r4, #40]	@ 0x28
    4bc8:	e584e038 	str	lr, [r4, #56]	@ 0x38
    4bcc:	e594e028 	ldr	lr, [r4, #40]	@ 0x28
    4bd0:	e584e05c 	str	lr, [r4, #92]	@ 0x5c
    4bd4:	e3a0e000 	mov	lr, #0
    4bd8:	e584e054 	str	lr, [r4, #84]	@ 0x54
    4bdc:	ea00018f 	b	0x5220
    4be0:	e594e038 	ldr	lr, [r4, #56]	@ 0x38
    4be4:	e594c028 	ldr	ip, [r4, #40]	@ 0x28
    4be8:	e04c100e 	sub	r1, ip, lr
    4bec:	e19ac009 	orrs	ip, sl, r9
    4bf0:	e3a02000 	mov	r2, #0
    4bf4:	03a02001 	moveq	r2, #1
    4bf8:	e0811002 	add	r1, r1, r2
    4bfc:	e1a02001 	mov	r2, r1
    4c00:	e594c054 	ldr	ip, [r4, #84]	@ 0x54
    4c04:	e15c0002 	cmp	ip, r2
    4c08:	e594e054 	ldr	lr, [r4, #84]	@ 0x54
    4c0c:	d1a0e001 	movle	lr, r1
    4c10:	e584e054 	str	lr, [r4, #84]	@ 0x54
    4c14:	ea00017f 	b	0x5218
    4c18:	e594301c 	ldr	r3, [r4, #28]
    4c1c:	e5952030 	ldr	r2, [r5, #48]	@ 0x30
    4c20:	e2933030 	adds	r3, r3, #48	@ 0x30
    4c24:	2a000224 	bcs	0x54bc
    4c28:	e3e0c4fe 	mvn	ip, #-33554432	@ 0xfe000000
    4c2c:	e3ccc8fe 	bic	ip, ip, #16646144	@ 0xfe0000
    4c30:	e153000c 	cmp	r3, ip
    4c34:	8a000220 	bhi	0x54bc
    4c38:	e7d21003 	ldrb	r1, [r2, r3]
    4c3c:	ea000163 	b	0x51d0
    4c40:	e594601c 	ldr	r6, [r4, #28]
    4c44:	e5953030 	ldr	r3, [r5, #48]	@ 0x30
    4c48:	e2966030 	adds	r6, r6, #48	@ 0x30
    4c4c:	2a00021a 	bcs	0x54bc
    4c50:	e59fc640 	ldr	ip, [pc, #1600]	@ 0x5298
    4c54:	e156000c 	cmp	r6, ip
    4c58:	8a000217 	bhi	0x54bc
    4c5c:	e7932006 	ldr	r2, [r3, r6]
    4c60:	e1a03002 	mov	r3, r2
    4c64:	e3530000 	cmp	r3, #0
    4c68:	e3a0eb40 	mov	lr, #64, 22	@ 0x10000
    4c6c:	e38ee047 	orr	lr, lr, #71	@ 0x47
    4c70:	11a0e002 	movne	lr, r2
    4c74:	e584e038 	str	lr, [r4, #56]	@ 0x38
    4c78:	e594c054 	ldr	ip, [r4, #84]	@ 0x54
    4c7c:	e37c0360 	cmn	ip, #96, 6	@ 0x80000001
    4c80:	e3e02480 	mvn	r2, #128, 8	@ 0x80000000
    4c84:	e594c054 	ldr	ip, [r4, #84]	@ 0x54
    4c88:	31a0200c 	movcc	r2, ip
    4c8c:	e5842090 	str	r2, [r4, #144]	@ 0x90
    4c90:	e59f0640 	ldr	r0, [pc, #1600]	@ 0x52d8
    4c94:	e1a01004 	mov	r1, r4
    4c98:	e59d2000 	ldr	r2, [sp]
    4c9c:	e59fc638 	ldr	ip, [pc, #1592]	@ 0x52dc
    4ca0:	e12fff3c 	blx	ip
    4ca4:	e3500000 	cmp	r0, #0
    4ca8:	1a000206 	bne	0x54c8
    4cac:	e594208c 	ldr	r2, [r4, #140]	@ 0x8c
    4cb0:	e1a03002 	mov	r3, r2
    4cb4:	e594c038 	ldr	ip, [r4, #56]	@ 0x38
    4cb8:	e08ce002 	add	lr, ip, r2
    4cbc:	e584e05c 	str	lr, [r4, #92]	@ 0x5c
    4cc0:	e594c054 	ldr	ip, [r4, #84]	@ 0x54
    4cc4:	e37c0001 	cmn	ip, #1
    4cc8:	da000003 	ble	0x4cdc
    4ccc:	e594e060 	ldr	lr, [r4, #96]	@ 0x60
    4cd0:	e584e048 	str	lr, [r4, #72]	@ 0x48
    4cd4:	e5843054 	str	r3, [r4, #84]	@ 0x54
    4cd8:	ea000150 	b	0x5220
    4cdc:	e594e060 	ldr	lr, [r4, #96]	@ 0x60
    4ce0:	e584e048 	str	lr, [r4, #72]	@ 0x48
    4ce4:	e5843054 	str	r3, [r4, #84]	@ 0x54
    4ce8:	e594605c 	ldr	r6, [r4, #92]	@ 0x5c
    4cec:	e5953030 	ldr	r3, [r5, #48]	@ 0x30
    4cf0:	e3e0c4fe 	mvn	ip, #-33554432	@ 0xfe000000
    4cf4:	e3ccc8fe 	bic	ip, ip, #16646144	@ 0xfe0000
    4cf8:	e156000c 	cmp	r6, ip
    4cfc:	8a0001ee 	bhi	0x54bc
    4d00:	e7d32006 	ldrb	r2, [r3, r6]
    4d04:	e3520000 	cmp	r2, #0
    4d08:	1a0001d0 	bne	0x5450
    4d0c:	ea000143 	b	0x5220
    4d10:	e594901c 	ldr	r9, [r4, #28]
    4d14:	e5956030 	ldr	r6, [r5, #48]	@ 0x30
    4d18:	e2999030 	adds	r9, r9, #48	@ 0x30
    4d1c:	2a0001e6 	bcs	0x54bc
    4d20:	e59fc57c 	ldr	ip, [pc, #1404]	@ 0x52a4
    4d24:	e159000c 	cmp	r9, ip
    4d28:	8a0001e3 	bhi	0x54bc
    4d2c:	e086c009 	add	ip, r6, r9
    4d30:	e59c2000 	ldr	r2, [ip]
    4d34:	e59c3004 	ldr	r3, [ip, #4]
    4d38:	e1a06002 	mov	r6, r2
    4d3c:	e1a09003 	mov	r9, r3
    4d40:	e192c003 	orrs	ip, r2, r3
    4d44:	1a00001a 	bne	0x4db4
    4d48:	e3a01000 	mov	r1, #0
    4d4c:	ea00011f 	b	0x51d0
    4d50:	e594c054 	ldr	ip, [r4, #84]	@ 0x54
    4d54:	e35c0000 	cmp	ip, #0
    4d58:	0a000008 	beq	0x4d80
    4d5c:	e594301c 	ldr	r3, [r4, #28]
    4d60:	e5952030 	ldr	r2, [r5, #48]	@ 0x30
    4d64:	e2933030 	adds	r3, r3, #48	@ 0x30
    4d68:	2a0001d3 	bcs	0x54bc
    4d6c:	e59fc524 	ldr	ip, [pc, #1316]	@ 0x5298
    4d70:	e153000c 	cmp	r3, ip
    4d74:	8a0001d0 	bhi	0x54bc
    4d78:	e792a003 	ldr	sl, [r2, r3]
    4d7c:	ea00002b 	b	0x4e30
    4d80:	e3a07000 	mov	r7, #0
    4d84:	e3a0e020 	mov	lr, #32
    4d88:	e584e08c 	str	lr, [r4, #140]	@ 0x8c
    4d8c:	e3a0e000 	mov	lr, #0
    4d90:	e584e070 	str	lr, [r4, #112]	@ 0x70
    4d94:	e59f0544 	ldr	r0, [pc, #1348]	@ 0x52e0
    4d98:	e1a01004 	mov	r1, r4
    4d9c:	e59d2000 	ldr	r2, [sp]
    4da0:	e59fc53c 	ldr	ip, [pc, #1340]	@ 0x52e4
    4da4:	e12fff3c 	blx	ip
    4da8:	e3500000 	cmp	r0, #0
    4dac:	1a0001c5 	bne	0x54c8
    4db0:	ea000084 	b	0x4fc8
    4db4:	e594301c 	ldr	r3, [r4, #28]
    4db8:	e5952030 	ldr	r2, [r5, #48]	@ 0x30
    4dbc:	e293300c 	adds	r3, r3, #12
    4dc0:	2a0001bd 	bcs	0x54bc
    4dc4:	e59fc4cc 	ldr	ip, [pc, #1228]	@ 0x5298
    4dc8:	e153000c 	cmp	r3, ip
    4dcc:	8a0001ba 	bhi	0x54bc
    4dd0:	e3a0e000 	mov	lr, #0
    4dd4:	e782e003 	str	lr, [r2, r3]
    4dd8:	e594201c 	ldr	r2, [r4, #28]
    4ddc:	e5950030 	ldr	r0, [r5, #48]	@ 0x30
    4de0:	e2922008 	adds	r2, r2, #8
    4de4:	2a0001b4 	bcs	0x54bc
    4de8:	e59fc4a8 	ldr	ip, [pc, #1192]	@ 0x5298
    4dec:	e152000c 	cmp	r2, ip
    4df0:	8a0001b1 	bhi	0x54bc
    4df4:	e7806002 	str	r6, [r0, r2]
    4df8:	e594c01c 	ldr	ip, [r4, #28]
    4dfc:	e28c0008 	add	r0, ip, #8
    4e00:	e594301c 	ldr	r3, [r4, #28]
    4e04:	e5952030 	ldr	r2, [r5, #48]	@ 0x30
    4e08:	e2933030 	adds	r3, r3, #48	@ 0x30
    4e0c:	2a0001aa 	bcs	0x54bc
    4e10:	e59fc480 	ldr	ip, [pc, #1152]	@ 0x5298
    4e14:	e153000c 	cmp	r3, ip
    4e18:	8a0001a7 	bhi	0x54bc
    4e1c:	e7820003 	str	r0, [r2, r3]
    4e20:	e594c01c 	ldr	ip, [r4, #28]
    4e24:	e28ca008 	add	sl, ip, #8
    4e28:	e3e0e000 	mvn	lr, #0
    4e2c:	e584e054 	str	lr, [r4, #84]	@ 0x54
    4e30:	e3a07000 	mov	r7, #0
    4e34:	e1a0300a 	mov	r3, sl
    4e38:	e5952030 	ldr	r2, [r5, #48]	@ 0x30
    4e3c:	e59fc454 	ldr	ip, [pc, #1108]	@ 0x5298
    4e40:	e153000c 	cmp	r3, ip
    4e44:	8a00019c 	bhi	0x54bc
    4e48:	e7920003 	ldr	r0, [r2, r3]
    4e4c:	e1a02000 	mov	r2, r0
    4e50:	e3500000 	cmp	r0, #0
    4e54:	0a000018 	beq	0x4ebc
    4e58:	e594c01c 	ldr	ip, [r4, #28]
    4e5c:	e28c0004 	add	r0, ip, #4
    4e60:	e5840088 	str	r0, [r4, #136]	@ 0x88
    4e64:	e5842040 	str	r2, [r4, #64]	@ 0x40
    4e68:	e59f0478 	ldr	r0, [pc, #1144]	@ 0x52e8
    4e6c:	e1a01004 	mov	r1, r4
    4e70:	e59d2000 	ldr	r2, [sp]
    4e74:	e59fc470 	ldr	ip, [pc, #1136]	@ 0x52ec
    4e78:	e12fff3c 	blx	ip
    4e7c:	e3500000 	cmp	r0, #0
    4e80:	1a000190 	bne	0x54c8
    4e84:	e5940088 	ldr	r0, [r4, #136]	@ 0x88
    4e88:	e1a02000 	mov	r2, r0
    4e8c:	e3500000 	cmp	r0, #0
    4e90:	ba00017e 	blt	0x5490
    4e94:	e594c054 	ldr	ip, [r4, #84]	@ 0x54
    4e98:	e04c0007 	sub	r0, ip, r7
    4e9c:	e1520000 	cmp	r2, r0
    4ea0:	8a000005 	bhi	0x4ebc
    4ea4:	e28aa004 	add	sl, sl, #4
    4ea8:	e0822007 	add	r2, r2, r7
    4eac:	e1a07002 	mov	r7, r2
    4eb0:	e594c054 	ldr	ip, [r4, #84]	@ 0x54
    4eb4:	e152000c 	cmp	r2, ip
    4eb8:	3affffdd 	bcc	0x4e34
    4ebc:	e3a0e03d 	mov	lr, #61	@ 0x3d
    4ec0:	e584e05c 	str	lr, [r4, #92]	@ 0x5c
    4ec4:	e3570000 	cmp	r7, #0
    4ec8:	ba000162 	blt	0x5458
    4ecc:	e3a0e020 	mov	lr, #32
    4ed0:	e584e08c 	str	lr, [r4, #140]	@ 0x8c
    4ed4:	e5847034 	str	r7, [r4, #52]	@ 0x34
    4ed8:	e59f0410 	ldr	r0, [pc, #1040]	@ 0x52f0
    4edc:	e1a01004 	mov	r1, r4
    4ee0:	e59d2000 	ldr	r2, [sp]
    4ee4:	e59fc408 	ldr	ip, [pc, #1032]	@ 0x52f4
    4ee8:	e12fff3c 	blx	ip
    4eec:	e3500000 	cmp	r0, #0
    4ef0:	1a000174 	bne	0x54c8
    4ef4:	e3570000 	cmp	r7, #0
    4ef8:	1a000001 	bne	0x4f04
    4efc:	e3a07000 	mov	r7, #0
    4f00:	ea000030 	b	0x4fc8
    4f04:	e3a06000 	mov	r6, #0
    4f08:	e594201c 	ldr	r2, [r4, #28]
    4f0c:	e5950030 	ldr	r0, [r5, #48]	@ 0x30
    4f10:	e2922030 	adds	r2, r2, #48	@ 0x30
    4f14:	2a000168 	bcs	0x54bc
    4f18:	e59fc378 	ldr	ip, [pc, #888]	@ 0x5298
    4f1c:	e152000c 	cmp	r2, ip
    4f20:	8a000165 	bhi	0x54bc
    4f24:	e7909002 	ldr	r9, [r0, r2]
    4f28:	e1a03009 	mov	r3, r9
    4f2c:	e5952030 	ldr	r2, [r5, #48]	@ 0x30
    4f30:	e59fc360 	ldr	ip, [pc, #864]	@ 0x5298
    4f34:	e153000c 	cmp	r3, ip
    4f38:	8a00015f 	bhi	0x54bc
    4f3c:	e7920003 	ldr	r0, [r2, r3]
    4f40:	e1a02000 	mov	r2, r0
    4f44:	e3500000 	cmp	r0, #0
    4f48:	0a00001e 	beq	0x4fc8
    4f4c:	e594c01c 	ldr	ip, [r4, #28]
    4f50:	e28c0004 	add	r0, ip, #4
    4f54:	e5840088 	str	r0, [r4, #136]	@ 0x88
    4f58:	e5842038 	str	r2, [r4, #56]	@ 0x38
    4f5c:	e59f0394 	ldr	r0, [pc, #916]	@ 0x52f8
    4f60:	e1a01004 	mov	r1, r4
    4f64:	e59d2000 	ldr	r2, [sp]
    4f68:	e59fc38c 	ldr	ip, [pc, #908]	@ 0x52fc
    4f6c:	e12fff3c 	blx	ip
    4f70:	e3500000 	cmp	r0, #0
    4f74:	1a000153 	bne	0x54c8
    4f78:	e5940088 	ldr	r0, [r4, #136]	@ 0x88
    4f7c:	e1a02000 	mov	r2, r0
    4f80:	e0800006 	add	r0, r0, r6
    4f84:	e1a06000 	mov	r6, r0
    4f88:	e1500007 	cmp	r0, r7
    4f8c:	8a00000d 	bhi	0x4fc8
    4f90:	e594c01c 	ldr	ip, [r4, #28]
    4f94:	e28c0004 	add	r0, ip, #4
    4f98:	e584008c 	str	r0, [r4, #140]	@ 0x8c
    4f9c:	e5842038 	str	r2, [r4, #56]	@ 0x38
    4fa0:	e59f0358 	ldr	r0, [pc, #856]	@ 0x5300
    4fa4:	e1a01004 	mov	r1, r4
    4fa8:	e59d2000 	ldr	r2, [sp]
    4fac:	e59fc350 	ldr	ip, [pc, #848]	@ 0x5304
    4fb0:	e12fff3c 	blx	ip
    4fb4:	e3500000 	cmp	r0, #0
    4fb8:	1a000142 	bne	0x54c8
    4fbc:	e2899004 	add	r9, r9, #4
    4fc0:	e1560007 	cmp	r6, r7
    4fc4:	3affffd7 	bcc	0x4f28
    4fc8:	e594c048 	ldr	ip, [r4, #72]	@ 0x48
    4fcc:	e22c0d80 	eor	r0, ip, #128, 26	@ 0x2000
    4fd0:	e3a0e020 	mov	lr, #32
    4fd4:	e584e08c 	str	lr, [r4, #140]	@ 0x8c
    4fd8:	e5847034 	str	r7, [r4, #52]	@ 0x34
    4fdc:	e5840098 	str	r0, [r4, #152]	@ 0x98
    4fe0:	e59f0320 	ldr	r0, [pc, #800]	@ 0x5308
    4fe4:	e1a01004 	mov	r1, r4
    4fe8:	e59d2000 	ldr	r2, [sp]
    4fec:	e59fc318 	ldr	ip, [pc, #792]	@ 0x530c
    4ff0:	e12fff3c 	blx	ip
    4ff4:	e3500000 	cmp	r0, #0
    4ff8:	1a000132 	bne	0x54c8
    4ffc:	e594c050 	ldr	ip, [r4, #80]	@ 0x50
    5000:	e15c0007 	cmp	ip, r7
    5004:	e594e050 	ldr	lr, [r4, #80]	@ 0x50
    5008:	d1a0e007 	movle	lr, r7
    500c:	e584e034 	str	lr, [r4, #52]	@ 0x34
    5010:	eafffaf6 	b	0x3bf0
    5014:	e594c054 	ldr	ip, [r4, #84]	@ 0x54
    5018:	e35c0000 	cmp	ip, #0
    501c:	e3a00000 	mov	r0, #0
    5020:	b3a00001 	movlt	r0, #1
    5024:	e11b0000 	tst	fp, r0
    5028:	1a000108 	bne	0x5450
    502c:	e3a0e03d 	mov	lr, #61	@ 0x3d
    5030:	e584e05c 	str	lr, [r4, #92]	@ 0x5c
    5034:	e594201c 	ldr	r2, [r4, #28]
    5038:	e5950030 	ldr	r0, [r5, #48]	@ 0x30
    503c:	e2922030 	adds	r2, r2, #48	@ 0x30
    5040:	2a00011d 	bcs	0x54bc
    5044:	e59fc258 	ldr	ip, [pc, #600]	@ 0x52a4
    5048:	e152000c 	cmp	r2, ip
    504c:	8a00011a 	bhi	0x54bc
    5050:	e080c002 	add	ip, r0, r2
    5054:	e59ce000 	ldr	lr, [ip]
    5058:	e59cc004 	ldr	ip, [ip, #4]
    505c:	ec4cea10 	vmov	s0, s1, lr, ip
    5060:	ed840b23 	vstr	d0, [r4, #140]	@ 0x8c
    5064:	e5848034 	str	r8, [r4, #52]	@ 0x34
    5068:	e59f02a0 	ldr	r0, [pc, #672]	@ 0x5310
    506c:	e1a01004 	mov	r1, r4
    5070:	e59d2000 	ldr	r2, [sp]
    5074:	e59fc298 	ldr	ip, [pc, #664]	@ 0x5314
    5078:	e12fff3c 	blx	ip
    507c:	e3500000 	cmp	r0, #0
    5080:	1a000110 	bne	0x54c8
    5084:	e5940088 	ldr	r0, [r4, #136]	@ 0x88
    5088:	e5840034 	str	r0, [r4, #52]	@ 0x34
    508c:	e3500000 	cmp	r0, #0
    5090:	aafffad6 	bge	0x3bf0
    5094:	ea0000ef 	b	0x5458
    5098:	e5942034 	ldr	r2, [r4, #52]	@ 0x34
    509c:	e5950030 	ldr	r0, [r5, #48]	@ 0x30
    50a0:	e2922001 	adds	r2, r2, #1
    50a4:	2a000104 	bcs	0x54bc
    50a8:	e3e0c4fe 	mvn	ip, #-33554432	@ 0xfe000000
    50ac:	e3ccc8fe 	bic	ip, ip, #16646144	@ 0xfe0000
    50b0:	e152000c 	cmp	r2, ip
    50b4:	8a000100 	bhi	0x54bc
    50b8:	e7d0e002 	ldrb	lr, [r0, r2]
    50bc:	e584e03c 	str	lr, [r4, #60]	@ 0x3c
    50c0:	e594c034 	ldr	ip, [r4, #52]	@ 0x34
    50c4:	e28ce001 	add	lr, ip, #1
    50c8:	e584e034 	str	lr, [r4, #52]	@ 0x34
    50cc:	eafffadf 	b	0x3c50
    50d0:	e594c000 	ldr	ip, [r4]
    50d4:	e35c0000 	cmp	ip, #0
    50d8:	1a0000ee 	bne	0x5498
    50dc:	e594c02c 	ldr	ip, [r4, #44]	@ 0x2c
    50e0:	e35c0000 	cmp	ip, #0
    50e4:	0a0000d6 	beq	0x5444
    50e8:	e3a06001 	mov	r6, #1
    50ec:	e1a00106 	lsl	r0, r6, #2
    50f0:	e594c010 	ldr	ip, [r4, #16]
    50f4:	e08c0000 	add	r0, ip, r0
    50f8:	e1a03000 	mov	r3, r0
    50fc:	e5952030 	ldr	r2, [r5, #48]	@ 0x30
    5100:	e59fc190 	ldr	ip, [pc, #400]	@ 0x5298
    5104:	e153000c 	cmp	r3, ip
    5108:	8a0000eb 	bhi	0x54bc
    510c:	e7920003 	ldr	r0, [r2, r3]
    5110:	e1a02000 	mov	r2, r0
    5114:	e3500000 	cmp	r0, #0
    5118:	0a000012 	beq	0x5168
    511c:	e1a00186 	lsl	r0, r6, #3
    5120:	e594c00c 	ldr	ip, [r4, #12]
    5124:	e08c0000 	add	r0, ip, r0
    5128:	e5840088 	str	r0, [r4, #136]	@ 0x88
    512c:	e584203c 	str	r2, [r4, #60]	@ 0x3c
    5130:	e59f01e0 	ldr	r0, [pc, #480]	@ 0x5318
    5134:	e1a01004 	mov	r1, r4
    5138:	e59d2000 	ldr	r2, [sp]
    513c:	e59fc1d8 	ldr	ip, [pc, #472]	@ 0x531c
    5140:	e12fff3c 	blx	ip
    5144:	e3500000 	cmp	r0, #0
    5148:	1a0000de 	bne	0x54c8
    514c:	e3a0e001 	mov	lr, #1
    5150:	e584e030 	str	lr, [r4, #48]	@ 0x30
    5154:	e2860001 	add	r0, r6, #1
    5158:	e1a06000 	mov	r6, r0
    515c:	e350000a 	cmp	r0, #10
    5160:	1affffe1 	bne	0x50ec
    5164:	ea0000cb 	b	0x5498
    5168:	e356000a 	cmp	r6, #10
    516c:	3a000002 	bcc	0x517c
    5170:	e3a0e001 	mov	lr, #1
    5174:	e584e030 	str	lr, [r4, #48]	@ 0x30
    5178:	ea0000c6 	b	0x5498
    517c:	e1a00106 	lsl	r0, r6, #2
    5180:	e594c010 	ldr	ip, [r4, #16]
    5184:	e08c0000 	add	r0, ip, r0
    5188:	e1a03000 	mov	r3, r0
    518c:	e5952030 	ldr	r2, [r5, #48]	@ 0x30
    5190:	e59fc100 	ldr	ip, [pc, #256]	@ 0x5298
    5194:	e153000c 	cmp	r3, ip
    5198:	8a0000c7 	bhi	0x54bc
    519c:	e7920003 	ldr	r0, [r2, r3]
    51a0:	e3500000 	cmp	r0, #0
    51a4:	1a000006 	bne	0x51c4
    51a8:	e3a0e001 	mov	lr, #1
    51ac:	e584e030 	str	lr, [r4, #48]	@ 0x30
    51b0:	e2860001 	add	r0, r6, #1
    51b4:	e1a06000 	mov	r6, r0
    51b8:	e350000a 	cmp	r0, #10
    51bc:	0a0000b5 	beq	0x5498
    51c0:	eaffffed 	b	0x517c
    51c4:	e3a0e01c 	mov	lr, #28
    51c8:	e584e05c 	str	lr, [r4, #92]	@ 0x5c
    51cc:	ea0000a1 	b	0x5458
    51d0:	e594201c 	ldr	r2, [r4, #28]
    51d4:	e5950030 	ldr	r0, [r5, #48]	@ 0x30
    51d8:	e2922027 	adds	r2, r2, #39	@ 0x27
    51dc:	2a0000b6 	bcs	0x54bc
    51e0:	e3e0c4fe 	mvn	ip, #-33554432	@ 0xfe000000
    51e4:	e3ccc8fe 	bic	ip, ip, #16646144	@ 0xfe0000
    51e8:	e152000c 	cmp	r2, ip
    51ec:	8a0000b2 	bhi	0x54bc
    51f0:	e7c01002 	strb	r1, [r0, r2]
    51f4:	e3a0e001 	mov	lr, #1
    51f8:	e584e054 	str	lr, [r4, #84]	@ 0x54
    51fc:	e594e024 	ldr	lr, [r4, #36]	@ 0x24
    5200:	e584e038 	str	lr, [r4, #56]	@ 0x38
    5204:	e594e028 	ldr	lr, [r4, #40]	@ 0x28
    5208:	e584e05c 	str	lr, [r4, #92]	@ 0x5c
    520c:	e594e060 	ldr	lr, [r4, #96]	@ 0x60
    5210:	e584e048 	str	lr, [r4, #72]	@ 0x48
    5214:	ea000001 	b	0x5220
    5218:	e594e028 	ldr	lr, [r4, #40]	@ 0x28
    521c:	e584e05c 	str	lr, [r4, #92]	@ 0x5c
    5220:	e594e038 	ldr	lr, [r4, #56]	@ 0x38
    5224:	e594c05c 	ldr	ip, [r4, #92]	@ 0x5c
    5228:	e04c000e 	sub	r0, ip, lr
    522c:	e1a06000 	mov	r6, r0
    5230:	e594c054 	ldr	ip, [r4, #84]	@ 0x54
    5234:	e15c0006 	cmp	ip, r6
    5238:	e594c054 	ldr	ip, [r4, #84]	@ 0x54
    523c:	c1a0000c 	movgt	r0, ip
    5240:	e1a07000 	mov	r7, r0
    5244:	e594c044 	ldr	ip, [r4, #68]	@ 0x44
    5248:	e3e0e480 	mvn	lr, #128, 8	@ 0x80000000
    524c:	e02c100e 	eor	r1, ip, lr
    5250:	e1500001 	cmp	r0, r1
    5254:	ca00007d 	bgt	0x5450
    5258:	e3a0e03d 	mov	lr, #61	@ 0x3d
    525c:	e584e05c 	str	lr, [r4, #92]	@ 0x5c
    5260:	e594c044 	ldr	ip, [r4, #68]	@ 0x44
    5264:	e08c0007 	add	r0, ip, r7
    5268:	e1a08000 	mov	r8, r0
    526c:	e594c050 	ldr	ip, [r4, #80]	@ 0x50
    5270:	e15c0008 	cmp	ip, r8
    5274:	e594c050 	ldr	ip, [r4, #80]	@ 0x50
    5278:	c1a0000c 	movgt	r0, ip
    527c:	e5840034 	str	r0, [r4, #52]	@ 0x34
    5280:	e594c03c 	ldr	ip, [r4, #60]	@ 0x3c
    5284:	e150000c 	cmp	r0, ip
    5288:	8a000072 	bhi	0x5458
    528c:	e3a0e020 	mov	lr, #32
    5290:	ea000022 	b	0x5320
    5294:	00000000 	andeq	r0, r0, r0
    5298:	0101fffc 	strdeq	pc, [r1, -ip]
    529c:	00403bb0 	strheq	r3, [r0], #-176	@ 0xffffff50
    52a0:	000487b4 			@ <UNDEFINED> instruction: 0x000487b4
    52a4:	0101fff8 	strdeq	pc, [r1, -r8]
    52a8:	00403df4 	strdeq	r3, [r0], #-212	@ 0xffffff2c
    52ac:	000487b4 			@ <UNDEFINED> instruction: 0x000487b4
    52b0:	4085be64 	addmi	fp, r5, r4, ror #28
    52b4:	4085beec 	addmi	fp, r5, ip, ror #29
    52b8:	4085bf0c 	addmi	fp, r5, ip, lsl #30
    52bc:	0101fffe 	strdeq	pc, [r1, -lr]
    52c0:	00404268 	subeq	r4, r0, r8, ror #4
    52c4:	000487b4 			@ <UNDEFINED> instruction: 0x000487b4
    52c8:	0040432c 	subeq	r4, r0, ip, lsr #6
    52cc:	000487b4 			@ <UNDEFINED> instruction: 0x000487b4
    52d0:	004044bc 	strheq	r4, [r0], #-76	@ 0xffffffb4
    52d4:	000487b4 			@ <UNDEFINED> instruction: 0x000487b4
    52d8:	00404624 	subeq	r4, r0, r4, lsr #12
    52dc:	000487b4 			@ <UNDEFINED> instruction: 0x000487b4
    52e0:	00404724 	subeq	r4, r0, r4, lsr #14
    52e4:	000487b4 			@ <UNDEFINED> instruction: 0x000487b4
    52e8:	004047e0 	subeq	r4, r0, r0, ror #15
    52ec:	000487b4 			@ <UNDEFINED> instruction: 0x000487b4
    52f0:	004048ac 	subeq	r4, r0, ip, lsr #17
    52f4:	000487b4 			@ <UNDEFINED> instruction: 0x000487b4
    52f8:	00404928 	subeq	r4, r0, r8, lsr #18
    52fc:	000487b4 			@ <UNDEFINED> instruction: 0x000487b4
    5300:	00404988 	subeq	r4, r0, r8, lsl #19
    5304:	000487b4 			@ <UNDEFINED> instruction: 0x000487b4
    5308:	004049f0 	strdeq	r4, [r0], #-144	@ 0xffffff70
    530c:	000487b4 			@ <UNDEFINED> instruction: 0x000487b4
    5310:	00404a68 	subeq	r4, r0, r8, ror #20
    5314:	00048af0 	strdeq	r8, [r4], -r0
    5318:	00404b68 	subeq	r4, r0, r8, ror #22
    531c:	000487b4 			@ <UNDEFINED> instruction: 0x000487b4
    5320:	e584e08c 	str	lr, [r4, #140]	@ 0x8c
    5324:	e5848040 	str	r8, [r4, #64]	@ 0x40
    5328:	e59f0fe8 	ldr	r0, [pc, #4072]	@ 0x6318
    532c:	e1a01004 	mov	r1, r4
    5330:	e59d2000 	ldr	r2, [sp]
    5334:	e59fcfe0 	ldr	ip, [pc, #4064]	@ 0x631c
    5338:	e12fff3c 	blx	ip
    533c:	e3500000 	cmp	r0, #0
    5340:	1a000060 	bne	0x54c8
    5344:	e59f0fd4 	ldr	r0, [pc, #4052]	@ 0x6320
    5348:	e1a01004 	mov	r1, r4
    534c:	e59d2000 	ldr	r2, [sp]
    5350:	e59fcfcc 	ldr	ip, [pc, #4044]	@ 0x6324
    5354:	e12fff3c 	blx	ip
    5358:	e3500000 	cmp	r0, #0
    535c:	1a000059 	bne	0x54c8
    5360:	e594c048 	ldr	ip, [r4, #72]	@ 0x48
    5364:	e22c0b40 	eor	r0, ip, #64, 22	@ 0x10000
    5368:	e3a0e030 	mov	lr, #48	@ 0x30
    536c:	e584e08c 	str	lr, [r4, #140]	@ 0x8c
    5370:	e5848040 	str	r8, [r4, #64]	@ 0x40
    5374:	e5840098 	str	r0, [r4, #152]	@ 0x98
    5378:	e59f0fa8 	ldr	r0, [pc, #4008]	@ 0x6328
    537c:	e1a01004 	mov	r1, r4
    5380:	e59d2000 	ldr	r2, [sp]
    5384:	e59fcfa0 	ldr	ip, [pc, #4000]	@ 0x632c
    5388:	e12fff3c 	blx	ip
    538c:	e3500000 	cmp	r0, #0
    5390:	1a00004c 	bne	0x54c8
    5394:	e3a0e030 	mov	lr, #48	@ 0x30
    5398:	e584e08c 	str	lr, [r4, #140]	@ 0x8c
    539c:	e584704c 	str	r7, [r4, #76]	@ 0x4c
    53a0:	e5846004 	str	r6, [r4, #4]
    53a4:	e3a0e000 	mov	lr, #0
    53a8:	e584e070 	str	lr, [r4, #112]	@ 0x70
    53ac:	e59f0f7c 	ldr	r0, [pc, #3964]	@ 0x6330
    53b0:	e1a01004 	mov	r1, r4
    53b4:	e59d2000 	ldr	r2, [sp]
    53b8:	e59fcf74 	ldr	ip, [pc, #3956]	@ 0x6334
    53bc:	e12fff3c 	blx	ip
    53c0:	e3500000 	cmp	r0, #0
    53c4:	1a00003f 	bne	0x54c8
    53c8:	e5846004 	str	r6, [r4, #4]
    53cc:	e59f0f64 	ldr	r0, [pc, #3940]	@ 0x6338
    53d0:	e1a01004 	mov	r1, r4
    53d4:	e59d2000 	ldr	r2, [sp]
    53d8:	e59fcf5c 	ldr	ip, [pc, #3932]	@ 0x633c
    53dc:	e12fff3c 	blx	ip
    53e0:	e3500000 	cmp	r0, #0
    53e4:	1a000037 	bne	0x54c8
    53e8:	e594c048 	ldr	ip, [r4, #72]	@ 0x48
    53ec:	e22c0d80 	eor	r0, ip, #128, 26	@ 0x2000
    53f0:	e3a0e020 	mov	lr, #32
    53f4:	e584e08c 	str	lr, [r4, #140]	@ 0x8c
    53f8:	e5848040 	str	r8, [r4, #64]	@ 0x40
    53fc:	e5840098 	str	r0, [r4, #152]	@ 0x98
    5400:	e59f0f38 	ldr	r0, [pc, #3896]	@ 0x6340
    5404:	e1a01004 	mov	r1, r4
    5408:	e59d2000 	ldr	r2, [sp]
    540c:	e59fcf30 	ldr	ip, [pc, #3888]	@ 0x6344
    5410:	e12fff3c 	blx	ip
    5414:	e3500000 	cmp	r0, #0
    5418:	1a00002a 	bne	0x54c8
    541c:	e594101c 	ldr	r1, [r4, #28]
    5420:	e5950030 	ldr	r0, [r5, #48]	@ 0x30
    5424:	e291103c 	adds	r1, r1, #60	@ 0x3c
    5428:	2a000023 	bcs	0x54bc
    542c:	e59fcf14 	ldr	ip, [pc, #3860]	@ 0x6348
    5430:	e151000c 	cmp	r1, ip
    5434:	8a000020 	bhi	0x54bc
    5438:	e790e001 	ldr	lr, [r0, r1]
    543c:	e584e004 	str	lr, [r4, #4]
    5440:	eafff9ea 	b	0x3bf0
    5444:	e3a0e000 	mov	lr, #0
    5448:	e584e030 	str	lr, [r4, #48]	@ 0x30
    544c:	ea000011 	b	0x5498
    5450:	e3a0e03d 	mov	lr, #61	@ 0x3d
    5454:	e584e05c 	str	lr, [r4, #92]	@ 0x5c
    5458:	e59f0eec 	ldr	r0, [pc, #3820]	@ 0x634c
    545c:	e1a01004 	mov	r1, r4
    5460:	e59d2000 	ldr	r2, [sp]
    5464:	e59fcee4 	ldr	ip, [pc, #3812]	@ 0x6350
    5468:	e12fff3c 	blx	ip
    546c:	e3500000 	cmp	r0, #0
    5470:	1a000014 	bne	0x54c8
    5474:	e5940088 	ldr	r0, [r4, #136]	@ 0x88
    5478:	e5951030 	ldr	r1, [r5, #48]	@ 0x30
    547c:	e594205c 	ldr	r2, [r4, #92]	@ 0x5c
    5480:	e59fcec0 	ldr	ip, [pc, #3776]	@ 0x6348
    5484:	e150000c 	cmp	r0, ip
    5488:	8a00000b 	bhi	0x54bc
    548c:	e7812000 	str	r2, [r1, r0]
    5490:	e3e0e000 	mvn	lr, #0
    5494:	e584e030 	str	lr, [r4, #48]	@ 0x30
    5498:	e594c01c 	ldr	ip, [r4, #28]
    549c:	e28c0040 	add	r0, ip, #64	@ 0x40
    54a0:	e595103c 	ldr	r1, [r5, #60]	@ 0x3c
    54a4:	e5810008 	str	r0, [r1, #8]
    54a8:	e59f0ea4 	ldr	r0, [pc, #3748]	@ 0x6354
    54ac:	e30ccabc 	movw	ip, #51900	@ 0xcabc
    54b0:	e34ccdef 	movt	ip, #52719	@ 0xcdef
    54b4:	e28dd004 	add	sp, sp, #4
    54b8:	e8bd8fc0 	pop	{r6, r7, r8, r9, sl, fp, pc}
    54bc:	e3a00008 	mov	r0, #8
    54c0:	e59d1000 	ldr	r1, [sp]
    54c4:	e5810010 	str	r0, [r1, #16]
    54c8:	e59d0000 	ldr	r0, [sp]
    54cc:	e59d101c 	ldr	r1, [sp, #28]
    54d0:	e59fce80 	ldr	ip, [pc, #3712]	@ 0x6358
    54d4:	e12fff3c 	blx	ip
    54d8:	e28dd004 	add	sp, sp, #4
    54dc:	e8bd0fc0 	pop	{r6, r7, r8, r9, sl, fp}
    54e0:	e28dd004 	add	sp, sp, #4
    54e4:	e12fff10 	bx	r0
    54e8:	e92d40c0 	push	{r6, r7, lr}
    54ec:	e24dd004 	sub	sp, sp, #4
    54f0:	e58d0000 	str	r0, [sp]
    54f4:	e30cc123 	movw	ip, #49443	@ 0xc123
    54f8:	e34cc456 	movt	ip, #50262	@ 0xc456
    54fc:	e5940000 	ldr	r0, [r4]
    5500:	e5941004 	ldr	r1, [r4, #4]
    5504:	e5942008 	ldr	r2, [r4, #8]
    5508:	e1a07000 	mov	r7, r0
    550c:	e5956030 	ldr	r6, [r5, #48]	@ 0x30
    5510:	e3e0c4fe 	mvn	ip, #-33554432	@ 0xfe000000
    5514:	e3ccc8fe 	bic	ip, ip, #16646144	@ 0xfe0000
    5518:	e157000c 	cmp	r7, ip
    551c:	8a000012 	bhi	0x556c
    5520:	e7d63007 	ldrb	r3, [r6, r7]
    5524:	e3130020 	tst	r3, #32
    5528:	1a00000a 	bne	0x5558
    552c:	e5841004 	str	r1, [r4, #4]
    5530:	e5842008 	str	r2, [r4, #8]
    5534:	e5840000 	str	r0, [r4]
    5538:	e3a00840 	mov	r0, #64, 16	@ 0x400000
    553c:	e3800e4c 	orr	r0, r0, #76, 28	@ 0x4c0
    5540:	e1a01004 	mov	r1, r4
    5544:	e59d2000 	ldr	r2, [sp]
    5548:	e59fce0c 	ldr	ip, [pc, #3596]	@ 0x635c
    554c:	e12fff3c 	blx	ip
    5550:	e3500000 	cmp	r0, #0
    5554:	1a000007 	bne	0x5578
    5558:	e59f0e00 	ldr	r0, [pc, #3584]	@ 0x6360
    555c:	e30ccabc 	movw	ip, #51900	@ 0xcabc
    5560:	e34ccdef 	movt	ip, #52719	@ 0xcdef
    5564:	e28dd004 	add	sp, sp, #4
    5568:	e8bd80c0 	pop	{r6, r7, pc}
    556c:	e3a00008 	mov	r0, #8
    5570:	e59d1000 	ldr	r1, [sp]
    5574:	e5810010 	str	r0, [r1, #16]
    5578:	e59d0000 	ldr	r0, [sp]
    557c:	e59d100c 	ldr	r1, [sp, #12]
    5580:	e59fcddc 	ldr	ip, [pc, #3548]	@ 0x6364
    5584:	e12fff3c 	blx	ip
    5588:	e28dd004 	add	sp, sp, #4
    558c:	e8bd00c0 	pop	{r6, r7}
    5590:	e28dd004 	add	sp, sp, #4
    5594:	e12fff10 	bx	r0
    5598:	e92d47c0 	push	{r6, r7, r8, r9, sl, lr}
    559c:	e24dd008 	sub	sp, sp, #8
    55a0:	e58d0000 	str	r0, [sp]
    55a4:	e30cc123 	movw	ip, #49443	@ 0xc123
    55a8:	e34cc456 	movt	ip, #50262	@ 0xc456
    55ac:	e5940000 	ldr	r0, [r4]
    55b0:	e3a01000 	mov	r1, #0
    55b4:	e1a06000 	mov	r6, r0
    55b8:	e5953030 	ldr	r3, [r5, #48]	@ 0x30
    55bc:	e59fcd84 	ldr	ip, [pc, #3460]	@ 0x6348
    55c0:	e156000c 	cmp	r6, ip
    55c4:	8a00003b 	bhi	0x56b8
    55c8:	e7932006 	ldr	r2, [r3, r6]
    55cc:	e1a03002 	mov	r3, r2
    55d0:	e1a07002 	mov	r7, r2
    55d4:	e5956030 	ldr	r6, [r5, #48]	@ 0x30
    55d8:	e3e0c4fe 	mvn	ip, #-33554432	@ 0xfe000000
    55dc:	e3ccc8fe 	bic	ip, ip, #16646144	@ 0xfe0000
    55e0:	e157000c 	cmp	r7, ip
    55e4:	8a000033 	bhi	0x56b8
    55e8:	e19620d7 	ldrsb	r2, [r6, r7]
    55ec:	e2422030 	sub	r2, r2, #48	@ 0x30
    55f0:	e1a06002 	mov	r6, r2
    55f4:	e3520009 	cmp	r2, #9
    55f8:	9a000004 	bls	0x5610
    55fc:	e3a0e000 	mov	lr, #0
    5600:	e584e018 	str	lr, [r4, #24]
    5604:	e3a009ff 	mov	r0, #4177920	@ 0x3fc000
    5608:	e3800d7a 	orr	r0, r0, #7808	@ 0x1e80
    560c:	ea000027 	b	0x56b0
    5610:	e3e02000 	mvn	r2, #0
    5614:	e59fcd4c 	ldr	ip, [pc, #3404]	@ 0x6368
    5618:	e151000c 	cmp	r1, ip
    561c:	8a000008 	bhi	0x5644
    5620:	e3a0c00a 	mov	ip, #10
    5624:	e0070c91 	mul	r7, r1, ip
    5628:	e1a08007 	mov	r8, r7
    562c:	e0867007 	add	r7, r6, r7
    5630:	e3e0c480 	mvn	ip, #128, 8	@ 0x80000000
    5634:	e028800c 	eor	r8, r8, ip
    5638:	e1560008 	cmp	r6, r8
    563c:	e3e02000 	mvn	r2, #0
    5640:	91a02007 	movls	r2, r7
    5644:	e2837001 	add	r7, r3, #1
    5648:	e1a08007 	mov	r8, r7
    564c:	e1a0a000 	mov	sl, r0
    5650:	e5959030 	ldr	r9, [r5, #48]	@ 0x30
    5654:	e59fccec 	ldr	ip, [pc, #3308]	@ 0x6348
    5658:	e15a000c 	cmp	sl, ip
    565c:	8a000015 	bhi	0x56b8
    5660:	e789700a 	str	r7, [r9, sl]
    5664:	e1a0a003 	mov	sl, r3
    5668:	e5959030 	ldr	r9, [r5, #48]	@ 0x30
    566c:	e29aa001 	adds	sl, sl, #1
    5670:	2a000010 	bcs	0x56b8
    5674:	e3e0c4fe 	mvn	ip, #-33554432	@ 0xfe000000
    5678:	e3ccc8fe 	bic	ip, ip, #16646144	@ 0xfe0000
    567c:	e15a000c 	cmp	sl, ip
    5680:	8a00000c 	bhi	0x56b8
    5684:	e19970da 	ldrsb	r7, [r9, sl]
    5688:	e1a01002 	mov	r1, r2
    568c:	e1a03008 	mov	r3, r8
    5690:	e2477030 	sub	r7, r7, #48	@ 0x30
    5694:	e1a06007 	mov	r6, r7
    5698:	e357000a 	cmp	r7, #10
    569c:	3affffdb 	bcc	0x5610
    56a0:	e5842010 	str	r2, [r4, #16]
    56a4:	e59f0cc0 	ldr	r0, [pc, #3264]	@ 0x636c
    56a8:	e30ccabc 	movw	ip, #51900	@ 0xcabc
    56ac:	e34ccdef 	movt	ip, #52719	@ 0xcdef
    56b0:	e28dd008 	add	sp, sp, #8
    56b4:	e8bd87c0 	pop	{r6, r7, r8, r9, sl, pc}
    56b8:	e3a00008 	mov	r0, #8
    56bc:	e59d1000 	ldr	r1, [sp]
    56c0:	e5810010 	str	r0, [r1, #16]
    56c4:	e59d0000 	ldr	r0, [sp]
    56c8:	e59d101c 	ldr	r1, [sp, #28]
    56cc:	e59fcc9c 	ldr	ip, [pc, #3228]	@ 0x6370
    56d0:	e12fff3c 	blx	ip
    56d4:	e28dd008 	add	sp, sp, #8
    56d8:	e8bd07c0 	pop	{r6, r7, r8, r9, sl}
    56dc:	e28dd004 	add	sp, sp, #4
    56e0:	e12fff10 	bx	r0
    56e4:	e92d41c0 	push	{r6, r7, r8, lr}
    56e8:	e24dd008 	sub	sp, sp, #8
    56ec:	e58d0000 	str	r0, [sp]
    56f0:	e30cc123 	movw	ip, #49443	@ 0xc123
    56f4:	e34cc456 	movt	ip, #50262	@ 0xc456
    56f8:	e5940000 	ldr	r0, [r4]
    56fc:	e5941004 	ldr	r1, [r4, #4]
    5700:	e5942008 	ldr	r2, [r4, #8]
    5704:	e594300c 	ldr	r3, [r4, #12]
    5708:	e2411009 	sub	r1, r1, #9
    570c:	e1a0e001 	mov	lr, r1
    5710:	e35e0012 	cmp	lr, #18
    5714:	23a0e012 	movcs	lr, #18
    5718:	e1a0e10e 	lsl	lr, lr, #2
    571c:	e59fcc50 	ldr	ip, [pc, #3152]	@ 0x6374
    5720:	e08ee00c 	add	lr, lr, ip
    5724:	e59ec000 	ldr	ip, [lr]
    5728:	e12fff1c 	bx	ip
    572c:	e1a07002 	mov	r7, r2
    5730:	e5956030 	ldr	r6, [r5, #48]	@ 0x30
    5734:	e59fcc0c 	ldr	ip, [pc, #3084]	@ 0x6348
    5738:	e157000c 	cmp	r7, ip
    573c:	8a000217 	bhi	0x5fa0
    5740:	e7961007 	ldr	r1, [r6, r7]
    5744:	e1a06001 	mov	r6, r1
    5748:	e2811004 	add	r1, r1, #4
    574c:	e1a08002 	mov	r8, r2
    5750:	e5957030 	ldr	r7, [r5, #48]	@ 0x30
    5754:	e59fcbec 	ldr	ip, [pc, #3052]	@ 0x6348
    5758:	e158000c 	cmp	r8, ip
    575c:	8a00020f 	bhi	0x5fa0
    5760:	e7871008 	str	r1, [r7, r8]
    5764:	e1a07006 	mov	r7, r6
    5768:	e5951030 	ldr	r1, [r5, #48]	@ 0x30
    576c:	e59fcbd4 	ldr	ip, [pc, #3028]	@ 0x6348
    5770:	e157000c 	cmp	r7, ip
    5774:	8a000209 	bhi	0x5fa0
    5778:	e7916007 	ldr	r6, [r1, r7]
    577c:	e1a07000 	mov	r7, r0
    5780:	e5951030 	ldr	r1, [r5, #48]	@ 0x30
    5784:	e59fcbbc 	ldr	ip, [pc, #3004]	@ 0x6348
    5788:	e157000c 	cmp	r7, ip
    578c:	8a000203 	bhi	0x5fa0
    5790:	e7816007 	str	r6, [r1, r7]
    5794:	e59f0bdc 	ldr	r0, [pc, #3036]	@ 0x6378
    5798:	ea0001fe 	b	0x5f98
    579c:	e1a07002 	mov	r7, r2
    57a0:	e5956030 	ldr	r6, [r5, #48]	@ 0x30
    57a4:	e59fcb9c 	ldr	ip, [pc, #2972]	@ 0x6348
    57a8:	e157000c 	cmp	r7, ip
    57ac:	8a0001fb 	bhi	0x5fa0
    57b0:	e7961007 	ldr	r1, [r6, r7]
    57b4:	e1a06001 	mov	r6, r1
    57b8:	e2811004 	add	r1, r1, #4
    57bc:	e1a08002 	mov	r8, r2
    57c0:	e5957030 	ldr	r7, [r5, #48]	@ 0x30
    57c4:	e59fcb7c 	ldr	ip, [pc, #2940]	@ 0x6348
    57c8:	e158000c 	cmp	r8, ip
    57cc:	8a0001f3 	bhi	0x5fa0
    57d0:	e7871008 	str	r1, [r7, r8]
    57d4:	e5958030 	ldr	r8, [r5, #48]	@ 0x30
    57d8:	e59fcb68 	ldr	ip, [pc, #2920]	@ 0x6348
    57dc:	e156000c 	cmp	r6, ip
    57e0:	8a0001ee 	bhi	0x5fa0
    57e4:	e7981006 	ldr	r1, [r8, r6]
    57e8:	e1a07fc1 	asr	r7, r1, #31
    57ec:	e1a08000 	mov	r8, r0
    57f0:	e5956030 	ldr	r6, [r5, #48]	@ 0x30
    57f4:	e59fcb80 	ldr	ip, [pc, #2944]	@ 0x637c
    57f8:	e158000c 	cmp	r8, ip
    57fc:	8a0001e7 	bhi	0x5fa0
    5800:	e086c008 	add	ip, r6, r8
    5804:	e58c1000 	str	r1, [ip]
    5808:	e58c7004 	str	r7, [ip, #4]
    580c:	e59f0b6c 	ldr	r0, [pc, #2924]	@ 0x6380
    5810:	ea0001e0 	b	0x5f98
    5814:	e1a07002 	mov	r7, r2
    5818:	e5956030 	ldr	r6, [r5, #48]	@ 0x30
    581c:	e59fcb24 	ldr	ip, [pc, #2852]	@ 0x6348
    5820:	e157000c 	cmp	r7, ip
    5824:	8a0001dd 	bhi	0x5fa0
    5828:	e7961007 	ldr	r1, [r6, r7]
    582c:	e1a06001 	mov	r6, r1
    5830:	e2811004 	add	r1, r1, #4
    5834:	e1a08002 	mov	r8, r2
    5838:	e5957030 	ldr	r7, [r5, #48]	@ 0x30
    583c:	e59fcb04 	ldr	ip, [pc, #2820]	@ 0x6348
    5840:	e158000c 	cmp	r8, ip
    5844:	8a0001d5 	bhi	0x5fa0
    5848:	e7871008 	str	r1, [r7, r8]
    584c:	e5958030 	ldr	r8, [r5, #48]	@ 0x30
    5850:	e59fcaf0 	ldr	ip, [pc, #2800]	@ 0x6348
    5854:	e156000c 	cmp	r6, ip
    5858:	8a0001d0 	bhi	0x5fa0
    585c:	e7981006 	ldr	r1, [r8, r6]
    5860:	e3a07000 	mov	r7, #0
    5864:	e1a08000 	mov	r8, r0
    5868:	e5956030 	ldr	r6, [r5, #48]	@ 0x30
    586c:	e59fcb08 	ldr	ip, [pc, #2824]	@ 0x637c
    5870:	e158000c 	cmp	r8, ip
    5874:	8a0001c9 	bhi	0x5fa0
    5878:	e086c008 	add	ip, r6, r8
    587c:	e58c1000 	str	r1, [ip]
    5880:	e58c7004 	str	r7, [ip, #4]
    5884:	e59f0af8 	ldr	r0, [pc, #2808]	@ 0x6384
    5888:	ea0001c2 	b	0x5f98
    588c:	e1a07002 	mov	r7, r2
    5890:	e5956030 	ldr	r6, [r5, #48]	@ 0x30
    5894:	e59fcaac 	ldr	ip, [pc, #2732]	@ 0x6348
    5898:	e157000c 	cmp	r7, ip
    589c:	8a0001bf 	bhi	0x5fa0
    58a0:	e7961007 	ldr	r1, [r6, r7]
    58a4:	e1a06001 	mov	r6, r1
    58a8:	e2811004 	add	r1, r1, #4
    58ac:	e1a08002 	mov	r8, r2
    58b0:	e5957030 	ldr	r7, [r5, #48]	@ 0x30
    58b4:	e59fca8c 	ldr	ip, [pc, #2700]	@ 0x6348
    58b8:	e158000c 	cmp	r8, ip
    58bc:	8a0001b7 	bhi	0x5fa0
    58c0:	e7871008 	str	r1, [r7, r8]
    58c4:	e5958030 	ldr	r8, [r5, #48]	@ 0x30
    58c8:	e59fca78 	ldr	ip, [pc, #2680]	@ 0x6348
    58cc:	e156000c 	cmp	r6, ip
    58d0:	8a0001b2 	bhi	0x5fa0
    58d4:	e7981006 	ldr	r1, [r8, r6]
    58d8:	e1a07fc1 	asr	r7, r1, #31
    58dc:	e1a08000 	mov	r8, r0
    58e0:	e5956030 	ldr	r6, [r5, #48]	@ 0x30
    58e4:	e59fca90 	ldr	ip, [pc, #2704]	@ 0x637c
    58e8:	e158000c 	cmp	r8, ip
    58ec:	8a0001ab 	bhi	0x5fa0
    58f0:	e086c008 	add	ip, r6, r8
    58f4:	e58c1000 	str	r1, [ip]
    58f8:	e58c7004 	str	r7, [ip, #4]
    58fc:	e59f0a84 	ldr	r0, [pc, #2692]	@ 0x6388
    5900:	ea0001a4 	b	0x5f98
    5904:	e1a07002 	mov	r7, r2
    5908:	e5956030 	ldr	r6, [r5, #48]	@ 0x30
    590c:	e59fca34 	ldr	ip, [pc, #2612]	@ 0x6348
    5910:	e157000c 	cmp	r7, ip
    5914:	8a0001a1 	bhi	0x5fa0
    5918:	e7961007 	ldr	r1, [r6, r7]
    591c:	e1a06001 	mov	r6, r1
    5920:	e2811004 	add	r1, r1, #4
    5924:	e1a08002 	mov	r8, r2
    5928:	e5957030 	ldr	r7, [r5, #48]	@ 0x30
    592c:	e59fca14 	ldr	ip, [pc, #2580]	@ 0x6348
    5930:	e158000c 	cmp	r8, ip
    5934:	8a000199 	bhi	0x5fa0
    5938:	e7871008 	str	r1, [r7, r8]
    593c:	e5958030 	ldr	r8, [r5, #48]	@ 0x30
    5940:	e59fca00 	ldr	ip, [pc, #2560]	@ 0x6348
    5944:	e156000c 	cmp	r6, ip
    5948:	8a000194 	bhi	0x5fa0
    594c:	e7981006 	ldr	r1, [r8, r6]
    5950:	e3a07000 	mov	r7, #0
    5954:	e1a08000 	mov	r8, r0
    5958:	e5956030 	ldr	r6, [r5, #48]	@ 0x30
    595c:	e59fca18 	ldr	ip, [pc, #2584]	@ 0x637c
    5960:	e158000c 	cmp	r8, ip
    5964:	8a00018d 	bhi	0x5fa0
    5968:	e086c008 	add	ip, r6, r8
    596c:	e58c1000 	str	r1, [ip]
    5970:	e58c7004 	str	r7, [ip, #4]
    5974:	e59f0a10 	ldr	r0, [pc, #2576]	@ 0x638c
    5978:	ea000186 	b	0x5f98
    597c:	e1a07002 	mov	r7, r2
    5980:	e5956030 	ldr	r6, [r5, #48]	@ 0x30
    5984:	e59fc9bc 	ldr	ip, [pc, #2492]	@ 0x6348
    5988:	e157000c 	cmp	r7, ip
    598c:	8a000183 	bhi	0x5fa0
    5990:	e7961007 	ldr	r1, [r6, r7]
    5994:	e2811007 	add	r1, r1, #7
    5998:	e3c11007 	bic	r1, r1, #7
    599c:	e1a06001 	mov	r6, r1
    59a0:	e2811008 	add	r1, r1, #8
    59a4:	e1a08002 	mov	r8, r2
    59a8:	e5957030 	ldr	r7, [r5, #48]	@ 0x30
    59ac:	e59fc994 	ldr	ip, [pc, #2452]	@ 0x6348
    59b0:	e158000c 	cmp	r8, ip
    59b4:	8a000179 	bhi	0x5fa0
    59b8:	e7871008 	str	r1, [r7, r8]
    59bc:	e5958030 	ldr	r8, [r5, #48]	@ 0x30
    59c0:	e59fc9b4 	ldr	ip, [pc, #2484]	@ 0x637c
    59c4:	e156000c 	cmp	r6, ip
    59c8:	8a000174 	bhi	0x5fa0
    59cc:	e088c006 	add	ip, r8, r6
    59d0:	e59c1000 	ldr	r1, [ip]
    59d4:	e59c7004 	ldr	r7, [ip, #4]
    59d8:	e1a08000 	mov	r8, r0
    59dc:	e5956030 	ldr	r6, [r5, #48]	@ 0x30
    59e0:	e59fc994 	ldr	ip, [pc, #2452]	@ 0x637c
    59e4:	e158000c 	cmp	r8, ip
    59e8:	8a00016c 	bhi	0x5fa0
    59ec:	e086c008 	add	ip, r6, r8
    59f0:	e58c1000 	str	r1, [ip]
    59f4:	e58c7004 	str	r7, [ip, #4]
    59f8:	e59f0990 	ldr	r0, [pc, #2448]	@ 0x6390
    59fc:	ea000165 	b	0x5f98
    5a00:	e1a07002 	mov	r7, r2
    5a04:	e5956030 	ldr	r6, [r5, #48]	@ 0x30
    5a08:	e59fc938 	ldr	ip, [pc, #2360]	@ 0x6348
    5a0c:	e157000c 	cmp	r7, ip
    5a10:	8a000162 	bhi	0x5fa0
    5a14:	e7961007 	ldr	r1, [r6, r7]
    5a18:	e1a06001 	mov	r6, r1
    5a1c:	e2811004 	add	r1, r1, #4
    5a20:	e1a08002 	mov	r8, r2
    5a24:	e5957030 	ldr	r7, [r5, #48]	@ 0x30
    5a28:	e59fc918 	ldr	ip, [pc, #2328]	@ 0x6348
    5a2c:	e158000c 	cmp	r8, ip
    5a30:	8a00015a 	bhi	0x5fa0
    5a34:	e7871008 	str	r1, [r7, r8]
    5a38:	e5958030 	ldr	r8, [r5, #48]	@ 0x30
    5a3c:	e59fc950 	ldr	ip, [pc, #2384]	@ 0x6394
    5a40:	e156000c 	cmp	r6, ip
    5a44:	8a000155 	bhi	0x5fa0
    5a48:	e19810f6 	ldrsh	r1, [r8, r6]
    5a4c:	e1a07fc1 	asr	r7, r1, #31
    5a50:	e1a08000 	mov	r8, r0
    5a54:	e5956030 	ldr	r6, [r5, #48]	@ 0x30
    5a58:	e59fc91c 	ldr	ip, [pc, #2332]	@ 0x637c
    5a5c:	e158000c 	cmp	r8, ip
    5a60:	8a00014e 	bhi	0x5fa0
    5a64:	e086c008 	add	ip, r6, r8
    5a68:	e58c1000 	str	r1, [ip]
    5a6c:	e58c7004 	str	r7, [ip, #4]
    5a70:	e59f0920 	ldr	r0, [pc, #2336]	@ 0x6398
    5a74:	ea000147 	b	0x5f98
    5a78:	e1a07002 	mov	r7, r2
    5a7c:	e5956030 	ldr	r6, [r5, #48]	@ 0x30
    5a80:	e59fc8c0 	ldr	ip, [pc, #2240]	@ 0x6348
    5a84:	e157000c 	cmp	r7, ip
    5a88:	8a000144 	bhi	0x5fa0
    5a8c:	e7961007 	ldr	r1, [r6, r7]
    5a90:	e1a06001 	mov	r6, r1
    5a94:	e2811004 	add	r1, r1, #4
    5a98:	e1a08002 	mov	r8, r2
    5a9c:	e5957030 	ldr	r7, [r5, #48]	@ 0x30
    5aa0:	e59fc8a0 	ldr	ip, [pc, #2208]	@ 0x6348
    5aa4:	e158000c 	cmp	r8, ip
    5aa8:	8a00013c 	bhi	0x5fa0
    5aac:	e7871008 	str	r1, [r7, r8]
    5ab0:	e5958030 	ldr	r8, [r5, #48]	@ 0x30
    5ab4:	e59fc8d8 	ldr	ip, [pc, #2264]	@ 0x6394
    5ab8:	e156000c 	cmp	r6, ip
    5abc:	8a000137 	bhi	0x5fa0
    5ac0:	e19810b6 	ldrh	r1, [r8, r6]
    5ac4:	e3a07000 	mov	r7, #0
    5ac8:	e1a08000 	mov	r8, r0
    5acc:	e5956030 	ldr	r6, [r5, #48]	@ 0x30
    5ad0:	e59fc8a4 	ldr	ip, [pc, #2212]	@ 0x637c
    5ad4:	e158000c 	cmp	r8, ip
    5ad8:	8a000130 	bhi	0x5fa0
    5adc:	e086c008 	add	ip, r6, r8
    5ae0:	e58c1000 	str	r1, [ip]
    5ae4:	e58c7004 	str	r7, [ip, #4]
    5ae8:	e59f08ac 	ldr	r0, [pc, #2220]	@ 0x639c
    5aec:	ea000129 	b	0x5f98
    5af0:	e1a07002 	mov	r7, r2
    5af4:	e5956030 	ldr	r6, [r5, #48]	@ 0x30
    5af8:	e59fc848 	ldr	ip, [pc, #2120]	@ 0x6348
    5afc:	e157000c 	cmp	r7, ip
    5b00:	8a000126 	bhi	0x5fa0
    5b04:	e7961007 	ldr	r1, [r6, r7]
    5b08:	e1a06001 	mov	r6, r1
    5b0c:	e2811004 	add	r1, r1, #4
    5b10:	e1a08002 	mov	r8, r2
    5b14:	e5957030 	ldr	r7, [r5, #48]	@ 0x30
    5b18:	e59fc828 	ldr	ip, [pc, #2088]	@ 0x6348
    5b1c:	e158000c 	cmp	r8, ip
    5b20:	8a00011e 	bhi	0x5fa0
    5b24:	e7871008 	str	r1, [r7, r8]
    5b28:	e5958030 	ldr	r8, [r5, #48]	@ 0x30
    5b2c:	e3e0c4fe 	mvn	ip, #-33554432	@ 0xfe000000
    5b30:	e3ccc8fe 	bic	ip, ip, #16646144	@ 0xfe0000
    5b34:	e156000c 	cmp	r6, ip
    5b38:	8a000118 	bhi	0x5fa0
    5b3c:	e19810d6 	ldrsb	r1, [r8, r6]
    5b40:	e1a07fc1 	asr	r7, r1, #31
    5b44:	e1a08000 	mov	r8, r0
    5b48:	e5956030 	ldr	r6, [r5, #48]	@ 0x30
    5b4c:	e59fc828 	ldr	ip, [pc, #2088]	@ 0x637c
    5b50:	e158000c 	cmp	r8, ip
    5b54:	8a000111 	bhi	0x5fa0
    5b58:	e086c008 	add	ip, r6, r8
    5b5c:	e58c1000 	str	r1, [ip]
    5b60:	e58c7004 	str	r7, [ip, #4]
    5b64:	e3a00840 	mov	r0, #64, 16	@ 0x400000
    5b68:	e3800c56 	orr	r0, r0, #22016	@ 0x5600
    5b6c:	ea000109 	b	0x5f98
    5b70:	e1a07002 	mov	r7, r2
    5b74:	e5956030 	ldr	r6, [r5, #48]	@ 0x30
    5b78:	e59fc7c8 	ldr	ip, [pc, #1992]	@ 0x6348
    5b7c:	e157000c 	cmp	r7, ip
    5b80:	8a000106 	bhi	0x5fa0
    5b84:	e7961007 	ldr	r1, [r6, r7]
    5b88:	e1a06001 	mov	r6, r1
    5b8c:	e2811004 	add	r1, r1, #4
    5b90:	e1a08002 	mov	r8, r2
    5b94:	e5957030 	ldr	r7, [r5, #48]	@ 0x30
    5b98:	e59fc7a8 	ldr	ip, [pc, #1960]	@ 0x6348
    5b9c:	e158000c 	cmp	r8, ip
    5ba0:	8a0000fe 	bhi	0x5fa0
    5ba4:	e7871008 	str	r1, [r7, r8]
    5ba8:	e5958030 	ldr	r8, [r5, #48]	@ 0x30
    5bac:	e3e0c4fe 	mvn	ip, #-33554432	@ 0xfe000000
    5bb0:	e3ccc8fe 	bic	ip, ip, #16646144	@ 0xfe0000
    5bb4:	e156000c 	cmp	r6, ip
    5bb8:	8a0000f8 	bhi	0x5fa0
    5bbc:	e7d81006 	ldrb	r1, [r8, r6]
    5bc0:	e3a07000 	mov	r7, #0
    5bc4:	e1a08000 	mov	r8, r0
    5bc8:	e5956030 	ldr	r6, [r5, #48]	@ 0x30
    5bcc:	e59fc7a8 	ldr	ip, [pc, #1960]	@ 0x637c
    5bd0:	e158000c 	cmp	r8, ip
    5bd4:	8a0000f1 	bhi	0x5fa0
    5bd8:	e086c008 	add	ip, r6, r8
    5bdc:	e58c1000 	str	r1, [ip]
    5be0:	e58c7004 	str	r7, [ip, #4]
    5be4:	e59f07b4 	ldr	r0, [pc, #1972]	@ 0x63a0
    5be8:	ea0000ea 	b	0x5f98
    5bec:	e1a07002 	mov	r7, r2
    5bf0:	e5956030 	ldr	r6, [r5, #48]	@ 0x30
    5bf4:	e59fc74c 	ldr	ip, [pc, #1868]	@ 0x6348
    5bf8:	e157000c 	cmp	r7, ip
    5bfc:	8a0000e7 	bhi	0x5fa0
    5c00:	e7961007 	ldr	r1, [r6, r7]
    5c04:	e2811007 	add	r1, r1, #7
    5c08:	e3c11007 	bic	r1, r1, #7
    5c0c:	e1a06001 	mov	r6, r1
    5c10:	e2811008 	add	r1, r1, #8
    5c14:	e1a08002 	mov	r8, r2
    5c18:	e5957030 	ldr	r7, [r5, #48]	@ 0x30
    5c1c:	e59fc724 	ldr	ip, [pc, #1828]	@ 0x6348
    5c20:	e158000c 	cmp	r8, ip
    5c24:	8a0000dd 	bhi	0x5fa0
    5c28:	e7871008 	str	r1, [r7, r8]
    5c2c:	e5958030 	ldr	r8, [r5, #48]	@ 0x30
    5c30:	e59fc744 	ldr	ip, [pc, #1860]	@ 0x637c
    5c34:	e156000c 	cmp	r6, ip
    5c38:	8a0000d8 	bhi	0x5fa0
    5c3c:	e088c006 	add	ip, r8, r6
    5c40:	e59c1000 	ldr	r1, [ip]
    5c44:	e59c7004 	ldr	r7, [ip, #4]
    5c48:	e1a08000 	mov	r8, r0
    5c4c:	e5956030 	ldr	r6, [r5, #48]	@ 0x30
    5c50:	e59fc724 	ldr	ip, [pc, #1828]	@ 0x637c
    5c54:	e158000c 	cmp	r8, ip
    5c58:	8a0000d0 	bhi	0x5fa0
    5c5c:	e086c008 	add	ip, r6, r8
    5c60:	e58c1000 	str	r1, [ip]
    5c64:	e58c7004 	str	r7, [ip, #4]
    5c68:	e59f0734 	ldr	r0, [pc, #1844]	@ 0x63a4
    5c6c:	ea0000c9 	b	0x5f98
    5c70:	e1a07002 	mov	r7, r2
    5c74:	e5956030 	ldr	r6, [r5, #48]	@ 0x30
    5c78:	e59fc6c8 	ldr	ip, [pc, #1736]	@ 0x6348
    5c7c:	e157000c 	cmp	r7, ip
    5c80:	8a0000c6 	bhi	0x5fa0
    5c84:	e7961007 	ldr	r1, [r6, r7]
    5c88:	e1a06001 	mov	r6, r1
    5c8c:	e2811004 	add	r1, r1, #4
    5c90:	e1a08002 	mov	r8, r2
    5c94:	e5957030 	ldr	r7, [r5, #48]	@ 0x30
    5c98:	e59fc6a8 	ldr	ip, [pc, #1704]	@ 0x6348
    5c9c:	e158000c 	cmp	r8, ip
    5ca0:	8a0000be 	bhi	0x5fa0
    5ca4:	e7871008 	str	r1, [r7, r8]
    5ca8:	e5958030 	ldr	r8, [r5, #48]	@ 0x30
    5cac:	e59fc694 	ldr	ip, [pc, #1684]	@ 0x6348
    5cb0:	e156000c 	cmp	r6, ip
    5cb4:	8a0000b9 	bhi	0x5fa0
    5cb8:	e7981006 	ldr	r1, [r8, r6]
    5cbc:	e3a07000 	mov	r7, #0
    5cc0:	e1a08000 	mov	r8, r0
    5cc4:	e5956030 	ldr	r6, [r5, #48]	@ 0x30
    5cc8:	e59fc6ac 	ldr	ip, [pc, #1708]	@ 0x637c
    5ccc:	e158000c 	cmp	r8, ip
    5cd0:	8a0000b2 	bhi	0x5fa0
    5cd4:	e086c008 	add	ip, r6, r8
    5cd8:	e58c1000 	str	r1, [ip]
    5cdc:	e58c7004 	str	r7, [ip, #4]
    5ce0:	e59f06c0 	ldr	r0, [pc, #1728]	@ 0x63a8
    5ce4:	ea0000ab 	b	0x5f98
    5ce8:	e1a07002 	mov	r7, r2
    5cec:	e5956030 	ldr	r6, [r5, #48]	@ 0x30
    5cf0:	e59fc650 	ldr	ip, [pc, #1616]	@ 0x6348
    5cf4:	e157000c 	cmp	r7, ip
    5cf8:	8a0000a8 	bhi	0x5fa0
    5cfc:	e7961007 	ldr	r1, [r6, r7]
    5d00:	e2811007 	add	r1, r1, #7
    5d04:	e3c11007 	bic	r1, r1, #7
    5d08:	e1a06001 	mov	r6, r1
    5d0c:	e2811008 	add	r1, r1, #8
    5d10:	e1a08002 	mov	r8, r2
    5d14:	e5957030 	ldr	r7, [r5, #48]	@ 0x30
    5d18:	e59fc628 	ldr	ip, [pc, #1576]	@ 0x6348
    5d1c:	e158000c 	cmp	r8, ip
    5d20:	8a00009e 	bhi	0x5fa0
    5d24:	e7871008 	str	r1, [r7, r8]
    5d28:	e5958030 	ldr	r8, [r5, #48]	@ 0x30
    5d2c:	e59fc648 	ldr	ip, [pc, #1608]	@ 0x637c
    5d30:	e156000c 	cmp	r6, ip
    5d34:	8a000099 	bhi	0x5fa0
    5d38:	e088c006 	add	ip, r8, r6
    5d3c:	e59c1000 	ldr	r1, [ip]
    5d40:	e59c7004 	ldr	r7, [ip, #4]
    5d44:	e1a08000 	mov	r8, r0
    5d48:	e5956030 	ldr	r6, [r5, #48]	@ 0x30
    5d4c:	e59fc628 	ldr	ip, [pc, #1576]	@ 0x637c
    5d50:	e158000c 	cmp	r8, ip
    5d54:	8a000091 	bhi	0x5fa0
    5d58:	e086c008 	add	ip, r6, r8
    5d5c:	e58c1000 	str	r1, [ip]
    5d60:	e58c7004 	str	r7, [ip, #4]
    5d64:	e59f0640 	ldr	r0, [pc, #1600]	@ 0x63ac
    5d68:	ea00008a 	b	0x5f98
    5d6c:	e1a07002 	mov	r7, r2
    5d70:	e5956030 	ldr	r6, [r5, #48]	@ 0x30
    5d74:	e59fc5cc 	ldr	ip, [pc, #1484]	@ 0x6348
    5d78:	e157000c 	cmp	r7, ip
    5d7c:	8a000087 	bhi	0x5fa0
    5d80:	e7961007 	ldr	r1, [r6, r7]
    5d84:	e2811007 	add	r1, r1, #7
    5d88:	e3c11007 	bic	r1, r1, #7
    5d8c:	e1a06001 	mov	r6, r1
    5d90:	e2811008 	add	r1, r1, #8
    5d94:	e1a08002 	mov	r8, r2
    5d98:	e5957030 	ldr	r7, [r5, #48]	@ 0x30
    5d9c:	e59fc5a4 	ldr	ip, [pc, #1444]	@ 0x6348
    5da0:	e158000c 	cmp	r8, ip
    5da4:	8a00007d 	bhi	0x5fa0
    5da8:	e7871008 	str	r1, [r7, r8]
    5dac:	e5958030 	ldr	r8, [r5, #48]	@ 0x30
    5db0:	e59fc5c4 	ldr	ip, [pc, #1476]	@ 0x637c
    5db4:	e156000c 	cmp	r6, ip
    5db8:	8a000078 	bhi	0x5fa0
    5dbc:	e088c006 	add	ip, r8, r6
    5dc0:	e59c1000 	ldr	r1, [ip]
    5dc4:	e59c7004 	ldr	r7, [ip, #4]
    5dc8:	e1a08000 	mov	r8, r0
    5dcc:	e5956030 	ldr	r6, [r5, #48]	@ 0x30
    5dd0:	e59fc5a4 	ldr	ip, [pc, #1444]	@ 0x637c
    5dd4:	e158000c 	cmp	r8, ip
    5dd8:	8a000070 	bhi	0x5fa0
    5ddc:	e086c008 	add	ip, r6, r8
    5de0:	e58c1000 	str	r1, [ip]
    5de4:	e58c7004 	str	r7, [ip, #4]
    5de8:	e59f05c0 	ldr	r0, [pc, #1472]	@ 0x63b0
    5dec:	ea000069 	b	0x5f98
    5df0:	e1a07002 	mov	r7, r2
    5df4:	e5956030 	ldr	r6, [r5, #48]	@ 0x30
    5df8:	e59fc548 	ldr	ip, [pc, #1352]	@ 0x6348
    5dfc:	e157000c 	cmp	r7, ip
    5e00:	8a000066 	bhi	0x5fa0
    5e04:	e7961007 	ldr	r1, [r6, r7]
    5e08:	e1a06001 	mov	r6, r1
    5e0c:	e2811004 	add	r1, r1, #4
    5e10:	e1a08002 	mov	r8, r2
    5e14:	e5957030 	ldr	r7, [r5, #48]	@ 0x30
    5e18:	e59fc528 	ldr	ip, [pc, #1320]	@ 0x6348
    5e1c:	e158000c 	cmp	r8, ip
    5e20:	8a00005e 	bhi	0x5fa0
    5e24:	e7871008 	str	r1, [r7, r8]
    5e28:	e5958030 	ldr	r8, [r5, #48]	@ 0x30
    5e2c:	e59fc514 	ldr	ip, [pc, #1300]	@ 0x6348
    5e30:	e156000c 	cmp	r6, ip
    5e34:	8a000059 	bhi	0x5fa0
    5e38:	e7981006 	ldr	r1, [r8, r6]
    5e3c:	e1a07fc1 	asr	r7, r1, #31
    5e40:	e1a08000 	mov	r8, r0
    5e44:	e5956030 	ldr	r6, [r5, #48]	@ 0x30
    5e48:	e59fc52c 	ldr	ip, [pc, #1324]	@ 0x637c
    5e4c:	e158000c 	cmp	r8, ip
    5e50:	8a000052 	bhi	0x5fa0
    5e54:	e086c008 	add	ip, r6, r8
    5e58:	e58c1000 	str	r1, [ip]
    5e5c:	e58c7004 	str	r7, [ip, #4]
    5e60:	e59f054c 	ldr	r0, [pc, #1356]	@ 0x63b4
    5e64:	ea00004b 	b	0x5f98
    5e68:	e1a07002 	mov	r7, r2
    5e6c:	e5956030 	ldr	r6, [r5, #48]	@ 0x30
    5e70:	e59fc4d0 	ldr	ip, [pc, #1232]	@ 0x6348
    5e74:	e157000c 	cmp	r7, ip
    5e78:	8a000048 	bhi	0x5fa0
    5e7c:	e7961007 	ldr	r1, [r6, r7]
    5e80:	e1a06001 	mov	r6, r1
    5e84:	e2811004 	add	r1, r1, #4
    5e88:	e1a08002 	mov	r8, r2
    5e8c:	e5957030 	ldr	r7, [r5, #48]	@ 0x30
    5e90:	e59fc4b0 	ldr	ip, [pc, #1200]	@ 0x6348
    5e94:	e158000c 	cmp	r8, ip
    5e98:	8a000040 	bhi	0x5fa0
    5e9c:	e7871008 	str	r1, [r7, r8]
    5ea0:	e5958030 	ldr	r8, [r5, #48]	@ 0x30
    5ea4:	e59fc49c 	ldr	ip, [pc, #1180]	@ 0x6348
    5ea8:	e156000c 	cmp	r6, ip
    5eac:	8a00003b 	bhi	0x5fa0
    5eb0:	e7981006 	ldr	r1, [r8, r6]
    5eb4:	e3a07000 	mov	r7, #0
    5eb8:	e1a08000 	mov	r8, r0
    5ebc:	e5956030 	ldr	r6, [r5, #48]	@ 0x30
    5ec0:	e59fc4b4 	ldr	ip, [pc, #1204]	@ 0x637c
    5ec4:	e158000c 	cmp	r8, ip
    5ec8:	8a000034 	bhi	0x5fa0
    5ecc:	e086c008 	add	ip, r6, r8
    5ed0:	e58c1000 	str	r1, [ip]
    5ed4:	e58c7004 	str	r7, [ip, #4]
    5ed8:	e59f04d8 	ldr	r0, [pc, #1240]	@ 0x63b8
    5edc:	ea00002d 	b	0x5f98
    5ee0:	e1a07002 	mov	r7, r2
    5ee4:	e5956030 	ldr	r6, [r5, #48]	@ 0x30
    5ee8:	e59fc458 	ldr	ip, [pc, #1112]	@ 0x6348
    5eec:	e157000c 	cmp	r7, ip
    5ef0:	8a00002a 	bhi	0x5fa0
    5ef4:	e7961007 	ldr	r1, [r6, r7]
    5ef8:	e2811007 	add	r1, r1, #7
    5efc:	e3c11007 	bic	r1, r1, #7
    5f00:	e1a06001 	mov	r6, r1
    5f04:	e2811008 	add	r1, r1, #8
    5f08:	e1a08002 	mov	r8, r2
    5f0c:	e5957030 	ldr	r7, [r5, #48]	@ 0x30
    5f10:	e59fc430 	ldr	ip, [pc, #1072]	@ 0x6348
    5f14:	e158000c 	cmp	r8, ip
    5f18:	8a000020 	bhi	0x5fa0
    5f1c:	e7871008 	str	r1, [r7, r8]
    5f20:	e5958030 	ldr	r8, [r5, #48]	@ 0x30
    5f24:	e59fc450 	ldr	ip, [pc, #1104]	@ 0x637c
    5f28:	e156000c 	cmp	r6, ip
    5f2c:	8a00001b 	bhi	0x5fa0
    5f30:	e088c006 	add	ip, r8, r6
    5f34:	e59c1000 	ldr	r1, [ip]
    5f38:	e59c7004 	ldr	r7, [ip, #4]
    5f3c:	e1a08000 	mov	r8, r0
    5f40:	e5956030 	ldr	r6, [r5, #48]	@ 0x30
    5f44:	e59fc430 	ldr	ip, [pc, #1072]	@ 0x637c
    5f48:	e158000c 	cmp	r8, ip
    5f4c:	8a000013 	bhi	0x5fa0
    5f50:	e086c008 	add	ip, r6, r8
    5f54:	e58c1000 	str	r1, [ip]
    5f58:	e58c7004 	str	r7, [ip, #4]
    5f5c:	e59f0458 	ldr	r0, [pc, #1112]	@ 0x63bc
    5f60:	ea00000c 	b	0x5f98
    5f64:	e5840000 	str	r0, [r4]
    5f68:	e5842008 	str	r2, [r4, #8]
    5f6c:	e584300c 	str	r3, [r4, #12]
    5f70:	e59f0444 	ldr	r0, [pc, #1092]	@ 0x63bc
    5f74:	e1a01004 	mov	r1, r4
    5f78:	e59d2000 	ldr	r2, [sp]
    5f7c:	e59fc43c 	ldr	ip, [pc, #1084]	@ 0x63c0
    5f80:	e12fff3c 	blx	ip
    5f84:	e3500000 	cmp	r0, #0
    5f88:	1a000007 	bne	0x5fac
    5f8c:	e59f0430 	ldr	r0, [pc, #1072]	@ 0x63c4
    5f90:	e30ccabc 	movw	ip, #51900	@ 0xcabc
    5f94:	e34ccdef 	movt	ip, #52719	@ 0xcdef
    5f98:	e28dd008 	add	sp, sp, #8
    5f9c:	e8bd81c0 	pop	{r6, r7, r8, pc}
    5fa0:	e3a00008 	mov	r0, #8
    5fa4:	e59d1000 	ldr	r1, [sp]
    5fa8:	e5810010 	str	r0, [r1, #16]
    5fac:	e59d0000 	ldr	r0, [sp]
    5fb0:	e59d1014 	ldr	r1, [sp, #20]
    5fb4:	e59fc40c 	ldr	ip, [pc, #1036]	@ 0x63c8
    5fb8:	e12fff3c 	blx	ip
    5fbc:	e28dd008 	add	sp, sp, #8
    5fc0:	e8bd01c0 	pop	{r6, r7, r8}
    5fc4:	e28dd004 	add	sp, sp, #4
    5fc8:	e12fff10 	bx	r0
    5fcc:	e92d43c0 	push	{r6, r7, r8, r9, lr}
    5fd0:	e24dd004 	sub	sp, sp, #4
    5fd4:	e58d0000 	str	r0, [sp]
    5fd8:	e30cc123 	movw	ip, #49443	@ 0xc123
    5fdc:	e34cc456 	movt	ip, #50262	@ 0xc456
    5fe0:	e5940000 	ldr	r0, [r4]
    5fe4:	e5941004 	ldr	r1, [r4, #4]
    5fe8:	e5942008 	ldr	r2, [r4, #8]
    5fec:	e594300c 	ldr	r3, [r4, #12]
    5ff0:	e190c001 	orrs	ip, r0, r1
    5ff4:	0a00001e 	beq	0x6074
    5ff8:	e2426001 	sub	r6, r2, #1
    5ffc:	e1a02006 	mov	r2, r6
    6000:	e1a07000 	mov	r7, r0
    6004:	e207700f 	and	r7, r7, #15
    6008:	e1a09007 	mov	r9, r7
    600c:	e5958030 	ldr	r8, [r5, #48]	@ 0x30
    6010:	e3a0cb40 	mov	ip, #64, 22	@ 0x10000
    6014:	e38ccf94 	orr	ip, ip, #148, 30	@ 0x250
    6018:	e099900c 	adds	r9, r9, ip
    601c:	2a00001b 	bcs	0x6090
    6020:	e3e0c4fe 	mvn	ip, #-33554432	@ 0xfe000000
    6024:	e3ccc8fe 	bic	ip, ip, #16646144	@ 0xfe0000
    6028:	e159000c 	cmp	r9, ip
    602c:	8a000017 	bhi	0x6090
    6030:	e7d87009 	ldrb	r7, [r8, r9]
    6034:	e1877003 	orr	r7, r7, r3
    6038:	e5958030 	ldr	r8, [r5, #48]	@ 0x30
    603c:	e3e0c4fe 	mvn	ip, #-33554432	@ 0xfe000000
    6040:	e3ccc8fe 	bic	ip, ip, #16646144	@ 0xfe0000
    6044:	e156000c 	cmp	r6, ip
    6048:	8a000010 	bhi	0x6090
    604c:	e7c87006 	strb	r7, [r8, r6]
    6050:	e270c00f 	rsbs	ip, r0, #15
    6054:	e2f1c000 	rscs	ip, r1, #0
    6058:	e3a06000 	mov	r6, #0
    605c:	33a06001 	movcc	r6, #1
    6060:	e1a00220 	lsr	r0, r0, #4
    6064:	e1800e01 	orr	r0, r0, r1, lsl #28
    6068:	e1a01221 	lsr	r1, r1, #4
    606c:	e3560000 	cmp	r6, #0
    6070:	1affffe0 	bne	0x5ff8
    6074:	e5842008 	str	r2, [r4, #8]
    6078:	e3a009ff 	mov	r0, #4177920	@ 0x3fc000
    607c:	e3800f91 	orr	r0, r0, #580	@ 0x244
    6080:	e30ccabc 	movw	ip, #51900	@ 0xcabc
    6084:	e34ccdef 	movt	ip, #52719	@ 0xcdef
    6088:	e28dd004 	add	sp, sp, #4
    608c:	e8bd83c0 	pop	{r6, r7, r8, r9, pc}
    6090:	e3a00008 	mov	r0, #8
    6094:	e59d1000 	ldr	r1, [sp]
    6098:	e5810010 	str	r0, [r1, #16]
    609c:	e59d0000 	ldr	r0, [sp]
    60a0:	e59d1014 	ldr	r1, [sp, #20]
    60a4:	e59fc320 	ldr	ip, [pc, #800]	@ 0x63cc
    60a8:	e12fff3c 	blx	ip
    60ac:	e28dd004 	add	sp, sp, #4
    60b0:	e8bd03c0 	pop	{r6, r7, r8, r9}
    60b4:	e28dd004 	add	sp, sp, #4
    60b8:	e12fff10 	bx	r0
    60bc:	e92d40c0 	push	{r6, r7, lr}
    60c0:	e24dd004 	sub	sp, sp, #4
    60c4:	e58d0000 	str	r0, [sp]
    60c8:	e30cc123 	movw	ip, #49443	@ 0xc123
    60cc:	e34cc456 	movt	ip, #50262	@ 0xc456
    60d0:	e5940000 	ldr	r0, [r4]
    60d4:	e5941004 	ldr	r1, [r4, #4]
    60d8:	e5942008 	ldr	r2, [r4, #8]
    60dc:	e190c001 	orrs	ip, r0, r1
    60e0:	0a000013 	beq	0x6134
    60e4:	e2423001 	sub	r3, r2, #1
    60e8:	e1a02003 	mov	r2, r3
    60ec:	e1a06000 	mov	r6, r0
    60f0:	e2066007 	and	r6, r6, #7
    60f4:	e3866030 	orr	r6, r6, #48	@ 0x30
    60f8:	e5957030 	ldr	r7, [r5, #48]	@ 0x30
    60fc:	e3e0c4fe 	mvn	ip, #-33554432	@ 0xfe000000
    6100:	e3ccc8fe 	bic	ip, ip, #16646144	@ 0xfe0000
    6104:	e153000c 	cmp	r3, ip
    6108:	8a00000f 	bhi	0x614c
    610c:	e7c76003 	strb	r6, [r7, r3]
    6110:	e270c007 	rsbs	ip, r0, #7
    6114:	e2f1c000 	rscs	ip, r1, #0
    6118:	e3a03000 	mov	r3, #0
    611c:	33a03001 	movcc	r3, #1
    6120:	e1a001a0 	lsr	r0, r0, #3
    6124:	e1800e81 	orr	r0, r0, r1, lsl #29
    6128:	e1a011a1 	lsr	r1, r1, #3
    612c:	e3530000 	cmp	r3, #0
    6130:	1affffeb 	bne	0x60e4
    6134:	e5842008 	str	r2, [r4, #8]
    6138:	e59f0290 	ldr	r0, [pc, #656]	@ 0x63d0
    613c:	e30ccabc 	movw	ip, #51900	@ 0xcabc
    6140:	e34ccdef 	movt	ip, #52719	@ 0xcdef
    6144:	e28dd004 	add	sp, sp, #4
    6148:	e8bd80c0 	pop	{r6, r7, pc}
    614c:	e3a00008 	mov	r0, #8
    6150:	e59d1000 	ldr	r1, [sp]
    6154:	e5810010 	str	r0, [r1, #16]
    6158:	e59d0000 	ldr	r0, [sp]
    615c:	e59d100c 	ldr	r1, [sp, #12]
    6160:	e59fc26c 	ldr	ip, [pc, #620]	@ 0x63d4
    6164:	e12fff3c 	blx	ip
    6168:	e28dd004 	add	sp, sp, #4
    616c:	e8bd00c0 	pop	{r6, r7}
    6170:	e28dd004 	add	sp, sp, #4
    6174:	e12fff10 	bx	r0
    6178:	e92d47c0 	push	{r6, r7, r8, r9, sl, lr}
    617c:	e24dd018 	sub	sp, sp, #24
    6180:	e58d0000 	str	r0, [sp]
    6184:	e30cc123 	movw	ip, #49443	@ 0xc123
    6188:	e34cc456 	movt	ip, #50262	@ 0xc456
    618c:	e5946000 	ldr	r6, [r4]
    6190:	e5947004 	ldr	r7, [r4, #4]
    6194:	e5948008 	ldr	r8, [r4, #8]
    6198:	e3560000 	cmp	r6, #0
    619c:	e2d7c001 	sbcs	ip, r7, #1
    61a0:	2a000002 	bcs	0x61b0
    61a4:	e1a02006 	mov	r2, r6
    61a8:	e1a03007 	mov	r3, r7
    61ac:	ea000028 	b	0x6254
    61b0:	e2489001 	sub	r9, r8, #1
    61b4:	e1a08009 	mov	r8, r9
    61b8:	e58d6004 	str	r6, [sp, #4]
    61bc:	e58d7008 	str	r7, [sp, #8]
    61c0:	e3a0e00a 	mov	lr, #10
    61c4:	e58de00c 	str	lr, [sp, #12]
    61c8:	e3a0e000 	mov	lr, #0
    61cc:	e58de010 	str	lr, [sp, #16]
    61d0:	e28d0004 	add	r0, sp, #4
    61d4:	e28d100c 	add	r1, sp, #12
    61d8:	e28d2004 	add	r2, sp, #4
    61dc:	e59fc1f4 	ldr	ip, [pc, #500]	@ 0x63d8
    61e0:	e12fff3c 	blx	ip
    61e4:	e59d0004 	ldr	r0, [sp, #4]
    61e8:	e59d1008 	ldr	r1, [sp, #8]
    61ec:	e1a02000 	mov	r2, r0
    61f0:	e1a03001 	mov	r3, r1
    61f4:	e1a0a001 	mov	sl, r1
    61f8:	e3a0100a 	mov	r1, #10
    61fc:	e00a019a 	mul	sl, sl, r1
    6200:	e0810091 	umull	r0, r1, r1, r0
    6204:	e08aa001 	add	sl, sl, r1
    6208:	e1a0100a 	mov	r1, sl
    620c:	e0560000 	subs	r0, r6, r0
    6210:	e0c71001 	sbc	r1, r7, r1
    6214:	e3800030 	orr	r0, r0, #48	@ 0x30
    6218:	e5951030 	ldr	r1, [r5, #48]	@ 0x30
    621c:	e3e0c4fe 	mvn	ip, #-33554432	@ 0xfe000000
    6220:	e3ccc8fe 	bic	ip, ip, #16646144	@ 0xfe0000
    6224:	e159000c 	cmp	r9, ip
    6228:	8a00002e 	bhi	0x62e8
    622c:	e7c10009 	strb	r0, [r1, r9]
    6230:	e3e0c000 	mvn	ip, #0
    6234:	e15c0006 	cmp	ip, r6
    6238:	e2f7c009 	rscs	ip, r7, #9
    623c:	e3a00000 	mov	r0, #0
    6240:	33a00001 	movcc	r0, #1
    6244:	e1a06002 	mov	r6, r2
    6248:	e1a07003 	mov	r7, r3
    624c:	e3500000 	cmp	r0, #0
    6250:	1affffd6 	bne	0x61b0
    6254:	e192c003 	orrs	ip, r2, r3
    6258:	0a00001c 	beq	0x62d0
    625c:	e2483001 	sub	r3, r8, #1
    6260:	e1a08003 	mov	r8, r3
    6264:	e1a00002 	mov	r0, r2
    6268:	e3a0100a 	mov	r1, #10
    626c:	e52d3010 	str	r3, [sp, #-16]!
    6270:	e58d2004 	str	r2, [sp, #4]
    6274:	e58d1008 	str	r1, [sp, #8]
    6278:	e59fc15c 	ldr	ip, [pc, #348]	@ 0x63dc
    627c:	e12fff3c 	blx	ip
    6280:	e59d1008 	ldr	r1, [sp, #8]
    6284:	e59d2004 	ldr	r2, [sp, #4]
    6288:	e49d3010 	ldr	r3, [sp], #16
    628c:	e1a01000 	mov	r1, r0
    6290:	e3a0c00a 	mov	ip, #10
    6294:	e0000c90 	mul	r0, r0, ip
    6298:	e0420000 	sub	r0, r2, r0
    629c:	e3800030 	orr	r0, r0, #48	@ 0x30
    62a0:	e5956030 	ldr	r6, [r5, #48]	@ 0x30
    62a4:	e3e0c4fe 	mvn	ip, #-33554432	@ 0xfe000000
    62a8:	e3ccc8fe 	bic	ip, ip, #16646144	@ 0xfe0000
    62ac:	e153000c 	cmp	r3, ip
    62b0:	8a00000c 	bhi	0x62e8
    62b4:	e7c60003 	strb	r0, [r6, r3]
    62b8:	e3520009 	cmp	r2, #9
    62bc:	e3a00000 	mov	r0, #0
    62c0:	83a00001 	movhi	r0, #1
    62c4:	e1a02001 	mov	r2, r1
    62c8:	e3500000 	cmp	r0, #0
    62cc:	1affffe2 	bne	0x625c
    62d0:	e5848008 	str	r8, [r4, #8]
    62d4:	e59f0104 	ldr	r0, [pc, #260]	@ 0x63e0
    62d8:	e30ccabc 	movw	ip, #51900	@ 0xcabc
    62dc:	e34ccdef 	movt	ip, #52719	@ 0xcdef
    62e0:	e28dd018 	add	sp, sp, #24
    62e4:	e8bd87c0 	pop	{r6, r7, r8, r9, sl, pc}
    62e8:	e3a00008 	mov	r0, #8
    62ec:	e59d1000 	ldr	r1, [sp]
    62f0:	e5810010 	str	r0, [r1, #16]
    62f4:	e59d0000 	ldr	r0, [sp]
    62f8:	e59d102c 	ldr	r1, [sp, #44]	@ 0x2c
    62fc:	e59fc0e0 	ldr	ip, [pc, #224]	@ 0x63e4
    6300:	e12fff3c 	blx	ip
    6304:	e28dd018 	add	sp, sp, #24
    6308:	e8bd07c0 	pop	{r6, r7, r8, r9, sl}
    630c:	ea000035 	b	0x63e8
	...
    6318:	00404db4 	strheq	r4, [r0], #-212	@ 0xffffff2c
    631c:	000487b4 			@ <UNDEFINED> instruction: 0x000487b4
    6320:	00404dcc 	subeq	r4, r0, ip, asr #27
    6324:	000487b4 			@ <UNDEFINED> instruction: 0x000487b4
    6328:	00404e04 	subeq	r4, r0, r4, lsl #28
    632c:	000487b4 			@ <UNDEFINED> instruction: 0x000487b4
    6330:	00404e28 	subeq	r4, r0, r8, lsr #28
    6334:	000487b4 			@ <UNDEFINED> instruction: 0x000487b4
    6338:	00404e40 	subeq	r4, r0, r0, asr #28
    633c:	000487b4 			@ <UNDEFINED> instruction: 0x000487b4
    6340:	00404e78 	subeq	r4, r0, r8, ror lr
    6344:	000487b4 			@ <UNDEFINED> instruction: 0x000487b4
    6348:	0101fffc 	strdeq	pc, [r1, -ip]
    634c:	00404ec0 	subeq	r4, r0, r0, asr #29
    6350:	000487b4 			@ <UNDEFINED> instruction: 0x000487b4
    6354:	00404f04 	subeq	r4, r0, r4, lsl #30
    6358:	00047eac 	andeq	r7, r4, ip, lsr #29
    635c:	000487b4 			@ <UNDEFINED> instruction: 0x000487b4
    6360:	004004dc 	ldrdeq	r0, [r0], #-76	@ 0xffffffb4
    6364:	00047eac 	andeq	r7, r4, ip, lsr #29
    6368:	0ccccccc 	stcleq	12, cr12, [ip], {204}	@ 0xcc
    636c:	003fdf70 	eorseq	sp, pc, r0, ror pc	@ <UNPREDICTABLE>
    6370:	00047eac 	andeq	r7, r4, ip, lsr #29
    6374:	4085bf30 	addmi	fp, r5, r0, lsr pc
    6378:	004053ec 	subeq	r5, r0, ip, ror #7
    637c:	0101fff8 	strdeq	pc, [r1, -r8]
    6380:	0040542c 	subeq	r5, r0, ip, lsr #8
    6384:	0040546c 	subeq	r5, r0, ip, ror #8
    6388:	004054ac 	subeq	r5, r0, ip, lsr #9
    638c:	004054ec 	subeq	r5, r0, ip, ror #9
    6390:	00405540 	subeq	r5, r0, r0, asr #10
    6394:	0101fffe 	strdeq	pc, [r1, -lr]
    6398:	00405580 	subeq	r5, r0, r0, lsl #11
    639c:	004055c0 	subeq	r5, r0, r0, asr #11
    63a0:	00405640 	subeq	r5, r0, r0, asr #12
    63a4:	00405694 	umaaleq	r5, r0, r4, r6
    63a8:	004056d4 	ldrdeq	r5, [r0], #-100	@ 0xffffff9c
    63ac:	00405728 	subeq	r5, r0, r8, lsr #14
    63b0:	0040577c 	subeq	r5, r0, ip, ror r7
    63b4:	004057bc 	strheq	r5, [r0], #-124	@ 0xffffff84
    63b8:	004057fc 	strdeq	r5, [r0], #-124	@ 0xffffff84
    63bc:	00405850 	subeq	r5, r0, r0, asr r8
    63c0:	00048af0 	strdeq	r8, [r4], -r0
    63c4:	00405870 	subeq	r5, r0, r0, ror r8
    63c8:	00047eac 	andeq	r7, r4, ip, lsr #29
    63cc:	00047eac 	andeq	r7, r4, ip, lsr #29
    63d0:	003fdc04 	eorseq	sp, pc, r4, lsl #24
    63d4:	00047eac 	andeq	r7, r4, ip, lsr #29
    63d8:	00047d44 	andeq	r7, r4, r4, asr #26
    63dc:	001f44e8 	andseq	r4, pc, r8, ror #9
    63e0:	004018c4 	subeq	r1, r0, r4, asr #17
    63e4:	00047eac 	andeq	r7, r4, ip, lsr #29
    63e8:	e28dd004 	add	sp, sp, #4
    63ec:	e12fff10 	bx	r0
    63f0:	e92d43c0 	push	{r6, r7, r8, r9, lr}
    63f4:	e24dd004 	sub	sp, sp, #4
    63f8:	e58d0000 	str	r0, [sp]
    63fc:	e30cc123 	movw	ip, #49443	@ 0xc123
    6400:	e34cc456 	movt	ip, #50262	@ 0xc456
    6404:	e5946000 	ldr	r6, [r4]
    6408:	e5940004 	ldr	r0, [r4, #4]
    640c:	e5941008 	ldr	r1, [r4, #8]
    6410:	e594200c 	ldr	r2, [r4, #12]
    6414:	e5943010 	ldr	r3, [r4, #16]
    6418:	e595e03c 	ldr	lr, [r5, #60]	@ 0x3c
    641c:	e59e7008 	ldr	r7, [lr, #8]
    6420:	e2477f40 	sub	r7, r7, #64, 30	@ 0x100
    6424:	e1a08007 	mov	r8, r7
    6428:	e595903c 	ldr	r9, [r5, #60]	@ 0x3c
    642c:	e5897008 	str	r7, [r9, #8]
    6430:	e1510002 	cmp	r1, r2
    6434:	da00002e 	ble	0x64f4
    6438:	e3130b48 	tst	r3, #72, 22	@ 0x12000
    643c:	1a00002c 	bne	0x64f4
    6440:	e0411002 	sub	r1, r1, r2
    6444:	e1a07001 	mov	r7, r1
    6448:	e3570f40 	cmp	r7, #64, 30	@ 0x100
    644c:	e3a02000 	mov	r2, #0
    6450:	33a02001 	movcc	r2, #1
    6454:	e1a09002 	mov	r9, r2
    6458:	e3520000 	cmp	r2, #0
    645c:	03a01f40 	moveq	r1, #64, 30	@ 0x100
    6460:	e5848014 	str	r8, [r4, #20]
    6464:	e5840004 	str	r0, [r4, #4]
    6468:	e5841030 	str	r1, [r4, #48]	@ 0x30
    646c:	e59f0fc4 	ldr	r0, [pc, #4036]	@ 0x7438
    6470:	e1a01004 	mov	r1, r4
    6474:	e59d2000 	ldr	r2, [sp]
    6478:	e59fcfbc 	ldr	ip, [pc, #4028]	@ 0x743c
    647c:	e12fff3c 	blx	ip
    6480:	e3500000 	cmp	r0, #0
    6484:	1a000022 	bne	0x6514
    6488:	e3590000 	cmp	r9, #0
    648c:	1a00000e 	bne	0x64cc
    6490:	e5846000 	str	r6, [r4]
    6494:	e5848014 	str	r8, [r4, #20]
    6498:	e3a0ef40 	mov	lr, #64, 30	@ 0x100
    649c:	e584e018 	str	lr, [r4, #24]
    64a0:	e59f0f98 	ldr	r0, [pc, #3992]	@ 0x7440
    64a4:	e1a01004 	mov	r1, r4
    64a8:	e59d2000 	ldr	r2, [sp]
    64ac:	e59fcf90 	ldr	ip, [pc, #3984]	@ 0x7444
    64b0:	e12fff3c 	blx	ip
    64b4:	e3500000 	cmp	r0, #0
    64b8:	1a000015 	bne	0x6514
    64bc:	e2470f40 	sub	r0, r7, #64, 30	@ 0x100
    64c0:	e1a07000 	mov	r7, r0
    64c4:	e35000ff 	cmp	r0, #255	@ 0xff
    64c8:	8afffff0 	bhi	0x6490
    64cc:	e5846000 	str	r6, [r4]
    64d0:	e5848014 	str	r8, [r4, #20]
    64d4:	e584700c 	str	r7, [r4, #12]
    64d8:	e59f0f68 	ldr	r0, [pc, #3944]	@ 0x7448
    64dc:	e1a01004 	mov	r1, r4
    64e0:	e59d2000 	ldr	r2, [sp]
    64e4:	e59fcf60 	ldr	ip, [pc, #3936]	@ 0x744c
    64e8:	e12fff3c 	blx	ip
    64ec:	e3500000 	cmp	r0, #0
    64f0:	1a000007 	bne	0x6514
    64f4:	e2888f40 	add	r8, r8, #64, 30	@ 0x100
    64f8:	e595003c 	ldr	r0, [r5, #60]	@ 0x3c
    64fc:	e5808008 	str	r8, [r0, #8]
    6500:	e59f0f48 	ldr	r0, [pc, #3912]	@ 0x7450
    6504:	e30ccabc 	movw	ip, #51900	@ 0xcabc
    6508:	e34ccdef 	movt	ip, #52719	@ 0xcdef
    650c:	e28dd004 	add	sp, sp, #4
    6510:	e8bd83c0 	pop	{r6, r7, r8, r9, pc}
    6514:	e59d0000 	ldr	r0, [sp]
    6518:	e59d1014 	ldr	r1, [sp, #20]
    651c:	e59fcf30 	ldr	ip, [pc, #3888]	@ 0x7454
    6520:	e12fff3c 	blx	ip
    6524:	e28dd004 	add	sp, sp, #4
    6528:	e8bd03c0 	pop	{r6, r7, r8, r9}
    652c:	e28dd004 	add	sp, sp, #4
    6530:	e12fff10 	bx	r0
    6534:	e52de004 	push	{lr}		@ (str lr, [sp, #-4]!)
    6538:	e24dd004 	sub	sp, sp, #4
    653c:	e58d0000 	str	r0, [sp]
    6540:	e30cc123 	movw	ip, #49443	@ 0xc123
    6544:	e34cc456 	movt	ip, #50262	@ 0xc456
    6548:	e5940000 	ldr	r0, [r4]
    654c:	e5941004 	ldr	r1, [r4, #4]
    6550:	e5942008 	ldr	r2, [r4, #8]
    6554:	e5840000 	str	r0, [r4]
    6558:	e5841004 	str	r1, [r4, #4]
    655c:	e5842008 	str	r2, [r4, #8]
    6560:	e3a0e00b 	mov	lr, #11
    6564:	e584e00c 	str	lr, [r4, #12]
    6568:	e3a0e00c 	mov	lr, #12
    656c:	e584e010 	str	lr, [r4, #16]
    6570:	e3a009ff 	mov	r0, #4177920	@ 0x3fc000
    6574:	e3800d59 	orr	r0, r0, #5696	@ 0x1640
    6578:	e1a01004 	mov	r1, r4
    657c:	e59d2000 	ldr	r2, [sp]
    6580:	e59fced0 	ldr	ip, [pc, #3792]	@ 0x7458
    6584:	e12fff3c 	blx	ip
    6588:	e3500000 	cmp	r0, #0
    658c:	1a000006 	bne	0x65ac
    6590:	e5940014 	ldr	r0, [r4, #20]
    6594:	e5840014 	str	r0, [r4, #20]
    6598:	e59f0ebc 	ldr	r0, [pc, #3772]	@ 0x745c
    659c:	e30ccabc 	movw	ip, #51900	@ 0xcabc
    65a0:	e34ccdef 	movt	ip, #52719	@ 0xcdef
    65a4:	e28dd004 	add	sp, sp, #4
    65a8:	e49df004 	pop	{pc}		@ (ldr pc, [sp], #4)
    65ac:	e59d0000 	ldr	r0, [sp]
    65b0:	e59d1004 	ldr	r1, [sp, #4]
    65b4:	e59fcea4 	ldr	ip, [pc, #3748]	@ 0x7460
    65b8:	e12fff3c 	blx	ip
    65bc:	e28dd008 	add	sp, sp, #8
    65c0:	e12fff10 	bx	r0
    65c4:	e92d4fc0 	push	{r6, r7, r8, r9, sl, fp, lr}
    65c8:	e24dd004 	sub	sp, sp, #4
    65cc:	ed2d8b02 	vpush	{d8}
    65d0:	e24dd018 	sub	sp, sp, #24
    65d4:	e58d0000 	str	r0, [sp]
    65d8:	e30cc123 	movw	ip, #49443	@ 0xc123
    65dc:	e34cc456 	movt	ip, #50262	@ 0xc456
    65e0:	ed948b01 	vldr	d8, [r4, #4]
    65e4:	e3a0e000 	mov	lr, #0
    65e8:	e584e054 	str	lr, [r4, #84]	@ 0x54
    65ec:	e595e03c 	ldr	lr, [r5, #60]	@ 0x3c
    65f0:	e59e0008 	ldr	r0, [lr, #8]
    65f4:	e2400f8c 	sub	r0, r0, #140, 30	@ 0x230
    65f8:	e584001c 	str	r0, [r4, #28]
    65fc:	e595103c 	ldr	r1, [r5, #60]	@ 0x3c
    6600:	e5810008 	str	r0, [r1, #8]
    6604:	e3a0e000 	mov	lr, #0
    6608:	e584e020 	str	lr, [r4, #32]
    660c:	e594101c 	ldr	r1, [r4, #28]
    6610:	e5950030 	ldr	r0, [r5, #48]	@ 0x30
    6614:	e291102c 	adds	r1, r1, #44	@ 0x2c
    6618:	2a0006f6 	bcs	0x81f8
    661c:	e59fce40 	ldr	ip, [pc, #3648]	@ 0x7464
    6620:	e151000c 	cmp	r1, ip
    6624:	8a0006f3 	bhi	0x81f8
    6628:	e3a0e000 	mov	lr, #0
    662c:	e780e001 	str	lr, [r0, r1]
    6630:	ed848b01 	vstr	d8, [r4, #4]
    6634:	e59f0e2c 	ldr	r0, [pc, #3628]	@ 0x7468
    6638:	e1a01004 	mov	r1, r4
    663c:	e59d2000 	ldr	r2, [sp]
    6640:	e59fce24 	ldr	ip, [pc, #3620]	@ 0x746c
    6644:	e12fff3c 	blx	ip
    6648:	e3500000 	cmp	r0, #0
    664c:	1a0006ec 	bne	0x8204
    6650:	e59400a0 	ldr	r0, [r4, #160]	@ 0xa0
    6654:	e59410a4 	ldr	r1, [r4, #164]	@ 0xa4
    6658:	e1a02000 	mov	r2, r0
    665c:	e1a03001 	mov	r3, r1
    6660:	e3e0c000 	mvn	ip, #0
    6664:	e15c0000 	cmp	ip, r0
    6668:	e3e0c000 	mvn	ip, #0
    666c:	e0dcc001 	sbcs	ip, ip, r1
    6670:	ba000013 	blt	0x66c4
    6674:	e3a0e001 	mov	lr, #1
    6678:	e584e024 	str	lr, [r4, #36]	@ 0x24
    667c:	e3a0eb40 	mov	lr, #64, 22	@ 0x10000
    6680:	e38ee188 	orr	lr, lr, #136, 2	@ 0x22
    6684:	e584e028 	str	lr, [r4, #40]	@ 0x28
    6688:	eeb10b48 	vneg.f64	d0, d8
    668c:	eeb08b40 	vmov.f64	d8, d0
    6690:	ed840b28 	vstr	d0, [r4, #160]	@ 0xa0
    6694:	e59f0dd4 	ldr	r0, [pc, #3540]	@ 0x7470
    6698:	e1a01004 	mov	r1, r4
    669c:	e59d2000 	ldr	r2, [sp]
    66a0:	e59fcdcc 	ldr	ip, [pc, #3532]	@ 0x7474
    66a4:	e12fff3c 	blx	ip
    66a8:	e3500000 	cmp	r0, #0
    66ac:	1a0006d4 	bne	0x8204
    66b0:	e59400a0 	ldr	r0, [r4, #160]	@ 0xa0
    66b4:	e59410a4 	ldr	r1, [r4, #164]	@ 0xa4
    66b8:	e1a02000 	mov	r2, r0
    66bc:	e1a03001 	mov	r3, r1
    66c0:	ea000017 	b	0x6724
    66c4:	e594c014 	ldr	ip, [r4, #20]
    66c8:	e31c0e80 	tst	ip, #128, 28	@ 0x800
    66cc:	0a000005 	beq	0x66e8
    66d0:	e3a0e001 	mov	lr, #1
    66d4:	e584e024 	str	lr, [r4, #36]	@ 0x24
    66d8:	e3a0eb40 	mov	lr, #64, 22	@ 0x10000
    66dc:	e38ee194 	orr	lr, lr, #148, 2	@ 0x25
    66e0:	e584e028 	str	lr, [r4, #40]	@ 0x28
    66e4:	ea00000e 	b	0x6724
    66e8:	e594c014 	ldr	ip, [r4, #20]
    66ec:	e20c0001 	and	r0, ip, #1
    66f0:	e5840024 	str	r0, [r4, #36]	@ 0x24
    66f4:	e3500000 	cmp	r0, #0
    66f8:	e3a0eb40 	mov	lr, #64, 22	@ 0x10000
    66fc:	e38ee1a0 	orr	lr, lr, #160, 2	@ 0x28
    6700:	e3a0cb40 	mov	ip, #64, 22	@ 0x10000
    6704:	e38cc18c 	orr	ip, ip, #140, 2	@ 0x23
    6708:	01a0e00c 	moveq	lr, ip
    670c:	e584e028 	str	lr, [r4, #40]	@ 0x28
    6710:	e594c024 	ldr	ip, [r4, #36]	@ 0x24
    6714:	e35c0000 	cmp	ip, #0
    6718:	e3a0c000 	mov	ip, #0
    671c:	03a0c001 	moveq	ip, #1
    6720:	e584c020 	str	ip, [r4, #32]
    6724:	e2022000 	and	r2, r2, #0
    6728:	e3a0c207 	mov	ip, #1879048192	@ 0x70000000
    672c:	e38cc6ff 	orr	ip, ip, #267386880	@ 0xff00000
    6730:	e003300c 	and	r3, r3, ip
    6734:	e3a0c207 	mov	ip, #1879048192	@ 0x70000000
    6738:	e38cc6ff 	orr	ip, ip, #267386880	@ 0xff00000
    673c:	e153000c 	cmp	r3, ip
    6740:	1a000000 	bne	0x6748
    6744:	e3520000 	cmp	r2, #0
    6748:	1a000045 	bne	0x6864
    674c:	e594c024 	ldr	ip, [r4, #36]	@ 0x24
    6750:	e28c0003 	add	r0, ip, #3
    6754:	e1a08000 	mov	r8, r0
    6758:	e594c014 	ldr	ip, [r4, #20]
    675c:	e3cc1b40 	bic	r1, ip, #64, 22	@ 0x10000
    6760:	e3a0e020 	mov	lr, #32
    6764:	e584e0a4 	str	lr, [r4, #164]	@ 0xa4
    6768:	e58400ac 	str	r0, [r4, #172]	@ 0xac
    676c:	e58410b0 	str	r1, [r4, #176]	@ 0xb0
    6770:	e59f0d00 	ldr	r0, [pc, #3328]	@ 0x7478
    6774:	e1a01004 	mov	r1, r4
    6778:	e59d2000 	ldr	r2, [sp]
    677c:	e59fccf8 	ldr	ip, [pc, #3320]	@ 0x747c
    6780:	e12fff3c 	blx	ip
    6784:	e3500000 	cmp	r0, #0
    6788:	1a00069d 	bne	0x8204
    678c:	e59f0cec 	ldr	r0, [pc, #3308]	@ 0x7480
    6790:	e1a01004 	mov	r1, r4
    6794:	e59d2000 	ldr	r2, [sp]
    6798:	e59fcce4 	ldr	ip, [pc, #3300]	@ 0x7484
    679c:	e12fff3c 	blx	ip
    67a0:	e3500000 	cmp	r0, #0
    67a4:	1a000696 	bne	0x8204
    67a8:	e594c018 	ldr	ip, [r4, #24]
    67ac:	e20c0020 	and	r0, ip, #32
    67b0:	e1a01000 	mov	r1, r0
    67b4:	e3500000 	cmp	r0, #0
    67b8:	e3a02b40 	mov	r2, #64, 22	@ 0x10000
    67bc:	e38221d4 	orr	r2, r2, #212, 2	@ 0x35
    67c0:	e3a0cb40 	mov	ip, #64, 22	@ 0x10000
    67c4:	e38cc1f4 	orr	ip, ip, #244, 2	@ 0x3d
    67c8:	01a0200c 	moveq	r2, ip
    67cc:	e3510000 	cmp	r1, #0
    67d0:	e3a00b40 	mov	r0, #64, 22	@ 0x10000
    67d4:	e38001e4 	orr	r0, r0, #228, 2	@ 0x39
    67d8:	e3a0cb40 	mov	ip, #64, 22	@ 0x10000
    67dc:	e38cc041 	orr	ip, ip, #65	@ 0x41
    67e0:	01a0000c 	moveq	r0, ip
    67e4:	eeb48b48 	vcmp.f64	d8, d8
    67e8:	eef1fa10 	vmrs	APSR_nzcv, fpscr
    67ec:	01a02000 	moveq	r2, r0
    67f0:	e58420a4 	str	r2, [r4, #164]	@ 0xa4
    67f4:	e3a0e003 	mov	lr, #3
    67f8:	e584e0a8 	str	lr, [r4, #168]	@ 0xa8
    67fc:	e59f0c84 	ldr	r0, [pc, #3204]	@ 0x7488
    6800:	e1a01004 	mov	r1, r4
    6804:	e59d2000 	ldr	r2, [sp]
    6808:	e59fcc7c 	ldr	ip, [pc, #3196]	@ 0x748c
    680c:	e12fff3c 	blx	ip
    6810:	e3500000 	cmp	r0, #0
    6814:	1a00067a 	bne	0x8204
    6818:	e594c014 	ldr	ip, [r4, #20]
    681c:	e22c0d80 	eor	r0, ip, #128, 26	@ 0x2000
    6820:	e3a0e020 	mov	lr, #32
    6824:	e584e0a4 	str	lr, [r4, #164]	@ 0xa4
    6828:	e584802c 	str	r8, [r4, #44]	@ 0x2c
    682c:	e58400b0 	str	r0, [r4, #176]	@ 0xb0
    6830:	e59f0c58 	ldr	r0, [pc, #3160]	@ 0x7490
    6834:	e1a01004 	mov	r1, r4
    6838:	e59d2000 	ldr	r2, [sp]
    683c:	e59fcc50 	ldr	ip, [pc, #3152]	@ 0x7494
    6840:	e12fff3c 	blx	ip
    6844:	e3500000 	cmp	r0, #0
    6848:	1a00066d 	bne	0x8204
    684c:	e594c00c 	ldr	ip, [r4, #12]
    6850:	e15c0008 	cmp	ip, r8
    6854:	e594e00c 	ldr	lr, [r4, #12]
    6858:	d1a0e008 	movle	lr, r8
    685c:	e584e034 	str	lr, [r4, #52]	@ 0x34
    6860:	ea000657 	b	0x81c4
    6864:	e594c01c 	ldr	ip, [r4, #28]
    6868:	e28ce010 	add	lr, ip, #16
    686c:	e584e038 	str	lr, [r4, #56]	@ 0x38
    6870:	e594c01c 	ldr	ip, [r4, #28]
    6874:	e28c002c 	add	r0, ip, #44	@ 0x2c
    6878:	ed848b01 	vstr	d8, [r4, #4]
    687c:	e58400a8 	str	r0, [r4, #168]	@ 0xa8
    6880:	e59f0c10 	ldr	r0, [pc, #3088]	@ 0x7498
    6884:	e1a01004 	mov	r1, r4
    6888:	e59d2000 	ldr	r2, [sp]
    688c:	e59fcc08 	ldr	ip, [pc, #3080]	@ 0x749c
    6890:	e12fff3c 	blx	ip
    6894:	e3500000 	cmp	r0, #0
    6898:	1a000659 	bne	0x8204
    689c:	ed940b28 	vldr	d0, [r4, #160]	@ 0xa0
    68a0:	eeb01b40 	vmov.f64	d1, d0
    68a4:	ee300b01 	vadd.f64	d0, d0, d1
    68a8:	eeb08b40 	vmov.f64	d8, d0
    68ac:	e3a0c000 	mov	ip, #0
    68b0:	ec4cca11 	vmov	s2, s3, ip, ip
    68b4:	eeb40b41 	vcmp.f64	d0, d1
    68b8:	eef1fa10 	vmrs	APSR_nzcv, fpscr
    68bc:	0a000017 	beq	0x6920
    68c0:	e594201c 	ldr	r2, [r4, #28]
    68c4:	e5951030 	ldr	r1, [r5, #48]	@ 0x30
    68c8:	e292202c 	adds	r2, r2, #44	@ 0x2c
    68cc:	2a000649 	bcs	0x81f8
    68d0:	e59fcb8c 	ldr	ip, [pc, #2956]	@ 0x7464
    68d4:	e152000c 	cmp	r2, ip
    68d8:	8a000646 	bhi	0x81f8
    68dc:	e7910002 	ldr	r0, [r1, r2]
    68e0:	e1a01000 	mov	r1, r0
    68e4:	e2400001 	sub	r0, r0, #1
    68e8:	e594301c 	ldr	r3, [r4, #28]
    68ec:	e5952030 	ldr	r2, [r5, #48]	@ 0x30
    68f0:	e293302c 	adds	r3, r3, #44	@ 0x2c
    68f4:	2a00063f 	bcs	0x81f8
    68f8:	e59fcb64 	ldr	ip, [pc, #2916]	@ 0x7464
    68fc:	e153000c 	cmp	r3, ip
    6900:	8a00063c 	bhi	0x81f8
    6904:	e7820003 	str	r0, [r2, r3]
    6908:	e594c018 	ldr	ip, [r4, #24]
    690c:	e38c0020 	orr	r0, ip, #32
    6910:	e584003c 	str	r0, [r4, #60]	@ 0x3c
    6914:	e3500061 	cmp	r0, #97	@ 0x61
    6918:	1a000015 	bne	0x6974
    691c:	ea000502 	b	0x7d2c
    6920:	e594c018 	ldr	ip, [r4, #24]
    6924:	e38c0020 	orr	r0, ip, #32
    6928:	e584003c 	str	r0, [r4, #60]	@ 0x3c
    692c:	e3500061 	cmp	r0, #97	@ 0x61
    6930:	0a0004fd 	beq	0x7d2c
    6934:	e594c010 	ldr	ip, [r4, #16]
    6938:	e35c0000 	cmp	ip, #0
    693c:	e3a0e006 	mov	lr, #6
    6940:	e594c010 	ldr	ip, [r4, #16]
    6944:	a1a0e00c 	movge	lr, ip
    6948:	e584e040 	str	lr, [r4, #64]	@ 0x40
    694c:	e594201c 	ldr	r2, [r4, #28]
    6950:	e5950030 	ldr	r0, [r5, #48]	@ 0x30
    6954:	e292202c 	adds	r2, r2, #44	@ 0x2c
    6958:	2a000626 	bcs	0x81f8
    695c:	e59fcb00 	ldr	ip, [pc, #2816]	@ 0x7464
    6960:	e152000c 	cmp	r2, ip
    6964:	8a000623 	bhi	0x81f8
    6968:	e790e002 	ldr	lr, [r0, r2]
    696c:	e584e044 	str	lr, [r4, #68]	@ 0x44
    6970:	ea000014 	b	0x69c8
    6974:	e241101d 	sub	r1, r1, #29
    6978:	e5841044 	str	r1, [r4, #68]	@ 0x44
    697c:	e594201c 	ldr	r2, [r4, #28]
    6980:	e5950030 	ldr	r0, [r5, #48]	@ 0x30
    6984:	e292202c 	adds	r2, r2, #44	@ 0x2c
    6988:	2a00061a 	bcs	0x81f8
    698c:	e59fcad0 	ldr	ip, [pc, #2768]	@ 0x7464
    6990:	e152000c 	cmp	r2, ip
    6994:	8a000617 	bhi	0x81f8
    6998:	e7801002 	str	r1, [r0, r2]
    699c:	e594c010 	ldr	ip, [r4, #16]
    69a0:	e35c0000 	cmp	ip, #0
    69a4:	e3a0e006 	mov	lr, #6
    69a8:	e594c010 	ldr	ip, [r4, #16]
    69ac:	a1a0e00c 	movge	lr, ip
    69b0:	e584e040 	str	lr, [r4, #64]	@ 0x40
    69b4:	e3a0c000 	mov	ip, #0
    69b8:	e3a0e204 	mov	lr, #4, 4	@ 0x40000000
    69bc:	e38ee61b 	orr	lr, lr, #28311552	@ 0x1b00000
    69c0:	ec4eca10 	vmov	s0, s1, ip, lr
    69c4:	ee288b00 	vmul.f64	d8, d8, d0
    69c8:	e594c01c 	ldr	ip, [r4, #28]
    69cc:	e28c0030 	add	r0, ip, #48	@ 0x30
    69d0:	e594c044 	ldr	ip, [r4, #68]	@ 0x44
    69d4:	e35c0000 	cmp	ip, #0
    69d8:	e3a01000 	mov	r1, #0
    69dc:	a3a01f48 	movge	r1, #72, 30	@ 0x120
    69e0:	e0800001 	add	r0, r0, r1
    69e4:	e5840048 	str	r0, [r4, #72]	@ 0x48
    69e8:	e5840030 	str	r0, [r4, #48]	@ 0x30
    69ec:	eeb00b48 	vmov.f64	d0, d8
    69f0:	ec510a10 	vmov	r0, r1, s0, s1
    69f4:	e59fcaa4 	ldr	ip, [pc, #2724]	@ 0x74a0
    69f8:	e12fff3c 	blx	ip
    69fc:	e1a01000 	mov	r1, r0
    6a00:	e5943030 	ldr	r3, [r4, #48]	@ 0x30
    6a04:	e5952030 	ldr	r2, [r5, #48]	@ 0x30
    6a08:	e59fca54 	ldr	ip, [pc, #2644]	@ 0x7464
    6a0c:	e153000c 	cmp	r3, ip
    6a10:	8a0005f8 	bhi	0x81f8
    6a14:	e7820003 	str	r0, [r2, r3]
    6a18:	e594c030 	ldr	ip, [r4, #48]	@ 0x30
    6a1c:	e28ce004 	add	lr, ip, #4
    6a20:	e584e030 	str	lr, [r4, #48]	@ 0x30
    6a24:	ee071a10 	vmov	s14, r1
    6a28:	eeb80b47 	vcvt.f64.u32	d0, s14
    6a2c:	ee380b40 	vsub.f64	d0, d8, d0
    6a30:	e3a0c000 	mov	ip, #0
    6a34:	e59fea68 	ldr	lr, [pc, #2664]	@ 0x74a4
    6a38:	ec4eca11 	vmov	s2, s3, ip, lr
    6a3c:	ee200b01 	vmul.f64	d0, d0, d1
    6a40:	eeb08b40 	vmov.f64	d8, d0
    6a44:	e3a0c000 	mov	ip, #0
    6a48:	ec4cca11 	vmov	s2, s3, ip, ip
    6a4c:	eeb40b41 	vcmp.f64	d0, d1
    6a50:	eef1fa10 	vmrs	APSR_nzcv, fpscr
    6a54:	1affffe4 	bne	0x69ec
    6a58:	e594c044 	ldr	ip, [r4, #68]	@ 0x44
    6a5c:	e35c0001 	cmp	ip, #1
    6a60:	aa000006 	bge	0x6a80
    6a64:	e594e044 	ldr	lr, [r4, #68]	@ 0x44
    6a68:	e584e04c 	str	lr, [r4, #76]	@ 0x4c
    6a6c:	e594e030 	ldr	lr, [r4, #48]	@ 0x30
    6a70:	e584e02c 	str	lr, [r4, #44]	@ 0x2c
    6a74:	e594e048 	ldr	lr, [r4, #72]	@ 0x48
    6a78:	e584e050 	str	lr, [r4, #80]	@ 0x50
    6a7c:	ea000082 	b	0x6c8c
    6a80:	e594e048 	ldr	lr, [r4, #72]	@ 0x48
    6a84:	e584e050 	str	lr, [r4, #80]	@ 0x50
    6a88:	e594e044 	ldr	lr, [r4, #68]	@ 0x44
    6a8c:	e584e04c 	str	lr, [r4, #76]	@ 0x4c
    6a90:	e594c04c 	ldr	ip, [r4, #76]	@ 0x4c
    6a94:	e35c001d 	cmp	ip, #29
    6a98:	e3a0e01d 	mov	lr, #29
    6a9c:	e594c04c 	ldr	ip, [r4, #76]	@ 0x4c
    6aa0:	31a0e00c 	movcc	lr, ip
    6aa4:	e584e04c 	str	lr, [r4, #76]	@ 0x4c
    6aa8:	e594c030 	ldr	ip, [r4, #48]	@ 0x30
    6aac:	e24c0004 	sub	r0, ip, #4
    6ab0:	e1a09000 	mov	r9, r0
    6ab4:	e594c050 	ldr	ip, [r4, #80]	@ 0x50
    6ab8:	e150000c 	cmp	r0, ip
    6abc:	3a000049 	bcc	0x6be8
    6ac0:	e594704c 	ldr	r7, [r4, #76]	@ 0x4c
    6ac4:	e3a08000 	mov	r8, #0
    6ac8:	e3a06000 	mov	r6, #0
    6acc:	e3a03000 	mov	r3, #0
    6ad0:	e1a0a009 	mov	sl, r9
    6ad4:	e5952030 	ldr	r2, [r5, #48]	@ 0x30
    6ad8:	e59fc984 	ldr	ip, [pc, #2436]	@ 0x7464
    6adc:	e15a000c 	cmp	sl, ip
    6ae0:	8a0005c4 	bhi	0x81f8
    6ae4:	e792000a 	ldr	r0, [r2, sl]
    6ae8:	e3a01000 	mov	r1, #0
    6aec:	e1a02007 	mov	r2, r7
    6af0:	e3120020 	tst	r2, #32
    6af4:	1a000006 	bne	0x6b14
    6af8:	e202201f 	and	r2, r2, #31
    6afc:	e1a01211 	lsl	r1, r1, r2
    6b00:	e1a0c0a0 	lsr	ip, r0, #1
    6b04:	e222e01f 	eor	lr, r2, #31
    6b08:	e1811e3c 	orr	r1, r1, ip, lsr lr
    6b0c:	e1a00210 	lsl	r0, r0, r2
    6b10:	ea000002 	b	0x6b20
    6b14:	e202e01f 	and	lr, r2, #31
    6b18:	e1a01e10 	lsl	r1, r0, lr
    6b1c:	e3a00000 	mov	r0, #0
    6b20:	e090a006 	adds	sl, r0, r6
    6b24:	e0a1b003 	adc	fp, r1, r3
    6b28:	e584a074 	str	sl, [r4, #116]	@ 0x74
    6b2c:	e584b078 	str	fp, [r4, #120]	@ 0x78
    6b30:	e59fe970 	ldr	lr, [pc, #2416]	@ 0x74a8
    6b34:	e58de00c 	str	lr, [sp, #12]
    6b38:	e3a0e000 	mov	lr, #0
    6b3c:	e58de010 	str	lr, [sp, #16]
    6b40:	e2840074 	add	r0, r4, #116	@ 0x74
    6b44:	e28d100c 	add	r1, sp, #12
    6b48:	e28d2004 	add	r2, sp, #4
    6b4c:	e59fc958 	ldr	ip, [pc, #2392]	@ 0x74ac
    6b50:	e12fff3c 	blx	ip
    6b54:	e59d0004 	ldr	r0, [sp, #4]
    6b58:	e59d1008 	ldr	r1, [sp, #8]
    6b5c:	e1a06000 	mov	r6, r0
    6b60:	e1a03001 	mov	r3, r1
    6b64:	e1a02001 	mov	r2, r1
    6b68:	e59f1938 	ldr	r1, [pc, #2360]	@ 0x74a8
    6b6c:	e0020192 	mul	r2, r2, r1
    6b70:	e0810091 	umull	r0, r1, r1, r0
    6b74:	e0822001 	add	r2, r2, r1
    6b78:	e1a01002 	mov	r1, r2
    6b7c:	e05aa000 	subs	sl, sl, r0
    6b80:	e0cbb001 	sbc	fp, fp, r1
    6b84:	e1a01009 	mov	r1, r9
    6b88:	e5950030 	ldr	r0, [r5, #48]	@ 0x30
    6b8c:	e59fc8d0 	ldr	ip, [pc, #2256]	@ 0x7464
    6b90:	e151000c 	cmp	r1, ip
    6b94:	8a000597 	bhi	0x81f8
    6b98:	e780a001 	str	sl, [r0, r1]
    6b9c:	e2490004 	sub	r0, r9, #4
    6ba0:	e1a09000 	mov	r9, r0
    6ba4:	e594c050 	ldr	ip, [r4, #80]	@ 0x50
    6ba8:	e150000c 	cmp	r0, ip
    6bac:	2affffc7 	bcs	0x6ad0
    6bb0:	e594c074 	ldr	ip, [r4, #116]	@ 0x74
    6bb4:	e59fe8ec 	ldr	lr, [pc, #2284]	@ 0x74a8
    6bb8:	e15c000e 	cmp	ip, lr
    6bbc:	e594c078 	ldr	ip, [r4, #120]	@ 0x78
    6bc0:	e2dcc000 	sbcs	ip, ip, #0
    6bc4:	3a000007 	bcc	0x6be8
    6bc8:	e594c050 	ldr	ip, [r4, #80]	@ 0x50
    6bcc:	e24c0004 	sub	r0, ip, #4
    6bd0:	e5840050 	str	r0, [r4, #80]	@ 0x50
    6bd4:	e5951030 	ldr	r1, [r5, #48]	@ 0x30
    6bd8:	e59fc884 	ldr	ip, [pc, #2180]	@ 0x7464
    6bdc:	e150000c 	cmp	r0, ip
    6be0:	8a000584 	bhi	0x81f8
    6be4:	e7816000 	str	r6, [r1, r0]
    6be8:	e594e030 	ldr	lr, [r4, #48]	@ 0x30
    6bec:	e584e02c 	str	lr, [r4, #44]	@ 0x2c
    6bf0:	e594e050 	ldr	lr, [r4, #80]	@ 0x50
    6bf4:	e594c030 	ldr	ip, [r4, #48]	@ 0x30
    6bf8:	e15c000e 	cmp	ip, lr
    6bfc:	9a00000a 	bls	0x6c2c
    6c00:	e594c02c 	ldr	ip, [r4, #44]	@ 0x2c
    6c04:	e24c0004 	sub	r0, ip, #4
    6c08:	e5840030 	str	r0, [r4, #48]	@ 0x30
    6c0c:	e1a02000 	mov	r2, r0
    6c10:	e5951030 	ldr	r1, [r5, #48]	@ 0x30
    6c14:	e59fc848 	ldr	ip, [pc, #2120]	@ 0x7464
    6c18:	e152000c 	cmp	r2, ip
    6c1c:	8a000575 	bhi	0x81f8
    6c20:	e7910002 	ldr	r0, [r1, r2]
    6c24:	e3500000 	cmp	r0, #0
    6c28:	0affffee 	beq	0x6be8
    6c2c:	e594201c 	ldr	r2, [r4, #28]
    6c30:	e5951030 	ldr	r1, [r5, #48]	@ 0x30
    6c34:	e292202c 	adds	r2, r2, #44	@ 0x2c
    6c38:	2a00056e 	bcs	0x81f8
    6c3c:	e59fc820 	ldr	ip, [pc, #2080]	@ 0x7464
    6c40:	e152000c 	cmp	r2, ip
    6c44:	8a00056b 	bhi	0x81f8
    6c48:	e7910002 	ldr	r0, [r1, r2]
    6c4c:	e594c04c 	ldr	ip, [r4, #76]	@ 0x4c
    6c50:	e040000c 	sub	r0, r0, ip
    6c54:	e584004c 	str	r0, [r4, #76]	@ 0x4c
    6c58:	e594201c 	ldr	r2, [r4, #28]
    6c5c:	e5951030 	ldr	r1, [r5, #48]	@ 0x30
    6c60:	e292202c 	adds	r2, r2, #44	@ 0x2c
    6c64:	2a000563 	bcs	0x81f8
    6c68:	e59fc7f4 	ldr	ip, [pc, #2036]	@ 0x7464
    6c6c:	e152000c 	cmp	r2, ip
    6c70:	8a000560 	bhi	0x81f8
    6c74:	e7810002 	str	r0, [r1, r2]
    6c78:	e594e02c 	ldr	lr, [r4, #44]	@ 0x2c
    6c7c:	e584e030 	str	lr, [r4, #48]	@ 0x30
    6c80:	e594c04c 	ldr	ip, [r4, #76]	@ 0x4c
    6c84:	e35c0000 	cmp	ip, #0
    6c88:	caffff80 	bgt	0x6a90
    6c8c:	e594c04c 	ldr	ip, [r4, #76]	@ 0x4c
    6c90:	e37c0001 	cmn	ip, #1
    6c94:	ca000080 	bgt	0x6e9c
    6c98:	e594c040 	ldr	ip, [r4, #64]	@ 0x40
    6c9c:	e28c0019 	add	r0, ip, #25
    6ca0:	e3a01009 	mov	r1, #9
    6ca4:	e52d3010 	str	r3, [sp, #-16]!
    6ca8:	e58d2004 	str	r2, [sp, #4]
    6cac:	e58d1008 	str	r1, [sp, #8]
    6cb0:	e59fc7f8 	ldr	ip, [pc, #2040]	@ 0x74b0
    6cb4:	e12fff3c 	blx	ip
    6cb8:	e59d1008 	ldr	r1, [sp, #8]
    6cbc:	e59d2004 	ldr	r2, [sp, #4]
    6cc0:	e49d3010 	ldr	r3, [sp], #16
    6cc4:	e280e001 	add	lr, r0, #1
    6cc8:	e584e054 	str	lr, [r4, #84]	@ 0x54
    6ccc:	e594c03c 	ldr	ip, [r4, #60]	@ 0x3c
    6cd0:	e35c0066 	cmp	ip, #102	@ 0x66
    6cd4:	e3a0c000 	mov	ip, #0
    6cd8:	03a0c001 	moveq	ip, #1
    6cdc:	e584c058 	str	ip, [r4, #88]	@ 0x58
    6ce0:	e594c04c 	ldr	ip, [r4, #76]	@ 0x4c
    6ce4:	e26c1000 	rsb	r1, ip, #0
    6ce8:	e1a02001 	mov	r2, r1
    6cec:	e3520009 	cmp	r2, #9
    6cf0:	23a01009 	movcs	r1, #9
    6cf4:	e594e02c 	ldr	lr, [r4, #44]	@ 0x2c
    6cf8:	e594c050 	ldr	ip, [r4, #80]	@ 0x50
    6cfc:	e15c000e 	cmp	ip, lr
    6d00:	3a000009 	bcc	0x6d2c
    6d04:	e5946050 	ldr	r6, [r4, #80]	@ 0x50
    6d08:	e5953030 	ldr	r3, [r5, #48]	@ 0x30
    6d0c:	e59fc750 	ldr	ip, [pc, #1872]	@ 0x7464
    6d10:	e156000c 	cmp	r6, ip
    6d14:	8a000537 	bhi	0x81f8
    6d18:	e7932006 	ldr	r2, [r3, r6]
    6d1c:	e3520000 	cmp	r2, #0
    6d20:	e3a03000 	mov	r3, #0
    6d24:	03a03004 	moveq	r3, #4
    6d28:	ea000033 	b	0x6dfc
    6d2c:	e59fc774 	ldr	ip, [pc, #1908]	@ 0x74a8
    6d30:	e201e01f 	and	lr, r1, #31
    6d34:	e1a02e3c 	lsr	r2, ip, lr
    6d38:	e3e0c000 	mvn	ip, #0
    6d3c:	e201e01f 	and	lr, r1, #31
    6d40:	e1a06e1c 	lsl	r6, ip, lr
    6d44:	e1e06006 	mvn	r6, r6
    6d48:	e3a07000 	mov	r7, #0
    6d4c:	e5948050 	ldr	r8, [r4, #80]	@ 0x50
    6d50:	e1a0b008 	mov	fp, r8
    6d54:	e595a030 	ldr	sl, [r5, #48]	@ 0x30
    6d58:	e59fc704 	ldr	ip, [pc, #1796]	@ 0x7464
    6d5c:	e15b000c 	cmp	fp, ip
    6d60:	8a000524 	bhi	0x81f8
    6d64:	e79a900b 	ldr	r9, [sl, fp]
    6d68:	e1a0a009 	mov	sl, r9
    6d6c:	e201e01f 	and	lr, r1, #31
    6d70:	e1a09e39 	lsr	r9, r9, lr
    6d74:	e0899007 	add	r9, r9, r7
    6d78:	e1a00008 	mov	r0, r8
    6d7c:	e595b030 	ldr	fp, [r5, #48]	@ 0x30
    6d80:	e59fc6dc 	ldr	ip, [pc, #1756]	@ 0x7464
    6d84:	e150000c 	cmp	r0, ip
    6d88:	8a00051a 	bhi	0x81f8
    6d8c:	e78b9000 	str	r9, [fp, r0]
    6d90:	e00aa006 	and	sl, sl, r6
    6d94:	e007029a 	mul	r7, sl, r2
    6d98:	e2880004 	add	r0, r8, #4
    6d9c:	e1a08000 	mov	r8, r0
    6da0:	e594c02c 	ldr	ip, [r4, #44]	@ 0x2c
    6da4:	e150000c 	cmp	r0, ip
    6da8:	3affffe8 	bcc	0x6d50
    6dac:	e5946050 	ldr	r6, [r4, #80]	@ 0x50
    6db0:	e5952030 	ldr	r2, [r5, #48]	@ 0x30
    6db4:	e59fc6a8 	ldr	ip, [pc, #1704]	@ 0x7464
    6db8:	e156000c 	cmp	r6, ip
    6dbc:	8a00050d 	bhi	0x81f8
    6dc0:	e7920006 	ldr	r0, [r2, r6]
    6dc4:	e3500000 	cmp	r0, #0
    6dc8:	e3a03000 	mov	r3, #0
    6dcc:	03a03004 	moveq	r3, #4
    6dd0:	e3570000 	cmp	r7, #0
    6dd4:	0a000008 	beq	0x6dfc
    6dd8:	e594202c 	ldr	r2, [r4, #44]	@ 0x2c
    6ddc:	e5950030 	ldr	r0, [r5, #48]	@ 0x30
    6de0:	e59fc67c 	ldr	ip, [pc, #1660]	@ 0x7464
    6de4:	e152000c 	cmp	r2, ip
    6de8:	8a000502 	bhi	0x81f8
    6dec:	e7807002 	str	r7, [r0, r2]
    6df0:	e594c02c 	ldr	ip, [r4, #44]	@ 0x2c
    6df4:	e28ce004 	add	lr, ip, #4
    6df8:	e584e02c 	str	lr, [r4, #44]	@ 0x2c
    6dfc:	e594601c 	ldr	r6, [r4, #28]
    6e00:	e5952030 	ldr	r2, [r5, #48]	@ 0x30
    6e04:	e296602c 	adds	r6, r6, #44	@ 0x2c
    6e08:	2a0004fa 	bcs	0x81f8
    6e0c:	e59fc650 	ldr	ip, [pc, #1616]	@ 0x7464
    6e10:	e156000c 	cmp	r6, ip
    6e14:	8a0004f7 	bhi	0x81f8
    6e18:	e7920006 	ldr	r0, [r2, r6]
    6e1c:	e0800001 	add	r0, r0, r1
    6e20:	e584004c 	str	r0, [r4, #76]	@ 0x4c
    6e24:	e594201c 	ldr	r2, [r4, #28]
    6e28:	e5951030 	ldr	r1, [r5, #48]	@ 0x30
    6e2c:	e292202c 	adds	r2, r2, #44	@ 0x2c
    6e30:	2a0004f0 	bcs	0x81f8
    6e34:	e59fc628 	ldr	ip, [pc, #1576]	@ 0x7464
    6e38:	e152000c 	cmp	r2, ip
    6e3c:	8a0004ed 	bhi	0x81f8
    6e40:	e7810002 	str	r0, [r1, r2]
    6e44:	e594c050 	ldr	ip, [r4, #80]	@ 0x50
    6e48:	e08c3003 	add	r3, ip, r3
    6e4c:	e5843050 	str	r3, [r4, #80]	@ 0x50
    6e50:	e594c058 	ldr	ip, [r4, #88]	@ 0x58
    6e54:	e35c0000 	cmp	ip, #0
    6e58:	e594c048 	ldr	ip, [r4, #72]	@ 0x48
    6e5c:	11a0300c 	movne	r3, ip
    6e60:	e1a00003 	mov	r0, r3
    6e64:	e594c054 	ldr	ip, [r4, #84]	@ 0x54
    6e68:	e1a0110c 	lsl	r1, ip, #2
    6e6c:	e0833001 	add	r3, r3, r1
    6e70:	e594c02c 	ldr	ip, [r4, #44]	@ 0x2c
    6e74:	e04c0000 	sub	r0, ip, r0
    6e78:	e1a00140 	asr	r0, r0, #2
    6e7c:	e594c054 	ldr	ip, [r4, #84]	@ 0x54
    6e80:	e150000c 	cmp	r0, ip
    6e84:	e594e02c 	ldr	lr, [r4, #44]	@ 0x2c
    6e88:	c1a0e003 	movgt	lr, r3
    6e8c:	e584e02c 	str	lr, [r4, #44]	@ 0x2c
    6e90:	e594c04c 	ldr	ip, [r4, #76]	@ 0x4c
    6e94:	e35c0000 	cmp	ip, #0
    6e98:	baffff90 	blt	0x6ce0
    6e9c:	e3a06000 	mov	r6, #0
    6ea0:	e594e02c 	ldr	lr, [r4, #44]	@ 0x2c
    6ea4:	e594c050 	ldr	ip, [r4, #80]	@ 0x50
    6ea8:	e15c000e 	cmp	ip, lr
    6eac:	2a000015 	bcs	0x6f08
    6eb0:	e594e050 	ldr	lr, [r4, #80]	@ 0x50
    6eb4:	e594c048 	ldr	ip, [r4, #72]	@ 0x48
    6eb8:	e04c000e 	sub	r0, ip, lr
    6ebc:	e1a00140 	asr	r0, r0, #2
    6ec0:	e3a0c009 	mov	ip, #9
    6ec4:	e0060c90 	mul	r6, r0, ip
    6ec8:	e3a0000a 	mov	r0, #10
    6ecc:	e5943050 	ldr	r3, [r4, #80]	@ 0x50
    6ed0:	e5952030 	ldr	r2, [r5, #48]	@ 0x30
    6ed4:	e59fc588 	ldr	ip, [pc, #1416]	@ 0x7464
    6ed8:	e153000c 	cmp	r3, ip
    6edc:	8a0004c5 	bhi	0x81f8
    6ee0:	e7921003 	ldr	r1, [r2, r3]
    6ee4:	e1a02001 	mov	r2, r1
    6ee8:	e351000a 	cmp	r1, #10
    6eec:	3a000005 	bcc	0x6f08
    6ef0:	e2866001 	add	r6, r6, #1
    6ef4:	e3a0c00a 	mov	ip, #10
    6ef8:	e0010c90 	mul	r1, r0, ip
    6efc:	e1a00001 	mov	r0, r1
    6f00:	e1520001 	cmp	r2, r1
    6f04:	2afffff9 	bcs	0x6ef0
    6f08:	e594c03c 	ldr	ip, [r4, #60]	@ 0x3c
    6f0c:	e35c0066 	cmp	ip, #102	@ 0x66
    6f10:	e3a00000 	mov	r0, #0
    6f14:	11a00006 	movne	r0, r6
    6f18:	e594c040 	ldr	ip, [r4, #64]	@ 0x40
    6f1c:	e04c0000 	sub	r0, ip, r0
    6f20:	e594c040 	ldr	ip, [r4, #64]	@ 0x40
    6f24:	e35c0000 	cmp	ip, #0
    6f28:	e3a01000 	mov	r1, #0
    6f2c:	13a01001 	movne	r1, #1
    6f30:	e594c03c 	ldr	ip, [r4, #60]	@ 0x3c
    6f34:	e35c0067 	cmp	ip, #103	@ 0x67
    6f38:	e3a02000 	mov	r2, #0
    6f3c:	03a02001 	moveq	r2, #1
    6f40:	e0011002 	and	r1, r1, r2
    6f44:	e0400001 	sub	r0, r0, r1
    6f48:	e1a01000 	mov	r1, r0
    6f4c:	e594e048 	ldr	lr, [r4, #72]	@ 0x48
    6f50:	e594c02c 	ldr	ip, [r4, #44]	@ 0x2c
    6f54:	e04c200e 	sub	r2, ip, lr
    6f58:	e1a02142 	asr	r2, r2, #2
    6f5c:	e3a0c009 	mov	ip, #9
    6f60:	e0020c92 	mul	r2, r2, ip
    6f64:	e2422009 	sub	r2, r2, #9
    6f68:	e1500002 	cmp	r0, r2
    6f6c:	aa0000df 	bge	0x72f0
    6f70:	e3a0200a 	mov	r2, #10
    6f74:	e2813d90 	add	r3, r1, #144, 26	@ 0x2400
    6f78:	e1a00003 	mov	r0, r3
    6f7c:	e3a01009 	mov	r1, #9
    6f80:	e52d3010 	str	r3, [sp, #-16]!
    6f84:	e58d2004 	str	r2, [sp, #4]
    6f88:	e58d1008 	str	r1, [sp, #8]
    6f8c:	e59fc520 	ldr	ip, [pc, #1312]	@ 0x74b4
    6f90:	e12fff3c 	blx	ip
    6f94:	e59d1008 	ldr	r1, [sp, #8]
    6f98:	e59d2004 	ldr	r2, [sp, #4]
    6f9c:	e49d3010 	ldr	r3, [sp], #16
    6fa0:	e1a01000 	mov	r1, r0
    6fa4:	e3a0c009 	mov	ip, #9
    6fa8:	e0000c90 	mul	r0, r0, ip
    6fac:	e0433000 	sub	r3, r3, r0
    6fb0:	e1a00003 	mov	r0, r3
    6fb4:	e3530007 	cmp	r3, #7
    6fb8:	ca000005 	bgt	0x6fd4
    6fbc:	e3a0c00a 	mov	ip, #10
    6fc0:	e0020c92 	mul	r2, r2, ip
    6fc4:	e2803001 	add	r3, r0, #1
    6fc8:	e1a00003 	mov	r0, r3
    6fcc:	e3530008 	cmp	r3, #8
    6fd0:	1afffff9 	bne	0x6fbc
    6fd4:	e594c01c 	ldr	ip, [r4, #28]
    6fd8:	e28c0030 	add	r0, ip, #48	@ 0x30
    6fdc:	e594c044 	ldr	ip, [r4, #68]	@ 0x44
    6fe0:	e35c0000 	cmp	ip, #0
    6fe4:	e3e03c0f 	mvn	r3, #3840	@ 0xf00
    6fe8:	e3c330fb 	bic	r3, r3, #251	@ 0xfb
    6fec:	e3e0cc0e 	mvn	ip, #3584	@ 0xe00
    6ff0:	e3ccc0db 	bic	ip, ip, #219	@ 0xdb
    6ff4:	a1a0300c 	movge	r3, ip
    6ff8:	e0800003 	add	r0, r0, r3
    6ffc:	e1a01101 	lsl	r1, r1, #2
    7000:	e0800001 	add	r0, r0, r1
    7004:	e1a03000 	mov	r3, r0
    7008:	e2807004 	add	r7, r0, #4
    700c:	e1a01003 	mov	r1, r3
    7010:	e5950030 	ldr	r0, [r5, #48]	@ 0x30
    7014:	e59fc448 	ldr	ip, [pc, #1096]	@ 0x7464
    7018:	e151000c 	cmp	r1, ip
    701c:	8a000475 	bhi	0x81f8
    7020:	e7908001 	ldr	r8, [r0, r1]
    7024:	e1a09008 	mov	r9, r8
    7028:	e1a00009 	mov	r0, r9
    702c:	e1a01002 	mov	r1, r2
    7030:	e3510000 	cmp	r1, #0
    7034:	0a00046d 	beq	0x81f0
    7038:	e52d3010 	str	r3, [sp, #-16]!
    703c:	e58d2004 	str	r2, [sp, #4]
    7040:	e58d1008 	str	r1, [sp, #8]
    7044:	e59fc46c 	ldr	ip, [pc, #1132]	@ 0x74b8
    7048:	e12fff3c 	blx	ip
    704c:	e59d1008 	ldr	r1, [sp, #8]
    7050:	e59d2004 	ldr	r2, [sp, #4]
    7054:	e49d3010 	ldr	r3, [sp], #16
    7058:	e5840054 	str	r0, [r4, #84]	@ 0x54
    705c:	e0000290 	mul	r0, r0, r2
    7060:	e0488000 	sub	r8, r8, r0
    7064:	e1a00008 	mov	r0, r8
    7068:	e3580000 	cmp	r8, #0
    706c:	1a000002 	bne	0x707c
    7070:	e594c02c 	ldr	ip, [r4, #44]	@ 0x2c
    7074:	e157000c 	cmp	r7, ip
    7078:	0a000095 	beq	0x72d4
    707c:	e594c054 	ldr	ip, [r4, #84]	@ 0x54
    7080:	e31c0001 	tst	ip, #1
    7084:	1a000013 	bne	0x70d8
    7088:	e3a0c000 	mov	ip, #0
    708c:	e3a0e101 	mov	lr, #1073741824	@ 0x40000000
    7090:	e38ee50d 	orr	lr, lr, #54525952	@ 0x3400000
    7094:	ec4eca10 	vmov	s0, s1, ip, lr
    7098:	e59fc408 	ldr	ip, [pc, #1032]	@ 0x74a8
    709c:	e152000c 	cmp	r2, ip
    70a0:	1a000010 	bne	0x70e8
    70a4:	e594c050 	ldr	ip, [r4, #80]	@ 0x50
    70a8:	e153000c 	cmp	r3, ip
    70ac:	9a00000d 	bls	0x70e8
    70b0:	e2431004 	sub	r1, r3, #4
    70b4:	e1a0a001 	mov	sl, r1
    70b8:	e5958030 	ldr	r8, [r5, #48]	@ 0x30
    70bc:	e3e0c4fe 	mvn	ip, #-33554432	@ 0xfe000000
    70c0:	e3ccc8fe 	bic	ip, ip, #16646144	@ 0xfe0000
    70c4:	e15a000c 	cmp	sl, ip
    70c8:	8a00044a 	bhi	0x81f8
    70cc:	e7d8100a 	ldrb	r1, [r8, sl]
    70d0:	e3110001 	tst	r1, #1
    70d4:	0a000003 	beq	0x70e8
    70d8:	e3a0c001 	mov	ip, #1
    70dc:	e3a0e101 	mov	lr, #1073741824	@ 0x40000000
    70e0:	e38ee50d 	orr	lr, lr, #54525952	@ 0x3400000
    70e4:	ec4eca10 	vmov	s0, s1, ip, lr
    70e8:	e594c02c 	ldr	ip, [r4, #44]	@ 0x2c
    70ec:	e157000c 	cmp	r7, ip
    70f0:	e3a0c000 	mov	ip, #0
    70f4:	e3a0e203 	mov	lr, #805306368	@ 0x30000000
    70f8:	e38ee6ff 	orr	lr, lr, #267386880	@ 0xff00000
    70fc:	ec4eca11 	vmov	s2, s3, ip, lr
    7100:	e3a0c000 	mov	ip, #0
    7104:	e3a0e30f 	mov	lr, #1006632960	@ 0x3c000000
    7108:	e38ee7fe 	orr	lr, lr, #66584576	@ 0x3f80000
    710c:	ec4eca12 	vmov	s4, s5, ip, lr
    7110:	eeb03b41 	vmov.f64	d3, d1
    7114:	1eb03b42 	vmovne.f64	d3, d2
    7118:	e1a010a2 	lsr	r1, r2, #1
    711c:	e1a07001 	mov	r7, r1
    7120:	e1500001 	cmp	r0, r1
    7124:	e3a0c000 	mov	ip, #0
    7128:	e3a0e30f 	mov	lr, #1006632960	@ 0x3c000000
    712c:	e38ee7fe 	orr	lr, lr, #66584576	@ 0x3f80000
    7130:	ec4eca11 	vmov	s2, s3, ip, lr
    7134:	1eb03b41 	vmovne.f64	d3, d1
    7138:	e1500007 	cmp	r0, r7
    713c:	e3a0c000 	mov	ip, #0
    7140:	e3a0e203 	mov	lr, #805306368	@ 0x30000000
    7144:	e38ee6fe 	orr	lr, lr, #266338304	@ 0xfe00000
    7148:	ec4eca11 	vmov	s2, s3, ip, lr
    714c:	3eb03b41 	vmovcc.f64	d3, d1
    7150:	e594c020 	ldr	ip, [r4, #32]
    7154:	e35c0000 	cmp	ip, #0
    7158:	1a00000a 	bne	0x7188
    715c:	e5948028 	ldr	r8, [r4, #40]	@ 0x28
    7160:	e5957030 	ldr	r7, [r5, #48]	@ 0x30
    7164:	e3e0c4fe 	mvn	ip, #-33554432	@ 0xfe000000
    7168:	e3ccc8fe 	bic	ip, ip, #16646144	@ 0xfe0000
    716c:	e158000c 	cmp	r8, ip
    7170:	8a000420 	bhi	0x81f8
    7174:	e7d71008 	ldrb	r1, [r7, r8]
    7178:	e351002d 	cmp	r1, #45	@ 0x2d
    717c:	1a000001 	bne	0x7188
    7180:	eeb13b43 	vneg.f64	d3, d3
    7184:	eeb10b40 	vneg.f64	d0, d0
    7188:	e0499000 	sub	r9, r9, r0
    718c:	e1a00009 	mov	r0, r9
    7190:	e1a07003 	mov	r7, r3
    7194:	e5951030 	ldr	r1, [r5, #48]	@ 0x30
    7198:	e59fc2c4 	ldr	ip, [pc, #708]	@ 0x7464
    719c:	e157000c 	cmp	r7, ip
    71a0:	8a000414 	bhi	0x81f8
    71a4:	e7819007 	str	r9, [r1, r7]
    71a8:	ee303b03 	vadd.f64	d3, d0, d3
    71ac:	eeb43b40 	vcmp.f64	d3, d0
    71b0:	eef1fa10 	vmrs	APSR_nzcv, fpscr
    71b4:	0a000046 	beq	0x72d4
    71b8:	e0800002 	add	r0, r0, r2
    71bc:	e1a01000 	mov	r1, r0
    71c0:	e1a07003 	mov	r7, r3
    71c4:	e5952030 	ldr	r2, [r5, #48]	@ 0x30
    71c8:	e59fc294 	ldr	ip, [pc, #660]	@ 0x7464
    71cc:	e157000c 	cmp	r7, ip
    71d0:	8a000408 	bhi	0x81f8
    71d4:	e7820007 	str	r0, [r2, r7]
    71d8:	e59fc2c8 	ldr	ip, [pc, #712]	@ 0x74a8
    71dc:	e151000c 	cmp	r1, ip
    71e0:	3a000025 	bcc	0x727c
    71e4:	e1a01003 	mov	r1, r3
    71e8:	e5950030 	ldr	r0, [r5, #48]	@ 0x30
    71ec:	e59fc270 	ldr	ip, [pc, #624]	@ 0x7464
    71f0:	e151000c 	cmp	r1, ip
    71f4:	8a0003ff 	bhi	0x81f8
    71f8:	e3a0e000 	mov	lr, #0
    71fc:	e780e001 	str	lr, [r0, r1]
    7200:	e2430004 	sub	r0, r3, #4
    7204:	e1a03000 	mov	r3, r0
    7208:	e594c050 	ldr	ip, [r4, #80]	@ 0x50
    720c:	e150000c 	cmp	r0, ip
    7210:	2a000008 	bcs	0x7238
    7214:	e594c050 	ldr	ip, [r4, #80]	@ 0x50
    7218:	e24c0004 	sub	r0, ip, #4
    721c:	e5840050 	str	r0, [r4, #80]	@ 0x50
    7220:	e5951030 	ldr	r1, [r5, #48]	@ 0x30
    7224:	e59fc238 	ldr	ip, [pc, #568]	@ 0x7464
    7228:	e150000c 	cmp	r0, ip
    722c:	8a0003f1 	bhi	0x81f8
    7230:	e3a0e000 	mov	lr, #0
    7234:	e781e000 	str	lr, [r1, r0]
    7238:	e1a02003 	mov	r2, r3
    723c:	e5951030 	ldr	r1, [r5, #48]	@ 0x30
    7240:	e59fc21c 	ldr	ip, [pc, #540]	@ 0x7464
    7244:	e152000c 	cmp	r2, ip
    7248:	8a0003ea 	bhi	0x81f8
    724c:	e7910002 	ldr	r0, [r1, r2]
    7250:	e2800001 	add	r0, r0, #1
    7254:	e1a01000 	mov	r1, r0
    7258:	e1a07003 	mov	r7, r3
    725c:	e5952030 	ldr	r2, [r5, #48]	@ 0x30
    7260:	e59fc1fc 	ldr	ip, [pc, #508]	@ 0x7464
    7264:	e157000c 	cmp	r7, ip
    7268:	8a0003e2 	bhi	0x81f8
    726c:	e7820007 	str	r0, [r2, r7]
    7270:	e59fc244 	ldr	ip, [pc, #580]	@ 0x74bc
    7274:	e151000c 	cmp	r1, ip
    7278:	8affffd9 	bhi	0x71e4
    727c:	e594e050 	ldr	lr, [r4, #80]	@ 0x50
    7280:	e594c048 	ldr	ip, [r4, #72]	@ 0x48
    7284:	e04c000e 	sub	r0, ip, lr
    7288:	e1a00140 	asr	r0, r0, #2
    728c:	e3a0c009 	mov	ip, #9
    7290:	e0060c90 	mul	r6, r0, ip
    7294:	e3a0000a 	mov	r0, #10
    7298:	e5947050 	ldr	r7, [r4, #80]	@ 0x50
    729c:	e5952030 	ldr	r2, [r5, #48]	@ 0x30
    72a0:	e59fc1bc 	ldr	ip, [pc, #444]	@ 0x7464
    72a4:	e157000c 	cmp	r7, ip
    72a8:	8a0003d2 	bhi	0x81f8
    72ac:	e7921007 	ldr	r1, [r2, r7]
    72b0:	e1a02001 	mov	r2, r1
    72b4:	e351000a 	cmp	r1, #10
    72b8:	3a000005 	bcc	0x72d4
    72bc:	e2866001 	add	r6, r6, #1
    72c0:	e3a0c00a 	mov	ip, #10
    72c4:	e0010c90 	mul	r1, r0, ip
    72c8:	e1a00001 	mov	r0, r1
    72cc:	e1520001 	cmp	r2, r1
    72d0:	2afffff9 	bcs	0x72bc
    72d4:	e2833004 	add	r3, r3, #4
    72d8:	e1a00003 	mov	r0, r3
    72dc:	e594c02c 	ldr	ip, [r4, #44]	@ 0x2c
    72e0:	e15c0000 	cmp	ip, r0
    72e4:	e594e02c 	ldr	lr, [r4, #44]	@ 0x2c
    72e8:	81a0e003 	movhi	lr, r3
    72ec:	e584e02c 	str	lr, [r4, #44]	@ 0x2c
    72f0:	e594702c 	ldr	r7, [r4, #44]	@ 0x2c
    72f4:	e594e050 	ldr	lr, [r4, #80]	@ 0x50
    72f8:	e594c02c 	ldr	ip, [r4, #44]	@ 0x2c
    72fc:	e15c000e 	cmp	ip, lr
    7300:	e3a00000 	mov	r0, #0
    7304:	93a00001 	movls	r0, #1
    7308:	e1a01000 	mov	r1, r0
    730c:	e3500000 	cmp	r0, #0
    7310:	1a000009 	bne	0x733c
    7314:	e2470004 	sub	r0, r7, #4
    7318:	e584002c 	str	r0, [r4, #44]	@ 0x2c
    731c:	e1a03000 	mov	r3, r0
    7320:	e5952030 	ldr	r2, [r5, #48]	@ 0x30
    7324:	e59fc138 	ldr	ip, [pc, #312]	@ 0x7464
    7328:	e153000c 	cmp	r3, ip
    732c:	8a0003b1 	bhi	0x81f8
    7330:	e7920003 	ldr	r0, [r2, r3]
    7334:	e3500000 	cmp	r0, #0
    7338:	0affffec 	beq	0x72f0
    733c:	e594c03c 	ldr	ip, [r4, #60]	@ 0x3c
    7340:	e35c0067 	cmp	ip, #103	@ 0x67
    7344:	0a000003 	beq	0x7358
    7348:	e594c014 	ldr	ip, [r4, #20]
    734c:	e20ce008 	and	lr, ip, #8
    7350:	e584e05c 	str	lr, [r4, #92]	@ 0x5c
    7354:	ea000099 	b	0x75c0
    7358:	e1e00006 	mvn	r0, r6
    735c:	e594c040 	ldr	ip, [r4, #64]	@ 0x40
    7360:	e35c0000 	cmp	ip, #0
    7364:	e3a02001 	mov	r2, #1
    7368:	e594c040 	ldr	ip, [r4, #64]	@ 0x40
    736c:	11a0200c 	movne	r2, ip
    7370:	e1a03002 	mov	r3, r2
    7374:	e1520006 	cmp	r2, r6
    7378:	e3a02000 	mov	r2, #0
    737c:	c3a02001 	movgt	r2, #1
    7380:	e3760005 	cmn	r6, #5
    7384:	e3a09000 	mov	r9, #0
    7388:	c3a09001 	movgt	r9, #1
    738c:	e0022009 	and	r2, r2, r9
    7390:	e1a09002 	mov	r9, r2
    7394:	e3520000 	cmp	r2, #0
    7398:	03e00000 	mvneq	r0, #0
    739c:	e080e003 	add	lr, r0, r3
    73a0:	e584e040 	str	lr, [r4, #64]	@ 0x40
    73a4:	e3590000 	cmp	r9, #0
    73a8:	e3e00000 	mvn	r0, #0
    73ac:	03e00001 	mvneq	r0, #1
    73b0:	e594c018 	ldr	ip, [r4, #24]
    73b4:	e080e00c 	add	lr, r0, ip
    73b8:	e584e018 	str	lr, [r4, #24]
    73bc:	e594c014 	ldr	ip, [r4, #20]
    73c0:	e20c0008 	and	r0, ip, #8
    73c4:	e584005c 	str	r0, [r4, #92]	@ 0x5c
    73c8:	e3500000 	cmp	r0, #0
    73cc:	1a00007b 	bne	0x75c0
    73d0:	e3e02008 	mvn	r2, #8
    73d4:	e3510000 	cmp	r1, #0
    73d8:	1a000053 	bne	0x752c
    73dc:	e2470004 	sub	r0, r7, #4
    73e0:	e1a03000 	mov	r3, r0
    73e4:	e5951030 	ldr	r1, [r5, #48]	@ 0x30
    73e8:	e59fc074 	ldr	ip, [pc, #116]	@ 0x7464
    73ec:	e153000c 	cmp	r3, ip
    73f0:	8a000380 	bhi	0x81f8
    73f4:	e7910003 	ldr	r0, [r1, r3]
    73f8:	e1a03000 	mov	r3, r0
    73fc:	e3500000 	cmp	r0, #0
    7400:	0a000049 	beq	0x752c
    7404:	e3a0900a 	mov	r9, #10
    7408:	e3a02000 	mov	r2, #0
    740c:	e1a00003 	mov	r0, r3
    7410:	e3a0100a 	mov	r1, #10
    7414:	e52d3008 	str	r3, [sp, #-8]!
    7418:	ea000028 	b	0x74c0
	...
    7438:	003fd304 	eorseq	sp, pc, r4, lsl #6
    743c:	000487b4 			@ <UNDEFINED> instruction: 0x000487b4
    7440:	003fd324 	eorseq	sp, pc, r4, lsr #6
    7444:	000487b4 			@ <UNDEFINED> instruction: 0x000487b4
    7448:	003fd364 	eorseq	sp, pc, r4, ror #6
    744c:	000487b4 			@ <UNDEFINED> instruction: 0x000487b4
    7450:	003fd398 	mlaseq	pc, r8, r3, sp	@ <UNPREDICTABLE>
    7454:	00047eac 	andeq	r7, r4, ip, lsr #29
    7458:	000487b4 			@ <UNDEFINED> instruction: 0x000487b4
    745c:	003fd660 	eorseq	sp, pc, r0, ror #12
    7460:	00047eac 	andeq	r7, r4, ip, lsr #29
    7464:	0101fffc 	strdeq	pc, [r1, -ip]
    7468:	0040959c 	umaaleq	r9, r0, ip, r5
    746c:	000487b4 			@ <UNDEFINED> instruction: 0x000487b4
    7470:	004095f0 	strdeq	r9, [r0], #-80	@ 0xffffffb0
    7474:	000487b4 			@ <UNDEFINED> instruction: 0x000487b4
    7478:	00409714 	subeq	r9, r0, r4, lsl r7
    747c:	000487b4 			@ <UNDEFINED> instruction: 0x000487b4
    7480:	0040972c 	subeq	r9, r0, ip, lsr #14
    7484:	000487b4 			@ <UNDEFINED> instruction: 0x000487b4
    7488:	004097d8 	ldrdeq	r9, [r0], #-120	@ 0xffffff88
    748c:	000487b4 			@ <UNDEFINED> instruction: 0x000487b4
    7490:	00409810 	subeq	r9, r0, r0, lsl r8
    7494:	000487b4 			@ <UNDEFINED> instruction: 0x000487b4
    7498:	0040987c 	subeq	r9, r0, ip, ror r8
    749c:	000487b4 			@ <UNDEFINED> instruction: 0x000487b4
    74a0:	00049280 	andeq	r9, r4, r0, lsl #5
    74a4:	41cdcd65 	bicmi	ip, sp, r5, ror #26
    74a8:	3b9aca00 	blcc	0xfe6b9cb0
    74ac:	00047d44 	andeq	r7, r4, r4, asr #26
    74b0:	001f44e8 	andseq	r4, pc, r8, ror #9
    74b4:	001f4728 	andseq	r4, pc, r8, lsr #14
    74b8:	001f44e8 	andseq	r4, pc, r8, ror #9
    74bc:	3b9ac9ff 	blcc	0xfe6b9cc0
    74c0:	e58d2004 	str	r2, [sp, #4]
    74c4:	e59fcfec 	ldr	ip, [pc, #4076]	@ 0x84b8
    74c8:	e12fff3c 	blx	ip
    74cc:	e59d2004 	ldr	r2, [sp, #4]
    74d0:	e49d3008 	ldr	r3, [sp], #8
    74d4:	e1a00001 	mov	r0, r1
    74d8:	e3500000 	cmp	r0, #0
    74dc:	1a000012 	bne	0x752c
    74e0:	e1a0a002 	mov	sl, r2
    74e4:	e2822001 	add	r2, r2, #1
    74e8:	e3a0c00a 	mov	ip, #10
    74ec:	e0000c99 	mul	r0, r9, ip
    74f0:	e1a09000 	mov	r9, r0
    74f4:	e1a01000 	mov	r1, r0
    74f8:	e1a00003 	mov	r0, r3
    74fc:	e3510000 	cmp	r1, #0
    7500:	0a00033a 	beq	0x81f0
    7504:	e52d3008 	str	r3, [sp, #-8]!
    7508:	e58d2004 	str	r2, [sp, #4]
    750c:	e59fcfa8 	ldr	ip, [pc, #4008]	@ 0x84bc
    7510:	e12fff3c 	blx	ip
    7514:	e59d2004 	ldr	r2, [sp, #4]
    7518:	e49d3008 	ldr	r3, [sp], #8
    751c:	e1a00001 	mov	r0, r1
    7520:	e3500000 	cmp	r0, #0
    7524:	0affffed 	beq	0x74e0
    7528:	e1e0200a 	mvn	r2, sl
    752c:	e594c048 	ldr	ip, [r4, #72]	@ 0x48
    7530:	e047000c 	sub	r0, r7, ip
    7534:	e1a00140 	asr	r0, r0, #2
    7538:	e3a0c009 	mov	ip, #9
    753c:	e0000c90 	mul	r0, r0, ip
    7540:	e594c018 	ldr	ip, [r4, #24]
    7544:	e3cc1020 	bic	r1, ip, #32
    7548:	e3510046 	cmp	r1, #70	@ 0x46
    754c:	1a00000d 	bne	0x7588
    7550:	e3a0e000 	mov	lr, #0
    7554:	e584e05c 	str	lr, [r4, #92]	@ 0x5c
    7558:	e0801002 	add	r1, r0, r2
    755c:	e2411009 	sub	r1, r1, #9
    7560:	e1a03001 	mov	r3, r1
    7564:	e3530000 	cmp	r3, #0
    7568:	d3a01000 	movle	r1, #0
    756c:	e1a03001 	mov	r3, r1
    7570:	e594c040 	ldr	ip, [r4, #64]	@ 0x40
    7574:	e15c0003 	cmp	ip, r3
    7578:	e594e040 	ldr	lr, [r4, #64]	@ 0x40
    757c:	a1a0e001 	movge	lr, r1
    7580:	e584e040 	str	lr, [r4, #64]	@ 0x40
    7584:	ea00000d 	b	0x75c0
    7588:	e3a0e000 	mov	lr, #0
    758c:	e584e05c 	str	lr, [r4, #92]	@ 0x5c
    7590:	e0860000 	add	r0, r6, r0
    7594:	e0800002 	add	r0, r0, r2
    7598:	e2400009 	sub	r0, r0, #9
    759c:	e1a01000 	mov	r1, r0
    75a0:	e3510000 	cmp	r1, #0
    75a4:	d3a00000 	movle	r0, #0
    75a8:	e1a01000 	mov	r1, r0
    75ac:	e594c040 	ldr	ip, [r4, #64]	@ 0x40
    75b0:	e15c0001 	cmp	ip, r1
    75b4:	e594e040 	ldr	lr, [r4, #64]	@ 0x40
    75b8:	a1a0e000 	movge	lr, r0
    75bc:	e584e040 	str	lr, [r4, #64]	@ 0x40
    75c0:	e3e0e000 	mvn	lr, #0
    75c4:	e584e034 	str	lr, [r4, #52]	@ 0x34
    75c8:	e594e05c 	ldr	lr, [r4, #92]	@ 0x5c
    75cc:	e594c040 	ldr	ip, [r4, #64]	@ 0x40
    75d0:	e18c000e 	orr	r0, ip, lr
    75d4:	e1a09000 	mov	r9, r0
    75d8:	e3500000 	cmp	r0, #0
    75dc:	e3e013a0 	mvn	r1, #160, 6	@ 0x80000002
    75e0:	03e01360 	mvneq	r1, #96, 6	@ 0x80000001
    75e4:	e594c040 	ldr	ip, [r4, #64]	@ 0x40
    75e8:	e15c0001 	cmp	ip, r1
    75ec:	ca0002f4 	bgt	0x81c4
    75f0:	e3590000 	cmp	r9, #0
    75f4:	e3a00000 	mov	r0, #0
    75f8:	13a00001 	movne	r0, #1
    75fc:	e594c040 	ldr	ip, [r4, #64]	@ 0x40
    7600:	e08c0000 	add	r0, ip, r0
    7604:	e280a001 	add	sl, r0, #1
    7608:	e594c018 	ldr	ip, [r4, #24]
    760c:	e3cc0020 	bic	r0, ip, #32
    7610:	e1a0b000 	mov	fp, r0
    7614:	e3500046 	cmp	r0, #70	@ 0x46
    7618:	1a000007 	bne	0x763c
    761c:	e3e0c480 	mvn	ip, #128, 8	@ 0x80000000
    7620:	e02a000c 	eor	r0, sl, ip
    7624:	e1560000 	cmp	r6, r0
    7628:	ca0002e5 	bgt	0x81c4
    762c:	e3560000 	cmp	r6, #0
    7630:	e3a00000 	mov	r0, #0
    7634:	c1a00006 	movgt	r0, r6
    7638:	ea00003d 	b	0x7734
    763c:	e1a01fc6 	asr	r1, r6, #31
    7640:	e1a02001 	mov	r2, r1
    7644:	e0261001 	eor	r1, r6, r1
    7648:	e0411002 	sub	r1, r1, r2
    764c:	e3a02000 	mov	r2, #0
    7650:	e58410a4 	str	r1, [r4, #164]	@ 0xa4
    7654:	e58420a8 	str	r2, [r4, #168]	@ 0xa8
    7658:	e59f0e60 	ldr	r0, [pc, #3680]	@ 0x84c0
    765c:	e1a01004 	mov	r1, r4
    7660:	e59d2000 	ldr	r2, [sp]
    7664:	e59fce58 	ldr	ip, [pc, #3672]	@ 0x84c4
    7668:	e12fff3c 	blx	ip
    766c:	e3500000 	cmp	r0, #0
    7670:	1a0002e3 	bne	0x8204
    7674:	e59410a4 	ldr	r1, [r4, #164]	@ 0xa4
    7678:	e1a02001 	mov	r2, r1
    767c:	e594c038 	ldr	ip, [r4, #56]	@ 0x38
    7680:	e04c1001 	sub	r1, ip, r1
    7684:	e3510001 	cmp	r1, #1
    7688:	ca00000c 	bgt	0x76c0
    768c:	e2421001 	sub	r1, r2, #1
    7690:	e1a02001 	mov	r2, r1
    7694:	e5953030 	ldr	r3, [r5, #48]	@ 0x30
    7698:	e3e0c4fe 	mvn	ip, #-33554432	@ 0xfe000000
    769c:	e3ccc8fe 	bic	ip, ip, #16646144	@ 0xfe0000
    76a0:	e151000c 	cmp	r1, ip
    76a4:	8a0002d3 	bhi	0x81f8
    76a8:	e3a0e030 	mov	lr, #48	@ 0x30
    76ac:	e7c3e001 	strb	lr, [r3, r1]
    76b0:	e594c038 	ldr	ip, [r4, #56]	@ 0x38
    76b4:	e04c1002 	sub	r1, ip, r2
    76b8:	e3510002 	cmp	r1, #2
    76bc:	bafffff2 	blt	0x768c
    76c0:	e2421002 	sub	r1, r2, #2
    76c4:	e5841054 	str	r1, [r4, #84]	@ 0x54
    76c8:	e5953030 	ldr	r3, [r5, #48]	@ 0x30
    76cc:	e5948018 	ldr	r8, [r4, #24]
    76d0:	e3e0c4fe 	mvn	ip, #-33554432	@ 0xfe000000
    76d4:	e3ccc8fe 	bic	ip, ip, #16646144	@ 0xfe0000
    76d8:	e151000c 	cmp	r1, ip
    76dc:	8a0002c5 	bhi	0x81f8
    76e0:	e7c38001 	strb	r8, [r3, r1]
    76e4:	e3e0e000 	mvn	lr, #0
    76e8:	e584e034 	str	lr, [r4, #52]	@ 0x34
    76ec:	e2422001 	sub	r2, r2, #1
    76f0:	e3560000 	cmp	r6, #0
    76f4:	e3a0102d 	mov	r1, #45	@ 0x2d
    76f8:	a3a0102b 	movge	r1, #43	@ 0x2b
    76fc:	e5953030 	ldr	r3, [r5, #48]	@ 0x30
    7700:	e3e0c4fe 	mvn	ip, #-33554432	@ 0xfe000000
    7704:	e3ccc8fe 	bic	ip, ip, #16646144	@ 0xfe0000
    7708:	e152000c 	cmp	r2, ip
    770c:	8a0002b9 	bhi	0x81f8
    7710:	e7c31002 	strb	r1, [r3, r2]
    7714:	e594e054 	ldr	lr, [r4, #84]	@ 0x54
    7718:	e594c038 	ldr	ip, [r4, #56]	@ 0x38
    771c:	e04c100e 	sub	r1, ip, lr
    7720:	e1a00001 	mov	r0, r1
    7724:	e3e0c480 	mvn	ip, #128, 8	@ 0x80000000
    7728:	e02a200c 	eor	r2, sl, ip
    772c:	e1510002 	cmp	r1, r2
    7730:	ca0002a3 	bgt	0x81c4
    7734:	e3e0e000 	mvn	lr, #0
    7738:	e584e034 	str	lr, [r4, #52]	@ 0x34
    773c:	e080000a 	add	r0, r0, sl
    7740:	e1a01000 	mov	r1, r0
    7744:	e594c024 	ldr	ip, [r4, #36]	@ 0x24
    7748:	e3e0e480 	mvn	lr, #128, 8	@ 0x80000000
    774c:	e02c200e 	eor	r2, ip, lr
    7750:	e1500002 	cmp	r0, r2
    7754:	ca00029a 	bgt	0x81c4
    7758:	e594c024 	ldr	ip, [r4, #36]	@ 0x24
    775c:	e081100c 	add	r1, r1, ip
    7760:	e1a06001 	mov	r6, r1
    7764:	e3a0e020 	mov	lr, #32
    7768:	e584e0a4 	str	lr, [r4, #164]	@ 0xa4
    776c:	e58410ac 	str	r1, [r4, #172]	@ 0xac
    7770:	e59f0d50 	ldr	r0, [pc, #3408]	@ 0x84c8
    7774:	e1a01004 	mov	r1, r4
    7778:	e59d2000 	ldr	r2, [sp]
    777c:	e59fcd48 	ldr	ip, [pc, #3400]	@ 0x84cc
    7780:	e12fff3c 	blx	ip
    7784:	e3500000 	cmp	r0, #0
    7788:	1a00029d 	bne	0x8204
    778c:	e59f0d3c 	ldr	r0, [pc, #3388]	@ 0x84d0
    7790:	e1a01004 	mov	r1, r4
    7794:	e59d2000 	ldr	r2, [sp]
    7798:	e59fcd34 	ldr	ip, [pc, #3380]	@ 0x84d4
    779c:	e12fff3c 	blx	ip
    77a0:	e3500000 	cmp	r0, #0
    77a4:	1a000296 	bne	0x8204
    77a8:	e594c014 	ldr	ip, [r4, #20]
    77ac:	e22c0b40 	eor	r0, ip, #64, 22	@ 0x10000
    77b0:	e3a0e030 	mov	lr, #48	@ 0x30
    77b4:	e584e0a4 	str	lr, [r4, #164]	@ 0xa4
    77b8:	e5846018 	str	r6, [r4, #24]
    77bc:	e58400b0 	str	r0, [r4, #176]	@ 0xb0
    77c0:	e59f0d10 	ldr	r0, [pc, #3344]	@ 0x84d8
    77c4:	e1a01004 	mov	r1, r4
    77c8:	e59d2000 	ldr	r2, [sp]
    77cc:	e59fcd08 	ldr	ip, [pc, #3336]	@ 0x84dc
    77d0:	e12fff3c 	blx	ip
    77d4:	e3500000 	cmp	r0, #0
    77d8:	1a000289 	bne	0x8204
    77dc:	e35b0046 	cmp	fp, #70	@ 0x46
    77e0:	1a00009d 	bne	0x7a5c
    77e4:	e594c01c 	ldr	ip, [r4, #28]
    77e8:	e28c0010 	add	r0, ip, #16
    77ec:	e3808009 	orr	r8, r0, #9
    77f0:	e594e048 	ldr	lr, [r4, #72]	@ 0x48
    77f4:	e594c050 	ldr	ip, [r4, #80]	@ 0x50
    77f8:	e15c000e 	cmp	ip, lr
    77fc:	e5940048 	ldr	r0, [r4, #72]	@ 0x48
    7800:	e594c050 	ldr	ip, [r4, #80]	@ 0x50
    7804:	91a0000c 	movls	r0, ip
    7808:	e1a0a000 	mov	sl, r0
    780c:	e1a0b000 	mov	fp, r0
    7810:	e1a0300b 	mov	r3, fp
    7814:	e5952030 	ldr	r2, [r5, #48]	@ 0x30
    7818:	e59fccc0 	ldr	ip, [pc, #3264]	@ 0x84e0
    781c:	e153000c 	cmp	r3, ip
    7820:	8a000274 	bhi	0x81f8
    7824:	e7920003 	ldr	r0, [r2, r3]
    7828:	e3a01000 	mov	r1, #0
    782c:	e58400a0 	str	r0, [r4, #160]	@ 0xa0
    7830:	e58410a4 	str	r1, [r4, #164]	@ 0xa4
    7834:	e584804c 	str	r8, [r4, #76]	@ 0x4c
    7838:	e59f0ca4 	ldr	r0, [pc, #3236]	@ 0x84e4
    783c:	e1a01004 	mov	r1, r4
    7840:	e59d2000 	ldr	r2, [sp]
    7844:	e59fcc9c 	ldr	ip, [pc, #3228]	@ 0x84e8
    7848:	e12fff3c 	blx	ip
    784c:	e3500000 	cmp	r0, #0
    7850:	1a00026b 	bne	0x8204
    7854:	e59400a0 	ldr	r0, [r4, #160]	@ 0xa0
    7858:	e15b000a 	cmp	fp, sl
    785c:	0a000011 	beq	0x78a8
    7860:	e594c01c 	ldr	ip, [r4, #28]
    7864:	e28c1010 	add	r1, ip, #16
    7868:	e1500001 	cmp	r0, r1
    786c:	9a000018 	bls	0x78d4
    7870:	e2401001 	sub	r1, r0, #1
    7874:	e1a00001 	mov	r0, r1
    7878:	e5952030 	ldr	r2, [r5, #48]	@ 0x30
    787c:	e3e0c4fe 	mvn	ip, #-33554432	@ 0xfe000000
    7880:	e3ccc8fe 	bic	ip, ip, #16646144	@ 0xfe0000
    7884:	e151000c 	cmp	r1, ip
    7888:	8a00025a 	bhi	0x81f8
    788c:	e3a0e030 	mov	lr, #48	@ 0x30
    7890:	e7c2e001 	strb	lr, [r2, r1]
    7894:	e594c01c 	ldr	ip, [r4, #28]
    7898:	e28c1010 	add	r1, ip, #16
    789c:	e1500001 	cmp	r0, r1
    78a0:	8afffff2 	bhi	0x7870
    78a4:	ea00000a 	b	0x78d4
    78a8:	e1500008 	cmp	r0, r8
    78ac:	1a000008 	bne	0x78d4
    78b0:	e2401001 	sub	r1, r0, #1
    78b4:	e1a00001 	mov	r0, r1
    78b8:	e5952030 	ldr	r2, [r5, #48]	@ 0x30
    78bc:	e3e0c4fe 	mvn	ip, #-33554432	@ 0xfe000000
    78c0:	e3ccc8fe 	bic	ip, ip, #16646144	@ 0xfe0000
    78c4:	e151000c 	cmp	r1, ip
    78c8:	8a00024a 	bhi	0x81f8
    78cc:	e3a0e030 	mov	lr, #48	@ 0x30
    78d0:	e7c2e001 	strb	lr, [r2, r1]
    78d4:	e0481000 	sub	r1, r8, r0
    78d8:	e584002c 	str	r0, [r4, #44]	@ 0x2c
    78dc:	e58410a8 	str	r1, [r4, #168]	@ 0xa8
    78e0:	e59f0c04 	ldr	r0, [pc, #3076]	@ 0x84ec
    78e4:	e1a01004 	mov	r1, r4
    78e8:	e59d2000 	ldr	r2, [sp]
    78ec:	e59fcbfc 	ldr	ip, [pc, #3068]	@ 0x84f0
    78f0:	e12fff3c 	blx	ip
    78f4:	e3500000 	cmp	r0, #0
    78f8:	1a000241 	bne	0x8204
    78fc:	e28b0004 	add	r0, fp, #4
    7900:	e1a0b000 	mov	fp, r0
    7904:	e594c048 	ldr	ip, [r4, #72]	@ 0x48
    7908:	e150000c 	cmp	r0, ip
    790c:	9affffbf 	bls	0x7810
    7910:	e3590000 	cmp	r9, #0
    7914:	0a00000b 	beq	0x7948
    7918:	e3a0eb40 	mov	lr, #64, 22	@ 0x10000
    791c:	e38ee045 	orr	lr, lr, #69	@ 0x45
    7920:	e584e0a4 	str	lr, [r4, #164]	@ 0xa4
    7924:	e3a0e001 	mov	lr, #1
    7928:	e584e088 	str	lr, [r4, #136]	@ 0x88
    792c:	e59f0bc0 	ldr	r0, [pc, #3008]	@ 0x84f4
    7930:	e1a01004 	mov	r1, r4
    7934:	e59d2000 	ldr	r2, [sp]
    7938:	e59fcbb8 	ldr	ip, [pc, #3000]	@ 0x84f8
    793c:	e12fff3c 	blx	ip
    7940:	e3500000 	cmp	r0, #0
    7944:	1a00022e 	bne	0x8204
    7948:	e15b0007 	cmp	fp, r7
    794c:	2a0000d3 	bcs	0x7ca0
    7950:	e594c040 	ldr	ip, [r4, #64]	@ 0x40
    7954:	e35c0001 	cmp	ip, #1
    7958:	ba0000d0 	blt	0x7ca0
    795c:	e1a0300b 	mov	r3, fp
    7960:	e5952030 	ldr	r2, [r5, #48]	@ 0x30
    7964:	e59fcb74 	ldr	ip, [pc, #2932]	@ 0x84e0
    7968:	e153000c 	cmp	r3, ip
    796c:	8a000221 	bhi	0x81f8
    7970:	e7920003 	ldr	r0, [r2, r3]
    7974:	e3a01000 	mov	r1, #0
    7978:	e58400a0 	str	r0, [r4, #160]	@ 0xa0
    797c:	e58410a4 	str	r1, [r4, #164]	@ 0xa4
    7980:	e584804c 	str	r8, [r4, #76]	@ 0x4c
    7984:	e59f0b70 	ldr	r0, [pc, #2928]	@ 0x84fc
    7988:	e1a01004 	mov	r1, r4
    798c:	e59d2000 	ldr	r2, [sp]
    7990:	e59fcb68 	ldr	ip, [pc, #2920]	@ 0x8500
    7994:	e12fff3c 	blx	ip
    7998:	e3500000 	cmp	r0, #0
    799c:	1a000218 	bne	0x8204
    79a0:	e59400a0 	ldr	r0, [r4, #160]	@ 0xa0
    79a4:	e1a01000 	mov	r1, r0
    79a8:	e594c01c 	ldr	ip, [r4, #28]
    79ac:	e28c2010 	add	r2, ip, #16
    79b0:	e1500002 	cmp	r0, r2
    79b4:	9a00000c 	bls	0x79ec
    79b8:	e2410001 	sub	r0, r1, #1
    79bc:	e1a01000 	mov	r1, r0
    79c0:	e5952030 	ldr	r2, [r5, #48]	@ 0x30
    79c4:	e3e0c4fe 	mvn	ip, #-33554432	@ 0xfe000000
    79c8:	e3ccc8fe 	bic	ip, ip, #16646144	@ 0xfe0000
    79cc:	e150000c 	cmp	r0, ip
    79d0:	8a000208 	bhi	0x81f8
    79d4:	e3a0e030 	mov	lr, #48	@ 0x30
    79d8:	e7c2e000 	strb	lr, [r2, r0]
    79dc:	e594c01c 	ldr	ip, [r4, #28]
    79e0:	e28c0010 	add	r0, ip, #16
    79e4:	e1510000 	cmp	r1, r0
    79e8:	8afffff2 	bhi	0x79b8
    79ec:	e594c040 	ldr	ip, [r4, #64]	@ 0x40
    79f0:	e35c0009 	cmp	ip, #9
    79f4:	e3a00009 	mov	r0, #9
    79f8:	e594c040 	ldr	ip, [r4, #64]	@ 0x40
    79fc:	b1a0000c 	movlt	r0, ip
    7a00:	e584102c 	str	r1, [r4, #44]	@ 0x2c
    7a04:	e58400a8 	str	r0, [r4, #168]	@ 0xa8
    7a08:	e59f0af4 	ldr	r0, [pc, #2804]	@ 0x8504
    7a0c:	e1a01004 	mov	r1, r4
    7a10:	e59d2000 	ldr	r2, [sp]
    7a14:	e59fcaec 	ldr	ip, [pc, #2796]	@ 0x8508
    7a18:	e12fff3c 	blx	ip
    7a1c:	e3500000 	cmp	r0, #0
    7a20:	1a0001f7 	bne	0x8204
    7a24:	e594c040 	ldr	ip, [r4, #64]	@ 0x40
    7a28:	e24c0009 	sub	r0, ip, #9
    7a2c:	e28b1004 	add	r1, fp, #4
    7a30:	e1a0b001 	mov	fp, r1
    7a34:	e1510007 	cmp	r1, r7
    7a38:	2a000099 	bcs	0x7ca4
    7a3c:	e594c040 	ldr	ip, [r4, #64]	@ 0x40
    7a40:	e35c0009 	cmp	ip, #9
    7a44:	e3a01000 	mov	r1, #0
    7a48:	c3a01001 	movgt	r1, #1
    7a4c:	e5840040 	str	r0, [r4, #64]	@ 0x40
    7a50:	e3510000 	cmp	r1, #0
    7a54:	1affffc0 	bne	0x795c
    7a58:	ea000091 	b	0x7ca4
    7a5c:	e594c040 	ldr	ip, [r4, #64]	@ 0x40
    7a60:	e35c0000 	cmp	ip, #0
    7a64:	ba000071 	blt	0x7c30
    7a68:	e594c050 	ldr	ip, [r4, #80]	@ 0x50
    7a6c:	e28c1004 	add	r1, ip, #4
    7a70:	e594c050 	ldr	ip, [r4, #80]	@ 0x50
    7a74:	e157000c 	cmp	r7, ip
    7a78:	91a07001 	movls	r7, r1
    7a7c:	e594c01c 	ldr	ip, [r4, #28]
    7a80:	e28c1010 	add	r1, ip, #16
    7a84:	e3818009 	orr	r8, r1, #9
    7a88:	e5949050 	ldr	r9, [r4, #80]	@ 0x50
    7a8c:	e1a0a009 	mov	sl, r9
    7a90:	e5953030 	ldr	r3, [r5, #48]	@ 0x30
    7a94:	e59fca44 	ldr	ip, [pc, #2628]	@ 0x84e0
    7a98:	e15a000c 	cmp	sl, ip
    7a9c:	8a0001d5 	bhi	0x81f8
    7aa0:	e793100a 	ldr	r1, [r3, sl]
    7aa4:	e3a02000 	mov	r2, #0
    7aa8:	e58410a0 	str	r1, [r4, #160]	@ 0xa0
    7aac:	e58420a4 	str	r2, [r4, #164]	@ 0xa4
    7ab0:	e584804c 	str	r8, [r4, #76]	@ 0x4c
    7ab4:	e59f0a50 	ldr	r0, [pc, #2640]	@ 0x850c
    7ab8:	e1a01004 	mov	r1, r4
    7abc:	e59d2000 	ldr	r2, [sp]
    7ac0:	e59fca48 	ldr	ip, [pc, #2632]	@ 0x8510
    7ac4:	e12fff3c 	blx	ip
    7ac8:	e3500000 	cmp	r0, #0
    7acc:	1a0001cc 	bne	0x8204
    7ad0:	e59410a0 	ldr	r1, [r4, #160]	@ 0xa0
    7ad4:	e1a0a001 	mov	sl, r1
    7ad8:	e1510008 	cmp	r1, r8
    7adc:	1a000008 	bne	0x7b04
    7ae0:	e24a1001 	sub	r1, sl, #1
    7ae4:	e1a0a001 	mov	sl, r1
    7ae8:	e5952030 	ldr	r2, [r5, #48]	@ 0x30
    7aec:	e3e0c4fe 	mvn	ip, #-33554432	@ 0xfe000000
    7af0:	e3ccc8fe 	bic	ip, ip, #16646144	@ 0xfe0000
    7af4:	e151000c 	cmp	r1, ip
    7af8:	8a0001be 	bhi	0x81f8
    7afc:	e3a0e030 	mov	lr, #48	@ 0x30
    7b00:	e7c2e001 	strb	lr, [r2, r1]
    7b04:	e594c050 	ldr	ip, [r4, #80]	@ 0x50
    7b08:	e159000c 	cmp	r9, ip
    7b0c:	0a000011 	beq	0x7b58
    7b10:	e594c01c 	ldr	ip, [r4, #28]
    7b14:	e28c1010 	add	r1, ip, #16
    7b18:	e15a0001 	cmp	sl, r1
    7b1c:	9a000029 	bls	0x7bc8
    7b20:	e24a1001 	sub	r1, sl, #1
    7b24:	e1a0a001 	mov	sl, r1
    7b28:	e5952030 	ldr	r2, [r5, #48]	@ 0x30
    7b2c:	e3e0c4fe 	mvn	ip, #-33554432	@ 0xfe000000
    7b30:	e3ccc8fe 	bic	ip, ip, #16646144	@ 0xfe0000
    7b34:	e151000c 	cmp	r1, ip
    7b38:	8a0001ae 	bhi	0x81f8
    7b3c:	e3a0e030 	mov	lr, #48	@ 0x30
    7b40:	e7c2e001 	strb	lr, [r2, r1]
    7b44:	e594c01c 	ldr	ip, [r4, #28]
    7b48:	e28c1010 	add	r1, ip, #16
    7b4c:	e15a0001 	cmp	sl, r1
    7b50:	8afffff2 	bhi	0x7b20
    7b54:	ea00001b 	b	0x7bc8
    7b58:	e584a02c 	str	sl, [r4, #44]	@ 0x2c
    7b5c:	e3a0e001 	mov	lr, #1
    7b60:	e584e088 	str	lr, [r4, #136]	@ 0x88
    7b64:	e59f09a8 	ldr	r0, [pc, #2472]	@ 0x8514
    7b68:	e1a01004 	mov	r1, r4
    7b6c:	e59d2000 	ldr	r2, [sp]
    7b70:	e59fc9a0 	ldr	ip, [pc, #2464]	@ 0x8518
    7b74:	e12fff3c 	blx	ip
    7b78:	e3500000 	cmp	r0, #0
    7b7c:	1a0001a0 	bne	0x8204
    7b80:	e28aa001 	add	sl, sl, #1
    7b84:	e594e05c 	ldr	lr, [r4, #92]	@ 0x5c
    7b88:	e594c040 	ldr	ip, [r4, #64]	@ 0x40
    7b8c:	e18c100e 	orr	r1, ip, lr
    7b90:	e3510000 	cmp	r1, #0
    7b94:	0a00000b 	beq	0x7bc8
    7b98:	e3a0eb40 	mov	lr, #64, 22	@ 0x10000
    7b9c:	e38ee045 	orr	lr, lr, #69	@ 0x45
    7ba0:	e584e0a4 	str	lr, [r4, #164]	@ 0xa4
    7ba4:	e3a0e001 	mov	lr, #1
    7ba8:	e584e088 	str	lr, [r4, #136]	@ 0x88
    7bac:	e59f0968 	ldr	r0, [pc, #2408]	@ 0x851c
    7bb0:	e1a01004 	mov	r1, r4
    7bb4:	e59d2000 	ldr	r2, [sp]
    7bb8:	e59fc960 	ldr	ip, [pc, #2400]	@ 0x8520
    7bbc:	e12fff3c 	blx	ip
    7bc0:	e3500000 	cmp	r0, #0
    7bc4:	1a00018e 	bne	0x8204
    7bc8:	e048100a 	sub	r1, r8, sl
    7bcc:	e1a0b001 	mov	fp, r1
    7bd0:	e594c040 	ldr	ip, [r4, #64]	@ 0x40
    7bd4:	e15c000b 	cmp	ip, fp
    7bd8:	e594c040 	ldr	ip, [r4, #64]	@ 0x40
    7bdc:	d1a0100c 	movle	r1, ip
    7be0:	e584a02c 	str	sl, [r4, #44]	@ 0x2c
    7be4:	e58410a8 	str	r1, [r4, #168]	@ 0xa8
    7be8:	e3a00840 	mov	r0, #64, 16	@ 0x400000
    7bec:	e3800cb6 	orr	r0, r0, #46592	@ 0xb600
    7bf0:	e1a01004 	mov	r1, r4
    7bf4:	e59d2000 	ldr	r2, [sp]
    7bf8:	e59fc924 	ldr	ip, [pc, #2340]	@ 0x8524
    7bfc:	e12fff3c 	blx	ip
    7c00:	e3500000 	cmp	r0, #0
    7c04:	1a00017e 	bne	0x8204
    7c08:	e594c040 	ldr	ip, [r4, #64]	@ 0x40
    7c0c:	e04ce00b 	sub	lr, ip, fp
    7c10:	e584e040 	str	lr, [r4, #64]	@ 0x40
    7c14:	e2891004 	add	r1, r9, #4
    7c18:	e1a09001 	mov	r9, r1
    7c1c:	e1510007 	cmp	r1, r7
    7c20:	2a000002 	bcs	0x7c30
    7c24:	e594c040 	ldr	ip, [r4, #64]	@ 0x40
    7c28:	e37c0001 	cmn	ip, #1
    7c2c:	caffff96 	bgt	0x7a8c
    7c30:	e594c040 	ldr	ip, [r4, #64]	@ 0x40
    7c34:	e28c1012 	add	r1, ip, #18
    7c38:	e3a0e030 	mov	lr, #48	@ 0x30
    7c3c:	e584e0a4 	str	lr, [r4, #164]	@ 0xa4
    7c40:	e58410a8 	str	r1, [r4, #168]	@ 0xa8
    7c44:	e3a0e012 	mov	lr, #18
    7c48:	e584e0ac 	str	lr, [r4, #172]	@ 0xac
    7c4c:	e3a0e000 	mov	lr, #0
    7c50:	e584e084 	str	lr, [r4, #132]	@ 0x84
    7c54:	e59f08cc 	ldr	r0, [pc, #2252]	@ 0x8528
    7c58:	e1a01004 	mov	r1, r4
    7c5c:	e59d2000 	ldr	r2, [sp]
    7c60:	e59fc8c4 	ldr	ip, [pc, #2244]	@ 0x852c
    7c64:	e12fff3c 	blx	ip
    7c68:	e3500000 	cmp	r0, #0
    7c6c:	1a000164 	bne	0x8204
    7c70:	e594e054 	ldr	lr, [r4, #84]	@ 0x54
    7c74:	e594c038 	ldr	ip, [r4, #56]	@ 0x38
    7c78:	e04c100e 	sub	r1, ip, lr
    7c7c:	e58410a8 	str	r1, [r4, #168]	@ 0xa8
    7c80:	e59f08a8 	ldr	r0, [pc, #2216]	@ 0x8530
    7c84:	e1a01004 	mov	r1, r4
    7c88:	e59d2000 	ldr	r2, [sp]
    7c8c:	e59fc8a0 	ldr	ip, [pc, #2208]	@ 0x8534
    7c90:	e12fff3c 	blx	ip
    7c94:	e3500000 	cmp	r0, #0
    7c98:	1a000159 	bne	0x8204
    7c9c:	ea00000f 	b	0x7ce0
    7ca0:	e5940040 	ldr	r0, [r4, #64]	@ 0x40
    7ca4:	e2800009 	add	r0, r0, #9
    7ca8:	e3a0e030 	mov	lr, #48	@ 0x30
    7cac:	e584e0a4 	str	lr, [r4, #164]	@ 0xa4
    7cb0:	e58400a8 	str	r0, [r4, #168]	@ 0xa8
    7cb4:	e3a0e009 	mov	lr, #9
    7cb8:	e584e0ac 	str	lr, [r4, #172]	@ 0xac
    7cbc:	e3a0e000 	mov	lr, #0
    7cc0:	e584e084 	str	lr, [r4, #132]	@ 0x84
    7cc4:	e59f086c 	ldr	r0, [pc, #2156]	@ 0x8538
    7cc8:	e1a01004 	mov	r1, r4
    7ccc:	e59d2000 	ldr	r2, [sp]
    7cd0:	e59fc864 	ldr	ip, [pc, #2148]	@ 0x853c
    7cd4:	e12fff3c 	blx	ip
    7cd8:	e3500000 	cmp	r0, #0
    7cdc:	1a000148 	bne	0x8204
    7ce0:	e594c014 	ldr	ip, [r4, #20]
    7ce4:	e22c0d80 	eor	r0, ip, #128, 26	@ 0x2000
    7ce8:	e3a0e020 	mov	lr, #32
    7cec:	e584e0a4 	str	lr, [r4, #164]	@ 0xa4
    7cf0:	e5846018 	str	r6, [r4, #24]
    7cf4:	e58400b0 	str	r0, [r4, #176]	@ 0xb0
    7cf8:	e59f0840 	ldr	r0, [pc, #2112]	@ 0x8540
    7cfc:	e1a01004 	mov	r1, r4
    7d00:	e59d2000 	ldr	r2, [sp]
    7d04:	e59fc838 	ldr	ip, [pc, #2104]	@ 0x8544
    7d08:	e12fff3c 	blx	ip
    7d0c:	e3500000 	cmp	r0, #0
    7d10:	1a00013b 	bne	0x8204
    7d14:	e594c00c 	ldr	ip, [r4, #12]
    7d18:	e15c0006 	cmp	ip, r6
    7d1c:	e594e00c 	ldr	lr, [r4, #12]
    7d20:	d1a0e006 	movle	lr, r6
    7d24:	e584e034 	str	lr, [r4, #52]	@ 0x34
    7d28:	ea000125 	b	0x81c4
    7d2c:	e594c018 	ldr	ip, [r4, #24]
    7d30:	e1a00d0c 	lsl	r0, ip, #26
    7d34:	e1a00fc0 	asr	r0, r0, #31
    7d38:	e2000009 	and	r0, r0, #9
    7d3c:	e594c028 	ldr	ip, [r4, #40]	@ 0x28
    7d40:	e08ce000 	add	lr, ip, r0
    7d44:	e584e054 	str	lr, [r4, #84]	@ 0x54
    7d48:	e594c010 	ldr	ip, [r4, #16]
    7d4c:	e35c000b 	cmp	ip, #11
    7d50:	8a00001e 	bhi	0x7dd0
    7d54:	e594c010 	ldr	ip, [r4, #16]
    7d58:	e26c000c 	rsb	r0, ip, #12
    7d5c:	e3a0c000 	mov	ip, #0
    7d60:	e3a0e9c0 	mov	lr, #192, 18	@ 0x300000
    7d64:	e38ee440 	orr	lr, lr, #64, 8	@ 0x40000000
    7d68:	ec4eca10 	vmov	s0, s1, ip, lr
    7d6c:	e3a0c000 	mov	ip, #0
    7d70:	e3a0e9c0 	mov	lr, #192, 18	@ 0x300000
    7d74:	e38ee440 	orr	lr, lr, #64, 8	@ 0x40000000
    7d78:	ec4eca11 	vmov	s2, s3, ip, lr
    7d7c:	ee200b01 	vmul.f64	d0, d0, d1
    7d80:	e2401001 	sub	r1, r0, #1
    7d84:	e1a00001 	mov	r0, r1
    7d88:	e3510000 	cmp	r1, #0
    7d8c:	1afffff6 	bne	0x7d6c
    7d90:	e5942054 	ldr	r2, [r4, #84]	@ 0x54
    7d94:	e5951030 	ldr	r1, [r5, #48]	@ 0x30
    7d98:	e3e0c4fe 	mvn	ip, #-33554432	@ 0xfe000000
    7d9c:	e3ccc8fe 	bic	ip, ip, #16646144	@ 0xfe0000
    7da0:	e152000c 	cmp	r2, ip
    7da4:	8a000113 	bhi	0x81f8
    7da8:	e7d10002 	ldrb	r0, [r1, r2]
    7dac:	e350002d 	cmp	r0, #45	@ 0x2d
    7db0:	1a000004 	bne	0x7dc8
    7db4:	eeb11b48 	vneg.f64	d1, d8
    7db8:	ee311b40 	vsub.f64	d1, d1, d0
    7dbc:	ee301b01 	vadd.f64	d1, d0, d1
    7dc0:	eeb18b41 	vneg.f64	d8, d1
    7dc4:	ea000001 	b	0x7dd0
    7dc8:	ee381b00 	vadd.f64	d1, d8, d0
    7dcc:	ee318b40 	vsub.f64	d8, d1, d0
    7dd0:	e594201c 	ldr	r2, [r4, #28]
    7dd4:	e5951030 	ldr	r1, [r5, #48]	@ 0x30
    7dd8:	e292202c 	adds	r2, r2, #44	@ 0x2c
    7ddc:	2a000105 	bcs	0x81f8
    7de0:	e59fc6f8 	ldr	ip, [pc, #1784]	@ 0x84e0
    7de4:	e152000c 	cmp	r2, ip
    7de8:	8a000102 	bhi	0x81f8
    7dec:	e7910002 	ldr	r0, [r1, r2]
    7df0:	e1a07000 	mov	r7, r0
    7df4:	e1a01fc7 	asr	r1, r7, #31
    7df8:	e1a02001 	mov	r2, r1
    7dfc:	e0200001 	eor	r0, r0, r1
    7e00:	e0400002 	sub	r0, r0, r2
    7e04:	e3a01000 	mov	r1, #0
    7e08:	e58400a0 	str	r0, [r4, #160]	@ 0xa0
    7e0c:	e58410a4 	str	r1, [r4, #164]	@ 0xa4
    7e10:	e59f0730 	ldr	r0, [pc, #1840]	@ 0x8548
    7e14:	e1a01004 	mov	r1, r4
    7e18:	e59d2000 	ldr	r2, [sp]
    7e1c:	e59fc728 	ldr	ip, [pc, #1832]	@ 0x854c
    7e20:	e12fff3c 	blx	ip
    7e24:	e3500000 	cmp	r0, #0
    7e28:	1a0000f5 	bne	0x8204
    7e2c:	e59400a0 	ldr	r0, [r4, #160]	@ 0xa0
    7e30:	e1a01000 	mov	r1, r0
    7e34:	e594c038 	ldr	ip, [r4, #56]	@ 0x38
    7e38:	e150000c 	cmp	r0, ip
    7e3c:	1a000010 	bne	0x7e84
    7e40:	e2410001 	sub	r0, r1, #1
    7e44:	e1a01000 	mov	r1, r0
    7e48:	e5952030 	ldr	r2, [r5, #48]	@ 0x30
    7e4c:	e3e0c4fe 	mvn	ip, #-33554432	@ 0xfe000000
    7e50:	e3ccc8fe 	bic	ip, ip, #16646144	@ 0xfe0000
    7e54:	e150000c 	cmp	r0, ip
    7e58:	8a0000e6 	bhi	0x81f8
    7e5c:	e3a0e030 	mov	lr, #48	@ 0x30
    7e60:	e7c2e000 	strb	lr, [r2, r0]
    7e64:	e594201c 	ldr	r2, [r4, #28]
    7e68:	e5950030 	ldr	r0, [r5, #48]	@ 0x30
    7e6c:	e292202c 	adds	r2, r2, #44	@ 0x2c
    7e70:	2a0000e0 	bcs	0x81f8
    7e74:	e59fc664 	ldr	ip, [pc, #1636]	@ 0x84e0
    7e78:	e152000c 	cmp	r2, ip
    7e7c:	8a0000dd 	bhi	0x81f8
    7e80:	e7907002 	ldr	r7, [r0, r2]
    7e84:	e594c024 	ldr	ip, [r4, #36]	@ 0x24
    7e88:	e38c8002 	orr	r8, ip, #2
    7e8c:	e594c018 	ldr	ip, [r4, #24]
    7e90:	e20c0020 	and	r0, ip, #32
    7e94:	e2412002 	sub	r2, r1, #2
    7e98:	e5842060 	str	r2, [r4, #96]	@ 0x60
    7e9c:	e594c018 	ldr	ip, [r4, #24]
    7ea0:	e28c300f 	add	r3, ip, #15
    7ea4:	e595a030 	ldr	sl, [r5, #48]	@ 0x30
    7ea8:	e3e0c4fe 	mvn	ip, #-33554432	@ 0xfe000000
    7eac:	e3ccc8fe 	bic	ip, ip, #16646144	@ 0xfe0000
    7eb0:	e152000c 	cmp	r2, ip
    7eb4:	8a0000cf 	bhi	0x81f8
    7eb8:	e7ca3002 	strb	r3, [sl, r2]
    7ebc:	e2411001 	sub	r1, r1, #1
    7ec0:	e3570000 	cmp	r7, #0
    7ec4:	e3a0202d 	mov	r2, #45	@ 0x2d
    7ec8:	a3a0202b 	movge	r2, #43	@ 0x2b
    7ecc:	e5953030 	ldr	r3, [r5, #48]	@ 0x30
    7ed0:	e3e0c4fe 	mvn	ip, #-33554432	@ 0xfe000000
    7ed4:	e3ccc8fe 	bic	ip, ip, #16646144	@ 0xfe0000
    7ed8:	e151000c 	cmp	r1, ip
    7edc:	8a0000c5 	bhi	0x81f8
    7ee0:	e7c32001 	strb	r2, [r3, r1]
    7ee4:	e594c010 	ldr	ip, [r4, #16]
    7ee8:	e35c0001 	cmp	ip, #1
    7eec:	e3a01000 	mov	r1, #0
    7ef0:	b3a01001 	movlt	r1, #1
    7ef4:	e594c014 	ldr	ip, [r4, #20]
    7ef8:	e20c2008 	and	r2, ip, #8
    7efc:	e3520000 	cmp	r2, #0
    7f00:	e3a02000 	mov	r2, #0
    7f04:	03a02001 	moveq	r2, #1
    7f08:	e0011002 	and	r1, r1, r2
    7f0c:	e594c01c 	ldr	ip, [r4, #28]
    7f10:	e28c2010 	add	r2, ip, #16
    7f14:	e1a03002 	mov	r3, r2
    7f18:	e1a07003 	mov	r7, r3
    7f1c:	eebd7bc8 	vcvt.s32.f64	s14, d8
    7f20:	ee17aa10 	vmov	sl, s14
    7f24:	e1a0b00a 	mov	fp, sl
    7f28:	e28aab40 	add	sl, sl, #64, 22	@ 0x10000
    7f2c:	e28aaf94 	add	sl, sl, #148, 30	@ 0x250
    7f30:	e1a0600a 	mov	r6, sl
    7f34:	e5959030 	ldr	r9, [r5, #48]	@ 0x30
    7f38:	e3e0c4fe 	mvn	ip, #-33554432	@ 0xfe000000
    7f3c:	e3ccc8fe 	bic	ip, ip, #16646144	@ 0xfe0000
    7f40:	e156000c 	cmp	r6, ip
    7f44:	8a0000ab 	bhi	0x81f8
    7f48:	e7d9a006 	ldrb	sl, [r9, r6]
    7f4c:	e18aa000 	orr	sl, sl, r0
    7f50:	e5956030 	ldr	r6, [r5, #48]	@ 0x30
    7f54:	e3e0c4fe 	mvn	ip, #-33554432	@ 0xfe000000
    7f58:	e3ccc8fe 	bic	ip, ip, #16646144	@ 0xfe0000
    7f5c:	e153000c 	cmp	r3, ip
    7f60:	8a0000a4 	bhi	0x81f8
    7f64:	e7c6a003 	strb	sl, [r6, r3]
    7f68:	ee07ba10 	vmov	s14, fp
    7f6c:	eeb80bc7 	vcvt.f64.s32	d0, s14
    7f70:	ee380b40 	vsub.f64	d0, d8, d0
    7f74:	e3a0c000 	mov	ip, #0
    7f78:	e3a0e9c0 	mov	lr, #192, 18	@ 0x300000
    7f7c:	e38ee440 	orr	lr, lr, #64, 8	@ 0x40000000
    7f80:	ec4eca11 	vmov	s2, s3, ip, lr
    7f84:	ee208b01 	vmul.f64	d8, d0, d1
    7f88:	e2873001 	add	r3, r7, #1
    7f8c:	e1a02003 	mov	r2, r3
    7f90:	e594c01c 	ldr	ip, [r4, #28]
    7f94:	e28c6010 	add	r6, ip, #16
    7f98:	e0433006 	sub	r3, r3, r6
    7f9c:	e3530001 	cmp	r3, #1
    7fa0:	1a000012 	bne	0x7ff0
    7fa4:	e3a0c000 	mov	ip, #0
    7fa8:	ec4cca10 	vmov	s0, s1, ip, ip
    7fac:	eeb48b40 	vcmp.f64	d8, d0
    7fb0:	eef1fa10 	vmrs	APSR_nzcv, fpscr
    7fb4:	e3a03000 	mov	r3, #0
    7fb8:	03a03001 	moveq	r3, #1
    7fbc:	e1130001 	tst	r3, r1
    7fc0:	1a00000a 	bne	0x7ff0
    7fc4:	e1a06007 	mov	r6, r7
    7fc8:	e5953030 	ldr	r3, [r5, #48]	@ 0x30
    7fcc:	e2966001 	adds	r6, r6, #1
    7fd0:	2a000088 	bcs	0x81f8
    7fd4:	e3e0c4fe 	mvn	ip, #-33554432	@ 0xfe000000
    7fd8:	e3ccc8fe 	bic	ip, ip, #16646144	@ 0xfe0000
    7fdc:	e156000c 	cmp	r6, ip
    7fe0:	8a000084 	bhi	0x81f8
    7fe4:	e3a0e02e 	mov	lr, #46	@ 0x2e
    7fe8:	e7c3e006 	strb	lr, [r3, r6]
    7fec:	e2872002 	add	r2, r7, #2
    7ff0:	e3a0c000 	mov	ip, #0
    7ff4:	ec4cca10 	vmov	s0, s1, ip, ip
    7ff8:	eeb48b40 	vcmp.f64	d8, d0
    7ffc:	eef1fa10 	vmrs	APSR_nzcv, fpscr
    8000:	1affffc3 	bne	0x7f14
    8004:	e3e0e000 	mvn	lr, #0
    8008:	e584e034 	str	lr, [r4, #52]	@ 0x34
    800c:	e594e060 	ldr	lr, [r4, #96]	@ 0x60
    8010:	e594c038 	ldr	ip, [r4, #56]	@ 0x38
    8014:	e04c000e 	sub	r0, ip, lr
    8018:	e1a06000 	mov	r6, r0
    801c:	e0880000 	add	r0, r8, r0
    8020:	e1a01000 	mov	r1, r0
    8024:	e3e0c3a0 	mvn	ip, #160, 6	@ 0x80000002
    8028:	e04c0000 	sub	r0, ip, r0
    802c:	e594c010 	ldr	ip, [r4, #16]
    8030:	e15c0000 	cmp	ip, r0
    8034:	ca000062 	bgt	0x81c4
    8038:	e594c010 	ldr	ip, [r4, #16]
    803c:	e28c0002 	add	r0, ip, #2
    8040:	e594c01c 	ldr	ip, [r4, #28]
    8044:	e28c3010 	add	r3, ip, #16
    8048:	e0422003 	sub	r2, r2, r3
    804c:	e1a07002 	mov	r7, r2
    8050:	e2473002 	sub	r3, r7, #2
    8054:	e594c010 	ldr	ip, [r4, #16]
    8058:	e153000c 	cmp	r3, ip
    805c:	a1a00002 	movge	r0, r2
    8060:	e594c010 	ldr	ip, [r4, #16]
    8064:	e35c0000 	cmp	ip, #0
    8068:	01a00007 	moveq	r0, r7
    806c:	e1a09000 	mov	r9, r0
    8070:	e0811000 	add	r1, r1, r0
    8074:	e1a0a001 	mov	sl, r1
    8078:	e3a0e020 	mov	lr, #32
    807c:	e584e0a4 	str	lr, [r4, #164]	@ 0xa4
    8080:	e58410ac 	str	r1, [r4, #172]	@ 0xac
    8084:	e59f04c4 	ldr	r0, [pc, #1220]	@ 0x8550
    8088:	e1a01004 	mov	r1, r4
    808c:	e59d2000 	ldr	r2, [sp]
    8090:	e59fc4bc 	ldr	ip, [pc, #1212]	@ 0x8554
    8094:	e12fff3c 	blx	ip
    8098:	e3500000 	cmp	r0, #0
    809c:	1a000058 	bne	0x8204
    80a0:	e584805c 	str	r8, [r4, #92]	@ 0x5c
    80a4:	e59f04ac 	ldr	r0, [pc, #1196]	@ 0x8558
    80a8:	e1a01004 	mov	r1, r4
    80ac:	e59d2000 	ldr	r2, [sp]
    80b0:	e59fc4a4 	ldr	ip, [pc, #1188]	@ 0x855c
    80b4:	e12fff3c 	blx	ip
    80b8:	e3500000 	cmp	r0, #0
    80bc:	1a000050 	bne	0x8204
    80c0:	e594c014 	ldr	ip, [r4, #20]
    80c4:	e22c0b40 	eor	r0, ip, #64, 22	@ 0x10000
    80c8:	e3a0e030 	mov	lr, #48	@ 0x30
    80cc:	e584e0a4 	str	lr, [r4, #164]	@ 0xa4
    80d0:	e584a030 	str	sl, [r4, #48]	@ 0x30
    80d4:	e58400b0 	str	r0, [r4, #176]	@ 0xb0
    80d8:	e59f0480 	ldr	r0, [pc, #1152]	@ 0x8560
    80dc:	e1a01004 	mov	r1, r4
    80e0:	e59d2000 	ldr	r2, [sp]
    80e4:	e59fc478 	ldr	ip, [pc, #1144]	@ 0x8564
    80e8:	e12fff3c 	blx	ip
    80ec:	e3500000 	cmp	r0, #0
    80f0:	1a000043 	bne	0x8204
    80f4:	e594c01c 	ldr	ip, [r4, #28]
    80f8:	e28c0010 	add	r0, ip, #16
    80fc:	e58400a4 	str	r0, [r4, #164]	@ 0xa4
    8100:	e584702c 	str	r7, [r4, #44]	@ 0x2c
    8104:	e59f045c 	ldr	r0, [pc, #1116]	@ 0x8568
    8108:	e1a01004 	mov	r1, r4
    810c:	e59d2000 	ldr	r2, [sp]
    8110:	e59fc454 	ldr	ip, [pc, #1108]	@ 0x856c
    8114:	e12fff3c 	blx	ip
    8118:	e3500000 	cmp	r0, #0
    811c:	1a000038 	bne	0x8204
    8120:	e0499007 	sub	r9, r9, r7
    8124:	e3a0e030 	mov	lr, #48	@ 0x30
    8128:	e584e0a4 	str	lr, [r4, #164]	@ 0xa4
    812c:	e58490a8 	str	r9, [r4, #168]	@ 0xa8
    8130:	e3a0e000 	mov	lr, #0
    8134:	e584e084 	str	lr, [r4, #132]	@ 0x84
    8138:	e3a0e000 	mov	lr, #0
    813c:	e584e084 	str	lr, [r4, #132]	@ 0x84
    8140:	e59f0428 	ldr	r0, [pc, #1064]	@ 0x8570
    8144:	e1a01004 	mov	r1, r4
    8148:	e59d2000 	ldr	r2, [sp]
    814c:	e59fc420 	ldr	ip, [pc, #1056]	@ 0x8574
    8150:	e12fff3c 	blx	ip
    8154:	e3500000 	cmp	r0, #0
    8158:	1a000029 	bne	0x8204
    815c:	e5846050 	str	r6, [r4, #80]	@ 0x50
    8160:	e59f0410 	ldr	r0, [pc, #1040]	@ 0x8578
    8164:	e1a01004 	mov	r1, r4
    8168:	e59d2000 	ldr	r2, [sp]
    816c:	e59fc408 	ldr	ip, [pc, #1032]	@ 0x857c
    8170:	e12fff3c 	blx	ip
    8174:	e3500000 	cmp	r0, #0
    8178:	1a000021 	bne	0x8204
    817c:	e594c014 	ldr	ip, [r4, #20]
    8180:	e22c0d80 	eor	r0, ip, #128, 26	@ 0x2000
    8184:	e3a0e020 	mov	lr, #32
    8188:	e584e0a4 	str	lr, [r4, #164]	@ 0xa4
    818c:	e584a030 	str	sl, [r4, #48]	@ 0x30
    8190:	e58400b0 	str	r0, [r4, #176]	@ 0xb0
    8194:	e59f03e4 	ldr	r0, [pc, #996]	@ 0x8580
    8198:	e1a01004 	mov	r1, r4
    819c:	e59d2000 	ldr	r2, [sp]
    81a0:	e59fc3dc 	ldr	ip, [pc, #988]	@ 0x8584
    81a4:	e12fff3c 	blx	ip
    81a8:	e3500000 	cmp	r0, #0
    81ac:	1a000014 	bne	0x8204
    81b0:	e594c00c 	ldr	ip, [r4, #12]
    81b4:	e15c000a 	cmp	ip, sl
    81b8:	e594e00c 	ldr	lr, [r4, #12]
    81bc:	d1a0e00a 	movle	lr, sl
    81c0:	e584e034 	str	lr, [r4, #52]	@ 0x34
    81c4:	e594c01c 	ldr	ip, [r4, #28]
    81c8:	e28c0f8c 	add	r0, ip, #140, 30	@ 0x230
    81cc:	e595103c 	ldr	r1, [r5, #60]	@ 0x3c
    81d0:	e5810008 	str	r0, [r1, #8]
    81d4:	e59f03ac 	ldr	r0, [pc, #940]	@ 0x8588
    81d8:	e30ccabc 	movw	ip, #51900	@ 0xcabc
    81dc:	e34ccdef 	movt	ip, #52719	@ 0xcdef
    81e0:	e28dd018 	add	sp, sp, #24
    81e4:	ecbd8b02 	vpop	{d8}
    81e8:	e28dd004 	add	sp, sp, #4
    81ec:	e8bd8fc0 	pop	{r6, r7, r8, r9, sl, fp, pc}
    81f0:	e3a00003 	mov	r0, #3
    81f4:	ea000000 	b	0x81fc
    81f8:	e3a00008 	mov	r0, #8
    81fc:	e59d1000 	ldr	r1, [sp]
    8200:	e5810010 	str	r0, [r1, #16]
    8204:	e59d0000 	ldr	r0, [sp]
    8208:	e59d103c 	ldr	r1, [sp, #60]	@ 0x3c
    820c:	e59fc378 	ldr	ip, [pc, #888]	@ 0x858c
    8210:	e12fff3c 	blx	ip
    8214:	e28dd018 	add	sp, sp, #24
    8218:	ecbd8b02 	vpop	{d8}
    821c:	e28dd004 	add	sp, sp, #4
    8220:	e8bd0fc0 	pop	{r6, r7, r8, r9, sl, fp}
    8224:	e28dd004 	add	sp, sp, #4
    8228:	e12fff10 	bx	r0
    822c:	e92d41c0 	push	{r6, r7, r8, lr}
    8230:	e24dd008 	sub	sp, sp, #8
    8234:	e58d0000 	str	r0, [sp]
    8238:	e30cc123 	movw	ip, #49443	@ 0xc123
    823c:	e34cc456 	movt	ip, #50262	@ 0xc456
    8240:	e5946000 	ldr	r6, [r4]
    8244:	e5940004 	ldr	r0, [r4, #4]
    8248:	e1a03000 	mov	r3, r0
    824c:	e5952030 	ldr	r2, [r5, #48]	@ 0x30
    8250:	e59fc288 	ldr	ip, [pc, #648]	@ 0x84e0
    8254:	e153000c 	cmp	r3, ip
    8258:	8a000034 	bhi	0x8330
    825c:	e7921003 	ldr	r1, [r2, r3]
    8260:	e2811007 	add	r1, r1, #7
    8264:	e3c11007 	bic	r1, r1, #7
    8268:	e1a02001 	mov	r2, r1
    826c:	e2811010 	add	r1, r1, #16
    8270:	e5953030 	ldr	r3, [r5, #48]	@ 0x30
    8274:	e59fc264 	ldr	ip, [pc, #612]	@ 0x84e0
    8278:	e150000c 	cmp	r0, ip
    827c:	8a00002b 	bhi	0x8330
    8280:	e7831000 	str	r1, [r3, r0]
    8284:	e1a07002 	mov	r7, r2
    8288:	e5953030 	ldr	r3, [r5, #48]	@ 0x30
    828c:	e59fc2fc 	ldr	ip, [pc, #764]	@ 0x8590
    8290:	e157000c 	cmp	r7, ip
    8294:	8a000025 	bhi	0x8330
    8298:	e083c007 	add	ip, r3, r7
    829c:	e59c0000 	ldr	r0, [ip]
    82a0:	e59c1004 	ldr	r1, [ip, #4]
    82a4:	e5958030 	ldr	r8, [r5, #48]	@ 0x30
    82a8:	e2922008 	adds	r2, r2, #8
    82ac:	2a00001f 	bcs	0x8330
    82b0:	e59fc2d8 	ldr	ip, [pc, #728]	@ 0x8590
    82b4:	e152000c 	cmp	r2, ip
    82b8:	8a00001c 	bhi	0x8330
    82bc:	e088c002 	add	ip, r8, r2
    82c0:	e59c3000 	ldr	r3, [ip]
    82c4:	e59c7004 	ldr	r7, [ip, #4]
    82c8:	e584001c 	str	r0, [r4, #28]
    82cc:	e5841020 	str	r1, [r4, #32]
    82d0:	e5843024 	str	r3, [r4, #36]	@ 0x24
    82d4:	e5847028 	str	r7, [r4, #40]	@ 0x28
    82d8:	e59f02b4 	ldr	r0, [pc, #692]	@ 0x8594
    82dc:	e1a01004 	mov	r1, r4
    82e0:	e59d2000 	ldr	r2, [sp]
    82e4:	e59fc2ac 	ldr	ip, [pc, #684]	@ 0x8598
    82e8:	e12fff3c 	blx	ip
    82ec:	e3500000 	cmp	r0, #0
    82f0:	1a000011 	bne	0x833c
    82f4:	ed940b07 	vldr	d0, [r4, #28]
    82f8:	e5950030 	ldr	r0, [r5, #48]	@ 0x30
    82fc:	e59fc28c 	ldr	ip, [pc, #652]	@ 0x8590
    8300:	e156000c 	cmp	r6, ip
    8304:	8a000009 	bhi	0x8330
    8308:	ee10ea10 	vmov	lr, s0
    830c:	e080c006 	add	ip, r0, r6
    8310:	e58ce000 	str	lr, [ip]
    8314:	ee10ea90 	vmov	lr, s1
    8318:	e58ce004 	str	lr, [ip, #4]
    831c:	e59f0278 	ldr	r0, [pc, #632]	@ 0x859c
    8320:	e30ccabc 	movw	ip, #51900	@ 0xcabc
    8324:	e34ccdef 	movt	ip, #52719	@ 0xcdef
    8328:	e28dd008 	add	sp, sp, #8
    832c:	e8bd81c0 	pop	{r6, r7, r8, pc}
    8330:	e3a00008 	mov	r0, #8
    8334:	e59d1000 	ldr	r1, [sp]
    8338:	e5810010 	str	r0, [r1, #16]
    833c:	e59d0000 	ldr	r0, [sp]
    8340:	e59d1014 	ldr	r1, [sp, #20]
    8344:	e59fc254 	ldr	ip, [pc, #596]	@ 0x85a0
    8348:	e12fff3c 	blx	ip
    834c:	e28dd008 	add	sp, sp, #8
    8350:	e8bd01c0 	pop	{r6, r7, r8}
    8354:	e28dd004 	add	sp, sp, #4
    8358:	e12fff10 	bx	r0
    835c:	e52de004 	push	{lr}		@ (str lr, [sp, #-4]!)
    8360:	e24dd004 	sub	sp, sp, #4
    8364:	e58d0000 	str	r0, [sp]
    8368:	e30cc123 	movw	ip, #49443	@ 0xc123
    836c:	e34cc456 	movt	ip, #50262	@ 0xc456
    8370:	ed940b00 	vldr	d0, [r4]
    8374:	ec510a10 	vmov	r0, r1, s0, s1
    8378:	e5840008 	str	r0, [r4, #8]
    837c:	e584100c 	str	r1, [r4, #12]
    8380:	e59f021c 	ldr	r0, [pc, #540]	@ 0x85a4
    8384:	e30ccabc 	movw	ip, #51900	@ 0xcabc
    8388:	e34ccdef 	movt	ip, #52719	@ 0xcdef
    838c:	e28dd004 	add	sp, sp, #4
    8390:	e49df004 	pop	{pc}		@ (ldr pc, [sp], #4)
    8394:	e92d4040 	push	{r6, lr}
    8398:	e24dd008 	sub	sp, sp, #8
    839c:	e58d0000 	str	r0, [sp]
    83a0:	e30cc123 	movw	ip, #49443	@ 0xc123
    83a4:	e34cc456 	movt	ip, #50262	@ 0xc456
    83a8:	e5946000 	ldr	r6, [r4]
    83ac:	e3560000 	cmp	r6, #0
    83b0:	1a000003 	bne	0x83c4
    83b4:	e3a0e000 	mov	lr, #0
    83b8:	e584e004 	str	lr, [r4, #4]
    83bc:	e59f01e4 	ldr	r0, [pc, #484]	@ 0x85a8
    83c0:	ea000011 	b	0x840c
    83c4:	e59f01e0 	ldr	r0, [pc, #480]	@ 0x85ac
    83c8:	e1a01004 	mov	r1, r4
    83cc:	e59d2000 	ldr	r2, [sp]
    83d0:	e59fc1d8 	ldr	ip, [pc, #472]	@ 0x85b0
    83d4:	e12fff3c 	blx	ip
    83d8:	e3500000 	cmp	r0, #0
    83dc:	1a00000f 	bne	0x8420
    83e0:	e594000c 	ldr	r0, [r4, #12]
    83e4:	e5951030 	ldr	r1, [r5, #48]	@ 0x30
    83e8:	e59fc0f0 	ldr	ip, [pc, #240]	@ 0x84e0
    83ec:	e150000c 	cmp	r0, ip
    83f0:	8a000007 	bhi	0x8414
    83f4:	e7816000 	str	r6, [r1, r0]
    83f8:	e3e0e000 	mvn	lr, #0
    83fc:	e584e008 	str	lr, [r4, #8]
    8400:	e59f01ac 	ldr	r0, [pc, #428]	@ 0x85b4
    8404:	e30ccabc 	movw	ip, #51900	@ 0xcabc
    8408:	e34ccdef 	movt	ip, #52719	@ 0xcdef
    840c:	e28dd008 	add	sp, sp, #8
    8410:	e8bd8040 	pop	{r6, pc}
    8414:	e3a00008 	mov	r0, #8
    8418:	e59d1000 	ldr	r1, [sp]
    841c:	e5810010 	str	r0, [r1, #16]
    8420:	e59d0000 	ldr	r0, [sp]
    8424:	e59d100c 	ldr	r1, [sp, #12]
    8428:	e59fc188 	ldr	ip, [pc, #392]	@ 0x85b8
    842c:	e12fff3c 	blx	ip
    8430:	e59d6008 	ldr	r6, [sp, #8]
    8434:	e28dd010 	add	sp, sp, #16
    8438:	e12fff10 	bx	r0
    843c:	e52de004 	push	{lr}		@ (str lr, [sp, #-4]!)
    8440:	e24dd004 	sub	sp, sp, #4
    8444:	e58d0000 	str	r0, [sp]
    8448:	e30cc123 	movw	ip, #49443	@ 0xc123
    844c:	e34cc456 	movt	ip, #50262	@ 0xc456
    8450:	e3a0e02a 	mov	lr, #42	@ 0x2a
    8454:	e584e000 	str	lr, [r4]
    8458:	e59f015c 	ldr	r0, [pc, #348]	@ 0x85bc
    845c:	e30ccabc 	movw	ip, #51900	@ 0xcabc
    8460:	e34ccdef 	movt	ip, #52719	@ 0xcdef
    8464:	e28dd004 	add	sp, sp, #4
    8468:	e49df004 	pop	{pc}		@ (ldr pc, [sp], #4)
    846c:	e52de004 	push	{lr}		@ (str lr, [sp, #-4]!)
    8470:	e24dd004 	sub	sp, sp, #4
    8474:	e58d0000 	str	r0, [sp]
    8478:	e30cc123 	movw	ip, #49443	@ 0xc123
    847c:	e34cc456 	movt	ip, #50262	@ 0xc456
    8480:	e3a009ff 	mov	r0, #4177920	@ 0x3fc000
    8484:	e3800e58 	orr	r0, r0, #88, 28	@ 0x580
    8488:	e1a01004 	mov	r1, r4
    848c:	e59d2000 	ldr	r2, [sp]
    8490:	e59fc128 	ldr	ip, [pc, #296]	@ 0x85c0
    8494:	e12fff3c 	blx	ip
    8498:	e3500000 	cmp	r0, #0
    849c:	1a00004d 	bne	0x85d8
    84a0:	e5940000 	ldr	r0, [r4]
    84a4:	e5840000 	str	r0, [r4]
    84a8:	ea000045 	b	0x85c4
	...
    84b8:	001f44e8 	andseq	r4, pc, r8, ror #9
    84bc:	001f44e8 	andseq	r4, pc, r8, ror #9
    84c0:	0040ad80 	subeq	sl, r0, r0, lsl #27
    84c4:	000487b4 			@ <UNDEFINED> instruction: 0x000487b4
    84c8:	0040af6c 	subeq	sl, r0, ip, ror #30
    84cc:	000487b4 			@ <UNDEFINED> instruction: 0x000487b4
    84d0:	0040af84 	subeq	sl, r0, r4, lsl #31
    84d4:	000487b4 			@ <UNDEFINED> instruction: 0x000487b4
    84d8:	0040afbc 	strheq	sl, [r0], #-252	@ 0xffffff04
    84dc:	000487b4 			@ <UNDEFINED> instruction: 0x000487b4
    84e0:	0101fffc 	strdeq	pc, [r1, -ip]
    84e4:	0040b060 	subeq	fp, r0, r0, rrx
    84e8:	000487b4 			@ <UNDEFINED> instruction: 0x000487b4
    84ec:	0040b190 	umaaleq	fp, r0, r0, r1
    84f0:	000487b4 			@ <UNDEFINED> instruction: 0x000487b4
    84f4:	0040b1f4 	strdeq	fp, [r0], #-20	@ 0xffffffec
    84f8:	000487b4 			@ <UNDEFINED> instruction: 0x000487b4
    84fc:	0040b244 	subeq	fp, r0, r4, asr #4
    8500:	000487b4 			@ <UNDEFINED> instruction: 0x000487b4
    8504:	0040b32c 	subeq	fp, r0, ip, lsr #6
    8508:	000487b4 			@ <UNDEFINED> instruction: 0x000487b4
    850c:	0040b454 	subeq	fp, r0, r4, asr r4
    8510:	000487b4 			@ <UNDEFINED> instruction: 0x000487b4
    8514:	0040b578 	subeq	fp, r0, r8, ror r5
    8518:	000487b4 			@ <UNDEFINED> instruction: 0x000487b4
    851c:	0040b5bc 	strheq	fp, [r0], #-92	@ 0xffffffa4
    8520:	000487b4 			@ <UNDEFINED> instruction: 0x000487b4
    8524:	000487b4 			@ <UNDEFINED> instruction: 0x000487b4
    8528:	0040b6ac 	subeq	fp, r0, ip, lsr #13
    852c:	000487b4 			@ <UNDEFINED> instruction: 0x000487b4
    8530:	0040b6d0 	ldrdeq	fp, [r0], #-96	@ 0xffffffa0
    8534:	000487b4 			@ <UNDEFINED> instruction: 0x000487b4
    8538:	0040b724 	subeq	fp, r0, r4, lsr #14
    853c:	000487b4 			@ <UNDEFINED> instruction: 0x000487b4
    8540:	0040b760 	subeq	fp, r0, r0, ror #14
    8544:	000487b4 			@ <UNDEFINED> instruction: 0x000487b4
    8548:	0040b950 	subeq	fp, r0, r0, asr r9
    854c:	000487b4 			@ <UNDEFINED> instruction: 0x000487b4
    8550:	0040bd60 	subeq	fp, r0, r0, ror #26
    8554:	000487b4 			@ <UNDEFINED> instruction: 0x000487b4
    8558:	0040bd78 	subeq	fp, r0, r8, ror sp
    855c:	000487b4 			@ <UNDEFINED> instruction: 0x000487b4
    8560:	0040bdb0 	strheq	fp, [r0], #-208	@ 0xffffff30
    8564:	000487b4 			@ <UNDEFINED> instruction: 0x000487b4
    8568:	0040bde0 	subeq	fp, r0, r0, ror #27
    856c:	000487b4 			@ <UNDEFINED> instruction: 0x000487b4
    8570:	0040be0c 	subeq	fp, r0, ip, lsl #28
    8574:	000487b4 			@ <UNDEFINED> instruction: 0x000487b4
    8578:	0040be24 	subeq	fp, r0, r4, lsr #28
    857c:	000487b4 			@ <UNDEFINED> instruction: 0x000487b4
    8580:	0040be5c 	subeq	fp, r0, ip, asr lr
    8584:	000487b4 			@ <UNDEFINED> instruction: 0x000487b4
    8588:	0040beb0 	strheq	fp, [r0], #-224	@ 0xffffff20
    858c:	00047eac 	andeq	r7, r4, ip, lsr #29
    8590:	0101fff8 	strdeq	pc, [r1, -r8]
    8594:	0040214c 	subeq	r2, r0, ip, asr #2
    8598:	000487b4 			@ <UNDEFINED> instruction: 0x000487b4
    859c:	00402174 	subeq	r2, r0, r4, ror r1
    85a0:	00047eac 	andeq	r7, r4, ip, lsr #29
    85a4:	004022d0 	ldrdeq	r2, [r0], #-32	@ 0xffffffe0
    85a8:	003fa7e4 	eorseq	sl, pc, r4, ror #15
    85ac:	003fa7e8 	eorseq	sl, pc, r8, ror #15
    85b0:	000487b4 			@ <UNDEFINED> instruction: 0x000487b4
    85b4:	003fa808 	eorseq	sl, pc, r8, lsl #16
    85b8:	00047eac 	andeq	r7, r4, ip, lsr #29
    85bc:	003fe284 	eorseq	lr, pc, r4, lsl #5
    85c0:	000487b4 			@ <UNDEFINED> instruction: 0x000487b4
    85c4:	e59f0fec 	ldr	r0, [pc, #4076]	@ 0x95b8
    85c8:	e30ccabc 	movw	ip, #51900	@ 0xcabc
    85cc:	e34ccdef 	movt	ip, #52719	@ 0xcdef
    85d0:	e28dd004 	add	sp, sp, #4
    85d4:	e49df004 	pop	{pc}		@ (ldr pc, [sp], #4)
    85d8:	e59d0000 	ldr	r0, [sp]
    85dc:	e59d1004 	ldr	r1, [sp, #4]
    85e0:	e59fcfd4 	ldr	ip, [pc, #4052]	@ 0x95bc
    85e4:	e12fff3c 	blx	ip
    85e8:	e28dd008 	add	sp, sp, #8
    85ec:	e12fff10 	bx	r0
    85f0:	e52de004 	push	{lr}		@ (str lr, [sp, #-4]!)
    85f4:	e24dd004 	sub	sp, sp, #4
    85f8:	e58d0000 	str	r0, [sp]
    85fc:	e30cc123 	movw	ip, #49443	@ 0xc123
    8600:	e34cc456 	movt	ip, #50262	@ 0xc456
    8604:	e3a0eb46 	mov	lr, #71680	@ 0x11800
    8608:	e38ee090 	orr	lr, lr, #144	@ 0x90
    860c:	e584e000 	str	lr, [r4]
    8610:	e59f0fa8 	ldr	r0, [pc, #4008]	@ 0x95c0
    8614:	e30ccabc 	movw	ip, #51900	@ 0xcabc
    8618:	e34ccdef 	movt	ip, #52719	@ 0xcdef
    861c:	e28dd004 	add	sp, sp, #4
    8620:	e49df004 	pop	{pc}		@ (ldr pc, [sp], #4)
    8624:	e52de004 	push	{lr}		@ (str lr, [sp, #-4]!)
    8628:	e24dd004 	sub	sp, sp, #4
    862c:	e58d0000 	str	r0, [sp]
    8630:	e30cc123 	movw	ip, #49443	@ 0xc123
    8634:	e34cc456 	movt	ip, #50262	@ 0xc456
    8638:	e5950030 	ldr	r0, [r5, #48]	@ 0x30
    863c:	e3a0eb46 	mov	lr, #71680	@ 0x11800
    8640:	e38ee078 	orr	lr, lr, #120	@ 0x78
    8644:	e280cb48 	add	ip, r0, #72, 22	@ 0x12000
    8648:	e50ce710 	str	lr, [ip, #-1808]	@ 0xfffff8f0
    864c:	e59f0f70 	ldr	r0, [pc, #3952]	@ 0x95c4
    8650:	e1a01004 	mov	r1, r4
    8654:	e59d2000 	ldr	r2, [sp]
    8658:	e59fcf68 	ldr	ip, [pc, #3944]	@ 0x95c8
    865c:	e12fff3c 	blx	ip
    8660:	e3500000 	cmp	r0, #0
    8664:	1a000017 	bne	0x86c8
    8668:	e5940010 	ldr	r0, [r4, #16]
    866c:	e3a0cb40 	mov	ip, #64, 22	@ 0x10000
    8670:	e24c1000 	sub	r1, ip, #0
    8674:	e5952030 	ldr	r2, [r5, #48]	@ 0x30
    8678:	e282cb48 	add	ip, r2, #72, 22	@ 0x12000
    867c:	e50c1738 	str	r1, [ip, #-1848]	@ 0xfffff8c8
    8680:	e5951030 	ldr	r1, [r5, #48]	@ 0x30
    8684:	e3a0eb40 	mov	lr, #64, 22	@ 0x10000
    8688:	e281cb48 	add	ip, r1, #72, 22	@ 0x12000
    868c:	e50ce73c 	str	lr, [ip, #-1852]	@ 0xfffff8c4
    8690:	e5951030 	ldr	r1, [r5, #48]	@ 0x30
    8694:	e281cb48 	add	ip, r1, #72, 22	@ 0x12000
    8698:	e50c0758 	str	r0, [ip, #-1880]	@ 0xfffff8a8
    869c:	e5951030 	ldr	r1, [r5, #48]	@ 0x30
    86a0:	e281cb40 	add	ip, r1, #64, 22	@ 0x10000
    86a4:	e59c0b9c 	ldr	r0, [ip, #2972]	@ 0xb9c
    86a8:	e5951030 	ldr	r1, [r5, #48]	@ 0x30
    86ac:	e281cb48 	add	ip, r1, #72, 22	@ 0x12000
    86b0:	e50c0734 	str	r0, [ip, #-1844]	@ 0xfffff8cc
    86b4:	e59f0f10 	ldr	r0, [pc, #3856]	@ 0x95cc
    86b8:	e30ccabc 	movw	ip, #51900	@ 0xcabc
    86bc:	e34ccdef 	movt	ip, #52719	@ 0xcdef
    86c0:	e28dd004 	add	sp, sp, #4
    86c4:	e49df004 	pop	{pc}		@ (ldr pc, [sp], #4)
    86c8:	e59d0000 	ldr	r0, [sp]
    86cc:	e59d1004 	ldr	r1, [sp, #4]
    86d0:	e59fcef8 	ldr	ip, [pc, #3832]	@ 0x95d0
    86d4:	e12fff3c 	blx	ip
    86d8:	e28dd008 	add	sp, sp, #8
    86dc:	e12fff10 	bx	r0
    86e0:	e92d40c0 	push	{r6, r7, lr}
    86e4:	e24dd004 	sub	sp, sp, #4
    86e8:	e58d0000 	str	r0, [sp]
    86ec:	e30cc123 	movw	ip, #49443	@ 0xc123
    86f0:	e34cc456 	movt	ip, #50262	@ 0xc456
    86f4:	e5946000 	ldr	r6, [r4]
    86f8:	e5947004 	ldr	r7, [r4, #4]
    86fc:	e3a00001 	mov	r0, #1
    8700:	e3560000 	cmp	r6, #0
    8704:	0a0000b8 	beq	0x89ec
    8708:	e357007f 	cmp	r7, #127	@ 0x7f
    870c:	9a0000b9 	bls	0x89f8
    8710:	e59f0ebc 	ldr	r0, [pc, #3772]	@ 0x95d4
    8714:	e1a01004 	mov	r1, r4
    8718:	e59d2000 	ldr	r2, [sp]
    871c:	e59fceb4 	ldr	ip, [pc, #3764]	@ 0x95d8
    8720:	e12fff3c 	blx	ip
    8724:	e3500000 	cmp	r0, #0
    8728:	1a0000c2 	bne	0x8a38
    872c:	e5941028 	ldr	r1, [r4, #40]	@ 0x28
    8730:	e1a03001 	mov	r3, r1
    8734:	e5952030 	ldr	r2, [r5, #48]	@ 0x30
    8738:	e2933060 	adds	r3, r3, #96	@ 0x60
    873c:	2a0000ba 	bcs	0x8a2c
    8740:	e59fce94 	ldr	ip, [pc, #3732]	@ 0x95dc
    8744:	e153000c 	cmp	r3, ip
    8748:	8a0000b7 	bhi	0x8a2c
    874c:	e7921003 	ldr	r1, [r2, r3]
    8750:	e1a03001 	mov	r3, r1
    8754:	e5952030 	ldr	r2, [r5, #48]	@ 0x30
    8758:	e59fce7c 	ldr	ip, [pc, #3708]	@ 0x95dc
    875c:	e153000c 	cmp	r3, ip
    8760:	8a0000b1 	bhi	0x8a2c
    8764:	e7921003 	ldr	r1, [r2, r3]
    8768:	e3510000 	cmp	r1, #0
    876c:	1a000013 	bne	0x87c0
    8770:	e3c7107f 	bic	r1, r7, #127	@ 0x7f
    8774:	e3a0ccdf 	mov	ip, #57088	@ 0xdf00
    8778:	e38cc080 	orr	ip, ip, #128	@ 0x80
    877c:	e151000c 	cmp	r1, ip
    8780:	0a00009c 	beq	0x89f8
    8784:	e59f0e54 	ldr	r0, [pc, #3668]	@ 0x95e0
    8788:	e1a01004 	mov	r1, r4
    878c:	e59d2000 	ldr	r2, [sp]
    8790:	e59fce4c 	ldr	ip, [pc, #3660]	@ 0x95e4
    8794:	e12fff3c 	blx	ip
    8798:	e3500000 	cmp	r0, #0
    879c:	1a0000a5 	bne	0x8a38
    87a0:	e5941028 	ldr	r1, [r4, #40]	@ 0x28
    87a4:	e5952030 	ldr	r2, [r5, #48]	@ 0x30
    87a8:	e59fce2c 	ldr	ip, [pc, #3628]	@ 0x95dc
    87ac:	e151000c 	cmp	r1, ip
    87b0:	8a00009d 	bhi	0x8a2c
    87b4:	e3a0e019 	mov	lr, #25
    87b8:	e782e001 	str	lr, [r2, r1]
    87bc:	ea000089 	b	0x89e8
    87c0:	e3a0cc07 	mov	ip, #1792	@ 0x700
    87c4:	e38cc0ff 	orr	ip, ip, #255	@ 0xff
    87c8:	e157000c 	cmp	r7, ip
    87cc:	8a000017 	bhi	0x8830
    87d0:	e207103f 	and	r1, r7, #63	@ 0x3f
    87d4:	e3811080 	orr	r1, r1, #128	@ 0x80
    87d8:	e1a03006 	mov	r3, r6
    87dc:	e5952030 	ldr	r2, [r5, #48]	@ 0x30
    87e0:	e2933001 	adds	r3, r3, #1
    87e4:	2a000090 	bcs	0x8a2c
    87e8:	e3e0c4fe 	mvn	ip, #-33554432	@ 0xfe000000
    87ec:	e3ccc8fe 	bic	ip, ip, #16646144	@ 0xfe0000
    87f0:	e153000c 	cmp	r3, ip
    87f4:	8a00008c 	bhi	0x8a2c
    87f8:	e7c21003 	strb	r1, [r2, r3]
    87fc:	e1a01327 	lsr	r1, r7, #6
    8800:	e38110c0 	orr	r1, r1, #192	@ 0xc0
    8804:	e1a03006 	mov	r3, r6
    8808:	e5952030 	ldr	r2, [r5, #48]	@ 0x30
    880c:	e3e0c4fe 	mvn	ip, #-33554432	@ 0xfe000000
    8810:	e3ccc8fe 	bic	ip, ip, #16646144	@ 0xfe0000
    8814:	e153000c 	cmp	r3, ip
    8818:	8a000083 	bhi	0x8a2c
    881c:	e7c21003 	strb	r1, [r2, r3]
    8820:	e3a0e002 	mov	lr, #2
    8824:	e584e028 	str	lr, [r4, #40]	@ 0x28
    8828:	e59f0db8 	ldr	r0, [pc, #3512]	@ 0x95e8
    882c:	ea00007c 	b	0x8a24
    8830:	e3570cd8 	cmp	r7, #216, 24	@ 0xd800
    8834:	3a000004 	bcc	0x884c
    8838:	e3e0cc1f 	mvn	ip, #7936	@ 0x1f00
    883c:	e3ccc0ff 	bic	ip, ip, #255	@ 0xff
    8840:	e007100c 	and	r1, r7, ip
    8844:	e3510ce0 	cmp	r1, #224, 24	@ 0xe000
    8848:	1a000023 	bne	0x88dc
    884c:	e207103f 	and	r1, r7, #63	@ 0x3f
    8850:	e3811080 	orr	r1, r1, #128	@ 0x80
    8854:	e1a03006 	mov	r3, r6
    8858:	e5952030 	ldr	r2, [r5, #48]	@ 0x30
    885c:	e2933002 	adds	r3, r3, #2
    8860:	2a000071 	bcs	0x8a2c
    8864:	e3e0c4fe 	mvn	ip, #-33554432	@ 0xfe000000
    8868:	e3ccc8fe 	bic	ip, ip, #16646144	@ 0xfe0000
    886c:	e153000c 	cmp	r3, ip
    8870:	8a00006d 	bhi	0x8a2c
    8874:	e7c21003 	strb	r1, [r2, r3]
    8878:	e1a01627 	lsr	r1, r7, #12
    887c:	e38110e0 	orr	r1, r1, #224	@ 0xe0
    8880:	e1a03006 	mov	r3, r6
    8884:	e5952030 	ldr	r2, [r5, #48]	@ 0x30
    8888:	e3e0c4fe 	mvn	ip, #-33554432	@ 0xfe000000
    888c:	e3ccc8fe 	bic	ip, ip, #16646144	@ 0xfe0000
    8890:	e153000c 	cmp	r3, ip
    8894:	8a000064 	bhi	0x8a2c
    8898:	e7c21003 	strb	r1, [r2, r3]
    889c:	e1a01327 	lsr	r1, r7, #6
    88a0:	e201103f 	and	r1, r1, #63	@ 0x3f
    88a4:	e3811080 	orr	r1, r1, #128	@ 0x80
    88a8:	e1a03006 	mov	r3, r6
    88ac:	e5952030 	ldr	r2, [r5, #48]	@ 0x30
    88b0:	e2933001 	adds	r3, r3, #1
    88b4:	2a00005c 	bcs	0x8a2c
    88b8:	e3e0c4fe 	mvn	ip, #-33554432	@ 0xfe000000
    88bc:	e3ccc8fe 	bic	ip, ip, #16646144	@ 0xfe0000
    88c0:	e153000c 	cmp	r3, ip
    88c4:	8a000058 	bhi	0x8a2c
    88c8:	e7c21003 	strb	r1, [r2, r3]
    88cc:	e3a0e003 	mov	lr, #3
    88d0:	e584e028 	str	lr, [r4, #40]	@ 0x28
    88d4:	e59f0d10 	ldr	r0, [pc, #3344]	@ 0x95ec
    88d8:	ea000051 	b	0x8a24
    88dc:	e2471b40 	sub	r1, r7, #64, 22	@ 0x10000
    88e0:	e3e0c20f 	mvn	ip, #-268435456	@ 0xf0000000
    88e4:	e3ccc6ff 	bic	ip, ip, #267386880	@ 0xff00000
    88e8:	e151000c 	cmp	r1, ip
    88ec:	8a00002f 	bhi	0x89b0
    88f0:	e207103f 	and	r1, r7, #63	@ 0x3f
    88f4:	e3811080 	orr	r1, r1, #128	@ 0x80
    88f8:	e1a03006 	mov	r3, r6
    88fc:	e5952030 	ldr	r2, [r5, #48]	@ 0x30
    8900:	e2933003 	adds	r3, r3, #3
    8904:	2a000048 	bcs	0x8a2c
    8908:	e3e0c4fe 	mvn	ip, #-33554432	@ 0xfe000000
    890c:	e3ccc8fe 	bic	ip, ip, #16646144	@ 0xfe0000
    8910:	e153000c 	cmp	r3, ip
    8914:	8a000044 	bhi	0x8a2c
    8918:	e7c21003 	strb	r1, [r2, r3]
    891c:	e1a01927 	lsr	r1, r7, #18
    8920:	e38110f0 	orr	r1, r1, #240	@ 0xf0
    8924:	e1a03006 	mov	r3, r6
    8928:	e5952030 	ldr	r2, [r5, #48]	@ 0x30
    892c:	e3e0c4fe 	mvn	ip, #-33554432	@ 0xfe000000
    8930:	e3ccc8fe 	bic	ip, ip, #16646144	@ 0xfe0000
    8934:	e153000c 	cmp	r3, ip
    8938:	8a00003b 	bhi	0x8a2c
    893c:	e7c21003 	strb	r1, [r2, r3]
    8940:	e1a01327 	lsr	r1, r7, #6
    8944:	e201103f 	and	r1, r1, #63	@ 0x3f
    8948:	e3811080 	orr	r1, r1, #128	@ 0x80
    894c:	e1a03006 	mov	r3, r6
    8950:	e5952030 	ldr	r2, [r5, #48]	@ 0x30
    8954:	e2933002 	adds	r3, r3, #2
    8958:	2a000033 	bcs	0x8a2c
    895c:	e3e0c4fe 	mvn	ip, #-33554432	@ 0xfe000000
    8960:	e3ccc8fe 	bic	ip, ip, #16646144	@ 0xfe0000
    8964:	e153000c 	cmp	r3, ip
    8968:	8a00002f 	bhi	0x8a2c
    896c:	e7c21003 	strb	r1, [r2, r3]
    8970:	e1a01627 	lsr	r1, r7, #12
    8974:	e201103f 	and	r1, r1, #63	@ 0x3f
    8978:	e3811080 	orr	r1, r1, #128	@ 0x80
    897c:	e1a03006 	mov	r3, r6
    8980:	e5952030 	ldr	r2, [r5, #48]	@ 0x30
    8984:	e2933001 	adds	r3, r3, #1
    8988:	2a000027 	bcs	0x8a2c
    898c:	e3e0c4fe 	mvn	ip, #-33554432	@ 0xfe000000
    8990:	e3ccc8fe 	bic	ip, ip, #16646144	@ 0xfe0000
    8994:	e153000c 	cmp	r3, ip
    8998:	8a000023 	bhi	0x8a2c
    899c:	e7c21003 	strb	r1, [r2, r3]
    89a0:	e3a0e004 	mov	lr, #4
    89a4:	e584e028 	str	lr, [r4, #40]	@ 0x28
    89a8:	e59f0c40 	ldr	r0, [pc, #3136]	@ 0x95f0
    89ac:	ea00001c 	b	0x8a24
    89b0:	e59f0c3c 	ldr	r0, [pc, #3132]	@ 0x95f4
    89b4:	e1a01004 	mov	r1, r4
    89b8:	e59d2000 	ldr	r2, [sp]
    89bc:	e59fcc34 	ldr	ip, [pc, #3124]	@ 0x95f8
    89c0:	e12fff3c 	blx	ip
    89c4:	e3500000 	cmp	r0, #0
    89c8:	1a00001a 	bne	0x8a38
    89cc:	e5941028 	ldr	r1, [r4, #40]	@ 0x28
    89d0:	e5952030 	ldr	r2, [r5, #48]	@ 0x30
    89d4:	e59fcc00 	ldr	ip, [pc, #3072]	@ 0x95dc
    89d8:	e151000c 	cmp	r1, ip
    89dc:	8a000012 	bhi	0x8a2c
    89e0:	e3a0e019 	mov	lr, #25
    89e4:	e782e001 	str	lr, [r2, r1]
    89e8:	e3e00000 	mvn	r0, #0
    89ec:	e584000c 	str	r0, [r4, #12]
    89f0:	e59f0c04 	ldr	r0, [pc, #3076]	@ 0x95fc
    89f4:	ea00000a 	b	0x8a24
    89f8:	e5950030 	ldr	r0, [r5, #48]	@ 0x30
    89fc:	e3e0c4fe 	mvn	ip, #-33554432	@ 0xfe000000
    8a00:	e3ccc8fe 	bic	ip, ip, #16646144	@ 0xfe0000
    8a04:	e156000c 	cmp	r6, ip
    8a08:	8a000007 	bhi	0x8a2c
    8a0c:	e7c07006 	strb	r7, [r0, r6]
    8a10:	e3a0e001 	mov	lr, #1
    8a14:	e584e014 	str	lr, [r4, #20]
    8a18:	e59f0be0 	ldr	r0, [pc, #3040]	@ 0x9600
    8a1c:	e30ccabc 	movw	ip, #51900	@ 0xcabc
    8a20:	e34ccdef 	movt	ip, #52719	@ 0xcdef
    8a24:	e28dd004 	add	sp, sp, #4
    8a28:	e8bd80c0 	pop	{r6, r7, pc}
    8a2c:	e3a00008 	mov	r0, #8
    8a30:	e59d1000 	ldr	r1, [sp]
    8a34:	e5810010 	str	r0, [r1, #16]
    8a38:	e59d0000 	ldr	r0, [sp]
    8a3c:	e59d100c 	ldr	r1, [sp, #12]
    8a40:	e59fcbbc 	ldr	ip, [pc, #3004]	@ 0x9604
    8a44:	e12fff3c 	blx	ip
    8a48:	e28dd004 	add	sp, sp, #4
    8a4c:	e8bd00c0 	pop	{r6, r7}
    8a50:	e28dd004 	add	sp, sp, #4
    8a54:	e12fff10 	bx	r0
    8a58:	e52de004 	push	{lr}		@ (str lr, [sp, #-4]!)
    8a5c:	e24dd004 	sub	sp, sp, #4
    8a60:	e58d0000 	str	r0, [sp]
    8a64:	e30cc123 	movw	ip, #49443	@ 0xc123
    8a68:	e34cc456 	movt	ip, #50262	@ 0xc456
    8a6c:	e5940000 	ldr	r0, [r4]
    8a70:	e5941004 	ldr	r1, [r4, #4]
    8a74:	e3500000 	cmp	r0, #0
    8a78:	1a000003 	bne	0x8a8c
    8a7c:	e3a0e000 	mov	lr, #0
    8a80:	e584e008 	str	lr, [r4, #8]
    8a84:	e59f0b7c 	ldr	r0, [pc, #2940]	@ 0x9608
    8a88:	ea00000f 	b	0x8acc
    8a8c:	e5840000 	str	r0, [r4]
    8a90:	e5841004 	str	r1, [r4, #4]
    8a94:	e3a0e000 	mov	lr, #0
    8a98:	e584e008 	str	lr, [r4, #8]
    8a9c:	e59f0b68 	ldr	r0, [pc, #2920]	@ 0x960c
    8aa0:	e1a01004 	mov	r1, r4
    8aa4:	e59d2000 	ldr	r2, [sp]
    8aa8:	e59fcb60 	ldr	ip, [pc, #2912]	@ 0x9610
    8aac:	e12fff3c 	blx	ip
    8ab0:	e3500000 	cmp	r0, #0
    8ab4:	1a000006 	bne	0x8ad4
    8ab8:	e594000c 	ldr	r0, [r4, #12]
    8abc:	e584000c 	str	r0, [r4, #12]
    8ac0:	e59f0b4c 	ldr	r0, [pc, #2892]	@ 0x9614
    8ac4:	e30ccabc 	movw	ip, #51900	@ 0xcabc
    8ac8:	e34ccdef 	movt	ip, #52719	@ 0xcdef
    8acc:	e28dd004 	add	sp, sp, #4
    8ad0:	e49df004 	pop	{pc}		@ (ldr pc, [sp], #4)
    8ad4:	e59d0000 	ldr	r0, [sp]
    8ad8:	e59d1004 	ldr	r1, [sp, #4]
    8adc:	e59fcb34 	ldr	ip, [pc, #2868]	@ 0x9618
    8ae0:	e12fff3c 	blx	ip
    8ae4:	e28dd008 	add	sp, sp, #8
    8ae8:	e12fff10 	bx	r0
    8aec:	e52de004 	push	{lr}		@ (str lr, [sp, #-4]!)
    8af0:	e24dd004 	sub	sp, sp, #4
    8af4:	e58d0000 	str	r0, [sp]
    8af8:	e30cc123 	movw	ip, #49443	@ 0xc123
    8afc:	e34cc456 	movt	ip, #50262	@ 0xc456
    8b00:	e5940000 	ldr	r0, [r4]
    8b04:	e5840000 	str	r0, [r4]
    8b08:	e59f0b0c 	ldr	r0, [pc, #2828]	@ 0x961c
    8b0c:	e30ccabc 	movw	ip, #51900	@ 0xcabc
    8b10:	e34ccdef 	movt	ip, #52719	@ 0xcdef
    8b14:	e28dd004 	add	sp, sp, #4
    8b18:	e49df004 	pop	{pc}		@ (ldr pc, [sp], #4)
    8b1c:	e52de004 	push	{lr}		@ (str lr, [sp, #-4]!)
    8b20:	e24dd004 	sub	sp, sp, #4
    8b24:	e58d0000 	str	r0, [sp]
    8b28:	e30cc123 	movw	ip, #49443	@ 0xc123
    8b2c:	e34cc456 	movt	ip, #50262	@ 0xc456
    8b30:	e5940000 	ldr	r0, [r4]
    8b34:	e1a02000 	mov	r2, r0
    8b38:	e5951030 	ldr	r1, [r5, #48]	@ 0x30
    8b3c:	e292203c 	adds	r2, r2, #60	@ 0x3c
    8b40:	2a000024 	bcs	0x8bd8
    8b44:	e59fca90 	ldr	ip, [pc, #2704]	@ 0x95dc
    8b48:	e152000c 	cmp	r2, ip
    8b4c:	8a000021 	bhi	0x8bd8
    8b50:	e7910002 	ldr	r0, [r1, r2]
    8b54:	e5840004 	str	r0, [r4, #4]
    8b58:	e59f0ac0 	ldr	r0, [pc, #2752]	@ 0x9620
    8b5c:	e1a01004 	mov	r1, r4
    8b60:	e59d2000 	ldr	r2, [sp]
    8b64:	e59fcab8 	ldr	ip, [pc, #2744]	@ 0x9624
    8b68:	e12fff3c 	blx	ip
    8b6c:	e3500000 	cmp	r0, #0
    8b70:	1a00001b 	bne	0x8be4
    8b74:	e5940004 	ldr	r0, [r4, #4]
    8b78:	e5840004 	str	r0, [r4, #4]
    8b7c:	e59f0aa4 	ldr	r0, [pc, #2724]	@ 0x9628
    8b80:	e1a01004 	mov	r1, r4
    8b84:	e59d2000 	ldr	r2, [sp]
    8b88:	e59fca9c 	ldr	ip, [pc, #2716]	@ 0x962c
    8b8c:	e12fff3c 	blx	ip
    8b90:	e3500000 	cmp	r0, #0
    8b94:	1a000012 	bne	0x8be4
    8b98:	e5940004 	ldr	r0, [r4, #4]
    8b9c:	e5840004 	str	r0, [r4, #4]
    8ba0:	e59f0a88 	ldr	r0, [pc, #2696]	@ 0x9630
    8ba4:	e1a01004 	mov	r1, r4
    8ba8:	e59d2000 	ldr	r2, [sp]
    8bac:	e59fca80 	ldr	ip, [pc, #2688]	@ 0x9634
    8bb0:	e12fff3c 	blx	ip
    8bb4:	e3500000 	cmp	r0, #0
    8bb8:	1a000009 	bne	0x8be4
    8bbc:	e5940004 	ldr	r0, [r4, #4]
    8bc0:	e5840004 	str	r0, [r4, #4]
    8bc4:	e59f0a6c 	ldr	r0, [pc, #2668]	@ 0x9638
    8bc8:	e30ccabc 	movw	ip, #51900	@ 0xcabc
    8bcc:	e34ccdef 	movt	ip, #52719	@ 0xcdef
    8bd0:	e28dd004 	add	sp, sp, #4
    8bd4:	e49df004 	pop	{pc}		@ (ldr pc, [sp], #4)
    8bd8:	e3a00008 	mov	r0, #8
    8bdc:	e59d1000 	ldr	r1, [sp]
    8be0:	e5810010 	str	r0, [r1, #16]
    8be4:	e59d0000 	ldr	r0, [sp]
    8be8:	e59d1004 	ldr	r1, [sp, #4]
    8bec:	e59fca48 	ldr	ip, [pc, #2632]	@ 0x963c
    8bf0:	e12fff3c 	blx	ip
    8bf4:	e28dd008 	add	sp, sp, #8
    8bf8:	e12fff10 	bx	r0
    8bfc:	e92d41c0 	push	{r6, r7, r8, lr}
    8c00:	e24dd008 	sub	sp, sp, #8
    8c04:	e58d0000 	str	r0, [sp]
    8c08:	e30cc123 	movw	ip, #49443	@ 0xc123
    8c0c:	e34cc456 	movt	ip, #50262	@ 0xc456
    8c10:	e5940000 	ldr	r0, [r4]
    8c14:	e5941004 	ldr	r1, [r4, #4]
    8c18:	e5942008 	ldr	r2, [r4, #8]
    8c1c:	e594300c 	ldr	r3, [r4, #12]
    8c20:	e595e03c 	ldr	lr, [r5, #60]	@ 0x3c
    8c24:	e59e6008 	ldr	r6, [lr, #8]
    8c28:	e2466010 	sub	r6, r6, #16
    8c2c:	e1a07006 	mov	r7, r6
    8c30:	e595803c 	ldr	r8, [r5, #60]	@ 0x3c
    8c34:	e5886008 	str	r6, [r8, #8]
    8c38:	e20330ff 	and	r3, r3, #255	@ 0xff
    8c3c:	e2876008 	add	r6, r7, #8
    8c40:	e5840000 	str	r0, [r4]
    8c44:	e5841004 	str	r1, [r4, #4]
    8c48:	e5842008 	str	r2, [r4, #8]
    8c4c:	e5843034 	str	r3, [r4, #52]	@ 0x34
    8c50:	e5846038 	str	r6, [r4, #56]	@ 0x38
    8c54:	e3a009fc 	mov	r0, #252, 18	@ 0x3f0000
    8c58:	e3800db7 	orr	r0, r0, #11712	@ 0x2dc0
    8c5c:	e1a01004 	mov	r1, r4
    8c60:	e59d2000 	ldr	r2, [sp]
    8c64:	e59fc9d4 	ldr	ip, [pc, #2516]	@ 0x9640
    8c68:	e12fff3c 	blx	ip
    8c6c:	e3500000 	cmp	r0, #0
    8c70:	1a000023 	bne	0x8d04
    8c74:	e5940028 	ldr	r0, [r4, #40]	@ 0x28
    8c78:	e5840028 	str	r0, [r4, #40]	@ 0x28
    8c7c:	e59f09c0 	ldr	r0, [pc, #2496]	@ 0x9644
    8c80:	e1a01004 	mov	r1, r4
    8c84:	e59d2000 	ldr	r2, [sp]
    8c88:	e59fc9b8 	ldr	ip, [pc, #2488]	@ 0x9648
    8c8c:	e12fff3c 	blx	ip
    8c90:	e3500000 	cmp	r0, #0
    8c94:	1a00001a 	bne	0x8d04
    8c98:	e5940028 	ldr	r0, [r4, #40]	@ 0x28
    8c9c:	e1a06007 	mov	r6, r7
    8ca0:	e5953030 	ldr	r3, [r5, #48]	@ 0x30
    8ca4:	e2966008 	adds	r6, r6, #8
    8ca8:	2a000012 	bcs	0x8cf8
    8cac:	e59fc998 	ldr	ip, [pc, #2456]	@ 0x964c
    8cb0:	e156000c 	cmp	r6, ip
    8cb4:	8a00000f 	bhi	0x8cf8
    8cb8:	e083c006 	add	ip, r3, r6
    8cbc:	e59c1000 	ldr	r1, [ip]
    8cc0:	e59c2004 	ldr	r2, [ip, #4]
    8cc4:	e2877010 	add	r7, r7, #16
    8cc8:	e595303c 	ldr	r3, [r5, #60]	@ 0x3c
    8ccc:	e5837008 	str	r7, [r3, #8]
    8cd0:	e3500000 	cmp	r0, #0
    8cd4:	13e01000 	mvnne	r1, #0
    8cd8:	13e02000 	mvnne	r2, #0
    8cdc:	e5841028 	str	r1, [r4, #40]	@ 0x28
    8ce0:	e584202c 	str	r2, [r4, #44]	@ 0x2c
    8ce4:	e59f0964 	ldr	r0, [pc, #2404]	@ 0x9650
    8ce8:	e30ccabc 	movw	ip, #51900	@ 0xcabc
    8cec:	e34ccdef 	movt	ip, #52719	@ 0xcdef
    8cf0:	e28dd008 	add	sp, sp, #8
    8cf4:	e8bd81c0 	pop	{r6, r7, r8, pc}
    8cf8:	e3a00008 	mov	r0, #8
    8cfc:	e59d1000 	ldr	r1, [sp]
    8d00:	e5810010 	str	r0, [r1, #16]
    8d04:	e59d0000 	ldr	r0, [sp]
    8d08:	e59d1014 	ldr	r1, [sp, #20]
    8d0c:	e59fc940 	ldr	ip, [pc, #2368]	@ 0x9654
    8d10:	e12fff3c 	blx	ip
    8d14:	e28dd008 	add	sp, sp, #8
    8d18:	e8bd01c0 	pop	{r6, r7, r8}
    8d1c:	e28dd004 	add	sp, sp, #4
    8d20:	e12fff10 	bx	r0
    8d24:	e92d40c0 	push	{r6, r7, lr}
    8d28:	e24dd004 	sub	sp, sp, #4
    8d2c:	e58d0000 	str	r0, [sp]
    8d30:	e30cc123 	movw	ip, #49443	@ 0xc123
    8d34:	e34cc456 	movt	ip, #50262	@ 0xc456
    8d38:	e5940000 	ldr	r0, [r4]
    8d3c:	e5941004 	ldr	r1, [r4, #4]
    8d40:	e5942008 	ldr	r2, [r4, #8]
    8d44:	e594300c 	ldr	r3, [r4, #12]
    8d48:	e1a07000 	mov	r7, r0
    8d4c:	e5956030 	ldr	r6, [r5, #48]	@ 0x30
    8d50:	e297703c 	adds	r7, r7, #60	@ 0x3c
    8d54:	2a000017 	bcs	0x8db8
    8d58:	e59fc87c 	ldr	ip, [pc, #2172]	@ 0x95dc
    8d5c:	e157000c 	cmp	r7, ip
    8d60:	8a000014 	bhi	0x8db8
    8d64:	e7960007 	ldr	r0, [r6, r7]
    8d68:	e5840010 	str	r0, [r4, #16]
    8d6c:	e5841004 	str	r1, [r4, #4]
    8d70:	e5842008 	str	r2, [r4, #8]
    8d74:	e584300c 	str	r3, [r4, #12]
    8d78:	e59f08d8 	ldr	r0, [pc, #2264]	@ 0x9658
    8d7c:	e1a01004 	mov	r1, r4
    8d80:	e59d2000 	ldr	r2, [sp]
    8d84:	e59fc8d0 	ldr	ip, [pc, #2256]	@ 0x965c
    8d88:	e12fff3c 	blx	ip
    8d8c:	e3500000 	cmp	r0, #0
    8d90:	1a00000b 	bne	0x8dc4
    8d94:	e5940010 	ldr	r0, [r4, #16]
    8d98:	e5941014 	ldr	r1, [r4, #20]
    8d9c:	e5840010 	str	r0, [r4, #16]
    8da0:	e5841014 	str	r1, [r4, #20]
    8da4:	e59f08b4 	ldr	r0, [pc, #2228]	@ 0x9660
    8da8:	e30ccabc 	movw	ip, #51900	@ 0xcabc
    8dac:	e34ccdef 	movt	ip, #52719	@ 0xcdef
    8db0:	e28dd004 	add	sp, sp, #4
    8db4:	e8bd80c0 	pop	{r6, r7, pc}
    8db8:	e3a00008 	mov	r0, #8
    8dbc:	e59d1000 	ldr	r1, [sp]
    8dc0:	e5810010 	str	r0, [r1, #16]
    8dc4:	e59d0000 	ldr	r0, [sp]
    8dc8:	e59d100c 	ldr	r1, [sp, #12]
    8dcc:	e59fc890 	ldr	ip, [pc, #2192]	@ 0x9664
    8dd0:	e12fff3c 	blx	ip
    8dd4:	e28dd004 	add	sp, sp, #4
    8dd8:	e8bd00c0 	pop	{r6, r7}
    8ddc:	e28dd004 	add	sp, sp, #4
    8de0:	e12fff10 	bx	r0
    8de4:	e52de004 	push	{lr}		@ (str lr, [sp, #-4]!)
    8de8:	e24dd004 	sub	sp, sp, #4
    8dec:	e58d0000 	str	r0, [sp]
    8df0:	e30cc123 	movw	ip, #49443	@ 0xc123
    8df4:	e34cc456 	movt	ip, #50262	@ 0xc456
    8df8:	e5950044 	ldr	r0, [r5, #68]	@ 0x44
    8dfc:	e3a0eb40 	mov	lr, #64, 22	@ 0x10000
    8e00:	e580e008 	str	lr, [r0, #8]
    8e04:	e3a0c000 	mov	ip, #0
    8e08:	e28c000f 	add	r0, ip, #15
    8e0c:	e3c0000f 	bic	r0, r0, #15
    8e10:	e5951040 	ldr	r1, [r5, #64]	@ 0x40
    8e14:	e5810008 	str	r0, [r1, #8]
    8e18:	e59f0848 	ldr	r0, [pc, #2120]	@ 0x9668
    8e1c:	e30ccabc 	movw	ip, #51900	@ 0xcabc
    8e20:	e34ccdef 	movt	ip, #52719	@ 0xcdef
    8e24:	e28dd004 	add	sp, sp, #4
    8e28:	e49df004 	pop	{pc}		@ (ldr pc, [sp], #4)
    8e2c:	e52de004 	push	{lr}		@ (str lr, [sp, #-4]!)
    8e30:	e24dd004 	sub	sp, sp, #4
    8e34:	e58d0000 	str	r0, [sp]
    8e38:	e30cc123 	movw	ip, #49443	@ 0xc123
    8e3c:	e34cc456 	movt	ip, #50262	@ 0xc456
    8e40:	e595e03c 	ldr	lr, [r5, #60]	@ 0x3c
    8e44:	e59e0008 	ldr	r0, [lr, #8]
    8e48:	e595e040 	ldr	lr, [r5, #64]	@ 0x40
    8e4c:	e59e1008 	ldr	r1, [lr, #8]
    8e50:	e0400001 	sub	r0, r0, r1
    8e54:	e5840000 	str	r0, [r4]
    8e58:	e59f080c 	ldr	r0, [pc, #2060]	@ 0x966c
    8e5c:	e30ccabc 	movw	ip, #51900	@ 0xcabc
    8e60:	e34ccdef 	movt	ip, #52719	@ 0xcdef
    8e64:	e28dd004 	add	sp, sp, #4
    8e68:	e49df004 	pop	{pc}		@ (ldr pc, [sp], #4)
    8e6c:	e52de004 	push	{lr}		@ (str lr, [sp, #-4]!)
    8e70:	e24dd004 	sub	sp, sp, #4
    8e74:	e58d0000 	str	r0, [sp]
    8e78:	e30cc123 	movw	ip, #49443	@ 0xc123
    8e7c:	e34cc456 	movt	ip, #50262	@ 0xc456
    8e80:	e595e044 	ldr	lr, [r5, #68]	@ 0x44
    8e84:	e59e0008 	ldr	r0, [lr, #8]
    8e88:	e5840000 	str	r0, [r4]
    8e8c:	e3a009ff 	mov	r0, #4177920	@ 0x3fc000
    8e90:	e38000dc 	orr	r0, r0, #220	@ 0xdc
    8e94:	e30ccabc 	movw	ip, #51900	@ 0xcabc
    8e98:	e34ccdef 	movt	ip, #52719	@ 0xcdef
    8e9c:	e28dd004 	add	sp, sp, #4
    8ea0:	e49df004 	pop	{pc}		@ (ldr pc, [sp], #4)
    8ea4:	e52de004 	push	{lr}		@ (str lr, [sp, #-4]!)
    8ea8:	e24dd004 	sub	sp, sp, #4
    8eac:	e58d0000 	str	r0, [sp]
    8eb0:	e30cc123 	movw	ip, #49443	@ 0xc123
    8eb4:	e34cc456 	movt	ip, #50262	@ 0xc456
    8eb8:	e595e040 	ldr	lr, [r5, #64]	@ 0x40
    8ebc:	e59e0008 	ldr	r0, [lr, #8]
    8ec0:	e5840000 	str	r0, [r4]
    8ec4:	e59f07a4 	ldr	r0, [pc, #1956]	@ 0x9670
    8ec8:	e30ccabc 	movw	ip, #51900	@ 0xcabc
    8ecc:	e34ccdef 	movt	ip, #52719	@ 0xcdef
    8ed0:	e28dd004 	add	sp, sp, #4
    8ed4:	e49df004 	pop	{pc}		@ (ldr pc, [sp], #4)
    8ed8:	e92d4fc0 	push	{r6, r7, r8, r9, sl, fp, lr}
    8edc:	e24dd004 	sub	sp, sp, #4
    8ee0:	e58d0000 	str	r0, [sp]
    8ee4:	e30cc123 	movw	ip, #49443	@ 0xc123
    8ee8:	e34cc456 	movt	ip, #50262	@ 0xc456
    8eec:	e5947014 	ldr	r7, [r4, #20]
    8ef0:	e3170040 	tst	r7, #64	@ 0x40
    8ef4:	0a000018 	beq	0x8f5c
    8ef8:	e2478040 	sub	r8, r7, #64	@ 0x40
    8efc:	e3a09000 	mov	r9, #0
    8f00:	e1a0a008 	mov	sl, r8
    8f04:	e5943004 	ldr	r3, [r4, #4]
    8f08:	e31a0020 	tst	sl, #32
    8f0c:	1a000008 	bne	0x8f34
    8f10:	e5946008 	ldr	r6, [r4, #8]
    8f14:	e20aa01f 	and	sl, sl, #31
    8f18:	e1a06a16 	lsl	r6, r6, sl
    8f1c:	e1a0c0a3 	lsr	ip, r3, #1
    8f20:	e22ae01f 	eor	lr, sl, #31
    8f24:	e1866e3c 	orr	r6, r6, ip, lsr lr
    8f28:	e1a0ea13 	lsl	lr, r3, sl
    8f2c:	e584e00c 	str	lr, [r4, #12]
    8f30:	ea000003 	b	0x8f44
    8f34:	e20ae01f 	and	lr, sl, #31
    8f38:	e1a06e13 	lsl	r6, r3, lr
    8f3c:	e3a0e000 	mov	lr, #0
    8f40:	e584e00c 	str	lr, [r4, #12]
    8f44:	e5846010 	str	r6, [r4, #16]
    8f48:	e3a0e000 	mov	lr, #0
    8f4c:	e584e004 	str	lr, [r4, #4]
    8f50:	e3a0e000 	mov	lr, #0
    8f54:	e584e008 	str	lr, [r4, #8]
    8f58:	ea00003b 	b	0x904c
    8f5c:	e3570000 	cmp	r7, #0
    8f60:	0a000039 	beq	0x904c
    8f64:	e2678040 	rsb	r8, r7, #64	@ 0x40
    8f68:	e3a09000 	mov	r9, #0
    8f6c:	e1a00008 	mov	r0, r8
    8f70:	e594b008 	ldr	fp, [r4, #8]
    8f74:	e3100020 	tst	r0, #32
    8f78:	1a000007 	bne	0x8f9c
    8f7c:	e594a004 	ldr	sl, [r4, #4]
    8f80:	e200001f 	and	r0, r0, #31
    8f84:	e1a0a03a 	lsr	sl, sl, r0
    8f88:	e1a0c08b 	lsl	ip, fp, #1
    8f8c:	e220e01f 	eor	lr, r0, #31
    8f90:	e18aae1c 	orr	sl, sl, ip, lsl lr
    8f94:	e1a0b03b 	lsr	fp, fp, r0
    8f98:	ea000002 	b	0x8fa8
    8f9c:	e200e01f 	and	lr, r0, #31
    8fa0:	e1a0ae3b 	lsr	sl, fp, lr
    8fa4:	e3a0b000 	mov	fp, #0
    8fa8:	e1a00007 	mov	r0, r7
    8fac:	e3a07000 	mov	r7, #0
    8fb0:	e1a08000 	mov	r8, r0
    8fb4:	e1a09007 	mov	r9, r7
    8fb8:	e1a01000 	mov	r1, r0
    8fbc:	e594600c 	ldr	r6, [r4, #12]
    8fc0:	e3110020 	tst	r1, #32
    8fc4:	1a000007 	bne	0x8fe8
    8fc8:	e5943010 	ldr	r3, [r4, #16]
    8fcc:	e201101f 	and	r1, r1, #31
    8fd0:	e1a03113 	lsl	r3, r3, r1
    8fd4:	e1a0c0a6 	lsr	ip, r6, #1
    8fd8:	e221e01f 	eor	lr, r1, #31
    8fdc:	e1833e3c 	orr	r3, r3, ip, lsr lr
    8fe0:	e1a06116 	lsl	r6, r6, r1
    8fe4:	ea000002 	b	0x8ff4
    8fe8:	e201e01f 	and	lr, r1, #31
    8fec:	e1a03e16 	lsl	r3, r6, lr
    8ff0:	e3a06000 	mov	r6, #0
    8ff4:	e18ae006 	orr	lr, sl, r6
    8ff8:	e584e00c 	str	lr, [r4, #12]
    8ffc:	e18be003 	orr	lr, fp, r3
    9000:	e584e010 	str	lr, [r4, #16]
    9004:	e1a02008 	mov	r2, r8
    9008:	e5941004 	ldr	r1, [r4, #4]
    900c:	e3120020 	tst	r2, #32
    9010:	1a000008 	bne	0x9038
    9014:	e5940008 	ldr	r0, [r4, #8]
    9018:	e202201f 	and	r2, r2, #31
    901c:	e1a00210 	lsl	r0, r0, r2
    9020:	e1a0c0a1 	lsr	ip, r1, #1
    9024:	e222e01f 	eor	lr, r2, #31
    9028:	e1800e3c 	orr	r0, r0, ip, lsr lr
    902c:	e1a0e211 	lsl	lr, r1, r2
    9030:	e584e004 	str	lr, [r4, #4]
    9034:	ea000003 	b	0x9048
    9038:	e202e01f 	and	lr, r2, #31
    903c:	e1a00e11 	lsl	r0, r1, lr
    9040:	e3a0e000 	mov	lr, #0
    9044:	e584e004 	str	lr, [r4, #4]
    9048:	e5840008 	str	r0, [r4, #8]
    904c:	e5941000 	ldr	r1, [r4]
    9050:	e5950030 	ldr	r0, [r5, #48]	@ 0x30
    9054:	e5942004 	ldr	r2, [r4, #4]
    9058:	e59fc5ec 	ldr	ip, [pc, #1516]	@ 0x964c
    905c:	e151000c 	cmp	r1, ip
    9060:	8a000015 	bhi	0x90bc
    9064:	e0800001 	add	r0, r0, r1
    9068:	e5941008 	ldr	r1, [r4, #8]
    906c:	e5802000 	str	r2, [r0]
    9070:	e5801004 	str	r1, [r0, #4]
    9074:	e5941000 	ldr	r1, [r4]
    9078:	e5950030 	ldr	r0, [r5, #48]	@ 0x30
    907c:	e594200c 	ldr	r2, [r4, #12]
    9080:	e2911008 	adds	r1, r1, #8
    9084:	2a00000c 	bcs	0x90bc
    9088:	e59fc5bc 	ldr	ip, [pc, #1468]	@ 0x964c
    908c:	e151000c 	cmp	r1, ip
    9090:	8a000009 	bhi	0x90bc
    9094:	e0800001 	add	r0, r0, r1
    9098:	e5941010 	ldr	r1, [r4, #16]
    909c:	e5802000 	str	r2, [r0]
    90a0:	e5801004 	str	r1, [r0, #4]
    90a4:	e3a00840 	mov	r0, #64, 16	@ 0x400000
    90a8:	e3800f7b 	orr	r0, r0, #492	@ 0x1ec
    90ac:	e30ccabc 	movw	ip, #51900	@ 0xcabc
    90b0:	e34ccdef 	movt	ip, #52719	@ 0xcdef
    90b4:	e28dd004 	add	sp, sp, #4
    90b8:	e8bd8fc0 	pop	{r6, r7, r8, r9, sl, fp, pc}
    90bc:	e3a00008 	mov	r0, #8
    90c0:	e59d1000 	ldr	r1, [sp]
    90c4:	e5810010 	str	r0, [r1, #16]
    90c8:	e59d0000 	ldr	r0, [sp]
    90cc:	e59d101c 	ldr	r1, [sp, #28]
    90d0:	e59fc59c 	ldr	ip, [pc, #1436]	@ 0x9674
    90d4:	e12fff3c 	blx	ip
    90d8:	e28dd004 	add	sp, sp, #4
    90dc:	e8bd0fc0 	pop	{r6, r7, r8, r9, sl, fp}
    90e0:	e28dd004 	add	sp, sp, #4
    90e4:	e12fff10 	bx	r0
    90e8:	e92d4fc0 	push	{r6, r7, r8, r9, sl, fp, lr}
    90ec:	e24dd004 	sub	sp, sp, #4
    90f0:	e58d0000 	str	r0, [sp]
    90f4:	e30cc123 	movw	ip, #49443	@ 0xc123
    90f8:	e34cc456 	movt	ip, #50262	@ 0xc456
    90fc:	e5947014 	ldr	r7, [r4, #20]
    9100:	e3170040 	tst	r7, #64	@ 0x40
    9104:	0a000018 	beq	0x916c
    9108:	e2478040 	sub	r8, r7, #64	@ 0x40
    910c:	e3a09000 	mov	r9, #0
    9110:	e1a0a008 	mov	sl, r8
    9114:	e5942010 	ldr	r2, [r4, #16]
    9118:	e31a0020 	tst	sl, #32
    911c:	1a000008 	bne	0x9144
    9120:	e594100c 	ldr	r1, [r4, #12]
    9124:	e20aa01f 	and	sl, sl, #31
    9128:	e1a01a31 	lsr	r1, r1, sl
    912c:	e1a0c082 	lsl	ip, r2, #1
    9130:	e22ae01f 	eor	lr, sl, #31
    9134:	e1811e1c 	orr	r1, r1, ip, lsl lr
    9138:	e1a0ea32 	lsr	lr, r2, sl
    913c:	e584e008 	str	lr, [r4, #8]
    9140:	ea000003 	b	0x9154
    9144:	e20ae01f 	and	lr, sl, #31
    9148:	e1a01e32 	lsr	r1, r2, lr
    914c:	e3a0e000 	mov	lr, #0
    9150:	e584e008 	str	lr, [r4, #8]
    9154:	e5841004 	str	r1, [r4, #4]
    9158:	e3a0e000 	mov	lr, #0
    915c:	e584e00c 	str	lr, [r4, #12]
    9160:	e3a0e000 	mov	lr, #0
    9164:	e584e010 	str	lr, [r4, #16]
    9168:	ea00003b 	b	0x925c
    916c:	e3570000 	cmp	r7, #0
    9170:	0a000039 	beq	0x925c
    9174:	e2678040 	rsb	r8, r7, #64	@ 0x40
    9178:	e3a09000 	mov	r9, #0
    917c:	e1a00008 	mov	r0, r8
    9180:	e594a00c 	ldr	sl, [r4, #12]
    9184:	e3100020 	tst	r0, #32
    9188:	1a000007 	bne	0x91ac
    918c:	e594b010 	ldr	fp, [r4, #16]
    9190:	e200001f 	and	r0, r0, #31
    9194:	e1a0b01b 	lsl	fp, fp, r0
    9198:	e1a0c0aa 	lsr	ip, sl, #1
    919c:	e220e01f 	eor	lr, r0, #31
    91a0:	e18bbe3c 	orr	fp, fp, ip, lsr lr
    91a4:	e1a0a01a 	lsl	sl, sl, r0
    91a8:	ea000002 	b	0x91b8
    91ac:	e200e01f 	and	lr, r0, #31
    91b0:	e1a0be1a 	lsl	fp, sl, lr
    91b4:	e3a0a000 	mov	sl, #0
    91b8:	e1a00007 	mov	r0, r7
    91bc:	e3a07000 	mov	r7, #0
    91c0:	e1a08000 	mov	r8, r0
    91c4:	e1a09007 	mov	r9, r7
    91c8:	e1a01000 	mov	r1, r0
    91cc:	e5943008 	ldr	r3, [r4, #8]
    91d0:	e3110020 	tst	r1, #32
    91d4:	1a000007 	bne	0x91f8
    91d8:	e5946004 	ldr	r6, [r4, #4]
    91dc:	e201101f 	and	r1, r1, #31
    91e0:	e1a06136 	lsr	r6, r6, r1
    91e4:	e1a0c083 	lsl	ip, r3, #1
    91e8:	e221e01f 	eor	lr, r1, #31
    91ec:	e1866e1c 	orr	r6, r6, ip, lsl lr
    91f0:	e1a03133 	lsr	r3, r3, r1
    91f4:	ea000002 	b	0x9204
    91f8:	e201e01f 	and	lr, r1, #31
    91fc:	e1a06e33 	lsr	r6, r3, lr
    9200:	e3a03000 	mov	r3, #0
    9204:	e18ae006 	orr	lr, sl, r6
    9208:	e584e004 	str	lr, [r4, #4]
    920c:	e18be003 	orr	lr, fp, r3
    9210:	e584e008 	str	lr, [r4, #8]
    9214:	e1a02008 	mov	r2, r8
    9218:	e5940010 	ldr	r0, [r4, #16]
    921c:	e3120020 	tst	r2, #32
    9220:	1a000008 	bne	0x9248
    9224:	e594100c 	ldr	r1, [r4, #12]
    9228:	e202201f 	and	r2, r2, #31
    922c:	e1a01231 	lsr	r1, r1, r2
    9230:	e1a0c080 	lsl	ip, r0, #1
    9234:	e222e01f 	eor	lr, r2, #31
    9238:	e1811e1c 	orr	r1, r1, ip, lsl lr
    923c:	e1a0e230 	lsr	lr, r0, r2
    9240:	e584e010 	str	lr, [r4, #16]
    9244:	ea000003 	b	0x9258
    9248:	e202e01f 	and	lr, r2, #31
    924c:	e1a01e30 	lsr	r1, r0, lr
    9250:	e3a0e000 	mov	lr, #0
    9254:	e584e010 	str	lr, [r4, #16]
    9258:	e584100c 	str	r1, [r4, #12]
    925c:	e5941000 	ldr	r1, [r4]
    9260:	e5950030 	ldr	r0, [r5, #48]	@ 0x30
    9264:	e5942004 	ldr	r2, [r4, #4]
    9268:	e59fc3dc 	ldr	ip, [pc, #988]	@ 0x964c
    926c:	e151000c 	cmp	r1, ip
    9270:	8a000014 	bhi	0x92c8
    9274:	e0800001 	add	r0, r0, r1
    9278:	e5941008 	ldr	r1, [r4, #8]
    927c:	e5802000 	str	r2, [r0]
    9280:	e5801004 	str	r1, [r0, #4]
    9284:	e5941000 	ldr	r1, [r4]
    9288:	e5950030 	ldr	r0, [r5, #48]	@ 0x30
    928c:	e594200c 	ldr	r2, [r4, #12]
    9290:	e2911008 	adds	r1, r1, #8
    9294:	2a00000b 	bcs	0x92c8
    9298:	e59fc3ac 	ldr	ip, [pc, #940]	@ 0x964c
    929c:	e151000c 	cmp	r1, ip
    92a0:	8a000008 	bhi	0x92c8
    92a4:	e0800001 	add	r0, r0, r1
    92a8:	e5941010 	ldr	r1, [r4, #16]
    92ac:	e5802000 	str	r2, [r0]
    92b0:	e5801004 	str	r1, [r0, #4]
    92b4:	e59f03bc 	ldr	r0, [pc, #956]	@ 0x9678
    92b8:	e30ccabc 	movw	ip, #51900	@ 0xcabc
    92bc:	e34ccdef 	movt	ip, #52719	@ 0xcdef
    92c0:	e28dd004 	add	sp, sp, #4
    92c4:	e8bd8fc0 	pop	{r6, r7, r8, r9, sl, fp, pc}
    92c8:	e3a00008 	mov	r0, #8
    92cc:	e59d1000 	ldr	r1, [sp]
    92d0:	e5810010 	str	r0, [r1, #16]
    92d4:	e59d0000 	ldr	r0, [sp]
    92d8:	e59d101c 	ldr	r1, [sp, #28]
    92dc:	e59fc398 	ldr	ip, [pc, #920]	@ 0x967c
    92e0:	e12fff3c 	blx	ip
    92e4:	e28dd004 	add	sp, sp, #4
    92e8:	e8bd0fc0 	pop	{r6, r7, r8, r9, sl, fp}
    92ec:	e28dd004 	add	sp, sp, #4
    92f0:	e12fff10 	bx	r0
    92f4:	e92d4fc0 	push	{r6, r7, r8, r9, sl, fp, lr}
    92f8:	e24dd004 	sub	sp, sp, #4
    92fc:	e58d0000 	str	r0, [sp]
    9300:	e30cc123 	movw	ip, #49443	@ 0xc123
    9304:	e34cc456 	movt	ip, #50262	@ 0xc456
    9308:	e595e03c 	ldr	lr, [r5, #60]	@ 0x3c
    930c:	e59e0008 	ldr	r0, [lr, #8]
    9310:	e2400020 	sub	r0, r0, #32
    9314:	e5840010 	str	r0, [r4, #16]
    9318:	e595103c 	ldr	r1, [r5, #60]	@ 0x3c
    931c:	e5810008 	str	r0, [r1, #8]
    9320:	e5940008 	ldr	r0, [r4, #8]
    9324:	e594100c 	ldr	r1, [r4, #12]
    9328:	e3c0e000 	bic	lr, r0, #0
    932c:	e584e024 	str	lr, [r4, #36]	@ 0x24
    9330:	e3a0ccff 	mov	ip, #65280	@ 0xff00
    9334:	e38cc0ff 	orr	ip, ip, #255	@ 0xff
    9338:	e001e00c 	and	lr, r1, ip
    933c:	e584e028 	str	lr, [r4, #40]	@ 0x28
    9340:	e594c00c 	ldr	ip, [r4, #12]
    9344:	e1a0282c 	lsr	r2, ip, #16
    9348:	e3a03000 	mov	r3, #0
    934c:	e3a0cc7f 	mov	ip, #32512	@ 0x7f00
    9350:	e38cc0ff 	orr	ip, ip, #255	@ 0xff
    9354:	e002200c 	and	r2, r2, ip
    9358:	e2033000 	and	r3, r3, #0
    935c:	e1a09002 	mov	r9, r2
    9360:	e1a08003 	mov	r8, r3
    9364:	e5842014 	str	r2, [r4, #20]
    9368:	e2422c3c 	sub	r2, r2, #60, 24	@ 0x3c00
    936c:	e2422001 	sub	r2, r2, #1
    9370:	e3a0cc07 	mov	ip, #1792	@ 0x700
    9374:	e38cc0fd 	orr	ip, ip, #253	@ 0xfd
    9378:	e152000c 	cmp	r2, ip
    937c:	8a000035 	bhi	0x9458
    9380:	e594c004 	ldr	ip, [r4, #4]
    9384:	e1a02e2c 	lsr	r2, ip, #28
    9388:	e3a0b000 	mov	fp, #0
    938c:	e5946028 	ldr	r6, [r4, #40]	@ 0x28
    9390:	e5947024 	ldr	r7, [r4, #36]	@ 0x24
    9394:	e1a06206 	lsl	r6, r6, #4
    9398:	e1866e27 	orr	r6, r6, r7, lsr #28
    939c:	e1a07207 	lsl	r7, r7, #4
    93a0:	e1822007 	orr	r2, r2, r7
    93a4:	e18bb006 	orr	fp, fp, r6
    93a8:	e594c014 	ldr	ip, [r4, #20]
    93ac:	e24c6df0 	sub	r6, ip, #240, 26	@ 0x3c00
    93b0:	e3a07000 	mov	r7, #0
    93b4:	e5943000 	ldr	r3, [r4]
    93b8:	e594a004 	ldr	sl, [r4, #4]
    93bc:	e3c33000 	bic	r3, r3, #0
    93c0:	e3caa4f0 	bic	sl, sl, #240, 8	@ 0xf0000000
    93c4:	e1a01003 	mov	r1, r3
    93c8:	e1a0000a 	mov	r0, sl
    93cc:	e3530001 	cmp	r3, #1
    93d0:	e2dac680 	sbcs	ip, sl, #128, 12	@ 0x8000000
    93d4:	3a000002 	bcc	0x93e4
    93d8:	e2922001 	adds	r2, r2, #1
    93dc:	e2abb000 	adc	fp, fp, #0
    93e0:	ea000007 	b	0x9404
    93e4:	e3500680 	cmp	r0, #128, 12	@ 0x8000000
    93e8:	1a000000 	bne	0x93f0
    93ec:	e3510000 	cmp	r1, #0
    93f0:	1a000003 	bne	0x9404
    93f4:	e2020001 	and	r0, r2, #1
    93f8:	e20b1000 	and	r1, fp, #0
    93fc:	e0902002 	adds	r2, r0, r2
    9400:	e0a1b00b 	adc	fp, r1, fp
    9404:	e3e0c000 	mvn	ip, #0
    9408:	e15c0002 	cmp	ip, r2
    940c:	e3e0c20f 	mvn	ip, #-268435456	@ 0xf0000000
    9410:	e3ccc6ff 	bic	ip, ip, #267386880	@ 0xff00000
    9414:	e0dcc00b 	sbcs	ip, ip, fp
    9418:	e3a00000 	mov	r0, #0
    941c:	33a00001 	movcc	r0, #1
    9420:	e1a01000 	mov	r1, r0
    9424:	e3500000 	cmp	r0, #0
    9428:	13a02000 	movne	r2, #0
    942c:	e1a0e00b 	mov	lr, fp
    9430:	13a0e000 	movne	lr, #0
    9434:	e5842000 	str	r2, [r4]
    9438:	e584e004 	str	lr, [r4, #4]
    943c:	e1a00001 	mov	r0, r1
    9440:	e3a01000 	mov	r1, #0
    9444:	e090e006 	adds	lr, r0, r6
    9448:	e584e024 	str	lr, [r4, #36]	@ 0x24
    944c:	e0a1e007 	adc	lr, r1, r7
    9450:	e584e028 	str	lr, [r4, #40]	@ 0x28
    9454:	ea000102 	b	0x9864
    9458:	e5943000 	ldr	r3, [r4]
    945c:	e5946004 	ldr	r6, [r4, #4]
    9460:	e594c024 	ldr	ip, [r4, #36]	@ 0x24
    9464:	e183300c 	orr	r3, r3, ip
    9468:	e594c028 	ldr	ip, [r4, #40]	@ 0x28
    946c:	e186600c 	orr	r6, r6, ip
    9470:	e193c006 	orrs	ip, r3, r6
    9474:	0a000019 	beq	0x94e0
    9478:	e3580000 	cmp	r8, #0
    947c:	1a000002 	bne	0x948c
    9480:	e3a0cc7f 	mov	ip, #32512	@ 0x7f00
    9484:	e38cc0ff 	orr	ip, ip, #255	@ 0xff
    9488:	e159000c 	cmp	r9, ip
    948c:	1a000013 	bne	0x94e0
    9490:	e594c004 	ldr	ip, [r4, #4]
    9494:	e1a03e2c 	lsr	r3, ip, #28
    9498:	e3a06000 	mov	r6, #0
    949c:	e594a028 	ldr	sl, [r4, #40]	@ 0x28
    94a0:	e5947024 	ldr	r7, [r4, #36]	@ 0x24
    94a4:	e1a0a20a 	lsl	sl, sl, #4
    94a8:	e18aae27 	orr	sl, sl, r7, lsr #28
    94ac:	e1a07207 	lsl	r7, r7, #4
    94b0:	e1833007 	orr	r3, r3, r7
    94b4:	e186600a 	orr	r6, r6, sl
    94b8:	e383e000 	orr	lr, r3, #0
    94bc:	e584e000 	str	lr, [r4]
    94c0:	e386ea80 	orr	lr, r6, #128, 20	@ 0x80000
    94c4:	e584e004 	str	lr, [r4, #4]
    94c8:	e3a0ec07 	mov	lr, #1792	@ 0x700
    94cc:	e38ee0ff 	orr	lr, lr, #255	@ 0xff
    94d0:	e584e024 	str	lr, [r4, #36]	@ 0x24
    94d4:	e3a0e000 	mov	lr, #0
    94d8:	e584e028 	str	lr, [r4, #40]	@ 0x28
    94dc:	ea0000e0 	b	0x9864
    94e0:	e594c014 	ldr	ip, [r4, #20]
    94e4:	e3a0ec43 	mov	lr, #17152	@ 0x4300
    94e8:	e38ee0fe 	orr	lr, lr, #254	@ 0xfe
    94ec:	e15c000e 	cmp	ip, lr
    94f0:	9a000009 	bls	0x951c
    94f4:	e3a0ec07 	mov	lr, #1792	@ 0x700
    94f8:	e38ee0ff 	orr	lr, lr, #255	@ 0xff
    94fc:	e584e024 	str	lr, [r4, #36]	@ 0x24
    9500:	e3a0e000 	mov	lr, #0
    9504:	e584e028 	str	lr, [r4, #40]	@ 0x28
    9508:	e3a0e000 	mov	lr, #0
    950c:	e584e000 	str	lr, [r4]
    9510:	e3a0e000 	mov	lr, #0
    9514:	e584e004 	str	lr, [r4, #4]
    9518:	ea0000d1 	b	0x9864
    951c:	e199c008 	orrs	ip, r9, r8
    9520:	e3a03000 	mov	r3, #0
    9524:	03a03001 	moveq	r3, #1
    9528:	e1a06003 	mov	r6, r3
    952c:	e3530000 	cmp	r3, #0
    9530:	e3a07df0 	mov	r7, #240, 26	@ 0x3c00
    9534:	e3a0cc3c 	mov	ip, #60, 24	@ 0x3c00
    9538:	e38cc001 	orr	ip, ip, #1
    953c:	01a0700c 	moveq	r7, ip
    9540:	e1a03007 	mov	r3, r7
    9544:	e594c014 	ldr	ip, [r4, #20]
    9548:	e047700c 	sub	r7, r7, ip
    954c:	e1a08007 	mov	r8, r7
    9550:	e3570070 	cmp	r7, #112	@ 0x70
    9554:	da000008 	ble	0x957c
    9558:	e3a0e000 	mov	lr, #0
    955c:	e584e000 	str	lr, [r4]
    9560:	e3a0e000 	mov	lr, #0
    9564:	e584e004 	str	lr, [r4, #4]
    9568:	e3a0e000 	mov	lr, #0
    956c:	e584e024 	str	lr, [r4, #36]	@ 0x24
    9570:	e3a0e000 	mov	lr, #0
    9574:	e584e028 	str	lr, [r4, #40]	@ 0x28
    9578:	ea0000b9 	b	0x9864
    957c:	e5947024 	ldr	r7, [r4, #36]	@ 0x24
    9580:	e5949028 	ldr	r9, [r4, #40]	@ 0x28
    9584:	e3877000 	orr	r7, r7, #0
    9588:	e3899b40 	orr	r9, r9, #64, 22	@ 0x10000
    958c:	e3560000 	cmp	r6, #0
    9590:	e594c024 	ldr	ip, [r4, #36]	@ 0x24
    9594:	11a0700c 	movne	r7, ip
    9598:	e594c028 	ldr	ip, [r4, #40]	@ 0x28
    959c:	11a0900c 	movne	r9, ip
    95a0:	e3a06000 	mov	r6, #0
    95a4:	e594c014 	ldr	ip, [r4, #20]
    95a8:	ea000034 	b	0x9680
	...
    95b8:	003fc598 	mlaseq	pc, r8, r5, ip	@ <UNPREDICTABLE>
    95bc:	00047eac 	andeq	r7, r4, ip, lsr #29
    95c0:	003fe244 	eorseq	lr, pc, r4, asr #4
    95c4:	003f98e8 	eorseq	r9, pc, r8, ror #17
    95c8:	000487b4 			@ <UNDEFINED> instruction: 0x000487b4
    95cc:	003f9950 	eorseq	r9, pc, r0, asr r9	@ <UNPREDICTABLE>
    95d0:	00047eac 	andeq	r7, r4, ip, lsr #29
    95d4:	00406024 	subeq	r6, r0, r4, lsr #32
    95d8:	000487b4 			@ <UNDEFINED> instruction: 0x000487b4
    95dc:	0101fffc 	strdeq	pc, [r1, -ip]
    95e0:	00406078 	subeq	r6, r0, r8, ror r0
    95e4:	000487b4 			@ <UNDEFINED> instruction: 0x000487b4
    95e8:	0040613c 	subeq	r6, r0, ip, lsr r1
    95ec:	00406280 	subeq	r6, r0, r0, lsl #5
    95f0:	004063f4 	strdeq	r6, [r0], #-52	@ 0xffffffcc
    95f4:	004063f8 	strdeq	r6, [r0], #-56	@ 0xffffffc8
    95f8:	000487b4 			@ <UNDEFINED> instruction: 0x000487b4
    95fc:	00406424 	subeq	r6, r0, r4, lsr #8
    9600:	0040643c 	subeq	r6, r0, ip, lsr r4
    9604:	00047eac 	andeq	r7, r4, ip, lsr #29
    9608:	003fb088 	eorseq	fp, pc, r8, lsl #1
    960c:	003fb08c 	eorseq	fp, pc, ip, lsl #1
    9610:	000487b4 			@ <UNDEFINED> instruction: 0x000487b4
    9614:	003fb0a8 	eorseq	fp, pc, r8, lsr #1
    9618:	00047eac 	andeq	r7, r4, ip, lsr #29
    961c:	004022b0 	strheq	r2, [r0], #-32	@ 0xffffffe0
    9620:	003ff044 	eorseq	pc, pc, r4, asr #32
    9624:	000487b4 			@ <UNDEFINED> instruction: 0x000487b4
    9628:	003ff054 	eorseq	pc, pc, r4, asr r0	@ <UNPREDICTABLE>
    962c:	000487b4 			@ <UNDEFINED> instruction: 0x000487b4
    9630:	003ff064 	eorseq	pc, pc, r4, rrx
    9634:	000487b4 			@ <UNDEFINED> instruction: 0x000487b4
    9638:	003ff07c 	eorseq	pc, pc, ip, ror r0	@ <UNPREDICTABLE>
    963c:	00047eac 	andeq	r7, r4, ip, lsr #29
    9640:	000487b4 			@ <UNDEFINED> instruction: 0x000487b4
    9644:	003f2dd8 	ldrsbteq	r2, [pc], -r8
    9648:	000487b4 			@ <UNDEFINED> instruction: 0x000487b4
    964c:	0101fff8 	strdeq	pc, [r1, -r8]
    9650:	003f2e2c 	eorseq	r2, pc, ip, lsr #28
    9654:	00047eac 	andeq	r7, r4, ip, lsr #29
    9658:	003fbd3c 	eorseq	fp, pc, ip, lsr sp	@ <UNPREDICTABLE>
    965c:	000487b4 			@ <UNDEFINED> instruction: 0x000487b4
    9660:	003fbd5c 	eorseq	fp, pc, ip, asr sp	@ <UNPREDICTABLE>
    9664:	00047eac 	andeq	r7, r4, ip, lsr #29
    9668:	003f9518 	eorseq	r9, pc, r8, lsl r5	@ <UNPREDICTABLE>
    966c:	003ff704 	eorseq	pc, pc, r4, lsl #14
    9670:	003f8fcc 	eorseq	r8, pc, ip, asr #31
    9674:	00047eac 	andeq	r7, r4, ip, lsr #29
    9678:	00405c1c 	subeq	r5, r0, ip, lsl ip
    967c:	00047eac 	andeq	r7, r4, ip, lsr #29
    9680:	e153000c 	cmp	r3, ip
    9684:	0a000028 	beq	0x972c
    9688:	e594c010 	ldr	ip, [r4, #16]
    968c:	e28c3010 	add	r3, ip, #16
    9690:	e268a080 	rsb	sl, r8, #128	@ 0x80
    9694:	e5843058 	str	r3, [r4, #88]	@ 0x58
    9698:	e5847024 	str	r7, [r4, #36]	@ 0x24
    969c:	e5849028 	str	r9, [r4, #40]	@ 0x28
    96a0:	e584a06c 	str	sl, [r4, #108]	@ 0x6c
    96a4:	e59f072c 	ldr	r0, [pc, #1836]	@ 0x9dd8
    96a8:	e1a01004 	mov	r1, r4
    96ac:	e59d2000 	ldr	r2, [sp]
    96b0:	e59fc724 	ldr	ip, [pc, #1828]	@ 0x9ddc
    96b4:	e12fff3c 	blx	ip
    96b8:	e3500000 	cmp	r0, #0
    96bc:	1a000083 	bne	0x98d0
    96c0:	e594b010 	ldr	fp, [r4, #16]
    96c4:	e5952030 	ldr	r2, [r5, #48]	@ 0x30
    96c8:	e29bb010 	adds	fp, fp, #16
    96cc:	2a00007c 	bcs	0x98c4
    96d0:	e59fc708 	ldr	ip, [pc, #1800]	@ 0x9de0
    96d4:	e15b000c 	cmp	fp, ip
    96d8:	8a000079 	bhi	0x98c4
    96dc:	e082c00b 	add	ip, r2, fp
    96e0:	e59c3000 	ldr	r3, [ip]
    96e4:	e59ca004 	ldr	sl, [ip, #4]
    96e8:	e5941010 	ldr	r1, [r4, #16]
    96ec:	e5950030 	ldr	r0, [r5, #48]	@ 0x30
    96f0:	e2911018 	adds	r1, r1, #24
    96f4:	2a000072 	bcs	0x98c4
    96f8:	e59fc6e0 	ldr	ip, [pc, #1760]	@ 0x9de0
    96fc:	e151000c 	cmp	r1, ip
    9700:	8a00006f 	bhi	0x98c4
    9704:	e080c001 	add	ip, r0, r1
    9708:	e59c2000 	ldr	r2, [ip]
    970c:	e59cb004 	ldr	fp, [ip, #4]
    9710:	e1833002 	orr	r3, r3, r2
    9714:	e18aa00b 	orr	sl, sl, fp
    9718:	e35a0000 	cmp	sl, #0
    971c:	1a000000 	bne	0x9724
    9720:	e3530000 	cmp	r3, #0
    9724:	e3a06000 	mov	r6, #0
    9728:	13a06001 	movne	r6, #1
    972c:	e5847024 	str	r7, [r4, #36]	@ 0x24
    9730:	e5849028 	str	r9, [r4, #40]	@ 0x28
    9734:	e5848020 	str	r8, [r4, #32]
    9738:	e59f06a4 	ldr	r0, [pc, #1700]	@ 0x9de4
    973c:	e1a01004 	mov	r1, r4
    9740:	e59d2000 	ldr	r2, [sp]
    9744:	e59fc69c 	ldr	ip, [pc, #1692]	@ 0x9de8
    9748:	e12fff3c 	blx	ip
    974c:	e3500000 	cmp	r0, #0
    9750:	1a00005e 	bne	0x98d0
    9754:	e5943010 	ldr	r3, [r4, #16]
    9758:	e5952030 	ldr	r2, [r5, #48]	@ 0x30
    975c:	e59fc67c 	ldr	ip, [pc, #1660]	@ 0x9de0
    9760:	e153000c 	cmp	r3, ip
    9764:	8a000056 	bhi	0x98c4
    9768:	e082c003 	add	ip, r2, r3
    976c:	e59c0000 	ldr	r0, [ip]
    9770:	e59c1004 	ldr	r1, [ip, #4]
    9774:	e1a02000 	mov	r2, r0
    9778:	e1a03001 	mov	r3, r1
    977c:	e1a00e21 	lsr	r0, r1, #28
    9780:	e3a01000 	mov	r1, #0
    9784:	e594a010 	ldr	sl, [r4, #16]
    9788:	e5959030 	ldr	r9, [r5, #48]	@ 0x30
    978c:	e29aa008 	adds	sl, sl, #8
    9790:	2a00004b 	bcs	0x98c4
    9794:	e59fc644 	ldr	ip, [pc, #1604]	@ 0x9de0
    9798:	e15a000c 	cmp	sl, ip
    979c:	8a000048 	bhi	0x98c4
    97a0:	e089c00a 	add	ip, r9, sl
    97a4:	e59c7000 	ldr	r7, [ip]
    97a8:	e59c8004 	ldr	r8, [ip, #4]
    97ac:	e1a08208 	lsl	r8, r8, #4
    97b0:	e1888e27 	orr	r8, r8, r7, lsr #28
    97b4:	e1a07207 	lsl	r7, r7, #4
    97b8:	e1800007 	orr	r0, r0, r7
    97bc:	e1811008 	orr	r1, r1, r8
    97c0:	e3c22000 	bic	r2, r2, #0
    97c4:	e3c334f0 	bic	r3, r3, #240, 8	@ 0xf0000000
    97c8:	e3a07000 	mov	r7, #0
    97cc:	e1822006 	orr	r2, r2, r6
    97d0:	e1833007 	orr	r3, r3, r7
    97d4:	e1a06002 	mov	r6, r2
    97d8:	e1a07003 	mov	r7, r3
    97dc:	e3520001 	cmp	r2, #1
    97e0:	e2d3c680 	sbcs	ip, r3, #128, 12	@ 0x8000000
    97e4:	3a000002 	bcc	0x97f4
    97e8:	e2900001 	adds	r0, r0, #1
    97ec:	e2a11000 	adc	r1, r1, #0
    97f0:	ea000007 	b	0x9814
    97f4:	e3570680 	cmp	r7, #128, 12	@ 0x8000000
    97f8:	1a000000 	bne	0x9800
    97fc:	e3560000 	cmp	r6, #0
    9800:	1a000003 	bne	0x9814
    9804:	e2002001 	and	r2, r0, #1
    9808:	e2013000 	and	r3, r1, #0
    980c:	e0920000 	adds	r0, r2, r0
    9810:	e0a31001 	adc	r1, r3, r1
    9814:	e2202000 	eor	r2, r0, #0
    9818:	e2213940 	eor	r3, r1, #64, 18	@ 0x100000
    981c:	e3e0c000 	mvn	ip, #0
    9820:	e15c0000 	cmp	ip, r0
    9824:	e3e0c20f 	mvn	ip, #-268435456	@ 0xf0000000
    9828:	e3ccc6ff 	bic	ip, ip, #267386880	@ 0xff00000
    982c:	e0dcc001 	sbcs	ip, ip, r1
    9830:	e3a06000 	mov	r6, #0
    9834:	33a06001 	movcc	r6, #1
    9838:	e1a07006 	mov	r7, r6
    983c:	e3560000 	cmp	r6, #0
    9840:	e1a08002 	mov	r8, r2
    9844:	01a08000 	moveq	r8, r0
    9848:	e1a0e003 	mov	lr, r3
    984c:	01a0e001 	moveq	lr, r1
    9850:	e5848000 	str	r8, [r4]
    9854:	e584e004 	str	lr, [r4, #4]
    9858:	e5847024 	str	r7, [r4, #36]	@ 0x24
    985c:	e3a0e000 	mov	lr, #0
    9860:	e584e028 	str	lr, [r4, #40]	@ 0x28
    9864:	e594c010 	ldr	ip, [r4, #16]
    9868:	e28c0020 	add	r0, ip, #32
    986c:	e595103c 	ldr	r1, [r5, #60]	@ 0x3c
    9870:	e5810008 	str	r0, [r1, #8]
    9874:	e594c024 	ldr	ip, [r4, #36]	@ 0x24
    9878:	e1a01a0c 	lsl	r1, ip, #20
    987c:	e3a00000 	mov	r0, #0
    9880:	e5942008 	ldr	r2, [r4, #8]
    9884:	e594300c 	ldr	r3, [r4, #12]
    9888:	e2022000 	and	r2, r2, #0
    988c:	e2033480 	and	r3, r3, #128, 8	@ 0x80000000
    9890:	e1800002 	orr	r0, r0, r2
    9894:	e1811003 	orr	r1, r1, r3
    9898:	e594c000 	ldr	ip, [r4]
    989c:	e180000c 	orr	r0, r0, ip
    98a0:	e594c004 	ldr	ip, [r4, #4]
    98a4:	e181100c 	orr	r1, r1, ip
    98a8:	ec410a10 	vmov	s0, s1, r0, r1
    98ac:	ed840b16 	vstr	d0, [r4, #88]	@ 0x58
    98b0:	e59f0534 	ldr	r0, [pc, #1332]	@ 0x9dec
    98b4:	e30ccabc 	movw	ip, #51900	@ 0xcabc
    98b8:	e34ccdef 	movt	ip, #52719	@ 0xcdef
    98bc:	e28dd004 	add	sp, sp, #4
    98c0:	e8bd8fc0 	pop	{r6, r7, r8, r9, sl, fp, pc}
    98c4:	e3a00008 	mov	r0, #8
    98c8:	e59d1000 	ldr	r1, [sp]
    98cc:	e5810010 	str	r0, [r1, #16]
    98d0:	e59d0000 	ldr	r0, [sp]
    98d4:	e59d101c 	ldr	r1, [sp, #28]
    98d8:	e59fc510 	ldr	ip, [pc, #1296]	@ 0x9df0
    98dc:	e12fff3c 	blx	ip
    98e0:	e28dd004 	add	sp, sp, #4
    98e4:	e8bd0fc0 	pop	{r6, r7, r8, r9, sl, fp}
    98e8:	e28dd004 	add	sp, sp, #4
    98ec:	e12fff10 	bx	r0
    98f0:	e52de004 	push	{lr}		@ (str lr, [sp, #-4]!)
    98f4:	e24dd004 	sub	sp, sp, #4
    98f8:	e58d0000 	str	r0, [sp]
    98fc:	e30cc123 	movw	ip, #49443	@ 0xc123
    9900:	e34cc456 	movt	ip, #50262	@ 0xc456
    9904:	e5940000 	ldr	r0, [r4]
    9908:	e595103c 	ldr	r1, [r5, #60]	@ 0x3c
    990c:	e5810008 	str	r0, [r1, #8]
    9910:	e59f04dc 	ldr	r0, [pc, #1244]	@ 0x9df4
    9914:	e30ccabc 	movw	ip, #51900	@ 0xcabc
    9918:	e34ccdef 	movt	ip, #52719	@ 0xcdef
    991c:	e28dd004 	add	sp, sp, #4
    9920:	e49df004 	pop	{pc}		@ (ldr pc, [sp], #4)
    9924:	e52de004 	push	{lr}		@ (str lr, [sp, #-4]!)
    9928:	e24dd004 	sub	sp, sp, #4
    992c:	e58d0000 	str	r0, [sp]
    9930:	e30cc123 	movw	ip, #49443	@ 0xc123
    9934:	e34cc456 	movt	ip, #50262	@ 0xc456
    9938:	e595e03c 	ldr	lr, [r5, #60]	@ 0x3c
    993c:	e59e0008 	ldr	r0, [lr, #8]
    9940:	e5840000 	str	r0, [r4]
    9944:	e59f04ac 	ldr	r0, [pc, #1196]	@ 0x9df8
    9948:	e30ccabc 	movw	ip, #51900	@ 0xcabc
    994c:	e34ccdef 	movt	ip, #52719	@ 0xcdef
    9950:	e28dd004 	add	sp, sp, #4
    9954:	e49df004 	pop	{pc}		@ (ldr pc, [sp], #4)
    9958:	e52de004 	push	{lr}		@ (str lr, [sp, #-4]!)
    995c:	e24dd004 	sub	sp, sp, #4
    9960:	e58d0000 	str	r0, [sp]
    9964:	e30cc123 	movw	ip, #49443	@ 0xc123
    9968:	e34cc456 	movt	ip, #50262	@ 0xc456
    996c:	e5940000 	ldr	r0, [r4]
    9970:	e3500099 	cmp	r0, #153	@ 0x99
    9974:	83a00000 	movhi	r0, #0
    9978:	e1a00080 	lsl	r0, r0, #1
    997c:	e1a02000 	mov	r2, r0
    9980:	e5951030 	ldr	r1, [r5, #48]	@ 0x30
    9984:	e3a0cb42 	mov	ip, #67584	@ 0x10800
    9988:	e38ccf74 	orr	ip, ip, #116, 30	@ 0x1d0
    998c:	e092200c 	adds	r2, r2, ip
    9990:	2a00000b 	bcs	0x99c4
    9994:	e59fc460 	ldr	ip, [pc, #1120]	@ 0x9dfc
    9998:	e152000c 	cmp	r2, ip
    999c:	8a000008 	bhi	0x99c4
    99a0:	e19100b2 	ldrh	r0, [r1, r2]
    99a4:	e2800b40 	add	r0, r0, #64, 22	@ 0x10000
    99a8:	e2800f98 	add	r0, r0, #152, 30	@ 0x260
    99ac:	e5840018 	str	r0, [r4, #24]
    99b0:	e59f0448 	ldr	r0, [pc, #1096]	@ 0x9e00
    99b4:	e30ccabc 	movw	ip, #51900	@ 0xcabc
    99b8:	e34ccdef 	movt	ip, #52719	@ 0xcdef
    99bc:	e28dd004 	add	sp, sp, #4
    99c0:	e49df004 	pop	{pc}		@ (ldr pc, [sp], #4)
    99c4:	e3a00008 	mov	r0, #8
    99c8:	e59d1000 	ldr	r1, [sp]
    99cc:	e5810010 	str	r0, [r1, #16]
    99d0:	e59d0000 	ldr	r0, [sp]
    99d4:	e59d1004 	ldr	r1, [sp, #4]
    99d8:	e59fc424 	ldr	ip, [pc, #1060]	@ 0x9e04
    99dc:	e12fff3c 	blx	ip
    99e0:	e28dd008 	add	sp, sp, #8
    99e4:	e12fff10 	bx	r0
    99e8:	e52de004 	push	{lr}		@ (str lr, [sp, #-4]!)
    99ec:	e24dd004 	sub	sp, sp, #4
    99f0:	e58d0000 	str	r0, [sp]
    99f4:	e30cc123 	movw	ip, #49443	@ 0xc123
    99f8:	e34cc456 	movt	ip, #50262	@ 0xc456
    99fc:	e5940000 	ldr	r0, [r4]
    9a00:	e5840000 	str	r0, [r4]
    9a04:	e5840000 	str	r0, [r4]
    9a08:	e59f03f8 	ldr	r0, [pc, #1016]	@ 0x9e08
    9a0c:	e1a01004 	mov	r1, r4
    9a10:	e59d2000 	ldr	r2, [sp]
    9a14:	e59fc3f0 	ldr	ip, [pc, #1008]	@ 0x9e0c
    9a18:	e12fff3c 	blx	ip
    9a1c:	e3500000 	cmp	r0, #0
    9a20:	1a000006 	bne	0x9a40
    9a24:	e5940004 	ldr	r0, [r4, #4]
    9a28:	e5840004 	str	r0, [r4, #4]
    9a2c:	e59f03dc 	ldr	r0, [pc, #988]	@ 0x9e10
    9a30:	e30ccabc 	movw	ip, #51900	@ 0xcabc
    9a34:	e34ccdef 	movt	ip, #52719	@ 0xcdef
    9a38:	e28dd004 	add	sp, sp, #4
    9a3c:	e49df004 	pop	{pc}		@ (ldr pc, [sp], #4)
    9a40:	e59d0000 	ldr	r0, [sp]
    9a44:	e59d1004 	ldr	r1, [sp, #4]
    9a48:	e59fc3c4 	ldr	ip, [pc, #964]	@ 0x9e14
    9a4c:	e12fff3c 	blx	ip
    9a50:	e28dd008 	add	sp, sp, #8
    9a54:	e12fff10 	bx	r0
    9a58:	e52de004 	push	{lr}		@ (str lr, [sp, #-4]!)
    9a5c:	e24dd004 	sub	sp, sp, #4
    9a60:	e58d0000 	str	r0, [sp]
    9a64:	e30cc123 	movw	ip, #49443	@ 0xc123
    9a68:	e34cc456 	movt	ip, #50262	@ 0xc456
    9a6c:	e3a0e001 	mov	lr, #1
    9a70:	e584e000 	str	lr, [r4]
    9a74:	e59f039c 	ldr	r0, [pc, #924]	@ 0x9e18
    9a78:	e30ccabc 	movw	ip, #51900	@ 0xcabc
    9a7c:	e34ccdef 	movt	ip, #52719	@ 0xcdef
    9a80:	e28dd004 	add	sp, sp, #4
    9a84:	e49df004 	pop	{pc}		@ (ldr pc, [sp], #4)
    9a88:	e52de004 	push	{lr}		@ (str lr, [sp, #-4]!)
    9a8c:	e24dd004 	sub	sp, sp, #4
    9a90:	e58d0000 	str	r0, [sp]
    9a94:	e30cc123 	movw	ip, #49443	@ 0xc123
    9a98:	e34cc456 	movt	ip, #50262	@ 0xc456
    9a9c:	e1a0e005 	mov	lr, r5
    9aa0:	e59e0068 	ldr	r0, [lr, #104]	@ 0x68
    9aa4:	e5840000 	str	r0, [r4]
    9aa8:	e59f036c 	ldr	r0, [pc, #876]	@ 0x9e1c
    9aac:	e30ccabc 	movw	ip, #51900	@ 0xcabc
    9ab0:	e34ccdef 	movt	ip, #52719	@ 0xcdef
    9ab4:	e28dd004 	add	sp, sp, #4
    9ab8:	e49df004 	pop	{pc}		@ (ldr pc, [sp], #4)
    9abc:	e52de004 	push	{lr}		@ (str lr, [sp, #-4]!)
    9ac0:	e24dd004 	sub	sp, sp, #4
    9ac4:	e58d0000 	str	r0, [sp]
    9ac8:	e30cc123 	movw	ip, #49443	@ 0xc123
    9acc:	e34cc456 	movt	ip, #50262	@ 0xc456
    9ad0:	e1a0e005 	mov	lr, r5
    9ad4:	e59e006c 	ldr	r0, [lr, #108]	@ 0x6c
    9ad8:	e5840000 	str	r0, [r4]
    9adc:	e59f033c 	ldr	r0, [pc, #828]	@ 0x9e20
    9ae0:	e30ccabc 	movw	ip, #51900	@ 0xcabc
    9ae4:	e34ccdef 	movt	ip, #52719	@ 0xcdef
    9ae8:	e28dd004 	add	sp, sp, #4
    9aec:	e49df004 	pop	{pc}		@ (ldr pc, [sp], #4)
    9af0:	e52de004 	push	{lr}		@ (str lr, [sp, #-4]!)
    9af4:	e24dd004 	sub	sp, sp, #4
    9af8:	e58d0000 	str	r0, [sp]
    9afc:	e30cc123 	movw	ip, #49443	@ 0xc123
    9b00:	e34cc456 	movt	ip, #50262	@ 0xc456
    9b04:	e1a0e005 	mov	lr, r5
    9b08:	e59e0070 	ldr	r0, [lr, #112]	@ 0x70
    9b0c:	e5840000 	str	r0, [r4]
    9b10:	e59f030c 	ldr	r0, [pc, #780]	@ 0x9e24
    9b14:	e30ccabc 	movw	ip, #51900	@ 0xcabc
    9b18:	e34ccdef 	movt	ip, #52719	@ 0xcdef
    9b1c:	e28dd004 	add	sp, sp, #4
    9b20:	e49df004 	pop	{pc}		@ (ldr pc, [sp], #4)
    9b24:	e52de004 	push	{lr}		@ (str lr, [sp, #-4]!)
    9b28:	e24dd004 	sub	sp, sp, #4
    9b2c:	e58d0000 	str	r0, [sp]
    9b30:	e30cc123 	movw	ip, #49443	@ 0xc123
    9b34:	e34cc456 	movt	ip, #50262	@ 0xc456
    9b38:	e1a0e005 	mov	lr, r5
    9b3c:	e59e0074 	ldr	r0, [lr, #116]	@ 0x74
    9b40:	e5840000 	str	r0, [r4]
    9b44:	e59f02dc 	ldr	r0, [pc, #732]	@ 0x9e28
    9b48:	e30ccabc 	movw	ip, #51900	@ 0xcabc
    9b4c:	e34ccdef 	movt	ip, #52719	@ 0xcdef
    9b50:	e28dd004 	add	sp, sp, #4
    9b54:	e49df004 	pop	{pc}		@ (ldr pc, [sp], #4)
    9b58:	e52de004 	push	{lr}		@ (str lr, [sp, #-4]!)
    9b5c:	e24dd004 	sub	sp, sp, #4
    9b60:	e58d0000 	str	r0, [sp]
    9b64:	e30cc123 	movw	ip, #49443	@ 0xc123
    9b68:	e34cc456 	movt	ip, #50262	@ 0xc456
    9b6c:	e1a0e005 	mov	lr, r5
    9b70:	e59e0078 	ldr	r0, [lr, #120]	@ 0x78
    9b74:	e5840000 	str	r0, [r4]
    9b78:	e59f02ac 	ldr	r0, [pc, #684]	@ 0x9e2c
    9b7c:	e30ccabc 	movw	ip, #51900	@ 0xcabc
    9b80:	e34ccdef 	movt	ip, #52719	@ 0xcdef
    9b84:	e28dd004 	add	sp, sp, #4
    9b88:	e49df004 	pop	{pc}		@ (ldr pc, [sp], #4)
    9b8c:	e52de004 	push	{lr}		@ (str lr, [sp, #-4]!)
    9b90:	e24dd004 	sub	sp, sp, #4
    9b94:	e58d0000 	str	r0, [sp]
    9b98:	e30cc123 	movw	ip, #49443	@ 0xc123
    9b9c:	e34cc456 	movt	ip, #50262	@ 0xc456
    9ba0:	e1a0e005 	mov	lr, r5
    9ba4:	e59e007c 	ldr	r0, [lr, #124]	@ 0x7c
    9ba8:	e5840000 	str	r0, [r4]
    9bac:	e59f027c 	ldr	r0, [pc, #636]	@ 0x9e30
    9bb0:	e30ccabc 	movw	ip, #51900	@ 0xcabc
    9bb4:	e34ccdef 	movt	ip, #52719	@ 0xcdef
    9bb8:	e28dd004 	add	sp, sp, #4
    9bbc:	e49df004 	pop	{pc}		@ (ldr pc, [sp], #4)
    9bc0:	e52de004 	push	{lr}		@ (str lr, [sp, #-4]!)
    9bc4:	e24dd004 	sub	sp, sp, #4
    9bc8:	e58d0000 	str	r0, [sp]
    9bcc:	e30cc123 	movw	ip, #49443	@ 0xc123
    9bd0:	e34cc456 	movt	ip, #50262	@ 0xc456
    9bd4:	e1a0e005 	mov	lr, r5
    9bd8:	e59e005c 	ldr	r0, [lr, #92]	@ 0x5c
    9bdc:	e5840000 	str	r0, [r4]
    9be0:	e59f024c 	ldr	r0, [pc, #588]	@ 0x9e34
    9be4:	e30ccabc 	movw	ip, #51900	@ 0xcabc
    9be8:	e34ccdef 	movt	ip, #52719	@ 0xcdef
    9bec:	e28dd004 	add	sp, sp, #4
    9bf0:	e49df004 	pop	{pc}		@ (ldr pc, [sp], #4)
    9bf4:	e52de004 	push	{lr}		@ (str lr, [sp, #-4]!)
    9bf8:	e24dd004 	sub	sp, sp, #4
    9bfc:	e58d0000 	str	r0, [sp]
    9c00:	e30cc123 	movw	ip, #49443	@ 0xc123
    9c04:	e34cc456 	movt	ip, #50262	@ 0xc456
    9c08:	e1a0e005 	mov	lr, r5
    9c0c:	e59e009c 	ldr	r0, [lr, #156]	@ 0x9c
    9c10:	e5840000 	str	r0, [r4]
    9c14:	e59f021c 	ldr	r0, [pc, #540]	@ 0x9e38
    9c18:	e30ccabc 	movw	ip, #51900	@ 0xcabc
    9c1c:	e34ccdef 	movt	ip, #52719	@ 0xcdef
    9c20:	e28dd004 	add	sp, sp, #4
    9c24:	e49df004 	pop	{pc}		@ (ldr pc, [sp], #4)
    9c28:	e52de004 	push	{lr}		@ (str lr, [sp, #-4]!)
    9c2c:	e24dd004 	sub	sp, sp, #4
    9c30:	e58d0000 	str	r0, [sp]
    9c34:	e30cc123 	movw	ip, #49443	@ 0xc123
    9c38:	e34cc456 	movt	ip, #50262	@ 0xc456
    9c3c:	e1a0e005 	mov	lr, r5
    9c40:	e59e0098 	ldr	r0, [lr, #152]	@ 0x98
    9c44:	e5840000 	str	r0, [r4]
    9c48:	e59f01ec 	ldr	r0, [pc, #492]	@ 0x9e3c
    9c4c:	e30ccabc 	movw	ip, #51900	@ 0xcabc
    9c50:	e34ccdef 	movt	ip, #52719	@ 0xcdef
    9c54:	e28dd004 	add	sp, sp, #4
    9c58:	e49df004 	pop	{pc}		@ (ldr pc, [sp], #4)
    9c5c:	e52de004 	push	{lr}		@ (str lr, [sp, #-4]!)
    9c60:	e24dd004 	sub	sp, sp, #4
    9c64:	e58d0000 	str	r0, [sp]
    9c68:	e30cc123 	movw	ip, #49443	@ 0xc123
    9c6c:	e34cc456 	movt	ip, #50262	@ 0xc456
    9c70:	e1a0e005 	mov	lr, r5
    9c74:	e59e00a0 	ldr	r0, [lr, #160]	@ 0xa0
    9c78:	e5840000 	str	r0, [r4]
    9c7c:	e59f01bc 	ldr	r0, [pc, #444]	@ 0x9e40
    9c80:	e30ccabc 	movw	ip, #51900	@ 0xcabc
    9c84:	e34ccdef 	movt	ip, #52719	@ 0xcdef
    9c88:	e28dd004 	add	sp, sp, #4
    9c8c:	e49df004 	pop	{pc}		@ (ldr pc, [sp], #4)
    9c90:	e52de004 	push	{lr}		@ (str lr, [sp, #-4]!)
    9c94:	e24dd004 	sub	sp, sp, #4
    9c98:	e58d0000 	str	r0, [sp]
    9c9c:	e30cc123 	movw	ip, #49443	@ 0xc123
    9ca0:	e34cc456 	movt	ip, #50262	@ 0xc456
    9ca4:	e1a0e005 	mov	lr, r5
    9ca8:	e59e0108 	ldr	r0, [lr, #264]	@ 0x108
    9cac:	e5840000 	str	r0, [r4]
    9cb0:	e59f018c 	ldr	r0, [pc, #396]	@ 0x9e44
    9cb4:	e30ccabc 	movw	ip, #51900	@ 0xcabc
    9cb8:	e34ccdef 	movt	ip, #52719	@ 0xcdef
    9cbc:	e28dd004 	add	sp, sp, #4
    9cc0:	e49df004 	pop	{pc}		@ (ldr pc, [sp], #4)
    9cc4:	e52de004 	push	{lr}		@ (str lr, [sp, #-4]!)
    9cc8:	e24dd004 	sub	sp, sp, #4
    9ccc:	e58d0000 	str	r0, [sp]
    9cd0:	e30cc123 	movw	ip, #49443	@ 0xc123
    9cd4:	e34cc456 	movt	ip, #50262	@ 0xc456
    9cd8:	e1a0e005 	mov	lr, r5
    9cdc:	e59e010c 	ldr	r0, [lr, #268]	@ 0x10c
    9ce0:	e5840000 	str	r0, [r4]
    9ce4:	e59f015c 	ldr	r0, [pc, #348]	@ 0x9e48
    9ce8:	e30ccabc 	movw	ip, #51900	@ 0xcabc
    9cec:	e34ccdef 	movt	ip, #52719	@ 0xcdef
    9cf0:	e28dd004 	add	sp, sp, #4
    9cf4:	e49df004 	pop	{pc}		@ (ldr pc, [sp], #4)
    9cf8:	e52de004 	push	{lr}		@ (str lr, [sp, #-4]!)
    9cfc:	e24dd004 	sub	sp, sp, #4
    9d00:	e58d0000 	str	r0, [sp]
    9d04:	e30cc123 	movw	ip, #49443	@ 0xc123
    9d08:	e34cc456 	movt	ip, #50262	@ 0xc456
    9d0c:	e1a0e005 	mov	lr, r5
    9d10:	e59e0134 	ldr	r0, [lr, #308]	@ 0x134
    9d14:	e5840000 	str	r0, [r4]
    9d18:	e59f012c 	ldr	r0, [pc, #300]	@ 0x9e4c
    9d1c:	e30ccabc 	movw	ip, #51900	@ 0xcabc
    9d20:	e34ccdef 	movt	ip, #52719	@ 0xcdef
    9d24:	e28dd004 	add	sp, sp, #4
    9d28:	e49df004 	pop	{pc}		@ (ldr pc, [sp], #4)
    9d2c:	e52de004 	push	{lr}		@ (str lr, [sp, #-4]!)
    9d30:	e24dd004 	sub	sp, sp, #4
    9d34:	e58d0000 	str	r0, [sp]
    9d38:	e30cc123 	movw	ip, #49443	@ 0xc123
    9d3c:	e34cc456 	movt	ip, #50262	@ 0xc456
    9d40:	e1a0e005 	mov	lr, r5
    9d44:	e59e013c 	ldr	r0, [lr, #316]	@ 0x13c
    9d48:	e5840000 	str	r0, [r4]
    9d4c:	e59f00fc 	ldr	r0, [pc, #252]	@ 0x9e50
    9d50:	e30ccabc 	movw	ip, #51900	@ 0xcabc
    9d54:	e34ccdef 	movt	ip, #52719	@ 0xcdef
    9d58:	e28dd004 	add	sp, sp, #4
    9d5c:	e49df004 	pop	{pc}		@ (ldr pc, [sp], #4)
    9d60:	e52de004 	push	{lr}		@ (str lr, [sp, #-4]!)
    9d64:	e24dd004 	sub	sp, sp, #4
    9d68:	e58d0000 	str	r0, [sp]
    9d6c:	e30cc123 	movw	ip, #49443	@ 0xc123
    9d70:	e34cc456 	movt	ip, #50262	@ 0xc456
    9d74:	e3a0eb40 	mov	lr, #64, 22	@ 0x10000
    9d78:	e584e000 	str	lr, [r4]
    9d7c:	e59f00d0 	ldr	r0, [pc, #208]	@ 0x9e54
    9d80:	e30ccabc 	movw	ip, #51900	@ 0xcabc
    9d84:	e34ccdef 	movt	ip, #52719	@ 0xcdef
    9d88:	e28dd004 	add	sp, sp, #4
    9d8c:	e49df004 	pop	{pc}		@ (ldr pc, [sp], #4)
    9d90:	e52de004 	push	{lr}		@ (str lr, [sp, #-4]!)
    9d94:	e24dd004 	sub	sp, sp, #4
    9d98:	e58d0000 	str	r0, [sp]
    9d9c:	e30cc123 	movw	ip, #49443	@ 0xc123
    9da0:	e34cc456 	movt	ip, #50262	@ 0xc456
    9da4:	e3a0eb42 	mov	lr, #67584	@ 0x10800
    9da8:	e38eefc2 	orr	lr, lr, #776	@ 0x308
    9dac:	e584e000 	str	lr, [r4]
    9db0:	e59f00a0 	ldr	r0, [pc, #160]	@ 0x9e58
    9db4:	e30ccabc 	movw	ip, #51900	@ 0xcabc
    9db8:	e34ccdef 	movt	ip, #52719	@ 0xcdef
    9dbc:	e28dd004 	add	sp, sp, #4
    9dc0:	e49df004 	pop	{pc}		@ (ldr pc, [sp], #4)
    9dc4:	ea000024 	b	0x9e5c
	...
    9dd8:	00407c40 	subeq	r7, r0, r0, asr #24
    9ddc:	000487b4 			@ <UNDEFINED> instruction: 0x000487b4
    9de0:	0101fff8 	strdeq	pc, [r1, -r8]
    9de4:	00407c98 	umaaleq	r7, r0, r8, ip
    9de8:	000487b4 			@ <UNDEFINED> instruction: 0x000487b4
    9dec:	00407eb4 	strheq	r7, [r0], #-228	@ 0xffffff1c
    9df0:	00047eac 	andeq	r7, r4, ip, lsr #29
    9df4:	0040227c 	subeq	r2, r0, ip, ror r2
    9df8:	003f8bb4 	ldrhteq	r8, [pc], -r4
    9dfc:	0101fffe 	strdeq	pc, [r1, -lr]
    9e00:	003f7a30 	eorseq	r7, pc, r0, lsr sl	@ <UNPREDICTABLE>
    9e04:	00047eac 	andeq	r7, r4, ip, lsr #29
    9e08:	003f6838 	eorseq	r6, pc, r8, lsr r8	@ <UNPREDICTABLE>
    9e0c:	000487b4 			@ <UNDEFINED> instruction: 0x000487b4
    9e10:	003f6854 	eorseq	r6, pc, r4, asr r8	@ <UNPREDICTABLE>
    9e14:	00047eac 	andeq	r7, r4, ip, lsr #29
    9e18:	003f6384 	eorseq	r6, pc, r4, lsl #7
    9e1c:	003f6aec 	eorseq	r6, pc, ip, ror #21
    9e20:	003f6b74 	eorseq	r6, pc, r4, ror fp	@ <UNPREDICTABLE>
    9e24:	003f6bfc 	ldrshteq	r6, [pc], -ip
    9e28:	003f6c84 	eorseq	r6, pc, r4, lsl #25
    9e2c:	003f6d0c 	eorseq	r6, pc, ip, lsl #26
    9e30:	003f6d94 	mlaseq	pc, r4, sp, r6	@ <UNPREDICTABLE>
    9e34:	003f6e1c 	eorseq	r6, pc, ip, lsl lr	@ <UNPREDICTABLE>
    9e38:	003f6ea4 	eorseq	r6, pc, r4, lsr #29
    9e3c:	003f6f2c 	eorseq	r6, pc, ip, lsr #30
    9e40:	003f6fb4 	ldrhteq	r6, [pc], -r4
    9e44:	003f703c 	eorseq	r7, pc, ip, lsr r0	@ <UNPREDICTABLE>
    9e48:	003f7274 	eorseq	r7, pc, r4, ror r2	@ <UNPREDICTABLE>
    9e4c:	003f72fc 	ldrshteq	r7, [pc], -ip
    9e50:	003f7384 	eorseq	r7, pc, r4, lsl #7
    9e54:	00402384 	subeq	r2, r0, r4, lsl #7
    9e58:	003f863c 	eorseq	r8, pc, ip, lsr r6	@ <UNPREDICTABLE>
    9e5c:	e1a00000 	nop			@ (mov r0, r0)
    9e60:	e1a00000 	nop			@ (mov r0, r0)
    9e64:	e1a00000 	nop			@ (mov r0, r0)
    9e68:	e1a00000 	nop			@ (mov r0, r0)
    9e6c:	e1a00000 	nop			@ (mov r0, r0)
    9e70:	e1a00000 	nop			@ (mov r0, r0)
    9e74:	e1a00000 	nop			@ (mov r0, r0)
    9e78:	e1a00000 	nop			@ (mov r0, r0)
    9e7c:	e1a00000 	nop			@ (mov r0, r0)
    9e80:	e1a00000 	nop			@ (mov r0, r0)
    9e84:	e1a00000 	nop			@ (mov r0, r0)
    9e88:	e1a00000 	nop			@ (mov r0, r0)
    9e8c:	e1a00000 	nop			@ (mov r0, r0)
    9e90:	e1a00000 	nop			@ (mov r0, r0)
    9e94:	e1a00000 	nop			@ (mov r0, r0)
    9e98:	e1a00000 	nop			@ (mov r0, r0)
    9e9c:	e1a00000 	nop			@ (mov r0, r0)
    9ea0:	e1a00000 	nop			@ (mov r0, r0)
    9ea4:	e1a00000 	nop			@ (mov r0, r0)
    9ea8:	e1a00000 	nop			@ (mov r0, r0)
    9eac:	e1a00000 	nop			@ (mov r0, r0)
    9eb0:	e1a00000 	nop			@ (mov r0, r0)
    9eb4:	e1a00000 	nop			@ (mov r0, r0)
    9eb8:	e1a00000 	nop			@ (mov r0, r0)
    9ebc:	e1a00000 	nop			@ (mov r0, r0)
    9ec0:	e1a00000 	nop			@ (mov r0, r0)
    9ec4:	e1a00000 	nop			@ (mov r0, r0)
    9ec8:	e1a00000 	nop			@ (mov r0, r0)
    9ecc:	e1a00000 	nop			@ (mov r0, r0)
    9ed0:	e1a00000 	nop			@ (mov r0, r0)
    9ed4:	e1a00000 	nop			@ (mov r0, r0)
    9ed8:	e1a00000 	nop			@ (mov r0, r0)
    9edc:	e1a00000 	nop			@ (mov r0, r0)
    9ee0:	e1a00000 	nop			@ (mov r0, r0)
    9ee4:	e1a00000 	nop			@ (mov r0, r0)
    9ee8:	e1a00000 	nop			@ (mov r0, r0)
    9eec:	e1a00000 	nop			@ (mov r0, r0)
    9ef0:	e1a00000 	nop			@ (mov r0, r0)
    9ef4:	e1a00000 	nop			@ (mov r0, r0)
    9ef8:	e1a00000 	nop			@ (mov r0, r0)
    9efc:	e1a00000 	nop			@ (mov r0, r0)
    9f00:	e1a00000 	nop			@ (mov r0, r0)
    9f04:	e1a00000 	nop			@ (mov r0, r0)
    9f08:	e1a00000 	nop			@ (mov r0, r0)
    9f0c:	e1a00000 	nop			@ (mov r0, r0)
    9f10:	e1a00000 	nop			@ (mov r0, r0)
    9f14:	e1a00000 	nop			@ (mov r0, r0)
    9f18:	e1a00000 	nop			@ (mov r0, r0)
    9f1c:	e1a00000 	nop			@ (mov r0, r0)
    9f20:	e1a00000 	nop			@ (mov r0, r0)
    9f24:	e1a00000 	nop			@ (mov r0, r0)
    9f28:	e1a00000 	nop			@ (mov r0, r0)
    9f2c:	e1a00000 	nop			@ (mov r0, r0)
    9f30:	e1a00000 	nop			@ (mov r0, r0)
    9f34:	e1a00000 	nop			@ (mov r0, r0)
    9f38:	e1a00000 	nop			@ (mov r0, r0)
    9f3c:	e1a00000 	nop			@ (mov r0, r0)
    9f40:	e1a00000 	nop			@ (mov r0, r0)
    9f44:	e1a00000 	nop			@ (mov r0, r0)
    9f48:	e1a00000 	nop			@ (mov r0, r0)
    9f4c:	e1a00000 	nop			@ (mov r0, r0)
    9f50:	e1a00000 	nop			@ (mov r0, r0)
    9f54:	e1a00000 	nop			@ (mov r0, r0)
    9f58:	e1a00000 	nop			@ (mov r0, r0)
    9f5c:	e1a00000 	nop			@ (mov r0, r0)
    9f60:	e1a00000 	nop			@ (mov r0, r0)
    9f64:	e1a00000 	nop			@ (mov r0, r0)
    9f68:	e1a00000 	nop			@ (mov r0, r0)
    9f6c:	e1a00000 	nop			@ (mov r0, r0)
    9f70:	e1a00000 	nop			@ (mov r0, r0)
