
/tmp/jit_dump.bin:     file format binary


Disassembly of section .data:

00000000 <.data>:
       0:	e92d4030 	push	{r4, r5, lr}
       4:	e1a04001 	mov	r4, r1
       8:	e24dd004 	sub	sp, sp, #4
       c:	e5905008 	ldr	r5, [r0, #8]
      10:	e12fff32 	blx	r2
      14:	e28dd004 	add	sp, sp, #4
      18:	e8bd8030 	pop	{r4, r5, pc}
      1c:	e52de004 	push	{lr}		@ (str lr, [sp, #-4]!)
      20:	e24dd004 	sub	sp, sp, #4
      24:	e58d0000 	str	r0, [sp]
      28:	e30cc123 	movw	ip, #49443	@ 0xc123
      2c:	e34cc456 	movt	ip, #50262	@ 0xc456
      30:	e59f0fe0 	ldr	r0, [pc, #4064]	@ 0x1018
      34:	e1a01004 	mov	r1, r4
      38:	e59d2000 	ldr	r2, [sp]
      3c:	e59fcfd8 	ldr	ip, [pc, #4056]	@ 0x101c
      40:	e12fff3c 	blx	ip
      44:	e3500000 	cmp	r0, #0
      48:	1a00000b 	bne	0x7c
      4c:	e59f0fcc 	ldr	r0, [pc, #4044]	@ 0x1020
      50:	e1a01004 	mov	r1, r4
      54:	e59d2000 	ldr	r2, [sp]
      58:	e59fcfc4 	ldr	ip, [pc, #4036]	@ 0x1024
      5c:	e12fff3c 	blx	ip
      60:	e3500000 	cmp	r0, #0
      64:	1a000004 	bne	0x7c
      68:	e59f0fb8 	ldr	r0, [pc, #4024]	@ 0x1028
      6c:	e30ccabc 	movw	ip, #51900	@ 0xcabc
      70:	e34ccdef 	movt	ip, #52719	@ 0xcdef
      74:	e28dd004 	add	sp, sp, #4
      78:	e49df004 	pop	{pc}		@ (ldr pc, [sp], #4)
      7c:	e59d0000 	ldr	r0, [sp]
      80:	e59d1004 	ldr	r1, [sp, #4]
      84:	e59fcfa0 	ldr	ip, [pc, #4000]	@ 0x102c
      88:	e12fff3c 	blx	ip
      8c:	e28dd008 	add	sp, sp, #8
      90:	e12fff10 	bx	r0
      94:	e92d40c0 	push	{r6, r7, lr}
      98:	e24dd004 	sub	sp, sp, #4
      9c:	e58d0000 	str	r0, [sp]
      a0:	e30cc123 	movw	ip, #49443	@ 0xc123
      a4:	e34cc456 	movt	ip, #50262	@ 0xc456
      a8:	e595e03c 	ldr	lr, [r5, #60]	@ 0x3c
      ac:	e59e0008 	ldr	r0, [lr, #8]
      b0:	e2406050 	sub	r6, r0, #80	@ 0x50
      b4:	e595003c 	ldr	r0, [r5, #60]	@ 0x3c
      b8:	e5806008 	str	r6, [r0, #8]
      bc:	e1a01006 	mov	r1, r6
      c0:	e5950030 	ldr	r0, [r5, #48]	@ 0x30
      c4:	e59fef64 	ldr	lr, [pc, #3940]	@ 0x1030
      c8:	e7f1e4fc 	udf	#7756	@ 0x1e4c
      cc:	2a0001b8 	bcs	0x7b4
      d0:	e3a02000 	mov	r2, #0
      d4:	e7d201f4 			@ <UNDEFINED> instruction: 0xe7d201f4
      d8:	e1a01006 	mov	r1, r6
      dc:	e5950030 	ldr	r0, [r5, #48]	@ 0x30
      e0:	e59fef48 	ldr	lr, [pc, #3912]	@ 0x1030
      e4:	e7f1e4f8 	udf	#7752	@ 0x1e48
      e8:	2a0001b1 	bcs	0x7b4
      ec:	e3a02000 	mov	r2, #0
      f0:	e7d201f4 			@ <UNDEFINED> instruction: 0xe7d201f4
      f4:	e1a02006 	mov	r2, r6
      f8:	e5951030 	ldr	r1, [r5, #48]	@ 0x30
      fc:	e59fef2c 	ldr	lr, [pc, #3884]	@ 0x1030
     100:	e7f2e4f8 	udf	#11848	@ 0x2e48
     104:	2a0001aa 	bcs	0x7b4
     108:	e7e012f4 			@ <UNDEFINED> instruction: 0xe7e012f4
     10c:	e3500f40 	cmp	r0, #64, 30	@ 0x100
     110:	e3a00000 	mov	r0, #0
     114:	b3a00001 	movlt	r0, #1
     118:	e3100001 	tst	r0, #1
     11c:	0a00003b 	beq	0x210
     120:	e1a02006 	mov	r2, r6
     124:	e5951030 	ldr	r1, [r5, #48]	@ 0x30
     128:	e59fef00 	ldr	lr, [pc, #3840]	@ 0x1030
     12c:	e7f2e4f8 	udf	#11848	@ 0x2e48
     130:	2a00019f 	bcs	0x7b4
     134:	e7e012f4 			@ <UNDEFINED> instruction: 0xe7e012f4
     138:	e3a0c007 	mov	ip, #7
     13c:	e0000c90 	mul	r0, r0, ip
     140:	e2400064 	sub	r0, r0, #100	@ 0x64
     144:	e1a03006 	mov	r3, r6
     148:	e5952030 	ldr	r2, [r5, #48]	@ 0x30
     14c:	e59feedc 	ldr	lr, [pc, #3804]	@ 0x1030
     150:	e7f3e4f8 	udf	#15944	@ 0x3e48
     154:	2a000196 	bcs	0x7b4
     158:	e7e123f4 			@ <UNDEFINED> instruction: 0xe7e123f4
     15c:	e1a01101 	lsl	r1, r1, #2
     160:	e2811b43 	add	r1, r1, #68608	@ 0x10c00
     164:	e2811040 	add	r1, r1, #64	@ 0x40
     168:	e5952030 	ldr	r2, [r5, #48]	@ 0x30
     16c:	e59fcebc 	ldr	ip, [pc, #3772]	@ 0x1030
     170:	e151000c 	cmp	r1, ip
     174:	8a00018e 	bhi	0x7b4
     178:	e7d021f4 			@ <UNDEFINED> instruction: 0xe7d021f4
     17c:	e1a02006 	mov	r2, r6
     180:	e5951030 	ldr	r1, [r5, #48]	@ 0x30
     184:	e59feea4 	ldr	lr, [pc, #3748]	@ 0x1030
     188:	e7f2e4f8 	udf	#11848	@ 0x2e48
     18c:	2a000188 	bcs	0x7b4
     190:	e7e012f4 			@ <UNDEFINED> instruction: 0xe7e012f4
     194:	e3a0c00d 	mov	ip, #13
     198:	e0000c90 	mul	r0, r0, ip
     19c:	e2800032 	add	r0, r0, #50	@ 0x32
     1a0:	e1a03006 	mov	r3, r6
     1a4:	e5952030 	ldr	r2, [r5, #48]	@ 0x30
     1a8:	e59fee80 	ldr	lr, [pc, #3712]	@ 0x1030
     1ac:	e7f3e4f8 	udf	#15944	@ 0x3e48
     1b0:	2a00017f 	bcs	0x7b4
     1b4:	e7e123f4 			@ <UNDEFINED> instruction: 0xe7e123f4
     1b8:	e1a01101 	lsl	r1, r1, #2
     1bc:	e2811b44 	add	r1, r1, #68, 22	@ 0x11000
     1c0:	e2811040 	add	r1, r1, #64	@ 0x40
     1c4:	e5952030 	ldr	r2, [r5, #48]	@ 0x30
     1c8:	e59fce60 	ldr	ip, [pc, #3680]	@ 0x1030
     1cc:	e151000c 	cmp	r1, ip
     1d0:	8a000177 	bhi	0x7b4
     1d4:	e7d021f4 			@ <UNDEFINED> instruction: 0xe7d021f4
     1d8:	e1a02006 	mov	r2, r6
     1dc:	e5951030 	ldr	r1, [r5, #48]	@ 0x30
     1e0:	e59fee48 	ldr	lr, [pc, #3656]	@ 0x1030
     1e4:	e7f2e4f8 	udf	#11848	@ 0x2e48
     1e8:	2a000171 	bcs	0x7b4
     1ec:	e7e012f4 			@ <UNDEFINED> instruction: 0xe7e012f4
     1f0:	e2800001 	add	r0, r0, #1
     1f4:	e1a02006 	mov	r2, r6
     1f8:	e5951030 	ldr	r1, [r5, #48]	@ 0x30
     1fc:	e59fee2c 	ldr	lr, [pc, #3628]	@ 0x1030
     200:	e7f2e4f8 	udf	#11848	@ 0x2e48
     204:	2a00016a 	bcs	0x7b4
     208:	e7d012f4 			@ <UNDEFINED> instruction: 0xe7d012f4
     20c:	eaffffb8 	b	0xf4
     210:	e3a00000 	mov	r0, #0
     214:	e1a07000 	mov	r7, r0
     218:	e5953030 	ldr	r3, [r5, #48]	@ 0x30
     21c:	e59fee10 	ldr	lr, [pc, #3600]	@ 0x1034
     220:	e3a0cb40 	mov	ip, #64, 22	@ 0x10000
     224:	e38cc140 	orr	ip, ip, #64, 2
     228:	e097700c 	adds	r7, r7, ip
     22c:	2a000160 	bcs	0x7b4
     230:	e59fcdfc 	ldr	ip, [pc, #3580]	@ 0x1034
     234:	e157000c 	cmp	r7, ip
     238:	8a00015d 	bhi	0x7b4
     23c:	e083c007 	add	ip, r3, r7
     240:	e59c1000 	ldr	r1, [ip]
     244:	e59c2004 	ldr	r2, [ip, #4]
     248:	e1a07006 	mov	r7, r6
     24c:	e5953030 	ldr	r3, [r5, #48]	@ 0x30
     250:	e59feddc 	ldr	lr, [pc, #3548]	@ 0x1034
     254:	e7f7e4f0 	udf	#32320	@ 0x7e40
     258:	2a000155 	bcs	0x7b4
     25c:	e083c007 	add	ip, r3, r7
     260:	e58c1000 	str	r1, [ip]
     264:	e58c2004 	str	r2, [ip, #4]
     268:	e1a07000 	mov	r7, r0
     26c:	e5953030 	ldr	r3, [r5, #48]	@ 0x30
     270:	e59fedbc 	ldr	lr, [pc, #3516]	@ 0x1034
     274:	e3a0cb40 	mov	ip, #64, 22	@ 0x10000
     278:	e38cc280 	orr	ip, ip, #128, 4
     27c:	e097700c 	adds	r7, r7, ip
     280:	2a00014b 	bcs	0x7b4
     284:	e59fcda8 	ldr	ip, [pc, #3496]	@ 0x1034
     288:	e157000c 	cmp	r7, ip
     28c:	8a000148 	bhi	0x7b4
     290:	e083c007 	add	ip, r3, r7
     294:	e59c1000 	ldr	r1, [ip]
     298:	e59c2004 	ldr	r2, [ip, #4]
     29c:	e1a07006 	mov	r7, r6
     2a0:	e5953030 	ldr	r3, [r5, #48]	@ 0x30
     2a4:	e59fed88 	ldr	lr, [pc, #3464]	@ 0x1034
     2a8:	e7f7e3f8 	udf	#32312	@ 0x7e38
     2ac:	2a000140 	bcs	0x7b4
     2b0:	e083c007 	add	ip, r3, r7
     2b4:	e58c1000 	str	r1, [ip]
     2b8:	e58c2004 	str	r2, [ip, #4]
     2bc:	e5953030 	ldr	r3, [r5, #48]	@ 0x30
     2c0:	e59fed6c 	ldr	lr, [pc, #3436]	@ 0x1034
     2c4:	e2900b40 	adds	r0, r0, #64, 22	@ 0x10000
     2c8:	2a000139 	bcs	0x7b4
     2cc:	e59fcd60 	ldr	ip, [pc, #3424]	@ 0x1034
     2d0:	e150000c 	cmp	r0, ip
     2d4:	8a000136 	bhi	0x7b4
     2d8:	e083c000 	add	ip, r3, r0
     2dc:	e59c1000 	ldr	r1, [ip]
     2e0:	e59c2004 	ldr	r2, [ip, #4]
     2e4:	e1a03006 	mov	r3, r6
     2e8:	e5950030 	ldr	r0, [r5, #48]	@ 0x30
     2ec:	e59fed40 	ldr	lr, [pc, #3392]	@ 0x1034
     2f0:	e7f3e3f0 	udf	#15920	@ 0x3e30
     2f4:	2a00012e 	bcs	0x7b4
     2f8:	e080c003 	add	ip, r0, r3
     2fc:	e58c1000 	str	r1, [ip]
     300:	e58c2004 	str	r2, [ip, #4]
     304:	e1a01006 	mov	r1, r6
     308:	e5950030 	ldr	r0, [r5, #48]	@ 0x30
     30c:	e59fed1c 	ldr	lr, [pc, #3356]	@ 0x1030
     310:	e7f1e2fc 	udf	#7724	@ 0x1e2c
     314:	2a000126 	bcs	0x7b4
     318:	e3a02006 	mov	r2, #6
     31c:	e7d201f4 			@ <UNDEFINED> instruction: 0xe7d201f4
     320:	e1a01006 	mov	r1, r6
     324:	e5950030 	ldr	r0, [r5, #48]	@ 0x30
     328:	e59fed00 	ldr	lr, [pc, #3328]	@ 0x1030
     32c:	e7f1e2f8 	udf	#7720	@ 0x1e28
     330:	2a00011f 	bcs	0x7b4
     334:	e59f2cfc 	ldr	r2, [pc, #3324]	@ 0x1038
     338:	e7d201f4 			@ <UNDEFINED> instruction: 0xe7d201f4
     33c:	e1a01006 	mov	r1, r6
     340:	e5950030 	ldr	r0, [r5, #48]	@ 0x30
     344:	e59fece4 	ldr	lr, [pc, #3300]	@ 0x1030
     348:	e7f1e2f4 	udf	#7716	@ 0x1e24
     34c:	2a000118 	bcs	0x7b4
     350:	e3a02000 	mov	r2, #0
     354:	e7d201f4 			@ <UNDEFINED> instruction: 0xe7d201f4
     358:	e1a01006 	mov	r1, r6
     35c:	e5950030 	ldr	r0, [r5, #48]	@ 0x30
     360:	e59fecc8 	ldr	lr, [pc, #3272]	@ 0x1030
     364:	e7f1e2f0 	udf	#7712	@ 0x1e20
     368:	2a000111 	bcs	0x7b4
     36c:	e3a02000 	mov	r2, #0
     370:	e7d201f4 			@ <UNDEFINED> instruction: 0xe7d201f4
     374:	e1a02006 	mov	r2, r6
     378:	e5951030 	ldr	r1, [r5, #48]	@ 0x30
     37c:	e59fecac 	ldr	lr, [pc, #3244]	@ 0x1030
     380:	e7f2e2f0 	udf	#11808	@ 0x2e20
     384:	2a00010a 	bcs	0x7b4
     388:	e7e012f4 			@ <UNDEFINED> instruction: 0xe7e012f4
     38c:	e3500ffa 	cmp	r0, #1000	@ 0x3e8
     390:	e3a00000 	mov	r0, #0
     394:	b3a00001 	movlt	r0, #1
     398:	e3100001 	tst	r0, #1
     39c:	0a000084 	beq	0x5b4
     3a0:	e2860028 	add	r0, r6, #40	@ 0x28
     3a4:	e584005c 	str	r0, [r4, #92]	@ 0x5c
     3a8:	e59f0c8c 	ldr	r0, [pc, #3212]	@ 0x103c
     3ac:	e1a01004 	mov	r1, r4
     3b0:	e59d2000 	ldr	r2, [sp]
     3b4:	e59fcc84 	ldr	ip, [pc, #3204]	@ 0x1040
     3b8:	e12fff3c 	blx	ip
     3bc:	e3500000 	cmp	r0, #0
     3c0:	1a0000fe 	bne	0x7c0
     3c4:	e594005c 	ldr	r0, [r4, #92]	@ 0x5c
     3c8:	e1a02006 	mov	r2, r6
     3cc:	e5951030 	ldr	r1, [r5, #48]	@ 0x30
     3d0:	e59fec58 	ldr	lr, [pc, #3160]	@ 0x1030
     3d4:	e7f2e1fc 	udf	#11804	@ 0x2e1c
     3d8:	2a0000f5 	bcs	0x7b4
     3dc:	e7d012f4 			@ <UNDEFINED> instruction: 0xe7d012f4
     3e0:	e1a02006 	mov	r2, r6
     3e4:	e5951030 	ldr	r1, [r5, #48]	@ 0x30
     3e8:	e59fec40 	ldr	lr, [pc, #3136]	@ 0x1030
     3ec:	e7f2e1fc 	udf	#11804	@ 0x2e1c
     3f0:	2a0000ef 	bcs	0x7b4
     3f4:	e7e012f4 			@ <UNDEFINED> instruction: 0xe7e012f4
     3f8:	e20000ff 	and	r0, r0, #255	@ 0xff
     3fc:	e1a02006 	mov	r2, r6
     400:	e5951030 	ldr	r1, [r5, #48]	@ 0x30
     404:	e59fec24 	ldr	lr, [pc, #3108]	@ 0x1030
     408:	e7f2e1f8 	udf	#11800	@ 0x2e18
     40c:	2a0000e8 	bcs	0x7b4
     410:	e7d012f4 			@ <UNDEFINED> instruction: 0xe7d012f4
     414:	e1a02006 	mov	r2, r6
     418:	e5951030 	ldr	r1, [r5, #48]	@ 0x30
     41c:	e59fec0c 	ldr	lr, [pc, #3084]	@ 0x1030
     420:	e7f2e1fc 	udf	#11804	@ 0x2e1c
     424:	2a0000e2 	bcs	0x7b4
     428:	e7e012f4 			@ <UNDEFINED> instruction: 0xe7e012f4
     42c:	e1a00420 	lsr	r0, r0, #8
     430:	e3a01006 	mov	r1, #6
     434:	e52d3008 	str	r3, [sp, #-8]!
     438:	e58d2004 	str	r2, [sp, #4]
     43c:	e59fcc00 	ldr	ip, [pc, #3072]	@ 0x1044
     440:	e12fff3c 	blx	ip
     444:	e59d2004 	ldr	r2, [sp, #4]
     448:	e49d3008 	ldr	r3, [sp], #8
     44c:	e1a00001 	mov	r0, r1
     450:	e1a02006 	mov	r2, r6
     454:	e5951030 	ldr	r1, [r5, #48]	@ 0x30
     458:	e59febd0 	ldr	lr, [pc, #3024]	@ 0x1030
     45c:	e7f2e1f4 	udf	#11796	@ 0x2e14
     460:	2a0000d3 	bcs	0x7b4
     464:	e7d012f4 			@ <UNDEFINED> instruction: 0xe7d012f4
     468:	e1a02006 	mov	r2, r6
     46c:	e5951030 	ldr	r1, [r5, #48]	@ 0x30
     470:	e59febb8 	ldr	lr, [pc, #3000]	@ 0x1030
     474:	e7f2e1f4 	udf	#11796	@ 0x2e14
     478:	2a0000cd 	bcs	0x7b4
     47c:	e7e012f4 			@ <UNDEFINED> instruction: 0xe7e012f4
     480:	e2861030 	add	r1, r6, #48	@ 0x30
     484:	e1a00100 	lsl	r0, r0, #2
     488:	e0811000 	add	r1, r1, r0
     48c:	e1a02001 	mov	r2, r1
     490:	e5950030 	ldr	r0, [r5, #48]	@ 0x30
     494:	e59fcb94 	ldr	ip, [pc, #2964]	@ 0x1030
     498:	e152000c 	cmp	r2, ip
     49c:	8a0000c4 	bhi	0x7b4
     4a0:	e7e102f4 			@ <UNDEFINED> instruction: 0xe7e102f4
     4a4:	e1a03006 	mov	r3, r6
     4a8:	e5952030 	ldr	r2, [r5, #48]	@ 0x30
     4ac:	e59feb7c 	ldr	lr, [pc, #2940]	@ 0x1030
     4b0:	e7f3e1f8 	udf	#15896	@ 0x3e18
     4b4:	2a0000be 	bcs	0x7b4
     4b8:	e7e023f4 			@ <UNDEFINED> instruction: 0xe7e023f4
     4bc:	e1a00100 	lsl	r0, r0, #2
     4c0:	e2800b43 	add	r0, r0, #68608	@ 0x10c00
     4c4:	e2800040 	add	r0, r0, #64	@ 0x40
     4c8:	e1a03000 	mov	r3, r0
     4cc:	e5952030 	ldr	r2, [r5, #48]	@ 0x30
     4d0:	e59fcb58 	ldr	ip, [pc, #2904]	@ 0x1030
     4d4:	e153000c 	cmp	r3, ip
     4d8:	8a0000b5 	bhi	0x7b4
     4dc:	e7e023f4 			@ <UNDEFINED> instruction: 0xe7e023f4
     4e0:	e1a07006 	mov	r7, r6
     4e4:	e5953030 	ldr	r3, [r5, #48]	@ 0x30
     4e8:	e59feb40 	ldr	lr, [pc, #2880]	@ 0x1030
     4ec:	e7f7e1f8 	udf	#32280	@ 0x7e18
     4f0:	2a0000af 	bcs	0x7b4
     4f4:	e7e237f4 			@ <UNDEFINED> instruction: 0xe7e237f4
     4f8:	e1a02102 	lsl	r2, r2, #2
     4fc:	e2822b44 	add	r2, r2, #68, 22	@ 0x11000
     500:	e2822040 	add	r2, r2, #64	@ 0x40
     504:	e1a07002 	mov	r7, r2
     508:	e5953030 	ldr	r3, [r5, #48]	@ 0x30
     50c:	e59fcb1c 	ldr	ip, [pc, #2844]	@ 0x1030
     510:	e157000c 	cmp	r7, ip
     514:	8a0000a6 	bhi	0x7b4
     518:	e7e237f4 			@ <UNDEFINED> instruction: 0xe7e237f4
     51c:	e5840024 	str	r0, [r4, #36]	@ 0x24
     520:	e5842060 	str	r2, [r4, #96]	@ 0x60
     524:	e584101c 	str	r1, [r4, #28]
     528:	e59f0b18 	ldr	r0, [pc, #2840]	@ 0x1048
     52c:	e1a01004 	mov	r1, r4
     530:	e59d2000 	ldr	r2, [sp]
     534:	e59fcb10 	ldr	ip, [pc, #2832]	@ 0x104c
     538:	e12fff3c 	blx	ip
     53c:	e3500000 	cmp	r0, #0
     540:	1a00009e 	bne	0x7c0
     544:	e594005c 	ldr	r0, [r4, #92]	@ 0x5c
     548:	e1a03006 	mov	r3, r6
     54c:	e5952030 	ldr	r2, [r5, #48]	@ 0x30
     550:	e59fead8 	ldr	lr, [pc, #2776]	@ 0x1030
     554:	e7f3e2f4 	udf	#15908	@ 0x3e24
     558:	2a000095 	bcs	0x7b4
     55c:	e7e123f4 			@ <UNDEFINED> instruction: 0xe7e123f4
     560:	e0800001 	add	r0, r0, r1
     564:	e1a02006 	mov	r2, r6
     568:	e5951030 	ldr	r1, [r5, #48]	@ 0x30
     56c:	e59feabc 	ldr	lr, [pc, #2748]	@ 0x1030
     570:	e7f2e2f4 	udf	#11812	@ 0x2e24
     574:	2a00008e 	bcs	0x7b4
     578:	e7d012f4 			@ <UNDEFINED> instruction: 0xe7d012f4
     57c:	e1a02006 	mov	r2, r6
     580:	e5951030 	ldr	r1, [r5, #48]	@ 0x30
     584:	e59feaa4 	ldr	lr, [pc, #2724]	@ 0x1030
     588:	e7f2e2f0 	udf	#11808	@ 0x2e20
     58c:	2a000088 	bcs	0x7b4
     590:	e7e012f4 			@ <UNDEFINED> instruction: 0xe7e012f4
     594:	e2800001 	add	r0, r0, #1
     598:	e1a02006 	mov	r2, r6
     59c:	e5951030 	ldr	r1, [r5, #48]	@ 0x30
     5a0:	e59fea88 	ldr	lr, [pc, #2696]	@ 0x1030
     5a4:	e7f2e2f0 	udf	#11808	@ 0x2e20
     5a8:	2a000081 	bcs	0x7b4
     5ac:	e7d012f4 			@ <UNDEFINED> instruction: 0xe7d012f4
     5b0:	eaffff6f 	b	0x374
     5b4:	e1a01006 	mov	r1, r6
     5b8:	e5950030 	ldr	r0, [r5, #48]	@ 0x30
     5bc:	e59fea6c 	ldr	lr, [pc, #2668]	@ 0x1030
     5c0:	e7f1e1f0 	udf	#7696	@ 0x1e10
     5c4:	2a00007a 	bcs	0x7b4
     5c8:	e3a02000 	mov	r2, #0
     5cc:	e7d201f4 			@ <UNDEFINED> instruction: 0xe7d201f4
     5d0:	e1a01006 	mov	r1, r6
     5d4:	e5950030 	ldr	r0, [r5, #48]	@ 0x30
     5d8:	e59fea50 	ldr	lr, [pc, #2640]	@ 0x1030
     5dc:	e7f1e0fc 	udf	#7692	@ 0x1e0c
     5e0:	2a000073 	bcs	0x7b4
     5e4:	e3a02000 	mov	r2, #0
     5e8:	e7d201f4 			@ <UNDEFINED> instruction: 0xe7d201f4
     5ec:	e1a02006 	mov	r2, r6
     5f0:	e5951030 	ldr	r1, [r5, #48]	@ 0x30
     5f4:	e59fea34 	ldr	lr, [pc, #2612]	@ 0x1030
     5f8:	e7f2e0fc 	udf	#11788	@ 0x2e0c
     5fc:	2a00006c 	bcs	0x7b4
     600:	e7e012f4 			@ <UNDEFINED> instruction: 0xe7e012f4
     604:	e3500f40 	cmp	r0, #64, 30	@ 0x100
     608:	e3a00000 	mov	r0, #0
     60c:	b3a00001 	movlt	r0, #1
     610:	e3100001 	tst	r0, #1
     614:	0a000039 	beq	0x700
     618:	e1a02006 	mov	r2, r6
     61c:	e5951030 	ldr	r1, [r5, #48]	@ 0x30
     620:	e59fea08 	ldr	lr, [pc, #2568]	@ 0x1030
     624:	e7f2e0fc 	udf	#11788	@ 0x2e0c
     628:	2a000061 	bcs	0x7b4
     62c:	e7e012f4 			@ <UNDEFINED> instruction: 0xe7e012f4
     630:	e1a00100 	lsl	r0, r0, #2
     634:	e2800b43 	add	r0, r0, #68608	@ 0x10c00
     638:	e2800040 	add	r0, r0, #64	@ 0x40
     63c:	e1a02000 	mov	r2, r0
     640:	e5951030 	ldr	r1, [r5, #48]	@ 0x30
     644:	e59fc9e4 	ldr	ip, [pc, #2532]	@ 0x1030
     648:	e152000c 	cmp	r2, ip
     64c:	8a000058 	bhi	0x7b4
     650:	e7e012f4 			@ <UNDEFINED> instruction: 0xe7e012f4
     654:	e1a03006 	mov	r3, r6
     658:	e5952030 	ldr	r2, [r5, #48]	@ 0x30
     65c:	e59fe9cc 	ldr	lr, [pc, #2508]	@ 0x1030
     660:	e7f3e0fc 	udf	#15884	@ 0x3e0c
     664:	2a000052 	bcs	0x7b4
     668:	e7e123f4 			@ <UNDEFINED> instruction: 0xe7e123f4
     66c:	e1a01101 	lsl	r1, r1, #2
     670:	e2811b44 	add	r1, r1, #68, 22	@ 0x11000
     674:	e2811040 	add	r1, r1, #64	@ 0x40
     678:	e1a03001 	mov	r3, r1
     67c:	e5952030 	ldr	r2, [r5, #48]	@ 0x30
     680:	e59fc9a8 	ldr	ip, [pc, #2472]	@ 0x1030
     684:	e153000c 	cmp	r3, ip
     688:	8a000049 	bhi	0x7b4
     68c:	e7e123f4 			@ <UNDEFINED> instruction: 0xe7e123f4
     690:	e0200001 	eor	r0, r0, r1
     694:	e1a03006 	mov	r3, r6
     698:	e5952030 	ldr	r2, [r5, #48]	@ 0x30
     69c:	e59fe98c 	ldr	lr, [pc, #2444]	@ 0x1030
     6a0:	e7f3e1f0 	udf	#15888	@ 0x3e10
     6a4:	2a000042 	bcs	0x7b4
     6a8:	e7e123f4 			@ <UNDEFINED> instruction: 0xe7e123f4
     6ac:	e0800001 	add	r0, r0, r1
     6b0:	e1a02006 	mov	r2, r6
     6b4:	e5951030 	ldr	r1, [r5, #48]	@ 0x30
     6b8:	e59fe970 	ldr	lr, [pc, #2416]	@ 0x1030
     6bc:	e7f2e1f0 	udf	#11792	@ 0x2e10
     6c0:	2a00003b 	bcs	0x7b4
     6c4:	e7d012f4 			@ <UNDEFINED> instruction: 0xe7d012f4
     6c8:	e1a02006 	mov	r2, r6
     6cc:	e5951030 	ldr	r1, [r5, #48]	@ 0x30
     6d0:	e59fe958 	ldr	lr, [pc, #2392]	@ 0x1030
     6d4:	e7f2e0fc 	udf	#11788	@ 0x2e0c
     6d8:	2a000035 	bcs	0x7b4
     6dc:	e7e012f4 			@ <UNDEFINED> instruction: 0xe7e012f4
     6e0:	e2800001 	add	r0, r0, #1
     6e4:	e1a02006 	mov	r2, r6
     6e8:	e5951030 	ldr	r1, [r5, #48]	@ 0x30
     6ec:	e59fe93c 	ldr	lr, [pc, #2364]	@ 0x1030
     6f0:	e7f2e0fc 	udf	#11788	@ 0x2e0c
     6f4:	2a00002e 	bcs	0x7b4
     6f8:	e7d012f4 			@ <UNDEFINED> instruction: 0xe7d012f4
     6fc:	eaffffba 	b	0x5ec
     700:	e1a02006 	mov	r2, r6
     704:	e5951030 	ldr	r1, [r5, #48]	@ 0x30
     708:	e59fe920 	ldr	lr, [pc, #2336]	@ 0x1030
     70c:	e7f2e2f4 	udf	#11812	@ 0x2e24
     710:	2a000027 	bcs	0x7b4
     714:	e7e012f4 			@ <UNDEFINED> instruction: 0xe7e012f4
     718:	e1a03006 	mov	r3, r6
     71c:	e5952030 	ldr	r2, [r5, #48]	@ 0x30
     720:	e59fe908 	ldr	lr, [pc, #2312]	@ 0x1030
     724:	e7f3e1f0 	udf	#15888	@ 0x3e10
     728:	2a000021 	bcs	0x7b4
     72c:	e7e123f4 			@ <UNDEFINED> instruction: 0xe7e123f4
     730:	e1a03006 	mov	r3, r6
     734:	e5952030 	ldr	r2, [r5, #48]	@ 0x30
     738:	e59fe8f0 	ldr	lr, [pc, #2288]	@ 0x1030
     73c:	e7f3e0f4 	udf	#15876	@ 0x3e04
     740:	2a00001b 	bcs	0x7b4
     744:	e7d123f4 			@ <UNDEFINED> instruction: 0xe7d123f4
     748:	e1a02006 	mov	r2, r6
     74c:	e5951030 	ldr	r1, [r5, #48]	@ 0x30
     750:	e59fc8d8 	ldr	ip, [pc, #2264]	@ 0x1030
     754:	e152000c 	cmp	r2, ip
     758:	8a000015 	bhi	0x7b4
     75c:	e7d012f4 			@ <UNDEFINED> instruction: 0xe7d012f4
     760:	e3a0eb40 	mov	lr, #64, 22	@ 0x10000
     764:	e38ee04e 	orr	lr, lr, #78	@ 0x4e
     768:	e584e058 	str	lr, [r4, #88]	@ 0x58
     76c:	e5846000 	str	r6, [r4]
     770:	e59f08d8 	ldr	r0, [pc, #2264]	@ 0x1050
     774:	e1a01004 	mov	r1, r4
     778:	e59d2000 	ldr	r2, [sp]
     77c:	e59fc8d0 	ldr	ip, [pc, #2256]	@ 0x1054
     780:	e12fff3c 	blx	ip
     784:	e3500000 	cmp	r0, #0
     788:	1a00000c 	bne	0x7c0
     78c:	e3a00000 	mov	r0, #0
     790:	e2866050 	add	r6, r6, #80	@ 0x50
     794:	e595103c 	ldr	r1, [r5, #60]	@ 0x3c
     798:	e5816008 	str	r6, [r1, #8]
     79c:	e584003c 	str	r0, [r4, #60]	@ 0x3c
     7a0:	e59f08b0 	ldr	r0, [pc, #2224]	@ 0x1058
     7a4:	e30ccabc 	movw	ip, #51900	@ 0xcabc
     7a8:	e34ccdef 	movt	ip, #52719	@ 0xcdef
     7ac:	e28dd004 	add	sp, sp, #4
     7b0:	e8bd80c0 	pop	{r6, r7, pc}
     7b4:	e3a00008 	mov	r0, #8
     7b8:	e59d1000 	ldr	r1, [sp]
     7bc:	e5810010 	str	r0, [r1, #16]
     7c0:	e59d0000 	ldr	r0, [sp]
     7c4:	e59d100c 	ldr	r1, [sp, #12]
     7c8:	e59fc88c 	ldr	ip, [pc, #2188]	@ 0x105c
     7cc:	e12fff3c 	blx	ip
     7d0:	e28dd004 	add	sp, sp, #4
     7d4:	e8bd00c0 	pop	{r6, r7}
     7d8:	e28dd004 	add	sp, sp, #4
     7dc:	e12fff10 	bx	r0
     7e0:	e92d4040 	push	{r6, lr}
     7e4:	e24dd008 	sub	sp, sp, #8
     7e8:	e58d0000 	str	r0, [sp]
     7ec:	e30cc123 	movw	ip, #49443	@ 0xc123
     7f0:	e34cc456 	movt	ip, #50262	@ 0xc456
     7f4:	e5940000 	ldr	r0, [r4]
     7f8:	e595e03c 	ldr	lr, [r5, #60]	@ 0x3c
     7fc:	e59e1008 	ldr	r1, [lr, #8]
     800:	e2411010 	sub	r1, r1, #16
     804:	e1a03001 	mov	r3, r1
     808:	e5952030 	ldr	r2, [r5, #48]	@ 0x30
     80c:	e59fe81c 	ldr	lr, [pc, #2076]	@ 0x1030
     810:	e7f3e0fc 	udf	#15884	@ 0x3e0c
     814:	2a00002d 	bcs	0x8d0
     818:	e7d023f4 			@ <UNDEFINED> instruction: 0xe7d023f4
     81c:	e1a03001 	mov	r3, r1
     820:	e5952030 	ldr	r2, [r5, #48]	@ 0x30
     824:	e59fe804 	ldr	lr, [pc, #2052]	@ 0x1030
     828:	e7f3e0fc 	udf	#15884	@ 0x3e0c
     82c:	2a000027 	bcs	0x8d0
     830:	e7e023f4 			@ <UNDEFINED> instruction: 0xe7e023f4
     834:	e1a03000 	mov	r3, r0
     838:	e5952030 	ldr	r2, [r5, #48]	@ 0x30
     83c:	e59fc7ec 	ldr	ip, [pc, #2028]	@ 0x1030
     840:	e153000c 	cmp	r3, ip
     844:	8a000021 	bhi	0x8d0
     848:	e7e023f4 			@ <UNDEFINED> instruction: 0xe7e023f4
     84c:	e59fc80c 	ldr	ip, [pc, #2060]	@ 0x1060
     850:	e0000c90 	mul	r0, r0, ip
     854:	e59fc808 	ldr	ip, [pc, #2056]	@ 0x1064
     858:	e080000c 	add	r0, r0, ip
     85c:	e1a06001 	mov	r6, r1
     860:	e5953030 	ldr	r3, [r5, #48]	@ 0x30
     864:	e59fe7c4 	ldr	lr, [pc, #1988]	@ 0x1030
     868:	e7f6e0fc 	udf	#28172	@ 0x6e0c
     86c:	2a000017 	bcs	0x8d0
     870:	e7e236f4 			@ <UNDEFINED> instruction: 0xe7e236f4
     874:	e5953030 	ldr	r3, [r5, #48]	@ 0x30
     878:	e59fc7b0 	ldr	ip, [pc, #1968]	@ 0x1030
     87c:	e152000c 	cmp	r2, ip
     880:	8a000012 	bhi	0x8d0
     884:	e7d032f4 			@ <UNDEFINED> instruction: 0xe7d032f4
     888:	e1a02001 	mov	r2, r1
     88c:	e5950030 	ldr	r0, [r5, #48]	@ 0x30
     890:	e59fe798 	ldr	lr, [pc, #1944]	@ 0x1030
     894:	e7f2e0fc 	udf	#11788	@ 0x2e0c
     898:	2a00000c 	bcs	0x8d0
     89c:	e7e102f4 			@ <UNDEFINED> instruction: 0xe7e102f4
     8a0:	e1a02001 	mov	r2, r1
     8a4:	e5950030 	ldr	r0, [r5, #48]	@ 0x30
     8a8:	e59fc780 	ldr	ip, [pc, #1920]	@ 0x1030
     8ac:	e152000c 	cmp	r2, ip
     8b0:	8a000006 	bhi	0x8d0
     8b4:	e7e102f4 			@ <UNDEFINED> instruction: 0xe7e102f4
     8b8:	e5841018 	str	r1, [r4, #24]
     8bc:	e59f07a4 	ldr	r0, [pc, #1956]	@ 0x1068
     8c0:	e30ccabc 	movw	ip, #51900	@ 0xcabc
     8c4:	e34ccdef 	movt	ip, #52719	@ 0xcdef
     8c8:	e28dd008 	add	sp, sp, #8
     8cc:	e8bd8040 	pop	{r6, pc}
     8d0:	e3a00008 	mov	r0, #8
     8d4:	e59d1000 	ldr	r1, [sp]
     8d8:	e5810010 	str	r0, [r1, #16]
     8dc:	e59d0000 	ldr	r0, [sp]
     8e0:	e59d100c 	ldr	r1, [sp, #12]
     8e4:	e59fc780 	ldr	ip, [pc, #1920]	@ 0x106c
     8e8:	e12fff3c 	blx	ip
     8ec:	e59d6008 	ldr	r6, [sp, #8]
     8f0:	e28dd010 	add	sp, sp, #16
     8f4:	e12fff10 	bx	r0
     8f8:	e92d4040 	push	{r6, lr}
     8fc:	e24dd008 	sub	sp, sp, #8
     900:	e58d0000 	str	r0, [sp]
     904:	e30cc123 	movw	ip, #49443	@ 0xc123
     908:	e34cc456 	movt	ip, #50262	@ 0xc456
     90c:	e5940000 	ldr	r0, [r4]
     910:	e5941004 	ldr	r1, [r4, #4]
     914:	e595e03c 	ldr	lr, [r5, #60]	@ 0x3c
     918:	e59e2008 	ldr	r2, [lr, #8]
     91c:	e2422010 	sub	r2, r2, #16
     920:	e1a06002 	mov	r6, r2
     924:	e5953030 	ldr	r3, [r5, #48]	@ 0x30
     928:	e59fe700 	ldr	lr, [pc, #1792]	@ 0x1030
     92c:	e7f6e0fc 	udf	#28172	@ 0x6e0c
     930:	2a000019 	bcs	0x99c
     934:	e7d036f4 			@ <UNDEFINED> instruction: 0xe7d036f4
     938:	e1a03002 	mov	r3, r2
     93c:	e5950030 	ldr	r0, [r5, #48]	@ 0x30
     940:	e59fe6e8 	ldr	lr, [pc, #1768]	@ 0x1030
     944:	e7f3e0f8 	udf	#15880	@ 0x3e08
     948:	2a000013 	bcs	0x99c
     94c:	e7d103f4 			@ <UNDEFINED> instruction: 0xe7d103f4
     950:	e1a03002 	mov	r3, r2
     954:	e5951030 	ldr	r1, [r5, #48]	@ 0x30
     958:	e59fe6d0 	ldr	lr, [pc, #1744]	@ 0x1030
     95c:	e7f3e0fc 	udf	#15884	@ 0x3e0c
     960:	2a00000d 	bcs	0x99c
     964:	e7e013f4 			@ <UNDEFINED> instruction: 0xe7e013f4
     968:	e1a03002 	mov	r3, r2
     96c:	e5951030 	ldr	r1, [r5, #48]	@ 0x30
     970:	e59fe6b8 	ldr	lr, [pc, #1720]	@ 0x1030
     974:	e7f3e0f8 	udf	#15880	@ 0x3e08
     978:	2a000007 	bcs	0x99c
     97c:	e7e213f4 			@ <UNDEFINED> instruction: 0xe7e213f4
     980:	e0800002 	add	r0, r0, r2
     984:	e5840010 	str	r0, [r4, #16]
     988:	e59f06e0 	ldr	r0, [pc, #1760]	@ 0x1070
     98c:	e30ccabc 	movw	ip, #51900	@ 0xcabc
     990:	e34ccdef 	movt	ip, #52719	@ 0xcdef
     994:	e28dd008 	add	sp, sp, #8
     998:	e8bd8040 	pop	{r6, pc}
     99c:	e3a00008 	mov	r0, #8
     9a0:	e59d1000 	ldr	r1, [sp]
     9a4:	e5810010 	str	r0, [r1, #16]
     9a8:	e59d0000 	ldr	r0, [sp]
     9ac:	e59d100c 	ldr	r1, [sp, #12]
     9b0:	e59fc6bc 	ldr	ip, [pc, #1724]	@ 0x1074
     9b4:	e12fff3c 	blx	ip
     9b8:	e59d6008 	ldr	r6, [sp, #8]
     9bc:	e28dd010 	add	sp, sp, #16
     9c0:	e12fff10 	bx	r0
     9c4:	e92d4040 	push	{r6, lr}
     9c8:	e24dd008 	sub	sp, sp, #8
     9cc:	e58d0000 	str	r0, [sp]
     9d0:	e30cc123 	movw	ip, #49443	@ 0xc123
     9d4:	e34cc456 	movt	ip, #50262	@ 0xc456
     9d8:	e5940000 	ldr	r0, [r4]
     9dc:	e5941004 	ldr	r1, [r4, #4]
     9e0:	e595e03c 	ldr	lr, [r5, #60]	@ 0x3c
     9e4:	e59e2008 	ldr	r2, [lr, #8]
     9e8:	e2422010 	sub	r2, r2, #16
     9ec:	e1a06002 	mov	r6, r2
     9f0:	e5953030 	ldr	r3, [r5, #48]	@ 0x30
     9f4:	e59fe634 	ldr	lr, [pc, #1588]	@ 0x1030
     9f8:	e7f6e0fc 	udf	#28172	@ 0x6e0c
     9fc:	2a000019 	bcs	0xa68
     a00:	e7d036f4 			@ <UNDEFINED> instruction: 0xe7d036f4
     a04:	e1a03002 	mov	r3, r2
     a08:	e5950030 	ldr	r0, [r5, #48]	@ 0x30
     a0c:	e59fe61c 	ldr	lr, [pc, #1564]	@ 0x1030
     a10:	e7f3e0f8 	udf	#15880	@ 0x3e08
     a14:	2a000013 	bcs	0xa68
     a18:	e7d103f4 			@ <UNDEFINED> instruction: 0xe7d103f4
     a1c:	e1a03002 	mov	r3, r2
     a20:	e5951030 	ldr	r1, [r5, #48]	@ 0x30
     a24:	e59fe604 	ldr	lr, [pc, #1540]	@ 0x1030
     a28:	e7f3e0fc 	udf	#15884	@ 0x3e0c
     a2c:	2a00000d 	bcs	0xa68
     a30:	e7e013f4 			@ <UNDEFINED> instruction: 0xe7e013f4
     a34:	e1a03002 	mov	r3, r2
     a38:	e5951030 	ldr	r1, [r5, #48]	@ 0x30
     a3c:	e59fe5ec 	ldr	lr, [pc, #1516]	@ 0x1030
     a40:	e7f3e0f8 	udf	#15880	@ 0x3e08
     a44:	2a000007 	bcs	0xa68
     a48:	e7e213f4 			@ <UNDEFINED> instruction: 0xe7e213f4
     a4c:	e0400002 	sub	r0, r0, r2
     a50:	e5840010 	str	r0, [r4, #16]
     a54:	e59f061c 	ldr	r0, [pc, #1564]	@ 0x1078
     a58:	e30ccabc 	movw	ip, #51900	@ 0xcabc
     a5c:	e34ccdef 	movt	ip, #52719	@ 0xcdef
     a60:	e28dd008 	add	sp, sp, #8
     a64:	e8bd8040 	pop	{r6, pc}
     a68:	e3a00008 	mov	r0, #8
     a6c:	e59d1000 	ldr	r1, [sp]
     a70:	e5810010 	str	r0, [r1, #16]
     a74:	e59d0000 	ldr	r0, [sp]
     a78:	e59d100c 	ldr	r1, [sp, #12]
     a7c:	e59fc5f8 	ldr	ip, [pc, #1528]	@ 0x107c
     a80:	e12fff3c 	blx	ip
     a84:	e59d6008 	ldr	r6, [sp, #8]
     a88:	e28dd010 	add	sp, sp, #16
     a8c:	e12fff10 	bx	r0
     a90:	e92d4040 	push	{r6, lr}
     a94:	e24dd008 	sub	sp, sp, #8
     a98:	e58d0000 	str	r0, [sp]
     a9c:	e30cc123 	movw	ip, #49443	@ 0xc123
     aa0:	e34cc456 	movt	ip, #50262	@ 0xc456
     aa4:	e5940000 	ldr	r0, [r4]
     aa8:	e5941004 	ldr	r1, [r4, #4]
     aac:	e595e03c 	ldr	lr, [r5, #60]	@ 0x3c
     ab0:	e59e2008 	ldr	r2, [lr, #8]
     ab4:	e2422010 	sub	r2, r2, #16
     ab8:	e1a06002 	mov	r6, r2
     abc:	e5953030 	ldr	r3, [r5, #48]	@ 0x30
     ac0:	e59fe568 	ldr	lr, [pc, #1384]	@ 0x1030
     ac4:	e7f6e0fc 	udf	#28172	@ 0x6e0c
     ac8:	2a00001a 	bcs	0xb38
     acc:	e7d036f4 			@ <UNDEFINED> instruction: 0xe7d036f4
     ad0:	e1a03002 	mov	r3, r2
     ad4:	e5950030 	ldr	r0, [r5, #48]	@ 0x30
     ad8:	e59fe550 	ldr	lr, [pc, #1360]	@ 0x1030
     adc:	e7f3e0f8 	udf	#15880	@ 0x3e08
     ae0:	2a000014 	bcs	0xb38
     ae4:	e7d103f4 			@ <UNDEFINED> instruction: 0xe7d103f4
     ae8:	e1a03002 	mov	r3, r2
     aec:	e5951030 	ldr	r1, [r5, #48]	@ 0x30
     af0:	e59fe538 	ldr	lr, [pc, #1336]	@ 0x1030
     af4:	e7f3e0fc 	udf	#15884	@ 0x3e0c
     af8:	2a00000e 	bcs	0xb38
     afc:	e7e013f4 			@ <UNDEFINED> instruction: 0xe7e013f4
     b00:	e1a03002 	mov	r3, r2
     b04:	e5951030 	ldr	r1, [r5, #48]	@ 0x30
     b08:	e59fe520 	ldr	lr, [pc, #1312]	@ 0x1030
     b0c:	e7f3e0f8 	udf	#15880	@ 0x3e08
     b10:	2a000008 	bcs	0xb38
     b14:	e7e213f4 			@ <UNDEFINED> instruction: 0xe7e213f4
     b18:	e0000290 	mul	r0, r0, r2
     b1c:	e5840010 	str	r0, [r4, #16]
     b20:	e3a009fe 	mov	r0, #4161536	@ 0x3f8000
     b24:	e3800ee7 	orr	r0, r0, #3696	@ 0xe70
     b28:	e30ccabc 	movw	ip, #51900	@ 0xcabc
     b2c:	e34ccdef 	movt	ip, #52719	@ 0xcdef
     b30:	e28dd008 	add	sp, sp, #8
     b34:	e8bd8040 	pop	{r6, pc}
     b38:	e3a00008 	mov	r0, #8
     b3c:	e59d1000 	ldr	r1, [sp]
     b40:	e5810010 	str	r0, [r1, #16]
     b44:	e59d0000 	ldr	r0, [sp]
     b48:	e59d100c 	ldr	r1, [sp, #12]
     b4c:	e59fc52c 	ldr	ip, [pc, #1324]	@ 0x1080
     b50:	e12fff3c 	blx	ip
     b54:	e59d6008 	ldr	r6, [sp, #8]
     b58:	e28dd010 	add	sp, sp, #16
     b5c:	e12fff10 	bx	r0
     b60:	e92d4040 	push	{r6, lr}
     b64:	e24dd008 	sub	sp, sp, #8
     b68:	e58d0000 	str	r0, [sp]
     b6c:	e30cc123 	movw	ip, #49443	@ 0xc123
     b70:	e34cc456 	movt	ip, #50262	@ 0xc456
     b74:	e5940000 	ldr	r0, [r4]
     b78:	e5941004 	ldr	r1, [r4, #4]
     b7c:	e595e03c 	ldr	lr, [r5, #60]	@ 0x3c
     b80:	e59e2008 	ldr	r2, [lr, #8]
     b84:	e2422010 	sub	r2, r2, #16
     b88:	e1a06002 	mov	r6, r2
     b8c:	e5953030 	ldr	r3, [r5, #48]	@ 0x30
     b90:	e59fe498 	ldr	lr, [pc, #1176]	@ 0x1030
     b94:	e7f6e0fc 	udf	#28172	@ 0x6e0c
     b98:	2a000019 	bcs	0xc04
     b9c:	e7d036f4 			@ <UNDEFINED> instruction: 0xe7d036f4
     ba0:	e1a03002 	mov	r3, r2
     ba4:	e5950030 	ldr	r0, [r5, #48]	@ 0x30
     ba8:	e59fe480 	ldr	lr, [pc, #1152]	@ 0x1030
     bac:	e7f3e0f8 	udf	#15880	@ 0x3e08
     bb0:	2a000013 	bcs	0xc04
     bb4:	e7d103f4 			@ <UNDEFINED> instruction: 0xe7d103f4
     bb8:	e1a03002 	mov	r3, r2
     bbc:	e5951030 	ldr	r1, [r5, #48]	@ 0x30
     bc0:	e59fe468 	ldr	lr, [pc, #1128]	@ 0x1030
     bc4:	e7f3e0fc 	udf	#15884	@ 0x3e0c
     bc8:	2a00000d 	bcs	0xc04
     bcc:	e7e013f4 			@ <UNDEFINED> instruction: 0xe7e013f4
     bd0:	e1a03002 	mov	r3, r2
     bd4:	e5951030 	ldr	r1, [r5, #48]	@ 0x30
     bd8:	e59fe450 	ldr	lr, [pc, #1104]	@ 0x1030
     bdc:	e7f3e0f8 	udf	#15880	@ 0x3e08
     be0:	2a000007 	bcs	0xc04
     be4:	e7e213f4 			@ <UNDEFINED> instruction: 0xe7e213f4
     be8:	e0200002 	eor	r0, r0, r2
     bec:	e5840010 	str	r0, [r4, #16]
     bf0:	e59f048c 	ldr	r0, [pc, #1164]	@ 0x1084
     bf4:	e30ccabc 	movw	ip, #51900	@ 0xcabc
     bf8:	e34ccdef 	movt	ip, #52719	@ 0xcdef
     bfc:	e28dd008 	add	sp, sp, #8
     c00:	e8bd8040 	pop	{r6, pc}
     c04:	e3a00008 	mov	r0, #8
     c08:	e59d1000 	ldr	r1, [sp]
     c0c:	e5810010 	str	r0, [r1, #16]
     c10:	e59d0000 	ldr	r0, [sp]
     c14:	e59d100c 	ldr	r1, [sp, #12]
     c18:	e59fc468 	ldr	ip, [pc, #1128]	@ 0x1088
     c1c:	e12fff3c 	blx	ip
     c20:	e59d6008 	ldr	r6, [sp, #8]
     c24:	e28dd010 	add	sp, sp, #16
     c28:	e12fff10 	bx	r0
     c2c:	e92d4040 	push	{r6, lr}
     c30:	e24dd008 	sub	sp, sp, #8
     c34:	e58d0000 	str	r0, [sp]
     c38:	e30cc123 	movw	ip, #49443	@ 0xc123
     c3c:	e34cc456 	movt	ip, #50262	@ 0xc456
     c40:	e5940000 	ldr	r0, [r4]
     c44:	e5941004 	ldr	r1, [r4, #4]
     c48:	e595e03c 	ldr	lr, [r5, #60]	@ 0x3c
     c4c:	e59e2008 	ldr	r2, [lr, #8]
     c50:	e2422020 	sub	r2, r2, #32
     c54:	e1a06002 	mov	r6, r2
     c58:	e5953030 	ldr	r3, [r5, #48]	@ 0x30
     c5c:	e59fe3cc 	ldr	lr, [pc, #972]	@ 0x1030
     c60:	e7f6e1f8 	udf	#28184	@ 0x6e18
     c64:	2a000074 	bcs	0xe3c
     c68:	e7d036f4 			@ <UNDEFINED> instruction: 0xe7d036f4
     c6c:	e1a03002 	mov	r3, r2
     c70:	e5950030 	ldr	r0, [r5, #48]	@ 0x30
     c74:	e59fe3b4 	ldr	lr, [pc, #948]	@ 0x1030
     c78:	e7f3e1f4 	udf	#15892	@ 0x3e14
     c7c:	2a00006e 	bcs	0xe3c
     c80:	e7d103f4 			@ <UNDEFINED> instruction: 0xe7d103f4
     c84:	e1a03002 	mov	r3, r2
     c88:	e5951030 	ldr	r1, [r5, #48]	@ 0x30
     c8c:	e59fe39c 	ldr	lr, [pc, #924]	@ 0x1030
     c90:	e7f3e1f4 	udf	#15892	@ 0x3e14
     c94:	2a000068 	bcs	0xe3c
     c98:	e7e013f4 			@ <UNDEFINED> instruction: 0xe7e013f4
     c9c:	e2400032 	sub	r0, r0, #50	@ 0x32
     ca0:	e1a03002 	mov	r3, r2
     ca4:	e5951030 	ldr	r1, [r5, #48]	@ 0x30
     ca8:	e59fe380 	ldr	lr, [pc, #896]	@ 0x1030
     cac:	e7f3e1f0 	udf	#15888	@ 0x3e10
     cb0:	2a000061 	bcs	0xe3c
     cb4:	e7d013f4 			@ <UNDEFINED> instruction: 0xe7d013f4
     cb8:	e1a03002 	mov	r3, r2
     cbc:	e5951030 	ldr	r1, [r5, #48]	@ 0x30
     cc0:	e59fe368 	ldr	lr, [pc, #872]	@ 0x1030
     cc4:	e7f3e1f4 	udf	#15892	@ 0x3e14
     cc8:	2a00005b 	bcs	0xe3c
     ccc:	e7e013f4 			@ <UNDEFINED> instruction: 0xe7e013f4
     cd0:	e2800032 	add	r0, r0, #50	@ 0x32
     cd4:	e1a03002 	mov	r3, r2
     cd8:	e5951030 	ldr	r1, [r5, #48]	@ 0x30
     cdc:	e59fe34c 	ldr	lr, [pc, #844]	@ 0x1030
     ce0:	e7f3e0fc 	udf	#15884	@ 0x3e0c
     ce4:	2a000054 	bcs	0xe3c
     ce8:	e7d013f4 			@ <UNDEFINED> instruction: 0xe7d013f4
     cec:	e1a03002 	mov	r3, r2
     cf0:	e5951030 	ldr	r1, [r5, #48]	@ 0x30
     cf4:	e59fe334 	ldr	lr, [pc, #820]	@ 0x1030
     cf8:	e7f3e1f8 	udf	#15896	@ 0x3e18
     cfc:	2a00004e 	bcs	0xe3c
     d00:	e7e013f4 			@ <UNDEFINED> instruction: 0xe7e013f4
     d04:	e1a06002 	mov	r6, r2
     d08:	e5953030 	ldr	r3, [r5, #48]	@ 0x30
     d0c:	e59fe31c 	ldr	lr, [pc, #796]	@ 0x1030
     d10:	e7f6e1f0 	udf	#28176	@ 0x6e10
     d14:	2a000048 	bcs	0xe3c
     d18:	e7e136f4 			@ <UNDEFINED> instruction: 0xe7e136f4
     d1c:	e1500001 	cmp	r0, r1
     d20:	e3a00000 	mov	r0, #0
     d24:	b3a00001 	movlt	r0, #1
     d28:	e3100001 	tst	r0, #1
     d2c:	0a00000c 	beq	0xd64
     d30:	e1a03002 	mov	r3, r2
     d34:	e5951030 	ldr	r1, [r5, #48]	@ 0x30
     d38:	e59fe2f0 	ldr	lr, [pc, #752]	@ 0x1030
     d3c:	e7f3e1f0 	udf	#15888	@ 0x3e10
     d40:	2a00003d 	bcs	0xe3c
     d44:	e7e013f4 			@ <UNDEFINED> instruction: 0xe7e013f4
     d48:	e1a03002 	mov	r3, r2
     d4c:	e5951030 	ldr	r1, [r5, #48]	@ 0x30
     d50:	e59fe2d8 	ldr	lr, [pc, #728]	@ 0x1030
     d54:	e7f3e1fc 	udf	#15900	@ 0x3e1c
     d58:	2a000037 	bcs	0xe3c
     d5c:	e7d013f4 			@ <UNDEFINED> instruction: 0xe7d013f4
     d60:	ea000029 	b	0xe0c
     d64:	e1a03002 	mov	r3, r2
     d68:	e5951030 	ldr	r1, [r5, #48]	@ 0x30
     d6c:	e59fe2bc 	ldr	lr, [pc, #700]	@ 0x1030
     d70:	e7f3e1f8 	udf	#15896	@ 0x3e18
     d74:	2a000030 	bcs	0xe3c
     d78:	e7e013f4 			@ <UNDEFINED> instruction: 0xe7e013f4
     d7c:	e1a06002 	mov	r6, r2
     d80:	e5953030 	ldr	r3, [r5, #48]	@ 0x30
     d84:	e59fe2a4 	ldr	lr, [pc, #676]	@ 0x1030
     d88:	e7f6e0fc 	udf	#28172	@ 0x6e0c
     d8c:	2a00002a 	bcs	0xe3c
     d90:	e7e136f4 			@ <UNDEFINED> instruction: 0xe7e136f4
     d94:	e1500001 	cmp	r0, r1
     d98:	e3a00000 	mov	r0, #0
     d9c:	c3a00001 	movgt	r0, #1
     da0:	e3100001 	tst	r0, #1
     da4:	0a00000c 	beq	0xddc
     da8:	e1a03002 	mov	r3, r2
     dac:	e5951030 	ldr	r1, [r5, #48]	@ 0x30
     db0:	e59fe278 	ldr	lr, [pc, #632]	@ 0x1030
     db4:	e7f3e0fc 	udf	#15884	@ 0x3e0c
     db8:	2a00001f 	bcs	0xe3c
     dbc:	e7e013f4 			@ <UNDEFINED> instruction: 0xe7e013f4
     dc0:	e1a03002 	mov	r3, r2
     dc4:	e5951030 	ldr	r1, [r5, #48]	@ 0x30
     dc8:	e59fe260 	ldr	lr, [pc, #608]	@ 0x1030
     dcc:	e7f3e1fc 	udf	#15900	@ 0x3e1c
     dd0:	2a000019 	bcs	0xe3c
     dd4:	e7d013f4 			@ <UNDEFINED> instruction: 0xe7d013f4
     dd8:	ea00000b 	b	0xe0c
     ddc:	e1a03002 	mov	r3, r2
     de0:	e5951030 	ldr	r1, [r5, #48]	@ 0x30
     de4:	e59fe244 	ldr	lr, [pc, #580]	@ 0x1030
     de8:	e7f3e1f8 	udf	#15896	@ 0x3e18
     dec:	2a000012 	bcs	0xe3c
     df0:	e7e013f4 			@ <UNDEFINED> instruction: 0xe7e013f4
     df4:	e1a03002 	mov	r3, r2
     df8:	e5951030 	ldr	r1, [r5, #48]	@ 0x30
     dfc:	e59fe22c 	ldr	lr, [pc, #556]	@ 0x1030
     e00:	e7f3e1fc 	udf	#15900	@ 0x3e1c
     e04:	2a00000c 	bcs	0xe3c
     e08:	e7d013f4 			@ <UNDEFINED> instruction: 0xe7d013f4
     e0c:	e1a01002 	mov	r1, r2
     e10:	e5950030 	ldr	r0, [r5, #48]	@ 0x30
     e14:	e59fe214 	ldr	lr, [pc, #532]	@ 0x1030
     e18:	e7f1e1fc 	udf	#7708	@ 0x1e1c
     e1c:	2a000006 	bcs	0xe3c
     e20:	e7e201f4 			@ <UNDEFINED> instruction: 0xe7e201f4
     e24:	e5842018 	str	r2, [r4, #24]
     e28:	e59f025c 	ldr	r0, [pc, #604]	@ 0x108c
     e2c:	e30ccabc 	movw	ip, #51900	@ 0xcabc
     e30:	e34ccdef 	movt	ip, #52719	@ 0xcdef
     e34:	e28dd008 	add	sp, sp, #8
     e38:	e8bd8040 	pop	{r6, pc}
     e3c:	e3a00008 	mov	r0, #8
     e40:	e59d1000 	ldr	r1, [sp]
     e44:	e5810010 	str	r0, [r1, #16]
     e48:	e59d0000 	ldr	r0, [sp]
     e4c:	e59d100c 	ldr	r1, [sp, #12]
     e50:	e59fc238 	ldr	ip, [pc, #568]	@ 0x1090
     e54:	e12fff3c 	blx	ip
     e58:	e59d6008 	ldr	r6, [sp, #8]
     e5c:	e28dd010 	add	sp, sp, #16
     e60:	e12fff10 	bx	r0
     e64:	e92d4040 	push	{r6, lr}
     e68:	e24dd008 	sub	sp, sp, #8
     e6c:	e58d0000 	str	r0, [sp]
     e70:	e30cc123 	movw	ip, #49443	@ 0xc123
     e74:	e34cc456 	movt	ip, #50262	@ 0xc456
     e78:	e5940000 	ldr	r0, [r4]
     e7c:	e5941004 	ldr	r1, [r4, #4]
     e80:	e595e03c 	ldr	lr, [r5, #60]	@ 0x3c
     e84:	e59e2008 	ldr	r2, [lr, #8]
     e88:	e2422010 	sub	r2, r2, #16
     e8c:	e1a06002 	mov	r6, r2
     e90:	e5953030 	ldr	r3, [r5, #48]	@ 0x30
     e94:	e59fe194 	ldr	lr, [pc, #404]	@ 0x1030
     e98:	e7f6e0fc 	udf	#28172	@ 0x6e0c
     e9c:	2a00001f 	bcs	0xf20
     ea0:	e7d036f4 			@ <UNDEFINED> instruction: 0xe7d036f4
     ea4:	e1a03002 	mov	r3, r2
     ea8:	e5950030 	ldr	r0, [r5, #48]	@ 0x30
     eac:	e59fe17c 	ldr	lr, [pc, #380]	@ 0x1030
     eb0:	e7f3e0f8 	udf	#15880	@ 0x3e08
     eb4:	2a000019 	bcs	0xf20
     eb8:	e7d103f4 			@ <UNDEFINED> instruction: 0xe7d103f4
     ebc:	e1a03002 	mov	r3, r2
     ec0:	e5951030 	ldr	r1, [r5, #48]	@ 0x30
     ec4:	e59fe164 	ldr	lr, [pc, #356]	@ 0x1030
     ec8:	e7f3e0fc 	udf	#15884	@ 0x3e0c
     ecc:	2a000013 	bcs	0xf20
     ed0:	e7e013f4 			@ <UNDEFINED> instruction: 0xe7e013f4
     ed4:	e59fc1b8 	ldr	ip, [pc, #440]	@ 0x1094
     ed8:	e000000c 	and	r0, r0, ip
     edc:	e1a00220 	lsr	r0, r0, #4
     ee0:	e1a03002 	mov	r3, r2
     ee4:	e5951030 	ldr	r1, [r5, #48]	@ 0x30
     ee8:	e59fe140 	ldr	lr, [pc, #320]	@ 0x1030
     eec:	e7f3e0f8 	udf	#15880	@ 0x3e08
     ef0:	2a00000a 	bcs	0xf20
     ef4:	e7e213f4 			@ <UNDEFINED> instruction: 0xe7e213f4
     ef8:	e59fc198 	ldr	ip, [pc, #408]	@ 0x1098
     efc:	e002200c 	and	r2, r2, ip
     f00:	e1a02202 	lsl	r2, r2, #4
     f04:	e1800002 	orr	r0, r0, r2
     f08:	e584001c 	str	r0, [r4, #28]
     f0c:	e59f0188 	ldr	r0, [pc, #392]	@ 0x109c
     f10:	e30ccabc 	movw	ip, #51900	@ 0xcabc
     f14:	e34ccdef 	movt	ip, #52719	@ 0xcdef
     f18:	e28dd008 	add	sp, sp, #8
     f1c:	e8bd8040 	pop	{r6, pc}
     f20:	e3a00008 	mov	r0, #8
     f24:	e59d1000 	ldr	r1, [sp]
     f28:	e5810010 	str	r0, [r1, #16]
     f2c:	e59d0000 	ldr	r0, [sp]
     f30:	e59d100c 	ldr	r1, [sp, #12]
     f34:	e59fc164 	ldr	ip, [pc, #356]	@ 0x10a0
     f38:	e12fff3c 	blx	ip
     f3c:	e59d6008 	ldr	r6, [sp, #8]
     f40:	e28dd010 	add	sp, sp, #16
     f44:	e12fff10 	bx	r0
     f48:	e52de004 	push	{lr}		@ (str lr, [sp, #-4]!)
     f4c:	e24dd004 	sub	sp, sp, #4
     f50:	e58d0000 	str	r0, [sp]
     f54:	e30cc123 	movw	ip, #49443	@ 0xc123
     f58:	e34cc456 	movt	ip, #50262	@ 0xc456
     f5c:	e3a0c007 	mov	ip, #7
     f60:	e35c0000 	cmp	ip, #0
     f64:	0a000006 	beq	0xf84
     f68:	e59f0134 	ldr	r0, [pc, #308]	@ 0x10a4
     f6c:	e1a01004 	mov	r1, r4
     f70:	e59d2000 	ldr	r2, [sp]
     f74:	e59fc12c 	ldr	ip, [pc, #300]	@ 0x10a8
     f78:	e12fff3c 	blx	ip
     f7c:	e3500000 	cmp	r0, #0
     f80:	1a000017 	bne	0xfe4
     f84:	e59f0120 	ldr	r0, [pc, #288]	@ 0x10ac
     f88:	e1a01004 	mov	r1, r4
     f8c:	e59d2000 	ldr	r2, [sp]
     f90:	e59fc118 	ldr	ip, [pc, #280]	@ 0x10b0
     f94:	e12fff3c 	blx	ip
     f98:	e3500000 	cmp	r0, #0
     f9c:	1a000010 	bne	0xfe4
     fa0:	e5940004 	ldr	r0, [r4, #4]
     fa4:	e5840004 	str	r0, [r4, #4]
     fa8:	e59f0104 	ldr	r0, [pc, #260]	@ 0x10b4
     fac:	e1a01004 	mov	r1, r4
     fb0:	e59d2000 	ldr	r2, [sp]
     fb4:	e59fc0fc 	ldr	ip, [pc, #252]	@ 0x10b8
     fb8:	e12fff3c 	blx	ip
     fbc:	e3500000 	cmp	r0, #0
     fc0:	1a000007 	bne	0xfe4
     fc4:	e3a00015 	mov	r0, #21
     fc8:	ea000003 	b	0xfdc
     fcc:	e30ccabc 	movw	ip, #51900	@ 0xcabc
     fd0:	e34ccdef 	movt	ip, #52719	@ 0xcdef
     fd4:	e28dd004 	add	sp, sp, #4
     fd8:	e49df004 	pop	{pc}		@ (ldr pc, [sp], #4)
     fdc:	e59d1000 	ldr	r1, [sp]
     fe0:	e5810010 	str	r0, [r1, #16]
     fe4:	e59d0000 	ldr	r0, [sp]
     fe8:	e59d1004 	ldr	r1, [sp, #4]
     fec:	e59fc0c8 	ldr	ip, [pc, #200]	@ 0x10bc
     ff0:	e12fff3c 	blx	ip
     ff4:	e28dd008 	add	sp, sp, #8
     ff8:	e12fff10 	bx	r0
     ffc:	e52de004 	push	{lr}		@ (str lr, [sp, #-4]!)
    1000:	e24dd004 	sub	sp, sp, #4
    1004:	e58d0000 	str	r0, [sp]
    1008:	e30cc123 	movw	ip, #49443	@ 0xc123
    100c:	e34cc456 	movt	ip, #50262	@ 0xc456
    1010:	e3a009fe 	mov	r0, #4161536	@ 0x3f8000
    1014:	ea000029 	b	0x10c0
    1018:	003f7428 	eorseq	r7, pc, r8, lsr #8
    101c:	0004890c 	andeq	r8, r4, ip, lsl #18
    1020:	003f7434 	eorseq	r7, pc, r4, lsr r4	@ <UNPREDICTABLE>
    1024:	0004890c 	andeq	r8, r4, ip, lsl #18
    1028:	003f7448 	eorseq	r7, pc, r8, asr #8
    102c:	00048004 	andeq	r8, r4, r4
    1030:	0101fffc 	strdeq	pc, [r1, -ip]
    1034:	0101fff8 	strdeq	pc, [r1, -r8]
    1038:	0d15ea5e 	vldreq	s28, [r5, #-376]	@ 0xfffffe88
    103c:	003f9e0c 	eorseq	r9, pc, ip, lsl #28
    1040:	0004890c 	andeq	r8, r4, ip, lsl #18
    1044:	001f54c0 	andseq	r5, pc, r0, asr #9
    1048:	003f9f78 	eorseq	r9, pc, r8, ror pc	@ <UNPREDICTABLE>
    104c:	00048c48 	andeq	r8, r4, r8, asr #24
    1050:	003fa148 	eorseq	sl, pc, r8, asr #2
    1054:	0004890c 	andeq	r8, r4, ip, lsl #18
    1058:	003fa184 	eorseq	sl, pc, r4, lsl #3
    105c:	00048004 	andeq	r8, r4, r4
    1060:	0019660d 	andseq	r6, r9, sp, lsl #12
    1064:	3c6ef35f 	stclcc	3, cr15, [lr], #-380	@ 0xfffffe84
    1068:	003f8c7c 	eorseq	r8, pc, ip, ror ip	@ <UNPREDICTABLE>
    106c:	00048004 	andeq	r8, r4, r4
    1070:	003eb328 	eorseq	fp, lr, r8, lsr #6
    1074:	00048004 	andeq	r8, r4, r4
    1078:	003f8dc8 	eorseq	r8, pc, r8, asr #27
    107c:	00048004 	andeq	r8, r4, r4
    1080:	00048004 	andeq	r8, r4, r4
    1084:	003f8f18 	eorseq	r8, pc, r8, lsl pc	@ <UNPREDICTABLE>
    1088:	00048004 	andeq	r8, r4, r4
    108c:	003f97c8 	eorseq	r9, pc, r8, asr #15
    1090:	00048004 	andeq	r8, r4, r4
    1094:	f0f0f0f0 			@ <UNDEFINED> instruction: 0xf0f0f0f0
    1098:	0f0f0f0f 	svceq	0x000f0f0f
    109c:	003f8a3c 	eorseq	r8, pc, ip, lsr sl	@ <UNPREDICTABLE>
    10a0:	00048004 	andeq	r8, r4, r4
    10a4:	003f7e20 	eorseq	r7, pc, r0, lsr #28
    10a8:	0004890c 	andeq	r8, r4, ip, lsl #18
    10ac:	003f7e2c 	eorseq	r7, pc, ip, lsr #28
    10b0:	0004890c 	andeq	r8, r4, ip, lsl #18
    10b4:	003f7e3c 	eorseq	r7, pc, ip, lsr lr	@ <UNPREDICTABLE>
    10b8:	0004890c 	andeq	r8, r4, ip, lsl #18
    10bc:	00048004 	andeq	r8, r4, r4
    10c0:	e3800e69 	orr	r0, r0, #1680	@ 0x690
    10c4:	e30ccabc 	movw	ip, #51900	@ 0xcabc
    10c8:	e34ccdef 	movt	ip, #52719	@ 0xcdef
    10cc:	e28dd004 	add	sp, sp, #4
    10d0:	e49df004 	pop	{pc}		@ (ldr pc, [sp], #4)
    10d4:	e92d4040 	push	{r6, lr}
    10d8:	e24dd008 	sub	sp, sp, #8
    10dc:	e58d0000 	str	r0, [sp]
    10e0:	e30cc123 	movw	ip, #49443	@ 0xc123
    10e4:	e34cc456 	movt	ip, #50262	@ 0xc456
    10e8:	e3a06000 	mov	r6, #0
    10ec:	e3a0c000 	mov	ip, #0
    10f0:	e35c0000 	cmp	ip, #0
    10f4:	9a000011 	bls	0x1140
    10f8:	e2460004 	sub	r0, r6, #4
    10fc:	e1a06000 	mov	r6, r0
    1100:	e1a02000 	mov	r2, r0
    1104:	e5951030 	ldr	r1, [r5, #48]	@ 0x30
    1108:	e59fcfe8 	ldr	ip, [pc, #4072]	@ 0x20f8
    110c:	e152000c 	cmp	r2, ip
    1110:	8a000016 	bhi	0x1170
    1114:	e7e012f4 			@ <UNDEFINED> instruction: 0xe7e012f4
    1118:	e584000c 	str	r0, [r4, #12]
    111c:	e59f0fd8 	ldr	r0, [pc, #4056]	@ 0x20fc
    1120:	e1a01004 	mov	r1, r4
    1124:	e59d2000 	ldr	r2, [sp]
    1128:	e59fcfd0 	ldr	ip, [pc, #4048]	@ 0x2100
    112c:	e12fff3c 	blx	ip
    1130:	e3500000 	cmp	r0, #0
    1134:	1a000010 	bne	0x117c
    1138:	e3560000 	cmp	r6, #0
    113c:	8affffed 	bhi	0x10f8
    1140:	e59f0fbc 	ldr	r0, [pc, #4028]	@ 0x2104
    1144:	e1a01004 	mov	r1, r4
    1148:	e59d2000 	ldr	r2, [sp]
    114c:	e59fcfb4 	ldr	ip, [pc, #4020]	@ 0x2108
    1150:	e12fff3c 	blx	ip
    1154:	e3500000 	cmp	r0, #0
    1158:	1a000007 	bne	0x117c
    115c:	e59f0fa8 	ldr	r0, [pc, #4008]	@ 0x210c
    1160:	e30ccabc 	movw	ip, #51900	@ 0xcabc
    1164:	e34ccdef 	movt	ip, #52719	@ 0xcdef
    1168:	e28dd008 	add	sp, sp, #8
    116c:	e8bd8040 	pop	{r6, pc}
    1170:	e3a00008 	mov	r0, #8
    1174:	e59d1000 	ldr	r1, [sp]
    1178:	e5810010 	str	r0, [r1, #16]
    117c:	e59d0000 	ldr	r0, [sp]
    1180:	e59d100c 	ldr	r1, [sp, #12]
    1184:	e59fcf84 	ldr	ip, [pc, #3972]	@ 0x2110
    1188:	e12fff3c 	blx	ip
    118c:	e59d6008 	ldr	r6, [sp, #8]
    1190:	e28dd010 	add	sp, sp, #16
    1194:	e12fff10 	bx	r0
    1198:	e92d4040 	push	{r6, lr}
    119c:	e24dd008 	sub	sp, sp, #8
    11a0:	e58d0000 	str	r0, [sp]
    11a4:	e30cc123 	movw	ip, #49443	@ 0xc123
    11a8:	e34cc456 	movt	ip, #50262	@ 0xc456
    11ac:	e5946000 	ldr	r6, [r4]
    11b0:	e59f0f5c 	ldr	r0, [pc, #3932]	@ 0x2114
    11b4:	e1a01004 	mov	r1, r4
    11b8:	e59d2000 	ldr	r2, [sp]
    11bc:	e59fcf54 	ldr	ip, [pc, #3924]	@ 0x2118
    11c0:	e12fff3c 	blx	ip
    11c4:	e3500000 	cmp	r0, #0
    11c8:	1a00001d 	bne	0x1244
    11cc:	e59f0f48 	ldr	r0, [pc, #3912]	@ 0x211c
    11d0:	e1a01004 	mov	r1, r4
    11d4:	e59d2000 	ldr	r2, [sp]
    11d8:	e59fcf40 	ldr	ip, [pc, #3904]	@ 0x2120
    11dc:	e12fff3c 	blx	ip
    11e0:	e3500000 	cmp	r0, #0
    11e4:	1a000016 	bne	0x1244
    11e8:	e59f0f34 	ldr	r0, [pc, #3892]	@ 0x2124
    11ec:	e1a01004 	mov	r1, r4
    11f0:	e59d2000 	ldr	r2, [sp]
    11f4:	e59fcf2c 	ldr	ip, [pc, #3884]	@ 0x2128
    11f8:	e12fff3c 	blx	ip
    11fc:	e3500000 	cmp	r0, #0
    1200:	1a00000f 	bne	0x1244
    1204:	e5846000 	str	r6, [r4]
    1208:	e59f0f1c 	ldr	r0, [pc, #3868]	@ 0x212c
    120c:	e1a01004 	mov	r1, r4
    1210:	e59d2000 	ldr	r2, [sp]
    1214:	e59fcf14 	ldr	ip, [pc, #3860]	@ 0x2130
    1218:	e12fff3c 	blx	ip
    121c:	e3500000 	cmp	r0, #0
    1220:	1a000007 	bne	0x1244
    1224:	e3a00015 	mov	r0, #21
    1228:	ea000003 	b	0x123c
    122c:	e30ccabc 	movw	ip, #51900	@ 0xcabc
    1230:	e34ccdef 	movt	ip, #52719	@ 0xcdef
    1234:	e28dd008 	add	sp, sp, #8
    1238:	e8bd8040 	pop	{r6, pc}
    123c:	e59d1000 	ldr	r1, [sp]
    1240:	e5810010 	str	r0, [r1, #16]
    1244:	e59d0000 	ldr	r0, [sp]
    1248:	e59d100c 	ldr	r1, [sp, #12]
    124c:	e59fcee0 	ldr	ip, [pc, #3808]	@ 0x2134
    1250:	e12fff3c 	blx	ip
    1254:	e59d6008 	ldr	r6, [sp, #8]
    1258:	e28dd010 	add	sp, sp, #16
    125c:	e12fff10 	bx	r0
    1260:	e52de004 	push	{lr}		@ (str lr, [sp, #-4]!)
    1264:	e24dd004 	sub	sp, sp, #4
    1268:	e58d0000 	str	r0, [sp]
    126c:	e30cc123 	movw	ip, #49443	@ 0xc123
    1270:	e34cc456 	movt	ip, #50262	@ 0xc456
    1274:	e5940000 	ldr	r0, [r4]
    1278:	e5840000 	str	r0, [r4]
    127c:	e3a009fe 	mov	r0, #4161536	@ 0x3f8000
    1280:	e3800e55 	orr	r0, r0, #1360	@ 0x550
    1284:	e1a01004 	mov	r1, r4
    1288:	e59d2000 	ldr	r2, [sp]
    128c:	e59fcea4 	ldr	ip, [pc, #3748]	@ 0x2138
    1290:	e12fff3c 	blx	ip
    1294:	e3500000 	cmp	r0, #0
    1298:	1a000007 	bne	0x12bc
    129c:	e3a00015 	mov	r0, #21
    12a0:	ea000003 	b	0x12b4
    12a4:	e30ccabc 	movw	ip, #51900	@ 0xcabc
    12a8:	e34ccdef 	movt	ip, #52719	@ 0xcdef
    12ac:	e28dd004 	add	sp, sp, #4
    12b0:	e49df004 	pop	{pc}		@ (ldr pc, [sp], #4)
    12b4:	e59d1000 	ldr	r1, [sp]
    12b8:	e5810010 	str	r0, [r1, #16]
    12bc:	e59d0000 	ldr	r0, [sp]
    12c0:	e59d1004 	ldr	r1, [sp, #4]
    12c4:	e59fce70 	ldr	ip, [pc, #3696]	@ 0x213c
    12c8:	e12fff3c 	blx	ip
    12cc:	e28dd008 	add	sp, sp, #8
    12d0:	e12fff10 	bx	r0
    12d4:	e92d40c0 	push	{r6, r7, lr}
    12d8:	e24dd004 	sub	sp, sp, #4
    12dc:	e58d0000 	str	r0, [sp]
    12e0:	e30cc123 	movw	ip, #49443	@ 0xc123
    12e4:	e34cc456 	movt	ip, #50262	@ 0xc456
    12e8:	e5940000 	ldr	r0, [r4]
    12ec:	e5941004 	ldr	r1, [r4, #4]
    12f0:	e595e03c 	ldr	lr, [r5, #60]	@ 0x3c
    12f4:	e59e2008 	ldr	r2, [lr, #8]
    12f8:	e2422010 	sub	r2, r2, #16
    12fc:	e1a06002 	mov	r6, r2
    1300:	e595303c 	ldr	r3, [r5, #60]	@ 0x3c
    1304:	e5832008 	str	r2, [r3, #8]
    1308:	e1a03006 	mov	r3, r6
    130c:	e5952030 	ldr	r2, [r5, #48]	@ 0x30
    1310:	e59fede0 	ldr	lr, [pc, #3552]	@ 0x20f8
    1314:	e7f3e0fc 	udf	#15884	@ 0x3e0c
    1318:	2a000016 	bcs	0x1378
    131c:	e7d123f4 			@ <UNDEFINED> instruction: 0xe7d123f4
    1320:	e3a0eb42 	mov	lr, #67584	@ 0x10800
    1324:	e38eefc2 	orr	lr, lr, #776	@ 0x308
    1328:	e584e010 	str	lr, [r4, #16]
    132c:	e5840000 	str	r0, [r4]
    1330:	e5841004 	str	r1, [r4, #4]
    1334:	e59f0e04 	ldr	r0, [pc, #3588]	@ 0x2140
    1338:	e1a01004 	mov	r1, r4
    133c:	e59d2000 	ldr	r2, [sp]
    1340:	e59fcdfc 	ldr	ip, [pc, #3580]	@ 0x2144
    1344:	e12fff3c 	blx	ip
    1348:	e3500000 	cmp	r0, #0
    134c:	1a00000c 	bne	0x1384
    1350:	e5940014 	ldr	r0, [r4, #20]
    1354:	e2866010 	add	r6, r6, #16
    1358:	e595103c 	ldr	r1, [r5, #60]	@ 0x3c
    135c:	e5816008 	str	r6, [r1, #8]
    1360:	e5840004 	str	r0, [r4, #4]
    1364:	e59f0ddc 	ldr	r0, [pc, #3548]	@ 0x2148
    1368:	e30ccabc 	movw	ip, #51900	@ 0xcabc
    136c:	e34ccdef 	movt	ip, #52719	@ 0xcdef
    1370:	e28dd004 	add	sp, sp, #4
    1374:	e8bd80c0 	pop	{r6, r7, pc}
    1378:	e3a00008 	mov	r0, #8
    137c:	e59d1000 	ldr	r1, [sp]
    1380:	e5810010 	str	r0, [r1, #16]
    1384:	e59d0000 	ldr	r0, [sp]
    1388:	e59d100c 	ldr	r1, [sp, #12]
    138c:	e59fcdb8 	ldr	ip, [pc, #3512]	@ 0x214c
    1390:	e12fff3c 	blx	ip
    1394:	e28dd004 	add	sp, sp, #4
    1398:	e8bd00c0 	pop	{r6, r7}
    139c:	e28dd004 	add	sp, sp, #4
    13a0:	e12fff10 	bx	r0
    13a4:	e92d4fc0 	push	{r6, r7, r8, r9, sl, fp, lr}
    13a8:	e24dd004 	sub	sp, sp, #4
    13ac:	e58d0000 	str	r0, [sp]
    13b0:	e30cc123 	movw	ip, #49443	@ 0xc123
    13b4:	e34cc456 	movt	ip, #50262	@ 0xc456
    13b8:	e5946000 	ldr	r6, [r4]
    13bc:	e5940004 	ldr	r0, [r4, #4]
    13c0:	e595e03c 	ldr	lr, [r5, #60]	@ 0x3c
    13c4:	e59e1008 	ldr	r1, [lr, #8]
    13c8:	e2411020 	sub	r1, r1, #32
    13cc:	e584100c 	str	r1, [r4, #12]
    13d0:	e595203c 	ldr	r2, [r5, #60]	@ 0x3c
    13d4:	e5821008 	str	r1, [r2, #8]
    13d8:	e1a03006 	mov	r3, r6
    13dc:	e5952030 	ldr	r2, [r5, #48]	@ 0x30
    13e0:	e59fed10 	ldr	lr, [pc, #3344]	@ 0x20f8
    13e4:	e7f3e1fc 	udf	#15900	@ 0x3e1c
    13e8:	2a000104 	bcs	0x1800
    13ec:	e7e123f4 			@ <UNDEFINED> instruction: 0xe7e123f4
    13f0:	e1a02001 	mov	r2, r1
    13f4:	e594900c 	ldr	r9, [r4, #12]
    13f8:	e5953030 	ldr	r3, [r5, #48]	@ 0x30
    13fc:	e59fecf4 	ldr	lr, [pc, #3316]	@ 0x20f8
    1400:	e7f9e1f0 	udf	#40464	@ 0x9e10
    1404:	2a0000fd 	bcs	0x1800
    1408:	e7d139f4 			@ <UNDEFINED> instruction: 0xe7d139f4
    140c:	e1a09006 	mov	r9, r6
    1410:	e5953030 	ldr	r3, [r5, #48]	@ 0x30
    1414:	e59fecdc 	ldr	lr, [pc, #3292]	@ 0x20f8
    1418:	e7f9e1f4 	udf	#40468	@ 0x9e14
    141c:	2a0000f7 	bcs	0x1800
    1420:	e7e139f4 			@ <UNDEFINED> instruction: 0xe7e139f4
    1424:	e594900c 	ldr	r9, [r4, #12]
    1428:	e5953030 	ldr	r3, [r5, #48]	@ 0x30
    142c:	e594a008 	ldr	sl, [r4, #8]
    1430:	e59fecc0 	ldr	lr, [pc, #3264]	@ 0x20f8
    1434:	e7f9e1fc 	udf	#40476	@ 0x9e1c
    1438:	2a0000f0 	bcs	0x1800
    143c:	e7da39f4 			@ <UNDEFINED> instruction: 0xe7da39f4
    1440:	e594900c 	ldr	r9, [r4, #12]
    1444:	e5953030 	ldr	r3, [r5, #48]	@ 0x30
    1448:	e59feca8 	ldr	lr, [pc, #3240]	@ 0x20f8
    144c:	e7f9e1f8 	udf	#40472	@ 0x9e18
    1450:	2a0000ea 	bcs	0x1800
    1454:	e7d039f4 			@ <UNDEFINED> instruction: 0xe7d039f4
    1458:	e0411002 	sub	r1, r1, r2
    145c:	e1a00001 	mov	r0, r1
    1460:	e594300c 	ldr	r3, [r4, #12]
    1464:	e5952030 	ldr	r2, [r5, #48]	@ 0x30
    1468:	e59fec88 	ldr	lr, [pc, #3208]	@ 0x20f8
    146c:	e7f3e1f4 	udf	#15892	@ 0x3e14
    1470:	2a0000e2 	bcs	0x1800
    1474:	e7d123f4 			@ <UNDEFINED> instruction: 0xe7d123f4
    1478:	e594c008 	ldr	ip, [r4, #8]
    147c:	e080900c 	add	r9, r0, ip
    1480:	e594c00c 	ldr	ip, [r4, #12]
    1484:	e28ca010 	add	sl, ip, #16
    1488:	e3a0e002 	mov	lr, #2
    148c:	e584e01c 	str	lr, [r4, #28]
    1490:	e1a02006 	mov	r2, r6
    1494:	e5951030 	ldr	r1, [r5, #48]	@ 0x30
    1498:	e59fec58 	ldr	lr, [pc, #3160]	@ 0x20f8
    149c:	e7f2e3fc 	udf	#11836	@ 0x2e3c
    14a0:	2a0000d6 	bcs	0x1800
    14a4:	e7e012f4 			@ <UNDEFINED> instruction: 0xe7e012f4
    14a8:	e594c00c 	ldr	ip, [r4, #12]
    14ac:	e28c1010 	add	r1, ip, #16
    14b0:	e594c00c 	ldr	ip, [r4, #12]
    14b4:	e28c200c 	add	r2, ip, #12
    14b8:	e5840040 	str	r0, [r4, #64]	@ 0x40
    14bc:	e5841044 	str	r1, [r4, #68]	@ 0x44
    14c0:	e3a0e002 	mov	lr, #2
    14c4:	e584e02c 	str	lr, [r4, #44]	@ 0x2c
    14c8:	e584204c 	str	r2, [r4, #76]	@ 0x4c
    14cc:	e59f0c7c 	ldr	r0, [pc, #3196]	@ 0x2150
    14d0:	e1a01004 	mov	r1, r4
    14d4:	e59d2000 	ldr	r2, [sp]
    14d8:	e59fcc74 	ldr	ip, [pc, #3188]	@ 0x2154
    14dc:	e12fff3c 	blx	ip
    14e0:	e3500000 	cmp	r0, #0
    14e4:	1a0000c8 	bne	0x180c
    14e8:	e5940040 	ldr	r0, [r4, #64]	@ 0x40
    14ec:	e5840040 	str	r0, [r4, #64]	@ 0x40
    14f0:	e59f0c60 	ldr	r0, [pc, #3168]	@ 0x2158
    14f4:	e1a01004 	mov	r1, r4
    14f8:	e59d2000 	ldr	r2, [sp]
    14fc:	e59fcc58 	ldr	ip, [pc, #3160]	@ 0x215c
    1500:	e12fff3c 	blx	ip
    1504:	e3500000 	cmp	r0, #0
    1508:	1a0000bf 	bne	0x180c
    150c:	e5940040 	ldr	r0, [r4, #64]	@ 0x40
    1510:	e3500000 	cmp	r0, #0
    1514:	0a000001 	beq	0x1520
    1518:	e584a014 	str	sl, [r4, #20]
    151c:	ea000060 	b	0x16a4
    1520:	e594200c 	ldr	r2, [r4, #12]
    1524:	e5951030 	ldr	r1, [r5, #48]	@ 0x30
    1528:	e59febc8 	ldr	lr, [pc, #3016]	@ 0x20f8
    152c:	e7f2e0fc 	udf	#11788	@ 0x2e0c
    1530:	2a0000b2 	bcs	0x1800
    1534:	e7e012f4 			@ <UNDEFINED> instruction: 0xe7e012f4
    1538:	e1a01000 	mov	r1, r0
    153c:	e1590000 	cmp	r9, r0
    1540:	0a000059 	beq	0x16ac
    1544:	e3710001 	cmn	r1, #1
    1548:	ca000001 	bgt	0x1554
    154c:	e584a014 	str	sl, [r4, #20]
    1550:	ea000077 	b	0x1734
    1554:	e1a0300a 	mov	r3, sl
    1558:	e5952030 	ldr	r2, [r5, #48]	@ 0x30
    155c:	e59feb94 	ldr	lr, [pc, #2964]	@ 0x20f8
    1560:	e7f3e0f4 	udf	#15876	@ 0x3e04
    1564:	2a0000a5 	bcs	0x1800
    1568:	e7e023f4 			@ <UNDEFINED> instruction: 0xe7e023f4
    156c:	e1a02000 	mov	r2, r0
    1570:	e1510000 	cmp	r1, r0
    1574:	e3a00000 	mov	r0, #0
    1578:	83a00001 	movhi	r0, #1
    157c:	e1a03000 	mov	r3, r0
    1580:	e3500000 	cmp	r0, #0
    1584:	e3a07008 	mov	r7, #8
    1588:	03a07000 	moveq	r7, #0
    158c:	e08a7007 	add	r7, sl, r7
    1590:	e5847014 	str	r7, [r4, #20]
    1594:	e594b014 	ldr	fp, [r4, #20]
    1598:	e5958030 	ldr	r8, [r5, #48]	@ 0x30
    159c:	e59fcb54 	ldr	ip, [pc, #2900]	@ 0x20f8
    15a0:	e15b000c 	cmp	fp, ip
    15a4:	8a000095 	bhi	0x1800
    15a8:	e7e08bf4 			@ <UNDEFINED> instruction: 0xe7e08bf4
    15ac:	e3530000 	cmp	r3, #0
    15b0:	03a02000 	moveq	r2, #0
    15b4:	e0412002 	sub	r2, r1, r2
    15b8:	e1a08002 	mov	r8, r2
    15bc:	e0800002 	add	r0, r0, r2
    15c0:	e5952030 	ldr	r2, [r5, #48]	@ 0x30
    15c4:	e59fcb2c 	ldr	ip, [pc, #2860]	@ 0x20f8
    15c8:	e157000c 	cmp	r7, ip
    15cc:	8a00008b 	bhi	0x1800
    15d0:	e7d027f4 			@ <UNDEFINED> instruction: 0xe7d027f4
    15d4:	e3530000 	cmp	r3, #0
    15d8:	e3a0000c 	mov	r0, #12
    15dc:	03a00004 	moveq	r0, #4
    15e0:	e08a0000 	add	r0, sl, r0
    15e4:	e1a02000 	mov	r2, r0
    15e8:	e1a0b002 	mov	fp, r2
    15ec:	e5957030 	ldr	r7, [r5, #48]	@ 0x30
    15f0:	e59fcb00 	ldr	ip, [pc, #2816]	@ 0x20f8
    15f4:	e15b000c 	cmp	fp, ip
    15f8:	8a000080 	bhi	0x1800
    15fc:	e7e27bf4 			@ <UNDEFINED> instruction: 0xe7e27bf4
    1600:	e0422008 	sub	r2, r2, r8
    1604:	e5957030 	ldr	r7, [r5, #48]	@ 0x30
    1608:	e59fcae8 	ldr	ip, [pc, #2792]	@ 0x20f8
    160c:	e150000c 	cmp	r0, ip
    1610:	8a00007a 	bhi	0x1800
    1614:	e7d270f4 			@ <UNDEFINED> instruction: 0xe7d270f4
    1618:	e0499001 	sub	r9, r9, r1
    161c:	e594a014 	ldr	sl, [r4, #20]
    1620:	e1a02006 	mov	r2, r6
    1624:	e5951030 	ldr	r1, [r5, #48]	@ 0x30
    1628:	e59feac8 	ldr	lr, [pc, #2760]	@ 0x20f8
    162c:	e7f2e3fc 	udf	#11836	@ 0x2e3c
    1630:	2a000072 	bcs	0x1800
    1634:	e7e012f4 			@ <UNDEFINED> instruction: 0xe7e012f4
    1638:	e594c01c 	ldr	ip, [r4, #28]
    163c:	e04c3003 	sub	r3, ip, r3
    1640:	e584301c 	str	r3, [r4, #28]
    1644:	e594c00c 	ldr	ip, [r4, #12]
    1648:	e28c100c 	add	r1, ip, #12
    164c:	e5840040 	str	r0, [r4, #64]	@ 0x40
    1650:	e5843048 	str	r3, [r4, #72]	@ 0x48
    1654:	e584104c 	str	r1, [r4, #76]	@ 0x4c
    1658:	e59f0b00 	ldr	r0, [pc, #2816]	@ 0x2160
    165c:	e1a01004 	mov	r1, r4
    1660:	e59d2000 	ldr	r2, [sp]
    1664:	e59fcaf8 	ldr	ip, [pc, #2808]	@ 0x2164
    1668:	e12fff3c 	blx	ip
    166c:	e3500000 	cmp	r0, #0
    1670:	1a000065 	bne	0x180c
    1674:	e5940040 	ldr	r0, [r4, #64]	@ 0x40
    1678:	e5840040 	str	r0, [r4, #64]	@ 0x40
    167c:	e59f0ae4 	ldr	r0, [pc, #2788]	@ 0x2168
    1680:	e1a01004 	mov	r1, r4
    1684:	e59d2000 	ldr	r2, [sp]
    1688:	e59fcadc 	ldr	ip, [pc, #2780]	@ 0x216c
    168c:	e12fff3c 	blx	ip
    1690:	e3500000 	cmp	r0, #0
    1694:	1a00005c 	bne	0x180c
    1698:	e5940040 	ldr	r0, [r4, #64]	@ 0x40
    169c:	e3500000 	cmp	r0, #0
    16a0:	0affff9e 	beq	0x1520
    16a4:	e3790001 	cmn	r9, #1
    16a8:	1a000021 	bne	0x1734
    16ac:	e1a02006 	mov	r2, r6
    16b0:	e5951030 	ldr	r1, [r5, #48]	@ 0x30
    16b4:	e59fea3c 	ldr	lr, [pc, #2620]	@ 0x20f8
    16b8:	e7f2e2fc 	udf	#11820	@ 0x2e2c
    16bc:	2a00004f 	bcs	0x1800
    16c0:	e7e012f4 			@ <UNDEFINED> instruction: 0xe7e012f4
    16c4:	e1a01000 	mov	r1, r0
    16c8:	e1a03006 	mov	r3, r6
    16cc:	e5952030 	ldr	r2, [r5, #48]	@ 0x30
    16d0:	e59fea20 	ldr	lr, [pc, #2592]	@ 0x20f8
    16d4:	e7f3e1fc 	udf	#15900	@ 0x3e1c
    16d8:	2a000048 	bcs	0x1800
    16dc:	e7d023f4 			@ <UNDEFINED> instruction: 0xe7d023f4
    16e0:	e1a02006 	mov	r2, r6
    16e4:	e5950030 	ldr	r0, [r5, #48]	@ 0x30
    16e8:	e59fea08 	ldr	lr, [pc, #2568]	@ 0x20f8
    16ec:	e7f2e1f4 	udf	#11796	@ 0x2e14
    16f0:	2a000042 	bcs	0x1800
    16f4:	e7d102f4 			@ <UNDEFINED> instruction: 0xe7d102f4
    16f8:	e1a03006 	mov	r3, r6
    16fc:	e5952030 	ldr	r2, [r5, #48]	@ 0x30
    1700:	e59fe9f0 	ldr	lr, [pc, #2544]	@ 0x20f8
    1704:	e7f3e3f0 	udf	#15920	@ 0x3e30
    1708:	2a00003c 	bcs	0x1800
    170c:	e7e023f4 			@ <UNDEFINED> instruction: 0xe7e023f4
    1710:	e0811000 	add	r1, r1, r0
    1714:	e1a02006 	mov	r2, r6
    1718:	e5950030 	ldr	r0, [r5, #48]	@ 0x30
    171c:	e59fe9d4 	ldr	lr, [pc, #2516]	@ 0x20f8
    1720:	e7f2e1f0 	udf	#11792	@ 0x2e10
    1724:	2a000035 	bcs	0x1800
    1728:	e7d102f4 			@ <UNDEFINED> instruction: 0xe7d102f4
    172c:	e5940008 	ldr	r0, [r4, #8]
    1730:	ea000028 	b	0x17d8
    1734:	e3a00000 	mov	r0, #0
    1738:	e1a02006 	mov	r2, r6
    173c:	e5951030 	ldr	r1, [r5, #48]	@ 0x30
    1740:	e59fe9b0 	ldr	lr, [pc, #2480]	@ 0x20f8
    1744:	e7f2e1fc 	udf	#11804	@ 0x2e1c
    1748:	2a00002c 	bcs	0x1800
    174c:	e3a03000 	mov	r3, #0
    1750:	e7d312f4 			@ <UNDEFINED> instruction: 0xe7d312f4
    1754:	e1a02006 	mov	r2, r6
    1758:	e5951030 	ldr	r1, [r5, #48]	@ 0x30
    175c:	e59fea0c 	ldr	lr, [pc, #2572]	@ 0x2170
    1760:	e7f2e1f0 	udf	#11792	@ 0x2e10
    1764:	2a000025 	bcs	0x1800
    1768:	e0811002 	add	r1, r1, r2
    176c:	e3a02000 	mov	r2, #0
    1770:	e3a03000 	mov	r3, #0
    1774:	e5813000 	str	r3, [r1]
    1778:	e5812004 	str	r2, [r1, #4]
    177c:	e1a03006 	mov	r3, r6
    1780:	e5952030 	ldr	r2, [r5, #48]	@ 0x30
    1784:	e59fc96c 	ldr	ip, [pc, #2412]	@ 0x20f8
    1788:	e153000c 	cmp	r3, ip
    178c:	8a00001b 	bhi	0x1800
    1790:	e7e123f4 			@ <UNDEFINED> instruction: 0xe7e123f4
    1794:	e3811020 	orr	r1, r1, #32
    1798:	e5952030 	ldr	r2, [r5, #48]	@ 0x30
    179c:	e59fc954 	ldr	ip, [pc, #2388]	@ 0x20f8
    17a0:	e156000c 	cmp	r6, ip
    17a4:	8a000015 	bhi	0x1800
    17a8:	e7d126f4 			@ <UNDEFINED> instruction: 0xe7d126f4
    17ac:	e594c01c 	ldr	ip, [r4, #28]
    17b0:	e35c0002 	cmp	ip, #2
    17b4:	0a000007 	beq	0x17d8
    17b8:	e5943014 	ldr	r3, [r4, #20]
    17bc:	e5952030 	ldr	r2, [r5, #48]	@ 0x30
    17c0:	e59fe930 	ldr	lr, [pc, #2352]	@ 0x20f8
    17c4:	e7f3e0f4 	udf	#15876	@ 0x3e04
    17c8:	2a00000c 	bcs	0x1800
    17cc:	e7e123f4 			@ <UNDEFINED> instruction: 0xe7e123f4
    17d0:	e594c008 	ldr	ip, [r4, #8]
    17d4:	e04c0001 	sub	r0, ip, r1
    17d8:	e594c00c 	ldr	ip, [r4, #12]
    17dc:	e28c1020 	add	r1, ip, #32
    17e0:	e595203c 	ldr	r2, [r5, #60]	@ 0x3c
    17e4:	e5821008 	str	r1, [r2, #8]
    17e8:	e5840004 	str	r0, [r4, #4]
    17ec:	e59f0980 	ldr	r0, [pc, #2432]	@ 0x2174
    17f0:	e30ccabc 	movw	ip, #51900	@ 0xcabc
    17f4:	e34ccdef 	movt	ip, #52719	@ 0xcdef
    17f8:	e28dd004 	add	sp, sp, #4
    17fc:	e8bd8fc0 	pop	{r6, r7, r8, r9, sl, fp, pc}
    1800:	e3a00008 	mov	r0, #8
    1804:	e59d1000 	ldr	r1, [sp]
    1808:	e5810010 	str	r0, [r1, #16]
    180c:	e59d0000 	ldr	r0, [sp]
    1810:	e59d101c 	ldr	r1, [sp, #28]
    1814:	e59fc95c 	ldr	ip, [pc, #2396]	@ 0x2178
    1818:	e12fff3c 	blx	ip
    181c:	e28dd004 	add	sp, sp, #4
    1820:	e8bd0fc0 	pop	{r6, r7, r8, r9, sl, fp}
    1824:	e28dd004 	add	sp, sp, #4
    1828:	e12fff10 	bx	r0
    182c:	e52de004 	push	{lr}		@ (str lr, [sp, #-4]!)
    1830:	e24dd004 	sub	sp, sp, #4
    1834:	e58d0000 	str	r0, [sp]
    1838:	e30cc123 	movw	ip, #49443	@ 0xc123
    183c:	e34cc456 	movt	ip, #50262	@ 0xc456
    1840:	e3a0e000 	mov	lr, #0
    1844:	e584e004 	str	lr, [r4, #4]
    1848:	e59f092c 	ldr	r0, [pc, #2348]	@ 0x217c
    184c:	e30ccabc 	movw	ip, #51900	@ 0xcabc
    1850:	e34ccdef 	movt	ip, #52719	@ 0xcdef
    1854:	e28dd004 	add	sp, sp, #4
    1858:	e49df004 	pop	{pc}		@ (ldr pc, [sp], #4)
    185c:	e52de004 	push	{lr}		@ (str lr, [sp, #-4]!)
    1860:	e24dd004 	sub	sp, sp, #4
    1864:	e58d0000 	str	r0, [sp]
    1868:	e30cc123 	movw	ip, #49443	@ 0xc123
    186c:	e34cc456 	movt	ip, #50262	@ 0xc456
    1870:	e3a0e000 	mov	lr, #0
    1874:	e584e010 	str	lr, [r4, #16]
    1878:	e3a0e000 	mov	lr, #0
    187c:	e584e014 	str	lr, [r4, #20]
    1880:	e59f08f8 	ldr	r0, [pc, #2296]	@ 0x2180
    1884:	e30ccabc 	movw	ip, #51900	@ 0xcabc
    1888:	e34ccdef 	movt	ip, #52719	@ 0xcdef
    188c:	e28dd004 	add	sp, sp, #4
    1890:	e49df004 	pop	{pc}		@ (ldr pc, [sp], #4)
    1894:	e52de004 	push	{lr}		@ (str lr, [sp, #-4]!)
    1898:	e24dd004 	sub	sp, sp, #4
    189c:	e58d0000 	str	r0, [sp]
    18a0:	e30cc123 	movw	ip, #49443	@ 0xc123
    18a4:	e34cc456 	movt	ip, #50262	@ 0xc456
    18a8:	e3a0e001 	mov	lr, #1
    18ac:	e584e004 	str	lr, [r4, #4]
    18b0:	e59f08cc 	ldr	r0, [pc, #2252]	@ 0x2184
    18b4:	e30ccabc 	movw	ip, #51900	@ 0xcabc
    18b8:	e34ccdef 	movt	ip, #52719	@ 0xcdef
    18bc:	e28dd004 	add	sp, sp, #4
    18c0:	e49df004 	pop	{pc}		@ (ldr pc, [sp], #4)
    18c4:	e52de004 	push	{lr}		@ (str lr, [sp, #-4]!)
    18c8:	e24dd004 	sub	sp, sp, #4
    18cc:	e58d0000 	str	r0, [sp]
    18d0:	e30cc123 	movw	ip, #49443	@ 0xc123
    18d4:	e34cc456 	movt	ip, #50262	@ 0xc456
    18d8:	e3a009fe 	mov	r0, #4161536	@ 0x3f8000
    18dc:	e3800eb9 	orr	r0, r0, #2960	@ 0xb90
    18e0:	e30ccabc 	movw	ip, #51900	@ 0xcabc
    18e4:	e34ccdef 	movt	ip, #52719	@ 0xcdef
    18e8:	e28dd004 	add	sp, sp, #4
    18ec:	e49df004 	pop	{pc}		@ (ldr pc, [sp], #4)
    18f0:	e52de004 	push	{lr}		@ (str lr, [sp, #-4]!)
    18f4:	e24dd004 	sub	sp, sp, #4
    18f8:	e58d0000 	str	r0, [sp]
    18fc:	e30cc123 	movw	ip, #49443	@ 0xc123
    1900:	e34cc456 	movt	ip, #50262	@ 0xc456
    1904:	e3a0eb46 	mov	lr, #71680	@ 0x11800
    1908:	e38ee048 	orr	lr, lr, #72	@ 0x48
    190c:	e584e000 	str	lr, [r4]
    1910:	e59f0870 	ldr	r0, [pc, #2160]	@ 0x2188
    1914:	e30ccabc 	movw	ip, #51900	@ 0xcabc
    1918:	e34ccdef 	movt	ip, #52719	@ 0xcdef
    191c:	e28dd004 	add	sp, sp, #4
    1920:	e49df004 	pop	{pc}		@ (ldr pc, [sp], #4)
    1924:	e92d4040 	push	{r6, lr}
    1928:	e24dd010 	sub	sp, sp, #16
    192c:	e58d0000 	str	r0, [sp]
    1930:	e30cc123 	movw	ip, #49443	@ 0xc123
    1934:	e34cc456 	movt	ip, #50262	@ 0xc456
    1938:	e5946000 	ldr	r6, [r4]
    193c:	e5940004 	ldr	r0, [r4, #4]
    1940:	e5941008 	ldr	r1, [r4, #8]
    1944:	e3510000 	cmp	r1, #0
    1948:	0a00000b 	beq	0x197c
    194c:	e1a02001 	mov	r2, r1
    1950:	e1a01000 	mov	r1, r0
    1954:	e1a00006 	mov	r0, r6
    1958:	e28d3004 	add	r3, sp, #4
    195c:	e595e028 	ldr	lr, [r5, #40]	@ 0x28
    1960:	e58de004 	str	lr, [sp, #4]
    1964:	e595e028 	ldr	lr, [r5, #40]	@ 0x28
    1968:	e58de008 	str	lr, [sp, #8]
    196c:	e59fc818 	ldr	ip, [pc, #2072]	@ 0x218c
    1970:	e12fff3c 	blx	ip
    1974:	e3500000 	cmp	r0, #0
    1978:	1a000005 	bne	0x1994
    197c:	e5846000 	str	r6, [r4]
    1980:	e59f0808 	ldr	r0, [pc, #2056]	@ 0x2190
    1984:	e30ccabc 	movw	ip, #51900	@ 0xcabc
    1988:	e34ccdef 	movt	ip, #52719	@ 0xcdef
    198c:	e28dd010 	add	sp, sp, #16
    1990:	e8bd8040 	pop	{r6, pc}
    1994:	e59d1000 	ldr	r1, [sp]
    1998:	e5810010 	str	r0, [r1, #16]
    199c:	e59d0000 	ldr	r0, [sp]
    19a0:	e59d1014 	ldr	r1, [sp, #20]
    19a4:	e59fc7e8 	ldr	ip, [pc, #2024]	@ 0x2194
    19a8:	e12fff3c 	blx	ip
    19ac:	e59d6010 	ldr	r6, [sp, #16]
    19b0:	e28dd018 	add	sp, sp, #24
    19b4:	e12fff10 	bx	r0
    19b8:	e92d4fc0 	push	{r6, r7, r8, r9, sl, fp, lr}
    19bc:	e24dd004 	sub	sp, sp, #4
    19c0:	e58d0000 	str	r0, [sp]
    19c4:	e30cc123 	movw	ip, #49443	@ 0xc123
    19c8:	e34cc456 	movt	ip, #50262	@ 0xc456
    19cc:	e5940000 	ldr	r0, [r4]
    19d0:	e5941004 	ldr	r1, [r4, #4]
    19d4:	e5942008 	ldr	r2, [r4, #8]
    19d8:	e3520f80 	cmp	r2, #128, 30	@ 0x200
    19dc:	3a00000d 	bcc	0x1a18
    19e0:	e5840000 	str	r0, [r4]
    19e4:	e5841004 	str	r1, [r4, #4]
    19e8:	e5842008 	str	r2, [r4, #8]
    19ec:	e59f07a4 	ldr	r0, [pc, #1956]	@ 0x2198
    19f0:	e1a01004 	mov	r1, r4
    19f4:	e59d2000 	ldr	r2, [sp]
    19f8:	e59fc79c 	ldr	ip, [pc, #1948]	@ 0x219c
    19fc:	e12fff3c 	blx	ip
    1a00:	e3500000 	cmp	r0, #0
    1a04:	1a00016a 	bne	0x1fb4
    1a08:	e5943030 	ldr	r3, [r4, #48]	@ 0x30
    1a0c:	e5843030 	str	r3, [r4, #48]	@ 0x30
    1a10:	e59f0788 	ldr	r0, [pc, #1928]	@ 0x21a0
    1a14:	ea000161 	b	0x1fa0
    1a18:	e0803002 	add	r3, r0, r2
    1a1c:	e0216000 	eor	r6, r1, r0
    1a20:	e3160003 	tst	r6, #3
    1a24:	1a0000fd 	bne	0x1e20
    1a28:	e3100003 	tst	r0, #3
    1a2c:	1a000001 	bne	0x1a38
    1a30:	e1a06000 	mov	r6, r0
    1a34:	ea000019 	b	0x1aa0
    1a38:	e3520000 	cmp	r2, #0
    1a3c:	1a000001 	bne	0x1a48
    1a40:	e1a06000 	mov	r6, r0
    1a44:	ea000015 	b	0x1aa0
    1a48:	e1a06000 	mov	r6, r0
    1a4c:	e1a09001 	mov	r9, r1
    1a50:	e5958030 	ldr	r8, [r5, #48]	@ 0x30
    1a54:	e3e0c4fe 	mvn	ip, #-33554432	@ 0xfe000000
    1a58:	e3ccc8fe 	bic	ip, ip, #16646144	@ 0xfe0000
    1a5c:	e159000c 	cmp	r9, ip
    1a60:	8a000150 	bhi	0x1fa8
    1a64:	e7e789f0 			@ <UNDEFINED> instruction: 0xe7e789f0
    1a68:	e1a09006 	mov	r9, r6
    1a6c:	e5958030 	ldr	r8, [r5, #48]	@ 0x30
    1a70:	e3e0c4fe 	mvn	ip, #-33554432	@ 0xfe000000
    1a74:	e3ccc8fe 	bic	ip, ip, #16646144	@ 0xfe0000
    1a78:	e159000c 	cmp	r9, ip
    1a7c:	8a000149 	bhi	0x1fa8
    1a80:	e7d789f0 			@ <UNDEFINED> instruction: 0xe7d789f0
    1a84:	e2811001 	add	r1, r1, #1
    1a88:	e2867001 	add	r7, r6, #1
    1a8c:	e1a06007 	mov	r6, r7
    1a90:	e3170003 	tst	r7, #3
    1a94:	0a000001 	beq	0x1aa0
    1a98:	e1560003 	cmp	r6, r3
    1a9c:	3affffea 	bcc	0x1a4c
    1aa0:	e3c37003 	bic	r7, r3, #3
    1aa4:	e3530040 	cmp	r3, #64	@ 0x40
    1aa8:	3a0000c8 	bcc	0x1dd0
    1aac:	e2478040 	sub	r8, r7, #64	@ 0x40
    1ab0:	e1a09008 	mov	r9, r8
    1ab4:	e1560008 	cmp	r6, r8
    1ab8:	8a0000c4 	bhi	0x1dd0
    1abc:	e1a0b001 	mov	fp, r1
    1ac0:	e595a030 	ldr	sl, [r5, #48]	@ 0x30
    1ac4:	e59fc62c 	ldr	ip, [pc, #1580]	@ 0x20f8
    1ac8:	e15b000c 	cmp	fp, ip
    1acc:	8a000135 	bhi	0x1fa8
    1ad0:	e7e8abf4 			@ <UNDEFINED> instruction: 0xe7e8abf4
    1ad4:	e1a0b006 	mov	fp, r6
    1ad8:	e595a030 	ldr	sl, [r5, #48]	@ 0x30
    1adc:	e59fc614 	ldr	ip, [pc, #1556]	@ 0x20f8
    1ae0:	e15b000c 	cmp	fp, ip
    1ae4:	8a00012f 	bhi	0x1fa8
    1ae8:	e7d8abf4 			@ <UNDEFINED> instruction: 0xe7d8abf4
    1aec:	e1a0b001 	mov	fp, r1
    1af0:	e595a030 	ldr	sl, [r5, #48]	@ 0x30
    1af4:	e59fe5fc 	ldr	lr, [pc, #1532]	@ 0x20f8
    1af8:	e7fbe0f4 	udf	#48644	@ 0xbe04
    1afc:	2a000129 	bcs	0x1fa8
    1b00:	e7e8abf4 			@ <UNDEFINED> instruction: 0xe7e8abf4
    1b04:	e1a0b006 	mov	fp, r6
    1b08:	e595a030 	ldr	sl, [r5, #48]	@ 0x30
    1b0c:	e59fe5e4 	ldr	lr, [pc, #1508]	@ 0x20f8
    1b10:	e7fbe0f4 	udf	#48644	@ 0xbe04
    1b14:	2a000123 	bcs	0x1fa8
    1b18:	e7d8abf4 			@ <UNDEFINED> instruction: 0xe7d8abf4
    1b1c:	e1a0b001 	mov	fp, r1
    1b20:	e595a030 	ldr	sl, [r5, #48]	@ 0x30
    1b24:	e59fe5cc 	ldr	lr, [pc, #1484]	@ 0x20f8
    1b28:	e7fbe0f8 	udf	#48648	@ 0xbe08
    1b2c:	2a00011d 	bcs	0x1fa8
    1b30:	e7e8abf4 			@ <UNDEFINED> instruction: 0xe7e8abf4
    1b34:	e1a0b006 	mov	fp, r6
    1b38:	e595a030 	ldr	sl, [r5, #48]	@ 0x30
    1b3c:	e59fe5b4 	ldr	lr, [pc, #1460]	@ 0x20f8
    1b40:	e7fbe0f8 	udf	#48648	@ 0xbe08
    1b44:	2a000117 	bcs	0x1fa8
    1b48:	e7d8abf4 			@ <UNDEFINED> instruction: 0xe7d8abf4
    1b4c:	e1a0b001 	mov	fp, r1
    1b50:	e595a030 	ldr	sl, [r5, #48]	@ 0x30
    1b54:	e59fe59c 	ldr	lr, [pc, #1436]	@ 0x20f8
    1b58:	e7fbe0fc 	udf	#48652	@ 0xbe0c
    1b5c:	2a000111 	bcs	0x1fa8
    1b60:	e7e8abf4 			@ <UNDEFINED> instruction: 0xe7e8abf4
    1b64:	e1a0b006 	mov	fp, r6
    1b68:	e595a030 	ldr	sl, [r5, #48]	@ 0x30
    1b6c:	e59fe584 	ldr	lr, [pc, #1412]	@ 0x20f8
    1b70:	e7fbe0fc 	udf	#48652	@ 0xbe0c
    1b74:	2a00010b 	bcs	0x1fa8
    1b78:	e7d8abf4 			@ <UNDEFINED> instruction: 0xe7d8abf4
    1b7c:	e1a0b001 	mov	fp, r1
    1b80:	e595a030 	ldr	sl, [r5, #48]	@ 0x30
    1b84:	e59fe56c 	ldr	lr, [pc, #1388]	@ 0x20f8
    1b88:	e7fbe1f0 	udf	#48656	@ 0xbe10
    1b8c:	2a000105 	bcs	0x1fa8
    1b90:	e7e8abf4 			@ <UNDEFINED> instruction: 0xe7e8abf4
    1b94:	e1a0b006 	mov	fp, r6
    1b98:	e595a030 	ldr	sl, [r5, #48]	@ 0x30
    1b9c:	e59fe554 	ldr	lr, [pc, #1364]	@ 0x20f8
    1ba0:	e7fbe1f0 	udf	#48656	@ 0xbe10
    1ba4:	2a0000ff 	bcs	0x1fa8
    1ba8:	e7d8abf4 			@ <UNDEFINED> instruction: 0xe7d8abf4
    1bac:	e1a0b001 	mov	fp, r1
    1bb0:	e595a030 	ldr	sl, [r5, #48]	@ 0x30
    1bb4:	e59fe53c 	ldr	lr, [pc, #1340]	@ 0x20f8
    1bb8:	e7fbe1f4 	udf	#48660	@ 0xbe14
    1bbc:	2a0000f9 	bcs	0x1fa8
    1bc0:	e7e8abf4 			@ <UNDEFINED> instruction: 0xe7e8abf4
    1bc4:	e1a0b006 	mov	fp, r6
    1bc8:	e595a030 	ldr	sl, [r5, #48]	@ 0x30
    1bcc:	e59fe524 	ldr	lr, [pc, #1316]	@ 0x20f8
    1bd0:	e7fbe1f4 	udf	#48660	@ 0xbe14
    1bd4:	2a0000f3 	bcs	0x1fa8
    1bd8:	e7d8abf4 			@ <UNDEFINED> instruction: 0xe7d8abf4
    1bdc:	e1a0b001 	mov	fp, r1
    1be0:	e595a030 	ldr	sl, [r5, #48]	@ 0x30
    1be4:	e59fe50c 	ldr	lr, [pc, #1292]	@ 0x20f8
    1be8:	e7fbe1f8 	udf	#48664	@ 0xbe18
    1bec:	2a0000ed 	bcs	0x1fa8
    1bf0:	e7e8abf4 			@ <UNDEFINED> instruction: 0xe7e8abf4
    1bf4:	e1a0b006 	mov	fp, r6
    1bf8:	e595a030 	ldr	sl, [r5, #48]	@ 0x30
    1bfc:	e59fe4f4 	ldr	lr, [pc, #1268]	@ 0x20f8
    1c00:	e7fbe1f8 	udf	#48664	@ 0xbe18
    1c04:	2a0000e7 	bcs	0x1fa8
    1c08:	e7d8abf4 			@ <UNDEFINED> instruction: 0xe7d8abf4
    1c0c:	e1a0b001 	mov	fp, r1
    1c10:	e595a030 	ldr	sl, [r5, #48]	@ 0x30
    1c14:	e59fe4dc 	ldr	lr, [pc, #1244]	@ 0x20f8
    1c18:	e7fbe1fc 	udf	#48668	@ 0xbe1c
    1c1c:	2a0000e1 	bcs	0x1fa8
    1c20:	e7e8abf4 			@ <UNDEFINED> instruction: 0xe7e8abf4
    1c24:	e1a0b006 	mov	fp, r6
    1c28:	e595a030 	ldr	sl, [r5, #48]	@ 0x30
    1c2c:	e59fe4c4 	ldr	lr, [pc, #1220]	@ 0x20f8
    1c30:	e7fbe1fc 	udf	#48668	@ 0xbe1c
    1c34:	2a0000db 	bcs	0x1fa8
    1c38:	e7d8abf4 			@ <UNDEFINED> instruction: 0xe7d8abf4
    1c3c:	e1a0b001 	mov	fp, r1
    1c40:	e595a030 	ldr	sl, [r5, #48]	@ 0x30
    1c44:	e59fe4ac 	ldr	lr, [pc, #1196]	@ 0x20f8
    1c48:	e7fbe2f0 	udf	#48672	@ 0xbe20
    1c4c:	2a0000d5 	bcs	0x1fa8
    1c50:	e7e8abf4 			@ <UNDEFINED> instruction: 0xe7e8abf4
    1c54:	e1a0b006 	mov	fp, r6
    1c58:	e595a030 	ldr	sl, [r5, #48]	@ 0x30
    1c5c:	e59fe494 	ldr	lr, [pc, #1172]	@ 0x20f8
    1c60:	e7fbe2f0 	udf	#48672	@ 0xbe20
    1c64:	2a0000cf 	bcs	0x1fa8
    1c68:	e7d8abf4 			@ <UNDEFINED> instruction: 0xe7d8abf4
    1c6c:	e1a0b001 	mov	fp, r1
    1c70:	e595a030 	ldr	sl, [r5, #48]	@ 0x30
    1c74:	e59fe47c 	ldr	lr, [pc, #1148]	@ 0x20f8
    1c78:	e7fbe2f4 	udf	#48676	@ 0xbe24
    1c7c:	2a0000c9 	bcs	0x1fa8
    1c80:	e7e8abf4 			@ <UNDEFINED> instruction: 0xe7e8abf4
    1c84:	e1a0b006 	mov	fp, r6
    1c88:	e595a030 	ldr	sl, [r5, #48]	@ 0x30
    1c8c:	e59fe464 	ldr	lr, [pc, #1124]	@ 0x20f8
    1c90:	e7fbe2f4 	udf	#48676	@ 0xbe24
    1c94:	2a0000c3 	bcs	0x1fa8
    1c98:	e7d8abf4 			@ <UNDEFINED> instruction: 0xe7d8abf4
    1c9c:	e1a0b001 	mov	fp, r1
    1ca0:	e595a030 	ldr	sl, [r5, #48]	@ 0x30
    1ca4:	e59fe44c 	ldr	lr, [pc, #1100]	@ 0x20f8
    1ca8:	e7fbe2f8 	udf	#48680	@ 0xbe28
    1cac:	2a0000bd 	bcs	0x1fa8
    1cb0:	e7e8abf4 			@ <UNDEFINED> instruction: 0xe7e8abf4
    1cb4:	e1a0b006 	mov	fp, r6
    1cb8:	e595a030 	ldr	sl, [r5, #48]	@ 0x30
    1cbc:	e59fe434 	ldr	lr, [pc, #1076]	@ 0x20f8
    1cc0:	e7fbe2f8 	udf	#48680	@ 0xbe28
    1cc4:	2a0000b7 	bcs	0x1fa8
    1cc8:	e7d8abf4 			@ <UNDEFINED> instruction: 0xe7d8abf4
    1ccc:	e1a0b001 	mov	fp, r1
    1cd0:	e595a030 	ldr	sl, [r5, #48]	@ 0x30
    1cd4:	e59fe41c 	ldr	lr, [pc, #1052]	@ 0x20f8
    1cd8:	e7fbe2fc 	udf	#48684	@ 0xbe2c
    1cdc:	2a0000b1 	bcs	0x1fa8
    1ce0:	e7e8abf4 			@ <UNDEFINED> instruction: 0xe7e8abf4
    1ce4:	e1a0b006 	mov	fp, r6
    1ce8:	e595a030 	ldr	sl, [r5, #48]	@ 0x30
    1cec:	e59fe404 	ldr	lr, [pc, #1028]	@ 0x20f8
    1cf0:	e7fbe2fc 	udf	#48684	@ 0xbe2c
    1cf4:	2a0000ab 	bcs	0x1fa8
    1cf8:	e7d8abf4 			@ <UNDEFINED> instruction: 0xe7d8abf4
    1cfc:	e1a0b001 	mov	fp, r1
    1d00:	e595a030 	ldr	sl, [r5, #48]	@ 0x30
    1d04:	e59fe3ec 	ldr	lr, [pc, #1004]	@ 0x20f8
    1d08:	e7fbe3f0 	udf	#48688	@ 0xbe30
    1d0c:	2a0000a5 	bcs	0x1fa8
    1d10:	e7e8abf4 			@ <UNDEFINED> instruction: 0xe7e8abf4
    1d14:	e1a0b006 	mov	fp, r6
    1d18:	e595a030 	ldr	sl, [r5, #48]	@ 0x30
    1d1c:	e59fe3d4 	ldr	lr, [pc, #980]	@ 0x20f8
    1d20:	e7fbe3f0 	udf	#48688	@ 0xbe30
    1d24:	2a00009f 	bcs	0x1fa8
    1d28:	e7d8abf4 			@ <UNDEFINED> instruction: 0xe7d8abf4
    1d2c:	e1a0b001 	mov	fp, r1
    1d30:	e595a030 	ldr	sl, [r5, #48]	@ 0x30
    1d34:	e59fe3bc 	ldr	lr, [pc, #956]	@ 0x20f8
    1d38:	e7fbe3f4 	udf	#48692	@ 0xbe34
    1d3c:	2a000099 	bcs	0x1fa8
    1d40:	e7e8abf4 			@ <UNDEFINED> instruction: 0xe7e8abf4
    1d44:	e1a0b006 	mov	fp, r6
    1d48:	e595a030 	ldr	sl, [r5, #48]	@ 0x30
    1d4c:	e59fe3a4 	ldr	lr, [pc, #932]	@ 0x20f8
    1d50:	e7fbe3f4 	udf	#48692	@ 0xbe34
    1d54:	2a000093 	bcs	0x1fa8
    1d58:	e7d8abf4 			@ <UNDEFINED> instruction: 0xe7d8abf4
    1d5c:	e1a0b001 	mov	fp, r1
    1d60:	e595a030 	ldr	sl, [r5, #48]	@ 0x30
    1d64:	e59fe38c 	ldr	lr, [pc, #908]	@ 0x20f8
    1d68:	e7fbe3f8 	udf	#48696	@ 0xbe38
    1d6c:	2a00008d 	bcs	0x1fa8
    1d70:	e7e8abf4 			@ <UNDEFINED> instruction: 0xe7e8abf4
    1d74:	e1a0b006 	mov	fp, r6
    1d78:	e595a030 	ldr	sl, [r5, #48]	@ 0x30
    1d7c:	e59fe374 	ldr	lr, [pc, #884]	@ 0x20f8
    1d80:	e7fbe3f8 	udf	#48696	@ 0xbe38
    1d84:	2a000087 	bcs	0x1fa8
    1d88:	e7d8abf4 			@ <UNDEFINED> instruction: 0xe7d8abf4
    1d8c:	e1a0b001 	mov	fp, r1
    1d90:	e595a030 	ldr	sl, [r5, #48]	@ 0x30
    1d94:	e59fe35c 	ldr	lr, [pc, #860]	@ 0x20f8
    1d98:	e7fbe3fc 	udf	#48700	@ 0xbe3c
    1d9c:	2a000081 	bcs	0x1fa8
    1da0:	e7e8abf4 			@ <UNDEFINED> instruction: 0xe7e8abf4
    1da4:	e1a0b006 	mov	fp, r6
    1da8:	e595a030 	ldr	sl, [r5, #48]	@ 0x30
    1dac:	e59fe344 	ldr	lr, [pc, #836]	@ 0x20f8
    1db0:	e7fbe3fc 	udf	#48700	@ 0xbe3c
    1db4:	2a00007b 	bcs	0x1fa8
    1db8:	e7d8abf4 			@ <UNDEFINED> instruction: 0xe7d8abf4
    1dbc:	e2811040 	add	r1, r1, #64	@ 0x40
    1dc0:	e2868040 	add	r8, r6, #64	@ 0x40
    1dc4:	e1a06008 	mov	r6, r8
    1dc8:	e1580009 	cmp	r8, r9
    1dcc:	9affff3a 	bls	0x1abc
    1dd0:	e1560007 	cmp	r6, r7
    1dd4:	2a000058 	bcs	0x1f3c
    1dd8:	e1a0a001 	mov	sl, r1
    1ddc:	e5959030 	ldr	r9, [r5, #48]	@ 0x30
    1de0:	e59fc310 	ldr	ip, [pc, #784]	@ 0x20f8
    1de4:	e15a000c 	cmp	sl, ip
    1de8:	8a00006e 	bhi	0x1fa8
    1dec:	e7e89af4 			@ <UNDEFINED> instruction: 0xe7e89af4
    1df0:	e1a0a006 	mov	sl, r6
    1df4:	e5959030 	ldr	r9, [r5, #48]	@ 0x30
    1df8:	e59fc2f8 	ldr	ip, [pc, #760]	@ 0x20f8
    1dfc:	e15a000c 	cmp	sl, ip
    1e00:	8a000068 	bhi	0x1fa8
    1e04:	e7d89af4 			@ <UNDEFINED> instruction: 0xe7d89af4
    1e08:	e2811004 	add	r1, r1, #4
    1e0c:	e2868004 	add	r8, r6, #4
    1e10:	e1a06008 	mov	r6, r8
    1e14:	e1580007 	cmp	r8, r7
    1e18:	3affffee 	bcc	0x1dd8
    1e1c:	ea000046 	b	0x1f3c
    1e20:	e3530004 	cmp	r3, #4
    1e24:	2a000001 	bcs	0x1e30
    1e28:	e1a06000 	mov	r6, r0
    1e2c:	ea000042 	b	0x1f3c
    1e30:	e3520004 	cmp	r2, #4
    1e34:	2a000001 	bcs	0x1e40
    1e38:	e1a06000 	mov	r6, r0
    1e3c:	ea00003e 	b	0x1f3c
    1e40:	e2432004 	sub	r2, r3, #4
    1e44:	e1a06000 	mov	r6, r0
    1e48:	e1a09001 	mov	r9, r1
    1e4c:	e5958030 	ldr	r8, [r5, #48]	@ 0x30
    1e50:	e3e0c4fe 	mvn	ip, #-33554432	@ 0xfe000000
    1e54:	e3ccc8fe 	bic	ip, ip, #16646144	@ 0xfe0000
    1e58:	e159000c 	cmp	r9, ip
    1e5c:	8a000051 	bhi	0x1fa8
    1e60:	e7e789f0 			@ <UNDEFINED> instruction: 0xe7e789f0
    1e64:	e1a09006 	mov	r9, r6
    1e68:	e5958030 	ldr	r8, [r5, #48]	@ 0x30
    1e6c:	e3e0c4fe 	mvn	ip, #-33554432	@ 0xfe000000
    1e70:	e3ccc8fe 	bic	ip, ip, #16646144	@ 0xfe0000
    1e74:	e159000c 	cmp	r9, ip
    1e78:	8a00004a 	bhi	0x1fa8
    1e7c:	e7d789f0 			@ <UNDEFINED> instruction: 0xe7d789f0
    1e80:	e1a09001 	mov	r9, r1
    1e84:	e5958030 	ldr	r8, [r5, #48]	@ 0x30
    1e88:	e3e0e4fe 	mvn	lr, #-33554432	@ 0xfe000000
    1e8c:	e3cee8fe 	bic	lr, lr, #16646144	@ 0xfe0000
    1e90:	e7f9e0f1 	udf	#40449	@ 0x9e01
    1e94:	2a000043 	bcs	0x1fa8
    1e98:	e7e789f0 			@ <UNDEFINED> instruction: 0xe7e789f0
    1e9c:	e1a09006 	mov	r9, r6
    1ea0:	e5958030 	ldr	r8, [r5, #48]	@ 0x30
    1ea4:	e3e0e4fe 	mvn	lr, #-33554432	@ 0xfe000000
    1ea8:	e3cee8fe 	bic	lr, lr, #16646144	@ 0xfe0000
    1eac:	e7f9e0f1 	udf	#40449	@ 0x9e01
    1eb0:	2a00003c 	bcs	0x1fa8
    1eb4:	e7d789f0 			@ <UNDEFINED> instruction: 0xe7d789f0
    1eb8:	e1a09001 	mov	r9, r1
    1ebc:	e5958030 	ldr	r8, [r5, #48]	@ 0x30
    1ec0:	e3e0e4fe 	mvn	lr, #-33554432	@ 0xfe000000
    1ec4:	e3cee8fe 	bic	lr, lr, #16646144	@ 0xfe0000
    1ec8:	e7f9e0f2 	udf	#40450	@ 0x9e02
    1ecc:	2a000035 	bcs	0x1fa8
    1ed0:	e7e789f0 			@ <UNDEFINED> instruction: 0xe7e789f0
    1ed4:	e1a09006 	mov	r9, r6
    1ed8:	e5958030 	ldr	r8, [r5, #48]	@ 0x30
    1edc:	e3e0e4fe 	mvn	lr, #-33554432	@ 0xfe000000
    1ee0:	e3cee8fe 	bic	lr, lr, #16646144	@ 0xfe0000
    1ee4:	e7f9e0f2 	udf	#40450	@ 0x9e02
    1ee8:	2a00002e 	bcs	0x1fa8
    1eec:	e7d789f0 			@ <UNDEFINED> instruction: 0xe7d789f0
    1ef0:	e1a09001 	mov	r9, r1
    1ef4:	e5958030 	ldr	r8, [r5, #48]	@ 0x30
    1ef8:	e3e0e4fe 	mvn	lr, #-33554432	@ 0xfe000000
    1efc:	e3cee8fe 	bic	lr, lr, #16646144	@ 0xfe0000
    1f00:	e7f9e0f3 	udf	#40451	@ 0x9e03
    1f04:	2a000027 	bcs	0x1fa8
    1f08:	e7e789f0 			@ <UNDEFINED> instruction: 0xe7e789f0
    1f0c:	e1a09006 	mov	r9, r6
    1f10:	e5958030 	ldr	r8, [r5, #48]	@ 0x30
    1f14:	e3e0e4fe 	mvn	lr, #-33554432	@ 0xfe000000
    1f18:	e3cee8fe 	bic	lr, lr, #16646144	@ 0xfe0000
    1f1c:	e7f9e0f3 	udf	#40451	@ 0x9e03
    1f20:	2a000020 	bcs	0x1fa8
    1f24:	e7d789f0 			@ <UNDEFINED> instruction: 0xe7d789f0
    1f28:	e2811004 	add	r1, r1, #4
    1f2c:	e2867004 	add	r7, r6, #4
    1f30:	e1a06007 	mov	r6, r7
    1f34:	e1570002 	cmp	r7, r2
    1f38:	9affffc2 	bls	0x1e48
    1f3c:	e1560003 	cmp	r6, r3
    1f40:	2a000012 	bcs	0x1f90
    1f44:	e1a08001 	mov	r8, r1
    1f48:	e5957030 	ldr	r7, [r5, #48]	@ 0x30
    1f4c:	e3e0c4fe 	mvn	ip, #-33554432	@ 0xfe000000
    1f50:	e3ccc8fe 	bic	ip, ip, #16646144	@ 0xfe0000
    1f54:	e158000c 	cmp	r8, ip
    1f58:	8a000012 	bhi	0x1fa8
    1f5c:	e7e278f0 			@ <UNDEFINED> instruction: 0xe7e278f0
    1f60:	e1a08006 	mov	r8, r6
    1f64:	e5957030 	ldr	r7, [r5, #48]	@ 0x30
    1f68:	e3e0c4fe 	mvn	ip, #-33554432	@ 0xfe000000
    1f6c:	e3ccc8fe 	bic	ip, ip, #16646144	@ 0xfe0000
    1f70:	e158000c 	cmp	r8, ip
    1f74:	8a00000b 	bhi	0x1fa8
    1f78:	e7d278f0 			@ <UNDEFINED> instruction: 0xe7d278f0
    1f7c:	e2811001 	add	r1, r1, #1
    1f80:	e2862001 	add	r2, r6, #1
    1f84:	e1a06002 	mov	r6, r2
    1f88:	e1520003 	cmp	r2, r3
    1f8c:	1affffec 	bne	0x1f44
    1f90:	e5840000 	str	r0, [r4]
    1f94:	e59f0208 	ldr	r0, [pc, #520]	@ 0x21a4
    1f98:	e30ccabc 	movw	ip, #51900	@ 0xcabc
    1f9c:	e34ccdef 	movt	ip, #52719	@ 0xcdef
    1fa0:	e28dd004 	add	sp, sp, #4
    1fa4:	e8bd8fc0 	pop	{r6, r7, r8, r9, sl, fp, pc}
    1fa8:	e3a00008 	mov	r0, #8
    1fac:	e59d1000 	ldr	r1, [sp]
    1fb0:	e5810010 	str	r0, [r1, #16]
    1fb4:	e59d0000 	ldr	r0, [sp]
    1fb8:	e59d101c 	ldr	r1, [sp, #28]
    1fbc:	e59fc1e4 	ldr	ip, [pc, #484]	@ 0x21a8
    1fc0:	e12fff3c 	blx	ip
    1fc4:	e28dd004 	add	sp, sp, #4
    1fc8:	e8bd0fc0 	pop	{r6, r7, r8, r9, sl, fp}
    1fcc:	e28dd004 	add	sp, sp, #4
    1fd0:	e12fff10 	bx	r0
    1fd4:	e92d43c0 	push	{r6, r7, r8, r9, lr}
    1fd8:	e24dd004 	sub	sp, sp, #4
    1fdc:	e58d0000 	str	r0, [sp]
    1fe0:	e30cc123 	movw	ip, #49443	@ 0xc123
    1fe4:	e34cc456 	movt	ip, #50262	@ 0xc456
    1fe8:	e5942000 	ldr	r2, [r4]
    1fec:	e5940004 	ldr	r0, [r4, #4]
    1ff0:	e5941008 	ldr	r1, [r4, #8]
    1ff4:	e3510000 	cmp	r1, #0
    1ff8:	0a00010c 	beq	0x2430
    1ffc:	e1a06002 	mov	r6, r2
    2000:	e5953030 	ldr	r3, [r5, #48]	@ 0x30
    2004:	e3e0c4fe 	mvn	ip, #-33554432	@ 0xfe000000
    2008:	e3ccc8fe 	bic	ip, ip, #16646144	@ 0xfe0000
    200c:	e156000c 	cmp	r6, ip
    2010:	8a00010c 	bhi	0x2448
    2014:	e7d036f0 			@ <UNDEFINED> instruction: 0xe7d036f0
    2018:	e0823001 	add	r3, r2, r1
    201c:	e1a06003 	mov	r6, r3
    2020:	e2433001 	sub	r3, r3, #1
    2024:	e5957030 	ldr	r7, [r5, #48]	@ 0x30
    2028:	e3e0c4fe 	mvn	ip, #-33554432	@ 0xfe000000
    202c:	e3ccc8fe 	bic	ip, ip, #16646144	@ 0xfe0000
    2030:	e153000c 	cmp	r3, ip
    2034:	8a000103 	bhi	0x2448
    2038:	e7d073f0 			@ <UNDEFINED> instruction: 0xe7d073f0
    203c:	e3510003 	cmp	r1, #3
    2040:	3a0000fa 	bcc	0x2430
    2044:	e1a07002 	mov	r7, r2
    2048:	e5953030 	ldr	r3, [r5, #48]	@ 0x30
    204c:	e3e0e4fe 	mvn	lr, #-33554432	@ 0xfe000000
    2050:	e3cee8fe 	bic	lr, lr, #16646144	@ 0xfe0000
    2054:	e7f7e0f2 	udf	#32258	@ 0x7e02
    2058:	2a0000fa 	bcs	0x2448
    205c:	e7d037f0 			@ <UNDEFINED> instruction: 0xe7d037f0
    2060:	e1a07002 	mov	r7, r2
    2064:	e5953030 	ldr	r3, [r5, #48]	@ 0x30
    2068:	e3e0e4fe 	mvn	lr, #-33554432	@ 0xfe000000
    206c:	e3cee8fe 	bic	lr, lr, #16646144	@ 0xfe0000
    2070:	e7f7e0f1 	udf	#32257	@ 0x7e01
    2074:	2a0000f3 	bcs	0x2448
    2078:	e7d037f0 			@ <UNDEFINED> instruction: 0xe7d037f0
    207c:	e2463003 	sub	r3, r6, #3
    2080:	e5957030 	ldr	r7, [r5, #48]	@ 0x30
    2084:	e3e0c4fe 	mvn	ip, #-33554432	@ 0xfe000000
    2088:	e3ccc8fe 	bic	ip, ip, #16646144	@ 0xfe0000
    208c:	e153000c 	cmp	r3, ip
    2090:	8a0000ec 	bhi	0x2448
    2094:	e7d073f0 			@ <UNDEFINED> instruction: 0xe7d073f0
    2098:	e2463002 	sub	r3, r6, #2
    209c:	e5957030 	ldr	r7, [r5, #48]	@ 0x30
    20a0:	e3e0c4fe 	mvn	ip, #-33554432	@ 0xfe000000
    20a4:	e3ccc8fe 	bic	ip, ip, #16646144	@ 0xfe0000
    20a8:	e153000c 	cmp	r3, ip
    20ac:	8a0000e5 	bhi	0x2448
    20b0:	e7d073f0 			@ <UNDEFINED> instruction: 0xe7d073f0
    20b4:	e3510007 	cmp	r1, #7
    20b8:	3a0000dc 	bcc	0x2430
    20bc:	e1a07002 	mov	r7, r2
    20c0:	e5953030 	ldr	r3, [r5, #48]	@ 0x30
    20c4:	e3e0e4fe 	mvn	lr, #-33554432	@ 0xfe000000
    20c8:	e3cee8fe 	bic	lr, lr, #16646144	@ 0xfe0000
    20cc:	e7f7e0f3 	udf	#32259	@ 0x7e03
    20d0:	2a0000dc 	bcs	0x2448
    20d4:	e7d037f0 			@ <UNDEFINED> instruction: 0xe7d037f0
    20d8:	ea000033 	b	0x21ac
	...
    20f8:	0101fffc 	strdeq	pc, [r1, -ip]
    20fc:	003f7a9c 	mlaseq	pc, ip, sl, r7	@ <UNPREDICTABLE>
    2100:	00048c48 	andeq	r8, r4, r8, asr #24
    2104:	003f7ac8 	eorseq	r7, pc, r8, asr #21
    2108:	0004890c 	andeq	r8, r4, ip, lsl #18
    210c:	003f7adc 	ldrsbteq	r7, [pc], -ip
    2110:	00048004 	andeq	r8, r4, r4
    2114:	003f3610 	eorseq	r3, pc, r0, lsl r6	@ <UNPREDICTABLE>
    2118:	0004890c 	andeq	r8, r4, ip, lsl #18
    211c:	003f361c 	eorseq	r3, pc, ip, lsl r6	@ <UNPREDICTABLE>
    2120:	0004890c 	andeq	r8, r4, ip, lsl #18
    2124:	003f3628 	eorseq	r3, pc, r8, lsr #12
    2128:	0004890c 	andeq	r8, r4, ip, lsl #18
    212c:	003f3634 	eorseq	r3, pc, r4, lsr r6	@ <UNPREDICTABLE>
    2130:	0004890c 	andeq	r8, r4, ip, lsl #18
    2134:	00048004 	andeq	r8, r4, r4
    2138:	0004890c 	andeq	r8, r4, ip, lsl #18
    213c:	00048004 	andeq	r8, r4, r4
    2140:	003f9a10 	eorseq	r9, pc, r0, lsl sl	@ <UNPREDICTABLE>
    2144:	0004890c 	andeq	r8, r4, ip, lsl #18
    2148:	003f9a4c 	eorseq	r9, pc, ip, asr #20
    214c:	00048004 	andeq	r8, r4, r4
    2150:	003fabc4 	eorseq	sl, pc, r4, asr #23
    2154:	0004890c 	andeq	r8, r4, ip, lsl #18
    2158:	003fabdc 	ldrsbteq	sl, [pc], -ip
    215c:	0004890c 	andeq	r8, r4, ip, lsl #18
    2160:	003fad8c 	eorseq	sl, pc, ip, lsl #27
    2164:	0004890c 	andeq	r8, r4, ip, lsl #18
    2168:	003fada4 	eorseq	sl, pc, r4, lsr #27
    216c:	0004890c 	andeq	r8, r4, ip, lsl #18
    2170:	0101fff8 	strdeq	pc, [r1, -r8]
    2174:	003faee4 	eorseq	sl, pc, r4, ror #29
    2178:	00048004 	andeq	r8, r4, r4
    217c:	003f86ec 	eorseq	r8, pc, ip, ror #13
    2180:	003f94a8 	eorseq	r9, pc, r8, lsr #9
    2184:	003f86cc 	eorseq	r8, pc, ip, asr #13
    2188:	003faf4c 	eorseq	sl, pc, ip, asr #30
    218c:	00049ae0 	andeq	r9, r4, r0, ror #21
    2190:	003f8cbc 	ldrhteq	r8, [pc], -ip
    2194:	00048004 	andeq	r8, r4, r4
    2198:	003fc738 	eorseq	ip, pc, r8, lsr r7	@ <UNPREDICTABLE>
    219c:	0004890c 	andeq	r8, r4, ip, lsl #18
    21a0:	003fc754 	eorseq	ip, pc, r4, asr r7	@ <UNPREDICTABLE>
    21a4:	003fcc58 	eorseq	ip, pc, r8, asr ip	@ <UNPREDICTABLE>
    21a8:	00048004 	andeq	r8, r4, r4
    21ac:	e2466004 	sub	r6, r6, #4
    21b0:	e5953030 	ldr	r3, [r5, #48]	@ 0x30
    21b4:	e3e0c4fe 	mvn	ip, #-33554432	@ 0xfe000000
    21b8:	e3ccc8fe 	bic	ip, ip, #16646144	@ 0xfe0000
    21bc:	e156000c 	cmp	r6, ip
    21c0:	8a0000a0 	bhi	0x2448
    21c4:	e7d036f0 			@ <UNDEFINED> instruction: 0xe7d036f0
    21c8:	e3510009 	cmp	r1, #9
    21cc:	3a000097 	bcc	0x2430
    21d0:	e2623000 	rsb	r3, r2, #0
    21d4:	e2033003 	and	r3, r3, #3
    21d8:	e1a06003 	mov	r6, r3
    21dc:	e0823003 	add	r3, r2, r3
    21e0:	e1a07003 	mov	r7, r3
    21e4:	e20000ff 	and	r0, r0, #255	@ 0xff
    21e8:	e59fcfc8 	ldr	ip, [pc, #4040]	@ 0x31b8
    21ec:	e0000c90 	mul	r0, r0, ip
    21f0:	e1a08000 	mov	r8, r0
    21f4:	e5959030 	ldr	r9, [r5, #48]	@ 0x30
    21f8:	e59fcfbc 	ldr	ip, [pc, #4028]	@ 0x31bc
    21fc:	e153000c 	cmp	r3, ip
    2200:	8a000090 	bhi	0x2448
    2204:	e7d093f4 			@ <UNDEFINED> instruction: 0xe7d093f4
    2208:	e0411006 	sub	r1, r1, r6
    220c:	e3c11003 	bic	r1, r1, #3
    2210:	e1a00001 	mov	r0, r1
    2214:	e0871001 	add	r1, r7, r1
    2218:	e1a03001 	mov	r3, r1
    221c:	e2411004 	sub	r1, r1, #4
    2220:	e5956030 	ldr	r6, [r5, #48]	@ 0x30
    2224:	e59fcf90 	ldr	ip, [pc, #3984]	@ 0x31bc
    2228:	e151000c 	cmp	r1, ip
    222c:	8a000085 	bhi	0x2448
    2230:	e7d861f4 			@ <UNDEFINED> instruction: 0xe7d861f4
    2234:	e3500009 	cmp	r0, #9
    2238:	3a00007c 	bcc	0x2430
    223c:	e1a06007 	mov	r6, r7
    2240:	e5951030 	ldr	r1, [r5, #48]	@ 0x30
    2244:	e59fef70 	ldr	lr, [pc, #3952]	@ 0x31bc
    2248:	e7f6e0f8 	udf	#28168	@ 0x6e08
    224c:	2a00007d 	bcs	0x2448
    2250:	e7d816f4 			@ <UNDEFINED> instruction: 0xe7d816f4
    2254:	e1a06007 	mov	r6, r7
    2258:	e5951030 	ldr	r1, [r5, #48]	@ 0x30
    225c:	e59fef58 	ldr	lr, [pc, #3928]	@ 0x31bc
    2260:	e7f6e0f4 	udf	#28164	@ 0x6e04
    2264:	2a000077 	bcs	0x2448
    2268:	e7d816f4 			@ <UNDEFINED> instruction: 0xe7d816f4
    226c:	e2431008 	sub	r1, r3, #8
    2270:	e5956030 	ldr	r6, [r5, #48]	@ 0x30
    2274:	e59fcf40 	ldr	ip, [pc, #3904]	@ 0x31bc
    2278:	e151000c 	cmp	r1, ip
    227c:	8a000071 	bhi	0x2448
    2280:	e7d861f4 			@ <UNDEFINED> instruction: 0xe7d861f4
    2284:	e243100c 	sub	r1, r3, #12
    2288:	e5956030 	ldr	r6, [r5, #48]	@ 0x30
    228c:	e59fcf28 	ldr	ip, [pc, #3880]	@ 0x31bc
    2290:	e151000c 	cmp	r1, ip
    2294:	8a00006b 	bhi	0x2448
    2298:	e7d861f4 			@ <UNDEFINED> instruction: 0xe7d861f4
    229c:	e3500019 	cmp	r0, #25
    22a0:	3a000062 	bcc	0x2430
    22a4:	e1a06007 	mov	r6, r7
    22a8:	e5951030 	ldr	r1, [r5, #48]	@ 0x30
    22ac:	e59fef08 	ldr	lr, [pc, #3848]	@ 0x31bc
    22b0:	e7f6e1f8 	udf	#28184	@ 0x6e18
    22b4:	2a000063 	bcs	0x2448
    22b8:	e7d816f4 			@ <UNDEFINED> instruction: 0xe7d816f4
    22bc:	e1a06007 	mov	r6, r7
    22c0:	e5951030 	ldr	r1, [r5, #48]	@ 0x30
    22c4:	e59feef0 	ldr	lr, [pc, #3824]	@ 0x31bc
    22c8:	e7f6e1f4 	udf	#28180	@ 0x6e14
    22cc:	2a00005d 	bcs	0x2448
    22d0:	e7d816f4 			@ <UNDEFINED> instruction: 0xe7d816f4
    22d4:	e1a06007 	mov	r6, r7
    22d8:	e5951030 	ldr	r1, [r5, #48]	@ 0x30
    22dc:	e59feed8 	ldr	lr, [pc, #3800]	@ 0x31bc
    22e0:	e7f6e1f0 	udf	#28176	@ 0x6e10
    22e4:	2a000057 	bcs	0x2448
    22e8:	e7d816f4 			@ <UNDEFINED> instruction: 0xe7d816f4
    22ec:	e1a06007 	mov	r6, r7
    22f0:	e5951030 	ldr	r1, [r5, #48]	@ 0x30
    22f4:	e59feec0 	ldr	lr, [pc, #3776]	@ 0x31bc
    22f8:	e7f6e0fc 	udf	#28172	@ 0x6e0c
    22fc:	2a000051 	bcs	0x2448
    2300:	e7d816f4 			@ <UNDEFINED> instruction: 0xe7d816f4
    2304:	e2431010 	sub	r1, r3, #16
    2308:	e5956030 	ldr	r6, [r5, #48]	@ 0x30
    230c:	e59fcea8 	ldr	ip, [pc, #3752]	@ 0x31bc
    2310:	e151000c 	cmp	r1, ip
    2314:	8a00004b 	bhi	0x2448
    2318:	e7d861f4 			@ <UNDEFINED> instruction: 0xe7d861f4
    231c:	e2431014 	sub	r1, r3, #20
    2320:	e5956030 	ldr	r6, [r5, #48]	@ 0x30
    2324:	e59fce90 	ldr	ip, [pc, #3728]	@ 0x31bc
    2328:	e151000c 	cmp	r1, ip
    232c:	8a000045 	bhi	0x2448
    2330:	e7d861f4 			@ <UNDEFINED> instruction: 0xe7d861f4
    2334:	e2431018 	sub	r1, r3, #24
    2338:	e5956030 	ldr	r6, [r5, #48]	@ 0x30
    233c:	e59fce78 	ldr	ip, [pc, #3704]	@ 0x31bc
    2340:	e151000c 	cmp	r1, ip
    2344:	8a00003f 	bhi	0x2448
    2348:	e7d861f4 			@ <UNDEFINED> instruction: 0xe7d861f4
    234c:	e243301c 	sub	r3, r3, #28
    2350:	e5951030 	ldr	r1, [r5, #48]	@ 0x30
    2354:	e59fce60 	ldr	ip, [pc, #3680]	@ 0x31bc
    2358:	e153000c 	cmp	r3, ip
    235c:	8a000039 	bhi	0x2448
    2360:	e7d813f4 			@ <UNDEFINED> instruction: 0xe7d813f4
    2364:	e2071004 	and	r1, r7, #4
    2368:	e3811018 	orr	r1, r1, #24
    236c:	e1a03001 	mov	r3, r1
    2370:	e0400001 	sub	r0, r0, r1
    2374:	e1a06000 	mov	r6, r0
    2378:	e3500020 	cmp	r0, #32
    237c:	3a00002b 	bcc	0x2430
    2380:	e1a00008 	mov	r0, r8
    2384:	e3a01000 	mov	r1, #0
    2388:	e1a08000 	mov	r8, r0
    238c:	e3a0c001 	mov	ip, #1
    2390:	e0080c98 	mul	r8, r8, ip
    2394:	e0811008 	add	r1, r1, r8
    2398:	e0877003 	add	r7, r7, r3
    239c:	e1a08007 	mov	r8, r7
    23a0:	e5953030 	ldr	r3, [r5, #48]	@ 0x30
    23a4:	e59fee14 	ldr	lr, [pc, #3604]	@ 0x31c0
    23a8:	e7f8e1f8 	udf	#36376	@ 0x8e18
    23ac:	2a000025 	bcs	0x2448
    23b0:	e083c008 	add	ip, r3, r8
    23b4:	e58c0000 	str	r0, [ip]
    23b8:	e58c1004 	str	r1, [ip, #4]
    23bc:	e1a08007 	mov	r8, r7
    23c0:	e5953030 	ldr	r3, [r5, #48]	@ 0x30
    23c4:	e59fedf4 	ldr	lr, [pc, #3572]	@ 0x31c0
    23c8:	e7f8e1f0 	udf	#36368	@ 0x8e10
    23cc:	2a00001d 	bcs	0x2448
    23d0:	e083c008 	add	ip, r3, r8
    23d4:	e58c0000 	str	r0, [ip]
    23d8:	e58c1004 	str	r1, [ip, #4]
    23dc:	e1a08007 	mov	r8, r7
    23e0:	e5953030 	ldr	r3, [r5, #48]	@ 0x30
    23e4:	e59fedd4 	ldr	lr, [pc, #3540]	@ 0x31c0
    23e8:	e7f8e0f8 	udf	#36360	@ 0x8e08
    23ec:	2a000015 	bcs	0x2448
    23f0:	e083c008 	add	ip, r3, r8
    23f4:	e58c0000 	str	r0, [ip]
    23f8:	e58c1004 	str	r1, [ip, #4]
    23fc:	e1a08007 	mov	r8, r7
    2400:	e5953030 	ldr	r3, [r5, #48]	@ 0x30
    2404:	e59fcdb4 	ldr	ip, [pc, #3508]	@ 0x31c0
    2408:	e158000c 	cmp	r8, ip
    240c:	8a00000d 	bhi	0x2448
    2410:	e083c008 	add	ip, r3, r8
    2414:	e58c0000 	str	r0, [ip]
    2418:	e58c1004 	str	r1, [ip, #4]
    241c:	e2877020 	add	r7, r7, #32
    2420:	e2463020 	sub	r3, r6, #32
    2424:	e1a06003 	mov	r6, r3
    2428:	e353001f 	cmp	r3, #31
    242c:	8affffda 	bhi	0x239c
    2430:	e5842000 	str	r2, [r4]
    2434:	e59f0d88 	ldr	r0, [pc, #3464]	@ 0x31c4
    2438:	e30ccabc 	movw	ip, #51900	@ 0xcabc
    243c:	e34ccdef 	movt	ip, #52719	@ 0xcdef
    2440:	e28dd004 	add	sp, sp, #4
    2444:	e8bd83c0 	pop	{r6, r7, r8, r9, pc}
    2448:	e3a00008 	mov	r0, #8
    244c:	e59d1000 	ldr	r1, [sp]
    2450:	e5810010 	str	r0, [r1, #16]
    2454:	e59d0000 	ldr	r0, [sp]
    2458:	e59d1014 	ldr	r1, [sp, #20]
    245c:	e59fcd64 	ldr	ip, [pc, #3428]	@ 0x31c8
    2460:	e12fff3c 	blx	ip
    2464:	e28dd004 	add	sp, sp, #4
    2468:	e8bd03c0 	pop	{r6, r7, r8, r9}
    246c:	e28dd004 	add	sp, sp, #4
    2470:	e12fff10 	bx	r0
    2474:	e52de004 	push	{lr}		@ (str lr, [sp, #-4]!)
    2478:	e24dd004 	sub	sp, sp, #4
    247c:	e58d0000 	str	r0, [sp]
    2480:	e30cc123 	movw	ip, #49443	@ 0xc123
    2484:	e34cc456 	movt	ip, #50262	@ 0xc456
    2488:	e59f0d3c 	ldr	r0, [pc, #3388]	@ 0x31cc
    248c:	e30ccabc 	movw	ip, #51900	@ 0xcabc
    2490:	e34ccdef 	movt	ip, #52719	@ 0xcdef
    2494:	e28dd004 	add	sp, sp, #4
    2498:	e49df004 	pop	{pc}		@ (ldr pc, [sp], #4)
    249c:	e52de004 	push	{lr}		@ (str lr, [sp, #-4]!)
    24a0:	e24dd004 	sub	sp, sp, #4
    24a4:	e58d0000 	str	r0, [sp]
    24a8:	e30cc123 	movw	ip, #49443	@ 0xc123
    24ac:	e34cc456 	movt	ip, #50262	@ 0xc456
    24b0:	e3a0eb46 	mov	lr, #71680	@ 0x11800
    24b4:	e38ee04c 	orr	lr, lr, #76	@ 0x4c
    24b8:	e584e000 	str	lr, [r4]
    24bc:	e59f0d0c 	ldr	r0, [pc, #3340]	@ 0x31d0
    24c0:	e1a01004 	mov	r1, r4
    24c4:	e59d2000 	ldr	r2, [sp]
    24c8:	e59fcd04 	ldr	ip, [pc, #3332]	@ 0x31d4
    24cc:	e12fff3c 	blx	ip
    24d0:	e3500000 	cmp	r0, #0
    24d4:	1a000007 	bne	0x24f8
    24d8:	e3a0eb46 	mov	lr, #71680	@ 0x11800
    24dc:	e38ee050 	orr	lr, lr, #80	@ 0x50
    24e0:	e584e004 	str	lr, [r4, #4]
    24e4:	e59f0cec 	ldr	r0, [pc, #3308]	@ 0x31d8
    24e8:	e30ccabc 	movw	ip, #51900	@ 0xcabc
    24ec:	e34ccdef 	movt	ip, #52719	@ 0xcdef
    24f0:	e28dd004 	add	sp, sp, #4
    24f4:	e49df004 	pop	{pc}		@ (ldr pc, [sp], #4)
    24f8:	e59d0000 	ldr	r0, [sp]
    24fc:	e59d1004 	ldr	r1, [sp, #4]
    2500:	e59fccd4 	ldr	ip, [pc, #3284]	@ 0x31dc
    2504:	e12fff3c 	blx	ip
    2508:	e28dd008 	add	sp, sp, #8
    250c:	e12fff10 	bx	r0
    2510:	e92d4040 	push	{r6, lr}
    2514:	e24dd008 	sub	sp, sp, #8
    2518:	e58d0000 	str	r0, [sp]
    251c:	e30cc123 	movw	ip, #49443	@ 0xc123
    2520:	e34cc456 	movt	ip, #50262	@ 0xc456
    2524:	e59f0cb4 	ldr	r0, [pc, #3252]	@ 0x31e0
    2528:	e1a01004 	mov	r1, r4
    252c:	e59d2000 	ldr	r2, [sp]
    2530:	e59fccac 	ldr	ip, [pc, #3244]	@ 0x31e4
    2534:	e12fff3c 	blx	ip
    2538:	e3500000 	cmp	r0, #0
    253c:	1a000043 	bne	0x2650
    2540:	e5940008 	ldr	r0, [r4, #8]
    2544:	e1a02000 	mov	r2, r0
    2548:	e5951030 	ldr	r1, [r5, #48]	@ 0x30
    254c:	e59fcc68 	ldr	ip, [pc, #3176]	@ 0x31bc
    2550:	e152000c 	cmp	r2, ip
    2554:	8a00003a 	bhi	0x2644
    2558:	e7e012f4 			@ <UNDEFINED> instruction: 0xe7e012f4
    255c:	e1a06000 	mov	r6, r0
    2560:	e3500000 	cmp	r0, #0
    2564:	0a000010 	beq	0x25ac
    2568:	e5846000 	str	r6, [r4]
    256c:	e59f0c74 	ldr	r0, [pc, #3188]	@ 0x31e8
    2570:	e1a01004 	mov	r1, r4
    2574:	e59d2000 	ldr	r2, [sp]
    2578:	e59fcc6c 	ldr	ip, [pc, #3180]	@ 0x31ec
    257c:	e12fff3c 	blx	ip
    2580:	e3500000 	cmp	r0, #0
    2584:	1a000031 	bne	0x2650
    2588:	e1a02006 	mov	r2, r6
    258c:	e5951030 	ldr	r1, [r5, #48]	@ 0x30
    2590:	e59fec24 	ldr	lr, [pc, #3108]	@ 0x31bc
    2594:	e7f2e3f8 	udf	#11832	@ 0x2e38
    2598:	2a000029 	bcs	0x2644
    259c:	e7e012f4 			@ <UNDEFINED> instruction: 0xe7e012f4
    25a0:	e1a06000 	mov	r6, r0
    25a4:	e3500000 	cmp	r0, #0
    25a8:	1affffee 	bne	0x2568
    25ac:	e5951030 	ldr	r1, [r5, #48]	@ 0x30
    25b0:	e281cb48 	add	ip, r1, #72, 22	@ 0x12000
    25b4:	e51c07ac 	ldr	r0, [ip, #-1964]	@ 0xfffff854
    25b8:	e5840008 	str	r0, [r4, #8]
    25bc:	e59f0c2c 	ldr	r0, [pc, #3116]	@ 0x31f0
    25c0:	e1a01004 	mov	r1, r4
    25c4:	e59d2000 	ldr	r2, [sp]
    25c8:	e59fcc24 	ldr	ip, [pc, #3108]	@ 0x31f4
    25cc:	e12fff3c 	blx	ip
    25d0:	e3500000 	cmp	r0, #0
    25d4:	1a00001d 	bne	0x2650
    25d8:	e5951030 	ldr	r1, [r5, #48]	@ 0x30
    25dc:	e281cb40 	add	ip, r1, #64, 22	@ 0x10000
    25e0:	e59c0b98 	ldr	r0, [ip, #2968]	@ 0xb98
    25e4:	e5840008 	str	r0, [r4, #8]
    25e8:	e59f0c08 	ldr	r0, [pc, #3080]	@ 0x31f8
    25ec:	e1a01004 	mov	r1, r4
    25f0:	e59d2000 	ldr	r2, [sp]
    25f4:	e59fcc00 	ldr	ip, [pc, #3072]	@ 0x31fc
    25f8:	e12fff3c 	blx	ip
    25fc:	e3500000 	cmp	r0, #0
    2600:	1a000012 	bne	0x2650
    2604:	e5951030 	ldr	r1, [r5, #48]	@ 0x30
    2608:	e281cb40 	add	ip, r1, #64, 22	@ 0x10000
    260c:	e59c0c30 	ldr	r0, [ip, #3120]	@ 0xc30
    2610:	e5840008 	str	r0, [r4, #8]
    2614:	e59f0be4 	ldr	r0, [pc, #3044]	@ 0x3200
    2618:	e1a01004 	mov	r1, r4
    261c:	e59d2000 	ldr	r2, [sp]
    2620:	e59fcbdc 	ldr	ip, [pc, #3036]	@ 0x3204
    2624:	e12fff3c 	blx	ip
    2628:	e3500000 	cmp	r0, #0
    262c:	1a000007 	bne	0x2650
    2630:	e59f0bd0 	ldr	r0, [pc, #3024]	@ 0x3208
    2634:	e30ccabc 	movw	ip, #51900	@ 0xcabc
    2638:	e34ccdef 	movt	ip, #52719	@ 0xcdef
    263c:	e28dd008 	add	sp, sp, #8
    2640:	e8bd8040 	pop	{r6, pc}
    2644:	e3a00008 	mov	r0, #8
    2648:	e59d1000 	ldr	r1, [sp]
    264c:	e5810010 	str	r0, [r1, #16]
    2650:	e59d0000 	ldr	r0, [sp]
    2654:	e59d100c 	ldr	r1, [sp, #12]
    2658:	e59fcbac 	ldr	ip, [pc, #2988]	@ 0x320c
    265c:	e12fff3c 	blx	ip
    2660:	e59d6008 	ldr	r6, [sp, #8]
    2664:	e28dd010 	add	sp, sp, #16
    2668:	e12fff10 	bx	r0
    266c:	e92d40c0 	push	{r6, r7, lr}
    2670:	e24dd004 	sub	sp, sp, #4
    2674:	e58d0000 	str	r0, [sp]
    2678:	e30cc123 	movw	ip, #49443	@ 0xc123
    267c:	e34cc456 	movt	ip, #50262	@ 0xc456
    2680:	e5946000 	ldr	r6, [r4]
    2684:	e3560000 	cmp	r6, #0
    2688:	0a000057 	beq	0x27ec
    268c:	e1a02006 	mov	r2, r6
    2690:	e5951030 	ldr	r1, [r5, #48]	@ 0x30
    2694:	e59feb20 	ldr	lr, [pc, #2848]	@ 0x31bc
    2698:	e7f2e4fc 	udf	#11852	@ 0x2e4c
    269c:	2a000057 	bcs	0x2800
    26a0:	e7e012f4 			@ <UNDEFINED> instruction: 0xe7e012f4
    26a4:	e3500000 	cmp	r0, #0
    26a8:	ba000008 	blt	0x26d0
    26ac:	e5846000 	str	r6, [r4]
    26b0:	e3a009fe 	mov	r0, #4161536	@ 0x3f8000
    26b4:	e3800d41 	orr	r0, r0, #4160	@ 0x1040
    26b8:	e1a01004 	mov	r1, r4
    26bc:	e59d2000 	ldr	r2, [sp]
    26c0:	e59fcb48 	ldr	ip, [pc, #2888]	@ 0x3210
    26c4:	e12fff3c 	blx	ip
    26c8:	e3500000 	cmp	r0, #0
    26cc:	1a00004e 	bne	0x280c
    26d0:	e1a02006 	mov	r2, r6
    26d4:	e5951030 	ldr	r1, [r5, #48]	@ 0x30
    26d8:	e59feadc 	ldr	lr, [pc, #2780]	@ 0x31bc
    26dc:	e7f2e1f4 	udf	#11796	@ 0x2e14
    26e0:	2a000046 	bcs	0x2800
    26e4:	e7e012f4 			@ <UNDEFINED> instruction: 0xe7e012f4
    26e8:	e1a03006 	mov	r3, r6
    26ec:	e5952030 	ldr	r2, [r5, #48]	@ 0x30
    26f0:	e59feac4 	ldr	lr, [pc, #2756]	@ 0x31bc
    26f4:	e7f3e1fc 	udf	#15900	@ 0x3e1c
    26f8:	2a000040 	bcs	0x2800
    26fc:	e7e123f4 			@ <UNDEFINED> instruction: 0xe7e123f4
    2700:	e1500001 	cmp	r0, r1
    2704:	0a000012 	beq	0x2754
    2708:	e1a02006 	mov	r2, r6
    270c:	e5951030 	ldr	r1, [r5, #48]	@ 0x30
    2710:	e59feaa4 	ldr	lr, [pc, #2724]	@ 0x31bc
    2714:	e7f2e2f4 	udf	#11812	@ 0x2e24
    2718:	2a000038 	bcs	0x2800
    271c:	e7e012f4 			@ <UNDEFINED> instruction: 0xe7e012f4
    2720:	e5846000 	str	r6, [r4]
    2724:	e3a0e000 	mov	lr, #0
    2728:	e584e00c 	str	lr, [r4, #12]
    272c:	e3a0e000 	mov	lr, #0
    2730:	e584e00c 	str	lr, [r4, #12]
    2734:	e5840020 	str	r0, [r4, #32]
    2738:	e59f0ad4 	ldr	r0, [pc, #2772]	@ 0x3214
    273c:	e1a01004 	mov	r1, r4
    2740:	e59d2000 	ldr	r2, [sp]
    2744:	e59fcacc 	ldr	ip, [pc, #2764]	@ 0x3218
    2748:	e12fff3c 	blx	ip
    274c:	e3500000 	cmp	r0, #0
    2750:	1a00002d 	bne	0x280c
    2754:	e1a02006 	mov	r2, r6
    2758:	e5951030 	ldr	r1, [r5, #48]	@ 0x30
    275c:	e59fea58 	ldr	lr, [pc, #2648]	@ 0x31bc
    2760:	e7f2e0f4 	udf	#11780	@ 0x2e04
    2764:	2a000025 	bcs	0x2800
    2768:	e7e012f4 			@ <UNDEFINED> instruction: 0xe7e012f4
    276c:	e1a01000 	mov	r1, r0
    2770:	e1a07006 	mov	r7, r6
    2774:	e5953030 	ldr	r3, [r5, #48]	@ 0x30
    2778:	e59fea3c 	ldr	lr, [pc, #2620]	@ 0x31bc
    277c:	e7f7e0f8 	udf	#32264	@ 0x7e08
    2780:	2a00001e 	bcs	0x2800
    2784:	e7e237f4 			@ <UNDEFINED> instruction: 0xe7e237f4
    2788:	e1a03002 	mov	r3, r2
    278c:	e1500002 	cmp	r0, r2
    2790:	0a000015 	beq	0x27ec
    2794:	e0411003 	sub	r1, r1, r3
    2798:	e1a00001 	mov	r0, r1
    279c:	e1a01fc0 	asr	r1, r0, #31
    27a0:	e1a07006 	mov	r7, r6
    27a4:	e5953030 	ldr	r3, [r5, #48]	@ 0x30
    27a8:	e59fea0c 	ldr	lr, [pc, #2572]	@ 0x31bc
    27ac:	e7f7e2f8 	udf	#32296	@ 0x7e28
    27b0:	2a000012 	bcs	0x2800
    27b4:	e7e237f4 			@ <UNDEFINED> instruction: 0xe7e237f4
    27b8:	e5846000 	str	r6, [r4]
    27bc:	e5840018 	str	r0, [r4, #24]
    27c0:	e584101c 	str	r1, [r4, #28]
    27c4:	e3a0e001 	mov	lr, #1
    27c8:	e584e010 	str	lr, [r4, #16]
    27cc:	e5842024 	str	r2, [r4, #36]	@ 0x24
    27d0:	e59f0a44 	ldr	r0, [pc, #2628]	@ 0x321c
    27d4:	e1a01004 	mov	r1, r4
    27d8:	e59d2000 	ldr	r2, [sp]
    27dc:	e59fca3c 	ldr	ip, [pc, #2620]	@ 0x3220
    27e0:	e12fff3c 	blx	ip
    27e4:	e3500000 	cmp	r0, #0
    27e8:	1a000007 	bne	0x280c
    27ec:	e59f0a30 	ldr	r0, [pc, #2608]	@ 0x3224
    27f0:	e30ccabc 	movw	ip, #51900	@ 0xcabc
    27f4:	e34ccdef 	movt	ip, #52719	@ 0xcdef
    27f8:	e28dd004 	add	sp, sp, #4
    27fc:	e8bd80c0 	pop	{r6, r7, pc}
    2800:	e3a00008 	mov	r0, #8
    2804:	e59d1000 	ldr	r1, [sp]
    2808:	e5810010 	str	r0, [r1, #16]
    280c:	e59d0000 	ldr	r0, [sp]
    2810:	e59d100c 	ldr	r1, [sp, #12]
    2814:	e59fca0c 	ldr	ip, [pc, #2572]	@ 0x3228
    2818:	e12fff3c 	blx	ip
    281c:	e28dd004 	add	sp, sp, #4
    2820:	e8bd00c0 	pop	{r6, r7}
    2824:	e28dd004 	add	sp, sp, #4
    2828:	e12fff10 	bx	r0
    282c:	e92d4040 	push	{r6, lr}
    2830:	e24dd008 	sub	sp, sp, #8
    2834:	e58d0000 	str	r0, [sp]
    2838:	e30cc123 	movw	ip, #49443	@ 0xc123
    283c:	e34cc456 	movt	ip, #50262	@ 0xc456
    2840:	e5940000 	ldr	r0, [r4]
    2844:	e1a03000 	mov	r3, r0
    2848:	e5952030 	ldr	r2, [r5, #48]	@ 0x30
    284c:	e59fe968 	ldr	lr, [pc, #2408]	@ 0x31bc
    2850:	e7f3e4f8 	udf	#15944	@ 0x3e48
    2854:	2a00004e 	bcs	0x2994
    2858:	e7e123f4 			@ <UNDEFINED> instruction: 0xe7e123f4
    285c:	e1a02001 	mov	r2, r1
    2860:	e2411001 	sub	r1, r1, #1
    2864:	e1811002 	orr	r1, r1, r2
    2868:	e1a03000 	mov	r3, r0
    286c:	e5952030 	ldr	r2, [r5, #48]	@ 0x30
    2870:	e59fe944 	ldr	lr, [pc, #2372]	@ 0x31bc
    2874:	e7f3e4f8 	udf	#15944	@ 0x3e48
    2878:	2a000045 	bcs	0x2994
    287c:	e7d123f4 			@ <UNDEFINED> instruction: 0xe7d123f4
    2880:	e1a03000 	mov	r3, r0
    2884:	e5952030 	ldr	r2, [r5, #48]	@ 0x30
    2888:	e59fc92c 	ldr	ip, [pc, #2348]	@ 0x31bc
    288c:	e153000c 	cmp	r3, ip
    2890:	8a00003f 	bhi	0x2994
    2894:	e7e123f4 			@ <UNDEFINED> instruction: 0xe7e123f4
    2898:	e1a02001 	mov	r2, r1
    289c:	e3110008 	tst	r1, #8
    28a0:	0a00000a 	beq	0x28d0
    28a4:	e3822020 	orr	r2, r2, #32
    28a8:	e1a03000 	mov	r3, r0
    28ac:	e5951030 	ldr	r1, [r5, #48]	@ 0x30
    28b0:	e59fc904 	ldr	ip, [pc, #2308]	@ 0x31bc
    28b4:	e153000c 	cmp	r3, ip
    28b8:	8a000035 	bhi	0x2994
    28bc:	e7d213f4 			@ <UNDEFINED> instruction: 0xe7d213f4
    28c0:	e3e0e000 	mvn	lr, #0
    28c4:	e584e008 	str	lr, [r4, #8]
    28c8:	e59f095c 	ldr	r0, [pc, #2396]	@ 0x322c
    28cc:	ea00002e 	b	0x298c
    28d0:	e1a02000 	mov	r2, r0
    28d4:	e5951030 	ldr	r1, [r5, #48]	@ 0x30
    28d8:	e59fe8e0 	ldr	lr, [pc, #2272]	@ 0x31c0
    28dc:	e7f2e0f4 	udf	#11780	@ 0x2e04
    28e0:	2a00002b 	bcs	0x2994
    28e4:	e0811002 	add	r1, r1, r2
    28e8:	e3a02000 	mov	r2, #0
    28ec:	e3a03000 	mov	r3, #0
    28f0:	e5813000 	str	r3, [r1]
    28f4:	e5812004 	str	r2, [r1, #4]
    28f8:	e1a03000 	mov	r3, r0
    28fc:	e5952030 	ldr	r2, [r5, #48]	@ 0x30
    2900:	e59fe8b4 	ldr	lr, [pc, #2228]	@ 0x31bc
    2904:	e7f3e2fc 	udf	#15916	@ 0x3e2c
    2908:	2a000021 	bcs	0x2994
    290c:	e7e123f4 			@ <UNDEFINED> instruction: 0xe7e123f4
    2910:	e1a02001 	mov	r2, r1
    2914:	e1a06000 	mov	r6, r0
    2918:	e5953030 	ldr	r3, [r5, #48]	@ 0x30
    291c:	e59fe898 	ldr	lr, [pc, #2200]	@ 0x31bc
    2920:	e7f6e1fc 	udf	#28188	@ 0x6e1c
    2924:	2a00001a 	bcs	0x2994
    2928:	e7d136f4 			@ <UNDEFINED> instruction: 0xe7d136f4
    292c:	e1a03000 	mov	r3, r0
    2930:	e5951030 	ldr	r1, [r5, #48]	@ 0x30
    2934:	e59fe880 	ldr	lr, [pc, #2176]	@ 0x31bc
    2938:	e7f3e1f4 	udf	#15892	@ 0x3e14
    293c:	2a000014 	bcs	0x2994
    2940:	e7d213f4 			@ <UNDEFINED> instruction: 0xe7d213f4
    2944:	e1a06000 	mov	r6, r0
    2948:	e5953030 	ldr	r3, [r5, #48]	@ 0x30
    294c:	e59fe868 	ldr	lr, [pc, #2152]	@ 0x31bc
    2950:	e7f6e3f0 	udf	#28208	@ 0x6e30
    2954:	2a00000e 	bcs	0x2994
    2958:	e7e136f4 			@ <UNDEFINED> instruction: 0xe7e136f4
    295c:	e0822001 	add	r2, r2, r1
    2960:	e5951030 	ldr	r1, [r5, #48]	@ 0x30
    2964:	e59fe850 	ldr	lr, [pc, #2128]	@ 0x31bc
    2968:	e7f0e1f0 	udf	#3600	@ 0xe10
    296c:	2a000008 	bcs	0x2994
    2970:	e7d210f4 			@ <UNDEFINED> instruction: 0xe7d210f4
    2974:	e3a0e000 	mov	lr, #0
    2978:	e584e01c 	str	lr, [r4, #28]
    297c:	e3a009fd 	mov	r0, #4145152	@ 0x3f4000
    2980:	e380005c 	orr	r0, r0, #92	@ 0x5c
    2984:	e30ccabc 	movw	ip, #51900	@ 0xcabc
    2988:	e34ccdef 	movt	ip, #52719	@ 0xcdef
    298c:	e28dd008 	add	sp, sp, #8
    2990:	e8bd8040 	pop	{r6, pc}
    2994:	e3a00008 	mov	r0, #8
    2998:	e59d1000 	ldr	r1, [sp]
    299c:	e5810010 	str	r0, [r1, #16]
    29a0:	e59d0000 	ldr	r0, [sp]
    29a4:	e59d100c 	ldr	r1, [sp, #12]
    29a8:	e59fc880 	ldr	ip, [pc, #2176]	@ 0x3230
    29ac:	e12fff3c 	blx	ip
    29b0:	e59d6008 	ldr	r6, [sp, #8]
    29b4:	e28dd010 	add	sp, sp, #16
    29b8:	e12fff10 	bx	r0
    29bc:	e92d43c0 	push	{r6, r7, r8, r9, lr}
    29c0:	e24dd004 	sub	sp, sp, #4
    29c4:	e58d0000 	str	r0, [sp]
    29c8:	e30cc123 	movw	ip, #49443	@ 0xc123
    29cc:	e34cc456 	movt	ip, #50262	@ 0xc456
    29d0:	e5940000 	ldr	r0, [r4]
    29d4:	e5941004 	ldr	r1, [r4, #4]
    29d8:	e5942008 	ldr	r2, [r4, #8]
    29dc:	e3520000 	cmp	r2, #0
    29e0:	e3a03000 	mov	r3, #0
    29e4:	13a03001 	movne	r3, #1
    29e8:	e3100003 	tst	r0, #3
    29ec:	0a000016 	beq	0x2a4c
    29f0:	e3520000 	cmp	r2, #0
    29f4:	0a000014 	beq	0x2a4c
    29f8:	e20160ff 	and	r6, r1, #255	@ 0xff
    29fc:	e1a09000 	mov	r9, r0
    2a00:	e5958030 	ldr	r8, [r5, #48]	@ 0x30
    2a04:	e3e0c4fe 	mvn	ip, #-33554432	@ 0xfe000000
    2a08:	e3ccc8fe 	bic	ip, ip, #16646144	@ 0xfe0000
    2a0c:	e159000c 	cmp	r9, ip
    2a10:	8a00004e 	bhi	0x2b50
    2a14:	e7e789f0 			@ <UNDEFINED> instruction: 0xe7e789f0
    2a18:	e1570006 	cmp	r7, r6
    2a1c:	0a000032 	beq	0x2aec
    2a20:	e2427001 	sub	r7, r2, #1
    2a24:	e1a02007 	mov	r2, r7
    2a28:	e3570000 	cmp	r7, #0
    2a2c:	e3a03000 	mov	r3, #0
    2a30:	13a03001 	movne	r3, #1
    2a34:	e2807001 	add	r7, r0, #1
    2a38:	e1a00007 	mov	r0, r7
    2a3c:	e3170003 	tst	r7, #3
    2a40:	0a000001 	beq	0x2a4c
    2a44:	e3520000 	cmp	r2, #0
    2a48:	1affffeb 	bne	0x29fc
    2a4c:	e3530000 	cmp	r3, #0
    2a50:	0a000037 	beq	0x2b34
    2a54:	e1a07000 	mov	r7, r0
    2a58:	e5956030 	ldr	r6, [r5, #48]	@ 0x30
    2a5c:	e3e0c4fe 	mvn	ip, #-33554432	@ 0xfe000000
    2a60:	e3ccc8fe 	bic	ip, ip, #16646144	@ 0xfe0000
    2a64:	e157000c 	cmp	r7, ip
    2a68:	8a000038 	bhi	0x2b50
    2a6c:	e7e367f0 			@ <UNDEFINED> instruction: 0xe7e367f0
    2a70:	e20160ff 	and	r6, r1, #255	@ 0xff
    2a74:	e1530006 	cmp	r3, r6
    2a78:	0a000019 	beq	0x2ae4
    2a7c:	e3520004 	cmp	r2, #4
    2a80:	3a000017 	bcc	0x2ae4
    2a84:	e20130ff 	and	r3, r1, #255	@ 0xff
    2a88:	e59fc728 	ldr	ip, [pc, #1832]	@ 0x31b8
    2a8c:	e0030c93 	mul	r3, r3, ip
    2a90:	e1a08000 	mov	r8, r0
    2a94:	e5957030 	ldr	r7, [r5, #48]	@ 0x30
    2a98:	e59fc71c 	ldr	ip, [pc, #1820]	@ 0x31bc
    2a9c:	e158000c 	cmp	r8, ip
    2aa0:	8a00002a 	bhi	0x2b50
    2aa4:	e7e678f4 			@ <UNDEFINED> instruction: 0xe7e678f4
    2aa8:	e0266003 	eor	r6, r6, r3
    2aac:	e1a07006 	mov	r7, r6
    2ab0:	e59fc77c 	ldr	ip, [pc, #1916]	@ 0x3234
    2ab4:	e04c6006 	sub	r6, ip, r6
    2ab8:	e1866007 	orr	r6, r6, r7
    2abc:	e59fc774 	ldr	ip, [pc, #1908]	@ 0x3238
    2ac0:	e006600c 	and	r6, r6, ip
    2ac4:	e59fc76c 	ldr	ip, [pc, #1900]	@ 0x3238
    2ac8:	e156000c 	cmp	r6, ip
    2acc:	1a000006 	bne	0x2aec
    2ad0:	e2800004 	add	r0, r0, #4
    2ad4:	e2426004 	sub	r6, r2, #4
    2ad8:	e1a02006 	mov	r2, r6
    2adc:	e3560003 	cmp	r6, #3
    2ae0:	8affffea 	bhi	0x2a90
    2ae4:	e3520000 	cmp	r2, #0
    2ae8:	0a000011 	beq	0x2b34
    2aec:	e20110ff 	and	r1, r1, #255	@ 0xff
    2af0:	e1a07000 	mov	r7, r0
    2af4:	e5956030 	ldr	r6, [r5, #48]	@ 0x30
    2af8:	e3e0c4fe 	mvn	ip, #-33554432	@ 0xfe000000
    2afc:	e3ccc8fe 	bic	ip, ip, #16646144	@ 0xfe0000
    2b00:	e157000c 	cmp	r7, ip
    2b04:	8a000011 	bhi	0x2b50
    2b08:	e7e367f0 			@ <UNDEFINED> instruction: 0xe7e367f0
    2b0c:	e1530001 	cmp	r3, r1
    2b10:	1a000002 	bne	0x2b20
    2b14:	e5840000 	str	r0, [r4]
    2b18:	e59f071c 	ldr	r0, [pc, #1820]	@ 0x323c
    2b1c:	ea000009 	b	0x2b48
    2b20:	e2800001 	add	r0, r0, #1
    2b24:	e2423001 	sub	r3, r2, #1
    2b28:	e1a02003 	mov	r2, r3
    2b2c:	e3530000 	cmp	r3, #0
    2b30:	1affffee 	bne	0x2af0
    2b34:	e3a0e000 	mov	lr, #0
    2b38:	e584e018 	str	lr, [r4, #24]
    2b3c:	e59f06fc 	ldr	r0, [pc, #1788]	@ 0x3240
    2b40:	e30ccabc 	movw	ip, #51900	@ 0xcabc
    2b44:	e34ccdef 	movt	ip, #52719	@ 0xcdef
    2b48:	e28dd004 	add	sp, sp, #4
    2b4c:	e8bd83c0 	pop	{r6, r7, r8, r9, pc}
    2b50:	e3a00008 	mov	r0, #8
    2b54:	e59d1000 	ldr	r1, [sp]
    2b58:	e5810010 	str	r0, [r1, #16]
    2b5c:	e59d0000 	ldr	r0, [sp]
    2b60:	e59d1014 	ldr	r1, [sp, #20]
    2b64:	e59fc6d8 	ldr	ip, [pc, #1752]	@ 0x3244
    2b68:	e12fff3c 	blx	ip
    2b6c:	e28dd004 	add	sp, sp, #4
    2b70:	e8bd03c0 	pop	{r6, r7, r8, r9}
    2b74:	e28dd004 	add	sp, sp, #4
    2b78:	e12fff10 	bx	r0
    2b7c:	e92d40c0 	push	{r6, r7, lr}
    2b80:	e24dd004 	sub	sp, sp, #4
    2b84:	e58d0000 	str	r0, [sp]
    2b88:	e30cc123 	movw	ip, #49443	@ 0xc123
    2b8c:	e34cc456 	movt	ip, #50262	@ 0xc456
    2b90:	e5946000 	ldr	r6, [r4]
    2b94:	e5947004 	ldr	r7, [r4, #4]
    2b98:	e5846000 	str	r6, [r4]
    2b9c:	e3a0e000 	mov	lr, #0
    2ba0:	e584e00c 	str	lr, [r4, #12]
    2ba4:	e5847004 	str	r7, [r4, #4]
    2ba8:	e59f0698 	ldr	r0, [pc, #1688]	@ 0x3248
    2bac:	e1a01004 	mov	r1, r4
    2bb0:	e59d2000 	ldr	r2, [sp]
    2bb4:	e59fc690 	ldr	ip, [pc, #1680]	@ 0x324c
    2bb8:	e12fff3c 	blx	ip
    2bbc:	e3500000 	cmp	r0, #0
    2bc0:	1a00000a 	bne	0x2bf0
    2bc4:	e5940010 	ldr	r0, [r4, #16]
    2bc8:	e1a01000 	mov	r1, r0
    2bcc:	e0400006 	sub	r0, r0, r6
    2bd0:	e3510000 	cmp	r1, #0
    2bd4:	01a00007 	moveq	r0, r7
    2bd8:	e5840010 	str	r0, [r4, #16]
    2bdc:	e59f066c 	ldr	r0, [pc, #1644]	@ 0x3250
    2be0:	e30ccabc 	movw	ip, #51900	@ 0xcabc
    2be4:	e34ccdef 	movt	ip, #52719	@ 0xcdef
    2be8:	e28dd004 	add	sp, sp, #4
    2bec:	e8bd80c0 	pop	{r6, r7, pc}
    2bf0:	e59d0000 	ldr	r0, [sp]
    2bf4:	e59d100c 	ldr	r1, [sp, #12]
    2bf8:	e59fc654 	ldr	ip, [pc, #1620]	@ 0x3254
    2bfc:	e12fff3c 	blx	ip
    2c00:	e28dd004 	add	sp, sp, #4
    2c04:	e8bd00c0 	pop	{r6, r7}
    2c08:	e28dd004 	add	sp, sp, #4
    2c0c:	e12fff10 	bx	r0
    2c10:	e92d43c0 	push	{r6, r7, r8, r9, lr}
    2c14:	e24dd004 	sub	sp, sp, #4
    2c18:	e58d0000 	str	r0, [sp]
    2c1c:	e30cc123 	movw	ip, #49443	@ 0xc123
    2c20:	e34cc456 	movt	ip, #50262	@ 0xc456
    2c24:	ed940b00 	vldr	d0, [r4]
    2c28:	e5946008 	ldr	r6, [r4, #8]
    2c2c:	ec510a10 	vmov	r0, r1, s0, s1
    2c30:	e1a02000 	mov	r2, r0
    2c34:	e1a03001 	mov	r3, r1
    2c38:	e1a00a21 	lsr	r0, r1, #20
    2c3c:	e3a01000 	mov	r1, #0
    2c40:	e3a0cc07 	mov	ip, #1792	@ 0x700
    2c44:	e38cc0ff 	orr	ip, ip, #255	@ 0xff
    2c48:	e000000c 	and	r0, r0, ip
    2c4c:	e1a01000 	mov	r1, r0
    2c50:	e3a0cc07 	mov	ip, #1792	@ 0x700
    2c54:	e38cc0ff 	orr	ip, ip, #255	@ 0xff
    2c58:	e150000c 	cmp	r0, ip
    2c5c:	0a000037 	beq	0x2d40
    2c60:	e3510000 	cmp	r1, #0
    2c64:	1a000026 	bne	0x2d04
    2c68:	e3a0c000 	mov	ip, #0
    2c6c:	ec4cca11 	vmov	s2, s3, ip, ip
    2c70:	eeb40b41 	vcmp.f64	d0, d1
    2c74:	eef1fa10 	vmrs	APSR_nzcv, fpscr
    2c78:	1a000001 	bne	0x2c84
    2c7c:	e3a00000 	mov	r0, #0
    2c80:	ea000016 	b	0x2ce0
    2c84:	e3a0c000 	mov	ip, #0
    2c88:	e3a0e204 	mov	lr, #4, 4	@ 0x40000000
    2c8c:	e38ee63f 	orr	lr, lr, #66060288	@ 0x3f00000
    2c90:	ec4eca11 	vmov	s2, s3, ip, lr
    2c94:	ee202b01 	vmul.f64	d2, d0, d1
    2c98:	ed842b0f 	vstr	d2, [r4, #60]	@ 0x3c
    2c9c:	e5846008 	str	r6, [r4, #8]
    2ca0:	e59f05b0 	ldr	r0, [pc, #1456]	@ 0x3258
    2ca4:	e1a01004 	mov	r1, r4
    2ca8:	e59d2000 	ldr	r2, [sp]
    2cac:	e59fc5a8 	ldr	ip, [pc, #1448]	@ 0x325c
    2cb0:	e12fff3c 	blx	ip
    2cb4:	e3500000 	cmp	r0, #0
    2cb8:	1a000029 	bne	0x2d64
    2cbc:	ed941b0f 	vldr	d1, [r4, #60]	@ 0x3c
    2cc0:	eeb00b41 	vmov.f64	d0, d1
    2cc4:	e1a09006 	mov	r9, r6
    2cc8:	e5958030 	ldr	r8, [r5, #48]	@ 0x30
    2ccc:	e59fc4e8 	ldr	ip, [pc, #1256]	@ 0x31bc
    2cd0:	e159000c 	cmp	r9, ip
    2cd4:	8a00001f 	bhi	0x2d58
    2cd8:	e7e789f4 			@ <UNDEFINED> instruction: 0xe7e789f4
    2cdc:	e2470040 	sub	r0, r7, #64	@ 0x40
    2ce0:	e1a08006 	mov	r8, r6
    2ce4:	e5957030 	ldr	r7, [r5, #48]	@ 0x30
    2ce8:	e59fc4cc 	ldr	ip, [pc, #1228]	@ 0x31bc
    2cec:	e158000c 	cmp	r8, ip
    2cf0:	8a000018 	bhi	0x2d58
    2cf4:	e7d078f4 			@ <UNDEFINED> instruction: 0xe7d078f4
    2cf8:	ed840b00 	vstr	d0, [r4]
    2cfc:	e59f055c 	ldr	r0, [pc, #1372]	@ 0x3260
    2d00:	ea000012 	b	0x2d50
    2d04:	e2411c03 	sub	r1, r1, #768	@ 0x300
    2d08:	e24110fe 	sub	r1, r1, #254	@ 0xfe
    2d0c:	e5950030 	ldr	r0, [r5, #48]	@ 0x30
    2d10:	e59fc4a4 	ldr	ip, [pc, #1188]	@ 0x31bc
    2d14:	e156000c 	cmp	r6, ip
    2d18:	8a00000e 	bhi	0x2d58
    2d1c:	e7d106f4 			@ <UNDEFINED> instruction: 0xe7d106f4
    2d20:	e3c22000 	bic	r2, r2, #0
    2d24:	e3e0c207 	mvn	ip, #1879048192	@ 0x70000000
    2d28:	e3ccc6ff 	bic	ip, ip, #267386880	@ 0xff00000
    2d2c:	e003300c 	and	r3, r3, ip
    2d30:	e3822000 	orr	r2, r2, #0
    2d34:	e3833203 	orr	r3, r3, #805306368	@ 0x30000000
    2d38:	e38336fe 	orr	r3, r3, #266338304	@ 0xfe00000
    2d3c:	ec432a10 	vmov	s0, s1, r2, r3
    2d40:	ed840b00 	vstr	d0, [r4]
    2d44:	e59f0518 	ldr	r0, [pc, #1304]	@ 0x3264
    2d48:	e30ccabc 	movw	ip, #51900	@ 0xcabc
    2d4c:	e34ccdef 	movt	ip, #52719	@ 0xcdef
    2d50:	e28dd004 	add	sp, sp, #4
    2d54:	e8bd83c0 	pop	{r6, r7, r8, r9, pc}
    2d58:	e3a00008 	mov	r0, #8
    2d5c:	e59d1000 	ldr	r1, [sp]
    2d60:	e5810010 	str	r0, [r1, #16]
    2d64:	e59d0000 	ldr	r0, [sp]
    2d68:	e59d1014 	ldr	r1, [sp, #20]
    2d6c:	e59fc4f4 	ldr	ip, [pc, #1268]	@ 0x3268
    2d70:	e12fff3c 	blx	ip
    2d74:	e28dd004 	add	sp, sp, #4
    2d78:	e8bd03c0 	pop	{r6, r7, r8, r9}
    2d7c:	e28dd004 	add	sp, sp, #4
    2d80:	e12fff10 	bx	r0
    2d84:	e92d4fc0 	push	{r6, r7, r8, r9, sl, fp, lr}
    2d88:	e24dd004 	sub	sp, sp, #4
    2d8c:	e58d0000 	str	r0, [sp]
    2d90:	e30cc123 	movw	ip, #49443	@ 0xc123
    2d94:	e34cc456 	movt	ip, #50262	@ 0xc456
    2d98:	e5946000 	ldr	r6, [r4]
    2d9c:	e5947004 	ldr	r7, [r4, #4]
    2da0:	e5948008 	ldr	r8, [r4, #8]
    2da4:	e1a02008 	mov	r2, r8
    2da8:	e5951030 	ldr	r1, [r5, #48]	@ 0x30
    2dac:	e59fe408 	ldr	lr, [pc, #1032]	@ 0x31bc
    2db0:	e7f2e1f0 	udf	#11792	@ 0x2e10
    2db4:	2a00008c 	bcs	0x2fec
    2db8:	e7e012f4 			@ <UNDEFINED> instruction: 0xe7e012f4
    2dbc:	e1a01000 	mov	r1, r0
    2dc0:	e3500000 	cmp	r0, #0
    2dc4:	1a000011 	bne	0x2e10
    2dc8:	e3a09000 	mov	r9, #0
    2dcc:	e5848008 	str	r8, [r4, #8]
    2dd0:	e59f0494 	ldr	r0, [pc, #1172]	@ 0x326c
    2dd4:	e1a01004 	mov	r1, r4
    2dd8:	e59d2000 	ldr	r2, [sp]
    2ddc:	e59fc48c 	ldr	ip, [pc, #1164]	@ 0x3270
    2de0:	e12fff3c 	blx	ip
    2de4:	e3500000 	cmp	r0, #0
    2de8:	1a000082 	bne	0x2ff8
    2dec:	e5940024 	ldr	r0, [r4, #36]	@ 0x24
    2df0:	e3500000 	cmp	r0, #0
    2df4:	1a000076 	bne	0x2fd4
    2df8:	e1a02008 	mov	r2, r8
    2dfc:	e5950030 	ldr	r0, [r5, #48]	@ 0x30
    2e00:	e59fe3b4 	ldr	lr, [pc, #948]	@ 0x31bc
    2e04:	e7f2e1f0 	udf	#11792	@ 0x2e10
    2e08:	2a000077 	bcs	0x2fec
    2e0c:	e7e102f4 			@ <UNDEFINED> instruction: 0xe7e102f4
    2e10:	e1a03008 	mov	r3, r8
    2e14:	e5952030 	ldr	r2, [r5, #48]	@ 0x30
    2e18:	e59fe39c 	ldr	lr, [pc, #924]	@ 0x31bc
    2e1c:	e7f3e1f4 	udf	#15892	@ 0x3e14
    2e20:	2a000071 	bcs	0x2fec
    2e24:	e7e023f4 			@ <UNDEFINED> instruction: 0xe7e023f4
    2e28:	e1a02000 	mov	r2, r0
    2e2c:	e0411000 	sub	r1, r1, r0
    2e30:	e1570001 	cmp	r7, r1
    2e34:	9a000014 	bls	0x2e8c
    2e38:	e1a03008 	mov	r3, r8
    2e3c:	e5951030 	ldr	r1, [r5, #48]	@ 0x30
    2e40:	e59fe374 	ldr	lr, [pc, #884]	@ 0x31bc
    2e44:	e7f3e2f4 	udf	#15908	@ 0x3e24
    2e48:	2a000067 	bcs	0x2fec
    2e4c:	e7e013f4 			@ <UNDEFINED> instruction: 0xe7e013f4
    2e50:	e5848008 	str	r8, [r4, #8]
    2e54:	e5846000 	str	r6, [r4]
    2e58:	e5847004 	str	r7, [r4, #4]
    2e5c:	e5840030 	str	r0, [r4, #48]	@ 0x30
    2e60:	e59f040c 	ldr	r0, [pc, #1036]	@ 0x3274
    2e64:	e1a01004 	mov	r1, r4
    2e68:	e59d2000 	ldr	r2, [sp]
    2e6c:	e59fc404 	ldr	ip, [pc, #1028]	@ 0x3278
    2e70:	e12fff3c 	blx	ip
    2e74:	e3500000 	cmp	r0, #0
    2e78:	1a00005e 	bne	0x2ff8
    2e7c:	e5940024 	ldr	r0, [r4, #36]	@ 0x24
    2e80:	e5840024 	str	r0, [r4, #36]	@ 0x24
    2e84:	e59f03f0 	ldr	r0, [pc, #1008]	@ 0x327c
    2e88:	ea000055 	b	0x2fe4
    2e8c:	e1a03008 	mov	r3, r8
    2e90:	e5951030 	ldr	r1, [r5, #48]	@ 0x30
    2e94:	e59fe320 	ldr	lr, [pc, #800]	@ 0x31bc
    2e98:	e7f3e5f0 	udf	#15952	@ 0x3e50
    2e9c:	2a000052 	bcs	0x2fec
    2ea0:	e7e013f4 			@ <UNDEFINED> instruction: 0xe7e013f4
    2ea4:	e3500000 	cmp	r0, #0
    2ea8:	ba000030 	blt	0x2f70
    2eac:	e3570000 	cmp	r7, #0
    2eb0:	0a00002e 	beq	0x2f70
    2eb4:	e1a0a007 	mov	sl, r7
    2eb8:	e086000a 	add	r0, r6, sl
    2ebc:	e1a0b000 	mov	fp, r0
    2ec0:	e2400001 	sub	r0, r0, #1
    2ec4:	e1a03000 	mov	r3, r0
    2ec8:	e5951030 	ldr	r1, [r5, #48]	@ 0x30
    2ecc:	e3e0c4fe 	mvn	ip, #-33554432	@ 0xfe000000
    2ed0:	e3ccc8fe 	bic	ip, ip, #16646144	@ 0xfe0000
    2ed4:	e153000c 	cmp	r3, ip
    2ed8:	8a000043 	bhi	0x2fec
    2edc:	e7e013f0 			@ <UNDEFINED> instruction: 0xe7e013f0
    2ee0:	e350000a 	cmp	r0, #10
    2ee4:	0a000004 	beq	0x2efc
    2ee8:	e24a0001 	sub	r0, sl, #1
    2eec:	e1a0a000 	mov	sl, r0
    2ef0:	e3500000 	cmp	r0, #0
    2ef4:	0a00001d 	beq	0x2f70
    2ef8:	eaffffee 	b	0x2eb8
    2efc:	e1a03008 	mov	r3, r8
    2f00:	e5951030 	ldr	r1, [r5, #48]	@ 0x30
    2f04:	e59fe2b0 	ldr	lr, [pc, #688]	@ 0x31bc
    2f08:	e7f3e2f4 	udf	#15908	@ 0x3e24
    2f0c:	2a000036 	bcs	0x2fec
    2f10:	e7e013f4 			@ <UNDEFINED> instruction: 0xe7e013f4
    2f14:	e5848008 	str	r8, [r4, #8]
    2f18:	e5846000 	str	r6, [r4]
    2f1c:	e584a00c 	str	sl, [r4, #12]
    2f20:	e5840030 	str	r0, [r4, #48]	@ 0x30
    2f24:	e59f0354 	ldr	r0, [pc, #852]	@ 0x3280
    2f28:	e1a01004 	mov	r1, r4
    2f2c:	e59d2000 	ldr	r2, [sp]
    2f30:	e59fc34c 	ldr	ip, [pc, #844]	@ 0x3284
    2f34:	e12fff3c 	blx	ip
    2f38:	e3500000 	cmp	r0, #0
    2f3c:	1a00002d 	bne	0x2ff8
    2f40:	e5940024 	ldr	r0, [r4, #36]	@ 0x24
    2f44:	e1a09000 	mov	r9, r0
    2f48:	e150000a 	cmp	r0, sl
    2f4c:	3a000020 	bcc	0x2fd4
    2f50:	e047700a 	sub	r7, r7, sl
    2f54:	e1a01008 	mov	r1, r8
    2f58:	e5950030 	ldr	r0, [r5, #48]	@ 0x30
    2f5c:	e59fe258 	ldr	lr, [pc, #600]	@ 0x31bc
    2f60:	e7f1e1f4 	udf	#7700	@ 0x1e14
    2f64:	2a000020 	bcs	0x2fec
    2f68:	e7e201f4 			@ <UNDEFINED> instruction: 0xe7e201f4
    2f6c:	ea000001 	b	0x2f78
    2f70:	e1a0b006 	mov	fp, r6
    2f74:	e3a0a000 	mov	sl, #0
    2f78:	e5842010 	str	r2, [r4, #16]
    2f7c:	e584b014 	str	fp, [r4, #20]
    2f80:	e5847004 	str	r7, [r4, #4]
    2f84:	e59f02fc 	ldr	r0, [pc, #764]	@ 0x3288
    2f88:	e1a01004 	mov	r1, r4
    2f8c:	e59d2000 	ldr	r2, [sp]
    2f90:	e59fc2f4 	ldr	ip, [pc, #756]	@ 0x328c
    2f94:	e12fff3c 	blx	ip
    2f98:	e3500000 	cmp	r0, #0
    2f9c:	1a000015 	bne	0x2ff8
    2fa0:	e1a02008 	mov	r2, r8
    2fa4:	e5951030 	ldr	r1, [r5, #48]	@ 0x30
    2fa8:	e59fe20c 	ldr	lr, [pc, #524]	@ 0x31bc
    2fac:	e7f2e1f4 	udf	#11796	@ 0x2e14
    2fb0:	2a00000d 	bcs	0x2fec
    2fb4:	e7e012f4 			@ <UNDEFINED> instruction: 0xe7e012f4
    2fb8:	e0800007 	add	r0, r0, r7
    2fbc:	e5951030 	ldr	r1, [r5, #48]	@ 0x30
    2fc0:	e59fe1f4 	ldr	lr, [pc, #500]	@ 0x31bc
    2fc4:	e7f8e1f4 	udf	#36372	@ 0x8e14
    2fc8:	2a000007 	bcs	0x2fec
    2fcc:	e7d018f4 			@ <UNDEFINED> instruction: 0xe7d018f4
    2fd0:	e08a9007 	add	r9, sl, r7
    2fd4:	e5849010 	str	r9, [r4, #16]
    2fd8:	e59f02b0 	ldr	r0, [pc, #688]	@ 0x3290
    2fdc:	e30ccabc 	movw	ip, #51900	@ 0xcabc
    2fe0:	e34ccdef 	movt	ip, #52719	@ 0xcdef
    2fe4:	e28dd004 	add	sp, sp, #4
    2fe8:	e8bd8fc0 	pop	{r6, r7, r8, r9, sl, fp, pc}
    2fec:	e3a00008 	mov	r0, #8
    2ff0:	e59d1000 	ldr	r1, [sp]
    2ff4:	e5810010 	str	r0, [r1, #16]
    2ff8:	e59d0000 	ldr	r0, [sp]
    2ffc:	e59d101c 	ldr	r1, [sp, #28]
    3000:	e59fc28c 	ldr	ip, [pc, #652]	@ 0x3294
    3004:	e12fff3c 	blx	ip
    3008:	e28dd004 	add	sp, sp, #4
    300c:	e8bd0fc0 	pop	{r6, r7, r8, r9, sl, fp}
    3010:	e28dd004 	add	sp, sp, #4
    3014:	e12fff10 	bx	r0
    3018:	e92d4fc0 	push	{r6, r7, r8, r9, sl, fp, lr}
    301c:	e24dd004 	sub	sp, sp, #4
    3020:	e58d0000 	str	r0, [sp]
    3024:	e30cc123 	movw	ip, #49443	@ 0xc123
    3028:	e34cc456 	movt	ip, #50262	@ 0xc456
    302c:	e5947004 	ldr	r7, [r4, #4]
    3030:	e5940008 	ldr	r0, [r4, #8]
    3034:	e594800c 	ldr	r8, [r4, #12]
    3038:	e5949010 	ldr	r9, [r4, #16]
    303c:	e595e03c 	ldr	lr, [r5, #60]	@ 0x3c
    3040:	e59e1008 	ldr	r1, [lr, #8]
    3044:	e24110d0 	sub	r1, r1, #208	@ 0xd0
    3048:	e5841014 	str	r1, [r4, #20]
    304c:	e595203c 	ldr	r2, [r5, #60]	@ 0x3c
    3050:	e5821008 	str	r1, [r2, #8]
    3054:	e5942014 	ldr	r2, [r4, #20]
    3058:	e5951030 	ldr	r1, [r5, #48]	@ 0x30
    305c:	e59fe158 	ldr	lr, [pc, #344]	@ 0x31bc
    3060:	e7f2ecfc 	udf	#11980	@ 0x2ecc
    3064:	2a00014e 	bcs	0x35a4
    3068:	e7d012f4 			@ <UNDEFINED> instruction: 0xe7d012f4
    306c:	e594c014 	ldr	ip, [r4, #20]
    3070:	e28c00a0 	add	r0, ip, #160	@ 0xa0
    3074:	e3a01000 	mov	r1, #0
    3078:	e3a02028 	mov	r2, #40	@ 0x28
    307c:	e5953028 	ldr	r3, [r5, #40]	@ 0x28
    3080:	e59fc210 	ldr	ip, [pc, #528]	@ 0x3298
    3084:	e12fff3c 	blx	ip
    3088:	e3500000 	cmp	r0, #0
    308c:	1a000145 	bne	0x35a8
    3090:	e5942014 	ldr	r2, [r4, #20]
    3094:	e5951030 	ldr	r1, [r5, #48]	@ 0x30
    3098:	e59fe11c 	ldr	lr, [pc, #284]	@ 0x31bc
    309c:	e7f2ecfc 	udf	#11980	@ 0x2ecc
    30a0:	2a00013f 	bcs	0x35a4
    30a4:	e7e012f4 			@ <UNDEFINED> instruction: 0xe7e012f4
    30a8:	e5942014 	ldr	r2, [r4, #20]
    30ac:	e5951030 	ldr	r1, [r5, #48]	@ 0x30
    30b0:	e59fe104 	ldr	lr, [pc, #260]	@ 0x31bc
    30b4:	e7f2ecf8 	udf	#11976	@ 0x2ec8
    30b8:	2a000139 	bcs	0x35a4
    30bc:	e7d012f4 			@ <UNDEFINED> instruction: 0xe7d012f4
    30c0:	e594c014 	ldr	ip, [r4, #20]
    30c4:	e28c00c8 	add	r0, ip, #200	@ 0xc8
    30c8:	e594c014 	ldr	ip, [r4, #20]
    30cc:	e28c1050 	add	r1, ip, #80	@ 0x50
    30d0:	e594c014 	ldr	ip, [r4, #20]
    30d4:	e28c20a0 	add	r2, ip, #160	@ 0xa0
    30d8:	e3a0e000 	mov	lr, #0
    30dc:	e584e024 	str	lr, [r4, #36]	@ 0x24
    30e0:	e5847004 	str	r7, [r4, #4]
    30e4:	e5840044 	str	r0, [r4, #68]	@ 0x44
    30e8:	e5841048 	str	r1, [r4, #72]	@ 0x48
    30ec:	e584204c 	str	r2, [r4, #76]	@ 0x4c
    30f0:	e584800c 	str	r8, [r4, #12]
    30f4:	e5849010 	str	r9, [r4, #16]
    30f8:	e59f019c 	ldr	r0, [pc, #412]	@ 0x329c
    30fc:	e1a01004 	mov	r1, r4
    3100:	e59d2000 	ldr	r2, [sp]
    3104:	e59fc194 	ldr	ip, [pc, #404]	@ 0x32a0
    3108:	e12fff3c 	blx	ip
    310c:	e3500000 	cmp	r0, #0
    3110:	1a000126 	bne	0x35b0
    3114:	e594003c 	ldr	r0, [r4, #60]	@ 0x3c
    3118:	e3500000 	cmp	r0, #0
    311c:	aa000002 	bge	0x312c
    3120:	e3e0e000 	mvn	lr, #0
    3124:	e584e010 	str	lr, [r4, #16]
    3128:	ea000114 	b	0x3580
    312c:	e5942000 	ldr	r2, [r4]
    3130:	e5951030 	ldr	r1, [r5, #48]	@ 0x30
    3134:	e59fe080 	ldr	lr, [pc, #128]	@ 0x31bc
    3138:	e7f2e4fc 	udf	#11852	@ 0x2e4c
    313c:	2a000118 	bcs	0x35a4
    3140:	e7e012f4 			@ <UNDEFINED> instruction: 0xe7e012f4
    3144:	e3500000 	cmp	r0, #0
    3148:	aa000002 	bge	0x3158
    314c:	e3a0e001 	mov	lr, #1
    3150:	e584e018 	str	lr, [r4, #24]
    3154:	ea00000b 	b	0x3188
    3158:	e59f0144 	ldr	r0, [pc, #324]	@ 0x32a4
    315c:	e1a01004 	mov	r1, r4
    3160:	e59d2000 	ldr	r2, [sp]
    3164:	e59fc13c 	ldr	ip, [pc, #316]	@ 0x32a8
    3168:	e12fff3c 	blx	ip
    316c:	e3500000 	cmp	r0, #0
    3170:	1a00010e 	bne	0x35b0
    3174:	e594003c 	ldr	r0, [r4, #60]	@ 0x3c
    3178:	e3500000 	cmp	r0, #0
    317c:	e3a0c000 	mov	ip, #0
    3180:	03a0c001 	moveq	ip, #1
    3184:	e584c018 	str	ip, [r4, #24]
    3188:	e5942000 	ldr	r2, [r4]
    318c:	e5951030 	ldr	r1, [r5, #48]	@ 0x30
    3190:	e59fc024 	ldr	ip, [pc, #36]	@ 0x31bc
    3194:	e152000c 	cmp	r2, ip
    3198:	8a000101 	bhi	0x35a4
    319c:	e7e012f4 			@ <UNDEFINED> instruction: 0xe7e012f4
    31a0:	e1a0a000 	mov	sl, r0
    31a4:	ea000040 	b	0x32ac
	...
    31b8:	01010101 	tsteq	r1, r1, lsl #2
    31bc:	0101fffc 	strdeq	pc, [r1, -ip]
    31c0:	0101fff8 	strdeq	pc, [r1, -r8]
    31c4:	003fd150 	eorseq	sp, pc, r0, asr r1	@ <UNPREDICTABLE>
    31c8:	00048004 	andeq	r8, r4, r4
    31cc:	003f8b48 	eorseq	r8, pc, r8, asr #22
    31d0:	003f6a20 	eorseq	r6, pc, r0, lsr #20
    31d4:	0004890c 	andeq	r8, r4, ip, lsl #18
    31d8:	003f6a38 	eorseq	r6, pc, r8, lsr sl	@ <UNPREDICTABLE>
    31dc:	00048004 	andeq	r8, r4, r4
    31e0:	003fbd84 	eorseq	fp, pc, r4, lsl #27
    31e4:	0004890c 	andeq	r8, r4, ip, lsl #18
    31e8:	003fbdb0 	ldrhteq	fp, [pc], -r0
    31ec:	0004890c 	andeq	r8, r4, ip, lsl #18
    31f0:	003fbdec 	eorseq	fp, pc, ip, ror #27
    31f4:	0004890c 	andeq	r8, r4, ip, lsl #18
    31f8:	003fbe08 	eorseq	fp, pc, r8, lsl #28
    31fc:	0004890c 	andeq	r8, r4, ip, lsl #18
    3200:	003fbe24 	eorseq	fp, pc, r4, lsr #28
    3204:	0004890c 	andeq	r8, r4, ip, lsl #18
    3208:	003fbe3c 	eorseq	fp, pc, ip, lsr lr	@ <UNPREDICTABLE>
    320c:	00048004 	andeq	r8, r4, r4
    3210:	0004890c 	andeq	r8, r4, ip, lsl #18
    3214:	003f908c 	eorseq	r9, pc, ip, lsl #1
    3218:	00048c48 	andeq	r8, r4, r8, asr #24
    321c:	003f9108 	eorseq	r9, pc, r8, lsl #2
    3220:	00048c48 	andeq	r8, r4, r8, asr #24
    3224:	003f9130 	eorseq	r9, pc, r0, lsr r1	@ <UNPREDICTABLE>
    3228:	00048004 	andeq	r8, r4, r4
    322c:	003f3ff4 	ldrshteq	r3, [pc], -r4
    3230:	00048004 	andeq	r8, r4, r4
    3234:	01010100 	mrseq	r0, (UNDEF: 17)
    3238:	80808080 	addhi	r8, r0, r0, lsl #1
    323c:	003fd98c 	eorseq	sp, pc, ip, lsl #19
    3240:	003fd9c4 	eorseq	sp, pc, r4, asr #19
    3244:	00048004 	andeq	r8, r4, r4
    3248:	003f2244 	eorseq	r2, pc, r4, asr #4
    324c:	0004890c 	andeq	r8, r4, ip, lsl #18
    3250:	003f2284 	eorseq	r2, pc, r4, lsl #5
    3254:	00048004 	andeq	r8, r4, r4
    3258:	003fb704 	eorseq	fp, pc, r4, lsl #14
    325c:	0004890c 	andeq	r8, r4, ip, lsl #18
    3260:	003fb748 	eorseq	fp, pc, r8, asr #14
    3264:	003fb7b4 	ldrhteq	fp, [pc], -r4
    3268:	00048004 	andeq	r8, r4, r4
    326c:	003fe34c 	eorseq	lr, pc, ip, asr #6
    3270:	0004890c 	andeq	r8, r4, ip, lsl #18
    3274:	003fe3b8 	ldrhteq	lr, [pc], -r8
    3278:	00048c48 	andeq	r8, r4, r8, asr #24
    327c:	003fe3dc 	ldrsbteq	lr, [pc], -ip
    3280:	003fe490 	mlaseq	pc, r0, r4, lr	@ <UNPREDICTABLE>
    3284:	00048c48 	andeq	r8, r4, r8, asr #24
    3288:	003fe4fc 	ldrshteq	lr, [pc], -ip
    328c:	0004890c 	andeq	r8, r4, ip, lsl #18
    3290:	003fe548 	eorseq	lr, pc, r8, asr #10
    3294:	00048004 	andeq	r8, r4, r4
    3298:	00049a8c 	andeq	r9, r4, ip, lsl #21
    329c:	003fe99c 	mlaseq	pc, ip, r9, lr	@ <UNPREDICTABLE>
    32a0:	0004890c 	andeq	r8, r4, ip, lsl #18
    32a4:	003fea1c 	eorseq	lr, pc, ip, lsl sl	@ <UNPREDICTABLE>
    32a8:	0004890c 	andeq	r8, r4, ip, lsl #18
    32ac:	e3c00020 	bic	r0, r0, #32
    32b0:	e5942000 	ldr	r2, [r4]
    32b4:	e5951030 	ldr	r1, [r5, #48]	@ 0x30
    32b8:	e59fcff8 	ldr	ip, [pc, #4088]	@ 0x42b8
    32bc:	e152000c 	cmp	r2, ip
    32c0:	8a0000b7 	bhi	0x35a4
    32c4:	e7d012f4 			@ <UNDEFINED> instruction: 0xe7d012f4
    32c8:	e5942000 	ldr	r2, [r4]
    32cc:	e5951030 	ldr	r1, [r5, #48]	@ 0x30
    32d0:	e59fefe0 	ldr	lr, [pc, #4064]	@ 0x42b8
    32d4:	e7f2e3f0 	udf	#11824	@ 0x2e30
    32d8:	2a0000b1 	bcs	0x35a4
    32dc:	e7e012f4 			@ <UNDEFINED> instruction: 0xe7e012f4
    32e0:	e3500000 	cmp	r0, #0
    32e4:	1a000025 	bne	0x3380
    32e8:	e5941000 	ldr	r1, [r4]
    32ec:	e5950030 	ldr	r0, [r5, #48]	@ 0x30
    32f0:	e59fefc0 	ldr	lr, [pc, #4032]	@ 0x42b8
    32f4:	e7f1e3f0 	udf	#7728	@ 0x1e30
    32f8:	2a0000a9 	bcs	0x35a4
    32fc:	e3a02050 	mov	r2, #80	@ 0x50
    3300:	e7d201f4 			@ <UNDEFINED> instruction: 0xe7d201f4
    3304:	e5941000 	ldr	r1, [r4]
    3308:	e5950030 	ldr	r0, [r5, #48]	@ 0x30
    330c:	e59fefa4 	ldr	lr, [pc, #4004]	@ 0x42b8
    3310:	e7f1e1fc 	udf	#7708	@ 0x1e1c
    3314:	2a0000a2 	bcs	0x35a4
    3318:	e3a02000 	mov	r2, #0
    331c:	e7d201f4 			@ <UNDEFINED> instruction: 0xe7d201f4
    3320:	e5941000 	ldr	r1, [r4]
    3324:	e5950030 	ldr	r0, [r5, #48]	@ 0x30
    3328:	e59fef8c 	ldr	lr, [pc, #3980]	@ 0x42bc
    332c:	e7f1e1f0 	udf	#7696	@ 0x1e10
    3330:	2a00009b 	bcs	0x35a4
    3334:	e0800001 	add	r0, r0, r1
    3338:	e3a01000 	mov	r1, #0
    333c:	e3a02000 	mov	r2, #0
    3340:	e5802000 	str	r2, [r0]
    3344:	e5801004 	str	r1, [r0, #4]
    3348:	e5941000 	ldr	r1, [r4]
    334c:	e5950030 	ldr	r0, [r5, #48]	@ 0x30
    3350:	e59fef60 	ldr	lr, [pc, #3936]	@ 0x42b8
    3354:	e7f1e2fc 	udf	#7724	@ 0x1e2c
    3358:	2a000091 	bcs	0x35a4
    335c:	e7e601f4 			@ <UNDEFINED> instruction: 0xe7e601f4
    3360:	e5941000 	ldr	r1, [r4]
    3364:	e5950030 	ldr	r0, [r5, #48]	@ 0x30
    3368:	e5942014 	ldr	r2, [r4, #20]
    336c:	e59fef44 	ldr	lr, [pc, #3908]	@ 0x42b8
    3370:	e7f1e2fc 	udf	#7724	@ 0x1e2c
    3374:	2a00008a 	bcs	0x35a4
    3378:	e7d201f4 			@ <UNDEFINED> instruction: 0xe7d201f4
    337c:	ea000008 	b	0x33a4
    3380:	e3a06000 	mov	r6, #0
    3384:	e5942000 	ldr	r2, [r4]
    3388:	e5951030 	ldr	r1, [r5, #48]	@ 0x30
    338c:	e59fef24 	ldr	lr, [pc, #3876]	@ 0x42b8
    3390:	e7f2e1f0 	udf	#11792	@ 0x2e10
    3394:	2a000082 	bcs	0x35a4
    3398:	e7e012f4 			@ <UNDEFINED> instruction: 0xe7e012f4
    339c:	e3500000 	cmp	r0, #0
    33a0:	1a00000a 	bne	0x33d0
    33a4:	e3e0b000 	mvn	fp, #0
    33a8:	e59f0f10 	ldr	r0, [pc, #3856]	@ 0x42c0
    33ac:	e1a01004 	mov	r1, r4
    33b0:	e59d2000 	ldr	r2, [sp]
    33b4:	e59fcf08 	ldr	ip, [pc, #3848]	@ 0x42c4
    33b8:	e12fff3c 	blx	ip
    33bc:	e3500000 	cmp	r0, #0
    33c0:	1a00007a 	bne	0x35b0
    33c4:	e594003c 	ldr	r0, [r4, #60]	@ 0x3c
    33c8:	e3500000 	cmp	r0, #0
    33cc:	1a000014 	bne	0x3424
    33d0:	e594c014 	ldr	ip, [r4, #20]
    33d4:	e28c00c8 	add	r0, ip, #200	@ 0xc8
    33d8:	e594c014 	ldr	ip, [r4, #20]
    33dc:	e28c1050 	add	r1, ip, #80	@ 0x50
    33e0:	e594c014 	ldr	ip, [r4, #20]
    33e4:	e28c20a0 	add	r2, ip, #160	@ 0xa0
    33e8:	e5847004 	str	r7, [r4, #4]
    33ec:	e5840044 	str	r0, [r4, #68]	@ 0x44
    33f0:	e5841048 	str	r1, [r4, #72]	@ 0x48
    33f4:	e584204c 	str	r2, [r4, #76]	@ 0x4c
    33f8:	e584800c 	str	r8, [r4, #12]
    33fc:	e5849010 	str	r9, [r4, #16]
    3400:	e59f0ec0 	ldr	r0, [pc, #3776]	@ 0x42c8
    3404:	e1a01004 	mov	r1, r4
    3408:	e59d2000 	ldr	r2, [sp]
    340c:	e59fceb8 	ldr	ip, [pc, #3768]	@ 0x42cc
    3410:	e12fff3c 	blx	ip
    3414:	e3500000 	cmp	r0, #0
    3418:	1a000064 	bne	0x35b0
    341c:	e594003c 	ldr	r0, [r4, #60]	@ 0x3c
    3420:	e1a0b000 	mov	fp, r0
    3424:	e20aa020 	and	sl, sl, #32
    3428:	e3560000 	cmp	r6, #0
    342c:	0a000037 	beq	0x3510
    3430:	e5942000 	ldr	r2, [r4]
    3434:	e5951030 	ldr	r1, [r5, #48]	@ 0x30
    3438:	e59fee78 	ldr	lr, [pc, #3704]	@ 0x42b8
    343c:	e7f2e2f4 	udf	#11812	@ 0x2e24
    3440:	2a000057 	bcs	0x35a4
    3444:	e7e012f4 			@ <UNDEFINED> instruction: 0xe7e012f4
    3448:	e3a0e000 	mov	lr, #0
    344c:	e584e024 	str	lr, [r4, #36]	@ 0x24
    3450:	e3a0e000 	mov	lr, #0
    3454:	e584e024 	str	lr, [r4, #36]	@ 0x24
    3458:	e5840048 	str	r0, [r4, #72]	@ 0x48
    345c:	e59f0e6c 	ldr	r0, [pc, #3692]	@ 0x42d0
    3460:	e1a01004 	mov	r1, r4
    3464:	e59d2000 	ldr	r2, [sp]
    3468:	e59fce64 	ldr	ip, [pc, #3684]	@ 0x42d4
    346c:	e12fff3c 	blx	ip
    3470:	e3500000 	cmp	r0, #0
    3474:	1a00004d 	bne	0x35b0
    3478:	e5941000 	ldr	r1, [r4]
    347c:	e5950030 	ldr	r0, [r5, #48]	@ 0x30
    3480:	e59fee30 	ldr	lr, [pc, #3632]	@ 0x42b8
    3484:	e7f1e3f0 	udf	#7728	@ 0x1e30
    3488:	2a000045 	bcs	0x35a4
    348c:	e3a02000 	mov	r2, #0
    3490:	e7d201f4 			@ <UNDEFINED> instruction: 0xe7d201f4
    3494:	e5941000 	ldr	r1, [r4]
    3498:	e5950030 	ldr	r0, [r5, #48]	@ 0x30
    349c:	e59fee14 	ldr	lr, [pc, #3604]	@ 0x42b8
    34a0:	e7f1e2fc 	udf	#7724	@ 0x1e2c
    34a4:	2a00003e 	bcs	0x35a4
    34a8:	e7d601f4 			@ <UNDEFINED> instruction: 0xe7d601f4
    34ac:	e5941000 	ldr	r1, [r4]
    34b0:	e5950030 	ldr	r0, [r5, #48]	@ 0x30
    34b4:	e59fedfc 	ldr	lr, [pc, #3580]	@ 0x42b8
    34b8:	e7f1e1fc 	udf	#7708	@ 0x1e1c
    34bc:	2a000038 	bcs	0x35a4
    34c0:	e3a02000 	mov	r2, #0
    34c4:	e7d201f4 			@ <UNDEFINED> instruction: 0xe7d201f4
    34c8:	e5942000 	ldr	r2, [r4]
    34cc:	e5951030 	ldr	r1, [r5, #48]	@ 0x30
    34d0:	e59fede0 	ldr	lr, [pc, #3552]	@ 0x42b8
    34d4:	e7f2e1f4 	udf	#11796	@ 0x2e14
    34d8:	2a000031 	bcs	0x35a4
    34dc:	e7e012f4 			@ <UNDEFINED> instruction: 0xe7e012f4
    34e0:	e5942000 	ldr	r2, [r4]
    34e4:	e5951030 	ldr	r1, [r5, #48]	@ 0x30
    34e8:	e59fedcc 	ldr	lr, [pc, #3532]	@ 0x42bc
    34ec:	e7f2e1f0 	udf	#11792	@ 0x2e10
    34f0:	2a00002b 	bcs	0x35a4
    34f4:	e0811002 	add	r1, r1, r2
    34f8:	e3a02000 	mov	r2, #0
    34fc:	e3a03000 	mov	r3, #0
    3500:	e5813000 	str	r3, [r1]
    3504:	e5812004 	str	r2, [r1, #4]
    3508:	e3500000 	cmp	r0, #0
    350c:	03e0b000 	mvneq	fp, #0
    3510:	e5942000 	ldr	r2, [r4]
    3514:	e5951030 	ldr	r1, [r5, #48]	@ 0x30
    3518:	e59fcd98 	ldr	ip, [pc, #3480]	@ 0x42b8
    351c:	e152000c 	cmp	r2, ip
    3520:	8a00001f 	bhi	0x35a4
    3524:	e7e012f4 			@ <UNDEFINED> instruction: 0xe7e012f4
    3528:	e1a01000 	mov	r1, r0
    352c:	e180000a 	orr	r0, r0, sl
    3530:	e5943000 	ldr	r3, [r4]
    3534:	e5952030 	ldr	r2, [r5, #48]	@ 0x30
    3538:	e59fcd78 	ldr	ip, [pc, #3448]	@ 0x42b8
    353c:	e153000c 	cmp	r3, ip
    3540:	8a000017 	bhi	0x35a4
    3544:	e7d023f4 			@ <UNDEFINED> instruction: 0xe7d023f4
    3548:	e3110020 	tst	r1, #32
    354c:	e3e0e000 	mvn	lr, #0
    3550:	01a0e00b 	moveq	lr, fp
    3554:	e584e010 	str	lr, [r4, #16]
    3558:	e594c018 	ldr	ip, [r4, #24]
    355c:	e35c0000 	cmp	ip, #0
    3560:	1a000006 	bne	0x3580
    3564:	e59f0d6c 	ldr	r0, [pc, #3436]	@ 0x42d8
    3568:	e1a01004 	mov	r1, r4
    356c:	e59d2000 	ldr	r2, [sp]
    3570:	e59fcd64 	ldr	ip, [pc, #3428]	@ 0x42dc
    3574:	e12fff3c 	blx	ip
    3578:	e3500000 	cmp	r0, #0
    357c:	1a00000b 	bne	0x35b0
    3580:	e594c014 	ldr	ip, [r4, #20]
    3584:	e28c00d0 	add	r0, ip, #208	@ 0xd0
    3588:	e595103c 	ldr	r1, [r5, #60]	@ 0x3c
    358c:	e5810008 	str	r0, [r1, #8]
    3590:	e59f0d48 	ldr	r0, [pc, #3400]	@ 0x42e0
    3594:	e30ccabc 	movw	ip, #51900	@ 0xcabc
    3598:	e34ccdef 	movt	ip, #52719	@ 0xcdef
    359c:	e28dd004 	add	sp, sp, #4
    35a0:	e8bd8fc0 	pop	{r6, r7, r8, r9, sl, fp, pc}
    35a4:	e3a00008 	mov	r0, #8
    35a8:	e59d1000 	ldr	r1, [sp]
    35ac:	e5810010 	str	r0, [r1, #16]
    35b0:	e59d0000 	ldr	r0, [sp]
    35b4:	e59d101c 	ldr	r1, [sp, #28]
    35b8:	e59fcd24 	ldr	ip, [pc, #3364]	@ 0x42e4
    35bc:	e12fff3c 	blx	ip
    35c0:	e28dd004 	add	sp, sp, #4
    35c4:	e8bd0fc0 	pop	{r6, r7, r8, r9, sl, fp}
    35c8:	e28dd004 	add	sp, sp, #4
    35cc:	e12fff10 	bx	r0
    35d0:	e92d4fc0 	push	{r6, r7, r8, r9, sl, fp, lr}
    35d4:	e24dd004 	sub	sp, sp, #4
    35d8:	e58d0000 	str	r0, [sp]
    35dc:	e30cc123 	movw	ip, #49443	@ 0xc123
    35e0:	e34cc456 	movt	ip, #50262	@ 0xc456
    35e4:	e595e03c 	ldr	lr, [r5, #60]	@ 0x3c
    35e8:	e59e0008 	ldr	r0, [lr, #8]
    35ec:	e2400040 	sub	r0, r0, #64	@ 0x40
    35f0:	e584001c 	str	r0, [r4, #28]
    35f4:	e595103c 	ldr	r1, [r5, #60]	@ 0x3c
    35f8:	e5810008 	str	r0, [r1, #8]
    35fc:	e594101c 	ldr	r1, [r4, #28]
    3600:	e5950030 	ldr	r0, [r5, #48]	@ 0x30
    3604:	e5942004 	ldr	r2, [r4, #4]
    3608:	e59feca8 	ldr	lr, [pc, #3240]	@ 0x42b8
    360c:	e7f1e3fc 	udf	#7740	@ 0x1e3c
    3610:	2a0005bd 	bcs	0x4d0c
    3614:	e7d201f4 			@ <UNDEFINED> instruction: 0xe7d201f4
    3618:	e594c01c 	ldr	ip, [r4, #28]
    361c:	e28ce029 	add	lr, ip, #41	@ 0x29
    3620:	e584e020 	str	lr, [r4, #32]
    3624:	e594c01c 	ldr	ip, [r4, #28]
    3628:	e28ce027 	add	lr, ip, #39	@ 0x27
    362c:	e584e024 	str	lr, [r4, #36]	@ 0x24
    3630:	e594c01c 	ldr	ip, [r4, #28]
    3634:	e28ce028 	add	lr, ip, #40	@ 0x28
    3638:	e584e028 	str	lr, [r4, #40]	@ 0x28
    363c:	e3a0e000 	mov	lr, #0
    3640:	e584e02c 	str	lr, [r4, #44]	@ 0x2c
    3644:	e3a0e000 	mov	lr, #0
    3648:	e584e030 	str	lr, [r4, #48]	@ 0x30
    364c:	e3a0e000 	mov	lr, #0
    3650:	e584e034 	str	lr, [r4, #52]	@ 0x34
    3654:	e594e004 	ldr	lr, [r4, #4]
    3658:	e584e038 	str	lr, [r4, #56]	@ 0x38
    365c:	e594c030 	ldr	ip, [r4, #48]	@ 0x30
    3660:	e3e0e480 	mvn	lr, #128, 8	@ 0x80000000
    3664:	e02c000e 	eor	r0, ip, lr
    3668:	e594c034 	ldr	ip, [r4, #52]	@ 0x34
    366c:	e15c0000 	cmp	ip, r0
    3670:	ca00058a 	bgt	0x4ca0
    3674:	e594e030 	ldr	lr, [r4, #48]	@ 0x30
    3678:	e594c034 	ldr	ip, [r4, #52]	@ 0x34
    367c:	e08ce00e 	add	lr, ip, lr
    3680:	e584e030 	str	lr, [r4, #48]	@ 0x30
    3684:	e594e038 	ldr	lr, [r4, #56]	@ 0x38
    3688:	e584e034 	str	lr, [r4, #52]	@ 0x34
    368c:	e5943038 	ldr	r3, [r4, #56]	@ 0x38
    3690:	e5952030 	ldr	r2, [r5, #48]	@ 0x30
    3694:	e3e0c4fe 	mvn	ip, #-33554432	@ 0xfe000000
    3698:	e3ccc8fe 	bic	ip, ip, #16646144	@ 0xfe0000
    369c:	e153000c 	cmp	r3, ip
    36a0:	8a000599 	bhi	0x4d0c
    36a4:	e7e123f0 			@ <UNDEFINED> instruction: 0xe7e123f0
    36a8:	e584103c 	str	r1, [r4, #60]	@ 0x3c
    36ac:	e3510000 	cmp	r1, #0
    36b0:	0a0004c2 	beq	0x49c0
    36b4:	e594c03c 	ldr	ip, [r4, #60]	@ 0x3c
    36b8:	e20c10ff 	and	r1, ip, #255	@ 0xff
    36bc:	e1a03001 	mov	r3, r1
    36c0:	e3510000 	cmp	r1, #0
    36c4:	1a000002 	bne	0x36d4
    36c8:	e594e034 	ldr	lr, [r4, #52]	@ 0x34
    36cc:	e584e004 	str	lr, [r4, #4]
    36d0:	ea00001c 	b	0x3748
    36d4:	e3530025 	cmp	r3, #37	@ 0x25
    36d8:	1a0004ac 	bne	0x4990
    36dc:	e5941034 	ldr	r1, [r4, #52]	@ 0x34
    36e0:	e1a08001 	mov	r8, r1
    36e4:	e5957030 	ldr	r7, [r5, #48]	@ 0x30
    36e8:	e3e0e4fe 	mvn	lr, #-33554432	@ 0xfe000000
    36ec:	e3cee8fe 	bic	lr, lr, #16646144	@ 0xfe0000
    36f0:	e7f8e0f1 	udf	#36353	@ 0x8e01
    36f4:	2a000584 	bcs	0x4d0c
    36f8:	e7e378f0 			@ <UNDEFINED> instruction: 0xe7e378f0
    36fc:	e3530025 	cmp	r3, #37	@ 0x25
    3700:	0a000001 	beq	0x370c
    3704:	e5841004 	str	r1, [r4, #4]
    3708:	ea00000e 	b	0x3748
    370c:	e594c034 	ldr	ip, [r4, #52]	@ 0x34
    3710:	e28ce001 	add	lr, ip, #1
    3714:	e584e034 	str	lr, [r4, #52]	@ 0x34
    3718:	e1a08001 	mov	r8, r1
    371c:	e5957030 	ldr	r7, [r5, #48]	@ 0x30
    3720:	e3e0e4fe 	mvn	lr, #-33554432	@ 0xfe000000
    3724:	e3cee8fe 	bic	lr, lr, #16646144	@ 0xfe0000
    3728:	e7f8e0f2 	udf	#36354	@ 0x8e02
    372c:	2a000576 	bcs	0x4d0c
    3730:	e7e378f0 			@ <UNDEFINED> instruction: 0xe7e378f0
    3734:	e2817002 	add	r7, r1, #2
    3738:	e5847004 	str	r7, [r4, #4]
    373c:	e1a01007 	mov	r1, r7
    3740:	e3530025 	cmp	r3, #37	@ 0x25
    3744:	0affffe5 	beq	0x36e0
    3748:	e594e038 	ldr	lr, [r4, #56]	@ 0x38
    374c:	e594c034 	ldr	ip, [r4, #52]	@ 0x34
    3750:	e04c100e 	sub	r1, ip, lr
    3754:	e5841034 	str	r1, [r4, #52]	@ 0x34
    3758:	e594c030 	ldr	ip, [r4, #48]	@ 0x30
    375c:	e3e0e480 	mvn	lr, #128, 8	@ 0x80000000
    3760:	e02c300e 	eor	r3, ip, lr
    3764:	e584303c 	str	r3, [r4, #60]	@ 0x3c
    3768:	e1510003 	cmp	r1, r3
    376c:	ca00054b 	bgt	0x4ca0
    3770:	e594c000 	ldr	ip, [r4]
    3774:	e35c0000 	cmp	ip, #0
    3778:	0a000006 	beq	0x3798
    377c:	e59f0b64 	ldr	r0, [pc, #2916]	@ 0x42e8
    3780:	e1a01004 	mov	r1, r4
    3784:	e59d2000 	ldr	r2, [sp]
    3788:	e59fcb5c 	ldr	ip, [pc, #2908]	@ 0x42ec
    378c:	e12fff3c 	blx	ip
    3790:	e3500000 	cmp	r0, #0
    3794:	1a00055f 	bne	0x4d18
    3798:	e594c034 	ldr	ip, [r4, #52]	@ 0x34
    379c:	e35c0000 	cmp	ip, #0
    37a0:	1affffab 	bne	0x3654
    37a4:	e594301c 	ldr	r3, [r4, #28]
    37a8:	e5951030 	ldr	r1, [r5, #48]	@ 0x30
    37ac:	e5948004 	ldr	r8, [r4, #4]
    37b0:	e59feb00 	ldr	lr, [pc, #2816]	@ 0x42b8
    37b4:	e7f3e3fc 	udf	#15932	@ 0x3e3c
    37b8:	2a000553 	bcs	0x4d0c
    37bc:	e7d813f4 			@ <UNDEFINED> instruction: 0xe7d813f4
    37c0:	e594c004 	ldr	ip, [r4, #4]
    37c4:	e28c1001 	add	r1, ip, #1
    37c8:	e3e08000 	mvn	r8, #0
    37cc:	e594a004 	ldr	sl, [r4, #4]
    37d0:	e5959030 	ldr	r9, [r5, #48]	@ 0x30
    37d4:	e3e0e4fe 	mvn	lr, #-33554432	@ 0xfe000000
    37d8:	e3cee8fe 	bic	lr, lr, #16646144	@ 0xfe0000
    37dc:	e7fae0f1 	udf	#44545	@ 0xae01
    37e0:	2a000549 	bcs	0x4d0c
    37e4:	e7e39af1 			@ <UNDEFINED> instruction: 0xe7e39af1
    37e8:	e2433030 	sub	r3, r3, #48	@ 0x30
    37ec:	e1a09003 	mov	r9, r3
    37f0:	e3530009 	cmp	r3, #9
    37f4:	8a00000d 	bhi	0x3830
    37f8:	e594b004 	ldr	fp, [r4, #4]
    37fc:	e595a030 	ldr	sl, [r5, #48]	@ 0x30
    3800:	e3e0e4fe 	mvn	lr, #-33554432	@ 0xfe000000
    3804:	e3cee8fe 	bic	lr, lr, #16646144	@ 0xfe0000
    3808:	e7fbe0f2 	udf	#48642	@ 0xbe02
    380c:	2a00053e 	bcs	0x4d0c
    3810:	e7e3abf0 			@ <UNDEFINED> instruction: 0xe7e3abf0
    3814:	e3530024 	cmp	r3, #36	@ 0x24
    3818:	1a000004 	bne	0x3830
    381c:	e594c004 	ldr	ip, [r4, #4]
    3820:	e28c1003 	add	r1, ip, #3
    3824:	e3a0e001 	mov	lr, #1
    3828:	e584e02c 	str	lr, [r4, #44]	@ 0x2c
    382c:	e1a08009 	mov	r8, r9
    3830:	e594901c 	ldr	r9, [r4, #28]
    3834:	e5953030 	ldr	r3, [r5, #48]	@ 0x30
    3838:	e59fea78 	ldr	lr, [pc, #2680]	@ 0x42b8
    383c:	e7f9e3fc 	udf	#40508	@ 0x9e3c
    3840:	2a000531 	bcs	0x4d0c
    3844:	e7d139f4 			@ <UNDEFINED> instruction: 0xe7d139f4
    3848:	e3a09000 	mov	r9, #0
    384c:	e1a0b001 	mov	fp, r1
    3850:	e595a030 	ldr	sl, [r5, #48]	@ 0x30
    3854:	e3e0c4fe 	mvn	ip, #-33554432	@ 0xfe000000
    3858:	e3ccc8fe 	bic	ip, ip, #16646144	@ 0xfe0000
    385c:	e15b000c 	cmp	fp, ip
    3860:	8a000529 	bhi	0x4d0c
    3864:	e7e3abf1 			@ <UNDEFINED> instruction: 0xe7e3abf1
    3868:	e1a0a003 	mov	sl, r3
    386c:	e2433020 	sub	r3, r3, #32
    3870:	e1a0b003 	mov	fp, r3
    3874:	e353001f 	cmp	r3, #31
    3878:	9a000001 	bls	0x3884
    387c:	e1a03001 	mov	r3, r1
    3880:	ea000027 	b	0x3924
    3884:	e3a09000 	mov	r9, #0
    3888:	e1a03001 	mov	r3, r1
    388c:	e3a0c001 	mov	ip, #1
    3890:	e20be01f 	and	lr, fp, #31
    3894:	e1a0be1c 	lsl	fp, ip, lr
    3898:	e1a0600b 	mov	r6, fp
    389c:	e3a0cb4a 	mov	ip, #75776	@ 0x12800
    38a0:	e38cc089 	orr	ip, ip, #137	@ 0x89
    38a4:	e11b000c 	tst	fp, ip
    38a8:	0a00001d 	beq	0x3924
    38ac:	e281b001 	add	fp, r1, #1
    38b0:	e1a0300b 	mov	r3, fp
    38b4:	e594001c 	ldr	r0, [r4, #28]
    38b8:	e5957030 	ldr	r7, [r5, #48]	@ 0x30
    38bc:	e59fe9f4 	ldr	lr, [pc, #2548]	@ 0x42b8
    38c0:	e7f0e3fc 	udf	#3644	@ 0xe3c
    38c4:	2a000510 	bcs	0x4d0c
    38c8:	e7db70f4 			@ <UNDEFINED> instruction: 0xe7db70f4
    38cc:	e1869009 	orr	r9, r6, r9
    38d0:	e1a0b001 	mov	fp, r1
    38d4:	e5957030 	ldr	r7, [r5, #48]	@ 0x30
    38d8:	e3e0e4fe 	mvn	lr, #-33554432	@ 0xfe000000
    38dc:	e3cee8fe 	bic	lr, lr, #16646144	@ 0xfe0000
    38e0:	e7fbe0f1 	udf	#48641	@ 0xbe01
    38e4:	2a000508 	bcs	0x4d0c
    38e8:	e7e07bf1 			@ <UNDEFINED> instruction: 0xe7e07bf1
    38ec:	e1a0a000 	mov	sl, r0
    38f0:	e2400020 	sub	r0, r0, #32
    38f4:	e1a07000 	mov	r7, r0
    38f8:	e3500020 	cmp	r0, #32
    38fc:	2a000008 	bcs	0x3924
    3900:	e1a01003 	mov	r1, r3
    3904:	e3a0c001 	mov	ip, #1
    3908:	e207e01f 	and	lr, r7, #31
    390c:	e1a07e1c 	lsl	r7, ip, lr
    3910:	e1a06007 	mov	r6, r7
    3914:	e3a0cb4a 	mov	ip, #75776	@ 0x12800
    3918:	e38cc089 	orr	ip, ip, #137	@ 0x89
    391c:	e117000c 	tst	r7, ip
    3920:	1affffe1 	bne	0x38ac
    3924:	e35a002a 	cmp	sl, #42	@ 0x2a
    3928:	1a000069 	bne	0x3ad4
    392c:	e1a06003 	mov	r6, r3
    3930:	e5951030 	ldr	r1, [r5, #48]	@ 0x30
    3934:	e3e0e4fe 	mvn	lr, #-33554432	@ 0xfe000000
    3938:	e3cee8fe 	bic	lr, lr, #16646144	@ 0xfe0000
    393c:	e7f6e0f1 	udf	#28161	@ 0x6e01
    3940:	2a0004f1 	bcs	0x4d0c
    3944:	e7e016f1 			@ <UNDEFINED> instruction: 0xe7e016f1
    3948:	e2400030 	sub	r0, r0, #48	@ 0x30
    394c:	e1a01000 	mov	r1, r0
    3950:	e3500009 	cmp	r0, #9
    3954:	8a000025 	bhi	0x39f0
    3958:	e1a07003 	mov	r7, r3
    395c:	e5956030 	ldr	r6, [r5, #48]	@ 0x30
    3960:	e3e0e4fe 	mvn	lr, #-33554432	@ 0xfe000000
    3964:	e3cee8fe 	bic	lr, lr, #16646144	@ 0xfe0000
    3968:	e7f7e0f2 	udf	#32258	@ 0x7e02
    396c:	2a0004e6 	bcs	0x4d0c
    3970:	e7e067f0 			@ <UNDEFINED> instruction: 0xe7e067f0
    3974:	e3500024 	cmp	r0, #36	@ 0x24
    3978:	1a00001c 	bne	0x39f0
    397c:	e594c000 	ldr	ip, [r4]
    3980:	e35c0000 	cmp	ip, #0
    3984:	1a00000b 	bne	0x39b8
    3988:	e1a00101 	lsl	r0, r1, #2
    398c:	e594c010 	ldr	ip, [r4, #16]
    3990:	e08c0000 	add	r0, ip, r0
    3994:	e5956030 	ldr	r6, [r5, #48]	@ 0x30
    3998:	e59fc918 	ldr	ip, [pc, #2328]	@ 0x42b8
    399c:	e150000c 	cmp	r0, ip
    39a0:	8a0004d9 	bhi	0x4d0c
    39a4:	e3a0700a 	mov	r7, #10
    39a8:	e7d760f4 			@ <UNDEFINED> instruction: 0xe7d760f4
    39ac:	e3a0e000 	mov	lr, #0
    39b0:	e584e050 	str	lr, [r4, #80]	@ 0x50
    39b4:	ea000008 	b	0x39dc
    39b8:	e1a01181 	lsl	r1, r1, #3
    39bc:	e594c00c 	ldr	ip, [r4, #12]
    39c0:	e08c1001 	add	r1, ip, r1
    39c4:	e5950030 	ldr	r0, [r5, #48]	@ 0x30
    39c8:	e59fc8e8 	ldr	ip, [pc, #2280]	@ 0x42b8
    39cc:	e151000c 	cmp	r1, ip
    39d0:	8a0004cd 	bhi	0x4d0c
    39d4:	e7ee01f4 			@ <UNDEFINED> instruction: 0xe7ee01f4
    39d8:	e584e050 	str	lr, [r4, #80]	@ 0x50
    39dc:	e283e003 	add	lr, r3, #3
    39e0:	e584e004 	str	lr, [r4, #4]
    39e4:	e3a0e001 	mov	lr, #1
    39e8:	e584e02c 	str	lr, [r4, #44]	@ 0x2c
    39ec:	ea000029 	b	0x3a98
    39f0:	e594c02c 	ldr	ip, [r4, #44]	@ 0x2c
    39f4:	e35c0000 	cmp	ip, #0
    39f8:	1a00042d 	bne	0x4ab4
    39fc:	e283e001 	add	lr, r3, #1
    3a00:	e584e004 	str	lr, [r4, #4]
    3a04:	e594c000 	ldr	ip, [r4]
    3a08:	e35c0000 	cmp	ip, #0
    3a0c:	1a00000b 	bne	0x3a40
    3a10:	e594101c 	ldr	r1, [r4, #28]
    3a14:	e5950030 	ldr	r0, [r5, #48]	@ 0x30
    3a18:	e5943004 	ldr	r3, [r4, #4]
    3a1c:	e59fe894 	ldr	lr, [pc, #2196]	@ 0x42b8
    3a20:	e7f1e3fc 	udf	#7740	@ 0x1e3c
    3a24:	2a0004b8 	bcs	0x4d0c
    3a28:	e7d301f4 			@ <UNDEFINED> instruction: 0xe7d301f4
    3a2c:	e3a0e000 	mov	lr, #0
    3a30:	e584e02c 	str	lr, [r4, #44]	@ 0x2c
    3a34:	e3a0e000 	mov	lr, #0
    3a38:	e584e050 	str	lr, [r4, #80]	@ 0x50
    3a3c:	ea000039 	b	0x3b28
    3a40:	e5943008 	ldr	r3, [r4, #8]
    3a44:	e5951030 	ldr	r1, [r5, #48]	@ 0x30
    3a48:	e59fc868 	ldr	ip, [pc, #2152]	@ 0x42b8
    3a4c:	e153000c 	cmp	r3, ip
    3a50:	8a0004ad 	bhi	0x4d0c
    3a54:	e7e013f4 			@ <UNDEFINED> instruction: 0xe7e013f4
    3a58:	e1a01000 	mov	r1, r0
    3a5c:	e2800004 	add	r0, r0, #4
    3a60:	e5947008 	ldr	r7, [r4, #8]
    3a64:	e5953030 	ldr	r3, [r5, #48]	@ 0x30
    3a68:	e59fc848 	ldr	ip, [pc, #2120]	@ 0x42b8
    3a6c:	e157000c 	cmp	r7, ip
    3a70:	8a0004a5 	bhi	0x4d0c
    3a74:	e7d037f4 			@ <UNDEFINED> instruction: 0xe7d037f4
    3a78:	e5950030 	ldr	r0, [r5, #48]	@ 0x30
    3a7c:	e59fc834 	ldr	ip, [pc, #2100]	@ 0x42b8
    3a80:	e151000c 	cmp	r1, ip
    3a84:	8a0004a0 	bhi	0x4d0c
    3a88:	e7ee01f4 			@ <UNDEFINED> instruction: 0xe7ee01f4
    3a8c:	e584e050 	str	lr, [r4, #80]	@ 0x50
    3a90:	e3a0e000 	mov	lr, #0
    3a94:	e584e02c 	str	lr, [r4, #44]	@ 0x2c
    3a98:	e594101c 	ldr	r1, [r4, #28]
    3a9c:	e5950030 	ldr	r0, [r5, #48]	@ 0x30
    3aa0:	e5943004 	ldr	r3, [r4, #4]
    3aa4:	e59fe80c 	ldr	lr, [pc, #2060]	@ 0x42b8
    3aa8:	e7f1e3fc 	udf	#7740	@ 0x1e3c
    3aac:	2a000496 	bcs	0x4d0c
    3ab0:	e7d301f4 			@ <UNDEFINED> instruction: 0xe7d301f4
    3ab4:	e594c050 	ldr	ip, [r4, #80]	@ 0x50
    3ab8:	e37c0001 	cmn	ip, #1
    3abc:	ca000019 	bgt	0x3b28
    3ac0:	e594c050 	ldr	ip, [r4, #80]	@ 0x50
    3ac4:	e26ce000 	rsb	lr, ip, #0
    3ac8:	e584e050 	str	lr, [r4, #80]	@ 0x50
    3acc:	e3899d80 	orr	r9, r9, #128, 26	@ 0x2000
    3ad0:	ea000014 	b	0x3b28
    3ad4:	e594c01c 	ldr	ip, [r4, #28]
    3ad8:	e28c003c 	add	r0, ip, #60	@ 0x3c
    3adc:	e5840088 	str	r0, [r4, #136]	@ 0x88
    3ae0:	e59f0808 	ldr	r0, [pc, #2056]	@ 0x42f0
    3ae4:	e1a01004 	mov	r1, r4
    3ae8:	e59d2000 	ldr	r2, [sp]
    3aec:	e59fc800 	ldr	ip, [pc, #2048]	@ 0x42f4
    3af0:	e12fff3c 	blx	ip
    3af4:	e3500000 	cmp	r0, #0
    3af8:	1a000486 	bne	0x4d18
    3afc:	e5940088 	ldr	r0, [r4, #136]	@ 0x88
    3b00:	e5840050 	str	r0, [r4, #80]	@ 0x50
    3b04:	e3500000 	cmp	r0, #0
    3b08:	ba000464 	blt	0x4ca0
    3b0c:	e594101c 	ldr	r1, [r4, #28]
    3b10:	e5950030 	ldr	r0, [r5, #48]	@ 0x30
    3b14:	e59fe79c 	ldr	lr, [pc, #1948]	@ 0x42b8
    3b18:	e7f1e3fc 	udf	#7740	@ 0x1e3c
    3b1c:	2a00047a 	bcs	0x4d0c
    3b20:	e7ee01f4 			@ <UNDEFINED> instruction: 0xe7ee01f4
    3b24:	e584e004 	str	lr, [r4, #4]
    3b28:	e3a07000 	mov	r7, #0
    3b2c:	e3e0e000 	mvn	lr, #0
    3b30:	e584e054 	str	lr, [r4, #84]	@ 0x54
    3b34:	e5943004 	ldr	r3, [r4, #4]
    3b38:	e5951030 	ldr	r1, [r5, #48]	@ 0x30
    3b3c:	e3e0c4fe 	mvn	ip, #-33554432	@ 0xfe000000
    3b40:	e3ccc8fe 	bic	ip, ip, #16646144	@ 0xfe0000
    3b44:	e153000c 	cmp	r3, ip
    3b48:	8a00046f 	bhi	0x4d0c
    3b4c:	e7e013f0 			@ <UNDEFINED> instruction: 0xe7e013f0
    3b50:	e350002e 	cmp	r0, #46	@ 0x2e
    3b54:	0a000001 	beq	0x3b60
    3b58:	e3a0b000 	mov	fp, #0
    3b5c:	ea000080 	b	0x3d64
    3b60:	e5943004 	ldr	r3, [r4, #4]
    3b64:	e5951030 	ldr	r1, [r5, #48]	@ 0x30
    3b68:	e3e0e4fe 	mvn	lr, #-33554432	@ 0xfe000000
    3b6c:	e3cee8fe 	bic	lr, lr, #16646144	@ 0xfe0000
    3b70:	e7f3e0f1 	udf	#15873	@ 0x3e01
    3b74:	2a000464 	bcs	0x4d0c
    3b78:	e7e013f0 			@ <UNDEFINED> instruction: 0xe7e013f0
    3b7c:	e350002a 	cmp	r0, #42	@ 0x2a
    3b80:	1a00005b 	bne	0x3cf4
    3b84:	e5943004 	ldr	r3, [r4, #4]
    3b88:	e5951030 	ldr	r1, [r5, #48]	@ 0x30
    3b8c:	e3e0e4fe 	mvn	lr, #-33554432	@ 0xfe000000
    3b90:	e3cee8fe 	bic	lr, lr, #16646144	@ 0xfe0000
    3b94:	e7f3e0f2 	udf	#15874	@ 0x3e02
    3b98:	2a00045b 	bcs	0x4d0c
    3b9c:	e7e013f1 			@ <UNDEFINED> instruction: 0xe7e013f1
    3ba0:	e2400030 	sub	r0, r0, #48	@ 0x30
    3ba4:	e1a01000 	mov	r1, r0
    3ba8:	e3500009 	cmp	r0, #9
    3bac:	8a000024 	bhi	0x3c44
    3bb0:	e5946004 	ldr	r6, [r4, #4]
    3bb4:	e5953030 	ldr	r3, [r5, #48]	@ 0x30
    3bb8:	e3e0e4fe 	mvn	lr, #-33554432	@ 0xfe000000
    3bbc:	e3cee8fe 	bic	lr, lr, #16646144	@ 0xfe0000
    3bc0:	e7f6e0f3 	udf	#28163	@ 0x6e03
    3bc4:	2a000450 	bcs	0x4d0c
    3bc8:	e7e036f0 			@ <UNDEFINED> instruction: 0xe7e036f0
    3bcc:	e3500024 	cmp	r0, #36	@ 0x24
    3bd0:	1a00001b 	bne	0x3c44
    3bd4:	e594c000 	ldr	ip, [r4]
    3bd8:	e35c0000 	cmp	ip, #0
    3bdc:	1a00000b 	bne	0x3c10
    3be0:	e1a00101 	lsl	r0, r1, #2
    3be4:	e594c010 	ldr	ip, [r4, #16]
    3be8:	e08c0000 	add	r0, ip, r0
    3bec:	e5953030 	ldr	r3, [r5, #48]	@ 0x30
    3bf0:	e59fc6c0 	ldr	ip, [pc, #1728]	@ 0x42b8
    3bf4:	e150000c 	cmp	r0, ip
    3bf8:	8a000443 	bhi	0x4d0c
    3bfc:	e3a0600a 	mov	r6, #10
    3c00:	e7d630f4 			@ <UNDEFINED> instruction: 0xe7d630f4
    3c04:	e3a0e000 	mov	lr, #0
    3c08:	e584e054 	str	lr, [r4, #84]	@ 0x54
    3c0c:	ea000008 	b	0x3c34
    3c10:	e1a01181 	lsl	r1, r1, #3
    3c14:	e594c00c 	ldr	ip, [r4, #12]
    3c18:	e08c1001 	add	r1, ip, r1
    3c1c:	e5950030 	ldr	r0, [r5, #48]	@ 0x30
    3c20:	e59fc690 	ldr	ip, [pc, #1680]	@ 0x42b8
    3c24:	e151000c 	cmp	r1, ip
    3c28:	8a000437 	bhi	0x4d0c
    3c2c:	e7ee01f4 			@ <UNDEFINED> instruction: 0xe7ee01f4
    3c30:	e584e054 	str	lr, [r4, #84]	@ 0x54
    3c34:	e594c004 	ldr	ip, [r4, #4]
    3c38:	e28ce004 	add	lr, ip, #4
    3c3c:	e584e004 	str	lr, [r4, #4]
    3c40:	ea00001f 	b	0x3cc4
    3c44:	e594c02c 	ldr	ip, [r4, #44]	@ 0x2c
    3c48:	e35c0000 	cmp	ip, #0
    3c4c:	1a000398 	bne	0x4ab4
    3c50:	e594c004 	ldr	ip, [r4, #4]
    3c54:	e28ce002 	add	lr, ip, #2
    3c58:	e584e004 	str	lr, [r4, #4]
    3c5c:	e594c000 	ldr	ip, [r4]
    3c60:	e35c0000 	cmp	ip, #0
    3c64:	1a000002 	bne	0x3c74
    3c68:	e3a0e000 	mov	lr, #0
    3c6c:	e584e054 	str	lr, [r4, #84]	@ 0x54
    3c70:	ea000013 	b	0x3cc4
    3c74:	e5943008 	ldr	r3, [r4, #8]
    3c78:	e5951030 	ldr	r1, [r5, #48]	@ 0x30
    3c7c:	e59fc634 	ldr	ip, [pc, #1588]	@ 0x42b8
    3c80:	e153000c 	cmp	r3, ip
    3c84:	8a000420 	bhi	0x4d0c
    3c88:	e7e013f4 			@ <UNDEFINED> instruction: 0xe7e013f4
    3c8c:	e1a01000 	mov	r1, r0
    3c90:	e2800004 	add	r0, r0, #4
    3c94:	e5946008 	ldr	r6, [r4, #8]
    3c98:	e5953030 	ldr	r3, [r5, #48]	@ 0x30
    3c9c:	e59fc614 	ldr	ip, [pc, #1556]	@ 0x42b8
    3ca0:	e156000c 	cmp	r6, ip
    3ca4:	8a000418 	bhi	0x4d0c
    3ca8:	e7d036f4 			@ <UNDEFINED> instruction: 0xe7d036f4
    3cac:	e5950030 	ldr	r0, [r5, #48]	@ 0x30
    3cb0:	e59fc600 	ldr	ip, [pc, #1536]	@ 0x42b8
    3cb4:	e151000c 	cmp	r1, ip
    3cb8:	8a000413 	bhi	0x4d0c
    3cbc:	e7ee01f4 			@ <UNDEFINED> instruction: 0xe7ee01f4
    3cc0:	e584e054 	str	lr, [r4, #84]	@ 0x54
    3cc4:	e594101c 	ldr	r1, [r4, #28]
    3cc8:	e5950030 	ldr	r0, [r5, #48]	@ 0x30
    3ccc:	e5943004 	ldr	r3, [r4, #4]
    3cd0:	e59fe5e0 	ldr	lr, [pc, #1504]	@ 0x42b8
    3cd4:	e7f1e3fc 	udf	#7740	@ 0x1e3c
    3cd8:	2a00040b 	bcs	0x4d0c
    3cdc:	e7d301f4 			@ <UNDEFINED> instruction: 0xe7d301f4
    3ce0:	e594c054 	ldr	ip, [r4, #84]	@ 0x54
    3ce4:	e37c0001 	cmn	ip, #1
    3ce8:	e3a0b000 	mov	fp, #0
    3cec:	c3a0b001 	movgt	fp, #1
    3cf0:	ea00001b 	b	0x3d64
    3cf4:	e594c004 	ldr	ip, [r4, #4]
    3cf8:	e28c0001 	add	r0, ip, #1
    3cfc:	e594301c 	ldr	r3, [r4, #28]
    3d00:	e5951030 	ldr	r1, [r5, #48]	@ 0x30
    3d04:	e59fe5ac 	ldr	lr, [pc, #1452]	@ 0x42b8
    3d08:	e7f3e3fc 	udf	#15932	@ 0x3e3c
    3d0c:	2a0003fe 	bcs	0x4d0c
    3d10:	e7d013f4 			@ <UNDEFINED> instruction: 0xe7d013f4
    3d14:	e3a0b001 	mov	fp, #1
    3d18:	e594c01c 	ldr	ip, [r4, #28]
    3d1c:	e28c003c 	add	r0, ip, #60	@ 0x3c
    3d20:	e5840088 	str	r0, [r4, #136]	@ 0x88
    3d24:	e59f05cc 	ldr	r0, [pc, #1484]	@ 0x42f8
    3d28:	e1a01004 	mov	r1, r4
    3d2c:	e59d2000 	ldr	r2, [sp]
    3d30:	e59fc5c4 	ldr	ip, [pc, #1476]	@ 0x42fc
    3d34:	e12fff3c 	blx	ip
    3d38:	e3500000 	cmp	r0, #0
    3d3c:	1a0003f5 	bne	0x4d18
    3d40:	e5940088 	ldr	r0, [r4, #136]	@ 0x88
    3d44:	e5840054 	str	r0, [r4, #84]	@ 0x54
    3d48:	e594101c 	ldr	r1, [r4, #28]
    3d4c:	e5950030 	ldr	r0, [r5, #48]	@ 0x30
    3d50:	e59fe560 	ldr	lr, [pc, #1376]	@ 0x42b8
    3d54:	e7f1e3fc 	udf	#7740	@ 0x1e3c
    3d58:	2a0003eb 	bcs	0x4d0c
    3d5c:	e7ee01f4 			@ <UNDEFINED> instruction: 0xe7ee01f4
    3d60:	e584e004 	str	lr, [r4, #4]
    3d64:	e1a06007 	mov	r6, r7
    3d68:	e3a0e01c 	mov	lr, #28
    3d6c:	e584e05c 	str	lr, [r4, #92]	@ 0x5c
    3d70:	e594a004 	ldr	sl, [r4, #4]
    3d74:	e5943004 	ldr	r3, [r4, #4]
    3d78:	e5951030 	ldr	r1, [r5, #48]	@ 0x30
    3d7c:	e3e0c4fe 	mvn	ip, #-33554432	@ 0xfe000000
    3d80:	e3ccc8fe 	bic	ip, ip, #16646144	@ 0xfe0000
    3d84:	e153000c 	cmp	r3, ip
    3d88:	8a0003df 	bhi	0x4d0c
    3d8c:	e7e013f1 			@ <UNDEFINED> instruction: 0xe7e013f1
    3d90:	e1a01000 	mov	r1, r0
    3d94:	e240007b 	sub	r0, r0, #123	@ 0x7b
    3d98:	e370003a 	cmn	r0, #58	@ 0x3a
    3d9c:	3a0003c1 	bcc	0x4ca8
    3da0:	e28ae001 	add	lr, sl, #1
    3da4:	e584e004 	str	lr, [r4, #4]
    3da8:	e3a0c03a 	mov	ip, #58	@ 0x3a
    3dac:	e0000c96 	mul	r0, r6, ip
    3db0:	e0800001 	add	r0, r0, r1
    3db4:	e2800b40 	add	r0, r0, #64, 22	@ 0x10000
    3db8:	e28001fc 	add	r0, r0, #252, 2	@ 0x3f
    3dbc:	e1a03000 	mov	r3, r0
    3dc0:	e5951030 	ldr	r1, [r5, #48]	@ 0x30
    3dc4:	e3e0c4fe 	mvn	ip, #-33554432	@ 0xfe000000
    3dc8:	e3ccc8fe 	bic	ip, ip, #16646144	@ 0xfe0000
    3dcc:	e153000c 	cmp	r3, ip
    3dd0:	8a0003cd 	bhi	0x4d0c
    3dd4:	e7e013f0 			@ <UNDEFINED> instruction: 0xe7e013f0
    3dd8:	e1a07000 	mov	r7, r0
    3ddc:	e2400001 	sub	r0, r0, #1
    3de0:	e20000ff 	and	r0, r0, #255	@ 0xff
    3de4:	e3500008 	cmp	r0, #8
    3de8:	3affffdd 	bcc	0x3d64
    3dec:	e594101c 	ldr	r1, [r4, #28]
    3df0:	e5950030 	ldr	r0, [r5, #48]	@ 0x30
    3df4:	e5943004 	ldr	r3, [r4, #4]
    3df8:	e59fe4b8 	ldr	lr, [pc, #1208]	@ 0x42b8
    3dfc:	e7f1e3fc 	udf	#7740	@ 0x1e3c
    3e00:	2a0003c1 	bcs	0x4d0c
    3e04:	e7d301f4 			@ <UNDEFINED> instruction: 0xe7d301f4
    3e08:	e357001b 	cmp	r7, #27
    3e0c:	0a000031 	beq	0x3ed8
    3e10:	e3570000 	cmp	r7, #0
    3e14:	0a0003a3 	beq	0x4ca8
    3e18:	e3580000 	cmp	r8, #0
    3e1c:	ba00001e 	blt	0x3e9c
    3e20:	e594c000 	ldr	ip, [r4]
    3e24:	e35c0000 	cmp	ip, #0
    3e28:	1a000008 	bne	0x3e50
    3e2c:	e1a00108 	lsl	r0, r8, #2
    3e30:	e594c010 	ldr	ip, [r4, #16]
    3e34:	e08c0000 	add	r0, ip, r0
    3e38:	e5951030 	ldr	r1, [r5, #48]	@ 0x30
    3e3c:	e59fc474 	ldr	ip, [pc, #1140]	@ 0x42b8
    3e40:	e150000c 	cmp	r0, ip
    3e44:	8a0003b0 	bhi	0x4d0c
    3e48:	e7d710f4 			@ <UNDEFINED> instruction: 0xe7d710f4
    3e4c:	eafffdfe 	b	0x364c
    3e50:	e1a00188 	lsl	r0, r8, #3
    3e54:	e594c00c 	ldr	ip, [r4, #12]
    3e58:	e08c0000 	add	r0, ip, r0
    3e5c:	e5952030 	ldr	r2, [r5, #48]	@ 0x30
    3e60:	e59fc454 	ldr	ip, [pc, #1108]	@ 0x42bc
    3e64:	e150000c 	cmp	r0, ip
    3e68:	8a0003a7 	bhi	0x4d0c
    3e6c:	e082c000 	add	ip, r2, r0
    3e70:	e59c1000 	ldr	r1, [ip]
    3e74:	e59c3004 	ldr	r3, [ip, #4]
    3e78:	e594201c 	ldr	r2, [r4, #28]
    3e7c:	e5950030 	ldr	r0, [r5, #48]	@ 0x30
    3e80:	e59fe434 	ldr	lr, [pc, #1076]	@ 0x42bc
    3e84:	e7f2e3f0 	udf	#11824	@ 0x2e30
    3e88:	2a00039f 	bcs	0x4d0c
    3e8c:	e080c002 	add	ip, r0, r2
    3e90:	e58c1000 	str	r1, [ip]
    3e94:	e58c3004 	str	r3, [ip, #4]
    3e98:	ea000015 	b	0x3ef4
    3e9c:	e594c000 	ldr	ip, [r4]
    3ea0:	e35c0000 	cmp	ip, #0
    3ea4:	0a00037a 	beq	0x4c94
    3ea8:	e594c01c 	ldr	ip, [r4, #28]
    3eac:	e28c0030 	add	r0, ip, #48	@ 0x30
    3eb0:	e5840088 	str	r0, [r4, #136]	@ 0x88
    3eb4:	e5847034 	str	r7, [r4, #52]	@ 0x34
    3eb8:	e59f0440 	ldr	r0, [pc, #1088]	@ 0x4300
    3ebc:	e1a01004 	mov	r1, r4
    3ec0:	e59d2000 	ldr	r2, [sp]
    3ec4:	e59fc438 	ldr	ip, [pc, #1080]	@ 0x4304
    3ec8:	e12fff3c 	blx	ip
    3ecc:	e3500000 	cmp	r0, #0
    3ed0:	1a000390 	bne	0x4d18
    3ed4:	ea000006 	b	0x3ef4
    3ed8:	e3780001 	cmn	r8, #1
    3edc:	ca000371 	bgt	0x4ca8
    3ee0:	e3a0e000 	mov	lr, #0
    3ee4:	e584e034 	str	lr, [r4, #52]	@ 0x34
    3ee8:	e594c000 	ldr	ip, [r4]
    3eec:	e35c0000 	cmp	ip, #0
    3ef0:	0afffdd7 	beq	0x3654
    3ef4:	e5942000 	ldr	r2, [r4]
    3ef8:	e5951030 	ldr	r1, [r5, #48]	@ 0x30
    3efc:	e3e0c4fe 	mvn	ip, #-33554432	@ 0xfe000000
    3f00:	e3ccc8fe 	bic	ip, ip, #16646144	@ 0xfe0000
    3f04:	e152000c 	cmp	r2, ip
    3f08:	8a00037f 	bhi	0x4d0c
    3f0c:	e7e012f0 			@ <UNDEFINED> instruction: 0xe7e012f0
    3f10:	e3100020 	tst	r0, #32
    3f14:	1a000371 	bne	0x4ce0
    3f18:	e3c90b40 	bic	r0, r9, #64, 22	@ 0x10000
    3f1c:	e5840060 	str	r0, [r4, #96]	@ 0x60
    3f20:	e3190d80 	tst	r9, #128, 26	@ 0x2000
    3f24:	e1a0e000 	mov	lr, r0
    3f28:	01a0e009 	moveq	lr, r9
    3f2c:	e584e048 	str	lr, [r4, #72]	@ 0x48
    3f30:	e3a0e000 	mov	lr, #0
    3f34:	e584e044 	str	lr, [r4, #68]	@ 0x44
    3f38:	e3a0eb40 	mov	lr, #64, 22	@ 0x10000
    3f3c:	e38ee160 	orr	lr, lr, #96, 2
    3f40:	e584e064 	str	lr, [r4, #100]	@ 0x64
    3f44:	e594e028 	ldr	lr, [r4, #40]	@ 0x28
    3f48:	e584e05c 	str	lr, [r4, #92]	@ 0x5c
    3f4c:	e1a0200a 	mov	r2, sl
    3f50:	e5951030 	ldr	r1, [r5, #48]	@ 0x30
    3f54:	e3e0c4fe 	mvn	ip, #-33554432	@ 0xfe000000
    3f58:	e3ccc8fe 	bic	ip, ip, #16646144	@ 0xfe0000
    3f5c:	e152000c 	cmp	r2, ip
    3f60:	8a000369 	bhi	0x4d0c
    3f64:	e7ea12f0 			@ <UNDEFINED> instruction: 0xe7ea12f0
    3f68:	e1a0100a 	mov	r1, sl
    3f6c:	e6afa07a 	sxtb	sl, sl
    3f70:	e1a0200a 	mov	r2, sl
    3f74:	e3caa02c 	bic	sl, sl, #44	@ 0x2c
    3f78:	e201100f 	and	r1, r1, #15
    3f7c:	e3510003 	cmp	r1, #3
    3f80:	11a0a002 	movne	sl, r2
    3f84:	e3560000 	cmp	r6, #0
    3f88:	01a0a002 	moveq	sl, r2
    3f8c:	e1a0800a 	mov	r8, sl
    3f90:	e24aa058 	sub	sl, sl, #88	@ 0x58
    3f94:	e1a0e00a 	mov	lr, sl
    3f98:	e35e0021 	cmp	lr, #33	@ 0x21
    3f9c:	23a0e021 	movcs	lr, #33	@ 0x21
    3fa0:	e1a0e10e 	lsl	lr, lr, #2
    3fa4:	e59fc35c 	ldr	ip, [pc, #860]	@ 0x4308
    3fa8:	e08ee00c 	add	lr, lr, ip
    3fac:	e59ec000 	ldr	ip, [lr]
    3fb0:	e12fff1c 	bx	ip
    3fb4:	e594e028 	ldr	lr, [r4, #40]	@ 0x28
    3fb8:	e584e05c 	str	lr, [r4, #92]	@ 0x5c
    3fbc:	e2481041 	sub	r1, r8, #65	@ 0x41
    3fc0:	e1a0e001 	mov	lr, r1
    3fc4:	e35e0007 	cmp	lr, #7
    3fc8:	23a0e007 	movcs	lr, #7
    3fcc:	e1a0e10e 	lsl	lr, lr, #2
    3fd0:	e59fc334 	ldr	ip, [pc, #820]	@ 0x430c
    3fd4:	e08ee00c 	add	lr, lr, ip
    3fd8:	e59ec000 	ldr	ip, [lr]
    3fdc:	e12fff1c 	bx	ip
    3fe0:	e3580053 	cmp	r8, #83	@ 0x53
    3fe4:	0a0001a3 	beq	0x4678
    3fe8:	ea0002c4 	b	0x4b00
    3fec:	e3a0e000 	mov	lr, #0
    3ff0:	e584e044 	str	lr, [r4, #68]	@ 0x44
    3ff4:	e3a0eb40 	mov	lr, #64, 22	@ 0x10000
    3ff8:	e38ee160 	orr	lr, lr, #96, 2
    3ffc:	e584e064 	str	lr, [r4, #100]	@ 0x64
    4000:	e594201c 	ldr	r2, [r4, #28]
    4004:	e5951030 	ldr	r1, [r5, #48]	@ 0x30
    4008:	e59fe2ac 	ldr	lr, [pc, #684]	@ 0x42bc
    400c:	e7f2e3f0 	udf	#11824	@ 0x2e30
    4010:	2a00033d 	bcs	0x4d0c
    4014:	e081c002 	add	ip, r1, r2
    4018:	e59ca000 	ldr	sl, [ip]
    401c:	e59c9004 	ldr	r9, [ip, #4]
    4020:	ea000119 	b	0x448c
    4024:	e3a0e000 	mov	lr, #0
    4028:	e584e034 	str	lr, [r4, #52]	@ 0x34
    402c:	e1a0e006 	mov	lr, r6
    4030:	e35e0008 	cmp	lr, #8
    4034:	23a0e008 	movcs	lr, #8
    4038:	e1a0e10e 	lsl	lr, lr, #2
    403c:	e59fc2cc 	ldr	ip, [pc, #716]	@ 0x4310
    4040:	e08ee00c 	add	lr, lr, ip
    4044:	e59ec000 	ldr	ip, [lr]
    4048:	e12fff1c 	bx	ip
    404c:	e594301c 	ldr	r3, [r4, #28]
    4050:	e5952030 	ldr	r2, [r5, #48]	@ 0x30
    4054:	e59fe25c 	ldr	lr, [pc, #604]	@ 0x42b8
    4058:	e7f3e3f0 	udf	#15920	@ 0x3e30
    405c:	2a00032a 	bcs	0x4d0c
    4060:	e7e123f4 			@ <UNDEFINED> instruction: 0xe7e123f4
    4064:	e5952030 	ldr	r2, [r5, #48]	@ 0x30
    4068:	e5943030 	ldr	r3, [r4, #48]	@ 0x30
    406c:	e59fc244 	ldr	ip, [pc, #580]	@ 0x42b8
    4070:	e151000c 	cmp	r1, ip
    4074:	8a000324 	bhi	0x4d0c
    4078:	e7d321f4 			@ <UNDEFINED> instruction: 0xe7d321f4
    407c:	eafffd74 	b	0x3654
    4080:	e594301c 	ldr	r3, [r4, #28]
    4084:	e5952030 	ldr	r2, [r5, #48]	@ 0x30
    4088:	e59fe228 	ldr	lr, [pc, #552]	@ 0x42b8
    408c:	e7f3e3f0 	udf	#15920	@ 0x3e30
    4090:	2a00031d 	bcs	0x4d0c
    4094:	e7e123f4 			@ <UNDEFINED> instruction: 0xe7e123f4
    4098:	e5952030 	ldr	r2, [r5, #48]	@ 0x30
    409c:	e5943030 	ldr	r3, [r4, #48]	@ 0x30
    40a0:	e59fc210 	ldr	ip, [pc, #528]	@ 0x42b8
    40a4:	e151000c 	cmp	r1, ip
    40a8:	8a000317 	bhi	0x4d0c
    40ac:	e7d321f4 			@ <UNDEFINED> instruction: 0xe7d321f4
    40b0:	eafffd67 	b	0x3654
    40b4:	e594301c 	ldr	r3, [r4, #28]
    40b8:	e5952030 	ldr	r2, [r5, #48]	@ 0x30
    40bc:	e59fe1f4 	ldr	lr, [pc, #500]	@ 0x42b8
    40c0:	e7f3e3f0 	udf	#15920	@ 0x3e30
    40c4:	2a000310 	bcs	0x4d0c
    40c8:	e7e123f4 			@ <UNDEFINED> instruction: 0xe7e123f4
    40cc:	e5942030 	ldr	r2, [r4, #48]	@ 0x30
    40d0:	e1a03fc2 	asr	r3, r2, #31
    40d4:	e5956030 	ldr	r6, [r5, #48]	@ 0x30
    40d8:	e59fc1dc 	ldr	ip, [pc, #476]	@ 0x42bc
    40dc:	e151000c 	cmp	r1, ip
    40e0:	8a000309 	bhi	0x4d0c
    40e4:	e086c001 	add	ip, r6, r1
    40e8:	e58c2000 	str	r2, [ip]
    40ec:	e58c3004 	str	r3, [ip, #4]
    40f0:	eafffd57 	b	0x3654
    40f4:	e594301c 	ldr	r3, [r4, #28]
    40f8:	e5952030 	ldr	r2, [r5, #48]	@ 0x30
    40fc:	e59fe1b4 	ldr	lr, [pc, #436]	@ 0x42b8
    4100:	e7f3e3f0 	udf	#15920	@ 0x3e30
    4104:	2a000300 	bcs	0x4d0c
    4108:	e7e123f4 			@ <UNDEFINED> instruction: 0xe7e123f4
    410c:	e5952030 	ldr	r2, [r5, #48]	@ 0x30
    4110:	e5943030 	ldr	r3, [r4, #48]	@ 0x30
    4114:	e59fc1f8 	ldr	ip, [pc, #504]	@ 0x4314
    4118:	e151000c 	cmp	r1, ip
    411c:	8a0002fa 	bhi	0x4d0c
    4120:	e7d321f2 			@ <UNDEFINED> instruction: 0xe7d321f2
    4124:	eafffd4a 	b	0x3654
    4128:	e594301c 	ldr	r3, [r4, #28]
    412c:	e5952030 	ldr	r2, [r5, #48]	@ 0x30
    4130:	e59fe180 	ldr	lr, [pc, #384]	@ 0x42b8
    4134:	e7f3e3f0 	udf	#15920	@ 0x3e30
    4138:	2a0002f3 	bcs	0x4d0c
    413c:	e7e123f4 			@ <UNDEFINED> instruction: 0xe7e123f4
    4140:	e5952030 	ldr	r2, [r5, #48]	@ 0x30
    4144:	e5943030 	ldr	r3, [r4, #48]	@ 0x30
    4148:	e3e0c4fe 	mvn	ip, #-33554432	@ 0xfe000000
    414c:	e3ccc8fe 	bic	ip, ip, #16646144	@ 0xfe0000
    4150:	e151000c 	cmp	r1, ip
    4154:	8a0002ec 	bhi	0x4d0c
    4158:	e7d321f0 			@ <UNDEFINED> instruction: 0xe7d321f0
    415c:	eafffd3c 	b	0x3654
    4160:	e594301c 	ldr	r3, [r4, #28]
    4164:	e5952030 	ldr	r2, [r5, #48]	@ 0x30
    4168:	e59fe148 	ldr	lr, [pc, #328]	@ 0x42b8
    416c:	e7f3e3f0 	udf	#15920	@ 0x3e30
    4170:	2a0002e5 	bcs	0x4d0c
    4174:	e7e123f4 			@ <UNDEFINED> instruction: 0xe7e123f4
    4178:	e5952030 	ldr	r2, [r5, #48]	@ 0x30
    417c:	e5943030 	ldr	r3, [r4, #48]	@ 0x30
    4180:	e59fc130 	ldr	ip, [pc, #304]	@ 0x42b8
    4184:	e151000c 	cmp	r1, ip
    4188:	8a0002df 	bhi	0x4d0c
    418c:	e7d321f4 			@ <UNDEFINED> instruction: 0xe7d321f4
    4190:	eafffd2f 	b	0x3654
    4194:	e594301c 	ldr	r3, [r4, #28]
    4198:	e5952030 	ldr	r2, [r5, #48]	@ 0x30
    419c:	e59fe114 	ldr	lr, [pc, #276]	@ 0x42b8
    41a0:	e7f3e3f0 	udf	#15920	@ 0x3e30
    41a4:	2a0002d8 	bcs	0x4d0c
    41a8:	e7e123f4 			@ <UNDEFINED> instruction: 0xe7e123f4
    41ac:	e5942030 	ldr	r2, [r4, #48]	@ 0x30
    41b0:	e1a03fc2 	asr	r3, r2, #31
    41b4:	e5956030 	ldr	r6, [r5, #48]	@ 0x30
    41b8:	e59fc0fc 	ldr	ip, [pc, #252]	@ 0x42bc
    41bc:	e151000c 	cmp	r1, ip
    41c0:	8a0002d1 	bhi	0x4d0c
    41c4:	e086c001 	add	ip, r6, r1
    41c8:	e58c2000 	str	r2, [ip]
    41cc:	e58c3004 	str	r3, [ip, #4]
    41d0:	eafffd1f 	b	0x3654
    41d4:	e594c054 	ldr	ip, [r4, #84]	@ 0x54
    41d8:	e35c0008 	cmp	ip, #8
    41dc:	e3a0e008 	mov	lr, #8
    41e0:	e594c054 	ldr	ip, [r4, #84]	@ 0x54
    41e4:	81a0e00c 	movhi	lr, ip
    41e8:	e584e054 	str	lr, [r4, #84]	@ 0x54
    41ec:	e594c048 	ldr	ip, [r4, #72]	@ 0x48
    41f0:	e38ce008 	orr	lr, ip, #8
    41f4:	e584e048 	str	lr, [r4, #72]	@ 0x48
    41f8:	e3a08078 	mov	r8, #120	@ 0x78
    41fc:	e3a0e000 	mov	lr, #0
    4200:	e584e044 	str	lr, [r4, #68]	@ 0x44
    4204:	e3a0eb40 	mov	lr, #64, 22	@ 0x10000
    4208:	e38ee160 	orr	lr, lr, #96, 2
    420c:	e584e064 	str	lr, [r4, #100]	@ 0x64
    4210:	e594601c 	ldr	r6, [r4, #28]
    4214:	e5953030 	ldr	r3, [r5, #48]	@ 0x30
    4218:	e59fe09c 	ldr	lr, [pc, #156]	@ 0x42bc
    421c:	e7f6e3f0 	udf	#28208	@ 0x6e30
    4220:	2a0002b9 	bcs	0x4d0c
    4224:	e083c006 	add	ip, r3, r6
    4228:	e59c1000 	ldr	r1, [ip]
    422c:	e59c2004 	ldr	r2, [ip, #4]
    4230:	e1a0a001 	mov	sl, r1
    4234:	e1a09002 	mov	r9, r2
    4238:	e2083020 	and	r3, r8, #32
    423c:	e5841088 	str	r1, [r4, #136]	@ 0x88
    4240:	e584208c 	str	r2, [r4, #140]	@ 0x8c
    4244:	e5843094 	str	r3, [r4, #148]	@ 0x94
    4248:	e59f00c8 	ldr	r0, [pc, #200]	@ 0x4318
    424c:	e1a01004 	mov	r1, r4
    4250:	e59d2000 	ldr	r2, [sp]
    4254:	e59fc0c0 	ldr	ip, [pc, #192]	@ 0x431c
    4258:	e12fff3c 	blx	ip
    425c:	e3500000 	cmp	r0, #0
    4260:	1a0002ac 	bne	0x4d18
    4264:	e5941088 	ldr	r1, [r4, #136]	@ 0x88
    4268:	e5841038 	str	r1, [r4, #56]	@ 0x38
    426c:	e19ac009 	orrs	ip, sl, r9
    4270:	0a000090 	beq	0x44b8
    4274:	e594c048 	ldr	ip, [r4, #72]	@ 0x48
    4278:	e31c0008 	tst	ip, #8
    427c:	0a00008d 	beq	0x44b8
    4280:	e1a01228 	lsr	r1, r8, #4
    4284:	e281eb40 	add	lr, r1, #64, 22	@ 0x10000
    4288:	e28ee160 	add	lr, lr, #96, 2
    428c:	e584e064 	str	lr, [r4, #100]	@ 0x64
    4290:	e3a0e002 	mov	lr, #2
    4294:	e584e044 	str	lr, [r4, #68]	@ 0x44
    4298:	ea000086 	b	0x44b8
    429c:	ea00001f 	b	0x4320
	...
    42b8:	0101fffc 	strdeq	pc, [r1, -ip]
    42bc:	0101fff8 	strdeq	pc, [r1, -r8]
    42c0:	003feafc 	ldrshteq	lr, [pc], -ip
    42c4:	0004890c 	andeq	r8, r4, ip, lsl #18
    42c8:	003feb3c 	eorseq	lr, pc, ip, lsr fp	@ <UNPREDICTABLE>
    42cc:	0004890c 	andeq	r8, r4, ip, lsl #18
    42d0:	003feb90 	mlaseq	pc, r0, fp, lr	@ <UNPREDICTABLE>
    42d4:	00048c48 	andeq	r8, r4, r8, asr #24
    42d8:	003fec78 	eorseq	lr, pc, r8, ror ip	@ <UNPREDICTABLE>
    42dc:	0004890c 	andeq	r8, r4, ip, lsl #18
    42e0:	003feca8 	eorseq	lr, pc, r8, lsr #25
    42e4:	00048004 	andeq	r8, r4, r4
    42e8:	004033ec 	subeq	r3, r0, ip, ror #7
    42ec:	0004890c 	andeq	r8, r4, ip, lsl #18
    42f0:	004038ec 	subeq	r3, r0, ip, ror #17
    42f4:	0004890c 	andeq	r8, r4, ip, lsl #18
    42f8:	00403bb8 	strheq	r3, [r0], #-184	@ 0xffffff48
    42fc:	0004890c 	andeq	r8, r4, ip, lsl #18
    4300:	00403dfc 	strdeq	r3, [r0], #-220	@ 0xffffff24
    4304:	0004890c 	andeq	r8, r4, ip, lsl #18
    4308:	4085b618 	addmi	fp, r5, r8, lsl r6
    430c:	4085b6a0 	addmi	fp, r5, r0, lsr #13
    4310:	4085b6c0 	addmi	fp, r5, r0, asr #13
    4314:	0101fffe 	strdeq	pc, [r1, -lr]
    4318:	00404270 	subeq	r4, r0, r0, ror r2
    431c:	0004890c 	andeq	r8, r4, ip, lsl #18
    4320:	e3a0e000 	mov	lr, #0
    4324:	e584e044 	str	lr, [r4, #68]	@ 0x44
    4328:	e3a0eb40 	mov	lr, #64, 22	@ 0x10000
    432c:	e38ee160 	orr	lr, lr, #96, 2
    4330:	e584e064 	str	lr, [r4, #100]	@ 0x64
    4334:	e594601c 	ldr	r6, [r4, #28]
    4338:	e5953030 	ldr	r3, [r5, #48]	@ 0x30
    433c:	e59feff4 	ldr	lr, [pc, #4084]	@ 0x5338
    4340:	e7f6e3f0 	udf	#28208	@ 0x6e30
    4344:	2a000270 	bcs	0x4d0c
    4348:	e083c006 	add	ip, r3, r6
    434c:	e59c1000 	ldr	r1, [ip]
    4350:	e59c2004 	ldr	r2, [ip, #4]
    4354:	e1a0a001 	mov	sl, r1
    4358:	e1a09002 	mov	r9, r2
    435c:	e5841088 	str	r1, [r4, #136]	@ 0x88
    4360:	e584208c 	str	r2, [r4, #140]	@ 0x8c
    4364:	e59f0fd0 	ldr	r0, [pc, #4048]	@ 0x533c
    4368:	e1a01004 	mov	r1, r4
    436c:	e59d2000 	ldr	r2, [sp]
    4370:	e59fcfc8 	ldr	ip, [pc, #4040]	@ 0x5340
    4374:	e12fff3c 	blx	ip
    4378:	e3500000 	cmp	r0, #0
    437c:	1a000265 	bne	0x4d18
    4380:	e5941088 	ldr	r1, [r4, #136]	@ 0x88
    4384:	e5841038 	str	r1, [r4, #56]	@ 0x38
    4388:	e594c048 	ldr	ip, [r4, #72]	@ 0x48
    438c:	e31c0008 	tst	ip, #8
    4390:	0a000048 	beq	0x44b8
    4394:	e594e038 	ldr	lr, [r4, #56]	@ 0x38
    4398:	e594c020 	ldr	ip, [r4, #32]
    439c:	e04c100e 	sub	r1, ip, lr
    43a0:	e1a02001 	mov	r2, r1
    43a4:	e594c054 	ldr	ip, [r4, #84]	@ 0x54
    43a8:	e15c0002 	cmp	ip, r2
    43ac:	e594e054 	ldr	lr, [r4, #84]	@ 0x54
    43b0:	d1a0e001 	movle	lr, r1
    43b4:	e584e054 	str	lr, [r4, #84]	@ 0x54
    43b8:	ea00003e 	b	0x44b8
    43bc:	e594601c 	ldr	r6, [r4, #28]
    43c0:	e5953030 	ldr	r3, [r5, #48]	@ 0x30
    43c4:	e59fef6c 	ldr	lr, [pc, #3948]	@ 0x5338
    43c8:	e7f6e3f0 	udf	#28208	@ 0x6e30
    43cc:	2a00024e 	bcs	0x4d0c
    43d0:	e083c006 	add	ip, r3, r6
    43d4:	e59c1000 	ldr	r1, [ip]
    43d8:	e59c2004 	ldr	r2, [ip, #4]
    43dc:	e1a0a001 	mov	sl, r1
    43e0:	e1a09002 	mov	r9, r2
    43e4:	e3e0c000 	mvn	ip, #0
    43e8:	e15c0001 	cmp	ip, r1
    43ec:	e3e0c000 	mvn	ip, #0
    43f0:	e0dcc002 	sbcs	ip, ip, r2
    43f4:	ba000011 	blt	0x4440
    43f8:	e27a1000 	rsbs	r1, sl, #0
    43fc:	e2e92000 	rsc	r2, r9, #0
    4400:	e1a0a001 	mov	sl, r1
    4404:	e1a09002 	mov	r9, r2
    4408:	e594601c 	ldr	r6, [r4, #28]
    440c:	e5953030 	ldr	r3, [r5, #48]	@ 0x30
    4410:	e59fef20 	ldr	lr, [pc, #3872]	@ 0x5338
    4414:	e7f6e3f0 	udf	#28208	@ 0x6e30
    4418:	2a00023b 	bcs	0x4d0c
    441c:	e083c006 	add	ip, r3, r6
    4420:	e58c1000 	str	r1, [ip]
    4424:	e58c2004 	str	r2, [ip, #4]
    4428:	e3a0e001 	mov	lr, #1
    442c:	e584e044 	str	lr, [r4, #68]	@ 0x44
    4430:	e3a0eb40 	mov	lr, #64, 22	@ 0x10000
    4434:	e38ee160 	orr	lr, lr, #96, 2
    4438:	e584e064 	str	lr, [r4, #100]	@ 0x64
    443c:	ea000012 	b	0x448c
    4440:	e594c048 	ldr	ip, [r4, #72]	@ 0x48
    4444:	e31c0e80 	tst	ip, #128, 28	@ 0x800
    4448:	0a000005 	beq	0x4464
    444c:	e3a0e001 	mov	lr, #1
    4450:	e584e044 	str	lr, [r4, #68]	@ 0x44
    4454:	e3a0eb40 	mov	lr, #64, 22	@ 0x10000
    4458:	e38ee164 	orr	lr, lr, #100, 2
    445c:	e584e064 	str	lr, [r4, #100]	@ 0x64
    4460:	ea000009 	b	0x448c
    4464:	e594c048 	ldr	ip, [r4, #72]	@ 0x48
    4468:	e20c1001 	and	r1, ip, #1
    446c:	e5841044 	str	r1, [r4, #68]	@ 0x44
    4470:	e3510000 	cmp	r1, #0
    4474:	e3a0eb40 	mov	lr, #64, 22	@ 0x10000
    4478:	e38ee168 	orr	lr, lr, #104, 2
    447c:	e3a0cb40 	mov	ip, #64, 22	@ 0x10000
    4480:	e38cc160 	orr	ip, ip, #96, 2
    4484:	01a0e00c 	moveq	lr, ip
    4488:	e584e064 	str	lr, [r4, #100]	@ 0x64
    448c:	e584a068 	str	sl, [r4, #104]	@ 0x68
    4490:	e584906c 	str	r9, [r4, #108]	@ 0x6c
    4494:	e59f0ea8 	ldr	r0, [pc, #3752]	@ 0x5344
    4498:	e1a01004 	mov	r1, r4
    449c:	e59d2000 	ldr	r2, [sp]
    44a0:	e59fcea0 	ldr	ip, [pc, #3744]	@ 0x5348
    44a4:	e12fff3c 	blx	ip
    44a8:	e3500000 	cmp	r0, #0
    44ac:	1a000219 	bne	0x4d18
    44b0:	e5941088 	ldr	r1, [r4, #136]	@ 0x88
    44b4:	e5841038 	str	r1, [r4, #56]	@ 0x38
    44b8:	e594c054 	ldr	ip, [r4, #84]	@ 0x54
    44bc:	e35c0000 	cmp	ip, #0
    44c0:	e3a01000 	mov	r1, #0
    44c4:	b3a01001 	movlt	r1, #1
    44c8:	e11b0001 	tst	fp, r1
    44cc:	1a0001f3 	bne	0x4ca0
    44d0:	e594c048 	ldr	ip, [r4, #72]	@ 0x48
    44d4:	e3cc1b40 	bic	r1, ip, #64, 22	@ 0x10000
    44d8:	e35b0000 	cmp	fp, #0
    44dc:	e594e048 	ldr	lr, [r4, #72]	@ 0x48
    44e0:	11a0e001 	movne	lr, r1
    44e4:	e584e048 	str	lr, [r4, #72]	@ 0x48
    44e8:	e3590000 	cmp	r9, #0
    44ec:	1a000000 	bne	0x44f4
    44f0:	e35a0000 	cmp	sl, #0
    44f4:	1a000009 	bne	0x4520
    44f8:	e594c054 	ldr	ip, [r4, #84]	@ 0x54
    44fc:	e35c0000 	cmp	ip, #0
    4500:	1a000006 	bne	0x4520
    4504:	e594e028 	ldr	lr, [r4, #40]	@ 0x28
    4508:	e584e038 	str	lr, [r4, #56]	@ 0x38
    450c:	e594e028 	ldr	lr, [r4, #40]	@ 0x28
    4510:	e584e05c 	str	lr, [r4, #92]	@ 0x5c
    4514:	e3a0e000 	mov	lr, #0
    4518:	e584e054 	str	lr, [r4, #84]	@ 0x54
    451c:	ea000179 	b	0x4b08
    4520:	e594e038 	ldr	lr, [r4, #56]	@ 0x38
    4524:	e594c028 	ldr	ip, [r4, #40]	@ 0x28
    4528:	e04c100e 	sub	r1, ip, lr
    452c:	e19ac009 	orrs	ip, sl, r9
    4530:	e3a02000 	mov	r2, #0
    4534:	03a02001 	moveq	r2, #1
    4538:	e0811002 	add	r1, r1, r2
    453c:	e1a02001 	mov	r2, r1
    4540:	e594c054 	ldr	ip, [r4, #84]	@ 0x54
    4544:	e15c0002 	cmp	ip, r2
    4548:	e594e054 	ldr	lr, [r4, #84]	@ 0x54
    454c:	d1a0e001 	movle	lr, r1
    4550:	e584e054 	str	lr, [r4, #84]	@ 0x54
    4554:	ea000169 	b	0x4b00
    4558:	e594301c 	ldr	r3, [r4, #28]
    455c:	e5952030 	ldr	r2, [r5, #48]	@ 0x30
    4560:	e3e0e4fe 	mvn	lr, #-33554432	@ 0xfe000000
    4564:	e3cee8fe 	bic	lr, lr, #16646144	@ 0xfe0000
    4568:	e7f3e3f0 	udf	#15920	@ 0x3e30
    456c:	2a0001e6 	bcs	0x4d0c
    4570:	e7e123f0 			@ <UNDEFINED> instruction: 0xe7e123f0
    4574:	ea000151 	b	0x4ac0
    4578:	e594601c 	ldr	r6, [r4, #28]
    457c:	e5953030 	ldr	r3, [r5, #48]	@ 0x30
    4580:	e59fedc4 	ldr	lr, [pc, #3524]	@ 0x534c
    4584:	e7f6e3f0 	udf	#28208	@ 0x6e30
    4588:	2a0001df 	bcs	0x4d0c
    458c:	e7e236f4 			@ <UNDEFINED> instruction: 0xe7e236f4
    4590:	e1a03002 	mov	r3, r2
    4594:	e3530000 	cmp	r3, #0
    4598:	e3a0eb40 	mov	lr, #64, 22	@ 0x10000
    459c:	e38ee047 	orr	lr, lr, #71	@ 0x47
    45a0:	11a0e002 	movne	lr, r2
    45a4:	e584e038 	str	lr, [r4, #56]	@ 0x38
    45a8:	e594c054 	ldr	ip, [r4, #84]	@ 0x54
    45ac:	e37c0360 	cmn	ip, #96, 6	@ 0x80000001
    45b0:	e3e02480 	mvn	r2, #128, 8	@ 0x80000000
    45b4:	e594c054 	ldr	ip, [r4, #84]	@ 0x54
    45b8:	31a0200c 	movcc	r2, ip
    45bc:	e5842090 	str	r2, [r4, #144]	@ 0x90
    45c0:	e59f0d88 	ldr	r0, [pc, #3464]	@ 0x5350
    45c4:	e1a01004 	mov	r1, r4
    45c8:	e59d2000 	ldr	r2, [sp]
    45cc:	e59fcd80 	ldr	ip, [pc, #3456]	@ 0x5354
    45d0:	e12fff3c 	blx	ip
    45d4:	e3500000 	cmp	r0, #0
    45d8:	1a0001ce 	bne	0x4d18
    45dc:	e594208c 	ldr	r2, [r4, #140]	@ 0x8c
    45e0:	e1a03002 	mov	r3, r2
    45e4:	e594c038 	ldr	ip, [r4, #56]	@ 0x38
    45e8:	e08ce002 	add	lr, ip, r2
    45ec:	e584e05c 	str	lr, [r4, #92]	@ 0x5c
    45f0:	e594c054 	ldr	ip, [r4, #84]	@ 0x54
    45f4:	e37c0001 	cmn	ip, #1
    45f8:	da000003 	ble	0x460c
    45fc:	e594e060 	ldr	lr, [r4, #96]	@ 0x60
    4600:	e584e048 	str	lr, [r4, #72]	@ 0x48
    4604:	e5843054 	str	r3, [r4, #84]	@ 0x54
    4608:	ea00013e 	b	0x4b08
    460c:	e594e060 	ldr	lr, [r4, #96]	@ 0x60
    4610:	e584e048 	str	lr, [r4, #72]	@ 0x48
    4614:	e5843054 	str	r3, [r4, #84]	@ 0x54
    4618:	e594605c 	ldr	r6, [r4, #92]	@ 0x5c
    461c:	e5953030 	ldr	r3, [r5, #48]	@ 0x30
    4620:	e3e0c4fe 	mvn	ip, #-33554432	@ 0xfe000000
    4624:	e3ccc8fe 	bic	ip, ip, #16646144	@ 0xfe0000
    4628:	e156000c 	cmp	r6, ip
    462c:	8a0001b6 	bhi	0x4d0c
    4630:	e7e236f0 			@ <UNDEFINED> instruction: 0xe7e236f0
    4634:	e3520000 	cmp	r2, #0
    4638:	1a000198 	bne	0x4ca0
    463c:	ea000131 	b	0x4b08
    4640:	e594901c 	ldr	r9, [r4, #28]
    4644:	e5956030 	ldr	r6, [r5, #48]	@ 0x30
    4648:	e59fece8 	ldr	lr, [pc, #3304]	@ 0x5338
    464c:	e7f9e3f0 	udf	#40496	@ 0x9e30
    4650:	2a0001ad 	bcs	0x4d0c
    4654:	e086c009 	add	ip, r6, r9
    4658:	e59c2000 	ldr	r2, [ip]
    465c:	e59c3004 	ldr	r3, [ip, #4]
    4660:	e1a06002 	mov	r6, r2
    4664:	e1a09003 	mov	r9, r3
    4668:	e192c003 	orrs	ip, r2, r3
    466c:	1a000018 	bne	0x46d4
    4670:	e3a01000 	mov	r1, #0
    4674:	ea000111 	b	0x4ac0
    4678:	e594c054 	ldr	ip, [r4, #84]	@ 0x54
    467c:	e35c0000 	cmp	ip, #0
    4680:	0a000006 	beq	0x46a0
    4684:	e594301c 	ldr	r3, [r4, #28]
    4688:	e5952030 	ldr	r2, [r5, #48]	@ 0x30
    468c:	e59fecb8 	ldr	lr, [pc, #3256]	@ 0x534c
    4690:	e7f3e3f0 	udf	#15920	@ 0x3e30
    4694:	2a00019c 	bcs	0x4d0c
    4698:	e7ea23f4 			@ <UNDEFINED> instruction: 0xe7ea23f4
    469c:	ea000025 	b	0x4738
    46a0:	e3a07000 	mov	r7, #0
    46a4:	e3a0e020 	mov	lr, #32
    46a8:	e584e08c 	str	lr, [r4, #140]	@ 0x8c
    46ac:	e3a0e000 	mov	lr, #0
    46b0:	e584e070 	str	lr, [r4, #112]	@ 0x70
    46b4:	e59f0c9c 	ldr	r0, [pc, #3228]	@ 0x5358
    46b8:	e1a01004 	mov	r1, r4
    46bc:	e59d2000 	ldr	r2, [sp]
    46c0:	e59fcc94 	ldr	ip, [pc, #3220]	@ 0x535c
    46c4:	e12fff3c 	blx	ip
    46c8:	e3500000 	cmp	r0, #0
    46cc:	1a000191 	bne	0x4d18
    46d0:	ea00007c 	b	0x48c8
    46d4:	e594301c 	ldr	r3, [r4, #28]
    46d8:	e5952030 	ldr	r2, [r5, #48]	@ 0x30
    46dc:	e59fec68 	ldr	lr, [pc, #3176]	@ 0x534c
    46e0:	e7f3e0fc 	udf	#15884	@ 0x3e0c
    46e4:	2a000188 	bcs	0x4d0c
    46e8:	e3a00000 	mov	r0, #0
    46ec:	e7d023f4 			@ <UNDEFINED> instruction: 0xe7d023f4
    46f0:	e594201c 	ldr	r2, [r4, #28]
    46f4:	e5950030 	ldr	r0, [r5, #48]	@ 0x30
    46f8:	e59fec4c 	ldr	lr, [pc, #3148]	@ 0x534c
    46fc:	e7f2e0f8 	udf	#11784	@ 0x2e08
    4700:	2a000181 	bcs	0x4d0c
    4704:	e7806002 	str	r6, [r0, r2]
    4708:	e594c01c 	ldr	ip, [r4, #28]
    470c:	e28c0008 	add	r0, ip, #8
    4710:	e594301c 	ldr	r3, [r4, #28]
    4714:	e5952030 	ldr	r2, [r5, #48]	@ 0x30
    4718:	e59fec2c 	ldr	lr, [pc, #3116]	@ 0x534c
    471c:	e7f3e3f0 	udf	#15920	@ 0x3e30
    4720:	2a000179 	bcs	0x4d0c
    4724:	e7d023f4 			@ <UNDEFINED> instruction: 0xe7d023f4
    4728:	e594c01c 	ldr	ip, [r4, #28]
    472c:	e28ca008 	add	sl, ip, #8
    4730:	e3e0e000 	mvn	lr, #0
    4734:	e584e054 	str	lr, [r4, #84]	@ 0x54
    4738:	e3a07000 	mov	r7, #0
    473c:	e1a0300a 	mov	r3, sl
    4740:	e5952030 	ldr	r2, [r5, #48]	@ 0x30
    4744:	e59fcc00 	ldr	ip, [pc, #3072]	@ 0x534c
    4748:	e153000c 	cmp	r3, ip
    474c:	8a00016e 	bhi	0x4d0c
    4750:	e7e023f4 			@ <UNDEFINED> instruction: 0xe7e023f4
    4754:	e1a02000 	mov	r2, r0
    4758:	e3500000 	cmp	r0, #0
    475c:	0a000018 	beq	0x47c4
    4760:	e594c01c 	ldr	ip, [r4, #28]
    4764:	e28c0004 	add	r0, ip, #4
    4768:	e5840088 	str	r0, [r4, #136]	@ 0x88
    476c:	e5842040 	str	r2, [r4, #64]	@ 0x40
    4770:	e59f0be8 	ldr	r0, [pc, #3048]	@ 0x5360
    4774:	e1a01004 	mov	r1, r4
    4778:	e59d2000 	ldr	r2, [sp]
    477c:	e59fcbe0 	ldr	ip, [pc, #3040]	@ 0x5364
    4780:	e12fff3c 	blx	ip
    4784:	e3500000 	cmp	r0, #0
    4788:	1a000162 	bne	0x4d18
    478c:	e5940088 	ldr	r0, [r4, #136]	@ 0x88
    4790:	e1a02000 	mov	r2, r0
    4794:	e3500000 	cmp	r0, #0
    4798:	ba000150 	blt	0x4ce0
    479c:	e594c054 	ldr	ip, [r4, #84]	@ 0x54
    47a0:	e04c0007 	sub	r0, ip, r7
    47a4:	e1520000 	cmp	r2, r0
    47a8:	8a000005 	bhi	0x47c4
    47ac:	e28aa004 	add	sl, sl, #4
    47b0:	e0822007 	add	r2, r2, r7
    47b4:	e1a07002 	mov	r7, r2
    47b8:	e594c054 	ldr	ip, [r4, #84]	@ 0x54
    47bc:	e152000c 	cmp	r2, ip
    47c0:	3affffdd 	bcc	0x473c
    47c4:	e3a0e03d 	mov	lr, #61	@ 0x3d
    47c8:	e584e05c 	str	lr, [r4, #92]	@ 0x5c
    47cc:	e3570000 	cmp	r7, #0
    47d0:	ba000134 	blt	0x4ca8
    47d4:	e3a0e020 	mov	lr, #32
    47d8:	e584e08c 	str	lr, [r4, #140]	@ 0x8c
    47dc:	e5847034 	str	r7, [r4, #52]	@ 0x34
    47e0:	e59f0b80 	ldr	r0, [pc, #2944]	@ 0x5368
    47e4:	e1a01004 	mov	r1, r4
    47e8:	e59d2000 	ldr	r2, [sp]
    47ec:	e59fcb78 	ldr	ip, [pc, #2936]	@ 0x536c
    47f0:	e12fff3c 	blx	ip
    47f4:	e3500000 	cmp	r0, #0
    47f8:	1a000146 	bne	0x4d18
    47fc:	e3570000 	cmp	r7, #0
    4800:	1a000001 	bne	0x480c
    4804:	e3a07000 	mov	r7, #0
    4808:	ea00002e 	b	0x48c8
    480c:	e3a06000 	mov	r6, #0
    4810:	e594201c 	ldr	r2, [r4, #28]
    4814:	e5950030 	ldr	r0, [r5, #48]	@ 0x30
    4818:	e59feb2c 	ldr	lr, [pc, #2860]	@ 0x534c
    481c:	e7f2e3f0 	udf	#11824	@ 0x2e30
    4820:	2a000139 	bcs	0x4d0c
    4824:	e7e902f4 			@ <UNDEFINED> instruction: 0xe7e902f4
    4828:	e1a03009 	mov	r3, r9
    482c:	e5952030 	ldr	r2, [r5, #48]	@ 0x30
    4830:	e59fcb14 	ldr	ip, [pc, #2836]	@ 0x534c
    4834:	e153000c 	cmp	r3, ip
    4838:	8a000133 	bhi	0x4d0c
    483c:	e7e023f4 			@ <UNDEFINED> instruction: 0xe7e023f4
    4840:	e1a02000 	mov	r2, r0
    4844:	e3500000 	cmp	r0, #0
    4848:	0a00001e 	beq	0x48c8
    484c:	e594c01c 	ldr	ip, [r4, #28]
    4850:	e28c0004 	add	r0, ip, #4
    4854:	e5840088 	str	r0, [r4, #136]	@ 0x88
    4858:	e5842038 	str	r2, [r4, #56]	@ 0x38
    485c:	e59f0b0c 	ldr	r0, [pc, #2828]	@ 0x5370
    4860:	e1a01004 	mov	r1, r4
    4864:	e59d2000 	ldr	r2, [sp]
    4868:	e59fcb04 	ldr	ip, [pc, #2820]	@ 0x5374
    486c:	e12fff3c 	blx	ip
    4870:	e3500000 	cmp	r0, #0
    4874:	1a000127 	bne	0x4d18
    4878:	e5940088 	ldr	r0, [r4, #136]	@ 0x88
    487c:	e1a02000 	mov	r2, r0
    4880:	e0800006 	add	r0, r0, r6
    4884:	e1a06000 	mov	r6, r0
    4888:	e1500007 	cmp	r0, r7
    488c:	8a00000d 	bhi	0x48c8
    4890:	e594c01c 	ldr	ip, [r4, #28]
    4894:	e28c0004 	add	r0, ip, #4
    4898:	e584008c 	str	r0, [r4, #140]	@ 0x8c
    489c:	e5842038 	str	r2, [r4, #56]	@ 0x38
    48a0:	e59f0ad0 	ldr	r0, [pc, #2768]	@ 0x5378
    48a4:	e1a01004 	mov	r1, r4
    48a8:	e59d2000 	ldr	r2, [sp]
    48ac:	e59fcac8 	ldr	ip, [pc, #2760]	@ 0x537c
    48b0:	e12fff3c 	blx	ip
    48b4:	e3500000 	cmp	r0, #0
    48b8:	1a000116 	bne	0x4d18
    48bc:	e2899004 	add	r9, r9, #4
    48c0:	e1560007 	cmp	r6, r7
    48c4:	3affffd7 	bcc	0x4828
    48c8:	e594c048 	ldr	ip, [r4, #72]	@ 0x48
    48cc:	e22c0d80 	eor	r0, ip, #128, 26	@ 0x2000
    48d0:	e3a0e020 	mov	lr, #32
    48d4:	e584e08c 	str	lr, [r4, #140]	@ 0x8c
    48d8:	e5847034 	str	r7, [r4, #52]	@ 0x34
    48dc:	e5840098 	str	r0, [r4, #152]	@ 0x98
    48e0:	e59f0a98 	ldr	r0, [pc, #2712]	@ 0x5380
    48e4:	e1a01004 	mov	r1, r4
    48e8:	e59d2000 	ldr	r2, [sp]
    48ec:	e59fca90 	ldr	ip, [pc, #2704]	@ 0x5384
    48f0:	e12fff3c 	blx	ip
    48f4:	e3500000 	cmp	r0, #0
    48f8:	1a000106 	bne	0x4d18
    48fc:	e594c050 	ldr	ip, [r4, #80]	@ 0x50
    4900:	e15c0007 	cmp	ip, r7
    4904:	e594e050 	ldr	lr, [r4, #80]	@ 0x50
    4908:	d1a0e007 	movle	lr, r7
    490c:	e584e034 	str	lr, [r4, #52]	@ 0x34
    4910:	eafffb4f 	b	0x3654
    4914:	e594c054 	ldr	ip, [r4, #84]	@ 0x54
    4918:	e35c0000 	cmp	ip, #0
    491c:	e3a00000 	mov	r0, #0
    4920:	b3a00001 	movlt	r0, #1
    4924:	e11b0000 	tst	fp, r0
    4928:	1a0000dc 	bne	0x4ca0
    492c:	e3a0e03d 	mov	lr, #61	@ 0x3d
    4930:	e584e05c 	str	lr, [r4, #92]	@ 0x5c
    4934:	e594201c 	ldr	r2, [r4, #28]
    4938:	e5950030 	ldr	r0, [r5, #48]	@ 0x30
    493c:	e59fe9f4 	ldr	lr, [pc, #2548]	@ 0x5338
    4940:	e7f2e3f0 	udf	#11824	@ 0x2e30
    4944:	2a0000f0 	bcs	0x4d0c
    4948:	e080c002 	add	ip, r0, r2
    494c:	e59ce000 	ldr	lr, [ip]
    4950:	e59cc004 	ldr	ip, [ip, #4]
    4954:	ec4cea10 	vmov	s0, s1, lr, ip
    4958:	ed840b23 	vstr	d0, [r4, #140]	@ 0x8c
    495c:	e5848034 	str	r8, [r4, #52]	@ 0x34
    4960:	e59f0a20 	ldr	r0, [pc, #2592]	@ 0x5388
    4964:	e1a01004 	mov	r1, r4
    4968:	e59d2000 	ldr	r2, [sp]
    496c:	e59fca18 	ldr	ip, [pc, #2584]	@ 0x538c
    4970:	e12fff3c 	blx	ip
    4974:	e3500000 	cmp	r0, #0
    4978:	1a0000e6 	bne	0x4d18
    497c:	e5940088 	ldr	r0, [r4, #136]	@ 0x88
    4980:	e5840034 	str	r0, [r4, #52]	@ 0x34
    4984:	e3500000 	cmp	r0, #0
    4988:	aafffb31 	bge	0x3654
    498c:	ea0000c5 	b	0x4ca8
    4990:	e5942034 	ldr	r2, [r4, #52]	@ 0x34
    4994:	e5950030 	ldr	r0, [r5, #48]	@ 0x30
    4998:	e3e0e4fe 	mvn	lr, #-33554432	@ 0xfe000000
    499c:	e3cee8fe 	bic	lr, lr, #16646144	@ 0xfe0000
    49a0:	e7f2e0f1 	udf	#11777	@ 0x2e01
    49a4:	2a0000d8 	bcs	0x4d0c
    49a8:	e7ee02f0 			@ <UNDEFINED> instruction: 0xe7ee02f0
    49ac:	e584e03c 	str	lr, [r4, #60]	@ 0x3c
    49b0:	e594c034 	ldr	ip, [r4, #52]	@ 0x34
    49b4:	e28ce001 	add	lr, ip, #1
    49b8:	e584e034 	str	lr, [r4, #52]	@ 0x34
    49bc:	eafffb3c 	b	0x36b4
    49c0:	e594c000 	ldr	ip, [r4]
    49c4:	e35c0000 	cmp	ip, #0
    49c8:	1a0000c6 	bne	0x4ce8
    49cc:	e594c02c 	ldr	ip, [r4, #44]	@ 0x2c
    49d0:	e35c0000 	cmp	ip, #0
    49d4:	0a0000ae 	beq	0x4c94
    49d8:	e3a06001 	mov	r6, #1
    49dc:	e1a00106 	lsl	r0, r6, #2
    49e0:	e594c010 	ldr	ip, [r4, #16]
    49e4:	e08c0000 	add	r0, ip, r0
    49e8:	e1a03000 	mov	r3, r0
    49ec:	e5952030 	ldr	r2, [r5, #48]	@ 0x30
    49f0:	e59fc954 	ldr	ip, [pc, #2388]	@ 0x534c
    49f4:	e153000c 	cmp	r3, ip
    49f8:	8a0000c3 	bhi	0x4d0c
    49fc:	e7e023f4 			@ <UNDEFINED> instruction: 0xe7e023f4
    4a00:	e1a02000 	mov	r2, r0
    4a04:	e3500000 	cmp	r0, #0
    4a08:	0a000012 	beq	0x4a58
    4a0c:	e1a00186 	lsl	r0, r6, #3
    4a10:	e594c00c 	ldr	ip, [r4, #12]
    4a14:	e08c0000 	add	r0, ip, r0
    4a18:	e5840088 	str	r0, [r4, #136]	@ 0x88
    4a1c:	e584203c 	str	r2, [r4, #60]	@ 0x3c
    4a20:	e59f0968 	ldr	r0, [pc, #2408]	@ 0x5390
    4a24:	e1a01004 	mov	r1, r4
    4a28:	e59d2000 	ldr	r2, [sp]
    4a2c:	e59fc960 	ldr	ip, [pc, #2400]	@ 0x5394
    4a30:	e12fff3c 	blx	ip
    4a34:	e3500000 	cmp	r0, #0
    4a38:	1a0000b6 	bne	0x4d18
    4a3c:	e3a0e001 	mov	lr, #1
    4a40:	e584e030 	str	lr, [r4, #48]	@ 0x30
    4a44:	e2860001 	add	r0, r6, #1
    4a48:	e1a06000 	mov	r6, r0
    4a4c:	e350000a 	cmp	r0, #10
    4a50:	1affffe1 	bne	0x49dc
    4a54:	ea0000a3 	b	0x4ce8
    4a58:	e356000a 	cmp	r6, #10
    4a5c:	3a000002 	bcc	0x4a6c
    4a60:	e3a0e001 	mov	lr, #1
    4a64:	e584e030 	str	lr, [r4, #48]	@ 0x30
    4a68:	ea00009e 	b	0x4ce8
    4a6c:	e1a00106 	lsl	r0, r6, #2
    4a70:	e594c010 	ldr	ip, [r4, #16]
    4a74:	e08c0000 	add	r0, ip, r0
    4a78:	e1a03000 	mov	r3, r0
    4a7c:	e5952030 	ldr	r2, [r5, #48]	@ 0x30
    4a80:	e59fc8c4 	ldr	ip, [pc, #2244]	@ 0x534c
    4a84:	e153000c 	cmp	r3, ip
    4a88:	8a00009f 	bhi	0x4d0c
    4a8c:	e7e023f4 			@ <UNDEFINED> instruction: 0xe7e023f4
    4a90:	e3500000 	cmp	r0, #0
    4a94:	1a000006 	bne	0x4ab4
    4a98:	e3a0e001 	mov	lr, #1
    4a9c:	e584e030 	str	lr, [r4, #48]	@ 0x30
    4aa0:	e2860001 	add	r0, r6, #1
    4aa4:	e1a06000 	mov	r6, r0
    4aa8:	e350000a 	cmp	r0, #10
    4aac:	0a00008d 	beq	0x4ce8
    4ab0:	eaffffed 	b	0x4a6c
    4ab4:	e3a0e01c 	mov	lr, #28
    4ab8:	e584e05c 	str	lr, [r4, #92]	@ 0x5c
    4abc:	ea000079 	b	0x4ca8
    4ac0:	e594201c 	ldr	r2, [r4, #28]
    4ac4:	e5950030 	ldr	r0, [r5, #48]	@ 0x30
    4ac8:	e3e0e4fe 	mvn	lr, #-33554432	@ 0xfe000000
    4acc:	e3cee8fe 	bic	lr, lr, #16646144	@ 0xfe0000
    4ad0:	e7f2e2f7 	udf	#11815	@ 0x2e27
    4ad4:	2a00008c 	bcs	0x4d0c
    4ad8:	e7d102f0 			@ <UNDEFINED> instruction: 0xe7d102f0
    4adc:	e3a0e001 	mov	lr, #1
    4ae0:	e584e054 	str	lr, [r4, #84]	@ 0x54
    4ae4:	e594e024 	ldr	lr, [r4, #36]	@ 0x24
    4ae8:	e584e038 	str	lr, [r4, #56]	@ 0x38
    4aec:	e594e028 	ldr	lr, [r4, #40]	@ 0x28
    4af0:	e584e05c 	str	lr, [r4, #92]	@ 0x5c
    4af4:	e594e060 	ldr	lr, [r4, #96]	@ 0x60
    4af8:	e584e048 	str	lr, [r4, #72]	@ 0x48
    4afc:	ea000001 	b	0x4b08
    4b00:	e594e028 	ldr	lr, [r4, #40]	@ 0x28
    4b04:	e584e05c 	str	lr, [r4, #92]	@ 0x5c
    4b08:	e594e038 	ldr	lr, [r4, #56]	@ 0x38
    4b0c:	e594c05c 	ldr	ip, [r4, #92]	@ 0x5c
    4b10:	e04c000e 	sub	r0, ip, lr
    4b14:	e1a06000 	mov	r6, r0
    4b18:	e594c054 	ldr	ip, [r4, #84]	@ 0x54
    4b1c:	e15c0006 	cmp	ip, r6
    4b20:	e594c054 	ldr	ip, [r4, #84]	@ 0x54
    4b24:	c1a0000c 	movgt	r0, ip
    4b28:	e1a07000 	mov	r7, r0
    4b2c:	e594c044 	ldr	ip, [r4, #68]	@ 0x44
    4b30:	e3e0e480 	mvn	lr, #128, 8	@ 0x80000000
    4b34:	e02c100e 	eor	r1, ip, lr
    4b38:	e1500001 	cmp	r0, r1
    4b3c:	ca000057 	bgt	0x4ca0
    4b40:	e3a0e03d 	mov	lr, #61	@ 0x3d
    4b44:	e584e05c 	str	lr, [r4, #92]	@ 0x5c
    4b48:	e594c044 	ldr	ip, [r4, #68]	@ 0x44
    4b4c:	e08c0007 	add	r0, ip, r7
    4b50:	e1a08000 	mov	r8, r0
    4b54:	e594c050 	ldr	ip, [r4, #80]	@ 0x50
    4b58:	e15c0008 	cmp	ip, r8
    4b5c:	e594c050 	ldr	ip, [r4, #80]	@ 0x50
    4b60:	c1a0000c 	movgt	r0, ip
    4b64:	e5840034 	str	r0, [r4, #52]	@ 0x34
    4b68:	e594c03c 	ldr	ip, [r4, #60]	@ 0x3c
    4b6c:	e150000c 	cmp	r0, ip
    4b70:	8a00004c 	bhi	0x4ca8
    4b74:	e3a0e020 	mov	lr, #32
    4b78:	e584e08c 	str	lr, [r4, #140]	@ 0x8c
    4b7c:	e5848040 	str	r8, [r4, #64]	@ 0x40
    4b80:	e59f0810 	ldr	r0, [pc, #2064]	@ 0x5398
    4b84:	e1a01004 	mov	r1, r4
    4b88:	e59d2000 	ldr	r2, [sp]
    4b8c:	e59fc808 	ldr	ip, [pc, #2056]	@ 0x539c
    4b90:	e12fff3c 	blx	ip
    4b94:	e3500000 	cmp	r0, #0
    4b98:	1a00005e 	bne	0x4d18
    4b9c:	e59f07fc 	ldr	r0, [pc, #2044]	@ 0x53a0
    4ba0:	e1a01004 	mov	r1, r4
    4ba4:	e59d2000 	ldr	r2, [sp]
    4ba8:	e59fc7f4 	ldr	ip, [pc, #2036]	@ 0x53a4
    4bac:	e12fff3c 	blx	ip
    4bb0:	e3500000 	cmp	r0, #0
    4bb4:	1a000057 	bne	0x4d18
    4bb8:	e594c048 	ldr	ip, [r4, #72]	@ 0x48
    4bbc:	e22c0b40 	eor	r0, ip, #64, 22	@ 0x10000
    4bc0:	e3a0e030 	mov	lr, #48	@ 0x30
    4bc4:	e584e08c 	str	lr, [r4, #140]	@ 0x8c
    4bc8:	e5848040 	str	r8, [r4, #64]	@ 0x40
    4bcc:	e5840098 	str	r0, [r4, #152]	@ 0x98
    4bd0:	e59f07d0 	ldr	r0, [pc, #2000]	@ 0x53a8
    4bd4:	e1a01004 	mov	r1, r4
    4bd8:	e59d2000 	ldr	r2, [sp]
    4bdc:	e59fc7c8 	ldr	ip, [pc, #1992]	@ 0x53ac
    4be0:	e12fff3c 	blx	ip
    4be4:	e3500000 	cmp	r0, #0
    4be8:	1a00004a 	bne	0x4d18
    4bec:	e3a0e030 	mov	lr, #48	@ 0x30
    4bf0:	e584e08c 	str	lr, [r4, #140]	@ 0x8c
    4bf4:	e584704c 	str	r7, [r4, #76]	@ 0x4c
    4bf8:	e5846004 	str	r6, [r4, #4]
    4bfc:	e3a0e000 	mov	lr, #0
    4c00:	e584e070 	str	lr, [r4, #112]	@ 0x70
    4c04:	e59f07a4 	ldr	r0, [pc, #1956]	@ 0x53b0
    4c08:	e1a01004 	mov	r1, r4
    4c0c:	e59d2000 	ldr	r2, [sp]
    4c10:	e59fc79c 	ldr	ip, [pc, #1948]	@ 0x53b4
    4c14:	e12fff3c 	blx	ip
    4c18:	e3500000 	cmp	r0, #0
    4c1c:	1a00003d 	bne	0x4d18
    4c20:	e5846004 	str	r6, [r4, #4]
    4c24:	e59f078c 	ldr	r0, [pc, #1932]	@ 0x53b8
    4c28:	e1a01004 	mov	r1, r4
    4c2c:	e59d2000 	ldr	r2, [sp]
    4c30:	e59fc784 	ldr	ip, [pc, #1924]	@ 0x53bc
    4c34:	e12fff3c 	blx	ip
    4c38:	e3500000 	cmp	r0, #0
    4c3c:	1a000035 	bne	0x4d18
    4c40:	e594c048 	ldr	ip, [r4, #72]	@ 0x48
    4c44:	e22c0d80 	eor	r0, ip, #128, 26	@ 0x2000
    4c48:	e3a0e020 	mov	lr, #32
    4c4c:	e584e08c 	str	lr, [r4, #140]	@ 0x8c
    4c50:	e5848040 	str	r8, [r4, #64]	@ 0x40
    4c54:	e5840098 	str	r0, [r4, #152]	@ 0x98
    4c58:	e59f0760 	ldr	r0, [pc, #1888]	@ 0x53c0
    4c5c:	e1a01004 	mov	r1, r4
    4c60:	e59d2000 	ldr	r2, [sp]
    4c64:	e59fc758 	ldr	ip, [pc, #1880]	@ 0x53c4
    4c68:	e12fff3c 	blx	ip
    4c6c:	e3500000 	cmp	r0, #0
    4c70:	1a000028 	bne	0x4d18
    4c74:	e594101c 	ldr	r1, [r4, #28]
    4c78:	e5950030 	ldr	r0, [r5, #48]	@ 0x30
    4c7c:	e59fe6c8 	ldr	lr, [pc, #1736]	@ 0x534c
    4c80:	e7f1e3fc 	udf	#7740	@ 0x1e3c
    4c84:	2a000020 	bcs	0x4d0c
    4c88:	e7ee01f4 			@ <UNDEFINED> instruction: 0xe7ee01f4
    4c8c:	e584e004 	str	lr, [r4, #4]
    4c90:	eafffa6f 	b	0x3654
    4c94:	e3a0e000 	mov	lr, #0
    4c98:	e584e030 	str	lr, [r4, #48]	@ 0x30
    4c9c:	ea000011 	b	0x4ce8
    4ca0:	e3a0e03d 	mov	lr, #61	@ 0x3d
    4ca4:	e584e05c 	str	lr, [r4, #92]	@ 0x5c
    4ca8:	e59f0718 	ldr	r0, [pc, #1816]	@ 0x53c8
    4cac:	e1a01004 	mov	r1, r4
    4cb0:	e59d2000 	ldr	r2, [sp]
    4cb4:	e59fc710 	ldr	ip, [pc, #1808]	@ 0x53cc
    4cb8:	e12fff3c 	blx	ip
    4cbc:	e3500000 	cmp	r0, #0
    4cc0:	1a000014 	bne	0x4d18
    4cc4:	e5940088 	ldr	r0, [r4, #136]	@ 0x88
    4cc8:	e5951030 	ldr	r1, [r5, #48]	@ 0x30
    4ccc:	e594205c 	ldr	r2, [r4, #92]	@ 0x5c
    4cd0:	e59fc674 	ldr	ip, [pc, #1652]	@ 0x534c
    4cd4:	e150000c 	cmp	r0, ip
    4cd8:	8a00000b 	bhi	0x4d0c
    4cdc:	e7d210f4 			@ <UNDEFINED> instruction: 0xe7d210f4
    4ce0:	e3e0e000 	mvn	lr, #0
    4ce4:	e584e030 	str	lr, [r4, #48]	@ 0x30
    4ce8:	e594c01c 	ldr	ip, [r4, #28]
    4cec:	e28c0040 	add	r0, ip, #64	@ 0x40
    4cf0:	e595103c 	ldr	r1, [r5, #60]	@ 0x3c
    4cf4:	e5810008 	str	r0, [r1, #8]
    4cf8:	e59f06d0 	ldr	r0, [pc, #1744]	@ 0x53d0
    4cfc:	e30ccabc 	movw	ip, #51900	@ 0xcabc
    4d00:	e34ccdef 	movt	ip, #52719	@ 0xcdef
    4d04:	e28dd004 	add	sp, sp, #4
    4d08:	e8bd8fc0 	pop	{r6, r7, r8, r9, sl, fp, pc}
    4d0c:	e3a00008 	mov	r0, #8
    4d10:	e59d1000 	ldr	r1, [sp]
    4d14:	e5810010 	str	r0, [r1, #16]
    4d18:	e59d0000 	ldr	r0, [sp]
    4d1c:	e59d101c 	ldr	r1, [sp, #28]
    4d20:	e59fc6ac 	ldr	ip, [pc, #1708]	@ 0x53d4
    4d24:	e12fff3c 	blx	ip
    4d28:	e28dd004 	add	sp, sp, #4
    4d2c:	e8bd0fc0 	pop	{r6, r7, r8, r9, sl, fp}
    4d30:	e28dd004 	add	sp, sp, #4
    4d34:	e12fff10 	bx	r0
    4d38:	e92d40c0 	push	{r6, r7, lr}
    4d3c:	e24dd004 	sub	sp, sp, #4
    4d40:	e58d0000 	str	r0, [sp]
    4d44:	e30cc123 	movw	ip, #49443	@ 0xc123
    4d48:	e34cc456 	movt	ip, #50262	@ 0xc456
    4d4c:	e5940000 	ldr	r0, [r4]
    4d50:	e5941004 	ldr	r1, [r4, #4]
    4d54:	e5942008 	ldr	r2, [r4, #8]
    4d58:	e1a07000 	mov	r7, r0
    4d5c:	e5956030 	ldr	r6, [r5, #48]	@ 0x30
    4d60:	e3e0c4fe 	mvn	ip, #-33554432	@ 0xfe000000
    4d64:	e3ccc8fe 	bic	ip, ip, #16646144	@ 0xfe0000
    4d68:	e157000c 	cmp	r7, ip
    4d6c:	8a000011 	bhi	0x4db8
    4d70:	e7e367f0 			@ <UNDEFINED> instruction: 0xe7e367f0
    4d74:	e3130020 	tst	r3, #32
    4d78:	1a000009 	bne	0x4da4
    4d7c:	e5841004 	str	r1, [r4, #4]
    4d80:	e5842008 	str	r2, [r4, #8]
    4d84:	e5840000 	str	r0, [r4]
    4d88:	e59f0648 	ldr	r0, [pc, #1608]	@ 0x53d8
    4d8c:	e1a01004 	mov	r1, r4
    4d90:	e59d2000 	ldr	r2, [sp]
    4d94:	e59fc640 	ldr	ip, [pc, #1600]	@ 0x53dc
    4d98:	e12fff3c 	blx	ip
    4d9c:	e3500000 	cmp	r0, #0
    4da0:	1a000007 	bne	0x4dc4
    4da4:	e59f0634 	ldr	r0, [pc, #1588]	@ 0x53e0
    4da8:	e30ccabc 	movw	ip, #51900	@ 0xcabc
    4dac:	e34ccdef 	movt	ip, #52719	@ 0xcdef
    4db0:	e28dd004 	add	sp, sp, #4
    4db4:	e8bd80c0 	pop	{r6, r7, pc}
    4db8:	e3a00008 	mov	r0, #8
    4dbc:	e59d1000 	ldr	r1, [sp]
    4dc0:	e5810010 	str	r0, [r1, #16]
    4dc4:	e59d0000 	ldr	r0, [sp]
    4dc8:	e59d100c 	ldr	r1, [sp, #12]
    4dcc:	e59fc610 	ldr	ip, [pc, #1552]	@ 0x53e4
    4dd0:	e12fff3c 	blx	ip
    4dd4:	e28dd004 	add	sp, sp, #4
    4dd8:	e8bd00c0 	pop	{r6, r7}
    4ddc:	e28dd004 	add	sp, sp, #4
    4de0:	e12fff10 	bx	r0
    4de4:	e92d47c0 	push	{r6, r7, r8, r9, sl, lr}
    4de8:	e24dd008 	sub	sp, sp, #8
    4dec:	e58d0000 	str	r0, [sp]
    4df0:	e30cc123 	movw	ip, #49443	@ 0xc123
    4df4:	e34cc456 	movt	ip, #50262	@ 0xc456
    4df8:	e5940000 	ldr	r0, [r4]
    4dfc:	e3a01000 	mov	r1, #0
    4e00:	e1a06000 	mov	r6, r0
    4e04:	e5953030 	ldr	r3, [r5, #48]	@ 0x30
    4e08:	e59fc53c 	ldr	ip, [pc, #1340]	@ 0x534c
    4e0c:	e156000c 	cmp	r6, ip
    4e10:	8a000038 	bhi	0x4ef8
    4e14:	e7e236f4 			@ <UNDEFINED> instruction: 0xe7e236f4
    4e18:	e1a03002 	mov	r3, r2
    4e1c:	e1a07002 	mov	r7, r2
    4e20:	e5956030 	ldr	r6, [r5, #48]	@ 0x30
    4e24:	e3e0c4fe 	mvn	ip, #-33554432	@ 0xfe000000
    4e28:	e3ccc8fe 	bic	ip, ip, #16646144	@ 0xfe0000
    4e2c:	e157000c 	cmp	r7, ip
    4e30:	8a000030 	bhi	0x4ef8
    4e34:	e7e267f1 			@ <UNDEFINED> instruction: 0xe7e267f1
    4e38:	e2422030 	sub	r2, r2, #48	@ 0x30
    4e3c:	e1a06002 	mov	r6, r2
    4e40:	e3520009 	cmp	r2, #9
    4e44:	9a000003 	bls	0x4e58
    4e48:	e3a0e000 	mov	lr, #0
    4e4c:	e584e018 	str	lr, [r4, #24]
    4e50:	e59f0590 	ldr	r0, [pc, #1424]	@ 0x53e8
    4e54:	ea000025 	b	0x4ef0
    4e58:	e3e02000 	mvn	r2, #0
    4e5c:	e59fc588 	ldr	ip, [pc, #1416]	@ 0x53ec
    4e60:	e151000c 	cmp	r1, ip
    4e64:	8a000008 	bhi	0x4e8c
    4e68:	e3a0c00a 	mov	ip, #10
    4e6c:	e0070c91 	mul	r7, r1, ip
    4e70:	e1a08007 	mov	r8, r7
    4e74:	e0867007 	add	r7, r6, r7
    4e78:	e3e0c480 	mvn	ip, #128, 8	@ 0x80000000
    4e7c:	e028800c 	eor	r8, r8, ip
    4e80:	e1560008 	cmp	r6, r8
    4e84:	e3e02000 	mvn	r2, #0
    4e88:	91a02007 	movls	r2, r7
    4e8c:	e2837001 	add	r7, r3, #1
    4e90:	e1a08007 	mov	r8, r7
    4e94:	e1a0a000 	mov	sl, r0
    4e98:	e5959030 	ldr	r9, [r5, #48]	@ 0x30
    4e9c:	e59fc4a8 	ldr	ip, [pc, #1192]	@ 0x534c
    4ea0:	e15a000c 	cmp	sl, ip
    4ea4:	8a000013 	bhi	0x4ef8
    4ea8:	e7d79af4 			@ <UNDEFINED> instruction: 0xe7d79af4
    4eac:	e1a0a003 	mov	sl, r3
    4eb0:	e5959030 	ldr	r9, [r5, #48]	@ 0x30
    4eb4:	e3e0e4fe 	mvn	lr, #-33554432	@ 0xfe000000
    4eb8:	e3cee8fe 	bic	lr, lr, #16646144	@ 0xfe0000
    4ebc:	e7fae0f1 	udf	#44545	@ 0xae01
    4ec0:	2a00000c 	bcs	0x4ef8
    4ec4:	e7e79af1 			@ <UNDEFINED> instruction: 0xe7e79af1
    4ec8:	e1a01002 	mov	r1, r2
    4ecc:	e1a03008 	mov	r3, r8
    4ed0:	e2477030 	sub	r7, r7, #48	@ 0x30
    4ed4:	e1a06007 	mov	r6, r7
    4ed8:	e357000a 	cmp	r7, #10
    4edc:	3affffdd 	bcc	0x4e58
    4ee0:	e5842010 	str	r2, [r4, #16]
    4ee4:	e59f0504 	ldr	r0, [pc, #1284]	@ 0x53f0
    4ee8:	e30ccabc 	movw	ip, #51900	@ 0xcabc
    4eec:	e34ccdef 	movt	ip, #52719	@ 0xcdef
    4ef0:	e28dd008 	add	sp, sp, #8
    4ef4:	e8bd87c0 	pop	{r6, r7, r8, r9, sl, pc}
    4ef8:	e3a00008 	mov	r0, #8
    4efc:	e59d1000 	ldr	r1, [sp]
    4f00:	e5810010 	str	r0, [r1, #16]
    4f04:	e59d0000 	ldr	r0, [sp]
    4f08:	e59d101c 	ldr	r1, [sp, #28]
    4f0c:	e59fc4e0 	ldr	ip, [pc, #1248]	@ 0x53f4
    4f10:	e12fff3c 	blx	ip
    4f14:	e28dd008 	add	sp, sp, #8
    4f18:	e8bd07c0 	pop	{r6, r7, r8, r9, sl}
    4f1c:	e28dd004 	add	sp, sp, #4
    4f20:	e12fff10 	bx	r0
    4f24:	e92d41c0 	push	{r6, r7, r8, lr}
    4f28:	e24dd008 	sub	sp, sp, #8
    4f2c:	e58d0000 	str	r0, [sp]
    4f30:	e30cc123 	movw	ip, #49443	@ 0xc123
    4f34:	e34cc456 	movt	ip, #50262	@ 0xc456
    4f38:	e5940000 	ldr	r0, [r4]
    4f3c:	e5941004 	ldr	r1, [r4, #4]
    4f40:	e5942008 	ldr	r2, [r4, #8]
    4f44:	e594300c 	ldr	r3, [r4, #12]
    4f48:	e2411009 	sub	r1, r1, #9
    4f4c:	e1a0e001 	mov	lr, r1
    4f50:	e35e0012 	cmp	lr, #18
    4f54:	23a0e012 	movcs	lr, #18
    4f58:	e1a0e10e 	lsl	lr, lr, #2
    4f5c:	e59fc494 	ldr	ip, [pc, #1172]	@ 0x53f8
    4f60:	e08ee00c 	add	lr, lr, ip
    4f64:	e59ec000 	ldr	ip, [lr]
    4f68:	e12fff1c 	bx	ip
    4f6c:	e1a07002 	mov	r7, r2
    4f70:	e5956030 	ldr	r6, [r5, #48]	@ 0x30
    4f74:	e59fc3d0 	ldr	ip, [pc, #976]	@ 0x534c
    4f78:	e157000c 	cmp	r7, ip
    4f7c:	8a000255 	bhi	0x58d8
    4f80:	e7e167f4 			@ <UNDEFINED> instruction: 0xe7e167f4
    4f84:	e1a06001 	mov	r6, r1
    4f88:	e2811004 	add	r1, r1, #4
    4f8c:	e1a08002 	mov	r8, r2
    4f90:	e5957030 	ldr	r7, [r5, #48]	@ 0x30
    4f94:	e59fc3b0 	ldr	ip, [pc, #944]	@ 0x534c
    4f98:	e158000c 	cmp	r8, ip
    4f9c:	8a00024d 	bhi	0x58d8
    4fa0:	e7d178f4 			@ <UNDEFINED> instruction: 0xe7d178f4
    4fa4:	e1a07006 	mov	r7, r6
    4fa8:	e5951030 	ldr	r1, [r5, #48]	@ 0x30
    4fac:	e59fc398 	ldr	ip, [pc, #920]	@ 0x534c
    4fb0:	e157000c 	cmp	r7, ip
    4fb4:	8a000247 	bhi	0x58d8
    4fb8:	e7e617f4 			@ <UNDEFINED> instruction: 0xe7e617f4
    4fbc:	e1a07000 	mov	r7, r0
    4fc0:	e5951030 	ldr	r1, [r5, #48]	@ 0x30
    4fc4:	e59fc380 	ldr	ip, [pc, #896]	@ 0x534c
    4fc8:	e157000c 	cmp	r7, ip
    4fcc:	8a000241 	bhi	0x58d8
    4fd0:	e7d617f4 			@ <UNDEFINED> instruction: 0xe7d617f4
    4fd4:	e59f0420 	ldr	r0, [pc, #1056]	@ 0x53fc
    4fd8:	ea00023c 	b	0x58d0
    4fdc:	e1a07002 	mov	r7, r2
    4fe0:	e5956030 	ldr	r6, [r5, #48]	@ 0x30
    4fe4:	e59fc360 	ldr	ip, [pc, #864]	@ 0x534c
    4fe8:	e157000c 	cmp	r7, ip
    4fec:	8a000239 	bhi	0x58d8
    4ff0:	e7e167f4 			@ <UNDEFINED> instruction: 0xe7e167f4
    4ff4:	e1a06001 	mov	r6, r1
    4ff8:	e2811004 	add	r1, r1, #4
    4ffc:	e1a08002 	mov	r8, r2
    5000:	e5957030 	ldr	r7, [r5, #48]	@ 0x30
    5004:	e59fc340 	ldr	ip, [pc, #832]	@ 0x534c
    5008:	e158000c 	cmp	r8, ip
    500c:	8a000231 	bhi	0x58d8
    5010:	e7d178f4 			@ <UNDEFINED> instruction: 0xe7d178f4
    5014:	e5958030 	ldr	r8, [r5, #48]	@ 0x30
    5018:	e59fc32c 	ldr	ip, [pc, #812]	@ 0x534c
    501c:	e156000c 	cmp	r6, ip
    5020:	8a00022c 	bhi	0x58d8
    5024:	e7981006 	ldr	r1, [r8, r6]
    5028:	e1a07fc1 	asr	r7, r1, #31
    502c:	e1a08000 	mov	r8, r0
    5030:	e5956030 	ldr	r6, [r5, #48]	@ 0x30
    5034:	e59fc2fc 	ldr	ip, [pc, #764]	@ 0x5338
    5038:	e158000c 	cmp	r8, ip
    503c:	8a000225 	bhi	0x58d8
    5040:	e086c008 	add	ip, r6, r8
    5044:	e58c1000 	str	r1, [ip]
    5048:	e58c7004 	str	r7, [ip, #4]
    504c:	e59f03ac 	ldr	r0, [pc, #940]	@ 0x5400
    5050:	ea00021e 	b	0x58d0
    5054:	e1a07002 	mov	r7, r2
    5058:	e5956030 	ldr	r6, [r5, #48]	@ 0x30
    505c:	e59fc2e8 	ldr	ip, [pc, #744]	@ 0x534c
    5060:	e157000c 	cmp	r7, ip
    5064:	8a00021b 	bhi	0x58d8
    5068:	e7e167f4 			@ <UNDEFINED> instruction: 0xe7e167f4
    506c:	e1a06001 	mov	r6, r1
    5070:	e2811004 	add	r1, r1, #4
    5074:	e1a08002 	mov	r8, r2
    5078:	e5957030 	ldr	r7, [r5, #48]	@ 0x30
    507c:	e59fc2c8 	ldr	ip, [pc, #712]	@ 0x534c
    5080:	e158000c 	cmp	r8, ip
    5084:	8a000213 	bhi	0x58d8
    5088:	e7d178f4 			@ <UNDEFINED> instruction: 0xe7d178f4
    508c:	e5958030 	ldr	r8, [r5, #48]	@ 0x30
    5090:	e59fc2b4 	ldr	ip, [pc, #692]	@ 0x534c
    5094:	e156000c 	cmp	r6, ip
    5098:	8a00020e 	bhi	0x58d8
    509c:	e7981006 	ldr	r1, [r8, r6]
    50a0:	e3a07000 	mov	r7, #0
    50a4:	e1a08000 	mov	r8, r0
    50a8:	e5956030 	ldr	r6, [r5, #48]	@ 0x30
    50ac:	e59fc284 	ldr	ip, [pc, #644]	@ 0x5338
    50b0:	e158000c 	cmp	r8, ip
    50b4:	8a000207 	bhi	0x58d8
    50b8:	e086c008 	add	ip, r6, r8
    50bc:	e58c1000 	str	r1, [ip]
    50c0:	e58c7004 	str	r7, [ip, #4]
    50c4:	e59f0338 	ldr	r0, [pc, #824]	@ 0x5404
    50c8:	ea000200 	b	0x58d0
    50cc:	e1a07002 	mov	r7, r2
    50d0:	e5956030 	ldr	r6, [r5, #48]	@ 0x30
    50d4:	e59fc270 	ldr	ip, [pc, #624]	@ 0x534c
    50d8:	e157000c 	cmp	r7, ip
    50dc:	8a0001fd 	bhi	0x58d8
    50e0:	e7e167f4 			@ <UNDEFINED> instruction: 0xe7e167f4
    50e4:	e1a06001 	mov	r6, r1
    50e8:	e2811004 	add	r1, r1, #4
    50ec:	e1a08002 	mov	r8, r2
    50f0:	e5957030 	ldr	r7, [r5, #48]	@ 0x30
    50f4:	e59fc250 	ldr	ip, [pc, #592]	@ 0x534c
    50f8:	e158000c 	cmp	r8, ip
    50fc:	8a0001f5 	bhi	0x58d8
    5100:	e7d178f4 			@ <UNDEFINED> instruction: 0xe7d178f4
    5104:	e5958030 	ldr	r8, [r5, #48]	@ 0x30
    5108:	e59fc23c 	ldr	ip, [pc, #572]	@ 0x534c
    510c:	e156000c 	cmp	r6, ip
    5110:	8a0001f0 	bhi	0x58d8
    5114:	e7981006 	ldr	r1, [r8, r6]
    5118:	e1a07fc1 	asr	r7, r1, #31
    511c:	e1a08000 	mov	r8, r0
    5120:	e5956030 	ldr	r6, [r5, #48]	@ 0x30
    5124:	e59fc20c 	ldr	ip, [pc, #524]	@ 0x5338
    5128:	e158000c 	cmp	r8, ip
    512c:	8a0001e9 	bhi	0x58d8
    5130:	e086c008 	add	ip, r6, r8
    5134:	e58c1000 	str	r1, [ip]
    5138:	e58c7004 	str	r7, [ip, #4]
    513c:	e59f02c4 	ldr	r0, [pc, #708]	@ 0x5408
    5140:	ea0001e2 	b	0x58d0
    5144:	e1a07002 	mov	r7, r2
    5148:	e5956030 	ldr	r6, [r5, #48]	@ 0x30
    514c:	e59fc1f8 	ldr	ip, [pc, #504]	@ 0x534c
    5150:	e157000c 	cmp	r7, ip
    5154:	8a0001df 	bhi	0x58d8
    5158:	e7e167f4 			@ <UNDEFINED> instruction: 0xe7e167f4
    515c:	e1a06001 	mov	r6, r1
    5160:	e2811004 	add	r1, r1, #4
    5164:	e1a08002 	mov	r8, r2
    5168:	e5957030 	ldr	r7, [r5, #48]	@ 0x30
    516c:	e59fc1d8 	ldr	ip, [pc, #472]	@ 0x534c
    5170:	e158000c 	cmp	r8, ip
    5174:	8a0001d7 	bhi	0x58d8
    5178:	e7d178f4 			@ <UNDEFINED> instruction: 0xe7d178f4
    517c:	e5958030 	ldr	r8, [r5, #48]	@ 0x30
    5180:	e59fc1c4 	ldr	ip, [pc, #452]	@ 0x534c
    5184:	e156000c 	cmp	r6, ip
    5188:	8a0001d2 	bhi	0x58d8
    518c:	e7981006 	ldr	r1, [r8, r6]
    5190:	e3a07000 	mov	r7, #0
    5194:	e1a08000 	mov	r8, r0
    5198:	e5956030 	ldr	r6, [r5, #48]	@ 0x30
    519c:	e59fc194 	ldr	ip, [pc, #404]	@ 0x5338
    51a0:	e158000c 	cmp	r8, ip
    51a4:	8a0001cb 	bhi	0x58d8
    51a8:	e086c008 	add	ip, r6, r8
    51ac:	e58c1000 	str	r1, [ip]
    51b0:	e58c7004 	str	r7, [ip, #4]
    51b4:	e59f0250 	ldr	r0, [pc, #592]	@ 0x540c
    51b8:	ea0001c4 	b	0x58d0
    51bc:	e1a07002 	mov	r7, r2
    51c0:	e5956030 	ldr	r6, [r5, #48]	@ 0x30
    51c4:	e59fc180 	ldr	ip, [pc, #384]	@ 0x534c
    51c8:	e157000c 	cmp	r7, ip
    51cc:	8a0001c1 	bhi	0x58d8
    51d0:	e7e167f4 			@ <UNDEFINED> instruction: 0xe7e167f4
    51d4:	e2811007 	add	r1, r1, #7
    51d8:	e3c11007 	bic	r1, r1, #7
    51dc:	e1a06001 	mov	r6, r1
    51e0:	e2811008 	add	r1, r1, #8
    51e4:	e1a08002 	mov	r8, r2
    51e8:	e5957030 	ldr	r7, [r5, #48]	@ 0x30
    51ec:	e59fc158 	ldr	ip, [pc, #344]	@ 0x534c
    51f0:	e158000c 	cmp	r8, ip
    51f4:	8a0001b7 	bhi	0x58d8
    51f8:	e7d178f4 			@ <UNDEFINED> instruction: 0xe7d178f4
    51fc:	e5958030 	ldr	r8, [r5, #48]	@ 0x30
    5200:	e59fc130 	ldr	ip, [pc, #304]	@ 0x5338
    5204:	e156000c 	cmp	r6, ip
    5208:	8a0001b2 	bhi	0x58d8
    520c:	e088c006 	add	ip, r8, r6
    5210:	e59c1000 	ldr	r1, [ip]
    5214:	e59c7004 	ldr	r7, [ip, #4]
    5218:	e1a08000 	mov	r8, r0
    521c:	e5956030 	ldr	r6, [r5, #48]	@ 0x30
    5220:	e59fc110 	ldr	ip, [pc, #272]	@ 0x5338
    5224:	e158000c 	cmp	r8, ip
    5228:	8a0001aa 	bhi	0x58d8
    522c:	e086c008 	add	ip, r6, r8
    5230:	e58c1000 	str	r1, [ip]
    5234:	e58c7004 	str	r7, [ip, #4]
    5238:	e59f01d0 	ldr	r0, [pc, #464]	@ 0x5410
    523c:	ea0001a3 	b	0x58d0
    5240:	e1a07002 	mov	r7, r2
    5244:	e5956030 	ldr	r6, [r5, #48]	@ 0x30
    5248:	e59fc0fc 	ldr	ip, [pc, #252]	@ 0x534c
    524c:	e157000c 	cmp	r7, ip
    5250:	8a0001a0 	bhi	0x58d8
    5254:	e7e167f4 			@ <UNDEFINED> instruction: 0xe7e167f4
    5258:	e1a06001 	mov	r6, r1
    525c:	e2811004 	add	r1, r1, #4
    5260:	e1a08002 	mov	r8, r2
    5264:	e5957030 	ldr	r7, [r5, #48]	@ 0x30
    5268:	e59fc0dc 	ldr	ip, [pc, #220]	@ 0x534c
    526c:	e158000c 	cmp	r8, ip
    5270:	8a000198 	bhi	0x58d8
    5274:	e7d178f4 			@ <UNDEFINED> instruction: 0xe7d178f4
    5278:	e5958030 	ldr	r8, [r5, #48]	@ 0x30
    527c:	e59fc190 	ldr	ip, [pc, #400]	@ 0x5414
    5280:	e156000c 	cmp	r6, ip
    5284:	8a000193 	bhi	0x58d8
    5288:	e19810f6 	ldrsh	r1, [r8, r6]
    528c:	e1a07fc1 	asr	r7, r1, #31
    5290:	e1a08000 	mov	r8, r0
    5294:	e5956030 	ldr	r6, [r5, #48]	@ 0x30
    5298:	e59fc098 	ldr	ip, [pc, #152]	@ 0x5338
    529c:	e158000c 	cmp	r8, ip
    52a0:	8a00018c 	bhi	0x58d8
    52a4:	e086c008 	add	ip, r6, r8
    52a8:	e58c1000 	str	r1, [ip]
    52ac:	e58c7004 	str	r7, [ip, #4]
    52b0:	e59f0160 	ldr	r0, [pc, #352]	@ 0x5418
    52b4:	ea000185 	b	0x58d0
    52b8:	e1a07002 	mov	r7, r2
    52bc:	e5956030 	ldr	r6, [r5, #48]	@ 0x30
    52c0:	e59fc084 	ldr	ip, [pc, #132]	@ 0x534c
    52c4:	e157000c 	cmp	r7, ip
    52c8:	8a000182 	bhi	0x58d8
    52cc:	e7e167f4 			@ <UNDEFINED> instruction: 0xe7e167f4
    52d0:	e1a06001 	mov	r6, r1
    52d4:	e2811004 	add	r1, r1, #4
    52d8:	e1a08002 	mov	r8, r2
    52dc:	e5957030 	ldr	r7, [r5, #48]	@ 0x30
    52e0:	e59fc064 	ldr	ip, [pc, #100]	@ 0x534c
    52e4:	e158000c 	cmp	r8, ip
    52e8:	8a00017a 	bhi	0x58d8
    52ec:	e7d178f4 			@ <UNDEFINED> instruction: 0xe7d178f4
    52f0:	e5958030 	ldr	r8, [r5, #48]	@ 0x30
    52f4:	e59fc118 	ldr	ip, [pc, #280]	@ 0x5414
    52f8:	e156000c 	cmp	r6, ip
    52fc:	8a000175 	bhi	0x58d8
    5300:	e19810b6 	ldrh	r1, [r8, r6]
    5304:	e3a07000 	mov	r7, #0
    5308:	e1a08000 	mov	r8, r0
    530c:	e5956030 	ldr	r6, [r5, #48]	@ 0x30
    5310:	e59fc020 	ldr	ip, [pc, #32]	@ 0x5338
    5314:	e158000c 	cmp	r8, ip
    5318:	8a00016e 	bhi	0x58d8
    531c:	e086c008 	add	ip, r6, r8
    5320:	ea00003d 	b	0x541c
	...
    5338:	0101fff8 	strdeq	pc, [r1, -r8]
    533c:	00404334 	subeq	r4, r0, r4, lsr r3
    5340:	0004890c 	andeq	r8, r4, ip, lsl #18
    5344:	004044c4 	subeq	r4, r0, r4, asr #9
    5348:	0004890c 	andeq	r8, r4, ip, lsl #18
    534c:	0101fffc 	strdeq	pc, [r1, -ip]
    5350:	0040462c 	subeq	r4, r0, ip, lsr #12
    5354:	0004890c 	andeq	r8, r4, ip, lsl #18
    5358:	0040472c 	subeq	r4, r0, ip, lsr #14
    535c:	0004890c 	andeq	r8, r4, ip, lsl #18
    5360:	004047e8 	subeq	r4, r0, r8, ror #15
    5364:	0004890c 	andeq	r8, r4, ip, lsl #18
    5368:	004048b4 	strheq	r4, [r0], #-132	@ 0xffffff7c
    536c:	0004890c 	andeq	r8, r4, ip, lsl #18
    5370:	00404930 	subeq	r4, r0, r0, lsr r9
    5374:	0004890c 	andeq	r8, r4, ip, lsl #18
    5378:	00404990 	umaaleq	r4, r0, r0, r9
    537c:	0004890c 	andeq	r8, r4, ip, lsl #18
    5380:	004049f8 	strdeq	r4, [r0], #-152	@ 0xffffff68
    5384:	0004890c 	andeq	r8, r4, ip, lsl #18
    5388:	00404a70 	subeq	r4, r0, r0, ror sl
    538c:	00048c48 	andeq	r8, r4, r8, asr #24
    5390:	00404b70 	subeq	r4, r0, r0, ror fp
    5394:	0004890c 	andeq	r8, r4, ip, lsl #18
    5398:	00404dbc 	strheq	r4, [r0], #-220	@ 0xffffff24
    539c:	0004890c 	andeq	r8, r4, ip, lsl #18
    53a0:	00404dd4 	ldrdeq	r4, [r0], #-212	@ 0xffffff2c
    53a4:	0004890c 	andeq	r8, r4, ip, lsl #18
    53a8:	00404e0c 	subeq	r4, r0, ip, lsl #28
    53ac:	0004890c 	andeq	r8, r4, ip, lsl #18
    53b0:	00404e30 	subeq	r4, r0, r0, lsr lr
    53b4:	0004890c 	andeq	r8, r4, ip, lsl #18
    53b8:	00404e48 	subeq	r4, r0, r8, asr #28
    53bc:	0004890c 	andeq	r8, r4, ip, lsl #18
    53c0:	00404e80 	subeq	r4, r0, r0, lsl #29
    53c4:	0004890c 	andeq	r8, r4, ip, lsl #18
    53c8:	00404ec8 	subeq	r4, r0, r8, asr #29
    53cc:	0004890c 	andeq	r8, r4, ip, lsl #18
    53d0:	00404f0c 	subeq	r4, r0, ip, lsl #30
    53d4:	00048004 	andeq	r8, r4, r4
    53d8:	004004c8 	subeq	r0, r0, r8, asr #9
    53dc:	0004890c 	andeq	r8, r4, ip, lsl #18
    53e0:	004004e4 	subeq	r0, r0, r4, ror #9
    53e4:	00048004 	andeq	r8, r4, r4
    53e8:	003fde88 	eorseq	sp, pc, r8, lsl #29
    53ec:	0ccccccc 	stcleq	12, cr12, [ip], {204}	@ 0xcc
    53f0:	003fdf78 	eorseq	sp, pc, r8, ror pc	@ <UNPREDICTABLE>
    53f4:	00048004 	andeq	r8, r4, r4
    53f8:	4085b6e4 	addmi	fp, r5, r4, ror #13
    53fc:	004053f4 	strdeq	r5, [r0], #-52	@ 0xffffffcc
    5400:	00405434 	subeq	r5, r0, r4, lsr r4
    5404:	00405474 	subeq	r5, r0, r4, ror r4
    5408:	004054b4 	strheq	r5, [r0], #-68	@ 0xffffffbc
    540c:	004054f4 	strdeq	r5, [r0], #-68	@ 0xffffffbc
    5410:	00405548 	subeq	r5, r0, r8, asr #10
    5414:	0101fffe 	strdeq	pc, [r1, -lr]
    5418:	00405588 	subeq	r5, r0, r8, lsl #11
    541c:	e58c1000 	str	r1, [ip]
    5420:	e58c7004 	str	r7, [ip, #4]
    5424:	e59f0fec 	ldr	r0, [pc, #4076]	@ 0x6418
    5428:	ea000128 	b	0x58d0
    542c:	e1a07002 	mov	r7, r2
    5430:	e5956030 	ldr	r6, [r5, #48]	@ 0x30
    5434:	e59fcfe0 	ldr	ip, [pc, #4064]	@ 0x641c
    5438:	e157000c 	cmp	r7, ip
    543c:	8a000125 	bhi	0x58d8
    5440:	e7e167f4 			@ <UNDEFINED> instruction: 0xe7e167f4
    5444:	e1a06001 	mov	r6, r1
    5448:	e2811004 	add	r1, r1, #4
    544c:	e1a08002 	mov	r8, r2
    5450:	e5957030 	ldr	r7, [r5, #48]	@ 0x30
    5454:	e59fcfc0 	ldr	ip, [pc, #4032]	@ 0x641c
    5458:	e158000c 	cmp	r8, ip
    545c:	8a00011d 	bhi	0x58d8
    5460:	e7d178f4 			@ <UNDEFINED> instruction: 0xe7d178f4
    5464:	e5958030 	ldr	r8, [r5, #48]	@ 0x30
    5468:	e3e0c4fe 	mvn	ip, #-33554432	@ 0xfe000000
    546c:	e3ccc8fe 	bic	ip, ip, #16646144	@ 0xfe0000
    5470:	e156000c 	cmp	r6, ip
    5474:	8a000117 	bhi	0x58d8
    5478:	e19810d6 	ldrsb	r1, [r8, r6]
    547c:	e1a07fc1 	asr	r7, r1, #31
    5480:	e1a08000 	mov	r8, r0
    5484:	e5956030 	ldr	r6, [r5, #48]	@ 0x30
    5488:	e59fcf90 	ldr	ip, [pc, #3984]	@ 0x6420
    548c:	e158000c 	cmp	r8, ip
    5490:	8a000110 	bhi	0x58d8
    5494:	e086c008 	add	ip, r6, r8
    5498:	e58c1000 	str	r1, [ip]
    549c:	e58c7004 	str	r7, [ip, #4]
    54a0:	e59f0f7c 	ldr	r0, [pc, #3964]	@ 0x6424
    54a4:	ea000109 	b	0x58d0
    54a8:	e1a07002 	mov	r7, r2
    54ac:	e5956030 	ldr	r6, [r5, #48]	@ 0x30
    54b0:	e59fcf64 	ldr	ip, [pc, #3940]	@ 0x641c
    54b4:	e157000c 	cmp	r7, ip
    54b8:	8a000106 	bhi	0x58d8
    54bc:	e7e167f4 			@ <UNDEFINED> instruction: 0xe7e167f4
    54c0:	e1a06001 	mov	r6, r1
    54c4:	e2811004 	add	r1, r1, #4
    54c8:	e1a08002 	mov	r8, r2
    54cc:	e5957030 	ldr	r7, [r5, #48]	@ 0x30
    54d0:	e59fcf44 	ldr	ip, [pc, #3908]	@ 0x641c
    54d4:	e158000c 	cmp	r8, ip
    54d8:	8a0000fe 	bhi	0x58d8
    54dc:	e7d178f4 			@ <UNDEFINED> instruction: 0xe7d178f4
    54e0:	e5958030 	ldr	r8, [r5, #48]	@ 0x30
    54e4:	e3e0c4fe 	mvn	ip, #-33554432	@ 0xfe000000
    54e8:	e3ccc8fe 	bic	ip, ip, #16646144	@ 0xfe0000
    54ec:	e156000c 	cmp	r6, ip
    54f0:	8a0000f8 	bhi	0x58d8
    54f4:	e7d81006 	ldrb	r1, [r8, r6]
    54f8:	e3a07000 	mov	r7, #0
    54fc:	e1a08000 	mov	r8, r0
    5500:	e5956030 	ldr	r6, [r5, #48]	@ 0x30
    5504:	e59fcf14 	ldr	ip, [pc, #3860]	@ 0x6420
    5508:	e158000c 	cmp	r8, ip
    550c:	8a0000f1 	bhi	0x58d8
    5510:	e086c008 	add	ip, r6, r8
    5514:	e58c1000 	str	r1, [ip]
    5518:	e58c7004 	str	r7, [ip, #4]
    551c:	e59f0f04 	ldr	r0, [pc, #3844]	@ 0x6428
    5520:	ea0000ea 	b	0x58d0
    5524:	e1a07002 	mov	r7, r2
    5528:	e5956030 	ldr	r6, [r5, #48]	@ 0x30
    552c:	e59fcee8 	ldr	ip, [pc, #3816]	@ 0x641c
    5530:	e157000c 	cmp	r7, ip
    5534:	8a0000e7 	bhi	0x58d8
    5538:	e7e167f4 			@ <UNDEFINED> instruction: 0xe7e167f4
    553c:	e2811007 	add	r1, r1, #7
    5540:	e3c11007 	bic	r1, r1, #7
    5544:	e1a06001 	mov	r6, r1
    5548:	e2811008 	add	r1, r1, #8
    554c:	e1a08002 	mov	r8, r2
    5550:	e5957030 	ldr	r7, [r5, #48]	@ 0x30
    5554:	e59fcec0 	ldr	ip, [pc, #3776]	@ 0x641c
    5558:	e158000c 	cmp	r8, ip
    555c:	8a0000dd 	bhi	0x58d8
    5560:	e7d178f4 			@ <UNDEFINED> instruction: 0xe7d178f4
    5564:	e5958030 	ldr	r8, [r5, #48]	@ 0x30
    5568:	e59fceb0 	ldr	ip, [pc, #3760]	@ 0x6420
    556c:	e156000c 	cmp	r6, ip
    5570:	8a0000d8 	bhi	0x58d8
    5574:	e088c006 	add	ip, r8, r6
    5578:	e59c1000 	ldr	r1, [ip]
    557c:	e59c7004 	ldr	r7, [ip, #4]
    5580:	e1a08000 	mov	r8, r0
    5584:	e5956030 	ldr	r6, [r5, #48]	@ 0x30
    5588:	e59fce90 	ldr	ip, [pc, #3728]	@ 0x6420
    558c:	e158000c 	cmp	r8, ip
    5590:	8a0000d0 	bhi	0x58d8
    5594:	e086c008 	add	ip, r6, r8
    5598:	e58c1000 	str	r1, [ip]
    559c:	e58c7004 	str	r7, [ip, #4]
    55a0:	e59f0e84 	ldr	r0, [pc, #3716]	@ 0x642c
    55a4:	ea0000c9 	b	0x58d0
    55a8:	e1a07002 	mov	r7, r2
    55ac:	e5956030 	ldr	r6, [r5, #48]	@ 0x30
    55b0:	e59fce64 	ldr	ip, [pc, #3684]	@ 0x641c
    55b4:	e157000c 	cmp	r7, ip
    55b8:	8a0000c6 	bhi	0x58d8
    55bc:	e7e167f4 			@ <UNDEFINED> instruction: 0xe7e167f4
    55c0:	e1a06001 	mov	r6, r1
    55c4:	e2811004 	add	r1, r1, #4
    55c8:	e1a08002 	mov	r8, r2
    55cc:	e5957030 	ldr	r7, [r5, #48]	@ 0x30
    55d0:	e59fce44 	ldr	ip, [pc, #3652]	@ 0x641c
    55d4:	e158000c 	cmp	r8, ip
    55d8:	8a0000be 	bhi	0x58d8
    55dc:	e7d178f4 			@ <UNDEFINED> instruction: 0xe7d178f4
    55e0:	e5958030 	ldr	r8, [r5, #48]	@ 0x30
    55e4:	e59fce30 	ldr	ip, [pc, #3632]	@ 0x641c
    55e8:	e156000c 	cmp	r6, ip
    55ec:	8a0000b9 	bhi	0x58d8
    55f0:	e7981006 	ldr	r1, [r8, r6]
    55f4:	e3a07000 	mov	r7, #0
    55f8:	e1a08000 	mov	r8, r0
    55fc:	e5956030 	ldr	r6, [r5, #48]	@ 0x30
    5600:	e59fce18 	ldr	ip, [pc, #3608]	@ 0x6420
    5604:	e158000c 	cmp	r8, ip
    5608:	8a0000b2 	bhi	0x58d8
    560c:	e086c008 	add	ip, r6, r8
    5610:	e58c1000 	str	r1, [ip]
    5614:	e58c7004 	str	r7, [ip, #4]
    5618:	e59f0e10 	ldr	r0, [pc, #3600]	@ 0x6430
    561c:	ea0000ab 	b	0x58d0
    5620:	e1a07002 	mov	r7, r2
    5624:	e5956030 	ldr	r6, [r5, #48]	@ 0x30
    5628:	e59fcdec 	ldr	ip, [pc, #3564]	@ 0x641c
    562c:	e157000c 	cmp	r7, ip
    5630:	8a0000a8 	bhi	0x58d8
    5634:	e7e167f4 			@ <UNDEFINED> instruction: 0xe7e167f4
    5638:	e2811007 	add	r1, r1, #7
    563c:	e3c11007 	bic	r1, r1, #7
    5640:	e1a06001 	mov	r6, r1
    5644:	e2811008 	add	r1, r1, #8
    5648:	e1a08002 	mov	r8, r2
    564c:	e5957030 	ldr	r7, [r5, #48]	@ 0x30
    5650:	e59fcdc4 	ldr	ip, [pc, #3524]	@ 0x641c
    5654:	e158000c 	cmp	r8, ip
    5658:	8a00009e 	bhi	0x58d8
    565c:	e7d178f4 			@ <UNDEFINED> instruction: 0xe7d178f4
    5660:	e5958030 	ldr	r8, [r5, #48]	@ 0x30
    5664:	e59fcdb4 	ldr	ip, [pc, #3508]	@ 0x6420
    5668:	e156000c 	cmp	r6, ip
    566c:	8a000099 	bhi	0x58d8
    5670:	e088c006 	add	ip, r8, r6
    5674:	e59c1000 	ldr	r1, [ip]
    5678:	e59c7004 	ldr	r7, [ip, #4]
    567c:	e1a08000 	mov	r8, r0
    5680:	e5956030 	ldr	r6, [r5, #48]	@ 0x30
    5684:	e59fcd94 	ldr	ip, [pc, #3476]	@ 0x6420
    5688:	e158000c 	cmp	r8, ip
    568c:	8a000091 	bhi	0x58d8
    5690:	e086c008 	add	ip, r6, r8
    5694:	e58c1000 	str	r1, [ip]
    5698:	e58c7004 	str	r7, [ip, #4]
    569c:	e59f0d90 	ldr	r0, [pc, #3472]	@ 0x6434
    56a0:	ea00008a 	b	0x58d0
    56a4:	e1a07002 	mov	r7, r2
    56a8:	e5956030 	ldr	r6, [r5, #48]	@ 0x30
    56ac:	e59fcd68 	ldr	ip, [pc, #3432]	@ 0x641c
    56b0:	e157000c 	cmp	r7, ip
    56b4:	8a000087 	bhi	0x58d8
    56b8:	e7e167f4 			@ <UNDEFINED> instruction: 0xe7e167f4
    56bc:	e2811007 	add	r1, r1, #7
    56c0:	e3c11007 	bic	r1, r1, #7
    56c4:	e1a06001 	mov	r6, r1
    56c8:	e2811008 	add	r1, r1, #8
    56cc:	e1a08002 	mov	r8, r2
    56d0:	e5957030 	ldr	r7, [r5, #48]	@ 0x30
    56d4:	e59fcd40 	ldr	ip, [pc, #3392]	@ 0x641c
    56d8:	e158000c 	cmp	r8, ip
    56dc:	8a00007d 	bhi	0x58d8
    56e0:	e7d178f4 			@ <UNDEFINED> instruction: 0xe7d178f4
    56e4:	e5958030 	ldr	r8, [r5, #48]	@ 0x30
    56e8:	e59fcd30 	ldr	ip, [pc, #3376]	@ 0x6420
    56ec:	e156000c 	cmp	r6, ip
    56f0:	8a000078 	bhi	0x58d8
    56f4:	e088c006 	add	ip, r8, r6
    56f8:	e59c1000 	ldr	r1, [ip]
    56fc:	e59c7004 	ldr	r7, [ip, #4]
    5700:	e1a08000 	mov	r8, r0
    5704:	e5956030 	ldr	r6, [r5, #48]	@ 0x30
    5708:	e59fcd10 	ldr	ip, [pc, #3344]	@ 0x6420
    570c:	e158000c 	cmp	r8, ip
    5710:	8a000070 	bhi	0x58d8
    5714:	e086c008 	add	ip, r6, r8
    5718:	e58c1000 	str	r1, [ip]
    571c:	e58c7004 	str	r7, [ip, #4]
    5720:	e59f0d10 	ldr	r0, [pc, #3344]	@ 0x6438
    5724:	ea000069 	b	0x58d0
    5728:	e1a07002 	mov	r7, r2
    572c:	e5956030 	ldr	r6, [r5, #48]	@ 0x30
    5730:	e59fcce4 	ldr	ip, [pc, #3300]	@ 0x641c
    5734:	e157000c 	cmp	r7, ip
    5738:	8a000066 	bhi	0x58d8
    573c:	e7e167f4 			@ <UNDEFINED> instruction: 0xe7e167f4
    5740:	e1a06001 	mov	r6, r1
    5744:	e2811004 	add	r1, r1, #4
    5748:	e1a08002 	mov	r8, r2
    574c:	e5957030 	ldr	r7, [r5, #48]	@ 0x30
    5750:	e59fccc4 	ldr	ip, [pc, #3268]	@ 0x641c
    5754:	e158000c 	cmp	r8, ip
    5758:	8a00005e 	bhi	0x58d8
    575c:	e7d178f4 			@ <UNDEFINED> instruction: 0xe7d178f4
    5760:	e5958030 	ldr	r8, [r5, #48]	@ 0x30
    5764:	e59fccb0 	ldr	ip, [pc, #3248]	@ 0x641c
    5768:	e156000c 	cmp	r6, ip
    576c:	8a000059 	bhi	0x58d8
    5770:	e7981006 	ldr	r1, [r8, r6]
    5774:	e1a07fc1 	asr	r7, r1, #31
    5778:	e1a08000 	mov	r8, r0
    577c:	e5956030 	ldr	r6, [r5, #48]	@ 0x30
    5780:	e59fcc98 	ldr	ip, [pc, #3224]	@ 0x6420
    5784:	e158000c 	cmp	r8, ip
    5788:	8a000052 	bhi	0x58d8
    578c:	e086c008 	add	ip, r6, r8
    5790:	e58c1000 	str	r1, [ip]
    5794:	e58c7004 	str	r7, [ip, #4]
    5798:	e59f0c9c 	ldr	r0, [pc, #3228]	@ 0x643c
    579c:	ea00004b 	b	0x58d0
    57a0:	e1a07002 	mov	r7, r2
    57a4:	e5956030 	ldr	r6, [r5, #48]	@ 0x30
    57a8:	e59fcc6c 	ldr	ip, [pc, #3180]	@ 0x641c
    57ac:	e157000c 	cmp	r7, ip
    57b0:	8a000048 	bhi	0x58d8
    57b4:	e7e167f4 			@ <UNDEFINED> instruction: 0xe7e167f4
    57b8:	e1a06001 	mov	r6, r1
    57bc:	e2811004 	add	r1, r1, #4
    57c0:	e1a08002 	mov	r8, r2
    57c4:	e5957030 	ldr	r7, [r5, #48]	@ 0x30
    57c8:	e59fcc4c 	ldr	ip, [pc, #3148]	@ 0x641c
    57cc:	e158000c 	cmp	r8, ip
    57d0:	8a000040 	bhi	0x58d8
    57d4:	e7d178f4 			@ <UNDEFINED> instruction: 0xe7d178f4
    57d8:	e5958030 	ldr	r8, [r5, #48]	@ 0x30
    57dc:	e59fcc38 	ldr	ip, [pc, #3128]	@ 0x641c
    57e0:	e156000c 	cmp	r6, ip
    57e4:	8a00003b 	bhi	0x58d8
    57e8:	e7981006 	ldr	r1, [r8, r6]
    57ec:	e3a07000 	mov	r7, #0
    57f0:	e1a08000 	mov	r8, r0
    57f4:	e5956030 	ldr	r6, [r5, #48]	@ 0x30
    57f8:	e59fcc20 	ldr	ip, [pc, #3104]	@ 0x6420
    57fc:	e158000c 	cmp	r8, ip
    5800:	8a000034 	bhi	0x58d8
    5804:	e086c008 	add	ip, r6, r8
    5808:	e58c1000 	str	r1, [ip]
    580c:	e58c7004 	str	r7, [ip, #4]
    5810:	e59f0c28 	ldr	r0, [pc, #3112]	@ 0x6440
    5814:	ea00002d 	b	0x58d0
    5818:	e1a07002 	mov	r7, r2
    581c:	e5956030 	ldr	r6, [r5, #48]	@ 0x30
    5820:	e59fcbf4 	ldr	ip, [pc, #3060]	@ 0x641c
    5824:	e157000c 	cmp	r7, ip
    5828:	8a00002a 	bhi	0x58d8
    582c:	e7e167f4 			@ <UNDEFINED> instruction: 0xe7e167f4
    5830:	e2811007 	add	r1, r1, #7
    5834:	e3c11007 	bic	r1, r1, #7
    5838:	e1a06001 	mov	r6, r1
    583c:	e2811008 	add	r1, r1, #8
    5840:	e1a08002 	mov	r8, r2
    5844:	e5957030 	ldr	r7, [r5, #48]	@ 0x30
    5848:	e59fcbcc 	ldr	ip, [pc, #3020]	@ 0x641c
    584c:	e158000c 	cmp	r8, ip
    5850:	8a000020 	bhi	0x58d8
    5854:	e7d178f4 			@ <UNDEFINED> instruction: 0xe7d178f4
    5858:	e5958030 	ldr	r8, [r5, #48]	@ 0x30
    585c:	e59fcbbc 	ldr	ip, [pc, #3004]	@ 0x6420
    5860:	e156000c 	cmp	r6, ip
    5864:	8a00001b 	bhi	0x58d8
    5868:	e088c006 	add	ip, r8, r6
    586c:	e59c1000 	ldr	r1, [ip]
    5870:	e59c7004 	ldr	r7, [ip, #4]
    5874:	e1a08000 	mov	r8, r0
    5878:	e5956030 	ldr	r6, [r5, #48]	@ 0x30
    587c:	e59fcb9c 	ldr	ip, [pc, #2972]	@ 0x6420
    5880:	e158000c 	cmp	r8, ip
    5884:	8a000013 	bhi	0x58d8
    5888:	e086c008 	add	ip, r6, r8
    588c:	e58c1000 	str	r1, [ip]
    5890:	e58c7004 	str	r7, [ip, #4]
    5894:	e59f0ba8 	ldr	r0, [pc, #2984]	@ 0x6444
    5898:	ea00000c 	b	0x58d0
    589c:	e5840000 	str	r0, [r4]
    58a0:	e5842008 	str	r2, [r4, #8]
    58a4:	e584300c 	str	r3, [r4, #12]
    58a8:	e59f0b94 	ldr	r0, [pc, #2964]	@ 0x6444
    58ac:	e1a01004 	mov	r1, r4
    58b0:	e59d2000 	ldr	r2, [sp]
    58b4:	e59fcb8c 	ldr	ip, [pc, #2956]	@ 0x6448
    58b8:	e12fff3c 	blx	ip
    58bc:	e3500000 	cmp	r0, #0
    58c0:	1a000007 	bne	0x58e4
    58c4:	e59f0b80 	ldr	r0, [pc, #2944]	@ 0x644c
    58c8:	e30ccabc 	movw	ip, #51900	@ 0xcabc
    58cc:	e34ccdef 	movt	ip, #52719	@ 0xcdef
    58d0:	e28dd008 	add	sp, sp, #8
    58d4:	e8bd81c0 	pop	{r6, r7, r8, pc}
    58d8:	e3a00008 	mov	r0, #8
    58dc:	e59d1000 	ldr	r1, [sp]
    58e0:	e5810010 	str	r0, [r1, #16]
    58e4:	e59d0000 	ldr	r0, [sp]
    58e8:	e59d1014 	ldr	r1, [sp, #20]
    58ec:	e59fcb5c 	ldr	ip, [pc, #2908]	@ 0x6450
    58f0:	e12fff3c 	blx	ip
    58f4:	e28dd008 	add	sp, sp, #8
    58f8:	e8bd01c0 	pop	{r6, r7, r8}
    58fc:	e28dd004 	add	sp, sp, #4
    5900:	e12fff10 	bx	r0
    5904:	e92d43c0 	push	{r6, r7, r8, r9, lr}
    5908:	e24dd004 	sub	sp, sp, #4
    590c:	e58d0000 	str	r0, [sp]
    5910:	e30cc123 	movw	ip, #49443	@ 0xc123
    5914:	e34cc456 	movt	ip, #50262	@ 0xc456
    5918:	e5940000 	ldr	r0, [r4]
    591c:	e5941004 	ldr	r1, [r4, #4]
    5920:	e5942008 	ldr	r2, [r4, #8]
    5924:	e594300c 	ldr	r3, [r4, #12]
    5928:	e190c001 	orrs	ip, r0, r1
    592c:	0a000020 	beq	0x59b4
    5930:	e2426001 	sub	r6, r2, #1
    5934:	e1a02006 	mov	r2, r6
    5938:	e1a07000 	mov	r7, r0
    593c:	e207700f 	and	r7, r7, #15
    5940:	e1a09007 	mov	r9, r7
    5944:	e5958030 	ldr	r8, [r5, #48]	@ 0x30
    5948:	e3e0e4fe 	mvn	lr, #-33554432	@ 0xfe000000
    594c:	e3cee8fe 	bic	lr, lr, #16646144	@ 0xfe0000
    5950:	e3a0cb40 	mov	ip, #64, 22	@ 0x10000
    5954:	e38ccf94 	orr	ip, ip, #148, 30	@ 0x250
    5958:	e099900c 	adds	r9, r9, ip
    595c:	2a00001b 	bcs	0x59d0
    5960:	e3e0c4fe 	mvn	ip, #-33554432	@ 0xfe000000
    5964:	e3ccc8fe 	bic	ip, ip, #16646144	@ 0xfe0000
    5968:	e159000c 	cmp	r9, ip
    596c:	8a000017 	bhi	0x59d0
    5970:	e7e789f0 			@ <UNDEFINED> instruction: 0xe7e789f0
    5974:	e1877003 	orr	r7, r7, r3
    5978:	e5958030 	ldr	r8, [r5, #48]	@ 0x30
    597c:	e3e0c4fe 	mvn	ip, #-33554432	@ 0xfe000000
    5980:	e3ccc8fe 	bic	ip, ip, #16646144	@ 0xfe0000
    5984:	e156000c 	cmp	r6, ip
    5988:	8a000010 	bhi	0x59d0
    598c:	e7d786f0 			@ <UNDEFINED> instruction: 0xe7d786f0
    5990:	e270c00f 	rsbs	ip, r0, #15
    5994:	e2f1c000 	rscs	ip, r1, #0
    5998:	e3a06000 	mov	r6, #0
    599c:	33a06001 	movcc	r6, #1
    59a0:	e1a00220 	lsr	r0, r0, #4
    59a4:	e1800e01 	orr	r0, r0, r1, lsl #28
    59a8:	e1a01221 	lsr	r1, r1, #4
    59ac:	e3560000 	cmp	r6, #0
    59b0:	1affffde 	bne	0x5930
    59b4:	e5842008 	str	r2, [r4, #8]
    59b8:	e3a009ff 	mov	r0, #4177920	@ 0x3fc000
    59bc:	e3800f93 	orr	r0, r0, #588	@ 0x24c
    59c0:	e30ccabc 	movw	ip, #51900	@ 0xcabc
    59c4:	e34ccdef 	movt	ip, #52719	@ 0xcdef
    59c8:	e28dd004 	add	sp, sp, #4
    59cc:	e8bd83c0 	pop	{r6, r7, r8, r9, pc}
    59d0:	e3a00008 	mov	r0, #8
    59d4:	e59d1000 	ldr	r1, [sp]
    59d8:	e5810010 	str	r0, [r1, #16]
    59dc:	e59d0000 	ldr	r0, [sp]
    59e0:	e59d1014 	ldr	r1, [sp, #20]
    59e4:	e59fca68 	ldr	ip, [pc, #2664]	@ 0x6454
    59e8:	e12fff3c 	blx	ip
    59ec:	e28dd004 	add	sp, sp, #4
    59f0:	e8bd03c0 	pop	{r6, r7, r8, r9}
    59f4:	e28dd004 	add	sp, sp, #4
    59f8:	e12fff10 	bx	r0
    59fc:	e92d40c0 	push	{r6, r7, lr}
    5a00:	e24dd004 	sub	sp, sp, #4
    5a04:	e58d0000 	str	r0, [sp]
    5a08:	e30cc123 	movw	ip, #49443	@ 0xc123
    5a0c:	e34cc456 	movt	ip, #50262	@ 0xc456
    5a10:	e5940000 	ldr	r0, [r4]
    5a14:	e5941004 	ldr	r1, [r4, #4]
    5a18:	e5942008 	ldr	r2, [r4, #8]
    5a1c:	e190c001 	orrs	ip, r0, r1
    5a20:	0a000013 	beq	0x5a74
    5a24:	e2423001 	sub	r3, r2, #1
    5a28:	e1a02003 	mov	r2, r3
    5a2c:	e1a06000 	mov	r6, r0
    5a30:	e2066007 	and	r6, r6, #7
    5a34:	e3866030 	orr	r6, r6, #48	@ 0x30
    5a38:	e5957030 	ldr	r7, [r5, #48]	@ 0x30
    5a3c:	e3e0c4fe 	mvn	ip, #-33554432	@ 0xfe000000
    5a40:	e3ccc8fe 	bic	ip, ip, #16646144	@ 0xfe0000
    5a44:	e153000c 	cmp	r3, ip
    5a48:	8a00000f 	bhi	0x5a8c
    5a4c:	e7d673f0 			@ <UNDEFINED> instruction: 0xe7d673f0
    5a50:	e270c007 	rsbs	ip, r0, #7
    5a54:	e2f1c000 	rscs	ip, r1, #0
    5a58:	e3a03000 	mov	r3, #0
    5a5c:	33a03001 	movcc	r3, #1
    5a60:	e1a001a0 	lsr	r0, r0, #3
    5a64:	e1800e81 	orr	r0, r0, r1, lsl #29
    5a68:	e1a011a1 	lsr	r1, r1, #3
    5a6c:	e3530000 	cmp	r3, #0
    5a70:	1affffeb 	bne	0x5a24
    5a74:	e5842008 	str	r2, [r4, #8]
    5a78:	e59f09d8 	ldr	r0, [pc, #2520]	@ 0x6458
    5a7c:	e30ccabc 	movw	ip, #51900	@ 0xcabc
    5a80:	e34ccdef 	movt	ip, #52719	@ 0xcdef
    5a84:	e28dd004 	add	sp, sp, #4
    5a88:	e8bd80c0 	pop	{r6, r7, pc}
    5a8c:	e3a00008 	mov	r0, #8
    5a90:	e59d1000 	ldr	r1, [sp]
    5a94:	e5810010 	str	r0, [r1, #16]
    5a98:	e59d0000 	ldr	r0, [sp]
    5a9c:	e59d100c 	ldr	r1, [sp, #12]
    5aa0:	e59fc9b4 	ldr	ip, [pc, #2484]	@ 0x645c
    5aa4:	e12fff3c 	blx	ip
    5aa8:	e28dd004 	add	sp, sp, #4
    5aac:	e8bd00c0 	pop	{r6, r7}
    5ab0:	e28dd004 	add	sp, sp, #4
    5ab4:	e12fff10 	bx	r0
    5ab8:	e92d47c0 	push	{r6, r7, r8, r9, sl, lr}
    5abc:	e24dd018 	sub	sp, sp, #24
    5ac0:	e58d0000 	str	r0, [sp]
    5ac4:	e30cc123 	movw	ip, #49443	@ 0xc123
    5ac8:	e34cc456 	movt	ip, #50262	@ 0xc456
    5acc:	e5946000 	ldr	r6, [r4]
    5ad0:	e5947004 	ldr	r7, [r4, #4]
    5ad4:	e5948008 	ldr	r8, [r4, #8]
    5ad8:	e3560000 	cmp	r6, #0
    5adc:	e2d7c001 	sbcs	ip, r7, #1
    5ae0:	2a000002 	bcs	0x5af0
    5ae4:	e1a02006 	mov	r2, r6
    5ae8:	e1a03007 	mov	r3, r7
    5aec:	ea000028 	b	0x5b94
    5af0:	e2489001 	sub	r9, r8, #1
    5af4:	e1a08009 	mov	r8, r9
    5af8:	e58d6004 	str	r6, [sp, #4]
    5afc:	e58d7008 	str	r7, [sp, #8]
    5b00:	e3a0e00a 	mov	lr, #10
    5b04:	e58de00c 	str	lr, [sp, #12]
    5b08:	e3a0e000 	mov	lr, #0
    5b0c:	e58de010 	str	lr, [sp, #16]
    5b10:	e28d0004 	add	r0, sp, #4
    5b14:	e28d100c 	add	r1, sp, #12
    5b18:	e28d2004 	add	r2, sp, #4
    5b1c:	e59fc93c 	ldr	ip, [pc, #2364]	@ 0x6460
    5b20:	e12fff3c 	blx	ip
    5b24:	e59d0004 	ldr	r0, [sp, #4]
    5b28:	e59d1008 	ldr	r1, [sp, #8]
    5b2c:	e1a02000 	mov	r2, r0
    5b30:	e1a03001 	mov	r3, r1
    5b34:	e1a0a001 	mov	sl, r1
    5b38:	e3a0100a 	mov	r1, #10
    5b3c:	e00a019a 	mul	sl, sl, r1
    5b40:	e0810091 	umull	r0, r1, r1, r0
    5b44:	e08aa001 	add	sl, sl, r1
    5b48:	e1a0100a 	mov	r1, sl
    5b4c:	e0560000 	subs	r0, r6, r0
    5b50:	e0c71001 	sbc	r1, r7, r1
    5b54:	e3800030 	orr	r0, r0, #48	@ 0x30
    5b58:	e5951030 	ldr	r1, [r5, #48]	@ 0x30
    5b5c:	e3e0c4fe 	mvn	ip, #-33554432	@ 0xfe000000
    5b60:	e3ccc8fe 	bic	ip, ip, #16646144	@ 0xfe0000
    5b64:	e159000c 	cmp	r9, ip
    5b68:	8a00002e 	bhi	0x5c28
    5b6c:	e7d019f0 			@ <UNDEFINED> instruction: 0xe7d019f0
    5b70:	e3e0c000 	mvn	ip, #0
    5b74:	e15c0006 	cmp	ip, r6
    5b78:	e2f7c009 	rscs	ip, r7, #9
    5b7c:	e3a00000 	mov	r0, #0
    5b80:	33a00001 	movcc	r0, #1
    5b84:	e1a06002 	mov	r6, r2
    5b88:	e1a07003 	mov	r7, r3
    5b8c:	e3500000 	cmp	r0, #0
    5b90:	1affffd6 	bne	0x5af0
    5b94:	e192c003 	orrs	ip, r2, r3
    5b98:	0a00001c 	beq	0x5c10
    5b9c:	e2483001 	sub	r3, r8, #1
    5ba0:	e1a08003 	mov	r8, r3
    5ba4:	e1a00002 	mov	r0, r2
    5ba8:	e3a0100a 	mov	r1, #10
    5bac:	e52d3010 	str	r3, [sp, #-16]!
    5bb0:	e58d2004 	str	r2, [sp, #4]
    5bb4:	e58d1008 	str	r1, [sp, #8]
    5bb8:	e59fc8a4 	ldr	ip, [pc, #2212]	@ 0x6464
    5bbc:	e12fff3c 	blx	ip
    5bc0:	e59d1008 	ldr	r1, [sp, #8]
    5bc4:	e59d2004 	ldr	r2, [sp, #4]
    5bc8:	e49d3010 	ldr	r3, [sp], #16
    5bcc:	e1a01000 	mov	r1, r0
    5bd0:	e3a0c00a 	mov	ip, #10
    5bd4:	e0000c90 	mul	r0, r0, ip
    5bd8:	e0420000 	sub	r0, r2, r0
    5bdc:	e3800030 	orr	r0, r0, #48	@ 0x30
    5be0:	e5956030 	ldr	r6, [r5, #48]	@ 0x30
    5be4:	e3e0c4fe 	mvn	ip, #-33554432	@ 0xfe000000
    5be8:	e3ccc8fe 	bic	ip, ip, #16646144	@ 0xfe0000
    5bec:	e153000c 	cmp	r3, ip
    5bf0:	8a00000c 	bhi	0x5c28
    5bf4:	e7d063f0 			@ <UNDEFINED> instruction: 0xe7d063f0
    5bf8:	e3520009 	cmp	r2, #9
    5bfc:	e3a00000 	mov	r0, #0
    5c00:	83a00001 	movhi	r0, #1
    5c04:	e1a02001 	mov	r2, r1
    5c08:	e3500000 	cmp	r0, #0
    5c0c:	1affffe2 	bne	0x5b9c
    5c10:	e5848008 	str	r8, [r4, #8]
    5c14:	e59f084c 	ldr	r0, [pc, #2124]	@ 0x6468
    5c18:	e30ccabc 	movw	ip, #51900	@ 0xcabc
    5c1c:	e34ccdef 	movt	ip, #52719	@ 0xcdef
    5c20:	e28dd018 	add	sp, sp, #24
    5c24:	e8bd87c0 	pop	{r6, r7, r8, r9, sl, pc}
    5c28:	e3a00008 	mov	r0, #8
    5c2c:	e59d1000 	ldr	r1, [sp]
    5c30:	e5810010 	str	r0, [r1, #16]
    5c34:	e59d0000 	ldr	r0, [sp]
    5c38:	e59d102c 	ldr	r1, [sp, #44]	@ 0x2c
    5c3c:	e59fc828 	ldr	ip, [pc, #2088]	@ 0x646c
    5c40:	e12fff3c 	blx	ip
    5c44:	e28dd018 	add	sp, sp, #24
    5c48:	e8bd07c0 	pop	{r6, r7, r8, r9, sl}
    5c4c:	e28dd004 	add	sp, sp, #4
    5c50:	e12fff10 	bx	r0
    5c54:	e92d43c0 	push	{r6, r7, r8, r9, lr}
    5c58:	e24dd004 	sub	sp, sp, #4
    5c5c:	e58d0000 	str	r0, [sp]
    5c60:	e30cc123 	movw	ip, #49443	@ 0xc123
    5c64:	e34cc456 	movt	ip, #50262	@ 0xc456
    5c68:	e5946000 	ldr	r6, [r4]
    5c6c:	e5940004 	ldr	r0, [r4, #4]
    5c70:	e5941008 	ldr	r1, [r4, #8]
    5c74:	e594200c 	ldr	r2, [r4, #12]
    5c78:	e5943010 	ldr	r3, [r4, #16]
    5c7c:	e595e03c 	ldr	lr, [r5, #60]	@ 0x3c
    5c80:	e59e7008 	ldr	r7, [lr, #8]
    5c84:	e2477f40 	sub	r7, r7, #64, 30	@ 0x100
    5c88:	e1a08007 	mov	r8, r7
    5c8c:	e595903c 	ldr	r9, [r5, #60]	@ 0x3c
    5c90:	e5897008 	str	r7, [r9, #8]
    5c94:	e1510002 	cmp	r1, r2
    5c98:	da00002e 	ble	0x5d58
    5c9c:	e3130b48 	tst	r3, #72, 22	@ 0x12000
    5ca0:	1a00002c 	bne	0x5d58
    5ca4:	e0411002 	sub	r1, r1, r2
    5ca8:	e1a07001 	mov	r7, r1
    5cac:	e3570f40 	cmp	r7, #64, 30	@ 0x100
    5cb0:	e3a02000 	mov	r2, #0
    5cb4:	33a02001 	movcc	r2, #1
    5cb8:	e1a09002 	mov	r9, r2
    5cbc:	e3520000 	cmp	r2, #0
    5cc0:	03a01f40 	moveq	r1, #64, 30	@ 0x100
    5cc4:	e5848014 	str	r8, [r4, #20]
    5cc8:	e5840004 	str	r0, [r4, #4]
    5ccc:	e5841030 	str	r1, [r4, #48]	@ 0x30
    5cd0:	e59f0798 	ldr	r0, [pc, #1944]	@ 0x6470
    5cd4:	e1a01004 	mov	r1, r4
    5cd8:	e59d2000 	ldr	r2, [sp]
    5cdc:	e59fc790 	ldr	ip, [pc, #1936]	@ 0x6474
    5ce0:	e12fff3c 	blx	ip
    5ce4:	e3500000 	cmp	r0, #0
    5ce8:	1a000022 	bne	0x5d78
    5cec:	e3590000 	cmp	r9, #0
    5cf0:	1a00000e 	bne	0x5d30
    5cf4:	e5846000 	str	r6, [r4]
    5cf8:	e5848014 	str	r8, [r4, #20]
    5cfc:	e3a0ef40 	mov	lr, #64, 30	@ 0x100
    5d00:	e584e018 	str	lr, [r4, #24]
    5d04:	e59f076c 	ldr	r0, [pc, #1900]	@ 0x6478
    5d08:	e1a01004 	mov	r1, r4
    5d0c:	e59d2000 	ldr	r2, [sp]
    5d10:	e59fc764 	ldr	ip, [pc, #1892]	@ 0x647c
    5d14:	e12fff3c 	blx	ip
    5d18:	e3500000 	cmp	r0, #0
    5d1c:	1a000015 	bne	0x5d78
    5d20:	e2470f40 	sub	r0, r7, #64, 30	@ 0x100
    5d24:	e1a07000 	mov	r7, r0
    5d28:	e35000ff 	cmp	r0, #255	@ 0xff
    5d2c:	8afffff0 	bhi	0x5cf4
    5d30:	e5846000 	str	r6, [r4]
    5d34:	e5848014 	str	r8, [r4, #20]
    5d38:	e584700c 	str	r7, [r4, #12]
    5d3c:	e59f073c 	ldr	r0, [pc, #1852]	@ 0x6480
    5d40:	e1a01004 	mov	r1, r4
    5d44:	e59d2000 	ldr	r2, [sp]
    5d48:	e59fc734 	ldr	ip, [pc, #1844]	@ 0x6484
    5d4c:	e12fff3c 	blx	ip
    5d50:	e3500000 	cmp	r0, #0
    5d54:	1a000007 	bne	0x5d78
    5d58:	e2888f40 	add	r8, r8, #64, 30	@ 0x100
    5d5c:	e595003c 	ldr	r0, [r5, #60]	@ 0x3c
    5d60:	e5808008 	str	r8, [r0, #8]
    5d64:	e59f071c 	ldr	r0, [pc, #1820]	@ 0x6488
    5d68:	e30ccabc 	movw	ip, #51900	@ 0xcabc
    5d6c:	e34ccdef 	movt	ip, #52719	@ 0xcdef
    5d70:	e28dd004 	add	sp, sp, #4
    5d74:	e8bd83c0 	pop	{r6, r7, r8, r9, pc}
    5d78:	e59d0000 	ldr	r0, [sp]
    5d7c:	e59d1014 	ldr	r1, [sp, #20]
    5d80:	e59fc704 	ldr	ip, [pc, #1796]	@ 0x648c
    5d84:	e12fff3c 	blx	ip
    5d88:	e28dd004 	add	sp, sp, #4
    5d8c:	e8bd03c0 	pop	{r6, r7, r8, r9}
    5d90:	e28dd004 	add	sp, sp, #4
    5d94:	e12fff10 	bx	r0
    5d98:	e52de004 	push	{lr}		@ (str lr, [sp, #-4]!)
    5d9c:	e24dd004 	sub	sp, sp, #4
    5da0:	e58d0000 	str	r0, [sp]
    5da4:	e30cc123 	movw	ip, #49443	@ 0xc123
    5da8:	e34cc456 	movt	ip, #50262	@ 0xc456
    5dac:	e5940000 	ldr	r0, [r4]
    5db0:	e5941004 	ldr	r1, [r4, #4]
    5db4:	e5942008 	ldr	r2, [r4, #8]
    5db8:	e5840000 	str	r0, [r4]
    5dbc:	e5841004 	str	r1, [r4, #4]
    5dc0:	e5842008 	str	r2, [r4, #8]
    5dc4:	e3a0e00b 	mov	lr, #11
    5dc8:	e584e00c 	str	lr, [r4, #12]
    5dcc:	e3a0e00c 	mov	lr, #12
    5dd0:	e584e010 	str	lr, [r4, #16]
    5dd4:	e59f06b4 	ldr	r0, [pc, #1716]	@ 0x6490
    5dd8:	e1a01004 	mov	r1, r4
    5ddc:	e59d2000 	ldr	r2, [sp]
    5de0:	e59fc6ac 	ldr	ip, [pc, #1708]	@ 0x6494
    5de4:	e12fff3c 	blx	ip
    5de8:	e3500000 	cmp	r0, #0
    5dec:	1a000006 	bne	0x5e0c
    5df0:	e5940014 	ldr	r0, [r4, #20]
    5df4:	e5840014 	str	r0, [r4, #20]
    5df8:	e59f0698 	ldr	r0, [pc, #1688]	@ 0x6498
    5dfc:	e30ccabc 	movw	ip, #51900	@ 0xcabc
    5e00:	e34ccdef 	movt	ip, #52719	@ 0xcdef
    5e04:	e28dd004 	add	sp, sp, #4
    5e08:	e49df004 	pop	{pc}		@ (ldr pc, [sp], #4)
    5e0c:	e59d0000 	ldr	r0, [sp]
    5e10:	e59d1004 	ldr	r1, [sp, #4]
    5e14:	e59fc680 	ldr	ip, [pc, #1664]	@ 0x649c
    5e18:	e12fff3c 	blx	ip
    5e1c:	e28dd008 	add	sp, sp, #8
    5e20:	e12fff10 	bx	r0
    5e24:	e92d4fc0 	push	{r6, r7, r8, r9, sl, fp, lr}
    5e28:	e24dd004 	sub	sp, sp, #4
    5e2c:	ed2d8b02 	vpush	{d8}
    5e30:	e24dd018 	sub	sp, sp, #24
    5e34:	e58d0000 	str	r0, [sp]
    5e38:	e30cc123 	movw	ip, #49443	@ 0xc123
    5e3c:	e34cc456 	movt	ip, #50262	@ 0xc456
    5e40:	ed948b01 	vldr	d8, [r4, #4]
    5e44:	e3a0e000 	mov	lr, #0
    5e48:	e584e054 	str	lr, [r4, #84]	@ 0x54
    5e4c:	e595e03c 	ldr	lr, [r5, #60]	@ 0x3c
    5e50:	e59e0008 	ldr	r0, [lr, #8]
    5e54:	e2400f8c 	sub	r0, r0, #140, 30	@ 0x230
    5e58:	e584001c 	str	r0, [r4, #28]
    5e5c:	e595103c 	ldr	r1, [r5, #60]	@ 0x3c
    5e60:	e5810008 	str	r0, [r1, #8]
    5e64:	e3a0e000 	mov	lr, #0
    5e68:	e584e020 	str	lr, [r4, #32]
    5e6c:	e594101c 	ldr	r1, [r4, #28]
    5e70:	e5950030 	ldr	r0, [r5, #48]	@ 0x30
    5e74:	e59fe5a0 	ldr	lr, [pc, #1440]	@ 0x641c
    5e78:	e7f1e2fc 	udf	#7724	@ 0x1e2c
    5e7c:	2a000710 	bcs	0x7ac4
    5e80:	e3a02000 	mov	r2, #0
    5e84:	e7d201f4 			@ <UNDEFINED> instruction: 0xe7d201f4
    5e88:	ed848b01 	vstr	d8, [r4, #4]
    5e8c:	e59f060c 	ldr	r0, [pc, #1548]	@ 0x64a0
    5e90:	e1a01004 	mov	r1, r4
    5e94:	e59d2000 	ldr	r2, [sp]
    5e98:	e59fc604 	ldr	ip, [pc, #1540]	@ 0x64a4
    5e9c:	e12fff3c 	blx	ip
    5ea0:	e3500000 	cmp	r0, #0
    5ea4:	1a000709 	bne	0x7ad0
    5ea8:	e59400a0 	ldr	r0, [r4, #160]	@ 0xa0
    5eac:	e59410a4 	ldr	r1, [r4, #164]	@ 0xa4
    5eb0:	e1a02000 	mov	r2, r0
    5eb4:	e1a03001 	mov	r3, r1
    5eb8:	e3e0c000 	mvn	ip, #0
    5ebc:	e15c0000 	cmp	ip, r0
    5ec0:	e3e0c000 	mvn	ip, #0
    5ec4:	e0dcc001 	sbcs	ip, ip, r1
    5ec8:	ba000013 	blt	0x5f1c
    5ecc:	e3a0e001 	mov	lr, #1
    5ed0:	e584e024 	str	lr, [r4, #36]	@ 0x24
    5ed4:	e3a0eb40 	mov	lr, #64, 22	@ 0x10000
    5ed8:	e38ee188 	orr	lr, lr, #136, 2	@ 0x22
    5edc:	e584e028 	str	lr, [r4, #40]	@ 0x28
    5ee0:	eeb10b48 	vneg.f64	d0, d8
    5ee4:	eeb08b40 	vmov.f64	d8, d0
    5ee8:	ed840b28 	vstr	d0, [r4, #160]	@ 0xa0
    5eec:	e59f05b4 	ldr	r0, [pc, #1460]	@ 0x64a8
    5ef0:	e1a01004 	mov	r1, r4
    5ef4:	e59d2000 	ldr	r2, [sp]
    5ef8:	e59fc5ac 	ldr	ip, [pc, #1452]	@ 0x64ac
    5efc:	e12fff3c 	blx	ip
    5f00:	e3500000 	cmp	r0, #0
    5f04:	1a0006f1 	bne	0x7ad0
    5f08:	e59400a0 	ldr	r0, [r4, #160]	@ 0xa0
    5f0c:	e59410a4 	ldr	r1, [r4, #164]	@ 0xa4
    5f10:	e1a02000 	mov	r2, r0
    5f14:	e1a03001 	mov	r3, r1
    5f18:	ea000017 	b	0x5f7c
    5f1c:	e594c014 	ldr	ip, [r4, #20]
    5f20:	e31c0e80 	tst	ip, #128, 28	@ 0x800
    5f24:	0a000005 	beq	0x5f40
    5f28:	e3a0e001 	mov	lr, #1
    5f2c:	e584e024 	str	lr, [r4, #36]	@ 0x24
    5f30:	e3a0eb40 	mov	lr, #64, 22	@ 0x10000
    5f34:	e38ee194 	orr	lr, lr, #148, 2	@ 0x25
    5f38:	e584e028 	str	lr, [r4, #40]	@ 0x28
    5f3c:	ea00000e 	b	0x5f7c
    5f40:	e594c014 	ldr	ip, [r4, #20]
    5f44:	e20c0001 	and	r0, ip, #1
    5f48:	e5840024 	str	r0, [r4, #36]	@ 0x24
    5f4c:	e3500000 	cmp	r0, #0
    5f50:	e3a0eb40 	mov	lr, #64, 22	@ 0x10000
    5f54:	e38ee1a0 	orr	lr, lr, #160, 2	@ 0x28
    5f58:	e3a0cb40 	mov	ip, #64, 22	@ 0x10000
    5f5c:	e38cc18c 	orr	ip, ip, #140, 2	@ 0x23
    5f60:	01a0e00c 	moveq	lr, ip
    5f64:	e584e028 	str	lr, [r4, #40]	@ 0x28
    5f68:	e594c024 	ldr	ip, [r4, #36]	@ 0x24
    5f6c:	e35c0000 	cmp	ip, #0
    5f70:	e3a0c000 	mov	ip, #0
    5f74:	03a0c001 	moveq	ip, #1
    5f78:	e584c020 	str	ip, [r4, #32]
    5f7c:	e2022000 	and	r2, r2, #0
    5f80:	e3a0c207 	mov	ip, #1879048192	@ 0x70000000
    5f84:	e38cc6ff 	orr	ip, ip, #267386880	@ 0xff00000
    5f88:	e003300c 	and	r3, r3, ip
    5f8c:	e3a0c207 	mov	ip, #1879048192	@ 0x70000000
    5f90:	e38cc6ff 	orr	ip, ip, #267386880	@ 0xff00000
    5f94:	e153000c 	cmp	r3, ip
    5f98:	1a000000 	bne	0x5fa0
    5f9c:	e3520000 	cmp	r2, #0
    5fa0:	1a000045 	bne	0x60bc
    5fa4:	e594c024 	ldr	ip, [r4, #36]	@ 0x24
    5fa8:	e28c0003 	add	r0, ip, #3
    5fac:	e1a08000 	mov	r8, r0
    5fb0:	e594c014 	ldr	ip, [r4, #20]
    5fb4:	e3cc1b40 	bic	r1, ip, #64, 22	@ 0x10000
    5fb8:	e3a0e020 	mov	lr, #32
    5fbc:	e584e0a4 	str	lr, [r4, #164]	@ 0xa4
    5fc0:	e58400ac 	str	r0, [r4, #172]	@ 0xac
    5fc4:	e58410b0 	str	r1, [r4, #176]	@ 0xb0
    5fc8:	e59f04e0 	ldr	r0, [pc, #1248]	@ 0x64b0
    5fcc:	e1a01004 	mov	r1, r4
    5fd0:	e59d2000 	ldr	r2, [sp]
    5fd4:	e59fc4d8 	ldr	ip, [pc, #1240]	@ 0x64b4
    5fd8:	e12fff3c 	blx	ip
    5fdc:	e3500000 	cmp	r0, #0
    5fe0:	1a0006ba 	bne	0x7ad0
    5fe4:	e59f04cc 	ldr	r0, [pc, #1228]	@ 0x64b8
    5fe8:	e1a01004 	mov	r1, r4
    5fec:	e59d2000 	ldr	r2, [sp]
    5ff0:	e59fc4c4 	ldr	ip, [pc, #1220]	@ 0x64bc
    5ff4:	e12fff3c 	blx	ip
    5ff8:	e3500000 	cmp	r0, #0
    5ffc:	1a0006b3 	bne	0x7ad0
    6000:	e594c018 	ldr	ip, [r4, #24]
    6004:	e20c0020 	and	r0, ip, #32
    6008:	e1a01000 	mov	r1, r0
    600c:	e3500000 	cmp	r0, #0
    6010:	e3a02b40 	mov	r2, #64, 22	@ 0x10000
    6014:	e38221d4 	orr	r2, r2, #212, 2	@ 0x35
    6018:	e3a0cb40 	mov	ip, #64, 22	@ 0x10000
    601c:	e38cc1f4 	orr	ip, ip, #244, 2	@ 0x3d
    6020:	01a0200c 	moveq	r2, ip
    6024:	e3510000 	cmp	r1, #0
    6028:	e3a00b40 	mov	r0, #64, 22	@ 0x10000
    602c:	e38001e4 	orr	r0, r0, #228, 2	@ 0x39
    6030:	e3a0cb40 	mov	ip, #64, 22	@ 0x10000
    6034:	e38cc041 	orr	ip, ip, #65	@ 0x41
    6038:	01a0000c 	moveq	r0, ip
    603c:	eeb48b48 	vcmp.f64	d8, d8
    6040:	eef1fa10 	vmrs	APSR_nzcv, fpscr
    6044:	01a02000 	moveq	r2, r0
    6048:	e58420a4 	str	r2, [r4, #164]	@ 0xa4
    604c:	e3a0e003 	mov	lr, #3
    6050:	e584e0a8 	str	lr, [r4, #168]	@ 0xa8
    6054:	e59f0464 	ldr	r0, [pc, #1124]	@ 0x64c0
    6058:	e1a01004 	mov	r1, r4
    605c:	e59d2000 	ldr	r2, [sp]
    6060:	e59fc45c 	ldr	ip, [pc, #1116]	@ 0x64c4
    6064:	e12fff3c 	blx	ip
    6068:	e3500000 	cmp	r0, #0
    606c:	1a000697 	bne	0x7ad0
    6070:	e594c014 	ldr	ip, [r4, #20]
    6074:	e22c0d80 	eor	r0, ip, #128, 26	@ 0x2000
    6078:	e3a0e020 	mov	lr, #32
    607c:	e584e0a4 	str	lr, [r4, #164]	@ 0xa4
    6080:	e584802c 	str	r8, [r4, #44]	@ 0x2c
    6084:	e58400b0 	str	r0, [r4, #176]	@ 0xb0
    6088:	e59f0438 	ldr	r0, [pc, #1080]	@ 0x64c8
    608c:	e1a01004 	mov	r1, r4
    6090:	e59d2000 	ldr	r2, [sp]
    6094:	e59fc430 	ldr	ip, [pc, #1072]	@ 0x64cc
    6098:	e12fff3c 	blx	ip
    609c:	e3500000 	cmp	r0, #0
    60a0:	1a00068a 	bne	0x7ad0
    60a4:	e594c00c 	ldr	ip, [r4, #12]
    60a8:	e15c0008 	cmp	ip, r8
    60ac:	e594e00c 	ldr	lr, [r4, #12]
    60b0:	d1a0e008 	movle	lr, r8
    60b4:	e584e034 	str	lr, [r4, #52]	@ 0x34
    60b8:	ea000674 	b	0x7a90
    60bc:	e594c01c 	ldr	ip, [r4, #28]
    60c0:	e28ce010 	add	lr, ip, #16
    60c4:	e584e038 	str	lr, [r4, #56]	@ 0x38
    60c8:	e594c01c 	ldr	ip, [r4, #28]
    60cc:	e28c002c 	add	r0, ip, #44	@ 0x2c
    60d0:	ed848b01 	vstr	d8, [r4, #4]
    60d4:	e58400a8 	str	r0, [r4, #168]	@ 0xa8
    60d8:	e59f03f0 	ldr	r0, [pc, #1008]	@ 0x64d0
    60dc:	e1a01004 	mov	r1, r4
    60e0:	e59d2000 	ldr	r2, [sp]
    60e4:	e59fc3e8 	ldr	ip, [pc, #1000]	@ 0x64d4
    60e8:	e12fff3c 	blx	ip
    60ec:	e3500000 	cmp	r0, #0
    60f0:	1a000676 	bne	0x7ad0
    60f4:	ed940b28 	vldr	d0, [r4, #160]	@ 0xa0
    60f8:	eeb01b40 	vmov.f64	d1, d0
    60fc:	ee300b01 	vadd.f64	d0, d0, d1
    6100:	eeb08b40 	vmov.f64	d8, d0
    6104:	e3a0c000 	mov	ip, #0
    6108:	ec4cca11 	vmov	s2, s3, ip, ip
    610c:	eeb40b41 	vcmp.f64	d0, d1
    6110:	eef1fa10 	vmrs	APSR_nzcv, fpscr
    6114:	0a000013 	beq	0x6168
    6118:	e594201c 	ldr	r2, [r4, #28]
    611c:	e5951030 	ldr	r1, [r5, #48]	@ 0x30
    6120:	e59fe2f4 	ldr	lr, [pc, #756]	@ 0x641c
    6124:	e7f2e2fc 	udf	#11820	@ 0x2e2c
    6128:	2a000665 	bcs	0x7ac4
    612c:	e7e012f4 			@ <UNDEFINED> instruction: 0xe7e012f4
    6130:	e1a01000 	mov	r1, r0
    6134:	e2400001 	sub	r0, r0, #1
    6138:	e594301c 	ldr	r3, [r4, #28]
    613c:	e5952030 	ldr	r2, [r5, #48]	@ 0x30
    6140:	e59fe2d4 	ldr	lr, [pc, #724]	@ 0x641c
    6144:	e7f3e2fc 	udf	#15916	@ 0x3e2c
    6148:	2a00065d 	bcs	0x7ac4
    614c:	e7d023f4 			@ <UNDEFINED> instruction: 0xe7d023f4
    6150:	e594c018 	ldr	ip, [r4, #24]
    6154:	e38c0020 	orr	r0, ip, #32
    6158:	e584003c 	str	r0, [r4, #60]	@ 0x3c
    615c:	e3500061 	cmp	r0, #97	@ 0x61
    6160:	1a000013 	bne	0x61b4
    6164:	ea000529 	b	0x7610
    6168:	e594c018 	ldr	ip, [r4, #24]
    616c:	e38c0020 	orr	r0, ip, #32
    6170:	e584003c 	str	r0, [r4, #60]	@ 0x3c
    6174:	e3500061 	cmp	r0, #97	@ 0x61
    6178:	0a000524 	beq	0x7610
    617c:	e594c010 	ldr	ip, [r4, #16]
    6180:	e35c0000 	cmp	ip, #0
    6184:	e3a0e006 	mov	lr, #6
    6188:	e594c010 	ldr	ip, [r4, #16]
    618c:	a1a0e00c 	movge	lr, ip
    6190:	e584e040 	str	lr, [r4, #64]	@ 0x40
    6194:	e594201c 	ldr	r2, [r4, #28]
    6198:	e5950030 	ldr	r0, [r5, #48]	@ 0x30
    619c:	e59fe278 	ldr	lr, [pc, #632]	@ 0x641c
    61a0:	e7f2e2fc 	udf	#11820	@ 0x2e2c
    61a4:	2a000646 	bcs	0x7ac4
    61a8:	e7ee02f4 			@ <UNDEFINED> instruction: 0xe7ee02f4
    61ac:	e584e044 	str	lr, [r4, #68]	@ 0x44
    61b0:	ea000012 	b	0x6200
    61b4:	e241101d 	sub	r1, r1, #29
    61b8:	e5841044 	str	r1, [r4, #68]	@ 0x44
    61bc:	e594201c 	ldr	r2, [r4, #28]
    61c0:	e5950030 	ldr	r0, [r5, #48]	@ 0x30
    61c4:	e59fe250 	ldr	lr, [pc, #592]	@ 0x641c
    61c8:	e7f2e2fc 	udf	#11820	@ 0x2e2c
    61cc:	2a00063c 	bcs	0x7ac4
    61d0:	e7d102f4 			@ <UNDEFINED> instruction: 0xe7d102f4
    61d4:	e594c010 	ldr	ip, [r4, #16]
    61d8:	e35c0000 	cmp	ip, #0
    61dc:	e3a0e006 	mov	lr, #6
    61e0:	e594c010 	ldr	ip, [r4, #16]
    61e4:	a1a0e00c 	movge	lr, ip
    61e8:	e584e040 	str	lr, [r4, #64]	@ 0x40
    61ec:	e3a0c000 	mov	ip, #0
    61f0:	e3a0e204 	mov	lr, #4, 4	@ 0x40000000
    61f4:	e38ee61b 	orr	lr, lr, #28311552	@ 0x1b00000
    61f8:	ec4eca10 	vmov	s0, s1, ip, lr
    61fc:	ee288b00 	vmul.f64	d8, d8, d0
    6200:	e594c01c 	ldr	ip, [r4, #28]
    6204:	e28c0030 	add	r0, ip, #48	@ 0x30
    6208:	e594c044 	ldr	ip, [r4, #68]	@ 0x44
    620c:	e35c0000 	cmp	ip, #0
    6210:	e3a01000 	mov	r1, #0
    6214:	a3a01f48 	movge	r1, #72, 30	@ 0x120
    6218:	e0800001 	add	r0, r0, r1
    621c:	e5840048 	str	r0, [r4, #72]	@ 0x48
    6220:	e5840030 	str	r0, [r4, #48]	@ 0x30
    6224:	eeb00b48 	vmov.f64	d0, d8
    6228:	ec510a10 	vmov	r0, r1, s0, s1
    622c:	e59fc2a4 	ldr	ip, [pc, #676]	@ 0x64d8
    6230:	e12fff3c 	blx	ip
    6234:	e1a01000 	mov	r1, r0
    6238:	e5943030 	ldr	r3, [r4, #48]	@ 0x30
    623c:	e5952030 	ldr	r2, [r5, #48]	@ 0x30
    6240:	e59fc1d4 	ldr	ip, [pc, #468]	@ 0x641c
    6244:	e153000c 	cmp	r3, ip
    6248:	8a00061d 	bhi	0x7ac4
    624c:	e7d023f4 			@ <UNDEFINED> instruction: 0xe7d023f4
    6250:	e594c030 	ldr	ip, [r4, #48]	@ 0x30
    6254:	e28ce004 	add	lr, ip, #4
    6258:	e584e030 	str	lr, [r4, #48]	@ 0x30
    625c:	ee071a10 	vmov	s14, r1
    6260:	eeb80b47 	vcvt.f64.u32	d0, s14
    6264:	ee380b40 	vsub.f64	d0, d8, d0
    6268:	e3a0c000 	mov	ip, #0
    626c:	e59fe268 	ldr	lr, [pc, #616]	@ 0x64dc
    6270:	ec4eca11 	vmov	s2, s3, ip, lr
    6274:	ee200b01 	vmul.f64	d0, d0, d1
    6278:	eeb08b40 	vmov.f64	d8, d0
    627c:	e3a0c000 	mov	ip, #0
    6280:	ec4cca11 	vmov	s2, s3, ip, ip
    6284:	eeb40b41 	vcmp.f64	d0, d1
    6288:	eef1fa10 	vmrs	APSR_nzcv, fpscr
    628c:	1affffe4 	bne	0x6224
    6290:	e594c044 	ldr	ip, [r4, #68]	@ 0x44
    6294:	e35c0001 	cmp	ip, #1
    6298:	aa000006 	bge	0x62b8
    629c:	e594e044 	ldr	lr, [r4, #68]	@ 0x44
    62a0:	e584e04c 	str	lr, [r4, #76]	@ 0x4c
    62a4:	e594e030 	ldr	lr, [r4, #48]	@ 0x30
    62a8:	e584e02c 	str	lr, [r4, #44]	@ 0x2c
    62ac:	e594e048 	ldr	lr, [r4, #72]	@ 0x48
    62b0:	e584e050 	str	lr, [r4, #80]	@ 0x50
    62b4:	ea0000b6 	b	0x6594
    62b8:	e594e048 	ldr	lr, [r4, #72]	@ 0x48
    62bc:	e584e050 	str	lr, [r4, #80]	@ 0x50
    62c0:	e594e044 	ldr	lr, [r4, #68]	@ 0x44
    62c4:	e584e04c 	str	lr, [r4, #76]	@ 0x4c
    62c8:	e594c04c 	ldr	ip, [r4, #76]	@ 0x4c
    62cc:	e35c001d 	cmp	ip, #29
    62d0:	e3a0e01d 	mov	lr, #29
    62d4:	e594c04c 	ldr	ip, [r4, #76]	@ 0x4c
    62d8:	31a0e00c 	movcc	lr, ip
    62dc:	e584e04c 	str	lr, [r4, #76]	@ 0x4c
    62e0:	e594c030 	ldr	ip, [r4, #48]	@ 0x30
    62e4:	e24c0004 	sub	r0, ip, #4
    62e8:	e1a09000 	mov	r9, r0
    62ec:	e594c050 	ldr	ip, [r4, #80]	@ 0x50
    62f0:	e150000c 	cmp	r0, ip
    62f4:	3a000081 	bcc	0x6500
    62f8:	e594704c 	ldr	r7, [r4, #76]	@ 0x4c
    62fc:	e3a08000 	mov	r8, #0
    6300:	e3a06000 	mov	r6, #0
    6304:	e3a03000 	mov	r3, #0
    6308:	e1a0a009 	mov	sl, r9
    630c:	e5952030 	ldr	r2, [r5, #48]	@ 0x30
    6310:	e59fc104 	ldr	ip, [pc, #260]	@ 0x641c
    6314:	e15a000c 	cmp	sl, ip
    6318:	8a0005e9 	bhi	0x7ac4
    631c:	e792000a 	ldr	r0, [r2, sl]
    6320:	e3a01000 	mov	r1, #0
    6324:	e1a02007 	mov	r2, r7
    6328:	e3120020 	tst	r2, #32
    632c:	1a000006 	bne	0x634c
    6330:	e202201f 	and	r2, r2, #31
    6334:	e1a01211 	lsl	r1, r1, r2
    6338:	e1a0c0a0 	lsr	ip, r0, #1
    633c:	e222e01f 	eor	lr, r2, #31
    6340:	e1811e3c 	orr	r1, r1, ip, lsr lr
    6344:	e1a00210 	lsl	r0, r0, r2
    6348:	ea000002 	b	0x6358
    634c:	e202e01f 	and	lr, r2, #31
    6350:	e1a01e10 	lsl	r1, r0, lr
    6354:	e3a00000 	mov	r0, #0
    6358:	e090a006 	adds	sl, r0, r6
    635c:	e0a1b003 	adc	fp, r1, r3
    6360:	e584a074 	str	sl, [r4, #116]	@ 0x74
    6364:	e584b078 	str	fp, [r4, #120]	@ 0x78
    6368:	e59fe170 	ldr	lr, [pc, #368]	@ 0x64e0
    636c:	e58de00c 	str	lr, [sp, #12]
    6370:	e3a0e000 	mov	lr, #0
    6374:	e58de010 	str	lr, [sp, #16]
    6378:	e2840074 	add	r0, r4, #116	@ 0x74
    637c:	e28d100c 	add	r1, sp, #12
    6380:	e28d2004 	add	r2, sp, #4
    6384:	e59fc158 	ldr	ip, [pc, #344]	@ 0x64e4
    6388:	e12fff3c 	blx	ip
    638c:	e59d0004 	ldr	r0, [sp, #4]
    6390:	e59d1008 	ldr	r1, [sp, #8]
    6394:	e1a06000 	mov	r6, r0
    6398:	e1a03001 	mov	r3, r1
    639c:	e1a02001 	mov	r2, r1
    63a0:	e59f1138 	ldr	r1, [pc, #312]	@ 0x64e0
    63a4:	e0020192 	mul	r2, r2, r1
    63a8:	e0810091 	umull	r0, r1, r1, r0
    63ac:	e0822001 	add	r2, r2, r1
    63b0:	e1a01002 	mov	r1, r2
    63b4:	e05aa000 	subs	sl, sl, r0
    63b8:	e0cbb001 	sbc	fp, fp, r1
    63bc:	e1a01009 	mov	r1, r9
    63c0:	e5950030 	ldr	r0, [r5, #48]	@ 0x30
    63c4:	e59fc050 	ldr	ip, [pc, #80]	@ 0x641c
    63c8:	e151000c 	cmp	r1, ip
    63cc:	8a0005bc 	bhi	0x7ac4
    63d0:	e780a001 	str	sl, [r0, r1]
    63d4:	e2490004 	sub	r0, r9, #4
    63d8:	e1a09000 	mov	r9, r0
    63dc:	e594c050 	ldr	ip, [r4, #80]	@ 0x50
    63e0:	e150000c 	cmp	r0, ip
    63e4:	2affffc7 	bcs	0x6308
    63e8:	e594c074 	ldr	ip, [r4, #116]	@ 0x74
    63ec:	e59fe0ec 	ldr	lr, [pc, #236]	@ 0x64e0
    63f0:	e15c000e 	cmp	ip, lr
    63f4:	e594c078 	ldr	ip, [r4, #120]	@ 0x78
    63f8:	e2dcc000 	sbcs	ip, ip, #0
    63fc:	3a00003f 	bcc	0x6500
    6400:	e594c050 	ldr	ip, [r4, #80]	@ 0x50
    6404:	e24c0004 	sub	r0, ip, #4
    6408:	ea000036 	b	0x64e8
	...
    6418:	004055c8 	subeq	r5, r0, r8, asr #11
    641c:	0101fffc 	strdeq	pc, [r1, -ip]
    6420:	0101fff8 	strdeq	pc, [r1, -r8]
    6424:	00405608 	subeq	r5, r0, r8, lsl #12
    6428:	00405648 	subeq	r5, r0, r8, asr #12
    642c:	0040569c 	umaaleq	r5, r0, ip, r6
    6430:	004056dc 	ldrdeq	r5, [r0], #-108	@ 0xffffff94
    6434:	00405730 	subeq	r5, r0, r0, lsr r7
    6438:	00405784 	subeq	r5, r0, r4, lsl #15
    643c:	004057c4 	subeq	r5, r0, r4, asr #15
    6440:	00405804 	subeq	r5, r0, r4, lsl #16
    6444:	00405858 	subeq	r5, r0, r8, asr r8
    6448:	00048c48 	andeq	r8, r4, r8, asr #24
    644c:	00405878 	subeq	r5, r0, r8, ror r8
    6450:	00048004 	andeq	r8, r4, r4
    6454:	00048004 	andeq	r8, r4, r4
    6458:	003fdc0c 	eorseq	sp, pc, ip, lsl #24
    645c:	00048004 	andeq	r8, r4, r4
    6460:	00047e9c 	muleq	r4, ip, lr
    6464:	001f54c0 	andseq	r5, pc, r0, asr #9
    6468:	004018cc 	subeq	r1, r0, ip, asr #17
    646c:	00048004 	andeq	r8, r4, r4
    6470:	003fd30c 	eorseq	sp, pc, ip, lsl #6
    6474:	0004890c 	andeq	r8, r4, ip, lsl #18
    6478:	003fd32c 	eorseq	sp, pc, ip, lsr #6
    647c:	0004890c 	andeq	r8, r4, ip, lsl #18
    6480:	003fd36c 	eorseq	sp, pc, ip, ror #6
    6484:	0004890c 	andeq	r8, r4, ip, lsl #18
    6488:	003fd3a0 	eorseq	sp, pc, r0, lsr #7
    648c:	00048004 	andeq	r8, r4, r4
    6490:	003fd648 	eorseq	sp, pc, r8, asr #12
    6494:	0004890c 	andeq	r8, r4, ip, lsl #18
    6498:	003fd668 	eorseq	sp, pc, r8, ror #12
    649c:	00048004 	andeq	r8, r4, r4
    64a0:	004095a4 	subeq	r9, r0, r4, lsr #11
    64a4:	0004890c 	andeq	r8, r4, ip, lsl #18
    64a8:	004095f8 	strdeq	r9, [r0], #-88	@ 0xffffffa8
    64ac:	0004890c 	andeq	r8, r4, ip, lsl #18
    64b0:	0040971c 	subeq	r9, r0, ip, lsl r7
    64b4:	0004890c 	andeq	r8, r4, ip, lsl #18
    64b8:	00409734 	subeq	r9, r0, r4, lsr r7
    64bc:	0004890c 	andeq	r8, r4, ip, lsl #18
    64c0:	004097e0 	subeq	r9, r0, r0, ror #15
    64c4:	0004890c 	andeq	r8, r4, ip, lsl #18
    64c8:	00409818 	subeq	r9, r0, r8, lsl r8
    64cc:	0004890c 	andeq	r8, r4, ip, lsl #18
    64d0:	00409884 	subeq	r9, r0, r4, lsl #17
    64d4:	0004890c 	andeq	r8, r4, ip, lsl #18
    64d8:	000493d8 	ldrdeq	r9, [r4], -r8
    64dc:	41cdcd65 	bicmi	ip, sp, r5, ror #26
    64e0:	3b9aca00 	blcc	0xfe6b8ce8
    64e4:	00047e9c 	muleq	r4, ip, lr
    64e8:	e5840050 	str	r0, [r4, #80]	@ 0x50
    64ec:	e5951030 	ldr	r1, [r5, #48]	@ 0x30
    64f0:	e59fcfe0 	ldr	ip, [pc, #4064]	@ 0x74d8
    64f4:	e150000c 	cmp	r0, ip
    64f8:	8a000571 	bhi	0x7ac4
    64fc:	e7816000 	str	r6, [r1, r0]
    6500:	e594e030 	ldr	lr, [r4, #48]	@ 0x30
    6504:	e584e02c 	str	lr, [r4, #44]	@ 0x2c
    6508:	e594e050 	ldr	lr, [r4, #80]	@ 0x50
    650c:	e594c030 	ldr	ip, [r4, #48]	@ 0x30
    6510:	e15c000e 	cmp	ip, lr
    6514:	9a00000a 	bls	0x6544
    6518:	e594c02c 	ldr	ip, [r4, #44]	@ 0x2c
    651c:	e24c0004 	sub	r0, ip, #4
    6520:	e5840030 	str	r0, [r4, #48]	@ 0x30
    6524:	e1a02000 	mov	r2, r0
    6528:	e5951030 	ldr	r1, [r5, #48]	@ 0x30
    652c:	e59fcfa4 	ldr	ip, [pc, #4004]	@ 0x74d8
    6530:	e152000c 	cmp	r2, ip
    6534:	8a000562 	bhi	0x7ac4
    6538:	e7e012f4 			@ <UNDEFINED> instruction: 0xe7e012f4
    653c:	e3500000 	cmp	r0, #0
    6540:	0affffee 	beq	0x6500
    6544:	e594201c 	ldr	r2, [r4, #28]
    6548:	e5951030 	ldr	r1, [r5, #48]	@ 0x30
    654c:	e59fef84 	ldr	lr, [pc, #3972]	@ 0x74d8
    6550:	e7f2e2fc 	udf	#11820	@ 0x2e2c
    6554:	2a00055a 	bcs	0x7ac4
    6558:	e7e012f4 			@ <UNDEFINED> instruction: 0xe7e012f4
    655c:	e594c04c 	ldr	ip, [r4, #76]	@ 0x4c
    6560:	e040000c 	sub	r0, r0, ip
    6564:	e584004c 	str	r0, [r4, #76]	@ 0x4c
    6568:	e594201c 	ldr	r2, [r4, #28]
    656c:	e5951030 	ldr	r1, [r5, #48]	@ 0x30
    6570:	e59fef60 	ldr	lr, [pc, #3936]	@ 0x74d8
    6574:	e7f2e2fc 	udf	#11820	@ 0x2e2c
    6578:	2a000551 	bcs	0x7ac4
    657c:	e7d012f4 			@ <UNDEFINED> instruction: 0xe7d012f4
    6580:	e594e02c 	ldr	lr, [r4, #44]	@ 0x2c
    6584:	e584e030 	str	lr, [r4, #48]	@ 0x30
    6588:	e594c04c 	ldr	ip, [r4, #76]	@ 0x4c
    658c:	e35c0000 	cmp	ip, #0
    6590:	caffff4c 	bgt	0x62c8
    6594:	e594c04c 	ldr	ip, [r4, #76]	@ 0x4c
    6598:	e37c0001 	cmn	ip, #1
    659c:	ca00007c 	bgt	0x6794
    65a0:	e594c040 	ldr	ip, [r4, #64]	@ 0x40
    65a4:	e28c0019 	add	r0, ip, #25
    65a8:	e3a01009 	mov	r1, #9
    65ac:	e52d3010 	str	r3, [sp, #-16]!
    65b0:	e58d2004 	str	r2, [sp, #4]
    65b4:	e58d1008 	str	r1, [sp, #8]
    65b8:	e59fcf1c 	ldr	ip, [pc, #3868]	@ 0x74dc
    65bc:	e12fff3c 	blx	ip
    65c0:	e59d1008 	ldr	r1, [sp, #8]
    65c4:	e59d2004 	ldr	r2, [sp, #4]
    65c8:	e49d3010 	ldr	r3, [sp], #16
    65cc:	e280e001 	add	lr, r0, #1
    65d0:	e584e054 	str	lr, [r4, #84]	@ 0x54
    65d4:	e594c03c 	ldr	ip, [r4, #60]	@ 0x3c
    65d8:	e35c0066 	cmp	ip, #102	@ 0x66
    65dc:	e3a0c000 	mov	ip, #0
    65e0:	03a0c001 	moveq	ip, #1
    65e4:	e584c058 	str	ip, [r4, #88]	@ 0x58
    65e8:	e594c04c 	ldr	ip, [r4, #76]	@ 0x4c
    65ec:	e26c1000 	rsb	r1, ip, #0
    65f0:	e1a02001 	mov	r2, r1
    65f4:	e3520009 	cmp	r2, #9
    65f8:	23a01009 	movcs	r1, #9
    65fc:	e594e02c 	ldr	lr, [r4, #44]	@ 0x2c
    6600:	e594c050 	ldr	ip, [r4, #80]	@ 0x50
    6604:	e15c000e 	cmp	ip, lr
    6608:	3a000009 	bcc	0x6634
    660c:	e5946050 	ldr	r6, [r4, #80]	@ 0x50
    6610:	e5953030 	ldr	r3, [r5, #48]	@ 0x30
    6614:	e59fcebc 	ldr	ip, [pc, #3772]	@ 0x74d8
    6618:	e156000c 	cmp	r6, ip
    661c:	8a000528 	bhi	0x7ac4
    6620:	e7e236f4 			@ <UNDEFINED> instruction: 0xe7e236f4
    6624:	e3520000 	cmp	r2, #0
    6628:	e3a03000 	mov	r3, #0
    662c:	03a03004 	moveq	r3, #4
    6630:	ea000033 	b	0x6704
    6634:	e59fcea4 	ldr	ip, [pc, #3748]	@ 0x74e0
    6638:	e201e01f 	and	lr, r1, #31
    663c:	e1a02e3c 	lsr	r2, ip, lr
    6640:	e3e0c000 	mvn	ip, #0
    6644:	e201e01f 	and	lr, r1, #31
    6648:	e1a06e1c 	lsl	r6, ip, lr
    664c:	e1e06006 	mvn	r6, r6
    6650:	e3a07000 	mov	r7, #0
    6654:	e5948050 	ldr	r8, [r4, #80]	@ 0x50
    6658:	e1a0b008 	mov	fp, r8
    665c:	e595a030 	ldr	sl, [r5, #48]	@ 0x30
    6660:	e59fce70 	ldr	ip, [pc, #3696]	@ 0x74d8
    6664:	e15b000c 	cmp	fp, ip
    6668:	8a000515 	bhi	0x7ac4
    666c:	e7e9abf4 			@ <UNDEFINED> instruction: 0xe7e9abf4
    6670:	e1a0a009 	mov	sl, r9
    6674:	e201e01f 	and	lr, r1, #31
    6678:	e1a09e39 	lsr	r9, r9, lr
    667c:	e0899007 	add	r9, r9, r7
    6680:	e1a00008 	mov	r0, r8
    6684:	e595b030 	ldr	fp, [r5, #48]	@ 0x30
    6688:	e59fce48 	ldr	ip, [pc, #3656]	@ 0x74d8
    668c:	e150000c 	cmp	r0, ip
    6690:	8a00050b 	bhi	0x7ac4
    6694:	e7d9b0f4 			@ <UNDEFINED> instruction: 0xe7d9b0f4
    6698:	e00aa006 	and	sl, sl, r6
    669c:	e007029a 	mul	r7, sl, r2
    66a0:	e2880004 	add	r0, r8, #4
    66a4:	e1a08000 	mov	r8, r0
    66a8:	e594c02c 	ldr	ip, [r4, #44]	@ 0x2c
    66ac:	e150000c 	cmp	r0, ip
    66b0:	3affffe8 	bcc	0x6658
    66b4:	e5946050 	ldr	r6, [r4, #80]	@ 0x50
    66b8:	e5952030 	ldr	r2, [r5, #48]	@ 0x30
    66bc:	e59fce14 	ldr	ip, [pc, #3604]	@ 0x74d8
    66c0:	e156000c 	cmp	r6, ip
    66c4:	8a0004fe 	bhi	0x7ac4
    66c8:	e7e026f4 			@ <UNDEFINED> instruction: 0xe7e026f4
    66cc:	e3500000 	cmp	r0, #0
    66d0:	e3a03000 	mov	r3, #0
    66d4:	03a03004 	moveq	r3, #4
    66d8:	e3570000 	cmp	r7, #0
    66dc:	0a000008 	beq	0x6704
    66e0:	e594202c 	ldr	r2, [r4, #44]	@ 0x2c
    66e4:	e5950030 	ldr	r0, [r5, #48]	@ 0x30
    66e8:	e59fcde8 	ldr	ip, [pc, #3560]	@ 0x74d8
    66ec:	e152000c 	cmp	r2, ip
    66f0:	8a0004f3 	bhi	0x7ac4
    66f4:	e7d702f4 			@ <UNDEFINED> instruction: 0xe7d702f4
    66f8:	e594c02c 	ldr	ip, [r4, #44]	@ 0x2c
    66fc:	e28ce004 	add	lr, ip, #4
    6700:	e584e02c 	str	lr, [r4, #44]	@ 0x2c
    6704:	e594601c 	ldr	r6, [r4, #28]
    6708:	e5952030 	ldr	r2, [r5, #48]	@ 0x30
    670c:	e59fedc4 	ldr	lr, [pc, #3524]	@ 0x74d8
    6710:	e7f6e2fc 	udf	#28204	@ 0x6e2c
    6714:	2a0004ea 	bcs	0x7ac4
    6718:	e7e026f4 			@ <UNDEFINED> instruction: 0xe7e026f4
    671c:	e0800001 	add	r0, r0, r1
    6720:	e584004c 	str	r0, [r4, #76]	@ 0x4c
    6724:	e594201c 	ldr	r2, [r4, #28]
    6728:	e5951030 	ldr	r1, [r5, #48]	@ 0x30
    672c:	e59feda4 	ldr	lr, [pc, #3492]	@ 0x74d8
    6730:	e7f2e2fc 	udf	#11820	@ 0x2e2c
    6734:	2a0004e2 	bcs	0x7ac4
    6738:	e7d012f4 			@ <UNDEFINED> instruction: 0xe7d012f4
    673c:	e594c050 	ldr	ip, [r4, #80]	@ 0x50
    6740:	e08c3003 	add	r3, ip, r3
    6744:	e5843050 	str	r3, [r4, #80]	@ 0x50
    6748:	e594c058 	ldr	ip, [r4, #88]	@ 0x58
    674c:	e35c0000 	cmp	ip, #0
    6750:	e594c048 	ldr	ip, [r4, #72]	@ 0x48
    6754:	11a0300c 	movne	r3, ip
    6758:	e1a00003 	mov	r0, r3
    675c:	e594c054 	ldr	ip, [r4, #84]	@ 0x54
    6760:	e1a0110c 	lsl	r1, ip, #2
    6764:	e0833001 	add	r3, r3, r1
    6768:	e594c02c 	ldr	ip, [r4, #44]	@ 0x2c
    676c:	e04c0000 	sub	r0, ip, r0
    6770:	e1a00140 	asr	r0, r0, #2
    6774:	e594c054 	ldr	ip, [r4, #84]	@ 0x54
    6778:	e150000c 	cmp	r0, ip
    677c:	e594e02c 	ldr	lr, [r4, #44]	@ 0x2c
    6780:	c1a0e003 	movgt	lr, r3
    6784:	e584e02c 	str	lr, [r4, #44]	@ 0x2c
    6788:	e594c04c 	ldr	ip, [r4, #76]	@ 0x4c
    678c:	e35c0000 	cmp	ip, #0
    6790:	baffff94 	blt	0x65e8
    6794:	e3a06000 	mov	r6, #0
    6798:	e594e02c 	ldr	lr, [r4, #44]	@ 0x2c
    679c:	e594c050 	ldr	ip, [r4, #80]	@ 0x50
    67a0:	e15c000e 	cmp	ip, lr
    67a4:	2a000015 	bcs	0x6800
    67a8:	e594e050 	ldr	lr, [r4, #80]	@ 0x50
    67ac:	e594c048 	ldr	ip, [r4, #72]	@ 0x48
    67b0:	e04c000e 	sub	r0, ip, lr
    67b4:	e1a00140 	asr	r0, r0, #2
    67b8:	e3a0c009 	mov	ip, #9
    67bc:	e0060c90 	mul	r6, r0, ip
    67c0:	e3a0000a 	mov	r0, #10
    67c4:	e5943050 	ldr	r3, [r4, #80]	@ 0x50
    67c8:	e5952030 	ldr	r2, [r5, #48]	@ 0x30
    67cc:	e59fcd04 	ldr	ip, [pc, #3332]	@ 0x74d8
    67d0:	e153000c 	cmp	r3, ip
    67d4:	8a0004ba 	bhi	0x7ac4
    67d8:	e7e123f4 			@ <UNDEFINED> instruction: 0xe7e123f4
    67dc:	e1a02001 	mov	r2, r1
    67e0:	e351000a 	cmp	r1, #10
    67e4:	3a000005 	bcc	0x6800
    67e8:	e2866001 	add	r6, r6, #1
    67ec:	e3a0c00a 	mov	ip, #10
    67f0:	e0010c90 	mul	r1, r0, ip
    67f4:	e1a00001 	mov	r0, r1
    67f8:	e1520001 	cmp	r2, r1
    67fc:	2afffff9 	bcs	0x67e8
    6800:	e594c03c 	ldr	ip, [r4, #60]	@ 0x3c
    6804:	e35c0066 	cmp	ip, #102	@ 0x66
    6808:	e3a00000 	mov	r0, #0
    680c:	11a00006 	movne	r0, r6
    6810:	e594c040 	ldr	ip, [r4, #64]	@ 0x40
    6814:	e04c0000 	sub	r0, ip, r0
    6818:	e594c040 	ldr	ip, [r4, #64]	@ 0x40
    681c:	e35c0000 	cmp	ip, #0
    6820:	e3a01000 	mov	r1, #0
    6824:	13a01001 	movne	r1, #1
    6828:	e594c03c 	ldr	ip, [r4, #60]	@ 0x3c
    682c:	e35c0067 	cmp	ip, #103	@ 0x67
    6830:	e3a02000 	mov	r2, #0
    6834:	03a02001 	moveq	r2, #1
    6838:	e0011002 	and	r1, r1, r2
    683c:	e0400001 	sub	r0, r0, r1
    6840:	e1a01000 	mov	r1, r0
    6844:	e594e048 	ldr	lr, [r4, #72]	@ 0x48
    6848:	e594c02c 	ldr	ip, [r4, #44]	@ 0x2c
    684c:	e04c200e 	sub	r2, ip, lr
    6850:	e1a02142 	asr	r2, r2, #2
    6854:	e3a0c009 	mov	ip, #9
    6858:	e0020c92 	mul	r2, r2, ip
    685c:	e2422009 	sub	r2, r2, #9
    6860:	e1500002 	cmp	r0, r2
    6864:	aa0000df 	bge	0x6be8
    6868:	e3a0200a 	mov	r2, #10
    686c:	e2813d90 	add	r3, r1, #144, 26	@ 0x2400
    6870:	e1a00003 	mov	r0, r3
    6874:	e3a01009 	mov	r1, #9
    6878:	e52d3010 	str	r3, [sp, #-16]!
    687c:	e58d2004 	str	r2, [sp, #4]
    6880:	e58d1008 	str	r1, [sp, #8]
    6884:	e59fcc58 	ldr	ip, [pc, #3160]	@ 0x74e4
    6888:	e12fff3c 	blx	ip
    688c:	e59d1008 	ldr	r1, [sp, #8]
    6890:	e59d2004 	ldr	r2, [sp, #4]
    6894:	e49d3010 	ldr	r3, [sp], #16
    6898:	e1a01000 	mov	r1, r0
    689c:	e3a0c009 	mov	ip, #9
    68a0:	e0000c90 	mul	r0, r0, ip
    68a4:	e0433000 	sub	r3, r3, r0
    68a8:	e1a00003 	mov	r0, r3
    68ac:	e3530007 	cmp	r3, #7
    68b0:	ca000005 	bgt	0x68cc
    68b4:	e3a0c00a 	mov	ip, #10
    68b8:	e0020c92 	mul	r2, r2, ip
    68bc:	e2803001 	add	r3, r0, #1
    68c0:	e1a00003 	mov	r0, r3
    68c4:	e3530008 	cmp	r3, #8
    68c8:	1afffff9 	bne	0x68b4
    68cc:	e594c01c 	ldr	ip, [r4, #28]
    68d0:	e28c0030 	add	r0, ip, #48	@ 0x30
    68d4:	e594c044 	ldr	ip, [r4, #68]	@ 0x44
    68d8:	e35c0000 	cmp	ip, #0
    68dc:	e3e03c0f 	mvn	r3, #3840	@ 0xf00
    68e0:	e3c330fb 	bic	r3, r3, #251	@ 0xfb
    68e4:	e3e0cc0e 	mvn	ip, #3584	@ 0xe00
    68e8:	e3ccc0db 	bic	ip, ip, #219	@ 0xdb
    68ec:	a1a0300c 	movge	r3, ip
    68f0:	e0800003 	add	r0, r0, r3
    68f4:	e1a01101 	lsl	r1, r1, #2
    68f8:	e0800001 	add	r0, r0, r1
    68fc:	e1a03000 	mov	r3, r0
    6900:	e2807004 	add	r7, r0, #4
    6904:	e1a01003 	mov	r1, r3
    6908:	e5950030 	ldr	r0, [r5, #48]	@ 0x30
    690c:	e59fcbc4 	ldr	ip, [pc, #3012]	@ 0x74d8
    6910:	e151000c 	cmp	r1, ip
    6914:	8a00046a 	bhi	0x7ac4
    6918:	e7e801f4 			@ <UNDEFINED> instruction: 0xe7e801f4
    691c:	e1a09008 	mov	r9, r8
    6920:	e1a00009 	mov	r0, r9
    6924:	e1a01002 	mov	r1, r2
    6928:	e3510000 	cmp	r1, #0
    692c:	0a000462 	beq	0x7abc
    6930:	e52d3010 	str	r3, [sp, #-16]!
    6934:	e58d2004 	str	r2, [sp, #4]
    6938:	e58d1008 	str	r1, [sp, #8]
    693c:	e59fcba4 	ldr	ip, [pc, #2980]	@ 0x74e8
    6940:	e12fff3c 	blx	ip
    6944:	e59d1008 	ldr	r1, [sp, #8]
    6948:	e59d2004 	ldr	r2, [sp, #4]
    694c:	e49d3010 	ldr	r3, [sp], #16
    6950:	e5840054 	str	r0, [r4, #84]	@ 0x54
    6954:	e0000290 	mul	r0, r0, r2
    6958:	e0488000 	sub	r8, r8, r0
    695c:	e1a00008 	mov	r0, r8
    6960:	e3580000 	cmp	r8, #0
    6964:	1a000002 	bne	0x6974
    6968:	e594c02c 	ldr	ip, [r4, #44]	@ 0x2c
    696c:	e157000c 	cmp	r7, ip
    6970:	0a000095 	beq	0x6bcc
    6974:	e594c054 	ldr	ip, [r4, #84]	@ 0x54
    6978:	e31c0001 	tst	ip, #1
    697c:	1a000013 	bne	0x69d0
    6980:	e3a0c000 	mov	ip, #0
    6984:	e3a0e101 	mov	lr, #1073741824	@ 0x40000000
    6988:	e38ee50d 	orr	lr, lr, #54525952	@ 0x3400000
    698c:	ec4eca10 	vmov	s0, s1, ip, lr
    6990:	e59fcb48 	ldr	ip, [pc, #2888]	@ 0x74e0
    6994:	e152000c 	cmp	r2, ip
    6998:	1a000010 	bne	0x69e0
    699c:	e594c050 	ldr	ip, [r4, #80]	@ 0x50
    69a0:	e153000c 	cmp	r3, ip
    69a4:	9a00000d 	bls	0x69e0
    69a8:	e2431004 	sub	r1, r3, #4
    69ac:	e1a0a001 	mov	sl, r1
    69b0:	e5958030 	ldr	r8, [r5, #48]	@ 0x30
    69b4:	e3e0c4fe 	mvn	ip, #-33554432	@ 0xfe000000
    69b8:	e3ccc8fe 	bic	ip, ip, #16646144	@ 0xfe0000
    69bc:	e15a000c 	cmp	sl, ip
    69c0:	8a00043f 	bhi	0x7ac4
    69c4:	e7e18af0 			@ <UNDEFINED> instruction: 0xe7e18af0
    69c8:	e3110001 	tst	r1, #1
    69cc:	0a000003 	beq	0x69e0
    69d0:	e3a0c001 	mov	ip, #1
    69d4:	e3a0e101 	mov	lr, #1073741824	@ 0x40000000
    69d8:	e38ee50d 	orr	lr, lr, #54525952	@ 0x3400000
    69dc:	ec4eca10 	vmov	s0, s1, ip, lr
    69e0:	e594c02c 	ldr	ip, [r4, #44]	@ 0x2c
    69e4:	e157000c 	cmp	r7, ip
    69e8:	e3a0c000 	mov	ip, #0
    69ec:	e3a0e203 	mov	lr, #805306368	@ 0x30000000
    69f0:	e38ee6ff 	orr	lr, lr, #267386880	@ 0xff00000
    69f4:	ec4eca11 	vmov	s2, s3, ip, lr
    69f8:	e3a0c000 	mov	ip, #0
    69fc:	e3a0e30f 	mov	lr, #1006632960	@ 0x3c000000
    6a00:	e38ee7fe 	orr	lr, lr, #66584576	@ 0x3f80000
    6a04:	ec4eca12 	vmov	s4, s5, ip, lr
    6a08:	eeb03b41 	vmov.f64	d3, d1
    6a0c:	1eb03b42 	vmovne.f64	d3, d2
    6a10:	e1a010a2 	lsr	r1, r2, #1
    6a14:	e1a07001 	mov	r7, r1
    6a18:	e1500001 	cmp	r0, r1
    6a1c:	e3a0c000 	mov	ip, #0
    6a20:	e3a0e30f 	mov	lr, #1006632960	@ 0x3c000000
    6a24:	e38ee7fe 	orr	lr, lr, #66584576	@ 0x3f80000
    6a28:	ec4eca11 	vmov	s2, s3, ip, lr
    6a2c:	1eb03b41 	vmovne.f64	d3, d1
    6a30:	e1500007 	cmp	r0, r7
    6a34:	e3a0c000 	mov	ip, #0
    6a38:	e3a0e203 	mov	lr, #805306368	@ 0x30000000
    6a3c:	e38ee6fe 	orr	lr, lr, #266338304	@ 0xfe00000
    6a40:	ec4eca11 	vmov	s2, s3, ip, lr
    6a44:	3eb03b41 	vmovcc.f64	d3, d1
    6a48:	e594c020 	ldr	ip, [r4, #32]
    6a4c:	e35c0000 	cmp	ip, #0
    6a50:	1a00000a 	bne	0x6a80
    6a54:	e5948028 	ldr	r8, [r4, #40]	@ 0x28
    6a58:	e5957030 	ldr	r7, [r5, #48]	@ 0x30
    6a5c:	e3e0c4fe 	mvn	ip, #-33554432	@ 0xfe000000
    6a60:	e3ccc8fe 	bic	ip, ip, #16646144	@ 0xfe0000
    6a64:	e158000c 	cmp	r8, ip
    6a68:	8a000415 	bhi	0x7ac4
    6a6c:	e7e178f0 			@ <UNDEFINED> instruction: 0xe7e178f0
    6a70:	e351002d 	cmp	r1, #45	@ 0x2d
    6a74:	1a000001 	bne	0x6a80
    6a78:	eeb13b43 	vneg.f64	d3, d3
    6a7c:	eeb10b40 	vneg.f64	d0, d0
    6a80:	e0499000 	sub	r9, r9, r0
    6a84:	e1a00009 	mov	r0, r9
    6a88:	e1a07003 	mov	r7, r3
    6a8c:	e5951030 	ldr	r1, [r5, #48]	@ 0x30
    6a90:	e59fca40 	ldr	ip, [pc, #2624]	@ 0x74d8
    6a94:	e157000c 	cmp	r7, ip
    6a98:	8a000409 	bhi	0x7ac4
    6a9c:	e7d917f4 			@ <UNDEFINED> instruction: 0xe7d917f4
    6aa0:	ee303b03 	vadd.f64	d3, d0, d3
    6aa4:	eeb43b40 	vcmp.f64	d3, d0
    6aa8:	eef1fa10 	vmrs	APSR_nzcv, fpscr
    6aac:	0a000046 	beq	0x6bcc
    6ab0:	e0800002 	add	r0, r0, r2
    6ab4:	e1a01000 	mov	r1, r0
    6ab8:	e1a07003 	mov	r7, r3
    6abc:	e5952030 	ldr	r2, [r5, #48]	@ 0x30
    6ac0:	e59fca10 	ldr	ip, [pc, #2576]	@ 0x74d8
    6ac4:	e157000c 	cmp	r7, ip
    6ac8:	8a0003fd 	bhi	0x7ac4
    6acc:	e7d027f4 			@ <UNDEFINED> instruction: 0xe7d027f4
    6ad0:	e59fca08 	ldr	ip, [pc, #2568]	@ 0x74e0
    6ad4:	e151000c 	cmp	r1, ip
    6ad8:	3a000025 	bcc	0x6b74
    6adc:	e1a01003 	mov	r1, r3
    6ae0:	e5950030 	ldr	r0, [r5, #48]	@ 0x30
    6ae4:	e59fc9ec 	ldr	ip, [pc, #2540]	@ 0x74d8
    6ae8:	e151000c 	cmp	r1, ip
    6aec:	8a0003f4 	bhi	0x7ac4
    6af0:	e3a02000 	mov	r2, #0
    6af4:	e7d201f4 			@ <UNDEFINED> instruction: 0xe7d201f4
    6af8:	e2430004 	sub	r0, r3, #4
    6afc:	e1a03000 	mov	r3, r0
    6b00:	e594c050 	ldr	ip, [r4, #80]	@ 0x50
    6b04:	e150000c 	cmp	r0, ip
    6b08:	2a000008 	bcs	0x6b30
    6b0c:	e594c050 	ldr	ip, [r4, #80]	@ 0x50
    6b10:	e24c0004 	sub	r0, ip, #4
    6b14:	e5840050 	str	r0, [r4, #80]	@ 0x50
    6b18:	e5951030 	ldr	r1, [r5, #48]	@ 0x30
    6b1c:	e59fc9b4 	ldr	ip, [pc, #2484]	@ 0x74d8
    6b20:	e150000c 	cmp	r0, ip
    6b24:	8a0003e6 	bhi	0x7ac4
    6b28:	e3a02000 	mov	r2, #0
    6b2c:	e7d210f4 			@ <UNDEFINED> instruction: 0xe7d210f4
    6b30:	e1a02003 	mov	r2, r3
    6b34:	e5951030 	ldr	r1, [r5, #48]	@ 0x30
    6b38:	e59fc998 	ldr	ip, [pc, #2456]	@ 0x74d8
    6b3c:	e152000c 	cmp	r2, ip
    6b40:	8a0003df 	bhi	0x7ac4
    6b44:	e7e012f4 			@ <UNDEFINED> instruction: 0xe7e012f4
    6b48:	e2800001 	add	r0, r0, #1
    6b4c:	e1a01000 	mov	r1, r0
    6b50:	e1a07003 	mov	r7, r3
    6b54:	e5952030 	ldr	r2, [r5, #48]	@ 0x30
    6b58:	e59fc978 	ldr	ip, [pc, #2424]	@ 0x74d8
    6b5c:	e157000c 	cmp	r7, ip
    6b60:	8a0003d7 	bhi	0x7ac4
    6b64:	e7d027f4 			@ <UNDEFINED> instruction: 0xe7d027f4
    6b68:	e59fc97c 	ldr	ip, [pc, #2428]	@ 0x74ec
    6b6c:	e151000c 	cmp	r1, ip
    6b70:	8affffd9 	bhi	0x6adc
    6b74:	e594e050 	ldr	lr, [r4, #80]	@ 0x50
    6b78:	e594c048 	ldr	ip, [r4, #72]	@ 0x48
    6b7c:	e04c000e 	sub	r0, ip, lr
    6b80:	e1a00140 	asr	r0, r0, #2
    6b84:	e3a0c009 	mov	ip, #9
    6b88:	e0060c90 	mul	r6, r0, ip
    6b8c:	e3a0000a 	mov	r0, #10
    6b90:	e5947050 	ldr	r7, [r4, #80]	@ 0x50
    6b94:	e5952030 	ldr	r2, [r5, #48]	@ 0x30
    6b98:	e59fc938 	ldr	ip, [pc, #2360]	@ 0x74d8
    6b9c:	e157000c 	cmp	r7, ip
    6ba0:	8a0003c7 	bhi	0x7ac4
    6ba4:	e7e127f4 			@ <UNDEFINED> instruction: 0xe7e127f4
    6ba8:	e1a02001 	mov	r2, r1
    6bac:	e351000a 	cmp	r1, #10
    6bb0:	3a000005 	bcc	0x6bcc
    6bb4:	e2866001 	add	r6, r6, #1
    6bb8:	e3a0c00a 	mov	ip, #10
    6bbc:	e0010c90 	mul	r1, r0, ip
    6bc0:	e1a00001 	mov	r0, r1
    6bc4:	e1520001 	cmp	r2, r1
    6bc8:	2afffff9 	bcs	0x6bb4
    6bcc:	e2833004 	add	r3, r3, #4
    6bd0:	e1a00003 	mov	r0, r3
    6bd4:	e594c02c 	ldr	ip, [r4, #44]	@ 0x2c
    6bd8:	e15c0000 	cmp	ip, r0
    6bdc:	e594e02c 	ldr	lr, [r4, #44]	@ 0x2c
    6be0:	81a0e003 	movhi	lr, r3
    6be4:	e584e02c 	str	lr, [r4, #44]	@ 0x2c
    6be8:	e594702c 	ldr	r7, [r4, #44]	@ 0x2c
    6bec:	e594e050 	ldr	lr, [r4, #80]	@ 0x50
    6bf0:	e594c02c 	ldr	ip, [r4, #44]	@ 0x2c
    6bf4:	e15c000e 	cmp	ip, lr
    6bf8:	e3a00000 	mov	r0, #0
    6bfc:	93a00001 	movls	r0, #1
    6c00:	e1a01000 	mov	r1, r0
    6c04:	e3500000 	cmp	r0, #0
    6c08:	1a000009 	bne	0x6c34
    6c0c:	e2470004 	sub	r0, r7, #4
    6c10:	e584002c 	str	r0, [r4, #44]	@ 0x2c
    6c14:	e1a03000 	mov	r3, r0
    6c18:	e5952030 	ldr	r2, [r5, #48]	@ 0x30
    6c1c:	e59fc8b4 	ldr	ip, [pc, #2228]	@ 0x74d8
    6c20:	e153000c 	cmp	r3, ip
    6c24:	8a0003a6 	bhi	0x7ac4
    6c28:	e7e023f4 			@ <UNDEFINED> instruction: 0xe7e023f4
    6c2c:	e3500000 	cmp	r0, #0
    6c30:	0affffec 	beq	0x6be8
    6c34:	e594c03c 	ldr	ip, [r4, #60]	@ 0x3c
    6c38:	e35c0067 	cmp	ip, #103	@ 0x67
    6c3c:	0a000003 	beq	0x6c50
    6c40:	e594c014 	ldr	ip, [r4, #20]
    6c44:	e20ce008 	and	lr, ip, #8
    6c48:	e584e05c 	str	lr, [r4, #92]	@ 0x5c
    6c4c:	ea00006f 	b	0x6e10
    6c50:	e1e00006 	mvn	r0, r6
    6c54:	e594c040 	ldr	ip, [r4, #64]	@ 0x40
    6c58:	e35c0000 	cmp	ip, #0
    6c5c:	e3a02001 	mov	r2, #1
    6c60:	e594c040 	ldr	ip, [r4, #64]	@ 0x40
    6c64:	11a0200c 	movne	r2, ip
    6c68:	e1a03002 	mov	r3, r2
    6c6c:	e1520006 	cmp	r2, r6
    6c70:	e3a02000 	mov	r2, #0
    6c74:	c3a02001 	movgt	r2, #1
    6c78:	e3760005 	cmn	r6, #5
    6c7c:	e3a09000 	mov	r9, #0
    6c80:	c3a09001 	movgt	r9, #1
    6c84:	e0022009 	and	r2, r2, r9
    6c88:	e1a09002 	mov	r9, r2
    6c8c:	e3520000 	cmp	r2, #0
    6c90:	03e00000 	mvneq	r0, #0
    6c94:	e080e003 	add	lr, r0, r3
    6c98:	e584e040 	str	lr, [r4, #64]	@ 0x40
    6c9c:	e3590000 	cmp	r9, #0
    6ca0:	e3e00000 	mvn	r0, #0
    6ca4:	03e00001 	mvneq	r0, #1
    6ca8:	e594c018 	ldr	ip, [r4, #24]
    6cac:	e080e00c 	add	lr, r0, ip
    6cb0:	e584e018 	str	lr, [r4, #24]
    6cb4:	e594c014 	ldr	ip, [r4, #20]
    6cb8:	e20c0008 	and	r0, ip, #8
    6cbc:	e584005c 	str	r0, [r4, #92]	@ 0x5c
    6cc0:	e3500000 	cmp	r0, #0
    6cc4:	1a000051 	bne	0x6e10
    6cc8:	e3e02008 	mvn	r2, #8
    6ccc:	e3510000 	cmp	r1, #0
    6cd0:	1a000029 	bne	0x6d7c
    6cd4:	e2470004 	sub	r0, r7, #4
    6cd8:	e1a03000 	mov	r3, r0
    6cdc:	e5951030 	ldr	r1, [r5, #48]	@ 0x30
    6ce0:	e59fc7f0 	ldr	ip, [pc, #2032]	@ 0x74d8
    6ce4:	e153000c 	cmp	r3, ip
    6ce8:	8a000375 	bhi	0x7ac4
    6cec:	e7e013f4 			@ <UNDEFINED> instruction: 0xe7e013f4
    6cf0:	e1a03000 	mov	r3, r0
    6cf4:	e3500000 	cmp	r0, #0
    6cf8:	0a00001f 	beq	0x6d7c
    6cfc:	e3a0900a 	mov	r9, #10
    6d00:	e3a02000 	mov	r2, #0
    6d04:	e1a00003 	mov	r0, r3
    6d08:	e3a0100a 	mov	r1, #10
    6d0c:	e52d3008 	str	r3, [sp, #-8]!
    6d10:	e58d2004 	str	r2, [sp, #4]
    6d14:	e59fc7d4 	ldr	ip, [pc, #2004]	@ 0x74f0
    6d18:	e12fff3c 	blx	ip
    6d1c:	e59d2004 	ldr	r2, [sp, #4]
    6d20:	e49d3008 	ldr	r3, [sp], #8
    6d24:	e1a00001 	mov	r0, r1
    6d28:	e3500000 	cmp	r0, #0
    6d2c:	1a000012 	bne	0x6d7c
    6d30:	e1a0a002 	mov	sl, r2
    6d34:	e2822001 	add	r2, r2, #1
    6d38:	e3a0c00a 	mov	ip, #10
    6d3c:	e0000c99 	mul	r0, r9, ip
    6d40:	e1a09000 	mov	r9, r0
    6d44:	e1a01000 	mov	r1, r0
    6d48:	e1a00003 	mov	r0, r3
    6d4c:	e3510000 	cmp	r1, #0
    6d50:	0a000359 	beq	0x7abc
    6d54:	e52d3008 	str	r3, [sp, #-8]!
    6d58:	e58d2004 	str	r2, [sp, #4]
    6d5c:	e59fc790 	ldr	ip, [pc, #1936]	@ 0x74f4
    6d60:	e12fff3c 	blx	ip
    6d64:	e59d2004 	ldr	r2, [sp, #4]
    6d68:	e49d3008 	ldr	r3, [sp], #8
    6d6c:	e1a00001 	mov	r0, r1
    6d70:	e3500000 	cmp	r0, #0
    6d74:	0affffed 	beq	0x6d30
    6d78:	e1e0200a 	mvn	r2, sl
    6d7c:	e594c048 	ldr	ip, [r4, #72]	@ 0x48
    6d80:	e047000c 	sub	r0, r7, ip
    6d84:	e1a00140 	asr	r0, r0, #2
    6d88:	e3a0c009 	mov	ip, #9
    6d8c:	e0000c90 	mul	r0, r0, ip
    6d90:	e594c018 	ldr	ip, [r4, #24]
    6d94:	e3cc1020 	bic	r1, ip, #32
    6d98:	e3510046 	cmp	r1, #70	@ 0x46
    6d9c:	1a00000d 	bne	0x6dd8
    6da0:	e3a0e000 	mov	lr, #0
    6da4:	e584e05c 	str	lr, [r4, #92]	@ 0x5c
    6da8:	e0801002 	add	r1, r0, r2
    6dac:	e2411009 	sub	r1, r1, #9
    6db0:	e1a03001 	mov	r3, r1
    6db4:	e3530000 	cmp	r3, #0
    6db8:	d3a01000 	movle	r1, #0
    6dbc:	e1a03001 	mov	r3, r1
    6dc0:	e594c040 	ldr	ip, [r4, #64]	@ 0x40
    6dc4:	e15c0003 	cmp	ip, r3
    6dc8:	e594e040 	ldr	lr, [r4, #64]	@ 0x40
    6dcc:	a1a0e001 	movge	lr, r1
    6dd0:	e584e040 	str	lr, [r4, #64]	@ 0x40
    6dd4:	ea00000d 	b	0x6e10
    6dd8:	e3a0e000 	mov	lr, #0
    6ddc:	e584e05c 	str	lr, [r4, #92]	@ 0x5c
    6de0:	e0860000 	add	r0, r6, r0
    6de4:	e0800002 	add	r0, r0, r2
    6de8:	e2400009 	sub	r0, r0, #9
    6dec:	e1a01000 	mov	r1, r0
    6df0:	e3510000 	cmp	r1, #0
    6df4:	d3a00000 	movle	r0, #0
    6df8:	e1a01000 	mov	r1, r0
    6dfc:	e594c040 	ldr	ip, [r4, #64]	@ 0x40
    6e00:	e15c0001 	cmp	ip, r1
    6e04:	e594e040 	ldr	lr, [r4, #64]	@ 0x40
    6e08:	a1a0e000 	movge	lr, r0
    6e0c:	e584e040 	str	lr, [r4, #64]	@ 0x40
    6e10:	e3e0e000 	mvn	lr, #0
    6e14:	e584e034 	str	lr, [r4, #52]	@ 0x34
    6e18:	e594e05c 	ldr	lr, [r4, #92]	@ 0x5c
    6e1c:	e594c040 	ldr	ip, [r4, #64]	@ 0x40
    6e20:	e18c000e 	orr	r0, ip, lr
    6e24:	e1a09000 	mov	r9, r0
    6e28:	e3500000 	cmp	r0, #0
    6e2c:	e3e013a0 	mvn	r1, #160, 6	@ 0x80000002
    6e30:	03e01360 	mvneq	r1, #96, 6	@ 0x80000001
    6e34:	e594c040 	ldr	ip, [r4, #64]	@ 0x40
    6e38:	e15c0001 	cmp	ip, r1
    6e3c:	ca000313 	bgt	0x7a90
    6e40:	e3590000 	cmp	r9, #0
    6e44:	e3a00000 	mov	r0, #0
    6e48:	13a00001 	movne	r0, #1
    6e4c:	e594c040 	ldr	ip, [r4, #64]	@ 0x40
    6e50:	e08c0000 	add	r0, ip, r0
    6e54:	e280a001 	add	sl, r0, #1
    6e58:	e594c018 	ldr	ip, [r4, #24]
    6e5c:	e3cc0020 	bic	r0, ip, #32
    6e60:	e1a0b000 	mov	fp, r0
    6e64:	e3500046 	cmp	r0, #70	@ 0x46
    6e68:	1a000007 	bne	0x6e8c
    6e6c:	e3e0c480 	mvn	ip, #128, 8	@ 0x80000000
    6e70:	e02a000c 	eor	r0, sl, ip
    6e74:	e1560000 	cmp	r6, r0
    6e78:	ca000304 	bgt	0x7a90
    6e7c:	e3560000 	cmp	r6, #0
    6e80:	e3a00000 	mov	r0, #0
    6e84:	c1a00006 	movgt	r0, r6
    6e88:	ea00003d 	b	0x6f84
    6e8c:	e1a01fc6 	asr	r1, r6, #31
    6e90:	e1a02001 	mov	r2, r1
    6e94:	e0261001 	eor	r1, r6, r1
    6e98:	e0411002 	sub	r1, r1, r2
    6e9c:	e3a02000 	mov	r2, #0
    6ea0:	e58410a4 	str	r1, [r4, #164]	@ 0xa4
    6ea4:	e58420a8 	str	r2, [r4, #168]	@ 0xa8
    6ea8:	e59f0648 	ldr	r0, [pc, #1608]	@ 0x74f8
    6eac:	e1a01004 	mov	r1, r4
    6eb0:	e59d2000 	ldr	r2, [sp]
    6eb4:	e59fc640 	ldr	ip, [pc, #1600]	@ 0x74fc
    6eb8:	e12fff3c 	blx	ip
    6ebc:	e3500000 	cmp	r0, #0
    6ec0:	1a000302 	bne	0x7ad0
    6ec4:	e59410a4 	ldr	r1, [r4, #164]	@ 0xa4
    6ec8:	e1a02001 	mov	r2, r1
    6ecc:	e594c038 	ldr	ip, [r4, #56]	@ 0x38
    6ed0:	e04c1001 	sub	r1, ip, r1
    6ed4:	e3510001 	cmp	r1, #1
    6ed8:	ca00000c 	bgt	0x6f10
    6edc:	e2421001 	sub	r1, r2, #1
    6ee0:	e1a02001 	mov	r2, r1
    6ee4:	e5953030 	ldr	r3, [r5, #48]	@ 0x30
    6ee8:	e3e0c4fe 	mvn	ip, #-33554432	@ 0xfe000000
    6eec:	e3ccc8fe 	bic	ip, ip, #16646144	@ 0xfe0000
    6ef0:	e151000c 	cmp	r1, ip
    6ef4:	8a0002f2 	bhi	0x7ac4
    6ef8:	e3a08030 	mov	r8, #48	@ 0x30
    6efc:	e7d831f0 			@ <UNDEFINED> instruction: 0xe7d831f0
    6f00:	e594c038 	ldr	ip, [r4, #56]	@ 0x38
    6f04:	e04c1002 	sub	r1, ip, r2
    6f08:	e3510002 	cmp	r1, #2
    6f0c:	bafffff2 	blt	0x6edc
    6f10:	e2421002 	sub	r1, r2, #2
    6f14:	e5841054 	str	r1, [r4, #84]	@ 0x54
    6f18:	e5953030 	ldr	r3, [r5, #48]	@ 0x30
    6f1c:	e5948018 	ldr	r8, [r4, #24]
    6f20:	e3e0c4fe 	mvn	ip, #-33554432	@ 0xfe000000
    6f24:	e3ccc8fe 	bic	ip, ip, #16646144	@ 0xfe0000
    6f28:	e151000c 	cmp	r1, ip
    6f2c:	8a0002e4 	bhi	0x7ac4
    6f30:	e7d831f0 			@ <UNDEFINED> instruction: 0xe7d831f0
    6f34:	e3e0e000 	mvn	lr, #0
    6f38:	e584e034 	str	lr, [r4, #52]	@ 0x34
    6f3c:	e2422001 	sub	r2, r2, #1
    6f40:	e3560000 	cmp	r6, #0
    6f44:	e3a0102d 	mov	r1, #45	@ 0x2d
    6f48:	a3a0102b 	movge	r1, #43	@ 0x2b
    6f4c:	e5953030 	ldr	r3, [r5, #48]	@ 0x30
    6f50:	e3e0c4fe 	mvn	ip, #-33554432	@ 0xfe000000
    6f54:	e3ccc8fe 	bic	ip, ip, #16646144	@ 0xfe0000
    6f58:	e152000c 	cmp	r2, ip
    6f5c:	8a0002d8 	bhi	0x7ac4
    6f60:	e7d132f0 			@ <UNDEFINED> instruction: 0xe7d132f0
    6f64:	e594e054 	ldr	lr, [r4, #84]	@ 0x54
    6f68:	e594c038 	ldr	ip, [r4, #56]	@ 0x38
    6f6c:	e04c100e 	sub	r1, ip, lr
    6f70:	e1a00001 	mov	r0, r1
    6f74:	e3e0c480 	mvn	ip, #128, 8	@ 0x80000000
    6f78:	e02a200c 	eor	r2, sl, ip
    6f7c:	e1510002 	cmp	r1, r2
    6f80:	ca0002c2 	bgt	0x7a90
    6f84:	e3e0e000 	mvn	lr, #0
    6f88:	e584e034 	str	lr, [r4, #52]	@ 0x34
    6f8c:	e080000a 	add	r0, r0, sl
    6f90:	e1a01000 	mov	r1, r0
    6f94:	e594c024 	ldr	ip, [r4, #36]	@ 0x24
    6f98:	e3e0e480 	mvn	lr, #128, 8	@ 0x80000000
    6f9c:	e02c200e 	eor	r2, ip, lr
    6fa0:	e1500002 	cmp	r0, r2
    6fa4:	ca0002b9 	bgt	0x7a90
    6fa8:	e594c024 	ldr	ip, [r4, #36]	@ 0x24
    6fac:	e081100c 	add	r1, r1, ip
    6fb0:	e1a06001 	mov	r6, r1
    6fb4:	e3a0e020 	mov	lr, #32
    6fb8:	e584e0a4 	str	lr, [r4, #164]	@ 0xa4
    6fbc:	e58410ac 	str	r1, [r4, #172]	@ 0xac
    6fc0:	e59f0538 	ldr	r0, [pc, #1336]	@ 0x7500
    6fc4:	e1a01004 	mov	r1, r4
    6fc8:	e59d2000 	ldr	r2, [sp]
    6fcc:	e59fc530 	ldr	ip, [pc, #1328]	@ 0x7504
    6fd0:	e12fff3c 	blx	ip
    6fd4:	e3500000 	cmp	r0, #0
    6fd8:	1a0002bc 	bne	0x7ad0
    6fdc:	e59f0524 	ldr	r0, [pc, #1316]	@ 0x7508
    6fe0:	e1a01004 	mov	r1, r4
    6fe4:	e59d2000 	ldr	r2, [sp]
    6fe8:	e59fc51c 	ldr	ip, [pc, #1308]	@ 0x750c
    6fec:	e12fff3c 	blx	ip
    6ff0:	e3500000 	cmp	r0, #0
    6ff4:	1a0002b5 	bne	0x7ad0
    6ff8:	e594c014 	ldr	ip, [r4, #20]
    6ffc:	e22c0b40 	eor	r0, ip, #64, 22	@ 0x10000
    7000:	e3a0e030 	mov	lr, #48	@ 0x30
    7004:	e584e0a4 	str	lr, [r4, #164]	@ 0xa4
    7008:	e5846018 	str	r6, [r4, #24]
    700c:	e58400b0 	str	r0, [r4, #176]	@ 0xb0
    7010:	e59f04f8 	ldr	r0, [pc, #1272]	@ 0x7510
    7014:	e1a01004 	mov	r1, r4
    7018:	e59d2000 	ldr	r2, [sp]
    701c:	e59fc4f0 	ldr	ip, [pc, #1264]	@ 0x7514
    7020:	e12fff3c 	blx	ip
    7024:	e3500000 	cmp	r0, #0
    7028:	1a0002a8 	bne	0x7ad0
    702c:	e35b0046 	cmp	fp, #70	@ 0x46
    7030:	1a00009d 	bne	0x72ac
    7034:	e594c01c 	ldr	ip, [r4, #28]
    7038:	e28c0010 	add	r0, ip, #16
    703c:	e3808009 	orr	r8, r0, #9
    7040:	e594e048 	ldr	lr, [r4, #72]	@ 0x48
    7044:	e594c050 	ldr	ip, [r4, #80]	@ 0x50
    7048:	e15c000e 	cmp	ip, lr
    704c:	e5940048 	ldr	r0, [r4, #72]	@ 0x48
    7050:	e594c050 	ldr	ip, [r4, #80]	@ 0x50
    7054:	91a0000c 	movls	r0, ip
    7058:	e1a0a000 	mov	sl, r0
    705c:	e1a0b000 	mov	fp, r0
    7060:	e1a0300b 	mov	r3, fp
    7064:	e5952030 	ldr	r2, [r5, #48]	@ 0x30
    7068:	e59fc468 	ldr	ip, [pc, #1128]	@ 0x74d8
    706c:	e153000c 	cmp	r3, ip
    7070:	8a000293 	bhi	0x7ac4
    7074:	e7920003 	ldr	r0, [r2, r3]
    7078:	e3a01000 	mov	r1, #0
    707c:	e58400a0 	str	r0, [r4, #160]	@ 0xa0
    7080:	e58410a4 	str	r1, [r4, #164]	@ 0xa4
    7084:	e584804c 	str	r8, [r4, #76]	@ 0x4c
    7088:	e59f0488 	ldr	r0, [pc, #1160]	@ 0x7518
    708c:	e1a01004 	mov	r1, r4
    7090:	e59d2000 	ldr	r2, [sp]
    7094:	e59fc480 	ldr	ip, [pc, #1152]	@ 0x751c
    7098:	e12fff3c 	blx	ip
    709c:	e3500000 	cmp	r0, #0
    70a0:	1a00028a 	bne	0x7ad0
    70a4:	e59400a0 	ldr	r0, [r4, #160]	@ 0xa0
    70a8:	e15b000a 	cmp	fp, sl
    70ac:	0a000011 	beq	0x70f8
    70b0:	e594c01c 	ldr	ip, [r4, #28]
    70b4:	e28c1010 	add	r1, ip, #16
    70b8:	e1500001 	cmp	r0, r1
    70bc:	9a000018 	bls	0x7124
    70c0:	e2401001 	sub	r1, r0, #1
    70c4:	e1a00001 	mov	r0, r1
    70c8:	e5952030 	ldr	r2, [r5, #48]	@ 0x30
    70cc:	e3e0c4fe 	mvn	ip, #-33554432	@ 0xfe000000
    70d0:	e3ccc8fe 	bic	ip, ip, #16646144	@ 0xfe0000
    70d4:	e151000c 	cmp	r1, ip
    70d8:	8a000279 	bhi	0x7ac4
    70dc:	e3a03030 	mov	r3, #48	@ 0x30
    70e0:	e7d321f0 			@ <UNDEFINED> instruction: 0xe7d321f0
    70e4:	e594c01c 	ldr	ip, [r4, #28]
    70e8:	e28c1010 	add	r1, ip, #16
    70ec:	e1500001 	cmp	r0, r1
    70f0:	8afffff2 	bhi	0x70c0
    70f4:	ea00000a 	b	0x7124
    70f8:	e1500008 	cmp	r0, r8
    70fc:	1a000008 	bne	0x7124
    7100:	e2401001 	sub	r1, r0, #1
    7104:	e1a00001 	mov	r0, r1
    7108:	e5952030 	ldr	r2, [r5, #48]	@ 0x30
    710c:	e3e0c4fe 	mvn	ip, #-33554432	@ 0xfe000000
    7110:	e3ccc8fe 	bic	ip, ip, #16646144	@ 0xfe0000
    7114:	e151000c 	cmp	r1, ip
    7118:	8a000269 	bhi	0x7ac4
    711c:	e3a03030 	mov	r3, #48	@ 0x30
    7120:	e7d321f0 			@ <UNDEFINED> instruction: 0xe7d321f0
    7124:	e0481000 	sub	r1, r8, r0
    7128:	e584002c 	str	r0, [r4, #44]	@ 0x2c
    712c:	e58410a8 	str	r1, [r4, #168]	@ 0xa8
    7130:	e59f03e8 	ldr	r0, [pc, #1000]	@ 0x7520
    7134:	e1a01004 	mov	r1, r4
    7138:	e59d2000 	ldr	r2, [sp]
    713c:	e59fc3e0 	ldr	ip, [pc, #992]	@ 0x7524
    7140:	e12fff3c 	blx	ip
    7144:	e3500000 	cmp	r0, #0
    7148:	1a000260 	bne	0x7ad0
    714c:	e28b0004 	add	r0, fp, #4
    7150:	e1a0b000 	mov	fp, r0
    7154:	e594c048 	ldr	ip, [r4, #72]	@ 0x48
    7158:	e150000c 	cmp	r0, ip
    715c:	9affffbf 	bls	0x7060
    7160:	e3590000 	cmp	r9, #0
    7164:	0a00000b 	beq	0x7198
    7168:	e3a0eb40 	mov	lr, #64, 22	@ 0x10000
    716c:	e38ee045 	orr	lr, lr, #69	@ 0x45
    7170:	e584e0a4 	str	lr, [r4, #164]	@ 0xa4
    7174:	e3a0e001 	mov	lr, #1
    7178:	e584e088 	str	lr, [r4, #136]	@ 0x88
    717c:	e59f03a4 	ldr	r0, [pc, #932]	@ 0x7528
    7180:	e1a01004 	mov	r1, r4
    7184:	e59d2000 	ldr	r2, [sp]
    7188:	e59fc39c 	ldr	ip, [pc, #924]	@ 0x752c
    718c:	e12fff3c 	blx	ip
    7190:	e3500000 	cmp	r0, #0
    7194:	1a00024d 	bne	0x7ad0
    7198:	e15b0007 	cmp	fp, r7
    719c:	2a0000f8 	bcs	0x7584
    71a0:	e594c040 	ldr	ip, [r4, #64]	@ 0x40
    71a4:	e35c0001 	cmp	ip, #1
    71a8:	ba0000f5 	blt	0x7584
    71ac:	e1a0300b 	mov	r3, fp
    71b0:	e5952030 	ldr	r2, [r5, #48]	@ 0x30
    71b4:	e59fc31c 	ldr	ip, [pc, #796]	@ 0x74d8
    71b8:	e153000c 	cmp	r3, ip
    71bc:	8a000240 	bhi	0x7ac4
    71c0:	e7920003 	ldr	r0, [r2, r3]
    71c4:	e3a01000 	mov	r1, #0
    71c8:	e58400a0 	str	r0, [r4, #160]	@ 0xa0
    71cc:	e58410a4 	str	r1, [r4, #164]	@ 0xa4
    71d0:	e584804c 	str	r8, [r4, #76]	@ 0x4c
    71d4:	e59f0354 	ldr	r0, [pc, #852]	@ 0x7530
    71d8:	e1a01004 	mov	r1, r4
    71dc:	e59d2000 	ldr	r2, [sp]
    71e0:	e59fc34c 	ldr	ip, [pc, #844]	@ 0x7534
    71e4:	e12fff3c 	blx	ip
    71e8:	e3500000 	cmp	r0, #0
    71ec:	1a000237 	bne	0x7ad0
    71f0:	e59400a0 	ldr	r0, [r4, #160]	@ 0xa0
    71f4:	e1a01000 	mov	r1, r0
    71f8:	e594c01c 	ldr	ip, [r4, #28]
    71fc:	e28c2010 	add	r2, ip, #16
    7200:	e1500002 	cmp	r0, r2
    7204:	9a00000c 	bls	0x723c
    7208:	e2410001 	sub	r0, r1, #1
    720c:	e1a01000 	mov	r1, r0
    7210:	e5952030 	ldr	r2, [r5, #48]	@ 0x30
    7214:	e3e0c4fe 	mvn	ip, #-33554432	@ 0xfe000000
    7218:	e3ccc8fe 	bic	ip, ip, #16646144	@ 0xfe0000
    721c:	e150000c 	cmp	r0, ip
    7220:	8a000227 	bhi	0x7ac4
    7224:	e3a03030 	mov	r3, #48	@ 0x30
    7228:	e7d320f0 			@ <UNDEFINED> instruction: 0xe7d320f0
    722c:	e594c01c 	ldr	ip, [r4, #28]
    7230:	e28c0010 	add	r0, ip, #16
    7234:	e1510000 	cmp	r1, r0
    7238:	8afffff2 	bhi	0x7208
    723c:	e594c040 	ldr	ip, [r4, #64]	@ 0x40
    7240:	e35c0009 	cmp	ip, #9
    7244:	e3a00009 	mov	r0, #9
    7248:	e594c040 	ldr	ip, [r4, #64]	@ 0x40
    724c:	b1a0000c 	movlt	r0, ip
    7250:	e584102c 	str	r1, [r4, #44]	@ 0x2c
    7254:	e58400a8 	str	r0, [r4, #168]	@ 0xa8
    7258:	e59f02d8 	ldr	r0, [pc, #728]	@ 0x7538
    725c:	e1a01004 	mov	r1, r4
    7260:	e59d2000 	ldr	r2, [sp]
    7264:	e59fc2d0 	ldr	ip, [pc, #720]	@ 0x753c
    7268:	e12fff3c 	blx	ip
    726c:	e3500000 	cmp	r0, #0
    7270:	1a000216 	bne	0x7ad0
    7274:	e594c040 	ldr	ip, [r4, #64]	@ 0x40
    7278:	e24c0009 	sub	r0, ip, #9
    727c:	e28b1004 	add	r1, fp, #4
    7280:	e1a0b001 	mov	fp, r1
    7284:	e1510007 	cmp	r1, r7
    7288:	2a0000be 	bcs	0x7588
    728c:	e594c040 	ldr	ip, [r4, #64]	@ 0x40
    7290:	e35c0009 	cmp	ip, #9
    7294:	e3a01000 	mov	r1, #0
    7298:	c3a01001 	movgt	r1, #1
    729c:	e5840040 	str	r0, [r4, #64]	@ 0x40
    72a0:	e3510000 	cmp	r1, #0
    72a4:	1affffc0 	bne	0x71ac
    72a8:	ea0000b6 	b	0x7588
    72ac:	e594c040 	ldr	ip, [r4, #64]	@ 0x40
    72b0:	e35c0000 	cmp	ip, #0
    72b4:	ba000070 	blt	0x747c
    72b8:	e594c050 	ldr	ip, [r4, #80]	@ 0x50
    72bc:	e28c1004 	add	r1, ip, #4
    72c0:	e594c050 	ldr	ip, [r4, #80]	@ 0x50
    72c4:	e157000c 	cmp	r7, ip
    72c8:	91a07001 	movls	r7, r1
    72cc:	e594c01c 	ldr	ip, [r4, #28]
    72d0:	e28c1010 	add	r1, ip, #16
    72d4:	e3818009 	orr	r8, r1, #9
    72d8:	e5949050 	ldr	r9, [r4, #80]	@ 0x50
    72dc:	e1a0a009 	mov	sl, r9
    72e0:	e5953030 	ldr	r3, [r5, #48]	@ 0x30
    72e4:	e59fc1ec 	ldr	ip, [pc, #492]	@ 0x74d8
    72e8:	e15a000c 	cmp	sl, ip
    72ec:	8a0001f4 	bhi	0x7ac4
    72f0:	e793100a 	ldr	r1, [r3, sl]
    72f4:	e3a02000 	mov	r2, #0
    72f8:	e58410a0 	str	r1, [r4, #160]	@ 0xa0
    72fc:	e58420a4 	str	r2, [r4, #164]	@ 0xa4
    7300:	e584804c 	str	r8, [r4, #76]	@ 0x4c
    7304:	e59f0234 	ldr	r0, [pc, #564]	@ 0x7540
    7308:	e1a01004 	mov	r1, r4
    730c:	e59d2000 	ldr	r2, [sp]
    7310:	e59fc22c 	ldr	ip, [pc, #556]	@ 0x7544
    7314:	e12fff3c 	blx	ip
    7318:	e3500000 	cmp	r0, #0
    731c:	1a0001eb 	bne	0x7ad0
    7320:	e59410a0 	ldr	r1, [r4, #160]	@ 0xa0
    7324:	e1a0a001 	mov	sl, r1
    7328:	e1510008 	cmp	r1, r8
    732c:	1a000008 	bne	0x7354
    7330:	e24a1001 	sub	r1, sl, #1
    7334:	e1a0a001 	mov	sl, r1
    7338:	e5952030 	ldr	r2, [r5, #48]	@ 0x30
    733c:	e3e0c4fe 	mvn	ip, #-33554432	@ 0xfe000000
    7340:	e3ccc8fe 	bic	ip, ip, #16646144	@ 0xfe0000
    7344:	e151000c 	cmp	r1, ip
    7348:	8a0001dd 	bhi	0x7ac4
    734c:	e3a03030 	mov	r3, #48	@ 0x30
    7350:	e7d321f0 			@ <UNDEFINED> instruction: 0xe7d321f0
    7354:	e594c050 	ldr	ip, [r4, #80]	@ 0x50
    7358:	e159000c 	cmp	r9, ip
    735c:	0a000011 	beq	0x73a8
    7360:	e594c01c 	ldr	ip, [r4, #28]
    7364:	e28c1010 	add	r1, ip, #16
    7368:	e15a0001 	cmp	sl, r1
    736c:	9a000029 	bls	0x7418
    7370:	e24a1001 	sub	r1, sl, #1
    7374:	e1a0a001 	mov	sl, r1
    7378:	e5952030 	ldr	r2, [r5, #48]	@ 0x30
    737c:	e3e0c4fe 	mvn	ip, #-33554432	@ 0xfe000000
    7380:	e3ccc8fe 	bic	ip, ip, #16646144	@ 0xfe0000
    7384:	e151000c 	cmp	r1, ip
    7388:	8a0001cd 	bhi	0x7ac4
    738c:	e3a03030 	mov	r3, #48	@ 0x30
    7390:	e7d321f0 			@ <UNDEFINED> instruction: 0xe7d321f0
    7394:	e594c01c 	ldr	ip, [r4, #28]
    7398:	e28c1010 	add	r1, ip, #16
    739c:	e15a0001 	cmp	sl, r1
    73a0:	8afffff2 	bhi	0x7370
    73a4:	ea00001b 	b	0x7418
    73a8:	e584a02c 	str	sl, [r4, #44]	@ 0x2c
    73ac:	e3a0e001 	mov	lr, #1
    73b0:	e584e088 	str	lr, [r4, #136]	@ 0x88
    73b4:	e59f018c 	ldr	r0, [pc, #396]	@ 0x7548
    73b8:	e1a01004 	mov	r1, r4
    73bc:	e59d2000 	ldr	r2, [sp]
    73c0:	e59fc184 	ldr	ip, [pc, #388]	@ 0x754c
    73c4:	e12fff3c 	blx	ip
    73c8:	e3500000 	cmp	r0, #0
    73cc:	1a0001bf 	bne	0x7ad0
    73d0:	e28aa001 	add	sl, sl, #1
    73d4:	e594e05c 	ldr	lr, [r4, #92]	@ 0x5c
    73d8:	e594c040 	ldr	ip, [r4, #64]	@ 0x40
    73dc:	e18c100e 	orr	r1, ip, lr
    73e0:	e3510000 	cmp	r1, #0
    73e4:	0a00000b 	beq	0x7418
    73e8:	e3a0eb40 	mov	lr, #64, 22	@ 0x10000
    73ec:	e38ee045 	orr	lr, lr, #69	@ 0x45
    73f0:	e584e0a4 	str	lr, [r4, #164]	@ 0xa4
    73f4:	e3a0e001 	mov	lr, #1
    73f8:	e584e088 	str	lr, [r4, #136]	@ 0x88
    73fc:	e59f014c 	ldr	r0, [pc, #332]	@ 0x7550
    7400:	e1a01004 	mov	r1, r4
    7404:	e59d2000 	ldr	r2, [sp]
    7408:	e59fc144 	ldr	ip, [pc, #324]	@ 0x7554
    740c:	e12fff3c 	blx	ip
    7410:	e3500000 	cmp	r0, #0
    7414:	1a0001ad 	bne	0x7ad0
    7418:	e048100a 	sub	r1, r8, sl
    741c:	e1a0b001 	mov	fp, r1
    7420:	e594c040 	ldr	ip, [r4, #64]	@ 0x40
    7424:	e15c000b 	cmp	ip, fp
    7428:	e594c040 	ldr	ip, [r4, #64]	@ 0x40
    742c:	d1a0100c 	movle	r1, ip
    7430:	e584a02c 	str	sl, [r4, #44]	@ 0x2c
    7434:	e58410a8 	str	r1, [r4, #168]	@ 0xa8
    7438:	e59f0118 	ldr	r0, [pc, #280]	@ 0x7558
    743c:	e1a01004 	mov	r1, r4
    7440:	e59d2000 	ldr	r2, [sp]
    7444:	e59fc110 	ldr	ip, [pc, #272]	@ 0x755c
    7448:	e12fff3c 	blx	ip
    744c:	e3500000 	cmp	r0, #0
    7450:	1a00019e 	bne	0x7ad0
    7454:	e594c040 	ldr	ip, [r4, #64]	@ 0x40
    7458:	e04ce00b 	sub	lr, ip, fp
    745c:	e584e040 	str	lr, [r4, #64]	@ 0x40
    7460:	e2891004 	add	r1, r9, #4
    7464:	e1a09001 	mov	r9, r1
    7468:	e1510007 	cmp	r1, r7
    746c:	2a000002 	bcs	0x747c
    7470:	e594c040 	ldr	ip, [r4, #64]	@ 0x40
    7474:	e37c0001 	cmn	ip, #1
    7478:	caffff97 	bgt	0x72dc
    747c:	e594c040 	ldr	ip, [r4, #64]	@ 0x40
    7480:	e28c1012 	add	r1, ip, #18
    7484:	e3a0e030 	mov	lr, #48	@ 0x30
    7488:	e584e0a4 	str	lr, [r4, #164]	@ 0xa4
    748c:	e58410a8 	str	r1, [r4, #168]	@ 0xa8
    7490:	e3a0e012 	mov	lr, #18
    7494:	e584e0ac 	str	lr, [r4, #172]	@ 0xac
    7498:	e3a0e000 	mov	lr, #0
    749c:	e584e084 	str	lr, [r4, #132]	@ 0x84
    74a0:	e59f00b8 	ldr	r0, [pc, #184]	@ 0x7560
    74a4:	e1a01004 	mov	r1, r4
    74a8:	e59d2000 	ldr	r2, [sp]
    74ac:	e59fc0b0 	ldr	ip, [pc, #176]	@ 0x7564
    74b0:	e12fff3c 	blx	ip
    74b4:	e3500000 	cmp	r0, #0
    74b8:	1a000184 	bne	0x7ad0
    74bc:	e594e054 	ldr	lr, [r4, #84]	@ 0x54
    74c0:	e594c038 	ldr	ip, [r4, #56]	@ 0x38
    74c4:	e04c100e 	sub	r1, ip, lr
    74c8:	e58410a8 	str	r1, [r4, #168]	@ 0xa8
    74cc:	e59f0094 	ldr	r0, [pc, #148]	@ 0x7568
    74d0:	e1a01004 	mov	r1, r4
    74d4:	ea000024 	b	0x756c
    74d8:	0101fffc 	strdeq	pc, [r1, -ip]
    74dc:	001f54c0 	andseq	r5, pc, r0, asr #9
    74e0:	3b9aca00 	blcc	0xfe6b9ce8
    74e4:	001f5700 	andseq	r5, pc, r0, lsl #14
    74e8:	001f54c0 	andseq	r5, pc, r0, asr #9
    74ec:	3b9ac9ff 	blcc	0xfe6b9cf0
    74f0:	001f54c0 	andseq	r5, pc, r0, asr #9
    74f4:	001f54c0 	andseq	r5, pc, r0, asr #9
    74f8:	0040ad88 	subeq	sl, r0, r8, lsl #27
    74fc:	0004890c 	andeq	r8, r4, ip, lsl #18
    7500:	0040af74 	subeq	sl, r0, r4, ror pc
    7504:	0004890c 	andeq	r8, r4, ip, lsl #18
    7508:	0040af8c 	subeq	sl, r0, ip, lsl #31
    750c:	0004890c 	andeq	r8, r4, ip, lsl #18
    7510:	0040afc4 	subeq	sl, r0, r4, asr #31
    7514:	0004890c 	andeq	r8, r4, ip, lsl #18
    7518:	0040b068 	subeq	fp, r0, r8, rrx
    751c:	0004890c 	andeq	r8, r4, ip, lsl #18
    7520:	0040b198 	umaaleq	fp, r0, r8, r1
    7524:	0004890c 	andeq	r8, r4, ip, lsl #18
    7528:	0040b1fc 	strdeq	fp, [r0], #-28	@ 0xffffffe4
    752c:	0004890c 	andeq	r8, r4, ip, lsl #18
    7530:	0040b24c 	subeq	fp, r0, ip, asr #4
    7534:	0004890c 	andeq	r8, r4, ip, lsl #18
    7538:	0040b334 	subeq	fp, r0, r4, lsr r3
    753c:	0004890c 	andeq	r8, r4, ip, lsl #18
    7540:	0040b45c 	subeq	fp, r0, ip, asr r4
    7544:	0004890c 	andeq	r8, r4, ip, lsl #18
    7548:	0040b580 	subeq	fp, r0, r0, lsl #11
    754c:	0004890c 	andeq	r8, r4, ip, lsl #18
    7550:	0040b5c4 	subeq	fp, r0, r4, asr #11
    7554:	0004890c 	andeq	r8, r4, ip, lsl #18
    7558:	0040b608 	subeq	fp, r0, r8, lsl #12
    755c:	0004890c 	andeq	r8, r4, ip, lsl #18
    7560:	0040b6b4 	strheq	fp, [r0], #-100	@ 0xffffff9c
    7564:	0004890c 	andeq	r8, r4, ip, lsl #18
    7568:	0040b6d8 	ldrdeq	fp, [r0], #-104	@ 0xffffff98
    756c:	e59d2000 	ldr	r2, [sp]
    7570:	e59fcfe0 	ldr	ip, [pc, #4064]	@ 0x8558
    7574:	e12fff3c 	blx	ip
    7578:	e3500000 	cmp	r0, #0
    757c:	1a000153 	bne	0x7ad0
    7580:	ea00000f 	b	0x75c4
    7584:	e5940040 	ldr	r0, [r4, #64]	@ 0x40
    7588:	e2800009 	add	r0, r0, #9
    758c:	e3a0e030 	mov	lr, #48	@ 0x30
    7590:	e584e0a4 	str	lr, [r4, #164]	@ 0xa4
    7594:	e58400a8 	str	r0, [r4, #168]	@ 0xa8
    7598:	e3a0e009 	mov	lr, #9
    759c:	e584e0ac 	str	lr, [r4, #172]	@ 0xac
    75a0:	e3a0e000 	mov	lr, #0
    75a4:	e584e084 	str	lr, [r4, #132]	@ 0x84
    75a8:	e59f0fac 	ldr	r0, [pc, #4012]	@ 0x855c
    75ac:	e1a01004 	mov	r1, r4
    75b0:	e59d2000 	ldr	r2, [sp]
    75b4:	e59fcfa4 	ldr	ip, [pc, #4004]	@ 0x8560
    75b8:	e12fff3c 	blx	ip
    75bc:	e3500000 	cmp	r0, #0
    75c0:	1a000142 	bne	0x7ad0
    75c4:	e594c014 	ldr	ip, [r4, #20]
    75c8:	e22c0d80 	eor	r0, ip, #128, 26	@ 0x2000
    75cc:	e3a0e020 	mov	lr, #32
    75d0:	e584e0a4 	str	lr, [r4, #164]	@ 0xa4
    75d4:	e5846018 	str	r6, [r4, #24]
    75d8:	e58400b0 	str	r0, [r4, #176]	@ 0xb0
    75dc:	e59f0f80 	ldr	r0, [pc, #3968]	@ 0x8564
    75e0:	e1a01004 	mov	r1, r4
    75e4:	e59d2000 	ldr	r2, [sp]
    75e8:	e59fcf78 	ldr	ip, [pc, #3960]	@ 0x8568
    75ec:	e12fff3c 	blx	ip
    75f0:	e3500000 	cmp	r0, #0
    75f4:	1a000135 	bne	0x7ad0
    75f8:	e594c00c 	ldr	ip, [r4, #12]
    75fc:	e15c0006 	cmp	ip, r6
    7600:	e594e00c 	ldr	lr, [r4, #12]
    7604:	d1a0e006 	movle	lr, r6
    7608:	e584e034 	str	lr, [r4, #52]	@ 0x34
    760c:	ea00011f 	b	0x7a90
    7610:	e594c018 	ldr	ip, [r4, #24]
    7614:	e1a00d0c 	lsl	r0, ip, #26
    7618:	e1a00fc0 	asr	r0, r0, #31
    761c:	e2000009 	and	r0, r0, #9
    7620:	e594c028 	ldr	ip, [r4, #40]	@ 0x28
    7624:	e08ce000 	add	lr, ip, r0
    7628:	e584e054 	str	lr, [r4, #84]	@ 0x54
    762c:	e594c010 	ldr	ip, [r4, #16]
    7630:	e35c000b 	cmp	ip, #11
    7634:	8a00001e 	bhi	0x76b4
    7638:	e594c010 	ldr	ip, [r4, #16]
    763c:	e26c000c 	rsb	r0, ip, #12
    7640:	e3a0c000 	mov	ip, #0
    7644:	e3a0e9c0 	mov	lr, #192, 18	@ 0x300000
    7648:	e38ee440 	orr	lr, lr, #64, 8	@ 0x40000000
    764c:	ec4eca10 	vmov	s0, s1, ip, lr
    7650:	e3a0c000 	mov	ip, #0
    7654:	e3a0e9c0 	mov	lr, #192, 18	@ 0x300000
    7658:	e38ee440 	orr	lr, lr, #64, 8	@ 0x40000000
    765c:	ec4eca11 	vmov	s2, s3, ip, lr
    7660:	ee200b01 	vmul.f64	d0, d0, d1
    7664:	e2401001 	sub	r1, r0, #1
    7668:	e1a00001 	mov	r0, r1
    766c:	e3510000 	cmp	r1, #0
    7670:	1afffff6 	bne	0x7650
    7674:	e5942054 	ldr	r2, [r4, #84]	@ 0x54
    7678:	e5951030 	ldr	r1, [r5, #48]	@ 0x30
    767c:	e3e0c4fe 	mvn	ip, #-33554432	@ 0xfe000000
    7680:	e3ccc8fe 	bic	ip, ip, #16646144	@ 0xfe0000
    7684:	e152000c 	cmp	r2, ip
    7688:	8a00010d 	bhi	0x7ac4
    768c:	e7e012f0 			@ <UNDEFINED> instruction: 0xe7e012f0
    7690:	e350002d 	cmp	r0, #45	@ 0x2d
    7694:	1a000004 	bne	0x76ac
    7698:	eeb11b48 	vneg.f64	d1, d8
    769c:	ee311b40 	vsub.f64	d1, d1, d0
    76a0:	ee301b01 	vadd.f64	d1, d0, d1
    76a4:	eeb18b41 	vneg.f64	d8, d1
    76a8:	ea000001 	b	0x76b4
    76ac:	ee381b00 	vadd.f64	d1, d8, d0
    76b0:	ee318b40 	vsub.f64	d8, d1, d0
    76b4:	e594201c 	ldr	r2, [r4, #28]
    76b8:	e5951030 	ldr	r1, [r5, #48]	@ 0x30
    76bc:	e59feea8 	ldr	lr, [pc, #3752]	@ 0x856c
    76c0:	e7f2e2fc 	udf	#11820	@ 0x2e2c
    76c4:	2a0000fe 	bcs	0x7ac4
    76c8:	e7e012f4 			@ <UNDEFINED> instruction: 0xe7e012f4
    76cc:	e1a07000 	mov	r7, r0
    76d0:	e1a01fc7 	asr	r1, r7, #31
    76d4:	e1a02001 	mov	r2, r1
    76d8:	e0200001 	eor	r0, r0, r1
    76dc:	e0400002 	sub	r0, r0, r2
    76e0:	e3a01000 	mov	r1, #0
    76e4:	e58400a0 	str	r0, [r4, #160]	@ 0xa0
    76e8:	e58410a4 	str	r1, [r4, #164]	@ 0xa4
    76ec:	e59f0e7c 	ldr	r0, [pc, #3708]	@ 0x8570
    76f0:	e1a01004 	mov	r1, r4
    76f4:	e59d2000 	ldr	r2, [sp]
    76f8:	e59fce74 	ldr	ip, [pc, #3700]	@ 0x8574
    76fc:	e12fff3c 	blx	ip
    7700:	e3500000 	cmp	r0, #0
    7704:	1a0000f1 	bne	0x7ad0
    7708:	e59400a0 	ldr	r0, [r4, #160]	@ 0xa0
    770c:	e1a01000 	mov	r1, r0
    7710:	e594c038 	ldr	ip, [r4, #56]	@ 0x38
    7714:	e150000c 	cmp	r0, ip
    7718:	1a00000e 	bne	0x7758
    771c:	e2410001 	sub	r0, r1, #1
    7720:	e1a01000 	mov	r1, r0
    7724:	e5952030 	ldr	r2, [r5, #48]	@ 0x30
    7728:	e3e0c4fe 	mvn	ip, #-33554432	@ 0xfe000000
    772c:	e3ccc8fe 	bic	ip, ip, #16646144	@ 0xfe0000
    7730:	e150000c 	cmp	r0, ip
    7734:	8a0000e2 	bhi	0x7ac4
    7738:	e3a03030 	mov	r3, #48	@ 0x30
    773c:	e7d320f0 			@ <UNDEFINED> instruction: 0xe7d320f0
    7740:	e594201c 	ldr	r2, [r4, #28]
    7744:	e5950030 	ldr	r0, [r5, #48]	@ 0x30
    7748:	e59fee1c 	ldr	lr, [pc, #3612]	@ 0x856c
    774c:	e7f2e2fc 	udf	#11820	@ 0x2e2c
    7750:	2a0000db 	bcs	0x7ac4
    7754:	e7e702f4 			@ <UNDEFINED> instruction: 0xe7e702f4
    7758:	e594c024 	ldr	ip, [r4, #36]	@ 0x24
    775c:	e38c8002 	orr	r8, ip, #2
    7760:	e594c018 	ldr	ip, [r4, #24]
    7764:	e20c0020 	and	r0, ip, #32
    7768:	e2412002 	sub	r2, r1, #2
    776c:	e5842060 	str	r2, [r4, #96]	@ 0x60
    7770:	e594c018 	ldr	ip, [r4, #24]
    7774:	e28c300f 	add	r3, ip, #15
    7778:	e595a030 	ldr	sl, [r5, #48]	@ 0x30
    777c:	e3e0c4fe 	mvn	ip, #-33554432	@ 0xfe000000
    7780:	e3ccc8fe 	bic	ip, ip, #16646144	@ 0xfe0000
    7784:	e152000c 	cmp	r2, ip
    7788:	8a0000cd 	bhi	0x7ac4
    778c:	e7d3a2f0 			@ <UNDEFINED> instruction: 0xe7d3a2f0
    7790:	e2411001 	sub	r1, r1, #1
    7794:	e3570000 	cmp	r7, #0
    7798:	e3a0202d 	mov	r2, #45	@ 0x2d
    779c:	a3a0202b 	movge	r2, #43	@ 0x2b
    77a0:	e5953030 	ldr	r3, [r5, #48]	@ 0x30
    77a4:	e3e0c4fe 	mvn	ip, #-33554432	@ 0xfe000000
    77a8:	e3ccc8fe 	bic	ip, ip, #16646144	@ 0xfe0000
    77ac:	e151000c 	cmp	r1, ip
    77b0:	8a0000c3 	bhi	0x7ac4
    77b4:	e7d231f0 			@ <UNDEFINED> instruction: 0xe7d231f0
    77b8:	e594c010 	ldr	ip, [r4, #16]
    77bc:	e35c0001 	cmp	ip, #1
    77c0:	e3a01000 	mov	r1, #0
    77c4:	b3a01001 	movlt	r1, #1
    77c8:	e594c014 	ldr	ip, [r4, #20]
    77cc:	e20c2008 	and	r2, ip, #8
    77d0:	e3520000 	cmp	r2, #0
    77d4:	e3a02000 	mov	r2, #0
    77d8:	03a02001 	moveq	r2, #1
    77dc:	e0011002 	and	r1, r1, r2
    77e0:	e594c01c 	ldr	ip, [r4, #28]
    77e4:	e28c2010 	add	r2, ip, #16
    77e8:	e1a03002 	mov	r3, r2
    77ec:	e1a07003 	mov	r7, r3
    77f0:	eebd7bc8 	vcvt.s32.f64	s14, d8
    77f4:	ee17aa10 	vmov	sl, s14
    77f8:	e1a0b00a 	mov	fp, sl
    77fc:	e28aab40 	add	sl, sl, #64, 22	@ 0x10000
    7800:	e28aaf94 	add	sl, sl, #148, 30	@ 0x250
    7804:	e1a0600a 	mov	r6, sl
    7808:	e5959030 	ldr	r9, [r5, #48]	@ 0x30
    780c:	e3e0c4fe 	mvn	ip, #-33554432	@ 0xfe000000
    7810:	e3ccc8fe 	bic	ip, ip, #16646144	@ 0xfe0000
    7814:	e156000c 	cmp	r6, ip
    7818:	8a0000a9 	bhi	0x7ac4
    781c:	e7ea96f0 			@ <UNDEFINED> instruction: 0xe7ea96f0
    7820:	e18aa000 	orr	sl, sl, r0
    7824:	e5956030 	ldr	r6, [r5, #48]	@ 0x30
    7828:	e3e0c4fe 	mvn	ip, #-33554432	@ 0xfe000000
    782c:	e3ccc8fe 	bic	ip, ip, #16646144	@ 0xfe0000
    7830:	e153000c 	cmp	r3, ip
    7834:	8a0000a2 	bhi	0x7ac4
    7838:	e7da63f0 			@ <UNDEFINED> instruction: 0xe7da63f0
    783c:	ee07ba10 	vmov	s14, fp
    7840:	eeb80bc7 	vcvt.f64.s32	d0, s14
    7844:	ee380b40 	vsub.f64	d0, d8, d0
    7848:	e3a0c000 	mov	ip, #0
    784c:	e3a0e9c0 	mov	lr, #192, 18	@ 0x300000
    7850:	e38ee440 	orr	lr, lr, #64, 8	@ 0x40000000
    7854:	ec4eca11 	vmov	s2, s3, ip, lr
    7858:	ee208b01 	vmul.f64	d8, d0, d1
    785c:	e2873001 	add	r3, r7, #1
    7860:	e1a02003 	mov	r2, r3
    7864:	e594c01c 	ldr	ip, [r4, #28]
    7868:	e28c6010 	add	r6, ip, #16
    786c:	e0433006 	sub	r3, r3, r6
    7870:	e3530001 	cmp	r3, #1
    7874:	1a000010 	bne	0x78bc
    7878:	e3a0c000 	mov	ip, #0
    787c:	ec4cca10 	vmov	s0, s1, ip, ip
    7880:	eeb48b40 	vcmp.f64	d8, d0
    7884:	eef1fa10 	vmrs	APSR_nzcv, fpscr
    7888:	e3a03000 	mov	r3, #0
    788c:	03a03001 	moveq	r3, #1
    7890:	e1130001 	tst	r3, r1
    7894:	1a000008 	bne	0x78bc
    7898:	e1a06007 	mov	r6, r7
    789c:	e5953030 	ldr	r3, [r5, #48]	@ 0x30
    78a0:	e3e0e4fe 	mvn	lr, #-33554432	@ 0xfe000000
    78a4:	e3cee8fe 	bic	lr, lr, #16646144	@ 0xfe0000
    78a8:	e7f6e0f1 	udf	#28161	@ 0x6e01
    78ac:	2a000084 	bcs	0x7ac4
    78b0:	e3a0902e 	mov	r9, #46	@ 0x2e
    78b4:	e7d936f0 			@ <UNDEFINED> instruction: 0xe7d936f0
    78b8:	e2872002 	add	r2, r7, #2
    78bc:	e3a0c000 	mov	ip, #0
    78c0:	ec4cca10 	vmov	s0, s1, ip, ip
    78c4:	eeb48b40 	vcmp.f64	d8, d0
    78c8:	eef1fa10 	vmrs	APSR_nzcv, fpscr
    78cc:	1affffc5 	bne	0x77e8
    78d0:	e3e0e000 	mvn	lr, #0
    78d4:	e584e034 	str	lr, [r4, #52]	@ 0x34
    78d8:	e594e060 	ldr	lr, [r4, #96]	@ 0x60
    78dc:	e594c038 	ldr	ip, [r4, #56]	@ 0x38
    78e0:	e04c000e 	sub	r0, ip, lr
    78e4:	e1a06000 	mov	r6, r0
    78e8:	e0880000 	add	r0, r8, r0
    78ec:	e1a01000 	mov	r1, r0
    78f0:	e3e0c3a0 	mvn	ip, #160, 6	@ 0x80000002
    78f4:	e04c0000 	sub	r0, ip, r0
    78f8:	e594c010 	ldr	ip, [r4, #16]
    78fc:	e15c0000 	cmp	ip, r0
    7900:	ca000062 	bgt	0x7a90
    7904:	e594c010 	ldr	ip, [r4, #16]
    7908:	e28c0002 	add	r0, ip, #2
    790c:	e594c01c 	ldr	ip, [r4, #28]
    7910:	e28c3010 	add	r3, ip, #16
    7914:	e0422003 	sub	r2, r2, r3
    7918:	e1a07002 	mov	r7, r2
    791c:	e2473002 	sub	r3, r7, #2
    7920:	e594c010 	ldr	ip, [r4, #16]
    7924:	e153000c 	cmp	r3, ip
    7928:	a1a00002 	movge	r0, r2
    792c:	e594c010 	ldr	ip, [r4, #16]
    7930:	e35c0000 	cmp	ip, #0
    7934:	01a00007 	moveq	r0, r7
    7938:	e1a09000 	mov	r9, r0
    793c:	e0811000 	add	r1, r1, r0
    7940:	e1a0a001 	mov	sl, r1
    7944:	e3a0e020 	mov	lr, #32
    7948:	e584e0a4 	str	lr, [r4, #164]	@ 0xa4
    794c:	e58410ac 	str	r1, [r4, #172]	@ 0xac
    7950:	e59f0c20 	ldr	r0, [pc, #3104]	@ 0x8578
    7954:	e1a01004 	mov	r1, r4
    7958:	e59d2000 	ldr	r2, [sp]
    795c:	e59fcc18 	ldr	ip, [pc, #3096]	@ 0x857c
    7960:	e12fff3c 	blx	ip
    7964:	e3500000 	cmp	r0, #0
    7968:	1a000058 	bne	0x7ad0
    796c:	e584805c 	str	r8, [r4, #92]	@ 0x5c
    7970:	e59f0c08 	ldr	r0, [pc, #3080]	@ 0x8580
    7974:	e1a01004 	mov	r1, r4
    7978:	e59d2000 	ldr	r2, [sp]
    797c:	e59fcc00 	ldr	ip, [pc, #3072]	@ 0x8584
    7980:	e12fff3c 	blx	ip
    7984:	e3500000 	cmp	r0, #0
    7988:	1a000050 	bne	0x7ad0
    798c:	e594c014 	ldr	ip, [r4, #20]
    7990:	e22c0b40 	eor	r0, ip, #64, 22	@ 0x10000
    7994:	e3a0e030 	mov	lr, #48	@ 0x30
    7998:	e584e0a4 	str	lr, [r4, #164]	@ 0xa4
    799c:	e584a030 	str	sl, [r4, #48]	@ 0x30
    79a0:	e58400b0 	str	r0, [r4, #176]	@ 0xb0
    79a4:	e59f0bdc 	ldr	r0, [pc, #3036]	@ 0x8588
    79a8:	e1a01004 	mov	r1, r4
    79ac:	e59d2000 	ldr	r2, [sp]
    79b0:	e59fcbd4 	ldr	ip, [pc, #3028]	@ 0x858c
    79b4:	e12fff3c 	blx	ip
    79b8:	e3500000 	cmp	r0, #0
    79bc:	1a000043 	bne	0x7ad0
    79c0:	e594c01c 	ldr	ip, [r4, #28]
    79c4:	e28c0010 	add	r0, ip, #16
    79c8:	e58400a4 	str	r0, [r4, #164]	@ 0xa4
    79cc:	e584702c 	str	r7, [r4, #44]	@ 0x2c
    79d0:	e59f0bb8 	ldr	r0, [pc, #3000]	@ 0x8590
    79d4:	e1a01004 	mov	r1, r4
    79d8:	e59d2000 	ldr	r2, [sp]
    79dc:	e59fcbb0 	ldr	ip, [pc, #2992]	@ 0x8594
    79e0:	e12fff3c 	blx	ip
    79e4:	e3500000 	cmp	r0, #0
    79e8:	1a000038 	bne	0x7ad0
    79ec:	e0499007 	sub	r9, r9, r7
    79f0:	e3a0e030 	mov	lr, #48	@ 0x30
    79f4:	e584e0a4 	str	lr, [r4, #164]	@ 0xa4
    79f8:	e58490a8 	str	r9, [r4, #168]	@ 0xa8
    79fc:	e3a0e000 	mov	lr, #0
    7a00:	e584e084 	str	lr, [r4, #132]	@ 0x84
    7a04:	e3a0e000 	mov	lr, #0
    7a08:	e584e084 	str	lr, [r4, #132]	@ 0x84
    7a0c:	e59f0b84 	ldr	r0, [pc, #2948]	@ 0x8598
    7a10:	e1a01004 	mov	r1, r4
    7a14:	e59d2000 	ldr	r2, [sp]
    7a18:	e59fcb7c 	ldr	ip, [pc, #2940]	@ 0x859c
    7a1c:	e12fff3c 	blx	ip
    7a20:	e3500000 	cmp	r0, #0
    7a24:	1a000029 	bne	0x7ad0
    7a28:	e5846050 	str	r6, [r4, #80]	@ 0x50
    7a2c:	e59f0b6c 	ldr	r0, [pc, #2924]	@ 0x85a0
    7a30:	e1a01004 	mov	r1, r4
    7a34:	e59d2000 	ldr	r2, [sp]
    7a38:	e59fcb64 	ldr	ip, [pc, #2916]	@ 0x85a4
    7a3c:	e12fff3c 	blx	ip
    7a40:	e3500000 	cmp	r0, #0
    7a44:	1a000021 	bne	0x7ad0
    7a48:	e594c014 	ldr	ip, [r4, #20]
    7a4c:	e22c0d80 	eor	r0, ip, #128, 26	@ 0x2000
    7a50:	e3a0e020 	mov	lr, #32
    7a54:	e584e0a4 	str	lr, [r4, #164]	@ 0xa4
    7a58:	e584a030 	str	sl, [r4, #48]	@ 0x30
    7a5c:	e58400b0 	str	r0, [r4, #176]	@ 0xb0
    7a60:	e59f0b40 	ldr	r0, [pc, #2880]	@ 0x85a8
    7a64:	e1a01004 	mov	r1, r4
    7a68:	e59d2000 	ldr	r2, [sp]
    7a6c:	e59fcb38 	ldr	ip, [pc, #2872]	@ 0x85ac
    7a70:	e12fff3c 	blx	ip
    7a74:	e3500000 	cmp	r0, #0
    7a78:	1a000014 	bne	0x7ad0
    7a7c:	e594c00c 	ldr	ip, [r4, #12]
    7a80:	e15c000a 	cmp	ip, sl
    7a84:	e594e00c 	ldr	lr, [r4, #12]
    7a88:	d1a0e00a 	movle	lr, sl
    7a8c:	e584e034 	str	lr, [r4, #52]	@ 0x34
    7a90:	e594c01c 	ldr	ip, [r4, #28]
    7a94:	e28c0f8c 	add	r0, ip, #140, 30	@ 0x230
    7a98:	e595103c 	ldr	r1, [r5, #60]	@ 0x3c
    7a9c:	e5810008 	str	r0, [r1, #8]
    7aa0:	e59f0b08 	ldr	r0, [pc, #2824]	@ 0x85b0
    7aa4:	e30ccabc 	movw	ip, #51900	@ 0xcabc
    7aa8:	e34ccdef 	movt	ip, #52719	@ 0xcdef
    7aac:	e28dd018 	add	sp, sp, #24
    7ab0:	ecbd8b02 	vpop	{d8}
    7ab4:	e28dd004 	add	sp, sp, #4
    7ab8:	e8bd8fc0 	pop	{r6, r7, r8, r9, sl, fp, pc}
    7abc:	e3a00003 	mov	r0, #3
    7ac0:	ea000000 	b	0x7ac8
    7ac4:	e3a00008 	mov	r0, #8
    7ac8:	e59d1000 	ldr	r1, [sp]
    7acc:	e5810010 	str	r0, [r1, #16]
    7ad0:	e59d0000 	ldr	r0, [sp]
    7ad4:	e59d103c 	ldr	r1, [sp, #60]	@ 0x3c
    7ad8:	e59fcad4 	ldr	ip, [pc, #2772]	@ 0x85b4
    7adc:	e12fff3c 	blx	ip
    7ae0:	e28dd018 	add	sp, sp, #24
    7ae4:	ecbd8b02 	vpop	{d8}
    7ae8:	e28dd004 	add	sp, sp, #4
    7aec:	e8bd0fc0 	pop	{r6, r7, r8, r9, sl, fp}
    7af0:	e28dd004 	add	sp, sp, #4
    7af4:	e12fff10 	bx	r0
    7af8:	e92d41c0 	push	{r6, r7, r8, lr}
    7afc:	e24dd008 	sub	sp, sp, #8
    7b00:	e58d0000 	str	r0, [sp]
    7b04:	e30cc123 	movw	ip, #49443	@ 0xc123
    7b08:	e34cc456 	movt	ip, #50262	@ 0xc456
    7b0c:	e5946000 	ldr	r6, [r4]
    7b10:	e5940004 	ldr	r0, [r4, #4]
    7b14:	e1a03000 	mov	r3, r0
    7b18:	e5952030 	ldr	r2, [r5, #48]	@ 0x30
    7b1c:	e59fca48 	ldr	ip, [pc, #2632]	@ 0x856c
    7b20:	e153000c 	cmp	r3, ip
    7b24:	8a000032 	bhi	0x7bf4
    7b28:	e7e123f4 			@ <UNDEFINED> instruction: 0xe7e123f4
    7b2c:	e2811007 	add	r1, r1, #7
    7b30:	e3c11007 	bic	r1, r1, #7
    7b34:	e1a02001 	mov	r2, r1
    7b38:	e2811010 	add	r1, r1, #16
    7b3c:	e5953030 	ldr	r3, [r5, #48]	@ 0x30
    7b40:	e59fca24 	ldr	ip, [pc, #2596]	@ 0x856c
    7b44:	e150000c 	cmp	r0, ip
    7b48:	8a000029 	bhi	0x7bf4
    7b4c:	e7d130f4 			@ <UNDEFINED> instruction: 0xe7d130f4
    7b50:	e1a07002 	mov	r7, r2
    7b54:	e5953030 	ldr	r3, [r5, #48]	@ 0x30
    7b58:	e59fca58 	ldr	ip, [pc, #2648]	@ 0x85b8
    7b5c:	e157000c 	cmp	r7, ip
    7b60:	8a000023 	bhi	0x7bf4
    7b64:	e083c007 	add	ip, r3, r7
    7b68:	e59c0000 	ldr	r0, [ip]
    7b6c:	e59c1004 	ldr	r1, [ip, #4]
    7b70:	e5958030 	ldr	r8, [r5, #48]	@ 0x30
    7b74:	e59fea3c 	ldr	lr, [pc, #2620]	@ 0x85b8
    7b78:	e7f2e0f8 	udf	#11784	@ 0x2e08
    7b7c:	2a00001c 	bcs	0x7bf4
    7b80:	e088c002 	add	ip, r8, r2
    7b84:	e59c3000 	ldr	r3, [ip]
    7b88:	e59c7004 	ldr	r7, [ip, #4]
    7b8c:	e584001c 	str	r0, [r4, #28]
    7b90:	e5841020 	str	r1, [r4, #32]
    7b94:	e5843024 	str	r3, [r4, #36]	@ 0x24
    7b98:	e5847028 	str	r7, [r4, #40]	@ 0x28
    7b9c:	e59f0a18 	ldr	r0, [pc, #2584]	@ 0x85bc
    7ba0:	e1a01004 	mov	r1, r4
    7ba4:	e59d2000 	ldr	r2, [sp]
    7ba8:	e59fca10 	ldr	ip, [pc, #2576]	@ 0x85c0
    7bac:	e12fff3c 	blx	ip
    7bb0:	e3500000 	cmp	r0, #0
    7bb4:	1a000011 	bne	0x7c00
    7bb8:	ed940b07 	vldr	d0, [r4, #28]
    7bbc:	e5950030 	ldr	r0, [r5, #48]	@ 0x30
    7bc0:	e59fc9f0 	ldr	ip, [pc, #2544]	@ 0x85b8
    7bc4:	e156000c 	cmp	r6, ip
    7bc8:	8a000009 	bhi	0x7bf4
    7bcc:	ee10ea10 	vmov	lr, s0
    7bd0:	e080c006 	add	ip, r0, r6
    7bd4:	e58ce000 	str	lr, [ip]
    7bd8:	ee10ea90 	vmov	lr, s1
    7bdc:	e58ce004 	str	lr, [ip, #4]
    7be0:	e59f09dc 	ldr	r0, [pc, #2524]	@ 0x85c4
    7be4:	e30ccabc 	movw	ip, #51900	@ 0xcabc
    7be8:	e34ccdef 	movt	ip, #52719	@ 0xcdef
    7bec:	e28dd008 	add	sp, sp, #8
    7bf0:	e8bd81c0 	pop	{r6, r7, r8, pc}
    7bf4:	e3a00008 	mov	r0, #8
    7bf8:	e59d1000 	ldr	r1, [sp]
    7bfc:	e5810010 	str	r0, [r1, #16]
    7c00:	e59d0000 	ldr	r0, [sp]
    7c04:	e59d1014 	ldr	r1, [sp, #20]
    7c08:	e59fc9b8 	ldr	ip, [pc, #2488]	@ 0x85c8
    7c0c:	e12fff3c 	blx	ip
    7c10:	e28dd008 	add	sp, sp, #8
    7c14:	e8bd01c0 	pop	{r6, r7, r8}
    7c18:	e28dd004 	add	sp, sp, #4
    7c1c:	e12fff10 	bx	r0
    7c20:	e52de004 	push	{lr}		@ (str lr, [sp, #-4]!)
    7c24:	e24dd004 	sub	sp, sp, #4
    7c28:	e58d0000 	str	r0, [sp]
    7c2c:	e30cc123 	movw	ip, #49443	@ 0xc123
    7c30:	e34cc456 	movt	ip, #50262	@ 0xc456
    7c34:	ed940b00 	vldr	d0, [r4]
    7c38:	ec510a10 	vmov	r0, r1, s0, s1
    7c3c:	e5840008 	str	r0, [r4, #8]
    7c40:	e584100c 	str	r1, [r4, #12]
    7c44:	e59f0980 	ldr	r0, [pc, #2432]	@ 0x85cc
    7c48:	e30ccabc 	movw	ip, #51900	@ 0xcabc
    7c4c:	e34ccdef 	movt	ip, #52719	@ 0xcdef
    7c50:	e28dd004 	add	sp, sp, #4
    7c54:	e49df004 	pop	{pc}		@ (ldr pc, [sp], #4)
    7c58:	e92d4040 	push	{r6, lr}
    7c5c:	e24dd008 	sub	sp, sp, #8
    7c60:	e58d0000 	str	r0, [sp]
    7c64:	e30cc123 	movw	ip, #49443	@ 0xc123
    7c68:	e34cc456 	movt	ip, #50262	@ 0xc456
    7c6c:	e5946000 	ldr	r6, [r4]
    7c70:	e3560000 	cmp	r6, #0
    7c74:	1a000003 	bne	0x7c88
    7c78:	e3a0e000 	mov	lr, #0
    7c7c:	e584e004 	str	lr, [r4, #4]
    7c80:	e59f0948 	ldr	r0, [pc, #2376]	@ 0x85d0
    7c84:	ea000011 	b	0x7cd0
    7c88:	e59f0944 	ldr	r0, [pc, #2372]	@ 0x85d4
    7c8c:	e1a01004 	mov	r1, r4
    7c90:	e59d2000 	ldr	r2, [sp]
    7c94:	e59fc93c 	ldr	ip, [pc, #2364]	@ 0x85d8
    7c98:	e12fff3c 	blx	ip
    7c9c:	e3500000 	cmp	r0, #0
    7ca0:	1a00000f 	bne	0x7ce4
    7ca4:	e594000c 	ldr	r0, [r4, #12]
    7ca8:	e5951030 	ldr	r1, [r5, #48]	@ 0x30
    7cac:	e59fc8b8 	ldr	ip, [pc, #2232]	@ 0x856c
    7cb0:	e150000c 	cmp	r0, ip
    7cb4:	8a000007 	bhi	0x7cd8
    7cb8:	e7d610f4 			@ <UNDEFINED> instruction: 0xe7d610f4
    7cbc:	e3e0e000 	mvn	lr, #0
    7cc0:	e584e008 	str	lr, [r4, #8]
    7cc4:	e59f0910 	ldr	r0, [pc, #2320]	@ 0x85dc
    7cc8:	e30ccabc 	movw	ip, #51900	@ 0xcabc
    7ccc:	e34ccdef 	movt	ip, #52719	@ 0xcdef
    7cd0:	e28dd008 	add	sp, sp, #8
    7cd4:	e8bd8040 	pop	{r6, pc}
    7cd8:	e3a00008 	mov	r0, #8
    7cdc:	e59d1000 	ldr	r1, [sp]
    7ce0:	e5810010 	str	r0, [r1, #16]
    7ce4:	e59d0000 	ldr	r0, [sp]
    7ce8:	e59d100c 	ldr	r1, [sp, #12]
    7cec:	e59fc8ec 	ldr	ip, [pc, #2284]	@ 0x85e0
    7cf0:	e12fff3c 	blx	ip
    7cf4:	e59d6008 	ldr	r6, [sp, #8]
    7cf8:	e28dd010 	add	sp, sp, #16
    7cfc:	e12fff10 	bx	r0
    7d00:	e52de004 	push	{lr}		@ (str lr, [sp, #-4]!)
    7d04:	e24dd004 	sub	sp, sp, #4
    7d08:	e58d0000 	str	r0, [sp]
    7d0c:	e30cc123 	movw	ip, #49443	@ 0xc123
    7d10:	e34cc456 	movt	ip, #50262	@ 0xc456
    7d14:	e3a0e02a 	mov	lr, #42	@ 0x2a
    7d18:	e584e000 	str	lr, [r4]
    7d1c:	e59f08c0 	ldr	r0, [pc, #2240]	@ 0x85e4
    7d20:	e30ccabc 	movw	ip, #51900	@ 0xcabc
    7d24:	e34ccdef 	movt	ip, #52719	@ 0xcdef
    7d28:	e28dd004 	add	sp, sp, #4
    7d2c:	e49df004 	pop	{pc}		@ (ldr pc, [sp], #4)
    7d30:	e52de004 	push	{lr}		@ (str lr, [sp, #-4]!)
    7d34:	e24dd004 	sub	sp, sp, #4
    7d38:	e58d0000 	str	r0, [sp]
    7d3c:	e30cc123 	movw	ip, #49443	@ 0xc123
    7d40:	e34cc456 	movt	ip, #50262	@ 0xc456
    7d44:	e59f089c 	ldr	r0, [pc, #2204]	@ 0x85e8
    7d48:	e1a01004 	mov	r1, r4
    7d4c:	e59d2000 	ldr	r2, [sp]
    7d50:	e59fc894 	ldr	ip, [pc, #2196]	@ 0x85ec
    7d54:	e12fff3c 	blx	ip
    7d58:	e3500000 	cmp	r0, #0
    7d5c:	1a000007 	bne	0x7d80
    7d60:	e5940000 	ldr	r0, [r4]
    7d64:	e5840000 	str	r0, [r4]
    7d68:	e3a009ff 	mov	r0, #4177920	@ 0x3fc000
    7d6c:	e3800e5a 	orr	r0, r0, #1440	@ 0x5a0
    7d70:	e30ccabc 	movw	ip, #51900	@ 0xcabc
    7d74:	e34ccdef 	movt	ip, #52719	@ 0xcdef
    7d78:	e28dd004 	add	sp, sp, #4
    7d7c:	e49df004 	pop	{pc}		@ (ldr pc, [sp], #4)
    7d80:	e59d0000 	ldr	r0, [sp]
    7d84:	e59d1004 	ldr	r1, [sp, #4]
    7d88:	e59fc860 	ldr	ip, [pc, #2144]	@ 0x85f0
    7d8c:	e12fff3c 	blx	ip
    7d90:	e28dd008 	add	sp, sp, #8
    7d94:	e12fff10 	bx	r0
    7d98:	e52de004 	push	{lr}		@ (str lr, [sp, #-4]!)
    7d9c:	e24dd004 	sub	sp, sp, #4
    7da0:	e58d0000 	str	r0, [sp]
    7da4:	e30cc123 	movw	ip, #49443	@ 0xc123
    7da8:	e34cc456 	movt	ip, #50262	@ 0xc456
    7dac:	e3a0eb46 	mov	lr, #71680	@ 0x11800
    7db0:	e38ee090 	orr	lr, lr, #144	@ 0x90
    7db4:	e584e000 	str	lr, [r4]
    7db8:	e59f0834 	ldr	r0, [pc, #2100]	@ 0x85f4
    7dbc:	e30ccabc 	movw	ip, #51900	@ 0xcabc
    7dc0:	e34ccdef 	movt	ip, #52719	@ 0xcdef
    7dc4:	e28dd004 	add	sp, sp, #4
    7dc8:	e49df004 	pop	{pc}		@ (ldr pc, [sp], #4)
    7dcc:	e52de004 	push	{lr}		@ (str lr, [sp, #-4]!)
    7dd0:	e24dd004 	sub	sp, sp, #4
    7dd4:	e58d0000 	str	r0, [sp]
    7dd8:	e30cc123 	movw	ip, #49443	@ 0xc123
    7ddc:	e34cc456 	movt	ip, #50262	@ 0xc456
    7de0:	e5950030 	ldr	r0, [r5, #48]	@ 0x30
    7de4:	e3a0eb46 	mov	lr, #71680	@ 0x11800
    7de8:	e38ee078 	orr	lr, lr, #120	@ 0x78
    7dec:	e280cb48 	add	ip, r0, #72, 22	@ 0x12000
    7df0:	e50ce710 	str	lr, [ip, #-1808]	@ 0xfffff8f0
    7df4:	e59f07fc 	ldr	r0, [pc, #2044]	@ 0x85f8
    7df8:	e1a01004 	mov	r1, r4
    7dfc:	e59d2000 	ldr	r2, [sp]
    7e00:	e59fc7f4 	ldr	ip, [pc, #2036]	@ 0x85fc
    7e04:	e12fff3c 	blx	ip
    7e08:	e3500000 	cmp	r0, #0
    7e0c:	1a000017 	bne	0x7e70
    7e10:	e5940010 	ldr	r0, [r4, #16]
    7e14:	e3a0cb40 	mov	ip, #64, 22	@ 0x10000
    7e18:	e24c1000 	sub	r1, ip, #0
    7e1c:	e5952030 	ldr	r2, [r5, #48]	@ 0x30
    7e20:	e282cb48 	add	ip, r2, #72, 22	@ 0x12000
    7e24:	e50c1738 	str	r1, [ip, #-1848]	@ 0xfffff8c8
    7e28:	e5951030 	ldr	r1, [r5, #48]	@ 0x30
    7e2c:	e3a0eb40 	mov	lr, #64, 22	@ 0x10000
    7e30:	e281cb48 	add	ip, r1, #72, 22	@ 0x12000
    7e34:	e50ce73c 	str	lr, [ip, #-1852]	@ 0xfffff8c4
    7e38:	e5951030 	ldr	r1, [r5, #48]	@ 0x30
    7e3c:	e281cb48 	add	ip, r1, #72, 22	@ 0x12000
    7e40:	e50c0758 	str	r0, [ip, #-1880]	@ 0xfffff8a8
    7e44:	e5951030 	ldr	r1, [r5, #48]	@ 0x30
    7e48:	e281cb40 	add	ip, r1, #64, 22	@ 0x10000
    7e4c:	e59c0b9c 	ldr	r0, [ip, #2972]	@ 0xb9c
    7e50:	e5951030 	ldr	r1, [r5, #48]	@ 0x30
    7e54:	e281cb48 	add	ip, r1, #72, 22	@ 0x12000
    7e58:	e50c0734 	str	r0, [ip, #-1844]	@ 0xfffff8cc
    7e5c:	e59f079c 	ldr	r0, [pc, #1948]	@ 0x8600
    7e60:	e30ccabc 	movw	ip, #51900	@ 0xcabc
    7e64:	e34ccdef 	movt	ip, #52719	@ 0xcdef
    7e68:	e28dd004 	add	sp, sp, #4
    7e6c:	e49df004 	pop	{pc}		@ (ldr pc, [sp], #4)
    7e70:	e59d0000 	ldr	r0, [sp]
    7e74:	e59d1004 	ldr	r1, [sp, #4]
    7e78:	e59fc784 	ldr	ip, [pc, #1924]	@ 0x8604
    7e7c:	e12fff3c 	blx	ip
    7e80:	e28dd008 	add	sp, sp, #8
    7e84:	e12fff10 	bx	r0
    7e88:	e92d40c0 	push	{r6, r7, lr}
    7e8c:	e24dd004 	sub	sp, sp, #4
    7e90:	e58d0000 	str	r0, [sp]
    7e94:	e30cc123 	movw	ip, #49443	@ 0xc123
    7e98:	e34cc456 	movt	ip, #50262	@ 0xc456
    7e9c:	e5946000 	ldr	r6, [r4]
    7ea0:	e5947004 	ldr	r7, [r4, #4]
    7ea4:	e3a00001 	mov	r0, #1
    7ea8:	e3560000 	cmp	r6, #0
    7eac:	0a0000ab 	beq	0x8160
    7eb0:	e357007f 	cmp	r7, #127	@ 0x7f
    7eb4:	9a0000ac 	bls	0x816c
    7eb8:	e59f0748 	ldr	r0, [pc, #1864]	@ 0x8608
    7ebc:	e1a01004 	mov	r1, r4
    7ec0:	e59d2000 	ldr	r2, [sp]
    7ec4:	e59fc740 	ldr	ip, [pc, #1856]	@ 0x860c
    7ec8:	e12fff3c 	blx	ip
    7ecc:	e3500000 	cmp	r0, #0
    7ed0:	1a0000b5 	bne	0x81ac
    7ed4:	e5941028 	ldr	r1, [r4, #40]	@ 0x28
    7ed8:	e1a03001 	mov	r3, r1
    7edc:	e5952030 	ldr	r2, [r5, #48]	@ 0x30
    7ee0:	e59fe684 	ldr	lr, [pc, #1668]	@ 0x856c
    7ee4:	e7f3e6f0 	udf	#15968	@ 0x3e60
    7ee8:	2a0000ac 	bcs	0x81a0
    7eec:	e7e123f4 			@ <UNDEFINED> instruction: 0xe7e123f4
    7ef0:	e1a03001 	mov	r3, r1
    7ef4:	e5952030 	ldr	r2, [r5, #48]	@ 0x30
    7ef8:	e59fc66c 	ldr	ip, [pc, #1644]	@ 0x856c
    7efc:	e153000c 	cmp	r3, ip
    7f00:	8a0000a6 	bhi	0x81a0
    7f04:	e7e123f4 			@ <UNDEFINED> instruction: 0xe7e123f4
    7f08:	e3510000 	cmp	r1, #0
    7f0c:	1a000013 	bne	0x7f60
    7f10:	e3c7107f 	bic	r1, r7, #127	@ 0x7f
    7f14:	e3a0ccdf 	mov	ip, #57088	@ 0xdf00
    7f18:	e38cc080 	orr	ip, ip, #128	@ 0x80
    7f1c:	e151000c 	cmp	r1, ip
    7f20:	0a000091 	beq	0x816c
    7f24:	e59f06e4 	ldr	r0, [pc, #1764]	@ 0x8610
    7f28:	e1a01004 	mov	r1, r4
    7f2c:	e59d2000 	ldr	r2, [sp]
    7f30:	e59fc6dc 	ldr	ip, [pc, #1756]	@ 0x8614
    7f34:	e12fff3c 	blx	ip
    7f38:	e3500000 	cmp	r0, #0
    7f3c:	1a00009a 	bne	0x81ac
    7f40:	e5941028 	ldr	r1, [r4, #40]	@ 0x28
    7f44:	e5952030 	ldr	r2, [r5, #48]	@ 0x30
    7f48:	e59fc61c 	ldr	ip, [pc, #1564]	@ 0x856c
    7f4c:	e151000c 	cmp	r1, ip
    7f50:	8a000092 	bhi	0x81a0
    7f54:	e3a03019 	mov	r3, #25
    7f58:	e7d321f4 			@ <UNDEFINED> instruction: 0xe7d321f4
    7f5c:	ea00007e 	b	0x815c
    7f60:	e3a0cc07 	mov	ip, #1792	@ 0x700
    7f64:	e38cc0ff 	orr	ip, ip, #255	@ 0xff
    7f68:	e157000c 	cmp	r7, ip
    7f6c:	8a000015 	bhi	0x7fc8
    7f70:	e207103f 	and	r1, r7, #63	@ 0x3f
    7f74:	e3811080 	orr	r1, r1, #128	@ 0x80
    7f78:	e1a03006 	mov	r3, r6
    7f7c:	e5952030 	ldr	r2, [r5, #48]	@ 0x30
    7f80:	e3e0e4fe 	mvn	lr, #-33554432	@ 0xfe000000
    7f84:	e3cee8fe 	bic	lr, lr, #16646144	@ 0xfe0000
    7f88:	e7f3e0f1 	udf	#15873	@ 0x3e01
    7f8c:	2a000083 	bcs	0x81a0
    7f90:	e7d123f0 			@ <UNDEFINED> instruction: 0xe7d123f0
    7f94:	e1a01327 	lsr	r1, r7, #6
    7f98:	e38110c0 	orr	r1, r1, #192	@ 0xc0
    7f9c:	e1a03006 	mov	r3, r6
    7fa0:	e5952030 	ldr	r2, [r5, #48]	@ 0x30
    7fa4:	e3e0c4fe 	mvn	ip, #-33554432	@ 0xfe000000
    7fa8:	e3ccc8fe 	bic	ip, ip, #16646144	@ 0xfe0000
    7fac:	e153000c 	cmp	r3, ip
    7fb0:	8a00007a 	bhi	0x81a0
    7fb4:	e7d123f0 			@ <UNDEFINED> instruction: 0xe7d123f0
    7fb8:	e3a0e002 	mov	lr, #2
    7fbc:	e584e028 	str	lr, [r4, #40]	@ 0x28
    7fc0:	e59f0650 	ldr	r0, [pc, #1616]	@ 0x8618
    7fc4:	ea000073 	b	0x8198
    7fc8:	e3570cd8 	cmp	r7, #216, 24	@ 0xd800
    7fcc:	3a000004 	bcc	0x7fe4
    7fd0:	e3e0cc1f 	mvn	ip, #7936	@ 0x1f00
    7fd4:	e3ccc0ff 	bic	ip, ip, #255	@ 0xff
    7fd8:	e007100c 	and	r1, r7, ip
    7fdc:	e3510ce0 	cmp	r1, #224, 24	@ 0xe000
    7fe0:	1a00001f 	bne	0x8064
    7fe4:	e207103f 	and	r1, r7, #63	@ 0x3f
    7fe8:	e3811080 	orr	r1, r1, #128	@ 0x80
    7fec:	e1a03006 	mov	r3, r6
    7ff0:	e5952030 	ldr	r2, [r5, #48]	@ 0x30
    7ff4:	e3e0e4fe 	mvn	lr, #-33554432	@ 0xfe000000
    7ff8:	e3cee8fe 	bic	lr, lr, #16646144	@ 0xfe0000
    7ffc:	e7f3e0f2 	udf	#15874	@ 0x3e02
    8000:	2a000066 	bcs	0x81a0
    8004:	e7d123f0 			@ <UNDEFINED> instruction: 0xe7d123f0
    8008:	e1a01627 	lsr	r1, r7, #12
    800c:	e38110e0 	orr	r1, r1, #224	@ 0xe0
    8010:	e1a03006 	mov	r3, r6
    8014:	e5952030 	ldr	r2, [r5, #48]	@ 0x30
    8018:	e3e0c4fe 	mvn	ip, #-33554432	@ 0xfe000000
    801c:	e3ccc8fe 	bic	ip, ip, #16646144	@ 0xfe0000
    8020:	e153000c 	cmp	r3, ip
    8024:	8a00005d 	bhi	0x81a0
    8028:	e7d123f0 			@ <UNDEFINED> instruction: 0xe7d123f0
    802c:	e1a01327 	lsr	r1, r7, #6
    8030:	e201103f 	and	r1, r1, #63	@ 0x3f
    8034:	e3811080 	orr	r1, r1, #128	@ 0x80
    8038:	e1a03006 	mov	r3, r6
    803c:	e5952030 	ldr	r2, [r5, #48]	@ 0x30
    8040:	e3e0e4fe 	mvn	lr, #-33554432	@ 0xfe000000
    8044:	e3cee8fe 	bic	lr, lr, #16646144	@ 0xfe0000
    8048:	e7f3e0f1 	udf	#15873	@ 0x3e01
    804c:	2a000053 	bcs	0x81a0
    8050:	e7d123f0 			@ <UNDEFINED> instruction: 0xe7d123f0
    8054:	e3a0e003 	mov	lr, #3
    8058:	e584e028 	str	lr, [r4, #40]	@ 0x28
    805c:	e59f05b8 	ldr	r0, [pc, #1464]	@ 0x861c
    8060:	ea00004c 	b	0x8198
    8064:	e2471b40 	sub	r1, r7, #64, 22	@ 0x10000
    8068:	e3e0c20f 	mvn	ip, #-268435456	@ 0xf0000000
    806c:	e3ccc6ff 	bic	ip, ip, #267386880	@ 0xff00000
    8070:	e151000c 	cmp	r1, ip
    8074:	8a000029 	bhi	0x8120
    8078:	e207103f 	and	r1, r7, #63	@ 0x3f
    807c:	e3811080 	orr	r1, r1, #128	@ 0x80
    8080:	e1a03006 	mov	r3, r6
    8084:	e5952030 	ldr	r2, [r5, #48]	@ 0x30
    8088:	e3e0e4fe 	mvn	lr, #-33554432	@ 0xfe000000
    808c:	e3cee8fe 	bic	lr, lr, #16646144	@ 0xfe0000
    8090:	e7f3e0f3 	udf	#15875	@ 0x3e03
    8094:	2a000041 	bcs	0x81a0
    8098:	e7d123f0 			@ <UNDEFINED> instruction: 0xe7d123f0
    809c:	e1a01927 	lsr	r1, r7, #18
    80a0:	e38110f0 	orr	r1, r1, #240	@ 0xf0
    80a4:	e1a03006 	mov	r3, r6
    80a8:	e5952030 	ldr	r2, [r5, #48]	@ 0x30
    80ac:	e3e0c4fe 	mvn	ip, #-33554432	@ 0xfe000000
    80b0:	e3ccc8fe 	bic	ip, ip, #16646144	@ 0xfe0000
    80b4:	e153000c 	cmp	r3, ip
    80b8:	8a000038 	bhi	0x81a0
    80bc:	e7d123f0 			@ <UNDEFINED> instruction: 0xe7d123f0
    80c0:	e1a01327 	lsr	r1, r7, #6
    80c4:	e201103f 	and	r1, r1, #63	@ 0x3f
    80c8:	e3811080 	orr	r1, r1, #128	@ 0x80
    80cc:	e1a03006 	mov	r3, r6
    80d0:	e5952030 	ldr	r2, [r5, #48]	@ 0x30
    80d4:	e3e0e4fe 	mvn	lr, #-33554432	@ 0xfe000000
    80d8:	e3cee8fe 	bic	lr, lr, #16646144	@ 0xfe0000
    80dc:	e7f3e0f2 	udf	#15874	@ 0x3e02
    80e0:	2a00002e 	bcs	0x81a0
    80e4:	e7d123f0 			@ <UNDEFINED> instruction: 0xe7d123f0
    80e8:	e1a01627 	lsr	r1, r7, #12
    80ec:	e201103f 	and	r1, r1, #63	@ 0x3f
    80f0:	e3811080 	orr	r1, r1, #128	@ 0x80
    80f4:	e1a03006 	mov	r3, r6
    80f8:	e5952030 	ldr	r2, [r5, #48]	@ 0x30
    80fc:	e3e0e4fe 	mvn	lr, #-33554432	@ 0xfe000000
    8100:	e3cee8fe 	bic	lr, lr, #16646144	@ 0xfe0000
    8104:	e7f3e0f1 	udf	#15873	@ 0x3e01
    8108:	2a000024 	bcs	0x81a0
    810c:	e7d123f0 			@ <UNDEFINED> instruction: 0xe7d123f0
    8110:	e3a0e004 	mov	lr, #4
    8114:	e584e028 	str	lr, [r4, #40]	@ 0x28
    8118:	e59f0500 	ldr	r0, [pc, #1280]	@ 0x8620
    811c:	ea00001d 	b	0x8198
    8120:	e3a00840 	mov	r0, #64, 16	@ 0x400000
    8124:	e3800c64 	orr	r0, r0, #100, 24	@ 0x6400
    8128:	e1a01004 	mov	r1, r4
    812c:	e59d2000 	ldr	r2, [sp]
    8130:	e59fc4ec 	ldr	ip, [pc, #1260]	@ 0x8624
    8134:	e12fff3c 	blx	ip
    8138:	e3500000 	cmp	r0, #0
    813c:	1a00001a 	bne	0x81ac
    8140:	e5941028 	ldr	r1, [r4, #40]	@ 0x28
    8144:	e5952030 	ldr	r2, [r5, #48]	@ 0x30
    8148:	e59fc41c 	ldr	ip, [pc, #1052]	@ 0x856c
    814c:	e151000c 	cmp	r1, ip
    8150:	8a000012 	bhi	0x81a0
    8154:	e3a03019 	mov	r3, #25
    8158:	e7d321f4 			@ <UNDEFINED> instruction: 0xe7d321f4
    815c:	e3e00000 	mvn	r0, #0
    8160:	e584000c 	str	r0, [r4, #12]
    8164:	e59f04bc 	ldr	r0, [pc, #1212]	@ 0x8628
    8168:	ea00000a 	b	0x8198
    816c:	e5950030 	ldr	r0, [r5, #48]	@ 0x30
    8170:	e3e0c4fe 	mvn	ip, #-33554432	@ 0xfe000000
    8174:	e3ccc8fe 	bic	ip, ip, #16646144	@ 0xfe0000
    8178:	e156000c 	cmp	r6, ip
    817c:	8a000007 	bhi	0x81a0
    8180:	e7d706f0 			@ <UNDEFINED> instruction: 0xe7d706f0
    8184:	e3a0e001 	mov	lr, #1
    8188:	e584e014 	str	lr, [r4, #20]
    818c:	e59f0498 	ldr	r0, [pc, #1176]	@ 0x862c
    8190:	e30ccabc 	movw	ip, #51900	@ 0xcabc
    8194:	e34ccdef 	movt	ip, #52719	@ 0xcdef
    8198:	e28dd004 	add	sp, sp, #4
    819c:	e8bd80c0 	pop	{r6, r7, pc}
    81a0:	e3a00008 	mov	r0, #8
    81a4:	e59d1000 	ldr	r1, [sp]
    81a8:	e5810010 	str	r0, [r1, #16]
    81ac:	e59d0000 	ldr	r0, [sp]
    81b0:	e59d100c 	ldr	r1, [sp, #12]
    81b4:	e59fc474 	ldr	ip, [pc, #1140]	@ 0x8630
    81b8:	e12fff3c 	blx	ip
    81bc:	e28dd004 	add	sp, sp, #4
    81c0:	e8bd00c0 	pop	{r6, r7}
    81c4:	e28dd004 	add	sp, sp, #4
    81c8:	e12fff10 	bx	r0
    81cc:	e52de004 	push	{lr}		@ (str lr, [sp, #-4]!)
    81d0:	e24dd004 	sub	sp, sp, #4
    81d4:	e58d0000 	str	r0, [sp]
    81d8:	e30cc123 	movw	ip, #49443	@ 0xc123
    81dc:	e34cc456 	movt	ip, #50262	@ 0xc456
    81e0:	e5940000 	ldr	r0, [r4]
    81e4:	e5941004 	ldr	r1, [r4, #4]
    81e8:	e3500000 	cmp	r0, #0
    81ec:	1a000003 	bne	0x8200
    81f0:	e3a0e000 	mov	lr, #0
    81f4:	e584e008 	str	lr, [r4, #8]
    81f8:	e59f0434 	ldr	r0, [pc, #1076]	@ 0x8634
    81fc:	ea00000f 	b	0x8240
    8200:	e5840000 	str	r0, [r4]
    8204:	e5841004 	str	r1, [r4, #4]
    8208:	e3a0e000 	mov	lr, #0
    820c:	e584e008 	str	lr, [r4, #8]
    8210:	e59f0420 	ldr	r0, [pc, #1056]	@ 0x8638
    8214:	e1a01004 	mov	r1, r4
    8218:	e59d2000 	ldr	r2, [sp]
    821c:	e59fc418 	ldr	ip, [pc, #1048]	@ 0x863c
    8220:	e12fff3c 	blx	ip
    8224:	e3500000 	cmp	r0, #0
    8228:	1a000006 	bne	0x8248
    822c:	e594000c 	ldr	r0, [r4, #12]
    8230:	e584000c 	str	r0, [r4, #12]
    8234:	e59f0404 	ldr	r0, [pc, #1028]	@ 0x8640
    8238:	e30ccabc 	movw	ip, #51900	@ 0xcabc
    823c:	e34ccdef 	movt	ip, #52719	@ 0xcdef
    8240:	e28dd004 	add	sp, sp, #4
    8244:	e49df004 	pop	{pc}		@ (ldr pc, [sp], #4)
    8248:	e59d0000 	ldr	r0, [sp]
    824c:	e59d1004 	ldr	r1, [sp, #4]
    8250:	e59fc3ec 	ldr	ip, [pc, #1004]	@ 0x8644
    8254:	e12fff3c 	blx	ip
    8258:	e28dd008 	add	sp, sp, #8
    825c:	e12fff10 	bx	r0
    8260:	e52de004 	push	{lr}		@ (str lr, [sp, #-4]!)
    8264:	e24dd004 	sub	sp, sp, #4
    8268:	e58d0000 	str	r0, [sp]
    826c:	e30cc123 	movw	ip, #49443	@ 0xc123
    8270:	e34cc456 	movt	ip, #50262	@ 0xc456
    8274:	e5940000 	ldr	r0, [r4]
    8278:	e5840000 	str	r0, [r4]
    827c:	e59f03c4 	ldr	r0, [pc, #964]	@ 0x8648
    8280:	e30ccabc 	movw	ip, #51900	@ 0xcabc
    8284:	e34ccdef 	movt	ip, #52719	@ 0xcdef
    8288:	e28dd004 	add	sp, sp, #4
    828c:	e49df004 	pop	{pc}		@ (ldr pc, [sp], #4)
    8290:	e52de004 	push	{lr}		@ (str lr, [sp, #-4]!)
    8294:	e24dd004 	sub	sp, sp, #4
    8298:	e58d0000 	str	r0, [sp]
    829c:	e30cc123 	movw	ip, #49443	@ 0xc123
    82a0:	e34cc456 	movt	ip, #50262	@ 0xc456
    82a4:	e5940000 	ldr	r0, [r4]
    82a8:	e1a02000 	mov	r2, r0
    82ac:	e5951030 	ldr	r1, [r5, #48]	@ 0x30
    82b0:	e59fe2b4 	ldr	lr, [pc, #692]	@ 0x856c
    82b4:	e7f2e3fc 	udf	#11836	@ 0x2e3c
    82b8:	2a000021 	bcs	0x8344
    82bc:	e7e012f4 			@ <UNDEFINED> instruction: 0xe7e012f4
    82c0:	e5840004 	str	r0, [r4, #4]
    82c4:	e59f0380 	ldr	r0, [pc, #896]	@ 0x864c
    82c8:	e1a01004 	mov	r1, r4
    82cc:	e59d2000 	ldr	r2, [sp]
    82d0:	e59fc378 	ldr	ip, [pc, #888]	@ 0x8650
    82d4:	e12fff3c 	blx	ip
    82d8:	e3500000 	cmp	r0, #0
    82dc:	1a00001b 	bne	0x8350
    82e0:	e5940004 	ldr	r0, [r4, #4]
    82e4:	e5840004 	str	r0, [r4, #4]
    82e8:	e59f0364 	ldr	r0, [pc, #868]	@ 0x8654
    82ec:	e1a01004 	mov	r1, r4
    82f0:	e59d2000 	ldr	r2, [sp]
    82f4:	e59fc35c 	ldr	ip, [pc, #860]	@ 0x8658
    82f8:	e12fff3c 	blx	ip
    82fc:	e3500000 	cmp	r0, #0
    8300:	1a000012 	bne	0x8350
    8304:	e5940004 	ldr	r0, [r4, #4]
    8308:	e5840004 	str	r0, [r4, #4]
    830c:	e59f0348 	ldr	r0, [pc, #840]	@ 0x865c
    8310:	e1a01004 	mov	r1, r4
    8314:	e59d2000 	ldr	r2, [sp]
    8318:	e59fc340 	ldr	ip, [pc, #832]	@ 0x8660
    831c:	e12fff3c 	blx	ip
    8320:	e3500000 	cmp	r0, #0
    8324:	1a000009 	bne	0x8350
    8328:	e5940004 	ldr	r0, [r4, #4]
    832c:	e5840004 	str	r0, [r4, #4]
    8330:	e59f032c 	ldr	r0, [pc, #812]	@ 0x8664
    8334:	e30ccabc 	movw	ip, #51900	@ 0xcabc
    8338:	e34ccdef 	movt	ip, #52719	@ 0xcdef
    833c:	e28dd004 	add	sp, sp, #4
    8340:	e49df004 	pop	{pc}		@ (ldr pc, [sp], #4)
    8344:	e3a00008 	mov	r0, #8
    8348:	e59d1000 	ldr	r1, [sp]
    834c:	e5810010 	str	r0, [r1, #16]
    8350:	e59d0000 	ldr	r0, [sp]
    8354:	e59d1004 	ldr	r1, [sp, #4]
    8358:	e59fc308 	ldr	ip, [pc, #776]	@ 0x8668
    835c:	e12fff3c 	blx	ip
    8360:	e28dd008 	add	sp, sp, #8
    8364:	e12fff10 	bx	r0
    8368:	e92d41c0 	push	{r6, r7, r8, lr}
    836c:	e24dd008 	sub	sp, sp, #8
    8370:	e58d0000 	str	r0, [sp]
    8374:	e30cc123 	movw	ip, #49443	@ 0xc123
    8378:	e34cc456 	movt	ip, #50262	@ 0xc456
    837c:	e5940000 	ldr	r0, [r4]
    8380:	e5941004 	ldr	r1, [r4, #4]
    8384:	e5942008 	ldr	r2, [r4, #8]
    8388:	e594300c 	ldr	r3, [r4, #12]
    838c:	e595e03c 	ldr	lr, [r5, #60]	@ 0x3c
    8390:	e59e6008 	ldr	r6, [lr, #8]
    8394:	e2466010 	sub	r6, r6, #16
    8398:	e1a07006 	mov	r7, r6
    839c:	e595803c 	ldr	r8, [r5, #60]	@ 0x3c
    83a0:	e5886008 	str	r6, [r8, #8]
    83a4:	e20330ff 	and	r3, r3, #255	@ 0xff
    83a8:	e2876008 	add	r6, r7, #8
    83ac:	e5840000 	str	r0, [r4]
    83b0:	e5841004 	str	r1, [r4, #4]
    83b4:	e5842008 	str	r2, [r4, #8]
    83b8:	e5843034 	str	r3, [r4, #52]	@ 0x34
    83bc:	e5846038 	str	r6, [r4, #56]	@ 0x38
    83c0:	e59f02a4 	ldr	r0, [pc, #676]	@ 0x866c
    83c4:	e1a01004 	mov	r1, r4
    83c8:	e59d2000 	ldr	r2, [sp]
    83cc:	e59fc29c 	ldr	ip, [pc, #668]	@ 0x8670
    83d0:	e12fff3c 	blx	ip
    83d4:	e3500000 	cmp	r0, #0
    83d8:	1a000021 	bne	0x8464
    83dc:	e5940028 	ldr	r0, [r4, #40]	@ 0x28
    83e0:	e5840028 	str	r0, [r4, #40]	@ 0x28
    83e4:	e59f0288 	ldr	r0, [pc, #648]	@ 0x8674
    83e8:	e1a01004 	mov	r1, r4
    83ec:	e59d2000 	ldr	r2, [sp]
    83f0:	e59fc280 	ldr	ip, [pc, #640]	@ 0x8678
    83f4:	e12fff3c 	blx	ip
    83f8:	e3500000 	cmp	r0, #0
    83fc:	1a000018 	bne	0x8464
    8400:	e5940028 	ldr	r0, [r4, #40]	@ 0x28
    8404:	e1a06007 	mov	r6, r7
    8408:	e5953030 	ldr	r3, [r5, #48]	@ 0x30
    840c:	e59fe1a4 	ldr	lr, [pc, #420]	@ 0x85b8
    8410:	e7f6e0f8 	udf	#28168	@ 0x6e08
    8414:	2a00000f 	bcs	0x8458
    8418:	e083c006 	add	ip, r3, r6
    841c:	e59c1000 	ldr	r1, [ip]
    8420:	e59c2004 	ldr	r2, [ip, #4]
    8424:	e2877010 	add	r7, r7, #16
    8428:	e595303c 	ldr	r3, [r5, #60]	@ 0x3c
    842c:	e5837008 	str	r7, [r3, #8]
    8430:	e3500000 	cmp	r0, #0
    8434:	13e01000 	mvnne	r1, #0
    8438:	13e02000 	mvnne	r2, #0
    843c:	e5841028 	str	r1, [r4, #40]	@ 0x28
    8440:	e584202c 	str	r2, [r4, #44]	@ 0x2c
    8444:	e59f0230 	ldr	r0, [pc, #560]	@ 0x867c
    8448:	e30ccabc 	movw	ip, #51900	@ 0xcabc
    844c:	e34ccdef 	movt	ip, #52719	@ 0xcdef
    8450:	e28dd008 	add	sp, sp, #8
    8454:	e8bd81c0 	pop	{r6, r7, r8, pc}
    8458:	e3a00008 	mov	r0, #8
    845c:	e59d1000 	ldr	r1, [sp]
    8460:	e5810010 	str	r0, [r1, #16]
    8464:	e59d0000 	ldr	r0, [sp]
    8468:	e59d1014 	ldr	r1, [sp, #20]
    846c:	e59fc20c 	ldr	ip, [pc, #524]	@ 0x8680
    8470:	e12fff3c 	blx	ip
    8474:	e28dd008 	add	sp, sp, #8
    8478:	e8bd01c0 	pop	{r6, r7, r8}
    847c:	e28dd004 	add	sp, sp, #4
    8480:	e12fff10 	bx	r0
    8484:	e92d40c0 	push	{r6, r7, lr}
    8488:	e24dd004 	sub	sp, sp, #4
    848c:	e58d0000 	str	r0, [sp]
    8490:	e30cc123 	movw	ip, #49443	@ 0xc123
    8494:	e34cc456 	movt	ip, #50262	@ 0xc456
    8498:	e5940000 	ldr	r0, [r4]
    849c:	e5941004 	ldr	r1, [r4, #4]
    84a0:	e5942008 	ldr	r2, [r4, #8]
    84a4:	e594300c 	ldr	r3, [r4, #12]
    84a8:	e1a07000 	mov	r7, r0
    84ac:	e5956030 	ldr	r6, [r5, #48]	@ 0x30
    84b0:	e59fe0b4 	ldr	lr, [pc, #180]	@ 0x856c
    84b4:	e7f7e3fc 	udf	#32316	@ 0x7e3c
    84b8:	2a000014 	bcs	0x8510
    84bc:	e7e067f4 			@ <UNDEFINED> instruction: 0xe7e067f4
    84c0:	e5840010 	str	r0, [r4, #16]
    84c4:	e5841004 	str	r1, [r4, #4]
    84c8:	e5842008 	str	r2, [r4, #8]
    84cc:	e584300c 	str	r3, [r4, #12]
    84d0:	e59f01ac 	ldr	r0, [pc, #428]	@ 0x8684
    84d4:	e1a01004 	mov	r1, r4
    84d8:	e59d2000 	ldr	r2, [sp]
    84dc:	e59fc1a4 	ldr	ip, [pc, #420]	@ 0x8688
    84e0:	e12fff3c 	blx	ip
    84e4:	e3500000 	cmp	r0, #0
    84e8:	1a00000b 	bne	0x851c
    84ec:	e5940010 	ldr	r0, [r4, #16]
    84f0:	e5941014 	ldr	r1, [r4, #20]
    84f4:	e5840010 	str	r0, [r4, #16]
    84f8:	e5841014 	str	r1, [r4, #20]
    84fc:	e59f0188 	ldr	r0, [pc, #392]	@ 0x868c
    8500:	e30ccabc 	movw	ip, #51900	@ 0xcabc
    8504:	e34ccdef 	movt	ip, #52719	@ 0xcdef
    8508:	e28dd004 	add	sp, sp, #4
    850c:	e8bd80c0 	pop	{r6, r7, pc}
    8510:	e3a00008 	mov	r0, #8
    8514:	e59d1000 	ldr	r1, [sp]
    8518:	e5810010 	str	r0, [r1, #16]
    851c:	e59d0000 	ldr	r0, [sp]
    8520:	e59d100c 	ldr	r1, [sp, #12]
    8524:	e59fc164 	ldr	ip, [pc, #356]	@ 0x8690
    8528:	e12fff3c 	blx	ip
    852c:	e28dd004 	add	sp, sp, #4
    8530:	e8bd00c0 	pop	{r6, r7}
    8534:	e28dd004 	add	sp, sp, #4
    8538:	e12fff10 	bx	r0
    853c:	e52de004 	push	{lr}		@ (str lr, [sp, #-4]!)
    8540:	e24dd004 	sub	sp, sp, #4
    8544:	e58d0000 	str	r0, [sp]
    8548:	e30cc123 	movw	ip, #49443	@ 0xc123
    854c:	e34cc456 	movt	ip, #50262	@ 0xc456
    8550:	e5950044 	ldr	r0, [r5, #68]	@ 0x44
    8554:	ea00004e 	b	0x8694
    8558:	0004890c 	andeq	r8, r4, ip, lsl #18
    855c:	0040b72c 	subeq	fp, r0, ip, lsr #14
    8560:	0004890c 	andeq	r8, r4, ip, lsl #18
    8564:	0040b768 	subeq	fp, r0, r8, ror #14
    8568:	0004890c 	andeq	r8, r4, ip, lsl #18
    856c:	0101fffc 	strdeq	pc, [r1, -ip]
    8570:	0040b958 	subeq	fp, r0, r8, asr r9
    8574:	0004890c 	andeq	r8, r4, ip, lsl #18
    8578:	0040bd68 	subeq	fp, r0, r8, ror #26
    857c:	0004890c 	andeq	r8, r4, ip, lsl #18
    8580:	0040bd80 	subeq	fp, r0, r0, lsl #27
    8584:	0004890c 	andeq	r8, r4, ip, lsl #18
    8588:	0040bdb8 	strheq	fp, [r0], #-216	@ 0xffffff28
    858c:	0004890c 	andeq	r8, r4, ip, lsl #18
    8590:	0040bde8 	subeq	fp, r0, r8, ror #27
    8594:	0004890c 	andeq	r8, r4, ip, lsl #18
    8598:	0040be14 	subeq	fp, r0, r4, lsl lr
    859c:	0004890c 	andeq	r8, r4, ip, lsl #18
    85a0:	0040be2c 	subeq	fp, r0, ip, lsr #28
    85a4:	0004890c 	andeq	r8, r4, ip, lsl #18
    85a8:	0040be64 	subeq	fp, r0, r4, ror #28
    85ac:	0004890c 	andeq	r8, r4, ip, lsl #18
    85b0:	0040beb8 	strheq	fp, [r0], #-232	@ 0xffffff18
    85b4:	00048004 	andeq	r8, r4, r4
    85b8:	0101fff8 	strdeq	pc, [r1, -r8]
    85bc:	00402154 	subeq	r2, r0, r4, asr r1
    85c0:	0004890c 	andeq	r8, r4, ip, lsl #18
    85c4:	0040217c 	subeq	r2, r0, ip, ror r1
    85c8:	00048004 	andeq	r8, r4, r4
    85cc:	004022d8 	ldrdeq	r2, [r0], #-40	@ 0xffffffd8
    85d0:	003fa7ec 	eorseq	sl, pc, ip, ror #15
    85d4:	003fa7f0 	ldrshteq	sl, [pc], -r0
    85d8:	0004890c 	andeq	r8, r4, ip, lsl #18
    85dc:	003fa810 	eorseq	sl, pc, r0, lsl r8	@ <UNPREDICTABLE>
    85e0:	00048004 	andeq	r8, r4, r4
    85e4:	003fe28c 	eorseq	lr, pc, ip, lsl #5
    85e8:	003fc588 	eorseq	ip, pc, r8, lsl #11
    85ec:	0004890c 	andeq	r8, r4, ip, lsl #18
    85f0:	00048004 	andeq	r8, r4, r4
    85f4:	003fe24c 	eorseq	lr, pc, ip, asr #4
    85f8:	003f98f0 	ldrshteq	r9, [pc], -r0
    85fc:	0004890c 	andeq	r8, r4, ip, lsl #18
    8600:	003f9958 	eorseq	r9, pc, r8, asr r9	@ <UNPREDICTABLE>
    8604:	00048004 	andeq	r8, r4, r4
    8608:	0040602c 	subeq	r6, r0, ip, lsr #32
    860c:	0004890c 	andeq	r8, r4, ip, lsl #18
    8610:	00406080 	subeq	r6, r0, r0, lsl #1
    8614:	0004890c 	andeq	r8, r4, ip, lsl #18
    8618:	00406144 	subeq	r6, r0, r4, asr #2
    861c:	00406288 	subeq	r6, r0, r8, lsl #5
    8620:	004063fc 	strdeq	r6, [r0], #-60	@ 0xffffffc4
    8624:	0004890c 	andeq	r8, r4, ip, lsl #18
    8628:	0040642c 	subeq	r6, r0, ip, lsr #8
    862c:	00406444 	subeq	r6, r0, r4, asr #8
    8630:	00048004 	andeq	r8, r4, r4
    8634:	003fb090 	mlaseq	pc, r0, r0, fp	@ <UNPREDICTABLE>
    8638:	003fb094 	mlaseq	pc, r4, r0, fp	@ <UNPREDICTABLE>
    863c:	0004890c 	andeq	r8, r4, ip, lsl #18
    8640:	003fb0b0 	ldrhteq	fp, [pc], -r0
    8644:	00048004 	andeq	r8, r4, r4
    8648:	004022b8 	strheq	r2, [r0], #-40	@ 0xffffffd8
    864c:	003ff04c 	eorseq	pc, pc, ip, asr #32
    8650:	0004890c 	andeq	r8, r4, ip, lsl #18
    8654:	003ff05c 	eorseq	pc, pc, ip, asr r0	@ <UNPREDICTABLE>
    8658:	0004890c 	andeq	r8, r4, ip, lsl #18
    865c:	003ff06c 	eorseq	pc, pc, ip, rrx
    8660:	0004890c 	andeq	r8, r4, ip, lsl #18
    8664:	003ff084 	eorseq	pc, pc, r4, lsl #1
    8668:	00048004 	andeq	r8, r4, r4
    866c:	003f2dc8 	eorseq	r2, pc, r8, asr #27
    8670:	0004890c 	andeq	r8, r4, ip, lsl #18
    8674:	003f2de0 	eorseq	r2, pc, r0, ror #27
    8678:	0004890c 	andeq	r8, r4, ip, lsl #18
    867c:	003f2e34 	eorseq	r2, pc, r4, lsr lr	@ <UNPREDICTABLE>
    8680:	00048004 	andeq	r8, r4, r4
    8684:	003fbd44 	eorseq	fp, pc, r4, asr #26
    8688:	0004890c 	andeq	r8, r4, ip, lsl #18
    868c:	003fbd64 	eorseq	fp, pc, r4, ror #26
    8690:	00048004 	andeq	r8, r4, r4
    8694:	e3a0eb40 	mov	lr, #64, 22	@ 0x10000
    8698:	e580e008 	str	lr, [r0, #8]
    869c:	e3a0c000 	mov	ip, #0
    86a0:	e28c000f 	add	r0, ip, #15
    86a4:	e3c0000f 	bic	r0, r0, #15
    86a8:	e5951040 	ldr	r1, [r5, #64]	@ 0x40
    86ac:	e5810008 	str	r0, [r1, #8]
    86b0:	e59f0ec0 	ldr	r0, [pc, #3776]	@ 0x9578
    86b4:	e30ccabc 	movw	ip, #51900	@ 0xcabc
    86b8:	e34ccdef 	movt	ip, #52719	@ 0xcdef
    86bc:	e28dd004 	add	sp, sp, #4
    86c0:	e49df004 	pop	{pc}		@ (ldr pc, [sp], #4)
    86c4:	e52de004 	push	{lr}		@ (str lr, [sp, #-4]!)
    86c8:	e24dd004 	sub	sp, sp, #4
    86cc:	e58d0000 	str	r0, [sp]
    86d0:	e30cc123 	movw	ip, #49443	@ 0xc123
    86d4:	e34cc456 	movt	ip, #50262	@ 0xc456
    86d8:	e595e03c 	ldr	lr, [r5, #60]	@ 0x3c
    86dc:	e59e0008 	ldr	r0, [lr, #8]
    86e0:	e595e040 	ldr	lr, [r5, #64]	@ 0x40
    86e4:	e59e1008 	ldr	r1, [lr, #8]
    86e8:	e0400001 	sub	r0, r0, r1
    86ec:	e5840000 	str	r0, [r4]
    86f0:	e59f0e84 	ldr	r0, [pc, #3716]	@ 0x957c
    86f4:	e30ccabc 	movw	ip, #51900	@ 0xcabc
    86f8:	e34ccdef 	movt	ip, #52719	@ 0xcdef
    86fc:	e28dd004 	add	sp, sp, #4
    8700:	e49df004 	pop	{pc}		@ (ldr pc, [sp], #4)
    8704:	e52de004 	push	{lr}		@ (str lr, [sp, #-4]!)
    8708:	e24dd004 	sub	sp, sp, #4
    870c:	e58d0000 	str	r0, [sp]
    8710:	e30cc123 	movw	ip, #49443	@ 0xc123
    8714:	e34cc456 	movt	ip, #50262	@ 0xc456
    8718:	e595e044 	ldr	lr, [r5, #68]	@ 0x44
    871c:	e59e0008 	ldr	r0, [lr, #8]
    8720:	e5840000 	str	r0, [r4]
    8724:	e3a009ff 	mov	r0, #4177920	@ 0x3fc000
    8728:	e38000e4 	orr	r0, r0, #228	@ 0xe4
    872c:	e30ccabc 	movw	ip, #51900	@ 0xcabc
    8730:	e34ccdef 	movt	ip, #52719	@ 0xcdef
    8734:	e28dd004 	add	sp, sp, #4
    8738:	e49df004 	pop	{pc}		@ (ldr pc, [sp], #4)
    873c:	e52de004 	push	{lr}		@ (str lr, [sp, #-4]!)
    8740:	e24dd004 	sub	sp, sp, #4
    8744:	e58d0000 	str	r0, [sp]
    8748:	e30cc123 	movw	ip, #49443	@ 0xc123
    874c:	e34cc456 	movt	ip, #50262	@ 0xc456
    8750:	e595e040 	ldr	lr, [r5, #64]	@ 0x40
    8754:	e59e0008 	ldr	r0, [lr, #8]
    8758:	e5840000 	str	r0, [r4]
    875c:	e59f0e1c 	ldr	r0, [pc, #3612]	@ 0x9580
    8760:	e30ccabc 	movw	ip, #51900	@ 0xcabc
    8764:	e34ccdef 	movt	ip, #52719	@ 0xcdef
    8768:	e28dd004 	add	sp, sp, #4
    876c:	e49df004 	pop	{pc}		@ (ldr pc, [sp], #4)
    8770:	e92d4fc0 	push	{r6, r7, r8, r9, sl, fp, lr}
    8774:	e24dd004 	sub	sp, sp, #4
    8778:	e58d0000 	str	r0, [sp]
    877c:	e30cc123 	movw	ip, #49443	@ 0xc123
    8780:	e34cc456 	movt	ip, #50262	@ 0xc456
    8784:	e5947014 	ldr	r7, [r4, #20]
    8788:	e3170040 	tst	r7, #64	@ 0x40
    878c:	0a000018 	beq	0x87f4
    8790:	e2478040 	sub	r8, r7, #64	@ 0x40
    8794:	e3a09000 	mov	r9, #0
    8798:	e1a0a008 	mov	sl, r8
    879c:	e5943004 	ldr	r3, [r4, #4]
    87a0:	e31a0020 	tst	sl, #32
    87a4:	1a000008 	bne	0x87cc
    87a8:	e5946008 	ldr	r6, [r4, #8]
    87ac:	e20aa01f 	and	sl, sl, #31
    87b0:	e1a06a16 	lsl	r6, r6, sl
    87b4:	e1a0c0a3 	lsr	ip, r3, #1
    87b8:	e22ae01f 	eor	lr, sl, #31
    87bc:	e1866e3c 	orr	r6, r6, ip, lsr lr
    87c0:	e1a0ea13 	lsl	lr, r3, sl
    87c4:	e584e00c 	str	lr, [r4, #12]
    87c8:	ea000003 	b	0x87dc
    87cc:	e20ae01f 	and	lr, sl, #31
    87d0:	e1a06e13 	lsl	r6, r3, lr
    87d4:	e3a0e000 	mov	lr, #0
    87d8:	e584e00c 	str	lr, [r4, #12]
    87dc:	e5846010 	str	r6, [r4, #16]
    87e0:	e3a0e000 	mov	lr, #0
    87e4:	e584e004 	str	lr, [r4, #4]
    87e8:	e3a0e000 	mov	lr, #0
    87ec:	e584e008 	str	lr, [r4, #8]
    87f0:	ea00003b 	b	0x88e4
    87f4:	e3570000 	cmp	r7, #0
    87f8:	0a000039 	beq	0x88e4
    87fc:	e2678040 	rsb	r8, r7, #64	@ 0x40
    8800:	e3a09000 	mov	r9, #0
    8804:	e1a00008 	mov	r0, r8
    8808:	e594b008 	ldr	fp, [r4, #8]
    880c:	e3100020 	tst	r0, #32
    8810:	1a000007 	bne	0x8834
    8814:	e594a004 	ldr	sl, [r4, #4]
    8818:	e200001f 	and	r0, r0, #31
    881c:	e1a0a03a 	lsr	sl, sl, r0
    8820:	e1a0c08b 	lsl	ip, fp, #1
    8824:	e220e01f 	eor	lr, r0, #31
    8828:	e18aae1c 	orr	sl, sl, ip, lsl lr
    882c:	e1a0b03b 	lsr	fp, fp, r0
    8830:	ea000002 	b	0x8840
    8834:	e200e01f 	and	lr, r0, #31
    8838:	e1a0ae3b 	lsr	sl, fp, lr
    883c:	e3a0b000 	mov	fp, #0
    8840:	e1a00007 	mov	r0, r7
    8844:	e3a07000 	mov	r7, #0
    8848:	e1a08000 	mov	r8, r0
    884c:	e1a09007 	mov	r9, r7
    8850:	e1a01000 	mov	r1, r0
    8854:	e594600c 	ldr	r6, [r4, #12]
    8858:	e3110020 	tst	r1, #32
    885c:	1a000007 	bne	0x8880
    8860:	e5943010 	ldr	r3, [r4, #16]
    8864:	e201101f 	and	r1, r1, #31
    8868:	e1a03113 	lsl	r3, r3, r1
    886c:	e1a0c0a6 	lsr	ip, r6, #1
    8870:	e221e01f 	eor	lr, r1, #31
    8874:	e1833e3c 	orr	r3, r3, ip, lsr lr
    8878:	e1a06116 	lsl	r6, r6, r1
    887c:	ea000002 	b	0x888c
    8880:	e201e01f 	and	lr, r1, #31
    8884:	e1a03e16 	lsl	r3, r6, lr
    8888:	e3a06000 	mov	r6, #0
    888c:	e18ae006 	orr	lr, sl, r6
    8890:	e584e00c 	str	lr, [r4, #12]
    8894:	e18be003 	orr	lr, fp, r3
    8898:	e584e010 	str	lr, [r4, #16]
    889c:	e1a02008 	mov	r2, r8
    88a0:	e5941004 	ldr	r1, [r4, #4]
    88a4:	e3120020 	tst	r2, #32
    88a8:	1a000008 	bne	0x88d0
    88ac:	e5940008 	ldr	r0, [r4, #8]
    88b0:	e202201f 	and	r2, r2, #31
    88b4:	e1a00210 	lsl	r0, r0, r2
    88b8:	e1a0c0a1 	lsr	ip, r1, #1
    88bc:	e222e01f 	eor	lr, r2, #31
    88c0:	e1800e3c 	orr	r0, r0, ip, lsr lr
    88c4:	e1a0e211 	lsl	lr, r1, r2
    88c8:	e584e004 	str	lr, [r4, #4]
    88cc:	ea000003 	b	0x88e0
    88d0:	e202e01f 	and	lr, r2, #31
    88d4:	e1a00e11 	lsl	r0, r1, lr
    88d8:	e3a0e000 	mov	lr, #0
    88dc:	e584e004 	str	lr, [r4, #4]
    88e0:	e5840008 	str	r0, [r4, #8]
    88e4:	e5941000 	ldr	r1, [r4]
    88e8:	e5950030 	ldr	r0, [r5, #48]	@ 0x30
    88ec:	e5942004 	ldr	r2, [r4, #4]
    88f0:	e59fcc8c 	ldr	ip, [pc, #3212]	@ 0x9584
    88f4:	e151000c 	cmp	r1, ip
    88f8:	8a000013 	bhi	0x894c
    88fc:	e0800001 	add	r0, r0, r1
    8900:	e5941008 	ldr	r1, [r4, #8]
    8904:	e5802000 	str	r2, [r0]
    8908:	e5801004 	str	r1, [r0, #4]
    890c:	e5941000 	ldr	r1, [r4]
    8910:	e5950030 	ldr	r0, [r5, #48]	@ 0x30
    8914:	e594200c 	ldr	r2, [r4, #12]
    8918:	e59fec64 	ldr	lr, [pc, #3172]	@ 0x9584
    891c:	e7f1e0f8 	udf	#7688	@ 0x1e08
    8920:	2a000009 	bcs	0x894c
    8924:	e0800001 	add	r0, r0, r1
    8928:	e5941010 	ldr	r1, [r4, #16]
    892c:	e5802000 	str	r2, [r0]
    8930:	e5801004 	str	r1, [r0, #4]
    8934:	e3a00840 	mov	r0, #64, 16	@ 0x400000
    8938:	e3800f7d 	orr	r0, r0, #500	@ 0x1f4
    893c:	e30ccabc 	movw	ip, #51900	@ 0xcabc
    8940:	e34ccdef 	movt	ip, #52719	@ 0xcdef
    8944:	e28dd004 	add	sp, sp, #4
    8948:	e8bd8fc0 	pop	{r6, r7, r8, r9, sl, fp, pc}
    894c:	e3a00008 	mov	r0, #8
    8950:	e59d1000 	ldr	r1, [sp]
    8954:	e5810010 	str	r0, [r1, #16]
    8958:	e59d0000 	ldr	r0, [sp]
    895c:	e59d101c 	ldr	r1, [sp, #28]
    8960:	e59fcc20 	ldr	ip, [pc, #3104]	@ 0x9588
    8964:	e12fff3c 	blx	ip
    8968:	e28dd004 	add	sp, sp, #4
    896c:	e8bd0fc0 	pop	{r6, r7, r8, r9, sl, fp}
    8970:	e28dd004 	add	sp, sp, #4
    8974:	e12fff10 	bx	r0
    8978:	e92d4fc0 	push	{r6, r7, r8, r9, sl, fp, lr}
    897c:	e24dd004 	sub	sp, sp, #4
    8980:	e58d0000 	str	r0, [sp]
    8984:	e30cc123 	movw	ip, #49443	@ 0xc123
    8988:	e34cc456 	movt	ip, #50262	@ 0xc456
    898c:	e5947014 	ldr	r7, [r4, #20]
    8990:	e3170040 	tst	r7, #64	@ 0x40
    8994:	0a000018 	beq	0x89fc
    8998:	e2478040 	sub	r8, r7, #64	@ 0x40
    899c:	e3a09000 	mov	r9, #0
    89a0:	e1a0a008 	mov	sl, r8
    89a4:	e5942010 	ldr	r2, [r4, #16]
    89a8:	e31a0020 	tst	sl, #32
    89ac:	1a000008 	bne	0x89d4
    89b0:	e594100c 	ldr	r1, [r4, #12]
    89b4:	e20aa01f 	and	sl, sl, #31
    89b8:	e1a01a31 	lsr	r1, r1, sl
    89bc:	e1a0c082 	lsl	ip, r2, #1
    89c0:	e22ae01f 	eor	lr, sl, #31
    89c4:	e1811e1c 	orr	r1, r1, ip, lsl lr
    89c8:	e1a0ea32 	lsr	lr, r2, sl
    89cc:	e584e008 	str	lr, [r4, #8]
    89d0:	ea000003 	b	0x89e4
    89d4:	e20ae01f 	and	lr, sl, #31
    89d8:	e1a01e32 	lsr	r1, r2, lr
    89dc:	e3a0e000 	mov	lr, #0
    89e0:	e584e008 	str	lr, [r4, #8]
    89e4:	e5841004 	str	r1, [r4, #4]
    89e8:	e3a0e000 	mov	lr, #0
    89ec:	e584e00c 	str	lr, [r4, #12]
    89f0:	e3a0e000 	mov	lr, #0
    89f4:	e584e010 	str	lr, [r4, #16]
    89f8:	ea00003b 	b	0x8aec
    89fc:	e3570000 	cmp	r7, #0
    8a00:	0a000039 	beq	0x8aec
    8a04:	e2678040 	rsb	r8, r7, #64	@ 0x40
    8a08:	e3a09000 	mov	r9, #0
    8a0c:	e1a00008 	mov	r0, r8
    8a10:	e594a00c 	ldr	sl, [r4, #12]
    8a14:	e3100020 	tst	r0, #32
    8a18:	1a000007 	bne	0x8a3c
    8a1c:	e594b010 	ldr	fp, [r4, #16]
    8a20:	e200001f 	and	r0, r0, #31
    8a24:	e1a0b01b 	lsl	fp, fp, r0
    8a28:	e1a0c0aa 	lsr	ip, sl, #1
    8a2c:	e220e01f 	eor	lr, r0, #31
    8a30:	e18bbe3c 	orr	fp, fp, ip, lsr lr
    8a34:	e1a0a01a 	lsl	sl, sl, r0
    8a38:	ea000002 	b	0x8a48
    8a3c:	e200e01f 	and	lr, r0, #31
    8a40:	e1a0be1a 	lsl	fp, sl, lr
    8a44:	e3a0a000 	mov	sl, #0
    8a48:	e1a00007 	mov	r0, r7
    8a4c:	e3a07000 	mov	r7, #0
    8a50:	e1a08000 	mov	r8, r0
    8a54:	e1a09007 	mov	r9, r7
    8a58:	e1a01000 	mov	r1, r0
    8a5c:	e5943008 	ldr	r3, [r4, #8]
    8a60:	e3110020 	tst	r1, #32
    8a64:	1a000007 	bne	0x8a88
    8a68:	e5946004 	ldr	r6, [r4, #4]
    8a6c:	e201101f 	and	r1, r1, #31
    8a70:	e1a06136 	lsr	r6, r6, r1
    8a74:	e1a0c083 	lsl	ip, r3, #1
    8a78:	e221e01f 	eor	lr, r1, #31
    8a7c:	e1866e1c 	orr	r6, r6, ip, lsl lr
    8a80:	e1a03133 	lsr	r3, r3, r1
    8a84:	ea000002 	b	0x8a94
    8a88:	e201e01f 	and	lr, r1, #31
    8a8c:	e1a06e33 	lsr	r6, r3, lr
    8a90:	e3a03000 	mov	r3, #0
    8a94:	e18ae006 	orr	lr, sl, r6
    8a98:	e584e004 	str	lr, [r4, #4]
    8a9c:	e18be003 	orr	lr, fp, r3
    8aa0:	e584e008 	str	lr, [r4, #8]
    8aa4:	e1a02008 	mov	r2, r8
    8aa8:	e5940010 	ldr	r0, [r4, #16]
    8aac:	e3120020 	tst	r2, #32
    8ab0:	1a000008 	bne	0x8ad8
    8ab4:	e594100c 	ldr	r1, [r4, #12]
    8ab8:	e202201f 	and	r2, r2, #31
    8abc:	e1a01231 	lsr	r1, r1, r2
    8ac0:	e1a0c080 	lsl	ip, r0, #1
    8ac4:	e222e01f 	eor	lr, r2, #31
    8ac8:	e1811e1c 	orr	r1, r1, ip, lsl lr
    8acc:	e1a0e230 	lsr	lr, r0, r2
    8ad0:	e584e010 	str	lr, [r4, #16]
    8ad4:	ea000003 	b	0x8ae8
    8ad8:	e202e01f 	and	lr, r2, #31
    8adc:	e1a01e30 	lsr	r1, r0, lr
    8ae0:	e3a0e000 	mov	lr, #0
    8ae4:	e584e010 	str	lr, [r4, #16]
    8ae8:	e584100c 	str	r1, [r4, #12]
    8aec:	e5941000 	ldr	r1, [r4]
    8af0:	e5950030 	ldr	r0, [r5, #48]	@ 0x30
    8af4:	e5942004 	ldr	r2, [r4, #4]
    8af8:	e59fca84 	ldr	ip, [pc, #2692]	@ 0x9584
    8afc:	e151000c 	cmp	r1, ip
    8b00:	8a000012 	bhi	0x8b50
    8b04:	e0800001 	add	r0, r0, r1
    8b08:	e5941008 	ldr	r1, [r4, #8]
    8b0c:	e5802000 	str	r2, [r0]
    8b10:	e5801004 	str	r1, [r0, #4]
    8b14:	e5941000 	ldr	r1, [r4]
    8b18:	e5950030 	ldr	r0, [r5, #48]	@ 0x30
    8b1c:	e594200c 	ldr	r2, [r4, #12]
    8b20:	e59fea5c 	ldr	lr, [pc, #2652]	@ 0x9584
    8b24:	e7f1e0f8 	udf	#7688	@ 0x1e08
    8b28:	2a000008 	bcs	0x8b50
    8b2c:	e0800001 	add	r0, r0, r1
    8b30:	e5941010 	ldr	r1, [r4, #16]
    8b34:	e5802000 	str	r2, [r0]
    8b38:	e5801004 	str	r1, [r0, #4]
    8b3c:	e59f0a48 	ldr	r0, [pc, #2632]	@ 0x958c
    8b40:	e30ccabc 	movw	ip, #51900	@ 0xcabc
    8b44:	e34ccdef 	movt	ip, #52719	@ 0xcdef
    8b48:	e28dd004 	add	sp, sp, #4
    8b4c:	e8bd8fc0 	pop	{r6, r7, r8, r9, sl, fp, pc}
    8b50:	e3a00008 	mov	r0, #8
    8b54:	e59d1000 	ldr	r1, [sp]
    8b58:	e5810010 	str	r0, [r1, #16]
    8b5c:	e59d0000 	ldr	r0, [sp]
    8b60:	e59d101c 	ldr	r1, [sp, #28]
    8b64:	e59fca24 	ldr	ip, [pc, #2596]	@ 0x9590
    8b68:	e12fff3c 	blx	ip
    8b6c:	e28dd004 	add	sp, sp, #4
    8b70:	e8bd0fc0 	pop	{r6, r7, r8, r9, sl, fp}
    8b74:	e28dd004 	add	sp, sp, #4
    8b78:	e12fff10 	bx	r0
    8b7c:	e92d4fc0 	push	{r6, r7, r8, r9, sl, fp, lr}
    8b80:	e24dd004 	sub	sp, sp, #4
    8b84:	e58d0000 	str	r0, [sp]
    8b88:	e30cc123 	movw	ip, #49443	@ 0xc123
    8b8c:	e34cc456 	movt	ip, #50262	@ 0xc456
    8b90:	e595e03c 	ldr	lr, [r5, #60]	@ 0x3c
    8b94:	e59e0008 	ldr	r0, [lr, #8]
    8b98:	e2400020 	sub	r0, r0, #32
    8b9c:	e5840010 	str	r0, [r4, #16]
    8ba0:	e595103c 	ldr	r1, [r5, #60]	@ 0x3c
    8ba4:	e5810008 	str	r0, [r1, #8]
    8ba8:	e5940008 	ldr	r0, [r4, #8]
    8bac:	e594100c 	ldr	r1, [r4, #12]
    8bb0:	e3c0e000 	bic	lr, r0, #0
    8bb4:	e584e024 	str	lr, [r4, #36]	@ 0x24
    8bb8:	e3a0ccff 	mov	ip, #65280	@ 0xff00
    8bbc:	e38cc0ff 	orr	ip, ip, #255	@ 0xff
    8bc0:	e001e00c 	and	lr, r1, ip
    8bc4:	e584e028 	str	lr, [r4, #40]	@ 0x28
    8bc8:	e594c00c 	ldr	ip, [r4, #12]
    8bcc:	e1a0282c 	lsr	r2, ip, #16
    8bd0:	e3a03000 	mov	r3, #0
    8bd4:	e3a0cc7f 	mov	ip, #32512	@ 0x7f00
    8bd8:	e38cc0ff 	orr	ip, ip, #255	@ 0xff
    8bdc:	e002200c 	and	r2, r2, ip
    8be0:	e2033000 	and	r3, r3, #0
    8be4:	e1a09002 	mov	r9, r2
    8be8:	e1a08003 	mov	r8, r3
    8bec:	e5842014 	str	r2, [r4, #20]
    8bf0:	e2422c3c 	sub	r2, r2, #60, 24	@ 0x3c00
    8bf4:	e2422001 	sub	r2, r2, #1
    8bf8:	e3a0cc07 	mov	ip, #1792	@ 0x700
    8bfc:	e38cc0fd 	orr	ip, ip, #253	@ 0xfd
    8c00:	e152000c 	cmp	r2, ip
    8c04:	8a000035 	bhi	0x8ce0
    8c08:	e594c004 	ldr	ip, [r4, #4]
    8c0c:	e1a02e2c 	lsr	r2, ip, #28
    8c10:	e3a0b000 	mov	fp, #0
    8c14:	e5946028 	ldr	r6, [r4, #40]	@ 0x28
    8c18:	e5947024 	ldr	r7, [r4, #36]	@ 0x24
    8c1c:	e1a06206 	lsl	r6, r6, #4
    8c20:	e1866e27 	orr	r6, r6, r7, lsr #28
    8c24:	e1a07207 	lsl	r7, r7, #4
    8c28:	e1822007 	orr	r2, r2, r7
    8c2c:	e18bb006 	orr	fp, fp, r6
    8c30:	e594c014 	ldr	ip, [r4, #20]
    8c34:	e24c6df0 	sub	r6, ip, #240, 26	@ 0x3c00
    8c38:	e3a07000 	mov	r7, #0
    8c3c:	e5943000 	ldr	r3, [r4]
    8c40:	e594a004 	ldr	sl, [r4, #4]
    8c44:	e3c33000 	bic	r3, r3, #0
    8c48:	e3caa4f0 	bic	sl, sl, #240, 8	@ 0xf0000000
    8c4c:	e1a01003 	mov	r1, r3
    8c50:	e1a0000a 	mov	r0, sl
    8c54:	e3530001 	cmp	r3, #1
    8c58:	e2dac680 	sbcs	ip, sl, #128, 12	@ 0x8000000
    8c5c:	3a000002 	bcc	0x8c6c
    8c60:	e2922001 	adds	r2, r2, #1
    8c64:	e2abb000 	adc	fp, fp, #0
    8c68:	ea000007 	b	0x8c8c
    8c6c:	e3500680 	cmp	r0, #128, 12	@ 0x8000000
    8c70:	1a000000 	bne	0x8c78
    8c74:	e3510000 	cmp	r1, #0
    8c78:	1a000003 	bne	0x8c8c
    8c7c:	e2020001 	and	r0, r2, #1
    8c80:	e20b1000 	and	r1, fp, #0
    8c84:	e0902002 	adds	r2, r0, r2
    8c88:	e0a1b00b 	adc	fp, r1, fp
    8c8c:	e3e0c000 	mvn	ip, #0
    8c90:	e15c0002 	cmp	ip, r2
    8c94:	e3e0c20f 	mvn	ip, #-268435456	@ 0xf0000000
    8c98:	e3ccc6ff 	bic	ip, ip, #267386880	@ 0xff00000
    8c9c:	e0dcc00b 	sbcs	ip, ip, fp
    8ca0:	e3a00000 	mov	r0, #0
    8ca4:	33a00001 	movcc	r0, #1
    8ca8:	e1a01000 	mov	r1, r0
    8cac:	e3500000 	cmp	r0, #0
    8cb0:	13a02000 	movne	r2, #0
    8cb4:	e1a0e00b 	mov	lr, fp
    8cb8:	13a0e000 	movne	lr, #0
    8cbc:	e5842000 	str	r2, [r4]
    8cc0:	e584e004 	str	lr, [r4, #4]
    8cc4:	e1a00001 	mov	r0, r1
    8cc8:	e3a01000 	mov	r1, #0
    8ccc:	e090e006 	adds	lr, r0, r6
    8cd0:	e584e024 	str	lr, [r4, #36]	@ 0x24
    8cd4:	e0a1e007 	adc	lr, r1, r7
    8cd8:	e584e028 	str	lr, [r4, #40]	@ 0x28
    8cdc:	ea0000c6 	b	0x8ffc
    8ce0:	e5943000 	ldr	r3, [r4]
    8ce4:	e5946004 	ldr	r6, [r4, #4]
    8ce8:	e594c024 	ldr	ip, [r4, #36]	@ 0x24
    8cec:	e183300c 	orr	r3, r3, ip
    8cf0:	e594c028 	ldr	ip, [r4, #40]	@ 0x28
    8cf4:	e186600c 	orr	r6, r6, ip
    8cf8:	e193c006 	orrs	ip, r3, r6
    8cfc:	0a000019 	beq	0x8d68
    8d00:	e3580000 	cmp	r8, #0
    8d04:	1a000002 	bne	0x8d14
    8d08:	e3a0cc7f 	mov	ip, #32512	@ 0x7f00
    8d0c:	e38cc0ff 	orr	ip, ip, #255	@ 0xff
    8d10:	e159000c 	cmp	r9, ip
    8d14:	1a000013 	bne	0x8d68
    8d18:	e594c004 	ldr	ip, [r4, #4]
    8d1c:	e1a03e2c 	lsr	r3, ip, #28
    8d20:	e3a06000 	mov	r6, #0
    8d24:	e594a028 	ldr	sl, [r4, #40]	@ 0x28
    8d28:	e5947024 	ldr	r7, [r4, #36]	@ 0x24
    8d2c:	e1a0a20a 	lsl	sl, sl, #4
    8d30:	e18aae27 	orr	sl, sl, r7, lsr #28
    8d34:	e1a07207 	lsl	r7, r7, #4
    8d38:	e1833007 	orr	r3, r3, r7
    8d3c:	e186600a 	orr	r6, r6, sl
    8d40:	e383e000 	orr	lr, r3, #0
    8d44:	e584e000 	str	lr, [r4]
    8d48:	e386ea80 	orr	lr, r6, #128, 20	@ 0x80000
    8d4c:	e584e004 	str	lr, [r4, #4]
    8d50:	e3a0ec07 	mov	lr, #1792	@ 0x700
    8d54:	e38ee0ff 	orr	lr, lr, #255	@ 0xff
    8d58:	e584e024 	str	lr, [r4, #36]	@ 0x24
    8d5c:	e3a0e000 	mov	lr, #0
    8d60:	e584e028 	str	lr, [r4, #40]	@ 0x28
    8d64:	ea0000a4 	b	0x8ffc
    8d68:	e594c014 	ldr	ip, [r4, #20]
    8d6c:	e3a0ec43 	mov	lr, #17152	@ 0x4300
    8d70:	e38ee0fe 	orr	lr, lr, #254	@ 0xfe
    8d74:	e15c000e 	cmp	ip, lr
    8d78:	9a000009 	bls	0x8da4
    8d7c:	e3a0ec07 	mov	lr, #1792	@ 0x700
    8d80:	e38ee0ff 	orr	lr, lr, #255	@ 0xff
    8d84:	e584e024 	str	lr, [r4, #36]	@ 0x24
    8d88:	e3a0e000 	mov	lr, #0
    8d8c:	e584e028 	str	lr, [r4, #40]	@ 0x28
    8d90:	e3a0e000 	mov	lr, #0
    8d94:	e584e000 	str	lr, [r4]
    8d98:	e3a0e000 	mov	lr, #0
    8d9c:	e584e004 	str	lr, [r4, #4]
    8da0:	ea000095 	b	0x8ffc
    8da4:	e199c008 	orrs	ip, r9, r8
    8da8:	e3a03000 	mov	r3, #0
    8dac:	03a03001 	moveq	r3, #1
    8db0:	e1a06003 	mov	r6, r3
    8db4:	e3530000 	cmp	r3, #0
    8db8:	e3a07df0 	mov	r7, #240, 26	@ 0x3c00
    8dbc:	e3a0cc3c 	mov	ip, #60, 24	@ 0x3c00
    8dc0:	e38cc001 	orr	ip, ip, #1
    8dc4:	01a0700c 	moveq	r7, ip
    8dc8:	e1a03007 	mov	r3, r7
    8dcc:	e594c014 	ldr	ip, [r4, #20]
    8dd0:	e047700c 	sub	r7, r7, ip
    8dd4:	e1a08007 	mov	r8, r7
    8dd8:	e3570070 	cmp	r7, #112	@ 0x70
    8ddc:	da000008 	ble	0x8e04
    8de0:	e3a0e000 	mov	lr, #0
    8de4:	e584e000 	str	lr, [r4]
    8de8:	e3a0e000 	mov	lr, #0
    8dec:	e584e004 	str	lr, [r4, #4]
    8df0:	e3a0e000 	mov	lr, #0
    8df4:	e584e024 	str	lr, [r4, #36]	@ 0x24
    8df8:	e3a0e000 	mov	lr, #0
    8dfc:	e584e028 	str	lr, [r4, #40]	@ 0x28
    8e00:	ea00007d 	b	0x8ffc
    8e04:	e5947024 	ldr	r7, [r4, #36]	@ 0x24
    8e08:	e5949028 	ldr	r9, [r4, #40]	@ 0x28
    8e0c:	e3877000 	orr	r7, r7, #0
    8e10:	e3899b40 	orr	r9, r9, #64, 22	@ 0x10000
    8e14:	e3560000 	cmp	r6, #0
    8e18:	e594c024 	ldr	ip, [r4, #36]	@ 0x24
    8e1c:	11a0700c 	movne	r7, ip
    8e20:	e594c028 	ldr	ip, [r4, #40]	@ 0x28
    8e24:	11a0900c 	movne	r9, ip
    8e28:	e3a06000 	mov	r6, #0
    8e2c:	e594c014 	ldr	ip, [r4, #20]
    8e30:	e153000c 	cmp	r3, ip
    8e34:	0a000024 	beq	0x8ecc
    8e38:	e594c010 	ldr	ip, [r4, #16]
    8e3c:	e28c3010 	add	r3, ip, #16
    8e40:	e268a080 	rsb	sl, r8, #128	@ 0x80
    8e44:	e5843058 	str	r3, [r4, #88]	@ 0x58
    8e48:	e5847024 	str	r7, [r4, #36]	@ 0x24
    8e4c:	e5849028 	str	r9, [r4, #40]	@ 0x28
    8e50:	e584a06c 	str	sl, [r4, #108]	@ 0x6c
    8e54:	e59f0738 	ldr	r0, [pc, #1848]	@ 0x9594
    8e58:	e1a01004 	mov	r1, r4
    8e5c:	e59d2000 	ldr	r2, [sp]
    8e60:	e59fc730 	ldr	ip, [pc, #1840]	@ 0x9598
    8e64:	e12fff3c 	blx	ip
    8e68:	e3500000 	cmp	r0, #0
    8e6c:	1a00007d 	bne	0x9068
    8e70:	e594b010 	ldr	fp, [r4, #16]
    8e74:	e5952030 	ldr	r2, [r5, #48]	@ 0x30
    8e78:	e59fe704 	ldr	lr, [pc, #1796]	@ 0x9584
    8e7c:	e7fbe1f0 	udf	#48656	@ 0xbe10
    8e80:	2a000075 	bcs	0x905c
    8e84:	e082c00b 	add	ip, r2, fp
    8e88:	e59c3000 	ldr	r3, [ip]
    8e8c:	e59ca004 	ldr	sl, [ip, #4]
    8e90:	e5941010 	ldr	r1, [r4, #16]
    8e94:	e5950030 	ldr	r0, [r5, #48]	@ 0x30
    8e98:	e59fe6e4 	ldr	lr, [pc, #1764]	@ 0x9584
    8e9c:	e7f1e1f8 	udf	#7704	@ 0x1e18
    8ea0:	2a00006d 	bcs	0x905c
    8ea4:	e080c001 	add	ip, r0, r1
    8ea8:	e59c2000 	ldr	r2, [ip]
    8eac:	e59cb004 	ldr	fp, [ip, #4]
    8eb0:	e1833002 	orr	r3, r3, r2
    8eb4:	e18aa00b 	orr	sl, sl, fp
    8eb8:	e35a0000 	cmp	sl, #0
    8ebc:	1a000000 	bne	0x8ec4
    8ec0:	e3530000 	cmp	r3, #0
    8ec4:	e3a06000 	mov	r6, #0
    8ec8:	13a06001 	movne	r6, #1
    8ecc:	e5847024 	str	r7, [r4, #36]	@ 0x24
    8ed0:	e5849028 	str	r9, [r4, #40]	@ 0x28
    8ed4:	e5848020 	str	r8, [r4, #32]
    8ed8:	e59f06bc 	ldr	r0, [pc, #1724]	@ 0x959c
    8edc:	e1a01004 	mov	r1, r4
    8ee0:	e59d2000 	ldr	r2, [sp]
    8ee4:	e59fc6b4 	ldr	ip, [pc, #1716]	@ 0x95a0
    8ee8:	e12fff3c 	blx	ip
    8eec:	e3500000 	cmp	r0, #0
    8ef0:	1a00005c 	bne	0x9068
    8ef4:	e5943010 	ldr	r3, [r4, #16]
    8ef8:	e5952030 	ldr	r2, [r5, #48]	@ 0x30
    8efc:	e59fc680 	ldr	ip, [pc, #1664]	@ 0x9584
    8f00:	e153000c 	cmp	r3, ip
    8f04:	8a000054 	bhi	0x905c
    8f08:	e082c003 	add	ip, r2, r3
    8f0c:	e59c0000 	ldr	r0, [ip]
    8f10:	e59c1004 	ldr	r1, [ip, #4]
    8f14:	e1a02000 	mov	r2, r0
    8f18:	e1a03001 	mov	r3, r1
    8f1c:	e1a00e21 	lsr	r0, r1, #28
    8f20:	e3a01000 	mov	r1, #0
    8f24:	e594a010 	ldr	sl, [r4, #16]
    8f28:	e5959030 	ldr	r9, [r5, #48]	@ 0x30
    8f2c:	e59fe650 	ldr	lr, [pc, #1616]	@ 0x9584
    8f30:	e7fae0f8 	udf	#44552	@ 0xae08
    8f34:	2a000048 	bcs	0x905c
    8f38:	e089c00a 	add	ip, r9, sl
    8f3c:	e59c7000 	ldr	r7, [ip]
    8f40:	e59c8004 	ldr	r8, [ip, #4]
    8f44:	e1a08208 	lsl	r8, r8, #4
    8f48:	e1888e27 	orr	r8, r8, r7, lsr #28
    8f4c:	e1a07207 	lsl	r7, r7, #4
    8f50:	e1800007 	orr	r0, r0, r7
    8f54:	e1811008 	orr	r1, r1, r8
    8f58:	e3c22000 	bic	r2, r2, #0
    8f5c:	e3c334f0 	bic	r3, r3, #240, 8	@ 0xf0000000
    8f60:	e3a07000 	mov	r7, #0
    8f64:	e1822006 	orr	r2, r2, r6
    8f68:	e1833007 	orr	r3, r3, r7
    8f6c:	e1a06002 	mov	r6, r2
    8f70:	e1a07003 	mov	r7, r3
    8f74:	e3520001 	cmp	r2, #1
    8f78:	e2d3c680 	sbcs	ip, r3, #128, 12	@ 0x8000000
    8f7c:	3a000002 	bcc	0x8f8c
    8f80:	e2900001 	adds	r0, r0, #1
    8f84:	e2a11000 	adc	r1, r1, #0
    8f88:	ea000007 	b	0x8fac
    8f8c:	e3570680 	cmp	r7, #128, 12	@ 0x8000000
    8f90:	1a000000 	bne	0x8f98
    8f94:	e3560000 	cmp	r6, #0
    8f98:	1a000003 	bne	0x8fac
    8f9c:	e2002001 	and	r2, r0, #1
    8fa0:	e2013000 	and	r3, r1, #0
    8fa4:	e0920000 	adds	r0, r2, r0
    8fa8:	e0a31001 	adc	r1, r3, r1
    8fac:	e2202000 	eor	r2, r0, #0
    8fb0:	e2213940 	eor	r3, r1, #64, 18	@ 0x100000
    8fb4:	e3e0c000 	mvn	ip, #0
    8fb8:	e15c0000 	cmp	ip, r0
    8fbc:	e3e0c20f 	mvn	ip, #-268435456	@ 0xf0000000
    8fc0:	e3ccc6ff 	bic	ip, ip, #267386880	@ 0xff00000
    8fc4:	e0dcc001 	sbcs	ip, ip, r1
    8fc8:	e3a06000 	mov	r6, #0
    8fcc:	33a06001 	movcc	r6, #1
    8fd0:	e1a07006 	mov	r7, r6
    8fd4:	e3560000 	cmp	r6, #0
    8fd8:	e1a08002 	mov	r8, r2
    8fdc:	01a08000 	moveq	r8, r0
    8fe0:	e1a0e003 	mov	lr, r3
    8fe4:	01a0e001 	moveq	lr, r1
    8fe8:	e5848000 	str	r8, [r4]
    8fec:	e584e004 	str	lr, [r4, #4]
    8ff0:	e5847024 	str	r7, [r4, #36]	@ 0x24
    8ff4:	e3a0e000 	mov	lr, #0
    8ff8:	e584e028 	str	lr, [r4, #40]	@ 0x28
    8ffc:	e594c010 	ldr	ip, [r4, #16]
    9000:	e28c0020 	add	r0, ip, #32
    9004:	e595103c 	ldr	r1, [r5, #60]	@ 0x3c
    9008:	e5810008 	str	r0, [r1, #8]
    900c:	e594c024 	ldr	ip, [r4, #36]	@ 0x24
    9010:	e1a01a0c 	lsl	r1, ip, #20
    9014:	e3a00000 	mov	r0, #0
    9018:	e5942008 	ldr	r2, [r4, #8]
    901c:	e594300c 	ldr	r3, [r4, #12]
    9020:	e2022000 	and	r2, r2, #0
    9024:	e2033480 	and	r3, r3, #128, 8	@ 0x80000000
    9028:	e1800002 	orr	r0, r0, r2
    902c:	e1811003 	orr	r1, r1, r3
    9030:	e594c000 	ldr	ip, [r4]
    9034:	e180000c 	orr	r0, r0, ip
    9038:	e594c004 	ldr	ip, [r4, #4]
    903c:	e181100c 	orr	r1, r1, ip
    9040:	ec410a10 	vmov	s0, s1, r0, r1
    9044:	ed840b16 	vstr	d0, [r4, #88]	@ 0x58
    9048:	e59f0554 	ldr	r0, [pc, #1364]	@ 0x95a4
    904c:	e30ccabc 	movw	ip, #51900	@ 0xcabc
    9050:	e34ccdef 	movt	ip, #52719	@ 0xcdef
    9054:	e28dd004 	add	sp, sp, #4
    9058:	e8bd8fc0 	pop	{r6, r7, r8, r9, sl, fp, pc}
    905c:	e3a00008 	mov	r0, #8
    9060:	e59d1000 	ldr	r1, [sp]
    9064:	e5810010 	str	r0, [r1, #16]
    9068:	e59d0000 	ldr	r0, [sp]
    906c:	e59d101c 	ldr	r1, [sp, #28]
    9070:	e59fc530 	ldr	ip, [pc, #1328]	@ 0x95a8
    9074:	e12fff3c 	blx	ip
    9078:	e28dd004 	add	sp, sp, #4
    907c:	e8bd0fc0 	pop	{r6, r7, r8, r9, sl, fp}
    9080:	e28dd004 	add	sp, sp, #4
    9084:	e12fff10 	bx	r0
    9088:	e52de004 	push	{lr}		@ (str lr, [sp, #-4]!)
    908c:	e24dd004 	sub	sp, sp, #4
    9090:	e58d0000 	str	r0, [sp]
    9094:	e30cc123 	movw	ip, #49443	@ 0xc123
    9098:	e34cc456 	movt	ip, #50262	@ 0xc456
    909c:	e5940000 	ldr	r0, [r4]
    90a0:	e595103c 	ldr	r1, [r5, #60]	@ 0x3c
    90a4:	e5810008 	str	r0, [r1, #8]
    90a8:	e59f04fc 	ldr	r0, [pc, #1276]	@ 0x95ac
    90ac:	e30ccabc 	movw	ip, #51900	@ 0xcabc
    90b0:	e34ccdef 	movt	ip, #52719	@ 0xcdef
    90b4:	e28dd004 	add	sp, sp, #4
    90b8:	e49df004 	pop	{pc}		@ (ldr pc, [sp], #4)
    90bc:	e52de004 	push	{lr}		@ (str lr, [sp, #-4]!)
    90c0:	e24dd004 	sub	sp, sp, #4
    90c4:	e58d0000 	str	r0, [sp]
    90c8:	e30cc123 	movw	ip, #49443	@ 0xc123
    90cc:	e34cc456 	movt	ip, #50262	@ 0xc456
    90d0:	e595e03c 	ldr	lr, [r5, #60]	@ 0x3c
    90d4:	e59e0008 	ldr	r0, [lr, #8]
    90d8:	e5840000 	str	r0, [r4]
    90dc:	e59f04cc 	ldr	r0, [pc, #1228]	@ 0x95b0
    90e0:	e30ccabc 	movw	ip, #51900	@ 0xcabc
    90e4:	e34ccdef 	movt	ip, #52719	@ 0xcdef
    90e8:	e28dd004 	add	sp, sp, #4
    90ec:	e49df004 	pop	{pc}		@ (ldr pc, [sp], #4)
    90f0:	e52de004 	push	{lr}		@ (str lr, [sp, #-4]!)
    90f4:	e24dd004 	sub	sp, sp, #4
    90f8:	e58d0000 	str	r0, [sp]
    90fc:	e30cc123 	movw	ip, #49443	@ 0xc123
    9100:	e34cc456 	movt	ip, #50262	@ 0xc456
    9104:	e5940000 	ldr	r0, [r4]
    9108:	e3500099 	cmp	r0, #153	@ 0x99
    910c:	83a00000 	movhi	r0, #0
    9110:	e1a00080 	lsl	r0, r0, #1
    9114:	e1a02000 	mov	r2, r0
    9118:	e5951030 	ldr	r1, [r5, #48]	@ 0x30
    911c:	e59fe490 	ldr	lr, [pc, #1168]	@ 0x95b4
    9120:	e3a0cb42 	mov	ip, #67584	@ 0x10800
    9124:	e38ccf74 	orr	ip, ip, #116, 30	@ 0x1d0
    9128:	e092200c 	adds	r2, r2, ip
    912c:	2a00000b 	bcs	0x9160
    9130:	e59fc47c 	ldr	ip, [pc, #1148]	@ 0x95b4
    9134:	e152000c 	cmp	r2, ip
    9138:	8a000008 	bhi	0x9160
    913c:	e7e012f2 			@ <UNDEFINED> instruction: 0xe7e012f2
    9140:	e2800b40 	add	r0, r0, #64, 22	@ 0x10000
    9144:	e2800f98 	add	r0, r0, #152, 30	@ 0x260
    9148:	e5840018 	str	r0, [r4, #24]
    914c:	e59f0464 	ldr	r0, [pc, #1124]	@ 0x95b8
    9150:	e30ccabc 	movw	ip, #51900	@ 0xcabc
    9154:	e34ccdef 	movt	ip, #52719	@ 0xcdef
    9158:	e28dd004 	add	sp, sp, #4
    915c:	e49df004 	pop	{pc}		@ (ldr pc, [sp], #4)
    9160:	e3a00008 	mov	r0, #8
    9164:	e59d1000 	ldr	r1, [sp]
    9168:	e5810010 	str	r0, [r1, #16]
    916c:	e59d0000 	ldr	r0, [sp]
    9170:	e59d1004 	ldr	r1, [sp, #4]
    9174:	e59fc440 	ldr	ip, [pc, #1088]	@ 0x95bc
    9178:	e12fff3c 	blx	ip
    917c:	e28dd008 	add	sp, sp, #8
    9180:	e12fff10 	bx	r0
    9184:	e52de004 	push	{lr}		@ (str lr, [sp, #-4]!)
    9188:	e24dd004 	sub	sp, sp, #4
    918c:	e58d0000 	str	r0, [sp]
    9190:	e30cc123 	movw	ip, #49443	@ 0xc123
    9194:	e34cc456 	movt	ip, #50262	@ 0xc456
    9198:	e5940000 	ldr	r0, [r4]
    919c:	e5840000 	str	r0, [r4]
    91a0:	e5840000 	str	r0, [r4]
    91a4:	e3a009fd 	mov	r0, #4145152	@ 0x3f4000
    91a8:	e3800da1 	orr	r0, r0, #10304	@ 0x2840
    91ac:	e1a01004 	mov	r1, r4
    91b0:	e59d2000 	ldr	r2, [sp]
    91b4:	e59fc404 	ldr	ip, [pc, #1028]	@ 0x95c0
    91b8:	e12fff3c 	blx	ip
    91bc:	e3500000 	cmp	r0, #0
    91c0:	1a000006 	bne	0x91e0
    91c4:	e5940004 	ldr	r0, [r4, #4]
    91c8:	e5840004 	str	r0, [r4, #4]
    91cc:	e59f03f0 	ldr	r0, [pc, #1008]	@ 0x95c4
    91d0:	e30ccabc 	movw	ip, #51900	@ 0xcabc
    91d4:	e34ccdef 	movt	ip, #52719	@ 0xcdef
    91d8:	e28dd004 	add	sp, sp, #4
    91dc:	e49df004 	pop	{pc}		@ (ldr pc, [sp], #4)
    91e0:	e59d0000 	ldr	r0, [sp]
    91e4:	e59d1004 	ldr	r1, [sp, #4]
    91e8:	e59fc3d8 	ldr	ip, [pc, #984]	@ 0x95c8
    91ec:	e12fff3c 	blx	ip
    91f0:	e28dd008 	add	sp, sp, #8
    91f4:	e12fff10 	bx	r0
    91f8:	e52de004 	push	{lr}		@ (str lr, [sp, #-4]!)
    91fc:	e24dd004 	sub	sp, sp, #4
    9200:	e58d0000 	str	r0, [sp]
    9204:	e30cc123 	movw	ip, #49443	@ 0xc123
    9208:	e34cc456 	movt	ip, #50262	@ 0xc456
    920c:	e3a0e001 	mov	lr, #1
    9210:	e584e000 	str	lr, [r4]
    9214:	e59f03b0 	ldr	r0, [pc, #944]	@ 0x95cc
    9218:	e30ccabc 	movw	ip, #51900	@ 0xcabc
    921c:	e34ccdef 	movt	ip, #52719	@ 0xcdef
    9220:	e28dd004 	add	sp, sp, #4
    9224:	e49df004 	pop	{pc}		@ (ldr pc, [sp], #4)
    9228:	e52de004 	push	{lr}		@ (str lr, [sp, #-4]!)
    922c:	e24dd004 	sub	sp, sp, #4
    9230:	e58d0000 	str	r0, [sp]
    9234:	e30cc123 	movw	ip, #49443	@ 0xc123
    9238:	e34cc456 	movt	ip, #50262	@ 0xc456
    923c:	e1a0e005 	mov	lr, r5
    9240:	e59e0068 	ldr	r0, [lr, #104]	@ 0x68
    9244:	e5840000 	str	r0, [r4]
    9248:	e59f0380 	ldr	r0, [pc, #896]	@ 0x95d0
    924c:	e30ccabc 	movw	ip, #51900	@ 0xcabc
    9250:	e34ccdef 	movt	ip, #52719	@ 0xcdef
    9254:	e28dd004 	add	sp, sp, #4
    9258:	e49df004 	pop	{pc}		@ (ldr pc, [sp], #4)
    925c:	e52de004 	push	{lr}		@ (str lr, [sp, #-4]!)
    9260:	e24dd004 	sub	sp, sp, #4
    9264:	e58d0000 	str	r0, [sp]
    9268:	e30cc123 	movw	ip, #49443	@ 0xc123
    926c:	e34cc456 	movt	ip, #50262	@ 0xc456
    9270:	e1a0e005 	mov	lr, r5
    9274:	e59e006c 	ldr	r0, [lr, #108]	@ 0x6c
    9278:	e5840000 	str	r0, [r4]
    927c:	e59f0350 	ldr	r0, [pc, #848]	@ 0x95d4
    9280:	e30ccabc 	movw	ip, #51900	@ 0xcabc
    9284:	e34ccdef 	movt	ip, #52719	@ 0xcdef
    9288:	e28dd004 	add	sp, sp, #4
    928c:	e49df004 	pop	{pc}		@ (ldr pc, [sp], #4)
    9290:	e52de004 	push	{lr}		@ (str lr, [sp, #-4]!)
    9294:	e24dd004 	sub	sp, sp, #4
    9298:	e58d0000 	str	r0, [sp]
    929c:	e30cc123 	movw	ip, #49443	@ 0xc123
    92a0:	e34cc456 	movt	ip, #50262	@ 0xc456
    92a4:	e1a0e005 	mov	lr, r5
    92a8:	e59e0070 	ldr	r0, [lr, #112]	@ 0x70
    92ac:	e5840000 	str	r0, [r4]
    92b0:	e59f0320 	ldr	r0, [pc, #800]	@ 0x95d8
    92b4:	e30ccabc 	movw	ip, #51900	@ 0xcabc
    92b8:	e34ccdef 	movt	ip, #52719	@ 0xcdef
    92bc:	e28dd004 	add	sp, sp, #4
    92c0:	e49df004 	pop	{pc}		@ (ldr pc, [sp], #4)
    92c4:	e52de004 	push	{lr}		@ (str lr, [sp, #-4]!)
    92c8:	e24dd004 	sub	sp, sp, #4
    92cc:	e58d0000 	str	r0, [sp]
    92d0:	e30cc123 	movw	ip, #49443	@ 0xc123
    92d4:	e34cc456 	movt	ip, #50262	@ 0xc456
    92d8:	e1a0e005 	mov	lr, r5
    92dc:	e59e0074 	ldr	r0, [lr, #116]	@ 0x74
    92e0:	e5840000 	str	r0, [r4]
    92e4:	e59f02f0 	ldr	r0, [pc, #752]	@ 0x95dc
    92e8:	e30ccabc 	movw	ip, #51900	@ 0xcabc
    92ec:	e34ccdef 	movt	ip, #52719	@ 0xcdef
    92f0:	e28dd004 	add	sp, sp, #4
    92f4:	e49df004 	pop	{pc}		@ (ldr pc, [sp], #4)
    92f8:	e52de004 	push	{lr}		@ (str lr, [sp, #-4]!)
    92fc:	e24dd004 	sub	sp, sp, #4
    9300:	e58d0000 	str	r0, [sp]
    9304:	e30cc123 	movw	ip, #49443	@ 0xc123
    9308:	e34cc456 	movt	ip, #50262	@ 0xc456
    930c:	e1a0e005 	mov	lr, r5
    9310:	e59e0078 	ldr	r0, [lr, #120]	@ 0x78
    9314:	e5840000 	str	r0, [r4]
    9318:	e59f02c0 	ldr	r0, [pc, #704]	@ 0x95e0
    931c:	e30ccabc 	movw	ip, #51900	@ 0xcabc
    9320:	e34ccdef 	movt	ip, #52719	@ 0xcdef
    9324:	e28dd004 	add	sp, sp, #4
    9328:	e49df004 	pop	{pc}		@ (ldr pc, [sp], #4)
    932c:	e52de004 	push	{lr}		@ (str lr, [sp, #-4]!)
    9330:	e24dd004 	sub	sp, sp, #4
    9334:	e58d0000 	str	r0, [sp]
    9338:	e30cc123 	movw	ip, #49443	@ 0xc123
    933c:	e34cc456 	movt	ip, #50262	@ 0xc456
    9340:	e1a0e005 	mov	lr, r5
    9344:	e59e007c 	ldr	r0, [lr, #124]	@ 0x7c
    9348:	e5840000 	str	r0, [r4]
    934c:	e59f0290 	ldr	r0, [pc, #656]	@ 0x95e4
    9350:	e30ccabc 	movw	ip, #51900	@ 0xcabc
    9354:	e34ccdef 	movt	ip, #52719	@ 0xcdef
    9358:	e28dd004 	add	sp, sp, #4
    935c:	e49df004 	pop	{pc}		@ (ldr pc, [sp], #4)
    9360:	e52de004 	push	{lr}		@ (str lr, [sp, #-4]!)
    9364:	e24dd004 	sub	sp, sp, #4
    9368:	e58d0000 	str	r0, [sp]
    936c:	e30cc123 	movw	ip, #49443	@ 0xc123
    9370:	e34cc456 	movt	ip, #50262	@ 0xc456
    9374:	e1a0e005 	mov	lr, r5
    9378:	e59e005c 	ldr	r0, [lr, #92]	@ 0x5c
    937c:	e5840000 	str	r0, [r4]
    9380:	e59f0260 	ldr	r0, [pc, #608]	@ 0x95e8
    9384:	e30ccabc 	movw	ip, #51900	@ 0xcabc
    9388:	e34ccdef 	movt	ip, #52719	@ 0xcdef
    938c:	e28dd004 	add	sp, sp, #4
    9390:	e49df004 	pop	{pc}		@ (ldr pc, [sp], #4)
    9394:	e52de004 	push	{lr}		@ (str lr, [sp, #-4]!)
    9398:	e24dd004 	sub	sp, sp, #4
    939c:	e58d0000 	str	r0, [sp]
    93a0:	e30cc123 	movw	ip, #49443	@ 0xc123
    93a4:	e34cc456 	movt	ip, #50262	@ 0xc456
    93a8:	e1a0e005 	mov	lr, r5
    93ac:	e59e009c 	ldr	r0, [lr, #156]	@ 0x9c
    93b0:	e5840000 	str	r0, [r4]
    93b4:	e59f0230 	ldr	r0, [pc, #560]	@ 0x95ec
    93b8:	e30ccabc 	movw	ip, #51900	@ 0xcabc
    93bc:	e34ccdef 	movt	ip, #52719	@ 0xcdef
    93c0:	e28dd004 	add	sp, sp, #4
    93c4:	e49df004 	pop	{pc}		@ (ldr pc, [sp], #4)
    93c8:	e52de004 	push	{lr}		@ (str lr, [sp, #-4]!)
    93cc:	e24dd004 	sub	sp, sp, #4
    93d0:	e58d0000 	str	r0, [sp]
    93d4:	e30cc123 	movw	ip, #49443	@ 0xc123
    93d8:	e34cc456 	movt	ip, #50262	@ 0xc456
    93dc:	e1a0e005 	mov	lr, r5
    93e0:	e59e0098 	ldr	r0, [lr, #152]	@ 0x98
    93e4:	e5840000 	str	r0, [r4]
    93e8:	e59f0200 	ldr	r0, [pc, #512]	@ 0x95f0
    93ec:	e30ccabc 	movw	ip, #51900	@ 0xcabc
    93f0:	e34ccdef 	movt	ip, #52719	@ 0xcdef
    93f4:	e28dd004 	add	sp, sp, #4
    93f8:	e49df004 	pop	{pc}		@ (ldr pc, [sp], #4)
    93fc:	e52de004 	push	{lr}		@ (str lr, [sp, #-4]!)
    9400:	e24dd004 	sub	sp, sp, #4
    9404:	e58d0000 	str	r0, [sp]
    9408:	e30cc123 	movw	ip, #49443	@ 0xc123
    940c:	e34cc456 	movt	ip, #50262	@ 0xc456
    9410:	e1a0e005 	mov	lr, r5
    9414:	e59e00a0 	ldr	r0, [lr, #160]	@ 0xa0
    9418:	e5840000 	str	r0, [r4]
    941c:	e59f01d0 	ldr	r0, [pc, #464]	@ 0x95f4
    9420:	e30ccabc 	movw	ip, #51900	@ 0xcabc
    9424:	e34ccdef 	movt	ip, #52719	@ 0xcdef
    9428:	e28dd004 	add	sp, sp, #4
    942c:	e49df004 	pop	{pc}		@ (ldr pc, [sp], #4)
    9430:	e52de004 	push	{lr}		@ (str lr, [sp, #-4]!)
    9434:	e24dd004 	sub	sp, sp, #4
    9438:	e58d0000 	str	r0, [sp]
    943c:	e30cc123 	movw	ip, #49443	@ 0xc123
    9440:	e34cc456 	movt	ip, #50262	@ 0xc456
    9444:	e1a0e005 	mov	lr, r5
    9448:	e59e0108 	ldr	r0, [lr, #264]	@ 0x108
    944c:	e5840000 	str	r0, [r4]
    9450:	e59f01a0 	ldr	r0, [pc, #416]	@ 0x95f8
    9454:	e30ccabc 	movw	ip, #51900	@ 0xcabc
    9458:	e34ccdef 	movt	ip, #52719	@ 0xcdef
    945c:	e28dd004 	add	sp, sp, #4
    9460:	e49df004 	pop	{pc}		@ (ldr pc, [sp], #4)
    9464:	e52de004 	push	{lr}		@ (str lr, [sp, #-4]!)
    9468:	e24dd004 	sub	sp, sp, #4
    946c:	e58d0000 	str	r0, [sp]
    9470:	e30cc123 	movw	ip, #49443	@ 0xc123
    9474:	e34cc456 	movt	ip, #50262	@ 0xc456
    9478:	e1a0e005 	mov	lr, r5
    947c:	e59e010c 	ldr	r0, [lr, #268]	@ 0x10c
    9480:	e5840000 	str	r0, [r4]
    9484:	e59f0170 	ldr	r0, [pc, #368]	@ 0x95fc
    9488:	e30ccabc 	movw	ip, #51900	@ 0xcabc
    948c:	e34ccdef 	movt	ip, #52719	@ 0xcdef
    9490:	e28dd004 	add	sp, sp, #4
    9494:	e49df004 	pop	{pc}		@ (ldr pc, [sp], #4)
    9498:	e52de004 	push	{lr}		@ (str lr, [sp, #-4]!)
    949c:	e24dd004 	sub	sp, sp, #4
    94a0:	e58d0000 	str	r0, [sp]
    94a4:	e30cc123 	movw	ip, #49443	@ 0xc123
    94a8:	e34cc456 	movt	ip, #50262	@ 0xc456
    94ac:	e1a0e005 	mov	lr, r5
    94b0:	e59e0134 	ldr	r0, [lr, #308]	@ 0x134
    94b4:	e5840000 	str	r0, [r4]
    94b8:	e59f0140 	ldr	r0, [pc, #320]	@ 0x9600
    94bc:	e30ccabc 	movw	ip, #51900	@ 0xcabc
    94c0:	e34ccdef 	movt	ip, #52719	@ 0xcdef
    94c4:	e28dd004 	add	sp, sp, #4
    94c8:	e49df004 	pop	{pc}		@ (ldr pc, [sp], #4)
    94cc:	e52de004 	push	{lr}		@ (str lr, [sp, #-4]!)
    94d0:	e24dd004 	sub	sp, sp, #4
    94d4:	e58d0000 	str	r0, [sp]
    94d8:	e30cc123 	movw	ip, #49443	@ 0xc123
    94dc:	e34cc456 	movt	ip, #50262	@ 0xc456
    94e0:	e1a0e005 	mov	lr, r5
    94e4:	e59e013c 	ldr	r0, [lr, #316]	@ 0x13c
    94e8:	e5840000 	str	r0, [r4]
    94ec:	e59f0110 	ldr	r0, [pc, #272]	@ 0x9604
    94f0:	e30ccabc 	movw	ip, #51900	@ 0xcabc
    94f4:	e34ccdef 	movt	ip, #52719	@ 0xcdef
    94f8:	e28dd004 	add	sp, sp, #4
    94fc:	e49df004 	pop	{pc}		@ (ldr pc, [sp], #4)
    9500:	e52de004 	push	{lr}		@ (str lr, [sp, #-4]!)
    9504:	e24dd004 	sub	sp, sp, #4
    9508:	e58d0000 	str	r0, [sp]
    950c:	e30cc123 	movw	ip, #49443	@ 0xc123
    9510:	e34cc456 	movt	ip, #50262	@ 0xc456
    9514:	e3a0eb40 	mov	lr, #64, 22	@ 0x10000
    9518:	e584e000 	str	lr, [r4]
    951c:	e59f00e4 	ldr	r0, [pc, #228]	@ 0x9608
    9520:	e30ccabc 	movw	ip, #51900	@ 0xcabc
    9524:	e34ccdef 	movt	ip, #52719	@ 0xcdef
    9528:	e28dd004 	add	sp, sp, #4
    952c:	e49df004 	pop	{pc}		@ (ldr pc, [sp], #4)
    9530:	e52de004 	push	{lr}		@ (str lr, [sp, #-4]!)
    9534:	e24dd004 	sub	sp, sp, #4
    9538:	e58d0000 	str	r0, [sp]
    953c:	e30cc123 	movw	ip, #49443	@ 0xc123
    9540:	e34cc456 	movt	ip, #50262	@ 0xc456
    9544:	e3a0eb42 	mov	lr, #67584	@ 0x10800
    9548:	e38eefc2 	orr	lr, lr, #776	@ 0x308
    954c:	e584e000 	str	lr, [r4]
    9550:	e59f00b4 	ldr	r0, [pc, #180]	@ 0x960c
    9554:	e30ccabc 	movw	ip, #51900	@ 0xcabc
    9558:	e34ccdef 	movt	ip, #52719	@ 0xcdef
    955c:	e28dd004 	add	sp, sp, #4
    9560:	e49df004 	pop	{pc}		@ (ldr pc, [sp], #4)
    9564:	ea000029 	b	0x9610
	...
    9578:	003f9520 	eorseq	r9, pc, r0, lsr #10
    957c:	003ff70c 	eorseq	pc, pc, ip, lsl #14
    9580:	003f8fd4 	ldrsbteq	r8, [pc], -r4
    9584:	0101fff8 	strdeq	pc, [r1, -r8]
    9588:	00048004 	andeq	r8, r4, r4
    958c:	00405c24 	subeq	r5, r0, r4, lsr #24
    9590:	00048004 	andeq	r8, r4, r4
    9594:	00407c48 	subeq	r7, r0, r8, asr #24
    9598:	0004890c 	andeq	r8, r4, ip, lsl #18
    959c:	00407ca0 	subeq	r7, r0, r0, lsr #25
    95a0:	0004890c 	andeq	r8, r4, ip, lsl #18
    95a4:	00407ebc 	strheq	r7, [r0], #-236	@ 0xffffff14
    95a8:	00048004 	andeq	r8, r4, r4
    95ac:	00402284 	subeq	r2, r0, r4, lsl #5
    95b0:	003f8bbc 	ldrhteq	r8, [pc], -ip
    95b4:	0101fffe 	strdeq	pc, [r1, -lr]
    95b8:	003f7a38 	eorseq	r7, pc, r8, lsr sl	@ <UNPREDICTABLE>
    95bc:	00048004 	andeq	r8, r4, r4
    95c0:	0004890c 	andeq	r8, r4, ip, lsl #18
    95c4:	003f685c 	eorseq	r6, pc, ip, asr r8	@ <UNPREDICTABLE>
    95c8:	00048004 	andeq	r8, r4, r4
    95cc:	003f638c 	eorseq	r6, pc, ip, lsl #7
    95d0:	003f6af4 	ldrshteq	r6, [pc], -r4
    95d4:	003f6b7c 	eorseq	r6, pc, ip, ror fp	@ <UNPREDICTABLE>
    95d8:	003f6c04 	eorseq	r6, pc, r4, lsl #24
    95dc:	003f6c8c 	eorseq	r6, pc, ip, lsl #25
    95e0:	003f6d14 	eorseq	r6, pc, r4, lsl sp	@ <UNPREDICTABLE>
    95e4:	003f6d9c 	mlaseq	pc, ip, sp, r6	@ <UNPREDICTABLE>
    95e8:	003f6e24 	eorseq	r6, pc, r4, lsr #28
    95ec:	003f6eac 	eorseq	r6, pc, ip, lsr #29
    95f0:	003f6f34 	eorseq	r6, pc, r4, lsr pc	@ <UNPREDICTABLE>
    95f4:	003f6fbc 	ldrhteq	r6, [pc], -ip
    95f8:	003f7044 	eorseq	r7, pc, r4, asr #32
    95fc:	003f727c 	eorseq	r7, pc, ip, ror r2	@ <UNPREDICTABLE>
    9600:	003f7304 	eorseq	r7, pc, r4, lsl #6
    9604:	003f738c 	eorseq	r7, pc, ip, lsl #7
    9608:	0040238c 	subeq	r2, r0, ip, lsl #7
    960c:	003f8644 	eorseq	r8, pc, r4, asr #12
    9610:	e1a00000 	nop			@ (mov r0, r0)
    9614:	e1a00000 	nop			@ (mov r0, r0)
    9618:	e1a00000 	nop			@ (mov r0, r0)
    961c:	e1a00000 	nop			@ (mov r0, r0)
    9620:	e1a00000 	nop			@ (mov r0, r0)
    9624:	e1a00000 	nop			@ (mov r0, r0)
    9628:	e1a00000 	nop			@ (mov r0, r0)
    962c:	e1a00000 	nop			@ (mov r0, r0)
    9630:	e1a00000 	nop			@ (mov r0, r0)
    9634:	e1a00000 	nop			@ (mov r0, r0)
    9638:	e1a00000 	nop			@ (mov r0, r0)
    963c:	e1a00000 	nop			@ (mov r0, r0)
    9640:	e1a00000 	nop			@ (mov r0, r0)
    9644:	e1a00000 	nop			@ (mov r0, r0)
    9648:	e1a00000 	nop			@ (mov r0, r0)
    964c:	e1a00000 	nop			@ (mov r0, r0)
    9650:	e1a00000 	nop			@ (mov r0, r0)
    9654:	e1a00000 	nop			@ (mov r0, r0)
    9658:	e1a00000 	nop			@ (mov r0, r0)
    965c:	e1a00000 	nop			@ (mov r0, r0)
    9660:	e1a00000 	nop			@ (mov r0, r0)
    9664:	e1a00000 	nop			@ (mov r0, r0)
    9668:	e1a00000 	nop			@ (mov r0, r0)
    966c:	e1a00000 	nop			@ (mov r0, r0)
    9670:	e1a00000 	nop			@ (mov r0, r0)
    9674:	e1a00000 	nop			@ (mov r0, r0)
    9678:	e1a00000 	nop			@ (mov r0, r0)
    967c:	e1a00000 	nop			@ (mov r0, r0)
    9680:	e1a00000 	nop			@ (mov r0, r0)
    9684:	e1a00000 	nop			@ (mov r0, r0)
    9688:	e1a00000 	nop			@ (mov r0, r0)
    968c:	e1a00000 	nop			@ (mov r0, r0)
    9690:	e1a00000 	nop			@ (mov r0, r0)
    9694:	e1a00000 	nop			@ (mov r0, r0)
    9698:	e1a00000 	nop			@ (mov r0, r0)
    969c:	e1a00000 	nop			@ (mov r0, r0)
    96a0:	e1a00000 	nop			@ (mov r0, r0)
    96a4:	e1a00000 	nop			@ (mov r0, r0)
    96a8:	e1a00000 	nop			@ (mov r0, r0)
    96ac:	e1a00000 	nop			@ (mov r0, r0)
    96b0:	e1a00000 	nop			@ (mov r0, r0)
    96b4:	e1a00000 	nop			@ (mov r0, r0)
    96b8:	e1a00000 	nop			@ (mov r0, r0)
    96bc:	e1a00000 	nop			@ (mov r0, r0)
    96c0:	e1a00000 	nop			@ (mov r0, r0)
    96c4:	e1a00000 	nop			@ (mov r0, r0)
    96c8:	e1a00000 	nop			@ (mov r0, r0)
    96cc:	e1a00000 	nop			@ (mov r0, r0)
    96d0:	e1a00000 	nop			@ (mov r0, r0)
    96d4:	e1a00000 	nop			@ (mov r0, r0)
    96d8:	e1a00000 	nop			@ (mov r0, r0)
    96dc:	e1a00000 	nop			@ (mov r0, r0)
    96e0:	e1a00000 	nop			@ (mov r0, r0)
    96e4:	e1a00000 	nop			@ (mov r0, r0)
    96e8:	e1a00000 	nop			@ (mov r0, r0)
    96ec:	e1a00000 	nop			@ (mov r0, r0)
    96f0:	e1a00000 	nop			@ (mov r0, r0)
    96f4:	e1a00000 	nop			@ (mov r0, r0)
    96f8:	e1a00000 	nop			@ (mov r0, r0)
    96fc:	e1a00000 	nop			@ (mov r0, r0)
    9700:	e1a00000 	nop			@ (mov r0, r0)
    9704:	e1a00000 	nop			@ (mov r0, r0)
    9708:	e1a00000 	nop			@ (mov r0, r0)
    970c:	e1a00000 	nop			@ (mov r0, r0)
    9710:	e1a00000 	nop			@ (mov r0, r0)
    9714:	e1a00000 	nop			@ (mov r0, r0)
    9718:	e1a00000 	nop			@ (mov r0, r0)
    971c:	e1a00000 	nop			@ (mov r0, r0)
    9720:	e1a00000 	nop			@ (mov r0, r0)
    9724:	e1a00000 	nop			@ (mov r0, r0)
