
/tmp/jit_dump.bin:     file format binary


Disassembly of section .data:

00000000 <.data>:
       0:	e92d4030 	push	{r4, r5, lr}
       4:	e1a04001 	mov	r4, r1
       8:	e24dd004 	sub	sp, sp, #4
       c:	e5905008 	ldr	r5, [r0, #8]
      10:	e12fff32 	blx	r2
      14:	e28dd004 	add	sp, sp, #4
      18:	e8bd8030 	pop	{r4, r5, pc}
      1c:	e52de004 	push	{lr}		@ (str lr, [sp, #-4]!)
      20:	e24dd004 	sub	sp, sp, #4
      24:	e58d0000 	str	r0, [sp]
      28:	e30cc123 	movw	ip, #49443	@ 0xc123
      2c:	e34cc456 	movt	ip, #50262	@ 0xc456
      30:	e59f0fe0 	ldr	r0, [pc, #4064]	@ 0x1018
      34:	e1a01004 	mov	r1, r4
      38:	e59d2000 	ldr	r2, [sp]
      3c:	e59fcfd8 	ldr	ip, [pc, #4056]	@ 0x101c
      40:	e12fff3c 	blx	ip
      44:	e3500000 	cmp	r0, #0
      48:	1a00000b 	bne	0x7c
      4c:	e59f0fcc 	ldr	r0, [pc, #4044]	@ 0x1020
      50:	e1a01004 	mov	r1, r4
      54:	e59d2000 	ldr	r2, [sp]
      58:	e59fcfc4 	ldr	ip, [pc, #4036]	@ 0x1024
      5c:	e12fff3c 	blx	ip
      60:	e3500000 	cmp	r0, #0
      64:	1a000004 	bne	0x7c
      68:	e59f0fb8 	ldr	r0, [pc, #4024]	@ 0x1028
      6c:	e30ccabc 	movw	ip, #51900	@ 0xcabc
      70:	e34ccdef 	movt	ip, #52719	@ 0xcdef
      74:	e28dd004 	add	sp, sp, #4
      78:	e49df004 	pop	{pc}		@ (ldr pc, [sp], #4)
      7c:	e59d0000 	ldr	r0, [sp]
      80:	e59d1004 	ldr	r1, [sp, #4]
      84:	e59fcfa0 	ldr	ip, [pc, #4000]	@ 0x102c
      88:	e12fff3c 	blx	ip
      8c:	e28dd008 	add	sp, sp, #8
      90:	e12fff10 	bx	r0
      94:	e92d41c0 	push	{r6, r7, r8, lr}
      98:	e24dd008 	sub	sp, sp, #8
      9c:	e58d0000 	str	r0, [sp]
      a0:	e30cc123 	movw	ip, #49443	@ 0xc123
      a4:	e34cc456 	movt	ip, #50262	@ 0xc456
      a8:	e5940000 	ldr	r0, [r4]
      ac:	e5941004 	ldr	r1, [r4, #4]
      b0:	e595e03c 	ldr	lr, [r5, #60]	@ 0x3c
      b4:	e59e2008 	ldr	r2, [lr, #8]
      b8:	e2426010 	sub	r6, r2, #16
      bc:	e595203c 	ldr	r2, [r5, #60]	@ 0x3c
      c0:	e5826008 	str	r6, [r2, #8]
      c4:	e1a03006 	mov	r3, r6
      c8:	e5952030 	ldr	r2, [r5, #48]	@ 0x30
      cc:	e59fcf5c 	ldr	ip, [pc, #3932]	@ 0x1030
      d0:	e153000c 	cmp	r3, ip
      d4:	8a00005a 	bhi	0x244
      d8:	e082c003 	add	ip, r2, r3
      dc:	e58c0000 	str	r0, [ip]
      e0:	e58c1004 	str	r1, [ip, #4]
      e4:	e1a03006 	mov	r3, r6
      e8:	e5952030 	ldr	r2, [r5, #48]	@ 0x30
      ec:	e59fcf3c 	ldr	ip, [pc, #3900]	@ 0x1030
      f0:	e153000c 	cmp	r3, ip
      f4:	8a000052 	bhi	0x244
      f8:	e082c003 	add	ip, r2, r3
      fc:	e59c0000 	ldr	r0, [ip]
     100:	e59c1004 	ldr	r1, [ip, #4]
     104:	e270c001 	rsbs	ip, r0, #1
     108:	e2f1c000 	rscs	ip, r1, #0
     10c:	e3a00000 	mov	r0, #0
     110:	a3a00001 	movge	r0, #1
     114:	e3100001 	tst	r0, #1
     118:	0a00000a 	beq	0x148
     11c:	e1a01006 	mov	r1, r6
     120:	e5950030 	ldr	r0, [r5, #48]	@ 0x30
     124:	e59fef04 	ldr	lr, [pc, #3844]	@ 0x1030
     128:	e7f1e0f8 	udf	#7688	@ 0x1e08
     12c:	2a000044 	bcs	0x244
     130:	e0800001 	add	r0, r0, r1
     134:	e3a01000 	mov	r1, #0
     138:	e3a02001 	mov	r2, #1
     13c:	e5802000 	str	r2, [r0]
     140:	e5801004 	str	r1, [r0, #4]
     144:	ea00002c 	b	0x1fc
     148:	e1a01006 	mov	r1, r6
     14c:	e5950030 	ldr	r0, [r5, #48]	@ 0x30
     150:	e59fced8 	ldr	ip, [pc, #3800]	@ 0x1030
     154:	e151000c 	cmp	r1, ip
     158:	8a000039 	bhi	0x244
     15c:	e080c001 	add	ip, r0, r1
     160:	e59c7000 	ldr	r7, [ip]
     164:	e59c8004 	ldr	r8, [ip, #4]
     168:	e1a03006 	mov	r3, r6
     16c:	e5952030 	ldr	r2, [r5, #48]	@ 0x30
     170:	e59fceb8 	ldr	ip, [pc, #3768]	@ 0x1030
     174:	e153000c 	cmp	r3, ip
     178:	8a000031 	bhi	0x244
     17c:	e082c003 	add	ip, r2, r3
     180:	e59c0000 	ldr	r0, [ip]
     184:	e59c1004 	ldr	r1, [ip, #4]
     188:	e2500001 	subs	r0, r0, #1
     18c:	e2c11000 	sbc	r1, r1, #0
     190:	e5840030 	str	r0, [r4, #48]	@ 0x30
     194:	e5841034 	str	r1, [r4, #52]	@ 0x34
     198:	e59f0e94 	ldr	r0, [pc, #3732]	@ 0x1034
     19c:	e1a01004 	mov	r1, r4
     1a0:	e59d2000 	ldr	r2, [sp]
     1a4:	e59fce8c 	ldr	ip, [pc, #3724]	@ 0x1038
     1a8:	e12fff3c 	blx	ip
     1ac:	e3500000 	cmp	r0, #0
     1b0:	1a000026 	bne	0x250
     1b4:	e5940030 	ldr	r0, [r4, #48]	@ 0x30
     1b8:	e5941034 	ldr	r1, [r4, #52]	@ 0x34
     1bc:	e1a0e001 	mov	lr, r1
     1c0:	e1a01007 	mov	r1, r7
     1c4:	e002019e 	mul	r2, lr, r1
     1c8:	e0222098 	mla	r2, r8, r0, r2
     1cc:	e0810091 	umull	r0, r1, r1, r0
     1d0:	e0822001 	add	r2, r2, r1
     1d4:	e1a07000 	mov	r7, r0
     1d8:	e1a08002 	mov	r8, r2
     1dc:	e1a01006 	mov	r1, r6
     1e0:	e5950030 	ldr	r0, [r5, #48]	@ 0x30
     1e4:	e59fee44 	ldr	lr, [pc, #3652]	@ 0x1030
     1e8:	e7f1e0f8 	udf	#7688	@ 0x1e08
     1ec:	2a000014 	bcs	0x244
     1f0:	e080c001 	add	ip, r0, r1
     1f4:	e58c7000 	str	r7, [ip]
     1f8:	e58c8004 	str	r8, [ip, #4]
     1fc:	e1a03006 	mov	r3, r6
     200:	e5952030 	ldr	r2, [r5, #48]	@ 0x30
     204:	e59fee24 	ldr	lr, [pc, #3620]	@ 0x1030
     208:	e7f3e0f8 	udf	#15880	@ 0x3e08
     20c:	2a00000c 	bcs	0x244
     210:	e082c003 	add	ip, r2, r3
     214:	e59c0000 	ldr	r0, [ip]
     218:	e59c1004 	ldr	r1, [ip, #4]
     21c:	e2866010 	add	r6, r6, #16
     220:	e595203c 	ldr	r2, [r5, #60]	@ 0x3c
     224:	e5826008 	str	r6, [r2, #8]
     228:	e584000c 	str	r0, [r4, #12]
     22c:	e5841010 	str	r1, [r4, #16]
     230:	e59f0e04 	ldr	r0, [pc, #3588]	@ 0x103c
     234:	e30ccabc 	movw	ip, #51900	@ 0xcabc
     238:	e34ccdef 	movt	ip, #52719	@ 0xcdef
     23c:	e28dd008 	add	sp, sp, #8
     240:	e8bd81c0 	pop	{r6, r7, r8, pc}
     244:	e3a00008 	mov	r0, #8
     248:	e59d1000 	ldr	r1, [sp]
     24c:	e5810010 	str	r0, [r1, #16]
     250:	e59d0000 	ldr	r0, [sp]
     254:	e59d1014 	ldr	r1, [sp, #20]
     258:	e59fcde0 	ldr	ip, [pc, #3552]	@ 0x1040
     25c:	e12fff3c 	blx	ip
     260:	e28dd008 	add	sp, sp, #8
     264:	e8bd01c0 	pop	{r6, r7, r8}
     268:	e28dd004 	add	sp, sp, #4
     26c:	e12fff10 	bx	r0
     270:	e92d41c0 	push	{r6, r7, r8, lr}
     274:	e24dd008 	sub	sp, sp, #8
     278:	e58d0000 	str	r0, [sp]
     27c:	e30cc123 	movw	ip, #49443	@ 0xc123
     280:	e34cc456 	movt	ip, #50262	@ 0xc456
     284:	e595e03c 	ldr	lr, [r5, #60]	@ 0x3c
     288:	e59e0008 	ldr	r0, [lr, #8]
     28c:	e2406020 	sub	r6, r0, #32
     290:	e595003c 	ldr	r0, [r5, #60]	@ 0x3c
     294:	e5806008 	str	r6, [r0, #8]
     298:	e1a01006 	mov	r1, r6
     29c:	e5950030 	ldr	r0, [r5, #48]	@ 0x30
     2a0:	e59fed9c 	ldr	lr, [pc, #3484]	@ 0x1044
     2a4:	e7f1e1fc 	udf	#7708	@ 0x1e1c
     2a8:	2a00004b 	bcs	0x3dc
     2ac:	e3a02000 	mov	r2, #0
     2b0:	e7d201f4 			@ <UNDEFINED> instruction: 0xe7d201f4
     2b4:	e1a01006 	mov	r1, r6
     2b8:	e5950030 	ldr	r0, [r5, #48]	@ 0x30
     2bc:	e59fed6c 	ldr	lr, [pc, #3436]	@ 0x1030
     2c0:	e7f1e1f0 	udf	#7696	@ 0x1e10
     2c4:	2a000044 	bcs	0x3dc
     2c8:	e0800001 	add	r0, r0, r1
     2cc:	e3a01000 	mov	r1, #0
     2d0:	e3a02014 	mov	r2, #20
     2d4:	e5802000 	str	r2, [r0]
     2d8:	e5801004 	str	r1, [r0, #4]
     2dc:	e1a01006 	mov	r1, r6
     2e0:	e5950030 	ldr	r0, [r5, #48]	@ 0x30
     2e4:	e59fed44 	ldr	lr, [pc, #3396]	@ 0x1030
     2e8:	e7f1e1f0 	udf	#7696	@ 0x1e10
     2ec:	2a00003a 	bcs	0x3dc
     2f0:	e080c001 	add	ip, r0, r1
     2f4:	e59c7000 	ldr	r7, [ip]
     2f8:	e59c8004 	ldr	r8, [ip, #4]
     2fc:	e1a03006 	mov	r3, r6
     300:	e5952030 	ldr	r2, [r5, #48]	@ 0x30
     304:	e59fed24 	ldr	lr, [pc, #3364]	@ 0x1030
     308:	e7f3e1f0 	udf	#15888	@ 0x3e10
     30c:	2a000032 	bcs	0x3dc
     310:	e082c003 	add	ip, r2, r3
     314:	e59c0000 	ldr	r0, [ip]
     318:	e59c1004 	ldr	r1, [ip, #4]
     31c:	e5840028 	str	r0, [r4, #40]	@ 0x28
     320:	e584102c 	str	r1, [r4, #44]	@ 0x2c
     324:	e59f0d1c 	ldr	r0, [pc, #3356]	@ 0x1048
     328:	e1a01004 	mov	r1, r4
     32c:	e59d2000 	ldr	r2, [sp]
     330:	e59fcd14 	ldr	ip, [pc, #3348]	@ 0x104c
     334:	e12fff3c 	blx	ip
     338:	e3500000 	cmp	r0, #0
     33c:	1a000029 	bne	0x3e8
     340:	e5940028 	ldr	r0, [r4, #40]	@ 0x28
     344:	e594102c 	ldr	r1, [r4, #44]	@ 0x2c
     348:	e1a03006 	mov	r3, r6
     34c:	e5952030 	ldr	r2, [r5, #48]	@ 0x30
     350:	e59fecd8 	ldr	lr, [pc, #3288]	@ 0x1030
     354:	e7f3e0f8 	udf	#15880	@ 0x3e08
     358:	2a00001f 	bcs	0x3dc
     35c:	e082c003 	add	ip, r2, r3
     360:	e58c0000 	str	r0, [ip]
     364:	e58c1004 	str	r1, [ip, #4]
     368:	e1a01006 	mov	r1, r6
     36c:	e5950030 	ldr	r0, [r5, #48]	@ 0x30
     370:	e59fccb8 	ldr	ip, [pc, #3256]	@ 0x1030
     374:	e151000c 	cmp	r1, ip
     378:	8a000017 	bhi	0x3dc
     37c:	e080c001 	add	ip, r0, r1
     380:	e58c7000 	str	r7, [ip]
     384:	e58c8004 	str	r8, [ip, #4]
     388:	e3a0eb40 	mov	lr, #64, 22	@ 0x10000
     38c:	e38ee1d8 	orr	lr, lr, #216, 2	@ 0x36
     390:	e584e020 	str	lr, [r4, #32]
     394:	e5846000 	str	r6, [r4]
     398:	e59f0cb0 	ldr	r0, [pc, #3248]	@ 0x1050
     39c:	e1a01004 	mov	r1, r4
     3a0:	e59d2000 	ldr	r2, [sp]
     3a4:	e59fcca8 	ldr	ip, [pc, #3240]	@ 0x1054
     3a8:	e12fff3c 	blx	ip
     3ac:	e3500000 	cmp	r0, #0
     3b0:	1a00000c 	bne	0x3e8
     3b4:	e3a00000 	mov	r0, #0
     3b8:	e2866020 	add	r6, r6, #32
     3bc:	e595103c 	ldr	r1, [r5, #60]	@ 0x3c
     3c0:	e5816008 	str	r6, [r1, #8]
     3c4:	e5840004 	str	r0, [r4, #4]
     3c8:	e59f0c88 	ldr	r0, [pc, #3208]	@ 0x1058
     3cc:	e30ccabc 	movw	ip, #51900	@ 0xcabc
     3d0:	e34ccdef 	movt	ip, #52719	@ 0xcdef
     3d4:	e28dd008 	add	sp, sp, #8
     3d8:	e8bd81c0 	pop	{r6, r7, r8, pc}
     3dc:	e3a00008 	mov	r0, #8
     3e0:	e59d1000 	ldr	r1, [sp]
     3e4:	e5810010 	str	r0, [r1, #16]
     3e8:	e59d0000 	ldr	r0, [sp]
     3ec:	e59d1014 	ldr	r1, [sp, #20]
     3f0:	e59fcc64 	ldr	ip, [pc, #3172]	@ 0x105c
     3f4:	e12fff3c 	blx	ip
     3f8:	e28dd008 	add	sp, sp, #8
     3fc:	e8bd01c0 	pop	{r6, r7, r8}
     400:	e28dd004 	add	sp, sp, #4
     404:	e12fff10 	bx	r0
     408:	e52de004 	push	{lr}		@ (str lr, [sp, #-4]!)
     40c:	e24dd004 	sub	sp, sp, #4
     410:	e58d0000 	str	r0, [sp]
     414:	e30cc123 	movw	ip, #49443	@ 0xc123
     418:	e34cc456 	movt	ip, #50262	@ 0xc456
     41c:	e3a0c001 	mov	ip, #1
     420:	e35c0000 	cmp	ip, #0
     424:	0a000006 	beq	0x444
     428:	e59f0c30 	ldr	r0, [pc, #3120]	@ 0x1060
     42c:	e1a01004 	mov	r1, r4
     430:	e59d2000 	ldr	r2, [sp]
     434:	e59fcc28 	ldr	ip, [pc, #3112]	@ 0x1064
     438:	e12fff3c 	blx	ip
     43c:	e3500000 	cmp	r0, #0
     440:	1a000017 	bne	0x4a4
     444:	e59f0c1c 	ldr	r0, [pc, #3100]	@ 0x1068
     448:	e1a01004 	mov	r1, r4
     44c:	e59d2000 	ldr	r2, [sp]
     450:	e59fcc14 	ldr	ip, [pc, #3092]	@ 0x106c
     454:	e12fff3c 	blx	ip
     458:	e3500000 	cmp	r0, #0
     45c:	1a000010 	bne	0x4a4
     460:	e5940004 	ldr	r0, [r4, #4]
     464:	e5840004 	str	r0, [r4, #4]
     468:	e59f0c00 	ldr	r0, [pc, #3072]	@ 0x1070
     46c:	e1a01004 	mov	r1, r4
     470:	e59d2000 	ldr	r2, [sp]
     474:	e59fcbf8 	ldr	ip, [pc, #3064]	@ 0x1074
     478:	e12fff3c 	blx	ip
     47c:	e3500000 	cmp	r0, #0
     480:	1a000007 	bne	0x4a4
     484:	e3a00015 	mov	r0, #21
     488:	ea000003 	b	0x49c
     48c:	e30ccabc 	movw	ip, #51900	@ 0xcabc
     490:	e34ccdef 	movt	ip, #52719	@ 0xcdef
     494:	e28dd004 	add	sp, sp, #4
     498:	e49df004 	pop	{pc}		@ (ldr pc, [sp], #4)
     49c:	e59d1000 	ldr	r1, [sp]
     4a0:	e5810010 	str	r0, [r1, #16]
     4a4:	e59d0000 	ldr	r0, [sp]
     4a8:	e59d1004 	ldr	r1, [sp, #4]
     4ac:	e59fcbc4 	ldr	ip, [pc, #3012]	@ 0x1078
     4b0:	e12fff3c 	blx	ip
     4b4:	e28dd008 	add	sp, sp, #8
     4b8:	e12fff10 	bx	r0
     4bc:	e52de004 	push	{lr}		@ (str lr, [sp, #-4]!)
     4c0:	e24dd004 	sub	sp, sp, #4
     4c4:	e58d0000 	str	r0, [sp]
     4c8:	e30cc123 	movw	ip, #49443	@ 0xc123
     4cc:	e34cc456 	movt	ip, #50262	@ 0xc456
     4d0:	e59f0ba4 	ldr	r0, [pc, #2980]	@ 0x107c
     4d4:	e30ccabc 	movw	ip, #51900	@ 0xcabc
     4d8:	e34ccdef 	movt	ip, #52719	@ 0xcdef
     4dc:	e28dd004 	add	sp, sp, #4
     4e0:	e49df004 	pop	{pc}		@ (ldr pc, [sp], #4)
     4e4:	e92d4040 	push	{r6, lr}
     4e8:	e24dd008 	sub	sp, sp, #8
     4ec:	e58d0000 	str	r0, [sp]
     4f0:	e30cc123 	movw	ip, #49443	@ 0xc123
     4f4:	e34cc456 	movt	ip, #50262	@ 0xc456
     4f8:	e3a06000 	mov	r6, #0
     4fc:	e3a0c000 	mov	ip, #0
     500:	e35c0000 	cmp	ip, #0
     504:	9a000011 	bls	0x550
     508:	e2460004 	sub	r0, r6, #4
     50c:	e1a06000 	mov	r6, r0
     510:	e1a02000 	mov	r2, r0
     514:	e5951030 	ldr	r1, [r5, #48]	@ 0x30
     518:	e59fcb24 	ldr	ip, [pc, #2852]	@ 0x1044
     51c:	e152000c 	cmp	r2, ip
     520:	8a000016 	bhi	0x580
     524:	e7e012f4 			@ <UNDEFINED> instruction: 0xe7e012f4
     528:	e584000c 	str	r0, [r4, #12]
     52c:	e59f0b4c 	ldr	r0, [pc, #2892]	@ 0x1080
     530:	e1a01004 	mov	r1, r4
     534:	e59d2000 	ldr	r2, [sp]
     538:	e59fcb44 	ldr	ip, [pc, #2884]	@ 0x1084
     53c:	e12fff3c 	blx	ip
     540:	e3500000 	cmp	r0, #0
     544:	1a000010 	bne	0x58c
     548:	e3560000 	cmp	r6, #0
     54c:	8affffed 	bhi	0x508
     550:	e59f0b30 	ldr	r0, [pc, #2864]	@ 0x1088
     554:	e1a01004 	mov	r1, r4
     558:	e59d2000 	ldr	r2, [sp]
     55c:	e59fcb28 	ldr	ip, [pc, #2856]	@ 0x108c
     560:	e12fff3c 	blx	ip
     564:	e3500000 	cmp	r0, #0
     568:	1a000007 	bne	0x58c
     56c:	e59f0b1c 	ldr	r0, [pc, #2844]	@ 0x1090
     570:	e30ccabc 	movw	ip, #51900	@ 0xcabc
     574:	e34ccdef 	movt	ip, #52719	@ 0xcdef
     578:	e28dd008 	add	sp, sp, #8
     57c:	e8bd8040 	pop	{r6, pc}
     580:	e3a00008 	mov	r0, #8
     584:	e59d1000 	ldr	r1, [sp]
     588:	e5810010 	str	r0, [r1, #16]
     58c:	e59d0000 	ldr	r0, [sp]
     590:	e59d100c 	ldr	r1, [sp, #12]
     594:	e59fcaf8 	ldr	ip, [pc, #2808]	@ 0x1094
     598:	e12fff3c 	blx	ip
     59c:	e59d6008 	ldr	r6, [sp, #8]
     5a0:	e28dd010 	add	sp, sp, #16
     5a4:	e12fff10 	bx	r0
     5a8:	e92d4040 	push	{r6, lr}
     5ac:	e24dd008 	sub	sp, sp, #8
     5b0:	e58d0000 	str	r0, [sp]
     5b4:	e30cc123 	movw	ip, #49443	@ 0xc123
     5b8:	e34cc456 	movt	ip, #50262	@ 0xc456
     5bc:	e5946000 	ldr	r6, [r4]
     5c0:	e59f0ad0 	ldr	r0, [pc, #2768]	@ 0x1098
     5c4:	e1a01004 	mov	r1, r4
     5c8:	e59d2000 	ldr	r2, [sp]
     5cc:	e59fcac8 	ldr	ip, [pc, #2760]	@ 0x109c
     5d0:	e12fff3c 	blx	ip
     5d4:	e3500000 	cmp	r0, #0
     5d8:	1a00001d 	bne	0x654
     5dc:	e59f0abc 	ldr	r0, [pc, #2748]	@ 0x10a0
     5e0:	e1a01004 	mov	r1, r4
     5e4:	e59d2000 	ldr	r2, [sp]
     5e8:	e59fcab4 	ldr	ip, [pc, #2740]	@ 0x10a4
     5ec:	e12fff3c 	blx	ip
     5f0:	e3500000 	cmp	r0, #0
     5f4:	1a000016 	bne	0x654
     5f8:	e59f0aa8 	ldr	r0, [pc, #2728]	@ 0x10a8
     5fc:	e1a01004 	mov	r1, r4
     600:	e59d2000 	ldr	r2, [sp]
     604:	e59fcaa0 	ldr	ip, [pc, #2720]	@ 0x10ac
     608:	e12fff3c 	blx	ip
     60c:	e3500000 	cmp	r0, #0
     610:	1a00000f 	bne	0x654
     614:	e5846000 	str	r6, [r4]
     618:	e59f0a90 	ldr	r0, [pc, #2704]	@ 0x10b0
     61c:	e1a01004 	mov	r1, r4
     620:	e59d2000 	ldr	r2, [sp]
     624:	e59fca88 	ldr	ip, [pc, #2696]	@ 0x10b4
     628:	e12fff3c 	blx	ip
     62c:	e3500000 	cmp	r0, #0
     630:	1a000007 	bne	0x654
     634:	e3a00015 	mov	r0, #21
     638:	ea000003 	b	0x64c
     63c:	e30ccabc 	movw	ip, #51900	@ 0xcabc
     640:	e34ccdef 	movt	ip, #52719	@ 0xcdef
     644:	e28dd008 	add	sp, sp, #8
     648:	e8bd8040 	pop	{r6, pc}
     64c:	e59d1000 	ldr	r1, [sp]
     650:	e5810010 	str	r0, [r1, #16]
     654:	e59d0000 	ldr	r0, [sp]
     658:	e59d100c 	ldr	r1, [sp, #12]
     65c:	e59fca54 	ldr	ip, [pc, #2644]	@ 0x10b8
     660:	e12fff3c 	blx	ip
     664:	e59d6008 	ldr	r6, [sp, #8]
     668:	e28dd010 	add	sp, sp, #16
     66c:	e12fff10 	bx	r0
     670:	e52de004 	push	{lr}		@ (str lr, [sp, #-4]!)
     674:	e24dd004 	sub	sp, sp, #4
     678:	e58d0000 	str	r0, [sp]
     67c:	e30cc123 	movw	ip, #49443	@ 0xc123
     680:	e34cc456 	movt	ip, #50262	@ 0xc456
     684:	e5940000 	ldr	r0, [r4]
     688:	e5840000 	str	r0, [r4]
     68c:	e3a009fd 	mov	r0, #4145152	@ 0x3f4000
     690:	e3800dca 	orr	r0, r0, #12928	@ 0x3280
     694:	e1a01004 	mov	r1, r4
     698:	e59d2000 	ldr	r2, [sp]
     69c:	e59fca18 	ldr	ip, [pc, #2584]	@ 0x10bc
     6a0:	e12fff3c 	blx	ip
     6a4:	e3500000 	cmp	r0, #0
     6a8:	1a000007 	bne	0x6cc
     6ac:	e3a00015 	mov	r0, #21
     6b0:	ea000003 	b	0x6c4
     6b4:	e30ccabc 	movw	ip, #51900	@ 0xcabc
     6b8:	e34ccdef 	movt	ip, #52719	@ 0xcdef
     6bc:	e28dd004 	add	sp, sp, #4
     6c0:	e49df004 	pop	{pc}		@ (ldr pc, [sp], #4)
     6c4:	e59d1000 	ldr	r1, [sp]
     6c8:	e5810010 	str	r0, [r1, #16]
     6cc:	e59d0000 	ldr	r0, [sp]
     6d0:	e59d1004 	ldr	r1, [sp, #4]
     6d4:	e59fc9e4 	ldr	ip, [pc, #2532]	@ 0x10c0
     6d8:	e12fff3c 	blx	ip
     6dc:	e28dd008 	add	sp, sp, #8
     6e0:	e12fff10 	bx	r0
     6e4:	e92d40c0 	push	{r6, r7, lr}
     6e8:	e24dd004 	sub	sp, sp, #4
     6ec:	e58d0000 	str	r0, [sp]
     6f0:	e30cc123 	movw	ip, #49443	@ 0xc123
     6f4:	e34cc456 	movt	ip, #50262	@ 0xc456
     6f8:	e5940000 	ldr	r0, [r4]
     6fc:	e5941004 	ldr	r1, [r4, #4]
     700:	e595e03c 	ldr	lr, [r5, #60]	@ 0x3c
     704:	e59e2008 	ldr	r2, [lr, #8]
     708:	e2422010 	sub	r2, r2, #16
     70c:	e1a06002 	mov	r6, r2
     710:	e595303c 	ldr	r3, [r5, #60]	@ 0x3c
     714:	e5832008 	str	r2, [r3, #8]
     718:	e1a03006 	mov	r3, r6
     71c:	e5952030 	ldr	r2, [r5, #48]	@ 0x30
     720:	e59fe91c 	ldr	lr, [pc, #2332]	@ 0x1044
     724:	e7f3e0fc 	udf	#15884	@ 0x3e0c
     728:	2a000016 	bcs	0x788
     72c:	e7d123f4 			@ <UNDEFINED> instruction: 0xe7d123f4
     730:	e3a0eb42 	mov	lr, #67584	@ 0x10800
     734:	e38eefb6 	orr	lr, lr, #728	@ 0x2d8
     738:	e584e010 	str	lr, [r4, #16]
     73c:	e5840000 	str	r0, [r4]
     740:	e5841004 	str	r1, [r4, #4]
     744:	e59f0978 	ldr	r0, [pc, #2424]	@ 0x10c4
     748:	e1a01004 	mov	r1, r4
     74c:	e59d2000 	ldr	r2, [sp]
     750:	e59fc970 	ldr	ip, [pc, #2416]	@ 0x10c8
     754:	e12fff3c 	blx	ip
     758:	e3500000 	cmp	r0, #0
     75c:	1a00000c 	bne	0x794
     760:	e5940014 	ldr	r0, [r4, #20]
     764:	e2866010 	add	r6, r6, #16
     768:	e595103c 	ldr	r1, [r5, #60]	@ 0x3c
     76c:	e5816008 	str	r6, [r1, #8]
     770:	e5840004 	str	r0, [r4, #4]
     774:	e59f0950 	ldr	r0, [pc, #2384]	@ 0x10cc
     778:	e30ccabc 	movw	ip, #51900	@ 0xcabc
     77c:	e34ccdef 	movt	ip, #52719	@ 0xcdef
     780:	e28dd004 	add	sp, sp, #4
     784:	e8bd80c0 	pop	{r6, r7, pc}
     788:	e3a00008 	mov	r0, #8
     78c:	e59d1000 	ldr	r1, [sp]
     790:	e5810010 	str	r0, [r1, #16]
     794:	e59d0000 	ldr	r0, [sp]
     798:	e59d100c 	ldr	r1, [sp, #12]
     79c:	e59fc92c 	ldr	ip, [pc, #2348]	@ 0x10d0
     7a0:	e12fff3c 	blx	ip
     7a4:	e28dd004 	add	sp, sp, #4
     7a8:	e8bd00c0 	pop	{r6, r7}
     7ac:	e28dd004 	add	sp, sp, #4
     7b0:	e12fff10 	bx	r0
     7b4:	e92d4fc0 	push	{r6, r7, r8, r9, sl, fp, lr}
     7b8:	e24dd004 	sub	sp, sp, #4
     7bc:	e58d0000 	str	r0, [sp]
     7c0:	e30cc123 	movw	ip, #49443	@ 0xc123
     7c4:	e34cc456 	movt	ip, #50262	@ 0xc456
     7c8:	e5946000 	ldr	r6, [r4]
     7cc:	e5940004 	ldr	r0, [r4, #4]
     7d0:	e595e03c 	ldr	lr, [r5, #60]	@ 0x3c
     7d4:	e59e1008 	ldr	r1, [lr, #8]
     7d8:	e2411020 	sub	r1, r1, #32
     7dc:	e584100c 	str	r1, [r4, #12]
     7e0:	e595203c 	ldr	r2, [r5, #60]	@ 0x3c
     7e4:	e5821008 	str	r1, [r2, #8]
     7e8:	e1a03006 	mov	r3, r6
     7ec:	e5952030 	ldr	r2, [r5, #48]	@ 0x30
     7f0:	e59fe84c 	ldr	lr, [pc, #2124]	@ 0x1044
     7f4:	e7f3e1fc 	udf	#15900	@ 0x3e1c
     7f8:	2a000104 	bcs	0xc10
     7fc:	e7e123f4 			@ <UNDEFINED> instruction: 0xe7e123f4
     800:	e1a02001 	mov	r2, r1
     804:	e594900c 	ldr	r9, [r4, #12]
     808:	e5953030 	ldr	r3, [r5, #48]	@ 0x30
     80c:	e59fe830 	ldr	lr, [pc, #2096]	@ 0x1044
     810:	e7f9e1f0 	udf	#40464	@ 0x9e10
     814:	2a0000fd 	bcs	0xc10
     818:	e7d139f4 			@ <UNDEFINED> instruction: 0xe7d139f4
     81c:	e1a09006 	mov	r9, r6
     820:	e5953030 	ldr	r3, [r5, #48]	@ 0x30
     824:	e59fe818 	ldr	lr, [pc, #2072]	@ 0x1044
     828:	e7f9e1f4 	udf	#40468	@ 0x9e14
     82c:	2a0000f7 	bcs	0xc10
     830:	e7e139f4 			@ <UNDEFINED> instruction: 0xe7e139f4
     834:	e594900c 	ldr	r9, [r4, #12]
     838:	e5953030 	ldr	r3, [r5, #48]	@ 0x30
     83c:	e594a008 	ldr	sl, [r4, #8]
     840:	e59fe7fc 	ldr	lr, [pc, #2044]	@ 0x1044
     844:	e7f9e1fc 	udf	#40476	@ 0x9e1c
     848:	2a0000f0 	bcs	0xc10
     84c:	e7da39f4 			@ <UNDEFINED> instruction: 0xe7da39f4
     850:	e594900c 	ldr	r9, [r4, #12]
     854:	e5953030 	ldr	r3, [r5, #48]	@ 0x30
     858:	e59fe7e4 	ldr	lr, [pc, #2020]	@ 0x1044
     85c:	e7f9e1f8 	udf	#40472	@ 0x9e18
     860:	2a0000ea 	bcs	0xc10
     864:	e7d039f4 			@ <UNDEFINED> instruction: 0xe7d039f4
     868:	e0411002 	sub	r1, r1, r2
     86c:	e1a00001 	mov	r0, r1
     870:	e594300c 	ldr	r3, [r4, #12]
     874:	e5952030 	ldr	r2, [r5, #48]	@ 0x30
     878:	e59fe7c4 	ldr	lr, [pc, #1988]	@ 0x1044
     87c:	e7f3e1f4 	udf	#15892	@ 0x3e14
     880:	2a0000e2 	bcs	0xc10
     884:	e7d123f4 			@ <UNDEFINED> instruction: 0xe7d123f4
     888:	e594c008 	ldr	ip, [r4, #8]
     88c:	e080900c 	add	r9, r0, ip
     890:	e594c00c 	ldr	ip, [r4, #12]
     894:	e28ca010 	add	sl, ip, #16
     898:	e3a0e002 	mov	lr, #2
     89c:	e584e01c 	str	lr, [r4, #28]
     8a0:	e1a02006 	mov	r2, r6
     8a4:	e5951030 	ldr	r1, [r5, #48]	@ 0x30
     8a8:	e59fe794 	ldr	lr, [pc, #1940]	@ 0x1044
     8ac:	e7f2e3fc 	udf	#11836	@ 0x2e3c
     8b0:	2a0000d6 	bcs	0xc10
     8b4:	e7e012f4 			@ <UNDEFINED> instruction: 0xe7e012f4
     8b8:	e594c00c 	ldr	ip, [r4, #12]
     8bc:	e28c1010 	add	r1, ip, #16
     8c0:	e594c00c 	ldr	ip, [r4, #12]
     8c4:	e28c200c 	add	r2, ip, #12
     8c8:	e5840040 	str	r0, [r4, #64]	@ 0x40
     8cc:	e5841044 	str	r1, [r4, #68]	@ 0x44
     8d0:	e3a0e002 	mov	lr, #2
     8d4:	e584e02c 	str	lr, [r4, #44]	@ 0x2c
     8d8:	e584204c 	str	r2, [r4, #76]	@ 0x4c
     8dc:	e59f07f0 	ldr	r0, [pc, #2032]	@ 0x10d4
     8e0:	e1a01004 	mov	r1, r4
     8e4:	e59d2000 	ldr	r2, [sp]
     8e8:	e59fc7e8 	ldr	ip, [pc, #2024]	@ 0x10d8
     8ec:	e12fff3c 	blx	ip
     8f0:	e3500000 	cmp	r0, #0
     8f4:	1a0000c8 	bne	0xc1c
     8f8:	e5940040 	ldr	r0, [r4, #64]	@ 0x40
     8fc:	e5840040 	str	r0, [r4, #64]	@ 0x40
     900:	e59f07d4 	ldr	r0, [pc, #2004]	@ 0x10dc
     904:	e1a01004 	mov	r1, r4
     908:	e59d2000 	ldr	r2, [sp]
     90c:	e59fc7cc 	ldr	ip, [pc, #1996]	@ 0x10e0
     910:	e12fff3c 	blx	ip
     914:	e3500000 	cmp	r0, #0
     918:	1a0000bf 	bne	0xc1c
     91c:	e5940040 	ldr	r0, [r4, #64]	@ 0x40
     920:	e3500000 	cmp	r0, #0
     924:	0a000001 	beq	0x930
     928:	e584a014 	str	sl, [r4, #20]
     92c:	ea000060 	b	0xab4
     930:	e594200c 	ldr	r2, [r4, #12]
     934:	e5951030 	ldr	r1, [r5, #48]	@ 0x30
     938:	e59fe704 	ldr	lr, [pc, #1796]	@ 0x1044
     93c:	e7f2e0fc 	udf	#11788	@ 0x2e0c
     940:	2a0000b2 	bcs	0xc10
     944:	e7e012f4 			@ <UNDEFINED> instruction: 0xe7e012f4
     948:	e1a01000 	mov	r1, r0
     94c:	e1590000 	cmp	r9, r0
     950:	0a000059 	beq	0xabc
     954:	e3710001 	cmn	r1, #1
     958:	ca000001 	bgt	0x964
     95c:	e584a014 	str	sl, [r4, #20]
     960:	ea000077 	b	0xb44
     964:	e1a0300a 	mov	r3, sl
     968:	e5952030 	ldr	r2, [r5, #48]	@ 0x30
     96c:	e59fe6d0 	ldr	lr, [pc, #1744]	@ 0x1044
     970:	e7f3e0f4 	udf	#15876	@ 0x3e04
     974:	2a0000a5 	bcs	0xc10
     978:	e7e023f4 			@ <UNDEFINED> instruction: 0xe7e023f4
     97c:	e1a02000 	mov	r2, r0
     980:	e1510000 	cmp	r1, r0
     984:	e3a00000 	mov	r0, #0
     988:	83a00001 	movhi	r0, #1
     98c:	e1a03000 	mov	r3, r0
     990:	e3500000 	cmp	r0, #0
     994:	e3a07008 	mov	r7, #8
     998:	03a07000 	moveq	r7, #0
     99c:	e08a7007 	add	r7, sl, r7
     9a0:	e5847014 	str	r7, [r4, #20]
     9a4:	e594b014 	ldr	fp, [r4, #20]
     9a8:	e5958030 	ldr	r8, [r5, #48]	@ 0x30
     9ac:	e59fc690 	ldr	ip, [pc, #1680]	@ 0x1044
     9b0:	e15b000c 	cmp	fp, ip
     9b4:	8a000095 	bhi	0xc10
     9b8:	e7e08bf4 			@ <UNDEFINED> instruction: 0xe7e08bf4
     9bc:	e3530000 	cmp	r3, #0
     9c0:	03a02000 	moveq	r2, #0
     9c4:	e0412002 	sub	r2, r1, r2
     9c8:	e1a08002 	mov	r8, r2
     9cc:	e0800002 	add	r0, r0, r2
     9d0:	e5952030 	ldr	r2, [r5, #48]	@ 0x30
     9d4:	e59fc668 	ldr	ip, [pc, #1640]	@ 0x1044
     9d8:	e157000c 	cmp	r7, ip
     9dc:	8a00008b 	bhi	0xc10
     9e0:	e7d027f4 			@ <UNDEFINED> instruction: 0xe7d027f4
     9e4:	e3530000 	cmp	r3, #0
     9e8:	e3a0000c 	mov	r0, #12
     9ec:	03a00004 	moveq	r0, #4
     9f0:	e08a0000 	add	r0, sl, r0
     9f4:	e1a02000 	mov	r2, r0
     9f8:	e1a0b002 	mov	fp, r2
     9fc:	e5957030 	ldr	r7, [r5, #48]	@ 0x30
     a00:	e59fc63c 	ldr	ip, [pc, #1596]	@ 0x1044
     a04:	e15b000c 	cmp	fp, ip
     a08:	8a000080 	bhi	0xc10
     a0c:	e7e27bf4 			@ <UNDEFINED> instruction: 0xe7e27bf4
     a10:	e0422008 	sub	r2, r2, r8
     a14:	e5957030 	ldr	r7, [r5, #48]	@ 0x30
     a18:	e59fc624 	ldr	ip, [pc, #1572]	@ 0x1044
     a1c:	e150000c 	cmp	r0, ip
     a20:	8a00007a 	bhi	0xc10
     a24:	e7d270f4 			@ <UNDEFINED> instruction: 0xe7d270f4
     a28:	e0499001 	sub	r9, r9, r1
     a2c:	e594a014 	ldr	sl, [r4, #20]
     a30:	e1a02006 	mov	r2, r6
     a34:	e5951030 	ldr	r1, [r5, #48]	@ 0x30
     a38:	e59fe604 	ldr	lr, [pc, #1540]	@ 0x1044
     a3c:	e7f2e3fc 	udf	#11836	@ 0x2e3c
     a40:	2a000072 	bcs	0xc10
     a44:	e7e012f4 			@ <UNDEFINED> instruction: 0xe7e012f4
     a48:	e594c01c 	ldr	ip, [r4, #28]
     a4c:	e04c3003 	sub	r3, ip, r3
     a50:	e584301c 	str	r3, [r4, #28]
     a54:	e594c00c 	ldr	ip, [r4, #12]
     a58:	e28c100c 	add	r1, ip, #12
     a5c:	e5840040 	str	r0, [r4, #64]	@ 0x40
     a60:	e5843048 	str	r3, [r4, #72]	@ 0x48
     a64:	e584104c 	str	r1, [r4, #76]	@ 0x4c
     a68:	e59f0674 	ldr	r0, [pc, #1652]	@ 0x10e4
     a6c:	e1a01004 	mov	r1, r4
     a70:	e59d2000 	ldr	r2, [sp]
     a74:	e59fc66c 	ldr	ip, [pc, #1644]	@ 0x10e8
     a78:	e12fff3c 	blx	ip
     a7c:	e3500000 	cmp	r0, #0
     a80:	1a000065 	bne	0xc1c
     a84:	e5940040 	ldr	r0, [r4, #64]	@ 0x40
     a88:	e5840040 	str	r0, [r4, #64]	@ 0x40
     a8c:	e59f0658 	ldr	r0, [pc, #1624]	@ 0x10ec
     a90:	e1a01004 	mov	r1, r4
     a94:	e59d2000 	ldr	r2, [sp]
     a98:	e59fc650 	ldr	ip, [pc, #1616]	@ 0x10f0
     a9c:	e12fff3c 	blx	ip
     aa0:	e3500000 	cmp	r0, #0
     aa4:	1a00005c 	bne	0xc1c
     aa8:	e5940040 	ldr	r0, [r4, #64]	@ 0x40
     aac:	e3500000 	cmp	r0, #0
     ab0:	0affff9e 	beq	0x930
     ab4:	e3790001 	cmn	r9, #1
     ab8:	1a000021 	bne	0xb44
     abc:	e1a02006 	mov	r2, r6
     ac0:	e5951030 	ldr	r1, [r5, #48]	@ 0x30
     ac4:	e59fe578 	ldr	lr, [pc, #1400]	@ 0x1044
     ac8:	e7f2e2fc 	udf	#11820	@ 0x2e2c
     acc:	2a00004f 	bcs	0xc10
     ad0:	e7e012f4 			@ <UNDEFINED> instruction: 0xe7e012f4
     ad4:	e1a01000 	mov	r1, r0
     ad8:	e1a03006 	mov	r3, r6
     adc:	e5952030 	ldr	r2, [r5, #48]	@ 0x30
     ae0:	e59fe55c 	ldr	lr, [pc, #1372]	@ 0x1044
     ae4:	e7f3e1fc 	udf	#15900	@ 0x3e1c
     ae8:	2a000048 	bcs	0xc10
     aec:	e7d023f4 			@ <UNDEFINED> instruction: 0xe7d023f4
     af0:	e1a02006 	mov	r2, r6
     af4:	e5950030 	ldr	r0, [r5, #48]	@ 0x30
     af8:	e59fe544 	ldr	lr, [pc, #1348]	@ 0x1044
     afc:	e7f2e1f4 	udf	#11796	@ 0x2e14
     b00:	2a000042 	bcs	0xc10
     b04:	e7d102f4 			@ <UNDEFINED> instruction: 0xe7d102f4
     b08:	e1a03006 	mov	r3, r6
     b0c:	e5952030 	ldr	r2, [r5, #48]	@ 0x30
     b10:	e59fe52c 	ldr	lr, [pc, #1324]	@ 0x1044
     b14:	e7f3e3f0 	udf	#15920	@ 0x3e30
     b18:	2a00003c 	bcs	0xc10
     b1c:	e7e023f4 			@ <UNDEFINED> instruction: 0xe7e023f4
     b20:	e0811000 	add	r1, r1, r0
     b24:	e1a02006 	mov	r2, r6
     b28:	e5950030 	ldr	r0, [r5, #48]	@ 0x30
     b2c:	e59fe510 	ldr	lr, [pc, #1296]	@ 0x1044
     b30:	e7f2e1f0 	udf	#11792	@ 0x2e10
     b34:	2a000035 	bcs	0xc10
     b38:	e7d102f4 			@ <UNDEFINED> instruction: 0xe7d102f4
     b3c:	e5940008 	ldr	r0, [r4, #8]
     b40:	ea000028 	b	0xbe8
     b44:	e3a00000 	mov	r0, #0
     b48:	e1a02006 	mov	r2, r6
     b4c:	e5951030 	ldr	r1, [r5, #48]	@ 0x30
     b50:	e59fe4ec 	ldr	lr, [pc, #1260]	@ 0x1044
     b54:	e7f2e1fc 	udf	#11804	@ 0x2e1c
     b58:	2a00002c 	bcs	0xc10
     b5c:	e3a03000 	mov	r3, #0
     b60:	e7d312f4 			@ <UNDEFINED> instruction: 0xe7d312f4
     b64:	e1a02006 	mov	r2, r6
     b68:	e5951030 	ldr	r1, [r5, #48]	@ 0x30
     b6c:	e59fe4bc 	ldr	lr, [pc, #1212]	@ 0x1030
     b70:	e7f2e1f0 	udf	#11792	@ 0x2e10
     b74:	2a000025 	bcs	0xc10
     b78:	e0811002 	add	r1, r1, r2
     b7c:	e3a02000 	mov	r2, #0
     b80:	e3a03000 	mov	r3, #0
     b84:	e5813000 	str	r3, [r1]
     b88:	e5812004 	str	r2, [r1, #4]
     b8c:	e1a03006 	mov	r3, r6
     b90:	e5952030 	ldr	r2, [r5, #48]	@ 0x30
     b94:	e59fc4a8 	ldr	ip, [pc, #1192]	@ 0x1044
     b98:	e153000c 	cmp	r3, ip
     b9c:	8a00001b 	bhi	0xc10
     ba0:	e7e123f4 			@ <UNDEFINED> instruction: 0xe7e123f4
     ba4:	e3811020 	orr	r1, r1, #32
     ba8:	e5952030 	ldr	r2, [r5, #48]	@ 0x30
     bac:	e59fc490 	ldr	ip, [pc, #1168]	@ 0x1044
     bb0:	e156000c 	cmp	r6, ip
     bb4:	8a000015 	bhi	0xc10
     bb8:	e7d126f4 			@ <UNDEFINED> instruction: 0xe7d126f4
     bbc:	e594c01c 	ldr	ip, [r4, #28]
     bc0:	e35c0002 	cmp	ip, #2
     bc4:	0a000007 	beq	0xbe8
     bc8:	e5943014 	ldr	r3, [r4, #20]
     bcc:	e5952030 	ldr	r2, [r5, #48]	@ 0x30
     bd0:	e59fe46c 	ldr	lr, [pc, #1132]	@ 0x1044
     bd4:	e7f3e0f4 	udf	#15876	@ 0x3e04
     bd8:	2a00000c 	bcs	0xc10
     bdc:	e7e123f4 			@ <UNDEFINED> instruction: 0xe7e123f4
     be0:	e594c008 	ldr	ip, [r4, #8]
     be4:	e04c0001 	sub	r0, ip, r1
     be8:	e594c00c 	ldr	ip, [r4, #12]
     bec:	e28c1020 	add	r1, ip, #32
     bf0:	e595203c 	ldr	r2, [r5, #60]	@ 0x3c
     bf4:	e5821008 	str	r1, [r2, #8]
     bf8:	e5840004 	str	r0, [r4, #4]
     bfc:	e59f04f0 	ldr	r0, [pc, #1264]	@ 0x10f4
     c00:	e30ccabc 	movw	ip, #51900	@ 0xcabc
     c04:	e34ccdef 	movt	ip, #52719	@ 0xcdef
     c08:	e28dd004 	add	sp, sp, #4
     c0c:	e8bd8fc0 	pop	{r6, r7, r8, r9, sl, fp, pc}
     c10:	e3a00008 	mov	r0, #8
     c14:	e59d1000 	ldr	r1, [sp]
     c18:	e5810010 	str	r0, [r1, #16]
     c1c:	e59d0000 	ldr	r0, [sp]
     c20:	e59d101c 	ldr	r1, [sp, #28]
     c24:	e59fc4cc 	ldr	ip, [pc, #1228]	@ 0x10f8
     c28:	e12fff3c 	blx	ip
     c2c:	e28dd004 	add	sp, sp, #4
     c30:	e8bd0fc0 	pop	{r6, r7, r8, r9, sl, fp}
     c34:	e28dd004 	add	sp, sp, #4
     c38:	e12fff10 	bx	r0
     c3c:	e52de004 	push	{lr}		@ (str lr, [sp, #-4]!)
     c40:	e24dd004 	sub	sp, sp, #4
     c44:	e58d0000 	str	r0, [sp]
     c48:	e30cc123 	movw	ip, #49443	@ 0xc123
     c4c:	e34cc456 	movt	ip, #50262	@ 0xc456
     c50:	e3a0e000 	mov	lr, #0
     c54:	e584e004 	str	lr, [r4, #4]
     c58:	e59f049c 	ldr	r0, [pc, #1180]	@ 0x10fc
     c5c:	e30ccabc 	movw	ip, #51900	@ 0xcabc
     c60:	e34ccdef 	movt	ip, #52719	@ 0xcdef
     c64:	e28dd004 	add	sp, sp, #4
     c68:	e49df004 	pop	{pc}		@ (ldr pc, [sp], #4)
     c6c:	e52de004 	push	{lr}		@ (str lr, [sp, #-4]!)
     c70:	e24dd004 	sub	sp, sp, #4
     c74:	e58d0000 	str	r0, [sp]
     c78:	e30cc123 	movw	ip, #49443	@ 0xc123
     c7c:	e34cc456 	movt	ip, #50262	@ 0xc456
     c80:	e3a0e000 	mov	lr, #0
     c84:	e584e010 	str	lr, [r4, #16]
     c88:	e3a0e000 	mov	lr, #0
     c8c:	e584e014 	str	lr, [r4, #20]
     c90:	e59f0468 	ldr	r0, [pc, #1128]	@ 0x1100
     c94:	e30ccabc 	movw	ip, #51900	@ 0xcabc
     c98:	e34ccdef 	movt	ip, #52719	@ 0xcdef
     c9c:	e28dd004 	add	sp, sp, #4
     ca0:	e49df004 	pop	{pc}		@ (ldr pc, [sp], #4)
     ca4:	e52de004 	push	{lr}		@ (str lr, [sp, #-4]!)
     ca8:	e24dd004 	sub	sp, sp, #4
     cac:	e58d0000 	str	r0, [sp]
     cb0:	e30cc123 	movw	ip, #49443	@ 0xc123
     cb4:	e34cc456 	movt	ip, #50262	@ 0xc456
     cb8:	e3a0e001 	mov	lr, #1
     cbc:	e584e004 	str	lr, [r4, #4]
     cc0:	e59f043c 	ldr	r0, [pc, #1084]	@ 0x1104
     cc4:	e30ccabc 	movw	ip, #51900	@ 0xcabc
     cc8:	e34ccdef 	movt	ip, #52719	@ 0xcdef
     ccc:	e28dd004 	add	sp, sp, #4
     cd0:	e49df004 	pop	{pc}		@ (ldr pc, [sp], #4)
     cd4:	e52de004 	push	{lr}		@ (str lr, [sp, #-4]!)
     cd8:	e24dd004 	sub	sp, sp, #4
     cdc:	e58d0000 	str	r0, [sp]
     ce0:	e30cc123 	movw	ip, #49443	@ 0xc123
     ce4:	e34cc456 	movt	ip, #50262	@ 0xc456
     ce8:	e3a009fe 	mov	r0, #4161536	@ 0x3f8000
     cec:	e38000b0 	orr	r0, r0, #176	@ 0xb0
     cf0:	e30ccabc 	movw	ip, #51900	@ 0xcabc
     cf4:	e34ccdef 	movt	ip, #52719	@ 0xcdef
     cf8:	e28dd004 	add	sp, sp, #4
     cfc:	e49df004 	pop	{pc}		@ (ldr pc, [sp], #4)
     d00:	e52de004 	push	{lr}		@ (str lr, [sp, #-4]!)
     d04:	e24dd004 	sub	sp, sp, #4
     d08:	e58d0000 	str	r0, [sp]
     d0c:	e30cc123 	movw	ip, #49443	@ 0xc123
     d10:	e34cc456 	movt	ip, #50262	@ 0xc456
     d14:	e3a0eb44 	mov	lr, #68, 22	@ 0x11000
     d18:	e38ee160 	orr	lr, lr, #96, 2
     d1c:	e584e000 	str	lr, [r4]
     d20:	e59f03e0 	ldr	r0, [pc, #992]	@ 0x1108
     d24:	e30ccabc 	movw	ip, #51900	@ 0xcabc
     d28:	e34ccdef 	movt	ip, #52719	@ 0xcdef
     d2c:	e28dd004 	add	sp, sp, #4
     d30:	e49df004 	pop	{pc}		@ (ldr pc, [sp], #4)
     d34:	e92d4040 	push	{r6, lr}
     d38:	e24dd010 	sub	sp, sp, #16
     d3c:	e58d0000 	str	r0, [sp]
     d40:	e30cc123 	movw	ip, #49443	@ 0xc123
     d44:	e34cc456 	movt	ip, #50262	@ 0xc456
     d48:	e5946000 	ldr	r6, [r4]
     d4c:	e5940004 	ldr	r0, [r4, #4]
     d50:	e5941008 	ldr	r1, [r4, #8]
     d54:	e3510000 	cmp	r1, #0
     d58:	0a00000b 	beq	0xd8c
     d5c:	e1a02001 	mov	r2, r1
     d60:	e1a01000 	mov	r1, r0
     d64:	e1a00006 	mov	r0, r6
     d68:	e28d3004 	add	r3, sp, #4
     d6c:	e595e028 	ldr	lr, [r5, #40]	@ 0x28
     d70:	e58de004 	str	lr, [sp, #4]
     d74:	e595e028 	ldr	lr, [r5, #40]	@ 0x28
     d78:	e58de008 	str	lr, [sp, #8]
     d7c:	e59fc388 	ldr	ip, [pc, #904]	@ 0x110c
     d80:	e12fff3c 	blx	ip
     d84:	e3500000 	cmp	r0, #0
     d88:	1a000005 	bne	0xda4
     d8c:	e5846000 	str	r6, [r4]
     d90:	e59f0378 	ldr	r0, [pc, #888]	@ 0x1110
     d94:	e30ccabc 	movw	ip, #51900	@ 0xcabc
     d98:	e34ccdef 	movt	ip, #52719	@ 0xcdef
     d9c:	e28dd010 	add	sp, sp, #16
     da0:	e8bd8040 	pop	{r6, pc}
     da4:	e59d1000 	ldr	r1, [sp]
     da8:	e5810010 	str	r0, [r1, #16]
     dac:	e59d0000 	ldr	r0, [sp]
     db0:	e59d1014 	ldr	r1, [sp, #20]
     db4:	e59fc358 	ldr	ip, [pc, #856]	@ 0x1114
     db8:	e12fff3c 	blx	ip
     dbc:	e59d6010 	ldr	r6, [sp, #16]
     dc0:	e28dd018 	add	sp, sp, #24
     dc4:	e12fff10 	bx	r0
     dc8:	e92d4fc0 	push	{r6, r7, r8, r9, sl, fp, lr}
     dcc:	e24dd004 	sub	sp, sp, #4
     dd0:	e58d0000 	str	r0, [sp]
     dd4:	e30cc123 	movw	ip, #49443	@ 0xc123
     dd8:	e34cc456 	movt	ip, #50262	@ 0xc456
     ddc:	e5940000 	ldr	r0, [r4]
     de0:	e5941004 	ldr	r1, [r4, #4]
     de4:	e5942008 	ldr	r2, [r4, #8]
     de8:	e3520f80 	cmp	r2, #128, 30	@ 0x200
     dec:	3a00000e 	bcc	0xe2c
     df0:	e5840000 	str	r0, [r4]
     df4:	e5841004 	str	r1, [r4, #4]
     df8:	e5842008 	str	r2, [r4, #8]
     dfc:	e3a009fe 	mov	r0, #4161536	@ 0x3f8000
     e00:	e3800d9a 	orr	r0, r0, #9856	@ 0x2680
     e04:	e1a01004 	mov	r1, r4
     e08:	e59d2000 	ldr	r2, [sp]
     e0c:	e59fc304 	ldr	ip, [pc, #772]	@ 0x1118
     e10:	e12fff3c 	blx	ip
     e14:	e3500000 	cmp	r0, #0
     e18:	1a0001ad 	bne	0x14d4
     e1c:	e5943030 	ldr	r3, [r4, #48]	@ 0x30
     e20:	e5843030 	str	r3, [r4, #48]	@ 0x30
     e24:	e59f02f0 	ldr	r0, [pc, #752]	@ 0x111c
     e28:	ea0001a4 	b	0x14c0
     e2c:	e0803002 	add	r3, r0, r2
     e30:	e0216000 	eor	r6, r1, r0
     e34:	e3160003 	tst	r6, #3
     e38:	1a000140 	bne	0x1340
     e3c:	e3100003 	tst	r0, #3
     e40:	1a000001 	bne	0xe4c
     e44:	e1a06000 	mov	r6, r0
     e48:	ea000019 	b	0xeb4
     e4c:	e3520000 	cmp	r2, #0
     e50:	1a000001 	bne	0xe5c
     e54:	e1a06000 	mov	r6, r0
     e58:	ea000015 	b	0xeb4
     e5c:	e1a06000 	mov	r6, r0
     e60:	e1a09001 	mov	r9, r1
     e64:	e5958030 	ldr	r8, [r5, #48]	@ 0x30
     e68:	e3e0c4fe 	mvn	ip, #-33554432	@ 0xfe000000
     e6c:	e3ccc8fe 	bic	ip, ip, #16646144	@ 0xfe0000
     e70:	e159000c 	cmp	r9, ip
     e74:	8a000193 	bhi	0x14c8
     e78:	e7e789f0 			@ <UNDEFINED> instruction: 0xe7e789f0
     e7c:	e1a09006 	mov	r9, r6
     e80:	e5958030 	ldr	r8, [r5, #48]	@ 0x30
     e84:	e3e0c4fe 	mvn	ip, #-33554432	@ 0xfe000000
     e88:	e3ccc8fe 	bic	ip, ip, #16646144	@ 0xfe0000
     e8c:	e159000c 	cmp	r9, ip
     e90:	8a00018c 	bhi	0x14c8
     e94:	e7d789f0 			@ <UNDEFINED> instruction: 0xe7d789f0
     e98:	e2811001 	add	r1, r1, #1
     e9c:	e2867001 	add	r7, r6, #1
     ea0:	e1a06007 	mov	r6, r7
     ea4:	e3170003 	tst	r7, #3
     ea8:	0a000001 	beq	0xeb4
     eac:	e1560003 	cmp	r6, r3
     eb0:	3affffea 	bcc	0xe60
     eb4:	e3c37003 	bic	r7, r3, #3
     eb8:	e3530040 	cmp	r3, #64	@ 0x40
     ebc:	3a00010b 	bcc	0x12f0
     ec0:	e2478040 	sub	r8, r7, #64	@ 0x40
     ec4:	e1a09008 	mov	r9, r8
     ec8:	e1560008 	cmp	r6, r8
     ecc:	8a000107 	bhi	0x12f0
     ed0:	e1a0b001 	mov	fp, r1
     ed4:	e595a030 	ldr	sl, [r5, #48]	@ 0x30
     ed8:	e59fc164 	ldr	ip, [pc, #356]	@ 0x1044
     edc:	e15b000c 	cmp	fp, ip
     ee0:	8a000178 	bhi	0x14c8
     ee4:	e7e8abf4 			@ <UNDEFINED> instruction: 0xe7e8abf4
     ee8:	e1a0b006 	mov	fp, r6
     eec:	e595a030 	ldr	sl, [r5, #48]	@ 0x30
     ef0:	e59fc14c 	ldr	ip, [pc, #332]	@ 0x1044
     ef4:	e15b000c 	cmp	fp, ip
     ef8:	8a000172 	bhi	0x14c8
     efc:	e7d8abf4 			@ <UNDEFINED> instruction: 0xe7d8abf4
     f00:	e1a0b001 	mov	fp, r1
     f04:	e595a030 	ldr	sl, [r5, #48]	@ 0x30
     f08:	e59fe134 	ldr	lr, [pc, #308]	@ 0x1044
     f0c:	e7fbe0f4 	udf	#48644	@ 0xbe04
     f10:	2a00016c 	bcs	0x14c8
     f14:	e7e8abf4 			@ <UNDEFINED> instruction: 0xe7e8abf4
     f18:	e1a0b006 	mov	fp, r6
     f1c:	e595a030 	ldr	sl, [r5, #48]	@ 0x30
     f20:	e59fe11c 	ldr	lr, [pc, #284]	@ 0x1044
     f24:	e7fbe0f4 	udf	#48644	@ 0xbe04
     f28:	2a000166 	bcs	0x14c8
     f2c:	e7d8abf4 			@ <UNDEFINED> instruction: 0xe7d8abf4
     f30:	e1a0b001 	mov	fp, r1
     f34:	e595a030 	ldr	sl, [r5, #48]	@ 0x30
     f38:	e59fe104 	ldr	lr, [pc, #260]	@ 0x1044
     f3c:	e7fbe0f8 	udf	#48648	@ 0xbe08
     f40:	2a000160 	bcs	0x14c8
     f44:	e7e8abf4 			@ <UNDEFINED> instruction: 0xe7e8abf4
     f48:	e1a0b006 	mov	fp, r6
     f4c:	e595a030 	ldr	sl, [r5, #48]	@ 0x30
     f50:	e59fe0ec 	ldr	lr, [pc, #236]	@ 0x1044
     f54:	e7fbe0f8 	udf	#48648	@ 0xbe08
     f58:	2a00015a 	bcs	0x14c8
     f5c:	e7d8abf4 			@ <UNDEFINED> instruction: 0xe7d8abf4
     f60:	e1a0b001 	mov	fp, r1
     f64:	e595a030 	ldr	sl, [r5, #48]	@ 0x30
     f68:	e59fe0d4 	ldr	lr, [pc, #212]	@ 0x1044
     f6c:	e7fbe0fc 	udf	#48652	@ 0xbe0c
     f70:	2a000154 	bcs	0x14c8
     f74:	e7e8abf4 			@ <UNDEFINED> instruction: 0xe7e8abf4
     f78:	e1a0b006 	mov	fp, r6
     f7c:	e595a030 	ldr	sl, [r5, #48]	@ 0x30
     f80:	e59fe0bc 	ldr	lr, [pc, #188]	@ 0x1044
     f84:	e7fbe0fc 	udf	#48652	@ 0xbe0c
     f88:	2a00014e 	bcs	0x14c8
     f8c:	e7d8abf4 			@ <UNDEFINED> instruction: 0xe7d8abf4
     f90:	e1a0b001 	mov	fp, r1
     f94:	e595a030 	ldr	sl, [r5, #48]	@ 0x30
     f98:	e59fe0a4 	ldr	lr, [pc, #164]	@ 0x1044
     f9c:	e7fbe1f0 	udf	#48656	@ 0xbe10
     fa0:	2a000148 	bcs	0x14c8
     fa4:	e7e8abf4 			@ <UNDEFINED> instruction: 0xe7e8abf4
     fa8:	e1a0b006 	mov	fp, r6
     fac:	e595a030 	ldr	sl, [r5, #48]	@ 0x30
     fb0:	e59fe08c 	ldr	lr, [pc, #140]	@ 0x1044
     fb4:	e7fbe1f0 	udf	#48656	@ 0xbe10
     fb8:	2a000142 	bcs	0x14c8
     fbc:	e7d8abf4 			@ <UNDEFINED> instruction: 0xe7d8abf4
     fc0:	e1a0b001 	mov	fp, r1
     fc4:	e595a030 	ldr	sl, [r5, #48]	@ 0x30
     fc8:	e59fe074 	ldr	lr, [pc, #116]	@ 0x1044
     fcc:	e7fbe1f4 	udf	#48660	@ 0xbe14
     fd0:	2a00013c 	bcs	0x14c8
     fd4:	e7e8abf4 			@ <UNDEFINED> instruction: 0xe7e8abf4
     fd8:	e1a0b006 	mov	fp, r6
     fdc:	e595a030 	ldr	sl, [r5, #48]	@ 0x30
     fe0:	e59fe05c 	ldr	lr, [pc, #92]	@ 0x1044
     fe4:	e7fbe1f4 	udf	#48660	@ 0xbe14
     fe8:	2a000136 	bcs	0x14c8
     fec:	e7d8abf4 			@ <UNDEFINED> instruction: 0xe7d8abf4
     ff0:	e1a0b001 	mov	fp, r1
     ff4:	e595a030 	ldr	sl, [r5, #48]	@ 0x30
     ff8:	e59fe044 	ldr	lr, [pc, #68]	@ 0x1044
     ffc:	e7fbe1f8 	udf	#48664	@ 0xbe18
    1000:	2a000130 	bcs	0x14c8
    1004:	e7e8abf4 			@ <UNDEFINED> instruction: 0xe7e8abf4
    1008:	e1a0b006 	mov	fp, r6
    100c:	e595a030 	ldr	sl, [r5, #48]	@ 0x30
    1010:	e59fe02c 	ldr	lr, [pc, #44]	@ 0x1044
    1014:	ea000041 	b	0x1120
    1018:	003f6990 	mlaseq	pc, r0, r9, r6	@ <UNPREDICTABLE>
    101c:	0004890c 	andeq	r8, r4, ip, lsl #18
    1020:	003f699c 	mlaseq	pc, ip, r9, r6	@ <UNPREDICTABLE>
    1024:	0004890c 	andeq	r8, r4, ip, lsl #18
    1028:	003f69b0 	ldrhteq	r6, [pc], -r0
    102c:	00048004 	andeq	r8, r4, r4
    1030:	0101fff8 	strdeq	pc, [r1, -r8]
    1034:	003f74a0 	eorseq	r7, pc, r0, lsr #9
    1038:	0004890c 	andeq	r8, r4, ip, lsl #18
    103c:	003f74f8 	ldrshteq	r7, [pc], -r8
    1040:	00048004 	andeq	r8, r4, r4
    1044:	0101fffc 	strdeq	pc, [r1, -ip]
    1048:	003f76a8 	eorseq	r7, pc, r8, lsr #13
    104c:	0004890c 	andeq	r8, r4, ip, lsl #18
    1050:	003f76d0 	ldrsbteq	r7, [pc], -r0
    1054:	0004890c 	andeq	r8, r4, ip, lsl #18
    1058:	003f770c 	eorseq	r7, pc, ip, lsl #14
    105c:	00048004 	andeq	r8, r4, r4
    1060:	003f7760 	eorseq	r7, pc, r0, ror #14
    1064:	0004890c 	andeq	r8, r4, ip, lsl #18
    1068:	003f776c 	eorseq	r7, pc, ip, ror #14
    106c:	0004890c 	andeq	r8, r4, ip, lsl #18
    1070:	003f777c 	eorseq	r7, pc, ip, ror r7	@ <UNPREDICTABLE>
    1074:	0004890c 	andeq	r8, r4, ip, lsl #18
    1078:	00048004 	andeq	r8, r4, r4
    107c:	003f69d8 	ldrsbteq	r6, [pc], -r8
    1080:	003f737c 	eorseq	r7, pc, ip, ror r3	@ <UNPREDICTABLE>
    1084:	00048c48 	andeq	r8, r4, r8, asr #24
    1088:	003f73a8 	eorseq	r7, pc, r8, lsr #7
    108c:	0004890c 	andeq	r8, r4, ip, lsl #18
    1090:	003f73bc 	ldrhteq	r7, [pc], -ip
    1094:	00048004 	andeq	r8, r4, r4
    1098:	003f3b58 	eorseq	r3, pc, r8, asr fp	@ <UNPREDICTABLE>
    109c:	0004890c 	andeq	r8, r4, ip, lsl #18
    10a0:	003f3b64 	eorseq	r3, pc, r4, ror #22
    10a4:	0004890c 	andeq	r8, r4, ip, lsl #18
    10a8:	003f3b70 	eorseq	r3, pc, r0, ror fp	@ <UNPREDICTABLE>
    10ac:	0004890c 	andeq	r8, r4, ip, lsl #18
    10b0:	003f3b7c 	eorseq	r3, pc, ip, ror fp	@ <UNPREDICTABLE>
    10b4:	0004890c 	andeq	r8, r4, ip, lsl #18
    10b8:	00048004 	andeq	r8, r4, r4
    10bc:	0004890c 	andeq	r8, r4, ip, lsl #18
    10c0:	00048004 	andeq	r8, r4, r4
    10c4:	003f79d8 	ldrsbteq	r7, [pc], -r8
    10c8:	0004890c 	andeq	r8, r4, ip, lsl #18
    10cc:	003f7a14 	eorseq	r7, pc, r4, lsl sl	@ <UNPREDICTABLE>
    10d0:	00048004 	andeq	r8, r4, r4
    10d4:	003f8bd4 	ldrsbteq	r8, [pc], -r4
    10d8:	0004890c 	andeq	r8, r4, ip, lsl #18
    10dc:	003f8bec 	eorseq	r8, pc, ip, ror #23
    10e0:	0004890c 	andeq	r8, r4, ip, lsl #18
    10e4:	003f8d9c 	mlaseq	pc, ip, sp, r8	@ <UNPREDICTABLE>
    10e8:	0004890c 	andeq	r8, r4, ip, lsl #18
    10ec:	003f8db4 	ldrhteq	r8, [pc], -r4
    10f0:	0004890c 	andeq	r8, r4, ip, lsl #18
    10f4:	003f8ef4 	ldrshteq	r8, [pc], -r4
    10f8:	00048004 	andeq	r8, r4, r4
    10fc:	003f781c 	eorseq	r7, pc, ip, lsl r8	@ <UNPREDICTABLE>
    1100:	003f72b0 	ldrhteq	r7, [pc], -r0
    1104:	003f69f4 	ldrshteq	r6, [pc], -r4
    1108:	003f6a14 	eorseq	r6, pc, r4, lsl sl	@ <UNPREDICTABLE>
    110c:	00049ae0 	andeq	r9, r4, r0, ror #21
    1110:	003f6aec 	eorseq	r6, pc, ip, ror #21
    1114:	00048004 	andeq	r8, r4, r4
    1118:	0004890c 	andeq	r8, r4, ip, lsl #18
    111c:	003fa69c 	mlaseq	pc, ip, r6, sl	@ <UNPREDICTABLE>
    1120:	e7fbe1f8 	udf	#48664	@ 0xbe18
    1124:	2a0000e7 	bcs	0x14c8
    1128:	e7d8abf4 			@ <UNDEFINED> instruction: 0xe7d8abf4
    112c:	e1a0b001 	mov	fp, r1
    1130:	e595a030 	ldr	sl, [r5, #48]	@ 0x30
    1134:	e59fefdc 	ldr	lr, [pc, #4060]	@ 0x2118
    1138:	e7fbe1fc 	udf	#48668	@ 0xbe1c
    113c:	2a0000e1 	bcs	0x14c8
    1140:	e7e8abf4 			@ <UNDEFINED> instruction: 0xe7e8abf4
    1144:	e1a0b006 	mov	fp, r6
    1148:	e595a030 	ldr	sl, [r5, #48]	@ 0x30
    114c:	e59fefc4 	ldr	lr, [pc, #4036]	@ 0x2118
    1150:	e7fbe1fc 	udf	#48668	@ 0xbe1c
    1154:	2a0000db 	bcs	0x14c8
    1158:	e7d8abf4 			@ <UNDEFINED> instruction: 0xe7d8abf4
    115c:	e1a0b001 	mov	fp, r1
    1160:	e595a030 	ldr	sl, [r5, #48]	@ 0x30
    1164:	e59fefac 	ldr	lr, [pc, #4012]	@ 0x2118
    1168:	e7fbe2f0 	udf	#48672	@ 0xbe20
    116c:	2a0000d5 	bcs	0x14c8
    1170:	e7e8abf4 			@ <UNDEFINED> instruction: 0xe7e8abf4
    1174:	e1a0b006 	mov	fp, r6
    1178:	e595a030 	ldr	sl, [r5, #48]	@ 0x30
    117c:	e59fef94 	ldr	lr, [pc, #3988]	@ 0x2118
    1180:	e7fbe2f0 	udf	#48672	@ 0xbe20
    1184:	2a0000cf 	bcs	0x14c8
    1188:	e7d8abf4 			@ <UNDEFINED> instruction: 0xe7d8abf4
    118c:	e1a0b001 	mov	fp, r1
    1190:	e595a030 	ldr	sl, [r5, #48]	@ 0x30
    1194:	e59fef7c 	ldr	lr, [pc, #3964]	@ 0x2118
    1198:	e7fbe2f4 	udf	#48676	@ 0xbe24
    119c:	2a0000c9 	bcs	0x14c8
    11a0:	e7e8abf4 			@ <UNDEFINED> instruction: 0xe7e8abf4
    11a4:	e1a0b006 	mov	fp, r6
    11a8:	e595a030 	ldr	sl, [r5, #48]	@ 0x30
    11ac:	e59fef64 	ldr	lr, [pc, #3940]	@ 0x2118
    11b0:	e7fbe2f4 	udf	#48676	@ 0xbe24
    11b4:	2a0000c3 	bcs	0x14c8
    11b8:	e7d8abf4 			@ <UNDEFINED> instruction: 0xe7d8abf4
    11bc:	e1a0b001 	mov	fp, r1
    11c0:	e595a030 	ldr	sl, [r5, #48]	@ 0x30
    11c4:	e59fef4c 	ldr	lr, [pc, #3916]	@ 0x2118
    11c8:	e7fbe2f8 	udf	#48680	@ 0xbe28
    11cc:	2a0000bd 	bcs	0x14c8
    11d0:	e7e8abf4 			@ <UNDEFINED> instruction: 0xe7e8abf4
    11d4:	e1a0b006 	mov	fp, r6
    11d8:	e595a030 	ldr	sl, [r5, #48]	@ 0x30
    11dc:	e59fef34 	ldr	lr, [pc, #3892]	@ 0x2118
    11e0:	e7fbe2f8 	udf	#48680	@ 0xbe28
    11e4:	2a0000b7 	bcs	0x14c8
    11e8:	e7d8abf4 			@ <UNDEFINED> instruction: 0xe7d8abf4
    11ec:	e1a0b001 	mov	fp, r1
    11f0:	e595a030 	ldr	sl, [r5, #48]	@ 0x30
    11f4:	e59fef1c 	ldr	lr, [pc, #3868]	@ 0x2118
    11f8:	e7fbe2fc 	udf	#48684	@ 0xbe2c
    11fc:	2a0000b1 	bcs	0x14c8
    1200:	e7e8abf4 			@ <UNDEFINED> instruction: 0xe7e8abf4
    1204:	e1a0b006 	mov	fp, r6
    1208:	e595a030 	ldr	sl, [r5, #48]	@ 0x30
    120c:	e59fef04 	ldr	lr, [pc, #3844]	@ 0x2118
    1210:	e7fbe2fc 	udf	#48684	@ 0xbe2c
    1214:	2a0000ab 	bcs	0x14c8
    1218:	e7d8abf4 			@ <UNDEFINED> instruction: 0xe7d8abf4
    121c:	e1a0b001 	mov	fp, r1
    1220:	e595a030 	ldr	sl, [r5, #48]	@ 0x30
    1224:	e59feeec 	ldr	lr, [pc, #3820]	@ 0x2118
    1228:	e7fbe3f0 	udf	#48688	@ 0xbe30
    122c:	2a0000a5 	bcs	0x14c8
    1230:	e7e8abf4 			@ <UNDEFINED> instruction: 0xe7e8abf4
    1234:	e1a0b006 	mov	fp, r6
    1238:	e595a030 	ldr	sl, [r5, #48]	@ 0x30
    123c:	e59feed4 	ldr	lr, [pc, #3796]	@ 0x2118
    1240:	e7fbe3f0 	udf	#48688	@ 0xbe30
    1244:	2a00009f 	bcs	0x14c8
    1248:	e7d8abf4 			@ <UNDEFINED> instruction: 0xe7d8abf4
    124c:	e1a0b001 	mov	fp, r1
    1250:	e595a030 	ldr	sl, [r5, #48]	@ 0x30
    1254:	e59feebc 	ldr	lr, [pc, #3772]	@ 0x2118
    1258:	e7fbe3f4 	udf	#48692	@ 0xbe34
    125c:	2a000099 	bcs	0x14c8
    1260:	e7e8abf4 			@ <UNDEFINED> instruction: 0xe7e8abf4
    1264:	e1a0b006 	mov	fp, r6
    1268:	e595a030 	ldr	sl, [r5, #48]	@ 0x30
    126c:	e59feea4 	ldr	lr, [pc, #3748]	@ 0x2118
    1270:	e7fbe3f4 	udf	#48692	@ 0xbe34
    1274:	2a000093 	bcs	0x14c8
    1278:	e7d8abf4 			@ <UNDEFINED> instruction: 0xe7d8abf4
    127c:	e1a0b001 	mov	fp, r1
    1280:	e595a030 	ldr	sl, [r5, #48]	@ 0x30
    1284:	e59fee8c 	ldr	lr, [pc, #3724]	@ 0x2118
    1288:	e7fbe3f8 	udf	#48696	@ 0xbe38
    128c:	2a00008d 	bcs	0x14c8
    1290:	e7e8abf4 			@ <UNDEFINED> instruction: 0xe7e8abf4
    1294:	e1a0b006 	mov	fp, r6
    1298:	e595a030 	ldr	sl, [r5, #48]	@ 0x30
    129c:	e59fee74 	ldr	lr, [pc, #3700]	@ 0x2118
    12a0:	e7fbe3f8 	udf	#48696	@ 0xbe38
    12a4:	2a000087 	bcs	0x14c8
    12a8:	e7d8abf4 			@ <UNDEFINED> instruction: 0xe7d8abf4
    12ac:	e1a0b001 	mov	fp, r1
    12b0:	e595a030 	ldr	sl, [r5, #48]	@ 0x30
    12b4:	e59fee5c 	ldr	lr, [pc, #3676]	@ 0x2118
    12b8:	e7fbe3fc 	udf	#48700	@ 0xbe3c
    12bc:	2a000081 	bcs	0x14c8
    12c0:	e7e8abf4 			@ <UNDEFINED> instruction: 0xe7e8abf4
    12c4:	e1a0b006 	mov	fp, r6
    12c8:	e595a030 	ldr	sl, [r5, #48]	@ 0x30
    12cc:	e59fee44 	ldr	lr, [pc, #3652]	@ 0x2118
    12d0:	e7fbe3fc 	udf	#48700	@ 0xbe3c
    12d4:	2a00007b 	bcs	0x14c8
    12d8:	e7d8abf4 			@ <UNDEFINED> instruction: 0xe7d8abf4
    12dc:	e2811040 	add	r1, r1, #64	@ 0x40
    12e0:	e2868040 	add	r8, r6, #64	@ 0x40
    12e4:	e1a06008 	mov	r6, r8
    12e8:	e1580009 	cmp	r8, r9
    12ec:	9afffef7 	bls	0xed0
    12f0:	e1560007 	cmp	r6, r7
    12f4:	2a000058 	bcs	0x145c
    12f8:	e1a0a001 	mov	sl, r1
    12fc:	e5959030 	ldr	r9, [r5, #48]	@ 0x30
    1300:	e59fce10 	ldr	ip, [pc, #3600]	@ 0x2118
    1304:	e15a000c 	cmp	sl, ip
    1308:	8a00006e 	bhi	0x14c8
    130c:	e7e89af4 			@ <UNDEFINED> instruction: 0xe7e89af4
    1310:	e1a0a006 	mov	sl, r6
    1314:	e5959030 	ldr	r9, [r5, #48]	@ 0x30
    1318:	e59fcdf8 	ldr	ip, [pc, #3576]	@ 0x2118
    131c:	e15a000c 	cmp	sl, ip
    1320:	8a000068 	bhi	0x14c8
    1324:	e7d89af4 			@ <UNDEFINED> instruction: 0xe7d89af4
    1328:	e2811004 	add	r1, r1, #4
    132c:	e2868004 	add	r8, r6, #4
    1330:	e1a06008 	mov	r6, r8
    1334:	e1580007 	cmp	r8, r7
    1338:	3affffee 	bcc	0x12f8
    133c:	ea000046 	b	0x145c
    1340:	e3530004 	cmp	r3, #4
    1344:	2a000001 	bcs	0x1350
    1348:	e1a06000 	mov	r6, r0
    134c:	ea000042 	b	0x145c
    1350:	e3520004 	cmp	r2, #4
    1354:	2a000001 	bcs	0x1360
    1358:	e1a06000 	mov	r6, r0
    135c:	ea00003e 	b	0x145c
    1360:	e2432004 	sub	r2, r3, #4
    1364:	e1a06000 	mov	r6, r0
    1368:	e1a09001 	mov	r9, r1
    136c:	e5958030 	ldr	r8, [r5, #48]	@ 0x30
    1370:	e3e0c4fe 	mvn	ip, #-33554432	@ 0xfe000000
    1374:	e3ccc8fe 	bic	ip, ip, #16646144	@ 0xfe0000
    1378:	e159000c 	cmp	r9, ip
    137c:	8a000051 	bhi	0x14c8
    1380:	e7e789f0 			@ <UNDEFINED> instruction: 0xe7e789f0
    1384:	e1a09006 	mov	r9, r6
    1388:	e5958030 	ldr	r8, [r5, #48]	@ 0x30
    138c:	e3e0c4fe 	mvn	ip, #-33554432	@ 0xfe000000
    1390:	e3ccc8fe 	bic	ip, ip, #16646144	@ 0xfe0000
    1394:	e159000c 	cmp	r9, ip
    1398:	8a00004a 	bhi	0x14c8
    139c:	e7d789f0 			@ <UNDEFINED> instruction: 0xe7d789f0
    13a0:	e1a09001 	mov	r9, r1
    13a4:	e5958030 	ldr	r8, [r5, #48]	@ 0x30
    13a8:	e3e0e4fe 	mvn	lr, #-33554432	@ 0xfe000000
    13ac:	e3cee8fe 	bic	lr, lr, #16646144	@ 0xfe0000
    13b0:	e7f9e0f1 	udf	#40449	@ 0x9e01
    13b4:	2a000043 	bcs	0x14c8
    13b8:	e7e789f0 			@ <UNDEFINED> instruction: 0xe7e789f0
    13bc:	e1a09006 	mov	r9, r6
    13c0:	e5958030 	ldr	r8, [r5, #48]	@ 0x30
    13c4:	e3e0e4fe 	mvn	lr, #-33554432	@ 0xfe000000
    13c8:	e3cee8fe 	bic	lr, lr, #16646144	@ 0xfe0000
    13cc:	e7f9e0f1 	udf	#40449	@ 0x9e01
    13d0:	2a00003c 	bcs	0x14c8
    13d4:	e7d789f0 			@ <UNDEFINED> instruction: 0xe7d789f0
    13d8:	e1a09001 	mov	r9, r1
    13dc:	e5958030 	ldr	r8, [r5, #48]	@ 0x30
    13e0:	e3e0e4fe 	mvn	lr, #-33554432	@ 0xfe000000
    13e4:	e3cee8fe 	bic	lr, lr, #16646144	@ 0xfe0000
    13e8:	e7f9e0f2 	udf	#40450	@ 0x9e02
    13ec:	2a000035 	bcs	0x14c8
    13f0:	e7e789f0 			@ <UNDEFINED> instruction: 0xe7e789f0
    13f4:	e1a09006 	mov	r9, r6
    13f8:	e5958030 	ldr	r8, [r5, #48]	@ 0x30
    13fc:	e3e0e4fe 	mvn	lr, #-33554432	@ 0xfe000000
    1400:	e3cee8fe 	bic	lr, lr, #16646144	@ 0xfe0000
    1404:	e7f9e0f2 	udf	#40450	@ 0x9e02
    1408:	2a00002e 	bcs	0x14c8
    140c:	e7d789f0 			@ <UNDEFINED> instruction: 0xe7d789f0
    1410:	e1a09001 	mov	r9, r1
    1414:	e5958030 	ldr	r8, [r5, #48]	@ 0x30
    1418:	e3e0e4fe 	mvn	lr, #-33554432	@ 0xfe000000
    141c:	e3cee8fe 	bic	lr, lr, #16646144	@ 0xfe0000
    1420:	e7f9e0f3 	udf	#40451	@ 0x9e03
    1424:	2a000027 	bcs	0x14c8
    1428:	e7e789f0 			@ <UNDEFINED> instruction: 0xe7e789f0
    142c:	e1a09006 	mov	r9, r6
    1430:	e5958030 	ldr	r8, [r5, #48]	@ 0x30
    1434:	e3e0e4fe 	mvn	lr, #-33554432	@ 0xfe000000
    1438:	e3cee8fe 	bic	lr, lr, #16646144	@ 0xfe0000
    143c:	e7f9e0f3 	udf	#40451	@ 0x9e03
    1440:	2a000020 	bcs	0x14c8
    1444:	e7d789f0 			@ <UNDEFINED> instruction: 0xe7d789f0
    1448:	e2811004 	add	r1, r1, #4
    144c:	e2867004 	add	r7, r6, #4
    1450:	e1a06007 	mov	r6, r7
    1454:	e1570002 	cmp	r7, r2
    1458:	9affffc2 	bls	0x1368
    145c:	e1560003 	cmp	r6, r3
    1460:	2a000012 	bcs	0x14b0
    1464:	e1a08001 	mov	r8, r1
    1468:	e5957030 	ldr	r7, [r5, #48]	@ 0x30
    146c:	e3e0c4fe 	mvn	ip, #-33554432	@ 0xfe000000
    1470:	e3ccc8fe 	bic	ip, ip, #16646144	@ 0xfe0000
    1474:	e158000c 	cmp	r8, ip
    1478:	8a000012 	bhi	0x14c8
    147c:	e7e278f0 			@ <UNDEFINED> instruction: 0xe7e278f0
    1480:	e1a08006 	mov	r8, r6
    1484:	e5957030 	ldr	r7, [r5, #48]	@ 0x30
    1488:	e3e0c4fe 	mvn	ip, #-33554432	@ 0xfe000000
    148c:	e3ccc8fe 	bic	ip, ip, #16646144	@ 0xfe0000
    1490:	e158000c 	cmp	r8, ip
    1494:	8a00000b 	bhi	0x14c8
    1498:	e7d278f0 			@ <UNDEFINED> instruction: 0xe7d278f0
    149c:	e2811001 	add	r1, r1, #1
    14a0:	e2862001 	add	r2, r6, #1
    14a4:	e1a06002 	mov	r6, r2
    14a8:	e1520003 	cmp	r2, r3
    14ac:	1affffec 	bne	0x1464
    14b0:	e5840000 	str	r0, [r4]
    14b4:	e59f0c60 	ldr	r0, [pc, #3168]	@ 0x211c
    14b8:	e30ccabc 	movw	ip, #51900	@ 0xcabc
    14bc:	e34ccdef 	movt	ip, #52719	@ 0xcdef
    14c0:	e28dd004 	add	sp, sp, #4
    14c4:	e8bd8fc0 	pop	{r6, r7, r8, r9, sl, fp, pc}
    14c8:	e3a00008 	mov	r0, #8
    14cc:	e59d1000 	ldr	r1, [sp]
    14d0:	e5810010 	str	r0, [r1, #16]
    14d4:	e59d0000 	ldr	r0, [sp]
    14d8:	e59d101c 	ldr	r1, [sp, #28]
    14dc:	e59fcc3c 	ldr	ip, [pc, #3132]	@ 0x2120
    14e0:	e12fff3c 	blx	ip
    14e4:	e28dd004 	add	sp, sp, #4
    14e8:	e8bd0fc0 	pop	{r6, r7, r8, r9, sl, fp}
    14ec:	e28dd004 	add	sp, sp, #4
    14f0:	e12fff10 	bx	r0
    14f4:	e92d43c0 	push	{r6, r7, r8, r9, lr}
    14f8:	e24dd004 	sub	sp, sp, #4
    14fc:	e58d0000 	str	r0, [sp]
    1500:	e30cc123 	movw	ip, #49443	@ 0xc123
    1504:	e34cc456 	movt	ip, #50262	@ 0xc456
    1508:	e5942000 	ldr	r2, [r4]
    150c:	e5940004 	ldr	r0, [r4, #4]
    1510:	e5941008 	ldr	r1, [r4, #8]
    1514:	e3510000 	cmp	r1, #0
    1518:	0a0000d7 	beq	0x187c
    151c:	e1a06002 	mov	r6, r2
    1520:	e5953030 	ldr	r3, [r5, #48]	@ 0x30
    1524:	e3e0c4fe 	mvn	ip, #-33554432	@ 0xfe000000
    1528:	e3ccc8fe 	bic	ip, ip, #16646144	@ 0xfe0000
    152c:	e156000c 	cmp	r6, ip
    1530:	8a0000d7 	bhi	0x1894
    1534:	e7d036f0 			@ <UNDEFINED> instruction: 0xe7d036f0
    1538:	e0823001 	add	r3, r2, r1
    153c:	e1a06003 	mov	r6, r3
    1540:	e2433001 	sub	r3, r3, #1
    1544:	e5957030 	ldr	r7, [r5, #48]	@ 0x30
    1548:	e3e0c4fe 	mvn	ip, #-33554432	@ 0xfe000000
    154c:	e3ccc8fe 	bic	ip, ip, #16646144	@ 0xfe0000
    1550:	e153000c 	cmp	r3, ip
    1554:	8a0000ce 	bhi	0x1894
    1558:	e7d073f0 			@ <UNDEFINED> instruction: 0xe7d073f0
    155c:	e3510003 	cmp	r1, #3
    1560:	3a0000c5 	bcc	0x187c
    1564:	e1a07002 	mov	r7, r2
    1568:	e5953030 	ldr	r3, [r5, #48]	@ 0x30
    156c:	e3e0e4fe 	mvn	lr, #-33554432	@ 0xfe000000
    1570:	e3cee8fe 	bic	lr, lr, #16646144	@ 0xfe0000
    1574:	e7f7e0f2 	udf	#32258	@ 0x7e02
    1578:	2a0000c5 	bcs	0x1894
    157c:	e7d037f0 			@ <UNDEFINED> instruction: 0xe7d037f0
    1580:	e1a07002 	mov	r7, r2
    1584:	e5953030 	ldr	r3, [r5, #48]	@ 0x30
    1588:	e3e0e4fe 	mvn	lr, #-33554432	@ 0xfe000000
    158c:	e3cee8fe 	bic	lr, lr, #16646144	@ 0xfe0000
    1590:	e7f7e0f1 	udf	#32257	@ 0x7e01
    1594:	2a0000be 	bcs	0x1894
    1598:	e7d037f0 			@ <UNDEFINED> instruction: 0xe7d037f0
    159c:	e2463003 	sub	r3, r6, #3
    15a0:	e5957030 	ldr	r7, [r5, #48]	@ 0x30
    15a4:	e3e0c4fe 	mvn	ip, #-33554432	@ 0xfe000000
    15a8:	e3ccc8fe 	bic	ip, ip, #16646144	@ 0xfe0000
    15ac:	e153000c 	cmp	r3, ip
    15b0:	8a0000b7 	bhi	0x1894
    15b4:	e7d073f0 			@ <UNDEFINED> instruction: 0xe7d073f0
    15b8:	e2463002 	sub	r3, r6, #2
    15bc:	e5957030 	ldr	r7, [r5, #48]	@ 0x30
    15c0:	e3e0c4fe 	mvn	ip, #-33554432	@ 0xfe000000
    15c4:	e3ccc8fe 	bic	ip, ip, #16646144	@ 0xfe0000
    15c8:	e153000c 	cmp	r3, ip
    15cc:	8a0000b0 	bhi	0x1894
    15d0:	e7d073f0 			@ <UNDEFINED> instruction: 0xe7d073f0
    15d4:	e3510007 	cmp	r1, #7
    15d8:	3a0000a7 	bcc	0x187c
    15dc:	e1a07002 	mov	r7, r2
    15e0:	e5953030 	ldr	r3, [r5, #48]	@ 0x30
    15e4:	e3e0e4fe 	mvn	lr, #-33554432	@ 0xfe000000
    15e8:	e3cee8fe 	bic	lr, lr, #16646144	@ 0xfe0000
    15ec:	e7f7e0f3 	udf	#32259	@ 0x7e03
    15f0:	2a0000a7 	bcs	0x1894
    15f4:	e7d037f0 			@ <UNDEFINED> instruction: 0xe7d037f0
    15f8:	e2466004 	sub	r6, r6, #4
    15fc:	e5953030 	ldr	r3, [r5, #48]	@ 0x30
    1600:	e3e0c4fe 	mvn	ip, #-33554432	@ 0xfe000000
    1604:	e3ccc8fe 	bic	ip, ip, #16646144	@ 0xfe0000
    1608:	e156000c 	cmp	r6, ip
    160c:	8a0000a0 	bhi	0x1894
    1610:	e7d036f0 			@ <UNDEFINED> instruction: 0xe7d036f0
    1614:	e3510009 	cmp	r1, #9
    1618:	3a000097 	bcc	0x187c
    161c:	e2623000 	rsb	r3, r2, #0
    1620:	e2033003 	and	r3, r3, #3
    1624:	e1a06003 	mov	r6, r3
    1628:	e0823003 	add	r3, r2, r3
    162c:	e1a07003 	mov	r7, r3
    1630:	e20000ff 	and	r0, r0, #255	@ 0xff
    1634:	e59fcae8 	ldr	ip, [pc, #2792]	@ 0x2124
    1638:	e0000c90 	mul	r0, r0, ip
    163c:	e1a08000 	mov	r8, r0
    1640:	e5959030 	ldr	r9, [r5, #48]	@ 0x30
    1644:	e59fcacc 	ldr	ip, [pc, #2764]	@ 0x2118
    1648:	e153000c 	cmp	r3, ip
    164c:	8a000090 	bhi	0x1894
    1650:	e7d093f4 			@ <UNDEFINED> instruction: 0xe7d093f4
    1654:	e0411006 	sub	r1, r1, r6
    1658:	e3c11003 	bic	r1, r1, #3
    165c:	e1a00001 	mov	r0, r1
    1660:	e0871001 	add	r1, r7, r1
    1664:	e1a03001 	mov	r3, r1
    1668:	e2411004 	sub	r1, r1, #4
    166c:	e5956030 	ldr	r6, [r5, #48]	@ 0x30
    1670:	e59fcaa0 	ldr	ip, [pc, #2720]	@ 0x2118
    1674:	e151000c 	cmp	r1, ip
    1678:	8a000085 	bhi	0x1894
    167c:	e7d861f4 			@ <UNDEFINED> instruction: 0xe7d861f4
    1680:	e3500009 	cmp	r0, #9
    1684:	3a00007c 	bcc	0x187c
    1688:	e1a06007 	mov	r6, r7
    168c:	e5951030 	ldr	r1, [r5, #48]	@ 0x30
    1690:	e59fea80 	ldr	lr, [pc, #2688]	@ 0x2118
    1694:	e7f6e0f8 	udf	#28168	@ 0x6e08
    1698:	2a00007d 	bcs	0x1894
    169c:	e7d816f4 			@ <UNDEFINED> instruction: 0xe7d816f4
    16a0:	e1a06007 	mov	r6, r7
    16a4:	e5951030 	ldr	r1, [r5, #48]	@ 0x30
    16a8:	e59fea68 	ldr	lr, [pc, #2664]	@ 0x2118
    16ac:	e7f6e0f4 	udf	#28164	@ 0x6e04
    16b0:	2a000077 	bcs	0x1894
    16b4:	e7d816f4 			@ <UNDEFINED> instruction: 0xe7d816f4
    16b8:	e2431008 	sub	r1, r3, #8
    16bc:	e5956030 	ldr	r6, [r5, #48]	@ 0x30
    16c0:	e59fca50 	ldr	ip, [pc, #2640]	@ 0x2118
    16c4:	e151000c 	cmp	r1, ip
    16c8:	8a000071 	bhi	0x1894
    16cc:	e7d861f4 			@ <UNDEFINED> instruction: 0xe7d861f4
    16d0:	e243100c 	sub	r1, r3, #12
    16d4:	e5956030 	ldr	r6, [r5, #48]	@ 0x30
    16d8:	e59fca38 	ldr	ip, [pc, #2616]	@ 0x2118
    16dc:	e151000c 	cmp	r1, ip
    16e0:	8a00006b 	bhi	0x1894
    16e4:	e7d861f4 			@ <UNDEFINED> instruction: 0xe7d861f4
    16e8:	e3500019 	cmp	r0, #25
    16ec:	3a000062 	bcc	0x187c
    16f0:	e1a06007 	mov	r6, r7
    16f4:	e5951030 	ldr	r1, [r5, #48]	@ 0x30
    16f8:	e59fea18 	ldr	lr, [pc, #2584]	@ 0x2118
    16fc:	e7f6e1f8 	udf	#28184	@ 0x6e18
    1700:	2a000063 	bcs	0x1894
    1704:	e7d816f4 			@ <UNDEFINED> instruction: 0xe7d816f4
    1708:	e1a06007 	mov	r6, r7
    170c:	e5951030 	ldr	r1, [r5, #48]	@ 0x30
    1710:	e59fea00 	ldr	lr, [pc, #2560]	@ 0x2118
    1714:	e7f6e1f4 	udf	#28180	@ 0x6e14
    1718:	2a00005d 	bcs	0x1894
    171c:	e7d816f4 			@ <UNDEFINED> instruction: 0xe7d816f4
    1720:	e1a06007 	mov	r6, r7
    1724:	e5951030 	ldr	r1, [r5, #48]	@ 0x30
    1728:	e59fe9e8 	ldr	lr, [pc, #2536]	@ 0x2118
    172c:	e7f6e1f0 	udf	#28176	@ 0x6e10
    1730:	2a000057 	bcs	0x1894
    1734:	e7d816f4 			@ <UNDEFINED> instruction: 0xe7d816f4
    1738:	e1a06007 	mov	r6, r7
    173c:	e5951030 	ldr	r1, [r5, #48]	@ 0x30
    1740:	e59fe9d0 	ldr	lr, [pc, #2512]	@ 0x2118
    1744:	e7f6e0fc 	udf	#28172	@ 0x6e0c
    1748:	2a000051 	bcs	0x1894
    174c:	e7d816f4 			@ <UNDEFINED> instruction: 0xe7d816f4
    1750:	e2431010 	sub	r1, r3, #16
    1754:	e5956030 	ldr	r6, [r5, #48]	@ 0x30
    1758:	e59fc9b8 	ldr	ip, [pc, #2488]	@ 0x2118
    175c:	e151000c 	cmp	r1, ip
    1760:	8a00004b 	bhi	0x1894
    1764:	e7d861f4 			@ <UNDEFINED> instruction: 0xe7d861f4
    1768:	e2431014 	sub	r1, r3, #20
    176c:	e5956030 	ldr	r6, [r5, #48]	@ 0x30
    1770:	e59fc9a0 	ldr	ip, [pc, #2464]	@ 0x2118
    1774:	e151000c 	cmp	r1, ip
    1778:	8a000045 	bhi	0x1894
    177c:	e7d861f4 			@ <UNDEFINED> instruction: 0xe7d861f4
    1780:	e2431018 	sub	r1, r3, #24
    1784:	e5956030 	ldr	r6, [r5, #48]	@ 0x30
    1788:	e59fc988 	ldr	ip, [pc, #2440]	@ 0x2118
    178c:	e151000c 	cmp	r1, ip
    1790:	8a00003f 	bhi	0x1894
    1794:	e7d861f4 			@ <UNDEFINED> instruction: 0xe7d861f4
    1798:	e243301c 	sub	r3, r3, #28
    179c:	e5951030 	ldr	r1, [r5, #48]	@ 0x30
    17a0:	e59fc970 	ldr	ip, [pc, #2416]	@ 0x2118
    17a4:	e153000c 	cmp	r3, ip
    17a8:	8a000039 	bhi	0x1894
    17ac:	e7d813f4 			@ <UNDEFINED> instruction: 0xe7d813f4
    17b0:	e2071004 	and	r1, r7, #4
    17b4:	e3811018 	orr	r1, r1, #24
    17b8:	e1a03001 	mov	r3, r1
    17bc:	e0400001 	sub	r0, r0, r1
    17c0:	e1a06000 	mov	r6, r0
    17c4:	e3500020 	cmp	r0, #32
    17c8:	3a00002b 	bcc	0x187c
    17cc:	e1a00008 	mov	r0, r8
    17d0:	e3a01000 	mov	r1, #0
    17d4:	e1a08000 	mov	r8, r0
    17d8:	e3a0c001 	mov	ip, #1
    17dc:	e0080c98 	mul	r8, r8, ip
    17e0:	e0811008 	add	r1, r1, r8
    17e4:	e0877003 	add	r7, r7, r3
    17e8:	e1a08007 	mov	r8, r7
    17ec:	e5953030 	ldr	r3, [r5, #48]	@ 0x30
    17f0:	e59fe930 	ldr	lr, [pc, #2352]	@ 0x2128
    17f4:	e7f8e1f8 	udf	#36376	@ 0x8e18
    17f8:	2a000025 	bcs	0x1894
    17fc:	e083c008 	add	ip, r3, r8
    1800:	e58c0000 	str	r0, [ip]
    1804:	e58c1004 	str	r1, [ip, #4]
    1808:	e1a08007 	mov	r8, r7
    180c:	e5953030 	ldr	r3, [r5, #48]	@ 0x30
    1810:	e59fe910 	ldr	lr, [pc, #2320]	@ 0x2128
    1814:	e7f8e1f0 	udf	#36368	@ 0x8e10
    1818:	2a00001d 	bcs	0x1894
    181c:	e083c008 	add	ip, r3, r8
    1820:	e58c0000 	str	r0, [ip]
    1824:	e58c1004 	str	r1, [ip, #4]
    1828:	e1a08007 	mov	r8, r7
    182c:	e5953030 	ldr	r3, [r5, #48]	@ 0x30
    1830:	e59fe8f0 	ldr	lr, [pc, #2288]	@ 0x2128
    1834:	e7f8e0f8 	udf	#36360	@ 0x8e08
    1838:	2a000015 	bcs	0x1894
    183c:	e083c008 	add	ip, r3, r8
    1840:	e58c0000 	str	r0, [ip]
    1844:	e58c1004 	str	r1, [ip, #4]
    1848:	e1a08007 	mov	r8, r7
    184c:	e5953030 	ldr	r3, [r5, #48]	@ 0x30
    1850:	e59fc8d0 	ldr	ip, [pc, #2256]	@ 0x2128
    1854:	e158000c 	cmp	r8, ip
    1858:	8a00000d 	bhi	0x1894
    185c:	e083c008 	add	ip, r3, r8
    1860:	e58c0000 	str	r0, [ip]
    1864:	e58c1004 	str	r1, [ip, #4]
    1868:	e2877020 	add	r7, r7, #32
    186c:	e2463020 	sub	r3, r6, #32
    1870:	e1a06003 	mov	r6, r3
    1874:	e353001f 	cmp	r3, #31
    1878:	8affffda 	bhi	0x17e8
    187c:	e5842000 	str	r2, [r4]
    1880:	e59f08a4 	ldr	r0, [pc, #2212]	@ 0x212c
    1884:	e30ccabc 	movw	ip, #51900	@ 0xcabc
    1888:	e34ccdef 	movt	ip, #52719	@ 0xcdef
    188c:	e28dd004 	add	sp, sp, #4
    1890:	e8bd83c0 	pop	{r6, r7, r8, r9, pc}
    1894:	e3a00008 	mov	r0, #8
    1898:	e59d1000 	ldr	r1, [sp]
    189c:	e5810010 	str	r0, [r1, #16]
    18a0:	e59d0000 	ldr	r0, [sp]
    18a4:	e59d1014 	ldr	r1, [sp, #20]
    18a8:	e59fc880 	ldr	ip, [pc, #2176]	@ 0x2130
    18ac:	e12fff3c 	blx	ip
    18b0:	e28dd004 	add	sp, sp, #4
    18b4:	e8bd03c0 	pop	{r6, r7, r8, r9}
    18b8:	e28dd004 	add	sp, sp, #4
    18bc:	e12fff10 	bx	r0
    18c0:	e52de004 	push	{lr}		@ (str lr, [sp, #-4]!)
    18c4:	e24dd004 	sub	sp, sp, #4
    18c8:	e58d0000 	str	r0, [sp]
    18cc:	e30cc123 	movw	ip, #49443	@ 0xc123
    18d0:	e34cc456 	movt	ip, #50262	@ 0xc456
    18d4:	e59f0858 	ldr	r0, [pc, #2136]	@ 0x2134
    18d8:	e30ccabc 	movw	ip, #51900	@ 0xcabc
    18dc:	e34ccdef 	movt	ip, #52719	@ 0xcdef
    18e0:	e28dd004 	add	sp, sp, #4
    18e4:	e49df004 	pop	{pc}		@ (ldr pc, [sp], #4)
    18e8:	e52de004 	push	{lr}		@ (str lr, [sp, #-4]!)
    18ec:	e24dd004 	sub	sp, sp, #4
    18f0:	e58d0000 	str	r0, [sp]
    18f4:	e30cc123 	movw	ip, #49443	@ 0xc123
    18f8:	e34cc456 	movt	ip, #50262	@ 0xc456
    18fc:	e3a0eb44 	mov	lr, #68, 22	@ 0x11000
    1900:	e38ee170 	orr	lr, lr, #112, 2
    1904:	e584e000 	str	lr, [r4]
    1908:	e59f0828 	ldr	r0, [pc, #2088]	@ 0x2138
    190c:	e1a01004 	mov	r1, r4
    1910:	e59d2000 	ldr	r2, [sp]
    1914:	e59fc820 	ldr	ip, [pc, #2080]	@ 0x213c
    1918:	e12fff3c 	blx	ip
    191c:	e3500000 	cmp	r0, #0
    1920:	1a000007 	bne	0x1944
    1924:	e3a0eb44 	mov	lr, #68, 22	@ 0x11000
    1928:	e38ee180 	orr	lr, lr, #128, 2
    192c:	e584e004 	str	lr, [r4, #4]
    1930:	e59f0808 	ldr	r0, [pc, #2056]	@ 0x2140
    1934:	e30ccabc 	movw	ip, #51900	@ 0xcabc
    1938:	e34ccdef 	movt	ip, #52719	@ 0xcdef
    193c:	e28dd004 	add	sp, sp, #4
    1940:	e49df004 	pop	{pc}		@ (ldr pc, [sp], #4)
    1944:	e59d0000 	ldr	r0, [sp]
    1948:	e59d1004 	ldr	r1, [sp, #4]
    194c:	e59fc7f0 	ldr	ip, [pc, #2032]	@ 0x2144
    1950:	e12fff3c 	blx	ip
    1954:	e28dd008 	add	sp, sp, #8
    1958:	e12fff10 	bx	r0
    195c:	e92d4040 	push	{r6, lr}
    1960:	e24dd008 	sub	sp, sp, #8
    1964:	e58d0000 	str	r0, [sp]
    1968:	e30cc123 	movw	ip, #49443	@ 0xc123
    196c:	e34cc456 	movt	ip, #50262	@ 0xc456
    1970:	e59f07d0 	ldr	r0, [pc, #2000]	@ 0x2148
    1974:	e1a01004 	mov	r1, r4
    1978:	e59d2000 	ldr	r2, [sp]
    197c:	e59fc7c8 	ldr	ip, [pc, #1992]	@ 0x214c
    1980:	e12fff3c 	blx	ip
    1984:	e3500000 	cmp	r0, #0
    1988:	1a000043 	bne	0x1a9c
    198c:	e5940008 	ldr	r0, [r4, #8]
    1990:	e1a02000 	mov	r2, r0
    1994:	e5951030 	ldr	r1, [r5, #48]	@ 0x30
    1998:	e59fc778 	ldr	ip, [pc, #1912]	@ 0x2118
    199c:	e152000c 	cmp	r2, ip
    19a0:	8a00003a 	bhi	0x1a90
    19a4:	e7e012f4 			@ <UNDEFINED> instruction: 0xe7e012f4
    19a8:	e1a06000 	mov	r6, r0
    19ac:	e3500000 	cmp	r0, #0
    19b0:	0a000010 	beq	0x19f8
    19b4:	e5846000 	str	r6, [r4]
    19b8:	e59f0790 	ldr	r0, [pc, #1936]	@ 0x2150
    19bc:	e1a01004 	mov	r1, r4
    19c0:	e59d2000 	ldr	r2, [sp]
    19c4:	e59fc788 	ldr	ip, [pc, #1928]	@ 0x2154
    19c8:	e12fff3c 	blx	ip
    19cc:	e3500000 	cmp	r0, #0
    19d0:	1a000031 	bne	0x1a9c
    19d4:	e1a02006 	mov	r2, r6
    19d8:	e5951030 	ldr	r1, [r5, #48]	@ 0x30
    19dc:	e59fe734 	ldr	lr, [pc, #1844]	@ 0x2118
    19e0:	e7f2e3f8 	udf	#11832	@ 0x2e38
    19e4:	2a000029 	bcs	0x1a90
    19e8:	e7e012f4 			@ <UNDEFINED> instruction: 0xe7e012f4
    19ec:	e1a06000 	mov	r6, r0
    19f0:	e3500000 	cmp	r0, #0
    19f4:	1affffee 	bne	0x19b4
    19f8:	e5951030 	ldr	r1, [r5, #48]	@ 0x30
    19fc:	e281cb48 	add	ip, r1, #72, 22	@ 0x12000
    1a00:	e51c0fdc 	ldr	r0, [ip, #-4060]	@ 0xfffff024
    1a04:	e5840008 	str	r0, [r4, #8]
    1a08:	e59f0748 	ldr	r0, [pc, #1864]	@ 0x2158
    1a0c:	e1a01004 	mov	r1, r4
    1a10:	e59d2000 	ldr	r2, [sp]
    1a14:	e59fc740 	ldr	ip, [pc, #1856]	@ 0x215c
    1a18:	e12fff3c 	blx	ip
    1a1c:	e3500000 	cmp	r0, #0
    1a20:	1a00001d 	bne	0x1a9c
    1a24:	e5951030 	ldr	r1, [r5, #48]	@ 0x30
    1a28:	e281cb40 	add	ip, r1, #64, 22	@ 0x10000
    1a2c:	e59c0b68 	ldr	r0, [ip, #2920]	@ 0xb68
    1a30:	e5840008 	str	r0, [r4, #8]
    1a34:	e59f0724 	ldr	r0, [pc, #1828]	@ 0x2160
    1a38:	e1a01004 	mov	r1, r4
    1a3c:	e59d2000 	ldr	r2, [sp]
    1a40:	e59fc71c 	ldr	ip, [pc, #1820]	@ 0x2164
    1a44:	e12fff3c 	blx	ip
    1a48:	e3500000 	cmp	r0, #0
    1a4c:	1a000012 	bne	0x1a9c
    1a50:	e5951030 	ldr	r1, [r5, #48]	@ 0x30
    1a54:	e281cb40 	add	ip, r1, #64, 22	@ 0x10000
    1a58:	e59c0c00 	ldr	r0, [ip, #3072]	@ 0xc00
    1a5c:	e5840008 	str	r0, [r4, #8]
    1a60:	e59f0700 	ldr	r0, [pc, #1792]	@ 0x2168
    1a64:	e1a01004 	mov	r1, r4
    1a68:	e59d2000 	ldr	r2, [sp]
    1a6c:	e59fc6f8 	ldr	ip, [pc, #1784]	@ 0x216c
    1a70:	e12fff3c 	blx	ip
    1a74:	e3500000 	cmp	r0, #0
    1a78:	1a000007 	bne	0x1a9c
    1a7c:	e59f06ec 	ldr	r0, [pc, #1772]	@ 0x2170
    1a80:	e30ccabc 	movw	ip, #51900	@ 0xcabc
    1a84:	e34ccdef 	movt	ip, #52719	@ 0xcdef
    1a88:	e28dd008 	add	sp, sp, #8
    1a8c:	e8bd8040 	pop	{r6, pc}
    1a90:	e3a00008 	mov	r0, #8
    1a94:	e59d1000 	ldr	r1, [sp]
    1a98:	e5810010 	str	r0, [r1, #16]
    1a9c:	e59d0000 	ldr	r0, [sp]
    1aa0:	e59d100c 	ldr	r1, [sp, #12]
    1aa4:	e59fc6c8 	ldr	ip, [pc, #1736]	@ 0x2174
    1aa8:	e12fff3c 	blx	ip
    1aac:	e59d6008 	ldr	r6, [sp, #8]
    1ab0:	e28dd010 	add	sp, sp, #16
    1ab4:	e12fff10 	bx	r0
    1ab8:	e92d40c0 	push	{r6, r7, lr}
    1abc:	e24dd004 	sub	sp, sp, #4
    1ac0:	e58d0000 	str	r0, [sp]
    1ac4:	e30cc123 	movw	ip, #49443	@ 0xc123
    1ac8:	e34cc456 	movt	ip, #50262	@ 0xc456
    1acc:	e5946000 	ldr	r6, [r4]
    1ad0:	e3560000 	cmp	r6, #0
    1ad4:	0a000057 	beq	0x1c38
    1ad8:	e1a02006 	mov	r2, r6
    1adc:	e5951030 	ldr	r1, [r5, #48]	@ 0x30
    1ae0:	e59fe630 	ldr	lr, [pc, #1584]	@ 0x2118
    1ae4:	e7f2e4fc 	udf	#11852	@ 0x2e4c
    1ae8:	2a000057 	bcs	0x1c4c
    1aec:	e7e012f4 			@ <UNDEFINED> instruction: 0xe7e012f4
    1af0:	e3500000 	cmp	r0, #0
    1af4:	ba000008 	blt	0x1b1c
    1af8:	e5846000 	str	r6, [r4]
    1afc:	e3a009fe 	mov	r0, #4161536	@ 0x3f8000
    1b00:	e3800db1 	orr	r0, r0, #11328	@ 0x2c40
    1b04:	e1a01004 	mov	r1, r4
    1b08:	e59d2000 	ldr	r2, [sp]
    1b0c:	e59fc664 	ldr	ip, [pc, #1636]	@ 0x2178
    1b10:	e12fff3c 	blx	ip
    1b14:	e3500000 	cmp	r0, #0
    1b18:	1a00004e 	bne	0x1c58
    1b1c:	e1a02006 	mov	r2, r6
    1b20:	e5951030 	ldr	r1, [r5, #48]	@ 0x30
    1b24:	e59fe5ec 	ldr	lr, [pc, #1516]	@ 0x2118
    1b28:	e7f2e1f4 	udf	#11796	@ 0x2e14
    1b2c:	2a000046 	bcs	0x1c4c
    1b30:	e7e012f4 			@ <UNDEFINED> instruction: 0xe7e012f4
    1b34:	e1a03006 	mov	r3, r6
    1b38:	e5952030 	ldr	r2, [r5, #48]	@ 0x30
    1b3c:	e59fe5d4 	ldr	lr, [pc, #1492]	@ 0x2118
    1b40:	e7f3e1fc 	udf	#15900	@ 0x3e1c
    1b44:	2a000040 	bcs	0x1c4c
    1b48:	e7e123f4 			@ <UNDEFINED> instruction: 0xe7e123f4
    1b4c:	e1500001 	cmp	r0, r1
    1b50:	0a000012 	beq	0x1ba0
    1b54:	e1a02006 	mov	r2, r6
    1b58:	e5951030 	ldr	r1, [r5, #48]	@ 0x30
    1b5c:	e59fe5b4 	ldr	lr, [pc, #1460]	@ 0x2118
    1b60:	e7f2e2f4 	udf	#11812	@ 0x2e24
    1b64:	2a000038 	bcs	0x1c4c
    1b68:	e7e012f4 			@ <UNDEFINED> instruction: 0xe7e012f4
    1b6c:	e5846000 	str	r6, [r4]
    1b70:	e3a0e000 	mov	lr, #0
    1b74:	e584e00c 	str	lr, [r4, #12]
    1b78:	e3a0e000 	mov	lr, #0
    1b7c:	e584e00c 	str	lr, [r4, #12]
    1b80:	e5840020 	str	r0, [r4, #32]
    1b84:	e59f05f0 	ldr	r0, [pc, #1520]	@ 0x217c
    1b88:	e1a01004 	mov	r1, r4
    1b8c:	e59d2000 	ldr	r2, [sp]
    1b90:	e59fc5e8 	ldr	ip, [pc, #1512]	@ 0x2180
    1b94:	e12fff3c 	blx	ip
    1b98:	e3500000 	cmp	r0, #0
    1b9c:	1a00002d 	bne	0x1c58
    1ba0:	e1a02006 	mov	r2, r6
    1ba4:	e5951030 	ldr	r1, [r5, #48]	@ 0x30
    1ba8:	e59fe568 	ldr	lr, [pc, #1384]	@ 0x2118
    1bac:	e7f2e0f4 	udf	#11780	@ 0x2e04
    1bb0:	2a000025 	bcs	0x1c4c
    1bb4:	e7e012f4 			@ <UNDEFINED> instruction: 0xe7e012f4
    1bb8:	e1a01000 	mov	r1, r0
    1bbc:	e1a07006 	mov	r7, r6
    1bc0:	e5953030 	ldr	r3, [r5, #48]	@ 0x30
    1bc4:	e59fe54c 	ldr	lr, [pc, #1356]	@ 0x2118
    1bc8:	e7f7e0f8 	udf	#32264	@ 0x7e08
    1bcc:	2a00001e 	bcs	0x1c4c
    1bd0:	e7e237f4 			@ <UNDEFINED> instruction: 0xe7e237f4
    1bd4:	e1a03002 	mov	r3, r2
    1bd8:	e1500002 	cmp	r0, r2
    1bdc:	0a000015 	beq	0x1c38
    1be0:	e0411003 	sub	r1, r1, r3
    1be4:	e1a00001 	mov	r0, r1
    1be8:	e1a01fc0 	asr	r1, r0, #31
    1bec:	e1a07006 	mov	r7, r6
    1bf0:	e5953030 	ldr	r3, [r5, #48]	@ 0x30
    1bf4:	e59fe51c 	ldr	lr, [pc, #1308]	@ 0x2118
    1bf8:	e7f7e2f8 	udf	#32296	@ 0x7e28
    1bfc:	2a000012 	bcs	0x1c4c
    1c00:	e7e237f4 			@ <UNDEFINED> instruction: 0xe7e237f4
    1c04:	e5846000 	str	r6, [r4]
    1c08:	e5840018 	str	r0, [r4, #24]
    1c0c:	e584101c 	str	r1, [r4, #28]
    1c10:	e3a0e001 	mov	lr, #1
    1c14:	e584e010 	str	lr, [r4, #16]
    1c18:	e5842024 	str	r2, [r4, #36]	@ 0x24
    1c1c:	e59f0560 	ldr	r0, [pc, #1376]	@ 0x2184
    1c20:	e1a01004 	mov	r1, r4
    1c24:	e59d2000 	ldr	r2, [sp]
    1c28:	e59fc558 	ldr	ip, [pc, #1368]	@ 0x2188
    1c2c:	e12fff3c 	blx	ip
    1c30:	e3500000 	cmp	r0, #0
    1c34:	1a000007 	bne	0x1c58
    1c38:	e59f054c 	ldr	r0, [pc, #1356]	@ 0x218c
    1c3c:	e30ccabc 	movw	ip, #51900	@ 0xcabc
    1c40:	e34ccdef 	movt	ip, #52719	@ 0xcdef
    1c44:	e28dd004 	add	sp, sp, #4
    1c48:	e8bd80c0 	pop	{r6, r7, pc}
    1c4c:	e3a00008 	mov	r0, #8
    1c50:	e59d1000 	ldr	r1, [sp]
    1c54:	e5810010 	str	r0, [r1, #16]
    1c58:	e59d0000 	ldr	r0, [sp]
    1c5c:	e59d100c 	ldr	r1, [sp, #12]
    1c60:	e59fc528 	ldr	ip, [pc, #1320]	@ 0x2190
    1c64:	e12fff3c 	blx	ip
    1c68:	e28dd004 	add	sp, sp, #4
    1c6c:	e8bd00c0 	pop	{r6, r7}
    1c70:	e28dd004 	add	sp, sp, #4
    1c74:	e12fff10 	bx	r0
    1c78:	e92d4040 	push	{r6, lr}
    1c7c:	e24dd008 	sub	sp, sp, #8
    1c80:	e58d0000 	str	r0, [sp]
    1c84:	e30cc123 	movw	ip, #49443	@ 0xc123
    1c88:	e34cc456 	movt	ip, #50262	@ 0xc456
    1c8c:	e5940000 	ldr	r0, [r4]
    1c90:	e1a03000 	mov	r3, r0
    1c94:	e5952030 	ldr	r2, [r5, #48]	@ 0x30
    1c98:	e59fe478 	ldr	lr, [pc, #1144]	@ 0x2118
    1c9c:	e7f3e4f8 	udf	#15944	@ 0x3e48
    1ca0:	2a00004d 	bcs	0x1ddc
    1ca4:	e7e123f4 			@ <UNDEFINED> instruction: 0xe7e123f4
    1ca8:	e1a02001 	mov	r2, r1
    1cac:	e2411001 	sub	r1, r1, #1
    1cb0:	e1811002 	orr	r1, r1, r2
    1cb4:	e1a03000 	mov	r3, r0
    1cb8:	e5952030 	ldr	r2, [r5, #48]	@ 0x30
    1cbc:	e59fe454 	ldr	lr, [pc, #1108]	@ 0x2118
    1cc0:	e7f3e4f8 	udf	#15944	@ 0x3e48
    1cc4:	2a000044 	bcs	0x1ddc
    1cc8:	e7d123f4 			@ <UNDEFINED> instruction: 0xe7d123f4
    1ccc:	e1a03000 	mov	r3, r0
    1cd0:	e5952030 	ldr	r2, [r5, #48]	@ 0x30
    1cd4:	e59fc43c 	ldr	ip, [pc, #1084]	@ 0x2118
    1cd8:	e153000c 	cmp	r3, ip
    1cdc:	8a00003e 	bhi	0x1ddc
    1ce0:	e7e123f4 			@ <UNDEFINED> instruction: 0xe7e123f4
    1ce4:	e1a02001 	mov	r2, r1
    1ce8:	e3110008 	tst	r1, #8
    1cec:	0a00000a 	beq	0x1d1c
    1cf0:	e3822020 	orr	r2, r2, #32
    1cf4:	e1a03000 	mov	r3, r0
    1cf8:	e5951030 	ldr	r1, [r5, #48]	@ 0x30
    1cfc:	e59fc414 	ldr	ip, [pc, #1044]	@ 0x2118
    1d00:	e153000c 	cmp	r3, ip
    1d04:	8a000034 	bhi	0x1ddc
    1d08:	e7d213f4 			@ <UNDEFINED> instruction: 0xe7d213f4
    1d0c:	e3e0e000 	mvn	lr, #0
    1d10:	e584e008 	str	lr, [r4, #8]
    1d14:	e59f0478 	ldr	r0, [pc, #1144]	@ 0x2194
    1d18:	ea00002d 	b	0x1dd4
    1d1c:	e1a02000 	mov	r2, r0
    1d20:	e5951030 	ldr	r1, [r5, #48]	@ 0x30
    1d24:	e59fe3fc 	ldr	lr, [pc, #1020]	@ 0x2128
    1d28:	e7f2e0f4 	udf	#11780	@ 0x2e04
    1d2c:	2a00002a 	bcs	0x1ddc
    1d30:	e0811002 	add	r1, r1, r2
    1d34:	e3a02000 	mov	r2, #0
    1d38:	e3a03000 	mov	r3, #0
    1d3c:	e5813000 	str	r3, [r1]
    1d40:	e5812004 	str	r2, [r1, #4]
    1d44:	e1a03000 	mov	r3, r0
    1d48:	e5952030 	ldr	r2, [r5, #48]	@ 0x30
    1d4c:	e59fe3c4 	ldr	lr, [pc, #964]	@ 0x2118
    1d50:	e7f3e2fc 	udf	#15916	@ 0x3e2c
    1d54:	2a000020 	bcs	0x1ddc
    1d58:	e7e123f4 			@ <UNDEFINED> instruction: 0xe7e123f4
    1d5c:	e1a02001 	mov	r2, r1
    1d60:	e1a06000 	mov	r6, r0
    1d64:	e5953030 	ldr	r3, [r5, #48]	@ 0x30
    1d68:	e59fe3a8 	ldr	lr, [pc, #936]	@ 0x2118
    1d6c:	e7f6e1fc 	udf	#28188	@ 0x6e1c
    1d70:	2a000019 	bcs	0x1ddc
    1d74:	e7d136f4 			@ <UNDEFINED> instruction: 0xe7d136f4
    1d78:	e1a03000 	mov	r3, r0
    1d7c:	e5951030 	ldr	r1, [r5, #48]	@ 0x30
    1d80:	e59fe390 	ldr	lr, [pc, #912]	@ 0x2118
    1d84:	e7f3e1f4 	udf	#15892	@ 0x3e14
    1d88:	2a000013 	bcs	0x1ddc
    1d8c:	e7d213f4 			@ <UNDEFINED> instruction: 0xe7d213f4
    1d90:	e1a06000 	mov	r6, r0
    1d94:	e5953030 	ldr	r3, [r5, #48]	@ 0x30
    1d98:	e59fe378 	ldr	lr, [pc, #888]	@ 0x2118
    1d9c:	e7f6e3f0 	udf	#28208	@ 0x6e30
    1da0:	2a00000d 	bcs	0x1ddc
    1da4:	e7e136f4 			@ <UNDEFINED> instruction: 0xe7e136f4
    1da8:	e0822001 	add	r2, r2, r1
    1dac:	e5951030 	ldr	r1, [r5, #48]	@ 0x30
    1db0:	e59fe360 	ldr	lr, [pc, #864]	@ 0x2118
    1db4:	e7f0e1f0 	udf	#3600	@ 0xe10
    1db8:	2a000007 	bcs	0x1ddc
    1dbc:	e7d210f4 			@ <UNDEFINED> instruction: 0xe7d210f4
    1dc0:	e3a0e000 	mov	lr, #0
    1dc4:	e584e01c 	str	lr, [r4, #28]
    1dc8:	e59f03c8 	ldr	r0, [pc, #968]	@ 0x2198
    1dcc:	e30ccabc 	movw	ip, #51900	@ 0xcabc
    1dd0:	e34ccdef 	movt	ip, #52719	@ 0xcdef
    1dd4:	e28dd008 	add	sp, sp, #8
    1dd8:	e8bd8040 	pop	{r6, pc}
    1ddc:	e3a00008 	mov	r0, #8
    1de0:	e59d1000 	ldr	r1, [sp]
    1de4:	e5810010 	str	r0, [r1, #16]
    1de8:	e59d0000 	ldr	r0, [sp]
    1dec:	e59d100c 	ldr	r1, [sp, #12]
    1df0:	e59fc3a4 	ldr	ip, [pc, #932]	@ 0x219c
    1df4:	e12fff3c 	blx	ip
    1df8:	e59d6008 	ldr	r6, [sp, #8]
    1dfc:	e28dd010 	add	sp, sp, #16
    1e00:	e12fff10 	bx	r0
    1e04:	e92d43c0 	push	{r6, r7, r8, r9, lr}
    1e08:	e24dd004 	sub	sp, sp, #4
    1e0c:	e58d0000 	str	r0, [sp]
    1e10:	e30cc123 	movw	ip, #49443	@ 0xc123
    1e14:	e34cc456 	movt	ip, #50262	@ 0xc456
    1e18:	e5940000 	ldr	r0, [r4]
    1e1c:	e5941004 	ldr	r1, [r4, #4]
    1e20:	e5942008 	ldr	r2, [r4, #8]
    1e24:	e3520000 	cmp	r2, #0
    1e28:	e3a03000 	mov	r3, #0
    1e2c:	13a03001 	movne	r3, #1
    1e30:	e3100003 	tst	r0, #3
    1e34:	0a000016 	beq	0x1e94
    1e38:	e3520000 	cmp	r2, #0
    1e3c:	0a000014 	beq	0x1e94
    1e40:	e20160ff 	and	r6, r1, #255	@ 0xff
    1e44:	e1a09000 	mov	r9, r0
    1e48:	e5958030 	ldr	r8, [r5, #48]	@ 0x30
    1e4c:	e3e0c4fe 	mvn	ip, #-33554432	@ 0xfe000000
    1e50:	e3ccc8fe 	bic	ip, ip, #16646144	@ 0xfe0000
    1e54:	e159000c 	cmp	r9, ip
    1e58:	8a00004e 	bhi	0x1f98
    1e5c:	e7e789f0 			@ <UNDEFINED> instruction: 0xe7e789f0
    1e60:	e1570006 	cmp	r7, r6
    1e64:	0a000032 	beq	0x1f34
    1e68:	e2427001 	sub	r7, r2, #1
    1e6c:	e1a02007 	mov	r2, r7
    1e70:	e3570000 	cmp	r7, #0
    1e74:	e3a03000 	mov	r3, #0
    1e78:	13a03001 	movne	r3, #1
    1e7c:	e2807001 	add	r7, r0, #1
    1e80:	e1a00007 	mov	r0, r7
    1e84:	e3170003 	tst	r7, #3
    1e88:	0a000001 	beq	0x1e94
    1e8c:	e3520000 	cmp	r2, #0
    1e90:	1affffeb 	bne	0x1e44
    1e94:	e3530000 	cmp	r3, #0
    1e98:	0a000037 	beq	0x1f7c
    1e9c:	e1a07000 	mov	r7, r0
    1ea0:	e5956030 	ldr	r6, [r5, #48]	@ 0x30
    1ea4:	e3e0c4fe 	mvn	ip, #-33554432	@ 0xfe000000
    1ea8:	e3ccc8fe 	bic	ip, ip, #16646144	@ 0xfe0000
    1eac:	e157000c 	cmp	r7, ip
    1eb0:	8a000038 	bhi	0x1f98
    1eb4:	e7e367f0 			@ <UNDEFINED> instruction: 0xe7e367f0
    1eb8:	e20160ff 	and	r6, r1, #255	@ 0xff
    1ebc:	e1530006 	cmp	r3, r6
    1ec0:	0a000019 	beq	0x1f2c
    1ec4:	e3520004 	cmp	r2, #4
    1ec8:	3a000017 	bcc	0x1f2c
    1ecc:	e20130ff 	and	r3, r1, #255	@ 0xff
    1ed0:	e59fc24c 	ldr	ip, [pc, #588]	@ 0x2124
    1ed4:	e0030c93 	mul	r3, r3, ip
    1ed8:	e1a08000 	mov	r8, r0
    1edc:	e5957030 	ldr	r7, [r5, #48]	@ 0x30
    1ee0:	e59fc230 	ldr	ip, [pc, #560]	@ 0x2118
    1ee4:	e158000c 	cmp	r8, ip
    1ee8:	8a00002a 	bhi	0x1f98
    1eec:	e7e678f4 			@ <UNDEFINED> instruction: 0xe7e678f4
    1ef0:	e0266003 	eor	r6, r6, r3
    1ef4:	e1a07006 	mov	r7, r6
    1ef8:	e59fc2a0 	ldr	ip, [pc, #672]	@ 0x21a0
    1efc:	e04c6006 	sub	r6, ip, r6
    1f00:	e1866007 	orr	r6, r6, r7
    1f04:	e59fc298 	ldr	ip, [pc, #664]	@ 0x21a4
    1f08:	e006600c 	and	r6, r6, ip
    1f0c:	e59fc290 	ldr	ip, [pc, #656]	@ 0x21a4
    1f10:	e156000c 	cmp	r6, ip
    1f14:	1a000006 	bne	0x1f34
    1f18:	e2800004 	add	r0, r0, #4
    1f1c:	e2426004 	sub	r6, r2, #4
    1f20:	e1a02006 	mov	r2, r6
    1f24:	e3560003 	cmp	r6, #3
    1f28:	8affffea 	bhi	0x1ed8
    1f2c:	e3520000 	cmp	r2, #0
    1f30:	0a000011 	beq	0x1f7c
    1f34:	e20110ff 	and	r1, r1, #255	@ 0xff
    1f38:	e1a07000 	mov	r7, r0
    1f3c:	e5956030 	ldr	r6, [r5, #48]	@ 0x30
    1f40:	e3e0c4fe 	mvn	ip, #-33554432	@ 0xfe000000
    1f44:	e3ccc8fe 	bic	ip, ip, #16646144	@ 0xfe0000
    1f48:	e157000c 	cmp	r7, ip
    1f4c:	8a000011 	bhi	0x1f98
    1f50:	e7e367f0 			@ <UNDEFINED> instruction: 0xe7e367f0
    1f54:	e1530001 	cmp	r3, r1
    1f58:	1a000002 	bne	0x1f68
    1f5c:	e5840000 	str	r0, [r4]
    1f60:	e59f0240 	ldr	r0, [pc, #576]	@ 0x21a8
    1f64:	ea000009 	b	0x1f90
    1f68:	e2800001 	add	r0, r0, #1
    1f6c:	e2423001 	sub	r3, r2, #1
    1f70:	e1a02003 	mov	r2, r3
    1f74:	e3530000 	cmp	r3, #0
    1f78:	1affffee 	bne	0x1f38
    1f7c:	e3a0e000 	mov	lr, #0
    1f80:	e584e018 	str	lr, [r4, #24]
    1f84:	e59f0220 	ldr	r0, [pc, #544]	@ 0x21ac
    1f88:	e30ccabc 	movw	ip, #51900	@ 0xcabc
    1f8c:	e34ccdef 	movt	ip, #52719	@ 0xcdef
    1f90:	e28dd004 	add	sp, sp, #4
    1f94:	e8bd83c0 	pop	{r6, r7, r8, r9, pc}
    1f98:	e3a00008 	mov	r0, #8
    1f9c:	e59d1000 	ldr	r1, [sp]
    1fa0:	e5810010 	str	r0, [r1, #16]
    1fa4:	e59d0000 	ldr	r0, [sp]
    1fa8:	e59d1014 	ldr	r1, [sp, #20]
    1fac:	e59fc1fc 	ldr	ip, [pc, #508]	@ 0x21b0
    1fb0:	e12fff3c 	blx	ip
    1fb4:	e28dd004 	add	sp, sp, #4
    1fb8:	e8bd03c0 	pop	{r6, r7, r8, r9}
    1fbc:	e28dd004 	add	sp, sp, #4
    1fc0:	e12fff10 	bx	r0
    1fc4:	e92d40c0 	push	{r6, r7, lr}
    1fc8:	e24dd004 	sub	sp, sp, #4
    1fcc:	e58d0000 	str	r0, [sp]
    1fd0:	e30cc123 	movw	ip, #49443	@ 0xc123
    1fd4:	e34cc456 	movt	ip, #50262	@ 0xc456
    1fd8:	e5946000 	ldr	r6, [r4]
    1fdc:	e5947004 	ldr	r7, [r4, #4]
    1fe0:	e5846000 	str	r6, [r4]
    1fe4:	e3a0e000 	mov	lr, #0
    1fe8:	e584e00c 	str	lr, [r4, #12]
    1fec:	e5847004 	str	r7, [r4, #4]
    1ff0:	e59f01bc 	ldr	r0, [pc, #444]	@ 0x21b4
    1ff4:	e1a01004 	mov	r1, r4
    1ff8:	e59d2000 	ldr	r2, [sp]
    1ffc:	e59fc1b4 	ldr	ip, [pc, #436]	@ 0x21b8
    2000:	e12fff3c 	blx	ip
    2004:	e3500000 	cmp	r0, #0
    2008:	1a00000a 	bne	0x2038
    200c:	e5940010 	ldr	r0, [r4, #16]
    2010:	e1a01000 	mov	r1, r0
    2014:	e0400006 	sub	r0, r0, r6
    2018:	e3510000 	cmp	r1, #0
    201c:	01a00007 	moveq	r0, r7
    2020:	e5840010 	str	r0, [r4, #16]
    2024:	e59f0190 	ldr	r0, [pc, #400]	@ 0x21bc
    2028:	e30ccabc 	movw	ip, #51900	@ 0xcabc
    202c:	e34ccdef 	movt	ip, #52719	@ 0xcdef
    2030:	e28dd004 	add	sp, sp, #4
    2034:	e8bd80c0 	pop	{r6, r7, pc}
    2038:	e59d0000 	ldr	r0, [sp]
    203c:	e59d100c 	ldr	r1, [sp, #12]
    2040:	e59fc178 	ldr	ip, [pc, #376]	@ 0x21c0
    2044:	e12fff3c 	blx	ip
    2048:	e28dd004 	add	sp, sp, #4
    204c:	e8bd00c0 	pop	{r6, r7}
    2050:	e28dd004 	add	sp, sp, #4
    2054:	e12fff10 	bx	r0
    2058:	e92d43c0 	push	{r6, r7, r8, r9, lr}
    205c:	e24dd004 	sub	sp, sp, #4
    2060:	e58d0000 	str	r0, [sp]
    2064:	e30cc123 	movw	ip, #49443	@ 0xc123
    2068:	e34cc456 	movt	ip, #50262	@ 0xc456
    206c:	ed940b00 	vldr	d0, [r4]
    2070:	e5946008 	ldr	r6, [r4, #8]
    2074:	ec510a10 	vmov	r0, r1, s0, s1
    2078:	e1a02000 	mov	r2, r0
    207c:	e1a03001 	mov	r3, r1
    2080:	e1a00a21 	lsr	r0, r1, #20
    2084:	e3a01000 	mov	r1, #0
    2088:	e3a0cc07 	mov	ip, #1792	@ 0x700
    208c:	e38cc0ff 	orr	ip, ip, #255	@ 0xff
    2090:	e000000c 	and	r0, r0, ip
    2094:	e1a01000 	mov	r1, r0
    2098:	e3a0cc07 	mov	ip, #1792	@ 0x700
    209c:	e38cc0ff 	orr	ip, ip, #255	@ 0xff
    20a0:	e150000c 	cmp	r0, ip
    20a4:	0a000068 	beq	0x224c
    20a8:	e3510000 	cmp	r1, #0
    20ac:	1a000057 	bne	0x2210
    20b0:	e3a0c000 	mov	ip, #0
    20b4:	ec4cca11 	vmov	s2, s3, ip, ip
    20b8:	eeb40b41 	vcmp.f64	d0, d1
    20bc:	eef1fa10 	vmrs	APSR_nzcv, fpscr
    20c0:	1a000001 	bne	0x20cc
    20c4:	e3a00000 	mov	r0, #0
    20c8:	ea000047 	b	0x21ec
    20cc:	e3a0c000 	mov	ip, #0
    20d0:	e3a0e204 	mov	lr, #4, 4	@ 0x40000000
    20d4:	e38ee63f 	orr	lr, lr, #66060288	@ 0x3f00000
    20d8:	ec4eca11 	vmov	s2, s3, ip, lr
    20dc:	ee202b01 	vmul.f64	d2, d0, d1
    20e0:	ed842b0f 	vstr	d2, [r4, #60]	@ 0x3c
    20e4:	e5846008 	str	r6, [r4, #8]
    20e8:	e59f00d4 	ldr	r0, [pc, #212]	@ 0x21c4
    20ec:	e1a01004 	mov	r1, r4
    20f0:	e59d2000 	ldr	r2, [sp]
    20f4:	e59fc0cc 	ldr	ip, [pc, #204]	@ 0x21c8
    20f8:	e12fff3c 	blx	ip
    20fc:	e3500000 	cmp	r0, #0
    2100:	1a00005a 	bne	0x2270
    2104:	ed941b0f 	vldr	d1, [r4, #60]	@ 0x3c
    2108:	ea00002f 	b	0x21cc
	...
    2118:	0101fffc 	strdeq	pc, [r1, -ip]
    211c:	003faba0 	eorseq	sl, pc, r0, lsr #23
    2120:	00048004 	andeq	r8, r4, r4
    2124:	01010101 	tsteq	r1, r1, lsl #2
    2128:	0101fff8 	strdeq	pc, [r1, -r8]
    212c:	003fb518 	eorseq	fp, pc, r8, lsl r5	@ <UNPREDICTABLE>
    2130:	00048004 	andeq	r8, r4, r4
    2134:	003f7530 	eorseq	r7, pc, r0, lsr r5	@ <UNPREDICTABLE>
    2138:	003f7960 	eorseq	r7, pc, r0, ror #18
    213c:	0004890c 	andeq	r8, r4, ip, lsl #18
    2140:	003f7978 	eorseq	r7, pc, r8, ror r9	@ <UNPREDICTABLE>
    2144:	00048004 	andeq	r8, r4, r4
    2148:	003f2b0c 	eorseq	r2, pc, ip, lsl #22
    214c:	0004890c 	andeq	r8, r4, ip, lsl #18
    2150:	003f2b38 	eorseq	r2, pc, r8, lsr fp	@ <UNPREDICTABLE>
    2154:	0004890c 	andeq	r8, r4, ip, lsl #18
    2158:	003f2b74 	eorseq	r2, pc, r4, ror fp	@ <UNPREDICTABLE>
    215c:	0004890c 	andeq	r8, r4, ip, lsl #18
    2160:	003f2b90 	mlaseq	pc, r0, fp, r2	@ <UNPREDICTABLE>
    2164:	0004890c 	andeq	r8, r4, ip, lsl #18
    2168:	003f2bac 	eorseq	r2, pc, ip, lsr #23
    216c:	0004890c 	andeq	r8, r4, ip, lsl #18
    2170:	003f2bc4 	eorseq	r2, pc, r4, asr #23
    2174:	00048004 	andeq	r8, r4, r4
    2178:	0004890c 	andeq	r8, r4, ip, lsl #18
    217c:	003fac8c 	eorseq	sl, pc, ip, lsl #25
    2180:	00048c48 	andeq	r8, r4, r8, asr #24
    2184:	003fad08 	eorseq	sl, pc, r8, lsl #26
    2188:	00048c48 	andeq	r8, r4, r8, asr #24
    218c:	003fad30 	eorseq	sl, pc, r0, lsr sp	@ <UNPREDICTABLE>
    2190:	00048004 	andeq	r8, r4, r4
    2194:	003f70dc 	ldrsbteq	r7, [pc], -ip
    2198:	003f7144 	eorseq	r7, pc, r4, asr #2
    219c:	00048004 	andeq	r8, r4, r4
    21a0:	01010100 	mrseq	r0, (UNDEF: 17)
    21a4:	80808080 	addhi	r8, r0, r0, lsl #1
    21a8:	003fbf04 	eorseq	fp, pc, r4, lsl #30
    21ac:	003fbf3c 	eorseq	fp, pc, ip, lsr pc	@ <UNPREDICTABLE>
    21b0:	00048004 	andeq	r8, r4, r4
    21b4:	003f1ef4 	ldrshteq	r1, [pc], -r4
    21b8:	0004890c 	andeq	r8, r4, ip, lsl #18
    21bc:	003f1f34 	eorseq	r1, pc, r4, lsr pc	@ <UNPREDICTABLE>
    21c0:	00048004 	andeq	r8, r4, r4
    21c4:	003f97dc 	ldrsbteq	r9, [pc], -ip
    21c8:	0004890c 	andeq	r8, r4, ip, lsl #18
    21cc:	eeb00b41 	vmov.f64	d0, d1
    21d0:	e1a09006 	mov	r9, r6
    21d4:	e5958030 	ldr	r8, [r5, #48]	@ 0x30
    21d8:	e59fcff8 	ldr	ip, [pc, #4088]	@ 0x31d8
    21dc:	e159000c 	cmp	r9, ip
    21e0:	8a00001f 	bhi	0x2264
    21e4:	e7e789f4 			@ <UNDEFINED> instruction: 0xe7e789f4
    21e8:	e2470040 	sub	r0, r7, #64	@ 0x40
    21ec:	e1a08006 	mov	r8, r6
    21f0:	e5957030 	ldr	r7, [r5, #48]	@ 0x30
    21f4:	e59fcfdc 	ldr	ip, [pc, #4060]	@ 0x31d8
    21f8:	e158000c 	cmp	r8, ip
    21fc:	8a000018 	bhi	0x2264
    2200:	e7d078f4 			@ <UNDEFINED> instruction: 0xe7d078f4
    2204:	ed840b00 	vstr	d0, [r4]
    2208:	e59f0fcc 	ldr	r0, [pc, #4044]	@ 0x31dc
    220c:	ea000012 	b	0x225c
    2210:	e2411c03 	sub	r1, r1, #768	@ 0x300
    2214:	e24110fe 	sub	r1, r1, #254	@ 0xfe
    2218:	e5950030 	ldr	r0, [r5, #48]	@ 0x30
    221c:	e59fcfb4 	ldr	ip, [pc, #4020]	@ 0x31d8
    2220:	e156000c 	cmp	r6, ip
    2224:	8a00000e 	bhi	0x2264
    2228:	e7d106f4 			@ <UNDEFINED> instruction: 0xe7d106f4
    222c:	e3c22000 	bic	r2, r2, #0
    2230:	e3e0c207 	mvn	ip, #1879048192	@ 0x70000000
    2234:	e3ccc6ff 	bic	ip, ip, #267386880	@ 0xff00000
    2238:	e003300c 	and	r3, r3, ip
    223c:	e3822000 	orr	r2, r2, #0
    2240:	e3833203 	orr	r3, r3, #805306368	@ 0x30000000
    2244:	e38336fe 	orr	r3, r3, #266338304	@ 0xfe00000
    2248:	ec432a10 	vmov	s0, s1, r2, r3
    224c:	ed840b00 	vstr	d0, [r4]
    2250:	e59f0f88 	ldr	r0, [pc, #3976]	@ 0x31e0
    2254:	e30ccabc 	movw	ip, #51900	@ 0xcabc
    2258:	e34ccdef 	movt	ip, #52719	@ 0xcdef
    225c:	e28dd004 	add	sp, sp, #4
    2260:	e8bd83c0 	pop	{r6, r7, r8, r9, pc}
    2264:	e3a00008 	mov	r0, #8
    2268:	e59d1000 	ldr	r1, [sp]
    226c:	e5810010 	str	r0, [r1, #16]
    2270:	e59d0000 	ldr	r0, [sp]
    2274:	e59d1014 	ldr	r1, [sp, #20]
    2278:	e59fcf64 	ldr	ip, [pc, #3940]	@ 0x31e4
    227c:	e12fff3c 	blx	ip
    2280:	e28dd004 	add	sp, sp, #4
    2284:	e8bd03c0 	pop	{r6, r7, r8, r9}
    2288:	e28dd004 	add	sp, sp, #4
    228c:	e12fff10 	bx	r0
    2290:	e92d4fc0 	push	{r6, r7, r8, r9, sl, fp, lr}
    2294:	e24dd004 	sub	sp, sp, #4
    2298:	e58d0000 	str	r0, [sp]
    229c:	e30cc123 	movw	ip, #49443	@ 0xc123
    22a0:	e34cc456 	movt	ip, #50262	@ 0xc456
    22a4:	e5946000 	ldr	r6, [r4]
    22a8:	e5947004 	ldr	r7, [r4, #4]
    22ac:	e5948008 	ldr	r8, [r4, #8]
    22b0:	e1a02008 	mov	r2, r8
    22b4:	e5951030 	ldr	r1, [r5, #48]	@ 0x30
    22b8:	e59fef18 	ldr	lr, [pc, #3864]	@ 0x31d8
    22bc:	e7f2e1f0 	udf	#11792	@ 0x2e10
    22c0:	2a00008e 	bcs	0x2500
    22c4:	e7e012f4 			@ <UNDEFINED> instruction: 0xe7e012f4
    22c8:	e1a01000 	mov	r1, r0
    22cc:	e3500000 	cmp	r0, #0
    22d0:	1a000011 	bne	0x231c
    22d4:	e3a09000 	mov	r9, #0
    22d8:	e5848008 	str	r8, [r4, #8]
    22dc:	e59f0f04 	ldr	r0, [pc, #3844]	@ 0x31e8
    22e0:	e1a01004 	mov	r1, r4
    22e4:	e59d2000 	ldr	r2, [sp]
    22e8:	e59fcefc 	ldr	ip, [pc, #3836]	@ 0x31ec
    22ec:	e12fff3c 	blx	ip
    22f0:	e3500000 	cmp	r0, #0
    22f4:	1a000084 	bne	0x250c
    22f8:	e5940024 	ldr	r0, [r4, #36]	@ 0x24
    22fc:	e3500000 	cmp	r0, #0
    2300:	1a000077 	bne	0x24e4
    2304:	e1a02008 	mov	r2, r8
    2308:	e5950030 	ldr	r0, [r5, #48]	@ 0x30
    230c:	e59feec4 	ldr	lr, [pc, #3780]	@ 0x31d8
    2310:	e7f2e1f0 	udf	#11792	@ 0x2e10
    2314:	2a000079 	bcs	0x2500
    2318:	e7e102f4 			@ <UNDEFINED> instruction: 0xe7e102f4
    231c:	e1a03008 	mov	r3, r8
    2320:	e5952030 	ldr	r2, [r5, #48]	@ 0x30
    2324:	e59feeac 	ldr	lr, [pc, #3756]	@ 0x31d8
    2328:	e7f3e1f4 	udf	#15892	@ 0x3e14
    232c:	2a000073 	bcs	0x2500
    2330:	e7e023f4 			@ <UNDEFINED> instruction: 0xe7e023f4
    2334:	e1a02000 	mov	r2, r0
    2338:	e0411000 	sub	r1, r1, r0
    233c:	e1570001 	cmp	r7, r1
    2340:	9a000015 	bls	0x239c
    2344:	e1a03008 	mov	r3, r8
    2348:	e5951030 	ldr	r1, [r5, #48]	@ 0x30
    234c:	e59fee84 	ldr	lr, [pc, #3716]	@ 0x31d8
    2350:	e7f3e2f4 	udf	#15908	@ 0x3e24
    2354:	2a000069 	bcs	0x2500
    2358:	e7e013f4 			@ <UNDEFINED> instruction: 0xe7e013f4
    235c:	e5848008 	str	r8, [r4, #8]
    2360:	e5846000 	str	r6, [r4]
    2364:	e5847004 	str	r7, [r4, #4]
    2368:	e5840030 	str	r0, [r4, #48]	@ 0x30
    236c:	e3a009ff 	mov	r0, #4177920	@ 0x3fc000
    2370:	e3800e99 	orr	r0, r0, #2448	@ 0x990
    2374:	e1a01004 	mov	r1, r4
    2378:	e59d2000 	ldr	r2, [sp]
    237c:	e59fce6c 	ldr	ip, [pc, #3692]	@ 0x31f0
    2380:	e12fff3c 	blx	ip
    2384:	e3500000 	cmp	r0, #0
    2388:	1a00005f 	bne	0x250c
    238c:	e5940024 	ldr	r0, [r4, #36]	@ 0x24
    2390:	e5840024 	str	r0, [r4, #36]	@ 0x24
    2394:	e59f0e58 	ldr	r0, [pc, #3672]	@ 0x31f4
    2398:	ea000056 	b	0x24f8
    239c:	e1a03008 	mov	r3, r8
    23a0:	e5951030 	ldr	r1, [r5, #48]	@ 0x30
    23a4:	e59fee2c 	ldr	lr, [pc, #3628]	@ 0x31d8
    23a8:	e7f3e5f0 	udf	#15952	@ 0x3e50
    23ac:	2a000053 	bcs	0x2500
    23b0:	e7e013f4 			@ <UNDEFINED> instruction: 0xe7e013f4
    23b4:	e3500000 	cmp	r0, #0
    23b8:	ba000030 	blt	0x2480
    23bc:	e3570000 	cmp	r7, #0
    23c0:	0a00002e 	beq	0x2480
    23c4:	e1a0a007 	mov	sl, r7
    23c8:	e086000a 	add	r0, r6, sl
    23cc:	e1a0b000 	mov	fp, r0
    23d0:	e2400001 	sub	r0, r0, #1
    23d4:	e1a03000 	mov	r3, r0
    23d8:	e5951030 	ldr	r1, [r5, #48]	@ 0x30
    23dc:	e3e0c4fe 	mvn	ip, #-33554432	@ 0xfe000000
    23e0:	e3ccc8fe 	bic	ip, ip, #16646144	@ 0xfe0000
    23e4:	e153000c 	cmp	r3, ip
    23e8:	8a000044 	bhi	0x2500
    23ec:	e7e013f0 			@ <UNDEFINED> instruction: 0xe7e013f0
    23f0:	e350000a 	cmp	r0, #10
    23f4:	0a000004 	beq	0x240c
    23f8:	e24a0001 	sub	r0, sl, #1
    23fc:	e1a0a000 	mov	sl, r0
    2400:	e3500000 	cmp	r0, #0
    2404:	0a00001d 	beq	0x2480
    2408:	eaffffee 	b	0x23c8
    240c:	e1a03008 	mov	r3, r8
    2410:	e5951030 	ldr	r1, [r5, #48]	@ 0x30
    2414:	e59fedbc 	ldr	lr, [pc, #3516]	@ 0x31d8
    2418:	e7f3e2f4 	udf	#15908	@ 0x3e24
    241c:	2a000037 	bcs	0x2500
    2420:	e7e013f4 			@ <UNDEFINED> instruction: 0xe7e013f4
    2424:	e5848008 	str	r8, [r4, #8]
    2428:	e5846000 	str	r6, [r4]
    242c:	e584a00c 	str	sl, [r4, #12]
    2430:	e5840030 	str	r0, [r4, #48]	@ 0x30
    2434:	e59f0dbc 	ldr	r0, [pc, #3516]	@ 0x31f8
    2438:	e1a01004 	mov	r1, r4
    243c:	e59d2000 	ldr	r2, [sp]
    2440:	e59fcdb4 	ldr	ip, [pc, #3508]	@ 0x31fc
    2444:	e12fff3c 	blx	ip
    2448:	e3500000 	cmp	r0, #0
    244c:	1a00002e 	bne	0x250c
    2450:	e5940024 	ldr	r0, [r4, #36]	@ 0x24
    2454:	e1a09000 	mov	r9, r0
    2458:	e150000a 	cmp	r0, sl
    245c:	3a000020 	bcc	0x24e4
    2460:	e047700a 	sub	r7, r7, sl
    2464:	e1a01008 	mov	r1, r8
    2468:	e5950030 	ldr	r0, [r5, #48]	@ 0x30
    246c:	e59fed64 	ldr	lr, [pc, #3428]	@ 0x31d8
    2470:	e7f1e1f4 	udf	#7700	@ 0x1e14
    2474:	2a000021 	bcs	0x2500
    2478:	e7e201f4 			@ <UNDEFINED> instruction: 0xe7e201f4
    247c:	ea000001 	b	0x2488
    2480:	e1a0b006 	mov	fp, r6
    2484:	e3a0a000 	mov	sl, #0
    2488:	e5842010 	str	r2, [r4, #16]
    248c:	e584b014 	str	fp, [r4, #20]
    2490:	e5847004 	str	r7, [r4, #4]
    2494:	e59f0d64 	ldr	r0, [pc, #3428]	@ 0x3200
    2498:	e1a01004 	mov	r1, r4
    249c:	e59d2000 	ldr	r2, [sp]
    24a0:	e59fcd5c 	ldr	ip, [pc, #3420]	@ 0x3204
    24a4:	e12fff3c 	blx	ip
    24a8:	e3500000 	cmp	r0, #0
    24ac:	1a000016 	bne	0x250c
    24b0:	e1a02008 	mov	r2, r8
    24b4:	e5951030 	ldr	r1, [r5, #48]	@ 0x30
    24b8:	e59fed18 	ldr	lr, [pc, #3352]	@ 0x31d8
    24bc:	e7f2e1f4 	udf	#11796	@ 0x2e14
    24c0:	2a00000e 	bcs	0x2500
    24c4:	e7e012f4 			@ <UNDEFINED> instruction: 0xe7e012f4
    24c8:	e0800007 	add	r0, r0, r7
    24cc:	e5951030 	ldr	r1, [r5, #48]	@ 0x30
    24d0:	e59fed00 	ldr	lr, [pc, #3328]	@ 0x31d8
    24d4:	e7f8e1f4 	udf	#36372	@ 0x8e14
    24d8:	2a000008 	bcs	0x2500
    24dc:	e7d018f4 			@ <UNDEFINED> instruction: 0xe7d018f4
    24e0:	e08a9007 	add	r9, sl, r7
    24e4:	e5849010 	str	r9, [r4, #16]
    24e8:	e3a009ff 	mov	r0, #4177920	@ 0x3fc000
    24ec:	e3800eb2 	orr	r0, r0, #2848	@ 0xb20
    24f0:	e30ccabc 	movw	ip, #51900	@ 0xcabc
    24f4:	e34ccdef 	movt	ip, #52719	@ 0xcdef
    24f8:	e28dd004 	add	sp, sp, #4
    24fc:	e8bd8fc0 	pop	{r6, r7, r8, r9, sl, fp, pc}
    2500:	e3a00008 	mov	r0, #8
    2504:	e59d1000 	ldr	r1, [sp]
    2508:	e5810010 	str	r0, [r1, #16]
    250c:	e59d0000 	ldr	r0, [sp]
    2510:	e59d101c 	ldr	r1, [sp, #28]
    2514:	e59fccec 	ldr	ip, [pc, #3308]	@ 0x3208
    2518:	e12fff3c 	blx	ip
    251c:	e28dd004 	add	sp, sp, #4
    2520:	e8bd0fc0 	pop	{r6, r7, r8, r9, sl, fp}
    2524:	e28dd004 	add	sp, sp, #4
    2528:	e12fff10 	bx	r0
    252c:	e92d4fc0 	push	{r6, r7, r8, r9, sl, fp, lr}
    2530:	e24dd004 	sub	sp, sp, #4
    2534:	e58d0000 	str	r0, [sp]
    2538:	e30cc123 	movw	ip, #49443	@ 0xc123
    253c:	e34cc456 	movt	ip, #50262	@ 0xc456
    2540:	e5947004 	ldr	r7, [r4, #4]
    2544:	e5940008 	ldr	r0, [r4, #8]
    2548:	e594800c 	ldr	r8, [r4, #12]
    254c:	e5949010 	ldr	r9, [r4, #16]
    2550:	e595e03c 	ldr	lr, [r5, #60]	@ 0x3c
    2554:	e59e1008 	ldr	r1, [lr, #8]
    2558:	e24110d0 	sub	r1, r1, #208	@ 0xd0
    255c:	e5841014 	str	r1, [r4, #20]
    2560:	e595203c 	ldr	r2, [r5, #60]	@ 0x3c
    2564:	e5821008 	str	r1, [r2, #8]
    2568:	e5942014 	ldr	r2, [r4, #20]
    256c:	e5951030 	ldr	r1, [r5, #48]	@ 0x30
    2570:	e59fec60 	ldr	lr, [pc, #3168]	@ 0x31d8
    2574:	e7f2ecfc 	udf	#11980	@ 0x2ecc
    2578:	2a00010c 	bcs	0x29b0
    257c:	e7d012f4 			@ <UNDEFINED> instruction: 0xe7d012f4
    2580:	e594c014 	ldr	ip, [r4, #20]
    2584:	e28c00a0 	add	r0, ip, #160	@ 0xa0
    2588:	e3a01000 	mov	r1, #0
    258c:	e3a02028 	mov	r2, #40	@ 0x28
    2590:	e5953028 	ldr	r3, [r5, #40]	@ 0x28
    2594:	e59fcc70 	ldr	ip, [pc, #3184]	@ 0x320c
    2598:	e12fff3c 	blx	ip
    259c:	e3500000 	cmp	r0, #0
    25a0:	1a000103 	bne	0x29b4
    25a4:	e5942014 	ldr	r2, [r4, #20]
    25a8:	e5951030 	ldr	r1, [r5, #48]	@ 0x30
    25ac:	e59fec24 	ldr	lr, [pc, #3108]	@ 0x31d8
    25b0:	e7f2ecfc 	udf	#11980	@ 0x2ecc
    25b4:	2a0000fd 	bcs	0x29b0
    25b8:	e7e012f4 			@ <UNDEFINED> instruction: 0xe7e012f4
    25bc:	e5942014 	ldr	r2, [r4, #20]
    25c0:	e5951030 	ldr	r1, [r5, #48]	@ 0x30
    25c4:	e59fec0c 	ldr	lr, [pc, #3084]	@ 0x31d8
    25c8:	e7f2ecf8 	udf	#11976	@ 0x2ec8
    25cc:	2a0000f7 	bcs	0x29b0
    25d0:	e7d012f4 			@ <UNDEFINED> instruction: 0xe7d012f4
    25d4:	e594c014 	ldr	ip, [r4, #20]
    25d8:	e28c00c8 	add	r0, ip, #200	@ 0xc8
    25dc:	e594c014 	ldr	ip, [r4, #20]
    25e0:	e28c1050 	add	r1, ip, #80	@ 0x50
    25e4:	e594c014 	ldr	ip, [r4, #20]
    25e8:	e28c20a0 	add	r2, ip, #160	@ 0xa0
    25ec:	e3a0e000 	mov	lr, #0
    25f0:	e584e024 	str	lr, [r4, #36]	@ 0x24
    25f4:	e5847004 	str	r7, [r4, #4]
    25f8:	e5840044 	str	r0, [r4, #68]	@ 0x44
    25fc:	e5841048 	str	r1, [r4, #72]	@ 0x48
    2600:	e584204c 	str	r2, [r4, #76]	@ 0x4c
    2604:	e584800c 	str	r8, [r4, #12]
    2608:	e5849010 	str	r9, [r4, #16]
    260c:	e59f0bfc 	ldr	r0, [pc, #3068]	@ 0x3210
    2610:	e1a01004 	mov	r1, r4
    2614:	e59d2000 	ldr	r2, [sp]
    2618:	e59fcbf4 	ldr	ip, [pc, #3060]	@ 0x3214
    261c:	e12fff3c 	blx	ip
    2620:	e3500000 	cmp	r0, #0
    2624:	1a0000e4 	bne	0x29bc
    2628:	e594003c 	ldr	r0, [r4, #60]	@ 0x3c
    262c:	e3500000 	cmp	r0, #0
    2630:	aa000002 	bge	0x2640
    2634:	e3e0e000 	mvn	lr, #0
    2638:	e584e010 	str	lr, [r4, #16]
    263c:	ea0000d2 	b	0x298c
    2640:	e5942000 	ldr	r2, [r4]
    2644:	e5951030 	ldr	r1, [r5, #48]	@ 0x30
    2648:	e59feb88 	ldr	lr, [pc, #2952]	@ 0x31d8
    264c:	e7f2e4fc 	udf	#11852	@ 0x2e4c
    2650:	2a0000d6 	bcs	0x29b0
    2654:	e7e012f4 			@ <UNDEFINED> instruction: 0xe7e012f4
    2658:	e3500000 	cmp	r0, #0
    265c:	aa000002 	bge	0x266c
    2660:	e3a0e001 	mov	lr, #1
    2664:	e584e018 	str	lr, [r4, #24]
    2668:	ea00000b 	b	0x269c
    266c:	e59f0ba4 	ldr	r0, [pc, #2980]	@ 0x3218
    2670:	e1a01004 	mov	r1, r4
    2674:	e59d2000 	ldr	r2, [sp]
    2678:	e59fcb9c 	ldr	ip, [pc, #2972]	@ 0x321c
    267c:	e12fff3c 	blx	ip
    2680:	e3500000 	cmp	r0, #0
    2684:	1a0000cc 	bne	0x29bc
    2688:	e594003c 	ldr	r0, [r4, #60]	@ 0x3c
    268c:	e3500000 	cmp	r0, #0
    2690:	e3a0c000 	mov	ip, #0
    2694:	03a0c001 	moveq	ip, #1
    2698:	e584c018 	str	ip, [r4, #24]
    269c:	e5942000 	ldr	r2, [r4]
    26a0:	e5951030 	ldr	r1, [r5, #48]	@ 0x30
    26a4:	e59fcb2c 	ldr	ip, [pc, #2860]	@ 0x31d8
    26a8:	e152000c 	cmp	r2, ip
    26ac:	8a0000bf 	bhi	0x29b0
    26b0:	e7e012f4 			@ <UNDEFINED> instruction: 0xe7e012f4
    26b4:	e1a0a000 	mov	sl, r0
    26b8:	e3c00020 	bic	r0, r0, #32
    26bc:	e5942000 	ldr	r2, [r4]
    26c0:	e5951030 	ldr	r1, [r5, #48]	@ 0x30
    26c4:	e59fcb0c 	ldr	ip, [pc, #2828]	@ 0x31d8
    26c8:	e152000c 	cmp	r2, ip
    26cc:	8a0000b7 	bhi	0x29b0
    26d0:	e7d012f4 			@ <UNDEFINED> instruction: 0xe7d012f4
    26d4:	e5942000 	ldr	r2, [r4]
    26d8:	e5951030 	ldr	r1, [r5, #48]	@ 0x30
    26dc:	e59feaf4 	ldr	lr, [pc, #2804]	@ 0x31d8
    26e0:	e7f2e3f0 	udf	#11824	@ 0x2e30
    26e4:	2a0000b1 	bcs	0x29b0
    26e8:	e7e012f4 			@ <UNDEFINED> instruction: 0xe7e012f4
    26ec:	e3500000 	cmp	r0, #0
    26f0:	1a000025 	bne	0x278c
    26f4:	e5941000 	ldr	r1, [r4]
    26f8:	e5950030 	ldr	r0, [r5, #48]	@ 0x30
    26fc:	e59fead4 	ldr	lr, [pc, #2772]	@ 0x31d8
    2700:	e7f1e3f0 	udf	#7728	@ 0x1e30
    2704:	2a0000a9 	bcs	0x29b0
    2708:	e3a02050 	mov	r2, #80	@ 0x50
    270c:	e7d201f4 			@ <UNDEFINED> instruction: 0xe7d201f4
    2710:	e5941000 	ldr	r1, [r4]
    2714:	e5950030 	ldr	r0, [r5, #48]	@ 0x30
    2718:	e59feab8 	ldr	lr, [pc, #2744]	@ 0x31d8
    271c:	e7f1e1fc 	udf	#7708	@ 0x1e1c
    2720:	2a0000a2 	bcs	0x29b0
    2724:	e3a02000 	mov	r2, #0
    2728:	e7d201f4 			@ <UNDEFINED> instruction: 0xe7d201f4
    272c:	e5941000 	ldr	r1, [r4]
    2730:	e5950030 	ldr	r0, [r5, #48]	@ 0x30
    2734:	e59feae4 	ldr	lr, [pc, #2788]	@ 0x3220
    2738:	e7f1e1f0 	udf	#7696	@ 0x1e10
    273c:	2a00009b 	bcs	0x29b0
    2740:	e0800001 	add	r0, r0, r1
    2744:	e3a01000 	mov	r1, #0
    2748:	e3a02000 	mov	r2, #0
    274c:	e5802000 	str	r2, [r0]
    2750:	e5801004 	str	r1, [r0, #4]
    2754:	e5941000 	ldr	r1, [r4]
    2758:	e5950030 	ldr	r0, [r5, #48]	@ 0x30
    275c:	e59fea74 	ldr	lr, [pc, #2676]	@ 0x31d8
    2760:	e7f1e2fc 	udf	#7724	@ 0x1e2c
    2764:	2a000091 	bcs	0x29b0
    2768:	e7e601f4 			@ <UNDEFINED> instruction: 0xe7e601f4
    276c:	e5941000 	ldr	r1, [r4]
    2770:	e5950030 	ldr	r0, [r5, #48]	@ 0x30
    2774:	e5942014 	ldr	r2, [r4, #20]
    2778:	e59fea58 	ldr	lr, [pc, #2648]	@ 0x31d8
    277c:	e7f1e2fc 	udf	#7724	@ 0x1e2c
    2780:	2a00008a 	bcs	0x29b0
    2784:	e7d201f4 			@ <UNDEFINED> instruction: 0xe7d201f4
    2788:	ea000008 	b	0x27b0
    278c:	e3a06000 	mov	r6, #0
    2790:	e5942000 	ldr	r2, [r4]
    2794:	e5951030 	ldr	r1, [r5, #48]	@ 0x30
    2798:	e59fea38 	ldr	lr, [pc, #2616]	@ 0x31d8
    279c:	e7f2e1f0 	udf	#11792	@ 0x2e10
    27a0:	2a000082 	bcs	0x29b0
    27a4:	e7e012f4 			@ <UNDEFINED> instruction: 0xe7e012f4
    27a8:	e3500000 	cmp	r0, #0
    27ac:	1a00000a 	bne	0x27dc
    27b0:	e3e0b000 	mvn	fp, #0
    27b4:	e59f0a68 	ldr	r0, [pc, #2664]	@ 0x3224
    27b8:	e1a01004 	mov	r1, r4
    27bc:	e59d2000 	ldr	r2, [sp]
    27c0:	e59fca60 	ldr	ip, [pc, #2656]	@ 0x3228
    27c4:	e12fff3c 	blx	ip
    27c8:	e3500000 	cmp	r0, #0
    27cc:	1a00007a 	bne	0x29bc
    27d0:	e594003c 	ldr	r0, [r4, #60]	@ 0x3c
    27d4:	e3500000 	cmp	r0, #0
    27d8:	1a000014 	bne	0x2830
    27dc:	e594c014 	ldr	ip, [r4, #20]
    27e0:	e28c00c8 	add	r0, ip, #200	@ 0xc8
    27e4:	e594c014 	ldr	ip, [r4, #20]
    27e8:	e28c1050 	add	r1, ip, #80	@ 0x50
    27ec:	e594c014 	ldr	ip, [r4, #20]
    27f0:	e28c20a0 	add	r2, ip, #160	@ 0xa0
    27f4:	e5847004 	str	r7, [r4, #4]
    27f8:	e5840044 	str	r0, [r4, #68]	@ 0x44
    27fc:	e5841048 	str	r1, [r4, #72]	@ 0x48
    2800:	e584204c 	str	r2, [r4, #76]	@ 0x4c
    2804:	e584800c 	str	r8, [r4, #12]
    2808:	e5849010 	str	r9, [r4, #16]
    280c:	e59f0a18 	ldr	r0, [pc, #2584]	@ 0x322c
    2810:	e1a01004 	mov	r1, r4
    2814:	e59d2000 	ldr	r2, [sp]
    2818:	e59fca10 	ldr	ip, [pc, #2576]	@ 0x3230
    281c:	e12fff3c 	blx	ip
    2820:	e3500000 	cmp	r0, #0
    2824:	1a000064 	bne	0x29bc
    2828:	e594003c 	ldr	r0, [r4, #60]	@ 0x3c
    282c:	e1a0b000 	mov	fp, r0
    2830:	e20aa020 	and	sl, sl, #32
    2834:	e3560000 	cmp	r6, #0
    2838:	0a000037 	beq	0x291c
    283c:	e5942000 	ldr	r2, [r4]
    2840:	e5951030 	ldr	r1, [r5, #48]	@ 0x30
    2844:	e59fe98c 	ldr	lr, [pc, #2444]	@ 0x31d8
    2848:	e7f2e2f4 	udf	#11812	@ 0x2e24
    284c:	2a000057 	bcs	0x29b0
    2850:	e7e012f4 			@ <UNDEFINED> instruction: 0xe7e012f4
    2854:	e3a0e000 	mov	lr, #0
    2858:	e584e024 	str	lr, [r4, #36]	@ 0x24
    285c:	e3a0e000 	mov	lr, #0
    2860:	e584e024 	str	lr, [r4, #36]	@ 0x24
    2864:	e5840048 	str	r0, [r4, #72]	@ 0x48
    2868:	e59f09c4 	ldr	r0, [pc, #2500]	@ 0x3234
    286c:	e1a01004 	mov	r1, r4
    2870:	e59d2000 	ldr	r2, [sp]
    2874:	e59fc9bc 	ldr	ip, [pc, #2492]	@ 0x3238
    2878:	e12fff3c 	blx	ip
    287c:	e3500000 	cmp	r0, #0
    2880:	1a00004d 	bne	0x29bc
    2884:	e5941000 	ldr	r1, [r4]
    2888:	e5950030 	ldr	r0, [r5, #48]	@ 0x30
    288c:	e59fe944 	ldr	lr, [pc, #2372]	@ 0x31d8
    2890:	e7f1e3f0 	udf	#7728	@ 0x1e30
    2894:	2a000045 	bcs	0x29b0
    2898:	e3a02000 	mov	r2, #0
    289c:	e7d201f4 			@ <UNDEFINED> instruction: 0xe7d201f4
    28a0:	e5941000 	ldr	r1, [r4]
    28a4:	e5950030 	ldr	r0, [r5, #48]	@ 0x30
    28a8:	e59fe928 	ldr	lr, [pc, #2344]	@ 0x31d8
    28ac:	e7f1e2fc 	udf	#7724	@ 0x1e2c
    28b0:	2a00003e 	bcs	0x29b0
    28b4:	e7d601f4 			@ <UNDEFINED> instruction: 0xe7d601f4
    28b8:	e5941000 	ldr	r1, [r4]
    28bc:	e5950030 	ldr	r0, [r5, #48]	@ 0x30
    28c0:	e59fe910 	ldr	lr, [pc, #2320]	@ 0x31d8
    28c4:	e7f1e1fc 	udf	#7708	@ 0x1e1c
    28c8:	2a000038 	bcs	0x29b0
    28cc:	e3a02000 	mov	r2, #0
    28d0:	e7d201f4 			@ <UNDEFINED> instruction: 0xe7d201f4
    28d4:	e5942000 	ldr	r2, [r4]
    28d8:	e5951030 	ldr	r1, [r5, #48]	@ 0x30
    28dc:	e59fe8f4 	ldr	lr, [pc, #2292]	@ 0x31d8
    28e0:	e7f2e1f4 	udf	#11796	@ 0x2e14
    28e4:	2a000031 	bcs	0x29b0
    28e8:	e7e012f4 			@ <UNDEFINED> instruction: 0xe7e012f4
    28ec:	e5942000 	ldr	r2, [r4]
    28f0:	e5951030 	ldr	r1, [r5, #48]	@ 0x30
    28f4:	e59fe924 	ldr	lr, [pc, #2340]	@ 0x3220
    28f8:	e7f2e1f0 	udf	#11792	@ 0x2e10
    28fc:	2a00002b 	bcs	0x29b0
    2900:	e0811002 	add	r1, r1, r2
    2904:	e3a02000 	mov	r2, #0
    2908:	e3a03000 	mov	r3, #0
    290c:	e5813000 	str	r3, [r1]
    2910:	e5812004 	str	r2, [r1, #4]
    2914:	e3500000 	cmp	r0, #0
    2918:	03e0b000 	mvneq	fp, #0
    291c:	e5942000 	ldr	r2, [r4]
    2920:	e5951030 	ldr	r1, [r5, #48]	@ 0x30
    2924:	e59fc8ac 	ldr	ip, [pc, #2220]	@ 0x31d8
    2928:	e152000c 	cmp	r2, ip
    292c:	8a00001f 	bhi	0x29b0
    2930:	e7e012f4 			@ <UNDEFINED> instruction: 0xe7e012f4
    2934:	e1a01000 	mov	r1, r0
    2938:	e180000a 	orr	r0, r0, sl
    293c:	e5943000 	ldr	r3, [r4]
    2940:	e5952030 	ldr	r2, [r5, #48]	@ 0x30
    2944:	e59fc88c 	ldr	ip, [pc, #2188]	@ 0x31d8
    2948:	e153000c 	cmp	r3, ip
    294c:	8a000017 	bhi	0x29b0
    2950:	e7d023f4 			@ <UNDEFINED> instruction: 0xe7d023f4
    2954:	e3110020 	tst	r1, #32
    2958:	e3e0e000 	mvn	lr, #0
    295c:	01a0e00b 	moveq	lr, fp
    2960:	e584e010 	str	lr, [r4, #16]
    2964:	e594c018 	ldr	ip, [r4, #24]
    2968:	e35c0000 	cmp	ip, #0
    296c:	1a000006 	bne	0x298c
    2970:	e59f08c4 	ldr	r0, [pc, #2244]	@ 0x323c
    2974:	e1a01004 	mov	r1, r4
    2978:	e59d2000 	ldr	r2, [sp]
    297c:	e59fc8bc 	ldr	ip, [pc, #2236]	@ 0x3240
    2980:	e12fff3c 	blx	ip
    2984:	e3500000 	cmp	r0, #0
    2988:	1a00000b 	bne	0x29bc
    298c:	e594c014 	ldr	ip, [r4, #20]
    2990:	e28c00d0 	add	r0, ip, #208	@ 0xd0
    2994:	e595103c 	ldr	r1, [r5, #60]	@ 0x3c
    2998:	e5810008 	str	r0, [r1, #8]
    299c:	e59f08a0 	ldr	r0, [pc, #2208]	@ 0x3244
    29a0:	e30ccabc 	movw	ip, #51900	@ 0xcabc
    29a4:	e34ccdef 	movt	ip, #52719	@ 0xcdef
    29a8:	e28dd004 	add	sp, sp, #4
    29ac:	e8bd8fc0 	pop	{r6, r7, r8, r9, sl, fp, pc}
    29b0:	e3a00008 	mov	r0, #8
    29b4:	e59d1000 	ldr	r1, [sp]
    29b8:	e5810010 	str	r0, [r1, #16]
    29bc:	e59d0000 	ldr	r0, [sp]
    29c0:	e59d101c 	ldr	r1, [sp, #28]
    29c4:	e59fc87c 	ldr	ip, [pc, #2172]	@ 0x3248
    29c8:	e12fff3c 	blx	ip
    29cc:	e28dd004 	add	sp, sp, #4
    29d0:	e8bd0fc0 	pop	{r6, r7, r8, r9, sl, fp}
    29d4:	e28dd004 	add	sp, sp, #4
    29d8:	e12fff10 	bx	r0
    29dc:	e92d4fc0 	push	{r6, r7, r8, r9, sl, fp, lr}
    29e0:	e24dd004 	sub	sp, sp, #4
    29e4:	e58d0000 	str	r0, [sp]
    29e8:	e30cc123 	movw	ip, #49443	@ 0xc123
    29ec:	e34cc456 	movt	ip, #50262	@ 0xc456
    29f0:	e595e03c 	ldr	lr, [r5, #60]	@ 0x3c
    29f4:	e59e0008 	ldr	r0, [lr, #8]
    29f8:	e2400040 	sub	r0, r0, #64	@ 0x40
    29fc:	e584001c 	str	r0, [r4, #28]
    2a00:	e595103c 	ldr	r1, [r5, #60]	@ 0x3c
    2a04:	e5810008 	str	r0, [r1, #8]
    2a08:	e594101c 	ldr	r1, [r4, #28]
    2a0c:	e5950030 	ldr	r0, [r5, #48]	@ 0x30
    2a10:	e5942004 	ldr	r2, [r4, #4]
    2a14:	e59fe7bc 	ldr	lr, [pc, #1980]	@ 0x31d8
    2a18:	e7f1e3fc 	udf	#7740	@ 0x1e3c
    2a1c:	2a0005bf 	bcs	0x4120
    2a20:	e7d201f4 			@ <UNDEFINED> instruction: 0xe7d201f4
    2a24:	e594c01c 	ldr	ip, [r4, #28]
    2a28:	e28ce029 	add	lr, ip, #41	@ 0x29
    2a2c:	e584e020 	str	lr, [r4, #32]
    2a30:	e594c01c 	ldr	ip, [r4, #28]
    2a34:	e28ce027 	add	lr, ip, #39	@ 0x27
    2a38:	e584e024 	str	lr, [r4, #36]	@ 0x24
    2a3c:	e594c01c 	ldr	ip, [r4, #28]
    2a40:	e28ce028 	add	lr, ip, #40	@ 0x28
    2a44:	e584e028 	str	lr, [r4, #40]	@ 0x28
    2a48:	e3a0e000 	mov	lr, #0
    2a4c:	e584e02c 	str	lr, [r4, #44]	@ 0x2c
    2a50:	e3a0e000 	mov	lr, #0
    2a54:	e584e030 	str	lr, [r4, #48]	@ 0x30
    2a58:	e3a0e000 	mov	lr, #0
    2a5c:	e584e034 	str	lr, [r4, #52]	@ 0x34
    2a60:	e594e004 	ldr	lr, [r4, #4]
    2a64:	e584e038 	str	lr, [r4, #56]	@ 0x38
    2a68:	e594c030 	ldr	ip, [r4, #48]	@ 0x30
    2a6c:	e3e0e480 	mvn	lr, #128, 8	@ 0x80000000
    2a70:	e02c000e 	eor	r0, ip, lr
    2a74:	e594c034 	ldr	ip, [r4, #52]	@ 0x34
    2a78:	e15c0000 	cmp	ip, r0
    2a7c:	ca00058c 	bgt	0x40b4
    2a80:	e594e030 	ldr	lr, [r4, #48]	@ 0x30
    2a84:	e594c034 	ldr	ip, [r4, #52]	@ 0x34
    2a88:	e08ce00e 	add	lr, ip, lr
    2a8c:	e584e030 	str	lr, [r4, #48]	@ 0x30
    2a90:	e594e038 	ldr	lr, [r4, #56]	@ 0x38
    2a94:	e584e034 	str	lr, [r4, #52]	@ 0x34
    2a98:	e5943038 	ldr	r3, [r4, #56]	@ 0x38
    2a9c:	e5952030 	ldr	r2, [r5, #48]	@ 0x30
    2aa0:	e3e0c4fe 	mvn	ip, #-33554432	@ 0xfe000000
    2aa4:	e3ccc8fe 	bic	ip, ip, #16646144	@ 0xfe0000
    2aa8:	e153000c 	cmp	r3, ip
    2aac:	8a00059b 	bhi	0x4120
    2ab0:	e7e123f0 			@ <UNDEFINED> instruction: 0xe7e123f0
    2ab4:	e584103c 	str	r1, [r4, #60]	@ 0x3c
    2ab8:	e3510000 	cmp	r1, #0
    2abc:	0a0004c4 	beq	0x3dd4
    2ac0:	e594c03c 	ldr	ip, [r4, #60]	@ 0x3c
    2ac4:	e20c10ff 	and	r1, ip, #255	@ 0xff
    2ac8:	e1a03001 	mov	r3, r1
    2acc:	e3510000 	cmp	r1, #0
    2ad0:	1a000002 	bne	0x2ae0
    2ad4:	e594e034 	ldr	lr, [r4, #52]	@ 0x34
    2ad8:	e584e004 	str	lr, [r4, #4]
    2adc:	ea00001c 	b	0x2b54
    2ae0:	e3530025 	cmp	r3, #37	@ 0x25
    2ae4:	1a0004ae 	bne	0x3da4
    2ae8:	e5941034 	ldr	r1, [r4, #52]	@ 0x34
    2aec:	e1a08001 	mov	r8, r1
    2af0:	e5957030 	ldr	r7, [r5, #48]	@ 0x30
    2af4:	e3e0e4fe 	mvn	lr, #-33554432	@ 0xfe000000
    2af8:	e3cee8fe 	bic	lr, lr, #16646144	@ 0xfe0000
    2afc:	e7f8e0f1 	udf	#36353	@ 0x8e01
    2b00:	2a000586 	bcs	0x4120
    2b04:	e7e378f0 			@ <UNDEFINED> instruction: 0xe7e378f0
    2b08:	e3530025 	cmp	r3, #37	@ 0x25
    2b0c:	0a000001 	beq	0x2b18
    2b10:	e5841004 	str	r1, [r4, #4]
    2b14:	ea00000e 	b	0x2b54
    2b18:	e594c034 	ldr	ip, [r4, #52]	@ 0x34
    2b1c:	e28ce001 	add	lr, ip, #1
    2b20:	e584e034 	str	lr, [r4, #52]	@ 0x34
    2b24:	e1a08001 	mov	r8, r1
    2b28:	e5957030 	ldr	r7, [r5, #48]	@ 0x30
    2b2c:	e3e0e4fe 	mvn	lr, #-33554432	@ 0xfe000000
    2b30:	e3cee8fe 	bic	lr, lr, #16646144	@ 0xfe0000
    2b34:	e7f8e0f2 	udf	#36354	@ 0x8e02
    2b38:	2a000578 	bcs	0x4120
    2b3c:	e7e378f0 			@ <UNDEFINED> instruction: 0xe7e378f0
    2b40:	e2817002 	add	r7, r1, #2
    2b44:	e5847004 	str	r7, [r4, #4]
    2b48:	e1a01007 	mov	r1, r7
    2b4c:	e3530025 	cmp	r3, #37	@ 0x25
    2b50:	0affffe5 	beq	0x2aec
    2b54:	e594e038 	ldr	lr, [r4, #56]	@ 0x38
    2b58:	e594c034 	ldr	ip, [r4, #52]	@ 0x34
    2b5c:	e04c100e 	sub	r1, ip, lr
    2b60:	e5841034 	str	r1, [r4, #52]	@ 0x34
    2b64:	e594c030 	ldr	ip, [r4, #48]	@ 0x30
    2b68:	e3e0e480 	mvn	lr, #128, 8	@ 0x80000000
    2b6c:	e02c300e 	eor	r3, ip, lr
    2b70:	e584303c 	str	r3, [r4, #60]	@ 0x3c
    2b74:	e1510003 	cmp	r1, r3
    2b78:	ca00054d 	bgt	0x40b4
    2b7c:	e594c000 	ldr	ip, [r4]
    2b80:	e35c0000 	cmp	ip, #0
    2b84:	0a000006 	beq	0x2ba4
    2b88:	e59f06bc 	ldr	r0, [pc, #1724]	@ 0x324c
    2b8c:	e1a01004 	mov	r1, r4
    2b90:	e59d2000 	ldr	r2, [sp]
    2b94:	e59fc6b4 	ldr	ip, [pc, #1716]	@ 0x3250
    2b98:	e12fff3c 	blx	ip
    2b9c:	e3500000 	cmp	r0, #0
    2ba0:	1a000561 	bne	0x412c
    2ba4:	e594c034 	ldr	ip, [r4, #52]	@ 0x34
    2ba8:	e35c0000 	cmp	ip, #0
    2bac:	1affffab 	bne	0x2a60
    2bb0:	e594301c 	ldr	r3, [r4, #28]
    2bb4:	e5951030 	ldr	r1, [r5, #48]	@ 0x30
    2bb8:	e5948004 	ldr	r8, [r4, #4]
    2bbc:	e59fe614 	ldr	lr, [pc, #1556]	@ 0x31d8
    2bc0:	e7f3e3fc 	udf	#15932	@ 0x3e3c
    2bc4:	2a000555 	bcs	0x4120
    2bc8:	e7d813f4 			@ <UNDEFINED> instruction: 0xe7d813f4
    2bcc:	e594c004 	ldr	ip, [r4, #4]
    2bd0:	e28c1001 	add	r1, ip, #1
    2bd4:	e3e08000 	mvn	r8, #0
    2bd8:	e594a004 	ldr	sl, [r4, #4]
    2bdc:	e5959030 	ldr	r9, [r5, #48]	@ 0x30
    2be0:	e3e0e4fe 	mvn	lr, #-33554432	@ 0xfe000000
    2be4:	e3cee8fe 	bic	lr, lr, #16646144	@ 0xfe0000
    2be8:	e7fae0f1 	udf	#44545	@ 0xae01
    2bec:	2a00054b 	bcs	0x4120
    2bf0:	e7e39af1 			@ <UNDEFINED> instruction: 0xe7e39af1
    2bf4:	e2433030 	sub	r3, r3, #48	@ 0x30
    2bf8:	e1a09003 	mov	r9, r3
    2bfc:	e3530009 	cmp	r3, #9
    2c00:	8a00000d 	bhi	0x2c3c
    2c04:	e594b004 	ldr	fp, [r4, #4]
    2c08:	e595a030 	ldr	sl, [r5, #48]	@ 0x30
    2c0c:	e3e0e4fe 	mvn	lr, #-33554432	@ 0xfe000000
    2c10:	e3cee8fe 	bic	lr, lr, #16646144	@ 0xfe0000
    2c14:	e7fbe0f2 	udf	#48642	@ 0xbe02
    2c18:	2a000540 	bcs	0x4120
    2c1c:	e7e3abf0 			@ <UNDEFINED> instruction: 0xe7e3abf0
    2c20:	e3530024 	cmp	r3, #36	@ 0x24
    2c24:	1a000004 	bne	0x2c3c
    2c28:	e594c004 	ldr	ip, [r4, #4]
    2c2c:	e28c1003 	add	r1, ip, #3
    2c30:	e3a0e001 	mov	lr, #1
    2c34:	e584e02c 	str	lr, [r4, #44]	@ 0x2c
    2c38:	e1a08009 	mov	r8, r9
    2c3c:	e594901c 	ldr	r9, [r4, #28]
    2c40:	e5953030 	ldr	r3, [r5, #48]	@ 0x30
    2c44:	e59fe58c 	ldr	lr, [pc, #1420]	@ 0x31d8
    2c48:	e7f9e3fc 	udf	#40508	@ 0x9e3c
    2c4c:	2a000533 	bcs	0x4120
    2c50:	e7d139f4 			@ <UNDEFINED> instruction: 0xe7d139f4
    2c54:	e3a09000 	mov	r9, #0
    2c58:	e1a0b001 	mov	fp, r1
    2c5c:	e595a030 	ldr	sl, [r5, #48]	@ 0x30
    2c60:	e3e0c4fe 	mvn	ip, #-33554432	@ 0xfe000000
    2c64:	e3ccc8fe 	bic	ip, ip, #16646144	@ 0xfe0000
    2c68:	e15b000c 	cmp	fp, ip
    2c6c:	8a00052b 	bhi	0x4120
    2c70:	e7e3abf1 			@ <UNDEFINED> instruction: 0xe7e3abf1
    2c74:	e1a0a003 	mov	sl, r3
    2c78:	e2433020 	sub	r3, r3, #32
    2c7c:	e1a0b003 	mov	fp, r3
    2c80:	e353001f 	cmp	r3, #31
    2c84:	9a000001 	bls	0x2c90
    2c88:	e1a03001 	mov	r3, r1
    2c8c:	ea000027 	b	0x2d30
    2c90:	e3a09000 	mov	r9, #0
    2c94:	e1a03001 	mov	r3, r1
    2c98:	e3a0c001 	mov	ip, #1
    2c9c:	e20be01f 	and	lr, fp, #31
    2ca0:	e1a0be1c 	lsl	fp, ip, lr
    2ca4:	e1a0600b 	mov	r6, fp
    2ca8:	e3a0cb4a 	mov	ip, #75776	@ 0x12800
    2cac:	e38cc089 	orr	ip, ip, #137	@ 0x89
    2cb0:	e11b000c 	tst	fp, ip
    2cb4:	0a00001d 	beq	0x2d30
    2cb8:	e281b001 	add	fp, r1, #1
    2cbc:	e1a0300b 	mov	r3, fp
    2cc0:	e594001c 	ldr	r0, [r4, #28]
    2cc4:	e5957030 	ldr	r7, [r5, #48]	@ 0x30
    2cc8:	e59fe508 	ldr	lr, [pc, #1288]	@ 0x31d8
    2ccc:	e7f0e3fc 	udf	#3644	@ 0xe3c
    2cd0:	2a000512 	bcs	0x4120
    2cd4:	e7db70f4 			@ <UNDEFINED> instruction: 0xe7db70f4
    2cd8:	e1869009 	orr	r9, r6, r9
    2cdc:	e1a0b001 	mov	fp, r1
    2ce0:	e5957030 	ldr	r7, [r5, #48]	@ 0x30
    2ce4:	e3e0e4fe 	mvn	lr, #-33554432	@ 0xfe000000
    2ce8:	e3cee8fe 	bic	lr, lr, #16646144	@ 0xfe0000
    2cec:	e7fbe0f1 	udf	#48641	@ 0xbe01
    2cf0:	2a00050a 	bcs	0x4120
    2cf4:	e7e07bf1 			@ <UNDEFINED> instruction: 0xe7e07bf1
    2cf8:	e1a0a000 	mov	sl, r0
    2cfc:	e2400020 	sub	r0, r0, #32
    2d00:	e1a07000 	mov	r7, r0
    2d04:	e3500020 	cmp	r0, #32
    2d08:	2a000008 	bcs	0x2d30
    2d0c:	e1a01003 	mov	r1, r3
    2d10:	e3a0c001 	mov	ip, #1
    2d14:	e207e01f 	and	lr, r7, #31
    2d18:	e1a07e1c 	lsl	r7, ip, lr
    2d1c:	e1a06007 	mov	r6, r7
    2d20:	e3a0cb4a 	mov	ip, #75776	@ 0x12800
    2d24:	e38cc089 	orr	ip, ip, #137	@ 0x89
    2d28:	e117000c 	tst	r7, ip
    2d2c:	1affffe1 	bne	0x2cb8
    2d30:	e35a002a 	cmp	sl, #42	@ 0x2a
    2d34:	1a000069 	bne	0x2ee0
    2d38:	e1a06003 	mov	r6, r3
    2d3c:	e5951030 	ldr	r1, [r5, #48]	@ 0x30
    2d40:	e3e0e4fe 	mvn	lr, #-33554432	@ 0xfe000000
    2d44:	e3cee8fe 	bic	lr, lr, #16646144	@ 0xfe0000
    2d48:	e7f6e0f1 	udf	#28161	@ 0x6e01
    2d4c:	2a0004f3 	bcs	0x4120
    2d50:	e7e016f1 			@ <UNDEFINED> instruction: 0xe7e016f1
    2d54:	e2400030 	sub	r0, r0, #48	@ 0x30
    2d58:	e1a01000 	mov	r1, r0
    2d5c:	e3500009 	cmp	r0, #9
    2d60:	8a000025 	bhi	0x2dfc
    2d64:	e1a07003 	mov	r7, r3
    2d68:	e5956030 	ldr	r6, [r5, #48]	@ 0x30
    2d6c:	e3e0e4fe 	mvn	lr, #-33554432	@ 0xfe000000
    2d70:	e3cee8fe 	bic	lr, lr, #16646144	@ 0xfe0000
    2d74:	e7f7e0f2 	udf	#32258	@ 0x7e02
    2d78:	2a0004e8 	bcs	0x4120
    2d7c:	e7e067f0 			@ <UNDEFINED> instruction: 0xe7e067f0
    2d80:	e3500024 	cmp	r0, #36	@ 0x24
    2d84:	1a00001c 	bne	0x2dfc
    2d88:	e594c000 	ldr	ip, [r4]
    2d8c:	e35c0000 	cmp	ip, #0
    2d90:	1a00000b 	bne	0x2dc4
    2d94:	e1a00101 	lsl	r0, r1, #2
    2d98:	e594c010 	ldr	ip, [r4, #16]
    2d9c:	e08c0000 	add	r0, ip, r0
    2da0:	e5956030 	ldr	r6, [r5, #48]	@ 0x30
    2da4:	e59fc42c 	ldr	ip, [pc, #1068]	@ 0x31d8
    2da8:	e150000c 	cmp	r0, ip
    2dac:	8a0004db 	bhi	0x4120
    2db0:	e3a0700a 	mov	r7, #10
    2db4:	e7d760f4 			@ <UNDEFINED> instruction: 0xe7d760f4
    2db8:	e3a0e000 	mov	lr, #0
    2dbc:	e584e050 	str	lr, [r4, #80]	@ 0x50
    2dc0:	ea000008 	b	0x2de8
    2dc4:	e1a01181 	lsl	r1, r1, #3
    2dc8:	e594c00c 	ldr	ip, [r4, #12]
    2dcc:	e08c1001 	add	r1, ip, r1
    2dd0:	e5950030 	ldr	r0, [r5, #48]	@ 0x30
    2dd4:	e59fc3fc 	ldr	ip, [pc, #1020]	@ 0x31d8
    2dd8:	e151000c 	cmp	r1, ip
    2ddc:	8a0004cf 	bhi	0x4120
    2de0:	e7ee01f4 			@ <UNDEFINED> instruction: 0xe7ee01f4
    2de4:	e584e050 	str	lr, [r4, #80]	@ 0x50
    2de8:	e283e003 	add	lr, r3, #3
    2dec:	e584e004 	str	lr, [r4, #4]
    2df0:	e3a0e001 	mov	lr, #1
    2df4:	e584e02c 	str	lr, [r4, #44]	@ 0x2c
    2df8:	ea000029 	b	0x2ea4
    2dfc:	e594c02c 	ldr	ip, [r4, #44]	@ 0x2c
    2e00:	e35c0000 	cmp	ip, #0
    2e04:	1a00042f 	bne	0x3ec8
    2e08:	e283e001 	add	lr, r3, #1
    2e0c:	e584e004 	str	lr, [r4, #4]
    2e10:	e594c000 	ldr	ip, [r4]
    2e14:	e35c0000 	cmp	ip, #0
    2e18:	1a00000b 	bne	0x2e4c
    2e1c:	e594101c 	ldr	r1, [r4, #28]
    2e20:	e5950030 	ldr	r0, [r5, #48]	@ 0x30
    2e24:	e5943004 	ldr	r3, [r4, #4]
    2e28:	e59fe3a8 	ldr	lr, [pc, #936]	@ 0x31d8
    2e2c:	e7f1e3fc 	udf	#7740	@ 0x1e3c
    2e30:	2a0004ba 	bcs	0x4120
    2e34:	e7d301f4 			@ <UNDEFINED> instruction: 0xe7d301f4
    2e38:	e3a0e000 	mov	lr, #0
    2e3c:	e584e02c 	str	lr, [r4, #44]	@ 0x2c
    2e40:	e3a0e000 	mov	lr, #0
    2e44:	e584e050 	str	lr, [r4, #80]	@ 0x50
    2e48:	ea000039 	b	0x2f34
    2e4c:	e5943008 	ldr	r3, [r4, #8]
    2e50:	e5951030 	ldr	r1, [r5, #48]	@ 0x30
    2e54:	e59fc37c 	ldr	ip, [pc, #892]	@ 0x31d8
    2e58:	e153000c 	cmp	r3, ip
    2e5c:	8a0004af 	bhi	0x4120
    2e60:	e7e013f4 			@ <UNDEFINED> instruction: 0xe7e013f4
    2e64:	e1a01000 	mov	r1, r0
    2e68:	e2800004 	add	r0, r0, #4
    2e6c:	e5947008 	ldr	r7, [r4, #8]
    2e70:	e5953030 	ldr	r3, [r5, #48]	@ 0x30
    2e74:	e59fc35c 	ldr	ip, [pc, #860]	@ 0x31d8
    2e78:	e157000c 	cmp	r7, ip
    2e7c:	8a0004a7 	bhi	0x4120
    2e80:	e7d037f4 			@ <UNDEFINED> instruction: 0xe7d037f4
    2e84:	e5950030 	ldr	r0, [r5, #48]	@ 0x30
    2e88:	e59fc348 	ldr	ip, [pc, #840]	@ 0x31d8
    2e8c:	e151000c 	cmp	r1, ip
    2e90:	8a0004a2 	bhi	0x4120
    2e94:	e7ee01f4 			@ <UNDEFINED> instruction: 0xe7ee01f4
    2e98:	e584e050 	str	lr, [r4, #80]	@ 0x50
    2e9c:	e3a0e000 	mov	lr, #0
    2ea0:	e584e02c 	str	lr, [r4, #44]	@ 0x2c
    2ea4:	e594101c 	ldr	r1, [r4, #28]
    2ea8:	e5950030 	ldr	r0, [r5, #48]	@ 0x30
    2eac:	e5943004 	ldr	r3, [r4, #4]
    2eb0:	e59fe320 	ldr	lr, [pc, #800]	@ 0x31d8
    2eb4:	e7f1e3fc 	udf	#7740	@ 0x1e3c
    2eb8:	2a000498 	bcs	0x4120
    2ebc:	e7d301f4 			@ <UNDEFINED> instruction: 0xe7d301f4
    2ec0:	e594c050 	ldr	ip, [r4, #80]	@ 0x50
    2ec4:	e37c0001 	cmn	ip, #1
    2ec8:	ca000019 	bgt	0x2f34
    2ecc:	e594c050 	ldr	ip, [r4, #80]	@ 0x50
    2ed0:	e26ce000 	rsb	lr, ip, #0
    2ed4:	e584e050 	str	lr, [r4, #80]	@ 0x50
    2ed8:	e3899d80 	orr	r9, r9, #128, 26	@ 0x2000
    2edc:	ea000014 	b	0x2f34
    2ee0:	e594c01c 	ldr	ip, [r4, #28]
    2ee4:	e28c003c 	add	r0, ip, #60	@ 0x3c
    2ee8:	e5840088 	str	r0, [r4, #136]	@ 0x88
    2eec:	e59f0360 	ldr	r0, [pc, #864]	@ 0x3254
    2ef0:	e1a01004 	mov	r1, r4
    2ef4:	e59d2000 	ldr	r2, [sp]
    2ef8:	e59fc358 	ldr	ip, [pc, #856]	@ 0x3258
    2efc:	e12fff3c 	blx	ip
    2f00:	e3500000 	cmp	r0, #0
    2f04:	1a000488 	bne	0x412c
    2f08:	e5940088 	ldr	r0, [r4, #136]	@ 0x88
    2f0c:	e5840050 	str	r0, [r4, #80]	@ 0x50
    2f10:	e3500000 	cmp	r0, #0
    2f14:	ba000466 	blt	0x40b4
    2f18:	e594101c 	ldr	r1, [r4, #28]
    2f1c:	e5950030 	ldr	r0, [r5, #48]	@ 0x30
    2f20:	e59fe2b0 	ldr	lr, [pc, #688]	@ 0x31d8
    2f24:	e7f1e3fc 	udf	#7740	@ 0x1e3c
    2f28:	2a00047c 	bcs	0x4120
    2f2c:	e7ee01f4 			@ <UNDEFINED> instruction: 0xe7ee01f4
    2f30:	e584e004 	str	lr, [r4, #4]
    2f34:	e3a07000 	mov	r7, #0
    2f38:	e3e0e000 	mvn	lr, #0
    2f3c:	e584e054 	str	lr, [r4, #84]	@ 0x54
    2f40:	e5943004 	ldr	r3, [r4, #4]
    2f44:	e5951030 	ldr	r1, [r5, #48]	@ 0x30
    2f48:	e3e0c4fe 	mvn	ip, #-33554432	@ 0xfe000000
    2f4c:	e3ccc8fe 	bic	ip, ip, #16646144	@ 0xfe0000
    2f50:	e153000c 	cmp	r3, ip
    2f54:	8a000471 	bhi	0x4120
    2f58:	e7e013f0 			@ <UNDEFINED> instruction: 0xe7e013f0
    2f5c:	e350002e 	cmp	r0, #46	@ 0x2e
    2f60:	0a000001 	beq	0x2f6c
    2f64:	e3a0b000 	mov	fp, #0
    2f68:	ea000081 	b	0x3174
    2f6c:	e5943004 	ldr	r3, [r4, #4]
    2f70:	e5951030 	ldr	r1, [r5, #48]	@ 0x30
    2f74:	e3e0e4fe 	mvn	lr, #-33554432	@ 0xfe000000
    2f78:	e3cee8fe 	bic	lr, lr, #16646144	@ 0xfe0000
    2f7c:	e7f3e0f1 	udf	#15873	@ 0x3e01
    2f80:	2a000466 	bcs	0x4120
    2f84:	e7e013f0 			@ <UNDEFINED> instruction: 0xe7e013f0
    2f88:	e350002a 	cmp	r0, #42	@ 0x2a
    2f8c:	1a00005b 	bne	0x3100
    2f90:	e5943004 	ldr	r3, [r4, #4]
    2f94:	e5951030 	ldr	r1, [r5, #48]	@ 0x30
    2f98:	e3e0e4fe 	mvn	lr, #-33554432	@ 0xfe000000
    2f9c:	e3cee8fe 	bic	lr, lr, #16646144	@ 0xfe0000
    2fa0:	e7f3e0f2 	udf	#15874	@ 0x3e02
    2fa4:	2a00045d 	bcs	0x4120
    2fa8:	e7e013f1 			@ <UNDEFINED> instruction: 0xe7e013f1
    2fac:	e2400030 	sub	r0, r0, #48	@ 0x30
    2fb0:	e1a01000 	mov	r1, r0
    2fb4:	e3500009 	cmp	r0, #9
    2fb8:	8a000024 	bhi	0x3050
    2fbc:	e5946004 	ldr	r6, [r4, #4]
    2fc0:	e5953030 	ldr	r3, [r5, #48]	@ 0x30
    2fc4:	e3e0e4fe 	mvn	lr, #-33554432	@ 0xfe000000
    2fc8:	e3cee8fe 	bic	lr, lr, #16646144	@ 0xfe0000
    2fcc:	e7f6e0f3 	udf	#28163	@ 0x6e03
    2fd0:	2a000452 	bcs	0x4120
    2fd4:	e7e036f0 			@ <UNDEFINED> instruction: 0xe7e036f0
    2fd8:	e3500024 	cmp	r0, #36	@ 0x24
    2fdc:	1a00001b 	bne	0x3050
    2fe0:	e594c000 	ldr	ip, [r4]
    2fe4:	e35c0000 	cmp	ip, #0
    2fe8:	1a00000b 	bne	0x301c
    2fec:	e1a00101 	lsl	r0, r1, #2
    2ff0:	e594c010 	ldr	ip, [r4, #16]
    2ff4:	e08c0000 	add	r0, ip, r0
    2ff8:	e5953030 	ldr	r3, [r5, #48]	@ 0x30
    2ffc:	e59fc1d4 	ldr	ip, [pc, #468]	@ 0x31d8
    3000:	e150000c 	cmp	r0, ip
    3004:	8a000445 	bhi	0x4120
    3008:	e3a0600a 	mov	r6, #10
    300c:	e7d630f4 			@ <UNDEFINED> instruction: 0xe7d630f4
    3010:	e3a0e000 	mov	lr, #0
    3014:	e584e054 	str	lr, [r4, #84]	@ 0x54
    3018:	ea000008 	b	0x3040
    301c:	e1a01181 	lsl	r1, r1, #3
    3020:	e594c00c 	ldr	ip, [r4, #12]
    3024:	e08c1001 	add	r1, ip, r1
    3028:	e5950030 	ldr	r0, [r5, #48]	@ 0x30
    302c:	e59fc1a4 	ldr	ip, [pc, #420]	@ 0x31d8
    3030:	e151000c 	cmp	r1, ip
    3034:	8a000439 	bhi	0x4120
    3038:	e7ee01f4 			@ <UNDEFINED> instruction: 0xe7ee01f4
    303c:	e584e054 	str	lr, [r4, #84]	@ 0x54
    3040:	e594c004 	ldr	ip, [r4, #4]
    3044:	e28ce004 	add	lr, ip, #4
    3048:	e584e004 	str	lr, [r4, #4]
    304c:	ea00001f 	b	0x30d0
    3050:	e594c02c 	ldr	ip, [r4, #44]	@ 0x2c
    3054:	e35c0000 	cmp	ip, #0
    3058:	1a00039a 	bne	0x3ec8
    305c:	e594c004 	ldr	ip, [r4, #4]
    3060:	e28ce002 	add	lr, ip, #2
    3064:	e584e004 	str	lr, [r4, #4]
    3068:	e594c000 	ldr	ip, [r4]
    306c:	e35c0000 	cmp	ip, #0
    3070:	1a000002 	bne	0x3080
    3074:	e3a0e000 	mov	lr, #0
    3078:	e584e054 	str	lr, [r4, #84]	@ 0x54
    307c:	ea000013 	b	0x30d0
    3080:	e5943008 	ldr	r3, [r4, #8]
    3084:	e5951030 	ldr	r1, [r5, #48]	@ 0x30
    3088:	e59fc148 	ldr	ip, [pc, #328]	@ 0x31d8
    308c:	e153000c 	cmp	r3, ip
    3090:	8a000422 	bhi	0x4120
    3094:	e7e013f4 			@ <UNDEFINED> instruction: 0xe7e013f4
    3098:	e1a01000 	mov	r1, r0
    309c:	e2800004 	add	r0, r0, #4
    30a0:	e5946008 	ldr	r6, [r4, #8]
    30a4:	e5953030 	ldr	r3, [r5, #48]	@ 0x30
    30a8:	e59fc128 	ldr	ip, [pc, #296]	@ 0x31d8
    30ac:	e156000c 	cmp	r6, ip
    30b0:	8a00041a 	bhi	0x4120
    30b4:	e7d036f4 			@ <UNDEFINED> instruction: 0xe7d036f4
    30b8:	e5950030 	ldr	r0, [r5, #48]	@ 0x30
    30bc:	e59fc114 	ldr	ip, [pc, #276]	@ 0x31d8
    30c0:	e151000c 	cmp	r1, ip
    30c4:	8a000415 	bhi	0x4120
    30c8:	e7ee01f4 			@ <UNDEFINED> instruction: 0xe7ee01f4
    30cc:	e584e054 	str	lr, [r4, #84]	@ 0x54
    30d0:	e594101c 	ldr	r1, [r4, #28]
    30d4:	e5950030 	ldr	r0, [r5, #48]	@ 0x30
    30d8:	e5943004 	ldr	r3, [r4, #4]
    30dc:	e59fe0f4 	ldr	lr, [pc, #244]	@ 0x31d8
    30e0:	e7f1e3fc 	udf	#7740	@ 0x1e3c
    30e4:	2a00040d 	bcs	0x4120
    30e8:	e7d301f4 			@ <UNDEFINED> instruction: 0xe7d301f4
    30ec:	e594c054 	ldr	ip, [r4, #84]	@ 0x54
    30f0:	e37c0001 	cmn	ip, #1
    30f4:	e3a0b000 	mov	fp, #0
    30f8:	c3a0b001 	movgt	fp, #1
    30fc:	ea00001c 	b	0x3174
    3100:	e594c004 	ldr	ip, [r4, #4]
    3104:	e28c0001 	add	r0, ip, #1
    3108:	e594301c 	ldr	r3, [r4, #28]
    310c:	e5951030 	ldr	r1, [r5, #48]	@ 0x30
    3110:	e59fe0c0 	ldr	lr, [pc, #192]	@ 0x31d8
    3114:	e7f3e3fc 	udf	#15932	@ 0x3e3c
    3118:	2a000400 	bcs	0x4120
    311c:	e7d013f4 			@ <UNDEFINED> instruction: 0xe7d013f4
    3120:	e3a0b001 	mov	fp, #1
    3124:	e594c01c 	ldr	ip, [r4, #28]
    3128:	e28c003c 	add	r0, ip, #60	@ 0x3c
    312c:	e5840088 	str	r0, [r4, #136]	@ 0x88
    3130:	e3a00840 	mov	r0, #64, 16	@ 0x400000
    3134:	e3800d99 	orr	r0, r0, #9792	@ 0x2640
    3138:	e1a01004 	mov	r1, r4
    313c:	e59d2000 	ldr	r2, [sp]
    3140:	e59fc114 	ldr	ip, [pc, #276]	@ 0x325c
    3144:	e12fff3c 	blx	ip
    3148:	e3500000 	cmp	r0, #0
    314c:	1a0003f6 	bne	0x412c
    3150:	e5940088 	ldr	r0, [r4, #136]	@ 0x88
    3154:	e5840054 	str	r0, [r4, #84]	@ 0x54
    3158:	e594101c 	ldr	r1, [r4, #28]
    315c:	e5950030 	ldr	r0, [r5, #48]	@ 0x30
    3160:	e59fe070 	ldr	lr, [pc, #112]	@ 0x31d8
    3164:	e7f1e3fc 	udf	#7740	@ 0x1e3c
    3168:	2a0003ec 	bcs	0x4120
    316c:	e7ee01f4 			@ <UNDEFINED> instruction: 0xe7ee01f4
    3170:	e584e004 	str	lr, [r4, #4]
    3174:	e1a06007 	mov	r6, r7
    3178:	e3a0e01c 	mov	lr, #28
    317c:	e584e05c 	str	lr, [r4, #92]	@ 0x5c
    3180:	e594a004 	ldr	sl, [r4, #4]
    3184:	e5943004 	ldr	r3, [r4, #4]
    3188:	e5951030 	ldr	r1, [r5, #48]	@ 0x30
    318c:	e3e0c4fe 	mvn	ip, #-33554432	@ 0xfe000000
    3190:	e3ccc8fe 	bic	ip, ip, #16646144	@ 0xfe0000
    3194:	e153000c 	cmp	r3, ip
    3198:	8a0003e0 	bhi	0x4120
    319c:	e7e013f1 			@ <UNDEFINED> instruction: 0xe7e013f1
    31a0:	e1a01000 	mov	r1, r0
    31a4:	e240007b 	sub	r0, r0, #123	@ 0x7b
    31a8:	e370003a 	cmn	r0, #58	@ 0x3a
    31ac:	3a0003c2 	bcc	0x40bc
    31b0:	e28ae001 	add	lr, sl, #1
    31b4:	e584e004 	str	lr, [r4, #4]
    31b8:	e3a0c03a 	mov	ip, #58	@ 0x3a
    31bc:	ea000027 	b	0x3260
	...
    31d8:	0101fffc 	strdeq	pc, [r1, -ip]
    31dc:	003f9820 	eorseq	r9, pc, r0, lsr #16
    31e0:	003f988c 	eorseq	r9, pc, ip, lsl #17
    31e4:	00048004 	andeq	r8, r4, r4
    31e8:	003fc924 	eorseq	ip, pc, r4, lsr #18
    31ec:	0004890c 	andeq	r8, r4, ip, lsl #18
    31f0:	00048c48 	andeq	r8, r4, r8, asr #24
    31f4:	003fc9b4 	ldrhteq	ip, [pc], -r4
    31f8:	003fca68 	eorseq	ip, pc, r8, ror #20
    31fc:	00048c48 	andeq	r8, r4, r8, asr #24
    3200:	003fcad4 	ldrsbteq	ip, [pc], -r4
    3204:	0004890c 	andeq	r8, r4, ip, lsl #18
    3208:	00048004 	andeq	r8, r4, r4
    320c:	00049a8c 	andeq	r9, r4, ip, lsl #21
    3210:	003fd05c 	eorseq	sp, pc, ip, asr r0	@ <UNPREDICTABLE>
    3214:	0004890c 	andeq	r8, r4, ip, lsl #18
    3218:	003fd0dc 	ldrsbteq	sp, [pc], -ip
    321c:	0004890c 	andeq	r8, r4, ip, lsl #18
    3220:	0101fff8 	strdeq	pc, [r1, -r8]
    3224:	003fd1bc 	ldrhteq	sp, [pc], -ip
    3228:	0004890c 	andeq	r8, r4, ip, lsl #18
    322c:	003fd1fc 	ldrshteq	sp, [pc], -ip
    3230:	0004890c 	andeq	r8, r4, ip, lsl #18
    3234:	003fd250 	eorseq	sp, pc, r0, asr r2	@ <UNPREDICTABLE>
    3238:	00048c48 	andeq	r8, r4, r8, asr #24
    323c:	003fd338 	eorseq	sp, pc, r8, lsr r3	@ <UNPREDICTABLE>
    3240:	0004890c 	andeq	r8, r4, ip, lsl #18
    3244:	003fd368 	eorseq	sp, pc, r8, ror #6
    3248:	00048004 	andeq	r8, r4, r4
    324c:	00401e74 	subeq	r1, r0, r4, ror lr
    3250:	0004890c 	andeq	r8, r4, ip, lsl #18
    3254:	00402374 	subeq	r2, r0, r4, ror r3
    3258:	0004890c 	andeq	r8, r4, ip, lsl #18
    325c:	0004890c 	andeq	r8, r4, ip, lsl #18
    3260:	e0000c96 	mul	r0, r6, ip
    3264:	e0800001 	add	r0, r0, r1
    3268:	e2800b40 	add	r0, r0, #64, 22	@ 0x10000
    326c:	e28002f0 	add	r0, r0, #240, 4
    3270:	e1a03000 	mov	r3, r0
    3274:	e5951030 	ldr	r1, [r5, #48]	@ 0x30
    3278:	e3e0c4fe 	mvn	ip, #-33554432	@ 0xfe000000
    327c:	e3ccc8fe 	bic	ip, ip, #16646144	@ 0xfe0000
    3280:	e153000c 	cmp	r3, ip
    3284:	8a0003a5 	bhi	0x4120
    3288:	e7e013f0 			@ <UNDEFINED> instruction: 0xe7e013f0
    328c:	e1a07000 	mov	r7, r0
    3290:	e2400001 	sub	r0, r0, #1
    3294:	e20000ff 	and	r0, r0, #255	@ 0xff
    3298:	e3500008 	cmp	r0, #8
    329c:	3affffb4 	bcc	0x3174
    32a0:	e594101c 	ldr	r1, [r4, #28]
    32a4:	e5950030 	ldr	r0, [r5, #48]	@ 0x30
    32a8:	e5943004 	ldr	r3, [r4, #4]
    32ac:	e59fefc4 	ldr	lr, [pc, #4036]	@ 0x4278
    32b0:	e7f1e3fc 	udf	#7740	@ 0x1e3c
    32b4:	2a000399 	bcs	0x4120
    32b8:	e7d301f4 			@ <UNDEFINED> instruction: 0xe7d301f4
    32bc:	e357001b 	cmp	r7, #27
    32c0:	0a000031 	beq	0x338c
    32c4:	e3570000 	cmp	r7, #0
    32c8:	0a00037b 	beq	0x40bc
    32cc:	e3580000 	cmp	r8, #0
    32d0:	ba00001e 	blt	0x3350
    32d4:	e594c000 	ldr	ip, [r4]
    32d8:	e35c0000 	cmp	ip, #0
    32dc:	1a000008 	bne	0x3304
    32e0:	e1a00108 	lsl	r0, r8, #2
    32e4:	e594c010 	ldr	ip, [r4, #16]
    32e8:	e08c0000 	add	r0, ip, r0
    32ec:	e5951030 	ldr	r1, [r5, #48]	@ 0x30
    32f0:	e59fcf80 	ldr	ip, [pc, #3968]	@ 0x4278
    32f4:	e150000c 	cmp	r0, ip
    32f8:	8a000388 	bhi	0x4120
    32fc:	e7d710f4 			@ <UNDEFINED> instruction: 0xe7d710f4
    3300:	eafffdd4 	b	0x2a58
    3304:	e1a00188 	lsl	r0, r8, #3
    3308:	e594c00c 	ldr	ip, [r4, #12]
    330c:	e08c0000 	add	r0, ip, r0
    3310:	e5952030 	ldr	r2, [r5, #48]	@ 0x30
    3314:	e59fcf60 	ldr	ip, [pc, #3936]	@ 0x427c
    3318:	e150000c 	cmp	r0, ip
    331c:	8a00037f 	bhi	0x4120
    3320:	e082c000 	add	ip, r2, r0
    3324:	e59c1000 	ldr	r1, [ip]
    3328:	e59c3004 	ldr	r3, [ip, #4]
    332c:	e594201c 	ldr	r2, [r4, #28]
    3330:	e5950030 	ldr	r0, [r5, #48]	@ 0x30
    3334:	e59fef40 	ldr	lr, [pc, #3904]	@ 0x427c
    3338:	e7f2e3f0 	udf	#11824	@ 0x2e30
    333c:	2a000377 	bcs	0x4120
    3340:	e080c002 	add	ip, r0, r2
    3344:	e58c1000 	str	r1, [ip]
    3348:	e58c3004 	str	r3, [ip, #4]
    334c:	ea000015 	b	0x33a8
    3350:	e594c000 	ldr	ip, [r4]
    3354:	e35c0000 	cmp	ip, #0
    3358:	0a000352 	beq	0x40a8
    335c:	e594c01c 	ldr	ip, [r4, #28]
    3360:	e28c0030 	add	r0, ip, #48	@ 0x30
    3364:	e5840088 	str	r0, [r4, #136]	@ 0x88
    3368:	e5847034 	str	r7, [r4, #52]	@ 0x34
    336c:	e59f0f0c 	ldr	r0, [pc, #3852]	@ 0x4280
    3370:	e1a01004 	mov	r1, r4
    3374:	e59d2000 	ldr	r2, [sp]
    3378:	e59fcf04 	ldr	ip, [pc, #3844]	@ 0x4284
    337c:	e12fff3c 	blx	ip
    3380:	e3500000 	cmp	r0, #0
    3384:	1a000368 	bne	0x412c
    3388:	ea000006 	b	0x33a8
    338c:	e3780001 	cmn	r8, #1
    3390:	ca000349 	bgt	0x40bc
    3394:	e3a0e000 	mov	lr, #0
    3398:	e584e034 	str	lr, [r4, #52]	@ 0x34
    339c:	e594c000 	ldr	ip, [r4]
    33a0:	e35c0000 	cmp	ip, #0
    33a4:	0afffdad 	beq	0x2a60
    33a8:	e5942000 	ldr	r2, [r4]
    33ac:	e5951030 	ldr	r1, [r5, #48]	@ 0x30
    33b0:	e3e0c4fe 	mvn	ip, #-33554432	@ 0xfe000000
    33b4:	e3ccc8fe 	bic	ip, ip, #16646144	@ 0xfe0000
    33b8:	e152000c 	cmp	r2, ip
    33bc:	8a000357 	bhi	0x4120
    33c0:	e7e012f0 			@ <UNDEFINED> instruction: 0xe7e012f0
    33c4:	e3100020 	tst	r0, #32
    33c8:	1a000349 	bne	0x40f4
    33cc:	e3c90b40 	bic	r0, r9, #64, 22	@ 0x10000
    33d0:	e5840060 	str	r0, [r4, #96]	@ 0x60
    33d4:	e3190d80 	tst	r9, #128, 26	@ 0x2000
    33d8:	e1a0e000 	mov	lr, r0
    33dc:	01a0e009 	moveq	lr, r9
    33e0:	e584e048 	str	lr, [r4, #72]	@ 0x48
    33e4:	e3a0e000 	mov	lr, #0
    33e8:	e584e044 	str	lr, [r4, #68]	@ 0x44
    33ec:	e3a0eb40 	mov	lr, #64, 22	@ 0x10000
    33f0:	e584e064 	str	lr, [r4, #100]	@ 0x64
    33f4:	e594e028 	ldr	lr, [r4, #40]	@ 0x28
    33f8:	e584e05c 	str	lr, [r4, #92]	@ 0x5c
    33fc:	e1a0200a 	mov	r2, sl
    3400:	e5951030 	ldr	r1, [r5, #48]	@ 0x30
    3404:	e3e0c4fe 	mvn	ip, #-33554432	@ 0xfe000000
    3408:	e3ccc8fe 	bic	ip, ip, #16646144	@ 0xfe0000
    340c:	e152000c 	cmp	r2, ip
    3410:	8a000342 	bhi	0x4120
    3414:	e7ea12f0 			@ <UNDEFINED> instruction: 0xe7ea12f0
    3418:	e1a0100a 	mov	r1, sl
    341c:	e6afa07a 	sxtb	sl, sl
    3420:	e1a0200a 	mov	r2, sl
    3424:	e3caa02c 	bic	sl, sl, #44	@ 0x2c
    3428:	e201100f 	and	r1, r1, #15
    342c:	e3510003 	cmp	r1, #3
    3430:	11a0a002 	movne	sl, r2
    3434:	e3560000 	cmp	r6, #0
    3438:	01a0a002 	moveq	sl, r2
    343c:	e1a0800a 	mov	r8, sl
    3440:	e24aa058 	sub	sl, sl, #88	@ 0x58
    3444:	e1a0e00a 	mov	lr, sl
    3448:	e35e0021 	cmp	lr, #33	@ 0x21
    344c:	23a0e021 	movcs	lr, #33	@ 0x21
    3450:	e1a0e10e 	lsl	lr, lr, #2
    3454:	e59fce2c 	ldr	ip, [pc, #3628]	@ 0x4288
    3458:	e08ee00c 	add	lr, lr, ip
    345c:	e59ec000 	ldr	ip, [lr]
    3460:	e12fff1c 	bx	ip
    3464:	e594e028 	ldr	lr, [r4, #40]	@ 0x28
    3468:	e584e05c 	str	lr, [r4, #92]	@ 0x5c
    346c:	e2481041 	sub	r1, r8, #65	@ 0x41
    3470:	e1a0e001 	mov	lr, r1
    3474:	e35e0007 	cmp	lr, #7
    3478:	23a0e007 	movcs	lr, #7
    347c:	e1a0e10e 	lsl	lr, lr, #2
    3480:	e59fce04 	ldr	ip, [pc, #3588]	@ 0x428c
    3484:	e08ee00c 	add	lr, lr, ip
    3488:	e59ec000 	ldr	ip, [lr]
    348c:	e12fff1c 	bx	ip
    3490:	e3580053 	cmp	r8, #83	@ 0x53
    3494:	0a00017b 	beq	0x3a88
    3498:	ea00029d 	b	0x3f14
    349c:	e3a0e000 	mov	lr, #0
    34a0:	e584e044 	str	lr, [r4, #68]	@ 0x44
    34a4:	e3a0eb40 	mov	lr, #64, 22	@ 0x10000
    34a8:	e584e064 	str	lr, [r4, #100]	@ 0x64
    34ac:	e594201c 	ldr	r2, [r4, #28]
    34b0:	e5951030 	ldr	r1, [r5, #48]	@ 0x30
    34b4:	e59fedc0 	ldr	lr, [pc, #3520]	@ 0x427c
    34b8:	e7f2e3f0 	udf	#11824	@ 0x2e30
    34bc:	2a000317 	bcs	0x4120
    34c0:	e081c002 	add	ip, r1, r2
    34c4:	e59ca000 	ldr	sl, [ip]
    34c8:	e59c9004 	ldr	r9, [ip, #4]
    34cc:	ea0000f2 	b	0x389c
    34d0:	e3a0e000 	mov	lr, #0
    34d4:	e584e034 	str	lr, [r4, #52]	@ 0x34
    34d8:	e1a0e006 	mov	lr, r6
    34dc:	e35e0008 	cmp	lr, #8
    34e0:	23a0e008 	movcs	lr, #8
    34e4:	e1a0e10e 	lsl	lr, lr, #2
    34e8:	e59fcda0 	ldr	ip, [pc, #3488]	@ 0x4290
    34ec:	e08ee00c 	add	lr, lr, ip
    34f0:	e59ec000 	ldr	ip, [lr]
    34f4:	e12fff1c 	bx	ip
    34f8:	e594301c 	ldr	r3, [r4, #28]
    34fc:	e5952030 	ldr	r2, [r5, #48]	@ 0x30
    3500:	e59fed70 	ldr	lr, [pc, #3440]	@ 0x4278
    3504:	e7f3e3f0 	udf	#15920	@ 0x3e30
    3508:	2a000304 	bcs	0x4120
    350c:	e7e123f4 			@ <UNDEFINED> instruction: 0xe7e123f4
    3510:	e5952030 	ldr	r2, [r5, #48]	@ 0x30
    3514:	e5943030 	ldr	r3, [r4, #48]	@ 0x30
    3518:	e59fcd58 	ldr	ip, [pc, #3416]	@ 0x4278
    351c:	e151000c 	cmp	r1, ip
    3520:	8a0002fe 	bhi	0x4120
    3524:	e7d321f4 			@ <UNDEFINED> instruction: 0xe7d321f4
    3528:	eafffd4c 	b	0x2a60
    352c:	e594301c 	ldr	r3, [r4, #28]
    3530:	e5952030 	ldr	r2, [r5, #48]	@ 0x30
    3534:	e59fed3c 	ldr	lr, [pc, #3388]	@ 0x4278
    3538:	e7f3e3f0 	udf	#15920	@ 0x3e30
    353c:	2a0002f7 	bcs	0x4120
    3540:	e7e123f4 			@ <UNDEFINED> instruction: 0xe7e123f4
    3544:	e5952030 	ldr	r2, [r5, #48]	@ 0x30
    3548:	e5943030 	ldr	r3, [r4, #48]	@ 0x30
    354c:	e59fcd24 	ldr	ip, [pc, #3364]	@ 0x4278
    3550:	e151000c 	cmp	r1, ip
    3554:	8a0002f1 	bhi	0x4120
    3558:	e7d321f4 			@ <UNDEFINED> instruction: 0xe7d321f4
    355c:	eafffd3f 	b	0x2a60
    3560:	e594301c 	ldr	r3, [r4, #28]
    3564:	e5952030 	ldr	r2, [r5, #48]	@ 0x30
    3568:	e59fed08 	ldr	lr, [pc, #3336]	@ 0x4278
    356c:	e7f3e3f0 	udf	#15920	@ 0x3e30
    3570:	2a0002ea 	bcs	0x4120
    3574:	e7e123f4 			@ <UNDEFINED> instruction: 0xe7e123f4
    3578:	e5942030 	ldr	r2, [r4, #48]	@ 0x30
    357c:	e1a03fc2 	asr	r3, r2, #31
    3580:	e5956030 	ldr	r6, [r5, #48]	@ 0x30
    3584:	e59fccf0 	ldr	ip, [pc, #3312]	@ 0x427c
    3588:	e151000c 	cmp	r1, ip
    358c:	8a0002e3 	bhi	0x4120
    3590:	e086c001 	add	ip, r6, r1
    3594:	e58c2000 	str	r2, [ip]
    3598:	e58c3004 	str	r3, [ip, #4]
    359c:	eafffd2f 	b	0x2a60
    35a0:	e594301c 	ldr	r3, [r4, #28]
    35a4:	e5952030 	ldr	r2, [r5, #48]	@ 0x30
    35a8:	e59fecc8 	ldr	lr, [pc, #3272]	@ 0x4278
    35ac:	e7f3e3f0 	udf	#15920	@ 0x3e30
    35b0:	2a0002da 	bcs	0x4120
    35b4:	e7e123f4 			@ <UNDEFINED> instruction: 0xe7e123f4
    35b8:	e5952030 	ldr	r2, [r5, #48]	@ 0x30
    35bc:	e5943030 	ldr	r3, [r4, #48]	@ 0x30
    35c0:	e59fcccc 	ldr	ip, [pc, #3276]	@ 0x4294
    35c4:	e151000c 	cmp	r1, ip
    35c8:	8a0002d4 	bhi	0x4120
    35cc:	e7d321f2 			@ <UNDEFINED> instruction: 0xe7d321f2
    35d0:	eafffd22 	b	0x2a60
    35d4:	e594301c 	ldr	r3, [r4, #28]
    35d8:	e5952030 	ldr	r2, [r5, #48]	@ 0x30
    35dc:	e59fec94 	ldr	lr, [pc, #3220]	@ 0x4278
    35e0:	e7f3e3f0 	udf	#15920	@ 0x3e30
    35e4:	2a0002cd 	bcs	0x4120
    35e8:	e7e123f4 			@ <UNDEFINED> instruction: 0xe7e123f4
    35ec:	e5952030 	ldr	r2, [r5, #48]	@ 0x30
    35f0:	e5943030 	ldr	r3, [r4, #48]	@ 0x30
    35f4:	e3e0c4fe 	mvn	ip, #-33554432	@ 0xfe000000
    35f8:	e3ccc8fe 	bic	ip, ip, #16646144	@ 0xfe0000
    35fc:	e151000c 	cmp	r1, ip
    3600:	8a0002c6 	bhi	0x4120
    3604:	e7d321f0 			@ <UNDEFINED> instruction: 0xe7d321f0
    3608:	eafffd14 	b	0x2a60
    360c:	e594301c 	ldr	r3, [r4, #28]
    3610:	e5952030 	ldr	r2, [r5, #48]	@ 0x30
    3614:	e59fec5c 	ldr	lr, [pc, #3164]	@ 0x4278
    3618:	e7f3e3f0 	udf	#15920	@ 0x3e30
    361c:	2a0002bf 	bcs	0x4120
    3620:	e7e123f4 			@ <UNDEFINED> instruction: 0xe7e123f4
    3624:	e5952030 	ldr	r2, [r5, #48]	@ 0x30
    3628:	e5943030 	ldr	r3, [r4, #48]	@ 0x30
    362c:	e59fcc44 	ldr	ip, [pc, #3140]	@ 0x4278
    3630:	e151000c 	cmp	r1, ip
    3634:	8a0002b9 	bhi	0x4120
    3638:	e7d321f4 			@ <UNDEFINED> instruction: 0xe7d321f4
    363c:	eafffd07 	b	0x2a60
    3640:	e594301c 	ldr	r3, [r4, #28]
    3644:	e5952030 	ldr	r2, [r5, #48]	@ 0x30
    3648:	e59fec28 	ldr	lr, [pc, #3112]	@ 0x4278
    364c:	e7f3e3f0 	udf	#15920	@ 0x3e30
    3650:	2a0002b2 	bcs	0x4120
    3654:	e7e123f4 			@ <UNDEFINED> instruction: 0xe7e123f4
    3658:	e5942030 	ldr	r2, [r4, #48]	@ 0x30
    365c:	e1a03fc2 	asr	r3, r2, #31
    3660:	e5956030 	ldr	r6, [r5, #48]	@ 0x30
    3664:	e59fcc10 	ldr	ip, [pc, #3088]	@ 0x427c
    3668:	e151000c 	cmp	r1, ip
    366c:	8a0002ab 	bhi	0x4120
    3670:	e086c001 	add	ip, r6, r1
    3674:	e58c2000 	str	r2, [ip]
    3678:	e58c3004 	str	r3, [ip, #4]
    367c:	eafffcf7 	b	0x2a60
    3680:	e594c054 	ldr	ip, [r4, #84]	@ 0x54
    3684:	e35c0008 	cmp	ip, #8
    3688:	e3a0e008 	mov	lr, #8
    368c:	e594c054 	ldr	ip, [r4, #84]	@ 0x54
    3690:	81a0e00c 	movhi	lr, ip
    3694:	e584e054 	str	lr, [r4, #84]	@ 0x54
    3698:	e594c048 	ldr	ip, [r4, #72]	@ 0x48
    369c:	e38ce008 	orr	lr, ip, #8
    36a0:	e584e048 	str	lr, [r4, #72]	@ 0x48
    36a4:	e3a08078 	mov	r8, #120	@ 0x78
    36a8:	e3a0e000 	mov	lr, #0
    36ac:	e584e044 	str	lr, [r4, #68]	@ 0x44
    36b0:	e3a0eb40 	mov	lr, #64, 22	@ 0x10000
    36b4:	e584e064 	str	lr, [r4, #100]	@ 0x64
    36b8:	e594601c 	ldr	r6, [r4, #28]
    36bc:	e5953030 	ldr	r3, [r5, #48]	@ 0x30
    36c0:	e59febb4 	ldr	lr, [pc, #2996]	@ 0x427c
    36c4:	e7f6e3f0 	udf	#28208	@ 0x6e30
    36c8:	2a000294 	bcs	0x4120
    36cc:	e083c006 	add	ip, r3, r6
    36d0:	e59c1000 	ldr	r1, [ip]
    36d4:	e59c2004 	ldr	r2, [ip, #4]
    36d8:	e1a0a001 	mov	sl, r1
    36dc:	e1a09002 	mov	r9, r2
    36e0:	e2083020 	and	r3, r8, #32
    36e4:	e5841088 	str	r1, [r4, #136]	@ 0x88
    36e8:	e584208c 	str	r2, [r4, #140]	@ 0x8c
    36ec:	e5843094 	str	r3, [r4, #148]	@ 0x94
    36f0:	e59f0ba0 	ldr	r0, [pc, #2976]	@ 0x4298
    36f4:	e1a01004 	mov	r1, r4
    36f8:	e59d2000 	ldr	r2, [sp]
    36fc:	e59fcb98 	ldr	ip, [pc, #2968]	@ 0x429c
    3700:	e12fff3c 	blx	ip
    3704:	e3500000 	cmp	r0, #0
    3708:	1a000287 	bne	0x412c
    370c:	e5941088 	ldr	r1, [r4, #136]	@ 0x88
    3710:	e5841038 	str	r1, [r4, #56]	@ 0x38
    3714:	e19ac009 	orrs	ip, sl, r9
    3718:	0a00006a 	beq	0x38c8
    371c:	e594c048 	ldr	ip, [r4, #72]	@ 0x48
    3720:	e31c0008 	tst	ip, #8
    3724:	0a000067 	beq	0x38c8
    3728:	e1a01228 	lsr	r1, r8, #4
    372c:	e281eb40 	add	lr, r1, #64, 22	@ 0x10000
    3730:	e584e064 	str	lr, [r4, #100]	@ 0x64
    3734:	e3a0e002 	mov	lr, #2
    3738:	e584e044 	str	lr, [r4, #68]	@ 0x44
    373c:	ea000061 	b	0x38c8
    3740:	e3a0e000 	mov	lr, #0
    3744:	e584e044 	str	lr, [r4, #68]	@ 0x44
    3748:	e3a0eb40 	mov	lr, #64, 22	@ 0x10000
    374c:	e584e064 	str	lr, [r4, #100]	@ 0x64
    3750:	e594601c 	ldr	r6, [r4, #28]
    3754:	e5953030 	ldr	r3, [r5, #48]	@ 0x30
    3758:	e59feb1c 	ldr	lr, [pc, #2844]	@ 0x427c
    375c:	e7f6e3f0 	udf	#28208	@ 0x6e30
    3760:	2a00026e 	bcs	0x4120
    3764:	e083c006 	add	ip, r3, r6
    3768:	e59c1000 	ldr	r1, [ip]
    376c:	e59c2004 	ldr	r2, [ip, #4]
    3770:	e1a0a001 	mov	sl, r1
    3774:	e1a09002 	mov	r9, r2
    3778:	e5841088 	str	r1, [r4, #136]	@ 0x88
    377c:	e584208c 	str	r2, [r4, #140]	@ 0x8c
    3780:	e59f0b18 	ldr	r0, [pc, #2840]	@ 0x42a0
    3784:	e1a01004 	mov	r1, r4
    3788:	e59d2000 	ldr	r2, [sp]
    378c:	e59fcb10 	ldr	ip, [pc, #2832]	@ 0x42a4
    3790:	e12fff3c 	blx	ip
    3794:	e3500000 	cmp	r0, #0
    3798:	1a000263 	bne	0x412c
    379c:	e5941088 	ldr	r1, [r4, #136]	@ 0x88
    37a0:	e5841038 	str	r1, [r4, #56]	@ 0x38
    37a4:	e594c048 	ldr	ip, [r4, #72]	@ 0x48
    37a8:	e31c0008 	tst	ip, #8
    37ac:	0a000045 	beq	0x38c8
    37b0:	e594e038 	ldr	lr, [r4, #56]	@ 0x38
    37b4:	e594c020 	ldr	ip, [r4, #32]
    37b8:	e04c100e 	sub	r1, ip, lr
    37bc:	e1a02001 	mov	r2, r1
    37c0:	e594c054 	ldr	ip, [r4, #84]	@ 0x54
    37c4:	e15c0002 	cmp	ip, r2
    37c8:	e594e054 	ldr	lr, [r4, #84]	@ 0x54
    37cc:	d1a0e001 	movle	lr, r1
    37d0:	e584e054 	str	lr, [r4, #84]	@ 0x54
    37d4:	ea00003b 	b	0x38c8
    37d8:	e594601c 	ldr	r6, [r4, #28]
    37dc:	e5953030 	ldr	r3, [r5, #48]	@ 0x30
    37e0:	e59fea94 	ldr	lr, [pc, #2708]	@ 0x427c
    37e4:	e7f6e3f0 	udf	#28208	@ 0x6e30
    37e8:	2a00024c 	bcs	0x4120
    37ec:	e083c006 	add	ip, r3, r6
    37f0:	e59c1000 	ldr	r1, [ip]
    37f4:	e59c2004 	ldr	r2, [ip, #4]
    37f8:	e1a0a001 	mov	sl, r1
    37fc:	e1a09002 	mov	r9, r2
    3800:	e3e0c000 	mvn	ip, #0
    3804:	e15c0001 	cmp	ip, r1
    3808:	e3e0c000 	mvn	ip, #0
    380c:	e0dcc002 	sbcs	ip, ip, r2
    3810:	ba000010 	blt	0x3858
    3814:	e27a1000 	rsbs	r1, sl, #0
    3818:	e2e92000 	rsc	r2, r9, #0
    381c:	e1a0a001 	mov	sl, r1
    3820:	e1a09002 	mov	r9, r2
    3824:	e594601c 	ldr	r6, [r4, #28]
    3828:	e5953030 	ldr	r3, [r5, #48]	@ 0x30
    382c:	e59fea48 	ldr	lr, [pc, #2632]	@ 0x427c
    3830:	e7f6e3f0 	udf	#28208	@ 0x6e30
    3834:	2a000239 	bcs	0x4120
    3838:	e083c006 	add	ip, r3, r6
    383c:	e58c1000 	str	r1, [ip]
    3840:	e58c2004 	str	r2, [ip, #4]
    3844:	e3a0e001 	mov	lr, #1
    3848:	e584e044 	str	lr, [r4, #68]	@ 0x44
    384c:	e3a0eb40 	mov	lr, #64, 22	@ 0x10000
    3850:	e584e064 	str	lr, [r4, #100]	@ 0x64
    3854:	ea000010 	b	0x389c
    3858:	e594c048 	ldr	ip, [r4, #72]	@ 0x48
    385c:	e31c0e80 	tst	ip, #128, 28	@ 0x800
    3860:	0a000005 	beq	0x387c
    3864:	e3a0e001 	mov	lr, #1
    3868:	e584e044 	str	lr, [r4, #68]	@ 0x44
    386c:	e3a0eb40 	mov	lr, #64, 22	@ 0x10000
    3870:	e38ee210 	orr	lr, lr, #16, 4
    3874:	e584e064 	str	lr, [r4, #100]	@ 0x64
    3878:	ea000007 	b	0x389c
    387c:	e594c048 	ldr	ip, [r4, #72]	@ 0x48
    3880:	e20c1001 	and	r1, ip, #1
    3884:	e5841044 	str	r1, [r4, #68]	@ 0x44
    3888:	e3510000 	cmp	r1, #0
    388c:	e3a0eb40 	mov	lr, #64, 22	@ 0x10000
    3890:	e38ee220 	orr	lr, lr, #32, 4
    3894:	03a0eb40 	moveq	lr, #64, 22	@ 0x10000
    3898:	e584e064 	str	lr, [r4, #100]	@ 0x64
    389c:	e584a068 	str	sl, [r4, #104]	@ 0x68
    38a0:	e584906c 	str	r9, [r4, #108]	@ 0x6c
    38a4:	e59f09fc 	ldr	r0, [pc, #2556]	@ 0x42a8
    38a8:	e1a01004 	mov	r1, r4
    38ac:	e59d2000 	ldr	r2, [sp]
    38b0:	e59fc9f4 	ldr	ip, [pc, #2548]	@ 0x42ac
    38b4:	e12fff3c 	blx	ip
    38b8:	e3500000 	cmp	r0, #0
    38bc:	1a00021a 	bne	0x412c
    38c0:	e5941088 	ldr	r1, [r4, #136]	@ 0x88
    38c4:	e5841038 	str	r1, [r4, #56]	@ 0x38
    38c8:	e594c054 	ldr	ip, [r4, #84]	@ 0x54
    38cc:	e35c0000 	cmp	ip, #0
    38d0:	e3a01000 	mov	r1, #0
    38d4:	b3a01001 	movlt	r1, #1
    38d8:	e11b0001 	tst	fp, r1
    38dc:	1a0001f4 	bne	0x40b4
    38e0:	e594c048 	ldr	ip, [r4, #72]	@ 0x48
    38e4:	e3cc1b40 	bic	r1, ip, #64, 22	@ 0x10000
    38e8:	e35b0000 	cmp	fp, #0
    38ec:	e594e048 	ldr	lr, [r4, #72]	@ 0x48
    38f0:	11a0e001 	movne	lr, r1
    38f4:	e584e048 	str	lr, [r4, #72]	@ 0x48
    38f8:	e3590000 	cmp	r9, #0
    38fc:	1a000000 	bne	0x3904
    3900:	e35a0000 	cmp	sl, #0
    3904:	1a000009 	bne	0x3930
    3908:	e594c054 	ldr	ip, [r4, #84]	@ 0x54
    390c:	e35c0000 	cmp	ip, #0
    3910:	1a000006 	bne	0x3930
    3914:	e594e028 	ldr	lr, [r4, #40]	@ 0x28
    3918:	e584e038 	str	lr, [r4, #56]	@ 0x38
    391c:	e594e028 	ldr	lr, [r4, #40]	@ 0x28
    3920:	e584e05c 	str	lr, [r4, #92]	@ 0x5c
    3924:	e3a0e000 	mov	lr, #0
    3928:	e584e054 	str	lr, [r4, #84]	@ 0x54
    392c:	ea00017a 	b	0x3f1c
    3930:	e594e038 	ldr	lr, [r4, #56]	@ 0x38
    3934:	e594c028 	ldr	ip, [r4, #40]	@ 0x28
    3938:	e04c100e 	sub	r1, ip, lr
    393c:	e19ac009 	orrs	ip, sl, r9
    3940:	e3a02000 	mov	r2, #0
    3944:	03a02001 	moveq	r2, #1
    3948:	e0811002 	add	r1, r1, r2
    394c:	e1a02001 	mov	r2, r1
    3950:	e594c054 	ldr	ip, [r4, #84]	@ 0x54
    3954:	e15c0002 	cmp	ip, r2
    3958:	e594e054 	ldr	lr, [r4, #84]	@ 0x54
    395c:	d1a0e001 	movle	lr, r1
    3960:	e584e054 	str	lr, [r4, #84]	@ 0x54
    3964:	ea00016a 	b	0x3f14
    3968:	e594301c 	ldr	r3, [r4, #28]
    396c:	e5952030 	ldr	r2, [r5, #48]	@ 0x30
    3970:	e3e0e4fe 	mvn	lr, #-33554432	@ 0xfe000000
    3974:	e3cee8fe 	bic	lr, lr, #16646144	@ 0xfe0000
    3978:	e7f3e3f0 	udf	#15920	@ 0x3e30
    397c:	2a0001e7 	bcs	0x4120
    3980:	e7e123f0 			@ <UNDEFINED> instruction: 0xe7e123f0
    3984:	ea000152 	b	0x3ed4
    3988:	e594601c 	ldr	r6, [r4, #28]
    398c:	e5953030 	ldr	r3, [r5, #48]	@ 0x30
    3990:	e59fe8e0 	ldr	lr, [pc, #2272]	@ 0x4278
    3994:	e7f6e3f0 	udf	#28208	@ 0x6e30
    3998:	2a0001e0 	bcs	0x4120
    399c:	e7e236f4 			@ <UNDEFINED> instruction: 0xe7e236f4
    39a0:	e1a03002 	mov	r3, r2
    39a4:	e3530000 	cmp	r3, #0
    39a8:	e3a0eb40 	mov	lr, #64, 22	@ 0x10000
    39ac:	e38ee1bc 	orr	lr, lr, #188, 2	@ 0x2f
    39b0:	11a0e002 	movne	lr, r2
    39b4:	e584e038 	str	lr, [r4, #56]	@ 0x38
    39b8:	e594c054 	ldr	ip, [r4, #84]	@ 0x54
    39bc:	e37c0360 	cmn	ip, #96, 6	@ 0x80000001
    39c0:	e3e02480 	mvn	r2, #128, 8	@ 0x80000000
    39c4:	e594c054 	ldr	ip, [r4, #84]	@ 0x54
    39c8:	31a0200c 	movcc	r2, ip
    39cc:	e5842090 	str	r2, [r4, #144]	@ 0x90
    39d0:	e59f08d8 	ldr	r0, [pc, #2264]	@ 0x42b0
    39d4:	e1a01004 	mov	r1, r4
    39d8:	e59d2000 	ldr	r2, [sp]
    39dc:	e59fc8d0 	ldr	ip, [pc, #2256]	@ 0x42b4
    39e0:	e12fff3c 	blx	ip
    39e4:	e3500000 	cmp	r0, #0
    39e8:	1a0001cf 	bne	0x412c
    39ec:	e594208c 	ldr	r2, [r4, #140]	@ 0x8c
    39f0:	e1a03002 	mov	r3, r2
    39f4:	e594c038 	ldr	ip, [r4, #56]	@ 0x38
    39f8:	e08ce002 	add	lr, ip, r2
    39fc:	e584e05c 	str	lr, [r4, #92]	@ 0x5c
    3a00:	e594c054 	ldr	ip, [r4, #84]	@ 0x54
    3a04:	e37c0001 	cmn	ip, #1
    3a08:	da000003 	ble	0x3a1c
    3a0c:	e594e060 	ldr	lr, [r4, #96]	@ 0x60
    3a10:	e584e048 	str	lr, [r4, #72]	@ 0x48
    3a14:	e5843054 	str	r3, [r4, #84]	@ 0x54
    3a18:	ea00013f 	b	0x3f1c
    3a1c:	e594e060 	ldr	lr, [r4, #96]	@ 0x60
    3a20:	e584e048 	str	lr, [r4, #72]	@ 0x48
    3a24:	e5843054 	str	r3, [r4, #84]	@ 0x54
    3a28:	e594605c 	ldr	r6, [r4, #92]	@ 0x5c
    3a2c:	e5953030 	ldr	r3, [r5, #48]	@ 0x30
    3a30:	e3e0c4fe 	mvn	ip, #-33554432	@ 0xfe000000
    3a34:	e3ccc8fe 	bic	ip, ip, #16646144	@ 0xfe0000
    3a38:	e156000c 	cmp	r6, ip
    3a3c:	8a0001b7 	bhi	0x4120
    3a40:	e7e236f0 			@ <UNDEFINED> instruction: 0xe7e236f0
    3a44:	e3520000 	cmp	r2, #0
    3a48:	1a000199 	bne	0x40b4
    3a4c:	ea000132 	b	0x3f1c
    3a50:	e594901c 	ldr	r9, [r4, #28]
    3a54:	e5956030 	ldr	r6, [r5, #48]	@ 0x30
    3a58:	e59fe81c 	ldr	lr, [pc, #2076]	@ 0x427c
    3a5c:	e7f9e3f0 	udf	#40496	@ 0x9e30
    3a60:	2a0001ae 	bcs	0x4120
    3a64:	e086c009 	add	ip, r6, r9
    3a68:	e59c2000 	ldr	r2, [ip]
    3a6c:	e59c3004 	ldr	r3, [ip, #4]
    3a70:	e1a06002 	mov	r6, r2
    3a74:	e1a09003 	mov	r9, r3
    3a78:	e192c003 	orrs	ip, r2, r3
    3a7c:	1a000018 	bne	0x3ae4
    3a80:	e3a01000 	mov	r1, #0
    3a84:	ea000112 	b	0x3ed4
    3a88:	e594c054 	ldr	ip, [r4, #84]	@ 0x54
    3a8c:	e35c0000 	cmp	ip, #0
    3a90:	0a000006 	beq	0x3ab0
    3a94:	e594301c 	ldr	r3, [r4, #28]
    3a98:	e5952030 	ldr	r2, [r5, #48]	@ 0x30
    3a9c:	e59fe7d4 	ldr	lr, [pc, #2004]	@ 0x4278
    3aa0:	e7f3e3f0 	udf	#15920	@ 0x3e30
    3aa4:	2a00019d 	bcs	0x4120
    3aa8:	e7ea23f4 			@ <UNDEFINED> instruction: 0xe7ea23f4
    3aac:	ea000025 	b	0x3b48
    3ab0:	e3a07000 	mov	r7, #0
    3ab4:	e3a0e020 	mov	lr, #32
    3ab8:	e584e08c 	str	lr, [r4, #140]	@ 0x8c
    3abc:	e3a0e000 	mov	lr, #0
    3ac0:	e584e070 	str	lr, [r4, #112]	@ 0x70
    3ac4:	e59f07ec 	ldr	r0, [pc, #2028]	@ 0x42b8
    3ac8:	e1a01004 	mov	r1, r4
    3acc:	e59d2000 	ldr	r2, [sp]
    3ad0:	e59fc7e4 	ldr	ip, [pc, #2020]	@ 0x42bc
    3ad4:	e12fff3c 	blx	ip
    3ad8:	e3500000 	cmp	r0, #0
    3adc:	1a000192 	bne	0x412c
    3ae0:	ea00007c 	b	0x3cd8
    3ae4:	e594301c 	ldr	r3, [r4, #28]
    3ae8:	e5952030 	ldr	r2, [r5, #48]	@ 0x30
    3aec:	e59fe784 	ldr	lr, [pc, #1924]	@ 0x4278
    3af0:	e7f3e0fc 	udf	#15884	@ 0x3e0c
    3af4:	2a000189 	bcs	0x4120
    3af8:	e3a00000 	mov	r0, #0
    3afc:	e7d023f4 			@ <UNDEFINED> instruction: 0xe7d023f4
    3b00:	e594201c 	ldr	r2, [r4, #28]
    3b04:	e5950030 	ldr	r0, [r5, #48]	@ 0x30
    3b08:	e59fe768 	ldr	lr, [pc, #1896]	@ 0x4278
    3b0c:	e7f2e0f8 	udf	#11784	@ 0x2e08
    3b10:	2a000182 	bcs	0x4120
    3b14:	e7806002 	str	r6, [r0, r2]
    3b18:	e594c01c 	ldr	ip, [r4, #28]
    3b1c:	e28c0008 	add	r0, ip, #8
    3b20:	e594301c 	ldr	r3, [r4, #28]
    3b24:	e5952030 	ldr	r2, [r5, #48]	@ 0x30
    3b28:	e59fe748 	ldr	lr, [pc, #1864]	@ 0x4278
    3b2c:	e7f3e3f0 	udf	#15920	@ 0x3e30
    3b30:	2a00017a 	bcs	0x4120
    3b34:	e7d023f4 			@ <UNDEFINED> instruction: 0xe7d023f4
    3b38:	e594c01c 	ldr	ip, [r4, #28]
    3b3c:	e28ca008 	add	sl, ip, #8
    3b40:	e3e0e000 	mvn	lr, #0
    3b44:	e584e054 	str	lr, [r4, #84]	@ 0x54
    3b48:	e3a07000 	mov	r7, #0
    3b4c:	e1a0300a 	mov	r3, sl
    3b50:	e5952030 	ldr	r2, [r5, #48]	@ 0x30
    3b54:	e59fc71c 	ldr	ip, [pc, #1820]	@ 0x4278
    3b58:	e153000c 	cmp	r3, ip
    3b5c:	8a00016f 	bhi	0x4120
    3b60:	e7e023f4 			@ <UNDEFINED> instruction: 0xe7e023f4
    3b64:	e1a02000 	mov	r2, r0
    3b68:	e3500000 	cmp	r0, #0
    3b6c:	0a000018 	beq	0x3bd4
    3b70:	e594c01c 	ldr	ip, [r4, #28]
    3b74:	e28c0004 	add	r0, ip, #4
    3b78:	e5840088 	str	r0, [r4, #136]	@ 0x88
    3b7c:	e5842040 	str	r2, [r4, #64]	@ 0x40
    3b80:	e59f0738 	ldr	r0, [pc, #1848]	@ 0x42c0
    3b84:	e1a01004 	mov	r1, r4
    3b88:	e59d2000 	ldr	r2, [sp]
    3b8c:	e59fc730 	ldr	ip, [pc, #1840]	@ 0x42c4
    3b90:	e12fff3c 	blx	ip
    3b94:	e3500000 	cmp	r0, #0
    3b98:	1a000163 	bne	0x412c
    3b9c:	e5940088 	ldr	r0, [r4, #136]	@ 0x88
    3ba0:	e1a02000 	mov	r2, r0
    3ba4:	e3500000 	cmp	r0, #0
    3ba8:	ba000151 	blt	0x40f4
    3bac:	e594c054 	ldr	ip, [r4, #84]	@ 0x54
    3bb0:	e04c0007 	sub	r0, ip, r7
    3bb4:	e1520000 	cmp	r2, r0
    3bb8:	8a000005 	bhi	0x3bd4
    3bbc:	e28aa004 	add	sl, sl, #4
    3bc0:	e0822007 	add	r2, r2, r7
    3bc4:	e1a07002 	mov	r7, r2
    3bc8:	e594c054 	ldr	ip, [r4, #84]	@ 0x54
    3bcc:	e152000c 	cmp	r2, ip
    3bd0:	3affffdd 	bcc	0x3b4c
    3bd4:	e3a0e03d 	mov	lr, #61	@ 0x3d
    3bd8:	e584e05c 	str	lr, [r4, #92]	@ 0x5c
    3bdc:	e3570000 	cmp	r7, #0
    3be0:	ba000135 	blt	0x40bc
    3be4:	e3a0e020 	mov	lr, #32
    3be8:	e584e08c 	str	lr, [r4, #140]	@ 0x8c
    3bec:	e5847034 	str	r7, [r4, #52]	@ 0x34
    3bf0:	e59f06d0 	ldr	r0, [pc, #1744]	@ 0x42c8
    3bf4:	e1a01004 	mov	r1, r4
    3bf8:	e59d2000 	ldr	r2, [sp]
    3bfc:	e59fc6c8 	ldr	ip, [pc, #1736]	@ 0x42cc
    3c00:	e12fff3c 	blx	ip
    3c04:	e3500000 	cmp	r0, #0
    3c08:	1a000147 	bne	0x412c
    3c0c:	e3570000 	cmp	r7, #0
    3c10:	1a000001 	bne	0x3c1c
    3c14:	e3a07000 	mov	r7, #0
    3c18:	ea00002e 	b	0x3cd8
    3c1c:	e3a06000 	mov	r6, #0
    3c20:	e594201c 	ldr	r2, [r4, #28]
    3c24:	e5950030 	ldr	r0, [r5, #48]	@ 0x30
    3c28:	e59fe648 	ldr	lr, [pc, #1608]	@ 0x4278
    3c2c:	e7f2e3f0 	udf	#11824	@ 0x2e30
    3c30:	2a00013a 	bcs	0x4120
    3c34:	e7e902f4 			@ <UNDEFINED> instruction: 0xe7e902f4
    3c38:	e1a03009 	mov	r3, r9
    3c3c:	e5952030 	ldr	r2, [r5, #48]	@ 0x30
    3c40:	e59fc630 	ldr	ip, [pc, #1584]	@ 0x4278
    3c44:	e153000c 	cmp	r3, ip
    3c48:	8a000134 	bhi	0x4120
    3c4c:	e7e023f4 			@ <UNDEFINED> instruction: 0xe7e023f4
    3c50:	e1a02000 	mov	r2, r0
    3c54:	e3500000 	cmp	r0, #0
    3c58:	0a00001e 	beq	0x3cd8
    3c5c:	e594c01c 	ldr	ip, [r4, #28]
    3c60:	e28c0004 	add	r0, ip, #4
    3c64:	e5840088 	str	r0, [r4, #136]	@ 0x88
    3c68:	e5842038 	str	r2, [r4, #56]	@ 0x38
    3c6c:	e59f065c 	ldr	r0, [pc, #1628]	@ 0x42d0
    3c70:	e1a01004 	mov	r1, r4
    3c74:	e59d2000 	ldr	r2, [sp]
    3c78:	e59fc654 	ldr	ip, [pc, #1620]	@ 0x42d4
    3c7c:	e12fff3c 	blx	ip
    3c80:	e3500000 	cmp	r0, #0
    3c84:	1a000128 	bne	0x412c
    3c88:	e5940088 	ldr	r0, [r4, #136]	@ 0x88
    3c8c:	e1a02000 	mov	r2, r0
    3c90:	e0800006 	add	r0, r0, r6
    3c94:	e1a06000 	mov	r6, r0
    3c98:	e1500007 	cmp	r0, r7
    3c9c:	8a00000d 	bhi	0x3cd8
    3ca0:	e594c01c 	ldr	ip, [r4, #28]
    3ca4:	e28c0004 	add	r0, ip, #4
    3ca8:	e584008c 	str	r0, [r4, #140]	@ 0x8c
    3cac:	e5842038 	str	r2, [r4, #56]	@ 0x38
    3cb0:	e59f0620 	ldr	r0, [pc, #1568]	@ 0x42d8
    3cb4:	e1a01004 	mov	r1, r4
    3cb8:	e59d2000 	ldr	r2, [sp]
    3cbc:	e59fc618 	ldr	ip, [pc, #1560]	@ 0x42dc
    3cc0:	e12fff3c 	blx	ip
    3cc4:	e3500000 	cmp	r0, #0
    3cc8:	1a000117 	bne	0x412c
    3ccc:	e2899004 	add	r9, r9, #4
    3cd0:	e1560007 	cmp	r6, r7
    3cd4:	3affffd7 	bcc	0x3c38
    3cd8:	e594c048 	ldr	ip, [r4, #72]	@ 0x48
    3cdc:	e22c0d80 	eor	r0, ip, #128, 26	@ 0x2000
    3ce0:	e3a0e020 	mov	lr, #32
    3ce4:	e584e08c 	str	lr, [r4, #140]	@ 0x8c
    3ce8:	e5847034 	str	r7, [r4, #52]	@ 0x34
    3cec:	e5840098 	str	r0, [r4, #152]	@ 0x98
    3cf0:	e3a00840 	mov	r0, #64, 16	@ 0x400000
    3cf4:	e3800dd2 	orr	r0, r0, #13440	@ 0x3480
    3cf8:	e1a01004 	mov	r1, r4
    3cfc:	e59d2000 	ldr	r2, [sp]
    3d00:	e59fc5d8 	ldr	ip, [pc, #1496]	@ 0x42e0
    3d04:	e12fff3c 	blx	ip
    3d08:	e3500000 	cmp	r0, #0
    3d0c:	1a000106 	bne	0x412c
    3d10:	e594c050 	ldr	ip, [r4, #80]	@ 0x50
    3d14:	e15c0007 	cmp	ip, r7
    3d18:	e594e050 	ldr	lr, [r4, #80]	@ 0x50
    3d1c:	d1a0e007 	movle	lr, r7
    3d20:	e584e034 	str	lr, [r4, #52]	@ 0x34
    3d24:	eafffb4d 	b	0x2a60
    3d28:	e594c054 	ldr	ip, [r4, #84]	@ 0x54
    3d2c:	e35c0000 	cmp	ip, #0
    3d30:	e3a00000 	mov	r0, #0
    3d34:	b3a00001 	movlt	r0, #1
    3d38:	e11b0000 	tst	fp, r0
    3d3c:	1a0000dc 	bne	0x40b4
    3d40:	e3a0e03d 	mov	lr, #61	@ 0x3d
    3d44:	e584e05c 	str	lr, [r4, #92]	@ 0x5c
    3d48:	e594201c 	ldr	r2, [r4, #28]
    3d4c:	e5950030 	ldr	r0, [r5, #48]	@ 0x30
    3d50:	e59fe524 	ldr	lr, [pc, #1316]	@ 0x427c
    3d54:	e7f2e3f0 	udf	#11824	@ 0x2e30
    3d58:	2a0000f0 	bcs	0x4120
    3d5c:	e080c002 	add	ip, r0, r2
    3d60:	e59ce000 	ldr	lr, [ip]
    3d64:	e59cc004 	ldr	ip, [ip, #4]
    3d68:	ec4cea10 	vmov	s0, s1, lr, ip
    3d6c:	ed840b23 	vstr	d0, [r4, #140]	@ 0x8c
    3d70:	e5848034 	str	r8, [r4, #52]	@ 0x34
    3d74:	e59f0568 	ldr	r0, [pc, #1384]	@ 0x42e4
    3d78:	e1a01004 	mov	r1, r4
    3d7c:	e59d2000 	ldr	r2, [sp]
    3d80:	e59fc560 	ldr	ip, [pc, #1376]	@ 0x42e8
    3d84:	e12fff3c 	blx	ip
    3d88:	e3500000 	cmp	r0, #0
    3d8c:	1a0000e6 	bne	0x412c
    3d90:	e5940088 	ldr	r0, [r4, #136]	@ 0x88
    3d94:	e5840034 	str	r0, [r4, #52]	@ 0x34
    3d98:	e3500000 	cmp	r0, #0
    3d9c:	aafffb2f 	bge	0x2a60
    3da0:	ea0000c5 	b	0x40bc
    3da4:	e5942034 	ldr	r2, [r4, #52]	@ 0x34
    3da8:	e5950030 	ldr	r0, [r5, #48]	@ 0x30
    3dac:	e3e0e4fe 	mvn	lr, #-33554432	@ 0xfe000000
    3db0:	e3cee8fe 	bic	lr, lr, #16646144	@ 0xfe0000
    3db4:	e7f2e0f1 	udf	#11777	@ 0x2e01
    3db8:	2a0000d8 	bcs	0x4120
    3dbc:	e7ee02f0 			@ <UNDEFINED> instruction: 0xe7ee02f0
    3dc0:	e584e03c 	str	lr, [r4, #60]	@ 0x3c
    3dc4:	e594c034 	ldr	ip, [r4, #52]	@ 0x34
    3dc8:	e28ce001 	add	lr, ip, #1
    3dcc:	e584e034 	str	lr, [r4, #52]	@ 0x34
    3dd0:	eafffb3a 	b	0x2ac0
    3dd4:	e594c000 	ldr	ip, [r4]
    3dd8:	e35c0000 	cmp	ip, #0
    3ddc:	1a0000c6 	bne	0x40fc
    3de0:	e594c02c 	ldr	ip, [r4, #44]	@ 0x2c
    3de4:	e35c0000 	cmp	ip, #0
    3de8:	0a0000ae 	beq	0x40a8
    3dec:	e3a06001 	mov	r6, #1
    3df0:	e1a00106 	lsl	r0, r6, #2
    3df4:	e594c010 	ldr	ip, [r4, #16]
    3df8:	e08c0000 	add	r0, ip, r0
    3dfc:	e1a03000 	mov	r3, r0
    3e00:	e5952030 	ldr	r2, [r5, #48]	@ 0x30
    3e04:	e59fc46c 	ldr	ip, [pc, #1132]	@ 0x4278
    3e08:	e153000c 	cmp	r3, ip
    3e0c:	8a0000c3 	bhi	0x4120
    3e10:	e7e023f4 			@ <UNDEFINED> instruction: 0xe7e023f4
    3e14:	e1a02000 	mov	r2, r0
    3e18:	e3500000 	cmp	r0, #0
    3e1c:	0a000012 	beq	0x3e6c
    3e20:	e1a00186 	lsl	r0, r6, #3
    3e24:	e594c00c 	ldr	ip, [r4, #12]
    3e28:	e08c0000 	add	r0, ip, r0
    3e2c:	e5840088 	str	r0, [r4, #136]	@ 0x88
    3e30:	e584203c 	str	r2, [r4, #60]	@ 0x3c
    3e34:	e59f04b0 	ldr	r0, [pc, #1200]	@ 0x42ec
    3e38:	e1a01004 	mov	r1, r4
    3e3c:	e59d2000 	ldr	r2, [sp]
    3e40:	e59fc4a8 	ldr	ip, [pc, #1192]	@ 0x42f0
    3e44:	e12fff3c 	blx	ip
    3e48:	e3500000 	cmp	r0, #0
    3e4c:	1a0000b6 	bne	0x412c
    3e50:	e3a0e001 	mov	lr, #1
    3e54:	e584e030 	str	lr, [r4, #48]	@ 0x30
    3e58:	e2860001 	add	r0, r6, #1
    3e5c:	e1a06000 	mov	r6, r0
    3e60:	e350000a 	cmp	r0, #10
    3e64:	1affffe1 	bne	0x3df0
    3e68:	ea0000a3 	b	0x40fc
    3e6c:	e356000a 	cmp	r6, #10
    3e70:	3a000002 	bcc	0x3e80
    3e74:	e3a0e001 	mov	lr, #1
    3e78:	e584e030 	str	lr, [r4, #48]	@ 0x30
    3e7c:	ea00009e 	b	0x40fc
    3e80:	e1a00106 	lsl	r0, r6, #2
    3e84:	e594c010 	ldr	ip, [r4, #16]
    3e88:	e08c0000 	add	r0, ip, r0
    3e8c:	e1a03000 	mov	r3, r0
    3e90:	e5952030 	ldr	r2, [r5, #48]	@ 0x30
    3e94:	e59fc3dc 	ldr	ip, [pc, #988]	@ 0x4278
    3e98:	e153000c 	cmp	r3, ip
    3e9c:	8a00009f 	bhi	0x4120
    3ea0:	e7e023f4 			@ <UNDEFINED> instruction: 0xe7e023f4
    3ea4:	e3500000 	cmp	r0, #0
    3ea8:	1a000006 	bne	0x3ec8
    3eac:	e3a0e001 	mov	lr, #1
    3eb0:	e584e030 	str	lr, [r4, #48]	@ 0x30
    3eb4:	e2860001 	add	r0, r6, #1
    3eb8:	e1a06000 	mov	r6, r0
    3ebc:	e350000a 	cmp	r0, #10
    3ec0:	0a00008d 	beq	0x40fc
    3ec4:	eaffffed 	b	0x3e80
    3ec8:	e3a0e01c 	mov	lr, #28
    3ecc:	e584e05c 	str	lr, [r4, #92]	@ 0x5c
    3ed0:	ea000079 	b	0x40bc
    3ed4:	e594201c 	ldr	r2, [r4, #28]
    3ed8:	e5950030 	ldr	r0, [r5, #48]	@ 0x30
    3edc:	e3e0e4fe 	mvn	lr, #-33554432	@ 0xfe000000
    3ee0:	e3cee8fe 	bic	lr, lr, #16646144	@ 0xfe0000
    3ee4:	e7f2e2f7 	udf	#11815	@ 0x2e27
    3ee8:	2a00008c 	bcs	0x4120
    3eec:	e7d102f0 			@ <UNDEFINED> instruction: 0xe7d102f0
    3ef0:	e3a0e001 	mov	lr, #1
    3ef4:	e584e054 	str	lr, [r4, #84]	@ 0x54
    3ef8:	e594e024 	ldr	lr, [r4, #36]	@ 0x24
    3efc:	e584e038 	str	lr, [r4, #56]	@ 0x38
    3f00:	e594e028 	ldr	lr, [r4, #40]	@ 0x28
    3f04:	e584e05c 	str	lr, [r4, #92]	@ 0x5c
    3f08:	e594e060 	ldr	lr, [r4, #96]	@ 0x60
    3f0c:	e584e048 	str	lr, [r4, #72]	@ 0x48
    3f10:	ea000001 	b	0x3f1c
    3f14:	e594e028 	ldr	lr, [r4, #40]	@ 0x28
    3f18:	e584e05c 	str	lr, [r4, #92]	@ 0x5c
    3f1c:	e594e038 	ldr	lr, [r4, #56]	@ 0x38
    3f20:	e594c05c 	ldr	ip, [r4, #92]	@ 0x5c
    3f24:	e04c000e 	sub	r0, ip, lr
    3f28:	e1a06000 	mov	r6, r0
    3f2c:	e594c054 	ldr	ip, [r4, #84]	@ 0x54
    3f30:	e15c0006 	cmp	ip, r6
    3f34:	e594c054 	ldr	ip, [r4, #84]	@ 0x54
    3f38:	c1a0000c 	movgt	r0, ip
    3f3c:	e1a07000 	mov	r7, r0
    3f40:	e594c044 	ldr	ip, [r4, #68]	@ 0x44
    3f44:	e3e0e480 	mvn	lr, #128, 8	@ 0x80000000
    3f48:	e02c100e 	eor	r1, ip, lr
    3f4c:	e1500001 	cmp	r0, r1
    3f50:	ca000057 	bgt	0x40b4
    3f54:	e3a0e03d 	mov	lr, #61	@ 0x3d
    3f58:	e584e05c 	str	lr, [r4, #92]	@ 0x5c
    3f5c:	e594c044 	ldr	ip, [r4, #68]	@ 0x44
    3f60:	e08c0007 	add	r0, ip, r7
    3f64:	e1a08000 	mov	r8, r0
    3f68:	e594c050 	ldr	ip, [r4, #80]	@ 0x50
    3f6c:	e15c0008 	cmp	ip, r8
    3f70:	e594c050 	ldr	ip, [r4, #80]	@ 0x50
    3f74:	c1a0000c 	movgt	r0, ip
    3f78:	e5840034 	str	r0, [r4, #52]	@ 0x34
    3f7c:	e594c03c 	ldr	ip, [r4, #60]	@ 0x3c
    3f80:	e150000c 	cmp	r0, ip
    3f84:	8a00004c 	bhi	0x40bc
    3f88:	e3a0e020 	mov	lr, #32
    3f8c:	e584e08c 	str	lr, [r4, #140]	@ 0x8c
    3f90:	e5848040 	str	r8, [r4, #64]	@ 0x40
    3f94:	e59f0358 	ldr	r0, [pc, #856]	@ 0x42f4
    3f98:	e1a01004 	mov	r1, r4
    3f9c:	e59d2000 	ldr	r2, [sp]
    3fa0:	e59fc350 	ldr	ip, [pc, #848]	@ 0x42f8
    3fa4:	e12fff3c 	blx	ip
    3fa8:	e3500000 	cmp	r0, #0
    3fac:	1a00005e 	bne	0x412c
    3fb0:	e59f0344 	ldr	r0, [pc, #836]	@ 0x42fc
    3fb4:	e1a01004 	mov	r1, r4
    3fb8:	e59d2000 	ldr	r2, [sp]
    3fbc:	e59fc33c 	ldr	ip, [pc, #828]	@ 0x4300
    3fc0:	e12fff3c 	blx	ip
    3fc4:	e3500000 	cmp	r0, #0
    3fc8:	1a000057 	bne	0x412c
    3fcc:	e594c048 	ldr	ip, [r4, #72]	@ 0x48
    3fd0:	e22c0b40 	eor	r0, ip, #64, 22	@ 0x10000
    3fd4:	e3a0e030 	mov	lr, #48	@ 0x30
    3fd8:	e584e08c 	str	lr, [r4, #140]	@ 0x8c
    3fdc:	e5848040 	str	r8, [r4, #64]	@ 0x40
    3fe0:	e5840098 	str	r0, [r4, #152]	@ 0x98
    3fe4:	e59f0318 	ldr	r0, [pc, #792]	@ 0x4304
    3fe8:	e1a01004 	mov	r1, r4
    3fec:	e59d2000 	ldr	r2, [sp]
    3ff0:	e59fc310 	ldr	ip, [pc, #784]	@ 0x4308
    3ff4:	e12fff3c 	blx	ip
    3ff8:	e3500000 	cmp	r0, #0
    3ffc:	1a00004a 	bne	0x412c
    4000:	e3a0e030 	mov	lr, #48	@ 0x30
    4004:	e584e08c 	str	lr, [r4, #140]	@ 0x8c
    4008:	e584704c 	str	r7, [r4, #76]	@ 0x4c
    400c:	e5846004 	str	r6, [r4, #4]
    4010:	e3a0e000 	mov	lr, #0
    4014:	e584e070 	str	lr, [r4, #112]	@ 0x70
    4018:	e59f02ec 	ldr	r0, [pc, #748]	@ 0x430c
    401c:	e1a01004 	mov	r1, r4
    4020:	e59d2000 	ldr	r2, [sp]
    4024:	e59fc2e4 	ldr	ip, [pc, #740]	@ 0x4310
    4028:	e12fff3c 	blx	ip
    402c:	e3500000 	cmp	r0, #0
    4030:	1a00003d 	bne	0x412c
    4034:	e5846004 	str	r6, [r4, #4]
    4038:	e59f02d4 	ldr	r0, [pc, #724]	@ 0x4314
    403c:	e1a01004 	mov	r1, r4
    4040:	e59d2000 	ldr	r2, [sp]
    4044:	e59fc2cc 	ldr	ip, [pc, #716]	@ 0x4318
    4048:	e12fff3c 	blx	ip
    404c:	e3500000 	cmp	r0, #0
    4050:	1a000035 	bne	0x412c
    4054:	e594c048 	ldr	ip, [r4, #72]	@ 0x48
    4058:	e22c0d80 	eor	r0, ip, #128, 26	@ 0x2000
    405c:	e3a0e020 	mov	lr, #32
    4060:	e584e08c 	str	lr, [r4, #140]	@ 0x8c
    4064:	e5848040 	str	r8, [r4, #64]	@ 0x40
    4068:	e5840098 	str	r0, [r4, #152]	@ 0x98
    406c:	e59f02a8 	ldr	r0, [pc, #680]	@ 0x431c
    4070:	e1a01004 	mov	r1, r4
    4074:	e59d2000 	ldr	r2, [sp]
    4078:	e59fc2a0 	ldr	ip, [pc, #672]	@ 0x4320
    407c:	e12fff3c 	blx	ip
    4080:	e3500000 	cmp	r0, #0
    4084:	1a000028 	bne	0x412c
    4088:	e594101c 	ldr	r1, [r4, #28]
    408c:	e5950030 	ldr	r0, [r5, #48]	@ 0x30
    4090:	e59fe1e0 	ldr	lr, [pc, #480]	@ 0x4278
    4094:	e7f1e3fc 	udf	#7740	@ 0x1e3c
    4098:	2a000020 	bcs	0x4120
    409c:	e7ee01f4 			@ <UNDEFINED> instruction: 0xe7ee01f4
    40a0:	e584e004 	str	lr, [r4, #4]
    40a4:	eafffa6d 	b	0x2a60
    40a8:	e3a0e000 	mov	lr, #0
    40ac:	e584e030 	str	lr, [r4, #48]	@ 0x30
    40b0:	ea000011 	b	0x40fc
    40b4:	e3a0e03d 	mov	lr, #61	@ 0x3d
    40b8:	e584e05c 	str	lr, [r4, #92]	@ 0x5c
    40bc:	e59f0260 	ldr	r0, [pc, #608]	@ 0x4324
    40c0:	e1a01004 	mov	r1, r4
    40c4:	e59d2000 	ldr	r2, [sp]
    40c8:	e59fc258 	ldr	ip, [pc, #600]	@ 0x4328
    40cc:	e12fff3c 	blx	ip
    40d0:	e3500000 	cmp	r0, #0
    40d4:	1a000014 	bne	0x412c
    40d8:	e5940088 	ldr	r0, [r4, #136]	@ 0x88
    40dc:	e5951030 	ldr	r1, [r5, #48]	@ 0x30
    40e0:	e594205c 	ldr	r2, [r4, #92]	@ 0x5c
    40e4:	e59fc18c 	ldr	ip, [pc, #396]	@ 0x4278
    40e8:	e150000c 	cmp	r0, ip
    40ec:	8a00000b 	bhi	0x4120
    40f0:	e7d210f4 			@ <UNDEFINED> instruction: 0xe7d210f4
    40f4:	e3e0e000 	mvn	lr, #0
    40f8:	e584e030 	str	lr, [r4, #48]	@ 0x30
    40fc:	e594c01c 	ldr	ip, [r4, #28]
    4100:	e28c0040 	add	r0, ip, #64	@ 0x40
    4104:	e595103c 	ldr	r1, [r5, #60]	@ 0x3c
    4108:	e5810008 	str	r0, [r1, #8]
    410c:	e59f0218 	ldr	r0, [pc, #536]	@ 0x432c
    4110:	e30ccabc 	movw	ip, #51900	@ 0xcabc
    4114:	e34ccdef 	movt	ip, #52719	@ 0xcdef
    4118:	e28dd004 	add	sp, sp, #4
    411c:	e8bd8fc0 	pop	{r6, r7, r8, r9, sl, fp, pc}
    4120:	e3a00008 	mov	r0, #8
    4124:	e59d1000 	ldr	r1, [sp]
    4128:	e5810010 	str	r0, [r1, #16]
    412c:	e59d0000 	ldr	r0, [sp]
    4130:	e59d101c 	ldr	r1, [sp, #28]
    4134:	e59fc1f4 	ldr	ip, [pc, #500]	@ 0x4330
    4138:	e12fff3c 	blx	ip
    413c:	e28dd004 	add	sp, sp, #4
    4140:	e8bd0fc0 	pop	{r6, r7, r8, r9, sl, fp}
    4144:	e28dd004 	add	sp, sp, #4
    4148:	e12fff10 	bx	r0
    414c:	e92d40c0 	push	{r6, r7, lr}
    4150:	e24dd004 	sub	sp, sp, #4
    4154:	e58d0000 	str	r0, [sp]
    4158:	e30cc123 	movw	ip, #49443	@ 0xc123
    415c:	e34cc456 	movt	ip, #50262	@ 0xc456
    4160:	e5940000 	ldr	r0, [r4]
    4164:	e5941004 	ldr	r1, [r4, #4]
    4168:	e5942008 	ldr	r2, [r4, #8]
    416c:	e1a07000 	mov	r7, r0
    4170:	e5956030 	ldr	r6, [r5, #48]	@ 0x30
    4174:	e3e0c4fe 	mvn	ip, #-33554432	@ 0xfe000000
    4178:	e3ccc8fe 	bic	ip, ip, #16646144	@ 0xfe0000
    417c:	e157000c 	cmp	r7, ip
    4180:	8a000011 	bhi	0x41cc
    4184:	e7e367f0 			@ <UNDEFINED> instruction: 0xe7e367f0
    4188:	e3130020 	tst	r3, #32
    418c:	1a000009 	bne	0x41b8
    4190:	e5841004 	str	r1, [r4, #4]
    4194:	e5842008 	str	r2, [r4, #8]
    4198:	e5840000 	str	r0, [r4]
    419c:	e59f0190 	ldr	r0, [pc, #400]	@ 0x4334
    41a0:	e1a01004 	mov	r1, r4
    41a4:	e59d2000 	ldr	r2, [sp]
    41a8:	e59fc188 	ldr	ip, [pc, #392]	@ 0x4338
    41ac:	e12fff3c 	blx	ip
    41b0:	e3500000 	cmp	r0, #0
    41b4:	1a000007 	bne	0x41d8
    41b8:	e59f017c 	ldr	r0, [pc, #380]	@ 0x433c
    41bc:	e30ccabc 	movw	ip, #51900	@ 0xcabc
    41c0:	e34ccdef 	movt	ip, #52719	@ 0xcdef
    41c4:	e28dd004 	add	sp, sp, #4
    41c8:	e8bd80c0 	pop	{r6, r7, pc}
    41cc:	e3a00008 	mov	r0, #8
    41d0:	e59d1000 	ldr	r1, [sp]
    41d4:	e5810010 	str	r0, [r1, #16]
    41d8:	e59d0000 	ldr	r0, [sp]
    41dc:	e59d100c 	ldr	r1, [sp, #12]
    41e0:	e59fc158 	ldr	ip, [pc, #344]	@ 0x4340
    41e4:	e12fff3c 	blx	ip
    41e8:	e28dd004 	add	sp, sp, #4
    41ec:	e8bd00c0 	pop	{r6, r7}
    41f0:	e28dd004 	add	sp, sp, #4
    41f4:	e12fff10 	bx	r0
    41f8:	e92d47c0 	push	{r6, r7, r8, r9, sl, lr}
    41fc:	e24dd008 	sub	sp, sp, #8
    4200:	e58d0000 	str	r0, [sp]
    4204:	e30cc123 	movw	ip, #49443	@ 0xc123
    4208:	e34cc456 	movt	ip, #50262	@ 0xc456
    420c:	e5940000 	ldr	r0, [r4]
    4210:	e3a01000 	mov	r1, #0
    4214:	e1a06000 	mov	r6, r0
    4218:	e5953030 	ldr	r3, [r5, #48]	@ 0x30
    421c:	e59fc054 	ldr	ip, [pc, #84]	@ 0x4278
    4220:	e156000c 	cmp	r6, ip
    4224:	8a000071 	bhi	0x43f0
    4228:	e7e236f4 			@ <UNDEFINED> instruction: 0xe7e236f4
    422c:	e1a03002 	mov	r3, r2
    4230:	e1a07002 	mov	r7, r2
    4234:	e5956030 	ldr	r6, [r5, #48]	@ 0x30
    4238:	e3e0c4fe 	mvn	ip, #-33554432	@ 0xfe000000
    423c:	e3ccc8fe 	bic	ip, ip, #16646144	@ 0xfe0000
    4240:	e157000c 	cmp	r7, ip
    4244:	8a000069 	bhi	0x43f0
    4248:	e7e267f1 			@ <UNDEFINED> instruction: 0xe7e267f1
    424c:	e2422030 	sub	r2, r2, #48	@ 0x30
    4250:	e1a06002 	mov	r6, r2
    4254:	e3520009 	cmp	r2, #9
    4258:	9a00003b 	bls	0x434c
    425c:	e3a0e000 	mov	lr, #0
    4260:	e584e018 	str	lr, [r4, #24]
    4264:	e3a009ff 	mov	r0, #4177920	@ 0x3fc000
    4268:	ea000035 	b	0x4344
	...
    4278:	0101fffc 	strdeq	pc, [r1, -ip]
    427c:	0101fff8 	strdeq	pc, [r1, -r8]
    4280:	00402884 	subeq	r2, r0, r4, lsl #17
    4284:	0004890c 	andeq	r8, r4, ip, lsl #18
    4288:	4085a91c 	addmi	sl, r5, ip, lsl r9
    428c:	4085a9a4 	addmi	sl, r5, r4, lsr #19
    4290:	4085a9c4 	addmi	sl, r5, r4, asr #19
    4294:	0101fffe 	strdeq	pc, [r1, -lr]
    4298:	00402cf8 	strdeq	r2, [r0], #-200	@ 0xffffff38
    429c:	0004890c 	andeq	r8, r4, ip, lsl #18
    42a0:	00402dbc 	strheq	r2, [r0], #-220	@ 0xffffff24
    42a4:	0004890c 	andeq	r8, r4, ip, lsl #18
    42a8:	00402f4c 	subeq	r2, r0, ip, asr #30
    42ac:	0004890c 	andeq	r8, r4, ip, lsl #18
    42b0:	004030b4 	strheq	r3, [r0], #-4
    42b4:	0004890c 	andeq	r8, r4, ip, lsl #18
    42b8:	004031b4 	strheq	r3, [r0], #-20	@ 0xffffffec
    42bc:	0004890c 	andeq	r8, r4, ip, lsl #18
    42c0:	00403270 	subeq	r3, r0, r0, ror r2
    42c4:	0004890c 	andeq	r8, r4, ip, lsl #18
    42c8:	0040333c 	subeq	r3, r0, ip, lsr r3
    42cc:	0004890c 	andeq	r8, r4, ip, lsl #18
    42d0:	004033b8 	strheq	r3, [r0], #-56	@ 0xffffffc8
    42d4:	0004890c 	andeq	r8, r4, ip, lsl #18
    42d8:	00403418 	subeq	r3, r0, r8, lsl r4
    42dc:	0004890c 	andeq	r8, r4, ip, lsl #18
    42e0:	0004890c 	andeq	r8, r4, ip, lsl #18
    42e4:	004034f8 	strdeq	r3, [r0], #-72	@ 0xffffffb8
    42e8:	00048c48 	andeq	r8, r4, r8, asr #24
    42ec:	004035f8 	strdeq	r3, [r0], #-88	@ 0xffffffa8
    42f0:	0004890c 	andeq	r8, r4, ip, lsl #18
    42f4:	00403844 	subeq	r3, r0, r4, asr #16
    42f8:	0004890c 	andeq	r8, r4, ip, lsl #18
    42fc:	0040385c 	subeq	r3, r0, ip, asr r8
    4300:	0004890c 	andeq	r8, r4, ip, lsl #18
    4304:	00403894 	umaaleq	r3, r0, r4, r8
    4308:	0004890c 	andeq	r8, r4, ip, lsl #18
    430c:	004038b8 	strheq	r3, [r0], #-136	@ 0xffffff78
    4310:	0004890c 	andeq	r8, r4, ip, lsl #18
    4314:	004038d0 	ldrdeq	r3, [r0], #-128	@ 0xffffff80
    4318:	0004890c 	andeq	r8, r4, ip, lsl #18
    431c:	00403908 	subeq	r3, r0, r8, lsl #18
    4320:	0004890c 	andeq	r8, r4, ip, lsl #18
    4324:	00403950 	subeq	r3, r0, r0, asr r9
    4328:	0004890c 	andeq	r8, r4, ip, lsl #18
    432c:	00403994 	umaaleq	r3, r0, r4, r9
    4330:	00048004 	andeq	r8, r4, r4
    4334:	003feb30 	eorseq	lr, pc, r0, lsr fp	@ <UNPREDICTABLE>
    4338:	0004890c 	andeq	r8, r4, ip, lsl #18
    433c:	003feb4c 	eorseq	lr, pc, ip, asr #22
    4340:	00048004 	andeq	r8, r4, r4
    4344:	e3800e40 	orr	r0, r0, #64, 28	@ 0x400
    4348:	ea000026 	b	0x43e8
    434c:	e3e02000 	mvn	r2, #0
    4350:	e59fcfe0 	ldr	ip, [pc, #4064]	@ 0x5338
    4354:	e151000c 	cmp	r1, ip
    4358:	8a000008 	bhi	0x4380
    435c:	e3a0c00a 	mov	ip, #10
    4360:	e0070c91 	mul	r7, r1, ip
    4364:	e1a08007 	mov	r8, r7
    4368:	e0867007 	add	r7, r6, r7
    436c:	e3e0c480 	mvn	ip, #128, 8	@ 0x80000000
    4370:	e028800c 	eor	r8, r8, ip
    4374:	e1560008 	cmp	r6, r8
    4378:	e3e02000 	mvn	r2, #0
    437c:	91a02007 	movls	r2, r7
    4380:	e2837001 	add	r7, r3, #1
    4384:	e1a08007 	mov	r8, r7
    4388:	e1a0a000 	mov	sl, r0
    438c:	e5959030 	ldr	r9, [r5, #48]	@ 0x30
    4390:	e59fcfa4 	ldr	ip, [pc, #4004]	@ 0x533c
    4394:	e15a000c 	cmp	sl, ip
    4398:	8a000014 	bhi	0x43f0
    439c:	e7d79af4 			@ <UNDEFINED> instruction: 0xe7d79af4
    43a0:	e1a0a003 	mov	sl, r3
    43a4:	e5959030 	ldr	r9, [r5, #48]	@ 0x30
    43a8:	e3e0e4fe 	mvn	lr, #-33554432	@ 0xfe000000
    43ac:	e3cee8fe 	bic	lr, lr, #16646144	@ 0xfe0000
    43b0:	e7fae0f1 	udf	#44545	@ 0xae01
    43b4:	2a00000d 	bcs	0x43f0
    43b8:	e7e79af1 			@ <UNDEFINED> instruction: 0xe7e79af1
    43bc:	e1a01002 	mov	r1, r2
    43c0:	e1a03008 	mov	r3, r8
    43c4:	e2477030 	sub	r7, r7, #48	@ 0x30
    43c8:	e1a06007 	mov	r6, r7
    43cc:	e357000a 	cmp	r7, #10
    43d0:	3affffdd 	bcc	0x434c
    43d4:	e5842010 	str	r2, [r4, #16]
    43d8:	e3a009ff 	mov	r0, #4177920	@ 0x3fc000
    43dc:	e3800e4f 	orr	r0, r0, #1264	@ 0x4f0
    43e0:	e30ccabc 	movw	ip, #51900	@ 0xcabc
    43e4:	e34ccdef 	movt	ip, #52719	@ 0xcdef
    43e8:	e28dd008 	add	sp, sp, #8
    43ec:	e8bd87c0 	pop	{r6, r7, r8, r9, sl, pc}
    43f0:	e3a00008 	mov	r0, #8
    43f4:	e59d1000 	ldr	r1, [sp]
    43f8:	e5810010 	str	r0, [r1, #16]
    43fc:	e59d0000 	ldr	r0, [sp]
    4400:	e59d101c 	ldr	r1, [sp, #28]
    4404:	e59fcf34 	ldr	ip, [pc, #3892]	@ 0x5340
    4408:	e12fff3c 	blx	ip
    440c:	e28dd008 	add	sp, sp, #8
    4410:	e8bd07c0 	pop	{r6, r7, r8, r9, sl}
    4414:	e28dd004 	add	sp, sp, #4
    4418:	e12fff10 	bx	r0
    441c:	e92d41c0 	push	{r6, r7, r8, lr}
    4420:	e24dd008 	sub	sp, sp, #8
    4424:	e58d0000 	str	r0, [sp]
    4428:	e30cc123 	movw	ip, #49443	@ 0xc123
    442c:	e34cc456 	movt	ip, #50262	@ 0xc456
    4430:	e5940000 	ldr	r0, [r4]
    4434:	e5941004 	ldr	r1, [r4, #4]
    4438:	e5942008 	ldr	r2, [r4, #8]
    443c:	e594300c 	ldr	r3, [r4, #12]
    4440:	e2411009 	sub	r1, r1, #9
    4444:	e1a0e001 	mov	lr, r1
    4448:	e35e0012 	cmp	lr, #18
    444c:	23a0e012 	movcs	lr, #18
    4450:	e1a0e10e 	lsl	lr, lr, #2
    4454:	e59fcee8 	ldr	ip, [pc, #3816]	@ 0x5344
    4458:	e08ee00c 	add	lr, lr, ip
    445c:	e59ec000 	ldr	ip, [lr]
    4460:	e12fff1c 	bx	ip
    4464:	e1a07002 	mov	r7, r2
    4468:	e5956030 	ldr	r6, [r5, #48]	@ 0x30
    446c:	e59fcec8 	ldr	ip, [pc, #3784]	@ 0x533c
    4470:	e157000c 	cmp	r7, ip
    4474:	8a000217 	bhi	0x4cd8
    4478:	e7e167f4 			@ <UNDEFINED> instruction: 0xe7e167f4
    447c:	e1a06001 	mov	r6, r1
    4480:	e2811004 	add	r1, r1, #4
    4484:	e1a08002 	mov	r8, r2
    4488:	e5957030 	ldr	r7, [r5, #48]	@ 0x30
    448c:	e59fcea8 	ldr	ip, [pc, #3752]	@ 0x533c
    4490:	e158000c 	cmp	r8, ip
    4494:	8a00020f 	bhi	0x4cd8
    4498:	e7d178f4 			@ <UNDEFINED> instruction: 0xe7d178f4
    449c:	e1a07006 	mov	r7, r6
    44a0:	e5951030 	ldr	r1, [r5, #48]	@ 0x30
    44a4:	e59fce90 	ldr	ip, [pc, #3728]	@ 0x533c
    44a8:	e157000c 	cmp	r7, ip
    44ac:	8a000209 	bhi	0x4cd8
    44b0:	e7e617f4 			@ <UNDEFINED> instruction: 0xe7e617f4
    44b4:	e1a07000 	mov	r7, r0
    44b8:	e5951030 	ldr	r1, [r5, #48]	@ 0x30
    44bc:	e59fce78 	ldr	ip, [pc, #3704]	@ 0x533c
    44c0:	e157000c 	cmp	r7, ip
    44c4:	8a000203 	bhi	0x4cd8
    44c8:	e7d617f4 			@ <UNDEFINED> instruction: 0xe7d617f4
    44cc:	e59f0e74 	ldr	r0, [pc, #3700]	@ 0x5348
    44d0:	ea0001fe 	b	0x4cd0
    44d4:	e1a07002 	mov	r7, r2
    44d8:	e5956030 	ldr	r6, [r5, #48]	@ 0x30
    44dc:	e59fce58 	ldr	ip, [pc, #3672]	@ 0x533c
    44e0:	e157000c 	cmp	r7, ip
    44e4:	8a0001fb 	bhi	0x4cd8
    44e8:	e7e167f4 			@ <UNDEFINED> instruction: 0xe7e167f4
    44ec:	e1a06001 	mov	r6, r1
    44f0:	e2811004 	add	r1, r1, #4
    44f4:	e1a08002 	mov	r8, r2
    44f8:	e5957030 	ldr	r7, [r5, #48]	@ 0x30
    44fc:	e59fce38 	ldr	ip, [pc, #3640]	@ 0x533c
    4500:	e158000c 	cmp	r8, ip
    4504:	8a0001f3 	bhi	0x4cd8
    4508:	e7d178f4 			@ <UNDEFINED> instruction: 0xe7d178f4
    450c:	e5958030 	ldr	r8, [r5, #48]	@ 0x30
    4510:	e59fce24 	ldr	ip, [pc, #3620]	@ 0x533c
    4514:	e156000c 	cmp	r6, ip
    4518:	8a0001ee 	bhi	0x4cd8
    451c:	e7981006 	ldr	r1, [r8, r6]
    4520:	e1a07fc1 	asr	r7, r1, #31
    4524:	e1a08000 	mov	r8, r0
    4528:	e5956030 	ldr	r6, [r5, #48]	@ 0x30
    452c:	e59fce18 	ldr	ip, [pc, #3608]	@ 0x534c
    4530:	e158000c 	cmp	r8, ip
    4534:	8a0001e7 	bhi	0x4cd8
    4538:	e086c008 	add	ip, r6, r8
    453c:	e58c1000 	str	r1, [ip]
    4540:	e58c7004 	str	r7, [ip, #4]
    4544:	e59f0e04 	ldr	r0, [pc, #3588]	@ 0x5350
    4548:	ea0001e0 	b	0x4cd0
    454c:	e1a07002 	mov	r7, r2
    4550:	e5956030 	ldr	r6, [r5, #48]	@ 0x30
    4554:	e59fcde0 	ldr	ip, [pc, #3552]	@ 0x533c
    4558:	e157000c 	cmp	r7, ip
    455c:	8a0001dd 	bhi	0x4cd8
    4560:	e7e167f4 			@ <UNDEFINED> instruction: 0xe7e167f4
    4564:	e1a06001 	mov	r6, r1
    4568:	e2811004 	add	r1, r1, #4
    456c:	e1a08002 	mov	r8, r2
    4570:	e5957030 	ldr	r7, [r5, #48]	@ 0x30
    4574:	e59fcdc0 	ldr	ip, [pc, #3520]	@ 0x533c
    4578:	e158000c 	cmp	r8, ip
    457c:	8a0001d5 	bhi	0x4cd8
    4580:	e7d178f4 			@ <UNDEFINED> instruction: 0xe7d178f4
    4584:	e5958030 	ldr	r8, [r5, #48]	@ 0x30
    4588:	e59fcdac 	ldr	ip, [pc, #3500]	@ 0x533c
    458c:	e156000c 	cmp	r6, ip
    4590:	8a0001d0 	bhi	0x4cd8
    4594:	e7981006 	ldr	r1, [r8, r6]
    4598:	e3a07000 	mov	r7, #0
    459c:	e1a08000 	mov	r8, r0
    45a0:	e5956030 	ldr	r6, [r5, #48]	@ 0x30
    45a4:	e59fcda0 	ldr	ip, [pc, #3488]	@ 0x534c
    45a8:	e158000c 	cmp	r8, ip
    45ac:	8a0001c9 	bhi	0x4cd8
    45b0:	e086c008 	add	ip, r6, r8
    45b4:	e58c1000 	str	r1, [ip]
    45b8:	e58c7004 	str	r7, [ip, #4]
    45bc:	e59f0d90 	ldr	r0, [pc, #3472]	@ 0x5354
    45c0:	ea0001c2 	b	0x4cd0
    45c4:	e1a07002 	mov	r7, r2
    45c8:	e5956030 	ldr	r6, [r5, #48]	@ 0x30
    45cc:	e59fcd68 	ldr	ip, [pc, #3432]	@ 0x533c
    45d0:	e157000c 	cmp	r7, ip
    45d4:	8a0001bf 	bhi	0x4cd8
    45d8:	e7e167f4 			@ <UNDEFINED> instruction: 0xe7e167f4
    45dc:	e1a06001 	mov	r6, r1
    45e0:	e2811004 	add	r1, r1, #4
    45e4:	e1a08002 	mov	r8, r2
    45e8:	e5957030 	ldr	r7, [r5, #48]	@ 0x30
    45ec:	e59fcd48 	ldr	ip, [pc, #3400]	@ 0x533c
    45f0:	e158000c 	cmp	r8, ip
    45f4:	8a0001b7 	bhi	0x4cd8
    45f8:	e7d178f4 			@ <UNDEFINED> instruction: 0xe7d178f4
    45fc:	e5958030 	ldr	r8, [r5, #48]	@ 0x30
    4600:	e59fcd34 	ldr	ip, [pc, #3380]	@ 0x533c
    4604:	e156000c 	cmp	r6, ip
    4608:	8a0001b2 	bhi	0x4cd8
    460c:	e7981006 	ldr	r1, [r8, r6]
    4610:	e1a07fc1 	asr	r7, r1, #31
    4614:	e1a08000 	mov	r8, r0
    4618:	e5956030 	ldr	r6, [r5, #48]	@ 0x30
    461c:	e59fcd28 	ldr	ip, [pc, #3368]	@ 0x534c
    4620:	e158000c 	cmp	r8, ip
    4624:	8a0001ab 	bhi	0x4cd8
    4628:	e086c008 	add	ip, r6, r8
    462c:	e58c1000 	str	r1, [ip]
    4630:	e58c7004 	str	r7, [ip, #4]
    4634:	e59f0d1c 	ldr	r0, [pc, #3356]	@ 0x5358
    4638:	ea0001a4 	b	0x4cd0
    463c:	e1a07002 	mov	r7, r2
    4640:	e5956030 	ldr	r6, [r5, #48]	@ 0x30
    4644:	e59fccf0 	ldr	ip, [pc, #3312]	@ 0x533c
    4648:	e157000c 	cmp	r7, ip
    464c:	8a0001a1 	bhi	0x4cd8
    4650:	e7e167f4 			@ <UNDEFINED> instruction: 0xe7e167f4
    4654:	e1a06001 	mov	r6, r1
    4658:	e2811004 	add	r1, r1, #4
    465c:	e1a08002 	mov	r8, r2
    4660:	e5957030 	ldr	r7, [r5, #48]	@ 0x30
    4664:	e59fccd0 	ldr	ip, [pc, #3280]	@ 0x533c
    4668:	e158000c 	cmp	r8, ip
    466c:	8a000199 	bhi	0x4cd8
    4670:	e7d178f4 			@ <UNDEFINED> instruction: 0xe7d178f4
    4674:	e5958030 	ldr	r8, [r5, #48]	@ 0x30
    4678:	e59fccbc 	ldr	ip, [pc, #3260]	@ 0x533c
    467c:	e156000c 	cmp	r6, ip
    4680:	8a000194 	bhi	0x4cd8
    4684:	e7981006 	ldr	r1, [r8, r6]
    4688:	e3a07000 	mov	r7, #0
    468c:	e1a08000 	mov	r8, r0
    4690:	e5956030 	ldr	r6, [r5, #48]	@ 0x30
    4694:	e59fccb0 	ldr	ip, [pc, #3248]	@ 0x534c
    4698:	e158000c 	cmp	r8, ip
    469c:	8a00018d 	bhi	0x4cd8
    46a0:	e086c008 	add	ip, r6, r8
    46a4:	e58c1000 	str	r1, [ip]
    46a8:	e58c7004 	str	r7, [ip, #4]
    46ac:	e59f0ca8 	ldr	r0, [pc, #3240]	@ 0x535c
    46b0:	ea000186 	b	0x4cd0
    46b4:	e1a07002 	mov	r7, r2
    46b8:	e5956030 	ldr	r6, [r5, #48]	@ 0x30
    46bc:	e59fcc78 	ldr	ip, [pc, #3192]	@ 0x533c
    46c0:	e157000c 	cmp	r7, ip
    46c4:	8a000183 	bhi	0x4cd8
    46c8:	e7e167f4 			@ <UNDEFINED> instruction: 0xe7e167f4
    46cc:	e2811007 	add	r1, r1, #7
    46d0:	e3c11007 	bic	r1, r1, #7
    46d4:	e1a06001 	mov	r6, r1
    46d8:	e2811008 	add	r1, r1, #8
    46dc:	e1a08002 	mov	r8, r2
    46e0:	e5957030 	ldr	r7, [r5, #48]	@ 0x30
    46e4:	e59fcc50 	ldr	ip, [pc, #3152]	@ 0x533c
    46e8:	e158000c 	cmp	r8, ip
    46ec:	8a000179 	bhi	0x4cd8
    46f0:	e7d178f4 			@ <UNDEFINED> instruction: 0xe7d178f4
    46f4:	e5958030 	ldr	r8, [r5, #48]	@ 0x30
    46f8:	e59fcc4c 	ldr	ip, [pc, #3148]	@ 0x534c
    46fc:	e156000c 	cmp	r6, ip
    4700:	8a000174 	bhi	0x4cd8
    4704:	e088c006 	add	ip, r8, r6
    4708:	e59c1000 	ldr	r1, [ip]
    470c:	e59c7004 	ldr	r7, [ip, #4]
    4710:	e1a08000 	mov	r8, r0
    4714:	e5956030 	ldr	r6, [r5, #48]	@ 0x30
    4718:	e59fcc2c 	ldr	ip, [pc, #3116]	@ 0x534c
    471c:	e158000c 	cmp	r8, ip
    4720:	8a00016c 	bhi	0x4cd8
    4724:	e086c008 	add	ip, r6, r8
    4728:	e58c1000 	str	r1, [ip]
    472c:	e58c7004 	str	r7, [ip, #4]
    4730:	e59f0c28 	ldr	r0, [pc, #3112]	@ 0x5360
    4734:	ea000165 	b	0x4cd0
    4738:	e1a07002 	mov	r7, r2
    473c:	e5956030 	ldr	r6, [r5, #48]	@ 0x30
    4740:	e59fcbf4 	ldr	ip, [pc, #3060]	@ 0x533c
    4744:	e157000c 	cmp	r7, ip
    4748:	8a000162 	bhi	0x4cd8
    474c:	e7e167f4 			@ <UNDEFINED> instruction: 0xe7e167f4
    4750:	e1a06001 	mov	r6, r1
    4754:	e2811004 	add	r1, r1, #4
    4758:	e1a08002 	mov	r8, r2
    475c:	e5957030 	ldr	r7, [r5, #48]	@ 0x30
    4760:	e59fcbd4 	ldr	ip, [pc, #3028]	@ 0x533c
    4764:	e158000c 	cmp	r8, ip
    4768:	8a00015a 	bhi	0x4cd8
    476c:	e7d178f4 			@ <UNDEFINED> instruction: 0xe7d178f4
    4770:	e5958030 	ldr	r8, [r5, #48]	@ 0x30
    4774:	e59fcbe8 	ldr	ip, [pc, #3048]	@ 0x5364
    4778:	e156000c 	cmp	r6, ip
    477c:	8a000155 	bhi	0x4cd8
    4780:	e19810f6 	ldrsh	r1, [r8, r6]
    4784:	e1a07fc1 	asr	r7, r1, #31
    4788:	e1a08000 	mov	r8, r0
    478c:	e5956030 	ldr	r6, [r5, #48]	@ 0x30
    4790:	e59fcbb4 	ldr	ip, [pc, #2996]	@ 0x534c
    4794:	e158000c 	cmp	r8, ip
    4798:	8a00014e 	bhi	0x4cd8
    479c:	e086c008 	add	ip, r6, r8
    47a0:	e58c1000 	str	r1, [ip]
    47a4:	e58c7004 	str	r7, [ip, #4]
    47a8:	e59f0bb8 	ldr	r0, [pc, #3000]	@ 0x5368
    47ac:	ea000147 	b	0x4cd0
    47b0:	e1a07002 	mov	r7, r2
    47b4:	e5956030 	ldr	r6, [r5, #48]	@ 0x30
    47b8:	e59fcb7c 	ldr	ip, [pc, #2940]	@ 0x533c
    47bc:	e157000c 	cmp	r7, ip
    47c0:	8a000144 	bhi	0x4cd8
    47c4:	e7e167f4 			@ <UNDEFINED> instruction: 0xe7e167f4
    47c8:	e1a06001 	mov	r6, r1
    47cc:	e2811004 	add	r1, r1, #4
    47d0:	e1a08002 	mov	r8, r2
    47d4:	e5957030 	ldr	r7, [r5, #48]	@ 0x30
    47d8:	e59fcb5c 	ldr	ip, [pc, #2908]	@ 0x533c
    47dc:	e158000c 	cmp	r8, ip
    47e0:	8a00013c 	bhi	0x4cd8
    47e4:	e7d178f4 			@ <UNDEFINED> instruction: 0xe7d178f4
    47e8:	e5958030 	ldr	r8, [r5, #48]	@ 0x30
    47ec:	e59fcb70 	ldr	ip, [pc, #2928]	@ 0x5364
    47f0:	e156000c 	cmp	r6, ip
    47f4:	8a000137 	bhi	0x4cd8
    47f8:	e19810b6 	ldrh	r1, [r8, r6]
    47fc:	e3a07000 	mov	r7, #0
    4800:	e1a08000 	mov	r8, r0
    4804:	e5956030 	ldr	r6, [r5, #48]	@ 0x30
    4808:	e59fcb3c 	ldr	ip, [pc, #2876]	@ 0x534c
    480c:	e158000c 	cmp	r8, ip
    4810:	8a000130 	bhi	0x4cd8
    4814:	e086c008 	add	ip, r6, r8
    4818:	e58c1000 	str	r1, [ip]
    481c:	e58c7004 	str	r7, [ip, #4]
    4820:	e59f0b44 	ldr	r0, [pc, #2884]	@ 0x536c
    4824:	ea000129 	b	0x4cd0
    4828:	e1a07002 	mov	r7, r2
    482c:	e5956030 	ldr	r6, [r5, #48]	@ 0x30
    4830:	e59fcb04 	ldr	ip, [pc, #2820]	@ 0x533c
    4834:	e157000c 	cmp	r7, ip
    4838:	8a000126 	bhi	0x4cd8
    483c:	e7e167f4 			@ <UNDEFINED> instruction: 0xe7e167f4
    4840:	e1a06001 	mov	r6, r1
    4844:	e2811004 	add	r1, r1, #4
    4848:	e1a08002 	mov	r8, r2
    484c:	e5957030 	ldr	r7, [r5, #48]	@ 0x30
    4850:	e59fcae4 	ldr	ip, [pc, #2788]	@ 0x533c
    4854:	e158000c 	cmp	r8, ip
    4858:	8a00011e 	bhi	0x4cd8
    485c:	e7d178f4 			@ <UNDEFINED> instruction: 0xe7d178f4
    4860:	e5958030 	ldr	r8, [r5, #48]	@ 0x30
    4864:	e3e0c4fe 	mvn	ip, #-33554432	@ 0xfe000000
    4868:	e3ccc8fe 	bic	ip, ip, #16646144	@ 0xfe0000
    486c:	e156000c 	cmp	r6, ip
    4870:	8a000118 	bhi	0x4cd8
    4874:	e19810d6 	ldrsb	r1, [r8, r6]
    4878:	e1a07fc1 	asr	r7, r1, #31
    487c:	e1a08000 	mov	r8, r0
    4880:	e5956030 	ldr	r6, [r5, #48]	@ 0x30
    4884:	e59fcac0 	ldr	ip, [pc, #2752]	@ 0x534c
    4888:	e158000c 	cmp	r8, ip
    488c:	8a000111 	bhi	0x4cd8
    4890:	e086c008 	add	ip, r6, r8
    4894:	e58c1000 	str	r1, [ip]
    4898:	e58c7004 	str	r7, [ip, #4]
    489c:	e59f0acc 	ldr	r0, [pc, #2764]	@ 0x5370
    48a0:	ea00010a 	b	0x4cd0
    48a4:	e1a07002 	mov	r7, r2
    48a8:	e5956030 	ldr	r6, [r5, #48]	@ 0x30
    48ac:	e59fca88 	ldr	ip, [pc, #2696]	@ 0x533c
    48b0:	e157000c 	cmp	r7, ip
    48b4:	8a000107 	bhi	0x4cd8
    48b8:	e7e167f4 			@ <UNDEFINED> instruction: 0xe7e167f4
    48bc:	e1a06001 	mov	r6, r1
    48c0:	e2811004 	add	r1, r1, #4
    48c4:	e1a08002 	mov	r8, r2
    48c8:	e5957030 	ldr	r7, [r5, #48]	@ 0x30
    48cc:	e59fca68 	ldr	ip, [pc, #2664]	@ 0x533c
    48d0:	e158000c 	cmp	r8, ip
    48d4:	8a0000ff 	bhi	0x4cd8
    48d8:	e7d178f4 			@ <UNDEFINED> instruction: 0xe7d178f4
    48dc:	e5958030 	ldr	r8, [r5, #48]	@ 0x30
    48e0:	e3e0c4fe 	mvn	ip, #-33554432	@ 0xfe000000
    48e4:	e3ccc8fe 	bic	ip, ip, #16646144	@ 0xfe0000
    48e8:	e156000c 	cmp	r6, ip
    48ec:	8a0000f9 	bhi	0x4cd8
    48f0:	e7d81006 	ldrb	r1, [r8, r6]
    48f4:	e3a07000 	mov	r7, #0
    48f8:	e1a08000 	mov	r8, r0
    48fc:	e5956030 	ldr	r6, [r5, #48]	@ 0x30
    4900:	e59fca44 	ldr	ip, [pc, #2628]	@ 0x534c
    4904:	e158000c 	cmp	r8, ip
    4908:	8a0000f2 	bhi	0x4cd8
    490c:	e086c008 	add	ip, r6, r8
    4910:	e58c1000 	str	r1, [ip]
    4914:	e58c7004 	str	r7, [ip, #4]
    4918:	e59f0a54 	ldr	r0, [pc, #2644]	@ 0x5374
    491c:	ea0000eb 	b	0x4cd0
    4920:	e1a07002 	mov	r7, r2
    4924:	e5956030 	ldr	r6, [r5, #48]	@ 0x30
    4928:	e59fca0c 	ldr	ip, [pc, #2572]	@ 0x533c
    492c:	e157000c 	cmp	r7, ip
    4930:	8a0000e8 	bhi	0x4cd8
    4934:	e7e167f4 			@ <UNDEFINED> instruction: 0xe7e167f4
    4938:	e2811007 	add	r1, r1, #7
    493c:	e3c11007 	bic	r1, r1, #7
    4940:	e1a06001 	mov	r6, r1
    4944:	e2811008 	add	r1, r1, #8
    4948:	e1a08002 	mov	r8, r2
    494c:	e5957030 	ldr	r7, [r5, #48]	@ 0x30
    4950:	e59fc9e4 	ldr	ip, [pc, #2532]	@ 0x533c
    4954:	e158000c 	cmp	r8, ip
    4958:	8a0000de 	bhi	0x4cd8
    495c:	e7d178f4 			@ <UNDEFINED> instruction: 0xe7d178f4
    4960:	e5958030 	ldr	r8, [r5, #48]	@ 0x30
    4964:	e59fc9e0 	ldr	ip, [pc, #2528]	@ 0x534c
    4968:	e156000c 	cmp	r6, ip
    496c:	8a0000d9 	bhi	0x4cd8
    4970:	e088c006 	add	ip, r8, r6
    4974:	e59c1000 	ldr	r1, [ip]
    4978:	e59c7004 	ldr	r7, [ip, #4]
    497c:	e1a08000 	mov	r8, r0
    4980:	e5956030 	ldr	r6, [r5, #48]	@ 0x30
    4984:	e59fc9c0 	ldr	ip, [pc, #2496]	@ 0x534c
    4988:	e158000c 	cmp	r8, ip
    498c:	8a0000d1 	bhi	0x4cd8
    4990:	e086c008 	add	ip, r6, r8
    4994:	e58c1000 	str	r1, [ip]
    4998:	e58c7004 	str	r7, [ip, #4]
    499c:	e59f09d4 	ldr	r0, [pc, #2516]	@ 0x5378
    49a0:	ea0000ca 	b	0x4cd0
    49a4:	e1a07002 	mov	r7, r2
    49a8:	e5956030 	ldr	r6, [r5, #48]	@ 0x30
    49ac:	e59fc988 	ldr	ip, [pc, #2440]	@ 0x533c
    49b0:	e157000c 	cmp	r7, ip
    49b4:	8a0000c7 	bhi	0x4cd8
    49b8:	e7e167f4 			@ <UNDEFINED> instruction: 0xe7e167f4
    49bc:	e1a06001 	mov	r6, r1
    49c0:	e2811004 	add	r1, r1, #4
    49c4:	e1a08002 	mov	r8, r2
    49c8:	e5957030 	ldr	r7, [r5, #48]	@ 0x30
    49cc:	e59fc968 	ldr	ip, [pc, #2408]	@ 0x533c
    49d0:	e158000c 	cmp	r8, ip
    49d4:	8a0000bf 	bhi	0x4cd8
    49d8:	e7d178f4 			@ <UNDEFINED> instruction: 0xe7d178f4
    49dc:	e5958030 	ldr	r8, [r5, #48]	@ 0x30
    49e0:	e59fc954 	ldr	ip, [pc, #2388]	@ 0x533c
    49e4:	e156000c 	cmp	r6, ip
    49e8:	8a0000ba 	bhi	0x4cd8
    49ec:	e7981006 	ldr	r1, [r8, r6]
    49f0:	e3a07000 	mov	r7, #0
    49f4:	e1a08000 	mov	r8, r0
    49f8:	e5956030 	ldr	r6, [r5, #48]	@ 0x30
    49fc:	e59fc948 	ldr	ip, [pc, #2376]	@ 0x534c
    4a00:	e158000c 	cmp	r8, ip
    4a04:	8a0000b3 	bhi	0x4cd8
    4a08:	e086c008 	add	ip, r6, r8
    4a0c:	e58c1000 	str	r1, [ip]
    4a10:	e58c7004 	str	r7, [ip, #4]
    4a14:	e59f0960 	ldr	r0, [pc, #2400]	@ 0x537c
    4a18:	ea0000ac 	b	0x4cd0
    4a1c:	e1a07002 	mov	r7, r2
    4a20:	e5956030 	ldr	r6, [r5, #48]	@ 0x30
    4a24:	e59fc910 	ldr	ip, [pc, #2320]	@ 0x533c
    4a28:	e157000c 	cmp	r7, ip
    4a2c:	8a0000a9 	bhi	0x4cd8
    4a30:	e7e167f4 			@ <UNDEFINED> instruction: 0xe7e167f4
    4a34:	e2811007 	add	r1, r1, #7
    4a38:	e3c11007 	bic	r1, r1, #7
    4a3c:	e1a06001 	mov	r6, r1
    4a40:	e2811008 	add	r1, r1, #8
    4a44:	e1a08002 	mov	r8, r2
    4a48:	e5957030 	ldr	r7, [r5, #48]	@ 0x30
    4a4c:	e59fc8e8 	ldr	ip, [pc, #2280]	@ 0x533c
    4a50:	e158000c 	cmp	r8, ip
    4a54:	8a00009f 	bhi	0x4cd8
    4a58:	e7d178f4 			@ <UNDEFINED> instruction: 0xe7d178f4
    4a5c:	e5958030 	ldr	r8, [r5, #48]	@ 0x30
    4a60:	e59fc8e4 	ldr	ip, [pc, #2276]	@ 0x534c
    4a64:	e156000c 	cmp	r6, ip
    4a68:	8a00009a 	bhi	0x4cd8
    4a6c:	e088c006 	add	ip, r8, r6
    4a70:	e59c1000 	ldr	r1, [ip]
    4a74:	e59c7004 	ldr	r7, [ip, #4]
    4a78:	e1a08000 	mov	r8, r0
    4a7c:	e5956030 	ldr	r6, [r5, #48]	@ 0x30
    4a80:	e59fc8c4 	ldr	ip, [pc, #2244]	@ 0x534c
    4a84:	e158000c 	cmp	r8, ip
    4a88:	8a000092 	bhi	0x4cd8
    4a8c:	e086c008 	add	ip, r6, r8
    4a90:	e58c1000 	str	r1, [ip]
    4a94:	e58c7004 	str	r7, [ip, #4]
    4a98:	e59f08e0 	ldr	r0, [pc, #2272]	@ 0x5380
    4a9c:	ea00008b 	b	0x4cd0
    4aa0:	e1a07002 	mov	r7, r2
    4aa4:	e5956030 	ldr	r6, [r5, #48]	@ 0x30
    4aa8:	e59fc88c 	ldr	ip, [pc, #2188]	@ 0x533c
    4aac:	e157000c 	cmp	r7, ip
    4ab0:	8a000088 	bhi	0x4cd8
    4ab4:	e7e167f4 			@ <UNDEFINED> instruction: 0xe7e167f4
    4ab8:	e2811007 	add	r1, r1, #7
    4abc:	e3c11007 	bic	r1, r1, #7
    4ac0:	e1a06001 	mov	r6, r1
    4ac4:	e2811008 	add	r1, r1, #8
    4ac8:	e1a08002 	mov	r8, r2
    4acc:	e5957030 	ldr	r7, [r5, #48]	@ 0x30
    4ad0:	e59fc864 	ldr	ip, [pc, #2148]	@ 0x533c
    4ad4:	e158000c 	cmp	r8, ip
    4ad8:	8a00007e 	bhi	0x4cd8
    4adc:	e7d178f4 			@ <UNDEFINED> instruction: 0xe7d178f4
    4ae0:	e5958030 	ldr	r8, [r5, #48]	@ 0x30
    4ae4:	e59fc860 	ldr	ip, [pc, #2144]	@ 0x534c
    4ae8:	e156000c 	cmp	r6, ip
    4aec:	8a000079 	bhi	0x4cd8
    4af0:	e088c006 	add	ip, r8, r6
    4af4:	e59c1000 	ldr	r1, [ip]
    4af8:	e59c7004 	ldr	r7, [ip, #4]
    4afc:	e1a08000 	mov	r8, r0
    4b00:	e5956030 	ldr	r6, [r5, #48]	@ 0x30
    4b04:	e59fc840 	ldr	ip, [pc, #2112]	@ 0x534c
    4b08:	e158000c 	cmp	r8, ip
    4b0c:	8a000071 	bhi	0x4cd8
    4b10:	e086c008 	add	ip, r6, r8
    4b14:	e58c1000 	str	r1, [ip]
    4b18:	e58c7004 	str	r7, [ip, #4]
    4b1c:	e59f0860 	ldr	r0, [pc, #2144]	@ 0x5384
    4b20:	ea00006a 	b	0x4cd0
    4b24:	e1a07002 	mov	r7, r2
    4b28:	e5956030 	ldr	r6, [r5, #48]	@ 0x30
    4b2c:	e59fc808 	ldr	ip, [pc, #2056]	@ 0x533c
    4b30:	e157000c 	cmp	r7, ip
    4b34:	8a000067 	bhi	0x4cd8
    4b38:	e7e167f4 			@ <UNDEFINED> instruction: 0xe7e167f4
    4b3c:	e1a06001 	mov	r6, r1
    4b40:	e2811004 	add	r1, r1, #4
    4b44:	e1a08002 	mov	r8, r2
    4b48:	e5957030 	ldr	r7, [r5, #48]	@ 0x30
    4b4c:	e59fc7e8 	ldr	ip, [pc, #2024]	@ 0x533c
    4b50:	e158000c 	cmp	r8, ip
    4b54:	8a00005f 	bhi	0x4cd8
    4b58:	e7d178f4 			@ <UNDEFINED> instruction: 0xe7d178f4
    4b5c:	e5958030 	ldr	r8, [r5, #48]	@ 0x30
    4b60:	e59fc7d4 	ldr	ip, [pc, #2004]	@ 0x533c
    4b64:	e156000c 	cmp	r6, ip
    4b68:	8a00005a 	bhi	0x4cd8
    4b6c:	e7981006 	ldr	r1, [r8, r6]
    4b70:	e1a07fc1 	asr	r7, r1, #31
    4b74:	e1a08000 	mov	r8, r0
    4b78:	e5956030 	ldr	r6, [r5, #48]	@ 0x30
    4b7c:	e59fc7c8 	ldr	ip, [pc, #1992]	@ 0x534c
    4b80:	e158000c 	cmp	r8, ip
    4b84:	8a000053 	bhi	0x4cd8
    4b88:	e086c008 	add	ip, r6, r8
    4b8c:	e58c1000 	str	r1, [ip]
    4b90:	e58c7004 	str	r7, [ip, #4]
    4b94:	e59f07ec 	ldr	r0, [pc, #2028]	@ 0x5388
    4b98:	ea00004c 	b	0x4cd0
    4b9c:	e1a07002 	mov	r7, r2
    4ba0:	e5956030 	ldr	r6, [r5, #48]	@ 0x30
    4ba4:	e59fc790 	ldr	ip, [pc, #1936]	@ 0x533c
    4ba8:	e157000c 	cmp	r7, ip
    4bac:	8a000049 	bhi	0x4cd8
    4bb0:	e7e167f4 			@ <UNDEFINED> instruction: 0xe7e167f4
    4bb4:	e1a06001 	mov	r6, r1
    4bb8:	e2811004 	add	r1, r1, #4
    4bbc:	e1a08002 	mov	r8, r2
    4bc0:	e5957030 	ldr	r7, [r5, #48]	@ 0x30
    4bc4:	e59fc770 	ldr	ip, [pc, #1904]	@ 0x533c
    4bc8:	e158000c 	cmp	r8, ip
    4bcc:	8a000041 	bhi	0x4cd8
    4bd0:	e7d178f4 			@ <UNDEFINED> instruction: 0xe7d178f4
    4bd4:	e5958030 	ldr	r8, [r5, #48]	@ 0x30
    4bd8:	e59fc75c 	ldr	ip, [pc, #1884]	@ 0x533c
    4bdc:	e156000c 	cmp	r6, ip
    4be0:	8a00003c 	bhi	0x4cd8
    4be4:	e7981006 	ldr	r1, [r8, r6]
    4be8:	e3a07000 	mov	r7, #0
    4bec:	e1a08000 	mov	r8, r0
    4bf0:	e5956030 	ldr	r6, [r5, #48]	@ 0x30
    4bf4:	e59fc750 	ldr	ip, [pc, #1872]	@ 0x534c
    4bf8:	e158000c 	cmp	r8, ip
    4bfc:	8a000035 	bhi	0x4cd8
    4c00:	e086c008 	add	ip, r6, r8
    4c04:	e58c1000 	str	r1, [ip]
    4c08:	e58c7004 	str	r7, [ip, #4]
    4c0c:	e59f0778 	ldr	r0, [pc, #1912]	@ 0x538c
    4c10:	ea00002e 	b	0x4cd0
    4c14:	e1a07002 	mov	r7, r2
    4c18:	e5956030 	ldr	r6, [r5, #48]	@ 0x30
    4c1c:	e59fc718 	ldr	ip, [pc, #1816]	@ 0x533c
    4c20:	e157000c 	cmp	r7, ip
    4c24:	8a00002b 	bhi	0x4cd8
    4c28:	e7e167f4 			@ <UNDEFINED> instruction: 0xe7e167f4
    4c2c:	e2811007 	add	r1, r1, #7
    4c30:	e3c11007 	bic	r1, r1, #7
    4c34:	e1a06001 	mov	r6, r1
    4c38:	e2811008 	add	r1, r1, #8
    4c3c:	e1a08002 	mov	r8, r2
    4c40:	e5957030 	ldr	r7, [r5, #48]	@ 0x30
    4c44:	e59fc6f0 	ldr	ip, [pc, #1776]	@ 0x533c
    4c48:	e158000c 	cmp	r8, ip
    4c4c:	8a000021 	bhi	0x4cd8
    4c50:	e7d178f4 			@ <UNDEFINED> instruction: 0xe7d178f4
    4c54:	e5958030 	ldr	r8, [r5, #48]	@ 0x30
    4c58:	e59fc6ec 	ldr	ip, [pc, #1772]	@ 0x534c
    4c5c:	e156000c 	cmp	r6, ip
    4c60:	8a00001c 	bhi	0x4cd8
    4c64:	e088c006 	add	ip, r8, r6
    4c68:	e59c1000 	ldr	r1, [ip]
    4c6c:	e59c7004 	ldr	r7, [ip, #4]
    4c70:	e1a08000 	mov	r8, r0
    4c74:	e5956030 	ldr	r6, [r5, #48]	@ 0x30
    4c78:	e59fc6cc 	ldr	ip, [pc, #1740]	@ 0x534c
    4c7c:	e158000c 	cmp	r8, ip
    4c80:	8a000014 	bhi	0x4cd8
    4c84:	e086c008 	add	ip, r6, r8
    4c88:	e58c1000 	str	r1, [ip]
    4c8c:	e58c7004 	str	r7, [ip, #4]
    4c90:	e59f06f8 	ldr	r0, [pc, #1784]	@ 0x5390
    4c94:	ea00000d 	b	0x4cd0
    4c98:	e5840000 	str	r0, [r4]
    4c9c:	e5842008 	str	r2, [r4, #8]
    4ca0:	e584300c 	str	r3, [r4, #12]
    4ca4:	e59f06e4 	ldr	r0, [pc, #1764]	@ 0x5390
    4ca8:	e1a01004 	mov	r1, r4
    4cac:	e59d2000 	ldr	r2, [sp]
    4cb0:	e59fc6dc 	ldr	ip, [pc, #1756]	@ 0x5394
    4cb4:	e12fff3c 	blx	ip
    4cb8:	e3500000 	cmp	r0, #0
    4cbc:	1a000008 	bne	0x4ce4
    4cc0:	e3a009ff 	mov	r0, #4177920	@ 0x3fc000
    4cc4:	e3800df3 	orr	r0, r0, #15552	@ 0x3cc0
    4cc8:	e30ccabc 	movw	ip, #51900	@ 0xcabc
    4ccc:	e34ccdef 	movt	ip, #52719	@ 0xcdef
    4cd0:	e28dd008 	add	sp, sp, #8
    4cd4:	e8bd81c0 	pop	{r6, r7, r8, pc}
    4cd8:	e3a00008 	mov	r0, #8
    4cdc:	e59d1000 	ldr	r1, [sp]
    4ce0:	e5810010 	str	r0, [r1, #16]
    4ce4:	e59d0000 	ldr	r0, [sp]
    4ce8:	e59d1014 	ldr	r1, [sp, #20]
    4cec:	e59fc6a4 	ldr	ip, [pc, #1700]	@ 0x5398
    4cf0:	e12fff3c 	blx	ip
    4cf4:	e28dd008 	add	sp, sp, #8
    4cf8:	e8bd01c0 	pop	{r6, r7, r8}
    4cfc:	e28dd004 	add	sp, sp, #4
    4d00:	e12fff10 	bx	r0
    4d04:	e92d43c0 	push	{r6, r7, r8, r9, lr}
    4d08:	e24dd004 	sub	sp, sp, #4
    4d0c:	e58d0000 	str	r0, [sp]
    4d10:	e30cc123 	movw	ip, #49443	@ 0xc123
    4d14:	e34cc456 	movt	ip, #50262	@ 0xc456
    4d18:	e5940000 	ldr	r0, [r4]
    4d1c:	e5941004 	ldr	r1, [r4, #4]
    4d20:	e5942008 	ldr	r2, [r4, #8]
    4d24:	e594300c 	ldr	r3, [r4, #12]
    4d28:	e190c001 	orrs	ip, r0, r1
    4d2c:	0a000020 	beq	0x4db4
    4d30:	e2426001 	sub	r6, r2, #1
    4d34:	e1a02006 	mov	r2, r6
    4d38:	e1a07000 	mov	r7, r0
    4d3c:	e207700f 	and	r7, r7, #15
    4d40:	e1a09007 	mov	r9, r7
    4d44:	e5958030 	ldr	r8, [r5, #48]	@ 0x30
    4d48:	e3e0e4fe 	mvn	lr, #-33554432	@ 0xfe000000
    4d4c:	e3cee8fe 	bic	lr, lr, #16646144	@ 0xfe0000
    4d50:	e3a0cb40 	mov	ip, #64, 22	@ 0x10000
    4d54:	e38ccf88 	orr	ip, ip, #136, 30	@ 0x220
    4d58:	e099900c 	adds	r9, r9, ip
    4d5c:	2a00001a 	bcs	0x4dcc
    4d60:	e3e0c4fe 	mvn	ip, #-33554432	@ 0xfe000000
    4d64:	e3ccc8fe 	bic	ip, ip, #16646144	@ 0xfe0000
    4d68:	e159000c 	cmp	r9, ip
    4d6c:	8a000016 	bhi	0x4dcc
    4d70:	e7e789f0 			@ <UNDEFINED> instruction: 0xe7e789f0
    4d74:	e1877003 	orr	r7, r7, r3
    4d78:	e5958030 	ldr	r8, [r5, #48]	@ 0x30
    4d7c:	e3e0c4fe 	mvn	ip, #-33554432	@ 0xfe000000
    4d80:	e3ccc8fe 	bic	ip, ip, #16646144	@ 0xfe0000
    4d84:	e156000c 	cmp	r6, ip
    4d88:	8a00000f 	bhi	0x4dcc
    4d8c:	e7d786f0 			@ <UNDEFINED> instruction: 0xe7d786f0
    4d90:	e270c00f 	rsbs	ip, r0, #15
    4d94:	e2f1c000 	rscs	ip, r1, #0
    4d98:	e3a06000 	mov	r6, #0
    4d9c:	33a06001 	movcc	r6, #1
    4da0:	e1a00220 	lsr	r0, r0, #4
    4da4:	e1800e01 	orr	r0, r0, r1, lsl #28
    4da8:	e1a01221 	lsr	r1, r1, #4
    4dac:	e3560000 	cmp	r6, #0
    4db0:	1affffde 	bne	0x4d30
    4db4:	e5842008 	str	r2, [r4, #8]
    4db8:	e59f05dc 	ldr	r0, [pc, #1500]	@ 0x539c
    4dbc:	e30ccabc 	movw	ip, #51900	@ 0xcabc
    4dc0:	e34ccdef 	movt	ip, #52719	@ 0xcdef
    4dc4:	e28dd004 	add	sp, sp, #4
    4dc8:	e8bd83c0 	pop	{r6, r7, r8, r9, pc}
    4dcc:	e3a00008 	mov	r0, #8
    4dd0:	e59d1000 	ldr	r1, [sp]
    4dd4:	e5810010 	str	r0, [r1, #16]
    4dd8:	e59d0000 	ldr	r0, [sp]
    4ddc:	e59d1014 	ldr	r1, [sp, #20]
    4de0:	e59fc5b8 	ldr	ip, [pc, #1464]	@ 0x53a0
    4de4:	e12fff3c 	blx	ip
    4de8:	e28dd004 	add	sp, sp, #4
    4dec:	e8bd03c0 	pop	{r6, r7, r8, r9}
    4df0:	e28dd004 	add	sp, sp, #4
    4df4:	e12fff10 	bx	r0
    4df8:	e92d40c0 	push	{r6, r7, lr}
    4dfc:	e24dd004 	sub	sp, sp, #4
    4e00:	e58d0000 	str	r0, [sp]
    4e04:	e30cc123 	movw	ip, #49443	@ 0xc123
    4e08:	e34cc456 	movt	ip, #50262	@ 0xc456
    4e0c:	e5940000 	ldr	r0, [r4]
    4e10:	e5941004 	ldr	r1, [r4, #4]
    4e14:	e5942008 	ldr	r2, [r4, #8]
    4e18:	e190c001 	orrs	ip, r0, r1
    4e1c:	0a000013 	beq	0x4e70
    4e20:	e2423001 	sub	r3, r2, #1
    4e24:	e1a02003 	mov	r2, r3
    4e28:	e1a06000 	mov	r6, r0
    4e2c:	e2066007 	and	r6, r6, #7
    4e30:	e3866030 	orr	r6, r6, #48	@ 0x30
    4e34:	e5957030 	ldr	r7, [r5, #48]	@ 0x30
    4e38:	e3e0c4fe 	mvn	ip, #-33554432	@ 0xfe000000
    4e3c:	e3ccc8fe 	bic	ip, ip, #16646144	@ 0xfe0000
    4e40:	e153000c 	cmp	r3, ip
    4e44:	8a000010 	bhi	0x4e8c
    4e48:	e7d673f0 			@ <UNDEFINED> instruction: 0xe7d673f0
    4e4c:	e270c007 	rsbs	ip, r0, #7
    4e50:	e2f1c000 	rscs	ip, r1, #0
    4e54:	e3a03000 	mov	r3, #0
    4e58:	33a03001 	movcc	r3, #1
    4e5c:	e1a001a0 	lsr	r0, r0, #3
    4e60:	e1800e81 	orr	r0, r0, r1, lsl #29
    4e64:	e1a011a1 	lsr	r1, r1, #3
    4e68:	e3530000 	cmp	r3, #0
    4e6c:	1affffeb 	bne	0x4e20
    4e70:	e5842008 	str	r2, [r4, #8]
    4e74:	e3a009ff 	mov	r0, #4177920	@ 0x3fc000
    4e78:	e3800f61 	orr	r0, r0, #388	@ 0x184
    4e7c:	e30ccabc 	movw	ip, #51900	@ 0xcabc
    4e80:	e34ccdef 	movt	ip, #52719	@ 0xcdef
    4e84:	e28dd004 	add	sp, sp, #4
    4e88:	e8bd80c0 	pop	{r6, r7, pc}
    4e8c:	e3a00008 	mov	r0, #8
    4e90:	e59d1000 	ldr	r1, [sp]
    4e94:	e5810010 	str	r0, [r1, #16]
    4e98:	e59d0000 	ldr	r0, [sp]
    4e9c:	e59d100c 	ldr	r1, [sp, #12]
    4ea0:	e59fc4fc 	ldr	ip, [pc, #1276]	@ 0x53a4
    4ea4:	e12fff3c 	blx	ip
    4ea8:	e28dd004 	add	sp, sp, #4
    4eac:	e8bd00c0 	pop	{r6, r7}
    4eb0:	e28dd004 	add	sp, sp, #4
    4eb4:	e12fff10 	bx	r0
    4eb8:	e92d47c0 	push	{r6, r7, r8, r9, sl, lr}
    4ebc:	e24dd018 	sub	sp, sp, #24
    4ec0:	e58d0000 	str	r0, [sp]
    4ec4:	e30cc123 	movw	ip, #49443	@ 0xc123
    4ec8:	e34cc456 	movt	ip, #50262	@ 0xc456
    4ecc:	e5946000 	ldr	r6, [r4]
    4ed0:	e5947004 	ldr	r7, [r4, #4]
    4ed4:	e5948008 	ldr	r8, [r4, #8]
    4ed8:	e3560000 	cmp	r6, #0
    4edc:	e2d7c001 	sbcs	ip, r7, #1
    4ee0:	2a000002 	bcs	0x4ef0
    4ee4:	e1a02006 	mov	r2, r6
    4ee8:	e1a03007 	mov	r3, r7
    4eec:	ea000028 	b	0x4f94
    4ef0:	e2489001 	sub	r9, r8, #1
    4ef4:	e1a08009 	mov	r8, r9
    4ef8:	e58d6004 	str	r6, [sp, #4]
    4efc:	e58d7008 	str	r7, [sp, #8]
    4f00:	e3a0e00a 	mov	lr, #10
    4f04:	e58de00c 	str	lr, [sp, #12]
    4f08:	e3a0e000 	mov	lr, #0
    4f0c:	e58de010 	str	lr, [sp, #16]
    4f10:	e28d0004 	add	r0, sp, #4
    4f14:	e28d100c 	add	r1, sp, #12
    4f18:	e28d2004 	add	r2, sp, #4
    4f1c:	e59fc484 	ldr	ip, [pc, #1156]	@ 0x53a8
    4f20:	e12fff3c 	blx	ip
    4f24:	e59d0004 	ldr	r0, [sp, #4]
    4f28:	e59d1008 	ldr	r1, [sp, #8]
    4f2c:	e1a02000 	mov	r2, r0
    4f30:	e1a03001 	mov	r3, r1
    4f34:	e1a0a001 	mov	sl, r1
    4f38:	e3a0100a 	mov	r1, #10
    4f3c:	e00a019a 	mul	sl, sl, r1
    4f40:	e0810091 	umull	r0, r1, r1, r0
    4f44:	e08aa001 	add	sl, sl, r1
    4f48:	e1a0100a 	mov	r1, sl
    4f4c:	e0560000 	subs	r0, r6, r0
    4f50:	e0c71001 	sbc	r1, r7, r1
    4f54:	e3800030 	orr	r0, r0, #48	@ 0x30
    4f58:	e5951030 	ldr	r1, [r5, #48]	@ 0x30
    4f5c:	e3e0c4fe 	mvn	ip, #-33554432	@ 0xfe000000
    4f60:	e3ccc8fe 	bic	ip, ip, #16646144	@ 0xfe0000
    4f64:	e159000c 	cmp	r9, ip
    4f68:	8a00002e 	bhi	0x5028
    4f6c:	e7d019f0 			@ <UNDEFINED> instruction: 0xe7d019f0
    4f70:	e3e0c000 	mvn	ip, #0
    4f74:	e15c0006 	cmp	ip, r6
    4f78:	e2f7c009 	rscs	ip, r7, #9
    4f7c:	e3a00000 	mov	r0, #0
    4f80:	33a00001 	movcc	r0, #1
    4f84:	e1a06002 	mov	r6, r2
    4f88:	e1a07003 	mov	r7, r3
    4f8c:	e3500000 	cmp	r0, #0
    4f90:	1affffd6 	bne	0x4ef0
    4f94:	e192c003 	orrs	ip, r2, r3
    4f98:	0a00001c 	beq	0x5010
    4f9c:	e2483001 	sub	r3, r8, #1
    4fa0:	e1a08003 	mov	r8, r3
    4fa4:	e1a00002 	mov	r0, r2
    4fa8:	e3a0100a 	mov	r1, #10
    4fac:	e52d3010 	str	r3, [sp, #-16]!
    4fb0:	e58d2004 	str	r2, [sp, #4]
    4fb4:	e58d1008 	str	r1, [sp, #8]
    4fb8:	e59fc3ec 	ldr	ip, [pc, #1004]	@ 0x53ac
    4fbc:	e12fff3c 	blx	ip
    4fc0:	e59d1008 	ldr	r1, [sp, #8]
    4fc4:	e59d2004 	ldr	r2, [sp, #4]
    4fc8:	e49d3010 	ldr	r3, [sp], #16
    4fcc:	e1a01000 	mov	r1, r0
    4fd0:	e3a0c00a 	mov	ip, #10
    4fd4:	e0000c90 	mul	r0, r0, ip
    4fd8:	e0420000 	sub	r0, r2, r0
    4fdc:	e3800030 	orr	r0, r0, #48	@ 0x30
    4fe0:	e5956030 	ldr	r6, [r5, #48]	@ 0x30
    4fe4:	e3e0c4fe 	mvn	ip, #-33554432	@ 0xfe000000
    4fe8:	e3ccc8fe 	bic	ip, ip, #16646144	@ 0xfe0000
    4fec:	e153000c 	cmp	r3, ip
    4ff0:	8a00000c 	bhi	0x5028
    4ff4:	e7d063f0 			@ <UNDEFINED> instruction: 0xe7d063f0
    4ff8:	e3520009 	cmp	r2, #9
    4ffc:	e3a00000 	mov	r0, #0
    5000:	83a00001 	movhi	r0, #1
    5004:	e1a02001 	mov	r2, r1
    5008:	e3500000 	cmp	r0, #0
    500c:	1affffe2 	bne	0x4f9c
    5010:	e5848008 	str	r8, [r4, #8]
    5014:	e59f0394 	ldr	r0, [pc, #916]	@ 0x53b0
    5018:	e30ccabc 	movw	ip, #51900	@ 0xcabc
    501c:	e34ccdef 	movt	ip, #52719	@ 0xcdef
    5020:	e28dd018 	add	sp, sp, #24
    5024:	e8bd87c0 	pop	{r6, r7, r8, r9, sl, pc}
    5028:	e3a00008 	mov	r0, #8
    502c:	e59d1000 	ldr	r1, [sp]
    5030:	e5810010 	str	r0, [r1, #16]
    5034:	e59d0000 	ldr	r0, [sp]
    5038:	e59d102c 	ldr	r1, [sp, #44]	@ 0x2c
    503c:	e59fc370 	ldr	ip, [pc, #880]	@ 0x53b4
    5040:	e12fff3c 	blx	ip
    5044:	e28dd018 	add	sp, sp, #24
    5048:	e8bd07c0 	pop	{r6, r7, r8, r9, sl}
    504c:	e28dd004 	add	sp, sp, #4
    5050:	e12fff10 	bx	r0
    5054:	e92d43c0 	push	{r6, r7, r8, r9, lr}
    5058:	e24dd004 	sub	sp, sp, #4
    505c:	e58d0000 	str	r0, [sp]
    5060:	e30cc123 	movw	ip, #49443	@ 0xc123
    5064:	e34cc456 	movt	ip, #50262	@ 0xc456
    5068:	e5946000 	ldr	r6, [r4]
    506c:	e5940004 	ldr	r0, [r4, #4]
    5070:	e5941008 	ldr	r1, [r4, #8]
    5074:	e594200c 	ldr	r2, [r4, #12]
    5078:	e5943010 	ldr	r3, [r4, #16]
    507c:	e595e03c 	ldr	lr, [r5, #60]	@ 0x3c
    5080:	e59e7008 	ldr	r7, [lr, #8]
    5084:	e2477f40 	sub	r7, r7, #64, 30	@ 0x100
    5088:	e1a08007 	mov	r8, r7
    508c:	e595903c 	ldr	r9, [r5, #60]	@ 0x3c
    5090:	e5897008 	str	r7, [r9, #8]
    5094:	e1510002 	cmp	r1, r2
    5098:	da00002e 	ble	0x5158
    509c:	e3130b48 	tst	r3, #72, 22	@ 0x12000
    50a0:	1a00002c 	bne	0x5158
    50a4:	e0411002 	sub	r1, r1, r2
    50a8:	e1a07001 	mov	r7, r1
    50ac:	e3570f40 	cmp	r7, #64, 30	@ 0x100
    50b0:	e3a02000 	mov	r2, #0
    50b4:	33a02001 	movcc	r2, #1
    50b8:	e1a09002 	mov	r9, r2
    50bc:	e3520000 	cmp	r2, #0
    50c0:	03a01f40 	moveq	r1, #64, 30	@ 0x100
    50c4:	e5848014 	str	r8, [r4, #20]
    50c8:	e5840004 	str	r0, [r4, #4]
    50cc:	e5841030 	str	r1, [r4, #48]	@ 0x30
    50d0:	e59f02e0 	ldr	r0, [pc, #736]	@ 0x53b8
    50d4:	e1a01004 	mov	r1, r4
    50d8:	e59d2000 	ldr	r2, [sp]
    50dc:	e59fc2d8 	ldr	ip, [pc, #728]	@ 0x53bc
    50e0:	e12fff3c 	blx	ip
    50e4:	e3500000 	cmp	r0, #0
    50e8:	1a000022 	bne	0x5178
    50ec:	e3590000 	cmp	r9, #0
    50f0:	1a00000e 	bne	0x5130
    50f4:	e5846000 	str	r6, [r4]
    50f8:	e5848014 	str	r8, [r4, #20]
    50fc:	e3a0ef40 	mov	lr, #64, 30	@ 0x100
    5100:	e584e018 	str	lr, [r4, #24]
    5104:	e59f02b4 	ldr	r0, [pc, #692]	@ 0x53c0
    5108:	e1a01004 	mov	r1, r4
    510c:	e59d2000 	ldr	r2, [sp]
    5110:	e59fc2ac 	ldr	ip, [pc, #684]	@ 0x53c4
    5114:	e12fff3c 	blx	ip
    5118:	e3500000 	cmp	r0, #0
    511c:	1a000015 	bne	0x5178
    5120:	e2470f40 	sub	r0, r7, #64, 30	@ 0x100
    5124:	e1a07000 	mov	r7, r0
    5128:	e35000ff 	cmp	r0, #255	@ 0xff
    512c:	8afffff0 	bhi	0x50f4
    5130:	e5846000 	str	r6, [r4]
    5134:	e5848014 	str	r8, [r4, #20]
    5138:	e584700c 	str	r7, [r4, #12]
    513c:	e59f0284 	ldr	r0, [pc, #644]	@ 0x53c8
    5140:	e1a01004 	mov	r1, r4
    5144:	e59d2000 	ldr	r2, [sp]
    5148:	e59fc27c 	ldr	ip, [pc, #636]	@ 0x53cc
    514c:	e12fff3c 	blx	ip
    5150:	e3500000 	cmp	r0, #0
    5154:	1a000007 	bne	0x5178
    5158:	e2888f40 	add	r8, r8, #64, 30	@ 0x100
    515c:	e595003c 	ldr	r0, [r5, #60]	@ 0x3c
    5160:	e5808008 	str	r8, [r0, #8]
    5164:	e59f0264 	ldr	r0, [pc, #612]	@ 0x53d0
    5168:	e30ccabc 	movw	ip, #51900	@ 0xcabc
    516c:	e34ccdef 	movt	ip, #52719	@ 0xcdef
    5170:	e28dd004 	add	sp, sp, #4
    5174:	e8bd83c0 	pop	{r6, r7, r8, r9, pc}
    5178:	e59d0000 	ldr	r0, [sp]
    517c:	e59d1014 	ldr	r1, [sp, #20]
    5180:	e59fc24c 	ldr	ip, [pc, #588]	@ 0x53d4
    5184:	e12fff3c 	blx	ip
    5188:	e28dd004 	add	sp, sp, #4
    518c:	e8bd03c0 	pop	{r6, r7, r8, r9}
    5190:	e28dd004 	add	sp, sp, #4
    5194:	e12fff10 	bx	r0
    5198:	e52de004 	push	{lr}		@ (str lr, [sp, #-4]!)
    519c:	e24dd004 	sub	sp, sp, #4
    51a0:	e58d0000 	str	r0, [sp]
    51a4:	e30cc123 	movw	ip, #49443	@ 0xc123
    51a8:	e34cc456 	movt	ip, #50262	@ 0xc456
    51ac:	e5940000 	ldr	r0, [r4]
    51b0:	e5941004 	ldr	r1, [r4, #4]
    51b4:	e5942008 	ldr	r2, [r4, #8]
    51b8:	e5840000 	str	r0, [r4]
    51bc:	e5841004 	str	r1, [r4, #4]
    51c0:	e5842008 	str	r2, [r4, #8]
    51c4:	e3a0e005 	mov	lr, #5
    51c8:	e584e00c 	str	lr, [r4, #12]
    51cc:	e3a0e006 	mov	lr, #6
    51d0:	e584e010 	str	lr, [r4, #16]
    51d4:	e3a009ff 	mov	r0, #4177920	@ 0x3fc000
    51d8:	e3800e6d 	orr	r0, r0, #1744	@ 0x6d0
    51dc:	e1a01004 	mov	r1, r4
    51e0:	e59d2000 	ldr	r2, [sp]
    51e4:	e59fc1ec 	ldr	ip, [pc, #492]	@ 0x53d8
    51e8:	e12fff3c 	blx	ip
    51ec:	e3500000 	cmp	r0, #0
    51f0:	1a000007 	bne	0x5214
    51f4:	e5940014 	ldr	r0, [r4, #20]
    51f8:	e5840014 	str	r0, [r4, #20]
    51fc:	e3a009ff 	mov	r0, #4177920	@ 0x3fc000
    5200:	e3800e6f 	orr	r0, r0, #1776	@ 0x6f0
    5204:	e30ccabc 	movw	ip, #51900	@ 0xcabc
    5208:	e34ccdef 	movt	ip, #52719	@ 0xcdef
    520c:	e28dd004 	add	sp, sp, #4
    5210:	e49df004 	pop	{pc}		@ (ldr pc, [sp], #4)
    5214:	e59d0000 	ldr	r0, [sp]
    5218:	e59d1004 	ldr	r1, [sp, #4]
    521c:	e59fc1b8 	ldr	ip, [pc, #440]	@ 0x53dc
    5220:	e12fff3c 	blx	ip
    5224:	e28dd008 	add	sp, sp, #8
    5228:	e12fff10 	bx	r0
    522c:	e92d4fc0 	push	{r6, r7, r8, r9, sl, fp, lr}
    5230:	e24dd004 	sub	sp, sp, #4
    5234:	ed2d8b02 	vpush	{d8}
    5238:	e24dd018 	sub	sp, sp, #24
    523c:	e58d0000 	str	r0, [sp]
    5240:	e30cc123 	movw	ip, #49443	@ 0xc123
    5244:	e34cc456 	movt	ip, #50262	@ 0xc456
    5248:	ed948b01 	vldr	d8, [r4, #4]
    524c:	e3a0e000 	mov	lr, #0
    5250:	e584e054 	str	lr, [r4, #84]	@ 0x54
    5254:	e595e03c 	ldr	lr, [r5, #60]	@ 0x3c
    5258:	e59e0008 	ldr	r0, [lr, #8]
    525c:	e2400f8c 	sub	r0, r0, #140, 30	@ 0x230
    5260:	e584001c 	str	r0, [r4, #28]
    5264:	e595103c 	ldr	r1, [r5, #60]	@ 0x3c
    5268:	e5810008 	str	r0, [r1, #8]
    526c:	e3a0e000 	mov	lr, #0
    5270:	e584e020 	str	lr, [r4, #32]
    5274:	e594101c 	ldr	r1, [r4, #28]
    5278:	e5950030 	ldr	r0, [r5, #48]	@ 0x30
    527c:	e59fe0b8 	ldr	lr, [pc, #184]	@ 0x533c
    5280:	e7f1e2fc 	udf	#7724	@ 0x1e2c
    5284:	2a0006fe 	bcs	0x6e84
    5288:	e3a02000 	mov	r2, #0
    528c:	e7d201f4 			@ <UNDEFINED> instruction: 0xe7d201f4
    5290:	ed848b01 	vstr	d8, [r4, #4]
    5294:	e59f0144 	ldr	r0, [pc, #324]	@ 0x53e0
    5298:	e1a01004 	mov	r1, r4
    529c:	e59d2000 	ldr	r2, [sp]
    52a0:	e59fc13c 	ldr	ip, [pc, #316]	@ 0x53e4
    52a4:	e12fff3c 	blx	ip
    52a8:	e3500000 	cmp	r0, #0
    52ac:	1a0006f7 	bne	0x6e90
    52b0:	e59400a0 	ldr	r0, [r4, #160]	@ 0xa0
    52b4:	e59410a4 	ldr	r1, [r4, #164]	@ 0xa4
    52b8:	e1a02000 	mov	r2, r0
    52bc:	e1a03001 	mov	r3, r1
    52c0:	e3e0c000 	mvn	ip, #0
    52c4:	e15c0000 	cmp	ip, r0
    52c8:	e3e0c000 	mvn	ip, #0
    52cc:	e0dcc001 	sbcs	ip, ip, r1
    52d0:	ba000013 	blt	0x5324
    52d4:	e3a0e001 	mov	lr, #1
    52d8:	e584e024 	str	lr, [r4, #36]	@ 0x24
    52dc:	e3a0eb40 	mov	lr, #64, 22	@ 0x10000
    52e0:	e38ee2a0 	orr	lr, lr, #160, 4
    52e4:	e584e028 	str	lr, [r4, #40]	@ 0x28
    52e8:	eeb10b48 	vneg.f64	d0, d8
    52ec:	eeb08b40 	vmov.f64	d8, d0
    52f0:	ed840b28 	vstr	d0, [r4, #160]	@ 0xa0
    52f4:	e59f00ec 	ldr	r0, [pc, #236]	@ 0x53e8
    52f8:	e1a01004 	mov	r1, r4
    52fc:	e59d2000 	ldr	r2, [sp]
    5300:	e59fc0e4 	ldr	ip, [pc, #228]	@ 0x53ec
    5304:	e12fff3c 	blx	ip
    5308:	e3500000 	cmp	r0, #0
    530c:	1a0006df 	bne	0x6e90
    5310:	e59400a0 	ldr	r0, [r4, #160]	@ 0xa0
    5314:	e59410a4 	ldr	r1, [r4, #164]	@ 0xa4
    5318:	e1a02000 	mov	r2, r0
    531c:	e1a03001 	mov	r3, r1
    5320:	ea000048 	b	0x5448
    5324:	e594c014 	ldr	ip, [r4, #20]
    5328:	e31c0e80 	tst	ip, #128, 28	@ 0x800
    532c:	ea00002f 	b	0x53f0
	...
    5338:	0ccccccc 	stcleq	12, cr12, [ip], {204}	@ 0xcc
    533c:	0101fffc 	strdeq	pc, [r1, -ip]
    5340:	00048004 	andeq	r8, r4, r4
    5344:	4085a9e8 	addmi	sl, r5, r8, ror #19
    5348:	003ff83c 	eorseq	pc, pc, ip, lsr r8	@ <UNPREDICTABLE>
    534c:	0101fff8 	strdeq	pc, [r1, -r8]
    5350:	003ff87c 	eorseq	pc, pc, ip, ror r8	@ <UNPREDICTABLE>
    5354:	003ff8bc 	ldrhteq	pc, [pc], -ip	@ <UNPREDICTABLE>
    5358:	003ff8fc 	ldrshteq	pc, [pc], -ip	@ <UNPREDICTABLE>
    535c:	003ff93c 	eorseq	pc, pc, ip, lsr r9	@ <UNPREDICTABLE>
    5360:	003ff990 	mlaseq	pc, r0, r9, pc	@ <UNPREDICTABLE>
    5364:	0101fffe 	strdeq	pc, [r1, -lr]
    5368:	003ff9d0 	ldrsbteq	pc, [pc], -r0	@ <UNPREDICTABLE>
    536c:	003ffa10 	eorseq	pc, pc, r0, lsl sl	@ <UNPREDICTABLE>
    5370:	003ffa50 	eorseq	pc, pc, r0, asr sl	@ <UNPREDICTABLE>
    5374:	003ffa90 	mlaseq	pc, r0, sl, pc	@ <UNPREDICTABLE>
    5378:	003ffae4 	eorseq	pc, pc, r4, ror #21
    537c:	003ffb24 	eorseq	pc, pc, r4, lsr #22
    5380:	003ffb78 	eorseq	pc, pc, r8, ror fp	@ <UNPREDICTABLE>
    5384:	003ffbcc 	eorseq	pc, pc, ip, asr #23
    5388:	003ffc0c 	eorseq	pc, pc, ip, lsl #24
    538c:	003ffc4c 	eorseq	pc, pc, ip, asr #24
    5390:	003ffca0 	eorseq	pc, pc, r0, lsr #25
    5394:	00048c48 	andeq	r8, r4, r8, asr #24
    5398:	00048004 	andeq	r8, r4, r4
    539c:	003fae44 	eorseq	sl, pc, r4, asr #28
    53a0:	00048004 	andeq	r8, r4, r4
    53a4:	00048004 	andeq	r8, r4, r4
    53a8:	00047e9c 	muleq	r4, ip, lr
    53ac:	001f54c0 	andseq	r5, pc, r0, asr #9
    53b0:	003ff614 	eorseq	pc, pc, r4, lsl r6	@ <UNPREDICTABLE>
    53b4:	00048004 	andeq	r8, r4, r4
    53b8:	003fb914 	eorseq	fp, pc, r4, lsl r9	@ <UNPREDICTABLE>
    53bc:	0004890c 	andeq	r8, r4, ip, lsl #18
    53c0:	003fb934 	eorseq	fp, pc, r4, lsr r9	@ <UNPREDICTABLE>
    53c4:	0004890c 	andeq	r8, r4, ip, lsl #18
    53c8:	003fb974 	eorseq	fp, pc, r4, ror r9	@ <UNPREDICTABLE>
    53cc:	0004890c 	andeq	r8, r4, ip, lsl #18
    53d0:	003fb9a8 	eorseq	fp, pc, r8, lsr #19
    53d4:	00048004 	andeq	r8, r4, r4
    53d8:	0004890c 	andeq	r8, r4, ip, lsl #18
    53dc:	00048004 	andeq	r8, r4, r4
    53e0:	00406894 	umaaleq	r6, r0, r4, r8
    53e4:	0004890c 	andeq	r8, r4, ip, lsl #18
    53e8:	004068e8 	subeq	r6, r0, r8, ror #17
    53ec:	0004890c 	andeq	r8, r4, ip, lsl #18
    53f0:	0a000005 	beq	0x540c
    53f4:	e3a0e001 	mov	lr, #1
    53f8:	e584e024 	str	lr, [r4, #36]	@ 0x24
    53fc:	e3a0eb40 	mov	lr, #64, 22	@ 0x10000
    5400:	e38ee2d0 	orr	lr, lr, #208, 4
    5404:	e584e028 	str	lr, [r4, #40]	@ 0x28
    5408:	ea00000e 	b	0x5448
    540c:	e594c014 	ldr	ip, [r4, #20]
    5410:	e20c0001 	and	r0, ip, #1
    5414:	e5840024 	str	r0, [r4, #36]	@ 0x24
    5418:	e3500000 	cmp	r0, #0
    541c:	e3a0eb40 	mov	lr, #64, 22	@ 0x10000
    5420:	e38ee140 	orr	lr, lr, #64, 2
    5424:	e3a0cb40 	mov	ip, #64, 22	@ 0x10000
    5428:	e38cc2b0 	orr	ip, ip, #176, 4
    542c:	01a0e00c 	moveq	lr, ip
    5430:	e584e028 	str	lr, [r4, #40]	@ 0x28
    5434:	e594c024 	ldr	ip, [r4, #36]	@ 0x24
    5438:	e35c0000 	cmp	ip, #0
    543c:	e3a0c000 	mov	ip, #0
    5440:	03a0c001 	moveq	ip, #1
    5444:	e584c020 	str	ip, [r4, #32]
    5448:	e2022000 	and	r2, r2, #0
    544c:	e3a0c207 	mov	ip, #1879048192	@ 0x70000000
    5450:	e38cc6ff 	orr	ip, ip, #267386880	@ 0xff00000
    5454:	e003300c 	and	r3, r3, ip
    5458:	e3a0c207 	mov	ip, #1879048192	@ 0x70000000
    545c:	e38cc6ff 	orr	ip, ip, #267386880	@ 0xff00000
    5460:	e153000c 	cmp	r3, ip
    5464:	1a000000 	bne	0x546c
    5468:	e3520000 	cmp	r2, #0
    546c:	1a000045 	bne	0x5588
    5470:	e594c024 	ldr	ip, [r4, #36]	@ 0x24
    5474:	e28c0003 	add	r0, ip, #3
    5478:	e1a08000 	mov	r8, r0
    547c:	e594c014 	ldr	ip, [r4, #20]
    5480:	e3cc1b40 	bic	r1, ip, #64, 22	@ 0x10000
    5484:	e3a0e020 	mov	lr, #32
    5488:	e584e0a4 	str	lr, [r4, #164]	@ 0xa4
    548c:	e58400ac 	str	r0, [r4, #172]	@ 0xac
    5490:	e58410b0 	str	r1, [r4, #176]	@ 0xb0
    5494:	e59f0f3c 	ldr	r0, [pc, #3900]	@ 0x63d8
    5498:	e1a01004 	mov	r1, r4
    549c:	e59d2000 	ldr	r2, [sp]
    54a0:	e59fcf34 	ldr	ip, [pc, #3892]	@ 0x63dc
    54a4:	e12fff3c 	blx	ip
    54a8:	e3500000 	cmp	r0, #0
    54ac:	1a000677 	bne	0x6e90
    54b0:	e59f0f28 	ldr	r0, [pc, #3880]	@ 0x63e0
    54b4:	e1a01004 	mov	r1, r4
    54b8:	e59d2000 	ldr	r2, [sp]
    54bc:	e59fcf20 	ldr	ip, [pc, #3872]	@ 0x63e4
    54c0:	e12fff3c 	blx	ip
    54c4:	e3500000 	cmp	r0, #0
    54c8:	1a000670 	bne	0x6e90
    54cc:	e594c018 	ldr	ip, [r4, #24]
    54d0:	e20c0020 	and	r0, ip, #32
    54d4:	e1a01000 	mov	r1, r0
    54d8:	e3500000 	cmp	r0, #0
    54dc:	e3a02b40 	mov	r2, #64, 22	@ 0x10000
    54e0:	e3822174 	orr	r2, r2, #116, 2
    54e4:	e3a0cb40 	mov	ip, #64, 22	@ 0x10000
    54e8:	e38cc194 	orr	ip, ip, #148, 2	@ 0x25
    54ec:	01a0200c 	moveq	r2, ip
    54f0:	e3510000 	cmp	r1, #0
    54f4:	e3a00b40 	mov	r0, #64, 22	@ 0x10000
    54f8:	e3800184 	orr	r0, r0, #132, 2	@ 0x21
    54fc:	e3a0cb40 	mov	ip, #64, 22	@ 0x10000
    5500:	e38cc1a4 	orr	ip, ip, #164, 2	@ 0x29
    5504:	01a0000c 	moveq	r0, ip
    5508:	eeb48b48 	vcmp.f64	d8, d8
    550c:	eef1fa10 	vmrs	APSR_nzcv, fpscr
    5510:	01a02000 	moveq	r2, r0
    5514:	e58420a4 	str	r2, [r4, #164]	@ 0xa4
    5518:	e3a0e003 	mov	lr, #3
    551c:	e584e0a8 	str	lr, [r4, #168]	@ 0xa8
    5520:	e59f0ec0 	ldr	r0, [pc, #3776]	@ 0x63e8
    5524:	e1a01004 	mov	r1, r4
    5528:	e59d2000 	ldr	r2, [sp]
    552c:	e59fceb8 	ldr	ip, [pc, #3768]	@ 0x63ec
    5530:	e12fff3c 	blx	ip
    5534:	e3500000 	cmp	r0, #0
    5538:	1a000654 	bne	0x6e90
    553c:	e594c014 	ldr	ip, [r4, #20]
    5540:	e22c0d80 	eor	r0, ip, #128, 26	@ 0x2000
    5544:	e3a0e020 	mov	lr, #32
    5548:	e584e0a4 	str	lr, [r4, #164]	@ 0xa4
    554c:	e584802c 	str	r8, [r4, #44]	@ 0x2c
    5550:	e58400b0 	str	r0, [r4, #176]	@ 0xb0
    5554:	e59f0e94 	ldr	r0, [pc, #3732]	@ 0x63f0
    5558:	e1a01004 	mov	r1, r4
    555c:	e59d2000 	ldr	r2, [sp]
    5560:	e59fce8c 	ldr	ip, [pc, #3724]	@ 0x63f4
    5564:	e12fff3c 	blx	ip
    5568:	e3500000 	cmp	r0, #0
    556c:	1a000647 	bne	0x6e90
    5570:	e594c00c 	ldr	ip, [r4, #12]
    5574:	e15c0008 	cmp	ip, r8
    5578:	e594e00c 	ldr	lr, [r4, #12]
    557c:	d1a0e008 	movle	lr, r8
    5580:	e584e034 	str	lr, [r4, #52]	@ 0x34
    5584:	ea000631 	b	0x6e50
    5588:	e594c01c 	ldr	ip, [r4, #28]
    558c:	e28ce010 	add	lr, ip, #16
    5590:	e584e038 	str	lr, [r4, #56]	@ 0x38
    5594:	e594c01c 	ldr	ip, [r4, #28]
    5598:	e28c002c 	add	r0, ip, #44	@ 0x2c
    559c:	ed848b01 	vstr	d8, [r4, #4]
    55a0:	e58400a8 	str	r0, [r4, #168]	@ 0xa8
    55a4:	e59f0e4c 	ldr	r0, [pc, #3660]	@ 0x63f8
    55a8:	e1a01004 	mov	r1, r4
    55ac:	e59d2000 	ldr	r2, [sp]
    55b0:	e59fce44 	ldr	ip, [pc, #3652]	@ 0x63fc
    55b4:	e12fff3c 	blx	ip
    55b8:	e3500000 	cmp	r0, #0
    55bc:	1a000633 	bne	0x6e90
    55c0:	ed940b28 	vldr	d0, [r4, #160]	@ 0xa0
    55c4:	eeb01b40 	vmov.f64	d1, d0
    55c8:	ee300b01 	vadd.f64	d0, d0, d1
    55cc:	eeb08b40 	vmov.f64	d8, d0
    55d0:	e3a0c000 	mov	ip, #0
    55d4:	ec4cca11 	vmov	s2, s3, ip, ip
    55d8:	eeb40b41 	vcmp.f64	d0, d1
    55dc:	eef1fa10 	vmrs	APSR_nzcv, fpscr
    55e0:	0a000013 	beq	0x5634
    55e4:	e594201c 	ldr	r2, [r4, #28]
    55e8:	e5951030 	ldr	r1, [r5, #48]	@ 0x30
    55ec:	e59fee0c 	ldr	lr, [pc, #3596]	@ 0x6400
    55f0:	e7f2e2fc 	udf	#11820	@ 0x2e2c
    55f4:	2a000622 	bcs	0x6e84
    55f8:	e7e012f4 			@ <UNDEFINED> instruction: 0xe7e012f4
    55fc:	e1a01000 	mov	r1, r0
    5600:	e2400001 	sub	r0, r0, #1
    5604:	e594301c 	ldr	r3, [r4, #28]
    5608:	e5952030 	ldr	r2, [r5, #48]	@ 0x30
    560c:	e59fedec 	ldr	lr, [pc, #3564]	@ 0x6400
    5610:	e7f3e2fc 	udf	#15916	@ 0x3e2c
    5614:	2a00061a 	bcs	0x6e84
    5618:	e7d023f4 			@ <UNDEFINED> instruction: 0xe7d023f4
    561c:	e594c018 	ldr	ip, [r4, #24]
    5620:	e38c0020 	orr	r0, ip, #32
    5624:	e584003c 	str	r0, [r4, #60]	@ 0x3c
    5628:	e3500061 	cmp	r0, #97	@ 0x61
    562c:	1a000013 	bne	0x5680
    5630:	ea0004e6 	b	0x69d0
    5634:	e594c018 	ldr	ip, [r4, #24]
    5638:	e38c0020 	orr	r0, ip, #32
    563c:	e584003c 	str	r0, [r4, #60]	@ 0x3c
    5640:	e3500061 	cmp	r0, #97	@ 0x61
    5644:	0a0004e1 	beq	0x69d0
    5648:	e594c010 	ldr	ip, [r4, #16]
    564c:	e35c0000 	cmp	ip, #0
    5650:	e3a0e006 	mov	lr, #6
    5654:	e594c010 	ldr	ip, [r4, #16]
    5658:	a1a0e00c 	movge	lr, ip
    565c:	e584e040 	str	lr, [r4, #64]	@ 0x40
    5660:	e594201c 	ldr	r2, [r4, #28]
    5664:	e5950030 	ldr	r0, [r5, #48]	@ 0x30
    5668:	e59fed90 	ldr	lr, [pc, #3472]	@ 0x6400
    566c:	e7f2e2fc 	udf	#11820	@ 0x2e2c
    5670:	2a000603 	bcs	0x6e84
    5674:	e7ee02f4 			@ <UNDEFINED> instruction: 0xe7ee02f4
    5678:	e584e044 	str	lr, [r4, #68]	@ 0x44
    567c:	ea000012 	b	0x56cc
    5680:	e241101d 	sub	r1, r1, #29
    5684:	e5841044 	str	r1, [r4, #68]	@ 0x44
    5688:	e594201c 	ldr	r2, [r4, #28]
    568c:	e5950030 	ldr	r0, [r5, #48]	@ 0x30
    5690:	e59fed68 	ldr	lr, [pc, #3432]	@ 0x6400
    5694:	e7f2e2fc 	udf	#11820	@ 0x2e2c
    5698:	2a0005f9 	bcs	0x6e84
    569c:	e7d102f4 			@ <UNDEFINED> instruction: 0xe7d102f4
    56a0:	e594c010 	ldr	ip, [r4, #16]
    56a4:	e35c0000 	cmp	ip, #0
    56a8:	e3a0e006 	mov	lr, #6
    56ac:	e594c010 	ldr	ip, [r4, #16]
    56b0:	a1a0e00c 	movge	lr, ip
    56b4:	e584e040 	str	lr, [r4, #64]	@ 0x40
    56b8:	e3a0c000 	mov	ip, #0
    56bc:	e3a0e204 	mov	lr, #4, 4	@ 0x40000000
    56c0:	e38ee61b 	orr	lr, lr, #28311552	@ 0x1b00000
    56c4:	ec4eca10 	vmov	s0, s1, ip, lr
    56c8:	ee288b00 	vmul.f64	d8, d8, d0
    56cc:	e594c01c 	ldr	ip, [r4, #28]
    56d0:	e28c0030 	add	r0, ip, #48	@ 0x30
    56d4:	e594c044 	ldr	ip, [r4, #68]	@ 0x44
    56d8:	e35c0000 	cmp	ip, #0
    56dc:	e3a01000 	mov	r1, #0
    56e0:	a3a01f48 	movge	r1, #72, 30	@ 0x120
    56e4:	e0800001 	add	r0, r0, r1
    56e8:	e5840048 	str	r0, [r4, #72]	@ 0x48
    56ec:	e5840030 	str	r0, [r4, #48]	@ 0x30
    56f0:	eeb00b48 	vmov.f64	d0, d8
    56f4:	ec510a10 	vmov	r0, r1, s0, s1
    56f8:	e59fcd04 	ldr	ip, [pc, #3332]	@ 0x6404
    56fc:	e12fff3c 	blx	ip
    5700:	e1a01000 	mov	r1, r0
    5704:	e5943030 	ldr	r3, [r4, #48]	@ 0x30
    5708:	e5952030 	ldr	r2, [r5, #48]	@ 0x30
    570c:	e59fccec 	ldr	ip, [pc, #3308]	@ 0x6400
    5710:	e153000c 	cmp	r3, ip
    5714:	8a0005da 	bhi	0x6e84
    5718:	e7d023f4 			@ <UNDEFINED> instruction: 0xe7d023f4
    571c:	e594c030 	ldr	ip, [r4, #48]	@ 0x30
    5720:	e28ce004 	add	lr, ip, #4
    5724:	e584e030 	str	lr, [r4, #48]	@ 0x30
    5728:	ee071a10 	vmov	s14, r1
    572c:	eeb80b47 	vcvt.f64.u32	d0, s14
    5730:	ee380b40 	vsub.f64	d0, d8, d0
    5734:	e3a0c000 	mov	ip, #0
    5738:	e59fecc8 	ldr	lr, [pc, #3272]	@ 0x6408
    573c:	ec4eca11 	vmov	s2, s3, ip, lr
    5740:	ee200b01 	vmul.f64	d0, d0, d1
    5744:	eeb08b40 	vmov.f64	d8, d0
    5748:	e3a0c000 	mov	ip, #0
    574c:	ec4cca11 	vmov	s2, s3, ip, ip
    5750:	eeb40b41 	vcmp.f64	d0, d1
    5754:	eef1fa10 	vmrs	APSR_nzcv, fpscr
    5758:	1affffe4 	bne	0x56f0
    575c:	e594c044 	ldr	ip, [r4, #68]	@ 0x44
    5760:	e35c0001 	cmp	ip, #1
    5764:	aa000006 	bge	0x5784
    5768:	e594e044 	ldr	lr, [r4, #68]	@ 0x44
    576c:	e584e04c 	str	lr, [r4, #76]	@ 0x4c
    5770:	e594e030 	ldr	lr, [r4, #48]	@ 0x30
    5774:	e584e02c 	str	lr, [r4, #44]	@ 0x2c
    5778:	e594e048 	ldr	lr, [r4, #72]	@ 0x48
    577c:	e584e050 	str	lr, [r4, #80]	@ 0x50
    5780:	ea00007e 	b	0x5980
    5784:	e594e048 	ldr	lr, [r4, #72]	@ 0x48
    5788:	e584e050 	str	lr, [r4, #80]	@ 0x50
    578c:	e594e044 	ldr	lr, [r4, #68]	@ 0x44
    5790:	e584e04c 	str	lr, [r4, #76]	@ 0x4c
    5794:	e594c04c 	ldr	ip, [r4, #76]	@ 0x4c
    5798:	e35c001d 	cmp	ip, #29
    579c:	e3a0e01d 	mov	lr, #29
    57a0:	e594c04c 	ldr	ip, [r4, #76]	@ 0x4c
    57a4:	31a0e00c 	movcc	lr, ip
    57a8:	e584e04c 	str	lr, [r4, #76]	@ 0x4c
    57ac:	e594c030 	ldr	ip, [r4, #48]	@ 0x30
    57b0:	e24c0004 	sub	r0, ip, #4
    57b4:	e1a09000 	mov	r9, r0
    57b8:	e594c050 	ldr	ip, [r4, #80]	@ 0x50
    57bc:	e150000c 	cmp	r0, ip
    57c0:	3a000049 	bcc	0x58ec
    57c4:	e594704c 	ldr	r7, [r4, #76]	@ 0x4c
    57c8:	e3a08000 	mov	r8, #0
    57cc:	e3a06000 	mov	r6, #0
    57d0:	e3a03000 	mov	r3, #0
    57d4:	e1a0a009 	mov	sl, r9
    57d8:	e5952030 	ldr	r2, [r5, #48]	@ 0x30
    57dc:	e59fcc1c 	ldr	ip, [pc, #3100]	@ 0x6400
    57e0:	e15a000c 	cmp	sl, ip
    57e4:	8a0005a6 	bhi	0x6e84
    57e8:	e792000a 	ldr	r0, [r2, sl]
    57ec:	e3a01000 	mov	r1, #0
    57f0:	e1a02007 	mov	r2, r7
    57f4:	e3120020 	tst	r2, #32
    57f8:	1a000006 	bne	0x5818
    57fc:	e202201f 	and	r2, r2, #31
    5800:	e1a01211 	lsl	r1, r1, r2
    5804:	e1a0c0a0 	lsr	ip, r0, #1
    5808:	e222e01f 	eor	lr, r2, #31
    580c:	e1811e3c 	orr	r1, r1, ip, lsr lr
    5810:	e1a00210 	lsl	r0, r0, r2
    5814:	ea000002 	b	0x5824
    5818:	e202e01f 	and	lr, r2, #31
    581c:	e1a01e10 	lsl	r1, r0, lr
    5820:	e3a00000 	mov	r0, #0
    5824:	e090a006 	adds	sl, r0, r6
    5828:	e0a1b003 	adc	fp, r1, r3
    582c:	e584a074 	str	sl, [r4, #116]	@ 0x74
    5830:	e584b078 	str	fp, [r4, #120]	@ 0x78
    5834:	e59febd0 	ldr	lr, [pc, #3024]	@ 0x640c
    5838:	e58de00c 	str	lr, [sp, #12]
    583c:	e3a0e000 	mov	lr, #0
    5840:	e58de010 	str	lr, [sp, #16]
    5844:	e2840074 	add	r0, r4, #116	@ 0x74
    5848:	e28d100c 	add	r1, sp, #12
    584c:	e28d2004 	add	r2, sp, #4
    5850:	e59fcbb8 	ldr	ip, [pc, #3000]	@ 0x6410
    5854:	e12fff3c 	blx	ip
    5858:	e59d0004 	ldr	r0, [sp, #4]
    585c:	e59d1008 	ldr	r1, [sp, #8]
    5860:	e1a06000 	mov	r6, r0
    5864:	e1a03001 	mov	r3, r1
    5868:	e1a02001 	mov	r2, r1
    586c:	e59f1b98 	ldr	r1, [pc, #2968]	@ 0x640c
    5870:	e0020192 	mul	r2, r2, r1
    5874:	e0810091 	umull	r0, r1, r1, r0
    5878:	e0822001 	add	r2, r2, r1
    587c:	e1a01002 	mov	r1, r2
    5880:	e05aa000 	subs	sl, sl, r0
    5884:	e0cbb001 	sbc	fp, fp, r1
    5888:	e1a01009 	mov	r1, r9
    588c:	e5950030 	ldr	r0, [r5, #48]	@ 0x30
    5890:	e59fcb68 	ldr	ip, [pc, #2920]	@ 0x6400
    5894:	e151000c 	cmp	r1, ip
    5898:	8a000579 	bhi	0x6e84
    589c:	e780a001 	str	sl, [r0, r1]
    58a0:	e2490004 	sub	r0, r9, #4
    58a4:	e1a09000 	mov	r9, r0
    58a8:	e594c050 	ldr	ip, [r4, #80]	@ 0x50
    58ac:	e150000c 	cmp	r0, ip
    58b0:	2affffc7 	bcs	0x57d4
    58b4:	e594c074 	ldr	ip, [r4, #116]	@ 0x74
    58b8:	e59feb4c 	ldr	lr, [pc, #2892]	@ 0x640c
    58bc:	e15c000e 	cmp	ip, lr
    58c0:	e594c078 	ldr	ip, [r4, #120]	@ 0x78
    58c4:	e2dcc000 	sbcs	ip, ip, #0
    58c8:	3a000007 	bcc	0x58ec
    58cc:	e594c050 	ldr	ip, [r4, #80]	@ 0x50
    58d0:	e24c0004 	sub	r0, ip, #4
    58d4:	e5840050 	str	r0, [r4, #80]	@ 0x50
    58d8:	e5951030 	ldr	r1, [r5, #48]	@ 0x30
    58dc:	e59fcb1c 	ldr	ip, [pc, #2844]	@ 0x6400
    58e0:	e150000c 	cmp	r0, ip
    58e4:	8a000566 	bhi	0x6e84
    58e8:	e7816000 	str	r6, [r1, r0]
    58ec:	e594e030 	ldr	lr, [r4, #48]	@ 0x30
    58f0:	e584e02c 	str	lr, [r4, #44]	@ 0x2c
    58f4:	e594e050 	ldr	lr, [r4, #80]	@ 0x50
    58f8:	e594c030 	ldr	ip, [r4, #48]	@ 0x30
    58fc:	e15c000e 	cmp	ip, lr
    5900:	9a00000a 	bls	0x5930
    5904:	e594c02c 	ldr	ip, [r4, #44]	@ 0x2c
    5908:	e24c0004 	sub	r0, ip, #4
    590c:	e5840030 	str	r0, [r4, #48]	@ 0x30
    5910:	e1a02000 	mov	r2, r0
    5914:	e5951030 	ldr	r1, [r5, #48]	@ 0x30
    5918:	e59fcae0 	ldr	ip, [pc, #2784]	@ 0x6400
    591c:	e152000c 	cmp	r2, ip
    5920:	8a000557 	bhi	0x6e84
    5924:	e7e012f4 			@ <UNDEFINED> instruction: 0xe7e012f4
    5928:	e3500000 	cmp	r0, #0
    592c:	0affffee 	beq	0x58ec
    5930:	e594201c 	ldr	r2, [r4, #28]
    5934:	e5951030 	ldr	r1, [r5, #48]	@ 0x30
    5938:	e59feac0 	ldr	lr, [pc, #2752]	@ 0x6400
    593c:	e7f2e2fc 	udf	#11820	@ 0x2e2c
    5940:	2a00054f 	bcs	0x6e84
    5944:	e7e012f4 			@ <UNDEFINED> instruction: 0xe7e012f4
    5948:	e594c04c 	ldr	ip, [r4, #76]	@ 0x4c
    594c:	e040000c 	sub	r0, r0, ip
    5950:	e584004c 	str	r0, [r4, #76]	@ 0x4c
    5954:	e594201c 	ldr	r2, [r4, #28]
    5958:	e5951030 	ldr	r1, [r5, #48]	@ 0x30
    595c:	e59fea9c 	ldr	lr, [pc, #2716]	@ 0x6400
    5960:	e7f2e2fc 	udf	#11820	@ 0x2e2c
    5964:	2a000546 	bcs	0x6e84
    5968:	e7d012f4 			@ <UNDEFINED> instruction: 0xe7d012f4
    596c:	e594e02c 	ldr	lr, [r4, #44]	@ 0x2c
    5970:	e584e030 	str	lr, [r4, #48]	@ 0x30
    5974:	e594c04c 	ldr	ip, [r4, #76]	@ 0x4c
    5978:	e35c0000 	cmp	ip, #0
    597c:	caffff84 	bgt	0x5794
    5980:	e594c04c 	ldr	ip, [r4, #76]	@ 0x4c
    5984:	e37c0001 	cmn	ip, #1
    5988:	ca00007c 	bgt	0x5b80
    598c:	e594c040 	ldr	ip, [r4, #64]	@ 0x40
    5990:	e28c0019 	add	r0, ip, #25
    5994:	e3a01009 	mov	r1, #9
    5998:	e52d3010 	str	r3, [sp, #-16]!
    599c:	e58d2004 	str	r2, [sp, #4]
    59a0:	e58d1008 	str	r1, [sp, #8]
    59a4:	e59fca68 	ldr	ip, [pc, #2664]	@ 0x6414
    59a8:	e12fff3c 	blx	ip
    59ac:	e59d1008 	ldr	r1, [sp, #8]
    59b0:	e59d2004 	ldr	r2, [sp, #4]
    59b4:	e49d3010 	ldr	r3, [sp], #16
    59b8:	e280e001 	add	lr, r0, #1
    59bc:	e584e054 	str	lr, [r4, #84]	@ 0x54
    59c0:	e594c03c 	ldr	ip, [r4, #60]	@ 0x3c
    59c4:	e35c0066 	cmp	ip, #102	@ 0x66
    59c8:	e3a0c000 	mov	ip, #0
    59cc:	03a0c001 	moveq	ip, #1
    59d0:	e584c058 	str	ip, [r4, #88]	@ 0x58
    59d4:	e594c04c 	ldr	ip, [r4, #76]	@ 0x4c
    59d8:	e26c1000 	rsb	r1, ip, #0
    59dc:	e1a02001 	mov	r2, r1
    59e0:	e3520009 	cmp	r2, #9
    59e4:	23a01009 	movcs	r1, #9
    59e8:	e594e02c 	ldr	lr, [r4, #44]	@ 0x2c
    59ec:	e594c050 	ldr	ip, [r4, #80]	@ 0x50
    59f0:	e15c000e 	cmp	ip, lr
    59f4:	3a000009 	bcc	0x5a20
    59f8:	e5946050 	ldr	r6, [r4, #80]	@ 0x50
    59fc:	e5953030 	ldr	r3, [r5, #48]	@ 0x30
    5a00:	e59fc9f8 	ldr	ip, [pc, #2552]	@ 0x6400
    5a04:	e156000c 	cmp	r6, ip
    5a08:	8a00051d 	bhi	0x6e84
    5a0c:	e7e236f4 			@ <UNDEFINED> instruction: 0xe7e236f4
    5a10:	e3520000 	cmp	r2, #0
    5a14:	e3a03000 	mov	r3, #0
    5a18:	03a03004 	moveq	r3, #4
    5a1c:	ea000033 	b	0x5af0
    5a20:	e59fc9e4 	ldr	ip, [pc, #2532]	@ 0x640c
    5a24:	e201e01f 	and	lr, r1, #31
    5a28:	e1a02e3c 	lsr	r2, ip, lr
    5a2c:	e3e0c000 	mvn	ip, #0
    5a30:	e201e01f 	and	lr, r1, #31
    5a34:	e1a06e1c 	lsl	r6, ip, lr
    5a38:	e1e06006 	mvn	r6, r6
    5a3c:	e3a07000 	mov	r7, #0
    5a40:	e5948050 	ldr	r8, [r4, #80]	@ 0x50
    5a44:	e1a0b008 	mov	fp, r8
    5a48:	e595a030 	ldr	sl, [r5, #48]	@ 0x30
    5a4c:	e59fc9ac 	ldr	ip, [pc, #2476]	@ 0x6400
    5a50:	e15b000c 	cmp	fp, ip
    5a54:	8a00050a 	bhi	0x6e84
    5a58:	e7e9abf4 			@ <UNDEFINED> instruction: 0xe7e9abf4
    5a5c:	e1a0a009 	mov	sl, r9
    5a60:	e201e01f 	and	lr, r1, #31
    5a64:	e1a09e39 	lsr	r9, r9, lr
    5a68:	e0899007 	add	r9, r9, r7
    5a6c:	e1a00008 	mov	r0, r8
    5a70:	e595b030 	ldr	fp, [r5, #48]	@ 0x30
    5a74:	e59fc984 	ldr	ip, [pc, #2436]	@ 0x6400
    5a78:	e150000c 	cmp	r0, ip
    5a7c:	8a000500 	bhi	0x6e84
    5a80:	e7d9b0f4 			@ <UNDEFINED> instruction: 0xe7d9b0f4
    5a84:	e00aa006 	and	sl, sl, r6
    5a88:	e007029a 	mul	r7, sl, r2
    5a8c:	e2880004 	add	r0, r8, #4
    5a90:	e1a08000 	mov	r8, r0
    5a94:	e594c02c 	ldr	ip, [r4, #44]	@ 0x2c
    5a98:	e150000c 	cmp	r0, ip
    5a9c:	3affffe8 	bcc	0x5a44
    5aa0:	e5946050 	ldr	r6, [r4, #80]	@ 0x50
    5aa4:	e5952030 	ldr	r2, [r5, #48]	@ 0x30
    5aa8:	e59fc950 	ldr	ip, [pc, #2384]	@ 0x6400
    5aac:	e156000c 	cmp	r6, ip
    5ab0:	8a0004f3 	bhi	0x6e84
    5ab4:	e7e026f4 			@ <UNDEFINED> instruction: 0xe7e026f4
    5ab8:	e3500000 	cmp	r0, #0
    5abc:	e3a03000 	mov	r3, #0
    5ac0:	03a03004 	moveq	r3, #4
    5ac4:	e3570000 	cmp	r7, #0
    5ac8:	0a000008 	beq	0x5af0
    5acc:	e594202c 	ldr	r2, [r4, #44]	@ 0x2c
    5ad0:	e5950030 	ldr	r0, [r5, #48]	@ 0x30
    5ad4:	e59fc924 	ldr	ip, [pc, #2340]	@ 0x6400
    5ad8:	e152000c 	cmp	r2, ip
    5adc:	8a0004e8 	bhi	0x6e84
    5ae0:	e7d702f4 			@ <UNDEFINED> instruction: 0xe7d702f4
    5ae4:	e594c02c 	ldr	ip, [r4, #44]	@ 0x2c
    5ae8:	e28ce004 	add	lr, ip, #4
    5aec:	e584e02c 	str	lr, [r4, #44]	@ 0x2c
    5af0:	e594601c 	ldr	r6, [r4, #28]
    5af4:	e5952030 	ldr	r2, [r5, #48]	@ 0x30
    5af8:	e59fe900 	ldr	lr, [pc, #2304]	@ 0x6400
    5afc:	e7f6e2fc 	udf	#28204	@ 0x6e2c
    5b00:	2a0004df 	bcs	0x6e84
    5b04:	e7e026f4 			@ <UNDEFINED> instruction: 0xe7e026f4
    5b08:	e0800001 	add	r0, r0, r1
    5b0c:	e584004c 	str	r0, [r4, #76]	@ 0x4c
    5b10:	e594201c 	ldr	r2, [r4, #28]
    5b14:	e5951030 	ldr	r1, [r5, #48]	@ 0x30
    5b18:	e59fe8e0 	ldr	lr, [pc, #2272]	@ 0x6400
    5b1c:	e7f2e2fc 	udf	#11820	@ 0x2e2c
    5b20:	2a0004d7 	bcs	0x6e84
    5b24:	e7d012f4 			@ <UNDEFINED> instruction: 0xe7d012f4
    5b28:	e594c050 	ldr	ip, [r4, #80]	@ 0x50
    5b2c:	e08c3003 	add	r3, ip, r3
    5b30:	e5843050 	str	r3, [r4, #80]	@ 0x50
    5b34:	e594c058 	ldr	ip, [r4, #88]	@ 0x58
    5b38:	e35c0000 	cmp	ip, #0
    5b3c:	e594c048 	ldr	ip, [r4, #72]	@ 0x48
    5b40:	11a0300c 	movne	r3, ip
    5b44:	e1a00003 	mov	r0, r3
    5b48:	e594c054 	ldr	ip, [r4, #84]	@ 0x54
    5b4c:	e1a0110c 	lsl	r1, ip, #2
    5b50:	e0833001 	add	r3, r3, r1
    5b54:	e594c02c 	ldr	ip, [r4, #44]	@ 0x2c
    5b58:	e04c0000 	sub	r0, ip, r0
    5b5c:	e1a00140 	asr	r0, r0, #2
    5b60:	e594c054 	ldr	ip, [r4, #84]	@ 0x54
    5b64:	e150000c 	cmp	r0, ip
    5b68:	e594e02c 	ldr	lr, [r4, #44]	@ 0x2c
    5b6c:	c1a0e003 	movgt	lr, r3
    5b70:	e584e02c 	str	lr, [r4, #44]	@ 0x2c
    5b74:	e594c04c 	ldr	ip, [r4, #76]	@ 0x4c
    5b78:	e35c0000 	cmp	ip, #0
    5b7c:	baffff94 	blt	0x59d4
    5b80:	e3a06000 	mov	r6, #0
    5b84:	e594e02c 	ldr	lr, [r4, #44]	@ 0x2c
    5b88:	e594c050 	ldr	ip, [r4, #80]	@ 0x50
    5b8c:	e15c000e 	cmp	ip, lr
    5b90:	2a000015 	bcs	0x5bec
    5b94:	e594e050 	ldr	lr, [r4, #80]	@ 0x50
    5b98:	e594c048 	ldr	ip, [r4, #72]	@ 0x48
    5b9c:	e04c000e 	sub	r0, ip, lr
    5ba0:	e1a00140 	asr	r0, r0, #2
    5ba4:	e3a0c009 	mov	ip, #9
    5ba8:	e0060c90 	mul	r6, r0, ip
    5bac:	e3a0000a 	mov	r0, #10
    5bb0:	e5943050 	ldr	r3, [r4, #80]	@ 0x50
    5bb4:	e5952030 	ldr	r2, [r5, #48]	@ 0x30
    5bb8:	e59fc840 	ldr	ip, [pc, #2112]	@ 0x6400
    5bbc:	e153000c 	cmp	r3, ip
    5bc0:	8a0004af 	bhi	0x6e84
    5bc4:	e7e123f4 			@ <UNDEFINED> instruction: 0xe7e123f4
    5bc8:	e1a02001 	mov	r2, r1
    5bcc:	e351000a 	cmp	r1, #10
    5bd0:	3a000005 	bcc	0x5bec
    5bd4:	e2866001 	add	r6, r6, #1
    5bd8:	e3a0c00a 	mov	ip, #10
    5bdc:	e0010c90 	mul	r1, r0, ip
    5be0:	e1a00001 	mov	r0, r1
    5be4:	e1520001 	cmp	r2, r1
    5be8:	2afffff9 	bcs	0x5bd4
    5bec:	e594c03c 	ldr	ip, [r4, #60]	@ 0x3c
    5bf0:	e35c0066 	cmp	ip, #102	@ 0x66
    5bf4:	e3a00000 	mov	r0, #0
    5bf8:	11a00006 	movne	r0, r6
    5bfc:	e594c040 	ldr	ip, [r4, #64]	@ 0x40
    5c00:	e04c0000 	sub	r0, ip, r0
    5c04:	e594c040 	ldr	ip, [r4, #64]	@ 0x40
    5c08:	e35c0000 	cmp	ip, #0
    5c0c:	e3a01000 	mov	r1, #0
    5c10:	13a01001 	movne	r1, #1
    5c14:	e594c03c 	ldr	ip, [r4, #60]	@ 0x3c
    5c18:	e35c0067 	cmp	ip, #103	@ 0x67
    5c1c:	e3a02000 	mov	r2, #0
    5c20:	03a02001 	moveq	r2, #1
    5c24:	e0011002 	and	r1, r1, r2
    5c28:	e0400001 	sub	r0, r0, r1
    5c2c:	e1a01000 	mov	r1, r0
    5c30:	e594e048 	ldr	lr, [r4, #72]	@ 0x48
    5c34:	e594c02c 	ldr	ip, [r4, #44]	@ 0x2c
    5c38:	e04c200e 	sub	r2, ip, lr
    5c3c:	e1a02142 	asr	r2, r2, #2
    5c40:	e3a0c009 	mov	ip, #9
    5c44:	e0020c92 	mul	r2, r2, ip
    5c48:	e2422009 	sub	r2, r2, #9
    5c4c:	e1500002 	cmp	r0, r2
    5c50:	aa0000df 	bge	0x5fd4
    5c54:	e3a0200a 	mov	r2, #10
    5c58:	e2813d90 	add	r3, r1, #144, 26	@ 0x2400
    5c5c:	e1a00003 	mov	r0, r3
    5c60:	e3a01009 	mov	r1, #9
    5c64:	e52d3010 	str	r3, [sp, #-16]!
    5c68:	e58d2004 	str	r2, [sp, #4]
    5c6c:	e58d1008 	str	r1, [sp, #8]
    5c70:	e59fc7a0 	ldr	ip, [pc, #1952]	@ 0x6418
    5c74:	e12fff3c 	blx	ip
    5c78:	e59d1008 	ldr	r1, [sp, #8]
    5c7c:	e59d2004 	ldr	r2, [sp, #4]
    5c80:	e49d3010 	ldr	r3, [sp], #16
    5c84:	e1a01000 	mov	r1, r0
    5c88:	e3a0c009 	mov	ip, #9
    5c8c:	e0000c90 	mul	r0, r0, ip
    5c90:	e0433000 	sub	r3, r3, r0
    5c94:	e1a00003 	mov	r0, r3
    5c98:	e3530007 	cmp	r3, #7
    5c9c:	ca000005 	bgt	0x5cb8
    5ca0:	e3a0c00a 	mov	ip, #10
    5ca4:	e0020c92 	mul	r2, r2, ip
    5ca8:	e2803001 	add	r3, r0, #1
    5cac:	e1a00003 	mov	r0, r3
    5cb0:	e3530008 	cmp	r3, #8
    5cb4:	1afffff9 	bne	0x5ca0
    5cb8:	e594c01c 	ldr	ip, [r4, #28]
    5cbc:	e28c0030 	add	r0, ip, #48	@ 0x30
    5cc0:	e594c044 	ldr	ip, [r4, #68]	@ 0x44
    5cc4:	e35c0000 	cmp	ip, #0
    5cc8:	e3e03c0f 	mvn	r3, #3840	@ 0xf00
    5ccc:	e3c330fb 	bic	r3, r3, #251	@ 0xfb
    5cd0:	e3e0cc0e 	mvn	ip, #3584	@ 0xe00
    5cd4:	e3ccc0db 	bic	ip, ip, #219	@ 0xdb
    5cd8:	a1a0300c 	movge	r3, ip
    5cdc:	e0800003 	add	r0, r0, r3
    5ce0:	e1a01101 	lsl	r1, r1, #2
    5ce4:	e0800001 	add	r0, r0, r1
    5ce8:	e1a03000 	mov	r3, r0
    5cec:	e2807004 	add	r7, r0, #4
    5cf0:	e1a01003 	mov	r1, r3
    5cf4:	e5950030 	ldr	r0, [r5, #48]	@ 0x30
    5cf8:	e59fc700 	ldr	ip, [pc, #1792]	@ 0x6400
    5cfc:	e151000c 	cmp	r1, ip
    5d00:	8a00045f 	bhi	0x6e84
    5d04:	e7e801f4 			@ <UNDEFINED> instruction: 0xe7e801f4
    5d08:	e1a09008 	mov	r9, r8
    5d0c:	e1a00009 	mov	r0, r9
    5d10:	e1a01002 	mov	r1, r2
    5d14:	e3510000 	cmp	r1, #0
    5d18:	0a000457 	beq	0x6e7c
    5d1c:	e52d3010 	str	r3, [sp, #-16]!
    5d20:	e58d2004 	str	r2, [sp, #4]
    5d24:	e58d1008 	str	r1, [sp, #8]
    5d28:	e59fc6ec 	ldr	ip, [pc, #1772]	@ 0x641c
    5d2c:	e12fff3c 	blx	ip
    5d30:	e59d1008 	ldr	r1, [sp, #8]
    5d34:	e59d2004 	ldr	r2, [sp, #4]
    5d38:	e49d3010 	ldr	r3, [sp], #16
    5d3c:	e5840054 	str	r0, [r4, #84]	@ 0x54
    5d40:	e0000290 	mul	r0, r0, r2
    5d44:	e0488000 	sub	r8, r8, r0
    5d48:	e1a00008 	mov	r0, r8
    5d4c:	e3580000 	cmp	r8, #0
    5d50:	1a000002 	bne	0x5d60
    5d54:	e594c02c 	ldr	ip, [r4, #44]	@ 0x2c
    5d58:	e157000c 	cmp	r7, ip
    5d5c:	0a000095 	beq	0x5fb8
    5d60:	e594c054 	ldr	ip, [r4, #84]	@ 0x54
    5d64:	e31c0001 	tst	ip, #1
    5d68:	1a000013 	bne	0x5dbc
    5d6c:	e3a0c000 	mov	ip, #0
    5d70:	e3a0e101 	mov	lr, #1073741824	@ 0x40000000
    5d74:	e38ee50d 	orr	lr, lr, #54525952	@ 0x3400000
    5d78:	ec4eca10 	vmov	s0, s1, ip, lr
    5d7c:	e59fc688 	ldr	ip, [pc, #1672]	@ 0x640c
    5d80:	e152000c 	cmp	r2, ip
    5d84:	1a000010 	bne	0x5dcc
    5d88:	e594c050 	ldr	ip, [r4, #80]	@ 0x50
    5d8c:	e153000c 	cmp	r3, ip
    5d90:	9a00000d 	bls	0x5dcc
    5d94:	e2431004 	sub	r1, r3, #4
    5d98:	e1a0a001 	mov	sl, r1
    5d9c:	e5958030 	ldr	r8, [r5, #48]	@ 0x30
    5da0:	e3e0c4fe 	mvn	ip, #-33554432	@ 0xfe000000
    5da4:	e3ccc8fe 	bic	ip, ip, #16646144	@ 0xfe0000
    5da8:	e15a000c 	cmp	sl, ip
    5dac:	8a000434 	bhi	0x6e84
    5db0:	e7e18af0 			@ <UNDEFINED> instruction: 0xe7e18af0
    5db4:	e3110001 	tst	r1, #1
    5db8:	0a000003 	beq	0x5dcc
    5dbc:	e3a0c001 	mov	ip, #1
    5dc0:	e3a0e101 	mov	lr, #1073741824	@ 0x40000000
    5dc4:	e38ee50d 	orr	lr, lr, #54525952	@ 0x3400000
    5dc8:	ec4eca10 	vmov	s0, s1, ip, lr
    5dcc:	e594c02c 	ldr	ip, [r4, #44]	@ 0x2c
    5dd0:	e157000c 	cmp	r7, ip
    5dd4:	e3a0c000 	mov	ip, #0
    5dd8:	e3a0e203 	mov	lr, #805306368	@ 0x30000000
    5ddc:	e38ee6ff 	orr	lr, lr, #267386880	@ 0xff00000
    5de0:	ec4eca11 	vmov	s2, s3, ip, lr
    5de4:	e3a0c000 	mov	ip, #0
    5de8:	e3a0e30f 	mov	lr, #1006632960	@ 0x3c000000
    5dec:	e38ee7fe 	orr	lr, lr, #66584576	@ 0x3f80000
    5df0:	ec4eca12 	vmov	s4, s5, ip, lr
    5df4:	eeb03b41 	vmov.f64	d3, d1
    5df8:	1eb03b42 	vmovne.f64	d3, d2
    5dfc:	e1a010a2 	lsr	r1, r2, #1
    5e00:	e1a07001 	mov	r7, r1
    5e04:	e1500001 	cmp	r0, r1
    5e08:	e3a0c000 	mov	ip, #0
    5e0c:	e3a0e30f 	mov	lr, #1006632960	@ 0x3c000000
    5e10:	e38ee7fe 	orr	lr, lr, #66584576	@ 0x3f80000
    5e14:	ec4eca11 	vmov	s2, s3, ip, lr
    5e18:	1eb03b41 	vmovne.f64	d3, d1
    5e1c:	e1500007 	cmp	r0, r7
    5e20:	e3a0c000 	mov	ip, #0
    5e24:	e3a0e203 	mov	lr, #805306368	@ 0x30000000
    5e28:	e38ee6fe 	orr	lr, lr, #266338304	@ 0xfe00000
    5e2c:	ec4eca11 	vmov	s2, s3, ip, lr
    5e30:	3eb03b41 	vmovcc.f64	d3, d1
    5e34:	e594c020 	ldr	ip, [r4, #32]
    5e38:	e35c0000 	cmp	ip, #0
    5e3c:	1a00000a 	bne	0x5e6c
    5e40:	e5948028 	ldr	r8, [r4, #40]	@ 0x28
    5e44:	e5957030 	ldr	r7, [r5, #48]	@ 0x30
    5e48:	e3e0c4fe 	mvn	ip, #-33554432	@ 0xfe000000
    5e4c:	e3ccc8fe 	bic	ip, ip, #16646144	@ 0xfe0000
    5e50:	e158000c 	cmp	r8, ip
    5e54:	8a00040a 	bhi	0x6e84
    5e58:	e7e178f0 			@ <UNDEFINED> instruction: 0xe7e178f0
    5e5c:	e351002d 	cmp	r1, #45	@ 0x2d
    5e60:	1a000001 	bne	0x5e6c
    5e64:	eeb13b43 	vneg.f64	d3, d3
    5e68:	eeb10b40 	vneg.f64	d0, d0
    5e6c:	e0499000 	sub	r9, r9, r0
    5e70:	e1a00009 	mov	r0, r9
    5e74:	e1a07003 	mov	r7, r3
    5e78:	e5951030 	ldr	r1, [r5, #48]	@ 0x30
    5e7c:	e59fc57c 	ldr	ip, [pc, #1404]	@ 0x6400
    5e80:	e157000c 	cmp	r7, ip
    5e84:	8a0003fe 	bhi	0x6e84
    5e88:	e7d917f4 			@ <UNDEFINED> instruction: 0xe7d917f4
    5e8c:	ee303b03 	vadd.f64	d3, d0, d3
    5e90:	eeb43b40 	vcmp.f64	d3, d0
    5e94:	eef1fa10 	vmrs	APSR_nzcv, fpscr
    5e98:	0a000046 	beq	0x5fb8
    5e9c:	e0800002 	add	r0, r0, r2
    5ea0:	e1a01000 	mov	r1, r0
    5ea4:	e1a07003 	mov	r7, r3
    5ea8:	e5952030 	ldr	r2, [r5, #48]	@ 0x30
    5eac:	e59fc54c 	ldr	ip, [pc, #1356]	@ 0x6400
    5eb0:	e157000c 	cmp	r7, ip
    5eb4:	8a0003f2 	bhi	0x6e84
    5eb8:	e7d027f4 			@ <UNDEFINED> instruction: 0xe7d027f4
    5ebc:	e59fc548 	ldr	ip, [pc, #1352]	@ 0x640c
    5ec0:	e151000c 	cmp	r1, ip
    5ec4:	3a000025 	bcc	0x5f60
    5ec8:	e1a01003 	mov	r1, r3
    5ecc:	e5950030 	ldr	r0, [r5, #48]	@ 0x30
    5ed0:	e59fc528 	ldr	ip, [pc, #1320]	@ 0x6400
    5ed4:	e151000c 	cmp	r1, ip
    5ed8:	8a0003e9 	bhi	0x6e84
    5edc:	e3a02000 	mov	r2, #0
    5ee0:	e7d201f4 			@ <UNDEFINED> instruction: 0xe7d201f4
    5ee4:	e2430004 	sub	r0, r3, #4
    5ee8:	e1a03000 	mov	r3, r0
    5eec:	e594c050 	ldr	ip, [r4, #80]	@ 0x50
    5ef0:	e150000c 	cmp	r0, ip
    5ef4:	2a000008 	bcs	0x5f1c
    5ef8:	e594c050 	ldr	ip, [r4, #80]	@ 0x50
    5efc:	e24c0004 	sub	r0, ip, #4
    5f00:	e5840050 	str	r0, [r4, #80]	@ 0x50
    5f04:	e5951030 	ldr	r1, [r5, #48]	@ 0x30
    5f08:	e59fc4f0 	ldr	ip, [pc, #1264]	@ 0x6400
    5f0c:	e150000c 	cmp	r0, ip
    5f10:	8a0003db 	bhi	0x6e84
    5f14:	e3a02000 	mov	r2, #0
    5f18:	e7d210f4 			@ <UNDEFINED> instruction: 0xe7d210f4
    5f1c:	e1a02003 	mov	r2, r3
    5f20:	e5951030 	ldr	r1, [r5, #48]	@ 0x30
    5f24:	e59fc4d4 	ldr	ip, [pc, #1236]	@ 0x6400
    5f28:	e152000c 	cmp	r2, ip
    5f2c:	8a0003d4 	bhi	0x6e84
    5f30:	e7e012f4 			@ <UNDEFINED> instruction: 0xe7e012f4
    5f34:	e2800001 	add	r0, r0, #1
    5f38:	e1a01000 	mov	r1, r0
    5f3c:	e1a07003 	mov	r7, r3
    5f40:	e5952030 	ldr	r2, [r5, #48]	@ 0x30
    5f44:	e59fc4b4 	ldr	ip, [pc, #1204]	@ 0x6400
    5f48:	e157000c 	cmp	r7, ip
    5f4c:	8a0003cc 	bhi	0x6e84
    5f50:	e7d027f4 			@ <UNDEFINED> instruction: 0xe7d027f4
    5f54:	e59fc4c4 	ldr	ip, [pc, #1220]	@ 0x6420
    5f58:	e151000c 	cmp	r1, ip
    5f5c:	8affffd9 	bhi	0x5ec8
    5f60:	e594e050 	ldr	lr, [r4, #80]	@ 0x50
    5f64:	e594c048 	ldr	ip, [r4, #72]	@ 0x48
    5f68:	e04c000e 	sub	r0, ip, lr
    5f6c:	e1a00140 	asr	r0, r0, #2
    5f70:	e3a0c009 	mov	ip, #9
    5f74:	e0060c90 	mul	r6, r0, ip
    5f78:	e3a0000a 	mov	r0, #10
    5f7c:	e5947050 	ldr	r7, [r4, #80]	@ 0x50
    5f80:	e5952030 	ldr	r2, [r5, #48]	@ 0x30
    5f84:	e59fc474 	ldr	ip, [pc, #1140]	@ 0x6400
    5f88:	e157000c 	cmp	r7, ip
    5f8c:	8a0003bc 	bhi	0x6e84
    5f90:	e7e127f4 			@ <UNDEFINED> instruction: 0xe7e127f4
    5f94:	e1a02001 	mov	r2, r1
    5f98:	e351000a 	cmp	r1, #10
    5f9c:	3a000005 	bcc	0x5fb8
    5fa0:	e2866001 	add	r6, r6, #1
    5fa4:	e3a0c00a 	mov	ip, #10
    5fa8:	e0010c90 	mul	r1, r0, ip
    5fac:	e1a00001 	mov	r0, r1
    5fb0:	e1520001 	cmp	r2, r1
    5fb4:	2afffff9 	bcs	0x5fa0
    5fb8:	e2833004 	add	r3, r3, #4
    5fbc:	e1a00003 	mov	r0, r3
    5fc0:	e594c02c 	ldr	ip, [r4, #44]	@ 0x2c
    5fc4:	e15c0000 	cmp	ip, r0
    5fc8:	e594e02c 	ldr	lr, [r4, #44]	@ 0x2c
    5fcc:	81a0e003 	movhi	lr, r3
    5fd0:	e584e02c 	str	lr, [r4, #44]	@ 0x2c
    5fd4:	e594702c 	ldr	r7, [r4, #44]	@ 0x2c
    5fd8:	e594e050 	ldr	lr, [r4, #80]	@ 0x50
    5fdc:	e594c02c 	ldr	ip, [r4, #44]	@ 0x2c
    5fe0:	e15c000e 	cmp	ip, lr
    5fe4:	e3a00000 	mov	r0, #0
    5fe8:	93a00001 	movls	r0, #1
    5fec:	e1a01000 	mov	r1, r0
    5ff0:	e3500000 	cmp	r0, #0
    5ff4:	1a000009 	bne	0x6020
    5ff8:	e2470004 	sub	r0, r7, #4
    5ffc:	e584002c 	str	r0, [r4, #44]	@ 0x2c
    6000:	e1a03000 	mov	r3, r0
    6004:	e5952030 	ldr	r2, [r5, #48]	@ 0x30
    6008:	e59fc3f0 	ldr	ip, [pc, #1008]	@ 0x6400
    600c:	e153000c 	cmp	r3, ip
    6010:	8a00039b 	bhi	0x6e84
    6014:	e7e023f4 			@ <UNDEFINED> instruction: 0xe7e023f4
    6018:	e3500000 	cmp	r0, #0
    601c:	0affffec 	beq	0x5fd4
    6020:	e594c03c 	ldr	ip, [r4, #60]	@ 0x3c
    6024:	e35c0067 	cmp	ip, #103	@ 0x67
    6028:	0a000003 	beq	0x603c
    602c:	e594c014 	ldr	ip, [r4, #20]
    6030:	e20ce008 	and	lr, ip, #8
    6034:	e584e05c 	str	lr, [r4, #92]	@ 0x5c
    6038:	ea00006f 	b	0x61fc
    603c:	e1e00006 	mvn	r0, r6
    6040:	e594c040 	ldr	ip, [r4, #64]	@ 0x40
    6044:	e35c0000 	cmp	ip, #0
    6048:	e3a02001 	mov	r2, #1
    604c:	e594c040 	ldr	ip, [r4, #64]	@ 0x40
    6050:	11a0200c 	movne	r2, ip
    6054:	e1a03002 	mov	r3, r2
    6058:	e1520006 	cmp	r2, r6
    605c:	e3a02000 	mov	r2, #0
    6060:	c3a02001 	movgt	r2, #1
    6064:	e3760005 	cmn	r6, #5
    6068:	e3a09000 	mov	r9, #0
    606c:	c3a09001 	movgt	r9, #1
    6070:	e0022009 	and	r2, r2, r9
    6074:	e1a09002 	mov	r9, r2
    6078:	e3520000 	cmp	r2, #0
    607c:	03e00000 	mvneq	r0, #0
    6080:	e080e003 	add	lr, r0, r3
    6084:	e584e040 	str	lr, [r4, #64]	@ 0x40
    6088:	e3590000 	cmp	r9, #0
    608c:	e3e00000 	mvn	r0, #0
    6090:	03e00001 	mvneq	r0, #1
    6094:	e594c018 	ldr	ip, [r4, #24]
    6098:	e080e00c 	add	lr, r0, ip
    609c:	e584e018 	str	lr, [r4, #24]
    60a0:	e594c014 	ldr	ip, [r4, #20]
    60a4:	e20c0008 	and	r0, ip, #8
    60a8:	e584005c 	str	r0, [r4, #92]	@ 0x5c
    60ac:	e3500000 	cmp	r0, #0
    60b0:	1a000051 	bne	0x61fc
    60b4:	e3e02008 	mvn	r2, #8
    60b8:	e3510000 	cmp	r1, #0
    60bc:	1a000029 	bne	0x6168
    60c0:	e2470004 	sub	r0, r7, #4
    60c4:	e1a03000 	mov	r3, r0
    60c8:	e5951030 	ldr	r1, [r5, #48]	@ 0x30
    60cc:	e59fc32c 	ldr	ip, [pc, #812]	@ 0x6400
    60d0:	e153000c 	cmp	r3, ip
    60d4:	8a00036a 	bhi	0x6e84
    60d8:	e7e013f4 			@ <UNDEFINED> instruction: 0xe7e013f4
    60dc:	e1a03000 	mov	r3, r0
    60e0:	e3500000 	cmp	r0, #0
    60e4:	0a00001f 	beq	0x6168
    60e8:	e3a0900a 	mov	r9, #10
    60ec:	e3a02000 	mov	r2, #0
    60f0:	e1a00003 	mov	r0, r3
    60f4:	e3a0100a 	mov	r1, #10
    60f8:	e52d3008 	str	r3, [sp, #-8]!
    60fc:	e58d2004 	str	r2, [sp, #4]
    6100:	e59fc31c 	ldr	ip, [pc, #796]	@ 0x6424
    6104:	e12fff3c 	blx	ip
    6108:	e59d2004 	ldr	r2, [sp, #4]
    610c:	e49d3008 	ldr	r3, [sp], #8
    6110:	e1a00001 	mov	r0, r1
    6114:	e3500000 	cmp	r0, #0
    6118:	1a000012 	bne	0x6168
    611c:	e1a0a002 	mov	sl, r2
    6120:	e2822001 	add	r2, r2, #1
    6124:	e3a0c00a 	mov	ip, #10
    6128:	e0000c99 	mul	r0, r9, ip
    612c:	e1a09000 	mov	r9, r0
    6130:	e1a01000 	mov	r1, r0
    6134:	e1a00003 	mov	r0, r3
    6138:	e3510000 	cmp	r1, #0
    613c:	0a00034e 	beq	0x6e7c
    6140:	e52d3008 	str	r3, [sp, #-8]!
    6144:	e58d2004 	str	r2, [sp, #4]
    6148:	e59fc2d8 	ldr	ip, [pc, #728]	@ 0x6428
    614c:	e12fff3c 	blx	ip
    6150:	e59d2004 	ldr	r2, [sp, #4]
    6154:	e49d3008 	ldr	r3, [sp], #8
    6158:	e1a00001 	mov	r0, r1
    615c:	e3500000 	cmp	r0, #0
    6160:	0affffed 	beq	0x611c
    6164:	e1e0200a 	mvn	r2, sl
    6168:	e594c048 	ldr	ip, [r4, #72]	@ 0x48
    616c:	e047000c 	sub	r0, r7, ip
    6170:	e1a00140 	asr	r0, r0, #2
    6174:	e3a0c009 	mov	ip, #9
    6178:	e0000c90 	mul	r0, r0, ip
    617c:	e594c018 	ldr	ip, [r4, #24]
    6180:	e3cc1020 	bic	r1, ip, #32
    6184:	e3510046 	cmp	r1, #70	@ 0x46
    6188:	1a00000d 	bne	0x61c4
    618c:	e3a0e000 	mov	lr, #0
    6190:	e584e05c 	str	lr, [r4, #92]	@ 0x5c
    6194:	e0801002 	add	r1, r0, r2
    6198:	e2411009 	sub	r1, r1, #9
    619c:	e1a03001 	mov	r3, r1
    61a0:	e3530000 	cmp	r3, #0
    61a4:	d3a01000 	movle	r1, #0
    61a8:	e1a03001 	mov	r3, r1
    61ac:	e594c040 	ldr	ip, [r4, #64]	@ 0x40
    61b0:	e15c0003 	cmp	ip, r3
    61b4:	e594e040 	ldr	lr, [r4, #64]	@ 0x40
    61b8:	a1a0e001 	movge	lr, r1
    61bc:	e584e040 	str	lr, [r4, #64]	@ 0x40
    61c0:	ea00000d 	b	0x61fc
    61c4:	e3a0e000 	mov	lr, #0
    61c8:	e584e05c 	str	lr, [r4, #92]	@ 0x5c
    61cc:	e0860000 	add	r0, r6, r0
    61d0:	e0800002 	add	r0, r0, r2
    61d4:	e2400009 	sub	r0, r0, #9
    61d8:	e1a01000 	mov	r1, r0
    61dc:	e3510000 	cmp	r1, #0
    61e0:	d3a00000 	movle	r0, #0
    61e4:	e1a01000 	mov	r1, r0
    61e8:	e594c040 	ldr	ip, [r4, #64]	@ 0x40
    61ec:	e15c0001 	cmp	ip, r1
    61f0:	e594e040 	ldr	lr, [r4, #64]	@ 0x40
    61f4:	a1a0e000 	movge	lr, r0
    61f8:	e584e040 	str	lr, [r4, #64]	@ 0x40
    61fc:	e3e0e000 	mvn	lr, #0
    6200:	e584e034 	str	lr, [r4, #52]	@ 0x34
    6204:	e594e05c 	ldr	lr, [r4, #92]	@ 0x5c
    6208:	e594c040 	ldr	ip, [r4, #64]	@ 0x40
    620c:	e18c000e 	orr	r0, ip, lr
    6210:	e1a09000 	mov	r9, r0
    6214:	e3500000 	cmp	r0, #0
    6218:	e3e013a0 	mvn	r1, #160, 6	@ 0x80000002
    621c:	03e01360 	mvneq	r1, #96, 6	@ 0x80000001
    6220:	e594c040 	ldr	ip, [r4, #64]	@ 0x40
    6224:	e15c0001 	cmp	ip, r1
    6228:	ca000308 	bgt	0x6e50
    622c:	e3590000 	cmp	r9, #0
    6230:	e3a00000 	mov	r0, #0
    6234:	13a00001 	movne	r0, #1
    6238:	e594c040 	ldr	ip, [r4, #64]	@ 0x40
    623c:	e08c0000 	add	r0, ip, r0
    6240:	e280a001 	add	sl, r0, #1
    6244:	e594c018 	ldr	ip, [r4, #24]
    6248:	e3cc0020 	bic	r0, ip, #32
    624c:	e1a0b000 	mov	fp, r0
    6250:	e3500046 	cmp	r0, #70	@ 0x46
    6254:	1a000007 	bne	0x6278
    6258:	e3e0c480 	mvn	ip, #128, 8	@ 0x80000000
    625c:	e02a000c 	eor	r0, sl, ip
    6260:	e1560000 	cmp	r6, r0
    6264:	ca0002f9 	bgt	0x6e50
    6268:	e3560000 	cmp	r6, #0
    626c:	e3a00000 	mov	r0, #0
    6270:	c1a00006 	movgt	r0, r6
    6274:	ea00003d 	b	0x6370
    6278:	e1a01fc6 	asr	r1, r6, #31
    627c:	e1a02001 	mov	r2, r1
    6280:	e0261001 	eor	r1, r6, r1
    6284:	e0411002 	sub	r1, r1, r2
    6288:	e3a02000 	mov	r2, #0
    628c:	e58410a4 	str	r1, [r4, #164]	@ 0xa4
    6290:	e58420a8 	str	r2, [r4, #168]	@ 0xa8
    6294:	e59f0190 	ldr	r0, [pc, #400]	@ 0x642c
    6298:	e1a01004 	mov	r1, r4
    629c:	e59d2000 	ldr	r2, [sp]
    62a0:	e59fc188 	ldr	ip, [pc, #392]	@ 0x6430
    62a4:	e12fff3c 	blx	ip
    62a8:	e3500000 	cmp	r0, #0
    62ac:	1a0002f7 	bne	0x6e90
    62b0:	e59410a4 	ldr	r1, [r4, #164]	@ 0xa4
    62b4:	e1a02001 	mov	r2, r1
    62b8:	e594c038 	ldr	ip, [r4, #56]	@ 0x38
    62bc:	e04c1001 	sub	r1, ip, r1
    62c0:	e3510001 	cmp	r1, #1
    62c4:	ca00000c 	bgt	0x62fc
    62c8:	e2421001 	sub	r1, r2, #1
    62cc:	e1a02001 	mov	r2, r1
    62d0:	e5953030 	ldr	r3, [r5, #48]	@ 0x30
    62d4:	e3e0c4fe 	mvn	ip, #-33554432	@ 0xfe000000
    62d8:	e3ccc8fe 	bic	ip, ip, #16646144	@ 0xfe0000
    62dc:	e151000c 	cmp	r1, ip
    62e0:	8a0002e7 	bhi	0x6e84
    62e4:	e3a08030 	mov	r8, #48	@ 0x30
    62e8:	e7d831f0 			@ <UNDEFINED> instruction: 0xe7d831f0
    62ec:	e594c038 	ldr	ip, [r4, #56]	@ 0x38
    62f0:	e04c1002 	sub	r1, ip, r2
    62f4:	e3510002 	cmp	r1, #2
    62f8:	bafffff2 	blt	0x62c8
    62fc:	e2421002 	sub	r1, r2, #2
    6300:	e5841054 	str	r1, [r4, #84]	@ 0x54
    6304:	e5953030 	ldr	r3, [r5, #48]	@ 0x30
    6308:	e5948018 	ldr	r8, [r4, #24]
    630c:	e3e0c4fe 	mvn	ip, #-33554432	@ 0xfe000000
    6310:	e3ccc8fe 	bic	ip, ip, #16646144	@ 0xfe0000
    6314:	e151000c 	cmp	r1, ip
    6318:	8a0002d9 	bhi	0x6e84
    631c:	e7d831f0 			@ <UNDEFINED> instruction: 0xe7d831f0
    6320:	e3e0e000 	mvn	lr, #0
    6324:	e584e034 	str	lr, [r4, #52]	@ 0x34
    6328:	e2422001 	sub	r2, r2, #1
    632c:	e3560000 	cmp	r6, #0
    6330:	e3a0102d 	mov	r1, #45	@ 0x2d
    6334:	a3a0102b 	movge	r1, #43	@ 0x2b
    6338:	e5953030 	ldr	r3, [r5, #48]	@ 0x30
    633c:	e3e0c4fe 	mvn	ip, #-33554432	@ 0xfe000000
    6340:	e3ccc8fe 	bic	ip, ip, #16646144	@ 0xfe0000
    6344:	e152000c 	cmp	r2, ip
    6348:	8a0002cd 	bhi	0x6e84
    634c:	e7d132f0 			@ <UNDEFINED> instruction: 0xe7d132f0
    6350:	e594e054 	ldr	lr, [r4, #84]	@ 0x54
    6354:	e594c038 	ldr	ip, [r4, #56]	@ 0x38
    6358:	e04c100e 	sub	r1, ip, lr
    635c:	e1a00001 	mov	r0, r1
    6360:	e3e0c480 	mvn	ip, #128, 8	@ 0x80000000
    6364:	e02a200c 	eor	r2, sl, ip
    6368:	e1510002 	cmp	r1, r2
    636c:	ca0002b7 	bgt	0x6e50
    6370:	e3e0e000 	mvn	lr, #0
    6374:	e584e034 	str	lr, [r4, #52]	@ 0x34
    6378:	e080000a 	add	r0, r0, sl
    637c:	e1a01000 	mov	r1, r0
    6380:	e594c024 	ldr	ip, [r4, #36]	@ 0x24
    6384:	e3e0e480 	mvn	lr, #128, 8	@ 0x80000000
    6388:	e02c200e 	eor	r2, ip, lr
    638c:	e1500002 	cmp	r0, r2
    6390:	ca0002ae 	bgt	0x6e50
    6394:	e594c024 	ldr	ip, [r4, #36]	@ 0x24
    6398:	e081100c 	add	r1, r1, ip
    639c:	e1a06001 	mov	r6, r1
    63a0:	e3a0e020 	mov	lr, #32
    63a4:	e584e0a4 	str	lr, [r4, #164]	@ 0xa4
    63a8:	e58410ac 	str	r1, [r4, #172]	@ 0xac
    63ac:	e59f0080 	ldr	r0, [pc, #128]	@ 0x6434
    63b0:	e1a01004 	mov	r1, r4
    63b4:	e59d2000 	ldr	r2, [sp]
    63b8:	e59fc078 	ldr	ip, [pc, #120]	@ 0x6438
    63bc:	e12fff3c 	blx	ip
    63c0:	e3500000 	cmp	r0, #0
    63c4:	1a0002b1 	bne	0x6e90
    63c8:	e59f006c 	ldr	r0, [pc, #108]	@ 0x643c
    63cc:	e1a01004 	mov	r1, r4
    63d0:	e59d2000 	ldr	r2, [sp]
    63d4:	ea000019 	b	0x6440
    63d8:	00406a0c 	subeq	r6, r0, ip, lsl #20
    63dc:	0004890c 	andeq	r8, r4, ip, lsl #18
    63e0:	00406a24 	subeq	r6, r0, r4, lsr #20
    63e4:	0004890c 	andeq	r8, r4, ip, lsl #18
    63e8:	00406ad0 	ldrdeq	r6, [r0], #-160	@ 0xffffff60
    63ec:	0004890c 	andeq	r8, r4, ip, lsl #18
    63f0:	00406b08 	subeq	r6, r0, r8, lsl #22
    63f4:	0004890c 	andeq	r8, r4, ip, lsl #18
    63f8:	00406b74 	subeq	r6, r0, r4, ror fp
    63fc:	0004890c 	andeq	r8, r4, ip, lsl #18
    6400:	0101fffc 	strdeq	pc, [r1, -ip]
    6404:	000493d8 	ldrdeq	r9, [r4], -r8
    6408:	41cdcd65 	bicmi	ip, sp, r5, ror #26
    640c:	3b9aca00 	blcc	0xfe6b8c14
    6410:	00047e9c 	muleq	r4, ip, lr
    6414:	001f54c0 	andseq	r5, pc, r0, asr #9
    6418:	001f5700 	andseq	r5, pc, r0, lsl #14
    641c:	001f54c0 	andseq	r5, pc, r0, asr #9
    6420:	3b9ac9ff 	blcc	0xfe6b8c24
    6424:	001f54c0 	andseq	r5, pc, r0, asr #9
    6428:	001f54c0 	andseq	r5, pc, r0, asr #9
    642c:	00408078 	subeq	r8, r0, r8, ror r0
    6430:	0004890c 	andeq	r8, r4, ip, lsl #18
    6434:	00408264 	subeq	r8, r0, r4, ror #4
    6438:	0004890c 	andeq	r8, r4, ip, lsl #18
    643c:	0040827c 	subeq	r8, r0, ip, ror r2
    6440:	e59fcff0 	ldr	ip, [pc, #4080]	@ 0x7438
    6444:	e12fff3c 	blx	ip
    6448:	e3500000 	cmp	r0, #0
    644c:	1a00028f 	bne	0x6e90
    6450:	e594c014 	ldr	ip, [r4, #20]
    6454:	e22c0b40 	eor	r0, ip, #64, 22	@ 0x10000
    6458:	e3a0e030 	mov	lr, #48	@ 0x30
    645c:	e584e0a4 	str	lr, [r4, #164]	@ 0xa4
    6460:	e5846018 	str	r6, [r4, #24]
    6464:	e58400b0 	str	r0, [r4, #176]	@ 0xb0
    6468:	e59f0fcc 	ldr	r0, [pc, #4044]	@ 0x743c
    646c:	e1a01004 	mov	r1, r4
    6470:	e59d2000 	ldr	r2, [sp]
    6474:	e59fcfc4 	ldr	ip, [pc, #4036]	@ 0x7440
    6478:	e12fff3c 	blx	ip
    647c:	e3500000 	cmp	r0, #0
    6480:	1a000282 	bne	0x6e90
    6484:	e35b0046 	cmp	fp, #70	@ 0x46
    6488:	1a00009d 	bne	0x6704
    648c:	e594c01c 	ldr	ip, [r4, #28]
    6490:	e28c0010 	add	r0, ip, #16
    6494:	e3808009 	orr	r8, r0, #9
    6498:	e594e048 	ldr	lr, [r4, #72]	@ 0x48
    649c:	e594c050 	ldr	ip, [r4, #80]	@ 0x50
    64a0:	e15c000e 	cmp	ip, lr
    64a4:	e5940048 	ldr	r0, [r4, #72]	@ 0x48
    64a8:	e594c050 	ldr	ip, [r4, #80]	@ 0x50
    64ac:	91a0000c 	movls	r0, ip
    64b0:	e1a0a000 	mov	sl, r0
    64b4:	e1a0b000 	mov	fp, r0
    64b8:	e1a0300b 	mov	r3, fp
    64bc:	e5952030 	ldr	r2, [r5, #48]	@ 0x30
    64c0:	e59fcf7c 	ldr	ip, [pc, #3964]	@ 0x7444
    64c4:	e153000c 	cmp	r3, ip
    64c8:	8a00026d 	bhi	0x6e84
    64cc:	e7920003 	ldr	r0, [r2, r3]
    64d0:	e3a01000 	mov	r1, #0
    64d4:	e58400a0 	str	r0, [r4, #160]	@ 0xa0
    64d8:	e58410a4 	str	r1, [r4, #164]	@ 0xa4
    64dc:	e584804c 	str	r8, [r4, #76]	@ 0x4c
    64e0:	e59f0f60 	ldr	r0, [pc, #3936]	@ 0x7448
    64e4:	e1a01004 	mov	r1, r4
    64e8:	e59d2000 	ldr	r2, [sp]
    64ec:	e59fcf58 	ldr	ip, [pc, #3928]	@ 0x744c
    64f0:	e12fff3c 	blx	ip
    64f4:	e3500000 	cmp	r0, #0
    64f8:	1a000264 	bne	0x6e90
    64fc:	e59400a0 	ldr	r0, [r4, #160]	@ 0xa0
    6500:	e15b000a 	cmp	fp, sl
    6504:	0a000011 	beq	0x6550
    6508:	e594c01c 	ldr	ip, [r4, #28]
    650c:	e28c1010 	add	r1, ip, #16
    6510:	e1500001 	cmp	r0, r1
    6514:	9a000018 	bls	0x657c
    6518:	e2401001 	sub	r1, r0, #1
    651c:	e1a00001 	mov	r0, r1
    6520:	e5952030 	ldr	r2, [r5, #48]	@ 0x30
    6524:	e3e0c4fe 	mvn	ip, #-33554432	@ 0xfe000000
    6528:	e3ccc8fe 	bic	ip, ip, #16646144	@ 0xfe0000
    652c:	e151000c 	cmp	r1, ip
    6530:	8a000253 	bhi	0x6e84
    6534:	e3a03030 	mov	r3, #48	@ 0x30
    6538:	e7d321f0 			@ <UNDEFINED> instruction: 0xe7d321f0
    653c:	e594c01c 	ldr	ip, [r4, #28]
    6540:	e28c1010 	add	r1, ip, #16
    6544:	e1500001 	cmp	r0, r1
    6548:	8afffff2 	bhi	0x6518
    654c:	ea00000a 	b	0x657c
    6550:	e1500008 	cmp	r0, r8
    6554:	1a000008 	bne	0x657c
    6558:	e2401001 	sub	r1, r0, #1
    655c:	e1a00001 	mov	r0, r1
    6560:	e5952030 	ldr	r2, [r5, #48]	@ 0x30
    6564:	e3e0c4fe 	mvn	ip, #-33554432	@ 0xfe000000
    6568:	e3ccc8fe 	bic	ip, ip, #16646144	@ 0xfe0000
    656c:	e151000c 	cmp	r1, ip
    6570:	8a000243 	bhi	0x6e84
    6574:	e3a03030 	mov	r3, #48	@ 0x30
    6578:	e7d321f0 			@ <UNDEFINED> instruction: 0xe7d321f0
    657c:	e0481000 	sub	r1, r8, r0
    6580:	e584002c 	str	r0, [r4, #44]	@ 0x2c
    6584:	e58410a8 	str	r1, [r4, #168]	@ 0xa8
    6588:	e59f0ec0 	ldr	r0, [pc, #3776]	@ 0x7450
    658c:	e1a01004 	mov	r1, r4
    6590:	e59d2000 	ldr	r2, [sp]
    6594:	e59fceb8 	ldr	ip, [pc, #3768]	@ 0x7454
    6598:	e12fff3c 	blx	ip
    659c:	e3500000 	cmp	r0, #0
    65a0:	1a00023a 	bne	0x6e90
    65a4:	e28b0004 	add	r0, fp, #4
    65a8:	e1a0b000 	mov	fp, r0
    65ac:	e594c048 	ldr	ip, [r4, #72]	@ 0x48
    65b0:	e150000c 	cmp	r0, ip
    65b4:	9affffbf 	bls	0x64b8
    65b8:	e3590000 	cmp	r9, #0
    65bc:	0a00000b 	beq	0x65f0
    65c0:	e3a0eb40 	mov	lr, #64, 22	@ 0x10000
    65c4:	e38ee1b4 	orr	lr, lr, #180, 2	@ 0x2d
    65c8:	e584e0a4 	str	lr, [r4, #164]	@ 0xa4
    65cc:	e3a0e001 	mov	lr, #1
    65d0:	e584e088 	str	lr, [r4, #136]	@ 0x88
    65d4:	e59f0e7c 	ldr	r0, [pc, #3708]	@ 0x7458
    65d8:	e1a01004 	mov	r1, r4
    65dc:	e59d2000 	ldr	r2, [sp]
    65e0:	e59fce74 	ldr	ip, [pc, #3700]	@ 0x745c
    65e4:	e12fff3c 	blx	ip
    65e8:	e3500000 	cmp	r0, #0
    65ec:	1a000227 	bne	0x6e90
    65f0:	e15b0007 	cmp	fp, r7
    65f4:	2a0000d2 	bcs	0x6944
    65f8:	e594c040 	ldr	ip, [r4, #64]	@ 0x40
    65fc:	e35c0001 	cmp	ip, #1
    6600:	ba0000cf 	blt	0x6944
    6604:	e1a0300b 	mov	r3, fp
    6608:	e5952030 	ldr	r2, [r5, #48]	@ 0x30
    660c:	e59fce30 	ldr	ip, [pc, #3632]	@ 0x7444
    6610:	e153000c 	cmp	r3, ip
    6614:	8a00021a 	bhi	0x6e84
    6618:	e7920003 	ldr	r0, [r2, r3]
    661c:	e3a01000 	mov	r1, #0
    6620:	e58400a0 	str	r0, [r4, #160]	@ 0xa0
    6624:	e58410a4 	str	r1, [r4, #164]	@ 0xa4
    6628:	e584804c 	str	r8, [r4, #76]	@ 0x4c
    662c:	e59f0e2c 	ldr	r0, [pc, #3628]	@ 0x7460
    6630:	e1a01004 	mov	r1, r4
    6634:	e59d2000 	ldr	r2, [sp]
    6638:	e59fce24 	ldr	ip, [pc, #3620]	@ 0x7464
    663c:	e12fff3c 	blx	ip
    6640:	e3500000 	cmp	r0, #0
    6644:	1a000211 	bne	0x6e90
    6648:	e59400a0 	ldr	r0, [r4, #160]	@ 0xa0
    664c:	e1a01000 	mov	r1, r0
    6650:	e594c01c 	ldr	ip, [r4, #28]
    6654:	e28c2010 	add	r2, ip, #16
    6658:	e1500002 	cmp	r0, r2
    665c:	9a00000c 	bls	0x6694
    6660:	e2410001 	sub	r0, r1, #1
    6664:	e1a01000 	mov	r1, r0
    6668:	e5952030 	ldr	r2, [r5, #48]	@ 0x30
    666c:	e3e0c4fe 	mvn	ip, #-33554432	@ 0xfe000000
    6670:	e3ccc8fe 	bic	ip, ip, #16646144	@ 0xfe0000
    6674:	e150000c 	cmp	r0, ip
    6678:	8a000201 	bhi	0x6e84
    667c:	e3a03030 	mov	r3, #48	@ 0x30
    6680:	e7d320f0 			@ <UNDEFINED> instruction: 0xe7d320f0
    6684:	e594c01c 	ldr	ip, [r4, #28]
    6688:	e28c0010 	add	r0, ip, #16
    668c:	e1510000 	cmp	r1, r0
    6690:	8afffff2 	bhi	0x6660
    6694:	e594c040 	ldr	ip, [r4, #64]	@ 0x40
    6698:	e35c0009 	cmp	ip, #9
    669c:	e3a00009 	mov	r0, #9
    66a0:	e594c040 	ldr	ip, [r4, #64]	@ 0x40
    66a4:	b1a0000c 	movlt	r0, ip
    66a8:	e584102c 	str	r1, [r4, #44]	@ 0x2c
    66ac:	e58400a8 	str	r0, [r4, #168]	@ 0xa8
    66b0:	e59f0db0 	ldr	r0, [pc, #3504]	@ 0x7468
    66b4:	e1a01004 	mov	r1, r4
    66b8:	e59d2000 	ldr	r2, [sp]
    66bc:	e59fcda8 	ldr	ip, [pc, #3496]	@ 0x746c
    66c0:	e12fff3c 	blx	ip
    66c4:	e3500000 	cmp	r0, #0
    66c8:	1a0001f0 	bne	0x6e90
    66cc:	e594c040 	ldr	ip, [r4, #64]	@ 0x40
    66d0:	e24c0009 	sub	r0, ip, #9
    66d4:	e28b1004 	add	r1, fp, #4
    66d8:	e1a0b001 	mov	fp, r1
    66dc:	e1510007 	cmp	r1, r7
    66e0:	2a000098 	bcs	0x6948
    66e4:	e594c040 	ldr	ip, [r4, #64]	@ 0x40
    66e8:	e35c0009 	cmp	ip, #9
    66ec:	e3a01000 	mov	r1, #0
    66f0:	c3a01001 	movgt	r1, #1
    66f4:	e5840040 	str	r0, [r4, #64]	@ 0x40
    66f8:	e3510000 	cmp	r1, #0
    66fc:	1affffc0 	bne	0x6604
    6700:	ea000090 	b	0x6948
    6704:	e594c040 	ldr	ip, [r4, #64]	@ 0x40
    6708:	e35c0000 	cmp	ip, #0
    670c:	ba000070 	blt	0x68d4
    6710:	e594c050 	ldr	ip, [r4, #80]	@ 0x50
    6714:	e28c1004 	add	r1, ip, #4
    6718:	e594c050 	ldr	ip, [r4, #80]	@ 0x50
    671c:	e157000c 	cmp	r7, ip
    6720:	91a07001 	movls	r7, r1
    6724:	e594c01c 	ldr	ip, [r4, #28]
    6728:	e28c1010 	add	r1, ip, #16
    672c:	e3818009 	orr	r8, r1, #9
    6730:	e5949050 	ldr	r9, [r4, #80]	@ 0x50
    6734:	e1a0a009 	mov	sl, r9
    6738:	e5953030 	ldr	r3, [r5, #48]	@ 0x30
    673c:	e59fcd00 	ldr	ip, [pc, #3328]	@ 0x7444
    6740:	e15a000c 	cmp	sl, ip
    6744:	8a0001ce 	bhi	0x6e84
    6748:	e793100a 	ldr	r1, [r3, sl]
    674c:	e3a02000 	mov	r2, #0
    6750:	e58410a0 	str	r1, [r4, #160]	@ 0xa0
    6754:	e58420a4 	str	r2, [r4, #164]	@ 0xa4
    6758:	e584804c 	str	r8, [r4, #76]	@ 0x4c
    675c:	e59f0d0c 	ldr	r0, [pc, #3340]	@ 0x7470
    6760:	e1a01004 	mov	r1, r4
    6764:	e59d2000 	ldr	r2, [sp]
    6768:	e59fcd04 	ldr	ip, [pc, #3332]	@ 0x7474
    676c:	e12fff3c 	blx	ip
    6770:	e3500000 	cmp	r0, #0
    6774:	1a0001c5 	bne	0x6e90
    6778:	e59410a0 	ldr	r1, [r4, #160]	@ 0xa0
    677c:	e1a0a001 	mov	sl, r1
    6780:	e1510008 	cmp	r1, r8
    6784:	1a000008 	bne	0x67ac
    6788:	e24a1001 	sub	r1, sl, #1
    678c:	e1a0a001 	mov	sl, r1
    6790:	e5952030 	ldr	r2, [r5, #48]	@ 0x30
    6794:	e3e0c4fe 	mvn	ip, #-33554432	@ 0xfe000000
    6798:	e3ccc8fe 	bic	ip, ip, #16646144	@ 0xfe0000
    679c:	e151000c 	cmp	r1, ip
    67a0:	8a0001b7 	bhi	0x6e84
    67a4:	e3a03030 	mov	r3, #48	@ 0x30
    67a8:	e7d321f0 			@ <UNDEFINED> instruction: 0xe7d321f0
    67ac:	e594c050 	ldr	ip, [r4, #80]	@ 0x50
    67b0:	e159000c 	cmp	r9, ip
    67b4:	0a000011 	beq	0x6800
    67b8:	e594c01c 	ldr	ip, [r4, #28]
    67bc:	e28c1010 	add	r1, ip, #16
    67c0:	e15a0001 	cmp	sl, r1
    67c4:	9a000029 	bls	0x6870
    67c8:	e24a1001 	sub	r1, sl, #1
    67cc:	e1a0a001 	mov	sl, r1
    67d0:	e5952030 	ldr	r2, [r5, #48]	@ 0x30
    67d4:	e3e0c4fe 	mvn	ip, #-33554432	@ 0xfe000000
    67d8:	e3ccc8fe 	bic	ip, ip, #16646144	@ 0xfe0000
    67dc:	e151000c 	cmp	r1, ip
    67e0:	8a0001a7 	bhi	0x6e84
    67e4:	e3a03030 	mov	r3, #48	@ 0x30
    67e8:	e7d321f0 			@ <UNDEFINED> instruction: 0xe7d321f0
    67ec:	e594c01c 	ldr	ip, [r4, #28]
    67f0:	e28c1010 	add	r1, ip, #16
    67f4:	e15a0001 	cmp	sl, r1
    67f8:	8afffff2 	bhi	0x67c8
    67fc:	ea00001b 	b	0x6870
    6800:	e584a02c 	str	sl, [r4, #44]	@ 0x2c
    6804:	e3a0e001 	mov	lr, #1
    6808:	e584e088 	str	lr, [r4, #136]	@ 0x88
    680c:	e59f0c64 	ldr	r0, [pc, #3172]	@ 0x7478
    6810:	e1a01004 	mov	r1, r4
    6814:	e59d2000 	ldr	r2, [sp]
    6818:	e59fcc5c 	ldr	ip, [pc, #3164]	@ 0x747c
    681c:	e12fff3c 	blx	ip
    6820:	e3500000 	cmp	r0, #0
    6824:	1a000199 	bne	0x6e90
    6828:	e28aa001 	add	sl, sl, #1
    682c:	e594e05c 	ldr	lr, [r4, #92]	@ 0x5c
    6830:	e594c040 	ldr	ip, [r4, #64]	@ 0x40
    6834:	e18c100e 	orr	r1, ip, lr
    6838:	e3510000 	cmp	r1, #0
    683c:	0a00000b 	beq	0x6870
    6840:	e3a0eb40 	mov	lr, #64, 22	@ 0x10000
    6844:	e38ee1b4 	orr	lr, lr, #180, 2	@ 0x2d
    6848:	e584e0a4 	str	lr, [r4, #164]	@ 0xa4
    684c:	e3a0e001 	mov	lr, #1
    6850:	e584e088 	str	lr, [r4, #136]	@ 0x88
    6854:	e59f0c24 	ldr	r0, [pc, #3108]	@ 0x7480
    6858:	e1a01004 	mov	r1, r4
    685c:	e59d2000 	ldr	r2, [sp]
    6860:	e59fcc1c 	ldr	ip, [pc, #3100]	@ 0x7484
    6864:	e12fff3c 	blx	ip
    6868:	e3500000 	cmp	r0, #0
    686c:	1a000187 	bne	0x6e90
    6870:	e048100a 	sub	r1, r8, sl
    6874:	e1a0b001 	mov	fp, r1
    6878:	e594c040 	ldr	ip, [r4, #64]	@ 0x40
    687c:	e15c000b 	cmp	ip, fp
    6880:	e594c040 	ldr	ip, [r4, #64]	@ 0x40
    6884:	d1a0100c 	movle	r1, ip
    6888:	e584a02c 	str	sl, [r4, #44]	@ 0x2c
    688c:	e58410a8 	str	r1, [r4, #168]	@ 0xa8
    6890:	e59f0bf0 	ldr	r0, [pc, #3056]	@ 0x7488
    6894:	e1a01004 	mov	r1, r4
    6898:	e59d2000 	ldr	r2, [sp]
    689c:	e59fcbe8 	ldr	ip, [pc, #3048]	@ 0x748c
    68a0:	e12fff3c 	blx	ip
    68a4:	e3500000 	cmp	r0, #0
    68a8:	1a000178 	bne	0x6e90
    68ac:	e594c040 	ldr	ip, [r4, #64]	@ 0x40
    68b0:	e04ce00b 	sub	lr, ip, fp
    68b4:	e584e040 	str	lr, [r4, #64]	@ 0x40
    68b8:	e2891004 	add	r1, r9, #4
    68bc:	e1a09001 	mov	r9, r1
    68c0:	e1510007 	cmp	r1, r7
    68c4:	2a000002 	bcs	0x68d4
    68c8:	e594c040 	ldr	ip, [r4, #64]	@ 0x40
    68cc:	e37c0001 	cmn	ip, #1
    68d0:	caffff97 	bgt	0x6734
    68d4:	e594c040 	ldr	ip, [r4, #64]	@ 0x40
    68d8:	e28c1012 	add	r1, ip, #18
    68dc:	e3a0e030 	mov	lr, #48	@ 0x30
    68e0:	e584e0a4 	str	lr, [r4, #164]	@ 0xa4
    68e4:	e58410a8 	str	r1, [r4, #168]	@ 0xa8
    68e8:	e3a0e012 	mov	lr, #18
    68ec:	e584e0ac 	str	lr, [r4, #172]	@ 0xac
    68f0:	e3a0e000 	mov	lr, #0
    68f4:	e584e084 	str	lr, [r4, #132]	@ 0x84
    68f8:	e59f0b90 	ldr	r0, [pc, #2960]	@ 0x7490
    68fc:	e1a01004 	mov	r1, r4
    6900:	e59d2000 	ldr	r2, [sp]
    6904:	e59fcb88 	ldr	ip, [pc, #2952]	@ 0x7494
    6908:	e12fff3c 	blx	ip
    690c:	e3500000 	cmp	r0, #0
    6910:	1a00015e 	bne	0x6e90
    6914:	e594e054 	ldr	lr, [r4, #84]	@ 0x54
    6918:	e594c038 	ldr	ip, [r4, #56]	@ 0x38
    691c:	e04c100e 	sub	r1, ip, lr
    6920:	e58410a8 	str	r1, [r4, #168]	@ 0xa8
    6924:	e59f0b6c 	ldr	r0, [pc, #2924]	@ 0x7498
    6928:	e1a01004 	mov	r1, r4
    692c:	e59d2000 	ldr	r2, [sp]
    6930:	e59fcb64 	ldr	ip, [pc, #2916]	@ 0x749c
    6934:	e12fff3c 	blx	ip
    6938:	e3500000 	cmp	r0, #0
    693c:	1a000153 	bne	0x6e90
    6940:	ea00000f 	b	0x6984
    6944:	e5940040 	ldr	r0, [r4, #64]	@ 0x40
    6948:	e2800009 	add	r0, r0, #9
    694c:	e3a0e030 	mov	lr, #48	@ 0x30
    6950:	e584e0a4 	str	lr, [r4, #164]	@ 0xa4
    6954:	e58400a8 	str	r0, [r4, #168]	@ 0xa8
    6958:	e3a0e009 	mov	lr, #9
    695c:	e584e0ac 	str	lr, [r4, #172]	@ 0xac
    6960:	e3a0e000 	mov	lr, #0
    6964:	e584e084 	str	lr, [r4, #132]	@ 0x84
    6968:	e59f0b30 	ldr	r0, [pc, #2864]	@ 0x74a0
    696c:	e1a01004 	mov	r1, r4
    6970:	e59d2000 	ldr	r2, [sp]
    6974:	e59fcb28 	ldr	ip, [pc, #2856]	@ 0x74a4
    6978:	e12fff3c 	blx	ip
    697c:	e3500000 	cmp	r0, #0
    6980:	1a000142 	bne	0x6e90
    6984:	e594c014 	ldr	ip, [r4, #20]
    6988:	e22c0d80 	eor	r0, ip, #128, 26	@ 0x2000
    698c:	e3a0e020 	mov	lr, #32
    6990:	e584e0a4 	str	lr, [r4, #164]	@ 0xa4
    6994:	e5846018 	str	r6, [r4, #24]
    6998:	e58400b0 	str	r0, [r4, #176]	@ 0xb0
    699c:	e59f0b04 	ldr	r0, [pc, #2820]	@ 0x74a8
    69a0:	e1a01004 	mov	r1, r4
    69a4:	e59d2000 	ldr	r2, [sp]
    69a8:	e59fcafc 	ldr	ip, [pc, #2812]	@ 0x74ac
    69ac:	e12fff3c 	blx	ip
    69b0:	e3500000 	cmp	r0, #0
    69b4:	1a000135 	bne	0x6e90
    69b8:	e594c00c 	ldr	ip, [r4, #12]
    69bc:	e15c0006 	cmp	ip, r6
    69c0:	e594e00c 	ldr	lr, [r4, #12]
    69c4:	d1a0e006 	movle	lr, r6
    69c8:	e584e034 	str	lr, [r4, #52]	@ 0x34
    69cc:	ea00011f 	b	0x6e50
    69d0:	e594c018 	ldr	ip, [r4, #24]
    69d4:	e1a00d0c 	lsl	r0, ip, #26
    69d8:	e1a00fc0 	asr	r0, r0, #31
    69dc:	e2000009 	and	r0, r0, #9
    69e0:	e594c028 	ldr	ip, [r4, #40]	@ 0x28
    69e4:	e08ce000 	add	lr, ip, r0
    69e8:	e584e054 	str	lr, [r4, #84]	@ 0x54
    69ec:	e594c010 	ldr	ip, [r4, #16]
    69f0:	e35c000b 	cmp	ip, #11
    69f4:	8a00001e 	bhi	0x6a74
    69f8:	e594c010 	ldr	ip, [r4, #16]
    69fc:	e26c000c 	rsb	r0, ip, #12
    6a00:	e3a0c000 	mov	ip, #0
    6a04:	e3a0e9c0 	mov	lr, #192, 18	@ 0x300000
    6a08:	e38ee440 	orr	lr, lr, #64, 8	@ 0x40000000
    6a0c:	ec4eca10 	vmov	s0, s1, ip, lr
    6a10:	e3a0c000 	mov	ip, #0
    6a14:	e3a0e9c0 	mov	lr, #192, 18	@ 0x300000
    6a18:	e38ee440 	orr	lr, lr, #64, 8	@ 0x40000000
    6a1c:	ec4eca11 	vmov	s2, s3, ip, lr
    6a20:	ee200b01 	vmul.f64	d0, d0, d1
    6a24:	e2401001 	sub	r1, r0, #1
    6a28:	e1a00001 	mov	r0, r1
    6a2c:	e3510000 	cmp	r1, #0
    6a30:	1afffff6 	bne	0x6a10
    6a34:	e5942054 	ldr	r2, [r4, #84]	@ 0x54
    6a38:	e5951030 	ldr	r1, [r5, #48]	@ 0x30
    6a3c:	e3e0c4fe 	mvn	ip, #-33554432	@ 0xfe000000
    6a40:	e3ccc8fe 	bic	ip, ip, #16646144	@ 0xfe0000
    6a44:	e152000c 	cmp	r2, ip
    6a48:	8a00010d 	bhi	0x6e84
    6a4c:	e7e012f0 			@ <UNDEFINED> instruction: 0xe7e012f0
    6a50:	e350002d 	cmp	r0, #45	@ 0x2d
    6a54:	1a000004 	bne	0x6a6c
    6a58:	eeb11b48 	vneg.f64	d1, d8
    6a5c:	ee311b40 	vsub.f64	d1, d1, d0
    6a60:	ee301b01 	vadd.f64	d1, d0, d1
    6a64:	eeb18b41 	vneg.f64	d8, d1
    6a68:	ea000001 	b	0x6a74
    6a6c:	ee381b00 	vadd.f64	d1, d8, d0
    6a70:	ee318b40 	vsub.f64	d8, d1, d0
    6a74:	e594201c 	ldr	r2, [r4, #28]
    6a78:	e5951030 	ldr	r1, [r5, #48]	@ 0x30
    6a7c:	e59fe9c0 	ldr	lr, [pc, #2496]	@ 0x7444
    6a80:	e7f2e2fc 	udf	#11820	@ 0x2e2c
    6a84:	2a0000fe 	bcs	0x6e84
    6a88:	e7e012f4 			@ <UNDEFINED> instruction: 0xe7e012f4
    6a8c:	e1a07000 	mov	r7, r0
    6a90:	e1a01fc7 	asr	r1, r7, #31
    6a94:	e1a02001 	mov	r2, r1
    6a98:	e0200001 	eor	r0, r0, r1
    6a9c:	e0400002 	sub	r0, r0, r2
    6aa0:	e3a01000 	mov	r1, #0
    6aa4:	e58400a0 	str	r0, [r4, #160]	@ 0xa0
    6aa8:	e58410a4 	str	r1, [r4, #164]	@ 0xa4
    6aac:	e59f09fc 	ldr	r0, [pc, #2556]	@ 0x74b0
    6ab0:	e1a01004 	mov	r1, r4
    6ab4:	e59d2000 	ldr	r2, [sp]
    6ab8:	e59fc9f4 	ldr	ip, [pc, #2548]	@ 0x74b4
    6abc:	e12fff3c 	blx	ip
    6ac0:	e3500000 	cmp	r0, #0
    6ac4:	1a0000f1 	bne	0x6e90
    6ac8:	e59400a0 	ldr	r0, [r4, #160]	@ 0xa0
    6acc:	e1a01000 	mov	r1, r0
    6ad0:	e594c038 	ldr	ip, [r4, #56]	@ 0x38
    6ad4:	e150000c 	cmp	r0, ip
    6ad8:	1a00000e 	bne	0x6b18
    6adc:	e2410001 	sub	r0, r1, #1
    6ae0:	e1a01000 	mov	r1, r0
    6ae4:	e5952030 	ldr	r2, [r5, #48]	@ 0x30
    6ae8:	e3e0c4fe 	mvn	ip, #-33554432	@ 0xfe000000
    6aec:	e3ccc8fe 	bic	ip, ip, #16646144	@ 0xfe0000
    6af0:	e150000c 	cmp	r0, ip
    6af4:	8a0000e2 	bhi	0x6e84
    6af8:	e3a03030 	mov	r3, #48	@ 0x30
    6afc:	e7d320f0 			@ <UNDEFINED> instruction: 0xe7d320f0
    6b00:	e594201c 	ldr	r2, [r4, #28]
    6b04:	e5950030 	ldr	r0, [r5, #48]	@ 0x30
    6b08:	e59fe934 	ldr	lr, [pc, #2356]	@ 0x7444
    6b0c:	e7f2e2fc 	udf	#11820	@ 0x2e2c
    6b10:	2a0000db 	bcs	0x6e84
    6b14:	e7e702f4 			@ <UNDEFINED> instruction: 0xe7e702f4
    6b18:	e594c024 	ldr	ip, [r4, #36]	@ 0x24
    6b1c:	e38c8002 	orr	r8, ip, #2
    6b20:	e594c018 	ldr	ip, [r4, #24]
    6b24:	e20c0020 	and	r0, ip, #32
    6b28:	e2412002 	sub	r2, r1, #2
    6b2c:	e5842060 	str	r2, [r4, #96]	@ 0x60
    6b30:	e594c018 	ldr	ip, [r4, #24]
    6b34:	e28c300f 	add	r3, ip, #15
    6b38:	e595a030 	ldr	sl, [r5, #48]	@ 0x30
    6b3c:	e3e0c4fe 	mvn	ip, #-33554432	@ 0xfe000000
    6b40:	e3ccc8fe 	bic	ip, ip, #16646144	@ 0xfe0000
    6b44:	e152000c 	cmp	r2, ip
    6b48:	8a0000cd 	bhi	0x6e84
    6b4c:	e7d3a2f0 			@ <UNDEFINED> instruction: 0xe7d3a2f0
    6b50:	e2411001 	sub	r1, r1, #1
    6b54:	e3570000 	cmp	r7, #0
    6b58:	e3a0202d 	mov	r2, #45	@ 0x2d
    6b5c:	a3a0202b 	movge	r2, #43	@ 0x2b
    6b60:	e5953030 	ldr	r3, [r5, #48]	@ 0x30
    6b64:	e3e0c4fe 	mvn	ip, #-33554432	@ 0xfe000000
    6b68:	e3ccc8fe 	bic	ip, ip, #16646144	@ 0xfe0000
    6b6c:	e151000c 	cmp	r1, ip
    6b70:	8a0000c3 	bhi	0x6e84
    6b74:	e7d231f0 			@ <UNDEFINED> instruction: 0xe7d231f0
    6b78:	e594c010 	ldr	ip, [r4, #16]
    6b7c:	e35c0001 	cmp	ip, #1
    6b80:	e3a01000 	mov	r1, #0
    6b84:	b3a01001 	movlt	r1, #1
    6b88:	e594c014 	ldr	ip, [r4, #20]
    6b8c:	e20c2008 	and	r2, ip, #8
    6b90:	e3520000 	cmp	r2, #0
    6b94:	e3a02000 	mov	r2, #0
    6b98:	03a02001 	moveq	r2, #1
    6b9c:	e0011002 	and	r1, r1, r2
    6ba0:	e594c01c 	ldr	ip, [r4, #28]
    6ba4:	e28c2010 	add	r2, ip, #16
    6ba8:	e1a03002 	mov	r3, r2
    6bac:	e1a07003 	mov	r7, r3
    6bb0:	eebd7bc8 	vcvt.s32.f64	s14, d8
    6bb4:	ee17aa10 	vmov	sl, s14
    6bb8:	e1a0b00a 	mov	fp, sl
    6bbc:	e28aab40 	add	sl, sl, #64, 22	@ 0x10000
    6bc0:	e28aaf88 	add	sl, sl, #136, 30	@ 0x220
    6bc4:	e1a0600a 	mov	r6, sl
    6bc8:	e5959030 	ldr	r9, [r5, #48]	@ 0x30
    6bcc:	e3e0c4fe 	mvn	ip, #-33554432	@ 0xfe000000
    6bd0:	e3ccc8fe 	bic	ip, ip, #16646144	@ 0xfe0000
    6bd4:	e156000c 	cmp	r6, ip
    6bd8:	8a0000a9 	bhi	0x6e84
    6bdc:	e7ea96f0 			@ <UNDEFINED> instruction: 0xe7ea96f0
    6be0:	e18aa000 	orr	sl, sl, r0
    6be4:	e5956030 	ldr	r6, [r5, #48]	@ 0x30
    6be8:	e3e0c4fe 	mvn	ip, #-33554432	@ 0xfe000000
    6bec:	e3ccc8fe 	bic	ip, ip, #16646144	@ 0xfe0000
    6bf0:	e153000c 	cmp	r3, ip
    6bf4:	8a0000a2 	bhi	0x6e84
    6bf8:	e7da63f0 			@ <UNDEFINED> instruction: 0xe7da63f0
    6bfc:	ee07ba10 	vmov	s14, fp
    6c00:	eeb80bc7 	vcvt.f64.s32	d0, s14
    6c04:	ee380b40 	vsub.f64	d0, d8, d0
    6c08:	e3a0c000 	mov	ip, #0
    6c0c:	e3a0e9c0 	mov	lr, #192, 18	@ 0x300000
    6c10:	e38ee440 	orr	lr, lr, #64, 8	@ 0x40000000
    6c14:	ec4eca11 	vmov	s2, s3, ip, lr
    6c18:	ee208b01 	vmul.f64	d8, d0, d1
    6c1c:	e2873001 	add	r3, r7, #1
    6c20:	e1a02003 	mov	r2, r3
    6c24:	e594c01c 	ldr	ip, [r4, #28]
    6c28:	e28c6010 	add	r6, ip, #16
    6c2c:	e0433006 	sub	r3, r3, r6
    6c30:	e3530001 	cmp	r3, #1
    6c34:	1a000010 	bne	0x6c7c
    6c38:	e3a0c000 	mov	ip, #0
    6c3c:	ec4cca10 	vmov	s0, s1, ip, ip
    6c40:	eeb48b40 	vcmp.f64	d8, d0
    6c44:	eef1fa10 	vmrs	APSR_nzcv, fpscr
    6c48:	e3a03000 	mov	r3, #0
    6c4c:	03a03001 	moveq	r3, #1
    6c50:	e1130001 	tst	r3, r1
    6c54:	1a000008 	bne	0x6c7c
    6c58:	e1a06007 	mov	r6, r7
    6c5c:	e5953030 	ldr	r3, [r5, #48]	@ 0x30
    6c60:	e3e0e4fe 	mvn	lr, #-33554432	@ 0xfe000000
    6c64:	e3cee8fe 	bic	lr, lr, #16646144	@ 0xfe0000
    6c68:	e7f6e0f1 	udf	#28161	@ 0x6e01
    6c6c:	2a000084 	bcs	0x6e84
    6c70:	e3a0902e 	mov	r9, #46	@ 0x2e
    6c74:	e7d936f0 			@ <UNDEFINED> instruction: 0xe7d936f0
    6c78:	e2872002 	add	r2, r7, #2
    6c7c:	e3a0c000 	mov	ip, #0
    6c80:	ec4cca10 	vmov	s0, s1, ip, ip
    6c84:	eeb48b40 	vcmp.f64	d8, d0
    6c88:	eef1fa10 	vmrs	APSR_nzcv, fpscr
    6c8c:	1affffc5 	bne	0x6ba8
    6c90:	e3e0e000 	mvn	lr, #0
    6c94:	e584e034 	str	lr, [r4, #52]	@ 0x34
    6c98:	e594e060 	ldr	lr, [r4, #96]	@ 0x60
    6c9c:	e594c038 	ldr	ip, [r4, #56]	@ 0x38
    6ca0:	e04c000e 	sub	r0, ip, lr
    6ca4:	e1a06000 	mov	r6, r0
    6ca8:	e0880000 	add	r0, r8, r0
    6cac:	e1a01000 	mov	r1, r0
    6cb0:	e3e0c3a0 	mvn	ip, #160, 6	@ 0x80000002
    6cb4:	e04c0000 	sub	r0, ip, r0
    6cb8:	e594c010 	ldr	ip, [r4, #16]
    6cbc:	e15c0000 	cmp	ip, r0
    6cc0:	ca000062 	bgt	0x6e50
    6cc4:	e594c010 	ldr	ip, [r4, #16]
    6cc8:	e28c0002 	add	r0, ip, #2
    6ccc:	e594c01c 	ldr	ip, [r4, #28]
    6cd0:	e28c3010 	add	r3, ip, #16
    6cd4:	e0422003 	sub	r2, r2, r3
    6cd8:	e1a07002 	mov	r7, r2
    6cdc:	e2473002 	sub	r3, r7, #2
    6ce0:	e594c010 	ldr	ip, [r4, #16]
    6ce4:	e153000c 	cmp	r3, ip
    6ce8:	a1a00002 	movge	r0, r2
    6cec:	e594c010 	ldr	ip, [r4, #16]
    6cf0:	e35c0000 	cmp	ip, #0
    6cf4:	01a00007 	moveq	r0, r7
    6cf8:	e1a09000 	mov	r9, r0
    6cfc:	e0811000 	add	r1, r1, r0
    6d00:	e1a0a001 	mov	sl, r1
    6d04:	e3a0e020 	mov	lr, #32
    6d08:	e584e0a4 	str	lr, [r4, #164]	@ 0xa4
    6d0c:	e58410ac 	str	r1, [r4, #172]	@ 0xac
    6d10:	e59f07a0 	ldr	r0, [pc, #1952]	@ 0x74b8
    6d14:	e1a01004 	mov	r1, r4
    6d18:	e59d2000 	ldr	r2, [sp]
    6d1c:	e59fc798 	ldr	ip, [pc, #1944]	@ 0x74bc
    6d20:	e12fff3c 	blx	ip
    6d24:	e3500000 	cmp	r0, #0
    6d28:	1a000058 	bne	0x6e90
    6d2c:	e584805c 	str	r8, [r4, #92]	@ 0x5c
    6d30:	e59f0788 	ldr	r0, [pc, #1928]	@ 0x74c0
    6d34:	e1a01004 	mov	r1, r4
    6d38:	e59d2000 	ldr	r2, [sp]
    6d3c:	e59fc780 	ldr	ip, [pc, #1920]	@ 0x74c4
    6d40:	e12fff3c 	blx	ip
    6d44:	e3500000 	cmp	r0, #0
    6d48:	1a000050 	bne	0x6e90
    6d4c:	e594c014 	ldr	ip, [r4, #20]
    6d50:	e22c0b40 	eor	r0, ip, #64, 22	@ 0x10000
    6d54:	e3a0e030 	mov	lr, #48	@ 0x30
    6d58:	e584e0a4 	str	lr, [r4, #164]	@ 0xa4
    6d5c:	e584a030 	str	sl, [r4, #48]	@ 0x30
    6d60:	e58400b0 	str	r0, [r4, #176]	@ 0xb0
    6d64:	e59f075c 	ldr	r0, [pc, #1884]	@ 0x74c8
    6d68:	e1a01004 	mov	r1, r4
    6d6c:	e59d2000 	ldr	r2, [sp]
    6d70:	e59fc754 	ldr	ip, [pc, #1876]	@ 0x74cc
    6d74:	e12fff3c 	blx	ip
    6d78:	e3500000 	cmp	r0, #0
    6d7c:	1a000043 	bne	0x6e90
    6d80:	e594c01c 	ldr	ip, [r4, #28]
    6d84:	e28c0010 	add	r0, ip, #16
    6d88:	e58400a4 	str	r0, [r4, #164]	@ 0xa4
    6d8c:	e584702c 	str	r7, [r4, #44]	@ 0x2c
    6d90:	e59f0738 	ldr	r0, [pc, #1848]	@ 0x74d0
    6d94:	e1a01004 	mov	r1, r4
    6d98:	e59d2000 	ldr	r2, [sp]
    6d9c:	e59fc730 	ldr	ip, [pc, #1840]	@ 0x74d4
    6da0:	e12fff3c 	blx	ip
    6da4:	e3500000 	cmp	r0, #0
    6da8:	1a000038 	bne	0x6e90
    6dac:	e0499007 	sub	r9, r9, r7
    6db0:	e3a0e030 	mov	lr, #48	@ 0x30
    6db4:	e584e0a4 	str	lr, [r4, #164]	@ 0xa4
    6db8:	e58490a8 	str	r9, [r4, #168]	@ 0xa8
    6dbc:	e3a0e000 	mov	lr, #0
    6dc0:	e584e084 	str	lr, [r4, #132]	@ 0x84
    6dc4:	e3a0e000 	mov	lr, #0
    6dc8:	e584e084 	str	lr, [r4, #132]	@ 0x84
    6dcc:	e59f0704 	ldr	r0, [pc, #1796]	@ 0x74d8
    6dd0:	e1a01004 	mov	r1, r4
    6dd4:	e59d2000 	ldr	r2, [sp]
    6dd8:	e59fc6fc 	ldr	ip, [pc, #1788]	@ 0x74dc
    6ddc:	e12fff3c 	blx	ip
    6de0:	e3500000 	cmp	r0, #0
    6de4:	1a000029 	bne	0x6e90
    6de8:	e5846050 	str	r6, [r4, #80]	@ 0x50
    6dec:	e59f06ec 	ldr	r0, [pc, #1772]	@ 0x74e0
    6df0:	e1a01004 	mov	r1, r4
    6df4:	e59d2000 	ldr	r2, [sp]
    6df8:	e59fc6e4 	ldr	ip, [pc, #1764]	@ 0x74e4
    6dfc:	e12fff3c 	blx	ip
    6e00:	e3500000 	cmp	r0, #0
    6e04:	1a000021 	bne	0x6e90
    6e08:	e594c014 	ldr	ip, [r4, #20]
    6e0c:	e22c0d80 	eor	r0, ip, #128, 26	@ 0x2000
    6e10:	e3a0e020 	mov	lr, #32
    6e14:	e584e0a4 	str	lr, [r4, #164]	@ 0xa4
    6e18:	e584a030 	str	sl, [r4, #48]	@ 0x30
    6e1c:	e58400b0 	str	r0, [r4, #176]	@ 0xb0
    6e20:	e59f06c0 	ldr	r0, [pc, #1728]	@ 0x74e8
    6e24:	e1a01004 	mov	r1, r4
    6e28:	e59d2000 	ldr	r2, [sp]
    6e2c:	e59fc6b8 	ldr	ip, [pc, #1720]	@ 0x74ec
    6e30:	e12fff3c 	blx	ip
    6e34:	e3500000 	cmp	r0, #0
    6e38:	1a000014 	bne	0x6e90
    6e3c:	e594c00c 	ldr	ip, [r4, #12]
    6e40:	e15c000a 	cmp	ip, sl
    6e44:	e594e00c 	ldr	lr, [r4, #12]
    6e48:	d1a0e00a 	movle	lr, sl
    6e4c:	e584e034 	str	lr, [r4, #52]	@ 0x34
    6e50:	e594c01c 	ldr	ip, [r4, #28]
    6e54:	e28c0f8c 	add	r0, ip, #140, 30	@ 0x230
    6e58:	e595103c 	ldr	r1, [r5, #60]	@ 0x3c
    6e5c:	e5810008 	str	r0, [r1, #8]
    6e60:	e59f0688 	ldr	r0, [pc, #1672]	@ 0x74f0
    6e64:	e30ccabc 	movw	ip, #51900	@ 0xcabc
    6e68:	e34ccdef 	movt	ip, #52719	@ 0xcdef
    6e6c:	e28dd018 	add	sp, sp, #24
    6e70:	ecbd8b02 	vpop	{d8}
    6e74:	e28dd004 	add	sp, sp, #4
    6e78:	e8bd8fc0 	pop	{r6, r7, r8, r9, sl, fp, pc}
    6e7c:	e3a00003 	mov	r0, #3
    6e80:	ea000000 	b	0x6e88
    6e84:	e3a00008 	mov	r0, #8
    6e88:	e59d1000 	ldr	r1, [sp]
    6e8c:	e5810010 	str	r0, [r1, #16]
    6e90:	e59d0000 	ldr	r0, [sp]
    6e94:	e59d103c 	ldr	r1, [sp, #60]	@ 0x3c
    6e98:	e59fc654 	ldr	ip, [pc, #1620]	@ 0x74f4
    6e9c:	e12fff3c 	blx	ip
    6ea0:	e28dd018 	add	sp, sp, #24
    6ea4:	ecbd8b02 	vpop	{d8}
    6ea8:	e28dd004 	add	sp, sp, #4
    6eac:	e8bd0fc0 	pop	{r6, r7, r8, r9, sl, fp}
    6eb0:	e28dd004 	add	sp, sp, #4
    6eb4:	e12fff10 	bx	r0
    6eb8:	e92d41c0 	push	{r6, r7, r8, lr}
    6ebc:	e24dd008 	sub	sp, sp, #8
    6ec0:	e58d0000 	str	r0, [sp]
    6ec4:	e30cc123 	movw	ip, #49443	@ 0xc123
    6ec8:	e34cc456 	movt	ip, #50262	@ 0xc456
    6ecc:	e5946000 	ldr	r6, [r4]
    6ed0:	e5940004 	ldr	r0, [r4, #4]
    6ed4:	e1a03000 	mov	r3, r0
    6ed8:	e5952030 	ldr	r2, [r5, #48]	@ 0x30
    6edc:	e59fc560 	ldr	ip, [pc, #1376]	@ 0x7444
    6ee0:	e153000c 	cmp	r3, ip
    6ee4:	8a000032 	bhi	0x6fb4
    6ee8:	e7e123f4 			@ <UNDEFINED> instruction: 0xe7e123f4
    6eec:	e2811007 	add	r1, r1, #7
    6ef0:	e3c11007 	bic	r1, r1, #7
    6ef4:	e1a02001 	mov	r2, r1
    6ef8:	e2811010 	add	r1, r1, #16
    6efc:	e5953030 	ldr	r3, [r5, #48]	@ 0x30
    6f00:	e59fc53c 	ldr	ip, [pc, #1340]	@ 0x7444
    6f04:	e150000c 	cmp	r0, ip
    6f08:	8a000029 	bhi	0x6fb4
    6f0c:	e7d130f4 			@ <UNDEFINED> instruction: 0xe7d130f4
    6f10:	e1a07002 	mov	r7, r2
    6f14:	e5953030 	ldr	r3, [r5, #48]	@ 0x30
    6f18:	e59fc5d8 	ldr	ip, [pc, #1496]	@ 0x74f8
    6f1c:	e157000c 	cmp	r7, ip
    6f20:	8a000023 	bhi	0x6fb4
    6f24:	e083c007 	add	ip, r3, r7
    6f28:	e59c0000 	ldr	r0, [ip]
    6f2c:	e59c1004 	ldr	r1, [ip, #4]
    6f30:	e5958030 	ldr	r8, [r5, #48]	@ 0x30
    6f34:	e59fe5bc 	ldr	lr, [pc, #1468]	@ 0x74f8
    6f38:	e7f2e0f8 	udf	#11784	@ 0x2e08
    6f3c:	2a00001c 	bcs	0x6fb4
    6f40:	e088c002 	add	ip, r8, r2
    6f44:	e59c3000 	ldr	r3, [ip]
    6f48:	e59c7004 	ldr	r7, [ip, #4]
    6f4c:	e584001c 	str	r0, [r4, #28]
    6f50:	e5841020 	str	r1, [r4, #32]
    6f54:	e5843024 	str	r3, [r4, #36]	@ 0x24
    6f58:	e5847028 	str	r7, [r4, #40]	@ 0x28
    6f5c:	e59f0598 	ldr	r0, [pc, #1432]	@ 0x74fc
    6f60:	e1a01004 	mov	r1, r4
    6f64:	e59d2000 	ldr	r2, [sp]
    6f68:	e59fc590 	ldr	ip, [pc, #1424]	@ 0x7500
    6f6c:	e12fff3c 	blx	ip
    6f70:	e3500000 	cmp	r0, #0
    6f74:	1a000011 	bne	0x6fc0
    6f78:	ed940b07 	vldr	d0, [r4, #28]
    6f7c:	e5950030 	ldr	r0, [r5, #48]	@ 0x30
    6f80:	e59fc570 	ldr	ip, [pc, #1392]	@ 0x74f8
    6f84:	e156000c 	cmp	r6, ip
    6f88:	8a000009 	bhi	0x6fb4
    6f8c:	ee10ea10 	vmov	lr, s0
    6f90:	e080c006 	add	ip, r0, r6
    6f94:	e58ce000 	str	lr, [ip]
    6f98:	ee10ea90 	vmov	lr, s1
    6f9c:	e58ce004 	str	lr, [ip, #4]
    6fa0:	e59f055c 	ldr	r0, [pc, #1372]	@ 0x7504
    6fa4:	e30ccabc 	movw	ip, #51900	@ 0xcabc
    6fa8:	e34ccdef 	movt	ip, #52719	@ 0xcdef
    6fac:	e28dd008 	add	sp, sp, #8
    6fb0:	e8bd81c0 	pop	{r6, r7, r8, pc}
    6fb4:	e3a00008 	mov	r0, #8
    6fb8:	e59d1000 	ldr	r1, [sp]
    6fbc:	e5810010 	str	r0, [r1, #16]
    6fc0:	e59d0000 	ldr	r0, [sp]
    6fc4:	e59d1014 	ldr	r1, [sp, #20]
    6fc8:	e59fc538 	ldr	ip, [pc, #1336]	@ 0x7508
    6fcc:	e12fff3c 	blx	ip
    6fd0:	e28dd008 	add	sp, sp, #8
    6fd4:	e8bd01c0 	pop	{r6, r7, r8}
    6fd8:	e28dd004 	add	sp, sp, #4
    6fdc:	e12fff10 	bx	r0
    6fe0:	e52de004 	push	{lr}		@ (str lr, [sp, #-4]!)
    6fe4:	e24dd004 	sub	sp, sp, #4
    6fe8:	e58d0000 	str	r0, [sp]
    6fec:	e30cc123 	movw	ip, #49443	@ 0xc123
    6ff0:	e34cc456 	movt	ip, #50262	@ 0xc456
    6ff4:	ed940b00 	vldr	d0, [r4]
    6ff8:	ec510a10 	vmov	r0, r1, s0, s1
    6ffc:	e5840008 	str	r0, [r4, #8]
    7000:	e584100c 	str	r1, [r4, #12]
    7004:	e59f0500 	ldr	r0, [pc, #1280]	@ 0x750c
    7008:	e30ccabc 	movw	ip, #51900	@ 0xcabc
    700c:	e34ccdef 	movt	ip, #52719	@ 0xcdef
    7010:	e28dd004 	add	sp, sp, #4
    7014:	e49df004 	pop	{pc}		@ (ldr pc, [sp], #4)
    7018:	e92d4040 	push	{r6, lr}
    701c:	e24dd008 	sub	sp, sp, #8
    7020:	e58d0000 	str	r0, [sp]
    7024:	e30cc123 	movw	ip, #49443	@ 0xc123
    7028:	e34cc456 	movt	ip, #50262	@ 0xc456
    702c:	e5946000 	ldr	r6, [r4]
    7030:	e3560000 	cmp	r6, #0
    7034:	1a000003 	bne	0x7048
    7038:	e3a0e000 	mov	lr, #0
    703c:	e584e004 	str	lr, [r4, #4]
    7040:	e59f04c8 	ldr	r0, [pc, #1224]	@ 0x7510
    7044:	ea000013 	b	0x7098
    7048:	e3a009fe 	mov	r0, #4161536	@ 0x3f8000
    704c:	e3800e5f 	orr	r0, r0, #1520	@ 0x5f0
    7050:	e1a01004 	mov	r1, r4
    7054:	e59d2000 	ldr	r2, [sp]
    7058:	e59fc4b4 	ldr	ip, [pc, #1204]	@ 0x7514
    705c:	e12fff3c 	blx	ip
    7060:	e3500000 	cmp	r0, #0
    7064:	1a000010 	bne	0x70ac
    7068:	e594000c 	ldr	r0, [r4, #12]
    706c:	e5951030 	ldr	r1, [r5, #48]	@ 0x30
    7070:	e59fc3cc 	ldr	ip, [pc, #972]	@ 0x7444
    7074:	e150000c 	cmp	r0, ip
    7078:	8a000008 	bhi	0x70a0
    707c:	e7d610f4 			@ <UNDEFINED> instruction: 0xe7d610f4
    7080:	e3e0e000 	mvn	lr, #0
    7084:	e584e008 	str	lr, [r4, #8]
    7088:	e3a009fe 	mov	r0, #4161536	@ 0x3f8000
    708c:	e3800e61 	orr	r0, r0, #1552	@ 0x610
    7090:	e30ccabc 	movw	ip, #51900	@ 0xcabc
    7094:	e34ccdef 	movt	ip, #52719	@ 0xcdef
    7098:	e28dd008 	add	sp, sp, #8
    709c:	e8bd8040 	pop	{r6, pc}
    70a0:	e3a00008 	mov	r0, #8
    70a4:	e59d1000 	ldr	r1, [sp]
    70a8:	e5810010 	str	r0, [r1, #16]
    70ac:	e59d0000 	ldr	r0, [sp]
    70b0:	e59d100c 	ldr	r1, [sp, #12]
    70b4:	e59fc45c 	ldr	ip, [pc, #1116]	@ 0x7518
    70b8:	e12fff3c 	blx	ip
    70bc:	e59d6008 	ldr	r6, [sp, #8]
    70c0:	e28dd010 	add	sp, sp, #16
    70c4:	e12fff10 	bx	r0
    70c8:	e52de004 	push	{lr}		@ (str lr, [sp, #-4]!)
    70cc:	e24dd004 	sub	sp, sp, #4
    70d0:	e58d0000 	str	r0, [sp]
    70d4:	e30cc123 	movw	ip, #49443	@ 0xc123
    70d8:	e34cc456 	movt	ip, #50262	@ 0xc456
    70dc:	e3a0e02a 	mov	lr, #42	@ 0x2a
    70e0:	e584e000 	str	lr, [r4]
    70e4:	e59f0430 	ldr	r0, [pc, #1072]	@ 0x751c
    70e8:	e30ccabc 	movw	ip, #51900	@ 0xcabc
    70ec:	e34ccdef 	movt	ip, #52719	@ 0xcdef
    70f0:	e28dd004 	add	sp, sp, #4
    70f4:	e49df004 	pop	{pc}		@ (ldr pc, [sp], #4)
    70f8:	e52de004 	push	{lr}		@ (str lr, [sp, #-4]!)
    70fc:	e24dd004 	sub	sp, sp, #4
    7100:	e58d0000 	str	r0, [sp]
    7104:	e30cc123 	movw	ip, #49443	@ 0xc123
    7108:	e34cc456 	movt	ip, #50262	@ 0xc456
    710c:	e59f040c 	ldr	r0, [pc, #1036]	@ 0x7520
    7110:	e1a01004 	mov	r1, r4
    7114:	e59d2000 	ldr	r2, [sp]
    7118:	e59fc404 	ldr	ip, [pc, #1028]	@ 0x7524
    711c:	e12fff3c 	blx	ip
    7120:	e3500000 	cmp	r0, #0
    7124:	1a000007 	bne	0x7148
    7128:	e5940000 	ldr	r0, [r4]
    712c:	e5840000 	str	r0, [r4]
    7130:	e3a009ff 	mov	r0, #4177920	@ 0x3fc000
    7134:	e3800e7c 	orr	r0, r0, #124, 28	@ 0x7c0
    7138:	e30ccabc 	movw	ip, #51900	@ 0xcabc
    713c:	e34ccdef 	movt	ip, #52719	@ 0xcdef
    7140:	e28dd004 	add	sp, sp, #4
    7144:	e49df004 	pop	{pc}		@ (ldr pc, [sp], #4)
    7148:	e59d0000 	ldr	r0, [sp]
    714c:	e59d1004 	ldr	r1, [sp, #4]
    7150:	e59fc3d0 	ldr	ip, [pc, #976]	@ 0x7528
    7154:	e12fff3c 	blx	ip
    7158:	e28dd008 	add	sp, sp, #8
    715c:	e12fff10 	bx	r0
    7160:	e52de004 	push	{lr}		@ (str lr, [sp, #-4]!)
    7164:	e24dd004 	sub	sp, sp, #4
    7168:	e58d0000 	str	r0, [sp]
    716c:	e30cc123 	movw	ip, #49443	@ 0xc123
    7170:	e34cc456 	movt	ip, #50262	@ 0xc456
    7174:	e3a0eb44 	mov	lr, #68, 22	@ 0x11000
    7178:	e38ee060 	orr	lr, lr, #96	@ 0x60
    717c:	e584e000 	str	lr, [r4]
    7180:	e59f03a4 	ldr	r0, [pc, #932]	@ 0x752c
    7184:	e30ccabc 	movw	ip, #51900	@ 0xcabc
    7188:	e34ccdef 	movt	ip, #52719	@ 0xcdef
    718c:	e28dd004 	add	sp, sp, #4
    7190:	e49df004 	pop	{pc}		@ (ldr pc, [sp], #4)
    7194:	e52de004 	push	{lr}		@ (str lr, [sp, #-4]!)
    7198:	e24dd004 	sub	sp, sp, #4
    719c:	e58d0000 	str	r0, [sp]
    71a0:	e30cc123 	movw	ip, #49443	@ 0xc123
    71a4:	e34cc456 	movt	ip, #50262	@ 0xc456
    71a8:	e5950030 	ldr	r0, [r5, #48]	@ 0x30
    71ac:	e3a0eb44 	mov	lr, #68, 22	@ 0x11000
    71b0:	e38ee048 	orr	lr, lr, #72	@ 0x48
    71b4:	e280cb48 	add	ip, r0, #72, 22	@ 0x12000
    71b8:	e50cef40 	str	lr, [ip, #-3904]	@ 0xfffff0c0
    71bc:	e59f036c 	ldr	r0, [pc, #876]	@ 0x7530
    71c0:	e1a01004 	mov	r1, r4
    71c4:	e59d2000 	ldr	r2, [sp]
    71c8:	e59fc364 	ldr	ip, [pc, #868]	@ 0x7534
    71cc:	e12fff3c 	blx	ip
    71d0:	e3500000 	cmp	r0, #0
    71d4:	1a000017 	bne	0x7238
    71d8:	e5940010 	ldr	r0, [r4, #16]
    71dc:	e3a0cb40 	mov	ip, #64, 22	@ 0x10000
    71e0:	e24c1000 	sub	r1, ip, #0
    71e4:	e5952030 	ldr	r2, [r5, #48]	@ 0x30
    71e8:	e282cb48 	add	ip, r2, #72, 22	@ 0x12000
    71ec:	e50c1f68 	str	r1, [ip, #-3944]	@ 0xfffff098
    71f0:	e5951030 	ldr	r1, [r5, #48]	@ 0x30
    71f4:	e3a0eb40 	mov	lr, #64, 22	@ 0x10000
    71f8:	e281cb48 	add	ip, r1, #72, 22	@ 0x12000
    71fc:	e50cef6c 	str	lr, [ip, #-3948]	@ 0xfffff094
    7200:	e5951030 	ldr	r1, [r5, #48]	@ 0x30
    7204:	e281cb48 	add	ip, r1, #72, 22	@ 0x12000
    7208:	e50c0f88 	str	r0, [ip, #-3976]	@ 0xfffff078
    720c:	e5951030 	ldr	r1, [r5, #48]	@ 0x30
    7210:	e281cb40 	add	ip, r1, #64, 22	@ 0x10000
    7214:	e59c0b6c 	ldr	r0, [ip, #2924]	@ 0xb6c
    7218:	e5951030 	ldr	r1, [r5, #48]	@ 0x30
    721c:	e281cb48 	add	ip, r1, #72, 22	@ 0x12000
    7220:	e50c0f64 	str	r0, [ip, #-3940]	@ 0xfffff09c
    7224:	e59f030c 	ldr	r0, [pc, #780]	@ 0x7538
    7228:	e30ccabc 	movw	ip, #51900	@ 0xcabc
    722c:	e34ccdef 	movt	ip, #52719	@ 0xcdef
    7230:	e28dd004 	add	sp, sp, #4
    7234:	e49df004 	pop	{pc}		@ (ldr pc, [sp], #4)
    7238:	e59d0000 	ldr	r0, [sp]
    723c:	e59d1004 	ldr	r1, [sp, #4]
    7240:	e59fc2f4 	ldr	ip, [pc, #756]	@ 0x753c
    7244:	e12fff3c 	blx	ip
    7248:	e28dd008 	add	sp, sp, #8
    724c:	e12fff10 	bx	r0
    7250:	e92d40c0 	push	{r6, r7, lr}
    7254:	e24dd004 	sub	sp, sp, #4
    7258:	e58d0000 	str	r0, [sp]
    725c:	e30cc123 	movw	ip, #49443	@ 0xc123
    7260:	e34cc456 	movt	ip, #50262	@ 0xc456
    7264:	e5946000 	ldr	r6, [r4]
    7268:	e5947004 	ldr	r7, [r4, #4]
    726c:	e3a00001 	mov	r0, #1
    7270:	e3560000 	cmp	r6, #0
    7274:	0a0000f6 	beq	0x7654
    7278:	e357007f 	cmp	r7, #127	@ 0x7f
    727c:	9a0000f7 	bls	0x7660
    7280:	e59f02b8 	ldr	r0, [pc, #696]	@ 0x7540
    7284:	e1a01004 	mov	r1, r4
    7288:	e59d2000 	ldr	r2, [sp]
    728c:	e59fc2b0 	ldr	ip, [pc, #688]	@ 0x7544
    7290:	e12fff3c 	blx	ip
    7294:	e3500000 	cmp	r0, #0
    7298:	1a000100 	bne	0x76a0
    729c:	e5941028 	ldr	r1, [r4, #40]	@ 0x28
    72a0:	e1a03001 	mov	r3, r1
    72a4:	e5952030 	ldr	r2, [r5, #48]	@ 0x30
    72a8:	e59fe194 	ldr	lr, [pc, #404]	@ 0x7444
    72ac:	e7f3e6f0 	udf	#15968	@ 0x3e60
    72b0:	2a0000f7 	bcs	0x7694
    72b4:	e7e123f4 			@ <UNDEFINED> instruction: 0xe7e123f4
    72b8:	e1a03001 	mov	r3, r1
    72bc:	e5952030 	ldr	r2, [r5, #48]	@ 0x30
    72c0:	e59fc17c 	ldr	ip, [pc, #380]	@ 0x7444
    72c4:	e153000c 	cmp	r3, ip
    72c8:	8a0000f1 	bhi	0x7694
    72cc:	e7e123f4 			@ <UNDEFINED> instruction: 0xe7e123f4
    72d0:	e3510000 	cmp	r1, #0
    72d4:	1a000013 	bne	0x7328
    72d8:	e3c7107f 	bic	r1, r7, #127	@ 0x7f
    72dc:	e3a0ccdf 	mov	ip, #57088	@ 0xdf00
    72e0:	e38cc080 	orr	ip, ip, #128	@ 0x80
    72e4:	e151000c 	cmp	r1, ip
    72e8:	0a0000dc 	beq	0x7660
    72ec:	e59f0254 	ldr	r0, [pc, #596]	@ 0x7548
    72f0:	e1a01004 	mov	r1, r4
    72f4:	e59d2000 	ldr	r2, [sp]
    72f8:	e59fc24c 	ldr	ip, [pc, #588]	@ 0x754c
    72fc:	e12fff3c 	blx	ip
    7300:	e3500000 	cmp	r0, #0
    7304:	1a0000e5 	bne	0x76a0
    7308:	e5941028 	ldr	r1, [r4, #40]	@ 0x28
    730c:	e5952030 	ldr	r2, [r5, #48]	@ 0x30
    7310:	e59fc12c 	ldr	ip, [pc, #300]	@ 0x7444
    7314:	e151000c 	cmp	r1, ip
    7318:	8a0000dd 	bhi	0x7694
    731c:	e3a03019 	mov	r3, #25
    7320:	e7d321f4 			@ <UNDEFINED> instruction: 0xe7d321f4
    7324:	ea0000c9 	b	0x7650
    7328:	e3a0cc07 	mov	ip, #1792	@ 0x700
    732c:	e38cc0ff 	orr	ip, ip, #255	@ 0xff
    7330:	e157000c 	cmp	r7, ip
    7334:	8a000015 	bhi	0x7390
    7338:	e207103f 	and	r1, r7, #63	@ 0x3f
    733c:	e3811080 	orr	r1, r1, #128	@ 0x80
    7340:	e1a03006 	mov	r3, r6
    7344:	e5952030 	ldr	r2, [r5, #48]	@ 0x30
    7348:	e3e0e4fe 	mvn	lr, #-33554432	@ 0xfe000000
    734c:	e3cee8fe 	bic	lr, lr, #16646144	@ 0xfe0000
    7350:	e7f3e0f1 	udf	#15873	@ 0x3e01
    7354:	2a0000ce 	bcs	0x7694
    7358:	e7d123f0 			@ <UNDEFINED> instruction: 0xe7d123f0
    735c:	e1a01327 	lsr	r1, r7, #6
    7360:	e38110c0 	orr	r1, r1, #192	@ 0xc0
    7364:	e1a03006 	mov	r3, r6
    7368:	e5952030 	ldr	r2, [r5, #48]	@ 0x30
    736c:	e3e0c4fe 	mvn	ip, #-33554432	@ 0xfe000000
    7370:	e3ccc8fe 	bic	ip, ip, #16646144	@ 0xfe0000
    7374:	e153000c 	cmp	r3, ip
    7378:	8a0000c5 	bhi	0x7694
    737c:	e7d123f0 			@ <UNDEFINED> instruction: 0xe7d123f0
    7380:	e3a0e002 	mov	lr, #2
    7384:	e584e028 	str	lr, [r4, #40]	@ 0x28
    7388:	e59f01c0 	ldr	r0, [pc, #448]	@ 0x7550
    738c:	ea0000be 	b	0x768c
    7390:	e3570cd8 	cmp	r7, #216, 24	@ 0xd800
    7394:	3a000004 	bcc	0x73ac
    7398:	e3e0cc1f 	mvn	ip, #7936	@ 0x1f00
    739c:	e3ccc0ff 	bic	ip, ip, #255	@ 0xff
    73a0:	e007100c 	and	r1, r7, ip
    73a4:	e3510ce0 	cmp	r1, #224, 24	@ 0xe000
    73a8:	1a00006b 	bne	0x755c
    73ac:	e207103f 	and	r1, r7, #63	@ 0x3f
    73b0:	e3811080 	orr	r1, r1, #128	@ 0x80
    73b4:	e1a03006 	mov	r3, r6
    73b8:	e5952030 	ldr	r2, [r5, #48]	@ 0x30
    73bc:	e3e0e4fe 	mvn	lr, #-33554432	@ 0xfe000000
    73c0:	e3cee8fe 	bic	lr, lr, #16646144	@ 0xfe0000
    73c4:	e7f3e0f2 	udf	#15874	@ 0x3e02
    73c8:	2a0000b1 	bcs	0x7694
    73cc:	e7d123f0 			@ <UNDEFINED> instruction: 0xe7d123f0
    73d0:	e1a01627 	lsr	r1, r7, #12
    73d4:	e38110e0 	orr	r1, r1, #224	@ 0xe0
    73d8:	e1a03006 	mov	r3, r6
    73dc:	e5952030 	ldr	r2, [r5, #48]	@ 0x30
    73e0:	e3e0c4fe 	mvn	ip, #-33554432	@ 0xfe000000
    73e4:	e3ccc8fe 	bic	ip, ip, #16646144	@ 0xfe0000
    73e8:	e153000c 	cmp	r3, ip
    73ec:	8a0000a8 	bhi	0x7694
    73f0:	e7d123f0 			@ <UNDEFINED> instruction: 0xe7d123f0
    73f4:	e1a01327 	lsr	r1, r7, #6
    73f8:	e201103f 	and	r1, r1, #63	@ 0x3f
    73fc:	e3811080 	orr	r1, r1, #128	@ 0x80
    7400:	e1a03006 	mov	r3, r6
    7404:	e5952030 	ldr	r2, [r5, #48]	@ 0x30
    7408:	e3e0e4fe 	mvn	lr, #-33554432	@ 0xfe000000
    740c:	e3cee8fe 	bic	lr, lr, #16646144	@ 0xfe0000
    7410:	e7f3e0f1 	udf	#15873	@ 0x3e01
    7414:	2a00009e 	bcs	0x7694
    7418:	e7d123f0 			@ <UNDEFINED> instruction: 0xe7d123f0
    741c:	e3a0e003 	mov	lr, #3
    7420:	e584e028 	str	lr, [r4, #40]	@ 0x28
    7424:	ea00004a 	b	0x7554
	...
    7438:	0004890c 	andeq	r8, r4, ip, lsl #18
    743c:	004082b4 	strheq	r8, [r0], #-36	@ 0xffffffdc
    7440:	0004890c 	andeq	r8, r4, ip, lsl #18
    7444:	0101fffc 	strdeq	pc, [r1, -ip]
    7448:	00408358 	subeq	r8, r0, r8, asr r3
    744c:	0004890c 	andeq	r8, r4, ip, lsl #18
    7450:	00408488 	subeq	r8, r0, r8, lsl #9
    7454:	0004890c 	andeq	r8, r4, ip, lsl #18
    7458:	004084ec 	subeq	r8, r0, ip, ror #9
    745c:	0004890c 	andeq	r8, r4, ip, lsl #18
    7460:	0040853c 	subeq	r8, r0, ip, lsr r5
    7464:	0004890c 	andeq	r8, r4, ip, lsl #18
    7468:	00408624 	subeq	r8, r0, r4, lsr #12
    746c:	0004890c 	andeq	r8, r4, ip, lsl #18
    7470:	0040874c 	subeq	r8, r0, ip, asr #14
    7474:	0004890c 	andeq	r8, r4, ip, lsl #18
    7478:	00408870 	subeq	r8, r0, r0, ror r8
    747c:	0004890c 	andeq	r8, r4, ip, lsl #18
    7480:	004088b4 	strheq	r8, [r0], #-132	@ 0xffffff7c
    7484:	0004890c 	andeq	r8, r4, ip, lsl #18
    7488:	004088f8 	strdeq	r8, [r0], #-136	@ 0xffffff78
    748c:	0004890c 	andeq	r8, r4, ip, lsl #18
    7490:	004089a4 	subeq	r8, r0, r4, lsr #19
    7494:	0004890c 	andeq	r8, r4, ip, lsl #18
    7498:	004089c8 	subeq	r8, r0, r8, asr #19
    749c:	0004890c 	andeq	r8, r4, ip, lsl #18
    74a0:	00408a1c 	subeq	r8, r0, ip, lsl sl
    74a4:	0004890c 	andeq	r8, r4, ip, lsl #18
    74a8:	00408a58 	subeq	r8, r0, r8, asr sl
    74ac:	0004890c 	andeq	r8, r4, ip, lsl #18
    74b0:	00408c48 	subeq	r8, r0, r8, asr #24
    74b4:	0004890c 	andeq	r8, r4, ip, lsl #18
    74b8:	00409058 	subeq	r9, r0, r8, asr r0
    74bc:	0004890c 	andeq	r8, r4, ip, lsl #18
    74c0:	00409070 	subeq	r9, r0, r0, ror r0
    74c4:	0004890c 	andeq	r8, r4, ip, lsl #18
    74c8:	004090a8 	subeq	r9, r0, r8, lsr #1
    74cc:	0004890c 	andeq	r8, r4, ip, lsl #18
    74d0:	004090d8 	ldrdeq	r9, [r0], #-8
    74d4:	0004890c 	andeq	r8, r4, ip, lsl #18
    74d8:	00409104 	subeq	r9, r0, r4, lsl #2
    74dc:	0004890c 	andeq	r8, r4, ip, lsl #18
    74e0:	0040911c 	subeq	r9, r0, ip, lsl r1
    74e4:	0004890c 	andeq	r8, r4, ip, lsl #18
    74e8:	00409154 	subeq	r9, r0, r4, asr r1
    74ec:	0004890c 	andeq	r8, r4, ip, lsl #18
    74f0:	004091a8 	subeq	r9, r0, r8, lsr #3
    74f4:	00048004 	andeq	r8, r4, r4
    74f8:	0101fff8 	strdeq	pc, [r1, -r8]
    74fc:	003fdb1c 	eorseq	sp, pc, ip, lsl fp	@ <UNPREDICTABLE>
    7500:	0004890c 	andeq	r8, r4, ip, lsl #18
    7504:	003fdb44 	eorseq	sp, pc, r4, asr #22
    7508:	00048004 	andeq	r8, r4, r4
    750c:	003fd3f8 	ldrshteq	sp, [pc], -r8
    7510:	003f85ec 	eorseq	r8, pc, ip, ror #11
    7514:	0004890c 	andeq	r8, r4, ip, lsl #18
    7518:	00048004 	andeq	r8, r4, r4
    751c:	003ff25c 	eorseq	pc, pc, ip, asr r2	@ <UNPREDICTABLE>
    7520:	003fc7a8 	eorseq	ip, pc, r8, lsr #15
    7524:	0004890c 	andeq	r8, r4, ip, lsl #18
    7528:	00048004 	andeq	r8, r4, r4
    752c:	003fad74 	eorseq	sl, pc, r4, ror sp	@ <UNPREDICTABLE>
    7530:	003f7868 	eorseq	r7, pc, r8, ror #16
    7534:	0004890c 	andeq	r8, r4, ip, lsl #18
    7538:	003f78d0 	ldrsbteq	r7, [pc], -r0
    753c:	00048004 	andeq	r8, r4, r4
    7540:	00405afc 	strdeq	r5, [r0], #-172	@ 0xffffff54
    7544:	0004890c 	andeq	r8, r4, ip, lsl #18
    7548:	00405b50 	subeq	r5, r0, r0, asr fp
    754c:	0004890c 	andeq	r8, r4, ip, lsl #18
    7550:	00405c14 	subeq	r5, r0, r4, lsl ip
    7554:	e59f0ffc 	ldr	r0, [pc, #4092]	@ 0x8558
    7558:	ea00004b 	b	0x768c
    755c:	e2471b40 	sub	r1, r7, #64, 22	@ 0x10000
    7560:	e3e0c20f 	mvn	ip, #-268435456	@ 0xf0000000
    7564:	e3ccc6ff 	bic	ip, ip, #267386880	@ 0xff00000
    7568:	e151000c 	cmp	r1, ip
    756c:	8a000029 	bhi	0x7618
    7570:	e207103f 	and	r1, r7, #63	@ 0x3f
    7574:	e3811080 	orr	r1, r1, #128	@ 0x80
    7578:	e1a03006 	mov	r3, r6
    757c:	e5952030 	ldr	r2, [r5, #48]	@ 0x30
    7580:	e3e0e4fe 	mvn	lr, #-33554432	@ 0xfe000000
    7584:	e3cee8fe 	bic	lr, lr, #16646144	@ 0xfe0000
    7588:	e7f3e0f3 	udf	#15875	@ 0x3e03
    758c:	2a000040 	bcs	0x7694
    7590:	e7d123f0 			@ <UNDEFINED> instruction: 0xe7d123f0
    7594:	e1a01927 	lsr	r1, r7, #18
    7598:	e38110f0 	orr	r1, r1, #240	@ 0xf0
    759c:	e1a03006 	mov	r3, r6
    75a0:	e5952030 	ldr	r2, [r5, #48]	@ 0x30
    75a4:	e3e0c4fe 	mvn	ip, #-33554432	@ 0xfe000000
    75a8:	e3ccc8fe 	bic	ip, ip, #16646144	@ 0xfe0000
    75ac:	e153000c 	cmp	r3, ip
    75b0:	8a000037 	bhi	0x7694
    75b4:	e7d123f0 			@ <UNDEFINED> instruction: 0xe7d123f0
    75b8:	e1a01327 	lsr	r1, r7, #6
    75bc:	e201103f 	and	r1, r1, #63	@ 0x3f
    75c0:	e3811080 	orr	r1, r1, #128	@ 0x80
    75c4:	e1a03006 	mov	r3, r6
    75c8:	e5952030 	ldr	r2, [r5, #48]	@ 0x30
    75cc:	e3e0e4fe 	mvn	lr, #-33554432	@ 0xfe000000
    75d0:	e3cee8fe 	bic	lr, lr, #16646144	@ 0xfe0000
    75d4:	e7f3e0f2 	udf	#15874	@ 0x3e02
    75d8:	2a00002d 	bcs	0x7694
    75dc:	e7d123f0 			@ <UNDEFINED> instruction: 0xe7d123f0
    75e0:	e1a01627 	lsr	r1, r7, #12
    75e4:	e201103f 	and	r1, r1, #63	@ 0x3f
    75e8:	e3811080 	orr	r1, r1, #128	@ 0x80
    75ec:	e1a03006 	mov	r3, r6
    75f0:	e5952030 	ldr	r2, [r5, #48]	@ 0x30
    75f4:	e3e0e4fe 	mvn	lr, #-33554432	@ 0xfe000000
    75f8:	e3cee8fe 	bic	lr, lr, #16646144	@ 0xfe0000
    75fc:	e7f3e0f1 	udf	#15873	@ 0x3e01
    7600:	2a000023 	bcs	0x7694
    7604:	e7d123f0 			@ <UNDEFINED> instruction: 0xe7d123f0
    7608:	e3a0e004 	mov	lr, #4
    760c:	e584e028 	str	lr, [r4, #40]	@ 0x28
    7610:	e59f0f44 	ldr	r0, [pc, #3908]	@ 0x855c
    7614:	ea00001c 	b	0x768c
    7618:	e59f0f40 	ldr	r0, [pc, #3904]	@ 0x8560
    761c:	e1a01004 	mov	r1, r4
    7620:	e59d2000 	ldr	r2, [sp]
    7624:	e59fcf38 	ldr	ip, [pc, #3896]	@ 0x8564
    7628:	e12fff3c 	blx	ip
    762c:	e3500000 	cmp	r0, #0
    7630:	1a00001a 	bne	0x76a0
    7634:	e5941028 	ldr	r1, [r4, #40]	@ 0x28
    7638:	e5952030 	ldr	r2, [r5, #48]	@ 0x30
    763c:	e59fcf24 	ldr	ip, [pc, #3876]	@ 0x8568
    7640:	e151000c 	cmp	r1, ip
    7644:	8a000012 	bhi	0x7694
    7648:	e3a03019 	mov	r3, #25
    764c:	e7d321f4 			@ <UNDEFINED> instruction: 0xe7d321f4
    7650:	e3e00000 	mvn	r0, #0
    7654:	e584000c 	str	r0, [r4, #12]
    7658:	e59f0f0c 	ldr	r0, [pc, #3852]	@ 0x856c
    765c:	ea00000a 	b	0x768c
    7660:	e5950030 	ldr	r0, [r5, #48]	@ 0x30
    7664:	e3e0c4fe 	mvn	ip, #-33554432	@ 0xfe000000
    7668:	e3ccc8fe 	bic	ip, ip, #16646144	@ 0xfe0000
    766c:	e156000c 	cmp	r6, ip
    7670:	8a000007 	bhi	0x7694
    7674:	e7d706f0 			@ <UNDEFINED> instruction: 0xe7d706f0
    7678:	e3a0e001 	mov	lr, #1
    767c:	e584e014 	str	lr, [r4, #20]
    7680:	e59f0ee8 	ldr	r0, [pc, #3816]	@ 0x8570
    7684:	e30ccabc 	movw	ip, #51900	@ 0xcabc
    7688:	e34ccdef 	movt	ip, #52719	@ 0xcdef
    768c:	e28dd004 	add	sp, sp, #4
    7690:	e8bd80c0 	pop	{r6, r7, pc}
    7694:	e3a00008 	mov	r0, #8
    7698:	e59d1000 	ldr	r1, [sp]
    769c:	e5810010 	str	r0, [r1, #16]
    76a0:	e59d0000 	ldr	r0, [sp]
    76a4:	e59d100c 	ldr	r1, [sp, #12]
    76a8:	e59fcec4 	ldr	ip, [pc, #3780]	@ 0x8574
    76ac:	e12fff3c 	blx	ip
    76b0:	e28dd004 	add	sp, sp, #4
    76b4:	e8bd00c0 	pop	{r6, r7}
    76b8:	e28dd004 	add	sp, sp, #4
    76bc:	e12fff10 	bx	r0
    76c0:	e52de004 	push	{lr}		@ (str lr, [sp, #-4]!)
    76c4:	e24dd004 	sub	sp, sp, #4
    76c8:	e58d0000 	str	r0, [sp]
    76cc:	e30cc123 	movw	ip, #49443	@ 0xc123
    76d0:	e34cc456 	movt	ip, #50262	@ 0xc456
    76d4:	e5940000 	ldr	r0, [r4]
    76d8:	e5941004 	ldr	r1, [r4, #4]
    76dc:	e3500000 	cmp	r0, #0
    76e0:	1a000003 	bne	0x76f4
    76e4:	e3a0e000 	mov	lr, #0
    76e8:	e584e008 	str	lr, [r4, #8]
    76ec:	e59f0e84 	ldr	r0, [pc, #3716]	@ 0x8578
    76f0:	ea00000f 	b	0x7734
    76f4:	e5840000 	str	r0, [r4]
    76f8:	e5841004 	str	r1, [r4, #4]
    76fc:	e3a0e000 	mov	lr, #0
    7700:	e584e008 	str	lr, [r4, #8]
    7704:	e59f0e70 	ldr	r0, [pc, #3696]	@ 0x857c
    7708:	e1a01004 	mov	r1, r4
    770c:	e59d2000 	ldr	r2, [sp]
    7710:	e59fce68 	ldr	ip, [pc, #3688]	@ 0x8580
    7714:	e12fff3c 	blx	ip
    7718:	e3500000 	cmp	r0, #0
    771c:	1a000006 	bne	0x773c
    7720:	e594000c 	ldr	r0, [r4, #12]
    7724:	e584000c 	str	r0, [r4, #12]
    7728:	e59f0e54 	ldr	r0, [pc, #3668]	@ 0x8584
    772c:	e30ccabc 	movw	ip, #51900	@ 0xcabc
    7730:	e34ccdef 	movt	ip, #52719	@ 0xcdef
    7734:	e28dd004 	add	sp, sp, #4
    7738:	e49df004 	pop	{pc}		@ (ldr pc, [sp], #4)
    773c:	e59d0000 	ldr	r0, [sp]
    7740:	e59d1004 	ldr	r1, [sp, #4]
    7744:	e59fce3c 	ldr	ip, [pc, #3644]	@ 0x8588
    7748:	e12fff3c 	blx	ip
    774c:	e28dd008 	add	sp, sp, #8
    7750:	e12fff10 	bx	r0
    7754:	e52de004 	push	{lr}		@ (str lr, [sp, #-4]!)
    7758:	e24dd004 	sub	sp, sp, #4
    775c:	e58d0000 	str	r0, [sp]
    7760:	e30cc123 	movw	ip, #49443	@ 0xc123
    7764:	e34cc456 	movt	ip, #50262	@ 0xc456
    7768:	e5940000 	ldr	r0, [r4]
    776c:	e5840000 	str	r0, [r4]
    7770:	e59f0e14 	ldr	r0, [pc, #3604]	@ 0x858c
    7774:	e30ccabc 	movw	ip, #51900	@ 0xcabc
    7778:	e34ccdef 	movt	ip, #52719	@ 0xcdef
    777c:	e28dd004 	add	sp, sp, #4
    7780:	e49df004 	pop	{pc}		@ (ldr pc, [sp], #4)
    7784:	e52de004 	push	{lr}		@ (str lr, [sp, #-4]!)
    7788:	e24dd004 	sub	sp, sp, #4
    778c:	e58d0000 	str	r0, [sp]
    7790:	e30cc123 	movw	ip, #49443	@ 0xc123
    7794:	e34cc456 	movt	ip, #50262	@ 0xc456
    7798:	e5940000 	ldr	r0, [r4]
    779c:	e1a02000 	mov	r2, r0
    77a0:	e5951030 	ldr	r1, [r5, #48]	@ 0x30
    77a4:	e59fedbc 	ldr	lr, [pc, #3516]	@ 0x8568
    77a8:	e7f2e3fc 	udf	#11836	@ 0x2e3c
    77ac:	2a000021 	bcs	0x7838
    77b0:	e7e012f4 			@ <UNDEFINED> instruction: 0xe7e012f4
    77b4:	e5840004 	str	r0, [r4, #4]
    77b8:	e59f0dd0 	ldr	r0, [pc, #3536]	@ 0x8590
    77bc:	e1a01004 	mov	r1, r4
    77c0:	e59d2000 	ldr	r2, [sp]
    77c4:	e59fcdc8 	ldr	ip, [pc, #3528]	@ 0x8594
    77c8:	e12fff3c 	blx	ip
    77cc:	e3500000 	cmp	r0, #0
    77d0:	1a00001b 	bne	0x7844
    77d4:	e5940004 	ldr	r0, [r4, #4]
    77d8:	e5840004 	str	r0, [r4, #4]
    77dc:	e59f0db4 	ldr	r0, [pc, #3508]	@ 0x8598
    77e0:	e1a01004 	mov	r1, r4
    77e4:	e59d2000 	ldr	r2, [sp]
    77e8:	e59fcdac 	ldr	ip, [pc, #3500]	@ 0x859c
    77ec:	e12fff3c 	blx	ip
    77f0:	e3500000 	cmp	r0, #0
    77f4:	1a000012 	bne	0x7844
    77f8:	e5940004 	ldr	r0, [r4, #4]
    77fc:	e5840004 	str	r0, [r4, #4]
    7800:	e59f0d98 	ldr	r0, [pc, #3480]	@ 0x85a0
    7804:	e1a01004 	mov	r1, r4
    7808:	e59d2000 	ldr	r2, [sp]
    780c:	e59fcd90 	ldr	ip, [pc, #3472]	@ 0x85a4
    7810:	e12fff3c 	blx	ip
    7814:	e3500000 	cmp	r0, #0
    7818:	1a000009 	bne	0x7844
    781c:	e5940004 	ldr	r0, [r4, #4]
    7820:	e5840004 	str	r0, [r4, #4]
    7824:	e59f0d7c 	ldr	r0, [pc, #3452]	@ 0x85a8
    7828:	e30ccabc 	movw	ip, #51900	@ 0xcabc
    782c:	e34ccdef 	movt	ip, #52719	@ 0xcdef
    7830:	e28dd004 	add	sp, sp, #4
    7834:	e49df004 	pop	{pc}		@ (ldr pc, [sp], #4)
    7838:	e3a00008 	mov	r0, #8
    783c:	e59d1000 	ldr	r1, [sp]
    7840:	e5810010 	str	r0, [r1, #16]
    7844:	e59d0000 	ldr	r0, [sp]
    7848:	e59d1004 	ldr	r1, [sp, #4]
    784c:	e59fcd58 	ldr	ip, [pc, #3416]	@ 0x85ac
    7850:	e12fff3c 	blx	ip
    7854:	e28dd008 	add	sp, sp, #8
    7858:	e12fff10 	bx	r0
    785c:	e92d41c0 	push	{r6, r7, r8, lr}
    7860:	e24dd008 	sub	sp, sp, #8
    7864:	e58d0000 	str	r0, [sp]
    7868:	e30cc123 	movw	ip, #49443	@ 0xc123
    786c:	e34cc456 	movt	ip, #50262	@ 0xc456
    7870:	e5940000 	ldr	r0, [r4]
    7874:	e5941004 	ldr	r1, [r4, #4]
    7878:	e5942008 	ldr	r2, [r4, #8]
    787c:	e594300c 	ldr	r3, [r4, #12]
    7880:	e595e03c 	ldr	lr, [r5, #60]	@ 0x3c
    7884:	e59e6008 	ldr	r6, [lr, #8]
    7888:	e2466010 	sub	r6, r6, #16
    788c:	e1a07006 	mov	r7, r6
    7890:	e595803c 	ldr	r8, [r5, #60]	@ 0x3c
    7894:	e5886008 	str	r6, [r8, #8]
    7898:	e20330ff 	and	r3, r3, #255	@ 0xff
    789c:	e2876008 	add	r6, r7, #8
    78a0:	e5840000 	str	r0, [r4]
    78a4:	e5841004 	str	r1, [r4, #4]
    78a8:	e5842008 	str	r2, [r4, #8]
    78ac:	e5843034 	str	r3, [r4, #52]	@ 0x34
    78b0:	e5846038 	str	r6, [r4, #56]	@ 0x38
    78b4:	e59f0cf4 	ldr	r0, [pc, #3316]	@ 0x85b0
    78b8:	e1a01004 	mov	r1, r4
    78bc:	e59d2000 	ldr	r2, [sp]
    78c0:	e59fccec 	ldr	ip, [pc, #3308]	@ 0x85b4
    78c4:	e12fff3c 	blx	ip
    78c8:	e3500000 	cmp	r0, #0
    78cc:	1a000021 	bne	0x7958
    78d0:	e5940028 	ldr	r0, [r4, #40]	@ 0x28
    78d4:	e5840028 	str	r0, [r4, #40]	@ 0x28
    78d8:	e59f0cd8 	ldr	r0, [pc, #3288]	@ 0x85b8
    78dc:	e1a01004 	mov	r1, r4
    78e0:	e59d2000 	ldr	r2, [sp]
    78e4:	e59fccd0 	ldr	ip, [pc, #3280]	@ 0x85bc
    78e8:	e12fff3c 	blx	ip
    78ec:	e3500000 	cmp	r0, #0
    78f0:	1a000018 	bne	0x7958
    78f4:	e5940028 	ldr	r0, [r4, #40]	@ 0x28
    78f8:	e1a06007 	mov	r6, r7
    78fc:	e5953030 	ldr	r3, [r5, #48]	@ 0x30
    7900:	e59fecb8 	ldr	lr, [pc, #3256]	@ 0x85c0
    7904:	e7f6e0f8 	udf	#28168	@ 0x6e08
    7908:	2a00000f 	bcs	0x794c
    790c:	e083c006 	add	ip, r3, r6
    7910:	e59c1000 	ldr	r1, [ip]
    7914:	e59c2004 	ldr	r2, [ip, #4]
    7918:	e2877010 	add	r7, r7, #16
    791c:	e595303c 	ldr	r3, [r5, #60]	@ 0x3c
    7920:	e5837008 	str	r7, [r3, #8]
    7924:	e3500000 	cmp	r0, #0
    7928:	13e01000 	mvnne	r1, #0
    792c:	13e02000 	mvnne	r2, #0
    7930:	e5841028 	str	r1, [r4, #40]	@ 0x28
    7934:	e584202c 	str	r2, [r4, #44]	@ 0x2c
    7938:	e59f0c84 	ldr	r0, [pc, #3204]	@ 0x85c4
    793c:	e30ccabc 	movw	ip, #51900	@ 0xcabc
    7940:	e34ccdef 	movt	ip, #52719	@ 0xcdef
    7944:	e28dd008 	add	sp, sp, #8
    7948:	e8bd81c0 	pop	{r6, r7, r8, pc}
    794c:	e3a00008 	mov	r0, #8
    7950:	e59d1000 	ldr	r1, [sp]
    7954:	e5810010 	str	r0, [r1, #16]
    7958:	e59d0000 	ldr	r0, [sp]
    795c:	e59d1014 	ldr	r1, [sp, #20]
    7960:	e59fcc60 	ldr	ip, [pc, #3168]	@ 0x85c8
    7964:	e12fff3c 	blx	ip
    7968:	e28dd008 	add	sp, sp, #8
    796c:	e8bd01c0 	pop	{r6, r7, r8}
    7970:	e28dd004 	add	sp, sp, #4
    7974:	e12fff10 	bx	r0
    7978:	e92d40c0 	push	{r6, r7, lr}
    797c:	e24dd004 	sub	sp, sp, #4
    7980:	e58d0000 	str	r0, [sp]
    7984:	e30cc123 	movw	ip, #49443	@ 0xc123
    7988:	e34cc456 	movt	ip, #50262	@ 0xc456
    798c:	e5940000 	ldr	r0, [r4]
    7990:	e5941004 	ldr	r1, [r4, #4]
    7994:	e5942008 	ldr	r2, [r4, #8]
    7998:	e594300c 	ldr	r3, [r4, #12]
    799c:	e1a07000 	mov	r7, r0
    79a0:	e5956030 	ldr	r6, [r5, #48]	@ 0x30
    79a4:	e59febbc 	ldr	lr, [pc, #3004]	@ 0x8568
    79a8:	e7f7e3fc 	udf	#32316	@ 0x7e3c
    79ac:	2a000014 	bcs	0x7a04
    79b0:	e7e067f4 			@ <UNDEFINED> instruction: 0xe7e067f4
    79b4:	e5840010 	str	r0, [r4, #16]
    79b8:	e5841004 	str	r1, [r4, #4]
    79bc:	e5842008 	str	r2, [r4, #8]
    79c0:	e584300c 	str	r3, [r4, #12]
    79c4:	e59f0c00 	ldr	r0, [pc, #3072]	@ 0x85cc
    79c8:	e1a01004 	mov	r1, r4
    79cc:	e59d2000 	ldr	r2, [sp]
    79d0:	e59fcbf8 	ldr	ip, [pc, #3064]	@ 0x85d0
    79d4:	e12fff3c 	blx	ip
    79d8:	e3500000 	cmp	r0, #0
    79dc:	1a00000b 	bne	0x7a10
    79e0:	e5940010 	ldr	r0, [r4, #16]
    79e4:	e5941014 	ldr	r1, [r4, #20]
    79e8:	e5840010 	str	r0, [r4, #16]
    79ec:	e5841014 	str	r1, [r4, #20]
    79f0:	e59f0bdc 	ldr	r0, [pc, #3036]	@ 0x85d4
    79f4:	e30ccabc 	movw	ip, #51900	@ 0xcabc
    79f8:	e34ccdef 	movt	ip, #52719	@ 0xcdef
    79fc:	e28dd004 	add	sp, sp, #4
    7a00:	e8bd80c0 	pop	{r6, r7, pc}
    7a04:	e3a00008 	mov	r0, #8
    7a08:	e59d1000 	ldr	r1, [sp]
    7a0c:	e5810010 	str	r0, [r1, #16]
    7a10:	e59d0000 	ldr	r0, [sp]
    7a14:	e59d100c 	ldr	r1, [sp, #12]
    7a18:	e59fcbb8 	ldr	ip, [pc, #3000]	@ 0x85d8
    7a1c:	e12fff3c 	blx	ip
    7a20:	e28dd004 	add	sp, sp, #4
    7a24:	e8bd00c0 	pop	{r6, r7}
    7a28:	e28dd004 	add	sp, sp, #4
    7a2c:	e12fff10 	bx	r0
    7a30:	e52de004 	push	{lr}		@ (str lr, [sp, #-4]!)
    7a34:	e24dd004 	sub	sp, sp, #4
    7a38:	e58d0000 	str	r0, [sp]
    7a3c:	e30cc123 	movw	ip, #49443	@ 0xc123
    7a40:	e34cc456 	movt	ip, #50262	@ 0xc456
    7a44:	e5950044 	ldr	r0, [r5, #68]	@ 0x44
    7a48:	e3a0eb40 	mov	lr, #64, 22	@ 0x10000
    7a4c:	e580e008 	str	lr, [r0, #8]
    7a50:	e3a0c000 	mov	ip, #0
    7a54:	e28c000f 	add	r0, ip, #15
    7a58:	e3c0000f 	bic	r0, r0, #15
    7a5c:	e5951040 	ldr	r1, [r5, #64]	@ 0x40
    7a60:	e5810008 	str	r0, [r1, #8]
    7a64:	e59f0b70 	ldr	r0, [pc, #2928]	@ 0x85dc
    7a68:	e30ccabc 	movw	ip, #51900	@ 0xcabc
    7a6c:	e34ccdef 	movt	ip, #52719	@ 0xcdef
    7a70:	e28dd004 	add	sp, sp, #4
    7a74:	e49df004 	pop	{pc}		@ (ldr pc, [sp], #4)
    7a78:	e52de004 	push	{lr}		@ (str lr, [sp, #-4]!)
    7a7c:	e24dd004 	sub	sp, sp, #4
    7a80:	e58d0000 	str	r0, [sp]
    7a84:	e30cc123 	movw	ip, #49443	@ 0xc123
    7a88:	e34cc456 	movt	ip, #50262	@ 0xc456
    7a8c:	e595e03c 	ldr	lr, [r5, #60]	@ 0x3c
    7a90:	e59e0008 	ldr	r0, [lr, #8]
    7a94:	e595e040 	ldr	lr, [r5, #64]	@ 0x40
    7a98:	e59e1008 	ldr	r1, [lr, #8]
    7a9c:	e0400001 	sub	r0, r0, r1
    7aa0:	e5840000 	str	r0, [r4]
    7aa4:	e59f0b34 	ldr	r0, [pc, #2868]	@ 0x85e0
    7aa8:	e30ccabc 	movw	ip, #51900	@ 0xcabc
    7aac:	e34ccdef 	movt	ip, #52719	@ 0xcdef
    7ab0:	e28dd004 	add	sp, sp, #4
    7ab4:	e49df004 	pop	{pc}		@ (ldr pc, [sp], #4)
    7ab8:	e52de004 	push	{lr}		@ (str lr, [sp, #-4]!)
    7abc:	e24dd004 	sub	sp, sp, #4
    7ac0:	e58d0000 	str	r0, [sp]
    7ac4:	e30cc123 	movw	ip, #49443	@ 0xc123
    7ac8:	e34cc456 	movt	ip, #50262	@ 0xc456
    7acc:	e595e044 	ldr	lr, [r5, #68]	@ 0x44
    7ad0:	e59e0008 	ldr	r0, [lr, #8]
    7ad4:	e5840000 	str	r0, [r4]
    7ad8:	e59f0b04 	ldr	r0, [pc, #2820]	@ 0x85e4
    7adc:	e30ccabc 	movw	ip, #51900	@ 0xcabc
    7ae0:	e34ccdef 	movt	ip, #52719	@ 0xcdef
    7ae4:	e28dd004 	add	sp, sp, #4
    7ae8:	e49df004 	pop	{pc}		@ (ldr pc, [sp], #4)
    7aec:	e52de004 	push	{lr}		@ (str lr, [sp, #-4]!)
    7af0:	e24dd004 	sub	sp, sp, #4
    7af4:	e58d0000 	str	r0, [sp]
    7af8:	e30cc123 	movw	ip, #49443	@ 0xc123
    7afc:	e34cc456 	movt	ip, #50262	@ 0xc456
    7b00:	e595e040 	ldr	lr, [r5, #64]	@ 0x40
    7b04:	e59e0008 	ldr	r0, [lr, #8]
    7b08:	e5840000 	str	r0, [r4]
    7b0c:	e59f0ad4 	ldr	r0, [pc, #2772]	@ 0x85e8
    7b10:	e30ccabc 	movw	ip, #51900	@ 0xcabc
    7b14:	e34ccdef 	movt	ip, #52719	@ 0xcdef
    7b18:	e28dd004 	add	sp, sp, #4
    7b1c:	e49df004 	pop	{pc}		@ (ldr pc, [sp], #4)
    7b20:	e92d4fc0 	push	{r6, r7, r8, r9, sl, fp, lr}
    7b24:	e24dd004 	sub	sp, sp, #4
    7b28:	e58d0000 	str	r0, [sp]
    7b2c:	e30cc123 	movw	ip, #49443	@ 0xc123
    7b30:	e34cc456 	movt	ip, #50262	@ 0xc456
    7b34:	e5947014 	ldr	r7, [r4, #20]
    7b38:	e3170040 	tst	r7, #64	@ 0x40
    7b3c:	0a000018 	beq	0x7ba4
    7b40:	e2478040 	sub	r8, r7, #64	@ 0x40
    7b44:	e3a09000 	mov	r9, #0
    7b48:	e1a0a008 	mov	sl, r8
    7b4c:	e5943004 	ldr	r3, [r4, #4]
    7b50:	e31a0020 	tst	sl, #32
    7b54:	1a000008 	bne	0x7b7c
    7b58:	e5946008 	ldr	r6, [r4, #8]
    7b5c:	e20aa01f 	and	sl, sl, #31
    7b60:	e1a06a16 	lsl	r6, r6, sl
    7b64:	e1a0c0a3 	lsr	ip, r3, #1
    7b68:	e22ae01f 	eor	lr, sl, #31
    7b6c:	e1866e3c 	orr	r6, r6, ip, lsr lr
    7b70:	e1a0ea13 	lsl	lr, r3, sl
    7b74:	e584e00c 	str	lr, [r4, #12]
    7b78:	ea000003 	b	0x7b8c
    7b7c:	e20ae01f 	and	lr, sl, #31
    7b80:	e1a06e13 	lsl	r6, r3, lr
    7b84:	e3a0e000 	mov	lr, #0
    7b88:	e584e00c 	str	lr, [r4, #12]
    7b8c:	e5846010 	str	r6, [r4, #16]
    7b90:	e3a0e000 	mov	lr, #0
    7b94:	e584e004 	str	lr, [r4, #4]
    7b98:	e3a0e000 	mov	lr, #0
    7b9c:	e584e008 	str	lr, [r4, #8]
    7ba0:	ea00003b 	b	0x7c94
    7ba4:	e3570000 	cmp	r7, #0
    7ba8:	0a000039 	beq	0x7c94
    7bac:	e2678040 	rsb	r8, r7, #64	@ 0x40
    7bb0:	e3a09000 	mov	r9, #0
    7bb4:	e1a00008 	mov	r0, r8
    7bb8:	e594b008 	ldr	fp, [r4, #8]
    7bbc:	e3100020 	tst	r0, #32
    7bc0:	1a000007 	bne	0x7be4
    7bc4:	e594a004 	ldr	sl, [r4, #4]
    7bc8:	e200001f 	and	r0, r0, #31
    7bcc:	e1a0a03a 	lsr	sl, sl, r0
    7bd0:	e1a0c08b 	lsl	ip, fp, #1
    7bd4:	e220e01f 	eor	lr, r0, #31
    7bd8:	e18aae1c 	orr	sl, sl, ip, lsl lr
    7bdc:	e1a0b03b 	lsr	fp, fp, r0
    7be0:	ea000002 	b	0x7bf0
    7be4:	e200e01f 	and	lr, r0, #31
    7be8:	e1a0ae3b 	lsr	sl, fp, lr
    7bec:	e3a0b000 	mov	fp, #0
    7bf0:	e1a00007 	mov	r0, r7
    7bf4:	e3a07000 	mov	r7, #0
    7bf8:	e1a08000 	mov	r8, r0
    7bfc:	e1a09007 	mov	r9, r7
    7c00:	e1a01000 	mov	r1, r0
    7c04:	e594600c 	ldr	r6, [r4, #12]
    7c08:	e3110020 	tst	r1, #32
    7c0c:	1a000007 	bne	0x7c30
    7c10:	e5943010 	ldr	r3, [r4, #16]
    7c14:	e201101f 	and	r1, r1, #31
    7c18:	e1a03113 	lsl	r3, r3, r1
    7c1c:	e1a0c0a6 	lsr	ip, r6, #1
    7c20:	e221e01f 	eor	lr, r1, #31
    7c24:	e1833e3c 	orr	r3, r3, ip, lsr lr
    7c28:	e1a06116 	lsl	r6, r6, r1
    7c2c:	ea000002 	b	0x7c3c
    7c30:	e201e01f 	and	lr, r1, #31
    7c34:	e1a03e16 	lsl	r3, r6, lr
    7c38:	e3a06000 	mov	r6, #0
    7c3c:	e18ae006 	orr	lr, sl, r6
    7c40:	e584e00c 	str	lr, [r4, #12]
    7c44:	e18be003 	orr	lr, fp, r3
    7c48:	e584e010 	str	lr, [r4, #16]
    7c4c:	e1a02008 	mov	r2, r8
    7c50:	e5941004 	ldr	r1, [r4, #4]
    7c54:	e3120020 	tst	r2, #32
    7c58:	1a000008 	bne	0x7c80
    7c5c:	e5940008 	ldr	r0, [r4, #8]
    7c60:	e202201f 	and	r2, r2, #31
    7c64:	e1a00210 	lsl	r0, r0, r2
    7c68:	e1a0c0a1 	lsr	ip, r1, #1
    7c6c:	e222e01f 	eor	lr, r2, #31
    7c70:	e1800e3c 	orr	r0, r0, ip, lsr lr
    7c74:	e1a0e211 	lsl	lr, r1, r2
    7c78:	e584e004 	str	lr, [r4, #4]
    7c7c:	ea000003 	b	0x7c90
    7c80:	e202e01f 	and	lr, r2, #31
    7c84:	e1a00e11 	lsl	r0, r1, lr
    7c88:	e3a0e000 	mov	lr, #0
    7c8c:	e584e004 	str	lr, [r4, #4]
    7c90:	e5840008 	str	r0, [r4, #8]
    7c94:	e5941000 	ldr	r1, [r4]
    7c98:	e5950030 	ldr	r0, [r5, #48]	@ 0x30
    7c9c:	e5942004 	ldr	r2, [r4, #4]
    7ca0:	e59fc918 	ldr	ip, [pc, #2328]	@ 0x85c0
    7ca4:	e151000c 	cmp	r1, ip
    7ca8:	8a000012 	bhi	0x7cf8
    7cac:	e0800001 	add	r0, r0, r1
    7cb0:	e5941008 	ldr	r1, [r4, #8]
    7cb4:	e5802000 	str	r2, [r0]
    7cb8:	e5801004 	str	r1, [r0, #4]
    7cbc:	e5941000 	ldr	r1, [r4]
    7cc0:	e5950030 	ldr	r0, [r5, #48]	@ 0x30
    7cc4:	e594200c 	ldr	r2, [r4, #12]
    7cc8:	e59fe8f0 	ldr	lr, [pc, #2288]	@ 0x85c0
    7ccc:	e7f1e0f8 	udf	#7688	@ 0x1e08
    7cd0:	2a000008 	bcs	0x7cf8
    7cd4:	e0800001 	add	r0, r0, r1
    7cd8:	e5941010 	ldr	r1, [r4, #16]
    7cdc:	e5802000 	str	r2, [r0]
    7ce0:	e5801004 	str	r1, [r0, #4]
    7ce4:	e59f0900 	ldr	r0, [pc, #2304]	@ 0x85ec
    7ce8:	e30ccabc 	movw	ip, #51900	@ 0xcabc
    7cec:	e34ccdef 	movt	ip, #52719	@ 0xcdef
    7cf0:	e28dd004 	add	sp, sp, #4
    7cf4:	e8bd8fc0 	pop	{r6, r7, r8, r9, sl, fp, pc}
    7cf8:	e3a00008 	mov	r0, #8
    7cfc:	e59d1000 	ldr	r1, [sp]
    7d00:	e5810010 	str	r0, [r1, #16]
    7d04:	e59d0000 	ldr	r0, [sp]
    7d08:	e59d101c 	ldr	r1, [sp, #28]
    7d0c:	e59fc8dc 	ldr	ip, [pc, #2268]	@ 0x85f0
    7d10:	e12fff3c 	blx	ip
    7d14:	e28dd004 	add	sp, sp, #4
    7d18:	e8bd0fc0 	pop	{r6, r7, r8, r9, sl, fp}
    7d1c:	e28dd004 	add	sp, sp, #4
    7d20:	e12fff10 	bx	r0
    7d24:	e92d4fc0 	push	{r6, r7, r8, r9, sl, fp, lr}
    7d28:	e24dd004 	sub	sp, sp, #4
    7d2c:	e58d0000 	str	r0, [sp]
    7d30:	e30cc123 	movw	ip, #49443	@ 0xc123
    7d34:	e34cc456 	movt	ip, #50262	@ 0xc456
    7d38:	e5947014 	ldr	r7, [r4, #20]
    7d3c:	e3170040 	tst	r7, #64	@ 0x40
    7d40:	0a000018 	beq	0x7da8
    7d44:	e2478040 	sub	r8, r7, #64	@ 0x40
    7d48:	e3a09000 	mov	r9, #0
    7d4c:	e1a0a008 	mov	sl, r8
    7d50:	e5942010 	ldr	r2, [r4, #16]
    7d54:	e31a0020 	tst	sl, #32
    7d58:	1a000008 	bne	0x7d80
    7d5c:	e594100c 	ldr	r1, [r4, #12]
    7d60:	e20aa01f 	and	sl, sl, #31
    7d64:	e1a01a31 	lsr	r1, r1, sl
    7d68:	e1a0c082 	lsl	ip, r2, #1
    7d6c:	e22ae01f 	eor	lr, sl, #31
    7d70:	e1811e1c 	orr	r1, r1, ip, lsl lr
    7d74:	e1a0ea32 	lsr	lr, r2, sl
    7d78:	e584e008 	str	lr, [r4, #8]
    7d7c:	ea000003 	b	0x7d90
    7d80:	e20ae01f 	and	lr, sl, #31
    7d84:	e1a01e32 	lsr	r1, r2, lr
    7d88:	e3a0e000 	mov	lr, #0
    7d8c:	e584e008 	str	lr, [r4, #8]
    7d90:	e5841004 	str	r1, [r4, #4]
    7d94:	e3a0e000 	mov	lr, #0
    7d98:	e584e00c 	str	lr, [r4, #12]
    7d9c:	e3a0e000 	mov	lr, #0
    7da0:	e584e010 	str	lr, [r4, #16]
    7da4:	ea00003b 	b	0x7e98
    7da8:	e3570000 	cmp	r7, #0
    7dac:	0a000039 	beq	0x7e98
    7db0:	e2678040 	rsb	r8, r7, #64	@ 0x40
    7db4:	e3a09000 	mov	r9, #0
    7db8:	e1a00008 	mov	r0, r8
    7dbc:	e594a00c 	ldr	sl, [r4, #12]
    7dc0:	e3100020 	tst	r0, #32
    7dc4:	1a000007 	bne	0x7de8
    7dc8:	e594b010 	ldr	fp, [r4, #16]
    7dcc:	e200001f 	and	r0, r0, #31
    7dd0:	e1a0b01b 	lsl	fp, fp, r0
    7dd4:	e1a0c0aa 	lsr	ip, sl, #1
    7dd8:	e220e01f 	eor	lr, r0, #31
    7ddc:	e18bbe3c 	orr	fp, fp, ip, lsr lr
    7de0:	e1a0a01a 	lsl	sl, sl, r0
    7de4:	ea000002 	b	0x7df4
    7de8:	e200e01f 	and	lr, r0, #31
    7dec:	e1a0be1a 	lsl	fp, sl, lr
    7df0:	e3a0a000 	mov	sl, #0
    7df4:	e1a00007 	mov	r0, r7
    7df8:	e3a07000 	mov	r7, #0
    7dfc:	e1a08000 	mov	r8, r0
    7e00:	e1a09007 	mov	r9, r7
    7e04:	e1a01000 	mov	r1, r0
    7e08:	e5943008 	ldr	r3, [r4, #8]
    7e0c:	e3110020 	tst	r1, #32
    7e10:	1a000007 	bne	0x7e34
    7e14:	e5946004 	ldr	r6, [r4, #4]
    7e18:	e201101f 	and	r1, r1, #31
    7e1c:	e1a06136 	lsr	r6, r6, r1
    7e20:	e1a0c083 	lsl	ip, r3, #1
    7e24:	e221e01f 	eor	lr, r1, #31
    7e28:	e1866e1c 	orr	r6, r6, ip, lsl lr
    7e2c:	e1a03133 	lsr	r3, r3, r1
    7e30:	ea000002 	b	0x7e40
    7e34:	e201e01f 	and	lr, r1, #31
    7e38:	e1a06e33 	lsr	r6, r3, lr
    7e3c:	e3a03000 	mov	r3, #0
    7e40:	e18ae006 	orr	lr, sl, r6
    7e44:	e584e004 	str	lr, [r4, #4]
    7e48:	e18be003 	orr	lr, fp, r3
    7e4c:	e584e008 	str	lr, [r4, #8]
    7e50:	e1a02008 	mov	r2, r8
    7e54:	e5940010 	ldr	r0, [r4, #16]
    7e58:	e3120020 	tst	r2, #32
    7e5c:	1a000008 	bne	0x7e84
    7e60:	e594100c 	ldr	r1, [r4, #12]
    7e64:	e202201f 	and	r2, r2, #31
    7e68:	e1a01231 	lsr	r1, r1, r2
    7e6c:	e1a0c080 	lsl	ip, r0, #1
    7e70:	e222e01f 	eor	lr, r2, #31
    7e74:	e1811e1c 	orr	r1, r1, ip, lsl lr
    7e78:	e1a0e230 	lsr	lr, r0, r2
    7e7c:	e584e010 	str	lr, [r4, #16]
    7e80:	ea000003 	b	0x7e94
    7e84:	e202e01f 	and	lr, r2, #31
    7e88:	e1a01e30 	lsr	r1, r0, lr
    7e8c:	e3a0e000 	mov	lr, #0
    7e90:	e584e010 	str	lr, [r4, #16]
    7e94:	e584100c 	str	r1, [r4, #12]
    7e98:	e5941000 	ldr	r1, [r4]
    7e9c:	e5950030 	ldr	r0, [r5, #48]	@ 0x30
    7ea0:	e5942004 	ldr	r2, [r4, #4]
    7ea4:	e59fc714 	ldr	ip, [pc, #1812]	@ 0x85c0
    7ea8:	e151000c 	cmp	r1, ip
    7eac:	8a000012 	bhi	0x7efc
    7eb0:	e0800001 	add	r0, r0, r1
    7eb4:	e5941008 	ldr	r1, [r4, #8]
    7eb8:	e5802000 	str	r2, [r0]
    7ebc:	e5801004 	str	r1, [r0, #4]
    7ec0:	e5941000 	ldr	r1, [r4]
    7ec4:	e5950030 	ldr	r0, [r5, #48]	@ 0x30
    7ec8:	e594200c 	ldr	r2, [r4, #12]
    7ecc:	e59fe6ec 	ldr	lr, [pc, #1772]	@ 0x85c0
    7ed0:	e7f1e0f8 	udf	#7688	@ 0x1e08
    7ed4:	2a000008 	bcs	0x7efc
    7ed8:	e0800001 	add	r0, r0, r1
    7edc:	e5941010 	ldr	r1, [r4, #16]
    7ee0:	e5802000 	str	r2, [r0]
    7ee4:	e5801004 	str	r1, [r0, #4]
    7ee8:	e59f0704 	ldr	r0, [pc, #1796]	@ 0x85f4
    7eec:	e30ccabc 	movw	ip, #51900	@ 0xcabc
    7ef0:	e34ccdef 	movt	ip, #52719	@ 0xcdef
    7ef4:	e28dd004 	add	sp, sp, #4
    7ef8:	e8bd8fc0 	pop	{r6, r7, r8, r9, sl, fp, pc}
    7efc:	e3a00008 	mov	r0, #8
    7f00:	e59d1000 	ldr	r1, [sp]
    7f04:	e5810010 	str	r0, [r1, #16]
    7f08:	e59d0000 	ldr	r0, [sp]
    7f0c:	e59d101c 	ldr	r1, [sp, #28]
    7f10:	e59fc6e0 	ldr	ip, [pc, #1760]	@ 0x85f8
    7f14:	e12fff3c 	blx	ip
    7f18:	e28dd004 	add	sp, sp, #4
    7f1c:	e8bd0fc0 	pop	{r6, r7, r8, r9, sl, fp}
    7f20:	e28dd004 	add	sp, sp, #4
    7f24:	e12fff10 	bx	r0
    7f28:	e92d4fc0 	push	{r6, r7, r8, r9, sl, fp, lr}
    7f2c:	e24dd004 	sub	sp, sp, #4
    7f30:	e58d0000 	str	r0, [sp]
    7f34:	e30cc123 	movw	ip, #49443	@ 0xc123
    7f38:	e34cc456 	movt	ip, #50262	@ 0xc456
    7f3c:	e595e03c 	ldr	lr, [r5, #60]	@ 0x3c
    7f40:	e59e0008 	ldr	r0, [lr, #8]
    7f44:	e2400020 	sub	r0, r0, #32
    7f48:	e5840010 	str	r0, [r4, #16]
    7f4c:	e595103c 	ldr	r1, [r5, #60]	@ 0x3c
    7f50:	e5810008 	str	r0, [r1, #8]
    7f54:	e5940008 	ldr	r0, [r4, #8]
    7f58:	e594100c 	ldr	r1, [r4, #12]
    7f5c:	e3c0e000 	bic	lr, r0, #0
    7f60:	e584e024 	str	lr, [r4, #36]	@ 0x24
    7f64:	e3a0ccff 	mov	ip, #65280	@ 0xff00
    7f68:	e38cc0ff 	orr	ip, ip, #255	@ 0xff
    7f6c:	e001e00c 	and	lr, r1, ip
    7f70:	e584e028 	str	lr, [r4, #40]	@ 0x28
    7f74:	e594c00c 	ldr	ip, [r4, #12]
    7f78:	e1a0282c 	lsr	r2, ip, #16
    7f7c:	e3a03000 	mov	r3, #0
    7f80:	e3a0cc7f 	mov	ip, #32512	@ 0x7f00
    7f84:	e38cc0ff 	orr	ip, ip, #255	@ 0xff
    7f88:	e002200c 	and	r2, r2, ip
    7f8c:	e2033000 	and	r3, r3, #0
    7f90:	e1a09002 	mov	r9, r2
    7f94:	e1a08003 	mov	r8, r3
    7f98:	e5842014 	str	r2, [r4, #20]
    7f9c:	e2422c3c 	sub	r2, r2, #60, 24	@ 0x3c00
    7fa0:	e2422001 	sub	r2, r2, #1
    7fa4:	e3a0cc07 	mov	ip, #1792	@ 0x700
    7fa8:	e38cc0fd 	orr	ip, ip, #253	@ 0xfd
    7fac:	e152000c 	cmp	r2, ip
    7fb0:	8a000035 	bhi	0x808c
    7fb4:	e594c004 	ldr	ip, [r4, #4]
    7fb8:	e1a02e2c 	lsr	r2, ip, #28
    7fbc:	e3a0b000 	mov	fp, #0
    7fc0:	e5946028 	ldr	r6, [r4, #40]	@ 0x28
    7fc4:	e5947024 	ldr	r7, [r4, #36]	@ 0x24
    7fc8:	e1a06206 	lsl	r6, r6, #4
    7fcc:	e1866e27 	orr	r6, r6, r7, lsr #28
    7fd0:	e1a07207 	lsl	r7, r7, #4
    7fd4:	e1822007 	orr	r2, r2, r7
    7fd8:	e18bb006 	orr	fp, fp, r6
    7fdc:	e594c014 	ldr	ip, [r4, #20]
    7fe0:	e24c6df0 	sub	r6, ip, #240, 26	@ 0x3c00
    7fe4:	e3a07000 	mov	r7, #0
    7fe8:	e5943000 	ldr	r3, [r4]
    7fec:	e594a004 	ldr	sl, [r4, #4]
    7ff0:	e3c33000 	bic	r3, r3, #0
    7ff4:	e3caa4f0 	bic	sl, sl, #240, 8	@ 0xf0000000
    7ff8:	e1a01003 	mov	r1, r3
    7ffc:	e1a0000a 	mov	r0, sl
    8000:	e3530001 	cmp	r3, #1
    8004:	e2dac680 	sbcs	ip, sl, #128, 12	@ 0x8000000
    8008:	3a000002 	bcc	0x8018
    800c:	e2922001 	adds	r2, r2, #1
    8010:	e2abb000 	adc	fp, fp, #0
    8014:	ea000007 	b	0x8038
    8018:	e3500680 	cmp	r0, #128, 12	@ 0x8000000
    801c:	1a000000 	bne	0x8024
    8020:	e3510000 	cmp	r1, #0
    8024:	1a000003 	bne	0x8038
    8028:	e2020001 	and	r0, r2, #1
    802c:	e20b1000 	and	r1, fp, #0
    8030:	e0902002 	adds	r2, r0, r2
    8034:	e0a1b00b 	adc	fp, r1, fp
    8038:	e3e0c000 	mvn	ip, #0
    803c:	e15c0002 	cmp	ip, r2
    8040:	e3e0c20f 	mvn	ip, #-268435456	@ 0xf0000000
    8044:	e3ccc6ff 	bic	ip, ip, #267386880	@ 0xff00000
    8048:	e0dcc00b 	sbcs	ip, ip, fp
    804c:	e3a00000 	mov	r0, #0
    8050:	33a00001 	movcc	r0, #1
    8054:	e1a01000 	mov	r1, r0
    8058:	e3500000 	cmp	r0, #0
    805c:	13a02000 	movne	r2, #0
    8060:	e1a0e00b 	mov	lr, fp
    8064:	13a0e000 	movne	lr, #0
    8068:	e5842000 	str	r2, [r4]
    806c:	e584e004 	str	lr, [r4, #4]
    8070:	e1a00001 	mov	r0, r1
    8074:	e3a01000 	mov	r1, #0
    8078:	e090e006 	adds	lr, r0, r6
    807c:	e584e024 	str	lr, [r4, #36]	@ 0x24
    8080:	e0a1e007 	adc	lr, r1, r7
    8084:	e584e028 	str	lr, [r4, #40]	@ 0x28
    8088:	ea0000c6 	b	0x83a8
    808c:	e5943000 	ldr	r3, [r4]
    8090:	e5946004 	ldr	r6, [r4, #4]
    8094:	e594c024 	ldr	ip, [r4, #36]	@ 0x24
    8098:	e183300c 	orr	r3, r3, ip
    809c:	e594c028 	ldr	ip, [r4, #40]	@ 0x28
    80a0:	e186600c 	orr	r6, r6, ip
    80a4:	e193c006 	orrs	ip, r3, r6
    80a8:	0a000019 	beq	0x8114
    80ac:	e3580000 	cmp	r8, #0
    80b0:	1a000002 	bne	0x80c0
    80b4:	e3a0cc7f 	mov	ip, #32512	@ 0x7f00
    80b8:	e38cc0ff 	orr	ip, ip, #255	@ 0xff
    80bc:	e159000c 	cmp	r9, ip
    80c0:	1a000013 	bne	0x8114
    80c4:	e594c004 	ldr	ip, [r4, #4]
    80c8:	e1a03e2c 	lsr	r3, ip, #28
    80cc:	e3a06000 	mov	r6, #0
    80d0:	e594a028 	ldr	sl, [r4, #40]	@ 0x28
    80d4:	e5947024 	ldr	r7, [r4, #36]	@ 0x24
    80d8:	e1a0a20a 	lsl	sl, sl, #4
    80dc:	e18aae27 	orr	sl, sl, r7, lsr #28
    80e0:	e1a07207 	lsl	r7, r7, #4
    80e4:	e1833007 	orr	r3, r3, r7
    80e8:	e186600a 	orr	r6, r6, sl
    80ec:	e383e000 	orr	lr, r3, #0
    80f0:	e584e000 	str	lr, [r4]
    80f4:	e386ea80 	orr	lr, r6, #128, 20	@ 0x80000
    80f8:	e584e004 	str	lr, [r4, #4]
    80fc:	e3a0ec07 	mov	lr, #1792	@ 0x700
    8100:	e38ee0ff 	orr	lr, lr, #255	@ 0xff
    8104:	e584e024 	str	lr, [r4, #36]	@ 0x24
    8108:	e3a0e000 	mov	lr, #0
    810c:	e584e028 	str	lr, [r4, #40]	@ 0x28
    8110:	ea0000a4 	b	0x83a8
    8114:	e594c014 	ldr	ip, [r4, #20]
    8118:	e3a0ec43 	mov	lr, #17152	@ 0x4300
    811c:	e38ee0fe 	orr	lr, lr, #254	@ 0xfe
    8120:	e15c000e 	cmp	ip, lr
    8124:	9a000009 	bls	0x8150
    8128:	e3a0ec07 	mov	lr, #1792	@ 0x700
    812c:	e38ee0ff 	orr	lr, lr, #255	@ 0xff
    8130:	e584e024 	str	lr, [r4, #36]	@ 0x24
    8134:	e3a0e000 	mov	lr, #0
    8138:	e584e028 	str	lr, [r4, #40]	@ 0x28
    813c:	e3a0e000 	mov	lr, #0
    8140:	e584e000 	str	lr, [r4]
    8144:	e3a0e000 	mov	lr, #0
    8148:	e584e004 	str	lr, [r4, #4]
    814c:	ea000095 	b	0x83a8
    8150:	e199c008 	orrs	ip, r9, r8
    8154:	e3a03000 	mov	r3, #0
    8158:	03a03001 	moveq	r3, #1
    815c:	e1a06003 	mov	r6, r3
    8160:	e3530000 	cmp	r3, #0
    8164:	e3a07df0 	mov	r7, #240, 26	@ 0x3c00
    8168:	e3a0cc3c 	mov	ip, #60, 24	@ 0x3c00
    816c:	e38cc001 	orr	ip, ip, #1
    8170:	01a0700c 	moveq	r7, ip
    8174:	e1a03007 	mov	r3, r7
    8178:	e594c014 	ldr	ip, [r4, #20]
    817c:	e047700c 	sub	r7, r7, ip
    8180:	e1a08007 	mov	r8, r7
    8184:	e3570070 	cmp	r7, #112	@ 0x70
    8188:	da000008 	ble	0x81b0
    818c:	e3a0e000 	mov	lr, #0
    8190:	e584e000 	str	lr, [r4]
    8194:	e3a0e000 	mov	lr, #0
    8198:	e584e004 	str	lr, [r4, #4]
    819c:	e3a0e000 	mov	lr, #0
    81a0:	e584e024 	str	lr, [r4, #36]	@ 0x24
    81a4:	e3a0e000 	mov	lr, #0
    81a8:	e584e028 	str	lr, [r4, #40]	@ 0x28
    81ac:	ea00007d 	b	0x83a8
    81b0:	e5947024 	ldr	r7, [r4, #36]	@ 0x24
    81b4:	e5949028 	ldr	r9, [r4, #40]	@ 0x28
    81b8:	e3877000 	orr	r7, r7, #0
    81bc:	e3899b40 	orr	r9, r9, #64, 22	@ 0x10000
    81c0:	e3560000 	cmp	r6, #0
    81c4:	e594c024 	ldr	ip, [r4, #36]	@ 0x24
    81c8:	11a0700c 	movne	r7, ip
    81cc:	e594c028 	ldr	ip, [r4, #40]	@ 0x28
    81d0:	11a0900c 	movne	r9, ip
    81d4:	e3a06000 	mov	r6, #0
    81d8:	e594c014 	ldr	ip, [r4, #20]
    81dc:	e153000c 	cmp	r3, ip
    81e0:	0a000024 	beq	0x8278
    81e4:	e594c010 	ldr	ip, [r4, #16]
    81e8:	e28c3010 	add	r3, ip, #16
    81ec:	e268a080 	rsb	sl, r8, #128	@ 0x80
    81f0:	e5843058 	str	r3, [r4, #88]	@ 0x58
    81f4:	e5847024 	str	r7, [r4, #36]	@ 0x24
    81f8:	e5849028 	str	r9, [r4, #40]	@ 0x28
    81fc:	e584a06c 	str	sl, [r4, #108]	@ 0x6c
    8200:	e59f03f4 	ldr	r0, [pc, #1012]	@ 0x85fc
    8204:	e1a01004 	mov	r1, r4
    8208:	e59d2000 	ldr	r2, [sp]
    820c:	e59fc3ec 	ldr	ip, [pc, #1004]	@ 0x8600
    8210:	e12fff3c 	blx	ip
    8214:	e3500000 	cmp	r0, #0
    8218:	1a00007d 	bne	0x8414
    821c:	e594b010 	ldr	fp, [r4, #16]
    8220:	e5952030 	ldr	r2, [r5, #48]	@ 0x30
    8224:	e59fe394 	ldr	lr, [pc, #916]	@ 0x85c0
    8228:	e7fbe1f0 	udf	#48656	@ 0xbe10
    822c:	2a000075 	bcs	0x8408
    8230:	e082c00b 	add	ip, r2, fp
    8234:	e59c3000 	ldr	r3, [ip]
    8238:	e59ca004 	ldr	sl, [ip, #4]
    823c:	e5941010 	ldr	r1, [r4, #16]
    8240:	e5950030 	ldr	r0, [r5, #48]	@ 0x30
    8244:	e59fe374 	ldr	lr, [pc, #884]	@ 0x85c0
    8248:	e7f1e1f8 	udf	#7704	@ 0x1e18
    824c:	2a00006d 	bcs	0x8408
    8250:	e080c001 	add	ip, r0, r1
    8254:	e59c2000 	ldr	r2, [ip]
    8258:	e59cb004 	ldr	fp, [ip, #4]
    825c:	e1833002 	orr	r3, r3, r2
    8260:	e18aa00b 	orr	sl, sl, fp
    8264:	e35a0000 	cmp	sl, #0
    8268:	1a000000 	bne	0x8270
    826c:	e3530000 	cmp	r3, #0
    8270:	e3a06000 	mov	r6, #0
    8274:	13a06001 	movne	r6, #1
    8278:	e5847024 	str	r7, [r4, #36]	@ 0x24
    827c:	e5849028 	str	r9, [r4, #40]	@ 0x28
    8280:	e5848020 	str	r8, [r4, #32]
    8284:	e59f0378 	ldr	r0, [pc, #888]	@ 0x8604
    8288:	e1a01004 	mov	r1, r4
    828c:	e59d2000 	ldr	r2, [sp]
    8290:	e59fc370 	ldr	ip, [pc, #880]	@ 0x8608
    8294:	e12fff3c 	blx	ip
    8298:	e3500000 	cmp	r0, #0
    829c:	1a00005c 	bne	0x8414
    82a0:	e5943010 	ldr	r3, [r4, #16]
    82a4:	e5952030 	ldr	r2, [r5, #48]	@ 0x30
    82a8:	e59fc310 	ldr	ip, [pc, #784]	@ 0x85c0
    82ac:	e153000c 	cmp	r3, ip
    82b0:	8a000054 	bhi	0x8408
    82b4:	e082c003 	add	ip, r2, r3
    82b8:	e59c0000 	ldr	r0, [ip]
    82bc:	e59c1004 	ldr	r1, [ip, #4]
    82c0:	e1a02000 	mov	r2, r0
    82c4:	e1a03001 	mov	r3, r1
    82c8:	e1a00e21 	lsr	r0, r1, #28
    82cc:	e3a01000 	mov	r1, #0
    82d0:	e594a010 	ldr	sl, [r4, #16]
    82d4:	e5959030 	ldr	r9, [r5, #48]	@ 0x30
    82d8:	e59fe2e0 	ldr	lr, [pc, #736]	@ 0x85c0
    82dc:	e7fae0f8 	udf	#44552	@ 0xae08
    82e0:	2a000048 	bcs	0x8408
    82e4:	e089c00a 	add	ip, r9, sl
    82e8:	e59c7000 	ldr	r7, [ip]
    82ec:	e59c8004 	ldr	r8, [ip, #4]
    82f0:	e1a08208 	lsl	r8, r8, #4
    82f4:	e1888e27 	orr	r8, r8, r7, lsr #28
    82f8:	e1a07207 	lsl	r7, r7, #4
    82fc:	e1800007 	orr	r0, r0, r7
    8300:	e1811008 	orr	r1, r1, r8
    8304:	e3c22000 	bic	r2, r2, #0
    8308:	e3c334f0 	bic	r3, r3, #240, 8	@ 0xf0000000
    830c:	e3a07000 	mov	r7, #0
    8310:	e1822006 	orr	r2, r2, r6
    8314:	e1833007 	orr	r3, r3, r7
    8318:	e1a06002 	mov	r6, r2
    831c:	e1a07003 	mov	r7, r3
    8320:	e3520001 	cmp	r2, #1
    8324:	e2d3c680 	sbcs	ip, r3, #128, 12	@ 0x8000000
    8328:	3a000002 	bcc	0x8338
    832c:	e2900001 	adds	r0, r0, #1
    8330:	e2a11000 	adc	r1, r1, #0
    8334:	ea000007 	b	0x8358
    8338:	e3570680 	cmp	r7, #128, 12	@ 0x8000000
    833c:	1a000000 	bne	0x8344
    8340:	e3560000 	cmp	r6, #0
    8344:	1a000003 	bne	0x8358
    8348:	e2002001 	and	r2, r0, #1
    834c:	e2013000 	and	r3, r1, #0
    8350:	e0920000 	adds	r0, r2, r0
    8354:	e0a31001 	adc	r1, r3, r1
    8358:	e2202000 	eor	r2, r0, #0
    835c:	e2213940 	eor	r3, r1, #64, 18	@ 0x100000
    8360:	e3e0c000 	mvn	ip, #0
    8364:	e15c0000 	cmp	ip, r0
    8368:	e3e0c20f 	mvn	ip, #-268435456	@ 0xf0000000
    836c:	e3ccc6ff 	bic	ip, ip, #267386880	@ 0xff00000
    8370:	e0dcc001 	sbcs	ip, ip, r1
    8374:	e3a06000 	mov	r6, #0
    8378:	33a06001 	movcc	r6, #1
    837c:	e1a07006 	mov	r7, r6
    8380:	e3560000 	cmp	r6, #0
    8384:	e1a08002 	mov	r8, r2
    8388:	01a08000 	moveq	r8, r0
    838c:	e1a0e003 	mov	lr, r3
    8390:	01a0e001 	moveq	lr, r1
    8394:	e5848000 	str	r8, [r4]
    8398:	e584e004 	str	lr, [r4, #4]
    839c:	e5847024 	str	r7, [r4, #36]	@ 0x24
    83a0:	e3a0e000 	mov	lr, #0
    83a4:	e584e028 	str	lr, [r4, #40]	@ 0x28
    83a8:	e594c010 	ldr	ip, [r4, #16]
    83ac:	e28c0020 	add	r0, ip, #32
    83b0:	e595103c 	ldr	r1, [r5, #60]	@ 0x3c
    83b4:	e5810008 	str	r0, [r1, #8]
    83b8:	e594c024 	ldr	ip, [r4, #36]	@ 0x24
    83bc:	e1a01a0c 	lsl	r1, ip, #20
    83c0:	e3a00000 	mov	r0, #0
    83c4:	e5942008 	ldr	r2, [r4, #8]
    83c8:	e594300c 	ldr	r3, [r4, #12]
    83cc:	e2022000 	and	r2, r2, #0
    83d0:	e2033480 	and	r3, r3, #128, 8	@ 0x80000000
    83d4:	e1800002 	orr	r0, r0, r2
    83d8:	e1811003 	orr	r1, r1, r3
    83dc:	e594c000 	ldr	ip, [r4]
    83e0:	e180000c 	orr	r0, r0, ip
    83e4:	e594c004 	ldr	ip, [r4, #4]
    83e8:	e181100c 	orr	r1, r1, ip
    83ec:	ec410a10 	vmov	s0, s1, r0, r1
    83f0:	ed840b16 	vstr	d0, [r4, #88]	@ 0x58
    83f4:	e59f0210 	ldr	r0, [pc, #528]	@ 0x860c
    83f8:	e30ccabc 	movw	ip, #51900	@ 0xcabc
    83fc:	e34ccdef 	movt	ip, #52719	@ 0xcdef
    8400:	e28dd004 	add	sp, sp, #4
    8404:	e8bd8fc0 	pop	{r6, r7, r8, r9, sl, fp, pc}
    8408:	e3a00008 	mov	r0, #8
    840c:	e59d1000 	ldr	r1, [sp]
    8410:	e5810010 	str	r0, [r1, #16]
    8414:	e59d0000 	ldr	r0, [sp]
    8418:	e59d101c 	ldr	r1, [sp, #28]
    841c:	e59fc1ec 	ldr	ip, [pc, #492]	@ 0x8610
    8420:	e12fff3c 	blx	ip
    8424:	e28dd004 	add	sp, sp, #4
    8428:	e8bd0fc0 	pop	{r6, r7, r8, r9, sl, fp}
    842c:	e28dd004 	add	sp, sp, #4
    8430:	e12fff10 	bx	r0
    8434:	e52de004 	push	{lr}		@ (str lr, [sp, #-4]!)
    8438:	e24dd004 	sub	sp, sp, #4
    843c:	e58d0000 	str	r0, [sp]
    8440:	e30cc123 	movw	ip, #49443	@ 0xc123
    8444:	e34cc456 	movt	ip, #50262	@ 0xc456
    8448:	e5940000 	ldr	r0, [r4]
    844c:	e595103c 	ldr	r1, [r5, #60]	@ 0x3c
    8450:	e5810008 	str	r0, [r1, #8]
    8454:	e59f01b8 	ldr	r0, [pc, #440]	@ 0x8614
    8458:	e30ccabc 	movw	ip, #51900	@ 0xcabc
    845c:	e34ccdef 	movt	ip, #52719	@ 0xcdef
    8460:	e28dd004 	add	sp, sp, #4
    8464:	e49df004 	pop	{pc}		@ (ldr pc, [sp], #4)
    8468:	e52de004 	push	{lr}		@ (str lr, [sp, #-4]!)
    846c:	e24dd004 	sub	sp, sp, #4
    8470:	e58d0000 	str	r0, [sp]
    8474:	e30cc123 	movw	ip, #49443	@ 0xc123
    8478:	e34cc456 	movt	ip, #50262	@ 0xc456
    847c:	e595e03c 	ldr	lr, [r5, #60]	@ 0x3c
    8480:	e59e0008 	ldr	r0, [lr, #8]
    8484:	e5840000 	str	r0, [r4]
    8488:	e59f0188 	ldr	r0, [pc, #392]	@ 0x8618
    848c:	e30ccabc 	movw	ip, #51900	@ 0xcabc
    8490:	e34ccdef 	movt	ip, #52719	@ 0xcdef
    8494:	e28dd004 	add	sp, sp, #4
    8498:	e49df004 	pop	{pc}		@ (ldr pc, [sp], #4)
    849c:	e52de004 	push	{lr}		@ (str lr, [sp, #-4]!)
    84a0:	e24dd004 	sub	sp, sp, #4
    84a4:	e58d0000 	str	r0, [sp]
    84a8:	e30cc123 	movw	ip, #49443	@ 0xc123
    84ac:	e34cc456 	movt	ip, #50262	@ 0xc456
    84b0:	e5940000 	ldr	r0, [r4]
    84b4:	e3500099 	cmp	r0, #153	@ 0x99
    84b8:	83a00000 	movhi	r0, #0
    84bc:	e1a00080 	lsl	r0, r0, #1
    84c0:	e1a02000 	mov	r2, r0
    84c4:	e5951030 	ldr	r1, [r5, #48]	@ 0x30
    84c8:	e59fe14c 	ldr	lr, [pc, #332]	@ 0x861c
    84cc:	e3a0cb42 	mov	ip, #67584	@ 0x10800
    84d0:	e38ccf68 	orr	ip, ip, #104, 30	@ 0x1a0
    84d4:	e092200c 	adds	r2, r2, ip
    84d8:	2a00000b 	bcs	0x850c
    84dc:	e59fc138 	ldr	ip, [pc, #312]	@ 0x861c
    84e0:	e152000c 	cmp	r2, ip
    84e4:	8a000008 	bhi	0x850c
    84e8:	e7e012f2 			@ <UNDEFINED> instruction: 0xe7e012f2
    84ec:	e2800b40 	add	r0, r0, #64, 22	@ 0x10000
    84f0:	e2800f8c 	add	r0, r0, #140, 30	@ 0x230
    84f4:	e5840018 	str	r0, [r4, #24]
    84f8:	e59f0120 	ldr	r0, [pc, #288]	@ 0x8620
    84fc:	e30ccabc 	movw	ip, #51900	@ 0xcabc
    8500:	e34ccdef 	movt	ip, #52719	@ 0xcdef
    8504:	e28dd004 	add	sp, sp, #4
    8508:	e49df004 	pop	{pc}		@ (ldr pc, [sp], #4)
    850c:	e3a00008 	mov	r0, #8
    8510:	e59d1000 	ldr	r1, [sp]
    8514:	e5810010 	str	r0, [r1, #16]
    8518:	e59d0000 	ldr	r0, [sp]
    851c:	e59d1004 	ldr	r1, [sp, #4]
    8520:	e59fc0fc 	ldr	ip, [pc, #252]	@ 0x8624
    8524:	e12fff3c 	blx	ip
    8528:	e28dd008 	add	sp, sp, #8
    852c:	e12fff10 	bx	r0
    8530:	e52de004 	push	{lr}		@ (str lr, [sp, #-4]!)
    8534:	e24dd004 	sub	sp, sp, #4
    8538:	ea00003a 	b	0x8628
	...
    8558:	00405d58 	subeq	r5, r0, r8, asr sp
    855c:	00405ecc 	subeq	r5, r0, ip, asr #29
    8560:	00405ed0 	ldrdeq	r5, [r0], #-224	@ 0xffffff20
    8564:	0004890c 	andeq	r8, r4, ip, lsl #18
    8568:	0101fffc 	strdeq	pc, [r1, -ip]
    856c:	00405efc 	strdeq	r5, [r0], #-236	@ 0xffffff14
    8570:	00405f14 	subeq	r5, r0, r4, lsl pc
    8574:	00048004 	andeq	r8, r4, r4
    8578:	003f6eb0 	ldrhteq	r6, [pc], -r0
    857c:	003f6eb4 	ldrhteq	r6, [pc], -r4
    8580:	0004890c 	andeq	r8, r4, ip, lsl #18
    8584:	003f6ed0 	ldrsbteq	r6, [pc], -r0
    8588:	00048004 	andeq	r8, r4, r4
    858c:	003ff220 	eorseq	pc, pc, r0, lsr #4
    8590:	00405864 	subeq	r5, r0, r4, ror #16
    8594:	0004890c 	andeq	r8, r4, ip, lsl #18
    8598:	00405874 	subeq	r5, r0, r4, ror r8
    859c:	0004890c 	andeq	r8, r4, ip, lsl #18
    85a0:	00405884 	subeq	r5, r0, r4, lsl #17
    85a4:	0004890c 	andeq	r8, r4, ip, lsl #18
    85a8:	0040589c 	umaaleq	r5, r0, ip, r8
    85ac:	00048004 	andeq	r8, r4, r4
    85b0:	003f6f60 	eorseq	r6, pc, r0, ror #30
    85b4:	0004890c 	andeq	r8, r4, ip, lsl #18
    85b8:	003f6f78 	eorseq	r6, pc, r8, ror pc	@ <UNPREDICTABLE>
    85bc:	0004890c 	andeq	r8, r4, ip, lsl #18
    85c0:	0101fff8 	strdeq	pc, [r1, -r8]
    85c4:	003f6fcc 	eorseq	r6, pc, ip, asr #31
    85c8:	00048004 	andeq	r8, r4, r4
    85cc:	003f9c3c 	eorseq	r9, pc, ip, lsr ip	@ <UNPREDICTABLE>
    85d0:	0004890c 	andeq	r8, r4, ip, lsl #18
    85d4:	003f9c5c 	eorseq	r9, pc, ip, asr ip	@ <UNPREDICTABLE>
    85d8:	00048004 	andeq	r8, r4, r4
    85dc:	003eb328 	eorseq	fp, lr, r8, lsr #6
    85e0:	003fe7fc 	ldrshteq	lr, [pc], -ip
    85e4:	003fda14 	eorseq	sp, pc, r4, lsl sl	@ <UNPREDICTABLE>
    85e8:	003fdeac 	eorseq	sp, pc, ip, lsr #29
    85ec:	003ff044 	eorseq	pc, pc, r4, asr #32
    85f0:	00048004 	andeq	r8, r4, r4
    85f4:	004061b4 	strheq	r6, [r0], #-20	@ 0xffffffec
    85f8:	00048004 	andeq	r8, r4, r4
    85fc:	004097f8 	strdeq	r9, [r0], #-120	@ 0xffffff88
    8600:	0004890c 	andeq	r8, r4, ip, lsl #18
    8604:	00409850 	subeq	r9, r0, r0, asr r8
    8608:	0004890c 	andeq	r8, r4, ip, lsl #18
    860c:	00409a6c 	subeq	r9, r0, ip, ror #20
    8610:	00048004 	andeq	r8, r4, r4
    8614:	003fd494 	mlaseq	pc, r4, r4, sp	@ <UNPREDICTABLE>
    8618:	003fda74 	eorseq	sp, pc, r4, ror sl	@ <UNPREDICTABLE>
    861c:	0101fffe 	strdeq	pc, [r1, -lr]
    8620:	003f7ca0 	eorseq	r7, pc, r0, lsr #25
    8624:	00048004 	andeq	r8, r4, r4
    8628:	e58d0000 	str	r0, [sp]
    862c:	e30cc123 	movw	ip, #49443	@ 0xc123
    8630:	e34cc456 	movt	ip, #50262	@ 0xc456
    8634:	e5940000 	ldr	r0, [r4]
    8638:	e5840000 	str	r0, [r4]
    863c:	e5840000 	str	r0, [r4]
    8640:	e59f0290 	ldr	r0, [pc, #656]	@ 0x88d8
    8644:	e1a01004 	mov	r1, r4
    8648:	e59d2000 	ldr	r2, [sp]
    864c:	e59fc288 	ldr	ip, [pc, #648]	@ 0x88dc
    8650:	e12fff3c 	blx	ip
    8654:	e3500000 	cmp	r0, #0
    8658:	1a000006 	bne	0x8678
    865c:	e5940004 	ldr	r0, [r4, #4]
    8660:	e5840004 	str	r0, [r4, #4]
    8664:	e59f0274 	ldr	r0, [pc, #628]	@ 0x88e0
    8668:	e30ccabc 	movw	ip, #51900	@ 0xcabc
    866c:	e34ccdef 	movt	ip, #52719	@ 0xcdef
    8670:	e28dd004 	add	sp, sp, #4
    8674:	e49df004 	pop	{pc}		@ (ldr pc, [sp], #4)
    8678:	e59d0000 	ldr	r0, [sp]
    867c:	e59d1004 	ldr	r1, [sp, #4]
    8680:	e59fc25c 	ldr	ip, [pc, #604]	@ 0x88e4
    8684:	e12fff3c 	blx	ip
    8688:	e28dd008 	add	sp, sp, #8
    868c:	e12fff10 	bx	r0
    8690:	e52de004 	push	{lr}		@ (str lr, [sp, #-4]!)
    8694:	e24dd004 	sub	sp, sp, #4
    8698:	e58d0000 	str	r0, [sp]
    869c:	e30cc123 	movw	ip, #49443	@ 0xc123
    86a0:	e34cc456 	movt	ip, #50262	@ 0xc456
    86a4:	e3a0e001 	mov	lr, #1
    86a8:	e584e000 	str	lr, [r4]
    86ac:	e59f0234 	ldr	r0, [pc, #564]	@ 0x88e8
    86b0:	e30ccabc 	movw	ip, #51900	@ 0xcabc
    86b4:	e34ccdef 	movt	ip, #52719	@ 0xcdef
    86b8:	e28dd004 	add	sp, sp, #4
    86bc:	e49df004 	pop	{pc}		@ (ldr pc, [sp], #4)
    86c0:	e52de004 	push	{lr}		@ (str lr, [sp, #-4]!)
    86c4:	e24dd004 	sub	sp, sp, #4
    86c8:	e58d0000 	str	r0, [sp]
    86cc:	e30cc123 	movw	ip, #49443	@ 0xc123
    86d0:	e34cc456 	movt	ip, #50262	@ 0xc456
    86d4:	e1a0e005 	mov	lr, r5
    86d8:	e59e005c 	ldr	r0, [lr, #92]	@ 0x5c
    86dc:	e5840000 	str	r0, [r4]
    86e0:	e59f0204 	ldr	r0, [pc, #516]	@ 0x88ec
    86e4:	e30ccabc 	movw	ip, #51900	@ 0xcabc
    86e8:	e34ccdef 	movt	ip, #52719	@ 0xcdef
    86ec:	e28dd004 	add	sp, sp, #4
    86f0:	e49df004 	pop	{pc}		@ (ldr pc, [sp], #4)
    86f4:	e52de004 	push	{lr}		@ (str lr, [sp, #-4]!)
    86f8:	e24dd004 	sub	sp, sp, #4
    86fc:	e58d0000 	str	r0, [sp]
    8700:	e30cc123 	movw	ip, #49443	@ 0xc123
    8704:	e34cc456 	movt	ip, #50262	@ 0xc456
    8708:	e1a0e005 	mov	lr, r5
    870c:	e59e0084 	ldr	r0, [lr, #132]	@ 0x84
    8710:	e5840000 	str	r0, [r4]
    8714:	e59f01d4 	ldr	r0, [pc, #468]	@ 0x88f0
    8718:	e30ccabc 	movw	ip, #51900	@ 0xcabc
    871c:	e34ccdef 	movt	ip, #52719	@ 0xcdef
    8720:	e28dd004 	add	sp, sp, #4
    8724:	e49df004 	pop	{pc}		@ (ldr pc, [sp], #4)
    8728:	e52de004 	push	{lr}		@ (str lr, [sp, #-4]!)
    872c:	e24dd004 	sub	sp, sp, #4
    8730:	e58d0000 	str	r0, [sp]
    8734:	e30cc123 	movw	ip, #49443	@ 0xc123
    8738:	e34cc456 	movt	ip, #50262	@ 0xc456
    873c:	e1a0e005 	mov	lr, r5
    8740:	e59e0080 	ldr	r0, [lr, #128]	@ 0x80
    8744:	e5840000 	str	r0, [r4]
    8748:	e59f01a4 	ldr	r0, [pc, #420]	@ 0x88f4
    874c:	e30ccabc 	movw	ip, #51900	@ 0xcabc
    8750:	e34ccdef 	movt	ip, #52719	@ 0xcdef
    8754:	e28dd004 	add	sp, sp, #4
    8758:	e49df004 	pop	{pc}		@ (ldr pc, [sp], #4)
    875c:	e52de004 	push	{lr}		@ (str lr, [sp, #-4]!)
    8760:	e24dd004 	sub	sp, sp, #4
    8764:	e58d0000 	str	r0, [sp]
    8768:	e30cc123 	movw	ip, #49443	@ 0xc123
    876c:	e34cc456 	movt	ip, #50262	@ 0xc456
    8770:	e1a0e005 	mov	lr, r5
    8774:	e59e0088 	ldr	r0, [lr, #136]	@ 0x88
    8778:	e5840000 	str	r0, [r4]
    877c:	e59f0174 	ldr	r0, [pc, #372]	@ 0x88f8
    8780:	e30ccabc 	movw	ip, #51900	@ 0xcabc
    8784:	e34ccdef 	movt	ip, #52719	@ 0xcdef
    8788:	e28dd004 	add	sp, sp, #4
    878c:	e49df004 	pop	{pc}		@ (ldr pc, [sp], #4)
    8790:	e52de004 	push	{lr}		@ (str lr, [sp, #-4]!)
    8794:	e24dd004 	sub	sp, sp, #4
    8798:	e58d0000 	str	r0, [sp]
    879c:	e30cc123 	movw	ip, #49443	@ 0xc123
    87a0:	e34cc456 	movt	ip, #50262	@ 0xc456
    87a4:	e1a0e005 	mov	lr, r5
    87a8:	e59e00f0 	ldr	r0, [lr, #240]	@ 0xf0
    87ac:	e5840000 	str	r0, [r4]
    87b0:	e59f0144 	ldr	r0, [pc, #324]	@ 0x88fc
    87b4:	e30ccabc 	movw	ip, #51900	@ 0xcabc
    87b8:	e34ccdef 	movt	ip, #52719	@ 0xcdef
    87bc:	e28dd004 	add	sp, sp, #4
    87c0:	e49df004 	pop	{pc}		@ (ldr pc, [sp], #4)
    87c4:	e52de004 	push	{lr}		@ (str lr, [sp, #-4]!)
    87c8:	e24dd004 	sub	sp, sp, #4
    87cc:	e58d0000 	str	r0, [sp]
    87d0:	e30cc123 	movw	ip, #49443	@ 0xc123
    87d4:	e34cc456 	movt	ip, #50262	@ 0xc456
    87d8:	e1a0e005 	mov	lr, r5
    87dc:	e59e00f4 	ldr	r0, [lr, #244]	@ 0xf4
    87e0:	e5840000 	str	r0, [r4]
    87e4:	e59f0114 	ldr	r0, [pc, #276]	@ 0x8900
    87e8:	e30ccabc 	movw	ip, #51900	@ 0xcabc
    87ec:	e34ccdef 	movt	ip, #52719	@ 0xcdef
    87f0:	e28dd004 	add	sp, sp, #4
    87f4:	e49df004 	pop	{pc}		@ (ldr pc, [sp], #4)
    87f8:	e52de004 	push	{lr}		@ (str lr, [sp, #-4]!)
    87fc:	e24dd004 	sub	sp, sp, #4
    8800:	e58d0000 	str	r0, [sp]
    8804:	e30cc123 	movw	ip, #49443	@ 0xc123
    8808:	e34cc456 	movt	ip, #50262	@ 0xc456
    880c:	e1a0e005 	mov	lr, r5
    8810:	e59e011c 	ldr	r0, [lr, #284]	@ 0x11c
    8814:	e5840000 	str	r0, [r4]
    8818:	e59f00e4 	ldr	r0, [pc, #228]	@ 0x8904
    881c:	e30ccabc 	movw	ip, #51900	@ 0xcabc
    8820:	e34ccdef 	movt	ip, #52719	@ 0xcdef
    8824:	e28dd004 	add	sp, sp, #4
    8828:	e49df004 	pop	{pc}		@ (ldr pc, [sp], #4)
    882c:	e52de004 	push	{lr}		@ (str lr, [sp, #-4]!)
    8830:	e24dd004 	sub	sp, sp, #4
    8834:	e58d0000 	str	r0, [sp]
    8838:	e30cc123 	movw	ip, #49443	@ 0xc123
    883c:	e34cc456 	movt	ip, #50262	@ 0xc456
    8840:	e1a0e005 	mov	lr, r5
    8844:	e59e0124 	ldr	r0, [lr, #292]	@ 0x124
    8848:	e5840000 	str	r0, [r4]
    884c:	e59f00b4 	ldr	r0, [pc, #180]	@ 0x8908
    8850:	e30ccabc 	movw	ip, #51900	@ 0xcabc
    8854:	e34ccdef 	movt	ip, #52719	@ 0xcdef
    8858:	e28dd004 	add	sp, sp, #4
    885c:	e49df004 	pop	{pc}		@ (ldr pc, [sp], #4)
    8860:	e52de004 	push	{lr}		@ (str lr, [sp, #-4]!)
    8864:	e24dd004 	sub	sp, sp, #4
    8868:	e58d0000 	str	r0, [sp]
    886c:	e30cc123 	movw	ip, #49443	@ 0xc123
    8870:	e34cc456 	movt	ip, #50262	@ 0xc456
    8874:	e3a0eb40 	mov	lr, #64, 22	@ 0x10000
    8878:	e584e000 	str	lr, [r4]
    887c:	e59f0088 	ldr	r0, [pc, #136]	@ 0x890c
    8880:	e30ccabc 	movw	ip, #51900	@ 0xcabc
    8884:	e34ccdef 	movt	ip, #52719	@ 0xcdef
    8888:	e28dd004 	add	sp, sp, #4
    888c:	e49df004 	pop	{pc}		@ (ldr pc, [sp], #4)
    8890:	e52de004 	push	{lr}		@ (str lr, [sp, #-4]!)
    8894:	e24dd004 	sub	sp, sp, #4
    8898:	e58d0000 	str	r0, [sp]
    889c:	e30cc123 	movw	ip, #49443	@ 0xc123
    88a0:	e34cc456 	movt	ip, #50262	@ 0xc456
    88a4:	e3a0eb42 	mov	lr, #67584	@ 0x10800
    88a8:	e38eefb6 	orr	lr, lr, #728	@ 0x2d8
    88ac:	e584e000 	str	lr, [r4]
    88b0:	e59f0058 	ldr	r0, [pc, #88]	@ 0x8910
    88b4:	e30ccabc 	movw	ip, #51900	@ 0xcabc
    88b8:	e34ccdef 	movt	ip, #52719	@ 0xcdef
    88bc:	e28dd004 	add	sp, sp, #4
    88c0:	e49df004 	pop	{pc}		@ (ldr pc, [sp], #4)
    88c4:	ea000012 	b	0x8914
	...
    88d8:	003fdfe0 	eorseq	sp, pc, r0, ror #31
    88dc:	0004890c 	andeq	r8, r4, ip, lsl #18
    88e0:	003fdffc 	ldrshteq	sp, [pc], -ip
    88e4:	00048004 	andeq	r8, r4, r4
    88e8:	003f5e34 	eorseq	r5, pc, r4, lsr lr	@ <UNPREDICTABLE>
    88ec:	003f6554 	eorseq	r6, pc, r4, asr r5	@ <UNPREDICTABLE>
    88f0:	003f65dc 	ldrsbteq	r6, [pc], -ip
    88f4:	003f6664 	eorseq	r6, pc, r4, ror #12
    88f8:	003f66ec 	eorseq	r6, pc, ip, ror #13
    88fc:	003f6774 	eorseq	r6, pc, r4, ror r7	@ <UNPREDICTABLE>
    8900:	003f67fc 	ldrshteq	r6, [pc], -ip
    8904:	003f6884 	eorseq	r6, pc, r4, lsl #17
    8908:	003f690c 	eorseq	r6, pc, ip, lsl #18
    890c:	00404614 	subeq	r4, r0, r4, lsl r6
    8910:	004062ec 	subeq	r6, r0, ip, ror #5
    8914:	e1a00000 	nop			@ (mov r0, r0)
    8918:	e1a00000 	nop			@ (mov r0, r0)
    891c:	e1a00000 	nop			@ (mov r0, r0)
    8920:	e1a00000 	nop			@ (mov r0, r0)
    8924:	e1a00000 	nop			@ (mov r0, r0)
    8928:	e1a00000 	nop			@ (mov r0, r0)
    892c:	e1a00000 	nop			@ (mov r0, r0)
    8930:	e1a00000 	nop			@ (mov r0, r0)
    8934:	e1a00000 	nop			@ (mov r0, r0)
    8938:	e1a00000 	nop			@ (mov r0, r0)
    893c:	e1a00000 	nop			@ (mov r0, r0)
    8940:	e1a00000 	nop			@ (mov r0, r0)
    8944:	e1a00000 	nop			@ (mov r0, r0)
    8948:	e1a00000 	nop			@ (mov r0, r0)
    894c:	e1a00000 	nop			@ (mov r0, r0)
    8950:	e1a00000 	nop			@ (mov r0, r0)
    8954:	e1a00000 	nop			@ (mov r0, r0)
    8958:	e1a00000 	nop			@ (mov r0, r0)
    895c:	e1a00000 	nop			@ (mov r0, r0)
    8960:	e1a00000 	nop			@ (mov r0, r0)
    8964:	e1a00000 	nop			@ (mov r0, r0)
    8968:	e1a00000 	nop			@ (mov r0, r0)
    896c:	e1a00000 	nop			@ (mov r0, r0)
    8970:	e1a00000 	nop			@ (mov r0, r0)
    8974:	e1a00000 	nop			@ (mov r0, r0)
    8978:	e1a00000 	nop			@ (mov r0, r0)
    897c:	e1a00000 	nop			@ (mov r0, r0)
    8980:	e1a00000 	nop			@ (mov r0, r0)
    8984:	e1a00000 	nop			@ (mov r0, r0)
    8988:	e1a00000 	nop			@ (mov r0, r0)
    898c:	e1a00000 	nop			@ (mov r0, r0)
    8990:	e1a00000 	nop			@ (mov r0, r0)
    8994:	e1a00000 	nop			@ (mov r0, r0)
    8998:	e1a00000 	nop			@ (mov r0, r0)
    899c:	e1a00000 	nop			@ (mov r0, r0)
    89a0:	e1a00000 	nop			@ (mov r0, r0)
    89a4:	e1a00000 	nop			@ (mov r0, r0)
    89a8:	e1a00000 	nop			@ (mov r0, r0)
    89ac:	e1a00000 	nop			@ (mov r0, r0)
    89b0:	e1a00000 	nop			@ (mov r0, r0)
    89b4:	e1a00000 	nop			@ (mov r0, r0)
    89b8:	e1a00000 	nop			@ (mov r0, r0)
    89bc:	e1a00000 	nop			@ (mov r0, r0)
    89c0:	e1a00000 	nop			@ (mov r0, r0)
    89c4:	e1a00000 	nop			@ (mov r0, r0)
    89c8:	e1a00000 	nop			@ (mov r0, r0)
    89cc:	e1a00000 	nop			@ (mov r0, r0)
    89d0:	e1a00000 	nop			@ (mov r0, r0)
    89d4:	e1a00000 	nop			@ (mov r0, r0)
    89d8:	e1a00000 	nop			@ (mov r0, r0)
    89dc:	e1a00000 	nop			@ (mov r0, r0)
    89e0:	e1a00000 	nop			@ (mov r0, r0)
    89e4:	e1a00000 	nop			@ (mov r0, r0)
    89e8:	e1a00000 	nop			@ (mov r0, r0)
    89ec:	e1a00000 	nop			@ (mov r0, r0)
    89f0:	e1a00000 	nop			@ (mov r0, r0)
    89f4:	e1a00000 	nop			@ (mov r0, r0)
    89f8:	e1a00000 	nop			@ (mov r0, r0)
    89fc:	e1a00000 	nop			@ (mov r0, r0)
    8a00:	e1a00000 	nop			@ (mov r0, r0)
    8a04:	e1a00000 	nop			@ (mov r0, r0)
    8a08:	e1a00000 	nop			@ (mov r0, r0)
    8a0c:	e1a00000 	nop			@ (mov r0, r0)
    8a10:	e1a00000 	nop			@ (mov r0, r0)
    8a14:	e1a00000 	nop			@ (mov r0, r0)
    8a18:	e1a00000 	nop			@ (mov r0, r0)
    8a1c:	e1a00000 	nop			@ (mov r0, r0)
    8a20:	e1a00000 	nop			@ (mov r0, r0)
    8a24:	e1a00000 	nop			@ (mov r0, r0)
    8a28:	e1a00000 	nop			@ (mov r0, r0)
