
/tmp/jit_dump.bin:     file format binary


Disassembly of section .data:

00000000 <.data>:
       0:	e92d4030 	push	{r4, r5, lr}
       4:	e1a04001 	mov	r4, r1
       8:	e24dd004 	sub	sp, sp, #4
       c:	e5905008 	ldr	r5, [r0, #8]
      10:	e12fff32 	blx	r2
      14:	e28dd004 	add	sp, sp, #4
      18:	e8bd8030 	pop	{r4, r5, pc}
      1c:	e52de004 	push	{lr}		@ (str lr, [sp, #-4]!)
      20:	e24dd004 	sub	sp, sp, #4
      24:	e58d0000 	str	r0, [sp]
      28:	e30cc123 	movw	ip, #49443	@ 0xc123
      2c:	e34cc456 	movt	ip, #50262	@ 0xc456
      30:	e59f0fe0 	ldr	r0, [pc, #4064]	@ 0x1018
      34:	e1a01004 	mov	r1, r4
      38:	e59d2000 	ldr	r2, [sp]
      3c:	e59fcfd8 	ldr	ip, [pc, #4056]	@ 0x101c
      40:	e12fff3c 	blx	ip
      44:	e3500000 	cmp	r0, #0
      48:	1a00000b 	bne	0x7c
      4c:	e59f0fcc 	ldr	r0, [pc, #4044]	@ 0x1020
      50:	e1a01004 	mov	r1, r4
      54:	e59d2000 	ldr	r2, [sp]
      58:	e59fcfc4 	ldr	ip, [pc, #4036]	@ 0x1024
      5c:	e12fff3c 	blx	ip
      60:	e3500000 	cmp	r0, #0
      64:	1a000004 	bne	0x7c
      68:	e59f0fb8 	ldr	r0, [pc, #4024]	@ 0x1028
      6c:	e30ccabc 	movw	ip, #51900	@ 0xcabc
      70:	e34ccdef 	movt	ip, #52719	@ 0xcdef
      74:	e28dd004 	add	sp, sp, #4
      78:	e49df004 	pop	{pc}		@ (ldr pc, [sp], #4)
      7c:	e59d0000 	ldr	r0, [sp]
      80:	e59d1004 	ldr	r1, [sp, #4]
      84:	e59fcfa0 	ldr	ip, [pc, #4000]	@ 0x102c
      88:	e12fff3c 	blx	ip
      8c:	e28dd008 	add	sp, sp, #8
      90:	e12fff10 	bx	r0
      94:	e92d41c0 	push	{r6, r7, r8, lr}
      98:	e24dd008 	sub	sp, sp, #8
      9c:	e58d0000 	str	r0, [sp]
      a0:	e30cc123 	movw	ip, #49443	@ 0xc123
      a4:	e34cc456 	movt	ip, #50262	@ 0xc456
      a8:	e595e03c 	ldr	lr, [r5, #60]	@ 0x3c
      ac:	e59e0008 	ldr	r0, [lr, #8]
      b0:	e2406c10 	sub	r6, r0, #16, 24	@ 0x1000
      b4:	e2466050 	sub	r6, r6, #80	@ 0x50
      b8:	e595003c 	ldr	r0, [r5, #60]	@ 0x3c
      bc:	e5806008 	str	r6, [r0, #8]
      c0:	e1a01006 	mov	r1, r6
      c4:	e5950030 	ldr	r0, [r5, #48]	@ 0x30
      c8:	e59fef60 	ldr	lr, [pc, #3936]	@ 0x1030
      cc:	e3a0cc10 	mov	ip, #16, 24	@ 0x1000
      d0:	e38cc04c 	orr	ip, ip, #76	@ 0x4c
      d4:	e091100c 	adds	r1, r1, ip
      d8:	2a0000b8 	bcs	0x3c0
      dc:	e59fcf4c 	ldr	ip, [pc, #3916]	@ 0x1030
      e0:	e151000c 	cmp	r1, ip
      e4:	8a0000b5 	bhi	0x3c0
      e8:	e3a02000 	mov	r2, #0
      ec:	e7d201f4 			@ <UNDEFINED> instruction: 0xe7d201f4
      f0:	e59f0f3c 	ldr	r0, [pc, #3900]	@ 0x1034
      f4:	e1a01004 	mov	r1, r4
      f8:	e59d2000 	ldr	r2, [sp]
      fc:	e59fcf34 	ldr	ip, [pc, #3892]	@ 0x1038
     100:	e12fff3c 	blx	ip
     104:	e3500000 	cmp	r0, #0
     108:	1a0000af 	bne	0x3cc
     10c:	e2860040 	add	r0, r6, #64	@ 0x40
     110:	e5840040 	str	r0, [r4, #64]	@ 0x40
     114:	e3a0ee40 	mov	lr, #64, 28	@ 0x400
     118:	e584e020 	str	lr, [r4, #32]
     11c:	e59f0f18 	ldr	r0, [pc, #3864]	@ 0x103c
     120:	e1a01004 	mov	r1, r4
     124:	e59d2000 	ldr	r2, [sp]
     128:	e59fcf10 	ldr	ip, [pc, #3856]	@ 0x1040
     12c:	e12fff3c 	blx	ip
     130:	e3500000 	cmp	r0, #0
     134:	1a0000a4 	bne	0x3cc
     138:	e5940040 	ldr	r0, [r4, #64]	@ 0x40
     13c:	e1a02006 	mov	r2, r6
     140:	e5951030 	ldr	r1, [r5, #48]	@ 0x30
     144:	e59feee4 	ldr	lr, [pc, #3812]	@ 0x1030
     148:	e7f2e3fc 	udf	#11836	@ 0x2e3c
     14c:	2a00009b 	bcs	0x3c0
     150:	e7d012f4 			@ <UNDEFINED> instruction: 0xe7d012f4
     154:	e1a01006 	mov	r1, r6
     158:	e5950030 	ldr	r0, [r5, #48]	@ 0x30
     15c:	e59feecc 	ldr	lr, [pc, #3788]	@ 0x1030
     160:	e7f1e3f8 	udf	#7736	@ 0x1e38
     164:	2a000095 	bcs	0x3c0
     168:	e3e02000 	mvn	r2, #0
     16c:	e7d201f4 			@ <UNDEFINED> instruction: 0xe7d201f4
     170:	e1a01006 	mov	r1, r6
     174:	e5950030 	ldr	r0, [r5, #48]	@ 0x30
     178:	e59feec4 	ldr	lr, [pc, #3780]	@ 0x1044
     17c:	e7f1e3f0 	udf	#7728	@ 0x1e30
     180:	2a00008e 	bcs	0x3c0
     184:	e0800001 	add	r0, r0, r1
     188:	e3a01000 	mov	r1, #0
     18c:	e3a02000 	mov	r2, #0
     190:	e5802000 	str	r2, [r0]
     194:	e5801004 	str	r1, [r0, #4]
     198:	e2860040 	add	r0, r6, #64	@ 0x40
     19c:	e2861030 	add	r1, r6, #48	@ 0x30
     1a0:	e2862038 	add	r2, r6, #56	@ 0x38
     1a4:	e5840040 	str	r0, [r4, #64]	@ 0x40
     1a8:	e3a0ee40 	mov	lr, #64, 28	@ 0x400
     1ac:	e584e020 	str	lr, [r4, #32]
     1b0:	e59fee90 	ldr	lr, [pc, #3728]	@ 0x1048
     1b4:	e584e048 	str	lr, [r4, #72]	@ 0x48
     1b8:	e584104c 	str	r1, [r4, #76]	@ 0x4c
     1bc:	e5842050 	str	r2, [r4, #80]	@ 0x50
     1c0:	e59f0e84 	ldr	r0, [pc, #3716]	@ 0x104c
     1c4:	e1a01004 	mov	r1, r4
     1c8:	e59d2000 	ldr	r2, [sp]
     1cc:	e59fce7c 	ldr	ip, [pc, #3708]	@ 0x1050
     1d0:	e12fff3c 	blx	ip
     1d4:	e3500000 	cmp	r0, #0
     1d8:	1a00007b 	bne	0x3cc
     1dc:	e5940040 	ldr	r0, [r4, #64]	@ 0x40
     1e0:	e1a02006 	mov	r2, r6
     1e4:	e5951030 	ldr	r1, [r5, #48]	@ 0x30
     1e8:	e59fee40 	ldr	lr, [pc, #3648]	@ 0x1030
     1ec:	e7f2e2fc 	udf	#11820	@ 0x2e2c
     1f0:	2a000072 	bcs	0x3c0
     1f4:	e7d012f4 			@ <UNDEFINED> instruction: 0xe7d012f4
     1f8:	e1a02006 	mov	r2, r6
     1fc:	e5951030 	ldr	r1, [r5, #48]	@ 0x30
     200:	e59fee28 	ldr	lr, [pc, #3624]	@ 0x1030
     204:	e7f2e2fc 	udf	#11820	@ 0x2e2c
     208:	2a00006c 	bcs	0x3c0
     20c:	e7e012f4 			@ <UNDEFINED> instruction: 0xe7e012f4
     210:	e3500000 	cmp	r0, #0
     214:	1a000022 	bne	0x2a4
     218:	e1a03006 	mov	r3, r6
     21c:	e5952030 	ldr	r2, [r5, #48]	@ 0x30
     220:	e59fee1c 	ldr	lr, [pc, #3612]	@ 0x1044
     224:	e7f3e3f0 	udf	#15920	@ 0x3e30
     228:	2a000064 	bcs	0x3c0
     22c:	e082c003 	add	ip, r2, r3
     230:	e59c0000 	ldr	r0, [ip]
     234:	e59c1004 	ldr	r1, [ip, #4]
     238:	e1a03006 	mov	r3, r6
     23c:	e5952030 	ldr	r2, [r5, #48]	@ 0x30
     240:	e59fede8 	ldr	lr, [pc, #3560]	@ 0x1030
     244:	e7f3e0f8 	udf	#15880	@ 0x3e08
     248:	2a00005c 	bcs	0x3c0
     24c:	e3a07e40 	mov	r7, #64, 28	@ 0x400
     250:	e7d723f4 			@ <UNDEFINED> instruction: 0xe7d723f4
     254:	e1a03006 	mov	r3, r6
     258:	e5952030 	ldr	r2, [r5, #48]	@ 0x30
     25c:	e59fcde0 	ldr	ip, [pc, #3552]	@ 0x1044
     260:	e153000c 	cmp	r3, ip
     264:	8a000055 	bhi	0x3c0
     268:	e082c003 	add	ip, r2, r3
     26c:	e58c0000 	str	r0, [ip]
     270:	e58c1004 	str	r1, [ip, #4]
     274:	e3a0eb40 	mov	lr, #64, 22	@ 0x10000
     278:	e38ee070 	orr	lr, lr, #112	@ 0x70
     27c:	e584e03c 	str	lr, [r4, #60]	@ 0x3c
     280:	e5846000 	str	r6, [r4]
     284:	e59f0dc8 	ldr	r0, [pc, #3528]	@ 0x1054
     288:	e1a01004 	mov	r1, r4
     28c:	e59d2000 	ldr	r2, [sp]
     290:	e59fcdc0 	ldr	ip, [pc, #3520]	@ 0x1058
     294:	e12fff3c 	blx	ip
     298:	e3500000 	cmp	r0, #0
     29c:	1a00004a 	bne	0x3cc
     2a0:	ea000033 	b	0x374
     2a4:	e1a02006 	mov	r2, r6
     2a8:	e5951030 	ldr	r1, [r5, #48]	@ 0x30
     2ac:	e59fed7c 	ldr	lr, [pc, #3452]	@ 0x1030
     2b0:	e7f2e3f8 	udf	#11832	@ 0x2e38
     2b4:	2a000041 	bcs	0x3c0
     2b8:	e7e012f4 			@ <UNDEFINED> instruction: 0xe7e012f4
     2bc:	e1a03006 	mov	r3, r6
     2c0:	e5952030 	ldr	r2, [r5, #48]	@ 0x30
     2c4:	e59fed64 	ldr	lr, [pc, #3428]	@ 0x1030
     2c8:	e7f3e3fc 	udf	#15932	@ 0x3e3c
     2cc:	2a00003b 	bcs	0x3c0
     2d0:	e7e123f4 			@ <UNDEFINED> instruction: 0xe7e123f4
     2d4:	e1a08006 	mov	r8, r6
     2d8:	e5957030 	ldr	r7, [r5, #48]	@ 0x30
     2dc:	e59fed60 	ldr	lr, [pc, #3424]	@ 0x1044
     2e0:	e7f8e3f0 	udf	#36400	@ 0x8e30
     2e4:	2a000035 	bcs	0x3c0
     2e8:	e087c008 	add	ip, r7, r8
     2ec:	e59c2000 	ldr	r2, [ip]
     2f0:	e59c3004 	ldr	r3, [ip, #4]
     2f4:	e1a08006 	mov	r8, r6
     2f8:	e5957030 	ldr	r7, [r5, #48]	@ 0x30
     2fc:	e59fed40 	ldr	lr, [pc, #3392]	@ 0x1044
     300:	e7f8e1f8 	udf	#36376	@ 0x8e18
     304:	2a00002d 	bcs	0x3c0
     308:	e087c008 	add	ip, r7, r8
     30c:	e58c2000 	str	r2, [ip]
     310:	e58c3004 	str	r3, [ip, #4]
     314:	e1a03006 	mov	r3, r6
     318:	e5952030 	ldr	r2, [r5, #48]	@ 0x30
     31c:	e59fed0c 	ldr	lr, [pc, #3340]	@ 0x1030
     320:	e7f3e1f4 	udf	#15892	@ 0x3e14
     324:	2a000025 	bcs	0x3c0
     328:	e7d123f4 			@ <UNDEFINED> instruction: 0xe7d123f4
     32c:	e1a02006 	mov	r2, r6
     330:	e5951030 	ldr	r1, [r5, #48]	@ 0x30
     334:	e59fecf4 	ldr	lr, [pc, #3316]	@ 0x1030
     338:	e7f2e1f0 	udf	#11792	@ 0x2e10
     33c:	2a00001f 	bcs	0x3c0
     340:	e7d012f4 			@ <UNDEFINED> instruction: 0xe7d012f4
     344:	e2860010 	add	r0, r6, #16
     348:	e3a0eb40 	mov	lr, #64, 22	@ 0x10000
     34c:	e38ee1d8 	orr	lr, lr, #216, 2	@ 0x36
     350:	e584e03c 	str	lr, [r4, #60]	@ 0x3c
     354:	e5840040 	str	r0, [r4, #64]	@ 0x40
     358:	e59f0cfc 	ldr	r0, [pc, #3324]	@ 0x105c
     35c:	e1a01004 	mov	r1, r4
     360:	e59d2000 	ldr	r2, [sp]
     364:	e59fccf4 	ldr	ip, [pc, #3316]	@ 0x1060
     368:	e12fff3c 	blx	ip
     36c:	e3500000 	cmp	r0, #0
     370:	1a000015 	bne	0x3cc
     374:	e1a02006 	mov	r2, r6
     378:	e5951030 	ldr	r1, [r5, #48]	@ 0x30
     37c:	e59fecac 	ldr	lr, [pc, #3244]	@ 0x1030
     380:	e7f2e2fc 	udf	#11820	@ 0x2e2c
     384:	2a00000d 	bcs	0x3c0
     388:	e7e012f4 			@ <UNDEFINED> instruction: 0xe7e012f4
     38c:	e3a01000 	mov	r1, #0
     390:	e3500000 	cmp	r0, #0
     394:	13a01001 	movne	r1, #1
     398:	e2866c10 	add	r6, r6, #16, 24	@ 0x1000
     39c:	e2866050 	add	r6, r6, #80	@ 0x50
     3a0:	e595003c 	ldr	r0, [r5, #60]	@ 0x3c
     3a4:	e5806008 	str	r6, [r0, #8]
     3a8:	e5841014 	str	r1, [r4, #20]
     3ac:	e59f0cb0 	ldr	r0, [pc, #3248]	@ 0x1064
     3b0:	e30ccabc 	movw	ip, #51900	@ 0xcabc
     3b4:	e34ccdef 	movt	ip, #52719	@ 0xcdef
     3b8:	e28dd008 	add	sp, sp, #8
     3bc:	e8bd81c0 	pop	{r6, r7, r8, pc}
     3c0:	e3a00008 	mov	r0, #8
     3c4:	e59d1000 	ldr	r1, [sp]
     3c8:	e5810010 	str	r0, [r1, #16]
     3cc:	e59d0000 	ldr	r0, [sp]
     3d0:	e59d1014 	ldr	r1, [sp, #20]
     3d4:	e59fcc8c 	ldr	ip, [pc, #3212]	@ 0x1068
     3d8:	e12fff3c 	blx	ip
     3dc:	e28dd008 	add	sp, sp, #8
     3e0:	e8bd01c0 	pop	{r6, r7, r8}
     3e4:	e28dd004 	add	sp, sp, #4
     3e8:	e12fff10 	bx	r0
     3ec:	e92d4040 	push	{r6, lr}
     3f0:	e24dd008 	sub	sp, sp, #8
     3f4:	e58d0000 	str	r0, [sp]
     3f8:	e30cc123 	movw	ip, #49443	@ 0xc123
     3fc:	e34cc456 	movt	ip, #50262	@ 0xc456
     400:	e595e03c 	ldr	lr, [r5, #60]	@ 0x3c
     404:	e59e0008 	ldr	r0, [lr, #8]
     408:	e2406010 	sub	r6, r0, #16
     40c:	e595003c 	ldr	r0, [r5, #60]	@ 0x3c
     410:	e5806008 	str	r6, [r0, #8]
     414:	e1a01006 	mov	r1, r6
     418:	e5950030 	ldr	r0, [r5, #48]	@ 0x30
     41c:	e59fec0c 	ldr	lr, [pc, #3084]	@ 0x1030
     420:	e7f1e0fc 	udf	#7692	@ 0x1e0c
     424:	2a000017 	bcs	0x488
     428:	e59f2c3c 	ldr	r2, [pc, #3132]	@ 0x106c
     42c:	e7d201f4 			@ <UNDEFINED> instruction: 0xe7d201f4
     430:	e1a02006 	mov	r2, r6
     434:	e5951030 	ldr	r1, [r5, #48]	@ 0x30
     438:	e59febf0 	ldr	lr, [pc, #3056]	@ 0x1030
     43c:	e7f2e0fc 	udf	#11788	@ 0x2e0c
     440:	2a000010 	bcs	0x488
     444:	e7e012f4 			@ <UNDEFINED> instruction: 0xe7e012f4
     448:	e584000c 	str	r0, [r4, #12]
     44c:	e59f0c1c 	ldr	r0, [pc, #3100]	@ 0x1070
     450:	e1a01004 	mov	r1, r4
     454:	e59d2000 	ldr	r2, [sp]
     458:	e59fcc14 	ldr	ip, [pc, #3092]	@ 0x1074
     45c:	e12fff3c 	blx	ip
     460:	e3500000 	cmp	r0, #0
     464:	1a00000a 	bne	0x494
     468:	e2866010 	add	r6, r6, #16
     46c:	e595003c 	ldr	r0, [r5, #60]	@ 0x3c
     470:	e5806008 	str	r6, [r0, #8]
     474:	e59f0bfc 	ldr	r0, [pc, #3068]	@ 0x1078
     478:	e30ccabc 	movw	ip, #51900	@ 0xcabc
     47c:	e34ccdef 	movt	ip, #52719	@ 0xcdef
     480:	e28dd008 	add	sp, sp, #8
     484:	e8bd8040 	pop	{r6, pc}
     488:	e3a00008 	mov	r0, #8
     48c:	e59d1000 	ldr	r1, [sp]
     490:	e5810010 	str	r0, [r1, #16]
     494:	e59d0000 	ldr	r0, [sp]
     498:	e59d100c 	ldr	r1, [sp, #12]
     49c:	e59fcbd8 	ldr	ip, [pc, #3032]	@ 0x107c
     4a0:	e12fff3c 	blx	ip
     4a4:	e59d6008 	ldr	r6, [sp, #8]
     4a8:	e28dd010 	add	sp, sp, #16
     4ac:	e12fff10 	bx	r0
     4b0:	e92d40c0 	push	{r6, r7, lr}
     4b4:	e24dd004 	sub	sp, sp, #4
     4b8:	e58d0000 	str	r0, [sp]
     4bc:	e30cc123 	movw	ip, #49443	@ 0xc123
     4c0:	e34cc456 	movt	ip, #50262	@ 0xc456
     4c4:	e5940000 	ldr	r0, [r4]
     4c8:	e5941004 	ldr	r1, [r4, #4]
     4cc:	e595e03c 	ldr	lr, [r5, #60]	@ 0x3c
     4d0:	e59e2008 	ldr	r2, [lr, #8]
     4d4:	e2426010 	sub	r6, r2, #16
     4d8:	e595203c 	ldr	r2, [r5, #60]	@ 0x3c
     4dc:	e5826008 	str	r6, [r2, #8]
     4e0:	e1a03006 	mov	r3, r6
     4e4:	e5952030 	ldr	r2, [r5, #48]	@ 0x30
     4e8:	e59feb40 	ldr	lr, [pc, #2880]	@ 0x1030
     4ec:	e7f3e0fc 	udf	#15884	@ 0x3e0c
     4f0:	2a00008b 	bcs	0x724
     4f4:	e7d023f4 			@ <UNDEFINED> instruction: 0xe7d023f4
     4f8:	e1a02006 	mov	r2, r6
     4fc:	e5950030 	ldr	r0, [r5, #48]	@ 0x30
     500:	e59feb28 	ldr	lr, [pc, #2856]	@ 0x1030
     504:	e7f2e0f8 	udf	#11784	@ 0x2e08
     508:	2a000085 	bcs	0x724
     50c:	e7d102f4 			@ <UNDEFINED> instruction: 0xe7d102f4
     510:	e3a009fe 	mov	r0, #4161536	@ 0x3f8000
     514:	e3800ef2 	orr	r0, r0, #3872	@ 0xf20
     518:	e1a01004 	mov	r1, r4
     51c:	e59d2000 	ldr	r2, [sp]
     520:	e59fcb58 	ldr	ip, [pc, #2904]	@ 0x1080
     524:	e12fff3c 	blx	ip
     528:	e3500000 	cmp	r0, #0
     52c:	1a00007f 	bne	0x730
     530:	e5940030 	ldr	r0, [r4, #48]	@ 0x30
     534:	e1a03006 	mov	r3, r6
     538:	e5952030 	ldr	r2, [r5, #48]	@ 0x30
     53c:	e59feaec 	ldr	lr, [pc, #2796]	@ 0x1030
     540:	e7f3e0f8 	udf	#15880	@ 0x3e08
     544:	2a000076 	bcs	0x724
     548:	e7e123f4 			@ <UNDEFINED> instruction: 0xe7e123f4
     54c:	e3510000 	cmp	r1, #0
     550:	0a000071 	beq	0x71c
     554:	e52d3008 	str	r3, [sp, #-8]!
     558:	e58d2004 	str	r2, [sp, #4]
     55c:	e59fcb20 	ldr	ip, [pc, #2848]	@ 0x1084
     560:	e12fff3c 	blx	ip
     564:	e59d2004 	ldr	r2, [sp, #4]
     568:	e49d3008 	ldr	r3, [sp], #8
     56c:	e1a00001 	mov	r0, r1
     570:	e1a02006 	mov	r2, r6
     574:	e5951030 	ldr	r1, [r5, #48]	@ 0x30
     578:	e59feab0 	ldr	lr, [pc, #2736]	@ 0x1030
     57c:	e7f2e0f4 	udf	#11780	@ 0x2e04
     580:	2a000067 	bcs	0x724
     584:	e7d012f4 			@ <UNDEFINED> instruction: 0xe7d012f4
     588:	e1a01006 	mov	r1, r6
     58c:	e5950030 	ldr	r0, [r5, #48]	@ 0x30
     590:	e59fca98 	ldr	ip, [pc, #2712]	@ 0x1030
     594:	e151000c 	cmp	r1, ip
     598:	8a000061 	bhi	0x724
     59c:	e3a02000 	mov	r2, #0
     5a0:	e7d201f4 			@ <UNDEFINED> instruction: 0xe7d201f4
     5a4:	e1a02006 	mov	r2, r6
     5a8:	e5951030 	ldr	r1, [r5, #48]	@ 0x30
     5ac:	e59fca7c 	ldr	ip, [pc, #2684]	@ 0x1030
     5b0:	e152000c 	cmp	r2, ip
     5b4:	8a00005a 	bhi	0x724
     5b8:	e7e012f4 			@ <UNDEFINED> instruction: 0xe7e012f4
     5bc:	e1a03006 	mov	r3, r6
     5c0:	e5952030 	ldr	r2, [r5, #48]	@ 0x30
     5c4:	e59fea64 	ldr	lr, [pc, #2660]	@ 0x1030
     5c8:	e7f3e0f8 	udf	#15880	@ 0x3e08
     5cc:	2a000054 	bcs	0x724
     5d0:	e7e123f4 			@ <UNDEFINED> instruction: 0xe7e123f4
     5d4:	e1500001 	cmp	r0, r1
     5d8:	e3a00000 	mov	r0, #0
     5dc:	33a00001 	movcc	r0, #1
     5e0:	e3100001 	tst	r0, #1
     5e4:	0a00003c 	beq	0x6dc
     5e8:	e1a02006 	mov	r2, r6
     5ec:	e5951030 	ldr	r1, [r5, #48]	@ 0x30
     5f0:	e59fca38 	ldr	ip, [pc, #2616]	@ 0x1030
     5f4:	e152000c 	cmp	r2, ip
     5f8:	8a000049 	bhi	0x724
     5fc:	e7e012f4 			@ <UNDEFINED> instruction: 0xe7e012f4
     600:	e1a03006 	mov	r3, r6
     604:	e5952030 	ldr	r2, [r5, #48]	@ 0x30
     608:	e59fea20 	ldr	lr, [pc, #2592]	@ 0x1030
     60c:	e7f3e0f4 	udf	#15876	@ 0x3e04
     610:	2a000043 	bcs	0x724
     614:	e7e123f4 			@ <UNDEFINED> instruction: 0xe7e123f4
     618:	e1500001 	cmp	r0, r1
     61c:	e3a00000 	mov	r0, #0
     620:	03a00001 	moveq	r0, #1
     624:	e3100001 	tst	r0, #1
     628:	0a000001 	beq	0x634
     62c:	e59f0a14 	ldr	r0, [pc, #2580]	@ 0x1048
     630:	ea000008 	b	0x658
     634:	e59f0a4c 	ldr	r0, [pc, #2636]	@ 0x1088
     638:	e1a01004 	mov	r1, r4
     63c:	e59d2000 	ldr	r2, [sp]
     640:	e59fca44 	ldr	ip, [pc, #2628]	@ 0x108c
     644:	e12fff3c 	blx	ip
     648:	e3500000 	cmp	r0, #0
     64c:	1a000037 	bne	0x730
     650:	e594102c 	ldr	r1, [r4, #44]	@ 0x2c
     654:	e1a00001 	mov	r0, r1
     658:	e1a03006 	mov	r3, r6
     65c:	e5952030 	ldr	r2, [r5, #48]	@ 0x30
     660:	e59fe9c8 	ldr	lr, [pc, #2504]	@ 0x1030
     664:	e7f3e0fc 	udf	#15884	@ 0x3e0c
     668:	2a00002d 	bcs	0x724
     66c:	e7e123f4 			@ <UNDEFINED> instruction: 0xe7e123f4
     670:	e1a07006 	mov	r7, r6
     674:	e5953030 	ldr	r3, [r5, #48]	@ 0x30
     678:	e59fc9b0 	ldr	ip, [pc, #2480]	@ 0x1030
     67c:	e157000c 	cmp	r7, ip
     680:	8a000027 	bhi	0x724
     684:	e7e237f4 			@ <UNDEFINED> instruction: 0xe7e237f4
     688:	e1a02102 	lsl	r2, r2, #2
     68c:	e0811002 	add	r1, r1, r2
     690:	e5952030 	ldr	r2, [r5, #48]	@ 0x30
     694:	e59fc994 	ldr	ip, [pc, #2452]	@ 0x1030
     698:	e151000c 	cmp	r1, ip
     69c:	8a000020 	bhi	0x724
     6a0:	e7d021f4 			@ <UNDEFINED> instruction: 0xe7d021f4
     6a4:	e1a02006 	mov	r2, r6
     6a8:	e5951030 	ldr	r1, [r5, #48]	@ 0x30
     6ac:	e59fc97c 	ldr	ip, [pc, #2428]	@ 0x1030
     6b0:	e152000c 	cmp	r2, ip
     6b4:	8a00001a 	bhi	0x724
     6b8:	e7e012f4 			@ <UNDEFINED> instruction: 0xe7e012f4
     6bc:	e2800001 	add	r0, r0, #1
     6c0:	e1a02006 	mov	r2, r6
     6c4:	e5951030 	ldr	r1, [r5, #48]	@ 0x30
     6c8:	e59fc960 	ldr	ip, [pc, #2400]	@ 0x1030
     6cc:	e152000c 	cmp	r2, ip
     6d0:	8a000013 	bhi	0x724
     6d4:	e7d012f4 			@ <UNDEFINED> instruction: 0xe7d012f4
     6d8:	eaffffb1 	b	0x5a4
     6dc:	e1a02006 	mov	r2, r6
     6e0:	e5951030 	ldr	r1, [r5, #48]	@ 0x30
     6e4:	e59fe944 	ldr	lr, [pc, #2372]	@ 0x1030
     6e8:	e7f2e0f4 	udf	#11780	@ 0x2e04
     6ec:	2a00000c 	bcs	0x724
     6f0:	e7e012f4 			@ <UNDEFINED> instruction: 0xe7e012f4
     6f4:	e2866010 	add	r6, r6, #16
     6f8:	e595103c 	ldr	r1, [r5, #60]	@ 0x3c
     6fc:	e5816008 	str	r6, [r1, #8]
     700:	e5840014 	str	r0, [r4, #20]
     704:	e3a009fe 	mov	r0, #4161536	@ 0x3f8000
     708:	e3800d42 	orr	r0, r0, #4224	@ 0x1080
     70c:	e30ccabc 	movw	ip, #51900	@ 0xcabc
     710:	e34ccdef 	movt	ip, #52719	@ 0xcdef
     714:	e28dd004 	add	sp, sp, #4
     718:	e8bd80c0 	pop	{r6, r7, pc}
     71c:	e3a00003 	mov	r0, #3
     720:	ea000000 	b	0x728
     724:	e3a00008 	mov	r0, #8
     728:	e59d1000 	ldr	r1, [sp]
     72c:	e5810010 	str	r0, [r1, #16]
     730:	e59d0000 	ldr	r0, [sp]
     734:	e59d100c 	ldr	r1, [sp, #12]
     738:	e59fc950 	ldr	ip, [pc, #2384]	@ 0x1090
     73c:	e12fff3c 	blx	ip
     740:	e28dd004 	add	sp, sp, #4
     744:	e8bd00c0 	pop	{r6, r7}
     748:	e28dd004 	add	sp, sp, #4
     74c:	e12fff10 	bx	r0
     750:	e92d43c0 	push	{r6, r7, r8, r9, lr}
     754:	e24dd004 	sub	sp, sp, #4
     758:	e58d0000 	str	r0, [sp]
     75c:	e30cc123 	movw	ip, #49443	@ 0xc123
     760:	e34cc456 	movt	ip, #50262	@ 0xc456
     764:	e5940000 	ldr	r0, [r4]
     768:	e5941004 	ldr	r1, [r4, #4]
     76c:	e5942008 	ldr	r2, [r4, #8]
     770:	e594300c 	ldr	r3, [r4, #12]
     774:	e5946010 	ldr	r6, [r4, #16]
     778:	e595e03c 	ldr	lr, [r5, #60]	@ 0x3c
     77c:	e59e7008 	ldr	r7, [lr, #8]
     780:	e2477030 	sub	r7, r7, #48	@ 0x30
     784:	e1a09007 	mov	r9, r7
     788:	e5958030 	ldr	r8, [r5, #48]	@ 0x30
     78c:	e59fe89c 	ldr	lr, [pc, #2204]	@ 0x1030
     790:	e7f9e2f8 	udf	#40488	@ 0x9e28
     794:	2a0000f0 	bcs	0xb5c
     798:	e7d089f4 			@ <UNDEFINED> instruction: 0xe7d089f4
     79c:	e1a08007 	mov	r8, r7
     7a0:	e5950030 	ldr	r0, [r5, #48]	@ 0x30
     7a4:	e59fe884 	ldr	lr, [pc, #2180]	@ 0x1030
     7a8:	e7f8e2f4 	udf	#36388	@ 0x8e24
     7ac:	2a0000ea 	bcs	0xb5c
     7b0:	e7d108f4 			@ <UNDEFINED> instruction: 0xe7d108f4
     7b4:	e1a01007 	mov	r1, r7
     7b8:	e5950030 	ldr	r0, [r5, #48]	@ 0x30
     7bc:	e59fe86c 	ldr	lr, [pc, #2156]	@ 0x1030
     7c0:	e7f1e2f0 	udf	#7712	@ 0x1e20
     7c4:	2a0000e4 	bcs	0xb5c
     7c8:	e7d201f4 			@ <UNDEFINED> instruction: 0xe7d201f4
     7cc:	e1a01007 	mov	r1, r7
     7d0:	e5950030 	ldr	r0, [r5, #48]	@ 0x30
     7d4:	e59fe854 	ldr	lr, [pc, #2132]	@ 0x1030
     7d8:	e7f1e1fc 	udf	#7708	@ 0x1e1c
     7dc:	2a0000de 	bcs	0xb5c
     7e0:	e7d301f4 			@ <UNDEFINED> instruction: 0xe7d301f4
     7e4:	e1a01007 	mov	r1, r7
     7e8:	e5950030 	ldr	r0, [r5, #48]	@ 0x30
     7ec:	e59fe83c 	ldr	lr, [pc, #2108]	@ 0x1030
     7f0:	e7f1e1f8 	udf	#7704	@ 0x1e18
     7f4:	2a0000d8 	bcs	0xb5c
     7f8:	e7d601f4 			@ <UNDEFINED> instruction: 0xe7d601f4
     7fc:	e1a01007 	mov	r1, r7
     800:	e5950030 	ldr	r0, [r5, #48]	@ 0x30
     804:	e59fe838 	ldr	lr, [pc, #2104]	@ 0x1044
     808:	e7f1e1f0 	udf	#7696	@ 0x1e10
     80c:	2a0000d2 	bcs	0xb5c
     810:	e0800001 	add	r0, r0, r1
     814:	e3a01000 	mov	r1, #0
     818:	e3a02000 	mov	r2, #0
     81c:	e5802000 	str	r2, [r0]
     820:	e5801004 	str	r1, [r0, #4]
     824:	e1a01007 	mov	r1, r7
     828:	e5950030 	ldr	r0, [r5, #48]	@ 0x30
     82c:	e59fe7fc 	ldr	lr, [pc, #2044]	@ 0x1030
     830:	e7f1e0fc 	udf	#7692	@ 0x1e0c
     834:	2a0000c8 	bcs	0xb5c
     838:	e3a02000 	mov	r2, #0
     83c:	e7d201f4 			@ <UNDEFINED> instruction: 0xe7d201f4
     840:	e1a02007 	mov	r2, r7
     844:	e5951030 	ldr	r1, [r5, #48]	@ 0x30
     848:	e59fe7e0 	ldr	lr, [pc, #2016]	@ 0x1030
     84c:	e7f2e0fc 	udf	#11788	@ 0x2e0c
     850:	2a0000c1 	bcs	0xb5c
     854:	e7e012f4 			@ <UNDEFINED> instruction: 0xe7e012f4
     858:	e1a03007 	mov	r3, r7
     85c:	e5952030 	ldr	r2, [r5, #48]	@ 0x30
     860:	e59fe7c8 	ldr	lr, [pc, #1992]	@ 0x1030
     864:	e7f3e2f4 	udf	#15908	@ 0x3e24
     868:	2a0000bb 	bcs	0xb5c
     86c:	e7e123f4 			@ <UNDEFINED> instruction: 0xe7e123f4
     870:	e1500001 	cmp	r0, r1
     874:	e3a00000 	mov	r0, #0
     878:	33a00001 	movcc	r0, #1
     87c:	e3100001 	tst	r0, #1
     880:	0a000081 	beq	0xa8c
     884:	e1a02007 	mov	r2, r7
     888:	e5951030 	ldr	r1, [r5, #48]	@ 0x30
     88c:	e59fe79c 	ldr	lr, [pc, #1948]	@ 0x1030
     890:	e7f2e2f8 	udf	#11816	@ 0x2e28
     894:	2a0000b0 	bcs	0xb5c
     898:	e7e012f4 			@ <UNDEFINED> instruction: 0xe7e012f4
     89c:	e1a03007 	mov	r3, r7
     8a0:	e5952030 	ldr	r2, [r5, #48]	@ 0x30
     8a4:	e59fe784 	ldr	lr, [pc, #1924]	@ 0x1030
     8a8:	e7f3e0fc 	udf	#15884	@ 0x3e0c
     8ac:	2a0000aa 	bcs	0xb5c
     8b0:	e7e123f4 			@ <UNDEFINED> instruction: 0xe7e123f4
     8b4:	e1a01101 	lsl	r1, r1, #2
     8b8:	e0800001 	add	r0, r0, r1
     8bc:	e1a02000 	mov	r2, r0
     8c0:	e5951030 	ldr	r1, [r5, #48]	@ 0x30
     8c4:	e59fc764 	ldr	ip, [pc, #1892]	@ 0x1030
     8c8:	e152000c 	cmp	r2, ip
     8cc:	8a0000a2 	bhi	0xb5c
     8d0:	e7e012f4 			@ <UNDEFINED> instruction: 0xe7e012f4
     8d4:	e1a03007 	mov	r3, r7
     8d8:	e5952030 	ldr	r2, [r5, #48]	@ 0x30
     8dc:	e59fe74c 	ldr	lr, [pc, #1868]	@ 0x1030
     8e0:	e7f3e2f0 	udf	#15904	@ 0x3e20
     8e4:	2a00009c 	bcs	0xb5c
     8e8:	e7e123f4 			@ <UNDEFINED> instruction: 0xe7e123f4
     8ec:	e1500001 	cmp	r0, r1
     8f0:	e3a00000 	mov	r0, #0
     8f4:	03a00001 	moveq	r0, #1
     8f8:	e3100001 	tst	r0, #1
     8fc:	0a00002d 	beq	0x9b8
     900:	e1a02007 	mov	r2, r7
     904:	e5951030 	ldr	r1, [r5, #48]	@ 0x30
     908:	e59fe720 	ldr	lr, [pc, #1824]	@ 0x1030
     90c:	e7f2e0fc 	udf	#11788	@ 0x2e0c
     910:	2a000091 	bcs	0xb5c
     914:	e7e012f4 			@ <UNDEFINED> instruction: 0xe7e012f4
     918:	e1a03007 	mov	r3, r7
     91c:	e5952030 	ldr	r2, [r5, #48]	@ 0x30
     920:	e59fe708 	ldr	lr, [pc, #1800]	@ 0x1030
     924:	e7f3e1f8 	udf	#15896	@ 0x3e18
     928:	2a00008b 	bcs	0xb5c
     92c:	e7e123f4 			@ <UNDEFINED> instruction: 0xe7e123f4
     930:	e5952030 	ldr	r2, [r5, #48]	@ 0x30
     934:	e59fc6f4 	ldr	ip, [pc, #1780]	@ 0x1030
     938:	e151000c 	cmp	r1, ip
     93c:	8a000086 	bhi	0xb5c
     940:	e7d021f4 			@ <UNDEFINED> instruction: 0xe7d021f4
     944:	e1a03007 	mov	r3, r7
     948:	e5952030 	ldr	r2, [r5, #48]	@ 0x30
     94c:	e59fe6f0 	ldr	lr, [pc, #1776]	@ 0x1044
     950:	e7f3e1f0 	udf	#15888	@ 0x3e10
     954:	2a000080 	bcs	0xb5c
     958:	e082c003 	add	ip, r2, r3
     95c:	e59c0000 	ldr	r0, [ip]
     960:	e59c1004 	ldr	r1, [ip, #4]
     964:	e1a06007 	mov	r6, r7
     968:	e5953030 	ldr	r3, [r5, #48]	@ 0x30
     96c:	e59fe6bc 	ldr	lr, [pc, #1724]	@ 0x1030
     970:	e7f6e1fc 	udf	#28188	@ 0x6e1c
     974:	2a000078 	bcs	0xb5c
     978:	e7e236f4 			@ <UNDEFINED> instruction: 0xe7e236f4
     97c:	e5953030 	ldr	r3, [r5, #48]	@ 0x30
     980:	e59fc6bc 	ldr	ip, [pc, #1724]	@ 0x1044
     984:	e152000c 	cmp	r2, ip
     988:	8a000073 	bhi	0xb5c
     98c:	e083c002 	add	ip, r3, r2
     990:	e58c0000 	str	r0, [ip]
     994:	e58c1004 	str	r1, [ip, #4]
     998:	e1a01007 	mov	r1, r7
     99c:	e5950030 	ldr	r0, [r5, #48]	@ 0x30
     9a0:	e59fe688 	ldr	lr, [pc, #1672]	@ 0x1030
     9a4:	e7f1e2fc 	udf	#7724	@ 0x1e2c
     9a8:	2a00006b 	bcs	0xb5c
     9ac:	e3e02000 	mvn	r2, #0
     9b0:	e7d201f4 			@ <UNDEFINED> instruction: 0xe7d201f4
     9b4:	ea00005c 	b	0xb2c
     9b8:	e1a02007 	mov	r2, r7
     9bc:	e5951030 	ldr	r1, [r5, #48]	@ 0x30
     9c0:	e59fe668 	ldr	lr, [pc, #1640]	@ 0x1030
     9c4:	e7f2e2f8 	udf	#11816	@ 0x2e28
     9c8:	2a000063 	bcs	0xb5c
     9cc:	e7e012f4 			@ <UNDEFINED> instruction: 0xe7e012f4
     9d0:	e1a03007 	mov	r3, r7
     9d4:	e5952030 	ldr	r2, [r5, #48]	@ 0x30
     9d8:	e59fe650 	ldr	lr, [pc, #1616]	@ 0x1030
     9dc:	e7f3e0fc 	udf	#15884	@ 0x3e0c
     9e0:	2a00005d 	bcs	0xb5c
     9e4:	e7e123f4 			@ <UNDEFINED> instruction: 0xe7e123f4
     9e8:	e1a01101 	lsl	r1, r1, #2
     9ec:	e0800001 	add	r0, r0, r1
     9f0:	e1a02000 	mov	r2, r0
     9f4:	e5951030 	ldr	r1, [r5, #48]	@ 0x30
     9f8:	e59fc630 	ldr	ip, [pc, #1584]	@ 0x1030
     9fc:	e152000c 	cmp	r2, ip
     a00:	8a000055 	bhi	0xb5c
     a04:	e7e012f4 			@ <UNDEFINED> instruction: 0xe7e012f4
     a08:	e3a01000 	mov	r1, #0
     a0c:	e1a08007 	mov	r8, r7
     a10:	e5956030 	ldr	r6, [r5, #48]	@ 0x30
     a14:	e59fe628 	ldr	lr, [pc, #1576]	@ 0x1044
     a18:	e7f8e1f0 	udf	#36368	@ 0x8e10
     a1c:	2a00004e 	bcs	0xb5c
     a20:	e086c008 	add	ip, r6, r8
     a24:	e59c2000 	ldr	r2, [ip]
     a28:	e59c3004 	ldr	r3, [ip, #4]
     a2c:	e0900002 	adds	r0, r0, r2
     a30:	e0a11003 	adc	r1, r1, r3
     a34:	e1a03007 	mov	r3, r7
     a38:	e5952030 	ldr	r2, [r5, #48]	@ 0x30
     a3c:	e59fe600 	ldr	lr, [pc, #1536]	@ 0x1044
     a40:	e7f3e1f0 	udf	#15888	@ 0x3e10
     a44:	2a000044 	bcs	0xb5c
     a48:	e082c003 	add	ip, r2, r3
     a4c:	e58c0000 	str	r0, [ip]
     a50:	e58c1004 	str	r1, [ip, #4]
     a54:	e1a02007 	mov	r2, r7
     a58:	e5951030 	ldr	r1, [r5, #48]	@ 0x30
     a5c:	e59fe5cc 	ldr	lr, [pc, #1484]	@ 0x1030
     a60:	e7f2e0fc 	udf	#11788	@ 0x2e0c
     a64:	2a00003c 	bcs	0xb5c
     a68:	e7e012f4 			@ <UNDEFINED> instruction: 0xe7e012f4
     a6c:	e2800001 	add	r0, r0, #1
     a70:	e1a02007 	mov	r2, r7
     a74:	e5951030 	ldr	r1, [r5, #48]	@ 0x30
     a78:	e59fe5b0 	ldr	lr, [pc, #1456]	@ 0x1030
     a7c:	e7f2e0fc 	udf	#11788	@ 0x2e0c
     a80:	2a000035 	bcs	0xb5c
     a84:	e7d012f4 			@ <UNDEFINED> instruction: 0xe7d012f4
     a88:	eaffff6c 	b	0x840
     a8c:	e1a02007 	mov	r2, r7
     a90:	e5951030 	ldr	r1, [r5, #48]	@ 0x30
     a94:	e59fe594 	ldr	lr, [pc, #1428]	@ 0x1030
     a98:	e7f2e1f8 	udf	#11800	@ 0x2e18
     a9c:	2a00002e 	bcs	0xb5c
     aa0:	e7e012f4 			@ <UNDEFINED> instruction: 0xe7e012f4
     aa4:	e5951030 	ldr	r1, [r5, #48]	@ 0x30
     aa8:	e59fc580 	ldr	ip, [pc, #1408]	@ 0x1030
     aac:	e150000c 	cmp	r0, ip
     ab0:	8a000029 	bhi	0xb5c
     ab4:	e3e02000 	mvn	r2, #0
     ab8:	e7d210f4 			@ <UNDEFINED> instruction: 0xe7d210f4
     abc:	e1a03007 	mov	r3, r7
     ac0:	e5952030 	ldr	r2, [r5, #48]	@ 0x30
     ac4:	e59fe578 	ldr	lr, [pc, #1400]	@ 0x1044
     ac8:	e7f3e1f0 	udf	#15888	@ 0x3e10
     acc:	2a000022 	bcs	0xb5c
     ad0:	e082c003 	add	ip, r2, r3
     ad4:	e59c0000 	ldr	r0, [ip]
     ad8:	e59c1004 	ldr	r1, [ip, #4]
     adc:	e1a06007 	mov	r6, r7
     ae0:	e5953030 	ldr	r3, [r5, #48]	@ 0x30
     ae4:	e59fe544 	ldr	lr, [pc, #1348]	@ 0x1030
     ae8:	e7f6e1fc 	udf	#28188	@ 0x6e1c
     aec:	2a00001a 	bcs	0xb5c
     af0:	e7e236f4 			@ <UNDEFINED> instruction: 0xe7e236f4
     af4:	e5953030 	ldr	r3, [r5, #48]	@ 0x30
     af8:	e59fc544 	ldr	ip, [pc, #1348]	@ 0x1044
     afc:	e152000c 	cmp	r2, ip
     b00:	8a000015 	bhi	0xb5c
     b04:	e083c002 	add	ip, r3, r2
     b08:	e58c0000 	str	r0, [ip]
     b0c:	e58c1004 	str	r1, [ip, #4]
     b10:	e1a01007 	mov	r1, r7
     b14:	e5950030 	ldr	r0, [r5, #48]	@ 0x30
     b18:	e59fe510 	ldr	lr, [pc, #1296]	@ 0x1030
     b1c:	e7f1e2fc 	udf	#7724	@ 0x1e2c
     b20:	2a00000d 	bcs	0xb5c
     b24:	e3a02000 	mov	r2, #0
     b28:	e7d201f4 			@ <UNDEFINED> instruction: 0xe7d201f4
     b2c:	e1a01007 	mov	r1, r7
     b30:	e5950030 	ldr	r0, [r5, #48]	@ 0x30
     b34:	e59fe4f4 	ldr	lr, [pc, #1268]	@ 0x1030
     b38:	e7f1e2fc 	udf	#7724	@ 0x1e2c
     b3c:	2a000006 	bcs	0xb5c
     b40:	e7e701f4 			@ <UNDEFINED> instruction: 0xe7e701f4
     b44:	e5847048 	str	r7, [r4, #72]	@ 0x48
     b48:	e59f0544 	ldr	r0, [pc, #1348]	@ 0x1094
     b4c:	e30ccabc 	movw	ip, #51900	@ 0xcabc
     b50:	e34ccdef 	movt	ip, #52719	@ 0xcdef
     b54:	e28dd004 	add	sp, sp, #4
     b58:	e8bd83c0 	pop	{r6, r7, r8, r9, pc}
     b5c:	e3a00008 	mov	r0, #8
     b60:	e59d1000 	ldr	r1, [sp]
     b64:	e5810010 	str	r0, [r1, #16]
     b68:	e59d0000 	ldr	r0, [sp]
     b6c:	e59d1014 	ldr	r1, [sp, #20]
     b70:	e59fc520 	ldr	ip, [pc, #1312]	@ 0x1098
     b74:	e12fff3c 	blx	ip
     b78:	e28dd004 	add	sp, sp, #4
     b7c:	e8bd03c0 	pop	{r6, r7, r8, r9}
     b80:	e28dd004 	add	sp, sp, #4
     b84:	e12fff10 	bx	r0
     b88:	e52de004 	push	{lr}		@ (str lr, [sp, #-4]!)
     b8c:	e24dd004 	sub	sp, sp, #4
     b90:	e58d0000 	str	r0, [sp]
     b94:	e30cc123 	movw	ip, #49443	@ 0xc123
     b98:	e34cc456 	movt	ip, #50262	@ 0xc456
     b9c:	e3a0c001 	mov	ip, #1
     ba0:	e35c0000 	cmp	ip, #0
     ba4:	0a000006 	beq	0xbc4
     ba8:	e59f04ec 	ldr	r0, [pc, #1260]	@ 0x109c
     bac:	e1a01004 	mov	r1, r4
     bb0:	e59d2000 	ldr	r2, [sp]
     bb4:	e59fc4e4 	ldr	ip, [pc, #1252]	@ 0x10a0
     bb8:	e12fff3c 	blx	ip
     bbc:	e3500000 	cmp	r0, #0
     bc0:	1a000017 	bne	0xc24
     bc4:	e59f04d8 	ldr	r0, [pc, #1240]	@ 0x10a4
     bc8:	e1a01004 	mov	r1, r4
     bcc:	e59d2000 	ldr	r2, [sp]
     bd0:	e59fc4d0 	ldr	ip, [pc, #1232]	@ 0x10a8
     bd4:	e12fff3c 	blx	ip
     bd8:	e3500000 	cmp	r0, #0
     bdc:	1a000010 	bne	0xc24
     be0:	e5940004 	ldr	r0, [r4, #4]
     be4:	e5840004 	str	r0, [r4, #4]
     be8:	e59f04bc 	ldr	r0, [pc, #1212]	@ 0x10ac
     bec:	e1a01004 	mov	r1, r4
     bf0:	e59d2000 	ldr	r2, [sp]
     bf4:	e59fc4b4 	ldr	ip, [pc, #1204]	@ 0x10b0
     bf8:	e12fff3c 	blx	ip
     bfc:	e3500000 	cmp	r0, #0
     c00:	1a000007 	bne	0xc24
     c04:	e3a00015 	mov	r0, #21
     c08:	ea000003 	b	0xc1c
     c0c:	e30ccabc 	movw	ip, #51900	@ 0xcabc
     c10:	e34ccdef 	movt	ip, #52719	@ 0xcdef
     c14:	e28dd004 	add	sp, sp, #4
     c18:	e49df004 	pop	{pc}		@ (ldr pc, [sp], #4)
     c1c:	e59d1000 	ldr	r1, [sp]
     c20:	e5810010 	str	r0, [r1, #16]
     c24:	e59d0000 	ldr	r0, [sp]
     c28:	e59d1004 	ldr	r1, [sp, #4]
     c2c:	e59fc480 	ldr	ip, [pc, #1152]	@ 0x10b4
     c30:	e12fff3c 	blx	ip
     c34:	e28dd008 	add	sp, sp, #8
     c38:	e12fff10 	bx	r0
     c3c:	e52de004 	push	{lr}		@ (str lr, [sp, #-4]!)
     c40:	e24dd004 	sub	sp, sp, #4
     c44:	e58d0000 	str	r0, [sp]
     c48:	e30cc123 	movw	ip, #49443	@ 0xc123
     c4c:	e34cc456 	movt	ip, #50262	@ 0xc456
     c50:	e3a009fd 	mov	r0, #4145152	@ 0x3f4000
     c54:	e3800f66 	orr	r0, r0, #408	@ 0x198
     c58:	e30ccabc 	movw	ip, #51900	@ 0xcabc
     c5c:	e34ccdef 	movt	ip, #52719	@ 0xcdef
     c60:	e28dd004 	add	sp, sp, #4
     c64:	e49df004 	pop	{pc}		@ (ldr pc, [sp], #4)
     c68:	e92d4040 	push	{r6, lr}
     c6c:	e24dd008 	sub	sp, sp, #8
     c70:	e58d0000 	str	r0, [sp]
     c74:	e30cc123 	movw	ip, #49443	@ 0xc123
     c78:	e34cc456 	movt	ip, #50262	@ 0xc456
     c7c:	e3a06000 	mov	r6, #0
     c80:	e3a0c000 	mov	ip, #0
     c84:	e35c0000 	cmp	ip, #0
     c88:	9a000011 	bls	0xcd4
     c8c:	e2460004 	sub	r0, r6, #4
     c90:	e1a06000 	mov	r6, r0
     c94:	e1a02000 	mov	r2, r0
     c98:	e5951030 	ldr	r1, [r5, #48]	@ 0x30
     c9c:	e59fc38c 	ldr	ip, [pc, #908]	@ 0x1030
     ca0:	e152000c 	cmp	r2, ip
     ca4:	8a000016 	bhi	0xd04
     ca8:	e7e012f4 			@ <UNDEFINED> instruction: 0xe7e012f4
     cac:	e584000c 	str	r0, [r4, #12]
     cb0:	e59f0400 	ldr	r0, [pc, #1024]	@ 0x10b8
     cb4:	e1a01004 	mov	r1, r4
     cb8:	e59d2000 	ldr	r2, [sp]
     cbc:	e59fc3f8 	ldr	ip, [pc, #1016]	@ 0x10bc
     cc0:	e12fff3c 	blx	ip
     cc4:	e3500000 	cmp	r0, #0
     cc8:	1a000010 	bne	0xd10
     ccc:	e3560000 	cmp	r6, #0
     cd0:	8affffed 	bhi	0xc8c
     cd4:	e59f03e4 	ldr	r0, [pc, #996]	@ 0x10c0
     cd8:	e1a01004 	mov	r1, r4
     cdc:	e59d2000 	ldr	r2, [sp]
     ce0:	e59fc3dc 	ldr	ip, [pc, #988]	@ 0x10c4
     ce4:	e12fff3c 	blx	ip
     ce8:	e3500000 	cmp	r0, #0
     cec:	1a000007 	bne	0xd10
     cf0:	e59f03d0 	ldr	r0, [pc, #976]	@ 0x10c8
     cf4:	e30ccabc 	movw	ip, #51900	@ 0xcabc
     cf8:	e34ccdef 	movt	ip, #52719	@ 0xcdef
     cfc:	e28dd008 	add	sp, sp, #8
     d00:	e8bd8040 	pop	{r6, pc}
     d04:	e3a00008 	mov	r0, #8
     d08:	e59d1000 	ldr	r1, [sp]
     d0c:	e5810010 	str	r0, [r1, #16]
     d10:	e59d0000 	ldr	r0, [sp]
     d14:	e59d100c 	ldr	r1, [sp, #12]
     d18:	e59fc3ac 	ldr	ip, [pc, #940]	@ 0x10cc
     d1c:	e12fff3c 	blx	ip
     d20:	e59d6008 	ldr	r6, [sp, #8]
     d24:	e28dd010 	add	sp, sp, #16
     d28:	e12fff10 	bx	r0
     d2c:	e92d4040 	push	{r6, lr}
     d30:	e24dd008 	sub	sp, sp, #8
     d34:	e58d0000 	str	r0, [sp]
     d38:	e30cc123 	movw	ip, #49443	@ 0xc123
     d3c:	e34cc456 	movt	ip, #50262	@ 0xc456
     d40:	e5946000 	ldr	r6, [r4]
     d44:	e59f0384 	ldr	r0, [pc, #900]	@ 0x10d0
     d48:	e1a01004 	mov	r1, r4
     d4c:	e59d2000 	ldr	r2, [sp]
     d50:	e59fc37c 	ldr	ip, [pc, #892]	@ 0x10d4
     d54:	e12fff3c 	blx	ip
     d58:	e3500000 	cmp	r0, #0
     d5c:	1a00001d 	bne	0xdd8
     d60:	e59f0370 	ldr	r0, [pc, #880]	@ 0x10d8
     d64:	e1a01004 	mov	r1, r4
     d68:	e59d2000 	ldr	r2, [sp]
     d6c:	e59fc368 	ldr	ip, [pc, #872]	@ 0x10dc
     d70:	e12fff3c 	blx	ip
     d74:	e3500000 	cmp	r0, #0
     d78:	1a000016 	bne	0xdd8
     d7c:	e59f035c 	ldr	r0, [pc, #860]	@ 0x10e0
     d80:	e1a01004 	mov	r1, r4
     d84:	e59d2000 	ldr	r2, [sp]
     d88:	e59fc354 	ldr	ip, [pc, #852]	@ 0x10e4
     d8c:	e12fff3c 	blx	ip
     d90:	e3500000 	cmp	r0, #0
     d94:	1a00000f 	bne	0xdd8
     d98:	e5846000 	str	r6, [r4]
     d9c:	e59f0344 	ldr	r0, [pc, #836]	@ 0x10e8
     da0:	e1a01004 	mov	r1, r4
     da4:	e59d2000 	ldr	r2, [sp]
     da8:	e59fc33c 	ldr	ip, [pc, #828]	@ 0x10ec
     dac:	e12fff3c 	blx	ip
     db0:	e3500000 	cmp	r0, #0
     db4:	1a000007 	bne	0xdd8
     db8:	e3a00015 	mov	r0, #21
     dbc:	ea000003 	b	0xdd0
     dc0:	e30ccabc 	movw	ip, #51900	@ 0xcabc
     dc4:	e34ccdef 	movt	ip, #52719	@ 0xcdef
     dc8:	e28dd008 	add	sp, sp, #8
     dcc:	e8bd8040 	pop	{r6, pc}
     dd0:	e59d1000 	ldr	r1, [sp]
     dd4:	e5810010 	str	r0, [r1, #16]
     dd8:	e59d0000 	ldr	r0, [sp]
     ddc:	e59d100c 	ldr	r1, [sp, #12]
     de0:	e59fc308 	ldr	ip, [pc, #776]	@ 0x10f0
     de4:	e12fff3c 	blx	ip
     de8:	e59d6008 	ldr	r6, [sp, #8]
     dec:	e28dd010 	add	sp, sp, #16
     df0:	e12fff10 	bx	r0
     df4:	e52de004 	push	{lr}		@ (str lr, [sp, #-4]!)
     df8:	e24dd004 	sub	sp, sp, #4
     dfc:	e58d0000 	str	r0, [sp]
     e00:	e30cc123 	movw	ip, #49443	@ 0xc123
     e04:	e34cc456 	movt	ip, #50262	@ 0xc456
     e08:	e5940000 	ldr	r0, [r4]
     e0c:	e5840000 	str	r0, [r4]
     e10:	e59f02dc 	ldr	r0, [pc, #732]	@ 0x10f4
     e14:	e1a01004 	mov	r1, r4
     e18:	e59d2000 	ldr	r2, [sp]
     e1c:	e59fc2d4 	ldr	ip, [pc, #724]	@ 0x10f8
     e20:	e12fff3c 	blx	ip
     e24:	e3500000 	cmp	r0, #0
     e28:	1a000007 	bne	0xe4c
     e2c:	e3a00015 	mov	r0, #21
     e30:	ea000003 	b	0xe44
     e34:	e30ccabc 	movw	ip, #51900	@ 0xcabc
     e38:	e34ccdef 	movt	ip, #52719	@ 0xcdef
     e3c:	e28dd004 	add	sp, sp, #4
     e40:	e49df004 	pop	{pc}		@ (ldr pc, [sp], #4)
     e44:	e59d1000 	ldr	r1, [sp]
     e48:	e5810010 	str	r0, [r1, #16]
     e4c:	e59d0000 	ldr	r0, [sp]
     e50:	e59d1004 	ldr	r1, [sp, #4]
     e54:	e59fc2a0 	ldr	ip, [pc, #672]	@ 0x10fc
     e58:	e12fff3c 	blx	ip
     e5c:	e28dd008 	add	sp, sp, #8
     e60:	e12fff10 	bx	r0
     e64:	e92d40c0 	push	{r6, r7, lr}
     e68:	e24dd004 	sub	sp, sp, #4
     e6c:	e58d0000 	str	r0, [sp]
     e70:	e30cc123 	movw	ip, #49443	@ 0xc123
     e74:	e34cc456 	movt	ip, #50262	@ 0xc456
     e78:	e5940000 	ldr	r0, [r4]
     e7c:	e5941004 	ldr	r1, [r4, #4]
     e80:	e595e03c 	ldr	lr, [r5, #60]	@ 0x3c
     e84:	e59e2008 	ldr	r2, [lr, #8]
     e88:	e2422010 	sub	r2, r2, #16
     e8c:	e1a06002 	mov	r6, r2
     e90:	e595303c 	ldr	r3, [r5, #60]	@ 0x3c
     e94:	e5832008 	str	r2, [r3, #8]
     e98:	e1a03006 	mov	r3, r6
     e9c:	e5952030 	ldr	r2, [r5, #48]	@ 0x30
     ea0:	e59fe188 	ldr	lr, [pc, #392]	@ 0x1030
     ea4:	e7f3e0fc 	udf	#15884	@ 0x3e0c
     ea8:	2a000016 	bcs	0xf08
     eac:	e7d123f4 			@ <UNDEFINED> instruction: 0xe7d123f4
     eb0:	e3a0eb42 	mov	lr, #67584	@ 0x10800
     eb4:	e38eefca 	orr	lr, lr, #808	@ 0x328
     eb8:	e584e010 	str	lr, [r4, #16]
     ebc:	e5840000 	str	r0, [r4]
     ec0:	e5841004 	str	r1, [r4, #4]
     ec4:	e59f0234 	ldr	r0, [pc, #564]	@ 0x1100
     ec8:	e1a01004 	mov	r1, r4
     ecc:	e59d2000 	ldr	r2, [sp]
     ed0:	e59fc22c 	ldr	ip, [pc, #556]	@ 0x1104
     ed4:	e12fff3c 	blx	ip
     ed8:	e3500000 	cmp	r0, #0
     edc:	1a00000c 	bne	0xf14
     ee0:	e5940014 	ldr	r0, [r4, #20]
     ee4:	e2866010 	add	r6, r6, #16
     ee8:	e595103c 	ldr	r1, [r5, #60]	@ 0x3c
     eec:	e5816008 	str	r6, [r1, #8]
     ef0:	e5840004 	str	r0, [r4, #4]
     ef4:	e59f020c 	ldr	r0, [pc, #524]	@ 0x1108
     ef8:	e30ccabc 	movw	ip, #51900	@ 0xcabc
     efc:	e34ccdef 	movt	ip, #52719	@ 0xcdef
     f00:	e28dd004 	add	sp, sp, #4
     f04:	e8bd80c0 	pop	{r6, r7, pc}
     f08:	e3a00008 	mov	r0, #8
     f0c:	e59d1000 	ldr	r1, [sp]
     f10:	e5810010 	str	r0, [r1, #16]
     f14:	e59d0000 	ldr	r0, [sp]
     f18:	e59d100c 	ldr	r1, [sp, #12]
     f1c:	e59fc1e8 	ldr	ip, [pc, #488]	@ 0x110c
     f20:	e12fff3c 	blx	ip
     f24:	e28dd004 	add	sp, sp, #4
     f28:	e8bd00c0 	pop	{r6, r7}
     f2c:	e28dd004 	add	sp, sp, #4
     f30:	e12fff10 	bx	r0
     f34:	e52de004 	push	{lr}		@ (str lr, [sp, #-4]!)
     f38:	e24dd004 	sub	sp, sp, #4
     f3c:	e58d0000 	str	r0, [sp]
     f40:	e30cc123 	movw	ip, #49443	@ 0xc123
     f44:	e34cc456 	movt	ip, #50262	@ 0xc456
     f48:	e5940000 	ldr	r0, [r4]
     f4c:	e2400001 	sub	r0, r0, #1
     f50:	e3a01000 	mov	r1, #0
     f54:	e5952030 	ldr	r2, [r5, #48]	@ 0x30
     f58:	e282cb40 	add	ip, r2, #64, 22	@ 0x10000
     f5c:	e58c0c60 	str	r0, [ip, #3168]	@ 0xc60
     f60:	e58c1c64 	str	r1, [ip, #3172]	@ 0xc64
     f64:	e59f01a4 	ldr	r0, [pc, #420]	@ 0x1110
     f68:	e30ccabc 	movw	ip, #51900	@ 0xcabc
     f6c:	e34ccdef 	movt	ip, #52719	@ 0xcdef
     f70:	e28dd004 	add	sp, sp, #4
     f74:	e49df004 	pop	{pc}		@ (ldr pc, [sp], #4)
     f78:	e92d40c0 	push	{r6, r7, lr}
     f7c:	e24dd004 	sub	sp, sp, #4
     f80:	e58d0000 	str	r0, [sp]
     f84:	e30cc123 	movw	ip, #49443	@ 0xc123
     f88:	e34cc456 	movt	ip, #50262	@ 0xc456
     f8c:	e5952030 	ldr	r2, [r5, #48]	@ 0x30
     f90:	e282cb40 	add	ip, r2, #64, 22	@ 0x10000
     f94:	e59c0c60 	ldr	r0, [ip, #3168]	@ 0xc60
     f98:	e59c1c64 	ldr	r1, [ip, #3172]	@ 0xc64
     f9c:	e1a02001 	mov	r2, r1
     fa0:	e59f116c 	ldr	r1, [pc, #364]	@ 0x1114
     fa4:	e0020192 	mul	r2, r2, r1
     fa8:	e59fc168 	ldr	ip, [pc, #360]	@ 0x1118
     fac:	e0222c90 	mla	r2, r0, ip, r2
     fb0:	e0810091 	umull	r0, r1, r1, r0
     fb4:	e0822001 	add	r2, r2, r1
     fb8:	e1a01002 	mov	r1, r2
     fbc:	e2900001 	adds	r0, r0, #1
     fc0:	e2a11000 	adc	r1, r1, #0
     fc4:	e1a02000 	mov	r2, r0
     fc8:	e1a03001 	mov	r3, r1
     fcc:	e5956030 	ldr	r6, [r5, #48]	@ 0x30
     fd0:	e286cb40 	add	ip, r6, #64, 22	@ 0x10000
     fd4:	e58c0c60 	str	r0, [ip, #3168]	@ 0xc60
     fd8:	e58c1c64 	str	r1, [ip, #3172]	@ 0xc64
     fdc:	e1a020a3 	lsr	r2, r3, #1
     fe0:	e3a03000 	mov	r3, #0
     fe4:	e1a00002 	mov	r0, r2
     fe8:	e5840024 	str	r0, [r4, #36]	@ 0x24
     fec:	e3a009fe 	mov	r0, #4161536	@ 0x3f8000
     ff0:	e3800d82 	orr	r0, r0, #8320	@ 0x2080
     ff4:	e30ccabc 	movw	ip, #51900	@ 0xcabc
     ff8:	e34ccdef 	movt	ip, #52719	@ 0xcdef
     ffc:	e28dd004 	add	sp, sp, #4
    1000:	e8bd80c0 	pop	{r6, r7, pc}
    1004:	e92d4fc0 	push	{r6, r7, r8, r9, sl, fp, lr}
    1008:	e24dd004 	sub	sp, sp, #4
    100c:	e58d0000 	str	r0, [sp]
    1010:	e30cc123 	movw	ip, #49443	@ 0xc123
    1014:	ea000040 	b	0x111c
    1018:	003f6d48 	eorseq	r6, pc, r8, asr #26
    101c:	0004890c 	andeq	r8, r4, ip, lsl #18
    1020:	003f6d54 	eorseq	r6, pc, r4, asr sp	@ <UNPREDICTABLE>
    1024:	0004890c 	andeq	r8, r4, ip, lsl #18
    1028:	003f6d68 	eorseq	r6, pc, r8, ror #26
    102c:	00048004 	andeq	r8, r4, r4
    1030:	0101fffc 	strdeq	pc, [r1, -ip]
    1034:	003f874c 	eorseq	r8, pc, ip, asr #14
    1038:	0004890c 	andeq	r8, r4, ip, lsl #18
    103c:	003f8764 	eorseq	r8, pc, r4, ror #14
    1040:	0004890c 	andeq	r8, r4, ip, lsl #18
    1044:	0101fff8 	strdeq	pc, [r1, -r8]
    1048:	deadbad4 			@ <UNDEFINED> instruction: 0xdeadbad4
    104c:	003f87e4 	eorseq	r8, pc, r4, ror #15
    1050:	0004890c 	andeq	r8, r4, ip, lsl #18
    1054:	003f884c 	eorseq	r8, pc, ip, asr #16
    1058:	0004890c 	andeq	r8, r4, ip, lsl #18
    105c:	003f88d4 	ldrsbteq	r8, [pc], -r4
    1060:	0004890c 	andeq	r8, r4, ip, lsl #18
    1064:	003f8938 	eorseq	r8, pc, r8, lsr r9	@ <UNPREDICTABLE>
    1068:	00048004 	andeq	r8, r4, r4
    106c:	075bcd15 	smmlaeq	fp, r5, sp, ip
    1070:	003f851c 	eorseq	r8, pc, ip, lsl r5	@ <UNPREDICTABLE>
    1074:	0004890c 	andeq	r8, r4, ip, lsl #18
    1078:	003f854c 	eorseq	r8, pc, ip, asr #10
    107c:	00048004 	andeq	r8, r4, r4
    1080:	0004890c 	andeq	r8, r4, ip, lsl #18
    1084:	001f54c0 	andseq	r5, pc, r0, asr #9
    1088:	003f8fdc 	ldrsbteq	r8, [pc], -ip
    108c:	0004890c 	andeq	r8, r4, ip, lsl #18
    1090:	00048004 	andeq	r8, r4, r4
    1094:	003f9f64 	eorseq	r9, pc, r4, ror #30
    1098:	00048004 	andeq	r8, r4, r4
    109c:	003ec578 	eorseq	ip, lr, r8, ror r5
    10a0:	0004890c 	andeq	r8, r4, ip, lsl #18
    10a4:	003ec584 	eorseq	ip, lr, r4, lsl #11
    10a8:	0004890c 	andeq	r8, r4, ip, lsl #18
    10ac:	003ec594 	mlaseq	lr, r4, r5, ip
    10b0:	0004890c 	andeq	r8, r4, ip, lsl #18
    10b4:	00048004 	andeq	r8, r4, r4
    10b8:	003f721c 	eorseq	r7, pc, ip, lsl r2	@ <UNPREDICTABLE>
    10bc:	00048c48 	andeq	r8, r4, r8, asr #24
    10c0:	003f7248 	eorseq	r7, pc, r8, asr #4
    10c4:	0004890c 	andeq	r8, r4, ip, lsl #18
    10c8:	003f725c 	eorseq	r7, pc, ip, asr r2	@ <UNPREDICTABLE>
    10cc:	00048004 	andeq	r8, r4, r4
    10d0:	003f3498 	mlaseq	pc, r8, r4, r3	@ <UNPREDICTABLE>
    10d4:	0004890c 	andeq	r8, r4, ip, lsl #18
    10d8:	003f34a4 	eorseq	r3, pc, r4, lsr #9
    10dc:	0004890c 	andeq	r8, r4, ip, lsl #18
    10e0:	003f34b0 	ldrhteq	r3, [pc], -r0
    10e4:	0004890c 	andeq	r8, r4, ip, lsl #18
    10e8:	003f34bc 	ldrhteq	r3, [pc], -ip
    10ec:	0004890c 	andeq	r8, r4, ip, lsl #18
    10f0:	00048004 	andeq	r8, r4, r4
    10f4:	003f6f20 	eorseq	r6, pc, r0, lsr #30
    10f8:	0004890c 	andeq	r8, r4, ip, lsl #18
    10fc:	00048004 	andeq	r8, r4, r4
    1100:	003f9c70 	eorseq	r9, pc, r0, ror ip	@ <UNPREDICTABLE>
    1104:	0004890c 	andeq	r8, r4, ip, lsl #18
    1108:	003f9cac 	eorseq	r9, pc, ip, lsr #25
    110c:	00048004 	andeq	r8, r4, r4
    1110:	003f7008 	eorseq	r7, pc, r8
    1114:	4c957f2d 	ldcmi	15, cr7, [r5], {45}	@ 0x2d
    1118:	5851f42d 	ldmdapl	r1, {r0, r2, r3, r5, sl, ip, sp, lr, pc}^
    111c:	e34cc456 	movt	ip, #50262	@ 0xc456
    1120:	e5946000 	ldr	r6, [r4]
    1124:	e5940004 	ldr	r0, [r4, #4]
    1128:	e595e03c 	ldr	lr, [r5, #60]	@ 0x3c
    112c:	e59e1008 	ldr	r1, [lr, #8]
    1130:	e2411020 	sub	r1, r1, #32
    1134:	e584100c 	str	r1, [r4, #12]
    1138:	e595203c 	ldr	r2, [r5, #60]	@ 0x3c
    113c:	e5821008 	str	r1, [r2, #8]
    1140:	e1a03006 	mov	r3, r6
    1144:	e5952030 	ldr	r2, [r5, #48]	@ 0x30
    1148:	e59fefe8 	ldr	lr, [pc, #4072]	@ 0x2138
    114c:	e7f3e1fc 	udf	#15900	@ 0x3e1c
    1150:	2a000104 	bcs	0x1568
    1154:	e7e123f4 			@ <UNDEFINED> instruction: 0xe7e123f4
    1158:	e1a02001 	mov	r2, r1
    115c:	e594900c 	ldr	r9, [r4, #12]
    1160:	e5953030 	ldr	r3, [r5, #48]	@ 0x30
    1164:	e59fefcc 	ldr	lr, [pc, #4044]	@ 0x2138
    1168:	e7f9e1f0 	udf	#40464	@ 0x9e10
    116c:	2a0000fd 	bcs	0x1568
    1170:	e7d139f4 			@ <UNDEFINED> instruction: 0xe7d139f4
    1174:	e1a09006 	mov	r9, r6
    1178:	e5953030 	ldr	r3, [r5, #48]	@ 0x30
    117c:	e59fefb4 	ldr	lr, [pc, #4020]	@ 0x2138
    1180:	e7f9e1f4 	udf	#40468	@ 0x9e14
    1184:	2a0000f7 	bcs	0x1568
    1188:	e7e139f4 			@ <UNDEFINED> instruction: 0xe7e139f4
    118c:	e594900c 	ldr	r9, [r4, #12]
    1190:	e5953030 	ldr	r3, [r5, #48]	@ 0x30
    1194:	e594a008 	ldr	sl, [r4, #8]
    1198:	e59fef98 	ldr	lr, [pc, #3992]	@ 0x2138
    119c:	e7f9e1fc 	udf	#40476	@ 0x9e1c
    11a0:	2a0000f0 	bcs	0x1568
    11a4:	e7da39f4 			@ <UNDEFINED> instruction: 0xe7da39f4
    11a8:	e594900c 	ldr	r9, [r4, #12]
    11ac:	e5953030 	ldr	r3, [r5, #48]	@ 0x30
    11b0:	e59fef80 	ldr	lr, [pc, #3968]	@ 0x2138
    11b4:	e7f9e1f8 	udf	#40472	@ 0x9e18
    11b8:	2a0000ea 	bcs	0x1568
    11bc:	e7d039f4 			@ <UNDEFINED> instruction: 0xe7d039f4
    11c0:	e0411002 	sub	r1, r1, r2
    11c4:	e1a00001 	mov	r0, r1
    11c8:	e594300c 	ldr	r3, [r4, #12]
    11cc:	e5952030 	ldr	r2, [r5, #48]	@ 0x30
    11d0:	e59fef60 	ldr	lr, [pc, #3936]	@ 0x2138
    11d4:	e7f3e1f4 	udf	#15892	@ 0x3e14
    11d8:	2a0000e2 	bcs	0x1568
    11dc:	e7d123f4 			@ <UNDEFINED> instruction: 0xe7d123f4
    11e0:	e594c008 	ldr	ip, [r4, #8]
    11e4:	e080900c 	add	r9, r0, ip
    11e8:	e594c00c 	ldr	ip, [r4, #12]
    11ec:	e28ca010 	add	sl, ip, #16
    11f0:	e3a0e002 	mov	lr, #2
    11f4:	e584e01c 	str	lr, [r4, #28]
    11f8:	e1a02006 	mov	r2, r6
    11fc:	e5951030 	ldr	r1, [r5, #48]	@ 0x30
    1200:	e59fef30 	ldr	lr, [pc, #3888]	@ 0x2138
    1204:	e7f2e3fc 	udf	#11836	@ 0x2e3c
    1208:	2a0000d6 	bcs	0x1568
    120c:	e7e012f4 			@ <UNDEFINED> instruction: 0xe7e012f4
    1210:	e594c00c 	ldr	ip, [r4, #12]
    1214:	e28c1010 	add	r1, ip, #16
    1218:	e594c00c 	ldr	ip, [r4, #12]
    121c:	e28c200c 	add	r2, ip, #12
    1220:	e5840040 	str	r0, [r4, #64]	@ 0x40
    1224:	e5841044 	str	r1, [r4, #68]	@ 0x44
    1228:	e3a0e002 	mov	lr, #2
    122c:	e584e02c 	str	lr, [r4, #44]	@ 0x2c
    1230:	e584204c 	str	r2, [r4, #76]	@ 0x4c
    1234:	e59f0f00 	ldr	r0, [pc, #3840]	@ 0x213c
    1238:	e1a01004 	mov	r1, r4
    123c:	e59d2000 	ldr	r2, [sp]
    1240:	e59fcef8 	ldr	ip, [pc, #3832]	@ 0x2140
    1244:	e12fff3c 	blx	ip
    1248:	e3500000 	cmp	r0, #0
    124c:	1a0000c8 	bne	0x1574
    1250:	e5940040 	ldr	r0, [r4, #64]	@ 0x40
    1254:	e5840040 	str	r0, [r4, #64]	@ 0x40
    1258:	e59f0ee4 	ldr	r0, [pc, #3812]	@ 0x2144
    125c:	e1a01004 	mov	r1, r4
    1260:	e59d2000 	ldr	r2, [sp]
    1264:	e59fcedc 	ldr	ip, [pc, #3804]	@ 0x2148
    1268:	e12fff3c 	blx	ip
    126c:	e3500000 	cmp	r0, #0
    1270:	1a0000bf 	bne	0x1574
    1274:	e5940040 	ldr	r0, [r4, #64]	@ 0x40
    1278:	e3500000 	cmp	r0, #0
    127c:	0a000001 	beq	0x1288
    1280:	e584a014 	str	sl, [r4, #20]
    1284:	ea000060 	b	0x140c
    1288:	e594200c 	ldr	r2, [r4, #12]
    128c:	e5951030 	ldr	r1, [r5, #48]	@ 0x30
    1290:	e59feea0 	ldr	lr, [pc, #3744]	@ 0x2138
    1294:	e7f2e0fc 	udf	#11788	@ 0x2e0c
    1298:	2a0000b2 	bcs	0x1568
    129c:	e7e012f4 			@ <UNDEFINED> instruction: 0xe7e012f4
    12a0:	e1a01000 	mov	r1, r0
    12a4:	e1590000 	cmp	r9, r0
    12a8:	0a000059 	beq	0x1414
    12ac:	e3710001 	cmn	r1, #1
    12b0:	ca000001 	bgt	0x12bc
    12b4:	e584a014 	str	sl, [r4, #20]
    12b8:	ea000077 	b	0x149c
    12bc:	e1a0300a 	mov	r3, sl
    12c0:	e5952030 	ldr	r2, [r5, #48]	@ 0x30
    12c4:	e59fee6c 	ldr	lr, [pc, #3692]	@ 0x2138
    12c8:	e7f3e0f4 	udf	#15876	@ 0x3e04
    12cc:	2a0000a5 	bcs	0x1568
    12d0:	e7e023f4 			@ <UNDEFINED> instruction: 0xe7e023f4
    12d4:	e1a02000 	mov	r2, r0
    12d8:	e1510000 	cmp	r1, r0
    12dc:	e3a00000 	mov	r0, #0
    12e0:	83a00001 	movhi	r0, #1
    12e4:	e1a03000 	mov	r3, r0
    12e8:	e3500000 	cmp	r0, #0
    12ec:	e3a07008 	mov	r7, #8
    12f0:	03a07000 	moveq	r7, #0
    12f4:	e08a7007 	add	r7, sl, r7
    12f8:	e5847014 	str	r7, [r4, #20]
    12fc:	e594b014 	ldr	fp, [r4, #20]
    1300:	e5958030 	ldr	r8, [r5, #48]	@ 0x30
    1304:	e59fce2c 	ldr	ip, [pc, #3628]	@ 0x2138
    1308:	e15b000c 	cmp	fp, ip
    130c:	8a000095 	bhi	0x1568
    1310:	e7e08bf4 			@ <UNDEFINED> instruction: 0xe7e08bf4
    1314:	e3530000 	cmp	r3, #0
    1318:	03a02000 	moveq	r2, #0
    131c:	e0412002 	sub	r2, r1, r2
    1320:	e1a08002 	mov	r8, r2
    1324:	e0800002 	add	r0, r0, r2
    1328:	e5952030 	ldr	r2, [r5, #48]	@ 0x30
    132c:	e59fce04 	ldr	ip, [pc, #3588]	@ 0x2138
    1330:	e157000c 	cmp	r7, ip
    1334:	8a00008b 	bhi	0x1568
    1338:	e7d027f4 			@ <UNDEFINED> instruction: 0xe7d027f4
    133c:	e3530000 	cmp	r3, #0
    1340:	e3a0000c 	mov	r0, #12
    1344:	03a00004 	moveq	r0, #4
    1348:	e08a0000 	add	r0, sl, r0
    134c:	e1a02000 	mov	r2, r0
    1350:	e1a0b002 	mov	fp, r2
    1354:	e5957030 	ldr	r7, [r5, #48]	@ 0x30
    1358:	e59fcdd8 	ldr	ip, [pc, #3544]	@ 0x2138
    135c:	e15b000c 	cmp	fp, ip
    1360:	8a000080 	bhi	0x1568
    1364:	e7e27bf4 			@ <UNDEFINED> instruction: 0xe7e27bf4
    1368:	e0422008 	sub	r2, r2, r8
    136c:	e5957030 	ldr	r7, [r5, #48]	@ 0x30
    1370:	e59fcdc0 	ldr	ip, [pc, #3520]	@ 0x2138
    1374:	e150000c 	cmp	r0, ip
    1378:	8a00007a 	bhi	0x1568
    137c:	e7d270f4 			@ <UNDEFINED> instruction: 0xe7d270f4
    1380:	e0499001 	sub	r9, r9, r1
    1384:	e594a014 	ldr	sl, [r4, #20]
    1388:	e1a02006 	mov	r2, r6
    138c:	e5951030 	ldr	r1, [r5, #48]	@ 0x30
    1390:	e59feda0 	ldr	lr, [pc, #3488]	@ 0x2138
    1394:	e7f2e3fc 	udf	#11836	@ 0x2e3c
    1398:	2a000072 	bcs	0x1568
    139c:	e7e012f4 			@ <UNDEFINED> instruction: 0xe7e012f4
    13a0:	e594c01c 	ldr	ip, [r4, #28]
    13a4:	e04c3003 	sub	r3, ip, r3
    13a8:	e584301c 	str	r3, [r4, #28]
    13ac:	e594c00c 	ldr	ip, [r4, #12]
    13b0:	e28c100c 	add	r1, ip, #12
    13b4:	e5840040 	str	r0, [r4, #64]	@ 0x40
    13b8:	e5843048 	str	r3, [r4, #72]	@ 0x48
    13bc:	e584104c 	str	r1, [r4, #76]	@ 0x4c
    13c0:	e59f0d84 	ldr	r0, [pc, #3460]	@ 0x214c
    13c4:	e1a01004 	mov	r1, r4
    13c8:	e59d2000 	ldr	r2, [sp]
    13cc:	e59fcd7c 	ldr	ip, [pc, #3452]	@ 0x2150
    13d0:	e12fff3c 	blx	ip
    13d4:	e3500000 	cmp	r0, #0
    13d8:	1a000065 	bne	0x1574
    13dc:	e5940040 	ldr	r0, [r4, #64]	@ 0x40
    13e0:	e5840040 	str	r0, [r4, #64]	@ 0x40
    13e4:	e59f0d68 	ldr	r0, [pc, #3432]	@ 0x2154
    13e8:	e1a01004 	mov	r1, r4
    13ec:	e59d2000 	ldr	r2, [sp]
    13f0:	e59fcd60 	ldr	ip, [pc, #3424]	@ 0x2158
    13f4:	e12fff3c 	blx	ip
    13f8:	e3500000 	cmp	r0, #0
    13fc:	1a00005c 	bne	0x1574
    1400:	e5940040 	ldr	r0, [r4, #64]	@ 0x40
    1404:	e3500000 	cmp	r0, #0
    1408:	0affff9e 	beq	0x1288
    140c:	e3790001 	cmn	r9, #1
    1410:	1a000021 	bne	0x149c
    1414:	e1a02006 	mov	r2, r6
    1418:	e5951030 	ldr	r1, [r5, #48]	@ 0x30
    141c:	e59fed14 	ldr	lr, [pc, #3348]	@ 0x2138
    1420:	e7f2e2fc 	udf	#11820	@ 0x2e2c
    1424:	2a00004f 	bcs	0x1568
    1428:	e7e012f4 			@ <UNDEFINED> instruction: 0xe7e012f4
    142c:	e1a01000 	mov	r1, r0
    1430:	e1a03006 	mov	r3, r6
    1434:	e5952030 	ldr	r2, [r5, #48]	@ 0x30
    1438:	e59fecf8 	ldr	lr, [pc, #3320]	@ 0x2138
    143c:	e7f3e1fc 	udf	#15900	@ 0x3e1c
    1440:	2a000048 	bcs	0x1568
    1444:	e7d023f4 			@ <UNDEFINED> instruction: 0xe7d023f4
    1448:	e1a02006 	mov	r2, r6
    144c:	e5950030 	ldr	r0, [r5, #48]	@ 0x30
    1450:	e59fece0 	ldr	lr, [pc, #3296]	@ 0x2138
    1454:	e7f2e1f4 	udf	#11796	@ 0x2e14
    1458:	2a000042 	bcs	0x1568
    145c:	e7d102f4 			@ <UNDEFINED> instruction: 0xe7d102f4
    1460:	e1a03006 	mov	r3, r6
    1464:	e5952030 	ldr	r2, [r5, #48]	@ 0x30
    1468:	e59fecc8 	ldr	lr, [pc, #3272]	@ 0x2138
    146c:	e7f3e3f0 	udf	#15920	@ 0x3e30
    1470:	2a00003c 	bcs	0x1568
    1474:	e7e023f4 			@ <UNDEFINED> instruction: 0xe7e023f4
    1478:	e0811000 	add	r1, r1, r0
    147c:	e1a02006 	mov	r2, r6
    1480:	e5950030 	ldr	r0, [r5, #48]	@ 0x30
    1484:	e59fecac 	ldr	lr, [pc, #3244]	@ 0x2138
    1488:	e7f2e1f0 	udf	#11792	@ 0x2e10
    148c:	2a000035 	bcs	0x1568
    1490:	e7d102f4 			@ <UNDEFINED> instruction: 0xe7d102f4
    1494:	e5940008 	ldr	r0, [r4, #8]
    1498:	ea000028 	b	0x1540
    149c:	e3a00000 	mov	r0, #0
    14a0:	e1a02006 	mov	r2, r6
    14a4:	e5951030 	ldr	r1, [r5, #48]	@ 0x30
    14a8:	e59fec88 	ldr	lr, [pc, #3208]	@ 0x2138
    14ac:	e7f2e1fc 	udf	#11804	@ 0x2e1c
    14b0:	2a00002c 	bcs	0x1568
    14b4:	e3a03000 	mov	r3, #0
    14b8:	e7d312f4 			@ <UNDEFINED> instruction: 0xe7d312f4
    14bc:	e1a02006 	mov	r2, r6
    14c0:	e5951030 	ldr	r1, [r5, #48]	@ 0x30
    14c4:	e59fec90 	ldr	lr, [pc, #3216]	@ 0x215c
    14c8:	e7f2e1f0 	udf	#11792	@ 0x2e10
    14cc:	2a000025 	bcs	0x1568
    14d0:	e0811002 	add	r1, r1, r2
    14d4:	e3a02000 	mov	r2, #0
    14d8:	e3a03000 	mov	r3, #0
    14dc:	e5813000 	str	r3, [r1]
    14e0:	e5812004 	str	r2, [r1, #4]
    14e4:	e1a03006 	mov	r3, r6
    14e8:	e5952030 	ldr	r2, [r5, #48]	@ 0x30
    14ec:	e59fcc44 	ldr	ip, [pc, #3140]	@ 0x2138
    14f0:	e153000c 	cmp	r3, ip
    14f4:	8a00001b 	bhi	0x1568
    14f8:	e7e123f4 			@ <UNDEFINED> instruction: 0xe7e123f4
    14fc:	e3811020 	orr	r1, r1, #32
    1500:	e5952030 	ldr	r2, [r5, #48]	@ 0x30
    1504:	e59fcc2c 	ldr	ip, [pc, #3116]	@ 0x2138
    1508:	e156000c 	cmp	r6, ip
    150c:	8a000015 	bhi	0x1568
    1510:	e7d126f4 			@ <UNDEFINED> instruction: 0xe7d126f4
    1514:	e594c01c 	ldr	ip, [r4, #28]
    1518:	e35c0002 	cmp	ip, #2
    151c:	0a000007 	beq	0x1540
    1520:	e5943014 	ldr	r3, [r4, #20]
    1524:	e5952030 	ldr	r2, [r5, #48]	@ 0x30
    1528:	e59fec08 	ldr	lr, [pc, #3080]	@ 0x2138
    152c:	e7f3e0f4 	udf	#15876	@ 0x3e04
    1530:	2a00000c 	bcs	0x1568
    1534:	e7e123f4 			@ <UNDEFINED> instruction: 0xe7e123f4
    1538:	e594c008 	ldr	ip, [r4, #8]
    153c:	e04c0001 	sub	r0, ip, r1
    1540:	e594c00c 	ldr	ip, [r4, #12]
    1544:	e28c1020 	add	r1, ip, #32
    1548:	e595203c 	ldr	r2, [r5, #60]	@ 0x3c
    154c:	e5821008 	str	r1, [r2, #8]
    1550:	e5840004 	str	r0, [r4, #4]
    1554:	e59f0c04 	ldr	r0, [pc, #3076]	@ 0x2160
    1558:	e30ccabc 	movw	ip, #51900	@ 0xcabc
    155c:	e34ccdef 	movt	ip, #52719	@ 0xcdef
    1560:	e28dd004 	add	sp, sp, #4
    1564:	e8bd8fc0 	pop	{r6, r7, r8, r9, sl, fp, pc}
    1568:	e3a00008 	mov	r0, #8
    156c:	e59d1000 	ldr	r1, [sp]
    1570:	e5810010 	str	r0, [r1, #16]
    1574:	e59d0000 	ldr	r0, [sp]
    1578:	e59d101c 	ldr	r1, [sp, #28]
    157c:	e59fcbe0 	ldr	ip, [pc, #3040]	@ 0x2164
    1580:	e12fff3c 	blx	ip
    1584:	e28dd004 	add	sp, sp, #4
    1588:	e8bd0fc0 	pop	{r6, r7, r8, r9, sl, fp}
    158c:	e28dd004 	add	sp, sp, #4
    1590:	e12fff10 	bx	r0
    1594:	e52de004 	push	{lr}		@ (str lr, [sp, #-4]!)
    1598:	e24dd004 	sub	sp, sp, #4
    159c:	e58d0000 	str	r0, [sp]
    15a0:	e30cc123 	movw	ip, #49443	@ 0xc123
    15a4:	e34cc456 	movt	ip, #50262	@ 0xc456
    15a8:	e3a0e000 	mov	lr, #0
    15ac:	e584e004 	str	lr, [r4, #4]
    15b0:	e59f0bb0 	ldr	r0, [pc, #2992]	@ 0x2168
    15b4:	e30ccabc 	movw	ip, #51900	@ 0xcabc
    15b8:	e34ccdef 	movt	ip, #52719	@ 0xcdef
    15bc:	e28dd004 	add	sp, sp, #4
    15c0:	e49df004 	pop	{pc}		@ (ldr pc, [sp], #4)
    15c4:	e52de004 	push	{lr}		@ (str lr, [sp, #-4]!)
    15c8:	e24dd004 	sub	sp, sp, #4
    15cc:	e58d0000 	str	r0, [sp]
    15d0:	e30cc123 	movw	ip, #49443	@ 0xc123
    15d4:	e34cc456 	movt	ip, #50262	@ 0xc456
    15d8:	e3a0e000 	mov	lr, #0
    15dc:	e584e010 	str	lr, [r4, #16]
    15e0:	e3a0e000 	mov	lr, #0
    15e4:	e584e014 	str	lr, [r4, #20]
    15e8:	e59f0b7c 	ldr	r0, [pc, #2940]	@ 0x216c
    15ec:	e30ccabc 	movw	ip, #51900	@ 0xcabc
    15f0:	e34ccdef 	movt	ip, #52719	@ 0xcdef
    15f4:	e28dd004 	add	sp, sp, #4
    15f8:	e49df004 	pop	{pc}		@ (ldr pc, [sp], #4)
    15fc:	e52de004 	push	{lr}		@ (str lr, [sp, #-4]!)
    1600:	e24dd004 	sub	sp, sp, #4
    1604:	e58d0000 	str	r0, [sp]
    1608:	e30cc123 	movw	ip, #49443	@ 0xc123
    160c:	e34cc456 	movt	ip, #50262	@ 0xc456
    1610:	e3a0e001 	mov	lr, #1
    1614:	e584e004 	str	lr, [r4, #4]
    1618:	e59f0b50 	ldr	r0, [pc, #2896]	@ 0x2170
    161c:	e30ccabc 	movw	ip, #51900	@ 0xcabc
    1620:	e34ccdef 	movt	ip, #52719	@ 0xcdef
    1624:	e28dd004 	add	sp, sp, #4
    1628:	e49df004 	pop	{pc}		@ (ldr pc, [sp], #4)
    162c:	e52de004 	push	{lr}		@ (str lr, [sp, #-4]!)
    1630:	e24dd004 	sub	sp, sp, #4
    1634:	e58d0000 	str	r0, [sp]
    1638:	e30cc123 	movw	ip, #49443	@ 0xc123
    163c:	e34cc456 	movt	ip, #50262	@ 0xc456
    1640:	e59f0b2c 	ldr	r0, [pc, #2860]	@ 0x2174
    1644:	e30ccabc 	movw	ip, #51900	@ 0xcabc
    1648:	e34ccdef 	movt	ip, #52719	@ 0xcdef
    164c:	e28dd004 	add	sp, sp, #4
    1650:	e49df004 	pop	{pc}		@ (ldr pc, [sp], #4)
    1654:	e52de004 	push	{lr}		@ (str lr, [sp, #-4]!)
    1658:	e24dd004 	sub	sp, sp, #4
    165c:	e58d0000 	str	r0, [sp]
    1660:	e30cc123 	movw	ip, #49443	@ 0xc123
    1664:	e34cc456 	movt	ip, #50262	@ 0xc456
    1668:	e3a0eb44 	mov	lr, #68, 22	@ 0x11000
    166c:	e38ee078 	orr	lr, lr, #120	@ 0x78
    1670:	e584e000 	str	lr, [r4]
    1674:	e59f0afc 	ldr	r0, [pc, #2812]	@ 0x2178
    1678:	e30ccabc 	movw	ip, #51900	@ 0xcabc
    167c:	e34ccdef 	movt	ip, #52719	@ 0xcdef
    1680:	e28dd004 	add	sp, sp, #4
    1684:	e49df004 	pop	{pc}		@ (ldr pc, [sp], #4)
    1688:	e92d4040 	push	{r6, lr}
    168c:	e24dd010 	sub	sp, sp, #16
    1690:	e58d0000 	str	r0, [sp]
    1694:	e30cc123 	movw	ip, #49443	@ 0xc123
    1698:	e34cc456 	movt	ip, #50262	@ 0xc456
    169c:	e5946000 	ldr	r6, [r4]
    16a0:	e5940004 	ldr	r0, [r4, #4]
    16a4:	e5941008 	ldr	r1, [r4, #8]
    16a8:	e3510000 	cmp	r1, #0
    16ac:	0a00000b 	beq	0x16e0
    16b0:	e1a02001 	mov	r2, r1
    16b4:	e1a01000 	mov	r1, r0
    16b8:	e1a00006 	mov	r0, r6
    16bc:	e28d3004 	add	r3, sp, #4
    16c0:	e595e028 	ldr	lr, [r5, #40]	@ 0x28
    16c4:	e58de004 	str	lr, [sp, #4]
    16c8:	e595e028 	ldr	lr, [r5, #40]	@ 0x28
    16cc:	e58de008 	str	lr, [sp, #8]
    16d0:	e59fcaa4 	ldr	ip, [pc, #2724]	@ 0x217c
    16d4:	e12fff3c 	blx	ip
    16d8:	e3500000 	cmp	r0, #0
    16dc:	1a000005 	bne	0x16f8
    16e0:	e5846000 	str	r6, [r4]
    16e4:	e59f0a94 	ldr	r0, [pc, #2708]	@ 0x2180
    16e8:	e30ccabc 	movw	ip, #51900	@ 0xcabc
    16ec:	e34ccdef 	movt	ip, #52719	@ 0xcdef
    16f0:	e28dd010 	add	sp, sp, #16
    16f4:	e8bd8040 	pop	{r6, pc}
    16f8:	e59d1000 	ldr	r1, [sp]
    16fc:	e5810010 	str	r0, [r1, #16]
    1700:	e59d0000 	ldr	r0, [sp]
    1704:	e59d1014 	ldr	r1, [sp, #20]
    1708:	e59fca74 	ldr	ip, [pc, #2676]	@ 0x2184
    170c:	e12fff3c 	blx	ip
    1710:	e59d6010 	ldr	r6, [sp, #16]
    1714:	e28dd018 	add	sp, sp, #24
    1718:	e12fff10 	bx	r0
    171c:	e92d4fc0 	push	{r6, r7, r8, r9, sl, fp, lr}
    1720:	e24dd004 	sub	sp, sp, #4
    1724:	e58d0000 	str	r0, [sp]
    1728:	e30cc123 	movw	ip, #49443	@ 0xc123
    172c:	e34cc456 	movt	ip, #50262	@ 0xc456
    1730:	e5940000 	ldr	r0, [r4]
    1734:	e5941004 	ldr	r1, [r4, #4]
    1738:	e5942008 	ldr	r2, [r4, #8]
    173c:	e3520f80 	cmp	r2, #128, 30	@ 0x200
    1740:	3a00000e 	bcc	0x1780
    1744:	e5840000 	str	r0, [r4]
    1748:	e5841004 	str	r1, [r4, #4]
    174c:	e5842008 	str	r2, [r4, #8]
    1750:	e3a009ff 	mov	r0, #4177920	@ 0x3fc000
    1754:	e3800e7d 	orr	r0, r0, #2000	@ 0x7d0
    1758:	e1a01004 	mov	r1, r4
    175c:	e59d2000 	ldr	r2, [sp]
    1760:	e59fca20 	ldr	ip, [pc, #2592]	@ 0x2188
    1764:	e12fff3c 	blx	ip
    1768:	e3500000 	cmp	r0, #0
    176c:	1a00016b 	bne	0x1d20
    1770:	e5943030 	ldr	r3, [r4, #48]	@ 0x30
    1774:	e5843030 	str	r3, [r4, #48]	@ 0x30
    1778:	e59f0a0c 	ldr	r0, [pc, #2572]	@ 0x218c
    177c:	ea000162 	b	0x1d0c
    1780:	e0803002 	add	r3, r0, r2
    1784:	e0216000 	eor	r6, r1, r0
    1788:	e3160003 	tst	r6, #3
    178c:	1a0000fd 	bne	0x1b88
    1790:	e3100003 	tst	r0, #3
    1794:	1a000001 	bne	0x17a0
    1798:	e1a06000 	mov	r6, r0
    179c:	ea000019 	b	0x1808
    17a0:	e3520000 	cmp	r2, #0
    17a4:	1a000001 	bne	0x17b0
    17a8:	e1a06000 	mov	r6, r0
    17ac:	ea000015 	b	0x1808
    17b0:	e1a06000 	mov	r6, r0
    17b4:	e1a09001 	mov	r9, r1
    17b8:	e5958030 	ldr	r8, [r5, #48]	@ 0x30
    17bc:	e3e0c4fe 	mvn	ip, #-33554432	@ 0xfe000000
    17c0:	e3ccc8fe 	bic	ip, ip, #16646144	@ 0xfe0000
    17c4:	e159000c 	cmp	r9, ip
    17c8:	8a000151 	bhi	0x1d14
    17cc:	e7e789f0 			@ <UNDEFINED> instruction: 0xe7e789f0
    17d0:	e1a09006 	mov	r9, r6
    17d4:	e5958030 	ldr	r8, [r5, #48]	@ 0x30
    17d8:	e3e0c4fe 	mvn	ip, #-33554432	@ 0xfe000000
    17dc:	e3ccc8fe 	bic	ip, ip, #16646144	@ 0xfe0000
    17e0:	e159000c 	cmp	r9, ip
    17e4:	8a00014a 	bhi	0x1d14
    17e8:	e7d789f0 			@ <UNDEFINED> instruction: 0xe7d789f0
    17ec:	e2811001 	add	r1, r1, #1
    17f0:	e2867001 	add	r7, r6, #1
    17f4:	e1a06007 	mov	r6, r7
    17f8:	e3170003 	tst	r7, #3
    17fc:	0a000001 	beq	0x1808
    1800:	e1560003 	cmp	r6, r3
    1804:	3affffea 	bcc	0x17b4
    1808:	e3c37003 	bic	r7, r3, #3
    180c:	e3530040 	cmp	r3, #64	@ 0x40
    1810:	3a0000c8 	bcc	0x1b38
    1814:	e2478040 	sub	r8, r7, #64	@ 0x40
    1818:	e1a09008 	mov	r9, r8
    181c:	e1560008 	cmp	r6, r8
    1820:	8a0000c4 	bhi	0x1b38
    1824:	e1a0b001 	mov	fp, r1
    1828:	e595a030 	ldr	sl, [r5, #48]	@ 0x30
    182c:	e59fc904 	ldr	ip, [pc, #2308]	@ 0x2138
    1830:	e15b000c 	cmp	fp, ip
    1834:	8a000136 	bhi	0x1d14
    1838:	e7e8abf4 			@ <UNDEFINED> instruction: 0xe7e8abf4
    183c:	e1a0b006 	mov	fp, r6
    1840:	e595a030 	ldr	sl, [r5, #48]	@ 0x30
    1844:	e59fc8ec 	ldr	ip, [pc, #2284]	@ 0x2138
    1848:	e15b000c 	cmp	fp, ip
    184c:	8a000130 	bhi	0x1d14
    1850:	e7d8abf4 			@ <UNDEFINED> instruction: 0xe7d8abf4
    1854:	e1a0b001 	mov	fp, r1
    1858:	e595a030 	ldr	sl, [r5, #48]	@ 0x30
    185c:	e59fe8d4 	ldr	lr, [pc, #2260]	@ 0x2138
    1860:	e7fbe0f4 	udf	#48644	@ 0xbe04
    1864:	2a00012a 	bcs	0x1d14
    1868:	e7e8abf4 			@ <UNDEFINED> instruction: 0xe7e8abf4
    186c:	e1a0b006 	mov	fp, r6
    1870:	e595a030 	ldr	sl, [r5, #48]	@ 0x30
    1874:	e59fe8bc 	ldr	lr, [pc, #2236]	@ 0x2138
    1878:	e7fbe0f4 	udf	#48644	@ 0xbe04
    187c:	2a000124 	bcs	0x1d14
    1880:	e7d8abf4 			@ <UNDEFINED> instruction: 0xe7d8abf4
    1884:	e1a0b001 	mov	fp, r1
    1888:	e595a030 	ldr	sl, [r5, #48]	@ 0x30
    188c:	e59fe8a4 	ldr	lr, [pc, #2212]	@ 0x2138
    1890:	e7fbe0f8 	udf	#48648	@ 0xbe08
    1894:	2a00011e 	bcs	0x1d14
    1898:	e7e8abf4 			@ <UNDEFINED> instruction: 0xe7e8abf4
    189c:	e1a0b006 	mov	fp, r6
    18a0:	e595a030 	ldr	sl, [r5, #48]	@ 0x30
    18a4:	e59fe88c 	ldr	lr, [pc, #2188]	@ 0x2138
    18a8:	e7fbe0f8 	udf	#48648	@ 0xbe08
    18ac:	2a000118 	bcs	0x1d14
    18b0:	e7d8abf4 			@ <UNDEFINED> instruction: 0xe7d8abf4
    18b4:	e1a0b001 	mov	fp, r1
    18b8:	e595a030 	ldr	sl, [r5, #48]	@ 0x30
    18bc:	e59fe874 	ldr	lr, [pc, #2164]	@ 0x2138
    18c0:	e7fbe0fc 	udf	#48652	@ 0xbe0c
    18c4:	2a000112 	bcs	0x1d14
    18c8:	e7e8abf4 			@ <UNDEFINED> instruction: 0xe7e8abf4
    18cc:	e1a0b006 	mov	fp, r6
    18d0:	e595a030 	ldr	sl, [r5, #48]	@ 0x30
    18d4:	e59fe85c 	ldr	lr, [pc, #2140]	@ 0x2138
    18d8:	e7fbe0fc 	udf	#48652	@ 0xbe0c
    18dc:	2a00010c 	bcs	0x1d14
    18e0:	e7d8abf4 			@ <UNDEFINED> instruction: 0xe7d8abf4
    18e4:	e1a0b001 	mov	fp, r1
    18e8:	e595a030 	ldr	sl, [r5, #48]	@ 0x30
    18ec:	e59fe844 	ldr	lr, [pc, #2116]	@ 0x2138
    18f0:	e7fbe1f0 	udf	#48656	@ 0xbe10
    18f4:	2a000106 	bcs	0x1d14
    18f8:	e7e8abf4 			@ <UNDEFINED> instruction: 0xe7e8abf4
    18fc:	e1a0b006 	mov	fp, r6
    1900:	e595a030 	ldr	sl, [r5, #48]	@ 0x30
    1904:	e59fe82c 	ldr	lr, [pc, #2092]	@ 0x2138
    1908:	e7fbe1f0 	udf	#48656	@ 0xbe10
    190c:	2a000100 	bcs	0x1d14
    1910:	e7d8abf4 			@ <UNDEFINED> instruction: 0xe7d8abf4
    1914:	e1a0b001 	mov	fp, r1
    1918:	e595a030 	ldr	sl, [r5, #48]	@ 0x30
    191c:	e59fe814 	ldr	lr, [pc, #2068]	@ 0x2138
    1920:	e7fbe1f4 	udf	#48660	@ 0xbe14
    1924:	2a0000fa 	bcs	0x1d14
    1928:	e7e8abf4 			@ <UNDEFINED> instruction: 0xe7e8abf4
    192c:	e1a0b006 	mov	fp, r6
    1930:	e595a030 	ldr	sl, [r5, #48]	@ 0x30
    1934:	e59fe7fc 	ldr	lr, [pc, #2044]	@ 0x2138
    1938:	e7fbe1f4 	udf	#48660	@ 0xbe14
    193c:	2a0000f4 	bcs	0x1d14
    1940:	e7d8abf4 			@ <UNDEFINED> instruction: 0xe7d8abf4
    1944:	e1a0b001 	mov	fp, r1
    1948:	e595a030 	ldr	sl, [r5, #48]	@ 0x30
    194c:	e59fe7e4 	ldr	lr, [pc, #2020]	@ 0x2138
    1950:	e7fbe1f8 	udf	#48664	@ 0xbe18
    1954:	2a0000ee 	bcs	0x1d14
    1958:	e7e8abf4 			@ <UNDEFINED> instruction: 0xe7e8abf4
    195c:	e1a0b006 	mov	fp, r6
    1960:	e595a030 	ldr	sl, [r5, #48]	@ 0x30
    1964:	e59fe7cc 	ldr	lr, [pc, #1996]	@ 0x2138
    1968:	e7fbe1f8 	udf	#48664	@ 0xbe18
    196c:	2a0000e8 	bcs	0x1d14
    1970:	e7d8abf4 			@ <UNDEFINED> instruction: 0xe7d8abf4
    1974:	e1a0b001 	mov	fp, r1
    1978:	e595a030 	ldr	sl, [r5, #48]	@ 0x30
    197c:	e59fe7b4 	ldr	lr, [pc, #1972]	@ 0x2138
    1980:	e7fbe1fc 	udf	#48668	@ 0xbe1c
    1984:	2a0000e2 	bcs	0x1d14
    1988:	e7e8abf4 			@ <UNDEFINED> instruction: 0xe7e8abf4
    198c:	e1a0b006 	mov	fp, r6
    1990:	e595a030 	ldr	sl, [r5, #48]	@ 0x30
    1994:	e59fe79c 	ldr	lr, [pc, #1948]	@ 0x2138
    1998:	e7fbe1fc 	udf	#48668	@ 0xbe1c
    199c:	2a0000dc 	bcs	0x1d14
    19a0:	e7d8abf4 			@ <UNDEFINED> instruction: 0xe7d8abf4
    19a4:	e1a0b001 	mov	fp, r1
    19a8:	e595a030 	ldr	sl, [r5, #48]	@ 0x30
    19ac:	e59fe784 	ldr	lr, [pc, #1924]	@ 0x2138
    19b0:	e7fbe2f0 	udf	#48672	@ 0xbe20
    19b4:	2a0000d6 	bcs	0x1d14
    19b8:	e7e8abf4 			@ <UNDEFINED> instruction: 0xe7e8abf4
    19bc:	e1a0b006 	mov	fp, r6
    19c0:	e595a030 	ldr	sl, [r5, #48]	@ 0x30
    19c4:	e59fe76c 	ldr	lr, [pc, #1900]	@ 0x2138
    19c8:	e7fbe2f0 	udf	#48672	@ 0xbe20
    19cc:	2a0000d0 	bcs	0x1d14
    19d0:	e7d8abf4 			@ <UNDEFINED> instruction: 0xe7d8abf4
    19d4:	e1a0b001 	mov	fp, r1
    19d8:	e595a030 	ldr	sl, [r5, #48]	@ 0x30
    19dc:	e59fe754 	ldr	lr, [pc, #1876]	@ 0x2138
    19e0:	e7fbe2f4 	udf	#48676	@ 0xbe24
    19e4:	2a0000ca 	bcs	0x1d14
    19e8:	e7e8abf4 			@ <UNDEFINED> instruction: 0xe7e8abf4
    19ec:	e1a0b006 	mov	fp, r6
    19f0:	e595a030 	ldr	sl, [r5, #48]	@ 0x30
    19f4:	e59fe73c 	ldr	lr, [pc, #1852]	@ 0x2138
    19f8:	e7fbe2f4 	udf	#48676	@ 0xbe24
    19fc:	2a0000c4 	bcs	0x1d14
    1a00:	e7d8abf4 			@ <UNDEFINED> instruction: 0xe7d8abf4
    1a04:	e1a0b001 	mov	fp, r1
    1a08:	e595a030 	ldr	sl, [r5, #48]	@ 0x30
    1a0c:	e59fe724 	ldr	lr, [pc, #1828]	@ 0x2138
    1a10:	e7fbe2f8 	udf	#48680	@ 0xbe28
    1a14:	2a0000be 	bcs	0x1d14
    1a18:	e7e8abf4 			@ <UNDEFINED> instruction: 0xe7e8abf4
    1a1c:	e1a0b006 	mov	fp, r6
    1a20:	e595a030 	ldr	sl, [r5, #48]	@ 0x30
    1a24:	e59fe70c 	ldr	lr, [pc, #1804]	@ 0x2138
    1a28:	e7fbe2f8 	udf	#48680	@ 0xbe28
    1a2c:	2a0000b8 	bcs	0x1d14
    1a30:	e7d8abf4 			@ <UNDEFINED> instruction: 0xe7d8abf4
    1a34:	e1a0b001 	mov	fp, r1
    1a38:	e595a030 	ldr	sl, [r5, #48]	@ 0x30
    1a3c:	e59fe6f4 	ldr	lr, [pc, #1780]	@ 0x2138
    1a40:	e7fbe2fc 	udf	#48684	@ 0xbe2c
    1a44:	2a0000b2 	bcs	0x1d14
    1a48:	e7e8abf4 			@ <UNDEFINED> instruction: 0xe7e8abf4
    1a4c:	e1a0b006 	mov	fp, r6
    1a50:	e595a030 	ldr	sl, [r5, #48]	@ 0x30
    1a54:	e59fe6dc 	ldr	lr, [pc, #1756]	@ 0x2138
    1a58:	e7fbe2fc 	udf	#48684	@ 0xbe2c
    1a5c:	2a0000ac 	bcs	0x1d14
    1a60:	e7d8abf4 			@ <UNDEFINED> instruction: 0xe7d8abf4
    1a64:	e1a0b001 	mov	fp, r1
    1a68:	e595a030 	ldr	sl, [r5, #48]	@ 0x30
    1a6c:	e59fe6c4 	ldr	lr, [pc, #1732]	@ 0x2138
    1a70:	e7fbe3f0 	udf	#48688	@ 0xbe30
    1a74:	2a0000a6 	bcs	0x1d14
    1a78:	e7e8abf4 			@ <UNDEFINED> instruction: 0xe7e8abf4
    1a7c:	e1a0b006 	mov	fp, r6
    1a80:	e595a030 	ldr	sl, [r5, #48]	@ 0x30
    1a84:	e59fe6ac 	ldr	lr, [pc, #1708]	@ 0x2138
    1a88:	e7fbe3f0 	udf	#48688	@ 0xbe30
    1a8c:	2a0000a0 	bcs	0x1d14
    1a90:	e7d8abf4 			@ <UNDEFINED> instruction: 0xe7d8abf4
    1a94:	e1a0b001 	mov	fp, r1
    1a98:	e595a030 	ldr	sl, [r5, #48]	@ 0x30
    1a9c:	e59fe694 	ldr	lr, [pc, #1684]	@ 0x2138
    1aa0:	e7fbe3f4 	udf	#48692	@ 0xbe34
    1aa4:	2a00009a 	bcs	0x1d14
    1aa8:	e7e8abf4 			@ <UNDEFINED> instruction: 0xe7e8abf4
    1aac:	e1a0b006 	mov	fp, r6
    1ab0:	e595a030 	ldr	sl, [r5, #48]	@ 0x30
    1ab4:	e59fe67c 	ldr	lr, [pc, #1660]	@ 0x2138
    1ab8:	e7fbe3f4 	udf	#48692	@ 0xbe34
    1abc:	2a000094 	bcs	0x1d14
    1ac0:	e7d8abf4 			@ <UNDEFINED> instruction: 0xe7d8abf4
    1ac4:	e1a0b001 	mov	fp, r1
    1ac8:	e595a030 	ldr	sl, [r5, #48]	@ 0x30
    1acc:	e59fe664 	ldr	lr, [pc, #1636]	@ 0x2138
    1ad0:	e7fbe3f8 	udf	#48696	@ 0xbe38
    1ad4:	2a00008e 	bcs	0x1d14
    1ad8:	e7e8abf4 			@ <UNDEFINED> instruction: 0xe7e8abf4
    1adc:	e1a0b006 	mov	fp, r6
    1ae0:	e595a030 	ldr	sl, [r5, #48]	@ 0x30
    1ae4:	e59fe64c 	ldr	lr, [pc, #1612]	@ 0x2138
    1ae8:	e7fbe3f8 	udf	#48696	@ 0xbe38
    1aec:	2a000088 	bcs	0x1d14
    1af0:	e7d8abf4 			@ <UNDEFINED> instruction: 0xe7d8abf4
    1af4:	e1a0b001 	mov	fp, r1
    1af8:	e595a030 	ldr	sl, [r5, #48]	@ 0x30
    1afc:	e59fe634 	ldr	lr, [pc, #1588]	@ 0x2138
    1b00:	e7fbe3fc 	udf	#48700	@ 0xbe3c
    1b04:	2a000082 	bcs	0x1d14
    1b08:	e7e8abf4 			@ <UNDEFINED> instruction: 0xe7e8abf4
    1b0c:	e1a0b006 	mov	fp, r6
    1b10:	e595a030 	ldr	sl, [r5, #48]	@ 0x30
    1b14:	e59fe61c 	ldr	lr, [pc, #1564]	@ 0x2138
    1b18:	e7fbe3fc 	udf	#48700	@ 0xbe3c
    1b1c:	2a00007c 	bcs	0x1d14
    1b20:	e7d8abf4 			@ <UNDEFINED> instruction: 0xe7d8abf4
    1b24:	e2811040 	add	r1, r1, #64	@ 0x40
    1b28:	e2868040 	add	r8, r6, #64	@ 0x40
    1b2c:	e1a06008 	mov	r6, r8
    1b30:	e1580009 	cmp	r8, r9
    1b34:	9affff3a 	bls	0x1824
    1b38:	e1560007 	cmp	r6, r7
    1b3c:	2a000058 	bcs	0x1ca4
    1b40:	e1a0a001 	mov	sl, r1
    1b44:	e5959030 	ldr	r9, [r5, #48]	@ 0x30
    1b48:	e59fc5e8 	ldr	ip, [pc, #1512]	@ 0x2138
    1b4c:	e15a000c 	cmp	sl, ip
    1b50:	8a00006f 	bhi	0x1d14
    1b54:	e7e89af4 			@ <UNDEFINED> instruction: 0xe7e89af4
    1b58:	e1a0a006 	mov	sl, r6
    1b5c:	e5959030 	ldr	r9, [r5, #48]	@ 0x30
    1b60:	e59fc5d0 	ldr	ip, [pc, #1488]	@ 0x2138
    1b64:	e15a000c 	cmp	sl, ip
    1b68:	8a000069 	bhi	0x1d14
    1b6c:	e7d89af4 			@ <UNDEFINED> instruction: 0xe7d89af4
    1b70:	e2811004 	add	r1, r1, #4
    1b74:	e2868004 	add	r8, r6, #4
    1b78:	e1a06008 	mov	r6, r8
    1b7c:	e1580007 	cmp	r8, r7
    1b80:	3affffee 	bcc	0x1b40
    1b84:	ea000046 	b	0x1ca4
    1b88:	e3530004 	cmp	r3, #4
    1b8c:	2a000001 	bcs	0x1b98
    1b90:	e1a06000 	mov	r6, r0
    1b94:	ea000042 	b	0x1ca4
    1b98:	e3520004 	cmp	r2, #4
    1b9c:	2a000001 	bcs	0x1ba8
    1ba0:	e1a06000 	mov	r6, r0
    1ba4:	ea00003e 	b	0x1ca4
    1ba8:	e2432004 	sub	r2, r3, #4
    1bac:	e1a06000 	mov	r6, r0
    1bb0:	e1a09001 	mov	r9, r1
    1bb4:	e5958030 	ldr	r8, [r5, #48]	@ 0x30
    1bb8:	e3e0c4fe 	mvn	ip, #-33554432	@ 0xfe000000
    1bbc:	e3ccc8fe 	bic	ip, ip, #16646144	@ 0xfe0000
    1bc0:	e159000c 	cmp	r9, ip
    1bc4:	8a000052 	bhi	0x1d14
    1bc8:	e7e789f0 			@ <UNDEFINED> instruction: 0xe7e789f0
    1bcc:	e1a09006 	mov	r9, r6
    1bd0:	e5958030 	ldr	r8, [r5, #48]	@ 0x30
    1bd4:	e3e0c4fe 	mvn	ip, #-33554432	@ 0xfe000000
    1bd8:	e3ccc8fe 	bic	ip, ip, #16646144	@ 0xfe0000
    1bdc:	e159000c 	cmp	r9, ip
    1be0:	8a00004b 	bhi	0x1d14
    1be4:	e7d789f0 			@ <UNDEFINED> instruction: 0xe7d789f0
    1be8:	e1a09001 	mov	r9, r1
    1bec:	e5958030 	ldr	r8, [r5, #48]	@ 0x30
    1bf0:	e3e0e4fe 	mvn	lr, #-33554432	@ 0xfe000000
    1bf4:	e3cee8fe 	bic	lr, lr, #16646144	@ 0xfe0000
    1bf8:	e7f9e0f1 	udf	#40449	@ 0x9e01
    1bfc:	2a000044 	bcs	0x1d14
    1c00:	e7e789f0 			@ <UNDEFINED> instruction: 0xe7e789f0
    1c04:	e1a09006 	mov	r9, r6
    1c08:	e5958030 	ldr	r8, [r5, #48]	@ 0x30
    1c0c:	e3e0e4fe 	mvn	lr, #-33554432	@ 0xfe000000
    1c10:	e3cee8fe 	bic	lr, lr, #16646144	@ 0xfe0000
    1c14:	e7f9e0f1 	udf	#40449	@ 0x9e01
    1c18:	2a00003d 	bcs	0x1d14
    1c1c:	e7d789f0 			@ <UNDEFINED> instruction: 0xe7d789f0
    1c20:	e1a09001 	mov	r9, r1
    1c24:	e5958030 	ldr	r8, [r5, #48]	@ 0x30
    1c28:	e3e0e4fe 	mvn	lr, #-33554432	@ 0xfe000000
    1c2c:	e3cee8fe 	bic	lr, lr, #16646144	@ 0xfe0000
    1c30:	e7f9e0f2 	udf	#40450	@ 0x9e02
    1c34:	2a000036 	bcs	0x1d14
    1c38:	e7e789f0 			@ <UNDEFINED> instruction: 0xe7e789f0
    1c3c:	e1a09006 	mov	r9, r6
    1c40:	e5958030 	ldr	r8, [r5, #48]	@ 0x30
    1c44:	e3e0e4fe 	mvn	lr, #-33554432	@ 0xfe000000
    1c48:	e3cee8fe 	bic	lr, lr, #16646144	@ 0xfe0000
    1c4c:	e7f9e0f2 	udf	#40450	@ 0x9e02
    1c50:	2a00002f 	bcs	0x1d14
    1c54:	e7d789f0 			@ <UNDEFINED> instruction: 0xe7d789f0
    1c58:	e1a09001 	mov	r9, r1
    1c5c:	e5958030 	ldr	r8, [r5, #48]	@ 0x30
    1c60:	e3e0e4fe 	mvn	lr, #-33554432	@ 0xfe000000
    1c64:	e3cee8fe 	bic	lr, lr, #16646144	@ 0xfe0000
    1c68:	e7f9e0f3 	udf	#40451	@ 0x9e03
    1c6c:	2a000028 	bcs	0x1d14
    1c70:	e7e789f0 			@ <UNDEFINED> instruction: 0xe7e789f0
    1c74:	e1a09006 	mov	r9, r6
    1c78:	e5958030 	ldr	r8, [r5, #48]	@ 0x30
    1c7c:	e3e0e4fe 	mvn	lr, #-33554432	@ 0xfe000000
    1c80:	e3cee8fe 	bic	lr, lr, #16646144	@ 0xfe0000
    1c84:	e7f9e0f3 	udf	#40451	@ 0x9e03
    1c88:	2a000021 	bcs	0x1d14
    1c8c:	e7d789f0 			@ <UNDEFINED> instruction: 0xe7d789f0
    1c90:	e2811004 	add	r1, r1, #4
    1c94:	e2867004 	add	r7, r6, #4
    1c98:	e1a06007 	mov	r6, r7
    1c9c:	e1570002 	cmp	r7, r2
    1ca0:	9affffc2 	bls	0x1bb0
    1ca4:	e1560003 	cmp	r6, r3
    1ca8:	2a000012 	bcs	0x1cf8
    1cac:	e1a08001 	mov	r8, r1
    1cb0:	e5957030 	ldr	r7, [r5, #48]	@ 0x30
    1cb4:	e3e0c4fe 	mvn	ip, #-33554432	@ 0xfe000000
    1cb8:	e3ccc8fe 	bic	ip, ip, #16646144	@ 0xfe0000
    1cbc:	e158000c 	cmp	r8, ip
    1cc0:	8a000013 	bhi	0x1d14
    1cc4:	e7e278f0 			@ <UNDEFINED> instruction: 0xe7e278f0
    1cc8:	e1a08006 	mov	r8, r6
    1ccc:	e5957030 	ldr	r7, [r5, #48]	@ 0x30
    1cd0:	e3e0c4fe 	mvn	ip, #-33554432	@ 0xfe000000
    1cd4:	e3ccc8fe 	bic	ip, ip, #16646144	@ 0xfe0000
    1cd8:	e158000c 	cmp	r8, ip
    1cdc:	8a00000c 	bhi	0x1d14
    1ce0:	e7d278f0 			@ <UNDEFINED> instruction: 0xe7d278f0
    1ce4:	e2811001 	add	r1, r1, #1
    1ce8:	e2862001 	add	r2, r6, #1
    1cec:	e1a06002 	mov	r6, r2
    1cf0:	e1520003 	cmp	r2, r3
    1cf4:	1affffec 	bne	0x1cac
    1cf8:	e5840000 	str	r0, [r4]
    1cfc:	e3a009ff 	mov	r0, #4177920	@ 0x3fc000
    1d00:	e3800ecf 	orr	r0, r0, #3312	@ 0xcf0
    1d04:	e30ccabc 	movw	ip, #51900	@ 0xcabc
    1d08:	e34ccdef 	movt	ip, #52719	@ 0xcdef
    1d0c:	e28dd004 	add	sp, sp, #4
    1d10:	e8bd8fc0 	pop	{r6, r7, r8, r9, sl, fp, pc}
    1d14:	e3a00008 	mov	r0, #8
    1d18:	e59d1000 	ldr	r1, [sp]
    1d1c:	e5810010 	str	r0, [r1, #16]
    1d20:	e59d0000 	ldr	r0, [sp]
    1d24:	e59d101c 	ldr	r1, [sp, #28]
    1d28:	e59fc460 	ldr	ip, [pc, #1120]	@ 0x2190
    1d2c:	e12fff3c 	blx	ip
    1d30:	e28dd004 	add	sp, sp, #4
    1d34:	e8bd0fc0 	pop	{r6, r7, r8, r9, sl, fp}
    1d38:	e28dd004 	add	sp, sp, #4
    1d3c:	e12fff10 	bx	r0
    1d40:	e92d43c0 	push	{r6, r7, r8, r9, lr}
    1d44:	e24dd004 	sub	sp, sp, #4
    1d48:	e58d0000 	str	r0, [sp]
    1d4c:	e30cc123 	movw	ip, #49443	@ 0xc123
    1d50:	e34cc456 	movt	ip, #50262	@ 0xc456
    1d54:	e5942000 	ldr	r2, [r4]
    1d58:	e5940004 	ldr	r0, [r4, #4]
    1d5c:	e5941008 	ldr	r1, [r4, #8]
    1d60:	e3510000 	cmp	r1, #0
    1d64:	0a0000d7 	beq	0x20c8
    1d68:	e1a06002 	mov	r6, r2
    1d6c:	e5953030 	ldr	r3, [r5, #48]	@ 0x30
    1d70:	e3e0c4fe 	mvn	ip, #-33554432	@ 0xfe000000
    1d74:	e3ccc8fe 	bic	ip, ip, #16646144	@ 0xfe0000
    1d78:	e156000c 	cmp	r6, ip
    1d7c:	8a0000d8 	bhi	0x20e4
    1d80:	e7d036f0 			@ <UNDEFINED> instruction: 0xe7d036f0
    1d84:	e0823001 	add	r3, r2, r1
    1d88:	e1a06003 	mov	r6, r3
    1d8c:	e2433001 	sub	r3, r3, #1
    1d90:	e5957030 	ldr	r7, [r5, #48]	@ 0x30
    1d94:	e3e0c4fe 	mvn	ip, #-33554432	@ 0xfe000000
    1d98:	e3ccc8fe 	bic	ip, ip, #16646144	@ 0xfe0000
    1d9c:	e153000c 	cmp	r3, ip
    1da0:	8a0000cf 	bhi	0x20e4
    1da4:	e7d073f0 			@ <UNDEFINED> instruction: 0xe7d073f0
    1da8:	e3510003 	cmp	r1, #3
    1dac:	3a0000c5 	bcc	0x20c8
    1db0:	e1a07002 	mov	r7, r2
    1db4:	e5953030 	ldr	r3, [r5, #48]	@ 0x30
    1db8:	e3e0e4fe 	mvn	lr, #-33554432	@ 0xfe000000
    1dbc:	e3cee8fe 	bic	lr, lr, #16646144	@ 0xfe0000
    1dc0:	e7f7e0f2 	udf	#32258	@ 0x7e02
    1dc4:	2a0000c6 	bcs	0x20e4
    1dc8:	e7d037f0 			@ <UNDEFINED> instruction: 0xe7d037f0
    1dcc:	e1a07002 	mov	r7, r2
    1dd0:	e5953030 	ldr	r3, [r5, #48]	@ 0x30
    1dd4:	e3e0e4fe 	mvn	lr, #-33554432	@ 0xfe000000
    1dd8:	e3cee8fe 	bic	lr, lr, #16646144	@ 0xfe0000
    1ddc:	e7f7e0f1 	udf	#32257	@ 0x7e01
    1de0:	2a0000bf 	bcs	0x20e4
    1de4:	e7d037f0 			@ <UNDEFINED> instruction: 0xe7d037f0
    1de8:	e2463003 	sub	r3, r6, #3
    1dec:	e5957030 	ldr	r7, [r5, #48]	@ 0x30
    1df0:	e3e0c4fe 	mvn	ip, #-33554432	@ 0xfe000000
    1df4:	e3ccc8fe 	bic	ip, ip, #16646144	@ 0xfe0000
    1df8:	e153000c 	cmp	r3, ip
    1dfc:	8a0000b8 	bhi	0x20e4
    1e00:	e7d073f0 			@ <UNDEFINED> instruction: 0xe7d073f0
    1e04:	e2463002 	sub	r3, r6, #2
    1e08:	e5957030 	ldr	r7, [r5, #48]	@ 0x30
    1e0c:	e3e0c4fe 	mvn	ip, #-33554432	@ 0xfe000000
    1e10:	e3ccc8fe 	bic	ip, ip, #16646144	@ 0xfe0000
    1e14:	e153000c 	cmp	r3, ip
    1e18:	8a0000b1 	bhi	0x20e4
    1e1c:	e7d073f0 			@ <UNDEFINED> instruction: 0xe7d073f0
    1e20:	e3510007 	cmp	r1, #7
    1e24:	3a0000a7 	bcc	0x20c8
    1e28:	e1a07002 	mov	r7, r2
    1e2c:	e5953030 	ldr	r3, [r5, #48]	@ 0x30
    1e30:	e3e0e4fe 	mvn	lr, #-33554432	@ 0xfe000000
    1e34:	e3cee8fe 	bic	lr, lr, #16646144	@ 0xfe0000
    1e38:	e7f7e0f3 	udf	#32259	@ 0x7e03
    1e3c:	2a0000a8 	bcs	0x20e4
    1e40:	e7d037f0 			@ <UNDEFINED> instruction: 0xe7d037f0
    1e44:	e2466004 	sub	r6, r6, #4
    1e48:	e5953030 	ldr	r3, [r5, #48]	@ 0x30
    1e4c:	e3e0c4fe 	mvn	ip, #-33554432	@ 0xfe000000
    1e50:	e3ccc8fe 	bic	ip, ip, #16646144	@ 0xfe0000
    1e54:	e156000c 	cmp	r6, ip
    1e58:	8a0000a1 	bhi	0x20e4
    1e5c:	e7d036f0 			@ <UNDEFINED> instruction: 0xe7d036f0
    1e60:	e3510009 	cmp	r1, #9
    1e64:	3a000097 	bcc	0x20c8
    1e68:	e2623000 	rsb	r3, r2, #0
    1e6c:	e2033003 	and	r3, r3, #3
    1e70:	e1a06003 	mov	r6, r3
    1e74:	e0823003 	add	r3, r2, r3
    1e78:	e1a07003 	mov	r7, r3
    1e7c:	e20000ff 	and	r0, r0, #255	@ 0xff
    1e80:	e59fc30c 	ldr	ip, [pc, #780]	@ 0x2194
    1e84:	e0000c90 	mul	r0, r0, ip
    1e88:	e1a08000 	mov	r8, r0
    1e8c:	e5959030 	ldr	r9, [r5, #48]	@ 0x30
    1e90:	e59fc2a0 	ldr	ip, [pc, #672]	@ 0x2138
    1e94:	e153000c 	cmp	r3, ip
    1e98:	8a000091 	bhi	0x20e4
    1e9c:	e7d093f4 			@ <UNDEFINED> instruction: 0xe7d093f4
    1ea0:	e0411006 	sub	r1, r1, r6
    1ea4:	e3c11003 	bic	r1, r1, #3
    1ea8:	e1a00001 	mov	r0, r1
    1eac:	e0871001 	add	r1, r7, r1
    1eb0:	e1a03001 	mov	r3, r1
    1eb4:	e2411004 	sub	r1, r1, #4
    1eb8:	e5956030 	ldr	r6, [r5, #48]	@ 0x30
    1ebc:	e59fc274 	ldr	ip, [pc, #628]	@ 0x2138
    1ec0:	e151000c 	cmp	r1, ip
    1ec4:	8a000086 	bhi	0x20e4
    1ec8:	e7d861f4 			@ <UNDEFINED> instruction: 0xe7d861f4
    1ecc:	e3500009 	cmp	r0, #9
    1ed0:	3a00007c 	bcc	0x20c8
    1ed4:	e1a06007 	mov	r6, r7
    1ed8:	e5951030 	ldr	r1, [r5, #48]	@ 0x30
    1edc:	e59fe254 	ldr	lr, [pc, #596]	@ 0x2138
    1ee0:	e7f6e0f8 	udf	#28168	@ 0x6e08
    1ee4:	2a00007e 	bcs	0x20e4
    1ee8:	e7d816f4 			@ <UNDEFINED> instruction: 0xe7d816f4
    1eec:	e1a06007 	mov	r6, r7
    1ef0:	e5951030 	ldr	r1, [r5, #48]	@ 0x30
    1ef4:	e59fe23c 	ldr	lr, [pc, #572]	@ 0x2138
    1ef8:	e7f6e0f4 	udf	#28164	@ 0x6e04
    1efc:	2a000078 	bcs	0x20e4
    1f00:	e7d816f4 			@ <UNDEFINED> instruction: 0xe7d816f4
    1f04:	e2431008 	sub	r1, r3, #8
    1f08:	e5956030 	ldr	r6, [r5, #48]	@ 0x30
    1f0c:	e59fc224 	ldr	ip, [pc, #548]	@ 0x2138
    1f10:	e151000c 	cmp	r1, ip
    1f14:	8a000072 	bhi	0x20e4
    1f18:	e7d861f4 			@ <UNDEFINED> instruction: 0xe7d861f4
    1f1c:	e243100c 	sub	r1, r3, #12
    1f20:	e5956030 	ldr	r6, [r5, #48]	@ 0x30
    1f24:	e59fc20c 	ldr	ip, [pc, #524]	@ 0x2138
    1f28:	e151000c 	cmp	r1, ip
    1f2c:	8a00006c 	bhi	0x20e4
    1f30:	e7d861f4 			@ <UNDEFINED> instruction: 0xe7d861f4
    1f34:	e3500019 	cmp	r0, #25
    1f38:	3a000062 	bcc	0x20c8
    1f3c:	e1a06007 	mov	r6, r7
    1f40:	e5951030 	ldr	r1, [r5, #48]	@ 0x30
    1f44:	e59fe1ec 	ldr	lr, [pc, #492]	@ 0x2138
    1f48:	e7f6e1f8 	udf	#28184	@ 0x6e18
    1f4c:	2a000064 	bcs	0x20e4
    1f50:	e7d816f4 			@ <UNDEFINED> instruction: 0xe7d816f4
    1f54:	e1a06007 	mov	r6, r7
    1f58:	e5951030 	ldr	r1, [r5, #48]	@ 0x30
    1f5c:	e59fe1d4 	ldr	lr, [pc, #468]	@ 0x2138
    1f60:	e7f6e1f4 	udf	#28180	@ 0x6e14
    1f64:	2a00005e 	bcs	0x20e4
    1f68:	e7d816f4 			@ <UNDEFINED> instruction: 0xe7d816f4
    1f6c:	e1a06007 	mov	r6, r7
    1f70:	e5951030 	ldr	r1, [r5, #48]	@ 0x30
    1f74:	e59fe1bc 	ldr	lr, [pc, #444]	@ 0x2138
    1f78:	e7f6e1f0 	udf	#28176	@ 0x6e10
    1f7c:	2a000058 	bcs	0x20e4
    1f80:	e7d816f4 			@ <UNDEFINED> instruction: 0xe7d816f4
    1f84:	e1a06007 	mov	r6, r7
    1f88:	e5951030 	ldr	r1, [r5, #48]	@ 0x30
    1f8c:	e59fe1a4 	ldr	lr, [pc, #420]	@ 0x2138
    1f90:	e7f6e0fc 	udf	#28172	@ 0x6e0c
    1f94:	2a000052 	bcs	0x20e4
    1f98:	e7d816f4 			@ <UNDEFINED> instruction: 0xe7d816f4
    1f9c:	e2431010 	sub	r1, r3, #16
    1fa0:	e5956030 	ldr	r6, [r5, #48]	@ 0x30
    1fa4:	e59fc18c 	ldr	ip, [pc, #396]	@ 0x2138
    1fa8:	e151000c 	cmp	r1, ip
    1fac:	8a00004c 	bhi	0x20e4
    1fb0:	e7d861f4 			@ <UNDEFINED> instruction: 0xe7d861f4
    1fb4:	e2431014 	sub	r1, r3, #20
    1fb8:	e5956030 	ldr	r6, [r5, #48]	@ 0x30
    1fbc:	e59fc174 	ldr	ip, [pc, #372]	@ 0x2138
    1fc0:	e151000c 	cmp	r1, ip
    1fc4:	8a000046 	bhi	0x20e4
    1fc8:	e7d861f4 			@ <UNDEFINED> instruction: 0xe7d861f4
    1fcc:	e2431018 	sub	r1, r3, #24
    1fd0:	e5956030 	ldr	r6, [r5, #48]	@ 0x30
    1fd4:	e59fc15c 	ldr	ip, [pc, #348]	@ 0x2138
    1fd8:	e151000c 	cmp	r1, ip
    1fdc:	8a000040 	bhi	0x20e4
    1fe0:	e7d861f4 			@ <UNDEFINED> instruction: 0xe7d861f4
    1fe4:	e243301c 	sub	r3, r3, #28
    1fe8:	e5951030 	ldr	r1, [r5, #48]	@ 0x30
    1fec:	e59fc144 	ldr	ip, [pc, #324]	@ 0x2138
    1ff0:	e153000c 	cmp	r3, ip
    1ff4:	8a00003a 	bhi	0x20e4
    1ff8:	e7d813f4 			@ <UNDEFINED> instruction: 0xe7d813f4
    1ffc:	e2071004 	and	r1, r7, #4
    2000:	e3811018 	orr	r1, r1, #24
    2004:	e1a03001 	mov	r3, r1
    2008:	e0400001 	sub	r0, r0, r1
    200c:	e1a06000 	mov	r6, r0
    2010:	e3500020 	cmp	r0, #32
    2014:	3a00002b 	bcc	0x20c8
    2018:	e1a00008 	mov	r0, r8
    201c:	e3a01000 	mov	r1, #0
    2020:	e1a08000 	mov	r8, r0
    2024:	e3a0c001 	mov	ip, #1
    2028:	e0080c98 	mul	r8, r8, ip
    202c:	e0811008 	add	r1, r1, r8
    2030:	e0877003 	add	r7, r7, r3
    2034:	e1a08007 	mov	r8, r7
    2038:	e5953030 	ldr	r3, [r5, #48]	@ 0x30
    203c:	e59fe118 	ldr	lr, [pc, #280]	@ 0x215c
    2040:	e7f8e1f8 	udf	#36376	@ 0x8e18
    2044:	2a000026 	bcs	0x20e4
    2048:	e083c008 	add	ip, r3, r8
    204c:	e58c0000 	str	r0, [ip]
    2050:	e58c1004 	str	r1, [ip, #4]
    2054:	e1a08007 	mov	r8, r7
    2058:	e5953030 	ldr	r3, [r5, #48]	@ 0x30
    205c:	e59fe0f8 	ldr	lr, [pc, #248]	@ 0x215c
    2060:	e7f8e1f0 	udf	#36368	@ 0x8e10
    2064:	2a00001e 	bcs	0x20e4
    2068:	e083c008 	add	ip, r3, r8
    206c:	e58c0000 	str	r0, [ip]
    2070:	e58c1004 	str	r1, [ip, #4]
    2074:	e1a08007 	mov	r8, r7
    2078:	e5953030 	ldr	r3, [r5, #48]	@ 0x30
    207c:	e59fe0d8 	ldr	lr, [pc, #216]	@ 0x215c
    2080:	e7f8e0f8 	udf	#36360	@ 0x8e08
    2084:	2a000016 	bcs	0x20e4
    2088:	e083c008 	add	ip, r3, r8
    208c:	e58c0000 	str	r0, [ip]
    2090:	e58c1004 	str	r1, [ip, #4]
    2094:	e1a08007 	mov	r8, r7
    2098:	e5953030 	ldr	r3, [r5, #48]	@ 0x30
    209c:	e59fc0b8 	ldr	ip, [pc, #184]	@ 0x215c
    20a0:	e158000c 	cmp	r8, ip
    20a4:	8a00000e 	bhi	0x20e4
    20a8:	e083c008 	add	ip, r3, r8
    20ac:	e58c0000 	str	r0, [ip]
    20b0:	e58c1004 	str	r1, [ip, #4]
    20b4:	e2877020 	add	r7, r7, #32
    20b8:	e2463020 	sub	r3, r6, #32
    20bc:	e1a06003 	mov	r6, r3
    20c0:	e353001f 	cmp	r3, #31
    20c4:	8affffda 	bhi	0x2034
    20c8:	e5842000 	str	r2, [r4]
    20cc:	e3a009ff 	mov	r0, #4177920	@ 0x3fc000
    20d0:	e3800ff2 	orr	r0, r0, #968	@ 0x3c8
    20d4:	e30ccabc 	movw	ip, #51900	@ 0xcabc
    20d8:	e34ccdef 	movt	ip, #52719	@ 0xcdef
    20dc:	e28dd004 	add	sp, sp, #4
    20e0:	e8bd83c0 	pop	{r6, r7, r8, r9, pc}
    20e4:	e3a00008 	mov	r0, #8
    20e8:	e59d1000 	ldr	r1, [sp]
    20ec:	e5810010 	str	r0, [r1, #16]
    20f0:	e59d0000 	ldr	r0, [sp]
    20f4:	e59d1014 	ldr	r1, [sp, #20]
    20f8:	e59fc098 	ldr	ip, [pc, #152]	@ 0x2198
    20fc:	e12fff3c 	blx	ip
    2100:	e28dd004 	add	sp, sp, #4
    2104:	e8bd03c0 	pop	{r6, r7, r8, r9}
    2108:	e28dd004 	add	sp, sp, #4
    210c:	e12fff10 	bx	r0
    2110:	e52de004 	push	{lr}		@ (str lr, [sp, #-4]!)
    2114:	e24dd004 	sub	sp, sp, #4
    2118:	e58d0000 	str	r0, [sp]
    211c:	e30cc123 	movw	ip, #49443	@ 0xc123
    2120:	e34cc456 	movt	ip, #50262	@ 0xc456
    2124:	e59f0070 	ldr	r0, [pc, #112]	@ 0x219c
    2128:	e30ccabc 	movw	ip, #51900	@ 0xcabc
    212c:	ea00001b 	b	0x21a0
	...
    2138:	0101fffc 	strdeq	pc, [r1, -ip]
    213c:	003fb004 	eorseq	fp, pc, r4
    2140:	0004890c 	andeq	r8, r4, ip, lsl #18
    2144:	003fb01c 	eorseq	fp, pc, ip, lsl r0	@ <UNPREDICTABLE>
    2148:	0004890c 	andeq	r8, r4, ip, lsl #18
    214c:	003fb1cc 	eorseq	fp, pc, ip, asr #3
    2150:	0004890c 	andeq	r8, r4, ip, lsl #18
    2154:	003fb1e4 	eorseq	fp, pc, r4, ror #3
    2158:	0004890c 	andeq	r8, r4, ip, lsl #18
    215c:	0101fff8 	strdeq	pc, [r1, -r8]
    2160:	003fb324 	eorseq	fp, pc, r4, lsr #6
    2164:	00048004 	andeq	r8, r4, r4
    2168:	003f79cc 	eorseq	r7, pc, ip, asr #19
    216c:	003f85b8 	ldrhteq	r8, [pc], -r8
    2170:	003f6df4 	ldrshteq	r6, [pc], -r4
    2174:	003fa438 	eorseq	sl, pc, r8, lsr r4	@ <UNPREDICTABLE>
    2178:	003f7a24 	eorseq	r7, pc, r4, lsr #20
    217c:	00049ae0 	andeq	r9, r4, r0, ror #21
    2180:	003f6fb4 	ldrhteq	r6, [pc], -r4
    2184:	00048004 	andeq	r8, r4, r4
    2188:	0004890c 	andeq	r8, r4, ip, lsl #18
    218c:	003fc7ec 	eorseq	ip, pc, ip, ror #15
    2190:	00048004 	andeq	r8, r4, r4
    2194:	01010101 	tsteq	r1, r1, lsl #2
    2198:	00048004 	andeq	r8, r4, r4
    219c:	003fa3a8 	eorseq	sl, pc, r8, lsr #7
    21a0:	e34ccdef 	movt	ip, #52719	@ 0xcdef
    21a4:	e28dd004 	add	sp, sp, #4
    21a8:	e49df004 	pop	{pc}		@ (ldr pc, [sp], #4)
    21ac:	e52de004 	push	{lr}		@ (str lr, [sp, #-4]!)
    21b0:	e24dd004 	sub	sp, sp, #4
    21b4:	e58d0000 	str	r0, [sp]
    21b8:	e30cc123 	movw	ip, #49443	@ 0xc123
    21bc:	e34cc456 	movt	ip, #50262	@ 0xc456
    21c0:	e3a0eb44 	mov	lr, #68, 22	@ 0x11000
    21c4:	e38ee07c 	orr	lr, lr, #124	@ 0x7c
    21c8:	e584e000 	str	lr, [r4]
    21cc:	e59f0fe4 	ldr	r0, [pc, #4068]	@ 0x31b8
    21d0:	e1a01004 	mov	r1, r4
    21d4:	e59d2000 	ldr	r2, [sp]
    21d8:	e59fcfdc 	ldr	ip, [pc, #4060]	@ 0x31bc
    21dc:	e12fff3c 	blx	ip
    21e0:	e3500000 	cmp	r0, #0
    21e4:	1a000007 	bne	0x2208
    21e8:	e3a0eb44 	mov	lr, #68, 22	@ 0x11000
    21ec:	e38ee080 	orr	lr, lr, #128	@ 0x80
    21f0:	e584e004 	str	lr, [r4, #4]
    21f4:	e59f0fc4 	ldr	r0, [pc, #4036]	@ 0x31c0
    21f8:	e30ccabc 	movw	ip, #51900	@ 0xcabc
    21fc:	e34ccdef 	movt	ip, #52719	@ 0xcdef
    2200:	e28dd004 	add	sp, sp, #4
    2204:	e49df004 	pop	{pc}		@ (ldr pc, [sp], #4)
    2208:	e59d0000 	ldr	r0, [sp]
    220c:	e59d1004 	ldr	r1, [sp, #4]
    2210:	e59fcfac 	ldr	ip, [pc, #4012]	@ 0x31c4
    2214:	e12fff3c 	blx	ip
    2218:	e28dd008 	add	sp, sp, #8
    221c:	e12fff10 	bx	r0
    2220:	e92d4040 	push	{r6, lr}
    2224:	e24dd008 	sub	sp, sp, #8
    2228:	e58d0000 	str	r0, [sp]
    222c:	e30cc123 	movw	ip, #49443	@ 0xc123
    2230:	e34cc456 	movt	ip, #50262	@ 0xc456
    2234:	e59f0f8c 	ldr	r0, [pc, #3980]	@ 0x31c8
    2238:	e1a01004 	mov	r1, r4
    223c:	e59d2000 	ldr	r2, [sp]
    2240:	e59fcf84 	ldr	ip, [pc, #3972]	@ 0x31cc
    2244:	e12fff3c 	blx	ip
    2248:	e3500000 	cmp	r0, #0
    224c:	1a000043 	bne	0x2360
    2250:	e5940008 	ldr	r0, [r4, #8]
    2254:	e1a02000 	mov	r2, r0
    2258:	e5951030 	ldr	r1, [r5, #48]	@ 0x30
    225c:	e59fcf6c 	ldr	ip, [pc, #3948]	@ 0x31d0
    2260:	e152000c 	cmp	r2, ip
    2264:	8a00003a 	bhi	0x2354
    2268:	e7e012f4 			@ <UNDEFINED> instruction: 0xe7e012f4
    226c:	e1a06000 	mov	r6, r0
    2270:	e3500000 	cmp	r0, #0
    2274:	0a000010 	beq	0x22bc
    2278:	e5846000 	str	r6, [r4]
    227c:	e59f0f50 	ldr	r0, [pc, #3920]	@ 0x31d4
    2280:	e1a01004 	mov	r1, r4
    2284:	e59d2000 	ldr	r2, [sp]
    2288:	e59fcf48 	ldr	ip, [pc, #3912]	@ 0x31d8
    228c:	e12fff3c 	blx	ip
    2290:	e3500000 	cmp	r0, #0
    2294:	1a000031 	bne	0x2360
    2298:	e1a02006 	mov	r2, r6
    229c:	e5951030 	ldr	r1, [r5, #48]	@ 0x30
    22a0:	e59fef28 	ldr	lr, [pc, #3880]	@ 0x31d0
    22a4:	e7f2e3f8 	udf	#11832	@ 0x2e38
    22a8:	2a000029 	bcs	0x2354
    22ac:	e7e012f4 			@ <UNDEFINED> instruction: 0xe7e012f4
    22b0:	e1a06000 	mov	r6, r0
    22b4:	e3500000 	cmp	r0, #0
    22b8:	1affffee 	bne	0x2278
    22bc:	e5951030 	ldr	r1, [r5, #48]	@ 0x30
    22c0:	e281cb48 	add	ip, r1, #72, 22	@ 0x12000
    22c4:	e51c0f7c 	ldr	r0, [ip, #-3964]	@ 0xfffff084
    22c8:	e5840008 	str	r0, [r4, #8]
    22cc:	e59f0f08 	ldr	r0, [pc, #3848]	@ 0x31dc
    22d0:	e1a01004 	mov	r1, r4
    22d4:	e59d2000 	ldr	r2, [sp]
    22d8:	e59fcf00 	ldr	ip, [pc, #3840]	@ 0x31e0
    22dc:	e12fff3c 	blx	ip
    22e0:	e3500000 	cmp	r0, #0
    22e4:	1a00001d 	bne	0x2360
    22e8:	e5951030 	ldr	r1, [r5, #48]	@ 0x30
    22ec:	e281cb40 	add	ip, r1, #64, 22	@ 0x10000
    22f0:	e59c0bb8 	ldr	r0, [ip, #3000]	@ 0xbb8
    22f4:	e5840008 	str	r0, [r4, #8]
    22f8:	e59f0ee4 	ldr	r0, [pc, #3812]	@ 0x31e4
    22fc:	e1a01004 	mov	r1, r4
    2300:	e59d2000 	ldr	r2, [sp]
    2304:	e59fcedc 	ldr	ip, [pc, #3804]	@ 0x31e8
    2308:	e12fff3c 	blx	ip
    230c:	e3500000 	cmp	r0, #0
    2310:	1a000012 	bne	0x2360
    2314:	e5951030 	ldr	r1, [r5, #48]	@ 0x30
    2318:	e281cb40 	add	ip, r1, #64, 22	@ 0x10000
    231c:	e59c0c50 	ldr	r0, [ip, #3152]	@ 0xc50
    2320:	e5840008 	str	r0, [r4, #8]
    2324:	e59f0ec0 	ldr	r0, [pc, #3776]	@ 0x31ec
    2328:	e1a01004 	mov	r1, r4
    232c:	e59d2000 	ldr	r2, [sp]
    2330:	e59fceb8 	ldr	ip, [pc, #3768]	@ 0x31f0
    2334:	e12fff3c 	blx	ip
    2338:	e3500000 	cmp	r0, #0
    233c:	1a000007 	bne	0x2360
    2340:	e59f0eac 	ldr	r0, [pc, #3756]	@ 0x31f4
    2344:	e30ccabc 	movw	ip, #51900	@ 0xcabc
    2348:	e34ccdef 	movt	ip, #52719	@ 0xcdef
    234c:	e28dd008 	add	sp, sp, #8
    2350:	e8bd8040 	pop	{r6, pc}
    2354:	e3a00008 	mov	r0, #8
    2358:	e59d1000 	ldr	r1, [sp]
    235c:	e5810010 	str	r0, [r1, #16]
    2360:	e59d0000 	ldr	r0, [sp]
    2364:	e59d100c 	ldr	r1, [sp, #12]
    2368:	e59fce88 	ldr	ip, [pc, #3720]	@ 0x31f8
    236c:	e12fff3c 	blx	ip
    2370:	e59d6008 	ldr	r6, [sp, #8]
    2374:	e28dd010 	add	sp, sp, #16
    2378:	e12fff10 	bx	r0
    237c:	e92d40c0 	push	{r6, r7, lr}
    2380:	e24dd004 	sub	sp, sp, #4
    2384:	e58d0000 	str	r0, [sp]
    2388:	e30cc123 	movw	ip, #49443	@ 0xc123
    238c:	e34cc456 	movt	ip, #50262	@ 0xc456
    2390:	e5946000 	ldr	r6, [r4]
    2394:	e3560000 	cmp	r6, #0
    2398:	0a000056 	beq	0x24f8
    239c:	e1a02006 	mov	r2, r6
    23a0:	e5951030 	ldr	r1, [r5, #48]	@ 0x30
    23a4:	e59fee24 	ldr	lr, [pc, #3620]	@ 0x31d0
    23a8:	e7f2e4fc 	udf	#11852	@ 0x2e4c
    23ac:	2a000056 	bcs	0x250c
    23b0:	e7e012f4 			@ <UNDEFINED> instruction: 0xe7e012f4
    23b4:	e3500000 	cmp	r0, #0
    23b8:	ba000007 	blt	0x23dc
    23bc:	e5846000 	str	r6, [r4]
    23c0:	e59f0e34 	ldr	r0, [pc, #3636]	@ 0x31fc
    23c4:	e1a01004 	mov	r1, r4
    23c8:	e59d2000 	ldr	r2, [sp]
    23cc:	e59fce2c 	ldr	ip, [pc, #3628]	@ 0x3200
    23d0:	e12fff3c 	blx	ip
    23d4:	e3500000 	cmp	r0, #0
    23d8:	1a00004e 	bne	0x2518
    23dc:	e1a02006 	mov	r2, r6
    23e0:	e5951030 	ldr	r1, [r5, #48]	@ 0x30
    23e4:	e59fede4 	ldr	lr, [pc, #3556]	@ 0x31d0
    23e8:	e7f2e1f4 	udf	#11796	@ 0x2e14
    23ec:	2a000046 	bcs	0x250c
    23f0:	e7e012f4 			@ <UNDEFINED> instruction: 0xe7e012f4
    23f4:	e1a03006 	mov	r3, r6
    23f8:	e5952030 	ldr	r2, [r5, #48]	@ 0x30
    23fc:	e59fedcc 	ldr	lr, [pc, #3532]	@ 0x31d0
    2400:	e7f3e1fc 	udf	#15900	@ 0x3e1c
    2404:	2a000040 	bcs	0x250c
    2408:	e7e123f4 			@ <UNDEFINED> instruction: 0xe7e123f4
    240c:	e1500001 	cmp	r0, r1
    2410:	0a000012 	beq	0x2460
    2414:	e1a02006 	mov	r2, r6
    2418:	e5951030 	ldr	r1, [r5, #48]	@ 0x30
    241c:	e59fedac 	ldr	lr, [pc, #3500]	@ 0x31d0
    2420:	e7f2e2f4 	udf	#11812	@ 0x2e24
    2424:	2a000038 	bcs	0x250c
    2428:	e7e012f4 			@ <UNDEFINED> instruction: 0xe7e012f4
    242c:	e5846000 	str	r6, [r4]
    2430:	e3a0e000 	mov	lr, #0
    2434:	e584e00c 	str	lr, [r4, #12]
    2438:	e3a0e000 	mov	lr, #0
    243c:	e584e00c 	str	lr, [r4, #12]
    2440:	e5840020 	str	r0, [r4, #32]
    2444:	e59f0db8 	ldr	r0, [pc, #3512]	@ 0x3204
    2448:	e1a01004 	mov	r1, r4
    244c:	e59d2000 	ldr	r2, [sp]
    2450:	e59fcdb0 	ldr	ip, [pc, #3504]	@ 0x3208
    2454:	e12fff3c 	blx	ip
    2458:	e3500000 	cmp	r0, #0
    245c:	1a00002d 	bne	0x2518
    2460:	e1a02006 	mov	r2, r6
    2464:	e5951030 	ldr	r1, [r5, #48]	@ 0x30
    2468:	e59fed60 	ldr	lr, [pc, #3424]	@ 0x31d0
    246c:	e7f2e0f4 	udf	#11780	@ 0x2e04
    2470:	2a000025 	bcs	0x250c
    2474:	e7e012f4 			@ <UNDEFINED> instruction: 0xe7e012f4
    2478:	e1a01000 	mov	r1, r0
    247c:	e1a07006 	mov	r7, r6
    2480:	e5953030 	ldr	r3, [r5, #48]	@ 0x30
    2484:	e59fed44 	ldr	lr, [pc, #3396]	@ 0x31d0
    2488:	e7f7e0f8 	udf	#32264	@ 0x7e08
    248c:	2a00001e 	bcs	0x250c
    2490:	e7e237f4 			@ <UNDEFINED> instruction: 0xe7e237f4
    2494:	e1a03002 	mov	r3, r2
    2498:	e1500002 	cmp	r0, r2
    249c:	0a000015 	beq	0x24f8
    24a0:	e0411003 	sub	r1, r1, r3
    24a4:	e1a00001 	mov	r0, r1
    24a8:	e1a01fc0 	asr	r1, r0, #31
    24ac:	e1a07006 	mov	r7, r6
    24b0:	e5953030 	ldr	r3, [r5, #48]	@ 0x30
    24b4:	e59fed14 	ldr	lr, [pc, #3348]	@ 0x31d0
    24b8:	e7f7e2f8 	udf	#32296	@ 0x7e28
    24bc:	2a000012 	bcs	0x250c
    24c0:	e7e237f4 			@ <UNDEFINED> instruction: 0xe7e237f4
    24c4:	e5846000 	str	r6, [r4]
    24c8:	e5840018 	str	r0, [r4, #24]
    24cc:	e584101c 	str	r1, [r4, #28]
    24d0:	e3a0e001 	mov	lr, #1
    24d4:	e584e010 	str	lr, [r4, #16]
    24d8:	e5842024 	str	r2, [r4, #36]	@ 0x24
    24dc:	e59f0d28 	ldr	r0, [pc, #3368]	@ 0x320c
    24e0:	e1a01004 	mov	r1, r4
    24e4:	e59d2000 	ldr	r2, [sp]
    24e8:	e59fcd20 	ldr	ip, [pc, #3360]	@ 0x3210
    24ec:	e12fff3c 	blx	ip
    24f0:	e3500000 	cmp	r0, #0
    24f4:	1a000007 	bne	0x2518
    24f8:	e59f0d14 	ldr	r0, [pc, #3348]	@ 0x3214
    24fc:	e30ccabc 	movw	ip, #51900	@ 0xcabc
    2500:	e34ccdef 	movt	ip, #52719	@ 0xcdef
    2504:	e28dd004 	add	sp, sp, #4
    2508:	e8bd80c0 	pop	{r6, r7, pc}
    250c:	e3a00008 	mov	r0, #8
    2510:	e59d1000 	ldr	r1, [sp]
    2514:	e5810010 	str	r0, [r1, #16]
    2518:	e59d0000 	ldr	r0, [sp]
    251c:	e59d100c 	ldr	r1, [sp, #12]
    2520:	e59fccf0 	ldr	ip, [pc, #3312]	@ 0x3218
    2524:	e12fff3c 	blx	ip
    2528:	e28dd004 	add	sp, sp, #4
    252c:	e8bd00c0 	pop	{r6, r7}
    2530:	e28dd004 	add	sp, sp, #4
    2534:	e12fff10 	bx	r0
    2538:	e92d4040 	push	{r6, lr}
    253c:	e24dd008 	sub	sp, sp, #8
    2540:	e58d0000 	str	r0, [sp]
    2544:	e30cc123 	movw	ip, #49443	@ 0xc123
    2548:	e34cc456 	movt	ip, #50262	@ 0xc456
    254c:	e5940000 	ldr	r0, [r4]
    2550:	e1a03000 	mov	r3, r0
    2554:	e5952030 	ldr	r2, [r5, #48]	@ 0x30
    2558:	e59fec70 	ldr	lr, [pc, #3184]	@ 0x31d0
    255c:	e7f3e4f8 	udf	#15944	@ 0x3e48
    2560:	2a00004d 	bcs	0x269c
    2564:	e7e123f4 			@ <UNDEFINED> instruction: 0xe7e123f4
    2568:	e1a02001 	mov	r2, r1
    256c:	e2411001 	sub	r1, r1, #1
    2570:	e1811002 	orr	r1, r1, r2
    2574:	e1a03000 	mov	r3, r0
    2578:	e5952030 	ldr	r2, [r5, #48]	@ 0x30
    257c:	e59fec4c 	ldr	lr, [pc, #3148]	@ 0x31d0
    2580:	e7f3e4f8 	udf	#15944	@ 0x3e48
    2584:	2a000044 	bcs	0x269c
    2588:	e7d123f4 			@ <UNDEFINED> instruction: 0xe7d123f4
    258c:	e1a03000 	mov	r3, r0
    2590:	e5952030 	ldr	r2, [r5, #48]	@ 0x30
    2594:	e59fcc34 	ldr	ip, [pc, #3124]	@ 0x31d0
    2598:	e153000c 	cmp	r3, ip
    259c:	8a00003e 	bhi	0x269c
    25a0:	e7e123f4 			@ <UNDEFINED> instruction: 0xe7e123f4
    25a4:	e1a02001 	mov	r2, r1
    25a8:	e3110008 	tst	r1, #8
    25ac:	0a00000a 	beq	0x25dc
    25b0:	e3822020 	orr	r2, r2, #32
    25b4:	e1a03000 	mov	r3, r0
    25b8:	e5951030 	ldr	r1, [r5, #48]	@ 0x30
    25bc:	e59fcc0c 	ldr	ip, [pc, #3084]	@ 0x31d0
    25c0:	e153000c 	cmp	r3, ip
    25c4:	8a000034 	bhi	0x269c
    25c8:	e7d213f4 			@ <UNDEFINED> instruction: 0xe7d213f4
    25cc:	e3e0e000 	mvn	lr, #0
    25d0:	e584e008 	str	lr, [r4, #8]
    25d4:	e59f0c40 	ldr	r0, [pc, #3136]	@ 0x321c
    25d8:	ea00002d 	b	0x2694
    25dc:	e1a02000 	mov	r2, r0
    25e0:	e5951030 	ldr	r1, [r5, #48]	@ 0x30
    25e4:	e59fec34 	ldr	lr, [pc, #3124]	@ 0x3220
    25e8:	e7f2e0f4 	udf	#11780	@ 0x2e04
    25ec:	2a00002a 	bcs	0x269c
    25f0:	e0811002 	add	r1, r1, r2
    25f4:	e3a02000 	mov	r2, #0
    25f8:	e3a03000 	mov	r3, #0
    25fc:	e5813000 	str	r3, [r1]
    2600:	e5812004 	str	r2, [r1, #4]
    2604:	e1a03000 	mov	r3, r0
    2608:	e5952030 	ldr	r2, [r5, #48]	@ 0x30
    260c:	e59febbc 	ldr	lr, [pc, #3004]	@ 0x31d0
    2610:	e7f3e2fc 	udf	#15916	@ 0x3e2c
    2614:	2a000020 	bcs	0x269c
    2618:	e7e123f4 			@ <UNDEFINED> instruction: 0xe7e123f4
    261c:	e1a02001 	mov	r2, r1
    2620:	e1a06000 	mov	r6, r0
    2624:	e5953030 	ldr	r3, [r5, #48]	@ 0x30
    2628:	e59feba0 	ldr	lr, [pc, #2976]	@ 0x31d0
    262c:	e7f6e1fc 	udf	#28188	@ 0x6e1c
    2630:	2a000019 	bcs	0x269c
    2634:	e7d136f4 			@ <UNDEFINED> instruction: 0xe7d136f4
    2638:	e1a03000 	mov	r3, r0
    263c:	e5951030 	ldr	r1, [r5, #48]	@ 0x30
    2640:	e59feb88 	ldr	lr, [pc, #2952]	@ 0x31d0
    2644:	e7f3e1f4 	udf	#15892	@ 0x3e14
    2648:	2a000013 	bcs	0x269c
    264c:	e7d213f4 			@ <UNDEFINED> instruction: 0xe7d213f4
    2650:	e1a06000 	mov	r6, r0
    2654:	e5953030 	ldr	r3, [r5, #48]	@ 0x30
    2658:	e59feb70 	ldr	lr, [pc, #2928]	@ 0x31d0
    265c:	e7f6e3f0 	udf	#28208	@ 0x6e30
    2660:	2a00000d 	bcs	0x269c
    2664:	e7e136f4 			@ <UNDEFINED> instruction: 0xe7e136f4
    2668:	e0822001 	add	r2, r2, r1
    266c:	e5951030 	ldr	r1, [r5, #48]	@ 0x30
    2670:	e59feb58 	ldr	lr, [pc, #2904]	@ 0x31d0
    2674:	e7f0e1f0 	udf	#3600	@ 0xe10
    2678:	2a000007 	bcs	0x269c
    267c:	e7d210f4 			@ <UNDEFINED> instruction: 0xe7d210f4
    2680:	e3a0e000 	mov	lr, #0
    2684:	e584e01c 	str	lr, [r4, #28]
    2688:	e59f0b94 	ldr	r0, [pc, #2964]	@ 0x3224
    268c:	e30ccabc 	movw	ip, #51900	@ 0xcabc
    2690:	e34ccdef 	movt	ip, #52719	@ 0xcdef
    2694:	e28dd008 	add	sp, sp, #8
    2698:	e8bd8040 	pop	{r6, pc}
    269c:	e3a00008 	mov	r0, #8
    26a0:	e59d1000 	ldr	r1, [sp]
    26a4:	e5810010 	str	r0, [r1, #16]
    26a8:	e59d0000 	ldr	r0, [sp]
    26ac:	e59d100c 	ldr	r1, [sp, #12]
    26b0:	e59fcb70 	ldr	ip, [pc, #2928]	@ 0x3228
    26b4:	e12fff3c 	blx	ip
    26b8:	e59d6008 	ldr	r6, [sp, #8]
    26bc:	e28dd010 	add	sp, sp, #16
    26c0:	e12fff10 	bx	r0
    26c4:	e92d43c0 	push	{r6, r7, r8, r9, lr}
    26c8:	e24dd004 	sub	sp, sp, #4
    26cc:	e58d0000 	str	r0, [sp]
    26d0:	e30cc123 	movw	ip, #49443	@ 0xc123
    26d4:	e34cc456 	movt	ip, #50262	@ 0xc456
    26d8:	e5940000 	ldr	r0, [r4]
    26dc:	e5941004 	ldr	r1, [r4, #4]
    26e0:	e5942008 	ldr	r2, [r4, #8]
    26e4:	e3520000 	cmp	r2, #0
    26e8:	e3a03000 	mov	r3, #0
    26ec:	13a03001 	movne	r3, #1
    26f0:	e3100003 	tst	r0, #3
    26f4:	0a000016 	beq	0x2754
    26f8:	e3520000 	cmp	r2, #0
    26fc:	0a000014 	beq	0x2754
    2700:	e20160ff 	and	r6, r1, #255	@ 0xff
    2704:	e1a09000 	mov	r9, r0
    2708:	e5958030 	ldr	r8, [r5, #48]	@ 0x30
    270c:	e3e0c4fe 	mvn	ip, #-33554432	@ 0xfe000000
    2710:	e3ccc8fe 	bic	ip, ip, #16646144	@ 0xfe0000
    2714:	e159000c 	cmp	r9, ip
    2718:	8a00004e 	bhi	0x2858
    271c:	e7e789f0 			@ <UNDEFINED> instruction: 0xe7e789f0
    2720:	e1570006 	cmp	r7, r6
    2724:	0a000032 	beq	0x27f4
    2728:	e2427001 	sub	r7, r2, #1
    272c:	e1a02007 	mov	r2, r7
    2730:	e3570000 	cmp	r7, #0
    2734:	e3a03000 	mov	r3, #0
    2738:	13a03001 	movne	r3, #1
    273c:	e2807001 	add	r7, r0, #1
    2740:	e1a00007 	mov	r0, r7
    2744:	e3170003 	tst	r7, #3
    2748:	0a000001 	beq	0x2754
    274c:	e3520000 	cmp	r2, #0
    2750:	1affffeb 	bne	0x2704
    2754:	e3530000 	cmp	r3, #0
    2758:	0a000037 	beq	0x283c
    275c:	e1a07000 	mov	r7, r0
    2760:	e5956030 	ldr	r6, [r5, #48]	@ 0x30
    2764:	e3e0c4fe 	mvn	ip, #-33554432	@ 0xfe000000
    2768:	e3ccc8fe 	bic	ip, ip, #16646144	@ 0xfe0000
    276c:	e157000c 	cmp	r7, ip
    2770:	8a000038 	bhi	0x2858
    2774:	e7e367f0 			@ <UNDEFINED> instruction: 0xe7e367f0
    2778:	e20160ff 	and	r6, r1, #255	@ 0xff
    277c:	e1530006 	cmp	r3, r6
    2780:	0a000019 	beq	0x27ec
    2784:	e3520004 	cmp	r2, #4
    2788:	3a000017 	bcc	0x27ec
    278c:	e20130ff 	and	r3, r1, #255	@ 0xff
    2790:	e59fca94 	ldr	ip, [pc, #2708]	@ 0x322c
    2794:	e0030c93 	mul	r3, r3, ip
    2798:	e1a08000 	mov	r8, r0
    279c:	e5957030 	ldr	r7, [r5, #48]	@ 0x30
    27a0:	e59fca28 	ldr	ip, [pc, #2600]	@ 0x31d0
    27a4:	e158000c 	cmp	r8, ip
    27a8:	8a00002a 	bhi	0x2858
    27ac:	e7e678f4 			@ <UNDEFINED> instruction: 0xe7e678f4
    27b0:	e0266003 	eor	r6, r6, r3
    27b4:	e1a07006 	mov	r7, r6
    27b8:	e59fca70 	ldr	ip, [pc, #2672]	@ 0x3230
    27bc:	e04c6006 	sub	r6, ip, r6
    27c0:	e1866007 	orr	r6, r6, r7
    27c4:	e59fca68 	ldr	ip, [pc, #2664]	@ 0x3234
    27c8:	e006600c 	and	r6, r6, ip
    27cc:	e59fca60 	ldr	ip, [pc, #2656]	@ 0x3234
    27d0:	e156000c 	cmp	r6, ip
    27d4:	1a000006 	bne	0x27f4
    27d8:	e2800004 	add	r0, r0, #4
    27dc:	e2426004 	sub	r6, r2, #4
    27e0:	e1a02006 	mov	r2, r6
    27e4:	e3560003 	cmp	r6, #3
    27e8:	8affffea 	bhi	0x2798
    27ec:	e3520000 	cmp	r2, #0
    27f0:	0a000011 	beq	0x283c
    27f4:	e20110ff 	and	r1, r1, #255	@ 0xff
    27f8:	e1a07000 	mov	r7, r0
    27fc:	e5956030 	ldr	r6, [r5, #48]	@ 0x30
    2800:	e3e0c4fe 	mvn	ip, #-33554432	@ 0xfe000000
    2804:	e3ccc8fe 	bic	ip, ip, #16646144	@ 0xfe0000
    2808:	e157000c 	cmp	r7, ip
    280c:	8a000011 	bhi	0x2858
    2810:	e7e367f0 			@ <UNDEFINED> instruction: 0xe7e367f0
    2814:	e1530001 	cmp	r3, r1
    2818:	1a000002 	bne	0x2828
    281c:	e5840000 	str	r0, [r4]
    2820:	e59f0a10 	ldr	r0, [pc, #2576]	@ 0x3238
    2824:	ea000009 	b	0x2850
    2828:	e2800001 	add	r0, r0, #1
    282c:	e2423001 	sub	r3, r2, #1
    2830:	e1a02003 	mov	r2, r3
    2834:	e3530000 	cmp	r3, #0
    2838:	1affffee 	bne	0x27f8
    283c:	e3a0e000 	mov	lr, #0
    2840:	e584e018 	str	lr, [r4, #24]
    2844:	e59f09f0 	ldr	r0, [pc, #2544]	@ 0x323c
    2848:	e30ccabc 	movw	ip, #51900	@ 0xcabc
    284c:	e34ccdef 	movt	ip, #52719	@ 0xcdef
    2850:	e28dd004 	add	sp, sp, #4
    2854:	e8bd83c0 	pop	{r6, r7, r8, r9, pc}
    2858:	e3a00008 	mov	r0, #8
    285c:	e59d1000 	ldr	r1, [sp]
    2860:	e5810010 	str	r0, [r1, #16]
    2864:	e59d0000 	ldr	r0, [sp]
    2868:	e59d1014 	ldr	r1, [sp, #20]
    286c:	e59fc9cc 	ldr	ip, [pc, #2508]	@ 0x3240
    2870:	e12fff3c 	blx	ip
    2874:	e28dd004 	add	sp, sp, #4
    2878:	e8bd03c0 	pop	{r6, r7, r8, r9}
    287c:	e28dd004 	add	sp, sp, #4
    2880:	e12fff10 	bx	r0
    2884:	e92d40c0 	push	{r6, r7, lr}
    2888:	e24dd004 	sub	sp, sp, #4
    288c:	e58d0000 	str	r0, [sp]
    2890:	e30cc123 	movw	ip, #49443	@ 0xc123
    2894:	e34cc456 	movt	ip, #50262	@ 0xc456
    2898:	e5946000 	ldr	r6, [r4]
    289c:	e5947004 	ldr	r7, [r4, #4]
    28a0:	e5846000 	str	r6, [r4]
    28a4:	e3a0e000 	mov	lr, #0
    28a8:	e584e00c 	str	lr, [r4, #12]
    28ac:	e5847004 	str	r7, [r4, #4]
    28b0:	e59f098c 	ldr	r0, [pc, #2444]	@ 0x3244
    28b4:	e1a01004 	mov	r1, r4
    28b8:	e59d2000 	ldr	r2, [sp]
    28bc:	e59fc984 	ldr	ip, [pc, #2436]	@ 0x3248
    28c0:	e12fff3c 	blx	ip
    28c4:	e3500000 	cmp	r0, #0
    28c8:	1a00000a 	bne	0x28f8
    28cc:	e5940010 	ldr	r0, [r4, #16]
    28d0:	e1a01000 	mov	r1, r0
    28d4:	e0400006 	sub	r0, r0, r6
    28d8:	e3510000 	cmp	r1, #0
    28dc:	01a00007 	moveq	r0, r7
    28e0:	e5840010 	str	r0, [r4, #16]
    28e4:	e59f0960 	ldr	r0, [pc, #2400]	@ 0x324c
    28e8:	e30ccabc 	movw	ip, #51900	@ 0xcabc
    28ec:	e34ccdef 	movt	ip, #52719	@ 0xcdef
    28f0:	e28dd004 	add	sp, sp, #4
    28f4:	e8bd80c0 	pop	{r6, r7, pc}
    28f8:	e59d0000 	ldr	r0, [sp]
    28fc:	e59d100c 	ldr	r1, [sp, #12]
    2900:	e59fc948 	ldr	ip, [pc, #2376]	@ 0x3250
    2904:	e12fff3c 	blx	ip
    2908:	e28dd004 	add	sp, sp, #4
    290c:	e8bd00c0 	pop	{r6, r7}
    2910:	e28dd004 	add	sp, sp, #4
    2914:	e12fff10 	bx	r0
    2918:	e92d43c0 	push	{r6, r7, r8, r9, lr}
    291c:	e24dd004 	sub	sp, sp, #4
    2920:	e58d0000 	str	r0, [sp]
    2924:	e30cc123 	movw	ip, #49443	@ 0xc123
    2928:	e34cc456 	movt	ip, #50262	@ 0xc456
    292c:	ed940b00 	vldr	d0, [r4]
    2930:	e5946008 	ldr	r6, [r4, #8]
    2934:	ec510a10 	vmov	r0, r1, s0, s1
    2938:	e1a02000 	mov	r2, r0
    293c:	e1a03001 	mov	r3, r1
    2940:	e1a00a21 	lsr	r0, r1, #20
    2944:	e3a01000 	mov	r1, #0
    2948:	e3a0cc07 	mov	ip, #1792	@ 0x700
    294c:	e38cc0ff 	orr	ip, ip, #255	@ 0xff
    2950:	e000000c 	and	r0, r0, ip
    2954:	e1a01000 	mov	r1, r0
    2958:	e3a0cc07 	mov	ip, #1792	@ 0x700
    295c:	e38cc0ff 	orr	ip, ip, #255	@ 0xff
    2960:	e150000c 	cmp	r0, ip
    2964:	0a000037 	beq	0x2a48
    2968:	e3510000 	cmp	r1, #0
    296c:	1a000026 	bne	0x2a0c
    2970:	e3a0c000 	mov	ip, #0
    2974:	ec4cca11 	vmov	s2, s3, ip, ip
    2978:	eeb40b41 	vcmp.f64	d0, d1
    297c:	eef1fa10 	vmrs	APSR_nzcv, fpscr
    2980:	1a000001 	bne	0x298c
    2984:	e3a00000 	mov	r0, #0
    2988:	ea000016 	b	0x29e8
    298c:	e3a0c000 	mov	ip, #0
    2990:	e3a0e204 	mov	lr, #4, 4	@ 0x40000000
    2994:	e38ee63f 	orr	lr, lr, #66060288	@ 0x3f00000
    2998:	ec4eca11 	vmov	s2, s3, ip, lr
    299c:	ee202b01 	vmul.f64	d2, d0, d1
    29a0:	ed842b0f 	vstr	d2, [r4, #60]	@ 0x3c
    29a4:	e5846008 	str	r6, [r4, #8]
    29a8:	e59f08a4 	ldr	r0, [pc, #2212]	@ 0x3254
    29ac:	e1a01004 	mov	r1, r4
    29b0:	e59d2000 	ldr	r2, [sp]
    29b4:	e59fc89c 	ldr	ip, [pc, #2204]	@ 0x3258
    29b8:	e12fff3c 	blx	ip
    29bc:	e3500000 	cmp	r0, #0
    29c0:	1a000029 	bne	0x2a6c
    29c4:	ed941b0f 	vldr	d1, [r4, #60]	@ 0x3c
    29c8:	eeb00b41 	vmov.f64	d0, d1
    29cc:	e1a09006 	mov	r9, r6
    29d0:	e5958030 	ldr	r8, [r5, #48]	@ 0x30
    29d4:	e59fc7f4 	ldr	ip, [pc, #2036]	@ 0x31d0
    29d8:	e159000c 	cmp	r9, ip
    29dc:	8a00001f 	bhi	0x2a60
    29e0:	e7e789f4 			@ <UNDEFINED> instruction: 0xe7e789f4
    29e4:	e2470040 	sub	r0, r7, #64	@ 0x40
    29e8:	e1a08006 	mov	r8, r6
    29ec:	e5957030 	ldr	r7, [r5, #48]	@ 0x30
    29f0:	e59fc7d8 	ldr	ip, [pc, #2008]	@ 0x31d0
    29f4:	e158000c 	cmp	r8, ip
    29f8:	8a000018 	bhi	0x2a60
    29fc:	e7d078f4 			@ <UNDEFINED> instruction: 0xe7d078f4
    2a00:	ed840b00 	vstr	d0, [r4]
    2a04:	e59f0850 	ldr	r0, [pc, #2128]	@ 0x325c
    2a08:	ea000012 	b	0x2a58
    2a0c:	e2411c03 	sub	r1, r1, #768	@ 0x300
    2a10:	e24110fe 	sub	r1, r1, #254	@ 0xfe
    2a14:	e5950030 	ldr	r0, [r5, #48]	@ 0x30
    2a18:	e59fc7b0 	ldr	ip, [pc, #1968]	@ 0x31d0
    2a1c:	e156000c 	cmp	r6, ip
    2a20:	8a00000e 	bhi	0x2a60
    2a24:	e7d106f4 			@ <UNDEFINED> instruction: 0xe7d106f4
    2a28:	e3c22000 	bic	r2, r2, #0
    2a2c:	e3e0c207 	mvn	ip, #1879048192	@ 0x70000000
    2a30:	e3ccc6ff 	bic	ip, ip, #267386880	@ 0xff00000
    2a34:	e003300c 	and	r3, r3, ip
    2a38:	e3822000 	orr	r2, r2, #0
    2a3c:	e3833203 	orr	r3, r3, #805306368	@ 0x30000000
    2a40:	e38336fe 	orr	r3, r3, #266338304	@ 0xfe00000
    2a44:	ec432a10 	vmov	s0, s1, r2, r3
    2a48:	ed840b00 	vstr	d0, [r4]
    2a4c:	e59f080c 	ldr	r0, [pc, #2060]	@ 0x3260
    2a50:	e30ccabc 	movw	ip, #51900	@ 0xcabc
    2a54:	e34ccdef 	movt	ip, #52719	@ 0xcdef
    2a58:	e28dd004 	add	sp, sp, #4
    2a5c:	e8bd83c0 	pop	{r6, r7, r8, r9, pc}
    2a60:	e3a00008 	mov	r0, #8
    2a64:	e59d1000 	ldr	r1, [sp]
    2a68:	e5810010 	str	r0, [r1, #16]
    2a6c:	e59d0000 	ldr	r0, [sp]
    2a70:	e59d1014 	ldr	r1, [sp, #20]
    2a74:	e59fc7e8 	ldr	ip, [pc, #2024]	@ 0x3264
    2a78:	e12fff3c 	blx	ip
    2a7c:	e28dd004 	add	sp, sp, #4
    2a80:	e8bd03c0 	pop	{r6, r7, r8, r9}
    2a84:	e28dd004 	add	sp, sp, #4
    2a88:	e12fff10 	bx	r0
    2a8c:	e92d4fc0 	push	{r6, r7, r8, r9, sl, fp, lr}
    2a90:	e24dd004 	sub	sp, sp, #4
    2a94:	e58d0000 	str	r0, [sp]
    2a98:	e30cc123 	movw	ip, #49443	@ 0xc123
    2a9c:	e34cc456 	movt	ip, #50262	@ 0xc456
    2aa0:	e5946000 	ldr	r6, [r4]
    2aa4:	e5947004 	ldr	r7, [r4, #4]
    2aa8:	e5948008 	ldr	r8, [r4, #8]
    2aac:	e1a02008 	mov	r2, r8
    2ab0:	e5951030 	ldr	r1, [r5, #48]	@ 0x30
    2ab4:	e59fe714 	ldr	lr, [pc, #1812]	@ 0x31d0
    2ab8:	e7f2e1f0 	udf	#11792	@ 0x2e10
    2abc:	2a00008d 	bcs	0x2cf8
    2ac0:	e7e012f4 			@ <UNDEFINED> instruction: 0xe7e012f4
    2ac4:	e1a01000 	mov	r1, r0
    2ac8:	e3500000 	cmp	r0, #0
    2acc:	1a000011 	bne	0x2b18
    2ad0:	e3a09000 	mov	r9, #0
    2ad4:	e5848008 	str	r8, [r4, #8]
    2ad8:	e59f0788 	ldr	r0, [pc, #1928]	@ 0x3268
    2adc:	e1a01004 	mov	r1, r4
    2ae0:	e59d2000 	ldr	r2, [sp]
    2ae4:	e59fc780 	ldr	ip, [pc, #1920]	@ 0x326c
    2ae8:	e12fff3c 	blx	ip
    2aec:	e3500000 	cmp	r0, #0
    2af0:	1a000083 	bne	0x2d04
    2af4:	e5940024 	ldr	r0, [r4, #36]	@ 0x24
    2af8:	e3500000 	cmp	r0, #0
    2afc:	1a000077 	bne	0x2ce0
    2b00:	e1a02008 	mov	r2, r8
    2b04:	e5950030 	ldr	r0, [r5, #48]	@ 0x30
    2b08:	e59fe6c0 	ldr	lr, [pc, #1728]	@ 0x31d0
    2b0c:	e7f2e1f0 	udf	#11792	@ 0x2e10
    2b10:	2a000078 	bcs	0x2cf8
    2b14:	e7e102f4 			@ <UNDEFINED> instruction: 0xe7e102f4
    2b18:	e1a03008 	mov	r3, r8
    2b1c:	e5952030 	ldr	r2, [r5, #48]	@ 0x30
    2b20:	e59fe6a8 	ldr	lr, [pc, #1704]	@ 0x31d0
    2b24:	e7f3e1f4 	udf	#15892	@ 0x3e14
    2b28:	2a000072 	bcs	0x2cf8
    2b2c:	e7e023f4 			@ <UNDEFINED> instruction: 0xe7e023f4
    2b30:	e1a02000 	mov	r2, r0
    2b34:	e0411000 	sub	r1, r1, r0
    2b38:	e1570001 	cmp	r7, r1
    2b3c:	9a000014 	bls	0x2b94
    2b40:	e1a03008 	mov	r3, r8
    2b44:	e5951030 	ldr	r1, [r5, #48]	@ 0x30
    2b48:	e59fe680 	ldr	lr, [pc, #1664]	@ 0x31d0
    2b4c:	e7f3e2f4 	udf	#15908	@ 0x3e24
    2b50:	2a000068 	bcs	0x2cf8
    2b54:	e7e013f4 			@ <UNDEFINED> instruction: 0xe7e013f4
    2b58:	e5848008 	str	r8, [r4, #8]
    2b5c:	e5846000 	str	r6, [r4]
    2b60:	e5847004 	str	r7, [r4, #4]
    2b64:	e5840030 	str	r0, [r4, #48]	@ 0x30
    2b68:	e59f0700 	ldr	r0, [pc, #1792]	@ 0x3270
    2b6c:	e1a01004 	mov	r1, r4
    2b70:	e59d2000 	ldr	r2, [sp]
    2b74:	e59fc6f8 	ldr	ip, [pc, #1784]	@ 0x3274
    2b78:	e12fff3c 	blx	ip
    2b7c:	e3500000 	cmp	r0, #0
    2b80:	1a00005f 	bne	0x2d04
    2b84:	e5940024 	ldr	r0, [r4, #36]	@ 0x24
    2b88:	e5840024 	str	r0, [r4, #36]	@ 0x24
    2b8c:	e59f06e4 	ldr	r0, [pc, #1764]	@ 0x3278
    2b90:	ea000056 	b	0x2cf0
    2b94:	e1a03008 	mov	r3, r8
    2b98:	e5951030 	ldr	r1, [r5, #48]	@ 0x30
    2b9c:	e59fe62c 	ldr	lr, [pc, #1580]	@ 0x31d0
    2ba0:	e7f3e5f0 	udf	#15952	@ 0x3e50
    2ba4:	2a000053 	bcs	0x2cf8
    2ba8:	e7e013f4 			@ <UNDEFINED> instruction: 0xe7e013f4
    2bac:	e3500000 	cmp	r0, #0
    2bb0:	ba000031 	blt	0x2c7c
    2bb4:	e3570000 	cmp	r7, #0
    2bb8:	0a00002f 	beq	0x2c7c
    2bbc:	e1a0a007 	mov	sl, r7
    2bc0:	e086000a 	add	r0, r6, sl
    2bc4:	e1a0b000 	mov	fp, r0
    2bc8:	e2400001 	sub	r0, r0, #1
    2bcc:	e1a03000 	mov	r3, r0
    2bd0:	e5951030 	ldr	r1, [r5, #48]	@ 0x30
    2bd4:	e3e0c4fe 	mvn	ip, #-33554432	@ 0xfe000000
    2bd8:	e3ccc8fe 	bic	ip, ip, #16646144	@ 0xfe0000
    2bdc:	e153000c 	cmp	r3, ip
    2be0:	8a000044 	bhi	0x2cf8
    2be4:	e7e013f0 			@ <UNDEFINED> instruction: 0xe7e013f0
    2be8:	e350000a 	cmp	r0, #10
    2bec:	0a000004 	beq	0x2c04
    2bf0:	e24a0001 	sub	r0, sl, #1
    2bf4:	e1a0a000 	mov	sl, r0
    2bf8:	e3500000 	cmp	r0, #0
    2bfc:	0a00001e 	beq	0x2c7c
    2c00:	eaffffee 	b	0x2bc0
    2c04:	e1a03008 	mov	r3, r8
    2c08:	e5951030 	ldr	r1, [r5, #48]	@ 0x30
    2c0c:	e59fe5bc 	ldr	lr, [pc, #1468]	@ 0x31d0
    2c10:	e7f3e2f4 	udf	#15908	@ 0x3e24
    2c14:	2a000037 	bcs	0x2cf8
    2c18:	e7e013f4 			@ <UNDEFINED> instruction: 0xe7e013f4
    2c1c:	e5848008 	str	r8, [r4, #8]
    2c20:	e5846000 	str	r6, [r4]
    2c24:	e584a00c 	str	sl, [r4, #12]
    2c28:	e5840030 	str	r0, [r4, #48]	@ 0x30
    2c2c:	e3a009ff 	mov	r0, #4177920	@ 0x3fc000
    2c30:	e3800d81 	orr	r0, r0, #8256	@ 0x2040
    2c34:	e1a01004 	mov	r1, r4
    2c38:	e59d2000 	ldr	r2, [sp]
    2c3c:	e59fc638 	ldr	ip, [pc, #1592]	@ 0x327c
    2c40:	e12fff3c 	blx	ip
    2c44:	e3500000 	cmp	r0, #0
    2c48:	1a00002d 	bne	0x2d04
    2c4c:	e5940024 	ldr	r0, [r4, #36]	@ 0x24
    2c50:	e1a09000 	mov	r9, r0
    2c54:	e150000a 	cmp	r0, sl
    2c58:	3a000020 	bcc	0x2ce0
    2c5c:	e047700a 	sub	r7, r7, sl
    2c60:	e1a01008 	mov	r1, r8
    2c64:	e5950030 	ldr	r0, [r5, #48]	@ 0x30
    2c68:	e59fe560 	ldr	lr, [pc, #1376]	@ 0x31d0
    2c6c:	e7f1e1f4 	udf	#7700	@ 0x1e14
    2c70:	2a000020 	bcs	0x2cf8
    2c74:	e7e201f4 			@ <UNDEFINED> instruction: 0xe7e201f4
    2c78:	ea000001 	b	0x2c84
    2c7c:	e1a0b006 	mov	fp, r6
    2c80:	e3a0a000 	mov	sl, #0
    2c84:	e5842010 	str	r2, [r4, #16]
    2c88:	e584b014 	str	fp, [r4, #20]
    2c8c:	e5847004 	str	r7, [r4, #4]
    2c90:	e59f05e8 	ldr	r0, [pc, #1512]	@ 0x3280
    2c94:	e1a01004 	mov	r1, r4
    2c98:	e59d2000 	ldr	r2, [sp]
    2c9c:	e59fc5e0 	ldr	ip, [pc, #1504]	@ 0x3284
    2ca0:	e12fff3c 	blx	ip
    2ca4:	e3500000 	cmp	r0, #0
    2ca8:	1a000015 	bne	0x2d04
    2cac:	e1a02008 	mov	r2, r8
    2cb0:	e5951030 	ldr	r1, [r5, #48]	@ 0x30
    2cb4:	e59fe514 	ldr	lr, [pc, #1300]	@ 0x31d0
    2cb8:	e7f2e1f4 	udf	#11796	@ 0x2e14
    2cbc:	2a00000d 	bcs	0x2cf8
    2cc0:	e7e012f4 			@ <UNDEFINED> instruction: 0xe7e012f4
    2cc4:	e0800007 	add	r0, r0, r7
    2cc8:	e5951030 	ldr	r1, [r5, #48]	@ 0x30
    2ccc:	e59fe4fc 	ldr	lr, [pc, #1276]	@ 0x31d0
    2cd0:	e7f8e1f4 	udf	#36372	@ 0x8e14
    2cd4:	2a000007 	bcs	0x2cf8
    2cd8:	e7d018f4 			@ <UNDEFINED> instruction: 0xe7d018f4
    2cdc:	e08a9007 	add	r9, sl, r7
    2ce0:	e5849010 	str	r9, [r4, #16]
    2ce4:	e59f059c 	ldr	r0, [pc, #1436]	@ 0x3288
    2ce8:	e30ccabc 	movw	ip, #51900	@ 0xcabc
    2cec:	e34ccdef 	movt	ip, #52719	@ 0xcdef
    2cf0:	e28dd004 	add	sp, sp, #4
    2cf4:	e8bd8fc0 	pop	{r6, r7, r8, r9, sl, fp, pc}
    2cf8:	e3a00008 	mov	r0, #8
    2cfc:	e59d1000 	ldr	r1, [sp]
    2d00:	e5810010 	str	r0, [r1, #16]
    2d04:	e59d0000 	ldr	r0, [sp]
    2d08:	e59d101c 	ldr	r1, [sp, #28]
    2d0c:	e59fc578 	ldr	ip, [pc, #1400]	@ 0x328c
    2d10:	e12fff3c 	blx	ip
    2d14:	e28dd004 	add	sp, sp, #4
    2d18:	e8bd0fc0 	pop	{r6, r7, r8, r9, sl, fp}
    2d1c:	e28dd004 	add	sp, sp, #4
    2d20:	e12fff10 	bx	r0
    2d24:	e92d4fc0 	push	{r6, r7, r8, r9, sl, fp, lr}
    2d28:	e24dd004 	sub	sp, sp, #4
    2d2c:	e58d0000 	str	r0, [sp]
    2d30:	e30cc123 	movw	ip, #49443	@ 0xc123
    2d34:	e34cc456 	movt	ip, #50262	@ 0xc456
    2d38:	e5947004 	ldr	r7, [r4, #4]
    2d3c:	e5940008 	ldr	r0, [r4, #8]
    2d40:	e594800c 	ldr	r8, [r4, #12]
    2d44:	e5949010 	ldr	r9, [r4, #16]
    2d48:	e595e03c 	ldr	lr, [r5, #60]	@ 0x3c
    2d4c:	e59e1008 	ldr	r1, [lr, #8]
    2d50:	e24110d0 	sub	r1, r1, #208	@ 0xd0
    2d54:	e5841014 	str	r1, [r4, #20]
    2d58:	e595203c 	ldr	r2, [r5, #60]	@ 0x3c
    2d5c:	e5821008 	str	r1, [r2, #8]
    2d60:	e5942014 	ldr	r2, [r4, #20]
    2d64:	e5951030 	ldr	r1, [r5, #48]	@ 0x30
    2d68:	e59fe460 	ldr	lr, [pc, #1120]	@ 0x31d0
    2d6c:	e7f2ecfc 	udf	#11980	@ 0x2ecc
    2d70:	2a00010d 	bcs	0x31ac
    2d74:	e7d012f4 			@ <UNDEFINED> instruction: 0xe7d012f4
    2d78:	e594c014 	ldr	ip, [r4, #20]
    2d7c:	e28c00a0 	add	r0, ip, #160	@ 0xa0
    2d80:	e3a01000 	mov	r1, #0
    2d84:	e3a02028 	mov	r2, #40	@ 0x28
    2d88:	e5953028 	ldr	r3, [r5, #40]	@ 0x28
    2d8c:	e59fc4fc 	ldr	ip, [pc, #1276]	@ 0x3290
    2d90:	e12fff3c 	blx	ip
    2d94:	e3500000 	cmp	r0, #0
    2d98:	1a000149 	bne	0x32c4
    2d9c:	e5942014 	ldr	r2, [r4, #20]
    2da0:	e5951030 	ldr	r1, [r5, #48]	@ 0x30
    2da4:	e59fe424 	ldr	lr, [pc, #1060]	@ 0x31d0
    2da8:	e7f2ecfc 	udf	#11980	@ 0x2ecc
    2dac:	2a0000fe 	bcs	0x31ac
    2db0:	e7e012f4 			@ <UNDEFINED> instruction: 0xe7e012f4
    2db4:	e5942014 	ldr	r2, [r4, #20]
    2db8:	e5951030 	ldr	r1, [r5, #48]	@ 0x30
    2dbc:	e59fe40c 	ldr	lr, [pc, #1036]	@ 0x31d0
    2dc0:	e7f2ecf8 	udf	#11976	@ 0x2ec8
    2dc4:	2a0000f8 	bcs	0x31ac
    2dc8:	e7d012f4 			@ <UNDEFINED> instruction: 0xe7d012f4
    2dcc:	e594c014 	ldr	ip, [r4, #20]
    2dd0:	e28c00c8 	add	r0, ip, #200	@ 0xc8
    2dd4:	e594c014 	ldr	ip, [r4, #20]
    2dd8:	e28c1050 	add	r1, ip, #80	@ 0x50
    2ddc:	e594c014 	ldr	ip, [r4, #20]
    2de0:	e28c20a0 	add	r2, ip, #160	@ 0xa0
    2de4:	e3a0e000 	mov	lr, #0
    2de8:	e584e024 	str	lr, [r4, #36]	@ 0x24
    2dec:	e5847004 	str	r7, [r4, #4]
    2df0:	e5840044 	str	r0, [r4, #68]	@ 0x44
    2df4:	e5841048 	str	r1, [r4, #72]	@ 0x48
    2df8:	e584204c 	str	r2, [r4, #76]	@ 0x4c
    2dfc:	e584800c 	str	r8, [r4, #12]
    2e00:	e5849010 	str	r9, [r4, #16]
    2e04:	e59f0488 	ldr	r0, [pc, #1160]	@ 0x3294
    2e08:	e1a01004 	mov	r1, r4
    2e0c:	e59d2000 	ldr	r2, [sp]
    2e10:	e59fc480 	ldr	ip, [pc, #1152]	@ 0x3298
    2e14:	e12fff3c 	blx	ip
    2e18:	e3500000 	cmp	r0, #0
    2e1c:	1a00012a 	bne	0x32cc
    2e20:	e594003c 	ldr	r0, [r4, #60]	@ 0x3c
    2e24:	e3500000 	cmp	r0, #0
    2e28:	aa000002 	bge	0x2e38
    2e2c:	e3e0e000 	mvn	lr, #0
    2e30:	e584e010 	str	lr, [r4, #16]
    2e34:	ea0000d3 	b	0x3188
    2e38:	e5942000 	ldr	r2, [r4]
    2e3c:	e5951030 	ldr	r1, [r5, #48]	@ 0x30
    2e40:	e59fe388 	ldr	lr, [pc, #904]	@ 0x31d0
    2e44:	e7f2e4fc 	udf	#11852	@ 0x2e4c
    2e48:	2a0000d7 	bcs	0x31ac
    2e4c:	e7e012f4 			@ <UNDEFINED> instruction: 0xe7e012f4
    2e50:	e3500000 	cmp	r0, #0
    2e54:	aa000002 	bge	0x2e64
    2e58:	e3a0e001 	mov	lr, #1
    2e5c:	e584e018 	str	lr, [r4, #24]
    2e60:	ea00000b 	b	0x2e94
    2e64:	e59f0430 	ldr	r0, [pc, #1072]	@ 0x329c
    2e68:	e1a01004 	mov	r1, r4
    2e6c:	e59d2000 	ldr	r2, [sp]
    2e70:	e59fc428 	ldr	ip, [pc, #1064]	@ 0x32a0
    2e74:	e12fff3c 	blx	ip
    2e78:	e3500000 	cmp	r0, #0
    2e7c:	1a000112 	bne	0x32cc
    2e80:	e594003c 	ldr	r0, [r4, #60]	@ 0x3c
    2e84:	e3500000 	cmp	r0, #0
    2e88:	e3a0c000 	mov	ip, #0
    2e8c:	03a0c001 	moveq	ip, #1
    2e90:	e584c018 	str	ip, [r4, #24]
    2e94:	e5942000 	ldr	r2, [r4]
    2e98:	e5951030 	ldr	r1, [r5, #48]	@ 0x30
    2e9c:	e59fc32c 	ldr	ip, [pc, #812]	@ 0x31d0
    2ea0:	e152000c 	cmp	r2, ip
    2ea4:	8a0000c0 	bhi	0x31ac
    2ea8:	e7e012f4 			@ <UNDEFINED> instruction: 0xe7e012f4
    2eac:	e1a0a000 	mov	sl, r0
    2eb0:	e3c00020 	bic	r0, r0, #32
    2eb4:	e5942000 	ldr	r2, [r4]
    2eb8:	e5951030 	ldr	r1, [r5, #48]	@ 0x30
    2ebc:	e59fc30c 	ldr	ip, [pc, #780]	@ 0x31d0
    2ec0:	e152000c 	cmp	r2, ip
    2ec4:	8a0000b8 	bhi	0x31ac
    2ec8:	e7d012f4 			@ <UNDEFINED> instruction: 0xe7d012f4
    2ecc:	e5942000 	ldr	r2, [r4]
    2ed0:	e5951030 	ldr	r1, [r5, #48]	@ 0x30
    2ed4:	e59fe2f4 	ldr	lr, [pc, #756]	@ 0x31d0
    2ed8:	e7f2e3f0 	udf	#11824	@ 0x2e30
    2edc:	2a0000b2 	bcs	0x31ac
    2ee0:	e7e012f4 			@ <UNDEFINED> instruction: 0xe7e012f4
    2ee4:	e3500000 	cmp	r0, #0
    2ee8:	1a000025 	bne	0x2f84
    2eec:	e5941000 	ldr	r1, [r4]
    2ef0:	e5950030 	ldr	r0, [r5, #48]	@ 0x30
    2ef4:	e59fe2d4 	ldr	lr, [pc, #724]	@ 0x31d0
    2ef8:	e7f1e3f0 	udf	#7728	@ 0x1e30
    2efc:	2a0000aa 	bcs	0x31ac
    2f00:	e3a02050 	mov	r2, #80	@ 0x50
    2f04:	e7d201f4 			@ <UNDEFINED> instruction: 0xe7d201f4
    2f08:	e5941000 	ldr	r1, [r4]
    2f0c:	e5950030 	ldr	r0, [r5, #48]	@ 0x30
    2f10:	e59fe2b8 	ldr	lr, [pc, #696]	@ 0x31d0
    2f14:	e7f1e1fc 	udf	#7708	@ 0x1e1c
    2f18:	2a0000a3 	bcs	0x31ac
    2f1c:	e3a02000 	mov	r2, #0
    2f20:	e7d201f4 			@ <UNDEFINED> instruction: 0xe7d201f4
    2f24:	e5941000 	ldr	r1, [r4]
    2f28:	e5950030 	ldr	r0, [r5, #48]	@ 0x30
    2f2c:	e59fe2ec 	ldr	lr, [pc, #748]	@ 0x3220
    2f30:	e7f1e1f0 	udf	#7696	@ 0x1e10
    2f34:	2a00009c 	bcs	0x31ac
    2f38:	e0800001 	add	r0, r0, r1
    2f3c:	e3a01000 	mov	r1, #0
    2f40:	e3a02000 	mov	r2, #0
    2f44:	e5802000 	str	r2, [r0]
    2f48:	e5801004 	str	r1, [r0, #4]
    2f4c:	e5941000 	ldr	r1, [r4]
    2f50:	e5950030 	ldr	r0, [r5, #48]	@ 0x30
    2f54:	e59fe274 	ldr	lr, [pc, #628]	@ 0x31d0
    2f58:	e7f1e2fc 	udf	#7724	@ 0x1e2c
    2f5c:	2a000092 	bcs	0x31ac
    2f60:	e7e601f4 			@ <UNDEFINED> instruction: 0xe7e601f4
    2f64:	e5941000 	ldr	r1, [r4]
    2f68:	e5950030 	ldr	r0, [r5, #48]	@ 0x30
    2f6c:	e5942014 	ldr	r2, [r4, #20]
    2f70:	e59fe258 	ldr	lr, [pc, #600]	@ 0x31d0
    2f74:	e7f1e2fc 	udf	#7724	@ 0x1e2c
    2f78:	2a00008b 	bcs	0x31ac
    2f7c:	e7d201f4 			@ <UNDEFINED> instruction: 0xe7d201f4
    2f80:	ea000008 	b	0x2fa8
    2f84:	e3a06000 	mov	r6, #0
    2f88:	e5942000 	ldr	r2, [r4]
    2f8c:	e5951030 	ldr	r1, [r5, #48]	@ 0x30
    2f90:	e59fe238 	ldr	lr, [pc, #568]	@ 0x31d0
    2f94:	e7f2e1f0 	udf	#11792	@ 0x2e10
    2f98:	2a000083 	bcs	0x31ac
    2f9c:	e7e012f4 			@ <UNDEFINED> instruction: 0xe7e012f4
    2fa0:	e3500000 	cmp	r0, #0
    2fa4:	1a00000a 	bne	0x2fd4
    2fa8:	e3e0b000 	mvn	fp, #0
    2fac:	e59f02f0 	ldr	r0, [pc, #752]	@ 0x32a4
    2fb0:	e1a01004 	mov	r1, r4
    2fb4:	e59d2000 	ldr	r2, [sp]
    2fb8:	e59fc2e8 	ldr	ip, [pc, #744]	@ 0x32a8
    2fbc:	e12fff3c 	blx	ip
    2fc0:	e3500000 	cmp	r0, #0
    2fc4:	1a0000c0 	bne	0x32cc
    2fc8:	e594003c 	ldr	r0, [r4, #60]	@ 0x3c
    2fcc:	e3500000 	cmp	r0, #0
    2fd0:	1a000014 	bne	0x3028
    2fd4:	e594c014 	ldr	ip, [r4, #20]
    2fd8:	e28c00c8 	add	r0, ip, #200	@ 0xc8
    2fdc:	e594c014 	ldr	ip, [r4, #20]
    2fe0:	e28c1050 	add	r1, ip, #80	@ 0x50
    2fe4:	e594c014 	ldr	ip, [r4, #20]
    2fe8:	e28c20a0 	add	r2, ip, #160	@ 0xa0
    2fec:	e5847004 	str	r7, [r4, #4]
    2ff0:	e5840044 	str	r0, [r4, #68]	@ 0x44
    2ff4:	e5841048 	str	r1, [r4, #72]	@ 0x48
    2ff8:	e584204c 	str	r2, [r4, #76]	@ 0x4c
    2ffc:	e584800c 	str	r8, [r4, #12]
    3000:	e5849010 	str	r9, [r4, #16]
    3004:	e59f02a0 	ldr	r0, [pc, #672]	@ 0x32ac
    3008:	e1a01004 	mov	r1, r4
    300c:	e59d2000 	ldr	r2, [sp]
    3010:	e59fc298 	ldr	ip, [pc, #664]	@ 0x32b0
    3014:	e12fff3c 	blx	ip
    3018:	e3500000 	cmp	r0, #0
    301c:	1a0000aa 	bne	0x32cc
    3020:	e594003c 	ldr	r0, [r4, #60]	@ 0x3c
    3024:	e1a0b000 	mov	fp, r0
    3028:	e20aa020 	and	sl, sl, #32
    302c:	e3560000 	cmp	r6, #0
    3030:	0a000038 	beq	0x3118
    3034:	e5942000 	ldr	r2, [r4]
    3038:	e5951030 	ldr	r1, [r5, #48]	@ 0x30
    303c:	e59fe18c 	ldr	lr, [pc, #396]	@ 0x31d0
    3040:	e7f2e2f4 	udf	#11812	@ 0x2e24
    3044:	2a000058 	bcs	0x31ac
    3048:	e7e012f4 			@ <UNDEFINED> instruction: 0xe7e012f4
    304c:	e3a0e000 	mov	lr, #0
    3050:	e584e024 	str	lr, [r4, #36]	@ 0x24
    3054:	e3a0e000 	mov	lr, #0
    3058:	e584e024 	str	lr, [r4, #36]	@ 0x24
    305c:	e5840048 	str	r0, [r4, #72]	@ 0x48
    3060:	e3a009ff 	mov	r0, #4177920	@ 0x3fc000
    3064:	e3800d96 	orr	r0, r0, #9600	@ 0x2580
    3068:	e1a01004 	mov	r1, r4
    306c:	e59d2000 	ldr	r2, [sp]
    3070:	e59fc23c 	ldr	ip, [pc, #572]	@ 0x32b4
    3074:	e12fff3c 	blx	ip
    3078:	e3500000 	cmp	r0, #0
    307c:	1a000092 	bne	0x32cc
    3080:	e5941000 	ldr	r1, [r4]
    3084:	e5950030 	ldr	r0, [r5, #48]	@ 0x30
    3088:	e59fe140 	ldr	lr, [pc, #320]	@ 0x31d0
    308c:	e7f1e3f0 	udf	#7728	@ 0x1e30
    3090:	2a000045 	bcs	0x31ac
    3094:	e3a02000 	mov	r2, #0
    3098:	e7d201f4 			@ <UNDEFINED> instruction: 0xe7d201f4
    309c:	e5941000 	ldr	r1, [r4]
    30a0:	e5950030 	ldr	r0, [r5, #48]	@ 0x30
    30a4:	e59fe124 	ldr	lr, [pc, #292]	@ 0x31d0
    30a8:	e7f1e2fc 	udf	#7724	@ 0x1e2c
    30ac:	2a00003e 	bcs	0x31ac
    30b0:	e7d601f4 			@ <UNDEFINED> instruction: 0xe7d601f4
    30b4:	e5941000 	ldr	r1, [r4]
    30b8:	e5950030 	ldr	r0, [r5, #48]	@ 0x30
    30bc:	e59fe10c 	ldr	lr, [pc, #268]	@ 0x31d0
    30c0:	e7f1e1fc 	udf	#7708	@ 0x1e1c
    30c4:	2a000038 	bcs	0x31ac
    30c8:	e3a02000 	mov	r2, #0
    30cc:	e7d201f4 			@ <UNDEFINED> instruction: 0xe7d201f4
    30d0:	e5942000 	ldr	r2, [r4]
    30d4:	e5951030 	ldr	r1, [r5, #48]	@ 0x30
    30d8:	e59fe0f0 	ldr	lr, [pc, #240]	@ 0x31d0
    30dc:	e7f2e1f4 	udf	#11796	@ 0x2e14
    30e0:	2a000031 	bcs	0x31ac
    30e4:	e7e012f4 			@ <UNDEFINED> instruction: 0xe7e012f4
    30e8:	e5942000 	ldr	r2, [r4]
    30ec:	e5951030 	ldr	r1, [r5, #48]	@ 0x30
    30f0:	e59fe128 	ldr	lr, [pc, #296]	@ 0x3220
    30f4:	e7f2e1f0 	udf	#11792	@ 0x2e10
    30f8:	2a00002b 	bcs	0x31ac
    30fc:	e0811002 	add	r1, r1, r2
    3100:	e3a02000 	mov	r2, #0
    3104:	e3a03000 	mov	r3, #0
    3108:	e5813000 	str	r3, [r1]
    310c:	e5812004 	str	r2, [r1, #4]
    3110:	e3500000 	cmp	r0, #0
    3114:	03e0b000 	mvneq	fp, #0
    3118:	e5942000 	ldr	r2, [r4]
    311c:	e5951030 	ldr	r1, [r5, #48]	@ 0x30
    3120:	e59fc0a8 	ldr	ip, [pc, #168]	@ 0x31d0
    3124:	e152000c 	cmp	r2, ip
    3128:	8a00001f 	bhi	0x31ac
    312c:	e7e012f4 			@ <UNDEFINED> instruction: 0xe7e012f4
    3130:	e1a01000 	mov	r1, r0
    3134:	e180000a 	orr	r0, r0, sl
    3138:	e5943000 	ldr	r3, [r4]
    313c:	e5952030 	ldr	r2, [r5, #48]	@ 0x30
    3140:	e59fc088 	ldr	ip, [pc, #136]	@ 0x31d0
    3144:	e153000c 	cmp	r3, ip
    3148:	8a000017 	bhi	0x31ac
    314c:	e7d023f4 			@ <UNDEFINED> instruction: 0xe7d023f4
    3150:	e3110020 	tst	r1, #32
    3154:	e3e0e000 	mvn	lr, #0
    3158:	01a0e00b 	moveq	lr, fp
    315c:	e584e010 	str	lr, [r4, #16]
    3160:	e594c018 	ldr	ip, [r4, #24]
    3164:	e35c0000 	cmp	ip, #0
    3168:	1a000006 	bne	0x3188
    316c:	e59f0144 	ldr	r0, [pc, #324]	@ 0x32b8
    3170:	e1a01004 	mov	r1, r4
    3174:	e59d2000 	ldr	r2, [sp]
    3178:	e59fc13c 	ldr	ip, [pc, #316]	@ 0x32bc
    317c:	e12fff3c 	blx	ip
    3180:	e3500000 	cmp	r0, #0
    3184:	1a000050 	bne	0x32cc
    3188:	e594c014 	ldr	ip, [r4, #20]
    318c:	e28c00d0 	add	r0, ip, #208	@ 0xd0
    3190:	e595103c 	ldr	r1, [r5, #60]	@ 0x3c
    3194:	e5810008 	str	r0, [r1, #8]
    3198:	e59f0120 	ldr	r0, [pc, #288]	@ 0x32c0
    319c:	e30ccabc 	movw	ip, #51900	@ 0xcabc
    31a0:	e34ccdef 	movt	ip, #52719	@ 0xcdef
    31a4:	e28dd004 	add	sp, sp, #4
    31a8:	e8bd8fc0 	pop	{r6, r7, r8, r9, sl, fp, pc}
    31ac:	e3a00008 	mov	r0, #8
    31b0:	ea000043 	b	0x32c4
    31b4:	00000000 	andeq	r0, r0, r0
    31b8:	003f9bf8 	ldrshteq	r9, [pc], -r8
    31bc:	0004890c 	andeq	r8, r4, ip, lsl #18
    31c0:	003f9c10 	eorseq	r9, pc, r0, lsl ip	@ <UNPREDICTABLE>
    31c4:	00048004 	andeq	r8, r4, r4
    31c8:	003fbadc 	ldrsbteq	fp, [pc], -ip
    31cc:	0004890c 	andeq	r8, r4, ip, lsl #18
    31d0:	0101fffc 	strdeq	pc, [r1, -ip]
    31d4:	003fbb08 	eorseq	fp, pc, r8, lsl #22
    31d8:	0004890c 	andeq	r8, r4, ip, lsl #18
    31dc:	003fbb44 	eorseq	fp, pc, r4, asr #22
    31e0:	0004890c 	andeq	r8, r4, ip, lsl #18
    31e4:	003fbb60 	eorseq	fp, pc, r0, ror #22
    31e8:	0004890c 	andeq	r8, r4, ip, lsl #18
    31ec:	003fbb7c 	eorseq	fp, pc, ip, ror fp	@ <UNPREDICTABLE>
    31f0:	0004890c 	andeq	r8, r4, ip, lsl #18
    31f4:	003fbb94 	mlaseq	pc, r4, fp, fp	@ <UNPREDICTABLE>
    31f8:	00048004 	andeq	r8, r4, r4
    31fc:	003f93d8 	ldrsbteq	r9, [pc], -r8
    3200:	0004890c 	andeq	r8, r4, ip, lsl #18
    3204:	003f9424 	eorseq	r9, pc, r4, lsr #8
    3208:	00048c48 	andeq	r8, r4, r8, asr #24
    320c:	003f94a0 	eorseq	r9, pc, r0, lsr #9
    3210:	00048c48 	andeq	r8, r4, r8, asr #24
    3214:	003f94c8 	eorseq	r9, pc, r8, asr #9
    3218:	00048004 	andeq	r8, r4, r4
    321c:	003fa97c 	eorseq	sl, pc, ip, ror r9	@ <UNPREDICTABLE>
    3220:	0101fff8 	strdeq	pc, [r1, -r8]
    3224:	003fa9e4 	eorseq	sl, pc, r4, ror #19
    3228:	00048004 	andeq	r8, r4, r4
    322c:	01010101 	tsteq	r1, r1, lsl #2
    3230:	01010100 	mrseq	r0, (UNDEF: 17)
    3234:	80808080 	addhi	r8, r0, r0, lsl #1
    3238:	003fd624 	eorseq	sp, pc, r4, lsr #12
    323c:	003fd65c 	eorseq	sp, pc, ip, asr r6	@ <UNPREDICTABLE>
    3240:	00048004 	andeq	r8, r4, r4
    3244:	003f220c 	eorseq	r2, pc, ip, lsl #4
    3248:	0004890c 	andeq	r8, r4, ip, lsl #18
    324c:	003f224c 	eorseq	r2, pc, ip, asr #4
    3250:	00048004 	andeq	r8, r4, r4
    3254:	003fb79c 	mlaseq	pc, ip, r7, fp	@ <UNPREDICTABLE>
    3258:	0004890c 	andeq	r8, r4, ip, lsl #18
    325c:	003fb7e0 	eorseq	fp, pc, r0, ror #15
    3260:	003fb84c 	eorseq	fp, pc, ip, asr #16
    3264:	00048004 	andeq	r8, r4, r4
    3268:	003fdefc 	ldrshteq	sp, [pc], -ip
    326c:	0004890c 	andeq	r8, r4, ip, lsl #18
    3270:	003fdf68 	eorseq	sp, pc, r8, ror #30
    3274:	00048c48 	andeq	r8, r4, r8, asr #24
    3278:	003fdf8c 	eorseq	sp, pc, ip, lsl #31
    327c:	00048c48 	andeq	r8, r4, r8, asr #24
    3280:	003fe0ac 	eorseq	lr, pc, ip, lsr #1
    3284:	0004890c 	andeq	r8, r4, ip, lsl #18
    3288:	003fe0f8 	ldrshteq	lr, [pc], -r8
    328c:	00048004 	andeq	r8, r4, r4
    3290:	00049a8c 	andeq	r9, r4, ip, lsl #21
    3294:	003fe38c 	eorseq	lr, pc, ip, lsl #7
    3298:	0004890c 	andeq	r8, r4, ip, lsl #18
    329c:	003fe40c 	eorseq	lr, pc, ip, lsl #8
    32a0:	0004890c 	andeq	r8, r4, ip, lsl #18
    32a4:	003fe4ec 	eorseq	lr, pc, ip, ror #9
    32a8:	0004890c 	andeq	r8, r4, ip, lsl #18
    32ac:	003fe52c 	eorseq	lr, pc, ip, lsr #10
    32b0:	0004890c 	andeq	r8, r4, ip, lsl #18
    32b4:	00048c48 	andeq	r8, r4, r8, asr #24
    32b8:	003fe668 	eorseq	lr, pc, r8, ror #12
    32bc:	0004890c 	andeq	r8, r4, ip, lsl #18
    32c0:	003fe698 	mlaseq	pc, r8, r6, lr	@ <UNPREDICTABLE>
    32c4:	e59d1000 	ldr	r1, [sp]
    32c8:	e5810010 	str	r0, [r1, #16]
    32cc:	e59d0000 	ldr	r0, [sp]
    32d0:	e59d101c 	ldr	r1, [sp, #28]
    32d4:	e59fcffc 	ldr	ip, [pc, #4092]	@ 0x42d8
    32d8:	e12fff3c 	blx	ip
    32dc:	e28dd004 	add	sp, sp, #4
    32e0:	e8bd0fc0 	pop	{r6, r7, r8, r9, sl, fp}
    32e4:	e28dd004 	add	sp, sp, #4
    32e8:	e12fff10 	bx	r0
    32ec:	e92d4fc0 	push	{r6, r7, r8, r9, sl, fp, lr}
    32f0:	e24dd004 	sub	sp, sp, #4
    32f4:	e58d0000 	str	r0, [sp]
    32f8:	e30cc123 	movw	ip, #49443	@ 0xc123
    32fc:	e34cc456 	movt	ip, #50262	@ 0xc456
    3300:	e595e03c 	ldr	lr, [r5, #60]	@ 0x3c
    3304:	e59e0008 	ldr	r0, [lr, #8]
    3308:	e2400040 	sub	r0, r0, #64	@ 0x40
    330c:	e584001c 	str	r0, [r4, #28]
    3310:	e595103c 	ldr	r1, [r5, #60]	@ 0x3c
    3314:	e5810008 	str	r0, [r1, #8]
    3318:	e594101c 	ldr	r1, [r4, #28]
    331c:	e5950030 	ldr	r0, [r5, #48]	@ 0x30
    3320:	e5942004 	ldr	r2, [r4, #4]
    3324:	e59fefb0 	ldr	lr, [pc, #4016]	@ 0x42dc
    3328:	e7f1e3fc 	udf	#7740	@ 0x1e3c
    332c:	2a0005b4 	bcs	0x4a04
    3330:	e7d201f4 			@ <UNDEFINED> instruction: 0xe7d201f4
    3334:	e594c01c 	ldr	ip, [r4, #28]
    3338:	e28ce029 	add	lr, ip, #41	@ 0x29
    333c:	e584e020 	str	lr, [r4, #32]
    3340:	e594c01c 	ldr	ip, [r4, #28]
    3344:	e28ce027 	add	lr, ip, #39	@ 0x27
    3348:	e584e024 	str	lr, [r4, #36]	@ 0x24
    334c:	e594c01c 	ldr	ip, [r4, #28]
    3350:	e28ce028 	add	lr, ip, #40	@ 0x28
    3354:	e584e028 	str	lr, [r4, #40]	@ 0x28
    3358:	e3a0e000 	mov	lr, #0
    335c:	e584e02c 	str	lr, [r4, #44]	@ 0x2c
    3360:	e3a0e000 	mov	lr, #0
    3364:	e584e030 	str	lr, [r4, #48]	@ 0x30
    3368:	e3a0e000 	mov	lr, #0
    336c:	e584e034 	str	lr, [r4, #52]	@ 0x34
    3370:	e594e004 	ldr	lr, [r4, #4]
    3374:	e584e038 	str	lr, [r4, #56]	@ 0x38
    3378:	e594c030 	ldr	ip, [r4, #48]	@ 0x30
    337c:	e3e0e480 	mvn	lr, #128, 8	@ 0x80000000
    3380:	e02c000e 	eor	r0, ip, lr
    3384:	e594c034 	ldr	ip, [r4, #52]	@ 0x34
    3388:	e15c0000 	cmp	ip, r0
    338c:	ca000581 	bgt	0x4998
    3390:	e594e030 	ldr	lr, [r4, #48]	@ 0x30
    3394:	e594c034 	ldr	ip, [r4, #52]	@ 0x34
    3398:	e08ce00e 	add	lr, ip, lr
    339c:	e584e030 	str	lr, [r4, #48]	@ 0x30
    33a0:	e594e038 	ldr	lr, [r4, #56]	@ 0x38
    33a4:	e584e034 	str	lr, [r4, #52]	@ 0x34
    33a8:	e5943038 	ldr	r3, [r4, #56]	@ 0x38
    33ac:	e5952030 	ldr	r2, [r5, #48]	@ 0x30
    33b0:	e3e0c4fe 	mvn	ip, #-33554432	@ 0xfe000000
    33b4:	e3ccc8fe 	bic	ip, ip, #16646144	@ 0xfe0000
    33b8:	e153000c 	cmp	r3, ip
    33bc:	8a000590 	bhi	0x4a04
    33c0:	e7e123f0 			@ <UNDEFINED> instruction: 0xe7e123f0
    33c4:	e584103c 	str	r1, [r4, #60]	@ 0x3c
    33c8:	e3510000 	cmp	r1, #0
    33cc:	0a0004b8 	beq	0x46b4
    33d0:	e594c03c 	ldr	ip, [r4, #60]	@ 0x3c
    33d4:	e20c10ff 	and	r1, ip, #255	@ 0xff
    33d8:	e1a03001 	mov	r3, r1
    33dc:	e3510000 	cmp	r1, #0
    33e0:	1a000002 	bne	0x33f0
    33e4:	e594e034 	ldr	lr, [r4, #52]	@ 0x34
    33e8:	e584e004 	str	lr, [r4, #4]
    33ec:	ea00001c 	b	0x3464
    33f0:	e3530025 	cmp	r3, #37	@ 0x25
    33f4:	1a0004a2 	bne	0x4684
    33f8:	e5941034 	ldr	r1, [r4, #52]	@ 0x34
    33fc:	e1a08001 	mov	r8, r1
    3400:	e5957030 	ldr	r7, [r5, #48]	@ 0x30
    3404:	e3e0e4fe 	mvn	lr, #-33554432	@ 0xfe000000
    3408:	e3cee8fe 	bic	lr, lr, #16646144	@ 0xfe0000
    340c:	e7f8e0f1 	udf	#36353	@ 0x8e01
    3410:	2a00057b 	bcs	0x4a04
    3414:	e7e378f0 			@ <UNDEFINED> instruction: 0xe7e378f0
    3418:	e3530025 	cmp	r3, #37	@ 0x25
    341c:	0a000001 	beq	0x3428
    3420:	e5841004 	str	r1, [r4, #4]
    3424:	ea00000e 	b	0x3464
    3428:	e594c034 	ldr	ip, [r4, #52]	@ 0x34
    342c:	e28ce001 	add	lr, ip, #1
    3430:	e584e034 	str	lr, [r4, #52]	@ 0x34
    3434:	e1a08001 	mov	r8, r1
    3438:	e5957030 	ldr	r7, [r5, #48]	@ 0x30
    343c:	e3e0e4fe 	mvn	lr, #-33554432	@ 0xfe000000
    3440:	e3cee8fe 	bic	lr, lr, #16646144	@ 0xfe0000
    3444:	e7f8e0f2 	udf	#36354	@ 0x8e02
    3448:	2a00056d 	bcs	0x4a04
    344c:	e7e378f0 			@ <UNDEFINED> instruction: 0xe7e378f0
    3450:	e2817002 	add	r7, r1, #2
    3454:	e5847004 	str	r7, [r4, #4]
    3458:	e1a01007 	mov	r1, r7
    345c:	e3530025 	cmp	r3, #37	@ 0x25
    3460:	0affffe5 	beq	0x33fc
    3464:	e594e038 	ldr	lr, [r4, #56]	@ 0x38
    3468:	e594c034 	ldr	ip, [r4, #52]	@ 0x34
    346c:	e04c100e 	sub	r1, ip, lr
    3470:	e5841034 	str	r1, [r4, #52]	@ 0x34
    3474:	e594c030 	ldr	ip, [r4, #48]	@ 0x30
    3478:	e3e0e480 	mvn	lr, #128, 8	@ 0x80000000
    347c:	e02c300e 	eor	r3, ip, lr
    3480:	e584303c 	str	r3, [r4, #60]	@ 0x3c
    3484:	e1510003 	cmp	r1, r3
    3488:	ca000542 	bgt	0x4998
    348c:	e594c000 	ldr	ip, [r4]
    3490:	e35c0000 	cmp	ip, #0
    3494:	0a000006 	beq	0x34b4
    3498:	e59f0e40 	ldr	r0, [pc, #3648]	@ 0x42e0
    349c:	e1a01004 	mov	r1, r4
    34a0:	e59d2000 	ldr	r2, [sp]
    34a4:	e59fce38 	ldr	ip, [pc, #3640]	@ 0x42e4
    34a8:	e12fff3c 	blx	ip
    34ac:	e3500000 	cmp	r0, #0
    34b0:	1a000556 	bne	0x4a10
    34b4:	e594c034 	ldr	ip, [r4, #52]	@ 0x34
    34b8:	e35c0000 	cmp	ip, #0
    34bc:	1affffab 	bne	0x3370
    34c0:	e594301c 	ldr	r3, [r4, #28]
    34c4:	e5951030 	ldr	r1, [r5, #48]	@ 0x30
    34c8:	e5948004 	ldr	r8, [r4, #4]
    34cc:	e59fee08 	ldr	lr, [pc, #3592]	@ 0x42dc
    34d0:	e7f3e3fc 	udf	#15932	@ 0x3e3c
    34d4:	2a00054a 	bcs	0x4a04
    34d8:	e7d813f4 			@ <UNDEFINED> instruction: 0xe7d813f4
    34dc:	e594c004 	ldr	ip, [r4, #4]
    34e0:	e28c1001 	add	r1, ip, #1
    34e4:	e3e08000 	mvn	r8, #0
    34e8:	e594a004 	ldr	sl, [r4, #4]
    34ec:	e5959030 	ldr	r9, [r5, #48]	@ 0x30
    34f0:	e3e0e4fe 	mvn	lr, #-33554432	@ 0xfe000000
    34f4:	e3cee8fe 	bic	lr, lr, #16646144	@ 0xfe0000
    34f8:	e7fae0f1 	udf	#44545	@ 0xae01
    34fc:	2a000540 	bcs	0x4a04
    3500:	e7e39af1 			@ <UNDEFINED> instruction: 0xe7e39af1
    3504:	e2433030 	sub	r3, r3, #48	@ 0x30
    3508:	e1a09003 	mov	r9, r3
    350c:	e3530009 	cmp	r3, #9
    3510:	8a00000d 	bhi	0x354c
    3514:	e594b004 	ldr	fp, [r4, #4]
    3518:	e595a030 	ldr	sl, [r5, #48]	@ 0x30
    351c:	e3e0e4fe 	mvn	lr, #-33554432	@ 0xfe000000
    3520:	e3cee8fe 	bic	lr, lr, #16646144	@ 0xfe0000
    3524:	e7fbe0f2 	udf	#48642	@ 0xbe02
    3528:	2a000535 	bcs	0x4a04
    352c:	e7e3abf0 			@ <UNDEFINED> instruction: 0xe7e3abf0
    3530:	e3530024 	cmp	r3, #36	@ 0x24
    3534:	1a000004 	bne	0x354c
    3538:	e594c004 	ldr	ip, [r4, #4]
    353c:	e28c1003 	add	r1, ip, #3
    3540:	e3a0e001 	mov	lr, #1
    3544:	e584e02c 	str	lr, [r4, #44]	@ 0x2c
    3548:	e1a08009 	mov	r8, r9
    354c:	e594901c 	ldr	r9, [r4, #28]
    3550:	e5953030 	ldr	r3, [r5, #48]	@ 0x30
    3554:	e59fed80 	ldr	lr, [pc, #3456]	@ 0x42dc
    3558:	e7f9e3fc 	udf	#40508	@ 0x9e3c
    355c:	2a000528 	bcs	0x4a04
    3560:	e7d139f4 			@ <UNDEFINED> instruction: 0xe7d139f4
    3564:	e3a09000 	mov	r9, #0
    3568:	e1a0b001 	mov	fp, r1
    356c:	e595a030 	ldr	sl, [r5, #48]	@ 0x30
    3570:	e3e0c4fe 	mvn	ip, #-33554432	@ 0xfe000000
    3574:	e3ccc8fe 	bic	ip, ip, #16646144	@ 0xfe0000
    3578:	e15b000c 	cmp	fp, ip
    357c:	8a000520 	bhi	0x4a04
    3580:	e7e3abf1 			@ <UNDEFINED> instruction: 0xe7e3abf1
    3584:	e1a0a003 	mov	sl, r3
    3588:	e2433020 	sub	r3, r3, #32
    358c:	e1a0b003 	mov	fp, r3
    3590:	e353001f 	cmp	r3, #31
    3594:	9a000001 	bls	0x35a0
    3598:	e1a03001 	mov	r3, r1
    359c:	ea000027 	b	0x3640
    35a0:	e3a09000 	mov	r9, #0
    35a4:	e1a03001 	mov	r3, r1
    35a8:	e3a0c001 	mov	ip, #1
    35ac:	e20be01f 	and	lr, fp, #31
    35b0:	e1a0be1c 	lsl	fp, ip, lr
    35b4:	e1a0600b 	mov	r6, fp
    35b8:	e3a0cb4a 	mov	ip, #75776	@ 0x12800
    35bc:	e38cc089 	orr	ip, ip, #137	@ 0x89
    35c0:	e11b000c 	tst	fp, ip
    35c4:	0a00001d 	beq	0x3640
    35c8:	e281b001 	add	fp, r1, #1
    35cc:	e1a0300b 	mov	r3, fp
    35d0:	e594001c 	ldr	r0, [r4, #28]
    35d4:	e5957030 	ldr	r7, [r5, #48]	@ 0x30
    35d8:	e59fecfc 	ldr	lr, [pc, #3324]	@ 0x42dc
    35dc:	e7f0e3fc 	udf	#3644	@ 0xe3c
    35e0:	2a000507 	bcs	0x4a04
    35e4:	e7db70f4 			@ <UNDEFINED> instruction: 0xe7db70f4
    35e8:	e1869009 	orr	r9, r6, r9
    35ec:	e1a0b001 	mov	fp, r1
    35f0:	e5957030 	ldr	r7, [r5, #48]	@ 0x30
    35f4:	e3e0e4fe 	mvn	lr, #-33554432	@ 0xfe000000
    35f8:	e3cee8fe 	bic	lr, lr, #16646144	@ 0xfe0000
    35fc:	e7fbe0f1 	udf	#48641	@ 0xbe01
    3600:	2a0004ff 	bcs	0x4a04
    3604:	e7e07bf1 			@ <UNDEFINED> instruction: 0xe7e07bf1
    3608:	e1a0a000 	mov	sl, r0
    360c:	e2400020 	sub	r0, r0, #32
    3610:	e1a07000 	mov	r7, r0
    3614:	e3500020 	cmp	r0, #32
    3618:	2a000008 	bcs	0x3640
    361c:	e1a01003 	mov	r1, r3
    3620:	e3a0c001 	mov	ip, #1
    3624:	e207e01f 	and	lr, r7, #31
    3628:	e1a07e1c 	lsl	r7, ip, lr
    362c:	e1a06007 	mov	r6, r7
    3630:	e3a0cb4a 	mov	ip, #75776	@ 0x12800
    3634:	e38cc089 	orr	ip, ip, #137	@ 0x89
    3638:	e117000c 	tst	r7, ip
    363c:	1affffe1 	bne	0x35c8
    3640:	e35a002a 	cmp	sl, #42	@ 0x2a
    3644:	1a000069 	bne	0x37f0
    3648:	e1a06003 	mov	r6, r3
    364c:	e5951030 	ldr	r1, [r5, #48]	@ 0x30
    3650:	e3e0e4fe 	mvn	lr, #-33554432	@ 0xfe000000
    3654:	e3cee8fe 	bic	lr, lr, #16646144	@ 0xfe0000
    3658:	e7f6e0f1 	udf	#28161	@ 0x6e01
    365c:	2a0004e8 	bcs	0x4a04
    3660:	e7e016f1 			@ <UNDEFINED> instruction: 0xe7e016f1
    3664:	e2400030 	sub	r0, r0, #48	@ 0x30
    3668:	e1a01000 	mov	r1, r0
    366c:	e3500009 	cmp	r0, #9
    3670:	8a000025 	bhi	0x370c
    3674:	e1a07003 	mov	r7, r3
    3678:	e5956030 	ldr	r6, [r5, #48]	@ 0x30
    367c:	e3e0e4fe 	mvn	lr, #-33554432	@ 0xfe000000
    3680:	e3cee8fe 	bic	lr, lr, #16646144	@ 0xfe0000
    3684:	e7f7e0f2 	udf	#32258	@ 0x7e02
    3688:	2a0004dd 	bcs	0x4a04
    368c:	e7e067f0 			@ <UNDEFINED> instruction: 0xe7e067f0
    3690:	e3500024 	cmp	r0, #36	@ 0x24
    3694:	1a00001c 	bne	0x370c
    3698:	e594c000 	ldr	ip, [r4]
    369c:	e35c0000 	cmp	ip, #0
    36a0:	1a00000b 	bne	0x36d4
    36a4:	e1a00101 	lsl	r0, r1, #2
    36a8:	e594c010 	ldr	ip, [r4, #16]
    36ac:	e08c0000 	add	r0, ip, r0
    36b0:	e5956030 	ldr	r6, [r5, #48]	@ 0x30
    36b4:	e59fcc20 	ldr	ip, [pc, #3104]	@ 0x42dc
    36b8:	e150000c 	cmp	r0, ip
    36bc:	8a0004d0 	bhi	0x4a04
    36c0:	e3a0700a 	mov	r7, #10
    36c4:	e7d760f4 			@ <UNDEFINED> instruction: 0xe7d760f4
    36c8:	e3a0e000 	mov	lr, #0
    36cc:	e584e050 	str	lr, [r4, #80]	@ 0x50
    36d0:	ea000008 	b	0x36f8
    36d4:	e1a01181 	lsl	r1, r1, #3
    36d8:	e594c00c 	ldr	ip, [r4, #12]
    36dc:	e08c1001 	add	r1, ip, r1
    36e0:	e5950030 	ldr	r0, [r5, #48]	@ 0x30
    36e4:	e59fcbf0 	ldr	ip, [pc, #3056]	@ 0x42dc
    36e8:	e151000c 	cmp	r1, ip
    36ec:	8a0004c4 	bhi	0x4a04
    36f0:	e7ee01f4 			@ <UNDEFINED> instruction: 0xe7ee01f4
    36f4:	e584e050 	str	lr, [r4, #80]	@ 0x50
    36f8:	e283e003 	add	lr, r3, #3
    36fc:	e584e004 	str	lr, [r4, #4]
    3700:	e3a0e001 	mov	lr, #1
    3704:	e584e02c 	str	lr, [r4, #44]	@ 0x2c
    3708:	ea000029 	b	0x37b4
    370c:	e594c02c 	ldr	ip, [r4, #44]	@ 0x2c
    3710:	e35c0000 	cmp	ip, #0
    3714:	1a000423 	bne	0x47a8
    3718:	e283e001 	add	lr, r3, #1
    371c:	e584e004 	str	lr, [r4, #4]
    3720:	e594c000 	ldr	ip, [r4]
    3724:	e35c0000 	cmp	ip, #0
    3728:	1a00000b 	bne	0x375c
    372c:	e594101c 	ldr	r1, [r4, #28]
    3730:	e5950030 	ldr	r0, [r5, #48]	@ 0x30
    3734:	e5943004 	ldr	r3, [r4, #4]
    3738:	e59feb9c 	ldr	lr, [pc, #2972]	@ 0x42dc
    373c:	e7f1e3fc 	udf	#7740	@ 0x1e3c
    3740:	2a0004af 	bcs	0x4a04
    3744:	e7d301f4 			@ <UNDEFINED> instruction: 0xe7d301f4
    3748:	e3a0e000 	mov	lr, #0
    374c:	e584e02c 	str	lr, [r4, #44]	@ 0x2c
    3750:	e3a0e000 	mov	lr, #0
    3754:	e584e050 	str	lr, [r4, #80]	@ 0x50
    3758:	ea000039 	b	0x3844
    375c:	e5943008 	ldr	r3, [r4, #8]
    3760:	e5951030 	ldr	r1, [r5, #48]	@ 0x30
    3764:	e59fcb70 	ldr	ip, [pc, #2928]	@ 0x42dc
    3768:	e153000c 	cmp	r3, ip
    376c:	8a0004a4 	bhi	0x4a04
    3770:	e7e013f4 			@ <UNDEFINED> instruction: 0xe7e013f4
    3774:	e1a01000 	mov	r1, r0
    3778:	e2800004 	add	r0, r0, #4
    377c:	e5947008 	ldr	r7, [r4, #8]
    3780:	e5953030 	ldr	r3, [r5, #48]	@ 0x30
    3784:	e59fcb50 	ldr	ip, [pc, #2896]	@ 0x42dc
    3788:	e157000c 	cmp	r7, ip
    378c:	8a00049c 	bhi	0x4a04
    3790:	e7d037f4 			@ <UNDEFINED> instruction: 0xe7d037f4
    3794:	e5950030 	ldr	r0, [r5, #48]	@ 0x30
    3798:	e59fcb3c 	ldr	ip, [pc, #2876]	@ 0x42dc
    379c:	e151000c 	cmp	r1, ip
    37a0:	8a000497 	bhi	0x4a04
    37a4:	e7ee01f4 			@ <UNDEFINED> instruction: 0xe7ee01f4
    37a8:	e584e050 	str	lr, [r4, #80]	@ 0x50
    37ac:	e3a0e000 	mov	lr, #0
    37b0:	e584e02c 	str	lr, [r4, #44]	@ 0x2c
    37b4:	e594101c 	ldr	r1, [r4, #28]
    37b8:	e5950030 	ldr	r0, [r5, #48]	@ 0x30
    37bc:	e5943004 	ldr	r3, [r4, #4]
    37c0:	e59feb14 	ldr	lr, [pc, #2836]	@ 0x42dc
    37c4:	e7f1e3fc 	udf	#7740	@ 0x1e3c
    37c8:	2a00048d 	bcs	0x4a04
    37cc:	e7d301f4 			@ <UNDEFINED> instruction: 0xe7d301f4
    37d0:	e594c050 	ldr	ip, [r4, #80]	@ 0x50
    37d4:	e37c0001 	cmn	ip, #1
    37d8:	ca000019 	bgt	0x3844
    37dc:	e594c050 	ldr	ip, [r4, #80]	@ 0x50
    37e0:	e26ce000 	rsb	lr, ip, #0
    37e4:	e584e050 	str	lr, [r4, #80]	@ 0x50
    37e8:	e3899d80 	orr	r9, r9, #128, 26	@ 0x2000
    37ec:	ea000014 	b	0x3844
    37f0:	e594c01c 	ldr	ip, [r4, #28]
    37f4:	e28c003c 	add	r0, ip, #60	@ 0x3c
    37f8:	e5840088 	str	r0, [r4, #136]	@ 0x88
    37fc:	e59f0ae4 	ldr	r0, [pc, #2788]	@ 0x42e8
    3800:	e1a01004 	mov	r1, r4
    3804:	e59d2000 	ldr	r2, [sp]
    3808:	e59fcadc 	ldr	ip, [pc, #2780]	@ 0x42ec
    380c:	e12fff3c 	blx	ip
    3810:	e3500000 	cmp	r0, #0
    3814:	1a00047d 	bne	0x4a10
    3818:	e5940088 	ldr	r0, [r4, #136]	@ 0x88
    381c:	e5840050 	str	r0, [r4, #80]	@ 0x50
    3820:	e3500000 	cmp	r0, #0
    3824:	ba00045b 	blt	0x4998
    3828:	e594101c 	ldr	r1, [r4, #28]
    382c:	e5950030 	ldr	r0, [r5, #48]	@ 0x30
    3830:	e59feaa4 	ldr	lr, [pc, #2724]	@ 0x42dc
    3834:	e7f1e3fc 	udf	#7740	@ 0x1e3c
    3838:	2a000471 	bcs	0x4a04
    383c:	e7ee01f4 			@ <UNDEFINED> instruction: 0xe7ee01f4
    3840:	e584e004 	str	lr, [r4, #4]
    3844:	e3a07000 	mov	r7, #0
    3848:	e3e0e000 	mvn	lr, #0
    384c:	e584e054 	str	lr, [r4, #84]	@ 0x54
    3850:	e5943004 	ldr	r3, [r4, #4]
    3854:	e5951030 	ldr	r1, [r5, #48]	@ 0x30
    3858:	e3e0c4fe 	mvn	ip, #-33554432	@ 0xfe000000
    385c:	e3ccc8fe 	bic	ip, ip, #16646144	@ 0xfe0000
    3860:	e153000c 	cmp	r3, ip
    3864:	8a000466 	bhi	0x4a04
    3868:	e7e013f0 			@ <UNDEFINED> instruction: 0xe7e013f0
    386c:	e350002e 	cmp	r0, #46	@ 0x2e
    3870:	0a000001 	beq	0x387c
    3874:	e3a0b000 	mov	fp, #0
    3878:	ea000080 	b	0x3a80
    387c:	e5943004 	ldr	r3, [r4, #4]
    3880:	e5951030 	ldr	r1, [r5, #48]	@ 0x30
    3884:	e3e0e4fe 	mvn	lr, #-33554432	@ 0xfe000000
    3888:	e3cee8fe 	bic	lr, lr, #16646144	@ 0xfe0000
    388c:	e7f3e0f1 	udf	#15873	@ 0x3e01
    3890:	2a00045b 	bcs	0x4a04
    3894:	e7e013f0 			@ <UNDEFINED> instruction: 0xe7e013f0
    3898:	e350002a 	cmp	r0, #42	@ 0x2a
    389c:	1a00005b 	bne	0x3a10
    38a0:	e5943004 	ldr	r3, [r4, #4]
    38a4:	e5951030 	ldr	r1, [r5, #48]	@ 0x30
    38a8:	e3e0e4fe 	mvn	lr, #-33554432	@ 0xfe000000
    38ac:	e3cee8fe 	bic	lr, lr, #16646144	@ 0xfe0000
    38b0:	e7f3e0f2 	udf	#15874	@ 0x3e02
    38b4:	2a000452 	bcs	0x4a04
    38b8:	e7e013f1 			@ <UNDEFINED> instruction: 0xe7e013f1
    38bc:	e2400030 	sub	r0, r0, #48	@ 0x30
    38c0:	e1a01000 	mov	r1, r0
    38c4:	e3500009 	cmp	r0, #9
    38c8:	8a000024 	bhi	0x3960
    38cc:	e5946004 	ldr	r6, [r4, #4]
    38d0:	e5953030 	ldr	r3, [r5, #48]	@ 0x30
    38d4:	e3e0e4fe 	mvn	lr, #-33554432	@ 0xfe000000
    38d8:	e3cee8fe 	bic	lr, lr, #16646144	@ 0xfe0000
    38dc:	e7f6e0f3 	udf	#28163	@ 0x6e03
    38e0:	2a000447 	bcs	0x4a04
    38e4:	e7e036f0 			@ <UNDEFINED> instruction: 0xe7e036f0
    38e8:	e3500024 	cmp	r0, #36	@ 0x24
    38ec:	1a00001b 	bne	0x3960
    38f0:	e594c000 	ldr	ip, [r4]
    38f4:	e35c0000 	cmp	ip, #0
    38f8:	1a00000b 	bne	0x392c
    38fc:	e1a00101 	lsl	r0, r1, #2
    3900:	e594c010 	ldr	ip, [r4, #16]
    3904:	e08c0000 	add	r0, ip, r0
    3908:	e5953030 	ldr	r3, [r5, #48]	@ 0x30
    390c:	e59fc9c8 	ldr	ip, [pc, #2504]	@ 0x42dc
    3910:	e150000c 	cmp	r0, ip
    3914:	8a00043a 	bhi	0x4a04
    3918:	e3a0600a 	mov	r6, #10
    391c:	e7d630f4 			@ <UNDEFINED> instruction: 0xe7d630f4
    3920:	e3a0e000 	mov	lr, #0
    3924:	e584e054 	str	lr, [r4, #84]	@ 0x54
    3928:	ea000008 	b	0x3950
    392c:	e1a01181 	lsl	r1, r1, #3
    3930:	e594c00c 	ldr	ip, [r4, #12]
    3934:	e08c1001 	add	r1, ip, r1
    3938:	e5950030 	ldr	r0, [r5, #48]	@ 0x30
    393c:	e59fc998 	ldr	ip, [pc, #2456]	@ 0x42dc
    3940:	e151000c 	cmp	r1, ip
    3944:	8a00042e 	bhi	0x4a04
    3948:	e7ee01f4 			@ <UNDEFINED> instruction: 0xe7ee01f4
    394c:	e584e054 	str	lr, [r4, #84]	@ 0x54
    3950:	e594c004 	ldr	ip, [r4, #4]
    3954:	e28ce004 	add	lr, ip, #4
    3958:	e584e004 	str	lr, [r4, #4]
    395c:	ea00001f 	b	0x39e0
    3960:	e594c02c 	ldr	ip, [r4, #44]	@ 0x2c
    3964:	e35c0000 	cmp	ip, #0
    3968:	1a00038e 	bne	0x47a8
    396c:	e594c004 	ldr	ip, [r4, #4]
    3970:	e28ce002 	add	lr, ip, #2
    3974:	e584e004 	str	lr, [r4, #4]
    3978:	e594c000 	ldr	ip, [r4]
    397c:	e35c0000 	cmp	ip, #0
    3980:	1a000002 	bne	0x3990
    3984:	e3a0e000 	mov	lr, #0
    3988:	e584e054 	str	lr, [r4, #84]	@ 0x54
    398c:	ea000013 	b	0x39e0
    3990:	e5943008 	ldr	r3, [r4, #8]
    3994:	e5951030 	ldr	r1, [r5, #48]	@ 0x30
    3998:	e59fc93c 	ldr	ip, [pc, #2364]	@ 0x42dc
    399c:	e153000c 	cmp	r3, ip
    39a0:	8a000417 	bhi	0x4a04
    39a4:	e7e013f4 			@ <UNDEFINED> instruction: 0xe7e013f4
    39a8:	e1a01000 	mov	r1, r0
    39ac:	e2800004 	add	r0, r0, #4
    39b0:	e5946008 	ldr	r6, [r4, #8]
    39b4:	e5953030 	ldr	r3, [r5, #48]	@ 0x30
    39b8:	e59fc91c 	ldr	ip, [pc, #2332]	@ 0x42dc
    39bc:	e156000c 	cmp	r6, ip
    39c0:	8a00040f 	bhi	0x4a04
    39c4:	e7d036f4 			@ <UNDEFINED> instruction: 0xe7d036f4
    39c8:	e5950030 	ldr	r0, [r5, #48]	@ 0x30
    39cc:	e59fc908 	ldr	ip, [pc, #2312]	@ 0x42dc
    39d0:	e151000c 	cmp	r1, ip
    39d4:	8a00040a 	bhi	0x4a04
    39d8:	e7ee01f4 			@ <UNDEFINED> instruction: 0xe7ee01f4
    39dc:	e584e054 	str	lr, [r4, #84]	@ 0x54
    39e0:	e594101c 	ldr	r1, [r4, #28]
    39e4:	e5950030 	ldr	r0, [r5, #48]	@ 0x30
    39e8:	e5943004 	ldr	r3, [r4, #4]
    39ec:	e59fe8e8 	ldr	lr, [pc, #2280]	@ 0x42dc
    39f0:	e7f1e3fc 	udf	#7740	@ 0x1e3c
    39f4:	2a000402 	bcs	0x4a04
    39f8:	e7d301f4 			@ <UNDEFINED> instruction: 0xe7d301f4
    39fc:	e594c054 	ldr	ip, [r4, #84]	@ 0x54
    3a00:	e37c0001 	cmn	ip, #1
    3a04:	e3a0b000 	mov	fp, #0
    3a08:	c3a0b001 	movgt	fp, #1
    3a0c:	ea00001b 	b	0x3a80
    3a10:	e594c004 	ldr	ip, [r4, #4]
    3a14:	e28c0001 	add	r0, ip, #1
    3a18:	e594301c 	ldr	r3, [r4, #28]
    3a1c:	e5951030 	ldr	r1, [r5, #48]	@ 0x30
    3a20:	e59fe8b4 	ldr	lr, [pc, #2228]	@ 0x42dc
    3a24:	e7f3e3fc 	udf	#15932	@ 0x3e3c
    3a28:	2a0003f5 	bcs	0x4a04
    3a2c:	e7d013f4 			@ <UNDEFINED> instruction: 0xe7d013f4
    3a30:	e3a0b001 	mov	fp, #1
    3a34:	e594c01c 	ldr	ip, [r4, #28]
    3a38:	e28c003c 	add	r0, ip, #60	@ 0x3c
    3a3c:	e5840088 	str	r0, [r4, #136]	@ 0x88
    3a40:	e59f08a8 	ldr	r0, [pc, #2216]	@ 0x42f0
    3a44:	e1a01004 	mov	r1, r4
    3a48:	e59d2000 	ldr	r2, [sp]
    3a4c:	e59fc8a0 	ldr	ip, [pc, #2208]	@ 0x42f4
    3a50:	e12fff3c 	blx	ip
    3a54:	e3500000 	cmp	r0, #0
    3a58:	1a0003ec 	bne	0x4a10
    3a5c:	e5940088 	ldr	r0, [r4, #136]	@ 0x88
    3a60:	e5840054 	str	r0, [r4, #84]	@ 0x54
    3a64:	e594101c 	ldr	r1, [r4, #28]
    3a68:	e5950030 	ldr	r0, [r5, #48]	@ 0x30
    3a6c:	e59fe868 	ldr	lr, [pc, #2152]	@ 0x42dc
    3a70:	e7f1e3fc 	udf	#7740	@ 0x1e3c
    3a74:	2a0003e2 	bcs	0x4a04
    3a78:	e7ee01f4 			@ <UNDEFINED> instruction: 0xe7ee01f4
    3a7c:	e584e004 	str	lr, [r4, #4]
    3a80:	e1a06007 	mov	r6, r7
    3a84:	e3a0e01c 	mov	lr, #28
    3a88:	e584e05c 	str	lr, [r4, #92]	@ 0x5c
    3a8c:	e594a004 	ldr	sl, [r4, #4]
    3a90:	e5943004 	ldr	r3, [r4, #4]
    3a94:	e5951030 	ldr	r1, [r5, #48]	@ 0x30
    3a98:	e3e0c4fe 	mvn	ip, #-33554432	@ 0xfe000000
    3a9c:	e3ccc8fe 	bic	ip, ip, #16646144	@ 0xfe0000
    3aa0:	e153000c 	cmp	r3, ip
    3aa4:	8a0003d6 	bhi	0x4a04
    3aa8:	e7e013f1 			@ <UNDEFINED> instruction: 0xe7e013f1
    3aac:	e1a01000 	mov	r1, r0
    3ab0:	e240007b 	sub	r0, r0, #123	@ 0x7b
    3ab4:	e370003a 	cmn	r0, #58	@ 0x3a
    3ab8:	3a0003b8 	bcc	0x49a0
    3abc:	e28ae001 	add	lr, sl, #1
    3ac0:	e584e004 	str	lr, [r4, #4]
    3ac4:	e3a0c03a 	mov	ip, #58	@ 0x3a
    3ac8:	e0000c96 	mul	r0, r6, ip
    3acc:	e0800001 	add	r0, r0, r1
    3ad0:	e2800b40 	add	r0, r0, #64, 22	@ 0x10000
    3ad4:	e280005f 	add	r0, r0, #95	@ 0x5f
    3ad8:	e1a03000 	mov	r3, r0
    3adc:	e5951030 	ldr	r1, [r5, #48]	@ 0x30
    3ae0:	e3e0c4fe 	mvn	ip, #-33554432	@ 0xfe000000
    3ae4:	e3ccc8fe 	bic	ip, ip, #16646144	@ 0xfe0000
    3ae8:	e153000c 	cmp	r3, ip
    3aec:	8a0003c4 	bhi	0x4a04
    3af0:	e7e013f0 			@ <UNDEFINED> instruction: 0xe7e013f0
    3af4:	e1a07000 	mov	r7, r0
    3af8:	e2400001 	sub	r0, r0, #1
    3afc:	e20000ff 	and	r0, r0, #255	@ 0xff
    3b00:	e3500008 	cmp	r0, #8
    3b04:	3affffdd 	bcc	0x3a80
    3b08:	e594101c 	ldr	r1, [r4, #28]
    3b0c:	e5950030 	ldr	r0, [r5, #48]	@ 0x30
    3b10:	e5943004 	ldr	r3, [r4, #4]
    3b14:	e59fe7c0 	ldr	lr, [pc, #1984]	@ 0x42dc
    3b18:	e7f1e3fc 	udf	#7740	@ 0x1e3c
    3b1c:	2a0003b8 	bcs	0x4a04
    3b20:	e7d301f4 			@ <UNDEFINED> instruction: 0xe7d301f4
    3b24:	e357001b 	cmp	r7, #27
    3b28:	0a000031 	beq	0x3bf4
    3b2c:	e3570000 	cmp	r7, #0
    3b30:	0a00039a 	beq	0x49a0
    3b34:	e3580000 	cmp	r8, #0
    3b38:	ba00001e 	blt	0x3bb8
    3b3c:	e594c000 	ldr	ip, [r4]
    3b40:	e35c0000 	cmp	ip, #0
    3b44:	1a000008 	bne	0x3b6c
    3b48:	e1a00108 	lsl	r0, r8, #2
    3b4c:	e594c010 	ldr	ip, [r4, #16]
    3b50:	e08c0000 	add	r0, ip, r0
    3b54:	e5951030 	ldr	r1, [r5, #48]	@ 0x30
    3b58:	e59fc77c 	ldr	ip, [pc, #1916]	@ 0x42dc
    3b5c:	e150000c 	cmp	r0, ip
    3b60:	8a0003a7 	bhi	0x4a04
    3b64:	e7d710f4 			@ <UNDEFINED> instruction: 0xe7d710f4
    3b68:	eafffdfe 	b	0x3368
    3b6c:	e1a00188 	lsl	r0, r8, #3
    3b70:	e594c00c 	ldr	ip, [r4, #12]
    3b74:	e08c0000 	add	r0, ip, r0
    3b78:	e5952030 	ldr	r2, [r5, #48]	@ 0x30
    3b7c:	e59fc774 	ldr	ip, [pc, #1908]	@ 0x42f8
    3b80:	e150000c 	cmp	r0, ip
    3b84:	8a00039e 	bhi	0x4a04
    3b88:	e082c000 	add	ip, r2, r0
    3b8c:	e59c1000 	ldr	r1, [ip]
    3b90:	e59c3004 	ldr	r3, [ip, #4]
    3b94:	e594201c 	ldr	r2, [r4, #28]
    3b98:	e5950030 	ldr	r0, [r5, #48]	@ 0x30
    3b9c:	e59fe754 	ldr	lr, [pc, #1876]	@ 0x42f8
    3ba0:	e7f2e3f0 	udf	#11824	@ 0x2e30
    3ba4:	2a000396 	bcs	0x4a04
    3ba8:	e080c002 	add	ip, r0, r2
    3bac:	e58c1000 	str	r1, [ip]
    3bb0:	e58c3004 	str	r3, [ip, #4]
    3bb4:	ea000015 	b	0x3c10
    3bb8:	e594c000 	ldr	ip, [r4]
    3bbc:	e35c0000 	cmp	ip, #0
    3bc0:	0a000371 	beq	0x498c
    3bc4:	e594c01c 	ldr	ip, [r4, #28]
    3bc8:	e28c0030 	add	r0, ip, #48	@ 0x30
    3bcc:	e5840088 	str	r0, [r4, #136]	@ 0x88
    3bd0:	e5847034 	str	r7, [r4, #52]	@ 0x34
    3bd4:	e59f0720 	ldr	r0, [pc, #1824]	@ 0x42fc
    3bd8:	e1a01004 	mov	r1, r4
    3bdc:	e59d2000 	ldr	r2, [sp]
    3be0:	e59fc718 	ldr	ip, [pc, #1816]	@ 0x4300
    3be4:	e12fff3c 	blx	ip
    3be8:	e3500000 	cmp	r0, #0
    3bec:	1a000387 	bne	0x4a10
    3bf0:	ea000006 	b	0x3c10
    3bf4:	e3780001 	cmn	r8, #1
    3bf8:	ca000368 	bgt	0x49a0
    3bfc:	e3a0e000 	mov	lr, #0
    3c00:	e584e034 	str	lr, [r4, #52]	@ 0x34
    3c04:	e594c000 	ldr	ip, [r4]
    3c08:	e35c0000 	cmp	ip, #0
    3c0c:	0afffdd7 	beq	0x3370
    3c10:	e5942000 	ldr	r2, [r4]
    3c14:	e5951030 	ldr	r1, [r5, #48]	@ 0x30
    3c18:	e3e0c4fe 	mvn	ip, #-33554432	@ 0xfe000000
    3c1c:	e3ccc8fe 	bic	ip, ip, #16646144	@ 0xfe0000
    3c20:	e152000c 	cmp	r2, ip
    3c24:	8a000376 	bhi	0x4a04
    3c28:	e7e012f0 			@ <UNDEFINED> instruction: 0xe7e012f0
    3c2c:	e3100020 	tst	r0, #32
    3c30:	1a000368 	bne	0x49d8
    3c34:	e3c90b40 	bic	r0, r9, #64, 22	@ 0x10000
    3c38:	e5840060 	str	r0, [r4, #96]	@ 0x60
    3c3c:	e3190d80 	tst	r9, #128, 26	@ 0x2000
    3c40:	e1a0e000 	mov	lr, r0
    3c44:	01a0e009 	moveq	lr, r9
    3c48:	e584e048 	str	lr, [r4, #72]	@ 0x48
    3c4c:	e3a0e000 	mov	lr, #0
    3c50:	e584e044 	str	lr, [r4, #68]	@ 0x44
    3c54:	e3a0eb40 	mov	lr, #64, 22	@ 0x10000
    3c58:	e584e064 	str	lr, [r4, #100]	@ 0x64
    3c5c:	e594e028 	ldr	lr, [r4, #40]	@ 0x28
    3c60:	e584e05c 	str	lr, [r4, #92]	@ 0x5c
    3c64:	e1a0200a 	mov	r2, sl
    3c68:	e5951030 	ldr	r1, [r5, #48]	@ 0x30
    3c6c:	e3e0c4fe 	mvn	ip, #-33554432	@ 0xfe000000
    3c70:	e3ccc8fe 	bic	ip, ip, #16646144	@ 0xfe0000
    3c74:	e152000c 	cmp	r2, ip
    3c78:	8a000361 	bhi	0x4a04
    3c7c:	e7ea12f0 			@ <UNDEFINED> instruction: 0xe7ea12f0
    3c80:	e1a0100a 	mov	r1, sl
    3c84:	e6afa07a 	sxtb	sl, sl
    3c88:	e1a0200a 	mov	r2, sl
    3c8c:	e3caa02c 	bic	sl, sl, #44	@ 0x2c
    3c90:	e201100f 	and	r1, r1, #15
    3c94:	e3510003 	cmp	r1, #3
    3c98:	11a0a002 	movne	sl, r2
    3c9c:	e3560000 	cmp	r6, #0
    3ca0:	01a0a002 	moveq	sl, r2
    3ca4:	e1a0800a 	mov	r8, sl
    3ca8:	e24aa058 	sub	sl, sl, #88	@ 0x58
    3cac:	e1a0e00a 	mov	lr, sl
    3cb0:	e35e0021 	cmp	lr, #33	@ 0x21
    3cb4:	23a0e021 	movcs	lr, #33	@ 0x21
    3cb8:	e1a0e10e 	lsl	lr, lr, #2
    3cbc:	e59fc640 	ldr	ip, [pc, #1600]	@ 0x4304
    3cc0:	e08ee00c 	add	lr, lr, ip
    3cc4:	e59ec000 	ldr	ip, [lr]
    3cc8:	e12fff1c 	bx	ip
    3ccc:	e594e028 	ldr	lr, [r4, #40]	@ 0x28
    3cd0:	e584e05c 	str	lr, [r4, #92]	@ 0x5c
    3cd4:	e2481041 	sub	r1, r8, #65	@ 0x41
    3cd8:	e1a0e001 	mov	lr, r1
    3cdc:	e35e0007 	cmp	lr, #7
    3ce0:	23a0e007 	movcs	lr, #7
    3ce4:	e1a0e10e 	lsl	lr, lr, #2
    3ce8:	e59fc618 	ldr	ip, [pc, #1560]	@ 0x4308
    3cec:	e08ee00c 	add	lr, lr, ip
    3cf0:	e59ec000 	ldr	ip, [lr]
    3cf4:	e12fff1c 	bx	ip
    3cf8:	e3580053 	cmp	r8, #83	@ 0x53
    3cfc:	0a00019a 	beq	0x436c
    3d00:	ea0002bb 	b	0x47f4
    3d04:	e3a0e000 	mov	lr, #0
    3d08:	e584e044 	str	lr, [r4, #68]	@ 0x44
    3d0c:	e3a0eb40 	mov	lr, #64, 22	@ 0x10000
    3d10:	e584e064 	str	lr, [r4, #100]	@ 0x64
    3d14:	e594201c 	ldr	r2, [r4, #28]
    3d18:	e5951030 	ldr	r1, [r5, #48]	@ 0x30
    3d1c:	e59fe5d4 	ldr	lr, [pc, #1492]	@ 0x42f8
    3d20:	e7f2e3f0 	udf	#11824	@ 0x2e30
    3d24:	2a000336 	bcs	0x4a04
    3d28:	e081c002 	add	ip, r1, r2
    3d2c:	e59ca000 	ldr	sl, [ip]
    3d30:	e59c9004 	ldr	r9, [ip, #4]
    3d34:	ea0000f2 	b	0x4104
    3d38:	e3a0e000 	mov	lr, #0
    3d3c:	e584e034 	str	lr, [r4, #52]	@ 0x34
    3d40:	e1a0e006 	mov	lr, r6
    3d44:	e35e0008 	cmp	lr, #8
    3d48:	23a0e008 	movcs	lr, #8
    3d4c:	e1a0e10e 	lsl	lr, lr, #2
    3d50:	e59fc5b4 	ldr	ip, [pc, #1460]	@ 0x430c
    3d54:	e08ee00c 	add	lr, lr, ip
    3d58:	e59ec000 	ldr	ip, [lr]
    3d5c:	e12fff1c 	bx	ip
    3d60:	e594301c 	ldr	r3, [r4, #28]
    3d64:	e5952030 	ldr	r2, [r5, #48]	@ 0x30
    3d68:	e59fe56c 	ldr	lr, [pc, #1388]	@ 0x42dc
    3d6c:	e7f3e3f0 	udf	#15920	@ 0x3e30
    3d70:	2a000323 	bcs	0x4a04
    3d74:	e7e123f4 			@ <UNDEFINED> instruction: 0xe7e123f4
    3d78:	e5952030 	ldr	r2, [r5, #48]	@ 0x30
    3d7c:	e5943030 	ldr	r3, [r4, #48]	@ 0x30
    3d80:	e59fc554 	ldr	ip, [pc, #1364]	@ 0x42dc
    3d84:	e151000c 	cmp	r1, ip
    3d88:	8a00031d 	bhi	0x4a04
    3d8c:	e7d321f4 			@ <UNDEFINED> instruction: 0xe7d321f4
    3d90:	eafffd76 	b	0x3370
    3d94:	e594301c 	ldr	r3, [r4, #28]
    3d98:	e5952030 	ldr	r2, [r5, #48]	@ 0x30
    3d9c:	e59fe538 	ldr	lr, [pc, #1336]	@ 0x42dc
    3da0:	e7f3e3f0 	udf	#15920	@ 0x3e30
    3da4:	2a000316 	bcs	0x4a04
    3da8:	e7e123f4 			@ <UNDEFINED> instruction: 0xe7e123f4
    3dac:	e5952030 	ldr	r2, [r5, #48]	@ 0x30
    3db0:	e5943030 	ldr	r3, [r4, #48]	@ 0x30
    3db4:	e59fc520 	ldr	ip, [pc, #1312]	@ 0x42dc
    3db8:	e151000c 	cmp	r1, ip
    3dbc:	8a000310 	bhi	0x4a04
    3dc0:	e7d321f4 			@ <UNDEFINED> instruction: 0xe7d321f4
    3dc4:	eafffd69 	b	0x3370
    3dc8:	e594301c 	ldr	r3, [r4, #28]
    3dcc:	e5952030 	ldr	r2, [r5, #48]	@ 0x30
    3dd0:	e59fe504 	ldr	lr, [pc, #1284]	@ 0x42dc
    3dd4:	e7f3e3f0 	udf	#15920	@ 0x3e30
    3dd8:	2a000309 	bcs	0x4a04
    3ddc:	e7e123f4 			@ <UNDEFINED> instruction: 0xe7e123f4
    3de0:	e5942030 	ldr	r2, [r4, #48]	@ 0x30
    3de4:	e1a03fc2 	asr	r3, r2, #31
    3de8:	e5956030 	ldr	r6, [r5, #48]	@ 0x30
    3dec:	e59fc504 	ldr	ip, [pc, #1284]	@ 0x42f8
    3df0:	e151000c 	cmp	r1, ip
    3df4:	8a000302 	bhi	0x4a04
    3df8:	e086c001 	add	ip, r6, r1
    3dfc:	e58c2000 	str	r2, [ip]
    3e00:	e58c3004 	str	r3, [ip, #4]
    3e04:	eafffd59 	b	0x3370
    3e08:	e594301c 	ldr	r3, [r4, #28]
    3e0c:	e5952030 	ldr	r2, [r5, #48]	@ 0x30
    3e10:	e59fe4c4 	ldr	lr, [pc, #1220]	@ 0x42dc
    3e14:	e7f3e3f0 	udf	#15920	@ 0x3e30
    3e18:	2a0002f9 	bcs	0x4a04
    3e1c:	e7e123f4 			@ <UNDEFINED> instruction: 0xe7e123f4
    3e20:	e5952030 	ldr	r2, [r5, #48]	@ 0x30
    3e24:	e5943030 	ldr	r3, [r4, #48]	@ 0x30
    3e28:	e59fc4e0 	ldr	ip, [pc, #1248]	@ 0x4310
    3e2c:	e151000c 	cmp	r1, ip
    3e30:	8a0002f3 	bhi	0x4a04
    3e34:	e7d321f2 			@ <UNDEFINED> instruction: 0xe7d321f2
    3e38:	eafffd4c 	b	0x3370
    3e3c:	e594301c 	ldr	r3, [r4, #28]
    3e40:	e5952030 	ldr	r2, [r5, #48]	@ 0x30
    3e44:	e59fe490 	ldr	lr, [pc, #1168]	@ 0x42dc
    3e48:	e7f3e3f0 	udf	#15920	@ 0x3e30
    3e4c:	2a0002ec 	bcs	0x4a04
    3e50:	e7e123f4 			@ <UNDEFINED> instruction: 0xe7e123f4
    3e54:	e5952030 	ldr	r2, [r5, #48]	@ 0x30
    3e58:	e5943030 	ldr	r3, [r4, #48]	@ 0x30
    3e5c:	e3e0c4fe 	mvn	ip, #-33554432	@ 0xfe000000
    3e60:	e3ccc8fe 	bic	ip, ip, #16646144	@ 0xfe0000
    3e64:	e151000c 	cmp	r1, ip
    3e68:	8a0002e5 	bhi	0x4a04
    3e6c:	e7d321f0 			@ <UNDEFINED> instruction: 0xe7d321f0
    3e70:	eafffd3e 	b	0x3370
    3e74:	e594301c 	ldr	r3, [r4, #28]
    3e78:	e5952030 	ldr	r2, [r5, #48]	@ 0x30
    3e7c:	e59fe458 	ldr	lr, [pc, #1112]	@ 0x42dc
    3e80:	e7f3e3f0 	udf	#15920	@ 0x3e30
    3e84:	2a0002de 	bcs	0x4a04
    3e88:	e7e123f4 			@ <UNDEFINED> instruction: 0xe7e123f4
    3e8c:	e5952030 	ldr	r2, [r5, #48]	@ 0x30
    3e90:	e5943030 	ldr	r3, [r4, #48]	@ 0x30
    3e94:	e59fc440 	ldr	ip, [pc, #1088]	@ 0x42dc
    3e98:	e151000c 	cmp	r1, ip
    3e9c:	8a0002d8 	bhi	0x4a04
    3ea0:	e7d321f4 			@ <UNDEFINED> instruction: 0xe7d321f4
    3ea4:	eafffd31 	b	0x3370
    3ea8:	e594301c 	ldr	r3, [r4, #28]
    3eac:	e5952030 	ldr	r2, [r5, #48]	@ 0x30
    3eb0:	e59fe424 	ldr	lr, [pc, #1060]	@ 0x42dc
    3eb4:	e7f3e3f0 	udf	#15920	@ 0x3e30
    3eb8:	2a0002d1 	bcs	0x4a04
    3ebc:	e7e123f4 			@ <UNDEFINED> instruction: 0xe7e123f4
    3ec0:	e5942030 	ldr	r2, [r4, #48]	@ 0x30
    3ec4:	e1a03fc2 	asr	r3, r2, #31
    3ec8:	e5956030 	ldr	r6, [r5, #48]	@ 0x30
    3ecc:	e59fc424 	ldr	ip, [pc, #1060]	@ 0x42f8
    3ed0:	e151000c 	cmp	r1, ip
    3ed4:	8a0002ca 	bhi	0x4a04
    3ed8:	e086c001 	add	ip, r6, r1
    3edc:	e58c2000 	str	r2, [ip]
    3ee0:	e58c3004 	str	r3, [ip, #4]
    3ee4:	eafffd21 	b	0x3370
    3ee8:	e594c054 	ldr	ip, [r4, #84]	@ 0x54
    3eec:	e35c0008 	cmp	ip, #8
    3ef0:	e3a0e008 	mov	lr, #8
    3ef4:	e594c054 	ldr	ip, [r4, #84]	@ 0x54
    3ef8:	81a0e00c 	movhi	lr, ip
    3efc:	e584e054 	str	lr, [r4, #84]	@ 0x54
    3f00:	e594c048 	ldr	ip, [r4, #72]	@ 0x48
    3f04:	e38ce008 	orr	lr, ip, #8
    3f08:	e584e048 	str	lr, [r4, #72]	@ 0x48
    3f0c:	e3a08078 	mov	r8, #120	@ 0x78
    3f10:	e3a0e000 	mov	lr, #0
    3f14:	e584e044 	str	lr, [r4, #68]	@ 0x44
    3f18:	e3a0eb40 	mov	lr, #64, 22	@ 0x10000
    3f1c:	e584e064 	str	lr, [r4, #100]	@ 0x64
    3f20:	e594601c 	ldr	r6, [r4, #28]
    3f24:	e5953030 	ldr	r3, [r5, #48]	@ 0x30
    3f28:	e59fe3c8 	ldr	lr, [pc, #968]	@ 0x42f8
    3f2c:	e7f6e3f0 	udf	#28208	@ 0x6e30
    3f30:	2a0002b3 	bcs	0x4a04
    3f34:	e083c006 	add	ip, r3, r6
    3f38:	e59c1000 	ldr	r1, [ip]
    3f3c:	e59c2004 	ldr	r2, [ip, #4]
    3f40:	e1a0a001 	mov	sl, r1
    3f44:	e1a09002 	mov	r9, r2
    3f48:	e2083020 	and	r3, r8, #32
    3f4c:	e5841088 	str	r1, [r4, #136]	@ 0x88
    3f50:	e584208c 	str	r2, [r4, #140]	@ 0x8c
    3f54:	e5843094 	str	r3, [r4, #148]	@ 0x94
    3f58:	e59f03b4 	ldr	r0, [pc, #948]	@ 0x4314
    3f5c:	e1a01004 	mov	r1, r4
    3f60:	e59d2000 	ldr	r2, [sp]
    3f64:	e59fc3ac 	ldr	ip, [pc, #940]	@ 0x4318
    3f68:	e12fff3c 	blx	ip
    3f6c:	e3500000 	cmp	r0, #0
    3f70:	1a0002a6 	bne	0x4a10
    3f74:	e5941088 	ldr	r1, [r4, #136]	@ 0x88
    3f78:	e5841038 	str	r1, [r4, #56]	@ 0x38
    3f7c:	e19ac009 	orrs	ip, sl, r9
    3f80:	0a00006a 	beq	0x4130
    3f84:	e594c048 	ldr	ip, [r4, #72]	@ 0x48
    3f88:	e31c0008 	tst	ip, #8
    3f8c:	0a000067 	beq	0x4130
    3f90:	e1a01228 	lsr	r1, r8, #4
    3f94:	e281eb40 	add	lr, r1, #64, 22	@ 0x10000
    3f98:	e584e064 	str	lr, [r4, #100]	@ 0x64
    3f9c:	e3a0e002 	mov	lr, #2
    3fa0:	e584e044 	str	lr, [r4, #68]	@ 0x44
    3fa4:	ea000061 	b	0x4130
    3fa8:	e3a0e000 	mov	lr, #0
    3fac:	e584e044 	str	lr, [r4, #68]	@ 0x44
    3fb0:	e3a0eb40 	mov	lr, #64, 22	@ 0x10000
    3fb4:	e584e064 	str	lr, [r4, #100]	@ 0x64
    3fb8:	e594601c 	ldr	r6, [r4, #28]
    3fbc:	e5953030 	ldr	r3, [r5, #48]	@ 0x30
    3fc0:	e59fe330 	ldr	lr, [pc, #816]	@ 0x42f8
    3fc4:	e7f6e3f0 	udf	#28208	@ 0x6e30
    3fc8:	2a00028d 	bcs	0x4a04
    3fcc:	e083c006 	add	ip, r3, r6
    3fd0:	e59c1000 	ldr	r1, [ip]
    3fd4:	e59c2004 	ldr	r2, [ip, #4]
    3fd8:	e1a0a001 	mov	sl, r1
    3fdc:	e1a09002 	mov	r9, r2
    3fe0:	e5841088 	str	r1, [r4, #136]	@ 0x88
    3fe4:	e584208c 	str	r2, [r4, #140]	@ 0x8c
    3fe8:	e59f032c 	ldr	r0, [pc, #812]	@ 0x431c
    3fec:	e1a01004 	mov	r1, r4
    3ff0:	e59d2000 	ldr	r2, [sp]
    3ff4:	e59fc324 	ldr	ip, [pc, #804]	@ 0x4320
    3ff8:	e12fff3c 	blx	ip
    3ffc:	e3500000 	cmp	r0, #0
    4000:	1a000282 	bne	0x4a10
    4004:	e5941088 	ldr	r1, [r4, #136]	@ 0x88
    4008:	e5841038 	str	r1, [r4, #56]	@ 0x38
    400c:	e594c048 	ldr	ip, [r4, #72]	@ 0x48
    4010:	e31c0008 	tst	ip, #8
    4014:	0a000045 	beq	0x4130
    4018:	e594e038 	ldr	lr, [r4, #56]	@ 0x38
    401c:	e594c020 	ldr	ip, [r4, #32]
    4020:	e04c100e 	sub	r1, ip, lr
    4024:	e1a02001 	mov	r2, r1
    4028:	e594c054 	ldr	ip, [r4, #84]	@ 0x54
    402c:	e15c0002 	cmp	ip, r2
    4030:	e594e054 	ldr	lr, [r4, #84]	@ 0x54
    4034:	d1a0e001 	movle	lr, r1
    4038:	e584e054 	str	lr, [r4, #84]	@ 0x54
    403c:	ea00003b 	b	0x4130
    4040:	e594601c 	ldr	r6, [r4, #28]
    4044:	e5953030 	ldr	r3, [r5, #48]	@ 0x30
    4048:	e59fe2a8 	ldr	lr, [pc, #680]	@ 0x42f8
    404c:	e7f6e3f0 	udf	#28208	@ 0x6e30
    4050:	2a00026b 	bcs	0x4a04
    4054:	e083c006 	add	ip, r3, r6
    4058:	e59c1000 	ldr	r1, [ip]
    405c:	e59c2004 	ldr	r2, [ip, #4]
    4060:	e1a0a001 	mov	sl, r1
    4064:	e1a09002 	mov	r9, r2
    4068:	e3e0c000 	mvn	ip, #0
    406c:	e15c0001 	cmp	ip, r1
    4070:	e3e0c000 	mvn	ip, #0
    4074:	e0dcc002 	sbcs	ip, ip, r2
    4078:	ba000010 	blt	0x40c0
    407c:	e27a1000 	rsbs	r1, sl, #0
    4080:	e2e92000 	rsc	r2, r9, #0
    4084:	e1a0a001 	mov	sl, r1
    4088:	e1a09002 	mov	r9, r2
    408c:	e594601c 	ldr	r6, [r4, #28]
    4090:	e5953030 	ldr	r3, [r5, #48]	@ 0x30
    4094:	e59fe25c 	ldr	lr, [pc, #604]	@ 0x42f8
    4098:	e7f6e3f0 	udf	#28208	@ 0x6e30
    409c:	2a000258 	bcs	0x4a04
    40a0:	e083c006 	add	ip, r3, r6
    40a4:	e58c1000 	str	r1, [ip]
    40a8:	e58c2004 	str	r2, [ip, #4]
    40ac:	e3a0e001 	mov	lr, #1
    40b0:	e584e044 	str	lr, [r4, #68]	@ 0x44
    40b4:	e3a0eb40 	mov	lr, #64, 22	@ 0x10000
    40b8:	e584e064 	str	lr, [r4, #100]	@ 0x64
    40bc:	ea000010 	b	0x4104
    40c0:	e594c048 	ldr	ip, [r4, #72]	@ 0x48
    40c4:	e31c0e80 	tst	ip, #128, 28	@ 0x800
    40c8:	0a000005 	beq	0x40e4
    40cc:	e3a0e001 	mov	lr, #1
    40d0:	e584e044 	str	lr, [r4, #68]	@ 0x44
    40d4:	e3a0eb40 	mov	lr, #64, 22	@ 0x10000
    40d8:	e38ee210 	orr	lr, lr, #16, 4
    40dc:	e584e064 	str	lr, [r4, #100]	@ 0x64
    40e0:	ea000007 	b	0x4104
    40e4:	e594c048 	ldr	ip, [r4, #72]	@ 0x48
    40e8:	e20c1001 	and	r1, ip, #1
    40ec:	e5841044 	str	r1, [r4, #68]	@ 0x44
    40f0:	e3510000 	cmp	r1, #0
    40f4:	e3a0eb40 	mov	lr, #64, 22	@ 0x10000
    40f8:	e38ee220 	orr	lr, lr, #32, 4
    40fc:	03a0eb40 	moveq	lr, #64, 22	@ 0x10000
    4100:	e584e064 	str	lr, [r4, #100]	@ 0x64
    4104:	e584a068 	str	sl, [r4, #104]	@ 0x68
    4108:	e584906c 	str	r9, [r4, #108]	@ 0x6c
    410c:	e59f0210 	ldr	r0, [pc, #528]	@ 0x4324
    4110:	e1a01004 	mov	r1, r4
    4114:	e59d2000 	ldr	r2, [sp]
    4118:	e59fc208 	ldr	ip, [pc, #520]	@ 0x4328
    411c:	e12fff3c 	blx	ip
    4120:	e3500000 	cmp	r0, #0
    4124:	1a000239 	bne	0x4a10
    4128:	e5941088 	ldr	r1, [r4, #136]	@ 0x88
    412c:	e5841038 	str	r1, [r4, #56]	@ 0x38
    4130:	e594c054 	ldr	ip, [r4, #84]	@ 0x54
    4134:	e35c0000 	cmp	ip, #0
    4138:	e3a01000 	mov	r1, #0
    413c:	b3a01001 	movlt	r1, #1
    4140:	e11b0001 	tst	fp, r1
    4144:	1a000213 	bne	0x4998
    4148:	e594c048 	ldr	ip, [r4, #72]	@ 0x48
    414c:	e3cc1b40 	bic	r1, ip, #64, 22	@ 0x10000
    4150:	e35b0000 	cmp	fp, #0
    4154:	e594e048 	ldr	lr, [r4, #72]	@ 0x48
    4158:	11a0e001 	movne	lr, r1
    415c:	e584e048 	str	lr, [r4, #72]	@ 0x48
    4160:	e3590000 	cmp	r9, #0
    4164:	1a000000 	bne	0x416c
    4168:	e35a0000 	cmp	sl, #0
    416c:	1a000009 	bne	0x4198
    4170:	e594c054 	ldr	ip, [r4, #84]	@ 0x54
    4174:	e35c0000 	cmp	ip, #0
    4178:	1a000006 	bne	0x4198
    417c:	e594e028 	ldr	lr, [r4, #40]	@ 0x28
    4180:	e584e038 	str	lr, [r4, #56]	@ 0x38
    4184:	e594e028 	ldr	lr, [r4, #40]	@ 0x28
    4188:	e584e05c 	str	lr, [r4, #92]	@ 0x5c
    418c:	e3a0e000 	mov	lr, #0
    4190:	e584e054 	str	lr, [r4, #84]	@ 0x54
    4194:	ea000198 	b	0x47fc
    4198:	e594e038 	ldr	lr, [r4, #56]	@ 0x38
    419c:	e594c028 	ldr	ip, [r4, #40]	@ 0x28
    41a0:	e04c100e 	sub	r1, ip, lr
    41a4:	e19ac009 	orrs	ip, sl, r9
    41a8:	e3a02000 	mov	r2, #0
    41ac:	03a02001 	moveq	r2, #1
    41b0:	e0811002 	add	r1, r1, r2
    41b4:	e1a02001 	mov	r2, r1
    41b8:	e594c054 	ldr	ip, [r4, #84]	@ 0x54
    41bc:	e15c0002 	cmp	ip, r2
    41c0:	e594e054 	ldr	lr, [r4, #84]	@ 0x54
    41c4:	d1a0e001 	movle	lr, r1
    41c8:	e584e054 	str	lr, [r4, #84]	@ 0x54
    41cc:	ea000188 	b	0x47f4
    41d0:	e594301c 	ldr	r3, [r4, #28]
    41d4:	e5952030 	ldr	r2, [r5, #48]	@ 0x30
    41d8:	e3e0e4fe 	mvn	lr, #-33554432	@ 0xfe000000
    41dc:	e3cee8fe 	bic	lr, lr, #16646144	@ 0xfe0000
    41e0:	e7f3e3f0 	udf	#15920	@ 0x3e30
    41e4:	2a000206 	bcs	0x4a04
    41e8:	e7e123f0 			@ <UNDEFINED> instruction: 0xe7e123f0
    41ec:	ea000170 	b	0x47b4
    41f0:	e594601c 	ldr	r6, [r4, #28]
    41f4:	e5953030 	ldr	r3, [r5, #48]	@ 0x30
    41f8:	e59fe0dc 	ldr	lr, [pc, #220]	@ 0x42dc
    41fc:	e7f6e3f0 	udf	#28208	@ 0x6e30
    4200:	2a0001ff 	bcs	0x4a04
    4204:	e7e236f4 			@ <UNDEFINED> instruction: 0xe7e236f4
    4208:	e1a03002 	mov	r3, r2
    420c:	e3530000 	cmp	r3, #0
    4210:	e3a0eb40 	mov	lr, #64, 22	@ 0x10000
    4214:	e38ee1bc 	orr	lr, lr, #188, 2	@ 0x2f
    4218:	11a0e002 	movne	lr, r2
    421c:	e584e038 	str	lr, [r4, #56]	@ 0x38
    4220:	e594c054 	ldr	ip, [r4, #84]	@ 0x54
    4224:	e37c0360 	cmn	ip, #96, 6	@ 0x80000001
    4228:	e3e02480 	mvn	r2, #128, 8	@ 0x80000000
    422c:	e594c054 	ldr	ip, [r4, #84]	@ 0x54
    4230:	31a0200c 	movcc	r2, ip
    4234:	e5842090 	str	r2, [r4, #144]	@ 0x90
    4238:	e59f00ec 	ldr	r0, [pc, #236]	@ 0x432c
    423c:	e1a01004 	mov	r1, r4
    4240:	e59d2000 	ldr	r2, [sp]
    4244:	e59fc0e4 	ldr	ip, [pc, #228]	@ 0x4330
    4248:	e12fff3c 	blx	ip
    424c:	e3500000 	cmp	r0, #0
    4250:	1a0001ee 	bne	0x4a10
    4254:	e594208c 	ldr	r2, [r4, #140]	@ 0x8c
    4258:	e1a03002 	mov	r3, r2
    425c:	e594c038 	ldr	ip, [r4, #56]	@ 0x38
    4260:	e08ce002 	add	lr, ip, r2
    4264:	e584e05c 	str	lr, [r4, #92]	@ 0x5c
    4268:	e594c054 	ldr	ip, [r4, #84]	@ 0x54
    426c:	e37c0001 	cmn	ip, #1
    4270:	da000003 	ble	0x4284
    4274:	e594e060 	ldr	lr, [r4, #96]	@ 0x60
    4278:	e584e048 	str	lr, [r4, #72]	@ 0x48
    427c:	e5843054 	str	r3, [r4, #84]	@ 0x54
    4280:	ea00015d 	b	0x47fc
    4284:	e594e060 	ldr	lr, [r4, #96]	@ 0x60
    4288:	e584e048 	str	lr, [r4, #72]	@ 0x48
    428c:	e5843054 	str	r3, [r4, #84]	@ 0x54
    4290:	e594605c 	ldr	r6, [r4, #92]	@ 0x5c
    4294:	e5953030 	ldr	r3, [r5, #48]	@ 0x30
    4298:	e3e0c4fe 	mvn	ip, #-33554432	@ 0xfe000000
    429c:	e3ccc8fe 	bic	ip, ip, #16646144	@ 0xfe0000
    42a0:	e156000c 	cmp	r6, ip
    42a4:	8a0001d6 	bhi	0x4a04
    42a8:	e7e236f0 			@ <UNDEFINED> instruction: 0xe7e236f0
    42ac:	e3520000 	cmp	r2, #0
    42b0:	1a0001b8 	bne	0x4998
    42b4:	ea000150 	b	0x47fc
    42b8:	ea00001d 	b	0x4334
	...
    42d8:	00048004 	andeq	r8, r4, r4
    42dc:	0101fffc 	strdeq	pc, [r1, -ip]
    42e0:	00406e6c 	subeq	r6, r0, ip, ror #28
    42e4:	0004890c 	andeq	r8, r4, ip, lsl #18
    42e8:	0040736c 	subeq	r7, r0, ip, ror #6
    42ec:	0004890c 	andeq	r8, r4, ip, lsl #18
    42f0:	00407638 	subeq	r7, r0, r8, lsr r6
    42f4:	0004890c 	andeq	r8, r4, ip, lsl #18
    42f8:	0101fff8 	strdeq	pc, [r1, -r8]
    42fc:	0040787c 	subeq	r7, r0, ip, ror r8
    4300:	0004890c 	andeq	r8, r4, ip, lsl #18
    4304:	4085b1d4 	ldrdmi	fp, [r5], r4
    4308:	4085b25c 	addmi	fp, r5, ip, asr r2
    430c:	4085b27c 	addmi	fp, r5, ip, ror r2
    4310:	0101fffe 	strdeq	pc, [r1, -lr]
    4314:	00407cf0 	strdeq	r7, [r0], #-192	@ 0xffffff40
    4318:	0004890c 	andeq	r8, r4, ip, lsl #18
    431c:	00407db4 	strheq	r7, [r0], #-212	@ 0xffffff2c
    4320:	0004890c 	andeq	r8, r4, ip, lsl #18
    4324:	00407f44 	subeq	r7, r0, r4, asr #30
    4328:	0004890c 	andeq	r8, r4, ip, lsl #18
    432c:	004080ac 	subeq	r8, r0, ip, lsr #1
    4330:	0004890c 	andeq	r8, r4, ip, lsl #18
    4334:	e594901c 	ldr	r9, [r4, #28]
    4338:	e5956030 	ldr	r6, [r5, #48]	@ 0x30
    433c:	e59feff4 	ldr	lr, [pc, #4084]	@ 0x5338
    4340:	e7f9e3f0 	udf	#40496	@ 0x9e30
    4344:	2a0001ae 	bcs	0x4a04
    4348:	e086c009 	add	ip, r6, r9
    434c:	e59c2000 	ldr	r2, [ip]
    4350:	e59c3004 	ldr	r3, [ip, #4]
    4354:	e1a06002 	mov	r6, r2
    4358:	e1a09003 	mov	r9, r3
    435c:	e192c003 	orrs	ip, r2, r3
    4360:	1a000018 	bne	0x43c8
    4364:	e3a01000 	mov	r1, #0
    4368:	ea000111 	b	0x47b4
    436c:	e594c054 	ldr	ip, [r4, #84]	@ 0x54
    4370:	e35c0000 	cmp	ip, #0
    4374:	0a000006 	beq	0x4394
    4378:	e594301c 	ldr	r3, [r4, #28]
    437c:	e5952030 	ldr	r2, [r5, #48]	@ 0x30
    4380:	e59fefb4 	ldr	lr, [pc, #4020]	@ 0x533c
    4384:	e7f3e3f0 	udf	#15920	@ 0x3e30
    4388:	2a00019d 	bcs	0x4a04
    438c:	e7ea23f4 			@ <UNDEFINED> instruction: 0xe7ea23f4
    4390:	ea000025 	b	0x442c
    4394:	e3a07000 	mov	r7, #0
    4398:	e3a0e020 	mov	lr, #32
    439c:	e584e08c 	str	lr, [r4, #140]	@ 0x8c
    43a0:	e3a0e000 	mov	lr, #0
    43a4:	e584e070 	str	lr, [r4, #112]	@ 0x70
    43a8:	e59f0f90 	ldr	r0, [pc, #3984]	@ 0x5340
    43ac:	e1a01004 	mov	r1, r4
    43b0:	e59d2000 	ldr	r2, [sp]
    43b4:	e59fcf88 	ldr	ip, [pc, #3976]	@ 0x5344
    43b8:	e12fff3c 	blx	ip
    43bc:	e3500000 	cmp	r0, #0
    43c0:	1a000192 	bne	0x4a10
    43c4:	ea00007c 	b	0x45bc
    43c8:	e594301c 	ldr	r3, [r4, #28]
    43cc:	e5952030 	ldr	r2, [r5, #48]	@ 0x30
    43d0:	e59fef64 	ldr	lr, [pc, #3940]	@ 0x533c
    43d4:	e7f3e0fc 	udf	#15884	@ 0x3e0c
    43d8:	2a000189 	bcs	0x4a04
    43dc:	e3a00000 	mov	r0, #0
    43e0:	e7d023f4 			@ <UNDEFINED> instruction: 0xe7d023f4
    43e4:	e594201c 	ldr	r2, [r4, #28]
    43e8:	e5950030 	ldr	r0, [r5, #48]	@ 0x30
    43ec:	e59fef48 	ldr	lr, [pc, #3912]	@ 0x533c
    43f0:	e7f2e0f8 	udf	#11784	@ 0x2e08
    43f4:	2a000182 	bcs	0x4a04
    43f8:	e7806002 	str	r6, [r0, r2]
    43fc:	e594c01c 	ldr	ip, [r4, #28]
    4400:	e28c0008 	add	r0, ip, #8
    4404:	e594301c 	ldr	r3, [r4, #28]
    4408:	e5952030 	ldr	r2, [r5, #48]	@ 0x30
    440c:	e59fef28 	ldr	lr, [pc, #3880]	@ 0x533c
    4410:	e7f3e3f0 	udf	#15920	@ 0x3e30
    4414:	2a00017a 	bcs	0x4a04
    4418:	e7d023f4 			@ <UNDEFINED> instruction: 0xe7d023f4
    441c:	e594c01c 	ldr	ip, [r4, #28]
    4420:	e28ca008 	add	sl, ip, #8
    4424:	e3e0e000 	mvn	lr, #0
    4428:	e584e054 	str	lr, [r4, #84]	@ 0x54
    442c:	e3a07000 	mov	r7, #0
    4430:	e1a0300a 	mov	r3, sl
    4434:	e5952030 	ldr	r2, [r5, #48]	@ 0x30
    4438:	e59fcefc 	ldr	ip, [pc, #3836]	@ 0x533c
    443c:	e153000c 	cmp	r3, ip
    4440:	8a00016f 	bhi	0x4a04
    4444:	e7e023f4 			@ <UNDEFINED> instruction: 0xe7e023f4
    4448:	e1a02000 	mov	r2, r0
    444c:	e3500000 	cmp	r0, #0
    4450:	0a000018 	beq	0x44b8
    4454:	e594c01c 	ldr	ip, [r4, #28]
    4458:	e28c0004 	add	r0, ip, #4
    445c:	e5840088 	str	r0, [r4, #136]	@ 0x88
    4460:	e5842040 	str	r2, [r4, #64]	@ 0x40
    4464:	e59f0edc 	ldr	r0, [pc, #3804]	@ 0x5348
    4468:	e1a01004 	mov	r1, r4
    446c:	e59d2000 	ldr	r2, [sp]
    4470:	e59fced4 	ldr	ip, [pc, #3796]	@ 0x534c
    4474:	e12fff3c 	blx	ip
    4478:	e3500000 	cmp	r0, #0
    447c:	1a000163 	bne	0x4a10
    4480:	e5940088 	ldr	r0, [r4, #136]	@ 0x88
    4484:	e1a02000 	mov	r2, r0
    4488:	e3500000 	cmp	r0, #0
    448c:	ba000151 	blt	0x49d8
    4490:	e594c054 	ldr	ip, [r4, #84]	@ 0x54
    4494:	e04c0007 	sub	r0, ip, r7
    4498:	e1520000 	cmp	r2, r0
    449c:	8a000005 	bhi	0x44b8
    44a0:	e28aa004 	add	sl, sl, #4
    44a4:	e0822007 	add	r2, r2, r7
    44a8:	e1a07002 	mov	r7, r2
    44ac:	e594c054 	ldr	ip, [r4, #84]	@ 0x54
    44b0:	e152000c 	cmp	r2, ip
    44b4:	3affffdd 	bcc	0x4430
    44b8:	e3a0e03d 	mov	lr, #61	@ 0x3d
    44bc:	e584e05c 	str	lr, [r4, #92]	@ 0x5c
    44c0:	e3570000 	cmp	r7, #0
    44c4:	ba000135 	blt	0x49a0
    44c8:	e3a0e020 	mov	lr, #32
    44cc:	e584e08c 	str	lr, [r4, #140]	@ 0x8c
    44d0:	e5847034 	str	r7, [r4, #52]	@ 0x34
    44d4:	e59f0e74 	ldr	r0, [pc, #3700]	@ 0x5350
    44d8:	e1a01004 	mov	r1, r4
    44dc:	e59d2000 	ldr	r2, [sp]
    44e0:	e59fce6c 	ldr	ip, [pc, #3692]	@ 0x5354
    44e4:	e12fff3c 	blx	ip
    44e8:	e3500000 	cmp	r0, #0
    44ec:	1a000147 	bne	0x4a10
    44f0:	e3570000 	cmp	r7, #0
    44f4:	1a000001 	bne	0x4500
    44f8:	e3a07000 	mov	r7, #0
    44fc:	ea00002e 	b	0x45bc
    4500:	e3a06000 	mov	r6, #0
    4504:	e594201c 	ldr	r2, [r4, #28]
    4508:	e5950030 	ldr	r0, [r5, #48]	@ 0x30
    450c:	e59fee28 	ldr	lr, [pc, #3624]	@ 0x533c
    4510:	e7f2e3f0 	udf	#11824	@ 0x2e30
    4514:	2a00013a 	bcs	0x4a04
    4518:	e7e902f4 			@ <UNDEFINED> instruction: 0xe7e902f4
    451c:	e1a03009 	mov	r3, r9
    4520:	e5952030 	ldr	r2, [r5, #48]	@ 0x30
    4524:	e59fce10 	ldr	ip, [pc, #3600]	@ 0x533c
    4528:	e153000c 	cmp	r3, ip
    452c:	8a000134 	bhi	0x4a04
    4530:	e7e023f4 			@ <UNDEFINED> instruction: 0xe7e023f4
    4534:	e1a02000 	mov	r2, r0
    4538:	e3500000 	cmp	r0, #0
    453c:	0a00001e 	beq	0x45bc
    4540:	e594c01c 	ldr	ip, [r4, #28]
    4544:	e28c0004 	add	r0, ip, #4
    4548:	e5840088 	str	r0, [r4, #136]	@ 0x88
    454c:	e5842038 	str	r2, [r4, #56]	@ 0x38
    4550:	e59f0e00 	ldr	r0, [pc, #3584]	@ 0x5358
    4554:	e1a01004 	mov	r1, r4
    4558:	e59d2000 	ldr	r2, [sp]
    455c:	e59fcdf8 	ldr	ip, [pc, #3576]	@ 0x535c
    4560:	e12fff3c 	blx	ip
    4564:	e3500000 	cmp	r0, #0
    4568:	1a000128 	bne	0x4a10
    456c:	e5940088 	ldr	r0, [r4, #136]	@ 0x88
    4570:	e1a02000 	mov	r2, r0
    4574:	e0800006 	add	r0, r0, r6
    4578:	e1a06000 	mov	r6, r0
    457c:	e1500007 	cmp	r0, r7
    4580:	8a00000d 	bhi	0x45bc
    4584:	e594c01c 	ldr	ip, [r4, #28]
    4588:	e28c0004 	add	r0, ip, #4
    458c:	e584008c 	str	r0, [r4, #140]	@ 0x8c
    4590:	e5842038 	str	r2, [r4, #56]	@ 0x38
    4594:	e59f0dc4 	ldr	r0, [pc, #3524]	@ 0x5360
    4598:	e1a01004 	mov	r1, r4
    459c:	e59d2000 	ldr	r2, [sp]
    45a0:	e59fcdbc 	ldr	ip, [pc, #3516]	@ 0x5364
    45a4:	e12fff3c 	blx	ip
    45a8:	e3500000 	cmp	r0, #0
    45ac:	1a000117 	bne	0x4a10
    45b0:	e2899004 	add	r9, r9, #4
    45b4:	e1560007 	cmp	r6, r7
    45b8:	3affffd7 	bcc	0x451c
    45bc:	e594c048 	ldr	ip, [r4, #72]	@ 0x48
    45c0:	e22c0d80 	eor	r0, ip, #128, 26	@ 0x2000
    45c4:	e3a0e020 	mov	lr, #32
    45c8:	e584e08c 	str	lr, [r4, #140]	@ 0x8c
    45cc:	e5847034 	str	r7, [r4, #52]	@ 0x34
    45d0:	e5840098 	str	r0, [r4, #152]	@ 0x98
    45d4:	e59f0d8c 	ldr	r0, [pc, #3468]	@ 0x5368
    45d8:	e1a01004 	mov	r1, r4
    45dc:	e59d2000 	ldr	r2, [sp]
    45e0:	e59fcd84 	ldr	ip, [pc, #3460]	@ 0x536c
    45e4:	e12fff3c 	blx	ip
    45e8:	e3500000 	cmp	r0, #0
    45ec:	1a000107 	bne	0x4a10
    45f0:	e594c050 	ldr	ip, [r4, #80]	@ 0x50
    45f4:	e15c0007 	cmp	ip, r7
    45f8:	e594e050 	ldr	lr, [r4, #80]	@ 0x50
    45fc:	d1a0e007 	movle	lr, r7
    4600:	e584e034 	str	lr, [r4, #52]	@ 0x34
    4604:	eafffb59 	b	0x3370
    4608:	e594c054 	ldr	ip, [r4, #84]	@ 0x54
    460c:	e35c0000 	cmp	ip, #0
    4610:	e3a00000 	mov	r0, #0
    4614:	b3a00001 	movlt	r0, #1
    4618:	e11b0000 	tst	fp, r0
    461c:	1a0000dd 	bne	0x4998
    4620:	e3a0e03d 	mov	lr, #61	@ 0x3d
    4624:	e584e05c 	str	lr, [r4, #92]	@ 0x5c
    4628:	e594201c 	ldr	r2, [r4, #28]
    462c:	e5950030 	ldr	r0, [r5, #48]	@ 0x30
    4630:	e59fed00 	ldr	lr, [pc, #3328]	@ 0x5338
    4634:	e7f2e3f0 	udf	#11824	@ 0x2e30
    4638:	2a0000f1 	bcs	0x4a04
    463c:	e080c002 	add	ip, r0, r2
    4640:	e59ce000 	ldr	lr, [ip]
    4644:	e59cc004 	ldr	ip, [ip, #4]
    4648:	ec4cea10 	vmov	s0, s1, lr, ip
    464c:	ed840b23 	vstr	d0, [r4, #140]	@ 0x8c
    4650:	e5848034 	str	r8, [r4, #52]	@ 0x34
    4654:	e59f0d14 	ldr	r0, [pc, #3348]	@ 0x5370
    4658:	e1a01004 	mov	r1, r4
    465c:	e59d2000 	ldr	r2, [sp]
    4660:	e59fcd0c 	ldr	ip, [pc, #3340]	@ 0x5374
    4664:	e12fff3c 	blx	ip
    4668:	e3500000 	cmp	r0, #0
    466c:	1a0000e7 	bne	0x4a10
    4670:	e5940088 	ldr	r0, [r4, #136]	@ 0x88
    4674:	e5840034 	str	r0, [r4, #52]	@ 0x34
    4678:	e3500000 	cmp	r0, #0
    467c:	aafffb3b 	bge	0x3370
    4680:	ea0000c6 	b	0x49a0
    4684:	e5942034 	ldr	r2, [r4, #52]	@ 0x34
    4688:	e5950030 	ldr	r0, [r5, #48]	@ 0x30
    468c:	e3e0e4fe 	mvn	lr, #-33554432	@ 0xfe000000
    4690:	e3cee8fe 	bic	lr, lr, #16646144	@ 0xfe0000
    4694:	e7f2e0f1 	udf	#11777	@ 0x2e01
    4698:	2a0000d9 	bcs	0x4a04
    469c:	e7ee02f0 			@ <UNDEFINED> instruction: 0xe7ee02f0
    46a0:	e584e03c 	str	lr, [r4, #60]	@ 0x3c
    46a4:	e594c034 	ldr	ip, [r4, #52]	@ 0x34
    46a8:	e28ce001 	add	lr, ip, #1
    46ac:	e584e034 	str	lr, [r4, #52]	@ 0x34
    46b0:	eafffb46 	b	0x33d0
    46b4:	e594c000 	ldr	ip, [r4]
    46b8:	e35c0000 	cmp	ip, #0
    46bc:	1a0000c7 	bne	0x49e0
    46c0:	e594c02c 	ldr	ip, [r4, #44]	@ 0x2c
    46c4:	e35c0000 	cmp	ip, #0
    46c8:	0a0000af 	beq	0x498c
    46cc:	e3a06001 	mov	r6, #1
    46d0:	e1a00106 	lsl	r0, r6, #2
    46d4:	e594c010 	ldr	ip, [r4, #16]
    46d8:	e08c0000 	add	r0, ip, r0
    46dc:	e1a03000 	mov	r3, r0
    46e0:	e5952030 	ldr	r2, [r5, #48]	@ 0x30
    46e4:	e59fcc50 	ldr	ip, [pc, #3152]	@ 0x533c
    46e8:	e153000c 	cmp	r3, ip
    46ec:	8a0000c4 	bhi	0x4a04
    46f0:	e7e023f4 			@ <UNDEFINED> instruction: 0xe7e023f4
    46f4:	e1a02000 	mov	r2, r0
    46f8:	e3500000 	cmp	r0, #0
    46fc:	0a000012 	beq	0x474c
    4700:	e1a00186 	lsl	r0, r6, #3
    4704:	e594c00c 	ldr	ip, [r4, #12]
    4708:	e08c0000 	add	r0, ip, r0
    470c:	e5840088 	str	r0, [r4, #136]	@ 0x88
    4710:	e584203c 	str	r2, [r4, #60]	@ 0x3c
    4714:	e59f0c5c 	ldr	r0, [pc, #3164]	@ 0x5378
    4718:	e1a01004 	mov	r1, r4
    471c:	e59d2000 	ldr	r2, [sp]
    4720:	e59fcc54 	ldr	ip, [pc, #3156]	@ 0x537c
    4724:	e12fff3c 	blx	ip
    4728:	e3500000 	cmp	r0, #0
    472c:	1a0000b7 	bne	0x4a10
    4730:	e3a0e001 	mov	lr, #1
    4734:	e584e030 	str	lr, [r4, #48]	@ 0x30
    4738:	e2860001 	add	r0, r6, #1
    473c:	e1a06000 	mov	r6, r0
    4740:	e350000a 	cmp	r0, #10
    4744:	1affffe1 	bne	0x46d0
    4748:	ea0000a4 	b	0x49e0
    474c:	e356000a 	cmp	r6, #10
    4750:	3a000002 	bcc	0x4760
    4754:	e3a0e001 	mov	lr, #1
    4758:	e584e030 	str	lr, [r4, #48]	@ 0x30
    475c:	ea00009f 	b	0x49e0
    4760:	e1a00106 	lsl	r0, r6, #2
    4764:	e594c010 	ldr	ip, [r4, #16]
    4768:	e08c0000 	add	r0, ip, r0
    476c:	e1a03000 	mov	r3, r0
    4770:	e5952030 	ldr	r2, [r5, #48]	@ 0x30
    4774:	e59fcbc0 	ldr	ip, [pc, #3008]	@ 0x533c
    4778:	e153000c 	cmp	r3, ip
    477c:	8a0000a0 	bhi	0x4a04
    4780:	e7e023f4 			@ <UNDEFINED> instruction: 0xe7e023f4
    4784:	e3500000 	cmp	r0, #0
    4788:	1a000006 	bne	0x47a8
    478c:	e3a0e001 	mov	lr, #1
    4790:	e584e030 	str	lr, [r4, #48]	@ 0x30
    4794:	e2860001 	add	r0, r6, #1
    4798:	e1a06000 	mov	r6, r0
    479c:	e350000a 	cmp	r0, #10
    47a0:	0a00008e 	beq	0x49e0
    47a4:	eaffffed 	b	0x4760
    47a8:	e3a0e01c 	mov	lr, #28
    47ac:	e584e05c 	str	lr, [r4, #92]	@ 0x5c
    47b0:	ea00007a 	b	0x49a0
    47b4:	e594201c 	ldr	r2, [r4, #28]
    47b8:	e5950030 	ldr	r0, [r5, #48]	@ 0x30
    47bc:	e3e0e4fe 	mvn	lr, #-33554432	@ 0xfe000000
    47c0:	e3cee8fe 	bic	lr, lr, #16646144	@ 0xfe0000
    47c4:	e7f2e2f7 	udf	#11815	@ 0x2e27
    47c8:	2a00008d 	bcs	0x4a04
    47cc:	e7d102f0 			@ <UNDEFINED> instruction: 0xe7d102f0
    47d0:	e3a0e001 	mov	lr, #1
    47d4:	e584e054 	str	lr, [r4, #84]	@ 0x54
    47d8:	e594e024 	ldr	lr, [r4, #36]	@ 0x24
    47dc:	e584e038 	str	lr, [r4, #56]	@ 0x38
    47e0:	e594e028 	ldr	lr, [r4, #40]	@ 0x28
    47e4:	e584e05c 	str	lr, [r4, #92]	@ 0x5c
    47e8:	e594e060 	ldr	lr, [r4, #96]	@ 0x60
    47ec:	e584e048 	str	lr, [r4, #72]	@ 0x48
    47f0:	ea000001 	b	0x47fc
    47f4:	e594e028 	ldr	lr, [r4, #40]	@ 0x28
    47f8:	e584e05c 	str	lr, [r4, #92]	@ 0x5c
    47fc:	e594e038 	ldr	lr, [r4, #56]	@ 0x38
    4800:	e594c05c 	ldr	ip, [r4, #92]	@ 0x5c
    4804:	e04c000e 	sub	r0, ip, lr
    4808:	e1a06000 	mov	r6, r0
    480c:	e594c054 	ldr	ip, [r4, #84]	@ 0x54
    4810:	e15c0006 	cmp	ip, r6
    4814:	e594c054 	ldr	ip, [r4, #84]	@ 0x54
    4818:	c1a0000c 	movgt	r0, ip
    481c:	e1a07000 	mov	r7, r0
    4820:	e594c044 	ldr	ip, [r4, #68]	@ 0x44
    4824:	e3e0e480 	mvn	lr, #128, 8	@ 0x80000000
    4828:	e02c100e 	eor	r1, ip, lr
    482c:	e1500001 	cmp	r0, r1
    4830:	ca000058 	bgt	0x4998
    4834:	e3a0e03d 	mov	lr, #61	@ 0x3d
    4838:	e584e05c 	str	lr, [r4, #92]	@ 0x5c
    483c:	e594c044 	ldr	ip, [r4, #68]	@ 0x44
    4840:	e08c0007 	add	r0, ip, r7
    4844:	e1a08000 	mov	r8, r0
    4848:	e594c050 	ldr	ip, [r4, #80]	@ 0x50
    484c:	e15c0008 	cmp	ip, r8
    4850:	e594c050 	ldr	ip, [r4, #80]	@ 0x50
    4854:	c1a0000c 	movgt	r0, ip
    4858:	e5840034 	str	r0, [r4, #52]	@ 0x34
    485c:	e594c03c 	ldr	ip, [r4, #60]	@ 0x3c
    4860:	e150000c 	cmp	r0, ip
    4864:	8a00004d 	bhi	0x49a0
    4868:	e3a0e020 	mov	lr, #32
    486c:	e584e08c 	str	lr, [r4, #140]	@ 0x8c
    4870:	e5848040 	str	r8, [r4, #64]	@ 0x40
    4874:	e59f0b04 	ldr	r0, [pc, #2820]	@ 0x5380
    4878:	e1a01004 	mov	r1, r4
    487c:	e59d2000 	ldr	r2, [sp]
    4880:	e59fcafc 	ldr	ip, [pc, #2812]	@ 0x5384
    4884:	e12fff3c 	blx	ip
    4888:	e3500000 	cmp	r0, #0
    488c:	1a00005f 	bne	0x4a10
    4890:	e59f0af0 	ldr	r0, [pc, #2800]	@ 0x5388
    4894:	e1a01004 	mov	r1, r4
    4898:	e59d2000 	ldr	r2, [sp]
    489c:	e59fcae8 	ldr	ip, [pc, #2792]	@ 0x538c
    48a0:	e12fff3c 	blx	ip
    48a4:	e3500000 	cmp	r0, #0
    48a8:	1a000058 	bne	0x4a10
    48ac:	e594c048 	ldr	ip, [r4, #72]	@ 0x48
    48b0:	e22c0b40 	eor	r0, ip, #64, 22	@ 0x10000
    48b4:	e3a0e030 	mov	lr, #48	@ 0x30
    48b8:	e584e08c 	str	lr, [r4, #140]	@ 0x8c
    48bc:	e5848040 	str	r8, [r4, #64]	@ 0x40
    48c0:	e5840098 	str	r0, [r4, #152]	@ 0x98
    48c4:	e59f0ac4 	ldr	r0, [pc, #2756]	@ 0x5390
    48c8:	e1a01004 	mov	r1, r4
    48cc:	e59d2000 	ldr	r2, [sp]
    48d0:	e59fcabc 	ldr	ip, [pc, #2748]	@ 0x5394
    48d4:	e12fff3c 	blx	ip
    48d8:	e3500000 	cmp	r0, #0
    48dc:	1a00004b 	bne	0x4a10
    48e0:	e3a0e030 	mov	lr, #48	@ 0x30
    48e4:	e584e08c 	str	lr, [r4, #140]	@ 0x8c
    48e8:	e584704c 	str	r7, [r4, #76]	@ 0x4c
    48ec:	e5846004 	str	r6, [r4, #4]
    48f0:	e3a0e000 	mov	lr, #0
    48f4:	e584e070 	str	lr, [r4, #112]	@ 0x70
    48f8:	e59f0a98 	ldr	r0, [pc, #2712]	@ 0x5398
    48fc:	e1a01004 	mov	r1, r4
    4900:	e59d2000 	ldr	r2, [sp]
    4904:	e59fca90 	ldr	ip, [pc, #2704]	@ 0x539c
    4908:	e12fff3c 	blx	ip
    490c:	e3500000 	cmp	r0, #0
    4910:	1a00003e 	bne	0x4a10
    4914:	e5846004 	str	r6, [r4, #4]
    4918:	e59f0a80 	ldr	r0, [pc, #2688]	@ 0x53a0
    491c:	e1a01004 	mov	r1, r4
    4920:	e59d2000 	ldr	r2, [sp]
    4924:	e59fca78 	ldr	ip, [pc, #2680]	@ 0x53a4
    4928:	e12fff3c 	blx	ip
    492c:	e3500000 	cmp	r0, #0
    4930:	1a000036 	bne	0x4a10
    4934:	e594c048 	ldr	ip, [r4, #72]	@ 0x48
    4938:	e22c0d80 	eor	r0, ip, #128, 26	@ 0x2000
    493c:	e3a0e020 	mov	lr, #32
    4940:	e584e08c 	str	lr, [r4, #140]	@ 0x8c
    4944:	e5848040 	str	r8, [r4, #64]	@ 0x40
    4948:	e5840098 	str	r0, [r4, #152]	@ 0x98
    494c:	e3a00840 	mov	r0, #64, 16	@ 0x400000
    4950:	e3800c89 	orr	r0, r0, #35072	@ 0x8900
    4954:	e1a01004 	mov	r1, r4
    4958:	e59d2000 	ldr	r2, [sp]
    495c:	e59fca44 	ldr	ip, [pc, #2628]	@ 0x53a8
    4960:	e12fff3c 	blx	ip
    4964:	e3500000 	cmp	r0, #0
    4968:	1a000028 	bne	0x4a10
    496c:	e594101c 	ldr	r1, [r4, #28]
    4970:	e5950030 	ldr	r0, [r5, #48]	@ 0x30
    4974:	e59fe9c0 	ldr	lr, [pc, #2496]	@ 0x533c
    4978:	e7f1e3fc 	udf	#7740	@ 0x1e3c
    497c:	2a000020 	bcs	0x4a04
    4980:	e7ee01f4 			@ <UNDEFINED> instruction: 0xe7ee01f4
    4984:	e584e004 	str	lr, [r4, #4]
    4988:	eafffa78 	b	0x3370
    498c:	e3a0e000 	mov	lr, #0
    4990:	e584e030 	str	lr, [r4, #48]	@ 0x30
    4994:	ea000011 	b	0x49e0
    4998:	e3a0e03d 	mov	lr, #61	@ 0x3d
    499c:	e584e05c 	str	lr, [r4, #92]	@ 0x5c
    49a0:	e59f0a04 	ldr	r0, [pc, #2564]	@ 0x53ac
    49a4:	e1a01004 	mov	r1, r4
    49a8:	e59d2000 	ldr	r2, [sp]
    49ac:	e59fc9fc 	ldr	ip, [pc, #2556]	@ 0x53b0
    49b0:	e12fff3c 	blx	ip
    49b4:	e3500000 	cmp	r0, #0
    49b8:	1a000014 	bne	0x4a10
    49bc:	e5940088 	ldr	r0, [r4, #136]	@ 0x88
    49c0:	e5951030 	ldr	r1, [r5, #48]	@ 0x30
    49c4:	e594205c 	ldr	r2, [r4, #92]	@ 0x5c
    49c8:	e59fc96c 	ldr	ip, [pc, #2412]	@ 0x533c
    49cc:	e150000c 	cmp	r0, ip
    49d0:	8a00000b 	bhi	0x4a04
    49d4:	e7d210f4 			@ <UNDEFINED> instruction: 0xe7d210f4
    49d8:	e3e0e000 	mvn	lr, #0
    49dc:	e584e030 	str	lr, [r4, #48]	@ 0x30
    49e0:	e594c01c 	ldr	ip, [r4, #28]
    49e4:	e28c0040 	add	r0, ip, #64	@ 0x40
    49e8:	e595103c 	ldr	r1, [r5, #60]	@ 0x3c
    49ec:	e5810008 	str	r0, [r1, #8]
    49f0:	e59f09bc 	ldr	r0, [pc, #2492]	@ 0x53b4
    49f4:	e30ccabc 	movw	ip, #51900	@ 0xcabc
    49f8:	e34ccdef 	movt	ip, #52719	@ 0xcdef
    49fc:	e28dd004 	add	sp, sp, #4
    4a00:	e8bd8fc0 	pop	{r6, r7, r8, r9, sl, fp, pc}
    4a04:	e3a00008 	mov	r0, #8
    4a08:	e59d1000 	ldr	r1, [sp]
    4a0c:	e5810010 	str	r0, [r1, #16]
    4a10:	e59d0000 	ldr	r0, [sp]
    4a14:	e59d101c 	ldr	r1, [sp, #28]
    4a18:	e59fc998 	ldr	ip, [pc, #2456]	@ 0x53b8
    4a1c:	e12fff3c 	blx	ip
    4a20:	e28dd004 	add	sp, sp, #4
    4a24:	e8bd0fc0 	pop	{r6, r7, r8, r9, sl, fp}
    4a28:	e28dd004 	add	sp, sp, #4
    4a2c:	e12fff10 	bx	r0
    4a30:	e92d40c0 	push	{r6, r7, lr}
    4a34:	e24dd004 	sub	sp, sp, #4
    4a38:	e58d0000 	str	r0, [sp]
    4a3c:	e30cc123 	movw	ip, #49443	@ 0xc123
    4a40:	e34cc456 	movt	ip, #50262	@ 0xc456
    4a44:	e5940000 	ldr	r0, [r4]
    4a48:	e5941004 	ldr	r1, [r4, #4]
    4a4c:	e5942008 	ldr	r2, [r4, #8]
    4a50:	e1a07000 	mov	r7, r0
    4a54:	e5956030 	ldr	r6, [r5, #48]	@ 0x30
    4a58:	e3e0c4fe 	mvn	ip, #-33554432	@ 0xfe000000
    4a5c:	e3ccc8fe 	bic	ip, ip, #16646144	@ 0xfe0000
    4a60:	e157000c 	cmp	r7, ip
    4a64:	8a000011 	bhi	0x4ab0
    4a68:	e7e367f0 			@ <UNDEFINED> instruction: 0xe7e367f0
    4a6c:	e3130020 	tst	r3, #32
    4a70:	1a000009 	bne	0x4a9c
    4a74:	e5841004 	str	r1, [r4, #4]
    4a78:	e5842008 	str	r2, [r4, #8]
    4a7c:	e5840000 	str	r0, [r4]
    4a80:	e59f0934 	ldr	r0, [pc, #2356]	@ 0x53bc
    4a84:	e1a01004 	mov	r1, r4
    4a88:	e59d2000 	ldr	r2, [sp]
    4a8c:	e59fc92c 	ldr	ip, [pc, #2348]	@ 0x53c0
    4a90:	e12fff3c 	blx	ip
    4a94:	e3500000 	cmp	r0, #0
    4a98:	1a000007 	bne	0x4abc
    4a9c:	e59f0920 	ldr	r0, [pc, #2336]	@ 0x53c4
    4aa0:	e30ccabc 	movw	ip, #51900	@ 0xcabc
    4aa4:	e34ccdef 	movt	ip, #52719	@ 0xcdef
    4aa8:	e28dd004 	add	sp, sp, #4
    4aac:	e8bd80c0 	pop	{r6, r7, pc}
    4ab0:	e3a00008 	mov	r0, #8
    4ab4:	e59d1000 	ldr	r1, [sp]
    4ab8:	e5810010 	str	r0, [r1, #16]
    4abc:	e59d0000 	ldr	r0, [sp]
    4ac0:	e59d100c 	ldr	r1, [sp, #12]
    4ac4:	e59fc8fc 	ldr	ip, [pc, #2300]	@ 0x53c8
    4ac8:	e12fff3c 	blx	ip
    4acc:	e28dd004 	add	sp, sp, #4
    4ad0:	e8bd00c0 	pop	{r6, r7}
    4ad4:	e28dd004 	add	sp, sp, #4
    4ad8:	e12fff10 	bx	r0
    4adc:	e92d47c0 	push	{r6, r7, r8, r9, sl, lr}
    4ae0:	e24dd008 	sub	sp, sp, #8
    4ae4:	e58d0000 	str	r0, [sp]
    4ae8:	e30cc123 	movw	ip, #49443	@ 0xc123
    4aec:	e34cc456 	movt	ip, #50262	@ 0xc456
    4af0:	e5940000 	ldr	r0, [r4]
    4af4:	e3a01000 	mov	r1, #0
    4af8:	e1a06000 	mov	r6, r0
    4afc:	e5953030 	ldr	r3, [r5, #48]	@ 0x30
    4b00:	e59fc834 	ldr	ip, [pc, #2100]	@ 0x533c
    4b04:	e156000c 	cmp	r6, ip
    4b08:	8a000038 	bhi	0x4bf0
    4b0c:	e7e236f4 			@ <UNDEFINED> instruction: 0xe7e236f4
    4b10:	e1a03002 	mov	r3, r2
    4b14:	e1a07002 	mov	r7, r2
    4b18:	e5956030 	ldr	r6, [r5, #48]	@ 0x30
    4b1c:	e3e0c4fe 	mvn	ip, #-33554432	@ 0xfe000000
    4b20:	e3ccc8fe 	bic	ip, ip, #16646144	@ 0xfe0000
    4b24:	e157000c 	cmp	r7, ip
    4b28:	8a000030 	bhi	0x4bf0
    4b2c:	e7e267f1 			@ <UNDEFINED> instruction: 0xe7e267f1
    4b30:	e2422030 	sub	r2, r2, #48	@ 0x30
    4b34:	e1a06002 	mov	r6, r2
    4b38:	e3520009 	cmp	r2, #9
    4b3c:	9a000003 	bls	0x4b50
    4b40:	e3a0e000 	mov	lr, #0
    4b44:	e584e018 	str	lr, [r4, #24]
    4b48:	e59f087c 	ldr	r0, [pc, #2172]	@ 0x53cc
    4b4c:	ea000025 	b	0x4be8
    4b50:	e3e02000 	mvn	r2, #0
    4b54:	e59fc874 	ldr	ip, [pc, #2164]	@ 0x53d0
    4b58:	e151000c 	cmp	r1, ip
    4b5c:	8a000008 	bhi	0x4b84
    4b60:	e3a0c00a 	mov	ip, #10
    4b64:	e0070c91 	mul	r7, r1, ip
    4b68:	e1a08007 	mov	r8, r7
    4b6c:	e0867007 	add	r7, r6, r7
    4b70:	e3e0c480 	mvn	ip, #128, 8	@ 0x80000000
    4b74:	e028800c 	eor	r8, r8, ip
    4b78:	e1560008 	cmp	r6, r8
    4b7c:	e3e02000 	mvn	r2, #0
    4b80:	91a02007 	movls	r2, r7
    4b84:	e2837001 	add	r7, r3, #1
    4b88:	e1a08007 	mov	r8, r7
    4b8c:	e1a0a000 	mov	sl, r0
    4b90:	e5959030 	ldr	r9, [r5, #48]	@ 0x30
    4b94:	e59fc7a0 	ldr	ip, [pc, #1952]	@ 0x533c
    4b98:	e15a000c 	cmp	sl, ip
    4b9c:	8a000013 	bhi	0x4bf0
    4ba0:	e7d79af4 			@ <UNDEFINED> instruction: 0xe7d79af4
    4ba4:	e1a0a003 	mov	sl, r3
    4ba8:	e5959030 	ldr	r9, [r5, #48]	@ 0x30
    4bac:	e3e0e4fe 	mvn	lr, #-33554432	@ 0xfe000000
    4bb0:	e3cee8fe 	bic	lr, lr, #16646144	@ 0xfe0000
    4bb4:	e7fae0f1 	udf	#44545	@ 0xae01
    4bb8:	2a00000c 	bcs	0x4bf0
    4bbc:	e7e79af1 			@ <UNDEFINED> instruction: 0xe7e79af1
    4bc0:	e1a01002 	mov	r1, r2
    4bc4:	e1a03008 	mov	r3, r8
    4bc8:	e2477030 	sub	r7, r7, #48	@ 0x30
    4bcc:	e1a06007 	mov	r6, r7
    4bd0:	e357000a 	cmp	r7, #10
    4bd4:	3affffdd 	bcc	0x4b50
    4bd8:	e5842010 	str	r2, [r4, #16]
    4bdc:	e59f07f0 	ldr	r0, [pc, #2032]	@ 0x53d4
    4be0:	e30ccabc 	movw	ip, #51900	@ 0xcabc
    4be4:	e34ccdef 	movt	ip, #52719	@ 0xcdef
    4be8:	e28dd008 	add	sp, sp, #8
    4bec:	e8bd87c0 	pop	{r6, r7, r8, r9, sl, pc}
    4bf0:	e3a00008 	mov	r0, #8
    4bf4:	e59d1000 	ldr	r1, [sp]
    4bf8:	e5810010 	str	r0, [r1, #16]
    4bfc:	e59d0000 	ldr	r0, [sp]
    4c00:	e59d101c 	ldr	r1, [sp, #28]
    4c04:	e59fc7cc 	ldr	ip, [pc, #1996]	@ 0x53d8
    4c08:	e12fff3c 	blx	ip
    4c0c:	e28dd008 	add	sp, sp, #8
    4c10:	e8bd07c0 	pop	{r6, r7, r8, r9, sl}
    4c14:	e28dd004 	add	sp, sp, #4
    4c18:	e12fff10 	bx	r0
    4c1c:	e92d41c0 	push	{r6, r7, r8, lr}
    4c20:	e24dd008 	sub	sp, sp, #8
    4c24:	e58d0000 	str	r0, [sp]
    4c28:	e30cc123 	movw	ip, #49443	@ 0xc123
    4c2c:	e34cc456 	movt	ip, #50262	@ 0xc456
    4c30:	e5940000 	ldr	r0, [r4]
    4c34:	e5941004 	ldr	r1, [r4, #4]
    4c38:	e5942008 	ldr	r2, [r4, #8]
    4c3c:	e594300c 	ldr	r3, [r4, #12]
    4c40:	e2411009 	sub	r1, r1, #9
    4c44:	e1a0e001 	mov	lr, r1
    4c48:	e35e0012 	cmp	lr, #18
    4c4c:	23a0e012 	movcs	lr, #18
    4c50:	e1a0e10e 	lsl	lr, lr, #2
    4c54:	e59fc780 	ldr	ip, [pc, #1920]	@ 0x53dc
    4c58:	e08ee00c 	add	lr, lr, ip
    4c5c:	e59ec000 	ldr	ip, [lr]
    4c60:	e12fff1c 	bx	ip
    4c64:	e1a07002 	mov	r7, r2
    4c68:	e5956030 	ldr	r6, [r5, #48]	@ 0x30
    4c6c:	e59fc6c8 	ldr	ip, [pc, #1736]	@ 0x533c
    4c70:	e157000c 	cmp	r7, ip
    4c74:	8a000255 	bhi	0x55d0
    4c78:	e7e167f4 			@ <UNDEFINED> instruction: 0xe7e167f4
    4c7c:	e1a06001 	mov	r6, r1
    4c80:	e2811004 	add	r1, r1, #4
    4c84:	e1a08002 	mov	r8, r2
    4c88:	e5957030 	ldr	r7, [r5, #48]	@ 0x30
    4c8c:	e59fc6a8 	ldr	ip, [pc, #1704]	@ 0x533c
    4c90:	e158000c 	cmp	r8, ip
    4c94:	8a00024d 	bhi	0x55d0
    4c98:	e7d178f4 			@ <UNDEFINED> instruction: 0xe7d178f4
    4c9c:	e1a07006 	mov	r7, r6
    4ca0:	e5951030 	ldr	r1, [r5, #48]	@ 0x30
    4ca4:	e59fc690 	ldr	ip, [pc, #1680]	@ 0x533c
    4ca8:	e157000c 	cmp	r7, ip
    4cac:	8a000247 	bhi	0x55d0
    4cb0:	e7e617f4 			@ <UNDEFINED> instruction: 0xe7e617f4
    4cb4:	e1a07000 	mov	r7, r0
    4cb8:	e5951030 	ldr	r1, [r5, #48]	@ 0x30
    4cbc:	e59fc678 	ldr	ip, [pc, #1656]	@ 0x533c
    4cc0:	e157000c 	cmp	r7, ip
    4cc4:	8a000241 	bhi	0x55d0
    4cc8:	e7d617f4 			@ <UNDEFINED> instruction: 0xe7d617f4
    4ccc:	e59f070c 	ldr	r0, [pc, #1804]	@ 0x53e0
    4cd0:	ea00023c 	b	0x55c8
    4cd4:	e1a07002 	mov	r7, r2
    4cd8:	e5956030 	ldr	r6, [r5, #48]	@ 0x30
    4cdc:	e59fc658 	ldr	ip, [pc, #1624]	@ 0x533c
    4ce0:	e157000c 	cmp	r7, ip
    4ce4:	8a000239 	bhi	0x55d0
    4ce8:	e7e167f4 			@ <UNDEFINED> instruction: 0xe7e167f4
    4cec:	e1a06001 	mov	r6, r1
    4cf0:	e2811004 	add	r1, r1, #4
    4cf4:	e1a08002 	mov	r8, r2
    4cf8:	e5957030 	ldr	r7, [r5, #48]	@ 0x30
    4cfc:	e59fc638 	ldr	ip, [pc, #1592]	@ 0x533c
    4d00:	e158000c 	cmp	r8, ip
    4d04:	8a000231 	bhi	0x55d0
    4d08:	e7d178f4 			@ <UNDEFINED> instruction: 0xe7d178f4
    4d0c:	e5958030 	ldr	r8, [r5, #48]	@ 0x30
    4d10:	e59fc624 	ldr	ip, [pc, #1572]	@ 0x533c
    4d14:	e156000c 	cmp	r6, ip
    4d18:	8a00022c 	bhi	0x55d0
    4d1c:	e7981006 	ldr	r1, [r8, r6]
    4d20:	e1a07fc1 	asr	r7, r1, #31
    4d24:	e1a08000 	mov	r8, r0
    4d28:	e5956030 	ldr	r6, [r5, #48]	@ 0x30
    4d2c:	e59fc604 	ldr	ip, [pc, #1540]	@ 0x5338
    4d30:	e158000c 	cmp	r8, ip
    4d34:	8a000225 	bhi	0x55d0
    4d38:	e086c008 	add	ip, r6, r8
    4d3c:	e58c1000 	str	r1, [ip]
    4d40:	e58c7004 	str	r7, [ip, #4]
    4d44:	e59f0698 	ldr	r0, [pc, #1688]	@ 0x53e4
    4d48:	ea00021e 	b	0x55c8
    4d4c:	e1a07002 	mov	r7, r2
    4d50:	e5956030 	ldr	r6, [r5, #48]	@ 0x30
    4d54:	e59fc5e0 	ldr	ip, [pc, #1504]	@ 0x533c
    4d58:	e157000c 	cmp	r7, ip
    4d5c:	8a00021b 	bhi	0x55d0
    4d60:	e7e167f4 			@ <UNDEFINED> instruction: 0xe7e167f4
    4d64:	e1a06001 	mov	r6, r1
    4d68:	e2811004 	add	r1, r1, #4
    4d6c:	e1a08002 	mov	r8, r2
    4d70:	e5957030 	ldr	r7, [r5, #48]	@ 0x30
    4d74:	e59fc5c0 	ldr	ip, [pc, #1472]	@ 0x533c
    4d78:	e158000c 	cmp	r8, ip
    4d7c:	8a000213 	bhi	0x55d0
    4d80:	e7d178f4 			@ <UNDEFINED> instruction: 0xe7d178f4
    4d84:	e5958030 	ldr	r8, [r5, #48]	@ 0x30
    4d88:	e59fc5ac 	ldr	ip, [pc, #1452]	@ 0x533c
    4d8c:	e156000c 	cmp	r6, ip
    4d90:	8a00020e 	bhi	0x55d0
    4d94:	e7981006 	ldr	r1, [r8, r6]
    4d98:	e3a07000 	mov	r7, #0
    4d9c:	e1a08000 	mov	r8, r0
    4da0:	e5956030 	ldr	r6, [r5, #48]	@ 0x30
    4da4:	e59fc58c 	ldr	ip, [pc, #1420]	@ 0x5338
    4da8:	e158000c 	cmp	r8, ip
    4dac:	8a000207 	bhi	0x55d0
    4db0:	e086c008 	add	ip, r6, r8
    4db4:	e58c1000 	str	r1, [ip]
    4db8:	e58c7004 	str	r7, [ip, #4]
    4dbc:	e59f0624 	ldr	r0, [pc, #1572]	@ 0x53e8
    4dc0:	ea000200 	b	0x55c8
    4dc4:	e1a07002 	mov	r7, r2
    4dc8:	e5956030 	ldr	r6, [r5, #48]	@ 0x30
    4dcc:	e59fc568 	ldr	ip, [pc, #1384]	@ 0x533c
    4dd0:	e157000c 	cmp	r7, ip
    4dd4:	8a0001fd 	bhi	0x55d0
    4dd8:	e7e167f4 			@ <UNDEFINED> instruction: 0xe7e167f4
    4ddc:	e1a06001 	mov	r6, r1
    4de0:	e2811004 	add	r1, r1, #4
    4de4:	e1a08002 	mov	r8, r2
    4de8:	e5957030 	ldr	r7, [r5, #48]	@ 0x30
    4dec:	e59fc548 	ldr	ip, [pc, #1352]	@ 0x533c
    4df0:	e158000c 	cmp	r8, ip
    4df4:	8a0001f5 	bhi	0x55d0
    4df8:	e7d178f4 			@ <UNDEFINED> instruction: 0xe7d178f4
    4dfc:	e5958030 	ldr	r8, [r5, #48]	@ 0x30
    4e00:	e59fc534 	ldr	ip, [pc, #1332]	@ 0x533c
    4e04:	e156000c 	cmp	r6, ip
    4e08:	8a0001f0 	bhi	0x55d0
    4e0c:	e7981006 	ldr	r1, [r8, r6]
    4e10:	e1a07fc1 	asr	r7, r1, #31
    4e14:	e1a08000 	mov	r8, r0
    4e18:	e5956030 	ldr	r6, [r5, #48]	@ 0x30
    4e1c:	e59fc514 	ldr	ip, [pc, #1300]	@ 0x5338
    4e20:	e158000c 	cmp	r8, ip
    4e24:	8a0001e9 	bhi	0x55d0
    4e28:	e086c008 	add	ip, r6, r8
    4e2c:	e58c1000 	str	r1, [ip]
    4e30:	e58c7004 	str	r7, [ip, #4]
    4e34:	e59f05b0 	ldr	r0, [pc, #1456]	@ 0x53ec
    4e38:	ea0001e2 	b	0x55c8
    4e3c:	e1a07002 	mov	r7, r2
    4e40:	e5956030 	ldr	r6, [r5, #48]	@ 0x30
    4e44:	e59fc4f0 	ldr	ip, [pc, #1264]	@ 0x533c
    4e48:	e157000c 	cmp	r7, ip
    4e4c:	8a0001df 	bhi	0x55d0
    4e50:	e7e167f4 			@ <UNDEFINED> instruction: 0xe7e167f4
    4e54:	e1a06001 	mov	r6, r1
    4e58:	e2811004 	add	r1, r1, #4
    4e5c:	e1a08002 	mov	r8, r2
    4e60:	e5957030 	ldr	r7, [r5, #48]	@ 0x30
    4e64:	e59fc4d0 	ldr	ip, [pc, #1232]	@ 0x533c
    4e68:	e158000c 	cmp	r8, ip
    4e6c:	8a0001d7 	bhi	0x55d0
    4e70:	e7d178f4 			@ <UNDEFINED> instruction: 0xe7d178f4
    4e74:	e5958030 	ldr	r8, [r5, #48]	@ 0x30
    4e78:	e59fc4bc 	ldr	ip, [pc, #1212]	@ 0x533c
    4e7c:	e156000c 	cmp	r6, ip
    4e80:	8a0001d2 	bhi	0x55d0
    4e84:	e7981006 	ldr	r1, [r8, r6]
    4e88:	e3a07000 	mov	r7, #0
    4e8c:	e1a08000 	mov	r8, r0
    4e90:	e5956030 	ldr	r6, [r5, #48]	@ 0x30
    4e94:	e59fc49c 	ldr	ip, [pc, #1180]	@ 0x5338
    4e98:	e158000c 	cmp	r8, ip
    4e9c:	8a0001cb 	bhi	0x55d0
    4ea0:	e086c008 	add	ip, r6, r8
    4ea4:	e58c1000 	str	r1, [ip]
    4ea8:	e58c7004 	str	r7, [ip, #4]
    4eac:	e59f053c 	ldr	r0, [pc, #1340]	@ 0x53f0
    4eb0:	ea0001c4 	b	0x55c8
    4eb4:	e1a07002 	mov	r7, r2
    4eb8:	e5956030 	ldr	r6, [r5, #48]	@ 0x30
    4ebc:	e59fc478 	ldr	ip, [pc, #1144]	@ 0x533c
    4ec0:	e157000c 	cmp	r7, ip
    4ec4:	8a0001c1 	bhi	0x55d0
    4ec8:	e7e167f4 			@ <UNDEFINED> instruction: 0xe7e167f4
    4ecc:	e2811007 	add	r1, r1, #7
    4ed0:	e3c11007 	bic	r1, r1, #7
    4ed4:	e1a06001 	mov	r6, r1
    4ed8:	e2811008 	add	r1, r1, #8
    4edc:	e1a08002 	mov	r8, r2
    4ee0:	e5957030 	ldr	r7, [r5, #48]	@ 0x30
    4ee4:	e59fc450 	ldr	ip, [pc, #1104]	@ 0x533c
    4ee8:	e158000c 	cmp	r8, ip
    4eec:	8a0001b7 	bhi	0x55d0
    4ef0:	e7d178f4 			@ <UNDEFINED> instruction: 0xe7d178f4
    4ef4:	e5958030 	ldr	r8, [r5, #48]	@ 0x30
    4ef8:	e59fc438 	ldr	ip, [pc, #1080]	@ 0x5338
    4efc:	e156000c 	cmp	r6, ip
    4f00:	8a0001b2 	bhi	0x55d0
    4f04:	e088c006 	add	ip, r8, r6
    4f08:	e59c1000 	ldr	r1, [ip]
    4f0c:	e59c7004 	ldr	r7, [ip, #4]
    4f10:	e1a08000 	mov	r8, r0
    4f14:	e5956030 	ldr	r6, [r5, #48]	@ 0x30
    4f18:	e59fc418 	ldr	ip, [pc, #1048]	@ 0x5338
    4f1c:	e158000c 	cmp	r8, ip
    4f20:	8a0001aa 	bhi	0x55d0
    4f24:	e086c008 	add	ip, r6, r8
    4f28:	e58c1000 	str	r1, [ip]
    4f2c:	e58c7004 	str	r7, [ip, #4]
    4f30:	e59f04bc 	ldr	r0, [pc, #1212]	@ 0x53f4
    4f34:	ea0001a3 	b	0x55c8
    4f38:	e1a07002 	mov	r7, r2
    4f3c:	e5956030 	ldr	r6, [r5, #48]	@ 0x30
    4f40:	e59fc3f4 	ldr	ip, [pc, #1012]	@ 0x533c
    4f44:	e157000c 	cmp	r7, ip
    4f48:	8a0001a0 	bhi	0x55d0
    4f4c:	e7e167f4 			@ <UNDEFINED> instruction: 0xe7e167f4
    4f50:	e1a06001 	mov	r6, r1
    4f54:	e2811004 	add	r1, r1, #4
    4f58:	e1a08002 	mov	r8, r2
    4f5c:	e5957030 	ldr	r7, [r5, #48]	@ 0x30
    4f60:	e59fc3d4 	ldr	ip, [pc, #980]	@ 0x533c
    4f64:	e158000c 	cmp	r8, ip
    4f68:	8a000198 	bhi	0x55d0
    4f6c:	e7d178f4 			@ <UNDEFINED> instruction: 0xe7d178f4
    4f70:	e5958030 	ldr	r8, [r5, #48]	@ 0x30
    4f74:	e59fc47c 	ldr	ip, [pc, #1148]	@ 0x53f8
    4f78:	e156000c 	cmp	r6, ip
    4f7c:	8a000193 	bhi	0x55d0
    4f80:	e19810f6 	ldrsh	r1, [r8, r6]
    4f84:	e1a07fc1 	asr	r7, r1, #31
    4f88:	e1a08000 	mov	r8, r0
    4f8c:	e5956030 	ldr	r6, [r5, #48]	@ 0x30
    4f90:	e59fc3a0 	ldr	ip, [pc, #928]	@ 0x5338
    4f94:	e158000c 	cmp	r8, ip
    4f98:	8a00018c 	bhi	0x55d0
    4f9c:	e086c008 	add	ip, r6, r8
    4fa0:	e58c1000 	str	r1, [ip]
    4fa4:	e58c7004 	str	r7, [ip, #4]
    4fa8:	e59f044c 	ldr	r0, [pc, #1100]	@ 0x53fc
    4fac:	ea000185 	b	0x55c8
    4fb0:	e1a07002 	mov	r7, r2
    4fb4:	e5956030 	ldr	r6, [r5, #48]	@ 0x30
    4fb8:	e59fc37c 	ldr	ip, [pc, #892]	@ 0x533c
    4fbc:	e157000c 	cmp	r7, ip
    4fc0:	8a000182 	bhi	0x55d0
    4fc4:	e7e167f4 			@ <UNDEFINED> instruction: 0xe7e167f4
    4fc8:	e1a06001 	mov	r6, r1
    4fcc:	e2811004 	add	r1, r1, #4
    4fd0:	e1a08002 	mov	r8, r2
    4fd4:	e5957030 	ldr	r7, [r5, #48]	@ 0x30
    4fd8:	e59fc35c 	ldr	ip, [pc, #860]	@ 0x533c
    4fdc:	e158000c 	cmp	r8, ip
    4fe0:	8a00017a 	bhi	0x55d0
    4fe4:	e7d178f4 			@ <UNDEFINED> instruction: 0xe7d178f4
    4fe8:	e5958030 	ldr	r8, [r5, #48]	@ 0x30
    4fec:	e59fc404 	ldr	ip, [pc, #1028]	@ 0x53f8
    4ff0:	e156000c 	cmp	r6, ip
    4ff4:	8a000175 	bhi	0x55d0
    4ff8:	e19810b6 	ldrh	r1, [r8, r6]
    4ffc:	e3a07000 	mov	r7, #0
    5000:	e1a08000 	mov	r8, r0
    5004:	e5956030 	ldr	r6, [r5, #48]	@ 0x30
    5008:	e59fc328 	ldr	ip, [pc, #808]	@ 0x5338
    500c:	e158000c 	cmp	r8, ip
    5010:	8a00016e 	bhi	0x55d0
    5014:	e086c008 	add	ip, r6, r8
    5018:	e58c1000 	str	r1, [ip]
    501c:	e58c7004 	str	r7, [ip, #4]
    5020:	e59f03d8 	ldr	r0, [pc, #984]	@ 0x5400
    5024:	ea000167 	b	0x55c8
    5028:	e1a07002 	mov	r7, r2
    502c:	e5956030 	ldr	r6, [r5, #48]	@ 0x30
    5030:	e59fc304 	ldr	ip, [pc, #772]	@ 0x533c
    5034:	e157000c 	cmp	r7, ip
    5038:	8a000164 	bhi	0x55d0
    503c:	e7e167f4 			@ <UNDEFINED> instruction: 0xe7e167f4
    5040:	e1a06001 	mov	r6, r1
    5044:	e2811004 	add	r1, r1, #4
    5048:	e1a08002 	mov	r8, r2
    504c:	e5957030 	ldr	r7, [r5, #48]	@ 0x30
    5050:	e59fc2e4 	ldr	ip, [pc, #740]	@ 0x533c
    5054:	e158000c 	cmp	r8, ip
    5058:	8a00015c 	bhi	0x55d0
    505c:	e7d178f4 			@ <UNDEFINED> instruction: 0xe7d178f4
    5060:	e5958030 	ldr	r8, [r5, #48]	@ 0x30
    5064:	e3e0c4fe 	mvn	ip, #-33554432	@ 0xfe000000
    5068:	e3ccc8fe 	bic	ip, ip, #16646144	@ 0xfe0000
    506c:	e156000c 	cmp	r6, ip
    5070:	8a000156 	bhi	0x55d0
    5074:	e19810d6 	ldrsb	r1, [r8, r6]
    5078:	e1a07fc1 	asr	r7, r1, #31
    507c:	e1a08000 	mov	r8, r0
    5080:	e5956030 	ldr	r6, [r5, #48]	@ 0x30
    5084:	e59fc2ac 	ldr	ip, [pc, #684]	@ 0x5338
    5088:	e158000c 	cmp	r8, ip
    508c:	8a00014f 	bhi	0x55d0
    5090:	e086c008 	add	ip, r6, r8
    5094:	e58c1000 	str	r1, [ip]
    5098:	e58c7004 	str	r7, [ip, #4]
    509c:	e59f0360 	ldr	r0, [pc, #864]	@ 0x5404
    50a0:	ea000148 	b	0x55c8
    50a4:	e1a07002 	mov	r7, r2
    50a8:	e5956030 	ldr	r6, [r5, #48]	@ 0x30
    50ac:	e59fc288 	ldr	ip, [pc, #648]	@ 0x533c
    50b0:	e157000c 	cmp	r7, ip
    50b4:	8a000145 	bhi	0x55d0
    50b8:	e7e167f4 			@ <UNDEFINED> instruction: 0xe7e167f4
    50bc:	e1a06001 	mov	r6, r1
    50c0:	e2811004 	add	r1, r1, #4
    50c4:	e1a08002 	mov	r8, r2
    50c8:	e5957030 	ldr	r7, [r5, #48]	@ 0x30
    50cc:	e59fc268 	ldr	ip, [pc, #616]	@ 0x533c
    50d0:	e158000c 	cmp	r8, ip
    50d4:	8a00013d 	bhi	0x55d0
    50d8:	e7d178f4 			@ <UNDEFINED> instruction: 0xe7d178f4
    50dc:	e5958030 	ldr	r8, [r5, #48]	@ 0x30
    50e0:	e3e0c4fe 	mvn	ip, #-33554432	@ 0xfe000000
    50e4:	e3ccc8fe 	bic	ip, ip, #16646144	@ 0xfe0000
    50e8:	e156000c 	cmp	r6, ip
    50ec:	8a000137 	bhi	0x55d0
    50f0:	e7d81006 	ldrb	r1, [r8, r6]
    50f4:	e3a07000 	mov	r7, #0
    50f8:	e1a08000 	mov	r8, r0
    50fc:	e5956030 	ldr	r6, [r5, #48]	@ 0x30
    5100:	e59fc230 	ldr	ip, [pc, #560]	@ 0x5338
    5104:	e158000c 	cmp	r8, ip
    5108:	8a000130 	bhi	0x55d0
    510c:	e086c008 	add	ip, r6, r8
    5110:	e58c1000 	str	r1, [ip]
    5114:	e58c7004 	str	r7, [ip, #4]
    5118:	e59f02e8 	ldr	r0, [pc, #744]	@ 0x5408
    511c:	ea000129 	b	0x55c8
    5120:	e1a07002 	mov	r7, r2
    5124:	e5956030 	ldr	r6, [r5, #48]	@ 0x30
    5128:	e59fc20c 	ldr	ip, [pc, #524]	@ 0x533c
    512c:	e157000c 	cmp	r7, ip
    5130:	8a000126 	bhi	0x55d0
    5134:	e7e167f4 			@ <UNDEFINED> instruction: 0xe7e167f4
    5138:	e2811007 	add	r1, r1, #7
    513c:	e3c11007 	bic	r1, r1, #7
    5140:	e1a06001 	mov	r6, r1
    5144:	e2811008 	add	r1, r1, #8
    5148:	e1a08002 	mov	r8, r2
    514c:	e5957030 	ldr	r7, [r5, #48]	@ 0x30
    5150:	e59fc1e4 	ldr	ip, [pc, #484]	@ 0x533c
    5154:	e158000c 	cmp	r8, ip
    5158:	8a00011c 	bhi	0x55d0
    515c:	e7d178f4 			@ <UNDEFINED> instruction: 0xe7d178f4
    5160:	e5958030 	ldr	r8, [r5, #48]	@ 0x30
    5164:	e59fc1cc 	ldr	ip, [pc, #460]	@ 0x5338
    5168:	e156000c 	cmp	r6, ip
    516c:	8a000117 	bhi	0x55d0
    5170:	e088c006 	add	ip, r8, r6
    5174:	e59c1000 	ldr	r1, [ip]
    5178:	e59c7004 	ldr	r7, [ip, #4]
    517c:	e1a08000 	mov	r8, r0
    5180:	e5956030 	ldr	r6, [r5, #48]	@ 0x30
    5184:	e59fc1ac 	ldr	ip, [pc, #428]	@ 0x5338
    5188:	e158000c 	cmp	r8, ip
    518c:	8a00010f 	bhi	0x55d0
    5190:	e086c008 	add	ip, r6, r8
    5194:	e58c1000 	str	r1, [ip]
    5198:	e58c7004 	str	r7, [ip, #4]
    519c:	e59f0268 	ldr	r0, [pc, #616]	@ 0x540c
    51a0:	ea000108 	b	0x55c8
    51a4:	e1a07002 	mov	r7, r2
    51a8:	e5956030 	ldr	r6, [r5, #48]	@ 0x30
    51ac:	e59fc188 	ldr	ip, [pc, #392]	@ 0x533c
    51b0:	e157000c 	cmp	r7, ip
    51b4:	8a000105 	bhi	0x55d0
    51b8:	e7e167f4 			@ <UNDEFINED> instruction: 0xe7e167f4
    51bc:	e1a06001 	mov	r6, r1
    51c0:	e2811004 	add	r1, r1, #4
    51c4:	e1a08002 	mov	r8, r2
    51c8:	e5957030 	ldr	r7, [r5, #48]	@ 0x30
    51cc:	e59fc168 	ldr	ip, [pc, #360]	@ 0x533c
    51d0:	e158000c 	cmp	r8, ip
    51d4:	8a0000fd 	bhi	0x55d0
    51d8:	e7d178f4 			@ <UNDEFINED> instruction: 0xe7d178f4
    51dc:	e5958030 	ldr	r8, [r5, #48]	@ 0x30
    51e0:	e59fc154 	ldr	ip, [pc, #340]	@ 0x533c
    51e4:	e156000c 	cmp	r6, ip
    51e8:	8a0000f8 	bhi	0x55d0
    51ec:	e7981006 	ldr	r1, [r8, r6]
    51f0:	e3a07000 	mov	r7, #0
    51f4:	e1a08000 	mov	r8, r0
    51f8:	e5956030 	ldr	r6, [r5, #48]	@ 0x30
    51fc:	e59fc134 	ldr	ip, [pc, #308]	@ 0x5338
    5200:	e158000c 	cmp	r8, ip
    5204:	8a0000f1 	bhi	0x55d0
    5208:	e086c008 	add	ip, r6, r8
    520c:	e58c1000 	str	r1, [ip]
    5210:	e58c7004 	str	r7, [ip, #4]
    5214:	e59f01f4 	ldr	r0, [pc, #500]	@ 0x5410
    5218:	ea0000ea 	b	0x55c8
    521c:	e1a07002 	mov	r7, r2
    5220:	e5956030 	ldr	r6, [r5, #48]	@ 0x30
    5224:	e59fc110 	ldr	ip, [pc, #272]	@ 0x533c
    5228:	e157000c 	cmp	r7, ip
    522c:	8a0000e7 	bhi	0x55d0
    5230:	e7e167f4 			@ <UNDEFINED> instruction: 0xe7e167f4
    5234:	e2811007 	add	r1, r1, #7
    5238:	e3c11007 	bic	r1, r1, #7
    523c:	e1a06001 	mov	r6, r1
    5240:	e2811008 	add	r1, r1, #8
    5244:	e1a08002 	mov	r8, r2
    5248:	e5957030 	ldr	r7, [r5, #48]	@ 0x30
    524c:	e59fc0e8 	ldr	ip, [pc, #232]	@ 0x533c
    5250:	e158000c 	cmp	r8, ip
    5254:	8a0000dd 	bhi	0x55d0
    5258:	e7d178f4 			@ <UNDEFINED> instruction: 0xe7d178f4
    525c:	e5958030 	ldr	r8, [r5, #48]	@ 0x30
    5260:	e59fc0d0 	ldr	ip, [pc, #208]	@ 0x5338
    5264:	e156000c 	cmp	r6, ip
    5268:	8a0000d8 	bhi	0x55d0
    526c:	e088c006 	add	ip, r8, r6
    5270:	e59c1000 	ldr	r1, [ip]
    5274:	e59c7004 	ldr	r7, [ip, #4]
    5278:	e1a08000 	mov	r8, r0
    527c:	e5956030 	ldr	r6, [r5, #48]	@ 0x30
    5280:	e59fc0b0 	ldr	ip, [pc, #176]	@ 0x5338
    5284:	e158000c 	cmp	r8, ip
    5288:	8a0000d0 	bhi	0x55d0
    528c:	e086c008 	add	ip, r6, r8
    5290:	e58c1000 	str	r1, [ip]
    5294:	e58c7004 	str	r7, [ip, #4]
    5298:	e59f0174 	ldr	r0, [pc, #372]	@ 0x5414
    529c:	ea0000c9 	b	0x55c8
    52a0:	e1a07002 	mov	r7, r2
    52a4:	e5956030 	ldr	r6, [r5, #48]	@ 0x30
    52a8:	e59fc08c 	ldr	ip, [pc, #140]	@ 0x533c
    52ac:	e157000c 	cmp	r7, ip
    52b0:	8a0000c6 	bhi	0x55d0
    52b4:	e7e167f4 			@ <UNDEFINED> instruction: 0xe7e167f4
    52b8:	e2811007 	add	r1, r1, #7
    52bc:	e3c11007 	bic	r1, r1, #7
    52c0:	e1a06001 	mov	r6, r1
    52c4:	e2811008 	add	r1, r1, #8
    52c8:	e1a08002 	mov	r8, r2
    52cc:	e5957030 	ldr	r7, [r5, #48]	@ 0x30
    52d0:	e59fc064 	ldr	ip, [pc, #100]	@ 0x533c
    52d4:	e158000c 	cmp	r8, ip
    52d8:	8a0000bc 	bhi	0x55d0
    52dc:	e7d178f4 			@ <UNDEFINED> instruction: 0xe7d178f4
    52e0:	e5958030 	ldr	r8, [r5, #48]	@ 0x30
    52e4:	e59fc04c 	ldr	ip, [pc, #76]	@ 0x5338
    52e8:	e156000c 	cmp	r6, ip
    52ec:	8a0000b7 	bhi	0x55d0
    52f0:	e088c006 	add	ip, r8, r6
    52f4:	e59c1000 	ldr	r1, [ip]
    52f8:	e59c7004 	ldr	r7, [ip, #4]
    52fc:	e1a08000 	mov	r8, r0
    5300:	e5956030 	ldr	r6, [r5, #48]	@ 0x30
    5304:	e59fc02c 	ldr	ip, [pc, #44]	@ 0x5338
    5308:	e158000c 	cmp	r8, ip
    530c:	8a0000af 	bhi	0x55d0
    5310:	e086c008 	add	ip, r6, r8
    5314:	e58c1000 	str	r1, [ip]
    5318:	e58c7004 	str	r7, [ip, #4]
    531c:	e59f00f4 	ldr	r0, [pc, #244]	@ 0x5418
    5320:	ea00003d 	b	0x541c
	...
    5338:	0101fff8 	strdeq	pc, [r1, -r8]
    533c:	0101fffc 	strdeq	pc, [r1, -ip]
    5340:	004081ac 	subeq	r8, r0, ip, lsr #3
    5344:	0004890c 	andeq	r8, r4, ip, lsl #18
    5348:	00408268 	subeq	r8, r0, r8, ror #4
    534c:	0004890c 	andeq	r8, r4, ip, lsl #18
    5350:	00408334 	subeq	r8, r0, r4, lsr r3
    5354:	0004890c 	andeq	r8, r4, ip, lsl #18
    5358:	004083b0 	strheq	r8, [r0], #-48	@ 0xffffffd0
    535c:	0004890c 	andeq	r8, r4, ip, lsl #18
    5360:	00408410 	subeq	r8, r0, r0, lsl r4
    5364:	0004890c 	andeq	r8, r4, ip, lsl #18
    5368:	00408478 	subeq	r8, r0, r8, ror r4
    536c:	0004890c 	andeq	r8, r4, ip, lsl #18
    5370:	004084f0 	strdeq	r8, [r0], #-64	@ 0xffffffc0
    5374:	00048c48 	andeq	r8, r4, r8, asr #24
    5378:	004085f0 	strdeq	r8, [r0], #-80	@ 0xffffffb0
    537c:	0004890c 	andeq	r8, r4, ip, lsl #18
    5380:	0040883c 	subeq	r8, r0, ip, lsr r8
    5384:	0004890c 	andeq	r8, r4, ip, lsl #18
    5388:	00408854 	subeq	r8, r0, r4, asr r8
    538c:	0004890c 	andeq	r8, r4, ip, lsl #18
    5390:	0040888c 	subeq	r8, r0, ip, lsl #17
    5394:	0004890c 	andeq	r8, r4, ip, lsl #18
    5398:	004088b0 	strheq	r8, [r0], #-128	@ 0xffffff80
    539c:	0004890c 	andeq	r8, r4, ip, lsl #18
    53a0:	004088c8 	subeq	r8, r0, r8, asr #17
    53a4:	0004890c 	andeq	r8, r4, ip, lsl #18
    53a8:	0004890c 	andeq	r8, r4, ip, lsl #18
    53ac:	00408948 	subeq	r8, r0, r8, asr #18
    53b0:	0004890c 	andeq	r8, r4, ip, lsl #18
    53b4:	0040898c 	subeq	r8, r0, ip, lsl #19
    53b8:	00048004 	andeq	r8, r4, r4
    53bc:	003ffe68 	eorseq	pc, pc, r8, ror #28
    53c0:	0004890c 	andeq	r8, r4, ip, lsl #18
    53c4:	003ffe84 	eorseq	pc, pc, r4, lsl #29
    53c8:	00048004 	andeq	r8, r4, r4
    53cc:	003fda38 	eorseq	sp, pc, r8, lsr sl	@ <UNPREDICTABLE>
    53d0:	0ccccccc 	stcleq	12, cr12, [ip], {204}	@ 0xcc
    53d4:	003fdb28 	eorseq	sp, pc, r8, lsr #22
    53d8:	00048004 	andeq	r8, r4, r4
    53dc:	4085b2a0 	addmi	fp, r5, r0, lsr #5
    53e0:	004023e4 	subeq	r2, r0, r4, ror #7
    53e4:	00402424 	subeq	r2, r0, r4, lsr #8
    53e8:	00402464 	subeq	r2, r0, r4, ror #8
    53ec:	004024a4 	subeq	r2, r0, r4, lsr #9
    53f0:	004024e4 	subeq	r2, r0, r4, ror #9
    53f4:	00402538 	subeq	r2, r0, r8, lsr r5
    53f8:	0101fffe 	strdeq	pc, [r1, -lr]
    53fc:	00402578 	subeq	r2, r0, r8, ror r5
    5400:	004025b8 	strheq	r2, [r0], #-88	@ 0xffffffa8
    5404:	004025f8 	strdeq	r2, [r0], #-88	@ 0xffffffa8
    5408:	00402638 	subeq	r2, r0, r8, lsr r6
    540c:	0040268c 	subeq	r2, r0, ip, lsl #13
    5410:	004026cc 	subeq	r2, r0, ip, asr #13
    5414:	00402720 	subeq	r2, r0, r0, lsr #14
    5418:	00402774 	subeq	r2, r0, r4, ror r7
    541c:	ea000069 	b	0x55c8
    5420:	e1a07002 	mov	r7, r2
    5424:	e5956030 	ldr	r6, [r5, #48]	@ 0x30
    5428:	e59fcfe8 	ldr	ip, [pc, #4072]	@ 0x6418
    542c:	e157000c 	cmp	r7, ip
    5430:	8a000066 	bhi	0x55d0
    5434:	e7e167f4 			@ <UNDEFINED> instruction: 0xe7e167f4
    5438:	e1a06001 	mov	r6, r1
    543c:	e2811004 	add	r1, r1, #4
    5440:	e1a08002 	mov	r8, r2
    5444:	e5957030 	ldr	r7, [r5, #48]	@ 0x30
    5448:	e59fcfc8 	ldr	ip, [pc, #4040]	@ 0x6418
    544c:	e158000c 	cmp	r8, ip
    5450:	8a00005e 	bhi	0x55d0
    5454:	e7d178f4 			@ <UNDEFINED> instruction: 0xe7d178f4
    5458:	e5958030 	ldr	r8, [r5, #48]	@ 0x30
    545c:	e59fcfb4 	ldr	ip, [pc, #4020]	@ 0x6418
    5460:	e156000c 	cmp	r6, ip
    5464:	8a000059 	bhi	0x55d0
    5468:	e7981006 	ldr	r1, [r8, r6]
    546c:	e1a07fc1 	asr	r7, r1, #31
    5470:	e1a08000 	mov	r8, r0
    5474:	e5956030 	ldr	r6, [r5, #48]	@ 0x30
    5478:	e59fcf9c 	ldr	ip, [pc, #3996]	@ 0x641c
    547c:	e158000c 	cmp	r8, ip
    5480:	8a000052 	bhi	0x55d0
    5484:	e086c008 	add	ip, r6, r8
    5488:	e58c1000 	str	r1, [ip]
    548c:	e58c7004 	str	r7, [ip, #4]
    5490:	e59f0f88 	ldr	r0, [pc, #3976]	@ 0x6420
    5494:	ea00004b 	b	0x55c8
    5498:	e1a07002 	mov	r7, r2
    549c:	e5956030 	ldr	r6, [r5, #48]	@ 0x30
    54a0:	e59fcf70 	ldr	ip, [pc, #3952]	@ 0x6418
    54a4:	e157000c 	cmp	r7, ip
    54a8:	8a000048 	bhi	0x55d0
    54ac:	e7e167f4 			@ <UNDEFINED> instruction: 0xe7e167f4
    54b0:	e1a06001 	mov	r6, r1
    54b4:	e2811004 	add	r1, r1, #4
    54b8:	e1a08002 	mov	r8, r2
    54bc:	e5957030 	ldr	r7, [r5, #48]	@ 0x30
    54c0:	e59fcf50 	ldr	ip, [pc, #3920]	@ 0x6418
    54c4:	e158000c 	cmp	r8, ip
    54c8:	8a000040 	bhi	0x55d0
    54cc:	e7d178f4 			@ <UNDEFINED> instruction: 0xe7d178f4
    54d0:	e5958030 	ldr	r8, [r5, #48]	@ 0x30
    54d4:	e59fcf3c 	ldr	ip, [pc, #3900]	@ 0x6418
    54d8:	e156000c 	cmp	r6, ip
    54dc:	8a00003b 	bhi	0x55d0
    54e0:	e7981006 	ldr	r1, [r8, r6]
    54e4:	e3a07000 	mov	r7, #0
    54e8:	e1a08000 	mov	r8, r0
    54ec:	e5956030 	ldr	r6, [r5, #48]	@ 0x30
    54f0:	e59fcf24 	ldr	ip, [pc, #3876]	@ 0x641c
    54f4:	e158000c 	cmp	r8, ip
    54f8:	8a000034 	bhi	0x55d0
    54fc:	e086c008 	add	ip, r6, r8
    5500:	e58c1000 	str	r1, [ip]
    5504:	e58c7004 	str	r7, [ip, #4]
    5508:	e59f0f14 	ldr	r0, [pc, #3860]	@ 0x6424
    550c:	ea00002d 	b	0x55c8
    5510:	e1a07002 	mov	r7, r2
    5514:	e5956030 	ldr	r6, [r5, #48]	@ 0x30
    5518:	e59fcef8 	ldr	ip, [pc, #3832]	@ 0x6418
    551c:	e157000c 	cmp	r7, ip
    5520:	8a00002a 	bhi	0x55d0
    5524:	e7e167f4 			@ <UNDEFINED> instruction: 0xe7e167f4
    5528:	e2811007 	add	r1, r1, #7
    552c:	e3c11007 	bic	r1, r1, #7
    5530:	e1a06001 	mov	r6, r1
    5534:	e2811008 	add	r1, r1, #8
    5538:	e1a08002 	mov	r8, r2
    553c:	e5957030 	ldr	r7, [r5, #48]	@ 0x30
    5540:	e59fced0 	ldr	ip, [pc, #3792]	@ 0x6418
    5544:	e158000c 	cmp	r8, ip
    5548:	8a000020 	bhi	0x55d0
    554c:	e7d178f4 			@ <UNDEFINED> instruction: 0xe7d178f4
    5550:	e5958030 	ldr	r8, [r5, #48]	@ 0x30
    5554:	e59fcec0 	ldr	ip, [pc, #3776]	@ 0x641c
    5558:	e156000c 	cmp	r6, ip
    555c:	8a00001b 	bhi	0x55d0
    5560:	e088c006 	add	ip, r8, r6
    5564:	e59c1000 	ldr	r1, [ip]
    5568:	e59c7004 	ldr	r7, [ip, #4]
    556c:	e1a08000 	mov	r8, r0
    5570:	e5956030 	ldr	r6, [r5, #48]	@ 0x30
    5574:	e59fcea0 	ldr	ip, [pc, #3744]	@ 0x641c
    5578:	e158000c 	cmp	r8, ip
    557c:	8a000013 	bhi	0x55d0
    5580:	e086c008 	add	ip, r6, r8
    5584:	e58c1000 	str	r1, [ip]
    5588:	e58c7004 	str	r7, [ip, #4]
    558c:	e59f0e94 	ldr	r0, [pc, #3732]	@ 0x6428
    5590:	ea00000c 	b	0x55c8
    5594:	e5840000 	str	r0, [r4]
    5598:	e5842008 	str	r2, [r4, #8]
    559c:	e584300c 	str	r3, [r4, #12]
    55a0:	e59f0e80 	ldr	r0, [pc, #3712]	@ 0x6428
    55a4:	e1a01004 	mov	r1, r4
    55a8:	e59d2000 	ldr	r2, [sp]
    55ac:	e59fce78 	ldr	ip, [pc, #3704]	@ 0x642c
    55b0:	e12fff3c 	blx	ip
    55b4:	e3500000 	cmp	r0, #0
    55b8:	1a000007 	bne	0x55dc
    55bc:	e59f0e6c 	ldr	r0, [pc, #3692]	@ 0x6430
    55c0:	e30ccabc 	movw	ip, #51900	@ 0xcabc
    55c4:	e34ccdef 	movt	ip, #52719	@ 0xcdef
    55c8:	e28dd008 	add	sp, sp, #8
    55cc:	e8bd81c0 	pop	{r6, r7, r8, pc}
    55d0:	e3a00008 	mov	r0, #8
    55d4:	e59d1000 	ldr	r1, [sp]
    55d8:	e5810010 	str	r0, [r1, #16]
    55dc:	e59d0000 	ldr	r0, [sp]
    55e0:	e59d1014 	ldr	r1, [sp, #20]
    55e4:	e59fce48 	ldr	ip, [pc, #3656]	@ 0x6434
    55e8:	e12fff3c 	blx	ip
    55ec:	e28dd008 	add	sp, sp, #8
    55f0:	e8bd01c0 	pop	{r6, r7, r8}
    55f4:	e28dd004 	add	sp, sp, #4
    55f8:	e12fff10 	bx	r0
    55fc:	e92d43c0 	push	{r6, r7, r8, r9, lr}
    5600:	e24dd004 	sub	sp, sp, #4
    5604:	e58d0000 	str	r0, [sp]
    5608:	e30cc123 	movw	ip, #49443	@ 0xc123
    560c:	e34cc456 	movt	ip, #50262	@ 0xc456
    5610:	e5940000 	ldr	r0, [r4]
    5614:	e5941004 	ldr	r1, [r4, #4]
    5618:	e5942008 	ldr	r2, [r4, #8]
    561c:	e594300c 	ldr	r3, [r4, #12]
    5620:	e190c001 	orrs	ip, r0, r1
    5624:	0a000020 	beq	0x56ac
    5628:	e2426001 	sub	r6, r2, #1
    562c:	e1a02006 	mov	r2, r6
    5630:	e1a07000 	mov	r7, r0
    5634:	e207700f 	and	r7, r7, #15
    5638:	e1a09007 	mov	r9, r7
    563c:	e5958030 	ldr	r8, [r5, #48]	@ 0x30
    5640:	e3e0e4fe 	mvn	lr, #-33554432	@ 0xfe000000
    5644:	e3cee8fe 	bic	lr, lr, #16646144	@ 0xfe0000
    5648:	e3a0cb40 	mov	ip, #64, 22	@ 0x10000
    564c:	e38ccf9c 	orr	ip, ip, #156, 30	@ 0x270
    5650:	e099900c 	adds	r9, r9, ip
    5654:	2a00001a 	bcs	0x56c4
    5658:	e3e0c4fe 	mvn	ip, #-33554432	@ 0xfe000000
    565c:	e3ccc8fe 	bic	ip, ip, #16646144	@ 0xfe0000
    5660:	e159000c 	cmp	r9, ip
    5664:	8a000016 	bhi	0x56c4
    5668:	e7e789f0 			@ <UNDEFINED> instruction: 0xe7e789f0
    566c:	e1877003 	orr	r7, r7, r3
    5670:	e5958030 	ldr	r8, [r5, #48]	@ 0x30
    5674:	e3e0c4fe 	mvn	ip, #-33554432	@ 0xfe000000
    5678:	e3ccc8fe 	bic	ip, ip, #16646144	@ 0xfe0000
    567c:	e156000c 	cmp	r6, ip
    5680:	8a00000f 	bhi	0x56c4
    5684:	e7d786f0 			@ <UNDEFINED> instruction: 0xe7d786f0
    5688:	e270c00f 	rsbs	ip, r0, #15
    568c:	e2f1c000 	rscs	ip, r1, #0
    5690:	e3a06000 	mov	r6, #0
    5694:	33a06001 	movcc	r6, #1
    5698:	e1a00220 	lsr	r0, r0, #4
    569c:	e1800e01 	orr	r0, r0, r1, lsl #28
    56a0:	e1a01221 	lsr	r1, r1, #4
    56a4:	e3560000 	cmp	r6, #0
    56a8:	1affffde 	bne	0x5628
    56ac:	e5842008 	str	r2, [r4, #8]
    56b0:	e59f0d80 	ldr	r0, [pc, #3456]	@ 0x6438
    56b4:	e30ccabc 	movw	ip, #51900	@ 0xcabc
    56b8:	e34ccdef 	movt	ip, #52719	@ 0xcdef
    56bc:	e28dd004 	add	sp, sp, #4
    56c0:	e8bd83c0 	pop	{r6, r7, r8, r9, pc}
    56c4:	e3a00008 	mov	r0, #8
    56c8:	e59d1000 	ldr	r1, [sp]
    56cc:	e5810010 	str	r0, [r1, #16]
    56d0:	e59d0000 	ldr	r0, [sp]
    56d4:	e59d1014 	ldr	r1, [sp, #20]
    56d8:	e59fcd5c 	ldr	ip, [pc, #3420]	@ 0x643c
    56dc:	e12fff3c 	blx	ip
    56e0:	e28dd004 	add	sp, sp, #4
    56e4:	e8bd03c0 	pop	{r6, r7, r8, r9}
    56e8:	e28dd004 	add	sp, sp, #4
    56ec:	e12fff10 	bx	r0
    56f0:	e92d40c0 	push	{r6, r7, lr}
    56f4:	e24dd004 	sub	sp, sp, #4
    56f8:	e58d0000 	str	r0, [sp]
    56fc:	e30cc123 	movw	ip, #49443	@ 0xc123
    5700:	e34cc456 	movt	ip, #50262	@ 0xc456
    5704:	e5940000 	ldr	r0, [r4]
    5708:	e5941004 	ldr	r1, [r4, #4]
    570c:	e5942008 	ldr	r2, [r4, #8]
    5710:	e190c001 	orrs	ip, r0, r1
    5714:	0a000013 	beq	0x5768
    5718:	e2423001 	sub	r3, r2, #1
    571c:	e1a02003 	mov	r2, r3
    5720:	e1a06000 	mov	r6, r0
    5724:	e2066007 	and	r6, r6, #7
    5728:	e3866030 	orr	r6, r6, #48	@ 0x30
    572c:	e5957030 	ldr	r7, [r5, #48]	@ 0x30
    5730:	e3e0c4fe 	mvn	ip, #-33554432	@ 0xfe000000
    5734:	e3ccc8fe 	bic	ip, ip, #16646144	@ 0xfe0000
    5738:	e153000c 	cmp	r3, ip
    573c:	8a00000f 	bhi	0x5780
    5740:	e7d673f0 			@ <UNDEFINED> instruction: 0xe7d673f0
    5744:	e270c007 	rsbs	ip, r0, #7
    5748:	e2f1c000 	rscs	ip, r1, #0
    574c:	e3a03000 	mov	r3, #0
    5750:	33a03001 	movcc	r3, #1
    5754:	e1a001a0 	lsr	r0, r0, #3
    5758:	e1800e81 	orr	r0, r0, r1, lsl #29
    575c:	e1a011a1 	lsr	r1, r1, #3
    5760:	e3530000 	cmp	r3, #0
    5764:	1affffeb 	bne	0x5718
    5768:	e5842008 	str	r2, [r4, #8]
    576c:	e59f0ccc 	ldr	r0, [pc, #3276]	@ 0x6440
    5770:	e30ccabc 	movw	ip, #51900	@ 0xcabc
    5774:	e34ccdef 	movt	ip, #52719	@ 0xcdef
    5778:	e28dd004 	add	sp, sp, #4
    577c:	e8bd80c0 	pop	{r6, r7, pc}
    5780:	e3a00008 	mov	r0, #8
    5784:	e59d1000 	ldr	r1, [sp]
    5788:	e5810010 	str	r0, [r1, #16]
    578c:	e59d0000 	ldr	r0, [sp]
    5790:	e59d100c 	ldr	r1, [sp, #12]
    5794:	e59fcca8 	ldr	ip, [pc, #3240]	@ 0x6444
    5798:	e12fff3c 	blx	ip
    579c:	e28dd004 	add	sp, sp, #4
    57a0:	e8bd00c0 	pop	{r6, r7}
    57a4:	e28dd004 	add	sp, sp, #4
    57a8:	e12fff10 	bx	r0
    57ac:	e92d47c0 	push	{r6, r7, r8, r9, sl, lr}
    57b0:	e24dd018 	sub	sp, sp, #24
    57b4:	e58d0000 	str	r0, [sp]
    57b8:	e30cc123 	movw	ip, #49443	@ 0xc123
    57bc:	e34cc456 	movt	ip, #50262	@ 0xc456
    57c0:	e5946000 	ldr	r6, [r4]
    57c4:	e5947004 	ldr	r7, [r4, #4]
    57c8:	e5948008 	ldr	r8, [r4, #8]
    57cc:	e3560000 	cmp	r6, #0
    57d0:	e2d7c001 	sbcs	ip, r7, #1
    57d4:	2a000002 	bcs	0x57e4
    57d8:	e1a02006 	mov	r2, r6
    57dc:	e1a03007 	mov	r3, r7
    57e0:	ea000028 	b	0x5888
    57e4:	e2489001 	sub	r9, r8, #1
    57e8:	e1a08009 	mov	r8, r9
    57ec:	e58d6004 	str	r6, [sp, #4]
    57f0:	e58d7008 	str	r7, [sp, #8]
    57f4:	e3a0e00a 	mov	lr, #10
    57f8:	e58de00c 	str	lr, [sp, #12]
    57fc:	e3a0e000 	mov	lr, #0
    5800:	e58de010 	str	lr, [sp, #16]
    5804:	e28d0004 	add	r0, sp, #4
    5808:	e28d100c 	add	r1, sp, #12
    580c:	e28d2004 	add	r2, sp, #4
    5810:	e59fcc30 	ldr	ip, [pc, #3120]	@ 0x6448
    5814:	e12fff3c 	blx	ip
    5818:	e59d0004 	ldr	r0, [sp, #4]
    581c:	e59d1008 	ldr	r1, [sp, #8]
    5820:	e1a02000 	mov	r2, r0
    5824:	e1a03001 	mov	r3, r1
    5828:	e1a0a001 	mov	sl, r1
    582c:	e3a0100a 	mov	r1, #10
    5830:	e00a019a 	mul	sl, sl, r1
    5834:	e0810091 	umull	r0, r1, r1, r0
    5838:	e08aa001 	add	sl, sl, r1
    583c:	e1a0100a 	mov	r1, sl
    5840:	e0560000 	subs	r0, r6, r0
    5844:	e0c71001 	sbc	r1, r7, r1
    5848:	e3800030 	orr	r0, r0, #48	@ 0x30
    584c:	e5951030 	ldr	r1, [r5, #48]	@ 0x30
    5850:	e3e0c4fe 	mvn	ip, #-33554432	@ 0xfe000000
    5854:	e3ccc8fe 	bic	ip, ip, #16646144	@ 0xfe0000
    5858:	e159000c 	cmp	r9, ip
    585c:	8a00002e 	bhi	0x591c
    5860:	e7d019f0 			@ <UNDEFINED> instruction: 0xe7d019f0
    5864:	e3e0c000 	mvn	ip, #0
    5868:	e15c0006 	cmp	ip, r6
    586c:	e2f7c009 	rscs	ip, r7, #9
    5870:	e3a00000 	mov	r0, #0
    5874:	33a00001 	movcc	r0, #1
    5878:	e1a06002 	mov	r6, r2
    587c:	e1a07003 	mov	r7, r3
    5880:	e3500000 	cmp	r0, #0
    5884:	1affffd6 	bne	0x57e4
    5888:	e192c003 	orrs	ip, r2, r3
    588c:	0a00001c 	beq	0x5904
    5890:	e2483001 	sub	r3, r8, #1
    5894:	e1a08003 	mov	r8, r3
    5898:	e1a00002 	mov	r0, r2
    589c:	e3a0100a 	mov	r1, #10
    58a0:	e52d3010 	str	r3, [sp, #-16]!
    58a4:	e58d2004 	str	r2, [sp, #4]
    58a8:	e58d1008 	str	r1, [sp, #8]
    58ac:	e59fcb98 	ldr	ip, [pc, #2968]	@ 0x644c
    58b0:	e12fff3c 	blx	ip
    58b4:	e59d1008 	ldr	r1, [sp, #8]
    58b8:	e59d2004 	ldr	r2, [sp, #4]
    58bc:	e49d3010 	ldr	r3, [sp], #16
    58c0:	e1a01000 	mov	r1, r0
    58c4:	e3a0c00a 	mov	ip, #10
    58c8:	e0000c90 	mul	r0, r0, ip
    58cc:	e0420000 	sub	r0, r2, r0
    58d0:	e3800030 	orr	r0, r0, #48	@ 0x30
    58d4:	e5956030 	ldr	r6, [r5, #48]	@ 0x30
    58d8:	e3e0c4fe 	mvn	ip, #-33554432	@ 0xfe000000
    58dc:	e3ccc8fe 	bic	ip, ip, #16646144	@ 0xfe0000
    58e0:	e153000c 	cmp	r3, ip
    58e4:	8a00000c 	bhi	0x591c
    58e8:	e7d063f0 			@ <UNDEFINED> instruction: 0xe7d063f0
    58ec:	e3520009 	cmp	r2, #9
    58f0:	e3a00000 	mov	r0, #0
    58f4:	83a00001 	movhi	r0, #1
    58f8:	e1a02001 	mov	r2, r1
    58fc:	e3500000 	cmp	r0, #0
    5900:	1affffe2 	bne	0x5890
    5904:	e5848008 	str	r8, [r4, #8]
    5908:	e59f0b40 	ldr	r0, [pc, #2880]	@ 0x6450
    590c:	e30ccabc 	movw	ip, #51900	@ 0xcabc
    5910:	e34ccdef 	movt	ip, #52719	@ 0xcdef
    5914:	e28dd018 	add	sp, sp, #24
    5918:	e8bd87c0 	pop	{r6, r7, r8, r9, sl, pc}
    591c:	e3a00008 	mov	r0, #8
    5920:	e59d1000 	ldr	r1, [sp]
    5924:	e5810010 	str	r0, [r1, #16]
    5928:	e59d0000 	ldr	r0, [sp]
    592c:	e59d102c 	ldr	r1, [sp, #44]	@ 0x2c
    5930:	e59fcb1c 	ldr	ip, [pc, #2844]	@ 0x6454
    5934:	e12fff3c 	blx	ip
    5938:	e28dd018 	add	sp, sp, #24
    593c:	e8bd07c0 	pop	{r6, r7, r8, r9, sl}
    5940:	e28dd004 	add	sp, sp, #4
    5944:	e12fff10 	bx	r0
    5948:	e92d43c0 	push	{r6, r7, r8, r9, lr}
    594c:	e24dd004 	sub	sp, sp, #4
    5950:	e58d0000 	str	r0, [sp]
    5954:	e30cc123 	movw	ip, #49443	@ 0xc123
    5958:	e34cc456 	movt	ip, #50262	@ 0xc456
    595c:	e5946000 	ldr	r6, [r4]
    5960:	e5940004 	ldr	r0, [r4, #4]
    5964:	e5941008 	ldr	r1, [r4, #8]
    5968:	e594200c 	ldr	r2, [r4, #12]
    596c:	e5943010 	ldr	r3, [r4, #16]
    5970:	e595e03c 	ldr	lr, [r5, #60]	@ 0x3c
    5974:	e59e7008 	ldr	r7, [lr, #8]
    5978:	e2477f40 	sub	r7, r7, #64, 30	@ 0x100
    597c:	e1a08007 	mov	r8, r7
    5980:	e595903c 	ldr	r9, [r5, #60]	@ 0x3c
    5984:	e5897008 	str	r7, [r9, #8]
    5988:	e1510002 	cmp	r1, r2
    598c:	da00002e 	ble	0x5a4c
    5990:	e3130b48 	tst	r3, #72, 22	@ 0x12000
    5994:	1a00002c 	bne	0x5a4c
    5998:	e0411002 	sub	r1, r1, r2
    599c:	e1a07001 	mov	r7, r1
    59a0:	e3570f40 	cmp	r7, #64, 30	@ 0x100
    59a4:	e3a02000 	mov	r2, #0
    59a8:	33a02001 	movcc	r2, #1
    59ac:	e1a09002 	mov	r9, r2
    59b0:	e3520000 	cmp	r2, #0
    59b4:	03a01f40 	moveq	r1, #64, 30	@ 0x100
    59b8:	e5848014 	str	r8, [r4, #20]
    59bc:	e5840004 	str	r0, [r4, #4]
    59c0:	e5841030 	str	r1, [r4, #48]	@ 0x30
    59c4:	e59f0a8c 	ldr	r0, [pc, #2700]	@ 0x6458
    59c8:	e1a01004 	mov	r1, r4
    59cc:	e59d2000 	ldr	r2, [sp]
    59d0:	e59fca84 	ldr	ip, [pc, #2692]	@ 0x645c
    59d4:	e12fff3c 	blx	ip
    59d8:	e3500000 	cmp	r0, #0
    59dc:	1a000022 	bne	0x5a6c
    59e0:	e3590000 	cmp	r9, #0
    59e4:	1a00000e 	bne	0x5a24
    59e8:	e5846000 	str	r6, [r4]
    59ec:	e5848014 	str	r8, [r4, #20]
    59f0:	e3a0ef40 	mov	lr, #64, 30	@ 0x100
    59f4:	e584e018 	str	lr, [r4, #24]
    59f8:	e59f0a60 	ldr	r0, [pc, #2656]	@ 0x6460
    59fc:	e1a01004 	mov	r1, r4
    5a00:	e59d2000 	ldr	r2, [sp]
    5a04:	e59fca58 	ldr	ip, [pc, #2648]	@ 0x6464
    5a08:	e12fff3c 	blx	ip
    5a0c:	e3500000 	cmp	r0, #0
    5a10:	1a000015 	bne	0x5a6c
    5a14:	e2470f40 	sub	r0, r7, #64, 30	@ 0x100
    5a18:	e1a07000 	mov	r7, r0
    5a1c:	e35000ff 	cmp	r0, #255	@ 0xff
    5a20:	8afffff0 	bhi	0x59e8
    5a24:	e5846000 	str	r6, [r4]
    5a28:	e5848014 	str	r8, [r4, #20]
    5a2c:	e584700c 	str	r7, [r4, #12]
    5a30:	e59f0a30 	ldr	r0, [pc, #2608]	@ 0x6468
    5a34:	e1a01004 	mov	r1, r4
    5a38:	e59d2000 	ldr	r2, [sp]
    5a3c:	e59fca28 	ldr	ip, [pc, #2600]	@ 0x646c
    5a40:	e12fff3c 	blx	ip
    5a44:	e3500000 	cmp	r0, #0
    5a48:	1a000007 	bne	0x5a6c
    5a4c:	e2888f40 	add	r8, r8, #64, 30	@ 0x100
    5a50:	e595003c 	ldr	r0, [r5, #60]	@ 0x3c
    5a54:	e5808008 	str	r8, [r0, #8]
    5a58:	e59f0a10 	ldr	r0, [pc, #2576]	@ 0x6470
    5a5c:	e30ccabc 	movw	ip, #51900	@ 0xcabc
    5a60:	e34ccdef 	movt	ip, #52719	@ 0xcdef
    5a64:	e28dd004 	add	sp, sp, #4
    5a68:	e8bd83c0 	pop	{r6, r7, r8, r9, pc}
    5a6c:	e59d0000 	ldr	r0, [sp]
    5a70:	e59d1014 	ldr	r1, [sp, #20]
    5a74:	e59fc9f8 	ldr	ip, [pc, #2552]	@ 0x6474
    5a78:	e12fff3c 	blx	ip
    5a7c:	e28dd004 	add	sp, sp, #4
    5a80:	e8bd03c0 	pop	{r6, r7, r8, r9}
    5a84:	e28dd004 	add	sp, sp, #4
    5a88:	e12fff10 	bx	r0
    5a8c:	e52de004 	push	{lr}		@ (str lr, [sp, #-4]!)
    5a90:	e24dd004 	sub	sp, sp, #4
    5a94:	e58d0000 	str	r0, [sp]
    5a98:	e30cc123 	movw	ip, #49443	@ 0xc123
    5a9c:	e34cc456 	movt	ip, #50262	@ 0xc456
    5aa0:	e5940000 	ldr	r0, [r4]
    5aa4:	e5941004 	ldr	r1, [r4, #4]
    5aa8:	e5942008 	ldr	r2, [r4, #8]
    5aac:	e5840000 	str	r0, [r4]
    5ab0:	e5841004 	str	r1, [r4, #4]
    5ab4:	e5842008 	str	r2, [r4, #8]
    5ab8:	e3a0e005 	mov	lr, #5
    5abc:	e584e00c 	str	lr, [r4, #12]
    5ac0:	e3a0e006 	mov	lr, #6
    5ac4:	e584e010 	str	lr, [r4, #16]
    5ac8:	e59f09a8 	ldr	r0, [pc, #2472]	@ 0x6478
    5acc:	e1a01004 	mov	r1, r4
    5ad0:	e59d2000 	ldr	r2, [sp]
    5ad4:	e59fc9a0 	ldr	ip, [pc, #2464]	@ 0x647c
    5ad8:	e12fff3c 	blx	ip
    5adc:	e3500000 	cmp	r0, #0
    5ae0:	1a000007 	bne	0x5b04
    5ae4:	e5940014 	ldr	r0, [r4, #20]
    5ae8:	e5840014 	str	r0, [r4, #20]
    5aec:	e3a009ff 	mov	r0, #4177920	@ 0x3fc000
    5af0:	e3800d4c 	orr	r0, r0, #76, 26	@ 0x1300
    5af4:	e30ccabc 	movw	ip, #51900	@ 0xcabc
    5af8:	e34ccdef 	movt	ip, #52719	@ 0xcdef
    5afc:	e28dd004 	add	sp, sp, #4
    5b00:	e49df004 	pop	{pc}		@ (ldr pc, [sp], #4)
    5b04:	e59d0000 	ldr	r0, [sp]
    5b08:	e59d1004 	ldr	r1, [sp, #4]
    5b0c:	e59fc96c 	ldr	ip, [pc, #2412]	@ 0x6480
    5b10:	e12fff3c 	blx	ip
    5b14:	e28dd008 	add	sp, sp, #8
    5b18:	e12fff10 	bx	r0
    5b1c:	e92d4fc0 	push	{r6, r7, r8, r9, sl, fp, lr}
    5b20:	e24dd004 	sub	sp, sp, #4
    5b24:	ed2d8b02 	vpush	{d8}
    5b28:	e24dd018 	sub	sp, sp, #24
    5b2c:	e58d0000 	str	r0, [sp]
    5b30:	e30cc123 	movw	ip, #49443	@ 0xc123
    5b34:	e34cc456 	movt	ip, #50262	@ 0xc456
    5b38:	ed948b01 	vldr	d8, [r4, #4]
    5b3c:	e3a0e000 	mov	lr, #0
    5b40:	e584e054 	str	lr, [r4, #84]	@ 0x54
    5b44:	e595e03c 	ldr	lr, [r5, #60]	@ 0x3c
    5b48:	e59e0008 	ldr	r0, [lr, #8]
    5b4c:	e2400f8c 	sub	r0, r0, #140, 30	@ 0x230
    5b50:	e584001c 	str	r0, [r4, #28]
    5b54:	e595103c 	ldr	r1, [r5, #60]	@ 0x3c
    5b58:	e5810008 	str	r0, [r1, #8]
    5b5c:	e3a0e000 	mov	lr, #0
    5b60:	e584e020 	str	lr, [r4, #32]
    5b64:	e594101c 	ldr	r1, [r4, #28]
    5b68:	e5950030 	ldr	r0, [r5, #48]	@ 0x30
    5b6c:	e59fe8a4 	ldr	lr, [pc, #2212]	@ 0x6418
    5b70:	e7f1e2fc 	udf	#7724	@ 0x1e2c
    5b74:	2a000715 	bcs	0x77d0
    5b78:	e3a02000 	mov	r2, #0
    5b7c:	e7d201f4 			@ <UNDEFINED> instruction: 0xe7d201f4
    5b80:	ed848b01 	vstr	d8, [r4, #4]
    5b84:	e59f08f8 	ldr	r0, [pc, #2296]	@ 0x6484
    5b88:	e1a01004 	mov	r1, r4
    5b8c:	e59d2000 	ldr	r2, [sp]
    5b90:	e59fc8f0 	ldr	ip, [pc, #2288]	@ 0x6488
    5b94:	e12fff3c 	blx	ip
    5b98:	e3500000 	cmp	r0, #0
    5b9c:	1a00070e 	bne	0x77dc
    5ba0:	e59400a0 	ldr	r0, [r4, #160]	@ 0xa0
    5ba4:	e59410a4 	ldr	r1, [r4, #164]	@ 0xa4
    5ba8:	e1a02000 	mov	r2, r0
    5bac:	e1a03001 	mov	r3, r1
    5bb0:	e3e0c000 	mvn	ip, #0
    5bb4:	e15c0000 	cmp	ip, r0
    5bb8:	e3e0c000 	mvn	ip, #0
    5bbc:	e0dcc001 	sbcs	ip, ip, r1
    5bc0:	ba000013 	blt	0x5c14
    5bc4:	e3a0e001 	mov	lr, #1
    5bc8:	e584e024 	str	lr, [r4, #36]	@ 0x24
    5bcc:	e3a0eb40 	mov	lr, #64, 22	@ 0x10000
    5bd0:	e38ee2a0 	orr	lr, lr, #160, 4
    5bd4:	e584e028 	str	lr, [r4, #40]	@ 0x28
    5bd8:	eeb10b48 	vneg.f64	d0, d8
    5bdc:	eeb08b40 	vmov.f64	d8, d0
    5be0:	ed840b28 	vstr	d0, [r4, #160]	@ 0xa0
    5be4:	e59f08a0 	ldr	r0, [pc, #2208]	@ 0x648c
    5be8:	e1a01004 	mov	r1, r4
    5bec:	e59d2000 	ldr	r2, [sp]
    5bf0:	e59fc898 	ldr	ip, [pc, #2200]	@ 0x6490
    5bf4:	e12fff3c 	blx	ip
    5bf8:	e3500000 	cmp	r0, #0
    5bfc:	1a0006f6 	bne	0x77dc
    5c00:	e59400a0 	ldr	r0, [r4, #160]	@ 0xa0
    5c04:	e59410a4 	ldr	r1, [r4, #164]	@ 0xa4
    5c08:	e1a02000 	mov	r2, r0
    5c0c:	e1a03001 	mov	r3, r1
    5c10:	ea000017 	b	0x5c74
    5c14:	e594c014 	ldr	ip, [r4, #20]
    5c18:	e31c0e80 	tst	ip, #128, 28	@ 0x800
    5c1c:	0a000005 	beq	0x5c38
    5c20:	e3a0e001 	mov	lr, #1
    5c24:	e584e024 	str	lr, [r4, #36]	@ 0x24
    5c28:	e3a0eb40 	mov	lr, #64, 22	@ 0x10000
    5c2c:	e38ee2d0 	orr	lr, lr, #208, 4
    5c30:	e584e028 	str	lr, [r4, #40]	@ 0x28
    5c34:	ea00000e 	b	0x5c74
    5c38:	e594c014 	ldr	ip, [r4, #20]
    5c3c:	e20c0001 	and	r0, ip, #1
    5c40:	e5840024 	str	r0, [r4, #36]	@ 0x24
    5c44:	e3500000 	cmp	r0, #0
    5c48:	e3a0eb40 	mov	lr, #64, 22	@ 0x10000
    5c4c:	e38ee140 	orr	lr, lr, #64, 2
    5c50:	e3a0cb40 	mov	ip, #64, 22	@ 0x10000
    5c54:	e38cc2b0 	orr	ip, ip, #176, 4
    5c58:	01a0e00c 	moveq	lr, ip
    5c5c:	e584e028 	str	lr, [r4, #40]	@ 0x28
    5c60:	e594c024 	ldr	ip, [r4, #36]	@ 0x24
    5c64:	e35c0000 	cmp	ip, #0
    5c68:	e3a0c000 	mov	ip, #0
    5c6c:	03a0c001 	moveq	ip, #1
    5c70:	e584c020 	str	ip, [r4, #32]
    5c74:	e2022000 	and	r2, r2, #0
    5c78:	e3a0c207 	mov	ip, #1879048192	@ 0x70000000
    5c7c:	e38cc6ff 	orr	ip, ip, #267386880	@ 0xff00000
    5c80:	e003300c 	and	r3, r3, ip
    5c84:	e3a0c207 	mov	ip, #1879048192	@ 0x70000000
    5c88:	e38cc6ff 	orr	ip, ip, #267386880	@ 0xff00000
    5c8c:	e153000c 	cmp	r3, ip
    5c90:	1a000000 	bne	0x5c98
    5c94:	e3520000 	cmp	r2, #0
    5c98:	1a000045 	bne	0x5db4
    5c9c:	e594c024 	ldr	ip, [r4, #36]	@ 0x24
    5ca0:	e28c0003 	add	r0, ip, #3
    5ca4:	e1a08000 	mov	r8, r0
    5ca8:	e594c014 	ldr	ip, [r4, #20]
    5cac:	e3cc1b40 	bic	r1, ip, #64, 22	@ 0x10000
    5cb0:	e3a0e020 	mov	lr, #32
    5cb4:	e584e0a4 	str	lr, [r4, #164]	@ 0xa4
    5cb8:	e58400ac 	str	r0, [r4, #172]	@ 0xac
    5cbc:	e58410b0 	str	r1, [r4, #176]	@ 0xb0
    5cc0:	e59f07cc 	ldr	r0, [pc, #1996]	@ 0x6494
    5cc4:	e1a01004 	mov	r1, r4
    5cc8:	e59d2000 	ldr	r2, [sp]
    5ccc:	e59fc7c4 	ldr	ip, [pc, #1988]	@ 0x6498
    5cd0:	e12fff3c 	blx	ip
    5cd4:	e3500000 	cmp	r0, #0
    5cd8:	1a0006bf 	bne	0x77dc
    5cdc:	e59f07b8 	ldr	r0, [pc, #1976]	@ 0x649c
    5ce0:	e1a01004 	mov	r1, r4
    5ce4:	e59d2000 	ldr	r2, [sp]
    5ce8:	e59fc7b0 	ldr	ip, [pc, #1968]	@ 0x64a0
    5cec:	e12fff3c 	blx	ip
    5cf0:	e3500000 	cmp	r0, #0
    5cf4:	1a0006b8 	bne	0x77dc
    5cf8:	e594c018 	ldr	ip, [r4, #24]
    5cfc:	e20c0020 	and	r0, ip, #32
    5d00:	e1a01000 	mov	r1, r0
    5d04:	e3500000 	cmp	r0, #0
    5d08:	e3a02b40 	mov	r2, #64, 22	@ 0x10000
    5d0c:	e3822174 	orr	r2, r2, #116, 2
    5d10:	e3a0cb40 	mov	ip, #64, 22	@ 0x10000
    5d14:	e38cc194 	orr	ip, ip, #148, 2	@ 0x25
    5d18:	01a0200c 	moveq	r2, ip
    5d1c:	e3510000 	cmp	r1, #0
    5d20:	e3a00b40 	mov	r0, #64, 22	@ 0x10000
    5d24:	e3800184 	orr	r0, r0, #132, 2	@ 0x21
    5d28:	e3a0cb40 	mov	ip, #64, 22	@ 0x10000
    5d2c:	e38cc1a4 	orr	ip, ip, #164, 2	@ 0x29
    5d30:	01a0000c 	moveq	r0, ip
    5d34:	eeb48b48 	vcmp.f64	d8, d8
    5d38:	eef1fa10 	vmrs	APSR_nzcv, fpscr
    5d3c:	01a02000 	moveq	r2, r0
    5d40:	e58420a4 	str	r2, [r4, #164]	@ 0xa4
    5d44:	e3a0e003 	mov	lr, #3
    5d48:	e584e0a8 	str	lr, [r4, #168]	@ 0xa8
    5d4c:	e59f0750 	ldr	r0, [pc, #1872]	@ 0x64a4
    5d50:	e1a01004 	mov	r1, r4
    5d54:	e59d2000 	ldr	r2, [sp]
    5d58:	e59fc748 	ldr	ip, [pc, #1864]	@ 0x64a8
    5d5c:	e12fff3c 	blx	ip
    5d60:	e3500000 	cmp	r0, #0
    5d64:	1a00069c 	bne	0x77dc
    5d68:	e594c014 	ldr	ip, [r4, #20]
    5d6c:	e22c0d80 	eor	r0, ip, #128, 26	@ 0x2000
    5d70:	e3a0e020 	mov	lr, #32
    5d74:	e584e0a4 	str	lr, [r4, #164]	@ 0xa4
    5d78:	e584802c 	str	r8, [r4, #44]	@ 0x2c
    5d7c:	e58400b0 	str	r0, [r4, #176]	@ 0xb0
    5d80:	e59f0724 	ldr	r0, [pc, #1828]	@ 0x64ac
    5d84:	e1a01004 	mov	r1, r4
    5d88:	e59d2000 	ldr	r2, [sp]
    5d8c:	e59fc71c 	ldr	ip, [pc, #1820]	@ 0x64b0
    5d90:	e12fff3c 	blx	ip
    5d94:	e3500000 	cmp	r0, #0
    5d98:	1a00068f 	bne	0x77dc
    5d9c:	e594c00c 	ldr	ip, [r4, #12]
    5da0:	e15c0008 	cmp	ip, r8
    5da4:	e594e00c 	ldr	lr, [r4, #12]
    5da8:	d1a0e008 	movle	lr, r8
    5dac:	e584e034 	str	lr, [r4, #52]	@ 0x34
    5db0:	ea000679 	b	0x779c
    5db4:	e594c01c 	ldr	ip, [r4, #28]
    5db8:	e28ce010 	add	lr, ip, #16
    5dbc:	e584e038 	str	lr, [r4, #56]	@ 0x38
    5dc0:	e594c01c 	ldr	ip, [r4, #28]
    5dc4:	e28c002c 	add	r0, ip, #44	@ 0x2c
    5dc8:	ed848b01 	vstr	d8, [r4, #4]
    5dcc:	e58400a8 	str	r0, [r4, #168]	@ 0xa8
    5dd0:	e59f06dc 	ldr	r0, [pc, #1756]	@ 0x64b4
    5dd4:	e1a01004 	mov	r1, r4
    5dd8:	e59d2000 	ldr	r2, [sp]
    5ddc:	e59fc6d4 	ldr	ip, [pc, #1748]	@ 0x64b8
    5de0:	e12fff3c 	blx	ip
    5de4:	e3500000 	cmp	r0, #0
    5de8:	1a00067b 	bne	0x77dc
    5dec:	ed940b28 	vldr	d0, [r4, #160]	@ 0xa0
    5df0:	eeb01b40 	vmov.f64	d1, d0
    5df4:	ee300b01 	vadd.f64	d0, d0, d1
    5df8:	eeb08b40 	vmov.f64	d8, d0
    5dfc:	e3a0c000 	mov	ip, #0
    5e00:	ec4cca11 	vmov	s2, s3, ip, ip
    5e04:	eeb40b41 	vcmp.f64	d0, d1
    5e08:	eef1fa10 	vmrs	APSR_nzcv, fpscr
    5e0c:	0a000013 	beq	0x5e60
    5e10:	e594201c 	ldr	r2, [r4, #28]
    5e14:	e5951030 	ldr	r1, [r5, #48]	@ 0x30
    5e18:	e59fe5f8 	ldr	lr, [pc, #1528]	@ 0x6418
    5e1c:	e7f2e2fc 	udf	#11820	@ 0x2e2c
    5e20:	2a00066a 	bcs	0x77d0
    5e24:	e7e012f4 			@ <UNDEFINED> instruction: 0xe7e012f4
    5e28:	e1a01000 	mov	r1, r0
    5e2c:	e2400001 	sub	r0, r0, #1
    5e30:	e594301c 	ldr	r3, [r4, #28]
    5e34:	e5952030 	ldr	r2, [r5, #48]	@ 0x30
    5e38:	e59fe5d8 	ldr	lr, [pc, #1496]	@ 0x6418
    5e3c:	e7f3e2fc 	udf	#15916	@ 0x3e2c
    5e40:	2a000662 	bcs	0x77d0
    5e44:	e7d023f4 			@ <UNDEFINED> instruction: 0xe7d023f4
    5e48:	e594c018 	ldr	ip, [r4, #24]
    5e4c:	e38c0020 	orr	r0, ip, #32
    5e50:	e584003c 	str	r0, [r4, #60]	@ 0x3c
    5e54:	e3500061 	cmp	r0, #97	@ 0x61
    5e58:	1a000013 	bne	0x5eac
    5e5c:	ea000500 	b	0x7264
    5e60:	e594c018 	ldr	ip, [r4, #24]
    5e64:	e38c0020 	orr	r0, ip, #32
    5e68:	e584003c 	str	r0, [r4, #60]	@ 0x3c
    5e6c:	e3500061 	cmp	r0, #97	@ 0x61
    5e70:	0a0004fb 	beq	0x7264
    5e74:	e594c010 	ldr	ip, [r4, #16]
    5e78:	e35c0000 	cmp	ip, #0
    5e7c:	e3a0e006 	mov	lr, #6
    5e80:	e594c010 	ldr	ip, [r4, #16]
    5e84:	a1a0e00c 	movge	lr, ip
    5e88:	e584e040 	str	lr, [r4, #64]	@ 0x40
    5e8c:	e594201c 	ldr	r2, [r4, #28]
    5e90:	e5950030 	ldr	r0, [r5, #48]	@ 0x30
    5e94:	e59fe57c 	ldr	lr, [pc, #1404]	@ 0x6418
    5e98:	e7f2e2fc 	udf	#11820	@ 0x2e2c
    5e9c:	2a00064b 	bcs	0x77d0
    5ea0:	e7ee02f4 			@ <UNDEFINED> instruction: 0xe7ee02f4
    5ea4:	e584e044 	str	lr, [r4, #68]	@ 0x44
    5ea8:	ea000012 	b	0x5ef8
    5eac:	e241101d 	sub	r1, r1, #29
    5eb0:	e5841044 	str	r1, [r4, #68]	@ 0x44
    5eb4:	e594201c 	ldr	r2, [r4, #28]
    5eb8:	e5950030 	ldr	r0, [r5, #48]	@ 0x30
    5ebc:	e59fe554 	ldr	lr, [pc, #1364]	@ 0x6418
    5ec0:	e7f2e2fc 	udf	#11820	@ 0x2e2c
    5ec4:	2a000641 	bcs	0x77d0
    5ec8:	e7d102f4 			@ <UNDEFINED> instruction: 0xe7d102f4
    5ecc:	e594c010 	ldr	ip, [r4, #16]
    5ed0:	e35c0000 	cmp	ip, #0
    5ed4:	e3a0e006 	mov	lr, #6
    5ed8:	e594c010 	ldr	ip, [r4, #16]
    5edc:	a1a0e00c 	movge	lr, ip
    5ee0:	e584e040 	str	lr, [r4, #64]	@ 0x40
    5ee4:	e3a0c000 	mov	ip, #0
    5ee8:	e3a0e204 	mov	lr, #4, 4	@ 0x40000000
    5eec:	e38ee61b 	orr	lr, lr, #28311552	@ 0x1b00000
    5ef0:	ec4eca10 	vmov	s0, s1, ip, lr
    5ef4:	ee288b00 	vmul.f64	d8, d8, d0
    5ef8:	e594c01c 	ldr	ip, [r4, #28]
    5efc:	e28c0030 	add	r0, ip, #48	@ 0x30
    5f00:	e594c044 	ldr	ip, [r4, #68]	@ 0x44
    5f04:	e35c0000 	cmp	ip, #0
    5f08:	e3a01000 	mov	r1, #0
    5f0c:	a3a01f48 	movge	r1, #72, 30	@ 0x120
    5f10:	e0800001 	add	r0, r0, r1
    5f14:	e5840048 	str	r0, [r4, #72]	@ 0x48
    5f18:	e5840030 	str	r0, [r4, #48]	@ 0x30
    5f1c:	eeb00b48 	vmov.f64	d0, d8
    5f20:	ec510a10 	vmov	r0, r1, s0, s1
    5f24:	e59fc590 	ldr	ip, [pc, #1424]	@ 0x64bc
    5f28:	e12fff3c 	blx	ip
    5f2c:	e1a01000 	mov	r1, r0
    5f30:	e5943030 	ldr	r3, [r4, #48]	@ 0x30
    5f34:	e5952030 	ldr	r2, [r5, #48]	@ 0x30
    5f38:	e59fc4d8 	ldr	ip, [pc, #1240]	@ 0x6418
    5f3c:	e153000c 	cmp	r3, ip
    5f40:	8a000622 	bhi	0x77d0
    5f44:	e7d023f4 			@ <UNDEFINED> instruction: 0xe7d023f4
    5f48:	e594c030 	ldr	ip, [r4, #48]	@ 0x30
    5f4c:	e28ce004 	add	lr, ip, #4
    5f50:	e584e030 	str	lr, [r4, #48]	@ 0x30
    5f54:	ee071a10 	vmov	s14, r1
    5f58:	eeb80b47 	vcvt.f64.u32	d0, s14
    5f5c:	ee380b40 	vsub.f64	d0, d8, d0
    5f60:	e3a0c000 	mov	ip, #0
    5f64:	e59fe554 	ldr	lr, [pc, #1364]	@ 0x64c0
    5f68:	ec4eca11 	vmov	s2, s3, ip, lr
    5f6c:	ee200b01 	vmul.f64	d0, d0, d1
    5f70:	eeb08b40 	vmov.f64	d8, d0
    5f74:	e3a0c000 	mov	ip, #0
    5f78:	ec4cca11 	vmov	s2, s3, ip, ip
    5f7c:	eeb40b41 	vcmp.f64	d0, d1
    5f80:	eef1fa10 	vmrs	APSR_nzcv, fpscr
    5f84:	1affffe4 	bne	0x5f1c
    5f88:	e594c044 	ldr	ip, [r4, #68]	@ 0x44
    5f8c:	e35c0001 	cmp	ip, #1
    5f90:	aa000006 	bge	0x5fb0
    5f94:	e594e044 	ldr	lr, [r4, #68]	@ 0x44
    5f98:	e584e04c 	str	lr, [r4, #76]	@ 0x4c
    5f9c:	e594e030 	ldr	lr, [r4, #48]	@ 0x30
    5fa0:	e584e02c 	str	lr, [r4, #44]	@ 0x2c
    5fa4:	e594e048 	ldr	lr, [r4, #72]	@ 0x48
    5fa8:	e584e050 	str	lr, [r4, #80]	@ 0x50
    5fac:	ea00007e 	b	0x61ac
    5fb0:	e594e048 	ldr	lr, [r4, #72]	@ 0x48
    5fb4:	e584e050 	str	lr, [r4, #80]	@ 0x50
    5fb8:	e594e044 	ldr	lr, [r4, #68]	@ 0x44
    5fbc:	e584e04c 	str	lr, [r4, #76]	@ 0x4c
    5fc0:	e594c04c 	ldr	ip, [r4, #76]	@ 0x4c
    5fc4:	e35c001d 	cmp	ip, #29
    5fc8:	e3a0e01d 	mov	lr, #29
    5fcc:	e594c04c 	ldr	ip, [r4, #76]	@ 0x4c
    5fd0:	31a0e00c 	movcc	lr, ip
    5fd4:	e584e04c 	str	lr, [r4, #76]	@ 0x4c
    5fd8:	e594c030 	ldr	ip, [r4, #48]	@ 0x30
    5fdc:	e24c0004 	sub	r0, ip, #4
    5fe0:	e1a09000 	mov	r9, r0
    5fe4:	e594c050 	ldr	ip, [r4, #80]	@ 0x50
    5fe8:	e150000c 	cmp	r0, ip
    5fec:	3a000049 	bcc	0x6118
    5ff0:	e594704c 	ldr	r7, [r4, #76]	@ 0x4c
    5ff4:	e3a08000 	mov	r8, #0
    5ff8:	e3a06000 	mov	r6, #0
    5ffc:	e3a03000 	mov	r3, #0
    6000:	e1a0a009 	mov	sl, r9
    6004:	e5952030 	ldr	r2, [r5, #48]	@ 0x30
    6008:	e59fc408 	ldr	ip, [pc, #1032]	@ 0x6418
    600c:	e15a000c 	cmp	sl, ip
    6010:	8a0005ee 	bhi	0x77d0
    6014:	e792000a 	ldr	r0, [r2, sl]
    6018:	e3a01000 	mov	r1, #0
    601c:	e1a02007 	mov	r2, r7
    6020:	e3120020 	tst	r2, #32
    6024:	1a000006 	bne	0x6044
    6028:	e202201f 	and	r2, r2, #31
    602c:	e1a01211 	lsl	r1, r1, r2
    6030:	e1a0c0a0 	lsr	ip, r0, #1
    6034:	e222e01f 	eor	lr, r2, #31
    6038:	e1811e3c 	orr	r1, r1, ip, lsr lr
    603c:	e1a00210 	lsl	r0, r0, r2
    6040:	ea000002 	b	0x6050
    6044:	e202e01f 	and	lr, r2, #31
    6048:	e1a01e10 	lsl	r1, r0, lr
    604c:	e3a00000 	mov	r0, #0
    6050:	e090a006 	adds	sl, r0, r6
    6054:	e0a1b003 	adc	fp, r1, r3
    6058:	e584a074 	str	sl, [r4, #116]	@ 0x74
    605c:	e584b078 	str	fp, [r4, #120]	@ 0x78
    6060:	e59fe45c 	ldr	lr, [pc, #1116]	@ 0x64c4
    6064:	e58de00c 	str	lr, [sp, #12]
    6068:	e3a0e000 	mov	lr, #0
    606c:	e58de010 	str	lr, [sp, #16]
    6070:	e2840074 	add	r0, r4, #116	@ 0x74
    6074:	e28d100c 	add	r1, sp, #12
    6078:	e28d2004 	add	r2, sp, #4
    607c:	e59fc444 	ldr	ip, [pc, #1092]	@ 0x64c8
    6080:	e12fff3c 	blx	ip
    6084:	e59d0004 	ldr	r0, [sp, #4]
    6088:	e59d1008 	ldr	r1, [sp, #8]
    608c:	e1a06000 	mov	r6, r0
    6090:	e1a03001 	mov	r3, r1
    6094:	e1a02001 	mov	r2, r1
    6098:	e59f1424 	ldr	r1, [pc, #1060]	@ 0x64c4
    609c:	e0020192 	mul	r2, r2, r1
    60a0:	e0810091 	umull	r0, r1, r1, r0
    60a4:	e0822001 	add	r2, r2, r1
    60a8:	e1a01002 	mov	r1, r2
    60ac:	e05aa000 	subs	sl, sl, r0
    60b0:	e0cbb001 	sbc	fp, fp, r1
    60b4:	e1a01009 	mov	r1, r9
    60b8:	e5950030 	ldr	r0, [r5, #48]	@ 0x30
    60bc:	e59fc354 	ldr	ip, [pc, #852]	@ 0x6418
    60c0:	e151000c 	cmp	r1, ip
    60c4:	8a0005c1 	bhi	0x77d0
    60c8:	e780a001 	str	sl, [r0, r1]
    60cc:	e2490004 	sub	r0, r9, #4
    60d0:	e1a09000 	mov	r9, r0
    60d4:	e594c050 	ldr	ip, [r4, #80]	@ 0x50
    60d8:	e150000c 	cmp	r0, ip
    60dc:	2affffc7 	bcs	0x6000
    60e0:	e594c074 	ldr	ip, [r4, #116]	@ 0x74
    60e4:	e59fe3d8 	ldr	lr, [pc, #984]	@ 0x64c4
    60e8:	e15c000e 	cmp	ip, lr
    60ec:	e594c078 	ldr	ip, [r4, #120]	@ 0x78
    60f0:	e2dcc000 	sbcs	ip, ip, #0
    60f4:	3a000007 	bcc	0x6118
    60f8:	e594c050 	ldr	ip, [r4, #80]	@ 0x50
    60fc:	e24c0004 	sub	r0, ip, #4
    6100:	e5840050 	str	r0, [r4, #80]	@ 0x50
    6104:	e5951030 	ldr	r1, [r5, #48]	@ 0x30
    6108:	e59fc308 	ldr	ip, [pc, #776]	@ 0x6418
    610c:	e150000c 	cmp	r0, ip
    6110:	8a0005ae 	bhi	0x77d0
    6114:	e7816000 	str	r6, [r1, r0]
    6118:	e594e030 	ldr	lr, [r4, #48]	@ 0x30
    611c:	e584e02c 	str	lr, [r4, #44]	@ 0x2c
    6120:	e594e050 	ldr	lr, [r4, #80]	@ 0x50
    6124:	e594c030 	ldr	ip, [r4, #48]	@ 0x30
    6128:	e15c000e 	cmp	ip, lr
    612c:	9a00000a 	bls	0x615c
    6130:	e594c02c 	ldr	ip, [r4, #44]	@ 0x2c
    6134:	e24c0004 	sub	r0, ip, #4
    6138:	e5840030 	str	r0, [r4, #48]	@ 0x30
    613c:	e1a02000 	mov	r2, r0
    6140:	e5951030 	ldr	r1, [r5, #48]	@ 0x30
    6144:	e59fc2cc 	ldr	ip, [pc, #716]	@ 0x6418
    6148:	e152000c 	cmp	r2, ip
    614c:	8a00059f 	bhi	0x77d0
    6150:	e7e012f4 			@ <UNDEFINED> instruction: 0xe7e012f4
    6154:	e3500000 	cmp	r0, #0
    6158:	0affffee 	beq	0x6118
    615c:	e594201c 	ldr	r2, [r4, #28]
    6160:	e5951030 	ldr	r1, [r5, #48]	@ 0x30
    6164:	e59fe2ac 	ldr	lr, [pc, #684]	@ 0x6418
    6168:	e7f2e2fc 	udf	#11820	@ 0x2e2c
    616c:	2a000597 	bcs	0x77d0
    6170:	e7e012f4 			@ <UNDEFINED> instruction: 0xe7e012f4
    6174:	e594c04c 	ldr	ip, [r4, #76]	@ 0x4c
    6178:	e040000c 	sub	r0, r0, ip
    617c:	e584004c 	str	r0, [r4, #76]	@ 0x4c
    6180:	e594201c 	ldr	r2, [r4, #28]
    6184:	e5951030 	ldr	r1, [r5, #48]	@ 0x30
    6188:	e59fe288 	ldr	lr, [pc, #648]	@ 0x6418
    618c:	e7f2e2fc 	udf	#11820	@ 0x2e2c
    6190:	2a00058e 	bcs	0x77d0
    6194:	e7d012f4 			@ <UNDEFINED> instruction: 0xe7d012f4
    6198:	e594e02c 	ldr	lr, [r4, #44]	@ 0x2c
    619c:	e584e030 	str	lr, [r4, #48]	@ 0x30
    61a0:	e594c04c 	ldr	ip, [r4, #76]	@ 0x4c
    61a4:	e35c0000 	cmp	ip, #0
    61a8:	caffff84 	bgt	0x5fc0
    61ac:	e594c04c 	ldr	ip, [r4, #76]	@ 0x4c
    61b0:	e37c0001 	cmn	ip, #1
    61b4:	ca00007c 	bgt	0x63ac
    61b8:	e594c040 	ldr	ip, [r4, #64]	@ 0x40
    61bc:	e28c0019 	add	r0, ip, #25
    61c0:	e3a01009 	mov	r1, #9
    61c4:	e52d3010 	str	r3, [sp, #-16]!
    61c8:	e58d2004 	str	r2, [sp, #4]
    61cc:	e58d1008 	str	r1, [sp, #8]
    61d0:	e59fc2f4 	ldr	ip, [pc, #756]	@ 0x64cc
    61d4:	e12fff3c 	blx	ip
    61d8:	e59d1008 	ldr	r1, [sp, #8]
    61dc:	e59d2004 	ldr	r2, [sp, #4]
    61e0:	e49d3010 	ldr	r3, [sp], #16
    61e4:	e280e001 	add	lr, r0, #1
    61e8:	e584e054 	str	lr, [r4, #84]	@ 0x54
    61ec:	e594c03c 	ldr	ip, [r4, #60]	@ 0x3c
    61f0:	e35c0066 	cmp	ip, #102	@ 0x66
    61f4:	e3a0c000 	mov	ip, #0
    61f8:	03a0c001 	moveq	ip, #1
    61fc:	e584c058 	str	ip, [r4, #88]	@ 0x58
    6200:	e594c04c 	ldr	ip, [r4, #76]	@ 0x4c
    6204:	e26c1000 	rsb	r1, ip, #0
    6208:	e1a02001 	mov	r2, r1
    620c:	e3520009 	cmp	r2, #9
    6210:	23a01009 	movcs	r1, #9
    6214:	e594e02c 	ldr	lr, [r4, #44]	@ 0x2c
    6218:	e594c050 	ldr	ip, [r4, #80]	@ 0x50
    621c:	e15c000e 	cmp	ip, lr
    6220:	3a000009 	bcc	0x624c
    6224:	e5946050 	ldr	r6, [r4, #80]	@ 0x50
    6228:	e5953030 	ldr	r3, [r5, #48]	@ 0x30
    622c:	e59fc1e4 	ldr	ip, [pc, #484]	@ 0x6418
    6230:	e156000c 	cmp	r6, ip
    6234:	8a000565 	bhi	0x77d0
    6238:	e7e236f4 			@ <UNDEFINED> instruction: 0xe7e236f4
    623c:	e3520000 	cmp	r2, #0
    6240:	e3a03000 	mov	r3, #0
    6244:	03a03004 	moveq	r3, #4
    6248:	ea000033 	b	0x631c
    624c:	e59fc270 	ldr	ip, [pc, #624]	@ 0x64c4
    6250:	e201e01f 	and	lr, r1, #31
    6254:	e1a02e3c 	lsr	r2, ip, lr
    6258:	e3e0c000 	mvn	ip, #0
    625c:	e201e01f 	and	lr, r1, #31
    6260:	e1a06e1c 	lsl	r6, ip, lr
    6264:	e1e06006 	mvn	r6, r6
    6268:	e3a07000 	mov	r7, #0
    626c:	e5948050 	ldr	r8, [r4, #80]	@ 0x50
    6270:	e1a0b008 	mov	fp, r8
    6274:	e595a030 	ldr	sl, [r5, #48]	@ 0x30
    6278:	e59fc198 	ldr	ip, [pc, #408]	@ 0x6418
    627c:	e15b000c 	cmp	fp, ip
    6280:	8a000552 	bhi	0x77d0
    6284:	e7e9abf4 			@ <UNDEFINED> instruction: 0xe7e9abf4
    6288:	e1a0a009 	mov	sl, r9
    628c:	e201e01f 	and	lr, r1, #31
    6290:	e1a09e39 	lsr	r9, r9, lr
    6294:	e0899007 	add	r9, r9, r7
    6298:	e1a00008 	mov	r0, r8
    629c:	e595b030 	ldr	fp, [r5, #48]	@ 0x30
    62a0:	e59fc170 	ldr	ip, [pc, #368]	@ 0x6418
    62a4:	e150000c 	cmp	r0, ip
    62a8:	8a000548 	bhi	0x77d0
    62ac:	e7d9b0f4 			@ <UNDEFINED> instruction: 0xe7d9b0f4
    62b0:	e00aa006 	and	sl, sl, r6
    62b4:	e007029a 	mul	r7, sl, r2
    62b8:	e2880004 	add	r0, r8, #4
    62bc:	e1a08000 	mov	r8, r0
    62c0:	e594c02c 	ldr	ip, [r4, #44]	@ 0x2c
    62c4:	e150000c 	cmp	r0, ip
    62c8:	3affffe8 	bcc	0x6270
    62cc:	e5946050 	ldr	r6, [r4, #80]	@ 0x50
    62d0:	e5952030 	ldr	r2, [r5, #48]	@ 0x30
    62d4:	e59fc13c 	ldr	ip, [pc, #316]	@ 0x6418
    62d8:	e156000c 	cmp	r6, ip
    62dc:	8a00053b 	bhi	0x77d0
    62e0:	e7e026f4 			@ <UNDEFINED> instruction: 0xe7e026f4
    62e4:	e3500000 	cmp	r0, #0
    62e8:	e3a03000 	mov	r3, #0
    62ec:	03a03004 	moveq	r3, #4
    62f0:	e3570000 	cmp	r7, #0
    62f4:	0a000008 	beq	0x631c
    62f8:	e594202c 	ldr	r2, [r4, #44]	@ 0x2c
    62fc:	e5950030 	ldr	r0, [r5, #48]	@ 0x30
    6300:	e59fc110 	ldr	ip, [pc, #272]	@ 0x6418
    6304:	e152000c 	cmp	r2, ip
    6308:	8a000530 	bhi	0x77d0
    630c:	e7d702f4 			@ <UNDEFINED> instruction: 0xe7d702f4
    6310:	e594c02c 	ldr	ip, [r4, #44]	@ 0x2c
    6314:	e28ce004 	add	lr, ip, #4
    6318:	e584e02c 	str	lr, [r4, #44]	@ 0x2c
    631c:	e594601c 	ldr	r6, [r4, #28]
    6320:	e5952030 	ldr	r2, [r5, #48]	@ 0x30
    6324:	e59fe0ec 	ldr	lr, [pc, #236]	@ 0x6418
    6328:	e7f6e2fc 	udf	#28204	@ 0x6e2c
    632c:	2a000527 	bcs	0x77d0
    6330:	e7e026f4 			@ <UNDEFINED> instruction: 0xe7e026f4
    6334:	e0800001 	add	r0, r0, r1
    6338:	e584004c 	str	r0, [r4, #76]	@ 0x4c
    633c:	e594201c 	ldr	r2, [r4, #28]
    6340:	e5951030 	ldr	r1, [r5, #48]	@ 0x30
    6344:	e59fe0cc 	ldr	lr, [pc, #204]	@ 0x6418
    6348:	e7f2e2fc 	udf	#11820	@ 0x2e2c
    634c:	2a00051f 	bcs	0x77d0
    6350:	e7d012f4 			@ <UNDEFINED> instruction: 0xe7d012f4
    6354:	e594c050 	ldr	ip, [r4, #80]	@ 0x50
    6358:	e08c3003 	add	r3, ip, r3
    635c:	e5843050 	str	r3, [r4, #80]	@ 0x50
    6360:	e594c058 	ldr	ip, [r4, #88]	@ 0x58
    6364:	e35c0000 	cmp	ip, #0
    6368:	e594c048 	ldr	ip, [r4, #72]	@ 0x48
    636c:	11a0300c 	movne	r3, ip
    6370:	e1a00003 	mov	r0, r3
    6374:	e594c054 	ldr	ip, [r4, #84]	@ 0x54
    6378:	e1a0110c 	lsl	r1, ip, #2
    637c:	e0833001 	add	r3, r3, r1
    6380:	e594c02c 	ldr	ip, [r4, #44]	@ 0x2c
    6384:	e04c0000 	sub	r0, ip, r0
    6388:	e1a00140 	asr	r0, r0, #2
    638c:	e594c054 	ldr	ip, [r4, #84]	@ 0x54
    6390:	e150000c 	cmp	r0, ip
    6394:	e594e02c 	ldr	lr, [r4, #44]	@ 0x2c
    6398:	c1a0e003 	movgt	lr, r3
    639c:	e584e02c 	str	lr, [r4, #44]	@ 0x2c
    63a0:	e594c04c 	ldr	ip, [r4, #76]	@ 0x4c
    63a4:	e35c0000 	cmp	ip, #0
    63a8:	baffff94 	blt	0x6200
    63ac:	e3a06000 	mov	r6, #0
    63b0:	e594e02c 	ldr	lr, [r4, #44]	@ 0x2c
    63b4:	e594c050 	ldr	ip, [r4, #80]	@ 0x50
    63b8:	e15c000e 	cmp	ip, lr
    63bc:	2a000049 	bcs	0x64e8
    63c0:	e594e050 	ldr	lr, [r4, #80]	@ 0x50
    63c4:	e594c048 	ldr	ip, [r4, #72]	@ 0x48
    63c8:	e04c000e 	sub	r0, ip, lr
    63cc:	e1a00140 	asr	r0, r0, #2
    63d0:	e3a0c009 	mov	ip, #9
    63d4:	e0060c90 	mul	r6, r0, ip
    63d8:	e3a0000a 	mov	r0, #10
    63dc:	e5943050 	ldr	r3, [r4, #80]	@ 0x50
    63e0:	e5952030 	ldr	r2, [r5, #48]	@ 0x30
    63e4:	e59fc02c 	ldr	ip, [pc, #44]	@ 0x6418
    63e8:	e153000c 	cmp	r3, ip
    63ec:	8a0004f7 	bhi	0x77d0
    63f0:	e7e123f4 			@ <UNDEFINED> instruction: 0xe7e123f4
    63f4:	e1a02001 	mov	r2, r1
    63f8:	e351000a 	cmp	r1, #10
    63fc:	3a000039 	bcc	0x64e8
    6400:	ea000032 	b	0x64d0
	...
    6418:	0101fffc 	strdeq	pc, [r1, -ip]
    641c:	0101fff8 	strdeq	pc, [r1, -r8]
    6420:	004027b4 	strheq	r2, [r0], #-116	@ 0xffffff8c
    6424:	004027f4 	strdeq	r2, [r0], #-116	@ 0xffffff8c
    6428:	00402848 	subeq	r2, r0, r8, asr #16
    642c:	00048c48 	andeq	r8, r4, r8, asr #24
    6430:	00402868 	subeq	r2, r0, r8, ror #16
    6434:	00048004 	andeq	r8, r4, r4
    6438:	003f924c 	eorseq	r9, pc, ip, asr #4
    643c:	00048004 	andeq	r8, r4, r4
    6440:	003fd7bc 	ldrhteq	sp, [pc], -ip
    6444:	00048004 	andeq	r8, r4, r4
    6448:	00047e9c 	muleq	r4, ip, lr
    644c:	001f54c0 	andseq	r5, pc, r0, asr #9
    6450:	00401264 	subeq	r1, r0, r4, ror #4
    6454:	00048004 	andeq	r8, r4, r4
    6458:	003fcfa4 	eorseq	ip, pc, r4, lsr #31
    645c:	0004890c 	andeq	r8, r4, ip, lsl #18
    6460:	003fcfc4 	eorseq	ip, pc, r4, asr #31
    6464:	0004890c 	andeq	r8, r4, ip, lsl #18
    6468:	003fd004 	eorseq	sp, pc, r4
    646c:	0004890c 	andeq	r8, r4, ip, lsl #18
    6470:	003fd038 	eorseq	sp, pc, r8, lsr r0	@ <UNPREDICTABLE>
    6474:	00048004 	andeq	r8, r4, r4
    6478:	003fd2e0 	eorseq	sp, pc, r0, ror #5
    647c:	0004890c 	andeq	r8, r4, ip, lsl #18
    6480:	00048004 	andeq	r8, r4, r4
    6484:	0040b19c 	umaaleq	fp, r0, ip, r1
    6488:	0004890c 	andeq	r8, r4, ip, lsl #18
    648c:	0040b1f0 	strdeq	fp, [r0], #-16
    6490:	0004890c 	andeq	r8, r4, ip, lsl #18
    6494:	0040b314 	subeq	fp, r0, r4, lsl r3
    6498:	0004890c 	andeq	r8, r4, ip, lsl #18
    649c:	0040b32c 	subeq	fp, r0, ip, lsr #6
    64a0:	0004890c 	andeq	r8, r4, ip, lsl #18
    64a4:	0040b3d8 	ldrdeq	fp, [r0], #-56	@ 0xffffffc8
    64a8:	0004890c 	andeq	r8, r4, ip, lsl #18
    64ac:	0040b410 	subeq	fp, r0, r0, lsl r4
    64b0:	0004890c 	andeq	r8, r4, ip, lsl #18
    64b4:	0040b47c 	subeq	fp, r0, ip, ror r4
    64b8:	0004890c 	andeq	r8, r4, ip, lsl #18
    64bc:	000493d8 	ldrdeq	r9, [r4], -r8
    64c0:	41cdcd65 	bicmi	ip, sp, r5, ror #26
    64c4:	3b9aca00 	blcc	0xfe6b8ccc
    64c8:	00047e9c 	muleq	r4, ip, lr
    64cc:	001f54c0 	andseq	r5, pc, r0, asr #9
    64d0:	e2866001 	add	r6, r6, #1
    64d4:	e3a0c00a 	mov	ip, #10
    64d8:	e0010c90 	mul	r1, r0, ip
    64dc:	e1a00001 	mov	r0, r1
    64e0:	e1520001 	cmp	r2, r1
    64e4:	2afffff9 	bcs	0x64d0
    64e8:	e594c03c 	ldr	ip, [r4, #60]	@ 0x3c
    64ec:	e35c0066 	cmp	ip, #102	@ 0x66
    64f0:	e3a00000 	mov	r0, #0
    64f4:	11a00006 	movne	r0, r6
    64f8:	e594c040 	ldr	ip, [r4, #64]	@ 0x40
    64fc:	e04c0000 	sub	r0, ip, r0
    6500:	e594c040 	ldr	ip, [r4, #64]	@ 0x40
    6504:	e35c0000 	cmp	ip, #0
    6508:	e3a01000 	mov	r1, #0
    650c:	13a01001 	movne	r1, #1
    6510:	e594c03c 	ldr	ip, [r4, #60]	@ 0x3c
    6514:	e35c0067 	cmp	ip, #103	@ 0x67
    6518:	e3a02000 	mov	r2, #0
    651c:	03a02001 	moveq	r2, #1
    6520:	e0011002 	and	r1, r1, r2
    6524:	e0400001 	sub	r0, r0, r1
    6528:	e1a01000 	mov	r1, r0
    652c:	e594e048 	ldr	lr, [r4, #72]	@ 0x48
    6530:	e594c02c 	ldr	ip, [r4, #44]	@ 0x2c
    6534:	e04c200e 	sub	r2, ip, lr
    6538:	e1a02142 	asr	r2, r2, #2
    653c:	e3a0c009 	mov	ip, #9
    6540:	e0020c92 	mul	r2, r2, ip
    6544:	e2422009 	sub	r2, r2, #9
    6548:	e1500002 	cmp	r0, r2
    654c:	aa0000df 	bge	0x68d0
    6550:	e3a0200a 	mov	r2, #10
    6554:	e2813d90 	add	r3, r1, #144, 26	@ 0x2400
    6558:	e1a00003 	mov	r0, r3
    655c:	e3a01009 	mov	r1, #9
    6560:	e52d3010 	str	r3, [sp, #-16]!
    6564:	e58d2004 	str	r2, [sp, #4]
    6568:	e58d1008 	str	r1, [sp, #8]
    656c:	e59fcf64 	ldr	ip, [pc, #3940]	@ 0x74d8
    6570:	e12fff3c 	blx	ip
    6574:	e59d1008 	ldr	r1, [sp, #8]
    6578:	e59d2004 	ldr	r2, [sp, #4]
    657c:	e49d3010 	ldr	r3, [sp], #16
    6580:	e1a01000 	mov	r1, r0
    6584:	e3a0c009 	mov	ip, #9
    6588:	e0000c90 	mul	r0, r0, ip
    658c:	e0433000 	sub	r3, r3, r0
    6590:	e1a00003 	mov	r0, r3
    6594:	e3530007 	cmp	r3, #7
    6598:	ca000005 	bgt	0x65b4
    659c:	e3a0c00a 	mov	ip, #10
    65a0:	e0020c92 	mul	r2, r2, ip
    65a4:	e2803001 	add	r3, r0, #1
    65a8:	e1a00003 	mov	r0, r3
    65ac:	e3530008 	cmp	r3, #8
    65b0:	1afffff9 	bne	0x659c
    65b4:	e594c01c 	ldr	ip, [r4, #28]
    65b8:	e28c0030 	add	r0, ip, #48	@ 0x30
    65bc:	e594c044 	ldr	ip, [r4, #68]	@ 0x44
    65c0:	e35c0000 	cmp	ip, #0
    65c4:	e3e03c0f 	mvn	r3, #3840	@ 0xf00
    65c8:	e3c330fb 	bic	r3, r3, #251	@ 0xfb
    65cc:	e3e0cc0e 	mvn	ip, #3584	@ 0xe00
    65d0:	e3ccc0db 	bic	ip, ip, #219	@ 0xdb
    65d4:	a1a0300c 	movge	r3, ip
    65d8:	e0800003 	add	r0, r0, r3
    65dc:	e1a01101 	lsl	r1, r1, #2
    65e0:	e0800001 	add	r0, r0, r1
    65e4:	e1a03000 	mov	r3, r0
    65e8:	e2807004 	add	r7, r0, #4
    65ec:	e1a01003 	mov	r1, r3
    65f0:	e5950030 	ldr	r0, [r5, #48]	@ 0x30
    65f4:	e59fcee0 	ldr	ip, [pc, #3808]	@ 0x74dc
    65f8:	e151000c 	cmp	r1, ip
    65fc:	8a000473 	bhi	0x77d0
    6600:	e7e801f4 			@ <UNDEFINED> instruction: 0xe7e801f4
    6604:	e1a09008 	mov	r9, r8
    6608:	e1a00009 	mov	r0, r9
    660c:	e1a01002 	mov	r1, r2
    6610:	e3510000 	cmp	r1, #0
    6614:	0a00046b 	beq	0x77c8
    6618:	e52d3010 	str	r3, [sp, #-16]!
    661c:	e58d2004 	str	r2, [sp, #4]
    6620:	e58d1008 	str	r1, [sp, #8]
    6624:	e59fceb4 	ldr	ip, [pc, #3764]	@ 0x74e0
    6628:	e12fff3c 	blx	ip
    662c:	e59d1008 	ldr	r1, [sp, #8]
    6630:	e59d2004 	ldr	r2, [sp, #4]
    6634:	e49d3010 	ldr	r3, [sp], #16
    6638:	e5840054 	str	r0, [r4, #84]	@ 0x54
    663c:	e0000290 	mul	r0, r0, r2
    6640:	e0488000 	sub	r8, r8, r0
    6644:	e1a00008 	mov	r0, r8
    6648:	e3580000 	cmp	r8, #0
    664c:	1a000002 	bne	0x665c
    6650:	e594c02c 	ldr	ip, [r4, #44]	@ 0x2c
    6654:	e157000c 	cmp	r7, ip
    6658:	0a000095 	beq	0x68b4
    665c:	e594c054 	ldr	ip, [r4, #84]	@ 0x54
    6660:	e31c0001 	tst	ip, #1
    6664:	1a000013 	bne	0x66b8
    6668:	e3a0c000 	mov	ip, #0
    666c:	e3a0e101 	mov	lr, #1073741824	@ 0x40000000
    6670:	e38ee50d 	orr	lr, lr, #54525952	@ 0x3400000
    6674:	ec4eca10 	vmov	s0, s1, ip, lr
    6678:	e59fce64 	ldr	ip, [pc, #3684]	@ 0x74e4
    667c:	e152000c 	cmp	r2, ip
    6680:	1a000010 	bne	0x66c8
    6684:	e594c050 	ldr	ip, [r4, #80]	@ 0x50
    6688:	e153000c 	cmp	r3, ip
    668c:	9a00000d 	bls	0x66c8
    6690:	e2431004 	sub	r1, r3, #4
    6694:	e1a0a001 	mov	sl, r1
    6698:	e5958030 	ldr	r8, [r5, #48]	@ 0x30
    669c:	e3e0c4fe 	mvn	ip, #-33554432	@ 0xfe000000
    66a0:	e3ccc8fe 	bic	ip, ip, #16646144	@ 0xfe0000
    66a4:	e15a000c 	cmp	sl, ip
    66a8:	8a000448 	bhi	0x77d0
    66ac:	e7e18af0 			@ <UNDEFINED> instruction: 0xe7e18af0
    66b0:	e3110001 	tst	r1, #1
    66b4:	0a000003 	beq	0x66c8
    66b8:	e3a0c001 	mov	ip, #1
    66bc:	e3a0e101 	mov	lr, #1073741824	@ 0x40000000
    66c0:	e38ee50d 	orr	lr, lr, #54525952	@ 0x3400000
    66c4:	ec4eca10 	vmov	s0, s1, ip, lr
    66c8:	e594c02c 	ldr	ip, [r4, #44]	@ 0x2c
    66cc:	e157000c 	cmp	r7, ip
    66d0:	e3a0c000 	mov	ip, #0
    66d4:	e3a0e203 	mov	lr, #805306368	@ 0x30000000
    66d8:	e38ee6ff 	orr	lr, lr, #267386880	@ 0xff00000
    66dc:	ec4eca11 	vmov	s2, s3, ip, lr
    66e0:	e3a0c000 	mov	ip, #0
    66e4:	e3a0e30f 	mov	lr, #1006632960	@ 0x3c000000
    66e8:	e38ee7fe 	orr	lr, lr, #66584576	@ 0x3f80000
    66ec:	ec4eca12 	vmov	s4, s5, ip, lr
    66f0:	eeb03b41 	vmov.f64	d3, d1
    66f4:	1eb03b42 	vmovne.f64	d3, d2
    66f8:	e1a010a2 	lsr	r1, r2, #1
    66fc:	e1a07001 	mov	r7, r1
    6700:	e1500001 	cmp	r0, r1
    6704:	e3a0c000 	mov	ip, #0
    6708:	e3a0e30f 	mov	lr, #1006632960	@ 0x3c000000
    670c:	e38ee7fe 	orr	lr, lr, #66584576	@ 0x3f80000
    6710:	ec4eca11 	vmov	s2, s3, ip, lr
    6714:	1eb03b41 	vmovne.f64	d3, d1
    6718:	e1500007 	cmp	r0, r7
    671c:	e3a0c000 	mov	ip, #0
    6720:	e3a0e203 	mov	lr, #805306368	@ 0x30000000
    6724:	e38ee6fe 	orr	lr, lr, #266338304	@ 0xfe00000
    6728:	ec4eca11 	vmov	s2, s3, ip, lr
    672c:	3eb03b41 	vmovcc.f64	d3, d1
    6730:	e594c020 	ldr	ip, [r4, #32]
    6734:	e35c0000 	cmp	ip, #0
    6738:	1a00000a 	bne	0x6768
    673c:	e5948028 	ldr	r8, [r4, #40]	@ 0x28
    6740:	e5957030 	ldr	r7, [r5, #48]	@ 0x30
    6744:	e3e0c4fe 	mvn	ip, #-33554432	@ 0xfe000000
    6748:	e3ccc8fe 	bic	ip, ip, #16646144	@ 0xfe0000
    674c:	e158000c 	cmp	r8, ip
    6750:	8a00041e 	bhi	0x77d0
    6754:	e7e178f0 			@ <UNDEFINED> instruction: 0xe7e178f0
    6758:	e351002d 	cmp	r1, #45	@ 0x2d
    675c:	1a000001 	bne	0x6768
    6760:	eeb13b43 	vneg.f64	d3, d3
    6764:	eeb10b40 	vneg.f64	d0, d0
    6768:	e0499000 	sub	r9, r9, r0
    676c:	e1a00009 	mov	r0, r9
    6770:	e1a07003 	mov	r7, r3
    6774:	e5951030 	ldr	r1, [r5, #48]	@ 0x30
    6778:	e59fcd5c 	ldr	ip, [pc, #3420]	@ 0x74dc
    677c:	e157000c 	cmp	r7, ip
    6780:	8a000412 	bhi	0x77d0
    6784:	e7d917f4 			@ <UNDEFINED> instruction: 0xe7d917f4
    6788:	ee303b03 	vadd.f64	d3, d0, d3
    678c:	eeb43b40 	vcmp.f64	d3, d0
    6790:	eef1fa10 	vmrs	APSR_nzcv, fpscr
    6794:	0a000046 	beq	0x68b4
    6798:	e0800002 	add	r0, r0, r2
    679c:	e1a01000 	mov	r1, r0
    67a0:	e1a07003 	mov	r7, r3
    67a4:	e5952030 	ldr	r2, [r5, #48]	@ 0x30
    67a8:	e59fcd2c 	ldr	ip, [pc, #3372]	@ 0x74dc
    67ac:	e157000c 	cmp	r7, ip
    67b0:	8a000406 	bhi	0x77d0
    67b4:	e7d027f4 			@ <UNDEFINED> instruction: 0xe7d027f4
    67b8:	e59fcd24 	ldr	ip, [pc, #3364]	@ 0x74e4
    67bc:	e151000c 	cmp	r1, ip
    67c0:	3a000025 	bcc	0x685c
    67c4:	e1a01003 	mov	r1, r3
    67c8:	e5950030 	ldr	r0, [r5, #48]	@ 0x30
    67cc:	e59fcd08 	ldr	ip, [pc, #3336]	@ 0x74dc
    67d0:	e151000c 	cmp	r1, ip
    67d4:	8a0003fd 	bhi	0x77d0
    67d8:	e3a02000 	mov	r2, #0
    67dc:	e7d201f4 			@ <UNDEFINED> instruction: 0xe7d201f4
    67e0:	e2430004 	sub	r0, r3, #4
    67e4:	e1a03000 	mov	r3, r0
    67e8:	e594c050 	ldr	ip, [r4, #80]	@ 0x50
    67ec:	e150000c 	cmp	r0, ip
    67f0:	2a000008 	bcs	0x6818
    67f4:	e594c050 	ldr	ip, [r4, #80]	@ 0x50
    67f8:	e24c0004 	sub	r0, ip, #4
    67fc:	e5840050 	str	r0, [r4, #80]	@ 0x50
    6800:	e5951030 	ldr	r1, [r5, #48]	@ 0x30
    6804:	e59fccd0 	ldr	ip, [pc, #3280]	@ 0x74dc
    6808:	e150000c 	cmp	r0, ip
    680c:	8a0003ef 	bhi	0x77d0
    6810:	e3a02000 	mov	r2, #0
    6814:	e7d210f4 			@ <UNDEFINED> instruction: 0xe7d210f4
    6818:	e1a02003 	mov	r2, r3
    681c:	e5951030 	ldr	r1, [r5, #48]	@ 0x30
    6820:	e59fccb4 	ldr	ip, [pc, #3252]	@ 0x74dc
    6824:	e152000c 	cmp	r2, ip
    6828:	8a0003e8 	bhi	0x77d0
    682c:	e7e012f4 			@ <UNDEFINED> instruction: 0xe7e012f4
    6830:	e2800001 	add	r0, r0, #1
    6834:	e1a01000 	mov	r1, r0
    6838:	e1a07003 	mov	r7, r3
    683c:	e5952030 	ldr	r2, [r5, #48]	@ 0x30
    6840:	e59fcc94 	ldr	ip, [pc, #3220]	@ 0x74dc
    6844:	e157000c 	cmp	r7, ip
    6848:	8a0003e0 	bhi	0x77d0
    684c:	e7d027f4 			@ <UNDEFINED> instruction: 0xe7d027f4
    6850:	e59fcc90 	ldr	ip, [pc, #3216]	@ 0x74e8
    6854:	e151000c 	cmp	r1, ip
    6858:	8affffd9 	bhi	0x67c4
    685c:	e594e050 	ldr	lr, [r4, #80]	@ 0x50
    6860:	e594c048 	ldr	ip, [r4, #72]	@ 0x48
    6864:	e04c000e 	sub	r0, ip, lr
    6868:	e1a00140 	asr	r0, r0, #2
    686c:	e3a0c009 	mov	ip, #9
    6870:	e0060c90 	mul	r6, r0, ip
    6874:	e3a0000a 	mov	r0, #10
    6878:	e5947050 	ldr	r7, [r4, #80]	@ 0x50
    687c:	e5952030 	ldr	r2, [r5, #48]	@ 0x30
    6880:	e59fcc54 	ldr	ip, [pc, #3156]	@ 0x74dc
    6884:	e157000c 	cmp	r7, ip
    6888:	8a0003d0 	bhi	0x77d0
    688c:	e7e127f4 			@ <UNDEFINED> instruction: 0xe7e127f4
    6890:	e1a02001 	mov	r2, r1
    6894:	e351000a 	cmp	r1, #10
    6898:	3a000005 	bcc	0x68b4
    689c:	e2866001 	add	r6, r6, #1
    68a0:	e3a0c00a 	mov	ip, #10
    68a4:	e0010c90 	mul	r1, r0, ip
    68a8:	e1a00001 	mov	r0, r1
    68ac:	e1520001 	cmp	r2, r1
    68b0:	2afffff9 	bcs	0x689c
    68b4:	e2833004 	add	r3, r3, #4
    68b8:	e1a00003 	mov	r0, r3
    68bc:	e594c02c 	ldr	ip, [r4, #44]	@ 0x2c
    68c0:	e15c0000 	cmp	ip, r0
    68c4:	e594e02c 	ldr	lr, [r4, #44]	@ 0x2c
    68c8:	81a0e003 	movhi	lr, r3
    68cc:	e584e02c 	str	lr, [r4, #44]	@ 0x2c
    68d0:	e594702c 	ldr	r7, [r4, #44]	@ 0x2c
    68d4:	e594e050 	ldr	lr, [r4, #80]	@ 0x50
    68d8:	e594c02c 	ldr	ip, [r4, #44]	@ 0x2c
    68dc:	e15c000e 	cmp	ip, lr
    68e0:	e3a00000 	mov	r0, #0
    68e4:	93a00001 	movls	r0, #1
    68e8:	e1a01000 	mov	r1, r0
    68ec:	e3500000 	cmp	r0, #0
    68f0:	1a000009 	bne	0x691c
    68f4:	e2470004 	sub	r0, r7, #4
    68f8:	e584002c 	str	r0, [r4, #44]	@ 0x2c
    68fc:	e1a03000 	mov	r3, r0
    6900:	e5952030 	ldr	r2, [r5, #48]	@ 0x30
    6904:	e59fcbd0 	ldr	ip, [pc, #3024]	@ 0x74dc
    6908:	e153000c 	cmp	r3, ip
    690c:	8a0003af 	bhi	0x77d0
    6910:	e7e023f4 			@ <UNDEFINED> instruction: 0xe7e023f4
    6914:	e3500000 	cmp	r0, #0
    6918:	0affffec 	beq	0x68d0
    691c:	e594c03c 	ldr	ip, [r4, #60]	@ 0x3c
    6920:	e35c0067 	cmp	ip, #103	@ 0x67
    6924:	0a000003 	beq	0x6938
    6928:	e594c014 	ldr	ip, [r4, #20]
    692c:	e20ce008 	and	lr, ip, #8
    6930:	e584e05c 	str	lr, [r4, #92]	@ 0x5c
    6934:	ea00006f 	b	0x6af8
    6938:	e1e00006 	mvn	r0, r6
    693c:	e594c040 	ldr	ip, [r4, #64]	@ 0x40
    6940:	e35c0000 	cmp	ip, #0
    6944:	e3a02001 	mov	r2, #1
    6948:	e594c040 	ldr	ip, [r4, #64]	@ 0x40
    694c:	11a0200c 	movne	r2, ip
    6950:	e1a03002 	mov	r3, r2
    6954:	e1520006 	cmp	r2, r6
    6958:	e3a02000 	mov	r2, #0
    695c:	c3a02001 	movgt	r2, #1
    6960:	e3760005 	cmn	r6, #5
    6964:	e3a09000 	mov	r9, #0
    6968:	c3a09001 	movgt	r9, #1
    696c:	e0022009 	and	r2, r2, r9
    6970:	e1a09002 	mov	r9, r2
    6974:	e3520000 	cmp	r2, #0
    6978:	03e00000 	mvneq	r0, #0
    697c:	e080e003 	add	lr, r0, r3
    6980:	e584e040 	str	lr, [r4, #64]	@ 0x40
    6984:	e3590000 	cmp	r9, #0
    6988:	e3e00000 	mvn	r0, #0
    698c:	03e00001 	mvneq	r0, #1
    6990:	e594c018 	ldr	ip, [r4, #24]
    6994:	e080e00c 	add	lr, r0, ip
    6998:	e584e018 	str	lr, [r4, #24]
    699c:	e594c014 	ldr	ip, [r4, #20]
    69a0:	e20c0008 	and	r0, ip, #8
    69a4:	e584005c 	str	r0, [r4, #92]	@ 0x5c
    69a8:	e3500000 	cmp	r0, #0
    69ac:	1a000051 	bne	0x6af8
    69b0:	e3e02008 	mvn	r2, #8
    69b4:	e3510000 	cmp	r1, #0
    69b8:	1a000029 	bne	0x6a64
    69bc:	e2470004 	sub	r0, r7, #4
    69c0:	e1a03000 	mov	r3, r0
    69c4:	e5951030 	ldr	r1, [r5, #48]	@ 0x30
    69c8:	e59fcb0c 	ldr	ip, [pc, #2828]	@ 0x74dc
    69cc:	e153000c 	cmp	r3, ip
    69d0:	8a00037e 	bhi	0x77d0
    69d4:	e7e013f4 			@ <UNDEFINED> instruction: 0xe7e013f4
    69d8:	e1a03000 	mov	r3, r0
    69dc:	e3500000 	cmp	r0, #0
    69e0:	0a00001f 	beq	0x6a64
    69e4:	e3a0900a 	mov	r9, #10
    69e8:	e3a02000 	mov	r2, #0
    69ec:	e1a00003 	mov	r0, r3
    69f0:	e3a0100a 	mov	r1, #10
    69f4:	e52d3008 	str	r3, [sp, #-8]!
    69f8:	e58d2004 	str	r2, [sp, #4]
    69fc:	e59fcae8 	ldr	ip, [pc, #2792]	@ 0x74ec
    6a00:	e12fff3c 	blx	ip
    6a04:	e59d2004 	ldr	r2, [sp, #4]
    6a08:	e49d3008 	ldr	r3, [sp], #8
    6a0c:	e1a00001 	mov	r0, r1
    6a10:	e3500000 	cmp	r0, #0
    6a14:	1a000012 	bne	0x6a64
    6a18:	e1a0a002 	mov	sl, r2
    6a1c:	e2822001 	add	r2, r2, #1
    6a20:	e3a0c00a 	mov	ip, #10
    6a24:	e0000c99 	mul	r0, r9, ip
    6a28:	e1a09000 	mov	r9, r0
    6a2c:	e1a01000 	mov	r1, r0
    6a30:	e1a00003 	mov	r0, r3
    6a34:	e3510000 	cmp	r1, #0
    6a38:	0a000362 	beq	0x77c8
    6a3c:	e52d3008 	str	r3, [sp, #-8]!
    6a40:	e58d2004 	str	r2, [sp, #4]
    6a44:	e59fcaa4 	ldr	ip, [pc, #2724]	@ 0x74f0
    6a48:	e12fff3c 	blx	ip
    6a4c:	e59d2004 	ldr	r2, [sp, #4]
    6a50:	e49d3008 	ldr	r3, [sp], #8
    6a54:	e1a00001 	mov	r0, r1
    6a58:	e3500000 	cmp	r0, #0
    6a5c:	0affffed 	beq	0x6a18
    6a60:	e1e0200a 	mvn	r2, sl
    6a64:	e594c048 	ldr	ip, [r4, #72]	@ 0x48
    6a68:	e047000c 	sub	r0, r7, ip
    6a6c:	e1a00140 	asr	r0, r0, #2
    6a70:	e3a0c009 	mov	ip, #9
    6a74:	e0000c90 	mul	r0, r0, ip
    6a78:	e594c018 	ldr	ip, [r4, #24]
    6a7c:	e3cc1020 	bic	r1, ip, #32
    6a80:	e3510046 	cmp	r1, #70	@ 0x46
    6a84:	1a00000d 	bne	0x6ac0
    6a88:	e3a0e000 	mov	lr, #0
    6a8c:	e584e05c 	str	lr, [r4, #92]	@ 0x5c
    6a90:	e0801002 	add	r1, r0, r2
    6a94:	e2411009 	sub	r1, r1, #9
    6a98:	e1a03001 	mov	r3, r1
    6a9c:	e3530000 	cmp	r3, #0
    6aa0:	d3a01000 	movle	r1, #0
    6aa4:	e1a03001 	mov	r3, r1
    6aa8:	e594c040 	ldr	ip, [r4, #64]	@ 0x40
    6aac:	e15c0003 	cmp	ip, r3
    6ab0:	e594e040 	ldr	lr, [r4, #64]	@ 0x40
    6ab4:	a1a0e001 	movge	lr, r1
    6ab8:	e584e040 	str	lr, [r4, #64]	@ 0x40
    6abc:	ea00000d 	b	0x6af8
    6ac0:	e3a0e000 	mov	lr, #0
    6ac4:	e584e05c 	str	lr, [r4, #92]	@ 0x5c
    6ac8:	e0860000 	add	r0, r6, r0
    6acc:	e0800002 	add	r0, r0, r2
    6ad0:	e2400009 	sub	r0, r0, #9
    6ad4:	e1a01000 	mov	r1, r0
    6ad8:	e3510000 	cmp	r1, #0
    6adc:	d3a00000 	movle	r0, #0
    6ae0:	e1a01000 	mov	r1, r0
    6ae4:	e594c040 	ldr	ip, [r4, #64]	@ 0x40
    6ae8:	e15c0001 	cmp	ip, r1
    6aec:	e594e040 	ldr	lr, [r4, #64]	@ 0x40
    6af0:	a1a0e000 	movge	lr, r0
    6af4:	e584e040 	str	lr, [r4, #64]	@ 0x40
    6af8:	e3e0e000 	mvn	lr, #0
    6afc:	e584e034 	str	lr, [r4, #52]	@ 0x34
    6b00:	e594e05c 	ldr	lr, [r4, #92]	@ 0x5c
    6b04:	e594c040 	ldr	ip, [r4, #64]	@ 0x40
    6b08:	e18c000e 	orr	r0, ip, lr
    6b0c:	e1a09000 	mov	r9, r0
    6b10:	e3500000 	cmp	r0, #0
    6b14:	e3e013a0 	mvn	r1, #160, 6	@ 0x80000002
    6b18:	03e01360 	mvneq	r1, #96, 6	@ 0x80000001
    6b1c:	e594c040 	ldr	ip, [r4, #64]	@ 0x40
    6b20:	e15c0001 	cmp	ip, r1
    6b24:	ca00031c 	bgt	0x779c
    6b28:	e3590000 	cmp	r9, #0
    6b2c:	e3a00000 	mov	r0, #0
    6b30:	13a00001 	movne	r0, #1
    6b34:	e594c040 	ldr	ip, [r4, #64]	@ 0x40
    6b38:	e08c0000 	add	r0, ip, r0
    6b3c:	e280a001 	add	sl, r0, #1
    6b40:	e594c018 	ldr	ip, [r4, #24]
    6b44:	e3cc0020 	bic	r0, ip, #32
    6b48:	e1a0b000 	mov	fp, r0
    6b4c:	e3500046 	cmp	r0, #70	@ 0x46
    6b50:	1a000007 	bne	0x6b74
    6b54:	e3e0c480 	mvn	ip, #128, 8	@ 0x80000000
    6b58:	e02a000c 	eor	r0, sl, ip
    6b5c:	e1560000 	cmp	r6, r0
    6b60:	ca00030d 	bgt	0x779c
    6b64:	e3560000 	cmp	r6, #0
    6b68:	e3a00000 	mov	r0, #0
    6b6c:	c1a00006 	movgt	r0, r6
    6b70:	ea00003d 	b	0x6c6c
    6b74:	e1a01fc6 	asr	r1, r6, #31
    6b78:	e1a02001 	mov	r2, r1
    6b7c:	e0261001 	eor	r1, r6, r1
    6b80:	e0411002 	sub	r1, r1, r2
    6b84:	e3a02000 	mov	r2, #0
    6b88:	e58410a4 	str	r1, [r4, #164]	@ 0xa4
    6b8c:	e58420a8 	str	r2, [r4, #168]	@ 0xa8
    6b90:	e59f095c 	ldr	r0, [pc, #2396]	@ 0x74f4
    6b94:	e1a01004 	mov	r1, r4
    6b98:	e59d2000 	ldr	r2, [sp]
    6b9c:	e59fc954 	ldr	ip, [pc, #2388]	@ 0x74f8
    6ba0:	e12fff3c 	blx	ip
    6ba4:	e3500000 	cmp	r0, #0
    6ba8:	1a00030b 	bne	0x77dc
    6bac:	e59410a4 	ldr	r1, [r4, #164]	@ 0xa4
    6bb0:	e1a02001 	mov	r2, r1
    6bb4:	e594c038 	ldr	ip, [r4, #56]	@ 0x38
    6bb8:	e04c1001 	sub	r1, ip, r1
    6bbc:	e3510001 	cmp	r1, #1
    6bc0:	ca00000c 	bgt	0x6bf8
    6bc4:	e2421001 	sub	r1, r2, #1
    6bc8:	e1a02001 	mov	r2, r1
    6bcc:	e5953030 	ldr	r3, [r5, #48]	@ 0x30
    6bd0:	e3e0c4fe 	mvn	ip, #-33554432	@ 0xfe000000
    6bd4:	e3ccc8fe 	bic	ip, ip, #16646144	@ 0xfe0000
    6bd8:	e151000c 	cmp	r1, ip
    6bdc:	8a0002fb 	bhi	0x77d0
    6be0:	e3a08030 	mov	r8, #48	@ 0x30
    6be4:	e7d831f0 			@ <UNDEFINED> instruction: 0xe7d831f0
    6be8:	e594c038 	ldr	ip, [r4, #56]	@ 0x38
    6bec:	e04c1002 	sub	r1, ip, r2
    6bf0:	e3510002 	cmp	r1, #2
    6bf4:	bafffff2 	blt	0x6bc4
    6bf8:	e2421002 	sub	r1, r2, #2
    6bfc:	e5841054 	str	r1, [r4, #84]	@ 0x54
    6c00:	e5953030 	ldr	r3, [r5, #48]	@ 0x30
    6c04:	e5948018 	ldr	r8, [r4, #24]
    6c08:	e3e0c4fe 	mvn	ip, #-33554432	@ 0xfe000000
    6c0c:	e3ccc8fe 	bic	ip, ip, #16646144	@ 0xfe0000
    6c10:	e151000c 	cmp	r1, ip
    6c14:	8a0002ed 	bhi	0x77d0
    6c18:	e7d831f0 			@ <UNDEFINED> instruction: 0xe7d831f0
    6c1c:	e3e0e000 	mvn	lr, #0
    6c20:	e584e034 	str	lr, [r4, #52]	@ 0x34
    6c24:	e2422001 	sub	r2, r2, #1
    6c28:	e3560000 	cmp	r6, #0
    6c2c:	e3a0102d 	mov	r1, #45	@ 0x2d
    6c30:	a3a0102b 	movge	r1, #43	@ 0x2b
    6c34:	e5953030 	ldr	r3, [r5, #48]	@ 0x30
    6c38:	e3e0c4fe 	mvn	ip, #-33554432	@ 0xfe000000
    6c3c:	e3ccc8fe 	bic	ip, ip, #16646144	@ 0xfe0000
    6c40:	e152000c 	cmp	r2, ip
    6c44:	8a0002e1 	bhi	0x77d0
    6c48:	e7d132f0 			@ <UNDEFINED> instruction: 0xe7d132f0
    6c4c:	e594e054 	ldr	lr, [r4, #84]	@ 0x54
    6c50:	e594c038 	ldr	ip, [r4, #56]	@ 0x38
    6c54:	e04c100e 	sub	r1, ip, lr
    6c58:	e1a00001 	mov	r0, r1
    6c5c:	e3e0c480 	mvn	ip, #128, 8	@ 0x80000000
    6c60:	e02a200c 	eor	r2, sl, ip
    6c64:	e1510002 	cmp	r1, r2
    6c68:	ca0002cb 	bgt	0x779c
    6c6c:	e3e0e000 	mvn	lr, #0
    6c70:	e584e034 	str	lr, [r4, #52]	@ 0x34
    6c74:	e080000a 	add	r0, r0, sl
    6c78:	e1a01000 	mov	r1, r0
    6c7c:	e594c024 	ldr	ip, [r4, #36]	@ 0x24
    6c80:	e3e0e480 	mvn	lr, #128, 8	@ 0x80000000
    6c84:	e02c200e 	eor	r2, ip, lr
    6c88:	e1500002 	cmp	r0, r2
    6c8c:	ca0002c2 	bgt	0x779c
    6c90:	e594c024 	ldr	ip, [r4, #36]	@ 0x24
    6c94:	e081100c 	add	r1, r1, ip
    6c98:	e1a06001 	mov	r6, r1
    6c9c:	e3a0e020 	mov	lr, #32
    6ca0:	e584e0a4 	str	lr, [r4, #164]	@ 0xa4
    6ca4:	e58410ac 	str	r1, [r4, #172]	@ 0xac
    6ca8:	e59f084c 	ldr	r0, [pc, #2124]	@ 0x74fc
    6cac:	e1a01004 	mov	r1, r4
    6cb0:	e59d2000 	ldr	r2, [sp]
    6cb4:	e59fc844 	ldr	ip, [pc, #2116]	@ 0x7500
    6cb8:	e12fff3c 	blx	ip
    6cbc:	e3500000 	cmp	r0, #0
    6cc0:	1a0002c5 	bne	0x77dc
    6cc4:	e59f0838 	ldr	r0, [pc, #2104]	@ 0x7504
    6cc8:	e1a01004 	mov	r1, r4
    6ccc:	e59d2000 	ldr	r2, [sp]
    6cd0:	e59fc830 	ldr	ip, [pc, #2096]	@ 0x7508
    6cd4:	e12fff3c 	blx	ip
    6cd8:	e3500000 	cmp	r0, #0
    6cdc:	1a0002be 	bne	0x77dc
    6ce0:	e594c014 	ldr	ip, [r4, #20]
    6ce4:	e22c0b40 	eor	r0, ip, #64, 22	@ 0x10000
    6ce8:	e3a0e030 	mov	lr, #48	@ 0x30
    6cec:	e584e0a4 	str	lr, [r4, #164]	@ 0xa4
    6cf0:	e5846018 	str	r6, [r4, #24]
    6cf4:	e58400b0 	str	r0, [r4, #176]	@ 0xb0
    6cf8:	e59f080c 	ldr	r0, [pc, #2060]	@ 0x750c
    6cfc:	e1a01004 	mov	r1, r4
    6d00:	e59d2000 	ldr	r2, [sp]
    6d04:	e59fc804 	ldr	ip, [pc, #2052]	@ 0x7510
    6d08:	e12fff3c 	blx	ip
    6d0c:	e3500000 	cmp	r0, #0
    6d10:	1a0002b1 	bne	0x77dc
    6d14:	e35b0046 	cmp	fp, #70	@ 0x46
    6d18:	1a00009d 	bne	0x6f94
    6d1c:	e594c01c 	ldr	ip, [r4, #28]
    6d20:	e28c0010 	add	r0, ip, #16
    6d24:	e3808009 	orr	r8, r0, #9
    6d28:	e594e048 	ldr	lr, [r4, #72]	@ 0x48
    6d2c:	e594c050 	ldr	ip, [r4, #80]	@ 0x50
    6d30:	e15c000e 	cmp	ip, lr
    6d34:	e5940048 	ldr	r0, [r4, #72]	@ 0x48
    6d38:	e594c050 	ldr	ip, [r4, #80]	@ 0x50
    6d3c:	91a0000c 	movls	r0, ip
    6d40:	e1a0a000 	mov	sl, r0
    6d44:	e1a0b000 	mov	fp, r0
    6d48:	e1a0300b 	mov	r3, fp
    6d4c:	e5952030 	ldr	r2, [r5, #48]	@ 0x30
    6d50:	e59fc784 	ldr	ip, [pc, #1924]	@ 0x74dc
    6d54:	e153000c 	cmp	r3, ip
    6d58:	8a00029c 	bhi	0x77d0
    6d5c:	e7920003 	ldr	r0, [r2, r3]
    6d60:	e3a01000 	mov	r1, #0
    6d64:	e58400a0 	str	r0, [r4, #160]	@ 0xa0
    6d68:	e58410a4 	str	r1, [r4, #164]	@ 0xa4
    6d6c:	e584804c 	str	r8, [r4, #76]	@ 0x4c
    6d70:	e59f079c 	ldr	r0, [pc, #1948]	@ 0x7514
    6d74:	e1a01004 	mov	r1, r4
    6d78:	e59d2000 	ldr	r2, [sp]
    6d7c:	e59fc794 	ldr	ip, [pc, #1940]	@ 0x7518
    6d80:	e12fff3c 	blx	ip
    6d84:	e3500000 	cmp	r0, #0
    6d88:	1a000293 	bne	0x77dc
    6d8c:	e59400a0 	ldr	r0, [r4, #160]	@ 0xa0
    6d90:	e15b000a 	cmp	fp, sl
    6d94:	0a000011 	beq	0x6de0
    6d98:	e594c01c 	ldr	ip, [r4, #28]
    6d9c:	e28c1010 	add	r1, ip, #16
    6da0:	e1500001 	cmp	r0, r1
    6da4:	9a000018 	bls	0x6e0c
    6da8:	e2401001 	sub	r1, r0, #1
    6dac:	e1a00001 	mov	r0, r1
    6db0:	e5952030 	ldr	r2, [r5, #48]	@ 0x30
    6db4:	e3e0c4fe 	mvn	ip, #-33554432	@ 0xfe000000
    6db8:	e3ccc8fe 	bic	ip, ip, #16646144	@ 0xfe0000
    6dbc:	e151000c 	cmp	r1, ip
    6dc0:	8a000282 	bhi	0x77d0
    6dc4:	e3a03030 	mov	r3, #48	@ 0x30
    6dc8:	e7d321f0 			@ <UNDEFINED> instruction: 0xe7d321f0
    6dcc:	e594c01c 	ldr	ip, [r4, #28]
    6dd0:	e28c1010 	add	r1, ip, #16
    6dd4:	e1500001 	cmp	r0, r1
    6dd8:	8afffff2 	bhi	0x6da8
    6ddc:	ea00000a 	b	0x6e0c
    6de0:	e1500008 	cmp	r0, r8
    6de4:	1a000008 	bne	0x6e0c
    6de8:	e2401001 	sub	r1, r0, #1
    6dec:	e1a00001 	mov	r0, r1
    6df0:	e5952030 	ldr	r2, [r5, #48]	@ 0x30
    6df4:	e3e0c4fe 	mvn	ip, #-33554432	@ 0xfe000000
    6df8:	e3ccc8fe 	bic	ip, ip, #16646144	@ 0xfe0000
    6dfc:	e151000c 	cmp	r1, ip
    6e00:	8a000272 	bhi	0x77d0
    6e04:	e3a03030 	mov	r3, #48	@ 0x30
    6e08:	e7d321f0 			@ <UNDEFINED> instruction: 0xe7d321f0
    6e0c:	e0481000 	sub	r1, r8, r0
    6e10:	e584002c 	str	r0, [r4, #44]	@ 0x2c
    6e14:	e58410a8 	str	r1, [r4, #168]	@ 0xa8
    6e18:	e59f06fc 	ldr	r0, [pc, #1788]	@ 0x751c
    6e1c:	e1a01004 	mov	r1, r4
    6e20:	e59d2000 	ldr	r2, [sp]
    6e24:	e59fc6f4 	ldr	ip, [pc, #1780]	@ 0x7520
    6e28:	e12fff3c 	blx	ip
    6e2c:	e3500000 	cmp	r0, #0
    6e30:	1a000269 	bne	0x77dc
    6e34:	e28b0004 	add	r0, fp, #4
    6e38:	e1a0b000 	mov	fp, r0
    6e3c:	e594c048 	ldr	ip, [r4, #72]	@ 0x48
    6e40:	e150000c 	cmp	r0, ip
    6e44:	9affffbf 	bls	0x6d48
    6e48:	e3590000 	cmp	r9, #0
    6e4c:	0a00000b 	beq	0x6e80
    6e50:	e3a0eb40 	mov	lr, #64, 22	@ 0x10000
    6e54:	e38ee1b4 	orr	lr, lr, #180, 2	@ 0x2d
    6e58:	e584e0a4 	str	lr, [r4, #164]	@ 0xa4
    6e5c:	e3a0e001 	mov	lr, #1
    6e60:	e584e088 	str	lr, [r4, #136]	@ 0x88
    6e64:	e59f06b8 	ldr	r0, [pc, #1720]	@ 0x7524
    6e68:	e1a01004 	mov	r1, r4
    6e6c:	e59d2000 	ldr	r2, [sp]
    6e70:	e59fc6b0 	ldr	ip, [pc, #1712]	@ 0x7528
    6e74:	e12fff3c 	blx	ip
    6e78:	e3500000 	cmp	r0, #0
    6e7c:	1a000256 	bne	0x77dc
    6e80:	e15b0007 	cmp	fp, r7
    6e84:	2a0000d3 	bcs	0x71d8
    6e88:	e594c040 	ldr	ip, [r4, #64]	@ 0x40
    6e8c:	e35c0001 	cmp	ip, #1
    6e90:	ba0000d0 	blt	0x71d8
    6e94:	e1a0300b 	mov	r3, fp
    6e98:	e5952030 	ldr	r2, [r5, #48]	@ 0x30
    6e9c:	e59fc638 	ldr	ip, [pc, #1592]	@ 0x74dc
    6ea0:	e153000c 	cmp	r3, ip
    6ea4:	8a000249 	bhi	0x77d0
    6ea8:	e7920003 	ldr	r0, [r2, r3]
    6eac:	e3a01000 	mov	r1, #0
    6eb0:	e58400a0 	str	r0, [r4, #160]	@ 0xa0
    6eb4:	e58410a4 	str	r1, [r4, #164]	@ 0xa4
    6eb8:	e584804c 	str	r8, [r4, #76]	@ 0x4c
    6ebc:	e59f0668 	ldr	r0, [pc, #1640]	@ 0x752c
    6ec0:	e1a01004 	mov	r1, r4
    6ec4:	e59d2000 	ldr	r2, [sp]
    6ec8:	e59fc660 	ldr	ip, [pc, #1632]	@ 0x7530
    6ecc:	e12fff3c 	blx	ip
    6ed0:	e3500000 	cmp	r0, #0
    6ed4:	1a000240 	bne	0x77dc
    6ed8:	e59400a0 	ldr	r0, [r4, #160]	@ 0xa0
    6edc:	e1a01000 	mov	r1, r0
    6ee0:	e594c01c 	ldr	ip, [r4, #28]
    6ee4:	e28c2010 	add	r2, ip, #16
    6ee8:	e1500002 	cmp	r0, r2
    6eec:	9a00000c 	bls	0x6f24
    6ef0:	e2410001 	sub	r0, r1, #1
    6ef4:	e1a01000 	mov	r1, r0
    6ef8:	e5952030 	ldr	r2, [r5, #48]	@ 0x30
    6efc:	e3e0c4fe 	mvn	ip, #-33554432	@ 0xfe000000
    6f00:	e3ccc8fe 	bic	ip, ip, #16646144	@ 0xfe0000
    6f04:	e150000c 	cmp	r0, ip
    6f08:	8a000230 	bhi	0x77d0
    6f0c:	e3a03030 	mov	r3, #48	@ 0x30
    6f10:	e7d320f0 			@ <UNDEFINED> instruction: 0xe7d320f0
    6f14:	e594c01c 	ldr	ip, [r4, #28]
    6f18:	e28c0010 	add	r0, ip, #16
    6f1c:	e1510000 	cmp	r1, r0
    6f20:	8afffff2 	bhi	0x6ef0
    6f24:	e594c040 	ldr	ip, [r4, #64]	@ 0x40
    6f28:	e35c0009 	cmp	ip, #9
    6f2c:	e3a00009 	mov	r0, #9
    6f30:	e594c040 	ldr	ip, [r4, #64]	@ 0x40
    6f34:	b1a0000c 	movlt	r0, ip
    6f38:	e584102c 	str	r1, [r4, #44]	@ 0x2c
    6f3c:	e58400a8 	str	r0, [r4, #168]	@ 0xa8
    6f40:	e59f05ec 	ldr	r0, [pc, #1516]	@ 0x7534
    6f44:	e1a01004 	mov	r1, r4
    6f48:	e59d2000 	ldr	r2, [sp]
    6f4c:	e59fc5e4 	ldr	ip, [pc, #1508]	@ 0x7538
    6f50:	e12fff3c 	blx	ip
    6f54:	e3500000 	cmp	r0, #0
    6f58:	1a00021f 	bne	0x77dc
    6f5c:	e594c040 	ldr	ip, [r4, #64]	@ 0x40
    6f60:	e24c0009 	sub	r0, ip, #9
    6f64:	e28b1004 	add	r1, fp, #4
    6f68:	e1a0b001 	mov	fp, r1
    6f6c:	e1510007 	cmp	r1, r7
    6f70:	2a000099 	bcs	0x71dc
    6f74:	e594c040 	ldr	ip, [r4, #64]	@ 0x40
    6f78:	e35c0009 	cmp	ip, #9
    6f7c:	e3a01000 	mov	r1, #0
    6f80:	c3a01001 	movgt	r1, #1
    6f84:	e5840040 	str	r0, [r4, #64]	@ 0x40
    6f88:	e3510000 	cmp	r1, #0
    6f8c:	1affffc0 	bne	0x6e94
    6f90:	ea000091 	b	0x71dc
    6f94:	e594c040 	ldr	ip, [r4, #64]	@ 0x40
    6f98:	e35c0000 	cmp	ip, #0
    6f9c:	ba000071 	blt	0x7168
    6fa0:	e594c050 	ldr	ip, [r4, #80]	@ 0x50
    6fa4:	e28c1004 	add	r1, ip, #4
    6fa8:	e594c050 	ldr	ip, [r4, #80]	@ 0x50
    6fac:	e157000c 	cmp	r7, ip
    6fb0:	91a07001 	movls	r7, r1
    6fb4:	e594c01c 	ldr	ip, [r4, #28]
    6fb8:	e28c1010 	add	r1, ip, #16
    6fbc:	e3818009 	orr	r8, r1, #9
    6fc0:	e5949050 	ldr	r9, [r4, #80]	@ 0x50
    6fc4:	e1a0a009 	mov	sl, r9
    6fc8:	e5953030 	ldr	r3, [r5, #48]	@ 0x30
    6fcc:	e59fc508 	ldr	ip, [pc, #1288]	@ 0x74dc
    6fd0:	e15a000c 	cmp	sl, ip
    6fd4:	8a0001fd 	bhi	0x77d0
    6fd8:	e793100a 	ldr	r1, [r3, sl]
    6fdc:	e3a02000 	mov	r2, #0
    6fe0:	e58410a0 	str	r1, [r4, #160]	@ 0xa0
    6fe4:	e58420a4 	str	r2, [r4, #164]	@ 0xa4
    6fe8:	e584804c 	str	r8, [r4, #76]	@ 0x4c
    6fec:	e59f0548 	ldr	r0, [pc, #1352]	@ 0x753c
    6ff0:	e1a01004 	mov	r1, r4
    6ff4:	e59d2000 	ldr	r2, [sp]
    6ff8:	e59fc540 	ldr	ip, [pc, #1344]	@ 0x7540
    6ffc:	e12fff3c 	blx	ip
    7000:	e3500000 	cmp	r0, #0
    7004:	1a0001f4 	bne	0x77dc
    7008:	e59410a0 	ldr	r1, [r4, #160]	@ 0xa0
    700c:	e1a0a001 	mov	sl, r1
    7010:	e1510008 	cmp	r1, r8
    7014:	1a000008 	bne	0x703c
    7018:	e24a1001 	sub	r1, sl, #1
    701c:	e1a0a001 	mov	sl, r1
    7020:	e5952030 	ldr	r2, [r5, #48]	@ 0x30
    7024:	e3e0c4fe 	mvn	ip, #-33554432	@ 0xfe000000
    7028:	e3ccc8fe 	bic	ip, ip, #16646144	@ 0xfe0000
    702c:	e151000c 	cmp	r1, ip
    7030:	8a0001e6 	bhi	0x77d0
    7034:	e3a03030 	mov	r3, #48	@ 0x30
    7038:	e7d321f0 			@ <UNDEFINED> instruction: 0xe7d321f0
    703c:	e594c050 	ldr	ip, [r4, #80]	@ 0x50
    7040:	e159000c 	cmp	r9, ip
    7044:	0a000011 	beq	0x7090
    7048:	e594c01c 	ldr	ip, [r4, #28]
    704c:	e28c1010 	add	r1, ip, #16
    7050:	e15a0001 	cmp	sl, r1
    7054:	9a000029 	bls	0x7100
    7058:	e24a1001 	sub	r1, sl, #1
    705c:	e1a0a001 	mov	sl, r1
    7060:	e5952030 	ldr	r2, [r5, #48]	@ 0x30
    7064:	e3e0c4fe 	mvn	ip, #-33554432	@ 0xfe000000
    7068:	e3ccc8fe 	bic	ip, ip, #16646144	@ 0xfe0000
    706c:	e151000c 	cmp	r1, ip
    7070:	8a0001d6 	bhi	0x77d0
    7074:	e3a03030 	mov	r3, #48	@ 0x30
    7078:	e7d321f0 			@ <UNDEFINED> instruction: 0xe7d321f0
    707c:	e594c01c 	ldr	ip, [r4, #28]
    7080:	e28c1010 	add	r1, ip, #16
    7084:	e15a0001 	cmp	sl, r1
    7088:	8afffff2 	bhi	0x7058
    708c:	ea00001b 	b	0x7100
    7090:	e584a02c 	str	sl, [r4, #44]	@ 0x2c
    7094:	e3a0e001 	mov	lr, #1
    7098:	e584e088 	str	lr, [r4, #136]	@ 0x88
    709c:	e59f04a0 	ldr	r0, [pc, #1184]	@ 0x7544
    70a0:	e1a01004 	mov	r1, r4
    70a4:	e59d2000 	ldr	r2, [sp]
    70a8:	e59fc498 	ldr	ip, [pc, #1176]	@ 0x7548
    70ac:	e12fff3c 	blx	ip
    70b0:	e3500000 	cmp	r0, #0
    70b4:	1a0001c8 	bne	0x77dc
    70b8:	e28aa001 	add	sl, sl, #1
    70bc:	e594e05c 	ldr	lr, [r4, #92]	@ 0x5c
    70c0:	e594c040 	ldr	ip, [r4, #64]	@ 0x40
    70c4:	e18c100e 	orr	r1, ip, lr
    70c8:	e3510000 	cmp	r1, #0
    70cc:	0a00000b 	beq	0x7100
    70d0:	e3a0eb40 	mov	lr, #64, 22	@ 0x10000
    70d4:	e38ee1b4 	orr	lr, lr, #180, 2	@ 0x2d
    70d8:	e584e0a4 	str	lr, [r4, #164]	@ 0xa4
    70dc:	e3a0e001 	mov	lr, #1
    70e0:	e584e088 	str	lr, [r4, #136]	@ 0x88
    70e4:	e59f0460 	ldr	r0, [pc, #1120]	@ 0x754c
    70e8:	e1a01004 	mov	r1, r4
    70ec:	e59d2000 	ldr	r2, [sp]
    70f0:	e59fc458 	ldr	ip, [pc, #1112]	@ 0x7550
    70f4:	e12fff3c 	blx	ip
    70f8:	e3500000 	cmp	r0, #0
    70fc:	1a0001b6 	bne	0x77dc
    7100:	e048100a 	sub	r1, r8, sl
    7104:	e1a0b001 	mov	fp, r1
    7108:	e594c040 	ldr	ip, [r4, #64]	@ 0x40
    710c:	e15c000b 	cmp	ip, fp
    7110:	e594c040 	ldr	ip, [r4, #64]	@ 0x40
    7114:	d1a0100c 	movle	r1, ip
    7118:	e584a02c 	str	sl, [r4, #44]	@ 0x2c
    711c:	e58410a8 	str	r1, [r4, #168]	@ 0xa8
    7120:	e3a00840 	mov	r0, #64, 16	@ 0x400000
    7124:	e3800cd2 	orr	r0, r0, #53760	@ 0xd200
    7128:	e1a01004 	mov	r1, r4
    712c:	e59d2000 	ldr	r2, [sp]
    7130:	e59fc41c 	ldr	ip, [pc, #1052]	@ 0x7554
    7134:	e12fff3c 	blx	ip
    7138:	e3500000 	cmp	r0, #0
    713c:	1a0001a6 	bne	0x77dc
    7140:	e594c040 	ldr	ip, [r4, #64]	@ 0x40
    7144:	e04ce00b 	sub	lr, ip, fp
    7148:	e584e040 	str	lr, [r4, #64]	@ 0x40
    714c:	e2891004 	add	r1, r9, #4
    7150:	e1a09001 	mov	r9, r1
    7154:	e1510007 	cmp	r1, r7
    7158:	2a000002 	bcs	0x7168
    715c:	e594c040 	ldr	ip, [r4, #64]	@ 0x40
    7160:	e37c0001 	cmn	ip, #1
    7164:	caffff96 	bgt	0x6fc4
    7168:	e594c040 	ldr	ip, [r4, #64]	@ 0x40
    716c:	e28c1012 	add	r1, ip, #18
    7170:	e3a0e030 	mov	lr, #48	@ 0x30
    7174:	e584e0a4 	str	lr, [r4, #164]	@ 0xa4
    7178:	e58410a8 	str	r1, [r4, #168]	@ 0xa8
    717c:	e3a0e012 	mov	lr, #18
    7180:	e584e0ac 	str	lr, [r4, #172]	@ 0xac
    7184:	e3a0e000 	mov	lr, #0
    7188:	e584e084 	str	lr, [r4, #132]	@ 0x84
    718c:	e59f03c4 	ldr	r0, [pc, #964]	@ 0x7558
    7190:	e1a01004 	mov	r1, r4
    7194:	e59d2000 	ldr	r2, [sp]
    7198:	e59fc3bc 	ldr	ip, [pc, #956]	@ 0x755c
    719c:	e12fff3c 	blx	ip
    71a0:	e3500000 	cmp	r0, #0
    71a4:	1a00018c 	bne	0x77dc
    71a8:	e594e054 	ldr	lr, [r4, #84]	@ 0x54
    71ac:	e594c038 	ldr	ip, [r4, #56]	@ 0x38
    71b0:	e04c100e 	sub	r1, ip, lr
    71b4:	e58410a8 	str	r1, [r4, #168]	@ 0xa8
    71b8:	e59f03a0 	ldr	r0, [pc, #928]	@ 0x7560
    71bc:	e1a01004 	mov	r1, r4
    71c0:	e59d2000 	ldr	r2, [sp]
    71c4:	e59fc398 	ldr	ip, [pc, #920]	@ 0x7564
    71c8:	e12fff3c 	blx	ip
    71cc:	e3500000 	cmp	r0, #0
    71d0:	1a000181 	bne	0x77dc
    71d4:	ea00000f 	b	0x7218
    71d8:	e5940040 	ldr	r0, [r4, #64]	@ 0x40
    71dc:	e2800009 	add	r0, r0, #9
    71e0:	e3a0e030 	mov	lr, #48	@ 0x30
    71e4:	e584e0a4 	str	lr, [r4, #164]	@ 0xa4
    71e8:	e58400a8 	str	r0, [r4, #168]	@ 0xa8
    71ec:	e3a0e009 	mov	lr, #9
    71f0:	e584e0ac 	str	lr, [r4, #172]	@ 0xac
    71f4:	e3a0e000 	mov	lr, #0
    71f8:	e584e084 	str	lr, [r4, #132]	@ 0x84
    71fc:	e59f0364 	ldr	r0, [pc, #868]	@ 0x7568
    7200:	e1a01004 	mov	r1, r4
    7204:	e59d2000 	ldr	r2, [sp]
    7208:	e59fc35c 	ldr	ip, [pc, #860]	@ 0x756c
    720c:	e12fff3c 	blx	ip
    7210:	e3500000 	cmp	r0, #0
    7214:	1a000170 	bne	0x77dc
    7218:	e594c014 	ldr	ip, [r4, #20]
    721c:	e22c0d80 	eor	r0, ip, #128, 26	@ 0x2000
    7220:	e3a0e020 	mov	lr, #32
    7224:	e584e0a4 	str	lr, [r4, #164]	@ 0xa4
    7228:	e5846018 	str	r6, [r4, #24]
    722c:	e58400b0 	str	r0, [r4, #176]	@ 0xb0
    7230:	e59f0338 	ldr	r0, [pc, #824]	@ 0x7570
    7234:	e1a01004 	mov	r1, r4
    7238:	e59d2000 	ldr	r2, [sp]
    723c:	e59fc330 	ldr	ip, [pc, #816]	@ 0x7574
    7240:	e12fff3c 	blx	ip
    7244:	e3500000 	cmp	r0, #0
    7248:	1a000163 	bne	0x77dc
    724c:	e594c00c 	ldr	ip, [r4, #12]
    7250:	e15c0006 	cmp	ip, r6
    7254:	e594e00c 	ldr	lr, [r4, #12]
    7258:	d1a0e006 	movle	lr, r6
    725c:	e584e034 	str	lr, [r4, #52]	@ 0x34
    7260:	ea00014d 	b	0x779c
    7264:	e594c018 	ldr	ip, [r4, #24]
    7268:	e1a00d0c 	lsl	r0, ip, #26
    726c:	e1a00fc0 	asr	r0, r0, #31
    7270:	e2000009 	and	r0, r0, #9
    7274:	e594c028 	ldr	ip, [r4, #40]	@ 0x28
    7278:	e08ce000 	add	lr, ip, r0
    727c:	e584e054 	str	lr, [r4, #84]	@ 0x54
    7280:	e594c010 	ldr	ip, [r4, #16]
    7284:	e35c000b 	cmp	ip, #11
    7288:	8a00001e 	bhi	0x7308
    728c:	e594c010 	ldr	ip, [r4, #16]
    7290:	e26c000c 	rsb	r0, ip, #12
    7294:	e3a0c000 	mov	ip, #0
    7298:	e3a0e9c0 	mov	lr, #192, 18	@ 0x300000
    729c:	e38ee440 	orr	lr, lr, #64, 8	@ 0x40000000
    72a0:	ec4eca10 	vmov	s0, s1, ip, lr
    72a4:	e3a0c000 	mov	ip, #0
    72a8:	e3a0e9c0 	mov	lr, #192, 18	@ 0x300000
    72ac:	e38ee440 	orr	lr, lr, #64, 8	@ 0x40000000
    72b0:	ec4eca11 	vmov	s2, s3, ip, lr
    72b4:	ee200b01 	vmul.f64	d0, d0, d1
    72b8:	e2401001 	sub	r1, r0, #1
    72bc:	e1a00001 	mov	r0, r1
    72c0:	e3510000 	cmp	r1, #0
    72c4:	1afffff6 	bne	0x72a4
    72c8:	e5942054 	ldr	r2, [r4, #84]	@ 0x54
    72cc:	e5951030 	ldr	r1, [r5, #48]	@ 0x30
    72d0:	e3e0c4fe 	mvn	ip, #-33554432	@ 0xfe000000
    72d4:	e3ccc8fe 	bic	ip, ip, #16646144	@ 0xfe0000
    72d8:	e152000c 	cmp	r2, ip
    72dc:	8a00013b 	bhi	0x77d0
    72e0:	e7e012f0 			@ <UNDEFINED> instruction: 0xe7e012f0
    72e4:	e350002d 	cmp	r0, #45	@ 0x2d
    72e8:	1a000004 	bne	0x7300
    72ec:	eeb11b48 	vneg.f64	d1, d8
    72f0:	ee311b40 	vsub.f64	d1, d1, d0
    72f4:	ee301b01 	vadd.f64	d1, d0, d1
    72f8:	eeb18b41 	vneg.f64	d8, d1
    72fc:	ea000001 	b	0x7308
    7300:	ee381b00 	vadd.f64	d1, d8, d0
    7304:	ee318b40 	vsub.f64	d8, d1, d0
    7308:	e594201c 	ldr	r2, [r4, #28]
    730c:	e5951030 	ldr	r1, [r5, #48]	@ 0x30
    7310:	e59fe1c4 	ldr	lr, [pc, #452]	@ 0x74dc
    7314:	e7f2e2fc 	udf	#11820	@ 0x2e2c
    7318:	2a00012c 	bcs	0x77d0
    731c:	e7e012f4 			@ <UNDEFINED> instruction: 0xe7e012f4
    7320:	e1a07000 	mov	r7, r0
    7324:	e1a01fc7 	asr	r1, r7, #31
    7328:	e1a02001 	mov	r2, r1
    732c:	e0200001 	eor	r0, r0, r1
    7330:	e0400002 	sub	r0, r0, r2
    7334:	e3a01000 	mov	r1, #0
    7338:	e58400a0 	str	r0, [r4, #160]	@ 0xa0
    733c:	e58410a4 	str	r1, [r4, #164]	@ 0xa4
    7340:	e59f0230 	ldr	r0, [pc, #560]	@ 0x7578
    7344:	e1a01004 	mov	r1, r4
    7348:	e59d2000 	ldr	r2, [sp]
    734c:	e59fc228 	ldr	ip, [pc, #552]	@ 0x757c
    7350:	e12fff3c 	blx	ip
    7354:	e3500000 	cmp	r0, #0
    7358:	1a00011f 	bne	0x77dc
    735c:	e59400a0 	ldr	r0, [r4, #160]	@ 0xa0
    7360:	e1a01000 	mov	r1, r0
    7364:	e594c038 	ldr	ip, [r4, #56]	@ 0x38
    7368:	e150000c 	cmp	r0, ip
    736c:	1a00000e 	bne	0x73ac
    7370:	e2410001 	sub	r0, r1, #1
    7374:	e1a01000 	mov	r1, r0
    7378:	e5952030 	ldr	r2, [r5, #48]	@ 0x30
    737c:	e3e0c4fe 	mvn	ip, #-33554432	@ 0xfe000000
    7380:	e3ccc8fe 	bic	ip, ip, #16646144	@ 0xfe0000
    7384:	e150000c 	cmp	r0, ip
    7388:	8a000110 	bhi	0x77d0
    738c:	e3a03030 	mov	r3, #48	@ 0x30
    7390:	e7d320f0 			@ <UNDEFINED> instruction: 0xe7d320f0
    7394:	e594201c 	ldr	r2, [r4, #28]
    7398:	e5950030 	ldr	r0, [r5, #48]	@ 0x30
    739c:	e59fe138 	ldr	lr, [pc, #312]	@ 0x74dc
    73a0:	e7f2e2fc 	udf	#11820	@ 0x2e2c
    73a4:	2a000109 	bcs	0x77d0
    73a8:	e7e702f4 			@ <UNDEFINED> instruction: 0xe7e702f4
    73ac:	e594c024 	ldr	ip, [r4, #36]	@ 0x24
    73b0:	e38c8002 	orr	r8, ip, #2
    73b4:	e594c018 	ldr	ip, [r4, #24]
    73b8:	e20c0020 	and	r0, ip, #32
    73bc:	e2412002 	sub	r2, r1, #2
    73c0:	e5842060 	str	r2, [r4, #96]	@ 0x60
    73c4:	e594c018 	ldr	ip, [r4, #24]
    73c8:	e28c300f 	add	r3, ip, #15
    73cc:	e595a030 	ldr	sl, [r5, #48]	@ 0x30
    73d0:	e3e0c4fe 	mvn	ip, #-33554432	@ 0xfe000000
    73d4:	e3ccc8fe 	bic	ip, ip, #16646144	@ 0xfe0000
    73d8:	e152000c 	cmp	r2, ip
    73dc:	8a0000fb 	bhi	0x77d0
    73e0:	e7d3a2f0 			@ <UNDEFINED> instruction: 0xe7d3a2f0
    73e4:	e2411001 	sub	r1, r1, #1
    73e8:	e3570000 	cmp	r7, #0
    73ec:	e3a0202d 	mov	r2, #45	@ 0x2d
    73f0:	a3a0202b 	movge	r2, #43	@ 0x2b
    73f4:	e5953030 	ldr	r3, [r5, #48]	@ 0x30
    73f8:	e3e0c4fe 	mvn	ip, #-33554432	@ 0xfe000000
    73fc:	e3ccc8fe 	bic	ip, ip, #16646144	@ 0xfe0000
    7400:	e151000c 	cmp	r1, ip
    7404:	8a0000f1 	bhi	0x77d0
    7408:	e7d231f0 			@ <UNDEFINED> instruction: 0xe7d231f0
    740c:	e594c010 	ldr	ip, [r4, #16]
    7410:	e35c0001 	cmp	ip, #1
    7414:	e3a01000 	mov	r1, #0
    7418:	b3a01001 	movlt	r1, #1
    741c:	e594c014 	ldr	ip, [r4, #20]
    7420:	e20c2008 	and	r2, ip, #8
    7424:	e3520000 	cmp	r2, #0
    7428:	e3a02000 	mov	r2, #0
    742c:	03a02001 	moveq	r2, #1
    7430:	e0011002 	and	r1, r1, r2
    7434:	e594c01c 	ldr	ip, [r4, #28]
    7438:	e28c2010 	add	r2, ip, #16
    743c:	e1a03002 	mov	r3, r2
    7440:	e1a07003 	mov	r7, r3
    7444:	eebd7bc8 	vcvt.s32.f64	s14, d8
    7448:	ee17aa10 	vmov	sl, s14
    744c:	e1a0b00a 	mov	fp, sl
    7450:	e28aab40 	add	sl, sl, #64, 22	@ 0x10000
    7454:	e28aaf9c 	add	sl, sl, #156, 30	@ 0x270
    7458:	e1a0600a 	mov	r6, sl
    745c:	e5959030 	ldr	r9, [r5, #48]	@ 0x30
    7460:	e3e0c4fe 	mvn	ip, #-33554432	@ 0xfe000000
    7464:	e3ccc8fe 	bic	ip, ip, #16646144	@ 0xfe0000
    7468:	e156000c 	cmp	r6, ip
    746c:	8a0000d7 	bhi	0x77d0
    7470:	e7ea96f0 			@ <UNDEFINED> instruction: 0xe7ea96f0
    7474:	e18aa000 	orr	sl, sl, r0
    7478:	e5956030 	ldr	r6, [r5, #48]	@ 0x30
    747c:	e3e0c4fe 	mvn	ip, #-33554432	@ 0xfe000000
    7480:	e3ccc8fe 	bic	ip, ip, #16646144	@ 0xfe0000
    7484:	e153000c 	cmp	r3, ip
    7488:	8a0000d0 	bhi	0x77d0
    748c:	e7da63f0 			@ <UNDEFINED> instruction: 0xe7da63f0
    7490:	ee07ba10 	vmov	s14, fp
    7494:	eeb80bc7 	vcvt.f64.s32	d0, s14
    7498:	ee380b40 	vsub.f64	d0, d8, d0
    749c:	e3a0c000 	mov	ip, #0
    74a0:	e3a0e9c0 	mov	lr, #192, 18	@ 0x300000
    74a4:	e38ee440 	orr	lr, lr, #64, 8	@ 0x40000000
    74a8:	ec4eca11 	vmov	s2, s3, ip, lr
    74ac:	ee208b01 	vmul.f64	d8, d0, d1
    74b0:	e2873001 	add	r3, r7, #1
    74b4:	e1a02003 	mov	r2, r3
    74b8:	e594c01c 	ldr	ip, [r4, #28]
    74bc:	e28c6010 	add	r6, ip, #16
    74c0:	e0433006 	sub	r3, r3, r6
    74c4:	e3530001 	cmp	r3, #1
    74c8:	ea00002c 	b	0x7580
	...
    74d8:	001f5700 	andseq	r5, pc, r0, lsl #14
    74dc:	0101fffc 	strdeq	pc, [r1, -ip]
    74e0:	001f54c0 	andseq	r5, pc, r0, asr #9
    74e4:	3b9aca00 	blcc	0xfe6b9cec
    74e8:	3b9ac9ff 	blcc	0xfe6b9cec
    74ec:	001f54c0 	andseq	r5, pc, r0, asr #9
    74f0:	001f54c0 	andseq	r5, pc, r0, asr #9
    74f4:	0040c980 	subeq	ip, r0, r0, lsl #19
    74f8:	0004890c 	andeq	r8, r4, ip, lsl #18
    74fc:	0040cb6c 	subeq	ip, r0, ip, ror #22
    7500:	0004890c 	andeq	r8, r4, ip, lsl #18
    7504:	0040cb84 	subeq	ip, r0, r4, lsl #23
    7508:	0004890c 	andeq	r8, r4, ip, lsl #18
    750c:	0040cbbc 	strheq	ip, [r0], #-188	@ 0xffffff44
    7510:	0004890c 	andeq	r8, r4, ip, lsl #18
    7514:	0040cc60 	subeq	ip, r0, r0, ror #24
    7518:	0004890c 	andeq	r8, r4, ip, lsl #18
    751c:	0040cd90 	umaaleq	ip, r0, r0, sp
    7520:	0004890c 	andeq	r8, r4, ip, lsl #18
    7524:	0040cdf4 	strdeq	ip, [r0], #-212	@ 0xffffff2c
    7528:	0004890c 	andeq	r8, r4, ip, lsl #18
    752c:	0040ce44 	subeq	ip, r0, r4, asr #28
    7530:	0004890c 	andeq	r8, r4, ip, lsl #18
    7534:	0040cf2c 	subeq	ip, r0, ip, lsr #30
    7538:	0004890c 	andeq	r8, r4, ip, lsl #18
    753c:	0040d054 	subeq	sp, r0, r4, asr r0
    7540:	0004890c 	andeq	r8, r4, ip, lsl #18
    7544:	0040d178 	subeq	sp, r0, r8, ror r1
    7548:	0004890c 	andeq	r8, r4, ip, lsl #18
    754c:	0040d1bc 	strheq	sp, [r0], #-28	@ 0xffffffe4
    7550:	0004890c 	andeq	r8, r4, ip, lsl #18
    7554:	0004890c 	andeq	r8, r4, ip, lsl #18
    7558:	0040d2ac 	subeq	sp, r0, ip, lsr #5
    755c:	0004890c 	andeq	r8, r4, ip, lsl #18
    7560:	0040d2d0 	ldrdeq	sp, [r0], #-32	@ 0xffffffe0
    7564:	0004890c 	andeq	r8, r4, ip, lsl #18
    7568:	0040d324 	subeq	sp, r0, r4, lsr #6
    756c:	0004890c 	andeq	r8, r4, ip, lsl #18
    7570:	0040d360 	subeq	sp, r0, r0, ror #6
    7574:	0004890c 	andeq	r8, r4, ip, lsl #18
    7578:	0040d550 	subeq	sp, r0, r0, asr r5
    757c:	0004890c 	andeq	r8, r4, ip, lsl #18
    7580:	1a000010 	bne	0x75c8
    7584:	e3a0c000 	mov	ip, #0
    7588:	ec4cca10 	vmov	s0, s1, ip, ip
    758c:	eeb48b40 	vcmp.f64	d8, d0
    7590:	eef1fa10 	vmrs	APSR_nzcv, fpscr
    7594:	e3a03000 	mov	r3, #0
    7598:	03a03001 	moveq	r3, #1
    759c:	e1130001 	tst	r3, r1
    75a0:	1a000008 	bne	0x75c8
    75a4:	e1a06007 	mov	r6, r7
    75a8:	e5953030 	ldr	r3, [r5, #48]	@ 0x30
    75ac:	e3e0e4fe 	mvn	lr, #-33554432	@ 0xfe000000
    75b0:	e3cee8fe 	bic	lr, lr, #16646144	@ 0xfe0000
    75b4:	e7f6e0f1 	udf	#28161	@ 0x6e01
    75b8:	2a000084 	bcs	0x77d0
    75bc:	e3a0902e 	mov	r9, #46	@ 0x2e
    75c0:	e7d936f0 			@ <UNDEFINED> instruction: 0xe7d936f0
    75c4:	e2872002 	add	r2, r7, #2
    75c8:	e3a0c000 	mov	ip, #0
    75cc:	ec4cca10 	vmov	s0, s1, ip, ip
    75d0:	eeb48b40 	vcmp.f64	d8, d0
    75d4:	eef1fa10 	vmrs	APSR_nzcv, fpscr
    75d8:	1affff97 	bne	0x743c
    75dc:	e3e0e000 	mvn	lr, #0
    75e0:	e584e034 	str	lr, [r4, #52]	@ 0x34
    75e4:	e594e060 	ldr	lr, [r4, #96]	@ 0x60
    75e8:	e594c038 	ldr	ip, [r4, #56]	@ 0x38
    75ec:	e04c000e 	sub	r0, ip, lr
    75f0:	e1a06000 	mov	r6, r0
    75f4:	e0880000 	add	r0, r8, r0
    75f8:	e1a01000 	mov	r1, r0
    75fc:	e3e0c3a0 	mvn	ip, #160, 6	@ 0x80000002
    7600:	e04c0000 	sub	r0, ip, r0
    7604:	e594c010 	ldr	ip, [r4, #16]
    7608:	e15c0000 	cmp	ip, r0
    760c:	ca000062 	bgt	0x779c
    7610:	e594c010 	ldr	ip, [r4, #16]
    7614:	e28c0002 	add	r0, ip, #2
    7618:	e594c01c 	ldr	ip, [r4, #28]
    761c:	e28c3010 	add	r3, ip, #16
    7620:	e0422003 	sub	r2, r2, r3
    7624:	e1a07002 	mov	r7, r2
    7628:	e2473002 	sub	r3, r7, #2
    762c:	e594c010 	ldr	ip, [r4, #16]
    7630:	e153000c 	cmp	r3, ip
    7634:	a1a00002 	movge	r0, r2
    7638:	e594c010 	ldr	ip, [r4, #16]
    763c:	e35c0000 	cmp	ip, #0
    7640:	01a00007 	moveq	r0, r7
    7644:	e1a09000 	mov	r9, r0
    7648:	e0811000 	add	r1, r1, r0
    764c:	e1a0a001 	mov	sl, r1
    7650:	e3a0e020 	mov	lr, #32
    7654:	e584e0a4 	str	lr, [r4, #164]	@ 0xa4
    7658:	e58410ac 	str	r1, [r4, #172]	@ 0xac
    765c:	e59f0f14 	ldr	r0, [pc, #3860]	@ 0x8578
    7660:	e1a01004 	mov	r1, r4
    7664:	e59d2000 	ldr	r2, [sp]
    7668:	e59fcf0c 	ldr	ip, [pc, #3852]	@ 0x857c
    766c:	e12fff3c 	blx	ip
    7670:	e3500000 	cmp	r0, #0
    7674:	1a000058 	bne	0x77dc
    7678:	e584805c 	str	r8, [r4, #92]	@ 0x5c
    767c:	e59f0efc 	ldr	r0, [pc, #3836]	@ 0x8580
    7680:	e1a01004 	mov	r1, r4
    7684:	e59d2000 	ldr	r2, [sp]
    7688:	e59fcef4 	ldr	ip, [pc, #3828]	@ 0x8584
    768c:	e12fff3c 	blx	ip
    7690:	e3500000 	cmp	r0, #0
    7694:	1a000050 	bne	0x77dc
    7698:	e594c014 	ldr	ip, [r4, #20]
    769c:	e22c0b40 	eor	r0, ip, #64, 22	@ 0x10000
    76a0:	e3a0e030 	mov	lr, #48	@ 0x30
    76a4:	e584e0a4 	str	lr, [r4, #164]	@ 0xa4
    76a8:	e584a030 	str	sl, [r4, #48]	@ 0x30
    76ac:	e58400b0 	str	r0, [r4, #176]	@ 0xb0
    76b0:	e59f0ed0 	ldr	r0, [pc, #3792]	@ 0x8588
    76b4:	e1a01004 	mov	r1, r4
    76b8:	e59d2000 	ldr	r2, [sp]
    76bc:	e59fcec8 	ldr	ip, [pc, #3784]	@ 0x858c
    76c0:	e12fff3c 	blx	ip
    76c4:	e3500000 	cmp	r0, #0
    76c8:	1a000043 	bne	0x77dc
    76cc:	e594c01c 	ldr	ip, [r4, #28]
    76d0:	e28c0010 	add	r0, ip, #16
    76d4:	e58400a4 	str	r0, [r4, #164]	@ 0xa4
    76d8:	e584702c 	str	r7, [r4, #44]	@ 0x2c
    76dc:	e59f0eac 	ldr	r0, [pc, #3756]	@ 0x8590
    76e0:	e1a01004 	mov	r1, r4
    76e4:	e59d2000 	ldr	r2, [sp]
    76e8:	e59fcea4 	ldr	ip, [pc, #3748]	@ 0x8594
    76ec:	e12fff3c 	blx	ip
    76f0:	e3500000 	cmp	r0, #0
    76f4:	1a000038 	bne	0x77dc
    76f8:	e0499007 	sub	r9, r9, r7
    76fc:	e3a0e030 	mov	lr, #48	@ 0x30
    7700:	e584e0a4 	str	lr, [r4, #164]	@ 0xa4
    7704:	e58490a8 	str	r9, [r4, #168]	@ 0xa8
    7708:	e3a0e000 	mov	lr, #0
    770c:	e584e084 	str	lr, [r4, #132]	@ 0x84
    7710:	e3a0e000 	mov	lr, #0
    7714:	e584e084 	str	lr, [r4, #132]	@ 0x84
    7718:	e59f0e78 	ldr	r0, [pc, #3704]	@ 0x8598
    771c:	e1a01004 	mov	r1, r4
    7720:	e59d2000 	ldr	r2, [sp]
    7724:	e59fce70 	ldr	ip, [pc, #3696]	@ 0x859c
    7728:	e12fff3c 	blx	ip
    772c:	e3500000 	cmp	r0, #0
    7730:	1a000029 	bne	0x77dc
    7734:	e5846050 	str	r6, [r4, #80]	@ 0x50
    7738:	e59f0e60 	ldr	r0, [pc, #3680]	@ 0x85a0
    773c:	e1a01004 	mov	r1, r4
    7740:	e59d2000 	ldr	r2, [sp]
    7744:	e59fce58 	ldr	ip, [pc, #3672]	@ 0x85a4
    7748:	e12fff3c 	blx	ip
    774c:	e3500000 	cmp	r0, #0
    7750:	1a000021 	bne	0x77dc
    7754:	e594c014 	ldr	ip, [r4, #20]
    7758:	e22c0d80 	eor	r0, ip, #128, 26	@ 0x2000
    775c:	e3a0e020 	mov	lr, #32
    7760:	e584e0a4 	str	lr, [r4, #164]	@ 0xa4
    7764:	e584a030 	str	sl, [r4, #48]	@ 0x30
    7768:	e58400b0 	str	r0, [r4, #176]	@ 0xb0
    776c:	e59f0e34 	ldr	r0, [pc, #3636]	@ 0x85a8
    7770:	e1a01004 	mov	r1, r4
    7774:	e59d2000 	ldr	r2, [sp]
    7778:	e59fce2c 	ldr	ip, [pc, #3628]	@ 0x85ac
    777c:	e12fff3c 	blx	ip
    7780:	e3500000 	cmp	r0, #0
    7784:	1a000014 	bne	0x77dc
    7788:	e594c00c 	ldr	ip, [r4, #12]
    778c:	e15c000a 	cmp	ip, sl
    7790:	e594e00c 	ldr	lr, [r4, #12]
    7794:	d1a0e00a 	movle	lr, sl
    7798:	e584e034 	str	lr, [r4, #52]	@ 0x34
    779c:	e594c01c 	ldr	ip, [r4, #28]
    77a0:	e28c0f8c 	add	r0, ip, #140, 30	@ 0x230
    77a4:	e595103c 	ldr	r1, [r5, #60]	@ 0x3c
    77a8:	e5810008 	str	r0, [r1, #8]
    77ac:	e59f0dfc 	ldr	r0, [pc, #3580]	@ 0x85b0
    77b0:	e30ccabc 	movw	ip, #51900	@ 0xcabc
    77b4:	e34ccdef 	movt	ip, #52719	@ 0xcdef
    77b8:	e28dd018 	add	sp, sp, #24
    77bc:	ecbd8b02 	vpop	{d8}
    77c0:	e28dd004 	add	sp, sp, #4
    77c4:	e8bd8fc0 	pop	{r6, r7, r8, r9, sl, fp, pc}
    77c8:	e3a00003 	mov	r0, #3
    77cc:	ea000000 	b	0x77d4
    77d0:	e3a00008 	mov	r0, #8
    77d4:	e59d1000 	ldr	r1, [sp]
    77d8:	e5810010 	str	r0, [r1, #16]
    77dc:	e59d0000 	ldr	r0, [sp]
    77e0:	e59d103c 	ldr	r1, [sp, #60]	@ 0x3c
    77e4:	e59fcdc8 	ldr	ip, [pc, #3528]	@ 0x85b4
    77e8:	e12fff3c 	blx	ip
    77ec:	e28dd018 	add	sp, sp, #24
    77f0:	ecbd8b02 	vpop	{d8}
    77f4:	e28dd004 	add	sp, sp, #4
    77f8:	e8bd0fc0 	pop	{r6, r7, r8, r9, sl, fp}
    77fc:	e28dd004 	add	sp, sp, #4
    7800:	e12fff10 	bx	r0
    7804:	e92d41c0 	push	{r6, r7, r8, lr}
    7808:	e24dd008 	sub	sp, sp, #8
    780c:	e58d0000 	str	r0, [sp]
    7810:	e30cc123 	movw	ip, #49443	@ 0xc123
    7814:	e34cc456 	movt	ip, #50262	@ 0xc456
    7818:	e5946000 	ldr	r6, [r4]
    781c:	e5940004 	ldr	r0, [r4, #4]
    7820:	e1a03000 	mov	r3, r0
    7824:	e5952030 	ldr	r2, [r5, #48]	@ 0x30
    7828:	e59fcd88 	ldr	ip, [pc, #3464]	@ 0x85b8
    782c:	e153000c 	cmp	r3, ip
    7830:	8a000032 	bhi	0x7900
    7834:	e7e123f4 			@ <UNDEFINED> instruction: 0xe7e123f4
    7838:	e2811007 	add	r1, r1, #7
    783c:	e3c11007 	bic	r1, r1, #7
    7840:	e1a02001 	mov	r2, r1
    7844:	e2811010 	add	r1, r1, #16
    7848:	e5953030 	ldr	r3, [r5, #48]	@ 0x30
    784c:	e59fcd64 	ldr	ip, [pc, #3428]	@ 0x85b8
    7850:	e150000c 	cmp	r0, ip
    7854:	8a000029 	bhi	0x7900
    7858:	e7d130f4 			@ <UNDEFINED> instruction: 0xe7d130f4
    785c:	e1a07002 	mov	r7, r2
    7860:	e5953030 	ldr	r3, [r5, #48]	@ 0x30
    7864:	e59fcd50 	ldr	ip, [pc, #3408]	@ 0x85bc
    7868:	e157000c 	cmp	r7, ip
    786c:	8a000023 	bhi	0x7900
    7870:	e083c007 	add	ip, r3, r7
    7874:	e59c0000 	ldr	r0, [ip]
    7878:	e59c1004 	ldr	r1, [ip, #4]
    787c:	e5958030 	ldr	r8, [r5, #48]	@ 0x30
    7880:	e59fed34 	ldr	lr, [pc, #3380]	@ 0x85bc
    7884:	e7f2e0f8 	udf	#11784	@ 0x2e08
    7888:	2a00001c 	bcs	0x7900
    788c:	e088c002 	add	ip, r8, r2
    7890:	e59c3000 	ldr	r3, [ip]
    7894:	e59c7004 	ldr	r7, [ip, #4]
    7898:	e584001c 	str	r0, [r4, #28]
    789c:	e5841020 	str	r1, [r4, #32]
    78a0:	e5843024 	str	r3, [r4, #36]	@ 0x24
    78a4:	e5847028 	str	r7, [r4, #40]	@ 0x28
    78a8:	e59f0d10 	ldr	r0, [pc, #3344]	@ 0x85c0
    78ac:	e1a01004 	mov	r1, r4
    78b0:	e59d2000 	ldr	r2, [sp]
    78b4:	e59fcd08 	ldr	ip, [pc, #3336]	@ 0x85c4
    78b8:	e12fff3c 	blx	ip
    78bc:	e3500000 	cmp	r0, #0
    78c0:	1a000011 	bne	0x790c
    78c4:	ed940b07 	vldr	d0, [r4, #28]
    78c8:	e5950030 	ldr	r0, [r5, #48]	@ 0x30
    78cc:	e59fcce8 	ldr	ip, [pc, #3304]	@ 0x85bc
    78d0:	e156000c 	cmp	r6, ip
    78d4:	8a000009 	bhi	0x7900
    78d8:	ee10ea10 	vmov	lr, s0
    78dc:	e080c006 	add	ip, r0, r6
    78e0:	e58ce000 	str	lr, [ip]
    78e4:	ee10ea90 	vmov	lr, s1
    78e8:	e58ce004 	str	lr, [ip, #4]
    78ec:	e59f0cd4 	ldr	r0, [pc, #3284]	@ 0x85c8
    78f0:	e30ccabc 	movw	ip, #51900	@ 0xcabc
    78f4:	e34ccdef 	movt	ip, #52719	@ 0xcdef
    78f8:	e28dd008 	add	sp, sp, #8
    78fc:	e8bd81c0 	pop	{r6, r7, r8, pc}
    7900:	e3a00008 	mov	r0, #8
    7904:	e59d1000 	ldr	r1, [sp]
    7908:	e5810010 	str	r0, [r1, #16]
    790c:	e59d0000 	ldr	r0, [sp]
    7910:	e59d1014 	ldr	r1, [sp, #20]
    7914:	e59fccb0 	ldr	ip, [pc, #3248]	@ 0x85cc
    7918:	e12fff3c 	blx	ip
    791c:	e28dd008 	add	sp, sp, #8
    7920:	e8bd01c0 	pop	{r6, r7, r8}
    7924:	e28dd004 	add	sp, sp, #4
    7928:	e12fff10 	bx	r0
    792c:	e52de004 	push	{lr}		@ (str lr, [sp, #-4]!)
    7930:	e24dd004 	sub	sp, sp, #4
    7934:	e58d0000 	str	r0, [sp]
    7938:	e30cc123 	movw	ip, #49443	@ 0xc123
    793c:	e34cc456 	movt	ip, #50262	@ 0xc456
    7940:	ed940b00 	vldr	d0, [r4]
    7944:	ec510a10 	vmov	r0, r1, s0, s1
    7948:	e5840008 	str	r0, [r4, #8]
    794c:	e584100c 	str	r1, [r4, #12]
    7950:	e59f0c78 	ldr	r0, [pc, #3192]	@ 0x85d0
    7954:	e30ccabc 	movw	ip, #51900	@ 0xcabc
    7958:	e34ccdef 	movt	ip, #52719	@ 0xcdef
    795c:	e28dd004 	add	sp, sp, #4
    7960:	e49df004 	pop	{pc}		@ (ldr pc, [sp], #4)
    7964:	e92d4040 	push	{r6, lr}
    7968:	e24dd008 	sub	sp, sp, #8
    796c:	e58d0000 	str	r0, [sp]
    7970:	e30cc123 	movw	ip, #49443	@ 0xc123
    7974:	e34cc456 	movt	ip, #50262	@ 0xc456
    7978:	e5946000 	ldr	r6, [r4]
    797c:	e3560000 	cmp	r6, #0
    7980:	1a000003 	bne	0x7994
    7984:	e3a0e000 	mov	lr, #0
    7988:	e584e004 	str	lr, [r4, #4]
    798c:	e59f0c40 	ldr	r0, [pc, #3136]	@ 0x85d4
    7990:	ea000012 	b	0x79e0
    7994:	e3a009fe 	mov	r0, #4161536	@ 0x3f8000
    7998:	e3800d9f 	orr	r0, r0, #10176	@ 0x27c0
    799c:	e1a01004 	mov	r1, r4
    79a0:	e59d2000 	ldr	r2, [sp]
    79a4:	e59fcc2c 	ldr	ip, [pc, #3116]	@ 0x85d8
    79a8:	e12fff3c 	blx	ip
    79ac:	e3500000 	cmp	r0, #0
    79b0:	1a00000f 	bne	0x79f4
    79b4:	e594000c 	ldr	r0, [r4, #12]
    79b8:	e5951030 	ldr	r1, [r5, #48]	@ 0x30
    79bc:	e59fcbf4 	ldr	ip, [pc, #3060]	@ 0x85b8
    79c0:	e150000c 	cmp	r0, ip
    79c4:	8a000007 	bhi	0x79e8
    79c8:	e7d610f4 			@ <UNDEFINED> instruction: 0xe7d610f4
    79cc:	e3e0e000 	mvn	lr, #0
    79d0:	e584e008 	str	lr, [r4, #8]
    79d4:	e59f0c00 	ldr	r0, [pc, #3072]	@ 0x85dc
    79d8:	e30ccabc 	movw	ip, #51900	@ 0xcabc
    79dc:	e34ccdef 	movt	ip, #52719	@ 0xcdef
    79e0:	e28dd008 	add	sp, sp, #8
    79e4:	e8bd8040 	pop	{r6, pc}
    79e8:	e3a00008 	mov	r0, #8
    79ec:	e59d1000 	ldr	r1, [sp]
    79f0:	e5810010 	str	r0, [r1, #16]
    79f4:	e59d0000 	ldr	r0, [sp]
    79f8:	e59d100c 	ldr	r1, [sp, #12]
    79fc:	e59fcbdc 	ldr	ip, [pc, #3036]	@ 0x85e0
    7a00:	e12fff3c 	blx	ip
    7a04:	e59d6008 	ldr	r6, [sp, #8]
    7a08:	e28dd010 	add	sp, sp, #16
    7a0c:	e12fff10 	bx	r0
    7a10:	e52de004 	push	{lr}		@ (str lr, [sp, #-4]!)
    7a14:	e24dd004 	sub	sp, sp, #4
    7a18:	e58d0000 	str	r0, [sp]
    7a1c:	e30cc123 	movw	ip, #49443	@ 0xc123
    7a20:	e34cc456 	movt	ip, #50262	@ 0xc456
    7a24:	e3a0e02a 	mov	lr, #42	@ 0x2a
    7a28:	e584e000 	str	lr, [r4]
    7a2c:	e3a00840 	mov	r0, #64, 16	@ 0x400000
    7a30:	e38000a4 	orr	r0, r0, #164	@ 0xa4
    7a34:	e30ccabc 	movw	ip, #51900	@ 0xcabc
    7a38:	e34ccdef 	movt	ip, #52719	@ 0xcdef
    7a3c:	e28dd004 	add	sp, sp, #4
    7a40:	e49df004 	pop	{pc}		@ (ldr pc, [sp], #4)
    7a44:	e52de004 	push	{lr}		@ (str lr, [sp, #-4]!)
    7a48:	e24dd004 	sub	sp, sp, #4
    7a4c:	e58d0000 	str	r0, [sp]
    7a50:	e30cc123 	movw	ip, #49443	@ 0xc123
    7a54:	e34cc456 	movt	ip, #50262	@ 0xc456
    7a58:	e59f0b84 	ldr	r0, [pc, #2948]	@ 0x85e4
    7a5c:	e1a01004 	mov	r1, r4
    7a60:	e59d2000 	ldr	r2, [sp]
    7a64:	e59fcb7c 	ldr	ip, [pc, #2940]	@ 0x85e8
    7a68:	e12fff3c 	blx	ip
    7a6c:	e3500000 	cmp	r0, #0
    7a70:	1a000006 	bne	0x7a90
    7a74:	e5940000 	ldr	r0, [r4]
    7a78:	e5840000 	str	r0, [r4]
    7a7c:	e59f0b68 	ldr	r0, [pc, #2920]	@ 0x85ec
    7a80:	e30ccabc 	movw	ip, #51900	@ 0xcabc
    7a84:	e34ccdef 	movt	ip, #52719	@ 0xcdef
    7a88:	e28dd004 	add	sp, sp, #4
    7a8c:	e49df004 	pop	{pc}		@ (ldr pc, [sp], #4)
    7a90:	e59d0000 	ldr	r0, [sp]
    7a94:	e59d1004 	ldr	r1, [sp, #4]
    7a98:	e59fcb50 	ldr	ip, [pc, #2896]	@ 0x85f0
    7a9c:	e12fff3c 	blx	ip
    7aa0:	e28dd008 	add	sp, sp, #8
    7aa4:	e12fff10 	bx	r0
    7aa8:	e52de004 	push	{lr}		@ (str lr, [sp, #-4]!)
    7aac:	e24dd004 	sub	sp, sp, #4
    7ab0:	e58d0000 	str	r0, [sp]
    7ab4:	e30cc123 	movw	ip, #49443	@ 0xc123
    7ab8:	e34cc456 	movt	ip, #50262	@ 0xc456
    7abc:	e3a0eb44 	mov	lr, #68, 22	@ 0x11000
    7ac0:	e38ee0c0 	orr	lr, lr, #192	@ 0xc0
    7ac4:	e584e000 	str	lr, [r4]
    7ac8:	e59f0b24 	ldr	r0, [pc, #2852]	@ 0x85f4
    7acc:	e30ccabc 	movw	ip, #51900	@ 0xcabc
    7ad0:	e34ccdef 	movt	ip, #52719	@ 0xcdef
    7ad4:	e28dd004 	add	sp, sp, #4
    7ad8:	e49df004 	pop	{pc}		@ (ldr pc, [sp], #4)
    7adc:	e52de004 	push	{lr}		@ (str lr, [sp, #-4]!)
    7ae0:	e24dd004 	sub	sp, sp, #4
    7ae4:	e58d0000 	str	r0, [sp]
    7ae8:	e30cc123 	movw	ip, #49443	@ 0xc123
    7aec:	e34cc456 	movt	ip, #50262	@ 0xc456
    7af0:	e5950030 	ldr	r0, [r5, #48]	@ 0x30
    7af4:	e3a0eb44 	mov	lr, #68, 22	@ 0x11000
    7af8:	e38ee0a8 	orr	lr, lr, #168	@ 0xa8
    7afc:	e280cb48 	add	ip, r0, #72, 22	@ 0x12000
    7b00:	e50ceee0 	str	lr, [ip, #-3808]	@ 0xfffff120
    7b04:	e59f0aec 	ldr	r0, [pc, #2796]	@ 0x85f8
    7b08:	e1a01004 	mov	r1, r4
    7b0c:	e59d2000 	ldr	r2, [sp]
    7b10:	e59fcae4 	ldr	ip, [pc, #2788]	@ 0x85fc
    7b14:	e12fff3c 	blx	ip
    7b18:	e3500000 	cmp	r0, #0
    7b1c:	1a000017 	bne	0x7b80
    7b20:	e5940010 	ldr	r0, [r4, #16]
    7b24:	e3a0cb40 	mov	ip, #64, 22	@ 0x10000
    7b28:	e24c1000 	sub	r1, ip, #0
    7b2c:	e5952030 	ldr	r2, [r5, #48]	@ 0x30
    7b30:	e282cb48 	add	ip, r2, #72, 22	@ 0x12000
    7b34:	e50c1f08 	str	r1, [ip, #-3848]	@ 0xfffff0f8
    7b38:	e5951030 	ldr	r1, [r5, #48]	@ 0x30
    7b3c:	e3a0eb40 	mov	lr, #64, 22	@ 0x10000
    7b40:	e281cb48 	add	ip, r1, #72, 22	@ 0x12000
    7b44:	e50cef0c 	str	lr, [ip, #-3852]	@ 0xfffff0f4
    7b48:	e5951030 	ldr	r1, [r5, #48]	@ 0x30
    7b4c:	e281cb48 	add	ip, r1, #72, 22	@ 0x12000
    7b50:	e50c0f28 	str	r0, [ip, #-3880]	@ 0xfffff0d8
    7b54:	e5951030 	ldr	r1, [r5, #48]	@ 0x30
    7b58:	e281cb40 	add	ip, r1, #64, 22	@ 0x10000
    7b5c:	e59c0bbc 	ldr	r0, [ip, #3004]	@ 0xbbc
    7b60:	e5951030 	ldr	r1, [r5, #48]	@ 0x30
    7b64:	e281cb48 	add	ip, r1, #72, 22	@ 0x12000
    7b68:	e50c0f04 	str	r0, [ip, #-3844]	@ 0xfffff0fc
    7b6c:	e59f0a8c 	ldr	r0, [pc, #2700]	@ 0x8600
    7b70:	e30ccabc 	movw	ip, #51900	@ 0xcabc
    7b74:	e34ccdef 	movt	ip, #52719	@ 0xcdef
    7b78:	e28dd004 	add	sp, sp, #4
    7b7c:	e49df004 	pop	{pc}		@ (ldr pc, [sp], #4)
    7b80:	e59d0000 	ldr	r0, [sp]
    7b84:	e59d1004 	ldr	r1, [sp, #4]
    7b88:	e59fca74 	ldr	ip, [pc, #2676]	@ 0x8604
    7b8c:	e12fff3c 	blx	ip
    7b90:	e28dd008 	add	sp, sp, #8
    7b94:	e12fff10 	bx	r0
    7b98:	e92d40c0 	push	{r6, r7, lr}
    7b9c:	e24dd004 	sub	sp, sp, #4
    7ba0:	e58d0000 	str	r0, [sp]
    7ba4:	e30cc123 	movw	ip, #49443	@ 0xc123
    7ba8:	e34cc456 	movt	ip, #50262	@ 0xc456
    7bac:	e5946000 	ldr	r6, [r4]
    7bb0:	e5947004 	ldr	r7, [r4, #4]
    7bb4:	e3a00001 	mov	r0, #1
    7bb8:	e3560000 	cmp	r6, #0
    7bbc:	0a0000aa 	beq	0x7e6c
    7bc0:	e357007f 	cmp	r7, #127	@ 0x7f
    7bc4:	9a0000ab 	bls	0x7e78
    7bc8:	e59f0a38 	ldr	r0, [pc, #2616]	@ 0x8608
    7bcc:	e1a01004 	mov	r1, r4
    7bd0:	e59d2000 	ldr	r2, [sp]
    7bd4:	e59fca30 	ldr	ip, [pc, #2608]	@ 0x860c
    7bd8:	e12fff3c 	blx	ip
    7bdc:	e3500000 	cmp	r0, #0
    7be0:	1a0000b4 	bne	0x7eb8
    7be4:	e5941028 	ldr	r1, [r4, #40]	@ 0x28
    7be8:	e1a03001 	mov	r3, r1
    7bec:	e5952030 	ldr	r2, [r5, #48]	@ 0x30
    7bf0:	e59fe9c0 	ldr	lr, [pc, #2496]	@ 0x85b8
    7bf4:	e7f3e6f0 	udf	#15968	@ 0x3e60
    7bf8:	2a0000ab 	bcs	0x7eac
    7bfc:	e7e123f4 			@ <UNDEFINED> instruction: 0xe7e123f4
    7c00:	e1a03001 	mov	r3, r1
    7c04:	e5952030 	ldr	r2, [r5, #48]	@ 0x30
    7c08:	e59fc9a8 	ldr	ip, [pc, #2472]	@ 0x85b8
    7c0c:	e153000c 	cmp	r3, ip
    7c10:	8a0000a5 	bhi	0x7eac
    7c14:	e7e123f4 			@ <UNDEFINED> instruction: 0xe7e123f4
    7c18:	e3510000 	cmp	r1, #0
    7c1c:	1a000013 	bne	0x7c70
    7c20:	e3c7107f 	bic	r1, r7, #127	@ 0x7f
    7c24:	e3a0ccdf 	mov	ip, #57088	@ 0xdf00
    7c28:	e38cc080 	orr	ip, ip, #128	@ 0x80
    7c2c:	e151000c 	cmp	r1, ip
    7c30:	0a000090 	beq	0x7e78
    7c34:	e59f09d4 	ldr	r0, [pc, #2516]	@ 0x8610
    7c38:	e1a01004 	mov	r1, r4
    7c3c:	e59d2000 	ldr	r2, [sp]
    7c40:	e59fc9cc 	ldr	ip, [pc, #2508]	@ 0x8614
    7c44:	e12fff3c 	blx	ip
    7c48:	e3500000 	cmp	r0, #0
    7c4c:	1a000099 	bne	0x7eb8
    7c50:	e5941028 	ldr	r1, [r4, #40]	@ 0x28
    7c54:	e5952030 	ldr	r2, [r5, #48]	@ 0x30
    7c58:	e59fc958 	ldr	ip, [pc, #2392]	@ 0x85b8
    7c5c:	e151000c 	cmp	r1, ip
    7c60:	8a000091 	bhi	0x7eac
    7c64:	e3a03019 	mov	r3, #25
    7c68:	e7d321f4 			@ <UNDEFINED> instruction: 0xe7d321f4
    7c6c:	ea00007d 	b	0x7e68
    7c70:	e3a0cc07 	mov	ip, #1792	@ 0x700
    7c74:	e38cc0ff 	orr	ip, ip, #255	@ 0xff
    7c78:	e157000c 	cmp	r7, ip
    7c7c:	8a000015 	bhi	0x7cd8
    7c80:	e207103f 	and	r1, r7, #63	@ 0x3f
    7c84:	e3811080 	orr	r1, r1, #128	@ 0x80
    7c88:	e1a03006 	mov	r3, r6
    7c8c:	e5952030 	ldr	r2, [r5, #48]	@ 0x30
    7c90:	e3e0e4fe 	mvn	lr, #-33554432	@ 0xfe000000
    7c94:	e3cee8fe 	bic	lr, lr, #16646144	@ 0xfe0000
    7c98:	e7f3e0f1 	udf	#15873	@ 0x3e01
    7c9c:	2a000082 	bcs	0x7eac
    7ca0:	e7d123f0 			@ <UNDEFINED> instruction: 0xe7d123f0
    7ca4:	e1a01327 	lsr	r1, r7, #6
    7ca8:	e38110c0 	orr	r1, r1, #192	@ 0xc0
    7cac:	e1a03006 	mov	r3, r6
    7cb0:	e5952030 	ldr	r2, [r5, #48]	@ 0x30
    7cb4:	e3e0c4fe 	mvn	ip, #-33554432	@ 0xfe000000
    7cb8:	e3ccc8fe 	bic	ip, ip, #16646144	@ 0xfe0000
    7cbc:	e153000c 	cmp	r3, ip
    7cc0:	8a000079 	bhi	0x7eac
    7cc4:	e7d123f0 			@ <UNDEFINED> instruction: 0xe7d123f0
    7cc8:	e3a0e002 	mov	lr, #2
    7ccc:	e584e028 	str	lr, [r4, #40]	@ 0x28
    7cd0:	e59f0940 	ldr	r0, [pc, #2368]	@ 0x8618
    7cd4:	ea000072 	b	0x7ea4
    7cd8:	e3570cd8 	cmp	r7, #216, 24	@ 0xd800
    7cdc:	3a000004 	bcc	0x7cf4
    7ce0:	e3e0cc1f 	mvn	ip, #7936	@ 0x1f00
    7ce4:	e3ccc0ff 	bic	ip, ip, #255	@ 0xff
    7ce8:	e007100c 	and	r1, r7, ip
    7cec:	e3510ce0 	cmp	r1, #224, 24	@ 0xe000
    7cf0:	1a00001f 	bne	0x7d74
    7cf4:	e207103f 	and	r1, r7, #63	@ 0x3f
    7cf8:	e3811080 	orr	r1, r1, #128	@ 0x80
    7cfc:	e1a03006 	mov	r3, r6
    7d00:	e5952030 	ldr	r2, [r5, #48]	@ 0x30
    7d04:	e3e0e4fe 	mvn	lr, #-33554432	@ 0xfe000000
    7d08:	e3cee8fe 	bic	lr, lr, #16646144	@ 0xfe0000
    7d0c:	e7f3e0f2 	udf	#15874	@ 0x3e02
    7d10:	2a000065 	bcs	0x7eac
    7d14:	e7d123f0 			@ <UNDEFINED> instruction: 0xe7d123f0
    7d18:	e1a01627 	lsr	r1, r7, #12
    7d1c:	e38110e0 	orr	r1, r1, #224	@ 0xe0
    7d20:	e1a03006 	mov	r3, r6
    7d24:	e5952030 	ldr	r2, [r5, #48]	@ 0x30
    7d28:	e3e0c4fe 	mvn	ip, #-33554432	@ 0xfe000000
    7d2c:	e3ccc8fe 	bic	ip, ip, #16646144	@ 0xfe0000
    7d30:	e153000c 	cmp	r3, ip
    7d34:	8a00005c 	bhi	0x7eac
    7d38:	e7d123f0 			@ <UNDEFINED> instruction: 0xe7d123f0
    7d3c:	e1a01327 	lsr	r1, r7, #6
    7d40:	e201103f 	and	r1, r1, #63	@ 0x3f
    7d44:	e3811080 	orr	r1, r1, #128	@ 0x80
    7d48:	e1a03006 	mov	r3, r6
    7d4c:	e5952030 	ldr	r2, [r5, #48]	@ 0x30
    7d50:	e3e0e4fe 	mvn	lr, #-33554432	@ 0xfe000000
    7d54:	e3cee8fe 	bic	lr, lr, #16646144	@ 0xfe0000
    7d58:	e7f3e0f1 	udf	#15873	@ 0x3e01
    7d5c:	2a000052 	bcs	0x7eac
    7d60:	e7d123f0 			@ <UNDEFINED> instruction: 0xe7d123f0
    7d64:	e3a0e003 	mov	lr, #3
    7d68:	e584e028 	str	lr, [r4, #40]	@ 0x28
    7d6c:	e59f08a8 	ldr	r0, [pc, #2216]	@ 0x861c
    7d70:	ea00004b 	b	0x7ea4
    7d74:	e2471b40 	sub	r1, r7, #64, 22	@ 0x10000
    7d78:	e3e0c20f 	mvn	ip, #-268435456	@ 0xf0000000
    7d7c:	e3ccc6ff 	bic	ip, ip, #267386880	@ 0xff00000
    7d80:	e151000c 	cmp	r1, ip
    7d84:	8a000029 	bhi	0x7e30
    7d88:	e207103f 	and	r1, r7, #63	@ 0x3f
    7d8c:	e3811080 	orr	r1, r1, #128	@ 0x80
    7d90:	e1a03006 	mov	r3, r6
    7d94:	e5952030 	ldr	r2, [r5, #48]	@ 0x30
    7d98:	e3e0e4fe 	mvn	lr, #-33554432	@ 0xfe000000
    7d9c:	e3cee8fe 	bic	lr, lr, #16646144	@ 0xfe0000
    7da0:	e7f3e0f3 	udf	#15875	@ 0x3e03
    7da4:	2a000040 	bcs	0x7eac
    7da8:	e7d123f0 			@ <UNDEFINED> instruction: 0xe7d123f0
    7dac:	e1a01927 	lsr	r1, r7, #18
    7db0:	e38110f0 	orr	r1, r1, #240	@ 0xf0
    7db4:	e1a03006 	mov	r3, r6
    7db8:	e5952030 	ldr	r2, [r5, #48]	@ 0x30
    7dbc:	e3e0c4fe 	mvn	ip, #-33554432	@ 0xfe000000
    7dc0:	e3ccc8fe 	bic	ip, ip, #16646144	@ 0xfe0000
    7dc4:	e153000c 	cmp	r3, ip
    7dc8:	8a000037 	bhi	0x7eac
    7dcc:	e7d123f0 			@ <UNDEFINED> instruction: 0xe7d123f0
    7dd0:	e1a01327 	lsr	r1, r7, #6
    7dd4:	e201103f 	and	r1, r1, #63	@ 0x3f
    7dd8:	e3811080 	orr	r1, r1, #128	@ 0x80
    7ddc:	e1a03006 	mov	r3, r6
    7de0:	e5952030 	ldr	r2, [r5, #48]	@ 0x30
    7de4:	e3e0e4fe 	mvn	lr, #-33554432	@ 0xfe000000
    7de8:	e3cee8fe 	bic	lr, lr, #16646144	@ 0xfe0000
    7dec:	e7f3e0f2 	udf	#15874	@ 0x3e02
    7df0:	2a00002d 	bcs	0x7eac
    7df4:	e7d123f0 			@ <UNDEFINED> instruction: 0xe7d123f0
    7df8:	e1a01627 	lsr	r1, r7, #12
    7dfc:	e201103f 	and	r1, r1, #63	@ 0x3f
    7e00:	e3811080 	orr	r1, r1, #128	@ 0x80
    7e04:	e1a03006 	mov	r3, r6
    7e08:	e5952030 	ldr	r2, [r5, #48]	@ 0x30
    7e0c:	e3e0e4fe 	mvn	lr, #-33554432	@ 0xfe000000
    7e10:	e3cee8fe 	bic	lr, lr, #16646144	@ 0xfe0000
    7e14:	e7f3e0f1 	udf	#15873	@ 0x3e01
    7e18:	2a000023 	bcs	0x7eac
    7e1c:	e7d123f0 			@ <UNDEFINED> instruction: 0xe7d123f0
    7e20:	e3a0e004 	mov	lr, #4
    7e24:	e584e028 	str	lr, [r4, #40]	@ 0x28
    7e28:	e59f07f0 	ldr	r0, [pc, #2032]	@ 0x8620
    7e2c:	ea00001c 	b	0x7ea4
    7e30:	e59f07ec 	ldr	r0, [pc, #2028]	@ 0x8624
    7e34:	e1a01004 	mov	r1, r4
    7e38:	e59d2000 	ldr	r2, [sp]
    7e3c:	e59fc7e4 	ldr	ip, [pc, #2020]	@ 0x8628
    7e40:	e12fff3c 	blx	ip
    7e44:	e3500000 	cmp	r0, #0
    7e48:	1a00001a 	bne	0x7eb8
    7e4c:	e5941028 	ldr	r1, [r4, #40]	@ 0x28
    7e50:	e5952030 	ldr	r2, [r5, #48]	@ 0x30
    7e54:	e59fc75c 	ldr	ip, [pc, #1884]	@ 0x85b8
    7e58:	e151000c 	cmp	r1, ip
    7e5c:	8a000012 	bhi	0x7eac
    7e60:	e3a03019 	mov	r3, #25
    7e64:	e7d321f4 			@ <UNDEFINED> instruction: 0xe7d321f4
    7e68:	e3e00000 	mvn	r0, #0
    7e6c:	e584000c 	str	r0, [r4, #12]
    7e70:	e59f07b4 	ldr	r0, [pc, #1972]	@ 0x862c
    7e74:	ea00000a 	b	0x7ea4
    7e78:	e5950030 	ldr	r0, [r5, #48]	@ 0x30
    7e7c:	e3e0c4fe 	mvn	ip, #-33554432	@ 0xfe000000
    7e80:	e3ccc8fe 	bic	ip, ip, #16646144	@ 0xfe0000
    7e84:	e156000c 	cmp	r6, ip
    7e88:	8a000007 	bhi	0x7eac
    7e8c:	e7d706f0 			@ <UNDEFINED> instruction: 0xe7d706f0
    7e90:	e3a0e001 	mov	lr, #1
    7e94:	e584e014 	str	lr, [r4, #20]
    7e98:	e59f0790 	ldr	r0, [pc, #1936]	@ 0x8630
    7e9c:	e30ccabc 	movw	ip, #51900	@ 0xcabc
    7ea0:	e34ccdef 	movt	ip, #52719	@ 0xcdef
    7ea4:	e28dd004 	add	sp, sp, #4
    7ea8:	e8bd80c0 	pop	{r6, r7, pc}
    7eac:	e3a00008 	mov	r0, #8
    7eb0:	e59d1000 	ldr	r1, [sp]
    7eb4:	e5810010 	str	r0, [r1, #16]
    7eb8:	e59d0000 	ldr	r0, [sp]
    7ebc:	e59d100c 	ldr	r1, [sp, #12]
    7ec0:	e59fc76c 	ldr	ip, [pc, #1900]	@ 0x8634
    7ec4:	e12fff3c 	blx	ip
    7ec8:	e28dd004 	add	sp, sp, #4
    7ecc:	e8bd00c0 	pop	{r6, r7}
    7ed0:	e28dd004 	add	sp, sp, #4
    7ed4:	e12fff10 	bx	r0
    7ed8:	e52de004 	push	{lr}		@ (str lr, [sp, #-4]!)
    7edc:	e24dd004 	sub	sp, sp, #4
    7ee0:	e58d0000 	str	r0, [sp]
    7ee4:	e30cc123 	movw	ip, #49443	@ 0xc123
    7ee8:	e34cc456 	movt	ip, #50262	@ 0xc456
    7eec:	e5940000 	ldr	r0, [r4]
    7ef0:	e5941004 	ldr	r1, [r4, #4]
    7ef4:	e3500000 	cmp	r0, #0
    7ef8:	1a000003 	bne	0x7f0c
    7efc:	e3a0e000 	mov	lr, #0
    7f00:	e584e008 	str	lr, [r4, #8]
    7f04:	e59f072c 	ldr	r0, [pc, #1836]	@ 0x8638
    7f08:	ea00000f 	b	0x7f4c
    7f0c:	e5840000 	str	r0, [r4]
    7f10:	e5841004 	str	r1, [r4, #4]
    7f14:	e3a0e000 	mov	lr, #0
    7f18:	e584e008 	str	lr, [r4, #8]
    7f1c:	e59f0718 	ldr	r0, [pc, #1816]	@ 0x863c
    7f20:	e1a01004 	mov	r1, r4
    7f24:	e59d2000 	ldr	r2, [sp]
    7f28:	e59fc710 	ldr	ip, [pc, #1808]	@ 0x8640
    7f2c:	e12fff3c 	blx	ip
    7f30:	e3500000 	cmp	r0, #0
    7f34:	1a000006 	bne	0x7f54
    7f38:	e594000c 	ldr	r0, [r4, #12]
    7f3c:	e584000c 	str	r0, [r4, #12]
    7f40:	e59f06fc 	ldr	r0, [pc, #1788]	@ 0x8644
    7f44:	e30ccabc 	movw	ip, #51900	@ 0xcabc
    7f48:	e34ccdef 	movt	ip, #52719	@ 0xcdef
    7f4c:	e28dd004 	add	sp, sp, #4
    7f50:	e49df004 	pop	{pc}		@ (ldr pc, [sp], #4)
    7f54:	e59d0000 	ldr	r0, [sp]
    7f58:	e59d1004 	ldr	r1, [sp, #4]
    7f5c:	e59fc6e4 	ldr	ip, [pc, #1764]	@ 0x8648
    7f60:	e12fff3c 	blx	ip
    7f64:	e28dd008 	add	sp, sp, #8
    7f68:	e12fff10 	bx	r0
    7f6c:	e52de004 	push	{lr}		@ (str lr, [sp, #-4]!)
    7f70:	e24dd004 	sub	sp, sp, #4
    7f74:	e58d0000 	str	r0, [sp]
    7f78:	e30cc123 	movw	ip, #49443	@ 0xc123
    7f7c:	e34cc456 	movt	ip, #50262	@ 0xc456
    7f80:	e5940000 	ldr	r0, [r4]
    7f84:	e5840000 	str	r0, [r4]
    7f88:	e59f06bc 	ldr	r0, [pc, #1724]	@ 0x864c
    7f8c:	e30ccabc 	movw	ip, #51900	@ 0xcabc
    7f90:	e34ccdef 	movt	ip, #52719	@ 0xcdef
    7f94:	e28dd004 	add	sp, sp, #4
    7f98:	e49df004 	pop	{pc}		@ (ldr pc, [sp], #4)
    7f9c:	e52de004 	push	{lr}		@ (str lr, [sp, #-4]!)
    7fa0:	e24dd004 	sub	sp, sp, #4
    7fa4:	e58d0000 	str	r0, [sp]
    7fa8:	e30cc123 	movw	ip, #49443	@ 0xc123
    7fac:	e34cc456 	movt	ip, #50262	@ 0xc456
    7fb0:	e5940000 	ldr	r0, [r4]
    7fb4:	e1a02000 	mov	r2, r0
    7fb8:	e5951030 	ldr	r1, [r5, #48]	@ 0x30
    7fbc:	e59fe5f4 	ldr	lr, [pc, #1524]	@ 0x85b8
    7fc0:	e7f2e3fc 	udf	#11836	@ 0x2e3c
    7fc4:	2a000021 	bcs	0x8050
    7fc8:	e7e012f4 			@ <UNDEFINED> instruction: 0xe7e012f4
    7fcc:	e5840004 	str	r0, [r4, #4]
    7fd0:	e59f0678 	ldr	r0, [pc, #1656]	@ 0x8650
    7fd4:	e1a01004 	mov	r1, r4
    7fd8:	e59d2000 	ldr	r2, [sp]
    7fdc:	e59fc670 	ldr	ip, [pc, #1648]	@ 0x8654
    7fe0:	e12fff3c 	blx	ip
    7fe4:	e3500000 	cmp	r0, #0
    7fe8:	1a00001b 	bne	0x805c
    7fec:	e5940004 	ldr	r0, [r4, #4]
    7ff0:	e5840004 	str	r0, [r4, #4]
    7ff4:	e59f065c 	ldr	r0, [pc, #1628]	@ 0x8658
    7ff8:	e1a01004 	mov	r1, r4
    7ffc:	e59d2000 	ldr	r2, [sp]
    8000:	e59fc654 	ldr	ip, [pc, #1620]	@ 0x865c
    8004:	e12fff3c 	blx	ip
    8008:	e3500000 	cmp	r0, #0
    800c:	1a000012 	bne	0x805c
    8010:	e5940004 	ldr	r0, [r4, #4]
    8014:	e5840004 	str	r0, [r4, #4]
    8018:	e59f0640 	ldr	r0, [pc, #1600]	@ 0x8660
    801c:	e1a01004 	mov	r1, r4
    8020:	e59d2000 	ldr	r2, [sp]
    8024:	e59fc638 	ldr	ip, [pc, #1592]	@ 0x8664
    8028:	e12fff3c 	blx	ip
    802c:	e3500000 	cmp	r0, #0
    8030:	1a000009 	bne	0x805c
    8034:	e5940004 	ldr	r0, [r4, #4]
    8038:	e5840004 	str	r0, [r4, #4]
    803c:	e59f0624 	ldr	r0, [pc, #1572]	@ 0x8668
    8040:	e30ccabc 	movw	ip, #51900	@ 0xcabc
    8044:	e34ccdef 	movt	ip, #52719	@ 0xcdef
    8048:	e28dd004 	add	sp, sp, #4
    804c:	e49df004 	pop	{pc}		@ (ldr pc, [sp], #4)
    8050:	e3a00008 	mov	r0, #8
    8054:	e59d1000 	ldr	r1, [sp]
    8058:	e5810010 	str	r0, [r1, #16]
    805c:	e59d0000 	ldr	r0, [sp]
    8060:	e59d1004 	ldr	r1, [sp, #4]
    8064:	e59fc600 	ldr	ip, [pc, #1536]	@ 0x866c
    8068:	e12fff3c 	blx	ip
    806c:	e28dd008 	add	sp, sp, #8
    8070:	e12fff10 	bx	r0
    8074:	e92d41c0 	push	{r6, r7, r8, lr}
    8078:	e24dd008 	sub	sp, sp, #8
    807c:	e58d0000 	str	r0, [sp]
    8080:	e30cc123 	movw	ip, #49443	@ 0xc123
    8084:	e34cc456 	movt	ip, #50262	@ 0xc456
    8088:	e5940000 	ldr	r0, [r4]
    808c:	e5941004 	ldr	r1, [r4, #4]
    8090:	e5942008 	ldr	r2, [r4, #8]
    8094:	e594300c 	ldr	r3, [r4, #12]
    8098:	e595e03c 	ldr	lr, [r5, #60]	@ 0x3c
    809c:	e59e6008 	ldr	r6, [lr, #8]
    80a0:	e2466010 	sub	r6, r6, #16
    80a4:	e1a07006 	mov	r7, r6
    80a8:	e595803c 	ldr	r8, [r5, #60]	@ 0x3c
    80ac:	e5886008 	str	r6, [r8, #8]
    80b0:	e20330ff 	and	r3, r3, #255	@ 0xff
    80b4:	e2876008 	add	r6, r7, #8
    80b8:	e5840000 	str	r0, [r4]
    80bc:	e5841004 	str	r1, [r4, #4]
    80c0:	e5842008 	str	r2, [r4, #8]
    80c4:	e5843034 	str	r3, [r4, #52]	@ 0x34
    80c8:	e5846038 	str	r6, [r4, #56]	@ 0x38
    80cc:	e59f059c 	ldr	r0, [pc, #1436]	@ 0x8670
    80d0:	e1a01004 	mov	r1, r4
    80d4:	e59d2000 	ldr	r2, [sp]
    80d8:	e59fc594 	ldr	ip, [pc, #1428]	@ 0x8674
    80dc:	e12fff3c 	blx	ip
    80e0:	e3500000 	cmp	r0, #0
    80e4:	1a000021 	bne	0x8170
    80e8:	e5940028 	ldr	r0, [r4, #40]	@ 0x28
    80ec:	e5840028 	str	r0, [r4, #40]	@ 0x28
    80f0:	e59f0580 	ldr	r0, [pc, #1408]	@ 0x8678
    80f4:	e1a01004 	mov	r1, r4
    80f8:	e59d2000 	ldr	r2, [sp]
    80fc:	e59fc578 	ldr	ip, [pc, #1400]	@ 0x867c
    8100:	e12fff3c 	blx	ip
    8104:	e3500000 	cmp	r0, #0
    8108:	1a000018 	bne	0x8170
    810c:	e5940028 	ldr	r0, [r4, #40]	@ 0x28
    8110:	e1a06007 	mov	r6, r7
    8114:	e5953030 	ldr	r3, [r5, #48]	@ 0x30
    8118:	e59fe49c 	ldr	lr, [pc, #1180]	@ 0x85bc
    811c:	e7f6e0f8 	udf	#28168	@ 0x6e08
    8120:	2a00000f 	bcs	0x8164
    8124:	e083c006 	add	ip, r3, r6
    8128:	e59c1000 	ldr	r1, [ip]
    812c:	e59c2004 	ldr	r2, [ip, #4]
    8130:	e2877010 	add	r7, r7, #16
    8134:	e595303c 	ldr	r3, [r5, #60]	@ 0x3c
    8138:	e5837008 	str	r7, [r3, #8]
    813c:	e3500000 	cmp	r0, #0
    8140:	13e01000 	mvnne	r1, #0
    8144:	13e02000 	mvnne	r2, #0
    8148:	e5841028 	str	r1, [r4, #40]	@ 0x28
    814c:	e584202c 	str	r2, [r4, #44]	@ 0x2c
    8150:	e59f0528 	ldr	r0, [pc, #1320]	@ 0x8680
    8154:	e30ccabc 	movw	ip, #51900	@ 0xcabc
    8158:	e34ccdef 	movt	ip, #52719	@ 0xcdef
    815c:	e28dd008 	add	sp, sp, #8
    8160:	e8bd81c0 	pop	{r6, r7, r8, pc}
    8164:	e3a00008 	mov	r0, #8
    8168:	e59d1000 	ldr	r1, [sp]
    816c:	e5810010 	str	r0, [r1, #16]
    8170:	e59d0000 	ldr	r0, [sp]
    8174:	e59d1014 	ldr	r1, [sp, #20]
    8178:	e59fc504 	ldr	ip, [pc, #1284]	@ 0x8684
    817c:	e12fff3c 	blx	ip
    8180:	e28dd008 	add	sp, sp, #8
    8184:	e8bd01c0 	pop	{r6, r7, r8}
    8188:	e28dd004 	add	sp, sp, #4
    818c:	e12fff10 	bx	r0
    8190:	e92d40c0 	push	{r6, r7, lr}
    8194:	e24dd004 	sub	sp, sp, #4
    8198:	e58d0000 	str	r0, [sp]
    819c:	e30cc123 	movw	ip, #49443	@ 0xc123
    81a0:	e34cc456 	movt	ip, #50262	@ 0xc456
    81a4:	e5940000 	ldr	r0, [r4]
    81a8:	e5941004 	ldr	r1, [r4, #4]
    81ac:	e5942008 	ldr	r2, [r4, #8]
    81b0:	e594300c 	ldr	r3, [r4, #12]
    81b4:	e1a07000 	mov	r7, r0
    81b8:	e5956030 	ldr	r6, [r5, #48]	@ 0x30
    81bc:	e59fe3f4 	ldr	lr, [pc, #1012]	@ 0x85b8
    81c0:	e7f7e3fc 	udf	#32316	@ 0x7e3c
    81c4:	2a000014 	bcs	0x821c
    81c8:	e7e067f4 			@ <UNDEFINED> instruction: 0xe7e067f4
    81cc:	e5840010 	str	r0, [r4, #16]
    81d0:	e5841004 	str	r1, [r4, #4]
    81d4:	e5842008 	str	r2, [r4, #8]
    81d8:	e584300c 	str	r3, [r4, #12]
    81dc:	e59f04a4 	ldr	r0, [pc, #1188]	@ 0x8688
    81e0:	e1a01004 	mov	r1, r4
    81e4:	e59d2000 	ldr	r2, [sp]
    81e8:	e59fc49c 	ldr	ip, [pc, #1180]	@ 0x868c
    81ec:	e12fff3c 	blx	ip
    81f0:	e3500000 	cmp	r0, #0
    81f4:	1a00000b 	bne	0x8228
    81f8:	e5940010 	ldr	r0, [r4, #16]
    81fc:	e5941014 	ldr	r1, [r4, #20]
    8200:	e5840010 	str	r0, [r4, #16]
    8204:	e5841014 	str	r1, [r4, #20]
    8208:	e59f0480 	ldr	r0, [pc, #1152]	@ 0x8690
    820c:	e30ccabc 	movw	ip, #51900	@ 0xcabc
    8210:	e34ccdef 	movt	ip, #52719	@ 0xcdef
    8214:	e28dd004 	add	sp, sp, #4
    8218:	e8bd80c0 	pop	{r6, r7, pc}
    821c:	e3a00008 	mov	r0, #8
    8220:	e59d1000 	ldr	r1, [sp]
    8224:	e5810010 	str	r0, [r1, #16]
    8228:	e59d0000 	ldr	r0, [sp]
    822c:	e59d100c 	ldr	r1, [sp, #12]
    8230:	e59fc45c 	ldr	ip, [pc, #1116]	@ 0x8694
    8234:	e12fff3c 	blx	ip
    8238:	e28dd004 	add	sp, sp, #4
    823c:	e8bd00c0 	pop	{r6, r7}
    8240:	e28dd004 	add	sp, sp, #4
    8244:	e12fff10 	bx	r0
    8248:	e52de004 	push	{lr}		@ (str lr, [sp, #-4]!)
    824c:	e24dd004 	sub	sp, sp, #4
    8250:	e58d0000 	str	r0, [sp]
    8254:	e30cc123 	movw	ip, #49443	@ 0xc123
    8258:	e34cc456 	movt	ip, #50262	@ 0xc456
    825c:	e5950044 	ldr	r0, [r5, #68]	@ 0x44
    8260:	e3a0eb40 	mov	lr, #64, 22	@ 0x10000
    8264:	e580e008 	str	lr, [r0, #8]
    8268:	e3a0c000 	mov	ip, #0
    826c:	e28c000f 	add	r0, ip, #15
    8270:	e3c0000f 	bic	r0, r0, #15
    8274:	e5951040 	ldr	r1, [r5, #64]	@ 0x40
    8278:	e5810008 	str	r0, [r1, #8]
    827c:	e59f0414 	ldr	r0, [pc, #1044]	@ 0x8698
    8280:	e30ccabc 	movw	ip, #51900	@ 0xcabc
    8284:	e34ccdef 	movt	ip, #52719	@ 0xcdef
    8288:	e28dd004 	add	sp, sp, #4
    828c:	e49df004 	pop	{pc}		@ (ldr pc, [sp], #4)
    8290:	e52de004 	push	{lr}		@ (str lr, [sp, #-4]!)
    8294:	e24dd004 	sub	sp, sp, #4
    8298:	e58d0000 	str	r0, [sp]
    829c:	e30cc123 	movw	ip, #49443	@ 0xc123
    82a0:	e34cc456 	movt	ip, #50262	@ 0xc456
    82a4:	e595e03c 	ldr	lr, [r5, #60]	@ 0x3c
    82a8:	e59e0008 	ldr	r0, [lr, #8]
    82ac:	e595e040 	ldr	lr, [r5, #64]	@ 0x40
    82b0:	e59e1008 	ldr	r1, [lr, #8]
    82b4:	e0400001 	sub	r0, r0, r1
    82b8:	e5840000 	str	r0, [r4]
    82bc:	e59f03d8 	ldr	r0, [pc, #984]	@ 0x869c
    82c0:	e30ccabc 	movw	ip, #51900	@ 0xcabc
    82c4:	e34ccdef 	movt	ip, #52719	@ 0xcdef
    82c8:	e28dd004 	add	sp, sp, #4
    82cc:	e49df004 	pop	{pc}		@ (ldr pc, [sp], #4)
    82d0:	e52de004 	push	{lr}		@ (str lr, [sp, #-4]!)
    82d4:	e24dd004 	sub	sp, sp, #4
    82d8:	e58d0000 	str	r0, [sp]
    82dc:	e30cc123 	movw	ip, #49443	@ 0xc123
    82e0:	e34cc456 	movt	ip, #50262	@ 0xc456
    82e4:	e595e044 	ldr	lr, [r5, #68]	@ 0x44
    82e8:	e59e0008 	ldr	r0, [lr, #8]
    82ec:	e5840000 	str	r0, [r4]
    82f0:	e59f03a8 	ldr	r0, [pc, #936]	@ 0x86a0
    82f4:	e30ccabc 	movw	ip, #51900	@ 0xcabc
    82f8:	e34ccdef 	movt	ip, #52719	@ 0xcdef
    82fc:	e28dd004 	add	sp, sp, #4
    8300:	e49df004 	pop	{pc}		@ (ldr pc, [sp], #4)
    8304:	e52de004 	push	{lr}		@ (str lr, [sp, #-4]!)
    8308:	e24dd004 	sub	sp, sp, #4
    830c:	e58d0000 	str	r0, [sp]
    8310:	e30cc123 	movw	ip, #49443	@ 0xc123
    8314:	e34cc456 	movt	ip, #50262	@ 0xc456
    8318:	e595e040 	ldr	lr, [r5, #64]	@ 0x40
    831c:	e59e0008 	ldr	r0, [lr, #8]
    8320:	e5840000 	str	r0, [r4]
    8324:	e59f0378 	ldr	r0, [pc, #888]	@ 0x86a4
    8328:	e30ccabc 	movw	ip, #51900	@ 0xcabc
    832c:	e34ccdef 	movt	ip, #52719	@ 0xcdef
    8330:	e28dd004 	add	sp, sp, #4
    8334:	e49df004 	pop	{pc}		@ (ldr pc, [sp], #4)
    8338:	e92d4fc0 	push	{r6, r7, r8, r9, sl, fp, lr}
    833c:	e24dd004 	sub	sp, sp, #4
    8340:	e58d0000 	str	r0, [sp]
    8344:	e30cc123 	movw	ip, #49443	@ 0xc123
    8348:	e34cc456 	movt	ip, #50262	@ 0xc456
    834c:	e5947014 	ldr	r7, [r4, #20]
    8350:	e3170040 	tst	r7, #64	@ 0x40
    8354:	0a000018 	beq	0x83bc
    8358:	e2478040 	sub	r8, r7, #64	@ 0x40
    835c:	e3a09000 	mov	r9, #0
    8360:	e1a0a008 	mov	sl, r8
    8364:	e5943004 	ldr	r3, [r4, #4]
    8368:	e31a0020 	tst	sl, #32
    836c:	1a000008 	bne	0x8394
    8370:	e5946008 	ldr	r6, [r4, #8]
    8374:	e20aa01f 	and	sl, sl, #31
    8378:	e1a06a16 	lsl	r6, r6, sl
    837c:	e1a0c0a3 	lsr	ip, r3, #1
    8380:	e22ae01f 	eor	lr, sl, #31
    8384:	e1866e3c 	orr	r6, r6, ip, lsr lr
    8388:	e1a0ea13 	lsl	lr, r3, sl
    838c:	e584e00c 	str	lr, [r4, #12]
    8390:	ea000003 	b	0x83a4
    8394:	e20ae01f 	and	lr, sl, #31
    8398:	e1a06e13 	lsl	r6, r3, lr
    839c:	e3a0e000 	mov	lr, #0
    83a0:	e584e00c 	str	lr, [r4, #12]
    83a4:	e5846010 	str	r6, [r4, #16]
    83a8:	e3a0e000 	mov	lr, #0
    83ac:	e584e004 	str	lr, [r4, #4]
    83b0:	e3a0e000 	mov	lr, #0
    83b4:	e584e008 	str	lr, [r4, #8]
    83b8:	ea00003b 	b	0x84ac
    83bc:	e3570000 	cmp	r7, #0
    83c0:	0a000039 	beq	0x84ac
    83c4:	e2678040 	rsb	r8, r7, #64	@ 0x40
    83c8:	e3a09000 	mov	r9, #0
    83cc:	e1a00008 	mov	r0, r8
    83d0:	e594b008 	ldr	fp, [r4, #8]
    83d4:	e3100020 	tst	r0, #32
    83d8:	1a000007 	bne	0x83fc
    83dc:	e594a004 	ldr	sl, [r4, #4]
    83e0:	e200001f 	and	r0, r0, #31
    83e4:	e1a0a03a 	lsr	sl, sl, r0
    83e8:	e1a0c08b 	lsl	ip, fp, #1
    83ec:	e220e01f 	eor	lr, r0, #31
    83f0:	e18aae1c 	orr	sl, sl, ip, lsl lr
    83f4:	e1a0b03b 	lsr	fp, fp, r0
    83f8:	ea000002 	b	0x8408
    83fc:	e200e01f 	and	lr, r0, #31
    8400:	e1a0ae3b 	lsr	sl, fp, lr
    8404:	e3a0b000 	mov	fp, #0
    8408:	e1a00007 	mov	r0, r7
    840c:	e3a07000 	mov	r7, #0
    8410:	e1a08000 	mov	r8, r0
    8414:	e1a09007 	mov	r9, r7
    8418:	e1a01000 	mov	r1, r0
    841c:	e594600c 	ldr	r6, [r4, #12]
    8420:	e3110020 	tst	r1, #32
    8424:	1a000007 	bne	0x8448
    8428:	e5943010 	ldr	r3, [r4, #16]
    842c:	e201101f 	and	r1, r1, #31
    8430:	e1a03113 	lsl	r3, r3, r1
    8434:	e1a0c0a6 	lsr	ip, r6, #1
    8438:	e221e01f 	eor	lr, r1, #31
    843c:	e1833e3c 	orr	r3, r3, ip, lsr lr
    8440:	e1a06116 	lsl	r6, r6, r1
    8444:	ea000002 	b	0x8454
    8448:	e201e01f 	and	lr, r1, #31
    844c:	e1a03e16 	lsl	r3, r6, lr
    8450:	e3a06000 	mov	r6, #0
    8454:	e18ae006 	orr	lr, sl, r6
    8458:	e584e00c 	str	lr, [r4, #12]
    845c:	e18be003 	orr	lr, fp, r3
    8460:	e584e010 	str	lr, [r4, #16]
    8464:	e1a02008 	mov	r2, r8
    8468:	e5941004 	ldr	r1, [r4, #4]
    846c:	e3120020 	tst	r2, #32
    8470:	1a000008 	bne	0x8498
    8474:	e5940008 	ldr	r0, [r4, #8]
    8478:	e202201f 	and	r2, r2, #31
    847c:	e1a00210 	lsl	r0, r0, r2
    8480:	e1a0c0a1 	lsr	ip, r1, #1
    8484:	e222e01f 	eor	lr, r2, #31
    8488:	e1800e3c 	orr	r0, r0, ip, lsr lr
    848c:	e1a0e211 	lsl	lr, r1, r2
    8490:	e584e004 	str	lr, [r4, #4]
    8494:	ea000003 	b	0x84a8
    8498:	e202e01f 	and	lr, r2, #31
    849c:	e1a00e11 	lsl	r0, r1, lr
    84a0:	e3a0e000 	mov	lr, #0
    84a4:	e584e004 	str	lr, [r4, #4]
    84a8:	e5840008 	str	r0, [r4, #8]
    84ac:	e5941000 	ldr	r1, [r4]
    84b0:	e5950030 	ldr	r0, [r5, #48]	@ 0x30
    84b4:	e5942004 	ldr	r2, [r4, #4]
    84b8:	e59fc0fc 	ldr	ip, [pc, #252]	@ 0x85bc
    84bc:	e151000c 	cmp	r1, ip
    84c0:	8a000012 	bhi	0x8510
    84c4:	e0800001 	add	r0, r0, r1
    84c8:	e5941008 	ldr	r1, [r4, #8]
    84cc:	e5802000 	str	r2, [r0]
    84d0:	e5801004 	str	r1, [r0, #4]
    84d4:	e5941000 	ldr	r1, [r4]
    84d8:	e5950030 	ldr	r0, [r5, #48]	@ 0x30
    84dc:	e594200c 	ldr	r2, [r4, #12]
    84e0:	e59fe0d4 	ldr	lr, [pc, #212]	@ 0x85bc
    84e4:	e7f1e0f8 	udf	#7688	@ 0x1e08
    84e8:	2a000008 	bcs	0x8510
    84ec:	e0800001 	add	r0, r0, r1
    84f0:	e5941010 	ldr	r1, [r4, #16]
    84f4:	e5802000 	str	r2, [r0]
    84f8:	e5801004 	str	r1, [r0, #4]
    84fc:	e59f01a4 	ldr	r0, [pc, #420]	@ 0x86a8
    8500:	e30ccabc 	movw	ip, #51900	@ 0xcabc
    8504:	e34ccdef 	movt	ip, #52719	@ 0xcdef
    8508:	e28dd004 	add	sp, sp, #4
    850c:	e8bd8fc0 	pop	{r6, r7, r8, r9, sl, fp, pc}
    8510:	e3a00008 	mov	r0, #8
    8514:	e59d1000 	ldr	r1, [sp]
    8518:	e5810010 	str	r0, [r1, #16]
    851c:	e59d0000 	ldr	r0, [sp]
    8520:	e59d101c 	ldr	r1, [sp, #28]
    8524:	e59fc180 	ldr	ip, [pc, #384]	@ 0x86ac
    8528:	e12fff3c 	blx	ip
    852c:	e28dd004 	add	sp, sp, #4
    8530:	e8bd0fc0 	pop	{r6, r7, r8, r9, sl, fp}
    8534:	e28dd004 	add	sp, sp, #4
    8538:	e12fff10 	bx	r0
    853c:	e92d4fc0 	push	{r6, r7, r8, r9, sl, fp, lr}
    8540:	e24dd004 	sub	sp, sp, #4
    8544:	e58d0000 	str	r0, [sp]
    8548:	e30cc123 	movw	ip, #49443	@ 0xc123
    854c:	e34cc456 	movt	ip, #50262	@ 0xc456
    8550:	e5947014 	ldr	r7, [r4, #20]
    8554:	e3170040 	tst	r7, #64	@ 0x40
    8558:	0a00006b 	beq	0x870c
    855c:	e2478040 	sub	r8, r7, #64	@ 0x40
    8560:	e3a09000 	mov	r9, #0
    8564:	ea000051 	b	0x86b0
	...
    8578:	0040d960 	subeq	sp, r0, r0, ror #18
    857c:	0004890c 	andeq	r8, r4, ip, lsl #18
    8580:	0040d978 	subeq	sp, r0, r8, ror r9
    8584:	0004890c 	andeq	r8, r4, ip, lsl #18
    8588:	0040d9b0 	strheq	sp, [r0], #-144	@ 0xffffff70
    858c:	0004890c 	andeq	r8, r4, ip, lsl #18
    8590:	0040d9e0 	subeq	sp, r0, r0, ror #19
    8594:	0004890c 	andeq	r8, r4, ip, lsl #18
    8598:	0040da0c 	subeq	sp, r0, ip, lsl #20
    859c:	0004890c 	andeq	r8, r4, ip, lsl #18
    85a0:	0040da24 	subeq	sp, r0, r4, lsr #20
    85a4:	0004890c 	andeq	r8, r4, ip, lsl #18
    85a8:	0040da5c 	subeq	sp, r0, ip, asr sl
    85ac:	0004890c 	andeq	r8, r4, ip, lsl #18
    85b0:	0040dab0 	strheq	sp, [r0], #-160	@ 0xffffff60
    85b4:	00048004 	andeq	r8, r4, r4
    85b8:	0101fffc 	strdeq	pc, [r1, -ip]
    85bc:	0101fff8 	strdeq	pc, [r1, -r8]
    85c0:	003fe78c 	eorseq	lr, pc, ip, lsl #15
    85c4:	0004890c 	andeq	r8, r4, ip, lsl #18
    85c8:	003fe7b4 	ldrhteq	lr, [pc], -r4
    85cc:	00048004 	andeq	r8, r4, r4
    85d0:	003fe958 	eorseq	lr, pc, r8, asr r9	@ <UNPREDICTABLE>
    85d4:	003fa7bc 	ldrhteq	sl, [pc], -ip
    85d8:	0004890c 	andeq	r8, r4, ip, lsl #18
    85dc:	003fa7e0 	eorseq	sl, pc, r0, ror #15
    85e0:	00048004 	andeq	r8, r4, r4
    85e4:	00402238 	subeq	r2, r0, r8, lsr r2
    85e8:	0004890c 	andeq	r8, r4, ip, lsl #18
    85ec:	00402250 	subeq	r2, r0, r0, asr r2
    85f0:	00048004 	andeq	r8, r4, r4
    85f4:	003fde3c 	eorseq	sp, pc, ip, lsr lr	@ <UNPREDICTABLE>
    85f8:	003f9b10 	eorseq	r9, pc, r0, lsl fp	@ <UNPREDICTABLE>
    85fc:	0004890c 	andeq	r8, r4, ip, lsl #18
    8600:	003f9b78 	eorseq	r9, pc, r8, ror fp	@ <UNPREDICTABLE>
    8604:	00048004 	andeq	r8, r4, r4
    8608:	004061d4 	ldrdeq	r6, [r0], #-20	@ 0xffffffec
    860c:	0004890c 	andeq	r8, r4, ip, lsl #18
    8610:	00406228 	subeq	r6, r0, r8, lsr #4
    8614:	0004890c 	andeq	r8, r4, ip, lsl #18
    8618:	004062ec 	subeq	r6, r0, ip, ror #5
    861c:	00406430 	subeq	r6, r0, r0, lsr r4
    8620:	004065a4 	subeq	r6, r0, r4, lsr #11
    8624:	004065a8 	subeq	r6, r0, r8, lsr #11
    8628:	0004890c 	andeq	r8, r4, ip, lsl #18
    862c:	004065d4 	ldrdeq	r6, [r0], #-84	@ 0xffffffac
    8630:	004065ec 	subeq	r6, r0, ip, ror #11
    8634:	00048004 	andeq	r8, r4, r4
    8638:	003fac10 	eorseq	sl, pc, r0, lsl ip	@ <UNPREDICTABLE>
    863c:	003fac14 	eorseq	sl, pc, r4, lsl ip	@ <UNPREDICTABLE>
    8640:	0004890c 	andeq	r8, r4, ip, lsl #18
    8644:	003fac30 	eorseq	sl, pc, r0, lsr ip	@ <UNPREDICTABLE>
    8648:	00048004 	andeq	r8, r4, r4
    864c:	003fe938 	eorseq	lr, pc, r8, lsr r9	@ <UNPREDICTABLE>
    8650:	00402294 	umaaleq	r2, r0, r4, r2
    8654:	0004890c 	andeq	r8, r4, ip, lsl #18
    8658:	004022a4 	subeq	r2, r0, r4, lsr #5
    865c:	0004890c 	andeq	r8, r4, ip, lsl #18
    8660:	004022b4 	strheq	r2, [r0], #-36	@ 0xffffffdc
    8664:	0004890c 	andeq	r8, r4, ip, lsl #18
    8668:	004022cc 	subeq	r2, r0, ip, asr #5
    866c:	00048004 	andeq	r8, r4, r4
    8670:	003f92d8 	ldrsbteq	r9, [pc], -r8
    8674:	0004890c 	andeq	r8, r4, ip, lsl #18
    8678:	003f92f0 	ldrshteq	r9, [pc], -r0
    867c:	0004890c 	andeq	r8, r4, ip, lsl #18
    8680:	003f9344 	eorseq	r9, pc, r4, asr #6
    8684:	00048004 	andeq	r8, r4, r4
    8688:	003fba9c 	mlaseq	pc, ip, sl, fp	@ <UNPREDICTABLE>
    868c:	0004890c 	andeq	r8, r4, ip, lsl #18
    8690:	003fbabc 	ldrhteq	fp, [pc], -ip
    8694:	00048004 	andeq	r8, r4, r4
    8698:	003eb328 	eorseq	fp, lr, r8, lsr #6
    869c:	003fde14 	eorseq	sp, pc, r4, lsl lr	@ <UNPREDICTABLE>
    86a0:	003fa6d4 	ldrsbteq	sl, [pc], -r4
    86a4:	003fa48c 	eorseq	sl, pc, ip, lsl #9
    86a8:	00401724 	subeq	r1, r0, r4, lsr #14
    86ac:	00048004 	andeq	r8, r4, r4
    86b0:	e1a0a008 	mov	sl, r8
    86b4:	e5942010 	ldr	r2, [r4, #16]
    86b8:	e31a0020 	tst	sl, #32
    86bc:	1a000008 	bne	0x86e4
    86c0:	e594100c 	ldr	r1, [r4, #12]
    86c4:	e20aa01f 	and	sl, sl, #31
    86c8:	e1a01a31 	lsr	r1, r1, sl
    86cc:	e1a0c082 	lsl	ip, r2, #1
    86d0:	e22ae01f 	eor	lr, sl, #31
    86d4:	e1811e1c 	orr	r1, r1, ip, lsl lr
    86d8:	e1a0ea32 	lsr	lr, r2, sl
    86dc:	e584e008 	str	lr, [r4, #8]
    86e0:	ea000003 	b	0x86f4
    86e4:	e20ae01f 	and	lr, sl, #31
    86e8:	e1a01e32 	lsr	r1, r2, lr
    86ec:	e3a0e000 	mov	lr, #0
    86f0:	e584e008 	str	lr, [r4, #8]
    86f4:	e5841004 	str	r1, [r4, #4]
    86f8:	e3a0e000 	mov	lr, #0
    86fc:	e584e00c 	str	lr, [r4, #12]
    8700:	e3a0e000 	mov	lr, #0
    8704:	e584e010 	str	lr, [r4, #16]
    8708:	ea00003b 	b	0x87fc
    870c:	e3570000 	cmp	r7, #0
    8710:	0a000039 	beq	0x87fc
    8714:	e2678040 	rsb	r8, r7, #64	@ 0x40
    8718:	e3a09000 	mov	r9, #0
    871c:	e1a00008 	mov	r0, r8
    8720:	e594a00c 	ldr	sl, [r4, #12]
    8724:	e3100020 	tst	r0, #32
    8728:	1a000007 	bne	0x874c
    872c:	e594b010 	ldr	fp, [r4, #16]
    8730:	e200001f 	and	r0, r0, #31
    8734:	e1a0b01b 	lsl	fp, fp, r0
    8738:	e1a0c0aa 	lsr	ip, sl, #1
    873c:	e220e01f 	eor	lr, r0, #31
    8740:	e18bbe3c 	orr	fp, fp, ip, lsr lr
    8744:	e1a0a01a 	lsl	sl, sl, r0
    8748:	ea000002 	b	0x8758
    874c:	e200e01f 	and	lr, r0, #31
    8750:	e1a0be1a 	lsl	fp, sl, lr
    8754:	e3a0a000 	mov	sl, #0
    8758:	e1a00007 	mov	r0, r7
    875c:	e3a07000 	mov	r7, #0
    8760:	e1a08000 	mov	r8, r0
    8764:	e1a09007 	mov	r9, r7
    8768:	e1a01000 	mov	r1, r0
    876c:	e5943008 	ldr	r3, [r4, #8]
    8770:	e3110020 	tst	r1, #32
    8774:	1a000007 	bne	0x8798
    8778:	e5946004 	ldr	r6, [r4, #4]
    877c:	e201101f 	and	r1, r1, #31
    8780:	e1a06136 	lsr	r6, r6, r1
    8784:	e1a0c083 	lsl	ip, r3, #1
    8788:	e221e01f 	eor	lr, r1, #31
    878c:	e1866e1c 	orr	r6, r6, ip, lsl lr
    8790:	e1a03133 	lsr	r3, r3, r1
    8794:	ea000002 	b	0x87a4
    8798:	e201e01f 	and	lr, r1, #31
    879c:	e1a06e33 	lsr	r6, r3, lr
    87a0:	e3a03000 	mov	r3, #0
    87a4:	e18ae006 	orr	lr, sl, r6
    87a8:	e584e004 	str	lr, [r4, #4]
    87ac:	e18be003 	orr	lr, fp, r3
    87b0:	e584e008 	str	lr, [r4, #8]
    87b4:	e1a02008 	mov	r2, r8
    87b8:	e5940010 	ldr	r0, [r4, #16]
    87bc:	e3120020 	tst	r2, #32
    87c0:	1a000008 	bne	0x87e8
    87c4:	e594100c 	ldr	r1, [r4, #12]
    87c8:	e202201f 	and	r2, r2, #31
    87cc:	e1a01231 	lsr	r1, r1, r2
    87d0:	e1a0c080 	lsl	ip, r0, #1
    87d4:	e222e01f 	eor	lr, r2, #31
    87d8:	e1811e1c 	orr	r1, r1, ip, lsl lr
    87dc:	e1a0e230 	lsr	lr, r0, r2
    87e0:	e584e010 	str	lr, [r4, #16]
    87e4:	ea000003 	b	0x87f8
    87e8:	e202e01f 	and	lr, r2, #31
    87ec:	e1a01e30 	lsr	r1, r0, lr
    87f0:	e3a0e000 	mov	lr, #0
    87f4:	e584e010 	str	lr, [r4, #16]
    87f8:	e584100c 	str	r1, [r4, #12]
    87fc:	e5941000 	ldr	r1, [r4]
    8800:	e5950030 	ldr	r0, [r5, #48]	@ 0x30
    8804:	e5942004 	ldr	r2, [r4, #4]
    8808:	e59fc948 	ldr	ip, [pc, #2376]	@ 0x9158
    880c:	e151000c 	cmp	r1, ip
    8810:	8a000012 	bhi	0x8860
    8814:	e0800001 	add	r0, r0, r1
    8818:	e5941008 	ldr	r1, [r4, #8]
    881c:	e5802000 	str	r2, [r0]
    8820:	e5801004 	str	r1, [r0, #4]
    8824:	e5941000 	ldr	r1, [r4]
    8828:	e5950030 	ldr	r0, [r5, #48]	@ 0x30
    882c:	e594200c 	ldr	r2, [r4, #12]
    8830:	e59fe920 	ldr	lr, [pc, #2336]	@ 0x9158
    8834:	e7f1e0f8 	udf	#7688	@ 0x1e08
    8838:	2a000008 	bcs	0x8860
    883c:	e0800001 	add	r0, r0, r1
    8840:	e5941010 	ldr	r1, [r4, #16]
    8844:	e5802000 	str	r2, [r0]
    8848:	e5801004 	str	r1, [r0, #4]
    884c:	e59f0908 	ldr	r0, [pc, #2312]	@ 0x915c
    8850:	e30ccabc 	movw	ip, #51900	@ 0xcabc
    8854:	e34ccdef 	movt	ip, #52719	@ 0xcdef
    8858:	e28dd004 	add	sp, sp, #4
    885c:	e8bd8fc0 	pop	{r6, r7, r8, r9, sl, fp, pc}
    8860:	e3a00008 	mov	r0, #8
    8864:	e59d1000 	ldr	r1, [sp]
    8868:	e5810010 	str	r0, [r1, #16]
    886c:	e59d0000 	ldr	r0, [sp]
    8870:	e59d101c 	ldr	r1, [sp, #28]
    8874:	e59fc8e4 	ldr	ip, [pc, #2276]	@ 0x9160
    8878:	e12fff3c 	blx	ip
    887c:	e28dd004 	add	sp, sp, #4
    8880:	e8bd0fc0 	pop	{r6, r7, r8, r9, sl, fp}
    8884:	e28dd004 	add	sp, sp, #4
    8888:	e12fff10 	bx	r0
    888c:	e92d4fc0 	push	{r6, r7, r8, r9, sl, fp, lr}
    8890:	e24dd004 	sub	sp, sp, #4
    8894:	e58d0000 	str	r0, [sp]
    8898:	e30cc123 	movw	ip, #49443	@ 0xc123
    889c:	e34cc456 	movt	ip, #50262	@ 0xc456
    88a0:	e595e03c 	ldr	lr, [r5, #60]	@ 0x3c
    88a4:	e59e0008 	ldr	r0, [lr, #8]
    88a8:	e2400020 	sub	r0, r0, #32
    88ac:	e5840010 	str	r0, [r4, #16]
    88b0:	e595103c 	ldr	r1, [r5, #60]	@ 0x3c
    88b4:	e5810008 	str	r0, [r1, #8]
    88b8:	e5940008 	ldr	r0, [r4, #8]
    88bc:	e594100c 	ldr	r1, [r4, #12]
    88c0:	e3c0e000 	bic	lr, r0, #0
    88c4:	e584e024 	str	lr, [r4, #36]	@ 0x24
    88c8:	e3a0ccff 	mov	ip, #65280	@ 0xff00
    88cc:	e38cc0ff 	orr	ip, ip, #255	@ 0xff
    88d0:	e001e00c 	and	lr, r1, ip
    88d4:	e584e028 	str	lr, [r4, #40]	@ 0x28
    88d8:	e594c00c 	ldr	ip, [r4, #12]
    88dc:	e1a0282c 	lsr	r2, ip, #16
    88e0:	e3a03000 	mov	r3, #0
    88e4:	e3a0cc7f 	mov	ip, #32512	@ 0x7f00
    88e8:	e38cc0ff 	orr	ip, ip, #255	@ 0xff
    88ec:	e002200c 	and	r2, r2, ip
    88f0:	e2033000 	and	r3, r3, #0
    88f4:	e1a09002 	mov	r9, r2
    88f8:	e1a08003 	mov	r8, r3
    88fc:	e5842014 	str	r2, [r4, #20]
    8900:	e2422c3c 	sub	r2, r2, #60, 24	@ 0x3c00
    8904:	e2422001 	sub	r2, r2, #1
    8908:	e3a0cc07 	mov	ip, #1792	@ 0x700
    890c:	e38cc0fd 	orr	ip, ip, #253	@ 0xfd
    8910:	e152000c 	cmp	r2, ip
    8914:	8a000035 	bhi	0x89f0
    8918:	e594c004 	ldr	ip, [r4, #4]
    891c:	e1a02e2c 	lsr	r2, ip, #28
    8920:	e3a0b000 	mov	fp, #0
    8924:	e5946028 	ldr	r6, [r4, #40]	@ 0x28
    8928:	e5947024 	ldr	r7, [r4, #36]	@ 0x24
    892c:	e1a06206 	lsl	r6, r6, #4
    8930:	e1866e27 	orr	r6, r6, r7, lsr #28
    8934:	e1a07207 	lsl	r7, r7, #4
    8938:	e1822007 	orr	r2, r2, r7
    893c:	e18bb006 	orr	fp, fp, r6
    8940:	e594c014 	ldr	ip, [r4, #20]
    8944:	e24c6df0 	sub	r6, ip, #240, 26	@ 0x3c00
    8948:	e3a07000 	mov	r7, #0
    894c:	e5943000 	ldr	r3, [r4]
    8950:	e594a004 	ldr	sl, [r4, #4]
    8954:	e3c33000 	bic	r3, r3, #0
    8958:	e3caa4f0 	bic	sl, sl, #240, 8	@ 0xf0000000
    895c:	e1a01003 	mov	r1, r3
    8960:	e1a0000a 	mov	r0, sl
    8964:	e3530001 	cmp	r3, #1
    8968:	e2dac680 	sbcs	ip, sl, #128, 12	@ 0x8000000
    896c:	3a000002 	bcc	0x897c
    8970:	e2922001 	adds	r2, r2, #1
    8974:	e2abb000 	adc	fp, fp, #0
    8978:	ea000007 	b	0x899c
    897c:	e3500680 	cmp	r0, #128, 12	@ 0x8000000
    8980:	1a000000 	bne	0x8988
    8984:	e3510000 	cmp	r1, #0
    8988:	1a000003 	bne	0x899c
    898c:	e2020001 	and	r0, r2, #1
    8990:	e20b1000 	and	r1, fp, #0
    8994:	e0902002 	adds	r2, r0, r2
    8998:	e0a1b00b 	adc	fp, r1, fp
    899c:	e3e0c000 	mvn	ip, #0
    89a0:	e15c0002 	cmp	ip, r2
    89a4:	e3e0c20f 	mvn	ip, #-268435456	@ 0xf0000000
    89a8:	e3ccc6ff 	bic	ip, ip, #267386880	@ 0xff00000
    89ac:	e0dcc00b 	sbcs	ip, ip, fp
    89b0:	e3a00000 	mov	r0, #0
    89b4:	33a00001 	movcc	r0, #1
    89b8:	e1a01000 	mov	r1, r0
    89bc:	e3500000 	cmp	r0, #0
    89c0:	13a02000 	movne	r2, #0
    89c4:	e1a0e00b 	mov	lr, fp
    89c8:	13a0e000 	movne	lr, #0
    89cc:	e5842000 	str	r2, [r4]
    89d0:	e584e004 	str	lr, [r4, #4]
    89d4:	e1a00001 	mov	r0, r1
    89d8:	e3a01000 	mov	r1, #0
    89dc:	e090e006 	adds	lr, r0, r6
    89e0:	e584e024 	str	lr, [r4, #36]	@ 0x24
    89e4:	e0a1e007 	adc	lr, r1, r7
    89e8:	e584e028 	str	lr, [r4, #40]	@ 0x28
    89ec:	ea0000c6 	b	0x8d0c
    89f0:	e5943000 	ldr	r3, [r4]
    89f4:	e5946004 	ldr	r6, [r4, #4]
    89f8:	e594c024 	ldr	ip, [r4, #36]	@ 0x24
    89fc:	e183300c 	orr	r3, r3, ip
    8a00:	e594c028 	ldr	ip, [r4, #40]	@ 0x28
    8a04:	e186600c 	orr	r6, r6, ip
    8a08:	e193c006 	orrs	ip, r3, r6
    8a0c:	0a000019 	beq	0x8a78
    8a10:	e3580000 	cmp	r8, #0
    8a14:	1a000002 	bne	0x8a24
    8a18:	e3a0cc7f 	mov	ip, #32512	@ 0x7f00
    8a1c:	e38cc0ff 	orr	ip, ip, #255	@ 0xff
    8a20:	e159000c 	cmp	r9, ip
    8a24:	1a000013 	bne	0x8a78
    8a28:	e594c004 	ldr	ip, [r4, #4]
    8a2c:	e1a03e2c 	lsr	r3, ip, #28
    8a30:	e3a06000 	mov	r6, #0
    8a34:	e594a028 	ldr	sl, [r4, #40]	@ 0x28
    8a38:	e5947024 	ldr	r7, [r4, #36]	@ 0x24
    8a3c:	e1a0a20a 	lsl	sl, sl, #4
    8a40:	e18aae27 	orr	sl, sl, r7, lsr #28
    8a44:	e1a07207 	lsl	r7, r7, #4
    8a48:	e1833007 	orr	r3, r3, r7
    8a4c:	e186600a 	orr	r6, r6, sl
    8a50:	e383e000 	orr	lr, r3, #0
    8a54:	e584e000 	str	lr, [r4]
    8a58:	e386ea80 	orr	lr, r6, #128, 20	@ 0x80000
    8a5c:	e584e004 	str	lr, [r4, #4]
    8a60:	e3a0ec07 	mov	lr, #1792	@ 0x700
    8a64:	e38ee0ff 	orr	lr, lr, #255	@ 0xff
    8a68:	e584e024 	str	lr, [r4, #36]	@ 0x24
    8a6c:	e3a0e000 	mov	lr, #0
    8a70:	e584e028 	str	lr, [r4, #40]	@ 0x28
    8a74:	ea0000a4 	b	0x8d0c
    8a78:	e594c014 	ldr	ip, [r4, #20]
    8a7c:	e3a0ec43 	mov	lr, #17152	@ 0x4300
    8a80:	e38ee0fe 	orr	lr, lr, #254	@ 0xfe
    8a84:	e15c000e 	cmp	ip, lr
    8a88:	9a000009 	bls	0x8ab4
    8a8c:	e3a0ec07 	mov	lr, #1792	@ 0x700
    8a90:	e38ee0ff 	orr	lr, lr, #255	@ 0xff
    8a94:	e584e024 	str	lr, [r4, #36]	@ 0x24
    8a98:	e3a0e000 	mov	lr, #0
    8a9c:	e584e028 	str	lr, [r4, #40]	@ 0x28
    8aa0:	e3a0e000 	mov	lr, #0
    8aa4:	e584e000 	str	lr, [r4]
    8aa8:	e3a0e000 	mov	lr, #0
    8aac:	e584e004 	str	lr, [r4, #4]
    8ab0:	ea000095 	b	0x8d0c
    8ab4:	e199c008 	orrs	ip, r9, r8
    8ab8:	e3a03000 	mov	r3, #0
    8abc:	03a03001 	moveq	r3, #1
    8ac0:	e1a06003 	mov	r6, r3
    8ac4:	e3530000 	cmp	r3, #0
    8ac8:	e3a07df0 	mov	r7, #240, 26	@ 0x3c00
    8acc:	e3a0cc3c 	mov	ip, #60, 24	@ 0x3c00
    8ad0:	e38cc001 	orr	ip, ip, #1
    8ad4:	01a0700c 	moveq	r7, ip
    8ad8:	e1a03007 	mov	r3, r7
    8adc:	e594c014 	ldr	ip, [r4, #20]
    8ae0:	e047700c 	sub	r7, r7, ip
    8ae4:	e1a08007 	mov	r8, r7
    8ae8:	e3570070 	cmp	r7, #112	@ 0x70
    8aec:	da000008 	ble	0x8b14
    8af0:	e3a0e000 	mov	lr, #0
    8af4:	e584e000 	str	lr, [r4]
    8af8:	e3a0e000 	mov	lr, #0
    8afc:	e584e004 	str	lr, [r4, #4]
    8b00:	e3a0e000 	mov	lr, #0
    8b04:	e584e024 	str	lr, [r4, #36]	@ 0x24
    8b08:	e3a0e000 	mov	lr, #0
    8b0c:	e584e028 	str	lr, [r4, #40]	@ 0x28
    8b10:	ea00007d 	b	0x8d0c
    8b14:	e5947024 	ldr	r7, [r4, #36]	@ 0x24
    8b18:	e5949028 	ldr	r9, [r4, #40]	@ 0x28
    8b1c:	e3877000 	orr	r7, r7, #0
    8b20:	e3899b40 	orr	r9, r9, #64, 22	@ 0x10000
    8b24:	e3560000 	cmp	r6, #0
    8b28:	e594c024 	ldr	ip, [r4, #36]	@ 0x24
    8b2c:	11a0700c 	movne	r7, ip
    8b30:	e594c028 	ldr	ip, [r4, #40]	@ 0x28
    8b34:	11a0900c 	movne	r9, ip
    8b38:	e3a06000 	mov	r6, #0
    8b3c:	e594c014 	ldr	ip, [r4, #20]
    8b40:	e153000c 	cmp	r3, ip
    8b44:	0a000024 	beq	0x8bdc
    8b48:	e594c010 	ldr	ip, [r4, #16]
    8b4c:	e28c3010 	add	r3, ip, #16
    8b50:	e268a080 	rsb	sl, r8, #128	@ 0x80
    8b54:	e5843058 	str	r3, [r4, #88]	@ 0x58
    8b58:	e5847024 	str	r7, [r4, #36]	@ 0x24
    8b5c:	e5849028 	str	r9, [r4, #40]	@ 0x28
    8b60:	e584a06c 	str	sl, [r4, #108]	@ 0x6c
    8b64:	e59f05f8 	ldr	r0, [pc, #1528]	@ 0x9164
    8b68:	e1a01004 	mov	r1, r4
    8b6c:	e59d2000 	ldr	r2, [sp]
    8b70:	e59fc5f0 	ldr	ip, [pc, #1520]	@ 0x9168
    8b74:	e12fff3c 	blx	ip
    8b78:	e3500000 	cmp	r0, #0
    8b7c:	1a00007d 	bne	0x8d78
    8b80:	e594b010 	ldr	fp, [r4, #16]
    8b84:	e5952030 	ldr	r2, [r5, #48]	@ 0x30
    8b88:	e59fe5c8 	ldr	lr, [pc, #1480]	@ 0x9158
    8b8c:	e7fbe1f0 	udf	#48656	@ 0xbe10
    8b90:	2a000075 	bcs	0x8d6c
    8b94:	e082c00b 	add	ip, r2, fp
    8b98:	e59c3000 	ldr	r3, [ip]
    8b9c:	e59ca004 	ldr	sl, [ip, #4]
    8ba0:	e5941010 	ldr	r1, [r4, #16]
    8ba4:	e5950030 	ldr	r0, [r5, #48]	@ 0x30
    8ba8:	e59fe5a8 	ldr	lr, [pc, #1448]	@ 0x9158
    8bac:	e7f1e1f8 	udf	#7704	@ 0x1e18
    8bb0:	2a00006d 	bcs	0x8d6c
    8bb4:	e080c001 	add	ip, r0, r1
    8bb8:	e59c2000 	ldr	r2, [ip]
    8bbc:	e59cb004 	ldr	fp, [ip, #4]
    8bc0:	e1833002 	orr	r3, r3, r2
    8bc4:	e18aa00b 	orr	sl, sl, fp
    8bc8:	e35a0000 	cmp	sl, #0
    8bcc:	1a000000 	bne	0x8bd4
    8bd0:	e3530000 	cmp	r3, #0
    8bd4:	e3a06000 	mov	r6, #0
    8bd8:	13a06001 	movne	r6, #1
    8bdc:	e5847024 	str	r7, [r4, #36]	@ 0x24
    8be0:	e5849028 	str	r9, [r4, #40]	@ 0x28
    8be4:	e5848020 	str	r8, [r4, #32]
    8be8:	e59f057c 	ldr	r0, [pc, #1404]	@ 0x916c
    8bec:	e1a01004 	mov	r1, r4
    8bf0:	e59d2000 	ldr	r2, [sp]
    8bf4:	e59fc574 	ldr	ip, [pc, #1396]	@ 0x9170
    8bf8:	e12fff3c 	blx	ip
    8bfc:	e3500000 	cmp	r0, #0
    8c00:	1a00005c 	bne	0x8d78
    8c04:	e5943010 	ldr	r3, [r4, #16]
    8c08:	e5952030 	ldr	r2, [r5, #48]	@ 0x30
    8c0c:	e59fc544 	ldr	ip, [pc, #1348]	@ 0x9158
    8c10:	e153000c 	cmp	r3, ip
    8c14:	8a000054 	bhi	0x8d6c
    8c18:	e082c003 	add	ip, r2, r3
    8c1c:	e59c0000 	ldr	r0, [ip]
    8c20:	e59c1004 	ldr	r1, [ip, #4]
    8c24:	e1a02000 	mov	r2, r0
    8c28:	e1a03001 	mov	r3, r1
    8c2c:	e1a00e21 	lsr	r0, r1, #28
    8c30:	e3a01000 	mov	r1, #0
    8c34:	e594a010 	ldr	sl, [r4, #16]
    8c38:	e5959030 	ldr	r9, [r5, #48]	@ 0x30
    8c3c:	e59fe514 	ldr	lr, [pc, #1300]	@ 0x9158
    8c40:	e7fae0f8 	udf	#44552	@ 0xae08
    8c44:	2a000048 	bcs	0x8d6c
    8c48:	e089c00a 	add	ip, r9, sl
    8c4c:	e59c7000 	ldr	r7, [ip]
    8c50:	e59c8004 	ldr	r8, [ip, #4]
    8c54:	e1a08208 	lsl	r8, r8, #4
    8c58:	e1888e27 	orr	r8, r8, r7, lsr #28
    8c5c:	e1a07207 	lsl	r7, r7, #4
    8c60:	e1800007 	orr	r0, r0, r7
    8c64:	e1811008 	orr	r1, r1, r8
    8c68:	e3c22000 	bic	r2, r2, #0
    8c6c:	e3c334f0 	bic	r3, r3, #240, 8	@ 0xf0000000
    8c70:	e3a07000 	mov	r7, #0
    8c74:	e1822006 	orr	r2, r2, r6
    8c78:	e1833007 	orr	r3, r3, r7
    8c7c:	e1a06002 	mov	r6, r2
    8c80:	e1a07003 	mov	r7, r3
    8c84:	e3520001 	cmp	r2, #1
    8c88:	e2d3c680 	sbcs	ip, r3, #128, 12	@ 0x8000000
    8c8c:	3a000002 	bcc	0x8c9c
    8c90:	e2900001 	adds	r0, r0, #1
    8c94:	e2a11000 	adc	r1, r1, #0
    8c98:	ea000007 	b	0x8cbc
    8c9c:	e3570680 	cmp	r7, #128, 12	@ 0x8000000
    8ca0:	1a000000 	bne	0x8ca8
    8ca4:	e3560000 	cmp	r6, #0
    8ca8:	1a000003 	bne	0x8cbc
    8cac:	e2002001 	and	r2, r0, #1
    8cb0:	e2013000 	and	r3, r1, #0
    8cb4:	e0920000 	adds	r0, r2, r0
    8cb8:	e0a31001 	adc	r1, r3, r1
    8cbc:	e2202000 	eor	r2, r0, #0
    8cc0:	e2213940 	eor	r3, r1, #64, 18	@ 0x100000
    8cc4:	e3e0c000 	mvn	ip, #0
    8cc8:	e15c0000 	cmp	ip, r0
    8ccc:	e3e0c20f 	mvn	ip, #-268435456	@ 0xf0000000
    8cd0:	e3ccc6ff 	bic	ip, ip, #267386880	@ 0xff00000
    8cd4:	e0dcc001 	sbcs	ip, ip, r1
    8cd8:	e3a06000 	mov	r6, #0
    8cdc:	33a06001 	movcc	r6, #1
    8ce0:	e1a07006 	mov	r7, r6
    8ce4:	e3560000 	cmp	r6, #0
    8ce8:	e1a08002 	mov	r8, r2
    8cec:	01a08000 	moveq	r8, r0
    8cf0:	e1a0e003 	mov	lr, r3
    8cf4:	01a0e001 	moveq	lr, r1
    8cf8:	e5848000 	str	r8, [r4]
    8cfc:	e584e004 	str	lr, [r4, #4]
    8d00:	e5847024 	str	r7, [r4, #36]	@ 0x24
    8d04:	e3a0e000 	mov	lr, #0
    8d08:	e584e028 	str	lr, [r4, #40]	@ 0x28
    8d0c:	e594c010 	ldr	ip, [r4, #16]
    8d10:	e28c0020 	add	r0, ip, #32
    8d14:	e595103c 	ldr	r1, [r5, #60]	@ 0x3c
    8d18:	e5810008 	str	r0, [r1, #8]
    8d1c:	e594c024 	ldr	ip, [r4, #36]	@ 0x24
    8d20:	e1a01a0c 	lsl	r1, ip, #20
    8d24:	e3a00000 	mov	r0, #0
    8d28:	e5942008 	ldr	r2, [r4, #8]
    8d2c:	e594300c 	ldr	r3, [r4, #12]
    8d30:	e2022000 	and	r2, r2, #0
    8d34:	e2033480 	and	r3, r3, #128, 8	@ 0x80000000
    8d38:	e1800002 	orr	r0, r0, r2
    8d3c:	e1811003 	orr	r1, r1, r3
    8d40:	e594c000 	ldr	ip, [r4]
    8d44:	e180000c 	orr	r0, r0, ip
    8d48:	e594c004 	ldr	ip, [r4, #4]
    8d4c:	e181100c 	orr	r1, r1, ip
    8d50:	ec410a10 	vmov	s0, s1, r0, r1
    8d54:	ed840b16 	vstr	d0, [r4, #88]	@ 0x58
    8d58:	e59f0414 	ldr	r0, [pc, #1044]	@ 0x9174
    8d5c:	e30ccabc 	movw	ip, #51900	@ 0xcabc
    8d60:	e34ccdef 	movt	ip, #52719	@ 0xcdef
    8d64:	e28dd004 	add	sp, sp, #4
    8d68:	e8bd8fc0 	pop	{r6, r7, r8, r9, sl, fp, pc}
    8d6c:	e3a00008 	mov	r0, #8
    8d70:	e59d1000 	ldr	r1, [sp]
    8d74:	e5810010 	str	r0, [r1, #16]
    8d78:	e59d0000 	ldr	r0, [sp]
    8d7c:	e59d101c 	ldr	r1, [sp, #28]
    8d80:	e59fc3f0 	ldr	ip, [pc, #1008]	@ 0x9178
    8d84:	e12fff3c 	blx	ip
    8d88:	e28dd004 	add	sp, sp, #4
    8d8c:	e8bd0fc0 	pop	{r6, r7, r8, r9, sl, fp}
    8d90:	e28dd004 	add	sp, sp, #4
    8d94:	e12fff10 	bx	r0
    8d98:	e52de004 	push	{lr}		@ (str lr, [sp, #-4]!)
    8d9c:	e24dd004 	sub	sp, sp, #4
    8da0:	e58d0000 	str	r0, [sp]
    8da4:	e30cc123 	movw	ip, #49443	@ 0xc123
    8da8:	e34cc456 	movt	ip, #50262	@ 0xc456
    8dac:	e5940000 	ldr	r0, [r4]
    8db0:	e595103c 	ldr	r1, [r5, #60]	@ 0x3c
    8db4:	e5810008 	str	r0, [r1, #8]
    8db8:	e59f03bc 	ldr	r0, [pc, #956]	@ 0x917c
    8dbc:	e30ccabc 	movw	ip, #51900	@ 0xcabc
    8dc0:	e34ccdef 	movt	ip, #52719	@ 0xcdef
    8dc4:	e28dd004 	add	sp, sp, #4
    8dc8:	e49df004 	pop	{pc}		@ (ldr pc, [sp], #4)
    8dcc:	e52de004 	push	{lr}		@ (str lr, [sp, #-4]!)
    8dd0:	e24dd004 	sub	sp, sp, #4
    8dd4:	e58d0000 	str	r0, [sp]
    8dd8:	e30cc123 	movw	ip, #49443	@ 0xc123
    8ddc:	e34cc456 	movt	ip, #50262	@ 0xc456
    8de0:	e595e03c 	ldr	lr, [r5, #60]	@ 0x3c
    8de4:	e59e0008 	ldr	r0, [lr, #8]
    8de8:	e5840000 	str	r0, [r4]
    8dec:	e59f038c 	ldr	r0, [pc, #908]	@ 0x9180
    8df0:	e30ccabc 	movw	ip, #51900	@ 0xcabc
    8df4:	e34ccdef 	movt	ip, #52719	@ 0xcdef
    8df8:	e28dd004 	add	sp, sp, #4
    8dfc:	e49df004 	pop	{pc}		@ (ldr pc, [sp], #4)
    8e00:	e52de004 	push	{lr}		@ (str lr, [sp, #-4]!)
    8e04:	e24dd004 	sub	sp, sp, #4
    8e08:	e58d0000 	str	r0, [sp]
    8e0c:	e30cc123 	movw	ip, #49443	@ 0xc123
    8e10:	e34cc456 	movt	ip, #50262	@ 0xc456
    8e14:	e5940000 	ldr	r0, [r4]
    8e18:	e3500099 	cmp	r0, #153	@ 0x99
    8e1c:	83a00000 	movhi	r0, #0
    8e20:	e1a00080 	lsl	r0, r0, #1
    8e24:	e1a02000 	mov	r2, r0
    8e28:	e5951030 	ldr	r1, [r5, #48]	@ 0x30
    8e2c:	e59fe350 	ldr	lr, [pc, #848]	@ 0x9184
    8e30:	e3a0cb42 	mov	ip, #67584	@ 0x10800
    8e34:	e38ccf7c 	orr	ip, ip, #124, 30	@ 0x1f0
    8e38:	e092200c 	adds	r2, r2, ip
    8e3c:	2a00000b 	bcs	0x8e70
    8e40:	e59fc33c 	ldr	ip, [pc, #828]	@ 0x9184
    8e44:	e152000c 	cmp	r2, ip
    8e48:	8a000008 	bhi	0x8e70
    8e4c:	e7e012f2 			@ <UNDEFINED> instruction: 0xe7e012f2
    8e50:	e2800b40 	add	r0, r0, #64, 22	@ 0x10000
    8e54:	e2800fa0 	add	r0, r0, #160, 30	@ 0x280
    8e58:	e5840018 	str	r0, [r4, #24]
    8e5c:	e59f0324 	ldr	r0, [pc, #804]	@ 0x9188
    8e60:	e30ccabc 	movw	ip, #51900	@ 0xcabc
    8e64:	e34ccdef 	movt	ip, #52719	@ 0xcdef
    8e68:	e28dd004 	add	sp, sp, #4
    8e6c:	e49df004 	pop	{pc}		@ (ldr pc, [sp], #4)
    8e70:	e3a00008 	mov	r0, #8
    8e74:	e59d1000 	ldr	r1, [sp]
    8e78:	e5810010 	str	r0, [r1, #16]
    8e7c:	e59d0000 	ldr	r0, [sp]
    8e80:	e59d1004 	ldr	r1, [sp, #4]
    8e84:	e59fc300 	ldr	ip, [pc, #768]	@ 0x918c
    8e88:	e12fff3c 	blx	ip
    8e8c:	e28dd008 	add	sp, sp, #8
    8e90:	e12fff10 	bx	r0
    8e94:	e52de004 	push	{lr}		@ (str lr, [sp, #-4]!)
    8e98:	e24dd004 	sub	sp, sp, #4
    8e9c:	e58d0000 	str	r0, [sp]
    8ea0:	e30cc123 	movw	ip, #49443	@ 0xc123
    8ea4:	e34cc456 	movt	ip, #50262	@ 0xc456
    8ea8:	e5940000 	ldr	r0, [r4]
    8eac:	e5840000 	str	r0, [r4]
    8eb0:	e5840000 	str	r0, [r4]
    8eb4:	e59f02d4 	ldr	r0, [pc, #724]	@ 0x9190
    8eb8:	e1a01004 	mov	r1, r4
    8ebc:	e59d2000 	ldr	r2, [sp]
    8ec0:	e59fc2cc 	ldr	ip, [pc, #716]	@ 0x9194
    8ec4:	e12fff3c 	blx	ip
    8ec8:	e3500000 	cmp	r0, #0
    8ecc:	1a000006 	bne	0x8eec
    8ed0:	e5940004 	ldr	r0, [r4, #4]
    8ed4:	e5840004 	str	r0, [r4, #4]
    8ed8:	e59f02b8 	ldr	r0, [pc, #696]	@ 0x9198
    8edc:	e30ccabc 	movw	ip, #51900	@ 0xcabc
    8ee0:	e34ccdef 	movt	ip, #52719	@ 0xcdef
    8ee4:	e28dd004 	add	sp, sp, #4
    8ee8:	e49df004 	pop	{pc}		@ (ldr pc, [sp], #4)
    8eec:	e59d0000 	ldr	r0, [sp]
    8ef0:	e59d1004 	ldr	r1, [sp, #4]
    8ef4:	e59fc2a0 	ldr	ip, [pc, #672]	@ 0x919c
    8ef8:	e12fff3c 	blx	ip
    8efc:	e28dd008 	add	sp, sp, #8
    8f00:	e12fff10 	bx	r0
    8f04:	e52de004 	push	{lr}		@ (str lr, [sp, #-4]!)
    8f08:	e24dd004 	sub	sp, sp, #4
    8f0c:	e58d0000 	str	r0, [sp]
    8f10:	e30cc123 	movw	ip, #49443	@ 0xc123
    8f14:	e34cc456 	movt	ip, #50262	@ 0xc456
    8f18:	e3a0e001 	mov	lr, #1
    8f1c:	e584e000 	str	lr, [r4]
    8f20:	e59f0278 	ldr	r0, [pc, #632]	@ 0x91a0
    8f24:	e30ccabc 	movw	ip, #51900	@ 0xcabc
    8f28:	e34ccdef 	movt	ip, #52719	@ 0xcdef
    8f2c:	e28dd004 	add	sp, sp, #4
    8f30:	e49df004 	pop	{pc}		@ (ldr pc, [sp], #4)
    8f34:	e52de004 	push	{lr}		@ (str lr, [sp, #-4]!)
    8f38:	e24dd004 	sub	sp, sp, #4
    8f3c:	e58d0000 	str	r0, [sp]
    8f40:	e30cc123 	movw	ip, #49443	@ 0xc123
    8f44:	e34cc456 	movt	ip, #50262	@ 0xc456
    8f48:	e1a0e005 	mov	lr, r5
    8f4c:	e59e005c 	ldr	r0, [lr, #92]	@ 0x5c
    8f50:	e5840000 	str	r0, [r4]
    8f54:	e59f0248 	ldr	r0, [pc, #584]	@ 0x91a4
    8f58:	e30ccabc 	movw	ip, #51900	@ 0xcabc
    8f5c:	e34ccdef 	movt	ip, #52719	@ 0xcdef
    8f60:	e28dd004 	add	sp, sp, #4
    8f64:	e49df004 	pop	{pc}		@ (ldr pc, [sp], #4)
    8f68:	e52de004 	push	{lr}		@ (str lr, [sp, #-4]!)
    8f6c:	e24dd004 	sub	sp, sp, #4
    8f70:	e58d0000 	str	r0, [sp]
    8f74:	e30cc123 	movw	ip, #49443	@ 0xc123
    8f78:	e34cc456 	movt	ip, #50262	@ 0xc456
    8f7c:	e1a0e005 	mov	lr, r5
    8f80:	e59e0094 	ldr	r0, [lr, #148]	@ 0x94
    8f84:	e5840000 	str	r0, [r4]
    8f88:	e59f0218 	ldr	r0, [pc, #536]	@ 0x91a8
    8f8c:	e30ccabc 	movw	ip, #51900	@ 0xcabc
    8f90:	e34ccdef 	movt	ip, #52719	@ 0xcdef
    8f94:	e28dd004 	add	sp, sp, #4
    8f98:	e49df004 	pop	{pc}		@ (ldr pc, [sp], #4)
    8f9c:	e52de004 	push	{lr}		@ (str lr, [sp, #-4]!)
    8fa0:	e24dd004 	sub	sp, sp, #4
    8fa4:	e58d0000 	str	r0, [sp]
    8fa8:	e30cc123 	movw	ip, #49443	@ 0xc123
    8fac:	e34cc456 	movt	ip, #50262	@ 0xc456
    8fb0:	e1a0e005 	mov	lr, r5
    8fb4:	e59e0090 	ldr	r0, [lr, #144]	@ 0x90
    8fb8:	e5840000 	str	r0, [r4]
    8fbc:	e59f01e8 	ldr	r0, [pc, #488]	@ 0x91ac
    8fc0:	e30ccabc 	movw	ip, #51900	@ 0xcabc
    8fc4:	e34ccdef 	movt	ip, #52719	@ 0xcdef
    8fc8:	e28dd004 	add	sp, sp, #4
    8fcc:	e49df004 	pop	{pc}		@ (ldr pc, [sp], #4)
    8fd0:	e52de004 	push	{lr}		@ (str lr, [sp, #-4]!)
    8fd4:	e24dd004 	sub	sp, sp, #4
    8fd8:	e58d0000 	str	r0, [sp]
    8fdc:	e30cc123 	movw	ip, #49443	@ 0xc123
    8fe0:	e34cc456 	movt	ip, #50262	@ 0xc456
    8fe4:	e1a0e005 	mov	lr, r5
    8fe8:	e59e0098 	ldr	r0, [lr, #152]	@ 0x98
    8fec:	e5840000 	str	r0, [r4]
    8ff0:	e59f01b8 	ldr	r0, [pc, #440]	@ 0x91b0
    8ff4:	e30ccabc 	movw	ip, #51900	@ 0xcabc
    8ff8:	e34ccdef 	movt	ip, #52719	@ 0xcdef
    8ffc:	e28dd004 	add	sp, sp, #4
    9000:	e49df004 	pop	{pc}		@ (ldr pc, [sp], #4)
    9004:	e52de004 	push	{lr}		@ (str lr, [sp, #-4]!)
    9008:	e24dd004 	sub	sp, sp, #4
    900c:	e58d0000 	str	r0, [sp]
    9010:	e30cc123 	movw	ip, #49443	@ 0xc123
    9014:	e34cc456 	movt	ip, #50262	@ 0xc456
    9018:	e1a0e005 	mov	lr, r5
    901c:	e59e0100 	ldr	r0, [lr, #256]	@ 0x100
    9020:	e5840000 	str	r0, [r4]
    9024:	e59f0188 	ldr	r0, [pc, #392]	@ 0x91b4
    9028:	e30ccabc 	movw	ip, #51900	@ 0xcabc
    902c:	e34ccdef 	movt	ip, #52719	@ 0xcdef
    9030:	e28dd004 	add	sp, sp, #4
    9034:	e49df004 	pop	{pc}		@ (ldr pc, [sp], #4)
    9038:	e52de004 	push	{lr}		@ (str lr, [sp, #-4]!)
    903c:	e24dd004 	sub	sp, sp, #4
    9040:	e58d0000 	str	r0, [sp]
    9044:	e30cc123 	movw	ip, #49443	@ 0xc123
    9048:	e34cc456 	movt	ip, #50262	@ 0xc456
    904c:	e1a0e005 	mov	lr, r5
    9050:	e59e0104 	ldr	r0, [lr, #260]	@ 0x104
    9054:	e5840000 	str	r0, [r4]
    9058:	e59f0158 	ldr	r0, [pc, #344]	@ 0x91b8
    905c:	e30ccabc 	movw	ip, #51900	@ 0xcabc
    9060:	e34ccdef 	movt	ip, #52719	@ 0xcdef
    9064:	e28dd004 	add	sp, sp, #4
    9068:	e49df004 	pop	{pc}		@ (ldr pc, [sp], #4)
    906c:	e52de004 	push	{lr}		@ (str lr, [sp, #-4]!)
    9070:	e24dd004 	sub	sp, sp, #4
    9074:	e58d0000 	str	r0, [sp]
    9078:	e30cc123 	movw	ip, #49443	@ 0xc123
    907c:	e34cc456 	movt	ip, #50262	@ 0xc456
    9080:	e1a0e005 	mov	lr, r5
    9084:	e59e012c 	ldr	r0, [lr, #300]	@ 0x12c
    9088:	e5840000 	str	r0, [r4]
    908c:	e59f0128 	ldr	r0, [pc, #296]	@ 0x91bc
    9090:	e30ccabc 	movw	ip, #51900	@ 0xcabc
    9094:	e34ccdef 	movt	ip, #52719	@ 0xcdef
    9098:	e28dd004 	add	sp, sp, #4
    909c:	e49df004 	pop	{pc}		@ (ldr pc, [sp], #4)
    90a0:	e52de004 	push	{lr}		@ (str lr, [sp, #-4]!)
    90a4:	e24dd004 	sub	sp, sp, #4
    90a8:	e58d0000 	str	r0, [sp]
    90ac:	e30cc123 	movw	ip, #49443	@ 0xc123
    90b0:	e34cc456 	movt	ip, #50262	@ 0xc456
    90b4:	e1a0e005 	mov	lr, r5
    90b8:	e59e0134 	ldr	r0, [lr, #308]	@ 0x134
    90bc:	e5840000 	str	r0, [r4]
    90c0:	e59f00f8 	ldr	r0, [pc, #248]	@ 0x91c0
    90c4:	e30ccabc 	movw	ip, #51900	@ 0xcabc
    90c8:	e34ccdef 	movt	ip, #52719	@ 0xcdef
    90cc:	e28dd004 	add	sp, sp, #4
    90d0:	e49df004 	pop	{pc}		@ (ldr pc, [sp], #4)
    90d4:	e52de004 	push	{lr}		@ (str lr, [sp, #-4]!)
    90d8:	e24dd004 	sub	sp, sp, #4
    90dc:	e58d0000 	str	r0, [sp]
    90e0:	e30cc123 	movw	ip, #49443	@ 0xc123
    90e4:	e34cc456 	movt	ip, #50262	@ 0xc456
    90e8:	e3a0eb40 	mov	lr, #64, 22	@ 0x10000
    90ec:	e584e000 	str	lr, [r4]
    90f0:	e59f00cc 	ldr	r0, [pc, #204]	@ 0x91c4
    90f4:	e30ccabc 	movw	ip, #51900	@ 0xcabc
    90f8:	e34ccdef 	movt	ip, #52719	@ 0xcdef
    90fc:	e28dd004 	add	sp, sp, #4
    9100:	e49df004 	pop	{pc}		@ (ldr pc, [sp], #4)
    9104:	e52de004 	push	{lr}		@ (str lr, [sp, #-4]!)
    9108:	e24dd004 	sub	sp, sp, #4
    910c:	e58d0000 	str	r0, [sp]
    9110:	e30cc123 	movw	ip, #49443	@ 0xc123
    9114:	e34cc456 	movt	ip, #50262	@ 0xc456
    9118:	e3a0eb42 	mov	lr, #67584	@ 0x10800
    911c:	e38eefca 	orr	lr, lr, #808	@ 0x328
    9120:	e584e000 	str	lr, [r4]
    9124:	e59f009c 	ldr	r0, [pc, #156]	@ 0x91c8
    9128:	e30ccabc 	movw	ip, #51900	@ 0xcabc
    912c:	e34ccdef 	movt	ip, #52719	@ 0xcdef
    9130:	e28dd004 	add	sp, sp, #4
    9134:	e49df004 	pop	{pc}		@ (ldr pc, [sp], #4)
    9138:	ea000023 	b	0x91cc
	...
    9158:	0101fff8 	strdeq	pc, [r1, -r8]
    915c:	0040691c 	subeq	r6, r0, ip, lsl r9
    9160:	00048004 	andeq	r8, r4, r4
    9164:	00409d28 	subeq	r9, r0, r8, lsr #26
    9168:	0004890c 	andeq	r8, r4, ip, lsl #18
    916c:	00409d80 	subeq	r9, r0, r0, lsl #27
    9170:	0004890c 	andeq	r8, r4, ip, lsl #18
    9174:	00409f9c 	umaaleq	r9, r0, ip, pc	@ <UNPREDICTABLE>
    9178:	00048004 	andeq	r8, r4, r4
    917c:	003fbec4 	eorseq	fp, pc, r4, asr #29
    9180:	003fbe7c 	eorseq	fp, pc, ip, ror lr	@ <UNPREDICTABLE>
    9184:	0101fffe 	strdeq	pc, [r1, -lr]
    9188:	003f7120 	eorseq	r7, pc, r0, lsr #2
    918c:	00048004 	andeq	r8, r4, r4
    9190:	003f6688 	eorseq	r6, pc, r8, lsl #13
    9194:	0004890c 	andeq	r8, r4, ip, lsl #18
    9198:	003f66a4 	eorseq	r6, pc, r4, lsr #13
    919c:	00048004 	andeq	r8, r4, r4
    91a0:	003f61ec 	eorseq	r6, pc, ip, ror #3
    91a4:	003f690c 	eorseq	r6, pc, ip, lsl #18
    91a8:	003f6994 	mlaseq	pc, r4, r9, r6	@ <UNPREDICTABLE>
    91ac:	003f6a1c 	eorseq	r6, pc, ip, lsl sl	@ <UNPREDICTABLE>
    91b0:	003f6aa4 	eorseq	r6, pc, r4, lsr #21
    91b4:	003f6b2c 	eorseq	r6, pc, ip, lsr #22
    91b8:	003f6bb4 	ldrhteq	r6, [pc], -r4
    91bc:	003f6c3c 	eorseq	r6, pc, ip, lsr ip	@ <UNPREDICTABLE>
    91c0:	003f6cc4 	eorseq	r6, pc, r4, asr #25
    91c4:	003fe9cc 	eorseq	lr, pc, ip, asr #19
    91c8:	003fff8c 	eorseq	pc, pc, ip, lsl #31
    91cc:	e1a00000 	nop			@ (mov r0, r0)
    91d0:	e1a00000 	nop			@ (mov r0, r0)
    91d4:	e1a00000 	nop			@ (mov r0, r0)
    91d8:	e1a00000 	nop			@ (mov r0, r0)
    91dc:	e1a00000 	nop			@ (mov r0, r0)
    91e0:	e1a00000 	nop			@ (mov r0, r0)
    91e4:	e1a00000 	nop			@ (mov r0, r0)
    91e8:	e1a00000 	nop			@ (mov r0, r0)
    91ec:	e1a00000 	nop			@ (mov r0, r0)
    91f0:	e1a00000 	nop			@ (mov r0, r0)
    91f4:	e1a00000 	nop			@ (mov r0, r0)
    91f8:	e1a00000 	nop			@ (mov r0, r0)
    91fc:	e1a00000 	nop			@ (mov r0, r0)
    9200:	e1a00000 	nop			@ (mov r0, r0)
    9204:	e1a00000 	nop			@ (mov r0, r0)
    9208:	e1a00000 	nop			@ (mov r0, r0)
    920c:	e1a00000 	nop			@ (mov r0, r0)
    9210:	e1a00000 	nop			@ (mov r0, r0)
    9214:	e1a00000 	nop			@ (mov r0, r0)
    9218:	e1a00000 	nop			@ (mov r0, r0)
    921c:	e1a00000 	nop			@ (mov r0, r0)
    9220:	e1a00000 	nop			@ (mov r0, r0)
    9224:	e1a00000 	nop			@ (mov r0, r0)
    9228:	e1a00000 	nop			@ (mov r0, r0)
    922c:	e1a00000 	nop			@ (mov r0, r0)
    9230:	e1a00000 	nop			@ (mov r0, r0)
    9234:	e1a00000 	nop			@ (mov r0, r0)
    9238:	e1a00000 	nop			@ (mov r0, r0)
    923c:	e1a00000 	nop			@ (mov r0, r0)
    9240:	e1a00000 	nop			@ (mov r0, r0)
    9244:	e1a00000 	nop			@ (mov r0, r0)
    9248:	e1a00000 	nop			@ (mov r0, r0)
    924c:	e1a00000 	nop			@ (mov r0, r0)
    9250:	e1a00000 	nop			@ (mov r0, r0)
    9254:	e1a00000 	nop			@ (mov r0, r0)
    9258:	e1a00000 	nop			@ (mov r0, r0)
    925c:	e1a00000 	nop			@ (mov r0, r0)
    9260:	e1a00000 	nop			@ (mov r0, r0)
    9264:	e1a00000 	nop			@ (mov r0, r0)
    9268:	e1a00000 	nop			@ (mov r0, r0)
    926c:	e1a00000 	nop			@ (mov r0, r0)
    9270:	e1a00000 	nop			@ (mov r0, r0)
    9274:	e1a00000 	nop			@ (mov r0, r0)
    9278:	e1a00000 	nop			@ (mov r0, r0)
    927c:	e1a00000 	nop			@ (mov r0, r0)
    9280:	e1a00000 	nop			@ (mov r0, r0)
    9284:	e1a00000 	nop			@ (mov r0, r0)
    9288:	e1a00000 	nop			@ (mov r0, r0)
    928c:	e1a00000 	nop			@ (mov r0, r0)
    9290:	e1a00000 	nop			@ (mov r0, r0)
    9294:	e1a00000 	nop			@ (mov r0, r0)
    9298:	e1a00000 	nop			@ (mov r0, r0)
    929c:	e1a00000 	nop			@ (mov r0, r0)
    92a0:	e1a00000 	nop			@ (mov r0, r0)
    92a4:	e1a00000 	nop			@ (mov r0, r0)
    92a8:	e1a00000 	nop			@ (mov r0, r0)
    92ac:	e1a00000 	nop			@ (mov r0, r0)
    92b0:	e1a00000 	nop			@ (mov r0, r0)
    92b4:	e1a00000 	nop			@ (mov r0, r0)
    92b8:	e1a00000 	nop			@ (mov r0, r0)
    92bc:	e1a00000 	nop			@ (mov r0, r0)
    92c0:	e1a00000 	nop			@ (mov r0, r0)
    92c4:	e1a00000 	nop			@ (mov r0, r0)
    92c8:	e1a00000 	nop			@ (mov r0, r0)
    92cc:	e1a00000 	nop			@ (mov r0, r0)
    92d0:	e1a00000 	nop			@ (mov r0, r0)
    92d4:	e1a00000 	nop			@ (mov r0, r0)
    92d8:	e1a00000 	nop			@ (mov r0, r0)
    92dc:	e1a00000 	nop			@ (mov r0, r0)
    92e0:	e1a00000 	nop			@ (mov r0, r0)
