
/tmp/jit_dump.bin:     file format binary


Disassembly of section .data:

00000000 <.data>:
       0:	e92d4030 	push	{r4, r5, lr}
       4:	e1a04001 	mov	r4, r1
       8:	e24dd004 	sub	sp, sp, #4
       c:	e5905008 	ldr	r5, [r0, #8]
      10:	e12fff32 	blx	r2
      14:	e28dd004 	add	sp, sp, #4
      18:	e8bd8030 	pop	{r4, r5, pc}
      1c:	e52de004 	push	{lr}		@ (str lr, [sp, #-4]!)
      20:	e24dd004 	sub	sp, sp, #4
      24:	e58d0000 	str	r0, [sp]
      28:	e30cc123 	movw	ip, #49443	@ 0xc123
      2c:	e34cc456 	movt	ip, #50262	@ 0xc456
      30:	e3a009fd 	mov	r0, #4145152	@ 0x3f4000
      34:	e3800d9b 	orr	r0, r0, #9920	@ 0x26c0
      38:	e1a01004 	mov	r1, r4
      3c:	e59d2000 	ldr	r2, [sp]
      40:	e59fcff0 	ldr	ip, [pc, #4080]	@ 0x1038
      44:	e12fff3c 	blx	ip
      48:	e3500000 	cmp	r0, #0
      4c:	1a00000b 	bne	0x80
      50:	e59f0fe4 	ldr	r0, [pc, #4068]	@ 0x103c
      54:	e1a01004 	mov	r1, r4
      58:	e59d2000 	ldr	r2, [sp]
      5c:	e59fcfdc 	ldr	ip, [pc, #4060]	@ 0x1040
      60:	e12fff3c 	blx	ip
      64:	e3500000 	cmp	r0, #0
      68:	1a000004 	bne	0x80
      6c:	e59f0fd0 	ldr	r0, [pc, #4048]	@ 0x1044
      70:	e30ccabc 	movw	ip, #51900	@ 0xcabc
      74:	e34ccdef 	movt	ip, #52719	@ 0xcdef
      78:	e28dd004 	add	sp, sp, #4
      7c:	e49df004 	pop	{pc}		@ (ldr pc, [sp], #4)
      80:	e59d0000 	ldr	r0, [sp]
      84:	e59d1004 	ldr	r1, [sp, #4]
      88:	e59fcfb8 	ldr	ip, [pc, #4024]	@ 0x1048
      8c:	e12fff3c 	blx	ip
      90:	e28dd008 	add	sp, sp, #8
      94:	e12fff10 	bx	r0
      98:	e92d4040 	push	{r6, lr}
      9c:	e24dd008 	sub	sp, sp, #8
      a0:	e58d0000 	str	r0, [sp]
      a4:	e30cc123 	movw	ip, #49443	@ 0xc123
      a8:	e34cc456 	movt	ip, #50262	@ 0xc456
      ac:	e595e03c 	ldr	lr, [r5, #60]	@ 0x3c
      b0:	e59e0008 	ldr	r0, [lr, #8]
      b4:	e2406010 	sub	r6, r0, #16
      b8:	e595003c 	ldr	r0, [r5, #60]	@ 0x3c
      bc:	e5806008 	str	r6, [r0, #8]
      c0:	e1a01006 	mov	r1, r6
      c4:	e5950030 	ldr	r0, [r5, #48]	@ 0x30
      c8:	e59fef7c 	ldr	lr, [pc, #3964]	@ 0x104c
      cc:	e7f1e0fc 	udf	#7692	@ 0x1e0c
      d0:	2a000017 	bcs	0x134
      d4:	e3a02000 	mov	r2, #0
      d8:	e7d201f4 			@ <UNDEFINED> instruction: 0xe7d201f4
      dc:	e3a0eb40 	mov	lr, #64, 22	@ 0x10000
      e0:	e38ee1d8 	orr	lr, lr, #216, 2	@ 0x36
      e4:	e584e010 	str	lr, [r4, #16]
      e8:	e3a0e000 	mov	lr, #0
      ec:	e584e008 	str	lr, [r4, #8]
      f0:	e59f0f58 	ldr	r0, [pc, #3928]	@ 0x1050
      f4:	e1a01004 	mov	r1, r4
      f8:	e59d2000 	ldr	r2, [sp]
      fc:	e59fcf50 	ldr	ip, [pc, #3920]	@ 0x1054
     100:	e12fff3c 	blx	ip
     104:	e3500000 	cmp	r0, #0
     108:	1a00000c 	bne	0x140
     10c:	e3a00000 	mov	r0, #0
     110:	e2866010 	add	r6, r6, #16
     114:	e595103c 	ldr	r1, [r5, #60]	@ 0x3c
     118:	e5816008 	str	r6, [r1, #8]
     11c:	e5840004 	str	r0, [r4, #4]
     120:	e59f0f30 	ldr	r0, [pc, #3888]	@ 0x1058
     124:	e30ccabc 	movw	ip, #51900	@ 0xcabc
     128:	e34ccdef 	movt	ip, #52719	@ 0xcdef
     12c:	e28dd008 	add	sp, sp, #8
     130:	e8bd8040 	pop	{r6, pc}
     134:	e3a00008 	mov	r0, #8
     138:	e59d1000 	ldr	r1, [sp]
     13c:	e5810010 	str	r0, [r1, #16]
     140:	e59d0000 	ldr	r0, [sp]
     144:	e59d100c 	ldr	r1, [sp, #12]
     148:	e59fcf0c 	ldr	ip, [pc, #3852]	@ 0x105c
     14c:	e12fff3c 	blx	ip
     150:	e59d6008 	ldr	r6, [sp, #8]
     154:	e28dd010 	add	sp, sp, #16
     158:	e12fff10 	bx	r0
     15c:	e52de004 	push	{lr}		@ (str lr, [sp, #-4]!)
     160:	e24dd004 	sub	sp, sp, #4
     164:	e58d0000 	str	r0, [sp]
     168:	e30cc123 	movw	ip, #49443	@ 0xc123
     16c:	e34cc456 	movt	ip, #50262	@ 0xc456
     170:	e3a0c001 	mov	ip, #1
     174:	e35c0000 	cmp	ip, #0
     178:	0a000006 	beq	0x198
     17c:	e59f0edc 	ldr	r0, [pc, #3804]	@ 0x1060
     180:	e1a01004 	mov	r1, r4
     184:	e59d2000 	ldr	r2, [sp]
     188:	e59fced4 	ldr	ip, [pc, #3796]	@ 0x1064
     18c:	e12fff3c 	blx	ip
     190:	e3500000 	cmp	r0, #0
     194:	1a000017 	bne	0x1f8
     198:	e59f0ec8 	ldr	r0, [pc, #3784]	@ 0x1068
     19c:	e1a01004 	mov	r1, r4
     1a0:	e59d2000 	ldr	r2, [sp]
     1a4:	e59fcec0 	ldr	ip, [pc, #3776]	@ 0x106c
     1a8:	e12fff3c 	blx	ip
     1ac:	e3500000 	cmp	r0, #0
     1b0:	1a000010 	bne	0x1f8
     1b4:	e5940004 	ldr	r0, [r4, #4]
     1b8:	e5840004 	str	r0, [r4, #4]
     1bc:	e59f0eac 	ldr	r0, [pc, #3756]	@ 0x1070
     1c0:	e1a01004 	mov	r1, r4
     1c4:	e59d2000 	ldr	r2, [sp]
     1c8:	e59fcea4 	ldr	ip, [pc, #3748]	@ 0x1074
     1cc:	e12fff3c 	blx	ip
     1d0:	e3500000 	cmp	r0, #0
     1d4:	1a000007 	bne	0x1f8
     1d8:	e3a00015 	mov	r0, #21
     1dc:	ea000003 	b	0x1f0
     1e0:	e30ccabc 	movw	ip, #51900	@ 0xcabc
     1e4:	e34ccdef 	movt	ip, #52719	@ 0xcdef
     1e8:	e28dd004 	add	sp, sp, #4
     1ec:	e49df004 	pop	{pc}		@ (ldr pc, [sp], #4)
     1f0:	e59d1000 	ldr	r1, [sp]
     1f4:	e5810010 	str	r0, [r1, #16]
     1f8:	e59d0000 	ldr	r0, [sp]
     1fc:	e59d1004 	ldr	r1, [sp, #4]
     200:	e59fce70 	ldr	ip, [pc, #3696]	@ 0x1078
     204:	e12fff3c 	blx	ip
     208:	e28dd008 	add	sp, sp, #8
     20c:	e12fff10 	bx	r0
     210:	e52de004 	push	{lr}		@ (str lr, [sp, #-4]!)
     214:	e24dd004 	sub	sp, sp, #4
     218:	e58d0000 	str	r0, [sp]
     21c:	e30cc123 	movw	ip, #49443	@ 0xc123
     220:	e34cc456 	movt	ip, #50262	@ 0xc456
     224:	e59f0e50 	ldr	r0, [pc, #3664]	@ 0x107c
     228:	e30ccabc 	movw	ip, #51900	@ 0xcabc
     22c:	e34ccdef 	movt	ip, #52719	@ 0xcdef
     230:	e28dd004 	add	sp, sp, #4
     234:	e49df004 	pop	{pc}		@ (ldr pc, [sp], #4)
     238:	e92d4040 	push	{r6, lr}
     23c:	e24dd008 	sub	sp, sp, #8
     240:	e58d0000 	str	r0, [sp]
     244:	e30cc123 	movw	ip, #49443	@ 0xc123
     248:	e34cc456 	movt	ip, #50262	@ 0xc456
     24c:	e3a06000 	mov	r6, #0
     250:	e3a0c000 	mov	ip, #0
     254:	e35c0000 	cmp	ip, #0
     258:	9a000011 	bls	0x2a4
     25c:	e2460004 	sub	r0, r6, #4
     260:	e1a06000 	mov	r6, r0
     264:	e1a02000 	mov	r2, r0
     268:	e5951030 	ldr	r1, [r5, #48]	@ 0x30
     26c:	e59fcdd8 	ldr	ip, [pc, #3544]	@ 0x104c
     270:	e152000c 	cmp	r2, ip
     274:	8a000016 	bhi	0x2d4
     278:	e7e012f4 			@ <UNDEFINED> instruction: 0xe7e012f4
     27c:	e584000c 	str	r0, [r4, #12]
     280:	e59f0df8 	ldr	r0, [pc, #3576]	@ 0x1080
     284:	e1a01004 	mov	r1, r4
     288:	e59d2000 	ldr	r2, [sp]
     28c:	e59fcdf0 	ldr	ip, [pc, #3568]	@ 0x1084
     290:	e12fff3c 	blx	ip
     294:	e3500000 	cmp	r0, #0
     298:	1a000010 	bne	0x2e0
     29c:	e3560000 	cmp	r6, #0
     2a0:	8affffed 	bhi	0x25c
     2a4:	e59f0ddc 	ldr	r0, [pc, #3548]	@ 0x1088
     2a8:	e1a01004 	mov	r1, r4
     2ac:	e59d2000 	ldr	r2, [sp]
     2b0:	e59fcdd4 	ldr	ip, [pc, #3540]	@ 0x108c
     2b4:	e12fff3c 	blx	ip
     2b8:	e3500000 	cmp	r0, #0
     2bc:	1a000007 	bne	0x2e0
     2c0:	e59f0dc8 	ldr	r0, [pc, #3528]	@ 0x1090
     2c4:	e30ccabc 	movw	ip, #51900	@ 0xcabc
     2c8:	e34ccdef 	movt	ip, #52719	@ 0xcdef
     2cc:	e28dd008 	add	sp, sp, #8
     2d0:	e8bd8040 	pop	{r6, pc}
     2d4:	e3a00008 	mov	r0, #8
     2d8:	e59d1000 	ldr	r1, [sp]
     2dc:	e5810010 	str	r0, [r1, #16]
     2e0:	e59d0000 	ldr	r0, [sp]
     2e4:	e59d100c 	ldr	r1, [sp, #12]
     2e8:	e59fcda4 	ldr	ip, [pc, #3492]	@ 0x1094
     2ec:	e12fff3c 	blx	ip
     2f0:	e59d6008 	ldr	r6, [sp, #8]
     2f4:	e28dd010 	add	sp, sp, #16
     2f8:	e12fff10 	bx	r0
     2fc:	e92d4040 	push	{r6, lr}
     300:	e24dd008 	sub	sp, sp, #8
     304:	e58d0000 	str	r0, [sp]
     308:	e30cc123 	movw	ip, #49443	@ 0xc123
     30c:	e34cc456 	movt	ip, #50262	@ 0xc456
     310:	e5946000 	ldr	r6, [r4]
     314:	e3a009fc 	mov	r0, #252, 18	@ 0x3f0000
     318:	e3800de2 	orr	r0, r0, #14464	@ 0x3880
     31c:	e1a01004 	mov	r1, r4
     320:	e59d2000 	ldr	r2, [sp]
     324:	e59fcd6c 	ldr	ip, [pc, #3436]	@ 0x1098
     328:	e12fff3c 	blx	ip
     32c:	e3500000 	cmp	r0, #0
     330:	1a00001d 	bne	0x3ac
     334:	e59f0d60 	ldr	r0, [pc, #3424]	@ 0x109c
     338:	e1a01004 	mov	r1, r4
     33c:	e59d2000 	ldr	r2, [sp]
     340:	e59fcd58 	ldr	ip, [pc, #3416]	@ 0x10a0
     344:	e12fff3c 	blx	ip
     348:	e3500000 	cmp	r0, #0
     34c:	1a000016 	bne	0x3ac
     350:	e59f0d4c 	ldr	r0, [pc, #3404]	@ 0x10a4
     354:	e1a01004 	mov	r1, r4
     358:	e59d2000 	ldr	r2, [sp]
     35c:	e59fcd44 	ldr	ip, [pc, #3396]	@ 0x10a8
     360:	e12fff3c 	blx	ip
     364:	e3500000 	cmp	r0, #0
     368:	1a00000f 	bne	0x3ac
     36c:	e5846000 	str	r6, [r4]
     370:	e59f0d34 	ldr	r0, [pc, #3380]	@ 0x10ac
     374:	e1a01004 	mov	r1, r4
     378:	e59d2000 	ldr	r2, [sp]
     37c:	e59fcd2c 	ldr	ip, [pc, #3372]	@ 0x10b0
     380:	e12fff3c 	blx	ip
     384:	e3500000 	cmp	r0, #0
     388:	1a000007 	bne	0x3ac
     38c:	e3a00015 	mov	r0, #21
     390:	ea000003 	b	0x3a4
     394:	e30ccabc 	movw	ip, #51900	@ 0xcabc
     398:	e34ccdef 	movt	ip, #52719	@ 0xcdef
     39c:	e28dd008 	add	sp, sp, #8
     3a0:	e8bd8040 	pop	{r6, pc}
     3a4:	e59d1000 	ldr	r1, [sp]
     3a8:	e5810010 	str	r0, [r1, #16]
     3ac:	e59d0000 	ldr	r0, [sp]
     3b0:	e59d100c 	ldr	r1, [sp, #12]
     3b4:	e59fccf8 	ldr	ip, [pc, #3320]	@ 0x10b4
     3b8:	e12fff3c 	blx	ip
     3bc:	e59d6008 	ldr	r6, [sp, #8]
     3c0:	e28dd010 	add	sp, sp, #16
     3c4:	e12fff10 	bx	r0
     3c8:	e52de004 	push	{lr}		@ (str lr, [sp, #-4]!)
     3cc:	e24dd004 	sub	sp, sp, #4
     3d0:	e58d0000 	str	r0, [sp]
     3d4:	e30cc123 	movw	ip, #49443	@ 0xc123
     3d8:	e34cc456 	movt	ip, #50262	@ 0xc456
     3dc:	e5940000 	ldr	r0, [r4]
     3e0:	e5840000 	str	r0, [r4]
     3e4:	e59f0ccc 	ldr	r0, [pc, #3276]	@ 0x10b8
     3e8:	e1a01004 	mov	r1, r4
     3ec:	e59d2000 	ldr	r2, [sp]
     3f0:	e59fccc4 	ldr	ip, [pc, #3268]	@ 0x10bc
     3f4:	e12fff3c 	blx	ip
     3f8:	e3500000 	cmp	r0, #0
     3fc:	1a000007 	bne	0x420
     400:	e3a00015 	mov	r0, #21
     404:	ea000003 	b	0x418
     408:	e30ccabc 	movw	ip, #51900	@ 0xcabc
     40c:	e34ccdef 	movt	ip, #52719	@ 0xcdef
     410:	e28dd004 	add	sp, sp, #4
     414:	e49df004 	pop	{pc}		@ (ldr pc, [sp], #4)
     418:	e59d1000 	ldr	r1, [sp]
     41c:	e5810010 	str	r0, [r1, #16]
     420:	e59d0000 	ldr	r0, [sp]
     424:	e59d1004 	ldr	r1, [sp, #4]
     428:	e59fcc90 	ldr	ip, [pc, #3216]	@ 0x10c0
     42c:	e12fff3c 	blx	ip
     430:	e28dd008 	add	sp, sp, #8
     434:	e12fff10 	bx	r0
     438:	e92d40c0 	push	{r6, r7, lr}
     43c:	e24dd004 	sub	sp, sp, #4
     440:	e58d0000 	str	r0, [sp]
     444:	e30cc123 	movw	ip, #49443	@ 0xc123
     448:	e34cc456 	movt	ip, #50262	@ 0xc456
     44c:	e5940000 	ldr	r0, [r4]
     450:	e5941004 	ldr	r1, [r4, #4]
     454:	e595e03c 	ldr	lr, [r5, #60]	@ 0x3c
     458:	e59e2008 	ldr	r2, [lr, #8]
     45c:	e2422010 	sub	r2, r2, #16
     460:	e1a06002 	mov	r6, r2
     464:	e595303c 	ldr	r3, [r5, #60]	@ 0x3c
     468:	e5832008 	str	r2, [r3, #8]
     46c:	e1a03006 	mov	r3, r6
     470:	e5952030 	ldr	r2, [r5, #48]	@ 0x30
     474:	e59febd0 	ldr	lr, [pc, #3024]	@ 0x104c
     478:	e7f3e0fc 	udf	#15884	@ 0x3e0c
     47c:	2a000016 	bcs	0x4dc
     480:	e7d123f4 			@ <UNDEFINED> instruction: 0xe7d123f4
     484:	e3a0eb42 	mov	lr, #67584	@ 0x10800
     488:	e38eefb6 	orr	lr, lr, #728	@ 0x2d8
     48c:	e584e010 	str	lr, [r4, #16]
     490:	e5840000 	str	r0, [r4]
     494:	e5841004 	str	r1, [r4, #4]
     498:	e59f0c24 	ldr	r0, [pc, #3108]	@ 0x10c4
     49c:	e1a01004 	mov	r1, r4
     4a0:	e59d2000 	ldr	r2, [sp]
     4a4:	e59fcc1c 	ldr	ip, [pc, #3100]	@ 0x10c8
     4a8:	e12fff3c 	blx	ip
     4ac:	e3500000 	cmp	r0, #0
     4b0:	1a00000c 	bne	0x4e8
     4b4:	e5940014 	ldr	r0, [r4, #20]
     4b8:	e2866010 	add	r6, r6, #16
     4bc:	e595103c 	ldr	r1, [r5, #60]	@ 0x3c
     4c0:	e5816008 	str	r6, [r1, #8]
     4c4:	e5840004 	str	r0, [r4, #4]
     4c8:	e59f0bfc 	ldr	r0, [pc, #3068]	@ 0x10cc
     4cc:	e30ccabc 	movw	ip, #51900	@ 0xcabc
     4d0:	e34ccdef 	movt	ip, #52719	@ 0xcdef
     4d4:	e28dd004 	add	sp, sp, #4
     4d8:	e8bd80c0 	pop	{r6, r7, pc}
     4dc:	e3a00008 	mov	r0, #8
     4e0:	e59d1000 	ldr	r1, [sp]
     4e4:	e5810010 	str	r0, [r1, #16]
     4e8:	e59d0000 	ldr	r0, [sp]
     4ec:	e59d100c 	ldr	r1, [sp, #12]
     4f0:	e59fcbd8 	ldr	ip, [pc, #3032]	@ 0x10d0
     4f4:	e12fff3c 	blx	ip
     4f8:	e28dd004 	add	sp, sp, #4
     4fc:	e8bd00c0 	pop	{r6, r7}
     500:	e28dd004 	add	sp, sp, #4
     504:	e12fff10 	bx	r0
     508:	e92d4fc0 	push	{r6, r7, r8, r9, sl, fp, lr}
     50c:	e24dd004 	sub	sp, sp, #4
     510:	e58d0000 	str	r0, [sp]
     514:	e30cc123 	movw	ip, #49443	@ 0xc123
     518:	e34cc456 	movt	ip, #50262	@ 0xc456
     51c:	e5946000 	ldr	r6, [r4]
     520:	e5940004 	ldr	r0, [r4, #4]
     524:	e595e03c 	ldr	lr, [r5, #60]	@ 0x3c
     528:	e59e1008 	ldr	r1, [lr, #8]
     52c:	e2411020 	sub	r1, r1, #32
     530:	e584100c 	str	r1, [r4, #12]
     534:	e595203c 	ldr	r2, [r5, #60]	@ 0x3c
     538:	e5821008 	str	r1, [r2, #8]
     53c:	e1a03006 	mov	r3, r6
     540:	e5952030 	ldr	r2, [r5, #48]	@ 0x30
     544:	e59feb00 	ldr	lr, [pc, #2816]	@ 0x104c
     548:	e7f3e1fc 	udf	#15900	@ 0x3e1c
     54c:	2a000104 	bcs	0x964
     550:	e7e123f4 			@ <UNDEFINED> instruction: 0xe7e123f4
     554:	e1a02001 	mov	r2, r1
     558:	e594900c 	ldr	r9, [r4, #12]
     55c:	e5953030 	ldr	r3, [r5, #48]	@ 0x30
     560:	e59feae4 	ldr	lr, [pc, #2788]	@ 0x104c
     564:	e7f9e1f0 	udf	#40464	@ 0x9e10
     568:	2a0000fd 	bcs	0x964
     56c:	e7d139f4 			@ <UNDEFINED> instruction: 0xe7d139f4
     570:	e1a09006 	mov	r9, r6
     574:	e5953030 	ldr	r3, [r5, #48]	@ 0x30
     578:	e59feacc 	ldr	lr, [pc, #2764]	@ 0x104c
     57c:	e7f9e1f4 	udf	#40468	@ 0x9e14
     580:	2a0000f7 	bcs	0x964
     584:	e7e139f4 			@ <UNDEFINED> instruction: 0xe7e139f4
     588:	e594900c 	ldr	r9, [r4, #12]
     58c:	e5953030 	ldr	r3, [r5, #48]	@ 0x30
     590:	e594a008 	ldr	sl, [r4, #8]
     594:	e59feab0 	ldr	lr, [pc, #2736]	@ 0x104c
     598:	e7f9e1fc 	udf	#40476	@ 0x9e1c
     59c:	2a0000f0 	bcs	0x964
     5a0:	e7da39f4 			@ <UNDEFINED> instruction: 0xe7da39f4
     5a4:	e594900c 	ldr	r9, [r4, #12]
     5a8:	e5953030 	ldr	r3, [r5, #48]	@ 0x30
     5ac:	e59fea98 	ldr	lr, [pc, #2712]	@ 0x104c
     5b0:	e7f9e1f8 	udf	#40472	@ 0x9e18
     5b4:	2a0000ea 	bcs	0x964
     5b8:	e7d039f4 			@ <UNDEFINED> instruction: 0xe7d039f4
     5bc:	e0411002 	sub	r1, r1, r2
     5c0:	e1a00001 	mov	r0, r1
     5c4:	e594300c 	ldr	r3, [r4, #12]
     5c8:	e5952030 	ldr	r2, [r5, #48]	@ 0x30
     5cc:	e59fea78 	ldr	lr, [pc, #2680]	@ 0x104c
     5d0:	e7f3e1f4 	udf	#15892	@ 0x3e14
     5d4:	2a0000e2 	bcs	0x964
     5d8:	e7d123f4 			@ <UNDEFINED> instruction: 0xe7d123f4
     5dc:	e594c008 	ldr	ip, [r4, #8]
     5e0:	e080900c 	add	r9, r0, ip
     5e4:	e594c00c 	ldr	ip, [r4, #12]
     5e8:	e28ca010 	add	sl, ip, #16
     5ec:	e3a0e002 	mov	lr, #2
     5f0:	e584e01c 	str	lr, [r4, #28]
     5f4:	e1a02006 	mov	r2, r6
     5f8:	e5951030 	ldr	r1, [r5, #48]	@ 0x30
     5fc:	e59fea48 	ldr	lr, [pc, #2632]	@ 0x104c
     600:	e7f2e3fc 	udf	#11836	@ 0x2e3c
     604:	2a0000d6 	bcs	0x964
     608:	e7e012f4 			@ <UNDEFINED> instruction: 0xe7e012f4
     60c:	e594c00c 	ldr	ip, [r4, #12]
     610:	e28c1010 	add	r1, ip, #16
     614:	e594c00c 	ldr	ip, [r4, #12]
     618:	e28c200c 	add	r2, ip, #12
     61c:	e5840040 	str	r0, [r4, #64]	@ 0x40
     620:	e5841044 	str	r1, [r4, #68]	@ 0x44
     624:	e3a0e002 	mov	lr, #2
     628:	e584e02c 	str	lr, [r4, #44]	@ 0x2c
     62c:	e584204c 	str	r2, [r4, #76]	@ 0x4c
     630:	e59f0a9c 	ldr	r0, [pc, #2716]	@ 0x10d4
     634:	e1a01004 	mov	r1, r4
     638:	e59d2000 	ldr	r2, [sp]
     63c:	e59fca94 	ldr	ip, [pc, #2708]	@ 0x10d8
     640:	e12fff3c 	blx	ip
     644:	e3500000 	cmp	r0, #0
     648:	1a0000c8 	bne	0x970
     64c:	e5940040 	ldr	r0, [r4, #64]	@ 0x40
     650:	e5840040 	str	r0, [r4, #64]	@ 0x40
     654:	e59f0a80 	ldr	r0, [pc, #2688]	@ 0x10dc
     658:	e1a01004 	mov	r1, r4
     65c:	e59d2000 	ldr	r2, [sp]
     660:	e59fca78 	ldr	ip, [pc, #2680]	@ 0x10e0
     664:	e12fff3c 	blx	ip
     668:	e3500000 	cmp	r0, #0
     66c:	1a0000bf 	bne	0x970
     670:	e5940040 	ldr	r0, [r4, #64]	@ 0x40
     674:	e3500000 	cmp	r0, #0
     678:	0a000001 	beq	0x684
     67c:	e584a014 	str	sl, [r4, #20]
     680:	ea000060 	b	0x808
     684:	e594200c 	ldr	r2, [r4, #12]
     688:	e5951030 	ldr	r1, [r5, #48]	@ 0x30
     68c:	e59fe9b8 	ldr	lr, [pc, #2488]	@ 0x104c
     690:	e7f2e0fc 	udf	#11788	@ 0x2e0c
     694:	2a0000b2 	bcs	0x964
     698:	e7e012f4 			@ <UNDEFINED> instruction: 0xe7e012f4
     69c:	e1a01000 	mov	r1, r0
     6a0:	e1590000 	cmp	r9, r0
     6a4:	0a000059 	beq	0x810
     6a8:	e3710001 	cmn	r1, #1
     6ac:	ca000001 	bgt	0x6b8
     6b0:	e584a014 	str	sl, [r4, #20]
     6b4:	ea000077 	b	0x898
     6b8:	e1a0300a 	mov	r3, sl
     6bc:	e5952030 	ldr	r2, [r5, #48]	@ 0x30
     6c0:	e59fe984 	ldr	lr, [pc, #2436]	@ 0x104c
     6c4:	e7f3e0f4 	udf	#15876	@ 0x3e04
     6c8:	2a0000a5 	bcs	0x964
     6cc:	e7e023f4 			@ <UNDEFINED> instruction: 0xe7e023f4
     6d0:	e1a02000 	mov	r2, r0
     6d4:	e1510000 	cmp	r1, r0
     6d8:	e3a00000 	mov	r0, #0
     6dc:	83a00001 	movhi	r0, #1
     6e0:	e1a03000 	mov	r3, r0
     6e4:	e3500000 	cmp	r0, #0
     6e8:	e3a07008 	mov	r7, #8
     6ec:	03a07000 	moveq	r7, #0
     6f0:	e08a7007 	add	r7, sl, r7
     6f4:	e5847014 	str	r7, [r4, #20]
     6f8:	e594b014 	ldr	fp, [r4, #20]
     6fc:	e5958030 	ldr	r8, [r5, #48]	@ 0x30
     700:	e59fc944 	ldr	ip, [pc, #2372]	@ 0x104c
     704:	e15b000c 	cmp	fp, ip
     708:	8a000095 	bhi	0x964
     70c:	e7e08bf4 			@ <UNDEFINED> instruction: 0xe7e08bf4
     710:	e3530000 	cmp	r3, #0
     714:	03a02000 	moveq	r2, #0
     718:	e0412002 	sub	r2, r1, r2
     71c:	e1a08002 	mov	r8, r2
     720:	e0800002 	add	r0, r0, r2
     724:	e5952030 	ldr	r2, [r5, #48]	@ 0x30
     728:	e59fc91c 	ldr	ip, [pc, #2332]	@ 0x104c
     72c:	e157000c 	cmp	r7, ip
     730:	8a00008b 	bhi	0x964
     734:	e7d027f4 			@ <UNDEFINED> instruction: 0xe7d027f4
     738:	e3530000 	cmp	r3, #0
     73c:	e3a0000c 	mov	r0, #12
     740:	03a00004 	moveq	r0, #4
     744:	e08a0000 	add	r0, sl, r0
     748:	e1a02000 	mov	r2, r0
     74c:	e1a0b002 	mov	fp, r2
     750:	e5957030 	ldr	r7, [r5, #48]	@ 0x30
     754:	e59fc8f0 	ldr	ip, [pc, #2288]	@ 0x104c
     758:	e15b000c 	cmp	fp, ip
     75c:	8a000080 	bhi	0x964
     760:	e7e27bf4 			@ <UNDEFINED> instruction: 0xe7e27bf4
     764:	e0422008 	sub	r2, r2, r8
     768:	e5957030 	ldr	r7, [r5, #48]	@ 0x30
     76c:	e59fc8d8 	ldr	ip, [pc, #2264]	@ 0x104c
     770:	e150000c 	cmp	r0, ip
     774:	8a00007a 	bhi	0x964
     778:	e7d270f4 			@ <UNDEFINED> instruction: 0xe7d270f4
     77c:	e0499001 	sub	r9, r9, r1
     780:	e594a014 	ldr	sl, [r4, #20]
     784:	e1a02006 	mov	r2, r6
     788:	e5951030 	ldr	r1, [r5, #48]	@ 0x30
     78c:	e59fe8b8 	ldr	lr, [pc, #2232]	@ 0x104c
     790:	e7f2e3fc 	udf	#11836	@ 0x2e3c
     794:	2a000072 	bcs	0x964
     798:	e7e012f4 			@ <UNDEFINED> instruction: 0xe7e012f4
     79c:	e594c01c 	ldr	ip, [r4, #28]
     7a0:	e04c3003 	sub	r3, ip, r3
     7a4:	e584301c 	str	r3, [r4, #28]
     7a8:	e594c00c 	ldr	ip, [r4, #12]
     7ac:	e28c100c 	add	r1, ip, #12
     7b0:	e5840040 	str	r0, [r4, #64]	@ 0x40
     7b4:	e5843048 	str	r3, [r4, #72]	@ 0x48
     7b8:	e584104c 	str	r1, [r4, #76]	@ 0x4c
     7bc:	e59f0920 	ldr	r0, [pc, #2336]	@ 0x10e4
     7c0:	e1a01004 	mov	r1, r4
     7c4:	e59d2000 	ldr	r2, [sp]
     7c8:	e59fc918 	ldr	ip, [pc, #2328]	@ 0x10e8
     7cc:	e12fff3c 	blx	ip
     7d0:	e3500000 	cmp	r0, #0
     7d4:	1a000065 	bne	0x970
     7d8:	e5940040 	ldr	r0, [r4, #64]	@ 0x40
     7dc:	e5840040 	str	r0, [r4, #64]	@ 0x40
     7e0:	e59f0904 	ldr	r0, [pc, #2308]	@ 0x10ec
     7e4:	e1a01004 	mov	r1, r4
     7e8:	e59d2000 	ldr	r2, [sp]
     7ec:	e59fc8fc 	ldr	ip, [pc, #2300]	@ 0x10f0
     7f0:	e12fff3c 	blx	ip
     7f4:	e3500000 	cmp	r0, #0
     7f8:	1a00005c 	bne	0x970
     7fc:	e5940040 	ldr	r0, [r4, #64]	@ 0x40
     800:	e3500000 	cmp	r0, #0
     804:	0affff9e 	beq	0x684
     808:	e3790001 	cmn	r9, #1
     80c:	1a000021 	bne	0x898
     810:	e1a02006 	mov	r2, r6
     814:	e5951030 	ldr	r1, [r5, #48]	@ 0x30
     818:	e59fe82c 	ldr	lr, [pc, #2092]	@ 0x104c
     81c:	e7f2e2fc 	udf	#11820	@ 0x2e2c
     820:	2a00004f 	bcs	0x964
     824:	e7e012f4 			@ <UNDEFINED> instruction: 0xe7e012f4
     828:	e1a01000 	mov	r1, r0
     82c:	e1a03006 	mov	r3, r6
     830:	e5952030 	ldr	r2, [r5, #48]	@ 0x30
     834:	e59fe810 	ldr	lr, [pc, #2064]	@ 0x104c
     838:	e7f3e1fc 	udf	#15900	@ 0x3e1c
     83c:	2a000048 	bcs	0x964
     840:	e7d023f4 			@ <UNDEFINED> instruction: 0xe7d023f4
     844:	e1a02006 	mov	r2, r6
     848:	e5950030 	ldr	r0, [r5, #48]	@ 0x30
     84c:	e59fe7f8 	ldr	lr, [pc, #2040]	@ 0x104c
     850:	e7f2e1f4 	udf	#11796	@ 0x2e14
     854:	2a000042 	bcs	0x964
     858:	e7d102f4 			@ <UNDEFINED> instruction: 0xe7d102f4
     85c:	e1a03006 	mov	r3, r6
     860:	e5952030 	ldr	r2, [r5, #48]	@ 0x30
     864:	e59fe7e0 	ldr	lr, [pc, #2016]	@ 0x104c
     868:	e7f3e3f0 	udf	#15920	@ 0x3e30
     86c:	2a00003c 	bcs	0x964
     870:	e7e023f4 			@ <UNDEFINED> instruction: 0xe7e023f4
     874:	e0811000 	add	r1, r1, r0
     878:	e1a02006 	mov	r2, r6
     87c:	e5950030 	ldr	r0, [r5, #48]	@ 0x30
     880:	e59fe7c4 	ldr	lr, [pc, #1988]	@ 0x104c
     884:	e7f2e1f0 	udf	#11792	@ 0x2e10
     888:	2a000035 	bcs	0x964
     88c:	e7d102f4 			@ <UNDEFINED> instruction: 0xe7d102f4
     890:	e5940008 	ldr	r0, [r4, #8]
     894:	ea000028 	b	0x93c
     898:	e3a00000 	mov	r0, #0
     89c:	e1a02006 	mov	r2, r6
     8a0:	e5951030 	ldr	r1, [r5, #48]	@ 0x30
     8a4:	e59fe7a0 	ldr	lr, [pc, #1952]	@ 0x104c
     8a8:	e7f2e1fc 	udf	#11804	@ 0x2e1c
     8ac:	2a00002c 	bcs	0x964
     8b0:	e3a03000 	mov	r3, #0
     8b4:	e7d312f4 			@ <UNDEFINED> instruction: 0xe7d312f4
     8b8:	e1a02006 	mov	r2, r6
     8bc:	e5951030 	ldr	r1, [r5, #48]	@ 0x30
     8c0:	e59fe82c 	ldr	lr, [pc, #2092]	@ 0x10f4
     8c4:	e7f2e1f0 	udf	#11792	@ 0x2e10
     8c8:	2a000025 	bcs	0x964
     8cc:	e0811002 	add	r1, r1, r2
     8d0:	e3a02000 	mov	r2, #0
     8d4:	e3a03000 	mov	r3, #0
     8d8:	e5813000 	str	r3, [r1]
     8dc:	e5812004 	str	r2, [r1, #4]
     8e0:	e1a03006 	mov	r3, r6
     8e4:	e5952030 	ldr	r2, [r5, #48]	@ 0x30
     8e8:	e59fc75c 	ldr	ip, [pc, #1884]	@ 0x104c
     8ec:	e153000c 	cmp	r3, ip
     8f0:	8a00001b 	bhi	0x964
     8f4:	e7e123f4 			@ <UNDEFINED> instruction: 0xe7e123f4
     8f8:	e3811020 	orr	r1, r1, #32
     8fc:	e5952030 	ldr	r2, [r5, #48]	@ 0x30
     900:	e59fc744 	ldr	ip, [pc, #1860]	@ 0x104c
     904:	e156000c 	cmp	r6, ip
     908:	8a000015 	bhi	0x964
     90c:	e7d126f4 			@ <UNDEFINED> instruction: 0xe7d126f4
     910:	e594c01c 	ldr	ip, [r4, #28]
     914:	e35c0002 	cmp	ip, #2
     918:	0a000007 	beq	0x93c
     91c:	e5943014 	ldr	r3, [r4, #20]
     920:	e5952030 	ldr	r2, [r5, #48]	@ 0x30
     924:	e59fe720 	ldr	lr, [pc, #1824]	@ 0x104c
     928:	e7f3e0f4 	udf	#15876	@ 0x3e04
     92c:	2a00000c 	bcs	0x964
     930:	e7e123f4 			@ <UNDEFINED> instruction: 0xe7e123f4
     934:	e594c008 	ldr	ip, [r4, #8]
     938:	e04c0001 	sub	r0, ip, r1
     93c:	e594c00c 	ldr	ip, [r4, #12]
     940:	e28c1020 	add	r1, ip, #32
     944:	e595203c 	ldr	r2, [r5, #60]	@ 0x3c
     948:	e5821008 	str	r1, [r2, #8]
     94c:	e5840004 	str	r0, [r4, #4]
     950:	e59f07a0 	ldr	r0, [pc, #1952]	@ 0x10f8
     954:	e30ccabc 	movw	ip, #51900	@ 0xcabc
     958:	e34ccdef 	movt	ip, #52719	@ 0xcdef
     95c:	e28dd004 	add	sp, sp, #4
     960:	e8bd8fc0 	pop	{r6, r7, r8, r9, sl, fp, pc}
     964:	e3a00008 	mov	r0, #8
     968:	e59d1000 	ldr	r1, [sp]
     96c:	e5810010 	str	r0, [r1, #16]
     970:	e59d0000 	ldr	r0, [sp]
     974:	e59d101c 	ldr	r1, [sp, #28]
     978:	e59fc77c 	ldr	ip, [pc, #1916]	@ 0x10fc
     97c:	e12fff3c 	blx	ip
     980:	e28dd004 	add	sp, sp, #4
     984:	e8bd0fc0 	pop	{r6, r7, r8, r9, sl, fp}
     988:	e28dd004 	add	sp, sp, #4
     98c:	e12fff10 	bx	r0
     990:	e52de004 	push	{lr}		@ (str lr, [sp, #-4]!)
     994:	e24dd004 	sub	sp, sp, #4
     998:	e58d0000 	str	r0, [sp]
     99c:	e30cc123 	movw	ip, #49443	@ 0xc123
     9a0:	e34cc456 	movt	ip, #50262	@ 0xc456
     9a4:	e3a0e000 	mov	lr, #0
     9a8:	e584e004 	str	lr, [r4, #4]
     9ac:	e59f074c 	ldr	r0, [pc, #1868]	@ 0x1100
     9b0:	e30ccabc 	movw	ip, #51900	@ 0xcabc
     9b4:	e34ccdef 	movt	ip, #52719	@ 0xcdef
     9b8:	e28dd004 	add	sp, sp, #4
     9bc:	e49df004 	pop	{pc}		@ (ldr pc, [sp], #4)
     9c0:	e52de004 	push	{lr}		@ (str lr, [sp, #-4]!)
     9c4:	e24dd004 	sub	sp, sp, #4
     9c8:	e58d0000 	str	r0, [sp]
     9cc:	e30cc123 	movw	ip, #49443	@ 0xc123
     9d0:	e34cc456 	movt	ip, #50262	@ 0xc456
     9d4:	e3a0e000 	mov	lr, #0
     9d8:	e584e010 	str	lr, [r4, #16]
     9dc:	e3a0e000 	mov	lr, #0
     9e0:	e584e014 	str	lr, [r4, #20]
     9e4:	e59f0718 	ldr	r0, [pc, #1816]	@ 0x1104
     9e8:	e30ccabc 	movw	ip, #51900	@ 0xcabc
     9ec:	e34ccdef 	movt	ip, #52719	@ 0xcdef
     9f0:	e28dd004 	add	sp, sp, #4
     9f4:	e49df004 	pop	{pc}		@ (ldr pc, [sp], #4)
     9f8:	e52de004 	push	{lr}		@ (str lr, [sp, #-4]!)
     9fc:	e24dd004 	sub	sp, sp, #4
     a00:	e58d0000 	str	r0, [sp]
     a04:	e30cc123 	movw	ip, #49443	@ 0xc123
     a08:	e34cc456 	movt	ip, #50262	@ 0xc456
     a0c:	e3a0e001 	mov	lr, #1
     a10:	e584e004 	str	lr, [r4, #4]
     a14:	e59f06ec 	ldr	r0, [pc, #1772]	@ 0x1108
     a18:	e30ccabc 	movw	ip, #51900	@ 0xcabc
     a1c:	e34ccdef 	movt	ip, #52719	@ 0xcdef
     a20:	e28dd004 	add	sp, sp, #4
     a24:	e49df004 	pop	{pc}		@ (ldr pc, [sp], #4)
     a28:	e52de004 	push	{lr}		@ (str lr, [sp, #-4]!)
     a2c:	e24dd004 	sub	sp, sp, #4
     a30:	e58d0000 	str	r0, [sp]
     a34:	e30cc123 	movw	ip, #49443	@ 0xc123
     a38:	e34cc456 	movt	ip, #50262	@ 0xc456
     a3c:	e59f06c8 	ldr	r0, [pc, #1736]	@ 0x110c
     a40:	e30ccabc 	movw	ip, #51900	@ 0xcabc
     a44:	e34ccdef 	movt	ip, #52719	@ 0xcdef
     a48:	e28dd004 	add	sp, sp, #4
     a4c:	e49df004 	pop	{pc}		@ (ldr pc, [sp], #4)
     a50:	e52de004 	push	{lr}		@ (str lr, [sp, #-4]!)
     a54:	e24dd004 	sub	sp, sp, #4
     a58:	e58d0000 	str	r0, [sp]
     a5c:	e30cc123 	movw	ip, #49443	@ 0xc123
     a60:	e34cc456 	movt	ip, #50262	@ 0xc456
     a64:	e3a0eb44 	mov	lr, #68, 22	@ 0x11000
     a68:	e38ee160 	orr	lr, lr, #96, 2
     a6c:	e584e000 	str	lr, [r4]
     a70:	e59f0698 	ldr	r0, [pc, #1688]	@ 0x1110
     a74:	e30ccabc 	movw	ip, #51900	@ 0xcabc
     a78:	e34ccdef 	movt	ip, #52719	@ 0xcdef
     a7c:	e28dd004 	add	sp, sp, #4
     a80:	e49df004 	pop	{pc}		@ (ldr pc, [sp], #4)
     a84:	e92d4040 	push	{r6, lr}
     a88:	e24dd010 	sub	sp, sp, #16
     a8c:	e58d0000 	str	r0, [sp]
     a90:	e30cc123 	movw	ip, #49443	@ 0xc123
     a94:	e34cc456 	movt	ip, #50262	@ 0xc456
     a98:	e5946000 	ldr	r6, [r4]
     a9c:	e5940004 	ldr	r0, [r4, #4]
     aa0:	e5941008 	ldr	r1, [r4, #8]
     aa4:	e3510000 	cmp	r1, #0
     aa8:	0a00000b 	beq	0xadc
     aac:	e1a02001 	mov	r2, r1
     ab0:	e1a01000 	mov	r1, r0
     ab4:	e1a00006 	mov	r0, r6
     ab8:	e28d3004 	add	r3, sp, #4
     abc:	e595e028 	ldr	lr, [r5, #40]	@ 0x28
     ac0:	e58de004 	str	lr, [sp, #4]
     ac4:	e595e028 	ldr	lr, [r5, #40]	@ 0x28
     ac8:	e58de008 	str	lr, [sp, #8]
     acc:	e59fc640 	ldr	ip, [pc, #1600]	@ 0x1114
     ad0:	e12fff3c 	blx	ip
     ad4:	e3500000 	cmp	r0, #0
     ad8:	1a000005 	bne	0xaf4
     adc:	e5846000 	str	r6, [r4]
     ae0:	e59f0630 	ldr	r0, [pc, #1584]	@ 0x1118
     ae4:	e30ccabc 	movw	ip, #51900	@ 0xcabc
     ae8:	e34ccdef 	movt	ip, #52719	@ 0xcdef
     aec:	e28dd010 	add	sp, sp, #16
     af0:	e8bd8040 	pop	{r6, pc}
     af4:	e59d1000 	ldr	r1, [sp]
     af8:	e5810010 	str	r0, [r1, #16]
     afc:	e59d0000 	ldr	r0, [sp]
     b00:	e59d1014 	ldr	r1, [sp, #20]
     b04:	e59fc610 	ldr	ip, [pc, #1552]	@ 0x111c
     b08:	e12fff3c 	blx	ip
     b0c:	e59d6010 	ldr	r6, [sp, #16]
     b10:	e28dd018 	add	sp, sp, #24
     b14:	e12fff10 	bx	r0
     b18:	e92d4fc0 	push	{r6, r7, r8, r9, sl, fp, lr}
     b1c:	e24dd004 	sub	sp, sp, #4
     b20:	e58d0000 	str	r0, [sp]
     b24:	e30cc123 	movw	ip, #49443	@ 0xc123
     b28:	e34cc456 	movt	ip, #50262	@ 0xc456
     b2c:	e5940000 	ldr	r0, [r4]
     b30:	e5941004 	ldr	r1, [r4, #4]
     b34:	e5942008 	ldr	r2, [r4, #8]
     b38:	e3520f80 	cmp	r2, #128, 30	@ 0x200
     b3c:	3a00000d 	bcc	0xb78
     b40:	e5840000 	str	r0, [r4]
     b44:	e5841004 	str	r1, [r4, #4]
     b48:	e5842008 	str	r2, [r4, #8]
     b4c:	e59f05cc 	ldr	r0, [pc, #1484]	@ 0x1120
     b50:	e1a01004 	mov	r1, r4
     b54:	e59d2000 	ldr	r2, [sp]
     b58:	e59fc5c4 	ldr	ip, [pc, #1476]	@ 0x1124
     b5c:	e12fff3c 	blx	ip
     b60:	e3500000 	cmp	r0, #0
     b64:	1a0001ac 	bne	0x121c
     b68:	e5943030 	ldr	r3, [r4, #48]	@ 0x30
     b6c:	e5843030 	str	r3, [r4, #48]	@ 0x30
     b70:	e59f05b0 	ldr	r0, [pc, #1456]	@ 0x1128
     b74:	ea0001a3 	b	0x1208
     b78:	e0803002 	add	r3, r0, r2
     b7c:	e0216000 	eor	r6, r1, r0
     b80:	e3160003 	tst	r6, #3
     b84:	1a0000fd 	bne	0xf80
     b88:	e3100003 	tst	r0, #3
     b8c:	1a000001 	bne	0xb98
     b90:	e1a06000 	mov	r6, r0
     b94:	ea000019 	b	0xc00
     b98:	e3520000 	cmp	r2, #0
     b9c:	1a000001 	bne	0xba8
     ba0:	e1a06000 	mov	r6, r0
     ba4:	ea000015 	b	0xc00
     ba8:	e1a06000 	mov	r6, r0
     bac:	e1a09001 	mov	r9, r1
     bb0:	e5958030 	ldr	r8, [r5, #48]	@ 0x30
     bb4:	e3e0c4fe 	mvn	ip, #-33554432	@ 0xfe000000
     bb8:	e3ccc8fe 	bic	ip, ip, #16646144	@ 0xfe0000
     bbc:	e159000c 	cmp	r9, ip
     bc0:	8a000192 	bhi	0x1210
     bc4:	e7e789f0 			@ <UNDEFINED> instruction: 0xe7e789f0
     bc8:	e1a09006 	mov	r9, r6
     bcc:	e5958030 	ldr	r8, [r5, #48]	@ 0x30
     bd0:	e3e0c4fe 	mvn	ip, #-33554432	@ 0xfe000000
     bd4:	e3ccc8fe 	bic	ip, ip, #16646144	@ 0xfe0000
     bd8:	e159000c 	cmp	r9, ip
     bdc:	8a00018b 	bhi	0x1210
     be0:	e7d789f0 			@ <UNDEFINED> instruction: 0xe7d789f0
     be4:	e2811001 	add	r1, r1, #1
     be8:	e2867001 	add	r7, r6, #1
     bec:	e1a06007 	mov	r6, r7
     bf0:	e3170003 	tst	r7, #3
     bf4:	0a000001 	beq	0xc00
     bf8:	e1560003 	cmp	r6, r3
     bfc:	3affffea 	bcc	0xbac
     c00:	e3c37003 	bic	r7, r3, #3
     c04:	e3530040 	cmp	r3, #64	@ 0x40
     c08:	3a0000c8 	bcc	0xf30
     c0c:	e2478040 	sub	r8, r7, #64	@ 0x40
     c10:	e1a09008 	mov	r9, r8
     c14:	e1560008 	cmp	r6, r8
     c18:	8a0000c4 	bhi	0xf30
     c1c:	e1a0b001 	mov	fp, r1
     c20:	e595a030 	ldr	sl, [r5, #48]	@ 0x30
     c24:	e59fc420 	ldr	ip, [pc, #1056]	@ 0x104c
     c28:	e15b000c 	cmp	fp, ip
     c2c:	8a000177 	bhi	0x1210
     c30:	e7e8abf4 			@ <UNDEFINED> instruction: 0xe7e8abf4
     c34:	e1a0b006 	mov	fp, r6
     c38:	e595a030 	ldr	sl, [r5, #48]	@ 0x30
     c3c:	e59fc408 	ldr	ip, [pc, #1032]	@ 0x104c
     c40:	e15b000c 	cmp	fp, ip
     c44:	8a000171 	bhi	0x1210
     c48:	e7d8abf4 			@ <UNDEFINED> instruction: 0xe7d8abf4
     c4c:	e1a0b001 	mov	fp, r1
     c50:	e595a030 	ldr	sl, [r5, #48]	@ 0x30
     c54:	e59fe3f0 	ldr	lr, [pc, #1008]	@ 0x104c
     c58:	e7fbe0f4 	udf	#48644	@ 0xbe04
     c5c:	2a00016b 	bcs	0x1210
     c60:	e7e8abf4 			@ <UNDEFINED> instruction: 0xe7e8abf4
     c64:	e1a0b006 	mov	fp, r6
     c68:	e595a030 	ldr	sl, [r5, #48]	@ 0x30
     c6c:	e59fe3d8 	ldr	lr, [pc, #984]	@ 0x104c
     c70:	e7fbe0f4 	udf	#48644	@ 0xbe04
     c74:	2a000165 	bcs	0x1210
     c78:	e7d8abf4 			@ <UNDEFINED> instruction: 0xe7d8abf4
     c7c:	e1a0b001 	mov	fp, r1
     c80:	e595a030 	ldr	sl, [r5, #48]	@ 0x30
     c84:	e59fe3c0 	ldr	lr, [pc, #960]	@ 0x104c
     c88:	e7fbe0f8 	udf	#48648	@ 0xbe08
     c8c:	2a00015f 	bcs	0x1210
     c90:	e7e8abf4 			@ <UNDEFINED> instruction: 0xe7e8abf4
     c94:	e1a0b006 	mov	fp, r6
     c98:	e595a030 	ldr	sl, [r5, #48]	@ 0x30
     c9c:	e59fe3a8 	ldr	lr, [pc, #936]	@ 0x104c
     ca0:	e7fbe0f8 	udf	#48648	@ 0xbe08
     ca4:	2a000159 	bcs	0x1210
     ca8:	e7d8abf4 			@ <UNDEFINED> instruction: 0xe7d8abf4
     cac:	e1a0b001 	mov	fp, r1
     cb0:	e595a030 	ldr	sl, [r5, #48]	@ 0x30
     cb4:	e59fe390 	ldr	lr, [pc, #912]	@ 0x104c
     cb8:	e7fbe0fc 	udf	#48652	@ 0xbe0c
     cbc:	2a000153 	bcs	0x1210
     cc0:	e7e8abf4 			@ <UNDEFINED> instruction: 0xe7e8abf4
     cc4:	e1a0b006 	mov	fp, r6
     cc8:	e595a030 	ldr	sl, [r5, #48]	@ 0x30
     ccc:	e59fe378 	ldr	lr, [pc, #888]	@ 0x104c
     cd0:	e7fbe0fc 	udf	#48652	@ 0xbe0c
     cd4:	2a00014d 	bcs	0x1210
     cd8:	e7d8abf4 			@ <UNDEFINED> instruction: 0xe7d8abf4
     cdc:	e1a0b001 	mov	fp, r1
     ce0:	e595a030 	ldr	sl, [r5, #48]	@ 0x30
     ce4:	e59fe360 	ldr	lr, [pc, #864]	@ 0x104c
     ce8:	e7fbe1f0 	udf	#48656	@ 0xbe10
     cec:	2a000147 	bcs	0x1210
     cf0:	e7e8abf4 			@ <UNDEFINED> instruction: 0xe7e8abf4
     cf4:	e1a0b006 	mov	fp, r6
     cf8:	e595a030 	ldr	sl, [r5, #48]	@ 0x30
     cfc:	e59fe348 	ldr	lr, [pc, #840]	@ 0x104c
     d00:	e7fbe1f0 	udf	#48656	@ 0xbe10
     d04:	2a000141 	bcs	0x1210
     d08:	e7d8abf4 			@ <UNDEFINED> instruction: 0xe7d8abf4
     d0c:	e1a0b001 	mov	fp, r1
     d10:	e595a030 	ldr	sl, [r5, #48]	@ 0x30
     d14:	e59fe330 	ldr	lr, [pc, #816]	@ 0x104c
     d18:	e7fbe1f4 	udf	#48660	@ 0xbe14
     d1c:	2a00013b 	bcs	0x1210
     d20:	e7e8abf4 			@ <UNDEFINED> instruction: 0xe7e8abf4
     d24:	e1a0b006 	mov	fp, r6
     d28:	e595a030 	ldr	sl, [r5, #48]	@ 0x30
     d2c:	e59fe318 	ldr	lr, [pc, #792]	@ 0x104c
     d30:	e7fbe1f4 	udf	#48660	@ 0xbe14
     d34:	2a000135 	bcs	0x1210
     d38:	e7d8abf4 			@ <UNDEFINED> instruction: 0xe7d8abf4
     d3c:	e1a0b001 	mov	fp, r1
     d40:	e595a030 	ldr	sl, [r5, #48]	@ 0x30
     d44:	e59fe300 	ldr	lr, [pc, #768]	@ 0x104c
     d48:	e7fbe1f8 	udf	#48664	@ 0xbe18
     d4c:	2a00012f 	bcs	0x1210
     d50:	e7e8abf4 			@ <UNDEFINED> instruction: 0xe7e8abf4
     d54:	e1a0b006 	mov	fp, r6
     d58:	e595a030 	ldr	sl, [r5, #48]	@ 0x30
     d5c:	e59fe2e8 	ldr	lr, [pc, #744]	@ 0x104c
     d60:	e7fbe1f8 	udf	#48664	@ 0xbe18
     d64:	2a000129 	bcs	0x1210
     d68:	e7d8abf4 			@ <UNDEFINED> instruction: 0xe7d8abf4
     d6c:	e1a0b001 	mov	fp, r1
     d70:	e595a030 	ldr	sl, [r5, #48]	@ 0x30
     d74:	e59fe2d0 	ldr	lr, [pc, #720]	@ 0x104c
     d78:	e7fbe1fc 	udf	#48668	@ 0xbe1c
     d7c:	2a000123 	bcs	0x1210
     d80:	e7e8abf4 			@ <UNDEFINED> instruction: 0xe7e8abf4
     d84:	e1a0b006 	mov	fp, r6
     d88:	e595a030 	ldr	sl, [r5, #48]	@ 0x30
     d8c:	e59fe2b8 	ldr	lr, [pc, #696]	@ 0x104c
     d90:	e7fbe1fc 	udf	#48668	@ 0xbe1c
     d94:	2a00011d 	bcs	0x1210
     d98:	e7d8abf4 			@ <UNDEFINED> instruction: 0xe7d8abf4
     d9c:	e1a0b001 	mov	fp, r1
     da0:	e595a030 	ldr	sl, [r5, #48]	@ 0x30
     da4:	e59fe2a0 	ldr	lr, [pc, #672]	@ 0x104c
     da8:	e7fbe2f0 	udf	#48672	@ 0xbe20
     dac:	2a000117 	bcs	0x1210
     db0:	e7e8abf4 			@ <UNDEFINED> instruction: 0xe7e8abf4
     db4:	e1a0b006 	mov	fp, r6
     db8:	e595a030 	ldr	sl, [r5, #48]	@ 0x30
     dbc:	e59fe288 	ldr	lr, [pc, #648]	@ 0x104c
     dc0:	e7fbe2f0 	udf	#48672	@ 0xbe20
     dc4:	2a000111 	bcs	0x1210
     dc8:	e7d8abf4 			@ <UNDEFINED> instruction: 0xe7d8abf4
     dcc:	e1a0b001 	mov	fp, r1
     dd0:	e595a030 	ldr	sl, [r5, #48]	@ 0x30
     dd4:	e59fe270 	ldr	lr, [pc, #624]	@ 0x104c
     dd8:	e7fbe2f4 	udf	#48676	@ 0xbe24
     ddc:	2a00010b 	bcs	0x1210
     de0:	e7e8abf4 			@ <UNDEFINED> instruction: 0xe7e8abf4
     de4:	e1a0b006 	mov	fp, r6
     de8:	e595a030 	ldr	sl, [r5, #48]	@ 0x30
     dec:	e59fe258 	ldr	lr, [pc, #600]	@ 0x104c
     df0:	e7fbe2f4 	udf	#48676	@ 0xbe24
     df4:	2a000105 	bcs	0x1210
     df8:	e7d8abf4 			@ <UNDEFINED> instruction: 0xe7d8abf4
     dfc:	e1a0b001 	mov	fp, r1
     e00:	e595a030 	ldr	sl, [r5, #48]	@ 0x30
     e04:	e59fe240 	ldr	lr, [pc, #576]	@ 0x104c
     e08:	e7fbe2f8 	udf	#48680	@ 0xbe28
     e0c:	2a0000ff 	bcs	0x1210
     e10:	e7e8abf4 			@ <UNDEFINED> instruction: 0xe7e8abf4
     e14:	e1a0b006 	mov	fp, r6
     e18:	e595a030 	ldr	sl, [r5, #48]	@ 0x30
     e1c:	e59fe228 	ldr	lr, [pc, #552]	@ 0x104c
     e20:	e7fbe2f8 	udf	#48680	@ 0xbe28
     e24:	2a0000f9 	bcs	0x1210
     e28:	e7d8abf4 			@ <UNDEFINED> instruction: 0xe7d8abf4
     e2c:	e1a0b001 	mov	fp, r1
     e30:	e595a030 	ldr	sl, [r5, #48]	@ 0x30
     e34:	e59fe210 	ldr	lr, [pc, #528]	@ 0x104c
     e38:	e7fbe2fc 	udf	#48684	@ 0xbe2c
     e3c:	2a0000f3 	bcs	0x1210
     e40:	e7e8abf4 			@ <UNDEFINED> instruction: 0xe7e8abf4
     e44:	e1a0b006 	mov	fp, r6
     e48:	e595a030 	ldr	sl, [r5, #48]	@ 0x30
     e4c:	e59fe1f8 	ldr	lr, [pc, #504]	@ 0x104c
     e50:	e7fbe2fc 	udf	#48684	@ 0xbe2c
     e54:	2a0000ed 	bcs	0x1210
     e58:	e7d8abf4 			@ <UNDEFINED> instruction: 0xe7d8abf4
     e5c:	e1a0b001 	mov	fp, r1
     e60:	e595a030 	ldr	sl, [r5, #48]	@ 0x30
     e64:	e59fe1e0 	ldr	lr, [pc, #480]	@ 0x104c
     e68:	e7fbe3f0 	udf	#48688	@ 0xbe30
     e6c:	2a0000e7 	bcs	0x1210
     e70:	e7e8abf4 			@ <UNDEFINED> instruction: 0xe7e8abf4
     e74:	e1a0b006 	mov	fp, r6
     e78:	e595a030 	ldr	sl, [r5, #48]	@ 0x30
     e7c:	e59fe1c8 	ldr	lr, [pc, #456]	@ 0x104c
     e80:	e7fbe3f0 	udf	#48688	@ 0xbe30
     e84:	2a0000e1 	bcs	0x1210
     e88:	e7d8abf4 			@ <UNDEFINED> instruction: 0xe7d8abf4
     e8c:	e1a0b001 	mov	fp, r1
     e90:	e595a030 	ldr	sl, [r5, #48]	@ 0x30
     e94:	e59fe1b0 	ldr	lr, [pc, #432]	@ 0x104c
     e98:	e7fbe3f4 	udf	#48692	@ 0xbe34
     e9c:	2a0000db 	bcs	0x1210
     ea0:	e7e8abf4 			@ <UNDEFINED> instruction: 0xe7e8abf4
     ea4:	e1a0b006 	mov	fp, r6
     ea8:	e595a030 	ldr	sl, [r5, #48]	@ 0x30
     eac:	e59fe198 	ldr	lr, [pc, #408]	@ 0x104c
     eb0:	e7fbe3f4 	udf	#48692	@ 0xbe34
     eb4:	2a0000d5 	bcs	0x1210
     eb8:	e7d8abf4 			@ <UNDEFINED> instruction: 0xe7d8abf4
     ebc:	e1a0b001 	mov	fp, r1
     ec0:	e595a030 	ldr	sl, [r5, #48]	@ 0x30
     ec4:	e59fe180 	ldr	lr, [pc, #384]	@ 0x104c
     ec8:	e7fbe3f8 	udf	#48696	@ 0xbe38
     ecc:	2a0000cf 	bcs	0x1210
     ed0:	e7e8abf4 			@ <UNDEFINED> instruction: 0xe7e8abf4
     ed4:	e1a0b006 	mov	fp, r6
     ed8:	e595a030 	ldr	sl, [r5, #48]	@ 0x30
     edc:	e59fe168 	ldr	lr, [pc, #360]	@ 0x104c
     ee0:	e7fbe3f8 	udf	#48696	@ 0xbe38
     ee4:	2a0000c9 	bcs	0x1210
     ee8:	e7d8abf4 			@ <UNDEFINED> instruction: 0xe7d8abf4
     eec:	e1a0b001 	mov	fp, r1
     ef0:	e595a030 	ldr	sl, [r5, #48]	@ 0x30
     ef4:	e59fe150 	ldr	lr, [pc, #336]	@ 0x104c
     ef8:	e7fbe3fc 	udf	#48700	@ 0xbe3c
     efc:	2a0000c3 	bcs	0x1210
     f00:	e7e8abf4 			@ <UNDEFINED> instruction: 0xe7e8abf4
     f04:	e1a0b006 	mov	fp, r6
     f08:	e595a030 	ldr	sl, [r5, #48]	@ 0x30
     f0c:	e59fe138 	ldr	lr, [pc, #312]	@ 0x104c
     f10:	e7fbe3fc 	udf	#48700	@ 0xbe3c
     f14:	2a0000bd 	bcs	0x1210
     f18:	e7d8abf4 			@ <UNDEFINED> instruction: 0xe7d8abf4
     f1c:	e2811040 	add	r1, r1, #64	@ 0x40
     f20:	e2868040 	add	r8, r6, #64	@ 0x40
     f24:	e1a06008 	mov	r6, r8
     f28:	e1580009 	cmp	r8, r9
     f2c:	9affff3a 	bls	0xc1c
     f30:	e1560007 	cmp	r6, r7
     f34:	2a00009a 	bcs	0x11a4
     f38:	e1a0a001 	mov	sl, r1
     f3c:	e5959030 	ldr	r9, [r5, #48]	@ 0x30
     f40:	e59fc104 	ldr	ip, [pc, #260]	@ 0x104c
     f44:	e15a000c 	cmp	sl, ip
     f48:	8a0000b0 	bhi	0x1210
     f4c:	e7e89af4 			@ <UNDEFINED> instruction: 0xe7e89af4
     f50:	e1a0a006 	mov	sl, r6
     f54:	e5959030 	ldr	r9, [r5, #48]	@ 0x30
     f58:	e59fc0ec 	ldr	ip, [pc, #236]	@ 0x104c
     f5c:	e15a000c 	cmp	sl, ip
     f60:	8a0000aa 	bhi	0x1210
     f64:	e7d89af4 			@ <UNDEFINED> instruction: 0xe7d89af4
     f68:	e2811004 	add	r1, r1, #4
     f6c:	e2868004 	add	r8, r6, #4
     f70:	e1a06008 	mov	r6, r8
     f74:	e1580007 	cmp	r8, r7
     f78:	3affffee 	bcc	0xf38
     f7c:	ea000088 	b	0x11a4
     f80:	e3530004 	cmp	r3, #4
     f84:	2a000001 	bcs	0xf90
     f88:	e1a06000 	mov	r6, r0
     f8c:	ea000084 	b	0x11a4
     f90:	e3520004 	cmp	r2, #4
     f94:	2a000001 	bcs	0xfa0
     f98:	e1a06000 	mov	r6, r0
     f9c:	ea000080 	b	0x11a4
     fa0:	e2432004 	sub	r2, r3, #4
     fa4:	e1a06000 	mov	r6, r0
     fa8:	e1a09001 	mov	r9, r1
     fac:	e5958030 	ldr	r8, [r5, #48]	@ 0x30
     fb0:	e3e0c4fe 	mvn	ip, #-33554432	@ 0xfe000000
     fb4:	e3ccc8fe 	bic	ip, ip, #16646144	@ 0xfe0000
     fb8:	e159000c 	cmp	r9, ip
     fbc:	8a000093 	bhi	0x1210
     fc0:	e7e789f0 			@ <UNDEFINED> instruction: 0xe7e789f0
     fc4:	e1a09006 	mov	r9, r6
     fc8:	e5958030 	ldr	r8, [r5, #48]	@ 0x30
     fcc:	e3e0c4fe 	mvn	ip, #-33554432	@ 0xfe000000
     fd0:	e3ccc8fe 	bic	ip, ip, #16646144	@ 0xfe0000
     fd4:	e159000c 	cmp	r9, ip
     fd8:	8a00008c 	bhi	0x1210
     fdc:	e7d789f0 			@ <UNDEFINED> instruction: 0xe7d789f0
     fe0:	e1a09001 	mov	r9, r1
     fe4:	e5958030 	ldr	r8, [r5, #48]	@ 0x30
     fe8:	e3e0e4fe 	mvn	lr, #-33554432	@ 0xfe000000
     fec:	e3cee8fe 	bic	lr, lr, #16646144	@ 0xfe0000
     ff0:	e7f9e0f1 	udf	#40449	@ 0x9e01
     ff4:	2a000085 	bcs	0x1210
     ff8:	e7e789f0 			@ <UNDEFINED> instruction: 0xe7e789f0
     ffc:	e1a09006 	mov	r9, r6
    1000:	e5958030 	ldr	r8, [r5, #48]	@ 0x30
    1004:	e3e0e4fe 	mvn	lr, #-33554432	@ 0xfe000000
    1008:	e3cee8fe 	bic	lr, lr, #16646144	@ 0xfe0000
    100c:	e7f9e0f1 	udf	#40449	@ 0x9e01
    1010:	2a00007e 	bcs	0x1210
    1014:	e7d789f0 			@ <UNDEFINED> instruction: 0xe7d789f0
    1018:	e1a09001 	mov	r9, r1
    101c:	e5958030 	ldr	r8, [r5, #48]	@ 0x30
    1020:	e3e0e4fe 	mvn	lr, #-33554432	@ 0xfe000000
    1024:	ea000040 	b	0x112c
	...
    1038:	0004890c 	andeq	r8, r4, ip, lsl #18
    103c:	003f66cc 	eorseq	r6, pc, ip, asr #13
    1040:	0004890c 	andeq	r8, r4, ip, lsl #18
    1044:	003f66e0 	eorseq	r6, pc, r0, ror #13
    1048:	00048004 	andeq	r8, r4, r4
    104c:	0101fffc 	strdeq	pc, [r1, -ip]
    1050:	003f6b9c 	mlaseq	pc, ip, fp, r6	@ <UNPREDICTABLE>
    1054:	0004890c 	andeq	r8, r4, ip, lsl #18
    1058:	003f6bd8 	ldrsbteq	r6, [pc], -r8
    105c:	00048004 	andeq	r8, r4, r4
    1060:	003f6c58 	eorseq	r6, pc, r8, asr ip	@ <UNPREDICTABLE>
    1064:	0004890c 	andeq	r8, r4, ip, lsl #18
    1068:	003f6c64 	eorseq	r6, pc, r4, ror #24
    106c:	0004890c 	andeq	r8, r4, ip, lsl #18
    1070:	003f6c74 	eorseq	r6, pc, r4, ror ip	@ <UNPREDICTABLE>
    1074:	0004890c 	andeq	r8, r4, ip, lsl #18
    1078:	00048004 	andeq	r8, r4, r4
    107c:	003f3a50 	eorseq	r3, pc, r0, asr sl	@ <UNPREDICTABLE>
    1080:	003f6d84 	eorseq	r6, pc, r4, lsl #27
    1084:	00048c48 	andeq	r8, r4, r8, asr #24
    1088:	003f6db0 	ldrhteq	r6, [pc], -r0
    108c:	0004890c 	andeq	r8, r4, ip, lsl #18
    1090:	003f6dc4 	eorseq	r6, pc, r4, asr #27
    1094:	00048004 	andeq	r8, r4, r4
    1098:	0004890c 	andeq	r8, r4, ip, lsl #18
    109c:	003f388c 	eorseq	r3, pc, ip, lsl #17
    10a0:	0004890c 	andeq	r8, r4, ip, lsl #18
    10a4:	003f3898 	mlaseq	pc, r8, r8, r3	@ <UNPREDICTABLE>
    10a8:	0004890c 	andeq	r8, r4, ip, lsl #18
    10ac:	003f38a4 	eorseq	r3, pc, r4, lsr #17
    10b0:	0004890c 	andeq	r8, r4, ip, lsl #18
    10b4:	00048004 	andeq	r8, r4, r4
    10b8:	003f6f18 	eorseq	r6, pc, r8, lsl pc	@ <UNPREDICTABLE>
    10bc:	0004890c 	andeq	r8, r4, ip, lsl #18
    10c0:	00048004 	andeq	r8, r4, r4
    10c4:	003f7120 	eorseq	r7, pc, r0, lsr #2
    10c8:	0004890c 	andeq	r8, r4, ip, lsl #18
    10cc:	003f715c 	eorseq	r7, pc, ip, asr r1	@ <UNPREDICTABLE>
    10d0:	00048004 	andeq	r8, r4, r4
    10d4:	003f85d4 	ldrsbteq	r8, [pc], -r4
    10d8:	0004890c 	andeq	r8, r4, ip, lsl #18
    10dc:	003f85ec 	eorseq	r8, pc, ip, ror #11
    10e0:	0004890c 	andeq	r8, r4, ip, lsl #18
    10e4:	003f879c 	mlaseq	pc, ip, r7, r8	@ <UNPREDICTABLE>
    10e8:	0004890c 	andeq	r8, r4, ip, lsl #18
    10ec:	003f87b4 	ldrhteq	r8, [pc], -r4
    10f0:	0004890c 	andeq	r8, r4, ip, lsl #18
    10f4:	0101fff8 	strdeq	pc, [r1, -r8]
    10f8:	003f88f4 	ldrshteq	r8, [pc], -r4
    10fc:	00048004 	andeq	r8, r4, r4
    1100:	003f6f7c 	eorseq	r6, pc, ip, ror pc	@ <UNPREDICTABLE>
    1104:	003f6f08 	eorseq	r6, pc, r8, lsl #30
    1108:	003f6f5c 	eorseq	r6, pc, ip, asr pc	@ <UNPREDICTABLE>
    110c:	003f7738 	eorseq	r7, pc, r8, lsr r7	@ <UNPREDICTABLE>
    1110:	003f6bfc 	ldrshteq	r6, [pc], -ip
    1114:	00049ae0 	andeq	r9, r4, r0, ror #21
    1118:	003f6c2c 	eorseq	r6, pc, ip, lsr #24
    111c:	00048004 	andeq	r8, r4, r4
    1120:	003fa168 	eorseq	sl, pc, r8, ror #2
    1124:	0004890c 	andeq	r8, r4, ip, lsl #18
    1128:	003fa184 	eorseq	sl, pc, r4, lsl #3
    112c:	e3cee8fe 	bic	lr, lr, #16646144	@ 0xfe0000
    1130:	e7f9e0f2 	udf	#40450	@ 0x9e02
    1134:	2a000035 	bcs	0x1210
    1138:	e7e789f0 			@ <UNDEFINED> instruction: 0xe7e789f0
    113c:	e1a09006 	mov	r9, r6
    1140:	e5958030 	ldr	r8, [r5, #48]	@ 0x30
    1144:	e3e0e4fe 	mvn	lr, #-33554432	@ 0xfe000000
    1148:	e3cee8fe 	bic	lr, lr, #16646144	@ 0xfe0000
    114c:	e7f9e0f2 	udf	#40450	@ 0x9e02
    1150:	2a00002e 	bcs	0x1210
    1154:	e7d789f0 			@ <UNDEFINED> instruction: 0xe7d789f0
    1158:	e1a09001 	mov	r9, r1
    115c:	e5958030 	ldr	r8, [r5, #48]	@ 0x30
    1160:	e3e0e4fe 	mvn	lr, #-33554432	@ 0xfe000000
    1164:	e3cee8fe 	bic	lr, lr, #16646144	@ 0xfe0000
    1168:	e7f9e0f3 	udf	#40451	@ 0x9e03
    116c:	2a000027 	bcs	0x1210
    1170:	e7e789f0 			@ <UNDEFINED> instruction: 0xe7e789f0
    1174:	e1a09006 	mov	r9, r6
    1178:	e5958030 	ldr	r8, [r5, #48]	@ 0x30
    117c:	e3e0e4fe 	mvn	lr, #-33554432	@ 0xfe000000
    1180:	e3cee8fe 	bic	lr, lr, #16646144	@ 0xfe0000
    1184:	e7f9e0f3 	udf	#40451	@ 0x9e03
    1188:	2a000020 	bcs	0x1210
    118c:	e7d789f0 			@ <UNDEFINED> instruction: 0xe7d789f0
    1190:	e2811004 	add	r1, r1, #4
    1194:	e2867004 	add	r7, r6, #4
    1198:	e1a06007 	mov	r6, r7
    119c:	e1570002 	cmp	r7, r2
    11a0:	9affff80 	bls	0xfa8
    11a4:	e1560003 	cmp	r6, r3
    11a8:	2a000012 	bcs	0x11f8
    11ac:	e1a08001 	mov	r8, r1
    11b0:	e5957030 	ldr	r7, [r5, #48]	@ 0x30
    11b4:	e3e0c4fe 	mvn	ip, #-33554432	@ 0xfe000000
    11b8:	e3ccc8fe 	bic	ip, ip, #16646144	@ 0xfe0000
    11bc:	e158000c 	cmp	r8, ip
    11c0:	8a000012 	bhi	0x1210
    11c4:	e7e278f0 			@ <UNDEFINED> instruction: 0xe7e278f0
    11c8:	e1a08006 	mov	r8, r6
    11cc:	e5957030 	ldr	r7, [r5, #48]	@ 0x30
    11d0:	e3e0c4fe 	mvn	ip, #-33554432	@ 0xfe000000
    11d4:	e3ccc8fe 	bic	ip, ip, #16646144	@ 0xfe0000
    11d8:	e158000c 	cmp	r8, ip
    11dc:	8a00000b 	bhi	0x1210
    11e0:	e7d278f0 			@ <UNDEFINED> instruction: 0xe7d278f0
    11e4:	e2811001 	add	r1, r1, #1
    11e8:	e2862001 	add	r2, r6, #1
    11ec:	e1a06002 	mov	r6, r2
    11f0:	e1520003 	cmp	r2, r3
    11f4:	1affffec 	bne	0x11ac
    11f8:	e5840000 	str	r0, [r4]
    11fc:	e59f0f34 	ldr	r0, [pc, #3892]	@ 0x2138
    1200:	e30ccabc 	movw	ip, #51900	@ 0xcabc
    1204:	e34ccdef 	movt	ip, #52719	@ 0xcdef
    1208:	e28dd004 	add	sp, sp, #4
    120c:	e8bd8fc0 	pop	{r6, r7, r8, r9, sl, fp, pc}
    1210:	e3a00008 	mov	r0, #8
    1214:	e59d1000 	ldr	r1, [sp]
    1218:	e5810010 	str	r0, [r1, #16]
    121c:	e59d0000 	ldr	r0, [sp]
    1220:	e59d101c 	ldr	r1, [sp, #28]
    1224:	e59fcf10 	ldr	ip, [pc, #3856]	@ 0x213c
    1228:	e12fff3c 	blx	ip
    122c:	e28dd004 	add	sp, sp, #4
    1230:	e8bd0fc0 	pop	{r6, r7, r8, r9, sl, fp}
    1234:	e28dd004 	add	sp, sp, #4
    1238:	e12fff10 	bx	r0
    123c:	e92d43c0 	push	{r6, r7, r8, r9, lr}
    1240:	e24dd004 	sub	sp, sp, #4
    1244:	e58d0000 	str	r0, [sp]
    1248:	e30cc123 	movw	ip, #49443	@ 0xc123
    124c:	e34cc456 	movt	ip, #50262	@ 0xc456
    1250:	e5942000 	ldr	r2, [r4]
    1254:	e5940004 	ldr	r0, [r4, #4]
    1258:	e5941008 	ldr	r1, [r4, #8]
    125c:	e3510000 	cmp	r1, #0
    1260:	0a0000d7 	beq	0x15c4
    1264:	e1a06002 	mov	r6, r2
    1268:	e5953030 	ldr	r3, [r5, #48]	@ 0x30
    126c:	e3e0c4fe 	mvn	ip, #-33554432	@ 0xfe000000
    1270:	e3ccc8fe 	bic	ip, ip, #16646144	@ 0xfe0000
    1274:	e156000c 	cmp	r6, ip
    1278:	8a0000d8 	bhi	0x15e0
    127c:	e7d036f0 			@ <UNDEFINED> instruction: 0xe7d036f0
    1280:	e0823001 	add	r3, r2, r1
    1284:	e1a06003 	mov	r6, r3
    1288:	e2433001 	sub	r3, r3, #1
    128c:	e5957030 	ldr	r7, [r5, #48]	@ 0x30
    1290:	e3e0c4fe 	mvn	ip, #-33554432	@ 0xfe000000
    1294:	e3ccc8fe 	bic	ip, ip, #16646144	@ 0xfe0000
    1298:	e153000c 	cmp	r3, ip
    129c:	8a0000cf 	bhi	0x15e0
    12a0:	e7d073f0 			@ <UNDEFINED> instruction: 0xe7d073f0
    12a4:	e3510003 	cmp	r1, #3
    12a8:	3a0000c5 	bcc	0x15c4
    12ac:	e1a07002 	mov	r7, r2
    12b0:	e5953030 	ldr	r3, [r5, #48]	@ 0x30
    12b4:	e3e0e4fe 	mvn	lr, #-33554432	@ 0xfe000000
    12b8:	e3cee8fe 	bic	lr, lr, #16646144	@ 0xfe0000
    12bc:	e7f7e0f2 	udf	#32258	@ 0x7e02
    12c0:	2a0000c6 	bcs	0x15e0
    12c4:	e7d037f0 			@ <UNDEFINED> instruction: 0xe7d037f0
    12c8:	e1a07002 	mov	r7, r2
    12cc:	e5953030 	ldr	r3, [r5, #48]	@ 0x30
    12d0:	e3e0e4fe 	mvn	lr, #-33554432	@ 0xfe000000
    12d4:	e3cee8fe 	bic	lr, lr, #16646144	@ 0xfe0000
    12d8:	e7f7e0f1 	udf	#32257	@ 0x7e01
    12dc:	2a0000bf 	bcs	0x15e0
    12e0:	e7d037f0 			@ <UNDEFINED> instruction: 0xe7d037f0
    12e4:	e2463003 	sub	r3, r6, #3
    12e8:	e5957030 	ldr	r7, [r5, #48]	@ 0x30
    12ec:	e3e0c4fe 	mvn	ip, #-33554432	@ 0xfe000000
    12f0:	e3ccc8fe 	bic	ip, ip, #16646144	@ 0xfe0000
    12f4:	e153000c 	cmp	r3, ip
    12f8:	8a0000b8 	bhi	0x15e0
    12fc:	e7d073f0 			@ <UNDEFINED> instruction: 0xe7d073f0
    1300:	e2463002 	sub	r3, r6, #2
    1304:	e5957030 	ldr	r7, [r5, #48]	@ 0x30
    1308:	e3e0c4fe 	mvn	ip, #-33554432	@ 0xfe000000
    130c:	e3ccc8fe 	bic	ip, ip, #16646144	@ 0xfe0000
    1310:	e153000c 	cmp	r3, ip
    1314:	8a0000b1 	bhi	0x15e0
    1318:	e7d073f0 			@ <UNDEFINED> instruction: 0xe7d073f0
    131c:	e3510007 	cmp	r1, #7
    1320:	3a0000a7 	bcc	0x15c4
    1324:	e1a07002 	mov	r7, r2
    1328:	e5953030 	ldr	r3, [r5, #48]	@ 0x30
    132c:	e3e0e4fe 	mvn	lr, #-33554432	@ 0xfe000000
    1330:	e3cee8fe 	bic	lr, lr, #16646144	@ 0xfe0000
    1334:	e7f7e0f3 	udf	#32259	@ 0x7e03
    1338:	2a0000a8 	bcs	0x15e0
    133c:	e7d037f0 			@ <UNDEFINED> instruction: 0xe7d037f0
    1340:	e2466004 	sub	r6, r6, #4
    1344:	e5953030 	ldr	r3, [r5, #48]	@ 0x30
    1348:	e3e0c4fe 	mvn	ip, #-33554432	@ 0xfe000000
    134c:	e3ccc8fe 	bic	ip, ip, #16646144	@ 0xfe0000
    1350:	e156000c 	cmp	r6, ip
    1354:	8a0000a1 	bhi	0x15e0
    1358:	e7d036f0 			@ <UNDEFINED> instruction: 0xe7d036f0
    135c:	e3510009 	cmp	r1, #9
    1360:	3a000097 	bcc	0x15c4
    1364:	e2623000 	rsb	r3, r2, #0
    1368:	e2033003 	and	r3, r3, #3
    136c:	e1a06003 	mov	r6, r3
    1370:	e0823003 	add	r3, r2, r3
    1374:	e1a07003 	mov	r7, r3
    1378:	e20000ff 	and	r0, r0, #255	@ 0xff
    137c:	e59fcdbc 	ldr	ip, [pc, #3516]	@ 0x2140
    1380:	e0000c90 	mul	r0, r0, ip
    1384:	e1a08000 	mov	r8, r0
    1388:	e5959030 	ldr	r9, [r5, #48]	@ 0x30
    138c:	e59fcdb0 	ldr	ip, [pc, #3504]	@ 0x2144
    1390:	e153000c 	cmp	r3, ip
    1394:	8a000091 	bhi	0x15e0
    1398:	e7d093f4 			@ <UNDEFINED> instruction: 0xe7d093f4
    139c:	e0411006 	sub	r1, r1, r6
    13a0:	e3c11003 	bic	r1, r1, #3
    13a4:	e1a00001 	mov	r0, r1
    13a8:	e0871001 	add	r1, r7, r1
    13ac:	e1a03001 	mov	r3, r1
    13b0:	e2411004 	sub	r1, r1, #4
    13b4:	e5956030 	ldr	r6, [r5, #48]	@ 0x30
    13b8:	e59fcd84 	ldr	ip, [pc, #3460]	@ 0x2144
    13bc:	e151000c 	cmp	r1, ip
    13c0:	8a000086 	bhi	0x15e0
    13c4:	e7d861f4 			@ <UNDEFINED> instruction: 0xe7d861f4
    13c8:	e3500009 	cmp	r0, #9
    13cc:	3a00007c 	bcc	0x15c4
    13d0:	e1a06007 	mov	r6, r7
    13d4:	e5951030 	ldr	r1, [r5, #48]	@ 0x30
    13d8:	e59fed64 	ldr	lr, [pc, #3428]	@ 0x2144
    13dc:	e7f6e0f8 	udf	#28168	@ 0x6e08
    13e0:	2a00007e 	bcs	0x15e0
    13e4:	e7d816f4 			@ <UNDEFINED> instruction: 0xe7d816f4
    13e8:	e1a06007 	mov	r6, r7
    13ec:	e5951030 	ldr	r1, [r5, #48]	@ 0x30
    13f0:	e59fed4c 	ldr	lr, [pc, #3404]	@ 0x2144
    13f4:	e7f6e0f4 	udf	#28164	@ 0x6e04
    13f8:	2a000078 	bcs	0x15e0
    13fc:	e7d816f4 			@ <UNDEFINED> instruction: 0xe7d816f4
    1400:	e2431008 	sub	r1, r3, #8
    1404:	e5956030 	ldr	r6, [r5, #48]	@ 0x30
    1408:	e59fcd34 	ldr	ip, [pc, #3380]	@ 0x2144
    140c:	e151000c 	cmp	r1, ip
    1410:	8a000072 	bhi	0x15e0
    1414:	e7d861f4 			@ <UNDEFINED> instruction: 0xe7d861f4
    1418:	e243100c 	sub	r1, r3, #12
    141c:	e5956030 	ldr	r6, [r5, #48]	@ 0x30
    1420:	e59fcd1c 	ldr	ip, [pc, #3356]	@ 0x2144
    1424:	e151000c 	cmp	r1, ip
    1428:	8a00006c 	bhi	0x15e0
    142c:	e7d861f4 			@ <UNDEFINED> instruction: 0xe7d861f4
    1430:	e3500019 	cmp	r0, #25
    1434:	3a000062 	bcc	0x15c4
    1438:	e1a06007 	mov	r6, r7
    143c:	e5951030 	ldr	r1, [r5, #48]	@ 0x30
    1440:	e59fecfc 	ldr	lr, [pc, #3324]	@ 0x2144
    1444:	e7f6e1f8 	udf	#28184	@ 0x6e18
    1448:	2a000064 	bcs	0x15e0
    144c:	e7d816f4 			@ <UNDEFINED> instruction: 0xe7d816f4
    1450:	e1a06007 	mov	r6, r7
    1454:	e5951030 	ldr	r1, [r5, #48]	@ 0x30
    1458:	e59fece4 	ldr	lr, [pc, #3300]	@ 0x2144
    145c:	e7f6e1f4 	udf	#28180	@ 0x6e14
    1460:	2a00005e 	bcs	0x15e0
    1464:	e7d816f4 			@ <UNDEFINED> instruction: 0xe7d816f4
    1468:	e1a06007 	mov	r6, r7
    146c:	e5951030 	ldr	r1, [r5, #48]	@ 0x30
    1470:	e59feccc 	ldr	lr, [pc, #3276]	@ 0x2144
    1474:	e7f6e1f0 	udf	#28176	@ 0x6e10
    1478:	2a000058 	bcs	0x15e0
    147c:	e7d816f4 			@ <UNDEFINED> instruction: 0xe7d816f4
    1480:	e1a06007 	mov	r6, r7
    1484:	e5951030 	ldr	r1, [r5, #48]	@ 0x30
    1488:	e59fecb4 	ldr	lr, [pc, #3252]	@ 0x2144
    148c:	e7f6e0fc 	udf	#28172	@ 0x6e0c
    1490:	2a000052 	bcs	0x15e0
    1494:	e7d816f4 			@ <UNDEFINED> instruction: 0xe7d816f4
    1498:	e2431010 	sub	r1, r3, #16
    149c:	e5956030 	ldr	r6, [r5, #48]	@ 0x30
    14a0:	e59fcc9c 	ldr	ip, [pc, #3228]	@ 0x2144
    14a4:	e151000c 	cmp	r1, ip
    14a8:	8a00004c 	bhi	0x15e0
    14ac:	e7d861f4 			@ <UNDEFINED> instruction: 0xe7d861f4
    14b0:	e2431014 	sub	r1, r3, #20
    14b4:	e5956030 	ldr	r6, [r5, #48]	@ 0x30
    14b8:	e59fcc84 	ldr	ip, [pc, #3204]	@ 0x2144
    14bc:	e151000c 	cmp	r1, ip
    14c0:	8a000046 	bhi	0x15e0
    14c4:	e7d861f4 			@ <UNDEFINED> instruction: 0xe7d861f4
    14c8:	e2431018 	sub	r1, r3, #24
    14cc:	e5956030 	ldr	r6, [r5, #48]	@ 0x30
    14d0:	e59fcc6c 	ldr	ip, [pc, #3180]	@ 0x2144
    14d4:	e151000c 	cmp	r1, ip
    14d8:	8a000040 	bhi	0x15e0
    14dc:	e7d861f4 			@ <UNDEFINED> instruction: 0xe7d861f4
    14e0:	e243301c 	sub	r3, r3, #28
    14e4:	e5951030 	ldr	r1, [r5, #48]	@ 0x30
    14e8:	e59fcc54 	ldr	ip, [pc, #3156]	@ 0x2144
    14ec:	e153000c 	cmp	r3, ip
    14f0:	8a00003a 	bhi	0x15e0
    14f4:	e7d813f4 			@ <UNDEFINED> instruction: 0xe7d813f4
    14f8:	e2071004 	and	r1, r7, #4
    14fc:	e3811018 	orr	r1, r1, #24
    1500:	e1a03001 	mov	r3, r1
    1504:	e0400001 	sub	r0, r0, r1
    1508:	e1a06000 	mov	r6, r0
    150c:	e3500020 	cmp	r0, #32
    1510:	3a00002b 	bcc	0x15c4
    1514:	e1a00008 	mov	r0, r8
    1518:	e3a01000 	mov	r1, #0
    151c:	e1a08000 	mov	r8, r0
    1520:	e3a0c001 	mov	ip, #1
    1524:	e0080c98 	mul	r8, r8, ip
    1528:	e0811008 	add	r1, r1, r8
    152c:	e0877003 	add	r7, r7, r3
    1530:	e1a08007 	mov	r8, r7
    1534:	e5953030 	ldr	r3, [r5, #48]	@ 0x30
    1538:	e59fec08 	ldr	lr, [pc, #3080]	@ 0x2148
    153c:	e7f8e1f8 	udf	#36376	@ 0x8e18
    1540:	2a000026 	bcs	0x15e0
    1544:	e083c008 	add	ip, r3, r8
    1548:	e58c0000 	str	r0, [ip]
    154c:	e58c1004 	str	r1, [ip, #4]
    1550:	e1a08007 	mov	r8, r7
    1554:	e5953030 	ldr	r3, [r5, #48]	@ 0x30
    1558:	e59febe8 	ldr	lr, [pc, #3048]	@ 0x2148
    155c:	e7f8e1f0 	udf	#36368	@ 0x8e10
    1560:	2a00001e 	bcs	0x15e0
    1564:	e083c008 	add	ip, r3, r8
    1568:	e58c0000 	str	r0, [ip]
    156c:	e58c1004 	str	r1, [ip, #4]
    1570:	e1a08007 	mov	r8, r7
    1574:	e5953030 	ldr	r3, [r5, #48]	@ 0x30
    1578:	e59febc8 	ldr	lr, [pc, #3016]	@ 0x2148
    157c:	e7f8e0f8 	udf	#36360	@ 0x8e08
    1580:	2a000016 	bcs	0x15e0
    1584:	e083c008 	add	ip, r3, r8
    1588:	e58c0000 	str	r0, [ip]
    158c:	e58c1004 	str	r1, [ip, #4]
    1590:	e1a08007 	mov	r8, r7
    1594:	e5953030 	ldr	r3, [r5, #48]	@ 0x30
    1598:	e59fcba8 	ldr	ip, [pc, #2984]	@ 0x2148
    159c:	e158000c 	cmp	r8, ip
    15a0:	8a00000e 	bhi	0x15e0
    15a4:	e083c008 	add	ip, r3, r8
    15a8:	e58c0000 	str	r0, [ip]
    15ac:	e58c1004 	str	r1, [ip, #4]
    15b0:	e2877020 	add	r7, r7, #32
    15b4:	e2463020 	sub	r3, r6, #32
    15b8:	e1a06003 	mov	r6, r3
    15bc:	e353001f 	cmp	r3, #31
    15c0:	8affffda 	bhi	0x1530
    15c4:	e5842000 	str	r2, [r4]
    15c8:	e3a009fe 	mov	r0, #4161536	@ 0x3f8000
    15cc:	e3800dc0 	orr	r0, r0, #192, 26	@ 0x3000
    15d0:	e30ccabc 	movw	ip, #51900	@ 0xcabc
    15d4:	e34ccdef 	movt	ip, #52719	@ 0xcdef
    15d8:	e28dd004 	add	sp, sp, #4
    15dc:	e8bd83c0 	pop	{r6, r7, r8, r9, pc}
    15e0:	e3a00008 	mov	r0, #8
    15e4:	e59d1000 	ldr	r1, [sp]
    15e8:	e5810010 	str	r0, [r1, #16]
    15ec:	e59d0000 	ldr	r0, [sp]
    15f0:	e59d1014 	ldr	r1, [sp, #20]
    15f4:	e59fcb50 	ldr	ip, [pc, #2896]	@ 0x214c
    15f8:	e12fff3c 	blx	ip
    15fc:	e28dd004 	add	sp, sp, #4
    1600:	e8bd03c0 	pop	{r6, r7, r8, r9}
    1604:	e28dd004 	add	sp, sp, #4
    1608:	e12fff10 	bx	r0
    160c:	e52de004 	push	{lr}		@ (str lr, [sp, #-4]!)
    1610:	e24dd004 	sub	sp, sp, #4
    1614:	e58d0000 	str	r0, [sp]
    1618:	e30cc123 	movw	ip, #49443	@ 0xc123
    161c:	e34cc456 	movt	ip, #50262	@ 0xc456
    1620:	e59f0b28 	ldr	r0, [pc, #2856]	@ 0x2150
    1624:	e30ccabc 	movw	ip, #51900	@ 0xcabc
    1628:	e34ccdef 	movt	ip, #52719	@ 0xcdef
    162c:	e28dd004 	add	sp, sp, #4
    1630:	e49df004 	pop	{pc}		@ (ldr pc, [sp], #4)
    1634:	e52de004 	push	{lr}		@ (str lr, [sp, #-4]!)
    1638:	e24dd004 	sub	sp, sp, #4
    163c:	e58d0000 	str	r0, [sp]
    1640:	e30cc123 	movw	ip, #49443	@ 0xc123
    1644:	e34cc456 	movt	ip, #50262	@ 0xc456
    1648:	e3a0eb44 	mov	lr, #68, 22	@ 0x11000
    164c:	e38ee170 	orr	lr, lr, #112, 2
    1650:	e584e000 	str	lr, [r4]
    1654:	e59f0af8 	ldr	r0, [pc, #2808]	@ 0x2154
    1658:	e1a01004 	mov	r1, r4
    165c:	e59d2000 	ldr	r2, [sp]
    1660:	e59fcaf0 	ldr	ip, [pc, #2800]	@ 0x2158
    1664:	e12fff3c 	blx	ip
    1668:	e3500000 	cmp	r0, #0
    166c:	1a000007 	bne	0x1690
    1670:	e3a0eb44 	mov	lr, #68, 22	@ 0x11000
    1674:	e38ee180 	orr	lr, lr, #128, 2
    1678:	e584e004 	str	lr, [r4, #4]
    167c:	e59f0ad8 	ldr	r0, [pc, #2776]	@ 0x215c
    1680:	e30ccabc 	movw	ip, #51900	@ 0xcabc
    1684:	e34ccdef 	movt	ip, #52719	@ 0xcdef
    1688:	e28dd004 	add	sp, sp, #4
    168c:	e49df004 	pop	{pc}		@ (ldr pc, [sp], #4)
    1690:	e59d0000 	ldr	r0, [sp]
    1694:	e59d1004 	ldr	r1, [sp, #4]
    1698:	e59fcac0 	ldr	ip, [pc, #2752]	@ 0x2160
    169c:	e12fff3c 	blx	ip
    16a0:	e28dd008 	add	sp, sp, #8
    16a4:	e12fff10 	bx	r0
    16a8:	e92d4040 	push	{r6, lr}
    16ac:	e24dd008 	sub	sp, sp, #8
    16b0:	e58d0000 	str	r0, [sp]
    16b4:	e30cc123 	movw	ip, #49443	@ 0xc123
    16b8:	e34cc456 	movt	ip, #50262	@ 0xc456
    16bc:	e59f0aa0 	ldr	r0, [pc, #2720]	@ 0x2164
    16c0:	e1a01004 	mov	r1, r4
    16c4:	e59d2000 	ldr	r2, [sp]
    16c8:	e59fca98 	ldr	ip, [pc, #2712]	@ 0x2168
    16cc:	e12fff3c 	blx	ip
    16d0:	e3500000 	cmp	r0, #0
    16d4:	1a000043 	bne	0x17e8
    16d8:	e5940008 	ldr	r0, [r4, #8]
    16dc:	e1a02000 	mov	r2, r0
    16e0:	e5951030 	ldr	r1, [r5, #48]	@ 0x30
    16e4:	e59fca58 	ldr	ip, [pc, #2648]	@ 0x2144
    16e8:	e152000c 	cmp	r2, ip
    16ec:	8a00003a 	bhi	0x17dc
    16f0:	e7e012f4 			@ <UNDEFINED> instruction: 0xe7e012f4
    16f4:	e1a06000 	mov	r6, r0
    16f8:	e3500000 	cmp	r0, #0
    16fc:	0a000010 	beq	0x1744
    1700:	e5846000 	str	r6, [r4]
    1704:	e59f0a60 	ldr	r0, [pc, #2656]	@ 0x216c
    1708:	e1a01004 	mov	r1, r4
    170c:	e59d2000 	ldr	r2, [sp]
    1710:	e59fca58 	ldr	ip, [pc, #2648]	@ 0x2170
    1714:	e12fff3c 	blx	ip
    1718:	e3500000 	cmp	r0, #0
    171c:	1a000031 	bne	0x17e8
    1720:	e1a02006 	mov	r2, r6
    1724:	e5951030 	ldr	r1, [r5, #48]	@ 0x30
    1728:	e59fea14 	ldr	lr, [pc, #2580]	@ 0x2144
    172c:	e7f2e3f8 	udf	#11832	@ 0x2e38
    1730:	2a000029 	bcs	0x17dc
    1734:	e7e012f4 			@ <UNDEFINED> instruction: 0xe7e012f4
    1738:	e1a06000 	mov	r6, r0
    173c:	e3500000 	cmp	r0, #0
    1740:	1affffee 	bne	0x1700
    1744:	e5951030 	ldr	r1, [r5, #48]	@ 0x30
    1748:	e281cb48 	add	ip, r1, #72, 22	@ 0x12000
    174c:	e51c0fdc 	ldr	r0, [ip, #-4060]	@ 0xfffff024
    1750:	e5840008 	str	r0, [r4, #8]
    1754:	e59f0a18 	ldr	r0, [pc, #2584]	@ 0x2174
    1758:	e1a01004 	mov	r1, r4
    175c:	e59d2000 	ldr	r2, [sp]
    1760:	e59fca10 	ldr	ip, [pc, #2576]	@ 0x2178
    1764:	e12fff3c 	blx	ip
    1768:	e3500000 	cmp	r0, #0
    176c:	1a00001d 	bne	0x17e8
    1770:	e5951030 	ldr	r1, [r5, #48]	@ 0x30
    1774:	e281cb40 	add	ip, r1, #64, 22	@ 0x10000
    1778:	e59c0b68 	ldr	r0, [ip, #2920]	@ 0xb68
    177c:	e5840008 	str	r0, [r4, #8]
    1780:	e59f09f4 	ldr	r0, [pc, #2548]	@ 0x217c
    1784:	e1a01004 	mov	r1, r4
    1788:	e59d2000 	ldr	r2, [sp]
    178c:	e59fc9ec 	ldr	ip, [pc, #2540]	@ 0x2180
    1790:	e12fff3c 	blx	ip
    1794:	e3500000 	cmp	r0, #0
    1798:	1a000012 	bne	0x17e8
    179c:	e5951030 	ldr	r1, [r5, #48]	@ 0x30
    17a0:	e281cb40 	add	ip, r1, #64, 22	@ 0x10000
    17a4:	e59c0c00 	ldr	r0, [ip, #3072]	@ 0xc00
    17a8:	e5840008 	str	r0, [r4, #8]
    17ac:	e59f09d0 	ldr	r0, [pc, #2512]	@ 0x2184
    17b0:	e1a01004 	mov	r1, r4
    17b4:	e59d2000 	ldr	r2, [sp]
    17b8:	e59fc9c8 	ldr	ip, [pc, #2504]	@ 0x2188
    17bc:	e12fff3c 	blx	ip
    17c0:	e3500000 	cmp	r0, #0
    17c4:	1a000007 	bne	0x17e8
    17c8:	e59f09bc 	ldr	r0, [pc, #2492]	@ 0x218c
    17cc:	e30ccabc 	movw	ip, #51900	@ 0xcabc
    17d0:	e34ccdef 	movt	ip, #52719	@ 0xcdef
    17d4:	e28dd008 	add	sp, sp, #8
    17d8:	e8bd8040 	pop	{r6, pc}
    17dc:	e3a00008 	mov	r0, #8
    17e0:	e59d1000 	ldr	r1, [sp]
    17e4:	e5810010 	str	r0, [r1, #16]
    17e8:	e59d0000 	ldr	r0, [sp]
    17ec:	e59d100c 	ldr	r1, [sp, #12]
    17f0:	e59fc998 	ldr	ip, [pc, #2456]	@ 0x2190
    17f4:	e12fff3c 	blx	ip
    17f8:	e59d6008 	ldr	r6, [sp, #8]
    17fc:	e28dd010 	add	sp, sp, #16
    1800:	e12fff10 	bx	r0
    1804:	e92d40c0 	push	{r6, r7, lr}
    1808:	e24dd004 	sub	sp, sp, #4
    180c:	e58d0000 	str	r0, [sp]
    1810:	e30cc123 	movw	ip, #49443	@ 0xc123
    1814:	e34cc456 	movt	ip, #50262	@ 0xc456
    1818:	e5946000 	ldr	r6, [r4]
    181c:	e3560000 	cmp	r6, #0
    1820:	0a000057 	beq	0x1984
    1824:	e1a02006 	mov	r2, r6
    1828:	e5951030 	ldr	r1, [r5, #48]	@ 0x30
    182c:	e59fe910 	ldr	lr, [pc, #2320]	@ 0x2144
    1830:	e7f2e4fc 	udf	#11852	@ 0x2e4c
    1834:	2a000057 	bcs	0x1998
    1838:	e7e012f4 			@ <UNDEFINED> instruction: 0xe7e012f4
    183c:	e3500000 	cmp	r0, #0
    1840:	ba000007 	blt	0x1864
    1844:	e5846000 	str	r6, [r4]
    1848:	e59f0944 	ldr	r0, [pc, #2372]	@ 0x2194
    184c:	e1a01004 	mov	r1, r4
    1850:	e59d2000 	ldr	r2, [sp]
    1854:	e59fc93c 	ldr	ip, [pc, #2364]	@ 0x2198
    1858:	e12fff3c 	blx	ip
    185c:	e3500000 	cmp	r0, #0
    1860:	1a00004f 	bne	0x19a4
    1864:	e1a02006 	mov	r2, r6
    1868:	e5951030 	ldr	r1, [r5, #48]	@ 0x30
    186c:	e59fe8d0 	ldr	lr, [pc, #2256]	@ 0x2144
    1870:	e7f2e1f4 	udf	#11796	@ 0x2e14
    1874:	2a000047 	bcs	0x1998
    1878:	e7e012f4 			@ <UNDEFINED> instruction: 0xe7e012f4
    187c:	e1a03006 	mov	r3, r6
    1880:	e5952030 	ldr	r2, [r5, #48]	@ 0x30
    1884:	e59fe8b8 	ldr	lr, [pc, #2232]	@ 0x2144
    1888:	e7f3e1fc 	udf	#15900	@ 0x3e1c
    188c:	2a000041 	bcs	0x1998
    1890:	e7e123f4 			@ <UNDEFINED> instruction: 0xe7e123f4
    1894:	e1500001 	cmp	r0, r1
    1898:	0a000012 	beq	0x18e8
    189c:	e1a02006 	mov	r2, r6
    18a0:	e5951030 	ldr	r1, [r5, #48]	@ 0x30
    18a4:	e59fe898 	ldr	lr, [pc, #2200]	@ 0x2144
    18a8:	e7f2e2f4 	udf	#11812	@ 0x2e24
    18ac:	2a000039 	bcs	0x1998
    18b0:	e7e012f4 			@ <UNDEFINED> instruction: 0xe7e012f4
    18b4:	e5846000 	str	r6, [r4]
    18b8:	e3a0e000 	mov	lr, #0
    18bc:	e584e00c 	str	lr, [r4, #12]
    18c0:	e3a0e000 	mov	lr, #0
    18c4:	e584e00c 	str	lr, [r4, #12]
    18c8:	e5840020 	str	r0, [r4, #32]
    18cc:	e59f08c8 	ldr	r0, [pc, #2248]	@ 0x219c
    18d0:	e1a01004 	mov	r1, r4
    18d4:	e59d2000 	ldr	r2, [sp]
    18d8:	e59fc8c0 	ldr	ip, [pc, #2240]	@ 0x21a0
    18dc:	e12fff3c 	blx	ip
    18e0:	e3500000 	cmp	r0, #0
    18e4:	1a00002e 	bne	0x19a4
    18e8:	e1a02006 	mov	r2, r6
    18ec:	e5951030 	ldr	r1, [r5, #48]	@ 0x30
    18f0:	e59fe84c 	ldr	lr, [pc, #2124]	@ 0x2144
    18f4:	e7f2e0f4 	udf	#11780	@ 0x2e04
    18f8:	2a000026 	bcs	0x1998
    18fc:	e7e012f4 			@ <UNDEFINED> instruction: 0xe7e012f4
    1900:	e1a01000 	mov	r1, r0
    1904:	e1a07006 	mov	r7, r6
    1908:	e5953030 	ldr	r3, [r5, #48]	@ 0x30
    190c:	e59fe830 	ldr	lr, [pc, #2096]	@ 0x2144
    1910:	e7f7e0f8 	udf	#32264	@ 0x7e08
    1914:	2a00001f 	bcs	0x1998
    1918:	e7e237f4 			@ <UNDEFINED> instruction: 0xe7e237f4
    191c:	e1a03002 	mov	r3, r2
    1920:	e1500002 	cmp	r0, r2
    1924:	0a000016 	beq	0x1984
    1928:	e0411003 	sub	r1, r1, r3
    192c:	e1a00001 	mov	r0, r1
    1930:	e1a01fc0 	asr	r1, r0, #31
    1934:	e1a07006 	mov	r7, r6
    1938:	e5953030 	ldr	r3, [r5, #48]	@ 0x30
    193c:	e59fe800 	ldr	lr, [pc, #2048]	@ 0x2144
    1940:	e7f7e2f8 	udf	#32296	@ 0x7e28
    1944:	2a000013 	bcs	0x1998
    1948:	e7e237f4 			@ <UNDEFINED> instruction: 0xe7e237f4
    194c:	e5846000 	str	r6, [r4]
    1950:	e5840018 	str	r0, [r4, #24]
    1954:	e584101c 	str	r1, [r4, #28]
    1958:	e3a0e001 	mov	lr, #1
    195c:	e584e010 	str	lr, [r4, #16]
    1960:	e5842024 	str	r2, [r4, #36]	@ 0x24
    1964:	e3a009fe 	mov	r0, #4161536	@ 0x3f8000
    1968:	e3800da4 	orr	r0, r0, #164, 26	@ 0x2900
    196c:	e1a01004 	mov	r1, r4
    1970:	e59d2000 	ldr	r2, [sp]
    1974:	e59fc828 	ldr	ip, [pc, #2088]	@ 0x21a4
    1978:	e12fff3c 	blx	ip
    197c:	e3500000 	cmp	r0, #0
    1980:	1a000007 	bne	0x19a4
    1984:	e59f081c 	ldr	r0, [pc, #2076]	@ 0x21a8
    1988:	e30ccabc 	movw	ip, #51900	@ 0xcabc
    198c:	e34ccdef 	movt	ip, #52719	@ 0xcdef
    1990:	e28dd004 	add	sp, sp, #4
    1994:	e8bd80c0 	pop	{r6, r7, pc}
    1998:	e3a00008 	mov	r0, #8
    199c:	e59d1000 	ldr	r1, [sp]
    19a0:	e5810010 	str	r0, [r1, #16]
    19a4:	e59d0000 	ldr	r0, [sp]
    19a8:	e59d100c 	ldr	r1, [sp, #12]
    19ac:	e59fc7f8 	ldr	ip, [pc, #2040]	@ 0x21ac
    19b0:	e12fff3c 	blx	ip
    19b4:	e28dd004 	add	sp, sp, #4
    19b8:	e8bd00c0 	pop	{r6, r7}
    19bc:	e28dd004 	add	sp, sp, #4
    19c0:	e12fff10 	bx	r0
    19c4:	e92d4040 	push	{r6, lr}
    19c8:	e24dd008 	sub	sp, sp, #8
    19cc:	e58d0000 	str	r0, [sp]
    19d0:	e30cc123 	movw	ip, #49443	@ 0xc123
    19d4:	e34cc456 	movt	ip, #50262	@ 0xc456
    19d8:	e5940000 	ldr	r0, [r4]
    19dc:	e1a03000 	mov	r3, r0
    19e0:	e5952030 	ldr	r2, [r5, #48]	@ 0x30
    19e4:	e59fe758 	ldr	lr, [pc, #1880]	@ 0x2144
    19e8:	e7f3e4f8 	udf	#15944	@ 0x3e48
    19ec:	2a00004f 	bcs	0x1b30
    19f0:	e7e123f4 			@ <UNDEFINED> instruction: 0xe7e123f4
    19f4:	e1a02001 	mov	r2, r1
    19f8:	e2411001 	sub	r1, r1, #1
    19fc:	e1811002 	orr	r1, r1, r2
    1a00:	e1a03000 	mov	r3, r0
    1a04:	e5952030 	ldr	r2, [r5, #48]	@ 0x30
    1a08:	e59fe734 	ldr	lr, [pc, #1844]	@ 0x2144
    1a0c:	e7f3e4f8 	udf	#15944	@ 0x3e48
    1a10:	2a000046 	bcs	0x1b30
    1a14:	e7d123f4 			@ <UNDEFINED> instruction: 0xe7d123f4
    1a18:	e1a03000 	mov	r3, r0
    1a1c:	e5952030 	ldr	r2, [r5, #48]	@ 0x30
    1a20:	e59fc71c 	ldr	ip, [pc, #1820]	@ 0x2144
    1a24:	e153000c 	cmp	r3, ip
    1a28:	8a000040 	bhi	0x1b30
    1a2c:	e7e123f4 			@ <UNDEFINED> instruction: 0xe7e123f4
    1a30:	e1a02001 	mov	r2, r1
    1a34:	e3110008 	tst	r1, #8
    1a38:	0a00000b 	beq	0x1a6c
    1a3c:	e3822020 	orr	r2, r2, #32
    1a40:	e1a03000 	mov	r3, r0
    1a44:	e5951030 	ldr	r1, [r5, #48]	@ 0x30
    1a48:	e59fc6f4 	ldr	ip, [pc, #1780]	@ 0x2144
    1a4c:	e153000c 	cmp	r3, ip
    1a50:	8a000036 	bhi	0x1b30
    1a54:	e7d213f4 			@ <UNDEFINED> instruction: 0xe7d213f4
    1a58:	e3e0e000 	mvn	lr, #0
    1a5c:	e584e008 	str	lr, [r4, #8]
    1a60:	e3a009fe 	mov	r0, #4161536	@ 0x3f8000
    1a64:	e3800f99 	orr	r0, r0, #612	@ 0x264
    1a68:	ea00002e 	b	0x1b28
    1a6c:	e1a02000 	mov	r2, r0
    1a70:	e5951030 	ldr	r1, [r5, #48]	@ 0x30
    1a74:	e59fe6cc 	ldr	lr, [pc, #1740]	@ 0x2148
    1a78:	e7f2e0f4 	udf	#11780	@ 0x2e04
    1a7c:	2a00002b 	bcs	0x1b30
    1a80:	e0811002 	add	r1, r1, r2
    1a84:	e3a02000 	mov	r2, #0
    1a88:	e3a03000 	mov	r3, #0
    1a8c:	e5813000 	str	r3, [r1]
    1a90:	e5812004 	str	r2, [r1, #4]
    1a94:	e1a03000 	mov	r3, r0
    1a98:	e5952030 	ldr	r2, [r5, #48]	@ 0x30
    1a9c:	e59fe6a0 	ldr	lr, [pc, #1696]	@ 0x2144
    1aa0:	e7f3e2fc 	udf	#15916	@ 0x3e2c
    1aa4:	2a000021 	bcs	0x1b30
    1aa8:	e7e123f4 			@ <UNDEFINED> instruction: 0xe7e123f4
    1aac:	e1a02001 	mov	r2, r1
    1ab0:	e1a06000 	mov	r6, r0
    1ab4:	e5953030 	ldr	r3, [r5, #48]	@ 0x30
    1ab8:	e59fe684 	ldr	lr, [pc, #1668]	@ 0x2144
    1abc:	e7f6e1fc 	udf	#28188	@ 0x6e1c
    1ac0:	2a00001a 	bcs	0x1b30
    1ac4:	e7d136f4 			@ <UNDEFINED> instruction: 0xe7d136f4
    1ac8:	e1a03000 	mov	r3, r0
    1acc:	e5951030 	ldr	r1, [r5, #48]	@ 0x30
    1ad0:	e59fe66c 	ldr	lr, [pc, #1644]	@ 0x2144
    1ad4:	e7f3e1f4 	udf	#15892	@ 0x3e14
    1ad8:	2a000014 	bcs	0x1b30
    1adc:	e7d213f4 			@ <UNDEFINED> instruction: 0xe7d213f4
    1ae0:	e1a06000 	mov	r6, r0
    1ae4:	e5953030 	ldr	r3, [r5, #48]	@ 0x30
    1ae8:	e59fe654 	ldr	lr, [pc, #1620]	@ 0x2144
    1aec:	e7f6e3f0 	udf	#28208	@ 0x6e30
    1af0:	2a00000e 	bcs	0x1b30
    1af4:	e7e136f4 			@ <UNDEFINED> instruction: 0xe7e136f4
    1af8:	e0822001 	add	r2, r2, r1
    1afc:	e5951030 	ldr	r1, [r5, #48]	@ 0x30
    1b00:	e59fe63c 	ldr	lr, [pc, #1596]	@ 0x2144
    1b04:	e7f0e1f0 	udf	#3600	@ 0xe10
    1b08:	2a000008 	bcs	0x1b30
    1b0c:	e7d210f4 			@ <UNDEFINED> instruction: 0xe7d210f4
    1b10:	e3a0e000 	mov	lr, #0
    1b14:	e584e01c 	str	lr, [r4, #28]
    1b18:	e3a009fe 	mov	r0, #4161536	@ 0x3f8000
    1b1c:	e3800fb3 	orr	r0, r0, #716	@ 0x2cc
    1b20:	e30ccabc 	movw	ip, #51900	@ 0xcabc
    1b24:	e34ccdef 	movt	ip, #52719	@ 0xcdef
    1b28:	e28dd008 	add	sp, sp, #8
    1b2c:	e8bd8040 	pop	{r6, pc}
    1b30:	e3a00008 	mov	r0, #8
    1b34:	e59d1000 	ldr	r1, [sp]
    1b38:	e5810010 	str	r0, [r1, #16]
    1b3c:	e59d0000 	ldr	r0, [sp]
    1b40:	e59d100c 	ldr	r1, [sp, #12]
    1b44:	e59fc664 	ldr	ip, [pc, #1636]	@ 0x21b0
    1b48:	e12fff3c 	blx	ip
    1b4c:	e59d6008 	ldr	r6, [sp, #8]
    1b50:	e28dd010 	add	sp, sp, #16
    1b54:	e12fff10 	bx	r0
    1b58:	e92d43c0 	push	{r6, r7, r8, r9, lr}
    1b5c:	e24dd004 	sub	sp, sp, #4
    1b60:	e58d0000 	str	r0, [sp]
    1b64:	e30cc123 	movw	ip, #49443	@ 0xc123
    1b68:	e34cc456 	movt	ip, #50262	@ 0xc456
    1b6c:	e5940000 	ldr	r0, [r4]
    1b70:	e5941004 	ldr	r1, [r4, #4]
    1b74:	e5942008 	ldr	r2, [r4, #8]
    1b78:	e3520000 	cmp	r2, #0
    1b7c:	e3a03000 	mov	r3, #0
    1b80:	13a03001 	movne	r3, #1
    1b84:	e3100003 	tst	r0, #3
    1b88:	0a000016 	beq	0x1be8
    1b8c:	e3520000 	cmp	r2, #0
    1b90:	0a000014 	beq	0x1be8
    1b94:	e20160ff 	and	r6, r1, #255	@ 0xff
    1b98:	e1a09000 	mov	r9, r0
    1b9c:	e5958030 	ldr	r8, [r5, #48]	@ 0x30
    1ba0:	e3e0c4fe 	mvn	ip, #-33554432	@ 0xfe000000
    1ba4:	e3ccc8fe 	bic	ip, ip, #16646144	@ 0xfe0000
    1ba8:	e159000c 	cmp	r9, ip
    1bac:	8a00004e 	bhi	0x1cec
    1bb0:	e7e789f0 			@ <UNDEFINED> instruction: 0xe7e789f0
    1bb4:	e1570006 	cmp	r7, r6
    1bb8:	0a000032 	beq	0x1c88
    1bbc:	e2427001 	sub	r7, r2, #1
    1bc0:	e1a02007 	mov	r2, r7
    1bc4:	e3570000 	cmp	r7, #0
    1bc8:	e3a03000 	mov	r3, #0
    1bcc:	13a03001 	movne	r3, #1
    1bd0:	e2807001 	add	r7, r0, #1
    1bd4:	e1a00007 	mov	r0, r7
    1bd8:	e3170003 	tst	r7, #3
    1bdc:	0a000001 	beq	0x1be8
    1be0:	e3520000 	cmp	r2, #0
    1be4:	1affffeb 	bne	0x1b98
    1be8:	e3530000 	cmp	r3, #0
    1bec:	0a000037 	beq	0x1cd0
    1bf0:	e1a07000 	mov	r7, r0
    1bf4:	e5956030 	ldr	r6, [r5, #48]	@ 0x30
    1bf8:	e3e0c4fe 	mvn	ip, #-33554432	@ 0xfe000000
    1bfc:	e3ccc8fe 	bic	ip, ip, #16646144	@ 0xfe0000
    1c00:	e157000c 	cmp	r7, ip
    1c04:	8a000038 	bhi	0x1cec
    1c08:	e7e367f0 			@ <UNDEFINED> instruction: 0xe7e367f0
    1c0c:	e20160ff 	and	r6, r1, #255	@ 0xff
    1c10:	e1530006 	cmp	r3, r6
    1c14:	0a000019 	beq	0x1c80
    1c18:	e3520004 	cmp	r2, #4
    1c1c:	3a000017 	bcc	0x1c80
    1c20:	e20130ff 	and	r3, r1, #255	@ 0xff
    1c24:	e59fc514 	ldr	ip, [pc, #1300]	@ 0x2140
    1c28:	e0030c93 	mul	r3, r3, ip
    1c2c:	e1a08000 	mov	r8, r0
    1c30:	e5957030 	ldr	r7, [r5, #48]	@ 0x30
    1c34:	e59fc508 	ldr	ip, [pc, #1288]	@ 0x2144
    1c38:	e158000c 	cmp	r8, ip
    1c3c:	8a00002a 	bhi	0x1cec
    1c40:	e7e678f4 			@ <UNDEFINED> instruction: 0xe7e678f4
    1c44:	e0266003 	eor	r6, r6, r3
    1c48:	e1a07006 	mov	r7, r6
    1c4c:	e59fc560 	ldr	ip, [pc, #1376]	@ 0x21b4
    1c50:	e04c6006 	sub	r6, ip, r6
    1c54:	e1866007 	orr	r6, r6, r7
    1c58:	e59fc558 	ldr	ip, [pc, #1368]	@ 0x21b8
    1c5c:	e006600c 	and	r6, r6, ip
    1c60:	e59fc550 	ldr	ip, [pc, #1360]	@ 0x21b8
    1c64:	e156000c 	cmp	r6, ip
    1c68:	1a000006 	bne	0x1c88
    1c6c:	e2800004 	add	r0, r0, #4
    1c70:	e2426004 	sub	r6, r2, #4
    1c74:	e1a02006 	mov	r2, r6
    1c78:	e3560003 	cmp	r6, #3
    1c7c:	8affffea 	bhi	0x1c2c
    1c80:	e3520000 	cmp	r2, #0
    1c84:	0a000011 	beq	0x1cd0
    1c88:	e20110ff 	and	r1, r1, #255	@ 0xff
    1c8c:	e1a07000 	mov	r7, r0
    1c90:	e5956030 	ldr	r6, [r5, #48]	@ 0x30
    1c94:	e3e0c4fe 	mvn	ip, #-33554432	@ 0xfe000000
    1c98:	e3ccc8fe 	bic	ip, ip, #16646144	@ 0xfe0000
    1c9c:	e157000c 	cmp	r7, ip
    1ca0:	8a000011 	bhi	0x1cec
    1ca4:	e7e367f0 			@ <UNDEFINED> instruction: 0xe7e367f0
    1ca8:	e1530001 	cmp	r3, r1
    1cac:	1a000002 	bne	0x1cbc
    1cb0:	e5840000 	str	r0, [r4]
    1cb4:	e59f0500 	ldr	r0, [pc, #1280]	@ 0x21bc
    1cb8:	ea000009 	b	0x1ce4
    1cbc:	e2800001 	add	r0, r0, #1
    1cc0:	e2423001 	sub	r3, r2, #1
    1cc4:	e1a02003 	mov	r2, r3
    1cc8:	e3530000 	cmp	r3, #0
    1ccc:	1affffee 	bne	0x1c8c
    1cd0:	e3a0e000 	mov	lr, #0
    1cd4:	e584e018 	str	lr, [r4, #24]
    1cd8:	e59f04e0 	ldr	r0, [pc, #1248]	@ 0x21c0
    1cdc:	e30ccabc 	movw	ip, #51900	@ 0xcabc
    1ce0:	e34ccdef 	movt	ip, #52719	@ 0xcdef
    1ce4:	e28dd004 	add	sp, sp, #4
    1ce8:	e8bd83c0 	pop	{r6, r7, r8, r9, pc}
    1cec:	e3a00008 	mov	r0, #8
    1cf0:	e59d1000 	ldr	r1, [sp]
    1cf4:	e5810010 	str	r0, [r1, #16]
    1cf8:	e59d0000 	ldr	r0, [sp]
    1cfc:	e59d1014 	ldr	r1, [sp, #20]
    1d00:	e59fc4bc 	ldr	ip, [pc, #1212]	@ 0x21c4
    1d04:	e12fff3c 	blx	ip
    1d08:	e28dd004 	add	sp, sp, #4
    1d0c:	e8bd03c0 	pop	{r6, r7, r8, r9}
    1d10:	e28dd004 	add	sp, sp, #4
    1d14:	e12fff10 	bx	r0
    1d18:	e92d40c0 	push	{r6, r7, lr}
    1d1c:	e24dd004 	sub	sp, sp, #4
    1d20:	e58d0000 	str	r0, [sp]
    1d24:	e30cc123 	movw	ip, #49443	@ 0xc123
    1d28:	e34cc456 	movt	ip, #50262	@ 0xc456
    1d2c:	e5946000 	ldr	r6, [r4]
    1d30:	e5947004 	ldr	r7, [r4, #4]
    1d34:	e5846000 	str	r6, [r4]
    1d38:	e3a0e000 	mov	lr, #0
    1d3c:	e584e00c 	str	lr, [r4, #12]
    1d40:	e5847004 	str	r7, [r4, #4]
    1d44:	e59f047c 	ldr	r0, [pc, #1148]	@ 0x21c8
    1d48:	e1a01004 	mov	r1, r4
    1d4c:	e59d2000 	ldr	r2, [sp]
    1d50:	e59fc474 	ldr	ip, [pc, #1140]	@ 0x21cc
    1d54:	e12fff3c 	blx	ip
    1d58:	e3500000 	cmp	r0, #0
    1d5c:	1a00000a 	bne	0x1d8c
    1d60:	e5940010 	ldr	r0, [r4, #16]
    1d64:	e1a01000 	mov	r1, r0
    1d68:	e0400006 	sub	r0, r0, r6
    1d6c:	e3510000 	cmp	r1, #0
    1d70:	01a00007 	moveq	r0, r7
    1d74:	e5840010 	str	r0, [r4, #16]
    1d78:	e59f0450 	ldr	r0, [pc, #1104]	@ 0x21d0
    1d7c:	e30ccabc 	movw	ip, #51900	@ 0xcabc
    1d80:	e34ccdef 	movt	ip, #52719	@ 0xcdef
    1d84:	e28dd004 	add	sp, sp, #4
    1d88:	e8bd80c0 	pop	{r6, r7, pc}
    1d8c:	e59d0000 	ldr	r0, [sp]
    1d90:	e59d100c 	ldr	r1, [sp, #12]
    1d94:	e59fc438 	ldr	ip, [pc, #1080]	@ 0x21d4
    1d98:	e12fff3c 	blx	ip
    1d9c:	e28dd004 	add	sp, sp, #4
    1da0:	e8bd00c0 	pop	{r6, r7}
    1da4:	e28dd004 	add	sp, sp, #4
    1da8:	e12fff10 	bx	r0
    1dac:	e92d43c0 	push	{r6, r7, r8, r9, lr}
    1db0:	e24dd004 	sub	sp, sp, #4
    1db4:	e58d0000 	str	r0, [sp]
    1db8:	e30cc123 	movw	ip, #49443	@ 0xc123
    1dbc:	e34cc456 	movt	ip, #50262	@ 0xc456
    1dc0:	ed940b00 	vldr	d0, [r4]
    1dc4:	e5946008 	ldr	r6, [r4, #8]
    1dc8:	ec510a10 	vmov	r0, r1, s0, s1
    1dcc:	e1a02000 	mov	r2, r0
    1dd0:	e1a03001 	mov	r3, r1
    1dd4:	e1a00a21 	lsr	r0, r1, #20
    1dd8:	e3a01000 	mov	r1, #0
    1ddc:	e3a0cc07 	mov	ip, #1792	@ 0x700
    1de0:	e38cc0ff 	orr	ip, ip, #255	@ 0xff
    1de4:	e000000c 	and	r0, r0, ip
    1de8:	e1a01000 	mov	r1, r0
    1dec:	e3a0cc07 	mov	ip, #1792	@ 0x700
    1df0:	e38cc0ff 	orr	ip, ip, #255	@ 0xff
    1df4:	e150000c 	cmp	r0, ip
    1df8:	0a000037 	beq	0x1edc
    1dfc:	e3510000 	cmp	r1, #0
    1e00:	1a000026 	bne	0x1ea0
    1e04:	e3a0c000 	mov	ip, #0
    1e08:	ec4cca11 	vmov	s2, s3, ip, ip
    1e0c:	eeb40b41 	vcmp.f64	d0, d1
    1e10:	eef1fa10 	vmrs	APSR_nzcv, fpscr
    1e14:	1a000001 	bne	0x1e20
    1e18:	e3a00000 	mov	r0, #0
    1e1c:	ea000016 	b	0x1e7c
    1e20:	e3a0c000 	mov	ip, #0
    1e24:	e3a0e204 	mov	lr, #4, 4	@ 0x40000000
    1e28:	e38ee63f 	orr	lr, lr, #66060288	@ 0x3f00000
    1e2c:	ec4eca11 	vmov	s2, s3, ip, lr
    1e30:	ee202b01 	vmul.f64	d2, d0, d1
    1e34:	ed842b0f 	vstr	d2, [r4, #60]	@ 0x3c
    1e38:	e5846008 	str	r6, [r4, #8]
    1e3c:	e59f0394 	ldr	r0, [pc, #916]	@ 0x21d8
    1e40:	e1a01004 	mov	r1, r4
    1e44:	e59d2000 	ldr	r2, [sp]
    1e48:	e59fc38c 	ldr	ip, [pc, #908]	@ 0x21dc
    1e4c:	e12fff3c 	blx	ip
    1e50:	e3500000 	cmp	r0, #0
    1e54:	1a000029 	bne	0x1f00
    1e58:	ed941b0f 	vldr	d1, [r4, #60]	@ 0x3c
    1e5c:	eeb00b41 	vmov.f64	d0, d1
    1e60:	e1a09006 	mov	r9, r6
    1e64:	e5958030 	ldr	r8, [r5, #48]	@ 0x30
    1e68:	e59fc2d4 	ldr	ip, [pc, #724]	@ 0x2144
    1e6c:	e159000c 	cmp	r9, ip
    1e70:	8a00001f 	bhi	0x1ef4
    1e74:	e7e789f4 			@ <UNDEFINED> instruction: 0xe7e789f4
    1e78:	e2470040 	sub	r0, r7, #64	@ 0x40
    1e7c:	e1a08006 	mov	r8, r6
    1e80:	e5957030 	ldr	r7, [r5, #48]	@ 0x30
    1e84:	e59fc2b8 	ldr	ip, [pc, #696]	@ 0x2144
    1e88:	e158000c 	cmp	r8, ip
    1e8c:	8a000018 	bhi	0x1ef4
    1e90:	e7d078f4 			@ <UNDEFINED> instruction: 0xe7d078f4
    1e94:	ed840b00 	vstr	d0, [r4]
    1e98:	e59f0340 	ldr	r0, [pc, #832]	@ 0x21e0
    1e9c:	ea000012 	b	0x1eec
    1ea0:	e2411c03 	sub	r1, r1, #768	@ 0x300
    1ea4:	e24110fe 	sub	r1, r1, #254	@ 0xfe
    1ea8:	e5950030 	ldr	r0, [r5, #48]	@ 0x30
    1eac:	e59fc290 	ldr	ip, [pc, #656]	@ 0x2144
    1eb0:	e156000c 	cmp	r6, ip
    1eb4:	8a00000e 	bhi	0x1ef4
    1eb8:	e7d106f4 			@ <UNDEFINED> instruction: 0xe7d106f4
    1ebc:	e3c22000 	bic	r2, r2, #0
    1ec0:	e3e0c207 	mvn	ip, #1879048192	@ 0x70000000
    1ec4:	e3ccc6ff 	bic	ip, ip, #267386880	@ 0xff00000
    1ec8:	e003300c 	and	r3, r3, ip
    1ecc:	e3822000 	orr	r2, r2, #0
    1ed0:	e3833203 	orr	r3, r3, #805306368	@ 0x30000000
    1ed4:	e38336fe 	orr	r3, r3, #266338304	@ 0xfe00000
    1ed8:	ec432a10 	vmov	s0, s1, r2, r3
    1edc:	ed840b00 	vstr	d0, [r4]
    1ee0:	e59f02fc 	ldr	r0, [pc, #764]	@ 0x21e4
    1ee4:	e30ccabc 	movw	ip, #51900	@ 0xcabc
    1ee8:	e34ccdef 	movt	ip, #52719	@ 0xcdef
    1eec:	e28dd004 	add	sp, sp, #4
    1ef0:	e8bd83c0 	pop	{r6, r7, r8, r9, pc}
    1ef4:	e3a00008 	mov	r0, #8
    1ef8:	e59d1000 	ldr	r1, [sp]
    1efc:	e5810010 	str	r0, [r1, #16]
    1f00:	e59d0000 	ldr	r0, [sp]
    1f04:	e59d1014 	ldr	r1, [sp, #20]
    1f08:	e59fc2d8 	ldr	ip, [pc, #728]	@ 0x21e8
    1f0c:	e12fff3c 	blx	ip
    1f10:	e28dd004 	add	sp, sp, #4
    1f14:	e8bd03c0 	pop	{r6, r7, r8, r9}
    1f18:	e28dd004 	add	sp, sp, #4
    1f1c:	e12fff10 	bx	r0
    1f20:	e92d4fc0 	push	{r6, r7, r8, r9, sl, fp, lr}
    1f24:	e24dd004 	sub	sp, sp, #4
    1f28:	e58d0000 	str	r0, [sp]
    1f2c:	e30cc123 	movw	ip, #49443	@ 0xc123
    1f30:	e34cc456 	movt	ip, #50262	@ 0xc456
    1f34:	e5946000 	ldr	r6, [r4]
    1f38:	e5947004 	ldr	r7, [r4, #4]
    1f3c:	e5948008 	ldr	r8, [r4, #8]
    1f40:	e1a02008 	mov	r2, r8
    1f44:	e5951030 	ldr	r1, [r5, #48]	@ 0x30
    1f48:	e59fe1f4 	ldr	lr, [pc, #500]	@ 0x2144
    1f4c:	e7f2e1f0 	udf	#11792	@ 0x2e10
    1f50:	2a0000c9 	bcs	0x227c
    1f54:	e7e012f4 			@ <UNDEFINED> instruction: 0xe7e012f4
    1f58:	e1a01000 	mov	r1, r0
    1f5c:	e3500000 	cmp	r0, #0
    1f60:	1a000011 	bne	0x1fac
    1f64:	e3a09000 	mov	r9, #0
    1f68:	e5848008 	str	r8, [r4, #8]
    1f6c:	e59f0278 	ldr	r0, [pc, #632]	@ 0x21ec
    1f70:	e1a01004 	mov	r1, r4
    1f74:	e59d2000 	ldr	r2, [sp]
    1f78:	e59fc270 	ldr	ip, [pc, #624]	@ 0x21f0
    1f7c:	e12fff3c 	blx	ip
    1f80:	e3500000 	cmp	r0, #0
    1f84:	1a0000bf 	bne	0x2288
    1f88:	e5940024 	ldr	r0, [r4, #36]	@ 0x24
    1f8c:	e3500000 	cmp	r0, #0
    1f90:	1a0000b2 	bne	0x2260
    1f94:	e1a02008 	mov	r2, r8
    1f98:	e5950030 	ldr	r0, [r5, #48]	@ 0x30
    1f9c:	e59fe1a0 	ldr	lr, [pc, #416]	@ 0x2144
    1fa0:	e7f2e1f0 	udf	#11792	@ 0x2e10
    1fa4:	2a0000b4 	bcs	0x227c
    1fa8:	e7e102f4 			@ <UNDEFINED> instruction: 0xe7e102f4
    1fac:	e1a03008 	mov	r3, r8
    1fb0:	e5952030 	ldr	r2, [r5, #48]	@ 0x30
    1fb4:	e59fe188 	ldr	lr, [pc, #392]	@ 0x2144
    1fb8:	e7f3e1f4 	udf	#15892	@ 0x3e14
    1fbc:	2a0000ae 	bcs	0x227c
    1fc0:	e7e023f4 			@ <UNDEFINED> instruction: 0xe7e023f4
    1fc4:	e1a02000 	mov	r2, r0
    1fc8:	e0411000 	sub	r1, r1, r0
    1fcc:	e1570001 	cmp	r7, r1
    1fd0:	9a000015 	bls	0x202c
    1fd4:	e1a03008 	mov	r3, r8
    1fd8:	e5951030 	ldr	r1, [r5, #48]	@ 0x30
    1fdc:	e59fe160 	ldr	lr, [pc, #352]	@ 0x2144
    1fe0:	e7f3e2f4 	udf	#15908	@ 0x3e24
    1fe4:	2a0000a4 	bcs	0x227c
    1fe8:	e7e013f4 			@ <UNDEFINED> instruction: 0xe7e013f4
    1fec:	e5848008 	str	r8, [r4, #8]
    1ff0:	e5846000 	str	r6, [r4]
    1ff4:	e5847004 	str	r7, [r4, #4]
    1ff8:	e5840030 	str	r0, [r4, #48]	@ 0x30
    1ffc:	e3a009ff 	mov	r0, #4177920	@ 0x3fc000
    2000:	e3800e57 	orr	r0, r0, #1392	@ 0x570
    2004:	e1a01004 	mov	r1, r4
    2008:	e59d2000 	ldr	r2, [sp]
    200c:	e59fc1e0 	ldr	ip, [pc, #480]	@ 0x21f4
    2010:	e12fff3c 	blx	ip
    2014:	e3500000 	cmp	r0, #0
    2018:	1a00009a 	bne	0x2288
    201c:	e5940024 	ldr	r0, [r4, #36]	@ 0x24
    2020:	e5840024 	str	r0, [r4, #36]	@ 0x24
    2024:	e59f01cc 	ldr	r0, [pc, #460]	@ 0x21f8
    2028:	ea000091 	b	0x2274
    202c:	e1a03008 	mov	r3, r8
    2030:	e5951030 	ldr	r1, [r5, #48]	@ 0x30
    2034:	e59fe108 	ldr	lr, [pc, #264]	@ 0x2144
    2038:	e7f3e5f0 	udf	#15952	@ 0x3e50
    203c:	2a00008e 	bcs	0x227c
    2040:	e7e013f4 			@ <UNDEFINED> instruction: 0xe7e013f4
    2044:	e3500000 	cmp	r0, #0
    2048:	ba000030 	blt	0x2110
    204c:	e3570000 	cmp	r7, #0
    2050:	0a00002e 	beq	0x2110
    2054:	e1a0a007 	mov	sl, r7
    2058:	e086000a 	add	r0, r6, sl
    205c:	e1a0b000 	mov	fp, r0
    2060:	e2400001 	sub	r0, r0, #1
    2064:	e1a03000 	mov	r3, r0
    2068:	e5951030 	ldr	r1, [r5, #48]	@ 0x30
    206c:	e3e0c4fe 	mvn	ip, #-33554432	@ 0xfe000000
    2070:	e3ccc8fe 	bic	ip, ip, #16646144	@ 0xfe0000
    2074:	e153000c 	cmp	r3, ip
    2078:	8a00007f 	bhi	0x227c
    207c:	e7e013f0 			@ <UNDEFINED> instruction: 0xe7e013f0
    2080:	e350000a 	cmp	r0, #10
    2084:	0a000004 	beq	0x209c
    2088:	e24a0001 	sub	r0, sl, #1
    208c:	e1a0a000 	mov	sl, r0
    2090:	e3500000 	cmp	r0, #0
    2094:	0a00001d 	beq	0x2110
    2098:	eaffffee 	b	0x2058
    209c:	e1a03008 	mov	r3, r8
    20a0:	e5951030 	ldr	r1, [r5, #48]	@ 0x30
    20a4:	e59fe098 	ldr	lr, [pc, #152]	@ 0x2144
    20a8:	e7f3e2f4 	udf	#15908	@ 0x3e24
    20ac:	2a000072 	bcs	0x227c
    20b0:	e7e013f4 			@ <UNDEFINED> instruction: 0xe7e013f4
    20b4:	e5848008 	str	r8, [r4, #8]
    20b8:	e5846000 	str	r6, [r4]
    20bc:	e584a00c 	str	sl, [r4, #12]
    20c0:	e5840030 	str	r0, [r4, #48]	@ 0x30
    20c4:	e59f0130 	ldr	r0, [pc, #304]	@ 0x21fc
    20c8:	e1a01004 	mov	r1, r4
    20cc:	e59d2000 	ldr	r2, [sp]
    20d0:	e59fc128 	ldr	ip, [pc, #296]	@ 0x2200
    20d4:	e12fff3c 	blx	ip
    20d8:	e3500000 	cmp	r0, #0
    20dc:	1a000069 	bne	0x2288
    20e0:	e5940024 	ldr	r0, [r4, #36]	@ 0x24
    20e4:	e1a09000 	mov	r9, r0
    20e8:	e150000a 	cmp	r0, sl
    20ec:	3a00005b 	bcc	0x2260
    20f0:	e047700a 	sub	r7, r7, sl
    20f4:	e1a01008 	mov	r1, r8
    20f8:	e5950030 	ldr	r0, [r5, #48]	@ 0x30
    20fc:	e59fe040 	ldr	lr, [pc, #64]	@ 0x2144
    2100:	e7f1e1f4 	udf	#7700	@ 0x1e14
    2104:	2a00005c 	bcs	0x227c
    2108:	e7e201f4 			@ <UNDEFINED> instruction: 0xe7e201f4
    210c:	ea00003c 	b	0x2204
    2110:	e1a0b006 	mov	fp, r6
    2114:	e3a0a000 	mov	sl, #0
    2118:	ea000039 	b	0x2204
	...
    2138:	003fa688 	eorseq	sl, pc, r8, lsl #13
    213c:	00048004 	andeq	r8, r4, r4
    2140:	01010101 	tsteq	r1, r1, lsl #2
    2144:	0101fffc 	strdeq	pc, [r1, -ip]
    2148:	0101fff8 	strdeq	pc, [r1, -r8]
    214c:	00048004 	andeq	r8, r4, r4
    2150:	003f7748 	eorseq	r7, pc, r8, asr #14
    2154:	003f6b20 	eorseq	r6, pc, r0, lsr #22
    2158:	0004890c 	andeq	r8, r4, ip, lsl #18
    215c:	003f6b38 	eorseq	r6, pc, r8, lsr fp	@ <UNPREDICTABLE>
    2160:	00048004 	andeq	r8, r4, r4
    2164:	003f9d44 	eorseq	r9, pc, r4, asr #26
    2168:	0004890c 	andeq	r8, r4, ip, lsl #18
    216c:	003f9d70 	eorseq	r9, pc, r0, ror sp	@ <UNPREDICTABLE>
    2170:	0004890c 	andeq	r8, r4, ip, lsl #18
    2174:	003f9dac 	eorseq	r9, pc, ip, lsr #27
    2178:	0004890c 	andeq	r8, r4, ip, lsl #18
    217c:	003f9dc8 	eorseq	r9, pc, r8, asr #27
    2180:	0004890c 	andeq	r8, r4, ip, lsl #18
    2184:	003f9de4 	eorseq	r9, pc, r4, ror #27
    2188:	0004890c 	andeq	r8, r4, ip, lsl #18
    218c:	003f9dfc 	ldrshteq	r9, [pc], -ip
    2190:	00048004 	andeq	r8, r4, r4
    2194:	003fa838 	eorseq	sl, pc, r8, lsr r8	@ <UNPREDICTABLE>
    2198:	0004890c 	andeq	r8, r4, ip, lsl #18
    219c:	003fa884 	eorseq	sl, pc, r4, lsl #17
    21a0:	00048c48 	andeq	r8, r4, r8, asr #24
    21a4:	00048c48 	andeq	r8, r4, r8, asr #24
    21a8:	003fa928 	eorseq	sl, pc, r8, lsr #18
    21ac:	00048004 	andeq	r8, r4, r4
    21b0:	00048004 	andeq	r8, r4, r4
    21b4:	01010100 	mrseq	r0, (UNDEF: 17)
    21b8:	80808080 	addhi	r8, r0, r0, lsl #1
    21bc:	003fbb44 	eorseq	fp, pc, r4, asr #22
    21c0:	003fbb7c 	eorseq	fp, pc, ip, ror fp	@ <UNPREDICTABLE>
    21c4:	00048004 	andeq	r8, r4, r4
    21c8:	003f1e8c 	eorseq	r1, pc, ip, lsl #29
    21cc:	0004890c 	andeq	r8, r4, ip, lsl #18
    21d0:	003f1ecc 	eorseq	r1, pc, ip, asr #29
    21d4:	00048004 	andeq	r8, r4, r4
    21d8:	003f91dc 	ldrsbteq	r9, [pc], -ip
    21dc:	0004890c 	andeq	r8, r4, ip, lsl #18
    21e0:	003f9220 	eorseq	r9, pc, r0, lsr #4
    21e4:	003f928c 	eorseq	r9, pc, ip, lsl #5
    21e8:	00048004 	andeq	r8, r4, r4
    21ec:	003fc504 	eorseq	ip, pc, r4, lsl #10
    21f0:	0004890c 	andeq	r8, r4, ip, lsl #18
    21f4:	00048c48 	andeq	r8, r4, r8, asr #24
    21f8:	003fc594 	mlaseq	pc, r4, r5, ip	@ <UNPREDICTABLE>
    21fc:	003fc648 	eorseq	ip, pc, r8, asr #12
    2200:	00048c48 	andeq	r8, r4, r8, asr #24
    2204:	e5842010 	str	r2, [r4, #16]
    2208:	e584b014 	str	fp, [r4, #20]
    220c:	e5847004 	str	r7, [r4, #4]
    2210:	e59f0fe0 	ldr	r0, [pc, #4064]	@ 0x31f8
    2214:	e1a01004 	mov	r1, r4
    2218:	e59d2000 	ldr	r2, [sp]
    221c:	e59fcfd8 	ldr	ip, [pc, #4056]	@ 0x31fc
    2220:	e12fff3c 	blx	ip
    2224:	e3500000 	cmp	r0, #0
    2228:	1a000016 	bne	0x2288
    222c:	e1a02008 	mov	r2, r8
    2230:	e5951030 	ldr	r1, [r5, #48]	@ 0x30
    2234:	e59fefc4 	ldr	lr, [pc, #4036]	@ 0x3200
    2238:	e7f2e1f4 	udf	#11796	@ 0x2e14
    223c:	2a00000e 	bcs	0x227c
    2240:	e7e012f4 			@ <UNDEFINED> instruction: 0xe7e012f4
    2244:	e0800007 	add	r0, r0, r7
    2248:	e5951030 	ldr	r1, [r5, #48]	@ 0x30
    224c:	e59fefac 	ldr	lr, [pc, #4012]	@ 0x3200
    2250:	e7f8e1f4 	udf	#36372	@ 0x8e14
    2254:	2a000008 	bcs	0x227c
    2258:	e7d018f4 			@ <UNDEFINED> instruction: 0xe7d018f4
    225c:	e08a9007 	add	r9, sl, r7
    2260:	e5849010 	str	r9, [r4, #16]
    2264:	e3a009ff 	mov	r0, #4177920	@ 0x3fc000
    2268:	e3800e70 	orr	r0, r0, #112, 28	@ 0x700
    226c:	e30ccabc 	movw	ip, #51900	@ 0xcabc
    2270:	e34ccdef 	movt	ip, #52719	@ 0xcdef
    2274:	e28dd004 	add	sp, sp, #4
    2278:	e8bd8fc0 	pop	{r6, r7, r8, r9, sl, fp, pc}
    227c:	e3a00008 	mov	r0, #8
    2280:	e59d1000 	ldr	r1, [sp]
    2284:	e5810010 	str	r0, [r1, #16]
    2288:	e59d0000 	ldr	r0, [sp]
    228c:	e59d101c 	ldr	r1, [sp, #28]
    2290:	e59fcf6c 	ldr	ip, [pc, #3948]	@ 0x3204
    2294:	e12fff3c 	blx	ip
    2298:	e28dd004 	add	sp, sp, #4
    229c:	e8bd0fc0 	pop	{r6, r7, r8, r9, sl, fp}
    22a0:	e28dd004 	add	sp, sp, #4
    22a4:	e12fff10 	bx	r0
    22a8:	e92d4fc0 	push	{r6, r7, r8, r9, sl, fp, lr}
    22ac:	e24dd004 	sub	sp, sp, #4
    22b0:	e58d0000 	str	r0, [sp]
    22b4:	e30cc123 	movw	ip, #49443	@ 0xc123
    22b8:	e34cc456 	movt	ip, #50262	@ 0xc456
    22bc:	e5947004 	ldr	r7, [r4, #4]
    22c0:	e5940008 	ldr	r0, [r4, #8]
    22c4:	e594800c 	ldr	r8, [r4, #12]
    22c8:	e5949010 	ldr	r9, [r4, #16]
    22cc:	e595e03c 	ldr	lr, [r5, #60]	@ 0x3c
    22d0:	e59e1008 	ldr	r1, [lr, #8]
    22d4:	e24110d0 	sub	r1, r1, #208	@ 0xd0
    22d8:	e5841014 	str	r1, [r4, #20]
    22dc:	e595203c 	ldr	r2, [r5, #60]	@ 0x3c
    22e0:	e5821008 	str	r1, [r2, #8]
    22e4:	e5942014 	ldr	r2, [r4, #20]
    22e8:	e5951030 	ldr	r1, [r5, #48]	@ 0x30
    22ec:	e59fef0c 	ldr	lr, [pc, #3852]	@ 0x3200
    22f0:	e7f2ecfc 	udf	#11980	@ 0x2ecc
    22f4:	2a00010d 	bcs	0x2730
    22f8:	e7d012f4 			@ <UNDEFINED> instruction: 0xe7d012f4
    22fc:	e594c014 	ldr	ip, [r4, #20]
    2300:	e28c00a0 	add	r0, ip, #160	@ 0xa0
    2304:	e3a01000 	mov	r1, #0
    2308:	e3a02028 	mov	r2, #40	@ 0x28
    230c:	e5953028 	ldr	r3, [r5, #40]	@ 0x28
    2310:	e59fcef0 	ldr	ip, [pc, #3824]	@ 0x3208
    2314:	e12fff3c 	blx	ip
    2318:	e3500000 	cmp	r0, #0
    231c:	1a000104 	bne	0x2734
    2320:	e5942014 	ldr	r2, [r4, #20]
    2324:	e5951030 	ldr	r1, [r5, #48]	@ 0x30
    2328:	e59feed0 	ldr	lr, [pc, #3792]	@ 0x3200
    232c:	e7f2ecfc 	udf	#11980	@ 0x2ecc
    2330:	2a0000fe 	bcs	0x2730
    2334:	e7e012f4 			@ <UNDEFINED> instruction: 0xe7e012f4
    2338:	e5942014 	ldr	r2, [r4, #20]
    233c:	e5951030 	ldr	r1, [r5, #48]	@ 0x30
    2340:	e59feeb8 	ldr	lr, [pc, #3768]	@ 0x3200
    2344:	e7f2ecf8 	udf	#11976	@ 0x2ec8
    2348:	2a0000f8 	bcs	0x2730
    234c:	e7d012f4 			@ <UNDEFINED> instruction: 0xe7d012f4
    2350:	e594c014 	ldr	ip, [r4, #20]
    2354:	e28c00c8 	add	r0, ip, #200	@ 0xc8
    2358:	e594c014 	ldr	ip, [r4, #20]
    235c:	e28c1050 	add	r1, ip, #80	@ 0x50
    2360:	e594c014 	ldr	ip, [r4, #20]
    2364:	e28c20a0 	add	r2, ip, #160	@ 0xa0
    2368:	e3a0e000 	mov	lr, #0
    236c:	e584e024 	str	lr, [r4, #36]	@ 0x24
    2370:	e5847004 	str	r7, [r4, #4]
    2374:	e5840044 	str	r0, [r4, #68]	@ 0x44
    2378:	e5841048 	str	r1, [r4, #72]	@ 0x48
    237c:	e584204c 	str	r2, [r4, #76]	@ 0x4c
    2380:	e584800c 	str	r8, [r4, #12]
    2384:	e5849010 	str	r9, [r4, #16]
    2388:	e59f0e7c 	ldr	r0, [pc, #3708]	@ 0x320c
    238c:	e1a01004 	mov	r1, r4
    2390:	e59d2000 	ldr	r2, [sp]
    2394:	e59fce74 	ldr	ip, [pc, #3700]	@ 0x3210
    2398:	e12fff3c 	blx	ip
    239c:	e3500000 	cmp	r0, #0
    23a0:	1a0000e5 	bne	0x273c
    23a4:	e594003c 	ldr	r0, [r4, #60]	@ 0x3c
    23a8:	e3500000 	cmp	r0, #0
    23ac:	aa000002 	bge	0x23bc
    23b0:	e3e0e000 	mvn	lr, #0
    23b4:	e584e010 	str	lr, [r4, #16]
    23b8:	ea0000d3 	b	0x270c
    23bc:	e5942000 	ldr	r2, [r4]
    23c0:	e5951030 	ldr	r1, [r5, #48]	@ 0x30
    23c4:	e59fee34 	ldr	lr, [pc, #3636]	@ 0x3200
    23c8:	e7f2e4fc 	udf	#11852	@ 0x2e4c
    23cc:	2a0000d7 	bcs	0x2730
    23d0:	e7e012f4 			@ <UNDEFINED> instruction: 0xe7e012f4
    23d4:	e3500000 	cmp	r0, #0
    23d8:	aa000002 	bge	0x23e8
    23dc:	e3a0e001 	mov	lr, #1
    23e0:	e584e018 	str	lr, [r4, #24]
    23e4:	ea00000b 	b	0x2418
    23e8:	e59f0e24 	ldr	r0, [pc, #3620]	@ 0x3214
    23ec:	e1a01004 	mov	r1, r4
    23f0:	e59d2000 	ldr	r2, [sp]
    23f4:	e59fce1c 	ldr	ip, [pc, #3612]	@ 0x3218
    23f8:	e12fff3c 	blx	ip
    23fc:	e3500000 	cmp	r0, #0
    2400:	1a0000cd 	bne	0x273c
    2404:	e594003c 	ldr	r0, [r4, #60]	@ 0x3c
    2408:	e3500000 	cmp	r0, #0
    240c:	e3a0c000 	mov	ip, #0
    2410:	03a0c001 	moveq	ip, #1
    2414:	e584c018 	str	ip, [r4, #24]
    2418:	e5942000 	ldr	r2, [r4]
    241c:	e5951030 	ldr	r1, [r5, #48]	@ 0x30
    2420:	e59fcdd8 	ldr	ip, [pc, #3544]	@ 0x3200
    2424:	e152000c 	cmp	r2, ip
    2428:	8a0000c0 	bhi	0x2730
    242c:	e7e012f4 			@ <UNDEFINED> instruction: 0xe7e012f4
    2430:	e1a0a000 	mov	sl, r0
    2434:	e3c00020 	bic	r0, r0, #32
    2438:	e5942000 	ldr	r2, [r4]
    243c:	e5951030 	ldr	r1, [r5, #48]	@ 0x30
    2440:	e59fcdb8 	ldr	ip, [pc, #3512]	@ 0x3200
    2444:	e152000c 	cmp	r2, ip
    2448:	8a0000b8 	bhi	0x2730
    244c:	e7d012f4 			@ <UNDEFINED> instruction: 0xe7d012f4
    2450:	e5942000 	ldr	r2, [r4]
    2454:	e5951030 	ldr	r1, [r5, #48]	@ 0x30
    2458:	e59feda0 	ldr	lr, [pc, #3488]	@ 0x3200
    245c:	e7f2e3f0 	udf	#11824	@ 0x2e30
    2460:	2a0000b2 	bcs	0x2730
    2464:	e7e012f4 			@ <UNDEFINED> instruction: 0xe7e012f4
    2468:	e3500000 	cmp	r0, #0
    246c:	1a000025 	bne	0x2508
    2470:	e5941000 	ldr	r1, [r4]
    2474:	e5950030 	ldr	r0, [r5, #48]	@ 0x30
    2478:	e59fed80 	ldr	lr, [pc, #3456]	@ 0x3200
    247c:	e7f1e3f0 	udf	#7728	@ 0x1e30
    2480:	2a0000aa 	bcs	0x2730
    2484:	e3a02050 	mov	r2, #80	@ 0x50
    2488:	e7d201f4 			@ <UNDEFINED> instruction: 0xe7d201f4
    248c:	e5941000 	ldr	r1, [r4]
    2490:	e5950030 	ldr	r0, [r5, #48]	@ 0x30
    2494:	e59fed64 	ldr	lr, [pc, #3428]	@ 0x3200
    2498:	e7f1e1fc 	udf	#7708	@ 0x1e1c
    249c:	2a0000a3 	bcs	0x2730
    24a0:	e3a02000 	mov	r2, #0
    24a4:	e7d201f4 			@ <UNDEFINED> instruction: 0xe7d201f4
    24a8:	e5941000 	ldr	r1, [r4]
    24ac:	e5950030 	ldr	r0, [r5, #48]	@ 0x30
    24b0:	e59fed64 	ldr	lr, [pc, #3428]	@ 0x321c
    24b4:	e7f1e1f0 	udf	#7696	@ 0x1e10
    24b8:	2a00009c 	bcs	0x2730
    24bc:	e0800001 	add	r0, r0, r1
    24c0:	e3a01000 	mov	r1, #0
    24c4:	e3a02000 	mov	r2, #0
    24c8:	e5802000 	str	r2, [r0]
    24cc:	e5801004 	str	r1, [r0, #4]
    24d0:	e5941000 	ldr	r1, [r4]
    24d4:	e5950030 	ldr	r0, [r5, #48]	@ 0x30
    24d8:	e59fed20 	ldr	lr, [pc, #3360]	@ 0x3200
    24dc:	e7f1e2fc 	udf	#7724	@ 0x1e2c
    24e0:	2a000092 	bcs	0x2730
    24e4:	e7e601f4 			@ <UNDEFINED> instruction: 0xe7e601f4
    24e8:	e5941000 	ldr	r1, [r4]
    24ec:	e5950030 	ldr	r0, [r5, #48]	@ 0x30
    24f0:	e5942014 	ldr	r2, [r4, #20]
    24f4:	e59fed04 	ldr	lr, [pc, #3332]	@ 0x3200
    24f8:	e7f1e2fc 	udf	#7724	@ 0x1e2c
    24fc:	2a00008b 	bcs	0x2730
    2500:	e7d201f4 			@ <UNDEFINED> instruction: 0xe7d201f4
    2504:	ea000008 	b	0x252c
    2508:	e3a06000 	mov	r6, #0
    250c:	e5942000 	ldr	r2, [r4]
    2510:	e5951030 	ldr	r1, [r5, #48]	@ 0x30
    2514:	e59fece4 	ldr	lr, [pc, #3300]	@ 0x3200
    2518:	e7f2e1f0 	udf	#11792	@ 0x2e10
    251c:	2a000083 	bcs	0x2730
    2520:	e7e012f4 			@ <UNDEFINED> instruction: 0xe7e012f4
    2524:	e3500000 	cmp	r0, #0
    2528:	1a00000a 	bne	0x2558
    252c:	e3e0b000 	mvn	fp, #0
    2530:	e59f0ce8 	ldr	r0, [pc, #3304]	@ 0x3220
    2534:	e1a01004 	mov	r1, r4
    2538:	e59d2000 	ldr	r2, [sp]
    253c:	e59fcce0 	ldr	ip, [pc, #3296]	@ 0x3224
    2540:	e12fff3c 	blx	ip
    2544:	e3500000 	cmp	r0, #0
    2548:	1a00007b 	bne	0x273c
    254c:	e594003c 	ldr	r0, [r4, #60]	@ 0x3c
    2550:	e3500000 	cmp	r0, #0
    2554:	1a000014 	bne	0x25ac
    2558:	e594c014 	ldr	ip, [r4, #20]
    255c:	e28c00c8 	add	r0, ip, #200	@ 0xc8
    2560:	e594c014 	ldr	ip, [r4, #20]
    2564:	e28c1050 	add	r1, ip, #80	@ 0x50
    2568:	e594c014 	ldr	ip, [r4, #20]
    256c:	e28c20a0 	add	r2, ip, #160	@ 0xa0
    2570:	e5847004 	str	r7, [r4, #4]
    2574:	e5840044 	str	r0, [r4, #68]	@ 0x44
    2578:	e5841048 	str	r1, [r4, #72]	@ 0x48
    257c:	e584204c 	str	r2, [r4, #76]	@ 0x4c
    2580:	e584800c 	str	r8, [r4, #12]
    2584:	e5849010 	str	r9, [r4, #16]
    2588:	e59f0c98 	ldr	r0, [pc, #3224]	@ 0x3228
    258c:	e1a01004 	mov	r1, r4
    2590:	e59d2000 	ldr	r2, [sp]
    2594:	e59fcc90 	ldr	ip, [pc, #3216]	@ 0x322c
    2598:	e12fff3c 	blx	ip
    259c:	e3500000 	cmp	r0, #0
    25a0:	1a000065 	bne	0x273c
    25a4:	e594003c 	ldr	r0, [r4, #60]	@ 0x3c
    25a8:	e1a0b000 	mov	fp, r0
    25ac:	e20aa020 	and	sl, sl, #32
    25b0:	e3560000 	cmp	r6, #0
    25b4:	0a000038 	beq	0x269c
    25b8:	e5942000 	ldr	r2, [r4]
    25bc:	e5951030 	ldr	r1, [r5, #48]	@ 0x30
    25c0:	e59fec38 	ldr	lr, [pc, #3128]	@ 0x3200
    25c4:	e7f2e2f4 	udf	#11812	@ 0x2e24
    25c8:	2a000058 	bcs	0x2730
    25cc:	e7e012f4 			@ <UNDEFINED> instruction: 0xe7e012f4
    25d0:	e3a0e000 	mov	lr, #0
    25d4:	e584e024 	str	lr, [r4, #36]	@ 0x24
    25d8:	e3a0e000 	mov	lr, #0
    25dc:	e584e024 	str	lr, [r4, #36]	@ 0x24
    25e0:	e5840048 	str	r0, [r4, #72]	@ 0x48
    25e4:	e3a009ff 	mov	r0, #4177920	@ 0x3fc000
    25e8:	e3800ee3 	orr	r0, r0, #3632	@ 0xe30
    25ec:	e1a01004 	mov	r1, r4
    25f0:	e59d2000 	ldr	r2, [sp]
    25f4:	e59fcc34 	ldr	ip, [pc, #3124]	@ 0x3230
    25f8:	e12fff3c 	blx	ip
    25fc:	e3500000 	cmp	r0, #0
    2600:	1a00004d 	bne	0x273c
    2604:	e5941000 	ldr	r1, [r4]
    2608:	e5950030 	ldr	r0, [r5, #48]	@ 0x30
    260c:	e59febec 	ldr	lr, [pc, #3052]	@ 0x3200
    2610:	e7f1e3f0 	udf	#7728	@ 0x1e30
    2614:	2a000045 	bcs	0x2730
    2618:	e3a02000 	mov	r2, #0
    261c:	e7d201f4 			@ <UNDEFINED> instruction: 0xe7d201f4
    2620:	e5941000 	ldr	r1, [r4]
    2624:	e5950030 	ldr	r0, [r5, #48]	@ 0x30
    2628:	e59febd0 	ldr	lr, [pc, #3024]	@ 0x3200
    262c:	e7f1e2fc 	udf	#7724	@ 0x1e2c
    2630:	2a00003e 	bcs	0x2730
    2634:	e7d601f4 			@ <UNDEFINED> instruction: 0xe7d601f4
    2638:	e5941000 	ldr	r1, [r4]
    263c:	e5950030 	ldr	r0, [r5, #48]	@ 0x30
    2640:	e59febb8 	ldr	lr, [pc, #3000]	@ 0x3200
    2644:	e7f1e1fc 	udf	#7708	@ 0x1e1c
    2648:	2a000038 	bcs	0x2730
    264c:	e3a02000 	mov	r2, #0
    2650:	e7d201f4 			@ <UNDEFINED> instruction: 0xe7d201f4
    2654:	e5942000 	ldr	r2, [r4]
    2658:	e5951030 	ldr	r1, [r5, #48]	@ 0x30
    265c:	e59feb9c 	ldr	lr, [pc, #2972]	@ 0x3200
    2660:	e7f2e1f4 	udf	#11796	@ 0x2e14
    2664:	2a000031 	bcs	0x2730
    2668:	e7e012f4 			@ <UNDEFINED> instruction: 0xe7e012f4
    266c:	e5942000 	ldr	r2, [r4]
    2670:	e5951030 	ldr	r1, [r5, #48]	@ 0x30
    2674:	e59feba0 	ldr	lr, [pc, #2976]	@ 0x321c
    2678:	e7f2e1f0 	udf	#11792	@ 0x2e10
    267c:	2a00002b 	bcs	0x2730
    2680:	e0811002 	add	r1, r1, r2
    2684:	e3a02000 	mov	r2, #0
    2688:	e3a03000 	mov	r3, #0
    268c:	e5813000 	str	r3, [r1]
    2690:	e5812004 	str	r2, [r1, #4]
    2694:	e3500000 	cmp	r0, #0
    2698:	03e0b000 	mvneq	fp, #0
    269c:	e5942000 	ldr	r2, [r4]
    26a0:	e5951030 	ldr	r1, [r5, #48]	@ 0x30
    26a4:	e59fcb54 	ldr	ip, [pc, #2900]	@ 0x3200
    26a8:	e152000c 	cmp	r2, ip
    26ac:	8a00001f 	bhi	0x2730
    26b0:	e7e012f4 			@ <UNDEFINED> instruction: 0xe7e012f4
    26b4:	e1a01000 	mov	r1, r0
    26b8:	e180000a 	orr	r0, r0, sl
    26bc:	e5943000 	ldr	r3, [r4]
    26c0:	e5952030 	ldr	r2, [r5, #48]	@ 0x30
    26c4:	e59fcb34 	ldr	ip, [pc, #2868]	@ 0x3200
    26c8:	e153000c 	cmp	r3, ip
    26cc:	8a000017 	bhi	0x2730
    26d0:	e7d023f4 			@ <UNDEFINED> instruction: 0xe7d023f4
    26d4:	e3110020 	tst	r1, #32
    26d8:	e3e0e000 	mvn	lr, #0
    26dc:	01a0e00b 	moveq	lr, fp
    26e0:	e584e010 	str	lr, [r4, #16]
    26e4:	e594c018 	ldr	ip, [r4, #24]
    26e8:	e35c0000 	cmp	ip, #0
    26ec:	1a000006 	bne	0x270c
    26f0:	e59f0b3c 	ldr	r0, [pc, #2876]	@ 0x3234
    26f4:	e1a01004 	mov	r1, r4
    26f8:	e59d2000 	ldr	r2, [sp]
    26fc:	e59fcb34 	ldr	ip, [pc, #2868]	@ 0x3238
    2700:	e12fff3c 	blx	ip
    2704:	e3500000 	cmp	r0, #0
    2708:	1a00000b 	bne	0x273c
    270c:	e594c014 	ldr	ip, [r4, #20]
    2710:	e28c00d0 	add	r0, ip, #208	@ 0xd0
    2714:	e595103c 	ldr	r1, [r5, #60]	@ 0x3c
    2718:	e5810008 	str	r0, [r1, #8]
    271c:	e59f0b18 	ldr	r0, [pc, #2840]	@ 0x323c
    2720:	e30ccabc 	movw	ip, #51900	@ 0xcabc
    2724:	e34ccdef 	movt	ip, #52719	@ 0xcdef
    2728:	e28dd004 	add	sp, sp, #4
    272c:	e8bd8fc0 	pop	{r6, r7, r8, r9, sl, fp, pc}
    2730:	e3a00008 	mov	r0, #8
    2734:	e59d1000 	ldr	r1, [sp]
    2738:	e5810010 	str	r0, [r1, #16]
    273c:	e59d0000 	ldr	r0, [sp]
    2740:	e59d101c 	ldr	r1, [sp, #28]
    2744:	e59fcaf4 	ldr	ip, [pc, #2804]	@ 0x3240
    2748:	e12fff3c 	blx	ip
    274c:	e28dd004 	add	sp, sp, #4
    2750:	e8bd0fc0 	pop	{r6, r7, r8, r9, sl, fp}
    2754:	e28dd004 	add	sp, sp, #4
    2758:	e12fff10 	bx	r0
    275c:	e92d4fc0 	push	{r6, r7, r8, r9, sl, fp, lr}
    2760:	e24dd004 	sub	sp, sp, #4
    2764:	e58d0000 	str	r0, [sp]
    2768:	e30cc123 	movw	ip, #49443	@ 0xc123
    276c:	e34cc456 	movt	ip, #50262	@ 0xc456
    2770:	e595e03c 	ldr	lr, [r5, #60]	@ 0x3c
    2774:	e59e0008 	ldr	r0, [lr, #8]
    2778:	e2400040 	sub	r0, r0, #64	@ 0x40
    277c:	e584001c 	str	r0, [r4, #28]
    2780:	e595103c 	ldr	r1, [r5, #60]	@ 0x3c
    2784:	e5810008 	str	r0, [r1, #8]
    2788:	e594101c 	ldr	r1, [r4, #28]
    278c:	e5950030 	ldr	r0, [r5, #48]	@ 0x30
    2790:	e5942004 	ldr	r2, [r4, #4]
    2794:	e59fea64 	ldr	lr, [pc, #2660]	@ 0x3200
    2798:	e7f1e3fc 	udf	#7740	@ 0x1e3c
    279c:	2a0005b3 	bcs	0x3e70
    27a0:	e7d201f4 			@ <UNDEFINED> instruction: 0xe7d201f4
    27a4:	e594c01c 	ldr	ip, [r4, #28]
    27a8:	e28ce029 	add	lr, ip, #41	@ 0x29
    27ac:	e584e020 	str	lr, [r4, #32]
    27b0:	e594c01c 	ldr	ip, [r4, #28]
    27b4:	e28ce027 	add	lr, ip, #39	@ 0x27
    27b8:	e584e024 	str	lr, [r4, #36]	@ 0x24
    27bc:	e594c01c 	ldr	ip, [r4, #28]
    27c0:	e28ce028 	add	lr, ip, #40	@ 0x28
    27c4:	e584e028 	str	lr, [r4, #40]	@ 0x28
    27c8:	e3a0e000 	mov	lr, #0
    27cc:	e584e02c 	str	lr, [r4, #44]	@ 0x2c
    27d0:	e3a0e000 	mov	lr, #0
    27d4:	e584e030 	str	lr, [r4, #48]	@ 0x30
    27d8:	e3a0e000 	mov	lr, #0
    27dc:	e584e034 	str	lr, [r4, #52]	@ 0x34
    27e0:	e594e004 	ldr	lr, [r4, #4]
    27e4:	e584e038 	str	lr, [r4, #56]	@ 0x38
    27e8:	e594c030 	ldr	ip, [r4, #48]	@ 0x30
    27ec:	e3e0e480 	mvn	lr, #128, 8	@ 0x80000000
    27f0:	e02c000e 	eor	r0, ip, lr
    27f4:	e594c034 	ldr	ip, [r4, #52]	@ 0x34
    27f8:	e15c0000 	cmp	ip, r0
    27fc:	ca000580 	bgt	0x3e04
    2800:	e594e030 	ldr	lr, [r4, #48]	@ 0x30
    2804:	e594c034 	ldr	ip, [r4, #52]	@ 0x34
    2808:	e08ce00e 	add	lr, ip, lr
    280c:	e584e030 	str	lr, [r4, #48]	@ 0x30
    2810:	e594e038 	ldr	lr, [r4, #56]	@ 0x38
    2814:	e584e034 	str	lr, [r4, #52]	@ 0x34
    2818:	e5943038 	ldr	r3, [r4, #56]	@ 0x38
    281c:	e5952030 	ldr	r2, [r5, #48]	@ 0x30
    2820:	e3e0c4fe 	mvn	ip, #-33554432	@ 0xfe000000
    2824:	e3ccc8fe 	bic	ip, ip, #16646144	@ 0xfe0000
    2828:	e153000c 	cmp	r3, ip
    282c:	8a00058f 	bhi	0x3e70
    2830:	e7e123f0 			@ <UNDEFINED> instruction: 0xe7e123f0
    2834:	e584103c 	str	r1, [r4, #60]	@ 0x3c
    2838:	e3510000 	cmp	r1, #0
    283c:	0a0004b8 	beq	0x3b24
    2840:	e594c03c 	ldr	ip, [r4, #60]	@ 0x3c
    2844:	e20c10ff 	and	r1, ip, #255	@ 0xff
    2848:	e1a03001 	mov	r3, r1
    284c:	e3510000 	cmp	r1, #0
    2850:	1a000002 	bne	0x2860
    2854:	e594e034 	ldr	lr, [r4, #52]	@ 0x34
    2858:	e584e004 	str	lr, [r4, #4]
    285c:	ea00001c 	b	0x28d4
    2860:	e3530025 	cmp	r3, #37	@ 0x25
    2864:	1a0004a2 	bne	0x3af4
    2868:	e5941034 	ldr	r1, [r4, #52]	@ 0x34
    286c:	e1a08001 	mov	r8, r1
    2870:	e5957030 	ldr	r7, [r5, #48]	@ 0x30
    2874:	e3e0e4fe 	mvn	lr, #-33554432	@ 0xfe000000
    2878:	e3cee8fe 	bic	lr, lr, #16646144	@ 0xfe0000
    287c:	e7f8e0f1 	udf	#36353	@ 0x8e01
    2880:	2a00057a 	bcs	0x3e70
    2884:	e7e378f0 			@ <UNDEFINED> instruction: 0xe7e378f0
    2888:	e3530025 	cmp	r3, #37	@ 0x25
    288c:	0a000001 	beq	0x2898
    2890:	e5841004 	str	r1, [r4, #4]
    2894:	ea00000e 	b	0x28d4
    2898:	e594c034 	ldr	ip, [r4, #52]	@ 0x34
    289c:	e28ce001 	add	lr, ip, #1
    28a0:	e584e034 	str	lr, [r4, #52]	@ 0x34
    28a4:	e1a08001 	mov	r8, r1
    28a8:	e5957030 	ldr	r7, [r5, #48]	@ 0x30
    28ac:	e3e0e4fe 	mvn	lr, #-33554432	@ 0xfe000000
    28b0:	e3cee8fe 	bic	lr, lr, #16646144	@ 0xfe0000
    28b4:	e7f8e0f2 	udf	#36354	@ 0x8e02
    28b8:	2a00056c 	bcs	0x3e70
    28bc:	e7e378f0 			@ <UNDEFINED> instruction: 0xe7e378f0
    28c0:	e2817002 	add	r7, r1, #2
    28c4:	e5847004 	str	r7, [r4, #4]
    28c8:	e1a01007 	mov	r1, r7
    28cc:	e3530025 	cmp	r3, #37	@ 0x25
    28d0:	0affffe5 	beq	0x286c
    28d4:	e594e038 	ldr	lr, [r4, #56]	@ 0x38
    28d8:	e594c034 	ldr	ip, [r4, #52]	@ 0x34
    28dc:	e04c100e 	sub	r1, ip, lr
    28e0:	e5841034 	str	r1, [r4, #52]	@ 0x34
    28e4:	e594c030 	ldr	ip, [r4, #48]	@ 0x30
    28e8:	e3e0e480 	mvn	lr, #128, 8	@ 0x80000000
    28ec:	e02c300e 	eor	r3, ip, lr
    28f0:	e584303c 	str	r3, [r4, #60]	@ 0x3c
    28f4:	e1510003 	cmp	r1, r3
    28f8:	ca000541 	bgt	0x3e04
    28fc:	e594c000 	ldr	ip, [r4]
    2900:	e35c0000 	cmp	ip, #0
    2904:	0a000006 	beq	0x2924
    2908:	e59f0934 	ldr	r0, [pc, #2356]	@ 0x3244
    290c:	e1a01004 	mov	r1, r4
    2910:	e59d2000 	ldr	r2, [sp]
    2914:	e59fc92c 	ldr	ip, [pc, #2348]	@ 0x3248
    2918:	e12fff3c 	blx	ip
    291c:	e3500000 	cmp	r0, #0
    2920:	1a000555 	bne	0x3e7c
    2924:	e594c034 	ldr	ip, [r4, #52]	@ 0x34
    2928:	e35c0000 	cmp	ip, #0
    292c:	1affffab 	bne	0x27e0
    2930:	e594301c 	ldr	r3, [r4, #28]
    2934:	e5951030 	ldr	r1, [r5, #48]	@ 0x30
    2938:	e5948004 	ldr	r8, [r4, #4]
    293c:	e59fe8bc 	ldr	lr, [pc, #2236]	@ 0x3200
    2940:	e7f3e3fc 	udf	#15932	@ 0x3e3c
    2944:	2a000549 	bcs	0x3e70
    2948:	e7d813f4 			@ <UNDEFINED> instruction: 0xe7d813f4
    294c:	e594c004 	ldr	ip, [r4, #4]
    2950:	e28c1001 	add	r1, ip, #1
    2954:	e3e08000 	mvn	r8, #0
    2958:	e594a004 	ldr	sl, [r4, #4]
    295c:	e5959030 	ldr	r9, [r5, #48]	@ 0x30
    2960:	e3e0e4fe 	mvn	lr, #-33554432	@ 0xfe000000
    2964:	e3cee8fe 	bic	lr, lr, #16646144	@ 0xfe0000
    2968:	e7fae0f1 	udf	#44545	@ 0xae01
    296c:	2a00053f 	bcs	0x3e70
    2970:	e7e39af1 			@ <UNDEFINED> instruction: 0xe7e39af1
    2974:	e2433030 	sub	r3, r3, #48	@ 0x30
    2978:	e1a09003 	mov	r9, r3
    297c:	e3530009 	cmp	r3, #9
    2980:	8a00000d 	bhi	0x29bc
    2984:	e594b004 	ldr	fp, [r4, #4]
    2988:	e595a030 	ldr	sl, [r5, #48]	@ 0x30
    298c:	e3e0e4fe 	mvn	lr, #-33554432	@ 0xfe000000
    2990:	e3cee8fe 	bic	lr, lr, #16646144	@ 0xfe0000
    2994:	e7fbe0f2 	udf	#48642	@ 0xbe02
    2998:	2a000534 	bcs	0x3e70
    299c:	e7e3abf0 			@ <UNDEFINED> instruction: 0xe7e3abf0
    29a0:	e3530024 	cmp	r3, #36	@ 0x24
    29a4:	1a000004 	bne	0x29bc
    29a8:	e594c004 	ldr	ip, [r4, #4]
    29ac:	e28c1003 	add	r1, ip, #3
    29b0:	e3a0e001 	mov	lr, #1
    29b4:	e584e02c 	str	lr, [r4, #44]	@ 0x2c
    29b8:	e1a08009 	mov	r8, r9
    29bc:	e594901c 	ldr	r9, [r4, #28]
    29c0:	e5953030 	ldr	r3, [r5, #48]	@ 0x30
    29c4:	e59fe834 	ldr	lr, [pc, #2100]	@ 0x3200
    29c8:	e7f9e3fc 	udf	#40508	@ 0x9e3c
    29cc:	2a000527 	bcs	0x3e70
    29d0:	e7d139f4 			@ <UNDEFINED> instruction: 0xe7d139f4
    29d4:	e3a09000 	mov	r9, #0
    29d8:	e1a0b001 	mov	fp, r1
    29dc:	e595a030 	ldr	sl, [r5, #48]	@ 0x30
    29e0:	e3e0c4fe 	mvn	ip, #-33554432	@ 0xfe000000
    29e4:	e3ccc8fe 	bic	ip, ip, #16646144	@ 0xfe0000
    29e8:	e15b000c 	cmp	fp, ip
    29ec:	8a00051f 	bhi	0x3e70
    29f0:	e7e3abf1 			@ <UNDEFINED> instruction: 0xe7e3abf1
    29f4:	e1a0a003 	mov	sl, r3
    29f8:	e2433020 	sub	r3, r3, #32
    29fc:	e1a0b003 	mov	fp, r3
    2a00:	e353001f 	cmp	r3, #31
    2a04:	9a000001 	bls	0x2a10
    2a08:	e1a03001 	mov	r3, r1
    2a0c:	ea000027 	b	0x2ab0
    2a10:	e3a09000 	mov	r9, #0
    2a14:	e1a03001 	mov	r3, r1
    2a18:	e3a0c001 	mov	ip, #1
    2a1c:	e20be01f 	and	lr, fp, #31
    2a20:	e1a0be1c 	lsl	fp, ip, lr
    2a24:	e1a0600b 	mov	r6, fp
    2a28:	e3a0cb4a 	mov	ip, #75776	@ 0x12800
    2a2c:	e38cc089 	orr	ip, ip, #137	@ 0x89
    2a30:	e11b000c 	tst	fp, ip
    2a34:	0a00001d 	beq	0x2ab0
    2a38:	e281b001 	add	fp, r1, #1
    2a3c:	e1a0300b 	mov	r3, fp
    2a40:	e594001c 	ldr	r0, [r4, #28]
    2a44:	e5957030 	ldr	r7, [r5, #48]	@ 0x30
    2a48:	e59fe7b0 	ldr	lr, [pc, #1968]	@ 0x3200
    2a4c:	e7f0e3fc 	udf	#3644	@ 0xe3c
    2a50:	2a000506 	bcs	0x3e70
    2a54:	e7db70f4 			@ <UNDEFINED> instruction: 0xe7db70f4
    2a58:	e1869009 	orr	r9, r6, r9
    2a5c:	e1a0b001 	mov	fp, r1
    2a60:	e5957030 	ldr	r7, [r5, #48]	@ 0x30
    2a64:	e3e0e4fe 	mvn	lr, #-33554432	@ 0xfe000000
    2a68:	e3cee8fe 	bic	lr, lr, #16646144	@ 0xfe0000
    2a6c:	e7fbe0f1 	udf	#48641	@ 0xbe01
    2a70:	2a0004fe 	bcs	0x3e70
    2a74:	e7e07bf1 			@ <UNDEFINED> instruction: 0xe7e07bf1
    2a78:	e1a0a000 	mov	sl, r0
    2a7c:	e2400020 	sub	r0, r0, #32
    2a80:	e1a07000 	mov	r7, r0
    2a84:	e3500020 	cmp	r0, #32
    2a88:	2a000008 	bcs	0x2ab0
    2a8c:	e1a01003 	mov	r1, r3
    2a90:	e3a0c001 	mov	ip, #1
    2a94:	e207e01f 	and	lr, r7, #31
    2a98:	e1a07e1c 	lsl	r7, ip, lr
    2a9c:	e1a06007 	mov	r6, r7
    2aa0:	e3a0cb4a 	mov	ip, #75776	@ 0x12800
    2aa4:	e38cc089 	orr	ip, ip, #137	@ 0x89
    2aa8:	e117000c 	tst	r7, ip
    2aac:	1affffe1 	bne	0x2a38
    2ab0:	e35a002a 	cmp	sl, #42	@ 0x2a
    2ab4:	1a000069 	bne	0x2c60
    2ab8:	e1a06003 	mov	r6, r3
    2abc:	e5951030 	ldr	r1, [r5, #48]	@ 0x30
    2ac0:	e3e0e4fe 	mvn	lr, #-33554432	@ 0xfe000000
    2ac4:	e3cee8fe 	bic	lr, lr, #16646144	@ 0xfe0000
    2ac8:	e7f6e0f1 	udf	#28161	@ 0x6e01
    2acc:	2a0004e7 	bcs	0x3e70
    2ad0:	e7e016f1 			@ <UNDEFINED> instruction: 0xe7e016f1
    2ad4:	e2400030 	sub	r0, r0, #48	@ 0x30
    2ad8:	e1a01000 	mov	r1, r0
    2adc:	e3500009 	cmp	r0, #9
    2ae0:	8a000025 	bhi	0x2b7c
    2ae4:	e1a07003 	mov	r7, r3
    2ae8:	e5956030 	ldr	r6, [r5, #48]	@ 0x30
    2aec:	e3e0e4fe 	mvn	lr, #-33554432	@ 0xfe000000
    2af0:	e3cee8fe 	bic	lr, lr, #16646144	@ 0xfe0000
    2af4:	e7f7e0f2 	udf	#32258	@ 0x7e02
    2af8:	2a0004dc 	bcs	0x3e70
    2afc:	e7e067f0 			@ <UNDEFINED> instruction: 0xe7e067f0
    2b00:	e3500024 	cmp	r0, #36	@ 0x24
    2b04:	1a00001c 	bne	0x2b7c
    2b08:	e594c000 	ldr	ip, [r4]
    2b0c:	e35c0000 	cmp	ip, #0
    2b10:	1a00000b 	bne	0x2b44
    2b14:	e1a00101 	lsl	r0, r1, #2
    2b18:	e594c010 	ldr	ip, [r4, #16]
    2b1c:	e08c0000 	add	r0, ip, r0
    2b20:	e5956030 	ldr	r6, [r5, #48]	@ 0x30
    2b24:	e59fc6d4 	ldr	ip, [pc, #1748]	@ 0x3200
    2b28:	e150000c 	cmp	r0, ip
    2b2c:	8a0004cf 	bhi	0x3e70
    2b30:	e3a0700a 	mov	r7, #10
    2b34:	e7d760f4 			@ <UNDEFINED> instruction: 0xe7d760f4
    2b38:	e3a0e000 	mov	lr, #0
    2b3c:	e584e050 	str	lr, [r4, #80]	@ 0x50
    2b40:	ea000008 	b	0x2b68
    2b44:	e1a01181 	lsl	r1, r1, #3
    2b48:	e594c00c 	ldr	ip, [r4, #12]
    2b4c:	e08c1001 	add	r1, ip, r1
    2b50:	e5950030 	ldr	r0, [r5, #48]	@ 0x30
    2b54:	e59fc6a4 	ldr	ip, [pc, #1700]	@ 0x3200
    2b58:	e151000c 	cmp	r1, ip
    2b5c:	8a0004c3 	bhi	0x3e70
    2b60:	e7ee01f4 			@ <UNDEFINED> instruction: 0xe7ee01f4
    2b64:	e584e050 	str	lr, [r4, #80]	@ 0x50
    2b68:	e283e003 	add	lr, r3, #3
    2b6c:	e584e004 	str	lr, [r4, #4]
    2b70:	e3a0e001 	mov	lr, #1
    2b74:	e584e02c 	str	lr, [r4, #44]	@ 0x2c
    2b78:	ea000029 	b	0x2c24
    2b7c:	e594c02c 	ldr	ip, [r4, #44]	@ 0x2c
    2b80:	e35c0000 	cmp	ip, #0
    2b84:	1a000423 	bne	0x3c18
    2b88:	e283e001 	add	lr, r3, #1
    2b8c:	e584e004 	str	lr, [r4, #4]
    2b90:	e594c000 	ldr	ip, [r4]
    2b94:	e35c0000 	cmp	ip, #0
    2b98:	1a00000b 	bne	0x2bcc
    2b9c:	e594101c 	ldr	r1, [r4, #28]
    2ba0:	e5950030 	ldr	r0, [r5, #48]	@ 0x30
    2ba4:	e5943004 	ldr	r3, [r4, #4]
    2ba8:	e59fe650 	ldr	lr, [pc, #1616]	@ 0x3200
    2bac:	e7f1e3fc 	udf	#7740	@ 0x1e3c
    2bb0:	2a0004ae 	bcs	0x3e70
    2bb4:	e7d301f4 			@ <UNDEFINED> instruction: 0xe7d301f4
    2bb8:	e3a0e000 	mov	lr, #0
    2bbc:	e584e02c 	str	lr, [r4, #44]	@ 0x2c
    2bc0:	e3a0e000 	mov	lr, #0
    2bc4:	e584e050 	str	lr, [r4, #80]	@ 0x50
    2bc8:	ea000039 	b	0x2cb4
    2bcc:	e5943008 	ldr	r3, [r4, #8]
    2bd0:	e5951030 	ldr	r1, [r5, #48]	@ 0x30
    2bd4:	e59fc624 	ldr	ip, [pc, #1572]	@ 0x3200
    2bd8:	e153000c 	cmp	r3, ip
    2bdc:	8a0004a3 	bhi	0x3e70
    2be0:	e7e013f4 			@ <UNDEFINED> instruction: 0xe7e013f4
    2be4:	e1a01000 	mov	r1, r0
    2be8:	e2800004 	add	r0, r0, #4
    2bec:	e5947008 	ldr	r7, [r4, #8]
    2bf0:	e5953030 	ldr	r3, [r5, #48]	@ 0x30
    2bf4:	e59fc604 	ldr	ip, [pc, #1540]	@ 0x3200
    2bf8:	e157000c 	cmp	r7, ip
    2bfc:	8a00049b 	bhi	0x3e70
    2c00:	e7d037f4 			@ <UNDEFINED> instruction: 0xe7d037f4
    2c04:	e5950030 	ldr	r0, [r5, #48]	@ 0x30
    2c08:	e59fc5f0 	ldr	ip, [pc, #1520]	@ 0x3200
    2c0c:	e151000c 	cmp	r1, ip
    2c10:	8a000496 	bhi	0x3e70
    2c14:	e7ee01f4 			@ <UNDEFINED> instruction: 0xe7ee01f4
    2c18:	e584e050 	str	lr, [r4, #80]	@ 0x50
    2c1c:	e3a0e000 	mov	lr, #0
    2c20:	e584e02c 	str	lr, [r4, #44]	@ 0x2c
    2c24:	e594101c 	ldr	r1, [r4, #28]
    2c28:	e5950030 	ldr	r0, [r5, #48]	@ 0x30
    2c2c:	e5943004 	ldr	r3, [r4, #4]
    2c30:	e59fe5c8 	ldr	lr, [pc, #1480]	@ 0x3200
    2c34:	e7f1e3fc 	udf	#7740	@ 0x1e3c
    2c38:	2a00048c 	bcs	0x3e70
    2c3c:	e7d301f4 			@ <UNDEFINED> instruction: 0xe7d301f4
    2c40:	e594c050 	ldr	ip, [r4, #80]	@ 0x50
    2c44:	e37c0001 	cmn	ip, #1
    2c48:	ca000019 	bgt	0x2cb4
    2c4c:	e594c050 	ldr	ip, [r4, #80]	@ 0x50
    2c50:	e26ce000 	rsb	lr, ip, #0
    2c54:	e584e050 	str	lr, [r4, #80]	@ 0x50
    2c58:	e3899d80 	orr	r9, r9, #128, 26	@ 0x2000
    2c5c:	ea000014 	b	0x2cb4
    2c60:	e594c01c 	ldr	ip, [r4, #28]
    2c64:	e28c003c 	add	r0, ip, #60	@ 0x3c
    2c68:	e5840088 	str	r0, [r4, #136]	@ 0x88
    2c6c:	e59f05d8 	ldr	r0, [pc, #1496]	@ 0x324c
    2c70:	e1a01004 	mov	r1, r4
    2c74:	e59d2000 	ldr	r2, [sp]
    2c78:	e59fc5d0 	ldr	ip, [pc, #1488]	@ 0x3250
    2c7c:	e12fff3c 	blx	ip
    2c80:	e3500000 	cmp	r0, #0
    2c84:	1a00047c 	bne	0x3e7c
    2c88:	e5940088 	ldr	r0, [r4, #136]	@ 0x88
    2c8c:	e5840050 	str	r0, [r4, #80]	@ 0x50
    2c90:	e3500000 	cmp	r0, #0
    2c94:	ba00045a 	blt	0x3e04
    2c98:	e594101c 	ldr	r1, [r4, #28]
    2c9c:	e5950030 	ldr	r0, [r5, #48]	@ 0x30
    2ca0:	e59fe558 	ldr	lr, [pc, #1368]	@ 0x3200
    2ca4:	e7f1e3fc 	udf	#7740	@ 0x1e3c
    2ca8:	2a000470 	bcs	0x3e70
    2cac:	e7ee01f4 			@ <UNDEFINED> instruction: 0xe7ee01f4
    2cb0:	e584e004 	str	lr, [r4, #4]
    2cb4:	e3a07000 	mov	r7, #0
    2cb8:	e3e0e000 	mvn	lr, #0
    2cbc:	e584e054 	str	lr, [r4, #84]	@ 0x54
    2cc0:	e5943004 	ldr	r3, [r4, #4]
    2cc4:	e5951030 	ldr	r1, [r5, #48]	@ 0x30
    2cc8:	e3e0c4fe 	mvn	ip, #-33554432	@ 0xfe000000
    2ccc:	e3ccc8fe 	bic	ip, ip, #16646144	@ 0xfe0000
    2cd0:	e153000c 	cmp	r3, ip
    2cd4:	8a000465 	bhi	0x3e70
    2cd8:	e7e013f0 			@ <UNDEFINED> instruction: 0xe7e013f0
    2cdc:	e350002e 	cmp	r0, #46	@ 0x2e
    2ce0:	0a000001 	beq	0x2cec
    2ce4:	e3a0b000 	mov	fp, #0
    2ce8:	ea000080 	b	0x2ef0
    2cec:	e5943004 	ldr	r3, [r4, #4]
    2cf0:	e5951030 	ldr	r1, [r5, #48]	@ 0x30
    2cf4:	e3e0e4fe 	mvn	lr, #-33554432	@ 0xfe000000
    2cf8:	e3cee8fe 	bic	lr, lr, #16646144	@ 0xfe0000
    2cfc:	e7f3e0f1 	udf	#15873	@ 0x3e01
    2d00:	2a00045a 	bcs	0x3e70
    2d04:	e7e013f0 			@ <UNDEFINED> instruction: 0xe7e013f0
    2d08:	e350002a 	cmp	r0, #42	@ 0x2a
    2d0c:	1a00005b 	bne	0x2e80
    2d10:	e5943004 	ldr	r3, [r4, #4]
    2d14:	e5951030 	ldr	r1, [r5, #48]	@ 0x30
    2d18:	e3e0e4fe 	mvn	lr, #-33554432	@ 0xfe000000
    2d1c:	e3cee8fe 	bic	lr, lr, #16646144	@ 0xfe0000
    2d20:	e7f3e0f2 	udf	#15874	@ 0x3e02
    2d24:	2a000451 	bcs	0x3e70
    2d28:	e7e013f1 			@ <UNDEFINED> instruction: 0xe7e013f1
    2d2c:	e2400030 	sub	r0, r0, #48	@ 0x30
    2d30:	e1a01000 	mov	r1, r0
    2d34:	e3500009 	cmp	r0, #9
    2d38:	8a000024 	bhi	0x2dd0
    2d3c:	e5946004 	ldr	r6, [r4, #4]
    2d40:	e5953030 	ldr	r3, [r5, #48]	@ 0x30
    2d44:	e3e0e4fe 	mvn	lr, #-33554432	@ 0xfe000000
    2d48:	e3cee8fe 	bic	lr, lr, #16646144	@ 0xfe0000
    2d4c:	e7f6e0f3 	udf	#28163	@ 0x6e03
    2d50:	2a000446 	bcs	0x3e70
    2d54:	e7e036f0 			@ <UNDEFINED> instruction: 0xe7e036f0
    2d58:	e3500024 	cmp	r0, #36	@ 0x24
    2d5c:	1a00001b 	bne	0x2dd0
    2d60:	e594c000 	ldr	ip, [r4]
    2d64:	e35c0000 	cmp	ip, #0
    2d68:	1a00000b 	bne	0x2d9c
    2d6c:	e1a00101 	lsl	r0, r1, #2
    2d70:	e594c010 	ldr	ip, [r4, #16]
    2d74:	e08c0000 	add	r0, ip, r0
    2d78:	e5953030 	ldr	r3, [r5, #48]	@ 0x30
    2d7c:	e59fc47c 	ldr	ip, [pc, #1148]	@ 0x3200
    2d80:	e150000c 	cmp	r0, ip
    2d84:	8a000439 	bhi	0x3e70
    2d88:	e3a0600a 	mov	r6, #10
    2d8c:	e7d630f4 			@ <UNDEFINED> instruction: 0xe7d630f4
    2d90:	e3a0e000 	mov	lr, #0
    2d94:	e584e054 	str	lr, [r4, #84]	@ 0x54
    2d98:	ea000008 	b	0x2dc0
    2d9c:	e1a01181 	lsl	r1, r1, #3
    2da0:	e594c00c 	ldr	ip, [r4, #12]
    2da4:	e08c1001 	add	r1, ip, r1
    2da8:	e5950030 	ldr	r0, [r5, #48]	@ 0x30
    2dac:	e59fc44c 	ldr	ip, [pc, #1100]	@ 0x3200
    2db0:	e151000c 	cmp	r1, ip
    2db4:	8a00042d 	bhi	0x3e70
    2db8:	e7ee01f4 			@ <UNDEFINED> instruction: 0xe7ee01f4
    2dbc:	e584e054 	str	lr, [r4, #84]	@ 0x54
    2dc0:	e594c004 	ldr	ip, [r4, #4]
    2dc4:	e28ce004 	add	lr, ip, #4
    2dc8:	e584e004 	str	lr, [r4, #4]
    2dcc:	ea00001f 	b	0x2e50
    2dd0:	e594c02c 	ldr	ip, [r4, #44]	@ 0x2c
    2dd4:	e35c0000 	cmp	ip, #0
    2dd8:	1a00038e 	bne	0x3c18
    2ddc:	e594c004 	ldr	ip, [r4, #4]
    2de0:	e28ce002 	add	lr, ip, #2
    2de4:	e584e004 	str	lr, [r4, #4]
    2de8:	e594c000 	ldr	ip, [r4]
    2dec:	e35c0000 	cmp	ip, #0
    2df0:	1a000002 	bne	0x2e00
    2df4:	e3a0e000 	mov	lr, #0
    2df8:	e584e054 	str	lr, [r4, #84]	@ 0x54
    2dfc:	ea000013 	b	0x2e50
    2e00:	e5943008 	ldr	r3, [r4, #8]
    2e04:	e5951030 	ldr	r1, [r5, #48]	@ 0x30
    2e08:	e59fc3f0 	ldr	ip, [pc, #1008]	@ 0x3200
    2e0c:	e153000c 	cmp	r3, ip
    2e10:	8a000416 	bhi	0x3e70
    2e14:	e7e013f4 			@ <UNDEFINED> instruction: 0xe7e013f4
    2e18:	e1a01000 	mov	r1, r0
    2e1c:	e2800004 	add	r0, r0, #4
    2e20:	e5946008 	ldr	r6, [r4, #8]
    2e24:	e5953030 	ldr	r3, [r5, #48]	@ 0x30
    2e28:	e59fc3d0 	ldr	ip, [pc, #976]	@ 0x3200
    2e2c:	e156000c 	cmp	r6, ip
    2e30:	8a00040e 	bhi	0x3e70
    2e34:	e7d036f4 			@ <UNDEFINED> instruction: 0xe7d036f4
    2e38:	e5950030 	ldr	r0, [r5, #48]	@ 0x30
    2e3c:	e59fc3bc 	ldr	ip, [pc, #956]	@ 0x3200
    2e40:	e151000c 	cmp	r1, ip
    2e44:	8a000409 	bhi	0x3e70
    2e48:	e7ee01f4 			@ <UNDEFINED> instruction: 0xe7ee01f4
    2e4c:	e584e054 	str	lr, [r4, #84]	@ 0x54
    2e50:	e594101c 	ldr	r1, [r4, #28]
    2e54:	e5950030 	ldr	r0, [r5, #48]	@ 0x30
    2e58:	e5943004 	ldr	r3, [r4, #4]
    2e5c:	e59fe39c 	ldr	lr, [pc, #924]	@ 0x3200
    2e60:	e7f1e3fc 	udf	#7740	@ 0x1e3c
    2e64:	2a000401 	bcs	0x3e70
    2e68:	e7d301f4 			@ <UNDEFINED> instruction: 0xe7d301f4
    2e6c:	e594c054 	ldr	ip, [r4, #84]	@ 0x54
    2e70:	e37c0001 	cmn	ip, #1
    2e74:	e3a0b000 	mov	fp, #0
    2e78:	c3a0b001 	movgt	fp, #1
    2e7c:	ea00001b 	b	0x2ef0
    2e80:	e594c004 	ldr	ip, [r4, #4]
    2e84:	e28c0001 	add	r0, ip, #1
    2e88:	e594301c 	ldr	r3, [r4, #28]
    2e8c:	e5951030 	ldr	r1, [r5, #48]	@ 0x30
    2e90:	e59fe368 	ldr	lr, [pc, #872]	@ 0x3200
    2e94:	e7f3e3fc 	udf	#15932	@ 0x3e3c
    2e98:	2a0003f4 	bcs	0x3e70
    2e9c:	e7d013f4 			@ <UNDEFINED> instruction: 0xe7d013f4
    2ea0:	e3a0b001 	mov	fp, #1
    2ea4:	e594c01c 	ldr	ip, [r4, #28]
    2ea8:	e28c003c 	add	r0, ip, #60	@ 0x3c
    2eac:	e5840088 	str	r0, [r4, #136]	@ 0x88
    2eb0:	e59f039c 	ldr	r0, [pc, #924]	@ 0x3254
    2eb4:	e1a01004 	mov	r1, r4
    2eb8:	e59d2000 	ldr	r2, [sp]
    2ebc:	e59fc394 	ldr	ip, [pc, #916]	@ 0x3258
    2ec0:	e12fff3c 	blx	ip
    2ec4:	e3500000 	cmp	r0, #0
    2ec8:	1a0003eb 	bne	0x3e7c
    2ecc:	e5940088 	ldr	r0, [r4, #136]	@ 0x88
    2ed0:	e5840054 	str	r0, [r4, #84]	@ 0x54
    2ed4:	e594101c 	ldr	r1, [r4, #28]
    2ed8:	e5950030 	ldr	r0, [r5, #48]	@ 0x30
    2edc:	e59fe31c 	ldr	lr, [pc, #796]	@ 0x3200
    2ee0:	e7f1e3fc 	udf	#7740	@ 0x1e3c
    2ee4:	2a0003e1 	bcs	0x3e70
    2ee8:	e7ee01f4 			@ <UNDEFINED> instruction: 0xe7ee01f4
    2eec:	e584e004 	str	lr, [r4, #4]
    2ef0:	e1a06007 	mov	r6, r7
    2ef4:	e3a0e01c 	mov	lr, #28
    2ef8:	e584e05c 	str	lr, [r4, #92]	@ 0x5c
    2efc:	e594a004 	ldr	sl, [r4, #4]
    2f00:	e5943004 	ldr	r3, [r4, #4]
    2f04:	e5951030 	ldr	r1, [r5, #48]	@ 0x30
    2f08:	e3e0c4fe 	mvn	ip, #-33554432	@ 0xfe000000
    2f0c:	e3ccc8fe 	bic	ip, ip, #16646144	@ 0xfe0000
    2f10:	e153000c 	cmp	r3, ip
    2f14:	8a0003d5 	bhi	0x3e70
    2f18:	e7e013f1 			@ <UNDEFINED> instruction: 0xe7e013f1
    2f1c:	e1a01000 	mov	r1, r0
    2f20:	e240007b 	sub	r0, r0, #123	@ 0x7b
    2f24:	e370003a 	cmn	r0, #58	@ 0x3a
    2f28:	3a0003b7 	bcc	0x3e0c
    2f2c:	e28ae001 	add	lr, sl, #1
    2f30:	e584e004 	str	lr, [r4, #4]
    2f34:	e3a0c03a 	mov	ip, #58	@ 0x3a
    2f38:	e0000c96 	mul	r0, r6, ip
    2f3c:	e0800001 	add	r0, r0, r1
    2f40:	e2800b40 	add	r0, r0, #64, 22	@ 0x10000
    2f44:	e28002f0 	add	r0, r0, #240, 4
    2f48:	e1a03000 	mov	r3, r0
    2f4c:	e5951030 	ldr	r1, [r5, #48]	@ 0x30
    2f50:	e3e0c4fe 	mvn	ip, #-33554432	@ 0xfe000000
    2f54:	e3ccc8fe 	bic	ip, ip, #16646144	@ 0xfe0000
    2f58:	e153000c 	cmp	r3, ip
    2f5c:	8a0003c3 	bhi	0x3e70
    2f60:	e7e013f0 			@ <UNDEFINED> instruction: 0xe7e013f0
    2f64:	e1a07000 	mov	r7, r0
    2f68:	e2400001 	sub	r0, r0, #1
    2f6c:	e20000ff 	and	r0, r0, #255	@ 0xff
    2f70:	e3500008 	cmp	r0, #8
    2f74:	3affffdd 	bcc	0x2ef0
    2f78:	e594101c 	ldr	r1, [r4, #28]
    2f7c:	e5950030 	ldr	r0, [r5, #48]	@ 0x30
    2f80:	e5943004 	ldr	r3, [r4, #4]
    2f84:	e59fe274 	ldr	lr, [pc, #628]	@ 0x3200
    2f88:	e7f1e3fc 	udf	#7740	@ 0x1e3c
    2f8c:	2a0003b7 	bcs	0x3e70
    2f90:	e7d301f4 			@ <UNDEFINED> instruction: 0xe7d301f4
    2f94:	e357001b 	cmp	r7, #27
    2f98:	0a000031 	beq	0x3064
    2f9c:	e3570000 	cmp	r7, #0
    2fa0:	0a000399 	beq	0x3e0c
    2fa4:	e3580000 	cmp	r8, #0
    2fa8:	ba00001e 	blt	0x3028
    2fac:	e594c000 	ldr	ip, [r4]
    2fb0:	e35c0000 	cmp	ip, #0
    2fb4:	1a000008 	bne	0x2fdc
    2fb8:	e1a00108 	lsl	r0, r8, #2
    2fbc:	e594c010 	ldr	ip, [r4, #16]
    2fc0:	e08c0000 	add	r0, ip, r0
    2fc4:	e5951030 	ldr	r1, [r5, #48]	@ 0x30
    2fc8:	e59fc230 	ldr	ip, [pc, #560]	@ 0x3200
    2fcc:	e150000c 	cmp	r0, ip
    2fd0:	8a0003a6 	bhi	0x3e70
    2fd4:	e7d710f4 			@ <UNDEFINED> instruction: 0xe7d710f4
    2fd8:	eafffdfe 	b	0x27d8
    2fdc:	e1a00188 	lsl	r0, r8, #3
    2fe0:	e594c00c 	ldr	ip, [r4, #12]
    2fe4:	e08c0000 	add	r0, ip, r0
    2fe8:	e5952030 	ldr	r2, [r5, #48]	@ 0x30
    2fec:	e59fc228 	ldr	ip, [pc, #552]	@ 0x321c
    2ff0:	e150000c 	cmp	r0, ip
    2ff4:	8a00039d 	bhi	0x3e70
    2ff8:	e082c000 	add	ip, r2, r0
    2ffc:	e59c1000 	ldr	r1, [ip]
    3000:	e59c3004 	ldr	r3, [ip, #4]
    3004:	e594201c 	ldr	r2, [r4, #28]
    3008:	e5950030 	ldr	r0, [r5, #48]	@ 0x30
    300c:	e59fe208 	ldr	lr, [pc, #520]	@ 0x321c
    3010:	e7f2e3f0 	udf	#11824	@ 0x2e30
    3014:	2a000395 	bcs	0x3e70
    3018:	e080c002 	add	ip, r0, r2
    301c:	e58c1000 	str	r1, [ip]
    3020:	e58c3004 	str	r3, [ip, #4]
    3024:	ea000015 	b	0x3080
    3028:	e594c000 	ldr	ip, [r4]
    302c:	e35c0000 	cmp	ip, #0
    3030:	0a000370 	beq	0x3df8
    3034:	e594c01c 	ldr	ip, [r4, #28]
    3038:	e28c0030 	add	r0, ip, #48	@ 0x30
    303c:	e5840088 	str	r0, [r4, #136]	@ 0x88
    3040:	e5847034 	str	r7, [r4, #52]	@ 0x34
    3044:	e59f0210 	ldr	r0, [pc, #528]	@ 0x325c
    3048:	e1a01004 	mov	r1, r4
    304c:	e59d2000 	ldr	r2, [sp]
    3050:	e59fc208 	ldr	ip, [pc, #520]	@ 0x3260
    3054:	e12fff3c 	blx	ip
    3058:	e3500000 	cmp	r0, #0
    305c:	1a000386 	bne	0x3e7c
    3060:	ea000006 	b	0x3080
    3064:	e3780001 	cmn	r8, #1
    3068:	ca000367 	bgt	0x3e0c
    306c:	e3a0e000 	mov	lr, #0
    3070:	e584e034 	str	lr, [r4, #52]	@ 0x34
    3074:	e594c000 	ldr	ip, [r4]
    3078:	e35c0000 	cmp	ip, #0
    307c:	0afffdd7 	beq	0x27e0
    3080:	e5942000 	ldr	r2, [r4]
    3084:	e5951030 	ldr	r1, [r5, #48]	@ 0x30
    3088:	e3e0c4fe 	mvn	ip, #-33554432	@ 0xfe000000
    308c:	e3ccc8fe 	bic	ip, ip, #16646144	@ 0xfe0000
    3090:	e152000c 	cmp	r2, ip
    3094:	8a000375 	bhi	0x3e70
    3098:	e7e012f0 			@ <UNDEFINED> instruction: 0xe7e012f0
    309c:	e3100020 	tst	r0, #32
    30a0:	1a000367 	bne	0x3e44
    30a4:	e3c90b40 	bic	r0, r9, #64, 22	@ 0x10000
    30a8:	e5840060 	str	r0, [r4, #96]	@ 0x60
    30ac:	e3190d80 	tst	r9, #128, 26	@ 0x2000
    30b0:	e1a0e000 	mov	lr, r0
    30b4:	01a0e009 	moveq	lr, r9
    30b8:	e584e048 	str	lr, [r4, #72]	@ 0x48
    30bc:	e3a0e000 	mov	lr, #0
    30c0:	e584e044 	str	lr, [r4, #68]	@ 0x44
    30c4:	e3a0eb40 	mov	lr, #64, 22	@ 0x10000
    30c8:	e584e064 	str	lr, [r4, #100]	@ 0x64
    30cc:	e594e028 	ldr	lr, [r4, #40]	@ 0x28
    30d0:	e584e05c 	str	lr, [r4, #92]	@ 0x5c
    30d4:	e1a0200a 	mov	r2, sl
    30d8:	e5951030 	ldr	r1, [r5, #48]	@ 0x30
    30dc:	e3e0c4fe 	mvn	ip, #-33554432	@ 0xfe000000
    30e0:	e3ccc8fe 	bic	ip, ip, #16646144	@ 0xfe0000
    30e4:	e152000c 	cmp	r2, ip
    30e8:	8a000360 	bhi	0x3e70
    30ec:	e7ea12f0 			@ <UNDEFINED> instruction: 0xe7ea12f0
    30f0:	e1a0100a 	mov	r1, sl
    30f4:	e6afa07a 	sxtb	sl, sl
    30f8:	e1a0200a 	mov	r2, sl
    30fc:	e3caa02c 	bic	sl, sl, #44	@ 0x2c
    3100:	e201100f 	and	r1, r1, #15
    3104:	e3510003 	cmp	r1, #3
    3108:	11a0a002 	movne	sl, r2
    310c:	e3560000 	cmp	r6, #0
    3110:	01a0a002 	moveq	sl, r2
    3114:	e1a0800a 	mov	r8, sl
    3118:	e24aa058 	sub	sl, sl, #88	@ 0x58
    311c:	e1a0e00a 	mov	lr, sl
    3120:	e35e0021 	cmp	lr, #33	@ 0x21
    3124:	23a0e021 	movcs	lr, #33	@ 0x21
    3128:	e1a0e10e 	lsl	lr, lr, #2
    312c:	e59fc130 	ldr	ip, [pc, #304]	@ 0x3264
    3130:	e08ee00c 	add	lr, lr, ip
    3134:	e59ec000 	ldr	ip, [lr]
    3138:	e12fff1c 	bx	ip
    313c:	e594e028 	ldr	lr, [r4, #40]	@ 0x28
    3140:	e584e05c 	str	lr, [r4, #92]	@ 0x5c
    3144:	e2481041 	sub	r1, r8, #65	@ 0x41
    3148:	e1a0e001 	mov	lr, r1
    314c:	e35e0007 	cmp	lr, #7
    3150:	23a0e007 	movcs	lr, #7
    3154:	e1a0e10e 	lsl	lr, lr, #2
    3158:	e59fc108 	ldr	ip, [pc, #264]	@ 0x3268
    315c:	e08ee00c 	add	lr, lr, ip
    3160:	e59ec000 	ldr	ip, [lr]
    3164:	e12fff1c 	bx	ip
    3168:	e3580053 	cmp	r8, #83	@ 0x53
    316c:	0a00019a 	beq	0x37dc
    3170:	ea0002bb 	b	0x3c64
    3174:	e3a0e000 	mov	lr, #0
    3178:	e584e044 	str	lr, [r4, #68]	@ 0x44
    317c:	e3a0eb40 	mov	lr, #64, 22	@ 0x10000
    3180:	e584e064 	str	lr, [r4, #100]	@ 0x64
    3184:	e594201c 	ldr	r2, [r4, #28]
    3188:	e5951030 	ldr	r1, [r5, #48]	@ 0x30
    318c:	e59fe088 	ldr	lr, [pc, #136]	@ 0x321c
    3190:	e7f2e3f0 	udf	#11824	@ 0x2e30
    3194:	2a000335 	bcs	0x3e70
    3198:	e081c002 	add	ip, r1, r2
    319c:	e59ca000 	ldr	sl, [ip]
    31a0:	e59c9004 	ldr	r9, [ip, #4]
    31a4:	ea000111 	b	0x35f0
    31a8:	e3a0e000 	mov	lr, #0
    31ac:	e584e034 	str	lr, [r4, #52]	@ 0x34
    31b0:	e1a0e006 	mov	lr, r6
    31b4:	e35e0008 	cmp	lr, #8
    31b8:	23a0e008 	movcs	lr, #8
    31bc:	e1a0e10e 	lsl	lr, lr, #2
    31c0:	e59fc0a4 	ldr	ip, [pc, #164]	@ 0x326c
    31c4:	e08ee00c 	add	lr, lr, ip
    31c8:	e59ec000 	ldr	ip, [lr]
    31cc:	e12fff1c 	bx	ip
    31d0:	e594301c 	ldr	r3, [r4, #28]
    31d4:	e5952030 	ldr	r2, [r5, #48]	@ 0x30
    31d8:	e59fe020 	ldr	lr, [pc, #32]	@ 0x3200
    31dc:	e7f3e3f0 	udf	#15920	@ 0x3e30
    31e0:	2a000322 	bcs	0x3e70
    31e4:	e7e123f4 			@ <UNDEFINED> instruction: 0xe7e123f4
    31e8:	e5952030 	ldr	r2, [r5, #48]	@ 0x30
    31ec:	e5943030 	ldr	r3, [r4, #48]	@ 0x30
    31f0:	e59fc008 	ldr	ip, [pc, #8]	@ 0x3200
    31f4:	ea00001d 	b	0x3270
    31f8:	003fc6b4 	ldrhteq	ip, [pc], -r4
    31fc:	0004890c 	andeq	r8, r4, ip, lsl #18
    3200:	0101fffc 	strdeq	pc, [r1, -ip]
    3204:	00048004 	andeq	r8, r4, r4
    3208:	00049a8c 	andeq	r9, r4, ip, lsl #21
    320c:	003fcc3c 	eorseq	ip, pc, ip, lsr ip	@ <UNPREDICTABLE>
    3210:	0004890c 	andeq	r8, r4, ip, lsl #18
    3214:	003fccbc 	ldrhteq	ip, [pc], -ip
    3218:	0004890c 	andeq	r8, r4, ip, lsl #18
    321c:	0101fff8 	strdeq	pc, [r1, -r8]
    3220:	003fcd9c 	mlaseq	pc, ip, sp, ip	@ <UNPREDICTABLE>
    3224:	0004890c 	andeq	r8, r4, ip, lsl #18
    3228:	003fcddc 	ldrsbteq	ip, [pc], -ip
    322c:	0004890c 	andeq	r8, r4, ip, lsl #18
    3230:	00048c48 	andeq	r8, r4, r8, asr #24
    3234:	003fcf18 	eorseq	ip, pc, r8, lsl pc	@ <UNPREDICTABLE>
    3238:	0004890c 	andeq	r8, r4, ip, lsl #18
    323c:	003fcf48 	eorseq	ip, pc, r8, asr #30
    3240:	00048004 	andeq	r8, r4, r4
    3244:	00401a14 	subeq	r1, r0, r4, lsl sl
    3248:	0004890c 	andeq	r8, r4, ip, lsl #18
    324c:	00401f14 	subeq	r1, r0, r4, lsl pc
    3250:	0004890c 	andeq	r8, r4, ip, lsl #18
    3254:	004021e0 	subeq	r2, r0, r0, ror #3
    3258:	0004890c 	andeq	r8, r4, ip, lsl #18
    325c:	00402424 	subeq	r2, r0, r4, lsr #8
    3260:	0004890c 	andeq	r8, r4, ip, lsl #18
    3264:	4085a664 	addmi	sl, r5, r4, ror #12
    3268:	4085a6ec 	addmi	sl, r5, ip, ror #13
    326c:	4085a70c 	addmi	sl, r5, ip, lsl #14
    3270:	e151000c 	cmp	r1, ip
    3274:	8a0002fd 	bhi	0x3e70
    3278:	e7d321f4 			@ <UNDEFINED> instruction: 0xe7d321f4
    327c:	eafffd57 	b	0x27e0
    3280:	e594301c 	ldr	r3, [r4, #28]
    3284:	e5952030 	ldr	r2, [r5, #48]	@ 0x30
    3288:	e59fefe8 	ldr	lr, [pc, #4072]	@ 0x4278
    328c:	e7f3e3f0 	udf	#15920	@ 0x3e30
    3290:	2a0002f6 	bcs	0x3e70
    3294:	e7e123f4 			@ <UNDEFINED> instruction: 0xe7e123f4
    3298:	e5952030 	ldr	r2, [r5, #48]	@ 0x30
    329c:	e5943030 	ldr	r3, [r4, #48]	@ 0x30
    32a0:	e59fcfd0 	ldr	ip, [pc, #4048]	@ 0x4278
    32a4:	e151000c 	cmp	r1, ip
    32a8:	8a0002f0 	bhi	0x3e70
    32ac:	e7d321f4 			@ <UNDEFINED> instruction: 0xe7d321f4
    32b0:	eafffd4a 	b	0x27e0
    32b4:	e594301c 	ldr	r3, [r4, #28]
    32b8:	e5952030 	ldr	r2, [r5, #48]	@ 0x30
    32bc:	e59fefb4 	ldr	lr, [pc, #4020]	@ 0x4278
    32c0:	e7f3e3f0 	udf	#15920	@ 0x3e30
    32c4:	2a0002e9 	bcs	0x3e70
    32c8:	e7e123f4 			@ <UNDEFINED> instruction: 0xe7e123f4
    32cc:	e5942030 	ldr	r2, [r4, #48]	@ 0x30
    32d0:	e1a03fc2 	asr	r3, r2, #31
    32d4:	e5956030 	ldr	r6, [r5, #48]	@ 0x30
    32d8:	e59fcf9c 	ldr	ip, [pc, #3996]	@ 0x427c
    32dc:	e151000c 	cmp	r1, ip
    32e0:	8a0002e2 	bhi	0x3e70
    32e4:	e086c001 	add	ip, r6, r1
    32e8:	e58c2000 	str	r2, [ip]
    32ec:	e58c3004 	str	r3, [ip, #4]
    32f0:	eafffd3a 	b	0x27e0
    32f4:	e594301c 	ldr	r3, [r4, #28]
    32f8:	e5952030 	ldr	r2, [r5, #48]	@ 0x30
    32fc:	e59fef74 	ldr	lr, [pc, #3956]	@ 0x4278
    3300:	e7f3e3f0 	udf	#15920	@ 0x3e30
    3304:	2a0002d9 	bcs	0x3e70
    3308:	e7e123f4 			@ <UNDEFINED> instruction: 0xe7e123f4
    330c:	e5952030 	ldr	r2, [r5, #48]	@ 0x30
    3310:	e5943030 	ldr	r3, [r4, #48]	@ 0x30
    3314:	e59fcf64 	ldr	ip, [pc, #3940]	@ 0x4280
    3318:	e151000c 	cmp	r1, ip
    331c:	8a0002d3 	bhi	0x3e70
    3320:	e7d321f2 			@ <UNDEFINED> instruction: 0xe7d321f2
    3324:	eafffd2d 	b	0x27e0
    3328:	e594301c 	ldr	r3, [r4, #28]
    332c:	e5952030 	ldr	r2, [r5, #48]	@ 0x30
    3330:	e59fef40 	ldr	lr, [pc, #3904]	@ 0x4278
    3334:	e7f3e3f0 	udf	#15920	@ 0x3e30
    3338:	2a0002cc 	bcs	0x3e70
    333c:	e7e123f4 			@ <UNDEFINED> instruction: 0xe7e123f4
    3340:	e5952030 	ldr	r2, [r5, #48]	@ 0x30
    3344:	e5943030 	ldr	r3, [r4, #48]	@ 0x30
    3348:	e3e0c4fe 	mvn	ip, #-33554432	@ 0xfe000000
    334c:	e3ccc8fe 	bic	ip, ip, #16646144	@ 0xfe0000
    3350:	e151000c 	cmp	r1, ip
    3354:	8a0002c5 	bhi	0x3e70
    3358:	e7d321f0 			@ <UNDEFINED> instruction: 0xe7d321f0
    335c:	eafffd1f 	b	0x27e0
    3360:	e594301c 	ldr	r3, [r4, #28]
    3364:	e5952030 	ldr	r2, [r5, #48]	@ 0x30
    3368:	e59fef08 	ldr	lr, [pc, #3848]	@ 0x4278
    336c:	e7f3e3f0 	udf	#15920	@ 0x3e30
    3370:	2a0002be 	bcs	0x3e70
    3374:	e7e123f4 			@ <UNDEFINED> instruction: 0xe7e123f4
    3378:	e5952030 	ldr	r2, [r5, #48]	@ 0x30
    337c:	e5943030 	ldr	r3, [r4, #48]	@ 0x30
    3380:	e59fcef0 	ldr	ip, [pc, #3824]	@ 0x4278
    3384:	e151000c 	cmp	r1, ip
    3388:	8a0002b8 	bhi	0x3e70
    338c:	e7d321f4 			@ <UNDEFINED> instruction: 0xe7d321f4
    3390:	eafffd12 	b	0x27e0
    3394:	e594301c 	ldr	r3, [r4, #28]
    3398:	e5952030 	ldr	r2, [r5, #48]	@ 0x30
    339c:	e59feed4 	ldr	lr, [pc, #3796]	@ 0x4278
    33a0:	e7f3e3f0 	udf	#15920	@ 0x3e30
    33a4:	2a0002b1 	bcs	0x3e70
    33a8:	e7e123f4 			@ <UNDEFINED> instruction: 0xe7e123f4
    33ac:	e5942030 	ldr	r2, [r4, #48]	@ 0x30
    33b0:	e1a03fc2 	asr	r3, r2, #31
    33b4:	e5956030 	ldr	r6, [r5, #48]	@ 0x30
    33b8:	e59fcebc 	ldr	ip, [pc, #3772]	@ 0x427c
    33bc:	e151000c 	cmp	r1, ip
    33c0:	8a0002aa 	bhi	0x3e70
    33c4:	e086c001 	add	ip, r6, r1
    33c8:	e58c2000 	str	r2, [ip]
    33cc:	e58c3004 	str	r3, [ip, #4]
    33d0:	eafffd02 	b	0x27e0
    33d4:	e594c054 	ldr	ip, [r4, #84]	@ 0x54
    33d8:	e35c0008 	cmp	ip, #8
    33dc:	e3a0e008 	mov	lr, #8
    33e0:	e594c054 	ldr	ip, [r4, #84]	@ 0x54
    33e4:	81a0e00c 	movhi	lr, ip
    33e8:	e584e054 	str	lr, [r4, #84]	@ 0x54
    33ec:	e594c048 	ldr	ip, [r4, #72]	@ 0x48
    33f0:	e38ce008 	orr	lr, ip, #8
    33f4:	e584e048 	str	lr, [r4, #72]	@ 0x48
    33f8:	e3a08078 	mov	r8, #120	@ 0x78
    33fc:	e3a0e000 	mov	lr, #0
    3400:	e584e044 	str	lr, [r4, #68]	@ 0x44
    3404:	e3a0eb40 	mov	lr, #64, 22	@ 0x10000
    3408:	e584e064 	str	lr, [r4, #100]	@ 0x64
    340c:	e594601c 	ldr	r6, [r4, #28]
    3410:	e5953030 	ldr	r3, [r5, #48]	@ 0x30
    3414:	e59fee60 	ldr	lr, [pc, #3680]	@ 0x427c
    3418:	e7f6e3f0 	udf	#28208	@ 0x6e30
    341c:	2a000293 	bcs	0x3e70
    3420:	e083c006 	add	ip, r3, r6
    3424:	e59c1000 	ldr	r1, [ip]
    3428:	e59c2004 	ldr	r2, [ip, #4]
    342c:	e1a0a001 	mov	sl, r1
    3430:	e1a09002 	mov	r9, r2
    3434:	e2083020 	and	r3, r8, #32
    3438:	e5841088 	str	r1, [r4, #136]	@ 0x88
    343c:	e584208c 	str	r2, [r4, #140]	@ 0x8c
    3440:	e5843094 	str	r3, [r4, #148]	@ 0x94
    3444:	e59f0e38 	ldr	r0, [pc, #3640]	@ 0x4284
    3448:	e1a01004 	mov	r1, r4
    344c:	e59d2000 	ldr	r2, [sp]
    3450:	e59fce30 	ldr	ip, [pc, #3632]	@ 0x4288
    3454:	e12fff3c 	blx	ip
    3458:	e3500000 	cmp	r0, #0
    345c:	1a000286 	bne	0x3e7c
    3460:	e5941088 	ldr	r1, [r4, #136]	@ 0x88
    3464:	e5841038 	str	r1, [r4, #56]	@ 0x38
    3468:	e19ac009 	orrs	ip, sl, r9
    346c:	0a00006a 	beq	0x361c
    3470:	e594c048 	ldr	ip, [r4, #72]	@ 0x48
    3474:	e31c0008 	tst	ip, #8
    3478:	0a000067 	beq	0x361c
    347c:	e1a01228 	lsr	r1, r8, #4
    3480:	e281eb40 	add	lr, r1, #64, 22	@ 0x10000
    3484:	e584e064 	str	lr, [r4, #100]	@ 0x64
    3488:	e3a0e002 	mov	lr, #2
    348c:	e584e044 	str	lr, [r4, #68]	@ 0x44
    3490:	ea000061 	b	0x361c
    3494:	e3a0e000 	mov	lr, #0
    3498:	e584e044 	str	lr, [r4, #68]	@ 0x44
    349c:	e3a0eb40 	mov	lr, #64, 22	@ 0x10000
    34a0:	e584e064 	str	lr, [r4, #100]	@ 0x64
    34a4:	e594601c 	ldr	r6, [r4, #28]
    34a8:	e5953030 	ldr	r3, [r5, #48]	@ 0x30
    34ac:	e59fedc8 	ldr	lr, [pc, #3528]	@ 0x427c
    34b0:	e7f6e3f0 	udf	#28208	@ 0x6e30
    34b4:	2a00026d 	bcs	0x3e70
    34b8:	e083c006 	add	ip, r3, r6
    34bc:	e59c1000 	ldr	r1, [ip]
    34c0:	e59c2004 	ldr	r2, [ip, #4]
    34c4:	e1a0a001 	mov	sl, r1
    34c8:	e1a09002 	mov	r9, r2
    34cc:	e5841088 	str	r1, [r4, #136]	@ 0x88
    34d0:	e584208c 	str	r2, [r4, #140]	@ 0x8c
    34d4:	e59f0db0 	ldr	r0, [pc, #3504]	@ 0x428c
    34d8:	e1a01004 	mov	r1, r4
    34dc:	e59d2000 	ldr	r2, [sp]
    34e0:	e59fcda8 	ldr	ip, [pc, #3496]	@ 0x4290
    34e4:	e12fff3c 	blx	ip
    34e8:	e3500000 	cmp	r0, #0
    34ec:	1a000262 	bne	0x3e7c
    34f0:	e5941088 	ldr	r1, [r4, #136]	@ 0x88
    34f4:	e5841038 	str	r1, [r4, #56]	@ 0x38
    34f8:	e594c048 	ldr	ip, [r4, #72]	@ 0x48
    34fc:	e31c0008 	tst	ip, #8
    3500:	0a000045 	beq	0x361c
    3504:	e594e038 	ldr	lr, [r4, #56]	@ 0x38
    3508:	e594c020 	ldr	ip, [r4, #32]
    350c:	e04c100e 	sub	r1, ip, lr
    3510:	e1a02001 	mov	r2, r1
    3514:	e594c054 	ldr	ip, [r4, #84]	@ 0x54
    3518:	e15c0002 	cmp	ip, r2
    351c:	e594e054 	ldr	lr, [r4, #84]	@ 0x54
    3520:	d1a0e001 	movle	lr, r1
    3524:	e584e054 	str	lr, [r4, #84]	@ 0x54
    3528:	ea00003b 	b	0x361c
    352c:	e594601c 	ldr	r6, [r4, #28]
    3530:	e5953030 	ldr	r3, [r5, #48]	@ 0x30
    3534:	e59fed40 	ldr	lr, [pc, #3392]	@ 0x427c
    3538:	e7f6e3f0 	udf	#28208	@ 0x6e30
    353c:	2a00024b 	bcs	0x3e70
    3540:	e083c006 	add	ip, r3, r6
    3544:	e59c1000 	ldr	r1, [ip]
    3548:	e59c2004 	ldr	r2, [ip, #4]
    354c:	e1a0a001 	mov	sl, r1
    3550:	e1a09002 	mov	r9, r2
    3554:	e3e0c000 	mvn	ip, #0
    3558:	e15c0001 	cmp	ip, r1
    355c:	e3e0c000 	mvn	ip, #0
    3560:	e0dcc002 	sbcs	ip, ip, r2
    3564:	ba000010 	blt	0x35ac
    3568:	e27a1000 	rsbs	r1, sl, #0
    356c:	e2e92000 	rsc	r2, r9, #0
    3570:	e1a0a001 	mov	sl, r1
    3574:	e1a09002 	mov	r9, r2
    3578:	e594601c 	ldr	r6, [r4, #28]
    357c:	e5953030 	ldr	r3, [r5, #48]	@ 0x30
    3580:	e59fecf4 	ldr	lr, [pc, #3316]	@ 0x427c
    3584:	e7f6e3f0 	udf	#28208	@ 0x6e30
    3588:	2a000238 	bcs	0x3e70
    358c:	e083c006 	add	ip, r3, r6
    3590:	e58c1000 	str	r1, [ip]
    3594:	e58c2004 	str	r2, [ip, #4]
    3598:	e3a0e001 	mov	lr, #1
    359c:	e584e044 	str	lr, [r4, #68]	@ 0x44
    35a0:	e3a0eb40 	mov	lr, #64, 22	@ 0x10000
    35a4:	e584e064 	str	lr, [r4, #100]	@ 0x64
    35a8:	ea000010 	b	0x35f0
    35ac:	e594c048 	ldr	ip, [r4, #72]	@ 0x48
    35b0:	e31c0e80 	tst	ip, #128, 28	@ 0x800
    35b4:	0a000005 	beq	0x35d0
    35b8:	e3a0e001 	mov	lr, #1
    35bc:	e584e044 	str	lr, [r4, #68]	@ 0x44
    35c0:	e3a0eb40 	mov	lr, #64, 22	@ 0x10000
    35c4:	e38ee210 	orr	lr, lr, #16, 4
    35c8:	e584e064 	str	lr, [r4, #100]	@ 0x64
    35cc:	ea000007 	b	0x35f0
    35d0:	e594c048 	ldr	ip, [r4, #72]	@ 0x48
    35d4:	e20c1001 	and	r1, ip, #1
    35d8:	e5841044 	str	r1, [r4, #68]	@ 0x44
    35dc:	e3510000 	cmp	r1, #0
    35e0:	e3a0eb40 	mov	lr, #64, 22	@ 0x10000
    35e4:	e38ee220 	orr	lr, lr, #32, 4
    35e8:	03a0eb40 	moveq	lr, #64, 22	@ 0x10000
    35ec:	e584e064 	str	lr, [r4, #100]	@ 0x64
    35f0:	e584a068 	str	sl, [r4, #104]	@ 0x68
    35f4:	e584906c 	str	r9, [r4, #108]	@ 0x6c
    35f8:	e59f0c94 	ldr	r0, [pc, #3220]	@ 0x4294
    35fc:	e1a01004 	mov	r1, r4
    3600:	e59d2000 	ldr	r2, [sp]
    3604:	e59fcc8c 	ldr	ip, [pc, #3212]	@ 0x4298
    3608:	e12fff3c 	blx	ip
    360c:	e3500000 	cmp	r0, #0
    3610:	1a000219 	bne	0x3e7c
    3614:	e5941088 	ldr	r1, [r4, #136]	@ 0x88
    3618:	e5841038 	str	r1, [r4, #56]	@ 0x38
    361c:	e594c054 	ldr	ip, [r4, #84]	@ 0x54
    3620:	e35c0000 	cmp	ip, #0
    3624:	e3a01000 	mov	r1, #0
    3628:	b3a01001 	movlt	r1, #1
    362c:	e11b0001 	tst	fp, r1
    3630:	1a0001f3 	bne	0x3e04
    3634:	e594c048 	ldr	ip, [r4, #72]	@ 0x48
    3638:	e3cc1b40 	bic	r1, ip, #64, 22	@ 0x10000
    363c:	e35b0000 	cmp	fp, #0
    3640:	e594e048 	ldr	lr, [r4, #72]	@ 0x48
    3644:	11a0e001 	movne	lr, r1
    3648:	e584e048 	str	lr, [r4, #72]	@ 0x48
    364c:	e3590000 	cmp	r9, #0
    3650:	1a000000 	bne	0x3658
    3654:	e35a0000 	cmp	sl, #0
    3658:	1a000009 	bne	0x3684
    365c:	e594c054 	ldr	ip, [r4, #84]	@ 0x54
    3660:	e35c0000 	cmp	ip, #0
    3664:	1a000006 	bne	0x3684
    3668:	e594e028 	ldr	lr, [r4, #40]	@ 0x28
    366c:	e584e038 	str	lr, [r4, #56]	@ 0x38
    3670:	e594e028 	ldr	lr, [r4, #40]	@ 0x28
    3674:	e584e05c 	str	lr, [r4, #92]	@ 0x5c
    3678:	e3a0e000 	mov	lr, #0
    367c:	e584e054 	str	lr, [r4, #84]	@ 0x54
    3680:	ea000179 	b	0x3c6c
    3684:	e594e038 	ldr	lr, [r4, #56]	@ 0x38
    3688:	e594c028 	ldr	ip, [r4, #40]	@ 0x28
    368c:	e04c100e 	sub	r1, ip, lr
    3690:	e19ac009 	orrs	ip, sl, r9
    3694:	e3a02000 	mov	r2, #0
    3698:	03a02001 	moveq	r2, #1
    369c:	e0811002 	add	r1, r1, r2
    36a0:	e1a02001 	mov	r2, r1
    36a4:	e594c054 	ldr	ip, [r4, #84]	@ 0x54
    36a8:	e15c0002 	cmp	ip, r2
    36ac:	e594e054 	ldr	lr, [r4, #84]	@ 0x54
    36b0:	d1a0e001 	movle	lr, r1
    36b4:	e584e054 	str	lr, [r4, #84]	@ 0x54
    36b8:	ea000169 	b	0x3c64
    36bc:	e594301c 	ldr	r3, [r4, #28]
    36c0:	e5952030 	ldr	r2, [r5, #48]	@ 0x30
    36c4:	e3e0e4fe 	mvn	lr, #-33554432	@ 0xfe000000
    36c8:	e3cee8fe 	bic	lr, lr, #16646144	@ 0xfe0000
    36cc:	e7f3e3f0 	udf	#15920	@ 0x3e30
    36d0:	2a0001e6 	bcs	0x3e70
    36d4:	e7e123f0 			@ <UNDEFINED> instruction: 0xe7e123f0
    36d8:	ea000151 	b	0x3c24
    36dc:	e594601c 	ldr	r6, [r4, #28]
    36e0:	e5953030 	ldr	r3, [r5, #48]	@ 0x30
    36e4:	e59feb8c 	ldr	lr, [pc, #2956]	@ 0x4278
    36e8:	e7f6e3f0 	udf	#28208	@ 0x6e30
    36ec:	2a0001df 	bcs	0x3e70
    36f0:	e7e236f4 			@ <UNDEFINED> instruction: 0xe7e236f4
    36f4:	e1a03002 	mov	r3, r2
    36f8:	e3530000 	cmp	r3, #0
    36fc:	e3a0eb40 	mov	lr, #64, 22	@ 0x10000
    3700:	e38ee1bc 	orr	lr, lr, #188, 2	@ 0x2f
    3704:	11a0e002 	movne	lr, r2
    3708:	e584e038 	str	lr, [r4, #56]	@ 0x38
    370c:	e594c054 	ldr	ip, [r4, #84]	@ 0x54
    3710:	e37c0360 	cmn	ip, #96, 6	@ 0x80000001
    3714:	e3e02480 	mvn	r2, #128, 8	@ 0x80000000
    3718:	e594c054 	ldr	ip, [r4, #84]	@ 0x54
    371c:	31a0200c 	movcc	r2, ip
    3720:	e5842090 	str	r2, [r4, #144]	@ 0x90
    3724:	e59f0b70 	ldr	r0, [pc, #2928]	@ 0x429c
    3728:	e1a01004 	mov	r1, r4
    372c:	e59d2000 	ldr	r2, [sp]
    3730:	e59fcb68 	ldr	ip, [pc, #2920]	@ 0x42a0
    3734:	e12fff3c 	blx	ip
    3738:	e3500000 	cmp	r0, #0
    373c:	1a0001ce 	bne	0x3e7c
    3740:	e594208c 	ldr	r2, [r4, #140]	@ 0x8c
    3744:	e1a03002 	mov	r3, r2
    3748:	e594c038 	ldr	ip, [r4, #56]	@ 0x38
    374c:	e08ce002 	add	lr, ip, r2
    3750:	e584e05c 	str	lr, [r4, #92]	@ 0x5c
    3754:	e594c054 	ldr	ip, [r4, #84]	@ 0x54
    3758:	e37c0001 	cmn	ip, #1
    375c:	da000003 	ble	0x3770
    3760:	e594e060 	ldr	lr, [r4, #96]	@ 0x60
    3764:	e584e048 	str	lr, [r4, #72]	@ 0x48
    3768:	e5843054 	str	r3, [r4, #84]	@ 0x54
    376c:	ea00013e 	b	0x3c6c
    3770:	e594e060 	ldr	lr, [r4, #96]	@ 0x60
    3774:	e584e048 	str	lr, [r4, #72]	@ 0x48
    3778:	e5843054 	str	r3, [r4, #84]	@ 0x54
    377c:	e594605c 	ldr	r6, [r4, #92]	@ 0x5c
    3780:	e5953030 	ldr	r3, [r5, #48]	@ 0x30
    3784:	e3e0c4fe 	mvn	ip, #-33554432	@ 0xfe000000
    3788:	e3ccc8fe 	bic	ip, ip, #16646144	@ 0xfe0000
    378c:	e156000c 	cmp	r6, ip
    3790:	8a0001b6 	bhi	0x3e70
    3794:	e7e236f0 			@ <UNDEFINED> instruction: 0xe7e236f0
    3798:	e3520000 	cmp	r2, #0
    379c:	1a000198 	bne	0x3e04
    37a0:	ea000131 	b	0x3c6c
    37a4:	e594901c 	ldr	r9, [r4, #28]
    37a8:	e5956030 	ldr	r6, [r5, #48]	@ 0x30
    37ac:	e59feac8 	ldr	lr, [pc, #2760]	@ 0x427c
    37b0:	e7f9e3f0 	udf	#40496	@ 0x9e30
    37b4:	2a0001ad 	bcs	0x3e70
    37b8:	e086c009 	add	ip, r6, r9
    37bc:	e59c2000 	ldr	r2, [ip]
    37c0:	e59c3004 	ldr	r3, [ip, #4]
    37c4:	e1a06002 	mov	r6, r2
    37c8:	e1a09003 	mov	r9, r3
    37cc:	e192c003 	orrs	ip, r2, r3
    37d0:	1a000018 	bne	0x3838
    37d4:	e3a01000 	mov	r1, #0
    37d8:	ea000111 	b	0x3c24
    37dc:	e594c054 	ldr	ip, [r4, #84]	@ 0x54
    37e0:	e35c0000 	cmp	ip, #0
    37e4:	0a000006 	beq	0x3804
    37e8:	e594301c 	ldr	r3, [r4, #28]
    37ec:	e5952030 	ldr	r2, [r5, #48]	@ 0x30
    37f0:	e59fea80 	ldr	lr, [pc, #2688]	@ 0x4278
    37f4:	e7f3e3f0 	udf	#15920	@ 0x3e30
    37f8:	2a00019c 	bcs	0x3e70
    37fc:	e7ea23f4 			@ <UNDEFINED> instruction: 0xe7ea23f4
    3800:	ea000025 	b	0x389c
    3804:	e3a07000 	mov	r7, #0
    3808:	e3a0e020 	mov	lr, #32
    380c:	e584e08c 	str	lr, [r4, #140]	@ 0x8c
    3810:	e3a0e000 	mov	lr, #0
    3814:	e584e070 	str	lr, [r4, #112]	@ 0x70
    3818:	e59f0a84 	ldr	r0, [pc, #2692]	@ 0x42a4
    381c:	e1a01004 	mov	r1, r4
    3820:	e59d2000 	ldr	r2, [sp]
    3824:	e59fca7c 	ldr	ip, [pc, #2684]	@ 0x42a8
    3828:	e12fff3c 	blx	ip
    382c:	e3500000 	cmp	r0, #0
    3830:	1a000191 	bne	0x3e7c
    3834:	ea00007c 	b	0x3a2c
    3838:	e594301c 	ldr	r3, [r4, #28]
    383c:	e5952030 	ldr	r2, [r5, #48]	@ 0x30
    3840:	e59fea30 	ldr	lr, [pc, #2608]	@ 0x4278
    3844:	e7f3e0fc 	udf	#15884	@ 0x3e0c
    3848:	2a000188 	bcs	0x3e70
    384c:	e3a00000 	mov	r0, #0
    3850:	e7d023f4 			@ <UNDEFINED> instruction: 0xe7d023f4
    3854:	e594201c 	ldr	r2, [r4, #28]
    3858:	e5950030 	ldr	r0, [r5, #48]	@ 0x30
    385c:	e59fea14 	ldr	lr, [pc, #2580]	@ 0x4278
    3860:	e7f2e0f8 	udf	#11784	@ 0x2e08
    3864:	2a000181 	bcs	0x3e70
    3868:	e7806002 	str	r6, [r0, r2]
    386c:	e594c01c 	ldr	ip, [r4, #28]
    3870:	e28c0008 	add	r0, ip, #8
    3874:	e594301c 	ldr	r3, [r4, #28]
    3878:	e5952030 	ldr	r2, [r5, #48]	@ 0x30
    387c:	e59fe9f4 	ldr	lr, [pc, #2548]	@ 0x4278
    3880:	e7f3e3f0 	udf	#15920	@ 0x3e30
    3884:	2a000179 	bcs	0x3e70
    3888:	e7d023f4 			@ <UNDEFINED> instruction: 0xe7d023f4
    388c:	e594c01c 	ldr	ip, [r4, #28]
    3890:	e28ca008 	add	sl, ip, #8
    3894:	e3e0e000 	mvn	lr, #0
    3898:	e584e054 	str	lr, [r4, #84]	@ 0x54
    389c:	e3a07000 	mov	r7, #0
    38a0:	e1a0300a 	mov	r3, sl
    38a4:	e5952030 	ldr	r2, [r5, #48]	@ 0x30
    38a8:	e59fc9c8 	ldr	ip, [pc, #2504]	@ 0x4278
    38ac:	e153000c 	cmp	r3, ip
    38b0:	8a00016e 	bhi	0x3e70
    38b4:	e7e023f4 			@ <UNDEFINED> instruction: 0xe7e023f4
    38b8:	e1a02000 	mov	r2, r0
    38bc:	e3500000 	cmp	r0, #0
    38c0:	0a000018 	beq	0x3928
    38c4:	e594c01c 	ldr	ip, [r4, #28]
    38c8:	e28c0004 	add	r0, ip, #4
    38cc:	e5840088 	str	r0, [r4, #136]	@ 0x88
    38d0:	e5842040 	str	r2, [r4, #64]	@ 0x40
    38d4:	e59f09d0 	ldr	r0, [pc, #2512]	@ 0x42ac
    38d8:	e1a01004 	mov	r1, r4
    38dc:	e59d2000 	ldr	r2, [sp]
    38e0:	e59fc9c8 	ldr	ip, [pc, #2504]	@ 0x42b0
    38e4:	e12fff3c 	blx	ip
    38e8:	e3500000 	cmp	r0, #0
    38ec:	1a000162 	bne	0x3e7c
    38f0:	e5940088 	ldr	r0, [r4, #136]	@ 0x88
    38f4:	e1a02000 	mov	r2, r0
    38f8:	e3500000 	cmp	r0, #0
    38fc:	ba000150 	blt	0x3e44
    3900:	e594c054 	ldr	ip, [r4, #84]	@ 0x54
    3904:	e04c0007 	sub	r0, ip, r7
    3908:	e1520000 	cmp	r2, r0
    390c:	8a000005 	bhi	0x3928
    3910:	e28aa004 	add	sl, sl, #4
    3914:	e0822007 	add	r2, r2, r7
    3918:	e1a07002 	mov	r7, r2
    391c:	e594c054 	ldr	ip, [r4, #84]	@ 0x54
    3920:	e152000c 	cmp	r2, ip
    3924:	3affffdd 	bcc	0x38a0
    3928:	e3a0e03d 	mov	lr, #61	@ 0x3d
    392c:	e584e05c 	str	lr, [r4, #92]	@ 0x5c
    3930:	e3570000 	cmp	r7, #0
    3934:	ba000134 	blt	0x3e0c
    3938:	e3a0e020 	mov	lr, #32
    393c:	e584e08c 	str	lr, [r4, #140]	@ 0x8c
    3940:	e5847034 	str	r7, [r4, #52]	@ 0x34
    3944:	e59f0968 	ldr	r0, [pc, #2408]	@ 0x42b4
    3948:	e1a01004 	mov	r1, r4
    394c:	e59d2000 	ldr	r2, [sp]
    3950:	e59fc960 	ldr	ip, [pc, #2400]	@ 0x42b8
    3954:	e12fff3c 	blx	ip
    3958:	e3500000 	cmp	r0, #0
    395c:	1a000146 	bne	0x3e7c
    3960:	e3570000 	cmp	r7, #0
    3964:	1a000001 	bne	0x3970
    3968:	e3a07000 	mov	r7, #0
    396c:	ea00002e 	b	0x3a2c
    3970:	e3a06000 	mov	r6, #0
    3974:	e594201c 	ldr	r2, [r4, #28]
    3978:	e5950030 	ldr	r0, [r5, #48]	@ 0x30
    397c:	e59fe8f4 	ldr	lr, [pc, #2292]	@ 0x4278
    3980:	e7f2e3f0 	udf	#11824	@ 0x2e30
    3984:	2a000139 	bcs	0x3e70
    3988:	e7e902f4 			@ <UNDEFINED> instruction: 0xe7e902f4
    398c:	e1a03009 	mov	r3, r9
    3990:	e5952030 	ldr	r2, [r5, #48]	@ 0x30
    3994:	e59fc8dc 	ldr	ip, [pc, #2268]	@ 0x4278
    3998:	e153000c 	cmp	r3, ip
    399c:	8a000133 	bhi	0x3e70
    39a0:	e7e023f4 			@ <UNDEFINED> instruction: 0xe7e023f4
    39a4:	e1a02000 	mov	r2, r0
    39a8:	e3500000 	cmp	r0, #0
    39ac:	0a00001e 	beq	0x3a2c
    39b0:	e594c01c 	ldr	ip, [r4, #28]
    39b4:	e28c0004 	add	r0, ip, #4
    39b8:	e5840088 	str	r0, [r4, #136]	@ 0x88
    39bc:	e5842038 	str	r2, [r4, #56]	@ 0x38
    39c0:	e59f08f4 	ldr	r0, [pc, #2292]	@ 0x42bc
    39c4:	e1a01004 	mov	r1, r4
    39c8:	e59d2000 	ldr	r2, [sp]
    39cc:	e59fc8ec 	ldr	ip, [pc, #2284]	@ 0x42c0
    39d0:	e12fff3c 	blx	ip
    39d4:	e3500000 	cmp	r0, #0
    39d8:	1a000127 	bne	0x3e7c
    39dc:	e5940088 	ldr	r0, [r4, #136]	@ 0x88
    39e0:	e1a02000 	mov	r2, r0
    39e4:	e0800006 	add	r0, r0, r6
    39e8:	e1a06000 	mov	r6, r0
    39ec:	e1500007 	cmp	r0, r7
    39f0:	8a00000d 	bhi	0x3a2c
    39f4:	e594c01c 	ldr	ip, [r4, #28]
    39f8:	e28c0004 	add	r0, ip, #4
    39fc:	e584008c 	str	r0, [r4, #140]	@ 0x8c
    3a00:	e5842038 	str	r2, [r4, #56]	@ 0x38
    3a04:	e59f08b8 	ldr	r0, [pc, #2232]	@ 0x42c4
    3a08:	e1a01004 	mov	r1, r4
    3a0c:	e59d2000 	ldr	r2, [sp]
    3a10:	e59fc8b0 	ldr	ip, [pc, #2224]	@ 0x42c8
    3a14:	e12fff3c 	blx	ip
    3a18:	e3500000 	cmp	r0, #0
    3a1c:	1a000116 	bne	0x3e7c
    3a20:	e2899004 	add	r9, r9, #4
    3a24:	e1560007 	cmp	r6, r7
    3a28:	3affffd7 	bcc	0x398c
    3a2c:	e594c048 	ldr	ip, [r4, #72]	@ 0x48
    3a30:	e22c0d80 	eor	r0, ip, #128, 26	@ 0x2000
    3a34:	e3a0e020 	mov	lr, #32
    3a38:	e584e08c 	str	lr, [r4, #140]	@ 0x8c
    3a3c:	e5847034 	str	r7, [r4, #52]	@ 0x34
    3a40:	e5840098 	str	r0, [r4, #152]	@ 0x98
    3a44:	e59f0880 	ldr	r0, [pc, #2176]	@ 0x42cc
    3a48:	e1a01004 	mov	r1, r4
    3a4c:	e59d2000 	ldr	r2, [sp]
    3a50:	e59fc878 	ldr	ip, [pc, #2168]	@ 0x42d0
    3a54:	e12fff3c 	blx	ip
    3a58:	e3500000 	cmp	r0, #0
    3a5c:	1a000106 	bne	0x3e7c
    3a60:	e594c050 	ldr	ip, [r4, #80]	@ 0x50
    3a64:	e15c0007 	cmp	ip, r7
    3a68:	e594e050 	ldr	lr, [r4, #80]	@ 0x50
    3a6c:	d1a0e007 	movle	lr, r7
    3a70:	e584e034 	str	lr, [r4, #52]	@ 0x34
    3a74:	eafffb59 	b	0x27e0
    3a78:	e594c054 	ldr	ip, [r4, #84]	@ 0x54
    3a7c:	e35c0000 	cmp	ip, #0
    3a80:	e3a00000 	mov	r0, #0
    3a84:	b3a00001 	movlt	r0, #1
    3a88:	e11b0000 	tst	fp, r0
    3a8c:	1a0000dc 	bne	0x3e04
    3a90:	e3a0e03d 	mov	lr, #61	@ 0x3d
    3a94:	e584e05c 	str	lr, [r4, #92]	@ 0x5c
    3a98:	e594201c 	ldr	r2, [r4, #28]
    3a9c:	e5950030 	ldr	r0, [r5, #48]	@ 0x30
    3aa0:	e59fe7d4 	ldr	lr, [pc, #2004]	@ 0x427c
    3aa4:	e7f2e3f0 	udf	#11824	@ 0x2e30
    3aa8:	2a0000f0 	bcs	0x3e70
    3aac:	e080c002 	add	ip, r0, r2
    3ab0:	e59ce000 	ldr	lr, [ip]
    3ab4:	e59cc004 	ldr	ip, [ip, #4]
    3ab8:	ec4cea10 	vmov	s0, s1, lr, ip
    3abc:	ed840b23 	vstr	d0, [r4, #140]	@ 0x8c
    3ac0:	e5848034 	str	r8, [r4, #52]	@ 0x34
    3ac4:	e59f0808 	ldr	r0, [pc, #2056]	@ 0x42d4
    3ac8:	e1a01004 	mov	r1, r4
    3acc:	e59d2000 	ldr	r2, [sp]
    3ad0:	e59fc800 	ldr	ip, [pc, #2048]	@ 0x42d8
    3ad4:	e12fff3c 	blx	ip
    3ad8:	e3500000 	cmp	r0, #0
    3adc:	1a0000e6 	bne	0x3e7c
    3ae0:	e5940088 	ldr	r0, [r4, #136]	@ 0x88
    3ae4:	e5840034 	str	r0, [r4, #52]	@ 0x34
    3ae8:	e3500000 	cmp	r0, #0
    3aec:	aafffb3b 	bge	0x27e0
    3af0:	ea0000c5 	b	0x3e0c
    3af4:	e5942034 	ldr	r2, [r4, #52]	@ 0x34
    3af8:	e5950030 	ldr	r0, [r5, #48]	@ 0x30
    3afc:	e3e0e4fe 	mvn	lr, #-33554432	@ 0xfe000000
    3b00:	e3cee8fe 	bic	lr, lr, #16646144	@ 0xfe0000
    3b04:	e7f2e0f1 	udf	#11777	@ 0x2e01
    3b08:	2a0000d8 	bcs	0x3e70
    3b0c:	e7ee02f0 			@ <UNDEFINED> instruction: 0xe7ee02f0
    3b10:	e584e03c 	str	lr, [r4, #60]	@ 0x3c
    3b14:	e594c034 	ldr	ip, [r4, #52]	@ 0x34
    3b18:	e28ce001 	add	lr, ip, #1
    3b1c:	e584e034 	str	lr, [r4, #52]	@ 0x34
    3b20:	eafffb46 	b	0x2840
    3b24:	e594c000 	ldr	ip, [r4]
    3b28:	e35c0000 	cmp	ip, #0
    3b2c:	1a0000c6 	bne	0x3e4c
    3b30:	e594c02c 	ldr	ip, [r4, #44]	@ 0x2c
    3b34:	e35c0000 	cmp	ip, #0
    3b38:	0a0000ae 	beq	0x3df8
    3b3c:	e3a06001 	mov	r6, #1
    3b40:	e1a00106 	lsl	r0, r6, #2
    3b44:	e594c010 	ldr	ip, [r4, #16]
    3b48:	e08c0000 	add	r0, ip, r0
    3b4c:	e1a03000 	mov	r3, r0
    3b50:	e5952030 	ldr	r2, [r5, #48]	@ 0x30
    3b54:	e59fc71c 	ldr	ip, [pc, #1820]	@ 0x4278
    3b58:	e153000c 	cmp	r3, ip
    3b5c:	8a0000c3 	bhi	0x3e70
    3b60:	e7e023f4 			@ <UNDEFINED> instruction: 0xe7e023f4
    3b64:	e1a02000 	mov	r2, r0
    3b68:	e3500000 	cmp	r0, #0
    3b6c:	0a000012 	beq	0x3bbc
    3b70:	e1a00186 	lsl	r0, r6, #3
    3b74:	e594c00c 	ldr	ip, [r4, #12]
    3b78:	e08c0000 	add	r0, ip, r0
    3b7c:	e5840088 	str	r0, [r4, #136]	@ 0x88
    3b80:	e584203c 	str	r2, [r4, #60]	@ 0x3c
    3b84:	e59f0750 	ldr	r0, [pc, #1872]	@ 0x42dc
    3b88:	e1a01004 	mov	r1, r4
    3b8c:	e59d2000 	ldr	r2, [sp]
    3b90:	e59fc748 	ldr	ip, [pc, #1864]	@ 0x42e0
    3b94:	e12fff3c 	blx	ip
    3b98:	e3500000 	cmp	r0, #0
    3b9c:	1a0000b6 	bne	0x3e7c
    3ba0:	e3a0e001 	mov	lr, #1
    3ba4:	e584e030 	str	lr, [r4, #48]	@ 0x30
    3ba8:	e2860001 	add	r0, r6, #1
    3bac:	e1a06000 	mov	r6, r0
    3bb0:	e350000a 	cmp	r0, #10
    3bb4:	1affffe1 	bne	0x3b40
    3bb8:	ea0000a3 	b	0x3e4c
    3bbc:	e356000a 	cmp	r6, #10
    3bc0:	3a000002 	bcc	0x3bd0
    3bc4:	e3a0e001 	mov	lr, #1
    3bc8:	e584e030 	str	lr, [r4, #48]	@ 0x30
    3bcc:	ea00009e 	b	0x3e4c
    3bd0:	e1a00106 	lsl	r0, r6, #2
    3bd4:	e594c010 	ldr	ip, [r4, #16]
    3bd8:	e08c0000 	add	r0, ip, r0
    3bdc:	e1a03000 	mov	r3, r0
    3be0:	e5952030 	ldr	r2, [r5, #48]	@ 0x30
    3be4:	e59fc68c 	ldr	ip, [pc, #1676]	@ 0x4278
    3be8:	e153000c 	cmp	r3, ip
    3bec:	8a00009f 	bhi	0x3e70
    3bf0:	e7e023f4 			@ <UNDEFINED> instruction: 0xe7e023f4
    3bf4:	e3500000 	cmp	r0, #0
    3bf8:	1a000006 	bne	0x3c18
    3bfc:	e3a0e001 	mov	lr, #1
    3c00:	e584e030 	str	lr, [r4, #48]	@ 0x30
    3c04:	e2860001 	add	r0, r6, #1
    3c08:	e1a06000 	mov	r6, r0
    3c0c:	e350000a 	cmp	r0, #10
    3c10:	0a00008d 	beq	0x3e4c
    3c14:	eaffffed 	b	0x3bd0
    3c18:	e3a0e01c 	mov	lr, #28
    3c1c:	e584e05c 	str	lr, [r4, #92]	@ 0x5c
    3c20:	ea000079 	b	0x3e0c
    3c24:	e594201c 	ldr	r2, [r4, #28]
    3c28:	e5950030 	ldr	r0, [r5, #48]	@ 0x30
    3c2c:	e3e0e4fe 	mvn	lr, #-33554432	@ 0xfe000000
    3c30:	e3cee8fe 	bic	lr, lr, #16646144	@ 0xfe0000
    3c34:	e7f2e2f7 	udf	#11815	@ 0x2e27
    3c38:	2a00008c 	bcs	0x3e70
    3c3c:	e7d102f0 			@ <UNDEFINED> instruction: 0xe7d102f0
    3c40:	e3a0e001 	mov	lr, #1
    3c44:	e584e054 	str	lr, [r4, #84]	@ 0x54
    3c48:	e594e024 	ldr	lr, [r4, #36]	@ 0x24
    3c4c:	e584e038 	str	lr, [r4, #56]	@ 0x38
    3c50:	e594e028 	ldr	lr, [r4, #40]	@ 0x28
    3c54:	e584e05c 	str	lr, [r4, #92]	@ 0x5c
    3c58:	e594e060 	ldr	lr, [r4, #96]	@ 0x60
    3c5c:	e584e048 	str	lr, [r4, #72]	@ 0x48
    3c60:	ea000001 	b	0x3c6c
    3c64:	e594e028 	ldr	lr, [r4, #40]	@ 0x28
    3c68:	e584e05c 	str	lr, [r4, #92]	@ 0x5c
    3c6c:	e594e038 	ldr	lr, [r4, #56]	@ 0x38
    3c70:	e594c05c 	ldr	ip, [r4, #92]	@ 0x5c
    3c74:	e04c000e 	sub	r0, ip, lr
    3c78:	e1a06000 	mov	r6, r0
    3c7c:	e594c054 	ldr	ip, [r4, #84]	@ 0x54
    3c80:	e15c0006 	cmp	ip, r6
    3c84:	e594c054 	ldr	ip, [r4, #84]	@ 0x54
    3c88:	c1a0000c 	movgt	r0, ip
    3c8c:	e1a07000 	mov	r7, r0
    3c90:	e594c044 	ldr	ip, [r4, #68]	@ 0x44
    3c94:	e3e0e480 	mvn	lr, #128, 8	@ 0x80000000
    3c98:	e02c100e 	eor	r1, ip, lr
    3c9c:	e1500001 	cmp	r0, r1
    3ca0:	ca000057 	bgt	0x3e04
    3ca4:	e3a0e03d 	mov	lr, #61	@ 0x3d
    3ca8:	e584e05c 	str	lr, [r4, #92]	@ 0x5c
    3cac:	e594c044 	ldr	ip, [r4, #68]	@ 0x44
    3cb0:	e08c0007 	add	r0, ip, r7
    3cb4:	e1a08000 	mov	r8, r0
    3cb8:	e594c050 	ldr	ip, [r4, #80]	@ 0x50
    3cbc:	e15c0008 	cmp	ip, r8
    3cc0:	e594c050 	ldr	ip, [r4, #80]	@ 0x50
    3cc4:	c1a0000c 	movgt	r0, ip
    3cc8:	e5840034 	str	r0, [r4, #52]	@ 0x34
    3ccc:	e594c03c 	ldr	ip, [r4, #60]	@ 0x3c
    3cd0:	e150000c 	cmp	r0, ip
    3cd4:	8a00004c 	bhi	0x3e0c
    3cd8:	e3a0e020 	mov	lr, #32
    3cdc:	e584e08c 	str	lr, [r4, #140]	@ 0x8c
    3ce0:	e5848040 	str	r8, [r4, #64]	@ 0x40
    3ce4:	e59f05f8 	ldr	r0, [pc, #1528]	@ 0x42e4
    3ce8:	e1a01004 	mov	r1, r4
    3cec:	e59d2000 	ldr	r2, [sp]
    3cf0:	e59fc5f0 	ldr	ip, [pc, #1520]	@ 0x42e8
    3cf4:	e12fff3c 	blx	ip
    3cf8:	e3500000 	cmp	r0, #0
    3cfc:	1a00005e 	bne	0x3e7c
    3d00:	e59f05e4 	ldr	r0, [pc, #1508]	@ 0x42ec
    3d04:	e1a01004 	mov	r1, r4
    3d08:	e59d2000 	ldr	r2, [sp]
    3d0c:	e59fc5dc 	ldr	ip, [pc, #1500]	@ 0x42f0
    3d10:	e12fff3c 	blx	ip
    3d14:	e3500000 	cmp	r0, #0
    3d18:	1a000057 	bne	0x3e7c
    3d1c:	e594c048 	ldr	ip, [r4, #72]	@ 0x48
    3d20:	e22c0b40 	eor	r0, ip, #64, 22	@ 0x10000
    3d24:	e3a0e030 	mov	lr, #48	@ 0x30
    3d28:	e584e08c 	str	lr, [r4, #140]	@ 0x8c
    3d2c:	e5848040 	str	r8, [r4, #64]	@ 0x40
    3d30:	e5840098 	str	r0, [r4, #152]	@ 0x98
    3d34:	e59f05b8 	ldr	r0, [pc, #1464]	@ 0x42f4
    3d38:	e1a01004 	mov	r1, r4
    3d3c:	e59d2000 	ldr	r2, [sp]
    3d40:	e59fc5b0 	ldr	ip, [pc, #1456]	@ 0x42f8
    3d44:	e12fff3c 	blx	ip
    3d48:	e3500000 	cmp	r0, #0
    3d4c:	1a00004a 	bne	0x3e7c
    3d50:	e3a0e030 	mov	lr, #48	@ 0x30
    3d54:	e584e08c 	str	lr, [r4, #140]	@ 0x8c
    3d58:	e584704c 	str	r7, [r4, #76]	@ 0x4c
    3d5c:	e5846004 	str	r6, [r4, #4]
    3d60:	e3a0e000 	mov	lr, #0
    3d64:	e584e070 	str	lr, [r4, #112]	@ 0x70
    3d68:	e59f058c 	ldr	r0, [pc, #1420]	@ 0x42fc
    3d6c:	e1a01004 	mov	r1, r4
    3d70:	e59d2000 	ldr	r2, [sp]
    3d74:	e59fc584 	ldr	ip, [pc, #1412]	@ 0x4300
    3d78:	e12fff3c 	blx	ip
    3d7c:	e3500000 	cmp	r0, #0
    3d80:	1a00003d 	bne	0x3e7c
    3d84:	e5846004 	str	r6, [r4, #4]
    3d88:	e59f0574 	ldr	r0, [pc, #1396]	@ 0x4304
    3d8c:	e1a01004 	mov	r1, r4
    3d90:	e59d2000 	ldr	r2, [sp]
    3d94:	e59fc56c 	ldr	ip, [pc, #1388]	@ 0x4308
    3d98:	e12fff3c 	blx	ip
    3d9c:	e3500000 	cmp	r0, #0
    3da0:	1a000035 	bne	0x3e7c
    3da4:	e594c048 	ldr	ip, [r4, #72]	@ 0x48
    3da8:	e22c0d80 	eor	r0, ip, #128, 26	@ 0x2000
    3dac:	e3a0e020 	mov	lr, #32
    3db0:	e584e08c 	str	lr, [r4, #140]	@ 0x8c
    3db4:	e5848040 	str	r8, [r4, #64]	@ 0x40
    3db8:	e5840098 	str	r0, [r4, #152]	@ 0x98
    3dbc:	e59f0548 	ldr	r0, [pc, #1352]	@ 0x430c
    3dc0:	e1a01004 	mov	r1, r4
    3dc4:	e59d2000 	ldr	r2, [sp]
    3dc8:	e59fc540 	ldr	ip, [pc, #1344]	@ 0x4310
    3dcc:	e12fff3c 	blx	ip
    3dd0:	e3500000 	cmp	r0, #0
    3dd4:	1a000028 	bne	0x3e7c
    3dd8:	e594101c 	ldr	r1, [r4, #28]
    3ddc:	e5950030 	ldr	r0, [r5, #48]	@ 0x30
    3de0:	e59fe490 	ldr	lr, [pc, #1168]	@ 0x4278
    3de4:	e7f1e3fc 	udf	#7740	@ 0x1e3c
    3de8:	2a000020 	bcs	0x3e70
    3dec:	e7ee01f4 			@ <UNDEFINED> instruction: 0xe7ee01f4
    3df0:	e584e004 	str	lr, [r4, #4]
    3df4:	eafffa79 	b	0x27e0
    3df8:	e3a0e000 	mov	lr, #0
    3dfc:	e584e030 	str	lr, [r4, #48]	@ 0x30
    3e00:	ea000011 	b	0x3e4c
    3e04:	e3a0e03d 	mov	lr, #61	@ 0x3d
    3e08:	e584e05c 	str	lr, [r4, #92]	@ 0x5c
    3e0c:	e59f0500 	ldr	r0, [pc, #1280]	@ 0x4314
    3e10:	e1a01004 	mov	r1, r4
    3e14:	e59d2000 	ldr	r2, [sp]
    3e18:	e59fc4f8 	ldr	ip, [pc, #1272]	@ 0x4318
    3e1c:	e12fff3c 	blx	ip
    3e20:	e3500000 	cmp	r0, #0
    3e24:	1a000014 	bne	0x3e7c
    3e28:	e5940088 	ldr	r0, [r4, #136]	@ 0x88
    3e2c:	e5951030 	ldr	r1, [r5, #48]	@ 0x30
    3e30:	e594205c 	ldr	r2, [r4, #92]	@ 0x5c
    3e34:	e59fc43c 	ldr	ip, [pc, #1084]	@ 0x4278
    3e38:	e150000c 	cmp	r0, ip
    3e3c:	8a00000b 	bhi	0x3e70
    3e40:	e7d210f4 			@ <UNDEFINED> instruction: 0xe7d210f4
    3e44:	e3e0e000 	mvn	lr, #0
    3e48:	e584e030 	str	lr, [r4, #48]	@ 0x30
    3e4c:	e594c01c 	ldr	ip, [r4, #28]
    3e50:	e28c0040 	add	r0, ip, #64	@ 0x40
    3e54:	e595103c 	ldr	r1, [r5, #60]	@ 0x3c
    3e58:	e5810008 	str	r0, [r1, #8]
    3e5c:	e59f04b8 	ldr	r0, [pc, #1208]	@ 0x431c
    3e60:	e30ccabc 	movw	ip, #51900	@ 0xcabc
    3e64:	e34ccdef 	movt	ip, #52719	@ 0xcdef
    3e68:	e28dd004 	add	sp, sp, #4
    3e6c:	e8bd8fc0 	pop	{r6, r7, r8, r9, sl, fp, pc}
    3e70:	e3a00008 	mov	r0, #8
    3e74:	e59d1000 	ldr	r1, [sp]
    3e78:	e5810010 	str	r0, [r1, #16]
    3e7c:	e59d0000 	ldr	r0, [sp]
    3e80:	e59d101c 	ldr	r1, [sp, #28]
    3e84:	e59fc494 	ldr	ip, [pc, #1172]	@ 0x4320
    3e88:	e12fff3c 	blx	ip
    3e8c:	e28dd004 	add	sp, sp, #4
    3e90:	e8bd0fc0 	pop	{r6, r7, r8, r9, sl, fp}
    3e94:	e28dd004 	add	sp, sp, #4
    3e98:	e12fff10 	bx	r0
    3e9c:	e92d40c0 	push	{r6, r7, lr}
    3ea0:	e24dd004 	sub	sp, sp, #4
    3ea4:	e58d0000 	str	r0, [sp]
    3ea8:	e30cc123 	movw	ip, #49443	@ 0xc123
    3eac:	e34cc456 	movt	ip, #50262	@ 0xc456
    3eb0:	e5940000 	ldr	r0, [r4]
    3eb4:	e5941004 	ldr	r1, [r4, #4]
    3eb8:	e5942008 	ldr	r2, [r4, #8]
    3ebc:	e1a07000 	mov	r7, r0
    3ec0:	e5956030 	ldr	r6, [r5, #48]	@ 0x30
    3ec4:	e3e0c4fe 	mvn	ip, #-33554432	@ 0xfe000000
    3ec8:	e3ccc8fe 	bic	ip, ip, #16646144	@ 0xfe0000
    3ecc:	e157000c 	cmp	r7, ip
    3ed0:	8a000011 	bhi	0x3f1c
    3ed4:	e7e367f0 			@ <UNDEFINED> instruction: 0xe7e367f0
    3ed8:	e3130020 	tst	r3, #32
    3edc:	1a000009 	bne	0x3f08
    3ee0:	e5841004 	str	r1, [r4, #4]
    3ee4:	e5842008 	str	r2, [r4, #8]
    3ee8:	e5840000 	str	r0, [r4]
    3eec:	e59f0430 	ldr	r0, [pc, #1072]	@ 0x4324
    3ef0:	e1a01004 	mov	r1, r4
    3ef4:	e59d2000 	ldr	r2, [sp]
    3ef8:	e59fc428 	ldr	ip, [pc, #1064]	@ 0x4328
    3efc:	e12fff3c 	blx	ip
    3f00:	e3500000 	cmp	r0, #0
    3f04:	1a000007 	bne	0x3f28
    3f08:	e59f041c 	ldr	r0, [pc, #1052]	@ 0x432c
    3f0c:	e30ccabc 	movw	ip, #51900	@ 0xcabc
    3f10:	e34ccdef 	movt	ip, #52719	@ 0xcdef
    3f14:	e28dd004 	add	sp, sp, #4
    3f18:	e8bd80c0 	pop	{r6, r7, pc}
    3f1c:	e3a00008 	mov	r0, #8
    3f20:	e59d1000 	ldr	r1, [sp]
    3f24:	e5810010 	str	r0, [r1, #16]
    3f28:	e59d0000 	ldr	r0, [sp]
    3f2c:	e59d100c 	ldr	r1, [sp, #12]
    3f30:	e59fc3f8 	ldr	ip, [pc, #1016]	@ 0x4330
    3f34:	e12fff3c 	blx	ip
    3f38:	e28dd004 	add	sp, sp, #4
    3f3c:	e8bd00c0 	pop	{r6, r7}
    3f40:	e28dd004 	add	sp, sp, #4
    3f44:	e12fff10 	bx	r0
    3f48:	e92d47c0 	push	{r6, r7, r8, r9, sl, lr}
    3f4c:	e24dd008 	sub	sp, sp, #8
    3f50:	e58d0000 	str	r0, [sp]
    3f54:	e30cc123 	movw	ip, #49443	@ 0xc123
    3f58:	e34cc456 	movt	ip, #50262	@ 0xc456
    3f5c:	e5940000 	ldr	r0, [r4]
    3f60:	e3a01000 	mov	r1, #0
    3f64:	e1a06000 	mov	r6, r0
    3f68:	e5953030 	ldr	r3, [r5, #48]	@ 0x30
    3f6c:	e59fc304 	ldr	ip, [pc, #772]	@ 0x4278
    3f70:	e156000c 	cmp	r6, ip
    3f74:	8a00003a 	bhi	0x4064
    3f78:	e7e236f4 			@ <UNDEFINED> instruction: 0xe7e236f4
    3f7c:	e1a03002 	mov	r3, r2
    3f80:	e1a07002 	mov	r7, r2
    3f84:	e5956030 	ldr	r6, [r5, #48]	@ 0x30
    3f88:	e3e0c4fe 	mvn	ip, #-33554432	@ 0xfe000000
    3f8c:	e3ccc8fe 	bic	ip, ip, #16646144	@ 0xfe0000
    3f90:	e157000c 	cmp	r7, ip
    3f94:	8a000032 	bhi	0x4064
    3f98:	e7e267f1 			@ <UNDEFINED> instruction: 0xe7e267f1
    3f9c:	e2422030 	sub	r2, r2, #48	@ 0x30
    3fa0:	e1a06002 	mov	r6, r2
    3fa4:	e3520009 	cmp	r2, #9
    3fa8:	9a000004 	bls	0x3fc0
    3fac:	e3a0e000 	mov	lr, #0
    3fb0:	e584e018 	str	lr, [r4, #24]
    3fb4:	e3a009ff 	mov	r0, #4177920	@ 0x3fc000
    3fb8:	e3800040 	orr	r0, r0, #64	@ 0x40
    3fbc:	ea000026 	b	0x405c
    3fc0:	e3e02000 	mvn	r2, #0
    3fc4:	e59fc368 	ldr	ip, [pc, #872]	@ 0x4334
    3fc8:	e151000c 	cmp	r1, ip
    3fcc:	8a000008 	bhi	0x3ff4
    3fd0:	e3a0c00a 	mov	ip, #10
    3fd4:	e0070c91 	mul	r7, r1, ip
    3fd8:	e1a08007 	mov	r8, r7
    3fdc:	e0867007 	add	r7, r6, r7
    3fe0:	e3e0c480 	mvn	ip, #128, 8	@ 0x80000000
    3fe4:	e028800c 	eor	r8, r8, ip
    3fe8:	e1560008 	cmp	r6, r8
    3fec:	e3e02000 	mvn	r2, #0
    3ff0:	91a02007 	movls	r2, r7
    3ff4:	e2837001 	add	r7, r3, #1
    3ff8:	e1a08007 	mov	r8, r7
    3ffc:	e1a0a000 	mov	sl, r0
    4000:	e5959030 	ldr	r9, [r5, #48]	@ 0x30
    4004:	e59fc26c 	ldr	ip, [pc, #620]	@ 0x4278
    4008:	e15a000c 	cmp	sl, ip
    400c:	8a000014 	bhi	0x4064
    4010:	e7d79af4 			@ <UNDEFINED> instruction: 0xe7d79af4
    4014:	e1a0a003 	mov	sl, r3
    4018:	e5959030 	ldr	r9, [r5, #48]	@ 0x30
    401c:	e3e0e4fe 	mvn	lr, #-33554432	@ 0xfe000000
    4020:	e3cee8fe 	bic	lr, lr, #16646144	@ 0xfe0000
    4024:	e7fae0f1 	udf	#44545	@ 0xae01
    4028:	2a00000d 	bcs	0x4064
    402c:	e7e79af1 			@ <UNDEFINED> instruction: 0xe7e79af1
    4030:	e1a01002 	mov	r1, r2
    4034:	e1a03008 	mov	r3, r8
    4038:	e2477030 	sub	r7, r7, #48	@ 0x30
    403c:	e1a06007 	mov	r6, r7
    4040:	e357000a 	cmp	r7, #10
    4044:	3affffdd 	bcc	0x3fc0
    4048:	e5842010 	str	r2, [r4, #16]
    404c:	e3a009ff 	mov	r0, #4177920	@ 0x3fc000
    4050:	e3800f4c 	orr	r0, r0, #76, 30	@ 0x130
    4054:	e30ccabc 	movw	ip, #51900	@ 0xcabc
    4058:	e34ccdef 	movt	ip, #52719	@ 0xcdef
    405c:	e28dd008 	add	sp, sp, #8
    4060:	e8bd87c0 	pop	{r6, r7, r8, r9, sl, pc}
    4064:	e3a00008 	mov	r0, #8
    4068:	e59d1000 	ldr	r1, [sp]
    406c:	e5810010 	str	r0, [r1, #16]
    4070:	e59d0000 	ldr	r0, [sp]
    4074:	e59d101c 	ldr	r1, [sp, #28]
    4078:	e59fc2b8 	ldr	ip, [pc, #696]	@ 0x4338
    407c:	e12fff3c 	blx	ip
    4080:	e28dd008 	add	sp, sp, #8
    4084:	e8bd07c0 	pop	{r6, r7, r8, r9, sl}
    4088:	e28dd004 	add	sp, sp, #4
    408c:	e12fff10 	bx	r0
    4090:	e92d41c0 	push	{r6, r7, r8, lr}
    4094:	e24dd008 	sub	sp, sp, #8
    4098:	e58d0000 	str	r0, [sp]
    409c:	e30cc123 	movw	ip, #49443	@ 0xc123
    40a0:	e34cc456 	movt	ip, #50262	@ 0xc456
    40a4:	e5940000 	ldr	r0, [r4]
    40a8:	e5941004 	ldr	r1, [r4, #4]
    40ac:	e5942008 	ldr	r2, [r4, #8]
    40b0:	e594300c 	ldr	r3, [r4, #12]
    40b4:	e2411009 	sub	r1, r1, #9
    40b8:	e1a0e001 	mov	lr, r1
    40bc:	e35e0012 	cmp	lr, #18
    40c0:	23a0e012 	movcs	lr, #18
    40c4:	e1a0e10e 	lsl	lr, lr, #2
    40c8:	e59fc26c 	ldr	ip, [pc, #620]	@ 0x433c
    40cc:	e08ee00c 	add	lr, lr, ip
    40d0:	e59ec000 	ldr	ip, [lr]
    40d4:	e12fff1c 	bx	ip
    40d8:	e1a07002 	mov	r7, r2
    40dc:	e5956030 	ldr	r6, [r5, #48]	@ 0x30
    40e0:	e59fc190 	ldr	ip, [pc, #400]	@ 0x4278
    40e4:	e157000c 	cmp	r7, ip
    40e8:	8a000253 	bhi	0x4a3c
    40ec:	e7e167f4 			@ <UNDEFINED> instruction: 0xe7e167f4
    40f0:	e1a06001 	mov	r6, r1
    40f4:	e2811004 	add	r1, r1, #4
    40f8:	e1a08002 	mov	r8, r2
    40fc:	e5957030 	ldr	r7, [r5, #48]	@ 0x30
    4100:	e59fc170 	ldr	ip, [pc, #368]	@ 0x4278
    4104:	e158000c 	cmp	r8, ip
    4108:	8a00024b 	bhi	0x4a3c
    410c:	e7d178f4 			@ <UNDEFINED> instruction: 0xe7d178f4
    4110:	e1a07006 	mov	r7, r6
    4114:	e5951030 	ldr	r1, [r5, #48]	@ 0x30
    4118:	e59fc158 	ldr	ip, [pc, #344]	@ 0x4278
    411c:	e157000c 	cmp	r7, ip
    4120:	8a000245 	bhi	0x4a3c
    4124:	e7e617f4 			@ <UNDEFINED> instruction: 0xe7e617f4
    4128:	e1a07000 	mov	r7, r0
    412c:	e5951030 	ldr	r1, [r5, #48]	@ 0x30
    4130:	e59fc140 	ldr	ip, [pc, #320]	@ 0x4278
    4134:	e157000c 	cmp	r7, ip
    4138:	8a00023f 	bhi	0x4a3c
    413c:	e7d617f4 			@ <UNDEFINED> instruction: 0xe7d617f4
    4140:	e59f01f8 	ldr	r0, [pc, #504]	@ 0x4340
    4144:	ea00023a 	b	0x4a34
    4148:	e1a07002 	mov	r7, r2
    414c:	e5956030 	ldr	r6, [r5, #48]	@ 0x30
    4150:	e59fc120 	ldr	ip, [pc, #288]	@ 0x4278
    4154:	e157000c 	cmp	r7, ip
    4158:	8a000237 	bhi	0x4a3c
    415c:	e7e167f4 			@ <UNDEFINED> instruction: 0xe7e167f4
    4160:	e1a06001 	mov	r6, r1
    4164:	e2811004 	add	r1, r1, #4
    4168:	e1a08002 	mov	r8, r2
    416c:	e5957030 	ldr	r7, [r5, #48]	@ 0x30
    4170:	e59fc100 	ldr	ip, [pc, #256]	@ 0x4278
    4174:	e158000c 	cmp	r8, ip
    4178:	8a00022f 	bhi	0x4a3c
    417c:	e7d178f4 			@ <UNDEFINED> instruction: 0xe7d178f4
    4180:	e5958030 	ldr	r8, [r5, #48]	@ 0x30
    4184:	e59fc0ec 	ldr	ip, [pc, #236]	@ 0x4278
    4188:	e156000c 	cmp	r6, ip
    418c:	8a00022a 	bhi	0x4a3c
    4190:	e7981006 	ldr	r1, [r8, r6]
    4194:	e1a07fc1 	asr	r7, r1, #31
    4198:	e1a08000 	mov	r8, r0
    419c:	e5956030 	ldr	r6, [r5, #48]	@ 0x30
    41a0:	e59fc0d4 	ldr	ip, [pc, #212]	@ 0x427c
    41a4:	e158000c 	cmp	r8, ip
    41a8:	8a000223 	bhi	0x4a3c
    41ac:	e086c008 	add	ip, r6, r8
    41b0:	e58c1000 	str	r1, [ip]
    41b4:	e58c7004 	str	r7, [ip, #4]
    41b8:	e59f0184 	ldr	r0, [pc, #388]	@ 0x4344
    41bc:	ea00021c 	b	0x4a34
    41c0:	e1a07002 	mov	r7, r2
    41c4:	e5956030 	ldr	r6, [r5, #48]	@ 0x30
    41c8:	e59fc0a8 	ldr	ip, [pc, #168]	@ 0x4278
    41cc:	e157000c 	cmp	r7, ip
    41d0:	8a000219 	bhi	0x4a3c
    41d4:	e7e167f4 			@ <UNDEFINED> instruction: 0xe7e167f4
    41d8:	e1a06001 	mov	r6, r1
    41dc:	e2811004 	add	r1, r1, #4
    41e0:	e1a08002 	mov	r8, r2
    41e4:	e5957030 	ldr	r7, [r5, #48]	@ 0x30
    41e8:	e59fc088 	ldr	ip, [pc, #136]	@ 0x4278
    41ec:	e158000c 	cmp	r8, ip
    41f0:	8a000211 	bhi	0x4a3c
    41f4:	e7d178f4 			@ <UNDEFINED> instruction: 0xe7d178f4
    41f8:	e5958030 	ldr	r8, [r5, #48]	@ 0x30
    41fc:	e59fc074 	ldr	ip, [pc, #116]	@ 0x4278
    4200:	e156000c 	cmp	r6, ip
    4204:	8a00020c 	bhi	0x4a3c
    4208:	e7981006 	ldr	r1, [r8, r6]
    420c:	e3a07000 	mov	r7, #0
    4210:	e1a08000 	mov	r8, r0
    4214:	e5956030 	ldr	r6, [r5, #48]	@ 0x30
    4218:	e59fc05c 	ldr	ip, [pc, #92]	@ 0x427c
    421c:	e158000c 	cmp	r8, ip
    4220:	8a000205 	bhi	0x4a3c
    4224:	e086c008 	add	ip, r6, r8
    4228:	e58c1000 	str	r1, [ip]
    422c:	e58c7004 	str	r7, [ip, #4]
    4230:	e59f0110 	ldr	r0, [pc, #272]	@ 0x4348
    4234:	ea0001fe 	b	0x4a34
    4238:	e1a07002 	mov	r7, r2
    423c:	e5956030 	ldr	r6, [r5, #48]	@ 0x30
    4240:	e59fc030 	ldr	ip, [pc, #48]	@ 0x4278
    4244:	e157000c 	cmp	r7, ip
    4248:	8a0001fb 	bhi	0x4a3c
    424c:	e7e167f4 			@ <UNDEFINED> instruction: 0xe7e167f4
    4250:	e1a06001 	mov	r6, r1
    4254:	e2811004 	add	r1, r1, #4
    4258:	ea00003b 	b	0x434c
	...
    4278:	0101fffc 	strdeq	pc, [r1, -ip]
    427c:	0101fff8 	strdeq	pc, [r1, -r8]
    4280:	0101fffe 	strdeq	pc, [r1, -lr]
    4284:	00402898 	umaaleq	r2, r0, r8, r8
    4288:	0004890c 	andeq	r8, r4, ip, lsl #18
    428c:	0040295c 	subeq	r2, r0, ip, asr r9
    4290:	0004890c 	andeq	r8, r4, ip, lsl #18
    4294:	00402aec 	subeq	r2, r0, ip, ror #21
    4298:	0004890c 	andeq	r8, r4, ip, lsl #18
    429c:	00402c54 	subeq	r2, r0, r4, asr ip
    42a0:	0004890c 	andeq	r8, r4, ip, lsl #18
    42a4:	00402d54 	subeq	r2, r0, r4, asr sp
    42a8:	0004890c 	andeq	r8, r4, ip, lsl #18
    42ac:	00402e10 	subeq	r2, r0, r0, lsl lr
    42b0:	0004890c 	andeq	r8, r4, ip, lsl #18
    42b4:	00402edc 	ldrdeq	r2, [r0], #-236	@ 0xffffff14
    42b8:	0004890c 	andeq	r8, r4, ip, lsl #18
    42bc:	00402f58 	subeq	r2, r0, r8, asr pc
    42c0:	0004890c 	andeq	r8, r4, ip, lsl #18
    42c4:	00402fb8 	strheq	r2, [r0], #-248	@ 0xffffff08
    42c8:	0004890c 	andeq	r8, r4, ip, lsl #18
    42cc:	00403020 	subeq	r3, r0, r0, lsr #32
    42d0:	0004890c 	andeq	r8, r4, ip, lsl #18
    42d4:	00403098 	umaaleq	r3, r0, r8, r0
    42d8:	00048c48 	andeq	r8, r4, r8, asr #24
    42dc:	00403198 	umaaleq	r3, r0, r8, r1
    42e0:	0004890c 	andeq	r8, r4, ip, lsl #18
    42e4:	004033e4 	subeq	r3, r0, r4, ror #7
    42e8:	0004890c 	andeq	r8, r4, ip, lsl #18
    42ec:	004033fc 	strdeq	r3, [r0], #-60	@ 0xffffffc4
    42f0:	0004890c 	andeq	r8, r4, ip, lsl #18
    42f4:	00403434 	subeq	r3, r0, r4, lsr r4
    42f8:	0004890c 	andeq	r8, r4, ip, lsl #18
    42fc:	00403458 	subeq	r3, r0, r8, asr r4
    4300:	0004890c 	andeq	r8, r4, ip, lsl #18
    4304:	00403470 	subeq	r3, r0, r0, ror r4
    4308:	0004890c 	andeq	r8, r4, ip, lsl #18
    430c:	004034a8 	subeq	r3, r0, r8, lsr #9
    4310:	0004890c 	andeq	r8, r4, ip, lsl #18
    4314:	004034f0 	strdeq	r3, [r0], #-64	@ 0xffffffc0
    4318:	0004890c 	andeq	r8, r4, ip, lsl #18
    431c:	00403534 	subeq	r3, r0, r4, lsr r5
    4320:	00048004 	andeq	r8, r4, r4
    4324:	003fe6f8 	ldrshteq	lr, [pc], -r8
    4328:	0004890c 	andeq	r8, r4, ip, lsl #18
    432c:	003fe714 	eorseq	lr, pc, r4, lsl r7	@ <UNPREDICTABLE>
    4330:	00048004 	andeq	r8, r4, r4
    4334:	0ccccccc 	stcleq	12, cr12, [ip], {204}	@ 0xcc
    4338:	00048004 	andeq	r8, r4, r4
    433c:	4085a730 	addmi	sl, r5, r0, lsr r7
    4340:	003ff3d4 	ldrsbteq	pc, [pc], -r4	@ <UNPREDICTABLE>
    4344:	003ff414 	eorseq	pc, pc, r4, lsl r4	@ <UNPREDICTABLE>
    4348:	003ff454 	eorseq	pc, pc, r4, asr r4	@ <UNPREDICTABLE>
    434c:	e1a08002 	mov	r8, r2
    4350:	e5957030 	ldr	r7, [r5, #48]	@ 0x30
    4354:	e59fcffc 	ldr	ip, [pc, #4092]	@ 0x5358
    4358:	e158000c 	cmp	r8, ip
    435c:	8a0001b6 	bhi	0x4a3c
    4360:	e7d178f4 			@ <UNDEFINED> instruction: 0xe7d178f4
    4364:	e5958030 	ldr	r8, [r5, #48]	@ 0x30
    4368:	e59fcfe8 	ldr	ip, [pc, #4072]	@ 0x5358
    436c:	e156000c 	cmp	r6, ip
    4370:	8a0001b1 	bhi	0x4a3c
    4374:	e7981006 	ldr	r1, [r8, r6]
    4378:	e1a07fc1 	asr	r7, r1, #31
    437c:	e1a08000 	mov	r8, r0
    4380:	e5956030 	ldr	r6, [r5, #48]	@ 0x30
    4384:	e59fcfd0 	ldr	ip, [pc, #4048]	@ 0x535c
    4388:	e158000c 	cmp	r8, ip
    438c:	8a0001aa 	bhi	0x4a3c
    4390:	e086c008 	add	ip, r6, r8
    4394:	e58c1000 	str	r1, [ip]
    4398:	e58c7004 	str	r7, [ip, #4]
    439c:	e59f0fbc 	ldr	r0, [pc, #4028]	@ 0x5360
    43a0:	ea0001a3 	b	0x4a34
    43a4:	e1a07002 	mov	r7, r2
    43a8:	e5956030 	ldr	r6, [r5, #48]	@ 0x30
    43ac:	e59fcfa4 	ldr	ip, [pc, #4004]	@ 0x5358
    43b0:	e157000c 	cmp	r7, ip
    43b4:	8a0001a0 	bhi	0x4a3c
    43b8:	e7e167f4 			@ <UNDEFINED> instruction: 0xe7e167f4
    43bc:	e1a06001 	mov	r6, r1
    43c0:	e2811004 	add	r1, r1, #4
    43c4:	e1a08002 	mov	r8, r2
    43c8:	e5957030 	ldr	r7, [r5, #48]	@ 0x30
    43cc:	e59fcf84 	ldr	ip, [pc, #3972]	@ 0x5358
    43d0:	e158000c 	cmp	r8, ip
    43d4:	8a000198 	bhi	0x4a3c
    43d8:	e7d178f4 			@ <UNDEFINED> instruction: 0xe7d178f4
    43dc:	e5958030 	ldr	r8, [r5, #48]	@ 0x30
    43e0:	e59fcf70 	ldr	ip, [pc, #3952]	@ 0x5358
    43e4:	e156000c 	cmp	r6, ip
    43e8:	8a000193 	bhi	0x4a3c
    43ec:	e7981006 	ldr	r1, [r8, r6]
    43f0:	e3a07000 	mov	r7, #0
    43f4:	e1a08000 	mov	r8, r0
    43f8:	e5956030 	ldr	r6, [r5, #48]	@ 0x30
    43fc:	e59fcf58 	ldr	ip, [pc, #3928]	@ 0x535c
    4400:	e158000c 	cmp	r8, ip
    4404:	8a00018c 	bhi	0x4a3c
    4408:	e086c008 	add	ip, r6, r8
    440c:	e58c1000 	str	r1, [ip]
    4410:	e58c7004 	str	r7, [ip, #4]
    4414:	e59f0f48 	ldr	r0, [pc, #3912]	@ 0x5364
    4418:	ea000185 	b	0x4a34
    441c:	e1a07002 	mov	r7, r2
    4420:	e5956030 	ldr	r6, [r5, #48]	@ 0x30
    4424:	e59fcf2c 	ldr	ip, [pc, #3884]	@ 0x5358
    4428:	e157000c 	cmp	r7, ip
    442c:	8a000182 	bhi	0x4a3c
    4430:	e7e167f4 			@ <UNDEFINED> instruction: 0xe7e167f4
    4434:	e2811007 	add	r1, r1, #7
    4438:	e3c11007 	bic	r1, r1, #7
    443c:	e1a06001 	mov	r6, r1
    4440:	e2811008 	add	r1, r1, #8
    4444:	e1a08002 	mov	r8, r2
    4448:	e5957030 	ldr	r7, [r5, #48]	@ 0x30
    444c:	e59fcf04 	ldr	ip, [pc, #3844]	@ 0x5358
    4450:	e158000c 	cmp	r8, ip
    4454:	8a000178 	bhi	0x4a3c
    4458:	e7d178f4 			@ <UNDEFINED> instruction: 0xe7d178f4
    445c:	e5958030 	ldr	r8, [r5, #48]	@ 0x30
    4460:	e59fcef4 	ldr	ip, [pc, #3828]	@ 0x535c
    4464:	e156000c 	cmp	r6, ip
    4468:	8a000173 	bhi	0x4a3c
    446c:	e088c006 	add	ip, r8, r6
    4470:	e59c1000 	ldr	r1, [ip]
    4474:	e59c7004 	ldr	r7, [ip, #4]
    4478:	e1a08000 	mov	r8, r0
    447c:	e5956030 	ldr	r6, [r5, #48]	@ 0x30
    4480:	e59fced4 	ldr	ip, [pc, #3796]	@ 0x535c
    4484:	e158000c 	cmp	r8, ip
    4488:	8a00016b 	bhi	0x4a3c
    448c:	e086c008 	add	ip, r6, r8
    4490:	e58c1000 	str	r1, [ip]
    4494:	e58c7004 	str	r7, [ip, #4]
    4498:	e59f0ec8 	ldr	r0, [pc, #3784]	@ 0x5368
    449c:	ea000164 	b	0x4a34
    44a0:	e1a07002 	mov	r7, r2
    44a4:	e5956030 	ldr	r6, [r5, #48]	@ 0x30
    44a8:	e59fcea8 	ldr	ip, [pc, #3752]	@ 0x5358
    44ac:	e157000c 	cmp	r7, ip
    44b0:	8a000161 	bhi	0x4a3c
    44b4:	e7e167f4 			@ <UNDEFINED> instruction: 0xe7e167f4
    44b8:	e1a06001 	mov	r6, r1
    44bc:	e2811004 	add	r1, r1, #4
    44c0:	e1a08002 	mov	r8, r2
    44c4:	e5957030 	ldr	r7, [r5, #48]	@ 0x30
    44c8:	e59fce88 	ldr	ip, [pc, #3720]	@ 0x5358
    44cc:	e158000c 	cmp	r8, ip
    44d0:	8a000159 	bhi	0x4a3c
    44d4:	e7d178f4 			@ <UNDEFINED> instruction: 0xe7d178f4
    44d8:	e5958030 	ldr	r8, [r5, #48]	@ 0x30
    44dc:	e59fce88 	ldr	ip, [pc, #3720]	@ 0x536c
    44e0:	e156000c 	cmp	r6, ip
    44e4:	8a000154 	bhi	0x4a3c
    44e8:	e19810f6 	ldrsh	r1, [r8, r6]
    44ec:	e1a07fc1 	asr	r7, r1, #31
    44f0:	e1a08000 	mov	r8, r0
    44f4:	e5956030 	ldr	r6, [r5, #48]	@ 0x30
    44f8:	e59fce5c 	ldr	ip, [pc, #3676]	@ 0x535c
    44fc:	e158000c 	cmp	r8, ip
    4500:	8a00014d 	bhi	0x4a3c
    4504:	e086c008 	add	ip, r6, r8
    4508:	e58c1000 	str	r1, [ip]
    450c:	e58c7004 	str	r7, [ip, #4]
    4510:	e59f0e58 	ldr	r0, [pc, #3672]	@ 0x5370
    4514:	ea000146 	b	0x4a34
    4518:	e1a07002 	mov	r7, r2
    451c:	e5956030 	ldr	r6, [r5, #48]	@ 0x30
    4520:	e59fce30 	ldr	ip, [pc, #3632]	@ 0x5358
    4524:	e157000c 	cmp	r7, ip
    4528:	8a000143 	bhi	0x4a3c
    452c:	e7e167f4 			@ <UNDEFINED> instruction: 0xe7e167f4
    4530:	e1a06001 	mov	r6, r1
    4534:	e2811004 	add	r1, r1, #4
    4538:	e1a08002 	mov	r8, r2
    453c:	e5957030 	ldr	r7, [r5, #48]	@ 0x30
    4540:	e59fce10 	ldr	ip, [pc, #3600]	@ 0x5358
    4544:	e158000c 	cmp	r8, ip
    4548:	8a00013b 	bhi	0x4a3c
    454c:	e7d178f4 			@ <UNDEFINED> instruction: 0xe7d178f4
    4550:	e5958030 	ldr	r8, [r5, #48]	@ 0x30
    4554:	e59fce10 	ldr	ip, [pc, #3600]	@ 0x536c
    4558:	e156000c 	cmp	r6, ip
    455c:	8a000136 	bhi	0x4a3c
    4560:	e19810b6 	ldrh	r1, [r8, r6]
    4564:	e3a07000 	mov	r7, #0
    4568:	e1a08000 	mov	r8, r0
    456c:	e5956030 	ldr	r6, [r5, #48]	@ 0x30
    4570:	e59fcde4 	ldr	ip, [pc, #3556]	@ 0x535c
    4574:	e158000c 	cmp	r8, ip
    4578:	8a00012f 	bhi	0x4a3c
    457c:	e086c008 	add	ip, r6, r8
    4580:	e58c1000 	str	r1, [ip]
    4584:	e58c7004 	str	r7, [ip, #4]
    4588:	e59f0de4 	ldr	r0, [pc, #3556]	@ 0x5374
    458c:	ea000128 	b	0x4a34
    4590:	e1a07002 	mov	r7, r2
    4594:	e5956030 	ldr	r6, [r5, #48]	@ 0x30
    4598:	e59fcdb8 	ldr	ip, [pc, #3512]	@ 0x5358
    459c:	e157000c 	cmp	r7, ip
    45a0:	8a000125 	bhi	0x4a3c
    45a4:	e7e167f4 			@ <UNDEFINED> instruction: 0xe7e167f4
    45a8:	e1a06001 	mov	r6, r1
    45ac:	e2811004 	add	r1, r1, #4
    45b0:	e1a08002 	mov	r8, r2
    45b4:	e5957030 	ldr	r7, [r5, #48]	@ 0x30
    45b8:	e59fcd98 	ldr	ip, [pc, #3480]	@ 0x5358
    45bc:	e158000c 	cmp	r8, ip
    45c0:	8a00011d 	bhi	0x4a3c
    45c4:	e7d178f4 			@ <UNDEFINED> instruction: 0xe7d178f4
    45c8:	e5958030 	ldr	r8, [r5, #48]	@ 0x30
    45cc:	e3e0c4fe 	mvn	ip, #-33554432	@ 0xfe000000
    45d0:	e3ccc8fe 	bic	ip, ip, #16646144	@ 0xfe0000
    45d4:	e156000c 	cmp	r6, ip
    45d8:	8a000117 	bhi	0x4a3c
    45dc:	e19810d6 	ldrsb	r1, [r8, r6]
    45e0:	e1a07fc1 	asr	r7, r1, #31
    45e4:	e1a08000 	mov	r8, r0
    45e8:	e5956030 	ldr	r6, [r5, #48]	@ 0x30
    45ec:	e59fcd68 	ldr	ip, [pc, #3432]	@ 0x535c
    45f0:	e158000c 	cmp	r8, ip
    45f4:	8a000110 	bhi	0x4a3c
    45f8:	e086c008 	add	ip, r6, r8
    45fc:	e58c1000 	str	r1, [ip]
    4600:	e58c7004 	str	r7, [ip, #4]
    4604:	e59f0d6c 	ldr	r0, [pc, #3436]	@ 0x5378
    4608:	ea000109 	b	0x4a34
    460c:	e1a07002 	mov	r7, r2
    4610:	e5956030 	ldr	r6, [r5, #48]	@ 0x30
    4614:	e59fcd3c 	ldr	ip, [pc, #3388]	@ 0x5358
    4618:	e157000c 	cmp	r7, ip
    461c:	8a000106 	bhi	0x4a3c
    4620:	e7e167f4 			@ <UNDEFINED> instruction: 0xe7e167f4
    4624:	e1a06001 	mov	r6, r1
    4628:	e2811004 	add	r1, r1, #4
    462c:	e1a08002 	mov	r8, r2
    4630:	e5957030 	ldr	r7, [r5, #48]	@ 0x30
    4634:	e59fcd1c 	ldr	ip, [pc, #3356]	@ 0x5358
    4638:	e158000c 	cmp	r8, ip
    463c:	8a0000fe 	bhi	0x4a3c
    4640:	e7d178f4 			@ <UNDEFINED> instruction: 0xe7d178f4
    4644:	e5958030 	ldr	r8, [r5, #48]	@ 0x30
    4648:	e3e0c4fe 	mvn	ip, #-33554432	@ 0xfe000000
    464c:	e3ccc8fe 	bic	ip, ip, #16646144	@ 0xfe0000
    4650:	e156000c 	cmp	r6, ip
    4654:	8a0000f8 	bhi	0x4a3c
    4658:	e7d81006 	ldrb	r1, [r8, r6]
    465c:	e3a07000 	mov	r7, #0
    4660:	e1a08000 	mov	r8, r0
    4664:	e5956030 	ldr	r6, [r5, #48]	@ 0x30
    4668:	e59fccec 	ldr	ip, [pc, #3308]	@ 0x535c
    466c:	e158000c 	cmp	r8, ip
    4670:	8a0000f1 	bhi	0x4a3c
    4674:	e086c008 	add	ip, r6, r8
    4678:	e58c1000 	str	r1, [ip]
    467c:	e58c7004 	str	r7, [ip, #4]
    4680:	e59f0cf4 	ldr	r0, [pc, #3316]	@ 0x537c
    4684:	ea0000ea 	b	0x4a34
    4688:	e1a07002 	mov	r7, r2
    468c:	e5956030 	ldr	r6, [r5, #48]	@ 0x30
    4690:	e59fccc0 	ldr	ip, [pc, #3264]	@ 0x5358
    4694:	e157000c 	cmp	r7, ip
    4698:	8a0000e7 	bhi	0x4a3c
    469c:	e7e167f4 			@ <UNDEFINED> instruction: 0xe7e167f4
    46a0:	e2811007 	add	r1, r1, #7
    46a4:	e3c11007 	bic	r1, r1, #7
    46a8:	e1a06001 	mov	r6, r1
    46ac:	e2811008 	add	r1, r1, #8
    46b0:	e1a08002 	mov	r8, r2
    46b4:	e5957030 	ldr	r7, [r5, #48]	@ 0x30
    46b8:	e59fcc98 	ldr	ip, [pc, #3224]	@ 0x5358
    46bc:	e158000c 	cmp	r8, ip
    46c0:	8a0000dd 	bhi	0x4a3c
    46c4:	e7d178f4 			@ <UNDEFINED> instruction: 0xe7d178f4
    46c8:	e5958030 	ldr	r8, [r5, #48]	@ 0x30
    46cc:	e59fcc88 	ldr	ip, [pc, #3208]	@ 0x535c
    46d0:	e156000c 	cmp	r6, ip
    46d4:	8a0000d8 	bhi	0x4a3c
    46d8:	e088c006 	add	ip, r8, r6
    46dc:	e59c1000 	ldr	r1, [ip]
    46e0:	e59c7004 	ldr	r7, [ip, #4]
    46e4:	e1a08000 	mov	r8, r0
    46e8:	e5956030 	ldr	r6, [r5, #48]	@ 0x30
    46ec:	e59fcc68 	ldr	ip, [pc, #3176]	@ 0x535c
    46f0:	e158000c 	cmp	r8, ip
    46f4:	8a0000d0 	bhi	0x4a3c
    46f8:	e086c008 	add	ip, r6, r8
    46fc:	e58c1000 	str	r1, [ip]
    4700:	e58c7004 	str	r7, [ip, #4]
    4704:	e59f0c74 	ldr	r0, [pc, #3188]	@ 0x5380
    4708:	ea0000c9 	b	0x4a34
    470c:	e1a07002 	mov	r7, r2
    4710:	e5956030 	ldr	r6, [r5, #48]	@ 0x30
    4714:	e59fcc3c 	ldr	ip, [pc, #3132]	@ 0x5358
    4718:	e157000c 	cmp	r7, ip
    471c:	8a0000c6 	bhi	0x4a3c
    4720:	e7e167f4 			@ <UNDEFINED> instruction: 0xe7e167f4
    4724:	e1a06001 	mov	r6, r1
    4728:	e2811004 	add	r1, r1, #4
    472c:	e1a08002 	mov	r8, r2
    4730:	e5957030 	ldr	r7, [r5, #48]	@ 0x30
    4734:	e59fcc1c 	ldr	ip, [pc, #3100]	@ 0x5358
    4738:	e158000c 	cmp	r8, ip
    473c:	8a0000be 	bhi	0x4a3c
    4740:	e7d178f4 			@ <UNDEFINED> instruction: 0xe7d178f4
    4744:	e5958030 	ldr	r8, [r5, #48]	@ 0x30
    4748:	e59fcc08 	ldr	ip, [pc, #3080]	@ 0x5358
    474c:	e156000c 	cmp	r6, ip
    4750:	8a0000b9 	bhi	0x4a3c
    4754:	e7981006 	ldr	r1, [r8, r6]
    4758:	e3a07000 	mov	r7, #0
    475c:	e1a08000 	mov	r8, r0
    4760:	e5956030 	ldr	r6, [r5, #48]	@ 0x30
    4764:	e59fcbf0 	ldr	ip, [pc, #3056]	@ 0x535c
    4768:	e158000c 	cmp	r8, ip
    476c:	8a0000b2 	bhi	0x4a3c
    4770:	e086c008 	add	ip, r6, r8
    4774:	e58c1000 	str	r1, [ip]
    4778:	e58c7004 	str	r7, [ip, #4]
    477c:	e59f0c00 	ldr	r0, [pc, #3072]	@ 0x5384
    4780:	ea0000ab 	b	0x4a34
    4784:	e1a07002 	mov	r7, r2
    4788:	e5956030 	ldr	r6, [r5, #48]	@ 0x30
    478c:	e59fcbc4 	ldr	ip, [pc, #3012]	@ 0x5358
    4790:	e157000c 	cmp	r7, ip
    4794:	8a0000a8 	bhi	0x4a3c
    4798:	e7e167f4 			@ <UNDEFINED> instruction: 0xe7e167f4
    479c:	e2811007 	add	r1, r1, #7
    47a0:	e3c11007 	bic	r1, r1, #7
    47a4:	e1a06001 	mov	r6, r1
    47a8:	e2811008 	add	r1, r1, #8
    47ac:	e1a08002 	mov	r8, r2
    47b0:	e5957030 	ldr	r7, [r5, #48]	@ 0x30
    47b4:	e59fcb9c 	ldr	ip, [pc, #2972]	@ 0x5358
    47b8:	e158000c 	cmp	r8, ip
    47bc:	8a00009e 	bhi	0x4a3c
    47c0:	e7d178f4 			@ <UNDEFINED> instruction: 0xe7d178f4
    47c4:	e5958030 	ldr	r8, [r5, #48]	@ 0x30
    47c8:	e59fcb8c 	ldr	ip, [pc, #2956]	@ 0x535c
    47cc:	e156000c 	cmp	r6, ip
    47d0:	8a000099 	bhi	0x4a3c
    47d4:	e088c006 	add	ip, r8, r6
    47d8:	e59c1000 	ldr	r1, [ip]
    47dc:	e59c7004 	ldr	r7, [ip, #4]
    47e0:	e1a08000 	mov	r8, r0
    47e4:	e5956030 	ldr	r6, [r5, #48]	@ 0x30
    47e8:	e59fcb6c 	ldr	ip, [pc, #2924]	@ 0x535c
    47ec:	e158000c 	cmp	r8, ip
    47f0:	8a000091 	bhi	0x4a3c
    47f4:	e086c008 	add	ip, r6, r8
    47f8:	e58c1000 	str	r1, [ip]
    47fc:	e58c7004 	str	r7, [ip, #4]
    4800:	e59f0b80 	ldr	r0, [pc, #2944]	@ 0x5388
    4804:	ea00008a 	b	0x4a34
    4808:	e1a07002 	mov	r7, r2
    480c:	e5956030 	ldr	r6, [r5, #48]	@ 0x30
    4810:	e59fcb40 	ldr	ip, [pc, #2880]	@ 0x5358
    4814:	e157000c 	cmp	r7, ip
    4818:	8a000087 	bhi	0x4a3c
    481c:	e7e167f4 			@ <UNDEFINED> instruction: 0xe7e167f4
    4820:	e2811007 	add	r1, r1, #7
    4824:	e3c11007 	bic	r1, r1, #7
    4828:	e1a06001 	mov	r6, r1
    482c:	e2811008 	add	r1, r1, #8
    4830:	e1a08002 	mov	r8, r2
    4834:	e5957030 	ldr	r7, [r5, #48]	@ 0x30
    4838:	e59fcb18 	ldr	ip, [pc, #2840]	@ 0x5358
    483c:	e158000c 	cmp	r8, ip
    4840:	8a00007d 	bhi	0x4a3c
    4844:	e7d178f4 			@ <UNDEFINED> instruction: 0xe7d178f4
    4848:	e5958030 	ldr	r8, [r5, #48]	@ 0x30
    484c:	e59fcb08 	ldr	ip, [pc, #2824]	@ 0x535c
    4850:	e156000c 	cmp	r6, ip
    4854:	8a000078 	bhi	0x4a3c
    4858:	e088c006 	add	ip, r8, r6
    485c:	e59c1000 	ldr	r1, [ip]
    4860:	e59c7004 	ldr	r7, [ip, #4]
    4864:	e1a08000 	mov	r8, r0
    4868:	e5956030 	ldr	r6, [r5, #48]	@ 0x30
    486c:	e59fcae8 	ldr	ip, [pc, #2792]	@ 0x535c
    4870:	e158000c 	cmp	r8, ip
    4874:	8a000070 	bhi	0x4a3c
    4878:	e086c008 	add	ip, r6, r8
    487c:	e58c1000 	str	r1, [ip]
    4880:	e58c7004 	str	r7, [ip, #4]
    4884:	e59f0b00 	ldr	r0, [pc, #2816]	@ 0x538c
    4888:	ea000069 	b	0x4a34
    488c:	e1a07002 	mov	r7, r2
    4890:	e5956030 	ldr	r6, [r5, #48]	@ 0x30
    4894:	e59fcabc 	ldr	ip, [pc, #2748]	@ 0x5358
    4898:	e157000c 	cmp	r7, ip
    489c:	8a000066 	bhi	0x4a3c
    48a0:	e7e167f4 			@ <UNDEFINED> instruction: 0xe7e167f4
    48a4:	e1a06001 	mov	r6, r1
    48a8:	e2811004 	add	r1, r1, #4
    48ac:	e1a08002 	mov	r8, r2
    48b0:	e5957030 	ldr	r7, [r5, #48]	@ 0x30
    48b4:	e59fca9c 	ldr	ip, [pc, #2716]	@ 0x5358
    48b8:	e158000c 	cmp	r8, ip
    48bc:	8a00005e 	bhi	0x4a3c
    48c0:	e7d178f4 			@ <UNDEFINED> instruction: 0xe7d178f4
    48c4:	e5958030 	ldr	r8, [r5, #48]	@ 0x30
    48c8:	e59fca88 	ldr	ip, [pc, #2696]	@ 0x5358
    48cc:	e156000c 	cmp	r6, ip
    48d0:	8a000059 	bhi	0x4a3c
    48d4:	e7981006 	ldr	r1, [r8, r6]
    48d8:	e1a07fc1 	asr	r7, r1, #31
    48dc:	e1a08000 	mov	r8, r0
    48e0:	e5956030 	ldr	r6, [r5, #48]	@ 0x30
    48e4:	e59fca70 	ldr	ip, [pc, #2672]	@ 0x535c
    48e8:	e158000c 	cmp	r8, ip
    48ec:	8a000052 	bhi	0x4a3c
    48f0:	e086c008 	add	ip, r6, r8
    48f4:	e58c1000 	str	r1, [ip]
    48f8:	e58c7004 	str	r7, [ip, #4]
    48fc:	e59f0a8c 	ldr	r0, [pc, #2700]	@ 0x5390
    4900:	ea00004b 	b	0x4a34
    4904:	e1a07002 	mov	r7, r2
    4908:	e5956030 	ldr	r6, [r5, #48]	@ 0x30
    490c:	e59fca44 	ldr	ip, [pc, #2628]	@ 0x5358
    4910:	e157000c 	cmp	r7, ip
    4914:	8a000048 	bhi	0x4a3c
    4918:	e7e167f4 			@ <UNDEFINED> instruction: 0xe7e167f4
    491c:	e1a06001 	mov	r6, r1
    4920:	e2811004 	add	r1, r1, #4
    4924:	e1a08002 	mov	r8, r2
    4928:	e5957030 	ldr	r7, [r5, #48]	@ 0x30
    492c:	e59fca24 	ldr	ip, [pc, #2596]	@ 0x5358
    4930:	e158000c 	cmp	r8, ip
    4934:	8a000040 	bhi	0x4a3c
    4938:	e7d178f4 			@ <UNDEFINED> instruction: 0xe7d178f4
    493c:	e5958030 	ldr	r8, [r5, #48]	@ 0x30
    4940:	e59fca10 	ldr	ip, [pc, #2576]	@ 0x5358
    4944:	e156000c 	cmp	r6, ip
    4948:	8a00003b 	bhi	0x4a3c
    494c:	e7981006 	ldr	r1, [r8, r6]
    4950:	e3a07000 	mov	r7, #0
    4954:	e1a08000 	mov	r8, r0
    4958:	e5956030 	ldr	r6, [r5, #48]	@ 0x30
    495c:	e59fc9f8 	ldr	ip, [pc, #2552]	@ 0x535c
    4960:	e158000c 	cmp	r8, ip
    4964:	8a000034 	bhi	0x4a3c
    4968:	e086c008 	add	ip, r6, r8
    496c:	e58c1000 	str	r1, [ip]
    4970:	e58c7004 	str	r7, [ip, #4]
    4974:	e59f0a18 	ldr	r0, [pc, #2584]	@ 0x5394
    4978:	ea00002d 	b	0x4a34
    497c:	e1a07002 	mov	r7, r2
    4980:	e5956030 	ldr	r6, [r5, #48]	@ 0x30
    4984:	e59fc9cc 	ldr	ip, [pc, #2508]	@ 0x5358
    4988:	e157000c 	cmp	r7, ip
    498c:	8a00002a 	bhi	0x4a3c
    4990:	e7e167f4 			@ <UNDEFINED> instruction: 0xe7e167f4
    4994:	e2811007 	add	r1, r1, #7
    4998:	e3c11007 	bic	r1, r1, #7
    499c:	e1a06001 	mov	r6, r1
    49a0:	e2811008 	add	r1, r1, #8
    49a4:	e1a08002 	mov	r8, r2
    49a8:	e5957030 	ldr	r7, [r5, #48]	@ 0x30
    49ac:	e59fc9a4 	ldr	ip, [pc, #2468]	@ 0x5358
    49b0:	e158000c 	cmp	r8, ip
    49b4:	8a000020 	bhi	0x4a3c
    49b8:	e7d178f4 			@ <UNDEFINED> instruction: 0xe7d178f4
    49bc:	e5958030 	ldr	r8, [r5, #48]	@ 0x30
    49c0:	e59fc994 	ldr	ip, [pc, #2452]	@ 0x535c
    49c4:	e156000c 	cmp	r6, ip
    49c8:	8a00001b 	bhi	0x4a3c
    49cc:	e088c006 	add	ip, r8, r6
    49d0:	e59c1000 	ldr	r1, [ip]
    49d4:	e59c7004 	ldr	r7, [ip, #4]
    49d8:	e1a08000 	mov	r8, r0
    49dc:	e5956030 	ldr	r6, [r5, #48]	@ 0x30
    49e0:	e59fc974 	ldr	ip, [pc, #2420]	@ 0x535c
    49e4:	e158000c 	cmp	r8, ip
    49e8:	8a000013 	bhi	0x4a3c
    49ec:	e086c008 	add	ip, r6, r8
    49f0:	e58c1000 	str	r1, [ip]
    49f4:	e58c7004 	str	r7, [ip, #4]
    49f8:	e59f0998 	ldr	r0, [pc, #2456]	@ 0x5398
    49fc:	ea00000c 	b	0x4a34
    4a00:	e5840000 	str	r0, [r4]
    4a04:	e5842008 	str	r2, [r4, #8]
    4a08:	e584300c 	str	r3, [r4, #12]
    4a0c:	e59f0984 	ldr	r0, [pc, #2436]	@ 0x5398
    4a10:	e1a01004 	mov	r1, r4
    4a14:	e59d2000 	ldr	r2, [sp]
    4a18:	e59fc97c 	ldr	ip, [pc, #2428]	@ 0x539c
    4a1c:	e12fff3c 	blx	ip
    4a20:	e3500000 	cmp	r0, #0
    4a24:	1a000007 	bne	0x4a48
    4a28:	e59f0970 	ldr	r0, [pc, #2416]	@ 0x53a0
    4a2c:	e30ccabc 	movw	ip, #51900	@ 0xcabc
    4a30:	e34ccdef 	movt	ip, #52719	@ 0xcdef
    4a34:	e28dd008 	add	sp, sp, #8
    4a38:	e8bd81c0 	pop	{r6, r7, r8, pc}
    4a3c:	e3a00008 	mov	r0, #8
    4a40:	e59d1000 	ldr	r1, [sp]
    4a44:	e5810010 	str	r0, [r1, #16]
    4a48:	e59d0000 	ldr	r0, [sp]
    4a4c:	e59d1014 	ldr	r1, [sp, #20]
    4a50:	e59fc94c 	ldr	ip, [pc, #2380]	@ 0x53a4
    4a54:	e12fff3c 	blx	ip
    4a58:	e28dd008 	add	sp, sp, #8
    4a5c:	e8bd01c0 	pop	{r6, r7, r8}
    4a60:	e28dd004 	add	sp, sp, #4
    4a64:	e12fff10 	bx	r0
    4a68:	e92d43c0 	push	{r6, r7, r8, r9, lr}
    4a6c:	e24dd004 	sub	sp, sp, #4
    4a70:	e58d0000 	str	r0, [sp]
    4a74:	e30cc123 	movw	ip, #49443	@ 0xc123
    4a78:	e34cc456 	movt	ip, #50262	@ 0xc456
    4a7c:	e5940000 	ldr	r0, [r4]
    4a80:	e5941004 	ldr	r1, [r4, #4]
    4a84:	e5942008 	ldr	r2, [r4, #8]
    4a88:	e594300c 	ldr	r3, [r4, #12]
    4a8c:	e190c001 	orrs	ip, r0, r1
    4a90:	0a000020 	beq	0x4b18
    4a94:	e2426001 	sub	r6, r2, #1
    4a98:	e1a02006 	mov	r2, r6
    4a9c:	e1a07000 	mov	r7, r0
    4aa0:	e207700f 	and	r7, r7, #15
    4aa4:	e1a09007 	mov	r9, r7
    4aa8:	e5958030 	ldr	r8, [r5, #48]	@ 0x30
    4aac:	e3e0e4fe 	mvn	lr, #-33554432	@ 0xfe000000
    4ab0:	e3cee8fe 	bic	lr, lr, #16646144	@ 0xfe0000
    4ab4:	e3a0cb40 	mov	ip, #64, 22	@ 0x10000
    4ab8:	e38ccf88 	orr	ip, ip, #136, 30	@ 0x220
    4abc:	e099900c 	adds	r9, r9, ip
    4ac0:	2a00001a 	bcs	0x4b30
    4ac4:	e3e0c4fe 	mvn	ip, #-33554432	@ 0xfe000000
    4ac8:	e3ccc8fe 	bic	ip, ip, #16646144	@ 0xfe0000
    4acc:	e159000c 	cmp	r9, ip
    4ad0:	8a000016 	bhi	0x4b30
    4ad4:	e7e789f0 			@ <UNDEFINED> instruction: 0xe7e789f0
    4ad8:	e1877003 	orr	r7, r7, r3
    4adc:	e5958030 	ldr	r8, [r5, #48]	@ 0x30
    4ae0:	e3e0c4fe 	mvn	ip, #-33554432	@ 0xfe000000
    4ae4:	e3ccc8fe 	bic	ip, ip, #16646144	@ 0xfe0000
    4ae8:	e156000c 	cmp	r6, ip
    4aec:	8a00000f 	bhi	0x4b30
    4af0:	e7d786f0 			@ <UNDEFINED> instruction: 0xe7d786f0
    4af4:	e270c00f 	rsbs	ip, r0, #15
    4af8:	e2f1c000 	rscs	ip, r1, #0
    4afc:	e3a06000 	mov	r6, #0
    4b00:	33a06001 	movcc	r6, #1
    4b04:	e1a00220 	lsr	r0, r0, #4
    4b08:	e1800e01 	orr	r0, r0, r1, lsl #28
    4b0c:	e1a01221 	lsr	r1, r1, #4
    4b10:	e3560000 	cmp	r6, #0
    4b14:	1affffde 	bne	0x4a94
    4b18:	e5842008 	str	r2, [r4, #8]
    4b1c:	e59f0884 	ldr	r0, [pc, #2180]	@ 0x53a8
    4b20:	e30ccabc 	movw	ip, #51900	@ 0xcabc
    4b24:	e34ccdef 	movt	ip, #52719	@ 0xcdef
    4b28:	e28dd004 	add	sp, sp, #4
    4b2c:	e8bd83c0 	pop	{r6, r7, r8, r9, pc}
    4b30:	e3a00008 	mov	r0, #8
    4b34:	e59d1000 	ldr	r1, [sp]
    4b38:	e5810010 	str	r0, [r1, #16]
    4b3c:	e59d0000 	ldr	r0, [sp]
    4b40:	e59d1014 	ldr	r1, [sp, #20]
    4b44:	e59fc860 	ldr	ip, [pc, #2144]	@ 0x53ac
    4b48:	e12fff3c 	blx	ip
    4b4c:	e28dd004 	add	sp, sp, #4
    4b50:	e8bd03c0 	pop	{r6, r7, r8, r9}
    4b54:	e28dd004 	add	sp, sp, #4
    4b58:	e12fff10 	bx	r0
    4b5c:	e92d40c0 	push	{r6, r7, lr}
    4b60:	e24dd004 	sub	sp, sp, #4
    4b64:	e58d0000 	str	r0, [sp]
    4b68:	e30cc123 	movw	ip, #49443	@ 0xc123
    4b6c:	e34cc456 	movt	ip, #50262	@ 0xc456
    4b70:	e5940000 	ldr	r0, [r4]
    4b74:	e5941004 	ldr	r1, [r4, #4]
    4b78:	e5942008 	ldr	r2, [r4, #8]
    4b7c:	e190c001 	orrs	ip, r0, r1
    4b80:	0a000013 	beq	0x4bd4
    4b84:	e2423001 	sub	r3, r2, #1
    4b88:	e1a02003 	mov	r2, r3
    4b8c:	e1a06000 	mov	r6, r0
    4b90:	e2066007 	and	r6, r6, #7
    4b94:	e3866030 	orr	r6, r6, #48	@ 0x30
    4b98:	e5957030 	ldr	r7, [r5, #48]	@ 0x30
    4b9c:	e3e0c4fe 	mvn	ip, #-33554432	@ 0xfe000000
    4ba0:	e3ccc8fe 	bic	ip, ip, #16646144	@ 0xfe0000
    4ba4:	e153000c 	cmp	r3, ip
    4ba8:	8a00000f 	bhi	0x4bec
    4bac:	e7d673f0 			@ <UNDEFINED> instruction: 0xe7d673f0
    4bb0:	e270c007 	rsbs	ip, r0, #7
    4bb4:	e2f1c000 	rscs	ip, r1, #0
    4bb8:	e3a03000 	mov	r3, #0
    4bbc:	33a03001 	movcc	r3, #1
    4bc0:	e1a001a0 	lsr	r0, r0, #3
    4bc4:	e1800e81 	orr	r0, r0, r1, lsl #29
    4bc8:	e1a011a1 	lsr	r1, r1, #3
    4bcc:	e3530000 	cmp	r3, #0
    4bd0:	1affffeb 	bne	0x4b84
    4bd4:	e5842008 	str	r2, [r4, #8]
    4bd8:	e59f07d0 	ldr	r0, [pc, #2000]	@ 0x53b0
    4bdc:	e30ccabc 	movw	ip, #51900	@ 0xcabc
    4be0:	e34ccdef 	movt	ip, #52719	@ 0xcdef
    4be4:	e28dd004 	add	sp, sp, #4
    4be8:	e8bd80c0 	pop	{r6, r7, pc}
    4bec:	e3a00008 	mov	r0, #8
    4bf0:	e59d1000 	ldr	r1, [sp]
    4bf4:	e5810010 	str	r0, [r1, #16]
    4bf8:	e59d0000 	ldr	r0, [sp]
    4bfc:	e59d100c 	ldr	r1, [sp, #12]
    4c00:	e59fc7ac 	ldr	ip, [pc, #1964]	@ 0x53b4
    4c04:	e12fff3c 	blx	ip
    4c08:	e28dd004 	add	sp, sp, #4
    4c0c:	e8bd00c0 	pop	{r6, r7}
    4c10:	e28dd004 	add	sp, sp, #4
    4c14:	e12fff10 	bx	r0
    4c18:	e92d47c0 	push	{r6, r7, r8, r9, sl, lr}
    4c1c:	e24dd018 	sub	sp, sp, #24
    4c20:	e58d0000 	str	r0, [sp]
    4c24:	e30cc123 	movw	ip, #49443	@ 0xc123
    4c28:	e34cc456 	movt	ip, #50262	@ 0xc456
    4c2c:	e5946000 	ldr	r6, [r4]
    4c30:	e5947004 	ldr	r7, [r4, #4]
    4c34:	e5948008 	ldr	r8, [r4, #8]
    4c38:	e3560000 	cmp	r6, #0
    4c3c:	e2d7c001 	sbcs	ip, r7, #1
    4c40:	2a000002 	bcs	0x4c50
    4c44:	e1a02006 	mov	r2, r6
    4c48:	e1a03007 	mov	r3, r7
    4c4c:	ea000028 	b	0x4cf4
    4c50:	e2489001 	sub	r9, r8, #1
    4c54:	e1a08009 	mov	r8, r9
    4c58:	e58d6004 	str	r6, [sp, #4]
    4c5c:	e58d7008 	str	r7, [sp, #8]
    4c60:	e3a0e00a 	mov	lr, #10
    4c64:	e58de00c 	str	lr, [sp, #12]
    4c68:	e3a0e000 	mov	lr, #0
    4c6c:	e58de010 	str	lr, [sp, #16]
    4c70:	e28d0004 	add	r0, sp, #4
    4c74:	e28d100c 	add	r1, sp, #12
    4c78:	e28d2004 	add	r2, sp, #4
    4c7c:	e59fc734 	ldr	ip, [pc, #1844]	@ 0x53b8
    4c80:	e12fff3c 	blx	ip
    4c84:	e59d0004 	ldr	r0, [sp, #4]
    4c88:	e59d1008 	ldr	r1, [sp, #8]
    4c8c:	e1a02000 	mov	r2, r0
    4c90:	e1a03001 	mov	r3, r1
    4c94:	e1a0a001 	mov	sl, r1
    4c98:	e3a0100a 	mov	r1, #10
    4c9c:	e00a019a 	mul	sl, sl, r1
    4ca0:	e0810091 	umull	r0, r1, r1, r0
    4ca4:	e08aa001 	add	sl, sl, r1
    4ca8:	e1a0100a 	mov	r1, sl
    4cac:	e0560000 	subs	r0, r6, r0
    4cb0:	e0c71001 	sbc	r1, r7, r1
    4cb4:	e3800030 	orr	r0, r0, #48	@ 0x30
    4cb8:	e5951030 	ldr	r1, [r5, #48]	@ 0x30
    4cbc:	e3e0c4fe 	mvn	ip, #-33554432	@ 0xfe000000
    4cc0:	e3ccc8fe 	bic	ip, ip, #16646144	@ 0xfe0000
    4cc4:	e159000c 	cmp	r9, ip
    4cc8:	8a00002e 	bhi	0x4d88
    4ccc:	e7d019f0 			@ <UNDEFINED> instruction: 0xe7d019f0
    4cd0:	e3e0c000 	mvn	ip, #0
    4cd4:	e15c0006 	cmp	ip, r6
    4cd8:	e2f7c009 	rscs	ip, r7, #9
    4cdc:	e3a00000 	mov	r0, #0
    4ce0:	33a00001 	movcc	r0, #1
    4ce4:	e1a06002 	mov	r6, r2
    4ce8:	e1a07003 	mov	r7, r3
    4cec:	e3500000 	cmp	r0, #0
    4cf0:	1affffd6 	bne	0x4c50
    4cf4:	e192c003 	orrs	ip, r2, r3
    4cf8:	0a00001c 	beq	0x4d70
    4cfc:	e2483001 	sub	r3, r8, #1
    4d00:	e1a08003 	mov	r8, r3
    4d04:	e1a00002 	mov	r0, r2
    4d08:	e3a0100a 	mov	r1, #10
    4d0c:	e52d3010 	str	r3, [sp, #-16]!
    4d10:	e58d2004 	str	r2, [sp, #4]
    4d14:	e58d1008 	str	r1, [sp, #8]
    4d18:	e59fc69c 	ldr	ip, [pc, #1692]	@ 0x53bc
    4d1c:	e12fff3c 	blx	ip
    4d20:	e59d1008 	ldr	r1, [sp, #8]
    4d24:	e59d2004 	ldr	r2, [sp, #4]
    4d28:	e49d3010 	ldr	r3, [sp], #16
    4d2c:	e1a01000 	mov	r1, r0
    4d30:	e3a0c00a 	mov	ip, #10
    4d34:	e0000c90 	mul	r0, r0, ip
    4d38:	e0420000 	sub	r0, r2, r0
    4d3c:	e3800030 	orr	r0, r0, #48	@ 0x30
    4d40:	e5956030 	ldr	r6, [r5, #48]	@ 0x30
    4d44:	e3e0c4fe 	mvn	ip, #-33554432	@ 0xfe000000
    4d48:	e3ccc8fe 	bic	ip, ip, #16646144	@ 0xfe0000
    4d4c:	e153000c 	cmp	r3, ip
    4d50:	8a00000c 	bhi	0x4d88
    4d54:	e7d063f0 			@ <UNDEFINED> instruction: 0xe7d063f0
    4d58:	e3520009 	cmp	r2, #9
    4d5c:	e3a00000 	mov	r0, #0
    4d60:	83a00001 	movhi	r0, #1
    4d64:	e1a02001 	mov	r2, r1
    4d68:	e3500000 	cmp	r0, #0
    4d6c:	1affffe2 	bne	0x4cfc
    4d70:	e5848008 	str	r8, [r4, #8]
    4d74:	e59f0644 	ldr	r0, [pc, #1604]	@ 0x53c0
    4d78:	e30ccabc 	movw	ip, #51900	@ 0xcabc
    4d7c:	e34ccdef 	movt	ip, #52719	@ 0xcdef
    4d80:	e28dd018 	add	sp, sp, #24
    4d84:	e8bd87c0 	pop	{r6, r7, r8, r9, sl, pc}
    4d88:	e3a00008 	mov	r0, #8
    4d8c:	e59d1000 	ldr	r1, [sp]
    4d90:	e5810010 	str	r0, [r1, #16]
    4d94:	e59d0000 	ldr	r0, [sp]
    4d98:	e59d102c 	ldr	r1, [sp, #44]	@ 0x2c
    4d9c:	e59fc620 	ldr	ip, [pc, #1568]	@ 0x53c4
    4da0:	e12fff3c 	blx	ip
    4da4:	e28dd018 	add	sp, sp, #24
    4da8:	e8bd07c0 	pop	{r6, r7, r8, r9, sl}
    4dac:	e28dd004 	add	sp, sp, #4
    4db0:	e12fff10 	bx	r0
    4db4:	e92d43c0 	push	{r6, r7, r8, r9, lr}
    4db8:	e24dd004 	sub	sp, sp, #4
    4dbc:	e58d0000 	str	r0, [sp]
    4dc0:	e30cc123 	movw	ip, #49443	@ 0xc123
    4dc4:	e34cc456 	movt	ip, #50262	@ 0xc456
    4dc8:	e5946000 	ldr	r6, [r4]
    4dcc:	e5940004 	ldr	r0, [r4, #4]
    4dd0:	e5941008 	ldr	r1, [r4, #8]
    4dd4:	e594200c 	ldr	r2, [r4, #12]
    4dd8:	e5943010 	ldr	r3, [r4, #16]
    4ddc:	e595e03c 	ldr	lr, [r5, #60]	@ 0x3c
    4de0:	e59e7008 	ldr	r7, [lr, #8]
    4de4:	e2477f40 	sub	r7, r7, #64, 30	@ 0x100
    4de8:	e1a08007 	mov	r8, r7
    4dec:	e595903c 	ldr	r9, [r5, #60]	@ 0x3c
    4df0:	e5897008 	str	r7, [r9, #8]
    4df4:	e1510002 	cmp	r1, r2
    4df8:	da00002e 	ble	0x4eb8
    4dfc:	e3130b48 	tst	r3, #72, 22	@ 0x12000
    4e00:	1a00002c 	bne	0x4eb8
    4e04:	e0411002 	sub	r1, r1, r2
    4e08:	e1a07001 	mov	r7, r1
    4e0c:	e3570f40 	cmp	r7, #64, 30	@ 0x100
    4e10:	e3a02000 	mov	r2, #0
    4e14:	33a02001 	movcc	r2, #1
    4e18:	e1a09002 	mov	r9, r2
    4e1c:	e3520000 	cmp	r2, #0
    4e20:	03a01f40 	moveq	r1, #64, 30	@ 0x100
    4e24:	e5848014 	str	r8, [r4, #20]
    4e28:	e5840004 	str	r0, [r4, #4]
    4e2c:	e5841030 	str	r1, [r4, #48]	@ 0x30
    4e30:	e59f0590 	ldr	r0, [pc, #1424]	@ 0x53c8
    4e34:	e1a01004 	mov	r1, r4
    4e38:	e59d2000 	ldr	r2, [sp]
    4e3c:	e59fc588 	ldr	ip, [pc, #1416]	@ 0x53cc
    4e40:	e12fff3c 	blx	ip
    4e44:	e3500000 	cmp	r0, #0
    4e48:	1a000022 	bne	0x4ed8
    4e4c:	e3590000 	cmp	r9, #0
    4e50:	1a00000e 	bne	0x4e90
    4e54:	e5846000 	str	r6, [r4]
    4e58:	e5848014 	str	r8, [r4, #20]
    4e5c:	e3a0ef40 	mov	lr, #64, 30	@ 0x100
    4e60:	e584e018 	str	lr, [r4, #24]
    4e64:	e59f0564 	ldr	r0, [pc, #1380]	@ 0x53d0
    4e68:	e1a01004 	mov	r1, r4
    4e6c:	e59d2000 	ldr	r2, [sp]
    4e70:	e59fc55c 	ldr	ip, [pc, #1372]	@ 0x53d4
    4e74:	e12fff3c 	blx	ip
    4e78:	e3500000 	cmp	r0, #0
    4e7c:	1a000015 	bne	0x4ed8
    4e80:	e2470f40 	sub	r0, r7, #64, 30	@ 0x100
    4e84:	e1a07000 	mov	r7, r0
    4e88:	e35000ff 	cmp	r0, #255	@ 0xff
    4e8c:	8afffff0 	bhi	0x4e54
    4e90:	e5846000 	str	r6, [r4]
    4e94:	e5848014 	str	r8, [r4, #20]
    4e98:	e584700c 	str	r7, [r4, #12]
    4e9c:	e59f0534 	ldr	r0, [pc, #1332]	@ 0x53d8
    4ea0:	e1a01004 	mov	r1, r4
    4ea4:	e59d2000 	ldr	r2, [sp]
    4ea8:	e59fc52c 	ldr	ip, [pc, #1324]	@ 0x53dc
    4eac:	e12fff3c 	blx	ip
    4eb0:	e3500000 	cmp	r0, #0
    4eb4:	1a000007 	bne	0x4ed8
    4eb8:	e2888f40 	add	r8, r8, #64, 30	@ 0x100
    4ebc:	e595003c 	ldr	r0, [r5, #60]	@ 0x3c
    4ec0:	e5808008 	str	r8, [r0, #8]
    4ec4:	e59f0514 	ldr	r0, [pc, #1300]	@ 0x53e0
    4ec8:	e30ccabc 	movw	ip, #51900	@ 0xcabc
    4ecc:	e34ccdef 	movt	ip, #52719	@ 0xcdef
    4ed0:	e28dd004 	add	sp, sp, #4
    4ed4:	e8bd83c0 	pop	{r6, r7, r8, r9, pc}
    4ed8:	e59d0000 	ldr	r0, [sp]
    4edc:	e59d1014 	ldr	r1, [sp, #20]
    4ee0:	e59fc4fc 	ldr	ip, [pc, #1276]	@ 0x53e4
    4ee4:	e12fff3c 	blx	ip
    4ee8:	e28dd004 	add	sp, sp, #4
    4eec:	e8bd03c0 	pop	{r6, r7, r8, r9}
    4ef0:	e28dd004 	add	sp, sp, #4
    4ef4:	e12fff10 	bx	r0
    4ef8:	e52de004 	push	{lr}		@ (str lr, [sp, #-4]!)
    4efc:	e24dd004 	sub	sp, sp, #4
    4f00:	e58d0000 	str	r0, [sp]
    4f04:	e30cc123 	movw	ip, #49443	@ 0xc123
    4f08:	e34cc456 	movt	ip, #50262	@ 0xc456
    4f0c:	e5940000 	ldr	r0, [r4]
    4f10:	e5941004 	ldr	r1, [r4, #4]
    4f14:	e5942008 	ldr	r2, [r4, #8]
    4f18:	e5840000 	str	r0, [r4]
    4f1c:	e5841004 	str	r1, [r4, #4]
    4f20:	e5842008 	str	r2, [r4, #8]
    4f24:	e3a0e005 	mov	lr, #5
    4f28:	e584e00c 	str	lr, [r4, #12]
    4f2c:	e3a0e006 	mov	lr, #6
    4f30:	e584e010 	str	lr, [r4, #16]
    4f34:	e3a009ff 	mov	r0, #4177920	@ 0x3fc000
    4f38:	e3800fac 	orr	r0, r0, #172, 30	@ 0x2b0
    4f3c:	e1a01004 	mov	r1, r4
    4f40:	e59d2000 	ldr	r2, [sp]
    4f44:	e59fc49c 	ldr	ip, [pc, #1180]	@ 0x53e8
    4f48:	e12fff3c 	blx	ip
    4f4c:	e3500000 	cmp	r0, #0
    4f50:	1a000007 	bne	0x4f74
    4f54:	e5940014 	ldr	r0, [r4, #20]
    4f58:	e5840014 	str	r0, [r4, #20]
    4f5c:	e3a009ff 	mov	r0, #4177920	@ 0x3fc000
    4f60:	e3800fb4 	orr	r0, r0, #180, 30	@ 0x2d0
    4f64:	e30ccabc 	movw	ip, #51900	@ 0xcabc
    4f68:	e34ccdef 	movt	ip, #52719	@ 0xcdef
    4f6c:	e28dd004 	add	sp, sp, #4
    4f70:	e49df004 	pop	{pc}		@ (ldr pc, [sp], #4)
    4f74:	e59d0000 	ldr	r0, [sp]
    4f78:	e59d1004 	ldr	r1, [sp, #4]
    4f7c:	e59fc468 	ldr	ip, [pc, #1128]	@ 0x53ec
    4f80:	e12fff3c 	blx	ip
    4f84:	e28dd008 	add	sp, sp, #8
    4f88:	e12fff10 	bx	r0
    4f8c:	e92d4fc0 	push	{r6, r7, r8, r9, sl, fp, lr}
    4f90:	e24dd004 	sub	sp, sp, #4
    4f94:	ed2d8b02 	vpush	{d8}
    4f98:	e24dd018 	sub	sp, sp, #24
    4f9c:	e58d0000 	str	r0, [sp]
    4fa0:	e30cc123 	movw	ip, #49443	@ 0xc123
    4fa4:	e34cc456 	movt	ip, #50262	@ 0xc456
    4fa8:	ed948b01 	vldr	d8, [r4, #4]
    4fac:	e3a0e000 	mov	lr, #0
    4fb0:	e584e054 	str	lr, [r4, #84]	@ 0x54
    4fb4:	e595e03c 	ldr	lr, [r5, #60]	@ 0x3c
    4fb8:	e59e0008 	ldr	r0, [lr, #8]
    4fbc:	e2400f8c 	sub	r0, r0, #140, 30	@ 0x230
    4fc0:	e584001c 	str	r0, [r4, #28]
    4fc4:	e595103c 	ldr	r1, [r5, #60]	@ 0x3c
    4fc8:	e5810008 	str	r0, [r1, #8]
    4fcc:	e3a0e000 	mov	lr, #0
    4fd0:	e584e020 	str	lr, [r4, #32]
    4fd4:	e594101c 	ldr	r1, [r4, #28]
    4fd8:	e5950030 	ldr	r0, [r5, #48]	@ 0x30
    4fdc:	e59fe374 	ldr	lr, [pc, #884]	@ 0x5358
    4fe0:	e7f1e2fc 	udf	#7724	@ 0x1e2c
    4fe4:	2a00070f 	bcs	0x6c28
    4fe8:	e3a02000 	mov	r2, #0
    4fec:	e7d201f4 			@ <UNDEFINED> instruction: 0xe7d201f4
    4ff0:	ed848b01 	vstr	d8, [r4, #4]
    4ff4:	e59f03f4 	ldr	r0, [pc, #1012]	@ 0x53f0
    4ff8:	e1a01004 	mov	r1, r4
    4ffc:	e59d2000 	ldr	r2, [sp]
    5000:	e59fc3ec 	ldr	ip, [pc, #1004]	@ 0x53f4
    5004:	e12fff3c 	blx	ip
    5008:	e3500000 	cmp	r0, #0
    500c:	1a000708 	bne	0x6c34
    5010:	e59400a0 	ldr	r0, [r4, #160]	@ 0xa0
    5014:	e59410a4 	ldr	r1, [r4, #164]	@ 0xa4
    5018:	e1a02000 	mov	r2, r0
    501c:	e1a03001 	mov	r3, r1
    5020:	e3e0c000 	mvn	ip, #0
    5024:	e15c0000 	cmp	ip, r0
    5028:	e3e0c000 	mvn	ip, #0
    502c:	e0dcc001 	sbcs	ip, ip, r1
    5030:	ba000013 	blt	0x5084
    5034:	e3a0e001 	mov	lr, #1
    5038:	e584e024 	str	lr, [r4, #36]	@ 0x24
    503c:	e3a0eb40 	mov	lr, #64, 22	@ 0x10000
    5040:	e38ee2a0 	orr	lr, lr, #160, 4
    5044:	e584e028 	str	lr, [r4, #40]	@ 0x28
    5048:	eeb10b48 	vneg.f64	d0, d8
    504c:	eeb08b40 	vmov.f64	d8, d0
    5050:	ed840b28 	vstr	d0, [r4, #160]	@ 0xa0
    5054:	e59f039c 	ldr	r0, [pc, #924]	@ 0x53f8
    5058:	e1a01004 	mov	r1, r4
    505c:	e59d2000 	ldr	r2, [sp]
    5060:	e59fc394 	ldr	ip, [pc, #916]	@ 0x53fc
    5064:	e12fff3c 	blx	ip
    5068:	e3500000 	cmp	r0, #0
    506c:	1a0006f0 	bne	0x6c34
    5070:	e59400a0 	ldr	r0, [r4, #160]	@ 0xa0
    5074:	e59410a4 	ldr	r1, [r4, #164]	@ 0xa4
    5078:	e1a02000 	mov	r2, r0
    507c:	e1a03001 	mov	r3, r1
    5080:	ea000017 	b	0x50e4
    5084:	e594c014 	ldr	ip, [r4, #20]
    5088:	e31c0e80 	tst	ip, #128, 28	@ 0x800
    508c:	0a000005 	beq	0x50a8
    5090:	e3a0e001 	mov	lr, #1
    5094:	e584e024 	str	lr, [r4, #36]	@ 0x24
    5098:	e3a0eb40 	mov	lr, #64, 22	@ 0x10000
    509c:	e38ee2d0 	orr	lr, lr, #208, 4
    50a0:	e584e028 	str	lr, [r4, #40]	@ 0x28
    50a4:	ea00000e 	b	0x50e4
    50a8:	e594c014 	ldr	ip, [r4, #20]
    50ac:	e20c0001 	and	r0, ip, #1
    50b0:	e5840024 	str	r0, [r4, #36]	@ 0x24
    50b4:	e3500000 	cmp	r0, #0
    50b8:	e3a0eb40 	mov	lr, #64, 22	@ 0x10000
    50bc:	e38ee140 	orr	lr, lr, #64, 2
    50c0:	e3a0cb40 	mov	ip, #64, 22	@ 0x10000
    50c4:	e38cc2b0 	orr	ip, ip, #176, 4
    50c8:	01a0e00c 	moveq	lr, ip
    50cc:	e584e028 	str	lr, [r4, #40]	@ 0x28
    50d0:	e594c024 	ldr	ip, [r4, #36]	@ 0x24
    50d4:	e35c0000 	cmp	ip, #0
    50d8:	e3a0c000 	mov	ip, #0
    50dc:	03a0c001 	moveq	ip, #1
    50e0:	e584c020 	str	ip, [r4, #32]
    50e4:	e2022000 	and	r2, r2, #0
    50e8:	e3a0c207 	mov	ip, #1879048192	@ 0x70000000
    50ec:	e38cc6ff 	orr	ip, ip, #267386880	@ 0xff00000
    50f0:	e003300c 	and	r3, r3, ip
    50f4:	e3a0c207 	mov	ip, #1879048192	@ 0x70000000
    50f8:	e38cc6ff 	orr	ip, ip, #267386880	@ 0xff00000
    50fc:	e153000c 	cmp	r3, ip
    5100:	1a000000 	bne	0x5108
    5104:	e3520000 	cmp	r2, #0
    5108:	1a000045 	bne	0x5224
    510c:	e594c024 	ldr	ip, [r4, #36]	@ 0x24
    5110:	e28c0003 	add	r0, ip, #3
    5114:	e1a08000 	mov	r8, r0
    5118:	e594c014 	ldr	ip, [r4, #20]
    511c:	e3cc1b40 	bic	r1, ip, #64, 22	@ 0x10000
    5120:	e3a0e020 	mov	lr, #32
    5124:	e584e0a4 	str	lr, [r4, #164]	@ 0xa4
    5128:	e58400ac 	str	r0, [r4, #172]	@ 0xac
    512c:	e58410b0 	str	r1, [r4, #176]	@ 0xb0
    5130:	e59f02c8 	ldr	r0, [pc, #712]	@ 0x5400
    5134:	e1a01004 	mov	r1, r4
    5138:	e59d2000 	ldr	r2, [sp]
    513c:	e59fc2c0 	ldr	ip, [pc, #704]	@ 0x5404
    5140:	e12fff3c 	blx	ip
    5144:	e3500000 	cmp	r0, #0
    5148:	1a0006b9 	bne	0x6c34
    514c:	e59f02b4 	ldr	r0, [pc, #692]	@ 0x5408
    5150:	e1a01004 	mov	r1, r4
    5154:	e59d2000 	ldr	r2, [sp]
    5158:	e59fc2ac 	ldr	ip, [pc, #684]	@ 0x540c
    515c:	e12fff3c 	blx	ip
    5160:	e3500000 	cmp	r0, #0
    5164:	1a0006b2 	bne	0x6c34
    5168:	e594c018 	ldr	ip, [r4, #24]
    516c:	e20c0020 	and	r0, ip, #32
    5170:	e1a01000 	mov	r1, r0
    5174:	e3500000 	cmp	r0, #0
    5178:	e3a02b40 	mov	r2, #64, 22	@ 0x10000
    517c:	e3822174 	orr	r2, r2, #116, 2
    5180:	e3a0cb40 	mov	ip, #64, 22	@ 0x10000
    5184:	e38cc194 	orr	ip, ip, #148, 2	@ 0x25
    5188:	01a0200c 	moveq	r2, ip
    518c:	e3510000 	cmp	r1, #0
    5190:	e3a00b40 	mov	r0, #64, 22	@ 0x10000
    5194:	e3800184 	orr	r0, r0, #132, 2	@ 0x21
    5198:	e3a0cb40 	mov	ip, #64, 22	@ 0x10000
    519c:	e38cc1a4 	orr	ip, ip, #164, 2	@ 0x29
    51a0:	01a0000c 	moveq	r0, ip
    51a4:	eeb48b48 	vcmp.f64	d8, d8
    51a8:	eef1fa10 	vmrs	APSR_nzcv, fpscr
    51ac:	01a02000 	moveq	r2, r0
    51b0:	e58420a4 	str	r2, [r4, #164]	@ 0xa4
    51b4:	e3a0e003 	mov	lr, #3
    51b8:	e584e0a8 	str	lr, [r4, #168]	@ 0xa8
    51bc:	e59f024c 	ldr	r0, [pc, #588]	@ 0x5410
    51c0:	e1a01004 	mov	r1, r4
    51c4:	e59d2000 	ldr	r2, [sp]
    51c8:	e59fc244 	ldr	ip, [pc, #580]	@ 0x5414
    51cc:	e12fff3c 	blx	ip
    51d0:	e3500000 	cmp	r0, #0
    51d4:	1a000696 	bne	0x6c34
    51d8:	e594c014 	ldr	ip, [r4, #20]
    51dc:	e22c0d80 	eor	r0, ip, #128, 26	@ 0x2000
    51e0:	e3a0e020 	mov	lr, #32
    51e4:	e584e0a4 	str	lr, [r4, #164]	@ 0xa4
    51e8:	e584802c 	str	r8, [r4, #44]	@ 0x2c
    51ec:	e58400b0 	str	r0, [r4, #176]	@ 0xb0
    51f0:	e59f0220 	ldr	r0, [pc, #544]	@ 0x5418
    51f4:	e1a01004 	mov	r1, r4
    51f8:	e59d2000 	ldr	r2, [sp]
    51fc:	e59fc218 	ldr	ip, [pc, #536]	@ 0x541c
    5200:	e12fff3c 	blx	ip
    5204:	e3500000 	cmp	r0, #0
    5208:	1a000689 	bne	0x6c34
    520c:	e594c00c 	ldr	ip, [r4, #12]
    5210:	e15c0008 	cmp	ip, r8
    5214:	e594e00c 	ldr	lr, [r4, #12]
    5218:	d1a0e008 	movle	lr, r8
    521c:	e584e034 	str	lr, [r4, #52]	@ 0x34
    5220:	ea000673 	b	0x6bf4
    5224:	e594c01c 	ldr	ip, [r4, #28]
    5228:	e28ce010 	add	lr, ip, #16
    522c:	e584e038 	str	lr, [r4, #56]	@ 0x38
    5230:	e594c01c 	ldr	ip, [r4, #28]
    5234:	e28c002c 	add	r0, ip, #44	@ 0x2c
    5238:	ed848b01 	vstr	d8, [r4, #4]
    523c:	e58400a8 	str	r0, [r4, #168]	@ 0xa8
    5240:	e59f01d8 	ldr	r0, [pc, #472]	@ 0x5420
    5244:	e1a01004 	mov	r1, r4
    5248:	e59d2000 	ldr	r2, [sp]
    524c:	e59fc1d0 	ldr	ip, [pc, #464]	@ 0x5424
    5250:	e12fff3c 	blx	ip
    5254:	e3500000 	cmp	r0, #0
    5258:	1a000675 	bne	0x6c34
    525c:	ed940b28 	vldr	d0, [r4, #160]	@ 0xa0
    5260:	eeb01b40 	vmov.f64	d1, d0
    5264:	ee300b01 	vadd.f64	d0, d0, d1
    5268:	eeb08b40 	vmov.f64	d8, d0
    526c:	e3a0c000 	mov	ip, #0
    5270:	ec4cca11 	vmov	s2, s3, ip, ip
    5274:	eeb40b41 	vcmp.f64	d0, d1
    5278:	eef1fa10 	vmrs	APSR_nzcv, fpscr
    527c:	0a000013 	beq	0x52d0
    5280:	e594201c 	ldr	r2, [r4, #28]
    5284:	e5951030 	ldr	r1, [r5, #48]	@ 0x30
    5288:	e59fe0c8 	ldr	lr, [pc, #200]	@ 0x5358
    528c:	e7f2e2fc 	udf	#11820	@ 0x2e2c
    5290:	2a000664 	bcs	0x6c28
    5294:	e7e012f4 			@ <UNDEFINED> instruction: 0xe7e012f4
    5298:	e1a01000 	mov	r1, r0
    529c:	e2400001 	sub	r0, r0, #1
    52a0:	e594301c 	ldr	r3, [r4, #28]
    52a4:	e5952030 	ldr	r2, [r5, #48]	@ 0x30
    52a8:	e59fe0a8 	ldr	lr, [pc, #168]	@ 0x5358
    52ac:	e7f3e2fc 	udf	#15916	@ 0x3e2c
    52b0:	2a00065c 	bcs	0x6c28
    52b4:	e7d023f4 			@ <UNDEFINED> instruction: 0xe7d023f4
    52b8:	e594c018 	ldr	ip, [r4, #24]
    52bc:	e38c0020 	orr	r0, ip, #32
    52c0:	e584003c 	str	r0, [r4, #60]	@ 0x3c
    52c4:	e3500061 	cmp	r0, #97	@ 0x61
    52c8:	1a000013 	bne	0x531c
    52cc:	ea000528 	b	0x6774
    52d0:	e594c018 	ldr	ip, [r4, #24]
    52d4:	e38c0020 	orr	r0, ip, #32
    52d8:	e584003c 	str	r0, [r4, #60]	@ 0x3c
    52dc:	e3500061 	cmp	r0, #97	@ 0x61
    52e0:	0a000523 	beq	0x6774
    52e4:	e594c010 	ldr	ip, [r4, #16]
    52e8:	e35c0000 	cmp	ip, #0
    52ec:	e3a0e006 	mov	lr, #6
    52f0:	e594c010 	ldr	ip, [r4, #16]
    52f4:	a1a0e00c 	movge	lr, ip
    52f8:	e584e040 	str	lr, [r4, #64]	@ 0x40
    52fc:	e594201c 	ldr	r2, [r4, #28]
    5300:	e5950030 	ldr	r0, [r5, #48]	@ 0x30
    5304:	e59fe04c 	ldr	lr, [pc, #76]	@ 0x5358
    5308:	e7f2e2fc 	udf	#11820	@ 0x2e2c
    530c:	2a000645 	bcs	0x6c28
    5310:	e7ee02f4 			@ <UNDEFINED> instruction: 0xe7ee02f4
    5314:	e584e044 	str	lr, [r4, #68]	@ 0x44
    5318:	ea00004e 	b	0x5458
    531c:	e241101d 	sub	r1, r1, #29
    5320:	e5841044 	str	r1, [r4, #68]	@ 0x44
    5324:	e594201c 	ldr	r2, [r4, #28]
    5328:	e5950030 	ldr	r0, [r5, #48]	@ 0x30
    532c:	e59fe024 	ldr	lr, [pc, #36]	@ 0x5358
    5330:	e7f2e2fc 	udf	#11820	@ 0x2e2c
    5334:	2a00063b 	bcs	0x6c28
    5338:	ea00003a 	b	0x5428
	...
    5358:	0101fffc 	strdeq	pc, [r1, -ip]
    535c:	0101fff8 	strdeq	pc, [r1, -r8]
    5360:	003ff494 	mlaseq	pc, r4, r4, pc	@ <UNPREDICTABLE>
    5364:	003ff4d4 	ldrsbteq	pc, [pc], -r4	@ <UNPREDICTABLE>
    5368:	003ff528 	eorseq	pc, pc, r8, lsr #10
    536c:	0101fffe 	strdeq	pc, [r1, -lr]
    5370:	003ff568 	eorseq	pc, pc, r8, ror #10
    5374:	003ff5a8 	eorseq	pc, pc, r8, lsr #11
    5378:	003ff5e8 	eorseq	pc, pc, r8, ror #11
    537c:	003ff628 	eorseq	pc, pc, r8, lsr #12
    5380:	003ff67c 	eorseq	pc, pc, ip, ror r6	@ <UNPREDICTABLE>
    5384:	003ff6bc 	ldrhteq	pc, [pc], -ip	@ <UNPREDICTABLE>
    5388:	003ff710 	eorseq	pc, pc, r0, lsl r7	@ <UNPREDICTABLE>
    538c:	003ff764 	eorseq	pc, pc, r4, ror #14
    5390:	003ff7a4 	eorseq	pc, pc, r4, lsr #15
    5394:	003ff7e4 	eorseq	pc, pc, r4, ror #15
    5398:	003ff838 	eorseq	pc, pc, r8, lsr r8	@ <UNPREDICTABLE>
    539c:	00048c48 	andeq	r8, r4, r8, asr #24
    53a0:	003ff858 	eorseq	pc, pc, r8, asr r8	@ <UNPREDICTABLE>
    53a4:	00048004 	andeq	r8, r4, r4
    53a8:	003faa3c 	eorseq	sl, pc, ip, lsr sl	@ <UNPREDICTABLE>
    53ac:	00048004 	andeq	r8, r4, r4
    53b0:	003fbdc4 	eorseq	fp, pc, r4, asr #27
    53b4:	00048004 	andeq	r8, r4, r4
    53b8:	00047e9c 	muleq	r4, ip, lr
    53bc:	001f54c0 	andseq	r5, pc, r0, asr #9
    53c0:	003ff1ac 	eorseq	pc, pc, ip, lsr #3
    53c4:	00048004 	andeq	r8, r4, r4
    53c8:	003fb4d4 	ldrsbteq	fp, [pc], -r4
    53cc:	0004890c 	andeq	r8, r4, ip, lsl #18
    53d0:	003fb4f4 	ldrshteq	fp, [pc], -r4
    53d4:	0004890c 	andeq	r8, r4, ip, lsl #18
    53d8:	003fb534 	eorseq	fp, pc, r4, lsr r5	@ <UNPREDICTABLE>
    53dc:	0004890c 	andeq	r8, r4, ip, lsl #18
    53e0:	003fb568 	eorseq	fp, pc, r8, ror #10
    53e4:	00048004 	andeq	r8, r4, r4
    53e8:	0004890c 	andeq	r8, r4, ip, lsl #18
    53ec:	00048004 	andeq	r8, r4, r4
    53f0:	00407a2c 	subeq	r7, r0, ip, lsr #20
    53f4:	0004890c 	andeq	r8, r4, ip, lsl #18
    53f8:	00407a80 	subeq	r7, r0, r0, lsl #21
    53fc:	0004890c 	andeq	r8, r4, ip, lsl #18
    5400:	00407ba4 	subeq	r7, r0, r4, lsr #23
    5404:	0004890c 	andeq	r8, r4, ip, lsl #18
    5408:	00407bbc 	strheq	r7, [r0], #-188	@ 0xffffff44
    540c:	0004890c 	andeq	r8, r4, ip, lsl #18
    5410:	00407c68 	subeq	r7, r0, r8, ror #24
    5414:	0004890c 	andeq	r8, r4, ip, lsl #18
    5418:	00407ca0 	subeq	r7, r0, r0, lsr #25
    541c:	0004890c 	andeq	r8, r4, ip, lsl #18
    5420:	00407d0c 	subeq	r7, r0, ip, lsl #26
    5424:	0004890c 	andeq	r8, r4, ip, lsl #18
    5428:	e7d102f4 			@ <UNDEFINED> instruction: 0xe7d102f4
    542c:	e594c010 	ldr	ip, [r4, #16]
    5430:	e35c0000 	cmp	ip, #0
    5434:	e3a0e006 	mov	lr, #6
    5438:	e594c010 	ldr	ip, [r4, #16]
    543c:	a1a0e00c 	movge	lr, ip
    5440:	e584e040 	str	lr, [r4, #64]	@ 0x40
    5444:	e3a0c000 	mov	ip, #0
    5448:	e3a0e204 	mov	lr, #4, 4	@ 0x40000000
    544c:	e38ee61b 	orr	lr, lr, #28311552	@ 0x1b00000
    5450:	ec4eca10 	vmov	s0, s1, ip, lr
    5454:	ee288b00 	vmul.f64	d8, d8, d0
    5458:	e594c01c 	ldr	ip, [r4, #28]
    545c:	e28c0030 	add	r0, ip, #48	@ 0x30
    5460:	e594c044 	ldr	ip, [r4, #68]	@ 0x44
    5464:	e35c0000 	cmp	ip, #0
    5468:	e3a01000 	mov	r1, #0
    546c:	a3a01f48 	movge	r1, #72, 30	@ 0x120
    5470:	e0800001 	add	r0, r0, r1
    5474:	e5840048 	str	r0, [r4, #72]	@ 0x48
    5478:	e5840030 	str	r0, [r4, #48]	@ 0x30
    547c:	eeb00b48 	vmov.f64	d0, d8
    5480:	ec510a10 	vmov	r0, r1, s0, s1
    5484:	e59fcfec 	ldr	ip, [pc, #4076]	@ 0x6478
    5488:	e12fff3c 	blx	ip
    548c:	e1a01000 	mov	r1, r0
    5490:	e5943030 	ldr	r3, [r4, #48]	@ 0x30
    5494:	e5952030 	ldr	r2, [r5, #48]	@ 0x30
    5498:	e59fcfdc 	ldr	ip, [pc, #4060]	@ 0x647c
    549c:	e153000c 	cmp	r3, ip
    54a0:	8a0005e0 	bhi	0x6c28
    54a4:	e7d023f4 			@ <UNDEFINED> instruction: 0xe7d023f4
    54a8:	e594c030 	ldr	ip, [r4, #48]	@ 0x30
    54ac:	e28ce004 	add	lr, ip, #4
    54b0:	e584e030 	str	lr, [r4, #48]	@ 0x30
    54b4:	ee071a10 	vmov	s14, r1
    54b8:	eeb80b47 	vcvt.f64.u32	d0, s14
    54bc:	ee380b40 	vsub.f64	d0, d8, d0
    54c0:	e3a0c000 	mov	ip, #0
    54c4:	e59fefb4 	ldr	lr, [pc, #4020]	@ 0x6480
    54c8:	ec4eca11 	vmov	s2, s3, ip, lr
    54cc:	ee200b01 	vmul.f64	d0, d0, d1
    54d0:	eeb08b40 	vmov.f64	d8, d0
    54d4:	e3a0c000 	mov	ip, #0
    54d8:	ec4cca11 	vmov	s2, s3, ip, ip
    54dc:	eeb40b41 	vcmp.f64	d0, d1
    54e0:	eef1fa10 	vmrs	APSR_nzcv, fpscr
    54e4:	1affffe4 	bne	0x547c
    54e8:	e594c044 	ldr	ip, [r4, #68]	@ 0x44
    54ec:	e35c0001 	cmp	ip, #1
    54f0:	aa000006 	bge	0x5510
    54f4:	e594e044 	ldr	lr, [r4, #68]	@ 0x44
    54f8:	e584e04c 	str	lr, [r4, #76]	@ 0x4c
    54fc:	e594e030 	ldr	lr, [r4, #48]	@ 0x30
    5500:	e584e02c 	str	lr, [r4, #44]	@ 0x2c
    5504:	e594e048 	ldr	lr, [r4, #72]	@ 0x48
    5508:	e584e050 	str	lr, [r4, #80]	@ 0x50
    550c:	ea00007e 	b	0x570c
    5510:	e594e048 	ldr	lr, [r4, #72]	@ 0x48
    5514:	e584e050 	str	lr, [r4, #80]	@ 0x50
    5518:	e594e044 	ldr	lr, [r4, #68]	@ 0x44
    551c:	e584e04c 	str	lr, [r4, #76]	@ 0x4c
    5520:	e594c04c 	ldr	ip, [r4, #76]	@ 0x4c
    5524:	e35c001d 	cmp	ip, #29
    5528:	e3a0e01d 	mov	lr, #29
    552c:	e594c04c 	ldr	ip, [r4, #76]	@ 0x4c
    5530:	31a0e00c 	movcc	lr, ip
    5534:	e584e04c 	str	lr, [r4, #76]	@ 0x4c
    5538:	e594c030 	ldr	ip, [r4, #48]	@ 0x30
    553c:	e24c0004 	sub	r0, ip, #4
    5540:	e1a09000 	mov	r9, r0
    5544:	e594c050 	ldr	ip, [r4, #80]	@ 0x50
    5548:	e150000c 	cmp	r0, ip
    554c:	3a000049 	bcc	0x5678
    5550:	e594704c 	ldr	r7, [r4, #76]	@ 0x4c
    5554:	e3a08000 	mov	r8, #0
    5558:	e3a06000 	mov	r6, #0
    555c:	e3a03000 	mov	r3, #0
    5560:	e1a0a009 	mov	sl, r9
    5564:	e5952030 	ldr	r2, [r5, #48]	@ 0x30
    5568:	e59fcf0c 	ldr	ip, [pc, #3852]	@ 0x647c
    556c:	e15a000c 	cmp	sl, ip
    5570:	8a0005ac 	bhi	0x6c28
    5574:	e792000a 	ldr	r0, [r2, sl]
    5578:	e3a01000 	mov	r1, #0
    557c:	e1a02007 	mov	r2, r7
    5580:	e3120020 	tst	r2, #32
    5584:	1a000006 	bne	0x55a4
    5588:	e202201f 	and	r2, r2, #31
    558c:	e1a01211 	lsl	r1, r1, r2
    5590:	e1a0c0a0 	lsr	ip, r0, #1
    5594:	e222e01f 	eor	lr, r2, #31
    5598:	e1811e3c 	orr	r1, r1, ip, lsr lr
    559c:	e1a00210 	lsl	r0, r0, r2
    55a0:	ea000002 	b	0x55b0
    55a4:	e202e01f 	and	lr, r2, #31
    55a8:	e1a01e10 	lsl	r1, r0, lr
    55ac:	e3a00000 	mov	r0, #0
    55b0:	e090a006 	adds	sl, r0, r6
    55b4:	e0a1b003 	adc	fp, r1, r3
    55b8:	e584a074 	str	sl, [r4, #116]	@ 0x74
    55bc:	e584b078 	str	fp, [r4, #120]	@ 0x78
    55c0:	e59feebc 	ldr	lr, [pc, #3772]	@ 0x6484
    55c4:	e58de00c 	str	lr, [sp, #12]
    55c8:	e3a0e000 	mov	lr, #0
    55cc:	e58de010 	str	lr, [sp, #16]
    55d0:	e2840074 	add	r0, r4, #116	@ 0x74
    55d4:	e28d100c 	add	r1, sp, #12
    55d8:	e28d2004 	add	r2, sp, #4
    55dc:	e59fcea4 	ldr	ip, [pc, #3748]	@ 0x6488
    55e0:	e12fff3c 	blx	ip
    55e4:	e59d0004 	ldr	r0, [sp, #4]
    55e8:	e59d1008 	ldr	r1, [sp, #8]
    55ec:	e1a06000 	mov	r6, r0
    55f0:	e1a03001 	mov	r3, r1
    55f4:	e1a02001 	mov	r2, r1
    55f8:	e59f1e84 	ldr	r1, [pc, #3716]	@ 0x6484
    55fc:	e0020192 	mul	r2, r2, r1
    5600:	e0810091 	umull	r0, r1, r1, r0
    5604:	e0822001 	add	r2, r2, r1
    5608:	e1a01002 	mov	r1, r2
    560c:	e05aa000 	subs	sl, sl, r0
    5610:	e0cbb001 	sbc	fp, fp, r1
    5614:	e1a01009 	mov	r1, r9
    5618:	e5950030 	ldr	r0, [r5, #48]	@ 0x30
    561c:	e59fce58 	ldr	ip, [pc, #3672]	@ 0x647c
    5620:	e151000c 	cmp	r1, ip
    5624:	8a00057f 	bhi	0x6c28
    5628:	e780a001 	str	sl, [r0, r1]
    562c:	e2490004 	sub	r0, r9, #4
    5630:	e1a09000 	mov	r9, r0
    5634:	e594c050 	ldr	ip, [r4, #80]	@ 0x50
    5638:	e150000c 	cmp	r0, ip
    563c:	2affffc7 	bcs	0x5560
    5640:	e594c074 	ldr	ip, [r4, #116]	@ 0x74
    5644:	e59fee38 	ldr	lr, [pc, #3640]	@ 0x6484
    5648:	e15c000e 	cmp	ip, lr
    564c:	e594c078 	ldr	ip, [r4, #120]	@ 0x78
    5650:	e2dcc000 	sbcs	ip, ip, #0
    5654:	3a000007 	bcc	0x5678
    5658:	e594c050 	ldr	ip, [r4, #80]	@ 0x50
    565c:	e24c0004 	sub	r0, ip, #4
    5660:	e5840050 	str	r0, [r4, #80]	@ 0x50
    5664:	e5951030 	ldr	r1, [r5, #48]	@ 0x30
    5668:	e59fce0c 	ldr	ip, [pc, #3596]	@ 0x647c
    566c:	e150000c 	cmp	r0, ip
    5670:	8a00056c 	bhi	0x6c28
    5674:	e7816000 	str	r6, [r1, r0]
    5678:	e594e030 	ldr	lr, [r4, #48]	@ 0x30
    567c:	e584e02c 	str	lr, [r4, #44]	@ 0x2c
    5680:	e594e050 	ldr	lr, [r4, #80]	@ 0x50
    5684:	e594c030 	ldr	ip, [r4, #48]	@ 0x30
    5688:	e15c000e 	cmp	ip, lr
    568c:	9a00000a 	bls	0x56bc
    5690:	e594c02c 	ldr	ip, [r4, #44]	@ 0x2c
    5694:	e24c0004 	sub	r0, ip, #4
    5698:	e5840030 	str	r0, [r4, #48]	@ 0x30
    569c:	e1a02000 	mov	r2, r0
    56a0:	e5951030 	ldr	r1, [r5, #48]	@ 0x30
    56a4:	e59fcdd0 	ldr	ip, [pc, #3536]	@ 0x647c
    56a8:	e152000c 	cmp	r2, ip
    56ac:	8a00055d 	bhi	0x6c28
    56b0:	e7e012f4 			@ <UNDEFINED> instruction: 0xe7e012f4
    56b4:	e3500000 	cmp	r0, #0
    56b8:	0affffee 	beq	0x5678
    56bc:	e594201c 	ldr	r2, [r4, #28]
    56c0:	e5951030 	ldr	r1, [r5, #48]	@ 0x30
    56c4:	e59fedb0 	ldr	lr, [pc, #3504]	@ 0x647c
    56c8:	e7f2e2fc 	udf	#11820	@ 0x2e2c
    56cc:	2a000555 	bcs	0x6c28
    56d0:	e7e012f4 			@ <UNDEFINED> instruction: 0xe7e012f4
    56d4:	e594c04c 	ldr	ip, [r4, #76]	@ 0x4c
    56d8:	e040000c 	sub	r0, r0, ip
    56dc:	e584004c 	str	r0, [r4, #76]	@ 0x4c
    56e0:	e594201c 	ldr	r2, [r4, #28]
    56e4:	e5951030 	ldr	r1, [r5, #48]	@ 0x30
    56e8:	e59fed8c 	ldr	lr, [pc, #3468]	@ 0x647c
    56ec:	e7f2e2fc 	udf	#11820	@ 0x2e2c
    56f0:	2a00054c 	bcs	0x6c28
    56f4:	e7d012f4 			@ <UNDEFINED> instruction: 0xe7d012f4
    56f8:	e594e02c 	ldr	lr, [r4, #44]	@ 0x2c
    56fc:	e584e030 	str	lr, [r4, #48]	@ 0x30
    5700:	e594c04c 	ldr	ip, [r4, #76]	@ 0x4c
    5704:	e35c0000 	cmp	ip, #0
    5708:	caffff84 	bgt	0x5520
    570c:	e594c04c 	ldr	ip, [r4, #76]	@ 0x4c
    5710:	e37c0001 	cmn	ip, #1
    5714:	ca00007c 	bgt	0x590c
    5718:	e594c040 	ldr	ip, [r4, #64]	@ 0x40
    571c:	e28c0019 	add	r0, ip, #25
    5720:	e3a01009 	mov	r1, #9
    5724:	e52d3010 	str	r3, [sp, #-16]!
    5728:	e58d2004 	str	r2, [sp, #4]
    572c:	e58d1008 	str	r1, [sp, #8]
    5730:	e59fcd54 	ldr	ip, [pc, #3412]	@ 0x648c
    5734:	e12fff3c 	blx	ip
    5738:	e59d1008 	ldr	r1, [sp, #8]
    573c:	e59d2004 	ldr	r2, [sp, #4]
    5740:	e49d3010 	ldr	r3, [sp], #16
    5744:	e280e001 	add	lr, r0, #1
    5748:	e584e054 	str	lr, [r4, #84]	@ 0x54
    574c:	e594c03c 	ldr	ip, [r4, #60]	@ 0x3c
    5750:	e35c0066 	cmp	ip, #102	@ 0x66
    5754:	e3a0c000 	mov	ip, #0
    5758:	03a0c001 	moveq	ip, #1
    575c:	e584c058 	str	ip, [r4, #88]	@ 0x58
    5760:	e594c04c 	ldr	ip, [r4, #76]	@ 0x4c
    5764:	e26c1000 	rsb	r1, ip, #0
    5768:	e1a02001 	mov	r2, r1
    576c:	e3520009 	cmp	r2, #9
    5770:	23a01009 	movcs	r1, #9
    5774:	e594e02c 	ldr	lr, [r4, #44]	@ 0x2c
    5778:	e594c050 	ldr	ip, [r4, #80]	@ 0x50
    577c:	e15c000e 	cmp	ip, lr
    5780:	3a000009 	bcc	0x57ac
    5784:	e5946050 	ldr	r6, [r4, #80]	@ 0x50
    5788:	e5953030 	ldr	r3, [r5, #48]	@ 0x30
    578c:	e59fcce8 	ldr	ip, [pc, #3304]	@ 0x647c
    5790:	e156000c 	cmp	r6, ip
    5794:	8a000523 	bhi	0x6c28
    5798:	e7e236f4 			@ <UNDEFINED> instruction: 0xe7e236f4
    579c:	e3520000 	cmp	r2, #0
    57a0:	e3a03000 	mov	r3, #0
    57a4:	03a03004 	moveq	r3, #4
    57a8:	ea000033 	b	0x587c
    57ac:	e59fccd0 	ldr	ip, [pc, #3280]	@ 0x6484
    57b0:	e201e01f 	and	lr, r1, #31
    57b4:	e1a02e3c 	lsr	r2, ip, lr
    57b8:	e3e0c000 	mvn	ip, #0
    57bc:	e201e01f 	and	lr, r1, #31
    57c0:	e1a06e1c 	lsl	r6, ip, lr
    57c4:	e1e06006 	mvn	r6, r6
    57c8:	e3a07000 	mov	r7, #0
    57cc:	e5948050 	ldr	r8, [r4, #80]	@ 0x50
    57d0:	e1a0b008 	mov	fp, r8
    57d4:	e595a030 	ldr	sl, [r5, #48]	@ 0x30
    57d8:	e59fcc9c 	ldr	ip, [pc, #3228]	@ 0x647c
    57dc:	e15b000c 	cmp	fp, ip
    57e0:	8a000510 	bhi	0x6c28
    57e4:	e7e9abf4 			@ <UNDEFINED> instruction: 0xe7e9abf4
    57e8:	e1a0a009 	mov	sl, r9
    57ec:	e201e01f 	and	lr, r1, #31
    57f0:	e1a09e39 	lsr	r9, r9, lr
    57f4:	e0899007 	add	r9, r9, r7
    57f8:	e1a00008 	mov	r0, r8
    57fc:	e595b030 	ldr	fp, [r5, #48]	@ 0x30
    5800:	e59fcc74 	ldr	ip, [pc, #3188]	@ 0x647c
    5804:	e150000c 	cmp	r0, ip
    5808:	8a000506 	bhi	0x6c28
    580c:	e7d9b0f4 			@ <UNDEFINED> instruction: 0xe7d9b0f4
    5810:	e00aa006 	and	sl, sl, r6
    5814:	e007029a 	mul	r7, sl, r2
    5818:	e2880004 	add	r0, r8, #4
    581c:	e1a08000 	mov	r8, r0
    5820:	e594c02c 	ldr	ip, [r4, #44]	@ 0x2c
    5824:	e150000c 	cmp	r0, ip
    5828:	3affffe8 	bcc	0x57d0
    582c:	e5946050 	ldr	r6, [r4, #80]	@ 0x50
    5830:	e5952030 	ldr	r2, [r5, #48]	@ 0x30
    5834:	e59fcc40 	ldr	ip, [pc, #3136]	@ 0x647c
    5838:	e156000c 	cmp	r6, ip
    583c:	8a0004f9 	bhi	0x6c28
    5840:	e7e026f4 			@ <UNDEFINED> instruction: 0xe7e026f4
    5844:	e3500000 	cmp	r0, #0
    5848:	e3a03000 	mov	r3, #0
    584c:	03a03004 	moveq	r3, #4
    5850:	e3570000 	cmp	r7, #0
    5854:	0a000008 	beq	0x587c
    5858:	e594202c 	ldr	r2, [r4, #44]	@ 0x2c
    585c:	e5950030 	ldr	r0, [r5, #48]	@ 0x30
    5860:	e59fcc14 	ldr	ip, [pc, #3092]	@ 0x647c
    5864:	e152000c 	cmp	r2, ip
    5868:	8a0004ee 	bhi	0x6c28
    586c:	e7d702f4 			@ <UNDEFINED> instruction: 0xe7d702f4
    5870:	e594c02c 	ldr	ip, [r4, #44]	@ 0x2c
    5874:	e28ce004 	add	lr, ip, #4
    5878:	e584e02c 	str	lr, [r4, #44]	@ 0x2c
    587c:	e594601c 	ldr	r6, [r4, #28]
    5880:	e5952030 	ldr	r2, [r5, #48]	@ 0x30
    5884:	e59febf0 	ldr	lr, [pc, #3056]	@ 0x647c
    5888:	e7f6e2fc 	udf	#28204	@ 0x6e2c
    588c:	2a0004e5 	bcs	0x6c28
    5890:	e7e026f4 			@ <UNDEFINED> instruction: 0xe7e026f4
    5894:	e0800001 	add	r0, r0, r1
    5898:	e584004c 	str	r0, [r4, #76]	@ 0x4c
    589c:	e594201c 	ldr	r2, [r4, #28]
    58a0:	e5951030 	ldr	r1, [r5, #48]	@ 0x30
    58a4:	e59febd0 	ldr	lr, [pc, #3024]	@ 0x647c
    58a8:	e7f2e2fc 	udf	#11820	@ 0x2e2c
    58ac:	2a0004dd 	bcs	0x6c28
    58b0:	e7d012f4 			@ <UNDEFINED> instruction: 0xe7d012f4
    58b4:	e594c050 	ldr	ip, [r4, #80]	@ 0x50
    58b8:	e08c3003 	add	r3, ip, r3
    58bc:	e5843050 	str	r3, [r4, #80]	@ 0x50
    58c0:	e594c058 	ldr	ip, [r4, #88]	@ 0x58
    58c4:	e35c0000 	cmp	ip, #0
    58c8:	e594c048 	ldr	ip, [r4, #72]	@ 0x48
    58cc:	11a0300c 	movne	r3, ip
    58d0:	e1a00003 	mov	r0, r3
    58d4:	e594c054 	ldr	ip, [r4, #84]	@ 0x54
    58d8:	e1a0110c 	lsl	r1, ip, #2
    58dc:	e0833001 	add	r3, r3, r1
    58e0:	e594c02c 	ldr	ip, [r4, #44]	@ 0x2c
    58e4:	e04c0000 	sub	r0, ip, r0
    58e8:	e1a00140 	asr	r0, r0, #2
    58ec:	e594c054 	ldr	ip, [r4, #84]	@ 0x54
    58f0:	e150000c 	cmp	r0, ip
    58f4:	e594e02c 	ldr	lr, [r4, #44]	@ 0x2c
    58f8:	c1a0e003 	movgt	lr, r3
    58fc:	e584e02c 	str	lr, [r4, #44]	@ 0x2c
    5900:	e594c04c 	ldr	ip, [r4, #76]	@ 0x4c
    5904:	e35c0000 	cmp	ip, #0
    5908:	baffff94 	blt	0x5760
    590c:	e3a06000 	mov	r6, #0
    5910:	e594e02c 	ldr	lr, [r4, #44]	@ 0x2c
    5914:	e594c050 	ldr	ip, [r4, #80]	@ 0x50
    5918:	e15c000e 	cmp	ip, lr
    591c:	2a000015 	bcs	0x5978
    5920:	e594e050 	ldr	lr, [r4, #80]	@ 0x50
    5924:	e594c048 	ldr	ip, [r4, #72]	@ 0x48
    5928:	e04c000e 	sub	r0, ip, lr
    592c:	e1a00140 	asr	r0, r0, #2
    5930:	e3a0c009 	mov	ip, #9
    5934:	e0060c90 	mul	r6, r0, ip
    5938:	e3a0000a 	mov	r0, #10
    593c:	e5943050 	ldr	r3, [r4, #80]	@ 0x50
    5940:	e5952030 	ldr	r2, [r5, #48]	@ 0x30
    5944:	e59fcb30 	ldr	ip, [pc, #2864]	@ 0x647c
    5948:	e153000c 	cmp	r3, ip
    594c:	8a0004b5 	bhi	0x6c28
    5950:	e7e123f4 			@ <UNDEFINED> instruction: 0xe7e123f4
    5954:	e1a02001 	mov	r2, r1
    5958:	e351000a 	cmp	r1, #10
    595c:	3a000005 	bcc	0x5978
    5960:	e2866001 	add	r6, r6, #1
    5964:	e3a0c00a 	mov	ip, #10
    5968:	e0010c90 	mul	r1, r0, ip
    596c:	e1a00001 	mov	r0, r1
    5970:	e1520001 	cmp	r2, r1
    5974:	2afffff9 	bcs	0x5960
    5978:	e594c03c 	ldr	ip, [r4, #60]	@ 0x3c
    597c:	e35c0066 	cmp	ip, #102	@ 0x66
    5980:	e3a00000 	mov	r0, #0
    5984:	11a00006 	movne	r0, r6
    5988:	e594c040 	ldr	ip, [r4, #64]	@ 0x40
    598c:	e04c0000 	sub	r0, ip, r0
    5990:	e594c040 	ldr	ip, [r4, #64]	@ 0x40
    5994:	e35c0000 	cmp	ip, #0
    5998:	e3a01000 	mov	r1, #0
    599c:	13a01001 	movne	r1, #1
    59a0:	e594c03c 	ldr	ip, [r4, #60]	@ 0x3c
    59a4:	e35c0067 	cmp	ip, #103	@ 0x67
    59a8:	e3a02000 	mov	r2, #0
    59ac:	03a02001 	moveq	r2, #1
    59b0:	e0011002 	and	r1, r1, r2
    59b4:	e0400001 	sub	r0, r0, r1
    59b8:	e1a01000 	mov	r1, r0
    59bc:	e594e048 	ldr	lr, [r4, #72]	@ 0x48
    59c0:	e594c02c 	ldr	ip, [r4, #44]	@ 0x2c
    59c4:	e04c200e 	sub	r2, ip, lr
    59c8:	e1a02142 	asr	r2, r2, #2
    59cc:	e3a0c009 	mov	ip, #9
    59d0:	e0020c92 	mul	r2, r2, ip
    59d4:	e2422009 	sub	r2, r2, #9
    59d8:	e1500002 	cmp	r0, r2
    59dc:	aa0000df 	bge	0x5d60
    59e0:	e3a0200a 	mov	r2, #10
    59e4:	e2813d90 	add	r3, r1, #144, 26	@ 0x2400
    59e8:	e1a00003 	mov	r0, r3
    59ec:	e3a01009 	mov	r1, #9
    59f0:	e52d3010 	str	r3, [sp, #-16]!
    59f4:	e58d2004 	str	r2, [sp, #4]
    59f8:	e58d1008 	str	r1, [sp, #8]
    59fc:	e59fca8c 	ldr	ip, [pc, #2700]	@ 0x6490
    5a00:	e12fff3c 	blx	ip
    5a04:	e59d1008 	ldr	r1, [sp, #8]
    5a08:	e59d2004 	ldr	r2, [sp, #4]
    5a0c:	e49d3010 	ldr	r3, [sp], #16
    5a10:	e1a01000 	mov	r1, r0
    5a14:	e3a0c009 	mov	ip, #9
    5a18:	e0000c90 	mul	r0, r0, ip
    5a1c:	e0433000 	sub	r3, r3, r0
    5a20:	e1a00003 	mov	r0, r3
    5a24:	e3530007 	cmp	r3, #7
    5a28:	ca000005 	bgt	0x5a44
    5a2c:	e3a0c00a 	mov	ip, #10
    5a30:	e0020c92 	mul	r2, r2, ip
    5a34:	e2803001 	add	r3, r0, #1
    5a38:	e1a00003 	mov	r0, r3
    5a3c:	e3530008 	cmp	r3, #8
    5a40:	1afffff9 	bne	0x5a2c
    5a44:	e594c01c 	ldr	ip, [r4, #28]
    5a48:	e28c0030 	add	r0, ip, #48	@ 0x30
    5a4c:	e594c044 	ldr	ip, [r4, #68]	@ 0x44
    5a50:	e35c0000 	cmp	ip, #0
    5a54:	e3e03c0f 	mvn	r3, #3840	@ 0xf00
    5a58:	e3c330fb 	bic	r3, r3, #251	@ 0xfb
    5a5c:	e3e0cc0e 	mvn	ip, #3584	@ 0xe00
    5a60:	e3ccc0db 	bic	ip, ip, #219	@ 0xdb
    5a64:	a1a0300c 	movge	r3, ip
    5a68:	e0800003 	add	r0, r0, r3
    5a6c:	e1a01101 	lsl	r1, r1, #2
    5a70:	e0800001 	add	r0, r0, r1
    5a74:	e1a03000 	mov	r3, r0
    5a78:	e2807004 	add	r7, r0, #4
    5a7c:	e1a01003 	mov	r1, r3
    5a80:	e5950030 	ldr	r0, [r5, #48]	@ 0x30
    5a84:	e59fc9f0 	ldr	ip, [pc, #2544]	@ 0x647c
    5a88:	e151000c 	cmp	r1, ip
    5a8c:	8a000465 	bhi	0x6c28
    5a90:	e7e801f4 			@ <UNDEFINED> instruction: 0xe7e801f4
    5a94:	e1a09008 	mov	r9, r8
    5a98:	e1a00009 	mov	r0, r9
    5a9c:	e1a01002 	mov	r1, r2
    5aa0:	e3510000 	cmp	r1, #0
    5aa4:	0a00045d 	beq	0x6c20
    5aa8:	e52d3010 	str	r3, [sp, #-16]!
    5aac:	e58d2004 	str	r2, [sp, #4]
    5ab0:	e58d1008 	str	r1, [sp, #8]
    5ab4:	e59fc9d8 	ldr	ip, [pc, #2520]	@ 0x6494
    5ab8:	e12fff3c 	blx	ip
    5abc:	e59d1008 	ldr	r1, [sp, #8]
    5ac0:	e59d2004 	ldr	r2, [sp, #4]
    5ac4:	e49d3010 	ldr	r3, [sp], #16
    5ac8:	e5840054 	str	r0, [r4, #84]	@ 0x54
    5acc:	e0000290 	mul	r0, r0, r2
    5ad0:	e0488000 	sub	r8, r8, r0
    5ad4:	e1a00008 	mov	r0, r8
    5ad8:	e3580000 	cmp	r8, #0
    5adc:	1a000002 	bne	0x5aec
    5ae0:	e594c02c 	ldr	ip, [r4, #44]	@ 0x2c
    5ae4:	e157000c 	cmp	r7, ip
    5ae8:	0a000095 	beq	0x5d44
    5aec:	e594c054 	ldr	ip, [r4, #84]	@ 0x54
    5af0:	e31c0001 	tst	ip, #1
    5af4:	1a000013 	bne	0x5b48
    5af8:	e3a0c000 	mov	ip, #0
    5afc:	e3a0e101 	mov	lr, #1073741824	@ 0x40000000
    5b00:	e38ee50d 	orr	lr, lr, #54525952	@ 0x3400000
    5b04:	ec4eca10 	vmov	s0, s1, ip, lr
    5b08:	e59fc974 	ldr	ip, [pc, #2420]	@ 0x6484
    5b0c:	e152000c 	cmp	r2, ip
    5b10:	1a000010 	bne	0x5b58
    5b14:	e594c050 	ldr	ip, [r4, #80]	@ 0x50
    5b18:	e153000c 	cmp	r3, ip
    5b1c:	9a00000d 	bls	0x5b58
    5b20:	e2431004 	sub	r1, r3, #4
    5b24:	e1a0a001 	mov	sl, r1
    5b28:	e5958030 	ldr	r8, [r5, #48]	@ 0x30
    5b2c:	e3e0c4fe 	mvn	ip, #-33554432	@ 0xfe000000
    5b30:	e3ccc8fe 	bic	ip, ip, #16646144	@ 0xfe0000
    5b34:	e15a000c 	cmp	sl, ip
    5b38:	8a00043a 	bhi	0x6c28
    5b3c:	e7e18af0 			@ <UNDEFINED> instruction: 0xe7e18af0
    5b40:	e3110001 	tst	r1, #1
    5b44:	0a000003 	beq	0x5b58
    5b48:	e3a0c001 	mov	ip, #1
    5b4c:	e3a0e101 	mov	lr, #1073741824	@ 0x40000000
    5b50:	e38ee50d 	orr	lr, lr, #54525952	@ 0x3400000
    5b54:	ec4eca10 	vmov	s0, s1, ip, lr
    5b58:	e594c02c 	ldr	ip, [r4, #44]	@ 0x2c
    5b5c:	e157000c 	cmp	r7, ip
    5b60:	e3a0c000 	mov	ip, #0
    5b64:	e3a0e203 	mov	lr, #805306368	@ 0x30000000
    5b68:	e38ee6ff 	orr	lr, lr, #267386880	@ 0xff00000
    5b6c:	ec4eca11 	vmov	s2, s3, ip, lr
    5b70:	e3a0c000 	mov	ip, #0
    5b74:	e3a0e30f 	mov	lr, #1006632960	@ 0x3c000000
    5b78:	e38ee7fe 	orr	lr, lr, #66584576	@ 0x3f80000
    5b7c:	ec4eca12 	vmov	s4, s5, ip, lr
    5b80:	eeb03b41 	vmov.f64	d3, d1
    5b84:	1eb03b42 	vmovne.f64	d3, d2
    5b88:	e1a010a2 	lsr	r1, r2, #1
    5b8c:	e1a07001 	mov	r7, r1
    5b90:	e1500001 	cmp	r0, r1
    5b94:	e3a0c000 	mov	ip, #0
    5b98:	e3a0e30f 	mov	lr, #1006632960	@ 0x3c000000
    5b9c:	e38ee7fe 	orr	lr, lr, #66584576	@ 0x3f80000
    5ba0:	ec4eca11 	vmov	s2, s3, ip, lr
    5ba4:	1eb03b41 	vmovne.f64	d3, d1
    5ba8:	e1500007 	cmp	r0, r7
    5bac:	e3a0c000 	mov	ip, #0
    5bb0:	e3a0e203 	mov	lr, #805306368	@ 0x30000000
    5bb4:	e38ee6fe 	orr	lr, lr, #266338304	@ 0xfe00000
    5bb8:	ec4eca11 	vmov	s2, s3, ip, lr
    5bbc:	3eb03b41 	vmovcc.f64	d3, d1
    5bc0:	e594c020 	ldr	ip, [r4, #32]
    5bc4:	e35c0000 	cmp	ip, #0
    5bc8:	1a00000a 	bne	0x5bf8
    5bcc:	e5948028 	ldr	r8, [r4, #40]	@ 0x28
    5bd0:	e5957030 	ldr	r7, [r5, #48]	@ 0x30
    5bd4:	e3e0c4fe 	mvn	ip, #-33554432	@ 0xfe000000
    5bd8:	e3ccc8fe 	bic	ip, ip, #16646144	@ 0xfe0000
    5bdc:	e158000c 	cmp	r8, ip
    5be0:	8a000410 	bhi	0x6c28
    5be4:	e7e178f0 			@ <UNDEFINED> instruction: 0xe7e178f0
    5be8:	e351002d 	cmp	r1, #45	@ 0x2d
    5bec:	1a000001 	bne	0x5bf8
    5bf0:	eeb13b43 	vneg.f64	d3, d3
    5bf4:	eeb10b40 	vneg.f64	d0, d0
    5bf8:	e0499000 	sub	r9, r9, r0
    5bfc:	e1a00009 	mov	r0, r9
    5c00:	e1a07003 	mov	r7, r3
    5c04:	e5951030 	ldr	r1, [r5, #48]	@ 0x30
    5c08:	e59fc86c 	ldr	ip, [pc, #2156]	@ 0x647c
    5c0c:	e157000c 	cmp	r7, ip
    5c10:	8a000404 	bhi	0x6c28
    5c14:	e7d917f4 			@ <UNDEFINED> instruction: 0xe7d917f4
    5c18:	ee303b03 	vadd.f64	d3, d0, d3
    5c1c:	eeb43b40 	vcmp.f64	d3, d0
    5c20:	eef1fa10 	vmrs	APSR_nzcv, fpscr
    5c24:	0a000046 	beq	0x5d44
    5c28:	e0800002 	add	r0, r0, r2
    5c2c:	e1a01000 	mov	r1, r0
    5c30:	e1a07003 	mov	r7, r3
    5c34:	e5952030 	ldr	r2, [r5, #48]	@ 0x30
    5c38:	e59fc83c 	ldr	ip, [pc, #2108]	@ 0x647c
    5c3c:	e157000c 	cmp	r7, ip
    5c40:	8a0003f8 	bhi	0x6c28
    5c44:	e7d027f4 			@ <UNDEFINED> instruction: 0xe7d027f4
    5c48:	e59fc834 	ldr	ip, [pc, #2100]	@ 0x6484
    5c4c:	e151000c 	cmp	r1, ip
    5c50:	3a000025 	bcc	0x5cec
    5c54:	e1a01003 	mov	r1, r3
    5c58:	e5950030 	ldr	r0, [r5, #48]	@ 0x30
    5c5c:	e59fc818 	ldr	ip, [pc, #2072]	@ 0x647c
    5c60:	e151000c 	cmp	r1, ip
    5c64:	8a0003ef 	bhi	0x6c28
    5c68:	e3a02000 	mov	r2, #0
    5c6c:	e7d201f4 			@ <UNDEFINED> instruction: 0xe7d201f4
    5c70:	e2430004 	sub	r0, r3, #4
    5c74:	e1a03000 	mov	r3, r0
    5c78:	e594c050 	ldr	ip, [r4, #80]	@ 0x50
    5c7c:	e150000c 	cmp	r0, ip
    5c80:	2a000008 	bcs	0x5ca8
    5c84:	e594c050 	ldr	ip, [r4, #80]	@ 0x50
    5c88:	e24c0004 	sub	r0, ip, #4
    5c8c:	e5840050 	str	r0, [r4, #80]	@ 0x50
    5c90:	e5951030 	ldr	r1, [r5, #48]	@ 0x30
    5c94:	e59fc7e0 	ldr	ip, [pc, #2016]	@ 0x647c
    5c98:	e150000c 	cmp	r0, ip
    5c9c:	8a0003e1 	bhi	0x6c28
    5ca0:	e3a02000 	mov	r2, #0
    5ca4:	e7d210f4 			@ <UNDEFINED> instruction: 0xe7d210f4
    5ca8:	e1a02003 	mov	r2, r3
    5cac:	e5951030 	ldr	r1, [r5, #48]	@ 0x30
    5cb0:	e59fc7c4 	ldr	ip, [pc, #1988]	@ 0x647c
    5cb4:	e152000c 	cmp	r2, ip
    5cb8:	8a0003da 	bhi	0x6c28
    5cbc:	e7e012f4 			@ <UNDEFINED> instruction: 0xe7e012f4
    5cc0:	e2800001 	add	r0, r0, #1
    5cc4:	e1a01000 	mov	r1, r0
    5cc8:	e1a07003 	mov	r7, r3
    5ccc:	e5952030 	ldr	r2, [r5, #48]	@ 0x30
    5cd0:	e59fc7a4 	ldr	ip, [pc, #1956]	@ 0x647c
    5cd4:	e157000c 	cmp	r7, ip
    5cd8:	8a0003d2 	bhi	0x6c28
    5cdc:	e7d027f4 			@ <UNDEFINED> instruction: 0xe7d027f4
    5ce0:	e59fc7b0 	ldr	ip, [pc, #1968]	@ 0x6498
    5ce4:	e151000c 	cmp	r1, ip
    5ce8:	8affffd9 	bhi	0x5c54
    5cec:	e594e050 	ldr	lr, [r4, #80]	@ 0x50
    5cf0:	e594c048 	ldr	ip, [r4, #72]	@ 0x48
    5cf4:	e04c000e 	sub	r0, ip, lr
    5cf8:	e1a00140 	asr	r0, r0, #2
    5cfc:	e3a0c009 	mov	ip, #9
    5d00:	e0060c90 	mul	r6, r0, ip
    5d04:	e3a0000a 	mov	r0, #10
    5d08:	e5947050 	ldr	r7, [r4, #80]	@ 0x50
    5d0c:	e5952030 	ldr	r2, [r5, #48]	@ 0x30
    5d10:	e59fc764 	ldr	ip, [pc, #1892]	@ 0x647c
    5d14:	e157000c 	cmp	r7, ip
    5d18:	8a0003c2 	bhi	0x6c28
    5d1c:	e7e127f4 			@ <UNDEFINED> instruction: 0xe7e127f4
    5d20:	e1a02001 	mov	r2, r1
    5d24:	e351000a 	cmp	r1, #10
    5d28:	3a000005 	bcc	0x5d44
    5d2c:	e2866001 	add	r6, r6, #1
    5d30:	e3a0c00a 	mov	ip, #10
    5d34:	e0010c90 	mul	r1, r0, ip
    5d38:	e1a00001 	mov	r0, r1
    5d3c:	e1520001 	cmp	r2, r1
    5d40:	2afffff9 	bcs	0x5d2c
    5d44:	e2833004 	add	r3, r3, #4
    5d48:	e1a00003 	mov	r0, r3
    5d4c:	e594c02c 	ldr	ip, [r4, #44]	@ 0x2c
    5d50:	e15c0000 	cmp	ip, r0
    5d54:	e594e02c 	ldr	lr, [r4, #44]	@ 0x2c
    5d58:	81a0e003 	movhi	lr, r3
    5d5c:	e584e02c 	str	lr, [r4, #44]	@ 0x2c
    5d60:	e594702c 	ldr	r7, [r4, #44]	@ 0x2c
    5d64:	e594e050 	ldr	lr, [r4, #80]	@ 0x50
    5d68:	e594c02c 	ldr	ip, [r4, #44]	@ 0x2c
    5d6c:	e15c000e 	cmp	ip, lr
    5d70:	e3a00000 	mov	r0, #0
    5d74:	93a00001 	movls	r0, #1
    5d78:	e1a01000 	mov	r1, r0
    5d7c:	e3500000 	cmp	r0, #0
    5d80:	1a000009 	bne	0x5dac
    5d84:	e2470004 	sub	r0, r7, #4
    5d88:	e584002c 	str	r0, [r4, #44]	@ 0x2c
    5d8c:	e1a03000 	mov	r3, r0
    5d90:	e5952030 	ldr	r2, [r5, #48]	@ 0x30
    5d94:	e59fc6e0 	ldr	ip, [pc, #1760]	@ 0x647c
    5d98:	e153000c 	cmp	r3, ip
    5d9c:	8a0003a1 	bhi	0x6c28
    5da0:	e7e023f4 			@ <UNDEFINED> instruction: 0xe7e023f4
    5da4:	e3500000 	cmp	r0, #0
    5da8:	0affffec 	beq	0x5d60
    5dac:	e594c03c 	ldr	ip, [r4, #60]	@ 0x3c
    5db0:	e35c0067 	cmp	ip, #103	@ 0x67
    5db4:	0a000003 	beq	0x5dc8
    5db8:	e594c014 	ldr	ip, [r4, #20]
    5dbc:	e20ce008 	and	lr, ip, #8
    5dc0:	e584e05c 	str	lr, [r4, #92]	@ 0x5c
    5dc4:	ea00006f 	b	0x5f88
    5dc8:	e1e00006 	mvn	r0, r6
    5dcc:	e594c040 	ldr	ip, [r4, #64]	@ 0x40
    5dd0:	e35c0000 	cmp	ip, #0
    5dd4:	e3a02001 	mov	r2, #1
    5dd8:	e594c040 	ldr	ip, [r4, #64]	@ 0x40
    5ddc:	11a0200c 	movne	r2, ip
    5de0:	e1a03002 	mov	r3, r2
    5de4:	e1520006 	cmp	r2, r6
    5de8:	e3a02000 	mov	r2, #0
    5dec:	c3a02001 	movgt	r2, #1
    5df0:	e3760005 	cmn	r6, #5
    5df4:	e3a09000 	mov	r9, #0
    5df8:	c3a09001 	movgt	r9, #1
    5dfc:	e0022009 	and	r2, r2, r9
    5e00:	e1a09002 	mov	r9, r2
    5e04:	e3520000 	cmp	r2, #0
    5e08:	03e00000 	mvneq	r0, #0
    5e0c:	e080e003 	add	lr, r0, r3
    5e10:	e584e040 	str	lr, [r4, #64]	@ 0x40
    5e14:	e3590000 	cmp	r9, #0
    5e18:	e3e00000 	mvn	r0, #0
    5e1c:	03e00001 	mvneq	r0, #1
    5e20:	e594c018 	ldr	ip, [r4, #24]
    5e24:	e080e00c 	add	lr, r0, ip
    5e28:	e584e018 	str	lr, [r4, #24]
    5e2c:	e594c014 	ldr	ip, [r4, #20]
    5e30:	e20c0008 	and	r0, ip, #8
    5e34:	e584005c 	str	r0, [r4, #92]	@ 0x5c
    5e38:	e3500000 	cmp	r0, #0
    5e3c:	1a000051 	bne	0x5f88
    5e40:	e3e02008 	mvn	r2, #8
    5e44:	e3510000 	cmp	r1, #0
    5e48:	1a000029 	bne	0x5ef4
    5e4c:	e2470004 	sub	r0, r7, #4
    5e50:	e1a03000 	mov	r3, r0
    5e54:	e5951030 	ldr	r1, [r5, #48]	@ 0x30
    5e58:	e59fc61c 	ldr	ip, [pc, #1564]	@ 0x647c
    5e5c:	e153000c 	cmp	r3, ip
    5e60:	8a000370 	bhi	0x6c28
    5e64:	e7e013f4 			@ <UNDEFINED> instruction: 0xe7e013f4
    5e68:	e1a03000 	mov	r3, r0
    5e6c:	e3500000 	cmp	r0, #0
    5e70:	0a00001f 	beq	0x5ef4
    5e74:	e3a0900a 	mov	r9, #10
    5e78:	e3a02000 	mov	r2, #0
    5e7c:	e1a00003 	mov	r0, r3
    5e80:	e3a0100a 	mov	r1, #10
    5e84:	e52d3008 	str	r3, [sp, #-8]!
    5e88:	e58d2004 	str	r2, [sp, #4]
    5e8c:	e59fc608 	ldr	ip, [pc, #1544]	@ 0x649c
    5e90:	e12fff3c 	blx	ip
    5e94:	e59d2004 	ldr	r2, [sp, #4]
    5e98:	e49d3008 	ldr	r3, [sp], #8
    5e9c:	e1a00001 	mov	r0, r1
    5ea0:	e3500000 	cmp	r0, #0
    5ea4:	1a000012 	bne	0x5ef4
    5ea8:	e1a0a002 	mov	sl, r2
    5eac:	e2822001 	add	r2, r2, #1
    5eb0:	e3a0c00a 	mov	ip, #10
    5eb4:	e0000c99 	mul	r0, r9, ip
    5eb8:	e1a09000 	mov	r9, r0
    5ebc:	e1a01000 	mov	r1, r0
    5ec0:	e1a00003 	mov	r0, r3
    5ec4:	e3510000 	cmp	r1, #0
    5ec8:	0a000354 	beq	0x6c20
    5ecc:	e52d3008 	str	r3, [sp, #-8]!
    5ed0:	e58d2004 	str	r2, [sp, #4]
    5ed4:	e59fc5c4 	ldr	ip, [pc, #1476]	@ 0x64a0
    5ed8:	e12fff3c 	blx	ip
    5edc:	e59d2004 	ldr	r2, [sp, #4]
    5ee0:	e49d3008 	ldr	r3, [sp], #8
    5ee4:	e1a00001 	mov	r0, r1
    5ee8:	e3500000 	cmp	r0, #0
    5eec:	0affffed 	beq	0x5ea8
    5ef0:	e1e0200a 	mvn	r2, sl
    5ef4:	e594c048 	ldr	ip, [r4, #72]	@ 0x48
    5ef8:	e047000c 	sub	r0, r7, ip
    5efc:	e1a00140 	asr	r0, r0, #2
    5f00:	e3a0c009 	mov	ip, #9
    5f04:	e0000c90 	mul	r0, r0, ip
    5f08:	e594c018 	ldr	ip, [r4, #24]
    5f0c:	e3cc1020 	bic	r1, ip, #32
    5f10:	e3510046 	cmp	r1, #70	@ 0x46
    5f14:	1a00000d 	bne	0x5f50
    5f18:	e3a0e000 	mov	lr, #0
    5f1c:	e584e05c 	str	lr, [r4, #92]	@ 0x5c
    5f20:	e0801002 	add	r1, r0, r2
    5f24:	e2411009 	sub	r1, r1, #9
    5f28:	e1a03001 	mov	r3, r1
    5f2c:	e3530000 	cmp	r3, #0
    5f30:	d3a01000 	movle	r1, #0
    5f34:	e1a03001 	mov	r3, r1
    5f38:	e594c040 	ldr	ip, [r4, #64]	@ 0x40
    5f3c:	e15c0003 	cmp	ip, r3
    5f40:	e594e040 	ldr	lr, [r4, #64]	@ 0x40
    5f44:	a1a0e001 	movge	lr, r1
    5f48:	e584e040 	str	lr, [r4, #64]	@ 0x40
    5f4c:	ea00000d 	b	0x5f88
    5f50:	e3a0e000 	mov	lr, #0
    5f54:	e584e05c 	str	lr, [r4, #92]	@ 0x5c
    5f58:	e0860000 	add	r0, r6, r0
    5f5c:	e0800002 	add	r0, r0, r2
    5f60:	e2400009 	sub	r0, r0, #9
    5f64:	e1a01000 	mov	r1, r0
    5f68:	e3510000 	cmp	r1, #0
    5f6c:	d3a00000 	movle	r0, #0
    5f70:	e1a01000 	mov	r1, r0
    5f74:	e594c040 	ldr	ip, [r4, #64]	@ 0x40
    5f78:	e15c0001 	cmp	ip, r1
    5f7c:	e594e040 	ldr	lr, [r4, #64]	@ 0x40
    5f80:	a1a0e000 	movge	lr, r0
    5f84:	e584e040 	str	lr, [r4, #64]	@ 0x40
    5f88:	e3e0e000 	mvn	lr, #0
    5f8c:	e584e034 	str	lr, [r4, #52]	@ 0x34
    5f90:	e594e05c 	ldr	lr, [r4, #92]	@ 0x5c
    5f94:	e594c040 	ldr	ip, [r4, #64]	@ 0x40
    5f98:	e18c000e 	orr	r0, ip, lr
    5f9c:	e1a09000 	mov	r9, r0
    5fa0:	e3500000 	cmp	r0, #0
    5fa4:	e3e013a0 	mvn	r1, #160, 6	@ 0x80000002
    5fa8:	03e01360 	mvneq	r1, #96, 6	@ 0x80000001
    5fac:	e594c040 	ldr	ip, [r4, #64]	@ 0x40
    5fb0:	e15c0001 	cmp	ip, r1
    5fb4:	ca00030e 	bgt	0x6bf4
    5fb8:	e3590000 	cmp	r9, #0
    5fbc:	e3a00000 	mov	r0, #0
    5fc0:	13a00001 	movne	r0, #1
    5fc4:	e594c040 	ldr	ip, [r4, #64]	@ 0x40
    5fc8:	e08c0000 	add	r0, ip, r0
    5fcc:	e280a001 	add	sl, r0, #1
    5fd0:	e594c018 	ldr	ip, [r4, #24]
    5fd4:	e3cc0020 	bic	r0, ip, #32
    5fd8:	e1a0b000 	mov	fp, r0
    5fdc:	e3500046 	cmp	r0, #70	@ 0x46
    5fe0:	1a000007 	bne	0x6004
    5fe4:	e3e0c480 	mvn	ip, #128, 8	@ 0x80000000
    5fe8:	e02a000c 	eor	r0, sl, ip
    5fec:	e1560000 	cmp	r6, r0
    5ff0:	ca0002ff 	bgt	0x6bf4
    5ff4:	e3560000 	cmp	r6, #0
    5ff8:	e3a00000 	mov	r0, #0
    5ffc:	c1a00006 	movgt	r0, r6
    6000:	ea00003d 	b	0x60fc
    6004:	e1a01fc6 	asr	r1, r6, #31
    6008:	e1a02001 	mov	r2, r1
    600c:	e0261001 	eor	r1, r6, r1
    6010:	e0411002 	sub	r1, r1, r2
    6014:	e3a02000 	mov	r2, #0
    6018:	e58410a4 	str	r1, [r4, #164]	@ 0xa4
    601c:	e58420a8 	str	r2, [r4, #168]	@ 0xa8
    6020:	e59f047c 	ldr	r0, [pc, #1148]	@ 0x64a4
    6024:	e1a01004 	mov	r1, r4
    6028:	e59d2000 	ldr	r2, [sp]
    602c:	e59fc474 	ldr	ip, [pc, #1140]	@ 0x64a8
    6030:	e12fff3c 	blx	ip
    6034:	e3500000 	cmp	r0, #0
    6038:	1a0002fd 	bne	0x6c34
    603c:	e59410a4 	ldr	r1, [r4, #164]	@ 0xa4
    6040:	e1a02001 	mov	r2, r1
    6044:	e594c038 	ldr	ip, [r4, #56]	@ 0x38
    6048:	e04c1001 	sub	r1, ip, r1
    604c:	e3510001 	cmp	r1, #1
    6050:	ca00000c 	bgt	0x6088
    6054:	e2421001 	sub	r1, r2, #1
    6058:	e1a02001 	mov	r2, r1
    605c:	e5953030 	ldr	r3, [r5, #48]	@ 0x30
    6060:	e3e0c4fe 	mvn	ip, #-33554432	@ 0xfe000000
    6064:	e3ccc8fe 	bic	ip, ip, #16646144	@ 0xfe0000
    6068:	e151000c 	cmp	r1, ip
    606c:	8a0002ed 	bhi	0x6c28
    6070:	e3a08030 	mov	r8, #48	@ 0x30
    6074:	e7d831f0 			@ <UNDEFINED> instruction: 0xe7d831f0
    6078:	e594c038 	ldr	ip, [r4, #56]	@ 0x38
    607c:	e04c1002 	sub	r1, ip, r2
    6080:	e3510002 	cmp	r1, #2
    6084:	bafffff2 	blt	0x6054
    6088:	e2421002 	sub	r1, r2, #2
    608c:	e5841054 	str	r1, [r4, #84]	@ 0x54
    6090:	e5953030 	ldr	r3, [r5, #48]	@ 0x30
    6094:	e5948018 	ldr	r8, [r4, #24]
    6098:	e3e0c4fe 	mvn	ip, #-33554432	@ 0xfe000000
    609c:	e3ccc8fe 	bic	ip, ip, #16646144	@ 0xfe0000
    60a0:	e151000c 	cmp	r1, ip
    60a4:	8a0002df 	bhi	0x6c28
    60a8:	e7d831f0 			@ <UNDEFINED> instruction: 0xe7d831f0
    60ac:	e3e0e000 	mvn	lr, #0
    60b0:	e584e034 	str	lr, [r4, #52]	@ 0x34
    60b4:	e2422001 	sub	r2, r2, #1
    60b8:	e3560000 	cmp	r6, #0
    60bc:	e3a0102d 	mov	r1, #45	@ 0x2d
    60c0:	a3a0102b 	movge	r1, #43	@ 0x2b
    60c4:	e5953030 	ldr	r3, [r5, #48]	@ 0x30
    60c8:	e3e0c4fe 	mvn	ip, #-33554432	@ 0xfe000000
    60cc:	e3ccc8fe 	bic	ip, ip, #16646144	@ 0xfe0000
    60d0:	e152000c 	cmp	r2, ip
    60d4:	8a0002d3 	bhi	0x6c28
    60d8:	e7d132f0 			@ <UNDEFINED> instruction: 0xe7d132f0
    60dc:	e594e054 	ldr	lr, [r4, #84]	@ 0x54
    60e0:	e594c038 	ldr	ip, [r4, #56]	@ 0x38
    60e4:	e04c100e 	sub	r1, ip, lr
    60e8:	e1a00001 	mov	r0, r1
    60ec:	e3e0c480 	mvn	ip, #128, 8	@ 0x80000000
    60f0:	e02a200c 	eor	r2, sl, ip
    60f4:	e1510002 	cmp	r1, r2
    60f8:	ca0002bd 	bgt	0x6bf4
    60fc:	e3e0e000 	mvn	lr, #0
    6100:	e584e034 	str	lr, [r4, #52]	@ 0x34
    6104:	e080000a 	add	r0, r0, sl
    6108:	e1a01000 	mov	r1, r0
    610c:	e594c024 	ldr	ip, [r4, #36]	@ 0x24
    6110:	e3e0e480 	mvn	lr, #128, 8	@ 0x80000000
    6114:	e02c200e 	eor	r2, ip, lr
    6118:	e1500002 	cmp	r0, r2
    611c:	ca0002b4 	bgt	0x6bf4
    6120:	e594c024 	ldr	ip, [r4, #36]	@ 0x24
    6124:	e081100c 	add	r1, r1, ip
    6128:	e1a06001 	mov	r6, r1
    612c:	e3a0e020 	mov	lr, #32
    6130:	e584e0a4 	str	lr, [r4, #164]	@ 0xa4
    6134:	e58410ac 	str	r1, [r4, #172]	@ 0xac
    6138:	e59f036c 	ldr	r0, [pc, #876]	@ 0x64ac
    613c:	e1a01004 	mov	r1, r4
    6140:	e59d2000 	ldr	r2, [sp]
    6144:	e59fc364 	ldr	ip, [pc, #868]	@ 0x64b0
    6148:	e12fff3c 	blx	ip
    614c:	e3500000 	cmp	r0, #0
    6150:	1a0002b7 	bne	0x6c34
    6154:	e59f0358 	ldr	r0, [pc, #856]	@ 0x64b4
    6158:	e1a01004 	mov	r1, r4
    615c:	e59d2000 	ldr	r2, [sp]
    6160:	e59fc350 	ldr	ip, [pc, #848]	@ 0x64b8
    6164:	e12fff3c 	blx	ip
    6168:	e3500000 	cmp	r0, #0
    616c:	1a0002b0 	bne	0x6c34
    6170:	e594c014 	ldr	ip, [r4, #20]
    6174:	e22c0b40 	eor	r0, ip, #64, 22	@ 0x10000
    6178:	e3a0e030 	mov	lr, #48	@ 0x30
    617c:	e584e0a4 	str	lr, [r4, #164]	@ 0xa4
    6180:	e5846018 	str	r6, [r4, #24]
    6184:	e58400b0 	str	r0, [r4, #176]	@ 0xb0
    6188:	e59f032c 	ldr	r0, [pc, #812]	@ 0x64bc
    618c:	e1a01004 	mov	r1, r4
    6190:	e59d2000 	ldr	r2, [sp]
    6194:	e59fc324 	ldr	ip, [pc, #804]	@ 0x64c0
    6198:	e12fff3c 	blx	ip
    619c:	e3500000 	cmp	r0, #0
    61a0:	1a0002a3 	bne	0x6c34
    61a4:	e35b0046 	cmp	fp, #70	@ 0x46
    61a8:	1a00009d 	bne	0x6424
    61ac:	e594c01c 	ldr	ip, [r4, #28]
    61b0:	e28c0010 	add	r0, ip, #16
    61b4:	e3808009 	orr	r8, r0, #9
    61b8:	e594e048 	ldr	lr, [r4, #72]	@ 0x48
    61bc:	e594c050 	ldr	ip, [r4, #80]	@ 0x50
    61c0:	e15c000e 	cmp	ip, lr
    61c4:	e5940048 	ldr	r0, [r4, #72]	@ 0x48
    61c8:	e594c050 	ldr	ip, [r4, #80]	@ 0x50
    61cc:	91a0000c 	movls	r0, ip
    61d0:	e1a0a000 	mov	sl, r0
    61d4:	e1a0b000 	mov	fp, r0
    61d8:	e1a0300b 	mov	r3, fp
    61dc:	e5952030 	ldr	r2, [r5, #48]	@ 0x30
    61e0:	e59fc294 	ldr	ip, [pc, #660]	@ 0x647c
    61e4:	e153000c 	cmp	r3, ip
    61e8:	8a00028e 	bhi	0x6c28
    61ec:	e7920003 	ldr	r0, [r2, r3]
    61f0:	e3a01000 	mov	r1, #0
    61f4:	e58400a0 	str	r0, [r4, #160]	@ 0xa0
    61f8:	e58410a4 	str	r1, [r4, #164]	@ 0xa4
    61fc:	e584804c 	str	r8, [r4, #76]	@ 0x4c
    6200:	e59f02bc 	ldr	r0, [pc, #700]	@ 0x64c4
    6204:	e1a01004 	mov	r1, r4
    6208:	e59d2000 	ldr	r2, [sp]
    620c:	e59fc2b4 	ldr	ip, [pc, #692]	@ 0x64c8
    6210:	e12fff3c 	blx	ip
    6214:	e3500000 	cmp	r0, #0
    6218:	1a000285 	bne	0x6c34
    621c:	e59400a0 	ldr	r0, [r4, #160]	@ 0xa0
    6220:	e15b000a 	cmp	fp, sl
    6224:	0a000011 	beq	0x6270
    6228:	e594c01c 	ldr	ip, [r4, #28]
    622c:	e28c1010 	add	r1, ip, #16
    6230:	e1500001 	cmp	r0, r1
    6234:	9a000018 	bls	0x629c
    6238:	e2401001 	sub	r1, r0, #1
    623c:	e1a00001 	mov	r0, r1
    6240:	e5952030 	ldr	r2, [r5, #48]	@ 0x30
    6244:	e3e0c4fe 	mvn	ip, #-33554432	@ 0xfe000000
    6248:	e3ccc8fe 	bic	ip, ip, #16646144	@ 0xfe0000
    624c:	e151000c 	cmp	r1, ip
    6250:	8a000274 	bhi	0x6c28
    6254:	e3a03030 	mov	r3, #48	@ 0x30
    6258:	e7d321f0 			@ <UNDEFINED> instruction: 0xe7d321f0
    625c:	e594c01c 	ldr	ip, [r4, #28]
    6260:	e28c1010 	add	r1, ip, #16
    6264:	e1500001 	cmp	r0, r1
    6268:	8afffff2 	bhi	0x6238
    626c:	ea00000a 	b	0x629c
    6270:	e1500008 	cmp	r0, r8
    6274:	1a000008 	bne	0x629c
    6278:	e2401001 	sub	r1, r0, #1
    627c:	e1a00001 	mov	r0, r1
    6280:	e5952030 	ldr	r2, [r5, #48]	@ 0x30
    6284:	e3e0c4fe 	mvn	ip, #-33554432	@ 0xfe000000
    6288:	e3ccc8fe 	bic	ip, ip, #16646144	@ 0xfe0000
    628c:	e151000c 	cmp	r1, ip
    6290:	8a000264 	bhi	0x6c28
    6294:	e3a03030 	mov	r3, #48	@ 0x30
    6298:	e7d321f0 			@ <UNDEFINED> instruction: 0xe7d321f0
    629c:	e0481000 	sub	r1, r8, r0
    62a0:	e584002c 	str	r0, [r4, #44]	@ 0x2c
    62a4:	e58410a8 	str	r1, [r4, #168]	@ 0xa8
    62a8:	e59f021c 	ldr	r0, [pc, #540]	@ 0x64cc
    62ac:	e1a01004 	mov	r1, r4
    62b0:	e59d2000 	ldr	r2, [sp]
    62b4:	e59fc214 	ldr	ip, [pc, #532]	@ 0x64d0
    62b8:	e12fff3c 	blx	ip
    62bc:	e3500000 	cmp	r0, #0
    62c0:	1a00025b 	bne	0x6c34
    62c4:	e28b0004 	add	r0, fp, #4
    62c8:	e1a0b000 	mov	fp, r0
    62cc:	e594c048 	ldr	ip, [r4, #72]	@ 0x48
    62d0:	e150000c 	cmp	r0, ip
    62d4:	9affffbf 	bls	0x61d8
    62d8:	e3590000 	cmp	r9, #0
    62dc:	0a00000b 	beq	0x6310
    62e0:	e3a0eb40 	mov	lr, #64, 22	@ 0x10000
    62e4:	e38ee1b4 	orr	lr, lr, #180, 2	@ 0x2d
    62e8:	e584e0a4 	str	lr, [r4, #164]	@ 0xa4
    62ec:	e3a0e001 	mov	lr, #1
    62f0:	e584e088 	str	lr, [r4, #136]	@ 0x88
    62f4:	e59f01d8 	ldr	r0, [pc, #472]	@ 0x64d4
    62f8:	e1a01004 	mov	r1, r4
    62fc:	e59d2000 	ldr	r2, [sp]
    6300:	e59fc1d0 	ldr	ip, [pc, #464]	@ 0x64d8
    6304:	e12fff3c 	blx	ip
    6308:	e3500000 	cmp	r0, #0
    630c:	1a000248 	bne	0x6c34
    6310:	e15b0007 	cmp	fp, r7
    6314:	2a0000f3 	bcs	0x66e8
    6318:	e594c040 	ldr	ip, [r4, #64]	@ 0x40
    631c:	e35c0001 	cmp	ip, #1
    6320:	ba0000f0 	blt	0x66e8
    6324:	e1a0300b 	mov	r3, fp
    6328:	e5952030 	ldr	r2, [r5, #48]	@ 0x30
    632c:	e59fc148 	ldr	ip, [pc, #328]	@ 0x647c
    6330:	e153000c 	cmp	r3, ip
    6334:	8a00023b 	bhi	0x6c28
    6338:	e7920003 	ldr	r0, [r2, r3]
    633c:	e3a01000 	mov	r1, #0
    6340:	e58400a0 	str	r0, [r4, #160]	@ 0xa0
    6344:	e58410a4 	str	r1, [r4, #164]	@ 0xa4
    6348:	e584804c 	str	r8, [r4, #76]	@ 0x4c
    634c:	e59f0188 	ldr	r0, [pc, #392]	@ 0x64dc
    6350:	e1a01004 	mov	r1, r4
    6354:	e59d2000 	ldr	r2, [sp]
    6358:	e59fc180 	ldr	ip, [pc, #384]	@ 0x64e0
    635c:	e12fff3c 	blx	ip
    6360:	e3500000 	cmp	r0, #0
    6364:	1a000232 	bne	0x6c34
    6368:	e59400a0 	ldr	r0, [r4, #160]	@ 0xa0
    636c:	e1a01000 	mov	r1, r0
    6370:	e594c01c 	ldr	ip, [r4, #28]
    6374:	e28c2010 	add	r2, ip, #16
    6378:	e1500002 	cmp	r0, r2
    637c:	9a00000c 	bls	0x63b4
    6380:	e2410001 	sub	r0, r1, #1
    6384:	e1a01000 	mov	r1, r0
    6388:	e5952030 	ldr	r2, [r5, #48]	@ 0x30
    638c:	e3e0c4fe 	mvn	ip, #-33554432	@ 0xfe000000
    6390:	e3ccc8fe 	bic	ip, ip, #16646144	@ 0xfe0000
    6394:	e150000c 	cmp	r0, ip
    6398:	8a000222 	bhi	0x6c28
    639c:	e3a03030 	mov	r3, #48	@ 0x30
    63a0:	e7d320f0 			@ <UNDEFINED> instruction: 0xe7d320f0
    63a4:	e594c01c 	ldr	ip, [r4, #28]
    63a8:	e28c0010 	add	r0, ip, #16
    63ac:	e1510000 	cmp	r1, r0
    63b0:	8afffff2 	bhi	0x6380
    63b4:	e594c040 	ldr	ip, [r4, #64]	@ 0x40
    63b8:	e35c0009 	cmp	ip, #9
    63bc:	e3a00009 	mov	r0, #9
    63c0:	e594c040 	ldr	ip, [r4, #64]	@ 0x40
    63c4:	b1a0000c 	movlt	r0, ip
    63c8:	e584102c 	str	r1, [r4, #44]	@ 0x2c
    63cc:	e58400a8 	str	r0, [r4, #168]	@ 0xa8
    63d0:	e59f010c 	ldr	r0, [pc, #268]	@ 0x64e4
    63d4:	e1a01004 	mov	r1, r4
    63d8:	e59d2000 	ldr	r2, [sp]
    63dc:	e59fc104 	ldr	ip, [pc, #260]	@ 0x64e8
    63e0:	e12fff3c 	blx	ip
    63e4:	e3500000 	cmp	r0, #0
    63e8:	1a000211 	bne	0x6c34
    63ec:	e594c040 	ldr	ip, [r4, #64]	@ 0x40
    63f0:	e24c0009 	sub	r0, ip, #9
    63f4:	e28b1004 	add	r1, fp, #4
    63f8:	e1a0b001 	mov	fp, r1
    63fc:	e1510007 	cmp	r1, r7
    6400:	2a0000b9 	bcs	0x66ec
    6404:	e594c040 	ldr	ip, [r4, #64]	@ 0x40
    6408:	e35c0009 	cmp	ip, #9
    640c:	e3a01000 	mov	r1, #0
    6410:	c3a01001 	movgt	r1, #1
    6414:	e5840040 	str	r0, [r4, #64]	@ 0x40
    6418:	e3510000 	cmp	r1, #0
    641c:	1affffc0 	bne	0x6324
    6420:	ea0000b1 	b	0x66ec
    6424:	e594c040 	ldr	ip, [r4, #64]	@ 0x40
    6428:	e35c0000 	cmp	ip, #0
    642c:	ba000091 	blt	0x6678
    6430:	e594c050 	ldr	ip, [r4, #80]	@ 0x50
    6434:	e28c1004 	add	r1, ip, #4
    6438:	e594c050 	ldr	ip, [r4, #80]	@ 0x50
    643c:	e157000c 	cmp	r7, ip
    6440:	91a07001 	movls	r7, r1
    6444:	e594c01c 	ldr	ip, [r4, #28]
    6448:	e28c1010 	add	r1, ip, #16
    644c:	e3818009 	orr	r8, r1, #9
    6450:	e5949050 	ldr	r9, [r4, #80]	@ 0x50
    6454:	e1a0a009 	mov	sl, r9
    6458:	e5953030 	ldr	r3, [r5, #48]	@ 0x30
    645c:	e59fc018 	ldr	ip, [pc, #24]	@ 0x647c
    6460:	e15a000c 	cmp	sl, ip
    6464:	8a0001ef 	bhi	0x6c28
    6468:	ea00001f 	b	0x64ec
	...
    6478:	000493d8 	ldrdeq	r9, [r4], -r8
    647c:	0101fffc 	strdeq	pc, [r1, -ip]
    6480:	41cdcd65 	bicmi	ip, sp, r5, ror #26
    6484:	3b9aca00 	blcc	0xfe6b8c8c
    6488:	00047e9c 	muleq	r4, ip, lr
    648c:	001f54c0 	andseq	r5, pc, r0, asr #9
    6490:	001f5700 	andseq	r5, pc, r0, lsl #14
    6494:	001f54c0 	andseq	r5, pc, r0, asr #9
    6498:	3b9ac9ff 	blcc	0xfe6b8c9c
    649c:	001f54c0 	andseq	r5, pc, r0, asr #9
    64a0:	001f54c0 	andseq	r5, pc, r0, asr #9
    64a4:	00409210 	subeq	r9, r0, r0, lsl r2
    64a8:	0004890c 	andeq	r8, r4, ip, lsl #18
    64ac:	004093fc 	strdeq	r9, [r0], #-60	@ 0xffffffc4
    64b0:	0004890c 	andeq	r8, r4, ip, lsl #18
    64b4:	00409414 	subeq	r9, r0, r4, lsl r4
    64b8:	0004890c 	andeq	r8, r4, ip, lsl #18
    64bc:	0040944c 	subeq	r9, r0, ip, asr #8
    64c0:	0004890c 	andeq	r8, r4, ip, lsl #18
    64c4:	004094f0 	strdeq	r9, [r0], #-64	@ 0xffffffc0
    64c8:	0004890c 	andeq	r8, r4, ip, lsl #18
    64cc:	00409620 	subeq	r9, r0, r0, lsr #12
    64d0:	0004890c 	andeq	r8, r4, ip, lsl #18
    64d4:	00409684 	subeq	r9, r0, r4, lsl #13
    64d8:	0004890c 	andeq	r8, r4, ip, lsl #18
    64dc:	004096d4 	ldrdeq	r9, [r0], #-100	@ 0xffffff9c
    64e0:	0004890c 	andeq	r8, r4, ip, lsl #18
    64e4:	004097bc 	strheq	r9, [r0], #-124	@ 0xffffff84
    64e8:	0004890c 	andeq	r8, r4, ip, lsl #18
    64ec:	e793100a 	ldr	r1, [r3, sl]
    64f0:	e3a02000 	mov	r2, #0
    64f4:	e58410a0 	str	r1, [r4, #160]	@ 0xa0
    64f8:	e58420a4 	str	r2, [r4, #164]	@ 0xa4
    64fc:	e584804c 	str	r8, [r4, #76]	@ 0x4c
    6500:	e59f0ff0 	ldr	r0, [pc, #4080]	@ 0x74f8
    6504:	e1a01004 	mov	r1, r4
    6508:	e59d2000 	ldr	r2, [sp]
    650c:	e59fcfe8 	ldr	ip, [pc, #4072]	@ 0x74fc
    6510:	e12fff3c 	blx	ip
    6514:	e3500000 	cmp	r0, #0
    6518:	1a0001c5 	bne	0x6c34
    651c:	e59410a0 	ldr	r1, [r4, #160]	@ 0xa0
    6520:	e1a0a001 	mov	sl, r1
    6524:	e1510008 	cmp	r1, r8
    6528:	1a000008 	bne	0x6550
    652c:	e24a1001 	sub	r1, sl, #1
    6530:	e1a0a001 	mov	sl, r1
    6534:	e5952030 	ldr	r2, [r5, #48]	@ 0x30
    6538:	e3e0c4fe 	mvn	ip, #-33554432	@ 0xfe000000
    653c:	e3ccc8fe 	bic	ip, ip, #16646144	@ 0xfe0000
    6540:	e151000c 	cmp	r1, ip
    6544:	8a0001b7 	bhi	0x6c28
    6548:	e3a03030 	mov	r3, #48	@ 0x30
    654c:	e7d321f0 			@ <UNDEFINED> instruction: 0xe7d321f0
    6550:	e594c050 	ldr	ip, [r4, #80]	@ 0x50
    6554:	e159000c 	cmp	r9, ip
    6558:	0a000011 	beq	0x65a4
    655c:	e594c01c 	ldr	ip, [r4, #28]
    6560:	e28c1010 	add	r1, ip, #16
    6564:	e15a0001 	cmp	sl, r1
    6568:	9a000029 	bls	0x6614
    656c:	e24a1001 	sub	r1, sl, #1
    6570:	e1a0a001 	mov	sl, r1
    6574:	e5952030 	ldr	r2, [r5, #48]	@ 0x30
    6578:	e3e0c4fe 	mvn	ip, #-33554432	@ 0xfe000000
    657c:	e3ccc8fe 	bic	ip, ip, #16646144	@ 0xfe0000
    6580:	e151000c 	cmp	r1, ip
    6584:	8a0001a7 	bhi	0x6c28
    6588:	e3a03030 	mov	r3, #48	@ 0x30
    658c:	e7d321f0 			@ <UNDEFINED> instruction: 0xe7d321f0
    6590:	e594c01c 	ldr	ip, [r4, #28]
    6594:	e28c1010 	add	r1, ip, #16
    6598:	e15a0001 	cmp	sl, r1
    659c:	8afffff2 	bhi	0x656c
    65a0:	ea00001b 	b	0x6614
    65a4:	e584a02c 	str	sl, [r4, #44]	@ 0x2c
    65a8:	e3a0e001 	mov	lr, #1
    65ac:	e584e088 	str	lr, [r4, #136]	@ 0x88
    65b0:	e59f0f48 	ldr	r0, [pc, #3912]	@ 0x7500
    65b4:	e1a01004 	mov	r1, r4
    65b8:	e59d2000 	ldr	r2, [sp]
    65bc:	e59fcf40 	ldr	ip, [pc, #3904]	@ 0x7504
    65c0:	e12fff3c 	blx	ip
    65c4:	e3500000 	cmp	r0, #0
    65c8:	1a000199 	bne	0x6c34
    65cc:	e28aa001 	add	sl, sl, #1
    65d0:	e594e05c 	ldr	lr, [r4, #92]	@ 0x5c
    65d4:	e594c040 	ldr	ip, [r4, #64]	@ 0x40
    65d8:	e18c100e 	orr	r1, ip, lr
    65dc:	e3510000 	cmp	r1, #0
    65e0:	0a00000b 	beq	0x6614
    65e4:	e3a0eb40 	mov	lr, #64, 22	@ 0x10000
    65e8:	e38ee1b4 	orr	lr, lr, #180, 2	@ 0x2d
    65ec:	e584e0a4 	str	lr, [r4, #164]	@ 0xa4
    65f0:	e3a0e001 	mov	lr, #1
    65f4:	e584e088 	str	lr, [r4, #136]	@ 0x88
    65f8:	e59f0f08 	ldr	r0, [pc, #3848]	@ 0x7508
    65fc:	e1a01004 	mov	r1, r4
    6600:	e59d2000 	ldr	r2, [sp]
    6604:	e59fcf00 	ldr	ip, [pc, #3840]	@ 0x750c
    6608:	e12fff3c 	blx	ip
    660c:	e3500000 	cmp	r0, #0
    6610:	1a000187 	bne	0x6c34
    6614:	e048100a 	sub	r1, r8, sl
    6618:	e1a0b001 	mov	fp, r1
    661c:	e594c040 	ldr	ip, [r4, #64]	@ 0x40
    6620:	e15c000b 	cmp	ip, fp
    6624:	e594c040 	ldr	ip, [r4, #64]	@ 0x40
    6628:	d1a0100c 	movle	r1, ip
    662c:	e584a02c 	str	sl, [r4, #44]	@ 0x2c
    6630:	e58410a8 	str	r1, [r4, #168]	@ 0xa8
    6634:	e59f0ed4 	ldr	r0, [pc, #3796]	@ 0x7510
    6638:	e1a01004 	mov	r1, r4
    663c:	e59d2000 	ldr	r2, [sp]
    6640:	e59fcecc 	ldr	ip, [pc, #3788]	@ 0x7514
    6644:	e12fff3c 	blx	ip
    6648:	e3500000 	cmp	r0, #0
    664c:	1a000178 	bne	0x6c34
    6650:	e594c040 	ldr	ip, [r4, #64]	@ 0x40
    6654:	e04ce00b 	sub	lr, ip, fp
    6658:	e584e040 	str	lr, [r4, #64]	@ 0x40
    665c:	e2891004 	add	r1, r9, #4
    6660:	e1a09001 	mov	r9, r1
    6664:	e1510007 	cmp	r1, r7
    6668:	2a000002 	bcs	0x6678
    666c:	e594c040 	ldr	ip, [r4, #64]	@ 0x40
    6670:	e37c0001 	cmn	ip, #1
    6674:	caffff76 	bgt	0x6454
    6678:	e594c040 	ldr	ip, [r4, #64]	@ 0x40
    667c:	e28c1012 	add	r1, ip, #18
    6680:	e3a0e030 	mov	lr, #48	@ 0x30
    6684:	e584e0a4 	str	lr, [r4, #164]	@ 0xa4
    6688:	e58410a8 	str	r1, [r4, #168]	@ 0xa8
    668c:	e3a0e012 	mov	lr, #18
    6690:	e584e0ac 	str	lr, [r4, #172]	@ 0xac
    6694:	e3a0e000 	mov	lr, #0
    6698:	e584e084 	str	lr, [r4, #132]	@ 0x84
    669c:	e59f0e74 	ldr	r0, [pc, #3700]	@ 0x7518
    66a0:	e1a01004 	mov	r1, r4
    66a4:	e59d2000 	ldr	r2, [sp]
    66a8:	e59fce6c 	ldr	ip, [pc, #3692]	@ 0x751c
    66ac:	e12fff3c 	blx	ip
    66b0:	e3500000 	cmp	r0, #0
    66b4:	1a00015e 	bne	0x6c34
    66b8:	e594e054 	ldr	lr, [r4, #84]	@ 0x54
    66bc:	e594c038 	ldr	ip, [r4, #56]	@ 0x38
    66c0:	e04c100e 	sub	r1, ip, lr
    66c4:	e58410a8 	str	r1, [r4, #168]	@ 0xa8
    66c8:	e59f0e50 	ldr	r0, [pc, #3664]	@ 0x7520
    66cc:	e1a01004 	mov	r1, r4
    66d0:	e59d2000 	ldr	r2, [sp]
    66d4:	e59fce48 	ldr	ip, [pc, #3656]	@ 0x7524
    66d8:	e12fff3c 	blx	ip
    66dc:	e3500000 	cmp	r0, #0
    66e0:	1a000153 	bne	0x6c34
    66e4:	ea00000f 	b	0x6728
    66e8:	e5940040 	ldr	r0, [r4, #64]	@ 0x40
    66ec:	e2800009 	add	r0, r0, #9
    66f0:	e3a0e030 	mov	lr, #48	@ 0x30
    66f4:	e584e0a4 	str	lr, [r4, #164]	@ 0xa4
    66f8:	e58400a8 	str	r0, [r4, #168]	@ 0xa8
    66fc:	e3a0e009 	mov	lr, #9
    6700:	e584e0ac 	str	lr, [r4, #172]	@ 0xac
    6704:	e3a0e000 	mov	lr, #0
    6708:	e584e084 	str	lr, [r4, #132]	@ 0x84
    670c:	e59f0e14 	ldr	r0, [pc, #3604]	@ 0x7528
    6710:	e1a01004 	mov	r1, r4
    6714:	e59d2000 	ldr	r2, [sp]
    6718:	e59fce0c 	ldr	ip, [pc, #3596]	@ 0x752c
    671c:	e12fff3c 	blx	ip
    6720:	e3500000 	cmp	r0, #0
    6724:	1a000142 	bne	0x6c34
    6728:	e594c014 	ldr	ip, [r4, #20]
    672c:	e22c0d80 	eor	r0, ip, #128, 26	@ 0x2000
    6730:	e3a0e020 	mov	lr, #32
    6734:	e584e0a4 	str	lr, [r4, #164]	@ 0xa4
    6738:	e5846018 	str	r6, [r4, #24]
    673c:	e58400b0 	str	r0, [r4, #176]	@ 0xb0
    6740:	e59f0de8 	ldr	r0, [pc, #3560]	@ 0x7530
    6744:	e1a01004 	mov	r1, r4
    6748:	e59d2000 	ldr	r2, [sp]
    674c:	e59fcde0 	ldr	ip, [pc, #3552]	@ 0x7534
    6750:	e12fff3c 	blx	ip
    6754:	e3500000 	cmp	r0, #0
    6758:	1a000135 	bne	0x6c34
    675c:	e594c00c 	ldr	ip, [r4, #12]
    6760:	e15c0006 	cmp	ip, r6
    6764:	e594e00c 	ldr	lr, [r4, #12]
    6768:	d1a0e006 	movle	lr, r6
    676c:	e584e034 	str	lr, [r4, #52]	@ 0x34
    6770:	ea00011f 	b	0x6bf4
    6774:	e594c018 	ldr	ip, [r4, #24]
    6778:	e1a00d0c 	lsl	r0, ip, #26
    677c:	e1a00fc0 	asr	r0, r0, #31
    6780:	e2000009 	and	r0, r0, #9
    6784:	e594c028 	ldr	ip, [r4, #40]	@ 0x28
    6788:	e08ce000 	add	lr, ip, r0
    678c:	e584e054 	str	lr, [r4, #84]	@ 0x54
    6790:	e594c010 	ldr	ip, [r4, #16]
    6794:	e35c000b 	cmp	ip, #11
    6798:	8a00001e 	bhi	0x6818
    679c:	e594c010 	ldr	ip, [r4, #16]
    67a0:	e26c000c 	rsb	r0, ip, #12
    67a4:	e3a0c000 	mov	ip, #0
    67a8:	e3a0e9c0 	mov	lr, #192, 18	@ 0x300000
    67ac:	e38ee440 	orr	lr, lr, #64, 8	@ 0x40000000
    67b0:	ec4eca10 	vmov	s0, s1, ip, lr
    67b4:	e3a0c000 	mov	ip, #0
    67b8:	e3a0e9c0 	mov	lr, #192, 18	@ 0x300000
    67bc:	e38ee440 	orr	lr, lr, #64, 8	@ 0x40000000
    67c0:	ec4eca11 	vmov	s2, s3, ip, lr
    67c4:	ee200b01 	vmul.f64	d0, d0, d1
    67c8:	e2401001 	sub	r1, r0, #1
    67cc:	e1a00001 	mov	r0, r1
    67d0:	e3510000 	cmp	r1, #0
    67d4:	1afffff6 	bne	0x67b4
    67d8:	e5942054 	ldr	r2, [r4, #84]	@ 0x54
    67dc:	e5951030 	ldr	r1, [r5, #48]	@ 0x30
    67e0:	e3e0c4fe 	mvn	ip, #-33554432	@ 0xfe000000
    67e4:	e3ccc8fe 	bic	ip, ip, #16646144	@ 0xfe0000
    67e8:	e152000c 	cmp	r2, ip
    67ec:	8a00010d 	bhi	0x6c28
    67f0:	e7e012f0 			@ <UNDEFINED> instruction: 0xe7e012f0
    67f4:	e350002d 	cmp	r0, #45	@ 0x2d
    67f8:	1a000004 	bne	0x6810
    67fc:	eeb11b48 	vneg.f64	d1, d8
    6800:	ee311b40 	vsub.f64	d1, d1, d0
    6804:	ee301b01 	vadd.f64	d1, d0, d1
    6808:	eeb18b41 	vneg.f64	d8, d1
    680c:	ea000001 	b	0x6818
    6810:	ee381b00 	vadd.f64	d1, d8, d0
    6814:	ee318b40 	vsub.f64	d8, d1, d0
    6818:	e594201c 	ldr	r2, [r4, #28]
    681c:	e5951030 	ldr	r1, [r5, #48]	@ 0x30
    6820:	e59fed10 	ldr	lr, [pc, #3344]	@ 0x7538
    6824:	e7f2e2fc 	udf	#11820	@ 0x2e2c
    6828:	2a0000fe 	bcs	0x6c28
    682c:	e7e012f4 			@ <UNDEFINED> instruction: 0xe7e012f4
    6830:	e1a07000 	mov	r7, r0
    6834:	e1a01fc7 	asr	r1, r7, #31
    6838:	e1a02001 	mov	r2, r1
    683c:	e0200001 	eor	r0, r0, r1
    6840:	e0400002 	sub	r0, r0, r2
    6844:	e3a01000 	mov	r1, #0
    6848:	e58400a0 	str	r0, [r4, #160]	@ 0xa0
    684c:	e58410a4 	str	r1, [r4, #164]	@ 0xa4
    6850:	e59f0ce4 	ldr	r0, [pc, #3300]	@ 0x753c
    6854:	e1a01004 	mov	r1, r4
    6858:	e59d2000 	ldr	r2, [sp]
    685c:	e59fccdc 	ldr	ip, [pc, #3292]	@ 0x7540
    6860:	e12fff3c 	blx	ip
    6864:	e3500000 	cmp	r0, #0
    6868:	1a0000f1 	bne	0x6c34
    686c:	e59400a0 	ldr	r0, [r4, #160]	@ 0xa0
    6870:	e1a01000 	mov	r1, r0
    6874:	e594c038 	ldr	ip, [r4, #56]	@ 0x38
    6878:	e150000c 	cmp	r0, ip
    687c:	1a00000e 	bne	0x68bc
    6880:	e2410001 	sub	r0, r1, #1
    6884:	e1a01000 	mov	r1, r0
    6888:	e5952030 	ldr	r2, [r5, #48]	@ 0x30
    688c:	e3e0c4fe 	mvn	ip, #-33554432	@ 0xfe000000
    6890:	e3ccc8fe 	bic	ip, ip, #16646144	@ 0xfe0000
    6894:	e150000c 	cmp	r0, ip
    6898:	8a0000e2 	bhi	0x6c28
    689c:	e3a03030 	mov	r3, #48	@ 0x30
    68a0:	e7d320f0 			@ <UNDEFINED> instruction: 0xe7d320f0
    68a4:	e594201c 	ldr	r2, [r4, #28]
    68a8:	e5950030 	ldr	r0, [r5, #48]	@ 0x30
    68ac:	e59fec84 	ldr	lr, [pc, #3204]	@ 0x7538
    68b0:	e7f2e2fc 	udf	#11820	@ 0x2e2c
    68b4:	2a0000db 	bcs	0x6c28
    68b8:	e7e702f4 			@ <UNDEFINED> instruction: 0xe7e702f4
    68bc:	e594c024 	ldr	ip, [r4, #36]	@ 0x24
    68c0:	e38c8002 	orr	r8, ip, #2
    68c4:	e594c018 	ldr	ip, [r4, #24]
    68c8:	e20c0020 	and	r0, ip, #32
    68cc:	e2412002 	sub	r2, r1, #2
    68d0:	e5842060 	str	r2, [r4, #96]	@ 0x60
    68d4:	e594c018 	ldr	ip, [r4, #24]
    68d8:	e28c300f 	add	r3, ip, #15
    68dc:	e595a030 	ldr	sl, [r5, #48]	@ 0x30
    68e0:	e3e0c4fe 	mvn	ip, #-33554432	@ 0xfe000000
    68e4:	e3ccc8fe 	bic	ip, ip, #16646144	@ 0xfe0000
    68e8:	e152000c 	cmp	r2, ip
    68ec:	8a0000cd 	bhi	0x6c28
    68f0:	e7d3a2f0 			@ <UNDEFINED> instruction: 0xe7d3a2f0
    68f4:	e2411001 	sub	r1, r1, #1
    68f8:	e3570000 	cmp	r7, #0
    68fc:	e3a0202d 	mov	r2, #45	@ 0x2d
    6900:	a3a0202b 	movge	r2, #43	@ 0x2b
    6904:	e5953030 	ldr	r3, [r5, #48]	@ 0x30
    6908:	e3e0c4fe 	mvn	ip, #-33554432	@ 0xfe000000
    690c:	e3ccc8fe 	bic	ip, ip, #16646144	@ 0xfe0000
    6910:	e151000c 	cmp	r1, ip
    6914:	8a0000c3 	bhi	0x6c28
    6918:	e7d231f0 			@ <UNDEFINED> instruction: 0xe7d231f0
    691c:	e594c010 	ldr	ip, [r4, #16]
    6920:	e35c0001 	cmp	ip, #1
    6924:	e3a01000 	mov	r1, #0
    6928:	b3a01001 	movlt	r1, #1
    692c:	e594c014 	ldr	ip, [r4, #20]
    6930:	e20c2008 	and	r2, ip, #8
    6934:	e3520000 	cmp	r2, #0
    6938:	e3a02000 	mov	r2, #0
    693c:	03a02001 	moveq	r2, #1
    6940:	e0011002 	and	r1, r1, r2
    6944:	e594c01c 	ldr	ip, [r4, #28]
    6948:	e28c2010 	add	r2, ip, #16
    694c:	e1a03002 	mov	r3, r2
    6950:	e1a07003 	mov	r7, r3
    6954:	eebd7bc8 	vcvt.s32.f64	s14, d8
    6958:	ee17aa10 	vmov	sl, s14
    695c:	e1a0b00a 	mov	fp, sl
    6960:	e28aab40 	add	sl, sl, #64, 22	@ 0x10000
    6964:	e28aaf88 	add	sl, sl, #136, 30	@ 0x220
    6968:	e1a0600a 	mov	r6, sl
    696c:	e5959030 	ldr	r9, [r5, #48]	@ 0x30
    6970:	e3e0c4fe 	mvn	ip, #-33554432	@ 0xfe000000
    6974:	e3ccc8fe 	bic	ip, ip, #16646144	@ 0xfe0000
    6978:	e156000c 	cmp	r6, ip
    697c:	8a0000a9 	bhi	0x6c28
    6980:	e7ea96f0 			@ <UNDEFINED> instruction: 0xe7ea96f0
    6984:	e18aa000 	orr	sl, sl, r0
    6988:	e5956030 	ldr	r6, [r5, #48]	@ 0x30
    698c:	e3e0c4fe 	mvn	ip, #-33554432	@ 0xfe000000
    6990:	e3ccc8fe 	bic	ip, ip, #16646144	@ 0xfe0000
    6994:	e153000c 	cmp	r3, ip
    6998:	8a0000a2 	bhi	0x6c28
    699c:	e7da63f0 			@ <UNDEFINED> instruction: 0xe7da63f0
    69a0:	ee07ba10 	vmov	s14, fp
    69a4:	eeb80bc7 	vcvt.f64.s32	d0, s14
    69a8:	ee380b40 	vsub.f64	d0, d8, d0
    69ac:	e3a0c000 	mov	ip, #0
    69b0:	e3a0e9c0 	mov	lr, #192, 18	@ 0x300000
    69b4:	e38ee440 	orr	lr, lr, #64, 8	@ 0x40000000
    69b8:	ec4eca11 	vmov	s2, s3, ip, lr
    69bc:	ee208b01 	vmul.f64	d8, d0, d1
    69c0:	e2873001 	add	r3, r7, #1
    69c4:	e1a02003 	mov	r2, r3
    69c8:	e594c01c 	ldr	ip, [r4, #28]
    69cc:	e28c6010 	add	r6, ip, #16
    69d0:	e0433006 	sub	r3, r3, r6
    69d4:	e3530001 	cmp	r3, #1
    69d8:	1a000010 	bne	0x6a20
    69dc:	e3a0c000 	mov	ip, #0
    69e0:	ec4cca10 	vmov	s0, s1, ip, ip
    69e4:	eeb48b40 	vcmp.f64	d8, d0
    69e8:	eef1fa10 	vmrs	APSR_nzcv, fpscr
    69ec:	e3a03000 	mov	r3, #0
    69f0:	03a03001 	moveq	r3, #1
    69f4:	e1130001 	tst	r3, r1
    69f8:	1a000008 	bne	0x6a20
    69fc:	e1a06007 	mov	r6, r7
    6a00:	e5953030 	ldr	r3, [r5, #48]	@ 0x30
    6a04:	e3e0e4fe 	mvn	lr, #-33554432	@ 0xfe000000
    6a08:	e3cee8fe 	bic	lr, lr, #16646144	@ 0xfe0000
    6a0c:	e7f6e0f1 	udf	#28161	@ 0x6e01
    6a10:	2a000084 	bcs	0x6c28
    6a14:	e3a0902e 	mov	r9, #46	@ 0x2e
    6a18:	e7d936f0 			@ <UNDEFINED> instruction: 0xe7d936f0
    6a1c:	e2872002 	add	r2, r7, #2
    6a20:	e3a0c000 	mov	ip, #0
    6a24:	ec4cca10 	vmov	s0, s1, ip, ip
    6a28:	eeb48b40 	vcmp.f64	d8, d0
    6a2c:	eef1fa10 	vmrs	APSR_nzcv, fpscr
    6a30:	1affffc5 	bne	0x694c
    6a34:	e3e0e000 	mvn	lr, #0
    6a38:	e584e034 	str	lr, [r4, #52]	@ 0x34
    6a3c:	e594e060 	ldr	lr, [r4, #96]	@ 0x60
    6a40:	e594c038 	ldr	ip, [r4, #56]	@ 0x38
    6a44:	e04c000e 	sub	r0, ip, lr
    6a48:	e1a06000 	mov	r6, r0
    6a4c:	e0880000 	add	r0, r8, r0
    6a50:	e1a01000 	mov	r1, r0
    6a54:	e3e0c3a0 	mvn	ip, #160, 6	@ 0x80000002
    6a58:	e04c0000 	sub	r0, ip, r0
    6a5c:	e594c010 	ldr	ip, [r4, #16]
    6a60:	e15c0000 	cmp	ip, r0
    6a64:	ca000062 	bgt	0x6bf4
    6a68:	e594c010 	ldr	ip, [r4, #16]
    6a6c:	e28c0002 	add	r0, ip, #2
    6a70:	e594c01c 	ldr	ip, [r4, #28]
    6a74:	e28c3010 	add	r3, ip, #16
    6a78:	e0422003 	sub	r2, r2, r3
    6a7c:	e1a07002 	mov	r7, r2
    6a80:	e2473002 	sub	r3, r7, #2
    6a84:	e594c010 	ldr	ip, [r4, #16]
    6a88:	e153000c 	cmp	r3, ip
    6a8c:	a1a00002 	movge	r0, r2
    6a90:	e594c010 	ldr	ip, [r4, #16]
    6a94:	e35c0000 	cmp	ip, #0
    6a98:	01a00007 	moveq	r0, r7
    6a9c:	e1a09000 	mov	r9, r0
    6aa0:	e0811000 	add	r1, r1, r0
    6aa4:	e1a0a001 	mov	sl, r1
    6aa8:	e3a0e020 	mov	lr, #32
    6aac:	e584e0a4 	str	lr, [r4, #164]	@ 0xa4
    6ab0:	e58410ac 	str	r1, [r4, #172]	@ 0xac
    6ab4:	e59f0a88 	ldr	r0, [pc, #2696]	@ 0x7544
    6ab8:	e1a01004 	mov	r1, r4
    6abc:	e59d2000 	ldr	r2, [sp]
    6ac0:	e59fca80 	ldr	ip, [pc, #2688]	@ 0x7548
    6ac4:	e12fff3c 	blx	ip
    6ac8:	e3500000 	cmp	r0, #0
    6acc:	1a000058 	bne	0x6c34
    6ad0:	e584805c 	str	r8, [r4, #92]	@ 0x5c
    6ad4:	e59f0a70 	ldr	r0, [pc, #2672]	@ 0x754c
    6ad8:	e1a01004 	mov	r1, r4
    6adc:	e59d2000 	ldr	r2, [sp]
    6ae0:	e59fca68 	ldr	ip, [pc, #2664]	@ 0x7550
    6ae4:	e12fff3c 	blx	ip
    6ae8:	e3500000 	cmp	r0, #0
    6aec:	1a000050 	bne	0x6c34
    6af0:	e594c014 	ldr	ip, [r4, #20]
    6af4:	e22c0b40 	eor	r0, ip, #64, 22	@ 0x10000
    6af8:	e3a0e030 	mov	lr, #48	@ 0x30
    6afc:	e584e0a4 	str	lr, [r4, #164]	@ 0xa4
    6b00:	e584a030 	str	sl, [r4, #48]	@ 0x30
    6b04:	e58400b0 	str	r0, [r4, #176]	@ 0xb0
    6b08:	e59f0a44 	ldr	r0, [pc, #2628]	@ 0x7554
    6b0c:	e1a01004 	mov	r1, r4
    6b10:	e59d2000 	ldr	r2, [sp]
    6b14:	e59fca3c 	ldr	ip, [pc, #2620]	@ 0x7558
    6b18:	e12fff3c 	blx	ip
    6b1c:	e3500000 	cmp	r0, #0
    6b20:	1a000043 	bne	0x6c34
    6b24:	e594c01c 	ldr	ip, [r4, #28]
    6b28:	e28c0010 	add	r0, ip, #16
    6b2c:	e58400a4 	str	r0, [r4, #164]	@ 0xa4
    6b30:	e584702c 	str	r7, [r4, #44]	@ 0x2c
    6b34:	e59f0a20 	ldr	r0, [pc, #2592]	@ 0x755c
    6b38:	e1a01004 	mov	r1, r4
    6b3c:	e59d2000 	ldr	r2, [sp]
    6b40:	e59fca18 	ldr	ip, [pc, #2584]	@ 0x7560
    6b44:	e12fff3c 	blx	ip
    6b48:	e3500000 	cmp	r0, #0
    6b4c:	1a000038 	bne	0x6c34
    6b50:	e0499007 	sub	r9, r9, r7
    6b54:	e3a0e030 	mov	lr, #48	@ 0x30
    6b58:	e584e0a4 	str	lr, [r4, #164]	@ 0xa4
    6b5c:	e58490a8 	str	r9, [r4, #168]	@ 0xa8
    6b60:	e3a0e000 	mov	lr, #0
    6b64:	e584e084 	str	lr, [r4, #132]	@ 0x84
    6b68:	e3a0e000 	mov	lr, #0
    6b6c:	e584e084 	str	lr, [r4, #132]	@ 0x84
    6b70:	e59f09ec 	ldr	r0, [pc, #2540]	@ 0x7564
    6b74:	e1a01004 	mov	r1, r4
    6b78:	e59d2000 	ldr	r2, [sp]
    6b7c:	e59fc9e4 	ldr	ip, [pc, #2532]	@ 0x7568
    6b80:	e12fff3c 	blx	ip
    6b84:	e3500000 	cmp	r0, #0
    6b88:	1a000029 	bne	0x6c34
    6b8c:	e5846050 	str	r6, [r4, #80]	@ 0x50
    6b90:	e59f09d4 	ldr	r0, [pc, #2516]	@ 0x756c
    6b94:	e1a01004 	mov	r1, r4
    6b98:	e59d2000 	ldr	r2, [sp]
    6b9c:	e59fc9cc 	ldr	ip, [pc, #2508]	@ 0x7570
    6ba0:	e12fff3c 	blx	ip
    6ba4:	e3500000 	cmp	r0, #0
    6ba8:	1a000021 	bne	0x6c34
    6bac:	e594c014 	ldr	ip, [r4, #20]
    6bb0:	e22c0d80 	eor	r0, ip, #128, 26	@ 0x2000
    6bb4:	e3a0e020 	mov	lr, #32
    6bb8:	e584e0a4 	str	lr, [r4, #164]	@ 0xa4
    6bbc:	e584a030 	str	sl, [r4, #48]	@ 0x30
    6bc0:	e58400b0 	str	r0, [r4, #176]	@ 0xb0
    6bc4:	e59f09a8 	ldr	r0, [pc, #2472]	@ 0x7574
    6bc8:	e1a01004 	mov	r1, r4
    6bcc:	e59d2000 	ldr	r2, [sp]
    6bd0:	e59fc9a0 	ldr	ip, [pc, #2464]	@ 0x7578
    6bd4:	e12fff3c 	blx	ip
    6bd8:	e3500000 	cmp	r0, #0
    6bdc:	1a000014 	bne	0x6c34
    6be0:	e594c00c 	ldr	ip, [r4, #12]
    6be4:	e15c000a 	cmp	ip, sl
    6be8:	e594e00c 	ldr	lr, [r4, #12]
    6bec:	d1a0e00a 	movle	lr, sl
    6bf0:	e584e034 	str	lr, [r4, #52]	@ 0x34
    6bf4:	e594c01c 	ldr	ip, [r4, #28]
    6bf8:	e28c0f8c 	add	r0, ip, #140, 30	@ 0x230
    6bfc:	e595103c 	ldr	r1, [r5, #60]	@ 0x3c
    6c00:	e5810008 	str	r0, [r1, #8]
    6c04:	e59f0970 	ldr	r0, [pc, #2416]	@ 0x757c
    6c08:	e30ccabc 	movw	ip, #51900	@ 0xcabc
    6c0c:	e34ccdef 	movt	ip, #52719	@ 0xcdef
    6c10:	e28dd018 	add	sp, sp, #24
    6c14:	ecbd8b02 	vpop	{d8}
    6c18:	e28dd004 	add	sp, sp, #4
    6c1c:	e8bd8fc0 	pop	{r6, r7, r8, r9, sl, fp, pc}
    6c20:	e3a00003 	mov	r0, #3
    6c24:	ea000000 	b	0x6c2c
    6c28:	e3a00008 	mov	r0, #8
    6c2c:	e59d1000 	ldr	r1, [sp]
    6c30:	e5810010 	str	r0, [r1, #16]
    6c34:	e59d0000 	ldr	r0, [sp]
    6c38:	e59d103c 	ldr	r1, [sp, #60]	@ 0x3c
    6c3c:	e59fc93c 	ldr	ip, [pc, #2364]	@ 0x7580
    6c40:	e12fff3c 	blx	ip
    6c44:	e28dd018 	add	sp, sp, #24
    6c48:	ecbd8b02 	vpop	{d8}
    6c4c:	e28dd004 	add	sp, sp, #4
    6c50:	e8bd0fc0 	pop	{r6, r7, r8, r9, sl, fp}
    6c54:	e28dd004 	add	sp, sp, #4
    6c58:	e12fff10 	bx	r0
    6c5c:	e92d41c0 	push	{r6, r7, r8, lr}
    6c60:	e24dd008 	sub	sp, sp, #8
    6c64:	e58d0000 	str	r0, [sp]
    6c68:	e30cc123 	movw	ip, #49443	@ 0xc123
    6c6c:	e34cc456 	movt	ip, #50262	@ 0xc456
    6c70:	e5946000 	ldr	r6, [r4]
    6c74:	e5940004 	ldr	r0, [r4, #4]
    6c78:	e1a03000 	mov	r3, r0
    6c7c:	e5952030 	ldr	r2, [r5, #48]	@ 0x30
    6c80:	e59fc8b0 	ldr	ip, [pc, #2224]	@ 0x7538
    6c84:	e153000c 	cmp	r3, ip
    6c88:	8a000032 	bhi	0x6d58
    6c8c:	e7e123f4 			@ <UNDEFINED> instruction: 0xe7e123f4
    6c90:	e2811007 	add	r1, r1, #7
    6c94:	e3c11007 	bic	r1, r1, #7
    6c98:	e1a02001 	mov	r2, r1
    6c9c:	e2811010 	add	r1, r1, #16
    6ca0:	e5953030 	ldr	r3, [r5, #48]	@ 0x30
    6ca4:	e59fc88c 	ldr	ip, [pc, #2188]	@ 0x7538
    6ca8:	e150000c 	cmp	r0, ip
    6cac:	8a000029 	bhi	0x6d58
    6cb0:	e7d130f4 			@ <UNDEFINED> instruction: 0xe7d130f4
    6cb4:	e1a07002 	mov	r7, r2
    6cb8:	e5953030 	ldr	r3, [r5, #48]	@ 0x30
    6cbc:	e59fc8c0 	ldr	ip, [pc, #2240]	@ 0x7584
    6cc0:	e157000c 	cmp	r7, ip
    6cc4:	8a000023 	bhi	0x6d58
    6cc8:	e083c007 	add	ip, r3, r7
    6ccc:	e59c0000 	ldr	r0, [ip]
    6cd0:	e59c1004 	ldr	r1, [ip, #4]
    6cd4:	e5958030 	ldr	r8, [r5, #48]	@ 0x30
    6cd8:	e59fe8a4 	ldr	lr, [pc, #2212]	@ 0x7584
    6cdc:	e7f2e0f8 	udf	#11784	@ 0x2e08
    6ce0:	2a00001c 	bcs	0x6d58
    6ce4:	e088c002 	add	ip, r8, r2
    6ce8:	e59c3000 	ldr	r3, [ip]
    6cec:	e59c7004 	ldr	r7, [ip, #4]
    6cf0:	e584001c 	str	r0, [r4, #28]
    6cf4:	e5841020 	str	r1, [r4, #32]
    6cf8:	e5843024 	str	r3, [r4, #36]	@ 0x24
    6cfc:	e5847028 	str	r7, [r4, #40]	@ 0x28
    6d00:	e59f0880 	ldr	r0, [pc, #2176]	@ 0x7588
    6d04:	e1a01004 	mov	r1, r4
    6d08:	e59d2000 	ldr	r2, [sp]
    6d0c:	e59fc878 	ldr	ip, [pc, #2168]	@ 0x758c
    6d10:	e12fff3c 	blx	ip
    6d14:	e3500000 	cmp	r0, #0
    6d18:	1a000011 	bne	0x6d64
    6d1c:	ed940b07 	vldr	d0, [r4, #28]
    6d20:	e5950030 	ldr	r0, [r5, #48]	@ 0x30
    6d24:	e59fc858 	ldr	ip, [pc, #2136]	@ 0x7584
    6d28:	e156000c 	cmp	r6, ip
    6d2c:	8a000009 	bhi	0x6d58
    6d30:	ee10ea10 	vmov	lr, s0
    6d34:	e080c006 	add	ip, r0, r6
    6d38:	e58ce000 	str	lr, [ip]
    6d3c:	ee10ea90 	vmov	lr, s1
    6d40:	e58ce004 	str	lr, [ip, #4]
    6d44:	e59f0844 	ldr	r0, [pc, #2116]	@ 0x7590
    6d48:	e30ccabc 	movw	ip, #51900	@ 0xcabc
    6d4c:	e34ccdef 	movt	ip, #52719	@ 0xcdef
    6d50:	e28dd008 	add	sp, sp, #8
    6d54:	e8bd81c0 	pop	{r6, r7, r8, pc}
    6d58:	e3a00008 	mov	r0, #8
    6d5c:	e59d1000 	ldr	r1, [sp]
    6d60:	e5810010 	str	r0, [r1, #16]
    6d64:	e59d0000 	ldr	r0, [sp]
    6d68:	e59d1014 	ldr	r1, [sp, #20]
    6d6c:	e59fc820 	ldr	ip, [pc, #2080]	@ 0x7594
    6d70:	e12fff3c 	blx	ip
    6d74:	e28dd008 	add	sp, sp, #8
    6d78:	e8bd01c0 	pop	{r6, r7, r8}
    6d7c:	e28dd004 	add	sp, sp, #4
    6d80:	e12fff10 	bx	r0
    6d84:	e52de004 	push	{lr}		@ (str lr, [sp, #-4]!)
    6d88:	e24dd004 	sub	sp, sp, #4
    6d8c:	e58d0000 	str	r0, [sp]
    6d90:	e30cc123 	movw	ip, #49443	@ 0xc123
    6d94:	e34cc456 	movt	ip, #50262	@ 0xc456
    6d98:	ed940b00 	vldr	d0, [r4]
    6d9c:	ec510a10 	vmov	r0, r1, s0, s1
    6da0:	e5840008 	str	r0, [r4, #8]
    6da4:	e584100c 	str	r1, [r4, #12]
    6da8:	e59f07e8 	ldr	r0, [pc, #2024]	@ 0x7598
    6dac:	e30ccabc 	movw	ip, #51900	@ 0xcabc
    6db0:	e34ccdef 	movt	ip, #52719	@ 0xcdef
    6db4:	e28dd004 	add	sp, sp, #4
    6db8:	e49df004 	pop	{pc}		@ (ldr pc, [sp], #4)
    6dbc:	e92d4040 	push	{r6, lr}
    6dc0:	e24dd008 	sub	sp, sp, #8
    6dc4:	e58d0000 	str	r0, [sp]
    6dc8:	e30cc123 	movw	ip, #49443	@ 0xc123
    6dcc:	e34cc456 	movt	ip, #50262	@ 0xc456
    6dd0:	e5946000 	ldr	r6, [r4]
    6dd4:	e3560000 	cmp	r6, #0
    6dd8:	1a000003 	bne	0x6dec
    6ddc:	e3a0e000 	mov	lr, #0
    6de0:	e584e004 	str	lr, [r4, #4]
    6de4:	e59f07b0 	ldr	r0, [pc, #1968]	@ 0x759c
    6de8:	ea000012 	b	0x6e38
    6dec:	e3a009fd 	mov	r0, #4145152	@ 0x3f4000
    6df0:	e3800df6 	orr	r0, r0, #15744	@ 0x3d80
    6df4:	e1a01004 	mov	r1, r4
    6df8:	e59d2000 	ldr	r2, [sp]
    6dfc:	e59fc79c 	ldr	ip, [pc, #1948]	@ 0x75a0
    6e00:	e12fff3c 	blx	ip
    6e04:	e3500000 	cmp	r0, #0
    6e08:	1a00000f 	bne	0x6e4c
    6e0c:	e594000c 	ldr	r0, [r4, #12]
    6e10:	e5951030 	ldr	r1, [r5, #48]	@ 0x30
    6e14:	e59fc71c 	ldr	ip, [pc, #1820]	@ 0x7538
    6e18:	e150000c 	cmp	r0, ip
    6e1c:	8a000007 	bhi	0x6e40
    6e20:	e7d610f4 			@ <UNDEFINED> instruction: 0xe7d610f4
    6e24:	e3e0e000 	mvn	lr, #0
    6e28:	e584e008 	str	lr, [r4, #8]
    6e2c:	e59f0770 	ldr	r0, [pc, #1904]	@ 0x75a4
    6e30:	e30ccabc 	movw	ip, #51900	@ 0xcabc
    6e34:	e34ccdef 	movt	ip, #52719	@ 0xcdef
    6e38:	e28dd008 	add	sp, sp, #8
    6e3c:	e8bd8040 	pop	{r6, pc}
    6e40:	e3a00008 	mov	r0, #8
    6e44:	e59d1000 	ldr	r1, [sp]
    6e48:	e5810010 	str	r0, [r1, #16]
    6e4c:	e59d0000 	ldr	r0, [sp]
    6e50:	e59d100c 	ldr	r1, [sp, #12]
    6e54:	e59fc74c 	ldr	ip, [pc, #1868]	@ 0x75a8
    6e58:	e12fff3c 	blx	ip
    6e5c:	e59d6008 	ldr	r6, [sp, #8]
    6e60:	e28dd010 	add	sp, sp, #16
    6e64:	e12fff10 	bx	r0
    6e68:	e52de004 	push	{lr}		@ (str lr, [sp, #-4]!)
    6e6c:	e24dd004 	sub	sp, sp, #4
    6e70:	e58d0000 	str	r0, [sp]
    6e74:	e30cc123 	movw	ip, #49443	@ 0xc123
    6e78:	e34cc456 	movt	ip, #50262	@ 0xc456
    6e7c:	e3a0e02a 	mov	lr, #42	@ 0x2a
    6e80:	e584e000 	str	lr, [r4]
    6e84:	e59f0720 	ldr	r0, [pc, #1824]	@ 0x75ac
    6e88:	e30ccabc 	movw	ip, #51900	@ 0xcabc
    6e8c:	e34ccdef 	movt	ip, #52719	@ 0xcdef
    6e90:	e28dd004 	add	sp, sp, #4
    6e94:	e49df004 	pop	{pc}		@ (ldr pc, [sp], #4)
    6e98:	e52de004 	push	{lr}		@ (str lr, [sp, #-4]!)
    6e9c:	e24dd004 	sub	sp, sp, #4
    6ea0:	e58d0000 	str	r0, [sp]
    6ea4:	e30cc123 	movw	ip, #49443	@ 0xc123
    6ea8:	e34cc456 	movt	ip, #50262	@ 0xc456
    6eac:	e59f06fc 	ldr	r0, [pc, #1788]	@ 0x75b0
    6eb0:	e1a01004 	mov	r1, r4
    6eb4:	e59d2000 	ldr	r2, [sp]
    6eb8:	e59fc6f4 	ldr	ip, [pc, #1780]	@ 0x75b4
    6ebc:	e12fff3c 	blx	ip
    6ec0:	e3500000 	cmp	r0, #0
    6ec4:	1a000006 	bne	0x6ee4
    6ec8:	e5940000 	ldr	r0, [r4]
    6ecc:	e5840000 	str	r0, [r4]
    6ed0:	e59f06e0 	ldr	r0, [pc, #1760]	@ 0x75b8
    6ed4:	e30ccabc 	movw	ip, #51900	@ 0xcabc
    6ed8:	e34ccdef 	movt	ip, #52719	@ 0xcdef
    6edc:	e28dd004 	add	sp, sp, #4
    6ee0:	e49df004 	pop	{pc}		@ (ldr pc, [sp], #4)
    6ee4:	e59d0000 	ldr	r0, [sp]
    6ee8:	e59d1004 	ldr	r1, [sp, #4]
    6eec:	e59fc6c8 	ldr	ip, [pc, #1736]	@ 0x75bc
    6ef0:	e12fff3c 	blx	ip
    6ef4:	e28dd008 	add	sp, sp, #8
    6ef8:	e12fff10 	bx	r0
    6efc:	e52de004 	push	{lr}		@ (str lr, [sp, #-4]!)
    6f00:	e24dd004 	sub	sp, sp, #4
    6f04:	e58d0000 	str	r0, [sp]
    6f08:	e30cc123 	movw	ip, #49443	@ 0xc123
    6f0c:	e34cc456 	movt	ip, #50262	@ 0xc456
    6f10:	e3a0eb44 	mov	lr, #68, 22	@ 0x11000
    6f14:	e38ee060 	orr	lr, lr, #96	@ 0x60
    6f18:	e584e000 	str	lr, [r4]
    6f1c:	e59f069c 	ldr	r0, [pc, #1692]	@ 0x75c0
    6f20:	e30ccabc 	movw	ip, #51900	@ 0xcabc
    6f24:	e34ccdef 	movt	ip, #52719	@ 0xcdef
    6f28:	e28dd004 	add	sp, sp, #4
    6f2c:	e49df004 	pop	{pc}		@ (ldr pc, [sp], #4)
    6f30:	e52de004 	push	{lr}		@ (str lr, [sp, #-4]!)
    6f34:	e24dd004 	sub	sp, sp, #4
    6f38:	e58d0000 	str	r0, [sp]
    6f3c:	e30cc123 	movw	ip, #49443	@ 0xc123
    6f40:	e34cc456 	movt	ip, #50262	@ 0xc456
    6f44:	e5950030 	ldr	r0, [r5, #48]	@ 0x30
    6f48:	e3a0eb44 	mov	lr, #68, 22	@ 0x11000
    6f4c:	e38ee048 	orr	lr, lr, #72	@ 0x48
    6f50:	e280cb48 	add	ip, r0, #72, 22	@ 0x12000
    6f54:	e50cef40 	str	lr, [ip, #-3904]	@ 0xfffff0c0
    6f58:	e59f0664 	ldr	r0, [pc, #1636]	@ 0x75c4
    6f5c:	e1a01004 	mov	r1, r4
    6f60:	e59d2000 	ldr	r2, [sp]
    6f64:	e59fc65c 	ldr	ip, [pc, #1628]	@ 0x75c8
    6f68:	e12fff3c 	blx	ip
    6f6c:	e3500000 	cmp	r0, #0
    6f70:	1a000017 	bne	0x6fd4
    6f74:	e5940010 	ldr	r0, [r4, #16]
    6f78:	e3a0cb40 	mov	ip, #64, 22	@ 0x10000
    6f7c:	e24c1000 	sub	r1, ip, #0
    6f80:	e5952030 	ldr	r2, [r5, #48]	@ 0x30
    6f84:	e282cb48 	add	ip, r2, #72, 22	@ 0x12000
    6f88:	e50c1f68 	str	r1, [ip, #-3944]	@ 0xfffff098
    6f8c:	e5951030 	ldr	r1, [r5, #48]	@ 0x30
    6f90:	e3a0eb40 	mov	lr, #64, 22	@ 0x10000
    6f94:	e281cb48 	add	ip, r1, #72, 22	@ 0x12000
    6f98:	e50cef6c 	str	lr, [ip, #-3948]	@ 0xfffff094
    6f9c:	e5951030 	ldr	r1, [r5, #48]	@ 0x30
    6fa0:	e281cb48 	add	ip, r1, #72, 22	@ 0x12000
    6fa4:	e50c0f88 	str	r0, [ip, #-3976]	@ 0xfffff078
    6fa8:	e5951030 	ldr	r1, [r5, #48]	@ 0x30
    6fac:	e281cb40 	add	ip, r1, #64, 22	@ 0x10000
    6fb0:	e59c0b6c 	ldr	r0, [ip, #2924]	@ 0xb6c
    6fb4:	e5951030 	ldr	r1, [r5, #48]	@ 0x30
    6fb8:	e281cb48 	add	ip, r1, #72, 22	@ 0x12000
    6fbc:	e50c0f64 	str	r0, [ip, #-3940]	@ 0xfffff09c
    6fc0:	e59f0604 	ldr	r0, [pc, #1540]	@ 0x75cc
    6fc4:	e30ccabc 	movw	ip, #51900	@ 0xcabc
    6fc8:	e34ccdef 	movt	ip, #52719	@ 0xcdef
    6fcc:	e28dd004 	add	sp, sp, #4
    6fd0:	e49df004 	pop	{pc}		@ (ldr pc, [sp], #4)
    6fd4:	e59d0000 	ldr	r0, [sp]
    6fd8:	e59d1004 	ldr	r1, [sp, #4]
    6fdc:	e59fc5ec 	ldr	ip, [pc, #1516]	@ 0x75d0
    6fe0:	e12fff3c 	blx	ip
    6fe4:	e28dd008 	add	sp, sp, #8
    6fe8:	e12fff10 	bx	r0
    6fec:	e92d40c0 	push	{r6, r7, lr}
    6ff0:	e24dd004 	sub	sp, sp, #4
    6ff4:	e58d0000 	str	r0, [sp]
    6ff8:	e30cc123 	movw	ip, #49443	@ 0xc123
    6ffc:	e34cc456 	movt	ip, #50262	@ 0xc456
    7000:	e5946000 	ldr	r6, [r4]
    7004:	e5947004 	ldr	r7, [r4, #4]
    7008:	e3a00001 	mov	r0, #1
    700c:	e3560000 	cmp	r6, #0
    7010:	0a0000aa 	beq	0x72c0
    7014:	e357007f 	cmp	r7, #127	@ 0x7f
    7018:	9a0000ab 	bls	0x72cc
    701c:	e59f05b0 	ldr	r0, [pc, #1456]	@ 0x75d4
    7020:	e1a01004 	mov	r1, r4
    7024:	e59d2000 	ldr	r2, [sp]
    7028:	e59fc5a8 	ldr	ip, [pc, #1448]	@ 0x75d8
    702c:	e12fff3c 	blx	ip
    7030:	e3500000 	cmp	r0, #0
    7034:	1a0000b4 	bne	0x730c
    7038:	e5941028 	ldr	r1, [r4, #40]	@ 0x28
    703c:	e1a03001 	mov	r3, r1
    7040:	e5952030 	ldr	r2, [r5, #48]	@ 0x30
    7044:	e59fe4ec 	ldr	lr, [pc, #1260]	@ 0x7538
    7048:	e7f3e6f0 	udf	#15968	@ 0x3e60
    704c:	2a0000ab 	bcs	0x7300
    7050:	e7e123f4 			@ <UNDEFINED> instruction: 0xe7e123f4
    7054:	e1a03001 	mov	r3, r1
    7058:	e5952030 	ldr	r2, [r5, #48]	@ 0x30
    705c:	e59fc4d4 	ldr	ip, [pc, #1236]	@ 0x7538
    7060:	e153000c 	cmp	r3, ip
    7064:	8a0000a5 	bhi	0x7300
    7068:	e7e123f4 			@ <UNDEFINED> instruction: 0xe7e123f4
    706c:	e3510000 	cmp	r1, #0
    7070:	1a000013 	bne	0x70c4
    7074:	e3c7107f 	bic	r1, r7, #127	@ 0x7f
    7078:	e3a0ccdf 	mov	ip, #57088	@ 0xdf00
    707c:	e38cc080 	orr	ip, ip, #128	@ 0x80
    7080:	e151000c 	cmp	r1, ip
    7084:	0a000090 	beq	0x72cc
    7088:	e59f054c 	ldr	r0, [pc, #1356]	@ 0x75dc
    708c:	e1a01004 	mov	r1, r4
    7090:	e59d2000 	ldr	r2, [sp]
    7094:	e59fc544 	ldr	ip, [pc, #1348]	@ 0x75e0
    7098:	e12fff3c 	blx	ip
    709c:	e3500000 	cmp	r0, #0
    70a0:	1a000099 	bne	0x730c
    70a4:	e5941028 	ldr	r1, [r4, #40]	@ 0x28
    70a8:	e5952030 	ldr	r2, [r5, #48]	@ 0x30
    70ac:	e59fc484 	ldr	ip, [pc, #1156]	@ 0x7538
    70b0:	e151000c 	cmp	r1, ip
    70b4:	8a000091 	bhi	0x7300
    70b8:	e3a03019 	mov	r3, #25
    70bc:	e7d321f4 			@ <UNDEFINED> instruction: 0xe7d321f4
    70c0:	ea00007d 	b	0x72bc
    70c4:	e3a0cc07 	mov	ip, #1792	@ 0x700
    70c8:	e38cc0ff 	orr	ip, ip, #255	@ 0xff
    70cc:	e157000c 	cmp	r7, ip
    70d0:	8a000015 	bhi	0x712c
    70d4:	e207103f 	and	r1, r7, #63	@ 0x3f
    70d8:	e3811080 	orr	r1, r1, #128	@ 0x80
    70dc:	e1a03006 	mov	r3, r6
    70e0:	e5952030 	ldr	r2, [r5, #48]	@ 0x30
    70e4:	e3e0e4fe 	mvn	lr, #-33554432	@ 0xfe000000
    70e8:	e3cee8fe 	bic	lr, lr, #16646144	@ 0xfe0000
    70ec:	e7f3e0f1 	udf	#15873	@ 0x3e01
    70f0:	2a000082 	bcs	0x7300
    70f4:	e7d123f0 			@ <UNDEFINED> instruction: 0xe7d123f0
    70f8:	e1a01327 	lsr	r1, r7, #6
    70fc:	e38110c0 	orr	r1, r1, #192	@ 0xc0
    7100:	e1a03006 	mov	r3, r6
    7104:	e5952030 	ldr	r2, [r5, #48]	@ 0x30
    7108:	e3e0c4fe 	mvn	ip, #-33554432	@ 0xfe000000
    710c:	e3ccc8fe 	bic	ip, ip, #16646144	@ 0xfe0000
    7110:	e153000c 	cmp	r3, ip
    7114:	8a000079 	bhi	0x7300
    7118:	e7d123f0 			@ <UNDEFINED> instruction: 0xe7d123f0
    711c:	e3a0e002 	mov	lr, #2
    7120:	e584e028 	str	lr, [r4, #40]	@ 0x28
    7124:	e59f04b8 	ldr	r0, [pc, #1208]	@ 0x75e4
    7128:	ea000072 	b	0x72f8
    712c:	e3570cd8 	cmp	r7, #216, 24	@ 0xd800
    7130:	3a000004 	bcc	0x7148
    7134:	e3e0cc1f 	mvn	ip, #7936	@ 0x1f00
    7138:	e3ccc0ff 	bic	ip, ip, #255	@ 0xff
    713c:	e007100c 	and	r1, r7, ip
    7140:	e3510ce0 	cmp	r1, #224, 24	@ 0xe000
    7144:	1a00001f 	bne	0x71c8
    7148:	e207103f 	and	r1, r7, #63	@ 0x3f
    714c:	e3811080 	orr	r1, r1, #128	@ 0x80
    7150:	e1a03006 	mov	r3, r6
    7154:	e5952030 	ldr	r2, [r5, #48]	@ 0x30
    7158:	e3e0e4fe 	mvn	lr, #-33554432	@ 0xfe000000
    715c:	e3cee8fe 	bic	lr, lr, #16646144	@ 0xfe0000
    7160:	e7f3e0f2 	udf	#15874	@ 0x3e02
    7164:	2a000065 	bcs	0x7300
    7168:	e7d123f0 			@ <UNDEFINED> instruction: 0xe7d123f0
    716c:	e1a01627 	lsr	r1, r7, #12
    7170:	e38110e0 	orr	r1, r1, #224	@ 0xe0
    7174:	e1a03006 	mov	r3, r6
    7178:	e5952030 	ldr	r2, [r5, #48]	@ 0x30
    717c:	e3e0c4fe 	mvn	ip, #-33554432	@ 0xfe000000
    7180:	e3ccc8fe 	bic	ip, ip, #16646144	@ 0xfe0000
    7184:	e153000c 	cmp	r3, ip
    7188:	8a00005c 	bhi	0x7300
    718c:	e7d123f0 			@ <UNDEFINED> instruction: 0xe7d123f0
    7190:	e1a01327 	lsr	r1, r7, #6
    7194:	e201103f 	and	r1, r1, #63	@ 0x3f
    7198:	e3811080 	orr	r1, r1, #128	@ 0x80
    719c:	e1a03006 	mov	r3, r6
    71a0:	e5952030 	ldr	r2, [r5, #48]	@ 0x30
    71a4:	e3e0e4fe 	mvn	lr, #-33554432	@ 0xfe000000
    71a8:	e3cee8fe 	bic	lr, lr, #16646144	@ 0xfe0000
    71ac:	e7f3e0f1 	udf	#15873	@ 0x3e01
    71b0:	2a000052 	bcs	0x7300
    71b4:	e7d123f0 			@ <UNDEFINED> instruction: 0xe7d123f0
    71b8:	e3a0e003 	mov	lr, #3
    71bc:	e584e028 	str	lr, [r4, #40]	@ 0x28
    71c0:	e59f0420 	ldr	r0, [pc, #1056]	@ 0x75e8
    71c4:	ea00004b 	b	0x72f8
    71c8:	e2471b40 	sub	r1, r7, #64, 22	@ 0x10000
    71cc:	e3e0c20f 	mvn	ip, #-268435456	@ 0xf0000000
    71d0:	e3ccc6ff 	bic	ip, ip, #267386880	@ 0xff00000
    71d4:	e151000c 	cmp	r1, ip
    71d8:	8a000029 	bhi	0x7284
    71dc:	e207103f 	and	r1, r7, #63	@ 0x3f
    71e0:	e3811080 	orr	r1, r1, #128	@ 0x80
    71e4:	e1a03006 	mov	r3, r6
    71e8:	e5952030 	ldr	r2, [r5, #48]	@ 0x30
    71ec:	e3e0e4fe 	mvn	lr, #-33554432	@ 0xfe000000
    71f0:	e3cee8fe 	bic	lr, lr, #16646144	@ 0xfe0000
    71f4:	e7f3e0f3 	udf	#15875	@ 0x3e03
    71f8:	2a000040 	bcs	0x7300
    71fc:	e7d123f0 			@ <UNDEFINED> instruction: 0xe7d123f0
    7200:	e1a01927 	lsr	r1, r7, #18
    7204:	e38110f0 	orr	r1, r1, #240	@ 0xf0
    7208:	e1a03006 	mov	r3, r6
    720c:	e5952030 	ldr	r2, [r5, #48]	@ 0x30
    7210:	e3e0c4fe 	mvn	ip, #-33554432	@ 0xfe000000
    7214:	e3ccc8fe 	bic	ip, ip, #16646144	@ 0xfe0000
    7218:	e153000c 	cmp	r3, ip
    721c:	8a000037 	bhi	0x7300
    7220:	e7d123f0 			@ <UNDEFINED> instruction: 0xe7d123f0
    7224:	e1a01327 	lsr	r1, r7, #6
    7228:	e201103f 	and	r1, r1, #63	@ 0x3f
    722c:	e3811080 	orr	r1, r1, #128	@ 0x80
    7230:	e1a03006 	mov	r3, r6
    7234:	e5952030 	ldr	r2, [r5, #48]	@ 0x30
    7238:	e3e0e4fe 	mvn	lr, #-33554432	@ 0xfe000000
    723c:	e3cee8fe 	bic	lr, lr, #16646144	@ 0xfe0000
    7240:	e7f3e0f2 	udf	#15874	@ 0x3e02
    7244:	2a00002d 	bcs	0x7300
    7248:	e7d123f0 			@ <UNDEFINED> instruction: 0xe7d123f0
    724c:	e1a01627 	lsr	r1, r7, #12
    7250:	e201103f 	and	r1, r1, #63	@ 0x3f
    7254:	e3811080 	orr	r1, r1, #128	@ 0x80
    7258:	e1a03006 	mov	r3, r6
    725c:	e5952030 	ldr	r2, [r5, #48]	@ 0x30
    7260:	e3e0e4fe 	mvn	lr, #-33554432	@ 0xfe000000
    7264:	e3cee8fe 	bic	lr, lr, #16646144	@ 0xfe0000
    7268:	e7f3e0f1 	udf	#15873	@ 0x3e01
    726c:	2a000023 	bcs	0x7300
    7270:	e7d123f0 			@ <UNDEFINED> instruction: 0xe7d123f0
    7274:	e3a0e004 	mov	lr, #4
    7278:	e584e028 	str	lr, [r4, #40]	@ 0x28
    727c:	e59f0368 	ldr	r0, [pc, #872]	@ 0x75ec
    7280:	ea00001c 	b	0x72f8
    7284:	e59f0364 	ldr	r0, [pc, #868]	@ 0x75f0
    7288:	e1a01004 	mov	r1, r4
    728c:	e59d2000 	ldr	r2, [sp]
    7290:	e59fc35c 	ldr	ip, [pc, #860]	@ 0x75f4
    7294:	e12fff3c 	blx	ip
    7298:	e3500000 	cmp	r0, #0
    729c:	1a00001a 	bne	0x730c
    72a0:	e5941028 	ldr	r1, [r4, #40]	@ 0x28
    72a4:	e5952030 	ldr	r2, [r5, #48]	@ 0x30
    72a8:	e59fc288 	ldr	ip, [pc, #648]	@ 0x7538
    72ac:	e151000c 	cmp	r1, ip
    72b0:	8a000012 	bhi	0x7300
    72b4:	e3a03019 	mov	r3, #25
    72b8:	e7d321f4 			@ <UNDEFINED> instruction: 0xe7d321f4
    72bc:	e3e00000 	mvn	r0, #0
    72c0:	e584000c 	str	r0, [r4, #12]
    72c4:	e59f032c 	ldr	r0, [pc, #812]	@ 0x75f8
    72c8:	ea00000a 	b	0x72f8
    72cc:	e5950030 	ldr	r0, [r5, #48]	@ 0x30
    72d0:	e3e0c4fe 	mvn	ip, #-33554432	@ 0xfe000000
    72d4:	e3ccc8fe 	bic	ip, ip, #16646144	@ 0xfe0000
    72d8:	e156000c 	cmp	r6, ip
    72dc:	8a000007 	bhi	0x7300
    72e0:	e7d706f0 			@ <UNDEFINED> instruction: 0xe7d706f0
    72e4:	e3a0e001 	mov	lr, #1
    72e8:	e584e014 	str	lr, [r4, #20]
    72ec:	e59f0308 	ldr	r0, [pc, #776]	@ 0x75fc
    72f0:	e30ccabc 	movw	ip, #51900	@ 0xcabc
    72f4:	e34ccdef 	movt	ip, #52719	@ 0xcdef
    72f8:	e28dd004 	add	sp, sp, #4
    72fc:	e8bd80c0 	pop	{r6, r7, pc}
    7300:	e3a00008 	mov	r0, #8
    7304:	e59d1000 	ldr	r1, [sp]
    7308:	e5810010 	str	r0, [r1, #16]
    730c:	e59d0000 	ldr	r0, [sp]
    7310:	e59d100c 	ldr	r1, [sp, #12]
    7314:	e59fc2e4 	ldr	ip, [pc, #740]	@ 0x7600
    7318:	e12fff3c 	blx	ip
    731c:	e28dd004 	add	sp, sp, #4
    7320:	e8bd00c0 	pop	{r6, r7}
    7324:	e28dd004 	add	sp, sp, #4
    7328:	e12fff10 	bx	r0
    732c:	e52de004 	push	{lr}		@ (str lr, [sp, #-4]!)
    7330:	e24dd004 	sub	sp, sp, #4
    7334:	e58d0000 	str	r0, [sp]
    7338:	e30cc123 	movw	ip, #49443	@ 0xc123
    733c:	e34cc456 	movt	ip, #50262	@ 0xc456
    7340:	e5940000 	ldr	r0, [r4]
    7344:	e5941004 	ldr	r1, [r4, #4]
    7348:	e3500000 	cmp	r0, #0
    734c:	1a000004 	bne	0x7364
    7350:	e3a0e000 	mov	lr, #0
    7354:	e584e008 	str	lr, [r4, #8]
    7358:	e3a009fd 	mov	r0, #4145152	@ 0x3f4000
    735c:	e3800d9d 	orr	r0, r0, #10048	@ 0x2740
    7360:	ea00000f 	b	0x73a4
    7364:	e5840000 	str	r0, [r4]
    7368:	e5841004 	str	r1, [r4, #4]
    736c:	e3a0e000 	mov	lr, #0
    7370:	e584e008 	str	lr, [r4, #8]
    7374:	e59f0288 	ldr	r0, [pc, #648]	@ 0x7604
    7378:	e1a01004 	mov	r1, r4
    737c:	e59d2000 	ldr	r2, [sp]
    7380:	e59fc280 	ldr	ip, [pc, #640]	@ 0x7608
    7384:	e12fff3c 	blx	ip
    7388:	e3500000 	cmp	r0, #0
    738c:	1a000006 	bne	0x73ac
    7390:	e594000c 	ldr	r0, [r4, #12]
    7394:	e584000c 	str	r0, [r4, #12]
    7398:	e59f026c 	ldr	r0, [pc, #620]	@ 0x760c
    739c:	e30ccabc 	movw	ip, #51900	@ 0xcabc
    73a0:	e34ccdef 	movt	ip, #52719	@ 0xcdef
    73a4:	e28dd004 	add	sp, sp, #4
    73a8:	e49df004 	pop	{pc}		@ (ldr pc, [sp], #4)
    73ac:	e59d0000 	ldr	r0, [sp]
    73b0:	e59d1004 	ldr	r1, [sp, #4]
    73b4:	e59fc254 	ldr	ip, [pc, #596]	@ 0x7610
    73b8:	e12fff3c 	blx	ip
    73bc:	e28dd008 	add	sp, sp, #8
    73c0:	e12fff10 	bx	r0
    73c4:	e52de004 	push	{lr}		@ (str lr, [sp, #-4]!)
    73c8:	e24dd004 	sub	sp, sp, #4
    73cc:	e58d0000 	str	r0, [sp]
    73d0:	e30cc123 	movw	ip, #49443	@ 0xc123
    73d4:	e34cc456 	movt	ip, #50262	@ 0xc456
    73d8:	e5940000 	ldr	r0, [r4]
    73dc:	e5840000 	str	r0, [r4]
    73e0:	e59f022c 	ldr	r0, [pc, #556]	@ 0x7614
    73e4:	e30ccabc 	movw	ip, #51900	@ 0xcabc
    73e8:	e34ccdef 	movt	ip, #52719	@ 0xcdef
    73ec:	e28dd004 	add	sp, sp, #4
    73f0:	e49df004 	pop	{pc}		@ (ldr pc, [sp], #4)
    73f4:	e52de004 	push	{lr}		@ (str lr, [sp, #-4]!)
    73f8:	e24dd004 	sub	sp, sp, #4
    73fc:	e58d0000 	str	r0, [sp]
    7400:	e30cc123 	movw	ip, #49443	@ 0xc123
    7404:	e34cc456 	movt	ip, #50262	@ 0xc456
    7408:	e5940000 	ldr	r0, [r4]
    740c:	e1a02000 	mov	r2, r0
    7410:	e5951030 	ldr	r1, [r5, #48]	@ 0x30
    7414:	e59fe11c 	ldr	lr, [pc, #284]	@ 0x7538
    7418:	e7f2e3fc 	udf	#11836	@ 0x2e3c
    741c:	2a000021 	bcs	0x74a8
    7420:	e7e012f4 			@ <UNDEFINED> instruction: 0xe7e012f4
    7424:	e5840004 	str	r0, [r4, #4]
    7428:	e59f01e8 	ldr	r0, [pc, #488]	@ 0x7618
    742c:	e1a01004 	mov	r1, r4
    7430:	e59d2000 	ldr	r2, [sp]
    7434:	e59fc1e0 	ldr	ip, [pc, #480]	@ 0x761c
    7438:	e12fff3c 	blx	ip
    743c:	e3500000 	cmp	r0, #0
    7440:	1a00001b 	bne	0x74b4
    7444:	e5940004 	ldr	r0, [r4, #4]
    7448:	e5840004 	str	r0, [r4, #4]
    744c:	e59f01cc 	ldr	r0, [pc, #460]	@ 0x7620
    7450:	e1a01004 	mov	r1, r4
    7454:	e59d2000 	ldr	r2, [sp]
    7458:	e59fc1c4 	ldr	ip, [pc, #452]	@ 0x7624
    745c:	e12fff3c 	blx	ip
    7460:	e3500000 	cmp	r0, #0
    7464:	1a000012 	bne	0x74b4
    7468:	e5940004 	ldr	r0, [r4, #4]
    746c:	e5840004 	str	r0, [r4, #4]
    7470:	e59f01b0 	ldr	r0, [pc, #432]	@ 0x7628
    7474:	e1a01004 	mov	r1, r4
    7478:	e59d2000 	ldr	r2, [sp]
    747c:	e59fc1a8 	ldr	ip, [pc, #424]	@ 0x762c
    7480:	e12fff3c 	blx	ip
    7484:	e3500000 	cmp	r0, #0
    7488:	1a000009 	bne	0x74b4
    748c:	e5940004 	ldr	r0, [r4, #4]
    7490:	e5840004 	str	r0, [r4, #4]
    7494:	e59f0194 	ldr	r0, [pc, #404]	@ 0x7630
    7498:	e30ccabc 	movw	ip, #51900	@ 0xcabc
    749c:	e34ccdef 	movt	ip, #52719	@ 0xcdef
    74a0:	e28dd004 	add	sp, sp, #4
    74a4:	e49df004 	pop	{pc}		@ (ldr pc, [sp], #4)
    74a8:	e3a00008 	mov	r0, #8
    74ac:	e59d1000 	ldr	r1, [sp]
    74b0:	e5810010 	str	r0, [r1, #16]
    74b4:	e59d0000 	ldr	r0, [sp]
    74b8:	e59d1004 	ldr	r1, [sp, #4]
    74bc:	e59fc170 	ldr	ip, [pc, #368]	@ 0x7634
    74c0:	e12fff3c 	blx	ip
    74c4:	e28dd008 	add	sp, sp, #8
    74c8:	e12fff10 	bx	r0
    74cc:	e92d41c0 	push	{r6, r7, r8, lr}
    74d0:	e24dd008 	sub	sp, sp, #8
    74d4:	e58d0000 	str	r0, [sp]
    74d8:	e30cc123 	movw	ip, #49443	@ 0xc123
    74dc:	e34cc456 	movt	ip, #50262	@ 0xc456
    74e0:	e5940000 	ldr	r0, [r4]
    74e4:	ea000053 	b	0x7638
	...
    74f8:	004098e4 	subeq	r9, r0, r4, ror #17
    74fc:	0004890c 	andeq	r8, r4, ip, lsl #18
    7500:	00409a08 	subeq	r9, r0, r8, lsl #20
    7504:	0004890c 	andeq	r8, r4, ip, lsl #18
    7508:	00409a4c 	subeq	r9, r0, ip, asr #20
    750c:	0004890c 	andeq	r8, r4, ip, lsl #18
    7510:	00409a90 	umaaleq	r9, r0, r0, sl
    7514:	0004890c 	andeq	r8, r4, ip, lsl #18
    7518:	00409b3c 	subeq	r9, r0, ip, lsr fp
    751c:	0004890c 	andeq	r8, r4, ip, lsl #18
    7520:	00409b60 	subeq	r9, r0, r0, ror #22
    7524:	0004890c 	andeq	r8, r4, ip, lsl #18
    7528:	00409bb4 	strheq	r9, [r0], #-180	@ 0xffffff4c
    752c:	0004890c 	andeq	r8, r4, ip, lsl #18
    7530:	00409bf0 	strdeq	r9, [r0], #-176	@ 0xffffff50
    7534:	0004890c 	andeq	r8, r4, ip, lsl #18
    7538:	0101fffc 	strdeq	pc, [r1, -ip]
    753c:	00409de0 	subeq	r9, r0, r0, ror #27
    7540:	0004890c 	andeq	r8, r4, ip, lsl #18
    7544:	0040a1f0 	strdeq	sl, [r0], #-16
    7548:	0004890c 	andeq	r8, r4, ip, lsl #18
    754c:	0040a208 	subeq	sl, r0, r8, lsl #4
    7550:	0004890c 	andeq	r8, r4, ip, lsl #18
    7554:	0040a240 	subeq	sl, r0, r0, asr #4
    7558:	0004890c 	andeq	r8, r4, ip, lsl #18
    755c:	0040a270 	subeq	sl, r0, r0, ror r2
    7560:	0004890c 	andeq	r8, r4, ip, lsl #18
    7564:	0040a29c 	umaaleq	sl, r0, ip, r2
    7568:	0004890c 	andeq	r8, r4, ip, lsl #18
    756c:	0040a2b4 	strheq	sl, [r0], #-36	@ 0xffffffdc
    7570:	0004890c 	andeq	r8, r4, ip, lsl #18
    7574:	0040a2ec 	subeq	sl, r0, ip, ror #5
    7578:	0004890c 	andeq	r8, r4, ip, lsl #18
    757c:	0040a340 	subeq	sl, r0, r0, asr #6
    7580:	00048004 	andeq	r8, r4, r4
    7584:	0101fff8 	strdeq	pc, [r1, -r8]
    7588:	003feb6c 	eorseq	lr, pc, ip, ror #22
    758c:	0004890c 	andeq	r8, r4, ip, lsl #18
    7590:	003feb94 	mlaseq	pc, r4, fp, lr	@ <UNPREDICTABLE>
    7594:	00048004 	andeq	r8, r4, r4
    7598:	003fed88 	eorseq	lr, pc, r8, lsl #27
    759c:	003f7d7c 	eorseq	r7, pc, ip, ror sp	@ <UNPREDICTABLE>
    75a0:	0004890c 	andeq	r8, r4, ip, lsl #18
    75a4:	003f7da0 	eorseq	r7, pc, r0, lsr #27
    75a8:	00048004 	andeq	r8, r4, r4
    75ac:	003f7ed4 	ldrsbteq	r7, [pc], -r4
    75b0:	003fd3e0 	eorseq	sp, pc, r0, ror #7
    75b4:	0004890c 	andeq	r8, r4, ip, lsl #18
    75b8:	003fd3f8 	ldrshteq	sp, [pc], -r8
    75bc:	00048004 	andeq	r8, r4, r4
    75c0:	003fd5f4 	ldrshteq	sp, [pc], -r4
    75c4:	003f6fc8 	eorseq	r6, pc, r8, asr #31
    75c8:	0004890c 	andeq	r8, r4, ip, lsl #18
    75cc:	003f7030 	eorseq	r7, pc, r0, lsr r0	@ <UNPREDICTABLE>
    75d0:	00048004 	andeq	r8, r4, r4
    75d4:	00404024 	subeq	r4, r0, r4, lsr #32
    75d8:	0004890c 	andeq	r8, r4, ip, lsl #18
    75dc:	00404078 	subeq	r4, r0, r8, ror r0
    75e0:	0004890c 	andeq	r8, r4, ip, lsl #18
    75e4:	0040413c 	subeq	r4, r0, ip, lsr r1
    75e8:	00404280 	subeq	r4, r0, r0, lsl #5
    75ec:	004043f4 	strdeq	r4, [r0], #-52	@ 0xffffffcc
    75f0:	004043f8 	strdeq	r4, [r0], #-56	@ 0xffffffc8
    75f4:	0004890c 	andeq	r8, r4, ip, lsl #18
    75f8:	00404424 	subeq	r4, r0, r4, lsr #8
    75fc:	0040443c 	subeq	r4, r0, ip, lsr r4
    7600:	00048004 	andeq	r8, r4, r4
    7604:	003f6744 	eorseq	r6, pc, r4, asr #14
    7608:	0004890c 	andeq	r8, r4, ip, lsl #18
    760c:	003f6760 	eorseq	r6, pc, r0, ror #14
    7610:	00048004 	andeq	r8, r4, r4
    7614:	003fdbd8 	ldrsbteq	sp, [pc], -r8
    7618:	00405404 	subeq	r5, r0, r4, lsl #8
    761c:	0004890c 	andeq	r8, r4, ip, lsl #18
    7620:	00405414 	subeq	r5, r0, r4, lsl r4
    7624:	0004890c 	andeq	r8, r4, ip, lsl #18
    7628:	00405424 	subeq	r5, r0, r4, lsr #8
    762c:	0004890c 	andeq	r8, r4, ip, lsl #18
    7630:	0040543c 	subeq	r5, r0, ip, lsr r4
    7634:	00048004 	andeq	r8, r4, r4
    7638:	e5941004 	ldr	r1, [r4, #4]
    763c:	e5942008 	ldr	r2, [r4, #8]
    7640:	e594300c 	ldr	r3, [r4, #12]
    7644:	e595e03c 	ldr	lr, [r5, #60]	@ 0x3c
    7648:	e59e6008 	ldr	r6, [lr, #8]
    764c:	e2466010 	sub	r6, r6, #16
    7650:	e1a07006 	mov	r7, r6
    7654:	e595803c 	ldr	r8, [r5, #60]	@ 0x3c
    7658:	e5886008 	str	r6, [r8, #8]
    765c:	e20330ff 	and	r3, r3, #255	@ 0xff
    7660:	e2876008 	add	r6, r7, #8
    7664:	e5840000 	str	r0, [r4]
    7668:	e5841004 	str	r1, [r4, #4]
    766c:	e5842008 	str	r2, [r4, #8]
    7670:	e5843034 	str	r3, [r4, #52]	@ 0x34
    7674:	e5846038 	str	r6, [r4, #56]	@ 0x38
    7678:	e3a009fe 	mov	r0, #4161536	@ 0x3f8000
    767c:	e3800f42 	orr	r0, r0, #264	@ 0x108
    7680:	e1a01004 	mov	r1, r4
    7684:	e59d2000 	ldr	r2, [sp]
    7688:	e59fcf28 	ldr	ip, [pc, #3880]	@ 0x85b8
    768c:	e12fff3c 	blx	ip
    7690:	e3500000 	cmp	r0, #0
    7694:	1a000023 	bne	0x7728
    7698:	e5940028 	ldr	r0, [r4, #40]	@ 0x28
    769c:	e5840028 	str	r0, [r4, #40]	@ 0x28
    76a0:	e3a009fe 	mov	r0, #4161536	@ 0x3f8000
    76a4:	e3800f48 	orr	r0, r0, #72, 30	@ 0x120
    76a8:	e1a01004 	mov	r1, r4
    76ac:	e59d2000 	ldr	r2, [sp]
    76b0:	e59fcf04 	ldr	ip, [pc, #3844]	@ 0x85bc
    76b4:	e12fff3c 	blx	ip
    76b8:	e3500000 	cmp	r0, #0
    76bc:	1a000019 	bne	0x7728
    76c0:	e5940028 	ldr	r0, [r4, #40]	@ 0x28
    76c4:	e1a06007 	mov	r6, r7
    76c8:	e5953030 	ldr	r3, [r5, #48]	@ 0x30
    76cc:	e59feeec 	ldr	lr, [pc, #3820]	@ 0x85c0
    76d0:	e7f6e0f8 	udf	#28168	@ 0x6e08
    76d4:	2a000010 	bcs	0x771c
    76d8:	e083c006 	add	ip, r3, r6
    76dc:	e59c1000 	ldr	r1, [ip]
    76e0:	e59c2004 	ldr	r2, [ip, #4]
    76e4:	e2877010 	add	r7, r7, #16
    76e8:	e595303c 	ldr	r3, [r5, #60]	@ 0x3c
    76ec:	e5837008 	str	r7, [r3, #8]
    76f0:	e3500000 	cmp	r0, #0
    76f4:	13e01000 	mvnne	r1, #0
    76f8:	13e02000 	mvnne	r2, #0
    76fc:	e5841028 	str	r1, [r4, #40]	@ 0x28
    7700:	e584202c 	str	r2, [r4, #44]	@ 0x2c
    7704:	e3a009fe 	mov	r0, #4161536	@ 0x3f8000
    7708:	e3800f5d 	orr	r0, r0, #372	@ 0x174
    770c:	e30ccabc 	movw	ip, #51900	@ 0xcabc
    7710:	e34ccdef 	movt	ip, #52719	@ 0xcdef
    7714:	e28dd008 	add	sp, sp, #8
    7718:	e8bd81c0 	pop	{r6, r7, r8, pc}
    771c:	e3a00008 	mov	r0, #8
    7720:	e59d1000 	ldr	r1, [sp]
    7724:	e5810010 	str	r0, [r1, #16]
    7728:	e59d0000 	ldr	r0, [sp]
    772c:	e59d1014 	ldr	r1, [sp, #20]
    7730:	e59fce8c 	ldr	ip, [pc, #3724]	@ 0x85c4
    7734:	e12fff3c 	blx	ip
    7738:	e28dd008 	add	sp, sp, #8
    773c:	e8bd01c0 	pop	{r6, r7, r8}
    7740:	e28dd004 	add	sp, sp, #4
    7744:	e12fff10 	bx	r0
    7748:	e92d40c0 	push	{r6, r7, lr}
    774c:	e24dd004 	sub	sp, sp, #4
    7750:	e58d0000 	str	r0, [sp]
    7754:	e30cc123 	movw	ip, #49443	@ 0xc123
    7758:	e34cc456 	movt	ip, #50262	@ 0xc456
    775c:	e5940000 	ldr	r0, [r4]
    7760:	e5941004 	ldr	r1, [r4, #4]
    7764:	e5942008 	ldr	r2, [r4, #8]
    7768:	e594300c 	ldr	r3, [r4, #12]
    776c:	e1a07000 	mov	r7, r0
    7770:	e5956030 	ldr	r6, [r5, #48]	@ 0x30
    7774:	e59fee4c 	ldr	lr, [pc, #3660]	@ 0x85c8
    7778:	e7f7e3fc 	udf	#32316	@ 0x7e3c
    777c:	2a000014 	bcs	0x77d4
    7780:	e7e067f4 			@ <UNDEFINED> instruction: 0xe7e067f4
    7784:	e5840010 	str	r0, [r4, #16]
    7788:	e5841004 	str	r1, [r4, #4]
    778c:	e5842008 	str	r2, [r4, #8]
    7790:	e584300c 	str	r3, [r4, #12]
    7794:	e59f0e30 	ldr	r0, [pc, #3632]	@ 0x85cc
    7798:	e1a01004 	mov	r1, r4
    779c:	e59d2000 	ldr	r2, [sp]
    77a0:	e59fce28 	ldr	ip, [pc, #3624]	@ 0x85d0
    77a4:	e12fff3c 	blx	ip
    77a8:	e3500000 	cmp	r0, #0
    77ac:	1a00000b 	bne	0x77e0
    77b0:	e5940010 	ldr	r0, [r4, #16]
    77b4:	e5941014 	ldr	r1, [r4, #20]
    77b8:	e5840010 	str	r0, [r4, #16]
    77bc:	e5841014 	str	r1, [r4, #20]
    77c0:	e59f0e0c 	ldr	r0, [pc, #3596]	@ 0x85d4
    77c4:	e30ccabc 	movw	ip, #51900	@ 0xcabc
    77c8:	e34ccdef 	movt	ip, #52719	@ 0xcdef
    77cc:	e28dd004 	add	sp, sp, #4
    77d0:	e8bd80c0 	pop	{r6, r7, pc}
    77d4:	e3a00008 	mov	r0, #8
    77d8:	e59d1000 	ldr	r1, [sp]
    77dc:	e5810010 	str	r0, [r1, #16]
    77e0:	e59d0000 	ldr	r0, [sp]
    77e4:	e59d100c 	ldr	r1, [sp, #12]
    77e8:	e59fcde8 	ldr	ip, [pc, #3560]	@ 0x85d8
    77ec:	e12fff3c 	blx	ip
    77f0:	e28dd004 	add	sp, sp, #4
    77f4:	e8bd00c0 	pop	{r6, r7}
    77f8:	e28dd004 	add	sp, sp, #4
    77fc:	e12fff10 	bx	r0
    7800:	e52de004 	push	{lr}		@ (str lr, [sp, #-4]!)
    7804:	e24dd004 	sub	sp, sp, #4
    7808:	e58d0000 	str	r0, [sp]
    780c:	e30cc123 	movw	ip, #49443	@ 0xc123
    7810:	e34cc456 	movt	ip, #50262	@ 0xc456
    7814:	e5950044 	ldr	r0, [r5, #68]	@ 0x44
    7818:	e3a0eb40 	mov	lr, #64, 22	@ 0x10000
    781c:	e580e008 	str	lr, [r0, #8]
    7820:	e3a0c000 	mov	ip, #0
    7824:	e28c000f 	add	r0, ip, #15
    7828:	e3c0000f 	bic	r0, r0, #15
    782c:	e5951040 	ldr	r1, [r5, #64]	@ 0x40
    7830:	e5810008 	str	r0, [r1, #8]
    7834:	e59f0da0 	ldr	r0, [pc, #3488]	@ 0x85dc
    7838:	e30ccabc 	movw	ip, #51900	@ 0xcabc
    783c:	e34ccdef 	movt	ip, #52719	@ 0xcdef
    7840:	e28dd004 	add	sp, sp, #4
    7844:	e49df004 	pop	{pc}		@ (ldr pc, [sp], #4)
    7848:	e52de004 	push	{lr}		@ (str lr, [sp, #-4]!)
    784c:	e24dd004 	sub	sp, sp, #4
    7850:	e58d0000 	str	r0, [sp]
    7854:	e30cc123 	movw	ip, #49443	@ 0xc123
    7858:	e34cc456 	movt	ip, #50262	@ 0xc456
    785c:	e595e03c 	ldr	lr, [r5, #60]	@ 0x3c
    7860:	e59e0008 	ldr	r0, [lr, #8]
    7864:	e595e040 	ldr	lr, [r5, #64]	@ 0x40
    7868:	e59e1008 	ldr	r1, [lr, #8]
    786c:	e0400001 	sub	r0, r0, r1
    7870:	e5840000 	str	r0, [r4]
    7874:	e59f0d64 	ldr	r0, [pc, #3428]	@ 0x85e0
    7878:	e30ccabc 	movw	ip, #51900	@ 0xcabc
    787c:	e34ccdef 	movt	ip, #52719	@ 0xcdef
    7880:	e28dd004 	add	sp, sp, #4
    7884:	e49df004 	pop	{pc}		@ (ldr pc, [sp], #4)
    7888:	e52de004 	push	{lr}		@ (str lr, [sp, #-4]!)
    788c:	e24dd004 	sub	sp, sp, #4
    7890:	e58d0000 	str	r0, [sp]
    7894:	e30cc123 	movw	ip, #49443	@ 0xc123
    7898:	e34cc456 	movt	ip, #50262	@ 0xc456
    789c:	e595e044 	ldr	lr, [r5, #68]	@ 0x44
    78a0:	e59e0008 	ldr	r0, [lr, #8]
    78a4:	e5840000 	str	r0, [r4]
    78a8:	e59f0d34 	ldr	r0, [pc, #3380]	@ 0x85e4
    78ac:	e30ccabc 	movw	ip, #51900	@ 0xcabc
    78b0:	e34ccdef 	movt	ip, #52719	@ 0xcdef
    78b4:	e28dd004 	add	sp, sp, #4
    78b8:	e49df004 	pop	{pc}		@ (ldr pc, [sp], #4)
    78bc:	e52de004 	push	{lr}		@ (str lr, [sp, #-4]!)
    78c0:	e24dd004 	sub	sp, sp, #4
    78c4:	e58d0000 	str	r0, [sp]
    78c8:	e30cc123 	movw	ip, #49443	@ 0xc123
    78cc:	e34cc456 	movt	ip, #50262	@ 0xc456
    78d0:	e595e040 	ldr	lr, [r5, #64]	@ 0x40
    78d4:	e59e0008 	ldr	r0, [lr, #8]
    78d8:	e5840000 	str	r0, [r4]
    78dc:	e59f0d04 	ldr	r0, [pc, #3332]	@ 0x85e8
    78e0:	e30ccabc 	movw	ip, #51900	@ 0xcabc
    78e4:	e34ccdef 	movt	ip, #52719	@ 0xcdef
    78e8:	e28dd004 	add	sp, sp, #4
    78ec:	e49df004 	pop	{pc}		@ (ldr pc, [sp], #4)
    78f0:	e92d4fc0 	push	{r6, r7, r8, r9, sl, fp, lr}
    78f4:	e24dd004 	sub	sp, sp, #4
    78f8:	e58d0000 	str	r0, [sp]
    78fc:	e30cc123 	movw	ip, #49443	@ 0xc123
    7900:	e34cc456 	movt	ip, #50262	@ 0xc456
    7904:	e5947014 	ldr	r7, [r4, #20]
    7908:	e3170040 	tst	r7, #64	@ 0x40
    790c:	0a000018 	beq	0x7974
    7910:	e2478040 	sub	r8, r7, #64	@ 0x40
    7914:	e3a09000 	mov	r9, #0
    7918:	e1a0a008 	mov	sl, r8
    791c:	e5943004 	ldr	r3, [r4, #4]
    7920:	e31a0020 	tst	sl, #32
    7924:	1a000008 	bne	0x794c
    7928:	e5946008 	ldr	r6, [r4, #8]
    792c:	e20aa01f 	and	sl, sl, #31
    7930:	e1a06a16 	lsl	r6, r6, sl
    7934:	e1a0c0a3 	lsr	ip, r3, #1
    7938:	e22ae01f 	eor	lr, sl, #31
    793c:	e1866e3c 	orr	r6, r6, ip, lsr lr
    7940:	e1a0ea13 	lsl	lr, r3, sl
    7944:	e584e00c 	str	lr, [r4, #12]
    7948:	ea000003 	b	0x795c
    794c:	e20ae01f 	and	lr, sl, #31
    7950:	e1a06e13 	lsl	r6, r3, lr
    7954:	e3a0e000 	mov	lr, #0
    7958:	e584e00c 	str	lr, [r4, #12]
    795c:	e5846010 	str	r6, [r4, #16]
    7960:	e3a0e000 	mov	lr, #0
    7964:	e584e004 	str	lr, [r4, #4]
    7968:	e3a0e000 	mov	lr, #0
    796c:	e584e008 	str	lr, [r4, #8]
    7970:	ea00003b 	b	0x7a64
    7974:	e3570000 	cmp	r7, #0
    7978:	0a000039 	beq	0x7a64
    797c:	e2678040 	rsb	r8, r7, #64	@ 0x40
    7980:	e3a09000 	mov	r9, #0
    7984:	e1a00008 	mov	r0, r8
    7988:	e594b008 	ldr	fp, [r4, #8]
    798c:	e3100020 	tst	r0, #32
    7990:	1a000007 	bne	0x79b4
    7994:	e594a004 	ldr	sl, [r4, #4]
    7998:	e200001f 	and	r0, r0, #31
    799c:	e1a0a03a 	lsr	sl, sl, r0
    79a0:	e1a0c08b 	lsl	ip, fp, #1
    79a4:	e220e01f 	eor	lr, r0, #31
    79a8:	e18aae1c 	orr	sl, sl, ip, lsl lr
    79ac:	e1a0b03b 	lsr	fp, fp, r0
    79b0:	ea000002 	b	0x79c0
    79b4:	e200e01f 	and	lr, r0, #31
    79b8:	e1a0ae3b 	lsr	sl, fp, lr
    79bc:	e3a0b000 	mov	fp, #0
    79c0:	e1a00007 	mov	r0, r7
    79c4:	e3a07000 	mov	r7, #0
    79c8:	e1a08000 	mov	r8, r0
    79cc:	e1a09007 	mov	r9, r7
    79d0:	e1a01000 	mov	r1, r0
    79d4:	e594600c 	ldr	r6, [r4, #12]
    79d8:	e3110020 	tst	r1, #32
    79dc:	1a000007 	bne	0x7a00
    79e0:	e5943010 	ldr	r3, [r4, #16]
    79e4:	e201101f 	and	r1, r1, #31
    79e8:	e1a03113 	lsl	r3, r3, r1
    79ec:	e1a0c0a6 	lsr	ip, r6, #1
    79f0:	e221e01f 	eor	lr, r1, #31
    79f4:	e1833e3c 	orr	r3, r3, ip, lsr lr
    79f8:	e1a06116 	lsl	r6, r6, r1
    79fc:	ea000002 	b	0x7a0c
    7a00:	e201e01f 	and	lr, r1, #31
    7a04:	e1a03e16 	lsl	r3, r6, lr
    7a08:	e3a06000 	mov	r6, #0
    7a0c:	e18ae006 	orr	lr, sl, r6
    7a10:	e584e00c 	str	lr, [r4, #12]
    7a14:	e18be003 	orr	lr, fp, r3
    7a18:	e584e010 	str	lr, [r4, #16]
    7a1c:	e1a02008 	mov	r2, r8
    7a20:	e5941004 	ldr	r1, [r4, #4]
    7a24:	e3120020 	tst	r2, #32
    7a28:	1a000008 	bne	0x7a50
    7a2c:	e5940008 	ldr	r0, [r4, #8]
    7a30:	e202201f 	and	r2, r2, #31
    7a34:	e1a00210 	lsl	r0, r0, r2
    7a38:	e1a0c0a1 	lsr	ip, r1, #1
    7a3c:	e222e01f 	eor	lr, r2, #31
    7a40:	e1800e3c 	orr	r0, r0, ip, lsr lr
    7a44:	e1a0e211 	lsl	lr, r1, r2
    7a48:	e584e004 	str	lr, [r4, #4]
    7a4c:	ea000003 	b	0x7a60
    7a50:	e202e01f 	and	lr, r2, #31
    7a54:	e1a00e11 	lsl	r0, r1, lr
    7a58:	e3a0e000 	mov	lr, #0
    7a5c:	e584e004 	str	lr, [r4, #4]
    7a60:	e5840008 	str	r0, [r4, #8]
    7a64:	e5941000 	ldr	r1, [r4]
    7a68:	e5950030 	ldr	r0, [r5, #48]	@ 0x30
    7a6c:	e5942004 	ldr	r2, [r4, #4]
    7a70:	e59fcb48 	ldr	ip, [pc, #2888]	@ 0x85c0
    7a74:	e151000c 	cmp	r1, ip
    7a78:	8a000012 	bhi	0x7ac8
    7a7c:	e0800001 	add	r0, r0, r1
    7a80:	e5941008 	ldr	r1, [r4, #8]
    7a84:	e5802000 	str	r2, [r0]
    7a88:	e5801004 	str	r1, [r0, #4]
    7a8c:	e5941000 	ldr	r1, [r4]
    7a90:	e5950030 	ldr	r0, [r5, #48]	@ 0x30
    7a94:	e594200c 	ldr	r2, [r4, #12]
    7a98:	e59feb20 	ldr	lr, [pc, #2848]	@ 0x85c0
    7a9c:	e7f1e0f8 	udf	#7688	@ 0x1e08
    7aa0:	2a000008 	bcs	0x7ac8
    7aa4:	e0800001 	add	r0, r0, r1
    7aa8:	e5941010 	ldr	r1, [r4, #16]
    7aac:	e5802000 	str	r2, [r0]
    7ab0:	e5801004 	str	r1, [r0, #4]
    7ab4:	e59f0b30 	ldr	r0, [pc, #2864]	@ 0x85ec
    7ab8:	e30ccabc 	movw	ip, #51900	@ 0xcabc
    7abc:	e34ccdef 	movt	ip, #52719	@ 0xcdef
    7ac0:	e28dd004 	add	sp, sp, #4
    7ac4:	e8bd8fc0 	pop	{r6, r7, r8, r9, sl, fp, pc}
    7ac8:	e3a00008 	mov	r0, #8
    7acc:	e59d1000 	ldr	r1, [sp]
    7ad0:	e5810010 	str	r0, [r1, #16]
    7ad4:	e59d0000 	ldr	r0, [sp]
    7ad8:	e59d101c 	ldr	r1, [sp, #28]
    7adc:	e59fcb0c 	ldr	ip, [pc, #2828]	@ 0x85f0
    7ae0:	e12fff3c 	blx	ip
    7ae4:	e28dd004 	add	sp, sp, #4
    7ae8:	e8bd0fc0 	pop	{r6, r7, r8, r9, sl, fp}
    7aec:	e28dd004 	add	sp, sp, #4
    7af0:	e12fff10 	bx	r0
    7af4:	e92d4fc0 	push	{r6, r7, r8, r9, sl, fp, lr}
    7af8:	e24dd004 	sub	sp, sp, #4
    7afc:	e58d0000 	str	r0, [sp]
    7b00:	e30cc123 	movw	ip, #49443	@ 0xc123
    7b04:	e34cc456 	movt	ip, #50262	@ 0xc456
    7b08:	e5947014 	ldr	r7, [r4, #20]
    7b0c:	e3170040 	tst	r7, #64	@ 0x40
    7b10:	0a000018 	beq	0x7b78
    7b14:	e2478040 	sub	r8, r7, #64	@ 0x40
    7b18:	e3a09000 	mov	r9, #0
    7b1c:	e1a0a008 	mov	sl, r8
    7b20:	e5942010 	ldr	r2, [r4, #16]
    7b24:	e31a0020 	tst	sl, #32
    7b28:	1a000008 	bne	0x7b50
    7b2c:	e594100c 	ldr	r1, [r4, #12]
    7b30:	e20aa01f 	and	sl, sl, #31
    7b34:	e1a01a31 	lsr	r1, r1, sl
    7b38:	e1a0c082 	lsl	ip, r2, #1
    7b3c:	e22ae01f 	eor	lr, sl, #31
    7b40:	e1811e1c 	orr	r1, r1, ip, lsl lr
    7b44:	e1a0ea32 	lsr	lr, r2, sl
    7b48:	e584e008 	str	lr, [r4, #8]
    7b4c:	ea000003 	b	0x7b60
    7b50:	e20ae01f 	and	lr, sl, #31
    7b54:	e1a01e32 	lsr	r1, r2, lr
    7b58:	e3a0e000 	mov	lr, #0
    7b5c:	e584e008 	str	lr, [r4, #8]
    7b60:	e5841004 	str	r1, [r4, #4]
    7b64:	e3a0e000 	mov	lr, #0
    7b68:	e584e00c 	str	lr, [r4, #12]
    7b6c:	e3a0e000 	mov	lr, #0
    7b70:	e584e010 	str	lr, [r4, #16]
    7b74:	ea00003b 	b	0x7c68
    7b78:	e3570000 	cmp	r7, #0
    7b7c:	0a000039 	beq	0x7c68
    7b80:	e2678040 	rsb	r8, r7, #64	@ 0x40
    7b84:	e3a09000 	mov	r9, #0
    7b88:	e1a00008 	mov	r0, r8
    7b8c:	e594a00c 	ldr	sl, [r4, #12]
    7b90:	e3100020 	tst	r0, #32
    7b94:	1a000007 	bne	0x7bb8
    7b98:	e594b010 	ldr	fp, [r4, #16]
    7b9c:	e200001f 	and	r0, r0, #31
    7ba0:	e1a0b01b 	lsl	fp, fp, r0
    7ba4:	e1a0c0aa 	lsr	ip, sl, #1
    7ba8:	e220e01f 	eor	lr, r0, #31
    7bac:	e18bbe3c 	orr	fp, fp, ip, lsr lr
    7bb0:	e1a0a01a 	lsl	sl, sl, r0
    7bb4:	ea000002 	b	0x7bc4
    7bb8:	e200e01f 	and	lr, r0, #31
    7bbc:	e1a0be1a 	lsl	fp, sl, lr
    7bc0:	e3a0a000 	mov	sl, #0
    7bc4:	e1a00007 	mov	r0, r7
    7bc8:	e3a07000 	mov	r7, #0
    7bcc:	e1a08000 	mov	r8, r0
    7bd0:	e1a09007 	mov	r9, r7
    7bd4:	e1a01000 	mov	r1, r0
    7bd8:	e5943008 	ldr	r3, [r4, #8]
    7bdc:	e3110020 	tst	r1, #32
    7be0:	1a000007 	bne	0x7c04
    7be4:	e5946004 	ldr	r6, [r4, #4]
    7be8:	e201101f 	and	r1, r1, #31
    7bec:	e1a06136 	lsr	r6, r6, r1
    7bf0:	e1a0c083 	lsl	ip, r3, #1
    7bf4:	e221e01f 	eor	lr, r1, #31
    7bf8:	e1866e1c 	orr	r6, r6, ip, lsl lr
    7bfc:	e1a03133 	lsr	r3, r3, r1
    7c00:	ea000002 	b	0x7c10
    7c04:	e201e01f 	and	lr, r1, #31
    7c08:	e1a06e33 	lsr	r6, r3, lr
    7c0c:	e3a03000 	mov	r3, #0
    7c10:	e18ae006 	orr	lr, sl, r6
    7c14:	e584e004 	str	lr, [r4, #4]
    7c18:	e18be003 	orr	lr, fp, r3
    7c1c:	e584e008 	str	lr, [r4, #8]
    7c20:	e1a02008 	mov	r2, r8
    7c24:	e5940010 	ldr	r0, [r4, #16]
    7c28:	e3120020 	tst	r2, #32
    7c2c:	1a000008 	bne	0x7c54
    7c30:	e594100c 	ldr	r1, [r4, #12]
    7c34:	e202201f 	and	r2, r2, #31
    7c38:	e1a01231 	lsr	r1, r1, r2
    7c3c:	e1a0c080 	lsl	ip, r0, #1
    7c40:	e222e01f 	eor	lr, r2, #31
    7c44:	e1811e1c 	orr	r1, r1, ip, lsl lr
    7c48:	e1a0e230 	lsr	lr, r0, r2
    7c4c:	e584e010 	str	lr, [r4, #16]
    7c50:	ea000003 	b	0x7c64
    7c54:	e202e01f 	and	lr, r2, #31
    7c58:	e1a01e30 	lsr	r1, r0, lr
    7c5c:	e3a0e000 	mov	lr, #0
    7c60:	e584e010 	str	lr, [r4, #16]
    7c64:	e584100c 	str	r1, [r4, #12]
    7c68:	e5941000 	ldr	r1, [r4]
    7c6c:	e5950030 	ldr	r0, [r5, #48]	@ 0x30
    7c70:	e5942004 	ldr	r2, [r4, #4]
    7c74:	e59fc944 	ldr	ip, [pc, #2372]	@ 0x85c0
    7c78:	e151000c 	cmp	r1, ip
    7c7c:	8a000012 	bhi	0x7ccc
    7c80:	e0800001 	add	r0, r0, r1
    7c84:	e5941008 	ldr	r1, [r4, #8]
    7c88:	e5802000 	str	r2, [r0]
    7c8c:	e5801004 	str	r1, [r0, #4]
    7c90:	e5941000 	ldr	r1, [r4]
    7c94:	e5950030 	ldr	r0, [r5, #48]	@ 0x30
    7c98:	e594200c 	ldr	r2, [r4, #12]
    7c9c:	e59fe91c 	ldr	lr, [pc, #2332]	@ 0x85c0
    7ca0:	e7f1e0f8 	udf	#7688	@ 0x1e08
    7ca4:	2a000008 	bcs	0x7ccc
    7ca8:	e0800001 	add	r0, r0, r1
    7cac:	e5941010 	ldr	r1, [r4, #16]
    7cb0:	e5802000 	str	r2, [r0]
    7cb4:	e5801004 	str	r1, [r0, #4]
    7cb8:	e59f0934 	ldr	r0, [pc, #2356]	@ 0x85f4
    7cbc:	e30ccabc 	movw	ip, #51900	@ 0xcabc
    7cc0:	e34ccdef 	movt	ip, #52719	@ 0xcdef
    7cc4:	e28dd004 	add	sp, sp, #4
    7cc8:	e8bd8fc0 	pop	{r6, r7, r8, r9, sl, fp, pc}
    7ccc:	e3a00008 	mov	r0, #8
    7cd0:	e59d1000 	ldr	r1, [sp]
    7cd4:	e5810010 	str	r0, [r1, #16]
    7cd8:	e59d0000 	ldr	r0, [sp]
    7cdc:	e59d101c 	ldr	r1, [sp, #28]
    7ce0:	e59fc910 	ldr	ip, [pc, #2320]	@ 0x85f8
    7ce4:	e12fff3c 	blx	ip
    7ce8:	e28dd004 	add	sp, sp, #4
    7cec:	e8bd0fc0 	pop	{r6, r7, r8, r9, sl, fp}
    7cf0:	e28dd004 	add	sp, sp, #4
    7cf4:	e12fff10 	bx	r0
    7cf8:	e92d4fc0 	push	{r6, r7, r8, r9, sl, fp, lr}
    7cfc:	e24dd004 	sub	sp, sp, #4
    7d00:	e58d0000 	str	r0, [sp]
    7d04:	e30cc123 	movw	ip, #49443	@ 0xc123
    7d08:	e34cc456 	movt	ip, #50262	@ 0xc456
    7d0c:	e595e03c 	ldr	lr, [r5, #60]	@ 0x3c
    7d10:	e59e0008 	ldr	r0, [lr, #8]
    7d14:	e2400020 	sub	r0, r0, #32
    7d18:	e5840010 	str	r0, [r4, #16]
    7d1c:	e595103c 	ldr	r1, [r5, #60]	@ 0x3c
    7d20:	e5810008 	str	r0, [r1, #8]
    7d24:	e5940008 	ldr	r0, [r4, #8]
    7d28:	e594100c 	ldr	r1, [r4, #12]
    7d2c:	e3c0e000 	bic	lr, r0, #0
    7d30:	e584e024 	str	lr, [r4, #36]	@ 0x24
    7d34:	e3a0ccff 	mov	ip, #65280	@ 0xff00
    7d38:	e38cc0ff 	orr	ip, ip, #255	@ 0xff
    7d3c:	e001e00c 	and	lr, r1, ip
    7d40:	e584e028 	str	lr, [r4, #40]	@ 0x28
    7d44:	e594c00c 	ldr	ip, [r4, #12]
    7d48:	e1a0282c 	lsr	r2, ip, #16
    7d4c:	e3a03000 	mov	r3, #0
    7d50:	e3a0cc7f 	mov	ip, #32512	@ 0x7f00
    7d54:	e38cc0ff 	orr	ip, ip, #255	@ 0xff
    7d58:	e002200c 	and	r2, r2, ip
    7d5c:	e2033000 	and	r3, r3, #0
    7d60:	e1a09002 	mov	r9, r2
    7d64:	e1a08003 	mov	r8, r3
    7d68:	e5842014 	str	r2, [r4, #20]
    7d6c:	e2422c3c 	sub	r2, r2, #60, 24	@ 0x3c00
    7d70:	e2422001 	sub	r2, r2, #1
    7d74:	e3a0cc07 	mov	ip, #1792	@ 0x700
    7d78:	e38cc0fd 	orr	ip, ip, #253	@ 0xfd
    7d7c:	e152000c 	cmp	r2, ip
    7d80:	8a000035 	bhi	0x7e5c
    7d84:	e594c004 	ldr	ip, [r4, #4]
    7d88:	e1a02e2c 	lsr	r2, ip, #28
    7d8c:	e3a0b000 	mov	fp, #0
    7d90:	e5946028 	ldr	r6, [r4, #40]	@ 0x28
    7d94:	e5947024 	ldr	r7, [r4, #36]	@ 0x24
    7d98:	e1a06206 	lsl	r6, r6, #4
    7d9c:	e1866e27 	orr	r6, r6, r7, lsr #28
    7da0:	e1a07207 	lsl	r7, r7, #4
    7da4:	e1822007 	orr	r2, r2, r7
    7da8:	e18bb006 	orr	fp, fp, r6
    7dac:	e594c014 	ldr	ip, [r4, #20]
    7db0:	e24c6df0 	sub	r6, ip, #240, 26	@ 0x3c00
    7db4:	e3a07000 	mov	r7, #0
    7db8:	e5943000 	ldr	r3, [r4]
    7dbc:	e594a004 	ldr	sl, [r4, #4]
    7dc0:	e3c33000 	bic	r3, r3, #0
    7dc4:	e3caa4f0 	bic	sl, sl, #240, 8	@ 0xf0000000
    7dc8:	e1a01003 	mov	r1, r3
    7dcc:	e1a0000a 	mov	r0, sl
    7dd0:	e3530001 	cmp	r3, #1
    7dd4:	e2dac680 	sbcs	ip, sl, #128, 12	@ 0x8000000
    7dd8:	3a000002 	bcc	0x7de8
    7ddc:	e2922001 	adds	r2, r2, #1
    7de0:	e2abb000 	adc	fp, fp, #0
    7de4:	ea000007 	b	0x7e08
    7de8:	e3500680 	cmp	r0, #128, 12	@ 0x8000000
    7dec:	1a000000 	bne	0x7df4
    7df0:	e3510000 	cmp	r1, #0
    7df4:	1a000003 	bne	0x7e08
    7df8:	e2020001 	and	r0, r2, #1
    7dfc:	e20b1000 	and	r1, fp, #0
    7e00:	e0902002 	adds	r2, r0, r2
    7e04:	e0a1b00b 	adc	fp, r1, fp
    7e08:	e3e0c000 	mvn	ip, #0
    7e0c:	e15c0002 	cmp	ip, r2
    7e10:	e3e0c20f 	mvn	ip, #-268435456	@ 0xf0000000
    7e14:	e3ccc6ff 	bic	ip, ip, #267386880	@ 0xff00000
    7e18:	e0dcc00b 	sbcs	ip, ip, fp
    7e1c:	e3a00000 	mov	r0, #0
    7e20:	33a00001 	movcc	r0, #1
    7e24:	e1a01000 	mov	r1, r0
    7e28:	e3500000 	cmp	r0, #0
    7e2c:	13a02000 	movne	r2, #0
    7e30:	e1a0e00b 	mov	lr, fp
    7e34:	13a0e000 	movne	lr, #0
    7e38:	e5842000 	str	r2, [r4]
    7e3c:	e584e004 	str	lr, [r4, #4]
    7e40:	e1a00001 	mov	r0, r1
    7e44:	e3a01000 	mov	r1, #0
    7e48:	e090e006 	adds	lr, r0, r6
    7e4c:	e584e024 	str	lr, [r4, #36]	@ 0x24
    7e50:	e0a1e007 	adc	lr, r1, r7
    7e54:	e584e028 	str	lr, [r4, #40]	@ 0x28
    7e58:	ea0000c6 	b	0x8178
    7e5c:	e5943000 	ldr	r3, [r4]
    7e60:	e5946004 	ldr	r6, [r4, #4]
    7e64:	e594c024 	ldr	ip, [r4, #36]	@ 0x24
    7e68:	e183300c 	orr	r3, r3, ip
    7e6c:	e594c028 	ldr	ip, [r4, #40]	@ 0x28
    7e70:	e186600c 	orr	r6, r6, ip
    7e74:	e193c006 	orrs	ip, r3, r6
    7e78:	0a000019 	beq	0x7ee4
    7e7c:	e3580000 	cmp	r8, #0
    7e80:	1a000002 	bne	0x7e90
    7e84:	e3a0cc7f 	mov	ip, #32512	@ 0x7f00
    7e88:	e38cc0ff 	orr	ip, ip, #255	@ 0xff
    7e8c:	e159000c 	cmp	r9, ip
    7e90:	1a000013 	bne	0x7ee4
    7e94:	e594c004 	ldr	ip, [r4, #4]
    7e98:	e1a03e2c 	lsr	r3, ip, #28
    7e9c:	e3a06000 	mov	r6, #0
    7ea0:	e594a028 	ldr	sl, [r4, #40]	@ 0x28
    7ea4:	e5947024 	ldr	r7, [r4, #36]	@ 0x24
    7ea8:	e1a0a20a 	lsl	sl, sl, #4
    7eac:	e18aae27 	orr	sl, sl, r7, lsr #28
    7eb0:	e1a07207 	lsl	r7, r7, #4
    7eb4:	e1833007 	orr	r3, r3, r7
    7eb8:	e186600a 	orr	r6, r6, sl
    7ebc:	e383e000 	orr	lr, r3, #0
    7ec0:	e584e000 	str	lr, [r4]
    7ec4:	e386ea80 	orr	lr, r6, #128, 20	@ 0x80000
    7ec8:	e584e004 	str	lr, [r4, #4]
    7ecc:	e3a0ec07 	mov	lr, #1792	@ 0x700
    7ed0:	e38ee0ff 	orr	lr, lr, #255	@ 0xff
    7ed4:	e584e024 	str	lr, [r4, #36]	@ 0x24
    7ed8:	e3a0e000 	mov	lr, #0
    7edc:	e584e028 	str	lr, [r4, #40]	@ 0x28
    7ee0:	ea0000a4 	b	0x8178
    7ee4:	e594c014 	ldr	ip, [r4, #20]
    7ee8:	e3a0ec43 	mov	lr, #17152	@ 0x4300
    7eec:	e38ee0fe 	orr	lr, lr, #254	@ 0xfe
    7ef0:	e15c000e 	cmp	ip, lr
    7ef4:	9a000009 	bls	0x7f20
    7ef8:	e3a0ec07 	mov	lr, #1792	@ 0x700
    7efc:	e38ee0ff 	orr	lr, lr, #255	@ 0xff
    7f00:	e584e024 	str	lr, [r4, #36]	@ 0x24
    7f04:	e3a0e000 	mov	lr, #0
    7f08:	e584e028 	str	lr, [r4, #40]	@ 0x28
    7f0c:	e3a0e000 	mov	lr, #0
    7f10:	e584e000 	str	lr, [r4]
    7f14:	e3a0e000 	mov	lr, #0
    7f18:	e584e004 	str	lr, [r4, #4]
    7f1c:	ea000095 	b	0x8178
    7f20:	e199c008 	orrs	ip, r9, r8
    7f24:	e3a03000 	mov	r3, #0
    7f28:	03a03001 	moveq	r3, #1
    7f2c:	e1a06003 	mov	r6, r3
    7f30:	e3530000 	cmp	r3, #0
    7f34:	e3a07df0 	mov	r7, #240, 26	@ 0x3c00
    7f38:	e3a0cc3c 	mov	ip, #60, 24	@ 0x3c00
    7f3c:	e38cc001 	orr	ip, ip, #1
    7f40:	01a0700c 	moveq	r7, ip
    7f44:	e1a03007 	mov	r3, r7
    7f48:	e594c014 	ldr	ip, [r4, #20]
    7f4c:	e047700c 	sub	r7, r7, ip
    7f50:	e1a08007 	mov	r8, r7
    7f54:	e3570070 	cmp	r7, #112	@ 0x70
    7f58:	da000008 	ble	0x7f80
    7f5c:	e3a0e000 	mov	lr, #0
    7f60:	e584e000 	str	lr, [r4]
    7f64:	e3a0e000 	mov	lr, #0
    7f68:	e584e004 	str	lr, [r4, #4]
    7f6c:	e3a0e000 	mov	lr, #0
    7f70:	e584e024 	str	lr, [r4, #36]	@ 0x24
    7f74:	e3a0e000 	mov	lr, #0
    7f78:	e584e028 	str	lr, [r4, #40]	@ 0x28
    7f7c:	ea00007d 	b	0x8178
    7f80:	e5947024 	ldr	r7, [r4, #36]	@ 0x24
    7f84:	e5949028 	ldr	r9, [r4, #40]	@ 0x28
    7f88:	e3877000 	orr	r7, r7, #0
    7f8c:	e3899b40 	orr	r9, r9, #64, 22	@ 0x10000
    7f90:	e3560000 	cmp	r6, #0
    7f94:	e594c024 	ldr	ip, [r4, #36]	@ 0x24
    7f98:	11a0700c 	movne	r7, ip
    7f9c:	e594c028 	ldr	ip, [r4, #40]	@ 0x28
    7fa0:	11a0900c 	movne	r9, ip
    7fa4:	e3a06000 	mov	r6, #0
    7fa8:	e594c014 	ldr	ip, [r4, #20]
    7fac:	e153000c 	cmp	r3, ip
    7fb0:	0a000024 	beq	0x8048
    7fb4:	e594c010 	ldr	ip, [r4, #16]
    7fb8:	e28c3010 	add	r3, ip, #16
    7fbc:	e268a080 	rsb	sl, r8, #128	@ 0x80
    7fc0:	e5843058 	str	r3, [r4, #88]	@ 0x58
    7fc4:	e5847024 	str	r7, [r4, #36]	@ 0x24
    7fc8:	e5849028 	str	r9, [r4, #40]	@ 0x28
    7fcc:	e584a06c 	str	sl, [r4, #108]	@ 0x6c
    7fd0:	e59f0624 	ldr	r0, [pc, #1572]	@ 0x85fc
    7fd4:	e1a01004 	mov	r1, r4
    7fd8:	e59d2000 	ldr	r2, [sp]
    7fdc:	e59fc61c 	ldr	ip, [pc, #1564]	@ 0x8600
    7fe0:	e12fff3c 	blx	ip
    7fe4:	e3500000 	cmp	r0, #0
    7fe8:	1a00007d 	bne	0x81e4
    7fec:	e594b010 	ldr	fp, [r4, #16]
    7ff0:	e5952030 	ldr	r2, [r5, #48]	@ 0x30
    7ff4:	e59fe5c4 	ldr	lr, [pc, #1476]	@ 0x85c0
    7ff8:	e7fbe1f0 	udf	#48656	@ 0xbe10
    7ffc:	2a000075 	bcs	0x81d8
    8000:	e082c00b 	add	ip, r2, fp
    8004:	e59c3000 	ldr	r3, [ip]
    8008:	e59ca004 	ldr	sl, [ip, #4]
    800c:	e5941010 	ldr	r1, [r4, #16]
    8010:	e5950030 	ldr	r0, [r5, #48]	@ 0x30
    8014:	e59fe5a4 	ldr	lr, [pc, #1444]	@ 0x85c0
    8018:	e7f1e1f8 	udf	#7704	@ 0x1e18
    801c:	2a00006d 	bcs	0x81d8
    8020:	e080c001 	add	ip, r0, r1
    8024:	e59c2000 	ldr	r2, [ip]
    8028:	e59cb004 	ldr	fp, [ip, #4]
    802c:	e1833002 	orr	r3, r3, r2
    8030:	e18aa00b 	orr	sl, sl, fp
    8034:	e35a0000 	cmp	sl, #0
    8038:	1a000000 	bne	0x8040
    803c:	e3530000 	cmp	r3, #0
    8040:	e3a06000 	mov	r6, #0
    8044:	13a06001 	movne	r6, #1
    8048:	e5847024 	str	r7, [r4, #36]	@ 0x24
    804c:	e5849028 	str	r9, [r4, #40]	@ 0x28
    8050:	e5848020 	str	r8, [r4, #32]
    8054:	e59f05a8 	ldr	r0, [pc, #1448]	@ 0x8604
    8058:	e1a01004 	mov	r1, r4
    805c:	e59d2000 	ldr	r2, [sp]
    8060:	e59fc5a0 	ldr	ip, [pc, #1440]	@ 0x8608
    8064:	e12fff3c 	blx	ip
    8068:	e3500000 	cmp	r0, #0
    806c:	1a00005c 	bne	0x81e4
    8070:	e5943010 	ldr	r3, [r4, #16]
    8074:	e5952030 	ldr	r2, [r5, #48]	@ 0x30
    8078:	e59fc540 	ldr	ip, [pc, #1344]	@ 0x85c0
    807c:	e153000c 	cmp	r3, ip
    8080:	8a000054 	bhi	0x81d8
    8084:	e082c003 	add	ip, r2, r3
    8088:	e59c0000 	ldr	r0, [ip]
    808c:	e59c1004 	ldr	r1, [ip, #4]
    8090:	e1a02000 	mov	r2, r0
    8094:	e1a03001 	mov	r3, r1
    8098:	e1a00e21 	lsr	r0, r1, #28
    809c:	e3a01000 	mov	r1, #0
    80a0:	e594a010 	ldr	sl, [r4, #16]
    80a4:	e5959030 	ldr	r9, [r5, #48]	@ 0x30
    80a8:	e59fe510 	ldr	lr, [pc, #1296]	@ 0x85c0
    80ac:	e7fae0f8 	udf	#44552	@ 0xae08
    80b0:	2a000048 	bcs	0x81d8
    80b4:	e089c00a 	add	ip, r9, sl
    80b8:	e59c7000 	ldr	r7, [ip]
    80bc:	e59c8004 	ldr	r8, [ip, #4]
    80c0:	e1a08208 	lsl	r8, r8, #4
    80c4:	e1888e27 	orr	r8, r8, r7, lsr #28
    80c8:	e1a07207 	lsl	r7, r7, #4
    80cc:	e1800007 	orr	r0, r0, r7
    80d0:	e1811008 	orr	r1, r1, r8
    80d4:	e3c22000 	bic	r2, r2, #0
    80d8:	e3c334f0 	bic	r3, r3, #240, 8	@ 0xf0000000
    80dc:	e3a07000 	mov	r7, #0
    80e0:	e1822006 	orr	r2, r2, r6
    80e4:	e1833007 	orr	r3, r3, r7
    80e8:	e1a06002 	mov	r6, r2
    80ec:	e1a07003 	mov	r7, r3
    80f0:	e3520001 	cmp	r2, #1
    80f4:	e2d3c680 	sbcs	ip, r3, #128, 12	@ 0x8000000
    80f8:	3a000002 	bcc	0x8108
    80fc:	e2900001 	adds	r0, r0, #1
    8100:	e2a11000 	adc	r1, r1, #0
    8104:	ea000007 	b	0x8128
    8108:	e3570680 	cmp	r7, #128, 12	@ 0x8000000
    810c:	1a000000 	bne	0x8114
    8110:	e3560000 	cmp	r6, #0
    8114:	1a000003 	bne	0x8128
    8118:	e2002001 	and	r2, r0, #1
    811c:	e2013000 	and	r3, r1, #0
    8120:	e0920000 	adds	r0, r2, r0
    8124:	e0a31001 	adc	r1, r3, r1
    8128:	e2202000 	eor	r2, r0, #0
    812c:	e2213940 	eor	r3, r1, #64, 18	@ 0x100000
    8130:	e3e0c000 	mvn	ip, #0
    8134:	e15c0000 	cmp	ip, r0
    8138:	e3e0c20f 	mvn	ip, #-268435456	@ 0xf0000000
    813c:	e3ccc6ff 	bic	ip, ip, #267386880	@ 0xff00000
    8140:	e0dcc001 	sbcs	ip, ip, r1
    8144:	e3a06000 	mov	r6, #0
    8148:	33a06001 	movcc	r6, #1
    814c:	e1a07006 	mov	r7, r6
    8150:	e3560000 	cmp	r6, #0
    8154:	e1a08002 	mov	r8, r2
    8158:	01a08000 	moveq	r8, r0
    815c:	e1a0e003 	mov	lr, r3
    8160:	01a0e001 	moveq	lr, r1
    8164:	e5848000 	str	r8, [r4]
    8168:	e584e004 	str	lr, [r4, #4]
    816c:	e5847024 	str	r7, [r4, #36]	@ 0x24
    8170:	e3a0e000 	mov	lr, #0
    8174:	e584e028 	str	lr, [r4, #40]	@ 0x28
    8178:	e594c010 	ldr	ip, [r4, #16]
    817c:	e28c0020 	add	r0, ip, #32
    8180:	e595103c 	ldr	r1, [r5, #60]	@ 0x3c
    8184:	e5810008 	str	r0, [r1, #8]
    8188:	e594c024 	ldr	ip, [r4, #36]	@ 0x24
    818c:	e1a01a0c 	lsl	r1, ip, #20
    8190:	e3a00000 	mov	r0, #0
    8194:	e5942008 	ldr	r2, [r4, #8]
    8198:	e594300c 	ldr	r3, [r4, #12]
    819c:	e2022000 	and	r2, r2, #0
    81a0:	e2033480 	and	r3, r3, #128, 8	@ 0x80000000
    81a4:	e1800002 	orr	r0, r0, r2
    81a8:	e1811003 	orr	r1, r1, r3
    81ac:	e594c000 	ldr	ip, [r4]
    81b0:	e180000c 	orr	r0, r0, ip
    81b4:	e594c004 	ldr	ip, [r4, #4]
    81b8:	e181100c 	orr	r1, r1, ip
    81bc:	ec410a10 	vmov	s0, s1, r0, r1
    81c0:	ed840b16 	vstr	d0, [r4, #88]	@ 0x58
    81c4:	e59f0440 	ldr	r0, [pc, #1088]	@ 0x860c
    81c8:	e30ccabc 	movw	ip, #51900	@ 0xcabc
    81cc:	e34ccdef 	movt	ip, #52719	@ 0xcdef
    81d0:	e28dd004 	add	sp, sp, #4
    81d4:	e8bd8fc0 	pop	{r6, r7, r8, r9, sl, fp, pc}
    81d8:	e3a00008 	mov	r0, #8
    81dc:	e59d1000 	ldr	r1, [sp]
    81e0:	e5810010 	str	r0, [r1, #16]
    81e4:	e59d0000 	ldr	r0, [sp]
    81e8:	e59d101c 	ldr	r1, [sp, #28]
    81ec:	e59fc41c 	ldr	ip, [pc, #1052]	@ 0x8610
    81f0:	e12fff3c 	blx	ip
    81f4:	e28dd004 	add	sp, sp, #4
    81f8:	e8bd0fc0 	pop	{r6, r7, r8, r9, sl, fp}
    81fc:	e28dd004 	add	sp, sp, #4
    8200:	e12fff10 	bx	r0
    8204:	e52de004 	push	{lr}		@ (str lr, [sp, #-4]!)
    8208:	e24dd004 	sub	sp, sp, #4
    820c:	e58d0000 	str	r0, [sp]
    8210:	e30cc123 	movw	ip, #49443	@ 0xc123
    8214:	e34cc456 	movt	ip, #50262	@ 0xc456
    8218:	e5940000 	ldr	r0, [r4]
    821c:	e595103c 	ldr	r1, [r5, #60]	@ 0x3c
    8220:	e5810008 	str	r0, [r1, #8]
    8224:	e59f03e8 	ldr	r0, [pc, #1000]	@ 0x8614
    8228:	e30ccabc 	movw	ip, #51900	@ 0xcabc
    822c:	e34ccdef 	movt	ip, #52719	@ 0xcdef
    8230:	e28dd004 	add	sp, sp, #4
    8234:	e49df004 	pop	{pc}		@ (ldr pc, [sp], #4)
    8238:	e52de004 	push	{lr}		@ (str lr, [sp, #-4]!)
    823c:	e24dd004 	sub	sp, sp, #4
    8240:	e58d0000 	str	r0, [sp]
    8244:	e30cc123 	movw	ip, #49443	@ 0xc123
    8248:	e34cc456 	movt	ip, #50262	@ 0xc456
    824c:	e595e03c 	ldr	lr, [r5, #60]	@ 0x3c
    8250:	e59e0008 	ldr	r0, [lr, #8]
    8254:	e5840000 	str	r0, [r4]
    8258:	e59f03b8 	ldr	r0, [pc, #952]	@ 0x8618
    825c:	e30ccabc 	movw	ip, #51900	@ 0xcabc
    8260:	e34ccdef 	movt	ip, #52719	@ 0xcdef
    8264:	e28dd004 	add	sp, sp, #4
    8268:	e49df004 	pop	{pc}		@ (ldr pc, [sp], #4)
    826c:	e52de004 	push	{lr}		@ (str lr, [sp, #-4]!)
    8270:	e24dd004 	sub	sp, sp, #4
    8274:	e58d0000 	str	r0, [sp]
    8278:	e30cc123 	movw	ip, #49443	@ 0xc123
    827c:	e34cc456 	movt	ip, #50262	@ 0xc456
    8280:	e5940000 	ldr	r0, [r4]
    8284:	e3500099 	cmp	r0, #153	@ 0x99
    8288:	83a00000 	movhi	r0, #0
    828c:	e1a00080 	lsl	r0, r0, #1
    8290:	e1a02000 	mov	r2, r0
    8294:	e5951030 	ldr	r1, [r5, #48]	@ 0x30
    8298:	e59fe37c 	ldr	lr, [pc, #892]	@ 0x861c
    829c:	e3a0cb42 	mov	ip, #67584	@ 0x10800
    82a0:	e38ccf68 	orr	ip, ip, #104, 30	@ 0x1a0
    82a4:	e092200c 	adds	r2, r2, ip
    82a8:	2a00000b 	bcs	0x82dc
    82ac:	e59fc368 	ldr	ip, [pc, #872]	@ 0x861c
    82b0:	e152000c 	cmp	r2, ip
    82b4:	8a000008 	bhi	0x82dc
    82b8:	e7e012f2 			@ <UNDEFINED> instruction: 0xe7e012f2
    82bc:	e2800b40 	add	r0, r0, #64, 22	@ 0x10000
    82c0:	e2800f8c 	add	r0, r0, #140, 30	@ 0x230
    82c4:	e5840018 	str	r0, [r4, #24]
    82c8:	e59f0350 	ldr	r0, [pc, #848]	@ 0x8620
    82cc:	e30ccabc 	movw	ip, #51900	@ 0xcabc
    82d0:	e34ccdef 	movt	ip, #52719	@ 0xcdef
    82d4:	e28dd004 	add	sp, sp, #4
    82d8:	e49df004 	pop	{pc}		@ (ldr pc, [sp], #4)
    82dc:	e3a00008 	mov	r0, #8
    82e0:	e59d1000 	ldr	r1, [sp]
    82e4:	e5810010 	str	r0, [r1, #16]
    82e8:	e59d0000 	ldr	r0, [sp]
    82ec:	e59d1004 	ldr	r1, [sp, #4]
    82f0:	e59fc32c 	ldr	ip, [pc, #812]	@ 0x8624
    82f4:	e12fff3c 	blx	ip
    82f8:	e28dd008 	add	sp, sp, #8
    82fc:	e12fff10 	bx	r0
    8300:	e52de004 	push	{lr}		@ (str lr, [sp, #-4]!)
    8304:	e24dd004 	sub	sp, sp, #4
    8308:	e58d0000 	str	r0, [sp]
    830c:	e30cc123 	movw	ip, #49443	@ 0xc123
    8310:	e34cc456 	movt	ip, #50262	@ 0xc456
    8314:	e5940000 	ldr	r0, [r4]
    8318:	e5840000 	str	r0, [r4]
    831c:	e5840000 	str	r0, [r4]
    8320:	e3a00840 	mov	r0, #64, 16	@ 0x400000
    8324:	e3800c49 	orr	r0, r0, #18688	@ 0x4900
    8328:	e1a01004 	mov	r1, r4
    832c:	e59d2000 	ldr	r2, [sp]
    8330:	e59fc2f0 	ldr	ip, [pc, #752]	@ 0x8628
    8334:	e12fff3c 	blx	ip
    8338:	e3500000 	cmp	r0, #0
    833c:	1a000006 	bne	0x835c
    8340:	e5940004 	ldr	r0, [r4, #4]
    8344:	e5840004 	str	r0, [r4, #4]
    8348:	e59f02dc 	ldr	r0, [pc, #732]	@ 0x862c
    834c:	e30ccabc 	movw	ip, #51900	@ 0xcabc
    8350:	e34ccdef 	movt	ip, #52719	@ 0xcdef
    8354:	e28dd004 	add	sp, sp, #4
    8358:	e49df004 	pop	{pc}		@ (ldr pc, [sp], #4)
    835c:	e59d0000 	ldr	r0, [sp]
    8360:	e59d1004 	ldr	r1, [sp, #4]
    8364:	e59fc2c4 	ldr	ip, [pc, #708]	@ 0x8630
    8368:	e12fff3c 	blx	ip
    836c:	e28dd008 	add	sp, sp, #8
    8370:	e12fff10 	bx	r0
    8374:	e52de004 	push	{lr}		@ (str lr, [sp, #-4]!)
    8378:	e24dd004 	sub	sp, sp, #4
    837c:	e58d0000 	str	r0, [sp]
    8380:	e30cc123 	movw	ip, #49443	@ 0xc123
    8384:	e34cc456 	movt	ip, #50262	@ 0xc456
    8388:	e3a0e001 	mov	lr, #1
    838c:	e584e000 	str	lr, [r4]
    8390:	e59f029c 	ldr	r0, [pc, #668]	@ 0x8634
    8394:	e30ccabc 	movw	ip, #51900	@ 0xcabc
    8398:	e34ccdef 	movt	ip, #52719	@ 0xcdef
    839c:	e28dd004 	add	sp, sp, #4
    83a0:	e49df004 	pop	{pc}		@ (ldr pc, [sp], #4)
    83a4:	e52de004 	push	{lr}		@ (str lr, [sp, #-4]!)
    83a8:	e24dd004 	sub	sp, sp, #4
    83ac:	e58d0000 	str	r0, [sp]
    83b0:	e30cc123 	movw	ip, #49443	@ 0xc123
    83b4:	e34cc456 	movt	ip, #50262	@ 0xc456
    83b8:	e1a0e005 	mov	lr, r5
    83bc:	e59e005c 	ldr	r0, [lr, #92]	@ 0x5c
    83c0:	e5840000 	str	r0, [r4]
    83c4:	e59f026c 	ldr	r0, [pc, #620]	@ 0x8638
    83c8:	e30ccabc 	movw	ip, #51900	@ 0xcabc
    83cc:	e34ccdef 	movt	ip, #52719	@ 0xcdef
    83d0:	e28dd004 	add	sp, sp, #4
    83d4:	e49df004 	pop	{pc}		@ (ldr pc, [sp], #4)
    83d8:	e52de004 	push	{lr}		@ (str lr, [sp, #-4]!)
    83dc:	e24dd004 	sub	sp, sp, #4
    83e0:	e58d0000 	str	r0, [sp]
    83e4:	e30cc123 	movw	ip, #49443	@ 0xc123
    83e8:	e34cc456 	movt	ip, #50262	@ 0xc456
    83ec:	e1a0e005 	mov	lr, r5
    83f0:	e59e0080 	ldr	r0, [lr, #128]	@ 0x80
    83f4:	e5840000 	str	r0, [r4]
    83f8:	e59f023c 	ldr	r0, [pc, #572]	@ 0x863c
    83fc:	e30ccabc 	movw	ip, #51900	@ 0xcabc
    8400:	e34ccdef 	movt	ip, #52719	@ 0xcdef
    8404:	e28dd004 	add	sp, sp, #4
    8408:	e49df004 	pop	{pc}		@ (ldr pc, [sp], #4)
    840c:	e52de004 	push	{lr}		@ (str lr, [sp, #-4]!)
    8410:	e24dd004 	sub	sp, sp, #4
    8414:	e58d0000 	str	r0, [sp]
    8418:	e30cc123 	movw	ip, #49443	@ 0xc123
    841c:	e34cc456 	movt	ip, #50262	@ 0xc456
    8420:	e1a0e005 	mov	lr, r5
    8424:	e59e007c 	ldr	r0, [lr, #124]	@ 0x7c
    8428:	e5840000 	str	r0, [r4]
    842c:	e59f020c 	ldr	r0, [pc, #524]	@ 0x8640
    8430:	e30ccabc 	movw	ip, #51900	@ 0xcabc
    8434:	e34ccdef 	movt	ip, #52719	@ 0xcdef
    8438:	e28dd004 	add	sp, sp, #4
    843c:	e49df004 	pop	{pc}		@ (ldr pc, [sp], #4)
    8440:	e52de004 	push	{lr}		@ (str lr, [sp, #-4]!)
    8444:	e24dd004 	sub	sp, sp, #4
    8448:	e58d0000 	str	r0, [sp]
    844c:	e30cc123 	movw	ip, #49443	@ 0xc123
    8450:	e34cc456 	movt	ip, #50262	@ 0xc456
    8454:	e1a0e005 	mov	lr, r5
    8458:	e59e0084 	ldr	r0, [lr, #132]	@ 0x84
    845c:	e5840000 	str	r0, [r4]
    8460:	e59f01dc 	ldr	r0, [pc, #476]	@ 0x8644
    8464:	e30ccabc 	movw	ip, #51900	@ 0xcabc
    8468:	e34ccdef 	movt	ip, #52719	@ 0xcdef
    846c:	e28dd004 	add	sp, sp, #4
    8470:	e49df004 	pop	{pc}		@ (ldr pc, [sp], #4)
    8474:	e52de004 	push	{lr}		@ (str lr, [sp, #-4]!)
    8478:	e24dd004 	sub	sp, sp, #4
    847c:	e58d0000 	str	r0, [sp]
    8480:	e30cc123 	movw	ip, #49443	@ 0xc123
    8484:	e34cc456 	movt	ip, #50262	@ 0xc456
    8488:	e1a0e005 	mov	lr, r5
    848c:	e59e00ec 	ldr	r0, [lr, #236]	@ 0xec
    8490:	e5840000 	str	r0, [r4]
    8494:	e59f01ac 	ldr	r0, [pc, #428]	@ 0x8648
    8498:	e30ccabc 	movw	ip, #51900	@ 0xcabc
    849c:	e34ccdef 	movt	ip, #52719	@ 0xcdef
    84a0:	e28dd004 	add	sp, sp, #4
    84a4:	e49df004 	pop	{pc}		@ (ldr pc, [sp], #4)
    84a8:	e52de004 	push	{lr}		@ (str lr, [sp, #-4]!)
    84ac:	e24dd004 	sub	sp, sp, #4
    84b0:	e58d0000 	str	r0, [sp]
    84b4:	e30cc123 	movw	ip, #49443	@ 0xc123
    84b8:	e34cc456 	movt	ip, #50262	@ 0xc456
    84bc:	e1a0e005 	mov	lr, r5
    84c0:	e59e00f0 	ldr	r0, [lr, #240]	@ 0xf0
    84c4:	e5840000 	str	r0, [r4]
    84c8:	e59f017c 	ldr	r0, [pc, #380]	@ 0x864c
    84cc:	e30ccabc 	movw	ip, #51900	@ 0xcabc
    84d0:	e34ccdef 	movt	ip, #52719	@ 0xcdef
    84d4:	e28dd004 	add	sp, sp, #4
    84d8:	e49df004 	pop	{pc}		@ (ldr pc, [sp], #4)
    84dc:	e52de004 	push	{lr}		@ (str lr, [sp, #-4]!)
    84e0:	e24dd004 	sub	sp, sp, #4
    84e4:	e58d0000 	str	r0, [sp]
    84e8:	e30cc123 	movw	ip, #49443	@ 0xc123
    84ec:	e34cc456 	movt	ip, #50262	@ 0xc456
    84f0:	e1a0e005 	mov	lr, r5
    84f4:	e59e0118 	ldr	r0, [lr, #280]	@ 0x118
    84f8:	e5840000 	str	r0, [r4]
    84fc:	e59f014c 	ldr	r0, [pc, #332]	@ 0x8650
    8500:	e30ccabc 	movw	ip, #51900	@ 0xcabc
    8504:	e34ccdef 	movt	ip, #52719	@ 0xcdef
    8508:	e28dd004 	add	sp, sp, #4
    850c:	e49df004 	pop	{pc}		@ (ldr pc, [sp], #4)
    8510:	e52de004 	push	{lr}		@ (str lr, [sp, #-4]!)
    8514:	e24dd004 	sub	sp, sp, #4
    8518:	e58d0000 	str	r0, [sp]
    851c:	e30cc123 	movw	ip, #49443	@ 0xc123
    8520:	e34cc456 	movt	ip, #50262	@ 0xc456
    8524:	e1a0e005 	mov	lr, r5
    8528:	e59e0120 	ldr	r0, [lr, #288]	@ 0x120
    852c:	e5840000 	str	r0, [r4]
    8530:	e59f011c 	ldr	r0, [pc, #284]	@ 0x8654
    8534:	e30ccabc 	movw	ip, #51900	@ 0xcabc
    8538:	e34ccdef 	movt	ip, #52719	@ 0xcdef
    853c:	e28dd004 	add	sp, sp, #4
    8540:	e49df004 	pop	{pc}		@ (ldr pc, [sp], #4)
    8544:	e52de004 	push	{lr}		@ (str lr, [sp, #-4]!)
    8548:	e24dd004 	sub	sp, sp, #4
    854c:	e58d0000 	str	r0, [sp]
    8550:	e30cc123 	movw	ip, #49443	@ 0xc123
    8554:	e34cc456 	movt	ip, #50262	@ 0xc456
    8558:	e3a0eb40 	mov	lr, #64, 22	@ 0x10000
    855c:	e584e000 	str	lr, [r4]
    8560:	e3a009ff 	mov	r0, #4177920	@ 0x3fc000
    8564:	e3800fbf 	orr	r0, r0, #764	@ 0x2fc
    8568:	e30ccabc 	movw	ip, #51900	@ 0xcabc
    856c:	e34ccdef 	movt	ip, #52719	@ 0xcdef
    8570:	e28dd004 	add	sp, sp, #4
    8574:	e49df004 	pop	{pc}		@ (ldr pc, [sp], #4)
    8578:	e52de004 	push	{lr}		@ (str lr, [sp, #-4]!)
    857c:	e24dd004 	sub	sp, sp, #4
    8580:	e58d0000 	str	r0, [sp]
    8584:	e30cc123 	movw	ip, #49443	@ 0xc123
    8588:	e34cc456 	movt	ip, #50262	@ 0xc456
    858c:	e3a0eb42 	mov	lr, #67584	@ 0x10800
    8590:	e38eefb6 	orr	lr, lr, #728	@ 0x2d8
    8594:	e584e000 	str	lr, [r4]
    8598:	e59f00b8 	ldr	r0, [pc, #184]	@ 0x8658
    859c:	e30ccabc 	movw	ip, #51900	@ 0xcabc
    85a0:	e34ccdef 	movt	ip, #52719	@ 0xcdef
    85a4:	e28dd004 	add	sp, sp, #4
    85a8:	e49df004 	pop	{pc}		@ (ldr pc, [sp], #4)
    85ac:	ea00002a 	b	0x865c
	...
    85b8:	0004890c 	andeq	r8, r4, ip, lsl #18
    85bc:	0004890c 	andeq	r8, r4, ip, lsl #18
    85c0:	0101fff8 	strdeq	pc, [r1, -r8]
    85c4:	00048004 	andeq	r8, r4, r4
    85c8:	0101fffc 	strdeq	pc, [r1, -ip]
    85cc:	003f963c 	eorseq	r9, pc, ip, lsr r6	@ <UNPREDICTABLE>
    85d0:	0004890c 	andeq	r8, r4, ip, lsl #18
    85d4:	003f965c 	eorseq	r9, pc, ip, asr r6	@ <UNPREDICTABLE>
    85d8:	00048004 	andeq	r8, r4, r4
    85dc:	003eb328 	eorseq	fp, lr, r8, lsr #6
    85e0:	003ffc9c 	mlaseq	pc, ip, ip, pc	@ <UNPREDICTABLE>
    85e4:	003fe79c 	mlaseq	pc, ip, r7, lr	@ <UNPREDICTABLE>
    85e8:	003fb81c 	eorseq	fp, pc, ip, lsl r8	@ <UNPREDICTABLE>
    85ec:	003feae4 	eorseq	lr, pc, r4, ror #21
    85f0:	00048004 	andeq	r8, r4, r4
    85f4:	004047ac 	subeq	r4, r0, ip, lsr #15
    85f8:	00048004 	andeq	r8, r4, r4
    85fc:	004060d0 	ldrdeq	r6, [r0], #-0
    8600:	0004890c 	andeq	r8, r4, ip, lsl #18
    8604:	00406128 	subeq	r6, r0, r8, lsr #2
    8608:	0004890c 	andeq	r8, r4, ip, lsl #18
    860c:	00406344 	subeq	r6, r0, r4, asr #6
    8610:	00048004 	andeq	r8, r4, r4
    8614:	003fa0cc 	eorseq	sl, pc, ip, asr #1
    8618:	003fc49c 	mlaseq	pc, ip, r4, ip	@ <UNPREDICTABLE>
    861c:	0101fffe 	strdeq	pc, [r1, -lr]
    8620:	003f73e8 	eorseq	r7, pc, r8, ror #7
    8624:	00048004 	andeq	r8, r4, r4
    8628:	0004890c 	andeq	r8, r4, ip, lsl #18
    862c:	0040491c 	subeq	r4, r0, ip, lsl r9
    8630:	00048004 	andeq	r8, r4, r4
    8634:	003f5b74 	eorseq	r5, pc, r4, ror fp	@ <UNPREDICTABLE>
    8638:	003f6284 	eorseq	r6, pc, r4, lsl #5
    863c:	003f630c 	eorseq	r6, pc, ip, lsl #6
    8640:	003f6394 	mlaseq	pc, r4, r3, r6	@ <UNPREDICTABLE>
    8644:	003f641c 	eorseq	r6, pc, ip, lsl r4	@ <UNPREDICTABLE>
    8648:	003f64a4 	eorseq	r6, pc, r4, lsr #9
    864c:	003f652c 	eorseq	r6, pc, ip, lsr #10
    8650:	003f65b4 	ldrhteq	r6, [pc], -r4
    8654:	003f663c 	eorseq	r6, pc, ip, lsr r6	@ <UNPREDICTABLE>
    8658:	004048d4 	ldrdeq	r4, [r0], #-132	@ 0xffffff7c
    865c:	e1a00000 	nop			@ (mov r0, r0)
    8660:	e1a00000 	nop			@ (mov r0, r0)
    8664:	e1a00000 	nop			@ (mov r0, r0)
    8668:	e1a00000 	nop			@ (mov r0, r0)
    866c:	e1a00000 	nop			@ (mov r0, r0)
    8670:	e1a00000 	nop			@ (mov r0, r0)
    8674:	e1a00000 	nop			@ (mov r0, r0)
    8678:	e1a00000 	nop			@ (mov r0, r0)
    867c:	e1a00000 	nop			@ (mov r0, r0)
    8680:	e1a00000 	nop			@ (mov r0, r0)
    8684:	e1a00000 	nop			@ (mov r0, r0)
    8688:	e1a00000 	nop			@ (mov r0, r0)
    868c:	e1a00000 	nop			@ (mov r0, r0)
    8690:	e1a00000 	nop			@ (mov r0, r0)
    8694:	e1a00000 	nop			@ (mov r0, r0)
    8698:	e1a00000 	nop			@ (mov r0, r0)
    869c:	e1a00000 	nop			@ (mov r0, r0)
    86a0:	e1a00000 	nop			@ (mov r0, r0)
    86a4:	e1a00000 	nop			@ (mov r0, r0)
    86a8:	e1a00000 	nop			@ (mov r0, r0)
    86ac:	e1a00000 	nop			@ (mov r0, r0)
    86b0:	e1a00000 	nop			@ (mov r0, r0)
    86b4:	e1a00000 	nop			@ (mov r0, r0)
    86b8:	e1a00000 	nop			@ (mov r0, r0)
    86bc:	e1a00000 	nop			@ (mov r0, r0)
    86c0:	e1a00000 	nop			@ (mov r0, r0)
    86c4:	e1a00000 	nop			@ (mov r0, r0)
    86c8:	e1a00000 	nop			@ (mov r0, r0)
    86cc:	e1a00000 	nop			@ (mov r0, r0)
    86d0:	e1a00000 	nop			@ (mov r0, r0)
    86d4:	e1a00000 	nop			@ (mov r0, r0)
    86d8:	e1a00000 	nop			@ (mov r0, r0)
    86dc:	e1a00000 	nop			@ (mov r0, r0)
    86e0:	e1a00000 	nop			@ (mov r0, r0)
    86e4:	e1a00000 	nop			@ (mov r0, r0)
    86e8:	e1a00000 	nop			@ (mov r0, r0)
    86ec:	e1a00000 	nop			@ (mov r0, r0)
    86f0:	e1a00000 	nop			@ (mov r0, r0)
    86f4:	e1a00000 	nop			@ (mov r0, r0)
    86f8:	e1a00000 	nop			@ (mov r0, r0)
    86fc:	e1a00000 	nop			@ (mov r0, r0)
    8700:	e1a00000 	nop			@ (mov r0, r0)
    8704:	e1a00000 	nop			@ (mov r0, r0)
    8708:	e1a00000 	nop			@ (mov r0, r0)
    870c:	e1a00000 	nop			@ (mov r0, r0)
    8710:	e1a00000 	nop			@ (mov r0, r0)
    8714:	e1a00000 	nop			@ (mov r0, r0)
    8718:	e1a00000 	nop			@ (mov r0, r0)
    871c:	e1a00000 	nop			@ (mov r0, r0)
    8720:	e1a00000 	nop			@ (mov r0, r0)
    8724:	e1a00000 	nop			@ (mov r0, r0)
    8728:	e1a00000 	nop			@ (mov r0, r0)
    872c:	e1a00000 	nop			@ (mov r0, r0)
    8730:	e1a00000 	nop			@ (mov r0, r0)
    8734:	e1a00000 	nop			@ (mov r0, r0)
    8738:	e1a00000 	nop			@ (mov r0, r0)
    873c:	e1a00000 	nop			@ (mov r0, r0)
    8740:	e1a00000 	nop			@ (mov r0, r0)
    8744:	e1a00000 	nop			@ (mov r0, r0)
    8748:	e1a00000 	nop			@ (mov r0, r0)
    874c:	e1a00000 	nop			@ (mov r0, r0)
    8750:	e1a00000 	nop			@ (mov r0, r0)
    8754:	e1a00000 	nop			@ (mov r0, r0)
    8758:	e1a00000 	nop			@ (mov r0, r0)
    875c:	e1a00000 	nop			@ (mov r0, r0)
    8760:	e1a00000 	nop			@ (mov r0, r0)
    8764:	e1a00000 	nop			@ (mov r0, r0)
    8768:	e1a00000 	nop			@ (mov r0, r0)
    876c:	e1a00000 	nop			@ (mov r0, r0)
    8770:	e1a00000 	nop			@ (mov r0, r0)
