
/tmp/jit_dump.bin:     file format binary


Disassembly of section .data:

00000000 <.data>:
       0:	e92d4030 	push	{r4, r5, lr}
       4:	e1a04001 	mov	r4, r1
       8:	e24dd004 	sub	sp, sp, #4
       c:	e5905008 	ldr	r5, [r0, #8]
      10:	e12fff32 	blx	r2
      14:	e28dd004 	add	sp, sp, #4
      18:	e8bd8030 	pop	{r4, r5, pc}
      1c:	e52de004 	push	{lr}		@ (str lr, [sp, #-4]!)
      20:	e24dd004 	sub	sp, sp, #4
      24:	e58d0000 	str	r0, [sp]
      28:	e30cc123 	movw	ip, #49443	@ 0xc123
      2c:	e34cc456 	movt	ip, #50262	@ 0xc456
      30:	e59f0fe0 	ldr	r0, [pc, #4064]	@ 0x1018
      34:	e1a01004 	mov	r1, r4
      38:	e59d2000 	ldr	r2, [sp]
      3c:	e59fcfd8 	ldr	ip, [pc, #4056]	@ 0x101c
      40:	e12fff3c 	blx	ip
      44:	e3500000 	cmp	r0, #0
      48:	1a00000b 	bne	0x7c
      4c:	e59f0fcc 	ldr	r0, [pc, #4044]	@ 0x1020
      50:	e1a01004 	mov	r1, r4
      54:	e59d2000 	ldr	r2, [sp]
      58:	e59fcfc4 	ldr	ip, [pc, #4036]	@ 0x1024
      5c:	e12fff3c 	blx	ip
      60:	e3500000 	cmp	r0, #0
      64:	1a000004 	bne	0x7c
      68:	e59f0fb8 	ldr	r0, [pc, #4024]	@ 0x1028
      6c:	e30ccabc 	movw	ip, #51900	@ 0xcabc
      70:	e34ccdef 	movt	ip, #52719	@ 0xcdef
      74:	e28dd004 	add	sp, sp, #4
      78:	e49df004 	pop	{pc}		@ (ldr pc, [sp], #4)
      7c:	e59d0000 	ldr	r0, [sp]
      80:	e59d1004 	ldr	r1, [sp, #4]
      84:	e59fcfa0 	ldr	ip, [pc, #4000]	@ 0x102c
      88:	e12fff3c 	blx	ip
      8c:	e28dd008 	add	sp, sp, #8
      90:	e12fff10 	bx	r0
      94:	e92d4040 	push	{r6, lr}
      98:	e24dd008 	sub	sp, sp, #8
      9c:	e58d0000 	str	r0, [sp]
      a0:	e30cc123 	movw	ip, #49443	@ 0xc123
      a4:	e34cc456 	movt	ip, #50262	@ 0xc456
      a8:	e595e03c 	ldr	lr, [r5, #60]	@ 0x3c
      ac:	e59e0008 	ldr	r0, [lr, #8]
      b0:	e2406c20 	sub	r6, r0, #32, 24	@ 0x2000
      b4:	e2466050 	sub	r6, r6, #80	@ 0x50
      b8:	e595003c 	ldr	r0, [r5, #60]	@ 0x3c
      bc:	e5806008 	str	r6, [r0, #8]
      c0:	e1a01006 	mov	r1, r6
      c4:	e5950030 	ldr	r0, [r5, #48]	@ 0x30
      c8:	e3a0cc20 	mov	ip, #32, 24	@ 0x2000
      cc:	e38cc04c 	orr	ip, ip, #76	@ 0x4c
      d0:	e091100c 	adds	r1, r1, ip
      d4:	2a0000c5 	bcs	0x3f0
      d8:	e59fcf50 	ldr	ip, [pc, #3920]	@ 0x1030
      dc:	e151000c 	cmp	r1, ip
      e0:	8a0000c2 	bhi	0x3f0
      e4:	e3a0e000 	mov	lr, #0
      e8:	e780e001 	str	lr, [r0, r1]
      ec:	e3a0c000 	mov	ip, #0
      f0:	e59fef3c 	ldr	lr, [pc, #3900]	@ 0x1034
      f4:	ec4eca17 	vmov	s14, s15, ip, lr
      f8:	e1a01006 	mov	r1, r6
      fc:	e5950030 	ldr	r0, [r5, #48]	@ 0x30
     100:	e2911038 	adds	r1, r1, #56	@ 0x38
     104:	2a0000b9 	bcs	0x3f0
     108:	e59fcf28 	ldr	ip, [pc, #3880]	@ 0x1038
     10c:	e151000c 	cmp	r1, ip
     110:	8a0000b6 	bhi	0x3f0
     114:	ee17ea10 	vmov	lr, s14
     118:	e080c001 	add	ip, r0, r1
     11c:	e58ce000 	str	lr, [ip]
     120:	ee17ea90 	vmov	lr, s15
     124:	e58ce004 	str	lr, [ip, #4]
     128:	e3a0c000 	mov	ip, #0
     12c:	e59fef08 	ldr	lr, [pc, #3848]	@ 0x103c
     130:	ec4eca17 	vmov	s14, s15, ip, lr
     134:	e1a01006 	mov	r1, r6
     138:	e5950030 	ldr	r0, [r5, #48]	@ 0x30
     13c:	e2911030 	adds	r1, r1, #48	@ 0x30
     140:	2a0000aa 	bcs	0x3f0
     144:	e59fceec 	ldr	ip, [pc, #3820]	@ 0x1038
     148:	e151000c 	cmp	r1, ip
     14c:	8a0000a7 	bhi	0x3f0
     150:	ee17ea10 	vmov	lr, s14
     154:	e080c001 	add	ip, r0, r1
     158:	e58ce000 	str	lr, [ip]
     15c:	ee17ea90 	vmov	lr, s15
     160:	e58ce004 	str	lr, [ip, #4]
     164:	e59f0ed4 	ldr	r0, [pc, #3796]	@ 0x1040
     168:	e1a01004 	mov	r1, r4
     16c:	e59d2000 	ldr	r2, [sp]
     170:	e59fcecc 	ldr	ip, [pc, #3788]	@ 0x1044
     174:	e12fff3c 	blx	ip
     178:	e3500000 	cmp	r0, #0
     17c:	1a00009e 	bne	0x3fc
     180:	e2860d41 	add	r0, r6, #4160	@ 0x1040
     184:	e5840058 	str	r0, [r4, #88]	@ 0x58
     188:	e3a0ee40 	mov	lr, #64, 28	@ 0x400
     18c:	e584e038 	str	lr, [r4, #56]	@ 0x38
     190:	e3a009fe 	mov	r0, #4161536	@ 0x3f8000
     194:	e3800e5c 	orr	r0, r0, #92, 28	@ 0x5c0
     198:	e1a01004 	mov	r1, r4
     19c:	e59d2000 	ldr	r2, [sp]
     1a0:	e59fcea0 	ldr	ip, [pc, #3744]	@ 0x1048
     1a4:	e12fff3c 	blx	ip
     1a8:	e3500000 	cmp	r0, #0
     1ac:	1a000092 	bne	0x3fc
     1b0:	e1a01006 	mov	r1, r6
     1b4:	e5950030 	ldr	r0, [r5, #48]	@ 0x30
     1b8:	e2911028 	adds	r1, r1, #40	@ 0x28
     1bc:	2a00008b 	bcs	0x3f0
     1c0:	e59fce70 	ldr	ip, [pc, #3696]	@ 0x1038
     1c4:	e151000c 	cmp	r1, ip
     1c8:	8a000088 	bhi	0x3f0
     1cc:	e0800001 	add	r0, r0, r1
     1d0:	e3a01000 	mov	r1, #0
     1d4:	e3a02000 	mov	r2, #0
     1d8:	e5802000 	str	r2, [r0]
     1dc:	e5801004 	str	r1, [r0, #4]
     1e0:	e2860d41 	add	r0, r6, #4160	@ 0x1040
     1e4:	e2861040 	add	r1, r6, #64	@ 0x40
     1e8:	e1a03006 	mov	r3, r6
     1ec:	e5952030 	ldr	r2, [r5, #48]	@ 0x30
     1f0:	e2933038 	adds	r3, r3, #56	@ 0x38
     1f4:	2a00007d 	bcs	0x3f0
     1f8:	e59fce38 	ldr	ip, [pc, #3640]	@ 0x1038
     1fc:	e153000c 	cmp	r3, ip
     200:	8a00007a 	bhi	0x3f0
     204:	e082c003 	add	ip, r2, r3
     208:	e59ce000 	ldr	lr, [ip]
     20c:	e59cc004 	ldr	ip, [ip, #4]
     210:	ec4cea10 	vmov	s0, s1, lr, ip
     214:	e1a03006 	mov	r3, r6
     218:	e5952030 	ldr	r2, [r5, #48]	@ 0x30
     21c:	e2933030 	adds	r3, r3, #48	@ 0x30
     220:	2a000072 	bcs	0x3f0
     224:	e59fce0c 	ldr	ip, [pc, #3596]	@ 0x1038
     228:	e153000c 	cmp	r3, ip
     22c:	8a00006f 	bhi	0x3f0
     230:	e082c003 	add	ip, r2, r3
     234:	e59ce000 	ldr	lr, [ip]
     238:	e59cc004 	ldr	ip, [ip, #4]
     23c:	ec4cea11 	vmov	s2, s3, lr, ip
     240:	e2862028 	add	r2, r6, #40	@ 0x28
     244:	e5840004 	str	r0, [r4, #4]
     248:	e5841008 	str	r1, [r4, #8]
     24c:	e3a0ee40 	mov	lr, #64, 28	@ 0x400
     250:	e584e038 	str	lr, [r4, #56]	@ 0x38
     254:	ed840b04 	vstr	d0, [r4, #16]
     258:	ed841b06 	vstr	d1, [r4, #24]
     25c:	e5842074 	str	r2, [r4, #116]	@ 0x74
     260:	e3a009fe 	mov	r0, #4161536	@ 0x3f8000
     264:	e3800e64 	orr	r0, r0, #100, 28	@ 0x640
     268:	e1a01004 	mov	r1, r4
     26c:	e59d2000 	ldr	r2, [sp]
     270:	e59fcdd4 	ldr	ip, [pc, #3540]	@ 0x104c
     274:	e12fff3c 	blx	ip
     278:	e3500000 	cmp	r0, #0
     27c:	1a00005e 	bne	0x3fc
     280:	e1a03006 	mov	r3, r6
     284:	e5952030 	ldr	r2, [r5, #48]	@ 0x30
     288:	e2933028 	adds	r3, r3, #40	@ 0x28
     28c:	2a000057 	bcs	0x3f0
     290:	e59fcda0 	ldr	ip, [pc, #3488]	@ 0x1038
     294:	e153000c 	cmp	r3, ip
     298:	8a000054 	bhi	0x3f0
     29c:	e082c003 	add	ip, r2, r3
     2a0:	e59c0000 	ldr	r0, [ip]
     2a4:	e59c1004 	ldr	r1, [ip, #4]
     2a8:	e1a03006 	mov	r3, r6
     2ac:	e5952030 	ldr	r2, [r5, #48]	@ 0x30
     2b0:	e2933038 	adds	r3, r3, #56	@ 0x38
     2b4:	2a00004d 	bcs	0x3f0
     2b8:	e59fcd78 	ldr	ip, [pc, #3448]	@ 0x1038
     2bc:	e153000c 	cmp	r3, ip
     2c0:	8a00004a 	bhi	0x3f0
     2c4:	e082c003 	add	ip, r2, r3
     2c8:	e59ce000 	ldr	lr, [ip]
     2cc:	e59cc004 	ldr	ip, [ip, #4]
     2d0:	ec4cea10 	vmov	s0, s1, lr, ip
     2d4:	e1a03006 	mov	r3, r6
     2d8:	e5952030 	ldr	r2, [r5, #48]	@ 0x30
     2dc:	e2933030 	adds	r3, r3, #48	@ 0x30
     2e0:	2a000042 	bcs	0x3f0
     2e4:	e59fcd4c 	ldr	ip, [pc, #3404]	@ 0x1038
     2e8:	e153000c 	cmp	r3, ip
     2ec:	8a00003f 	bhi	0x3f0
     2f0:	e082c003 	add	ip, r2, r3
     2f4:	e59ce000 	ldr	lr, [ip]
     2f8:	e59cc004 	ldr	ip, [ip, #4]
     2fc:	ec4cea11 	vmov	s2, s3, lr, ip
     300:	e2862018 	add	r2, r6, #24
     304:	e5953030 	ldr	r3, [r5, #48]	@ 0x30
     308:	e59fcd28 	ldr	ip, [pc, #3368]	@ 0x1038
     30c:	e152000c 	cmp	r2, ip
     310:	8a000036 	bhi	0x3f0
     314:	ee11ea10 	vmov	lr, s2
     318:	e083c002 	add	ip, r3, r2
     31c:	e58ce000 	str	lr, [ip]
     320:	ee11ea90 	vmov	lr, s3
     324:	e58ce004 	str	lr, [ip, #4]
     328:	e2862010 	add	r2, r6, #16
     32c:	e5953030 	ldr	r3, [r5, #48]	@ 0x30
     330:	e59fcd00 	ldr	ip, [pc, #3328]	@ 0x1038
     334:	e152000c 	cmp	r2, ip
     338:	8a00002c 	bhi	0x3f0
     33c:	ee10ea10 	vmov	lr, s0
     340:	e083c002 	add	ip, r3, r2
     344:	e58ce000 	str	lr, [ip]
     348:	ee10ea90 	vmov	lr, s1
     34c:	e58ce004 	str	lr, [ip, #4]
     350:	e1a03006 	mov	r3, r6
     354:	e5952030 	ldr	r2, [r5, #48]	@ 0x30
     358:	e2933008 	adds	r3, r3, #8
     35c:	2a000023 	bcs	0x3f0
     360:	e59fccd0 	ldr	ip, [pc, #3280]	@ 0x1038
     364:	e153000c 	cmp	r3, ip
     368:	8a000020 	bhi	0x3f0
     36c:	e082c003 	add	ip, r2, r3
     370:	e58c0000 	str	r0, [ip]
     374:	e58c1004 	str	r1, [ip, #4]
     378:	e1a01006 	mov	r1, r6
     37c:	e5950030 	ldr	r0, [r5, #48]	@ 0x30
     380:	e59fcca8 	ldr	ip, [pc, #3240]	@ 0x1030
     384:	e151000c 	cmp	r1, ip
     388:	8a000018 	bhi	0x3f0
     38c:	e3a0ee40 	mov	lr, #64, 28	@ 0x400
     390:	e780e001 	str	lr, [r0, r1]
     394:	e3a0eb40 	mov	lr, #64, 22	@ 0x10000
     398:	e38ee1d8 	orr	lr, lr, #216, 2	@ 0x36
     39c:	e584e058 	str	lr, [r4, #88]	@ 0x58
     3a0:	e5846000 	str	r6, [r4]
     3a4:	e3a009fe 	mov	r0, #4161536	@ 0x3f8000
     3a8:	e3800e6e 	orr	r0, r0, #1760	@ 0x6e0
     3ac:	e1a01004 	mov	r1, r4
     3b0:	e59d2000 	ldr	r2, [sp]
     3b4:	e59fcc94 	ldr	ip, [pc, #3220]	@ 0x1050
     3b8:	e12fff3c 	blx	ip
     3bc:	e3500000 	cmp	r0, #0
     3c0:	1a00000d 	bne	0x3fc
     3c4:	e3a00000 	mov	r0, #0
     3c8:	e2866c20 	add	r6, r6, #32, 24	@ 0x2000
     3cc:	e2866050 	add	r6, r6, #80	@ 0x50
     3d0:	e595103c 	ldr	r1, [r5, #60]	@ 0x3c
     3d4:	e5816008 	str	r6, [r1, #8]
     3d8:	e584000c 	str	r0, [r4, #12]
     3dc:	e59f0c70 	ldr	r0, [pc, #3184]	@ 0x1054
     3e0:	e30ccabc 	movw	ip, #51900	@ 0xcabc
     3e4:	e34ccdef 	movt	ip, #52719	@ 0xcdef
     3e8:	e28dd008 	add	sp, sp, #8
     3ec:	e8bd8040 	pop	{r6, pc}
     3f0:	e3a00008 	mov	r0, #8
     3f4:	e59d1000 	ldr	r1, [sp]
     3f8:	e5810010 	str	r0, [r1, #16]
     3fc:	e59d0000 	ldr	r0, [sp]
     400:	e59d100c 	ldr	r1, [sp, #12]
     404:	e59fcc4c 	ldr	ip, [pc, #3148]	@ 0x1058
     408:	e12fff3c 	blx	ip
     40c:	e59d6008 	ldr	r6, [sp, #8]
     410:	e28dd010 	add	sp, sp, #16
     414:	e12fff10 	bx	r0
     418:	e92d4040 	push	{r6, lr}
     41c:	e24dd008 	sub	sp, sp, #8
     420:	e58d0000 	str	r0, [sp]
     424:	e30cc123 	movw	ip, #49443	@ 0xc123
     428:	e34cc456 	movt	ip, #50262	@ 0xc456
     42c:	e595e03c 	ldr	lr, [r5, #60]	@ 0x3c
     430:	e59e0008 	ldr	r0, [lr, #8]
     434:	e2406010 	sub	r6, r0, #16
     438:	e595003c 	ldr	r0, [r5, #60]	@ 0x3c
     43c:	e5806008 	str	r6, [r0, #8]
     440:	e1a01006 	mov	r1, r6
     444:	e5950030 	ldr	r0, [r5, #48]	@ 0x30
     448:	e291100c 	adds	r1, r1, #12
     44c:	2a00001c 	bcs	0x4c4
     450:	e59fcbd8 	ldr	ip, [pc, #3032]	@ 0x1030
     454:	e151000c 	cmp	r1, ip
     458:	8a000019 	bhi	0x4c4
     45c:	e59febf8 	ldr	lr, [pc, #3064]	@ 0x105c
     460:	e780e001 	str	lr, [r0, r1]
     464:	e1a02006 	mov	r2, r6
     468:	e5951030 	ldr	r1, [r5, #48]	@ 0x30
     46c:	e292200c 	adds	r2, r2, #12
     470:	2a000013 	bcs	0x4c4
     474:	e59fcbb4 	ldr	ip, [pc, #2996]	@ 0x1030
     478:	e152000c 	cmp	r2, ip
     47c:	8a000010 	bhi	0x4c4
     480:	e7910002 	ldr	r0, [r1, r2]
     484:	e584000c 	str	r0, [r4, #12]
     488:	e59f0bd0 	ldr	r0, [pc, #3024]	@ 0x1060
     48c:	e1a01004 	mov	r1, r4
     490:	e59d2000 	ldr	r2, [sp]
     494:	e59fcbc8 	ldr	ip, [pc, #3016]	@ 0x1064
     498:	e12fff3c 	blx	ip
     49c:	e3500000 	cmp	r0, #0
     4a0:	1a00000a 	bne	0x4d0
     4a4:	e2866010 	add	r6, r6, #16
     4a8:	e595003c 	ldr	r0, [r5, #60]	@ 0x3c
     4ac:	e5806008 	str	r6, [r0, #8]
     4b0:	e59f0bb0 	ldr	r0, [pc, #2992]	@ 0x1068
     4b4:	e30ccabc 	movw	ip, #51900	@ 0xcabc
     4b8:	e34ccdef 	movt	ip, #52719	@ 0xcdef
     4bc:	e28dd008 	add	sp, sp, #8
     4c0:	e8bd8040 	pop	{r6, pc}
     4c4:	e3a00008 	mov	r0, #8
     4c8:	e59d1000 	ldr	r1, [sp]
     4cc:	e5810010 	str	r0, [r1, #16]
     4d0:	e59d0000 	ldr	r0, [sp]
     4d4:	e59d100c 	ldr	r1, [sp, #12]
     4d8:	e59fcb8c 	ldr	ip, [pc, #2956]	@ 0x106c
     4dc:	e12fff3c 	blx	ip
     4e0:	e59d6008 	ldr	r6, [sp, #8]
     4e4:	e28dd010 	add	sp, sp, #16
     4e8:	e12fff10 	bx	r0
     4ec:	e92d40c0 	push	{r6, r7, lr}
     4f0:	e24dd004 	sub	sp, sp, #4
     4f4:	e58d0000 	str	r0, [sp]
     4f8:	e30cc123 	movw	ip, #49443	@ 0xc123
     4fc:	e34cc456 	movt	ip, #50262	@ 0xc456
     500:	e5940000 	ldr	r0, [r4]
     504:	e5941004 	ldr	r1, [r4, #4]
     508:	e595e03c 	ldr	lr, [r5, #60]	@ 0x3c
     50c:	e59e2008 	ldr	r2, [lr, #8]
     510:	e2426020 	sub	r6, r2, #32
     514:	e595203c 	ldr	r2, [r5, #60]	@ 0x3c
     518:	e5826008 	str	r6, [r2, #8]
     51c:	e1a03006 	mov	r3, r6
     520:	e5952030 	ldr	r2, [r5, #48]	@ 0x30
     524:	e293301c 	adds	r3, r3, #28
     528:	2a0000a2 	bcs	0x7b8
     52c:	e59fcafc 	ldr	ip, [pc, #2812]	@ 0x1030
     530:	e153000c 	cmp	r3, ip
     534:	8a00009f 	bhi	0x7b8
     538:	e7820003 	str	r0, [r2, r3]
     53c:	e1a02006 	mov	r2, r6
     540:	e5950030 	ldr	r0, [r5, #48]	@ 0x30
     544:	e2922018 	adds	r2, r2, #24
     548:	2a00009a 	bcs	0x7b8
     54c:	e59fcadc 	ldr	ip, [pc, #2780]	@ 0x1030
     550:	e152000c 	cmp	r2, ip
     554:	8a000097 	bhi	0x7b8
     558:	e7801002 	str	r1, [r0, r2]
     55c:	e1a01006 	mov	r1, r6
     560:	e5950030 	ldr	r0, [r5, #48]	@ 0x30
     564:	e2911014 	adds	r1, r1, #20
     568:	2a000092 	bcs	0x7b8
     56c:	e59fcabc 	ldr	ip, [pc, #2748]	@ 0x1030
     570:	e151000c 	cmp	r1, ip
     574:	8a00008f 	bhi	0x7b8
     578:	e3a0e000 	mov	lr, #0
     57c:	e780e001 	str	lr, [r0, r1]
     580:	e1a02006 	mov	r2, r6
     584:	e5951030 	ldr	r1, [r5, #48]	@ 0x30
     588:	e2922014 	adds	r2, r2, #20
     58c:	2a000089 	bcs	0x7b8
     590:	e59fca98 	ldr	ip, [pc, #2712]	@ 0x1030
     594:	e152000c 	cmp	r2, ip
     598:	8a000086 	bhi	0x7b8
     59c:	e7910002 	ldr	r0, [r1, r2]
     5a0:	e1a03006 	mov	r3, r6
     5a4:	e5952030 	ldr	r2, [r5, #48]	@ 0x30
     5a8:	e2933018 	adds	r3, r3, #24
     5ac:	2a000081 	bcs	0x7b8
     5b0:	e59fca78 	ldr	ip, [pc, #2680]	@ 0x1030
     5b4:	e153000c 	cmp	r3, ip
     5b8:	8a00007e 	bhi	0x7b8
     5bc:	e7921003 	ldr	r1, [r2, r3]
     5c0:	e1500001 	cmp	r0, r1
     5c4:	e3a00000 	mov	r0, #0
     5c8:	33a00001 	movcc	r0, #1
     5cc:	e3100001 	tst	r0, #1
     5d0:	0a000070 	beq	0x798
     5d4:	e59f0a94 	ldr	r0, [pc, #2708]	@ 0x1070
     5d8:	e1a01004 	mov	r1, r4
     5dc:	e59d2000 	ldr	r2, [sp]
     5e0:	e59fca8c 	ldr	ip, [pc, #2700]	@ 0x1074
     5e4:	e12fff3c 	blx	ip
     5e8:	e3500000 	cmp	r0, #0
     5ec:	1a000074 	bne	0x7c4
     5f0:	e594002c 	ldr	r0, [r4, #44]	@ 0x2c
     5f4:	e3a0ccff 	mov	ip, #65280	@ 0xff00
     5f8:	e38cc0ff 	orr	ip, ip, #255	@ 0xff
     5fc:	e000000c 	and	r0, r0, ip
     600:	e1a02006 	mov	r2, r6
     604:	e5951030 	ldr	r1, [r5, #48]	@ 0x30
     608:	e2922010 	adds	r2, r2, #16
     60c:	2a000069 	bcs	0x7b8
     610:	e59fca18 	ldr	ip, [pc, #2584]	@ 0x1030
     614:	e152000c 	cmp	r2, ip
     618:	8a000066 	bhi	0x7b8
     61c:	e7810002 	str	r0, [r1, r2]
     620:	e59f0a50 	ldr	r0, [pc, #2640]	@ 0x1078
     624:	e1a01004 	mov	r1, r4
     628:	e59d2000 	ldr	r2, [sp]
     62c:	e59fca48 	ldr	ip, [pc, #2632]	@ 0x107c
     630:	e12fff3c 	blx	ip
     634:	e3500000 	cmp	r0, #0
     638:	1a000061 	bne	0x7c4
     63c:	e594002c 	ldr	r0, [r4, #44]	@ 0x2c
     640:	e3a0ccff 	mov	ip, #65280	@ 0xff00
     644:	e38cc0ff 	orr	ip, ip, #255	@ 0xff
     648:	e000000c 	and	r0, r0, ip
     64c:	e1a02006 	mov	r2, r6
     650:	e5951030 	ldr	r1, [r5, #48]	@ 0x30
     654:	e292200c 	adds	r2, r2, #12
     658:	2a000056 	bcs	0x7b8
     65c:	e59fc9cc 	ldr	ip, [pc, #2508]	@ 0x1030
     660:	e152000c 	cmp	r2, ip
     664:	8a000053 	bhi	0x7b8
     668:	e7810002 	str	r0, [r1, r2]
     66c:	e1a02006 	mov	r2, r6
     670:	e5951030 	ldr	r1, [r5, #48]	@ 0x30
     674:	e2922010 	adds	r2, r2, #16
     678:	2a00004e 	bcs	0x7b8
     67c:	e59fc9ac 	ldr	ip, [pc, #2476]	@ 0x1030
     680:	e152000c 	cmp	r2, ip
     684:	8a00004b 	bhi	0x7b8
     688:	e7910002 	ldr	r0, [r1, r2]
     68c:	e1a00800 	lsl	r0, r0, #16
     690:	e1a03006 	mov	r3, r6
     694:	e5952030 	ldr	r2, [r5, #48]	@ 0x30
     698:	e293300c 	adds	r3, r3, #12
     69c:	2a000045 	bcs	0x7b8
     6a0:	e59fc988 	ldr	ip, [pc, #2440]	@ 0x1030
     6a4:	e153000c 	cmp	r3, ip
     6a8:	8a000042 	bhi	0x7b8
     6ac:	e7921003 	ldr	r1, [r2, r3]
     6b0:	e1800001 	orr	r0, r0, r1
     6b4:	e1a02006 	mov	r2, r6
     6b8:	e5951030 	ldr	r1, [r5, #48]	@ 0x30
     6bc:	e2922008 	adds	r2, r2, #8
     6c0:	2a00003c 	bcs	0x7b8
     6c4:	e59fc964 	ldr	ip, [pc, #2404]	@ 0x1030
     6c8:	e152000c 	cmp	r2, ip
     6cc:	8a000039 	bhi	0x7b8
     6d0:	e7810002 	str	r0, [r1, r2]
     6d4:	e1a02006 	mov	r2, r6
     6d8:	e5951030 	ldr	r1, [r5, #48]	@ 0x30
     6dc:	e2922008 	adds	r2, r2, #8
     6e0:	2a000034 	bcs	0x7b8
     6e4:	e59fc944 	ldr	ip, [pc, #2372]	@ 0x1030
     6e8:	e152000c 	cmp	r2, ip
     6ec:	8a000031 	bhi	0x7b8
     6f0:	e7910002 	ldr	r0, [r1, r2]
     6f4:	e1a03006 	mov	r3, r6
     6f8:	e5952030 	ldr	r2, [r5, #48]	@ 0x30
     6fc:	e293301c 	adds	r3, r3, #28
     700:	2a00002c 	bcs	0x7b8
     704:	e59fc924 	ldr	ip, [pc, #2340]	@ 0x1030
     708:	e153000c 	cmp	r3, ip
     70c:	8a000029 	bhi	0x7b8
     710:	e7921003 	ldr	r1, [r2, r3]
     714:	e1a07006 	mov	r7, r6
     718:	e5953030 	ldr	r3, [r5, #48]	@ 0x30
     71c:	e2977014 	adds	r7, r7, #20
     720:	2a000024 	bcs	0x7b8
     724:	e59fc904 	ldr	ip, [pc, #2308]	@ 0x1030
     728:	e157000c 	cmp	r7, ip
     72c:	8a000021 	bhi	0x7b8
     730:	e7932007 	ldr	r2, [r3, r7]
     734:	e1a02102 	lsl	r2, r2, #2
     738:	e0811002 	add	r1, r1, r2
     73c:	e5952030 	ldr	r2, [r5, #48]	@ 0x30
     740:	e59fc8e8 	ldr	ip, [pc, #2280]	@ 0x1030
     744:	e151000c 	cmp	r1, ip
     748:	8a00001a 	bhi	0x7b8
     74c:	e7820001 	str	r0, [r2, r1]
     750:	e1a02006 	mov	r2, r6
     754:	e5951030 	ldr	r1, [r5, #48]	@ 0x30
     758:	e2922014 	adds	r2, r2, #20
     75c:	2a000015 	bcs	0x7b8
     760:	e59fc8c8 	ldr	ip, [pc, #2248]	@ 0x1030
     764:	e152000c 	cmp	r2, ip
     768:	8a000012 	bhi	0x7b8
     76c:	e7910002 	ldr	r0, [r1, r2]
     770:	e2800001 	add	r0, r0, #1
     774:	e1a02006 	mov	r2, r6
     778:	e5951030 	ldr	r1, [r5, #48]	@ 0x30
     77c:	e2922014 	adds	r2, r2, #20
     780:	2a00000c 	bcs	0x7b8
     784:	e59fc8a4 	ldr	ip, [pc, #2212]	@ 0x1030
     788:	e152000c 	cmp	r2, ip
     78c:	8a000009 	bhi	0x7b8
     790:	e7810002 	str	r0, [r1, r2]
     794:	eaffff79 	b	0x580
     798:	e2866020 	add	r6, r6, #32
     79c:	e595003c 	ldr	r0, [r5, #60]	@ 0x3c
     7a0:	e5806008 	str	r6, [r0, #8]
     7a4:	e59f08d4 	ldr	r0, [pc, #2260]	@ 0x1080
     7a8:	e30ccabc 	movw	ip, #51900	@ 0xcabc
     7ac:	e34ccdef 	movt	ip, #52719	@ 0xcdef
     7b0:	e28dd004 	add	sp, sp, #4
     7b4:	e8bd80c0 	pop	{r6, r7, pc}
     7b8:	e3a00008 	mov	r0, #8
     7bc:	e59d1000 	ldr	r1, [sp]
     7c0:	e5810010 	str	r0, [r1, #16]
     7c4:	e59d0000 	ldr	r0, [sp]
     7c8:	e59d100c 	ldr	r1, [sp, #12]
     7cc:	e59fc8b0 	ldr	ip, [pc, #2224]	@ 0x1084
     7d0:	e12fff3c 	blx	ip
     7d4:	e28dd004 	add	sp, sp, #4
     7d8:	e8bd00c0 	pop	{r6, r7}
     7dc:	e28dd004 	add	sp, sp, #4
     7e0:	e12fff10 	bx	r0
     7e4:	e92d41c0 	push	{r6, r7, r8, lr}
     7e8:	e24dd008 	sub	sp, sp, #8
     7ec:	e58d0000 	str	r0, [sp]
     7f0:	e30cc123 	movw	ip, #49443	@ 0xc123
     7f4:	e34cc456 	movt	ip, #50262	@ 0xc456
     7f8:	e5940000 	ldr	r0, [r4]
     7fc:	e5941004 	ldr	r1, [r4, #4]
     800:	e5942008 	ldr	r2, [r4, #8]
     804:	ed940b03 	vldr	d0, [r4, #12]
     808:	ed941b05 	vldr	d1, [r4, #20]
     80c:	e594301c 	ldr	r3, [r4, #28]
     810:	e595e03c 	ldr	lr, [r5, #60]	@ 0x3c
     814:	e59e6008 	ldr	r6, [lr, #8]
     818:	e2466050 	sub	r6, r6, #80	@ 0x50
     81c:	e1a08006 	mov	r8, r6
     820:	e5957030 	ldr	r7, [r5, #48]	@ 0x30
     824:	e298804c 	adds	r8, r8, #76	@ 0x4c
     828:	2a00016d 	bcs	0xde4
     82c:	e59fc7fc 	ldr	ip, [pc, #2044]	@ 0x1030
     830:	e158000c 	cmp	r8, ip
     834:	8a00016a 	bhi	0xde4
     838:	e7870008 	str	r0, [r7, r8]
     83c:	e1a07006 	mov	r7, r6
     840:	e5950030 	ldr	r0, [r5, #48]	@ 0x30
     844:	e2977048 	adds	r7, r7, #72	@ 0x48
     848:	2a000165 	bcs	0xde4
     84c:	e59fc7dc 	ldr	ip, [pc, #2012]	@ 0x1030
     850:	e157000c 	cmp	r7, ip
     854:	8a000162 	bhi	0xde4
     858:	e7801007 	str	r1, [r0, r7]
     85c:	e1a01006 	mov	r1, r6
     860:	e5950030 	ldr	r0, [r5, #48]	@ 0x30
     864:	e2911044 	adds	r1, r1, #68	@ 0x44
     868:	2a00015d 	bcs	0xde4
     86c:	e59fc7bc 	ldr	ip, [pc, #1980]	@ 0x1030
     870:	e151000c 	cmp	r1, ip
     874:	8a00015a 	bhi	0xde4
     878:	e7802001 	str	r2, [r0, r1]
     87c:	e1a01006 	mov	r1, r6
     880:	e5950030 	ldr	r0, [r5, #48]	@ 0x30
     884:	e2911038 	adds	r1, r1, #56	@ 0x38
     888:	2a000155 	bcs	0xde4
     88c:	e59fc7a4 	ldr	ip, [pc, #1956]	@ 0x1038
     890:	e151000c 	cmp	r1, ip
     894:	8a000152 	bhi	0xde4
     898:	ee10ea10 	vmov	lr, s0
     89c:	e080c001 	add	ip, r0, r1
     8a0:	e58ce000 	str	lr, [ip]
     8a4:	ee10ea90 	vmov	lr, s1
     8a8:	e58ce004 	str	lr, [ip, #4]
     8ac:	e1a01006 	mov	r1, r6
     8b0:	e5950030 	ldr	r0, [r5, #48]	@ 0x30
     8b4:	e2911030 	adds	r1, r1, #48	@ 0x30
     8b8:	2a000149 	bcs	0xde4
     8bc:	e59fc774 	ldr	ip, [pc, #1908]	@ 0x1038
     8c0:	e151000c 	cmp	r1, ip
     8c4:	8a000146 	bhi	0xde4
     8c8:	ee11ea10 	vmov	lr, s2
     8cc:	e080c001 	add	ip, r0, r1
     8d0:	e58ce000 	str	lr, [ip]
     8d4:	ee11ea90 	vmov	lr, s3
     8d8:	e58ce004 	str	lr, [ip, #4]
     8dc:	e1a01006 	mov	r1, r6
     8e0:	e5950030 	ldr	r0, [r5, #48]	@ 0x30
     8e4:	e291102c 	adds	r1, r1, #44	@ 0x2c
     8e8:	2a00013d 	bcs	0xde4
     8ec:	e59fc73c 	ldr	ip, [pc, #1852]	@ 0x1030
     8f0:	e151000c 	cmp	r1, ip
     8f4:	8a00013a 	bhi	0xde4
     8f8:	e7803001 	str	r3, [r0, r1]
     8fc:	e1a01006 	mov	r1, r6
     900:	e5950030 	ldr	r0, [r5, #48]	@ 0x30
     904:	e2911020 	adds	r1, r1, #32
     908:	2a000135 	bcs	0xde4
     90c:	e59fc724 	ldr	ip, [pc, #1828]	@ 0x1038
     910:	e151000c 	cmp	r1, ip
     914:	8a000132 	bhi	0xde4
     918:	e0800001 	add	r0, r0, r1
     91c:	e3a01000 	mov	r1, #0
     920:	e3a02000 	mov	r2, #0
     924:	e5802000 	str	r2, [r0]
     928:	e5801004 	str	r1, [r0, #4]
     92c:	e1a01006 	mov	r1, r6
     930:	e5950030 	ldr	r0, [r5, #48]	@ 0x30
     934:	e291101c 	adds	r1, r1, #28
     938:	2a000129 	bcs	0xde4
     93c:	e59fc6ec 	ldr	ip, [pc, #1772]	@ 0x1030
     940:	e151000c 	cmp	r1, ip
     944:	8a000126 	bhi	0xde4
     948:	e3a0e000 	mov	lr, #0
     94c:	e780e001 	str	lr, [r0, r1]
     950:	e1a02006 	mov	r2, r6
     954:	e5951030 	ldr	r1, [r5, #48]	@ 0x30
     958:	e292201c 	adds	r2, r2, #28
     95c:	2a000120 	bcs	0xde4
     960:	e59fc6c8 	ldr	ip, [pc, #1736]	@ 0x1030
     964:	e152000c 	cmp	r2, ip
     968:	8a00011d 	bhi	0xde4
     96c:	e7910002 	ldr	r0, [r1, r2]
     970:	e1a03006 	mov	r3, r6
     974:	e5952030 	ldr	r2, [r5, #48]	@ 0x30
     978:	e2933044 	adds	r3, r3, #68	@ 0x44
     97c:	2a000118 	bcs	0xde4
     980:	e59fc6a8 	ldr	ip, [pc, #1704]	@ 0x1030
     984:	e153000c 	cmp	r3, ip
     988:	8a000115 	bhi	0xde4
     98c:	e7921003 	ldr	r1, [r2, r3]
     990:	e1500001 	cmp	r0, r1
     994:	e3a00000 	mov	r0, #0
     998:	33a00001 	movcc	r0, #1
     99c:	e3100001 	tst	r0, #1
     9a0:	0a0000f1 	beq	0xd6c
     9a4:	e1a02006 	mov	r2, r6
     9a8:	e5951030 	ldr	r1, [r5, #48]	@ 0x30
     9ac:	e292204c 	adds	r2, r2, #76	@ 0x4c
     9b0:	2a00010b 	bcs	0xde4
     9b4:	e59fc674 	ldr	ip, [pc, #1652]	@ 0x1030
     9b8:	e152000c 	cmp	r2, ip
     9bc:	8a000108 	bhi	0xde4
     9c0:	e7910002 	ldr	r0, [r1, r2]
     9c4:	e1a03006 	mov	r3, r6
     9c8:	e5952030 	ldr	r2, [r5, #48]	@ 0x30
     9cc:	e293301c 	adds	r3, r3, #28
     9d0:	2a000103 	bcs	0xde4
     9d4:	e59fc654 	ldr	ip, [pc, #1620]	@ 0x1030
     9d8:	e153000c 	cmp	r3, ip
     9dc:	8a000100 	bhi	0xde4
     9e0:	e7921003 	ldr	r1, [r2, r3]
     9e4:	e1a01101 	lsl	r1, r1, #2
     9e8:	e0800001 	add	r0, r0, r1
     9ec:	e1a02000 	mov	r2, r0
     9f0:	e5951030 	ldr	r1, [r5, #48]	@ 0x30
     9f4:	e59fc634 	ldr	ip, [pc, #1588]	@ 0x1030
     9f8:	e152000c 	cmp	r2, ip
     9fc:	8a0000f8 	bhi	0xde4
     a00:	e7910002 	ldr	r0, [r1, r2]
     a04:	ee070a10 	vmov	s14, r0
     a08:	eeb80bc7 	vcvt.f64.s32	d0, s14
     a0c:	e1a01006 	mov	r1, r6
     a10:	e5950030 	ldr	r0, [r5, #48]	@ 0x30
     a14:	e2911010 	adds	r1, r1, #16
     a18:	2a0000f1 	bcs	0xde4
     a1c:	e59fc614 	ldr	ip, [pc, #1556]	@ 0x1038
     a20:	e151000c 	cmp	r1, ip
     a24:	8a0000ee 	bhi	0xde4
     a28:	ee10ea10 	vmov	lr, s0
     a2c:	e080c001 	add	ip, r0, r1
     a30:	e58ce000 	str	lr, [ip]
     a34:	ee10ea90 	vmov	lr, s1
     a38:	e58ce004 	str	lr, [ip, #4]
     a3c:	e1a01006 	mov	r1, r6
     a40:	e5950030 	ldr	r0, [r5, #48]	@ 0x30
     a44:	e2911010 	adds	r1, r1, #16
     a48:	2a0000e5 	bcs	0xde4
     a4c:	e59fc5e4 	ldr	ip, [pc, #1508]	@ 0x1038
     a50:	e151000c 	cmp	r1, ip
     a54:	8a0000e2 	bhi	0xde4
     a58:	e080c001 	add	ip, r0, r1
     a5c:	e59ce000 	ldr	lr, [ip]
     a60:	e59cc004 	ldr	ip, [ip, #4]
     a64:	ec4cea10 	vmov	s0, s1, lr, ip
     a68:	e1a01006 	mov	r1, r6
     a6c:	e5950030 	ldr	r0, [r5, #48]	@ 0x30
     a70:	e2911038 	adds	r1, r1, #56	@ 0x38
     a74:	2a0000da 	bcs	0xde4
     a78:	e59fc5b8 	ldr	ip, [pc, #1464]	@ 0x1038
     a7c:	e151000c 	cmp	r1, ip
     a80:	8a0000d7 	bhi	0xde4
     a84:	e080c001 	add	ip, r0, r1
     a88:	e59ce000 	ldr	lr, [ip]
     a8c:	e59cc004 	ldr	ip, [ip, #4]
     a90:	ec4cea11 	vmov	s2, s3, lr, ip
     a94:	eeb40b41 	vcmp.f64	d0, d1
     a98:	eef1fa10 	vmrs	APSR_nzcv, fpscr
     a9c:	e3a00000 	mov	r0, #0
     aa0:	43a00001 	movmi	r0, #1
     aa4:	e3100001 	tst	r0, #1
     aa8:	0a000017 	beq	0xb0c
     aac:	e1a01006 	mov	r1, r6
     ab0:	e5950030 	ldr	r0, [r5, #48]	@ 0x30
     ab4:	e2911038 	adds	r1, r1, #56	@ 0x38
     ab8:	2a0000c9 	bcs	0xde4
     abc:	e59fc574 	ldr	ip, [pc, #1396]	@ 0x1038
     ac0:	e151000c 	cmp	r1, ip
     ac4:	8a0000c6 	bhi	0xde4
     ac8:	e080c001 	add	ip, r0, r1
     acc:	e59ce000 	ldr	lr, [ip]
     ad0:	e59cc004 	ldr	ip, [ip, #4]
     ad4:	ec4cea10 	vmov	s0, s1, lr, ip
     ad8:	e1a01006 	mov	r1, r6
     adc:	e5950030 	ldr	r0, [r5, #48]	@ 0x30
     ae0:	e2911010 	adds	r1, r1, #16
     ae4:	2a0000be 	bcs	0xde4
     ae8:	e59fc548 	ldr	ip, [pc, #1352]	@ 0x1038
     aec:	e151000c 	cmp	r1, ip
     af0:	8a0000bb 	bhi	0xde4
     af4:	ee10ea10 	vmov	lr, s0
     af8:	e080c001 	add	ip, r0, r1
     afc:	e58ce000 	str	lr, [ip]
     b00:	ee10ea90 	vmov	lr, s1
     b04:	e58ce004 	str	lr, [ip, #4]
     b08:	ea000032 	b	0xbd8
     b0c:	e1a01006 	mov	r1, r6
     b10:	e5950030 	ldr	r0, [r5, #48]	@ 0x30
     b14:	e2911010 	adds	r1, r1, #16
     b18:	2a0000b1 	bcs	0xde4
     b1c:	e59fc514 	ldr	ip, [pc, #1300]	@ 0x1038
     b20:	e151000c 	cmp	r1, ip
     b24:	8a0000ae 	bhi	0xde4
     b28:	e080c001 	add	ip, r0, r1
     b2c:	e59ce000 	ldr	lr, [ip]
     b30:	e59cc004 	ldr	ip, [ip, #4]
     b34:	ec4cea10 	vmov	s0, s1, lr, ip
     b38:	e1a01006 	mov	r1, r6
     b3c:	e5950030 	ldr	r0, [r5, #48]	@ 0x30
     b40:	e2911030 	adds	r1, r1, #48	@ 0x30
     b44:	2a0000a6 	bcs	0xde4
     b48:	e59fc4e8 	ldr	ip, [pc, #1256]	@ 0x1038
     b4c:	e151000c 	cmp	r1, ip
     b50:	8a0000a3 	bhi	0xde4
     b54:	e080c001 	add	ip, r0, r1
     b58:	e59ce000 	ldr	lr, [ip]
     b5c:	e59cc004 	ldr	ip, [ip, #4]
     b60:	ec4cea11 	vmov	s2, s3, lr, ip
     b64:	eeb40b41 	vcmp.f64	d0, d1
     b68:	eef1fa10 	vmrs	APSR_nzcv, fpscr
     b6c:	e3a00000 	mov	r0, #0
     b70:	c3a00001 	movgt	r0, #1
     b74:	e3100001 	tst	r0, #1
     b78:	0a000016 	beq	0xbd8
     b7c:	e1a01006 	mov	r1, r6
     b80:	e5950030 	ldr	r0, [r5, #48]	@ 0x30
     b84:	e2911030 	adds	r1, r1, #48	@ 0x30
     b88:	2a000095 	bcs	0xde4
     b8c:	e59fc4a4 	ldr	ip, [pc, #1188]	@ 0x1038
     b90:	e151000c 	cmp	r1, ip
     b94:	8a000092 	bhi	0xde4
     b98:	e080c001 	add	ip, r0, r1
     b9c:	e59ce000 	ldr	lr, [ip]
     ba0:	e59cc004 	ldr	ip, [ip, #4]
     ba4:	ec4cea10 	vmov	s0, s1, lr, ip
     ba8:	e1a01006 	mov	r1, r6
     bac:	e5950030 	ldr	r0, [r5, #48]	@ 0x30
     bb0:	e2911010 	adds	r1, r1, #16
     bb4:	2a00008a 	bcs	0xde4
     bb8:	e59fc478 	ldr	ip, [pc, #1144]	@ 0x1038
     bbc:	e151000c 	cmp	r1, ip
     bc0:	8a000087 	bhi	0xde4
     bc4:	ee10ea10 	vmov	lr, s0
     bc8:	e080c001 	add	ip, r0, r1
     bcc:	e58ce000 	str	lr, [ip]
     bd0:	ee10ea90 	vmov	lr, s1
     bd4:	e58ce004 	str	lr, [ip, #4]
     bd8:	e1a01006 	mov	r1, r6
     bdc:	e5950030 	ldr	r0, [r5, #48]	@ 0x30
     be0:	e2911010 	adds	r1, r1, #16
     be4:	2a00007e 	bcs	0xde4
     be8:	e59fc448 	ldr	ip, [pc, #1096]	@ 0x1038
     bec:	e151000c 	cmp	r1, ip
     bf0:	8a00007b 	bhi	0xde4
     bf4:	e080c001 	add	ip, r0, r1
     bf8:	e59ce000 	ldr	lr, [ip]
     bfc:	e59cc004 	ldr	ip, [ip, #4]
     c00:	ec4cea10 	vmov	s0, s1, lr, ip
     c04:	eebd7bc0 	vcvt.s32.f64	s14, d0
     c08:	ee170a10 	vmov	r0, s14
     c0c:	e1a02006 	mov	r2, r6
     c10:	e5951030 	ldr	r1, [r5, #48]	@ 0x30
     c14:	e292200c 	adds	r2, r2, #12
     c18:	2a000071 	bcs	0xde4
     c1c:	e59fc40c 	ldr	ip, [pc, #1036]	@ 0x1030
     c20:	e152000c 	cmp	r2, ip
     c24:	8a00006e 	bhi	0xde4
     c28:	e7810002 	str	r0, [r1, r2]
     c2c:	e1a02006 	mov	r2, r6
     c30:	e5951030 	ldr	r1, [r5, #48]	@ 0x30
     c34:	e292200c 	adds	r2, r2, #12
     c38:	2a000069 	bcs	0xde4
     c3c:	e59fc3ec 	ldr	ip, [pc, #1004]	@ 0x1030
     c40:	e152000c 	cmp	r2, ip
     c44:	8a000066 	bhi	0xde4
     c48:	e7910002 	ldr	r0, [r1, r2]
     c4c:	e1a03006 	mov	r3, r6
     c50:	e5952030 	ldr	r2, [r5, #48]	@ 0x30
     c54:	e2933048 	adds	r3, r3, #72	@ 0x48
     c58:	2a000061 	bcs	0xde4
     c5c:	e59fc3cc 	ldr	ip, [pc, #972]	@ 0x1030
     c60:	e153000c 	cmp	r3, ip
     c64:	8a00005e 	bhi	0xde4
     c68:	e7921003 	ldr	r1, [r2, r3]
     c6c:	e1a07006 	mov	r7, r6
     c70:	e5953030 	ldr	r3, [r5, #48]	@ 0x30
     c74:	e297701c 	adds	r7, r7, #28
     c78:	2a000059 	bcs	0xde4
     c7c:	e59fc3ac 	ldr	ip, [pc, #940]	@ 0x1030
     c80:	e157000c 	cmp	r7, ip
     c84:	8a000056 	bhi	0xde4
     c88:	e7932007 	ldr	r2, [r3, r7]
     c8c:	e1a02102 	lsl	r2, r2, #2
     c90:	e0811002 	add	r1, r1, r2
     c94:	e5952030 	ldr	r2, [r5, #48]	@ 0x30
     c98:	e59fc390 	ldr	ip, [pc, #912]	@ 0x1030
     c9c:	e151000c 	cmp	r1, ip
     ca0:	8a00004f 	bhi	0xde4
     ca4:	e7820001 	str	r0, [r2, r1]
     ca8:	e1a02006 	mov	r2, r6
     cac:	e5951030 	ldr	r1, [r5, #48]	@ 0x30
     cb0:	e292200c 	adds	r2, r2, #12
     cb4:	2a00004a 	bcs	0xde4
     cb8:	e59fc370 	ldr	ip, [pc, #880]	@ 0x1030
     cbc:	e152000c 	cmp	r2, ip
     cc0:	8a000047 	bhi	0xde4
     cc4:	e7910002 	ldr	r0, [r1, r2]
     cc8:	e1a01fc0 	asr	r1, r0, #31
     ccc:	e1a08006 	mov	r8, r6
     cd0:	e5957030 	ldr	r7, [r5, #48]	@ 0x30
     cd4:	e2988020 	adds	r8, r8, #32
     cd8:	2a000041 	bcs	0xde4
     cdc:	e59fc354 	ldr	ip, [pc, #852]	@ 0x1038
     ce0:	e158000c 	cmp	r8, ip
     ce4:	8a00003e 	bhi	0xde4
     ce8:	e087c008 	add	ip, r7, r8
     cec:	e59c2000 	ldr	r2, [ip]
     cf0:	e59c3004 	ldr	r3, [ip, #4]
     cf4:	e0900002 	adds	r0, r0, r2
     cf8:	e0a11003 	adc	r1, r1, r3
     cfc:	e1a03006 	mov	r3, r6
     d00:	e5952030 	ldr	r2, [r5, #48]	@ 0x30
     d04:	e2933020 	adds	r3, r3, #32
     d08:	2a000035 	bcs	0xde4
     d0c:	e59fc324 	ldr	ip, [pc, #804]	@ 0x1038
     d10:	e153000c 	cmp	r3, ip
     d14:	8a000032 	bhi	0xde4
     d18:	e082c003 	add	ip, r2, r3
     d1c:	e58c0000 	str	r0, [ip]
     d20:	e58c1004 	str	r1, [ip, #4]
     d24:	e1a02006 	mov	r2, r6
     d28:	e5951030 	ldr	r1, [r5, #48]	@ 0x30
     d2c:	e292201c 	adds	r2, r2, #28
     d30:	2a00002b 	bcs	0xde4
     d34:	e59fc2f4 	ldr	ip, [pc, #756]	@ 0x1030
     d38:	e152000c 	cmp	r2, ip
     d3c:	8a000028 	bhi	0xde4
     d40:	e7910002 	ldr	r0, [r1, r2]
     d44:	e2800001 	add	r0, r0, #1
     d48:	e1a02006 	mov	r2, r6
     d4c:	e5951030 	ldr	r1, [r5, #48]	@ 0x30
     d50:	e292201c 	adds	r2, r2, #28
     d54:	2a000022 	bcs	0xde4
     d58:	e59fc2d0 	ldr	ip, [pc, #720]	@ 0x1030
     d5c:	e152000c 	cmp	r2, ip
     d60:	8a00001f 	bhi	0xde4
     d64:	e7810002 	str	r0, [r1, r2]
     d68:	eafffef8 	b	0x950
     d6c:	e1a03006 	mov	r3, r6
     d70:	e5952030 	ldr	r2, [r5, #48]	@ 0x30
     d74:	e2933020 	adds	r3, r3, #32
     d78:	2a000019 	bcs	0xde4
     d7c:	e59fc2b4 	ldr	ip, [pc, #692]	@ 0x1038
     d80:	e153000c 	cmp	r3, ip
     d84:	8a000016 	bhi	0xde4
     d88:	e082c003 	add	ip, r2, r3
     d8c:	e59c0000 	ldr	r0, [ip]
     d90:	e59c1004 	ldr	r1, [ip, #4]
     d94:	e1a03006 	mov	r3, r6
     d98:	e5952030 	ldr	r2, [r5, #48]	@ 0x30
     d9c:	e293302c 	adds	r3, r3, #44	@ 0x2c
     da0:	2a00000f 	bcs	0xde4
     da4:	e59fc284 	ldr	ip, [pc, #644]	@ 0x1030
     da8:	e153000c 	cmp	r3, ip
     dac:	8a00000c 	bhi	0xde4
     db0:	e7926003 	ldr	r6, [r2, r3]
     db4:	e5952030 	ldr	r2, [r5, #48]	@ 0x30
     db8:	e59fc278 	ldr	ip, [pc, #632]	@ 0x1038
     dbc:	e156000c 	cmp	r6, ip
     dc0:	8a000007 	bhi	0xde4
     dc4:	e082c006 	add	ip, r2, r6
     dc8:	e58c0000 	str	r0, [ip]
     dcc:	e58c1004 	str	r1, [ip, #4]
     dd0:	e59f02b0 	ldr	r0, [pc, #688]	@ 0x1088
     dd4:	e30ccabc 	movw	ip, #51900	@ 0xcabc
     dd8:	e34ccdef 	movt	ip, #52719	@ 0xcdef
     ddc:	e28dd008 	add	sp, sp, #8
     de0:	e8bd81c0 	pop	{r6, r7, r8, pc}
     de4:	e3a00008 	mov	r0, #8
     de8:	e59d1000 	ldr	r1, [sp]
     dec:	e5810010 	str	r0, [r1, #16]
     df0:	e59d0000 	ldr	r0, [sp]
     df4:	e59d1014 	ldr	r1, [sp, #20]
     df8:	e59fc28c 	ldr	ip, [pc, #652]	@ 0x108c
     dfc:	e12fff3c 	blx	ip
     e00:	e28dd008 	add	sp, sp, #8
     e04:	e8bd01c0 	pop	{r6, r7, r8}
     e08:	e28dd004 	add	sp, sp, #4
     e0c:	e12fff10 	bx	r0
     e10:	e52de004 	push	{lr}		@ (str lr, [sp, #-4]!)
     e14:	e24dd004 	sub	sp, sp, #4
     e18:	e58d0000 	str	r0, [sp]
     e1c:	e30cc123 	movw	ip, #49443	@ 0xc123
     e20:	e34cc456 	movt	ip, #50262	@ 0xc456
     e24:	e3a0c001 	mov	ip, #1
     e28:	e35c0000 	cmp	ip, #0
     e2c:	0a000006 	beq	0xe4c
     e30:	e59f0258 	ldr	r0, [pc, #600]	@ 0x1090
     e34:	e1a01004 	mov	r1, r4
     e38:	e59d2000 	ldr	r2, [sp]
     e3c:	e59fc250 	ldr	ip, [pc, #592]	@ 0x1094
     e40:	e12fff3c 	blx	ip
     e44:	e3500000 	cmp	r0, #0
     e48:	1a000017 	bne	0xeac
     e4c:	e59f0244 	ldr	r0, [pc, #580]	@ 0x1098
     e50:	e1a01004 	mov	r1, r4
     e54:	e59d2000 	ldr	r2, [sp]
     e58:	e59fc23c 	ldr	ip, [pc, #572]	@ 0x109c
     e5c:	e12fff3c 	blx	ip
     e60:	e3500000 	cmp	r0, #0
     e64:	1a000010 	bne	0xeac
     e68:	e5940004 	ldr	r0, [r4, #4]
     e6c:	e5840004 	str	r0, [r4, #4]
     e70:	e59f0228 	ldr	r0, [pc, #552]	@ 0x10a0
     e74:	e1a01004 	mov	r1, r4
     e78:	e59d2000 	ldr	r2, [sp]
     e7c:	e59fc220 	ldr	ip, [pc, #544]	@ 0x10a4
     e80:	e12fff3c 	blx	ip
     e84:	e3500000 	cmp	r0, #0
     e88:	1a000007 	bne	0xeac
     e8c:	e3a00015 	mov	r0, #21
     e90:	ea000003 	b	0xea4
     e94:	e30ccabc 	movw	ip, #51900	@ 0xcabc
     e98:	e34ccdef 	movt	ip, #52719	@ 0xcdef
     e9c:	e28dd004 	add	sp, sp, #4
     ea0:	e49df004 	pop	{pc}		@ (ldr pc, [sp], #4)
     ea4:	e59d1000 	ldr	r1, [sp]
     ea8:	e5810010 	str	r0, [r1, #16]
     eac:	e59d0000 	ldr	r0, [sp]
     eb0:	e59d1004 	ldr	r1, [sp, #4]
     eb4:	e59fc1ec 	ldr	ip, [pc, #492]	@ 0x10a8
     eb8:	e12fff3c 	blx	ip
     ebc:	e28dd008 	add	sp, sp, #8
     ec0:	e12fff10 	bx	r0
     ec4:	e52de004 	push	{lr}		@ (str lr, [sp, #-4]!)
     ec8:	e24dd004 	sub	sp, sp, #4
     ecc:	e58d0000 	str	r0, [sp]
     ed0:	e30cc123 	movw	ip, #49443	@ 0xc123
     ed4:	e34cc456 	movt	ip, #50262	@ 0xc456
     ed8:	e3a009fd 	mov	r0, #4145152	@ 0x3f4000
     edc:	e3800f78 	orr	r0, r0, #120, 30	@ 0x1e0
     ee0:	e30ccabc 	movw	ip, #51900	@ 0xcabc
     ee4:	e34ccdef 	movt	ip, #52719	@ 0xcdef
     ee8:	e28dd004 	add	sp, sp, #4
     eec:	e49df004 	pop	{pc}		@ (ldr pc, [sp], #4)
     ef0:	e92d4040 	push	{r6, lr}
     ef4:	e24dd008 	sub	sp, sp, #8
     ef8:	e58d0000 	str	r0, [sp]
     efc:	e30cc123 	movw	ip, #49443	@ 0xc123
     f00:	e34cc456 	movt	ip, #50262	@ 0xc456
     f04:	e3a06000 	mov	r6, #0
     f08:	e3a0c000 	mov	ip, #0
     f0c:	e35c0000 	cmp	ip, #0
     f10:	9a000011 	bls	0xf5c
     f14:	e2460004 	sub	r0, r6, #4
     f18:	e1a06000 	mov	r6, r0
     f1c:	e1a02000 	mov	r2, r0
     f20:	e5951030 	ldr	r1, [r5, #48]	@ 0x30
     f24:	e59fc104 	ldr	ip, [pc, #260]	@ 0x1030
     f28:	e152000c 	cmp	r2, ip
     f2c:	8a000017 	bhi	0xf90
     f30:	e7910002 	ldr	r0, [r1, r2]
     f34:	e584000c 	str	r0, [r4, #12]
     f38:	e59f016c 	ldr	r0, [pc, #364]	@ 0x10ac
     f3c:	e1a01004 	mov	r1, r4
     f40:	e59d2000 	ldr	r2, [sp]
     f44:	e59fc164 	ldr	ip, [pc, #356]	@ 0x10b0
     f48:	e12fff3c 	blx	ip
     f4c:	e3500000 	cmp	r0, #0
     f50:	1a000011 	bne	0xf9c
     f54:	e3560000 	cmp	r6, #0
     f58:	8affffed 	bhi	0xf14
     f5c:	e3a009fe 	mov	r0, #4161536	@ 0x3f8000
     f60:	e3800e9e 	orr	r0, r0, #2528	@ 0x9e0
     f64:	e1a01004 	mov	r1, r4
     f68:	e59d2000 	ldr	r2, [sp]
     f6c:	e59fc140 	ldr	ip, [pc, #320]	@ 0x10b4
     f70:	e12fff3c 	blx	ip
     f74:	e3500000 	cmp	r0, #0
     f78:	1a000007 	bne	0xf9c
     f7c:	e59f0134 	ldr	r0, [pc, #308]	@ 0x10b8
     f80:	e30ccabc 	movw	ip, #51900	@ 0xcabc
     f84:	e34ccdef 	movt	ip, #52719	@ 0xcdef
     f88:	e28dd008 	add	sp, sp, #8
     f8c:	e8bd8040 	pop	{r6, pc}
     f90:	e3a00008 	mov	r0, #8
     f94:	e59d1000 	ldr	r1, [sp]
     f98:	e5810010 	str	r0, [r1, #16]
     f9c:	e59d0000 	ldr	r0, [sp]
     fa0:	e59d100c 	ldr	r1, [sp, #12]
     fa4:	e59fc110 	ldr	ip, [pc, #272]	@ 0x10bc
     fa8:	e12fff3c 	blx	ip
     fac:	e59d6008 	ldr	r6, [sp, #8]
     fb0:	e28dd010 	add	sp, sp, #16
     fb4:	e12fff10 	bx	r0
     fb8:	e92d4040 	push	{r6, lr}
     fbc:	e24dd008 	sub	sp, sp, #8
     fc0:	e58d0000 	str	r0, [sp]
     fc4:	e30cc123 	movw	ip, #49443	@ 0xc123
     fc8:	e34cc456 	movt	ip, #50262	@ 0xc456
     fcc:	e5946000 	ldr	r6, [r4]
     fd0:	e3a009fc 	mov	r0, #252, 18	@ 0x3f0000
     fd4:	e3800dd5 	orr	r0, r0, #13632	@ 0x3540
     fd8:	e1a01004 	mov	r1, r4
     fdc:	e59d2000 	ldr	r2, [sp]
     fe0:	e59fc0d8 	ldr	ip, [pc, #216]	@ 0x10c0
     fe4:	e12fff3c 	blx	ip
     fe8:	e3500000 	cmp	r0, #0
     fec:	1a00004c 	bne	0x1124
     ff0:	e59f00cc 	ldr	r0, [pc, #204]	@ 0x10c4
     ff4:	e1a01004 	mov	r1, r4
     ff8:	e59d2000 	ldr	r2, [sp]
     ffc:	e59fc0c4 	ldr	ip, [pc, #196]	@ 0x10c8
    1000:	e12fff3c 	blx	ip
    1004:	e3500000 	cmp	r0, #0
    1008:	1a000045 	bne	0x1124
    100c:	e59f00b8 	ldr	r0, [pc, #184]	@ 0x10cc
    1010:	e1a01004 	mov	r1, r4
    1014:	ea00002d 	b	0x10d0
    1018:	003f6de8 	eorseq	r6, pc, r8, ror #27
    101c:	000487b4 			@ <UNDEFINED> instruction: 0x000487b4
    1020:	003f6df4 	ldrshteq	r6, [pc], -r4
    1024:	000487b4 			@ <UNDEFINED> instruction: 0x000487b4
    1028:	003f6e08 	eorseq	r6, pc, r8, lsl #28
    102c:	00047eac 	andeq	r7, r4, ip, lsr #29
    1030:	0101fffc 	strdeq	pc, [r1, -ip]
    1034:	c0f86a00 	rscsgt	r6, r8, r0, lsl #20
    1038:	0101fff8 	strdeq	pc, [r1, -r8]
    103c:	40f86a00 	rscsmi	r6, r8, r0, lsl #20
    1040:	003f85a8 	eorseq	r8, pc, r8, lsr #11
    1044:	000487b4 			@ <UNDEFINED> instruction: 0x000487b4
    1048:	000487b4 			@ <UNDEFINED> instruction: 0x000487b4
    104c:	000487b4 			@ <UNDEFINED> instruction: 0x000487b4
    1050:	000487b4 			@ <UNDEFINED> instruction: 0x000487b4
    1054:	003f871c 	eorseq	r8, pc, ip, lsl r7	@ <UNPREDICTABLE>
    1058:	00047eac 	andeq	r7, r4, ip, lsr #29
    105c:	075bcd15 	smmlaeq	fp, r5, sp, ip
    1060:	003f882c 	eorseq	r8, pc, ip, lsr #16
    1064:	000487b4 			@ <UNDEFINED> instruction: 0x000487b4
    1068:	003f885c 	eorseq	r8, pc, ip, asr r8	@ <UNPREDICTABLE>
    106c:	00047eac 	andeq	r7, r4, ip, lsr #29
    1070:	003f911c 	eorseq	r9, pc, ip, lsl r1	@ <UNPREDICTABLE>
    1074:	000487b4 			@ <UNDEFINED> instruction: 0x000487b4
    1078:	003f9144 	eorseq	r9, pc, r4, asr #2
    107c:	000487b4 			@ <UNDEFINED> instruction: 0x000487b4
    1080:	003f9238 	eorseq	r9, pc, r8, lsr r2	@ <UNPREDICTABLE>
    1084:	00047eac 	andeq	r7, r4, ip, lsr #29
    1088:	003fa5b0 	ldrhteq	sl, [pc], -r0
    108c:	00047eac 	andeq	r7, r4, ip, lsr #29
    1090:	003f7930 	eorseq	r7, pc, r0, lsr r9	@ <UNPREDICTABLE>
    1094:	000487b4 			@ <UNDEFINED> instruction: 0x000487b4
    1098:	003f793c 	eorseq	r7, pc, ip, lsr r9	@ <UNPREDICTABLE>
    109c:	000487b4 			@ <UNDEFINED> instruction: 0x000487b4
    10a0:	003f794c 	eorseq	r7, pc, ip, asr #18
    10a4:	000487b4 			@ <UNDEFINED> instruction: 0x000487b4
    10a8:	00047eac 	andeq	r7, r4, ip, lsr #29
    10ac:	003f89b4 	ldrhteq	r8, [pc], -r4
    10b0:	00048af0 	strdeq	r8, [r4], -r0
    10b4:	000487b4 			@ <UNDEFINED> instruction: 0x000487b4
    10b8:	003f89f4 	ldrshteq	r8, [pc], -r4
    10bc:	00047eac 	andeq	r7, r4, ip, lsr #29
    10c0:	000487b4 			@ <UNDEFINED> instruction: 0x000487b4
    10c4:	003f354c 	eorseq	r3, pc, ip, asr #10
    10c8:	000487b4 			@ <UNDEFINED> instruction: 0x000487b4
    10cc:	003f3558 	eorseq	r3, pc, r8, asr r5	@ <UNPREDICTABLE>
    10d0:	e59d2000 	ldr	r2, [sp]
    10d4:	e59fcffc 	ldr	ip, [pc, #4092]	@ 0x20d8
    10d8:	e12fff3c 	blx	ip
    10dc:	e3500000 	cmp	r0, #0
    10e0:	1a00000f 	bne	0x1124
    10e4:	e5846000 	str	r6, [r4]
    10e8:	e59f0fec 	ldr	r0, [pc, #4076]	@ 0x20dc
    10ec:	e1a01004 	mov	r1, r4
    10f0:	e59d2000 	ldr	r2, [sp]
    10f4:	e59fcfe4 	ldr	ip, [pc, #4068]	@ 0x20e0
    10f8:	e12fff3c 	blx	ip
    10fc:	e3500000 	cmp	r0, #0
    1100:	1a000007 	bne	0x1124
    1104:	e3a00015 	mov	r0, #21
    1108:	ea000003 	b	0x111c
    110c:	e30ccabc 	movw	ip, #51900	@ 0xcabc
    1110:	e34ccdef 	movt	ip, #52719	@ 0xcdef
    1114:	e28dd008 	add	sp, sp, #8
    1118:	e8bd8040 	pop	{r6, pc}
    111c:	e59d1000 	ldr	r1, [sp]
    1120:	e5810010 	str	r0, [r1, #16]
    1124:	e59d0000 	ldr	r0, [sp]
    1128:	e59d100c 	ldr	r1, [sp, #12]
    112c:	e59fcfb0 	ldr	ip, [pc, #4016]	@ 0x20e4
    1130:	e12fff3c 	blx	ip
    1134:	e59d6008 	ldr	r6, [sp, #8]
    1138:	e28dd010 	add	sp, sp, #16
    113c:	e12fff10 	bx	r0
    1140:	e52de004 	push	{lr}		@ (str lr, [sp, #-4]!)
    1144:	e24dd004 	sub	sp, sp, #4
    1148:	e58d0000 	str	r0, [sp]
    114c:	e30cc123 	movw	ip, #49443	@ 0xc123
    1150:	e34cc456 	movt	ip, #50262	@ 0xc456
    1154:	e5940000 	ldr	r0, [r4]
    1158:	e5840000 	str	r0, [r4]
    115c:	e59f0f84 	ldr	r0, [pc, #3972]	@ 0x20e8
    1160:	e1a01004 	mov	r1, r4
    1164:	e59d2000 	ldr	r2, [sp]
    1168:	e59fcf7c 	ldr	ip, [pc, #3964]	@ 0x20ec
    116c:	e12fff3c 	blx	ip
    1170:	e3500000 	cmp	r0, #0
    1174:	1a000007 	bne	0x1198
    1178:	e3a00015 	mov	r0, #21
    117c:	ea000003 	b	0x1190
    1180:	e30ccabc 	movw	ip, #51900	@ 0xcabc
    1184:	e34ccdef 	movt	ip, #52719	@ 0xcdef
    1188:	e28dd004 	add	sp, sp, #4
    118c:	e49df004 	pop	{pc}		@ (ldr pc, [sp], #4)
    1190:	e59d1000 	ldr	r1, [sp]
    1194:	e5810010 	str	r0, [r1, #16]
    1198:	e59d0000 	ldr	r0, [sp]
    119c:	e59d1004 	ldr	r1, [sp, #4]
    11a0:	e59fcf48 	ldr	ip, [pc, #3912]	@ 0x20f0
    11a4:	e12fff3c 	blx	ip
    11a8:	e28dd008 	add	sp, sp, #8
    11ac:	e12fff10 	bx	r0
    11b0:	e92d40c0 	push	{r6, r7, lr}
    11b4:	e24dd004 	sub	sp, sp, #4
    11b8:	e58d0000 	str	r0, [sp]
    11bc:	e30cc123 	movw	ip, #49443	@ 0xc123
    11c0:	e34cc456 	movt	ip, #50262	@ 0xc456
    11c4:	e5940000 	ldr	r0, [r4]
    11c8:	e5941004 	ldr	r1, [r4, #4]
    11cc:	e595e03c 	ldr	lr, [r5, #60]	@ 0x3c
    11d0:	e59e2008 	ldr	r2, [lr, #8]
    11d4:	e2422010 	sub	r2, r2, #16
    11d8:	e1a06002 	mov	r6, r2
    11dc:	e595303c 	ldr	r3, [r5, #60]	@ 0x3c
    11e0:	e5832008 	str	r2, [r3, #8]
    11e4:	e1a03006 	mov	r3, r6
    11e8:	e5952030 	ldr	r2, [r5, #48]	@ 0x30
    11ec:	e293300c 	adds	r3, r3, #12
    11f0:	2a000019 	bcs	0x125c
    11f4:	e59fcef8 	ldr	ip, [pc, #3832]	@ 0x20f4
    11f8:	e153000c 	cmp	r3, ip
    11fc:	8a000016 	bhi	0x125c
    1200:	e7821003 	str	r1, [r2, r3]
    1204:	e3a0eb42 	mov	lr, #67584	@ 0x10800
    1208:	e38eefbe 	orr	lr, lr, #760	@ 0x2f8
    120c:	e584e010 	str	lr, [r4, #16]
    1210:	e5840000 	str	r0, [r4]
    1214:	e5841004 	str	r1, [r4, #4]
    1218:	e59f0ed8 	ldr	r0, [pc, #3800]	@ 0x20f8
    121c:	e1a01004 	mov	r1, r4
    1220:	e59d2000 	ldr	r2, [sp]
    1224:	e59fced0 	ldr	ip, [pc, #3792]	@ 0x20fc
    1228:	e12fff3c 	blx	ip
    122c:	e3500000 	cmp	r0, #0
    1230:	1a00000c 	bne	0x1268
    1234:	e5940014 	ldr	r0, [r4, #20]
    1238:	e2866010 	add	r6, r6, #16
    123c:	e595103c 	ldr	r1, [r5, #60]	@ 0x3c
    1240:	e5816008 	str	r6, [r1, #8]
    1244:	e5840004 	str	r0, [r4, #4]
    1248:	e59f0eb0 	ldr	r0, [pc, #3760]	@ 0x2100
    124c:	e30ccabc 	movw	ip, #51900	@ 0xcabc
    1250:	e34ccdef 	movt	ip, #52719	@ 0xcdef
    1254:	e28dd004 	add	sp, sp, #4
    1258:	e8bd80c0 	pop	{r6, r7, pc}
    125c:	e3a00008 	mov	r0, #8
    1260:	e59d1000 	ldr	r1, [sp]
    1264:	e5810010 	str	r0, [r1, #16]
    1268:	e59d0000 	ldr	r0, [sp]
    126c:	e59d100c 	ldr	r1, [sp, #12]
    1270:	e59fce8c 	ldr	ip, [pc, #3724]	@ 0x2104
    1274:	e12fff3c 	blx	ip
    1278:	e28dd004 	add	sp, sp, #4
    127c:	e8bd00c0 	pop	{r6, r7}
    1280:	e28dd004 	add	sp, sp, #4
    1284:	e12fff10 	bx	r0
    1288:	e52de004 	push	{lr}		@ (str lr, [sp, #-4]!)
    128c:	e24dd004 	sub	sp, sp, #4
    1290:	e58d0000 	str	r0, [sp]
    1294:	e30cc123 	movw	ip, #49443	@ 0xc123
    1298:	e34cc456 	movt	ip, #50262	@ 0xc456
    129c:	e5940000 	ldr	r0, [r4]
    12a0:	e2400001 	sub	r0, r0, #1
    12a4:	e3a01000 	mov	r1, #0
    12a8:	e5952030 	ldr	r2, [r5, #48]	@ 0x30
    12ac:	e282cb40 	add	ip, r2, #64, 22	@ 0x10000
    12b0:	e58c0c30 	str	r0, [ip, #3120]	@ 0xc30
    12b4:	e58c1c34 	str	r1, [ip, #3124]	@ 0xc34
    12b8:	e59f0e48 	ldr	r0, [pc, #3656]	@ 0x2108
    12bc:	e30ccabc 	movw	ip, #51900	@ 0xcabc
    12c0:	e34ccdef 	movt	ip, #52719	@ 0xcdef
    12c4:	e28dd004 	add	sp, sp, #4
    12c8:	e49df004 	pop	{pc}		@ (ldr pc, [sp], #4)
    12cc:	e92d40c0 	push	{r6, r7, lr}
    12d0:	e24dd004 	sub	sp, sp, #4
    12d4:	e58d0000 	str	r0, [sp]
    12d8:	e30cc123 	movw	ip, #49443	@ 0xc123
    12dc:	e34cc456 	movt	ip, #50262	@ 0xc456
    12e0:	e5952030 	ldr	r2, [r5, #48]	@ 0x30
    12e4:	e282cb40 	add	ip, r2, #64, 22	@ 0x10000
    12e8:	e59c0c30 	ldr	r0, [ip, #3120]	@ 0xc30
    12ec:	e59c1c34 	ldr	r1, [ip, #3124]	@ 0xc34
    12f0:	e1a02001 	mov	r2, r1
    12f4:	e59f1e10 	ldr	r1, [pc, #3600]	@ 0x210c
    12f8:	e0020192 	mul	r2, r2, r1
    12fc:	e59fce0c 	ldr	ip, [pc, #3596]	@ 0x2110
    1300:	e0222c90 	mla	r2, r0, ip, r2
    1304:	e0810091 	umull	r0, r1, r1, r0
    1308:	e0822001 	add	r2, r2, r1
    130c:	e1a01002 	mov	r1, r2
    1310:	e2900001 	adds	r0, r0, #1
    1314:	e2a11000 	adc	r1, r1, #0
    1318:	e1a02000 	mov	r2, r0
    131c:	e1a03001 	mov	r3, r1
    1320:	e5956030 	ldr	r6, [r5, #48]	@ 0x30
    1324:	e286cb40 	add	ip, r6, #64, 22	@ 0x10000
    1328:	e58c0c30 	str	r0, [ip, #3120]	@ 0xc30
    132c:	e58c1c34 	str	r1, [ip, #3124]	@ 0xc34
    1330:	e1a020a3 	lsr	r2, r3, #1
    1334:	e3a03000 	mov	r3, #0
    1338:	e1a00002 	mov	r0, r2
    133c:	e5840024 	str	r0, [r4, #36]	@ 0x24
    1340:	e3a009fe 	mov	r0, #4161536	@ 0x3f8000
    1344:	e3800d86 	orr	r0, r0, #8576	@ 0x2180
    1348:	e30ccabc 	movw	ip, #51900	@ 0xcabc
    134c:	e34ccdef 	movt	ip, #52719	@ 0xcdef
    1350:	e28dd004 	add	sp, sp, #4
    1354:	e8bd80c0 	pop	{r6, r7, pc}
    1358:	e92d4fc0 	push	{r6, r7, r8, r9, sl, fp, lr}
    135c:	e24dd004 	sub	sp, sp, #4
    1360:	e58d0000 	str	r0, [sp]
    1364:	e30cc123 	movw	ip, #49443	@ 0xc123
    1368:	e34cc456 	movt	ip, #50262	@ 0xc456
    136c:	e5946000 	ldr	r6, [r4]
    1370:	e5940004 	ldr	r0, [r4, #4]
    1374:	e595e03c 	ldr	lr, [r5, #60]	@ 0x3c
    1378:	e59e1008 	ldr	r1, [lr, #8]
    137c:	e2411020 	sub	r1, r1, #32
    1380:	e584100c 	str	r1, [r4, #12]
    1384:	e595203c 	ldr	r2, [r5, #60]	@ 0x3c
    1388:	e5821008 	str	r1, [r2, #8]
    138c:	e1a03006 	mov	r3, r6
    1390:	e5952030 	ldr	r2, [r5, #48]	@ 0x30
    1394:	e293301c 	adds	r3, r3, #28
    1398:	2a000129 	bcs	0x1844
    139c:	e59fcd50 	ldr	ip, [pc, #3408]	@ 0x20f4
    13a0:	e153000c 	cmp	r3, ip
    13a4:	8a000126 	bhi	0x1844
    13a8:	e7921003 	ldr	r1, [r2, r3]
    13ac:	e1a02001 	mov	r2, r1
    13b0:	e594900c 	ldr	r9, [r4, #12]
    13b4:	e5953030 	ldr	r3, [r5, #48]	@ 0x30
    13b8:	e2999010 	adds	r9, r9, #16
    13bc:	2a000120 	bcs	0x1844
    13c0:	e59fcd2c 	ldr	ip, [pc, #3372]	@ 0x20f4
    13c4:	e159000c 	cmp	r9, ip
    13c8:	8a00011d 	bhi	0x1844
    13cc:	e7831009 	str	r1, [r3, r9]
    13d0:	e1a09006 	mov	r9, r6
    13d4:	e5953030 	ldr	r3, [r5, #48]	@ 0x30
    13d8:	e2999014 	adds	r9, r9, #20
    13dc:	2a000118 	bcs	0x1844
    13e0:	e59fcd0c 	ldr	ip, [pc, #3340]	@ 0x20f4
    13e4:	e159000c 	cmp	r9, ip
    13e8:	8a000115 	bhi	0x1844
    13ec:	e7931009 	ldr	r1, [r3, r9]
    13f0:	e594900c 	ldr	r9, [r4, #12]
    13f4:	e5953030 	ldr	r3, [r5, #48]	@ 0x30
    13f8:	e594a008 	ldr	sl, [r4, #8]
    13fc:	e299901c 	adds	r9, r9, #28
    1400:	2a00010f 	bcs	0x1844
    1404:	e59fcce8 	ldr	ip, [pc, #3304]	@ 0x20f4
    1408:	e159000c 	cmp	r9, ip
    140c:	8a00010c 	bhi	0x1844
    1410:	e783a009 	str	sl, [r3, r9]
    1414:	e594900c 	ldr	r9, [r4, #12]
    1418:	e5953030 	ldr	r3, [r5, #48]	@ 0x30
    141c:	e2999018 	adds	r9, r9, #24
    1420:	2a000107 	bcs	0x1844
    1424:	e59fccc8 	ldr	ip, [pc, #3272]	@ 0x20f4
    1428:	e159000c 	cmp	r9, ip
    142c:	8a000104 	bhi	0x1844
    1430:	e7830009 	str	r0, [r3, r9]
    1434:	e0411002 	sub	r1, r1, r2
    1438:	e1a00001 	mov	r0, r1
    143c:	e594300c 	ldr	r3, [r4, #12]
    1440:	e5952030 	ldr	r2, [r5, #48]	@ 0x30
    1444:	e2933014 	adds	r3, r3, #20
    1448:	2a0000fd 	bcs	0x1844
    144c:	e59fcca0 	ldr	ip, [pc, #3232]	@ 0x20f4
    1450:	e153000c 	cmp	r3, ip
    1454:	8a0000fa 	bhi	0x1844
    1458:	e7821003 	str	r1, [r2, r3]
    145c:	e594c008 	ldr	ip, [r4, #8]
    1460:	e080900c 	add	r9, r0, ip
    1464:	e594c00c 	ldr	ip, [r4, #12]
    1468:	e28ca010 	add	sl, ip, #16
    146c:	e3a0e002 	mov	lr, #2
    1470:	e584e01c 	str	lr, [r4, #28]
    1474:	e1a02006 	mov	r2, r6
    1478:	e5951030 	ldr	r1, [r5, #48]	@ 0x30
    147c:	e292203c 	adds	r2, r2, #60	@ 0x3c
    1480:	2a0000ef 	bcs	0x1844
    1484:	e59fcc68 	ldr	ip, [pc, #3176]	@ 0x20f4
    1488:	e152000c 	cmp	r2, ip
    148c:	8a0000ec 	bhi	0x1844
    1490:	e7910002 	ldr	r0, [r1, r2]
    1494:	e594c00c 	ldr	ip, [r4, #12]
    1498:	e28c1010 	add	r1, ip, #16
    149c:	e594c00c 	ldr	ip, [r4, #12]
    14a0:	e28c200c 	add	r2, ip, #12
    14a4:	e5840040 	str	r0, [r4, #64]	@ 0x40
    14a8:	e5841044 	str	r1, [r4, #68]	@ 0x44
    14ac:	e3a0e002 	mov	lr, #2
    14b0:	e584e02c 	str	lr, [r4, #44]	@ 0x2c
    14b4:	e584204c 	str	r2, [r4, #76]	@ 0x4c
    14b8:	e59f0c54 	ldr	r0, [pc, #3156]	@ 0x2114
    14bc:	e1a01004 	mov	r1, r4
    14c0:	e59d2000 	ldr	r2, [sp]
    14c4:	e59fcc4c 	ldr	ip, [pc, #3148]	@ 0x2118
    14c8:	e12fff3c 	blx	ip
    14cc:	e3500000 	cmp	r0, #0
    14d0:	1a0000de 	bne	0x1850
    14d4:	e5940040 	ldr	r0, [r4, #64]	@ 0x40
    14d8:	e5840040 	str	r0, [r4, #64]	@ 0x40
    14dc:	e59f0c38 	ldr	r0, [pc, #3128]	@ 0x211c
    14e0:	e1a01004 	mov	r1, r4
    14e4:	e59d2000 	ldr	r2, [sp]
    14e8:	e59fcc30 	ldr	ip, [pc, #3120]	@ 0x2120
    14ec:	e12fff3c 	blx	ip
    14f0:	e3500000 	cmp	r0, #0
    14f4:	1a0000d5 	bne	0x1850
    14f8:	e5940040 	ldr	r0, [r4, #64]	@ 0x40
    14fc:	e3500000 	cmp	r0, #0
    1500:	0a000001 	beq	0x150c
    1504:	e584a014 	str	sl, [r4, #20]
    1508:	ea000066 	b	0x16a8
    150c:	e594200c 	ldr	r2, [r4, #12]
    1510:	e5951030 	ldr	r1, [r5, #48]	@ 0x30
    1514:	e292200c 	adds	r2, r2, #12
    1518:	2a0000c9 	bcs	0x1844
    151c:	e59fcbd0 	ldr	ip, [pc, #3024]	@ 0x20f4
    1520:	e152000c 	cmp	r2, ip
    1524:	8a0000c6 	bhi	0x1844
    1528:	e7910002 	ldr	r0, [r1, r2]
    152c:	e1a01000 	mov	r1, r0
    1530:	e1590000 	cmp	r9, r0
    1534:	0a00005d 	beq	0x16b0
    1538:	e3710001 	cmn	r1, #1
    153c:	ca000001 	bgt	0x1548
    1540:	e584a014 	str	sl, [r4, #20]
    1544:	ea000085 	b	0x1760
    1548:	e1a0300a 	mov	r3, sl
    154c:	e5952030 	ldr	r2, [r5, #48]	@ 0x30
    1550:	e2933004 	adds	r3, r3, #4
    1554:	2a0000ba 	bcs	0x1844
    1558:	e59fcb94 	ldr	ip, [pc, #2964]	@ 0x20f4
    155c:	e153000c 	cmp	r3, ip
    1560:	8a0000b7 	bhi	0x1844
    1564:	e7920003 	ldr	r0, [r2, r3]
    1568:	e1a02000 	mov	r2, r0
    156c:	e1510000 	cmp	r1, r0
    1570:	e3a00000 	mov	r0, #0
    1574:	83a00001 	movhi	r0, #1
    1578:	e1a03000 	mov	r3, r0
    157c:	e3500000 	cmp	r0, #0
    1580:	e3a07008 	mov	r7, #8
    1584:	03a07000 	moveq	r7, #0
    1588:	e08a7007 	add	r7, sl, r7
    158c:	e5847014 	str	r7, [r4, #20]
    1590:	e594b014 	ldr	fp, [r4, #20]
    1594:	e5958030 	ldr	r8, [r5, #48]	@ 0x30
    1598:	e59fcb54 	ldr	ip, [pc, #2900]	@ 0x20f4
    159c:	e15b000c 	cmp	fp, ip
    15a0:	8a0000a7 	bhi	0x1844
    15a4:	e798000b 	ldr	r0, [r8, fp]
    15a8:	e3530000 	cmp	r3, #0
    15ac:	03a02000 	moveq	r2, #0
    15b0:	e0412002 	sub	r2, r1, r2
    15b4:	e1a08002 	mov	r8, r2
    15b8:	e0800002 	add	r0, r0, r2
    15bc:	e5952030 	ldr	r2, [r5, #48]	@ 0x30
    15c0:	e59fcb2c 	ldr	ip, [pc, #2860]	@ 0x20f4
    15c4:	e157000c 	cmp	r7, ip
    15c8:	8a00009d 	bhi	0x1844
    15cc:	e7820007 	str	r0, [r2, r7]
    15d0:	e3530000 	cmp	r3, #0
    15d4:	e3a0000c 	mov	r0, #12
    15d8:	03a00004 	moveq	r0, #4
    15dc:	e08a0000 	add	r0, sl, r0
    15e0:	e1a02000 	mov	r2, r0
    15e4:	e1a0b002 	mov	fp, r2
    15e8:	e5957030 	ldr	r7, [r5, #48]	@ 0x30
    15ec:	e59fcb00 	ldr	ip, [pc, #2816]	@ 0x20f4
    15f0:	e15b000c 	cmp	fp, ip
    15f4:	8a000092 	bhi	0x1844
    15f8:	e797200b 	ldr	r2, [r7, fp]
    15fc:	e0422008 	sub	r2, r2, r8
    1600:	e5957030 	ldr	r7, [r5, #48]	@ 0x30
    1604:	e59fcae8 	ldr	ip, [pc, #2792]	@ 0x20f4
    1608:	e150000c 	cmp	r0, ip
    160c:	8a00008c 	bhi	0x1844
    1610:	e7872000 	str	r2, [r7, r0]
    1614:	e0499001 	sub	r9, r9, r1
    1618:	e594a014 	ldr	sl, [r4, #20]
    161c:	e1a02006 	mov	r2, r6
    1620:	e5951030 	ldr	r1, [r5, #48]	@ 0x30
    1624:	e292203c 	adds	r2, r2, #60	@ 0x3c
    1628:	2a000085 	bcs	0x1844
    162c:	e59fcac0 	ldr	ip, [pc, #2752]	@ 0x20f4
    1630:	e152000c 	cmp	r2, ip
    1634:	8a000082 	bhi	0x1844
    1638:	e7910002 	ldr	r0, [r1, r2]
    163c:	e594c01c 	ldr	ip, [r4, #28]
    1640:	e04c3003 	sub	r3, ip, r3
    1644:	e584301c 	str	r3, [r4, #28]
    1648:	e594c00c 	ldr	ip, [r4, #12]
    164c:	e28c100c 	add	r1, ip, #12
    1650:	e5840040 	str	r0, [r4, #64]	@ 0x40
    1654:	e5843048 	str	r3, [r4, #72]	@ 0x48
    1658:	e584104c 	str	r1, [r4, #76]	@ 0x4c
    165c:	e59f0ac0 	ldr	r0, [pc, #2752]	@ 0x2124
    1660:	e1a01004 	mov	r1, r4
    1664:	e59d2000 	ldr	r2, [sp]
    1668:	e59fcab8 	ldr	ip, [pc, #2744]	@ 0x2128
    166c:	e12fff3c 	blx	ip
    1670:	e3500000 	cmp	r0, #0
    1674:	1a000075 	bne	0x1850
    1678:	e5940040 	ldr	r0, [r4, #64]	@ 0x40
    167c:	e5840040 	str	r0, [r4, #64]	@ 0x40
    1680:	e59f0aa4 	ldr	r0, [pc, #2724]	@ 0x212c
    1684:	e1a01004 	mov	r1, r4
    1688:	e59d2000 	ldr	r2, [sp]
    168c:	e59fca9c 	ldr	ip, [pc, #2716]	@ 0x2130
    1690:	e12fff3c 	blx	ip
    1694:	e3500000 	cmp	r0, #0
    1698:	1a00006c 	bne	0x1850
    169c:	e5940040 	ldr	r0, [r4, #64]	@ 0x40
    16a0:	e3500000 	cmp	r0, #0
    16a4:	0affff98 	beq	0x150c
    16a8:	e3790001 	cmn	r9, #1
    16ac:	1a00002b 	bne	0x1760
    16b0:	e1a02006 	mov	r2, r6
    16b4:	e5951030 	ldr	r1, [r5, #48]	@ 0x30
    16b8:	e292202c 	adds	r2, r2, #44	@ 0x2c
    16bc:	2a000060 	bcs	0x1844
    16c0:	e59fca2c 	ldr	ip, [pc, #2604]	@ 0x20f4
    16c4:	e152000c 	cmp	r2, ip
    16c8:	8a00005d 	bhi	0x1844
    16cc:	e7910002 	ldr	r0, [r1, r2]
    16d0:	e1a01000 	mov	r1, r0
    16d4:	e1a03006 	mov	r3, r6
    16d8:	e5952030 	ldr	r2, [r5, #48]	@ 0x30
    16dc:	e293301c 	adds	r3, r3, #28
    16e0:	2a000057 	bcs	0x1844
    16e4:	e59fca08 	ldr	ip, [pc, #2568]	@ 0x20f4
    16e8:	e153000c 	cmp	r3, ip
    16ec:	8a000054 	bhi	0x1844
    16f0:	e7820003 	str	r0, [r2, r3]
    16f4:	e1a02006 	mov	r2, r6
    16f8:	e5950030 	ldr	r0, [r5, #48]	@ 0x30
    16fc:	e2922014 	adds	r2, r2, #20
    1700:	2a00004f 	bcs	0x1844
    1704:	e59fc9e8 	ldr	ip, [pc, #2536]	@ 0x20f4
    1708:	e152000c 	cmp	r2, ip
    170c:	8a00004c 	bhi	0x1844
    1710:	e7801002 	str	r1, [r0, r2]
    1714:	e1a03006 	mov	r3, r6
    1718:	e5952030 	ldr	r2, [r5, #48]	@ 0x30
    171c:	e2933030 	adds	r3, r3, #48	@ 0x30
    1720:	2a000047 	bcs	0x1844
    1724:	e59fc9c8 	ldr	ip, [pc, #2504]	@ 0x20f4
    1728:	e153000c 	cmp	r3, ip
    172c:	8a000044 	bhi	0x1844
    1730:	e7920003 	ldr	r0, [r2, r3]
    1734:	e0811000 	add	r1, r1, r0
    1738:	e1a02006 	mov	r2, r6
    173c:	e5950030 	ldr	r0, [r5, #48]	@ 0x30
    1740:	e2922010 	adds	r2, r2, #16
    1744:	2a00003e 	bcs	0x1844
    1748:	e59fc9a4 	ldr	ip, [pc, #2468]	@ 0x20f4
    174c:	e152000c 	cmp	r2, ip
    1750:	8a00003b 	bhi	0x1844
    1754:	e7801002 	str	r1, [r0, r2]
    1758:	e5940008 	ldr	r0, [r4, #8]
    175c:	ea00002e 	b	0x181c
    1760:	e3a00000 	mov	r0, #0
    1764:	e1a02006 	mov	r2, r6
    1768:	e5951030 	ldr	r1, [r5, #48]	@ 0x30
    176c:	e292201c 	adds	r2, r2, #28
    1770:	2a000033 	bcs	0x1844
    1774:	e59fc978 	ldr	ip, [pc, #2424]	@ 0x20f4
    1778:	e152000c 	cmp	r2, ip
    177c:	8a000030 	bhi	0x1844
    1780:	e3a0e000 	mov	lr, #0
    1784:	e781e002 	str	lr, [r1, r2]
    1788:	e1a02006 	mov	r2, r6
    178c:	e5951030 	ldr	r1, [r5, #48]	@ 0x30
    1790:	e2922010 	adds	r2, r2, #16
    1794:	2a00002a 	bcs	0x1844
    1798:	e59fc994 	ldr	ip, [pc, #2452]	@ 0x2134
    179c:	e152000c 	cmp	r2, ip
    17a0:	8a000027 	bhi	0x1844
    17a4:	e0811002 	add	r1, r1, r2
    17a8:	e3a02000 	mov	r2, #0
    17ac:	e3a03000 	mov	r3, #0
    17b0:	e5813000 	str	r3, [r1]
    17b4:	e5812004 	str	r2, [r1, #4]
    17b8:	e1a03006 	mov	r3, r6
    17bc:	e5952030 	ldr	r2, [r5, #48]	@ 0x30
    17c0:	e59fc92c 	ldr	ip, [pc, #2348]	@ 0x20f4
    17c4:	e153000c 	cmp	r3, ip
    17c8:	8a00001d 	bhi	0x1844
    17cc:	e7921003 	ldr	r1, [r2, r3]
    17d0:	e3811020 	orr	r1, r1, #32
    17d4:	e5952030 	ldr	r2, [r5, #48]	@ 0x30
    17d8:	e59fc914 	ldr	ip, [pc, #2324]	@ 0x20f4
    17dc:	e156000c 	cmp	r6, ip
    17e0:	8a000017 	bhi	0x1844
    17e4:	e7821006 	str	r1, [r2, r6]
    17e8:	e594c01c 	ldr	ip, [r4, #28]
    17ec:	e35c0002 	cmp	ip, #2
    17f0:	0a000009 	beq	0x181c
    17f4:	e5943014 	ldr	r3, [r4, #20]
    17f8:	e5952030 	ldr	r2, [r5, #48]	@ 0x30
    17fc:	e2933004 	adds	r3, r3, #4
    1800:	2a00000f 	bcs	0x1844
    1804:	e59fc8e8 	ldr	ip, [pc, #2280]	@ 0x20f4
    1808:	e153000c 	cmp	r3, ip
    180c:	8a00000c 	bhi	0x1844
    1810:	e7921003 	ldr	r1, [r2, r3]
    1814:	e594c008 	ldr	ip, [r4, #8]
    1818:	e04c0001 	sub	r0, ip, r1
    181c:	e594c00c 	ldr	ip, [r4, #12]
    1820:	e28c1020 	add	r1, ip, #32
    1824:	e595203c 	ldr	r2, [r5, #60]	@ 0x3c
    1828:	e5821008 	str	r1, [r2, #8]
    182c:	e5840004 	str	r0, [r4, #4]
    1830:	e59f0900 	ldr	r0, [pc, #2304]	@ 0x2138
    1834:	e30ccabc 	movw	ip, #51900	@ 0xcabc
    1838:	e34ccdef 	movt	ip, #52719	@ 0xcdef
    183c:	e28dd004 	add	sp, sp, #4
    1840:	e8bd8fc0 	pop	{r6, r7, r8, r9, sl, fp, pc}
    1844:	e3a00008 	mov	r0, #8
    1848:	e59d1000 	ldr	r1, [sp]
    184c:	e5810010 	str	r0, [r1, #16]
    1850:	e59d0000 	ldr	r0, [sp]
    1854:	e59d101c 	ldr	r1, [sp, #28]
    1858:	e59fc8dc 	ldr	ip, [pc, #2268]	@ 0x213c
    185c:	e12fff3c 	blx	ip
    1860:	e28dd004 	add	sp, sp, #4
    1864:	e8bd0fc0 	pop	{r6, r7, r8, r9, sl, fp}
    1868:	e28dd004 	add	sp, sp, #4
    186c:	e12fff10 	bx	r0
    1870:	e52de004 	push	{lr}		@ (str lr, [sp, #-4]!)
    1874:	e24dd004 	sub	sp, sp, #4
    1878:	e58d0000 	str	r0, [sp]
    187c:	e30cc123 	movw	ip, #49443	@ 0xc123
    1880:	e34cc456 	movt	ip, #50262	@ 0xc456
    1884:	e3a0e000 	mov	lr, #0
    1888:	e584e004 	str	lr, [r4, #4]
    188c:	e59f08ac 	ldr	r0, [pc, #2220]	@ 0x2140
    1890:	e30ccabc 	movw	ip, #51900	@ 0xcabc
    1894:	e34ccdef 	movt	ip, #52719	@ 0xcdef
    1898:	e28dd004 	add	sp, sp, #4
    189c:	e49df004 	pop	{pc}		@ (ldr pc, [sp], #4)
    18a0:	e52de004 	push	{lr}		@ (str lr, [sp, #-4]!)
    18a4:	e24dd004 	sub	sp, sp, #4
    18a8:	e58d0000 	str	r0, [sp]
    18ac:	e30cc123 	movw	ip, #49443	@ 0xc123
    18b0:	e34cc456 	movt	ip, #50262	@ 0xc456
    18b4:	e3a0e000 	mov	lr, #0
    18b8:	e584e010 	str	lr, [r4, #16]
    18bc:	e3a0e000 	mov	lr, #0
    18c0:	e584e014 	str	lr, [r4, #20]
    18c4:	e59f0878 	ldr	r0, [pc, #2168]	@ 0x2144
    18c8:	e30ccabc 	movw	ip, #51900	@ 0xcabc
    18cc:	e34ccdef 	movt	ip, #52719	@ 0xcdef
    18d0:	e28dd004 	add	sp, sp, #4
    18d4:	e49df004 	pop	{pc}		@ (ldr pc, [sp], #4)
    18d8:	e52de004 	push	{lr}		@ (str lr, [sp, #-4]!)
    18dc:	e24dd004 	sub	sp, sp, #4
    18e0:	e58d0000 	str	r0, [sp]
    18e4:	e30cc123 	movw	ip, #49443	@ 0xc123
    18e8:	e34cc456 	movt	ip, #50262	@ 0xc456
    18ec:	e3a0e001 	mov	lr, #1
    18f0:	e584e004 	str	lr, [r4, #4]
    18f4:	e59f084c 	ldr	r0, [pc, #2124]	@ 0x2148
    18f8:	e30ccabc 	movw	ip, #51900	@ 0xcabc
    18fc:	e34ccdef 	movt	ip, #52719	@ 0xcdef
    1900:	e28dd004 	add	sp, sp, #4
    1904:	e49df004 	pop	{pc}		@ (ldr pc, [sp], #4)
    1908:	e52de004 	push	{lr}		@ (str lr, [sp, #-4]!)
    190c:	e24dd004 	sub	sp, sp, #4
    1910:	e58d0000 	str	r0, [sp]
    1914:	e30cc123 	movw	ip, #49443	@ 0xc123
    1918:	e34cc456 	movt	ip, #50262	@ 0xc456
    191c:	e59f0828 	ldr	r0, [pc, #2088]	@ 0x214c
    1920:	e30ccabc 	movw	ip, #51900	@ 0xcabc
    1924:	e34ccdef 	movt	ip, #52719	@ 0xcdef
    1928:	e28dd004 	add	sp, sp, #4
    192c:	e49df004 	pop	{pc}		@ (ldr pc, [sp], #4)
    1930:	e52de004 	push	{lr}		@ (str lr, [sp, #-4]!)
    1934:	e24dd004 	sub	sp, sp, #4
    1938:	e58d0000 	str	r0, [sp]
    193c:	e30cc123 	movw	ip, #49443	@ 0xc123
    1940:	e34cc456 	movt	ip, #50262	@ 0xc456
    1944:	e3a0eb44 	mov	lr, #68, 22	@ 0x11000
    1948:	e38ee048 	orr	lr, lr, #72	@ 0x48
    194c:	e584e000 	str	lr, [r4]
    1950:	e59f07f8 	ldr	r0, [pc, #2040]	@ 0x2150
    1954:	e30ccabc 	movw	ip, #51900	@ 0xcabc
    1958:	e34ccdef 	movt	ip, #52719	@ 0xcdef
    195c:	e28dd004 	add	sp, sp, #4
    1960:	e49df004 	pop	{pc}		@ (ldr pc, [sp], #4)
    1964:	e92d4040 	push	{r6, lr}
    1968:	e24dd010 	sub	sp, sp, #16
    196c:	e58d0000 	str	r0, [sp]
    1970:	e30cc123 	movw	ip, #49443	@ 0xc123
    1974:	e34cc456 	movt	ip, #50262	@ 0xc456
    1978:	e5946000 	ldr	r6, [r4]
    197c:	e5940004 	ldr	r0, [r4, #4]
    1980:	e5941008 	ldr	r1, [r4, #8]
    1984:	e3510000 	cmp	r1, #0
    1988:	0a00000b 	beq	0x19bc
    198c:	e1a02001 	mov	r2, r1
    1990:	e1a01000 	mov	r1, r0
    1994:	e1a00006 	mov	r0, r6
    1998:	e28d3004 	add	r3, sp, #4
    199c:	e595e028 	ldr	lr, [r5, #40]	@ 0x28
    19a0:	e58de004 	str	lr, [sp, #4]
    19a4:	e595e028 	ldr	lr, [r5, #40]	@ 0x28
    19a8:	e58de008 	str	lr, [sp, #8]
    19ac:	e59fc7a0 	ldr	ip, [pc, #1952]	@ 0x2154
    19b0:	e12fff3c 	blx	ip
    19b4:	e3500000 	cmp	r0, #0
    19b8:	1a000005 	bne	0x19d4
    19bc:	e5846000 	str	r6, [r4]
    19c0:	e59f0790 	ldr	r0, [pc, #1936]	@ 0x2158
    19c4:	e30ccabc 	movw	ip, #51900	@ 0xcabc
    19c8:	e34ccdef 	movt	ip, #52719	@ 0xcdef
    19cc:	e28dd010 	add	sp, sp, #16
    19d0:	e8bd8040 	pop	{r6, pc}
    19d4:	e59d1000 	ldr	r1, [sp]
    19d8:	e5810010 	str	r0, [r1, #16]
    19dc:	e59d0000 	ldr	r0, [sp]
    19e0:	e59d1014 	ldr	r1, [sp, #20]
    19e4:	e59fc770 	ldr	ip, [pc, #1904]	@ 0x215c
    19e8:	e12fff3c 	blx	ip
    19ec:	e59d6010 	ldr	r6, [sp, #16]
    19f0:	e28dd018 	add	sp, sp, #24
    19f4:	e12fff10 	bx	r0
    19f8:	e92d4fc0 	push	{r6, r7, r8, r9, sl, fp, lr}
    19fc:	e24dd004 	sub	sp, sp, #4
    1a00:	e58d0000 	str	r0, [sp]
    1a04:	e30cc123 	movw	ip, #49443	@ 0xc123
    1a08:	e34cc456 	movt	ip, #50262	@ 0xc456
    1a0c:	e5940000 	ldr	r0, [r4]
    1a10:	e5941004 	ldr	r1, [r4, #4]
    1a14:	e5942008 	ldr	r2, [r4, #8]
    1a18:	e3520f80 	cmp	r2, #128, 30	@ 0x200
    1a1c:	3a00000e 	bcc	0x1a5c
    1a20:	e5840000 	str	r0, [r4]
    1a24:	e5841004 	str	r1, [r4, #4]
    1a28:	e5842008 	str	r2, [r4, #8]
    1a2c:	e3a009ff 	mov	r0, #4177920	@ 0x3fc000
    1a30:	e3800e79 	orr	r0, r0, #1936	@ 0x790
    1a34:	e1a01004 	mov	r1, r4
    1a38:	e59d2000 	ldr	r2, [sp]
    1a3c:	e59fc71c 	ldr	ip, [pc, #1820]	@ 0x2160
    1a40:	e12fff3c 	blx	ip
    1a44:	e3500000 	cmp	r0, #0
    1a48:	1a0001df 	bne	0x21cc
    1a4c:	e5943030 	ldr	r3, [r4, #48]	@ 0x30
    1a50:	e5843030 	str	r3, [r4, #48]	@ 0x30
    1a54:	e59f0708 	ldr	r0, [pc, #1800]	@ 0x2164
    1a58:	ea0001d6 	b	0x21b8
    1a5c:	e0803002 	add	r3, r0, r2
    1a60:	e0216000 	eor	r6, r1, r0
    1a64:	e3160003 	tst	r6, #3
    1a68:	1a000139 	bne	0x1f54
    1a6c:	e3100003 	tst	r0, #3
    1a70:	1a000001 	bne	0x1a7c
    1a74:	e1a06000 	mov	r6, r0
    1a78:	ea000019 	b	0x1ae4
    1a7c:	e3520000 	cmp	r2, #0
    1a80:	1a000001 	bne	0x1a8c
    1a84:	e1a06000 	mov	r6, r0
    1a88:	ea000015 	b	0x1ae4
    1a8c:	e1a06000 	mov	r6, r0
    1a90:	e1a09001 	mov	r9, r1
    1a94:	e5958030 	ldr	r8, [r5, #48]	@ 0x30
    1a98:	e3e0c4fe 	mvn	ip, #-33554432	@ 0xfe000000
    1a9c:	e3ccc8fe 	bic	ip, ip, #16646144	@ 0xfe0000
    1aa0:	e159000c 	cmp	r9, ip
    1aa4:	8a0001c5 	bhi	0x21c0
    1aa8:	e7d87009 	ldrb	r7, [r8, r9]
    1aac:	e1a09006 	mov	r9, r6
    1ab0:	e5958030 	ldr	r8, [r5, #48]	@ 0x30
    1ab4:	e3e0c4fe 	mvn	ip, #-33554432	@ 0xfe000000
    1ab8:	e3ccc8fe 	bic	ip, ip, #16646144	@ 0xfe0000
    1abc:	e159000c 	cmp	r9, ip
    1ac0:	8a0001be 	bhi	0x21c0
    1ac4:	e7c87009 	strb	r7, [r8, r9]
    1ac8:	e2811001 	add	r1, r1, #1
    1acc:	e2867001 	add	r7, r6, #1
    1ad0:	e1a06007 	mov	r6, r7
    1ad4:	e3170003 	tst	r7, #3
    1ad8:	0a000001 	beq	0x1ae4
    1adc:	e1560003 	cmp	r6, r3
    1ae0:	3affffea 	bcc	0x1a90
    1ae4:	e3c37003 	bic	r7, r3, #3
    1ae8:	e3530040 	cmp	r3, #64	@ 0x40
    1aec:	3a000104 	bcc	0x1f04
    1af0:	e2478040 	sub	r8, r7, #64	@ 0x40
    1af4:	e1a09008 	mov	r9, r8
    1af8:	e1560008 	cmp	r6, r8
    1afc:	8a000100 	bhi	0x1f04
    1b00:	e1a0b001 	mov	fp, r1
    1b04:	e595a030 	ldr	sl, [r5, #48]	@ 0x30
    1b08:	e59fc5e4 	ldr	ip, [pc, #1508]	@ 0x20f4
    1b0c:	e15b000c 	cmp	fp, ip
    1b10:	8a0001aa 	bhi	0x21c0
    1b14:	e79a800b 	ldr	r8, [sl, fp]
    1b18:	e1a0b006 	mov	fp, r6
    1b1c:	e595a030 	ldr	sl, [r5, #48]	@ 0x30
    1b20:	e59fc5cc 	ldr	ip, [pc, #1484]	@ 0x20f4
    1b24:	e15b000c 	cmp	fp, ip
    1b28:	8a0001a4 	bhi	0x21c0
    1b2c:	e78a800b 	str	r8, [sl, fp]
    1b30:	e1a0b001 	mov	fp, r1
    1b34:	e595a030 	ldr	sl, [r5, #48]	@ 0x30
    1b38:	e29bb004 	adds	fp, fp, #4
    1b3c:	2a00019f 	bcs	0x21c0
    1b40:	e59fc5ac 	ldr	ip, [pc, #1452]	@ 0x20f4
    1b44:	e15b000c 	cmp	fp, ip
    1b48:	8a00019c 	bhi	0x21c0
    1b4c:	e79a800b 	ldr	r8, [sl, fp]
    1b50:	e1a0b006 	mov	fp, r6
    1b54:	e595a030 	ldr	sl, [r5, #48]	@ 0x30
    1b58:	e29bb004 	adds	fp, fp, #4
    1b5c:	2a000197 	bcs	0x21c0
    1b60:	e59fc58c 	ldr	ip, [pc, #1420]	@ 0x20f4
    1b64:	e15b000c 	cmp	fp, ip
    1b68:	8a000194 	bhi	0x21c0
    1b6c:	e78a800b 	str	r8, [sl, fp]
    1b70:	e1a0b001 	mov	fp, r1
    1b74:	e595a030 	ldr	sl, [r5, #48]	@ 0x30
    1b78:	e29bb008 	adds	fp, fp, #8
    1b7c:	2a00018f 	bcs	0x21c0
    1b80:	e59fc56c 	ldr	ip, [pc, #1388]	@ 0x20f4
    1b84:	e15b000c 	cmp	fp, ip
    1b88:	8a00018c 	bhi	0x21c0
    1b8c:	e79a800b 	ldr	r8, [sl, fp]
    1b90:	e1a0b006 	mov	fp, r6
    1b94:	e595a030 	ldr	sl, [r5, #48]	@ 0x30
    1b98:	e29bb008 	adds	fp, fp, #8
    1b9c:	2a000187 	bcs	0x21c0
    1ba0:	e59fc54c 	ldr	ip, [pc, #1356]	@ 0x20f4
    1ba4:	e15b000c 	cmp	fp, ip
    1ba8:	8a000184 	bhi	0x21c0
    1bac:	e78a800b 	str	r8, [sl, fp]
    1bb0:	e1a0b001 	mov	fp, r1
    1bb4:	e595a030 	ldr	sl, [r5, #48]	@ 0x30
    1bb8:	e29bb00c 	adds	fp, fp, #12
    1bbc:	2a00017f 	bcs	0x21c0
    1bc0:	e59fc52c 	ldr	ip, [pc, #1324]	@ 0x20f4
    1bc4:	e15b000c 	cmp	fp, ip
    1bc8:	8a00017c 	bhi	0x21c0
    1bcc:	e79a800b 	ldr	r8, [sl, fp]
    1bd0:	e1a0b006 	mov	fp, r6
    1bd4:	e595a030 	ldr	sl, [r5, #48]	@ 0x30
    1bd8:	e29bb00c 	adds	fp, fp, #12
    1bdc:	2a000177 	bcs	0x21c0
    1be0:	e59fc50c 	ldr	ip, [pc, #1292]	@ 0x20f4
    1be4:	e15b000c 	cmp	fp, ip
    1be8:	8a000174 	bhi	0x21c0
    1bec:	e78a800b 	str	r8, [sl, fp]
    1bf0:	e1a0b001 	mov	fp, r1
    1bf4:	e595a030 	ldr	sl, [r5, #48]	@ 0x30
    1bf8:	e29bb010 	adds	fp, fp, #16
    1bfc:	2a00016f 	bcs	0x21c0
    1c00:	e59fc4ec 	ldr	ip, [pc, #1260]	@ 0x20f4
    1c04:	e15b000c 	cmp	fp, ip
    1c08:	8a00016c 	bhi	0x21c0
    1c0c:	e79a800b 	ldr	r8, [sl, fp]
    1c10:	e1a0b006 	mov	fp, r6
    1c14:	e595a030 	ldr	sl, [r5, #48]	@ 0x30
    1c18:	e29bb010 	adds	fp, fp, #16
    1c1c:	2a000167 	bcs	0x21c0
    1c20:	e59fc4cc 	ldr	ip, [pc, #1228]	@ 0x20f4
    1c24:	e15b000c 	cmp	fp, ip
    1c28:	8a000164 	bhi	0x21c0
    1c2c:	e78a800b 	str	r8, [sl, fp]
    1c30:	e1a0b001 	mov	fp, r1
    1c34:	e595a030 	ldr	sl, [r5, #48]	@ 0x30
    1c38:	e29bb014 	adds	fp, fp, #20
    1c3c:	2a00015f 	bcs	0x21c0
    1c40:	e59fc4ac 	ldr	ip, [pc, #1196]	@ 0x20f4
    1c44:	e15b000c 	cmp	fp, ip
    1c48:	8a00015c 	bhi	0x21c0
    1c4c:	e79a800b 	ldr	r8, [sl, fp]
    1c50:	e1a0b006 	mov	fp, r6
    1c54:	e595a030 	ldr	sl, [r5, #48]	@ 0x30
    1c58:	e29bb014 	adds	fp, fp, #20
    1c5c:	2a000157 	bcs	0x21c0
    1c60:	e59fc48c 	ldr	ip, [pc, #1164]	@ 0x20f4
    1c64:	e15b000c 	cmp	fp, ip
    1c68:	8a000154 	bhi	0x21c0
    1c6c:	e78a800b 	str	r8, [sl, fp]
    1c70:	e1a0b001 	mov	fp, r1
    1c74:	e595a030 	ldr	sl, [r5, #48]	@ 0x30
    1c78:	e29bb018 	adds	fp, fp, #24
    1c7c:	2a00014f 	bcs	0x21c0
    1c80:	e59fc46c 	ldr	ip, [pc, #1132]	@ 0x20f4
    1c84:	e15b000c 	cmp	fp, ip
    1c88:	8a00014c 	bhi	0x21c0
    1c8c:	e79a800b 	ldr	r8, [sl, fp]
    1c90:	e1a0b006 	mov	fp, r6
    1c94:	e595a030 	ldr	sl, [r5, #48]	@ 0x30
    1c98:	e29bb018 	adds	fp, fp, #24
    1c9c:	2a000147 	bcs	0x21c0
    1ca0:	e59fc44c 	ldr	ip, [pc, #1100]	@ 0x20f4
    1ca4:	e15b000c 	cmp	fp, ip
    1ca8:	8a000144 	bhi	0x21c0
    1cac:	e78a800b 	str	r8, [sl, fp]
    1cb0:	e1a0b001 	mov	fp, r1
    1cb4:	e595a030 	ldr	sl, [r5, #48]	@ 0x30
    1cb8:	e29bb01c 	adds	fp, fp, #28
    1cbc:	2a00013f 	bcs	0x21c0
    1cc0:	e59fc42c 	ldr	ip, [pc, #1068]	@ 0x20f4
    1cc4:	e15b000c 	cmp	fp, ip
    1cc8:	8a00013c 	bhi	0x21c0
    1ccc:	e79a800b 	ldr	r8, [sl, fp]
    1cd0:	e1a0b006 	mov	fp, r6
    1cd4:	e595a030 	ldr	sl, [r5, #48]	@ 0x30
    1cd8:	e29bb01c 	adds	fp, fp, #28
    1cdc:	2a000137 	bcs	0x21c0
    1ce0:	e59fc40c 	ldr	ip, [pc, #1036]	@ 0x20f4
    1ce4:	e15b000c 	cmp	fp, ip
    1ce8:	8a000134 	bhi	0x21c0
    1cec:	e78a800b 	str	r8, [sl, fp]
    1cf0:	e1a0b001 	mov	fp, r1
    1cf4:	e595a030 	ldr	sl, [r5, #48]	@ 0x30
    1cf8:	e29bb020 	adds	fp, fp, #32
    1cfc:	2a00012f 	bcs	0x21c0
    1d00:	e59fc3ec 	ldr	ip, [pc, #1004]	@ 0x20f4
    1d04:	e15b000c 	cmp	fp, ip
    1d08:	8a00012c 	bhi	0x21c0
    1d0c:	e79a800b 	ldr	r8, [sl, fp]
    1d10:	e1a0b006 	mov	fp, r6
    1d14:	e595a030 	ldr	sl, [r5, #48]	@ 0x30
    1d18:	e29bb020 	adds	fp, fp, #32
    1d1c:	2a000127 	bcs	0x21c0
    1d20:	e59fc3cc 	ldr	ip, [pc, #972]	@ 0x20f4
    1d24:	e15b000c 	cmp	fp, ip
    1d28:	8a000124 	bhi	0x21c0
    1d2c:	e78a800b 	str	r8, [sl, fp]
    1d30:	e1a0b001 	mov	fp, r1
    1d34:	e595a030 	ldr	sl, [r5, #48]	@ 0x30
    1d38:	e29bb024 	adds	fp, fp, #36	@ 0x24
    1d3c:	2a00011f 	bcs	0x21c0
    1d40:	e59fc3ac 	ldr	ip, [pc, #940]	@ 0x20f4
    1d44:	e15b000c 	cmp	fp, ip
    1d48:	8a00011c 	bhi	0x21c0
    1d4c:	e79a800b 	ldr	r8, [sl, fp]
    1d50:	e1a0b006 	mov	fp, r6
    1d54:	e595a030 	ldr	sl, [r5, #48]	@ 0x30
    1d58:	e29bb024 	adds	fp, fp, #36	@ 0x24
    1d5c:	2a000117 	bcs	0x21c0
    1d60:	e59fc38c 	ldr	ip, [pc, #908]	@ 0x20f4
    1d64:	e15b000c 	cmp	fp, ip
    1d68:	8a000114 	bhi	0x21c0
    1d6c:	e78a800b 	str	r8, [sl, fp]
    1d70:	e1a0b001 	mov	fp, r1
    1d74:	e595a030 	ldr	sl, [r5, #48]	@ 0x30
    1d78:	e29bb028 	adds	fp, fp, #40	@ 0x28
    1d7c:	2a00010f 	bcs	0x21c0
    1d80:	e59fc36c 	ldr	ip, [pc, #876]	@ 0x20f4
    1d84:	e15b000c 	cmp	fp, ip
    1d88:	8a00010c 	bhi	0x21c0
    1d8c:	e79a800b 	ldr	r8, [sl, fp]
    1d90:	e1a0b006 	mov	fp, r6
    1d94:	e595a030 	ldr	sl, [r5, #48]	@ 0x30
    1d98:	e29bb028 	adds	fp, fp, #40	@ 0x28
    1d9c:	2a000107 	bcs	0x21c0
    1da0:	e59fc34c 	ldr	ip, [pc, #844]	@ 0x20f4
    1da4:	e15b000c 	cmp	fp, ip
    1da8:	8a000104 	bhi	0x21c0
    1dac:	e78a800b 	str	r8, [sl, fp]
    1db0:	e1a0b001 	mov	fp, r1
    1db4:	e595a030 	ldr	sl, [r5, #48]	@ 0x30
    1db8:	e29bb02c 	adds	fp, fp, #44	@ 0x2c
    1dbc:	2a0000ff 	bcs	0x21c0
    1dc0:	e59fc32c 	ldr	ip, [pc, #812]	@ 0x20f4
    1dc4:	e15b000c 	cmp	fp, ip
    1dc8:	8a0000fc 	bhi	0x21c0
    1dcc:	e79a800b 	ldr	r8, [sl, fp]
    1dd0:	e1a0b006 	mov	fp, r6
    1dd4:	e595a030 	ldr	sl, [r5, #48]	@ 0x30
    1dd8:	e29bb02c 	adds	fp, fp, #44	@ 0x2c
    1ddc:	2a0000f7 	bcs	0x21c0
    1de0:	e59fc30c 	ldr	ip, [pc, #780]	@ 0x20f4
    1de4:	e15b000c 	cmp	fp, ip
    1de8:	8a0000f4 	bhi	0x21c0
    1dec:	e78a800b 	str	r8, [sl, fp]
    1df0:	e1a0b001 	mov	fp, r1
    1df4:	e595a030 	ldr	sl, [r5, #48]	@ 0x30
    1df8:	e29bb030 	adds	fp, fp, #48	@ 0x30
    1dfc:	2a0000ef 	bcs	0x21c0
    1e00:	e59fc2ec 	ldr	ip, [pc, #748]	@ 0x20f4
    1e04:	e15b000c 	cmp	fp, ip
    1e08:	8a0000ec 	bhi	0x21c0
    1e0c:	e79a800b 	ldr	r8, [sl, fp]
    1e10:	e1a0b006 	mov	fp, r6
    1e14:	e595a030 	ldr	sl, [r5, #48]	@ 0x30
    1e18:	e29bb030 	adds	fp, fp, #48	@ 0x30
    1e1c:	2a0000e7 	bcs	0x21c0
    1e20:	e59fc2cc 	ldr	ip, [pc, #716]	@ 0x20f4
    1e24:	e15b000c 	cmp	fp, ip
    1e28:	8a0000e4 	bhi	0x21c0
    1e2c:	e78a800b 	str	r8, [sl, fp]
    1e30:	e1a0b001 	mov	fp, r1
    1e34:	e595a030 	ldr	sl, [r5, #48]	@ 0x30
    1e38:	e29bb034 	adds	fp, fp, #52	@ 0x34
    1e3c:	2a0000df 	bcs	0x21c0
    1e40:	e59fc2ac 	ldr	ip, [pc, #684]	@ 0x20f4
    1e44:	e15b000c 	cmp	fp, ip
    1e48:	8a0000dc 	bhi	0x21c0
    1e4c:	e79a800b 	ldr	r8, [sl, fp]
    1e50:	e1a0b006 	mov	fp, r6
    1e54:	e595a030 	ldr	sl, [r5, #48]	@ 0x30
    1e58:	e29bb034 	adds	fp, fp, #52	@ 0x34
    1e5c:	2a0000d7 	bcs	0x21c0
    1e60:	e59fc28c 	ldr	ip, [pc, #652]	@ 0x20f4
    1e64:	e15b000c 	cmp	fp, ip
    1e68:	8a0000d4 	bhi	0x21c0
    1e6c:	e78a800b 	str	r8, [sl, fp]
    1e70:	e1a0b001 	mov	fp, r1
    1e74:	e595a030 	ldr	sl, [r5, #48]	@ 0x30
    1e78:	e29bb038 	adds	fp, fp, #56	@ 0x38
    1e7c:	2a0000cf 	bcs	0x21c0
    1e80:	e59fc26c 	ldr	ip, [pc, #620]	@ 0x20f4
    1e84:	e15b000c 	cmp	fp, ip
    1e88:	8a0000cc 	bhi	0x21c0
    1e8c:	e79a800b 	ldr	r8, [sl, fp]
    1e90:	e1a0b006 	mov	fp, r6
    1e94:	e595a030 	ldr	sl, [r5, #48]	@ 0x30
    1e98:	e29bb038 	adds	fp, fp, #56	@ 0x38
    1e9c:	2a0000c7 	bcs	0x21c0
    1ea0:	e59fc24c 	ldr	ip, [pc, #588]	@ 0x20f4
    1ea4:	e15b000c 	cmp	fp, ip
    1ea8:	8a0000c4 	bhi	0x21c0
    1eac:	e78a800b 	str	r8, [sl, fp]
    1eb0:	e1a0b001 	mov	fp, r1
    1eb4:	e595a030 	ldr	sl, [r5, #48]	@ 0x30
    1eb8:	e29bb03c 	adds	fp, fp, #60	@ 0x3c
    1ebc:	2a0000bf 	bcs	0x21c0
    1ec0:	e59fc22c 	ldr	ip, [pc, #556]	@ 0x20f4
    1ec4:	e15b000c 	cmp	fp, ip
    1ec8:	8a0000bc 	bhi	0x21c0
    1ecc:	e79a800b 	ldr	r8, [sl, fp]
    1ed0:	e1a0b006 	mov	fp, r6
    1ed4:	e595a030 	ldr	sl, [r5, #48]	@ 0x30
    1ed8:	e29bb03c 	adds	fp, fp, #60	@ 0x3c
    1edc:	2a0000b7 	bcs	0x21c0
    1ee0:	e59fc20c 	ldr	ip, [pc, #524]	@ 0x20f4
    1ee4:	e15b000c 	cmp	fp, ip
    1ee8:	8a0000b4 	bhi	0x21c0
    1eec:	e78a800b 	str	r8, [sl, fp]
    1ef0:	e2811040 	add	r1, r1, #64	@ 0x40
    1ef4:	e2868040 	add	r8, r6, #64	@ 0x40
    1ef8:	e1a06008 	mov	r6, r8
    1efc:	e1580009 	cmp	r8, r9
    1f00:	9afffefe 	bls	0x1b00
    1f04:	e1560007 	cmp	r6, r7
    1f08:	2a000064 	bcs	0x20a0
    1f0c:	e1a0a001 	mov	sl, r1
    1f10:	e5959030 	ldr	r9, [r5, #48]	@ 0x30
    1f14:	e59fc1d8 	ldr	ip, [pc, #472]	@ 0x20f4
    1f18:	e15a000c 	cmp	sl, ip
    1f1c:	8a0000a7 	bhi	0x21c0
    1f20:	e799800a 	ldr	r8, [r9, sl]
    1f24:	e1a0a006 	mov	sl, r6
    1f28:	e5959030 	ldr	r9, [r5, #48]	@ 0x30
    1f2c:	e59fc1c0 	ldr	ip, [pc, #448]	@ 0x20f4
    1f30:	e15a000c 	cmp	sl, ip
    1f34:	8a0000a1 	bhi	0x21c0
    1f38:	e789800a 	str	r8, [r9, sl]
    1f3c:	e2811004 	add	r1, r1, #4
    1f40:	e2868004 	add	r8, r6, #4
    1f44:	e1a06008 	mov	r6, r8
    1f48:	e1580007 	cmp	r8, r7
    1f4c:	3affffee 	bcc	0x1f0c
    1f50:	ea000052 	b	0x20a0
    1f54:	e3530004 	cmp	r3, #4
    1f58:	2a000001 	bcs	0x1f64
    1f5c:	e1a06000 	mov	r6, r0
    1f60:	ea00004e 	b	0x20a0
    1f64:	e3520004 	cmp	r2, #4
    1f68:	2a000001 	bcs	0x1f74
    1f6c:	e1a06000 	mov	r6, r0
    1f70:	ea00004a 	b	0x20a0
    1f74:	e2432004 	sub	r2, r3, #4
    1f78:	e1a06000 	mov	r6, r0
    1f7c:	e1a09001 	mov	r9, r1
    1f80:	e5958030 	ldr	r8, [r5, #48]	@ 0x30
    1f84:	e3e0c4fe 	mvn	ip, #-33554432	@ 0xfe000000
    1f88:	e3ccc8fe 	bic	ip, ip, #16646144	@ 0xfe0000
    1f8c:	e159000c 	cmp	r9, ip
    1f90:	8a00008a 	bhi	0x21c0
    1f94:	e7d87009 	ldrb	r7, [r8, r9]
    1f98:	e1a09006 	mov	r9, r6
    1f9c:	e5958030 	ldr	r8, [r5, #48]	@ 0x30
    1fa0:	e3e0c4fe 	mvn	ip, #-33554432	@ 0xfe000000
    1fa4:	e3ccc8fe 	bic	ip, ip, #16646144	@ 0xfe0000
    1fa8:	e159000c 	cmp	r9, ip
    1fac:	8a000083 	bhi	0x21c0
    1fb0:	e7c87009 	strb	r7, [r8, r9]
    1fb4:	e1a09001 	mov	r9, r1
    1fb8:	e5958030 	ldr	r8, [r5, #48]	@ 0x30
    1fbc:	e2999001 	adds	r9, r9, #1
    1fc0:	2a00007e 	bcs	0x21c0
    1fc4:	e3e0c4fe 	mvn	ip, #-33554432	@ 0xfe000000
    1fc8:	e3ccc8fe 	bic	ip, ip, #16646144	@ 0xfe0000
    1fcc:	e159000c 	cmp	r9, ip
    1fd0:	8a00007a 	bhi	0x21c0
    1fd4:	e7d87009 	ldrb	r7, [r8, r9]
    1fd8:	e1a09006 	mov	r9, r6
    1fdc:	e5958030 	ldr	r8, [r5, #48]	@ 0x30
    1fe0:	e2999001 	adds	r9, r9, #1
    1fe4:	2a000075 	bcs	0x21c0
    1fe8:	e3e0c4fe 	mvn	ip, #-33554432	@ 0xfe000000
    1fec:	e3ccc8fe 	bic	ip, ip, #16646144	@ 0xfe0000
    1ff0:	e159000c 	cmp	r9, ip
    1ff4:	8a000071 	bhi	0x21c0
    1ff8:	e7c87009 	strb	r7, [r8, r9]
    1ffc:	e1a09001 	mov	r9, r1
    2000:	e5958030 	ldr	r8, [r5, #48]	@ 0x30
    2004:	e2999002 	adds	r9, r9, #2
    2008:	2a00006c 	bcs	0x21c0
    200c:	e3e0c4fe 	mvn	ip, #-33554432	@ 0xfe000000
    2010:	e3ccc8fe 	bic	ip, ip, #16646144	@ 0xfe0000
    2014:	e159000c 	cmp	r9, ip
    2018:	8a000068 	bhi	0x21c0
    201c:	e7d87009 	ldrb	r7, [r8, r9]
    2020:	e1a09006 	mov	r9, r6
    2024:	e5958030 	ldr	r8, [r5, #48]	@ 0x30
    2028:	e2999002 	adds	r9, r9, #2
    202c:	2a000063 	bcs	0x21c0
    2030:	e3e0c4fe 	mvn	ip, #-33554432	@ 0xfe000000
    2034:	e3ccc8fe 	bic	ip, ip, #16646144	@ 0xfe0000
    2038:	e159000c 	cmp	r9, ip
    203c:	8a00005f 	bhi	0x21c0
    2040:	e7c87009 	strb	r7, [r8, r9]
    2044:	e1a09001 	mov	r9, r1
    2048:	e5958030 	ldr	r8, [r5, #48]	@ 0x30
    204c:	e2999003 	adds	r9, r9, #3
    2050:	2a00005a 	bcs	0x21c0
    2054:	e3e0c4fe 	mvn	ip, #-33554432	@ 0xfe000000
    2058:	e3ccc8fe 	bic	ip, ip, #16646144	@ 0xfe0000
    205c:	e159000c 	cmp	r9, ip
    2060:	8a000056 	bhi	0x21c0
    2064:	e7d87009 	ldrb	r7, [r8, r9]
    2068:	e1a09006 	mov	r9, r6
    206c:	e5958030 	ldr	r8, [r5, #48]	@ 0x30
    2070:	e2999003 	adds	r9, r9, #3
    2074:	2a000051 	bcs	0x21c0
    2078:	e3e0c4fe 	mvn	ip, #-33554432	@ 0xfe000000
    207c:	e3ccc8fe 	bic	ip, ip, #16646144	@ 0xfe0000
    2080:	e159000c 	cmp	r9, ip
    2084:	8a00004d 	bhi	0x21c0
    2088:	e7c87009 	strb	r7, [r8, r9]
    208c:	e2811004 	add	r1, r1, #4
    2090:	e2867004 	add	r7, r6, #4
    2094:	e1a06007 	mov	r6, r7
    2098:	e1570002 	cmp	r7, r2
    209c:	9affffb6 	bls	0x1f7c
    20a0:	e1560003 	cmp	r6, r3
    20a4:	2a00003e 	bcs	0x21a4
    20a8:	e1a08001 	mov	r8, r1
    20ac:	e5957030 	ldr	r7, [r5, #48]	@ 0x30
    20b0:	e3e0c4fe 	mvn	ip, #-33554432	@ 0xfe000000
    20b4:	e3ccc8fe 	bic	ip, ip, #16646144	@ 0xfe0000
    20b8:	ea00002a 	b	0x2168
	...
    20d8:	000487b4 			@ <UNDEFINED> instruction: 0x000487b4
    20dc:	003f3564 	eorseq	r3, pc, r4, ror #10
    20e0:	000487b4 			@ <UNDEFINED> instruction: 0x000487b4
    20e4:	00047eac 	andeq	r7, r4, ip, lsr #29
    20e8:	003f2d10 	eorseq	r2, pc, r0, lsl sp	@ <UNPREDICTABLE>
    20ec:	000487b4 			@ <UNDEFINED> instruction: 0x000487b4
    20f0:	00047eac 	andeq	r7, r4, ip, lsr #29
    20f4:	0101fffc 	strdeq	pc, [r1, -ip]
    20f8:	003fa058 	eorseq	sl, pc, r8, asr r0	@ <UNPREDICTABLE>
    20fc:	000487b4 			@ <UNDEFINED> instruction: 0x000487b4
    2100:	003fa094 	mlaseq	pc, r4, r0, sl	@ <UNPREDICTABLE>
    2104:	00047eac 	andeq	r7, r4, ip, lsr #29
    2108:	003f70e8 	eorseq	r7, pc, r8, ror #1
    210c:	4c957f2d 	ldcmi	15, cr7, [r5], {45}	@ 0x2d
    2110:	5851f42d 	ldmdapl	r1, {r0, r2, r3, r5, sl, ip, sp, lr, pc}^
    2114:	003fb534 	eorseq	fp, pc, r4, lsr r5	@ <UNPREDICTABLE>
    2118:	000487b4 			@ <UNDEFINED> instruction: 0x000487b4
    211c:	003fb54c 	eorseq	fp, pc, ip, asr #10
    2120:	000487b4 			@ <UNDEFINED> instruction: 0x000487b4
    2124:	003fb6fc 	ldrshteq	fp, [pc], -ip
    2128:	000487b4 			@ <UNDEFINED> instruction: 0x000487b4
    212c:	003fb714 	eorseq	fp, pc, r4, lsl r7	@ <UNPREDICTABLE>
    2130:	000487b4 			@ <UNDEFINED> instruction: 0x000487b4
    2134:	0101fff8 	strdeq	pc, [r1, -r8]
    2138:	003fb854 	eorseq	fp, pc, r4, asr r8	@ <UNPREDICTABLE>
    213c:	00047eac 	andeq	r7, r4, ip, lsr #29
    2140:	003f7b8c 	eorseq	r7, pc, ip, lsl #23
    2144:	003f7060 	eorseq	r7, pc, r0, rrx
    2148:	003f7c1c 	eorseq	r7, pc, ip, lsl ip	@ <UNPREDICTABLE>
    214c:	003f9898 	mlaseq	pc, r8, r8, r9	@ <UNPREDICTABLE>
    2150:	003f6e2c 	eorseq	r6, pc, ip, lsr #28
    2154:	00049988 	andeq	r9, r4, r8, lsl #19
    2158:	003f6e7c 	eorseq	r6, pc, ip, ror lr	@ <UNPREDICTABLE>
    215c:	00047eac 	andeq	r7, r4, ip, lsr #29
    2160:	000487b4 			@ <UNDEFINED> instruction: 0x000487b4
    2164:	003fc7ac 	eorseq	ip, pc, ip, lsr #15
    2168:	e158000c 	cmp	r8, ip
    216c:	8a000013 	bhi	0x21c0
    2170:	e7d72008 	ldrb	r2, [r7, r8]
    2174:	e1a08006 	mov	r8, r6
    2178:	e5957030 	ldr	r7, [r5, #48]	@ 0x30
    217c:	e3e0c4fe 	mvn	ip, #-33554432	@ 0xfe000000
    2180:	e3ccc8fe 	bic	ip, ip, #16646144	@ 0xfe0000
    2184:	e158000c 	cmp	r8, ip
    2188:	8a00000c 	bhi	0x21c0
    218c:	e7c72008 	strb	r2, [r7, r8]
    2190:	e2811001 	add	r1, r1, #1
    2194:	e2862001 	add	r2, r6, #1
    2198:	e1a06002 	mov	r6, r2
    219c:	e1520003 	cmp	r2, r3
    21a0:	1affffc0 	bne	0x20a8
    21a4:	e5840000 	str	r0, [r4]
    21a8:	e3a009ff 	mov	r0, #4177920	@ 0x3fc000
    21ac:	e3800ecb 	orr	r0, r0, #3248	@ 0xcb0
    21b0:	e30ccabc 	movw	ip, #51900	@ 0xcabc
    21b4:	e34ccdef 	movt	ip, #52719	@ 0xcdef
    21b8:	e28dd004 	add	sp, sp, #4
    21bc:	e8bd8fc0 	pop	{r6, r7, r8, r9, sl, fp, pc}
    21c0:	e3a00008 	mov	r0, #8
    21c4:	e59d1000 	ldr	r1, [sp]
    21c8:	e5810010 	str	r0, [r1, #16]
    21cc:	e59d0000 	ldr	r0, [sp]
    21d0:	e59d101c 	ldr	r1, [sp, #28]
    21d4:	e59fcf7c 	ldr	ip, [pc, #3964]	@ 0x3158
    21d8:	e12fff3c 	blx	ip
    21dc:	e28dd004 	add	sp, sp, #4
    21e0:	e8bd0fc0 	pop	{r6, r7, r8, r9, sl, fp}
    21e4:	e28dd004 	add	sp, sp, #4
    21e8:	e12fff10 	bx	r0
    21ec:	e92d43c0 	push	{r6, r7, r8, r9, lr}
    21f0:	e24dd004 	sub	sp, sp, #4
    21f4:	e58d0000 	str	r0, [sp]
    21f8:	e30cc123 	movw	ip, #49443	@ 0xc123
    21fc:	e34cc456 	movt	ip, #50262	@ 0xc456
    2200:	e5942000 	ldr	r2, [r4]
    2204:	e5940004 	ldr	r0, [r4, #4]
    2208:	e5941008 	ldr	r1, [r4, #8]
    220c:	e3510000 	cmp	r1, #0
    2210:	0a0000ef 	beq	0x25d4
    2214:	e1a06002 	mov	r6, r2
    2218:	e5953030 	ldr	r3, [r5, #48]	@ 0x30
    221c:	e3e0c4fe 	mvn	ip, #-33554432	@ 0xfe000000
    2220:	e3ccc8fe 	bic	ip, ip, #16646144	@ 0xfe0000
    2224:	e156000c 	cmp	r6, ip
    2228:	8a0000ef 	bhi	0x25ec
    222c:	e7c30006 	strb	r0, [r3, r6]
    2230:	e0823001 	add	r3, r2, r1
    2234:	e1a06003 	mov	r6, r3
    2238:	e2433001 	sub	r3, r3, #1
    223c:	e5957030 	ldr	r7, [r5, #48]	@ 0x30
    2240:	e3e0c4fe 	mvn	ip, #-33554432	@ 0xfe000000
    2244:	e3ccc8fe 	bic	ip, ip, #16646144	@ 0xfe0000
    2248:	e153000c 	cmp	r3, ip
    224c:	8a0000e6 	bhi	0x25ec
    2250:	e7c70003 	strb	r0, [r7, r3]
    2254:	e3510003 	cmp	r1, #3
    2258:	3a0000dd 	bcc	0x25d4
    225c:	e1a07002 	mov	r7, r2
    2260:	e5953030 	ldr	r3, [r5, #48]	@ 0x30
    2264:	e2977002 	adds	r7, r7, #2
    2268:	2a0000df 	bcs	0x25ec
    226c:	e3e0c4fe 	mvn	ip, #-33554432	@ 0xfe000000
    2270:	e3ccc8fe 	bic	ip, ip, #16646144	@ 0xfe0000
    2274:	e157000c 	cmp	r7, ip
    2278:	8a0000db 	bhi	0x25ec
    227c:	e7c30007 	strb	r0, [r3, r7]
    2280:	e1a07002 	mov	r7, r2
    2284:	e5953030 	ldr	r3, [r5, #48]	@ 0x30
    2288:	e2977001 	adds	r7, r7, #1
    228c:	2a0000d6 	bcs	0x25ec
    2290:	e3e0c4fe 	mvn	ip, #-33554432	@ 0xfe000000
    2294:	e3ccc8fe 	bic	ip, ip, #16646144	@ 0xfe0000
    2298:	e157000c 	cmp	r7, ip
    229c:	8a0000d2 	bhi	0x25ec
    22a0:	e7c30007 	strb	r0, [r3, r7]
    22a4:	e2463003 	sub	r3, r6, #3
    22a8:	e5957030 	ldr	r7, [r5, #48]	@ 0x30
    22ac:	e3e0c4fe 	mvn	ip, #-33554432	@ 0xfe000000
    22b0:	e3ccc8fe 	bic	ip, ip, #16646144	@ 0xfe0000
    22b4:	e153000c 	cmp	r3, ip
    22b8:	8a0000cb 	bhi	0x25ec
    22bc:	e7c70003 	strb	r0, [r7, r3]
    22c0:	e2463002 	sub	r3, r6, #2
    22c4:	e5957030 	ldr	r7, [r5, #48]	@ 0x30
    22c8:	e3e0c4fe 	mvn	ip, #-33554432	@ 0xfe000000
    22cc:	e3ccc8fe 	bic	ip, ip, #16646144	@ 0xfe0000
    22d0:	e153000c 	cmp	r3, ip
    22d4:	8a0000c4 	bhi	0x25ec
    22d8:	e7c70003 	strb	r0, [r7, r3]
    22dc:	e3510007 	cmp	r1, #7
    22e0:	3a0000bb 	bcc	0x25d4
    22e4:	e1a07002 	mov	r7, r2
    22e8:	e5953030 	ldr	r3, [r5, #48]	@ 0x30
    22ec:	e2977003 	adds	r7, r7, #3
    22f0:	2a0000bd 	bcs	0x25ec
    22f4:	e3e0c4fe 	mvn	ip, #-33554432	@ 0xfe000000
    22f8:	e3ccc8fe 	bic	ip, ip, #16646144	@ 0xfe0000
    22fc:	e157000c 	cmp	r7, ip
    2300:	8a0000b9 	bhi	0x25ec
    2304:	e7c30007 	strb	r0, [r3, r7]
    2308:	e2466004 	sub	r6, r6, #4
    230c:	e5953030 	ldr	r3, [r5, #48]	@ 0x30
    2310:	e3e0c4fe 	mvn	ip, #-33554432	@ 0xfe000000
    2314:	e3ccc8fe 	bic	ip, ip, #16646144	@ 0xfe0000
    2318:	e156000c 	cmp	r6, ip
    231c:	8a0000b2 	bhi	0x25ec
    2320:	e7c30006 	strb	r0, [r3, r6]
    2324:	e3510009 	cmp	r1, #9
    2328:	3a0000a9 	bcc	0x25d4
    232c:	e2623000 	rsb	r3, r2, #0
    2330:	e2033003 	and	r3, r3, #3
    2334:	e1a06003 	mov	r6, r3
    2338:	e0823003 	add	r3, r2, r3
    233c:	e1a07003 	mov	r7, r3
    2340:	e20000ff 	and	r0, r0, #255	@ 0xff
    2344:	e59fce10 	ldr	ip, [pc, #3600]	@ 0x315c
    2348:	e0000c90 	mul	r0, r0, ip
    234c:	e1a08000 	mov	r8, r0
    2350:	e5959030 	ldr	r9, [r5, #48]	@ 0x30
    2354:	e59fce04 	ldr	ip, [pc, #3588]	@ 0x3160
    2358:	e153000c 	cmp	r3, ip
    235c:	8a0000a2 	bhi	0x25ec
    2360:	e7890003 	str	r0, [r9, r3]
    2364:	e0411006 	sub	r1, r1, r6
    2368:	e3c11003 	bic	r1, r1, #3
    236c:	e1a00001 	mov	r0, r1
    2370:	e0871001 	add	r1, r7, r1
    2374:	e1a03001 	mov	r3, r1
    2378:	e2411004 	sub	r1, r1, #4
    237c:	e5956030 	ldr	r6, [r5, #48]	@ 0x30
    2380:	e59fcdd8 	ldr	ip, [pc, #3544]	@ 0x3160
    2384:	e151000c 	cmp	r1, ip
    2388:	8a000097 	bhi	0x25ec
    238c:	e7868001 	str	r8, [r6, r1]
    2390:	e3500009 	cmp	r0, #9
    2394:	3a00008e 	bcc	0x25d4
    2398:	e1a06007 	mov	r6, r7
    239c:	e5951030 	ldr	r1, [r5, #48]	@ 0x30
    23a0:	e2966008 	adds	r6, r6, #8
    23a4:	2a000090 	bcs	0x25ec
    23a8:	e59fcdb0 	ldr	ip, [pc, #3504]	@ 0x3160
    23ac:	e156000c 	cmp	r6, ip
    23b0:	8a00008d 	bhi	0x25ec
    23b4:	e7818006 	str	r8, [r1, r6]
    23b8:	e1a06007 	mov	r6, r7
    23bc:	e5951030 	ldr	r1, [r5, #48]	@ 0x30
    23c0:	e2966004 	adds	r6, r6, #4
    23c4:	2a000088 	bcs	0x25ec
    23c8:	e59fcd90 	ldr	ip, [pc, #3472]	@ 0x3160
    23cc:	e156000c 	cmp	r6, ip
    23d0:	8a000085 	bhi	0x25ec
    23d4:	e7818006 	str	r8, [r1, r6]
    23d8:	e2431008 	sub	r1, r3, #8
    23dc:	e5956030 	ldr	r6, [r5, #48]	@ 0x30
    23e0:	e59fcd78 	ldr	ip, [pc, #3448]	@ 0x3160
    23e4:	e151000c 	cmp	r1, ip
    23e8:	8a00007f 	bhi	0x25ec
    23ec:	e7868001 	str	r8, [r6, r1]
    23f0:	e243100c 	sub	r1, r3, #12
    23f4:	e5956030 	ldr	r6, [r5, #48]	@ 0x30
    23f8:	e59fcd60 	ldr	ip, [pc, #3424]	@ 0x3160
    23fc:	e151000c 	cmp	r1, ip
    2400:	8a000079 	bhi	0x25ec
    2404:	e7868001 	str	r8, [r6, r1]
    2408:	e3500019 	cmp	r0, #25
    240c:	3a000070 	bcc	0x25d4
    2410:	e1a06007 	mov	r6, r7
    2414:	e5951030 	ldr	r1, [r5, #48]	@ 0x30
    2418:	e2966018 	adds	r6, r6, #24
    241c:	2a000072 	bcs	0x25ec
    2420:	e59fcd38 	ldr	ip, [pc, #3384]	@ 0x3160
    2424:	e156000c 	cmp	r6, ip
    2428:	8a00006f 	bhi	0x25ec
    242c:	e7818006 	str	r8, [r1, r6]
    2430:	e1a06007 	mov	r6, r7
    2434:	e5951030 	ldr	r1, [r5, #48]	@ 0x30
    2438:	e2966014 	adds	r6, r6, #20
    243c:	2a00006a 	bcs	0x25ec
    2440:	e59fcd18 	ldr	ip, [pc, #3352]	@ 0x3160
    2444:	e156000c 	cmp	r6, ip
    2448:	8a000067 	bhi	0x25ec
    244c:	e7818006 	str	r8, [r1, r6]
    2450:	e1a06007 	mov	r6, r7
    2454:	e5951030 	ldr	r1, [r5, #48]	@ 0x30
    2458:	e2966010 	adds	r6, r6, #16
    245c:	2a000062 	bcs	0x25ec
    2460:	e59fccf8 	ldr	ip, [pc, #3320]	@ 0x3160
    2464:	e156000c 	cmp	r6, ip
    2468:	8a00005f 	bhi	0x25ec
    246c:	e7818006 	str	r8, [r1, r6]
    2470:	e1a06007 	mov	r6, r7
    2474:	e5951030 	ldr	r1, [r5, #48]	@ 0x30
    2478:	e296600c 	adds	r6, r6, #12
    247c:	2a00005a 	bcs	0x25ec
    2480:	e59fccd8 	ldr	ip, [pc, #3288]	@ 0x3160
    2484:	e156000c 	cmp	r6, ip
    2488:	8a000057 	bhi	0x25ec
    248c:	e7818006 	str	r8, [r1, r6]
    2490:	e2431010 	sub	r1, r3, #16
    2494:	e5956030 	ldr	r6, [r5, #48]	@ 0x30
    2498:	e59fccc0 	ldr	ip, [pc, #3264]	@ 0x3160
    249c:	e151000c 	cmp	r1, ip
    24a0:	8a000051 	bhi	0x25ec
    24a4:	e7868001 	str	r8, [r6, r1]
    24a8:	e2431014 	sub	r1, r3, #20
    24ac:	e5956030 	ldr	r6, [r5, #48]	@ 0x30
    24b0:	e59fcca8 	ldr	ip, [pc, #3240]	@ 0x3160
    24b4:	e151000c 	cmp	r1, ip
    24b8:	8a00004b 	bhi	0x25ec
    24bc:	e7868001 	str	r8, [r6, r1]
    24c0:	e2431018 	sub	r1, r3, #24
    24c4:	e5956030 	ldr	r6, [r5, #48]	@ 0x30
    24c8:	e59fcc90 	ldr	ip, [pc, #3216]	@ 0x3160
    24cc:	e151000c 	cmp	r1, ip
    24d0:	8a000045 	bhi	0x25ec
    24d4:	e7868001 	str	r8, [r6, r1]
    24d8:	e243301c 	sub	r3, r3, #28
    24dc:	e5951030 	ldr	r1, [r5, #48]	@ 0x30
    24e0:	e59fcc78 	ldr	ip, [pc, #3192]	@ 0x3160
    24e4:	e153000c 	cmp	r3, ip
    24e8:	8a00003f 	bhi	0x25ec
    24ec:	e7818003 	str	r8, [r1, r3]
    24f0:	e2071004 	and	r1, r7, #4
    24f4:	e3811018 	orr	r1, r1, #24
    24f8:	e1a03001 	mov	r3, r1
    24fc:	e0400001 	sub	r0, r0, r1
    2500:	e1a06000 	mov	r6, r0
    2504:	e3500020 	cmp	r0, #32
    2508:	3a000031 	bcc	0x25d4
    250c:	e1a00008 	mov	r0, r8
    2510:	e3a01000 	mov	r1, #0
    2514:	e1a08000 	mov	r8, r0
    2518:	e3a0c001 	mov	ip, #1
    251c:	e0080c98 	mul	r8, r8, ip
    2520:	e0811008 	add	r1, r1, r8
    2524:	e0877003 	add	r7, r7, r3
    2528:	e1a08007 	mov	r8, r7
    252c:	e5953030 	ldr	r3, [r5, #48]	@ 0x30
    2530:	e2988018 	adds	r8, r8, #24
    2534:	2a00002c 	bcs	0x25ec
    2538:	e59fcc24 	ldr	ip, [pc, #3108]	@ 0x3164
    253c:	e158000c 	cmp	r8, ip
    2540:	8a000029 	bhi	0x25ec
    2544:	e083c008 	add	ip, r3, r8
    2548:	e58c0000 	str	r0, [ip]
    254c:	e58c1004 	str	r1, [ip, #4]
    2550:	e1a08007 	mov	r8, r7
    2554:	e5953030 	ldr	r3, [r5, #48]	@ 0x30
    2558:	e2988010 	adds	r8, r8, #16
    255c:	2a000022 	bcs	0x25ec
    2560:	e59fcbfc 	ldr	ip, [pc, #3068]	@ 0x3164
    2564:	e158000c 	cmp	r8, ip
    2568:	8a00001f 	bhi	0x25ec
    256c:	e083c008 	add	ip, r3, r8
    2570:	e58c0000 	str	r0, [ip]
    2574:	e58c1004 	str	r1, [ip, #4]
    2578:	e1a08007 	mov	r8, r7
    257c:	e5953030 	ldr	r3, [r5, #48]	@ 0x30
    2580:	e2988008 	adds	r8, r8, #8
    2584:	2a000018 	bcs	0x25ec
    2588:	e59fcbd4 	ldr	ip, [pc, #3028]	@ 0x3164
    258c:	e158000c 	cmp	r8, ip
    2590:	8a000015 	bhi	0x25ec
    2594:	e083c008 	add	ip, r3, r8
    2598:	e58c0000 	str	r0, [ip]
    259c:	e58c1004 	str	r1, [ip, #4]
    25a0:	e1a08007 	mov	r8, r7
    25a4:	e5953030 	ldr	r3, [r5, #48]	@ 0x30
    25a8:	e59fcbb4 	ldr	ip, [pc, #2996]	@ 0x3164
    25ac:	e158000c 	cmp	r8, ip
    25b0:	8a00000d 	bhi	0x25ec
    25b4:	e083c008 	add	ip, r3, r8
    25b8:	e58c0000 	str	r0, [ip]
    25bc:	e58c1004 	str	r1, [ip, #4]
    25c0:	e2877020 	add	r7, r7, #32
    25c4:	e2463020 	sub	r3, r6, #32
    25c8:	e1a06003 	mov	r6, r3
    25cc:	e353001f 	cmp	r3, #31
    25d0:	8affffd4 	bhi	0x2528
    25d4:	e5842000 	str	r2, [r4]
    25d8:	e59f0b88 	ldr	r0, [pc, #2952]	@ 0x3168
    25dc:	e30ccabc 	movw	ip, #51900	@ 0xcabc
    25e0:	e34ccdef 	movt	ip, #52719	@ 0xcdef
    25e4:	e28dd004 	add	sp, sp, #4
    25e8:	e8bd83c0 	pop	{r6, r7, r8, r9, pc}
    25ec:	e3a00008 	mov	r0, #8
    25f0:	e59d1000 	ldr	r1, [sp]
    25f4:	e5810010 	str	r0, [r1, #16]
    25f8:	e59d0000 	ldr	r0, [sp]
    25fc:	e59d1014 	ldr	r1, [sp, #20]
    2600:	e59fcb64 	ldr	ip, [pc, #2916]	@ 0x316c
    2604:	e12fff3c 	blx	ip
    2608:	e28dd004 	add	sp, sp, #4
    260c:	e8bd03c0 	pop	{r6, r7, r8, r9}
    2610:	e28dd004 	add	sp, sp, #4
    2614:	e12fff10 	bx	r0
    2618:	e52de004 	push	{lr}		@ (str lr, [sp, #-4]!)
    261c:	e24dd004 	sub	sp, sp, #4
    2620:	e58d0000 	str	r0, [sp]
    2624:	e30cc123 	movw	ip, #49443	@ 0xc123
    2628:	e34cc456 	movt	ip, #50262	@ 0xc456
    262c:	e59f0b3c 	ldr	r0, [pc, #2876]	@ 0x3170
    2630:	e30ccabc 	movw	ip, #51900	@ 0xcabc
    2634:	e34ccdef 	movt	ip, #52719	@ 0xcdef
    2638:	e28dd004 	add	sp, sp, #4
    263c:	e49df004 	pop	{pc}		@ (ldr pc, [sp], #4)
    2640:	e52de004 	push	{lr}		@ (str lr, [sp, #-4]!)
    2644:	e24dd004 	sub	sp, sp, #4
    2648:	e58d0000 	str	r0, [sp]
    264c:	e30cc123 	movw	ip, #49443	@ 0xc123
    2650:	e34cc456 	movt	ip, #50262	@ 0xc456
    2654:	e3a0eb44 	mov	lr, #68, 22	@ 0x11000
    2658:	e38ee04c 	orr	lr, lr, #76	@ 0x4c
    265c:	e584e000 	str	lr, [r4]
    2660:	e3a009fd 	mov	r0, #4145152	@ 0x3f4000
    2664:	e3800df1 	orr	r0, r0, #15424	@ 0x3c40
    2668:	e1a01004 	mov	r1, r4
    266c:	e59d2000 	ldr	r2, [sp]
    2670:	e59fcafc 	ldr	ip, [pc, #2812]	@ 0x3174
    2674:	e12fff3c 	blx	ip
    2678:	e3500000 	cmp	r0, #0
    267c:	1a000007 	bne	0x26a0
    2680:	e3a0eb44 	mov	lr, #68, 22	@ 0x11000
    2684:	e38ee050 	orr	lr, lr, #80	@ 0x50
    2688:	e584e004 	str	lr, [r4, #4]
    268c:	e59f0ae4 	ldr	r0, [pc, #2788]	@ 0x3178
    2690:	e30ccabc 	movw	ip, #51900	@ 0xcabc
    2694:	e34ccdef 	movt	ip, #52719	@ 0xcdef
    2698:	e28dd004 	add	sp, sp, #4
    269c:	e49df004 	pop	{pc}		@ (ldr pc, [sp], #4)
    26a0:	e59d0000 	ldr	r0, [sp]
    26a4:	e59d1004 	ldr	r1, [sp, #4]
    26a8:	e59fcacc 	ldr	ip, [pc, #2764]	@ 0x317c
    26ac:	e12fff3c 	blx	ip
    26b0:	e28dd008 	add	sp, sp, #8
    26b4:	e12fff10 	bx	r0
    26b8:	e92d4040 	push	{r6, lr}
    26bc:	e24dd008 	sub	sp, sp, #8
    26c0:	e58d0000 	str	r0, [sp]
    26c4:	e30cc123 	movw	ip, #49443	@ 0xc123
    26c8:	e34cc456 	movt	ip, #50262	@ 0xc456
    26cc:	e59f0aac 	ldr	r0, [pc, #2732]	@ 0x3180
    26d0:	e1a01004 	mov	r1, r4
    26d4:	e59d2000 	ldr	r2, [sp]
    26d8:	e59fcaa4 	ldr	ip, [pc, #2724]	@ 0x3184
    26dc:	e12fff3c 	blx	ip
    26e0:	e3500000 	cmp	r0, #0
    26e4:	1a000045 	bne	0x2800
    26e8:	e5940008 	ldr	r0, [r4, #8]
    26ec:	e1a02000 	mov	r2, r0
    26f0:	e5951030 	ldr	r1, [r5, #48]	@ 0x30
    26f4:	e59fca64 	ldr	ip, [pc, #2660]	@ 0x3160
    26f8:	e152000c 	cmp	r2, ip
    26fc:	8a00003c 	bhi	0x27f4
    2700:	e7910002 	ldr	r0, [r1, r2]
    2704:	e1a06000 	mov	r6, r0
    2708:	e3500000 	cmp	r0, #0
    270c:	0a000012 	beq	0x275c
    2710:	e5846000 	str	r6, [r4]
    2714:	e59f0a6c 	ldr	r0, [pc, #2668]	@ 0x3188
    2718:	e1a01004 	mov	r1, r4
    271c:	e59d2000 	ldr	r2, [sp]
    2720:	e59fca64 	ldr	ip, [pc, #2660]	@ 0x318c
    2724:	e12fff3c 	blx	ip
    2728:	e3500000 	cmp	r0, #0
    272c:	1a000033 	bne	0x2800
    2730:	e1a02006 	mov	r2, r6
    2734:	e5951030 	ldr	r1, [r5, #48]	@ 0x30
    2738:	e2922038 	adds	r2, r2, #56	@ 0x38
    273c:	2a00002c 	bcs	0x27f4
    2740:	e59fca18 	ldr	ip, [pc, #2584]	@ 0x3160
    2744:	e152000c 	cmp	r2, ip
    2748:	8a000029 	bhi	0x27f4
    274c:	e7910002 	ldr	r0, [r1, r2]
    2750:	e1a06000 	mov	r6, r0
    2754:	e3500000 	cmp	r0, #0
    2758:	1affffec 	bne	0x2710
    275c:	e5951030 	ldr	r1, [r5, #48]	@ 0x30
    2760:	e281cb48 	add	ip, r1, #72, 22	@ 0x12000
    2764:	e51c0fac 	ldr	r0, [ip, #-4012]	@ 0xfffff054
    2768:	e5840008 	str	r0, [r4, #8]
    276c:	e59f0a1c 	ldr	r0, [pc, #2588]	@ 0x3190
    2770:	e1a01004 	mov	r1, r4
    2774:	e59d2000 	ldr	r2, [sp]
    2778:	e59fca14 	ldr	ip, [pc, #2580]	@ 0x3194
    277c:	e12fff3c 	blx	ip
    2780:	e3500000 	cmp	r0, #0
    2784:	1a00001d 	bne	0x2800
    2788:	e5951030 	ldr	r1, [r5, #48]	@ 0x30
    278c:	e281cb40 	add	ip, r1, #64, 22	@ 0x10000
    2790:	e59c0b88 	ldr	r0, [ip, #2952]	@ 0xb88
    2794:	e5840008 	str	r0, [r4, #8]
    2798:	e59f09f8 	ldr	r0, [pc, #2552]	@ 0x3198
    279c:	e1a01004 	mov	r1, r4
    27a0:	e59d2000 	ldr	r2, [sp]
    27a4:	e59fc9f0 	ldr	ip, [pc, #2544]	@ 0x319c
    27a8:	e12fff3c 	blx	ip
    27ac:	e3500000 	cmp	r0, #0
    27b0:	1a000012 	bne	0x2800
    27b4:	e5951030 	ldr	r1, [r5, #48]	@ 0x30
    27b8:	e281cb40 	add	ip, r1, #64, 22	@ 0x10000
    27bc:	e59c0c20 	ldr	r0, [ip, #3104]	@ 0xc20
    27c0:	e5840008 	str	r0, [r4, #8]
    27c4:	e59f09d4 	ldr	r0, [pc, #2516]	@ 0x31a0
    27c8:	e1a01004 	mov	r1, r4
    27cc:	e59d2000 	ldr	r2, [sp]
    27d0:	e59fc9cc 	ldr	ip, [pc, #2508]	@ 0x31a4
    27d4:	e12fff3c 	blx	ip
    27d8:	e3500000 	cmp	r0, #0
    27dc:	1a000007 	bne	0x2800
    27e0:	e59f09c0 	ldr	r0, [pc, #2496]	@ 0x31a8
    27e4:	e30ccabc 	movw	ip, #51900	@ 0xcabc
    27e8:	e34ccdef 	movt	ip, #52719	@ 0xcdef
    27ec:	e28dd008 	add	sp, sp, #8
    27f0:	e8bd8040 	pop	{r6, pc}
    27f4:	e3a00008 	mov	r0, #8
    27f8:	e59d1000 	ldr	r1, [sp]
    27fc:	e5810010 	str	r0, [r1, #16]
    2800:	e59d0000 	ldr	r0, [sp]
    2804:	e59d100c 	ldr	r1, [sp, #12]
    2808:	e59fc99c 	ldr	ip, [pc, #2460]	@ 0x31ac
    280c:	e12fff3c 	blx	ip
    2810:	e59d6008 	ldr	r6, [sp, #8]
    2814:	e28dd010 	add	sp, sp, #16
    2818:	e12fff10 	bx	r0
    281c:	e92d40c0 	push	{r6, r7, lr}
    2820:	e24dd004 	sub	sp, sp, #4
    2824:	e58d0000 	str	r0, [sp]
    2828:	e30cc123 	movw	ip, #49443	@ 0xc123
    282c:	e34cc456 	movt	ip, #50262	@ 0xc456
    2830:	e5946000 	ldr	r6, [r4]
    2834:	e3560000 	cmp	r6, #0
    2838:	0a000064 	beq	0x29d0
    283c:	e1a02006 	mov	r2, r6
    2840:	e5951030 	ldr	r1, [r5, #48]	@ 0x30
    2844:	e292204c 	adds	r2, r2, #76	@ 0x4c
    2848:	2a000065 	bcs	0x29e4
    284c:	e59fc90c 	ldr	ip, [pc, #2316]	@ 0x3160
    2850:	e152000c 	cmp	r2, ip
    2854:	8a000062 	bhi	0x29e4
    2858:	e7910002 	ldr	r0, [r1, r2]
    285c:	e3500000 	cmp	r0, #0
    2860:	ba000007 	blt	0x2884
    2864:	e5846000 	str	r6, [r4]
    2868:	e59f0940 	ldr	r0, [pc, #2368]	@ 0x31b0
    286c:	e1a01004 	mov	r1, r4
    2870:	e59d2000 	ldr	r2, [sp]
    2874:	e59fc938 	ldr	ip, [pc, #2360]	@ 0x31b4
    2878:	e12fff3c 	blx	ip
    287c:	e3500000 	cmp	r0, #0
    2880:	1a00005a 	bne	0x29f0
    2884:	e1a02006 	mov	r2, r6
    2888:	e5951030 	ldr	r1, [r5, #48]	@ 0x30
    288c:	e2922014 	adds	r2, r2, #20
    2890:	2a000053 	bcs	0x29e4
    2894:	e59fc8c4 	ldr	ip, [pc, #2244]	@ 0x3160
    2898:	e152000c 	cmp	r2, ip
    289c:	8a000050 	bhi	0x29e4
    28a0:	e7910002 	ldr	r0, [r1, r2]
    28a4:	e1a03006 	mov	r3, r6
    28a8:	e5952030 	ldr	r2, [r5, #48]	@ 0x30
    28ac:	e293301c 	adds	r3, r3, #28
    28b0:	2a00004b 	bcs	0x29e4
    28b4:	e59fc8a4 	ldr	ip, [pc, #2212]	@ 0x3160
    28b8:	e153000c 	cmp	r3, ip
    28bc:	8a000048 	bhi	0x29e4
    28c0:	e7921003 	ldr	r1, [r2, r3]
    28c4:	e1500001 	cmp	r0, r1
    28c8:	0a000014 	beq	0x2920
    28cc:	e1a02006 	mov	r2, r6
    28d0:	e5951030 	ldr	r1, [r5, #48]	@ 0x30
    28d4:	e2922024 	adds	r2, r2, #36	@ 0x24
    28d8:	2a000041 	bcs	0x29e4
    28dc:	e59fc87c 	ldr	ip, [pc, #2172]	@ 0x3160
    28e0:	e152000c 	cmp	r2, ip
    28e4:	8a00003e 	bhi	0x29e4
    28e8:	e7910002 	ldr	r0, [r1, r2]
    28ec:	e5846000 	str	r6, [r4]
    28f0:	e3a0e000 	mov	lr, #0
    28f4:	e584e00c 	str	lr, [r4, #12]
    28f8:	e3a0e000 	mov	lr, #0
    28fc:	e584e00c 	str	lr, [r4, #12]
    2900:	e5840020 	str	r0, [r4, #32]
    2904:	e59f08ac 	ldr	r0, [pc, #2220]	@ 0x31b8
    2908:	e1a01004 	mov	r1, r4
    290c:	e59d2000 	ldr	r2, [sp]
    2910:	e59fc8a4 	ldr	ip, [pc, #2212]	@ 0x31bc
    2914:	e12fff3c 	blx	ip
    2918:	e3500000 	cmp	r0, #0
    291c:	1a000033 	bne	0x29f0
    2920:	e1a02006 	mov	r2, r6
    2924:	e5951030 	ldr	r1, [r5, #48]	@ 0x30
    2928:	e2922004 	adds	r2, r2, #4
    292c:	2a00002c 	bcs	0x29e4
    2930:	e59fc828 	ldr	ip, [pc, #2088]	@ 0x3160
    2934:	e152000c 	cmp	r2, ip
    2938:	8a000029 	bhi	0x29e4
    293c:	e7910002 	ldr	r0, [r1, r2]
    2940:	e1a01000 	mov	r1, r0
    2944:	e1a07006 	mov	r7, r6
    2948:	e5953030 	ldr	r3, [r5, #48]	@ 0x30
    294c:	e2977008 	adds	r7, r7, #8
    2950:	2a000023 	bcs	0x29e4
    2954:	e59fc804 	ldr	ip, [pc, #2052]	@ 0x3160
    2958:	e157000c 	cmp	r7, ip
    295c:	8a000020 	bhi	0x29e4
    2960:	e7932007 	ldr	r2, [r3, r7]
    2964:	e1a03002 	mov	r3, r2
    2968:	e1500002 	cmp	r0, r2
    296c:	0a000017 	beq	0x29d0
    2970:	e0411003 	sub	r1, r1, r3
    2974:	e1a00001 	mov	r0, r1
    2978:	e1a01fc0 	asr	r1, r0, #31
    297c:	e1a07006 	mov	r7, r6
    2980:	e5953030 	ldr	r3, [r5, #48]	@ 0x30
    2984:	e2977028 	adds	r7, r7, #40	@ 0x28
    2988:	2a000015 	bcs	0x29e4
    298c:	e59fc7cc 	ldr	ip, [pc, #1996]	@ 0x3160
    2990:	e157000c 	cmp	r7, ip
    2994:	8a000012 	bhi	0x29e4
    2998:	e7932007 	ldr	r2, [r3, r7]
    299c:	e5846000 	str	r6, [r4]
    29a0:	e5840018 	str	r0, [r4, #24]
    29a4:	e584101c 	str	r1, [r4, #28]
    29a8:	e3a0e001 	mov	lr, #1
    29ac:	e584e010 	str	lr, [r4, #16]
    29b0:	e5842024 	str	r2, [r4, #36]	@ 0x24
    29b4:	e59f0804 	ldr	r0, [pc, #2052]	@ 0x31c0
    29b8:	e1a01004 	mov	r1, r4
    29bc:	e59d2000 	ldr	r2, [sp]
    29c0:	e59fc7fc 	ldr	ip, [pc, #2044]	@ 0x31c4
    29c4:	e12fff3c 	blx	ip
    29c8:	e3500000 	cmp	r0, #0
    29cc:	1a000007 	bne	0x29f0
    29d0:	e59f07f0 	ldr	r0, [pc, #2032]	@ 0x31c8
    29d4:	e30ccabc 	movw	ip, #51900	@ 0xcabc
    29d8:	e34ccdef 	movt	ip, #52719	@ 0xcdef
    29dc:	e28dd004 	add	sp, sp, #4
    29e0:	e8bd80c0 	pop	{r6, r7, pc}
    29e4:	e3a00008 	mov	r0, #8
    29e8:	e59d1000 	ldr	r1, [sp]
    29ec:	e5810010 	str	r0, [r1, #16]
    29f0:	e59d0000 	ldr	r0, [sp]
    29f4:	e59d100c 	ldr	r1, [sp, #12]
    29f8:	e59fc7cc 	ldr	ip, [pc, #1996]	@ 0x31cc
    29fc:	e12fff3c 	blx	ip
    2a00:	e28dd004 	add	sp, sp, #4
    2a04:	e8bd00c0 	pop	{r6, r7}
    2a08:	e28dd004 	add	sp, sp, #4
    2a0c:	e12fff10 	bx	r0
    2a10:	e92d4040 	push	{r6, lr}
    2a14:	e24dd008 	sub	sp, sp, #8
    2a18:	e58d0000 	str	r0, [sp]
    2a1c:	e30cc123 	movw	ip, #49443	@ 0xc123
    2a20:	e34cc456 	movt	ip, #50262	@ 0xc456
    2a24:	e5940000 	ldr	r0, [r4]
    2a28:	e1a03000 	mov	r3, r0
    2a2c:	e5952030 	ldr	r2, [r5, #48]	@ 0x30
    2a30:	e2933048 	adds	r3, r3, #72	@ 0x48
    2a34:	2a00005e 	bcs	0x2bb4
    2a38:	e59fc720 	ldr	ip, [pc, #1824]	@ 0x3160
    2a3c:	e153000c 	cmp	r3, ip
    2a40:	8a00005b 	bhi	0x2bb4
    2a44:	e7921003 	ldr	r1, [r2, r3]
    2a48:	e1a02001 	mov	r2, r1
    2a4c:	e2411001 	sub	r1, r1, #1
    2a50:	e1811002 	orr	r1, r1, r2
    2a54:	e1a03000 	mov	r3, r0
    2a58:	e5952030 	ldr	r2, [r5, #48]	@ 0x30
    2a5c:	e2933048 	adds	r3, r3, #72	@ 0x48
    2a60:	2a000053 	bcs	0x2bb4
    2a64:	e59fc6f4 	ldr	ip, [pc, #1780]	@ 0x3160
    2a68:	e153000c 	cmp	r3, ip
    2a6c:	8a000050 	bhi	0x2bb4
    2a70:	e7821003 	str	r1, [r2, r3]
    2a74:	e1a03000 	mov	r3, r0
    2a78:	e5952030 	ldr	r2, [r5, #48]	@ 0x30
    2a7c:	e59fc6dc 	ldr	ip, [pc, #1756]	@ 0x3160
    2a80:	e153000c 	cmp	r3, ip
    2a84:	8a00004a 	bhi	0x2bb4
    2a88:	e7921003 	ldr	r1, [r2, r3]
    2a8c:	e1a02001 	mov	r2, r1
    2a90:	e3110008 	tst	r1, #8
    2a94:	0a00000a 	beq	0x2ac4
    2a98:	e3822020 	orr	r2, r2, #32
    2a9c:	e1a03000 	mov	r3, r0
    2aa0:	e5951030 	ldr	r1, [r5, #48]	@ 0x30
    2aa4:	e59fc6b4 	ldr	ip, [pc, #1716]	@ 0x3160
    2aa8:	e153000c 	cmp	r3, ip
    2aac:	8a000040 	bhi	0x2bb4
    2ab0:	e7812003 	str	r2, [r1, r3]
    2ab4:	e3e0e000 	mvn	lr, #0
    2ab8:	e584e008 	str	lr, [r4, #8]
    2abc:	e59f070c 	ldr	r0, [pc, #1804]	@ 0x31d0
    2ac0:	ea000039 	b	0x2bac
    2ac4:	e1a02000 	mov	r2, r0
    2ac8:	e5951030 	ldr	r1, [r5, #48]	@ 0x30
    2acc:	e2922004 	adds	r2, r2, #4
    2ad0:	2a000037 	bcs	0x2bb4
    2ad4:	e59fc688 	ldr	ip, [pc, #1672]	@ 0x3164
    2ad8:	e152000c 	cmp	r2, ip
    2adc:	8a000034 	bhi	0x2bb4
    2ae0:	e0811002 	add	r1, r1, r2
    2ae4:	e3a02000 	mov	r2, #0
    2ae8:	e3a03000 	mov	r3, #0
    2aec:	e5813000 	str	r3, [r1]
    2af0:	e5812004 	str	r2, [r1, #4]
    2af4:	e1a03000 	mov	r3, r0
    2af8:	e5952030 	ldr	r2, [r5, #48]	@ 0x30
    2afc:	e293302c 	adds	r3, r3, #44	@ 0x2c
    2b00:	2a00002b 	bcs	0x2bb4
    2b04:	e59fc654 	ldr	ip, [pc, #1620]	@ 0x3160
    2b08:	e153000c 	cmp	r3, ip
    2b0c:	8a000028 	bhi	0x2bb4
    2b10:	e7921003 	ldr	r1, [r2, r3]
    2b14:	e1a02001 	mov	r2, r1
    2b18:	e1a06000 	mov	r6, r0
    2b1c:	e5953030 	ldr	r3, [r5, #48]	@ 0x30
    2b20:	e296601c 	adds	r6, r6, #28
    2b24:	2a000022 	bcs	0x2bb4
    2b28:	e59fc630 	ldr	ip, [pc, #1584]	@ 0x3160
    2b2c:	e156000c 	cmp	r6, ip
    2b30:	8a00001f 	bhi	0x2bb4
    2b34:	e7831006 	str	r1, [r3, r6]
    2b38:	e1a03000 	mov	r3, r0
    2b3c:	e5951030 	ldr	r1, [r5, #48]	@ 0x30
    2b40:	e2933014 	adds	r3, r3, #20
    2b44:	2a00001a 	bcs	0x2bb4
    2b48:	e59fc610 	ldr	ip, [pc, #1552]	@ 0x3160
    2b4c:	e153000c 	cmp	r3, ip
    2b50:	8a000017 	bhi	0x2bb4
    2b54:	e7812003 	str	r2, [r1, r3]
    2b58:	e1a06000 	mov	r6, r0
    2b5c:	e5953030 	ldr	r3, [r5, #48]	@ 0x30
    2b60:	e2966030 	adds	r6, r6, #48	@ 0x30
    2b64:	2a000012 	bcs	0x2bb4
    2b68:	e59fc5f0 	ldr	ip, [pc, #1520]	@ 0x3160
    2b6c:	e156000c 	cmp	r6, ip
    2b70:	8a00000f 	bhi	0x2bb4
    2b74:	e7931006 	ldr	r1, [r3, r6]
    2b78:	e0822001 	add	r2, r2, r1
    2b7c:	e5951030 	ldr	r1, [r5, #48]	@ 0x30
    2b80:	e2900010 	adds	r0, r0, #16
    2b84:	2a00000a 	bcs	0x2bb4
    2b88:	e59fc5d0 	ldr	ip, [pc, #1488]	@ 0x3160
    2b8c:	e150000c 	cmp	r0, ip
    2b90:	8a000007 	bhi	0x2bb4
    2b94:	e7812000 	str	r2, [r1, r0]
    2b98:	e3a0e000 	mov	lr, #0
    2b9c:	e584e01c 	str	lr, [r4, #28]
    2ba0:	e59f062c 	ldr	r0, [pc, #1580]	@ 0x31d4
    2ba4:	e30ccabc 	movw	ip, #51900	@ 0xcabc
    2ba8:	e34ccdef 	movt	ip, #52719	@ 0xcdef
    2bac:	e28dd008 	add	sp, sp, #8
    2bb0:	e8bd8040 	pop	{r6, pc}
    2bb4:	e3a00008 	mov	r0, #8
    2bb8:	e59d1000 	ldr	r1, [sp]
    2bbc:	e5810010 	str	r0, [r1, #16]
    2bc0:	e59d0000 	ldr	r0, [sp]
    2bc4:	e59d100c 	ldr	r1, [sp, #12]
    2bc8:	e59fc608 	ldr	ip, [pc, #1544]	@ 0x31d8
    2bcc:	e12fff3c 	blx	ip
    2bd0:	e59d6008 	ldr	r6, [sp, #8]
    2bd4:	e28dd010 	add	sp, sp, #16
    2bd8:	e12fff10 	bx	r0
    2bdc:	e92d43c0 	push	{r6, r7, r8, r9, lr}
    2be0:	e24dd004 	sub	sp, sp, #4
    2be4:	e58d0000 	str	r0, [sp]
    2be8:	e30cc123 	movw	ip, #49443	@ 0xc123
    2bec:	e34cc456 	movt	ip, #50262	@ 0xc456
    2bf0:	e5940000 	ldr	r0, [r4]
    2bf4:	e5941004 	ldr	r1, [r4, #4]
    2bf8:	e5942008 	ldr	r2, [r4, #8]
    2bfc:	e3520000 	cmp	r2, #0
    2c00:	e3a03000 	mov	r3, #0
    2c04:	13a03001 	movne	r3, #1
    2c08:	e3100003 	tst	r0, #3
    2c0c:	0a000016 	beq	0x2c6c
    2c10:	e3520000 	cmp	r2, #0
    2c14:	0a000014 	beq	0x2c6c
    2c18:	e20160ff 	and	r6, r1, #255	@ 0xff
    2c1c:	e1a09000 	mov	r9, r0
    2c20:	e5958030 	ldr	r8, [r5, #48]	@ 0x30
    2c24:	e3e0c4fe 	mvn	ip, #-33554432	@ 0xfe000000
    2c28:	e3ccc8fe 	bic	ip, ip, #16646144	@ 0xfe0000
    2c2c:	e159000c 	cmp	r9, ip
    2c30:	8a00004e 	bhi	0x2d70
    2c34:	e7d87009 	ldrb	r7, [r8, r9]
    2c38:	e1570006 	cmp	r7, r6
    2c3c:	0a000032 	beq	0x2d0c
    2c40:	e2427001 	sub	r7, r2, #1
    2c44:	e1a02007 	mov	r2, r7
    2c48:	e3570000 	cmp	r7, #0
    2c4c:	e3a03000 	mov	r3, #0
    2c50:	13a03001 	movne	r3, #1
    2c54:	e2807001 	add	r7, r0, #1
    2c58:	e1a00007 	mov	r0, r7
    2c5c:	e3170003 	tst	r7, #3
    2c60:	0a000001 	beq	0x2c6c
    2c64:	e3520000 	cmp	r2, #0
    2c68:	1affffeb 	bne	0x2c1c
    2c6c:	e3530000 	cmp	r3, #0
    2c70:	0a000037 	beq	0x2d54
    2c74:	e1a07000 	mov	r7, r0
    2c78:	e5956030 	ldr	r6, [r5, #48]	@ 0x30
    2c7c:	e3e0c4fe 	mvn	ip, #-33554432	@ 0xfe000000
    2c80:	e3ccc8fe 	bic	ip, ip, #16646144	@ 0xfe0000
    2c84:	e157000c 	cmp	r7, ip
    2c88:	8a000038 	bhi	0x2d70
    2c8c:	e7d63007 	ldrb	r3, [r6, r7]
    2c90:	e20160ff 	and	r6, r1, #255	@ 0xff
    2c94:	e1530006 	cmp	r3, r6
    2c98:	0a000019 	beq	0x2d04
    2c9c:	e3520004 	cmp	r2, #4
    2ca0:	3a000017 	bcc	0x2d04
    2ca4:	e20130ff 	and	r3, r1, #255	@ 0xff
    2ca8:	e59fc4ac 	ldr	ip, [pc, #1196]	@ 0x315c
    2cac:	e0030c93 	mul	r3, r3, ip
    2cb0:	e1a08000 	mov	r8, r0
    2cb4:	e5957030 	ldr	r7, [r5, #48]	@ 0x30
    2cb8:	e59fc4a0 	ldr	ip, [pc, #1184]	@ 0x3160
    2cbc:	e158000c 	cmp	r8, ip
    2cc0:	8a00002a 	bhi	0x2d70
    2cc4:	e7976008 	ldr	r6, [r7, r8]
    2cc8:	e0266003 	eor	r6, r6, r3
    2ccc:	e1a07006 	mov	r7, r6
    2cd0:	e59fc504 	ldr	ip, [pc, #1284]	@ 0x31dc
    2cd4:	e04c6006 	sub	r6, ip, r6
    2cd8:	e1866007 	orr	r6, r6, r7
    2cdc:	e59fc4fc 	ldr	ip, [pc, #1276]	@ 0x31e0
    2ce0:	e006600c 	and	r6, r6, ip
    2ce4:	e59fc4f4 	ldr	ip, [pc, #1268]	@ 0x31e0
    2ce8:	e156000c 	cmp	r6, ip
    2cec:	1a000006 	bne	0x2d0c
    2cf0:	e2800004 	add	r0, r0, #4
    2cf4:	e2426004 	sub	r6, r2, #4
    2cf8:	e1a02006 	mov	r2, r6
    2cfc:	e3560003 	cmp	r6, #3
    2d00:	8affffea 	bhi	0x2cb0
    2d04:	e3520000 	cmp	r2, #0
    2d08:	0a000011 	beq	0x2d54
    2d0c:	e20110ff 	and	r1, r1, #255	@ 0xff
    2d10:	e1a07000 	mov	r7, r0
    2d14:	e5956030 	ldr	r6, [r5, #48]	@ 0x30
    2d18:	e3e0c4fe 	mvn	ip, #-33554432	@ 0xfe000000
    2d1c:	e3ccc8fe 	bic	ip, ip, #16646144	@ 0xfe0000
    2d20:	e157000c 	cmp	r7, ip
    2d24:	8a000011 	bhi	0x2d70
    2d28:	e7d63007 	ldrb	r3, [r6, r7]
    2d2c:	e1530001 	cmp	r3, r1
    2d30:	1a000002 	bne	0x2d40
    2d34:	e5840000 	str	r0, [r4]
    2d38:	e59f04a4 	ldr	r0, [pc, #1188]	@ 0x31e4
    2d3c:	ea000009 	b	0x2d68
    2d40:	e2800001 	add	r0, r0, #1
    2d44:	e2423001 	sub	r3, r2, #1
    2d48:	e1a02003 	mov	r2, r3
    2d4c:	e3530000 	cmp	r3, #0
    2d50:	1affffee 	bne	0x2d10
    2d54:	e3a0e000 	mov	lr, #0
    2d58:	e584e018 	str	lr, [r4, #24]
    2d5c:	e59f0484 	ldr	r0, [pc, #1156]	@ 0x31e8
    2d60:	e30ccabc 	movw	ip, #51900	@ 0xcabc
    2d64:	e34ccdef 	movt	ip, #52719	@ 0xcdef
    2d68:	e28dd004 	add	sp, sp, #4
    2d6c:	e8bd83c0 	pop	{r6, r7, r8, r9, pc}
    2d70:	e3a00008 	mov	r0, #8
    2d74:	e59d1000 	ldr	r1, [sp]
    2d78:	e5810010 	str	r0, [r1, #16]
    2d7c:	e59d0000 	ldr	r0, [sp]
    2d80:	e59d1014 	ldr	r1, [sp, #20]
    2d84:	e59fc460 	ldr	ip, [pc, #1120]	@ 0x31ec
    2d88:	e12fff3c 	blx	ip
    2d8c:	e28dd004 	add	sp, sp, #4
    2d90:	e8bd03c0 	pop	{r6, r7, r8, r9}
    2d94:	e28dd004 	add	sp, sp, #4
    2d98:	e12fff10 	bx	r0
    2d9c:	e92d40c0 	push	{r6, r7, lr}
    2da0:	e24dd004 	sub	sp, sp, #4
    2da4:	e58d0000 	str	r0, [sp]
    2da8:	e30cc123 	movw	ip, #49443	@ 0xc123
    2dac:	e34cc456 	movt	ip, #50262	@ 0xc456
    2db0:	e5946000 	ldr	r6, [r4]
    2db4:	e5947004 	ldr	r7, [r4, #4]
    2db8:	e5846000 	str	r6, [r4]
    2dbc:	e3a0e000 	mov	lr, #0
    2dc0:	e584e00c 	str	lr, [r4, #12]
    2dc4:	e5847004 	str	r7, [r4, #4]
    2dc8:	e59f0420 	ldr	r0, [pc, #1056]	@ 0x31f0
    2dcc:	e1a01004 	mov	r1, r4
    2dd0:	e59d2000 	ldr	r2, [sp]
    2dd4:	e59fc418 	ldr	ip, [pc, #1048]	@ 0x31f4
    2dd8:	e12fff3c 	blx	ip
    2ddc:	e3500000 	cmp	r0, #0
    2de0:	1a00000a 	bne	0x2e10
    2de4:	e5940010 	ldr	r0, [r4, #16]
    2de8:	e1a01000 	mov	r1, r0
    2dec:	e0400006 	sub	r0, r0, r6
    2df0:	e3510000 	cmp	r1, #0
    2df4:	01a00007 	moveq	r0, r7
    2df8:	e5840010 	str	r0, [r4, #16]
    2dfc:	e59f03f4 	ldr	r0, [pc, #1012]	@ 0x31f8
    2e00:	e30ccabc 	movw	ip, #51900	@ 0xcabc
    2e04:	e34ccdef 	movt	ip, #52719	@ 0xcdef
    2e08:	e28dd004 	add	sp, sp, #4
    2e0c:	e8bd80c0 	pop	{r6, r7, pc}
    2e10:	e59d0000 	ldr	r0, [sp]
    2e14:	e59d100c 	ldr	r1, [sp, #12]
    2e18:	e59fc3dc 	ldr	ip, [pc, #988]	@ 0x31fc
    2e1c:	e12fff3c 	blx	ip
    2e20:	e28dd004 	add	sp, sp, #4
    2e24:	e8bd00c0 	pop	{r6, r7}
    2e28:	e28dd004 	add	sp, sp, #4
    2e2c:	e12fff10 	bx	r0
    2e30:	e92d43c0 	push	{r6, r7, r8, r9, lr}
    2e34:	e24dd004 	sub	sp, sp, #4
    2e38:	e58d0000 	str	r0, [sp]
    2e3c:	e30cc123 	movw	ip, #49443	@ 0xc123
    2e40:	e34cc456 	movt	ip, #50262	@ 0xc456
    2e44:	ed940b00 	vldr	d0, [r4]
    2e48:	e5946008 	ldr	r6, [r4, #8]
    2e4c:	ec510a10 	vmov	r0, r1, s0, s1
    2e50:	e1a02000 	mov	r2, r0
    2e54:	e1a03001 	mov	r3, r1
    2e58:	e1a00a21 	lsr	r0, r1, #20
    2e5c:	e3a01000 	mov	r1, #0
    2e60:	e3a0cc07 	mov	ip, #1792	@ 0x700
    2e64:	e38cc0ff 	orr	ip, ip, #255	@ 0xff
    2e68:	e000000c 	and	r0, r0, ip
    2e6c:	e1a01000 	mov	r1, r0
    2e70:	e3a0cc07 	mov	ip, #1792	@ 0x700
    2e74:	e38cc0ff 	orr	ip, ip, #255	@ 0xff
    2e78:	e150000c 	cmp	r0, ip
    2e7c:	0a000037 	beq	0x2f60
    2e80:	e3510000 	cmp	r1, #0
    2e84:	1a000026 	bne	0x2f24
    2e88:	e3a0c000 	mov	ip, #0
    2e8c:	ec4cca11 	vmov	s2, s3, ip, ip
    2e90:	eeb40b41 	vcmp.f64	d0, d1
    2e94:	eef1fa10 	vmrs	APSR_nzcv, fpscr
    2e98:	1a000001 	bne	0x2ea4
    2e9c:	e3a00000 	mov	r0, #0
    2ea0:	ea000016 	b	0x2f00
    2ea4:	e3a0c000 	mov	ip, #0
    2ea8:	e3a0e204 	mov	lr, #4, 4	@ 0x40000000
    2eac:	e38ee63f 	orr	lr, lr, #66060288	@ 0x3f00000
    2eb0:	ec4eca11 	vmov	s2, s3, ip, lr
    2eb4:	ee202b01 	vmul.f64	d2, d0, d1
    2eb8:	ed842b0f 	vstr	d2, [r4, #60]	@ 0x3c
    2ebc:	e5846008 	str	r6, [r4, #8]
    2ec0:	e59f0338 	ldr	r0, [pc, #824]	@ 0x3200
    2ec4:	e1a01004 	mov	r1, r4
    2ec8:	e59d2000 	ldr	r2, [sp]
    2ecc:	e59fc330 	ldr	ip, [pc, #816]	@ 0x3204
    2ed0:	e12fff3c 	blx	ip
    2ed4:	e3500000 	cmp	r0, #0
    2ed8:	1a000029 	bne	0x2f84
    2edc:	ed941b0f 	vldr	d1, [r4, #60]	@ 0x3c
    2ee0:	eeb00b41 	vmov.f64	d0, d1
    2ee4:	e1a09006 	mov	r9, r6
    2ee8:	e5958030 	ldr	r8, [r5, #48]	@ 0x30
    2eec:	e59fc26c 	ldr	ip, [pc, #620]	@ 0x3160
    2ef0:	e159000c 	cmp	r9, ip
    2ef4:	8a00001f 	bhi	0x2f78
    2ef8:	e7987009 	ldr	r7, [r8, r9]
    2efc:	e2470040 	sub	r0, r7, #64	@ 0x40
    2f00:	e1a08006 	mov	r8, r6
    2f04:	e5957030 	ldr	r7, [r5, #48]	@ 0x30
    2f08:	e59fc250 	ldr	ip, [pc, #592]	@ 0x3160
    2f0c:	e158000c 	cmp	r8, ip
    2f10:	8a000018 	bhi	0x2f78
    2f14:	e7870008 	str	r0, [r7, r8]
    2f18:	ed840b00 	vstr	d0, [r4]
    2f1c:	e59f02e4 	ldr	r0, [pc, #740]	@ 0x3208
    2f20:	ea000012 	b	0x2f70
    2f24:	e2411c03 	sub	r1, r1, #768	@ 0x300
    2f28:	e24110fe 	sub	r1, r1, #254	@ 0xfe
    2f2c:	e5950030 	ldr	r0, [r5, #48]	@ 0x30
    2f30:	e59fc228 	ldr	ip, [pc, #552]	@ 0x3160
    2f34:	e156000c 	cmp	r6, ip
    2f38:	8a00000e 	bhi	0x2f78
    2f3c:	e7801006 	str	r1, [r0, r6]
    2f40:	e3c22000 	bic	r2, r2, #0
    2f44:	e3e0c207 	mvn	ip, #1879048192	@ 0x70000000
    2f48:	e3ccc6ff 	bic	ip, ip, #267386880	@ 0xff00000
    2f4c:	e003300c 	and	r3, r3, ip
    2f50:	e3822000 	orr	r2, r2, #0
    2f54:	e3833203 	orr	r3, r3, #805306368	@ 0x30000000
    2f58:	e38336fe 	orr	r3, r3, #266338304	@ 0xfe00000
    2f5c:	ec432a10 	vmov	s0, s1, r2, r3
    2f60:	ed840b00 	vstr	d0, [r4]
    2f64:	e59f02a0 	ldr	r0, [pc, #672]	@ 0x320c
    2f68:	e30ccabc 	movw	ip, #51900	@ 0xcabc
    2f6c:	e34ccdef 	movt	ip, #52719	@ 0xcdef
    2f70:	e28dd004 	add	sp, sp, #4
    2f74:	e8bd83c0 	pop	{r6, r7, r8, r9, pc}
    2f78:	e3a00008 	mov	r0, #8
    2f7c:	e59d1000 	ldr	r1, [sp]
    2f80:	e5810010 	str	r0, [r1, #16]
    2f84:	e59d0000 	ldr	r0, [sp]
    2f88:	e59d1014 	ldr	r1, [sp, #20]
    2f8c:	e59fc27c 	ldr	ip, [pc, #636]	@ 0x3210
    2f90:	e12fff3c 	blx	ip
    2f94:	e28dd004 	add	sp, sp, #4
    2f98:	e8bd03c0 	pop	{r6, r7, r8, r9}
    2f9c:	e28dd004 	add	sp, sp, #4
    2fa0:	e12fff10 	bx	r0
    2fa4:	e92d4fc0 	push	{r6, r7, r8, r9, sl, fp, lr}
    2fa8:	e24dd004 	sub	sp, sp, #4
    2fac:	e58d0000 	str	r0, [sp]
    2fb0:	e30cc123 	movw	ip, #49443	@ 0xc123
    2fb4:	e34cc456 	movt	ip, #50262	@ 0xc456
    2fb8:	e5946000 	ldr	r6, [r4]
    2fbc:	e5947004 	ldr	r7, [r4, #4]
    2fc0:	e5948008 	ldr	r8, [r4, #8]
    2fc4:	e1a02008 	mov	r2, r8
    2fc8:	e5951030 	ldr	r1, [r5, #48]	@ 0x30
    2fcc:	e2922010 	adds	r2, r2, #16
    2fd0:	2a0000d6 	bcs	0x3330
    2fd4:	e59fc184 	ldr	ip, [pc, #388]	@ 0x3160
    2fd8:	e152000c 	cmp	r2, ip
    2fdc:	8a0000d3 	bhi	0x3330
    2fe0:	e7910002 	ldr	r0, [r1, r2]
    2fe4:	e1a01000 	mov	r1, r0
    2fe8:	e3500000 	cmp	r0, #0
    2fec:	1a000013 	bne	0x3040
    2ff0:	e3a09000 	mov	r9, #0
    2ff4:	e5848008 	str	r8, [r4, #8]
    2ff8:	e59f0214 	ldr	r0, [pc, #532]	@ 0x3214
    2ffc:	e1a01004 	mov	r1, r4
    3000:	e59d2000 	ldr	r2, [sp]
    3004:	e59fc20c 	ldr	ip, [pc, #524]	@ 0x3218
    3008:	e12fff3c 	blx	ip
    300c:	e3500000 	cmp	r0, #0
    3010:	1a0000c9 	bne	0x333c
    3014:	e5940024 	ldr	r0, [r4, #36]	@ 0x24
    3018:	e3500000 	cmp	r0, #0
    301c:	1a0000bd 	bne	0x3318
    3020:	e1a02008 	mov	r2, r8
    3024:	e5950030 	ldr	r0, [r5, #48]	@ 0x30
    3028:	e2922010 	adds	r2, r2, #16
    302c:	2a0000bf 	bcs	0x3330
    3030:	e59fc128 	ldr	ip, [pc, #296]	@ 0x3160
    3034:	e152000c 	cmp	r2, ip
    3038:	8a0000bc 	bhi	0x3330
    303c:	e7901002 	ldr	r1, [r0, r2]
    3040:	e1a03008 	mov	r3, r8
    3044:	e5952030 	ldr	r2, [r5, #48]	@ 0x30
    3048:	e2933014 	adds	r3, r3, #20
    304c:	2a0000b7 	bcs	0x3330
    3050:	e59fc108 	ldr	ip, [pc, #264]	@ 0x3160
    3054:	e153000c 	cmp	r3, ip
    3058:	8a0000b4 	bhi	0x3330
    305c:	e7920003 	ldr	r0, [r2, r3]
    3060:	e1a02000 	mov	r2, r0
    3064:	e0411000 	sub	r1, r1, r0
    3068:	e1570001 	cmp	r7, r1
    306c:	9a000016 	bls	0x30cc
    3070:	e1a03008 	mov	r3, r8
    3074:	e5951030 	ldr	r1, [r5, #48]	@ 0x30
    3078:	e2933024 	adds	r3, r3, #36	@ 0x24
    307c:	2a0000ab 	bcs	0x3330
    3080:	e59fc0d8 	ldr	ip, [pc, #216]	@ 0x3160
    3084:	e153000c 	cmp	r3, ip
    3088:	8a0000a8 	bhi	0x3330
    308c:	e7910003 	ldr	r0, [r1, r3]
    3090:	e5848008 	str	r8, [r4, #8]
    3094:	e5846000 	str	r6, [r4]
    3098:	e5847004 	str	r7, [r4, #4]
    309c:	e5840030 	str	r0, [r4, #48]	@ 0x30
    30a0:	e59f0174 	ldr	r0, [pc, #372]	@ 0x321c
    30a4:	e1a01004 	mov	r1, r4
    30a8:	e59d2000 	ldr	r2, [sp]
    30ac:	e59fc16c 	ldr	ip, [pc, #364]	@ 0x3220
    30b0:	e12fff3c 	blx	ip
    30b4:	e3500000 	cmp	r0, #0
    30b8:	1a00009f 	bne	0x333c
    30bc:	e5940024 	ldr	r0, [r4, #36]	@ 0x24
    30c0:	e5840024 	str	r0, [r4, #36]	@ 0x24
    30c4:	e59f0158 	ldr	r0, [pc, #344]	@ 0x3224
    30c8:	ea000096 	b	0x3328
    30cc:	e1a03008 	mov	r3, r8
    30d0:	e5951030 	ldr	r1, [r5, #48]	@ 0x30
    30d4:	e2933050 	adds	r3, r3, #80	@ 0x50
    30d8:	2a000094 	bcs	0x3330
    30dc:	e59fc07c 	ldr	ip, [pc, #124]	@ 0x3160
    30e0:	e153000c 	cmp	r3, ip
    30e4:	8a000091 	bhi	0x3330
    30e8:	e7910003 	ldr	r0, [r1, r3]
    30ec:	e3500000 	cmp	r0, #0
    30f0:	ba00006b 	blt	0x32a4
    30f4:	e3570000 	cmp	r7, #0
    30f8:	0a000069 	beq	0x32a4
    30fc:	e1a0a007 	mov	sl, r7
    3100:	e086000a 	add	r0, r6, sl
    3104:	e1a0b000 	mov	fp, r0
    3108:	e2400001 	sub	r0, r0, #1
    310c:	e1a03000 	mov	r3, r0
    3110:	e5951030 	ldr	r1, [r5, #48]	@ 0x30
    3114:	e3e0c4fe 	mvn	ip, #-33554432	@ 0xfe000000
    3118:	e3ccc8fe 	bic	ip, ip, #16646144	@ 0xfe0000
    311c:	e153000c 	cmp	r3, ip
    3120:	8a000082 	bhi	0x3330
    3124:	e7d10003 	ldrb	r0, [r1, r3]
    3128:	e350000a 	cmp	r0, #10
    312c:	0a000004 	beq	0x3144
    3130:	e24a0001 	sub	r0, sl, #1
    3134:	e1a0a000 	mov	sl, r0
    3138:	e3500000 	cmp	r0, #0
    313c:	0a000058 	beq	0x32a4
    3140:	eaffffee 	b	0x3100
    3144:	e1a03008 	mov	r3, r8
    3148:	e5951030 	ldr	r1, [r5, #48]	@ 0x30
    314c:	e2933024 	adds	r3, r3, #36	@ 0x24
    3150:	ea000034 	b	0x3228
    3154:	00000000 	andeq	r0, r0, r0
    3158:	00047eac 	andeq	r7, r4, ip, lsr #29
    315c:	01010101 	tsteq	r1, r1, lsl #2
    3160:	0101fffc 	strdeq	pc, [r1, -ip]
    3164:	0101fff8 	strdeq	pc, [r1, -r8]
    3168:	003fd1a8 	eorseq	sp, pc, r8, lsr #3
    316c:	00047eac 	andeq	r7, r4, ip, lsr #29
    3170:	003f9858 	eorseq	r9, pc, r8, asr r8	@ <UNPREDICTABLE>
    3174:	000487b4 			@ <UNDEFINED> instruction: 0x000487b4
    3178:	003f7c58 	eorseq	r7, pc, r8, asr ip	@ <UNPREDICTABLE>
    317c:	00047eac 	andeq	r7, r4, ip, lsr #29
    3180:	003fbd4c 	eorseq	fp, pc, ip, asr #26
    3184:	000487b4 			@ <UNDEFINED> instruction: 0x000487b4
    3188:	003fbd78 	eorseq	fp, pc, r8, ror sp	@ <UNPREDICTABLE>
    318c:	000487b4 			@ <UNDEFINED> instruction: 0x000487b4
    3190:	003fbdb4 	ldrhteq	fp, [pc], -r4
    3194:	000487b4 			@ <UNDEFINED> instruction: 0x000487b4
    3198:	003fbdd0 	ldrsbteq	fp, [pc], -r0
    319c:	000487b4 			@ <UNDEFINED> instruction: 0x000487b4
    31a0:	003fbdec 	eorseq	fp, pc, ip, ror #27
    31a4:	000487b4 			@ <UNDEFINED> instruction: 0x000487b4
    31a8:	003fbe04 	eorseq	fp, pc, r4, lsl #28
    31ac:	00047eac 	andeq	r7, r4, ip, lsr #29
    31b0:	003f93a8 	eorseq	r9, pc, r8, lsr #7
    31b4:	000487b4 			@ <UNDEFINED> instruction: 0x000487b4
    31b8:	003f93f4 	ldrshteq	r9, [pc], -r4
    31bc:	00048af0 	strdeq	r8, [r4], -r0
    31c0:	003f9470 	eorseq	r9, pc, r0, ror r4	@ <UNPREDICTABLE>
    31c4:	00048af0 	strdeq	r8, [r4], -r0
    31c8:	003f9498 	mlaseq	pc, r8, r4, r9	@ <UNPREDICTABLE>
    31cc:	00047eac 	andeq	r7, r4, ip, lsr #29
    31d0:	003f7714 	eorseq	r7, pc, r4, lsl r7	@ <UNPREDICTABLE>
    31d4:	003f777c 	eorseq	r7, pc, ip, ror r7	@ <UNPREDICTABLE>
    31d8:	00047eac 	andeq	r7, r4, ip, lsr #29
    31dc:	01010100 	mrseq	r0, (UNDEF: 17)
    31e0:	80808080 	addhi	r8, r0, r0, lsl #1
    31e4:	003fd7c4 	eorseq	sp, pc, r4, asr #15
    31e8:	003fd7fc 	ldrshteq	sp, [pc], -ip
    31ec:	00047eac 	andeq	r7, r4, ip, lsr #29
    31f0:	003f2194 	mlaseq	pc, r4, r1, r2	@ <UNPREDICTABLE>
    31f4:	000487b4 			@ <UNDEFINED> instruction: 0x000487b4
    31f8:	003f21d4 	ldrsbteq	r2, [pc], -r4
    31fc:	00047eac 	andeq	r7, r4, ip, lsr #29
    3200:	003fb224 	eorseq	fp, pc, r4, lsr #4
    3204:	000487b4 			@ <UNDEFINED> instruction: 0x000487b4
    3208:	003fb268 	eorseq	fp, pc, r8, ror #4
    320c:	003fb2d4 	ldrsbteq	fp, [pc], -r4
    3210:	00047eac 	andeq	r7, r4, ip, lsr #29
    3214:	003fddfc 	ldrshteq	sp, [pc], -ip
    3218:	000487b4 			@ <UNDEFINED> instruction: 0x000487b4
    321c:	003fde68 	eorseq	sp, pc, r8, ror #28
    3220:	00048af0 	strdeq	r8, [r4], -r0
    3224:	003fde8c 	eorseq	sp, pc, ip, lsl #29
    3228:	2a000040 	bcs	0x3330
    322c:	e59fcfe4 	ldr	ip, [pc, #4068]	@ 0x4218
    3230:	e153000c 	cmp	r3, ip
    3234:	8a00003d 	bhi	0x3330
    3238:	e7910003 	ldr	r0, [r1, r3]
    323c:	e5848008 	str	r8, [r4, #8]
    3240:	e5846000 	str	r6, [r4]
    3244:	e584a00c 	str	sl, [r4, #12]
    3248:	e5840030 	str	r0, [r4, #48]	@ 0x30
    324c:	e3a009ff 	mov	r0, #4177920	@ 0x3fc000
    3250:	e3800d7d 	orr	r0, r0, #8000	@ 0x1f40
    3254:	e1a01004 	mov	r1, r4
    3258:	e59d2000 	ldr	r2, [sp]
    325c:	e59fcfb8 	ldr	ip, [pc, #4024]	@ 0x421c
    3260:	e12fff3c 	blx	ip
    3264:	e3500000 	cmp	r0, #0
    3268:	1a000033 	bne	0x333c
    326c:	e5940024 	ldr	r0, [r4, #36]	@ 0x24
    3270:	e1a09000 	mov	r9, r0
    3274:	e150000a 	cmp	r0, sl
    3278:	3a000026 	bcc	0x3318
    327c:	e047700a 	sub	r7, r7, sl
    3280:	e1a01008 	mov	r1, r8
    3284:	e5950030 	ldr	r0, [r5, #48]	@ 0x30
    3288:	e2911014 	adds	r1, r1, #20
    328c:	2a000027 	bcs	0x3330
    3290:	e59fcf80 	ldr	ip, [pc, #3968]	@ 0x4218
    3294:	e151000c 	cmp	r1, ip
    3298:	8a000024 	bhi	0x3330
    329c:	e7902001 	ldr	r2, [r0, r1]
    32a0:	ea000001 	b	0x32ac
    32a4:	e1a0b006 	mov	fp, r6
    32a8:	e3a0a000 	mov	sl, #0
    32ac:	e5842010 	str	r2, [r4, #16]
    32b0:	e584b014 	str	fp, [r4, #20]
    32b4:	e5847004 	str	r7, [r4, #4]
    32b8:	e59f0f60 	ldr	r0, [pc, #3936]	@ 0x4220
    32bc:	e1a01004 	mov	r1, r4
    32c0:	e59d2000 	ldr	r2, [sp]
    32c4:	e59fcf58 	ldr	ip, [pc, #3928]	@ 0x4224
    32c8:	e12fff3c 	blx	ip
    32cc:	e3500000 	cmp	r0, #0
    32d0:	1a000019 	bne	0x333c
    32d4:	e1a02008 	mov	r2, r8
    32d8:	e5951030 	ldr	r1, [r5, #48]	@ 0x30
    32dc:	e2922014 	adds	r2, r2, #20
    32e0:	2a000012 	bcs	0x3330
    32e4:	e59fcf2c 	ldr	ip, [pc, #3884]	@ 0x4218
    32e8:	e152000c 	cmp	r2, ip
    32ec:	8a00000f 	bhi	0x3330
    32f0:	e7910002 	ldr	r0, [r1, r2]
    32f4:	e0800007 	add	r0, r0, r7
    32f8:	e5951030 	ldr	r1, [r5, #48]	@ 0x30
    32fc:	e2988014 	adds	r8, r8, #20
    3300:	2a00000a 	bcs	0x3330
    3304:	e59fcf0c 	ldr	ip, [pc, #3852]	@ 0x4218
    3308:	e158000c 	cmp	r8, ip
    330c:	8a000007 	bhi	0x3330
    3310:	e7810008 	str	r0, [r1, r8]
    3314:	e08a9007 	add	r9, sl, r7
    3318:	e5849010 	str	r9, [r4, #16]
    331c:	e59f0f04 	ldr	r0, [pc, #3844]	@ 0x4228
    3320:	e30ccabc 	movw	ip, #51900	@ 0xcabc
    3324:	e34ccdef 	movt	ip, #52719	@ 0xcdef
    3328:	e28dd004 	add	sp, sp, #4
    332c:	e8bd8fc0 	pop	{r6, r7, r8, r9, sl, fp, pc}
    3330:	e3a00008 	mov	r0, #8
    3334:	e59d1000 	ldr	r1, [sp]
    3338:	e5810010 	str	r0, [r1, #16]
    333c:	e59d0000 	ldr	r0, [sp]
    3340:	e59d101c 	ldr	r1, [sp, #28]
    3344:	e59fcee0 	ldr	ip, [pc, #3808]	@ 0x422c
    3348:	e12fff3c 	blx	ip
    334c:	e28dd004 	add	sp, sp, #4
    3350:	e8bd0fc0 	pop	{r6, r7, r8, r9, sl, fp}
    3354:	e28dd004 	add	sp, sp, #4
    3358:	e12fff10 	bx	r0
    335c:	e92d4fc0 	push	{r6, r7, r8, r9, sl, fp, lr}
    3360:	e24dd004 	sub	sp, sp, #4
    3364:	e58d0000 	str	r0, [sp]
    3368:	e30cc123 	movw	ip, #49443	@ 0xc123
    336c:	e34cc456 	movt	ip, #50262	@ 0xc456
    3370:	e5947004 	ldr	r7, [r4, #4]
    3374:	e5940008 	ldr	r0, [r4, #8]
    3378:	e594800c 	ldr	r8, [r4, #12]
    337c:	e5949010 	ldr	r9, [r4, #16]
    3380:	e595e03c 	ldr	lr, [r5, #60]	@ 0x3c
    3384:	e59e1008 	ldr	r1, [lr, #8]
    3388:	e24110d0 	sub	r1, r1, #208	@ 0xd0
    338c:	e5841014 	str	r1, [r4, #20]
    3390:	e595203c 	ldr	r2, [r5, #60]	@ 0x3c
    3394:	e5821008 	str	r1, [r2, #8]
    3398:	e5942014 	ldr	r2, [r4, #20]
    339c:	e5951030 	ldr	r1, [r5, #48]	@ 0x30
    33a0:	e29220cc 	adds	r2, r2, #204	@ 0xcc
    33a4:	2a000130 	bcs	0x386c
    33a8:	e59fce68 	ldr	ip, [pc, #3688]	@ 0x4218
    33ac:	e152000c 	cmp	r2, ip
    33b0:	8a00012d 	bhi	0x386c
    33b4:	e7810002 	str	r0, [r1, r2]
    33b8:	e594c014 	ldr	ip, [r4, #20]
    33bc:	e28c00a0 	add	r0, ip, #160	@ 0xa0
    33c0:	e3a01000 	mov	r1, #0
    33c4:	e3a02028 	mov	r2, #40	@ 0x28
    33c8:	e5953028 	ldr	r3, [r5, #40]	@ 0x28
    33cc:	e59fce5c 	ldr	ip, [pc, #3676]	@ 0x4230
    33d0:	e12fff3c 	blx	ip
    33d4:	e3500000 	cmp	r0, #0
    33d8:	1a000124 	bne	0x3870
    33dc:	e5942014 	ldr	r2, [r4, #20]
    33e0:	e5951030 	ldr	r1, [r5, #48]	@ 0x30
    33e4:	e29220cc 	adds	r2, r2, #204	@ 0xcc
    33e8:	2a00011f 	bcs	0x386c
    33ec:	e59fce24 	ldr	ip, [pc, #3620]	@ 0x4218
    33f0:	e152000c 	cmp	r2, ip
    33f4:	8a00011c 	bhi	0x386c
    33f8:	e7910002 	ldr	r0, [r1, r2]
    33fc:	e5942014 	ldr	r2, [r4, #20]
    3400:	e5951030 	ldr	r1, [r5, #48]	@ 0x30
    3404:	e29220c8 	adds	r2, r2, #200	@ 0xc8
    3408:	2a000117 	bcs	0x386c
    340c:	e59fce04 	ldr	ip, [pc, #3588]	@ 0x4218
    3410:	e152000c 	cmp	r2, ip
    3414:	8a000114 	bhi	0x386c
    3418:	e7810002 	str	r0, [r1, r2]
    341c:	e594c014 	ldr	ip, [r4, #20]
    3420:	e28c00c8 	add	r0, ip, #200	@ 0xc8
    3424:	e594c014 	ldr	ip, [r4, #20]
    3428:	e28c1050 	add	r1, ip, #80	@ 0x50
    342c:	e594c014 	ldr	ip, [r4, #20]
    3430:	e28c20a0 	add	r2, ip, #160	@ 0xa0
    3434:	e3a0e000 	mov	lr, #0
    3438:	e584e024 	str	lr, [r4, #36]	@ 0x24
    343c:	e5847004 	str	r7, [r4, #4]
    3440:	e5840044 	str	r0, [r4, #68]	@ 0x44
    3444:	e5841048 	str	r1, [r4, #72]	@ 0x48
    3448:	e584204c 	str	r2, [r4, #76]	@ 0x4c
    344c:	e584800c 	str	r8, [r4, #12]
    3450:	e5849010 	str	r9, [r4, #16]
    3454:	e59f0dd8 	ldr	r0, [pc, #3544]	@ 0x4234
    3458:	e1a01004 	mov	r1, r4
    345c:	e59d2000 	ldr	r2, [sp]
    3460:	e59fcdd0 	ldr	ip, [pc, #3536]	@ 0x4238
    3464:	e12fff3c 	blx	ip
    3468:	e3500000 	cmp	r0, #0
    346c:	1a000101 	bne	0x3878
    3470:	e594003c 	ldr	r0, [r4, #60]	@ 0x3c
    3474:	e3500000 	cmp	r0, #0
    3478:	aa000002 	bge	0x3488
    347c:	e3e0e000 	mvn	lr, #0
    3480:	e584e010 	str	lr, [r4, #16]
    3484:	ea0000ef 	b	0x3848
    3488:	e5942000 	ldr	r2, [r4]
    348c:	e5951030 	ldr	r1, [r5, #48]	@ 0x30
    3490:	e292204c 	adds	r2, r2, #76	@ 0x4c
    3494:	2a0000f4 	bcs	0x386c
    3498:	e59fcd78 	ldr	ip, [pc, #3448]	@ 0x4218
    349c:	e152000c 	cmp	r2, ip
    34a0:	8a0000f1 	bhi	0x386c
    34a4:	e7910002 	ldr	r0, [r1, r2]
    34a8:	e3500000 	cmp	r0, #0
    34ac:	aa000002 	bge	0x34bc
    34b0:	e3a0e001 	mov	lr, #1
    34b4:	e584e018 	str	lr, [r4, #24]
    34b8:	ea00000b 	b	0x34ec
    34bc:	e59f0d78 	ldr	r0, [pc, #3448]	@ 0x423c
    34c0:	e1a01004 	mov	r1, r4
    34c4:	e59d2000 	ldr	r2, [sp]
    34c8:	e59fcd70 	ldr	ip, [pc, #3440]	@ 0x4240
    34cc:	e12fff3c 	blx	ip
    34d0:	e3500000 	cmp	r0, #0
    34d4:	1a0000e7 	bne	0x3878
    34d8:	e594003c 	ldr	r0, [r4, #60]	@ 0x3c
    34dc:	e3500000 	cmp	r0, #0
    34e0:	e3a0c000 	mov	ip, #0
    34e4:	03a0c001 	moveq	ip, #1
    34e8:	e584c018 	str	ip, [r4, #24]
    34ec:	e5942000 	ldr	r2, [r4]
    34f0:	e5951030 	ldr	r1, [r5, #48]	@ 0x30
    34f4:	e59fcd1c 	ldr	ip, [pc, #3356]	@ 0x4218
    34f8:	e152000c 	cmp	r2, ip
    34fc:	8a0000da 	bhi	0x386c
    3500:	e7910002 	ldr	r0, [r1, r2]
    3504:	e1a0a000 	mov	sl, r0
    3508:	e3c00020 	bic	r0, r0, #32
    350c:	e5942000 	ldr	r2, [r4]
    3510:	e5951030 	ldr	r1, [r5, #48]	@ 0x30
    3514:	e59fccfc 	ldr	ip, [pc, #3324]	@ 0x4218
    3518:	e152000c 	cmp	r2, ip
    351c:	8a0000d2 	bhi	0x386c
    3520:	e7810002 	str	r0, [r1, r2]
    3524:	e5942000 	ldr	r2, [r4]
    3528:	e5951030 	ldr	r1, [r5, #48]	@ 0x30
    352c:	e2922030 	adds	r2, r2, #48	@ 0x30
    3530:	2a0000cd 	bcs	0x386c
    3534:	e59fccdc 	ldr	ip, [pc, #3292]	@ 0x4218
    3538:	e152000c 	cmp	r2, ip
    353c:	8a0000ca 	bhi	0x386c
    3540:	e7910002 	ldr	r0, [r1, r2]
    3544:	e3500000 	cmp	r0, #0
    3548:	1a00002f 	bne	0x360c
    354c:	e5941000 	ldr	r1, [r4]
    3550:	e5950030 	ldr	r0, [r5, #48]	@ 0x30
    3554:	e2911030 	adds	r1, r1, #48	@ 0x30
    3558:	2a0000c3 	bcs	0x386c
    355c:	e59fccb4 	ldr	ip, [pc, #3252]	@ 0x4218
    3560:	e151000c 	cmp	r1, ip
    3564:	8a0000c0 	bhi	0x386c
    3568:	e3a0e050 	mov	lr, #80	@ 0x50
    356c:	e780e001 	str	lr, [r0, r1]
    3570:	e5941000 	ldr	r1, [r4]
    3574:	e5950030 	ldr	r0, [r5, #48]	@ 0x30
    3578:	e291101c 	adds	r1, r1, #28
    357c:	2a0000ba 	bcs	0x386c
    3580:	e59fcc90 	ldr	ip, [pc, #3216]	@ 0x4218
    3584:	e151000c 	cmp	r1, ip
    3588:	8a0000b7 	bhi	0x386c
    358c:	e3a0e000 	mov	lr, #0
    3590:	e780e001 	str	lr, [r0, r1]
    3594:	e5941000 	ldr	r1, [r4]
    3598:	e5950030 	ldr	r0, [r5, #48]	@ 0x30
    359c:	e2911010 	adds	r1, r1, #16
    35a0:	2a0000b1 	bcs	0x386c
    35a4:	e59fcc98 	ldr	ip, [pc, #3224]	@ 0x4244
    35a8:	e151000c 	cmp	r1, ip
    35ac:	8a0000ae 	bhi	0x386c
    35b0:	e0800001 	add	r0, r0, r1
    35b4:	e3a01000 	mov	r1, #0
    35b8:	e3a02000 	mov	r2, #0
    35bc:	e5802000 	str	r2, [r0]
    35c0:	e5801004 	str	r1, [r0, #4]
    35c4:	e5941000 	ldr	r1, [r4]
    35c8:	e5950030 	ldr	r0, [r5, #48]	@ 0x30
    35cc:	e291102c 	adds	r1, r1, #44	@ 0x2c
    35d0:	2a0000a5 	bcs	0x386c
    35d4:	e59fcc3c 	ldr	ip, [pc, #3132]	@ 0x4218
    35d8:	e151000c 	cmp	r1, ip
    35dc:	8a0000a2 	bhi	0x386c
    35e0:	e7906001 	ldr	r6, [r0, r1]
    35e4:	e5941000 	ldr	r1, [r4]
    35e8:	e5950030 	ldr	r0, [r5, #48]	@ 0x30
    35ec:	e5942014 	ldr	r2, [r4, #20]
    35f0:	e291102c 	adds	r1, r1, #44	@ 0x2c
    35f4:	2a00009c 	bcs	0x386c
    35f8:	e59fcc18 	ldr	ip, [pc, #3096]	@ 0x4218
    35fc:	e151000c 	cmp	r1, ip
    3600:	8a000099 	bhi	0x386c
    3604:	e7802001 	str	r2, [r0, r1]
    3608:	ea00000a 	b	0x3638
    360c:	e3a06000 	mov	r6, #0
    3610:	e5942000 	ldr	r2, [r4]
    3614:	e5951030 	ldr	r1, [r5, #48]	@ 0x30
    3618:	e2922010 	adds	r2, r2, #16
    361c:	2a000092 	bcs	0x386c
    3620:	e59fcbf0 	ldr	ip, [pc, #3056]	@ 0x4218
    3624:	e152000c 	cmp	r2, ip
    3628:	8a00008f 	bhi	0x386c
    362c:	e7910002 	ldr	r0, [r1, r2]
    3630:	e3500000 	cmp	r0, #0
    3634:	1a00000a 	bne	0x3664
    3638:	e3e0b000 	mvn	fp, #0
    363c:	e59f0c04 	ldr	r0, [pc, #3076]	@ 0x4248
    3640:	e1a01004 	mov	r1, r4
    3644:	e59d2000 	ldr	r2, [sp]
    3648:	e59fcbfc 	ldr	ip, [pc, #3068]	@ 0x424c
    364c:	e12fff3c 	blx	ip
    3650:	e3500000 	cmp	r0, #0
    3654:	1a000087 	bne	0x3878
    3658:	e594003c 	ldr	r0, [r4, #60]	@ 0x3c
    365c:	e3500000 	cmp	r0, #0
    3660:	1a000014 	bne	0x36b8
    3664:	e594c014 	ldr	ip, [r4, #20]
    3668:	e28c00c8 	add	r0, ip, #200	@ 0xc8
    366c:	e594c014 	ldr	ip, [r4, #20]
    3670:	e28c1050 	add	r1, ip, #80	@ 0x50
    3674:	e594c014 	ldr	ip, [r4, #20]
    3678:	e28c20a0 	add	r2, ip, #160	@ 0xa0
    367c:	e5847004 	str	r7, [r4, #4]
    3680:	e5840044 	str	r0, [r4, #68]	@ 0x44
    3684:	e5841048 	str	r1, [r4, #72]	@ 0x48
    3688:	e584204c 	str	r2, [r4, #76]	@ 0x4c
    368c:	e584800c 	str	r8, [r4, #12]
    3690:	e5849010 	str	r9, [r4, #16]
    3694:	e59f0bb4 	ldr	r0, [pc, #2996]	@ 0x4250
    3698:	e1a01004 	mov	r1, r4
    369c:	e59d2000 	ldr	r2, [sp]
    36a0:	e59fcbac 	ldr	ip, [pc, #2988]	@ 0x4254
    36a4:	e12fff3c 	blx	ip
    36a8:	e3500000 	cmp	r0, #0
    36ac:	1a000071 	bne	0x3878
    36b0:	e594003c 	ldr	r0, [r4, #60]	@ 0x3c
    36b4:	e1a0b000 	mov	fp, r0
    36b8:	e20aa020 	and	sl, sl, #32
    36bc:	e3560000 	cmp	r6, #0
    36c0:	0a000044 	beq	0x37d8
    36c4:	e5942000 	ldr	r2, [r4]
    36c8:	e5951030 	ldr	r1, [r5, #48]	@ 0x30
    36cc:	e2922024 	adds	r2, r2, #36	@ 0x24
    36d0:	2a000065 	bcs	0x386c
    36d4:	e59fcb3c 	ldr	ip, [pc, #2876]	@ 0x4218
    36d8:	e152000c 	cmp	r2, ip
    36dc:	8a000062 	bhi	0x386c
    36e0:	e7910002 	ldr	r0, [r1, r2]
    36e4:	e3a0e000 	mov	lr, #0
    36e8:	e584e024 	str	lr, [r4, #36]	@ 0x24
    36ec:	e3a0e000 	mov	lr, #0
    36f0:	e584e024 	str	lr, [r4, #36]	@ 0x24
    36f4:	e5840048 	str	r0, [r4, #72]	@ 0x48
    36f8:	e3a009ff 	mov	r0, #4177920	@ 0x3fc000
    36fc:	e3800d92 	orr	r0, r0, #9344	@ 0x2480
    3700:	e1a01004 	mov	r1, r4
    3704:	e59d2000 	ldr	r2, [sp]
    3708:	e59fcb48 	ldr	ip, [pc, #2888]	@ 0x4258
    370c:	e12fff3c 	blx	ip
    3710:	e3500000 	cmp	r0, #0
    3714:	1a000057 	bne	0x3878
    3718:	e5941000 	ldr	r1, [r4]
    371c:	e5950030 	ldr	r0, [r5, #48]	@ 0x30
    3720:	e2911030 	adds	r1, r1, #48	@ 0x30
    3724:	2a000050 	bcs	0x386c
    3728:	e59fcae8 	ldr	ip, [pc, #2792]	@ 0x4218
    372c:	e151000c 	cmp	r1, ip
    3730:	8a00004d 	bhi	0x386c
    3734:	e3a0e000 	mov	lr, #0
    3738:	e780e001 	str	lr, [r0, r1]
    373c:	e5941000 	ldr	r1, [r4]
    3740:	e5950030 	ldr	r0, [r5, #48]	@ 0x30
    3744:	e291102c 	adds	r1, r1, #44	@ 0x2c
    3748:	2a000047 	bcs	0x386c
    374c:	e59fcac4 	ldr	ip, [pc, #2756]	@ 0x4218
    3750:	e151000c 	cmp	r1, ip
    3754:	8a000044 	bhi	0x386c
    3758:	e7806001 	str	r6, [r0, r1]
    375c:	e5941000 	ldr	r1, [r4]
    3760:	e5950030 	ldr	r0, [r5, #48]	@ 0x30
    3764:	e291101c 	adds	r1, r1, #28
    3768:	2a00003f 	bcs	0x386c
    376c:	e59fcaa4 	ldr	ip, [pc, #2724]	@ 0x4218
    3770:	e151000c 	cmp	r1, ip
    3774:	8a00003c 	bhi	0x386c
    3778:	e3a0e000 	mov	lr, #0
    377c:	e780e001 	str	lr, [r0, r1]
    3780:	e5942000 	ldr	r2, [r4]
    3784:	e5951030 	ldr	r1, [r5, #48]	@ 0x30
    3788:	e2922014 	adds	r2, r2, #20
    378c:	2a000036 	bcs	0x386c
    3790:	e59fca80 	ldr	ip, [pc, #2688]	@ 0x4218
    3794:	e152000c 	cmp	r2, ip
    3798:	8a000033 	bhi	0x386c
    379c:	e7910002 	ldr	r0, [r1, r2]
    37a0:	e5942000 	ldr	r2, [r4]
    37a4:	e5951030 	ldr	r1, [r5, #48]	@ 0x30
    37a8:	e2922010 	adds	r2, r2, #16
    37ac:	2a00002e 	bcs	0x386c
    37b0:	e59fca8c 	ldr	ip, [pc, #2700]	@ 0x4244
    37b4:	e152000c 	cmp	r2, ip
    37b8:	8a00002b 	bhi	0x386c
    37bc:	e0811002 	add	r1, r1, r2
    37c0:	e3a02000 	mov	r2, #0
    37c4:	e3a03000 	mov	r3, #0
    37c8:	e5813000 	str	r3, [r1]
    37cc:	e5812004 	str	r2, [r1, #4]
    37d0:	e3500000 	cmp	r0, #0
    37d4:	03e0b000 	mvneq	fp, #0
    37d8:	e5942000 	ldr	r2, [r4]
    37dc:	e5951030 	ldr	r1, [r5, #48]	@ 0x30
    37e0:	e59fca30 	ldr	ip, [pc, #2608]	@ 0x4218
    37e4:	e152000c 	cmp	r2, ip
    37e8:	8a00001f 	bhi	0x386c
    37ec:	e7910002 	ldr	r0, [r1, r2]
    37f0:	e1a01000 	mov	r1, r0
    37f4:	e180000a 	orr	r0, r0, sl
    37f8:	e5943000 	ldr	r3, [r4]
    37fc:	e5952030 	ldr	r2, [r5, #48]	@ 0x30
    3800:	e59fca10 	ldr	ip, [pc, #2576]	@ 0x4218
    3804:	e153000c 	cmp	r3, ip
    3808:	8a000017 	bhi	0x386c
    380c:	e7820003 	str	r0, [r2, r3]
    3810:	e3110020 	tst	r1, #32
    3814:	e3e0e000 	mvn	lr, #0
    3818:	01a0e00b 	moveq	lr, fp
    381c:	e584e010 	str	lr, [r4, #16]
    3820:	e594c018 	ldr	ip, [r4, #24]
    3824:	e35c0000 	cmp	ip, #0
    3828:	1a000006 	bne	0x3848
    382c:	e59f0a28 	ldr	r0, [pc, #2600]	@ 0x425c
    3830:	e1a01004 	mov	r1, r4
    3834:	e59d2000 	ldr	r2, [sp]
    3838:	e59fca20 	ldr	ip, [pc, #2592]	@ 0x4260
    383c:	e12fff3c 	blx	ip
    3840:	e3500000 	cmp	r0, #0
    3844:	1a00000b 	bne	0x3878
    3848:	e594c014 	ldr	ip, [r4, #20]
    384c:	e28c00d0 	add	r0, ip, #208	@ 0xd0
    3850:	e595103c 	ldr	r1, [r5, #60]	@ 0x3c
    3854:	e5810008 	str	r0, [r1, #8]
    3858:	e59f0a04 	ldr	r0, [pc, #2564]	@ 0x4264
    385c:	e30ccabc 	movw	ip, #51900	@ 0xcabc
    3860:	e34ccdef 	movt	ip, #52719	@ 0xcdef
    3864:	e28dd004 	add	sp, sp, #4
    3868:	e8bd8fc0 	pop	{r6, r7, r8, r9, sl, fp, pc}
    386c:	e3a00008 	mov	r0, #8
    3870:	e59d1000 	ldr	r1, [sp]
    3874:	e5810010 	str	r0, [r1, #16]
    3878:	e59d0000 	ldr	r0, [sp]
    387c:	e59d101c 	ldr	r1, [sp, #28]
    3880:	e59fc9e0 	ldr	ip, [pc, #2528]	@ 0x4268
    3884:	e12fff3c 	blx	ip
    3888:	e28dd004 	add	sp, sp, #4
    388c:	e8bd0fc0 	pop	{r6, r7, r8, r9, sl, fp}
    3890:	e28dd004 	add	sp, sp, #4
    3894:	e12fff10 	bx	r0
    3898:	e92d4fc0 	push	{r6, r7, r8, r9, sl, fp, lr}
    389c:	e24dd004 	sub	sp, sp, #4
    38a0:	e58d0000 	str	r0, [sp]
    38a4:	e30cc123 	movw	ip, #49443	@ 0xc123
    38a8:	e34cc456 	movt	ip, #50262	@ 0xc456
    38ac:	e595e03c 	ldr	lr, [r5, #60]	@ 0x3c
    38b0:	e59e0008 	ldr	r0, [lr, #8]
    38b4:	e2400040 	sub	r0, r0, #64	@ 0x40
    38b8:	e584001c 	str	r0, [r4, #28]
    38bc:	e595103c 	ldr	r1, [r5, #60]	@ 0x3c
    38c0:	e5810008 	str	r0, [r1, #8]
    38c4:	e594101c 	ldr	r1, [r4, #28]
    38c8:	e5950030 	ldr	r0, [r5, #48]	@ 0x30
    38cc:	e5942004 	ldr	r2, [r4, #4]
    38d0:	e291103c 	adds	r1, r1, #60	@ 0x3c
    38d4:	2a000610 	bcs	0x511c
    38d8:	e59fc938 	ldr	ip, [pc, #2360]	@ 0x4218
    38dc:	e151000c 	cmp	r1, ip
    38e0:	8a00060d 	bhi	0x511c
    38e4:	e7802001 	str	r2, [r0, r1]
    38e8:	e594c01c 	ldr	ip, [r4, #28]
    38ec:	e28ce029 	add	lr, ip, #41	@ 0x29
    38f0:	e584e020 	str	lr, [r4, #32]
    38f4:	e594c01c 	ldr	ip, [r4, #28]
    38f8:	e28ce027 	add	lr, ip, #39	@ 0x27
    38fc:	e584e024 	str	lr, [r4, #36]	@ 0x24
    3900:	e594c01c 	ldr	ip, [r4, #28]
    3904:	e28ce028 	add	lr, ip, #40	@ 0x28
    3908:	e584e028 	str	lr, [r4, #40]	@ 0x28
    390c:	e3a0e000 	mov	lr, #0
    3910:	e584e02c 	str	lr, [r4, #44]	@ 0x2c
    3914:	e3a0e000 	mov	lr, #0
    3918:	e584e030 	str	lr, [r4, #48]	@ 0x30
    391c:	e3a0e000 	mov	lr, #0
    3920:	e584e034 	str	lr, [r4, #52]	@ 0x34
    3924:	e594e004 	ldr	lr, [r4, #4]
    3928:	e584e038 	str	lr, [r4, #56]	@ 0x38
    392c:	e594c030 	ldr	ip, [r4, #48]	@ 0x30
    3930:	e3e0e480 	mvn	lr, #128, 8	@ 0x80000000
    3934:	e02c000e 	eor	r0, ip, lr
    3938:	e594c034 	ldr	ip, [r4, #52]	@ 0x34
    393c:	e15c0000 	cmp	ip, r0
    3940:	ca0005da 	bgt	0x50b0
    3944:	e594e030 	ldr	lr, [r4, #48]	@ 0x30
    3948:	e594c034 	ldr	ip, [r4, #52]	@ 0x34
    394c:	e08ce00e 	add	lr, ip, lr
    3950:	e584e030 	str	lr, [r4, #48]	@ 0x30
    3954:	e594e038 	ldr	lr, [r4, #56]	@ 0x38
    3958:	e584e034 	str	lr, [r4, #52]	@ 0x34
    395c:	e5943038 	ldr	r3, [r4, #56]	@ 0x38
    3960:	e5952030 	ldr	r2, [r5, #48]	@ 0x30
    3964:	e3e0c4fe 	mvn	ip, #-33554432	@ 0xfe000000
    3968:	e3ccc8fe 	bic	ip, ip, #16646144	@ 0xfe0000
    396c:	e153000c 	cmp	r3, ip
    3970:	8a0005e9 	bhi	0x511c
    3974:	e7d21003 	ldrb	r1, [r2, r3]
    3978:	e584103c 	str	r1, [r4, #60]	@ 0x3c
    397c:	e3510000 	cmp	r1, #0
    3980:	0a00050e 	beq	0x4dc0
    3984:	e594c03c 	ldr	ip, [r4, #60]	@ 0x3c
    3988:	e20c10ff 	and	r1, ip, #255	@ 0xff
    398c:	e1a03001 	mov	r3, r1
    3990:	e3510000 	cmp	r1, #0
    3994:	1a000002 	bne	0x39a4
    3998:	e594e034 	ldr	lr, [r4, #52]	@ 0x34
    399c:	e584e004 	str	lr, [r4, #4]
    39a0:	ea000020 	b	0x3a28
    39a4:	e3530025 	cmp	r3, #37	@ 0x25
    39a8:	1a0004f6 	bne	0x4d88
    39ac:	e5941034 	ldr	r1, [r4, #52]	@ 0x34
    39b0:	e1a08001 	mov	r8, r1
    39b4:	e5957030 	ldr	r7, [r5, #48]	@ 0x30
    39b8:	e2988001 	adds	r8, r8, #1
    39bc:	2a0005d6 	bcs	0x511c
    39c0:	e3e0c4fe 	mvn	ip, #-33554432	@ 0xfe000000
    39c4:	e3ccc8fe 	bic	ip, ip, #16646144	@ 0xfe0000
    39c8:	e158000c 	cmp	r8, ip
    39cc:	8a0005d2 	bhi	0x511c
    39d0:	e7d73008 	ldrb	r3, [r7, r8]
    39d4:	e3530025 	cmp	r3, #37	@ 0x25
    39d8:	0a000001 	beq	0x39e4
    39dc:	e5841004 	str	r1, [r4, #4]
    39e0:	ea000010 	b	0x3a28
    39e4:	e594c034 	ldr	ip, [r4, #52]	@ 0x34
    39e8:	e28ce001 	add	lr, ip, #1
    39ec:	e584e034 	str	lr, [r4, #52]	@ 0x34
    39f0:	e1a08001 	mov	r8, r1
    39f4:	e5957030 	ldr	r7, [r5, #48]	@ 0x30
    39f8:	e2988002 	adds	r8, r8, #2
    39fc:	2a0005c6 	bcs	0x511c
    3a00:	e3e0c4fe 	mvn	ip, #-33554432	@ 0xfe000000
    3a04:	e3ccc8fe 	bic	ip, ip, #16646144	@ 0xfe0000
    3a08:	e158000c 	cmp	r8, ip
    3a0c:	8a0005c2 	bhi	0x511c
    3a10:	e7d73008 	ldrb	r3, [r7, r8]
    3a14:	e2817002 	add	r7, r1, #2
    3a18:	e5847004 	str	r7, [r4, #4]
    3a1c:	e1a01007 	mov	r1, r7
    3a20:	e3530025 	cmp	r3, #37	@ 0x25
    3a24:	0affffe1 	beq	0x39b0
    3a28:	e594e038 	ldr	lr, [r4, #56]	@ 0x38
    3a2c:	e594c034 	ldr	ip, [r4, #52]	@ 0x34
    3a30:	e04c100e 	sub	r1, ip, lr
    3a34:	e5841034 	str	r1, [r4, #52]	@ 0x34
    3a38:	e594c030 	ldr	ip, [r4, #48]	@ 0x30
    3a3c:	e3e0e480 	mvn	lr, #128, 8	@ 0x80000000
    3a40:	e02c300e 	eor	r3, ip, lr
    3a44:	e584303c 	str	r3, [r4, #60]	@ 0x3c
    3a48:	e1510003 	cmp	r1, r3
    3a4c:	ca000597 	bgt	0x50b0
    3a50:	e594c000 	ldr	ip, [r4]
    3a54:	e35c0000 	cmp	ip, #0
    3a58:	0a000006 	beq	0x3a78
    3a5c:	e59f0808 	ldr	r0, [pc, #2056]	@ 0x426c
    3a60:	e1a01004 	mov	r1, r4
    3a64:	e59d2000 	ldr	r2, [sp]
    3a68:	e59fc800 	ldr	ip, [pc, #2048]	@ 0x4270
    3a6c:	e12fff3c 	blx	ip
    3a70:	e3500000 	cmp	r0, #0
    3a74:	1a0005ab 	bne	0x5128
    3a78:	e594c034 	ldr	ip, [r4, #52]	@ 0x34
    3a7c:	e35c0000 	cmp	ip, #0
    3a80:	1affffa7 	bne	0x3924
    3a84:	e594301c 	ldr	r3, [r4, #28]
    3a88:	e5951030 	ldr	r1, [r5, #48]	@ 0x30
    3a8c:	e5948004 	ldr	r8, [r4, #4]
    3a90:	e293303c 	adds	r3, r3, #60	@ 0x3c
    3a94:	2a0005a0 	bcs	0x511c
    3a98:	e59fc778 	ldr	ip, [pc, #1912]	@ 0x4218
    3a9c:	e153000c 	cmp	r3, ip
    3aa0:	8a00059d 	bhi	0x511c
    3aa4:	e7818003 	str	r8, [r1, r3]
    3aa8:	e594c004 	ldr	ip, [r4, #4]
    3aac:	e28c1001 	add	r1, ip, #1
    3ab0:	e3e08000 	mvn	r8, #0
    3ab4:	e594a004 	ldr	sl, [r4, #4]
    3ab8:	e5959030 	ldr	r9, [r5, #48]	@ 0x30
    3abc:	e29aa001 	adds	sl, sl, #1
    3ac0:	2a000595 	bcs	0x511c
    3ac4:	e3e0c4fe 	mvn	ip, #-33554432	@ 0xfe000000
    3ac8:	e3ccc8fe 	bic	ip, ip, #16646144	@ 0xfe0000
    3acc:	e15a000c 	cmp	sl, ip
    3ad0:	8a000591 	bhi	0x511c
    3ad4:	e19930da 	ldrsb	r3, [r9, sl]
    3ad8:	e2433030 	sub	r3, r3, #48	@ 0x30
    3adc:	e1a09003 	mov	r9, r3
    3ae0:	e3530009 	cmp	r3, #9
    3ae4:	8a00000f 	bhi	0x3b28
    3ae8:	e594b004 	ldr	fp, [r4, #4]
    3aec:	e595a030 	ldr	sl, [r5, #48]	@ 0x30
    3af0:	e29bb002 	adds	fp, fp, #2
    3af4:	2a000588 	bcs	0x511c
    3af8:	e3e0c4fe 	mvn	ip, #-33554432	@ 0xfe000000
    3afc:	e3ccc8fe 	bic	ip, ip, #16646144	@ 0xfe0000
    3b00:	e15b000c 	cmp	fp, ip
    3b04:	8a000584 	bhi	0x511c
    3b08:	e7da300b 	ldrb	r3, [sl, fp]
    3b0c:	e3530024 	cmp	r3, #36	@ 0x24
    3b10:	1a000004 	bne	0x3b28
    3b14:	e594c004 	ldr	ip, [r4, #4]
    3b18:	e28c1003 	add	r1, ip, #3
    3b1c:	e3a0e001 	mov	lr, #1
    3b20:	e584e02c 	str	lr, [r4, #44]	@ 0x2c
    3b24:	e1a08009 	mov	r8, r9
    3b28:	e594901c 	ldr	r9, [r4, #28]
    3b2c:	e5953030 	ldr	r3, [r5, #48]	@ 0x30
    3b30:	e299903c 	adds	r9, r9, #60	@ 0x3c
    3b34:	2a000578 	bcs	0x511c
    3b38:	e59fc6d8 	ldr	ip, [pc, #1752]	@ 0x4218
    3b3c:	e159000c 	cmp	r9, ip
    3b40:	8a000575 	bhi	0x511c
    3b44:	e7831009 	str	r1, [r3, r9]
    3b48:	e3a09000 	mov	r9, #0
    3b4c:	e1a0b001 	mov	fp, r1
    3b50:	e595a030 	ldr	sl, [r5, #48]	@ 0x30
    3b54:	e3e0c4fe 	mvn	ip, #-33554432	@ 0xfe000000
    3b58:	e3ccc8fe 	bic	ip, ip, #16646144	@ 0xfe0000
    3b5c:	e15b000c 	cmp	fp, ip
    3b60:	8a00056d 	bhi	0x511c
    3b64:	e19a30db 	ldrsb	r3, [sl, fp]
    3b68:	e1a0a003 	mov	sl, r3
    3b6c:	e2433020 	sub	r3, r3, #32
    3b70:	e1a0b003 	mov	fp, r3
    3b74:	e353001f 	cmp	r3, #31
    3b78:	9a000001 	bls	0x3b84
    3b7c:	e1a03001 	mov	r3, r1
    3b80:	ea00002b 	b	0x3c34
    3b84:	e3a09000 	mov	r9, #0
    3b88:	e1a03001 	mov	r3, r1
    3b8c:	e3a0c001 	mov	ip, #1
    3b90:	e20be01f 	and	lr, fp, #31
    3b94:	e1a0be1c 	lsl	fp, ip, lr
    3b98:	e1a0600b 	mov	r6, fp
    3b9c:	e3a0cb4a 	mov	ip, #75776	@ 0x12800
    3ba0:	e38cc089 	orr	ip, ip, #137	@ 0x89
    3ba4:	e11b000c 	tst	fp, ip
    3ba8:	0a000021 	beq	0x3c34
    3bac:	e281b001 	add	fp, r1, #1
    3bb0:	e1a0300b 	mov	r3, fp
    3bb4:	e594001c 	ldr	r0, [r4, #28]
    3bb8:	e5957030 	ldr	r7, [r5, #48]	@ 0x30
    3bbc:	e290003c 	adds	r0, r0, #60	@ 0x3c
    3bc0:	2a000555 	bcs	0x511c
    3bc4:	e59fc64c 	ldr	ip, [pc, #1612]	@ 0x4218
    3bc8:	e150000c 	cmp	r0, ip
    3bcc:	8a000552 	bhi	0x511c
    3bd0:	e787b000 	str	fp, [r7, r0]
    3bd4:	e1869009 	orr	r9, r6, r9
    3bd8:	e1a0b001 	mov	fp, r1
    3bdc:	e5957030 	ldr	r7, [r5, #48]	@ 0x30
    3be0:	e29bb001 	adds	fp, fp, #1
    3be4:	2a00054c 	bcs	0x511c
    3be8:	e3e0c4fe 	mvn	ip, #-33554432	@ 0xfe000000
    3bec:	e3ccc8fe 	bic	ip, ip, #16646144	@ 0xfe0000
    3bf0:	e15b000c 	cmp	fp, ip
    3bf4:	8a000548 	bhi	0x511c
    3bf8:	e19700db 	ldrsb	r0, [r7, fp]
    3bfc:	e1a0a000 	mov	sl, r0
    3c00:	e2400020 	sub	r0, r0, #32
    3c04:	e1a07000 	mov	r7, r0
    3c08:	e3500020 	cmp	r0, #32
    3c0c:	2a000008 	bcs	0x3c34
    3c10:	e1a01003 	mov	r1, r3
    3c14:	e3a0c001 	mov	ip, #1
    3c18:	e207e01f 	and	lr, r7, #31
    3c1c:	e1a07e1c 	lsl	r7, ip, lr
    3c20:	e1a06007 	mov	r6, r7
    3c24:	e3a0cb4a 	mov	ip, #75776	@ 0x12800
    3c28:	e38cc089 	orr	ip, ip, #137	@ 0x89
    3c2c:	e117000c 	tst	r7, ip
    3c30:	1affffdd 	bne	0x3bac
    3c34:	e35a002a 	cmp	sl, #42	@ 0x2a
    3c38:	1a000071 	bne	0x3e04
    3c3c:	e1a06003 	mov	r6, r3
    3c40:	e5951030 	ldr	r1, [r5, #48]	@ 0x30
    3c44:	e2966001 	adds	r6, r6, #1
    3c48:	2a000533 	bcs	0x511c
    3c4c:	e3e0c4fe 	mvn	ip, #-33554432	@ 0xfe000000
    3c50:	e3ccc8fe 	bic	ip, ip, #16646144	@ 0xfe0000
    3c54:	e156000c 	cmp	r6, ip
    3c58:	8a00052f 	bhi	0x511c
    3c5c:	e19100d6 	ldrsb	r0, [r1, r6]
    3c60:	e2400030 	sub	r0, r0, #48	@ 0x30
    3c64:	e1a01000 	mov	r1, r0
    3c68:	e3500009 	cmp	r0, #9
    3c6c:	8a000027 	bhi	0x3d10
    3c70:	e1a07003 	mov	r7, r3
    3c74:	e5956030 	ldr	r6, [r5, #48]	@ 0x30
    3c78:	e2977002 	adds	r7, r7, #2
    3c7c:	2a000526 	bcs	0x511c
    3c80:	e3e0c4fe 	mvn	ip, #-33554432	@ 0xfe000000
    3c84:	e3ccc8fe 	bic	ip, ip, #16646144	@ 0xfe0000
    3c88:	e157000c 	cmp	r7, ip
    3c8c:	8a000522 	bhi	0x511c
    3c90:	e7d60007 	ldrb	r0, [r6, r7]
    3c94:	e3500024 	cmp	r0, #36	@ 0x24
    3c98:	1a00001c 	bne	0x3d10
    3c9c:	e594c000 	ldr	ip, [r4]
    3ca0:	e35c0000 	cmp	ip, #0
    3ca4:	1a00000b 	bne	0x3cd8
    3ca8:	e1a00101 	lsl	r0, r1, #2
    3cac:	e594c010 	ldr	ip, [r4, #16]
    3cb0:	e08c0000 	add	r0, ip, r0
    3cb4:	e5956030 	ldr	r6, [r5, #48]	@ 0x30
    3cb8:	e59fc558 	ldr	ip, [pc, #1368]	@ 0x4218
    3cbc:	e150000c 	cmp	r0, ip
    3cc0:	8a000515 	bhi	0x511c
    3cc4:	e3a0e00a 	mov	lr, #10
    3cc8:	e786e000 	str	lr, [r6, r0]
    3ccc:	e3a0e000 	mov	lr, #0
    3cd0:	e584e050 	str	lr, [r4, #80]	@ 0x50
    3cd4:	ea000008 	b	0x3cfc
    3cd8:	e1a01181 	lsl	r1, r1, #3
    3cdc:	e594c00c 	ldr	ip, [r4, #12]
    3ce0:	e08c1001 	add	r1, ip, r1
    3ce4:	e5950030 	ldr	r0, [r5, #48]	@ 0x30
    3ce8:	e59fc528 	ldr	ip, [pc, #1320]	@ 0x4218
    3cec:	e151000c 	cmp	r1, ip
    3cf0:	8a000509 	bhi	0x511c
    3cf4:	e790e001 	ldr	lr, [r0, r1]
    3cf8:	e584e050 	str	lr, [r4, #80]	@ 0x50
    3cfc:	e283e003 	add	lr, r3, #3
    3d00:	e584e004 	str	lr, [r4, #4]
    3d04:	e3a0e001 	mov	lr, #1
    3d08:	e584e02c 	str	lr, [r4, #44]	@ 0x2c
    3d0c:	ea00002b 	b	0x3dc0
    3d10:	e594c02c 	ldr	ip, [r4, #44]	@ 0x2c
    3d14:	e35c0000 	cmp	ip, #0
    3d18:	1a000465 	bne	0x4eb4
    3d1c:	e283e001 	add	lr, r3, #1
    3d20:	e584e004 	str	lr, [r4, #4]
    3d24:	e594c000 	ldr	ip, [r4]
    3d28:	e35c0000 	cmp	ip, #0
    3d2c:	1a00000d 	bne	0x3d68
    3d30:	e594101c 	ldr	r1, [r4, #28]
    3d34:	e5950030 	ldr	r0, [r5, #48]	@ 0x30
    3d38:	e5943004 	ldr	r3, [r4, #4]
    3d3c:	e291103c 	adds	r1, r1, #60	@ 0x3c
    3d40:	2a0004f5 	bcs	0x511c
    3d44:	e59fc4cc 	ldr	ip, [pc, #1228]	@ 0x4218
    3d48:	e151000c 	cmp	r1, ip
    3d4c:	8a0004f2 	bhi	0x511c
    3d50:	e7803001 	str	r3, [r0, r1]
    3d54:	e3a0e000 	mov	lr, #0
    3d58:	e584e02c 	str	lr, [r4, #44]	@ 0x2c
    3d5c:	e3a0e000 	mov	lr, #0
    3d60:	e584e050 	str	lr, [r4, #80]	@ 0x50
    3d64:	ea00003d 	b	0x3e60
    3d68:	e5943008 	ldr	r3, [r4, #8]
    3d6c:	e5951030 	ldr	r1, [r5, #48]	@ 0x30
    3d70:	e59fc4a0 	ldr	ip, [pc, #1184]	@ 0x4218
    3d74:	e153000c 	cmp	r3, ip
    3d78:	8a0004e7 	bhi	0x511c
    3d7c:	e7910003 	ldr	r0, [r1, r3]
    3d80:	e1a01000 	mov	r1, r0
    3d84:	e2800004 	add	r0, r0, #4
    3d88:	e5947008 	ldr	r7, [r4, #8]
    3d8c:	e5953030 	ldr	r3, [r5, #48]	@ 0x30
    3d90:	e59fc480 	ldr	ip, [pc, #1152]	@ 0x4218
    3d94:	e157000c 	cmp	r7, ip
    3d98:	8a0004df 	bhi	0x511c
    3d9c:	e7830007 	str	r0, [r3, r7]
    3da0:	e5950030 	ldr	r0, [r5, #48]	@ 0x30
    3da4:	e59fc46c 	ldr	ip, [pc, #1132]	@ 0x4218
    3da8:	e151000c 	cmp	r1, ip
    3dac:	8a0004da 	bhi	0x511c
    3db0:	e790e001 	ldr	lr, [r0, r1]
    3db4:	e584e050 	str	lr, [r4, #80]	@ 0x50
    3db8:	e3a0e000 	mov	lr, #0
    3dbc:	e584e02c 	str	lr, [r4, #44]	@ 0x2c
    3dc0:	e594101c 	ldr	r1, [r4, #28]
    3dc4:	e5950030 	ldr	r0, [r5, #48]	@ 0x30
    3dc8:	e5943004 	ldr	r3, [r4, #4]
    3dcc:	e291103c 	adds	r1, r1, #60	@ 0x3c
    3dd0:	2a0004d1 	bcs	0x511c
    3dd4:	e59fc43c 	ldr	ip, [pc, #1084]	@ 0x4218
    3dd8:	e151000c 	cmp	r1, ip
    3ddc:	8a0004ce 	bhi	0x511c
    3de0:	e7803001 	str	r3, [r0, r1]
    3de4:	e594c050 	ldr	ip, [r4, #80]	@ 0x50
    3de8:	e37c0001 	cmn	ip, #1
    3dec:	ca00001b 	bgt	0x3e60
    3df0:	e594c050 	ldr	ip, [r4, #80]	@ 0x50
    3df4:	e26ce000 	rsb	lr, ip, #0
    3df8:	e584e050 	str	lr, [r4, #80]	@ 0x50
    3dfc:	e3899d80 	orr	r9, r9, #128, 26	@ 0x2000
    3e00:	ea000016 	b	0x3e60
    3e04:	e594c01c 	ldr	ip, [r4, #28]
    3e08:	e28c003c 	add	r0, ip, #60	@ 0x3c
    3e0c:	e5840088 	str	r0, [r4, #136]	@ 0x88
    3e10:	e59f045c 	ldr	r0, [pc, #1116]	@ 0x4274
    3e14:	e1a01004 	mov	r1, r4
    3e18:	e59d2000 	ldr	r2, [sp]
    3e1c:	e59fc454 	ldr	ip, [pc, #1108]	@ 0x4278
    3e20:	e12fff3c 	blx	ip
    3e24:	e3500000 	cmp	r0, #0
    3e28:	1a0004be 	bne	0x5128
    3e2c:	e5940088 	ldr	r0, [r4, #136]	@ 0x88
    3e30:	e5840050 	str	r0, [r4, #80]	@ 0x50
    3e34:	e3500000 	cmp	r0, #0
    3e38:	ba00049c 	blt	0x50b0
    3e3c:	e594101c 	ldr	r1, [r4, #28]
    3e40:	e5950030 	ldr	r0, [r5, #48]	@ 0x30
    3e44:	e291103c 	adds	r1, r1, #60	@ 0x3c
    3e48:	2a0004b3 	bcs	0x511c
    3e4c:	e59fc3c4 	ldr	ip, [pc, #964]	@ 0x4218
    3e50:	e151000c 	cmp	r1, ip
    3e54:	8a0004b0 	bhi	0x511c
    3e58:	e790e001 	ldr	lr, [r0, r1]
    3e5c:	e584e004 	str	lr, [r4, #4]
    3e60:	e3a07000 	mov	r7, #0
    3e64:	e3e0e000 	mvn	lr, #0
    3e68:	e584e054 	str	lr, [r4, #84]	@ 0x54
    3e6c:	e5943004 	ldr	r3, [r4, #4]
    3e70:	e5951030 	ldr	r1, [r5, #48]	@ 0x30
    3e74:	e3e0c4fe 	mvn	ip, #-33554432	@ 0xfe000000
    3e78:	e3ccc8fe 	bic	ip, ip, #16646144	@ 0xfe0000
    3e7c:	e153000c 	cmp	r3, ip
    3e80:	8a0004a5 	bhi	0x511c
    3e84:	e7d10003 	ldrb	r0, [r1, r3]
    3e88:	e350002e 	cmp	r0, #46	@ 0x2e
    3e8c:	0a000001 	beq	0x3e98
    3e90:	e3a0b000 	mov	fp, #0
    3e94:	ea00008c 	b	0x40cc
    3e98:	e5943004 	ldr	r3, [r4, #4]
    3e9c:	e5951030 	ldr	r1, [r5, #48]	@ 0x30
    3ea0:	e2933001 	adds	r3, r3, #1
    3ea4:	2a00049c 	bcs	0x511c
    3ea8:	e3e0c4fe 	mvn	ip, #-33554432	@ 0xfe000000
    3eac:	e3ccc8fe 	bic	ip, ip, #16646144	@ 0xfe0000
    3eb0:	e153000c 	cmp	r3, ip
    3eb4:	8a000498 	bhi	0x511c
    3eb8:	e7d10003 	ldrb	r0, [r1, r3]
    3ebc:	e350002a 	cmp	r0, #42	@ 0x2a
    3ec0:	1a000061 	bne	0x404c
    3ec4:	e5943004 	ldr	r3, [r4, #4]
    3ec8:	e5951030 	ldr	r1, [r5, #48]	@ 0x30
    3ecc:	e2933002 	adds	r3, r3, #2
    3ed0:	2a000491 	bcs	0x511c
    3ed4:	e3e0c4fe 	mvn	ip, #-33554432	@ 0xfe000000
    3ed8:	e3ccc8fe 	bic	ip, ip, #16646144	@ 0xfe0000
    3edc:	e153000c 	cmp	r3, ip
    3ee0:	8a00048d 	bhi	0x511c
    3ee4:	e19100d3 	ldrsb	r0, [r1, r3]
    3ee8:	e2400030 	sub	r0, r0, #48	@ 0x30
    3eec:	e1a01000 	mov	r1, r0
    3ef0:	e3500009 	cmp	r0, #9
    3ef4:	8a000026 	bhi	0x3f94
    3ef8:	e5946004 	ldr	r6, [r4, #4]
    3efc:	e5953030 	ldr	r3, [r5, #48]	@ 0x30
    3f00:	e2966003 	adds	r6, r6, #3
    3f04:	2a000484 	bcs	0x511c
    3f08:	e3e0c4fe 	mvn	ip, #-33554432	@ 0xfe000000
    3f0c:	e3ccc8fe 	bic	ip, ip, #16646144	@ 0xfe0000
    3f10:	e156000c 	cmp	r6, ip
    3f14:	8a000480 	bhi	0x511c
    3f18:	e7d30006 	ldrb	r0, [r3, r6]
    3f1c:	e3500024 	cmp	r0, #36	@ 0x24
    3f20:	1a00001b 	bne	0x3f94
    3f24:	e594c000 	ldr	ip, [r4]
    3f28:	e35c0000 	cmp	ip, #0
    3f2c:	1a00000b 	bne	0x3f60
    3f30:	e1a00101 	lsl	r0, r1, #2
    3f34:	e594c010 	ldr	ip, [r4, #16]
    3f38:	e08c0000 	add	r0, ip, r0
    3f3c:	e5953030 	ldr	r3, [r5, #48]	@ 0x30
    3f40:	e59fc2d0 	ldr	ip, [pc, #720]	@ 0x4218
    3f44:	e150000c 	cmp	r0, ip
    3f48:	8a000473 	bhi	0x511c
    3f4c:	e3a0e00a 	mov	lr, #10
    3f50:	e783e000 	str	lr, [r3, r0]
    3f54:	e3a0e000 	mov	lr, #0
    3f58:	e584e054 	str	lr, [r4, #84]	@ 0x54
    3f5c:	ea000008 	b	0x3f84
    3f60:	e1a01181 	lsl	r1, r1, #3
    3f64:	e594c00c 	ldr	ip, [r4, #12]
    3f68:	e08c1001 	add	r1, ip, r1
    3f6c:	e5950030 	ldr	r0, [r5, #48]	@ 0x30
    3f70:	e59fc2a0 	ldr	ip, [pc, #672]	@ 0x4218
    3f74:	e151000c 	cmp	r1, ip
    3f78:	8a000467 	bhi	0x511c
    3f7c:	e790e001 	ldr	lr, [r0, r1]
    3f80:	e584e054 	str	lr, [r4, #84]	@ 0x54
    3f84:	e594c004 	ldr	ip, [r4, #4]
    3f88:	e28ce004 	add	lr, ip, #4
    3f8c:	e584e004 	str	lr, [r4, #4]
    3f90:	ea00001f 	b	0x4014
    3f94:	e594c02c 	ldr	ip, [r4, #44]	@ 0x2c
    3f98:	e35c0000 	cmp	ip, #0
    3f9c:	1a0003c4 	bne	0x4eb4
    3fa0:	e594c004 	ldr	ip, [r4, #4]
    3fa4:	e28ce002 	add	lr, ip, #2
    3fa8:	e584e004 	str	lr, [r4, #4]
    3fac:	e594c000 	ldr	ip, [r4]
    3fb0:	e35c0000 	cmp	ip, #0
    3fb4:	1a000002 	bne	0x3fc4
    3fb8:	e3a0e000 	mov	lr, #0
    3fbc:	e584e054 	str	lr, [r4, #84]	@ 0x54
    3fc0:	ea000013 	b	0x4014
    3fc4:	e5943008 	ldr	r3, [r4, #8]
    3fc8:	e5951030 	ldr	r1, [r5, #48]	@ 0x30
    3fcc:	e59fc244 	ldr	ip, [pc, #580]	@ 0x4218
    3fd0:	e153000c 	cmp	r3, ip
    3fd4:	8a000450 	bhi	0x511c
    3fd8:	e7910003 	ldr	r0, [r1, r3]
    3fdc:	e1a01000 	mov	r1, r0
    3fe0:	e2800004 	add	r0, r0, #4
    3fe4:	e5946008 	ldr	r6, [r4, #8]
    3fe8:	e5953030 	ldr	r3, [r5, #48]	@ 0x30
    3fec:	e59fc224 	ldr	ip, [pc, #548]	@ 0x4218
    3ff0:	e156000c 	cmp	r6, ip
    3ff4:	8a000448 	bhi	0x511c
    3ff8:	e7830006 	str	r0, [r3, r6]
    3ffc:	e5950030 	ldr	r0, [r5, #48]	@ 0x30
    4000:	e59fc210 	ldr	ip, [pc, #528]	@ 0x4218
    4004:	e151000c 	cmp	r1, ip
    4008:	8a000443 	bhi	0x511c
    400c:	e790e001 	ldr	lr, [r0, r1]
    4010:	e584e054 	str	lr, [r4, #84]	@ 0x54
    4014:	e594101c 	ldr	r1, [r4, #28]
    4018:	e5950030 	ldr	r0, [r5, #48]	@ 0x30
    401c:	e5943004 	ldr	r3, [r4, #4]
    4020:	e291103c 	adds	r1, r1, #60	@ 0x3c
    4024:	2a00043c 	bcs	0x511c
    4028:	e59fc1e8 	ldr	ip, [pc, #488]	@ 0x4218
    402c:	e151000c 	cmp	r1, ip
    4030:	8a000439 	bhi	0x511c
    4034:	e7803001 	str	r3, [r0, r1]
    4038:	e594c054 	ldr	ip, [r4, #84]	@ 0x54
    403c:	e37c0001 	cmn	ip, #1
    4040:	e3a0b000 	mov	fp, #0
    4044:	c3a0b001 	movgt	fp, #1
    4048:	ea00001f 	b	0x40cc
    404c:	e594c004 	ldr	ip, [r4, #4]
    4050:	e28c0001 	add	r0, ip, #1
    4054:	e594301c 	ldr	r3, [r4, #28]
    4058:	e5951030 	ldr	r1, [r5, #48]	@ 0x30
    405c:	e293303c 	adds	r3, r3, #60	@ 0x3c
    4060:	2a00042d 	bcs	0x511c
    4064:	e59fc1ac 	ldr	ip, [pc, #428]	@ 0x4218
    4068:	e153000c 	cmp	r3, ip
    406c:	8a00042a 	bhi	0x511c
    4070:	e7810003 	str	r0, [r1, r3]
    4074:	e3a0b001 	mov	fp, #1
    4078:	e594c01c 	ldr	ip, [r4, #28]
    407c:	e28c003c 	add	r0, ip, #60	@ 0x3c
    4080:	e5840088 	str	r0, [r4, #136]	@ 0x88
    4084:	e59f01f0 	ldr	r0, [pc, #496]	@ 0x427c
    4088:	e1a01004 	mov	r1, r4
    408c:	e59d2000 	ldr	r2, [sp]
    4090:	e59fc1e8 	ldr	ip, [pc, #488]	@ 0x4280
    4094:	e12fff3c 	blx	ip
    4098:	e3500000 	cmp	r0, #0
    409c:	1a000421 	bne	0x5128
    40a0:	e5940088 	ldr	r0, [r4, #136]	@ 0x88
    40a4:	e5840054 	str	r0, [r4, #84]	@ 0x54
    40a8:	e594101c 	ldr	r1, [r4, #28]
    40ac:	e5950030 	ldr	r0, [r5, #48]	@ 0x30
    40b0:	e291103c 	adds	r1, r1, #60	@ 0x3c
    40b4:	2a000418 	bcs	0x511c
    40b8:	e59fc158 	ldr	ip, [pc, #344]	@ 0x4218
    40bc:	e151000c 	cmp	r1, ip
    40c0:	8a000415 	bhi	0x511c
    40c4:	e790e001 	ldr	lr, [r0, r1]
    40c8:	e584e004 	str	lr, [r4, #4]
    40cc:	e1a06007 	mov	r6, r7
    40d0:	e3a0e01c 	mov	lr, #28
    40d4:	e584e05c 	str	lr, [r4, #92]	@ 0x5c
    40d8:	e594a004 	ldr	sl, [r4, #4]
    40dc:	e5943004 	ldr	r3, [r4, #4]
    40e0:	e5951030 	ldr	r1, [r5, #48]	@ 0x30
    40e4:	e3e0c4fe 	mvn	ip, #-33554432	@ 0xfe000000
    40e8:	e3ccc8fe 	bic	ip, ip, #16646144	@ 0xfe0000
    40ec:	e153000c 	cmp	r3, ip
    40f0:	8a000409 	bhi	0x511c
    40f4:	e19100d3 	ldrsb	r0, [r1, r3]
    40f8:	e1a01000 	mov	r1, r0
    40fc:	e240007b 	sub	r0, r0, #123	@ 0x7b
    4100:	e370003a 	cmn	r0, #58	@ 0x3a
    4104:	3a0003eb 	bcc	0x50b8
    4108:	e28ae001 	add	lr, sl, #1
    410c:	e584e004 	str	lr, [r4, #4]
    4110:	e3a0c03a 	mov	ip, #58	@ 0x3a
    4114:	e0000c96 	mul	r0, r6, ip
    4118:	e0800001 	add	r0, r0, r1
    411c:	e2800b40 	add	r0, r0, #64, 22	@ 0x10000
    4120:	e28001bc 	add	r0, r0, #188, 2	@ 0x2f
    4124:	e1a03000 	mov	r3, r0
    4128:	e5951030 	ldr	r1, [r5, #48]	@ 0x30
    412c:	e3e0c4fe 	mvn	ip, #-33554432	@ 0xfe000000
    4130:	e3ccc8fe 	bic	ip, ip, #16646144	@ 0xfe0000
    4134:	e153000c 	cmp	r3, ip
    4138:	8a0003f7 	bhi	0x511c
    413c:	e7d10003 	ldrb	r0, [r1, r3]
    4140:	e1a07000 	mov	r7, r0
    4144:	e2400001 	sub	r0, r0, #1
    4148:	e20000ff 	and	r0, r0, #255	@ 0xff
    414c:	e3500008 	cmp	r0, #8
    4150:	3affffdd 	bcc	0x40cc
    4154:	e594101c 	ldr	r1, [r4, #28]
    4158:	e5950030 	ldr	r0, [r5, #48]	@ 0x30
    415c:	e5943004 	ldr	r3, [r4, #4]
    4160:	e291103c 	adds	r1, r1, #60	@ 0x3c
    4164:	2a0003ec 	bcs	0x511c
    4168:	e59fc0a8 	ldr	ip, [pc, #168]	@ 0x4218
    416c:	e151000c 	cmp	r1, ip
    4170:	8a0003e9 	bhi	0x511c
    4174:	e7803001 	str	r3, [r0, r1]
    4178:	e357001b 	cmp	r7, #27
    417c:	0a000051 	beq	0x42c8
    4180:	e3570000 	cmp	r7, #0
    4184:	0a0003cb 	beq	0x50b8
    4188:	e3580000 	cmp	r8, #0
    418c:	ba00003e 	blt	0x428c
    4190:	e594c000 	ldr	ip, [r4]
    4194:	e35c0000 	cmp	ip, #0
    4198:	1a000008 	bne	0x41c0
    419c:	e1a00108 	lsl	r0, r8, #2
    41a0:	e594c010 	ldr	ip, [r4, #16]
    41a4:	e08c0000 	add	r0, ip, r0
    41a8:	e5951030 	ldr	r1, [r5, #48]	@ 0x30
    41ac:	e59fc064 	ldr	ip, [pc, #100]	@ 0x4218
    41b0:	e150000c 	cmp	r0, ip
    41b4:	8a0003d8 	bhi	0x511c
    41b8:	e7817000 	str	r7, [r1, r0]
    41bc:	eafffdd6 	b	0x391c
    41c0:	e1a00188 	lsl	r0, r8, #3
    41c4:	e594c00c 	ldr	ip, [r4, #12]
    41c8:	e08c0000 	add	r0, ip, r0
    41cc:	e5952030 	ldr	r2, [r5, #48]	@ 0x30
    41d0:	e59fc06c 	ldr	ip, [pc, #108]	@ 0x4244
    41d4:	e150000c 	cmp	r0, ip
    41d8:	8a0003cf 	bhi	0x511c
    41dc:	e082c000 	add	ip, r2, r0
    41e0:	e59c1000 	ldr	r1, [ip]
    41e4:	e59c3004 	ldr	r3, [ip, #4]
    41e8:	e594201c 	ldr	r2, [r4, #28]
    41ec:	e5950030 	ldr	r0, [r5, #48]	@ 0x30
    41f0:	e2922030 	adds	r2, r2, #48	@ 0x30
    41f4:	2a0003c8 	bcs	0x511c
    41f8:	e59fc044 	ldr	ip, [pc, #68]	@ 0x4244
    41fc:	e152000c 	cmp	r2, ip
    4200:	8a0003c5 	bhi	0x511c
    4204:	e080c002 	add	ip, r0, r2
    4208:	e58c1000 	str	r1, [ip]
    420c:	ea00001c 	b	0x4284
	...
    4218:	0101fffc 	strdeq	pc, [r1, -ip]
    421c:	00048af0 	strdeq	r8, [r4], -r0
    4220:	003fdfac 	eorseq	sp, pc, ip, lsr #31
    4224:	000487b4 			@ <UNDEFINED> instruction: 0x000487b4
    4228:	003fdff8 	ldrshteq	sp, [pc], -r8
    422c:	00047eac 	andeq	r7, r4, ip, lsr #29
    4230:	00049934 	andeq	r9, r4, r4, lsr r9
    4234:	003fe28c 	eorseq	lr, pc, ip, lsl #5
    4238:	000487b4 			@ <UNDEFINED> instruction: 0x000487b4
    423c:	003fe30c 	eorseq	lr, pc, ip, lsl #6
    4240:	000487b4 			@ <UNDEFINED> instruction: 0x000487b4
    4244:	0101fff8 	strdeq	pc, [r1, -r8]
    4248:	003fe3ec 	eorseq	lr, pc, ip, ror #7
    424c:	000487b4 			@ <UNDEFINED> instruction: 0x000487b4
    4250:	003fe42c 	eorseq	lr, pc, ip, lsr #8
    4254:	000487b4 			@ <UNDEFINED> instruction: 0x000487b4
    4258:	00048af0 	strdeq	r8, [r4], -r0
    425c:	003fe568 	eorseq	lr, pc, r8, ror #10
    4260:	000487b4 			@ <UNDEFINED> instruction: 0x000487b4
    4264:	003fe598 	mlaseq	pc, r8, r5, lr	@ <UNPREDICTABLE>
    4268:	00047eac 	andeq	r7, r4, ip, lsr #29
    426c:	00406ef4 	strdeq	r6, [r0], #-228	@ 0xffffff1c
    4270:	000487b4 			@ <UNDEFINED> instruction: 0x000487b4
    4274:	004073f4 	strdeq	r7, [r0], #-52	@ 0xffffffcc
    4278:	000487b4 			@ <UNDEFINED> instruction: 0x000487b4
    427c:	004076c0 	subeq	r7, r0, r0, asr #13
    4280:	000487b4 			@ <UNDEFINED> instruction: 0x000487b4
    4284:	e58c3004 	str	r3, [ip, #4]
    4288:	ea000015 	b	0x42e4
    428c:	e594c000 	ldr	ip, [r4]
    4290:	e35c0000 	cmp	ip, #0
    4294:	0a000382 	beq	0x50a4
    4298:	e594c01c 	ldr	ip, [r4, #28]
    429c:	e28c0030 	add	r0, ip, #48	@ 0x30
    42a0:	e5840088 	str	r0, [r4, #136]	@ 0x88
    42a4:	e5847034 	str	r7, [r4, #52]	@ 0x34
    42a8:	e59f0fc8 	ldr	r0, [pc, #4040]	@ 0x5278
    42ac:	e1a01004 	mov	r1, r4
    42b0:	e59d2000 	ldr	r2, [sp]
    42b4:	e59fcfc0 	ldr	ip, [pc, #4032]	@ 0x527c
    42b8:	e12fff3c 	blx	ip
    42bc:	e3500000 	cmp	r0, #0
    42c0:	1a000398 	bne	0x5128
    42c4:	ea000006 	b	0x42e4
    42c8:	e3780001 	cmn	r8, #1
    42cc:	ca000379 	bgt	0x50b8
    42d0:	e3a0e000 	mov	lr, #0
    42d4:	e584e034 	str	lr, [r4, #52]	@ 0x34
    42d8:	e594c000 	ldr	ip, [r4]
    42dc:	e35c0000 	cmp	ip, #0
    42e0:	0afffd8f 	beq	0x3924
    42e4:	e5942000 	ldr	r2, [r4]
    42e8:	e5951030 	ldr	r1, [r5, #48]	@ 0x30
    42ec:	e3e0c4fe 	mvn	ip, #-33554432	@ 0xfe000000
    42f0:	e3ccc8fe 	bic	ip, ip, #16646144	@ 0xfe0000
    42f4:	e152000c 	cmp	r2, ip
    42f8:	8a000387 	bhi	0x511c
    42fc:	e7d10002 	ldrb	r0, [r1, r2]
    4300:	e3100020 	tst	r0, #32
    4304:	1a000379 	bne	0x50f0
    4308:	e3c90b40 	bic	r0, r9, #64, 22	@ 0x10000
    430c:	e5840060 	str	r0, [r4, #96]	@ 0x60
    4310:	e3190d80 	tst	r9, #128, 26	@ 0x2000
    4314:	e1a0e000 	mov	lr, r0
    4318:	01a0e009 	moveq	lr, r9
    431c:	e584e048 	str	lr, [r4, #72]	@ 0x48
    4320:	e3a0e000 	mov	lr, #0
    4324:	e584e044 	str	lr, [r4, #68]	@ 0x44
    4328:	e3a0eb40 	mov	lr, #64, 22	@ 0x10000
    432c:	e584e064 	str	lr, [r4, #100]	@ 0x64
    4330:	e594e028 	ldr	lr, [r4, #40]	@ 0x28
    4334:	e584e05c 	str	lr, [r4, #92]	@ 0x5c
    4338:	e1a0200a 	mov	r2, sl
    433c:	e5951030 	ldr	r1, [r5, #48]	@ 0x30
    4340:	e3e0c4fe 	mvn	ip, #-33554432	@ 0xfe000000
    4344:	e3ccc8fe 	bic	ip, ip, #16646144	@ 0xfe0000
    4348:	e152000c 	cmp	r2, ip
    434c:	8a000372 	bhi	0x511c
    4350:	e7d1a002 	ldrb	sl, [r1, r2]
    4354:	e1a0100a 	mov	r1, sl
    4358:	e6afa07a 	sxtb	sl, sl
    435c:	e1a0200a 	mov	r2, sl
    4360:	e3caa02c 	bic	sl, sl, #44	@ 0x2c
    4364:	e201100f 	and	r1, r1, #15
    4368:	e3510003 	cmp	r1, #3
    436c:	11a0a002 	movne	sl, r2
    4370:	e3560000 	cmp	r6, #0
    4374:	01a0a002 	moveq	sl, r2
    4378:	e1a0800a 	mov	r8, sl
    437c:	e24aa058 	sub	sl, sl, #88	@ 0x58
    4380:	e1a0e00a 	mov	lr, sl
    4384:	e35e0021 	cmp	lr, #33	@ 0x21
    4388:	23a0e021 	movcs	lr, #33	@ 0x21
    438c:	e1a0e10e 	lsl	lr, lr, #2
    4390:	e59fcee8 	ldr	ip, [pc, #3816]	@ 0x5280
    4394:	e08ee00c 	add	lr, lr, ip
    4398:	e59ec000 	ldr	ip, [lr]
    439c:	e12fff1c 	bx	ip
    43a0:	e594e028 	ldr	lr, [r4, #40]	@ 0x28
    43a4:	e584e05c 	str	lr, [r4, #92]	@ 0x5c
    43a8:	e2481041 	sub	r1, r8, #65	@ 0x41
    43ac:	e1a0e001 	mov	lr, r1
    43b0:	e35e0007 	cmp	lr, #7
    43b4:	23a0e007 	movcs	lr, #7
    43b8:	e1a0e10e 	lsl	lr, lr, #2
    43bc:	e59fcec0 	ldr	ip, [pc, #3776]	@ 0x5284
    43c0:	e08ee00c 	add	lr, lr, ip
    43c4:	e59ec000 	ldr	ip, [lr]
    43c8:	e12fff1c 	bx	ip
    43cc:	e3580053 	cmp	r8, #83	@ 0x53
    43d0:	0a000199 	beq	0x4a3c
    43d4:	ea0002cb 	b	0x4f08
    43d8:	e3a0e000 	mov	lr, #0
    43dc:	e584e044 	str	lr, [r4, #68]	@ 0x44
    43e0:	e3a0eb40 	mov	lr, #64, 22	@ 0x10000
    43e4:	e584e064 	str	lr, [r4, #100]	@ 0x64
    43e8:	e594201c 	ldr	r2, [r4, #28]
    43ec:	e5951030 	ldr	r1, [r5, #48]	@ 0x30
    43f0:	e2922030 	adds	r2, r2, #48	@ 0x30
    43f4:	2a000348 	bcs	0x511c
    43f8:	e59fce88 	ldr	ip, [pc, #3720]	@ 0x5288
    43fc:	e152000c 	cmp	r2, ip
    4400:	8a000345 	bhi	0x511c
    4404:	e081c002 	add	ip, r1, r2
    4408:	e59ca000 	ldr	sl, [ip]
    440c:	e59c9004 	ldr	r9, [ip, #4]
    4410:	ea000108 	b	0x4838
    4414:	e3a0e000 	mov	lr, #0
    4418:	e584e034 	str	lr, [r4, #52]	@ 0x34
    441c:	e1a0e006 	mov	lr, r6
    4420:	e35e0008 	cmp	lr, #8
    4424:	23a0e008 	movcs	lr, #8
    4428:	e1a0e10e 	lsl	lr, lr, #2
    442c:	e59fce58 	ldr	ip, [pc, #3672]	@ 0x528c
    4430:	e08ee00c 	add	lr, lr, ip
    4434:	e59ec000 	ldr	ip, [lr]
    4438:	e12fff1c 	bx	ip
    443c:	e594301c 	ldr	r3, [r4, #28]
    4440:	e5952030 	ldr	r2, [r5, #48]	@ 0x30
    4444:	e2933030 	adds	r3, r3, #48	@ 0x30
    4448:	2a000333 	bcs	0x511c
    444c:	e59fce3c 	ldr	ip, [pc, #3644]	@ 0x5290
    4450:	e153000c 	cmp	r3, ip
    4454:	8a000330 	bhi	0x511c
    4458:	e7921003 	ldr	r1, [r2, r3]
    445c:	e5952030 	ldr	r2, [r5, #48]	@ 0x30
    4460:	e5943030 	ldr	r3, [r4, #48]	@ 0x30
    4464:	e59fce24 	ldr	ip, [pc, #3620]	@ 0x5290
    4468:	e151000c 	cmp	r1, ip
    446c:	8a00032a 	bhi	0x511c
    4470:	e7823001 	str	r3, [r2, r1]
    4474:	eafffd2a 	b	0x3924
    4478:	e594301c 	ldr	r3, [r4, #28]
    447c:	e5952030 	ldr	r2, [r5, #48]	@ 0x30
    4480:	e2933030 	adds	r3, r3, #48	@ 0x30
    4484:	2a000324 	bcs	0x511c
    4488:	e59fce00 	ldr	ip, [pc, #3584]	@ 0x5290
    448c:	e153000c 	cmp	r3, ip
    4490:	8a000321 	bhi	0x511c
    4494:	e7921003 	ldr	r1, [r2, r3]
    4498:	e5952030 	ldr	r2, [r5, #48]	@ 0x30
    449c:	e5943030 	ldr	r3, [r4, #48]	@ 0x30
    44a0:	e59fcde8 	ldr	ip, [pc, #3560]	@ 0x5290
    44a4:	e151000c 	cmp	r1, ip
    44a8:	8a00031b 	bhi	0x511c
    44ac:	e7823001 	str	r3, [r2, r1]
    44b0:	eafffd1b 	b	0x3924
    44b4:	e594301c 	ldr	r3, [r4, #28]
    44b8:	e5952030 	ldr	r2, [r5, #48]	@ 0x30
    44bc:	e2933030 	adds	r3, r3, #48	@ 0x30
    44c0:	2a000315 	bcs	0x511c
    44c4:	e59fcdc4 	ldr	ip, [pc, #3524]	@ 0x5290
    44c8:	e153000c 	cmp	r3, ip
    44cc:	8a000312 	bhi	0x511c
    44d0:	e7921003 	ldr	r1, [r2, r3]
    44d4:	e5942030 	ldr	r2, [r4, #48]	@ 0x30
    44d8:	e1a03fc2 	asr	r3, r2, #31
    44dc:	e5956030 	ldr	r6, [r5, #48]	@ 0x30
    44e0:	e59fcda0 	ldr	ip, [pc, #3488]	@ 0x5288
    44e4:	e151000c 	cmp	r1, ip
    44e8:	8a00030b 	bhi	0x511c
    44ec:	e086c001 	add	ip, r6, r1
    44f0:	e58c2000 	str	r2, [ip]
    44f4:	e58c3004 	str	r3, [ip, #4]
    44f8:	eafffd09 	b	0x3924
    44fc:	e594301c 	ldr	r3, [r4, #28]
    4500:	e5952030 	ldr	r2, [r5, #48]	@ 0x30
    4504:	e2933030 	adds	r3, r3, #48	@ 0x30
    4508:	2a000303 	bcs	0x511c
    450c:	e59fcd7c 	ldr	ip, [pc, #3452]	@ 0x5290
    4510:	e153000c 	cmp	r3, ip
    4514:	8a000300 	bhi	0x511c
    4518:	e7921003 	ldr	r1, [r2, r3]
    451c:	e5952030 	ldr	r2, [r5, #48]	@ 0x30
    4520:	e5943030 	ldr	r3, [r4, #48]	@ 0x30
    4524:	e59fcd68 	ldr	ip, [pc, #3432]	@ 0x5294
    4528:	e151000c 	cmp	r1, ip
    452c:	8a0002fa 	bhi	0x511c
    4530:	e18230b1 	strh	r3, [r2, r1]
    4534:	eafffcfa 	b	0x3924
    4538:	e594301c 	ldr	r3, [r4, #28]
    453c:	e5952030 	ldr	r2, [r5, #48]	@ 0x30
    4540:	e2933030 	adds	r3, r3, #48	@ 0x30
    4544:	2a0002f4 	bcs	0x511c
    4548:	e59fcd40 	ldr	ip, [pc, #3392]	@ 0x5290
    454c:	e153000c 	cmp	r3, ip
    4550:	8a0002f1 	bhi	0x511c
    4554:	e7921003 	ldr	r1, [r2, r3]
    4558:	e5952030 	ldr	r2, [r5, #48]	@ 0x30
    455c:	e5943030 	ldr	r3, [r4, #48]	@ 0x30
    4560:	e3e0c4fe 	mvn	ip, #-33554432	@ 0xfe000000
    4564:	e3ccc8fe 	bic	ip, ip, #16646144	@ 0xfe0000
    4568:	e151000c 	cmp	r1, ip
    456c:	8a0002ea 	bhi	0x511c
    4570:	e7c23001 	strb	r3, [r2, r1]
    4574:	eafffcea 	b	0x3924
    4578:	e594301c 	ldr	r3, [r4, #28]
    457c:	e5952030 	ldr	r2, [r5, #48]	@ 0x30
    4580:	e2933030 	adds	r3, r3, #48	@ 0x30
    4584:	2a0002e4 	bcs	0x511c
    4588:	e59fcd00 	ldr	ip, [pc, #3328]	@ 0x5290
    458c:	e153000c 	cmp	r3, ip
    4590:	8a0002e1 	bhi	0x511c
    4594:	e7921003 	ldr	r1, [r2, r3]
    4598:	e5952030 	ldr	r2, [r5, #48]	@ 0x30
    459c:	e5943030 	ldr	r3, [r4, #48]	@ 0x30
    45a0:	e59fcce8 	ldr	ip, [pc, #3304]	@ 0x5290
    45a4:	e151000c 	cmp	r1, ip
    45a8:	8a0002db 	bhi	0x511c
    45ac:	e7823001 	str	r3, [r2, r1]
    45b0:	eafffcdb 	b	0x3924
    45b4:	e594301c 	ldr	r3, [r4, #28]
    45b8:	e5952030 	ldr	r2, [r5, #48]	@ 0x30
    45bc:	e2933030 	adds	r3, r3, #48	@ 0x30
    45c0:	2a0002d5 	bcs	0x511c
    45c4:	e59fccc4 	ldr	ip, [pc, #3268]	@ 0x5290
    45c8:	e153000c 	cmp	r3, ip
    45cc:	8a0002d2 	bhi	0x511c
    45d0:	e7921003 	ldr	r1, [r2, r3]
    45d4:	e5942030 	ldr	r2, [r4, #48]	@ 0x30
    45d8:	e1a03fc2 	asr	r3, r2, #31
    45dc:	e5956030 	ldr	r6, [r5, #48]	@ 0x30
    45e0:	e59fcca0 	ldr	ip, [pc, #3232]	@ 0x5288
    45e4:	e151000c 	cmp	r1, ip
    45e8:	8a0002cb 	bhi	0x511c
    45ec:	e086c001 	add	ip, r6, r1
    45f0:	e58c2000 	str	r2, [ip]
    45f4:	e58c3004 	str	r3, [ip, #4]
    45f8:	eafffcc9 	b	0x3924
    45fc:	e594c054 	ldr	ip, [r4, #84]	@ 0x54
    4600:	e35c0008 	cmp	ip, #8
    4604:	e3a0e008 	mov	lr, #8
    4608:	e594c054 	ldr	ip, [r4, #84]	@ 0x54
    460c:	81a0e00c 	movhi	lr, ip
    4610:	e584e054 	str	lr, [r4, #84]	@ 0x54
    4614:	e594c048 	ldr	ip, [r4, #72]	@ 0x48
    4618:	e38ce008 	orr	lr, ip, #8
    461c:	e584e048 	str	lr, [r4, #72]	@ 0x48
    4620:	e3a08078 	mov	r8, #120	@ 0x78
    4624:	e3a0e000 	mov	lr, #0
    4628:	e584e044 	str	lr, [r4, #68]	@ 0x44
    462c:	e3a0eb40 	mov	lr, #64, 22	@ 0x10000
    4630:	e584e064 	str	lr, [r4, #100]	@ 0x64
    4634:	e594601c 	ldr	r6, [r4, #28]
    4638:	e5953030 	ldr	r3, [r5, #48]	@ 0x30
    463c:	e2966030 	adds	r6, r6, #48	@ 0x30
    4640:	2a0002b5 	bcs	0x511c
    4644:	e59fcc3c 	ldr	ip, [pc, #3132]	@ 0x5288
    4648:	e156000c 	cmp	r6, ip
    464c:	8a0002b2 	bhi	0x511c
    4650:	e083c006 	add	ip, r3, r6
    4654:	e59c1000 	ldr	r1, [ip]
    4658:	e59c2004 	ldr	r2, [ip, #4]
    465c:	e1a0a001 	mov	sl, r1
    4660:	e1a09002 	mov	r9, r2
    4664:	e2083020 	and	r3, r8, #32
    4668:	e5841088 	str	r1, [r4, #136]	@ 0x88
    466c:	e584208c 	str	r2, [r4, #140]	@ 0x8c
    4670:	e5843094 	str	r3, [r4, #148]	@ 0x94
    4674:	e59f0c1c 	ldr	r0, [pc, #3100]	@ 0x5298
    4678:	e1a01004 	mov	r1, r4
    467c:	e59d2000 	ldr	r2, [sp]
    4680:	e59fcc14 	ldr	ip, [pc, #3092]	@ 0x529c
    4684:	e12fff3c 	blx	ip
    4688:	e3500000 	cmp	r0, #0
    468c:	1a0002a5 	bne	0x5128
    4690:	e5941088 	ldr	r1, [r4, #136]	@ 0x88
    4694:	e5841038 	str	r1, [r4, #56]	@ 0x38
    4698:	e19ac009 	orrs	ip, sl, r9
    469c:	0a000070 	beq	0x4864
    46a0:	e594c048 	ldr	ip, [r4, #72]	@ 0x48
    46a4:	e31c0008 	tst	ip, #8
    46a8:	0a00006d 	beq	0x4864
    46ac:	e1a01228 	lsr	r1, r8, #4
    46b0:	e281eb40 	add	lr, r1, #64, 22	@ 0x10000
    46b4:	e584e064 	str	lr, [r4, #100]	@ 0x64
    46b8:	e3a0e002 	mov	lr, #2
    46bc:	e584e044 	str	lr, [r4, #68]	@ 0x44
    46c0:	ea000067 	b	0x4864
    46c4:	e3a0e000 	mov	lr, #0
    46c8:	e584e044 	str	lr, [r4, #68]	@ 0x44
    46cc:	e3a0eb40 	mov	lr, #64, 22	@ 0x10000
    46d0:	e584e064 	str	lr, [r4, #100]	@ 0x64
    46d4:	e594601c 	ldr	r6, [r4, #28]
    46d8:	e5953030 	ldr	r3, [r5, #48]	@ 0x30
    46dc:	e2966030 	adds	r6, r6, #48	@ 0x30
    46e0:	2a00028d 	bcs	0x511c
    46e4:	e59fcb9c 	ldr	ip, [pc, #2972]	@ 0x5288
    46e8:	e156000c 	cmp	r6, ip
    46ec:	8a00028a 	bhi	0x511c
    46f0:	e083c006 	add	ip, r3, r6
    46f4:	e59c1000 	ldr	r1, [ip]
    46f8:	e59c2004 	ldr	r2, [ip, #4]
    46fc:	e1a0a001 	mov	sl, r1
    4700:	e1a09002 	mov	r9, r2
    4704:	e5841088 	str	r1, [r4, #136]	@ 0x88
    4708:	e584208c 	str	r2, [r4, #140]	@ 0x8c
    470c:	e59f0b8c 	ldr	r0, [pc, #2956]	@ 0x52a0
    4710:	e1a01004 	mov	r1, r4
    4714:	e59d2000 	ldr	r2, [sp]
    4718:	e59fcb84 	ldr	ip, [pc, #2948]	@ 0x52a4
    471c:	e12fff3c 	blx	ip
    4720:	e3500000 	cmp	r0, #0
    4724:	1a00027f 	bne	0x5128
    4728:	e5941088 	ldr	r1, [r4, #136]	@ 0x88
    472c:	e5841038 	str	r1, [r4, #56]	@ 0x38
    4730:	e594c048 	ldr	ip, [r4, #72]	@ 0x48
    4734:	e31c0008 	tst	ip, #8
    4738:	0a000049 	beq	0x4864
    473c:	e594e038 	ldr	lr, [r4, #56]	@ 0x38
    4740:	e594c020 	ldr	ip, [r4, #32]
    4744:	e04c100e 	sub	r1, ip, lr
    4748:	e1a02001 	mov	r2, r1
    474c:	e594c054 	ldr	ip, [r4, #84]	@ 0x54
    4750:	e15c0002 	cmp	ip, r2
    4754:	e594e054 	ldr	lr, [r4, #84]	@ 0x54
    4758:	d1a0e001 	movle	lr, r1
    475c:	e584e054 	str	lr, [r4, #84]	@ 0x54
    4760:	ea00003f 	b	0x4864
    4764:	e594601c 	ldr	r6, [r4, #28]
    4768:	e5953030 	ldr	r3, [r5, #48]	@ 0x30
    476c:	e2966030 	adds	r6, r6, #48	@ 0x30
    4770:	2a000269 	bcs	0x511c
    4774:	e59fcb0c 	ldr	ip, [pc, #2828]	@ 0x5288
    4778:	e156000c 	cmp	r6, ip
    477c:	8a000266 	bhi	0x511c
    4780:	e083c006 	add	ip, r3, r6
    4784:	e59c1000 	ldr	r1, [ip]
    4788:	e59c2004 	ldr	r2, [ip, #4]
    478c:	e1a0a001 	mov	sl, r1
    4790:	e1a09002 	mov	r9, r2
    4794:	e3e0c000 	mvn	ip, #0
    4798:	e15c0001 	cmp	ip, r1
    479c:	e3e0c000 	mvn	ip, #0
    47a0:	e0dcc002 	sbcs	ip, ip, r2
    47a4:	ba000012 	blt	0x47f4
    47a8:	e27a1000 	rsbs	r1, sl, #0
    47ac:	e2e92000 	rsc	r2, r9, #0
    47b0:	e1a0a001 	mov	sl, r1
    47b4:	e1a09002 	mov	r9, r2
    47b8:	e594601c 	ldr	r6, [r4, #28]
    47bc:	e5953030 	ldr	r3, [r5, #48]	@ 0x30
    47c0:	e2966030 	adds	r6, r6, #48	@ 0x30
    47c4:	2a000254 	bcs	0x511c
    47c8:	e59fcab8 	ldr	ip, [pc, #2744]	@ 0x5288
    47cc:	e156000c 	cmp	r6, ip
    47d0:	8a000251 	bhi	0x511c
    47d4:	e083c006 	add	ip, r3, r6
    47d8:	e58c1000 	str	r1, [ip]
    47dc:	e58c2004 	str	r2, [ip, #4]
    47e0:	e3a0e001 	mov	lr, #1
    47e4:	e584e044 	str	lr, [r4, #68]	@ 0x44
    47e8:	e3a0eb40 	mov	lr, #64, 22	@ 0x10000
    47ec:	e584e064 	str	lr, [r4, #100]	@ 0x64
    47f0:	ea000010 	b	0x4838
    47f4:	e594c048 	ldr	ip, [r4, #72]	@ 0x48
    47f8:	e31c0e80 	tst	ip, #128, 28	@ 0x800
    47fc:	0a000005 	beq	0x4818
    4800:	e3a0e001 	mov	lr, #1
    4804:	e584e044 	str	lr, [r4, #68]	@ 0x44
    4808:	e3a0eb40 	mov	lr, #64, 22	@ 0x10000
    480c:	e38ee210 	orr	lr, lr, #16, 4
    4810:	e584e064 	str	lr, [r4, #100]	@ 0x64
    4814:	ea000007 	b	0x4838
    4818:	e594c048 	ldr	ip, [r4, #72]	@ 0x48
    481c:	e20c1001 	and	r1, ip, #1
    4820:	e5841044 	str	r1, [r4, #68]	@ 0x44
    4824:	e3510000 	cmp	r1, #0
    4828:	e3a0eb40 	mov	lr, #64, 22	@ 0x10000
    482c:	e38ee220 	orr	lr, lr, #32, 4
    4830:	03a0eb40 	moveq	lr, #64, 22	@ 0x10000
    4834:	e584e064 	str	lr, [r4, #100]	@ 0x64
    4838:	e584a068 	str	sl, [r4, #104]	@ 0x68
    483c:	e584906c 	str	r9, [r4, #108]	@ 0x6c
    4840:	e59f0a60 	ldr	r0, [pc, #2656]	@ 0x52a8
    4844:	e1a01004 	mov	r1, r4
    4848:	e59d2000 	ldr	r2, [sp]
    484c:	e59fca58 	ldr	ip, [pc, #2648]	@ 0x52ac
    4850:	e12fff3c 	blx	ip
    4854:	e3500000 	cmp	r0, #0
    4858:	1a000232 	bne	0x5128
    485c:	e5941088 	ldr	r1, [r4, #136]	@ 0x88
    4860:	e5841038 	str	r1, [r4, #56]	@ 0x38
    4864:	e594c054 	ldr	ip, [r4, #84]	@ 0x54
    4868:	e35c0000 	cmp	ip, #0
    486c:	e3a01000 	mov	r1, #0
    4870:	b3a01001 	movlt	r1, #1
    4874:	e11b0001 	tst	fp, r1
    4878:	1a00020c 	bne	0x50b0
    487c:	e594c048 	ldr	ip, [r4, #72]	@ 0x48
    4880:	e3cc1b40 	bic	r1, ip, #64, 22	@ 0x10000
    4884:	e35b0000 	cmp	fp, #0
    4888:	e594e048 	ldr	lr, [r4, #72]	@ 0x48
    488c:	11a0e001 	movne	lr, r1
    4890:	e584e048 	str	lr, [r4, #72]	@ 0x48
    4894:	e3590000 	cmp	r9, #0
    4898:	1a000000 	bne	0x48a0
    489c:	e35a0000 	cmp	sl, #0
    48a0:	1a000009 	bne	0x48cc
    48a4:	e594c054 	ldr	ip, [r4, #84]	@ 0x54
    48a8:	e35c0000 	cmp	ip, #0
    48ac:	1a000006 	bne	0x48cc
    48b0:	e594e028 	ldr	lr, [r4, #40]	@ 0x28
    48b4:	e584e038 	str	lr, [r4, #56]	@ 0x38
    48b8:	e594e028 	ldr	lr, [r4, #40]	@ 0x28
    48bc:	e584e05c 	str	lr, [r4, #92]	@ 0x5c
    48c0:	e3a0e000 	mov	lr, #0
    48c4:	e584e054 	str	lr, [r4, #84]	@ 0x54
    48c8:	ea000190 	b	0x4f10
    48cc:	e594e038 	ldr	lr, [r4, #56]	@ 0x38
    48d0:	e594c028 	ldr	ip, [r4, #40]	@ 0x28
    48d4:	e04c100e 	sub	r1, ip, lr
    48d8:	e19ac009 	orrs	ip, sl, r9
    48dc:	e3a02000 	mov	r2, #0
    48e0:	03a02001 	moveq	r2, #1
    48e4:	e0811002 	add	r1, r1, r2
    48e8:	e1a02001 	mov	r2, r1
    48ec:	e594c054 	ldr	ip, [r4, #84]	@ 0x54
    48f0:	e15c0002 	cmp	ip, r2
    48f4:	e594e054 	ldr	lr, [r4, #84]	@ 0x54
    48f8:	d1a0e001 	movle	lr, r1
    48fc:	e584e054 	str	lr, [r4, #84]	@ 0x54
    4900:	ea000180 	b	0x4f08
    4904:	e594301c 	ldr	r3, [r4, #28]
    4908:	e5952030 	ldr	r2, [r5, #48]	@ 0x30
    490c:	e2933030 	adds	r3, r3, #48	@ 0x30
    4910:	2a000201 	bcs	0x511c
    4914:	e3e0c4fe 	mvn	ip, #-33554432	@ 0xfe000000
    4918:	e3ccc8fe 	bic	ip, ip, #16646144	@ 0xfe0000
    491c:	e153000c 	cmp	r3, ip
    4920:	8a0001fd 	bhi	0x511c
    4924:	e7d21003 	ldrb	r1, [r2, r3]
    4928:	ea000164 	b	0x4ec0
    492c:	e594601c 	ldr	r6, [r4, #28]
    4930:	e5953030 	ldr	r3, [r5, #48]	@ 0x30
    4934:	e2966030 	adds	r6, r6, #48	@ 0x30
    4938:	2a0001f7 	bcs	0x511c
    493c:	e59fc94c 	ldr	ip, [pc, #2380]	@ 0x5290
    4940:	e156000c 	cmp	r6, ip
    4944:	8a0001f4 	bhi	0x511c
    4948:	e7932006 	ldr	r2, [r3, r6]
    494c:	e1a03002 	mov	r3, r2
    4950:	e3530000 	cmp	r3, #0
    4954:	e3a0eb40 	mov	lr, #64, 22	@ 0x10000
    4958:	e38ee1bc 	orr	lr, lr, #188, 2	@ 0x2f
    495c:	11a0e002 	movne	lr, r2
    4960:	e584e038 	str	lr, [r4, #56]	@ 0x38
    4964:	e594c054 	ldr	ip, [r4, #84]	@ 0x54
    4968:	e37c0360 	cmn	ip, #96, 6	@ 0x80000001
    496c:	e3e02480 	mvn	r2, #128, 8	@ 0x80000000
    4970:	e594c054 	ldr	ip, [r4, #84]	@ 0x54
    4974:	31a0200c 	movcc	r2, ip
    4978:	e5842090 	str	r2, [r4, #144]	@ 0x90
    497c:	e59f092c 	ldr	r0, [pc, #2348]	@ 0x52b0
    4980:	e1a01004 	mov	r1, r4
    4984:	e59d2000 	ldr	r2, [sp]
    4988:	e59fc924 	ldr	ip, [pc, #2340]	@ 0x52b4
    498c:	e12fff3c 	blx	ip
    4990:	e3500000 	cmp	r0, #0
    4994:	1a0001e3 	bne	0x5128
    4998:	e594208c 	ldr	r2, [r4, #140]	@ 0x8c
    499c:	e1a03002 	mov	r3, r2
    49a0:	e594c038 	ldr	ip, [r4, #56]	@ 0x38
    49a4:	e08ce002 	add	lr, ip, r2
    49a8:	e584e05c 	str	lr, [r4, #92]	@ 0x5c
    49ac:	e594c054 	ldr	ip, [r4, #84]	@ 0x54
    49b0:	e37c0001 	cmn	ip, #1
    49b4:	da000003 	ble	0x49c8
    49b8:	e594e060 	ldr	lr, [r4, #96]	@ 0x60
    49bc:	e584e048 	str	lr, [r4, #72]	@ 0x48
    49c0:	e5843054 	str	r3, [r4, #84]	@ 0x54
    49c4:	ea000151 	b	0x4f10
    49c8:	e594e060 	ldr	lr, [r4, #96]	@ 0x60
    49cc:	e584e048 	str	lr, [r4, #72]	@ 0x48
    49d0:	e5843054 	str	r3, [r4, #84]	@ 0x54
    49d4:	e594605c 	ldr	r6, [r4, #92]	@ 0x5c
    49d8:	e5953030 	ldr	r3, [r5, #48]	@ 0x30
    49dc:	e3e0c4fe 	mvn	ip, #-33554432	@ 0xfe000000
    49e0:	e3ccc8fe 	bic	ip, ip, #16646144	@ 0xfe0000
    49e4:	e156000c 	cmp	r6, ip
    49e8:	8a0001cb 	bhi	0x511c
    49ec:	e7d32006 	ldrb	r2, [r3, r6]
    49f0:	e3520000 	cmp	r2, #0
    49f4:	1a0001ad 	bne	0x50b0
    49f8:	ea000144 	b	0x4f10
    49fc:	e594901c 	ldr	r9, [r4, #28]
    4a00:	e5956030 	ldr	r6, [r5, #48]	@ 0x30
    4a04:	e2999030 	adds	r9, r9, #48	@ 0x30
    4a08:	2a0001c3 	bcs	0x511c
    4a0c:	e59fc874 	ldr	ip, [pc, #2164]	@ 0x5288
    4a10:	e159000c 	cmp	r9, ip
    4a14:	8a0001c0 	bhi	0x511c
    4a18:	e086c009 	add	ip, r6, r9
    4a1c:	e59c2000 	ldr	r2, [ip]
    4a20:	e59c3004 	ldr	r3, [ip, #4]
    4a24:	e1a06002 	mov	r6, r2
    4a28:	e1a09003 	mov	r9, r3
    4a2c:	e192c003 	orrs	ip, r2, r3
    4a30:	1a00001a 	bne	0x4aa0
    4a34:	e3a01000 	mov	r1, #0
    4a38:	ea000120 	b	0x4ec0
    4a3c:	e594c054 	ldr	ip, [r4, #84]	@ 0x54
    4a40:	e35c0000 	cmp	ip, #0
    4a44:	0a000008 	beq	0x4a6c
    4a48:	e594301c 	ldr	r3, [r4, #28]
    4a4c:	e5952030 	ldr	r2, [r5, #48]	@ 0x30
    4a50:	e2933030 	adds	r3, r3, #48	@ 0x30
    4a54:	2a0001b0 	bcs	0x511c
    4a58:	e59fc830 	ldr	ip, [pc, #2096]	@ 0x5290
    4a5c:	e153000c 	cmp	r3, ip
    4a60:	8a0001ad 	bhi	0x511c
    4a64:	e792a003 	ldr	sl, [r2, r3]
    4a68:	ea00002b 	b	0x4b1c
    4a6c:	e3a07000 	mov	r7, #0
    4a70:	e3a0e020 	mov	lr, #32
    4a74:	e584e08c 	str	lr, [r4, #140]	@ 0x8c
    4a78:	e3a0e000 	mov	lr, #0
    4a7c:	e584e070 	str	lr, [r4, #112]	@ 0x70
    4a80:	e59f0830 	ldr	r0, [pc, #2096]	@ 0x52b8
    4a84:	e1a01004 	mov	r1, r4
    4a88:	e59d2000 	ldr	r2, [sp]
    4a8c:	e59fc828 	ldr	ip, [pc, #2088]	@ 0x52bc
    4a90:	e12fff3c 	blx	ip
    4a94:	e3500000 	cmp	r0, #0
    4a98:	1a0001a2 	bne	0x5128
    4a9c:	ea000084 	b	0x4cb4
    4aa0:	e594301c 	ldr	r3, [r4, #28]
    4aa4:	e5952030 	ldr	r2, [r5, #48]	@ 0x30
    4aa8:	e293300c 	adds	r3, r3, #12
    4aac:	2a00019a 	bcs	0x511c
    4ab0:	e59fc7d8 	ldr	ip, [pc, #2008]	@ 0x5290
    4ab4:	e153000c 	cmp	r3, ip
    4ab8:	8a000197 	bhi	0x511c
    4abc:	e3a0e000 	mov	lr, #0
    4ac0:	e782e003 	str	lr, [r2, r3]
    4ac4:	e594201c 	ldr	r2, [r4, #28]
    4ac8:	e5950030 	ldr	r0, [r5, #48]	@ 0x30
    4acc:	e2922008 	adds	r2, r2, #8
    4ad0:	2a000191 	bcs	0x511c
    4ad4:	e59fc7b4 	ldr	ip, [pc, #1972]	@ 0x5290
    4ad8:	e152000c 	cmp	r2, ip
    4adc:	8a00018e 	bhi	0x511c
    4ae0:	e7806002 	str	r6, [r0, r2]
    4ae4:	e594c01c 	ldr	ip, [r4, #28]
    4ae8:	e28c0008 	add	r0, ip, #8
    4aec:	e594301c 	ldr	r3, [r4, #28]
    4af0:	e5952030 	ldr	r2, [r5, #48]	@ 0x30
    4af4:	e2933030 	adds	r3, r3, #48	@ 0x30
    4af8:	2a000187 	bcs	0x511c
    4afc:	e59fc78c 	ldr	ip, [pc, #1932]	@ 0x5290
    4b00:	e153000c 	cmp	r3, ip
    4b04:	8a000184 	bhi	0x511c
    4b08:	e7820003 	str	r0, [r2, r3]
    4b0c:	e594c01c 	ldr	ip, [r4, #28]
    4b10:	e28ca008 	add	sl, ip, #8
    4b14:	e3e0e000 	mvn	lr, #0
    4b18:	e584e054 	str	lr, [r4, #84]	@ 0x54
    4b1c:	e3a07000 	mov	r7, #0
    4b20:	e1a0300a 	mov	r3, sl
    4b24:	e5952030 	ldr	r2, [r5, #48]	@ 0x30
    4b28:	e59fc760 	ldr	ip, [pc, #1888]	@ 0x5290
    4b2c:	e153000c 	cmp	r3, ip
    4b30:	8a000179 	bhi	0x511c
    4b34:	e7920003 	ldr	r0, [r2, r3]
    4b38:	e1a02000 	mov	r2, r0
    4b3c:	e3500000 	cmp	r0, #0
    4b40:	0a000018 	beq	0x4ba8
    4b44:	e594c01c 	ldr	ip, [r4, #28]
    4b48:	e28c0004 	add	r0, ip, #4
    4b4c:	e5840088 	str	r0, [r4, #136]	@ 0x88
    4b50:	e5842040 	str	r2, [r4, #64]	@ 0x40
    4b54:	e59f0764 	ldr	r0, [pc, #1892]	@ 0x52c0
    4b58:	e1a01004 	mov	r1, r4
    4b5c:	e59d2000 	ldr	r2, [sp]
    4b60:	e59fc75c 	ldr	ip, [pc, #1884]	@ 0x52c4
    4b64:	e12fff3c 	blx	ip
    4b68:	e3500000 	cmp	r0, #0
    4b6c:	1a00016d 	bne	0x5128
    4b70:	e5940088 	ldr	r0, [r4, #136]	@ 0x88
    4b74:	e1a02000 	mov	r2, r0
    4b78:	e3500000 	cmp	r0, #0
    4b7c:	ba00015b 	blt	0x50f0
    4b80:	e594c054 	ldr	ip, [r4, #84]	@ 0x54
    4b84:	e04c0007 	sub	r0, ip, r7
    4b88:	e1520000 	cmp	r2, r0
    4b8c:	8a000005 	bhi	0x4ba8
    4b90:	e28aa004 	add	sl, sl, #4
    4b94:	e0822007 	add	r2, r2, r7
    4b98:	e1a07002 	mov	r7, r2
    4b9c:	e594c054 	ldr	ip, [r4, #84]	@ 0x54
    4ba0:	e152000c 	cmp	r2, ip
    4ba4:	3affffdd 	bcc	0x4b20
    4ba8:	e3a0e03d 	mov	lr, #61	@ 0x3d
    4bac:	e584e05c 	str	lr, [r4, #92]	@ 0x5c
    4bb0:	e3570000 	cmp	r7, #0
    4bb4:	ba00013f 	blt	0x50b8
    4bb8:	e3a0e020 	mov	lr, #32
    4bbc:	e584e08c 	str	lr, [r4, #140]	@ 0x8c
    4bc0:	e5847034 	str	r7, [r4, #52]	@ 0x34
    4bc4:	e59f06fc 	ldr	r0, [pc, #1788]	@ 0x52c8
    4bc8:	e1a01004 	mov	r1, r4
    4bcc:	e59d2000 	ldr	r2, [sp]
    4bd0:	e59fc6f4 	ldr	ip, [pc, #1780]	@ 0x52cc
    4bd4:	e12fff3c 	blx	ip
    4bd8:	e3500000 	cmp	r0, #0
    4bdc:	1a000151 	bne	0x5128
    4be0:	e3570000 	cmp	r7, #0
    4be4:	1a000001 	bne	0x4bf0
    4be8:	e3a07000 	mov	r7, #0
    4bec:	ea000030 	b	0x4cb4
    4bf0:	e3a06000 	mov	r6, #0
    4bf4:	e594201c 	ldr	r2, [r4, #28]
    4bf8:	e5950030 	ldr	r0, [r5, #48]	@ 0x30
    4bfc:	e2922030 	adds	r2, r2, #48	@ 0x30
    4c00:	2a000145 	bcs	0x511c
    4c04:	e59fc684 	ldr	ip, [pc, #1668]	@ 0x5290
    4c08:	e152000c 	cmp	r2, ip
    4c0c:	8a000142 	bhi	0x511c
    4c10:	e7909002 	ldr	r9, [r0, r2]
    4c14:	e1a03009 	mov	r3, r9
    4c18:	e5952030 	ldr	r2, [r5, #48]	@ 0x30
    4c1c:	e59fc66c 	ldr	ip, [pc, #1644]	@ 0x5290
    4c20:	e153000c 	cmp	r3, ip
    4c24:	8a00013c 	bhi	0x511c
    4c28:	e7920003 	ldr	r0, [r2, r3]
    4c2c:	e1a02000 	mov	r2, r0
    4c30:	e3500000 	cmp	r0, #0
    4c34:	0a00001e 	beq	0x4cb4
    4c38:	e594c01c 	ldr	ip, [r4, #28]
    4c3c:	e28c0004 	add	r0, ip, #4
    4c40:	e5840088 	str	r0, [r4, #136]	@ 0x88
    4c44:	e5842038 	str	r2, [r4, #56]	@ 0x38
    4c48:	e59f0680 	ldr	r0, [pc, #1664]	@ 0x52d0
    4c4c:	e1a01004 	mov	r1, r4
    4c50:	e59d2000 	ldr	r2, [sp]
    4c54:	e59fc678 	ldr	ip, [pc, #1656]	@ 0x52d4
    4c58:	e12fff3c 	blx	ip
    4c5c:	e3500000 	cmp	r0, #0
    4c60:	1a000130 	bne	0x5128
    4c64:	e5940088 	ldr	r0, [r4, #136]	@ 0x88
    4c68:	e1a02000 	mov	r2, r0
    4c6c:	e0800006 	add	r0, r0, r6
    4c70:	e1a06000 	mov	r6, r0
    4c74:	e1500007 	cmp	r0, r7
    4c78:	8a00000d 	bhi	0x4cb4
    4c7c:	e594c01c 	ldr	ip, [r4, #28]
    4c80:	e28c0004 	add	r0, ip, #4
    4c84:	e584008c 	str	r0, [r4, #140]	@ 0x8c
    4c88:	e5842038 	str	r2, [r4, #56]	@ 0x38
    4c8c:	e59f0644 	ldr	r0, [pc, #1604]	@ 0x52d8
    4c90:	e1a01004 	mov	r1, r4
    4c94:	e59d2000 	ldr	r2, [sp]
    4c98:	e59fc63c 	ldr	ip, [pc, #1596]	@ 0x52dc
    4c9c:	e12fff3c 	blx	ip
    4ca0:	e3500000 	cmp	r0, #0
    4ca4:	1a00011f 	bne	0x5128
    4ca8:	e2899004 	add	r9, r9, #4
    4cac:	e1560007 	cmp	r6, r7
    4cb0:	3affffd7 	bcc	0x4c14
    4cb4:	e594c048 	ldr	ip, [r4, #72]	@ 0x48
    4cb8:	e22c0d80 	eor	r0, ip, #128, 26	@ 0x2000
    4cbc:	e3a0e020 	mov	lr, #32
    4cc0:	e584e08c 	str	lr, [r4, #140]	@ 0x8c
    4cc4:	e5847034 	str	r7, [r4, #52]	@ 0x34
    4cc8:	e5840098 	str	r0, [r4, #152]	@ 0x98
    4ccc:	e3a00840 	mov	r0, #64, 16	@ 0x400000
    4cd0:	e3800c85 	orr	r0, r0, #34048	@ 0x8500
    4cd4:	e1a01004 	mov	r1, r4
    4cd8:	e59d2000 	ldr	r2, [sp]
    4cdc:	e59fc5fc 	ldr	ip, [pc, #1532]	@ 0x52e0
    4ce0:	e12fff3c 	blx	ip
    4ce4:	e3500000 	cmp	r0, #0
    4ce8:	1a00010e 	bne	0x5128
    4cec:	e594c050 	ldr	ip, [r4, #80]	@ 0x50
    4cf0:	e15c0007 	cmp	ip, r7
    4cf4:	e594e050 	ldr	lr, [r4, #80]	@ 0x50
    4cf8:	d1a0e007 	movle	lr, r7
    4cfc:	e584e034 	str	lr, [r4, #52]	@ 0x34
    4d00:	eafffb07 	b	0x3924
    4d04:	e594c054 	ldr	ip, [r4, #84]	@ 0x54
    4d08:	e35c0000 	cmp	ip, #0
    4d0c:	e3a00000 	mov	r0, #0
    4d10:	b3a00001 	movlt	r0, #1
    4d14:	e11b0000 	tst	fp, r0
    4d18:	1a0000e4 	bne	0x50b0
    4d1c:	e3a0e03d 	mov	lr, #61	@ 0x3d
    4d20:	e584e05c 	str	lr, [r4, #92]	@ 0x5c
    4d24:	e594201c 	ldr	r2, [r4, #28]
    4d28:	e5950030 	ldr	r0, [r5, #48]	@ 0x30
    4d2c:	e2922030 	adds	r2, r2, #48	@ 0x30
    4d30:	2a0000f9 	bcs	0x511c
    4d34:	e59fc54c 	ldr	ip, [pc, #1356]	@ 0x5288
    4d38:	e152000c 	cmp	r2, ip
    4d3c:	8a0000f6 	bhi	0x511c
    4d40:	e080c002 	add	ip, r0, r2
    4d44:	e59ce000 	ldr	lr, [ip]
    4d48:	e59cc004 	ldr	ip, [ip, #4]
    4d4c:	ec4cea10 	vmov	s0, s1, lr, ip
    4d50:	ed840b23 	vstr	d0, [r4, #140]	@ 0x8c
    4d54:	e5848034 	str	r8, [r4, #52]	@ 0x34
    4d58:	e59f0584 	ldr	r0, [pc, #1412]	@ 0x52e4
    4d5c:	e1a01004 	mov	r1, r4
    4d60:	e59d2000 	ldr	r2, [sp]
    4d64:	e59fc57c 	ldr	ip, [pc, #1404]	@ 0x52e8
    4d68:	e12fff3c 	blx	ip
    4d6c:	e3500000 	cmp	r0, #0
    4d70:	1a0000ec 	bne	0x5128
    4d74:	e5940088 	ldr	r0, [r4, #136]	@ 0x88
    4d78:	e5840034 	str	r0, [r4, #52]	@ 0x34
    4d7c:	e3500000 	cmp	r0, #0
    4d80:	aafffae7 	bge	0x3924
    4d84:	ea0000cb 	b	0x50b8
    4d88:	e5942034 	ldr	r2, [r4, #52]	@ 0x34
    4d8c:	e5950030 	ldr	r0, [r5, #48]	@ 0x30
    4d90:	e2922001 	adds	r2, r2, #1
    4d94:	2a0000e0 	bcs	0x511c
    4d98:	e3e0c4fe 	mvn	ip, #-33554432	@ 0xfe000000
    4d9c:	e3ccc8fe 	bic	ip, ip, #16646144	@ 0xfe0000
    4da0:	e152000c 	cmp	r2, ip
    4da4:	8a0000dc 	bhi	0x511c
    4da8:	e7d0e002 	ldrb	lr, [r0, r2]
    4dac:	e584e03c 	str	lr, [r4, #60]	@ 0x3c
    4db0:	e594c034 	ldr	ip, [r4, #52]	@ 0x34
    4db4:	e28ce001 	add	lr, ip, #1
    4db8:	e584e034 	str	lr, [r4, #52]	@ 0x34
    4dbc:	eafffaf0 	b	0x3984
    4dc0:	e594c000 	ldr	ip, [r4]
    4dc4:	e35c0000 	cmp	ip, #0
    4dc8:	1a0000ca 	bne	0x50f8
    4dcc:	e594c02c 	ldr	ip, [r4, #44]	@ 0x2c
    4dd0:	e35c0000 	cmp	ip, #0
    4dd4:	0a0000b2 	beq	0x50a4
    4dd8:	e3a06001 	mov	r6, #1
    4ddc:	e1a00106 	lsl	r0, r6, #2
    4de0:	e594c010 	ldr	ip, [r4, #16]
    4de4:	e08c0000 	add	r0, ip, r0
    4de8:	e1a03000 	mov	r3, r0
    4dec:	e5952030 	ldr	r2, [r5, #48]	@ 0x30
    4df0:	e59fc498 	ldr	ip, [pc, #1176]	@ 0x5290
    4df4:	e153000c 	cmp	r3, ip
    4df8:	8a0000c7 	bhi	0x511c
    4dfc:	e7920003 	ldr	r0, [r2, r3]
    4e00:	e1a02000 	mov	r2, r0
    4e04:	e3500000 	cmp	r0, #0
    4e08:	0a000012 	beq	0x4e58
    4e0c:	e1a00186 	lsl	r0, r6, #3
    4e10:	e594c00c 	ldr	ip, [r4, #12]
    4e14:	e08c0000 	add	r0, ip, r0
    4e18:	e5840088 	str	r0, [r4, #136]	@ 0x88
    4e1c:	e584203c 	str	r2, [r4, #60]	@ 0x3c
    4e20:	e59f04c4 	ldr	r0, [pc, #1220]	@ 0x52ec
    4e24:	e1a01004 	mov	r1, r4
    4e28:	e59d2000 	ldr	r2, [sp]
    4e2c:	e59fc4bc 	ldr	ip, [pc, #1212]	@ 0x52f0
    4e30:	e12fff3c 	blx	ip
    4e34:	e3500000 	cmp	r0, #0
    4e38:	1a0000ba 	bne	0x5128
    4e3c:	e3a0e001 	mov	lr, #1
    4e40:	e584e030 	str	lr, [r4, #48]	@ 0x30
    4e44:	e2860001 	add	r0, r6, #1
    4e48:	e1a06000 	mov	r6, r0
    4e4c:	e350000a 	cmp	r0, #10
    4e50:	1affffe1 	bne	0x4ddc
    4e54:	ea0000a7 	b	0x50f8
    4e58:	e356000a 	cmp	r6, #10
    4e5c:	3a000002 	bcc	0x4e6c
    4e60:	e3a0e001 	mov	lr, #1
    4e64:	e584e030 	str	lr, [r4, #48]	@ 0x30
    4e68:	ea0000a2 	b	0x50f8
    4e6c:	e1a00106 	lsl	r0, r6, #2
    4e70:	e594c010 	ldr	ip, [r4, #16]
    4e74:	e08c0000 	add	r0, ip, r0
    4e78:	e1a03000 	mov	r3, r0
    4e7c:	e5952030 	ldr	r2, [r5, #48]	@ 0x30
    4e80:	e59fc408 	ldr	ip, [pc, #1032]	@ 0x5290
    4e84:	e153000c 	cmp	r3, ip
    4e88:	8a0000a3 	bhi	0x511c
    4e8c:	e7920003 	ldr	r0, [r2, r3]
    4e90:	e3500000 	cmp	r0, #0
    4e94:	1a000006 	bne	0x4eb4
    4e98:	e3a0e001 	mov	lr, #1
    4e9c:	e584e030 	str	lr, [r4, #48]	@ 0x30
    4ea0:	e2860001 	add	r0, r6, #1
    4ea4:	e1a06000 	mov	r6, r0
    4ea8:	e350000a 	cmp	r0, #10
    4eac:	0a000091 	beq	0x50f8
    4eb0:	eaffffed 	b	0x4e6c
    4eb4:	e3a0e01c 	mov	lr, #28
    4eb8:	e584e05c 	str	lr, [r4, #92]	@ 0x5c
    4ebc:	ea00007d 	b	0x50b8
    4ec0:	e594201c 	ldr	r2, [r4, #28]
    4ec4:	e5950030 	ldr	r0, [r5, #48]	@ 0x30
    4ec8:	e2922027 	adds	r2, r2, #39	@ 0x27
    4ecc:	2a000092 	bcs	0x511c
    4ed0:	e3e0c4fe 	mvn	ip, #-33554432	@ 0xfe000000
    4ed4:	e3ccc8fe 	bic	ip, ip, #16646144	@ 0xfe0000
    4ed8:	e152000c 	cmp	r2, ip
    4edc:	8a00008e 	bhi	0x511c
    4ee0:	e7c01002 	strb	r1, [r0, r2]
    4ee4:	e3a0e001 	mov	lr, #1
    4ee8:	e584e054 	str	lr, [r4, #84]	@ 0x54
    4eec:	e594e024 	ldr	lr, [r4, #36]	@ 0x24
    4ef0:	e584e038 	str	lr, [r4, #56]	@ 0x38
    4ef4:	e594e028 	ldr	lr, [r4, #40]	@ 0x28
    4ef8:	e584e05c 	str	lr, [r4, #92]	@ 0x5c
    4efc:	e594e060 	ldr	lr, [r4, #96]	@ 0x60
    4f00:	e584e048 	str	lr, [r4, #72]	@ 0x48
    4f04:	ea000001 	b	0x4f10
    4f08:	e594e028 	ldr	lr, [r4, #40]	@ 0x28
    4f0c:	e584e05c 	str	lr, [r4, #92]	@ 0x5c
    4f10:	e594e038 	ldr	lr, [r4, #56]	@ 0x38
    4f14:	e594c05c 	ldr	ip, [r4, #92]	@ 0x5c
    4f18:	e04c000e 	sub	r0, ip, lr
    4f1c:	e1a06000 	mov	r6, r0
    4f20:	e594c054 	ldr	ip, [r4, #84]	@ 0x54
    4f24:	e15c0006 	cmp	ip, r6
    4f28:	e594c054 	ldr	ip, [r4, #84]	@ 0x54
    4f2c:	c1a0000c 	movgt	r0, ip
    4f30:	e1a07000 	mov	r7, r0
    4f34:	e594c044 	ldr	ip, [r4, #68]	@ 0x44
    4f38:	e3e0e480 	mvn	lr, #128, 8	@ 0x80000000
    4f3c:	e02c100e 	eor	r1, ip, lr
    4f40:	e1500001 	cmp	r0, r1
    4f44:	ca000059 	bgt	0x50b0
    4f48:	e3a0e03d 	mov	lr, #61	@ 0x3d
    4f4c:	e584e05c 	str	lr, [r4, #92]	@ 0x5c
    4f50:	e594c044 	ldr	ip, [r4, #68]	@ 0x44
    4f54:	e08c0007 	add	r0, ip, r7
    4f58:	e1a08000 	mov	r8, r0
    4f5c:	e594c050 	ldr	ip, [r4, #80]	@ 0x50
    4f60:	e15c0008 	cmp	ip, r8
    4f64:	e594c050 	ldr	ip, [r4, #80]	@ 0x50
    4f68:	c1a0000c 	movgt	r0, ip
    4f6c:	e5840034 	str	r0, [r4, #52]	@ 0x34
    4f70:	e594c03c 	ldr	ip, [r4, #60]	@ 0x3c
    4f74:	e150000c 	cmp	r0, ip
    4f78:	8a00004e 	bhi	0x50b8
    4f7c:	e3a0e020 	mov	lr, #32
    4f80:	e584e08c 	str	lr, [r4, #140]	@ 0x8c
    4f84:	e5848040 	str	r8, [r4, #64]	@ 0x40
    4f88:	e59f0364 	ldr	r0, [pc, #868]	@ 0x52f4
    4f8c:	e1a01004 	mov	r1, r4
    4f90:	e59d2000 	ldr	r2, [sp]
    4f94:	e59fc35c 	ldr	ip, [pc, #860]	@ 0x52f8
    4f98:	e12fff3c 	blx	ip
    4f9c:	e3500000 	cmp	r0, #0
    4fa0:	1a000060 	bne	0x5128
    4fa4:	e59f0350 	ldr	r0, [pc, #848]	@ 0x52fc
    4fa8:	e1a01004 	mov	r1, r4
    4fac:	e59d2000 	ldr	r2, [sp]
    4fb0:	e59fc348 	ldr	ip, [pc, #840]	@ 0x5300
    4fb4:	e12fff3c 	blx	ip
    4fb8:	e3500000 	cmp	r0, #0
    4fbc:	1a000059 	bne	0x5128
    4fc0:	e594c048 	ldr	ip, [r4, #72]	@ 0x48
    4fc4:	e22c0b40 	eor	r0, ip, #64, 22	@ 0x10000
    4fc8:	e3a0e030 	mov	lr, #48	@ 0x30
    4fcc:	e584e08c 	str	lr, [r4, #140]	@ 0x8c
    4fd0:	e5848040 	str	r8, [r4, #64]	@ 0x40
    4fd4:	e5840098 	str	r0, [r4, #152]	@ 0x98
    4fd8:	e59f0324 	ldr	r0, [pc, #804]	@ 0x5304
    4fdc:	e1a01004 	mov	r1, r4
    4fe0:	e59d2000 	ldr	r2, [sp]
    4fe4:	e59fc31c 	ldr	ip, [pc, #796]	@ 0x5308
    4fe8:	e12fff3c 	blx	ip
    4fec:	e3500000 	cmp	r0, #0
    4ff0:	1a00004c 	bne	0x5128
    4ff4:	e3a0e030 	mov	lr, #48	@ 0x30
    4ff8:	e584e08c 	str	lr, [r4, #140]	@ 0x8c
    4ffc:	e584704c 	str	r7, [r4, #76]	@ 0x4c
    5000:	e5846004 	str	r6, [r4, #4]
    5004:	e3a0e000 	mov	lr, #0
    5008:	e584e070 	str	lr, [r4, #112]	@ 0x70
    500c:	e59f02f8 	ldr	r0, [pc, #760]	@ 0x530c
    5010:	e1a01004 	mov	r1, r4
    5014:	e59d2000 	ldr	r2, [sp]
    5018:	e59fc2f0 	ldr	ip, [pc, #752]	@ 0x5310
    501c:	e12fff3c 	blx	ip
    5020:	e3500000 	cmp	r0, #0
    5024:	1a00003f 	bne	0x5128
    5028:	e5846004 	str	r6, [r4, #4]
    502c:	e59f02e0 	ldr	r0, [pc, #736]	@ 0x5314
    5030:	e1a01004 	mov	r1, r4
    5034:	e59d2000 	ldr	r2, [sp]
    5038:	e59fc2d8 	ldr	ip, [pc, #728]	@ 0x5318
    503c:	e12fff3c 	blx	ip
    5040:	e3500000 	cmp	r0, #0
    5044:	1a000037 	bne	0x5128
    5048:	e594c048 	ldr	ip, [r4, #72]	@ 0x48
    504c:	e22c0d80 	eor	r0, ip, #128, 26	@ 0x2000
    5050:	e3a0e020 	mov	lr, #32
    5054:	e584e08c 	str	lr, [r4, #140]	@ 0x8c
    5058:	e5848040 	str	r8, [r4, #64]	@ 0x40
    505c:	e5840098 	str	r0, [r4, #152]	@ 0x98
    5060:	e59f02b4 	ldr	r0, [pc, #692]	@ 0x531c
    5064:	e1a01004 	mov	r1, r4
    5068:	e59d2000 	ldr	r2, [sp]
    506c:	e59fc2ac 	ldr	ip, [pc, #684]	@ 0x5320
    5070:	e12fff3c 	blx	ip
    5074:	e3500000 	cmp	r0, #0
    5078:	1a00002a 	bne	0x5128
    507c:	e594101c 	ldr	r1, [r4, #28]
    5080:	e5950030 	ldr	r0, [r5, #48]	@ 0x30
    5084:	e291103c 	adds	r1, r1, #60	@ 0x3c
    5088:	2a000023 	bcs	0x511c
    508c:	e59fc1fc 	ldr	ip, [pc, #508]	@ 0x5290
    5090:	e151000c 	cmp	r1, ip
    5094:	8a000020 	bhi	0x511c
    5098:	e790e001 	ldr	lr, [r0, r1]
    509c:	e584e004 	str	lr, [r4, #4]
    50a0:	eafffa1f 	b	0x3924
    50a4:	e3a0e000 	mov	lr, #0
    50a8:	e584e030 	str	lr, [r4, #48]	@ 0x30
    50ac:	ea000011 	b	0x50f8
    50b0:	e3a0e03d 	mov	lr, #61	@ 0x3d
    50b4:	e584e05c 	str	lr, [r4, #92]	@ 0x5c
    50b8:	e59f0264 	ldr	r0, [pc, #612]	@ 0x5324
    50bc:	e1a01004 	mov	r1, r4
    50c0:	e59d2000 	ldr	r2, [sp]
    50c4:	e59fc25c 	ldr	ip, [pc, #604]	@ 0x5328
    50c8:	e12fff3c 	blx	ip
    50cc:	e3500000 	cmp	r0, #0
    50d0:	1a000014 	bne	0x5128
    50d4:	e5940088 	ldr	r0, [r4, #136]	@ 0x88
    50d8:	e5951030 	ldr	r1, [r5, #48]	@ 0x30
    50dc:	e594205c 	ldr	r2, [r4, #92]	@ 0x5c
    50e0:	e59fc1a8 	ldr	ip, [pc, #424]	@ 0x5290
    50e4:	e150000c 	cmp	r0, ip
    50e8:	8a00000b 	bhi	0x511c
    50ec:	e7812000 	str	r2, [r1, r0]
    50f0:	e3e0e000 	mvn	lr, #0
    50f4:	e584e030 	str	lr, [r4, #48]	@ 0x30
    50f8:	e594c01c 	ldr	ip, [r4, #28]
    50fc:	e28c0040 	add	r0, ip, #64	@ 0x40
    5100:	e595103c 	ldr	r1, [r5, #60]	@ 0x3c
    5104:	e5810008 	str	r0, [r1, #8]
    5108:	e59f021c 	ldr	r0, [pc, #540]	@ 0x532c
    510c:	e30ccabc 	movw	ip, #51900	@ 0xcabc
    5110:	e34ccdef 	movt	ip, #52719	@ 0xcdef
    5114:	e28dd004 	add	sp, sp, #4
    5118:	e8bd8fc0 	pop	{r6, r7, r8, r9, sl, fp, pc}
    511c:	e3a00008 	mov	r0, #8
    5120:	e59d1000 	ldr	r1, [sp]
    5124:	e5810010 	str	r0, [r1, #16]
    5128:	e59d0000 	ldr	r0, [sp]
    512c:	e59d101c 	ldr	r1, [sp, #28]
    5130:	e59fc1f8 	ldr	ip, [pc, #504]	@ 0x5330
    5134:	e12fff3c 	blx	ip
    5138:	e28dd004 	add	sp, sp, #4
    513c:	e8bd0fc0 	pop	{r6, r7, r8, r9, sl, fp}
    5140:	e28dd004 	add	sp, sp, #4
    5144:	e12fff10 	bx	r0
    5148:	e92d40c0 	push	{r6, r7, lr}
    514c:	e24dd004 	sub	sp, sp, #4
    5150:	e58d0000 	str	r0, [sp]
    5154:	e30cc123 	movw	ip, #49443	@ 0xc123
    5158:	e34cc456 	movt	ip, #50262	@ 0xc456
    515c:	e5940000 	ldr	r0, [r4]
    5160:	e5941004 	ldr	r1, [r4, #4]
    5164:	e5942008 	ldr	r2, [r4, #8]
    5168:	e1a07000 	mov	r7, r0
    516c:	e5956030 	ldr	r6, [r5, #48]	@ 0x30
    5170:	e3e0c4fe 	mvn	ip, #-33554432	@ 0xfe000000
    5174:	e3ccc8fe 	bic	ip, ip, #16646144	@ 0xfe0000
    5178:	e157000c 	cmp	r7, ip
    517c:	8a000012 	bhi	0x51cc
    5180:	e7d63007 	ldrb	r3, [r6, r7]
    5184:	e3130020 	tst	r3, #32
    5188:	1a00000a 	bne	0x51b8
    518c:	e5841004 	str	r1, [r4, #4]
    5190:	e5842008 	str	r2, [r4, #8]
    5194:	e5840000 	str	r0, [r4]
    5198:	e3a009fd 	mov	r0, #4145152	@ 0x3f4000
    519c:	e3800de0 	orr	r0, r0, #224, 26	@ 0x3800
    51a0:	e1a01004 	mov	r1, r4
    51a4:	e59d2000 	ldr	r2, [sp]
    51a8:	e59fc184 	ldr	ip, [pc, #388]	@ 0x5334
    51ac:	e12fff3c 	blx	ip
    51b0:	e3500000 	cmp	r0, #0
    51b4:	1a000007 	bne	0x51d8
    51b8:	e59f0178 	ldr	r0, [pc, #376]	@ 0x5338
    51bc:	e30ccabc 	movw	ip, #51900	@ 0xcabc
    51c0:	e34ccdef 	movt	ip, #52719	@ 0xcdef
    51c4:	e28dd004 	add	sp, sp, #4
    51c8:	e8bd80c0 	pop	{r6, r7, pc}
    51cc:	e3a00008 	mov	r0, #8
    51d0:	e59d1000 	ldr	r1, [sp]
    51d4:	e5810010 	str	r0, [r1, #16]
    51d8:	e59d0000 	ldr	r0, [sp]
    51dc:	e59d100c 	ldr	r1, [sp, #12]
    51e0:	e59fc154 	ldr	ip, [pc, #340]	@ 0x533c
    51e4:	e12fff3c 	blx	ip
    51e8:	e28dd004 	add	sp, sp, #4
    51ec:	e8bd00c0 	pop	{r6, r7}
    51f0:	e28dd004 	add	sp, sp, #4
    51f4:	e12fff10 	bx	r0
    51f8:	e92d47c0 	push	{r6, r7, r8, r9, sl, lr}
    51fc:	e24dd008 	sub	sp, sp, #8
    5200:	e58d0000 	str	r0, [sp]
    5204:	e30cc123 	movw	ip, #49443	@ 0xc123
    5208:	e34cc456 	movt	ip, #50262	@ 0xc456
    520c:	e5940000 	ldr	r0, [r4]
    5210:	e3a01000 	mov	r1, #0
    5214:	e1a06000 	mov	r6, r0
    5218:	e5953030 	ldr	r3, [r5, #48]	@ 0x30
    521c:	e59fc06c 	ldr	ip, [pc, #108]	@ 0x5290
    5220:	e156000c 	cmp	r6, ip
    5224:	8a000070 	bhi	0x53ec
    5228:	e7932006 	ldr	r2, [r3, r6]
    522c:	e1a03002 	mov	r3, r2
    5230:	e1a07002 	mov	r7, r2
    5234:	e5956030 	ldr	r6, [r5, #48]	@ 0x30
    5238:	e3e0c4fe 	mvn	ip, #-33554432	@ 0xfe000000
    523c:	e3ccc8fe 	bic	ip, ip, #16646144	@ 0xfe0000
    5240:	e157000c 	cmp	r7, ip
    5244:	8a000068 	bhi	0x53ec
    5248:	e19620d7 	ldrsb	r2, [r6, r7]
    524c:	e2422030 	sub	r2, r2, #48	@ 0x30
    5250:	e1a06002 	mov	r6, r2
    5254:	e3520009 	cmp	r2, #9
    5258:	9a000039 	bls	0x5344
    525c:	e3a0e000 	mov	lr, #0
    5260:	e584e018 	str	lr, [r4, #24]
    5264:	e59f00d4 	ldr	r0, [pc, #212]	@ 0x5340
    5268:	ea00005d 	b	0x53e4
    526c:	ea000034 	b	0x5344
	...
    5278:	00407904 	subeq	r7, r0, r4, lsl #18
    527c:	000487b4 			@ <UNDEFINED> instruction: 0x000487b4
    5280:	4085b9e8 	addmi	fp, r5, r8, ror #19
    5284:	4085ba70 	addmi	fp, r5, r0, ror sl
    5288:	0101fff8 	strdeq	pc, [r1, -r8]
    528c:	4085ba90 	umullmi	fp, r5, r0, sl
    5290:	0101fffc 	strdeq	pc, [r1, -ip]
    5294:	0101fffe 	strdeq	pc, [r1, -lr]
    5298:	00407d78 	subeq	r7, r0, r8, ror sp
    529c:	000487b4 			@ <UNDEFINED> instruction: 0x000487b4
    52a0:	00407e3c 	subeq	r7, r0, ip, lsr lr
    52a4:	000487b4 			@ <UNDEFINED> instruction: 0x000487b4
    52a8:	00407fcc 	subeq	r7, r0, ip, asr #31
    52ac:	000487b4 			@ <UNDEFINED> instruction: 0x000487b4
    52b0:	00408134 	subeq	r8, r0, r4, lsr r1
    52b4:	000487b4 			@ <UNDEFINED> instruction: 0x000487b4
    52b8:	00408234 	subeq	r8, r0, r4, lsr r2
    52bc:	000487b4 			@ <UNDEFINED> instruction: 0x000487b4
    52c0:	004082f0 	strdeq	r8, [r0], #-32	@ 0xffffffe0
    52c4:	000487b4 			@ <UNDEFINED> instruction: 0x000487b4
    52c8:	004083bc 	strheq	r8, [r0], #-60	@ 0xffffffc4
    52cc:	000487b4 			@ <UNDEFINED> instruction: 0x000487b4
    52d0:	00408438 	subeq	r8, r0, r8, lsr r4
    52d4:	000487b4 			@ <UNDEFINED> instruction: 0x000487b4
    52d8:	00408498 	umaaleq	r8, r0, r8, r4
    52dc:	000487b4 			@ <UNDEFINED> instruction: 0x000487b4
    52e0:	000487b4 			@ <UNDEFINED> instruction: 0x000487b4
    52e4:	00408578 	subeq	r8, r0, r8, ror r5
    52e8:	00048af0 	strdeq	r8, [r4], -r0
    52ec:	00408678 	subeq	r8, r0, r8, ror r6
    52f0:	000487b4 			@ <UNDEFINED> instruction: 0x000487b4
    52f4:	004088c4 	subeq	r8, r0, r4, asr #17
    52f8:	000487b4 			@ <UNDEFINED> instruction: 0x000487b4
    52fc:	004088dc 	ldrdeq	r8, [r0], #-140	@ 0xffffff74
    5300:	000487b4 			@ <UNDEFINED> instruction: 0x000487b4
    5304:	00408914 	subeq	r8, r0, r4, lsl r9
    5308:	000487b4 			@ <UNDEFINED> instruction: 0x000487b4
    530c:	00408938 	subeq	r8, r0, r8, lsr r9
    5310:	000487b4 			@ <UNDEFINED> instruction: 0x000487b4
    5314:	00408950 	subeq	r8, r0, r0, asr r9
    5318:	000487b4 			@ <UNDEFINED> instruction: 0x000487b4
    531c:	00408988 	subeq	r8, r0, r8, lsl #19
    5320:	000487b4 			@ <UNDEFINED> instruction: 0x000487b4
    5324:	004089d0 	ldrdeq	r8, [r0], #-144	@ 0xffffff70
    5328:	000487b4 			@ <UNDEFINED> instruction: 0x000487b4
    532c:	00408a14 	subeq	r8, r0, r4, lsl sl
    5330:	00047eac 	andeq	r7, r4, ip, lsr #29
    5334:	000487b4 			@ <UNDEFINED> instruction: 0x000487b4
    5338:	003f781c 	eorseq	r7, pc, ip, lsl r8	@ <UNPREDICTABLE>
    533c:	00047eac 	andeq	r7, r4, ip, lsr #29
    5340:	003fd938 	eorseq	sp, pc, r8, lsr r9	@ <UNPREDICTABLE>
    5344:	e3e02000 	mvn	r2, #0
    5348:	e59fcfe8 	ldr	ip, [pc, #4072]	@ 0x6338
    534c:	e151000c 	cmp	r1, ip
    5350:	8a000008 	bhi	0x5378
    5354:	e3a0c00a 	mov	ip, #10
    5358:	e0070c91 	mul	r7, r1, ip
    535c:	e1a08007 	mov	r8, r7
    5360:	e0867007 	add	r7, r6, r7
    5364:	e3e0c480 	mvn	ip, #128, 8	@ 0x80000000
    5368:	e028800c 	eor	r8, r8, ip
    536c:	e1560008 	cmp	r6, r8
    5370:	e3e02000 	mvn	r2, #0
    5374:	91a02007 	movls	r2, r7
    5378:	e2837001 	add	r7, r3, #1
    537c:	e1a08007 	mov	r8, r7
    5380:	e1a0a000 	mov	sl, r0
    5384:	e5959030 	ldr	r9, [r5, #48]	@ 0x30
    5388:	e59fcfac 	ldr	ip, [pc, #4012]	@ 0x633c
    538c:	e15a000c 	cmp	sl, ip
    5390:	8a000015 	bhi	0x53ec
    5394:	e789700a 	str	r7, [r9, sl]
    5398:	e1a0a003 	mov	sl, r3
    539c:	e5959030 	ldr	r9, [r5, #48]	@ 0x30
    53a0:	e29aa001 	adds	sl, sl, #1
    53a4:	2a000010 	bcs	0x53ec
    53a8:	e3e0c4fe 	mvn	ip, #-33554432	@ 0xfe000000
    53ac:	e3ccc8fe 	bic	ip, ip, #16646144	@ 0xfe0000
    53b0:	e15a000c 	cmp	sl, ip
    53b4:	8a00000c 	bhi	0x53ec
    53b8:	e19970da 	ldrsb	r7, [r9, sl]
    53bc:	e1a01002 	mov	r1, r2
    53c0:	e1a03008 	mov	r3, r8
    53c4:	e2477030 	sub	r7, r7, #48	@ 0x30
    53c8:	e1a06007 	mov	r6, r7
    53cc:	e357000a 	cmp	r7, #10
    53d0:	3affffdb 	bcc	0x5344
    53d4:	e5842010 	str	r2, [r4, #16]
    53d8:	e59f0f60 	ldr	r0, [pc, #3936]	@ 0x6340
    53dc:	e30ccabc 	movw	ip, #51900	@ 0xcabc
    53e0:	e34ccdef 	movt	ip, #52719	@ 0xcdef
    53e4:	e28dd008 	add	sp, sp, #8
    53e8:	e8bd87c0 	pop	{r6, r7, r8, r9, sl, pc}
    53ec:	e3a00008 	mov	r0, #8
    53f0:	e59d1000 	ldr	r1, [sp]
    53f4:	e5810010 	str	r0, [r1, #16]
    53f8:	e59d0000 	ldr	r0, [sp]
    53fc:	e59d101c 	ldr	r1, [sp, #28]
    5400:	e59fcf3c 	ldr	ip, [pc, #3900]	@ 0x6344
    5404:	e12fff3c 	blx	ip
    5408:	e28dd008 	add	sp, sp, #8
    540c:	e8bd07c0 	pop	{r6, r7, r8, r9, sl}
    5410:	e28dd004 	add	sp, sp, #4
    5414:	e12fff10 	bx	r0
    5418:	e92d41c0 	push	{r6, r7, r8, lr}
    541c:	e24dd008 	sub	sp, sp, #8
    5420:	e58d0000 	str	r0, [sp]
    5424:	e30cc123 	movw	ip, #49443	@ 0xc123
    5428:	e34cc456 	movt	ip, #50262	@ 0xc456
    542c:	e5940000 	ldr	r0, [r4]
    5430:	e5941004 	ldr	r1, [r4, #4]
    5434:	e5942008 	ldr	r2, [r4, #8]
    5438:	e594300c 	ldr	r3, [r4, #12]
    543c:	e2411009 	sub	r1, r1, #9
    5440:	e1a0e001 	mov	lr, r1
    5444:	e35e0012 	cmp	lr, #18
    5448:	23a0e012 	movcs	lr, #18
    544c:	e1a0e10e 	lsl	lr, lr, #2
    5450:	e59fcef0 	ldr	ip, [pc, #3824]	@ 0x6348
    5454:	e08ee00c 	add	lr, lr, ip
    5458:	e59ec000 	ldr	ip, [lr]
    545c:	e12fff1c 	bx	ip
    5460:	e1a07002 	mov	r7, r2
    5464:	e5956030 	ldr	r6, [r5, #48]	@ 0x30
    5468:	e59fcecc 	ldr	ip, [pc, #3788]	@ 0x633c
    546c:	e157000c 	cmp	r7, ip
    5470:	8a000216 	bhi	0x5cd0
    5474:	e7961007 	ldr	r1, [r6, r7]
    5478:	e1a06001 	mov	r6, r1
    547c:	e2811004 	add	r1, r1, #4
    5480:	e1a08002 	mov	r8, r2
    5484:	e5957030 	ldr	r7, [r5, #48]	@ 0x30
    5488:	e59fceac 	ldr	ip, [pc, #3756]	@ 0x633c
    548c:	e158000c 	cmp	r8, ip
    5490:	8a00020e 	bhi	0x5cd0
    5494:	e7871008 	str	r1, [r7, r8]
    5498:	e1a07006 	mov	r7, r6
    549c:	e5951030 	ldr	r1, [r5, #48]	@ 0x30
    54a0:	e59fce94 	ldr	ip, [pc, #3732]	@ 0x633c
    54a4:	e157000c 	cmp	r7, ip
    54a8:	8a000208 	bhi	0x5cd0
    54ac:	e7916007 	ldr	r6, [r1, r7]
    54b0:	e1a07000 	mov	r7, r0
    54b4:	e5951030 	ldr	r1, [r5, #48]	@ 0x30
    54b8:	e59fce7c 	ldr	ip, [pc, #3708]	@ 0x633c
    54bc:	e157000c 	cmp	r7, ip
    54c0:	8a000202 	bhi	0x5cd0
    54c4:	e7816007 	str	r6, [r1, r7]
    54c8:	e59f0e7c 	ldr	r0, [pc, #3708]	@ 0x634c
    54cc:	ea0001fd 	b	0x5cc8
    54d0:	e1a07002 	mov	r7, r2
    54d4:	e5956030 	ldr	r6, [r5, #48]	@ 0x30
    54d8:	e59fce5c 	ldr	ip, [pc, #3676]	@ 0x633c
    54dc:	e157000c 	cmp	r7, ip
    54e0:	8a0001fa 	bhi	0x5cd0
    54e4:	e7961007 	ldr	r1, [r6, r7]
    54e8:	e1a06001 	mov	r6, r1
    54ec:	e2811004 	add	r1, r1, #4
    54f0:	e1a08002 	mov	r8, r2
    54f4:	e5957030 	ldr	r7, [r5, #48]	@ 0x30
    54f8:	e59fce3c 	ldr	ip, [pc, #3644]	@ 0x633c
    54fc:	e158000c 	cmp	r8, ip
    5500:	8a0001f2 	bhi	0x5cd0
    5504:	e7871008 	str	r1, [r7, r8]
    5508:	e5958030 	ldr	r8, [r5, #48]	@ 0x30
    550c:	e59fce28 	ldr	ip, [pc, #3624]	@ 0x633c
    5510:	e156000c 	cmp	r6, ip
    5514:	8a0001ed 	bhi	0x5cd0
    5518:	e7981006 	ldr	r1, [r8, r6]
    551c:	e1a07fc1 	asr	r7, r1, #31
    5520:	e1a08000 	mov	r8, r0
    5524:	e5956030 	ldr	r6, [r5, #48]	@ 0x30
    5528:	e59fce20 	ldr	ip, [pc, #3616]	@ 0x6350
    552c:	e158000c 	cmp	r8, ip
    5530:	8a0001e6 	bhi	0x5cd0
    5534:	e086c008 	add	ip, r6, r8
    5538:	e58c1000 	str	r1, [ip]
    553c:	e58c7004 	str	r7, [ip, #4]
    5540:	e59f0e0c 	ldr	r0, [pc, #3596]	@ 0x6354
    5544:	ea0001df 	b	0x5cc8
    5548:	e1a07002 	mov	r7, r2
    554c:	e5956030 	ldr	r6, [r5, #48]	@ 0x30
    5550:	e59fcde4 	ldr	ip, [pc, #3556]	@ 0x633c
    5554:	e157000c 	cmp	r7, ip
    5558:	8a0001dc 	bhi	0x5cd0
    555c:	e7961007 	ldr	r1, [r6, r7]
    5560:	e1a06001 	mov	r6, r1
    5564:	e2811004 	add	r1, r1, #4
    5568:	e1a08002 	mov	r8, r2
    556c:	e5957030 	ldr	r7, [r5, #48]	@ 0x30
    5570:	e59fcdc4 	ldr	ip, [pc, #3524]	@ 0x633c
    5574:	e158000c 	cmp	r8, ip
    5578:	8a0001d4 	bhi	0x5cd0
    557c:	e7871008 	str	r1, [r7, r8]
    5580:	e5958030 	ldr	r8, [r5, #48]	@ 0x30
    5584:	e59fcdb0 	ldr	ip, [pc, #3504]	@ 0x633c
    5588:	e156000c 	cmp	r6, ip
    558c:	8a0001cf 	bhi	0x5cd0
    5590:	e7981006 	ldr	r1, [r8, r6]
    5594:	e3a07000 	mov	r7, #0
    5598:	e1a08000 	mov	r8, r0
    559c:	e5956030 	ldr	r6, [r5, #48]	@ 0x30
    55a0:	e59fcda8 	ldr	ip, [pc, #3496]	@ 0x6350
    55a4:	e158000c 	cmp	r8, ip
    55a8:	8a0001c8 	bhi	0x5cd0
    55ac:	e086c008 	add	ip, r6, r8
    55b0:	e58c1000 	str	r1, [ip]
    55b4:	e58c7004 	str	r7, [ip, #4]
    55b8:	e59f0d98 	ldr	r0, [pc, #3480]	@ 0x6358
    55bc:	ea0001c1 	b	0x5cc8
    55c0:	e1a07002 	mov	r7, r2
    55c4:	e5956030 	ldr	r6, [r5, #48]	@ 0x30
    55c8:	e59fcd6c 	ldr	ip, [pc, #3436]	@ 0x633c
    55cc:	e157000c 	cmp	r7, ip
    55d0:	8a0001be 	bhi	0x5cd0
    55d4:	e7961007 	ldr	r1, [r6, r7]
    55d8:	e1a06001 	mov	r6, r1
    55dc:	e2811004 	add	r1, r1, #4
    55e0:	e1a08002 	mov	r8, r2
    55e4:	e5957030 	ldr	r7, [r5, #48]	@ 0x30
    55e8:	e59fcd4c 	ldr	ip, [pc, #3404]	@ 0x633c
    55ec:	e158000c 	cmp	r8, ip
    55f0:	8a0001b6 	bhi	0x5cd0
    55f4:	e7871008 	str	r1, [r7, r8]
    55f8:	e5958030 	ldr	r8, [r5, #48]	@ 0x30
    55fc:	e59fcd38 	ldr	ip, [pc, #3384]	@ 0x633c
    5600:	e156000c 	cmp	r6, ip
    5604:	8a0001b1 	bhi	0x5cd0
    5608:	e7981006 	ldr	r1, [r8, r6]
    560c:	e1a07fc1 	asr	r7, r1, #31
    5610:	e1a08000 	mov	r8, r0
    5614:	e5956030 	ldr	r6, [r5, #48]	@ 0x30
    5618:	e59fcd30 	ldr	ip, [pc, #3376]	@ 0x6350
    561c:	e158000c 	cmp	r8, ip
    5620:	8a0001aa 	bhi	0x5cd0
    5624:	e086c008 	add	ip, r6, r8
    5628:	e58c1000 	str	r1, [ip]
    562c:	e58c7004 	str	r7, [ip, #4]
    5630:	e59f0d24 	ldr	r0, [pc, #3364]	@ 0x635c
    5634:	ea0001a3 	b	0x5cc8
    5638:	e1a07002 	mov	r7, r2
    563c:	e5956030 	ldr	r6, [r5, #48]	@ 0x30
    5640:	e59fccf4 	ldr	ip, [pc, #3316]	@ 0x633c
    5644:	e157000c 	cmp	r7, ip
    5648:	8a0001a0 	bhi	0x5cd0
    564c:	e7961007 	ldr	r1, [r6, r7]
    5650:	e1a06001 	mov	r6, r1
    5654:	e2811004 	add	r1, r1, #4
    5658:	e1a08002 	mov	r8, r2
    565c:	e5957030 	ldr	r7, [r5, #48]	@ 0x30
    5660:	e59fccd4 	ldr	ip, [pc, #3284]	@ 0x633c
    5664:	e158000c 	cmp	r8, ip
    5668:	8a000198 	bhi	0x5cd0
    566c:	e7871008 	str	r1, [r7, r8]
    5670:	e5958030 	ldr	r8, [r5, #48]	@ 0x30
    5674:	e59fccc0 	ldr	ip, [pc, #3264]	@ 0x633c
    5678:	e156000c 	cmp	r6, ip
    567c:	8a000193 	bhi	0x5cd0
    5680:	e7981006 	ldr	r1, [r8, r6]
    5684:	e3a07000 	mov	r7, #0
    5688:	e1a08000 	mov	r8, r0
    568c:	e5956030 	ldr	r6, [r5, #48]	@ 0x30
    5690:	e59fccb8 	ldr	ip, [pc, #3256]	@ 0x6350
    5694:	e158000c 	cmp	r8, ip
    5698:	8a00018c 	bhi	0x5cd0
    569c:	e086c008 	add	ip, r6, r8
    56a0:	e58c1000 	str	r1, [ip]
    56a4:	e58c7004 	str	r7, [ip, #4]
    56a8:	e59f0cb0 	ldr	r0, [pc, #3248]	@ 0x6360
    56ac:	ea000185 	b	0x5cc8
    56b0:	e1a07002 	mov	r7, r2
    56b4:	e5956030 	ldr	r6, [r5, #48]	@ 0x30
    56b8:	e59fcc7c 	ldr	ip, [pc, #3196]	@ 0x633c
    56bc:	e157000c 	cmp	r7, ip
    56c0:	8a000182 	bhi	0x5cd0
    56c4:	e7961007 	ldr	r1, [r6, r7]
    56c8:	e2811007 	add	r1, r1, #7
    56cc:	e3c11007 	bic	r1, r1, #7
    56d0:	e1a06001 	mov	r6, r1
    56d4:	e2811008 	add	r1, r1, #8
    56d8:	e1a08002 	mov	r8, r2
    56dc:	e5957030 	ldr	r7, [r5, #48]	@ 0x30
    56e0:	e59fcc54 	ldr	ip, [pc, #3156]	@ 0x633c
    56e4:	e158000c 	cmp	r8, ip
    56e8:	8a000178 	bhi	0x5cd0
    56ec:	e7871008 	str	r1, [r7, r8]
    56f0:	e5958030 	ldr	r8, [r5, #48]	@ 0x30
    56f4:	e59fcc54 	ldr	ip, [pc, #3156]	@ 0x6350
    56f8:	e156000c 	cmp	r6, ip
    56fc:	8a000173 	bhi	0x5cd0
    5700:	e088c006 	add	ip, r8, r6
    5704:	e59c1000 	ldr	r1, [ip]
    5708:	e59c7004 	ldr	r7, [ip, #4]
    570c:	e1a08000 	mov	r8, r0
    5710:	e5956030 	ldr	r6, [r5, #48]	@ 0x30
    5714:	e59fcc34 	ldr	ip, [pc, #3124]	@ 0x6350
    5718:	e158000c 	cmp	r8, ip
    571c:	8a00016b 	bhi	0x5cd0
    5720:	e086c008 	add	ip, r6, r8
    5724:	e58c1000 	str	r1, [ip]
    5728:	e58c7004 	str	r7, [ip, #4]
    572c:	e59f0c30 	ldr	r0, [pc, #3120]	@ 0x6364
    5730:	ea000164 	b	0x5cc8
    5734:	e1a07002 	mov	r7, r2
    5738:	e5956030 	ldr	r6, [r5, #48]	@ 0x30
    573c:	e59fcbf8 	ldr	ip, [pc, #3064]	@ 0x633c
    5740:	e157000c 	cmp	r7, ip
    5744:	8a000161 	bhi	0x5cd0
    5748:	e7961007 	ldr	r1, [r6, r7]
    574c:	e1a06001 	mov	r6, r1
    5750:	e2811004 	add	r1, r1, #4
    5754:	e1a08002 	mov	r8, r2
    5758:	e5957030 	ldr	r7, [r5, #48]	@ 0x30
    575c:	e59fcbd8 	ldr	ip, [pc, #3032]	@ 0x633c
    5760:	e158000c 	cmp	r8, ip
    5764:	8a000159 	bhi	0x5cd0
    5768:	e7871008 	str	r1, [r7, r8]
    576c:	e5958030 	ldr	r8, [r5, #48]	@ 0x30
    5770:	e59fcbf0 	ldr	ip, [pc, #3056]	@ 0x6368
    5774:	e156000c 	cmp	r6, ip
    5778:	8a000154 	bhi	0x5cd0
    577c:	e19810f6 	ldrsh	r1, [r8, r6]
    5780:	e1a07fc1 	asr	r7, r1, #31
    5784:	e1a08000 	mov	r8, r0
    5788:	e5956030 	ldr	r6, [r5, #48]	@ 0x30
    578c:	e59fcbbc 	ldr	ip, [pc, #3004]	@ 0x6350
    5790:	e158000c 	cmp	r8, ip
    5794:	8a00014d 	bhi	0x5cd0
    5798:	e086c008 	add	ip, r6, r8
    579c:	e58c1000 	str	r1, [ip]
    57a0:	e58c7004 	str	r7, [ip, #4]
    57a4:	e59f0bc0 	ldr	r0, [pc, #3008]	@ 0x636c
    57a8:	ea000146 	b	0x5cc8
    57ac:	e1a07002 	mov	r7, r2
    57b0:	e5956030 	ldr	r6, [r5, #48]	@ 0x30
    57b4:	e59fcb80 	ldr	ip, [pc, #2944]	@ 0x633c
    57b8:	e157000c 	cmp	r7, ip
    57bc:	8a000143 	bhi	0x5cd0
    57c0:	e7961007 	ldr	r1, [r6, r7]
    57c4:	e1a06001 	mov	r6, r1
    57c8:	e2811004 	add	r1, r1, #4
    57cc:	e1a08002 	mov	r8, r2
    57d0:	e5957030 	ldr	r7, [r5, #48]	@ 0x30
    57d4:	e59fcb60 	ldr	ip, [pc, #2912]	@ 0x633c
    57d8:	e158000c 	cmp	r8, ip
    57dc:	8a00013b 	bhi	0x5cd0
    57e0:	e7871008 	str	r1, [r7, r8]
    57e4:	e5958030 	ldr	r8, [r5, #48]	@ 0x30
    57e8:	e59fcb78 	ldr	ip, [pc, #2936]	@ 0x6368
    57ec:	e156000c 	cmp	r6, ip
    57f0:	8a000136 	bhi	0x5cd0
    57f4:	e19810b6 	ldrh	r1, [r8, r6]
    57f8:	e3a07000 	mov	r7, #0
    57fc:	e1a08000 	mov	r8, r0
    5800:	e5956030 	ldr	r6, [r5, #48]	@ 0x30
    5804:	e59fcb44 	ldr	ip, [pc, #2884]	@ 0x6350
    5808:	e158000c 	cmp	r8, ip
    580c:	8a00012f 	bhi	0x5cd0
    5810:	e086c008 	add	ip, r6, r8
    5814:	e58c1000 	str	r1, [ip]
    5818:	e58c7004 	str	r7, [ip, #4]
    581c:	e59f0b4c 	ldr	r0, [pc, #2892]	@ 0x6370
    5820:	ea000128 	b	0x5cc8
    5824:	e1a07002 	mov	r7, r2
    5828:	e5956030 	ldr	r6, [r5, #48]	@ 0x30
    582c:	e59fcb08 	ldr	ip, [pc, #2824]	@ 0x633c
    5830:	e157000c 	cmp	r7, ip
    5834:	8a000125 	bhi	0x5cd0
    5838:	e7961007 	ldr	r1, [r6, r7]
    583c:	e1a06001 	mov	r6, r1
    5840:	e2811004 	add	r1, r1, #4
    5844:	e1a08002 	mov	r8, r2
    5848:	e5957030 	ldr	r7, [r5, #48]	@ 0x30
    584c:	e59fcae8 	ldr	ip, [pc, #2792]	@ 0x633c
    5850:	e158000c 	cmp	r8, ip
    5854:	8a00011d 	bhi	0x5cd0
    5858:	e7871008 	str	r1, [r7, r8]
    585c:	e5958030 	ldr	r8, [r5, #48]	@ 0x30
    5860:	e3e0c4fe 	mvn	ip, #-33554432	@ 0xfe000000
    5864:	e3ccc8fe 	bic	ip, ip, #16646144	@ 0xfe0000
    5868:	e156000c 	cmp	r6, ip
    586c:	8a000117 	bhi	0x5cd0
    5870:	e19810d6 	ldrsb	r1, [r8, r6]
    5874:	e1a07fc1 	asr	r7, r1, #31
    5878:	e1a08000 	mov	r8, r0
    587c:	e5956030 	ldr	r6, [r5, #48]	@ 0x30
    5880:	e59fcac8 	ldr	ip, [pc, #2760]	@ 0x6350
    5884:	e158000c 	cmp	r8, ip
    5888:	8a000110 	bhi	0x5cd0
    588c:	e086c008 	add	ip, r6, r8
    5890:	e58c1000 	str	r1, [ip]
    5894:	e58c7004 	str	r7, [ip, #4]
    5898:	e59f0ad4 	ldr	r0, [pc, #2772]	@ 0x6374
    589c:	ea000109 	b	0x5cc8
    58a0:	e1a07002 	mov	r7, r2
    58a4:	e5956030 	ldr	r6, [r5, #48]	@ 0x30
    58a8:	e59fca8c 	ldr	ip, [pc, #2700]	@ 0x633c
    58ac:	e157000c 	cmp	r7, ip
    58b0:	8a000106 	bhi	0x5cd0
    58b4:	e7961007 	ldr	r1, [r6, r7]
    58b8:	e1a06001 	mov	r6, r1
    58bc:	e2811004 	add	r1, r1, #4
    58c0:	e1a08002 	mov	r8, r2
    58c4:	e5957030 	ldr	r7, [r5, #48]	@ 0x30
    58c8:	e59fca6c 	ldr	ip, [pc, #2668]	@ 0x633c
    58cc:	e158000c 	cmp	r8, ip
    58d0:	8a0000fe 	bhi	0x5cd0
    58d4:	e7871008 	str	r1, [r7, r8]
    58d8:	e5958030 	ldr	r8, [r5, #48]	@ 0x30
    58dc:	e3e0c4fe 	mvn	ip, #-33554432	@ 0xfe000000
    58e0:	e3ccc8fe 	bic	ip, ip, #16646144	@ 0xfe0000
    58e4:	e156000c 	cmp	r6, ip
    58e8:	8a0000f8 	bhi	0x5cd0
    58ec:	e7d81006 	ldrb	r1, [r8, r6]
    58f0:	e3a07000 	mov	r7, #0
    58f4:	e1a08000 	mov	r8, r0
    58f8:	e5956030 	ldr	r6, [r5, #48]	@ 0x30
    58fc:	e59fca4c 	ldr	ip, [pc, #2636]	@ 0x6350
    5900:	e158000c 	cmp	r8, ip
    5904:	8a0000f1 	bhi	0x5cd0
    5908:	e086c008 	add	ip, r6, r8
    590c:	e58c1000 	str	r1, [ip]
    5910:	e58c7004 	str	r7, [ip, #4]
    5914:	e59f0a5c 	ldr	r0, [pc, #2652]	@ 0x6378
    5918:	ea0000ea 	b	0x5cc8
    591c:	e1a07002 	mov	r7, r2
    5920:	e5956030 	ldr	r6, [r5, #48]	@ 0x30
    5924:	e59fca10 	ldr	ip, [pc, #2576]	@ 0x633c
    5928:	e157000c 	cmp	r7, ip
    592c:	8a0000e7 	bhi	0x5cd0
    5930:	e7961007 	ldr	r1, [r6, r7]
    5934:	e2811007 	add	r1, r1, #7
    5938:	e3c11007 	bic	r1, r1, #7
    593c:	e1a06001 	mov	r6, r1
    5940:	e2811008 	add	r1, r1, #8
    5944:	e1a08002 	mov	r8, r2
    5948:	e5957030 	ldr	r7, [r5, #48]	@ 0x30
    594c:	e59fc9e8 	ldr	ip, [pc, #2536]	@ 0x633c
    5950:	e158000c 	cmp	r8, ip
    5954:	8a0000dd 	bhi	0x5cd0
    5958:	e7871008 	str	r1, [r7, r8]
    595c:	e5958030 	ldr	r8, [r5, #48]	@ 0x30
    5960:	e59fc9e8 	ldr	ip, [pc, #2536]	@ 0x6350
    5964:	e156000c 	cmp	r6, ip
    5968:	8a0000d8 	bhi	0x5cd0
    596c:	e088c006 	add	ip, r8, r6
    5970:	e59c1000 	ldr	r1, [ip]
    5974:	e59c7004 	ldr	r7, [ip, #4]
    5978:	e1a08000 	mov	r8, r0
    597c:	e5956030 	ldr	r6, [r5, #48]	@ 0x30
    5980:	e59fc9c8 	ldr	ip, [pc, #2504]	@ 0x6350
    5984:	e158000c 	cmp	r8, ip
    5988:	8a0000d0 	bhi	0x5cd0
    598c:	e086c008 	add	ip, r6, r8
    5990:	e58c1000 	str	r1, [ip]
    5994:	e58c7004 	str	r7, [ip, #4]
    5998:	e59f09dc 	ldr	r0, [pc, #2524]	@ 0x637c
    599c:	ea0000c9 	b	0x5cc8
    59a0:	e1a07002 	mov	r7, r2
    59a4:	e5956030 	ldr	r6, [r5, #48]	@ 0x30
    59a8:	e59fc98c 	ldr	ip, [pc, #2444]	@ 0x633c
    59ac:	e157000c 	cmp	r7, ip
    59b0:	8a0000c6 	bhi	0x5cd0
    59b4:	e7961007 	ldr	r1, [r6, r7]
    59b8:	e1a06001 	mov	r6, r1
    59bc:	e2811004 	add	r1, r1, #4
    59c0:	e1a08002 	mov	r8, r2
    59c4:	e5957030 	ldr	r7, [r5, #48]	@ 0x30
    59c8:	e59fc96c 	ldr	ip, [pc, #2412]	@ 0x633c
    59cc:	e158000c 	cmp	r8, ip
    59d0:	8a0000be 	bhi	0x5cd0
    59d4:	e7871008 	str	r1, [r7, r8]
    59d8:	e5958030 	ldr	r8, [r5, #48]	@ 0x30
    59dc:	e59fc958 	ldr	ip, [pc, #2392]	@ 0x633c
    59e0:	e156000c 	cmp	r6, ip
    59e4:	8a0000b9 	bhi	0x5cd0
    59e8:	e7981006 	ldr	r1, [r8, r6]
    59ec:	e3a07000 	mov	r7, #0
    59f0:	e1a08000 	mov	r8, r0
    59f4:	e5956030 	ldr	r6, [r5, #48]	@ 0x30
    59f8:	e59fc950 	ldr	ip, [pc, #2384]	@ 0x6350
    59fc:	e158000c 	cmp	r8, ip
    5a00:	8a0000b2 	bhi	0x5cd0
    5a04:	e086c008 	add	ip, r6, r8
    5a08:	e58c1000 	str	r1, [ip]
    5a0c:	e58c7004 	str	r7, [ip, #4]
    5a10:	e59f0968 	ldr	r0, [pc, #2408]	@ 0x6380
    5a14:	ea0000ab 	b	0x5cc8
    5a18:	e1a07002 	mov	r7, r2
    5a1c:	e5956030 	ldr	r6, [r5, #48]	@ 0x30
    5a20:	e59fc914 	ldr	ip, [pc, #2324]	@ 0x633c
    5a24:	e157000c 	cmp	r7, ip
    5a28:	8a0000a8 	bhi	0x5cd0
    5a2c:	e7961007 	ldr	r1, [r6, r7]
    5a30:	e2811007 	add	r1, r1, #7
    5a34:	e3c11007 	bic	r1, r1, #7
    5a38:	e1a06001 	mov	r6, r1
    5a3c:	e2811008 	add	r1, r1, #8
    5a40:	e1a08002 	mov	r8, r2
    5a44:	e5957030 	ldr	r7, [r5, #48]	@ 0x30
    5a48:	e59fc8ec 	ldr	ip, [pc, #2284]	@ 0x633c
    5a4c:	e158000c 	cmp	r8, ip
    5a50:	8a00009e 	bhi	0x5cd0
    5a54:	e7871008 	str	r1, [r7, r8]
    5a58:	e5958030 	ldr	r8, [r5, #48]	@ 0x30
    5a5c:	e59fc8ec 	ldr	ip, [pc, #2284]	@ 0x6350
    5a60:	e156000c 	cmp	r6, ip
    5a64:	8a000099 	bhi	0x5cd0
    5a68:	e088c006 	add	ip, r8, r6
    5a6c:	e59c1000 	ldr	r1, [ip]
    5a70:	e59c7004 	ldr	r7, [ip, #4]
    5a74:	e1a08000 	mov	r8, r0
    5a78:	e5956030 	ldr	r6, [r5, #48]	@ 0x30
    5a7c:	e59fc8cc 	ldr	ip, [pc, #2252]	@ 0x6350
    5a80:	e158000c 	cmp	r8, ip
    5a84:	8a000091 	bhi	0x5cd0
    5a88:	e086c008 	add	ip, r6, r8
    5a8c:	e58c1000 	str	r1, [ip]
    5a90:	e58c7004 	str	r7, [ip, #4]
    5a94:	e59f08e8 	ldr	r0, [pc, #2280]	@ 0x6384
    5a98:	ea00008a 	b	0x5cc8
    5a9c:	e1a07002 	mov	r7, r2
    5aa0:	e5956030 	ldr	r6, [r5, #48]	@ 0x30
    5aa4:	e59fc890 	ldr	ip, [pc, #2192]	@ 0x633c
    5aa8:	e157000c 	cmp	r7, ip
    5aac:	8a000087 	bhi	0x5cd0
    5ab0:	e7961007 	ldr	r1, [r6, r7]
    5ab4:	e2811007 	add	r1, r1, #7
    5ab8:	e3c11007 	bic	r1, r1, #7
    5abc:	e1a06001 	mov	r6, r1
    5ac0:	e2811008 	add	r1, r1, #8
    5ac4:	e1a08002 	mov	r8, r2
    5ac8:	e5957030 	ldr	r7, [r5, #48]	@ 0x30
    5acc:	e59fc868 	ldr	ip, [pc, #2152]	@ 0x633c
    5ad0:	e158000c 	cmp	r8, ip
    5ad4:	8a00007d 	bhi	0x5cd0
    5ad8:	e7871008 	str	r1, [r7, r8]
    5adc:	e5958030 	ldr	r8, [r5, #48]	@ 0x30
    5ae0:	e59fc868 	ldr	ip, [pc, #2152]	@ 0x6350
    5ae4:	e156000c 	cmp	r6, ip
    5ae8:	8a000078 	bhi	0x5cd0
    5aec:	e088c006 	add	ip, r8, r6
    5af0:	e59c1000 	ldr	r1, [ip]
    5af4:	e59c7004 	ldr	r7, [ip, #4]
    5af8:	e1a08000 	mov	r8, r0
    5afc:	e5956030 	ldr	r6, [r5, #48]	@ 0x30
    5b00:	e59fc848 	ldr	ip, [pc, #2120]	@ 0x6350
    5b04:	e158000c 	cmp	r8, ip
    5b08:	8a000070 	bhi	0x5cd0
    5b0c:	e086c008 	add	ip, r6, r8
    5b10:	e58c1000 	str	r1, [ip]
    5b14:	e58c7004 	str	r7, [ip, #4]
    5b18:	e59f0868 	ldr	r0, [pc, #2152]	@ 0x6388
    5b1c:	ea000069 	b	0x5cc8
    5b20:	e1a07002 	mov	r7, r2
    5b24:	e5956030 	ldr	r6, [r5, #48]	@ 0x30
    5b28:	e59fc80c 	ldr	ip, [pc, #2060]	@ 0x633c
    5b2c:	e157000c 	cmp	r7, ip
    5b30:	8a000066 	bhi	0x5cd0
    5b34:	e7961007 	ldr	r1, [r6, r7]
    5b38:	e1a06001 	mov	r6, r1
    5b3c:	e2811004 	add	r1, r1, #4
    5b40:	e1a08002 	mov	r8, r2
    5b44:	e5957030 	ldr	r7, [r5, #48]	@ 0x30
    5b48:	e59fc7ec 	ldr	ip, [pc, #2028]	@ 0x633c
    5b4c:	e158000c 	cmp	r8, ip
    5b50:	8a00005e 	bhi	0x5cd0
    5b54:	e7871008 	str	r1, [r7, r8]
    5b58:	e5958030 	ldr	r8, [r5, #48]	@ 0x30
    5b5c:	e59fc7d8 	ldr	ip, [pc, #2008]	@ 0x633c
    5b60:	e156000c 	cmp	r6, ip
    5b64:	8a000059 	bhi	0x5cd0
    5b68:	e7981006 	ldr	r1, [r8, r6]
    5b6c:	e1a07fc1 	asr	r7, r1, #31
    5b70:	e1a08000 	mov	r8, r0
    5b74:	e5956030 	ldr	r6, [r5, #48]	@ 0x30
    5b78:	e59fc7d0 	ldr	ip, [pc, #2000]	@ 0x6350
    5b7c:	e158000c 	cmp	r8, ip
    5b80:	8a000052 	bhi	0x5cd0
    5b84:	e086c008 	add	ip, r6, r8
    5b88:	e58c1000 	str	r1, [ip]
    5b8c:	e58c7004 	str	r7, [ip, #4]
    5b90:	e59f07f4 	ldr	r0, [pc, #2036]	@ 0x638c
    5b94:	ea00004b 	b	0x5cc8
    5b98:	e1a07002 	mov	r7, r2
    5b9c:	e5956030 	ldr	r6, [r5, #48]	@ 0x30
    5ba0:	e59fc794 	ldr	ip, [pc, #1940]	@ 0x633c
    5ba4:	e157000c 	cmp	r7, ip
    5ba8:	8a000048 	bhi	0x5cd0
    5bac:	e7961007 	ldr	r1, [r6, r7]
    5bb0:	e1a06001 	mov	r6, r1
    5bb4:	e2811004 	add	r1, r1, #4
    5bb8:	e1a08002 	mov	r8, r2
    5bbc:	e5957030 	ldr	r7, [r5, #48]	@ 0x30
    5bc0:	e59fc774 	ldr	ip, [pc, #1908]	@ 0x633c
    5bc4:	e158000c 	cmp	r8, ip
    5bc8:	8a000040 	bhi	0x5cd0
    5bcc:	e7871008 	str	r1, [r7, r8]
    5bd0:	e5958030 	ldr	r8, [r5, #48]	@ 0x30
    5bd4:	e59fc760 	ldr	ip, [pc, #1888]	@ 0x633c
    5bd8:	e156000c 	cmp	r6, ip
    5bdc:	8a00003b 	bhi	0x5cd0
    5be0:	e7981006 	ldr	r1, [r8, r6]
    5be4:	e3a07000 	mov	r7, #0
    5be8:	e1a08000 	mov	r8, r0
    5bec:	e5956030 	ldr	r6, [r5, #48]	@ 0x30
    5bf0:	e59fc758 	ldr	ip, [pc, #1880]	@ 0x6350
    5bf4:	e158000c 	cmp	r8, ip
    5bf8:	8a000034 	bhi	0x5cd0
    5bfc:	e086c008 	add	ip, r6, r8
    5c00:	e58c1000 	str	r1, [ip]
    5c04:	e58c7004 	str	r7, [ip, #4]
    5c08:	e59f0780 	ldr	r0, [pc, #1920]	@ 0x6390
    5c0c:	ea00002d 	b	0x5cc8
    5c10:	e1a07002 	mov	r7, r2
    5c14:	e5956030 	ldr	r6, [r5, #48]	@ 0x30
    5c18:	e59fc71c 	ldr	ip, [pc, #1820]	@ 0x633c
    5c1c:	e157000c 	cmp	r7, ip
    5c20:	8a00002a 	bhi	0x5cd0
    5c24:	e7961007 	ldr	r1, [r6, r7]
    5c28:	e2811007 	add	r1, r1, #7
    5c2c:	e3c11007 	bic	r1, r1, #7
    5c30:	e1a06001 	mov	r6, r1
    5c34:	e2811008 	add	r1, r1, #8
    5c38:	e1a08002 	mov	r8, r2
    5c3c:	e5957030 	ldr	r7, [r5, #48]	@ 0x30
    5c40:	e59fc6f4 	ldr	ip, [pc, #1780]	@ 0x633c
    5c44:	e158000c 	cmp	r8, ip
    5c48:	8a000020 	bhi	0x5cd0
    5c4c:	e7871008 	str	r1, [r7, r8]
    5c50:	e5958030 	ldr	r8, [r5, #48]	@ 0x30
    5c54:	e59fc6f4 	ldr	ip, [pc, #1780]	@ 0x6350
    5c58:	e156000c 	cmp	r6, ip
    5c5c:	8a00001b 	bhi	0x5cd0
    5c60:	e088c006 	add	ip, r8, r6
    5c64:	e59c1000 	ldr	r1, [ip]
    5c68:	e59c7004 	ldr	r7, [ip, #4]
    5c6c:	e1a08000 	mov	r8, r0
    5c70:	e5956030 	ldr	r6, [r5, #48]	@ 0x30
    5c74:	e59fc6d4 	ldr	ip, [pc, #1748]	@ 0x6350
    5c78:	e158000c 	cmp	r8, ip
    5c7c:	8a000013 	bhi	0x5cd0
    5c80:	e086c008 	add	ip, r6, r8
    5c84:	e58c1000 	str	r1, [ip]
    5c88:	e58c7004 	str	r7, [ip, #4]
    5c8c:	e59f0700 	ldr	r0, [pc, #1792]	@ 0x6394
    5c90:	ea00000c 	b	0x5cc8
    5c94:	e5840000 	str	r0, [r4]
    5c98:	e5842008 	str	r2, [r4, #8]
    5c9c:	e584300c 	str	r3, [r4, #12]
    5ca0:	e59f06ec 	ldr	r0, [pc, #1772]	@ 0x6394
    5ca4:	e1a01004 	mov	r1, r4
    5ca8:	e59d2000 	ldr	r2, [sp]
    5cac:	e59fc6e4 	ldr	ip, [pc, #1764]	@ 0x6398
    5cb0:	e12fff3c 	blx	ip
    5cb4:	e3500000 	cmp	r0, #0
    5cb8:	1a000007 	bne	0x5cdc
    5cbc:	e59f06d8 	ldr	r0, [pc, #1752]	@ 0x639c
    5cc0:	e30ccabc 	movw	ip, #51900	@ 0xcabc
    5cc4:	e34ccdef 	movt	ip, #52719	@ 0xcdef
    5cc8:	e28dd008 	add	sp, sp, #8
    5ccc:	e8bd81c0 	pop	{r6, r7, r8, pc}
    5cd0:	e3a00008 	mov	r0, #8
    5cd4:	e59d1000 	ldr	r1, [sp]
    5cd8:	e5810010 	str	r0, [r1, #16]
    5cdc:	e59d0000 	ldr	r0, [sp]
    5ce0:	e59d1014 	ldr	r1, [sp, #20]
    5ce4:	e59fc6b4 	ldr	ip, [pc, #1716]	@ 0x63a0
    5ce8:	e12fff3c 	blx	ip
    5cec:	e28dd008 	add	sp, sp, #8
    5cf0:	e8bd01c0 	pop	{r6, r7, r8}
    5cf4:	e28dd004 	add	sp, sp, #4
    5cf8:	e12fff10 	bx	r0
    5cfc:	e92d43c0 	push	{r6, r7, r8, r9, lr}
    5d00:	e24dd004 	sub	sp, sp, #4
    5d04:	e58d0000 	str	r0, [sp]
    5d08:	e30cc123 	movw	ip, #49443	@ 0xc123
    5d0c:	e34cc456 	movt	ip, #50262	@ 0xc456
    5d10:	e5940000 	ldr	r0, [r4]
    5d14:	e5941004 	ldr	r1, [r4, #4]
    5d18:	e5942008 	ldr	r2, [r4, #8]
    5d1c:	e594300c 	ldr	r3, [r4, #12]
    5d20:	e190c001 	orrs	ip, r0, r1
    5d24:	0a00001e 	beq	0x5da4
    5d28:	e2426001 	sub	r6, r2, #1
    5d2c:	e1a02006 	mov	r2, r6
    5d30:	e1a07000 	mov	r7, r0
    5d34:	e207700f 	and	r7, r7, #15
    5d38:	e1a09007 	mov	r9, r7
    5d3c:	e5958030 	ldr	r8, [r5, #48]	@ 0x30
    5d40:	e3a0cb40 	mov	ip, #64, 22	@ 0x10000
    5d44:	e38ccf90 	orr	ip, ip, #144, 30	@ 0x240
    5d48:	e099900c 	adds	r9, r9, ip
    5d4c:	2a00001a 	bcs	0x5dbc
    5d50:	e3e0c4fe 	mvn	ip, #-33554432	@ 0xfe000000
    5d54:	e3ccc8fe 	bic	ip, ip, #16646144	@ 0xfe0000
    5d58:	e159000c 	cmp	r9, ip
    5d5c:	8a000016 	bhi	0x5dbc
    5d60:	e7d87009 	ldrb	r7, [r8, r9]
    5d64:	e1877003 	orr	r7, r7, r3
    5d68:	e5958030 	ldr	r8, [r5, #48]	@ 0x30
    5d6c:	e3e0c4fe 	mvn	ip, #-33554432	@ 0xfe000000
    5d70:	e3ccc8fe 	bic	ip, ip, #16646144	@ 0xfe0000
    5d74:	e156000c 	cmp	r6, ip
    5d78:	8a00000f 	bhi	0x5dbc
    5d7c:	e7c87006 	strb	r7, [r8, r6]
    5d80:	e270c00f 	rsbs	ip, r0, #15
    5d84:	e2f1c000 	rscs	ip, r1, #0
    5d88:	e3a06000 	mov	r6, #0
    5d8c:	33a06001 	movcc	r6, #1
    5d90:	e1a00220 	lsr	r0, r0, #4
    5d94:	e1800e01 	orr	r0, r0, r1, lsl #28
    5d98:	e1a01221 	lsr	r1, r1, #4
    5d9c:	e3560000 	cmp	r6, #0
    5da0:	1affffe0 	bne	0x5d28
    5da4:	e5842008 	str	r2, [r4, #8]
    5da8:	e59f05f4 	ldr	r0, [pc, #1524]	@ 0x63a4
    5dac:	e30ccabc 	movw	ip, #51900	@ 0xcabc
    5db0:	e34ccdef 	movt	ip, #52719	@ 0xcdef
    5db4:	e28dd004 	add	sp, sp, #4
    5db8:	e8bd83c0 	pop	{r6, r7, r8, r9, pc}
    5dbc:	e3a00008 	mov	r0, #8
    5dc0:	e59d1000 	ldr	r1, [sp]
    5dc4:	e5810010 	str	r0, [r1, #16]
    5dc8:	e59d0000 	ldr	r0, [sp]
    5dcc:	e59d1014 	ldr	r1, [sp, #20]
    5dd0:	e59fc5d0 	ldr	ip, [pc, #1488]	@ 0x63a8
    5dd4:	e12fff3c 	blx	ip
    5dd8:	e28dd004 	add	sp, sp, #4
    5ddc:	e8bd03c0 	pop	{r6, r7, r8, r9}
    5de0:	e28dd004 	add	sp, sp, #4
    5de4:	e12fff10 	bx	r0
    5de8:	e92d40c0 	push	{r6, r7, lr}
    5dec:	e24dd004 	sub	sp, sp, #4
    5df0:	e58d0000 	str	r0, [sp]
    5df4:	e30cc123 	movw	ip, #49443	@ 0xc123
    5df8:	e34cc456 	movt	ip, #50262	@ 0xc456
    5dfc:	e5940000 	ldr	r0, [r4]
    5e00:	e5941004 	ldr	r1, [r4, #4]
    5e04:	e5942008 	ldr	r2, [r4, #8]
    5e08:	e190c001 	orrs	ip, r0, r1
    5e0c:	0a000013 	beq	0x5e60
    5e10:	e2423001 	sub	r3, r2, #1
    5e14:	e1a02003 	mov	r2, r3
    5e18:	e1a06000 	mov	r6, r0
    5e1c:	e2066007 	and	r6, r6, #7
    5e20:	e3866030 	orr	r6, r6, #48	@ 0x30
    5e24:	e5957030 	ldr	r7, [r5, #48]	@ 0x30
    5e28:	e3e0c4fe 	mvn	ip, #-33554432	@ 0xfe000000
    5e2c:	e3ccc8fe 	bic	ip, ip, #16646144	@ 0xfe0000
    5e30:	e153000c 	cmp	r3, ip
    5e34:	8a00000f 	bhi	0x5e78
    5e38:	e7c76003 	strb	r6, [r7, r3]
    5e3c:	e270c007 	rsbs	ip, r0, #7
    5e40:	e2f1c000 	rscs	ip, r1, #0
    5e44:	e3a03000 	mov	r3, #0
    5e48:	33a03001 	movcc	r3, #1
    5e4c:	e1a001a0 	lsr	r0, r0, #3
    5e50:	e1800e81 	orr	r0, r0, r1, lsl #29
    5e54:	e1a011a1 	lsr	r1, r1, #3
    5e58:	e3530000 	cmp	r3, #0
    5e5c:	1affffeb 	bne	0x5e10
    5e60:	e5842008 	str	r2, [r4, #8]
    5e64:	e59f0540 	ldr	r0, [pc, #1344]	@ 0x63ac
    5e68:	e30ccabc 	movw	ip, #51900	@ 0xcabc
    5e6c:	e34ccdef 	movt	ip, #52719	@ 0xcdef
    5e70:	e28dd004 	add	sp, sp, #4
    5e74:	e8bd80c0 	pop	{r6, r7, pc}
    5e78:	e3a00008 	mov	r0, #8
    5e7c:	e59d1000 	ldr	r1, [sp]
    5e80:	e5810010 	str	r0, [r1, #16]
    5e84:	e59d0000 	ldr	r0, [sp]
    5e88:	e59d100c 	ldr	r1, [sp, #12]
    5e8c:	e59fc51c 	ldr	ip, [pc, #1308]	@ 0x63b0
    5e90:	e12fff3c 	blx	ip
    5e94:	e28dd004 	add	sp, sp, #4
    5e98:	e8bd00c0 	pop	{r6, r7}
    5e9c:	e28dd004 	add	sp, sp, #4
    5ea0:	e12fff10 	bx	r0
    5ea4:	e92d47c0 	push	{r6, r7, r8, r9, sl, lr}
    5ea8:	e24dd018 	sub	sp, sp, #24
    5eac:	e58d0000 	str	r0, [sp]
    5eb0:	e30cc123 	movw	ip, #49443	@ 0xc123
    5eb4:	e34cc456 	movt	ip, #50262	@ 0xc456
    5eb8:	e5946000 	ldr	r6, [r4]
    5ebc:	e5947004 	ldr	r7, [r4, #4]
    5ec0:	e5948008 	ldr	r8, [r4, #8]
    5ec4:	e3560000 	cmp	r6, #0
    5ec8:	e2d7c001 	sbcs	ip, r7, #1
    5ecc:	2a000002 	bcs	0x5edc
    5ed0:	e1a02006 	mov	r2, r6
    5ed4:	e1a03007 	mov	r3, r7
    5ed8:	ea000028 	b	0x5f80
    5edc:	e2489001 	sub	r9, r8, #1
    5ee0:	e1a08009 	mov	r8, r9
    5ee4:	e58d6004 	str	r6, [sp, #4]
    5ee8:	e58d7008 	str	r7, [sp, #8]
    5eec:	e3a0e00a 	mov	lr, #10
    5ef0:	e58de00c 	str	lr, [sp, #12]
    5ef4:	e3a0e000 	mov	lr, #0
    5ef8:	e58de010 	str	lr, [sp, #16]
    5efc:	e28d0004 	add	r0, sp, #4
    5f00:	e28d100c 	add	r1, sp, #12
    5f04:	e28d2004 	add	r2, sp, #4
    5f08:	e59fc4a4 	ldr	ip, [pc, #1188]	@ 0x63b4
    5f0c:	e12fff3c 	blx	ip
    5f10:	e59d0004 	ldr	r0, [sp, #4]
    5f14:	e59d1008 	ldr	r1, [sp, #8]
    5f18:	e1a02000 	mov	r2, r0
    5f1c:	e1a03001 	mov	r3, r1
    5f20:	e1a0a001 	mov	sl, r1
    5f24:	e3a0100a 	mov	r1, #10
    5f28:	e00a019a 	mul	sl, sl, r1
    5f2c:	e0810091 	umull	r0, r1, r1, r0
    5f30:	e08aa001 	add	sl, sl, r1
    5f34:	e1a0100a 	mov	r1, sl
    5f38:	e0560000 	subs	r0, r6, r0
    5f3c:	e0c71001 	sbc	r1, r7, r1
    5f40:	e3800030 	orr	r0, r0, #48	@ 0x30
    5f44:	e5951030 	ldr	r1, [r5, #48]	@ 0x30
    5f48:	e3e0c4fe 	mvn	ip, #-33554432	@ 0xfe000000
    5f4c:	e3ccc8fe 	bic	ip, ip, #16646144	@ 0xfe0000
    5f50:	e159000c 	cmp	r9, ip
    5f54:	8a00002e 	bhi	0x6014
    5f58:	e7c10009 	strb	r0, [r1, r9]
    5f5c:	e3e0c000 	mvn	ip, #0
    5f60:	e15c0006 	cmp	ip, r6
    5f64:	e2f7c009 	rscs	ip, r7, #9
    5f68:	e3a00000 	mov	r0, #0
    5f6c:	33a00001 	movcc	r0, #1
    5f70:	e1a06002 	mov	r6, r2
    5f74:	e1a07003 	mov	r7, r3
    5f78:	e3500000 	cmp	r0, #0
    5f7c:	1affffd6 	bne	0x5edc
    5f80:	e192c003 	orrs	ip, r2, r3
    5f84:	0a00001c 	beq	0x5ffc
    5f88:	e2483001 	sub	r3, r8, #1
    5f8c:	e1a08003 	mov	r8, r3
    5f90:	e1a00002 	mov	r0, r2
    5f94:	e3a0100a 	mov	r1, #10
    5f98:	e52d3010 	str	r3, [sp, #-16]!
    5f9c:	e58d2004 	str	r2, [sp, #4]
    5fa0:	e58d1008 	str	r1, [sp, #8]
    5fa4:	e59fc40c 	ldr	ip, [pc, #1036]	@ 0x63b8
    5fa8:	e12fff3c 	blx	ip
    5fac:	e59d1008 	ldr	r1, [sp, #8]
    5fb0:	e59d2004 	ldr	r2, [sp, #4]
    5fb4:	e49d3010 	ldr	r3, [sp], #16
    5fb8:	e1a01000 	mov	r1, r0
    5fbc:	e3a0c00a 	mov	ip, #10
    5fc0:	e0000c90 	mul	r0, r0, ip
    5fc4:	e0420000 	sub	r0, r2, r0
    5fc8:	e3800030 	orr	r0, r0, #48	@ 0x30
    5fcc:	e5956030 	ldr	r6, [r5, #48]	@ 0x30
    5fd0:	e3e0c4fe 	mvn	ip, #-33554432	@ 0xfe000000
    5fd4:	e3ccc8fe 	bic	ip, ip, #16646144	@ 0xfe0000
    5fd8:	e153000c 	cmp	r3, ip
    5fdc:	8a00000c 	bhi	0x6014
    5fe0:	e7c60003 	strb	r0, [r6, r3]
    5fe4:	e3520009 	cmp	r2, #9
    5fe8:	e3a00000 	mov	r0, #0
    5fec:	83a00001 	movhi	r0, #1
    5ff0:	e1a02001 	mov	r2, r1
    5ff4:	e3500000 	cmp	r0, #0
    5ff8:	1affffe2 	bne	0x5f88
    5ffc:	e5848008 	str	r8, [r4, #8]
    6000:	e59f03b4 	ldr	r0, [pc, #948]	@ 0x63bc
    6004:	e30ccabc 	movw	ip, #51900	@ 0xcabc
    6008:	e34ccdef 	movt	ip, #52719	@ 0xcdef
    600c:	e28dd018 	add	sp, sp, #24
    6010:	e8bd87c0 	pop	{r6, r7, r8, r9, sl, pc}
    6014:	e3a00008 	mov	r0, #8
    6018:	e59d1000 	ldr	r1, [sp]
    601c:	e5810010 	str	r0, [r1, #16]
    6020:	e59d0000 	ldr	r0, [sp]
    6024:	e59d102c 	ldr	r1, [sp, #44]	@ 0x2c
    6028:	e59fc390 	ldr	ip, [pc, #912]	@ 0x63c0
    602c:	e12fff3c 	blx	ip
    6030:	e28dd018 	add	sp, sp, #24
    6034:	e8bd07c0 	pop	{r6, r7, r8, r9, sl}
    6038:	e28dd004 	add	sp, sp, #4
    603c:	e12fff10 	bx	r0
    6040:	e92d43c0 	push	{r6, r7, r8, r9, lr}
    6044:	e24dd004 	sub	sp, sp, #4
    6048:	e58d0000 	str	r0, [sp]
    604c:	e30cc123 	movw	ip, #49443	@ 0xc123
    6050:	e34cc456 	movt	ip, #50262	@ 0xc456
    6054:	e5946000 	ldr	r6, [r4]
    6058:	e5940004 	ldr	r0, [r4, #4]
    605c:	e5941008 	ldr	r1, [r4, #8]
    6060:	e594200c 	ldr	r2, [r4, #12]
    6064:	e5943010 	ldr	r3, [r4, #16]
    6068:	e595e03c 	ldr	lr, [r5, #60]	@ 0x3c
    606c:	e59e7008 	ldr	r7, [lr, #8]
    6070:	e2477f40 	sub	r7, r7, #64, 30	@ 0x100
    6074:	e1a08007 	mov	r8, r7
    6078:	e595903c 	ldr	r9, [r5, #60]	@ 0x3c
    607c:	e5897008 	str	r7, [r9, #8]
    6080:	e1510002 	cmp	r1, r2
    6084:	da000031 	ble	0x6150
    6088:	e3130b48 	tst	r3, #72, 22	@ 0x12000
    608c:	1a00002f 	bne	0x6150
    6090:	e0411002 	sub	r1, r1, r2
    6094:	e1a07001 	mov	r7, r1
    6098:	e3570f40 	cmp	r7, #64, 30	@ 0x100
    609c:	e3a02000 	mov	r2, #0
    60a0:	33a02001 	movcc	r2, #1
    60a4:	e1a09002 	mov	r9, r2
    60a8:	e3520000 	cmp	r2, #0
    60ac:	03a01f40 	moveq	r1, #64, 30	@ 0x100
    60b0:	e5848014 	str	r8, [r4, #20]
    60b4:	e5840004 	str	r0, [r4, #4]
    60b8:	e5841030 	str	r1, [r4, #48]	@ 0x30
    60bc:	e3a009fe 	mov	r0, #4161536	@ 0x3f8000
    60c0:	e3800f93 	orr	r0, r0, #588	@ 0x24c
    60c4:	e1a01004 	mov	r1, r4
    60c8:	e59d2000 	ldr	r2, [sp]
    60cc:	e59fc2f0 	ldr	ip, [pc, #752]	@ 0x63c4
    60d0:	e12fff3c 	blx	ip
    60d4:	e3500000 	cmp	r0, #0
    60d8:	1a000025 	bne	0x6174
    60dc:	e3590000 	cmp	r9, #0
    60e0:	1a00000f 	bne	0x6124
    60e4:	e5846000 	str	r6, [r4]
    60e8:	e5848014 	str	r8, [r4, #20]
    60ec:	e3a0ef40 	mov	lr, #64, 30	@ 0x100
    60f0:	e584e018 	str	lr, [r4, #24]
    60f4:	e3a009fe 	mov	r0, #4161536	@ 0x3f8000
    60f8:	e3800f9b 	orr	r0, r0, #620	@ 0x26c
    60fc:	e1a01004 	mov	r1, r4
    6100:	e59d2000 	ldr	r2, [sp]
    6104:	e59fc2bc 	ldr	ip, [pc, #700]	@ 0x63c8
    6108:	e12fff3c 	blx	ip
    610c:	e3500000 	cmp	r0, #0
    6110:	1a000017 	bne	0x6174
    6114:	e2470f40 	sub	r0, r7, #64, 30	@ 0x100
    6118:	e1a07000 	mov	r7, r0
    611c:	e35000ff 	cmp	r0, #255	@ 0xff
    6120:	8affffef 	bhi	0x60e4
    6124:	e5846000 	str	r6, [r4]
    6128:	e5848014 	str	r8, [r4, #20]
    612c:	e584700c 	str	r7, [r4, #12]
    6130:	e3a009fe 	mov	r0, #4161536	@ 0x3f8000
    6134:	e3800fab 	orr	r0, r0, #684	@ 0x2ac
    6138:	e1a01004 	mov	r1, r4
    613c:	e59d2000 	ldr	r2, [sp]
    6140:	e59fc284 	ldr	ip, [pc, #644]	@ 0x63cc
    6144:	e12fff3c 	blx	ip
    6148:	e3500000 	cmp	r0, #0
    614c:	1a000008 	bne	0x6174
    6150:	e2888f40 	add	r8, r8, #64, 30	@ 0x100
    6154:	e595003c 	ldr	r0, [r5, #60]	@ 0x3c
    6158:	e5808008 	str	r8, [r0, #8]
    615c:	e3a009fe 	mov	r0, #4161536	@ 0x3f8000
    6160:	e3800fb8 	orr	r0, r0, #184, 30	@ 0x2e0
    6164:	e30ccabc 	movw	ip, #51900	@ 0xcabc
    6168:	e34ccdef 	movt	ip, #52719	@ 0xcdef
    616c:	e28dd004 	add	sp, sp, #4
    6170:	e8bd83c0 	pop	{r6, r7, r8, r9, pc}
    6174:	e59d0000 	ldr	r0, [sp]
    6178:	e59d1014 	ldr	r1, [sp, #20]
    617c:	e59fc24c 	ldr	ip, [pc, #588]	@ 0x63d0
    6180:	e12fff3c 	blx	ip
    6184:	e28dd004 	add	sp, sp, #4
    6188:	e8bd03c0 	pop	{r6, r7, r8, r9}
    618c:	e28dd004 	add	sp, sp, #4
    6190:	e12fff10 	bx	r0
    6194:	e52de004 	push	{lr}		@ (str lr, [sp, #-4]!)
    6198:	e24dd004 	sub	sp, sp, #4
    619c:	e58d0000 	str	r0, [sp]
    61a0:	e30cc123 	movw	ip, #49443	@ 0xc123
    61a4:	e34cc456 	movt	ip, #50262	@ 0xc456
    61a8:	e5940000 	ldr	r0, [r4]
    61ac:	e5941004 	ldr	r1, [r4, #4]
    61b0:	e5942008 	ldr	r2, [r4, #8]
    61b4:	e5840000 	str	r0, [r4]
    61b8:	e5841004 	str	r1, [r4, #4]
    61bc:	e5842008 	str	r2, [r4, #8]
    61c0:	e3a0e005 	mov	lr, #5
    61c4:	e584e00c 	str	lr, [r4, #12]
    61c8:	e3a0e006 	mov	lr, #6
    61cc:	e584e010 	str	lr, [r4, #16]
    61d0:	e59f01fc 	ldr	r0, [pc, #508]	@ 0x63d4
    61d4:	e1a01004 	mov	r1, r4
    61d8:	e59d2000 	ldr	r2, [sp]
    61dc:	e59fc1f4 	ldr	ip, [pc, #500]	@ 0x63d8
    61e0:	e12fff3c 	blx	ip
    61e4:	e3500000 	cmp	r0, #0
    61e8:	1a000006 	bne	0x6208
    61ec:	e5940014 	ldr	r0, [r4, #20]
    61f0:	e5840014 	str	r0, [r4, #20]
    61f4:	e59f01e0 	ldr	r0, [pc, #480]	@ 0x63dc
    61f8:	e30ccabc 	movw	ip, #51900	@ 0xcabc
    61fc:	e34ccdef 	movt	ip, #52719	@ 0xcdef
    6200:	e28dd004 	add	sp, sp, #4
    6204:	e49df004 	pop	{pc}		@ (ldr pc, [sp], #4)
    6208:	e59d0000 	ldr	r0, [sp]
    620c:	e59d1004 	ldr	r1, [sp, #4]
    6210:	e59fc1c8 	ldr	ip, [pc, #456]	@ 0x63e0
    6214:	e12fff3c 	blx	ip
    6218:	e28dd008 	add	sp, sp, #8
    621c:	e12fff10 	bx	r0
    6220:	e92d4fc0 	push	{r6, r7, r8, r9, sl, fp, lr}
    6224:	e24dd004 	sub	sp, sp, #4
    6228:	ed2d8b02 	vpush	{d8}
    622c:	e24dd018 	sub	sp, sp, #24
    6230:	e58d0000 	str	r0, [sp]
    6234:	e30cc123 	movw	ip, #49443	@ 0xc123
    6238:	e34cc456 	movt	ip, #50262	@ 0xc456
    623c:	ed948b01 	vldr	d8, [r4, #4]
    6240:	e3a0e000 	mov	lr, #0
    6244:	e584e054 	str	lr, [r4, #84]	@ 0x54
    6248:	e595e03c 	ldr	lr, [r5, #60]	@ 0x3c
    624c:	e59e0008 	ldr	r0, [lr, #8]
    6250:	e2400f8c 	sub	r0, r0, #140, 30	@ 0x230
    6254:	e584001c 	str	r0, [r4, #28]
    6258:	e595103c 	ldr	r1, [r5, #60]	@ 0x3c
    625c:	e5810008 	str	r0, [r1, #8]
    6260:	e3a0e000 	mov	lr, #0
    6264:	e584e020 	str	lr, [r4, #32]
    6268:	e594101c 	ldr	r1, [r4, #28]
    626c:	e5950030 	ldr	r0, [r5, #48]	@ 0x30
    6270:	e291102c 	adds	r1, r1, #44	@ 0x2c
    6274:	2a000719 	bcs	0x7ee0
    6278:	e59fc0bc 	ldr	ip, [pc, #188]	@ 0x633c
    627c:	e151000c 	cmp	r1, ip
    6280:	8a000716 	bhi	0x7ee0
    6284:	e3a0e000 	mov	lr, #0
    6288:	e780e001 	str	lr, [r0, r1]
    628c:	ed848b01 	vstr	d8, [r4, #4]
    6290:	e59f014c 	ldr	r0, [pc, #332]	@ 0x63e4
    6294:	e1a01004 	mov	r1, r4
    6298:	e59d2000 	ldr	r2, [sp]
    629c:	e59fc144 	ldr	ip, [pc, #324]	@ 0x63e8
    62a0:	e12fff3c 	blx	ip
    62a4:	e3500000 	cmp	r0, #0
    62a8:	1a00070f 	bne	0x7eec
    62ac:	e59400a0 	ldr	r0, [r4, #160]	@ 0xa0
    62b0:	e59410a4 	ldr	r1, [r4, #164]	@ 0xa4
    62b4:	e1a02000 	mov	r2, r0
    62b8:	e1a03001 	mov	r3, r1
    62bc:	e3e0c000 	mvn	ip, #0
    62c0:	e15c0000 	cmp	ip, r0
    62c4:	e3e0c000 	mvn	ip, #0
    62c8:	e0dcc001 	sbcs	ip, ip, r1
    62cc:	ba000013 	blt	0x6320
    62d0:	e3a0e001 	mov	lr, #1
    62d4:	e584e024 	str	lr, [r4, #36]	@ 0x24
    62d8:	e3a0eb40 	mov	lr, #64, 22	@ 0x10000
    62dc:	e38ee2a0 	orr	lr, lr, #160, 4
    62e0:	e584e028 	str	lr, [r4, #40]	@ 0x28
    62e4:	eeb10b48 	vneg.f64	d0, d8
    62e8:	eeb08b40 	vmov.f64	d8, d0
    62ec:	ed840b28 	vstr	d0, [r4, #160]	@ 0xa0
    62f0:	e59f00f4 	ldr	r0, [pc, #244]	@ 0x63ec
    62f4:	e1a01004 	mov	r1, r4
    62f8:	e59d2000 	ldr	r2, [sp]
    62fc:	e59fc0ec 	ldr	ip, [pc, #236]	@ 0x63f0
    6300:	e12fff3c 	blx	ip
    6304:	e3500000 	cmp	r0, #0
    6308:	1a0006f7 	bne	0x7eec
    630c:	e59400a0 	ldr	r0, [r4, #160]	@ 0xa0
    6310:	e59410a4 	ldr	r1, [r4, #164]	@ 0xa4
    6314:	e1a02000 	mov	r2, r0
    6318:	e1a03001 	mov	r3, r1
    631c:	ea000049 	b	0x6448
    6320:	e594c014 	ldr	ip, [r4, #20]
    6324:	e31c0e80 	tst	ip, #128, 28	@ 0x800
    6328:	0a000037 	beq	0x640c
    632c:	ea000030 	b	0x63f4
	...
    6338:	0ccccccc 	stcleq	12, cr12, [ip], {204}	@ 0xcc
    633c:	0101fffc 	strdeq	pc, [r1, -ip]
    6340:	003fda28 	eorseq	sp, pc, r8, lsr #20
    6344:	00047eac 	andeq	r7, r4, ip, lsr #29
    6348:	4085bab4 			@ <UNDEFINED> instruction: 0x4085bab4
    634c:	00401cf4 	strdeq	r1, [r0], #-196	@ 0xffffff3c
    6350:	0101fff8 	strdeq	pc, [r1, -r8]
    6354:	00401d34 	subeq	r1, r0, r4, lsr sp
    6358:	00401d74 	subeq	r1, r0, r4, ror sp
    635c:	00401db4 	strheq	r1, [r0], #-212	@ 0xffffff2c
    6360:	00401df4 	strdeq	r1, [r0], #-212	@ 0xffffff2c
    6364:	00401e48 	subeq	r1, r0, r8, asr #28
    6368:	0101fffe 	strdeq	pc, [r1, -lr]
    636c:	00401e88 	subeq	r1, r0, r8, lsl #29
    6370:	00401ec8 	subeq	r1, r0, r8, asr #29
    6374:	00401f08 	subeq	r1, r0, r8, lsl #30
    6378:	00401f48 	subeq	r1, r0, r8, asr #30
    637c:	00401f9c 	umaaleq	r1, r0, ip, pc	@ <UNPREDICTABLE>
    6380:	00401fdc 	ldrdeq	r1, [r0], #-252	@ 0xffffff04
    6384:	00402030 	subeq	r2, r0, r0, lsr r0
    6388:	00402084 	subeq	r2, r0, r4, lsl #1
    638c:	004020c4 	subeq	r2, r0, r4, asr #1
    6390:	00402104 	subeq	r2, r0, r4, lsl #2
    6394:	00402158 	subeq	r2, r0, r8, asr r1
    6398:	00048af0 	strdeq	r8, [r4], -r0
    639c:	00402178 	subeq	r2, r0, r8, ror r1
    63a0:	00047eac 	andeq	r7, r4, ip, lsr #29
    63a4:	003f903c 	eorseq	r9, pc, ip, lsr r0	@ <UNPREDICTABLE>
    63a8:	00047eac 	andeq	r7, r4, ip, lsr #29
    63ac:	003fc6a4 	eorseq	ip, pc, r4, lsr #13
    63b0:	00047eac 	andeq	r7, r4, ip, lsr #29
    63b4:	00047d44 	andeq	r7, r4, r4, asr #26
    63b8:	001f44e8 	andseq	r4, pc, r8, ror #9
    63bc:	0040124c 	subeq	r1, r0, ip, asr #4
    63c0:	00047eac 	andeq	r7, r4, ip, lsr #29
    63c4:	000487b4 			@ <UNDEFINED> instruction: 0x000487b4
    63c8:	000487b4 			@ <UNDEFINED> instruction: 0x000487b4
    63cc:	000487b4 			@ <UNDEFINED> instruction: 0x000487b4
    63d0:	00047eac 	andeq	r7, r4, ip, lsr #29
    63d4:	003fd458 	eorseq	sp, pc, r8, asr r4	@ <UNPREDICTABLE>
    63d8:	000487b4 			@ <UNDEFINED> instruction: 0x000487b4
    63dc:	003fd478 	eorseq	sp, pc, r8, ror r4	@ <UNPREDICTABLE>
    63e0:	00047eac 	andeq	r7, r4, ip, lsr #29
    63e4:	00409b24 	subeq	r9, r0, r4, lsr #22
    63e8:	000487b4 			@ <UNDEFINED> instruction: 0x000487b4
    63ec:	00409b78 	subeq	r9, r0, r8, ror fp
    63f0:	000487b4 			@ <UNDEFINED> instruction: 0x000487b4
    63f4:	e3a0e001 	mov	lr, #1
    63f8:	e584e024 	str	lr, [r4, #36]	@ 0x24
    63fc:	e3a0eb40 	mov	lr, #64, 22	@ 0x10000
    6400:	e38ee2d0 	orr	lr, lr, #208, 4
    6404:	e584e028 	str	lr, [r4, #40]	@ 0x28
    6408:	ea00000e 	b	0x6448
    640c:	e594c014 	ldr	ip, [r4, #20]
    6410:	e20c0001 	and	r0, ip, #1
    6414:	e5840024 	str	r0, [r4, #36]	@ 0x24
    6418:	e3500000 	cmp	r0, #0
    641c:	e3a0eb40 	mov	lr, #64, 22	@ 0x10000
    6420:	e38ee140 	orr	lr, lr, #64, 2
    6424:	e3a0cb40 	mov	ip, #64, 22	@ 0x10000
    6428:	e38cc2b0 	orr	ip, ip, #176, 4
    642c:	01a0e00c 	moveq	lr, ip
    6430:	e584e028 	str	lr, [r4, #40]	@ 0x28
    6434:	e594c024 	ldr	ip, [r4, #36]	@ 0x24
    6438:	e35c0000 	cmp	ip, #0
    643c:	e3a0c000 	mov	ip, #0
    6440:	03a0c001 	moveq	ip, #1
    6444:	e584c020 	str	ip, [r4, #32]
    6448:	e2022000 	and	r2, r2, #0
    644c:	e3a0c207 	mov	ip, #1879048192	@ 0x70000000
    6450:	e38cc6ff 	orr	ip, ip, #267386880	@ 0xff00000
    6454:	e003300c 	and	r3, r3, ip
    6458:	e3a0c207 	mov	ip, #1879048192	@ 0x70000000
    645c:	e38cc6ff 	orr	ip, ip, #267386880	@ 0xff00000
    6460:	e153000c 	cmp	r3, ip
    6464:	1a000000 	bne	0x646c
    6468:	e3520000 	cmp	r2, #0
    646c:	1a000045 	bne	0x6588
    6470:	e594c024 	ldr	ip, [r4, #36]	@ 0x24
    6474:	e28c0003 	add	r0, ip, #3
    6478:	e1a08000 	mov	r8, r0
    647c:	e594c014 	ldr	ip, [r4, #20]
    6480:	e3cc1b40 	bic	r1, ip, #64, 22	@ 0x10000
    6484:	e3a0e020 	mov	lr, #32
    6488:	e584e0a4 	str	lr, [r4, #164]	@ 0xa4
    648c:	e58400ac 	str	r0, [r4, #172]	@ 0xac
    6490:	e58410b0 	str	r1, [r4, #176]	@ 0xb0
    6494:	e59f0f5c 	ldr	r0, [pc, #3932]	@ 0x73f8
    6498:	e1a01004 	mov	r1, r4
    649c:	e59d2000 	ldr	r2, [sp]
    64a0:	e59fcf54 	ldr	ip, [pc, #3924]	@ 0x73fc
    64a4:	e12fff3c 	blx	ip
    64a8:	e3500000 	cmp	r0, #0
    64ac:	1a00068e 	bne	0x7eec
    64b0:	e59f0f48 	ldr	r0, [pc, #3912]	@ 0x7400
    64b4:	e1a01004 	mov	r1, r4
    64b8:	e59d2000 	ldr	r2, [sp]
    64bc:	e59fcf40 	ldr	ip, [pc, #3904]	@ 0x7404
    64c0:	e12fff3c 	blx	ip
    64c4:	e3500000 	cmp	r0, #0
    64c8:	1a000687 	bne	0x7eec
    64cc:	e594c018 	ldr	ip, [r4, #24]
    64d0:	e20c0020 	and	r0, ip, #32
    64d4:	e1a01000 	mov	r1, r0
    64d8:	e3500000 	cmp	r0, #0
    64dc:	e3a02b40 	mov	r2, #64, 22	@ 0x10000
    64e0:	e3822174 	orr	r2, r2, #116, 2
    64e4:	e3a0cb40 	mov	ip, #64, 22	@ 0x10000
    64e8:	e38cc194 	orr	ip, ip, #148, 2	@ 0x25
    64ec:	01a0200c 	moveq	r2, ip
    64f0:	e3510000 	cmp	r1, #0
    64f4:	e3a00b40 	mov	r0, #64, 22	@ 0x10000
    64f8:	e3800184 	orr	r0, r0, #132, 2	@ 0x21
    64fc:	e3a0cb40 	mov	ip, #64, 22	@ 0x10000
    6500:	e38cc1a4 	orr	ip, ip, #164, 2	@ 0x29
    6504:	01a0000c 	moveq	r0, ip
    6508:	eeb48b48 	vcmp.f64	d8, d8
    650c:	eef1fa10 	vmrs	APSR_nzcv, fpscr
    6510:	01a02000 	moveq	r2, r0
    6514:	e58420a4 	str	r2, [r4, #164]	@ 0xa4
    6518:	e3a0e003 	mov	lr, #3
    651c:	e584e0a8 	str	lr, [r4, #168]	@ 0xa8
    6520:	e59f0ee0 	ldr	r0, [pc, #3808]	@ 0x7408
    6524:	e1a01004 	mov	r1, r4
    6528:	e59d2000 	ldr	r2, [sp]
    652c:	e59fced8 	ldr	ip, [pc, #3800]	@ 0x740c
    6530:	e12fff3c 	blx	ip
    6534:	e3500000 	cmp	r0, #0
    6538:	1a00066b 	bne	0x7eec
    653c:	e594c014 	ldr	ip, [r4, #20]
    6540:	e22c0d80 	eor	r0, ip, #128, 26	@ 0x2000
    6544:	e3a0e020 	mov	lr, #32
    6548:	e584e0a4 	str	lr, [r4, #164]	@ 0xa4
    654c:	e584802c 	str	r8, [r4, #44]	@ 0x2c
    6550:	e58400b0 	str	r0, [r4, #176]	@ 0xb0
    6554:	e59f0eb4 	ldr	r0, [pc, #3764]	@ 0x7410
    6558:	e1a01004 	mov	r1, r4
    655c:	e59d2000 	ldr	r2, [sp]
    6560:	e59fceac 	ldr	ip, [pc, #3756]	@ 0x7414
    6564:	e12fff3c 	blx	ip
    6568:	e3500000 	cmp	r0, #0
    656c:	1a00065e 	bne	0x7eec
    6570:	e594c00c 	ldr	ip, [r4, #12]
    6574:	e15c0008 	cmp	ip, r8
    6578:	e594e00c 	ldr	lr, [r4, #12]
    657c:	d1a0e008 	movle	lr, r8
    6580:	e584e034 	str	lr, [r4, #52]	@ 0x34
    6584:	ea000648 	b	0x7eac
    6588:	e594c01c 	ldr	ip, [r4, #28]
    658c:	e28ce010 	add	lr, ip, #16
    6590:	e584e038 	str	lr, [r4, #56]	@ 0x38
    6594:	e594c01c 	ldr	ip, [r4, #28]
    6598:	e28c002c 	add	r0, ip, #44	@ 0x2c
    659c:	ed848b01 	vstr	d8, [r4, #4]
    65a0:	e58400a8 	str	r0, [r4, #168]	@ 0xa8
    65a4:	e59f0e6c 	ldr	r0, [pc, #3692]	@ 0x7418
    65a8:	e1a01004 	mov	r1, r4
    65ac:	e59d2000 	ldr	r2, [sp]
    65b0:	e59fce64 	ldr	ip, [pc, #3684]	@ 0x741c
    65b4:	e12fff3c 	blx	ip
    65b8:	e3500000 	cmp	r0, #0
    65bc:	1a00064a 	bne	0x7eec
    65c0:	ed940b28 	vldr	d0, [r4, #160]	@ 0xa0
    65c4:	eeb01b40 	vmov.f64	d1, d0
    65c8:	ee300b01 	vadd.f64	d0, d0, d1
    65cc:	eeb08b40 	vmov.f64	d8, d0
    65d0:	e3a0c000 	mov	ip, #0
    65d4:	ec4cca11 	vmov	s2, s3, ip, ip
    65d8:	eeb40b41 	vcmp.f64	d0, d1
    65dc:	eef1fa10 	vmrs	APSR_nzcv, fpscr
    65e0:	0a000017 	beq	0x6644
    65e4:	e594201c 	ldr	r2, [r4, #28]
    65e8:	e5951030 	ldr	r1, [r5, #48]	@ 0x30
    65ec:	e292202c 	adds	r2, r2, #44	@ 0x2c
    65f0:	2a00063a 	bcs	0x7ee0
    65f4:	e59fce24 	ldr	ip, [pc, #3620]	@ 0x7420
    65f8:	e152000c 	cmp	r2, ip
    65fc:	8a000637 	bhi	0x7ee0
    6600:	e7910002 	ldr	r0, [r1, r2]
    6604:	e1a01000 	mov	r1, r0
    6608:	e2400001 	sub	r0, r0, #1
    660c:	e594301c 	ldr	r3, [r4, #28]
    6610:	e5952030 	ldr	r2, [r5, #48]	@ 0x30
    6614:	e293302c 	adds	r3, r3, #44	@ 0x2c
    6618:	2a000630 	bcs	0x7ee0
    661c:	e59fcdfc 	ldr	ip, [pc, #3580]	@ 0x7420
    6620:	e153000c 	cmp	r3, ip
    6624:	8a00062d 	bhi	0x7ee0
    6628:	e7820003 	str	r0, [r2, r3]
    662c:	e594c018 	ldr	ip, [r4, #24]
    6630:	e38c0020 	orr	r0, ip, #32
    6634:	e584003c 	str	r0, [r4, #60]	@ 0x3c
    6638:	e3500061 	cmp	r0, #97	@ 0x61
    663c:	1a000015 	bne	0x6698
    6640:	ea0004f2 	b	0x7a10
    6644:	e594c018 	ldr	ip, [r4, #24]
    6648:	e38c0020 	orr	r0, ip, #32
    664c:	e584003c 	str	r0, [r4, #60]	@ 0x3c
    6650:	e3500061 	cmp	r0, #97	@ 0x61
    6654:	0a0004ed 	beq	0x7a10
    6658:	e594c010 	ldr	ip, [r4, #16]
    665c:	e35c0000 	cmp	ip, #0
    6660:	e3a0e006 	mov	lr, #6
    6664:	e594c010 	ldr	ip, [r4, #16]
    6668:	a1a0e00c 	movge	lr, ip
    666c:	e584e040 	str	lr, [r4, #64]	@ 0x40
    6670:	e594201c 	ldr	r2, [r4, #28]
    6674:	e5950030 	ldr	r0, [r5, #48]	@ 0x30
    6678:	e292202c 	adds	r2, r2, #44	@ 0x2c
    667c:	2a000617 	bcs	0x7ee0
    6680:	e59fcd98 	ldr	ip, [pc, #3480]	@ 0x7420
    6684:	e152000c 	cmp	r2, ip
    6688:	8a000614 	bhi	0x7ee0
    668c:	e790e002 	ldr	lr, [r0, r2]
    6690:	e584e044 	str	lr, [r4, #68]	@ 0x44
    6694:	ea000014 	b	0x66ec
    6698:	e241101d 	sub	r1, r1, #29
    669c:	e5841044 	str	r1, [r4, #68]	@ 0x44
    66a0:	e594201c 	ldr	r2, [r4, #28]
    66a4:	e5950030 	ldr	r0, [r5, #48]	@ 0x30
    66a8:	e292202c 	adds	r2, r2, #44	@ 0x2c
    66ac:	2a00060b 	bcs	0x7ee0
    66b0:	e59fcd68 	ldr	ip, [pc, #3432]	@ 0x7420
    66b4:	e152000c 	cmp	r2, ip
    66b8:	8a000608 	bhi	0x7ee0
    66bc:	e7801002 	str	r1, [r0, r2]
    66c0:	e594c010 	ldr	ip, [r4, #16]
    66c4:	e35c0000 	cmp	ip, #0
    66c8:	e3a0e006 	mov	lr, #6
    66cc:	e594c010 	ldr	ip, [r4, #16]
    66d0:	a1a0e00c 	movge	lr, ip
    66d4:	e584e040 	str	lr, [r4, #64]	@ 0x40
    66d8:	e3a0c000 	mov	ip, #0
    66dc:	e3a0e204 	mov	lr, #4, 4	@ 0x40000000
    66e0:	e38ee61b 	orr	lr, lr, #28311552	@ 0x1b00000
    66e4:	ec4eca10 	vmov	s0, s1, ip, lr
    66e8:	ee288b00 	vmul.f64	d8, d8, d0
    66ec:	e594c01c 	ldr	ip, [r4, #28]
    66f0:	e28c0030 	add	r0, ip, #48	@ 0x30
    66f4:	e594c044 	ldr	ip, [r4, #68]	@ 0x44
    66f8:	e35c0000 	cmp	ip, #0
    66fc:	e3a01000 	mov	r1, #0
    6700:	a3a01f48 	movge	r1, #72, 30	@ 0x120
    6704:	e0800001 	add	r0, r0, r1
    6708:	e5840048 	str	r0, [r4, #72]	@ 0x48
    670c:	e5840030 	str	r0, [r4, #48]	@ 0x30
    6710:	eeb00b48 	vmov.f64	d0, d8
    6714:	ec510a10 	vmov	r0, r1, s0, s1
    6718:	e59fcd04 	ldr	ip, [pc, #3332]	@ 0x7424
    671c:	e12fff3c 	blx	ip
    6720:	e1a01000 	mov	r1, r0
    6724:	e5943030 	ldr	r3, [r4, #48]	@ 0x30
    6728:	e5952030 	ldr	r2, [r5, #48]	@ 0x30
    672c:	e59fccec 	ldr	ip, [pc, #3308]	@ 0x7420
    6730:	e153000c 	cmp	r3, ip
    6734:	8a0005e9 	bhi	0x7ee0
    6738:	e7820003 	str	r0, [r2, r3]
    673c:	e594c030 	ldr	ip, [r4, #48]	@ 0x30
    6740:	e28ce004 	add	lr, ip, #4
    6744:	e584e030 	str	lr, [r4, #48]	@ 0x30
    6748:	ee071a10 	vmov	s14, r1
    674c:	eeb80b47 	vcvt.f64.u32	d0, s14
    6750:	ee380b40 	vsub.f64	d0, d8, d0
    6754:	e3a0c000 	mov	ip, #0
    6758:	e59fecc8 	ldr	lr, [pc, #3272]	@ 0x7428
    675c:	ec4eca11 	vmov	s2, s3, ip, lr
    6760:	ee200b01 	vmul.f64	d0, d0, d1
    6764:	eeb08b40 	vmov.f64	d8, d0
    6768:	e3a0c000 	mov	ip, #0
    676c:	ec4cca11 	vmov	s2, s3, ip, ip
    6770:	eeb40b41 	vcmp.f64	d0, d1
    6774:	eef1fa10 	vmrs	APSR_nzcv, fpscr
    6778:	1affffe4 	bne	0x6710
    677c:	e594c044 	ldr	ip, [r4, #68]	@ 0x44
    6780:	e35c0001 	cmp	ip, #1
    6784:	aa000006 	bge	0x67a4
    6788:	e594e044 	ldr	lr, [r4, #68]	@ 0x44
    678c:	e584e04c 	str	lr, [r4, #76]	@ 0x4c
    6790:	e594e030 	ldr	lr, [r4, #48]	@ 0x30
    6794:	e584e02c 	str	lr, [r4, #44]	@ 0x2c
    6798:	e594e048 	ldr	lr, [r4, #72]	@ 0x48
    679c:	e584e050 	str	lr, [r4, #80]	@ 0x50
    67a0:	ea000082 	b	0x69b0
    67a4:	e594e048 	ldr	lr, [r4, #72]	@ 0x48
    67a8:	e584e050 	str	lr, [r4, #80]	@ 0x50
    67ac:	e594e044 	ldr	lr, [r4, #68]	@ 0x44
    67b0:	e584e04c 	str	lr, [r4, #76]	@ 0x4c
    67b4:	e594c04c 	ldr	ip, [r4, #76]	@ 0x4c
    67b8:	e35c001d 	cmp	ip, #29
    67bc:	e3a0e01d 	mov	lr, #29
    67c0:	e594c04c 	ldr	ip, [r4, #76]	@ 0x4c
    67c4:	31a0e00c 	movcc	lr, ip
    67c8:	e584e04c 	str	lr, [r4, #76]	@ 0x4c
    67cc:	e594c030 	ldr	ip, [r4, #48]	@ 0x30
    67d0:	e24c0004 	sub	r0, ip, #4
    67d4:	e1a09000 	mov	r9, r0
    67d8:	e594c050 	ldr	ip, [r4, #80]	@ 0x50
    67dc:	e150000c 	cmp	r0, ip
    67e0:	3a000049 	bcc	0x690c
    67e4:	e594704c 	ldr	r7, [r4, #76]	@ 0x4c
    67e8:	e3a08000 	mov	r8, #0
    67ec:	e3a06000 	mov	r6, #0
    67f0:	e3a03000 	mov	r3, #0
    67f4:	e1a0a009 	mov	sl, r9
    67f8:	e5952030 	ldr	r2, [r5, #48]	@ 0x30
    67fc:	e59fcc1c 	ldr	ip, [pc, #3100]	@ 0x7420
    6800:	e15a000c 	cmp	sl, ip
    6804:	8a0005b5 	bhi	0x7ee0
    6808:	e792000a 	ldr	r0, [r2, sl]
    680c:	e3a01000 	mov	r1, #0
    6810:	e1a02007 	mov	r2, r7
    6814:	e3120020 	tst	r2, #32
    6818:	1a000006 	bne	0x6838
    681c:	e202201f 	and	r2, r2, #31
    6820:	e1a01211 	lsl	r1, r1, r2
    6824:	e1a0c0a0 	lsr	ip, r0, #1
    6828:	e222e01f 	eor	lr, r2, #31
    682c:	e1811e3c 	orr	r1, r1, ip, lsr lr
    6830:	e1a00210 	lsl	r0, r0, r2
    6834:	ea000002 	b	0x6844
    6838:	e202e01f 	and	lr, r2, #31
    683c:	e1a01e10 	lsl	r1, r0, lr
    6840:	e3a00000 	mov	r0, #0
    6844:	e090a006 	adds	sl, r0, r6
    6848:	e0a1b003 	adc	fp, r1, r3
    684c:	e584a074 	str	sl, [r4, #116]	@ 0x74
    6850:	e584b078 	str	fp, [r4, #120]	@ 0x78
    6854:	e59febd0 	ldr	lr, [pc, #3024]	@ 0x742c
    6858:	e58de00c 	str	lr, [sp, #12]
    685c:	e3a0e000 	mov	lr, #0
    6860:	e58de010 	str	lr, [sp, #16]
    6864:	e2840074 	add	r0, r4, #116	@ 0x74
    6868:	e28d100c 	add	r1, sp, #12
    686c:	e28d2004 	add	r2, sp, #4
    6870:	e59fcbb8 	ldr	ip, [pc, #3000]	@ 0x7430
    6874:	e12fff3c 	blx	ip
    6878:	e59d0004 	ldr	r0, [sp, #4]
    687c:	e59d1008 	ldr	r1, [sp, #8]
    6880:	e1a06000 	mov	r6, r0
    6884:	e1a03001 	mov	r3, r1
    6888:	e1a02001 	mov	r2, r1
    688c:	e59f1b98 	ldr	r1, [pc, #2968]	@ 0x742c
    6890:	e0020192 	mul	r2, r2, r1
    6894:	e0810091 	umull	r0, r1, r1, r0
    6898:	e0822001 	add	r2, r2, r1
    689c:	e1a01002 	mov	r1, r2
    68a0:	e05aa000 	subs	sl, sl, r0
    68a4:	e0cbb001 	sbc	fp, fp, r1
    68a8:	e1a01009 	mov	r1, r9
    68ac:	e5950030 	ldr	r0, [r5, #48]	@ 0x30
    68b0:	e59fcb68 	ldr	ip, [pc, #2920]	@ 0x7420
    68b4:	e151000c 	cmp	r1, ip
    68b8:	8a000588 	bhi	0x7ee0
    68bc:	e780a001 	str	sl, [r0, r1]
    68c0:	e2490004 	sub	r0, r9, #4
    68c4:	e1a09000 	mov	r9, r0
    68c8:	e594c050 	ldr	ip, [r4, #80]	@ 0x50
    68cc:	e150000c 	cmp	r0, ip
    68d0:	2affffc7 	bcs	0x67f4
    68d4:	e594c074 	ldr	ip, [r4, #116]	@ 0x74
    68d8:	e59feb4c 	ldr	lr, [pc, #2892]	@ 0x742c
    68dc:	e15c000e 	cmp	ip, lr
    68e0:	e594c078 	ldr	ip, [r4, #120]	@ 0x78
    68e4:	e2dcc000 	sbcs	ip, ip, #0
    68e8:	3a000007 	bcc	0x690c
    68ec:	e594c050 	ldr	ip, [r4, #80]	@ 0x50
    68f0:	e24c0004 	sub	r0, ip, #4
    68f4:	e5840050 	str	r0, [r4, #80]	@ 0x50
    68f8:	e5951030 	ldr	r1, [r5, #48]	@ 0x30
    68fc:	e59fcb1c 	ldr	ip, [pc, #2844]	@ 0x7420
    6900:	e150000c 	cmp	r0, ip
    6904:	8a000575 	bhi	0x7ee0
    6908:	e7816000 	str	r6, [r1, r0]
    690c:	e594e030 	ldr	lr, [r4, #48]	@ 0x30
    6910:	e584e02c 	str	lr, [r4, #44]	@ 0x2c
    6914:	e594e050 	ldr	lr, [r4, #80]	@ 0x50
    6918:	e594c030 	ldr	ip, [r4, #48]	@ 0x30
    691c:	e15c000e 	cmp	ip, lr
    6920:	9a00000a 	bls	0x6950
    6924:	e594c02c 	ldr	ip, [r4, #44]	@ 0x2c
    6928:	e24c0004 	sub	r0, ip, #4
    692c:	e5840030 	str	r0, [r4, #48]	@ 0x30
    6930:	e1a02000 	mov	r2, r0
    6934:	e5951030 	ldr	r1, [r5, #48]	@ 0x30
    6938:	e59fcae0 	ldr	ip, [pc, #2784]	@ 0x7420
    693c:	e152000c 	cmp	r2, ip
    6940:	8a000566 	bhi	0x7ee0
    6944:	e7910002 	ldr	r0, [r1, r2]
    6948:	e3500000 	cmp	r0, #0
    694c:	0affffee 	beq	0x690c
    6950:	e594201c 	ldr	r2, [r4, #28]
    6954:	e5951030 	ldr	r1, [r5, #48]	@ 0x30
    6958:	e292202c 	adds	r2, r2, #44	@ 0x2c
    695c:	2a00055f 	bcs	0x7ee0
    6960:	e59fcab8 	ldr	ip, [pc, #2744]	@ 0x7420
    6964:	e152000c 	cmp	r2, ip
    6968:	8a00055c 	bhi	0x7ee0
    696c:	e7910002 	ldr	r0, [r1, r2]
    6970:	e594c04c 	ldr	ip, [r4, #76]	@ 0x4c
    6974:	e040000c 	sub	r0, r0, ip
    6978:	e584004c 	str	r0, [r4, #76]	@ 0x4c
    697c:	e594201c 	ldr	r2, [r4, #28]
    6980:	e5951030 	ldr	r1, [r5, #48]	@ 0x30
    6984:	e292202c 	adds	r2, r2, #44	@ 0x2c
    6988:	2a000554 	bcs	0x7ee0
    698c:	e59fca8c 	ldr	ip, [pc, #2700]	@ 0x7420
    6990:	e152000c 	cmp	r2, ip
    6994:	8a000551 	bhi	0x7ee0
    6998:	e7810002 	str	r0, [r1, r2]
    699c:	e594e02c 	ldr	lr, [r4, #44]	@ 0x2c
    69a0:	e584e030 	str	lr, [r4, #48]	@ 0x30
    69a4:	e594c04c 	ldr	ip, [r4, #76]	@ 0x4c
    69a8:	e35c0000 	cmp	ip, #0
    69ac:	caffff80 	bgt	0x67b4
    69b0:	e594c04c 	ldr	ip, [r4, #76]	@ 0x4c
    69b4:	e37c0001 	cmn	ip, #1
    69b8:	ca000080 	bgt	0x6bc0
    69bc:	e594c040 	ldr	ip, [r4, #64]	@ 0x40
    69c0:	e28c0019 	add	r0, ip, #25
    69c4:	e3a01009 	mov	r1, #9
    69c8:	e52d3010 	str	r3, [sp, #-16]!
    69cc:	e58d2004 	str	r2, [sp, #4]
    69d0:	e58d1008 	str	r1, [sp, #8]
    69d4:	e59fca58 	ldr	ip, [pc, #2648]	@ 0x7434
    69d8:	e12fff3c 	blx	ip
    69dc:	e59d1008 	ldr	r1, [sp, #8]
    69e0:	e59d2004 	ldr	r2, [sp, #4]
    69e4:	e49d3010 	ldr	r3, [sp], #16
    69e8:	e280e001 	add	lr, r0, #1
    69ec:	e584e054 	str	lr, [r4, #84]	@ 0x54
    69f0:	e594c03c 	ldr	ip, [r4, #60]	@ 0x3c
    69f4:	e35c0066 	cmp	ip, #102	@ 0x66
    69f8:	e3a0c000 	mov	ip, #0
    69fc:	03a0c001 	moveq	ip, #1
    6a00:	e584c058 	str	ip, [r4, #88]	@ 0x58
    6a04:	e594c04c 	ldr	ip, [r4, #76]	@ 0x4c
    6a08:	e26c1000 	rsb	r1, ip, #0
    6a0c:	e1a02001 	mov	r2, r1
    6a10:	e3520009 	cmp	r2, #9
    6a14:	23a01009 	movcs	r1, #9
    6a18:	e594e02c 	ldr	lr, [r4, #44]	@ 0x2c
    6a1c:	e594c050 	ldr	ip, [r4, #80]	@ 0x50
    6a20:	e15c000e 	cmp	ip, lr
    6a24:	3a000009 	bcc	0x6a50
    6a28:	e5946050 	ldr	r6, [r4, #80]	@ 0x50
    6a2c:	e5953030 	ldr	r3, [r5, #48]	@ 0x30
    6a30:	e59fc9e8 	ldr	ip, [pc, #2536]	@ 0x7420
    6a34:	e156000c 	cmp	r6, ip
    6a38:	8a000528 	bhi	0x7ee0
    6a3c:	e7932006 	ldr	r2, [r3, r6]
    6a40:	e3520000 	cmp	r2, #0
    6a44:	e3a03000 	mov	r3, #0
    6a48:	03a03004 	moveq	r3, #4
    6a4c:	ea000033 	b	0x6b20
    6a50:	e59fc9d4 	ldr	ip, [pc, #2516]	@ 0x742c
    6a54:	e201e01f 	and	lr, r1, #31
    6a58:	e1a02e3c 	lsr	r2, ip, lr
    6a5c:	e3e0c000 	mvn	ip, #0
    6a60:	e201e01f 	and	lr, r1, #31
    6a64:	e1a06e1c 	lsl	r6, ip, lr
    6a68:	e1e06006 	mvn	r6, r6
    6a6c:	e3a07000 	mov	r7, #0
    6a70:	e5948050 	ldr	r8, [r4, #80]	@ 0x50
    6a74:	e1a0b008 	mov	fp, r8
    6a78:	e595a030 	ldr	sl, [r5, #48]	@ 0x30
    6a7c:	e59fc99c 	ldr	ip, [pc, #2460]	@ 0x7420
    6a80:	e15b000c 	cmp	fp, ip
    6a84:	8a000515 	bhi	0x7ee0
    6a88:	e79a900b 	ldr	r9, [sl, fp]
    6a8c:	e1a0a009 	mov	sl, r9
    6a90:	e201e01f 	and	lr, r1, #31
    6a94:	e1a09e39 	lsr	r9, r9, lr
    6a98:	e0899007 	add	r9, r9, r7
    6a9c:	e1a00008 	mov	r0, r8
    6aa0:	e595b030 	ldr	fp, [r5, #48]	@ 0x30
    6aa4:	e59fc974 	ldr	ip, [pc, #2420]	@ 0x7420
    6aa8:	e150000c 	cmp	r0, ip
    6aac:	8a00050b 	bhi	0x7ee0
    6ab0:	e78b9000 	str	r9, [fp, r0]
    6ab4:	e00aa006 	and	sl, sl, r6
    6ab8:	e007029a 	mul	r7, sl, r2
    6abc:	e2880004 	add	r0, r8, #4
    6ac0:	e1a08000 	mov	r8, r0
    6ac4:	e594c02c 	ldr	ip, [r4, #44]	@ 0x2c
    6ac8:	e150000c 	cmp	r0, ip
    6acc:	3affffe8 	bcc	0x6a74
    6ad0:	e5946050 	ldr	r6, [r4, #80]	@ 0x50
    6ad4:	e5952030 	ldr	r2, [r5, #48]	@ 0x30
    6ad8:	e59fc940 	ldr	ip, [pc, #2368]	@ 0x7420
    6adc:	e156000c 	cmp	r6, ip
    6ae0:	8a0004fe 	bhi	0x7ee0
    6ae4:	e7920006 	ldr	r0, [r2, r6]
    6ae8:	e3500000 	cmp	r0, #0
    6aec:	e3a03000 	mov	r3, #0
    6af0:	03a03004 	moveq	r3, #4
    6af4:	e3570000 	cmp	r7, #0
    6af8:	0a000008 	beq	0x6b20
    6afc:	e594202c 	ldr	r2, [r4, #44]	@ 0x2c
    6b00:	e5950030 	ldr	r0, [r5, #48]	@ 0x30
    6b04:	e59fc914 	ldr	ip, [pc, #2324]	@ 0x7420
    6b08:	e152000c 	cmp	r2, ip
    6b0c:	8a0004f3 	bhi	0x7ee0
    6b10:	e7807002 	str	r7, [r0, r2]
    6b14:	e594c02c 	ldr	ip, [r4, #44]	@ 0x2c
    6b18:	e28ce004 	add	lr, ip, #4
    6b1c:	e584e02c 	str	lr, [r4, #44]	@ 0x2c
    6b20:	e594601c 	ldr	r6, [r4, #28]
    6b24:	e5952030 	ldr	r2, [r5, #48]	@ 0x30
    6b28:	e296602c 	adds	r6, r6, #44	@ 0x2c
    6b2c:	2a0004eb 	bcs	0x7ee0
    6b30:	e59fc8e8 	ldr	ip, [pc, #2280]	@ 0x7420
    6b34:	e156000c 	cmp	r6, ip
    6b38:	8a0004e8 	bhi	0x7ee0
    6b3c:	e7920006 	ldr	r0, [r2, r6]
    6b40:	e0800001 	add	r0, r0, r1
    6b44:	e584004c 	str	r0, [r4, #76]	@ 0x4c
    6b48:	e594201c 	ldr	r2, [r4, #28]
    6b4c:	e5951030 	ldr	r1, [r5, #48]	@ 0x30
    6b50:	e292202c 	adds	r2, r2, #44	@ 0x2c
    6b54:	2a0004e1 	bcs	0x7ee0
    6b58:	e59fc8c0 	ldr	ip, [pc, #2240]	@ 0x7420
    6b5c:	e152000c 	cmp	r2, ip
    6b60:	8a0004de 	bhi	0x7ee0
    6b64:	e7810002 	str	r0, [r1, r2]
    6b68:	e594c050 	ldr	ip, [r4, #80]	@ 0x50
    6b6c:	e08c3003 	add	r3, ip, r3
    6b70:	e5843050 	str	r3, [r4, #80]	@ 0x50
    6b74:	e594c058 	ldr	ip, [r4, #88]	@ 0x58
    6b78:	e35c0000 	cmp	ip, #0
    6b7c:	e594c048 	ldr	ip, [r4, #72]	@ 0x48
    6b80:	11a0300c 	movne	r3, ip
    6b84:	e1a00003 	mov	r0, r3
    6b88:	e594c054 	ldr	ip, [r4, #84]	@ 0x54
    6b8c:	e1a0110c 	lsl	r1, ip, #2
    6b90:	e0833001 	add	r3, r3, r1
    6b94:	e594c02c 	ldr	ip, [r4, #44]	@ 0x2c
    6b98:	e04c0000 	sub	r0, ip, r0
    6b9c:	e1a00140 	asr	r0, r0, #2
    6ba0:	e594c054 	ldr	ip, [r4, #84]	@ 0x54
    6ba4:	e150000c 	cmp	r0, ip
    6ba8:	e594e02c 	ldr	lr, [r4, #44]	@ 0x2c
    6bac:	c1a0e003 	movgt	lr, r3
    6bb0:	e584e02c 	str	lr, [r4, #44]	@ 0x2c
    6bb4:	e594c04c 	ldr	ip, [r4, #76]	@ 0x4c
    6bb8:	e35c0000 	cmp	ip, #0
    6bbc:	baffff90 	blt	0x6a04
    6bc0:	e3a06000 	mov	r6, #0
    6bc4:	e594e02c 	ldr	lr, [r4, #44]	@ 0x2c
    6bc8:	e594c050 	ldr	ip, [r4, #80]	@ 0x50
    6bcc:	e15c000e 	cmp	ip, lr
    6bd0:	2a000015 	bcs	0x6c2c
    6bd4:	e594e050 	ldr	lr, [r4, #80]	@ 0x50
    6bd8:	e594c048 	ldr	ip, [r4, #72]	@ 0x48
    6bdc:	e04c000e 	sub	r0, ip, lr
    6be0:	e1a00140 	asr	r0, r0, #2
    6be4:	e3a0c009 	mov	ip, #9
    6be8:	e0060c90 	mul	r6, r0, ip
    6bec:	e3a0000a 	mov	r0, #10
    6bf0:	e5943050 	ldr	r3, [r4, #80]	@ 0x50
    6bf4:	e5952030 	ldr	r2, [r5, #48]	@ 0x30
    6bf8:	e59fc820 	ldr	ip, [pc, #2080]	@ 0x7420
    6bfc:	e153000c 	cmp	r3, ip
    6c00:	8a0004b6 	bhi	0x7ee0
    6c04:	e7921003 	ldr	r1, [r2, r3]
    6c08:	e1a02001 	mov	r2, r1
    6c0c:	e351000a 	cmp	r1, #10
    6c10:	3a000005 	bcc	0x6c2c
    6c14:	e2866001 	add	r6, r6, #1
    6c18:	e3a0c00a 	mov	ip, #10
    6c1c:	e0010c90 	mul	r1, r0, ip
    6c20:	e1a00001 	mov	r0, r1
    6c24:	e1520001 	cmp	r2, r1
    6c28:	2afffff9 	bcs	0x6c14
    6c2c:	e594c03c 	ldr	ip, [r4, #60]	@ 0x3c
    6c30:	e35c0066 	cmp	ip, #102	@ 0x66
    6c34:	e3a00000 	mov	r0, #0
    6c38:	11a00006 	movne	r0, r6
    6c3c:	e594c040 	ldr	ip, [r4, #64]	@ 0x40
    6c40:	e04c0000 	sub	r0, ip, r0
    6c44:	e594c040 	ldr	ip, [r4, #64]	@ 0x40
    6c48:	e35c0000 	cmp	ip, #0
    6c4c:	e3a01000 	mov	r1, #0
    6c50:	13a01001 	movne	r1, #1
    6c54:	e594c03c 	ldr	ip, [r4, #60]	@ 0x3c
    6c58:	e35c0067 	cmp	ip, #103	@ 0x67
    6c5c:	e3a02000 	mov	r2, #0
    6c60:	03a02001 	moveq	r2, #1
    6c64:	e0011002 	and	r1, r1, r2
    6c68:	e0400001 	sub	r0, r0, r1
    6c6c:	e1a01000 	mov	r1, r0
    6c70:	e594e048 	ldr	lr, [r4, #72]	@ 0x48
    6c74:	e594c02c 	ldr	ip, [r4, #44]	@ 0x2c
    6c78:	e04c200e 	sub	r2, ip, lr
    6c7c:	e1a02142 	asr	r2, r2, #2
    6c80:	e3a0c009 	mov	ip, #9
    6c84:	e0020c92 	mul	r2, r2, ip
    6c88:	e2422009 	sub	r2, r2, #9
    6c8c:	e1500002 	cmp	r0, r2
    6c90:	aa0000df 	bge	0x7014
    6c94:	e3a0200a 	mov	r2, #10
    6c98:	e2813d90 	add	r3, r1, #144, 26	@ 0x2400
    6c9c:	e1a00003 	mov	r0, r3
    6ca0:	e3a01009 	mov	r1, #9
    6ca4:	e52d3010 	str	r3, [sp, #-16]!
    6ca8:	e58d2004 	str	r2, [sp, #4]
    6cac:	e58d1008 	str	r1, [sp, #8]
    6cb0:	e59fc780 	ldr	ip, [pc, #1920]	@ 0x7438
    6cb4:	e12fff3c 	blx	ip
    6cb8:	e59d1008 	ldr	r1, [sp, #8]
    6cbc:	e59d2004 	ldr	r2, [sp, #4]
    6cc0:	e49d3010 	ldr	r3, [sp], #16
    6cc4:	e1a01000 	mov	r1, r0
    6cc8:	e3a0c009 	mov	ip, #9
    6ccc:	e0000c90 	mul	r0, r0, ip
    6cd0:	e0433000 	sub	r3, r3, r0
    6cd4:	e1a00003 	mov	r0, r3
    6cd8:	e3530007 	cmp	r3, #7
    6cdc:	ca000005 	bgt	0x6cf8
    6ce0:	e3a0c00a 	mov	ip, #10
    6ce4:	e0020c92 	mul	r2, r2, ip
    6ce8:	e2803001 	add	r3, r0, #1
    6cec:	e1a00003 	mov	r0, r3
    6cf0:	e3530008 	cmp	r3, #8
    6cf4:	1afffff9 	bne	0x6ce0
    6cf8:	e594c01c 	ldr	ip, [r4, #28]
    6cfc:	e28c0030 	add	r0, ip, #48	@ 0x30
    6d00:	e594c044 	ldr	ip, [r4, #68]	@ 0x44
    6d04:	e35c0000 	cmp	ip, #0
    6d08:	e3e03c0f 	mvn	r3, #3840	@ 0xf00
    6d0c:	e3c330fb 	bic	r3, r3, #251	@ 0xfb
    6d10:	e3e0cc0e 	mvn	ip, #3584	@ 0xe00
    6d14:	e3ccc0db 	bic	ip, ip, #219	@ 0xdb
    6d18:	a1a0300c 	movge	r3, ip
    6d1c:	e0800003 	add	r0, r0, r3
    6d20:	e1a01101 	lsl	r1, r1, #2
    6d24:	e0800001 	add	r0, r0, r1
    6d28:	e1a03000 	mov	r3, r0
    6d2c:	e2807004 	add	r7, r0, #4
    6d30:	e1a01003 	mov	r1, r3
    6d34:	e5950030 	ldr	r0, [r5, #48]	@ 0x30
    6d38:	e59fc6e0 	ldr	ip, [pc, #1760]	@ 0x7420
    6d3c:	e151000c 	cmp	r1, ip
    6d40:	8a000466 	bhi	0x7ee0
    6d44:	e7908001 	ldr	r8, [r0, r1]
    6d48:	e1a09008 	mov	r9, r8
    6d4c:	e1a00009 	mov	r0, r9
    6d50:	e1a01002 	mov	r1, r2
    6d54:	e3510000 	cmp	r1, #0
    6d58:	0a00045e 	beq	0x7ed8
    6d5c:	e52d3010 	str	r3, [sp, #-16]!
    6d60:	e58d2004 	str	r2, [sp, #4]
    6d64:	e58d1008 	str	r1, [sp, #8]
    6d68:	e59fc6cc 	ldr	ip, [pc, #1740]	@ 0x743c
    6d6c:	e12fff3c 	blx	ip
    6d70:	e59d1008 	ldr	r1, [sp, #8]
    6d74:	e59d2004 	ldr	r2, [sp, #4]
    6d78:	e49d3010 	ldr	r3, [sp], #16
    6d7c:	e5840054 	str	r0, [r4, #84]	@ 0x54
    6d80:	e0000290 	mul	r0, r0, r2
    6d84:	e0488000 	sub	r8, r8, r0
    6d88:	e1a00008 	mov	r0, r8
    6d8c:	e3580000 	cmp	r8, #0
    6d90:	1a000002 	bne	0x6da0
    6d94:	e594c02c 	ldr	ip, [r4, #44]	@ 0x2c
    6d98:	e157000c 	cmp	r7, ip
    6d9c:	0a000095 	beq	0x6ff8
    6da0:	e594c054 	ldr	ip, [r4, #84]	@ 0x54
    6da4:	e31c0001 	tst	ip, #1
    6da8:	1a000013 	bne	0x6dfc
    6dac:	e3a0c000 	mov	ip, #0
    6db0:	e3a0e101 	mov	lr, #1073741824	@ 0x40000000
    6db4:	e38ee50d 	orr	lr, lr, #54525952	@ 0x3400000
    6db8:	ec4eca10 	vmov	s0, s1, ip, lr
    6dbc:	e59fc668 	ldr	ip, [pc, #1640]	@ 0x742c
    6dc0:	e152000c 	cmp	r2, ip
    6dc4:	1a000010 	bne	0x6e0c
    6dc8:	e594c050 	ldr	ip, [r4, #80]	@ 0x50
    6dcc:	e153000c 	cmp	r3, ip
    6dd0:	9a00000d 	bls	0x6e0c
    6dd4:	e2431004 	sub	r1, r3, #4
    6dd8:	e1a0a001 	mov	sl, r1
    6ddc:	e5958030 	ldr	r8, [r5, #48]	@ 0x30
    6de0:	e3e0c4fe 	mvn	ip, #-33554432	@ 0xfe000000
    6de4:	e3ccc8fe 	bic	ip, ip, #16646144	@ 0xfe0000
    6de8:	e15a000c 	cmp	sl, ip
    6dec:	8a00043b 	bhi	0x7ee0
    6df0:	e7d8100a 	ldrb	r1, [r8, sl]
    6df4:	e3110001 	tst	r1, #1
    6df8:	0a000003 	beq	0x6e0c
    6dfc:	e3a0c001 	mov	ip, #1
    6e00:	e3a0e101 	mov	lr, #1073741824	@ 0x40000000
    6e04:	e38ee50d 	orr	lr, lr, #54525952	@ 0x3400000
    6e08:	ec4eca10 	vmov	s0, s1, ip, lr
    6e0c:	e594c02c 	ldr	ip, [r4, #44]	@ 0x2c
    6e10:	e157000c 	cmp	r7, ip
    6e14:	e3a0c000 	mov	ip, #0
    6e18:	e3a0e203 	mov	lr, #805306368	@ 0x30000000
    6e1c:	e38ee6ff 	orr	lr, lr, #267386880	@ 0xff00000
    6e20:	ec4eca11 	vmov	s2, s3, ip, lr
    6e24:	e3a0c000 	mov	ip, #0
    6e28:	e3a0e30f 	mov	lr, #1006632960	@ 0x3c000000
    6e2c:	e38ee7fe 	orr	lr, lr, #66584576	@ 0x3f80000
    6e30:	ec4eca12 	vmov	s4, s5, ip, lr
    6e34:	eeb03b41 	vmov.f64	d3, d1
    6e38:	1eb03b42 	vmovne.f64	d3, d2
    6e3c:	e1a010a2 	lsr	r1, r2, #1
    6e40:	e1a07001 	mov	r7, r1
    6e44:	e1500001 	cmp	r0, r1
    6e48:	e3a0c000 	mov	ip, #0
    6e4c:	e3a0e30f 	mov	lr, #1006632960	@ 0x3c000000
    6e50:	e38ee7fe 	orr	lr, lr, #66584576	@ 0x3f80000
    6e54:	ec4eca11 	vmov	s2, s3, ip, lr
    6e58:	1eb03b41 	vmovne.f64	d3, d1
    6e5c:	e1500007 	cmp	r0, r7
    6e60:	e3a0c000 	mov	ip, #0
    6e64:	e3a0e203 	mov	lr, #805306368	@ 0x30000000
    6e68:	e38ee6fe 	orr	lr, lr, #266338304	@ 0xfe00000
    6e6c:	ec4eca11 	vmov	s2, s3, ip, lr
    6e70:	3eb03b41 	vmovcc.f64	d3, d1
    6e74:	e594c020 	ldr	ip, [r4, #32]
    6e78:	e35c0000 	cmp	ip, #0
    6e7c:	1a00000a 	bne	0x6eac
    6e80:	e5948028 	ldr	r8, [r4, #40]	@ 0x28
    6e84:	e5957030 	ldr	r7, [r5, #48]	@ 0x30
    6e88:	e3e0c4fe 	mvn	ip, #-33554432	@ 0xfe000000
    6e8c:	e3ccc8fe 	bic	ip, ip, #16646144	@ 0xfe0000
    6e90:	e158000c 	cmp	r8, ip
    6e94:	8a000411 	bhi	0x7ee0
    6e98:	e7d71008 	ldrb	r1, [r7, r8]
    6e9c:	e351002d 	cmp	r1, #45	@ 0x2d
    6ea0:	1a000001 	bne	0x6eac
    6ea4:	eeb13b43 	vneg.f64	d3, d3
    6ea8:	eeb10b40 	vneg.f64	d0, d0
    6eac:	e0499000 	sub	r9, r9, r0
    6eb0:	e1a00009 	mov	r0, r9
    6eb4:	e1a07003 	mov	r7, r3
    6eb8:	e5951030 	ldr	r1, [r5, #48]	@ 0x30
    6ebc:	e59fc55c 	ldr	ip, [pc, #1372]	@ 0x7420
    6ec0:	e157000c 	cmp	r7, ip
    6ec4:	8a000405 	bhi	0x7ee0
    6ec8:	e7819007 	str	r9, [r1, r7]
    6ecc:	ee303b03 	vadd.f64	d3, d0, d3
    6ed0:	eeb43b40 	vcmp.f64	d3, d0
    6ed4:	eef1fa10 	vmrs	APSR_nzcv, fpscr
    6ed8:	0a000046 	beq	0x6ff8
    6edc:	e0800002 	add	r0, r0, r2
    6ee0:	e1a01000 	mov	r1, r0
    6ee4:	e1a07003 	mov	r7, r3
    6ee8:	e5952030 	ldr	r2, [r5, #48]	@ 0x30
    6eec:	e59fc52c 	ldr	ip, [pc, #1324]	@ 0x7420
    6ef0:	e157000c 	cmp	r7, ip
    6ef4:	8a0003f9 	bhi	0x7ee0
    6ef8:	e7820007 	str	r0, [r2, r7]
    6efc:	e59fc528 	ldr	ip, [pc, #1320]	@ 0x742c
    6f00:	e151000c 	cmp	r1, ip
    6f04:	3a000025 	bcc	0x6fa0
    6f08:	e1a01003 	mov	r1, r3
    6f0c:	e5950030 	ldr	r0, [r5, #48]	@ 0x30
    6f10:	e59fc508 	ldr	ip, [pc, #1288]	@ 0x7420
    6f14:	e151000c 	cmp	r1, ip
    6f18:	8a0003f0 	bhi	0x7ee0
    6f1c:	e3a0e000 	mov	lr, #0
    6f20:	e780e001 	str	lr, [r0, r1]
    6f24:	e2430004 	sub	r0, r3, #4
    6f28:	e1a03000 	mov	r3, r0
    6f2c:	e594c050 	ldr	ip, [r4, #80]	@ 0x50
    6f30:	e150000c 	cmp	r0, ip
    6f34:	2a000008 	bcs	0x6f5c
    6f38:	e594c050 	ldr	ip, [r4, #80]	@ 0x50
    6f3c:	e24c0004 	sub	r0, ip, #4
    6f40:	e5840050 	str	r0, [r4, #80]	@ 0x50
    6f44:	e5951030 	ldr	r1, [r5, #48]	@ 0x30
    6f48:	e59fc4d0 	ldr	ip, [pc, #1232]	@ 0x7420
    6f4c:	e150000c 	cmp	r0, ip
    6f50:	8a0003e2 	bhi	0x7ee0
    6f54:	e3a0e000 	mov	lr, #0
    6f58:	e781e000 	str	lr, [r1, r0]
    6f5c:	e1a02003 	mov	r2, r3
    6f60:	e5951030 	ldr	r1, [r5, #48]	@ 0x30
    6f64:	e59fc4b4 	ldr	ip, [pc, #1204]	@ 0x7420
    6f68:	e152000c 	cmp	r2, ip
    6f6c:	8a0003db 	bhi	0x7ee0
    6f70:	e7910002 	ldr	r0, [r1, r2]
    6f74:	e2800001 	add	r0, r0, #1
    6f78:	e1a01000 	mov	r1, r0
    6f7c:	e1a07003 	mov	r7, r3
    6f80:	e5952030 	ldr	r2, [r5, #48]	@ 0x30
    6f84:	e59fc494 	ldr	ip, [pc, #1172]	@ 0x7420
    6f88:	e157000c 	cmp	r7, ip
    6f8c:	8a0003d3 	bhi	0x7ee0
    6f90:	e7820007 	str	r0, [r2, r7]
    6f94:	e59fc4a4 	ldr	ip, [pc, #1188]	@ 0x7440
    6f98:	e151000c 	cmp	r1, ip
    6f9c:	8affffd9 	bhi	0x6f08
    6fa0:	e594e050 	ldr	lr, [r4, #80]	@ 0x50
    6fa4:	e594c048 	ldr	ip, [r4, #72]	@ 0x48
    6fa8:	e04c000e 	sub	r0, ip, lr
    6fac:	e1a00140 	asr	r0, r0, #2
    6fb0:	e3a0c009 	mov	ip, #9
    6fb4:	e0060c90 	mul	r6, r0, ip
    6fb8:	e3a0000a 	mov	r0, #10
    6fbc:	e5947050 	ldr	r7, [r4, #80]	@ 0x50
    6fc0:	e5952030 	ldr	r2, [r5, #48]	@ 0x30
    6fc4:	e59fc454 	ldr	ip, [pc, #1108]	@ 0x7420
    6fc8:	e157000c 	cmp	r7, ip
    6fcc:	8a0003c3 	bhi	0x7ee0
    6fd0:	e7921007 	ldr	r1, [r2, r7]
    6fd4:	e1a02001 	mov	r2, r1
    6fd8:	e351000a 	cmp	r1, #10
    6fdc:	3a000005 	bcc	0x6ff8
    6fe0:	e2866001 	add	r6, r6, #1
    6fe4:	e3a0c00a 	mov	ip, #10
    6fe8:	e0010c90 	mul	r1, r0, ip
    6fec:	e1a00001 	mov	r0, r1
    6ff0:	e1520001 	cmp	r2, r1
    6ff4:	2afffff9 	bcs	0x6fe0
    6ff8:	e2833004 	add	r3, r3, #4
    6ffc:	e1a00003 	mov	r0, r3
    7000:	e594c02c 	ldr	ip, [r4, #44]	@ 0x2c
    7004:	e15c0000 	cmp	ip, r0
    7008:	e594e02c 	ldr	lr, [r4, #44]	@ 0x2c
    700c:	81a0e003 	movhi	lr, r3
    7010:	e584e02c 	str	lr, [r4, #44]	@ 0x2c
    7014:	e594702c 	ldr	r7, [r4, #44]	@ 0x2c
    7018:	e594e050 	ldr	lr, [r4, #80]	@ 0x50
    701c:	e594c02c 	ldr	ip, [r4, #44]	@ 0x2c
    7020:	e15c000e 	cmp	ip, lr
    7024:	e3a00000 	mov	r0, #0
    7028:	93a00001 	movls	r0, #1
    702c:	e1a01000 	mov	r1, r0
    7030:	e3500000 	cmp	r0, #0
    7034:	1a000009 	bne	0x7060
    7038:	e2470004 	sub	r0, r7, #4
    703c:	e584002c 	str	r0, [r4, #44]	@ 0x2c
    7040:	e1a03000 	mov	r3, r0
    7044:	e5952030 	ldr	r2, [r5, #48]	@ 0x30
    7048:	e59fc3d0 	ldr	ip, [pc, #976]	@ 0x7420
    704c:	e153000c 	cmp	r3, ip
    7050:	8a0003a2 	bhi	0x7ee0
    7054:	e7920003 	ldr	r0, [r2, r3]
    7058:	e3500000 	cmp	r0, #0
    705c:	0affffec 	beq	0x7014
    7060:	e594c03c 	ldr	ip, [r4, #60]	@ 0x3c
    7064:	e35c0067 	cmp	ip, #103	@ 0x67
    7068:	0a000003 	beq	0x707c
    706c:	e594c014 	ldr	ip, [r4, #20]
    7070:	e20ce008 	and	lr, ip, #8
    7074:	e584e05c 	str	lr, [r4, #92]	@ 0x5c
    7078:	ea00006f 	b	0x723c
    707c:	e1e00006 	mvn	r0, r6
    7080:	e594c040 	ldr	ip, [r4, #64]	@ 0x40
    7084:	e35c0000 	cmp	ip, #0
    7088:	e3a02001 	mov	r2, #1
    708c:	e594c040 	ldr	ip, [r4, #64]	@ 0x40
    7090:	11a0200c 	movne	r2, ip
    7094:	e1a03002 	mov	r3, r2
    7098:	e1520006 	cmp	r2, r6
    709c:	e3a02000 	mov	r2, #0
    70a0:	c3a02001 	movgt	r2, #1
    70a4:	e3760005 	cmn	r6, #5
    70a8:	e3a09000 	mov	r9, #0
    70ac:	c3a09001 	movgt	r9, #1
    70b0:	e0022009 	and	r2, r2, r9
    70b4:	e1a09002 	mov	r9, r2
    70b8:	e3520000 	cmp	r2, #0
    70bc:	03e00000 	mvneq	r0, #0
    70c0:	e080e003 	add	lr, r0, r3
    70c4:	e584e040 	str	lr, [r4, #64]	@ 0x40
    70c8:	e3590000 	cmp	r9, #0
    70cc:	e3e00000 	mvn	r0, #0
    70d0:	03e00001 	mvneq	r0, #1
    70d4:	e594c018 	ldr	ip, [r4, #24]
    70d8:	e080e00c 	add	lr, r0, ip
    70dc:	e584e018 	str	lr, [r4, #24]
    70e0:	e594c014 	ldr	ip, [r4, #20]
    70e4:	e20c0008 	and	r0, ip, #8
    70e8:	e584005c 	str	r0, [r4, #92]	@ 0x5c
    70ec:	e3500000 	cmp	r0, #0
    70f0:	1a000051 	bne	0x723c
    70f4:	e3e02008 	mvn	r2, #8
    70f8:	e3510000 	cmp	r1, #0
    70fc:	1a000029 	bne	0x71a8
    7100:	e2470004 	sub	r0, r7, #4
    7104:	e1a03000 	mov	r3, r0
    7108:	e5951030 	ldr	r1, [r5, #48]	@ 0x30
    710c:	e59fc30c 	ldr	ip, [pc, #780]	@ 0x7420
    7110:	e153000c 	cmp	r3, ip
    7114:	8a000371 	bhi	0x7ee0
    7118:	e7910003 	ldr	r0, [r1, r3]
    711c:	e1a03000 	mov	r3, r0
    7120:	e3500000 	cmp	r0, #0
    7124:	0a00001f 	beq	0x71a8
    7128:	e3a0900a 	mov	r9, #10
    712c:	e3a02000 	mov	r2, #0
    7130:	e1a00003 	mov	r0, r3
    7134:	e3a0100a 	mov	r1, #10
    7138:	e52d3008 	str	r3, [sp, #-8]!
    713c:	e58d2004 	str	r2, [sp, #4]
    7140:	e59fc2fc 	ldr	ip, [pc, #764]	@ 0x7444
    7144:	e12fff3c 	blx	ip
    7148:	e59d2004 	ldr	r2, [sp, #4]
    714c:	e49d3008 	ldr	r3, [sp], #8
    7150:	e1a00001 	mov	r0, r1
    7154:	e3500000 	cmp	r0, #0
    7158:	1a000012 	bne	0x71a8
    715c:	e1a0a002 	mov	sl, r2
    7160:	e2822001 	add	r2, r2, #1
    7164:	e3a0c00a 	mov	ip, #10
    7168:	e0000c99 	mul	r0, r9, ip
    716c:	e1a09000 	mov	r9, r0
    7170:	e1a01000 	mov	r1, r0
    7174:	e1a00003 	mov	r0, r3
    7178:	e3510000 	cmp	r1, #0
    717c:	0a000355 	beq	0x7ed8
    7180:	e52d3008 	str	r3, [sp, #-8]!
    7184:	e58d2004 	str	r2, [sp, #4]
    7188:	e59fc2b8 	ldr	ip, [pc, #696]	@ 0x7448
    718c:	e12fff3c 	blx	ip
    7190:	e59d2004 	ldr	r2, [sp, #4]
    7194:	e49d3008 	ldr	r3, [sp], #8
    7198:	e1a00001 	mov	r0, r1
    719c:	e3500000 	cmp	r0, #0
    71a0:	0affffed 	beq	0x715c
    71a4:	e1e0200a 	mvn	r2, sl
    71a8:	e594c048 	ldr	ip, [r4, #72]	@ 0x48
    71ac:	e047000c 	sub	r0, r7, ip
    71b0:	e1a00140 	asr	r0, r0, #2
    71b4:	e3a0c009 	mov	ip, #9
    71b8:	e0000c90 	mul	r0, r0, ip
    71bc:	e594c018 	ldr	ip, [r4, #24]
    71c0:	e3cc1020 	bic	r1, ip, #32
    71c4:	e3510046 	cmp	r1, #70	@ 0x46
    71c8:	1a00000d 	bne	0x7204
    71cc:	e3a0e000 	mov	lr, #0
    71d0:	e584e05c 	str	lr, [r4, #92]	@ 0x5c
    71d4:	e0801002 	add	r1, r0, r2
    71d8:	e2411009 	sub	r1, r1, #9
    71dc:	e1a03001 	mov	r3, r1
    71e0:	e3530000 	cmp	r3, #0
    71e4:	d3a01000 	movle	r1, #0
    71e8:	e1a03001 	mov	r3, r1
    71ec:	e594c040 	ldr	ip, [r4, #64]	@ 0x40
    71f0:	e15c0003 	cmp	ip, r3
    71f4:	e594e040 	ldr	lr, [r4, #64]	@ 0x40
    71f8:	a1a0e001 	movge	lr, r1
    71fc:	e584e040 	str	lr, [r4, #64]	@ 0x40
    7200:	ea00000d 	b	0x723c
    7204:	e3a0e000 	mov	lr, #0
    7208:	e584e05c 	str	lr, [r4, #92]	@ 0x5c
    720c:	e0860000 	add	r0, r6, r0
    7210:	e0800002 	add	r0, r0, r2
    7214:	e2400009 	sub	r0, r0, #9
    7218:	e1a01000 	mov	r1, r0
    721c:	e3510000 	cmp	r1, #0
    7220:	d3a00000 	movle	r0, #0
    7224:	e1a01000 	mov	r1, r0
    7228:	e594c040 	ldr	ip, [r4, #64]	@ 0x40
    722c:	e15c0001 	cmp	ip, r1
    7230:	e594e040 	ldr	lr, [r4, #64]	@ 0x40
    7234:	a1a0e000 	movge	lr, r0
    7238:	e584e040 	str	lr, [r4, #64]	@ 0x40
    723c:	e3e0e000 	mvn	lr, #0
    7240:	e584e034 	str	lr, [r4, #52]	@ 0x34
    7244:	e594e05c 	ldr	lr, [r4, #92]	@ 0x5c
    7248:	e594c040 	ldr	ip, [r4, #64]	@ 0x40
    724c:	e18c000e 	orr	r0, ip, lr
    7250:	e1a09000 	mov	r9, r0
    7254:	e3500000 	cmp	r0, #0
    7258:	e3e013a0 	mvn	r1, #160, 6	@ 0x80000002
    725c:	03e01360 	mvneq	r1, #96, 6	@ 0x80000001
    7260:	e594c040 	ldr	ip, [r4, #64]	@ 0x40
    7264:	e15c0001 	cmp	ip, r1
    7268:	ca00030f 	bgt	0x7eac
    726c:	e3590000 	cmp	r9, #0
    7270:	e3a00000 	mov	r0, #0
    7274:	13a00001 	movne	r0, #1
    7278:	e594c040 	ldr	ip, [r4, #64]	@ 0x40
    727c:	e08c0000 	add	r0, ip, r0
    7280:	e280a001 	add	sl, r0, #1
    7284:	e594c018 	ldr	ip, [r4, #24]
    7288:	e3cc0020 	bic	r0, ip, #32
    728c:	e1a0b000 	mov	fp, r0
    7290:	e3500046 	cmp	r0, #70	@ 0x46
    7294:	1a000007 	bne	0x72b8
    7298:	e3e0c480 	mvn	ip, #128, 8	@ 0x80000000
    729c:	e02a000c 	eor	r0, sl, ip
    72a0:	e1560000 	cmp	r6, r0
    72a4:	ca000300 	bgt	0x7eac
    72a8:	e3560000 	cmp	r6, #0
    72ac:	e3a00000 	mov	r0, #0
    72b0:	c1a00006 	movgt	r0, r6
    72b4:	ea00003d 	b	0x73b0
    72b8:	e1a01fc6 	asr	r1, r6, #31
    72bc:	e1a02001 	mov	r2, r1
    72c0:	e0261001 	eor	r1, r6, r1
    72c4:	e0411002 	sub	r1, r1, r2
    72c8:	e3a02000 	mov	r2, #0
    72cc:	e58410a4 	str	r1, [r4, #164]	@ 0xa4
    72d0:	e58420a8 	str	r2, [r4, #168]	@ 0xa8
    72d4:	e59f0170 	ldr	r0, [pc, #368]	@ 0x744c
    72d8:	e1a01004 	mov	r1, r4
    72dc:	e59d2000 	ldr	r2, [sp]
    72e0:	e59fc168 	ldr	ip, [pc, #360]	@ 0x7450
    72e4:	e12fff3c 	blx	ip
    72e8:	e3500000 	cmp	r0, #0
    72ec:	1a0002fe 	bne	0x7eec
    72f0:	e59410a4 	ldr	r1, [r4, #164]	@ 0xa4
    72f4:	e1a02001 	mov	r2, r1
    72f8:	e594c038 	ldr	ip, [r4, #56]	@ 0x38
    72fc:	e04c1001 	sub	r1, ip, r1
    7300:	e3510001 	cmp	r1, #1
    7304:	ca00000c 	bgt	0x733c
    7308:	e2421001 	sub	r1, r2, #1
    730c:	e1a02001 	mov	r2, r1
    7310:	e5953030 	ldr	r3, [r5, #48]	@ 0x30
    7314:	e3e0c4fe 	mvn	ip, #-33554432	@ 0xfe000000
    7318:	e3ccc8fe 	bic	ip, ip, #16646144	@ 0xfe0000
    731c:	e151000c 	cmp	r1, ip
    7320:	8a0002ee 	bhi	0x7ee0
    7324:	e3a0e030 	mov	lr, #48	@ 0x30
    7328:	e7c3e001 	strb	lr, [r3, r1]
    732c:	e594c038 	ldr	ip, [r4, #56]	@ 0x38
    7330:	e04c1002 	sub	r1, ip, r2
    7334:	e3510002 	cmp	r1, #2
    7338:	bafffff2 	blt	0x7308
    733c:	e2421002 	sub	r1, r2, #2
    7340:	e5841054 	str	r1, [r4, #84]	@ 0x54
    7344:	e5953030 	ldr	r3, [r5, #48]	@ 0x30
    7348:	e5948018 	ldr	r8, [r4, #24]
    734c:	e3e0c4fe 	mvn	ip, #-33554432	@ 0xfe000000
    7350:	e3ccc8fe 	bic	ip, ip, #16646144	@ 0xfe0000
    7354:	e151000c 	cmp	r1, ip
    7358:	8a0002e0 	bhi	0x7ee0
    735c:	e7c38001 	strb	r8, [r3, r1]
    7360:	e3e0e000 	mvn	lr, #0
    7364:	e584e034 	str	lr, [r4, #52]	@ 0x34
    7368:	e2422001 	sub	r2, r2, #1
    736c:	e3560000 	cmp	r6, #0
    7370:	e3a0102d 	mov	r1, #45	@ 0x2d
    7374:	a3a0102b 	movge	r1, #43	@ 0x2b
    7378:	e5953030 	ldr	r3, [r5, #48]	@ 0x30
    737c:	e3e0c4fe 	mvn	ip, #-33554432	@ 0xfe000000
    7380:	e3ccc8fe 	bic	ip, ip, #16646144	@ 0xfe0000
    7384:	e152000c 	cmp	r2, ip
    7388:	8a0002d4 	bhi	0x7ee0
    738c:	e7c31002 	strb	r1, [r3, r2]
    7390:	e594e054 	ldr	lr, [r4, #84]	@ 0x54
    7394:	e594c038 	ldr	ip, [r4, #56]	@ 0x38
    7398:	e04c100e 	sub	r1, ip, lr
    739c:	e1a00001 	mov	r0, r1
    73a0:	e3e0c480 	mvn	ip, #128, 8	@ 0x80000000
    73a4:	e02a200c 	eor	r2, sl, ip
    73a8:	e1510002 	cmp	r1, r2
    73ac:	ca0002be 	bgt	0x7eac
    73b0:	e3e0e000 	mvn	lr, #0
    73b4:	e584e034 	str	lr, [r4, #52]	@ 0x34
    73b8:	e080000a 	add	r0, r0, sl
    73bc:	e1a01000 	mov	r1, r0
    73c0:	e594c024 	ldr	ip, [r4, #36]	@ 0x24
    73c4:	e3e0e480 	mvn	lr, #128, 8	@ 0x80000000
    73c8:	e02c200e 	eor	r2, ip, lr
    73cc:	e1500002 	cmp	r0, r2
    73d0:	ca0002b5 	bgt	0x7eac
    73d4:	e594c024 	ldr	ip, [r4, #36]	@ 0x24
    73d8:	e081100c 	add	r1, r1, ip
    73dc:	e1a06001 	mov	r6, r1
    73e0:	e3a0e020 	mov	lr, #32
    73e4:	e584e0a4 	str	lr, [r4, #164]	@ 0xa4
    73e8:	e58410ac 	str	r1, [r4, #172]	@ 0xac
    73ec:	ea000018 	b	0x7454
	...
    73f8:	00409c9c 	umaaleq	r9, r0, ip, ip
    73fc:	000487b4 			@ <UNDEFINED> instruction: 0x000487b4
    7400:	00409cb4 	strheq	r9, [r0], #-196	@ 0xffffff3c
    7404:	000487b4 			@ <UNDEFINED> instruction: 0x000487b4
    7408:	00409d60 	subeq	r9, r0, r0, ror #26
    740c:	000487b4 			@ <UNDEFINED> instruction: 0x000487b4
    7410:	00409d98 	umaaleq	r9, r0, r8, sp
    7414:	000487b4 			@ <UNDEFINED> instruction: 0x000487b4
    7418:	00409e04 	subeq	r9, r0, r4, lsl #28
    741c:	000487b4 			@ <UNDEFINED> instruction: 0x000487b4
    7420:	0101fffc 	strdeq	pc, [r1, -ip]
    7424:	00049280 	andeq	r9, r4, r0, lsl #5
    7428:	41cdcd65 	bicmi	ip, sp, r5, ror #26
    742c:	3b9aca00 	blcc	0xfe6b9c34
    7430:	00047d44 	andeq	r7, r4, r4, asr #26
    7434:	001f44e8 	andseq	r4, pc, r8, ror #9
    7438:	001f4728 	andseq	r4, pc, r8, lsr #14
    743c:	001f44e8 	andseq	r4, pc, r8, ror #9
    7440:	3b9ac9ff 	blcc	0xfe6b9c44
    7444:	001f44e8 	andseq	r4, pc, r8, ror #9
    7448:	001f44e8 	andseq	r4, pc, r8, ror #9
    744c:	0040b308 	subeq	fp, r0, r8, lsl #6
    7450:	000487b4 			@ <UNDEFINED> instruction: 0x000487b4
    7454:	e59f0ffc 	ldr	r0, [pc, #4092]	@ 0x8458
    7458:	e1a01004 	mov	r1, r4
    745c:	e59d2000 	ldr	r2, [sp]
    7460:	e59fcff4 	ldr	ip, [pc, #4084]	@ 0x845c
    7464:	e12fff3c 	blx	ip
    7468:	e3500000 	cmp	r0, #0
    746c:	1a00029e 	bne	0x7eec
    7470:	e59f0fe8 	ldr	r0, [pc, #4072]	@ 0x8460
    7474:	e1a01004 	mov	r1, r4
    7478:	e59d2000 	ldr	r2, [sp]
    747c:	e59fcfe0 	ldr	ip, [pc, #4064]	@ 0x8464
    7480:	e12fff3c 	blx	ip
    7484:	e3500000 	cmp	r0, #0
    7488:	1a000297 	bne	0x7eec
    748c:	e594c014 	ldr	ip, [r4, #20]
    7490:	e22c0b40 	eor	r0, ip, #64, 22	@ 0x10000
    7494:	e3a0e030 	mov	lr, #48	@ 0x30
    7498:	e584e0a4 	str	lr, [r4, #164]	@ 0xa4
    749c:	e5846018 	str	r6, [r4, #24]
    74a0:	e58400b0 	str	r0, [r4, #176]	@ 0xb0
    74a4:	e59f0fbc 	ldr	r0, [pc, #4028]	@ 0x8468
    74a8:	e1a01004 	mov	r1, r4
    74ac:	e59d2000 	ldr	r2, [sp]
    74b0:	e59fcfb4 	ldr	ip, [pc, #4020]	@ 0x846c
    74b4:	e12fff3c 	blx	ip
    74b8:	e3500000 	cmp	r0, #0
    74bc:	1a00028a 	bne	0x7eec
    74c0:	e35b0046 	cmp	fp, #70	@ 0x46
    74c4:	1a00009d 	bne	0x7740
    74c8:	e594c01c 	ldr	ip, [r4, #28]
    74cc:	e28c0010 	add	r0, ip, #16
    74d0:	e3808009 	orr	r8, r0, #9
    74d4:	e594e048 	ldr	lr, [r4, #72]	@ 0x48
    74d8:	e594c050 	ldr	ip, [r4, #80]	@ 0x50
    74dc:	e15c000e 	cmp	ip, lr
    74e0:	e5940048 	ldr	r0, [r4, #72]	@ 0x48
    74e4:	e594c050 	ldr	ip, [r4, #80]	@ 0x50
    74e8:	91a0000c 	movls	r0, ip
    74ec:	e1a0a000 	mov	sl, r0
    74f0:	e1a0b000 	mov	fp, r0
    74f4:	e1a0300b 	mov	r3, fp
    74f8:	e5952030 	ldr	r2, [r5, #48]	@ 0x30
    74fc:	e59fcf6c 	ldr	ip, [pc, #3948]	@ 0x8470
    7500:	e153000c 	cmp	r3, ip
    7504:	8a000275 	bhi	0x7ee0
    7508:	e7920003 	ldr	r0, [r2, r3]
    750c:	e3a01000 	mov	r1, #0
    7510:	e58400a0 	str	r0, [r4, #160]	@ 0xa0
    7514:	e58410a4 	str	r1, [r4, #164]	@ 0xa4
    7518:	e584804c 	str	r8, [r4, #76]	@ 0x4c
    751c:	e59f0f50 	ldr	r0, [pc, #3920]	@ 0x8474
    7520:	e1a01004 	mov	r1, r4
    7524:	e59d2000 	ldr	r2, [sp]
    7528:	e59fcf48 	ldr	ip, [pc, #3912]	@ 0x8478
    752c:	e12fff3c 	blx	ip
    7530:	e3500000 	cmp	r0, #0
    7534:	1a00026c 	bne	0x7eec
    7538:	e59400a0 	ldr	r0, [r4, #160]	@ 0xa0
    753c:	e15b000a 	cmp	fp, sl
    7540:	0a000011 	beq	0x758c
    7544:	e594c01c 	ldr	ip, [r4, #28]
    7548:	e28c1010 	add	r1, ip, #16
    754c:	e1500001 	cmp	r0, r1
    7550:	9a000018 	bls	0x75b8
    7554:	e2401001 	sub	r1, r0, #1
    7558:	e1a00001 	mov	r0, r1
    755c:	e5952030 	ldr	r2, [r5, #48]	@ 0x30
    7560:	e3e0c4fe 	mvn	ip, #-33554432	@ 0xfe000000
    7564:	e3ccc8fe 	bic	ip, ip, #16646144	@ 0xfe0000
    7568:	e151000c 	cmp	r1, ip
    756c:	8a00025b 	bhi	0x7ee0
    7570:	e3a0e030 	mov	lr, #48	@ 0x30
    7574:	e7c2e001 	strb	lr, [r2, r1]
    7578:	e594c01c 	ldr	ip, [r4, #28]
    757c:	e28c1010 	add	r1, ip, #16
    7580:	e1500001 	cmp	r0, r1
    7584:	8afffff2 	bhi	0x7554
    7588:	ea00000a 	b	0x75b8
    758c:	e1500008 	cmp	r0, r8
    7590:	1a000008 	bne	0x75b8
    7594:	e2401001 	sub	r1, r0, #1
    7598:	e1a00001 	mov	r0, r1
    759c:	e5952030 	ldr	r2, [r5, #48]	@ 0x30
    75a0:	e3e0c4fe 	mvn	ip, #-33554432	@ 0xfe000000
    75a4:	e3ccc8fe 	bic	ip, ip, #16646144	@ 0xfe0000
    75a8:	e151000c 	cmp	r1, ip
    75ac:	8a00024b 	bhi	0x7ee0
    75b0:	e3a0e030 	mov	lr, #48	@ 0x30
    75b4:	e7c2e001 	strb	lr, [r2, r1]
    75b8:	e0481000 	sub	r1, r8, r0
    75bc:	e584002c 	str	r0, [r4, #44]	@ 0x2c
    75c0:	e58410a8 	str	r1, [r4, #168]	@ 0xa8
    75c4:	e59f0eb0 	ldr	r0, [pc, #3760]	@ 0x847c
    75c8:	e1a01004 	mov	r1, r4
    75cc:	e59d2000 	ldr	r2, [sp]
    75d0:	e59fcea8 	ldr	ip, [pc, #3752]	@ 0x8480
    75d4:	e12fff3c 	blx	ip
    75d8:	e3500000 	cmp	r0, #0
    75dc:	1a000242 	bne	0x7eec
    75e0:	e28b0004 	add	r0, fp, #4
    75e4:	e1a0b000 	mov	fp, r0
    75e8:	e594c048 	ldr	ip, [r4, #72]	@ 0x48
    75ec:	e150000c 	cmp	r0, ip
    75f0:	9affffbf 	bls	0x74f4
    75f4:	e3590000 	cmp	r9, #0
    75f8:	0a00000b 	beq	0x762c
    75fc:	e3a0eb40 	mov	lr, #64, 22	@ 0x10000
    7600:	e38ee1b4 	orr	lr, lr, #180, 2	@ 0x2d
    7604:	e584e0a4 	str	lr, [r4, #164]	@ 0xa4
    7608:	e3a0e001 	mov	lr, #1
    760c:	e584e088 	str	lr, [r4, #136]	@ 0x88
    7610:	e59f0e6c 	ldr	r0, [pc, #3692]	@ 0x8484
    7614:	e1a01004 	mov	r1, r4
    7618:	e59d2000 	ldr	r2, [sp]
    761c:	e59fce64 	ldr	ip, [pc, #3684]	@ 0x8488
    7620:	e12fff3c 	blx	ip
    7624:	e3500000 	cmp	r0, #0
    7628:	1a00022f 	bne	0x7eec
    762c:	e15b0007 	cmp	fp, r7
    7630:	2a0000d3 	bcs	0x7984
    7634:	e594c040 	ldr	ip, [r4, #64]	@ 0x40
    7638:	e35c0001 	cmp	ip, #1
    763c:	ba0000d0 	blt	0x7984
    7640:	e1a0300b 	mov	r3, fp
    7644:	e5952030 	ldr	r2, [r5, #48]	@ 0x30
    7648:	e59fce20 	ldr	ip, [pc, #3616]	@ 0x8470
    764c:	e153000c 	cmp	r3, ip
    7650:	8a000222 	bhi	0x7ee0
    7654:	e7920003 	ldr	r0, [r2, r3]
    7658:	e3a01000 	mov	r1, #0
    765c:	e58400a0 	str	r0, [r4, #160]	@ 0xa0
    7660:	e58410a4 	str	r1, [r4, #164]	@ 0xa4
    7664:	e584804c 	str	r8, [r4, #76]	@ 0x4c
    7668:	e59f0e1c 	ldr	r0, [pc, #3612]	@ 0x848c
    766c:	e1a01004 	mov	r1, r4
    7670:	e59d2000 	ldr	r2, [sp]
    7674:	e59fce14 	ldr	ip, [pc, #3604]	@ 0x8490
    7678:	e12fff3c 	blx	ip
    767c:	e3500000 	cmp	r0, #0
    7680:	1a000219 	bne	0x7eec
    7684:	e59400a0 	ldr	r0, [r4, #160]	@ 0xa0
    7688:	e1a01000 	mov	r1, r0
    768c:	e594c01c 	ldr	ip, [r4, #28]
    7690:	e28c2010 	add	r2, ip, #16
    7694:	e1500002 	cmp	r0, r2
    7698:	9a00000c 	bls	0x76d0
    769c:	e2410001 	sub	r0, r1, #1
    76a0:	e1a01000 	mov	r1, r0
    76a4:	e5952030 	ldr	r2, [r5, #48]	@ 0x30
    76a8:	e3e0c4fe 	mvn	ip, #-33554432	@ 0xfe000000
    76ac:	e3ccc8fe 	bic	ip, ip, #16646144	@ 0xfe0000
    76b0:	e150000c 	cmp	r0, ip
    76b4:	8a000209 	bhi	0x7ee0
    76b8:	e3a0e030 	mov	lr, #48	@ 0x30
    76bc:	e7c2e000 	strb	lr, [r2, r0]
    76c0:	e594c01c 	ldr	ip, [r4, #28]
    76c4:	e28c0010 	add	r0, ip, #16
    76c8:	e1510000 	cmp	r1, r0
    76cc:	8afffff2 	bhi	0x769c
    76d0:	e594c040 	ldr	ip, [r4, #64]	@ 0x40
    76d4:	e35c0009 	cmp	ip, #9
    76d8:	e3a00009 	mov	r0, #9
    76dc:	e594c040 	ldr	ip, [r4, #64]	@ 0x40
    76e0:	b1a0000c 	movlt	r0, ip
    76e4:	e584102c 	str	r1, [r4, #44]	@ 0x2c
    76e8:	e58400a8 	str	r0, [r4, #168]	@ 0xa8
    76ec:	e59f0da0 	ldr	r0, [pc, #3488]	@ 0x8494
    76f0:	e1a01004 	mov	r1, r4
    76f4:	e59d2000 	ldr	r2, [sp]
    76f8:	e59fcd98 	ldr	ip, [pc, #3480]	@ 0x8498
    76fc:	e12fff3c 	blx	ip
    7700:	e3500000 	cmp	r0, #0
    7704:	1a0001f8 	bne	0x7eec
    7708:	e594c040 	ldr	ip, [r4, #64]	@ 0x40
    770c:	e24c0009 	sub	r0, ip, #9
    7710:	e28b1004 	add	r1, fp, #4
    7714:	e1a0b001 	mov	fp, r1
    7718:	e1510007 	cmp	r1, r7
    771c:	2a000099 	bcs	0x7988
    7720:	e594c040 	ldr	ip, [r4, #64]	@ 0x40
    7724:	e35c0009 	cmp	ip, #9
    7728:	e3a01000 	mov	r1, #0
    772c:	c3a01001 	movgt	r1, #1
    7730:	e5840040 	str	r0, [r4, #64]	@ 0x40
    7734:	e3510000 	cmp	r1, #0
    7738:	1affffc0 	bne	0x7640
    773c:	ea000091 	b	0x7988
    7740:	e594c040 	ldr	ip, [r4, #64]	@ 0x40
    7744:	e35c0000 	cmp	ip, #0
    7748:	ba000071 	blt	0x7914
    774c:	e594c050 	ldr	ip, [r4, #80]	@ 0x50
    7750:	e28c1004 	add	r1, ip, #4
    7754:	e594c050 	ldr	ip, [r4, #80]	@ 0x50
    7758:	e157000c 	cmp	r7, ip
    775c:	91a07001 	movls	r7, r1
    7760:	e594c01c 	ldr	ip, [r4, #28]
    7764:	e28c1010 	add	r1, ip, #16
    7768:	e3818009 	orr	r8, r1, #9
    776c:	e5949050 	ldr	r9, [r4, #80]	@ 0x50
    7770:	e1a0a009 	mov	sl, r9
    7774:	e5953030 	ldr	r3, [r5, #48]	@ 0x30
    7778:	e59fccf0 	ldr	ip, [pc, #3312]	@ 0x8470
    777c:	e15a000c 	cmp	sl, ip
    7780:	8a0001d6 	bhi	0x7ee0
    7784:	e793100a 	ldr	r1, [r3, sl]
    7788:	e3a02000 	mov	r2, #0
    778c:	e58410a0 	str	r1, [r4, #160]	@ 0xa0
    7790:	e58420a4 	str	r2, [r4, #164]	@ 0xa4
    7794:	e584804c 	str	r8, [r4, #76]	@ 0x4c
    7798:	e59f0cfc 	ldr	r0, [pc, #3324]	@ 0x849c
    779c:	e1a01004 	mov	r1, r4
    77a0:	e59d2000 	ldr	r2, [sp]
    77a4:	e59fccf4 	ldr	ip, [pc, #3316]	@ 0x84a0
    77a8:	e12fff3c 	blx	ip
    77ac:	e3500000 	cmp	r0, #0
    77b0:	1a0001cd 	bne	0x7eec
    77b4:	e59410a0 	ldr	r1, [r4, #160]	@ 0xa0
    77b8:	e1a0a001 	mov	sl, r1
    77bc:	e1510008 	cmp	r1, r8
    77c0:	1a000008 	bne	0x77e8
    77c4:	e24a1001 	sub	r1, sl, #1
    77c8:	e1a0a001 	mov	sl, r1
    77cc:	e5952030 	ldr	r2, [r5, #48]	@ 0x30
    77d0:	e3e0c4fe 	mvn	ip, #-33554432	@ 0xfe000000
    77d4:	e3ccc8fe 	bic	ip, ip, #16646144	@ 0xfe0000
    77d8:	e151000c 	cmp	r1, ip
    77dc:	8a0001bf 	bhi	0x7ee0
    77e0:	e3a0e030 	mov	lr, #48	@ 0x30
    77e4:	e7c2e001 	strb	lr, [r2, r1]
    77e8:	e594c050 	ldr	ip, [r4, #80]	@ 0x50
    77ec:	e159000c 	cmp	r9, ip
    77f0:	0a000011 	beq	0x783c
    77f4:	e594c01c 	ldr	ip, [r4, #28]
    77f8:	e28c1010 	add	r1, ip, #16
    77fc:	e15a0001 	cmp	sl, r1
    7800:	9a00002a 	bls	0x78b0
    7804:	e24a1001 	sub	r1, sl, #1
    7808:	e1a0a001 	mov	sl, r1
    780c:	e5952030 	ldr	r2, [r5, #48]	@ 0x30
    7810:	e3e0c4fe 	mvn	ip, #-33554432	@ 0xfe000000
    7814:	e3ccc8fe 	bic	ip, ip, #16646144	@ 0xfe0000
    7818:	e151000c 	cmp	r1, ip
    781c:	8a0001af 	bhi	0x7ee0
    7820:	e3a0e030 	mov	lr, #48	@ 0x30
    7824:	e7c2e001 	strb	lr, [r2, r1]
    7828:	e594c01c 	ldr	ip, [r4, #28]
    782c:	e28c1010 	add	r1, ip, #16
    7830:	e15a0001 	cmp	sl, r1
    7834:	8afffff2 	bhi	0x7804
    7838:	ea00001c 	b	0x78b0
    783c:	e584a02c 	str	sl, [r4, #44]	@ 0x2c
    7840:	e3a0e001 	mov	lr, #1
    7844:	e584e088 	str	lr, [r4, #136]	@ 0x88
    7848:	e3a00840 	mov	r0, #64, 16	@ 0x400000
    784c:	e3800cbb 	orr	r0, r0, #47872	@ 0xbb00
    7850:	e1a01004 	mov	r1, r4
    7854:	e59d2000 	ldr	r2, [sp]
    7858:	e59fcc44 	ldr	ip, [pc, #3140]	@ 0x84a4
    785c:	e12fff3c 	blx	ip
    7860:	e3500000 	cmp	r0, #0
    7864:	1a0001a0 	bne	0x7eec
    7868:	e28aa001 	add	sl, sl, #1
    786c:	e594e05c 	ldr	lr, [r4, #92]	@ 0x5c
    7870:	e594c040 	ldr	ip, [r4, #64]	@ 0x40
    7874:	e18c100e 	orr	r1, ip, lr
    7878:	e3510000 	cmp	r1, #0
    787c:	0a00000b 	beq	0x78b0
    7880:	e3a0eb40 	mov	lr, #64, 22	@ 0x10000
    7884:	e38ee1b4 	orr	lr, lr, #180, 2	@ 0x2d
    7888:	e584e0a4 	str	lr, [r4, #164]	@ 0xa4
    788c:	e3a0e001 	mov	lr, #1
    7890:	e584e088 	str	lr, [r4, #136]	@ 0x88
    7894:	e59f0c0c 	ldr	r0, [pc, #3084]	@ 0x84a8
    7898:	e1a01004 	mov	r1, r4
    789c:	e59d2000 	ldr	r2, [sp]
    78a0:	e59fcc04 	ldr	ip, [pc, #3076]	@ 0x84ac
    78a4:	e12fff3c 	blx	ip
    78a8:	e3500000 	cmp	r0, #0
    78ac:	1a00018e 	bne	0x7eec
    78b0:	e048100a 	sub	r1, r8, sl
    78b4:	e1a0b001 	mov	fp, r1
    78b8:	e594c040 	ldr	ip, [r4, #64]	@ 0x40
    78bc:	e15c000b 	cmp	ip, fp
    78c0:	e594c040 	ldr	ip, [r4, #64]	@ 0x40
    78c4:	d1a0100c 	movle	r1, ip
    78c8:	e584a02c 	str	sl, [r4, #44]	@ 0x2c
    78cc:	e58410a8 	str	r1, [r4, #168]	@ 0xa8
    78d0:	e59f0bd8 	ldr	r0, [pc, #3032]	@ 0x84b0
    78d4:	e1a01004 	mov	r1, r4
    78d8:	e59d2000 	ldr	r2, [sp]
    78dc:	e59fcbd0 	ldr	ip, [pc, #3024]	@ 0x84b4
    78e0:	e12fff3c 	blx	ip
    78e4:	e3500000 	cmp	r0, #0
    78e8:	1a00017f 	bne	0x7eec
    78ec:	e594c040 	ldr	ip, [r4, #64]	@ 0x40
    78f0:	e04ce00b 	sub	lr, ip, fp
    78f4:	e584e040 	str	lr, [r4, #64]	@ 0x40
    78f8:	e2891004 	add	r1, r9, #4
    78fc:	e1a09001 	mov	r9, r1
    7900:	e1510007 	cmp	r1, r7
    7904:	2a000002 	bcs	0x7914
    7908:	e594c040 	ldr	ip, [r4, #64]	@ 0x40
    790c:	e37c0001 	cmn	ip, #1
    7910:	caffff96 	bgt	0x7770
    7914:	e594c040 	ldr	ip, [r4, #64]	@ 0x40
    7918:	e28c1012 	add	r1, ip, #18
    791c:	e3a0e030 	mov	lr, #48	@ 0x30
    7920:	e584e0a4 	str	lr, [r4, #164]	@ 0xa4
    7924:	e58410a8 	str	r1, [r4, #168]	@ 0xa8
    7928:	e3a0e012 	mov	lr, #18
    792c:	e584e0ac 	str	lr, [r4, #172]	@ 0xac
    7930:	e3a0e000 	mov	lr, #0
    7934:	e584e084 	str	lr, [r4, #132]	@ 0x84
    7938:	e59f0b78 	ldr	r0, [pc, #2936]	@ 0x84b8
    793c:	e1a01004 	mov	r1, r4
    7940:	e59d2000 	ldr	r2, [sp]
    7944:	e59fcb70 	ldr	ip, [pc, #2928]	@ 0x84bc
    7948:	e12fff3c 	blx	ip
    794c:	e3500000 	cmp	r0, #0
    7950:	1a000165 	bne	0x7eec
    7954:	e594e054 	ldr	lr, [r4, #84]	@ 0x54
    7958:	e594c038 	ldr	ip, [r4, #56]	@ 0x38
    795c:	e04c100e 	sub	r1, ip, lr
    7960:	e58410a8 	str	r1, [r4, #168]	@ 0xa8
    7964:	e59f0b54 	ldr	r0, [pc, #2900]	@ 0x84c0
    7968:	e1a01004 	mov	r1, r4
    796c:	e59d2000 	ldr	r2, [sp]
    7970:	e59fcb4c 	ldr	ip, [pc, #2892]	@ 0x84c4
    7974:	e12fff3c 	blx	ip
    7978:	e3500000 	cmp	r0, #0
    797c:	1a00015a 	bne	0x7eec
    7980:	ea00000f 	b	0x79c4
    7984:	e5940040 	ldr	r0, [r4, #64]	@ 0x40
    7988:	e2800009 	add	r0, r0, #9
    798c:	e3a0e030 	mov	lr, #48	@ 0x30
    7990:	e584e0a4 	str	lr, [r4, #164]	@ 0xa4
    7994:	e58400a8 	str	r0, [r4, #168]	@ 0xa8
    7998:	e3a0e009 	mov	lr, #9
    799c:	e584e0ac 	str	lr, [r4, #172]	@ 0xac
    79a0:	e3a0e000 	mov	lr, #0
    79a4:	e584e084 	str	lr, [r4, #132]	@ 0x84
    79a8:	e59f0b18 	ldr	r0, [pc, #2840]	@ 0x84c8
    79ac:	e1a01004 	mov	r1, r4
    79b0:	e59d2000 	ldr	r2, [sp]
    79b4:	e59fcb10 	ldr	ip, [pc, #2832]	@ 0x84cc
    79b8:	e12fff3c 	blx	ip
    79bc:	e3500000 	cmp	r0, #0
    79c0:	1a000149 	bne	0x7eec
    79c4:	e594c014 	ldr	ip, [r4, #20]
    79c8:	e22c0d80 	eor	r0, ip, #128, 26	@ 0x2000
    79cc:	e3a0e020 	mov	lr, #32
    79d0:	e584e0a4 	str	lr, [r4, #164]	@ 0xa4
    79d4:	e5846018 	str	r6, [r4, #24]
    79d8:	e58400b0 	str	r0, [r4, #176]	@ 0xb0
    79dc:	e59f0aec 	ldr	r0, [pc, #2796]	@ 0x84d0
    79e0:	e1a01004 	mov	r1, r4
    79e4:	e59d2000 	ldr	r2, [sp]
    79e8:	e59fcae4 	ldr	ip, [pc, #2788]	@ 0x84d4
    79ec:	e12fff3c 	blx	ip
    79f0:	e3500000 	cmp	r0, #0
    79f4:	1a00013c 	bne	0x7eec
    79f8:	e594c00c 	ldr	ip, [r4, #12]
    79fc:	e15c0006 	cmp	ip, r6
    7a00:	e594e00c 	ldr	lr, [r4, #12]
    7a04:	d1a0e006 	movle	lr, r6
    7a08:	e584e034 	str	lr, [r4, #52]	@ 0x34
    7a0c:	ea000126 	b	0x7eac
    7a10:	e594c018 	ldr	ip, [r4, #24]
    7a14:	e1a00d0c 	lsl	r0, ip, #26
    7a18:	e1a00fc0 	asr	r0, r0, #31
    7a1c:	e2000009 	and	r0, r0, #9
    7a20:	e594c028 	ldr	ip, [r4, #40]	@ 0x28
    7a24:	e08ce000 	add	lr, ip, r0
    7a28:	e584e054 	str	lr, [r4, #84]	@ 0x54
    7a2c:	e594c010 	ldr	ip, [r4, #16]
    7a30:	e35c000b 	cmp	ip, #11
    7a34:	8a00001e 	bhi	0x7ab4
    7a38:	e594c010 	ldr	ip, [r4, #16]
    7a3c:	e26c000c 	rsb	r0, ip, #12
    7a40:	e3a0c000 	mov	ip, #0
    7a44:	e3a0e9c0 	mov	lr, #192, 18	@ 0x300000
    7a48:	e38ee440 	orr	lr, lr, #64, 8	@ 0x40000000
    7a4c:	ec4eca10 	vmov	s0, s1, ip, lr
    7a50:	e3a0c000 	mov	ip, #0
    7a54:	e3a0e9c0 	mov	lr, #192, 18	@ 0x300000
    7a58:	e38ee440 	orr	lr, lr, #64, 8	@ 0x40000000
    7a5c:	ec4eca11 	vmov	s2, s3, ip, lr
    7a60:	ee200b01 	vmul.f64	d0, d0, d1
    7a64:	e2401001 	sub	r1, r0, #1
    7a68:	e1a00001 	mov	r0, r1
    7a6c:	e3510000 	cmp	r1, #0
    7a70:	1afffff6 	bne	0x7a50
    7a74:	e5942054 	ldr	r2, [r4, #84]	@ 0x54
    7a78:	e5951030 	ldr	r1, [r5, #48]	@ 0x30
    7a7c:	e3e0c4fe 	mvn	ip, #-33554432	@ 0xfe000000
    7a80:	e3ccc8fe 	bic	ip, ip, #16646144	@ 0xfe0000
    7a84:	e152000c 	cmp	r2, ip
    7a88:	8a000114 	bhi	0x7ee0
    7a8c:	e7d10002 	ldrb	r0, [r1, r2]
    7a90:	e350002d 	cmp	r0, #45	@ 0x2d
    7a94:	1a000004 	bne	0x7aac
    7a98:	eeb11b48 	vneg.f64	d1, d8
    7a9c:	ee311b40 	vsub.f64	d1, d1, d0
    7aa0:	ee301b01 	vadd.f64	d1, d0, d1
    7aa4:	eeb18b41 	vneg.f64	d8, d1
    7aa8:	ea000001 	b	0x7ab4
    7aac:	ee381b00 	vadd.f64	d1, d8, d0
    7ab0:	ee318b40 	vsub.f64	d8, d1, d0
    7ab4:	e594201c 	ldr	r2, [r4, #28]
    7ab8:	e5951030 	ldr	r1, [r5, #48]	@ 0x30
    7abc:	e292202c 	adds	r2, r2, #44	@ 0x2c
    7ac0:	2a000106 	bcs	0x7ee0
    7ac4:	e59fc9a4 	ldr	ip, [pc, #2468]	@ 0x8470
    7ac8:	e152000c 	cmp	r2, ip
    7acc:	8a000103 	bhi	0x7ee0
    7ad0:	e7910002 	ldr	r0, [r1, r2]
    7ad4:	e1a07000 	mov	r7, r0
    7ad8:	e1a01fc7 	asr	r1, r7, #31
    7adc:	e1a02001 	mov	r2, r1
    7ae0:	e0200001 	eor	r0, r0, r1
    7ae4:	e0400002 	sub	r0, r0, r2
    7ae8:	e3a01000 	mov	r1, #0
    7aec:	e58400a0 	str	r0, [r4, #160]	@ 0xa0
    7af0:	e58410a4 	str	r1, [r4, #164]	@ 0xa4
    7af4:	e59f09dc 	ldr	r0, [pc, #2524]	@ 0x84d8
    7af8:	e1a01004 	mov	r1, r4
    7afc:	e59d2000 	ldr	r2, [sp]
    7b00:	e59fc9d4 	ldr	ip, [pc, #2516]	@ 0x84dc
    7b04:	e12fff3c 	blx	ip
    7b08:	e3500000 	cmp	r0, #0
    7b0c:	1a0000f6 	bne	0x7eec
    7b10:	e59400a0 	ldr	r0, [r4, #160]	@ 0xa0
    7b14:	e1a01000 	mov	r1, r0
    7b18:	e594c038 	ldr	ip, [r4, #56]	@ 0x38
    7b1c:	e150000c 	cmp	r0, ip
    7b20:	1a000010 	bne	0x7b68
    7b24:	e2410001 	sub	r0, r1, #1
    7b28:	e1a01000 	mov	r1, r0
    7b2c:	e5952030 	ldr	r2, [r5, #48]	@ 0x30
    7b30:	e3e0c4fe 	mvn	ip, #-33554432	@ 0xfe000000
    7b34:	e3ccc8fe 	bic	ip, ip, #16646144	@ 0xfe0000
    7b38:	e150000c 	cmp	r0, ip
    7b3c:	8a0000e7 	bhi	0x7ee0
    7b40:	e3a0e030 	mov	lr, #48	@ 0x30
    7b44:	e7c2e000 	strb	lr, [r2, r0]
    7b48:	e594201c 	ldr	r2, [r4, #28]
    7b4c:	e5950030 	ldr	r0, [r5, #48]	@ 0x30
    7b50:	e292202c 	adds	r2, r2, #44	@ 0x2c
    7b54:	2a0000e1 	bcs	0x7ee0
    7b58:	e59fc910 	ldr	ip, [pc, #2320]	@ 0x8470
    7b5c:	e152000c 	cmp	r2, ip
    7b60:	8a0000de 	bhi	0x7ee0
    7b64:	e7907002 	ldr	r7, [r0, r2]
    7b68:	e594c024 	ldr	ip, [r4, #36]	@ 0x24
    7b6c:	e38c8002 	orr	r8, ip, #2
    7b70:	e594c018 	ldr	ip, [r4, #24]
    7b74:	e20c0020 	and	r0, ip, #32
    7b78:	e2412002 	sub	r2, r1, #2
    7b7c:	e5842060 	str	r2, [r4, #96]	@ 0x60
    7b80:	e594c018 	ldr	ip, [r4, #24]
    7b84:	e28c300f 	add	r3, ip, #15
    7b88:	e595a030 	ldr	sl, [r5, #48]	@ 0x30
    7b8c:	e3e0c4fe 	mvn	ip, #-33554432	@ 0xfe000000
    7b90:	e3ccc8fe 	bic	ip, ip, #16646144	@ 0xfe0000
    7b94:	e152000c 	cmp	r2, ip
    7b98:	8a0000d0 	bhi	0x7ee0
    7b9c:	e7ca3002 	strb	r3, [sl, r2]
    7ba0:	e2411001 	sub	r1, r1, #1
    7ba4:	e3570000 	cmp	r7, #0
    7ba8:	e3a0202d 	mov	r2, #45	@ 0x2d
    7bac:	a3a0202b 	movge	r2, #43	@ 0x2b
    7bb0:	e5953030 	ldr	r3, [r5, #48]	@ 0x30
    7bb4:	e3e0c4fe 	mvn	ip, #-33554432	@ 0xfe000000
    7bb8:	e3ccc8fe 	bic	ip, ip, #16646144	@ 0xfe0000
    7bbc:	e151000c 	cmp	r1, ip
    7bc0:	8a0000c6 	bhi	0x7ee0
    7bc4:	e7c32001 	strb	r2, [r3, r1]
    7bc8:	e594c010 	ldr	ip, [r4, #16]
    7bcc:	e35c0001 	cmp	ip, #1
    7bd0:	e3a01000 	mov	r1, #0
    7bd4:	b3a01001 	movlt	r1, #1
    7bd8:	e594c014 	ldr	ip, [r4, #20]
    7bdc:	e20c2008 	and	r2, ip, #8
    7be0:	e3520000 	cmp	r2, #0
    7be4:	e3a02000 	mov	r2, #0
    7be8:	03a02001 	moveq	r2, #1
    7bec:	e0011002 	and	r1, r1, r2
    7bf0:	e594c01c 	ldr	ip, [r4, #28]
    7bf4:	e28c2010 	add	r2, ip, #16
    7bf8:	e1a03002 	mov	r3, r2
    7bfc:	e1a07003 	mov	r7, r3
    7c00:	eebd7bc8 	vcvt.s32.f64	s14, d8
    7c04:	ee17aa10 	vmov	sl, s14
    7c08:	e1a0b00a 	mov	fp, sl
    7c0c:	e28aab40 	add	sl, sl, #64, 22	@ 0x10000
    7c10:	e28aaf90 	add	sl, sl, #144, 30	@ 0x240
    7c14:	e1a0600a 	mov	r6, sl
    7c18:	e5959030 	ldr	r9, [r5, #48]	@ 0x30
    7c1c:	e3e0c4fe 	mvn	ip, #-33554432	@ 0xfe000000
    7c20:	e3ccc8fe 	bic	ip, ip, #16646144	@ 0xfe0000
    7c24:	e156000c 	cmp	r6, ip
    7c28:	8a0000ac 	bhi	0x7ee0
    7c2c:	e7d9a006 	ldrb	sl, [r9, r6]
    7c30:	e18aa000 	orr	sl, sl, r0
    7c34:	e5956030 	ldr	r6, [r5, #48]	@ 0x30
    7c38:	e3e0c4fe 	mvn	ip, #-33554432	@ 0xfe000000
    7c3c:	e3ccc8fe 	bic	ip, ip, #16646144	@ 0xfe0000
    7c40:	e153000c 	cmp	r3, ip
    7c44:	8a0000a5 	bhi	0x7ee0
    7c48:	e7c6a003 	strb	sl, [r6, r3]
    7c4c:	ee07ba10 	vmov	s14, fp
    7c50:	eeb80bc7 	vcvt.f64.s32	d0, s14
    7c54:	ee380b40 	vsub.f64	d0, d8, d0
    7c58:	e3a0c000 	mov	ip, #0
    7c5c:	e3a0e9c0 	mov	lr, #192, 18	@ 0x300000
    7c60:	e38ee440 	orr	lr, lr, #64, 8	@ 0x40000000
    7c64:	ec4eca11 	vmov	s2, s3, ip, lr
    7c68:	ee208b01 	vmul.f64	d8, d0, d1
    7c6c:	e2873001 	add	r3, r7, #1
    7c70:	e1a02003 	mov	r2, r3
    7c74:	e594c01c 	ldr	ip, [r4, #28]
    7c78:	e28c6010 	add	r6, ip, #16
    7c7c:	e0433006 	sub	r3, r3, r6
    7c80:	e3530001 	cmp	r3, #1
    7c84:	1a000012 	bne	0x7cd4
    7c88:	e3a0c000 	mov	ip, #0
    7c8c:	ec4cca10 	vmov	s0, s1, ip, ip
    7c90:	eeb48b40 	vcmp.f64	d8, d0
    7c94:	eef1fa10 	vmrs	APSR_nzcv, fpscr
    7c98:	e3a03000 	mov	r3, #0
    7c9c:	03a03001 	moveq	r3, #1
    7ca0:	e1130001 	tst	r3, r1
    7ca4:	1a00000a 	bne	0x7cd4
    7ca8:	e1a06007 	mov	r6, r7
    7cac:	e5953030 	ldr	r3, [r5, #48]	@ 0x30
    7cb0:	e2966001 	adds	r6, r6, #1
    7cb4:	2a000089 	bcs	0x7ee0
    7cb8:	e3e0c4fe 	mvn	ip, #-33554432	@ 0xfe000000
    7cbc:	e3ccc8fe 	bic	ip, ip, #16646144	@ 0xfe0000
    7cc0:	e156000c 	cmp	r6, ip
    7cc4:	8a000085 	bhi	0x7ee0
    7cc8:	e3a0e02e 	mov	lr, #46	@ 0x2e
    7ccc:	e7c3e006 	strb	lr, [r3, r6]
    7cd0:	e2872002 	add	r2, r7, #2
    7cd4:	e3a0c000 	mov	ip, #0
    7cd8:	ec4cca10 	vmov	s0, s1, ip, ip
    7cdc:	eeb48b40 	vcmp.f64	d8, d0
    7ce0:	eef1fa10 	vmrs	APSR_nzcv, fpscr
    7ce4:	1affffc3 	bne	0x7bf8
    7ce8:	e3e0e000 	mvn	lr, #0
    7cec:	e584e034 	str	lr, [r4, #52]	@ 0x34
    7cf0:	e594e060 	ldr	lr, [r4, #96]	@ 0x60
    7cf4:	e594c038 	ldr	ip, [r4, #56]	@ 0x38
    7cf8:	e04c000e 	sub	r0, ip, lr
    7cfc:	e1a06000 	mov	r6, r0
    7d00:	e0880000 	add	r0, r8, r0
    7d04:	e1a01000 	mov	r1, r0
    7d08:	e3e0c3a0 	mvn	ip, #160, 6	@ 0x80000002
    7d0c:	e04c0000 	sub	r0, ip, r0
    7d10:	e594c010 	ldr	ip, [r4, #16]
    7d14:	e15c0000 	cmp	ip, r0
    7d18:	ca000063 	bgt	0x7eac
    7d1c:	e594c010 	ldr	ip, [r4, #16]
    7d20:	e28c0002 	add	r0, ip, #2
    7d24:	e594c01c 	ldr	ip, [r4, #28]
    7d28:	e28c3010 	add	r3, ip, #16
    7d2c:	e0422003 	sub	r2, r2, r3
    7d30:	e1a07002 	mov	r7, r2
    7d34:	e2473002 	sub	r3, r7, #2
    7d38:	e594c010 	ldr	ip, [r4, #16]
    7d3c:	e153000c 	cmp	r3, ip
    7d40:	a1a00002 	movge	r0, r2
    7d44:	e594c010 	ldr	ip, [r4, #16]
    7d48:	e35c0000 	cmp	ip, #0
    7d4c:	01a00007 	moveq	r0, r7
    7d50:	e1a09000 	mov	r9, r0
    7d54:	e0811000 	add	r1, r1, r0
    7d58:	e1a0a001 	mov	sl, r1
    7d5c:	e3a0e020 	mov	lr, #32
    7d60:	e584e0a4 	str	lr, [r4, #164]	@ 0xa4
    7d64:	e58410ac 	str	r1, [r4, #172]	@ 0xac
    7d68:	e59f0770 	ldr	r0, [pc, #1904]	@ 0x84e0
    7d6c:	e1a01004 	mov	r1, r4
    7d70:	e59d2000 	ldr	r2, [sp]
    7d74:	e59fc768 	ldr	ip, [pc, #1896]	@ 0x84e4
    7d78:	e12fff3c 	blx	ip
    7d7c:	e3500000 	cmp	r0, #0
    7d80:	1a000059 	bne	0x7eec
    7d84:	e584805c 	str	r8, [r4, #92]	@ 0x5c
    7d88:	e3a00840 	mov	r0, #64, 16	@ 0x400000
    7d8c:	e3800cc3 	orr	r0, r0, #49920	@ 0xc300
    7d90:	e1a01004 	mov	r1, r4
    7d94:	e59d2000 	ldr	r2, [sp]
    7d98:	e59fc748 	ldr	ip, [pc, #1864]	@ 0x84e8
    7d9c:	e12fff3c 	blx	ip
    7da0:	e3500000 	cmp	r0, #0
    7da4:	1a000050 	bne	0x7eec
    7da8:	e594c014 	ldr	ip, [r4, #20]
    7dac:	e22c0b40 	eor	r0, ip, #64, 22	@ 0x10000
    7db0:	e3a0e030 	mov	lr, #48	@ 0x30
    7db4:	e584e0a4 	str	lr, [r4, #164]	@ 0xa4
    7db8:	e584a030 	str	sl, [r4, #48]	@ 0x30
    7dbc:	e58400b0 	str	r0, [r4, #176]	@ 0xb0
    7dc0:	e59f0724 	ldr	r0, [pc, #1828]	@ 0x84ec
    7dc4:	e1a01004 	mov	r1, r4
    7dc8:	e59d2000 	ldr	r2, [sp]
    7dcc:	e59fc71c 	ldr	ip, [pc, #1820]	@ 0x84f0
    7dd0:	e12fff3c 	blx	ip
    7dd4:	e3500000 	cmp	r0, #0
    7dd8:	1a000043 	bne	0x7eec
    7ddc:	e594c01c 	ldr	ip, [r4, #28]
    7de0:	e28c0010 	add	r0, ip, #16
    7de4:	e58400a4 	str	r0, [r4, #164]	@ 0xa4
    7de8:	e584702c 	str	r7, [r4, #44]	@ 0x2c
    7dec:	e59f0700 	ldr	r0, [pc, #1792]	@ 0x84f4
    7df0:	e1a01004 	mov	r1, r4
    7df4:	e59d2000 	ldr	r2, [sp]
    7df8:	e59fc6f8 	ldr	ip, [pc, #1784]	@ 0x84f8
    7dfc:	e12fff3c 	blx	ip
    7e00:	e3500000 	cmp	r0, #0
    7e04:	1a000038 	bne	0x7eec
    7e08:	e0499007 	sub	r9, r9, r7
    7e0c:	e3a0e030 	mov	lr, #48	@ 0x30
    7e10:	e584e0a4 	str	lr, [r4, #164]	@ 0xa4
    7e14:	e58490a8 	str	r9, [r4, #168]	@ 0xa8
    7e18:	e3a0e000 	mov	lr, #0
    7e1c:	e584e084 	str	lr, [r4, #132]	@ 0x84
    7e20:	e3a0e000 	mov	lr, #0
    7e24:	e584e084 	str	lr, [r4, #132]	@ 0x84
    7e28:	e59f06cc 	ldr	r0, [pc, #1740]	@ 0x84fc
    7e2c:	e1a01004 	mov	r1, r4
    7e30:	e59d2000 	ldr	r2, [sp]
    7e34:	e59fc6c4 	ldr	ip, [pc, #1732]	@ 0x8500
    7e38:	e12fff3c 	blx	ip
    7e3c:	e3500000 	cmp	r0, #0
    7e40:	1a000029 	bne	0x7eec
    7e44:	e5846050 	str	r6, [r4, #80]	@ 0x50
    7e48:	e59f06b4 	ldr	r0, [pc, #1716]	@ 0x8504
    7e4c:	e1a01004 	mov	r1, r4
    7e50:	e59d2000 	ldr	r2, [sp]
    7e54:	e59fc6ac 	ldr	ip, [pc, #1708]	@ 0x8508
    7e58:	e12fff3c 	blx	ip
    7e5c:	e3500000 	cmp	r0, #0
    7e60:	1a000021 	bne	0x7eec
    7e64:	e594c014 	ldr	ip, [r4, #20]
    7e68:	e22c0d80 	eor	r0, ip, #128, 26	@ 0x2000
    7e6c:	e3a0e020 	mov	lr, #32
    7e70:	e584e0a4 	str	lr, [r4, #164]	@ 0xa4
    7e74:	e584a030 	str	sl, [r4, #48]	@ 0x30
    7e78:	e58400b0 	str	r0, [r4, #176]	@ 0xb0
    7e7c:	e59f0688 	ldr	r0, [pc, #1672]	@ 0x850c
    7e80:	e1a01004 	mov	r1, r4
    7e84:	e59d2000 	ldr	r2, [sp]
    7e88:	e59fc680 	ldr	ip, [pc, #1664]	@ 0x8510
    7e8c:	e12fff3c 	blx	ip
    7e90:	e3500000 	cmp	r0, #0
    7e94:	1a000014 	bne	0x7eec
    7e98:	e594c00c 	ldr	ip, [r4, #12]
    7e9c:	e15c000a 	cmp	ip, sl
    7ea0:	e594e00c 	ldr	lr, [r4, #12]
    7ea4:	d1a0e00a 	movle	lr, sl
    7ea8:	e584e034 	str	lr, [r4, #52]	@ 0x34
    7eac:	e594c01c 	ldr	ip, [r4, #28]
    7eb0:	e28c0f8c 	add	r0, ip, #140, 30	@ 0x230
    7eb4:	e595103c 	ldr	r1, [r5, #60]	@ 0x3c
    7eb8:	e5810008 	str	r0, [r1, #8]
    7ebc:	e59f0650 	ldr	r0, [pc, #1616]	@ 0x8514
    7ec0:	e30ccabc 	movw	ip, #51900	@ 0xcabc
    7ec4:	e34ccdef 	movt	ip, #52719	@ 0xcdef
    7ec8:	e28dd018 	add	sp, sp, #24
    7ecc:	ecbd8b02 	vpop	{d8}
    7ed0:	e28dd004 	add	sp, sp, #4
    7ed4:	e8bd8fc0 	pop	{r6, r7, r8, r9, sl, fp, pc}
    7ed8:	e3a00003 	mov	r0, #3
    7edc:	ea000000 	b	0x7ee4
    7ee0:	e3a00008 	mov	r0, #8
    7ee4:	e59d1000 	ldr	r1, [sp]
    7ee8:	e5810010 	str	r0, [r1, #16]
    7eec:	e59d0000 	ldr	r0, [sp]
    7ef0:	e59d103c 	ldr	r1, [sp, #60]	@ 0x3c
    7ef4:	e59fc61c 	ldr	ip, [pc, #1564]	@ 0x8518
    7ef8:	e12fff3c 	blx	ip
    7efc:	e28dd018 	add	sp, sp, #24
    7f00:	ecbd8b02 	vpop	{d8}
    7f04:	e28dd004 	add	sp, sp, #4
    7f08:	e8bd0fc0 	pop	{r6, r7, r8, r9, sl, fp}
    7f0c:	e28dd004 	add	sp, sp, #4
    7f10:	e12fff10 	bx	r0
    7f14:	e92d41c0 	push	{r6, r7, r8, lr}
    7f18:	e24dd008 	sub	sp, sp, #8
    7f1c:	e58d0000 	str	r0, [sp]
    7f20:	e30cc123 	movw	ip, #49443	@ 0xc123
    7f24:	e34cc456 	movt	ip, #50262	@ 0xc456
    7f28:	e5946000 	ldr	r6, [r4]
    7f2c:	e5940004 	ldr	r0, [r4, #4]
    7f30:	e1a03000 	mov	r3, r0
    7f34:	e5952030 	ldr	r2, [r5, #48]	@ 0x30
    7f38:	e59fc530 	ldr	ip, [pc, #1328]	@ 0x8470
    7f3c:	e153000c 	cmp	r3, ip
    7f40:	8a000034 	bhi	0x8018
    7f44:	e7921003 	ldr	r1, [r2, r3]
    7f48:	e2811007 	add	r1, r1, #7
    7f4c:	e3c11007 	bic	r1, r1, #7
    7f50:	e1a02001 	mov	r2, r1
    7f54:	e2811010 	add	r1, r1, #16
    7f58:	e5953030 	ldr	r3, [r5, #48]	@ 0x30
    7f5c:	e59fc50c 	ldr	ip, [pc, #1292]	@ 0x8470
    7f60:	e150000c 	cmp	r0, ip
    7f64:	8a00002b 	bhi	0x8018
    7f68:	e7831000 	str	r1, [r3, r0]
    7f6c:	e1a07002 	mov	r7, r2
    7f70:	e5953030 	ldr	r3, [r5, #48]	@ 0x30
    7f74:	e59fc5a0 	ldr	ip, [pc, #1440]	@ 0x851c
    7f78:	e157000c 	cmp	r7, ip
    7f7c:	8a000025 	bhi	0x8018
    7f80:	e083c007 	add	ip, r3, r7
    7f84:	e59c0000 	ldr	r0, [ip]
    7f88:	e59c1004 	ldr	r1, [ip, #4]
    7f8c:	e5958030 	ldr	r8, [r5, #48]	@ 0x30
    7f90:	e2922008 	adds	r2, r2, #8
    7f94:	2a00001f 	bcs	0x8018
    7f98:	e59fc57c 	ldr	ip, [pc, #1404]	@ 0x851c
    7f9c:	e152000c 	cmp	r2, ip
    7fa0:	8a00001c 	bhi	0x8018
    7fa4:	e088c002 	add	ip, r8, r2
    7fa8:	e59c3000 	ldr	r3, [ip]
    7fac:	e59c7004 	ldr	r7, [ip, #4]
    7fb0:	e584001c 	str	r0, [r4, #28]
    7fb4:	e5841020 	str	r1, [r4, #32]
    7fb8:	e5843024 	str	r3, [r4, #36]	@ 0x24
    7fbc:	e5847028 	str	r7, [r4, #40]	@ 0x28
    7fc0:	e59f0558 	ldr	r0, [pc, #1368]	@ 0x8520
    7fc4:	e1a01004 	mov	r1, r4
    7fc8:	e59d2000 	ldr	r2, [sp]
    7fcc:	e59fc550 	ldr	ip, [pc, #1360]	@ 0x8524
    7fd0:	e12fff3c 	blx	ip
    7fd4:	e3500000 	cmp	r0, #0
    7fd8:	1a000011 	bne	0x8024
    7fdc:	ed940b07 	vldr	d0, [r4, #28]
    7fe0:	e5950030 	ldr	r0, [r5, #48]	@ 0x30
    7fe4:	e59fc530 	ldr	ip, [pc, #1328]	@ 0x851c
    7fe8:	e156000c 	cmp	r6, ip
    7fec:	8a000009 	bhi	0x8018
    7ff0:	ee10ea10 	vmov	lr, s0
    7ff4:	e080c006 	add	ip, r0, r6
    7ff8:	e58ce000 	str	lr, [ip]
    7ffc:	ee10ea90 	vmov	lr, s1
    8000:	e58ce004 	str	lr, [ip, #4]
    8004:	e59f051c 	ldr	r0, [pc, #1308]	@ 0x8528
    8008:	e30ccabc 	movw	ip, #51900	@ 0xcabc
    800c:	e34ccdef 	movt	ip, #52719	@ 0xcdef
    8010:	e28dd008 	add	sp, sp, #8
    8014:	e8bd81c0 	pop	{r6, r7, r8, pc}
    8018:	e3a00008 	mov	r0, #8
    801c:	e59d1000 	ldr	r1, [sp]
    8020:	e5810010 	str	r0, [r1, #16]
    8024:	e59d0000 	ldr	r0, [sp]
    8028:	e59d1014 	ldr	r1, [sp, #20]
    802c:	e59fc4f8 	ldr	ip, [pc, #1272]	@ 0x852c
    8030:	e12fff3c 	blx	ip
    8034:	e28dd008 	add	sp, sp, #8
    8038:	e8bd01c0 	pop	{r6, r7, r8}
    803c:	e28dd004 	add	sp, sp, #4
    8040:	e12fff10 	bx	r0
    8044:	e52de004 	push	{lr}		@ (str lr, [sp, #-4]!)
    8048:	e24dd004 	sub	sp, sp, #4
    804c:	e58d0000 	str	r0, [sp]
    8050:	e30cc123 	movw	ip, #49443	@ 0xc123
    8054:	e34cc456 	movt	ip, #50262	@ 0xc456
    8058:	ed940b00 	vldr	d0, [r4]
    805c:	ec510a10 	vmov	r0, r1, s0, s1
    8060:	e5840008 	str	r0, [r4, #8]
    8064:	e584100c 	str	r1, [r4, #12]
    8068:	e3a00840 	mov	r0, #64, 16	@ 0x400000
    806c:	e3800dea 	orr	r0, r0, #14976	@ 0x3a80
    8070:	e30ccabc 	movw	ip, #51900	@ 0xcabc
    8074:	e34ccdef 	movt	ip, #52719	@ 0xcdef
    8078:	e28dd004 	add	sp, sp, #4
    807c:	e49df004 	pop	{pc}		@ (ldr pc, [sp], #4)
    8080:	e92d4040 	push	{r6, lr}
    8084:	e24dd008 	sub	sp, sp, #8
    8088:	e58d0000 	str	r0, [sp]
    808c:	e30cc123 	movw	ip, #49443	@ 0xc123
    8090:	e34cc456 	movt	ip, #50262	@ 0xc456
    8094:	e5946000 	ldr	r6, [r4]
    8098:	e3560000 	cmp	r6, #0
    809c:	1a000003 	bne	0x80b0
    80a0:	e3a0e000 	mov	lr, #0
    80a4:	e584e004 	str	lr, [r4, #4]
    80a8:	e59f0480 	ldr	r0, [pc, #1152]	@ 0x8530
    80ac:	ea000011 	b	0x80f8
    80b0:	e59f047c 	ldr	r0, [pc, #1148]	@ 0x8534
    80b4:	e1a01004 	mov	r1, r4
    80b8:	e59d2000 	ldr	r2, [sp]
    80bc:	e59fc474 	ldr	ip, [pc, #1140]	@ 0x8538
    80c0:	e12fff3c 	blx	ip
    80c4:	e3500000 	cmp	r0, #0
    80c8:	1a00000f 	bne	0x810c
    80cc:	e594000c 	ldr	r0, [r4, #12]
    80d0:	e5951030 	ldr	r1, [r5, #48]	@ 0x30
    80d4:	e59fc394 	ldr	ip, [pc, #916]	@ 0x8470
    80d8:	e150000c 	cmp	r0, ip
    80dc:	8a000007 	bhi	0x8100
    80e0:	e7816000 	str	r6, [r1, r0]
    80e4:	e3e0e000 	mvn	lr, #0
    80e8:	e584e008 	str	lr, [r4, #8]
    80ec:	e59f0448 	ldr	r0, [pc, #1096]	@ 0x853c
    80f0:	e30ccabc 	movw	ip, #51900	@ 0xcabc
    80f4:	e34ccdef 	movt	ip, #52719	@ 0xcdef
    80f8:	e28dd008 	add	sp, sp, #8
    80fc:	e8bd8040 	pop	{r6, pc}
    8100:	e3a00008 	mov	r0, #8
    8104:	e59d1000 	ldr	r1, [sp]
    8108:	e5810010 	str	r0, [r1, #16]
    810c:	e59d0000 	ldr	r0, [sp]
    8110:	e59d100c 	ldr	r1, [sp, #12]
    8114:	e59fc424 	ldr	ip, [pc, #1060]	@ 0x8540
    8118:	e12fff3c 	blx	ip
    811c:	e59d6008 	ldr	r6, [sp, #8]
    8120:	e28dd010 	add	sp, sp, #16
    8124:	e12fff10 	bx	r0
    8128:	e52de004 	push	{lr}		@ (str lr, [sp, #-4]!)
    812c:	e24dd004 	sub	sp, sp, #4
    8130:	e58d0000 	str	r0, [sp]
    8134:	e30cc123 	movw	ip, #49443	@ 0xc123
    8138:	e34cc456 	movt	ip, #50262	@ 0xc456
    813c:	e3a0e02a 	mov	lr, #42	@ 0x2a
    8140:	e584e000 	str	lr, [r4]
    8144:	e3a00840 	mov	r0, #64, 16	@ 0x400000
    8148:	e3800170 	orr	r0, r0, #112, 2
    814c:	e30ccabc 	movw	ip, #51900	@ 0xcabc
    8150:	e34ccdef 	movt	ip, #52719	@ 0xcdef
    8154:	e28dd004 	add	sp, sp, #4
    8158:	e49df004 	pop	{pc}		@ (ldr pc, [sp], #4)
    815c:	e52de004 	push	{lr}		@ (str lr, [sp, #-4]!)
    8160:	e24dd004 	sub	sp, sp, #4
    8164:	e58d0000 	str	r0, [sp]
    8168:	e30cc123 	movw	ip, #49443	@ 0xc123
    816c:	e34cc456 	movt	ip, #50262	@ 0xc456
    8170:	e59f03cc 	ldr	r0, [pc, #972]	@ 0x8544
    8174:	e1a01004 	mov	r1, r4
    8178:	e59d2000 	ldr	r2, [sp]
    817c:	e59fc3c4 	ldr	ip, [pc, #964]	@ 0x8548
    8180:	e12fff3c 	blx	ip
    8184:	e3500000 	cmp	r0, #0
    8188:	1a000006 	bne	0x81a8
    818c:	e5940000 	ldr	r0, [r4]
    8190:	e5840000 	str	r0, [r4]
    8194:	e59f03b0 	ldr	r0, [pc, #944]	@ 0x854c
    8198:	e30ccabc 	movw	ip, #51900	@ 0xcabc
    819c:	e34ccdef 	movt	ip, #52719	@ 0xcdef
    81a0:	e28dd004 	add	sp, sp, #4
    81a4:	e49df004 	pop	{pc}		@ (ldr pc, [sp], #4)
    81a8:	e59d0000 	ldr	r0, [sp]
    81ac:	e59d1004 	ldr	r1, [sp, #4]
    81b0:	e59fc398 	ldr	ip, [pc, #920]	@ 0x8550
    81b4:	e12fff3c 	blx	ip
    81b8:	e28dd008 	add	sp, sp, #8
    81bc:	e12fff10 	bx	r0
    81c0:	e52de004 	push	{lr}		@ (str lr, [sp, #-4]!)
    81c4:	e24dd004 	sub	sp, sp, #4
    81c8:	e58d0000 	str	r0, [sp]
    81cc:	e30cc123 	movw	ip, #49443	@ 0xc123
    81d0:	e34cc456 	movt	ip, #50262	@ 0xc456
    81d4:	e3a0eb44 	mov	lr, #68, 22	@ 0x11000
    81d8:	e38ee090 	orr	lr, lr, #144	@ 0x90
    81dc:	e584e000 	str	lr, [r4]
    81e0:	e59f036c 	ldr	r0, [pc, #876]	@ 0x8554
    81e4:	e30ccabc 	movw	ip, #51900	@ 0xcabc
    81e8:	e34ccdef 	movt	ip, #52719	@ 0xcdef
    81ec:	e28dd004 	add	sp, sp, #4
    81f0:	e49df004 	pop	{pc}		@ (ldr pc, [sp], #4)
    81f4:	e52de004 	push	{lr}		@ (str lr, [sp, #-4]!)
    81f8:	e24dd004 	sub	sp, sp, #4
    81fc:	e58d0000 	str	r0, [sp]
    8200:	e30cc123 	movw	ip, #49443	@ 0xc123
    8204:	e34cc456 	movt	ip, #50262	@ 0xc456
    8208:	e5950030 	ldr	r0, [r5, #48]	@ 0x30
    820c:	e3a0eb44 	mov	lr, #68, 22	@ 0x11000
    8210:	e38ee078 	orr	lr, lr, #120	@ 0x78
    8214:	e280cb48 	add	ip, r0, #72, 22	@ 0x12000
    8218:	e50cef10 	str	lr, [ip, #-3856]	@ 0xfffff0f0
    821c:	e59f0334 	ldr	r0, [pc, #820]	@ 0x8558
    8220:	e1a01004 	mov	r1, r4
    8224:	e59d2000 	ldr	r2, [sp]
    8228:	e59fc32c 	ldr	ip, [pc, #812]	@ 0x855c
    822c:	e12fff3c 	blx	ip
    8230:	e3500000 	cmp	r0, #0
    8234:	1a000017 	bne	0x8298
    8238:	e5940010 	ldr	r0, [r4, #16]
    823c:	e3a0cb40 	mov	ip, #64, 22	@ 0x10000
    8240:	e24c1000 	sub	r1, ip, #0
    8244:	e5952030 	ldr	r2, [r5, #48]	@ 0x30
    8248:	e282cb48 	add	ip, r2, #72, 22	@ 0x12000
    824c:	e50c1f38 	str	r1, [ip, #-3896]	@ 0xfffff0c8
    8250:	e5951030 	ldr	r1, [r5, #48]	@ 0x30
    8254:	e3a0eb40 	mov	lr, #64, 22	@ 0x10000
    8258:	e281cb48 	add	ip, r1, #72, 22	@ 0x12000
    825c:	e50cef3c 	str	lr, [ip, #-3900]	@ 0xfffff0c4
    8260:	e5951030 	ldr	r1, [r5, #48]	@ 0x30
    8264:	e281cb48 	add	ip, r1, #72, 22	@ 0x12000
    8268:	e50c0f58 	str	r0, [ip, #-3928]	@ 0xfffff0a8
    826c:	e5951030 	ldr	r1, [r5, #48]	@ 0x30
    8270:	e281cb40 	add	ip, r1, #64, 22	@ 0x10000
    8274:	e59c0b8c 	ldr	r0, [ip, #2956]	@ 0xb8c
    8278:	e5951030 	ldr	r1, [r5, #48]	@ 0x30
    827c:	e281cb48 	add	ip, r1, #72, 22	@ 0x12000
    8280:	e50c0f34 	str	r0, [ip, #-3892]	@ 0xfffff0cc
    8284:	e59f02d4 	ldr	r0, [pc, #724]	@ 0x8560
    8288:	e30ccabc 	movw	ip, #51900	@ 0xcabc
    828c:	e34ccdef 	movt	ip, #52719	@ 0xcdef
    8290:	e28dd004 	add	sp, sp, #4
    8294:	e49df004 	pop	{pc}		@ (ldr pc, [sp], #4)
    8298:	e59d0000 	ldr	r0, [sp]
    829c:	e59d1004 	ldr	r1, [sp, #4]
    82a0:	e59fc2bc 	ldr	ip, [pc, #700]	@ 0x8564
    82a4:	e12fff3c 	blx	ip
    82a8:	e28dd008 	add	sp, sp, #8
    82ac:	e12fff10 	bx	r0
    82b0:	e92d40c0 	push	{r6, r7, lr}
    82b4:	e24dd004 	sub	sp, sp, #4
    82b8:	e58d0000 	str	r0, [sp]
    82bc:	e30cc123 	movw	ip, #49443	@ 0xc123
    82c0:	e34cc456 	movt	ip, #50262	@ 0xc456
    82c4:	e5946000 	ldr	r6, [r4]
    82c8:	e5947004 	ldr	r7, [r4, #4]
    82cc:	e3a00001 	mov	r0, #1
    82d0:	e3560000 	cmp	r6, #0
    82d4:	0a000109 	beq	0x8700
    82d8:	e357007f 	cmp	r7, #127	@ 0x7f
    82dc:	9a00010a 	bls	0x870c
    82e0:	e59f0280 	ldr	r0, [pc, #640]	@ 0x8568
    82e4:	e1a01004 	mov	r1, r4
    82e8:	e59d2000 	ldr	r2, [sp]
    82ec:	e59fc278 	ldr	ip, [pc, #632]	@ 0x856c
    82f0:	e12fff3c 	blx	ip
    82f4:	e3500000 	cmp	r0, #0
    82f8:	1a000113 	bne	0x874c
    82fc:	e5941028 	ldr	r1, [r4, #40]	@ 0x28
    8300:	e1a03001 	mov	r3, r1
    8304:	e5952030 	ldr	r2, [r5, #48]	@ 0x30
    8308:	e2933060 	adds	r3, r3, #96	@ 0x60
    830c:	2a00010b 	bcs	0x8740
    8310:	e59fc158 	ldr	ip, [pc, #344]	@ 0x8470
    8314:	e153000c 	cmp	r3, ip
    8318:	8a000108 	bhi	0x8740
    831c:	e7921003 	ldr	r1, [r2, r3]
    8320:	e1a03001 	mov	r3, r1
    8324:	e5952030 	ldr	r2, [r5, #48]	@ 0x30
    8328:	e59fc140 	ldr	ip, [pc, #320]	@ 0x8470
    832c:	e153000c 	cmp	r3, ip
    8330:	8a000102 	bhi	0x8740
    8334:	e7921003 	ldr	r1, [r2, r3]
    8338:	e3510000 	cmp	r1, #0
    833c:	1a000013 	bne	0x8390
    8340:	e3c7107f 	bic	r1, r7, #127	@ 0x7f
    8344:	e3a0ccdf 	mov	ip, #57088	@ 0xdf00
    8348:	e38cc080 	orr	ip, ip, #128	@ 0x80
    834c:	e151000c 	cmp	r1, ip
    8350:	0a0000ed 	beq	0x870c
    8354:	e59f0214 	ldr	r0, [pc, #532]	@ 0x8570
    8358:	e1a01004 	mov	r1, r4
    835c:	e59d2000 	ldr	r2, [sp]
    8360:	e59fc20c 	ldr	ip, [pc, #524]	@ 0x8574
    8364:	e12fff3c 	blx	ip
    8368:	e3500000 	cmp	r0, #0
    836c:	1a0000f6 	bne	0x874c
    8370:	e5941028 	ldr	r1, [r4, #40]	@ 0x28
    8374:	e5952030 	ldr	r2, [r5, #48]	@ 0x30
    8378:	e59fc0f0 	ldr	ip, [pc, #240]	@ 0x8470
    837c:	e151000c 	cmp	r1, ip
    8380:	8a0000ee 	bhi	0x8740
    8384:	e3a0e019 	mov	lr, #25
    8388:	e782e001 	str	lr, [r2, r1]
    838c:	ea0000da 	b	0x86fc
    8390:	e3a0cc07 	mov	ip, #1792	@ 0x700
    8394:	e38cc0ff 	orr	ip, ip, #255	@ 0xff
    8398:	e157000c 	cmp	r7, ip
    839c:	8a000017 	bhi	0x8400
    83a0:	e207103f 	and	r1, r7, #63	@ 0x3f
    83a4:	e3811080 	orr	r1, r1, #128	@ 0x80
    83a8:	e1a03006 	mov	r3, r6
    83ac:	e5952030 	ldr	r2, [r5, #48]	@ 0x30
    83b0:	e2933001 	adds	r3, r3, #1
    83b4:	2a0000e1 	bcs	0x8740
    83b8:	e3e0c4fe 	mvn	ip, #-33554432	@ 0xfe000000
    83bc:	e3ccc8fe 	bic	ip, ip, #16646144	@ 0xfe0000
    83c0:	e153000c 	cmp	r3, ip
    83c4:	8a0000dd 	bhi	0x8740
    83c8:	e7c21003 	strb	r1, [r2, r3]
    83cc:	e1a01327 	lsr	r1, r7, #6
    83d0:	e38110c0 	orr	r1, r1, #192	@ 0xc0
    83d4:	e1a03006 	mov	r3, r6
    83d8:	e5952030 	ldr	r2, [r5, #48]	@ 0x30
    83dc:	e3e0c4fe 	mvn	ip, #-33554432	@ 0xfe000000
    83e0:	e3ccc8fe 	bic	ip, ip, #16646144	@ 0xfe0000
    83e4:	e153000c 	cmp	r3, ip
    83e8:	8a0000d4 	bhi	0x8740
    83ec:	e7c21003 	strb	r1, [r2, r3]
    83f0:	e3a0e002 	mov	lr, #2
    83f4:	e584e028 	str	lr, [r4, #40]	@ 0x28
    83f8:	e59f0178 	ldr	r0, [pc, #376]	@ 0x8578
    83fc:	ea0000cd 	b	0x8738
    8400:	e3570cd8 	cmp	r7, #216, 24	@ 0xd800
    8404:	3a000004 	bcc	0x841c
    8408:	e3e0cc1f 	mvn	ip, #7936	@ 0x1f00
    840c:	e3ccc0ff 	bic	ip, ip, #255	@ 0xff
    8410:	e007100c 	and	r1, r7, ip
    8414:	e3510ce0 	cmp	r1, #224, 24	@ 0xe000
    8418:	1a000074 	bne	0x85f0
    841c:	e207103f 	and	r1, r7, #63	@ 0x3f
    8420:	e3811080 	orr	r1, r1, #128	@ 0x80
    8424:	e1a03006 	mov	r3, r6
    8428:	e5952030 	ldr	r2, [r5, #48]	@ 0x30
    842c:	e2933002 	adds	r3, r3, #2
    8430:	2a0000c2 	bcs	0x8740
    8434:	e3e0c4fe 	mvn	ip, #-33554432	@ 0xfe000000
    8438:	ea00004f 	b	0x857c
	...
    8458:	0040b4f4 	strdeq	fp, [r0], #-68	@ 0xffffffbc
    845c:	000487b4 			@ <UNDEFINED> instruction: 0x000487b4
    8460:	0040b50c 	subeq	fp, r0, ip, lsl #10
    8464:	000487b4 			@ <UNDEFINED> instruction: 0x000487b4
    8468:	0040b544 	subeq	fp, r0, r4, asr #10
    846c:	000487b4 			@ <UNDEFINED> instruction: 0x000487b4
    8470:	0101fffc 	strdeq	pc, [r1, -ip]
    8474:	0040b5e8 	subeq	fp, r0, r8, ror #11
    8478:	000487b4 			@ <UNDEFINED> instruction: 0x000487b4
    847c:	0040b718 	subeq	fp, r0, r8, lsl r7
    8480:	000487b4 			@ <UNDEFINED> instruction: 0x000487b4
    8484:	0040b77c 	subeq	fp, r0, ip, ror r7
    8488:	000487b4 			@ <UNDEFINED> instruction: 0x000487b4
    848c:	0040b7cc 	subeq	fp, r0, ip, asr #15
    8490:	000487b4 			@ <UNDEFINED> instruction: 0x000487b4
    8494:	0040b8b4 	strheq	fp, [r0], #-132	@ 0xffffff7c
    8498:	000487b4 			@ <UNDEFINED> instruction: 0x000487b4
    849c:	0040b9dc 	ldrdeq	fp, [r0], #-156	@ 0xffffff64
    84a0:	000487b4 			@ <UNDEFINED> instruction: 0x000487b4
    84a4:	000487b4 			@ <UNDEFINED> instruction: 0x000487b4
    84a8:	0040bb44 	subeq	fp, r0, r4, asr #22
    84ac:	000487b4 			@ <UNDEFINED> instruction: 0x000487b4
    84b0:	0040bb88 	subeq	fp, r0, r8, lsl #23
    84b4:	000487b4 			@ <UNDEFINED> instruction: 0x000487b4
    84b8:	0040bc34 	subeq	fp, r0, r4, lsr ip
    84bc:	000487b4 			@ <UNDEFINED> instruction: 0x000487b4
    84c0:	0040bc58 	subeq	fp, r0, r8, asr ip
    84c4:	000487b4 			@ <UNDEFINED> instruction: 0x000487b4
    84c8:	0040bcac 	subeq	fp, r0, ip, lsr #25
    84cc:	000487b4 			@ <UNDEFINED> instruction: 0x000487b4
    84d0:	0040bce8 	subeq	fp, r0, r8, ror #25
    84d4:	000487b4 			@ <UNDEFINED> instruction: 0x000487b4
    84d8:	0040bed8 	ldrdeq	fp, [r0], #-232	@ 0xffffff18
    84dc:	000487b4 			@ <UNDEFINED> instruction: 0x000487b4
    84e0:	0040c2e8 	subeq	ip, r0, r8, ror #5
    84e4:	000487b4 			@ <UNDEFINED> instruction: 0x000487b4
    84e8:	000487b4 			@ <UNDEFINED> instruction: 0x000487b4
    84ec:	0040c338 	subeq	ip, r0, r8, lsr r3
    84f0:	000487b4 			@ <UNDEFINED> instruction: 0x000487b4
    84f4:	0040c368 	subeq	ip, r0, r8, ror #6
    84f8:	000487b4 			@ <UNDEFINED> instruction: 0x000487b4
    84fc:	0040c394 	umaaleq	ip, r0, r4, r3
    8500:	000487b4 			@ <UNDEFINED> instruction: 0x000487b4
    8504:	0040c3ac 	subeq	ip, r0, ip, lsr #7
    8508:	000487b4 			@ <UNDEFINED> instruction: 0x000487b4
    850c:	0040c3e4 	subeq	ip, r0, r4, ror #7
    8510:	000487b4 			@ <UNDEFINED> instruction: 0x000487b4
    8514:	0040c438 	subeq	ip, r0, r8, lsr r4
    8518:	00047eac 	andeq	r7, r4, ip, lsr #29
    851c:	0101fff8 	strdeq	pc, [r1, -r8]
    8520:	004039cc 	subeq	r3, r0, ip, asr #19
    8524:	000487b4 			@ <UNDEFINED> instruction: 0x000487b4
    8528:	004039f4 	strdeq	r3, [r0], #-148	@ 0xffffff6c
    852c:	00047eac 	andeq	r7, r4, ip, lsr #29
    8530:	003f71b4 	ldrhteq	r7, [pc], -r4
    8534:	003f71b8 	ldrhteq	r7, [pc], -r8
    8538:	000487b4 			@ <UNDEFINED> instruction: 0x000487b4
    853c:	003f71d8 	ldrsbteq	r7, [pc], -r8
    8540:	00047eac 	andeq	r7, r4, ip, lsr #29
    8544:	003fa9b0 	ldrhteq	sl, [pc], -r0
    8548:	000487b4 			@ <UNDEFINED> instruction: 0x000487b4
    854c:	003fa9c8 	eorseq	sl, pc, r8, asr #19
    8550:	00047eac 	andeq	r7, r4, ip, lsr #29
    8554:	003fc6f4 	ldrshteq	ip, [pc], -r4
    8558:	003f9e70 	eorseq	r9, pc, r0, ror lr	@ <UNPREDICTABLE>
    855c:	000487b4 			@ <UNDEFINED> instruction: 0x000487b4
    8560:	003f9ed8 	ldrsbteq	r9, [pc], -r8
    8564:	00047eac 	andeq	r7, r4, ip, lsr #29
    8568:	00408e94 	umaaleq	r8, r0, r4, lr
    856c:	000487b4 			@ <UNDEFINED> instruction: 0x000487b4
    8570:	00408ee8 	subeq	r8, r0, r8, ror #29
    8574:	000487b4 			@ <UNDEFINED> instruction: 0x000487b4
    8578:	00408fac 	subeq	r8, r0, ip, lsr #31
    857c:	e3ccc8fe 	bic	ip, ip, #16646144	@ 0xfe0000
    8580:	e153000c 	cmp	r3, ip
    8584:	8a00006d 	bhi	0x8740
    8588:	e7c21003 	strb	r1, [r2, r3]
    858c:	e1a01627 	lsr	r1, r7, #12
    8590:	e38110e0 	orr	r1, r1, #224	@ 0xe0
    8594:	e1a03006 	mov	r3, r6
    8598:	e5952030 	ldr	r2, [r5, #48]	@ 0x30
    859c:	e3e0c4fe 	mvn	ip, #-33554432	@ 0xfe000000
    85a0:	e3ccc8fe 	bic	ip, ip, #16646144	@ 0xfe0000
    85a4:	e153000c 	cmp	r3, ip
    85a8:	8a000064 	bhi	0x8740
    85ac:	e7c21003 	strb	r1, [r2, r3]
    85b0:	e1a01327 	lsr	r1, r7, #6
    85b4:	e201103f 	and	r1, r1, #63	@ 0x3f
    85b8:	e3811080 	orr	r1, r1, #128	@ 0x80
    85bc:	e1a03006 	mov	r3, r6
    85c0:	e5952030 	ldr	r2, [r5, #48]	@ 0x30
    85c4:	e2933001 	adds	r3, r3, #1
    85c8:	2a00005c 	bcs	0x8740
    85cc:	e3e0c4fe 	mvn	ip, #-33554432	@ 0xfe000000
    85d0:	e3ccc8fe 	bic	ip, ip, #16646144	@ 0xfe0000
    85d4:	e153000c 	cmp	r3, ip
    85d8:	8a000058 	bhi	0x8740
    85dc:	e7c21003 	strb	r1, [r2, r3]
    85e0:	e3a0e003 	mov	lr, #3
    85e4:	e584e028 	str	lr, [r4, #40]	@ 0x28
    85e8:	e59f0f88 	ldr	r0, [pc, #3976]	@ 0x9578
    85ec:	ea000051 	b	0x8738
    85f0:	e2471b40 	sub	r1, r7, #64, 22	@ 0x10000
    85f4:	e3e0c20f 	mvn	ip, #-268435456	@ 0xf0000000
    85f8:	e3ccc6ff 	bic	ip, ip, #267386880	@ 0xff00000
    85fc:	e151000c 	cmp	r1, ip
    8600:	8a00002f 	bhi	0x86c4
    8604:	e207103f 	and	r1, r7, #63	@ 0x3f
    8608:	e3811080 	orr	r1, r1, #128	@ 0x80
    860c:	e1a03006 	mov	r3, r6
    8610:	e5952030 	ldr	r2, [r5, #48]	@ 0x30
    8614:	e2933003 	adds	r3, r3, #3
    8618:	2a000048 	bcs	0x8740
    861c:	e3e0c4fe 	mvn	ip, #-33554432	@ 0xfe000000
    8620:	e3ccc8fe 	bic	ip, ip, #16646144	@ 0xfe0000
    8624:	e153000c 	cmp	r3, ip
    8628:	8a000044 	bhi	0x8740
    862c:	e7c21003 	strb	r1, [r2, r3]
    8630:	e1a01927 	lsr	r1, r7, #18
    8634:	e38110f0 	orr	r1, r1, #240	@ 0xf0
    8638:	e1a03006 	mov	r3, r6
    863c:	e5952030 	ldr	r2, [r5, #48]	@ 0x30
    8640:	e3e0c4fe 	mvn	ip, #-33554432	@ 0xfe000000
    8644:	e3ccc8fe 	bic	ip, ip, #16646144	@ 0xfe0000
    8648:	e153000c 	cmp	r3, ip
    864c:	8a00003b 	bhi	0x8740
    8650:	e7c21003 	strb	r1, [r2, r3]
    8654:	e1a01327 	lsr	r1, r7, #6
    8658:	e201103f 	and	r1, r1, #63	@ 0x3f
    865c:	e3811080 	orr	r1, r1, #128	@ 0x80
    8660:	e1a03006 	mov	r3, r6
    8664:	e5952030 	ldr	r2, [r5, #48]	@ 0x30
    8668:	e2933002 	adds	r3, r3, #2
    866c:	2a000033 	bcs	0x8740
    8670:	e3e0c4fe 	mvn	ip, #-33554432	@ 0xfe000000
    8674:	e3ccc8fe 	bic	ip, ip, #16646144	@ 0xfe0000
    8678:	e153000c 	cmp	r3, ip
    867c:	8a00002f 	bhi	0x8740
    8680:	e7c21003 	strb	r1, [r2, r3]
    8684:	e1a01627 	lsr	r1, r7, #12
    8688:	e201103f 	and	r1, r1, #63	@ 0x3f
    868c:	e3811080 	orr	r1, r1, #128	@ 0x80
    8690:	e1a03006 	mov	r3, r6
    8694:	e5952030 	ldr	r2, [r5, #48]	@ 0x30
    8698:	e2933001 	adds	r3, r3, #1
    869c:	2a000027 	bcs	0x8740
    86a0:	e3e0c4fe 	mvn	ip, #-33554432	@ 0xfe000000
    86a4:	e3ccc8fe 	bic	ip, ip, #16646144	@ 0xfe0000
    86a8:	e153000c 	cmp	r3, ip
    86ac:	8a000023 	bhi	0x8740
    86b0:	e7c21003 	strb	r1, [r2, r3]
    86b4:	e3a0e004 	mov	lr, #4
    86b8:	e584e028 	str	lr, [r4, #40]	@ 0x28
    86bc:	e59f0eb8 	ldr	r0, [pc, #3768]	@ 0x957c
    86c0:	ea00001c 	b	0x8738
    86c4:	e59f0eb4 	ldr	r0, [pc, #3764]	@ 0x9580
    86c8:	e1a01004 	mov	r1, r4
    86cc:	e59d2000 	ldr	r2, [sp]
    86d0:	e59fceac 	ldr	ip, [pc, #3756]	@ 0x9584
    86d4:	e12fff3c 	blx	ip
    86d8:	e3500000 	cmp	r0, #0
    86dc:	1a00001a 	bne	0x874c
    86e0:	e5941028 	ldr	r1, [r4, #40]	@ 0x28
    86e4:	e5952030 	ldr	r2, [r5, #48]	@ 0x30
    86e8:	e59fce98 	ldr	ip, [pc, #3736]	@ 0x9588
    86ec:	e151000c 	cmp	r1, ip
    86f0:	8a000012 	bhi	0x8740
    86f4:	e3a0e019 	mov	lr, #25
    86f8:	e782e001 	str	lr, [r2, r1]
    86fc:	e3e00000 	mvn	r0, #0
    8700:	e584000c 	str	r0, [r4, #12]
    8704:	e59f0e80 	ldr	r0, [pc, #3712]	@ 0x958c
    8708:	ea00000a 	b	0x8738
    870c:	e5950030 	ldr	r0, [r5, #48]	@ 0x30
    8710:	e3e0c4fe 	mvn	ip, #-33554432	@ 0xfe000000
    8714:	e3ccc8fe 	bic	ip, ip, #16646144	@ 0xfe0000
    8718:	e156000c 	cmp	r6, ip
    871c:	8a000007 	bhi	0x8740
    8720:	e7c07006 	strb	r7, [r0, r6]
    8724:	e3a0e001 	mov	lr, #1
    8728:	e584e014 	str	lr, [r4, #20]
    872c:	e59f0e5c 	ldr	r0, [pc, #3676]	@ 0x9590
    8730:	e30ccabc 	movw	ip, #51900	@ 0xcabc
    8734:	e34ccdef 	movt	ip, #52719	@ 0xcdef
    8738:	e28dd004 	add	sp, sp, #4
    873c:	e8bd80c0 	pop	{r6, r7, pc}
    8740:	e3a00008 	mov	r0, #8
    8744:	e59d1000 	ldr	r1, [sp]
    8748:	e5810010 	str	r0, [r1, #16]
    874c:	e59d0000 	ldr	r0, [sp]
    8750:	e59d100c 	ldr	r1, [sp, #12]
    8754:	e59fce38 	ldr	ip, [pc, #3640]	@ 0x9594
    8758:	e12fff3c 	blx	ip
    875c:	e28dd004 	add	sp, sp, #4
    8760:	e8bd00c0 	pop	{r6, r7}
    8764:	e28dd004 	add	sp, sp, #4
    8768:	e12fff10 	bx	r0
    876c:	e52de004 	push	{lr}		@ (str lr, [sp, #-4]!)
    8770:	e24dd004 	sub	sp, sp, #4
    8774:	e58d0000 	str	r0, [sp]
    8778:	e30cc123 	movw	ip, #49443	@ 0xc123
    877c:	e34cc456 	movt	ip, #50262	@ 0xc456
    8780:	e5940000 	ldr	r0, [r4]
    8784:	e5941004 	ldr	r1, [r4, #4]
    8788:	e3500000 	cmp	r0, #0
    878c:	1a000003 	bne	0x87a0
    8790:	e3a0e000 	mov	lr, #0
    8794:	e584e008 	str	lr, [r4, #8]
    8798:	e59f0df8 	ldr	r0, [pc, #3576]	@ 0x9598
    879c:	ea00000f 	b	0x87e0
    87a0:	e5840000 	str	r0, [r4]
    87a4:	e5841004 	str	r1, [r4, #4]
    87a8:	e3a0e000 	mov	lr, #0
    87ac:	e584e008 	str	lr, [r4, #8]
    87b0:	e59f0de4 	ldr	r0, [pc, #3556]	@ 0x959c
    87b4:	e1a01004 	mov	r1, r4
    87b8:	e59d2000 	ldr	r2, [sp]
    87bc:	e59fcddc 	ldr	ip, [pc, #3548]	@ 0x95a0
    87c0:	e12fff3c 	blx	ip
    87c4:	e3500000 	cmp	r0, #0
    87c8:	1a000006 	bne	0x87e8
    87cc:	e594000c 	ldr	r0, [r4, #12]
    87d0:	e584000c 	str	r0, [r4, #12]
    87d4:	e59f0dc8 	ldr	r0, [pc, #3528]	@ 0x95a4
    87d8:	e30ccabc 	movw	ip, #51900	@ 0xcabc
    87dc:	e34ccdef 	movt	ip, #52719	@ 0xcdef
    87e0:	e28dd004 	add	sp, sp, #4
    87e4:	e49df004 	pop	{pc}		@ (ldr pc, [sp], #4)
    87e8:	e59d0000 	ldr	r0, [sp]
    87ec:	e59d1004 	ldr	r1, [sp, #4]
    87f0:	e59fcdb0 	ldr	ip, [pc, #3504]	@ 0x95a8
    87f4:	e12fff3c 	blx	ip
    87f8:	e28dd008 	add	sp, sp, #8
    87fc:	e12fff10 	bx	r0
    8800:	e52de004 	push	{lr}		@ (str lr, [sp, #-4]!)
    8804:	e24dd004 	sub	sp, sp, #4
    8808:	e58d0000 	str	r0, [sp]
    880c:	e30cc123 	movw	ip, #49443	@ 0xc123
    8810:	e34cc456 	movt	ip, #50262	@ 0xc456
    8814:	e5940000 	ldr	r0, [r4]
    8818:	e5840000 	str	r0, [r4]
    881c:	e59f0d88 	ldr	r0, [pc, #3464]	@ 0x95ac
    8820:	e30ccabc 	movw	ip, #51900	@ 0xcabc
    8824:	e34ccdef 	movt	ip, #52719	@ 0xcdef
    8828:	e28dd004 	add	sp, sp, #4
    882c:	e49df004 	pop	{pc}		@ (ldr pc, [sp], #4)
    8830:	e52de004 	push	{lr}		@ (str lr, [sp, #-4]!)
    8834:	e24dd004 	sub	sp, sp, #4
    8838:	e58d0000 	str	r0, [sp]
    883c:	e30cc123 	movw	ip, #49443	@ 0xc123
    8840:	e34cc456 	movt	ip, #50262	@ 0xc456
    8844:	e5940000 	ldr	r0, [r4]
    8848:	e1a02000 	mov	r2, r0
    884c:	e5951030 	ldr	r1, [r5, #48]	@ 0x30
    8850:	e292203c 	adds	r2, r2, #60	@ 0x3c
    8854:	2a000024 	bcs	0x88ec
    8858:	e59fcd28 	ldr	ip, [pc, #3368]	@ 0x9588
    885c:	e152000c 	cmp	r2, ip
    8860:	8a000021 	bhi	0x88ec
    8864:	e7910002 	ldr	r0, [r1, r2]
    8868:	e5840004 	str	r0, [r4, #4]
    886c:	e59f0d3c 	ldr	r0, [pc, #3388]	@ 0x95b0
    8870:	e1a01004 	mov	r1, r4
    8874:	e59d2000 	ldr	r2, [sp]
    8878:	e59fcd34 	ldr	ip, [pc, #3380]	@ 0x95b4
    887c:	e12fff3c 	blx	ip
    8880:	e3500000 	cmp	r0, #0
    8884:	1a00001b 	bne	0x88f8
    8888:	e5940004 	ldr	r0, [r4, #4]
    888c:	e5840004 	str	r0, [r4, #4]
    8890:	e59f0d20 	ldr	r0, [pc, #3360]	@ 0x95b8
    8894:	e1a01004 	mov	r1, r4
    8898:	e59d2000 	ldr	r2, [sp]
    889c:	e59fcd18 	ldr	ip, [pc, #3352]	@ 0x95bc
    88a0:	e12fff3c 	blx	ip
    88a4:	e3500000 	cmp	r0, #0
    88a8:	1a000012 	bne	0x88f8
    88ac:	e5940004 	ldr	r0, [r4, #4]
    88b0:	e5840004 	str	r0, [r4, #4]
    88b4:	e59f0d04 	ldr	r0, [pc, #3332]	@ 0x95c0
    88b8:	e1a01004 	mov	r1, r4
    88bc:	e59d2000 	ldr	r2, [sp]
    88c0:	e59fccfc 	ldr	ip, [pc, #3324]	@ 0x95c4
    88c4:	e12fff3c 	blx	ip
    88c8:	e3500000 	cmp	r0, #0
    88cc:	1a000009 	bne	0x88f8
    88d0:	e5940004 	ldr	r0, [r4, #4]
    88d4:	e5840004 	str	r0, [r4, #4]
    88d8:	e59f0ce8 	ldr	r0, [pc, #3304]	@ 0x95c8
    88dc:	e30ccabc 	movw	ip, #51900	@ 0xcabc
    88e0:	e34ccdef 	movt	ip, #52719	@ 0xcdef
    88e4:	e28dd004 	add	sp, sp, #4
    88e8:	e49df004 	pop	{pc}		@ (ldr pc, [sp], #4)
    88ec:	e3a00008 	mov	r0, #8
    88f0:	e59d1000 	ldr	r1, [sp]
    88f4:	e5810010 	str	r0, [r1, #16]
    88f8:	e59d0000 	ldr	r0, [sp]
    88fc:	e59d1004 	ldr	r1, [sp, #4]
    8900:	e59fccc4 	ldr	ip, [pc, #3268]	@ 0x95cc
    8904:	e12fff3c 	blx	ip
    8908:	e28dd008 	add	sp, sp, #8
    890c:	e12fff10 	bx	r0
    8910:	e92d41c0 	push	{r6, r7, r8, lr}
    8914:	e24dd008 	sub	sp, sp, #8
    8918:	e58d0000 	str	r0, [sp]
    891c:	e30cc123 	movw	ip, #49443	@ 0xc123
    8920:	e34cc456 	movt	ip, #50262	@ 0xc456
    8924:	e5940000 	ldr	r0, [r4]
    8928:	e5941004 	ldr	r1, [r4, #4]
    892c:	e5942008 	ldr	r2, [r4, #8]
    8930:	e594300c 	ldr	r3, [r4, #12]
    8934:	e595e03c 	ldr	lr, [r5, #60]	@ 0x3c
    8938:	e59e6008 	ldr	r6, [lr, #8]
    893c:	e2466010 	sub	r6, r6, #16
    8940:	e1a07006 	mov	r7, r6
    8944:	e595803c 	ldr	r8, [r5, #60]	@ 0x3c
    8948:	e5886008 	str	r6, [r8, #8]
    894c:	e20330ff 	and	r3, r3, #255	@ 0xff
    8950:	e2876008 	add	r6, r7, #8
    8954:	e5840000 	str	r0, [r4]
    8958:	e5841004 	str	r1, [r4, #4]
    895c:	e5842008 	str	r2, [r4, #8]
    8960:	e5843034 	str	r3, [r4, #52]	@ 0x34
    8964:	e5846038 	str	r6, [r4, #56]	@ 0x38
    8968:	e59f0c60 	ldr	r0, [pc, #3168]	@ 0x95d0
    896c:	e1a01004 	mov	r1, r4
    8970:	e59d2000 	ldr	r2, [sp]
    8974:	e59fcc58 	ldr	ip, [pc, #3160]	@ 0x95d4
    8978:	e12fff3c 	blx	ip
    897c:	e3500000 	cmp	r0, #0
    8980:	1a000024 	bne	0x8a18
    8984:	e5940028 	ldr	r0, [r4, #40]	@ 0x28
    8988:	e5840028 	str	r0, [r4, #40]	@ 0x28
    898c:	e3a009fd 	mov	r0, #4145152	@ 0x3f4000
    8990:	e3800dd7 	orr	r0, r0, #13760	@ 0x35c0
    8994:	e1a01004 	mov	r1, r4
    8998:	e59d2000 	ldr	r2, [sp]
    899c:	e59fcc34 	ldr	ip, [pc, #3124]	@ 0x95d8
    89a0:	e12fff3c 	blx	ip
    89a4:	e3500000 	cmp	r0, #0
    89a8:	1a00001a 	bne	0x8a18
    89ac:	e5940028 	ldr	r0, [r4, #40]	@ 0x28
    89b0:	e1a06007 	mov	r6, r7
    89b4:	e5953030 	ldr	r3, [r5, #48]	@ 0x30
    89b8:	e2966008 	adds	r6, r6, #8
    89bc:	2a000012 	bcs	0x8a0c
    89c0:	e59fcc14 	ldr	ip, [pc, #3092]	@ 0x95dc
    89c4:	e156000c 	cmp	r6, ip
    89c8:	8a00000f 	bhi	0x8a0c
    89cc:	e083c006 	add	ip, r3, r6
    89d0:	e59c1000 	ldr	r1, [ip]
    89d4:	e59c2004 	ldr	r2, [ip, #4]
    89d8:	e2877010 	add	r7, r7, #16
    89dc:	e595303c 	ldr	r3, [r5, #60]	@ 0x3c
    89e0:	e5837008 	str	r7, [r3, #8]
    89e4:	e3500000 	cmp	r0, #0
    89e8:	13e01000 	mvnne	r1, #0
    89ec:	13e02000 	mvnne	r2, #0
    89f0:	e5841028 	str	r1, [r4, #40]	@ 0x28
    89f4:	e584202c 	str	r2, [r4, #44]	@ 0x2c
    89f8:	e59f0be0 	ldr	r0, [pc, #3040]	@ 0x95e0
    89fc:	e30ccabc 	movw	ip, #51900	@ 0xcabc
    8a00:	e34ccdef 	movt	ip, #52719	@ 0xcdef
    8a04:	e28dd008 	add	sp, sp, #8
    8a08:	e8bd81c0 	pop	{r6, r7, r8, pc}
    8a0c:	e3a00008 	mov	r0, #8
    8a10:	e59d1000 	ldr	r1, [sp]
    8a14:	e5810010 	str	r0, [r1, #16]
    8a18:	e59d0000 	ldr	r0, [sp]
    8a1c:	e59d1014 	ldr	r1, [sp, #20]
    8a20:	e59fcbbc 	ldr	ip, [pc, #3004]	@ 0x95e4
    8a24:	e12fff3c 	blx	ip
    8a28:	e28dd008 	add	sp, sp, #8
    8a2c:	e8bd01c0 	pop	{r6, r7, r8}
    8a30:	e28dd004 	add	sp, sp, #4
    8a34:	e12fff10 	bx	r0
    8a38:	e92d40c0 	push	{r6, r7, lr}
    8a3c:	e24dd004 	sub	sp, sp, #4
    8a40:	e58d0000 	str	r0, [sp]
    8a44:	e30cc123 	movw	ip, #49443	@ 0xc123
    8a48:	e34cc456 	movt	ip, #50262	@ 0xc456
    8a4c:	e5940000 	ldr	r0, [r4]
    8a50:	e5941004 	ldr	r1, [r4, #4]
    8a54:	e5942008 	ldr	r2, [r4, #8]
    8a58:	e594300c 	ldr	r3, [r4, #12]
    8a5c:	e1a07000 	mov	r7, r0
    8a60:	e5956030 	ldr	r6, [r5, #48]	@ 0x30
    8a64:	e297703c 	adds	r7, r7, #60	@ 0x3c
    8a68:	2a000017 	bcs	0x8acc
    8a6c:	e59fcb14 	ldr	ip, [pc, #2836]	@ 0x9588
    8a70:	e157000c 	cmp	r7, ip
    8a74:	8a000014 	bhi	0x8acc
    8a78:	e7960007 	ldr	r0, [r6, r7]
    8a7c:	e5840010 	str	r0, [r4, #16]
    8a80:	e5841004 	str	r1, [r4, #4]
    8a84:	e5842008 	str	r2, [r4, #8]
    8a88:	e584300c 	str	r3, [r4, #12]
    8a8c:	e59f0b54 	ldr	r0, [pc, #2900]	@ 0x95e8
    8a90:	e1a01004 	mov	r1, r4
    8a94:	e59d2000 	ldr	r2, [sp]
    8a98:	e59fcb4c 	ldr	ip, [pc, #2892]	@ 0x95ec
    8a9c:	e12fff3c 	blx	ip
    8aa0:	e3500000 	cmp	r0, #0
    8aa4:	1a00000b 	bne	0x8ad8
    8aa8:	e5940010 	ldr	r0, [r4, #16]
    8aac:	e5941014 	ldr	r1, [r4, #20]
    8ab0:	e5840010 	str	r0, [r4, #16]
    8ab4:	e5841014 	str	r1, [r4, #20]
    8ab8:	e59f0b30 	ldr	r0, [pc, #2864]	@ 0x95f0
    8abc:	e30ccabc 	movw	ip, #51900	@ 0xcabc
    8ac0:	e34ccdef 	movt	ip, #52719	@ 0xcdef
    8ac4:	e28dd004 	add	sp, sp, #4
    8ac8:	e8bd80c0 	pop	{r6, r7, pc}
    8acc:	e3a00008 	mov	r0, #8
    8ad0:	e59d1000 	ldr	r1, [sp]
    8ad4:	e5810010 	str	r0, [r1, #16]
    8ad8:	e59d0000 	ldr	r0, [sp]
    8adc:	e59d100c 	ldr	r1, [sp, #12]
    8ae0:	e59fcb0c 	ldr	ip, [pc, #2828]	@ 0x95f4
    8ae4:	e12fff3c 	blx	ip
    8ae8:	e28dd004 	add	sp, sp, #4
    8aec:	e8bd00c0 	pop	{r6, r7}
    8af0:	e28dd004 	add	sp, sp, #4
    8af4:	e12fff10 	bx	r0
    8af8:	e52de004 	push	{lr}		@ (str lr, [sp, #-4]!)
    8afc:	e24dd004 	sub	sp, sp, #4
    8b00:	e58d0000 	str	r0, [sp]
    8b04:	e30cc123 	movw	ip, #49443	@ 0xc123
    8b08:	e34cc456 	movt	ip, #50262	@ 0xc456
    8b0c:	e5950044 	ldr	r0, [r5, #68]	@ 0x44
    8b10:	e3a0eb40 	mov	lr, #64, 22	@ 0x10000
    8b14:	e580e008 	str	lr, [r0, #8]
    8b18:	e3a0c000 	mov	ip, #0
    8b1c:	e28c000f 	add	r0, ip, #15
    8b20:	e3c0000f 	bic	r0, r0, #15
    8b24:	e5951040 	ldr	r1, [r5, #64]	@ 0x40
    8b28:	e5810008 	str	r0, [r1, #8]
    8b2c:	e59f0ac4 	ldr	r0, [pc, #2756]	@ 0x95f8
    8b30:	e30ccabc 	movw	ip, #51900	@ 0xcabc
    8b34:	e34ccdef 	movt	ip, #52719	@ 0xcdef
    8b38:	e28dd004 	add	sp, sp, #4
    8b3c:	e49df004 	pop	{pc}		@ (ldr pc, [sp], #4)
    8b40:	e52de004 	push	{lr}		@ (str lr, [sp, #-4]!)
    8b44:	e24dd004 	sub	sp, sp, #4
    8b48:	e58d0000 	str	r0, [sp]
    8b4c:	e30cc123 	movw	ip, #49443	@ 0xc123
    8b50:	e34cc456 	movt	ip, #50262	@ 0xc456
    8b54:	e595e03c 	ldr	lr, [r5, #60]	@ 0x3c
    8b58:	e59e0008 	ldr	r0, [lr, #8]
    8b5c:	e595e040 	ldr	lr, [r5, #64]	@ 0x40
    8b60:	e59e1008 	ldr	r1, [lr, #8]
    8b64:	e0400001 	sub	r0, r0, r1
    8b68:	e5840000 	str	r0, [r4]
    8b6c:	e59f0a88 	ldr	r0, [pc, #2696]	@ 0x95fc
    8b70:	e30ccabc 	movw	ip, #51900	@ 0xcabc
    8b74:	e34ccdef 	movt	ip, #52719	@ 0xcdef
    8b78:	e28dd004 	add	sp, sp, #4
    8b7c:	e49df004 	pop	{pc}		@ (ldr pc, [sp], #4)
    8b80:	e52de004 	push	{lr}		@ (str lr, [sp, #-4]!)
    8b84:	e24dd004 	sub	sp, sp, #4
    8b88:	e58d0000 	str	r0, [sp]
    8b8c:	e30cc123 	movw	ip, #49443	@ 0xc123
    8b90:	e34cc456 	movt	ip, #50262	@ 0xc456
    8b94:	e595e044 	ldr	lr, [r5, #68]	@ 0x44
    8b98:	e59e0008 	ldr	r0, [lr, #8]
    8b9c:	e5840000 	str	r0, [r4]
    8ba0:	e59f0a58 	ldr	r0, [pc, #2648]	@ 0x9600
    8ba4:	e30ccabc 	movw	ip, #51900	@ 0xcabc
    8ba8:	e34ccdef 	movt	ip, #52719	@ 0xcdef
    8bac:	e28dd004 	add	sp, sp, #4
    8bb0:	e49df004 	pop	{pc}		@ (ldr pc, [sp], #4)
    8bb4:	e52de004 	push	{lr}		@ (str lr, [sp, #-4]!)
    8bb8:	e24dd004 	sub	sp, sp, #4
    8bbc:	e58d0000 	str	r0, [sp]
    8bc0:	e30cc123 	movw	ip, #49443	@ 0xc123
    8bc4:	e34cc456 	movt	ip, #50262	@ 0xc456
    8bc8:	e595e040 	ldr	lr, [r5, #64]	@ 0x40
    8bcc:	e59e0008 	ldr	r0, [lr, #8]
    8bd0:	e5840000 	str	r0, [r4]
    8bd4:	e3a009ff 	mov	r0, #4177920	@ 0x3fc000
    8bd8:	e380009c 	orr	r0, r0, #156	@ 0x9c
    8bdc:	e30ccabc 	movw	ip, #51900	@ 0xcabc
    8be0:	e34ccdef 	movt	ip, #52719	@ 0xcdef
    8be4:	e28dd004 	add	sp, sp, #4
    8be8:	e49df004 	pop	{pc}		@ (ldr pc, [sp], #4)
    8bec:	e92d4fc0 	push	{r6, r7, r8, r9, sl, fp, lr}
    8bf0:	e24dd004 	sub	sp, sp, #4
    8bf4:	e58d0000 	str	r0, [sp]
    8bf8:	e30cc123 	movw	ip, #49443	@ 0xc123
    8bfc:	e34cc456 	movt	ip, #50262	@ 0xc456
    8c00:	e5947014 	ldr	r7, [r4, #20]
    8c04:	e3170040 	tst	r7, #64	@ 0x40
    8c08:	0a000018 	beq	0x8c70
    8c0c:	e2478040 	sub	r8, r7, #64	@ 0x40
    8c10:	e3a09000 	mov	r9, #0
    8c14:	e1a0a008 	mov	sl, r8
    8c18:	e5943004 	ldr	r3, [r4, #4]
    8c1c:	e31a0020 	tst	sl, #32
    8c20:	1a000008 	bne	0x8c48
    8c24:	e5946008 	ldr	r6, [r4, #8]
    8c28:	e20aa01f 	and	sl, sl, #31
    8c2c:	e1a06a16 	lsl	r6, r6, sl
    8c30:	e1a0c0a3 	lsr	ip, r3, #1
    8c34:	e22ae01f 	eor	lr, sl, #31
    8c38:	e1866e3c 	orr	r6, r6, ip, lsr lr
    8c3c:	e1a0ea13 	lsl	lr, r3, sl
    8c40:	e584e00c 	str	lr, [r4, #12]
    8c44:	ea000003 	b	0x8c58
    8c48:	e20ae01f 	and	lr, sl, #31
    8c4c:	e1a06e13 	lsl	r6, r3, lr
    8c50:	e3a0e000 	mov	lr, #0
    8c54:	e584e00c 	str	lr, [r4, #12]
    8c58:	e5846010 	str	r6, [r4, #16]
    8c5c:	e3a0e000 	mov	lr, #0
    8c60:	e584e004 	str	lr, [r4, #4]
    8c64:	e3a0e000 	mov	lr, #0
    8c68:	e584e008 	str	lr, [r4, #8]
    8c6c:	ea00003b 	b	0x8d60
    8c70:	e3570000 	cmp	r7, #0
    8c74:	0a000039 	beq	0x8d60
    8c78:	e2678040 	rsb	r8, r7, #64	@ 0x40
    8c7c:	e3a09000 	mov	r9, #0
    8c80:	e1a00008 	mov	r0, r8
    8c84:	e594b008 	ldr	fp, [r4, #8]
    8c88:	e3100020 	tst	r0, #32
    8c8c:	1a000007 	bne	0x8cb0
    8c90:	e594a004 	ldr	sl, [r4, #4]
    8c94:	e200001f 	and	r0, r0, #31
    8c98:	e1a0a03a 	lsr	sl, sl, r0
    8c9c:	e1a0c08b 	lsl	ip, fp, #1
    8ca0:	e220e01f 	eor	lr, r0, #31
    8ca4:	e18aae1c 	orr	sl, sl, ip, lsl lr
    8ca8:	e1a0b03b 	lsr	fp, fp, r0
    8cac:	ea000002 	b	0x8cbc
    8cb0:	e200e01f 	and	lr, r0, #31
    8cb4:	e1a0ae3b 	lsr	sl, fp, lr
    8cb8:	e3a0b000 	mov	fp, #0
    8cbc:	e1a00007 	mov	r0, r7
    8cc0:	e3a07000 	mov	r7, #0
    8cc4:	e1a08000 	mov	r8, r0
    8cc8:	e1a09007 	mov	r9, r7
    8ccc:	e1a01000 	mov	r1, r0
    8cd0:	e594600c 	ldr	r6, [r4, #12]
    8cd4:	e3110020 	tst	r1, #32
    8cd8:	1a000007 	bne	0x8cfc
    8cdc:	e5943010 	ldr	r3, [r4, #16]
    8ce0:	e201101f 	and	r1, r1, #31
    8ce4:	e1a03113 	lsl	r3, r3, r1
    8ce8:	e1a0c0a6 	lsr	ip, r6, #1
    8cec:	e221e01f 	eor	lr, r1, #31
    8cf0:	e1833e3c 	orr	r3, r3, ip, lsr lr
    8cf4:	e1a06116 	lsl	r6, r6, r1
    8cf8:	ea000002 	b	0x8d08
    8cfc:	e201e01f 	and	lr, r1, #31
    8d00:	e1a03e16 	lsl	r3, r6, lr
    8d04:	e3a06000 	mov	r6, #0
    8d08:	e18ae006 	orr	lr, sl, r6
    8d0c:	e584e00c 	str	lr, [r4, #12]
    8d10:	e18be003 	orr	lr, fp, r3
    8d14:	e584e010 	str	lr, [r4, #16]
    8d18:	e1a02008 	mov	r2, r8
    8d1c:	e5941004 	ldr	r1, [r4, #4]
    8d20:	e3120020 	tst	r2, #32
    8d24:	1a000008 	bne	0x8d4c
    8d28:	e5940008 	ldr	r0, [r4, #8]
    8d2c:	e202201f 	and	r2, r2, #31
    8d30:	e1a00210 	lsl	r0, r0, r2
    8d34:	e1a0c0a1 	lsr	ip, r1, #1
    8d38:	e222e01f 	eor	lr, r2, #31
    8d3c:	e1800e3c 	orr	r0, r0, ip, lsr lr
    8d40:	e1a0e211 	lsl	lr, r1, r2
    8d44:	e584e004 	str	lr, [r4, #4]
    8d48:	ea000003 	b	0x8d5c
    8d4c:	e202e01f 	and	lr, r2, #31
    8d50:	e1a00e11 	lsl	r0, r1, lr
    8d54:	e3a0e000 	mov	lr, #0
    8d58:	e584e004 	str	lr, [r4, #4]
    8d5c:	e5840008 	str	r0, [r4, #8]
    8d60:	e5941000 	ldr	r1, [r4]
    8d64:	e5950030 	ldr	r0, [r5, #48]	@ 0x30
    8d68:	e5942004 	ldr	r2, [r4, #4]
    8d6c:	e59fc868 	ldr	ip, [pc, #2152]	@ 0x95dc
    8d70:	e151000c 	cmp	r1, ip
    8d74:	8a000014 	bhi	0x8dcc
    8d78:	e0800001 	add	r0, r0, r1
    8d7c:	e5941008 	ldr	r1, [r4, #8]
    8d80:	e5802000 	str	r2, [r0]
    8d84:	e5801004 	str	r1, [r0, #4]
    8d88:	e5941000 	ldr	r1, [r4]
    8d8c:	e5950030 	ldr	r0, [r5, #48]	@ 0x30
    8d90:	e594200c 	ldr	r2, [r4, #12]
    8d94:	e2911008 	adds	r1, r1, #8
    8d98:	2a00000b 	bcs	0x8dcc
    8d9c:	e59fc838 	ldr	ip, [pc, #2104]	@ 0x95dc
    8da0:	e151000c 	cmp	r1, ip
    8da4:	8a000008 	bhi	0x8dcc
    8da8:	e0800001 	add	r0, r0, r1
    8dac:	e5941010 	ldr	r1, [r4, #16]
    8db0:	e5802000 	str	r2, [r0]
    8db4:	e5801004 	str	r1, [r0, #4]
    8db8:	e59f0844 	ldr	r0, [pc, #2116]	@ 0x9604
    8dbc:	e30ccabc 	movw	ip, #51900	@ 0xcabc
    8dc0:	e34ccdef 	movt	ip, #52719	@ 0xcdef
    8dc4:	e28dd004 	add	sp, sp, #4
    8dc8:	e8bd8fc0 	pop	{r6, r7, r8, r9, sl, fp, pc}
    8dcc:	e3a00008 	mov	r0, #8
    8dd0:	e59d1000 	ldr	r1, [sp]
    8dd4:	e5810010 	str	r0, [r1, #16]
    8dd8:	e59d0000 	ldr	r0, [sp]
    8ddc:	e59d101c 	ldr	r1, [sp, #28]
    8de0:	e59fc820 	ldr	ip, [pc, #2080]	@ 0x9608
    8de4:	e12fff3c 	blx	ip
    8de8:	e28dd004 	add	sp, sp, #4
    8dec:	e8bd0fc0 	pop	{r6, r7, r8, r9, sl, fp}
    8df0:	e28dd004 	add	sp, sp, #4
    8df4:	e12fff10 	bx	r0
    8df8:	e92d4fc0 	push	{r6, r7, r8, r9, sl, fp, lr}
    8dfc:	e24dd004 	sub	sp, sp, #4
    8e00:	e58d0000 	str	r0, [sp]
    8e04:	e30cc123 	movw	ip, #49443	@ 0xc123
    8e08:	e34cc456 	movt	ip, #50262	@ 0xc456
    8e0c:	e5947014 	ldr	r7, [r4, #20]
    8e10:	e3170040 	tst	r7, #64	@ 0x40
    8e14:	0a000018 	beq	0x8e7c
    8e18:	e2478040 	sub	r8, r7, #64	@ 0x40
    8e1c:	e3a09000 	mov	r9, #0
    8e20:	e1a0a008 	mov	sl, r8
    8e24:	e5942010 	ldr	r2, [r4, #16]
    8e28:	e31a0020 	tst	sl, #32
    8e2c:	1a000008 	bne	0x8e54
    8e30:	e594100c 	ldr	r1, [r4, #12]
    8e34:	e20aa01f 	and	sl, sl, #31
    8e38:	e1a01a31 	lsr	r1, r1, sl
    8e3c:	e1a0c082 	lsl	ip, r2, #1
    8e40:	e22ae01f 	eor	lr, sl, #31
    8e44:	e1811e1c 	orr	r1, r1, ip, lsl lr
    8e48:	e1a0ea32 	lsr	lr, r2, sl
    8e4c:	e584e008 	str	lr, [r4, #8]
    8e50:	ea000003 	b	0x8e64
    8e54:	e20ae01f 	and	lr, sl, #31
    8e58:	e1a01e32 	lsr	r1, r2, lr
    8e5c:	e3a0e000 	mov	lr, #0
    8e60:	e584e008 	str	lr, [r4, #8]
    8e64:	e5841004 	str	r1, [r4, #4]
    8e68:	e3a0e000 	mov	lr, #0
    8e6c:	e584e00c 	str	lr, [r4, #12]
    8e70:	e3a0e000 	mov	lr, #0
    8e74:	e584e010 	str	lr, [r4, #16]
    8e78:	ea00003b 	b	0x8f6c
    8e7c:	e3570000 	cmp	r7, #0
    8e80:	0a000039 	beq	0x8f6c
    8e84:	e2678040 	rsb	r8, r7, #64	@ 0x40
    8e88:	e3a09000 	mov	r9, #0
    8e8c:	e1a00008 	mov	r0, r8
    8e90:	e594a00c 	ldr	sl, [r4, #12]
    8e94:	e3100020 	tst	r0, #32
    8e98:	1a000007 	bne	0x8ebc
    8e9c:	e594b010 	ldr	fp, [r4, #16]
    8ea0:	e200001f 	and	r0, r0, #31
    8ea4:	e1a0b01b 	lsl	fp, fp, r0
    8ea8:	e1a0c0aa 	lsr	ip, sl, #1
    8eac:	e220e01f 	eor	lr, r0, #31
    8eb0:	e18bbe3c 	orr	fp, fp, ip, lsr lr
    8eb4:	e1a0a01a 	lsl	sl, sl, r0
    8eb8:	ea000002 	b	0x8ec8
    8ebc:	e200e01f 	and	lr, r0, #31
    8ec0:	e1a0be1a 	lsl	fp, sl, lr
    8ec4:	e3a0a000 	mov	sl, #0
    8ec8:	e1a00007 	mov	r0, r7
    8ecc:	e3a07000 	mov	r7, #0
    8ed0:	e1a08000 	mov	r8, r0
    8ed4:	e1a09007 	mov	r9, r7
    8ed8:	e1a01000 	mov	r1, r0
    8edc:	e5943008 	ldr	r3, [r4, #8]
    8ee0:	e3110020 	tst	r1, #32
    8ee4:	1a000007 	bne	0x8f08
    8ee8:	e5946004 	ldr	r6, [r4, #4]
    8eec:	e201101f 	and	r1, r1, #31
    8ef0:	e1a06136 	lsr	r6, r6, r1
    8ef4:	e1a0c083 	lsl	ip, r3, #1
    8ef8:	e221e01f 	eor	lr, r1, #31
    8efc:	e1866e1c 	orr	r6, r6, ip, lsl lr
    8f00:	e1a03133 	lsr	r3, r3, r1
    8f04:	ea000002 	b	0x8f14
    8f08:	e201e01f 	and	lr, r1, #31
    8f0c:	e1a06e33 	lsr	r6, r3, lr
    8f10:	e3a03000 	mov	r3, #0
    8f14:	e18ae006 	orr	lr, sl, r6
    8f18:	e584e004 	str	lr, [r4, #4]
    8f1c:	e18be003 	orr	lr, fp, r3
    8f20:	e584e008 	str	lr, [r4, #8]
    8f24:	e1a02008 	mov	r2, r8
    8f28:	e5940010 	ldr	r0, [r4, #16]
    8f2c:	e3120020 	tst	r2, #32
    8f30:	1a000008 	bne	0x8f58
    8f34:	e594100c 	ldr	r1, [r4, #12]
    8f38:	e202201f 	and	r2, r2, #31
    8f3c:	e1a01231 	lsr	r1, r1, r2
    8f40:	e1a0c080 	lsl	ip, r0, #1
    8f44:	e222e01f 	eor	lr, r2, #31
    8f48:	e1811e1c 	orr	r1, r1, ip, lsl lr
    8f4c:	e1a0e230 	lsr	lr, r0, r2
    8f50:	e584e010 	str	lr, [r4, #16]
    8f54:	ea000003 	b	0x8f68
    8f58:	e202e01f 	and	lr, r2, #31
    8f5c:	e1a01e30 	lsr	r1, r0, lr
    8f60:	e3a0e000 	mov	lr, #0
    8f64:	e584e010 	str	lr, [r4, #16]
    8f68:	e584100c 	str	r1, [r4, #12]
    8f6c:	e5941000 	ldr	r1, [r4]
    8f70:	e5950030 	ldr	r0, [r5, #48]	@ 0x30
    8f74:	e5942004 	ldr	r2, [r4, #4]
    8f78:	e59fc65c 	ldr	ip, [pc, #1628]	@ 0x95dc
    8f7c:	e151000c 	cmp	r1, ip
    8f80:	8a000014 	bhi	0x8fd8
    8f84:	e0800001 	add	r0, r0, r1
    8f88:	e5941008 	ldr	r1, [r4, #8]
    8f8c:	e5802000 	str	r2, [r0]
    8f90:	e5801004 	str	r1, [r0, #4]
    8f94:	e5941000 	ldr	r1, [r4]
    8f98:	e5950030 	ldr	r0, [r5, #48]	@ 0x30
    8f9c:	e594200c 	ldr	r2, [r4, #12]
    8fa0:	e2911008 	adds	r1, r1, #8
    8fa4:	2a00000b 	bcs	0x8fd8
    8fa8:	e59fc62c 	ldr	ip, [pc, #1580]	@ 0x95dc
    8fac:	e151000c 	cmp	r1, ip
    8fb0:	8a000008 	bhi	0x8fd8
    8fb4:	e0800001 	add	r0, r0, r1
    8fb8:	e5941010 	ldr	r1, [r4, #16]
    8fbc:	e5802000 	str	r2, [r0]
    8fc0:	e5801004 	str	r1, [r0, #4]
    8fc4:	e59f0640 	ldr	r0, [pc, #1600]	@ 0x960c
    8fc8:	e30ccabc 	movw	ip, #51900	@ 0xcabc
    8fcc:	e34ccdef 	movt	ip, #52719	@ 0xcdef
    8fd0:	e28dd004 	add	sp, sp, #4
    8fd4:	e8bd8fc0 	pop	{r6, r7, r8, r9, sl, fp, pc}
    8fd8:	e3a00008 	mov	r0, #8
    8fdc:	e59d1000 	ldr	r1, [sp]
    8fe0:	e5810010 	str	r0, [r1, #16]
    8fe4:	e59d0000 	ldr	r0, [sp]
    8fe8:	e59d101c 	ldr	r1, [sp, #28]
    8fec:	e59fc61c 	ldr	ip, [pc, #1564]	@ 0x9610
    8ff0:	e12fff3c 	blx	ip
    8ff4:	e28dd004 	add	sp, sp, #4
    8ff8:	e8bd0fc0 	pop	{r6, r7, r8, r9, sl, fp}
    8ffc:	e28dd004 	add	sp, sp, #4
    9000:	e12fff10 	bx	r0
    9004:	e92d4fc0 	push	{r6, r7, r8, r9, sl, fp, lr}
    9008:	e24dd004 	sub	sp, sp, #4
    900c:	e58d0000 	str	r0, [sp]
    9010:	e30cc123 	movw	ip, #49443	@ 0xc123
    9014:	e34cc456 	movt	ip, #50262	@ 0xc456
    9018:	e595e03c 	ldr	lr, [r5, #60]	@ 0x3c
    901c:	e59e0008 	ldr	r0, [lr, #8]
    9020:	e2400020 	sub	r0, r0, #32
    9024:	e5840010 	str	r0, [r4, #16]
    9028:	e595103c 	ldr	r1, [r5, #60]	@ 0x3c
    902c:	e5810008 	str	r0, [r1, #8]
    9030:	e5940008 	ldr	r0, [r4, #8]
    9034:	e594100c 	ldr	r1, [r4, #12]
    9038:	e3c0e000 	bic	lr, r0, #0
    903c:	e584e024 	str	lr, [r4, #36]	@ 0x24
    9040:	e3a0ccff 	mov	ip, #65280	@ 0xff00
    9044:	e38cc0ff 	orr	ip, ip, #255	@ 0xff
    9048:	e001e00c 	and	lr, r1, ip
    904c:	e584e028 	str	lr, [r4, #40]	@ 0x28
    9050:	e594c00c 	ldr	ip, [r4, #12]
    9054:	e1a0282c 	lsr	r2, ip, #16
    9058:	e3a03000 	mov	r3, #0
    905c:	e3a0cc7f 	mov	ip, #32512	@ 0x7f00
    9060:	e38cc0ff 	orr	ip, ip, #255	@ 0xff
    9064:	e002200c 	and	r2, r2, ip
    9068:	e2033000 	and	r3, r3, #0
    906c:	e1a09002 	mov	r9, r2
    9070:	e1a08003 	mov	r8, r3
    9074:	e5842014 	str	r2, [r4, #20]
    9078:	e2422c3c 	sub	r2, r2, #60, 24	@ 0x3c00
    907c:	e2422001 	sub	r2, r2, #1
    9080:	e3a0cc07 	mov	ip, #1792	@ 0x700
    9084:	e38cc0fd 	orr	ip, ip, #253	@ 0xfd
    9088:	e152000c 	cmp	r2, ip
    908c:	8a000035 	bhi	0x9168
    9090:	e594c004 	ldr	ip, [r4, #4]
    9094:	e1a02e2c 	lsr	r2, ip, #28
    9098:	e3a0b000 	mov	fp, #0
    909c:	e5946028 	ldr	r6, [r4, #40]	@ 0x28
    90a0:	e5947024 	ldr	r7, [r4, #36]	@ 0x24
    90a4:	e1a06206 	lsl	r6, r6, #4
    90a8:	e1866e27 	orr	r6, r6, r7, lsr #28
    90ac:	e1a07207 	lsl	r7, r7, #4
    90b0:	e1822007 	orr	r2, r2, r7
    90b4:	e18bb006 	orr	fp, fp, r6
    90b8:	e594c014 	ldr	ip, [r4, #20]
    90bc:	e24c6df0 	sub	r6, ip, #240, 26	@ 0x3c00
    90c0:	e3a07000 	mov	r7, #0
    90c4:	e5943000 	ldr	r3, [r4]
    90c8:	e594a004 	ldr	sl, [r4, #4]
    90cc:	e3c33000 	bic	r3, r3, #0
    90d0:	e3caa4f0 	bic	sl, sl, #240, 8	@ 0xf0000000
    90d4:	e1a01003 	mov	r1, r3
    90d8:	e1a0000a 	mov	r0, sl
    90dc:	e3530001 	cmp	r3, #1
    90e0:	e2dac680 	sbcs	ip, sl, #128, 12	@ 0x8000000
    90e4:	3a000002 	bcc	0x90f4
    90e8:	e2922001 	adds	r2, r2, #1
    90ec:	e2abb000 	adc	fp, fp, #0
    90f0:	ea000007 	b	0x9114
    90f4:	e3500680 	cmp	r0, #128, 12	@ 0x8000000
    90f8:	1a000000 	bne	0x9100
    90fc:	e3510000 	cmp	r1, #0
    9100:	1a000003 	bne	0x9114
    9104:	e2020001 	and	r0, r2, #1
    9108:	e20b1000 	and	r1, fp, #0
    910c:	e0902002 	adds	r2, r0, r2
    9110:	e0a1b00b 	adc	fp, r1, fp
    9114:	e3e0c000 	mvn	ip, #0
    9118:	e15c0002 	cmp	ip, r2
    911c:	e3e0c20f 	mvn	ip, #-268435456	@ 0xf0000000
    9120:	e3ccc6ff 	bic	ip, ip, #267386880	@ 0xff00000
    9124:	e0dcc00b 	sbcs	ip, ip, fp
    9128:	e3a00000 	mov	r0, #0
    912c:	33a00001 	movcc	r0, #1
    9130:	e1a01000 	mov	r1, r0
    9134:	e3500000 	cmp	r0, #0
    9138:	13a02000 	movne	r2, #0
    913c:	e1a0e00b 	mov	lr, fp
    9140:	13a0e000 	movne	lr, #0
    9144:	e5842000 	str	r2, [r4]
    9148:	e584e004 	str	lr, [r4, #4]
    914c:	e1a00001 	mov	r0, r1
    9150:	e3a01000 	mov	r1, #0
    9154:	e090e006 	adds	lr, r0, r6
    9158:	e584e024 	str	lr, [r4, #36]	@ 0x24
    915c:	e0a1e007 	adc	lr, r1, r7
    9160:	e584e028 	str	lr, [r4, #40]	@ 0x28
    9164:	ea0000cc 	b	0x949c
    9168:	e5943000 	ldr	r3, [r4]
    916c:	e5946004 	ldr	r6, [r4, #4]
    9170:	e594c024 	ldr	ip, [r4, #36]	@ 0x24
    9174:	e183300c 	orr	r3, r3, ip
    9178:	e594c028 	ldr	ip, [r4, #40]	@ 0x28
    917c:	e186600c 	orr	r6, r6, ip
    9180:	e193c006 	orrs	ip, r3, r6
    9184:	0a000019 	beq	0x91f0
    9188:	e3580000 	cmp	r8, #0
    918c:	1a000002 	bne	0x919c
    9190:	e3a0cc7f 	mov	ip, #32512	@ 0x7f00
    9194:	e38cc0ff 	orr	ip, ip, #255	@ 0xff
    9198:	e159000c 	cmp	r9, ip
    919c:	1a000013 	bne	0x91f0
    91a0:	e594c004 	ldr	ip, [r4, #4]
    91a4:	e1a03e2c 	lsr	r3, ip, #28
    91a8:	e3a06000 	mov	r6, #0
    91ac:	e594a028 	ldr	sl, [r4, #40]	@ 0x28
    91b0:	e5947024 	ldr	r7, [r4, #36]	@ 0x24
    91b4:	e1a0a20a 	lsl	sl, sl, #4
    91b8:	e18aae27 	orr	sl, sl, r7, lsr #28
    91bc:	e1a07207 	lsl	r7, r7, #4
    91c0:	e1833007 	orr	r3, r3, r7
    91c4:	e186600a 	orr	r6, r6, sl
    91c8:	e383e000 	orr	lr, r3, #0
    91cc:	e584e000 	str	lr, [r4]
    91d0:	e386ea80 	orr	lr, r6, #128, 20	@ 0x80000
    91d4:	e584e004 	str	lr, [r4, #4]
    91d8:	e3a0ec07 	mov	lr, #1792	@ 0x700
    91dc:	e38ee0ff 	orr	lr, lr, #255	@ 0xff
    91e0:	e584e024 	str	lr, [r4, #36]	@ 0x24
    91e4:	e3a0e000 	mov	lr, #0
    91e8:	e584e028 	str	lr, [r4, #40]	@ 0x28
    91ec:	ea0000aa 	b	0x949c
    91f0:	e594c014 	ldr	ip, [r4, #20]
    91f4:	e3a0ec43 	mov	lr, #17152	@ 0x4300
    91f8:	e38ee0fe 	orr	lr, lr, #254	@ 0xfe
    91fc:	e15c000e 	cmp	ip, lr
    9200:	9a000009 	bls	0x922c
    9204:	e3a0ec07 	mov	lr, #1792	@ 0x700
    9208:	e38ee0ff 	orr	lr, lr, #255	@ 0xff
    920c:	e584e024 	str	lr, [r4, #36]	@ 0x24
    9210:	e3a0e000 	mov	lr, #0
    9214:	e584e028 	str	lr, [r4, #40]	@ 0x28
    9218:	e3a0e000 	mov	lr, #0
    921c:	e584e000 	str	lr, [r4]
    9220:	e3a0e000 	mov	lr, #0
    9224:	e584e004 	str	lr, [r4, #4]
    9228:	ea00009b 	b	0x949c
    922c:	e199c008 	orrs	ip, r9, r8
    9230:	e3a03000 	mov	r3, #0
    9234:	03a03001 	moveq	r3, #1
    9238:	e1a06003 	mov	r6, r3
    923c:	e3530000 	cmp	r3, #0
    9240:	e3a07df0 	mov	r7, #240, 26	@ 0x3c00
    9244:	e3a0cc3c 	mov	ip, #60, 24	@ 0x3c00
    9248:	e38cc001 	orr	ip, ip, #1
    924c:	01a0700c 	moveq	r7, ip
    9250:	e1a03007 	mov	r3, r7
    9254:	e594c014 	ldr	ip, [r4, #20]
    9258:	e047700c 	sub	r7, r7, ip
    925c:	e1a08007 	mov	r8, r7
    9260:	e3570070 	cmp	r7, #112	@ 0x70
    9264:	da000008 	ble	0x928c
    9268:	e3a0e000 	mov	lr, #0
    926c:	e584e000 	str	lr, [r4]
    9270:	e3a0e000 	mov	lr, #0
    9274:	e584e004 	str	lr, [r4, #4]
    9278:	e3a0e000 	mov	lr, #0
    927c:	e584e024 	str	lr, [r4, #36]	@ 0x24
    9280:	e3a0e000 	mov	lr, #0
    9284:	e584e028 	str	lr, [r4, #40]	@ 0x28
    9288:	ea000083 	b	0x949c
    928c:	e5947024 	ldr	r7, [r4, #36]	@ 0x24
    9290:	e5949028 	ldr	r9, [r4, #40]	@ 0x28
    9294:	e3877000 	orr	r7, r7, #0
    9298:	e3899b40 	orr	r9, r9, #64, 22	@ 0x10000
    929c:	e3560000 	cmp	r6, #0
    92a0:	e594c024 	ldr	ip, [r4, #36]	@ 0x24
    92a4:	11a0700c 	movne	r7, ip
    92a8:	e594c028 	ldr	ip, [r4, #40]	@ 0x28
    92ac:	11a0900c 	movne	r9, ip
    92b0:	e3a06000 	mov	r6, #0
    92b4:	e594c014 	ldr	ip, [r4, #20]
    92b8:	e153000c 	cmp	r3, ip
    92bc:	0a000028 	beq	0x9364
    92c0:	e594c010 	ldr	ip, [r4, #16]
    92c4:	e28c3010 	add	r3, ip, #16
    92c8:	e268a080 	rsb	sl, r8, #128	@ 0x80
    92cc:	e5843058 	str	r3, [r4, #88]	@ 0x58
    92d0:	e5847024 	str	r7, [r4, #36]	@ 0x24
    92d4:	e5849028 	str	r9, [r4, #40]	@ 0x28
    92d8:	e584a06c 	str	sl, [r4, #108]	@ 0x6c
    92dc:	e59f0330 	ldr	r0, [pc, #816]	@ 0x9614
    92e0:	e1a01004 	mov	r1, r4
    92e4:	e59d2000 	ldr	r2, [sp]
    92e8:	e59fc328 	ldr	ip, [pc, #808]	@ 0x9618
    92ec:	e12fff3c 	blx	ip
    92f0:	e3500000 	cmp	r0, #0
    92f4:	1a000083 	bne	0x9508
    92f8:	e594b010 	ldr	fp, [r4, #16]
    92fc:	e5952030 	ldr	r2, [r5, #48]	@ 0x30
    9300:	e29bb010 	adds	fp, fp, #16
    9304:	2a00007c 	bcs	0x94fc
    9308:	e59fc2cc 	ldr	ip, [pc, #716]	@ 0x95dc
    930c:	e15b000c 	cmp	fp, ip
    9310:	8a000079 	bhi	0x94fc
    9314:	e082c00b 	add	ip, r2, fp
    9318:	e59c3000 	ldr	r3, [ip]
    931c:	e59ca004 	ldr	sl, [ip, #4]
    9320:	e5941010 	ldr	r1, [r4, #16]
    9324:	e5950030 	ldr	r0, [r5, #48]	@ 0x30
    9328:	e2911018 	adds	r1, r1, #24
    932c:	2a000072 	bcs	0x94fc
    9330:	e59fc2a4 	ldr	ip, [pc, #676]	@ 0x95dc
    9334:	e151000c 	cmp	r1, ip
    9338:	8a00006f 	bhi	0x94fc
    933c:	e080c001 	add	ip, r0, r1
    9340:	e59c2000 	ldr	r2, [ip]
    9344:	e59cb004 	ldr	fp, [ip, #4]
    9348:	e1833002 	orr	r3, r3, r2
    934c:	e18aa00b 	orr	sl, sl, fp
    9350:	e35a0000 	cmp	sl, #0
    9354:	1a000000 	bne	0x935c
    9358:	e3530000 	cmp	r3, #0
    935c:	e3a06000 	mov	r6, #0
    9360:	13a06001 	movne	r6, #1
    9364:	e5847024 	str	r7, [r4, #36]	@ 0x24
    9368:	e5849028 	str	r9, [r4, #40]	@ 0x28
    936c:	e5848020 	str	r8, [r4, #32]
    9370:	e59f02a4 	ldr	r0, [pc, #676]	@ 0x961c
    9374:	e1a01004 	mov	r1, r4
    9378:	e59d2000 	ldr	r2, [sp]
    937c:	e59fc29c 	ldr	ip, [pc, #668]	@ 0x9620
    9380:	e12fff3c 	blx	ip
    9384:	e3500000 	cmp	r0, #0
    9388:	1a00005e 	bne	0x9508
    938c:	e5943010 	ldr	r3, [r4, #16]
    9390:	e5952030 	ldr	r2, [r5, #48]	@ 0x30
    9394:	e59fc240 	ldr	ip, [pc, #576]	@ 0x95dc
    9398:	e153000c 	cmp	r3, ip
    939c:	8a000056 	bhi	0x94fc
    93a0:	e082c003 	add	ip, r2, r3
    93a4:	e59c0000 	ldr	r0, [ip]
    93a8:	e59c1004 	ldr	r1, [ip, #4]
    93ac:	e1a02000 	mov	r2, r0
    93b0:	e1a03001 	mov	r3, r1
    93b4:	e1a00e21 	lsr	r0, r1, #28
    93b8:	e3a01000 	mov	r1, #0
    93bc:	e594a010 	ldr	sl, [r4, #16]
    93c0:	e5959030 	ldr	r9, [r5, #48]	@ 0x30
    93c4:	e29aa008 	adds	sl, sl, #8
    93c8:	2a00004b 	bcs	0x94fc
    93cc:	e59fc208 	ldr	ip, [pc, #520]	@ 0x95dc
    93d0:	e15a000c 	cmp	sl, ip
    93d4:	8a000048 	bhi	0x94fc
    93d8:	e089c00a 	add	ip, r9, sl
    93dc:	e59c7000 	ldr	r7, [ip]
    93e0:	e59c8004 	ldr	r8, [ip, #4]
    93e4:	e1a08208 	lsl	r8, r8, #4
    93e8:	e1888e27 	orr	r8, r8, r7, lsr #28
    93ec:	e1a07207 	lsl	r7, r7, #4
    93f0:	e1800007 	orr	r0, r0, r7
    93f4:	e1811008 	orr	r1, r1, r8
    93f8:	e3c22000 	bic	r2, r2, #0
    93fc:	e3c334f0 	bic	r3, r3, #240, 8	@ 0xf0000000
    9400:	e3a07000 	mov	r7, #0
    9404:	e1822006 	orr	r2, r2, r6
    9408:	e1833007 	orr	r3, r3, r7
    940c:	e1a06002 	mov	r6, r2
    9410:	e1a07003 	mov	r7, r3
    9414:	e3520001 	cmp	r2, #1
    9418:	e2d3c680 	sbcs	ip, r3, #128, 12	@ 0x8000000
    941c:	3a000002 	bcc	0x942c
    9420:	e2900001 	adds	r0, r0, #1
    9424:	e2a11000 	adc	r1, r1, #0
    9428:	ea000007 	b	0x944c
    942c:	e3570680 	cmp	r7, #128, 12	@ 0x8000000
    9430:	1a000000 	bne	0x9438
    9434:	e3560000 	cmp	r6, #0
    9438:	1a000003 	bne	0x944c
    943c:	e2002001 	and	r2, r0, #1
    9440:	e2013000 	and	r3, r1, #0
    9444:	e0920000 	adds	r0, r2, r0
    9448:	e0a31001 	adc	r1, r3, r1
    944c:	e2202000 	eor	r2, r0, #0
    9450:	e2213940 	eor	r3, r1, #64, 18	@ 0x100000
    9454:	e3e0c000 	mvn	ip, #0
    9458:	e15c0000 	cmp	ip, r0
    945c:	e3e0c20f 	mvn	ip, #-268435456	@ 0xf0000000
    9460:	e3ccc6ff 	bic	ip, ip, #267386880	@ 0xff00000
    9464:	e0dcc001 	sbcs	ip, ip, r1
    9468:	e3a06000 	mov	r6, #0
    946c:	33a06001 	movcc	r6, #1
    9470:	e1a07006 	mov	r7, r6
    9474:	e3560000 	cmp	r6, #0
    9478:	e1a08002 	mov	r8, r2
    947c:	01a08000 	moveq	r8, r0
    9480:	e1a0e003 	mov	lr, r3
    9484:	01a0e001 	moveq	lr, r1
    9488:	e5848000 	str	r8, [r4]
    948c:	e584e004 	str	lr, [r4, #4]
    9490:	e5847024 	str	r7, [r4, #36]	@ 0x24
    9494:	e3a0e000 	mov	lr, #0
    9498:	e584e028 	str	lr, [r4, #40]	@ 0x28
    949c:	e594c010 	ldr	ip, [r4, #16]
    94a0:	e28c0020 	add	r0, ip, #32
    94a4:	e595103c 	ldr	r1, [r5, #60]	@ 0x3c
    94a8:	e5810008 	str	r0, [r1, #8]
    94ac:	e594c024 	ldr	ip, [r4, #36]	@ 0x24
    94b0:	e1a01a0c 	lsl	r1, ip, #20
    94b4:	e3a00000 	mov	r0, #0
    94b8:	e5942008 	ldr	r2, [r4, #8]
    94bc:	e594300c 	ldr	r3, [r4, #12]
    94c0:	e2022000 	and	r2, r2, #0
    94c4:	e2033480 	and	r3, r3, #128, 8	@ 0x80000000
    94c8:	e1800002 	orr	r0, r0, r2
    94cc:	e1811003 	orr	r1, r1, r3
    94d0:	e594c000 	ldr	ip, [r4]
    94d4:	e180000c 	orr	r0, r0, ip
    94d8:	e594c004 	ldr	ip, [r4, #4]
    94dc:	e181100c 	orr	r1, r1, ip
    94e0:	ec410a10 	vmov	s0, s1, r0, r1
    94e4:	ed840b16 	vstr	d0, [r4, #88]	@ 0x58
    94e8:	e59f0134 	ldr	r0, [pc, #308]	@ 0x9624
    94ec:	e30ccabc 	movw	ip, #51900	@ 0xcabc
    94f0:	e34ccdef 	movt	ip, #52719	@ 0xcdef
    94f4:	e28dd004 	add	sp, sp, #4
    94f8:	e8bd8fc0 	pop	{r6, r7, r8, r9, sl, fp, pc}
    94fc:	e3a00008 	mov	r0, #8
    9500:	e59d1000 	ldr	r1, [sp]
    9504:	e5810010 	str	r0, [r1, #16]
    9508:	e59d0000 	ldr	r0, [sp]
    950c:	e59d101c 	ldr	r1, [sp, #28]
    9510:	e59fc110 	ldr	ip, [pc, #272]	@ 0x9628
    9514:	e12fff3c 	blx	ip
    9518:	e28dd004 	add	sp, sp, #4
    951c:	e8bd0fc0 	pop	{r6, r7, r8, r9, sl, fp}
    9520:	e28dd004 	add	sp, sp, #4
    9524:	e12fff10 	bx	r0
    9528:	e52de004 	push	{lr}		@ (str lr, [sp, #-4]!)
    952c:	e24dd004 	sub	sp, sp, #4
    9530:	e58d0000 	str	r0, [sp]
    9534:	e30cc123 	movw	ip, #49443	@ 0xc123
    9538:	e34cc456 	movt	ip, #50262	@ 0xc456
    953c:	e5940000 	ldr	r0, [r4]
    9540:	e595103c 	ldr	r1, [r5, #60]	@ 0x3c
    9544:	e5810008 	str	r0, [r1, #8]
    9548:	e59f00dc 	ldr	r0, [pc, #220]	@ 0x962c
    954c:	e30ccabc 	movw	ip, #51900	@ 0xcabc
    9550:	e34ccdef 	movt	ip, #52719	@ 0xcdef
    9554:	e28dd004 	add	sp, sp, #4
    9558:	e49df004 	pop	{pc}		@ (ldr pc, [sp], #4)
    955c:	e52de004 	push	{lr}		@ (str lr, [sp, #-4]!)
    9560:	e24dd004 	sub	sp, sp, #4
    9564:	e58d0000 	str	r0, [sp]
    9568:	ea000030 	b	0x9630
	...
    9578:	004090f0 	strdeq	r9, [r0], #-0
    957c:	00409264 	subeq	r9, r0, r4, ror #4
    9580:	00409268 	subeq	r9, r0, r8, ror #4
    9584:	000487b4 			@ <UNDEFINED> instruction: 0x000487b4
    9588:	0101fffc 	strdeq	pc, [r1, -ip]
    958c:	00409294 	umaaleq	r9, r0, r4, r2
    9590:	004092ac 	subeq	r9, r0, ip, lsr #5
    9594:	00047eac 	andeq	r7, r4, ip, lsr #29
    9598:	003faa38 	eorseq	sl, pc, r8, lsr sl	@ <UNPREDICTABLE>
    959c:	003faa3c 	eorseq	sl, pc, ip, lsr sl	@ <UNPREDICTABLE>
    95a0:	000487b4 			@ <UNDEFINED> instruction: 0x000487b4
    95a4:	003faa58 	eorseq	sl, pc, r8, asr sl	@ <UNPREDICTABLE>
    95a8:	00047eac 	andeq	r7, r4, ip, lsr #29
    95ac:	00403a60 	subeq	r3, r0, r0, ror #20
    95b0:	003fea3c 	eorseq	lr, pc, ip, lsr sl	@ <UNPREDICTABLE>
    95b4:	000487b4 			@ <UNDEFINED> instruction: 0x000487b4
    95b8:	003fea4c 	eorseq	lr, pc, ip, asr #20
    95bc:	000487b4 			@ <UNDEFINED> instruction: 0x000487b4
    95c0:	003fea5c 	eorseq	lr, pc, ip, asr sl	@ <UNPREDICTABLE>
    95c4:	000487b4 			@ <UNDEFINED> instruction: 0x000487b4
    95c8:	003fea74 	eorseq	lr, pc, r4, ror sl	@ <UNPREDICTABLE>
    95cc:	00047eac 	andeq	r7, r4, ip, lsr #29
    95d0:	003f75a8 	eorseq	r7, pc, r8, lsr #11
    95d4:	000487b4 			@ <UNDEFINED> instruction: 0x000487b4
    95d8:	000487b4 			@ <UNDEFINED> instruction: 0x000487b4
    95dc:	0101fff8 	strdeq	pc, [r1, -r8]
    95e0:	003f7614 	eorseq	r7, pc, r4, lsl r6	@ <UNPREDICTABLE>
    95e4:	00047eac 	andeq	r7, r4, ip, lsr #29
    95e8:	003fa29c 	mlaseq	pc, ip, r2, sl	@ <UNPREDICTABLE>
    95ec:	000487b4 			@ <UNDEFINED> instruction: 0x000487b4
    95f0:	003fa2bc 	ldrhteq	sl, [pc], -ip
    95f4:	00047eac 	andeq	r7, r4, ip, lsr #29
    95f8:	003eb320 	eorseq	fp, lr, r0, lsr #6
    95fc:	00402a7c 	subeq	r2, r0, ip, ror sl
    9600:	003fed04 	eorseq	lr, pc, r4, lsl #26
    9604:	00403944 	subeq	r3, r0, r4, asr #18
    9608:	00047eac 	andeq	r7, r4, ip, lsr #29
    960c:	00401b7c 	subeq	r1, r0, ip, ror fp
    9610:	00047eac 	andeq	r7, r4, ip, lsr #29
    9614:	00404a48 	subeq	r4, r0, r8, asr #20
    9618:	000487b4 			@ <UNDEFINED> instruction: 0x000487b4
    961c:	00404aa0 	subeq	r4, r0, r0, lsr #21
    9620:	000487b4 			@ <UNDEFINED> instruction: 0x000487b4
    9624:	00404cbc 	strheq	r4, [r0], #-204	@ 0xffffff34
    9628:	00047eac 	andeq	r7, r4, ip, lsr #29
    962c:	0040281c 	subeq	r2, r0, ip, lsl r8
    9630:	e30cc123 	movw	ip, #49443	@ 0xc123
    9634:	e34cc456 	movt	ip, #50262	@ 0xc456
    9638:	e595e03c 	ldr	lr, [r5, #60]	@ 0x3c
    963c:	e59e0008 	ldr	r0, [lr, #8]
    9640:	e5840000 	str	r0, [r4]
    9644:	e59f034c 	ldr	r0, [pc, #844]	@ 0x9998
    9648:	e30ccabc 	movw	ip, #51900	@ 0xcabc
    964c:	e34ccdef 	movt	ip, #52719	@ 0xcdef
    9650:	e28dd004 	add	sp, sp, #4
    9654:	e49df004 	pop	{pc}		@ (ldr pc, [sp], #4)
    9658:	e52de004 	push	{lr}		@ (str lr, [sp, #-4]!)
    965c:	e24dd004 	sub	sp, sp, #4
    9660:	e58d0000 	str	r0, [sp]
    9664:	e30cc123 	movw	ip, #49443	@ 0xc123
    9668:	e34cc456 	movt	ip, #50262	@ 0xc456
    966c:	e5940000 	ldr	r0, [r4]
    9670:	e3500099 	cmp	r0, #153	@ 0x99
    9674:	83a00000 	movhi	r0, #0
    9678:	e1a00080 	lsl	r0, r0, #1
    967c:	e1a02000 	mov	r2, r0
    9680:	e5951030 	ldr	r1, [r5, #48]	@ 0x30
    9684:	e3a0cb42 	mov	ip, #67584	@ 0x10800
    9688:	e38ccf70 	orr	ip, ip, #112, 30	@ 0x1c0
    968c:	e092200c 	adds	r2, r2, ip
    9690:	2a00000b 	bcs	0x96c4
    9694:	e59fc300 	ldr	ip, [pc, #768]	@ 0x999c
    9698:	e152000c 	cmp	r2, ip
    969c:	8a000008 	bhi	0x96c4
    96a0:	e19100b2 	ldrh	r0, [r1, r2]
    96a4:	e2800b40 	add	r0, r0, #64, 22	@ 0x10000
    96a8:	e2800f94 	add	r0, r0, #148, 30	@ 0x250
    96ac:	e5840018 	str	r0, [r4, #24]
    96b0:	e59f02e8 	ldr	r0, [pc, #744]	@ 0x99a0
    96b4:	e30ccabc 	movw	ip, #51900	@ 0xcabc
    96b8:	e34ccdef 	movt	ip, #52719	@ 0xcdef
    96bc:	e28dd004 	add	sp, sp, #4
    96c0:	e49df004 	pop	{pc}		@ (ldr pc, [sp], #4)
    96c4:	e3a00008 	mov	r0, #8
    96c8:	e59d1000 	ldr	r1, [sp]
    96cc:	e5810010 	str	r0, [r1, #16]
    96d0:	e59d0000 	ldr	r0, [sp]
    96d4:	e59d1004 	ldr	r1, [sp, #4]
    96d8:	e59fc2c4 	ldr	ip, [pc, #708]	@ 0x99a4
    96dc:	e12fff3c 	blx	ip
    96e0:	e28dd008 	add	sp, sp, #8
    96e4:	e12fff10 	bx	r0
    96e8:	e52de004 	push	{lr}		@ (str lr, [sp, #-4]!)
    96ec:	e24dd004 	sub	sp, sp, #4
    96f0:	e58d0000 	str	r0, [sp]
    96f4:	e30cc123 	movw	ip, #49443	@ 0xc123
    96f8:	e34cc456 	movt	ip, #50262	@ 0xc456
    96fc:	e5940000 	ldr	r0, [r4]
    9700:	e5840000 	str	r0, [r4]
    9704:	e5840000 	str	r0, [r4]
    9708:	e3a009ff 	mov	r0, #4177920	@ 0x3fc000
    970c:	e3800dce 	orr	r0, r0, #13184	@ 0x3380
    9710:	e1a01004 	mov	r1, r4
    9714:	e59d2000 	ldr	r2, [sp]
    9718:	e59fc288 	ldr	ip, [pc, #648]	@ 0x99a8
    971c:	e12fff3c 	blx	ip
    9720:	e3500000 	cmp	r0, #0
    9724:	1a000006 	bne	0x9744
    9728:	e5940004 	ldr	r0, [r4, #4]
    972c:	e5840004 	str	r0, [r4, #4]
    9730:	e59f0274 	ldr	r0, [pc, #628]	@ 0x99ac
    9734:	e30ccabc 	movw	ip, #51900	@ 0xcabc
    9738:	e34ccdef 	movt	ip, #52719	@ 0xcdef
    973c:	e28dd004 	add	sp, sp, #4
    9740:	e49df004 	pop	{pc}		@ (ldr pc, [sp], #4)
    9744:	e59d0000 	ldr	r0, [sp]
    9748:	e59d1004 	ldr	r1, [sp, #4]
    974c:	e59fc25c 	ldr	ip, [pc, #604]	@ 0x99b0
    9750:	e12fff3c 	blx	ip
    9754:	e28dd008 	add	sp, sp, #8
    9758:	e12fff10 	bx	r0
    975c:	e52de004 	push	{lr}		@ (str lr, [sp, #-4]!)
    9760:	e24dd004 	sub	sp, sp, #4
    9764:	e58d0000 	str	r0, [sp]
    9768:	e30cc123 	movw	ip, #49443	@ 0xc123
    976c:	e34cc456 	movt	ip, #50262	@ 0xc456
    9770:	e3a0e001 	mov	lr, #1
    9774:	e584e000 	str	lr, [r4]
    9778:	e59f0234 	ldr	r0, [pc, #564]	@ 0x99b4
    977c:	e30ccabc 	movw	ip, #51900	@ 0xcabc
    9780:	e34ccdef 	movt	ip, #52719	@ 0xcdef
    9784:	e28dd004 	add	sp, sp, #4
    9788:	e49df004 	pop	{pc}		@ (ldr pc, [sp], #4)
    978c:	e52de004 	push	{lr}		@ (str lr, [sp, #-4]!)
    9790:	e24dd004 	sub	sp, sp, #4
    9794:	e58d0000 	str	r0, [sp]
    9798:	e30cc123 	movw	ip, #49443	@ 0xc123
    979c:	e34cc456 	movt	ip, #50262	@ 0xc456
    97a0:	e1a0e005 	mov	lr, r5
    97a4:	e59e005c 	ldr	r0, [lr, #92]	@ 0x5c
    97a8:	e5840000 	str	r0, [r4]
    97ac:	e59f0204 	ldr	r0, [pc, #516]	@ 0x99b8
    97b0:	e30ccabc 	movw	ip, #51900	@ 0xcabc
    97b4:	e34ccdef 	movt	ip, #52719	@ 0xcdef
    97b8:	e28dd004 	add	sp, sp, #4
    97bc:	e49df004 	pop	{pc}		@ (ldr pc, [sp], #4)
    97c0:	e52de004 	push	{lr}		@ (str lr, [sp, #-4]!)
    97c4:	e24dd004 	sub	sp, sp, #4
    97c8:	e58d0000 	str	r0, [sp]
    97cc:	e30cc123 	movw	ip, #49443	@ 0xc123
    97d0:	e34cc456 	movt	ip, #50262	@ 0xc456
    97d4:	e1a0e005 	mov	lr, r5
    97d8:	e59e0094 	ldr	r0, [lr, #148]	@ 0x94
    97dc:	e5840000 	str	r0, [r4]
    97e0:	e59f01d4 	ldr	r0, [pc, #468]	@ 0x99bc
    97e4:	e30ccabc 	movw	ip, #51900	@ 0xcabc
    97e8:	e34ccdef 	movt	ip, #52719	@ 0xcdef
    97ec:	e28dd004 	add	sp, sp, #4
    97f0:	e49df004 	pop	{pc}		@ (ldr pc, [sp], #4)
    97f4:	e52de004 	push	{lr}		@ (str lr, [sp, #-4]!)
    97f8:	e24dd004 	sub	sp, sp, #4
    97fc:	e58d0000 	str	r0, [sp]
    9800:	e30cc123 	movw	ip, #49443	@ 0xc123
    9804:	e34cc456 	movt	ip, #50262	@ 0xc456
    9808:	e1a0e005 	mov	lr, r5
    980c:	e59e0090 	ldr	r0, [lr, #144]	@ 0x90
    9810:	e5840000 	str	r0, [r4]
    9814:	e59f01a4 	ldr	r0, [pc, #420]	@ 0x99c0
    9818:	e30ccabc 	movw	ip, #51900	@ 0xcabc
    981c:	e34ccdef 	movt	ip, #52719	@ 0xcdef
    9820:	e28dd004 	add	sp, sp, #4
    9824:	e49df004 	pop	{pc}		@ (ldr pc, [sp], #4)
    9828:	e52de004 	push	{lr}		@ (str lr, [sp, #-4]!)
    982c:	e24dd004 	sub	sp, sp, #4
    9830:	e58d0000 	str	r0, [sp]
    9834:	e30cc123 	movw	ip, #49443	@ 0xc123
    9838:	e34cc456 	movt	ip, #50262	@ 0xc456
    983c:	e1a0e005 	mov	lr, r5
    9840:	e59e0098 	ldr	r0, [lr, #152]	@ 0x98
    9844:	e5840000 	str	r0, [r4]
    9848:	e59f0174 	ldr	r0, [pc, #372]	@ 0x99c4
    984c:	e30ccabc 	movw	ip, #51900	@ 0xcabc
    9850:	e34ccdef 	movt	ip, #52719	@ 0xcdef
    9854:	e28dd004 	add	sp, sp, #4
    9858:	e49df004 	pop	{pc}		@ (ldr pc, [sp], #4)
    985c:	e52de004 	push	{lr}		@ (str lr, [sp, #-4]!)
    9860:	e24dd004 	sub	sp, sp, #4
    9864:	e58d0000 	str	r0, [sp]
    9868:	e30cc123 	movw	ip, #49443	@ 0xc123
    986c:	e34cc456 	movt	ip, #50262	@ 0xc456
    9870:	e1a0e005 	mov	lr, r5
    9874:	e59e0100 	ldr	r0, [lr, #256]	@ 0x100
    9878:	e5840000 	str	r0, [r4]
    987c:	e59f0144 	ldr	r0, [pc, #324]	@ 0x99c8
    9880:	e30ccabc 	movw	ip, #51900	@ 0xcabc
    9884:	e34ccdef 	movt	ip, #52719	@ 0xcdef
    9888:	e28dd004 	add	sp, sp, #4
    988c:	e49df004 	pop	{pc}		@ (ldr pc, [sp], #4)
    9890:	e52de004 	push	{lr}		@ (str lr, [sp, #-4]!)
    9894:	e24dd004 	sub	sp, sp, #4
    9898:	e58d0000 	str	r0, [sp]
    989c:	e30cc123 	movw	ip, #49443	@ 0xc123
    98a0:	e34cc456 	movt	ip, #50262	@ 0xc456
    98a4:	e1a0e005 	mov	lr, r5
    98a8:	e59e0104 	ldr	r0, [lr, #260]	@ 0x104
    98ac:	e5840000 	str	r0, [r4]
    98b0:	e59f0114 	ldr	r0, [pc, #276]	@ 0x99cc
    98b4:	e30ccabc 	movw	ip, #51900	@ 0xcabc
    98b8:	e34ccdef 	movt	ip, #52719	@ 0xcdef
    98bc:	e28dd004 	add	sp, sp, #4
    98c0:	e49df004 	pop	{pc}		@ (ldr pc, [sp], #4)
    98c4:	e52de004 	push	{lr}		@ (str lr, [sp, #-4]!)
    98c8:	e24dd004 	sub	sp, sp, #4
    98cc:	e58d0000 	str	r0, [sp]
    98d0:	e30cc123 	movw	ip, #49443	@ 0xc123
    98d4:	e34cc456 	movt	ip, #50262	@ 0xc456
    98d8:	e1a0e005 	mov	lr, r5
    98dc:	e59e012c 	ldr	r0, [lr, #300]	@ 0x12c
    98e0:	e5840000 	str	r0, [r4]
    98e4:	e59f00e4 	ldr	r0, [pc, #228]	@ 0x99d0
    98e8:	e30ccabc 	movw	ip, #51900	@ 0xcabc
    98ec:	e34ccdef 	movt	ip, #52719	@ 0xcdef
    98f0:	e28dd004 	add	sp, sp, #4
    98f4:	e49df004 	pop	{pc}		@ (ldr pc, [sp], #4)
    98f8:	e52de004 	push	{lr}		@ (str lr, [sp, #-4]!)
    98fc:	e24dd004 	sub	sp, sp, #4
    9900:	e58d0000 	str	r0, [sp]
    9904:	e30cc123 	movw	ip, #49443	@ 0xc123
    9908:	e34cc456 	movt	ip, #50262	@ 0xc456
    990c:	e1a0e005 	mov	lr, r5
    9910:	e59e0134 	ldr	r0, [lr, #308]	@ 0x134
    9914:	e5840000 	str	r0, [r4]
    9918:	e59f00b4 	ldr	r0, [pc, #180]	@ 0x99d4
    991c:	e30ccabc 	movw	ip, #51900	@ 0xcabc
    9920:	e34ccdef 	movt	ip, #52719	@ 0xcdef
    9924:	e28dd004 	add	sp, sp, #4
    9928:	e49df004 	pop	{pc}		@ (ldr pc, [sp], #4)
    992c:	e52de004 	push	{lr}		@ (str lr, [sp, #-4]!)
    9930:	e24dd004 	sub	sp, sp, #4
    9934:	e58d0000 	str	r0, [sp]
    9938:	e30cc123 	movw	ip, #49443	@ 0xc123
    993c:	e34cc456 	movt	ip, #50262	@ 0xc456
    9940:	e3a0eb40 	mov	lr, #64, 22	@ 0x10000
    9944:	e584e000 	str	lr, [r4]
    9948:	e59f0088 	ldr	r0, [pc, #136]	@ 0x99d8
    994c:	e30ccabc 	movw	ip, #51900	@ 0xcabc
    9950:	e34ccdef 	movt	ip, #52719	@ 0xcdef
    9954:	e28dd004 	add	sp, sp, #4
    9958:	e49df004 	pop	{pc}		@ (ldr pc, [sp], #4)
    995c:	e52de004 	push	{lr}		@ (str lr, [sp, #-4]!)
    9960:	e24dd004 	sub	sp, sp, #4
    9964:	e58d0000 	str	r0, [sp]
    9968:	e30cc123 	movw	ip, #49443	@ 0xc123
    996c:	e34cc456 	movt	ip, #50262	@ 0xc456
    9970:	e3a0eb42 	mov	lr, #67584	@ 0x10800
    9974:	e38eefbe 	orr	lr, lr, #760	@ 0x2f8
    9978:	e584e000 	str	lr, [r4]
    997c:	e59f0058 	ldr	r0, [pc, #88]	@ 0x99dc
    9980:	e30ccabc 	movw	ip, #51900	@ 0xcabc
    9984:	e34ccdef 	movt	ip, #52719	@ 0xcdef
    9988:	e28dd004 	add	sp, sp, #4
    998c:	e49df004 	pop	{pc}		@ (ldr pc, [sp], #4)
    9990:	ea000012 	b	0x99e0
    9994:	00000000 	andeq	r0, r0, r0
    9998:	003fdda4 	eorseq	sp, pc, r4, lsr #27
    999c:	0101fffe 	strdeq	pc, [r1, -lr]
    99a0:	003fec58 	eorseq	lr, pc, r8, asr ip	@ <UNPREDICTABLE>
    99a4:	00047eac 	andeq	r7, r4, ip, lsr #29
    99a8:	000487b4 			@ <UNDEFINED> instruction: 0x000487b4
    99ac:	003ff39c 	mlaseq	pc, ip, r3, pc	@ <UNPREDICTABLE>
    99b0:	00047eac 	andeq	r7, r4, ip, lsr #29
    99b4:	003f628c 	eorseq	r6, pc, ip, lsl #5
    99b8:	003f69ac 	eorseq	r6, pc, ip, lsr #19
    99bc:	003f6a34 	eorseq	r6, pc, r4, lsr sl	@ <UNPREDICTABLE>
    99c0:	003f6abc 	ldrhteq	r6, [pc], -ip
    99c4:	003f6b44 	eorseq	r6, pc, r4, asr #22
    99c8:	003f6bcc 	eorseq	r6, pc, ip, asr #23
    99cc:	003f6c54 	eorseq	r6, pc, r4, asr ip	@ <UNPREDICTABLE>
    99d0:	003f6cdc 	ldrsbteq	r6, [pc], -ip
    99d4:	003f6d64 	eorseq	r6, pc, r4, ror #26
    99d8:	003ff24c 	eorseq	pc, pc, ip, asr #4
    99dc:	004027fc 	strdeq	r2, [r0], #-124	@ 0xffffff84
    99e0:	e1a00000 	nop			@ (mov r0, r0)
    99e4:	e1a00000 	nop			@ (mov r0, r0)
    99e8:	e1a00000 	nop			@ (mov r0, r0)
    99ec:	e1a00000 	nop			@ (mov r0, r0)
    99f0:	e1a00000 	nop			@ (mov r0, r0)
    99f4:	e1a00000 	nop			@ (mov r0, r0)
    99f8:	e1a00000 	nop			@ (mov r0, r0)
    99fc:	e1a00000 	nop			@ (mov r0, r0)
    9a00:	e1a00000 	nop			@ (mov r0, r0)
    9a04:	e1a00000 	nop			@ (mov r0, r0)
    9a08:	e1a00000 	nop			@ (mov r0, r0)
    9a0c:	e1a00000 	nop			@ (mov r0, r0)
    9a10:	e1a00000 	nop			@ (mov r0, r0)
    9a14:	e1a00000 	nop			@ (mov r0, r0)
    9a18:	e1a00000 	nop			@ (mov r0, r0)
    9a1c:	e1a00000 	nop			@ (mov r0, r0)
    9a20:	e1a00000 	nop			@ (mov r0, r0)
    9a24:	e1a00000 	nop			@ (mov r0, r0)
    9a28:	e1a00000 	nop			@ (mov r0, r0)
    9a2c:	e1a00000 	nop			@ (mov r0, r0)
    9a30:	e1a00000 	nop			@ (mov r0, r0)
    9a34:	e1a00000 	nop			@ (mov r0, r0)
    9a38:	e1a00000 	nop			@ (mov r0, r0)
    9a3c:	e1a00000 	nop			@ (mov r0, r0)
    9a40:	e1a00000 	nop			@ (mov r0, r0)
    9a44:	e1a00000 	nop			@ (mov r0, r0)
    9a48:	e1a00000 	nop			@ (mov r0, r0)
    9a4c:	e1a00000 	nop			@ (mov r0, r0)
    9a50:	e1a00000 	nop			@ (mov r0, r0)
    9a54:	e1a00000 	nop			@ (mov r0, r0)
    9a58:	e1a00000 	nop			@ (mov r0, r0)
    9a5c:	e1a00000 	nop			@ (mov r0, r0)
    9a60:	e1a00000 	nop			@ (mov r0, r0)
    9a64:	e1a00000 	nop			@ (mov r0, r0)
    9a68:	e1a00000 	nop			@ (mov r0, r0)
    9a6c:	e1a00000 	nop			@ (mov r0, r0)
    9a70:	e1a00000 	nop			@ (mov r0, r0)
    9a74:	e1a00000 	nop			@ (mov r0, r0)
    9a78:	e1a00000 	nop			@ (mov r0, r0)
    9a7c:	e1a00000 	nop			@ (mov r0, r0)
    9a80:	e1a00000 	nop			@ (mov r0, r0)
    9a84:	e1a00000 	nop			@ (mov r0, r0)
    9a88:	e1a00000 	nop			@ (mov r0, r0)
    9a8c:	e1a00000 	nop			@ (mov r0, r0)
    9a90:	e1a00000 	nop			@ (mov r0, r0)
    9a94:	e1a00000 	nop			@ (mov r0, r0)
    9a98:	e1a00000 	nop			@ (mov r0, r0)
    9a9c:	e1a00000 	nop			@ (mov r0, r0)
    9aa0:	e1a00000 	nop			@ (mov r0, r0)
    9aa4:	e1a00000 	nop			@ (mov r0, r0)
    9aa8:	e1a00000 	nop			@ (mov r0, r0)
    9aac:	e1a00000 	nop			@ (mov r0, r0)
    9ab0:	e1a00000 	nop			@ (mov r0, r0)
    9ab4:	e1a00000 	nop			@ (mov r0, r0)
    9ab8:	e1a00000 	nop			@ (mov r0, r0)
    9abc:	e1a00000 	nop			@ (mov r0, r0)
    9ac0:	e1a00000 	nop			@ (mov r0, r0)
    9ac4:	e1a00000 	nop			@ (mov r0, r0)
    9ac8:	e1a00000 	nop			@ (mov r0, r0)
    9acc:	e1a00000 	nop			@ (mov r0, r0)
    9ad0:	e1a00000 	nop			@ (mov r0, r0)
    9ad4:	e1a00000 	nop			@ (mov r0, r0)
    9ad8:	e1a00000 	nop			@ (mov r0, r0)
    9adc:	e1a00000 	nop			@ (mov r0, r0)
    9ae0:	e1a00000 	nop			@ (mov r0, r0)
    9ae4:	e1a00000 	nop			@ (mov r0, r0)
    9ae8:	e1a00000 	nop			@ (mov r0, r0)
    9aec:	e1a00000 	nop			@ (mov r0, r0)
    9af0:	e1a00000 	nop			@ (mov r0, r0)
    9af4:	e1a00000 	nop			@ (mov r0, r0)
